Tacles,Tacles,Balles contrées,,,,,,,,,,,,,,,,,,,,,,,
Clt,Joueur,Nation,Pos,Équipe,Comp,Âge,Naissance,90,Tcl,TclR,ZDéf,MilTer,ZOff,Tcl,Att,Tcl%,Manqués,Balles contrées,Tirs,Passe,Int,Tcl+Int,Dég,Err,Matchs
1,Brenden Aaronson,us USA,"MT,AT",Leeds United,eng Premier League,21,2000,26.4,1.70,0.68,0.61,0.83,0.27,0.57,1.74,32.6,1.17,1.63,0.11,1.52,0.19,1.89,0.23,0.04,Matchs
2,Paxten Aaronson,us USA,"MT,DF",Eint Frankfurt,de Bundesliga,18,2003,1.9,3.16,2.63,01.05,01.05,01.05,01.05,1.58,66.7,0.53,01.05,0.53,0.53,0.00,3.16,01.05,0.00,Matchs
3,James Abankwah,ie IRL,DF,Udinese,it Serie A,18,2004,0.7,1.43,1.43,0.00,1.43,0.00,0.00,0.00,,0.00,5.71,2.86,2.86,0.00,1.43,7.14,0.00,Matchs
4,George Abbott,eng ENG,MT,Tottenham,eng Premier League,16,2005,0.0,0,0,0,0,0,0,0,,0,0,0,0,1,1,0,0,Matchs
5,Yunis Abdelhamid,ma MAR,DF,Reims,fr Ligue 1,34,1987,37.0,2.22,1.35,1.27,0.89,0.05,01.05,1.41,75.0,0.35,1.76,0.73,01.03,1.73,3.95,3.14,0.03,Matchs
6,Himad Abdelli,dz ALG,"MT,AT",Angers,fr Ligue 1,22,1999,23.7,2.70,1.60,0.93,1.35,0.42,1.31,2.83,46.3,1.52,1.27,0.04,1.22,1.18,3.88,0.63,0.00,Matchs
7,Salis Abdul Samed,gh GHA,MT,Lens,fr Ligue 1,22,2000,32.2,1.43,0.81,0.56,0.71,0.16,0.90,1.61,55.8,0.71,1.18,0.28,0.90,1.12,2.55,0.81,0.00,Matchs
8,Laurent Abergel,fr FRA,MT,Lorient,fr Ligue 1,29,1993,26.0,3.54,2.00,2.27,1.15,0.12,1.50,3.54,42.4,02.04,1.81,0.31,1.50,1.31,4.85,1.50,0.00,Matchs
9,Oliver Abildgaard,dk DEN,MT,Hellas Verona,it Serie A,26,1996,6.6,1.52,0.91,0.91,0.45,0.15,01.06,2.42,43.8,1.36,01.06,0.15,0.91,0.76,2.27,2.58,0.00,Matchs
10,Matthis Abline,fr FRA,"AT,MT",Auxerre,fr Ligue 1,19,2003,9.0,0.44,0.22,0.00,0.33,0.11,0.00,0.56,0.0,0.56,0.67,0.11,0.56,0.11,0.56,0.11,0.00,Matchs
11,Matthis Abline,fr FRA,"AT,MT",Rennes,fr Ligue 1,19,2003,1.2,0.83,0.83,0.00,0.00,0.83,0.83,0.83,100.0,0.00,0.83,0.00,0.83,1.67,2.50,0.83,0.00,Matchs
12,Abner,br BRA,DF,Betis,es La Liga,22,2000,6.7,1.79,1.34,1.34,0.30,0.15,01.04,2.39,43.8,1.34,1.19,0.30,0.90,1.19,2.99,3.58,0.00,Matchs
13,Zakaria Aboukhlal,ma MAR,"AT,MT",Toulouse,fr Ligue 1,22,2000,27.5,1.20,0.84,0.47,0.33,0.40,0.51,1.64,31.1,1.13,0.65,0.04,0.62,0.80,2.00,0.84,0.00,Matchs
14,Tammy Abraham,eng ENG,AT,Roma,it Serie A,24,1997,24.3,0.70,0.41,0.16,0.33,0.21,0.12,0.66,18.8,0.53,0.41,0.16,0.25,0.12,0.82,0.58,0.00,Matchs
15,Christian Acella,it ITA,MT,Cremonese,it Serie A,20,2002,0.2,5.00,0.00,5.00,0.00,0.00,0.00,10.0,0.0,10.0,0.00,0.00,0.00,0.00,5.00,0.00,0.00,Matchs
16,Francesco Acerbi,it ITA,DF,Inter,it Serie A,34,1988,26.9,1.23,0.71,0.82,0.26,0.15,0.74,1.00,74.1,0.26,0.93,0.67,0.26,1.52,2.75,3.16,0.07,Matchs
17,Álvaro Aceves,es ESP,GB,Valladolid,es La Liga,19,2003,0.1,0.00,0.00,0.00,0.00,0.00,0.00,0.00,,0.00,0.00,0.00,0.00,0.00,0.00,0.00,0.00,Matchs
18,Mohamed Achi,fr FRA,AT,Nantes,fr Ligue 1,20,2002,0.4,2.50,2.50,2.50,0.00,0.00,2.50,2.50,100.0,0.00,0.00,0.00,0.00,0.00,2.50,0.00,0.00,Matchs
19,Marcos Acuña,ar ARG,DF,Sevilla,es La Liga,30,1991,21.2,2.69,1.70,1.60,0.80,0.28,1.42,1.98,71.4,0.57,0.75,0.24,0.52,01.08,3.77,1.70,0.00,Matchs
20,Che Adams,sct SCO,AT,Southampton,eng Premier League,26,1996,22.1,0.77,0.59,0.32,0.36,0.09,0.32,0.54,58.3,0.23,0.59,0.18,0.41,0.18,0.95,1.00,0.00,Matchs
21,Tyler Adams,us USA,MT,Leeds United,eng Premier League,23,1999,24.0,3.71,1.92,1.83,1.46,0.42,02.08,3.21,64.9,1.13,2.00,0.33,1.67,1.46,5.17,1.21,0.00,Matchs
22,Sargis Adamyan,am ARM,"AT,MT",Köln,de Bundesliga,29,1993,7.2,1.94,0.97,0.69,0.42,0.83,0.97,2.36,41.2,1.39,1.67,0.00,1.67,0.56,2.50,0.69,0.00,Matchs
23,Tosin Adarabioyo,eng ENG,DF,Fulham,eng Premier League,24,1997,23.2,1.29,0.56,0.95,0.26,0.09,0.69,0.99,69.6,0.30,0.86,0.65,0.22,1.12,2.41,06.03,0.04,Matchs
24,Martin Adeline,fr FRA,"MT,AT",Reims,fr Ligue 1,18,2003,1.2,2.50,2.50,1.67,0.83,0.00,2.50,3.33,75.0,0.83,2.50,0.83,1.67,2.50,5.00,2.50,0.00,Matchs
25,Karim Adeyemi,de GER,"AT,MT",Dortmund,de Bundesliga,20,2002,15.4,01.04,0.71,0.39,0.39,0.26,0.52,1.95,26.7,1.43,1.17,0.06,1.10,0.45,1.49,0.19,0.00,Matchs
Clt,Joueur,Nation,Pos,Équipe,Comp,Âge,Naissance,90,Tcl,TclR,ZDéf,MilTer,ZOff,Tcl,Att,Tcl%,Manqués,Balles contrées,Tirs,Passe,Int,Tcl+Int,Dég,Err,Matchs
26,Amine Adli,ma MAR,"AT,MT",Leverkusen,de Bundesliga,22,2000,15.9,1.13,0.63,0.25,0.38,0.50,0.31,01.07,29.4,0.75,1.76,0.13,1.64,0.38,1.51,0.44,0.00,Matchs
27,Yacine Adli,fr FRA,"MT,AT",Milan,it Serie A,22,2000,1.6,3.75,1.88,1.25,2.50,0.00,1.25,1.25,100.0,0.00,1.25,0.00,1.25,0.63,4.38,0.63,0.00,Matchs
28,Michel Aebischer,ch SUI,"AT,MT",Bologna,it Serie A,25,1997,17.1,0.70,0.35,0.18,0.35,0.18,0.12,01.05,11.1,0.94,0.82,0.12,0.70,0.41,1.11,0.53,0.00,Matchs
29,Felix Afena-Gyan,gh GHA,"AT,MT",Cremonese,it Serie A,19,2003,9.1,0.77,0.33,0.44,0.11,0.22,0.22,1.10,20.0,0.88,0.55,0.11,0.44,0.11,0.88,0.66,0.00,Matchs
30,Emmanuel Agbadou,ci CIV,DF,Reims,fr Ligue 1,25,1997,26.5,2.68,1.85,2.00,0.60,0.08,1.58,2.45,64.6,0.87,1.13,0.53,0.60,1.21,3.89,04.04,0.11,Matchs
31,Julen Agirrezabala,es ESP,GB,Athletic Club,es La Liga,21,2000,7.5,0.00,0.00,0.00,0.00,0.00,0.00,0.00,,0.00,0.00,0.00,0.00,0.00,0.00,0.27,0.00,Matchs
32,Lucien Agoume,fr FRA,MT,Troyes,fr Ligue 1,20,2002,12.2,3.44,02.05,1.48,1.23,0.74,1.39,2.70,51.5,1.31,1.15,0.41,0.74,2.21,5.66,1.97,0.00,Matchs
33,Felix Agu,de GER,"DF,AT",Werder Bremen,de Bundesliga,22,1999,0.5,2.00,0.00,0.00,2.00,0.00,0.00,0.00,,0.00,2.00,2.00,0.00,0.00,2.00,0.00,0.00,Matchs
34,Álvaro Aguado,es ESP,MT,Valladolid,es La Liga,26,1996,21.0,1.29,0.71,0.62,0.52,0.14,0.71,1.19,60.0,0.48,0.76,0.19,0.57,0.62,1.90,0.71,0.00,Matchs
35,Kevin Agudelo,co COL,"MT,AT",Spezia,it Serie A,23,1998,23.7,3.00,1.60,0.93,1.27,0.80,01.05,2.49,42.4,1.43,1.65,0.21,1.43,0.42,3.42,0.25,0.00,Matchs
36,Nayef Aguerd,ma MAR,DF,West Ham,eng Premier League,26,1996,17.7,1.53,01.02,01.02,0.45,0.06,0.73,1.13,65.0,0.40,1.47,1.36,0.11,01.02,2.54,4.46,0.11,Matchs
37,Ruben Aguilar,fr FRA,DF,Monaco,fr Ligue 1,29,1993,13.0,1.46,0.69,0.54,0.54,0.38,0.62,1.69,36.4,01.08,1.00,0.08,0.92,1.38,2.85,2.15,0.08,Matchs
38,Naouirou Ahamada,fr FRA,"MT,AT",Crystal Palace,eng Premier League,20,2002,1.0,3.00,2.00,3.00,0.00,0.00,1.00,3.00,33.3,2.00,2.00,0.00,2.00,0.00,3.00,0.00,0.00,Matchs
39,Naouirou Ahamada,fr FRA,MT,Stuttgart,de Bundesliga,20,2002,15.5,1.10,0.71,0.45,0.45,0.19,0.52,1.29,40.0,0.77,01.03,0.32,0.71,0.52,1.61,0.45,0.00,Matchs
40,Amar Ahmed,se SWE,AT,Troyes,fr Ligue 1,18,2004,0.2,5.00,5.00,0.00,5.00,0.00,0.00,5.00,0.0,5.00,0.00,0.00,0.00,5.00,10.0,0.00,0.00,Matchs
41,Jean-Eudes Aholou,ci CIV,MT,Strasbourg,fr Ligue 1,28,1994,14.4,2.36,1.39,0.69,1.39,0.28,0.83,2.15,38.7,1.32,1.74,0.00,1.74,1.67,04.03,01.04,0.00,Matchs
42,Joseph Aidoo,gh GHA,DF,Celta Vigo,es La Liga,26,1995,34.7,1.47,01.04,0.95,0.49,0.03,0.46,0.81,57.1,0.35,0.75,0.40,0.35,0.89,2.36,4.32,0.00,Matchs
43,Ola Aina,ng NGA,DF,Torino,it Serie A,25,1996,9.7,1.75,1.34,0.52,0.82,0.41,0.93,1.55,60.0,0.62,1.24,0.21,01.03,1.13,2.89,2.68,0.00,Matchs
44,Rayan Aït Nouri,dz ALG,DF,Wolves,eng Premier League,21,2001,12.0,2.75,1.67,02.08,0.58,0.08,0.75,1.25,60.0,0.50,0.25,0.00,0.25,0.75,3.50,2.33,0.00,Matchs
45,Emanuel Aiwum,at AUT,DF,Cremonese,it Serie A,21,2000,18.4,2.99,1.85,1.96,0.92,0.11,1.79,2.55,70.2,0.76,1.52,0.87,0.65,1.36,4.35,2.83,0.16,Matchs
46,Kristoffer Ajer,no NOR,DF,Brentford,eng Premier League,24,1998,8.5,1.29,0.94,0.59,0.47,0.24,01.06,1.88,56.3,0.82,0.71,0.59,0.12,0.82,2.12,2.59,0.00,Matchs
47,Ludovic Ajorque,fr FRA,AT,Strasbourg,fr Ligue 1,28,1994,8.6,0.58,0.47,0.12,0.47,0.00,0.35,01.05,33.3,0.70,0.35,0.12,0.23,0.23,0.81,0.81,0.00,Matchs
48,Ludovic Ajorque,fr FRA,"AT,MT",Mainz 05,de Bundesliga,28,1994,13.5,0.44,0.37,0.07,0.30,0.07,0.07,0.67,11.1,0.59,0.59,0.15,0.44,0.07,0.52,0.59,0.00,Matchs
49,Manuel Akanji,ch SUI,DF,Manchester City,eng Premier League,27,1995,25.4,1.42,0.98,0.59,0.71,0.12,0.91,1.42,63.9,0.51,01.06,0.35,0.71,0.63,02.05,1.30,0.04,Matchs
50,Nathan Aké,nl NED,DF,Manchester City,eng Premier League,27,1995,20.8,1.25,0.58,0.72,0.43,0.10,0.53,0.72,73.3,0.19,0.96,0.48,0.48,0.96,2.21,2.31,0.00,Matchs
Clt,Joueur,Nation,Pos,Équipe,Comp,Âge,Naissance,90,Tcl,TclR,ZDéf,MilTer,ZOff,Tcl,Att,Tcl%,Manqués,Balles contrées,Tirs,Passe,Int,Tcl+Int,Dég,Err,Matchs
51,Sergio Akieme,es ESP,DF,Almería,es La Liga,24,1997,25.5,01.06,0.63,0.75,0.24,0.08,0.47,0.86,54.5,0.39,0.86,0.24,0.63,0.55,1.61,1.61,0.00,Matchs
52,Babatunde Akinsola,ng NGA,AT,Valladolid,es La Liga,19,2003,0.1,10.0,10.0,0.00,0.00,10.0,0.00,0.00,,0.00,0.00,0.00,0.00,0.00,10.0,0.00,0.00,Matchs
53,Maghnes Akliouche,fr FRA,"MT,AT",Monaco,fr Ligue 1,20,2002,4.5,1.56,0.89,0.89,0.67,0.00,0.44,1.78,25.0,1.33,0.44,0.00,0.44,0.67,2.22,0.44,0.00,Matchs
54,Paul Akouokou,ci CIV,"MT,DF",Betis,es La Liga,24,1997,5.0,3.20,1.80,2.60,0.60,0.00,2.60,4.00,65.0,1.40,0.40,0.40,0.00,2.40,5.60,3.40,0.20,Matchs
55,Jean-Daniel Akpa-Akpro,ci CIV,"MT,AT",Empoli,it Serie A,29,1992,15.1,3.51,2.45,1.66,1.26,0.60,1.52,2.78,54.8,1.26,2.32,0.26,02.05,0.86,4.37,1.79,0.00,Matchs
56,Kevin Akpoguma,ng NGA,DF,Hoffenheim,de Bundesliga,27,1995,21.7,3.46,02.03,02.07,1.24,0.14,1.47,02.07,71.1,0.60,02.07,0.74,1.34,1.11,4.56,3.23,0.05,Matchs
57,David Alaba,at AUT,DF,Real Madrid,es La Liga,30,1992,20.4,0.74,0.54,0.39,0.20,0.15,0.44,0.74,60.0,0.29,0.88,0.44,0.44,0.69,1.42,1.81,0.05,Matchs
58,Ángel Alarcón,es ESP,AT,Barcelona,es La Liga,18,2004,0.3,,0.00,,,,,,,,,,,0.00,,,,Matchs
59,Tomás Alarcón,cl CHI,MT,Cádiz,es La Liga,23,1999,2.5,1.20,0.80,0.00,0.80,0.40,0.40,0.80,50.0,0.40,0.40,0.00,0.40,0.80,2.00,0.80,0.00,Matchs
60,Lucas Alario,ar ARG,"AT,MT",Eint Frankfurt,de Bundesliga,29,1992,3.7,0.81,0.54,0.27,0.00,0.54,0.00,0.27,0.0,0.27,0.00,0.00,0.00,0.54,1.35,3.51,0.00,Matchs
61,Jordi Alba,es ESP,DF,Barcelona,es La Liga,33,1989,15.8,1.58,1.14,0.82,0.70,0.06,0.76,1.77,42.9,01.01,0.76,0.32,0.44,0.70,2.28,1.46,0.00,Matchs
62,Luis Alberto,es ESP,MT,Lazio,it Serie A,29,1992,27.1,1.81,01.07,0.66,0.74,0.41,0.85,2.66,31.9,1.81,1.29,0.22,01.07,0.33,2.14,0.15,0.00,Matchs
63,Raúl Albiol,es ESP,DF,Villarreal,es La Liga,36,1985,23.5,01.06,0.72,0.72,0.26,0.09,0.60,0.77,77.8,0.17,0.72,0.55,0.17,0.60,1.66,4.72,0.00,Matchs
64,Marc Albrighton,eng ENG,"AT,MT",Leicester City,eng Premier League,32,1989,2.6,1.54,0.38,0.00,0.77,0.77,0.38,03.08,12.5,2.69,2.31,0.77,1.54,0.38,1.92,1.92,0.00,Matchs
65,Thiago Alcántara,es ESP,MT,Liverpool,eng Premier League,31,1991,13.9,03.09,1.73,1.44,1.51,0.14,01.01,1.65,60.9,0.65,01.08,0.22,0.86,1.51,4.60,0.94,0.14,Matchs
66,Carlos Alcaraz,ar ARG,"MT,AT",Southampton,eng Premier League,19,2002,11.4,0.88,0.44,0.18,0.61,0.09,0.53,1.93,27.3,1.40,1.23,0.44,0.79,0.09,0.96,0.96,0.00,Matchs
67,Rubén Alcaraz,es ESP,MT,Cádiz,es La Liga,31,1991,22.7,1.89,1.37,01.06,0.79,0.04,0.84,2.38,35.2,1.54,01.01,0.35,0.66,0.84,2.73,1.63,0.00,Matchs
68,Omar Alderete,py PAR,DF,Getafe,es La Liga,25,1996,22.7,1.54,0.88,0.93,0.62,0.00,1.23,1.76,70.0,0.53,01.01,0.70,0.31,1.15,2.69,3.74,0.00,Matchs
69,Iván Alejo,es ESP,"MT,AT",Cádiz,es La Liga,27,1995,14.6,2.19,1.44,1.30,0.62,0.27,1.16,2.53,45.9,1.37,1.23,0.21,01.03,0.34,2.53,0.82,0.07,Matchs
70,Doğan Alemdar,tr TUR,GB,Rennes,fr Ligue 1,19,2002,4.5,0.00,0.00,0.00,0.00,0.00,0.00,0.00,,0.00,0.00,0.00,0.00,0.00,0.00,0.22,0.22,Matchs
71,Carles Aleñá,es ESP,"MT,AT",Getafe,es La Liga,24,1998,23.5,0.77,0.43,0.30,0.21,0.26,0.21,1.45,14.7,1.23,0.81,0.04,0.77,0.17,0.94,0.77,0.00,Matchs
72,Trent Alexander-Arnold,eng ENG,DF,Liverpool,eng Premier League,23,1998,32.5,1.75,1.23,0.98,0.49,0.28,1.29,2.43,53.2,1.14,0.77,0.22,0.55,1.32,03.08,1.26,0.06,Matchs
73,Alejandro Alfaro,es ESP,MT,Elche,es La Liga,20,2002,0.2,0.00,0.00,0.00,0.00,0.00,0.00,0.00,,0.00,0.00,0.00,0.00,0.00,0.00,0.00,0.00,Matchs
74,Ángel Algobia,es ESP,MT,Getafe,es La Liga,23,1999,12.6,2.14,01.03,1.11,01.03,0.00,1.75,3.81,45.8,02.06,1.19,0.40,0.79,0.24,2.38,0.87,0.00,Matchs
75,Mohamed Ali Cho,fr FRA,"AT,MT",Real Sociedad,es La Liga,18,2004,6.5,2.00,1.54,0.92,0.77,0.31,0.62,1.54,40.0,0.92,1.38,0.00,1.38,0.31,2.31,0.31,0.00,Matchs
Clt,Joueur,Nation,Pos,Équipe,Comp,Âge,Naissance,90,Tcl,TclR,ZDéf,MilTer,ZOff,Tcl,Att,Tcl%,Manqués,Balles contrées,Tirs,Passe,Int,Tcl+Int,Dég,Err,Matchs
76,Faride Alidou,de GER,"DF,MT",Eint Frankfurt,de Bundesliga,21,2001,2.0,4.00,2.50,1.50,2.00,0.50,1.50,4.50,33.3,3.00,1.50,0.00,1.50,0.50,4.50,1.50,0.00,Matchs
77,Alisson,br BRA,GB,Liverpool,eng Premier League,29,1992,37.0,0.00,0.00,0.00,0.00,0.00,0.00,0.08,0.0,0.08,0.08,0.00,0.08,0.00,0.00,0.54,0.00,Matchs
78,Jim Allevinah,ga GAB,"DF,AT",Clermont Foot,fr Ligue 1,27,1995,24.9,1.57,0.96,0.96,0.44,0.16,0.76,2.49,30.6,1.73,0.96,0.08,0.88,0.96,2.53,01.04,0.04,Matchs
79,Dele Alli,eng ENG,MT,Everton,eng Premier League,26,1996,0.4,0.00,0.00,0.00,0.00,0.00,0.00,0.00,,0.00,0.00,0.00,0.00,0.00,0.00,0.00,0.00,Matchs
80,Domingos André Ribeiro Almeida,pt POR,MT,Valencia,es La Liga,22,2000,28.2,2.34,1.49,0.82,1.13,0.39,0.92,02.02,45.6,1.10,0.92,0.00,0.92,0.71,03.05,0.57,0.04,Matchs
81,Miguel Almirón,py PAR,AT,Newcastle Utd,eng Premier League,28,1994,27.7,1.66,01.08,0.58,0.69,0.40,0.65,1.52,42.9,0.87,0.90,0.07,0.83,0.36,02.02,0.61,0.00,Matchs
82,Marcos Alonso,es ESP,DF,Barcelona,es La Liga,31,1990,13.0,1.15,0.77,0.77,0.38,0.00,0.69,0.92,75.0,0.23,01.08,0.77,0.31,0.85,2.00,2.46,0.00,Matchs
83,Mickaël Alphonse,gp GLP,DF,Ajaccio,fr Ligue 1,33,1989,15.1,2.32,1.52,1.32,0.73,0.26,1.32,2.19,60.6,0.86,1.13,0.33,0.79,2.32,4.64,2.91,0.07,Matchs
84,Éder Álvarez Balanta,co COL,"MT,AT",Schalke 04,de Bundesliga,29,1993,2.6,1.92,1.54,0.77,1.15,0.00,0.77,2.31,33.3,1.54,0.00,0.00,0.00,1.15,03.08,1.54,0.00,Matchs
85,Carlos Álvarez,es ESP,MT,Sevilla,es La Liga,18,2003,0.1,10.0,10.0,0.00,10.0,0.00,0.00,0.00,,0.00,0.00,0.00,0.00,0.00,10.0,0.00,0.00,Matchs
86,Gastón Álvarez,uy URU,DF,Getafe,es La Liga,22,2000,16.7,2.28,1.80,1.44,0.54,0.30,1.38,2.51,54.8,1.14,0.90,0.30,0.60,0.90,3.17,2.10,0.00,Matchs
87,Julián Álvarez,ar ARG,"AT,MT",Manchester City,eng Premier League,22,2000,16.3,1.60,0.98,0.18,0.80,0.61,0.55,1.84,30.0,1.29,0.80,0.00,0.80,0.12,1.72,0.37,0.00,Matchs
88,Agustín Álvarez Martínez,uy URU,"AT,MT",Sassuolo,it Serie A,21,2001,4.1,1.46,0.73,0.00,1.22,0.24,0.24,0.98,25.0,0.73,1.22,0.24,0.98,0.73,2.20,0.73,0.00,Matchs
89,Yeray Álvarez,es ESP,DF,Athletic Club,es La Liga,27,1995,25.9,1.31,0.89,1.00,0.27,0.04,0.93,1.20,77.4,0.27,0.89,0.50,0.39,1.85,3.17,3.90,0.00,Matchs
90,Ibrahim Amadou,fr FRA,"DF,MT",Angers,fr Ligue 1,29,1993,4.7,2.13,1.49,1.28,0.64,0.21,1.49,2.34,63.6,0.85,1.49,0.64,0.85,2.13,4.26,4.26,0.00,Matchs
91,Selim Amallah,ma MAR,"MT,AT",Valladolid,es La Liga,25,1996,3.0,5.00,3.00,2.33,2.67,0.00,1.67,2.67,62.5,1.00,0.67,0.00,0.67,1.67,6.67,0.67,0.00,Matchs
92,Daniel Amartey,gh GHA,DF,Leicester City,eng Premier League,27,1994,17.9,01.06,0.45,0.73,0.28,0.06,0.67,0.78,85.7,0.11,1.34,0.95,0.39,0.45,1.51,3.97,0.00,Matchs
93,Amath,sn SEN,"MT,AT",Mallorca,es La Liga,26,1996,13.6,2.13,1.40,01.03,0.59,0.51,01.03,1.62,63.6,0.59,0.96,0.07,0.88,0.37,2.50,0.37,0.00,Matchs
94,Jordan Amavi,fr FRA,DF,Getafe,es La Liga,28,1994,2.2,1.36,0.91,1.36,0.00,0.00,0.45,1.36,33.3,0.91,1.36,0.00,1.36,1.82,3.18,3.18,0.00,Matchs
95,Lukáš Ambros,cz CZE,MT,Wolfsburg,de Bundesliga,18,2004,0.2,5.00,0.00,5.00,0.00,0.00,5.00,20.0,25.0,15.0,5.00,0.00,5.00,0.00,5.00,10.0,5.00,Matchs
96,Kelvin Amian,fr FRA,DF,Spezia,it Serie A,24,1998,26.4,02.05,1.21,1.25,0.45,0.34,0.91,1.17,77.4,0.27,1.29,0.45,0.83,0.83,2.88,3.30,0.04,Matchs
97,Bruno Amione,ar ARG,DF,Hellas Verona,it Serie A,20,2002,0.6,1.67,1.67,1.67,0.00,0.00,1.67,3.33,50.0,1.67,1.67,0.00,1.67,0.00,1.67,6.67,0.00,Matchs
98,Bruno Amione,ar ARG,DF,Sampdoria,it Serie A,20,2002,23.2,2.16,1.42,1.55,0.60,0.00,0.82,1.85,44.2,01.03,1.12,0.47,0.65,01.08,3.23,2.67,0.04,Matchs
99,Nadiem Amiri,de GER,"MT,AT",Leverkusen,de Bundesliga,25,1996,10.9,1.38,0.55,0.46,0.73,0.18,0.83,1.83,45.0,01.01,1.10,0.09,01.01,0.55,1.93,0.92,0.18,Matchs
100,Samuel Amo-Ameyaw,eng ENG,MT,Southampton,eng Premier League,16,2006,0.0,0,0,0,0,0,0,1,0.0,1,0,0,0,0,0,0,0,Matchs
Clt,Joueur,Nation,Pos,Équipe,Comp,Âge,Naissance,90,Tcl,TclR,ZDéf,MilTer,ZOff,Tcl,Att,Tcl%,Manqués,Balles contrées,Tirs,Passe,Int,Tcl+Int,Dég,Err,Matchs
101,Ethan Ampadu,wls WAL,"DF,MT",Spezia,it Serie A,21,2000,29.3,2.25,1.26,1.13,0.96,0.17,0.58,1.40,41.5,0.82,1.64,0.78,0.85,1.23,3.48,3.34,0.00,Matchs
102,Sofyan Amrabat,ma MAR,MT,Fiorentina,it Serie A,25,1996,22.2,1.76,01.08,0.68,0.77,0.32,0.72,1.31,55.2,0.59,01.04,0.23,0.81,0.95,2.70,0.81,0.09,Matchs
103,Ayoub Amraoui,ma MAR,"DF,AT",Nice,fr Ligue 1,18,2004,3.3,1.82,1.52,0.91,0.91,0.00,0.61,1.52,40.0,0.91,0.30,0.00,0.30,1.21,03.03,1.21,0.00,Matchs
104,Joachim Andersen,dk DEN,DF,Crystal Palace,eng Premier League,26,1996,30.9,1.36,0.71,0.97,0.39,0.00,0.52,01.04,50.0,0.52,0.91,0.42,0.49,0.78,2.14,06.08,0.03,Matchs
105,Elliot Anderson,sct SCO,"MT,AT",Newcastle Utd,eng Premier League,19,2002,4.6,2.39,01.09,01.09,0.65,0.65,1.30,2.61,50.0,1.30,2.39,0.43,1.96,1.30,3.70,0.43,0.00,Matchs
106,Felipe Anderson,br BRA,AT,Lazio,it Serie A,29,1993,32.9,2.43,1.52,0.94,1.25,0.24,0.94,2.67,35.2,1.73,1.76,0.18,1.58,0.94,3.37,0.82,0.00,Matchs
107,Benjamin André,fr FRA,MT,Lille,fr Ligue 1,31,1990,32.4,3.95,2.28,1.57,1.85,0.52,02.01,3.73,53.7,1.73,1.54,0.25,1.30,1.45,5.40,1.85,0.00,Matchs
108,Marcos André,br BRA,"AT,MT",Valencia,es La Liga,25,1996,5.0,0.80,0.20,0.20,0.20,0.40,0.20,0.40,50.0,0.20,0.80,0.20,0.60,0.00,0.80,0.00,0.00,Matchs
109,Komnen Andrić,rs SRB,AT,Clermont Foot,fr Ligue 1,27,1995,16.1,0.81,0.31,0.12,0.43,0.25,0.12,0.93,13.3,0.81,0.50,0.06,0.43,0.50,1.30,0.81,0.00,Matchs
110,Robert Andrich,de GER,MT,Leverkusen,de Bundesliga,27,1994,26.7,2.28,1.42,1.12,01.01,0.15,0.97,1.69,57.8,0.71,01.01,0.34,0.67,1.57,3.86,02.06,0.07,Matchs
111,Angeliño,es ESP,DF,Hoffenheim,de Bundesliga,25,1997,29.1,1.37,0.82,0.65,0.62,0.10,0.79,1.27,62.2,0.48,1.10,0.21,0.89,0.86,2.23,2.30,0.00,Matchs
112,Fabrizio Angileri,ar ARG,DF,Getafe,es La Liga,28,1994,6.5,1.85,1.38,1.23,0.46,0.15,1.54,2.62,58.8,01.08,1.23,0.46,0.77,01.08,2.92,1.54,0.00,Matchs
113,Jaidon Anthony,eng ENG,"MT,AT",Bournemouth,eng Premier League,22,1999,14.0,2.14,1.21,01.07,0.64,0.43,0.57,1.71,33.3,1.14,2.14,0.21,1.93,0.71,2.86,1.36,0.00,Matchs
114,Janis Antiste,fr FRA,AT,Sassuolo,it Serie A,19,2002,0.6,1.67,0.00,1.67,0.00,0.00,1.67,1.67,100.0,0.00,0.00,0.00,0.00,0.00,1.67,0.00,0.00,Matchs
115,Waldemar Anton,de GER,DF,Stuttgart,de Bundesliga,26,1996,32.6,1.50,0.83,0.83,0.58,0.09,0.83,1.56,52.9,0.74,1.35,0.49,0.86,1.17,2.67,3.77,0.06,Matchs
116,Josep Antoni Gayá,es ESP,"DF,MT",Mallorca,es La Liga,22,2000,1.1,0.00,0.00,0.00,0.00,0.00,0.00,0.00,,0.00,3.64,1.82,1.82,0.91,0.91,5.45,0.00,Matchs
117,José Antonio,es ESP,"MT,DF",Cádiz,es La Liga,18,2004,0.5,4.00,2.00,0.00,0.00,4.00,0.00,0.00,,0.00,0.00,0.00,0.00,0.00,4.00,0.00,0.00,Matchs
118,Marcos Antônio,br BRA,MT,Lazio,it Serie A,22,2000,6.6,1.36,0.91,0.61,0.76,0.00,1.36,03.03,45.0,1.67,01.06,0.30,0.76,1.67,03.03,2.73,0.00,Matchs
119,Michail Antonio,jm JAM,AT,West Ham,eng Premier League,32,1990,20.3,0.69,0.34,0.05,0.39,0.25,0.15,0.59,25.0,0.44,0.64,0.25,0.39,0.25,0.94,0.44,0.00,Matchs
120,Antony,br BRA,AT,Manchester Utd,eng Premier League,22,2000,20.0,1.10,0.45,0.45,0.45,0.20,0.40,1.40,28.6,1.00,0.90,0.00,0.90,0.55,1.65,0.30,0.00,Matchs
121,Valentin Antov,bg BUL,DF,Monza,it Serie A,21,2000,3.4,1.76,1.47,0.88,0.88,0.00,0.29,1.47,20.0,1.18,1.47,1.18,0.29,1.18,2.94,4.12,0.29,Matchs
122,Christopher Antwi-Adjei,gh GHA,"AT,MT",Bochum,de Bundesliga,28,1994,22.0,01.05,0.68,0.32,0.36,0.36,0.45,1.32,34.5,0.86,0.77,0.00,0.77,0.23,1.27,0.73,0.00,Matchs
123,Anuar,ma MAR,"MT,AT",Valladolid,es La Liga,27,1995,2.3,1.74,1.74,0.00,0.43,1.30,0.00,0.00,,0.00,2.17,0.87,1.30,1.30,03.04,1.30,0.00,Matchs
124,Houssem Aouar,dz ALG,MT,Lyon,fr Ligue 1,24,1998,5.8,02.07,0.86,0.86,0.86,0.34,0.52,1.55,33.3,01.03,02.07,0.34,1.72,1.38,3.45,0.52,0.00,Matchs
125,Adil Aouchiche,fr FRA,MT,Lorient,fr Ligue 1,20,2002,2.8,1.79,0.71,01.07,0.36,0.36,0.36,3.21,11.1,2.86,0.36,0.00,0.36,1.43,3.21,0.36,0.00,Matchs
Clt,Joueur,Nation,Pos,Équipe,Comp,Âge,Naissance,90,Tcl,TclR,ZDéf,MilTer,ZOff,Tcl,Att,Tcl%,Manqués,Balles contrées,Tirs,Passe,Int,Tcl+Int,Dég,Err,Matchs
126,Dennis Appiah,fr FRA,"DF,MT",Nantes,fr Ligue 1,30,1992,8.8,2.39,1.25,1.59,0.80,0.00,1.14,03.07,37.0,1.93,1.48,0.57,0.91,1.14,3.52,1.82,0.00,Matchs
127,Stredair Appuah,fr FRA,"DF,MT",Nantes,fr Ligue 1,18,2004,0.7,2.86,1.43,0.00,2.86,0.00,0.00,0.00,,0.00,2.86,0.00,2.86,1.43,4.29,0.00,0.00,Matchs
128,Mauro Arambarri,uy URU,MT,Getafe,es La Liga,26,1995,11.0,1.27,0.55,0.82,0.36,0.09,0.27,1.55,17.6,1.27,1.55,0.45,01.09,1.27,2.55,1.73,0.00,Matchs
129,Charles Aránguiz,cl CHI,MT,Leverkusen,de Bundesliga,33,1989,5.5,03.09,1.27,1.27,1.82,0.00,2.18,3.64,60.0,1.45,0.73,0.00,0.73,1.27,4.36,0.73,0.00,Matchs
130,Ronald Araújo,uy URU,DF,Barcelona,es La Liga,23,1999,20.0,1.30,0.90,0.60,0.65,0.05,0.30,0.45,66.7,0.15,0.75,0.35,0.40,0.60,1.90,02.05,0.05,Matchs
131,Cameron Archer,eng ENG,"AT,MT",Aston Villa,eng Premier League,21,2001,0.5,0.00,0.00,0.00,0.00,0.00,0.00,0.00,,0.00,0.00,0.00,0.00,0.00,0.00,0.00,0.00,Matchs
132,Taïryk Arconte,fr FRA,AT,Brest,fr Ligue 1,18,2003,1.4,0.71,0.71,0.00,0.00,0.71,0.00,2.14,0.0,2.14,0.71,0.00,0.71,0.00,0.71,1.43,0.00,Matchs
133,Alphonse Areola,fr FRA,GB,West Ham,eng Premier League,29,1993,3.4,0.00,0.00,0.00,0.00,0.00,0.00,0.00,,0.00,0.00,0.00,0.00,0.00,0.00,0.00,0.00,Matchs
134,Adu Ares,es ESP,"AT,MT",Athletic Club,es La Liga,20,2001,0.9,4.44,2.22,2.22,1.11,1.11,4.44,4.44,100.0,0.00,1.11,0.00,1.11,2.22,6.67,1.11,0.00,Matchs
135,Joe Aribo,ng NGA,"MT,AT",Southampton,eng Premier League,26,1996,13.6,2.28,1.47,1.10,0.88,0.29,0.81,1.47,55.0,0.66,01.03,0.07,0.96,0.74,03.01,0.81,0.00,Matchs
136,Adam Armstrong,eng ENG,"AT,MT",Southampton,eng Premier League,25,1997,14.8,0.95,0.61,0.41,0.34,0.20,0.20,0.68,30.0,0.47,01.01,0.20,0.81,0.34,1.28,0.41,0.00,Matchs
137,Stuart Armstrong,sct SCO,"MT,AT",Southampton,eng Premier League,30,1992,15.6,02.05,1.35,0.96,0.83,0.26,0.90,2.50,35.9,1.60,1.15,0.00,1.15,0.64,2.69,0.58,0.13,Matchs
138,Marko Arnautović,at AUT,AT,Bologna,it Serie A,33,1989,17.0,0.53,0.35,0.12,0.29,0.12,0.06,0.35,16.7,0.29,0.65,0.06,0.59,0.12,0.65,0.59,0.00,Matchs
139,Maximilian Arnold,de GER,MT,Wolfsburg,de Bundesliga,28,1994,30.7,02.02,01.01,0.81,0.91,0.29,0.91,1.76,51.9,0.85,1.11,0.36,0.75,0.85,2.87,2.12,0.07,Matchs
140,Mohamed El Arouch,fr FRA,MT,Lyon,fr Ligue 1,18,2004,0.0,1,1,1,0,0,0,0,,0,0,0,0,0,1,0,0,Matchs
141,Sergio Arribas,es ESP,"MT,AT",Real Madrid,es La Liga,20,2001,0.2,0.00,0.00,0.00,0.00,0.00,0.00,0.00,,0.00,5.00,0.00,5.00,0.00,0.00,0.00,0.00,Matchs
142,Kepa Arrizabalaga,es ESP,GB,Chelsea,eng Premier League,27,1994,28.5,0.07,0.07,0.07,0.00,0.00,0.07,0.11,66.7,0.04,0.00,0.00,0.00,0.04,0.11,0.56,0.07,Matchs
143,Roberto Arroyo,es ESP,MT,Valladolid,es La Liga,18,2003,0.2,5.00,5.00,0.00,5.00,0.00,5.00,5.00,100.0,0.00,0.00,0.00,0.00,0.00,5.00,0.00,0.00,Matchs
144,Tolgay Arslan,de GER,MT,Udinese,it Serie A,31,1990,13.5,2.15,1.33,0.96,1.11,0.07,01.04,2.89,35.9,1.85,1.41,0.00,1.41,0.89,03.04,0.67,0.07,Matchs
145,Ricard Artero,es ESP,"MT,AT",Girona,es La Liga,19,2003,1.5,2.00,2.00,1.33,0.67,0.00,0.67,0.67,100.0,0.00,1.33,0.00,1.33,0.67,2.67,2.00,0.00,Matchs
146,Arthur,br BRA,AT,Fiorentina,it Serie A,24,1998,15.9,0.57,0.13,0.06,0.25,0.25,0.25,0.50,50.0,0.25,0.63,0.06,0.57,0.06,0.63,0.75,0.00,Matchs
147,Santiago Arzamendia,py PAR,"DF,MT",Cádiz,es La Liga,24,1998,5.4,1.67,1.48,1.30,0.19,0.19,1.11,3.89,28.6,2.78,02.04,0.19,1.85,0.37,02.04,2.78,0.19,Matchs
148,Takuma Asano,jp JPN,"AT,MT",Bochum,de Bundesliga,27,1994,19.0,0.74,0.47,0.21,0.21,0.32,0.37,0.84,43.8,0.47,0.89,0.05,0.84,0.42,1.16,0.42,0.00,Matchs
149,Santiago Ascacíbar,ar ARG,MT,Cremonese,it Serie A,25,1997,8.1,3.58,1.73,2.10,1.23,0.25,1.73,4.32,40.0,2.59,1.73,0.25,1.48,1.60,5.19,1.36,0.00,Matchs
150,Sergio Asenjo,es ESP,GB,Valladolid,es La Liga,33,1989,10.0,0.00,0.00,0.00,0.00,0.00,0.00,0.00,,0.00,0.00,0.00,0.00,0.00,0.00,1.00,0.20,Matchs
Clt,Joueur,Nation,Pos,Équipe,Comp,Âge,Naissance,90,Tcl,TclR,ZDéf,MilTer,ZOff,Tcl,Att,Tcl%,Manqués,Balles contrées,Tirs,Passe,Int,Tcl+Int,Dég,Err,Matchs
151,Marco Asensio,es ESP,"AT,MT",Real Madrid,es La Liga,26,1996,16.0,1.00,0.63,0.50,0.38,0.13,0.50,1.19,42.1,0.69,0.50,0.19,0.31,0.31,1.31,0.25,0.00,Matchs
152,Kristoffer Askildsen,no NOR,MT,Lecce,it Serie A,21,2001,8.1,0.86,0.37,0.25,0.37,0.25,0.49,1.23,40.0,0.74,1.85,0.49,1.36,1.36,2.22,0.74,0.00,Matchs
153,Fisnik Asllani,xk KVX,AT,Hoffenheim,de Bundesliga,19,2002,1.9,0.00,0.00,0.00,0.00,0.00,0.00,2.11,0.0,2.11,01.05,0.00,01.05,1.58,1.58,1.58,0.00,Matchs
154,Kristjan Asllani,al ALB,MT,Inter,it Serie A,20,2002,6.6,1.67,0.76,0.15,1.21,0.30,01.06,1.52,70.0,0.45,0.45,0.15,0.30,0.91,2.58,0.61,0.00,Matchs
155,Iago Aspas,es ESP,AT,Celta Vigo,es La Liga,34,1987,31.9,0.25,0.13,0.00,0.13,0.13,0.09,0.69,13.6,0.60,0.31,0.03,0.28,0.22,0.47,0.72,0.00,Matchs
156,Lorenz Assignon,tg TOG,DF,Rennes,fr Ligue 1,22,2000,2.9,02.07,0.69,1.38,0.69,0.00,0.69,1.38,50.0,0.69,02.07,0.00,02.07,0.69,2.76,3.10,0.00,Matchs
157,Youcef Atal,dz ALG,"DF,MT",Nice,fr Ligue 1,26,1996,8.7,4.37,2.53,02.07,1.72,0.57,2.64,3.68,71.9,01.03,01.03,0.00,01.03,1.61,5.98,1.49,0.00,Matchs
158,Valentin Atangana Edoa,fr FRA,MT,Reims,fr Ligue 1,16,2005,1.9,4.21,1.58,2.11,01.05,01.05,1.58,3.16,50.0,1.58,01.05,0.53,0.53,0.00,4.21,0.53,0.00,Matchs
159,Pierre-Emerick Aubameyang,ga GAB,AT,Chelsea,eng Premier League,33,1989,6.2,0.16,0.00,0.16,0.00,0.00,0.00,0.16,0.0,0.16,0.32,0.00,0.32,0.32,0.48,0.65,0.32,Matchs
160,Pierre-Emerick Aubameyang,ga GAB,AT,Barcelona,es La Liga,33,1989,0.1,0.00,0.00,0.00,0.00,0.00,0.00,0.00,,0.00,0.00,0.00,0.00,0.00,0.00,0.00,0.00,Matchs
161,Emil Audero,it ITA,GB,Sampdoria,it Serie A,25,1997,25.0,0.00,0.00,0.00,0.00,0.00,0.00,0.08,0.0,0.08,0.00,0.00,0.00,0.00,0.00,0.28,0.04,Matchs
162,Tommaso Augello,it ITA,DF,Sampdoria,it Serie A,27,1994,34.0,0.50,0.41,0.38,0.06,0.06,0.26,0.59,45.0,0.32,0.68,0.21,0.47,0.50,1.00,1.79,0.03,Matchs
163,Ludwig Augustinsson,se SWE,DF,Aston Villa,eng Premier League,28,1994,0.9,1.11,1.11,1.11,0.00,0.00,0.00,0.00,,0.00,0.00,0.00,0.00,0.00,1.11,1.11,0.00,Matchs
164,Ludwig Augustinsson,se SWE,DF,Mallorca,es La Liga,28,1994,1.5,1.33,0.67,1.33,0.00,0.00,0.67,2.00,33.3,1.33,0.67,0.00,0.67,0.67,2.00,2.00,0.00,Matchs
165,Serge Aurier,ci CIV,DF,Nott'ham Forest,eng Premier League,29,1992,21.6,2.96,1.90,1.90,0.83,0.23,01.06,1.53,69.7,0.46,1.57,0.51,01.06,1.34,4.31,3.47,0.00,Matchs
166,Mathias Autret,fr FRA,"MT,AT",Auxerre,fr Ligue 1,31,1991,14.3,1.54,0.70,0.70,0.70,0.14,0.49,1.12,43.8,0.63,0.98,0.14,0.84,0.84,2.38,0.91,0.00,Matchs
167,Ezequiel Ávila,ar ARG,"AT,MT",Osasuna,es La Liga,28,1994,19.0,0.42,0.26,0.11,0.21,0.11,0.32,1.21,26.1,0.89,0.63,0.05,0.58,0.42,0.84,0.84,0.00,Matchs
168,Cédric Avinel,gp GLP,DF,Ajaccio,fr Ligue 1,35,1986,19.9,0.65,0.35,0.40,0.25,0.00,0.40,0.60,66.7,0.20,01.01,0.65,0.35,0.75,1.41,4.57,0.05,Matchs
169,Taiwo Awoniyi,ng NGA,AT,Nott'ham Forest,eng Premier League,24,1997,15.6,01.09,0.64,0.13,0.64,0.32,0.38,0.64,60.0,0.26,1.15,0.26,0.90,0.26,1.35,1.28,0.00,Matchs
170,Yasin Ayari,se SWE,MT,Brighton,eng Premier League,18,2003,0.7,2.86,2.86,1.43,1.43,0.00,0.00,5.71,0.0,5.71,1.43,0.00,1.43,0.00,2.86,0.00,0.00,Matchs
171,Mehmet Aydin,de GER,"DF,AT",Schalke 04,de Bundesliga,20,2002,6.3,3.97,2.86,2.22,1.43,0.32,1.75,3.81,45.8,02.06,1.75,0.00,1.75,1.59,5.56,2.38,0.00,Matchs
172,André Ayew,gh GHA,"AT,MT",Nott'ham Forest,eng Premier League,32,1989,3.5,1.43,0.86,0.00,1.14,0.29,0.57,1.14,50.0,0.57,1.71,0.29,1.43,0.00,1.43,2.00,0.00,Matchs
173,Jordan Ayew,gh GHA,"AT,MT",Crystal Palace,eng Premier League,30,1991,30.2,2.19,1.36,0.76,0.66,0.76,0.70,1.75,39.6,01.06,1.16,0.13,01.03,0.50,2.68,01.03,0.00,Matchs
174,Kaan Ayhan,tr TUR,DF,Sassuolo,it Serie A,27,1994,6.1,1.64,0.66,0.98,0.66,0.00,1.15,1.15,100.0,0.00,0.82,0.66,0.16,0.82,2.46,4.26,0.16,Matchs
175,Luke Ayling,eng ENG,DF,Leeds United,eng Premier League,30,1991,22.8,2.89,1.62,1.84,0.66,0.39,1.84,3.73,49.4,1.89,1.49,0.48,01.01,1.14,04.04,2.28,0.09,Matchs
Clt,Joueur,Nation,Pos,Équipe,Comp,Âge,Naissance,90,Tcl,TclR,ZDéf,MilTer,ZOff,Tcl,Att,Tcl%,Manqués,Balles contrées,Tirs,Passe,Int,Tcl+Int,Dég,Err,Matchs
176,Ayman Azhil,ma MAR,MT,Leverkusen,de Bundesliga,21,2001,0.0,0,0,0,0,0,0,0,,0,0,0,0,0,0,0,0,Matchs
177,Sardar Azmoun,ir IRN,"AT,MT",Leverkusen,de Bundesliga,27,1995,10.3,0.58,0.29,0.10,0.39,0.10,0.10,0.68,14.3,0.58,0.39,0.00,0.39,0.19,0.78,1.36,0.00,Matchs
178,César Azpilicueta,es ESP,DF,Chelsea,eng Premier League,32,1989,17.0,2.53,1.47,1.35,0.88,0.29,1.29,2.18,59.5,0.88,1.53,0.29,1.24,1.12,3.65,3.18,0.06,Matchs
179,Sanoussy Ba,de GER,DF,RB Leipzig,de Bundesliga,18,2004,0.0,0,0,0,0,0,0,0,,0,0,0,0,0,0,0,0,Matchs
180,Iddrisu Baba,gh GHA,"MT,DF",Mallorca,es La Liga,26,1996,18.9,1.64,0.90,0.79,0.85,0.00,0.79,1.69,46.9,0.90,0.95,0.42,0.53,0.58,2.22,02.06,0.00,Matchs
181,Srđan Babić,rs SRB,DF,Almería,es La Liga,26,1996,33.3,0.84,0.54,0.60,0.24,0.00,0.45,0.96,46.9,0.51,01.02,0.66,0.36,0.87,1.71,3.72,0.03,Matchs
182,Loïc Bade,fr FRA,DF,Sevilla,es La Liga,22,2000,16.1,1.68,1.24,1.43,0.19,0.06,01.06,1.86,56.7,0.81,1.30,0.81,0.50,1.43,3.11,4.78,0.00,Matchs
183,Loïc Bade,fr FRA,DF,Rennes,fr Ligue 1,22,2000,1.0,1.00,1.00,1.00,0.00,0.00,0.00,0.00,,0.00,0.00,0.00,0.00,1.00,2.00,3.00,0.00,Matchs
184,Édgar Badía,es ESP,GB,Elche,es La Liga,30,1992,36.0,0.03,0.00,0.03,0.00,0.00,0.03,0.06,50.0,0.03,0.00,0.00,0.00,0.00,0.03,0.53,0.08,Matchs
185,Benoît Badiashile,fr FRA,DF,Chelsea,eng Premier League,21,2001,10.1,1.39,0.79,0.99,0.40,0.00,0.89,1.39,64.3,0.50,0.50,0.20,0.30,1.58,2.97,3.37,0.10,Matchs
186,Benoît Badiashile,fr FRA,DF,Monaco,fr Ligue 1,21,2001,9.3,01.08,0.86,0.65,0.43,0.00,0.54,01.08,50.0,0.54,0.97,0.65,0.32,1.83,2.90,4.30,0.11,Matchs
187,Alex Baena,es ESP,"MT,AT",Villarreal,es La Liga,21,2001,21.6,1.39,0.79,0.42,0.69,0.28,0.69,02.08,33.3,1.39,0.69,0.14,0.56,0.32,1.71,0.74,0.00,Matchs
188,Jaime Báez,uy URU,DF,Cremonese,it Serie A,27,1995,1.1,3.64,1.82,2.73,0.00,0.91,2.73,5.45,50.0,2.73,0.00,0.00,0.00,0.00,3.64,1.82,0.91,Matchs
189,Leon Bailey,jm JAM,"AT,MT",Aston Villa,eng Premier League,24,1997,21.9,0.64,0.27,0.27,0.32,0.05,0.23,0.91,25.0,0.68,0.59,0.00,0.59,0.27,0.91,0.55,0.00,Matchs
190,Eric Bailly,ci CIV,DF,Marseille,fr Ligue 1,28,1994,6.0,2.17,1.67,1.00,1.00,0.17,1.17,1.17,100.0,0.00,2.50,2.00,0.50,2.00,4.17,3.00,0.17,Matchs
191,Dénys Bain,fr FRA,DF,Auxerre,fr Ligue 1,29,1993,1.4,2.86,2.14,2.14,0.71,0.00,0.71,1.43,50.0,0.71,1.43,0.71,0.71,1.43,4.29,2.86,0.00,Matchs
192,Brandon Baiye,be BEL,MT,Clermont Foot,fr Ligue 1,21,2000,0.6,5.00,3.33,3.33,1.67,0.00,3.33,5.00,66.7,1.67,1.67,0.00,1.67,1.67,6.67,5.00,0.00,Matchs
193,Stefan Bajcetic,es ESP,MT,Liverpool,eng Premier League,17,2004,5.8,1.55,01.03,0.86,0.52,0.17,1.38,4.66,29.6,3.28,1.21,0.00,1.21,1.55,3.10,0.69,0.00,Matchs
194,Nedim Bajrami,al ALB,"MT,AT",Empoli,it Serie A,23,1999,10.4,0.77,0.38,0.29,0.29,0.19,0.38,0.58,66.7,0.19,0.48,0.00,0.48,0.67,1.44,0.38,0.00,Matchs
195,Nedim Bajrami,al ALB,"AT,MT",Sassuolo,it Serie A,23,1999,9.1,1.32,0.77,0.66,0.22,0.44,0.55,1.21,45.5,0.66,0.99,0.11,0.88,0.77,02.09,0.66,0.00,Matchs
196,Cédric Bakambu,cd COD,MT,Marseille,fr Ligue 1,31,1991,0.7,2.86,1.43,2.86,0.00,0.00,2.86,2.86,100.0,0.00,0.00,0.00,0.00,0.00,2.86,0.00,0.00,Matchs
197,Tiemoué Bakayoko,fr FRA,MT,Milan,it Serie A,27,1994,0.5,10.0,10.0,8.00,2.00,0.00,6.00,6.00,100.0,0.00,0.00,0.00,0.00,0.00,10.0,0.00,2.00,Matchs
198,Mitchel Bakker,nl NED,"DF,MT",Leverkusen,de Bundesliga,22,2000,18.4,0.87,0.43,0.49,0.38,0.00,0.33,0.82,40.0,0.49,01.09,0.11,0.98,0.82,1.68,01.09,0.11,Matchs
199,Ridle Baku,de GER,"DF,AT",Wolfsburg,de Bundesliga,24,1998,28.7,1.74,0.91,01.01,0.59,0.14,1.11,02.02,55.2,0.91,1.53,0.21,1.32,0.73,2.47,02.06,0.00,Matchs
200,Tommaso Baldanzi,it ITA,MT,Empoli,it Serie A,19,2003,19.7,1.27,0.61,0.46,0.66,0.15,0.36,1.62,21.9,1.27,01.07,0.05,01.02,0.10,1.37,0.25,0.00,Matchs
Clt,Joueur,Nation,Pos,Équipe,Comp,Âge,Naissance,90,Tcl,TclR,ZDéf,MilTer,ZOff,Tcl,Att,Tcl%,Manqués,Balles contrées,Tirs,Passe,Int,Tcl+Int,Dég,Err,Matchs
201,Alejandro Balde,es ESP,DF,Barcelona,es La Liga,18,2003,27.5,1.53,01.09,0.80,0.58,0.15,0.87,1.49,58.5,0.62,0.91,0.11,0.80,0.44,1.96,0.62,0.04,Matchs
202,Thierno Balde,fr FRA,"DF,MT",Troyes,fr Ligue 1,20,2002,23.9,1.13,0.59,0.79,0.17,0.17,0.75,1.26,60.0,0.50,0.63,0.13,0.50,0.96,02.09,1.63,0.00,Matchs
203,Carlos Baleba,cm CMR,MT,Lille,fr Ligue 1,18,2004,5.3,2.45,02.08,0.38,1.70,0.38,1.70,2.64,64.3,0.94,2.45,0.57,1.89,0.19,2.64,0.57,0.38,Matchs
204,Mikel Balenziaga,es ESP,DF,Athletic Club,es La Liga,34,1988,1.3,03.08,03.08,0.77,1.54,0.77,03.08,03.08,100.0,0.00,0.00,0.00,0.00,0.77,3.85,1.54,0.00,Matchs
205,Leonardo Balerdi,ar ARG,DF,Marseille,fr Ligue 1,23,1999,29.3,1.95,1.26,1.47,0.41,0.07,01.09,1.54,71.1,0.44,1.64,0.99,0.65,2.15,4.10,3.11,0.03,Matchs
206,Dominic Ballard,eng ENG,"AT,MT",Southampton,eng Premier League,17,2005,0.3,0.00,0.00,0.00,0.00,0.00,0.00,0.00,,0.00,0.00,0.00,0.00,3.33,3.33,0.00,0.00,Matchs
207,Iván Balliu,al ALB,DF,Rayo Vallecano,es La Liga,30,1992,35.9,1.45,0.81,0.72,0.56,0.17,0.50,0.84,60.0,0.33,0.72,0.08,0.64,0.70,2.14,02.01,0.03,Matchs
208,Fodé Ballo-Touré,sn SEN,DF,Milan,it Serie A,25,1997,5.8,2.41,1.55,1.21,01.03,0.17,1.21,1.72,70.0,0.52,1.90,0.52,1.38,0.34,2.76,0.52,0.00,Matchs
209,Folarin Balogun,us USA,AT,Reims,fr Ligue 1,21,2001,33.3,0.27,0.15,0.03,0.15,0.09,0.06,0.60,10.0,0.54,0.60,0.03,0.57,0.09,0.36,0.45,0.00,Matchs
210,Abdoulaye Bamba,ci CIV,DF,Angers,fr Ligue 1,32,1990,15.2,1.45,0.79,0.99,0.33,0.13,01.05,1.25,84.2,0.20,0.46,0.20,0.26,1.18,2.63,2.50,0.00,Matchs
211,Jonathan Bamba,ci CIV,AT,Lille,fr Ligue 1,26,1996,30.9,1.20,0.55,0.39,0.45,0.36,0.45,1.46,31.1,1.00,1.17,0.03,1.13,0.71,1.91,0.45,0.00,Matchs
212,Patrick Bamford,eng ENG,AT,Leeds United,eng Premier League,28,1993,16.8,0.54,0.36,0.00,0.36,0.18,0.24,1.19,20.0,0.95,0.71,0.30,0.42,0.30,0.83,0.77,0.00,Matchs
213,Lameck Banda,zm ZAM,"AT,MT",Lecce,it Serie A,21,2001,18.2,1.65,1.10,0.71,0.77,0.16,0.82,2.25,36.6,1.43,1.32,0.11,1.21,0.44,02.09,0.27,0.00,Matchs
214,Filippo Bandinelli,it ITA,MT,Empoli,it Serie A,27,1995,25.1,2.19,1.35,0.76,01.04,0.40,0.68,1.79,37.8,1.12,0.80,0.28,0.52,0.72,2.91,1.59,0.00,Matchs
215,Léo Baptistão,br BRA,"AT,MT",Almería,es La Liga,29,1992,19.2,1.67,01.04,0.68,0.83,0.16,0.68,1.72,39.4,01.04,0.89,0.10,0.78,0.99,2.66,0.63,0.00,Matchs
216,Shandon Baptiste,gd GRN,MT,Brentford,eng Premier League,24,1998,6.9,2.17,1.30,0.87,0.87,0.43,01.01,2.46,41.2,1.45,1.45,0.29,1.16,01.01,3.19,1.45,0.00,Matchs
217,Antonín Barák,cz CZE,MT,Hellas Verona,it Serie A,27,1994,0.3,0.00,0.00,0.00,0.00,0.00,0.00,0.00,,0.00,0.00,0.00,0.00,0.00,0.00,0.00,0.00,Matchs
218,Antonín Barák,cz CZE,MT,Fiorentina,it Serie A,27,1994,20.0,01.05,0.45,0.25,0.35,0.45,0.30,0.80,37.5,0.50,0.80,0.10,0.70,0.15,1.20,0.65,0.00,Matchs
219,Andrea Barberis,it ITA,MT,Monza,it Serie A,28,1993,3.8,1.84,0.53,01.05,0.79,0.00,1.32,2.89,45.5,1.58,0.00,0.00,0.00,2.11,3.95,0.26,0.00,Matchs
220,Tommaso Barbieri,it ITA,DF,Juventus,it Serie A,19,2002,1.2,2.50,2.50,2.50,0.00,0.00,2.50,6.67,37.5,4.17,2.50,0.00,2.50,0.00,2.50,1.67,0.00,Matchs
221,Bradley Barcola,fr FRA,"AT,MT",Lyon,fr Ligue 1,19,2002,16.0,1.56,1.00,0.50,0.63,0.44,0.50,2.44,20.5,1.94,1.81,0.00,1.81,1.19,2.75,0.63,0.00,Matchs
222,Melvin Bard,fr FRA,DF,Nice,fr Ligue 1,21,2000,27.3,3.52,2.20,2.23,01.06,0.22,2.16,3.26,66.3,1.10,1.28,0.15,1.14,2.34,5.86,1.47,0.04,Matchs
223,Francesco Bardi,it ITA,GB,Bologna,it Serie A,30,1992,1.0,0.00,0.00,0.00,0.00,0.00,0.00,0.00,,0.00,0.00,0.00,0.00,0.00,0.00,0.00,0.00,Matchs
224,Keidi Bare,al ALB,MT,Espanyol,es La Liga,24,1997,5.6,2.68,1.43,1.25,0.89,0.54,1.25,2.32,53.8,01.07,1.43,0.36,01.07,1.96,4.64,1.43,0.00,Matchs
225,Nicolò Barella,it ITA,MT,Inter,it Serie A,25,1997,29.0,1.69,0.86,0.59,0.90,0.21,0.97,1.83,52.8,0.86,1.00,0.17,0.83,0.41,2.10,0.41,0.00,Matchs
Clt,Joueur,Nation,Pos,Équipe,Comp,Âge,Naissance,90,Tcl,TclR,ZDéf,MilTer,ZOff,Tcl,Att,Tcl%,Manqués,Balles contrées,Tirs,Passe,Int,Tcl+Int,Dég,Err,Matchs
226,Kike Barja,es ESP,"AT,MT",Osasuna,es La Liga,25,1997,14.6,01.03,0.62,0.41,0.34,0.27,0.55,1.64,33.3,1.10,0.48,0.00,0.48,0.27,1.30,0.21,0.00,Matchs
227,Ross Barkley,eng ENG,"MT,AT",Nice,fr Ligue 1,28,1993,10.7,1.50,0.84,0.65,0.37,0.47,0.65,1.21,53.8,0.56,0.65,0.19,0.47,0.75,2.24,0.56,0.00,Matchs
228,Aymen Barkok,ma MAR,MT,Mainz 05,de Bundesliga,24,1998,6.5,2.77,1.23,1.54,0.77,0.46,0.77,1.54,50.0,0.77,01.08,0.00,01.08,0.46,3.23,1.38,0.00,Matchs
229,Harvey Barnes,eng ENG,"AT,MT",Leicester City,eng Premier League,24,1997,30.1,0.86,0.47,0.27,0.47,0.13,0.47,1.40,33.3,0.93,01.06,0.03,01.03,0.27,1.13,0.40,0.00,Matchs
230,Leandro Barreiro Martins,lu LUX,MT,Mainz 05,de Bundesliga,22,2000,23.8,2.52,1.60,0.80,1.18,0.55,0.92,02.06,44.9,1.13,1.60,0.55,01.05,1.72,4.24,1.64,0.04,Matchs
231,Enzo Barrenechea,ar ARG,MT,Juventus,it Serie A,21,2001,1.8,4.44,1.67,1.67,2.22,0.56,1.67,2.78,60.0,1.11,1.67,0.00,1.67,1.11,5.56,1.67,0.00,Matchs
232,Ander Barrenetxea,es ESP,"AT,DF",Real Sociedad,es La Liga,20,2001,9.8,2.14,1.53,1.53,0.61,0.00,1.22,2.86,42.9,1.63,1.53,0.10,1.43,0.51,2.65,0.71,0.00,Matchs
233,Mickaël Barreto,fr FRA,MT,Ajaccio,fr Ligue 1,31,1991,14.7,2.18,1.36,0.82,1.16,0.20,0.54,03.06,17.8,2.52,1.16,0.00,1.16,1.22,3.40,0.75,0.00,Matchs
234,Pablo Barrios,es ESP,MT,Atlético Madrid,es La Liga,19,2003,8.0,2.38,1.25,0.38,1.25,0.75,1.00,1.88,53.3,0.88,1.50,0.25,1.25,1.13,3.50,0.75,0.13,Matchs
235,Musa Barrow,gm GAM,"AT,MT",Bologna,it Serie A,23,1998,21.8,0.96,0.18,0.46,0.28,0.23,0.37,0.64,57.1,0.28,1.15,0.05,1.10,0.05,01.01,0.32,0.00,Matchs
236,Federico Baschirotto,it ITA,DF,Lecce,it Serie A,25,1996,37.0,01.08,0.81,0.95,0.14,0.00,0.59,0.97,61.1,0.38,1.22,0.78,0.43,0.97,02.05,5.19,0.00,Matchs
237,Toma Bašić,hr CRO,MT,Lazio,it Serie A,25,1996,5.7,01.05,0.70,0.70,0.18,0.18,0.53,1.40,37.5,0.88,1.58,0.00,1.58,1.23,2.28,1.40,0.00,Matchs
238,Alberto Basso,it ITA,MT,Cremonese,it Serie A,18,2004,0.2,0.00,0.00,0.00,0.00,0.00,0.00,0.00,,0.00,0.00,0.00,0.00,0.00,0.00,0.00,0.00,Matchs
239,Gil Bastião Dias,pt POR,AT,Stuttgart,de Bundesliga,25,1996,4.4,1.82,1.36,0.68,0.91,0.23,0.68,2.73,25.0,02.05,1.59,0.00,1.59,0.45,2.27,0.68,0.00,Matchs
240,Alessandro Bastoni,it ITA,DF,Inter,it Serie A,23,1999,24.0,1.71,0.83,0.83,0.58,0.29,0.46,1.13,40.7,0.67,1.13,0.54,0.58,1.00,2.71,1.88,0.00,Matchs
241,Simone Bastoni,it ITA,"MT,DF",Spezia,it Serie A,25,1996,13.2,3.56,1.82,1.74,1.44,0.38,1.14,2.50,45.5,1.36,1.52,0.38,1.14,0.61,4.17,01.06,0.00,Matchs
242,Rodrigo Battaglia,ar ARG,MT,Mallorca,es La Liga,31,1991,7.6,1.58,0.66,0.92,0.66,0.00,0.79,1.84,42.9,01.05,2.11,0.92,1.18,0.66,2.24,2.37,0.00,Matchs
243,Maximilian Bauer,de GER,DF,Augsburg,de Bundesliga,22,2000,20.5,1.51,0.83,0.88,0.59,0.05,0.83,1.66,50.0,0.83,1.22,0.44,0.78,1.12,2.63,3.85,0.05,Matchs
244,Oliver Baumann,de GER,GB,Hoffenheim,de Bundesliga,32,1990,34.0,0.00,0.00,0.00,0.00,0.00,0.00,0.00,,0.00,0.00,0.00,0.00,0.00,0.00,0.44,0.03,Matchs
245,Timo Baumgartl,de GER,DF,Union Berlin,de Bundesliga,26,1996,6.2,1.77,0.97,0.81,0.65,0.32,0.81,2.90,27.8,2.10,1.94,0.65,1.29,0.32,2.10,2.26,0.00,Matchs
246,Julian Baumgartlinger,at AUT,MT,Augsburg,de Bundesliga,34,1988,6.2,2.42,0.65,0.81,0.97,0.65,0.97,03.06,31.6,2.10,0.65,0.32,0.32,0.65,03.06,2.42,0.00,Matchs
247,Christoph Baumgartner,at AUT,"MT,AT",Hoffenheim,de Bundesliga,22,1999,28.5,1.26,0.67,0.42,0.60,0.25,0.32,1.82,17.3,1.51,2.00,0.18,1.82,0.53,1.79,0.67,0.04,Matchs
248,Cyrille Bayala,bf BFA,MT,Ajaccio,fr Ligue 1,26,1996,22.3,2.38,1.66,0.72,0.90,0.76,01.03,2.11,48.9,01.08,0.90,0.13,0.76,1.12,3.50,0.94,0.00,Matchs
249,Brian Bayeye,,DF,Torino,it Serie A,22,2000,0.7,4.29,0.00,4.29,0.00,0.00,1.43,1.43,100.0,0.00,1.43,1.43,0.00,1.43,5.71,2.86,0.00,Matchs
250,Noah Joel Sarenren Bazee,ng NGA,"MT,AT",Augsburg,de Bundesliga,25,1996,0.2,0.00,0.00,0.00,0.00,0.00,0.00,5.00,0.0,5.00,5.00,0.00,5.00,0.00,0.00,0.00,0.00,Matchs
Clt,Joueur,Nation,Pos,Équipe,Comp,Âge,Naissance,90,Tcl,TclR,ZDéf,MilTer,ZOff,Tcl,Att,Tcl%,Manqués,Balles contrées,Tirs,Passe,Int,Tcl+Int,Dég,Err,Matchs
251,Gavin Bazunu,ie IRL,GB,Southampton,eng Premier League,20,2002,32.0,0.03,0.00,0.03,0.00,0.00,0.03,0.03,100.0,0.00,0.00,0.00,0.00,0.03,0.06,0.75,0.06,Matchs
252,Bebé,cv CPV,AT,Rayo Vallecano,es La Liga,32,1990,0.7,0.00,0.00,0.00,0.00,0.00,0.00,2.86,0.0,2.86,1.43,0.00,1.43,0.00,0.00,0.00,0.00,Matchs
253,Ihlas Bebou,tg TOG,"AT,DF",Hoffenheim,de Bundesliga,28,1994,15.7,1.21,01.02,0.51,0.45,0.25,0.70,01.08,64.7,0.38,0.57,0.13,0.45,0.45,1.66,0.96,0.00,Matchs
254,Rodrigo Becão,br BRA,DF,Udinese,it Serie A,26,1996,27.6,2.54,1.30,1.81,0.62,0.11,1.45,1.92,75.5,0.47,1.59,0.87,0.72,0.94,3.48,2.46,0.07,Matchs
255,Mads Bech Sørensen,dk DEN,"DF,MT",Brentford,eng Premier League,23,1999,0.2,0.00,0.00,0.00,0.00,0.00,0.00,0.00,,0.00,0.00,0.00,0.00,5.00,5.00,5.00,0.00,Matchs
256,Julius Beck,dk DEN,MT,Spezia,it Serie A,17,2005,0.1,20.0,10.0,10.0,10.0,0.00,0.00,0.00,,0.00,0.00,0.00,0.00,0.00,20.0,0.00,0.00,Matchs
257,Sheraldo Becker,sr SUR,AT,Union Berlin,de Bundesliga,27,1995,28.4,0.53,0.18,0.04,0.25,0.25,0.07,0.39,18.2,0.32,0.46,0.04,0.42,0.11,0.63,0.25,0.04,Matchs
258,Jan Bednarek,pl POL,DF,Southampton,eng Premier League,26,1996,18.6,1.45,1.13,01.08,0.38,0.00,0.65,0.86,75.0,0.22,02.04,1.45,0.59,2.63,04.09,4.68,0.00,Matchs
259,Jan Bednarek,pl POL,DF,Aston Villa,eng Premier League,26,1996,1.1,2.73,2.73,0.00,2.73,0.00,0.91,0.91,100.0,0.00,2.73,0.91,1.82,1.82,4.55,4.55,0.00,Matchs
260,Donny van de Beek,nl NED,MT,Manchester Utd,eng Premier League,25,1997,1.9,0.00,0.00,0.00,0.00,0.00,0.00,0.53,0.0,0.53,01.05,0.53,0.53,0.53,0.53,0.53,0.00,Matchs
261,Asmir Begović,ba BIH,GB,Everton,eng Premier League,35,1987,1.0,0.00,0.00,0.00,0.00,0.00,0.00,0.00,,0.00,0.00,0.00,0.00,0.00,0.00,1.00,0.00,Matchs
262,Yanis Begraoui,ma MAR,"AT,MT",Toulouse,fr Ligue 1,21,2001,0.7,2.86,0.00,1.43,0.00,1.43,1.43,2.86,50.0,1.43,0.00,0.00,0.00,1.43,4.29,0.00,0.00,Matchs
263,Kevin Behrens,de GER,AT,Union Berlin,de Bundesliga,31,1991,17.1,0.64,0.41,0.23,0.23,0.18,0.23,01.05,22.2,0.82,01.05,0.18,0.88,0.29,0.94,1.46,0.00,Matchs
264,Alexis Beka Beka,fr FRA,"MT,DF",Nice,fr Ligue 1,21,2001,6.1,2.62,0.82,0.98,1.48,0.16,0.66,2.46,26.7,1.80,1.48,0.16,1.31,1.97,4.59,0.98,0.00,Matchs
265,Jérémie Bela,ao ANG,"DF,MT",Clermont Foot,fr Ligue 1,29,1993,8.3,0.72,0.48,0.24,0.12,0.36,0.36,0.48,75.0,0.12,1.20,0.12,01.08,01.08,1.81,0.96,0.00,Matchs
266,Reda Belahyane,fr FRA,MT,Nice,fr Ligue 1,18,2004,2.0,4.00,3.00,2.50,1.50,0.00,1.50,2.50,60.0,1.00,2.50,0.50,2.00,1.00,5.00,0.00,0.00,Matchs
267,Youcef Belaïli,dz ALG,"MT,AT",Ajaccio,fr Ligue 1,30,1992,12.8,1.41,0.78,0.23,0.70,0.47,0.63,1.56,40.0,0.94,0.78,0.08,0.70,0.39,1.80,0.31,0.00,Matchs
268,Youcef Belaïli,dz ALG,"AT,MT",Brest,fr Ligue 1,30,1992,4.0,1.25,0.50,0.75,0.50,0.00,0.50,1.75,28.6,1.25,0.50,0.00,0.50,0.25,1.50,0.25,0.00,Matchs
269,Haris Belkebla,dz ALG,MT,Brest,fr Ligue 1,28,1994,29.5,2.71,1.63,1.19,1.36,0.17,1.49,2.88,51.8,1.39,01.08,0.20,0.88,1.76,4.47,0.71,0.10,Matchs
270,Stefan Bell,de GER,DF,Mainz 05,de Bundesliga,30,1991,26.6,1.62,01.05,1.20,0.38,0.04,0.83,1.65,50.0,0.83,1.58,0.56,01.02,1.65,3.27,5.00,0.00,Matchs
271,Armel Bella Kotchap,de GER,DF,Southampton,eng Premier League,20,2001,20.9,1.77,0.81,1.34,0.43,0.00,0.72,0.96,75.0,0.24,1.39,0.57,0.81,2.11,3.88,5.26,0.00,Matchs
272,Raoul Bellanova,it ITA,DF,Inter,it Serie A,22,2000,5.5,2.55,01.09,2.00,0.36,0.18,1.64,2.55,64.3,0.91,01.09,0.18,0.91,0.73,3.27,2.55,0.00,Matchs
273,Karim Bellarabi,de GER,"AT,MT",Leverkusen,de Bundesliga,32,1990,0.9,2.22,0.00,1.11,1.11,0.00,2.22,3.33,66.7,1.11,0.00,0.00,0.00,0.00,2.22,0.00,0.00,Matchs
274,Jean-Ricner Bellegarde,fr FRA,"MT,AT",Strasbourg,fr Ligue 1,24,1998,26.9,1.75,0.93,0.56,0.78,0.41,0.41,0.93,44.0,0.52,0.97,0.11,0.86,0.97,2.71,0.82,0.00,Matchs
275,Héctor Bellerín,es ESP,DF,Barcelona,es La Liga,27,1995,1.6,1.25,0.00,0.00,1.25,0.00,1.25,1.88,66.7,0.63,1.25,0.00,1.25,1.88,3.13,1.25,0.00,Matchs
Clt,Joueur,Nation,Pos,Équipe,Comp,Âge,Naissance,90,Tcl,TclR,ZDéf,MilTer,ZOff,Tcl,Att,Tcl%,Manqués,Balles contrées,Tirs,Passe,Int,Tcl+Int,Dég,Err,Matchs
276,Jude Bellingham,eng ENG,MT,Dortmund,de Bundesliga,19,2003,29.9,2.54,1.40,0.94,1.14,0.47,1.14,1.71,66.7,0.57,1.71,0.13,1.57,1.17,3.71,1.00,0.00,Matchs
277,Jeanöel Belocian,fr FRA,DF,Rennes,fr Ligue 1,17,2005,5.6,1.79,1.25,0.54,0.89,0.36,0.89,1.61,55.6,0.71,01.07,0.54,0.54,01.07,2.86,1.96,0.00,Matchs
278,Andrea Belotti,it ITA,AT,Roma,it Serie A,28,1993,12.7,0.94,0.39,0.24,0.39,0.31,0.39,0.87,45.5,0.47,0.87,0.08,0.79,0.24,1.18,0.39,0.00,Matchs
279,Fran Beltrán,es ESP,MT,Celta Vigo,es La Liga,23,1999,31.7,01.07,0.69,0.47,0.44,0.16,0.44,1.74,25.5,1.29,0.91,0.16,0.76,1.67,2.74,1.10,0.06,Matchs
280,Eliesse Ben Seghir,fr FRA,"AT,MT",Monaco,fr Ligue 1,17,2005,11.7,1.54,0.85,0.34,01.03,0.17,0.34,01.03,33.3,0.68,1.54,0.09,1.45,0.34,1.88,0.09,0.00,Matchs
281,Salim Ben Seghir,fr FRA,MT,Marseille,fr Ligue 1,19,2003,0.0,0,0,0,0,0,0,0,,0,1,0,1,0,0,0,0,Matchs
282,Wissam Ben Yedder,fr FRA,AT,Monaco,fr Ligue 1,31,1990,23.5,0.68,0.38,0.09,0.21,0.38,0.17,0.55,30.8,0.38,0.64,0.00,0.64,0.17,0.85,0.00,0.00,Matchs
283,Marco Benassi,it ITA,DF,Fiorentina,it Serie A,27,1994,1.0,3.00,3.00,2.00,0.00,1.00,3.00,4.00,75.0,1.00,0.00,0.00,0.00,1.00,4.00,1.00,0.00,Matchs
284,Marco Benassi,it ITA,MT,Cremonese,it Serie A,27,1994,11.1,2.34,1.35,0.81,0.99,0.54,1.35,2.16,62.5,0.81,1.17,0.09,01.08,01.08,3.42,1.71,0.00,Matchs
285,Iker Benito,es ESP,"AT,MT",Osasuna,es La Liga,19,2002,2.0,2.00,1.50,0.00,1.50,0.50,1.00,2.00,50.0,1.00,0.00,0.00,0.00,1.00,3.00,2.00,0.00,Matchs
286,Ismaël Bennacer,dz ALG,MT,Milan,it Serie A,24,1997,22.3,2.65,1.48,1.17,1.39,0.09,1.35,2.29,58.8,0.94,1.12,0.31,0.81,1.17,3.81,0.72,0.04,Matchs
287,Saïd Benrahma,dz ALG,"AT,MT",West Ham,eng Premier League,26,1995,23.0,01.09,0.65,0.48,0.30,0.30,0.48,1.17,40.7,0.70,1.00,0.04,0.96,0.39,1.48,0.57,0.00,Matchs
288,Ramy Bensebaini,dz ALG,DF,M'Gladbach,de Bundesliga,27,1995,27.6,1.23,0.76,0.76,0.36,0.11,0.94,1.41,66.7,0.47,1.59,0.51,01.09,1.30,2.54,3.55,0.04,Matchs
289,Nabil Bentaleb,dz ALG,MT,Angers,fr Ligue 1,27,1994,27.7,2.67,1.44,1.12,1.26,0.29,1.30,2.20,59.0,0.90,1.19,0.40,0.79,1.59,4.26,01.05,0.11,Matchs
290,Rodrigo Bentancur,uy URU,MT,Tottenham,eng Premier League,25,1997,16.7,2.69,1.68,0.90,1.26,0.54,0.96,1.68,57.1,0.72,1.68,0.90,0.78,1.20,3.89,1.32,0.00,Matchs
291,Daniel Bentley,eng ENG,GB,Wolves,eng Premier League,29,1993,2.0,0.50,0.50,0.50,0.00,0.00,0.50,0.50,100.0,0.00,0.00,0.00,0.00,0.00,0.50,0.00,0.50,Matchs
292,Karim Benzema,fr FRA,AT,Real Madrid,es La Liga,34,1987,22.6,0.40,0.22,0.09,0.18,0.13,0.09,0.49,18.2,0.40,0.49,0.00,0.49,0.09,0.49,0.22,0.00,Matchs
293,Domenico Berardi,it ITA,AT,Sassuolo,it Serie A,27,1994,20.7,1.11,0.68,0.39,0.48,0.24,0.43,1.93,22.5,1.50,0.63,0.00,0.63,0.92,02.03,0.87,0.00,Matchs
294,Yuri Berchiche,es ESP,DF,Athletic Club,es La Liga,32,1990,26.7,2.10,1.20,01.05,0.75,0.30,1.31,2.21,59.3,0.90,1.39,0.45,0.94,1.50,3.60,2.21,0.04,Matchs
295,Álex Berenguer,es ESP,AT,Athletic Club,es La Liga,27,1995,25.5,2.27,1.45,0.67,0.98,0.63,0.90,2.35,38.3,1.45,1.45,0.16,1.29,0.39,2.67,0.24,0.00,Matchs
296,Bartosz Bereszyński,pl POL,DF,Sampdoria,it Serie A,30,1992,13.3,2.11,1.35,1.13,0.83,0.15,1.28,1.95,65.4,0.68,1.35,0.30,01.05,1.58,3.68,1.88,0.00,Matchs
297,Bartosz Bereszyński,pl POL,DF,Napoli,it Serie A,30,1992,1.8,1.67,1.11,0.56,0.56,0.56,1.11,1.11,100.0,0.00,2.22,0.00,2.22,1.67,3.33,1.67,0.00,Matchs
298,Patrick Berg,no NOR,"MT,AT",Lens,fr Ligue 1,24,1997,0.3,0.00,0.00,0.00,0.00,0.00,0.00,3.33,0.0,3.33,0.00,0.00,0.00,3.33,3.33,0.00,0.00,Matchs
299,Mitchell van Bergen,nl NED,"AT,DF",Reims,fr Ligue 1,22,1999,10.1,1.78,0.79,0.59,0.69,0.50,0.79,1.98,40.0,1.19,0.79,0.20,0.59,0.59,2.38,01.09,0.00,Matchs
300,Mergim Berisha,de GER,AT,Augsburg,de Bundesliga,24,1998,18.7,0.59,0.32,0.21,0.16,0.21,0.21,0.75,28.6,0.53,0.86,0.05,0.80,0.00,0.59,01.02,0.00,Matchs
Clt,Joueur,Nation,Pos,Équipe,Comp,Âge,Naissance,90,Tcl,TclR,ZDéf,MilTer,ZOff,Tcl,Att,Tcl%,Manqués,Balles contrées,Tirs,Passe,Int,Tcl+Int,Dég,Err,Matchs
301,Quentin Bernard,fr FRA,DF,Auxerre,fr Ligue 1,33,1989,7.0,1.29,1.00,0.57,0.29,0.43,1.00,2.14,46.7,1.14,1.29,0.14,1.14,2.14,3.43,2.43,0.00,Matchs
302,Paul Bernardoni,fr FRA,GB,Angers,fr Ligue 1,25,1997,27.0,0.07,0.00,0.07,0.00,0.00,0.07,0.11,66.7,0.04,0.04,0.00,0.04,0.04,0.11,0.44,0.04,Matchs
303,Juan Bernat,es ESP,"DF,MT",Paris S-G,fr Ligue 1,29,1993,18.3,1.75,0.87,0.98,0.49,0.27,1.15,2.13,53.8,0.98,0.60,0.11,0.49,0.49,2.24,1.20,0.05,Matchs
304,Victor Bernth Kristiansen,dk DEN,DF,Leicester City,eng Premier League,19,2002,9.9,3.84,2.32,1.82,1.62,0.40,2.22,03.03,73.3,0.81,1.62,0.40,1.21,0.30,4.14,2.63,0.10,Matchs
305,Jason Berthomier,fr FRA,MT,Clermont Foot,fr Ligue 1,32,1990,0.3,0.00,0.00,0.00,0.00,0.00,0.00,0.00,,0.00,0.00,0.00,0.00,0.00,0.00,0.00,0.00,Matchs
306,Marco Bertini,it ITA,MT,Lazio,it Serie A,19,2002,0.0,0,0,0,0,0,0,0,,0,0,0,0,0,0,0,0,Matchs
307,Beto,gw GNB,AT,Udinese,it Serie A,24,1998,23.7,0.68,0.38,0.00,0.38,0.30,0.17,0.72,23.5,0.55,0.76,0.13,0.63,0.25,0.93,1.27,0.00,Matchs
308,Owen Bevan,wls WAL,DF,Bournemouth,eng Premier League,18,2003,0.1,0.00,0.00,0.00,0.00,0.00,0.00,0.00,,0.00,0.00,0.00,0.00,0.00,0.00,0.00,0.00,Matchs
309,Matteo Bianchetti,it ITA,DF,Cremonese,it Serie A,29,1993,23.7,1.35,0.80,0.89,0.38,0.08,0.84,1.35,62.5,0.51,1.31,0.72,0.59,0.84,2.19,4.68,0.00,Matchs
310,Alessandro Bianco,it ITA,MT,Fiorentina,it Serie A,19,2002,1.7,2.94,1.18,1.18,1.76,0.00,1.18,1.76,66.7,0.59,0.59,0.00,0.59,0.00,2.94,0.00,0.00,Matchs
311,Giulian Biancone,fr FRA,DF,Nott'ham Forest,eng Premier League,22,2000,0.2,10.0,5.00,10.0,0.00,0.00,5.00,5.00,100.0,0.00,0.00,0.00,0.00,5.00,15.0,0.00,0.00,Matchs
312,Ermin Bičakčić,ba BIH,DF,Hoffenheim,de Bundesliga,32,1990,2.9,2.76,1.38,02.07,0.34,0.34,0.69,02.07,33.3,1.38,1.38,01.03,0.34,1.72,4.48,4.83,0.00,Matchs
313,Pedro Bigas,es ESP,DF,Elche,es La Liga,31,1990,22.4,1.65,0.89,1.34,0.31,0.00,0.80,1.29,62.1,0.49,1.12,0.63,0.49,1.47,3.13,4.24,0.00,Matchs
314,Jaka Bijol,si SVN,DF,Udinese,it Serie A,23,1999,30.3,1.29,0.76,01.06,0.23,0.00,0.53,0.89,59.3,0.36,1.35,0.83,0.53,0.96,2.24,5.45,0.00,Matchs
315,El Bilal Touré,ml MLI,AT,Almería,es La Liga,20,2001,14.0,0.29,0.21,0.14,0.07,0.07,0.00,0.21,0.0,0.21,0.43,0.07,0.36,0.07,0.36,1.64,0.00,Matchs
316,El Bilal Touré,ml MLI,AT,Reims,fr Ligue 1,20,2001,1.0,0.00,0.00,0.00,0.00,0.00,0.00,0.00,,0.00,2.00,0.00,2.00,0.00,0.00,1.00,0.00,Matchs
317,Philip Billing,dk DEN,"MT,AT",Bournemouth,eng Premier League,26,1996,30.7,02.05,1.17,0.68,01.07,0.29,0.36,1.30,27.5,0.94,1.56,0.26,1.30,01.01,03.06,1.89,0.03,Matchs
318,Jean-Claude Billong,cm CMR,MT,Clermont Foot,fr Ligue 1,28,1993,0.3,0.00,0.00,0.00,0.00,0.00,0.00,0.00,,0.00,3.33,3.33,0.00,3.33,3.33,0.00,0.00,Matchs
319,Cristiano Biraghi,it ITA,DF,Fiorentina,it Serie A,29,1992,28.3,2.30,1.34,01.02,01.02,0.25,1.13,2.30,49.2,1.17,1.13,0.25,0.88,0.49,2.79,1.48,0.04,Matchs
320,Samuele Birindelli,it ITA,DF,Monza,it Serie A,23,1999,15.6,2.24,1.22,1.35,0.64,0.26,1.15,1.86,62.1,0.71,1.79,0.51,1.28,01.03,3.27,1.92,0.00,Matchs
321,Veljko Birmančević,rs SRB,"AT,MT",Toulouse,fr Ligue 1,24,1998,4.9,2.65,1.43,01.02,0.82,0.82,1.43,4.29,33.3,2.86,2.45,0.41,02.04,1.43,04.08,0.20,0.00,Matchs
322,Tom Bischof,de GER,"MT,AT",Hoffenheim,de Bundesliga,17,2005,3.5,4.29,2.86,2.29,0.86,1.14,2.00,2.86,70.0,0.86,1.43,0.29,1.14,0.29,4.57,0.29,0.00,Matchs
323,Yves Bissouma,ml MLI,MT,Tottenham,eng Premier League,25,1996,11.2,1.43,1.16,0.54,0.54,0.36,0.18,0.63,28.6,0.45,1.34,0.54,0.80,01.07,2.50,0.89,0.00,Matchs
324,Kristijan Bistrović,hr CRO,MT,Lecce,it Serie A,24,1998,5.1,0.59,0.20,0.59,0.00,0.00,0.00,0.98,0.0,0.98,0.59,0.00,0.59,0.00,0.59,0.78,0.00,Matchs
325,Leonardo Bittencourt,de GER,"MT,DF",Werder Bremen,de Bundesliga,28,1993,18.1,2.93,1.55,1.10,1.38,0.44,1.38,3.43,40.3,02.04,0.72,0.00,0.72,0.55,3.48,0.83,0.00,Matchs
Clt,Joueur,Nation,Pos,Équipe,Comp,Âge,Naissance,90,Tcl,TclR,ZDéf,MilTer,ZOff,Tcl,Att,Tcl%,Manqués,Balles contrées,Tirs,Passe,Int,Tcl+Int,Dég,Err,Matchs
326,Marco Bizot,nl NED,GB,Brest,fr Ligue 1,31,1991,37.0,0.00,0.00,0.00,0.00,0.00,0.00,0.03,0.0,0.03,0.03,0.00,0.03,0.00,0.00,0.65,0.11,Matchs
327,Lautaro Blanco,ar ARG,"DF,MT",Elche,es La Liga,23,1999,9.7,1.65,0.93,01.03,0.41,0.21,0.93,2.68,34.6,1.75,0.82,0.10,0.72,0.21,1.86,01.03,0.10,Matchs
328,Rubén Blanco,es ESP,GB,Marseille,fr Ligue 1,27,1995,5.5,0.00,0.00,0.00,0.00,0.00,0.00,0.00,,0.00,0.00,0.00,0.00,0.00,0.00,0.18,0.00,Matchs
329,Ludovic Blas,fr FRA,"MT,AT",Nantes,fr Ligue 1,24,1997,31.3,1.50,0.96,0.54,0.61,0.35,0.54,1.57,34.7,01.02,0.83,0.03,0.80,0.61,2.11,0.26,0.00,Matchs
330,Janis Blaswich,de GER,GB,RB Leipzig,de Bundesliga,31,1991,26.0,0.00,0.00,0.00,0.00,0.00,0.00,0.00,,0.00,0.00,0.00,0.00,0.00,0.00,0.38,0.00,Matchs
331,Miha Blažič,si SVN,DF,Angers,fr Ligue 1,29,1993,22.0,0.36,0.27,0.36,0.00,0.00,0.32,0.68,46.7,0.36,1.14,0.86,0.27,1.00,1.36,3.64,0.05,Matchs
332,Joaquín Blázquez,ar ARG,GB,Brest,fr Ligue 1,21,2001,1.0,0.00,0.00,0.00,0.00,0.00,0.00,0.00,,0.00,0.00,0.00,0.00,0.00,0.00,2.00,0.00,Matchs
333,Alexis Blin,fr FRA,MT,Lecce,it Serie A,25,1996,26.4,2.61,1.48,01.02,1.25,0.34,1.44,2.77,52.1,1.33,02.08,0.57,1.52,1.29,3.90,2.80,0.00,Matchs
334,Daley Blind,nl NED,"DF,MT",Bayern Munich,de Bundesliga,32,1990,1.5,1.33,0.00,1.33,0.00,0.00,0.00,0.67,0.0,0.67,2.67,1.33,1.33,1.33,2.67,4.00,0.00,Matchs
335,Myron Boadu,nl NED,AT,Monaco,fr Ligue 1,21,2001,3.3,0.91,0.91,0.00,0.61,0.30,0.30,2.12,14.3,1.82,0.30,0.00,0.30,0.00,0.91,0.30,0.00,Matchs
336,Jérôme Boateng,de GER,DF,Lyon,fr Ligue 1,33,1988,4.8,0.63,0.00,0.42,0.21,0.00,0.42,1.25,33.3,0.83,1.67,01.04,0.63,1.25,1.88,3.33,0.00,Matchs
337,Kevin-Prince Boateng,gh GHA,MT,Hertha BSC,de Bundesliga,35,1987,5.2,1.54,1.15,0.77,0.38,0.38,0.58,1.73,33.3,1.15,2.12,0.58,1.54,0.58,2.12,0.96,0.00,Matchs
338,Antonin Bobichon,fr FRA,MT,Angers,fr Ligue 1,26,1995,0.2,0.00,0.00,0.00,0.00,0.00,0.00,0.00,,0.00,5.00,0.00,5.00,0.00,0.00,0.00,0.00,Matchs
339,Jean-Paul Boëtius,nl NED,MT,Hertha BSC,de Bundesliga,28,1994,11.7,2.56,1.37,1.62,0.77,0.17,0.68,2.14,32.0,1.45,2.14,0.43,1.71,1.20,3.76,0.85,0.00,Matchs
340,Jeremie Boga,ci CIV,"MT,AT",Atalanta,it Serie A,25,1997,8.7,01.03,0.57,0.34,0.23,0.46,0.23,0.57,40.0,0.34,0.69,0.00,0.69,0.11,1.15,0.11,0.00,Matchs
341,Emil Bohinen,no NOR,MT,Salernitana,it Serie A,23,1999,9.2,2.72,1.41,1.63,0.87,0.22,1.30,2.50,52.2,1.20,2.72,0.76,1.96,1.85,4.57,2.28,0.00,Matchs
342,Quentin Boisgard,fr FRA,MT,Lorient,fr Ligue 1,25,1997,2.0,3.00,1.00,0.50,2.00,0.50,1.50,2.00,75.0,0.50,1.50,0.50,1.00,2.00,5.00,1.00,0.00,Matchs
343,Willy Boly,ci CIV,DF,Nott'ham Forest,eng Premier League,31,1991,7.6,1.71,0.79,01.05,0.39,0.26,01.05,1.71,61.5,0.66,1.71,0.53,1.18,1.58,3.29,5.92,0.00,Matchs
344,Giacomo Bonaventura,it ITA,MT,Fiorentina,it Serie A,32,1989,21.2,1.65,01.08,0.66,0.71,0.28,1.13,1.75,64.9,0.61,0.66,0.00,0.66,0.75,2.41,0.24,0.05,Matchs
345,Federico Bonazzoli,it ITA,"AT,MT",Salernitana,it Serie A,25,1997,12.4,0.40,0.24,0.00,0.24,0.16,0.00,0.73,0.0,0.73,0.73,0.08,0.65,0.24,0.65,0.00,0.00,Matchs
346,Warren Bondo,fr FRA,MT,Monza,it Serie A,18,2003,0.7,1.43,0.00,1.43,0.00,0.00,0.00,0.00,,0.00,1.43,0.00,1.43,0.00,1.43,0.00,0.00,Matchs
347,Theo Bongonda,cd COD,"MT,AT",Cádiz,es La Liga,26,1995,21.5,1.30,0.93,0.51,0.65,0.14,0.79,1.86,42.5,01.07,0.98,0.09,0.88,0.28,1.58,0.65,0.00,Matchs
348,Kevin Bonifazi,it ITA,DF,Bologna,it Serie A,26,1996,10.0,1.30,0.80,0.70,0.60,0.00,0.60,1.20,50.0,0.60,1.10,0.80,0.30,1.20,2.50,3.90,0.00,Matchs
349,Leonardo Bonucci,it ITA,DF,Juventus,it Serie A,35,1987,9.8,0.51,0.41,0.10,0.41,0.00,0.20,0.41,50.0,0.20,1.22,0.82,0.41,1.33,1.84,2.96,0.00,Matchs
350,Neto Borges,br BRA,DF,Clermont Foot,fr Ligue 1,25,1996,31.5,2.38,1.43,1.43,0.63,0.32,1.46,2.38,61.3,0.92,1.43,0.35,01.08,1.30,3.68,1.97,0.03,Matchs
Clt,Joueur,Nation,Pos,Équipe,Comp,Âge,Naissance,90,Tcl,TclR,ZDéf,MilTer,ZOff,Tcl,Att,Tcl%,Manqués,Balles contrées,Tirs,Passe,Int,Tcl+Int,Dég,Err,Matchs
351,Yvandro Borges Sanches,lu LUX,"AT,MT",M'Gladbach,de Bundesliga,18,2004,0.3,6.67,6.67,0.00,6.67,0.00,6.67,6.67,100.0,0.00,0.00,0.00,0.00,0.00,6.67,0.00,0.00,Matchs
352,Sebastiaan Bornauw,be BEL,DF,Wolfsburg,de Bundesliga,23,1999,21.4,1.36,0.79,0.79,0.47,0.09,0.75,01.03,72.7,0.28,1.26,0.56,0.70,1.45,2.80,3.88,0.05,Matchs
353,Rafael Borré,co COL,"MT,AT",Eint Frankfurt,de Bundesliga,26,1995,12.0,02.08,1.25,0.33,01.08,0.67,0.33,1.42,23.5,01.08,0.83,0.17,0.67,0.17,2.25,0.75,0.00,Matchs
354,Erik Botheim,no NOR,"MT,AT",Salernitana,it Serie A,22,2000,9.6,1.15,0.73,0.31,0.42,0.42,0.63,1.35,46.2,0.73,0.31,0.00,0.31,0.00,1.15,0.42,0.00,Matchs
355,Sven Botman,nl NED,DF,Newcastle Utd,eng Premier League,22,2000,34.7,1.10,0.69,0.89,0.20,0.00,0.63,0.81,78.6,0.17,1.27,0.69,0.58,0.98,02.07,3.63,0.06,Matchs
356,Kenji-Van Boto,mg MAD,DF,Auxerre,fr Ligue 1,26,1996,2.0,1.50,1.00,1.00,0.00,0.50,1.00,2.00,50.0,1.00,0.00,0.00,0.00,0.50,2.00,1.50,0.00,Matchs
357,Kouamé Botué,bf BFA,"AT,MT",Ajaccio,fr Ligue 1,19,2002,2.5,1.60,0.80,0.80,0.40,0.40,0.00,0.80,0.0,0.80,0.40,0.00,0.40,0.00,1.60,0.40,0.00,Matchs
358,Badredine Bouanani,dz ALG,"AT,MT",Nice,fr Ligue 1,17,2004,9.6,1.35,0.94,0.21,0.73,0.42,0.73,1.46,50.0,0.73,0.42,0.00,0.42,0.10,1.46,0.21,0.00,Matchs
359,Hicham Boudaoui,dz ALG,MT,Nice,fr Ligue 1,22,1999,20.8,3.22,1.54,1.49,1.44,0.29,1.68,2.55,66.0,0.87,1.63,0.24,1.39,1.73,4.95,0.77,0.00,Matchs
360,Franci Bouebari,fr FRA,DF,Strasbourg,fr Ligue 1,18,2003,0.8,3.75,0.00,1.25,2.50,0.00,3.75,6.25,60.0,2.50,0.00,0.00,0.00,2.50,6.25,2.50,0.00,Matchs
361,Sofiane Boufal,ma MAR,"AT,MT",Angers,fr Ligue 1,28,1993,9.3,1.51,0.97,0.75,0.43,0.32,0.32,1.51,21.4,1.18,0.65,0.00,0.65,0.54,02.04,0.11,0.00,Matchs
362,Yassine Bounou,ma MAR,GB,Sevilla,es La Liga,31,1991,23.9,0.08,0.04,0.08,0.00,0.00,0.04,0.17,25.0,0.13,0.00,0.00,0.00,0.08,0.17,0.46,0.04,Matchs
363,Ismaëlben Boura,fr FRA,"DF,AT",Lens,fr Ligue 1,21,2000,1.0,6.00,4.00,4.00,2.00,0.00,5.00,6.00,83.3,1.00,2.00,1.00,1.00,2.00,8.00,3.00,0.00,Matchs
364,Mehdi Bourabia,ma MAR,MT,Spezia,it Serie A,30,1991,30.8,1.33,0.65,0.42,0.71,0.19,0.62,1.33,46.3,0.71,1.27,0.39,0.88,01.04,2.37,1.85,0.00,Matchs
365,Benjamin Bourigeaud,fr FRA,"MT,AT",Rennes,fr Ligue 1,28,1994,34.1,1.32,0.85,0.47,0.67,0.18,0.62,1.91,32.3,1.29,1.11,0.09,01.03,0.91,2.23,0.94,0.00,Matchs
366,Edoardo Bove,it ITA,MT,Roma,it Serie A,20,2002,11.0,3.18,1.64,01.09,1.36,0.73,1.45,3.55,41.0,02.09,1.36,0.09,1.27,0.91,04.09,1.00,0.00,Matchs
367,Jarrod Bowen,eng ENG,"AT,MT",West Ham,eng Premier League,25,1996,35.9,01.09,0.45,0.39,0.31,0.39,0.45,1.62,27.6,1.17,1.31,0.25,01.06,1.00,02.09,0.70,0.00,Matchs
368,Lucas Boyé,ar ARG,AT,Elche,es La Liga,26,1996,27.4,1.31,0.58,0.44,0.58,0.29,0.62,1.28,48.6,0.66,1.20,0.18,01.02,0.55,1.86,1.68,0.00,Matchs
369,Jayden Braaf,nl NED,"MT,AT",Hellas Verona,it Serie A,19,2002,3.2,1.56,0.94,0.63,0.94,0.00,0.00,0.00,,0.00,0.31,0.00,0.31,0.63,2.19,0.31,0.00,Matchs
370,Domagoj Bradarić,hr CRO,DF,Salernitana,it Serie A,22,1999,25.0,01.04,0.76,0.56,0.32,0.16,0.28,0.64,43.8,0.36,0.80,0.20,0.60,0.84,1.88,1.76,0.00,Matchs
371,Bilal Brahimi,dz ALG,"AT,MT",Nice,fr Ligue 1,22,2000,8.9,0.90,0.56,0.22,0.56,0.11,0.11,0.79,14.3,0.67,0.45,0.00,0.45,0.45,1.35,0.00,0.00,Matchs
372,Martin Braithwaite,dk DEN,"AT,MT",Espanyol,es La Liga,31,1991,27.3,0.44,0.07,0.07,0.15,0.22,0.18,0.51,35.7,0.33,0.37,0.00,0.37,0.18,0.62,0.40,0.00,Matchs
373,Juan Brandáriz,es ESP,DF,Almería,es La Liga,23,1999,16.5,1.76,0.97,01.09,0.55,0.12,0.85,1.39,60.9,0.55,1.21,0.42,0.79,0.91,2.67,3.21,0.00,Matchs
374,Julian Brandt,de GER,"MT,AT",Dortmund,de Bundesliga,26,1996,26.6,01.09,0.75,0.23,0.53,0.34,0.45,1.62,27.9,1.17,0.86,0.00,0.86,0.56,1.65,0.34,0.04,Matchs
375,Darko Brašanac,rs SRB,MT,Osasuna,es La Liga,30,1992,11.6,2.50,1.72,01.03,0.86,0.60,01.03,1.98,52.2,0.95,1.21,0.17,01.03,01.03,3.53,0.78,0.00,Matchs
Clt,Joueur,Nation,Pos,Équipe,Comp,Âge,Naissance,90,Tcl,TclR,ZDéf,MilTer,ZOff,Tcl,Att,Tcl%,Manqués,Balles contrées,Tirs,Passe,Int,Tcl+Int,Dég,Err,Matchs
376,Lilian Brassier,fr FRA,DF,Brest,fr Ligue 1,22,1999,34.4,1.22,0.87,0.90,0.23,0.09,0.67,0.93,71.9,0.26,1.22,0.55,0.67,1.54,2.76,3.84,0.03,Matchs
377,Claudio Bravo,cl CHI,GB,Betis,es La Liga,39,1983,12.0,0.00,0.00,0.00,0.00,0.00,0.00,0.00,,0.00,0.00,0.00,0.00,0.17,0.17,0.08,0.08,Matchs
378,Fabian Bredlow,de GER,GB,Stuttgart,de Bundesliga,27,1995,15.0,0.07,0.07,0.07,0.00,0.00,0.07,0.07,100.0,0.00,0.00,0.00,0.00,0.00,0.07,0.27,0.13,Matchs
379,James Bree,eng ENG,DF,Southampton,eng Premier League,24,1997,4.1,1.22,0.73,0.98,0.24,0.00,0.73,0.98,75.0,0.24,0.73,0.24,0.49,1.46,2.68,2.68,0.00,Matchs
380,Josip Brekalo,hr CRO,"AT,MT",Fiorentina,it Serie A,24,1998,2.5,0.80,0.40,0.00,0.40,0.40,0.40,1.60,25.0,1.20,0.40,0.00,0.40,0.40,1.20,0.40,0.00,Matchs
381,Josip Brekalo,hr CRO,"MT,AT",Wolfsburg,de Bundesliga,24,1998,3.0,0.67,0.33,0.67,0.00,0.00,0.00,1.33,0.0,1.33,0.00,0.00,0.00,0.67,1.33,0.67,0.00,Matchs
382,Gleison Bremer,br BRA,DF,Juventus,it Serie A,25,1997,29.3,0.99,0.68,0.78,0.17,0.03,0.65,0.89,73.1,0.24,1.50,0.75,0.75,1.43,2.42,4.10,0.07,Matchs
383,Armando Broja,al ALB,AT,Chelsea,eng Premier League,20,2001,3.3,1.21,0.30,0.00,0.91,0.30,0.30,0.30,100.0,0.00,03.03,0.30,2.73,0.30,1.52,0.30,0.00,Matchs
384,Dylan Bronn,tn TUN,DF,Salernitana,it Serie A,27,1995,18.7,1.82,0.96,0.91,0.86,0.05,01.07,1.60,66.7,0.53,1.71,01.07,0.64,01.07,2.89,3.10,0.05,Matchs
385,David Brooks,wls WAL,"AT,MT",Bournemouth,eng Premier League,25,1997,1.9,0.53,0.00,0.53,0.00,0.00,0.00,0.53,0.0,0.53,01.05,0.00,01.05,01.05,1.58,2.63,0.00,Matchs
386,John Brooks,us USA,DF,Hoffenheim,de Bundesliga,29,1993,15.0,1.20,0.80,0.67,0.53,0.00,0.87,1.20,72.2,0.33,1.13,0.80,0.33,0.67,1.87,7.00,0.00,Matchs
387,Moritz Broschinski,de GER,"AT,MT",Bochum,de Bundesliga,21,2000,2.4,0.00,0.00,0.00,0.00,0.00,0.00,02.08,0.0,02.08,0.42,0.00,0.42,0.00,0.00,2.50,0.00,Matchs
388,Marcelo Brozović,hr CRO,MT,Inter,it Serie A,29,1992,19.7,1.88,1.12,0.66,1.12,0.10,0.56,1.88,29.7,1.32,1.17,0.36,0.81,1.12,2.99,1.42,0.00,Matchs
389,Cédric Brunner,ch SUI,DF,Schalke 04,de Bundesliga,28,1994,25.7,1.52,01.05,01.01,0.43,0.08,1.17,1.75,66.7,0.58,0.93,0.27,0.66,1.67,3.19,03.07,0.00,Matchs
390,Lewis Brunt,eng ENG,DF,Leicester City,eng Premier League,21,2000,0.3,0.00,0.00,0.00,0.00,0.00,0.00,0.00,,0.00,0.00,0.00,0.00,0.00,0.00,6.67,0.00,Matchs
391,Jacob Bruun Larsen,dk DEN,AT,Hoffenheim,de Bundesliga,23,1998,3.6,1.11,0.83,0.00,0.28,0.83,0.83,1.11,75.0,0.28,0.83,0.28,0.56,0.28,1.39,0.00,0.00,Matchs
392,Andreas Bruus,dk DEN,"DF,AT",Troyes,fr Ligue 1,23,1999,18.1,0.66,0.33,0.50,0.17,0.00,0.44,1.10,40.0,0.66,0.72,0.11,0.61,0.94,1.60,1.33,0.00,Matchs
393,Joe Bryan,eng ENG,"MT,DF",Nice,fr Ligue 1,28,1993,2.0,2.50,2.00,1.50,1.00,0.00,2.00,2.00,100.0,0.00,1.00,0.00,1.00,0.50,3.00,0.50,0.00,Matchs
394,Lee Buchanan,eng ENG,"DF,AT",Werder Bremen,de Bundesliga,21,2001,5.2,2.69,1.92,0.38,2.12,0.19,1.15,2.31,50.0,1.15,0.96,0.00,0.96,2.31,5.00,04.04,0.00,Matchs
395,Ante Budimir,hr CRO,AT,Osasuna,es La Liga,31,1991,20.0,0.95,0.45,0.00,0.60,0.35,0.10,0.50,20.0,0.40,0.50,0.00,0.50,0.25,1.20,0.95,0.00,Matchs
396,Emi Buendía,ar ARG,"MT,AT",Aston Villa,eng Premier League,25,1996,26.8,1.94,0.86,0.75,0.75,0.45,0.78,2.76,28.4,1.98,0.75,0.07,0.67,0.75,2.69,0.63,0.00,Matchs
397,Hugo Bueno,es ESP,DF,Wolves,eng Premier League,19,2002,14.6,2.26,1.10,1.58,0.41,0.27,1.16,2.26,51.5,1.10,0.96,0.07,0.89,0.68,2.95,2.47,0.00,Matchs
398,Santiago Bueno,uy URU,DF,Girona,es La Liga,23,1998,33.4,1.89,1.14,1.29,0.57,0.03,0.72,01.08,66.7,0.36,01.02,0.66,0.36,0.93,2.81,3.14,0.06,Matchs
399,Adam Buksa,pl POL,"AT,MT",Lens,fr Ligue 1,26,1996,1.1,0.91,0.00,0.00,0.00,0.91,0.00,2.73,0.0,2.73,0.00,0.00,0.00,0.00,0.91,0.00,0.00,Matchs
400,Marius Bülter,de GER,"AT,MT",Schalke 04,de Bundesliga,29,1993,28.9,0.76,0.38,0.28,0.24,0.24,0.42,1.11,37.5,0.69,1.18,0.03,1.14,0.35,1.11,0.69,0.00,Matchs
Clt,Joueur,Nation,Pos,Équipe,Comp,Âge,Naissance,90,Tcl,TclR,ZDéf,MilTer,ZOff,Tcl,Att,Tcl%,Manqués,Balles contrées,Tirs,Passe,Int,Tcl+Int,Dég,Err,Matchs
401,Cristian Buonaiuto,it ITA,"MT,AT",Cremonese,it Serie A,29,1992,10.9,2.29,1.47,0.73,01.01,0.55,1.10,2.39,46.2,1.28,01.01,0.00,01.01,1.28,3.58,0.64,0.00,Matchs
402,Facundo Buonanotte,ar ARG,"AT,MT",Brighton,eng Premier League,17,2004,6.3,0.32,0.16,0.16,0.16,0.00,0.16,3.49,4.5,3.33,0.79,0.32,0.48,0.63,0.95,0.48,0.00,Matchs
403,Alessandro Buongiorno,it ITA,DF,Torino,it Serie A,23,1999,30.2,1.26,0.83,0.73,0.53,0.00,0.53,01.03,51.6,0.50,1.26,0.63,0.63,1.99,3.25,3.48,0.07,Matchs
404,Delano Burgzorg,nl NED,"AT,MT",Mainz 05,de Bundesliga,23,1998,2.7,1.11,1.11,0.37,0.37,0.37,0.74,1.11,66.7,0.37,0.74,0.00,0.74,0.00,1.11,0.74,0.00,Matchs
405,Jonathan Burkardt,de GER,"MT,AT",Mainz 05,de Bundesliga,22,2000,5.9,0.51,0.17,0.00,0.17,0.34,0.17,0.68,25.0,0.51,01.02,0.17,0.85,0.17,0.68,0.17,0.00,Matchs
406,Oliver Burke,sct SCO,"AT,MT",Werder Bremen,de Bundesliga,25,1997,3.0,0.33,0.00,0.00,0.00,0.33,0.00,0.00,,0.00,0.67,0.00,0.67,0.00,0.33,0.00,0.00,Matchs
407,Dan Burn,eng ENG,DF,Newcastle Utd,eng Premier League,30,1992,34.6,1.73,1.10,0.84,0.66,0.23,0.98,1.94,50.7,0.95,1.21,0.46,0.75,0.92,2.66,3.47,0.06,Matchs
408,Maxime Busi,be BEL,DF,Reims,fr Ligue 1,22,1999,11.6,1.81,1.38,0.78,0.95,0.09,1.12,2.50,44.8,1.38,1.21,0.52,0.69,1.21,03.02,02.07,0.00,Matchs
409,Sergio Busquets,es ESP,MT,Barcelona,es La Liga,34,1988,26.0,2.23,1.00,0.92,1.00,0.31,1.12,1.96,56.9,0.85,1.23,0.23,1.00,01.04,3.27,1.38,0.08,Matchs
410,Aurélio Buta,pt POR,DF,Eint Frankfurt,de Bundesliga,25,1997,14.6,2.26,1.30,01.03,0.89,0.34,01.03,1.85,55.6,0.82,1.23,0.07,1.16,0.62,2.88,2.33,0.00,Matchs
411,Leonardo Buta,pt POR,DF,Udinese,it Serie A,20,2002,0.2,5.00,5.00,0.00,5.00,0.00,0.00,0.00,,0.00,0.00,0.00,0.00,0.00,5.00,0.00,0.00,Matchs
412,Marcin Bułka,pl POL,GB,Nice,fr Ligue 1,22,1999,2.0,0.00,0.00,0.00,0.00,0.00,0.00,0.50,0.0,0.50,0.00,0.00,0.00,0.50,0.50,0.00,0.00,Matchs
413,Jamie Bynoe-Gittens,eng ENG,"AT,MT",Dortmund,de Bundesliga,17,2004,5.9,1.36,0.68,0.34,0.85,0.17,0.34,1.19,28.6,0.85,0.17,0.00,0.17,0.17,1.53,0.34,0.00,Matchs
414,Juan Cabal,co COL,DF,Hellas Verona,it Serie A,21,2001,4.9,02.04,1.22,1.43,0.61,0.00,1.43,2.45,58.3,01.02,1.63,01.02,0.61,2.65,4.69,2.45,0.00,Matchs
415,Rémy Cabella,fr FRA,"MT,AT",Lille,fr Ligue 1,32,1990,28.1,2.28,1.32,0.75,1.00,0.53,01.03,2.28,45.3,1.25,1.46,0.18,1.28,0.60,2.88,0.25,0.04,Matchs
416,Jimmy Cabot,fr FRA,"DF,MT",Lens,fr Ligue 1,28,1994,5.7,3.51,2.11,1.75,1.40,0.35,2.11,4.56,46.2,2.46,0.88,0.00,0.88,0.70,4.21,2.11,0.00,Matchs
417,Leandro Cabrera,uy URU,DF,Espanyol,es La Liga,31,1991,29.7,1.55,0.81,1.14,0.40,0.00,0.94,1.45,65.1,0.51,1.25,0.77,0.47,1.45,3.00,3.84,0.07,Matchs
418,Liberato Cacace,nz NZL,DF,Empoli,it Serie A,21,2000,6.5,3.85,1.54,1.85,1.23,0.77,1.38,2.31,60.0,0.92,2.31,01.08,1.23,0.62,4.46,2.46,0.00,Matchs
419,Anthony Caci,fr FRA,DF,Mainz 05,de Bundesliga,25,1997,22.6,2.57,1.46,1.42,0.88,0.27,1.24,1.86,66.7,0.62,1.24,0.18,01.06,2.39,4.96,1.77,0.00,Matchs
420,Cafú,pt POR,MT,Nott'ham Forest,eng Premier League,29,1993,0.1,0.00,0.00,0.00,0.00,0.00,0.00,0.00,,0.00,0.00,0.00,0.00,0.00,0.00,10.0,0.00,Matchs
421,Moisés Caicedo,ec ECU,MT,Brighton,eng Premier League,20,2001,34.9,2.87,1.43,1.17,1.35,0.34,1.15,1.95,58.8,0.80,1.23,0.20,01.03,1.60,4.47,0.89,0.09,Matchs
422,Tom Cairney,sct SCO,MT,Fulham,eng Premier League,31,1991,11.0,1.55,0.55,0.36,0.73,0.45,0.64,0.91,70.0,0.27,1.64,0.27,1.36,0.45,2.00,0.27,0.00,Matchs
423,Jens Cajuste,se SWE,MT,Reims,fr Ligue 1,22,1999,17.0,2.71,1.47,1.47,0.82,0.41,1.47,2.82,52.1,1.35,1.76,0.35,1.41,01.06,3.76,1.29,0.00,Matchs
424,Cala,es ESP,DF,Cádiz,es La Liga,32,1989,1.5,1.33,0.67,0.67,0.67,0.00,0.67,1.33,50.0,0.67,1.33,0.67,0.67,0.67,2.00,8.00,0.00,Matchs
425,Davide Calabria,it ITA,DF,Milan,it Serie A,25,1996,18.8,3.78,2.34,1.65,1.70,0.43,02.02,3.24,62.3,1.22,1.17,0.37,0.80,1.33,5.11,1.81,0.00,Matchs
Clt,Joueur,Nation,Pos,Équipe,Comp,Âge,Naissance,90,Tcl,TclR,ZDéf,MilTer,ZOff,Tcl,Att,Tcl%,Manqués,Balles contrées,Tirs,Passe,Int,Tcl+Int,Dég,Err,Matchs
426,Mattia Caldara,it ITA,DF,Spezia,it Serie A,28,1994,13.9,1.65,01.01,0.72,0.79,0.14,0.65,1.44,45.0,0.79,1.65,1.15,0.50,1.22,2.88,6.33,0.14,Matchs
427,Luca Caldirola,it ITA,DF,Monza,it Serie A,31,1991,26.1,1.00,0.54,0.73,0.15,0.11,0.50,1.00,50.0,0.50,1.23,0.69,0.54,0.96,1.95,2.53,0.04,Matchs
428,Fernando Calero,es ESP,"DF,MT",Espanyol,es La Liga,26,1995,17.9,2.57,1.62,1.51,0.84,0.22,1.17,1.90,61.8,0.73,1.73,0.73,01.01,0.73,3.30,2.91,0.00,Matchs
429,Duje Ćaleta-Car,hr CRO,DF,Southampton,eng Premier League,25,1996,10.5,1.33,0.95,0.86,0.38,0.10,0.57,0.86,66.7,0.29,1.43,01.05,0.38,1.43,2.76,6.19,0.10,Matchs
430,Duje Ćaleta-Car,hr CRO,DF,Marseille,fr Ligue 1,25,1996,0.1,0.00,0.00,0.00,0.00,0.00,0.00,0.00,,0.00,0.00,0.00,0.00,0.00,0.00,10.0,0.00,Matchs
431,Hakan Çalhanoğlu,tr TUR,MT,Inter,it Serie A,28,1994,26.3,1.83,01.03,0.65,0.99,0.19,0.61,1.63,37.2,01.03,1.14,0.19,0.95,0.95,2.78,0.49,0.04,Matchs
432,Kerim Calhanoglu,de GER,DF,Schalke 04,de Bundesliga,19,2002,0.7,2.86,1.43,2.86,0.00,0.00,2.86,2.86,100.0,0.00,1.43,0.00,1.43,0.00,2.86,4.29,0.00,Matchs
433,Daniel Caligiuri,it ITA,"DF,MT",Augsburg,de Bundesliga,34,1988,3.2,2.50,1.56,1.56,0.94,0.00,1.25,1.56,80.0,0.31,0.94,0.63,0.31,0.94,3.44,0.63,0.00,Matchs
434,Alexander Callens,pe PER,DF,Girona,es La Liga,30,1992,1.3,2.31,2.31,1.54,0.77,0.00,2.31,03.08,75.0,0.77,2.31,0.77,1.54,0.77,03.08,6.92,0.00,Matchs
435,Dominic Calvert-Lewin,eng ENG,AT,Everton,eng Premier League,25,1997,12.9,0.31,0.16,0.08,0.00,0.23,0.08,0.39,20.0,0.31,0.39,0.08,0.31,0.23,0.54,1.40,0.00,Matchs
436,Mahdi Camara,fr FRA,MT,Brest,fr Ligue 1,24,1998,20.2,3.12,1.78,0.89,1.88,0.35,1.24,2.13,58.1,0.89,1.73,0.20,1.53,1.98,5.10,0.79,0.00,Matchs
437,Mohamed Camara,gn GUI,MT,Roma,it Serie A,25,1997,7.7,1.69,1.30,0.39,0.91,0.39,0.65,1.95,33.3,1.30,0.65,0.13,0.52,1.30,2.99,01.04,0.00,Matchs
438,Mohamed Camara,ml MLI,MT,Monaco,fr Ligue 1,22,2000,24.4,3.40,1.84,1.56,1.60,0.25,1.97,3.77,52.2,1.80,1.84,0.25,1.60,1.11,4.51,0.57,0.04,Matchs
439,Ousmane Camara,gn GUI,"AT,MT",Auxerre,fr Ligue 1,20,2001,0.3,3.33,3.33,0.00,0.00,3.33,0.00,0.00,,0.00,0.00,0.00,0.00,0.00,3.33,0.00,0.00,Matchs
440,Ousmane Camara,fr FRA,DF,Angers,fr Ligue 1,19,2003,5.8,1.72,01.03,0.86,0.86,0.00,0.86,02.07,41.7,1.21,0.69,0.34,0.34,1.90,3.62,2.59,0.00,Matchs
441,Eduardo Camavinga,fr FRA,"MT,DF",Real Madrid,es La Liga,19,2002,22.3,03.05,2.15,1.43,0.94,0.67,01.08,2.87,37.5,1.79,01.08,0.22,0.85,0.76,3.81,1.12,0.00,Matchs
442,Nicolò Cambiaghi,it ITA,"AT,MT",Empoli,it Serie A,21,2000,14.3,2.10,1.54,0.77,0.84,0.49,0.56,1.89,29.6,1.33,1.33,0.07,1.26,0.63,2.73,0.56,0.00,Matchs
443,Andrea Cambiaso,it ITA,DF,Bologna,it Serie A,22,2000,24.1,2.37,1.41,1.41,0.83,0.12,1.16,2.70,43.1,1.54,01.08,0.08,1.00,01.08,3.44,1.37,0.04,Matchs
444,Axel Camblan,fr FRA,"AT,MT",Brest,fr Ligue 1,18,2003,0.8,2.50,2.50,1.25,1.25,0.00,0.00,1.25,0.0,1.25,0.00,0.00,0.00,0.00,2.50,0.00,0.00,Matchs
445,Sergio Camello,es ESP,AT,Rayo Vallecano,es La Liga,21,2001,26.7,0.60,0.37,0.11,0.34,0.15,0.19,0.64,29.4,0.45,0.34,0.04,0.30,0.07,0.67,0.97,0.00,Matchs
446,Chem Campbell,wls WAL,"AT,MT",Wolves,eng Premier League,19,2002,0.8,2.50,1.25,1.25,1.25,0.00,0.00,1.25,0.0,1.25,2.50,0.00,2.50,1.25,3.75,0.00,0.00,Matchs
447,Emre Can,de GER,MT,Dortmund,de Bundesliga,28,1994,21.1,2.70,1.33,1.18,1.28,0.24,01.04,02.04,51.2,1.00,0.76,0.28,0.47,1.18,3.89,1.85,0.05,Matchs
448,Sergio Canales,es ESP,"AT,MT",Betis,es La Liga,31,1991,26.7,0.94,0.52,0.37,0.30,0.26,0.52,1.24,42.4,0.71,0.67,0.00,0.67,0.52,1.46,0.30,0.00,Matchs
449,Matteo Cancellieri,it ITA,AT,Lazio,it Serie A,20,2002,2.8,3.57,1.43,1.79,01.07,0.71,1.79,3.21,55.6,1.43,1.43,0.00,1.43,0.36,3.93,0.71,0.00,Matchs
450,João Cancelo,pt POR,DF,Manchester City,eng Premier League,28,1994,14.2,02.04,1.48,1.13,0.63,0.28,1.20,1.69,70.8,0.49,0.49,0.07,0.42,1.34,3.38,0.63,0.07,Matchs
Clt,Joueur,Nation,Pos,Équipe,Comp,Âge,Naissance,90,Tcl,TclR,ZDéf,MilTer,ZOff,Tcl,Att,Tcl%,Manqués,Balles contrées,Tirs,Passe,Int,Tcl+Int,Dég,Err,Matchs
451,João Cancelo,pt POR,"DF,AT",Bayern Munich,de Bundesliga,28,1994,11.2,02.05,1.25,0.80,0.89,0.36,0.89,02.05,43.5,1.16,1.25,0.18,01.07,1.34,3.39,1.96,0.00,Matchs
452,Antonio Candreva,it ITA,"MT,DF",Salernitana,it Serie A,35,1987,30.3,0.56,0.23,0.43,0.07,0.07,0.36,1.25,28.9,0.89,0.23,0.10,0.13,0.56,1.12,01.06,0.00,Matchs
453,Thomas Cannon,ie IRL,AT,Everton,eng Premier League,19,2002,0.3,0.00,0.00,0.00,0.00,0.00,0.00,0.00,,0.00,0.00,0.00,0.00,0.00,0.00,0.00,0.00,Matchs
454,Sergi Canós,es ESP,"AT,DF",Brentford,eng Premier League,25,1997,0.9,0.00,0.00,0.00,0.00,0.00,0.00,2.22,0.0,2.22,3.33,1.11,2.22,0.00,0.00,1.11,0.00,Matchs
455,Ander Capa,es ESP,DF,Athletic Club,es La Liga,30,1992,1.2,0.83,0.83,0.83,0.00,0.00,0.83,4.17,20.0,3.33,4.17,0.00,4.17,0.00,0.83,1.67,0.00,Matchs
456,Pierrick Capelle,fr FRA,"MT,DF",Angers,fr Ligue 1,35,1987,15.9,2.26,1.32,01.07,0.94,0.25,1.38,3.46,40.0,02.08,1.51,0.19,1.32,0.94,3.21,1.51,0.00,Matchs
457,Étienne Capoue,fr FRA,MT,Villarreal,es La Liga,34,1988,21.7,0.97,0.55,0.28,0.60,0.09,0.46,0.83,55.6,0.37,0.55,0.23,0.32,0.88,1.84,0.92,0.05,Matchs
458,Gianluca Caprari,it ITA,"MT,AT",Monza,it Serie A,29,1993,27.1,0.59,0.22,0.11,0.41,0.07,0.30,0.96,30.8,0.66,0.81,0.04,0.77,0.30,0.89,0.11,0.00,Matchs
459,Francesco Caputo,it ITA,AT,Sampdoria,it Serie A,34,1987,12.2,0.25,0.08,0.00,0.00,0.25,0.00,0.25,0.0,0.25,0.00,0.00,0.00,0.08,0.33,0.25,0.00,Matchs
460,Francesco Caputo,it ITA,AT,Empoli,it Serie A,34,1987,19.0,0.11,0.11,0.00,0.05,0.05,0.00,0.05,0.0,0.05,0.37,0.11,0.26,0.11,0.21,0.42,0.00,Matchs
461,Maxence Caqueret,fr FRA,MT,Lyon,fr Ligue 1,22,2000,30.7,2.83,1.76,0.88,1.24,0.72,1.40,3.55,39.4,2.15,1.47,0.10,1.37,1.27,4.10,0.88,0.00,Matchs
462,Andrea Carboni,it ITA,DF,Monza,it Serie A,21,2001,1.9,1.58,01.05,01.05,0.00,0.53,01.05,2.63,40.0,1.58,1.58,01.05,0.53,1.58,3.16,01.05,0.53,Matchs
463,Franco Carboni,it ITA,"DF,AT",Monza,it Serie A,19,2003,0.7,1.43,1.43,1.43,0.00,0.00,0.00,2.86,0.0,2.86,4.29,0.00,4.29,1.43,2.86,0.00,0.00,Matchs
464,Valentin Carboni,ar ARG,"MT,DF",Inter,it Serie A,17,2005,0.3,3.33,3.33,0.00,3.33,0.00,3.33,10.0,33.3,6.67,3.33,0.00,3.33,0.00,3.33,0.00,0.00,Matchs
465,Isaac Carcelen,es ESP,DF,Cádiz,es La Liga,29,1993,24.4,2.83,02.09,1.68,0.90,0.25,1.68,2.58,65.1,0.90,1.43,0.45,0.98,0.78,3.61,3.28,0.04,Matchs
466,Irvin Cardona,fr FRA,"AT,MT",Brest,fr Ligue 1,24,1997,2.6,0.77,0.00,0.38,0.38,0.00,0.00,1.15,0.0,1.15,1.15,0.00,1.15,0.77,1.54,0.77,0.00,Matchs
467,Irvin Cardona,fr FRA,"MT,AT",Augsburg,de Bundesliga,24,1997,3.5,0.29,0.29,0.29,0.00,0.00,0.29,1.43,20.0,1.14,0.86,0.00,0.86,1.14,1.43,2.29,0.00,Matchs
468,Igor Carioca,br BRA,DF,Lorient,fr Ligue 1,25,1996,5.1,3.53,2.16,2.35,0.39,0.78,2.35,4.12,57.1,1.76,1.37,0.00,1.37,0.98,4.51,3.33,0.00,Matchs
469,Carlos,br BRA,DF,Monza,it Serie A,23,1999,34.3,2.13,1.11,1.22,0.67,0.23,0.96,1.57,61.1,0.61,0.70,0.17,0.52,0.70,2.83,2.48,0.03,Matchs
470,Diego Carlos,br BRA,DF,Aston Villa,eng Premier League,29,1993,2.3,0.43,0.00,0.00,0.43,0.00,0.00,0.43,0.0,0.43,0.87,0.87,0.00,0.43,0.87,0.87,0.00,Matchs
471,Juan Carlos,es ESP,GB,Girona,es La Liga,34,1988,10.0,0.00,0.00,0.00,0.00,0.00,0.00,0.00,,0.00,0.00,0.00,0.00,0.10,0.10,0.70,0.10,Matchs
472,José Carlos Lazo,es ESP,"MT,AT",Almería,es La Liga,26,1996,0.2,0.00,0.00,0.00,0.00,0.00,0.00,0.00,,0.00,0.00,0.00,0.00,0.00,0.00,0.00,0.00,Matchs
473,José Carlos Lazo,es ESP,"MT,AT",Espanyol,es La Liga,26,1996,1.8,2.78,1.67,1.11,1.11,0.56,1.67,1.67,100.0,0.00,1.11,0.00,1.11,1.67,4.44,2.78,0.00,Matchs
474,Carmona,es ESP,"MT,DF",Elche,es La Liga,20,2002,6.5,2.46,1.38,01.08,0.92,0.46,0.92,2.46,37.5,1.54,2.15,0.31,1.85,1.23,3.69,1.38,0.00,Matchs
475,Carmona,es ESP,DF,Sevilla,es La Liga,20,2002,5.9,2.20,1.86,0.85,0.51,0.85,1.53,2.71,56.3,1.19,1.69,01.02,0.68,1.19,3.39,2.88,0.17,Matchs
Clt,Joueur,Nation,Pos,Équipe,Comp,Âge,Naissance,90,Tcl,TclR,ZDéf,MilTer,ZOff,Tcl,Att,Tcl%,Manqués,Balles contrées,Tirs,Passe,Int,Tcl+Int,Dég,Err,Matchs
476,Marco Carnesecchi,it ITA,GB,Cremonese,it Serie A,22,2000,27.0,0.04,0.04,0.04,0.00,0.00,0.04,0.07,50.0,0.04,0.00,0.00,0.00,0.00,0.04,0.41,0.07,Matchs
477,Yannick Carrasco,be BEL,"DF,MT",Atlético Madrid,es La Liga,28,1993,25.7,1.36,0.54,0.82,0.39,0.16,0.89,2.10,42.6,1.21,0.89,0.04,0.86,0.47,1.83,0.74,0.00,Matchs
478,Dani Carvajal,es ESP,DF,Real Madrid,es La Liga,30,1992,19.8,1.62,0.91,0.76,0.61,0.25,0.91,1.77,51.4,0.86,1.21,0.30,0.91,0.76,2.37,2.47,0.00,Matchs
479,Fabio Carvalho,pt POR,"MT,AT",Liverpool,eng Premier League,19,2002,3.9,02.05,02.05,0.77,0.77,0.51,0.77,1.54,50.0,0.77,1.54,0.00,1.54,1.54,3.59,0.00,0.00,Matchs
480,Matis Carvalho,pt POR,GB,Montpellier,fr Ligue 1,23,1999,1.5,0.00,0.00,0.00,0.00,0.00,0.00,0.00,,0.00,0.00,0.00,0.00,0.67,0.67,0.00,0.00,Matchs
481,William Carvalho,pt POR,MT,Betis,es La Liga,30,1992,27.1,1.59,1.00,0.66,0.85,0.07,0.63,1.62,38.6,1.00,1.00,0.22,0.77,0.59,2.18,0.81,0.00,Matchs
482,Nicolò Casale,it ITA,DF,Lazio,it Serie A,24,1998,27.1,1.55,0.74,01.03,0.52,0.00,0.81,1.25,64.7,0.44,0.92,0.63,0.30,0.63,2.18,2.69,0.04,Matchs
483,Casemiro,br BRA,MT,Manchester Utd,eng Premier League,30,1992,23.6,3.77,1.95,1.82,1.48,0.47,02.03,3.90,52.2,1.86,02.08,0.47,1.61,1.44,5.21,2.71,0.00,Matchs
484,Casemiro,br BRA,MT,Real Madrid,es La Liga,30,1992,0.1,0.00,0.00,0.00,0.00,0.00,0.00,0.00,,0.00,0.00,0.00,0.00,0.00,0.00,10.0,0.00,Matchs
485,Matty Cash,pl POL,DF,Aston Villa,eng Premier League,24,1997,20.2,2.72,1.58,1.78,0.74,0.20,1.29,1.83,70.3,0.54,0.99,0.25,0.74,1.29,04.01,2.13,0.00,Matchs
486,Tommaso Cassandro,it ITA,DF,Lecce,it Serie A,22,2000,0.1,10.0,10.0,0.00,10.0,0.00,0.00,0.00,,0.00,10.0,10.0,0.00,0.00,10.0,0.00,0.00,Matchs
487,Timothy Castagne,be BEL,DF,Leicester City,eng Premier League,26,1995,36.2,2.40,1.22,1.46,0.75,0.19,1.13,2.32,48.8,1.19,1.38,0.36,01.02,1.19,3.59,03.04,0.00,Matchs
488,Michele Castagnetti,it ITA,MT,Cremonese,it Serie A,32,1989,15.7,2.93,1.34,1.27,1.53,0.13,1.15,3.44,33.3,2.29,0.89,0.25,0.64,0.96,3.89,1.40,0.00,Matchs
489,Koen Casteels,be BEL,GB,Wolfsburg,de Bundesliga,30,1992,34.0,0.00,0.00,0.00,0.00,0.00,0.00,0.00,,0.00,0.00,0.00,0.00,0.03,0.03,0.29,0.03,Matchs
490,Valentín Castellanos,ar ARG,AT,Girona,es La Liga,23,1998,28.9,0.42,0.17,0.07,0.24,0.10,0.00,0.62,0.0,0.62,0.76,0.07,0.69,0.21,0.62,0.90,0.00,Matchs
491,Jean-Charles Castelletto,cm CMR,DF,Nantes,fr Ligue 1,27,1995,28.5,1.51,0.91,01.02,0.42,0.07,0.77,1.26,61.1,0.49,1.23,0.77,0.46,02.04,3.54,3.16,0.00,Matchs
492,Samu Castillejo,es ESP,"AT,MT",Valencia,es La Liga,27,1995,15.1,1.39,0.79,0.53,0.60,0.26,0.53,2.65,20.0,2.12,1.39,0.13,1.26,0.60,1.99,0.13,0.00,Matchs
493,Jonny Castro,es ESP,DF,Wolves,eng Premier League,28,1994,14.0,2.43,01.07,1.64,0.71,0.07,1.29,2.64,48.6,1.36,1.86,0.36,1.50,1.00,3.43,2.00,0.14,Matchs
494,Gaetano Castrovilli,it ITA,MT,Fiorentina,it Serie A,25,1997,8.0,1.25,1.00,0.13,0.88,0.25,0.25,1.13,22.2,0.88,0.63,0.13,0.50,1.00,2.25,0.63,0.00,Matchs
495,Danilo Cataldi,it ITA,MT,Lazio,it Serie A,27,1994,21.3,1.17,0.75,0.33,0.70,0.14,0.66,1.88,35.0,1.22,01.08,0.42,0.66,1.13,2.30,1.55,0.00,Matchs
496,Catena,es ESP,DF,Rayo Vallecano,es La Liga,27,1994,34.5,0.84,0.41,0.67,0.12,0.06,0.38,0.78,48.1,0.41,0.93,0.72,0.20,0.81,1.65,4.61,0.03,Matchs
497,Yoann Cathline,fr FRA,"AT,MT",Lorient,fr Ligue 1,20,2002,12.1,1.57,0.99,0.58,0.50,0.50,0.41,0.99,41.7,0.58,0.83,0.08,0.74,0.66,2.23,1.32,0.08,Matchs
498,Maximiliano Caufriez,be BEL,DF,Clermont Foot,fr Ligue 1,25,1997,24.7,1.62,0.97,1.26,0.32,0.04,0.81,1.13,71.4,0.32,1.34,0.73,0.61,1.38,3.00,2.83,0.00,Matchs
499,Edinson Cavani,uy URU,AT,Valencia,es La Liga,35,1987,16.1,0.43,0.25,0.19,0.19,0.06,0.19,0.93,20.0,0.75,0.62,0.19,0.43,0.12,0.56,0.68,0.00,Matchs
500,Dani Ceballos,es ESP,MT,Real Madrid,es La Liga,25,1996,17.4,2.47,1.67,0.75,0.86,0.86,1.44,3.68,39.1,2.24,1.32,0.11,1.21,1.44,3.91,0.34,0.06,Matchs
Clt,Joueur,Nation,Pos,Équipe,Comp,Âge,Naissance,90,Tcl,TclR,ZDéf,MilTer,ZOff,Tcl,Att,Tcl%,Manqués,Balles contrées,Tirs,Passe,Int,Tcl+Int,Dég,Err,Matchs
501,Pietro Ceccaroni,it ITA,DF,Lecce,it Serie A,26,1995,0.5,0.00,0.00,0.00,0.00,0.00,0.00,0.00,,0.00,2.00,2.00,0.00,6.00,6.00,4.00,0.00,Matchs
502,Federico Ceccherini,it ITA,DF,Hellas Verona,it Serie A,30,1992,15.7,1.59,1.21,0.96,0.57,0.06,0.83,1.46,56.5,0.64,01.08,0.64,0.45,1.21,2.80,3.50,0.00,Matchs
503,Assan Ceesay,gm GAM,AT,Lecce,it Serie A,28,1994,20.1,1.14,0.90,0.35,0.40,0.40,0.45,0.85,52.9,0.40,0.75,0.10,0.65,0.15,1.29,1.19,0.00,Matchs
504,Emil Ceide,no NOR,AT,Sassuolo,it Serie A,20,2001,5.7,0.88,0.35,0.88,0.00,0.00,0.53,0.88,60.0,0.35,0.53,0.18,0.35,0.18,01.05,0.00,0.00,Matchs
505,Zeki Çelik,tr TUR,DF,Roma,it Serie A,25,1997,16.7,2.51,1.26,1.14,1.26,0.12,1.44,2.46,58.5,01.02,1.98,0.36,1.62,0.84,3.35,2.16,0.12,Matchs
506,Álex Centelles,es ESP,DF,Almería,es La Liga,24,1997,12.5,1.76,1.12,1.28,0.24,0.24,1.28,1.76,72.7,0.48,01.04,0.16,0.88,0.88,2.64,3.20,0.00,Matchs
507,Fabien Centonze,fr FRA,DF,Nantes,fr Ligue 1,26,1996,18.8,03.09,1.97,1.60,1.17,0.32,1.60,2.23,71.4,0.64,1.28,0.37,0.90,2.34,5.43,2.93,0.05,Matchs
508,Michele Cerofolini,it ITA,GB,Fiorentina,it Serie A,23,1999,5.0,0.00,0.00,0.00,0.00,0.00,0.00,0.00,,0.00,0.00,0.00,0.00,0.20,0.20,0.40,0.00,Matchs
509,Franco Cervi,ar ARG,"MT,DF",Celta Vigo,es La Liga,28,1994,21.0,3.62,2.19,1.38,1.71,0.52,1.57,3.14,50.0,1.57,1.57,0.05,1.52,1.71,5.33,0.76,0.00,Matchs
510,Julio César Enciso,py PAR,"AT,MT",Brighton,eng Premier League,18,2004,9.0,1.44,0.44,0.33,0.67,0.44,0.89,1.44,61.5,0.56,1.00,0.00,1.00,0.44,1.89,0.22,0.00,Matchs
511,Julian Chabot,de GER,DF,Köln,de Bundesliga,24,1998,20.0,1.80,1.15,0.95,0.70,0.15,1.00,1.75,57.1,0.75,1.50,0.90,0.60,02.05,3.85,5.25,0.00,Matchs
512,Florian Chabrolle,fr FRA,MT,Ajaccio,fr Ligue 1,24,1998,3.7,1.62,01.08,0.27,1.35,0.00,0.54,01.08,50.0,0.54,0.81,0.00,0.81,1.89,3.51,0.54,0.00,Matchs
513,El Chadaille Bitshiabu,fr FRA,DF,Paris S-G,fr Ligue 1,17,2005,6.5,1.54,01.08,01.08,0.31,0.15,0.46,1.85,25.0,1.38,1.38,01.08,0.31,1.38,2.92,2.00,0.46,Matchs
514,Fares Chaïbi,dz ALG,"AT,MT",Toulouse,fr Ligue 1,19,2002,26.0,1.19,0.69,0.31,0.58,0.31,0.65,1.92,34.0,1.27,1.46,0.19,1.27,0.73,1.92,1.38,0.04,Matchs
515,Nathaniel Chalobah,eng ENG,MT,Fulham,eng Premier League,27,1994,0.1,10.0,10.0,10.0,0.00,0.00,10.0,10.0,100.0,0.00,0.00,0.00,0.00,0.00,10.0,20.0,0.00,Matchs
516,Trevoh Chalobah,eng ENG,DF,Chelsea,eng Premier League,23,1999,17.9,1.73,1.12,1.23,0.34,0.17,1.34,1.96,68.6,0.61,0.95,0.39,0.56,1.34,03.07,3.13,0.06,Matchs
517,Muhammed Cham,at AUT,MT,Clermont Foot,fr Ligue 1,21,2000,21.9,1.37,0.68,0.68,0.18,0.50,0.59,1.60,37.1,1.00,0.59,0.00,0.59,0.32,1.69,0.23,0.00,Matchs
518,Calum Chambers,eng ENG,"DF,MT",Aston Villa,eng Premier League,27,1995,3.9,2.31,1.54,1.79,0.51,0.00,1.54,02.05,75.0,0.51,1.28,01.03,0.26,1.79,4.10,2.56,0.26,Matchs
519,Timothy Chandler,us USA,DF,Eint Frankfurt,de Bundesliga,32,1990,1.0,2.00,2.00,2.00,0.00,0.00,2.00,2.00,100.0,0.00,1.00,0.00,1.00,0.00,2.00,3.00,0.00,Matchs
520,Gaëtan Charbonnier,fr FRA,"AT,MT",Auxerre,fr Ligue 1,33,1988,2.8,0.71,0.36,0.00,0.71,0.00,0.00,1.43,0.0,1.43,0.71,0.00,0.71,0.00,0.71,1.79,0.00,Matchs
521,Brendan Chardonnet,fr FRA,DF,Brest,fr Ligue 1,27,1994,27.7,1.62,0.97,0.97,0.65,0.00,0.72,1.37,52.6,0.65,1.44,0.69,0.76,2.27,3.90,3.10,0.04,Matchs
522,Shea Charles,nir NIR,DF,Manchester City,eng Premier League,18,2003,0.3,13.3,0.00,13.3,0.00,0.00,3.33,3.33,100.0,0.00,0.00,0.00,0.00,3.33,16.7,6.67,0.00,Matchs
523,Xavier Chavalerin,fr FRA,MT,Troyes,fr Ligue 1,31,1991,27.0,03.04,1.85,1.44,1.11,0.48,1.00,2.63,38.0,1.63,1.15,0.30,0.85,1.52,4.56,0.89,0.00,Matchs
524,Pep Chavarría,es ESP,"AT,MT",Rayo Vallecano,es La Liga,24,1998,4.1,1.46,0.98,0.49,0.24,0.73,0.24,1.22,20.0,0.98,1.95,0.00,1.95,0.49,1.95,1.95,0.00,Matchs
525,Ivane Chegra,fr FRA,"MT,AT",Ajaccio,fr Ligue 1,18,2004,2.1,3.81,1.43,2.86,0.48,0.48,1.90,5.24,36.4,3.33,0.00,0.00,0.00,0.48,4.29,0.00,0.00,Matchs
Clt,Joueur,Nation,Pos,Équipe,Comp,Âge,Naissance,90,Tcl,TclR,ZDéf,MilTer,ZOff,Tcl,Att,Tcl%,Manqués,Balles contrées,Tirs,Passe,Int,Tcl+Int,Dég,Err,Matchs
526,Pape Cheikh Diop,sn SEN,MT,Elche,es La Liga,24,1997,0.4,0.00,0.00,0.00,0.00,0.00,0.00,2.50,0.0,2.50,0.00,0.00,0.00,0.00,0.00,0.00,0.00,Matchs
527,Rayan Cherki,fr FRA,"MT,AT",Lyon,fr Ligue 1,18,2003,20.8,0.67,0.38,0.10,0.24,0.34,0.38,1.11,34.8,0.72,0.29,0.00,0.29,0.24,0.91,0.05,0.00,Matchs
528,Ilyes Cheti,dz ALG,DF,Angers,fr Ligue 1,27,1995,2.3,2.61,1.74,1.74,0.00,0.87,2.17,3.48,62.5,1.30,2.17,0.43,1.74,1.74,4.35,03.04,0.00,Matchs
529,Lucas Chevalier,fr FRA,GB,Lille,fr Ligue 1,20,2001,32.0,0.06,0.03,0.06,0.00,0.00,0.06,0.06,100.0,0.00,0.03,0.00,0.03,0.06,0.13,0.22,0.06,Matchs
530,Fabio Chiarodia,it ITA,DF,Werder Bremen,de Bundesliga,17,2005,0.7,0.00,0.00,0.00,0.00,0.00,0.00,0.00,,0.00,1.43,0.00,1.43,2.86,2.86,5.71,0.00,Matchs
531,Federico Chiesa,it ITA,"DF,MT",Juventus,it Serie A,24,1997,9.5,2.32,1.16,0.63,0.63,01.05,0.53,1.47,35.7,0.95,1.37,0.11,1.26,0.00,2.32,0.11,0.00,Matchs
532,Ben Chilwell,eng ENG,"DF,MT",Chelsea,eng Premier League,25,1996,15.6,1.35,01.09,0.77,0.51,0.06,0.83,1.60,52.0,0.77,1.35,0.13,1.22,1.15,2.50,1.67,0.00,Matchs
533,Vlad Chiricheș,ro ROU,DF,Cremonese,it Serie A,32,1989,10.9,3.21,1.83,2.48,0.64,0.09,1.47,2.20,66.7,0.73,3.30,2.11,1.19,02.02,5.23,04.04,0.00,Matchs
534,Pedro Chirivella,es ESP,MT,Nantes,fr Ligue 1,25,1997,22.5,1.47,0.98,0.53,0.67,0.27,0.76,1.96,38.6,1.20,01.07,0.04,01.02,0.89,2.36,0.31,0.00,Matchs
535,Joris Chotard,fr FRA,MT,Montpellier,fr Ligue 1,20,2001,27.3,2.34,1.25,1.36,0.84,0.15,1.47,2.86,51.3,1.39,1.47,0.40,01.06,1.47,3.81,1.54,0.04,Matchs
536,Andreas Christensen,dk DEN,DF,Barcelona,es La Liga,26,1996,19.6,01.02,0.77,0.46,0.56,0.00,0.51,0.82,62.5,0.31,0.71,0.61,0.10,01.07,02.09,2.40,0.00,Matchs
537,Oliver Christensen,dk DEN,GB,Hertha BSC,de Bundesliga,23,1999,33.0,0.03,0.00,0.03,0.00,0.00,0.00,0.06,0.0,0.06,0.00,0.00,0.00,0.00,0.03,0.67,0.06,Matchs
538,Ryan Christie,sct SCO,"MT,AT",Bournemouth,eng Premier League,27,1995,20.4,1.67,01.08,0.49,1.13,0.05,0.69,2.40,28.6,1.72,0.78,0.20,0.59,1.27,2.94,0.98,0.00,Matchs
539,Carney Chukwuemeka,eng ENG,"MT,AT",Chelsea,eng Premier League,18,2003,3.9,3.33,1.79,1.79,1.54,0.00,0.77,1.28,60.0,0.51,1.79,0.00,1.79,1.54,4.87,0.26,0.00,Matchs
540,Samuel Chukwueze,ng NGA,"AT,MT",Villarreal,es La Liga,23,1999,26.0,0.54,0.27,0.27,0.08,0.19,0.27,0.88,30.4,0.62,0.50,0.00,0.50,0.46,1.00,0.62,0.00,Matchs
541,Darko Churlinov,mk MKD,AT,Stuttgart,de Bundesliga,22,2000,0.3,10.0,6.67,6.67,3.33,0.00,6.67,10.0,66.7,3.33,3.33,0.00,3.33,0.00,10.0,0.00,0.00,Matchs
542,Víctor Chust,es ESP,DF,Cádiz,es La Liga,22,2000,10.7,0.84,0.56,0.65,0.19,0.00,0.37,0.65,57.1,0.28,0.75,0.28,0.47,0.93,1.78,4.95,0.00,Matchs
543,Tolga Ciğerci,tr TUR,MT,Hertha BSC,de Bundesliga,30,1992,7.5,2.13,1.73,0.80,1.20,0.13,1.33,2.13,62.5,0.80,0.80,0.27,0.53,01.07,3.20,0.67,0.00,Matchs
544,Yanis Cimignani,fr FRA,"MT,DF",Ajaccio,fr Ligue 1,20,2002,3.1,3.55,1.61,0.97,2.26,0.32,1.29,1.61,80.0,0.32,1.61,0.32,1.29,0.65,4.19,0.65,0.00,Matchs
545,Daniel Ciofani,it ITA,AT,Cremonese,it Serie A,37,1985,11.8,0.51,0.25,0.08,0.17,0.25,0.34,0.59,57.1,0.25,0.59,0.08,0.51,0.17,0.68,0.85,0.00,Matchs
546,Tio Cipot,si SVN,"AT,MT",Spezia,it Serie A,19,2003,1.5,8.00,4.67,4.00,2.00,2.00,4.00,5.33,75.0,1.33,0.00,0.00,0.00,0.00,8.00,1.33,0.00,Matchs
547,Pathé Ciss,sn SEN,"MT,DF",Rayo Vallecano,es La Liga,28,1994,14.2,2.75,02.04,0.77,1.62,0.35,01.06,2.39,44.1,1.34,1.62,0.70,0.92,1.55,4.30,2.39,0.00,Matchs
548,Souleymane Cissé,fr FRA,DF,Clermont Foot,fr Ligue 1,19,2002,0.4,2.50,2.50,2.50,0.00,0.00,2.50,2.50,100.0,0.00,2.50,2.50,0.00,2.50,5.00,5.00,0.00,Matchs
549,Patrick Ciurria,it ITA,"DF,MT",Monza,it Serie A,27,1995,30.6,01.01,0.59,0.65,0.33,0.03,0.56,01.08,51.5,0.52,0.78,0.07,0.72,0.23,1.24,01.05,0.00,Matchs
550,Bobby Clark,eng ENG,MT,Liverpool,eng Premier League,17,2005,0.1,0.00,0.00,0.00,0.00,0.00,0.00,0.00,,0.00,20.0,0.00,20.0,0.00,0.00,0.00,0.00,Matchs
Clt,Joueur,Nation,Pos,Équipe,Comp,Âge,Naissance,90,Tcl,TclR,ZDéf,MilTer,ZOff,Tcl,Att,Tcl%,Manqués,Balles contrées,Tirs,Passe,Int,Tcl+Int,Dég,Err,Matchs
551,Alexis Claude-Maurice,fr FRA,AT,Nice,fr Ligue 1,24,1998,0.7,4.29,2.86,2.86,1.43,0.00,4.29,4.29,100.0,0.00,0.00,0.00,0.00,2.86,7.14,1.43,0.00,Matchs
552,Alexis Claude-Maurice,fr FRA,"MT,AT",Lens,fr Ligue 1,24,1998,6.7,02.09,1.34,0.75,1.19,0.15,0.90,2.39,37.5,1.49,0.90,0.00,0.90,0.30,2.39,0.15,0.00,Matchs
553,Jonathan Clauss,fr FRA,DF,Marseille,fr Ligue 1,29,1992,28.8,1.60,0.97,0.73,0.56,0.31,0.80,1.81,44.2,01.01,01.01,0.14,0.87,01.08,2.67,1.39,0.07,Matchs
554,Carlos Clerc,es ESP,"DF,MT",Elche,es La Liga,30,1992,29.3,2.56,1.74,1.88,0.55,0.14,01.06,1.71,62.0,0.65,0.99,0.24,0.75,0.96,3.52,3.21,0.03,Matchs
555,Nathaniel Clyne,eng ENG,DF,Crystal Palace,eng Premier League,31,1991,18.2,1.48,0.88,0.71,0.49,0.27,0.77,1.26,60.9,0.49,1.21,0.22,0.99,01.04,2.53,1.87,0.00,Matchs
556,Conor Coady,eng ENG,DF,Everton,eng Premier League,29,1993,23.3,0.60,0.39,0.34,0.26,0.00,0.30,0.64,46.7,0.34,0.90,0.73,0.17,0.60,1.20,3.78,0.13,Matchs
557,Nicolò Cocetta,it ITA,DF,Udinese,it Serie A,18,2003,0.4,0.00,0.00,0.00,0.00,0.00,0.00,2.50,0.0,2.50,2.50,2.50,0.00,2.50,2.50,2.50,0.00,Matchs
558,Marcus Coco,fr FRA,"AT,MT",Nantes,fr Ligue 1,26,1996,7.1,3.38,2.11,1.55,1.27,0.56,1.55,3.24,47.8,1.69,1.83,0.42,1.41,1.97,5.35,0.99,0.00,Matchs
559,Alexandre Coeff,fr FRA,DF,Auxerre,fr Ligue 1,30,1992,6.5,1.54,0.77,0.92,0.62,0.00,0.62,1.38,44.4,0.77,1.38,0.62,0.77,1.23,2.77,5.38,0.15,Matchs
560,Jack Colback,eng ENG,MT,Nott'ham Forest,eng Premier League,32,1989,5.5,3.27,2.36,2.18,01.09,0.00,0.91,1.45,62.5,0.55,0.55,0.00,0.55,0.55,3.82,1.64,0.00,Matchs
561,Séamus Coleman,ie IRL,DF,Everton,eng Premier League,33,1988,18.4,1.90,1.41,1.14,0.54,0.22,01.03,1.58,65.5,0.54,0.76,0.38,0.38,1.20,3.10,3.15,0.11,Matchs
562,David Čolina,hr CRO,"DF,AT",Augsburg,de Bundesliga,22,2000,1.8,2.22,0.56,0.56,0.56,1.11,1.11,1.11,100.0,0.00,4.44,0.00,4.44,2.22,4.44,1.67,0.00,Matchs
563,Álex Collado,es ESP,MT,Elche,es La Liga,23,1999,8.1,3.21,1.73,1.60,1.36,0.25,0.99,1.60,61.5,0.62,1.48,0.12,1.36,0.25,3.46,0.49,0.00,Matchs
564,Diego Collado,es ESP,AT,Villarreal,es La Liga,21,2001,0.1,0.00,0.00,0.00,0.00,0.00,0.00,0.00,,0.00,0.00,0.00,0.00,0.00,0.00,0.00,0.00,Matchs
565,Omar Colley,gm GAM,DF,Sampdoria,it Serie A,29,1992,15.4,1.10,0.65,0.65,0.45,0.00,0.58,0.78,75.0,0.19,0.58,0.32,0.26,1.43,2.53,4.48,0.06,Matchs
566,Nathan Collins,ie IRL,DF,Wolves,eng Premier League,21,2001,20.2,1.34,0.74,0.94,0.40,0.00,0.74,1.19,62.5,0.45,1.73,1.39,0.35,01.04,2.38,4.16,0.00,Matchs
567,Lorenzo Colombo,it ITA,AT,Lecce,it Serie A,20,2002,16.8,01.01,0.54,0.06,0.54,0.42,0.36,0.83,42.9,0.48,1.31,0.00,1.31,0.12,1.13,0.42,0.00,Matchs
568,Andrea Colpani,it ITA,MT,Monza,it Serie A,23,1999,10.5,1.33,0.86,0.57,0.48,0.29,0.76,1.14,66.7,0.38,1.33,0.19,1.14,0.29,1.62,0.57,0.00,Matchs
569,Levi Colwill,eng ENG,DF,Brighton,eng Premier League,19,2003,13.6,0.59,0.51,0.29,0.29,0.00,0.29,0.66,44.4,0.37,0.37,0.22,0.15,1.10,1.69,2.72,0.07,Matchs
570,Kingsley Coman,fr FRA,"AT,MT",Bayern Munich,de Bundesliga,26,1996,15.7,0.70,0.51,0.19,0.32,0.19,0.45,01.08,41.2,0.64,1.21,0.06,1.15,0.13,0.83,0.45,0.00,Matchs
571,Eray Cömert,ch SUI,DF,Valencia,es La Liga,24,1998,18.6,1.88,1.24,1.29,0.54,0.05,0.91,1.77,51.5,0.86,1.24,0.43,0.81,1.56,3.44,04.09,0.05,Matchs
572,Santi Comesaña,es ESP,MT,Rayo Vallecano,es La Liga,25,1996,27.2,2.61,1.62,0.88,1.51,0.22,1.40,03.01,46.3,1.62,1.43,0.11,1.32,1.18,3.79,0.63,0.00,Matchs
573,Andrea Consigli,it ITA,GB,Sassuolo,it Serie A,35,1987,35.0,0.03,0.00,0.03,0.00,0.00,0.00,0.03,0.0,0.03,0.00,0.00,0.00,0.00,0.03,0.37,0.09,Matchs
574,Abdu Conté,pt POR,DF,Troyes,fr Ligue 1,24,1998,14.6,1.71,1.16,0.96,0.55,0.21,0.82,1.51,54.5,0.68,0.89,0.41,0.48,0.41,2.12,1.71,0.00,Matchs
575,Andrea Conti,it ITA,DF,Sampdoria,it Serie A,28,1994,0.3,0.00,0.00,0.00,0.00,0.00,0.00,0.00,,0.00,0.00,0.00,0.00,0.00,0.00,0.00,0.00,Matchs
Clt,Joueur,Nation,Pos,Équipe,Comp,Âge,Naissance,90,Tcl,TclR,ZDéf,MilTer,ZOff,Tcl,Att,Tcl%,Manqués,Balles contrées,Tirs,Passe,Int,Tcl+Int,Dég,Err,Matchs
576,Lewis Cook,eng ENG,MT,Bournemouth,eng Premier League,25,1997,19.1,1.94,1.15,0.52,1.15,0.26,0.94,2.20,42.9,1.26,1.52,0.52,0.99,1.20,3.14,1.62,0.00,Matchs
577,Steve Cook,eng ENG,DF,Nott'ham Forest,eng Premier League,31,1991,10.6,0.75,0.38,0.38,0.38,0.00,0.47,0.66,71.4,0.19,1.51,01.04,0.47,1.13,1.89,4.81,0.00,Matchs
578,Liam Cooper,sct SCO,DF,Leeds United,eng Premier League,30,1991,15.8,2.41,1.46,1.71,0.57,0.13,1.46,2.28,63.9,0.82,01.01,0.51,0.51,2.15,4.56,3.61,0.19,Matchs
579,Copete,es ESP,DF,Mallorca,es La Liga,22,1999,24.5,2.16,1.14,1.43,0.65,0.08,01.06,1.47,72.2,0.41,1.55,0.69,0.86,1.80,3.96,4.53,0.08,Matchs
580,Diego Coppola,it ITA,DF,Hellas Verona,it Serie A,18,2003,13.1,1.91,1.30,1.15,0.76,0.00,0.84,1.83,45.8,0.99,1.53,0.46,01.07,01.07,2.98,2.90,0.00,Matchs
581,Francis Coquelin,fr FRA,MT,Villarreal,es La Liga,31,1991,8.3,2.17,1.57,0.84,01.08,0.24,0.84,0.84,100.0,0.00,0.96,0.24,0.72,01.08,3.25,0.84,0.00,Matchs
582,Sébastien Corchia,fr FRA,DF,Nantes,fr Ligue 1,31,1990,8.7,1.84,0.69,1.15,0.23,0.46,1.26,2.53,50.0,1.26,01.03,0.34,0.69,1.61,3.45,2.41,0.00,Matchs
583,Alex Cordaz,it ITA,GB,Inter,it Serie A,39,1983,0.3,0.00,0.00,0.00,0.00,0.00,0.00,0.00,,0.00,0.00,0.00,0.00,0.00,0.00,0.00,0.00,Matchs
584,Maxwel Cornet,ci CIV,AT,West Ham,eng Premier League,25,1996,2.7,2.59,1.11,1.85,0.00,0.74,1.48,2.22,66.7,0.74,2.22,0.00,2.22,0.74,3.33,1.11,0.00,Matchs
585,Jesús Corona,mx MEX,AT,Sevilla,es La Liga,29,1993,1.2,0.83,0.00,0.83,0.00,0.00,0.00,0.83,0.0,0.83,0.00,0.00,0.00,0.83,1.67,0.83,0.00,Matchs
586,Ángel Correa,ar ARG,"AT,MT",Atlético Madrid,es La Liga,27,1995,16.2,0.74,0.37,0.37,0.19,0.19,0.31,0.99,31.3,0.68,01.05,0.00,01.05,0.62,1.36,0.37,0.06,Matchs
587,Joaquín Correa,ar ARG,AT,Inter,it Serie A,27,1994,10.6,1.13,0.66,0.28,0.57,0.28,0.38,1.42,26.7,01.04,0.38,0.09,0.28,0.28,1.42,0.00,0.00,Matchs
588,Thierry Correia,pt POR,DF,Valencia,es La Liga,23,1999,22.3,3.18,2.33,02.06,0.99,0.13,1.39,2.42,57.4,01.03,1.12,0.09,01.03,01.08,4.26,2.42,0.09,Matchs
589,Alessandro Cortinovis,it ITA,MT,Hellas Verona,it Serie A,21,2001,0.1,10.0,0.00,10.0,0.00,0.00,0.00,0.00,,0.00,10.0,0.00,10.0,0.00,10.0,0.00,0.00,Matchs
590,Danny da Costa,de GER,DF,Mainz 05,de Bundesliga,29,1993,13.7,1.46,1.17,0.51,0.58,0.36,0.88,1.46,60.0,0.58,1.61,0.22,1.39,0.66,2.12,1.90,0.00,Matchs
591,David Pereira da Costa,pt POR,"MT,AT",Lens,fr Ligue 1,21,2001,15.6,0.83,0.45,0.06,0.64,0.13,0.45,1.22,36.8,0.77,1.22,0.06,1.15,0.71,1.54,0.38,0.00,Matchs
592,Diego Costa,es ESP,AT,Wolves,eng Premier League,33,1988,13.8,0.22,0.07,0.22,0.00,0.00,0.14,0.65,22.2,0.51,0.43,0.07,0.36,0.14,0.36,1.23,0.00,Matchs
593,Jaume Costa,es ESP,DF,Mallorca,es La Liga,34,1988,28.9,1.73,1.18,0.90,0.59,0.24,1.00,1.76,56.9,0.76,0.45,0.17,0.28,0.76,2.49,1.52,0.03,Matchs
594,Logan Costa,cv CPV,DF,Toulouse,fr Ligue 1,21,2001,4.6,1.96,0.87,1.52,0.22,0.22,1.30,1.96,66.7,0.65,1.30,0.65,0.65,0.87,2.83,2.61,0.00,Matchs
595,Nuno da Costa,cv CPV,"AT,MT",Auxerre,fr Ligue 1,31,1991,22.3,02.02,01.03,0.63,01.03,0.36,0.49,02.06,23.9,1.57,0.94,0.04,0.90,0.90,2.91,0.67,0.00,Matchs
596,Samu Costa,pt POR,MT,Almería,es La Liga,21,2000,22.1,2.76,1.40,1.58,0.90,0.27,1.31,2.76,47.5,1.45,1.31,0.32,1.00,1.67,4.43,2.90,0.18,Matchs
597,Benoît Costil,fr FRA,GB,Auxerre,fr Ligue 1,35,1987,19.0,0.11,0.00,0.11,0.00,0.00,0.11,0.21,50.0,0.11,0.00,0.00,0.00,0.00,0.11,0.26,0.00,Matchs
598,Vladimír Coufal,cz CZE,DF,West Ham,eng Premier League,29,1992,23.7,2.45,1.31,1.56,0.63,0.25,1.52,2.15,70.6,0.63,01.01,0.25,0.76,1.60,04.05,2.95,0.00,Matchs
599,Lassana Coulibaly,ml MLI,MT,Salernitana,it Serie A,26,1996,32.1,2.62,1.56,1.31,01.09,0.22,0.93,2.27,41.1,1.34,01.09,0.22,0.87,0.78,3.40,01.03,0.06,Matchs
600,Soumaïla Coulibaly,fr FRA,DF,Dortmund,de Bundesliga,18,2003,0.5,0.00,0.00,0.00,0.00,0.00,0.00,0.00,,0.00,0.00,0.00,0.00,0.00,0.00,0.00,2.00,Matchs
Clt,Joueur,Nation,Pos,Équipe,Comp,Âge,Naissance,90,Tcl,TclR,ZDéf,MilTer,ZOff,Tcl,Att,Tcl%,Manqués,Balles contrées,Tirs,Passe,Int,Tcl+Int,Dég,Err,Matchs
601,Tanguy Coulibaly,fr FRA,"AT,DF",Stuttgart,de Bundesliga,21,2001,3.6,3.33,2.50,2.50,0.28,0.56,1.39,3.33,41.7,1.94,2.78,0.00,2.78,0.83,4.17,0.00,0.00,Matchs
602,Thibaut Courtois,be BEL,GB,Real Madrid,es La Liga,30,1992,31.0,0.03,0.00,0.03,0.00,0.00,0.03,0.03,100.0,0.00,0.00,0.00,0.00,0.10,0.13,0.23,0.03,Matchs
603,Mathieu Coutadeur,fr FRA,MT,Ajaccio,fr Ligue 1,36,1986,21.6,01.06,0.60,0.60,0.46,0.00,0.37,1.30,28.6,0.93,0.88,0.14,0.74,0.88,1.94,0.97,0.00,Matchs
604,Philippe Coutinho,br BRA,"MT,AT",Aston Villa,eng Premier League,30,1992,8.8,2.16,1.59,0.91,0.91,0.34,01.02,1.70,60.0,0.68,1.25,0.11,1.14,0.45,2.61,0.23,0.00,Matchs
605,Yan Couto,br BRA,"DF,MT",Girona,es La Liga,20,2002,12.9,1.94,1.40,0.85,0.85,0.23,0.93,1.55,60.0,0.62,0.54,0.16,0.39,0.39,2.33,0.78,0.00,Matchs
606,Conor Coventry,ie IRL,"MT,AT",West Ham,eng Premier League,22,2000,0.0,0,0,0,0,0,0,0,,0,0,0,0,0,0,0,0,Matchs
607,Nicolas Cozza,fr FRA,DF,Montpellier,fr Ligue 1,23,1999,14.2,2.68,1.48,1.90,0.63,0.14,1.83,2.68,68.4,0.85,0.77,0.35,0.42,1.48,4.15,2.46,0.07,Matchs
608,Nicolas Cozza,fr FRA,DF,Wolfsburg,de Bundesliga,23,1999,1.1,2.73,2.73,0.91,1.82,0.00,1.82,2.73,66.7,0.91,2.73,0.91,1.82,0.00,2.73,0.00,0.00,Matchs
609,Alessio Cragno,it ITA,GB,Monza,it Serie A,28,1994,1.0,0.00,0.00,0.00,0.00,0.00,0.00,1.00,0.0,1.00,0.00,0.00,0.00,0.00,0.00,0.00,0.00,Matchs
610,Matthew Craig,sct SCO,MT,Tottenham,eng Premier League,19,2003,0.2,20.0,5.00,10.0,10.0,0.00,0.00,0.00,,0.00,0.00,0.00,0.00,0.00,20.0,0.00,0.00,Matchs
611,Aaron Cresswell,eng ENG,DF,West Ham,eng Premier League,32,1989,24.8,0.85,0.44,0.48,0.28,0.08,0.48,1.25,38.7,0.77,0.85,0.44,0.40,01.09,1.94,2.26,0.00,Matchs
612,Bryan Cristante,it ITA,"MT,DF",Roma,it Serie A,27,1995,32.6,3.47,1.90,1.69,1.50,0.28,1.69,2.76,61.1,01.07,1.20,0.31,0.89,0.55,04.02,1.63,0.00,Matchs
613,Domen Črnigoj,si SVN,MT,Salernitana,it Serie A,26,1995,3.3,2.42,0.91,0.00,2.12,0.30,0.30,0.61,50.0,0.30,2.73,0.30,2.42,2.73,5.15,1.82,0.00,Matchs
614,Juan Cruz Armada,es ESP,DF,Osasuna,es La Liga,30,1992,22.9,01.05,0.61,0.74,0.17,0.13,0.57,1.00,56.5,0.44,0.92,0.35,0.57,0.57,1.62,2.53,0.00,Matchs
615,Juan Cruz,es ESP,AT,Betis,es La Liga,22,2000,2.0,0.50,0.00,0.00,0.50,0.00,0.50,1.50,33.3,1.00,0.50,0.00,0.50,0.00,0.50,0.00,0.00,Matchs
616,Juan Cuadrado,co COL,"DF,AT",Juventus,it Serie A,34,1988,23.1,2.16,1.47,1.47,0.56,0.13,1.17,2.81,41.5,1.65,0.65,0.09,0.56,01.04,3.20,1.39,0.00,Matchs
617,Marc Cucurella,es ESP,DF,Chelsea,eng Premier League,24,1998,18.6,3.55,1.77,2.15,0.81,0.59,1.61,3.23,50.0,1.61,1.51,0.43,01.08,0.86,4.41,2.58,0.05,Matchs
618,Jorge Cuenca,es ESP,DF,Villarreal,es La Liga,22,1999,5.6,1.61,1.25,1.25,0.36,0.00,0.71,1.25,57.1,0.54,1.79,1.43,0.36,01.07,2.68,7.86,0.00,Matchs
619,Braian Cufré,ar ARG,DF,Mallorca,es La Liga,25,1996,2.4,02.08,0.83,0.83,0.42,0.83,0.83,02.08,40.0,1.25,0.83,0.42,0.42,0.83,2.92,0.42,0.00,Matchs
620,Mickaël Cuisance,fr FRA,MT,Sampdoria,it Serie A,22,1999,6.9,1.88,1.45,01.01,0.72,0.14,0.72,3.33,21.7,2.61,1.45,0.00,1.45,0.72,2.61,0.58,0.00,Matchs
621,Matheus Cunha,br BRA,AT,Wolves,eng Premier League,23,1999,10.7,0.65,0.37,0.00,0.47,0.19,0.19,0.93,20.0,0.75,1.40,0.28,1.12,0.84,1.50,01.03,0.00,Matchs
622,Matheus Cunha,br BRA,"AT,MT",Atlético Madrid,es La Liga,23,1999,4.2,0.95,0.24,0.24,0.71,0.00,0.00,0.71,0.0,0.71,0.95,0.24,0.71,0.48,1.43,0.71,0.00,Matchs
623,Curro,es ESP,MT,Almería,es La Liga,26,1996,0.5,4.00,0.00,2.00,2.00,0.00,2.00,4.00,50.0,2.00,0.00,0.00,0.00,0.00,4.00,0.00,0.00,Matchs
624,Marco D'Alessandro,it ITA,"DF,AT",Monza,it Serie A,31,1991,3.2,1.25,1.25,0.94,0.31,0.00,0.63,1.56,40.0,0.94,0.63,0.00,0.63,0.31,1.56,0.94,0.00,Matchs
625,Danilo D'Ambrosio,it ITA,DF,Inter,it Serie A,33,1988,8.1,03.09,2.10,2.10,0.86,0.12,1.85,3.33,55.6,1.48,1.48,0.49,0.99,1.23,4.32,2.10,0.00,Matchs
Clt,Joueur,Nation,Pos,Équipe,Comp,Âge,Naissance,90,Tcl,TclR,ZDéf,MilTer,ZOff,Tcl,Att,Tcl%,Manqués,Balles contrées,Tirs,Passe,Int,Tcl+Int,Dég,Err,Matchs
626,Luca D'Andrea,it ITA,AT,Sassuolo,it Serie A,17,2004,3.5,1.14,0.00,0.57,0.29,0.29,0.29,1.14,25.0,0.86,0.57,0.00,0.57,0.29,1.43,0.29,0.00,Matchs
627,Damien Da Silva,fr FRA,DF,Lyon,fr Ligue 1,34,1988,3.8,2.11,1.84,1.32,0.79,0.00,0.79,0.79,100.0,0.00,01.05,0.79,0.26,1.32,3.42,3.16,0.00,Matchs
628,Moanes Dabbur,il ISR,AT,Hoffenheim,de Bundesliga,30,1992,10.4,01.06,0.77,0.38,0.48,0.19,0.29,0.87,33.3,0.58,0.77,0.00,0.77,0.48,1.54,0.00,0.00,Matchs
629,Andréa Dacourt,fr FRA,MT,Nice,fr Ligue 1,17,2005,0.0,0,0,0,0,0,0,0,,0,0,0,0,0,0,0,0,Matchs
630,Colin Dagba,fr FRA,"DF,MT",Strasbourg,fr Ligue 1,23,1998,10.6,03.02,1.89,1.60,0.94,0.47,1.79,2.45,73.1,0.66,1.70,0.19,1.51,1.60,4.62,1.79,0.00,Matchs
631,Finn Dahmen,de GER,GB,Mainz 05,de Bundesliga,24,1998,8.0,0.00,0.00,0.00,0.00,0.00,0.00,0.00,,0.00,0.00,0.00,0.00,0.00,0.00,0.38,0.00,Matchs
632,Mahmoud Dahoud,de GER,MT,Dortmund,de Bundesliga,26,1996,3.7,2.97,2.43,0.81,01.08,01.08,1.89,1.89,100.0,0.00,1.62,0.54,01.08,1.89,4.86,0.81,0.00,Matchs
633,Patson Daka,zm ZAM,AT,Leicester City,eng Premier League,23,1998,13.2,01.06,0.61,0.45,0.61,0.00,0.23,0.91,25.0,0.68,01.06,0.15,0.91,0.53,1.59,0.53,0.00,Matchs
634,Thijs Dallinga,nl NED,AT,Toulouse,fr Ligue 1,21,2000,26.1,0.31,0.23,0.08,0.08,0.15,0.04,0.50,7.7,0.46,0.65,0.11,0.54,0.11,0.42,0.77,0.00,Matchs
635,Diogo Dalot,pt POR,DF,Manchester Utd,eng Premier League,23,1999,23.9,2.26,1.72,1.67,0.54,0.04,1.38,1.88,73.3,0.50,01.05,0.29,0.75,1.55,3.81,2.30,0.08,Matchs
636,Muhammed Damar,de GER,MT,Hoffenheim,de Bundesliga,18,2004,1.8,3.33,1.67,0.56,1.11,1.67,0.56,1.11,50.0,0.56,1.67,0.00,1.67,0.00,3.33,0.00,0.00,Matchs
637,Mikkel Damsgaard,dk DEN,"MT,AT",Brentford,eng Premier League,22,2000,11.0,2.82,1.91,1.18,1.18,0.45,1.36,3.82,35.7,2.45,1.82,0.18,1.64,0.91,3.73,1.27,0.00,Matchs
638,Flavius Daniliuc,at AUT,DF,Salernitana,it Serie A,21,2001,24.4,2.34,1.19,1.52,0.70,0.12,01.07,1.93,55.3,0.86,1.23,0.53,0.70,1.19,3.52,3.11,0.00,Matchs
639,Flavius Daniliuc,at AUT,DF,Nice,fr Ligue 1,21,2001,1.0,2.00,0.00,2.00,0.00,0.00,1.00,1.00,100.0,0.00,4.00,1.00,3.00,0.00,2.00,1.00,0.00,Matchs
640,Danilo,br BRA,MT,Nott'ham Forest,eng Premier League,21,2001,10.8,1.67,0.65,0.65,0.83,0.19,0.56,2.31,24.0,1.76,2.41,0.56,1.85,0.83,2.50,1.76,0.00,Matchs
641,Danilo,br BRA,DF,Juventus,it Serie A,31,1991,35.4,2.60,1.75,1.72,0.65,0.23,1.47,02.06,71.2,0.59,1.10,0.56,0.54,1.33,3.93,3.22,0.03,Matchs
642,Arnaut Danjuma,nl NED,"AT,MT",Tottenham,eng Premier League,25,1997,1.9,01.05,0.00,0.53,0.53,0.00,0.00,0.00,,0.00,0.53,0.00,0.53,0.00,01.05,0.00,0.00,Matchs
643,Arnaut Danjuma,nl NED,AT,Villarreal,es La Liga,25,1997,5.3,0.57,0.57,0.19,0.00,0.38,0.19,0.38,50.0,0.19,0.00,0.00,0.00,0.00,0.57,0.19,0.19,Matchs
644,Kévin Danois,fr FRA,MT,Auxerre,fr Ligue 1,18,2004,0.0,1,1,0,1,0,0,0,,0,0,0,0,1,2,0,0,Matchs
645,Kevin Danso,at AUT,DF,Lens,fr Ligue 1,23,1998,35.9,01.03,0.53,0.70,0.31,0.03,0.53,0.84,63.3,0.31,1.34,0.95,0.39,0.92,1.95,3.45,0.00,Matchs
646,Dante,br BRA,DF,Nice,fr Ligue 1,38,1983,36.7,1.91,01.09,1.23,0.57,0.11,0.98,1.61,61.0,0.63,1.42,0.84,0.57,1.28,3.19,3.41,0.05,Matchs
647,Márton Dárdai,de GER,"DF,MT",Hertha BSC,de Bundesliga,20,2002,10.5,1.62,0.76,0.86,0.76,0.00,0.86,1.71,50.0,0.86,1.33,0.86,0.48,01.05,2.67,4.29,0.10,Matchs
648,Sergi Darder,es ESP,MT,Espanyol,es La Liga,28,1993,36.9,1.87,01.03,0.33,1.17,0.38,0.79,1.98,39.7,1.19,0.92,0.05,0.87,0.65,2.52,0.62,0.00,Matchs
649,Achraf Dari,ma MAR,DF,Brest,fr Ligue 1,23,1999,14.6,1.44,0.96,01.03,0.34,0.07,0.96,1.37,70.0,0.41,1.10,0.68,0.41,1.30,2.74,4.45,0.14,Matchs
650,Vladimír Darida,cz CZE,MT,Hertha BSC,de Bundesliga,31,1990,0.3,3.33,3.33,0.00,3.33,0.00,0.00,0.00,,0.00,3.33,0.00,3.33,0.00,3.33,0.00,0.00,Matchs
Clt,Joueur,Nation,Pos,Équipe,Comp,Âge,Naissance,90,Tcl,TclR,ZDéf,MilTer,ZOff,Tcl,Att,Tcl%,Manqués,Balles contrées,Tirs,Passe,Int,Tcl+Int,Dég,Err,Matchs
651,Matteo Darmian,it ITA,DF,Inter,it Serie A,32,1989,22.5,2.49,1.33,1.29,0.67,0.53,1.38,02.09,66.0,0.71,1.47,0.22,1.24,0.93,3.42,1.60,0.00,Matchs
652,Josh Dasilva,eng ENG,MT,Brentford,eng Premier League,23,1998,15.4,1.17,0.58,0.39,0.39,0.39,0.39,01.04,37.5,0.65,1.43,0.39,01.04,0.32,1.49,0.45,0.06,Matchs
653,David Datro Fofana,ci CIV,AT,Chelsea,eng Premier League,19,2002,0.8,3.75,1.25,1.25,1.25,1.25,1.25,1.25,100.0,0.00,1.25,0.00,1.25,0.00,3.75,0.00,0.00,Matchs
654,Jonathan David,ca CAN,AT,Lille,fr Ligue 1,22,2000,35.2,0.68,0.48,0.17,0.31,0.20,0.28,0.77,37.0,0.48,0.57,0.06,0.51,0.23,0.91,0.37,0.00,Matchs
655,Alphonso Davies,ca CAN,DF,Bayern Munich,de Bundesliga,21,2000,22.7,1.98,1.23,1.10,0.57,0.31,0.79,1.72,46.2,0.93,1.23,0.18,01.06,01.06,03.04,01.06,0.18,Matchs
656,Ben Davies,wls WAL,DF,Tottenham,eng Premier League,29,1993,25.4,1.10,0.43,0.51,0.51,0.08,0.55,01.02,53.8,0.47,0.67,0.31,0.35,0.71,1.81,2.83,0.00,Matchs
657,Tom Davies,eng ENG,MT,Everton,eng Premier League,24,1998,6.0,2.50,1.50,0.83,1.50,0.17,1.17,2.33,50.0,1.17,1.67,0.17,1.50,0.67,3.17,1.17,0.17,Matchs
658,Paweł Dawidowicz,pl POL,DF,Hellas Verona,it Serie A,27,1995,18.1,2.65,1.71,1.55,0.94,0.17,1.22,1.71,71.0,0.50,0.77,0.50,0.28,1.27,3.92,3.92,0.00,Matchs
659,Craig Dawson,eng ENG,DF,West Ham,eng Premier League,32,1990,8.0,1.38,0.88,1.13,0.25,0.00,0.63,0.88,71.4,0.25,1.13,0.75,0.38,0.75,2.13,3.25,0.00,Matchs
660,Craig Dawson,eng ENG,DF,Wolves,eng Premier League,32,1990,15.7,0.57,0.38,0.38,0.19,0.00,0.25,0.45,57.1,0.19,1.97,1.46,0.51,0.76,1.34,4.71,0.13,Matchs
661,Kevin De Bruyne,be BEL,MT,Manchester City,eng Premier League,31,1991,26.9,01.04,0.45,0.11,0.45,0.48,0.52,1.45,35.9,0.93,1.00,0.07,0.93,0.33,1.38,0.37,0.00,Matchs
662,Charles De Ketelaere,be BEL,"MT,AT",Milan,it Serie A,21,2001,12.4,2.10,0.97,0.56,1.13,0.40,01.05,2.42,43.3,1.37,1.13,0.16,0.97,0.32,2.42,0.73,0.00,Matchs
663,Manuel De Luca,it ITA,"AT,MT",Sampdoria,it Serie A,24,1998,0.5,0.00,0.00,0.00,0.00,0.00,0.00,0.00,,0.00,0.00,0.00,0.00,0.00,0.00,0.00,0.00,Matchs
664,Tommaso De Nipoti,it ITA,MT,Atalanta,it Serie A,19,2003,0.0,1,0,0,1,0,0,0,,0,0,0,0,0,1,0,0,Matchs
665,Rodrigo De Paul,ar ARG,MT,Atlético Madrid,es La Liga,28,1994,21.4,1.64,0.98,0.51,0.84,0.28,0.84,1.64,51.4,0.79,0.93,0.14,0.79,0.37,02.01,0.33,0.00,Matchs
666,Mattia De Sciglio,it ITA,DF,Juventus,it Serie A,29,1992,11.6,1.21,0.60,0.69,0.26,0.26,0.78,1.21,64.3,0.43,0.78,0.26,0.52,0.34,1.55,1.72,0.00,Matchs
667,Lorenzo De Silvestri,it ITA,DF,Bologna,it Serie A,34,1988,7.5,0.40,0.27,0.27,0.00,0.13,0.40,0.93,42.9,0.53,0.80,0.67,0.13,0.40,0.80,2.67,0.00,Matchs
668,Thibault De Smet,be BEL,DF,Reims,fr Ligue 1,24,1998,19.5,1.23,0.87,0.51,0.72,0.00,0.56,1.90,29.7,1.33,1.44,0.26,1.18,01.03,2.26,02.05,0.05,Matchs
669,Koni De Winter,be BEL,DF,Empoli,it Serie A,20,2002,11.4,1.23,0.79,0.96,0.26,0.00,0.44,1.14,38.5,0.70,1.23,01.05,0.18,0.53,1.75,5.70,0.00,Matchs
670,Grégoire Defrel,mq MTQ,AT,Sassuolo,it Serie A,31,1991,13.0,0.69,0.54,0.38,0.15,0.15,0.31,1.00,30.8,0.69,0.85,0.00,0.85,0.15,0.85,0.38,0.00,Matchs
671,Duccio Degl'Innocenti,it ITA,MT,Empoli,it Serie A,19,2003,0.0,0,0,0,0,0,0,0,,0,0,0,0,1,1,0,0,Matchs
672,Brecht Dejaegere,be BEL,MT,Toulouse,fr Ligue 1,31,1991,20.1,1.99,1.14,0.50,1.00,0.50,0.75,2.54,29.4,1.79,1.24,0.25,1.00,0.70,2.69,0.55,0.00,Matchs
673,Romain Del Castillo,fr FRA,"MT,AT",Brest,fr Ligue 1,26,1996,15.8,2.47,1.52,0.82,01.08,0.57,01.01,2.28,44.4,1.27,0.89,0.06,0.82,0.70,3.16,0.32,0.00,Matchs
674,Alberto Del Moral,es ESP,MT,Villarreal,es La Liga,22,2000,0.1,0.00,0.00,0.00,0.00,0.00,0.00,0.00,,0.00,0.00,0.00,0.00,0.00,0.00,0.00,0.00,Matchs
675,Thomas Delaine,fr FRA,"DF,MT",Strasbourg,fr Ligue 1,30,1992,11.9,2.35,1.18,1.34,0.50,0.50,01.09,2.18,50.0,01.09,0.67,0.25,0.42,1.34,3.70,0.76,0.00,Matchs
Clt,Joueur,Nation,Pos,Équipe,Comp,Âge,Naissance,90,Tcl,TclR,ZDéf,MilTer,ZOff,Tcl,Att,Tcl%,Manqués,Balles contrées,Tirs,Passe,Int,Tcl+Int,Dég,Err,Matchs
676,Thomas Delaney,dk DEN,MT,Sevilla,es La Liga,30,1991,3.4,1.18,0.59,0.00,1.18,0.00,0.88,1.47,60.0,0.59,0.88,0.59,0.29,1.18,2.35,0.88,0.00,Matchs
677,Thomas Delaney,dk DEN,MT,Hoffenheim,de Bundesliga,30,1991,3.3,1.82,0.91,0.91,0.61,0.30,0.91,2.42,37.5,1.52,1.52,0.00,1.52,0.30,2.12,1.21,0.00,Matchs
678,Sacha Delaye,fr FRA,"AT,MT",Montpellier,fr Ligue 1,20,2002,0.2,5.00,0.00,0.00,0.00,5.00,5.00,5.00,100.0,0.00,0.00,0.00,0.00,0.00,5.00,0.00,0.00,Matchs
679,Fran Delgado,es ESP,DF,Betis,es La Liga,21,2001,0.1,0.00,0.00,0.00,0.00,0.00,0.00,0.00,,0.00,0.00,0.00,0.00,0.00,0.00,0.00,0.00,Matchs
680,Andy Delort,dz ALG,AT,Nice,fr Ligue 1,30,1991,8.7,0.23,0.00,0.11,0.11,0.00,0.11,0.23,50.0,0.11,0.00,0.00,0.00,0.11,0.34,0.80,0.00,Matchs
681,Andy Delort,dz ALG,AT,Nantes,fr Ligue 1,30,1991,5.2,0.96,0.77,0.19,0.38,0.38,0.38,1.15,33.3,0.77,0.58,0.00,0.58,0.00,0.96,0.38,0.00,Matchs
682,Karamoko Dembele,sct SCO,"AT,MT",Brest,fr Ligue 1,19,2003,2.0,1.00,0.00,0.50,0.50,0.00,1.00,1.00,100.0,0.00,0.50,0.00,0.50,0.50,1.50,0.00,0.00,Matchs
683,Moussa Dembélé,fr FRA,"AT,MT",Lyon,fr Ligue 1,26,1996,9.7,0.82,0.41,0.31,0.31,0.21,0.41,0.72,57.1,0.31,0.52,0.00,0.52,0.21,01.03,0.62,0.00,Matchs
684,Ousmane Dembélé,fr FRA,AT,Barcelona,es La Liga,25,1997,15.7,1.21,0.76,0.25,0.51,0.45,0.25,0.96,26.7,0.70,0.64,0.06,0.57,0.00,1.21,0.13,0.00,Matchs
685,Siriki Dembélé,ci CIV,"AT,MT",Bournemouth,eng Premier League,25,1996,1.2,2.50,0.83,1.67,0.83,0.00,0.00,0.83,0.0,0.83,0.83,0.00,0.83,0.83,3.33,0.83,0.00,Matchs
686,Siriki Dembélé,ci CIV,"MT,AT",Auxerre,fr Ligue 1,25,1996,4.1,2.44,1.46,0.98,0.73,0.73,0.98,2.93,33.3,1.95,0.49,0.00,0.49,0.24,2.68,0.49,0.00,Matchs
687,Merih Demiral,tr TUR,DF,Atalanta,it Serie A,24,1998,17.1,2.40,1.70,1.75,0.64,0.00,1.52,2.11,72.2,0.58,1.40,0.41,0.99,1.40,3.80,3.33,0.06,Matchs
688,Kerem Demirbay,de GER,MT,Leverkusen,de Bundesliga,29,1993,17.2,02.09,01.05,0.93,0.99,0.17,01.05,1.98,52.9,0.93,1.51,0.35,1.16,0.93,03.02,0.64,0.00,Matchs
689,Ermedin Demirović,ba BIH,"AT,MT",Augsburg,de Bundesliga,24,1998,26.3,1.18,0.53,0.34,0.46,0.38,0.34,0.84,40.9,0.49,1.18,0.15,01.03,0.53,1.71,1.41,0.00,Matchs
690,Diego Demme,de GER,MT,Napoli,it Serie A,30,1991,1.6,0.63,0.00,0.63,0.00,0.00,0.00,2.50,0.0,2.50,1.25,0.00,1.25,0.00,0.63,0.63,0.00,Matchs
691,Sepp van den Berg,nl NED,DF,Schalke 04,de Bundesliga,20,2001,7.7,0.65,0.52,0.26,0.26,0.13,0.13,0.52,25.0,0.39,01.04,0.65,0.39,1.69,2.34,4.29,0.26,Matchs
692,Branco van den Boomen,nl NED,MT,Toulouse,fr Ligue 1,27,1995,32.1,2.21,1.12,0.81,1.00,0.40,1.12,2.77,40.4,1.65,0.84,0.12,0.72,0.31,2.52,0.84,0.06,Matchs
693,Leander Dendoncker,be BEL,MT,Aston Villa,eng Premier League,27,1995,7.7,2.47,1.17,1.43,0.78,0.26,1.43,2.73,52.4,1.30,2.47,0.52,1.95,1.30,3.77,1.56,0.00,Matchs
694,Leander Dendoncker,be BEL,MT,Wolves,eng Premier League,27,1995,2.4,1.67,0.83,0.00,1.25,0.42,0.83,1.25,66.7,0.42,0.83,0.00,0.83,3.75,5.42,1.67,0.00,Matchs
695,Emmanuel Dennis,ng NGA,"AT,MT",Nott'ham Forest,eng Premier League,24,1997,8.0,2.13,1.38,0.63,0.63,0.88,1.00,2.13,47.1,1.13,1.63,0.13,1.50,0.25,2.38,0.75,0.00,Matchs
696,Fabio Depaoli,it ITA,DF,Hellas Verona,it Serie A,25,1997,24.1,1.99,1.16,01.04,0.66,0.29,01.04,1.83,56.8,0.79,1.33,0.25,01.08,0.75,2.74,1.37,0.12,Matchs
697,Fabio Depaoli,it ITA,"DF,MT",Sampdoria,it Serie A,25,1997,1.5,3.33,2.00,1.33,2.00,0.00,2.00,2.67,75.0,0.67,0.67,0.00,0.67,0.67,4.00,2.67,0.00,Matchs
698,Kastriot Dermaku,al ALB,DF,Lecce,it Serie A,30,1992,0.4,0.00,0.00,0.00,0.00,0.00,0.00,0.00,,0.00,0.00,0.00,0.00,0.00,0.00,0.00,0.00,Matchs
699,Halil Dervişoğlu,tr TUR,MT,Brentford,eng Premier League,22,1999,0.1,0.00,0.00,0.00,0.00,0.00,0.00,10.0,0.0,10.0,0.00,0.00,0.00,0.00,0.00,0.00,0.00,Matchs
700,Rémy Descamps,fr FRA,GB,Nantes,fr Ligue 1,26,1996,1.0,0.00,0.00,0.00,0.00,0.00,0.00,0.00,,0.00,0.00,0.00,0.00,0.00,0.00,0.00,0.00,Matchs
Clt,Joueur,Nation,Pos,Équipe,Comp,Âge,Naissance,90,Tcl,TclR,ZDéf,MilTer,ZOff,Tcl,Att,Tcl%,Manqués,Balles contrées,Tirs,Passe,Int,Tcl+Int,Dég,Err,Matchs
701,Mikkel Desler,dk DEN,DF,Toulouse,fr Ligue 1,27,1995,25.1,2.83,1.51,1.43,01.08,0.32,1.71,2.67,64.2,0.96,1.39,0.24,1.16,1.43,4.26,1.91,0.08,Matchs
702,Cyriel Dessers,ng NGA,AT,Cremonese,it Serie A,27,1994,17.6,0.63,0.23,0.23,0.23,0.17,0.11,0.34,33.3,0.23,0.80,0.11,0.68,0.17,0.80,0.28,0.00,Matchs
703,Sergiño Dest,us USA,DF,Milan,it Serie A,21,2000,3.7,3.24,1.62,0.81,1.35,01.08,0.81,01.08,75.0,0.27,0.27,0.00,0.27,01.08,4.32,0.54,0.00,Matchs
704,Mattia Destro,it ITA,"AT,MT",Empoli,it Serie A,31,1991,6.4,0.16,0.16,0.00,0.16,0.00,0.00,0.00,,0.00,0.31,0.00,0.31,0.16,0.31,0.78,0.00,Matchs
705,Gerard Deulofeu,es ESP,AT,Udinese,it Serie A,28,1994,13.5,0.59,0.37,0.37,0.07,0.15,0.37,1.11,33.3,0.74,0.59,0.07,0.52,0.15,0.74,0.07,0.00,Matchs
706,Kiernan Dewsbury-Hall,eng ENG,MT,Leicester City,eng Premier League,23,1998,25.6,02.07,1.13,0.55,1.33,0.20,0.74,1.84,40.4,01.09,2.15,0.51,1.64,01.09,3.16,0.82,0.00,Matchs
707,Samuel Di Carmine,it ITA,"AT,MT",Cremonese,it Serie A,33,1988,0.3,0.00,0.00,0.00,0.00,0.00,0.00,0.00,,0.00,0.00,0.00,0.00,0.00,0.00,0.00,0.00,Matchs
708,Federico Di Francesco,it ITA,"AT,MT",Lecce,it Serie A,28,1994,22.6,1.24,0.71,0.31,0.49,0.44,0.40,0.84,47.4,0.44,0.71,0.00,0.71,0.35,1.59,0.62,0.00,Matchs
709,Michele Di Gregorio,it ITA,GB,Monza,it Serie A,25,1997,37.0,0.00,0.00,0.00,0.00,0.00,0.00,0.08,0.0,0.08,0.03,0.00,0.03,0.11,0.11,0.49,0.08,Matchs
710,Giovanni Di Lorenzo,it ITA,DF,Napoli,it Serie A,28,1993,36.2,1.66,0.80,0.91,0.52,0.22,0.69,1.35,51.0,0.66,0.83,0.25,0.58,0.83,2.49,1.66,0.00,Matchs
711,Ángel Di María,ar ARG,"AT,MT",Juventus,it Serie A,34,1988,15.1,0.66,0.33,0.20,0.33,0.13,0.20,1.26,15.8,01.06,0.99,0.00,0.99,0.46,1.13,0.00,0.00,Matchs
712,Boulaye Dia,sn SEN,"AT,MT",Salernitana,it Serie A,25,1996,28.0,0.43,0.18,0.11,0.21,0.11,0.07,0.25,28.6,0.18,0.36,0.00,0.36,0.25,0.68,0.96,0.04,Matchs
713,Moussa Diaby,fr FRA,"AT,MT",Leverkusen,de Bundesliga,23,1999,30.0,0.47,0.27,0.13,0.27,0.07,0.23,0.47,50.0,0.23,0.27,0.00,0.27,0.17,0.63,0.10,0.00,Matchs
714,Mouctar Diakhaby,gn GUI,DF,Valencia,es La Liga,25,1996,27.2,1.10,0.59,0.70,0.40,0.00,0.48,0.74,65.0,0.26,1.10,0.63,0.48,0.74,1.84,04.08,0.07,Matchs
715,Mamadou Diakhon,fr FRA,AT,Reims,fr Ligue 1,16,2005,0.2,10.0,0.00,10.0,0.00,0.00,0.00,5.00,0.0,5.00,5.00,0.00,5.00,5.00,15.0,0.00,0.00,Matchs
716,Bafodé Diakité,fr FRA,DF,Lille,fr Ligue 1,21,2001,29.5,1.83,1.19,0.78,0.81,0.24,01.08,1.93,56.1,0.85,1.25,0.27,0.98,0.58,2.41,1.97,0.00,Matchs
717,Ibrahim Diakité,gn GUI,DF,Reims,fr Ligue 1,18,2003,1.5,2.00,2.00,2.00,0.00,0.00,1.33,2.00,66.7,0.67,0.00,0.00,0.00,3.33,5.33,4.00,0.00,Matchs
718,Abdou Diallo,sn SEN,"DF,MT",RB Leipzig,de Bundesliga,26,1996,5.3,1.13,0.94,0.94,0.19,0.00,0.19,0.57,33.3,0.38,1.51,0.94,0.57,1.51,2.64,4.15,0.00,Matchs
719,Baila Diallo,fr FRA,"DF,MT",Clermont Foot,fr Ligue 1,21,2001,1.0,1.00,0.00,1.00,0.00,0.00,0.00,0.00,,0.00,1.00,1.00,0.00,0.00,1.00,1.00,0.00,Matchs
720,Habib Diallo,sn SEN,AT,Strasbourg,fr Ligue 1,27,1995,32.0,0.56,0.31,0.25,0.22,0.09,0.19,0.50,37.5,0.31,0.59,0.13,0.47,0.38,0.94,0.81,0.00,Matchs
721,Ibrahima Diallo,fr FRA,MT,Southampton,eng Premier League,23,1999,9.1,2.75,1.65,1.54,1.10,0.11,0.88,1.54,57.1,0.66,1.21,0.11,1.10,0.66,3.41,1.21,0.00,Matchs
722,Ismael Diallo,ci CIV,DF,Ajaccio,fr Ligue 1,25,1997,24.2,1.90,1.36,1.45,0.37,0.08,1.45,2.60,55.6,1.16,01.07,0.50,0.58,1.24,3.14,1.90,0.04,Matchs
723,Mamady Diarra,ml MLI,"MT,DF",Cádiz,es La Liga,22,2000,0.7,2.86,1.43,2.86,0.00,0.00,1.43,2.86,50.0,1.43,2.86,0.00,2.86,0.00,2.86,0.00,0.00,Matchs
724,Mouhamadou Diarra,fr FRA,"MT,AT",Strasbourg,fr Ligue 1,18,2004,18.1,1.33,0.88,0.55,0.61,0.17,0.83,1.60,51.7,0.77,0.94,0.06,0.88,0.61,1.93,0.72,0.00,Matchs
725,Moussa Diarra,ml MLI,DF,Toulouse,fr Ligue 1,21,2000,13.6,1.47,0.66,0.66,0.66,0.15,0.66,1.10,60.0,0.44,1.84,0.74,1.10,1.40,2.87,1.99,0.07,Matchs
Clt,Joueur,Nation,Pos,Équipe,Comp,Âge,Naissance,90,Tcl,TclR,ZDéf,MilTer,ZOff,Tcl,Att,Tcl%,Manqués,Balles contrées,Tirs,Passe,Int,Tcl+Int,Dég,Err,Matchs
726,Stéphane Diarra,fr FRA,"AT,MT",Lorient,fr Ligue 1,23,1998,11.8,2.12,1.44,1.19,0.76,0.17,0.93,2.46,37.9,1.53,1.10,0.08,01.02,1.86,3.98,0.76,0.00,Matchs
727,Youba Diarra,ml MLI,MT,Cádiz,es La Liga,24,1998,1.1,2.73,0.00,1.82,0.91,0.00,0.91,4.55,20.0,3.64,6.36,0.91,5.45,1.82,4.55,2.73,0.00,Matchs
728,Rúben Dias,pt POR,DF,Manchester City,eng Premier League,25,1997,22.2,0.95,0.59,0.45,0.45,0.05,0.50,0.81,61.1,0.32,0.95,0.59,0.36,0.81,1.76,2.52,0.05,Matchs
729,Krépin Diatta,sn SEN,"MT,AT",Monaco,fr Ligue 1,23,1999,23.0,1.30,0.91,0.17,0.74,0.39,0.57,1.39,40.6,0.83,1.26,0.04,1.22,0.74,02.04,0.52,0.00,Matchs
730,Mory Diaw,sn SEN,GB,Clermont Foot,fr Ligue 1,29,1993,37.0,0.00,0.00,0.00,0.00,0.00,0.00,0.11,0.0,0.11,0.00,0.00,0.00,0.05,0.05,0.35,0.14,Matchs
731,Brahim Díaz,es ESP,"MT,AT",Milan,it Serie A,22,1999,21.4,1.50,0.70,0.23,01.03,0.23,0.23,0.70,33.3,0.47,0.51,0.00,0.51,0.33,1.82,0.28,0.00,Matchs
732,Luis Díaz,co COL,AT,Liverpool,eng Premier League,25,1997,11.1,1.53,0.99,0.36,0.72,0.45,0.72,1.35,53.3,0.63,0.72,0.00,0.72,0.54,02.07,0.18,0.00,Matchs
733,Justin Diehl,de GER,"MT,AT",Köln,de Bundesliga,17,2004,0.2,0.00,0.00,0.00,0.00,0.00,0.00,0.00,,0.00,0.00,0.00,0.00,0.00,0.00,0.00,0.00,Matchs
734,Bamba Dieng,sn SEN,"AT,MT",Marseille,fr Ligue 1,22,2000,2.2,1.82,1.82,0.91,0.45,0.45,1.36,1.82,75.0,0.45,2.27,0.45,1.82,0.00,1.82,0.00,0.00,Matchs
735,Bamba Dieng,sn SEN,AT,Lorient,fr Ligue 1,22,2000,8.3,2.29,1.20,0.60,1.45,0.24,0.36,1.33,27.3,0.96,0.72,0.00,0.72,0.24,2.53,0.72,0.00,Matchs
736,Eric Dier,eng ENG,DF,Tottenham,eng Premier League,28,1994,31.3,0.96,0.61,0.51,0.38,0.06,0.29,0.61,47.4,0.32,1.31,0.77,0.54,1.12,02.08,3.58,0.06,Matchs
737,Florian Dietz,de GER,AT,Köln,de Bundesliga,23,1998,4.4,0.45,0.23,0.00,0.45,0.00,0.23,0.91,25.0,0.68,0.91,0.23,0.68,0.00,0.45,0.45,0.00,Matchs
738,Lucas Digne,fr FRA,DF,Aston Villa,eng Premier League,29,1993,16.7,1.80,0.72,1.20,0.54,0.06,1.20,1.98,60.6,0.78,01.08,0.30,0.78,01.08,2.87,2.69,0.00,Matchs
739,Federico Dimarco,it ITA,DF,Inter,it Serie A,24,1997,23.0,1.35,01.09,0.26,0.78,0.30,0.39,0.83,47.4,0.43,0.65,0.17,0.48,0.78,2.13,0.87,0.00,Matchs
740,Stole Dimitrievski,mk MKD,GB,Rayo Vallecano,es La Liga,28,1993,36.9,0.03,0.00,0.03,0.00,0.00,0.03,0.05,50.0,0.03,0.05,0.00,0.05,0.03,0.05,0.46,0.08,Matchs
741,Junior Dina Ebimbe,fr FRA,"DF,MT",Eint Frankfurt,de Bundesliga,21,2000,11.8,2.54,1.61,1.36,1.19,0.00,1.36,2.80,48.5,1.44,1.53,0.42,1.10,0.93,3.47,1.69,0.00,Matchs
742,Tristan Dingomé,cm CMR,MT,Troyes,fr Ligue 1,31,1991,1.1,0.91,0.91,0.00,0.91,0.00,0.00,1.82,0.0,1.82,0.00,0.00,0.00,0.00,0.91,0.00,0.00,Matchs
743,Eren Dinkçi,de GER,"AT,MT",Werder Bremen,de Bundesliga,20,2001,2.6,1.92,1.92,0.77,0.38,0.77,0.77,2.31,33.3,1.54,0.77,0.00,0.77,0.00,1.92,0.77,0.00,Matchs
744,Sinaly Diomande,ci CIV,DF,Lyon,fr Ligue 1,21,2001,21.7,1.94,1.11,1.20,0.69,0.05,1.43,2.26,63.3,0.83,1.20,0.60,0.60,2.26,4.19,3.46,0.05,Matchs
745,Lois Diony,fr FRA,AT,Angers,fr Ligue 1,29,1992,5.6,0.18,0.00,0.00,0.18,0.00,0.18,0.54,33.3,0.36,0.36,0.00,0.36,0.00,0.18,0.18,0.00,Matchs
746,Edan Diop,fr FRA,"DF,AT",Monaco,fr Ligue 1,17,2004,2.5,5.20,3.20,1.20,1.20,2.80,2.80,6.00,46.7,3.20,2.80,0.40,2.40,1.60,6.80,0.40,0.00,Matchs
747,Issa Diop,fr FRA,DF,Fulham,eng Premier League,25,1997,22.4,1.25,0.85,0.80,0.40,0.04,0.76,1.43,53.1,0.67,01.07,0.76,0.31,1.56,2.81,3.84,0.00,Matchs
748,Sofiane Diop,fr FRA,"MT,AT",Nice,fr Ligue 1,22,2000,13.6,1.69,0.81,0.88,0.44,0.37,0.51,1.47,35.0,0.96,01.03,0.15,0.88,1.18,2.87,0.37,0.00,Matchs
749,Sofiane Diop,fr FRA,MT,Monaco,fr Ligue 1,22,2000,0.7,0.00,0.00,0.00,0.00,0.00,0.00,0.00,,0.00,0.00,0.00,0.00,1.43,1.43,0.00,0.00,Matchs
750,Yehvann Diouf,fr FRA,GB,Reims,fr Ligue 1,22,1999,31.0,0.06,0.00,0.06,0.00,0.00,0.03,0.10,33.3,0.06,0.00,0.00,0.00,0.03,0.10,0.42,0.16,Matchs
Clt,Joueur,Nation,Pos,Équipe,Comp,Âge,Naissance,90,Tcl,TclR,ZDéf,MilTer,ZOff,Tcl,Att,Tcl%,Manqués,Balles contrées,Tirs,Passe,Int,Tcl+Int,Dég,Err,Matchs
751,Axel Disasi,fr FRA,DF,Monaco,fr Ligue 1,24,1998,37.0,0.81,0.54,0.35,0.35,0.11,0.35,0.73,48.1,0.38,1.38,0.84,0.54,1.51,2.32,03.03,0.05,Matchs
752,Tiago Djaló,pt POR,DF,Lille,fr Ligue 1,22,2000,22.4,1.38,0.94,01.03,0.31,0.04,0.58,0.89,65.0,0.31,0.76,0.49,0.27,01.03,2.41,2.68,0.04,Matchs
753,Djené,tg TOG,DF,Getafe,es La Liga,30,1991,31.6,1.30,0.89,0.73,0.54,0.03,0.70,1.20,57.9,0.51,0.79,0.32,0.47,1.33,2.63,2.56,0.03,Matchs
754,Moussa Djenepo,ml MLI,"DF,AT",Southampton,eng Premier League,24,1998,7.9,2.41,1.39,1.65,0.63,0.13,1.39,3.42,40.7,02.03,2.41,0.25,2.15,1.39,3.80,0.89,0.00,Matchs
755,Koffi Djidji,ci CIV,DF,Torino,it Serie A,29,1992,26.9,1.86,0.93,1.19,0.63,0.04,0.67,1.19,56.3,0.52,01.08,0.52,0.56,1.26,3.12,2.68,0.00,Matchs
756,Alexander Djiku,gh GHA,DF,Strasbourg,fr Ligue 1,27,1994,29.7,1.78,1.21,1.25,0.54,0.00,0.88,1.55,56.5,0.67,1.52,0.64,0.88,2.22,04.01,05.08,0.10,Matchs
757,Berat Djimsiti,al ALB,DF,Atalanta,it Serie A,29,1993,20.0,1.70,0.95,01.05,0.65,0.00,0.85,1.25,68.0,0.40,0.85,0.35,0.50,1.80,3.50,3.70,0.05,Matchs
758,Moussa Djitte,sn SEN,AT,Ajaccio,fr Ligue 1,22,1999,1.5,0.67,0.00,0.00,0.00,0.67,0.67,1.33,50.0,0.67,0.00,0.00,0.00,0.00,0.67,0.67,0.00,Matchs
759,Ouparine Djoco,gw GNB,GB,Clermont Foot,fr Ligue 1,24,1998,1.0,0.00,0.00,0.00,0.00,0.00,0.00,0.00,,0.00,0.00,0.00,0.00,0.00,0.00,1.00,0.00,Matchs
760,Marko Dmitrović,rs SRB,GB,Sevilla,es La Liga,30,1992,14.1,0.00,0.00,0.00,0.00,0.00,0.00,0.00,,0.00,0.00,0.00,0.00,0.00,0.00,0.43,0.00,Matchs
761,Alan Do Marcolino,ga GAB,AT,Rennes,fr Ligue 1,20,2002,0.2,0.00,0.00,0.00,0.00,0.00,0.00,0.00,,0.00,0.00,0.00,0.00,0.00,0.00,5.00,0.00,Matchs
762,Ben Doak,sct SCO,AT,Liverpool,eng Premier League,16,2005,0.3,10.0,6.67,3.33,6.67,0.00,3.33,3.33,100.0,0.00,3.33,0.00,3.33,0.00,10.0,0.00,0.00,Matchs
763,Ritsu Doan,jp JPN,"MT,AT",Freiburg,de Bundesliga,24,1998,26.9,2.27,01.08,0.71,01.08,0.48,0.93,02.01,46.3,01.08,1.49,0.04,1.45,0.52,2.79,0.45,0.00,Matchs
764,Dodô,br BRA,DF,Fiorentina,it Serie A,23,1998,25.9,1.54,0.85,0.77,0.54,0.23,0.85,1.78,47.8,0.93,1.00,0.08,0.93,0.97,2.51,1.43,0.00,Matchs
765,Danilho Doekhi,nl NED,DF,Union Berlin,de Bundesliga,24,1998,24.6,1.54,0.93,0.85,0.69,0.00,0.57,01.06,53.8,0.49,1.10,0.49,0.61,1.18,2.72,3.78,0.00,Matchs
766,Matt Doherty,ie IRL,"DF,MT",Tottenham,eng Premier League,30,1992,7.4,2.16,1.35,1.62,0.41,0.14,01.08,1.35,80.0,0.27,1.49,0.81,0.68,01.08,3.24,1.89,0.14,Matchs
767,Matt Doherty,ie IRL,DF,Atlético Madrid,es La Liga,30,1992,0.2,0.00,0.00,0.00,0.00,0.00,0.00,0.00,,0.00,10.0,0.00,10.0,0.00,0.00,0.00,0.00,Matchs
768,Josh Doig,sct SCO,DF,Hellas Verona,it Serie A,20,2002,15.0,1.27,0.53,0.40,0.47,0.40,0.40,01.07,37.5,0.67,1.67,0.40,1.27,0.73,2.00,0.87,0.07,Matchs
769,Jeremy Doku,be BEL,"MT,AT",Rennes,fr Ligue 1,20,2002,14.3,1.75,1.12,0.42,0.91,0.42,0.84,1.68,50.0,0.84,0.70,0.00,0.70,0.35,2.10,0.14,0.00,Matchs
770,Kasper Dolberg,dk DEN,AT,Sevilla,es La Liga,24,1997,2.2,0.45,0.00,0.00,0.45,0.00,0.45,1.36,33.3,0.91,0.00,0.00,0.00,0.00,0.45,2.27,0.00,Matchs
771,Kasper Dolberg,dk DEN,"AT,MT",Hoffenheim,de Bundesliga,24,1997,4.5,1.56,1.11,0.22,0.89,0.44,0.89,1.33,66.7,0.44,1.33,0.44,0.89,0.00,1.56,1.11,0.00,Matchs
772,Carlos Dominguez,es ESP,DF,Celta Vigo,es La Liga,21,2001,1.2,0.83,0.83,0.00,0.83,0.00,0.83,1.67,50.0,0.83,0.83,0.83,0.00,0.00,0.83,5.83,0.00,Matchs
773,Nicolás Domínguez,ar ARG,MT,Bologna,it Serie A,24,1998,25.6,03.09,1.91,1.33,1.29,0.47,1.52,2.97,51.3,1.45,1.13,0.12,01.02,0.82,3.91,1.13,0.04,Matchs
774,John Donald,es ESP,"MT,DF",Elche,es La Liga,21,2000,12.1,1.65,0.91,0.74,0.74,0.17,0.58,1.16,50.0,0.58,1.16,0.58,0.58,1.16,2.81,1.90,0.08,Matchs
775,Giulio Donati,it ITA,DF,Monza,it Serie A,32,1990,4.7,0.85,0.21,0.21,0.21,0.43,0.64,1.28,50.0,0.64,0.64,0.21,0.43,0.85,1.70,2.34,0.00,Matchs
Clt,Joueur,Nation,Pos,Équipe,Comp,Âge,Naissance,90,Tcl,TclR,ZDéf,MilTer,ZOff,Tcl,Att,Tcl%,Manqués,Balles contrées,Tirs,Passe,Int,Tcl+Int,Dég,Err,Matchs
776,Kyliane Dong,fr FRA,"MT,AT",Troyes,fr Ligue 1,17,2004,2.4,1.25,0.42,0.00,0.83,0.42,0.42,0.83,50.0,0.42,0.42,0.00,0.42,0.42,1.67,0.00,0.00,Matchs
777,Jordan Dongmo,cm CMR,MT,Troyes,fr Ligue 1,21,2001,0.2,5.00,0.00,0.00,5.00,0.00,5.00,5.00,100.0,0.00,0.00,0.00,0.00,0.00,5.00,0.00,0.00,Matchs
778,Gianluigi Donnarumma,it ITA,GB,Paris S-G,fr Ligue 1,23,1999,37.9,0.03,0.00,0.03,0.00,0.00,0.03,0.05,50.0,0.03,0.00,0.00,0.00,0.00,0.03,0.32,0.11,Matchs
779,Niklas Dorsch,de GER,MT,Augsburg,de Bundesliga,24,1998,5.4,3.89,2.22,1.48,02.04,0.37,1.67,2.96,56.3,1.30,1.67,0.56,1.11,1.11,5.00,1.67,0.00,Matchs
780,Gabriel Dos Santos,br BRA,DF,Arsenal,eng Premier League,24,1997,37.9,1.27,0.79,0.77,0.40,0.11,0.47,0.71,66.7,0.24,1.29,0.69,0.61,0.84,2.11,3.30,0.08,Matchs
781,Jodel Dossou,bj BEN,"MT,DF",Clermont Foot,fr Ligue 1,30,1992,2.9,2.41,1.38,01.03,0.69,0.69,1.38,1.38,100.0,0.00,0.69,0.34,0.34,0.34,2.76,0.00,0.00,Matchs
782,Lohann Doucet,fr FRA,"MT,AT",Nantes,fr Ligue 1,19,2002,1.0,3.00,0.00,2.00,0.00,1.00,3.00,4.00,75.0,1.00,2.00,0.00,2.00,2.00,5.00,4.00,0.00,Matchs
783,Abdoulaye Doucouré,ml MLI,MT,Everton,eng Premier League,29,1993,17.0,1.82,1.18,0.53,0.88,0.41,0.71,2.18,32.4,1.47,1.53,0.18,1.35,0.76,2.59,0.65,0.00,Matchs
784,Cheick Doucouré,ml MLI,MT,Crystal Palace,eng Premier League,22,2000,30.8,2.50,1.49,1.30,01.07,0.13,0.94,1.69,55.8,0.75,1.53,0.42,1.10,1.82,4.32,1.56,0.00,Matchs
785,Ckene Doucouré,ml MLI,"AT,MT",Lorient,fr Ligue 1,20,2002,1.5,1.33,1.33,1.33,0.00,0.00,0.67,1.33,50.0,0.67,0.00,0.00,0.00,0.67,2.00,0.00,0.00,Matchs
786,Désiré Doué,fr FRA,"MT,AT",Rennes,fr Ligue 1,17,2005,12.4,2.98,1.45,0.81,1.85,0.32,01.05,2.58,40.6,1.53,1.37,0.08,1.29,01.05,04.03,0.24,0.00,Matchs
787,Guela Doué,fr FRA,"AT,MT",Rennes,fr Ligue 1,19,2002,0.1,0.00,0.00,0.00,0.00,0.00,0.00,0.00,,0.00,0.00,0.00,0.00,0.00,0.00,0.00,0.00,Matchs
788,Ismaël Doukouré,fr FRA,"DF,MT",Strasbourg,fr Ligue 1,19,2003,25.5,1.88,0.94,0.90,0.82,0.16,0.78,1.33,58.8,0.55,01.02,0.31,0.71,01.06,2.94,2.12,0.00,Matchs
789,Kamory Doumbia,ml MLI,MT,Reims,fr Ligue 1,19,2003,12.8,2.42,1.25,0.70,01.09,0.63,0.94,2.89,32.4,1.95,1.33,0.08,1.25,01.02,3.44,0.23,0.00,Matchs
790,Souleyman Doumbia,ci CIV,"DF,AT",Angers,fr Ligue 1,25,1996,19.9,2.26,1.56,1.56,0.65,0.05,0.85,1.56,54.8,0.70,01.01,0.15,0.85,1.36,3.62,1.36,0.05,Matchs
791,Flynn Downes,eng ENG,MT,West Ham,eng Premier League,23,1999,8.5,1.88,01.06,0.47,1.18,0.24,0.71,1.41,50.0,0.71,1.76,0.24,1.53,0.82,2.71,0.71,0.00,Matchs
792,Kami Doyle,eng ENG,MT,Southampton,eng Premier League,16,2005,0.1,0.00,0.00,0.00,0.00,0.00,0.00,0.00,,0.00,0.00,0.00,0.00,0.00,0.00,0.00,0.00,Matchs
793,Bartłomiej Drągowski,pl POL,GB,Spezia,it Serie A,24,1997,32.7,0.03,0.00,0.03,0.00,0.00,0.03,0.15,20.0,0.12,0.00,0.00,0.00,0.03,0.06,0.46,0.09,Matchs
794,Cody Drameh,eng ENG,DF,Leeds United,eng Premier League,20,2001,0.8,6.25,5.00,0.00,5.00,1.25,2.50,3.75,66.7,1.25,0.00,0.00,0.00,1.25,7.50,1.25,0.00,Matchs
795,Dion Drena Beljo,hr CRO,AT,Augsburg,de Bundesliga,20,2002,12.5,0.56,0.48,0.24,0.16,0.16,0.16,01.04,15.4,0.88,1.20,0.16,01.04,0.08,0.64,1.12,0.00,Matchs
796,Dominick Drexler,de GER,"MT,AT",Schalke 04,de Bundesliga,32,1990,15.2,1.64,1.12,0.79,0.66,0.20,0.59,1.45,40.9,0.86,1.18,0.13,01.05,0.53,2.17,0.79,0.00,Matchs
797,Domingos Duarte,pt POR,DF,Getafe,es La Liga,27,1995,29.5,0.88,0.61,0.71,0.17,0.00,0.64,0.88,73.1,0.24,0.98,0.78,0.20,1.32,2.20,4.92,0.00,Matchs
798,Martin Dúbravka,sk SVK,GB,Newcastle Utd,eng Premier League,33,1989,1.7,0.00,0.00,0.00,0.00,0.00,0.00,0.59,0.0,0.59,0.00,0.00,0.00,0.00,0.00,0.59,0.00,Matchs
799,Marvin Ducksch,de GER,AT,Werder Bremen,de Bundesliga,28,1994,31.7,0.25,0.09,0.06,0.13,0.06,0.09,0.50,18.8,0.41,0.41,0.06,0.35,0.28,0.54,1.29,0.03,Matchs
800,Ondrej Duda,sk SVK,MT,Hellas Verona,it Serie A,27,1994,11.8,1.86,1.19,0.59,01.02,0.25,0.76,1.36,56.3,0.59,0.93,0.00,0.93,1.10,2.97,0.68,0.00,Matchs
Clt,Joueur,Nation,Pos,Équipe,Comp,Âge,Naissance,90,Tcl,TclR,ZDéf,MilTer,ZOff,Tcl,Att,Tcl%,Manqués,Balles contrées,Tirs,Passe,Int,Tcl+Int,Dég,Err,Matchs
801,Ondrej Duda,sk SVK,MT,Köln,de Bundesliga,27,1994,7.7,1.17,01.04,0.26,0.65,0.26,0.52,1.43,36.4,0.91,0.91,0.13,0.78,0.26,1.43,0.39,0.00,Matchs
802,Shane Duffy,ie IRL,"DF,AT",Fulham,eng Premier League,30,1992,0.2,0.00,0.00,0.00,0.00,0.00,0.00,0.00,,0.00,0.00,0.00,0.00,0.00,0.00,0.00,5.00,Matchs
803,Rémy Dugimont,fr FRA,"AT,MT",Auxerre,fr Ligue 1,36,1986,1.3,1.54,0.77,0.00,0.77,0.77,0.77,1.54,50.0,0.77,2.31,0.00,2.31,0.00,1.54,3.85,0.00,Matchs
804,Denzel Dumfries,nl NED,DF,Inter,it Serie A,26,1996,24.6,1.42,0.73,0.69,0.53,0.20,0.89,1.38,64.7,0.49,1.34,0.37,0.98,0.49,1.91,01.06,0.00,Matchs
805,Alfred Duncan,gh GHA,MT,Fiorentina,it Serie A,29,1993,12.3,1.46,0.81,0.00,1.38,0.08,0.81,1.71,47.6,0.89,0.73,0.00,0.73,0.65,2.11,0.49,0.00,Matchs
806,Lewis Dunk,eng ENG,DF,Brighton,eng Premier League,30,1991,36.0,0.83,0.53,0.53,0.25,0.06,0.50,1.14,43.9,0.64,01.03,0.75,0.28,0.94,1.78,2.25,0.03,Matchs
807,Maxime Dupé,fr FRA,GB,Toulouse,fr Ligue 1,29,1993,38.0,0.00,0.00,0.00,0.00,0.00,0.00,0.00,,0.00,0.00,0.00,0.00,0.00,0.00,0.24,0.08,Matchs
808,Jhon Durán,co COL,"AT,MT",Aston Villa,eng Premier League,18,2003,1.5,1.33,1.33,0.00,0.67,0.67,0.67,2.67,25.0,2.00,0.00,0.00,0.00,1.33,2.67,1.33,0.00,Matchs
809,Pablo Durán,es ESP,"MT,DF",Celta Vigo,es La Liga,21,2001,0.4,0.00,0.00,0.00,0.00,0.00,0.00,0.00,,0.00,5.00,2.50,2.50,2.50,2.50,5.00,0.00,Matchs
810,Julien Duranville,be BEL,MT,Dortmund,de Bundesliga,16,2006,0.3,3.33,3.33,0.00,3.33,0.00,3.33,3.33,100.0,0.00,0.00,0.00,0.00,0.00,3.33,0.00,0.00,Matchs
811,Hugo Duro,es ESP,AT,Valencia,es La Liga,22,1999,15.4,0.97,0.78,0.13,0.39,0.45,0.45,1.10,41.2,0.65,0.71,0.06,0.65,0.13,1.10,0.45,0.06,Matchs
812,Jean-Kevin Duverne,ht HAI,DF,Brest,fr Ligue 1,25,1997,27.9,2.58,1.36,1.58,0.86,0.14,1.51,2.62,57.5,1.11,1.18,0.18,1.00,1.00,3.58,2.33,0.04,Matchs
813,Paulo Dybala,ar ARG,"MT,AT",Roma,it Serie A,28,1993,19.3,0.73,0.21,0.05,0.41,0.26,0.41,1.35,30.8,0.93,0.62,0.05,0.57,0.41,1.14,0.21,0.00,Matchs
814,Edin Džeko,ba BIH,AT,Inter,it Serie A,36,1986,19.2,0.16,0.10,0.00,0.16,0.00,0.00,0.21,0.0,0.21,0.78,0.05,0.73,0.16,0.31,1.30,0.00,Matchs
815,Malcolm Ebiowei,eng ENG,"MT,AT",Crystal Palace,eng Premier League,18,2003,0.4,2.50,2.50,2.50,0.00,0.00,0.00,2.50,0.0,2.50,5.00,0.00,5.00,0.00,2.50,0.00,0.00,Matchs
816,Festy Ebosele,ie IRL,DF,Udinese,it Serie A,19,2002,4.6,3.26,2.17,1.74,1.52,0.00,0.87,2.17,40.0,1.30,01.09,0.00,01.09,0.43,3.70,01.09,0.00,Matchs
817,Enzo Ebosse,cm CMR,DF,Udinese,it Serie A,23,1999,10.3,1.46,0.87,01.07,0.39,0.00,0.87,1.26,69.2,0.39,2.62,0.58,02.04,01.07,2.52,2.82,0.00,Matchs
818,Tyronne Ebuehi,ng NGA,DF,Empoli,it Serie A,26,1995,21.4,01.03,0.65,0.51,0.33,0.19,0.42,0.61,69.2,0.19,01.07,0.56,0.51,0.56,1.59,3.69,0.05,Matchs
819,Ederson,br BRA,GB,Manchester City,eng Premier League,28,1993,35.0,0.09,0.03,0.09,0.00,0.00,0.03,0.06,50.0,0.03,0.00,0.00,0.00,0.03,0.11,0.29,0.06,Matchs
820,Éderson,br BRA,MT,Atalanta,it Serie A,23,1999,24.6,2.72,1.38,0.73,1.71,0.28,1.18,2.68,43.9,1.50,2.28,0.28,1.99,1.46,4.19,1.26,0.00,Matchs
821,Odsonne Édouard,fr FRA,AT,Crystal Palace,eng Premier League,24,1998,20.0,1.25,0.65,0.35,0.60,0.30,0.35,0.65,53.8,0.30,0.85,0.25,0.60,0.15,1.40,1.10,0.00,Matchs
822,Samuel Edozie,eng ENG,"AT,MT",Southampton,eng Premier League,19,2003,6.3,2.70,1.59,0.95,1.59,0.16,0.48,1.27,37.5,0.79,1.11,0.00,1.11,0.95,3.65,0.95,0.00,Matchs
823,Maximilian Eggestein,de GER,MT,Freiburg,de Bundesliga,25,1996,27.2,1.88,01.07,0.77,0.88,0.22,0.63,1.29,48.6,0.66,1.36,0.29,01.07,1.32,3.20,0.99,0.00,Matchs
824,Lilian Egloff,de GER,"MT,AT",Stuttgart,de Bundesliga,19,2002,2.7,4.44,3.70,1.48,1.85,1.11,1.48,2.22,66.7,0.74,0.74,0.00,0.74,0.37,4.81,0.37,0.00,Matchs
825,Íñigo Eguaras,es ESP,MT,Almería,es La Liga,30,1992,10.7,01.03,0.75,0.37,0.56,0.09,0.47,1.68,27.8,1.21,0.84,0.28,0.56,0.56,1.59,1.40,0.00,Matchs
Clt,Joueur,Nation,Pos,Équipe,Comp,Âge,Naissance,90,Tcl,TclR,ZDéf,MilTer,ZOff,Tcl,Att,Tcl%,Manqués,Balles contrées,Tirs,Passe,Int,Tcl+Int,Dég,Err,Matchs
826,Kingsley Ehizibue,nl NED,DF,Udinese,it Serie A,27,1995,17.1,2.75,1.81,1.64,0.76,0.35,1.70,2.63,64.4,0.94,1.23,0.18,01.05,0.58,3.33,2.46,0.06,Matchs
827,Kingsley Ehizibue,nl NED,DF,Köln,de Bundesliga,27,1995,0.7,0.00,0.00,0.00,0.00,0.00,0.00,0.00,,0.00,1.43,0.00,1.43,2.86,2.86,1.43,0.00,Matchs
828,Julian Eitschberger,de GER,AT,Hertha BSC,de Bundesliga,18,2004,0.0,0,0,0,0,0,0,0,,0,0,0,0,0,0,0,0,Matchs
829,Chidera Ejuke,ng NGA,"AT,MT",Hertha BSC,de Bundesliga,24,1998,9.9,0.51,0.40,0.10,0.40,0.00,0.10,0.51,20.0,0.40,0.40,0.00,0.40,0.40,0.91,0.10,0.00,Matchs
830,Albin Ekdal,se SWE,MT,Spezia,it Serie A,33,1989,19.3,1.92,01.04,0.73,01.04,0.16,0.98,2.33,42.2,1.35,1.24,0.10,1.14,1.35,3.26,1.87,0.00,Matchs
831,Hugo Ekitike,fr FRA,AT,Paris S-G,fr Ligue 1,20,2002,12.8,0.94,0.31,0.08,0.78,0.08,0.31,0.94,33.3,0.63,0.94,0.00,0.94,0.70,1.64,0.23,0.00,Matchs
832,Emmanuel Ekong,se SWE,"AT,MT",Empoli,it Serie A,20,2002,0.2,0.00,0.00,0.00,0.00,0.00,0.00,0.00,,0.00,0.00,0.00,0.00,0.00,0.00,0.00,0.00,Matchs
833,Anthony Elanga,se SWE,AT,Manchester Utd,eng Premier League,20,2002,4.7,0.64,0.00,0.00,0.43,0.21,0.21,0.43,50.0,0.21,0.85,0.00,0.85,0.43,01.06,0.85,0.00,Matchs
834,Alberth Elis,hn HON,"MT,AT",Brest,fr Ligue 1,26,1996,2.9,1.38,01.03,0.34,0.69,0.34,0.34,2.41,14.3,02.07,0.34,0.00,0.34,0.34,1.72,0.69,0.00,Matchs
835,Mikael Ellertsson,is ISL,"MT,DF",Spezia,it Serie A,20,2002,1.9,2.11,01.05,0.53,1.58,0.00,0.00,1.58,0.0,1.58,01.05,0.53,0.53,01.05,3.16,0.00,0.00,Matchs
836,Harvey Elliott,eng ENG,"MT,AT",Liverpool,eng Premier League,19,2003,17.9,1.51,01.01,0.34,0.67,0.50,0.50,02.01,25.0,1.51,1.45,0.06,1.40,0.84,2.35,0.45,0.00,Matchs
837,Elif Elmas,mk MKD,"AT,MT",Napoli,it Serie A,22,1999,18.1,1.33,0.72,0.44,0.66,0.22,0.61,1.27,47.8,0.66,0.99,0.11,0.88,0.61,1.93,0.28,0.00,Matchs
838,Mohamed Elneny,eg EGY,MT,Arsenal,eng Premier League,30,1992,1.3,0.77,0.77,0.77,0.00,0.00,0.77,0.77,100.0,0.00,0.00,0.00,0.00,0.00,0.77,0.00,0.00,Matchs
839,Aritz Elustondo,es ESP,DF,Real Sociedad,es La Liga,28,1994,16.1,1.61,01.06,0.93,0.62,0.06,0.87,1.61,53.8,0.75,0.93,0.37,0.56,1.24,2.86,2.67,0.06,Matchs
840,Nico Elvedi,ch SUI,DF,M'Gladbach,de Bundesliga,25,1996,31.4,1.46,0.76,01.02,0.38,0.06,0.86,1.31,65.9,0.45,0.99,0.51,0.48,1.11,2.58,4.75,0.10,Matchs
841,Rodrigo Ely,br BRA,DF,Almería,es La Liga,28,1993,35.1,0.85,0.60,0.74,0.11,0.00,0.51,0.71,72.0,0.20,1.31,0.94,0.37,0.88,1.74,5.78,0.03,Matchs
842,Mohamed Elyounoussi,no NOR,"MT,AT",Southampton,eng Premier League,27,1994,24.1,1.91,1.16,0.91,0.83,0.17,0.79,1.78,44.2,1.00,1.66,0.12,1.54,1.12,03.03,1.54,0.00,Matchs
843,Adri Embarba,es ESP,"AT,MT",Almería,es La Liga,30,1992,16.4,03.05,1.65,1.28,1.59,0.18,1.34,2.80,47.8,1.46,1.40,0.00,1.40,0.55,3.60,0.55,0.00,Matchs
844,Adri Embarba,es ESP,AT,Espanyol,es La Liga,30,1992,0.4,2.50,0.00,0.00,2.50,0.00,2.50,2.50,100.0,0.00,2.50,0.00,2.50,0.00,2.50,0.00,0.00,Matchs
845,Breel Embolo,ch SUI,AT,Monaco,fr Ligue 1,25,1997,20.7,0.72,0.43,0.10,0.34,0.29,0.24,0.48,50.0,0.24,0.68,0.14,0.53,0.24,0.97,0.58,0.00,Matchs
846,Emerson,br BRA,DF,Tottenham,eng Premier League,23,1999,19.3,2.80,1.71,1.97,0.62,0.21,1.40,02.07,67.5,0.67,0.88,0.16,0.73,0.93,3.73,3.89,0.00,Matchs
847,Youssef En-Nesyri,ma MAR,AT,Sevilla,es La Liga,25,1997,18.5,0.86,0.43,0.16,0.38,0.32,0.22,0.76,28.6,0.54,0.32,0.11,0.22,0.22,01.08,0.86,0.00,Matchs
848,Wataru Endo,jp JPN,MT,Stuttgart,de Bundesliga,29,1993,32.5,2.15,1.14,0.92,0.95,0.28,1.17,2.62,44.7,1.45,1.35,0.18,1.17,0.80,2.95,1.94,0.00,Matchs
849,Arne Engels,be BEL,MT,Augsburg,de Bundesliga,18,2003,16.0,1.25,0.56,0.56,0.63,0.06,0.50,1.19,42.1,0.69,01.06,0.31,0.75,0.94,2.19,0.75,0.06,Matchs
850,Christian Eriksen,dk DEN,MT,Manchester Utd,eng Premier League,30,1992,22.8,0.96,0.79,0.44,0.31,0.22,0.44,1.40,31.3,0.96,01.01,0.39,0.61,0.48,1.45,0.88,0.04,Matchs
Clt,Joueur,Nation,Pos,Équipe,Comp,Âge,Naissance,90,Tcl,TclR,ZDéf,MilTer,ZOff,Tcl,Att,Tcl%,Manqués,Balles contrées,Tirs,Passe,Int,Tcl+Int,Dég,Err,Matchs
851,Martin Erlic,hr CRO,DF,Sassuolo,it Serie A,24,1998,25.9,01.04,0.62,0.69,0.31,0.04,0.39,0.89,43.5,0.50,1.39,0.89,0.50,1.20,2.24,4.63,0.04,Matchs
852,Tjark Ernst,de GER,GB,Hertha BSC,de Bundesliga,19,2003,1.0,0.00,0.00,0.00,0.00,0.00,0.00,0.00,,0.00,0.00,0.00,0.00,0.00,0.00,1.00,0.00,Matchs
853,Gonzalo Escalante,ar ARG,MT,Cremonese,it Serie A,29,1993,6.2,2.58,1.29,1.29,1.29,0.00,1.61,2.10,76.9,0.48,1.13,0.16,0.97,1.61,4.19,0.65,0.00,Matchs
854,Gonzalo Escalante,ar ARG,MT,Cádiz,es La Liga,29,1993,12.5,2.88,1.92,1.20,1.60,0.08,1.20,2.32,51.7,1.12,1.44,0.32,1.12,1.36,4.24,02.08,0.08,Matchs
855,Sergio Escudero,es ESP,DF,Valladolid,es La Liga,32,1989,16.0,02.06,1.19,1.31,0.50,0.25,0.94,2.19,42.9,1.25,1.63,0.38,1.25,1.63,3.69,2.88,0.00,Matchs
856,Alfonso Espino,uy URU,DF,Cádiz,es La Liga,30,1992,34.7,2.51,1.61,1.59,0.58,0.35,1.38,2.77,50.0,1.38,1.50,0.32,1.18,1.38,3.89,2.85,0.09,Matchs
857,Bernardo Espinosa,co COL,DF,Girona,es La Liga,33,1989,13.6,0.44,0.15,0.15,0.29,0.00,0.22,0.66,33.3,0.44,1.25,0.74,0.51,0.88,1.32,5.15,0.15,Matchs
858,Salvatore Esposito,it ITA,MT,Spezia,it Serie A,21,2000,10.8,1.39,1.11,0.74,0.46,0.19,0.46,1.94,23.8,1.48,0.83,0.09,0.74,01.02,2.41,1.67,0.00,Matchs
859,Maxime Estève,fr FRA,DF,Montpellier,fr Ligue 1,20,2002,18.3,1.31,0.71,0.93,0.27,0.11,0.66,0.93,70.6,0.27,1.53,0.93,0.60,1.86,3.17,4.92,0.00,Matchs
860,Pervis Estupiñán,ec ECU,DF,Brighton,eng Premier League,24,1998,29.7,02.05,01.04,1.21,0.64,0.20,1.18,02.02,58.3,0.84,01.01,0.27,0.74,1.25,3.30,1.25,0.03,Matchs
861,Jonny Evans,nir NIR,DF,Leicester City,eng Premier League,34,1988,11.7,1.11,0.43,01.03,0.09,0.00,0.60,0.94,63.6,0.34,1.28,0.94,0.34,1.54,2.65,4.36,0.00,Matchs
862,Edu Expósito,es ESP,MT,Espanyol,es La Liga,25,1996,12.9,2.64,1.55,1.24,1.16,0.23,01.01,1.78,56.5,0.78,0.54,0.00,0.54,0.93,3.57,1.55,0.00,Matchs
863,Eberechi Eze,eng ENG,"MT,AT",Crystal Palace,eng Premier League,24,1998,29.3,1.43,0.82,0.58,0.61,0.24,0.61,1.30,47.4,0.68,0.75,0.00,0.75,0.44,1.88,0.34,0.00,Matchs
864,Kimberly Ezekwem,de GER,DF,Freiburg,de Bundesliga,21,2001,0.1,0.00,0.00,0.00,0.00,0.00,0.00,0.00,,0.00,10.0,0.00,10.0,0.00,0.00,0.00,0.00,Matchs
865,Nicolás Ezequiel Fernández,ar ARG,"MT,DF",Elche,es La Liga,22,2000,5.7,04.04,2.11,1.75,1.23,01.05,1.58,2.98,52.9,1.40,1.23,0.00,1.23,0.88,4.91,0.35,0.18,Matchs
866,Abdessamad Ezzalzouli,ma MAR,"AT,MT",Osasuna,es La Liga,20,2001,16.7,1.74,1.14,0.78,0.72,0.24,0.78,1.38,56.5,0.60,1.20,0.00,1.20,0.24,1.98,0.36,0.00,Matchs
867,Łukasz Fabiański,pl POL,GB,West Ham,eng Premier League,37,1985,34.6,0.06,0.00,0.06,0.00,0.00,0.03,0.06,50.0,0.03,0.03,0.00,0.03,0.00,0.06,0.29,0.03,Matchs
868,Fabinho,br BRA,MT,Liverpool,eng Premier League,28,1993,29.7,2.19,1.28,0.61,1.35,0.24,0.81,02.09,38.7,1.28,1.28,0.37,0.91,1.25,3.43,1.35,0.00,Matchs
869,Fábio,br BRA,"DF,MT",Nantes,fr Ligue 1,32,1990,2.5,1.60,0.80,0.40,0.80,0.40,1.60,2.40,66.7,0.80,0.80,0.00,0.80,1.20,2.80,4.40,0.00,Matchs
870,Noah Fadiga,sn SEN,DF,Brest,fr Ligue 1,22,1999,14.5,02.07,1.45,1.24,0.62,0.21,0.97,1.79,53.8,0.83,1.17,0.48,0.69,1.79,3.86,1.24,0.00,Matchs
871,Wout Faes,be BEL,DF,Leicester City,eng Premier League,24,1998,31.0,1.81,01.06,0.90,0.84,0.06,0.90,1.42,63.6,0.52,1.71,1.19,0.52,1.32,3.13,3.65,0.06,Matchs
872,Wout Faes,be BEL,DF,Reims,fr Ligue 1,24,1998,3.0,0.33,0.33,0.33,0.00,0.00,0.33,0.67,50.0,0.33,2.00,1.00,1.00,2.33,2.67,6.33,0.00,Matchs
873,Nicolò Fagioli,it ITA,MT,Juventus,it Serie A,21,2001,16.9,1.72,1.12,0.71,0.89,0.12,0.47,1.60,29.6,1.12,0.95,0.12,0.83,0.47,2.19,0.41,0.06,Matchs
874,Ralf Fährmann,de GER,GB,Schalke 04,de Bundesliga,33,1988,11.4,0.09,0.00,0.09,0.00,0.00,0.09,0.09,100.0,0.00,0.00,0.00,0.00,0.00,0.09,0.88,0.18,Matchs
875,Romain Faivre,fr FRA,"MT,AT",Lorient,fr Ligue 1,24,1998,13.8,0.94,0.58,0.36,0.29,0.29,0.36,1.81,20.0,1.45,0.80,0.00,0.80,0.07,01.01,0.29,0.00,Matchs
Clt,Joueur,Nation,Pos,Équipe,Comp,Âge,Naissance,90,Tcl,TclR,ZDéf,MilTer,ZOff,Tcl,Att,Tcl%,Manqués,Balles contrées,Tirs,Passe,Int,Tcl+Int,Dég,Err,Matchs
876,Romain Faivre,fr FRA,MT,Lyon,fr Ligue 1,24,1998,3.3,1.82,0.91,0.61,0.61,0.61,0.30,0.91,33.3,0.61,0.91,0.00,0.91,0.00,1.82,0.00,0.00,Matchs
877,Radamel Falcao,co COL,"AT,MT",Rayo Vallecano,es La Liga,36,1986,6.8,0.59,0.59,0.15,0.44,0.00,0.15,1.18,12.5,01.03,0.74,0.15,0.59,0.29,0.88,1.47,0.00,Matchs
878,Wladimiro Falcone,it ITA,GB,Lecce,it Serie A,27,1995,38.0,0.05,0.00,0.05,0.00,0.00,0.05,0.05,100.0,0.00,0.00,0.00,0.00,0.05,0.11,0.55,0.08,Matchs
879,Fali,es ESP,"DF,MT",Cádiz,es La Liga,28,1993,19.0,1.42,1.00,1.00,0.42,0.00,0.95,1.53,62.1,0.58,1.26,0.79,0.47,0.68,2.11,3.68,0.05,Matchs
880,Fallou Fall,sn SEN,DF,Reims,fr Ligue 1,18,2004,0.4,0.00,0.00,0.00,0.00,0.00,0.00,2.50,0.0,2.50,7.50,7.50,0.00,0.00,0.00,10.0,0.00,Matchs
881,Mamadou Fall,sn SEN,DF,Villarreal,es La Liga,19,2002,0.3,0.00,0.00,0.00,0.00,0.00,0.00,0.00,,0.00,3.33,0.00,3.33,0.00,0.00,3.33,0.00,Matchs
882,Davide Faraoni,it ITA,DF,Hellas Verona,it Serie A,30,1991,16.5,02.06,1.45,1.15,0.79,0.12,0.97,2.48,39.0,1.52,1.82,0.67,1.15,0.91,2.97,2.24,0.00,Matchs
883,Ansu Fati,es ESP,AT,Barcelona,es La Liga,19,2002,15.5,01.03,0.58,0.52,0.26,0.26,0.32,1.16,27.8,0.84,1.23,0.00,1.23,0.32,1.35,0.39,0.00,Matchs
884,Khalil Fayad,fr FRA,MT,Montpellier,fr Ligue 1,18,2004,8.0,3.75,1.75,1.50,2.00,0.25,1.50,2.63,57.1,1.13,1.00,0.13,0.88,1.13,4.88,0.50,0.00,Matchs
885,Cheikh Faye,sn SEN,AT,Montpellier,fr Ligue 1,23,1999,0.4,0.00,0.00,0.00,0.00,0.00,0.00,0.00,,0.00,0.00,0.00,0.00,2.50,2.50,0.00,0.00,Matchs
886,Federico Fazio,ar ARG,DF,Salernitana,it Serie A,35,1987,11.9,1.26,01.01,0.67,0.59,0.00,0.34,0.92,36.4,0.59,0.76,0.34,0.42,2.35,3.61,5.13,0.00,Matchs
887,Jacopo Fazzini,it ITA,MT,Empoli,it Serie A,19,2003,9.2,3.37,1.85,2.17,0.87,0.33,1.96,3.70,52.9,1.74,1.63,0.33,1.30,0.76,4.13,02.07,0.00,Matchs
888,Zouhair Feddal,ma MAR,DF,Valladolid,es La Liga,33,1989,4.2,0.95,0.48,0.24,0.71,0.00,0.71,0.95,75.0,0.24,2.14,2.14,0.00,1.19,2.14,6.43,0.00,Matchs
889,Nabil Fekir,fr FRA,MT,Betis,es La Liga,29,1993,10.7,01.03,0.47,0.28,0.28,0.47,0.19,0.84,22.2,0.65,0.56,0.19,0.37,0.09,1.12,0.00,0.00,Matchs
890,Felipe,br BRA,DF,Nott'ham Forest,eng Premier League,33,1989,15.8,2.66,1.46,1.84,0.82,0.00,1.52,2.59,58.5,01.08,2.15,0.82,1.33,2.28,4.94,5.70,0.00,Matchs
891,Felipe,br BRA,DF,Atlético Madrid,es La Liga,33,1989,2.2,1.36,0.91,0.45,0.91,0.00,0.91,1.82,50.0,0.91,0.91,0.91,0.00,0.00,1.36,3.18,0.00,Matchs
892,Luiz Felipe,it ITA,DF,Betis,es La Liga,25,1997,19.6,1.73,1.17,1.17,0.56,0.00,0.92,1.73,52.9,0.82,2.19,1.22,0.97,1.43,3.16,5.41,0.00,Matchs
893,João Félix,pt POR,"AT,MT",Chelsea,eng Premier League,22,1999,10.5,1.33,0.67,0.48,0.57,0.29,0.38,1.14,33.3,0.76,0.29,0.00,0.29,0.10,1.43,0.10,0.10,Matchs
894,João Félix,pt POR,"AT,MT",Atlético Madrid,es La Liga,22,1999,7.2,1.39,0.97,0.28,0.42,0.69,0.14,0.83,16.7,0.69,0.14,0.00,0.14,0.42,1.81,0.28,0.00,Matchs
895,Ohis Felix Uduokhai,de GER,DF,Augsburg,de Bundesliga,24,1997,16.1,1.86,1.24,0.87,0.81,0.19,0.93,1.80,51.7,0.87,1.68,0.87,0.81,1.80,3.66,3.79,0.06,Matchs
896,Kiko Femenía,es ESP,DF,Villarreal,es La Liga,31,1991,12.6,1.43,0.71,1.11,0.24,0.08,01.03,1.43,72.2,0.40,1.19,0.48,0.71,1.59,03.02,1.75,0.00,Matchs
897,Evan Ferguson,ie IRL,AT,Brighton,eng Premier League,17,2004,10.6,0.57,0.28,0.09,0.28,0.19,0.09,0.66,14.3,0.57,01.04,0.09,0.94,0.19,0.75,0.57,0.00,Matchs
898,Lewis Ferguson,sct SCO,"MT,AT",Bologna,it Serie A,22,1999,25.7,1.71,0.97,0.62,0.78,0.31,0.78,1.56,50.0,0.78,0.86,0.27,0.58,0.74,2.45,0.97,0.00,Matchs
899,Bruno Fernandes,pt POR,"MT,AT",Manchester Utd,eng Premier League,27,1994,36.8,1.85,1.14,0.65,0.68,0.52,0.82,1.93,42.3,1.11,01.01,0.14,0.87,0.68,2.53,01.09,0.03,Matchs
900,Edimilson Fernandes,ch SUI,DF,Mainz 05,de Bundesliga,26,1996,27.1,1.29,0.92,0.96,0.18,0.15,0.66,1.25,52.9,0.59,1.37,0.59,0.77,1.99,3.28,3.21,0.07,Matchs
Clt,Joueur,Nation,Pos,Équipe,Comp,Âge,Naissance,90,Tcl,TclR,ZDéf,MilTer,ZOff,Tcl,Att,Tcl%,Manqués,Balles contrées,Tirs,Passe,Int,Tcl+Int,Dég,Err,Matchs
901,Aitor Fernández,es ESP,GB,Osasuna,es La Liga,31,1991,21.0,0.05,0.05,0.05,0.00,0.00,0.00,0.05,0.0,0.05,0.00,0.00,0.00,0.10,0.14,0.81,0.00,Matchs
902,Álex Fernández,es ESP,"MT,AT",Cádiz,es La Liga,29,1992,17.5,0.74,0.40,0.34,0.23,0.17,0.23,0.80,28.6,0.57,0.80,0.06,0.74,0.46,1.20,01.09,0.00,Matchs
903,Álvaro Fernández,es ESP,GB,Espanyol,es La Liga,24,1998,11.0,0.00,0.00,0.00,0.00,0.00,0.00,0.00,,0.00,0.00,0.00,0.00,0.00,0.00,0.64,0.18,Matchs
904,Carlos Fernández,es ESP,AT,Real Sociedad,es La Liga,26,1996,7.0,0.86,0.57,0.14,0.43,0.29,0.14,2.14,6.7,2.00,0.14,0.00,0.14,0.14,1.00,0.57,0.00,Matchs
905,Enzo Fernández,ar ARG,MT,Chelsea,eng Premier League,21,2001,17.2,2.62,1.57,1.45,0.99,0.17,1.22,3.26,37.5,02.03,1.86,0.12,1.74,0.93,3.55,0.70,0.06,Matchs
906,Federico Fernández,ar ARG,DF,Elche,es La Liga,33,1989,1.0,1.00,1.00,1.00,0.00,0.00,1.00,1.00,100.0,0.00,0.00,0.00,0.00,2.00,3.00,12.0,0.00,Matchs
907,Joaquín Fernández,es ESP,DF,Valladolid,es La Liga,26,1996,24.0,1.46,1.17,0.83,0.46,0.17,0.79,1.25,63.3,0.46,1.29,0.92,0.38,1.13,2.58,04.08,0.04,Matchs
908,Valery Fernández,es ESP,"MT,DF",Girona,es La Liga,22,1999,10.7,1.12,0.56,0.37,0.56,0.19,0.47,0.84,55.6,0.37,0.75,0.09,0.65,0.93,02.06,0.84,0.09,Matchs
909,Fernando,es ESP,GB,Almería,es La Liga,32,1990,36.5,0.00,0.00,0.00,0.00,0.00,0.00,0.05,0.0,0.05,0.05,0.00,0.05,0.03,0.03,0.55,0.08,Matchs
910,Fernando,br BRA,"MT,DF",Sevilla,es La Liga,35,1987,17.5,1.94,1.31,0.80,0.97,0.17,01.03,1.71,60.0,0.69,1.20,0.57,0.63,1.37,3.31,1.66,0.00,Matchs
911,Alex Ferrari,it ITA,DF,Sampdoria,it Serie A,28,1994,9.6,0.94,0.52,0.73,0.21,0.00,0.42,0.83,50.0,0.42,2.19,01.04,1.15,1.98,2.92,2.60,0.00,Matchs
912,Alex Ferrari,it ITA,DF,Cremonese,it Serie A,28,1994,11.2,3.57,02.05,2.86,0.63,0.09,2.50,3.75,66.7,1.25,1.70,0.36,1.34,2.23,5.80,04.02,0.09,Matchs
913,Salvador Ferrer,es ESP,DF,Spezia,it Serie A,24,1998,1.5,2.67,1.33,1.33,1.33,0.00,0.67,2.00,33.3,1.33,2.00,0.67,1.33,0.67,3.33,2.67,0.00,Matchs
914,Jordan Ferri,fr FRA,MT,Montpellier,fr Ligue 1,30,1992,30.4,1.81,1.15,01.05,0.63,0.13,0.99,2.93,33.7,1.94,0.72,0.20,0.53,0.86,2.66,0.69,0.00,Matchs
915,Fidel,es ESP,"MT,AT",Elche,es La Liga,32,1989,19.0,0.79,0.53,0.42,0.26,0.11,0.21,2.00,10.5,1.79,0.47,0.00,0.47,0.26,01.05,0.42,0.00,Matchs
916,Karol Fila,pl POL,DF,Strasbourg,fr Ligue 1,24,1998,0.5,0.00,0.00,0.00,0.00,0.00,0.00,0.00,,0.00,0.00,0.00,0.00,2.00,2.00,2.00,0.00,Matchs
917,Vincenzo Fiorillo,it ITA,GB,Salernitana,it Serie A,32,1990,1.0,0.00,0.00,0.00,0.00,0.00,0.00,0.00,,0.00,0.00,0.00,0.00,0.00,0.00,0.00,0.00,Matchs
918,Roberto Firmino,br BRA,"AT,MT",Liverpool,eng Premier League,30,1991,13.5,1.26,0.89,0.15,0.89,0.22,0.30,1.56,19.0,1.26,1.19,0.07,1.11,0.52,1.78,0.15,0.00,Matchs
919,Junior Firpo,es ESP,DF,Leeds United,eng Premier League,25,1996,15.2,03.09,1.64,1.78,0.99,0.33,1.58,03.03,52.2,1.45,1.51,0.46,01.05,1.58,4.67,2.63,0.00,Matchs
920,Kilian Fischer,de GER,"DF,AT",Wolfsburg,de Bundesliga,21,2000,5.6,1.61,01.07,0.54,0.71,0.36,01.07,1.96,54.5,0.89,01.07,0.00,01.07,0.89,2.50,3.21,0.00,Matchs
921,Mark Flekken,nl NED,GB,Freiburg,de Bundesliga,29,1993,34.0,0.00,0.00,0.00,0.00,0.00,0.00,0.03,0.0,0.03,0.03,0.00,0.03,0.00,0.00,0.26,0.15,Matchs
922,Florian Flick,de GER,MT,Schalke 04,de Bundesliga,22,2000,5.7,2.11,0.53,1.23,0.88,0.00,0.70,2.46,28.6,1.75,1.58,0.53,01.05,0.70,2.81,3.16,0.00,Matchs
923,Alexis Flips,fr FRA,"AT,MT",Reims,fr Ligue 1,22,2000,22.0,2.32,1.36,0.82,0.77,0.73,1.23,2.91,42.2,1.68,1.59,0.23,1.36,01.09,3.41,0.55,0.00,Matchs
924,Alessandro Florenzi,it ITA,DF,Milan,it Serie A,31,1991,2.3,2.61,1.74,1.30,0.87,0.43,1.74,03.04,57.1,1.30,0.43,0.00,0.43,1.74,4.35,0.87,0.00,Matchs
925,Phil Foden,eng ENG,AT,Manchester City,eng Premier League,22,2000,20.5,0.78,0.49,0.44,0.24,0.10,0.39,0.93,42.1,0.54,1.22,0.10,1.12,0.24,01.02,0.59,0.00,Matchs
Clt,Joueur,Nation,Pos,Équipe,Comp,Âge,Naissance,90,Tcl,TclR,ZDéf,MilTer,ZOff,Tcl,Att,Tcl%,Manqués,Balles contrées,Tirs,Passe,Int,Tcl+Int,Dég,Err,Matchs
926,Seko Fofana,ci CIV,MT,Lens,fr Ligue 1,27,1995,34.1,0.82,0.38,0.23,0.53,0.06,0.44,1.14,38.5,0.70,0.50,0.12,0.38,0.56,1.38,0.41,0.00,Matchs
927,Wesley Fofana,fr FRA,DF,Leicester City,eng Premier League,21,2000,2.0,2.00,1.00,0.50,1.00,0.50,0.50,1.50,33.3,1.00,0.50,0.50,0.00,4.50,6.50,2.50,0.00,Matchs
928,Wesley Fofana,fr FRA,DF,Chelsea,eng Premier League,21,2000,13.1,2.29,1.37,1.45,0.53,0.31,0.99,1.98,50.0,0.99,1.30,0.76,0.53,1.53,3.82,2.52,0.15,Matchs
929,Yahia Fofana,ci CIV,GB,Angers,fr Ligue 1,21,2000,11.0,0.00,0.00,0.00,0.00,0.00,0.00,0.00,,0.00,0.00,0.00,0.00,0.09,0.09,0.36,0.09,Matchs
930,Youssouf Fofana,fr FRA,MT,Monaco,fr Ligue 1,23,1999,34.3,2.36,1.20,0.90,1.22,0.23,1.11,2.16,51.4,01.05,1.46,0.17,1.28,1.63,3.99,0.93,0.03,Matchs
931,Thomas Foket,be BEL,DF,Reims,fr Ligue 1,27,1994,22.0,1.59,1.00,0.82,0.50,0.27,0.77,02.09,37.0,1.32,0.95,0.32,0.64,1.50,03.09,1.32,0.09,Matchs
932,José Fonte,pt POR,DF,Lille,fr Ligue 1,38,1983,28.8,0.80,0.59,0.63,0.14,0.03,0.35,0.73,47.6,0.38,0.94,0.49,0.45,0.87,1.67,3.89,0.07,Matchs
933,Pablo Fornals,es ESP,"AT,MT",West Ham,eng Premier League,26,1996,16.7,1.80,0.90,0.54,0.72,0.54,0.78,02.04,38.2,1.26,0.96,0.12,0.84,0.84,2.63,0.54,0.00,Matchs
934,Emil Forsberg,se SWE,"MT,AT",RB Leipzig,de Bundesliga,30,1991,16.5,0.97,0.67,0.06,0.48,0.42,0.36,1.21,30.0,0.85,1.52,0.12,1.39,0.18,1.15,0.42,0.00,Matchs
935,Adam Forshaw,eng ENG,MT,Leeds United,eng Premier League,30,1991,5.3,2.26,1.70,0.94,1.32,0.00,1.32,3.21,41.2,1.89,1.70,0.19,1.51,0.75,03.02,0.38,0.00,Matchs
936,Fraser Forster,eng ENG,GB,Tottenham,eng Premier League,34,1988,13.5,0.07,0.00,0.07,0.00,0.00,0.00,0.00,,0.00,0.07,0.00,0.07,0.00,0.07,0.22,0.07,Matchs
937,Philipp Förster,de GER,MT,Bochum,de Bundesliga,27,1995,14.5,2.14,1.31,0.76,01.03,0.34,0.83,2.76,30.0,1.93,1.52,0.00,1.52,0.41,2.55,0.41,0.00,Matchs
938,Steven Fortes,cv CPV,DF,Lens,fr Ligue 1,30,1992,0.1,0.00,0.00,0.00,0.00,0.00,0.00,0.00,,0.00,0.00,0.00,0.00,0.00,0.00,0.00,0.00,Matchs
939,Timothy Fosu-Mensah,nl NED,DF,Leverkusen,de Bundesliga,24,1998,2.1,3.33,2.38,1.43,1.43,0.48,1.90,1.90,100.0,0.00,0.95,0.00,0.95,0.00,3.33,0.48,0.00,Matchs
940,Dimitri Foulquier,fr FRA,DF,Valencia,es La Liga,29,1993,19.3,1.61,0.98,0.88,0.41,0.31,01.04,1.45,71.4,0.41,0.98,0.16,0.83,0.73,2.33,02.07,0.00,Matchs
941,Juan Foyth,ar ARG,DF,Villarreal,es La Liga,24,1998,21.8,3.35,2.20,2.25,01.01,0.09,1.88,2.61,71.9,0.73,1.47,0.50,0.96,0.92,4.27,3.12,0.00,Matchs
942,Raphael Framberger,de GER,"DF,AT",Augsburg,de Bundesliga,26,1995,2.0,5.00,3.00,3.00,2.00,0.00,1.50,2.50,60.0,1.00,1.00,0.50,0.50,1.00,6.00,2.50,0.00,Matchs
943,Tyrese Francois,au AUS,AT,Fulham,eng Premier League,22,2000,0.0,0,0,0,0,0,0,0,,0,0,0,0,0,0,1,0,Matchs
944,Bartol Franjić,hr CRO,MT,Wolfsburg,de Bundesliga,22,2000,2.5,1.60,0.80,0.80,0.80,0.00,0.00,0.80,0.0,0.80,1.60,0.40,1.20,2.00,3.60,1.60,0.00,Matchs
945,Przemysław Frankowski,pl POL,"DF,MT",Lens,fr Ligue 1,27,1995,31.5,2.44,1.62,1.17,0.98,0.29,1.24,2.54,48.8,1.30,1.21,0.19,01.02,1.30,3.75,1.33,0.06,Matchs
946,Ryan Fraser,sct SCO,AT,Newcastle Utd,eng Premier League,28,1994,3.5,0.57,0.57,0.00,0.00,0.57,0.57,1.43,40.0,0.86,0.86,0.29,0.57,0.00,0.57,0.86,0.00,Matchs
947,Davide Frattesi,it ITA,MT,Sassuolo,it Serie A,22,1999,31.9,1.97,1.13,0.75,0.91,0.31,0.78,1.38,56.8,0.60,0.85,0.19,0.66,0.50,2.48,1.32,0.00,Matchs
948,Oscar Fraulo,dk DEN,"AT,MT",M'Gladbach,de Bundesliga,18,2003,0.1,0.00,0.00,0.00,0.00,0.00,0.00,0.00,,0.00,0.00,0.00,0.00,0.00,0.00,0.00,0.00,Matchs
949,Fred,br BRA,MT,Manchester Utd,eng Premier League,29,1993,13.9,3.38,2.16,1.73,1.44,0.22,01.08,2.73,39.5,1.65,2.73,0.14,2.59,1.37,4.75,1.37,0.00,Matchs
950,Ryan Fredericks,eng ENG,DF,Bournemouth,eng Premier League,29,1992,5.9,0.51,0.34,0.34,0.00,0.17,0.17,0.68,25.0,0.51,1.19,0.34,0.85,0.17,0.68,4.58,0.00,Matchs
Clt,Joueur,Nation,Pos,Équipe,Comp,Âge,Naissance,90,Tcl,TclR,ZDéf,MilTer,ZOff,Tcl,Att,Tcl%,Manqués,Balles contrées,Tirs,Passe,Int,Tcl+Int,Dég,Err,Matchs
951,Iván Fresneda,es ESP,DF,Valladolid,es La Liga,17,2004,19.4,2.47,1.75,1.60,0.67,0.21,1.49,2.42,61.7,0.93,1.65,0.41,1.24,0.77,3.25,03.09,0.00,Matchs
952,Remo Freuler,ch SUI,MT,Nott'ham Forest,eng Premier League,30,1992,24.0,1.79,0.96,0.96,0.63,0.21,0.79,1.79,44.2,1.00,1.50,0.38,1.13,1.21,3.00,1.88,0.00,Matchs
953,Michael Frey,ch SUI,AT,Schalke 04,de Bundesliga,28,1994,9.6,1.35,0.52,0.21,0.83,0.31,0.42,1.35,30.8,0.94,0.63,0.00,0.63,0.21,1.56,0.10,0.00,Matchs
954,Marco Friedl,at AUT,DF,Werder Bremen,de Bundesliga,24,1998,28.8,2.15,1.60,1.39,0.76,0.00,1.42,2.36,60.3,0.94,1.60,0.59,01.01,02.01,4.17,4.41,0.03,Matchs
955,Marvin Friedrich,de GER,DF,M'Gladbach,de Bundesliga,26,1995,13.9,1.22,0.79,0.94,0.22,0.07,0.72,0.94,76.9,0.22,01.01,0.43,0.58,0.79,02.01,3.74,0.00,Matchs
956,Jeremie Frimpong,nl NED,"DF,MT",Leverkusen,de Bundesliga,21,2000,30.1,1.76,0.90,0.73,0.86,0.17,0.76,1.46,52.3,0.70,0.80,0.10,0.70,0.53,2.29,1.33,0.00,Matchs
957,Chris Führich,de GER,"AT,MT",Stuttgart,de Bundesliga,24,1998,20.9,1.72,0.67,0.72,0.67,0.33,1.15,2.11,54.5,0.96,1.39,0.10,1.29,0.33,02.06,0.62,0.00,Matchs
958,Angelo Fulgini,fr FRA,"MT,AT",Lens,fr Ligue 1,25,1996,9.5,1.47,0.74,0.21,0.42,0.84,0.53,1.47,35.7,0.95,1.16,0.00,1.16,0.84,2.32,0.21,0.00,Matchs
959,Angelo Fulgini,fr FRA,MT,Mainz 05,de Bundesliga,25,1996,5.8,01.03,0.86,0.34,0.52,0.17,0.86,02.07,41.7,1.21,0.86,0.00,0.86,0.86,1.90,1.21,0.00,Matchs
960,Niclas Füllkrug,de GER,AT,Werder Bremen,de Bundesliga,29,1993,27.5,0.33,0.15,0.00,0.22,0.11,0.11,0.47,23.1,0.36,0.47,0.15,0.33,0.04,0.36,0.87,0.00,Matchs
961,Matteo Gabbia,it ITA,DF,Milan,it Serie A,22,1999,6.8,2.50,1.47,1.76,0.74,0.00,0.88,1.18,75.0,0.29,1.18,0.44,0.74,0.74,3.24,4.26,0.00,Matchs
962,Manolo Gabbiadini,it ITA,"AT,MT",Sampdoria,it Serie A,30,1991,26.2,0.88,0.57,0.31,0.34,0.23,0.34,0.88,39.1,0.53,0.61,0.08,0.53,0.23,1.11,0.95,0.00,Matchs
963,Gianluca Gaetano,it ITA,MT,Napoli,it Serie A,22,2000,0.8,6.25,3.75,1.25,3.75,1.25,0.00,0.00,,0.00,1.25,0.00,1.25,1.25,7.50,0.00,0.00,Matchs
964,Roberto Gagliardini,it ITA,MT,Inter,it Serie A,28,1994,8.7,1.84,0.69,01.03,0.69,0.11,1.15,2.41,47.6,1.26,1.61,0.57,01.03,0.46,2.30,1.72,0.00,Matchs
965,Adolfo Gaich,ar ARG,AT,Hellas Verona,it Serie A,23,1999,8.1,0.62,0.37,0.00,0.37,0.25,0.12,0.74,16.7,0.62,0.86,0.25,0.62,0.37,0.99,0.86,0.12,Matchs
966,Cody Gakpo,nl NED,"AT,MT",Liverpool,eng Premier League,23,1999,16.2,1.60,0.93,0.25,0.80,0.56,0.80,2.35,34.2,1.54,0.80,0.06,0.74,0.25,1.85,0.12,0.00,Matchs
967,Javi Galán,es ESP,DF,Celta Vigo,es La Liga,27,1994,35.1,2.96,02.05,1.71,1.14,0.11,1.37,2.79,49.0,1.42,1.54,0.14,1.40,1.17,4.13,1.79,0.03,Matchs
968,Iñigo Ruiz de Galarreta,es ESP,MT,Mallorca,es La Liga,28,1993,27.2,1.99,1.40,0.99,0.85,0.15,0.74,1.91,38.5,1.18,0.96,0.33,0.63,1.10,03.09,0.70,0.00,Matchs
969,Pablo Galdames Millán,cl CHI,MT,Cremonese,it Serie A,25,1996,8.2,1.71,1.22,0.98,0.37,0.37,0.61,04.02,15.2,3.41,1.59,0.24,1.34,1.22,2.93,1.59,0.00,Matchs
970,Conor Gallagher,eng ENG,MT,Chelsea,eng Premier League,22,2000,18.0,2.56,1.83,0.94,01.06,0.56,0.56,02.06,27.0,1.50,2.28,0.56,1.72,1.28,3.83,1.00,0.06,Matchs
971,Antonino Gallo,it ITA,DF,Lecce,it Serie A,22,2000,27.6,02.03,1.30,1.27,0.43,0.33,1.38,02.07,66.7,0.69,1.34,0.22,1.12,0.47,2.50,2.57,0.00,Matchs
972,Gauthier Gallon,fr FRA,GB,Troyes,fr Ligue 1,29,1993,29.6,0.07,0.07,0.07,0.00,0.00,0.07,0.14,50.0,0.07,0.00,0.00,0.00,0.07,0.14,0.57,0.00,Matchs
973,Cristian Gamboa,cr CRC,DF,Bochum,de Bundesliga,32,1989,16.4,2.56,1.46,1.65,0.85,0.06,1.28,1.89,67.7,0.61,1.22,0.43,0.79,0.98,3.54,02.07,0.06,Matchs
974,Kévin Gameiro,fr FRA,AT,Strasbourg,fr Ligue 1,35,1987,23.3,0.86,0.43,0.26,0.43,0.17,0.34,1.20,28.6,0.86,0.43,0.04,0.39,0.39,1.24,0.00,0.00,Matchs
975,Idrissa Gana Gueye,sn SEN,MT,Everton,eng Premier League,32,1989,28.6,3.39,1.99,1.71,1.22,0.45,01.08,2.10,51.7,01.01,1.75,0.42,1.33,1.96,5.35,1.19,0.10,Matchs
Clt,Joueur,Nation,Pos,Équipe,Comp,Âge,Naissance,90,Tcl,TclR,ZDéf,MilTer,ZOff,Tcl,Att,Tcl%,Manqués,Balles contrées,Tirs,Passe,Int,Tcl+Int,Dég,Err,Matchs
976,Ignatius Ganago,cm CMR,"AT,MT",Nantes,fr Ligue 1,23,1999,16.9,0.53,0.41,0.12,0.18,0.24,0.24,0.41,57.1,0.18,0.77,0.06,0.71,0.12,0.65,0.71,0.00,Matchs
977,Ignatius Ganago,cm CMR,AT,Lens,fr Ligue 1,23,1999,0.7,0.00,0.00,0.00,0.00,0.00,0.00,0.00,,0.00,0.00,0.00,0.00,0.00,0.00,1.43,0.00,Matchs
978,Silvère Ganvoula M'Boussy,cg CGO,"AT,MT",Bochum,de Bundesliga,26,1996,2.7,0.74,0.74,0.00,0.37,0.37,0.00,0.00,,0.00,0.00,0.00,0.00,0.00,0.74,1.11,0.00,Matchs
979,Aleix García,es ESP,MT,Girona,es La Liga,25,1997,26.0,1.42,0.77,0.35,0.69,0.38,0.58,1.27,45.5,0.69,0.92,0.31,0.62,1.19,2.62,1.35,0.04,Matchs
980,Álvaro García,es ESP,"AT,MT",Rayo Vallecano,es La Liga,29,1992,31.9,1.54,0.88,0.66,0.41,0.47,0.34,01.03,33.3,0.69,1.29,0.13,1.16,01.07,2.60,0.75,0.03,Matchs
981,Borja García,es ESP,"MT,AT",Girona,es La Liga,31,1990,7.5,1.33,0.53,0.93,0.27,0.13,0.27,1.20,22.2,0.93,0.40,0.13,0.27,0.67,2.00,0.80,0.13,Matchs
982,Carlos García,es ESP,DF,Cádiz,es La Liga,22,2000,0.3,0.00,0.00,0.00,0.00,0.00,0.00,0.00,,0.00,0.00,0.00,0.00,0.00,0.00,6.67,0.00,Matchs
983,Dani García,es ESP,MT,Athletic Club,es La Liga,32,1990,16.5,2.79,1.64,01.03,1.52,0.24,1.76,2.85,61.7,01.09,1.27,0.36,0.91,1.15,3.94,1.27,0.06,Matchs
984,David García,es ESP,DF,Osasuna,es La Liga,28,1994,29.8,1.14,0.67,0.74,0.40,0.00,0.64,0.74,86.4,0.10,0.94,0.44,0.50,1.51,2.65,05.07,0.00,Matchs
985,Eric García,es ESP,"DF,MT",Barcelona,es La Liga,21,2001,15.7,1.53,01.02,01.02,0.32,0.19,0.57,1.27,45.0,0.70,1.46,0.64,0.83,1.21,2.74,2.29,0.06,Matchs
986,Fran Garcia,es ESP,DF,Rayo Vallecano,es La Liga,22,1999,37.9,2.22,1.42,1.40,0.61,0.21,1.45,2.53,57.3,01.08,1.29,0.21,01.08,1.16,3.38,1.74,0.00,Matchs
987,Joan García,es ESP,GB,Espanyol,es La Liga,21,2001,1.0,0.00,0.00,0.00,0.00,0.00,0.00,0.00,,0.00,0.00,0.00,0.00,0.00,0.00,0.00,0.00,Matchs
988,Raúl García,es ESP,"AT,MT",Athletic Club,es La Liga,36,1986,10.7,1.12,0.75,0.28,0.37,0.47,0.47,1.40,33.3,0.93,1.21,0.09,1.12,0.56,1.68,0.84,0.00,Matchs
989,Rubén García,es ESP,"AT,MT",Osasuna,es La Liga,29,1993,12.9,1.55,0.85,0.93,0.31,0.31,0.54,1.86,29.2,1.32,01.09,0.08,01.01,0.93,2.48,01.01,0.00,Matchs
990,Unai García,es ESP,DF,Osasuna,es La Liga,30,1992,19.0,1.21,0.68,0.68,0.42,0.11,0.63,0.89,70.6,0.26,1.21,0.74,0.47,1.00,2.21,3.16,0.11,Matchs
991,Alejandro Garnacho,ar ARG,"AT,MT",Manchester Utd,eng Premier League,18,2004,6.3,0.79,0.32,0.32,0.00,0.48,0.16,1.75,9.1,1.59,0.79,0.00,0.79,0.79,1.59,0.48,0.00,Matchs
992,James Garner,eng ENG,"MT,DF",Everton,eng Premier League,21,2001,8.9,1.80,1.46,0.45,0.90,0.45,01.01,2.13,47.4,1.12,01.01,0.11,0.90,1.35,3.15,1.46,0.00,Matchs
993,Felix Garreta,es ESP,DF,Betis,es La Liga,18,2004,1.0,1.00,0.00,0.00,1.00,0.00,0.00,0.00,,0.00,1.00,1.00,0.00,1.00,2.00,4.00,0.00,Matchs
994,Aleix Garrido,es ESP,AT,Barcelona,es La Liga,18,2004,0.1,20.0,10.0,10.0,0.00,10.0,10.0,10.0,100.0,0.00,10.0,0.00,10.0,0.00,20.0,0.00,0.00,Matchs
995,Sékou Gassama,sn SEN,AT,Valladolid,es La Liga,27,1995,0.4,0.00,0.00,0.00,0.00,0.00,0.00,0.00,,0.00,0.00,0.00,0.00,0.00,0.00,0.00,0.00,Matchs
996,Johan Gastien,fr FRA,MT,Clermont Foot,fr Ligue 1,34,1988,28.9,2.15,1.18,01.04,0.80,0.31,1.31,3.84,34.2,2.53,1.28,0.24,01.04,1.25,3.39,0.87,0.03,Matchs
997,Federico Gatti,it ITA,DF,Juventus,it Serie A,24,1998,16.1,0.93,0.68,0.56,0.25,0.12,0.56,0.93,60.0,0.37,1.24,0.87,0.37,1.30,2.24,3.35,0.12,Matchs
998,Gavi,es ESP,"MT,AT",Barcelona,es La Liga,17,2004,28.1,1.67,1.10,0.25,01.07,0.36,0.75,1.96,38.2,1.21,1.14,0.18,0.96,0.64,2.31,0.78,0.00,Matchs
999,Paulo Gazzaniga,ar ARG,GB,Girona,es La Liga,30,1992,28.0,0.00,0.00,0.00,0.00,0.00,0.00,0.04,0.0,0.04,0.00,0.00,0.00,0.04,0.04,0.32,0.18,Matchs
1000,David de Gea,es ESP,GB,Manchester Utd,eng Premier League,31,1990,38.0,0.00,0.00,0.00,0.00,0.00,0.00,0.03,0.0,0.03,0.00,0.00,0.00,0.03,0.03,0.39,0.08,Matchs
Clt,Joueur,Nation,Pos,Équipe,Comp,Âge,Naissance,90,Tcl,TclR,ZDéf,MilTer,ZOff,Tcl,Att,Tcl%,Manqués,Balles contrées,Tirs,Passe,Int,Tcl+Int,Dég,Err,Matchs
1001,Dario Gebuhr,de GER,DF,Eint Frankfurt,de Bundesliga,19,2003,0.2,0.00,0.00,0.00,0.00,0.00,0.00,5.00,0.0,5.00,0.00,0.00,0.00,0.00,0.00,0.00,0.00,Matchs
1002,Dennis Geiger,de GER,MT,Hoffenheim,de Bundesliga,24,1998,21.7,02.07,1.15,0.69,1.29,0.09,01.01,1.61,62.9,0.60,1.24,0.14,1.11,1.11,3.18,0.83,0.09,Matchs
1003,Joe Gelhardt,eng ENG,AT,Leeds United,eng Premier League,20,2002,2.4,2.50,0.83,0.42,1.25,0.83,1.25,02.08,60.0,0.83,02.08,0.00,02.08,0.00,2.50,1.67,0.00,Matchs
1004,Valentin Gendrey,fr FRA,DF,Lecce,it Serie A,22,2000,34.5,2.55,1.65,1.57,0.72,0.26,1.16,02.06,56.3,0.90,1.30,0.12,1.19,01.07,3.62,2.58,0.00,Matchs
1005,Denis Genreau,au AUS,MT,Toulouse,fr Ligue 1,23,1999,7.3,4.79,1.78,2.19,1.64,0.96,1.78,4.25,41.9,2.47,2.19,0.14,02.05,1.10,5.89,1.23,0.00,Matchs
1006,Yannick Gerhardt,de GER,MT,Wolfsburg,de Bundesliga,28,1994,20.7,1.40,0.72,0.48,0.53,0.39,0.58,1.45,40.0,0.87,1.26,0.24,01.01,0.34,1.74,1.16,0.00,Matchs
1007,Valère Germain,fr FRA,"AT,MT",Montpellier,fr Ligue 1,32,1990,7.6,1.71,1.45,0.39,0.66,0.66,0.53,1.58,33.3,01.05,01.05,0.00,01.05,0.79,2.50,1.58,0.00,Matchs
1008,Gerson,br BRA,MT,Marseille,fr Ligue 1,25,1997,4.6,1.30,0.87,0.22,0.87,0.22,0.65,01.09,60.0,0.43,01.09,0.00,01.09,0.43,1.74,0.87,0.00,Matchs
1009,Ismaël Gharbi,es ESP,"MT,AT",Paris S-G,fr Ligue 1,18,2004,0.6,0.00,0.00,0.00,0.00,0.00,0.00,3.33,0.0,3.33,3.33,0.00,3.33,5.00,5.00,0.00,0.00,Matchs
1010,Paolo Ghiglione,it ITA,DF,Cremonese,it Serie A,25,1997,7.9,02.03,1.39,1.27,0.38,0.38,1.27,2.91,43.5,1.65,1.14,0.51,0.63,0.51,2.53,1.52,0.00,Matchs
1011,Saman Ghoddos,ir IRN,"MT,AT",Brentford,eng Premier League,28,1993,1.5,1.33,0.67,0.00,0.67,0.67,0.67,2.00,33.3,1.33,3.33,0.67,2.67,2.67,4.00,1.33,0.00,Matchs
1012,Faouzi Ghoulam,dz ALG,DF,Angers,fr Ligue 1,31,1991,5.3,0.57,0.57,0.19,0.19,0.19,0.57,0.94,60.0,0.38,0.75,0.38,0.38,0.75,1.32,2.26,0.19,Matchs
1013,Morgan Gibbs-White,eng ENG,"AT,MT",Wolves,eng Premier League,22,2000,2.0,1.50,0.50,1.50,0.00,0.00,1.00,1.50,66.7,0.50,1.00,0.00,1.00,0.50,2.00,1.50,0.00,Matchs
1014,Morgan Gibbs-White,eng ENG,"MT,AT",Nott'ham Forest,eng Premier League,22,2000,33.0,0.79,0.42,0.21,0.21,0.36,0.33,0.97,34.4,0.64,0.70,0.12,0.58,0.42,1.21,0.45,0.00,Matchs
1015,Niko Gießelmann,de GER,DF,Union Berlin,de Bundesliga,30,1991,14.5,1.45,0.76,0.62,0.62,0.21,0.90,2.14,41.9,1.24,1.17,0.34,0.83,0.62,02.07,1.93,0.00,Matchs
1016,Samuel Gigot,fr FRA,DF,Marseille,fr Ligue 1,28,1993,20.9,2.20,1.15,01.05,1.00,0.14,0.57,0.72,80.0,0.14,1.15,0.33,0.81,2.15,4.35,04.07,0.05,Matchs
1017,Rafał Gikiewicz,pl POL,GB,Augsburg,de Bundesliga,34,1987,23.0,0.09,0.09,0.09,0.00,0.00,0.09,0.13,66.7,0.04,0.00,0.00,0.00,0.00,0.09,0.65,0.22,Matchs
1018,Bryan Gil,es ESP,"MT,AT",Tottenham,eng Premier League,21,2001,1.6,1.88,0.63,1.88,0.00,0.00,0.00,1.88,0.0,1.88,1.88,0.00,1.88,0.63,2.50,0.63,0.00,Matchs
1019,Bryan Gil,es ESP,"AT,DF",Sevilla,es La Liga,21,2001,10.2,2.16,01.08,01.08,0.69,0.39,0.98,2.25,43.5,1.27,0.98,0.00,0.98,0.78,2.94,0.98,0.00,Matchs
1020,David Gil,es ESP,GB,Cádiz,es La Liga,28,1994,4.0,0.00,0.00,0.00,0.00,0.00,0.00,0.00,,0.00,0.00,0.00,0.00,0.00,0.00,0.75,0.00,Matchs
1021,Óscar Gil,es ESP,DF,Espanyol,es La Liga,25,1997,28.4,2.22,1.30,1.34,0.56,0.32,1.13,2.15,52.5,01.02,1.80,0.63,1.16,01.09,3.31,1.94,0.04,Matchs
1022,Mario Gila,es ESP,DF,Lazio,it Serie A,21,2000,1.0,3.00,1.00,3.00,0.00,0.00,0.00,1.00,0.0,1.00,0.00,0.00,0.00,3.00,6.00,3.00,0.00,Matchs
1023,Billy Gilmour,sct SCO,MT,Brighton,eng Premier League,21,2001,5.6,0.89,0.36,0.36,0.36,0.18,0.36,1.43,25.0,01.07,0.89,0.36,0.54,01.07,1.96,0.89,0.00,Matchs
1024,Álvaro Giménez,es ESP,AT,Cádiz,es La Liga,31,1991,0.2,0.00,0.00,0.00,0.00,0.00,0.00,5.00,0.0,5.00,0.00,0.00,0.00,0.00,0.00,0.00,0.00,Matchs
1025,Gvidas Gineitis,lt LTU,MT,Torino,it Serie A,18,2004,1.5,2.00,0.67,0.00,1.33,0.67,0.67,1.33,50.0,0.67,0.00,0.00,0.00,0.00,2.00,0.67,0.00,Matchs
Clt,Joueur,Nation,Pos,Équipe,Comp,Âge,Naissance,90,Tcl,TclR,ZDéf,MilTer,ZOff,Tcl,Att,Tcl%,Manqués,Balles contrées,Tirs,Passe,Int,Tcl+Int,Dég,Err,Matchs
1026,Matthias Ginter,de GER,DF,Freiburg,de Bundesliga,28,1994,34.0,1.26,0.59,0.85,0.35,0.06,0.76,1.18,65.0,0.41,1.18,0.71,0.47,01.03,2.29,4.50,0.09,Matchs
1027,Andrei Girotto,br BRA,"DF,MT",Nantes,fr Ligue 1,30,1992,35.0,3.49,02.09,02.03,1.29,0.17,2.11,3.77,56.1,1.66,1.57,0.69,0.89,02.09,5.57,05.03,0.03,Matchs
1028,Olivier Giroud,fr FRA,AT,Milan,it Serie A,35,1986,23.8,0.34,0.21,0.08,0.17,0.08,0.08,0.42,20.0,0.34,0.46,0.13,0.34,0.13,0.46,0.97,0.00,Matchs
1029,Serge Gnabry,de GER,"AT,MT",Bayern Munich,de Bundesliga,27,1995,21.6,1.62,01.06,0.51,0.65,0.46,0.79,1.99,39.5,1.20,1.11,0.05,01.06,0.51,2.13,0.23,0.05,Matchs
1030,Degnand Gnonto,it ITA,"AT,MT",Leeds United,eng Premier League,18,2003,15.0,1.80,1.13,0.47,1.00,0.33,0.67,2.00,33.3,1.33,1.60,0.07,1.53,0.33,2.13,0.47,0.00,Matchs
1031,Ben Godfrey,eng ENG,DF,Everton,eng Premier League,24,1998,8.9,2.25,1.24,1.46,0.56,0.22,1.24,3.26,37.9,02.02,1.35,0.67,0.67,0.90,3.15,3.71,0.11,Matchs
1032,Pierluigi Gollini,it ITA,GB,Fiorentina,it Serie A,27,1995,3.0,0.33,0.00,0.33,0.00,0.00,0.33,0.33,100.0,0.00,0.00,0.00,0.00,0.00,0.33,0.67,0.00,Matchs
1033,Pierluigi Gollini,it ITA,GB,Napoli,it Serie A,27,1995,4.0,0.00,0.00,0.00,0.00,0.00,0.00,0.00,,0.00,0.00,0.00,0.00,0.00,0.00,0.25,0.00,Matchs
1034,Aleksandr Golovin,ru RUS,"MT,AT",Monaco,fr Ligue 1,26,1996,27.4,2.26,1.31,0.69,1.17,0.40,01.02,2.63,38.9,1.61,01.02,0.04,0.99,1.35,3.61,0.36,0.00,Matchs
1035,André Gomes,pt POR,MT,Lille,fr Ligue 1,29,1993,18.1,02.04,01.05,0.66,0.94,0.44,01.05,2.87,36.5,1.82,1.10,0.28,0.83,0.50,2.54,0.88,0.06,Matchs
1036,Angel Gomes,eng ENG,MT,Lille,fr Ligue 1,21,2000,31.3,1.31,0.61,0.38,0.67,0.26,0.58,1.57,36.7,0.99,0.70,0.06,0.64,0.42,1.73,0.35,0.03,Matchs
1037,João Gomes,br BRA,MT,Wolves,eng Premier League,21,2001,7.3,3.97,1.78,1.92,1.92,0.14,1.78,3.15,56.5,1.37,1.64,0.41,1.23,0.55,4.52,1.51,0.00,Matchs
1038,Toti Gomes,pt POR,DF,Wolves,eng Premier League,23,1999,10.9,1.38,0.83,01.01,0.37,0.00,0.83,1.19,69.2,0.37,1.47,0.73,0.73,01.01,2.39,4.68,0.00,Matchs
1039,Dani Gómez,es ESP,"MT,AT",Espanyol,es La Liga,24,1998,1.0,2.00,1.00,1.00,1.00,0.00,1.00,2.00,50.0,1.00,0.00,0.00,0.00,1.00,3.00,0.00,0.00,Matchs
1040,Joe Gomez,eng ENG,DF,Liverpool,eng Premier League,25,1997,16.3,1.72,1.29,0.92,0.67,0.12,0.67,1.17,57.9,0.49,01.04,0.67,0.37,1.47,3.19,3.13,0.12,Matchs
1041,Maxi Gómez,uy URU,AT,Valencia,es La Liga,25,1996,1.2,0.00,0.00,0.00,0.00,0.00,0.00,0.00,,0.00,0.00,0.00,0.00,0.00,0.00,1.67,0.00,Matchs
1042,Moi Gómez,es ESP,"MT,AT",Osasuna,es La Liga,28,1994,27.3,0.95,0.62,0.33,0.51,0.11,0.55,1.17,46.9,0.62,0.55,0.11,0.44,0.37,1.32,0.18,0.04,Matchs
1043,Papu Gómez,ar ARG,"AT,MT",Sevilla,es La Liga,34,1988,11.8,0.51,0.34,0.25,0.25,0.00,0.17,0.85,20.0,0.68,0.68,0.08,0.59,0.34,0.85,0.42,0.00,Matchs
1044,Sergi Gómez,es ESP,DF,Espanyol,es La Liga,30,1992,26.0,1.12,0.62,0.77,0.35,0.00,0.69,0.85,81.8,0.15,1.27,0.73,0.54,01.04,2.15,4.81,0.04,Matchs
1045,Sergio Gómez,es ESP,"DF,MT",Manchester City,eng Premier League,21,2000,3.9,2.31,01.03,1.54,0.26,0.51,1.28,02.05,62.5,0.77,1.28,0.77,0.51,0.51,2.82,2.31,0.26,Matchs
1046,Antonio Gomis,es ESP,GB,Atlético Madrid,es La Liga,19,2003,0.1,0.00,0.00,0.00,0.00,0.00,0.00,0.00,,0.00,0.00,0.00,0.00,0.00,0.00,0.00,0.00,Matchs
1047,Maxime Gonalons,fr FRA,MT,Clermont Foot,fr Ligue 1,33,1989,16.1,3.23,1.99,1.55,1.30,0.37,1.55,3.29,47.2,1.74,1.30,0.06,1.24,1.24,4.47,0.43,0.06,Matchs
1048,Diego González,es ESP,DF,Elche,es La Liga,27,1995,10.6,1.13,0.66,0.85,0.28,0.00,0.66,01.04,63.6,0.38,1.32,1.13,0.19,0.66,1.79,4.72,0.09,Matchs
1049,Édgar González,es ESP,DF,Betis,es La Liga,25,1997,19.7,1.42,0.96,0.91,0.36,0.15,0.71,1.37,51.9,0.66,0.61,0.46,0.15,01.07,2.49,06.09,0.00,Matchs
1050,Giovanni González,uy URU,DF,Mallorca,es La Liga,27,1994,10.3,1.55,0.78,01.07,0.19,0.29,0.87,2.14,40.9,1.26,0.78,0.19,0.58,0.68,2.23,2.14,0.00,Matchs
Clt,Joueur,Nation,Pos,Équipe,Comp,Âge,Naissance,90,Tcl,TclR,ZDéf,MilTer,ZOff,Tcl,Att,Tcl%,Manqués,Balles contrées,Tirs,Passe,Int,Tcl+Int,Dég,Err,Matchs
1051,Joan Gonzàlez,es ESP,MT,Lecce,it Serie A,20,2002,24.4,1.97,1.15,0.82,0.74,0.41,0.70,02.09,33.3,1.39,1.52,0.33,1.19,0.66,2.62,1.15,0.00,Matchs
1052,Nicolás González,ar ARG,"AT,MT",Fiorentina,it Serie A,24,1998,15.0,1.13,0.67,0.20,0.67,0.27,0.33,01.07,31.3,0.73,0.93,0.00,0.93,0.27,1.40,0.40,0.00,Matchs
1053,Nicolás González,es ESP,MT,Valencia,es La Liga,20,2002,15.6,1.73,0.96,0.71,0.83,0.19,0.58,1.60,36.0,01.03,1.35,0.45,0.90,1.22,2.95,01.03,0.00,Matchs
1054,Oumar Gonzalez,cm CMR,DF,Ajaccio,fr Ligue 1,24,1998,28.6,1.78,0.98,1.19,0.45,0.14,0.80,1.29,62.2,0.49,1.12,0.38,0.73,1.82,3.60,2.87,0.00,Matchs
1055,Roberto González,es ESP,"AT,MT",Betis,es La Liga,21,2001,0.6,0.00,0.00,0.00,0.00,0.00,0.00,1.67,0.0,1.67,0.00,0.00,0.00,1.67,1.67,0.00,0.00,Matchs
1056,Jacek Góralski,pl POL,MT,Bochum,de Bundesliga,29,1992,1.6,3.75,1.88,1.88,1.88,0.00,2.50,3.75,66.7,1.25,2.50,0.00,2.50,1.88,5.63,3.13,0.00,Matchs
1057,Anthony Gordon,eng ENG,"AT,MT",Newcastle Utd,eng Premier League,21,2001,5.4,2.59,2.22,0.93,1.30,0.37,1.67,3.70,45.0,02.04,1.67,0.19,1.48,0.37,2.96,0.19,0.19,Matchs
1058,Anthony Gordon,eng ENG,AT,Everton,eng Premier League,21,2001,12.2,2.79,1.80,1.39,0.82,0.57,0.66,1.89,34.8,1.23,1.56,0.00,1.56,0.33,3.11,0.90,0.00,Matchs
1059,Leon Goretzka,de GER,MT,Bayern Munich,de Bundesliga,27,1995,19.2,2.24,1.25,01.09,0.83,0.31,1.41,2.50,56.3,01.09,02.08,0.16,1.93,1.56,3.80,1.67,0.00,Matchs
1060,Andoni Gorosabel,es ESP,DF,Real Sociedad,es La Liga,25,1996,19.0,2.16,1.32,1.21,0.47,0.47,1.37,2.26,60.5,0.89,1.11,0.11,1.00,0.89,03.05,1.21,0.00,Matchs
1061,Robin Gosens,de GER,DF,Inter,it Serie A,28,1994,13.2,2.58,1.36,1.14,0.76,0.68,1.14,1.89,60.0,0.76,1.21,0.15,01.06,1.74,4.32,1.14,0.00,Matchs
1062,Mario Götze,de GER,MT,Eint Frankfurt,de Bundesliga,30,1992,30.4,1.38,0.82,0.43,0.72,0.23,0.46,1.55,29.8,01.09,0.82,0.00,0.82,0.43,1.81,0.39,0.00,Matchs
1063,Amine Gouiri,dz ALG,"AT,MT",Nice,fr Ligue 1,22,2000,2.5,0.40,0.40,0.40,0.00,0.00,0.00,0.40,0.0,0.40,0.40,0.00,0.40,0.00,0.40,1.20,0.00,Matchs
1064,Amine Gouiri,dz ALG,"AT,MT",Rennes,fr Ligue 1,22,2000,28.0,1.50,0.89,0.50,0.57,0.43,0.50,1.18,42.4,0.68,0.75,0.00,0.75,0.43,1.93,0.36,0.00,Matchs
1065,Jeffrey Gouweleeuw,nl NED,DF,Augsburg,de Bundesliga,31,1991,31.1,1.35,0.87,0.61,0.55,0.19,0.77,1.58,49.0,0.80,1.32,0.74,0.58,1.61,2.96,4.53,0.06,Matchs
1066,Jonathan Gradit,fr FRA,DF,Lens,fr Ligue 1,29,1992,31.4,1.97,1.27,0.96,0.80,0.22,0.99,1.69,58.5,0.70,1.27,0.83,0.45,1.21,3.18,2.64,0.00,Matchs
1067,José Gragera,es ESP,"MT,DF",Espanyol,es La Liga,21,2000,5.1,3.73,1.76,2.16,1.18,0.39,1.18,2.16,54.5,0.98,1.96,0.78,1.18,1.37,5.10,3.53,0.00,Matchs
1068,Alberto Grassi,it ITA,MT,Empoli,it Serie A,27,1995,13.3,1.95,1.58,0.98,0.98,0.00,1.13,1.80,62.5,0.68,1.73,0.90,0.83,02.03,3.98,3.38,0.00,Matchs
1069,Ryan Gravenberch,nl NED,MT,Bayern Munich,de Bundesliga,20,2002,6.4,2.66,1.25,0.63,1.56,0.47,01.09,02.03,53.8,0.94,1.41,0.16,1.25,1.41,04.06,1.56,0.00,Matchs
1070,Andrew Gravillon,gp GLP,DF,Torino,it Serie A,24,1998,3.5,0.86,0.86,0.00,0.86,0.00,0.00,0.00,,0.00,1.14,0.57,0.57,2.57,3.43,4.57,0.00,Matchs
1071,Andrew Gravillon,gp GLP,DF,Reims,fr Ligue 1,24,1998,11.5,1.39,0.70,0.78,0.52,0.09,0.70,1.13,61.5,0.43,1.57,0.78,0.78,1.83,3.22,3.13,0.00,Matchs
1072,Demarai Gray,jm JAM,"AT,MT",Everton,eng Premier League,26,1996,27.9,1.18,0.86,0.32,0.50,0.36,0.61,1.11,54.8,0.50,0.82,0.11,0.72,0.47,1.65,0.65,0.00,Matchs
1073,Adrian Grbić,at AUT,"MT,AT",Lorient,fr Ligue 1,25,1996,0.3,0.00,0.00,0.00,0.00,0.00,0.00,3.33,0.0,3.33,10.0,0.00,10.0,0.00,0.00,0.00,0.00,Matchs
1074,Ivo Grbić,hr CRO,GB,Atlético Madrid,es La Liga,26,1996,10.2,0.00,0.00,0.00,0.00,0.00,0.00,0.00,,0.00,0.00,0.00,0.00,0.00,0.00,0.88,0.10,Matchs
1075,Jack Grealish,eng ENG,AT,Manchester City,eng Premier League,26,1995,22.8,1.10,0.70,0.44,0.53,0.13,0.57,01.01,56.5,0.44,0.75,0.13,0.61,0.31,1.40,0.39,0.00,Matchs
Clt,Joueur,Nation,Pos,Équipe,Comp,Âge,Naissance,90,Tcl,TclR,ZDéf,MilTer,ZOff,Tcl,Att,Tcl%,Manqués,Balles contrées,Tirs,Passe,Int,Tcl+Int,Dég,Err,Matchs
1076,Sam Greenwood,eng ENG,"MT,AT",Leeds United,eng Premier League,20,2002,4.7,3.19,1.49,1.49,1.70,0.00,1.70,4.47,38.1,2.77,2.13,0.43,1.70,0.21,3.40,0.21,0.00,Matchs
1077,Michael Gregoritsch,at AUT,AT,Freiburg,de Bundesliga,28,1994,23.9,0.79,0.50,0.25,0.38,0.17,0.13,0.88,14.3,0.75,0.96,0.17,0.79,0.21,1.00,0.42,0.00,Matchs
1078,Dominik Greif,sk SVK,GB,Mallorca,es La Liga,25,1997,1.0,0.00,0.00,0.00,0.00,0.00,0.00,0.00,,0.00,0.00,0.00,0.00,0.00,0.00,0.00,0.00,Matchs
1079,Leo Greiml,at AUT,DF,Schalke 04,de Bundesliga,21,2001,4.0,2.50,1.25,1.00,1.25,0.25,1.25,3.00,41.7,1.75,1.75,0.75,1.00,0.75,3.25,4.00,0.00,Matchs
1080,Clément Grenier,fr FRA,MT,Mallorca,es La Liga,31,1991,8.0,2.50,1.00,0.75,1.50,0.25,1.25,2.50,50.0,1.25,1.13,0.13,1.00,0.75,3.25,0.88,0.00,Matchs
1081,Antoine Griezmann,fr FRA,"AT,MT",Atlético Madrid,es La Liga,31,1991,31.8,1.54,01.07,0.47,0.72,0.35,0.63,02.08,30.3,1.45,01.07,0.09,0.97,0.75,2.30,0.97,0.00,Matchs
1082,Vincenzo Grifo,it ITA,"MT,AT",Freiburg,de Bundesliga,29,1993,26.8,01.08,0.60,0.22,0.56,0.30,0.49,1.16,41.9,0.67,0.67,0.04,0.63,0.71,1.79,0.71,0.00,Matchs
1083,Lennart Grill,de GER,GB,Union Berlin,de Bundesliga,23,1999,5.0,0.00,0.00,0.00,0.00,0.00,0.00,0.20,0.0,0.20,0.00,0.00,0.00,0.00,0.00,0.20,0.20,Matchs
1084,Christian Groß,de GER,MT,Werder Bremen,de Bundesliga,33,1989,21.0,2.67,1.19,0.95,1.62,0.10,1.38,2.86,48.3,1.48,0.95,0.24,0.71,1.10,3.76,1.81,0.05,Matchs
1085,Pascal Groß,de GER,"MT,DF",Brighton,eng Premier League,31,1991,36.0,1.64,01.06,0.64,0.75,0.25,0.69,1.53,45.5,0.83,0.89,0.28,0.61,0.36,2.00,0.58,0.03,Matchs
1086,Brajan Gruda,de GER,MT,Mainz 05,de Bundesliga,18,2004,0.0,0,0,0,0,0,0,0,,0,0,0,0,0,0,0,0,Matchs
1087,Ilia Gruev,bg BUL,MT,Werder Bremen,de Bundesliga,22,2000,17.6,2.50,1.53,0.91,1.42,0.17,01.02,1.76,58.1,0.74,1.31,0.34,0.97,1.25,3.75,1.19,0.06,Matchs
1088,Carlos Gruezo,ec ECU,MT,Augsburg,de Bundesliga,27,1995,10.7,1.96,1.12,1.12,0.84,0.00,0.84,1.50,56.3,0.65,1.21,0.37,0.84,0.93,2.90,1.40,0.00,Matchs
1089,Vicente Guaita,es ESP,GB,Crystal Palace,eng Premier League,35,1987,27.0,0.00,0.00,0.00,0.00,0.00,0.00,0.00,,0.00,0.00,0.00,0.00,0.00,0.00,0.33,0.04,Matchs
1090,Andrés Guardado,mx MEX,MT,Betis,es La Liga,35,1986,15.3,2.68,1.63,1.11,1.31,0.26,1.18,2.81,41.9,1.63,0.92,0.33,0.59,1.50,4.18,1.90,0.00,Matchs
1091,Sergi Guardiola,es ESP,AT,Valladolid,es La Liga,31,1991,5.6,2.14,1.25,01.07,0.89,0.18,0.36,0.71,50.0,0.36,01.07,0.00,01.07,0.36,2.50,1.25,0.00,Matchs
1092,Sergi Guardiola,es ESP,AT,Cádiz,es La Liga,31,1991,12.9,0.70,0.54,0.00,0.47,0.23,0.23,0.93,25.0,0.70,0.39,0.00,0.39,0.23,0.93,0.54,0.00,Matchs
1093,Nemanja Gudelj,rs SRB,"DF,MT",Sevilla,es La Liga,30,1991,30.9,1.39,01.07,0.71,0.58,0.10,0.65,01.07,60.6,0.42,1.26,0.94,0.32,1.10,2.49,3.30,0.03,Matchs
1094,Gabriel Gudmundsson,se SWE,"DF,AT",Lille,fr Ligue 1,23,1999,9.3,02.04,1.18,0.75,01.08,0.22,1.29,2.37,54.5,01.08,1.18,0.22,0.97,01.08,3.12,2.15,0.00,Matchs
1095,Gonçalo Guedes,pt POR,"AT,MT",Wolves,eng Premier League,25,1996,7.9,01.01,0.76,0.51,0.38,0.13,0.63,01.01,62.5,0.38,0.51,0.00,0.51,0.13,1.14,0.25,0.00,Matchs
1096,Axel Gueguin,fr FRA,"AT,MT",Montpellier,fr Ligue 1,17,2005,0.3,0.00,0.00,0.00,0.00,0.00,0.00,0.00,,0.00,3.33,0.00,3.33,0.00,0.00,0.00,0.00,Matchs
1097,Marc Guéhi,eng ENG,DF,Crystal Palace,eng Premier League,22,2000,37.0,1.41,0.73,01.05,0.30,0.05,0.70,1.14,61.9,0.43,1.22,0.65,0.57,1.22,2.62,3.62,0.08,Matchs
1098,Mattéo Guendouzi,fr FRA,MT,Marseille,fr Ligue 1,23,1999,23.4,1.67,0.77,0.38,0.90,0.38,0.60,1.62,36.8,01.03,0.51,0.21,0.30,0.90,2.56,0.77,0.00,Matchs
1099,Javier Guerra,es ESP,MT,Valencia,es La Liga,19,2003,6.7,2.39,1.94,01.04,0.60,0.75,1.34,2.99,45.0,1.64,1.19,0.15,01.04,1.64,04.03,1.34,0.00,Matchs
1100,Raphaël Guerreiro,pt POR,"DF,MT",Dortmund,de Bundesliga,28,1993,25.4,1.42,0.79,0.51,0.59,0.31,0.83,1.34,61.8,0.51,0.83,0.08,0.75,1.42,2.83,0.91,0.00,Matchs
Clt,Joueur,Nation,Pos,Équipe,Comp,Âge,Naissance,90,Tcl,TclR,ZDéf,MilTer,ZOff,Tcl,Att,Tcl%,Manqués,Balles contrées,Tirs,Passe,Int,Tcl+Int,Dég,Err,Matchs
1101,Axel Guessand,fr FRA,DF,Udinese,it Serie A,17,2004,0.9,2.22,1.11,2.22,0.00,0.00,1.11,2.22,50.0,1.11,1.11,0.00,1.11,2.22,4.44,3.33,0.00,Matchs
1102,Evann Guessand,fr FRA,"AT,MT",Nantes,fr Ligue 1,21,2001,14.0,1.71,1.14,0.57,0.93,0.21,0.43,0.86,50.0,0.43,1.21,0.07,1.14,0.64,2.36,0.43,0.00,Matchs
1103,Ander Guevara,es ESP,MT,Real Sociedad,es La Liga,25,1997,2.5,2.00,0.80,0.80,0.80,0.40,0.40,1.60,25.0,1.20,2.40,0.40,2.00,0.80,2.80,1.20,0.00,Matchs
1104,Pape Gueye,sn SEN,MT,Sevilla,es La Liga,23,1999,13.0,2.85,1.69,1.00,1.62,0.23,1.23,2.54,48.5,1.31,1.62,0.38,1.23,1.69,4.54,0.77,0.00,Matchs
1105,Pape Gueye,sn SEN,"MT,DF",Marseille,fr Ligue 1,23,1999,5.5,3.27,1.27,1.82,1.27,0.18,1.27,2.73,46.7,1.45,1.64,0.36,1.27,1.64,4.91,0.36,0.00,Matchs
1106,Josuha Guilavogui,fr FRA,"DF,MT",Wolfsburg,de Bundesliga,31,1990,13.1,1.37,0.84,0.53,0.76,0.08,0.46,1.30,35.3,0.84,1.45,0.99,0.46,1.76,3.13,3.97,0.00,Matchs
1107,Frederic Guilbert,fr FRA,DF,Strasbourg,fr Ligue 1,27,1994,16.2,2.90,1.79,1.11,1.42,0.37,1.54,2.65,58.1,1.11,1.48,0.19,1.30,2.65,5.56,02.04,0.06,Matchs
1108,Bruno Guimarães,br BRA,MT,Newcastle Utd,eng Premier League,24,1997,30.3,2.57,1.32,0.89,1.52,0.17,1.25,2.15,58.5,0.89,0.92,0.13,0.79,1.19,3.76,0.73,0.03,Matchs
1109,Serhou Guirassy,gn GUI,MT,Rennes,fr Ligue 1,26,1996,0.3,0.00,0.00,0.00,0.00,0.00,0.00,0.00,,0.00,0.00,0.00,0.00,0.00,0.00,0.00,0.00,Matchs
1110,Serhou Guirassy,gn GUI,AT,Stuttgart,de Bundesliga,26,1996,18.3,0.22,0.05,0.11,0.11,0.00,0.05,0.11,50.0,0.05,0.38,0.11,0.27,0.00,0.22,0.77,0.00,Matchs
1111,Rafik Guitane,fr FRA,AT,Reims,fr Ligue 1,23,1999,0.0,0,0,0,0,0,0,0,,0,0,0,0,0,0,1,0,Matchs
1112,Péter Gulácsi,hu HUN,GB,RB Leipzig,de Bundesliga,32,1990,6.0,0.00,0.00,0.00,0.00,0.00,0.00,0.00,,0.00,0.00,0.00,0.00,0.00,0.00,0.33,0.00,Matchs
1113,Manuel Gulde,de GER,DF,Freiburg,de Bundesliga,31,1991,7.1,1.97,1.13,1.41,0.56,0.00,0.28,0.56,50.0,0.28,0.70,0.14,0.56,2.68,4.65,3.52,0.00,Matchs
1114,Gerard Gumbau,es ESP,MT,Elche,es La Liga,27,1994,30.4,1.45,0.82,0.56,0.76,0.13,0.59,1.68,35.3,01.09,01.05,0.26,0.79,0.92,2.37,1.32,0.00,Matchs
1115,Robert Gumny,pl POL,DF,Augsburg,de Bundesliga,24,1998,22.4,1.52,01.07,0.58,0.67,0.27,0.49,1.21,40.7,0.71,0.94,0.31,0.63,1.16,2.68,2.77,0.04,Matchs
1116,İlkay Gündoğan,de GER,MT,Manchester City,eng Premier League,31,1990,26.1,1.15,0.69,0.27,0.50,0.38,0.46,1.30,35.3,0.84,0.69,0.11,0.57,0.77,1.92,0.50,0.00,Matchs
1117,Christian Günter,de GER,"DF,MT",Freiburg,de Bundesliga,29,1993,30.5,0.95,0.69,0.59,0.30,0.07,0.43,1.41,30.2,0.98,0.72,0.13,0.59,0.52,1.48,1.34,0.00,Matchs
1118,Koray Günter,de GER,DF,Hellas Verona,it Serie A,27,1994,11.1,0.90,0.54,0.09,0.72,0.09,0.36,0.63,57.1,0.27,2.16,1.35,0.81,2.70,3.60,4.14,0.00,Matchs
1119,Koray Günter,de GER,DF,Sampdoria,it Serie A,27,1994,8.6,1.16,0.93,0.70,0.47,0.00,0.70,01.05,66.7,0.35,1.16,0.58,0.58,1.28,2.44,5.35,0.00,Matchs
1120,Gorka Guruzeta,es ESP,AT,Athletic Club,es La Liga,25,1996,15.8,1.52,1.27,0.38,0.76,0.38,0.70,1.52,45.8,0.82,1.46,0.13,1.33,0.25,1.77,0.51,0.00,Matchs
1121,Malo Gusto,fr FRA,DF,Lyon,fr Ligue 1,19,2003,17.7,2.37,1.47,1.30,0.62,0.45,1.19,2.43,48.8,1.24,1.24,0.28,0.96,1.58,3.95,1.30,0.06,Matchs
1122,Raúl Guti,es ESP,MT,Elche,es La Liga,25,1996,12.4,1.45,0.97,0.65,0.73,0.08,0.65,1.45,44.4,0.81,0.81,0.24,0.56,0.65,2.10,0.48,0.00,Matchs
1123,Miguel Gutiérrez,es ESP,DF,Girona,es La Liga,21,2001,26.6,1.54,0.86,0.86,0.49,0.19,0.86,1.39,62.2,0.53,0.86,0.19,0.68,0.68,2.22,1.58,0.04,Matchs
1124,Joško Gvardiol,hr CRO,DF,RB Leipzig,de Bundesliga,20,2002,24.1,0.95,0.71,0.62,0.33,0.00,0.37,0.91,40.9,0.54,1.41,0.71,0.71,1.41,2.37,3.15,0.04,Matchs
1125,Darko Gyabi,eng ENG,AT,Leeds United,eng Premier League,18,2004,0.1,20.0,20.0,10.0,10.0,0.00,0.00,0.00,,0.00,20.0,0.00,20.0,0.00,20.0,0.00,0.00,Matchs
Clt,Joueur,Nation,Pos,Équipe,Comp,Âge,Naissance,90,Tcl,TclR,ZDéf,MilTer,ZOff,Tcl,Att,Tcl%,Manqués,Balles contrées,Tirs,Passe,Int,Tcl+Int,Dég,Err,Matchs
1126,Emmanuel Gyasi,gh GHA,"AT,DF",Spezia,it Serie A,28,1994,31.2,0.77,0.48,0.35,0.32,0.10,0.29,1.15,25.0,0.87,0.77,0.19,0.58,0.26,01.03,0.83,0.00,Matchs
1127,Norbert Gyömbér,sk SVK,DF,Salernitana,it Serie A,30,1992,19.3,1.66,1.19,1.30,0.31,0.05,0.83,1.24,66.7,0.41,1.71,1.14,0.57,1.81,3.47,4.77,0.00,Matchs
1128,Christian Gytkjær,dk DEN,"AT,MT",Monza,it Serie A,32,1990,6.2,0.97,0.32,0.16,0.65,0.16,0.32,0.81,40.0,0.48,0.97,0.16,0.81,0.00,0.97,0.32,0.00,Matchs
1129,Erling Haaland,no NOR,AT,Manchester City,eng Premier League,22,2000,30.8,0.10,0.06,0.00,0.06,0.03,0.03,0.16,20.0,0.13,0.39,0.13,0.26,0.10,0.19,0.45,0.00,Matchs
1130,Nicolas Haas,ch SUI,MT,Empoli,it Serie A,26,1996,12.8,2.11,01.02,1.25,0.47,0.39,0.94,1.88,50.0,0.94,1.25,0.31,0.94,0.63,2.73,2.11,0.00,Matchs
1131,Janik Haberer,de GER,MT,Union Berlin,de Bundesliga,28,1994,24.3,1.19,0.70,0.33,0.74,0.12,0.70,1.98,35.4,1.28,1.44,0.08,1.36,0.58,1.77,01.03,0.00,Matchs
1132,Alexander Hack,de GER,DF,Mainz 05,de Bundesliga,28,1993,12.6,2.38,1.43,1.67,0.71,0.00,1.51,2.62,57.6,1.11,1.43,0.40,01.03,1.90,4.29,3.57,0.08,Matchs
1133,Munir El Haddadi,ma MAR,"MT,AT",Getafe,es La Liga,26,1995,12.8,0.94,0.55,0.23,0.55,0.16,0.16,0.78,20.0,0.63,1.80,0.16,1.64,0.70,1.64,0.55,0.00,Matchs
1134,Jaouen Hadjam,dz ALG,DF,Nantes,fr Ligue 1,19,2003,8.9,03.03,2.36,1.46,01.01,0.56,1.80,2.81,64.0,01.01,1.12,0.34,0.79,1.35,4.38,1.35,0.00,Matchs
1135,Dennis Hadzikadunic,ba BIH,DF,Mallorca,es La Liga,24,1998,6.8,1.32,0.88,0.59,0.74,0.00,0.59,0.59,100.0,0.00,0.74,0.59,0.15,0.44,1.76,3.97,0.00,Matchs
1136,André Hahn,de GER,"AT,MT",Augsburg,de Bundesliga,31,1990,4.3,02.09,1.16,0.93,0.93,0.23,1.86,2.79,66.7,0.93,02.09,0.47,1.63,0.93,03.02,3.26,0.00,Matchs
1137,Amadou Haidara,ml MLI,MT,RB Leipzig,de Bundesliga,24,1998,15.9,1.57,0.69,0.94,0.63,0.00,0.82,2.14,38.2,1.32,1.64,0.38,1.26,1.64,3.21,1.26,0.00,Matchs
1138,Massadio Haïdara,ml MLI,"DF,MT",Lens,fr Ligue 1,29,1992,18.6,1.29,0.86,0.48,0.48,0.32,0.65,1.29,50.0,0.65,1.40,0.48,0.91,1.94,3.23,2.10,0.05,Matchs
1139,Achraf Hakimi,ma MAR,"DF,MT",Paris S-G,fr Ligue 1,23,1998,22.8,2.37,1.49,0.83,0.88,0.66,1.36,2.59,52.5,1.23,1.49,0.09,1.40,0.70,03.07,0.83,0.00,Matchs
1140,Lewis Hall,eng ENG,DF,Chelsea,eng Premier League,17,2004,7.3,3.15,1.64,2.60,0.55,0.00,02.05,03.01,68.2,0.96,1.10,0.00,1.10,1.51,4.66,1.51,0.14,Matchs
1141,Sébastien Haller,ci CIV,AT,Dortmund,de Bundesliga,28,1994,13.6,0.37,0.29,0.15,0.07,0.15,0.00,0.29,0.0,0.29,0.59,0.00,0.59,0.07,0.44,0.74,0.00,Matchs
1142,Marcel Halstenberg,de GER,DF,RB Leipzig,de Bundesliga,30,1991,17.3,2.31,1.21,1.16,0.87,0.29,1.33,2.37,56.1,01.04,1.27,0.06,1.21,1.21,3.53,1.68,0.00,Matchs
1143,Mathis Hamdi,fr FRA,DF,Troyes,fr Ligue 1,18,2003,0.8,0.00,0.00,0.00,0.00,0.00,0.00,1.25,0.0,1.25,0.00,0.00,0.00,1.25,1.25,1.25,0.00,Matchs
1144,Ben Hamed Touré,ci CIV,AT,Ajaccio,fr Ligue 1,18,2003,2.3,1.74,1.74,0.87,0.87,0.00,0.43,2.17,20.0,1.74,0.87,0.00,0.87,0.43,2.17,1.74,0.00,Matchs
1145,Romain Hamouma,fr FRA,"AT,MT",Ajaccio,fr Ligue 1,35,1987,12.0,0.67,0.25,0.25,0.25,0.17,0.25,0.50,50.0,0.25,0.67,0.00,0.67,0.17,0.83,0.17,0.00,Matchs
1146,Saïd Hamulic,ba BIH,AT,Toulouse,fr Ligue 1,21,2000,1.2,0.00,0.00,0.00,0.00,0.00,0.00,0.00,,0.00,0.00,0.00,0.00,0.00,0.00,0.00,0.00,Matchs
1147,Andreas Hanche-Olsen,no NOR,DF,Mainz 05,de Bundesliga,25,1997,16.6,2.11,1.39,1.45,0.42,0.24,1.33,2.35,56.4,01.02,0.96,0.48,0.48,1.99,4.10,4.64,0.12,Matchs
1148,Samir Handanović,si SVN,GB,Inter,it Serie A,38,1984,13.7,0.00,0.00,0.00,0.00,0.00,0.00,0.00,,0.00,0.00,0.00,0.00,0.00,0.00,0.36,0.00,Matchs
1149,Genki Haraguchi,jp JPN,MT,Stuttgart,de Bundesliga,31,1991,8.3,1.93,0.84,0.84,0.84,0.24,0.48,1.93,25.0,1.45,1.57,0.24,1.33,0.96,2.89,0.72,0.00,Matchs
1150,Genki Haraguchi,jp JPN,MT,Union Berlin,de Bundesliga,31,1991,5.5,2.18,1.45,0.18,1.82,0.18,0.55,1.64,33.3,01.09,1.27,0.18,01.09,0.55,2.73,1.64,0.00,Matchs
Clt,Joueur,Nation,Pos,Équipe,Comp,Âge,Naissance,90,Tcl,TclR,ZDéf,MilTer,ZOff,Tcl,Att,Tcl%,Manqués,Balles contrées,Tirs,Passe,Int,Tcl+Int,Dég,Err,Matchs
1151,Amine Harit,ma MAR,"MT,AT",Marseille,fr Ligue 1,25,1997,5.7,01.05,0.70,0.00,0.53,0.53,0.53,1.40,37.5,0.88,0.70,0.18,0.53,0.70,1.75,01.05,0.00,Matchs
1152,Luke Harris,wls WAL,"MT,AT",Fulham,eng Premier League,17,2005,0.1,0.00,0.00,0.00,0.00,0.00,0.00,0.00,,0.00,0.00,0.00,0.00,0.00,0.00,0.00,0.00,Matchs
1153,Jack Harrison,eng ENG,"AT,MT",Leeds United,eng Premier League,25,1996,30.1,1.36,0.56,0.17,0.50,0.70,0.40,1.73,23.1,1.33,1.56,0.07,1.50,0.73,02.09,0.83,0.00,Matchs
1154,Abdou Harroui,nl NED,MT,Sassuolo,it Serie A,24,1998,7.2,2.36,0.83,0.83,0.97,0.56,0.28,0.97,28.6,0.69,0.83,0.14,0.69,0.28,2.64,1.39,0.00,Matchs
1155,Makoto Hasebe,jp JPN,DF,Eint Frankfurt,de Bundesliga,38,1984,14.5,1.24,0.83,1.10,0.14,0.00,0.48,1.52,31.8,01.03,1.52,0.62,0.90,1.17,2.41,3.10,0.00,Matchs
1156,Haissem Hassan,fr FRA,"AT,MT",Villarreal,es La Liga,20,2002,0.6,0.00,0.00,0.00,0.00,0.00,0.00,3.33,0.0,3.33,0.00,0.00,0.00,1.67,1.67,0.00,0.00,Matchs
1157,Hans Hateboer,nl NED,DF,Atalanta,it Serie A,28,1994,15.5,1.35,0.84,0.71,0.52,0.13,0.71,1.74,40.7,01.03,1.48,0.26,1.23,0.77,2.13,1.61,0.00,Matchs
1158,Kai Havertz,de GER,"AT,MT",Chelsea,eng Premier League,23,1999,28.5,1.19,0.56,0.14,0.70,0.35,0.35,01.05,33.3,0.70,0.98,0.00,0.98,0.25,1.44,1.44,0.00,Matchs
1159,Eden Hazard,be BEL,AT,Real Madrid,es La Liga,31,1991,2.2,0.00,0.00,0.00,0.00,0.00,0.00,0.91,0.0,0.91,0.45,0.00,0.45,0.45,0.45,0.00,0.00,Matchs
1160,Thorgan Hazard,be BEL,"AT,DF",Dortmund,de Bundesliga,29,1993,5.2,3.27,1.15,0.96,2.12,0.19,2.31,3.27,70.6,0.96,1.15,0.00,1.15,0.96,4.23,0.96,0.00,Matchs
1161,Rhys Healey,wls WAL,AT,Toulouse,fr Ligue 1,27,1994,0.7,0.00,0.00,0.00,0.00,0.00,0.00,0.00,,0.00,0.00,0.00,0.00,0.00,0.00,0.00,0.00,Matchs
1162,Jan Paul van Hecke,nl NED,DF,Brighton,eng Premier League,22,2000,3.3,2.42,1.82,0.91,1.21,0.30,1.52,1.52,100.0,0.00,2.42,1.52,0.91,1.82,4.24,2.73,0.00,Matchs
1163,Jonas Hector,de GER,DF,Köln,de Bundesliga,32,1990,31.4,3.57,2.10,1.88,1.37,0.32,2.10,3.60,58.4,1.50,1.94,0.29,1.66,1.24,4.81,2.36,0.03,Matchs
1164,Hwang Hee-chan,kr KOR,"AT,MT",Wolves,eng Premier League,26,1996,12.6,1.59,0.71,0.56,0.63,0.40,0.48,1.51,31.6,01.03,1.43,0.16,1.27,0.40,1.98,0.40,0.00,Matchs
1165,Gauthier Hein,fr FRA,"MT,AT",Auxerre,fr Ligue 1,25,1996,20.8,1.30,0.96,0.63,0.53,0.14,0.87,2.31,37.5,1.44,0.48,0.00,0.48,0.29,1.59,0.48,0.00,Matchs
1166,Dominique Heintz,de GER,DF,Bochum,de Bundesliga,28,1993,8.8,1.48,01.02,0.57,0.80,0.11,0.68,1.93,35.3,1.25,1.25,0.80,0.45,1.36,2.84,3.86,0.00,Matchs
1167,Dean Henderson,eng ENG,GB,Nott'ham Forest,eng Premier League,25,1997,18.0,0.00,0.00,0.00,0.00,0.00,0.00,0.00,,0.00,0.00,0.00,0.00,0.00,0.00,0.67,0.06,Matchs
1168,Jordan Henderson,eng ENG,MT,Liverpool,eng Premier League,32,1990,23.0,1.39,1.00,0.43,0.78,0.17,0.65,1.57,41.7,0.91,0.91,0.13,0.78,0.91,2.30,0.70,0.04,Matchs
1169,Liam Henderson,sct SCO,MT,Empoli,it Serie A,26,1996,11.2,1.16,0.89,0.54,0.45,0.18,0.36,1.88,19.0,1.52,0.89,0.18,0.71,0.89,02.05,0.89,0.00,Matchs
1170,Jack Hendry,sct SCO,DF,Cremonese,it Serie A,27,1995,2.4,0.00,0.00,0.00,0.00,0.00,0.00,0.42,0.0,0.42,0.83,0.42,0.42,0.42,0.42,2.92,0.00,Matchs
1171,Wayne Hennessey,wls WAL,GB,Nott'ham Forest,eng Premier League,35,1987,3.0,0.33,0.00,0.33,0.00,0.00,0.33,0.33,100.0,0.00,0.00,0.00,0.00,0.00,0.33,0.67,0.00,Matchs
1172,Benjamin Henrichs,de GER,"DF,MT",RB Leipzig,de Bundesliga,25,1997,24.3,3.00,1.89,1.69,1.19,0.12,1.77,2.72,65.2,0.95,1.98,0.16,1.81,1.44,4.44,1.89,0.00,Matchs
1173,Henrique,br BRA,"DF,AT",Lyon,fr Ligue 1,28,1994,4.0,2.25,1.00,0.75,0.50,1.00,1.50,3.25,46.2,1.75,0.75,0.25,0.50,1.25,3.50,2.00,0.00,Matchs
1174,Luiz Henrique,br BRA,AT,Betis,es La Liga,21,2001,20.1,2.39,1.69,1.34,0.75,0.30,1.00,2.19,45.5,1.19,01.09,0.00,01.09,0.70,03.08,0.85,0.00,Matchs
1175,Matheus Henrique,br BRA,MT,Sassuolo,it Serie A,24,1997,21.6,1.20,0.56,0.42,0.51,0.28,0.56,1.11,50.0,0.56,0.69,0.19,0.51,0.56,1.76,0.46,0.00,Matchs
Clt,Joueur,Nation,Pos,Équipe,Comp,Âge,Naissance,90,Tcl,TclR,ZDéf,MilTer,ZOff,Tcl,Att,Tcl%,Manqués,Balles contrées,Tirs,Passe,Int,Tcl+Int,Dég,Err,Matchs
1176,Rico Henry,eng ENG,DF,Brentford,eng Premier League,25,1997,36.0,1.58,0.86,0.56,0.78,0.25,0.61,1.14,53.7,0.53,0.81,0.22,0.58,0.83,2.42,2.33,0.03,Matchs
1177,Thomas Henry,fr FRA,AT,Hellas Verona,it Serie A,27,1994,11.4,0.44,0.26,0.09,0.09,0.26,0.09,0.44,20.0,0.35,0.53,0.18,0.35,0.00,0.44,1.23,0.00,Matchs
1178,Christophe Hérelle,mq MTQ,DF,Brest,fr Ligue 1,29,1992,11.8,0.85,0.34,0.59,0.17,0.08,0.34,1.10,30.8,0.76,1.36,0.93,0.42,1.69,2.54,04.07,0.00,Matchs
1179,Mario Hermoso,es ESP,DF,Atlético Madrid,es La Liga,27,1995,23.4,0.94,0.64,0.60,0.26,0.09,0.38,1.28,30.0,0.90,0.81,0.38,0.43,0.81,1.75,3.63,0.04,Matchs
1180,Javi Hernández,es ESP,DF,Girona,es La Liga,24,1998,12.4,1.69,0.97,0.97,0.56,0.16,01.05,1.69,61.9,0.65,0.81,0.40,0.40,0.56,2.26,03.06,0.00,Matchs
1181,Aridane Hernández,es ESP,DF,Osasuna,es La Liga,33,1989,19.9,01.06,0.75,0.85,0.20,0.00,0.60,1.26,48.0,0.65,1.71,01.06,0.65,1.41,2.46,4.82,0.05,Matchs
1182,Lucas Hernández,fr FRA,DF,Bayern Munich,de Bundesliga,26,1996,5.3,1.13,0.75,0.57,0.57,0.00,0.94,1.13,83.3,0.19,0.38,0.19,0.19,0.94,02.08,1.32,0.00,Matchs
1183,Luis Hernández,es ESP,DF,Cádiz,es La Liga,33,1989,35.0,0.94,0.60,0.71,0.20,0.03,0.63,01.03,61.1,0.40,0.89,0.69,0.20,0.89,1.83,4.14,0.00,Matchs
1184,Mario Hernández,es ESP,DF,Rayo Vallecano,es La Liga,23,1999,1.1,2.73,1.82,1.82,0.91,0.00,2.73,6.36,42.9,3.64,1.82,0.00,1.82,1.82,4.55,0.00,0.00,Matchs
1185,Theo Hernández,fr FRA,DF,Milan,it Serie A,24,1997,30.8,1.40,0.78,0.88,0.49,0.03,0.71,1.23,57.9,0.52,1.10,0.23,0.88,0.68,02.08,1.14,0.03,Matchs
1186,Jorge Herrando,es ESP,DF,Osasuna,es La Liga,21,2001,0.3,0.00,0.00,0.00,0.00,0.00,0.00,0.00,,0.00,3.33,0.00,3.33,0.00,0.00,10.0,0.00,Matchs
1187,Ander Herrera,es ESP,MT,Athletic Club,es La Liga,32,1989,7.7,2.34,1.30,01.04,0.91,0.39,0.78,2.34,33.3,1.56,1.56,0.39,1.17,1.43,3.77,1.56,0.00,Matchs
1188,Sergio Herrera,es ESP,GB,Osasuna,es La Liga,29,1993,17.0,0.12,0.00,0.12,0.00,0.00,0.12,0.12,100.0,0.00,0.06,0.00,0.06,0.06,0.18,0.35,0.12,Matchs
1189,Yangel Herrera,ve VEN,"MT,AT",Girona,es La Liga,24,1998,10.7,2.43,0.84,0.84,1.31,0.28,0.56,1.40,40.0,0.84,1.31,0.09,1.21,0.37,2.80,1.12,0.00,Matchs
1190,Patrick Herrmann,de GER,"AT,MT",M'Gladbach,de Bundesliga,31,1991,1.8,3.33,1.11,2.22,0.56,0.56,1.11,2.22,50.0,1.11,1.11,0.00,1.11,1.11,4.44,0.56,0.00,Matchs
1191,Son Heung-min,kr KOR,"MT,AT",Tottenham,eng Premier League,30,1992,32.1,0.75,0.37,0.22,0.25,0.28,0.28,0.93,30.0,0.65,0.72,0.06,0.65,0.40,1.15,0.19,0.00,Matchs
1192,Aaron Hickey,sct SCO,DF,Brentford,eng Premier League,20,2002,21.3,1.78,1.22,1.27,0.52,0.00,0.85,1.50,56.3,0.66,0.85,0.33,0.52,0.80,2.58,1.50,0.05,Matchs
1193,Isak Hien,se SWE,DF,Hellas Verona,it Serie A,23,1999,29.0,2.52,1.24,1.86,0.66,0.00,1.31,2.10,62.3,0.79,1.38,0.59,0.79,01.07,3.59,3.17,0.03,Matchs
1194,Omar El Hilali,ma MAR,"DF,MT",Espanyol,es La Liga,18,2003,1.0,3.00,2.00,3.00,0.00,0.00,1.00,2.00,50.0,1.00,1.00,0.00,1.00,1.00,4.00,6.00,0.00,Matchs
1195,Piero Hincapié,ec ECU,DF,Leverkusen,de Bundesliga,20,2002,27.3,1.87,1.25,01.03,0.73,0.11,0.92,1.39,65.8,0.48,1.50,0.73,0.77,1.14,3.00,03.04,0.04,Matchs
1196,Jack Hinshelwood,eng ENG,AT,Brighton,eng Premier League,17,2005,0.0,1,0,1,0,0,0,0,,0,0,0,0,0,1,0,0,Matchs
1197,Morten Hjulmand,dk DEN,MT,Lecce,it Serie A,23,1999,32.9,2.74,1.58,1.49,1.22,0.03,1.12,02.04,55.2,0.91,1.31,0.33,0.97,2.19,4.92,1.64,0.00,Matchs
1198,Adam Hložek,cz CZE,"AT,MT",Leverkusen,de Bundesliga,20,2002,14.3,0.63,0.28,0.28,0.21,0.14,0.21,0.63,33.3,0.42,0.63,0.14,0.49,0.42,01.05,0.63,0.00,Matchs
1199,Joseph Hodge,ie IRL,MT,Wolves,eng Premier League,19,2002,1.9,2.63,01.05,0.53,1.58,0.53,1.58,2.11,75.0,0.53,2.63,0.00,2.63,0.00,2.63,01.05,0.53,Matchs
1200,Nicolas Höfler,de GER,MT,Freiburg,de Bundesliga,32,1990,31.3,2.11,1.12,0.89,1.12,0.10,0.86,1.95,44.3,01.09,1.28,0.42,0.86,1.85,3.96,1.57,0.00,Matchs
Clt,Joueur,Nation,Pos,Équipe,Comp,Âge,Naissance,90,Tcl,TclR,ZDéf,MilTer,ZOff,Tcl,Att,Tcl%,Manqués,Balles contrées,Tirs,Passe,Int,Tcl+Int,Dég,Err,Matchs
1201,Jonas Hofmann,de GER,"AT,MT",M'Gladbach,de Bundesliga,30,1992,29.8,01.04,0.54,0.57,0.27,0.20,0.50,1.74,28.8,1.24,1.21,0.07,1.14,0.54,1.58,0.70,0.00,Matchs
1202,Philipp Hofmann,de GER,AT,Bochum,de Bundesliga,29,1993,29.2,0.62,0.38,0.00,0.45,0.17,0.17,0.41,41.7,0.24,0.68,0.27,0.41,0.21,0.82,1.64,0.00,Matchs
1203,Rob Holding,eng ENG,DF,Arsenal,eng Premier League,26,1995,6.3,1.27,0.79,0.63,0.63,0.00,0.48,0.95,50.0,0.48,0.95,0.79,0.16,0.48,1.75,4.29,0.16,Matchs
1204,Lucas Höler,de GER,"AT,MT",Freiburg,de Bundesliga,28,1994,16.7,1.14,0.84,0.30,0.42,0.42,0.36,1.32,27.3,0.96,1.32,0.30,01.02,0.60,1.74,01.02,0.00,Matchs
1205,Mason Holgate,eng ENG,DF,Everton,eng Premier League,25,1996,5.6,1.96,1.25,1.43,0.54,0.00,0.54,1.96,27.3,1.43,1.25,0.54,0.71,1.25,3.21,5.00,0.00,Matchs
1206,Emil Holm,se SWE,DF,Spezia,it Serie A,22,2000,15.5,1.68,0.97,0.84,0.52,0.32,01.03,2.00,51.6,0.97,1.35,0.39,0.97,0.58,2.26,2.65,0.00,Matchs
1207,Noah Holm,no NOR,"AT,MT",Reims,fr Ligue 1,21,2001,2.2,2.73,1.82,0.91,0.91,0.91,0.91,2.27,40.0,1.36,0.00,0.00,0.00,0.00,2.73,2.27,0.00,Matchs
1208,Gerrit Holtmann,ph PHI,"AT,MT",Bochum,de Bundesliga,27,1995,10.5,1.33,0.67,0.57,0.67,0.10,1.14,2.00,57.1,0.86,1.43,0.10,1.33,0.19,1.52,0.38,0.00,Matchs
1209,Martin Hongla,cm CMR,MT,Hellas Verona,it Serie A,24,1998,5.8,1.38,0.86,0.69,0.69,0.00,0.86,0.86,100.0,0.00,1.21,0.17,01.03,01.03,2.41,1.55,0.00,Matchs
1210,Martin Hongla,cm CMR,"DF,MT",Valladolid,es La Liga,24,1998,14.5,1.24,0.90,0.90,0.34,0.00,0.76,1.45,52.4,0.69,01.03,0.83,0.21,0.55,1.79,3.17,0.07,Matchs
1211,Franck Honorat,fr FRA,"AT,MT",Brest,fr Ligue 1,25,1996,28.2,1.45,01.03,0.71,0.28,0.46,0.67,1.21,55.9,0.53,0.78,0.07,0.71,0.74,2.20,0.64,0.00,Matchs
1212,Jannes Horn,de GER,"DF,AT",Bochum,de Bundesliga,25,1997,0.7,2.86,1.43,1.43,1.43,0.00,1.43,1.43,100.0,0.00,1.43,0.00,1.43,4.29,7.14,2.86,0.00,Matchs
1213,Cédric Hountondji,bj BEN,DF,Angers,fr Ligue 1,28,1994,34.4,1.45,01.05,0.90,0.49,0.06,0.55,0.84,65.5,0.29,1.28,0.64,0.64,1.72,3.17,3.84,0.03,Matchs
1214,Ilyes Housni,fr FRA,AT,Paris S-G,fr Ligue 1,17,2005,0.1,10.0,10.0,10.0,0.00,0.00,10.0,10.0,100.0,0.00,0.00,0.00,0.00,0.00,10.0,0.00,0.00,Matchs
1215,Lukáš Hrádecký,fi FIN,GB,Leverkusen,de Bundesliga,32,1989,33.0,0.00,0.00,0.00,0.00,0.00,0.00,0.00,,0.00,0.00,0.00,0.00,0.00,0.00,0.09,0.09,Matchs
1216,Petko Hristov,bg BUL,DF,Spezia,it Serie A,23,1999,4.1,1.46,0.98,0.49,0.98,0.00,1.22,1.95,62.5,0.73,0.98,0.49,0.49,0.98,2.44,2.93,0.00,Matchs
1217,Ajdin Hrustic,au AUS,MT,Hellas Verona,it Serie A,26,1996,2.5,0.80,0.40,0.40,0.40,0.00,0.40,0.80,50.0,0.40,0.80,0.00,0.80,0.00,0.80,0.80,0.40,Matchs
1218,Timo Hübers,de GER,DF,Köln,de Bundesliga,26,1996,28.4,1.51,0.99,1.23,0.28,0.00,0.85,1.83,46.2,0.99,0.95,0.46,0.49,02.04,3.56,5.39,0.00,Matchs
1219,Callum Hudson-Odoi,eng ENG,"AT,MT",Leverkusen,de Bundesliga,21,2000,6.7,0.75,0.45,0.60,0.00,0.15,0.15,0.15,100.0,0.00,0.00,0.00,0.00,0.30,01.04,0.60,0.00,Matchs
1220,Will Hughes,eng ENG,MT,Crystal Palace,eng Premier League,27,1995,9.4,03.09,1.70,1.17,1.70,0.21,1.17,2.13,55.0,0.96,1.70,0.74,0.96,1.70,4.79,0.96,0.00,Matchs
1221,Mats Hummels,de GER,DF,Dortmund,de Bundesliga,33,1988,22.4,2.77,1.52,1.70,0.98,0.09,1.43,2.46,58.2,01.03,1.34,0.71,0.63,1.47,4.24,4.46,0.04,Matchs
1222,Adrien Hunou,fr FRA,"MT,AT",Angers,fr Ligue 1,28,1994,24.8,1.57,0.81,0.69,0.65,0.24,0.65,1.81,35.6,1.17,1.41,0.00,1.41,0.28,1.85,0.28,0.00,Matchs
1223,Denis Huseinbasic,de GER,"MT,AT",Köln,de Bundesliga,21,2001,8.8,2.61,01.02,0.91,1.25,0.45,1.14,2.84,40.0,1.70,1.82,0.23,1.59,0.45,03.07,0.57,0.00,Matchs
1224,Omari Hutchinson,eng ENG,AT,Chelsea,eng Premier League,18,2003,0.3,0.00,0.00,0.00,0.00,0.00,0.00,0.00,,0.00,0.00,0.00,0.00,3.33,3.33,0.00,0.00,Matchs
1225,Elseid Hysaj,al ALB,DF,Lazio,it Serie A,28,1994,22.2,1.76,01.04,01.08,0.50,0.18,01.04,1.85,56.1,0.81,1.40,0.32,01.08,0.90,2.66,1.89,0.00,Matchs
Clt,Joueur,Nation,Pos,Équipe,Comp,Âge,Naissance,90,Tcl,TclR,ZDéf,MilTer,ZOff,Tcl,Att,Tcl%,Manqués,Balles contrées,Tirs,Passe,Int,Tcl+Int,Dég,Err,Matchs
1226,Pierre Højbjerg,dk DEN,MT,Tottenham,eng Premier League,26,1995,34.8,1.61,0.86,0.80,0.63,0.17,0.75,1.93,38.8,1.18,1.32,0.49,0.83,1.41,03.02,1.84,0.03,Matchs
1227,Rasmus Højlund,dk DEN,AT,Atalanta,it Serie A,19,2003,20.4,0.20,0.15,0.00,0.10,0.10,0.05,0.29,16.7,0.25,0.44,0.05,0.39,0.05,0.25,0.25,0.00,Matchs
1228,Iago,br BRA,"DF,MT",Augsburg,de Bundesliga,25,1997,17.8,1.91,0.90,1.12,0.56,0.22,0.62,1.63,37.9,01.01,01.01,0.28,0.73,0.96,2.87,2.98,0.00,Matchs
1229,Pablo Ibáñez,es ESP,MT,Osasuna,es La Liga,23,1998,11.8,2.46,1.10,0.59,1.44,0.42,01.02,2.97,34.3,1.95,1.61,0.17,1.44,0.68,3.14,02.03,0.00,Matchs
1230,Roger Ibanez,br BRA,DF,Roma,it Serie A,23,1998,31.1,2.15,01.06,1.22,0.84,0.10,01.03,1.54,66.7,0.51,0.96,0.35,0.61,2.12,4.28,03.05,0.06,Matchs
1231,Arijon Ibrahimović,de GER,MT,Bayern Munich,de Bundesliga,16,2005,0.2,5.00,5.00,5.00,0.00,0.00,0.00,0.00,,0.00,0.00,0.00,0.00,0.00,5.00,0.00,0.00,Matchs
1232,Zlatan Ibrahimović,se SWE,AT,Milan,it Serie A,40,1981,1.6,0.00,0.00,0.00,0.00,0.00,0.00,0.00,,0.00,0.63,0.63,0.00,0.00,0.00,1.25,0.00,Matchs
1233,Mounaim El Idrissy,fr FRA,AT,Ajaccio,fr Ligue 1,23,1999,27.7,1.16,0.69,0.18,0.72,0.25,0.36,1.30,27.8,0.94,0.79,0.00,0.79,0.47,1.62,0.72,0.00,Matchs
1234,Antonio Iervolino,it ITA,MT,Salernitana,it Serie A,19,2003,0.1,0.00,0.00,0.00,0.00,0.00,0.00,10.0,0.0,10.0,0.00,0.00,0.00,0.00,0.00,0.00,0.00,Matchs
1235,Iglesias,es ESP,"DF,MT",Getafe,es La Liga,24,1998,23.8,2.56,1.47,1.68,0.76,0.13,1.39,2.73,50.8,1.34,1.68,0.21,1.47,0.88,3.45,3.82,0.04,Matchs
1236,Borja Iglesias,es ESP,AT,Betis,es La Liga,29,1993,26.3,0.30,0.15,0.11,0.11,0.08,0.08,0.49,15.4,0.42,0.34,0.04,0.30,0.04,0.34,0.65,0.00,Matchs
1237,Igor,br BRA,DF,Fiorentina,it Serie A,24,1998,22.9,1.88,1.27,0.92,0.79,0.17,0.87,1.18,74.1,0.31,1.44,0.61,0.83,01.09,2.97,2.45,0.09,Matchs
1238,Kelechi Iheanacho,ng NGA,"AT,MT",Leicester City,eng Premier League,25,1996,12.5,0.56,0.16,0.00,0.24,0.32,0.24,0.80,30.0,0.56,0.72,0.08,0.64,0.00,0.56,0.64,0.00,Matchs
1239,Jonathan Ikone,fr FRA,AT,Fiorentina,it Serie A,24,1998,22.3,0.72,0.36,0.22,0.27,0.22,0.22,0.63,35.7,0.40,0.81,0.04,0.76,0.18,0.90,0.13,0.00,Matchs
1240,Ivan Ilić,rs SRB,MT,Hellas Verona,it Serie A,21,2001,9.5,1.68,01.05,0.95,0.74,0.00,0.63,1.16,54.5,0.53,01.05,0.11,0.95,0.84,2.53,1.47,0.00,Matchs
1241,Ivan Ilić,rs SRB,MT,Torino,it Serie A,21,2001,13.1,1.37,0.53,0.46,0.84,0.08,0.76,1.53,50.0,0.76,0.92,0.23,0.69,0.38,1.76,0.76,0.00,Matchs
1242,Rareş Ilie,ro ROU,"MT,AT",Nice,fr Ligue 1,19,2003,1.6,1.88,1.88,0.00,0.63,1.25,1.25,2.50,50.0,1.25,1.25,0.00,1.25,0.63,2.50,0.63,0.00,Matchs
1243,Samuel Iling-Junior,eng ENG,"DF,AT",Juventus,it Serie A,18,2003,3.5,2.00,0.57,0.86,0.29,0.86,1.14,2.57,44.4,1.43,1.43,0.29,1.14,0.57,2.57,1.71,0.00,Matchs
1244,Emirhan İlkhan,tr TUR,MT,Torino,it Serie A,18,2004,1.0,1.00,1.00,0.00,1.00,0.00,1.00,1.00,100.0,0.00,3.00,1.00,2.00,2.00,3.00,2.00,0.00,Matchs
1245,Emirhan İlkhan,tr TUR,MT,Sampdoria,it Serie A,18,2004,1.3,4.62,2.31,1.54,1.54,1.54,1.54,2.31,66.7,0.77,3.85,0.77,03.08,0.00,4.62,2.31,0.00,Matchs
1246,Asier Illarramendi,es ESP,MT,Real Sociedad,es La Liga,32,1990,12.0,3.00,1.50,0.83,1.83,0.33,1.33,3.67,36.4,2.33,2.25,0.67,1.58,1.50,4.50,1.67,0.00,Matchs
1247,Ciro Immobile,it ITA,AT,Lazio,it Serie A,32,1990,24.7,0.45,0.20,0.16,0.16,0.12,0.24,0.36,66.7,0.12,0.40,0.08,0.32,0.04,0.49,0.57,0.00,Matchs
1248,Danny Ings,eng ENG,AT,West Ham,eng Premier League,30,1992,8.6,01.05,0.93,0.00,0.47,0.58,0.58,1.63,35.7,01.05,0.93,0.23,0.70,0.35,1.40,0.58,0.00,Matchs
1249,Danny Ings,eng ENG,AT,Aston Villa,eng Premier League,30,1992,9.2,01.09,0.54,0.11,0.65,0.33,0.11,0.65,16.7,0.54,1.30,0.11,1.20,0.11,1.20,1.20,0.00,Matchs
1250,Marcus Ingvartsen,dk DEN,"AT,MT",Mainz 05,de Bundesliga,26,1996,14.6,0.27,0.07,0.00,0.14,0.14,0.07,0.68,10.0,0.62,0.62,0.07,0.55,0.27,0.55,0.68,0.00,Matchs
Clt,Joueur,Nation,Pos,Équipe,Comp,Âge,Naissance,90,Tcl,TclR,ZDéf,MilTer,ZOff,Tcl,Att,Tcl%,Manqués,Balles contrées,Tirs,Passe,Int,Tcl+Int,Dég,Err,Matchs
1251,Bonke Innocent,ng NGA,MT,Lorient,fr Ligue 1,26,1996,13.1,2.14,1.30,0.99,01.07,0.08,0.84,2.75,30.6,1.91,1.68,0.38,1.30,1.98,4.12,2.37,0.00,Matchs
1252,Alexander Isak,se SWE,AT,Newcastle Utd,eng Premier League,22,1999,16.9,01.07,0.47,0.24,0.41,0.41,0.59,1.66,35.7,01.07,1.24,0.12,1.12,0.24,1.30,0.47,0.00,Matchs
1253,Alexander Isak,se SWE,AT,Real Sociedad,es La Liga,22,1999,1.7,0.59,0.59,0.00,0.00,0.59,0.00,0.00,,0.00,0.00,0.00,0.00,0.00,0.59,1.18,0.00,Matchs
1254,Isco,es ESP,"MT,AT",Sevilla,es La Liga,30,1992,8.9,1.69,01.01,0.67,0.56,0.45,0.90,1.57,57.1,0.67,0.34,0.00,0.34,1.12,2.81,0.34,0.00,Matchs
1255,Ismaily,br BRA,DF,Lille,fr Ligue 1,32,1990,19.8,02.07,0.91,0.81,0.81,0.45,0.86,1.62,53.1,0.76,1.26,0.25,01.01,01.06,3.13,1.97,0.00,Matchs
1256,Ardian Ismajli,al ALB,DF,Empoli,it Serie A,25,1996,23.3,1.72,1.37,01.07,0.64,0.00,0.77,01.03,75.0,0.26,02.02,1.33,0.69,1.16,2.88,5.15,0.00,Matchs
1257,Ko Itakura,jp JPN,DF,M'Gladbach,de Bundesliga,25,1997,22.0,1.32,0.77,0.82,0.32,0.18,0.73,1.36,53.3,0.64,1.86,1.14,0.73,1.23,2.55,4.32,0.00,Matchs
1258,Hiroki Ito,jp JPN,DF,Stuttgart,de Bundesliga,23,1999,28.5,1.40,01.02,0.84,0.49,0.07,0.63,1.23,51.4,0.60,1.33,0.60,0.74,1.40,2.81,3.30,0.00,Matchs
1259,Junya Ito,jp JPN,AT,Reims,fr Ligue 1,29,1993,32.4,1.23,0.62,0.43,0.46,0.34,0.40,1.64,24.5,1.23,0.90,0.03,0.86,0.25,1.48,0.12,0.03,Matchs
1260,Diego Iturralde,es ESP,DF,Sevilla,es La Liga,19,2003,0.5,2.00,0.00,2.00,0.00,0.00,0.00,4.00,0.0,4.00,0.00,0.00,0.00,0.00,2.00,2.00,0.00,Matchs
1261,Andreas Ivan,ro ROU,MT,Schalke 04,de Bundesliga,27,1995,0.5,0.00,0.00,0.00,0.00,0.00,0.00,2.00,0.0,2.00,0.00,0.00,0.00,0.00,0.00,2.00,0.00,Matchs
1262,Mihailo Ivanović,rs SRB,AT,Sampdoria,it Serie A,17,2004,0.0,0,0,0,0,0,0,0,,0,0,0,0,0,0,0,0,Matchs
1263,Daniel Iversen,dk DEN,GB,Leicester City,eng Premier League,25,1997,12.0,0.00,0.00,0.00,0.00,0.00,0.00,0.00,,0.00,0.00,0.00,0.00,0.00,0.00,0.50,0.08,Matchs
1264,Alex Iwobi,ng NGA,"MT,AT",Everton,eng Premier League,26,1996,37.5,1.84,0.99,0.99,0.75,0.11,0.88,1.73,50.8,0.85,01.09,0.05,01.04,0.67,2.51,0.77,0.00,Matchs
1265,Armando Izzo,it ITA,DF,Monza,it Serie A,30,1992,27.4,2.66,1.82,1.61,0.99,0.07,01.06,1.64,64.4,0.58,01.06,0.62,0.44,1.82,4.49,3.18,0.04,Matchs
1266,Nicolas Jackson,sn SEN,AT,Villarreal,es La Liga,21,2001,17.8,0.79,0.62,0.11,0.56,0.11,0.11,0.45,25.0,0.34,01.01,0.11,0.90,0.11,0.90,0.22,0.00,Matchs
1267,Lee Jae-sung,kr KOR,MT,Mainz 05,de Bundesliga,29,1992,21.0,1.81,0.81,0.43,1.00,0.38,0.76,1.71,44.4,0.95,1.38,0.24,1.14,0.81,2.62,1.00,0.00,Matchs
1268,Paul Jaeckel,de GER,DF,Union Berlin,de Bundesliga,24,1998,13.3,1.80,1.35,0.83,0.83,0.15,1.28,2.63,48.6,1.35,0.83,0.38,0.45,1.43,3.23,3.31,0.08,Matchs
1269,Mato Jajalo,ba BIH,MT,Udinese,it Serie A,34,1988,0.7,0.00,0.00,0.00,0.00,0.00,0.00,1.43,0.0,1.43,0.00,0.00,0.00,0.00,0.00,2.86,0.00,Matchs
1270,Kristijan Jakić,hr CRO,"DF,MT",Eint Frankfurt,de Bundesliga,25,1997,16.2,02.04,1.30,1.17,0.74,0.12,1.36,2.53,53.7,1.17,1.98,0.62,1.36,0.86,2.90,03.02,0.06,Matchs
1271,Ismail Jakobs,sn SEN,"DF,AT",Monaco,fr Ligue 1,22,1999,12.4,0.89,0.40,0.56,0.24,0.08,0.40,0.97,41.7,0.56,0.73,0.08,0.65,0.73,1.61,1.45,0.00,Matchs
1272,Marin Jakoliš,hr CRO,AT,Angers,fr Ligue 1,25,1996,0.3,3.33,3.33,0.00,0.00,3.33,0.00,0.00,,0.00,0.00,0.00,0.00,0.00,3.33,0.00,0.00,Matchs
1273,Daniel James,wls WAL,AT,Leeds United,eng Premier League,24,1997,2.2,2.73,0.91,0.45,1.36,0.91,1.36,2.73,50.0,1.36,1.82,0.00,1.82,0.91,3.64,0.91,0.00,Matchs
1274,Daniel James,wls WAL,AT,Fulham,eng Premier League,24,1997,6.9,1.45,0.87,0.58,0.72,0.14,0.58,1.30,44.4,0.72,0.72,0.14,0.58,0.14,1.59,0.72,0.00,Matchs
1275,Reece James,eng ENG,"DF,MT",Chelsea,eng Premier League,22,1999,13.8,2.25,1.45,0.72,1.30,0.22,01.09,1.38,78.9,0.29,1.23,0.14,01.09,0.87,3.12,1.67,0.00,Matchs
Clt,Joueur,Nation,Pos,Équipe,Comp,Âge,Naissance,90,Tcl,TclR,ZDéf,MilTer,ZOff,Tcl,Att,Tcl%,Manqués,Balles contrées,Tirs,Passe,Int,Tcl+Int,Dég,Err,Matchs
1276,Vitaly Janelt,de GER,"MT,DF",Brentford,eng Premier League,24,1998,24.5,2.20,1.10,0.82,0.98,0.41,0.86,2.00,42.9,1.14,1.18,0.37,0.82,1.18,3.39,01.06,0.00,Matchs
1277,Saidy Janko,gm GAM,DF,Bochum,de Bundesliga,26,1995,12.6,1.83,1.19,01.03,0.63,0.16,0.95,1.59,60.0,0.63,1.90,0.79,1.11,0.87,2.70,2.62,0.08,Matchs
1278,Pontus Jansson,se SWE,DF,Brentford,eng Premier League,31,1991,8.0,0.63,0.38,0.50,0.13,0.00,0.38,0.63,60.0,0.25,1.63,1.13,0.50,1.13,1.75,4.75,0.00,Matchs
1279,Tony Jantschke,de GER,"DF,MT",M'Gladbach,de Bundesliga,32,1990,1.1,1.82,0.91,0.91,0.91,0.00,0.91,0.91,100.0,0.00,4.55,2.73,1.82,0.00,1.82,4.55,0.00,Matchs
1280,Adnan Januzaj,be BEL,AT,Sevilla,es La Liga,27,1995,0.5,0.00,0.00,0.00,0.00,0.00,0.00,2.00,0.0,2.00,0.00,0.00,0.00,2.00,2.00,0.00,0.00,Matchs
1281,Léo Jardim,br BRA,GB,Lille,fr Ligue 1,27,1995,6.0,0.00,0.00,0.00,0.00,0.00,0.00,0.17,0.0,0.17,0.00,0.00,0.00,0.00,0.00,0.00,0.17,Matchs
1282,Luis Javier Suárez,co COL,AT,Almería,es La Liga,24,1997,16.6,01.02,0.66,0.30,0.36,0.36,0.36,1.57,23.1,1.20,0.78,0.18,0.60,0.18,1.20,0.60,0.00,Matchs
1283,Luis Javier Suárez,co COL,AT,Marseille,fr Ligue 1,24,1997,3.3,1.21,0.30,0.30,0.61,0.30,0.30,1.21,25.0,0.91,0.30,0.00,0.30,0.91,2.12,1.82,0.00,Matchs
1284,Dany Jean,ht HAI,"DF,MT",Strasbourg,fr Ligue 1,19,2002,0.1,0.00,0.00,0.00,0.00,0.00,0.00,10.0,0.0,10.0,10.0,0.00,10.0,0.00,0.00,0.00,0.00,Matchs
1285,Julian Jeanvier,gn GUI,DF,Auxerre,fr Ligue 1,30,1992,19.6,1.63,0.87,1.22,0.41,0.00,0.66,1.12,59.1,0.46,1.22,0.87,0.36,1.38,03.01,4.90,0.05,Matchs
1286,Jefferson,br BRA,AT,Lyon,fr Ligue 1,22,1999,5.0,3.40,0.80,0.80,1.80,0.80,1.20,3.00,40.0,1.80,1.20,0.00,1.20,0.20,3.60,0.00,0.00,Matchs
1287,Fredrik Jensen,fi FIN,"AT,MT",Augsburg,de Bundesliga,24,1997,10.3,1.46,0.97,0.78,0.29,0.39,0.49,0.97,50.0,0.49,1.17,0.49,0.68,0.39,1.84,1.17,0.00,Matchs
1288,Mathias Jensen,dk DEN,MT,Brentford,eng Premier League,26,1996,31.1,2.25,1.13,0.90,0.96,0.39,01.09,3.12,35.1,02.03,1.74,0.16,1.58,01.03,3.28,0.77,0.03,Matchs
1289,Moritz Jenz,de GER,DF,Schalke 04,de Bundesliga,23,1999,10.5,1.33,01.05,0.76,0.48,0.10,0.48,0.76,62.5,0.29,1.52,0.95,0.57,0.76,2.10,05.05,0.10,Matchs
1290,Jesé,es ESP,AT,Sampdoria,it Serie A,29,1993,2.3,0.87,0.00,0.00,0.87,0.00,0.00,0.43,0.0,0.43,1.30,0.43,0.87,0.43,1.30,0.87,0.00,Matchs
1291,Gabriel Jesus,br BRA,AT,Arsenal,eng Premier League,25,1997,22.9,1.44,01.09,0.70,0.35,0.39,0.66,1.35,48.4,0.70,1.18,0.13,01.05,0.48,1.92,0.66,0.04,Matchs
1292,Juan Jesus,br BRA,DF,Napoli,it Serie A,31,1991,10.4,1.54,01.06,0.87,0.58,0.10,0.87,1.15,75.0,0.29,1.73,01.06,0.67,0.96,2.50,2.79,0.00,Matchs
1293,Raúl Jiménez,mx MEX,AT,Wolves,eng Premier League,31,1991,9.4,0.96,0.64,0.32,0.53,0.11,0.32,0.64,50.0,0.32,0.96,0.00,0.96,0.00,0.96,0.85,0.00,Matchs
1294,Joaquín,es ESP,"MT,AT",Betis,es La Liga,41,1981,5.5,0.55,0.55,0.36,0.18,0.00,0.18,0.55,33.3,0.36,1.27,0.36,0.91,0.73,1.27,0.91,0.00,Matchs
1295,Joelinton,br BRA,"MT,AT",Newcastle Utd,eng Premier League,25,1996,29.6,2.36,1.66,1.22,0.88,0.27,0.88,02.09,41.9,1.22,1.76,0.24,1.52,1.62,3.99,1.32,0.00,Matchs
1296,Þórir Jóhann Helgason,is ISL,MT,Lecce,it Serie A,21,2000,2.5,0.80,0.80,0.40,0.00,0.40,0.80,1.20,66.7,0.40,1.20,0.40,0.80,1.20,2.00,1.20,0.00,Matchs
1297,Ben Johnson,eng ENG,DF,West Ham,eng Premier League,22,2000,9.6,02.08,1.46,1.25,0.42,0.42,1.25,1.88,66.7,0.63,1.25,0.42,0.83,0.94,03.02,2.92,0.10,Matchs
1298,Brennan Johnson,wls WAL,"AT,MT",Nott'ham Forest,eng Premier League,21,2001,32.6,01.04,0.61,0.55,0.25,0.25,0.25,0.86,28.6,0.61,0.92,0.03,0.89,0.15,1.20,0.21,0.03,Matchs
1299,Sam Johnstone,eng ENG,GB,Crystal Palace,eng Premier League,29,1993,9.0,0.00,0.00,0.00,0.00,0.00,0.00,0.00,,0.00,0.00,0.00,0.00,0.00,0.00,0.56,0.00,Matchs
1300,Paul Joly,fr FRA,DF,Auxerre,fr Ligue 1,22,2000,9.6,3.44,2.19,2.19,01.04,0.21,1.98,3.65,54.3,1.67,1.35,0.21,1.15,2.50,5.94,03.02,0.21,Matchs
Clt,Joueur,Nation,Pos,Équipe,Comp,Âge,Naissance,90,Tcl,TclR,ZDéf,MilTer,ZOff,Tcl,Att,Tcl%,Manqués,Balles contrées,Tirs,Passe,Int,Tcl+Int,Dég,Err,Matchs
1301,Curtis Jones,eng ENG,MT,Liverpool,eng Premier League,21,2001,11.5,2.96,1.48,0.70,01.04,1.22,1.57,2.70,58.1,1.13,01.04,0.17,0.87,0.26,3.22,0.78,0.00,Matchs
1302,Frenkie de Jong,nl NED,MT,Barcelona,es La Liga,25,1997,28.2,1.63,0.92,0.57,0.74,0.32,0.60,1.45,41.5,0.85,0.39,0.04,0.35,1.24,2.87,0.78,0.04,Matchs
1303,Joan Jordán,es ESP,MT,Sevilla,es La Liga,28,1994,17.7,1.81,0.96,0.73,0.96,0.11,0.90,2.15,42.1,1.24,0.79,0.40,0.40,0.90,2.71,0.79,0.11,Matchs
1304,Jorginho,it ITA,MT,Arsenal,eng Premier League,30,1991,9.5,1.89,1.37,0.63,01.05,0.21,0.53,2.53,20.8,2.00,0.74,0.21,0.53,0.95,2.84,0.84,0.00,Matchs
1305,Jorginho,it ITA,MT,Chelsea,eng Premier League,30,1991,14.2,2.96,1.62,1.55,0.99,0.42,1.55,3.24,47.8,1.69,1.27,0.21,01.06,1.48,4.44,0.49,0.00,Matchs
1306,Josan,es ESP,"DF,MT",Elche,es La Liga,32,1989,12.0,02.08,1.67,1.67,0.42,0.00,1.17,2.25,51.9,01.08,0.67,0.00,0.67,0.58,2.67,1.25,0.08,Matchs
1307,Willian José,br BRA,AT,Betis,es La Liga,30,1991,8.1,1.11,0.74,0.74,0.37,0.00,0.49,1.11,44.4,0.62,0.49,0.00,0.49,0.12,1.23,1.85,0.00,Matchs
1308,Joselu,es ESP,AT,Espanyol,es La Liga,32,1990,33.2,0.39,0.33,0.09,0.12,0.18,0.12,0.51,23.5,0.39,0.75,0.12,0.63,0.24,0.63,1.30,0.00,Matchs
1309,Mateo Joseph,eng ENG,"AT,MT",Leeds United,eng Premier League,18,2003,0.3,0.00,0.00,0.00,0.00,0.00,0.00,0.00,,0.00,3.33,0.00,3.33,0.00,0.00,3.33,0.00,Matchs
1310,Diogo Jota,pt POR,AT,Liverpool,eng Premier League,25,1996,12.6,1.83,1.19,0.63,0.63,0.56,0.95,2.94,32.4,1.98,0.40,0.00,0.40,0.24,02.06,0.87,0.00,Matchs
1311,Stevan Jovetić,me MNE,"AT,MT",Hertha BSC,de Bundesliga,32,1989,9.9,0.30,0.20,0.20,0.10,0.00,0.10,1.11,9.1,01.01,0.20,0.10,0.10,0.20,0.51,01.01,0.00,Matchs
1312,Luka Jović,rs SRB,"AT,MT",Fiorentina,it Serie A,24,1997,17.0,0.35,0.18,0.06,0.24,0.06,0.12,0.47,25.0,0.35,0.41,0.12,0.29,0.12,0.47,0.59,0.00,Matchs
1313,Juanmi,es ESP,AT,Betis,es La Liga,29,1993,10.3,1.36,0.97,0.39,0.68,0.29,0.68,03.01,22.6,2.33,0.97,0.00,0.97,0.39,1.75,0.39,0.00,Matchs
1314,Juanpe,es ESP,DF,Girona,es La Liga,31,1991,15.8,1.20,0.70,0.63,0.57,0.00,0.70,01.08,64.7,0.38,0.76,0.57,0.19,0.63,1.84,3.80,0.06,Matchs
1315,Jubal,br BRA,DF,Auxerre,fr Ligue 1,28,1993,35.7,1.15,0.73,0.81,0.31,0.03,0.53,01.06,50.0,0.53,1.60,0.95,0.64,1.48,2.63,5.41,0.00,Matchs
1316,Christopher Jullien,fr FRA,DF,Montpellier,fr Ligue 1,29,1993,29.9,1.54,0.94,0.97,0.47,0.10,0.94,1.71,54.9,0.77,1.17,0.60,0.57,1.44,2.98,3.81,0.03,Matchs
1317,Anthony Jung,de GER,"DF,AT",Werder Bremen,de Bundesliga,30,1991,29.1,1.58,0.93,0.65,0.69,0.24,01.07,1.99,53.4,0.93,01.03,0.21,0.82,0.76,2.34,2.16,0.00,Matchs
1318,Eli Junior Kroupi,fr FRA,"AT,MT",Lorient,fr Ligue 1,16,2006,0.1,0.00,0.00,0.00,0.00,0.00,0.00,10.0,0.0,10.0,0.00,0.00,0.00,10.0,10.0,0.00,0.00,Matchs
1319,Lago Junior,ci CIV,"AT,MT",Mallorca,es La Liga,31,1990,0.6,1.67,0.00,0.00,1.67,0.00,1.67,1.67,100.0,0.00,0.00,0.00,0.00,0.00,1.67,0.00,0.00,Matchs
1320,Hamed Junior Traorè,ci CIV,"AT,MT",Bournemouth,eng Premier League,22,2000,4.7,3.62,2.34,01.06,1.91,0.64,1.28,3.83,33.3,2.55,1.91,0.00,1.91,0.43,04.04,0.21,0.00,Matchs
1321,Hamed Junior Traorè,ci CIV,"MT,AT",Sassuolo,it Serie A,22,2000,6.6,1.67,0.91,0.61,0.91,0.15,0.61,1.67,36.4,01.06,0.61,0.00,0.61,0.30,1.97,0.00,0.15,Matchs
1322,Vinicius Júnior,br BRA,AT,Real Madrid,es La Liga,22,2000,31.4,0.96,0.67,0.32,0.38,0.25,0.45,1.24,35.9,0.80,0.76,0.03,0.73,0.19,1.15,0.03,0.00,Matchs
1323,Josip Juranović,hr CRO,DF,Union Berlin,de Bundesliga,26,1995,10.4,0.87,0.67,0.48,0.19,0.19,0.67,1.73,38.9,01.06,0.87,0.29,0.58,0.58,1.44,2.12,0.10,Matchs
1324,James Justin,eng ENG,DF,Leicester City,eng Premier League,24,1998,13.9,1.44,1.29,0.50,0.86,0.07,0.65,01.01,64.3,0.36,1.73,0.43,1.29,01.08,2.52,3.38,0.00,Matchs
1325,Filip Jørgensen,dk DEN,GB,Villarreal,es La Liga,20,2002,2.0,0.00,0.00,0.00,0.00,0.00,0.00,0.50,0.0,0.50,0.00,0.00,0.00,0.00,0.00,0.00,0.00,Matchs
Clt,Joueur,Nation,Pos,Équipe,Comp,Âge,Naissance,90,Tcl,TclR,ZDéf,MilTer,ZOff,Tcl,Att,Tcl%,Manqués,Balles contrées,Tirs,Passe,Int,Tcl+Int,Dég,Err,Matchs
1326,Mathias Jørgensen,dk DEN,DF,Brentford,eng Premier League,32,1990,12.3,1.38,0.65,0.73,0.65,0.00,0.73,1.71,42.9,0.98,1.54,0.98,0.57,1.30,2.68,3.17,0.08,Matchs
1327,Ozan Kabak,tr TUR,DF,Hoffenheim,de Bundesliga,22,2000,26.5,1.92,1.28,01.02,0.79,0.11,0.64,1.13,56.7,0.49,1.32,0.87,0.45,1.70,3.62,3.13,0.00,Matchs
1328,Issa Kaboré,bf BFA,DF,Marseille,fr Ligue 1,21,2001,11.4,2.89,1.67,0.88,1.58,0.44,1.84,2.81,65.6,0.96,0.96,0.09,0.88,01.05,3.95,1.84,0.09,Matchs
1329,Abdoul Kader Bamba,fr FRA,"AT,MT",Nantes,fr Ligue 1,28,1994,0.9,0.00,0.00,0.00,0.00,0.00,0.00,2.22,0.0,2.22,3.33,1.11,2.22,0.00,0.00,1.11,0.00,Matchs
1330,Pavel Kadeřábek,cz CZE,DF,Hoffenheim,de Bundesliga,30,1992,18.5,1.41,01.08,0.54,0.49,0.38,0.81,1.24,65.2,0.43,0.65,0.11,0.54,0.76,2.16,2.00,0.05,Matchs
1331,Tino Kadewere,zw ZIM,"AT,MT",Mallorca,es La Liga,26,1996,6.0,1.00,0.50,0.50,0.50,0.00,0.67,1.50,44.4,0.83,1.00,0.33,0.67,0.33,1.33,0.17,0.00,Matchs
1332,Kaiky,br BRA,DF,Almería,es La Liga,18,2004,6.5,0.77,0.77,0.77,0.00,0.00,0.46,01.08,42.9,0.62,2.77,1.54,1.23,1.69,2.46,4.31,0.00,Matchs
1333,Florian Kainz,at AUT,"MT,AT",Köln,de Bundesliga,29,1992,26.0,0.81,0.38,0.27,0.46,0.08,0.31,1.00,30.8,0.69,01.04,0.23,0.81,1.23,02.04,1.15,0.04,Matchs
1334,Gaël Kakuta,cd COD,AT,Lens,fr Ligue 1,31,1991,0.2,0.00,0.00,0.00,0.00,0.00,0.00,0.00,,0.00,0.00,0.00,0.00,0.00,0.00,5.00,0.00,Matchs
1335,Sasa Kalajdzic,at AUT,AT,Wolves,eng Premier League,25,1997,0.5,0.00,0.00,0.00,0.00,0.00,0.00,0.00,,0.00,0.00,0.00,0.00,2.00,2.00,0.00,0.00,Matchs
1336,Sasa Kalajdzic,at AUT,AT,Stuttgart,de Bundesliga,25,1997,2.6,1.15,0.77,0.00,0.38,0.77,0.38,1.15,33.3,0.77,0.38,0.00,0.38,0.00,1.15,0.00,0.00,Matchs
1337,Arnaud Kalimuendo,fr FRA,AT,Rennes,fr Ligue 1,20,2002,20.5,0.73,0.39,0.15,0.29,0.29,0.24,0.98,25.0,0.73,0.73,0.10,0.63,0.10,0.83,0.44,0.00,Matchs
1338,Yayah Kallon,sl SLE,"MT,AT",Hellas Verona,it Serie A,21,2001,9.6,1.46,01.04,0.52,0.42,0.52,0.73,1.25,58.3,0.52,01.04,0.00,01.04,0.83,2.29,0.52,0.00,Matchs
1339,Gedeon Kalulu,cd COD,DF,Lorient,fr Ligue 1,24,1997,27.1,2.36,1.25,1.59,0.52,0.26,1.11,1.77,62.5,0.66,1.18,0.11,01.07,01.03,3.39,2.92,0.07,Matchs
1340,Pierre Kalulu,fr FRA,DF,Milan,it Serie A,22,2000,28.3,02.01,1.38,1.17,0.74,0.11,0.99,1.48,66.7,0.49,1.45,0.60,0.85,1.45,3.46,1.98,0.04,Matchs
1341,Justin-Noël Kalumba,fr FRA,DF,Angers,fr Ligue 1,17,2004,6.1,1.48,0.82,0.82,0.33,0.33,0.82,2.62,31.3,1.80,0.66,0.16,0.49,0.66,2.13,0.82,0.00,Matchs
1342,Daichi Kamada,jp JPN,MT,Eint Frankfurt,de Bundesliga,25,1996,25.2,02.02,1.23,0.40,1.47,0.16,1.23,2.26,54.4,01.03,1.23,0.08,1.15,0.63,2.66,0.67,0.04,Matchs
1343,Waren Kamanzi,no NOR,DF,Toulouse,fr Ligue 1,21,2000,7.4,2.16,1.22,1.22,0.68,0.27,1.76,2.57,68.4,0.81,01.08,0.27,0.81,01.08,3.24,1.22,0.00,Matchs
1344,Bingourou Kamara,sn SEN,GB,Montpellier,fr Ligue 1,25,1996,4.5,0.00,0.00,0.00,0.00,0.00,0.00,0.00,,0.00,0.00,0.00,0.00,0.00,0.00,0.44,0.00,Matchs
1345,Boubacar Kamara,fr FRA,MT,Aston Villa,eng Premier League,22,1999,19.7,2.94,1.27,1.27,1.17,0.51,1.37,2.84,48.2,1.47,1.93,0.61,1.32,0.96,3.91,1.22,0.15,Matchs
1346,Jakub Kamiński,pl POL,"AT,DF",Wolfsburg,de Bundesliga,20,2002,22.9,1.57,01.09,0.66,0.57,0.35,0.87,1.75,50.0,0.87,1.62,0.09,1.53,0.35,1.92,0.66,0.00,Matchs
1347,Marcin Kamiński,pl POL,DF,Schalke 04,de Bundesliga,30,1992,7.0,0.86,0.57,0.57,0.00,0.29,0.29,0.57,50.0,0.29,1.14,1.00,0.14,1.29,2.14,4.00,0.00,Matchs
1348,Kevin Kampl,si SVN,MT,RB Leipzig,de Bundesliga,31,1990,15.2,1.38,0.72,0.39,0.92,0.07,0.39,1.78,22.2,1.38,1.71,0.59,1.12,1.45,2.83,0.72,0.00,Matchs
1349,Nordine Kandil,fr FRA,"MT,AT",Strasbourg,fr Ligue 1,20,2001,1.1,2.73,1.82,0.91,1.82,0.00,0.00,2.73,0.0,2.73,1.82,0.00,1.82,0.91,3.64,0.91,0.00,Matchs
1350,Harry Kane,eng ENG,AT,Tottenham,eng Premier League,29,1993,37.8,0.40,0.32,0.03,0.16,0.21,0.19,0.56,33.3,0.37,0.71,0.19,0.53,0.05,0.45,0.48,0.00,Matchs
Clt,Joueur,Nation,Pos,Équipe,Comp,Âge,Naissance,90,Tcl,TclR,ZDéf,MilTer,ZOff,Tcl,Att,Tcl%,Manqués,Balles contrées,Tirs,Passe,Int,Tcl+Int,Dég,Err,Matchs
1351,Lee Kang-in,kr KOR,"MT,AT",Mallorca,es La Liga,21,2001,31.4,1.34,0.76,0.32,0.70,0.32,0.57,1.94,29.5,1.37,0.80,0.06,0.73,0.35,1.69,0.22,0.00,Matchs
1352,Wilfried Kanga,ci CIV,AT,Hertha BSC,de Bundesliga,24,1998,15.7,0.32,0.25,0.13,0.06,0.13,0.13,0.25,50.0,0.13,0.89,0.19,0.70,0.13,0.45,0.83,0.00,Matchs
1353,N'Golo Kanté,fr FRA,MT,Chelsea,eng Premier League,31,1991,5.8,2.76,1.72,0.69,1.72,0.34,0.69,1.38,50.0,0.69,1.90,0.00,1.90,01.03,3.79,0.34,0.00,Matchs
1354,Kenan Karaman,tr TUR,AT,Schalke 04,de Bundesliga,28,1994,10.8,01.02,0.74,0.28,0.46,0.28,0.28,1.11,25.0,0.83,0.83,0.09,0.74,0.28,1.30,0.83,0.00,Matchs
1355,Yann Karamoh,fr FRA,"MT,AT",Torino,it Serie A,24,1998,8.0,0.63,0.25,0.38,0.25,0.00,0.13,0.63,20.0,0.50,0.63,0.00,0.63,0.00,0.63,0.25,0.13,Matchs
1356,Atakan Karazor,de GER,MT,Stuttgart,de Bundesliga,25,1996,21.8,2.25,1.38,0.83,1.15,0.28,1.10,2.16,51.1,01.06,1.79,0.50,1.28,1.42,3.67,02.02,0.00,Matchs
1357,Ayman Kari,fr FRA,"MT,DF",Lorient,fr Ligue 1,17,2004,1.1,0.00,0.00,0.00,0.00,0.00,0.00,0.00,,0.00,3.64,0.00,3.64,2.73,2.73,0.00,0.00,Matchs
1358,Jon Karrikaburu,es ESP,AT,Real Sociedad,es La Liga,19,2002,1.0,1.00,0.00,0.00,1.00,0.00,0.00,0.00,,0.00,2.00,0.00,2.00,0.00,1.00,0.00,0.00,Matchs
1359,Rick Karsdorp,nl NED,DF,Roma,it Serie A,27,1995,7.9,2.66,1.65,1.39,0.89,0.38,1.65,2.78,59.1,1.14,0.00,0.00,0.00,0.89,3.54,1.90,0.13,Matchs
1360,Denso Kasius,nl NED,DF,Bologna,it Serie A,19,2002,3.8,3.16,1.58,1.84,01.05,0.26,2.11,2.63,80.0,0.53,1.58,0.79,0.79,0.79,3.95,1.58,0.00,Matchs
1361,Thomas Kastanaras,gr GRE,"AT,DF",Stuttgart,de Bundesliga,19,2003,0.8,0.00,0.00,0.00,0.00,0.00,0.00,0.00,,0.00,1.25,0.00,1.25,0.00,0.00,0.00,0.00,Matchs
1362,Grigoris Kastanos,cy CYP,"MT,DF",Salernitana,it Serie A,24,1998,14.3,2.73,1.61,1.26,1.33,0.14,1.12,2.80,40.0,1.68,1.40,0.42,0.98,0.56,3.29,0.56,0.00,Matchs
1363,Silas Katompa,cd COD,"AT,MT",Stuttgart,de Bundesliga,23,1998,22.1,1.13,0.77,0.23,0.63,0.27,0.27,0.90,30.0,0.63,0.77,0.09,0.68,0.36,1.49,0.05,0.00,Matchs
1364,Moise Kean,it ITA,AT,Juventus,it Serie A,22,2000,11.1,0.72,0.54,0.18,0.45,0.09,0.27,0.63,42.9,0.36,0.36,0.00,0.36,0.45,1.17,0.18,0.00,Matchs
1365,Michael Keane,eng ENG,DF,Everton,eng Premier League,29,1993,10.9,0.64,0.37,0.46,0.18,0.00,0.46,0.73,62.5,0.28,1.10,0.64,0.46,1.28,1.93,05.05,0.09,Matchs
1366,Neeskens Kebano,cd COD,AT,Fulham,eng Premier League,30,1992,8.5,2.00,01.06,0.94,0.71,0.35,01.06,2.12,50.0,01.06,1.65,0.00,1.65,0.12,2.12,0.94,0.00,Matchs
1367,Kévin Keben Biakolo,cm CMR,DF,Toulouse,fr Ligue 1,18,2004,4.0,0.75,0.50,0.50,0.00,0.25,0.00,1.00,0.0,1.00,0.25,0.00,0.25,1.25,2.00,2.25,0.00,Matchs
1368,Thilo Kehrer,de GER,DF,West Ham,eng Premier League,25,1996,24.8,1.73,0.97,01.01,0.56,0.16,0.85,1.81,46.7,0.97,0.65,0.24,0.40,1.37,3.10,03.06,0.04,Matchs
1369,Check Keita,fr FRA,DF,Reims,fr Ligue 1,19,2003,7.6,1.58,1.18,1.18,0.39,0.00,0.53,1.18,44.4,0.66,0.79,0.66,0.13,0.66,2.24,3.16,0.13,Matchs
1370,Naby Keïta,gn GUI,MT,Liverpool,eng Premier League,27,1995,3.3,1.52,1.21,0.61,0.91,0.00,0.30,1.21,25.0,0.91,0.30,0.00,0.30,0.61,2.12,0.91,0.00,Matchs
1371,Yannik Keitel,de GER,MT,Freiburg,de Bundesliga,22,2000,7.6,1.45,0.92,0.53,0.79,0.13,0.39,0.66,60.0,0.26,0.79,0.39,0.39,1.71,3.16,01.05,0.00,Matchs
1372,Caoimhín Kelleher,ie IRL,GB,Liverpool,eng Premier League,23,1998,1.0,0.00,0.00,0.00,0.00,0.00,0.00,0.00,,0.00,0.00,0.00,0.00,0.00,0.00,0.00,0.00,Matchs
1373,Lloyd Kelly,eng ENG,DF,Bournemouth,eng Premier League,23,1998,22.7,1.45,0.79,01.01,0.40,0.04,0.57,0.84,68.4,0.26,1.15,0.66,0.48,1.15,2.60,4.45,0.04,Matchs
1374,Marc-Oliver Kempf,de GER,DF,Hertha BSC,de Bundesliga,27,1995,30.1,1.46,0.90,0.96,0.47,0.03,0.53,0.73,72.7,0.20,1.40,01.06,0.33,1.69,3.16,4.75,0.00,Matchs
1375,Kenedy,br BRA,"AT,DF",Valladolid,es La Liga,26,1996,3.1,1.94,0.65,0.97,0.97,0.00,0.65,1.29,50.0,0.65,0.65,0.00,0.65,0.32,2.26,0.00,0.00,Matchs
Clt,Joueur,Nation,Pos,Équipe,Comp,Âge,Naissance,90,Tcl,TclR,ZDéf,MilTer,ZOff,Tcl,Att,Tcl%,Manqués,Balles contrées,Tirs,Passe,Int,Tcl+Int,Dég,Err,Matchs
1376,Jonjoe Kenny,eng ENG,DF,Hertha BSC,de Bundesliga,25,1997,24.9,1.85,1.37,01.08,0.64,0.12,0.96,1.69,57.1,0.72,1.53,0.36,1.16,1.85,3.69,2.97,0.00,Matchs
1377,Franck Kessié,ci CIV,MT,Barcelona,es La Liga,25,1996,11.0,1.36,0.82,0.55,0.55,0.27,0.73,1.64,44.4,0.91,0.91,0.18,0.73,01.09,2.45,1.00,0.18,Matchs
1378,Saîf-Eddine Khaoui,tn TUN,MT,Clermont Foot,fr Ligue 1,27,1995,22.5,02.09,1.24,0.62,1.11,0.36,0.67,02.09,31.9,1.42,0.76,0.09,0.67,1.47,3.56,0.36,0.00,Matchs
1379,Wahbi Khazri,tn TUN,"AT,MT",Montpellier,fr Ligue 1,31,1991,18.2,1.43,0.71,0.71,0.38,0.33,0.33,1.37,24.0,01.04,0.93,0.05,0.88,0.49,1.92,1.10,0.00,Matchs
1380,Rani Khedira,de GER,MT,Union Berlin,de Bundesliga,28,1994,32.0,1.88,01.03,0.66,1.00,0.22,0.78,1.56,50.0,0.78,01.03,0.31,0.72,1.25,3.13,01.03,0.00,Matchs
1381,Anthony Khelifa,fr FRA,DF,Ajaccio,fr Ligue 1,16,2005,0.1,0.00,0.00,0.00,0.00,0.00,0.00,0.00,,0.00,0.00,0.00,0.00,0.00,0.00,0.00,0.00,Matchs
1382,Kiké,es ESP,AT,Osasuna,es La Liga,32,1989,11.3,0.53,0.27,0.00,0.35,0.18,0.18,0.44,40.0,0.27,0.53,0.09,0.44,0.09,0.62,1.15,0.00,Matchs
1383,Luca Kilian,de GER,DF,Köln,de Bundesliga,22,1999,12.5,1.76,1.28,1.12,0.56,0.08,0.96,1.68,57.1,0.72,1.28,0.64,0.64,0.88,2.64,3.84,0.00,Matchs
1384,Max Kilman,eng ENG,DF,Wolves,eng Premier League,25,1997,36.7,0.98,0.54,0.71,0.25,0.03,0.44,0.82,53.3,0.38,1.91,1.14,0.76,0.52,1.50,4.47,0.03,Matchs
1385,Joshua Kimmich,de GER,MT,Bayern Munich,de Bundesliga,27,1995,31.2,2.50,1.57,0.77,1.47,0.26,1.22,2.31,52.8,01.09,1.15,0.22,0.93,1.31,3.81,1.25,0.06,Matchs
1386,Presnel Kimpembe,fr FRA,DF,Paris S-G,fr Ligue 1,26,1995,8.1,2.10,0.99,1.11,0.74,0.25,1.11,1.60,69.2,0.49,1.48,0.86,0.62,1.60,3.70,1.11,0.12,Matchs
1387,Jakub Kiwior,pl POL,DF,Arsenal,eng Premier League,22,2000,4.7,1.49,01.06,1.28,0.21,0.00,01.06,1.70,62.5,0.64,01.06,0.64,0.43,1.28,2.77,2.13,0.00,Matchs
1388,Jakub Kiwior,pl POL,DF,Spezia,it Serie A,22,2000,16.0,1.38,01.06,0.94,0.44,0.00,0.38,1.50,25.0,1.13,1.63,1.13,0.50,1.50,2.88,4.44,0.06,Matchs
1389,Simon Kjær,dk DEN,DF,Milan,it Serie A,33,1989,11.2,1.34,0.71,0.80,0.54,0.00,0.63,0.98,63.6,0.36,1.25,0.98,0.27,0.80,2.14,3.13,0.09,Matchs
1390,Pascal Klemens,de GER,DF,Hertha BSC,de Bundesliga,17,2005,1.0,0.00,0.00,0.00,0.00,0.00,0.00,1.00,0.0,1.00,1.00,0.00,1.00,1.00,1.00,3.00,0.00,Matchs
1391,Mateusz Klich,pl POL,"MT,AT",Leeds United,eng Premier League,32,1990,3.1,3.87,2.58,0.97,1.29,1.61,2.26,4.19,53.8,1.94,1.29,0.00,1.29,0.00,3.87,0.32,0.00,Matchs
1392,Lukas Klostermann,de GER,DF,RB Leipzig,de Bundesliga,26,1996,10.1,1.58,0.79,0.69,0.89,0.00,0.79,1.49,53.3,0.69,0.59,0.30,0.30,1.29,2.87,03.07,0.00,Matchs
1393,Justin Kluivert,nl NED,"AT,MT",Valencia,es La Liga,23,1999,16.1,01.06,0.87,0.43,0.25,0.37,0.37,0.75,50.0,0.37,0.25,0.00,0.25,0.43,1.49,0.25,0.00,Matchs
1394,Ansgar Knauff,de GER,DF,Eint Frankfurt,de Bundesliga,20,2002,14.3,2.52,1.75,1.54,0.77,0.21,01.05,2.38,44.1,1.33,1.33,0.07,1.26,01.05,3.57,1.82,0.00,Matchs
1395,Robin Knoche,de GER,DF,Union Berlin,de Bundesliga,30,1992,31.9,1.41,0.91,0.91,0.38,0.13,0.75,1.47,51.1,0.72,1.10,0.56,0.53,1.19,2.60,4.39,0.00,Matchs
1396,Gregor Kobel,ch SUI,GB,Dortmund,de Bundesliga,24,1997,27.0,0.00,0.00,0.00,0.00,0.00,0.00,0.04,0.0,0.04,0.04,0.00,0.04,0.00,0.00,0.26,0.07,Matchs
1397,Robin Koch,de GER,DF,Leeds United,eng Premier League,26,1996,35.3,1.50,0.85,0.91,0.45,0.14,0.68,1.59,42.9,0.91,1.25,0.59,0.65,1.22,2.72,4.31,0.03,Matchs
1398,Samuel Koeberlé,fr FRA,MT,Reims,fr Ligue 1,17,2004,0.0,0,0,0,0,0,0,0,,0,0,0,0,0,0,0,0,Matchs
1399,Rudy Kohon,fr FRA,DF,Troyes,fr Ligue 1,18,2004,0.7,5.71,4.29,5.71,0.00,0.00,2.86,2.86,100.0,0.00,1.43,0.00,1.43,1.43,7.14,2.86,0.00,Matchs
1400,Dominik Kohr,de GER,MT,Mainz 05,de Bundesliga,28,1994,25.5,2.31,1.29,0.90,1.22,0.20,1.14,2.39,47.5,1.25,1.80,0.35,1.45,1.33,3.65,01.02,0.04,Matchs
Clt,Joueur,Nation,Pos,Équipe,Comp,Âge,Naissance,90,Tcl,TclR,ZDéf,MilTer,ZOff,Tcl,Att,Tcl%,Manqués,Balles contrées,Tirs,Passe,Int,Tcl+Int,Dég,Err,Matchs
1401,Koke,es ESP,MT,Atlético Madrid,es La Liga,30,1992,28.3,1.94,1.34,0.81,0.88,0.25,0.99,2.54,38.9,1.55,1.24,0.46,0.78,0.71,2.65,0.67,0.00,Matchs
1402,Sead Kolašinac,ba BIH,DF,Marseille,fr Ligue 1,29,1993,24.6,2.11,1.46,0.98,0.89,0.24,0.98,1.50,64.9,0.53,0.77,0.08,0.69,1.75,3.86,1.42,0.04,Matchs
1403,Luca Koleosho,it ITA,"AT,DF",Espanyol,es La Liga,17,2004,0.7,2.86,2.86,0.00,0.00,2.86,1.43,2.86,50.0,1.43,1.43,0.00,1.43,0.00,2.86,0.00,0.00,Matchs
1404,Randal Kolo Muani,fr FRA,AT,Eint Frankfurt,de Bundesliga,23,1998,29.2,0.48,0.34,0.10,0.10,0.27,0.03,0.31,11.1,0.27,0.65,0.07,0.58,0.10,0.58,0.45,0.00,Matchs
1405,Timothée Kolodziejczak,fr FRA,DF,Schalke 04,de Bundesliga,30,1991,0.3,0.00,0.00,0.00,0.00,0.00,0.00,3.33,0.0,3.33,0.00,0.00,0.00,3.33,3.33,3.33,0.00,Matchs
1406,Cheick Konaté,ci CIV,DF,Clermont Foot,fr Ligue 1,18,2004,6.4,2.97,1.88,1.56,01.09,0.31,02.03,3.44,59.1,1.41,01.09,0.16,0.94,02.03,5.00,1.25,0.16,Matchs
1407,Ibrahima Konaté,fr FRA,DF,Liverpool,eng Premier League,23,1999,17.2,2.21,1.51,1.45,0.76,0.00,0.93,1.57,59.3,0.64,0.70,0.29,0.41,1.51,3.72,3.55,0.23,Matchs
1408,Geoffrey Kondogbia,cf CTA,MT,Atlético Madrid,es La Liga,29,1993,11.2,3.57,02.05,1.70,1.79,0.09,1.52,2.23,68.0,0.71,0.80,0.09,0.71,2.32,5.89,01.07,0.09,Matchs
1409,Ibrahima Koné,ml MLI,AT,Lorient,fr Ligue 1,23,1999,17.5,1.37,0.74,0.17,0.74,0.46,0.29,0.63,45.5,0.34,0.74,0.00,0.74,0.23,1.60,01.03,0.00,Matchs
1410,Kouadio Koné,fr FRA,MT,M'Gladbach,de Bundesliga,21,2001,29.0,2.55,1.34,1.28,1.14,0.14,0.83,1.62,51.1,0.79,1.52,0.41,1.10,1.10,3.66,0.72,0.00,Matchs
1411,Youssouf Koné,ml MLI,DF,Ajaccio,fr Ligue 1,27,1995,10.2,2.75,1.86,2.35,0.39,0.00,1.76,2.45,72.0,0.69,0.88,0.20,0.69,1.18,3.92,3.14,0.10,Matchs
1412,Ezri Konsa,eng ENG,DF,Aston Villa,eng Premier League,24,1997,36.9,1.14,0.54,0.68,0.41,0.05,0.49,0.70,69.2,0.22,1.11,0.62,0.49,0.70,1.84,3.25,0.08,Matchs
1413,Teun Koopmeiners,nl NED,MT,Atalanta,it Serie A,24,1998,31.8,1.45,0.82,0.47,0.75,0.22,0.88,1.73,50.9,0.85,1.29,0.16,1.13,0.60,02.04,1.13,0.06,Matchs
1414,Odilon Kossonou,ci CIV,DF,Leverkusen,de Bundesliga,21,2001,16.9,1.24,0.83,0.71,0.41,0.12,0.47,0.95,50.0,0.47,1.54,0.65,0.89,1.42,2.66,3.43,0.06,Matchs
1415,Filip Kostić,rs SRB,"DF,AT",Juventus,it Serie A,29,1992,28.5,1.44,0.91,0.60,0.70,0.14,0.74,1.65,44.7,0.91,01.05,0.14,0.91,0.56,2.00,1.12,0.00,Matchs
1416,Filip Kostić,rs SRB,"DF,MT",Eint Frankfurt,de Bundesliga,29,1992,0.8,2.50,0.00,1.25,1.25,0.00,0.00,0.00,,0.00,0.00,0.00,0.00,1.25,3.75,0.00,0.00,Matchs
1417,Christian Kouamé,ci CIV,AT,Fiorentina,it Serie A,24,1997,20.7,1.30,0.87,0.39,0.48,0.43,0.34,0.68,50.0,0.34,0.72,0.14,0.58,0.58,1.88,0.39,0.00,Matchs
1418,Rominigue Kouamé,ml MLI,MT,Troyes,fr Ligue 1,25,1996,29.6,1.49,0.91,0.95,0.47,0.07,0.57,1.39,41.5,0.81,01.08,0.37,0.71,1.66,3.14,1.55,0.03,Matchs
1419,Tomáš Koubek,cz CZE,GB,Augsburg,de Bundesliga,29,1992,11.0,0.00,0.00,0.00,0.00,0.00,0.00,0.00,,0.00,0.00,0.00,0.00,0.00,0.00,0.64,0.00,Matchs
1420,Kalidou Koulibaly,sn SEN,DF,Chelsea,eng Premier League,31,1991,20.0,2.25,1.55,1.70,0.40,0.15,1.30,2.00,65.0,0.70,1.50,0.65,0.85,1.45,3.70,3.85,0.00,Matchs
1421,Jules Koundé,fr FRA,DF,Barcelona,es La Liga,23,1998,27.0,1.37,0.85,0.67,0.48,0.22,0.78,1.15,67.7,0.37,0.89,0.33,0.56,0.70,02.07,2.26,0.11,Matchs
1422,Boubakar Kouyaté,ml MLI,DF,Montpellier,fr Ligue 1,25,1997,14.0,2.21,1.29,1.29,0.79,0.14,1.36,2.50,54.3,1.14,1.71,1.00,0.71,2.43,4.64,5.21,0.07,Matchs
1423,Cheikhou Kouyaté,sn SEN,MT,Nott'ham Forest,eng Premier League,32,1989,9.8,2.96,2.14,1.84,0.82,0.31,0.92,1.33,69.2,0.41,1.43,0.20,1.22,01.02,3.98,2.45,0.00,Matchs
1424,Mateo Kovačić,hr CRO,MT,Chelsea,eng Premier League,28,1994,19.0,1.89,1.26,0.84,0.74,0.32,0.74,1.89,38.9,1.16,0.53,0.05,0.47,1.00,2.89,0.84,0.00,Matchs
1425,Viktor Kovalenko,ua UKR,MT,Spezia,it Serie A,26,1996,6.1,1.48,0.82,0.16,0.98,0.33,0.82,1.31,62.5,0.49,1.80,0.33,1.48,0.66,2.13,1.15,0.00,Matchs
Clt,Joueur,Nation,Pos,Équipe,Comp,Âge,Naissance,90,Tcl,TclR,ZDéf,MilTer,ZOff,Tcl,Att,Tcl%,Manqués,Balles contrées,Tirs,Passe,Int,Tcl+Int,Dég,Err,Matchs
1426,Soichiro Kozuki,jp JPN,"AT,MT",Schalke 04,de Bundesliga,21,2000,4.2,1.43,0.95,0.71,0.71,0.00,0.95,1.43,66.7,0.48,1.19,0.00,1.19,0.71,2.14,0.71,0.00,Matchs
1427,Emil Krafth,se SWE,DF,Newcastle Utd,eng Premier League,27,1994,0.0,0,0,0,0,0,0,0,,0,0,0,0,0,0,0,0,Matchs
1428,Alex Král,cz CZE,MT,Schalke 04,de Bundesliga,24,1998,26.2,1.30,0.92,0.38,0.84,0.08,0.65,1.41,45.9,0.76,1.18,0.23,0.95,0.65,1.95,02.02,0.00,Matchs
1429,Andrej Kramarić,hr CRO,"MT,AT",Hoffenheim,de Bundesliga,31,1991,26.5,0.19,0.08,0.08,0.04,0.08,0.04,0.42,9.1,0.38,0.53,0.08,0.45,0.23,0.42,0.49,0.00,Matchs
1430,Christoph Kramer,de GER,MT,M'Gladbach,de Bundesliga,31,1991,24.7,1.78,1.34,0.97,0.61,0.20,0.89,2.23,40.0,1.34,1.38,0.08,1.30,0.69,2.47,1.62,0.00,Matchs
1431,Tom Krauß,de GER,MT,Schalke 04,de Bundesliga,21,2001,27.9,04.01,2.44,1.40,2.22,0.39,1.83,3.58,51.0,1.76,1.40,0.22,1.18,1.29,5.30,1.25,0.00,Matchs
1432,Julian Kristoffersen,no NOR,AT,Salernitana,it Serie A,25,1997,0.2,0.00,0.00,0.00,0.00,0.00,0.00,0.00,,0.00,5.00,0.00,5.00,0.00,0.00,0.00,0.00,Matchs
1433,Raimonds Krollis,lv LVA,"AT,DF",Spezia,it Serie A,20,2001,0.4,2.50,2.50,0.00,0.00,2.50,0.00,2.50,0.0,2.50,0.00,0.00,0.00,0.00,2.50,0.00,0.00,Matchs
1434,Toni Kroos,de GER,MT,Real Madrid,es La Liga,32,1990,23.9,2.13,1.34,0.67,1.38,0.08,0.96,2.89,33.3,1.92,0.96,0.17,0.79,1.00,3.14,0.46,0.00,Matchs
1435,Rade Krunić,ba BIH,MT,Milan,it Serie A,28,1993,18.4,2.17,1.52,0.98,0.98,0.22,0.87,2.72,32.0,1.85,1.68,0.60,01.09,0.87,03.04,1.14,0.00,Matchs
1436,Max Kruse,de GER,"MT,AT",Wolfsburg,de Bundesliga,34,1988,3.0,0.33,0.33,0.00,0.33,0.00,0.00,0.33,0.0,0.33,0.67,0.33,0.33,0.00,0.33,0.33,0.00,Matchs
1437,Lukas Kübler,de GER,DF,Freiburg,de Bundesliga,29,1992,18.2,02.03,1.37,1.32,0.49,0.22,0.99,1.65,60.0,0.66,1.37,0.60,0.77,1.59,3.63,2.75,0.00,Matchs
1438,Takefusa Kubo,jp JPN,"AT,MT",Real Sociedad,es La Liga,21,2001,27.1,1.62,0.96,0.66,0.59,0.37,0.59,1.40,42.1,0.81,01.07,0.04,01.03,0.33,1.96,0.15,0.00,Matchs
1439,Dejan Kulusevski,se SWE,"MT,AT",Tottenham,eng Premier League,22,2000,23.0,1.65,0.65,1.00,0.30,0.35,0.70,1.91,36.4,1.22,0.83,0.00,0.83,0.57,2.22,0.30,0.00,Matchs
1440,Sael Kumbedi,fr FRA,DF,Lyon,fr Ligue 1,17,2005,14.7,3.20,1.84,1.84,0.88,0.48,1.36,2.59,52.6,1.22,1.56,0.48,01.09,0.68,3.88,01.09,0.00,Matchs
1441,Marash Kumbulla,al ALB,DF,Roma,it Serie A,22,2000,2.9,1.38,1.38,0.69,0.69,0.00,0.69,01.03,66.7,0.34,0.69,0.34,0.34,1.38,2.76,02.07,0.00,Matchs
1442,Pierre Kunde,cm CMR,"MT,AT",Bochum,de Bundesliga,27,1995,4.2,2.86,1.43,0.71,1.90,0.24,1.43,3.33,42.9,1.90,1.67,0.24,1.43,1.67,4.52,2.14,0.00,Matchs
1443,Alou Kuol,au AUS,AT,Stuttgart,de Bundesliga,21,2000,0.1,0.00,0.00,0.00,0.00,0.00,0.00,0.00,,0.00,0.00,0.00,0.00,0.00,0.00,0.00,0.00,Matchs
1444,Layvin Kurzawa,fr FRA,DF,Fulham,eng Premier League,29,1992,1.5,2.00,1.33,0.67,0.67,0.67,2.00,2.00,100.0,0.00,0.67,0.67,0.00,1.33,3.33,2.67,0.00,Matchs
1445,Khvicha Kvaratskhelia,ge GEO,AT,Napoli,it Serie A,21,2001,28.0,1.54,0.82,0.43,0.29,0.82,0.61,1.54,39.5,0.93,0.71,0.00,0.71,0.18,1.71,0.21,0.04,Matchs
1446,Grejohn Kyei,fr FRA,AT,Clermont Foot,fr Ligue 1,26,1995,24.8,0.65,0.28,0.08,0.36,0.20,0.16,0.52,30.8,0.36,0.56,0.12,0.44,0.24,0.89,0.89,0.00,Matchs
1447,Daniel Kyereh,gh GHA,"MT,AT",Freiburg,de Bundesliga,26,1996,6.2,0.97,0.65,0.32,0.65,0.00,0.48,0.97,50.0,0.48,0.65,0.00,0.65,0.32,1.29,0.97,0.00,Matchs
1448,Giorgos Kyriakopoulos,gr GRE,"DF,AT",Bologna,it Serie A,26,1996,7.8,1.67,0.77,0.51,0.64,0.51,1.28,2.95,43.5,1.67,1.79,0.26,1.54,0.51,2.18,1.28,0.00,Matchs
1449,Giorgos Kyriakopoulos,gr GRE,"AT,DF",Sassuolo,it Serie A,26,1996,8.5,2.47,0.94,0.82,01.06,0.59,1.18,1.65,71.4,0.47,0.82,0.12,0.71,1.29,3.76,1.41,0.12,Matchs
1450,César de la Hoz,es ESP,MT,Almería,es La Liga,30,1992,18.6,1.99,01.08,0.91,0.97,0.11,01.02,1.99,51.4,0.97,1.40,0.32,01.08,0.70,2.69,1.99,0.00,Matchs
Clt,Joueur,Nation,Pos,Équipe,Comp,Âge,Naissance,90,Tcl,TclR,ZDéf,MilTer,ZOff,Tcl,Att,Tcl%,Manqués,Balles contrées,Tirs,Passe,Int,Tcl+Int,Dég,Err,Matchs
1451,Luca de la Torre,us USA,MT,Celta Vigo,es La Liga,24,1998,16.5,1.70,1.15,0.67,0.85,0.18,0.73,1.94,37.5,1.21,1.33,0.06,1.27,0.55,2.24,0.36,0.00,Matchs
1452,Rémy Labeau Lascary,gp GLP,"AT,MT",Lens,fr Ligue 1,19,2003,1.4,2.86,1.43,2.86,0.00,0.00,0.00,0.00,,0.00,2.86,0.00,2.86,0.71,3.57,0.00,0.00,Matchs
1453,Gaëtan Laborde,fr FRA,AT,Nice,fr Ligue 1,28,1994,27.8,1.62,0.90,0.47,0.61,0.54,0.65,1.44,45.0,0.79,0.97,0.07,0.90,0.32,1.94,0.47,0.00,Matchs
1454,Gaëtan Laborde,fr FRA,AT,Rennes,fr Ligue 1,28,1994,2.8,0.36,0.36,0.36,0.00,0.00,0.00,0.36,0.0,0.36,0.36,0.00,0.36,0.00,0.36,0.36,0.00,Matchs
1455,Alexandre Lacazette,fr FRA,AT,Lyon,fr Ligue 1,31,1991,32.5,1.32,0.71,0.22,0.52,0.58,0.31,0.89,34.5,0.58,0.71,0.09,0.62,0.46,1.78,0.12,0.00,Matchs
1456,Qazim Laçi,al ALB,MT,Ajaccio,fr Ligue 1,26,1996,2.4,2.50,1.25,0.83,1.25,0.42,1.67,3.75,44.4,02.08,02.08,0.00,02.08,0.83,3.33,1.25,0.00,Matchs
1457,Maxence Lacroix,fr FRA,DF,Wolfsburg,de Bundesliga,22,2000,18.1,1.22,0.72,0.83,0.39,0.00,0.44,0.88,50.0,0.44,1.22,0.61,0.61,1.44,2.65,4.70,0.00,Matchs
1458,Alban Lafont,fr FRA,GB,Nantes,fr Ligue 1,23,1999,37.0,0.00,0.00,0.00,0.00,0.00,0.00,0.03,0.0,0.03,0.00,0.00,0.00,0.00,0.00,0.54,0.11,Matchs
1459,Aïssa Laïdouni,tn TUN,MT,Union Berlin,de Bundesliga,25,1996,9.7,1.44,0.72,0.62,0.82,0.00,0.52,1.75,29.4,1.24,2.27,0.41,1.86,0.93,2.37,0.31,0.00,Matchs
1460,Konrad Laimer,at AUT,MT,RB Leipzig,de Bundesliga,25,1997,16.3,3.68,1.90,1.41,1.84,0.43,1.84,3.31,55.6,1.47,1.90,0.25,1.66,1.10,4.79,0.49,0.00,Matchs
1461,Stefan Lainer,at AUT,DF,M'Gladbach,de Bundesliga,29,1992,9.1,1.76,0.88,1.10,0.55,0.11,1.10,2.53,43.5,1.43,0.88,0.11,0.77,1.54,3.30,3.74,0.11,Matchs
1462,Kenny Lala,fr FRA,DF,Brest,fr Ligue 1,30,1991,15.7,2.29,1.21,1.21,0.96,0.13,1.40,2.42,57.9,01.02,0.96,0.32,0.64,1.34,3.63,1.78,0.00,Matchs
1463,Adam Lallana,eng ENG,"MT,AT",Brighton,eng Premier League,34,1988,8.0,1.13,0.50,0.75,0.25,0.13,0.00,0.88,0.0,0.88,0.75,0.00,0.75,0.25,1.38,0.13,0.00,Matchs
1464,Vassilis Lambropoulos,gr GRE,DF,Bochum,de Bundesliga,32,1990,7.0,1.43,1.14,1.00,0.43,0.00,0.86,1.29,66.7,0.43,0.71,0.43,0.29,1.86,3.29,5.86,0.00,Matchs
1465,Érik Lamela,ar ARG,"AT,MT",Sevilla,es La Liga,30,1992,20.5,2.24,1.32,0.68,0.78,0.78,0.59,1.66,35.3,01.07,1.27,0.10,1.17,0.34,2.59,0.15,0.00,Matchs
1466,Mohamed Lamine Bayo,gn GUI,"AT,MT",Lille,fr Ligue 1,24,1998,7.2,0.42,0.42,0.00,0.28,0.14,0.00,1.67,0.0,1.67,0.42,0.14,0.28,0.00,0.42,0.14,0.00,Matchs
1467,Sam Lammers,nl NED,AT,Sampdoria,it Serie A,25,1997,12.2,0.98,0.41,0.16,0.57,0.25,0.49,1.23,40.0,0.74,0.82,0.25,0.57,0.49,1.48,0.90,0.00,Matchs
1468,Sam Lammers,nl NED,AT,Empoli,it Serie A,25,1997,9.8,02.04,01.02,0.51,0.92,0.61,0.71,1.12,63.6,0.41,0.41,0.10,0.31,0.31,2.35,0.82,0.00,Matchs
1469,Tariq Lamptey,gh GHA,DF,Brighton,eng Premier League,21,2000,5.0,2.20,1.20,1.20,0.80,0.20,1.00,1.40,71.4,0.40,1.40,0.60,0.80,1.40,3.60,0.40,0.00,Matchs
1470,Manuel Lanzini,ar ARG,"MT,AT",West Ham,eng Premier League,29,1993,2.8,0.71,0.71,0.36,0.36,0.00,0.71,2.14,33.3,1.43,0.71,0.00,0.71,0.71,1.43,0.00,0.00,Matchs
1471,Aymeric Laporte,es ESP,DF,Manchester City,eng Premier League,28,1994,11.0,1.00,0.73,0.55,0.36,0.09,0.64,1.00,63.6,0.36,0.91,0.36,0.55,0.27,1.27,2.73,0.09,Matchs
1472,Julien Laporte,fr FRA,DF,Lorient,fr Ligue 1,28,1993,18.4,1.20,0.87,0.98,0.16,0.05,0.87,1.20,72.7,0.33,1.79,1.47,0.33,0.98,2.17,5.87,0.11,Matchs
1473,Cyle Larin,ca CAN,AT,Valladolid,es La Liga,27,1995,16.3,0.55,0.18,0.12,0.25,0.18,0.18,0.43,42.9,0.25,0.37,0.18,0.18,0.00,0.55,0.92,0.00,Matchs
1474,Juan Larios,es ESP,DF,Southampton,eng Premier League,18,2004,1.7,4.12,3.53,3.53,0.59,0.00,2.94,2.94,100.0,0.00,1.18,0.00,1.18,1.76,5.88,2.35,0.00,Matchs
1475,Yasser Larouci,dz ALG,"DF,MT",Troyes,fr Ligue 1,21,2001,20.0,1.15,0.65,0.65,0.40,0.10,0.75,1.20,62.5,0.45,0.75,0.05,0.70,1.30,2.45,2.30,0.00,Matchs
Clt,Joueur,Nation,Pos,Équipe,Comp,Âge,Naissance,90,Tcl,TclR,ZDéf,MilTer,ZOff,Tcl,Att,Tcl%,Manqués,Balles contrées,Tirs,Passe,Int,Tcl+Int,Dég,Err,Matchs
1476,Jordan Larsson,se SWE,"AT,MT",Schalke 04,de Bundesliga,25,1997,5.1,1.57,0.98,0.20,1.37,0.00,0.39,1.76,22.2,1.37,1.76,0.00,1.76,0.78,2.35,0.59,0.00,Matchs
1477,Kevin Lasagna,it ITA,"AT,MT",Hellas Verona,it Serie A,29,1992,17.5,0.69,0.34,0.40,0.17,0.11,0.34,0.80,42.9,0.46,0.97,0.06,0.91,0.29,0.97,0.74,0.00,Matchs
1478,Jamaal Lascelles,eng ENG,DF,Newcastle Utd,eng Premier League,28,1993,2.4,0.42,0.00,0.42,0.00,0.00,0.42,0.42,100.0,0.00,1.25,0.83,0.42,0.00,0.42,07.08,0.00,Matchs
1479,Juanmi Latasa,es ESP,AT,Getafe,es La Liga,21,2001,5.0,1.00,0.80,0.40,0.00,0.60,0.20,0.20,100.0,0.00,0.60,0.20,0.40,0.20,1.20,1.60,0.00,Matchs
1480,Toni Lato,es ESP,"DF,MT",Valencia,es La Liga,24,1997,10.2,2.25,01.08,0.88,1.18,0.20,0.88,02.06,42.9,1.18,0.98,0.10,0.88,0.59,2.84,1.37,0.00,Matchs
1481,Danny Latza,de GER,MT,Schalke 04,de Bundesliga,32,1989,9.5,1.79,1.37,0.84,0.84,0.11,0.53,1.79,29.4,1.26,1.68,0.11,1.58,0.53,2.32,1.58,0.00,Matchs
1482,Armand Lauriente,fr FRA,AT,Sassuolo,it Serie A,23,1998,24.2,0.87,0.62,0.21,0.29,0.37,0.33,0.87,38.1,0.54,0.83,0.00,0.83,0.50,1.36,0.33,0.00,Matchs
1483,Armand Lauriente,fr FRA,AT,Lorient,fr Ligue 1,23,1998,3.0,2.67,2.33,1.00,1.33,0.33,1.00,2.33,42.9,1.33,1.67,0.33,1.33,1.33,4.00,0.33,0.00,Matchs
1484,Roméo Lavia,be BEL,MT,Southampton,eng Premier League,18,2004,24.7,2.43,1.42,01.09,1.17,0.16,0.85,2.15,39.6,1.30,1.90,0.45,1.46,1.34,3.77,0.93,0.04,Matchs
1485,Lázaro,br BRA,"AT,MT",Almería,es La Liga,20,2002,8.0,0.50,0.38,0.38,0.00,0.13,0.38,1.88,20.0,1.50,2.00,0.13,1.88,0.25,0.75,0.13,0.00,Matchs
1486,Valentino Lazaro,at AUT,DF,Torino,it Serie A,26,1996,15.3,0.65,0.33,0.39,0.00,0.26,0.39,0.92,42.9,0.52,01.05,0.20,0.85,0.20,0.85,1.90,0.00,Matchs
1487,Marko Lazetić,rs SRB,AT,Milan,it Serie A,18,2004,0.1,0.00,0.00,0.00,0.00,0.00,0.00,0.00,,0.00,0.00,0.00,0.00,0.00,0.00,0.00,0.00,Matchs
1488,Darko Lazović,rs SRB,"MT,DF",Hellas Verona,it Serie A,31,1990,24.9,0.96,0.52,0.36,0.48,0.12,0.52,1.16,44.8,0.64,0.56,0.12,0.44,0.64,1.61,0.76,0.00,Matchs
1489,Manuel Lazzari,it ITA,DF,Lazio,it Serie A,28,1993,20.9,1.58,1.00,0.62,0.67,0.29,1.00,1.72,58.3,0.72,0.96,0.29,0.67,0.86,2.44,1.72,0.05,Matchs
1490,Théo Le Bris,fr FRA,"MT,DF",Lorient,fr Ligue 1,19,2002,16.1,1.93,1.18,01.06,0.68,0.19,0.93,02.05,45.5,1.12,1.30,0.12,1.18,1.12,03.04,1.93,0.00,Matchs
1491,Julien Le Cardinal,fr FRA,DF,Lens,fr Ligue 1,24,1997,1.8,3.33,2.22,2.78,0.00,0.56,2.22,3.33,66.7,1.11,1.67,0.00,1.67,1.11,4.44,2.78,0.00,Matchs
1492,Jérémy Le Douaron,fr FRA,"MT,AT",Brest,fr Ligue 1,24,1998,23.0,0.65,0.39,0.22,0.39,0.04,0.13,1.17,11.1,01.04,1.26,0.09,1.17,0.48,1.13,1.30,0.00,Matchs
1493,Enzo Le Fée,fr FRA,MT,Lorient,fr Ligue 1,22,2000,33.6,3.21,1.90,1.55,1.19,0.48,1.28,3.36,38.1,02.08,1.49,0.15,1.34,01.01,4.23,1.13,0.03,Matchs
1494,Vincent Le Goff,fr FRA,DF,Lorient,fr Ligue 1,32,1989,37.0,02.03,0.86,1.51,0.43,0.08,1.22,1.68,72.6,0.46,0.78,0.24,0.54,1.11,3.14,2.84,0.03,Matchs
1495,Maxime Le Marchand,fr FRA,DF,Strasbourg,fr Ligue 1,32,1989,22.4,1.74,01.07,01.03,0.63,0.09,0.85,1.38,61.3,0.54,0.98,0.63,0.36,1.65,3.39,3.30,0.00,Matchs
1496,Robin Le Normand,es ESP,DF,Real Sociedad,es La Liga,25,1996,31.1,1.16,0.74,0.80,0.29,0.06,0.45,0.87,51.9,0.42,0.71,0.45,0.26,01.06,2.22,2.99,0.00,Matchs
1497,Rafael Leão,pt POR,"AT,MT",Milan,it Serie A,23,1999,26.9,0.30,0.26,0.07,0.11,0.11,0.22,0.52,42.9,0.30,0.33,0.07,0.26,0.56,0.86,0.30,0.00,Matchs
1498,Paolo Lebas,fr FRA,MT,Ajaccio,fr Ligue 1,19,2003,0.6,0.00,0.00,0.00,0.00,0.00,0.00,0.00,,0.00,0.00,0.00,0.00,0.00,0.00,0.00,0.00,Matchs
1499,Jean-Louis Leca,fr FRA,GB,Lens,fr Ligue 1,36,1985,1.0,0.00,0.00,0.00,0.00,0.00,0.00,0.00,,0.00,0.00,0.00,0.00,0.00,0.00,0.00,1.00,Matchs
1500,Benjamin Lecomte,fr FRA,GB,Espanyol,es La Liga,31,1991,10.0,0.00,0.00,0.00,0.00,0.00,0.00,0.00,,0.00,0.00,0.00,0.00,0.00,0.00,0.30,0.20,Matchs
Clt,Joueur,Nation,Pos,Équipe,Comp,Âge,Naissance,90,Tcl,TclR,ZDéf,MilTer,ZOff,Tcl,Att,Tcl%,Manqués,Balles contrées,Tirs,Passe,Int,Tcl+Int,Dég,Err,Matchs
1501,Benjamin Lecomte,fr FRA,GB,Montpellier,fr Ligue 1,31,1991,19.0,0.00,0.00,0.00,0.00,0.00,0.00,0.11,0.0,0.11,0.00,0.00,0.00,0.00,0.00,0.32,0.00,Matchs
1502,Jeremías Ledesma,ar ARG,GB,Cádiz,es La Liga,29,1993,34.0,0.09,0.06,0.09,0.00,0.00,0.09,0.21,42.9,0.12,0.03,0.00,0.03,0.06,0.15,0.68,0.09,Matchs
1503,Pierre Lees-Melou,fr FRA,MT,Brest,fr Ligue 1,29,1993,30.7,3.16,1.79,1.79,1.21,0.16,1.86,04.01,46.3,2.15,1.56,0.42,1.14,1.69,4.85,1.50,0.03,Matchs
1504,Diogo Leite,pt POR,DF,Union Berlin,de Bundesliga,23,1999,25.0,1.40,0.80,0.84,0.56,0.00,0.84,1.36,61.8,0.52,0.92,0.56,0.36,01.04,2.44,3.96,0.04,Matchs
1505,Maxim Leitsch,de GER,DF,Mainz 05,de Bundesliga,24,1998,7.4,1.22,0.95,0.81,0.41,0.00,0.54,0.68,80.0,0.14,0.95,0.54,0.41,2.43,3.65,3.51,0.14,Matchs
1506,Florian Lejeune,fr FRA,DF,Rayo Vallecano,es La Liga,31,1991,28.5,0.98,0.60,0.67,0.28,0.04,0.60,0.88,68.0,0.28,0.84,0.56,0.28,0.53,1.51,4.32,0.00,Matchs
1507,Iñigo Lekue,es ESP,DF,Athletic Club,es La Liga,29,1993,14.7,1.63,1.16,1.36,0.27,0.00,0.82,1.29,63.2,0.48,01.09,0.14,0.95,0.88,2.52,2.11,0.07,Matchs
1508,Thomas Lemar,fr FRA,MT,Atlético Madrid,es La Liga,26,1995,13.9,2.16,1.29,0.72,0.94,0.50,0.72,02.01,35.7,1.29,0.86,0.22,0.65,0.50,2.66,0.86,0.00,Matchs
1509,Félix Lemaréchal,fr FRA,MT,Brest,fr Ligue 1,18,2003,3.2,1.56,1.56,0.63,0.31,0.63,0.00,0.94,0.0,0.94,1.88,0.00,1.88,0.31,1.88,0.63,0.00,Matchs
1510,Dexter Lembikisa,jm JAM,DF,Wolves,eng Premier League,18,2003,0.3,0.00,0.00,0.00,0.00,0.00,0.00,0.00,,0.00,0.00,0.00,0.00,0.00,0.00,0.00,0.00,Matchs
1511,Mario Lemina,ga GAB,MT,Wolves,eng Premier League,28,1993,14.4,2.64,1.67,1.53,0.90,0.21,1.39,2.64,52.6,1.25,1.81,0.56,1.25,0.97,3.61,1.67,0.07,Matchs
1512,Mario Lemina,ga GAB,"MT,DF",Nice,fr Ligue 1,28,1993,9.3,3.44,2.26,1.18,1.51,0.75,1.29,1.94,66.7,0.65,1.40,0.54,0.86,1.18,4.62,2.15,0.00,Matchs
1513,Tim Lemperle,de GER,"AT,MT",Köln,de Bundesliga,20,2002,1.5,4.00,2.67,2.00,0.67,1.33,2.00,3.33,60.0,1.33,3.33,0.00,3.33,0.67,4.67,2.67,0.00,Matchs
1514,Clément Lenglet,fr FRA,DF,Tottenham,eng Premier League,27,1995,22.4,1.70,01.03,0.80,0.67,0.22,0.71,1.52,47.1,0.80,1.16,0.49,0.67,0.80,2.50,03.04,0.09,Matchs
1515,Bernd Leno,de GER,GB,Fulham,eng Premier League,30,1992,36.0,0.00,0.00,0.00,0.00,0.00,0.00,0.08,0.0,0.08,0.00,0.00,0.00,0.00,0.00,0.50,0.03,Matchs
1516,Christopher Lenz,de GER,DF,Eint Frankfurt,de Bundesliga,27,1994,14.3,02.03,1.47,1.19,0.49,0.35,1.12,2.59,43.2,1.47,1.12,0.21,0.91,1.47,3.50,2.38,0.00,Matchs
1517,Donovan Léon,gf GUF,GB,Auxerre,fr Ligue 1,29,1992,2.0,0.00,0.00,0.00,0.00,0.00,0.00,0.00,,0.00,0.00,0.00,0.00,0.00,0.00,0.50,0.00,Matchs
1518,Sergio León,es ESP,AT,Valladolid,es La Liga,33,1989,14.8,0.41,0.27,0.00,0.27,0.14,0.20,0.41,50.0,0.20,0.41,0.00,0.41,0.00,0.41,0.27,0.00,Matchs
1519,Johann Lepenant,fr FRA,MT,Lyon,fr Ligue 1,19,2002,21.5,2.70,1.58,1.12,1.26,0.33,1.49,4.00,37.2,2.51,1.35,0.23,1.12,1.30,4.00,0.79,0.14,Matchs
1520,Mehdi Léris,dz ALG,"MT,DF",Sampdoria,it Serie A,24,1998,27.3,2.31,1.68,1.10,0.88,0.33,0.84,02.01,41.8,1.17,1.39,0.22,1.17,0.99,3.30,1.25,0.00,Matchs
1521,Jefferson Lerma,co COL,MT,Bournemouth,eng Premier League,27,1994,36.1,1.39,0.83,0.64,0.64,0.11,0.55,1.25,44.4,0.69,0.89,0.42,0.47,1.30,2.69,2.52,0.06,Matchs
1522,Benjamin Leroy,fr FRA,GB,Ajaccio,fr Ligue 1,33,1989,31.1,0.00,0.00,0.00,0.00,0.00,0.00,0.06,0.0,0.06,0.00,0.00,0.00,0.03,0.03,0.51,0.06,Matchs
1523,Léo Leroy,fr FRA,MT,Montpellier,fr Ligue 1,22,2000,13.2,04.02,2.88,1.82,1.97,0.23,2.35,4.32,54.4,1.97,1.89,0.15,1.74,01.06,05.08,0.61,0.00,Matchs
1524,Alexandre Letellier,fr FRA,GB,Paris S-G,fr Ligue 1,31,1990,0.1,0.00,0.00,0.00,0.00,0.00,0.00,0.00,,0.00,0.00,0.00,0.00,0.00,0.00,0.00,0.00,Matchs
1525,Ruan Levine,br BRA,"MT,AT",Ajaccio,fr Ligue 1,23,1999,0.3,6.67,6.67,3.33,3.33,0.00,0.00,0.00,,0.00,3.33,0.00,3.33,6.67,13.3,0.00,0.00,Matchs
Clt,Joueur,Nation,Pos,Équipe,Comp,Âge,Naissance,90,Tcl,TclR,ZDéf,MilTer,ZOff,Tcl,Att,Tcl%,Manqués,Balles contrées,Tirs,Passe,Int,Tcl+Int,Dég,Err,Matchs
1526,Robert Lewandowski,pl POL,AT,Barcelona,es La Liga,33,1988,31.6,0.54,0.35,0.06,0.16,0.32,0.22,0.44,50.0,0.22,0.63,0.00,0.63,0.06,0.60,0.44,0.00,Matchs
1527,Jamie Leweling,de GER,"AT,MT",Union Berlin,de Bundesliga,21,2001,2.9,1.72,01.03,0.69,0.69,0.34,01.03,1.72,60.0,0.69,01.03,0.00,01.03,0.34,02.07,0.00,0.00,Matchs
1528,Jamal Lewis,nir NIR,"DF,AT",Newcastle Utd,eng Premier League,24,1998,0.1,0.00,0.00,0.00,0.00,0.00,0.00,0.00,,0.00,0.00,0.00,0.00,0.00,0.00,0.00,0.00,Matchs
1529,Rico Lewis,eng ENG,"DF,MT",Manchester City,eng Premier League,17,2004,10.0,1.60,0.90,0.90,0.50,0.20,0.60,1.10,54.5,0.50,0.80,0.40,0.40,0.60,2.20,1.30,0.10,Matchs
1530,Keane Lewis-Potter,eng ENG,"AT,MT",Brentford,eng Premier League,21,2001,3.6,0.28,0.00,0.00,0.28,0.00,0.00,0.00,,0.00,1.39,0.28,1.11,0.00,0.28,0.56,0.00,Matchs
1531,Dimitri Liénard,fr FRA,"DF,MT",Strasbourg,fr Ligue 1,34,1988,17.1,2.69,1.70,1.17,01.05,0.47,1.99,3.33,59.6,1.35,1.64,0.23,1.40,0.94,3.63,1.40,0.00,Matchs
1532,Philipp Lienhart,at AUT,DF,Freiburg,de Bundesliga,26,1996,27.8,01.04,0.65,0.68,0.36,0.00,0.47,0.97,48.1,0.50,01.04,0.54,0.50,1.26,2.30,3.49,0.00,Matchs
1533,Matthijs de Ligt,nl NED,DF,Bayern Munich,de Bundesliga,22,1999,26.7,1.20,0.86,0.56,0.60,0.04,0.56,0.90,62.5,0.34,1.16,0.75,0.41,0.86,02.06,3.18,0.00,Matchs
1534,Dimitris Limnios,gr GRE,AT,Köln,de Bundesliga,24,1998,0.4,0.00,0.00,0.00,0.00,0.00,0.00,0.00,,0.00,0.00,0.00,0.00,2.50,2.50,0.00,0.00,Matchs
1535,Victor Lindelöf,se SWE,DF,Manchester Utd,eng Premier League,28,1994,15.2,1.45,1.12,0.66,0.59,0.20,0.59,1.12,52.9,0.53,1.18,0.59,0.59,1.38,2.83,4.14,0.07,Matchs
1536,Jesper Lindstrøm,dk DEN,"MT,AT",Eint Frankfurt,de Bundesliga,22,2000,18.7,1.39,0.59,0.80,0.37,0.21,0.37,1.18,31.8,0.80,1.34,0.16,1.18,0.48,1.87,0.48,0.00,Matchs
1537,Karol Linetty,pl POL,MT,Torino,it Serie A,27,1995,21.0,1.52,0.81,0.33,01.05,0.14,0.62,1.19,52.0,0.57,1.33,0.38,0.95,0.90,2.43,1.19,0.00,Matchs
1538,Jesse Lingard,eng ENG,"AT,MT",Nott'ham Forest,eng Premier League,29,1992,10.3,0.39,0.39,0.19,0.19,0.00,0.10,0.68,14.3,0.58,01.07,0.00,01.07,0.49,0.87,0.39,0.00,Matchs
1539,Samuel Lino,br BRA,"AT,MT",Valencia,es La Liga,22,1999,32.1,02.06,1.34,0.53,1.15,0.37,0.81,2.24,36.1,1.43,01.06,0.00,01.06,0.56,2.62,0.50,0.00,Matchs
1540,Pol Lirola,es ESP,DF,Elche,es La Liga,24,1997,7.0,1.86,0.86,1.29,0.43,0.14,1.14,1.86,61.5,0.71,0.43,0.29,0.14,1.00,2.86,2.29,0.00,Matchs
1541,Mateusz Lis,pl POL,GB,Troyes,fr Ligue 1,25,1997,8.3,0.00,0.00,0.00,0.00,0.00,0.00,0.12,0.0,0.12,0.12,0.00,0.12,0.00,0.00,0.36,0.00,Matchs
1542,Marcin Listkowski,pl POL,"MT,AT",Lecce,it Serie A,24,1998,0.9,0.00,0.00,0.00,0.00,0.00,0.00,0.00,,0.00,0.00,0.00,0.00,3.33,3.33,2.22,0.00,Matchs
1543,Valentino Livramento,eng ENG,"DF,AT",Southampton,eng Premier League,19,2002,0.3,6.67,3.33,6.67,0.00,0.00,0.00,0.00,,0.00,0.00,0.00,0.00,6.67,13.3,10.0,0.00,Matchs
1544,Dejan Ljubicic,at AUT,"MT,AT",Köln,de Bundesliga,24,1997,19.0,1.32,0.74,0.37,0.74,0.21,0.68,2.11,32.5,1.42,01.05,0.05,1.00,0.42,1.74,0.42,0.05,Matchs
1545,Javier Llabrés,es ESP,AT,Mallorca,es La Liga,19,2002,0.2,0.00,0.00,0.00,0.00,0.00,0.00,0.00,,0.00,0.00,0.00,0.00,0.00,0.00,5.00,0.00,Matchs
1546,Diego Llorente,es ESP,DF,Leeds United,eng Premier League,28,1993,7.2,1.81,1.39,1.11,0.69,0.00,0.56,1.11,50.0,0.56,0.83,0.28,0.56,02.08,3.89,3.33,0.28,Matchs
1547,Diego Llorente,es ESP,DF,Roma,it Serie A,28,1993,6.4,1.56,0.78,0.94,0.63,0.00,0.78,1.88,41.7,01.09,0.63,0.31,0.31,1.72,3.28,3.13,0.00,Matchs
1548,Marcos Llorente,es ESP,"MT,DF",Atlético Madrid,es La Liga,27,1995,18.9,1.69,0.79,0.85,0.53,0.32,0.90,1.59,56.7,0.69,1.38,0.11,1.27,0.90,2.59,01.01,0.00,Matchs
1549,Hugo Lloris,fr FRA,GB,Tottenham,eng Premier League,35,1986,24.5,0.04,0.04,0.04,0.00,0.00,0.04,0.12,33.3,0.08,0.00,0.00,0.00,0.04,0.08,0.53,0.20,Matchs
1550,Giovani Lo Celso,ar ARG,"MT,AT",Villarreal,es La Liga,26,1996,12.5,2.56,2.24,0.56,1.20,0.80,0.96,1.68,57.1,0.72,1.12,0.16,0.96,0.48,03.04,0.40,0.00,Matchs
Clt,Joueur,Nation,Pos,Équipe,Comp,Âge,Naissance,90,Tcl,TclR,ZDéf,MilTer,ZOff,Tcl,Att,Tcl%,Manqués,Balles contrées,Tirs,Passe,Int,Tcl+Int,Dég,Err,Matchs
1551,Stanislav Lobotka,sk SVK,MT,Napoli,it Serie A,27,1994,34.5,2.41,1.28,01.01,01.01,0.38,1.25,2.12,58.9,0.87,0.84,0.20,0.64,0.67,03.07,0.46,0.00,Matchs
1552,Manuel Locatelli,it ITA,MT,Juventus,it Serie A,24,1998,27.2,2.17,1.21,0.96,0.85,0.37,1.10,1.95,56.6,0.85,1.84,0.81,01.03,0.99,3.16,2.17,0.00,Matchs
1553,Luka Lochoshvili,ge GEO,DF,Cremonese,it Serie A,24,1998,20.4,2.21,0.93,1.47,0.54,0.20,01.08,1.52,71.0,0.44,1.52,0.49,01.03,01.08,3.28,4.36,0.00,Matchs
1554,Bradley Locko,fr FRA,DF,Reims,fr Ligue 1,20,2002,11.8,2.63,1.36,1.78,0.34,0.51,1.27,2.29,55.6,01.02,1.44,0.34,1.10,1.69,4.32,1.78,0.00,Matchs
1555,Bradley Locko,fr FRA,DF,Brest,fr Ligue 1,20,2002,3.0,1.33,1.00,0.67,0.33,0.33,0.67,1.00,66.7,0.33,1.33,0.00,1.33,0.67,2.00,4.33,0.00,Matchs
1556,Renan Lodi,br BRA,DF,Nott'ham Forest,eng Premier League,24,1998,24.6,2.11,1.59,1.54,0.33,0.24,1.34,2.68,50.0,1.34,01.02,0.24,0.77,1.34,3.46,03.01,0.00,Matchs
1557,Ruben Loftus-Cheek,eng ENG,"MT,DF",Chelsea,eng Premier League,26,1996,17.1,1.46,0.82,0.47,0.82,0.18,0.70,1.29,54.5,0.58,0.88,0.12,0.76,0.70,2.16,1.35,0.00,Matchs
1558,Sean Longstaff,eng ENG,MT,Newcastle Utd,eng Premier League,24,1997,28.0,1.50,0.75,0.57,0.71,0.21,0.71,1.86,38.5,1.14,1.25,0.29,0.96,0.57,02.07,0.82,0.00,Matchs
1559,Ademola Lookman,ng NGA,"AT,MT",Atalanta,it Serie A,24,1997,19.2,0.68,0.26,0.10,0.31,0.26,0.16,0.78,20.0,0.63,0.94,0.00,0.94,0.21,0.89,0.05,0.00,Matchs
1560,Anthony Lopes,pt POR,GB,Lyon,fr Ligue 1,31,1990,31.3,0.03,0.00,0.03,0.00,0.00,0.03,0.13,25.0,0.10,0.00,0.00,0.00,0.10,0.13,0.32,0.00,Matchs
1561,Rony Lopes,pt POR,"MT,AT",Troyes,fr Ligue 1,26,1995,26.1,0.92,0.46,0.23,0.57,0.11,0.27,1.19,22.6,0.92,0.54,0.08,0.46,0.34,1.26,0.38,0.00,Matchs
1562,David López,es ESP,DF,Girona,es La Liga,32,1989,18.4,1.68,0.98,0.92,0.71,0.05,01.03,1.47,70.4,0.43,1.58,01.03,0.54,0.76,2.45,3.48,0.05,Matchs
1563,Diego López,es ESP,GB,Rayo Vallecano,es La Liga,40,1981,1.1,0.00,0.00,0.00,0.00,0.00,0.00,0.00,,0.00,0.00,0.00,0.00,0.00,0.00,0.00,0.91,Matchs
1564,Diego López,es ESP,"AT,MT",Valencia,es La Liga,20,2002,5.0,0.40,0.40,0.20,0.20,0.00,0.40,3.00,13.3,2.60,1.80,0.00,1.80,0.60,1.00,1.00,0.00,Matchs
1565,Maxime Lopez,fr FRA,MT,Sassuolo,it Serie A,24,1997,25.5,1.65,0.71,01.02,0.47,0.16,0.63,2.20,28.6,1.57,0.94,0.24,0.71,0.86,2.51,0.82,0.00,Matchs
1566,Pau López,es ESP,GB,Marseille,fr Ligue 1,27,1994,32.5,0.00,0.00,0.00,0.00,0.00,0.00,0.03,0.0,0.03,0.00,0.00,0.00,0.00,0.00,0.15,0.03,Matchs
1567,Unai López,es ESP,MT,Rayo Vallecano,es La Liga,26,1995,13.9,2.30,1.44,0.72,1.22,0.36,0.94,2.66,35.1,1.73,0.86,0.07,0.79,01.08,3.38,0.43,0.07,Matchs
1568,Dion Lopy,sn SEN,MT,Reims,fr Ligue 1,20,2002,15.3,2.94,1.57,1.44,01.05,0.46,1.50,04.05,37.1,2.55,1.76,0.20,1.57,1.44,4.38,1.18,0.00,Matchs
1569,Anthony Losilla,fr FRA,MT,Bochum,de Bundesliga,36,1986,30.2,2.52,1.62,01.06,1.13,0.33,1.26,2.55,49.4,1.29,1.29,0.40,0.89,1.23,3.74,2.22,0.00,Matchs
1570,Jordan Lotomba,ch SUI,DF,Nice,fr Ligue 1,23,1998,27.3,2.38,1.39,1.21,0.88,0.29,1.14,1.76,64.6,0.62,1.39,0.40,0.99,1.17,3.55,1.94,0.00,Matchs
1571,Matteo Lovato,it ITA,DF,Salernitana,it Serie A,22,2000,9.0,1.89,1.56,1.56,0.33,0.00,1.11,2.78,40.0,1.67,0.89,0.56,0.33,1.44,3.33,3.67,0.22,Matchs
1572,Dejan Lovren,hr CRO,DF,Lyon,fr Ligue 1,33,1989,16.2,1.54,1.17,1.23,0.31,0.00,1.23,1.79,69.0,0.56,1.23,0.62,0.62,1.60,3.15,4.32,0.06,Matchs
1573,Sandi Lovrić,si SVN,MT,Udinese,it Serie A,24,1998,25.9,1.54,0.69,0.62,0.62,0.31,0.97,1.66,58.1,0.69,0.97,0.08,0.89,1.00,2.55,0.81,0.00,Matchs
1574,Jamal Lowe,jm JAM,"MT,AT",Bournemouth,eng Premier League,28,1994,0.1,0.00,0.00,0.00,0.00,0.00,0.00,0.00,,0.00,0.00,0.00,0.00,0.00,0.00,0.00,0.00,Matchs
1575,Anthony Lozano,hn HON,AT,Cádiz,es La Liga,29,1993,16.0,0.38,0.25,0.06,0.25,0.06,0.06,0.44,14.3,0.38,0.75,0.06,0.69,0.19,0.56,01.06,0.00,Matchs
Clt,Joueur,Nation,Pos,Équipe,Comp,Âge,Naissance,90,Tcl,TclR,ZDéf,MilTer,ZOff,Tcl,Att,Tcl%,Manqués,Balles contrées,Tirs,Passe,Int,Tcl+Int,Dég,Err,Matchs
1576,Hirving Lozano,mx MEX,AT,Napoli,it Serie A,27,1995,17.8,1.35,0.73,0.56,0.34,0.45,0.51,1.18,42.9,0.67,1.74,0.00,1.74,0.84,2.19,0.34,0.00,Matchs
1577,Pol Lozano,es ESP,MT,Espanyol,es La Liga,22,1999,0.2,0.00,0.00,0.00,0.00,0.00,0.00,0.00,,0.00,5.00,0.00,5.00,0.00,0.00,5.00,0.00,Matchs
1578,Jean Lucas,br BRA,MT,Monaco,fr Ligue 1,24,1998,3.2,2.81,1.56,0.94,1.56,0.31,1.88,3.75,50.0,1.88,0.63,0.31,0.31,1.25,04.06,0.63,0.00,Matchs
1579,Jhon Lucumí,co COL,DF,Bologna,it Serie A,24,1998,32.2,1.65,1.15,1.21,0.40,0.03,0.75,1.34,55.8,0.59,1.34,0.81,0.53,01.09,2.73,3.11,0.03,Matchs
1580,José Luis Gayà,es ESP,DF,Valencia,es La Liga,27,1995,30.1,2.66,1.53,02.03,0.53,0.10,1.43,2.46,58.1,01.03,0.93,0.30,0.63,0.76,3.42,1.59,0.00,Matchs
1581,José Luis Morales,es ESP,"AT,MT",Villarreal,es La Liga,35,1987,13.5,0.52,0.44,0.07,0.15,0.30,0.37,1.26,29.4,0.89,0.89,0.07,0.81,0.15,0.67,0.15,0.00,Matchs
1582,José Luis Palomino,ar ARG,DF,Atalanta,it Serie A,32,1990,8.4,2.74,1.67,1.90,0.83,0.00,1.31,2.26,57.9,0.95,1.31,0.48,0.83,3.33,06.07,2.38,0.00,Matchs
1583,Douglas Luiz,br BRA,MT,Aston Villa,eng Premier League,24,1998,32.5,2.25,1.29,0.95,0.98,0.31,0.92,1.94,47.6,01.02,1.11,0.22,0.89,1.23,3.48,0.83,0.06,Matchs
1584,Romelu Lukaku,be BEL,AT,Inter,it Serie A,29,1993,18.4,0.16,0.05,0.05,0.00,0.11,0.11,0.27,40.0,0.16,0.16,0.05,0.11,0.00,0.16,0.87,0.00,Matchs
1585,Castello Lukeba,fr FRA,DF,Lyon,fr Ligue 1,19,2002,33.2,1.17,0.69,0.81,0.24,0.12,0.63,0.93,67.7,0.30,1.27,0.72,0.54,2.26,3.43,3.16,0.03,Matchs
1586,Dodi Lukebakio,be BEL,"AT,MT",Hertha BSC,de Bundesliga,24,1997,26.6,0.68,0.41,0.26,0.30,0.11,0.23,01.02,22.2,0.79,0.86,0.19,0.68,0.49,1.17,0.64,0.00,Matchs
1587,Saša Lukić,rs SRB,MT,Fulham,eng Premier League,25,1996,4.6,1.74,0.65,0.22,0.87,0.65,0.65,1.52,42.9,0.87,1.30,0.43,0.87,01.09,2.83,0.65,0.00,Matchs
1588,Saša Lukić,rs SRB,MT,Torino,it Serie A,25,1996,13.3,1.58,01.05,0.75,0.75,0.08,0.68,1.13,60.0,0.45,1.28,0.53,0.75,0.98,2.56,0.75,0.00,Matchs
1589,Andriy Lunin,ua UKR,GB,Real Madrid,es La Liga,23,1999,7.0,0.00,0.00,0.00,0.00,0.00,0.00,0.00,,0.00,0.00,0.00,0.00,0.00,0.00,0.14,0.00,Matchs
1590,Andrey Lunyov,ru RUS,GB,Leverkusen,de Bundesliga,30,1991,1.0,0.00,0.00,0.00,0.00,0.00,0.00,0.00,,0.00,0.00,0.00,0.00,0.00,0.00,0.00,0.00,Matchs
1591,Sebastiano Luperto,it ITA,DF,Empoli,it Serie A,25,1996,34.8,0.95,0.52,0.69,0.23,0.03,0.26,0.57,45.0,0.32,1.55,1.21,0.34,1.24,2.18,4.68,0.03,Matchs
1592,Lyanco,br BRA,DF,Southampton,eng Premier League,25,1997,13.1,1.83,1.22,1.15,0.69,0.00,0.92,1.37,66.7,0.46,2.29,1.91,0.38,1.53,3.36,4.96,0.15,Matchs
1593,Charalambos Lykogiannis,gr GRE,DF,Bologna,it Serie A,28,1993,12.3,1.30,0.65,0.41,0.49,0.41,0.41,01.06,38.5,0.65,0.73,0.33,0.41,1.22,2.52,2.44,0.00,Matchs
1594,Youssouf M'Changama,km COM,MT,Auxerre,fr Ligue 1,31,1990,12.0,1.83,0.92,0.58,1.00,0.25,0.58,01.08,53.8,0.50,0.50,0.00,0.50,1.25,03.08,0.50,0.08,Matchs
1595,Awer Mabil,au AUS,"MT,AT",Cádiz,es La Liga,26,1995,1.8,1.11,0.00,0.00,0.56,0.56,0.56,1.67,33.3,1.11,0.56,0.56,0.00,0.00,1.11,0.56,0.00,Matchs
1596,Alexis Mac Allister,ar ARG,MT,Brighton,eng Premier League,23,1998,32.1,2.18,1.21,0.69,1.25,0.25,01.06,2.21,47.9,1.15,0.81,0.06,0.75,0.69,2.87,0.31,0.03,Matchs
1597,Deiver Machado,co COL,"DF,MT",Lens,fr Ligue 1,28,1993,24.3,1.85,01.07,0.74,0.82,0.29,0.86,1.40,61.8,0.53,0.86,0.16,0.70,0.86,2.72,1.11,0.00,Matchs
1598,Darwin Machís,ve VEN,AT,Valladolid,es La Liga,29,1993,6.7,0.45,0.30,0.00,0.30,0.15,0.15,1.19,12.5,01.04,0.75,0.00,0.75,0.45,0.90,0.60,0.00,Matchs
1599,James Maddison,eng ENG,"MT,AT",Leicester City,eng Premier League,25,1996,27.6,1.85,0.94,0.91,0.69,0.25,0.69,1.81,38.0,1.12,0.69,0.04,0.65,0.47,2.32,0.22,0.04,Matchs
1600,Noni Madueke,eng ENG,AT,Chelsea,eng Premier League,20,2002,7.1,1.69,1.13,0.70,0.56,0.42,0.85,1.83,46.2,0.99,1.83,0.28,1.55,0.56,2.25,0.99,0.00,Matchs
Clt,Joueur,Nation,Pos,Équipe,Comp,Âge,Naissance,90,Tcl,TclR,ZDéf,MilTer,ZOff,Tcl,Att,Tcl%,Manqués,Balles contrées,Tirs,Passe,Int,Tcl+Int,Dég,Err,Matchs
1601,Pablo Maffeo,es ESP,DF,Mallorca,es La Liga,25,1997,33.1,2.27,1.39,1.63,0.48,0.15,1.36,2.36,57.7,1.00,1.15,0.33,0.82,0.79,03.05,2.30,0.00,Matchs
1602,Lisandro Magallán,ar ARG,DF,Elche,es La Liga,28,1993,10.0,1.90,1.10,1.10,0.50,0.30,1.00,1.20,83.3,0.20,1.40,0.50,0.90,1.30,3.20,3.00,0.10,Matchs
1603,Soungoutou Magassa,fr FRA,MT,Monaco,fr Ligue 1,18,2003,0.9,4.44,1.11,2.22,2.22,0.00,2.22,4.44,50.0,2.22,3.33,0.00,3.33,1.11,5.56,1.11,0.00,Matchs
1604,Giulio Maggiore,it ITA,MT,Salernitana,it Serie A,24,1998,9.9,02.02,0.81,1.11,0.61,0.30,01.01,2.12,47.6,1.11,1.92,0.40,1.52,0.81,2.83,01.01,0.00,Matchs
1605,Giangiacomo Magnani,it ITA,DF,Hellas Verona,it Serie A,26,1995,17.0,1.94,1.29,1.18,0.65,0.12,1.12,1.47,76.0,0.35,1.18,0.88,0.29,1.24,3.18,4.47,0.00,Matchs
1606,Hugo Magnetti,fr FRA,MT,Brest,fr Ligue 1,24,1998,18.8,2.29,1.44,0.96,1.22,0.11,1.22,3.35,36.5,2.13,1.12,0.05,01.06,1.33,3.62,0.64,0.00,Matchs
1607,Yohann Magnin,fr FRA,MT,Clermont Foot,fr Ligue 1,25,1997,26.7,3.33,02.02,1.39,1.69,0.26,02.02,3.97,50.9,1.95,1.87,0.45,1.42,0.94,4.27,1.72,0.00,Matchs
1608,Harry Maguire,eng ENG,DF,Manchester Utd,eng Premier League,29,1993,8.5,0.94,0.71,0.71,0.12,0.12,0.47,0.59,80.0,0.12,2.12,1.29,0.82,1.53,2.47,4.82,0.00,Matchs
1609,Jon Magunacelaya,es ESP,"MT,AT",Real Sociedad,es La Liga,22,2000,0.7,1.43,0.00,0.00,0.00,1.43,0.00,2.86,0.0,2.86,0.00,0.00,0.00,0.00,1.43,1.43,0.00,Matchs
1610,Riyad Mahrez,dz ALG,"AT,MT",Manchester City,eng Premier League,31,1991,21.3,1.41,0.66,0.38,0.61,0.42,0.61,1.83,33.3,1.22,1.27,0.05,1.22,0.42,1.83,0.23,0.00,Matchs
1611,Arne Maier,de GER,MT,Augsburg,de Bundesliga,23,1999,21.8,1.42,01.01,0.78,0.50,0.14,0.46,0.83,55.6,0.37,0.96,0.00,0.96,0.69,2.11,01.01,0.00,Matchs
1612,Mike Maignan,fr FRA,GB,Milan,it Serie A,27,1995,22.0,0.05,0.00,0.05,0.00,0.00,0.05,0.05,100.0,0.00,0.00,0.00,0.00,0.05,0.09,0.45,0.05,Matchs
1613,Linton Maina,de GER,"AT,MT",Köln,de Bundesliga,23,1999,24.9,0.72,0.48,0.20,0.44,0.08,0.28,1.20,23.3,0.92,0.76,0.00,0.76,0.20,0.92,0.36,0.00,Matchs
1614,Kobbie Mainoo,eng ENG,MT,Manchester Utd,eng Premier League,17,2005,0.1,0.00,0.00,0.00,0.00,0.00,0.00,0.00,,0.00,10.0,10.0,0.00,0.00,0.00,0.00,0.00,Matchs
1615,Ainsley Maitland-Niles,eng ENG,"DF,MT",Southampton,eng Premier League,24,1997,15.6,2.88,1.54,1.47,1.15,0.26,1.79,2.82,63.6,01.03,1.79,0.45,1.35,1.41,4.29,2.88,0.06,Matchs
1616,Jordan Majchrzak,pl POL,AT,Roma,it Serie A,17,2004,0.2,0.00,0.00,0.00,0.00,0.00,0.00,0.00,,0.00,0.00,0.00,0.00,0.00,0.00,0.00,0.00,Matchs
1617,Lovro Majer,hr CRO,"MT,AT",Rennes,fr Ligue 1,24,1998,18.5,1.84,1.24,0.86,0.70,0.27,0.43,1.57,27.6,1.14,1.14,0.05,01.08,1.14,2.97,0.27,0.05,Matchs
1618,Jean-Victor Makengo,fr FRA,MT,Udinese,it Serie A,24,1998,8.9,1.80,1.46,0.79,0.79,0.22,0.56,01.01,55.6,0.45,0.90,0.22,0.67,01.01,2.81,0.34,0.00,Matchs
1619,Jean-Victor Makengo,fr FRA,MT,Lorient,fr Ligue 1,24,1998,11.8,1.36,0.68,0.42,0.85,0.08,0.51,1.69,30.0,1.19,0.68,0.42,0.25,0.85,2.20,1.10,0.08,Matchs
1620,Béni Makouana,cg CGO,"AT,MT",Montpellier,fr Ligue 1,19,2002,2.2,0.45,0.00,0.00,0.45,0.00,0.00,0.91,0.0,0.91,1.36,0.45,0.91,0.00,0.45,0.45,0.00,Matchs
1621,Nemanja Maksimović,rs SRB,MT,Getafe,es La Liga,27,1995,22.8,1.80,1.32,0.75,0.79,0.26,0.83,1.40,59.4,0.57,1.58,0.61,0.96,1.49,3.29,1.18,0.00,Matchs
1622,Tyrell Malacia,nl NED,DF,Manchester Utd,eng Premier League,22,1999,15.5,2.97,2.13,2.13,0.77,0.06,0.90,1.61,56.0,0.71,0.84,0.19,0.65,1.61,4.58,3.16,0.00,Matchs
1623,Lorenzo Malagrida,it ITA,"MT,DF",Sampdoria,it Serie A,18,2003,1.2,0.83,0.00,0.00,0.00,0.83,0.83,2.50,33.3,1.67,0.83,0.00,0.83,0.00,0.83,0.83,0.00,Matchs
1624,Daniel Maldini,it ITA,"AT,MT",Spezia,it Serie A,20,2001,7.0,1.71,0.71,0.43,0.57,0.71,0.57,1.57,36.4,1.00,1.29,0.00,1.29,0.14,1.86,1.14,0.00,Matchs
1625,Youssef Maleh,ma MAR,MT,Fiorentina,it Serie A,23,1998,3.3,0.91,0.30,0.00,0.91,0.00,0.00,1.21,0.0,1.21,1.52,0.00,1.52,0.30,1.21,0.91,0.00,Matchs
Clt,Joueur,Nation,Pos,Équipe,Comp,Âge,Naissance,90,Tcl,TclR,ZDéf,MilTer,ZOff,Tcl,Att,Tcl%,Manqués,Balles contrées,Tirs,Passe,Int,Tcl+Int,Dég,Err,Matchs
1626,Youssef Maleh,ma MAR,MT,Lecce,it Serie A,23,1998,7.5,2.27,01.07,0.40,0.93,0.93,0.80,1.87,42.9,01.07,2.67,0.13,2.53,0.67,2.93,1.33,0.00,Matchs
1627,Donyell Malen,nl NED,AT,Dortmund,de Bundesliga,23,1999,19.0,0.68,0.26,0.16,0.21,0.32,0.26,0.63,41.7,0.37,0.74,0.05,0.68,0.21,0.89,0.58,0.00,Matchs
1628,Ruslan Malinovskyi,ua UKR,"MT,AT",Atalanta,it Serie A,29,1993,6.1,2.30,1.31,0.82,0.98,0.49,0.98,2.79,35.3,1.80,1.31,0.16,1.15,0.82,3.11,0.33,0.00,Matchs
1629,Ruslan Malinovskyi,ua UKR,"MT,AT",Marseille,fr Ligue 1,29,1993,13.6,1.54,0.81,0.22,0.88,0.44,0.74,1.91,38.5,1.18,0.96,0.07,0.88,0.22,1.76,0.66,0.00,Matchs
1630,Hugo Mallo,es ESP,DF,Celta Vigo,es La Liga,31,1991,24.0,2.21,1.21,1.42,0.58,0.21,1.17,1.75,66.7,0.58,1.17,0.29,0.88,1.00,3.21,03.04,0.00,Matchs
1631,Mickael Malsa,mq MTQ,MT,Valladolid,es La Liga,26,1995,0.8,2.50,2.50,1.25,1.25,0.00,1.25,5.00,25.0,3.75,1.25,1.25,0.00,2.50,5.00,3.75,0.00,Matchs
1632,Giorgi Mamardashvili,ge GEO,GB,Valencia,es La Liga,21,2000,38.0,0.00,0.00,0.00,0.00,0.00,0.00,0.00,,0.00,0.00,0.00,0.00,0.03,0.03,0.29,0.11,Matchs
1633,Hianga Mananga Mbock,fr FRA,MT,Brest,fr Ligue 1,22,1999,0.2,0.00,0.00,0.00,0.00,0.00,0.00,5.00,0.0,5.00,0.00,0.00,0.00,0.00,0.00,0.00,0.00,Matchs
1634,Gianluca Mancini,it ITA,DF,Roma,it Serie A,26,1996,31.8,1.16,0.60,0.85,0.28,0.03,0.57,01.07,52.9,0.50,1.19,0.53,0.66,1.45,2.61,2.11,0.00,Matchs
1635,Steve Mandanda,fr FRA,GB,Rennes,fr Ligue 1,37,1985,33.5,0.00,0.00,0.00,0.00,0.00,0.00,0.06,0.0,0.06,0.00,0.00,0.00,0.00,0.00,0.27,0.09,Matchs
1636,Reinildo Mandava,mz MOZ,DF,Atlético Madrid,es La Liga,28,1994,20.6,3.20,02.09,2.23,0.92,0.05,1.84,2.38,77.6,0.53,1.31,0.58,0.73,1.46,4.66,2.86,0.00,Matchs
1637,Aïssa Mandi,dz ALG,DF,Villarreal,es La Liga,30,1991,16.2,1.11,0.62,0.86,0.19,0.06,0.37,0.74,50.0,0.37,1.17,0.86,0.31,1.30,2.41,3.58,0.00,Matchs
1638,Rolando Mandragora,it ITA,MT,Fiorentina,it Serie A,25,1997,21.7,1.94,1.11,0.55,01.01,0.37,01.06,2.40,44.2,1.34,1.15,0.14,01.01,0.74,2.67,0.97,0.00,Matchs
1639,Sadio Mané,sn SEN,"AT,MT",Bayern Munich,de Bundesliga,30,1992,15.8,0.70,0.32,0.19,0.19,0.32,0.06,0.57,11.1,0.51,0.95,0.13,0.82,0.00,0.70,0.25,0.00,Matchs
1640,Orel Mangala,be BEL,MT,Nott'ham Forest,eng Premier League,24,1998,17.2,1.63,1.16,0.93,0.58,0.12,0.70,1.69,41.4,0.99,1.22,0.41,0.81,1.34,2.97,0.87,0.00,Matchs
1641,Thomas Mangani,fr FRA,MT,Ajaccio,fr Ligue 1,35,1987,14.8,2.16,1.15,0.95,01.01,0.20,1.22,3.18,38.3,1.96,1.49,0.20,1.28,1.62,3.78,1.49,0.07,Matchs
1642,Vito Mannone,it ITA,GB,Lorient,fr Ligue 1,34,1988,17.9,0.00,0.00,0.00,0.00,0.00,0.00,0.00,,0.00,0.00,0.00,0.00,0.00,0.00,0.22,0.17,Matchs
1643,Javier Manquillo,es ESP,DF,Newcastle Utd,eng Premier League,28,1994,0.4,7.50,5.00,5.00,2.50,0.00,5.00,5.00,100.0,0.00,2.50,0.00,2.50,2.50,10.0,2.50,0.00,Matchs
1644,Myziane Maolida,km COM,"MT,AT",Reims,fr Ligue 1,23,1999,2.6,03.08,1.15,0.77,1.92,0.38,1.92,4.62,41.7,2.69,0.38,0.00,0.38,0.77,3.85,0.00,0.00,Matchs
1645,Myziane Maolida,km COM,"AT,MT",Hertha BSC,de Bundesliga,23,1999,1.1,0.91,0.91,0.91,0.00,0.00,0.91,1.82,50.0,0.91,0.00,0.00,0.00,0.00,0.91,0.91,0.00,Matchs
1646,Faitout Maouassa,fr FRA,"AT,DF",Montpellier,fr Ligue 1,24,1998,21.4,2.43,1.50,1.21,0.93,0.28,0.84,1.92,43.9,01.07,1.45,0.14,1.31,0.93,3.36,01.07,0.00,Matchs
1647,Sekou Mara,fr FRA,"AT,MT",Southampton,eng Premier League,20,2002,6.2,2.26,1.61,0.81,1.29,0.16,0.48,1.45,33.3,0.97,1.77,0.00,1.77,0.16,2.42,0.81,0.00,Matchs
1648,Marcão,br BRA,DF,Sevilla,es La Liga,26,1996,4.2,0.48,0.48,0.24,0.24,0.00,0.24,0.24,100.0,0.00,0.71,0.71,0.00,1.43,1.90,3.33,0.00,Matchs
1649,Solly March,eng ENG,"AT,DF",Brighton,eng Premier League,28,1994,30.2,1.75,01.03,0.53,0.56,0.66,0.26,0.93,28.6,0.66,1.13,0.10,01.03,0.79,2.55,01.06,0.00,Matchs
1650,Agustín Marchesín,ar ARG,GB,Celta Vigo,es La Liga,34,1988,19.0,0.00,0.00,0.00,0.00,0.00,0.00,0.05,0.0,0.05,0.00,0.00,0.00,0.00,0.00,0.37,0.00,Matchs
Clt,Joueur,Nation,Pos,Équipe,Comp,Âge,Naissance,90,Tcl,TclR,ZDéf,MilTer,ZOff,Tcl,Att,Tcl%,Manqués,Balles contrées,Tirs,Passe,Int,Tcl+Int,Dég,Err,Matchs
1651,Federico Marchetti,it ITA,GB,Spezia,it Serie A,39,1983,0.7,0.00,0.00,0.00,0.00,0.00,0.00,0.00,,0.00,0.00,0.00,0.00,0.00,0.00,0.00,0.00,Matchs
1652,Vincent Marchetti,fr FRA,MT,Ajaccio,fr Ligue 1,25,1997,27.2,02.02,0.96,01.07,0.70,0.26,0.92,2.50,36.8,1.58,0.85,0.11,0.74,0.70,2.72,1.14,0.00,Matchs
1653,Riccardo Marchizza,it ITA,DF,Sassuolo,it Serie A,24,1998,3.1,0.65,0.65,0.32,0.32,0.00,0.65,1.29,50.0,0.65,0.65,0.00,0.65,0.65,1.29,2.58,0.00,Matchs
1654,Gian Marco Ferrari,it ITA,DF,Sassuolo,it Serie A,30,1992,24.7,0.93,0.65,0.45,0.40,0.08,0.40,0.69,58.8,0.28,1.17,0.81,0.36,0.93,1.86,3.28,0.16,Matchs
1655,Emiliano Marcondes,dk DEN,MT,Bournemouth,eng Premier League,27,1995,0.1,0.00,0.00,0.00,0.00,0.00,0.00,0.00,,0.00,0.00,0.00,0.00,0.00,0.00,10.0,0.00,Matchs
1656,Óscar de Marcos,es ESP,DF,Athletic Club,es La Liga,33,1989,31.3,2.14,01.05,01.09,0.70,0.35,1.28,2.43,52.6,1.15,1.34,0.19,1.15,0.93,03.07,1.88,0.00,Matchs
1657,Alberto Marí,es ESP,"AT,MT",Valencia,es La Liga,21,2001,1.0,0.00,0.00,0.00,0.00,0.00,0.00,2.00,0.0,2.00,0.00,0.00,0.00,0.00,0.00,1.00,0.00,Matchs
1658,José Mari,es ESP,MT,Cádiz,es La Liga,34,1987,4.4,3.64,1.59,2.73,0.68,0.23,2.27,3.64,62.5,1.36,0.68,0.23,0.45,1.14,4.77,02.05,0.00,Matchs
1659,Pablo Marí,es ESP,DF,Monza,it Serie A,28,1993,27.6,1.34,0.69,01.05,0.25,0.04,0.62,0.94,65.4,0.33,0.80,0.51,0.29,1.12,2.46,04.02,0.11,Matchs
1660,José María Giménez,uy URU,DF,Atlético Madrid,es La Liga,27,1995,26.9,1.60,0.93,01.04,0.52,0.04,0.89,1.30,68.6,0.41,1.38,0.63,0.74,0.89,2.49,5.13,0.04,Matchs
1661,Mariano,do DOM,AT,Real Madrid,es La Liga,28,1993,1.7,0.59,0.00,0.00,0.59,0.00,0.00,0.00,,0.00,0.59,0.00,0.59,0.00,0.59,0.00,0.00,Matchs
1662,Pablo Marín,es ESP,"MT,AT",Real Sociedad,es La Liga,19,2003,4.0,2.50,1.25,1.25,1.00,0.25,0.50,1.75,28.6,1.25,0.25,0.00,0.25,1.00,3.50,0.50,0.00,Matchs
1663,Răzvan Marin,ro ROU,MT,Empoli,it Serie A,26,1996,28.2,1.56,0.78,0.78,0.74,0.04,0.67,1.42,47.5,0.74,01.03,0.39,0.64,0.50,02.06,1.17,0.00,Matchs
1664,Diego Mariño,es ESP,GB,Almería,es La Liga,32,1990,0.5,0.00,0.00,0.00,0.00,0.00,0.00,0.00,,0.00,0.00,0.00,0.00,0.00,0.00,0.00,0.00,Matchs
1665,Guillermo Maripán,cl CHI,DF,Monaco,fr Ligue 1,28,1994,24.0,1.92,01.08,01.08,0.83,0.00,0.71,1.38,51.5,0.67,1.63,1.13,0.50,1.58,3.50,3.63,0.00,Matchs
1666,Marlon,br BRA,DF,Monza,it Serie A,26,1995,17.7,1.98,1.19,1.13,0.79,0.06,0.85,1.64,51.7,0.79,0.73,0.23,0.51,01.02,2.99,2.82,0.00,Matchs
1667,Omar Marmoush,eg EGY,AT,Wolfsburg,de Bundesliga,23,1999,16.4,0.98,0.61,0.49,0.12,0.37,0.24,0.98,25.0,0.73,1.28,0.06,1.22,0.43,1.40,0.24,0.00,Matchs
1668,Marquinhos,br BRA,MT,Arsenal,eng Premier League,19,2003,0.0,0,0,0,0,0,0,0,,0,0,0,0,0,0,0,0,Matchs
1669,Marquinhos,br BRA,DF,Paris S-G,fr Ligue 1,28,1994,30.2,01.09,0.83,0.60,0.40,0.10,0.60,0.86,69.2,0.26,1.42,0.89,0.53,0.76,1.85,2.75,0.07,Matchs
1670,Luca Marrone,it ITA,DF,Monza,it Serie A,32,1990,1.5,0.00,0.00,0.00,0.00,0.00,0.00,1.33,0.0,1.33,1.33,1.33,0.00,0.00,0.00,2.67,0.67,Matchs
1671,Eric Martel,de GER,MT,Köln,de Bundesliga,20,2002,22.4,2.95,1.83,1.29,1.34,0.31,1.34,2.68,50.0,1.34,1.29,0.40,0.89,1.47,4.42,2.19,0.00,Matchs
1672,Roger Martí,es ESP,AT,Elche,es La Liga,31,1991,7.3,0.68,0.27,0.41,0.27,0.00,0.14,0.68,20.0,0.55,0.55,0.00,0.55,0.14,0.82,0.96,0.00,Matchs
1673,Roger Martí,es ESP,AT,Cádiz,es La Liga,31,1991,7.1,0.85,0.56,0.28,0.42,0.14,0.14,1.13,12.5,0.99,0.99,0.00,0.99,0.28,1.13,0.99,0.00,Matchs
1674,Anthony Martial,fr FRA,AT,Manchester Utd,eng Premier League,26,1995,10.9,0.46,0.28,0.00,0.18,0.28,0.09,0.37,25.0,0.28,01.01,0.18,0.83,0.09,0.55,0.37,0.00,Matchs
1675,Aarón Martín,es ESP,DF,Mainz 05,de Bundesliga,25,1997,20.5,02.05,1.32,1.22,0.54,0.29,01.02,1.95,52.5,0.93,01.07,0.05,01.02,0.73,2.78,1.51,0.00,Matchs
Clt,Joueur,Nation,Pos,Équipe,Comp,Âge,Naissance,90,Tcl,TclR,ZDéf,MilTer,ZOff,Tcl,Att,Tcl%,Manqués,Balles contrées,Tirs,Passe,Int,Tcl+Int,Dég,Err,Matchs
1676,Ander Martin,es ESP,"MT,AT",Real Sociedad,es La Liga,21,2000,0.5,4.00,4.00,2.00,2.00,0.00,2.00,8.00,25.0,6.00,0.00,0.00,0.00,0.00,4.00,2.00,0.00,Matchs
1677,Andrés Martín,es ESP,"AT,MT",Rayo Vallecano,es La Liga,23,1999,2.3,1.74,0.87,0.87,0.43,0.43,1.30,2.17,60.0,0.87,0.87,0.00,0.87,0.43,2.17,0.87,0.00,Matchs
1678,Carlos Martín,es ESP,"AT,MT",Atlético Madrid,es La Liga,20,2002,0.3,6.67,6.67,0.00,6.67,0.00,6.67,10.0,66.7,3.33,0.00,0.00,0.00,3.33,10.0,0.00,0.00,Matchs
1679,Iván Martín,es ESP,MT,Girona,es La Liga,23,1999,17.6,0.51,0.40,0.23,0.23,0.06,0.45,1.31,34.8,0.85,0.68,0.00,0.68,0.51,01.02,0.68,0.00,Matchs
1680,Jonas Martin,fr FRA,MT,Lille,fr Ligue 1,32,1990,3.1,2.90,2.26,1.29,1.61,0.00,1.61,4.52,35.7,2.90,0.97,0.32,0.65,2.26,5.16,0.97,0.00,Matchs
1681,Gabriel Martinelli,br BRA,AT,Arsenal,eng Premier League,21,2001,31.0,1.00,0.58,0.42,0.39,0.19,0.29,0.71,40.9,0.42,0.77,0.03,0.74,0.29,1.29,0.45,0.00,Matchs
1682,Arnau Martinez,es ESP,DF,Girona,es La Liga,19,2003,30.4,2.27,1.48,1.35,0.63,0.30,1.25,2.80,44.7,1.55,1.45,0.33,1.12,0.82,03.09,1.78,0.07,Matchs
1683,Emiliano Martínez,ar ARG,GB,Aston Villa,eng Premier League,29,1992,34.9,0.00,0.00,0.00,0.00,0.00,0.00,0.06,0.0,0.06,0.00,0.00,0.00,0.03,0.03,0.66,0.03,Matchs
1684,Iñigo Martínez,es ESP,DF,Athletic Club,es La Liga,31,1991,14.9,1.21,0.54,0.74,0.47,0.00,0.40,0.60,66.7,0.20,1.14,0.74,0.40,1.21,2.42,3.69,0.00,Matchs
1685,Lautaro Martínez,ar ARG,AT,Inter,it Serie A,24,1997,28.6,0.87,0.49,0.10,0.52,0.24,0.24,0.80,30.4,0.56,01.08,0.03,01.05,0.45,1.33,0.56,0.03,Matchs
1686,Lisandro Martínez,ar ARG,DF,Manchester Utd,eng Premier League,24,1998,23.5,2.30,1.19,1.40,0.77,0.13,1.28,1.83,69.8,0.55,2.17,1.15,01.02,1.40,3.70,4.38,0.00,Matchs
1687,Lucas Martínez Quarta,ar ARG,DF,Fiorentina,it Serie A,26,1996,24.1,3.32,1.99,1.83,1.33,0.17,1.74,2.53,68.9,0.79,1.70,0.79,0.91,1.99,5.31,3.24,0.04,Matchs
1688,Roger Martínez,es ESP,DF,Espanyol,es La Liga,18,2004,0.1,0.00,0.00,0.00,0.00,0.00,0.00,0.00,,0.00,0.00,0.00,0.00,0.00,0.00,0.00,0.00,Matchs
1689,Gelson Martins,pt POR,"MT,AT",Monaco,fr Ligue 1,27,1995,3.8,3.95,2.11,1.58,01.05,1.32,01.05,3.42,30.8,2.37,01.05,0.26,0.79,0.79,4.74,0.53,0.00,Matchs
1690,Adam Marušić,me MNE,DF,Lazio,it Serie A,29,1992,30.7,1.34,0.98,0.75,0.46,0.13,0.81,1.27,64.1,0.46,0.65,0.20,0.46,1.24,2.57,02.05,0.03,Matchs
1691,Omar Mascarell,es ESP,"MT,DF",Elche,es La Liga,29,1993,27.2,1.95,0.96,1.18,0.70,0.07,1.14,2.35,48.4,1.21,1.88,0.70,1.18,1.65,3.60,1.99,0.04,Matchs
1692,Adam Masina,ma MAR,DF,Udinese,it Serie A,28,1994,8.8,1.14,0.80,0.80,0.34,0.00,0.68,1.70,40.0,01.02,1.25,0.45,0.80,1.14,2.27,3.18,0.11,Matchs
1693,Jordi Masip,es ESP,GB,Valladolid,es La Liga,33,1989,27.9,0.00,0.00,0.00,0.00,0.00,0.00,0.07,0.0,0.07,0.00,0.00,0.00,0.04,0.04,0.11,0.07,Matchs
1694,Erhan Mašović,rs SRB,"DF,MT",Bochum,de Bundesliga,23,1998,24.2,02.07,1.28,1.16,0.87,0.04,1.24,2.11,58.8,0.87,1.24,0.58,0.66,1.12,3.18,3.26,0.00,Matchs
1695,Han-Noah Massengo,fr FRA,MT,Auxerre,fr Ligue 1,21,2001,12.4,2.18,1.21,0.81,1.21,0.16,0.56,1.29,43.8,0.73,0.97,0.24,0.73,1.13,3.31,0.56,0.00,Matchs
1696,Yanis Massolin,fr FRA,MT,Clermont Foot,fr Ligue 1,19,2002,0.7,2.86,1.43,1.43,0.00,1.43,0.00,1.43,0.0,1.43,1.43,0.00,1.43,2.86,5.71,0.00,0.00,Matchs
1697,Jaime Mata,es ESP,"AT,MT",Getafe,es La Liga,33,1988,4.9,2.65,02.04,0.82,01.02,0.82,1.43,4.49,31.8,03.06,1.43,0.41,01.02,0.61,3.27,1.22,0.00,Matchs
1698,Pape Matar Sarr,sn SEN,"MT,AT",Tottenham,eng Premier League,19,2002,2.4,2.92,2.50,1.67,0.83,0.42,1.67,3.33,50.0,1.67,1.25,0.83,0.42,2.50,5.42,2.50,0.00,Matchs
1699,Eliot Matazo,be BEL,MT,Monaco,fr Ligue 1,20,2002,13.1,1.98,0.92,0.84,0.99,0.15,0.84,1.98,42.3,1.15,1.37,0.31,01.07,1.15,3.13,0.84,0.08,Matchs
1700,Jean-Philippe Mateta,fr FRA,AT,Crystal Palace,eng Premier League,25,1997,8.6,0.81,0.12,0.23,0.47,0.12,0.12,0.35,33.3,0.23,0.35,0.12,0.23,0.35,1.16,02.09,0.00,Matchs
Clt,Joueur,Nation,Pos,Équipe,Comp,Âge,Naissance,90,Tcl,TclR,ZDéf,MilTer,ZOff,Tcl,Att,Tcl%,Manqués,Balles contrées,Tirs,Passe,Int,Tcl+Int,Dég,Err,Matchs
1701,Nemanja Matić,rs SRB,MT,Roma,it Serie A,33,1988,20.6,2.28,1.31,1.17,0.92,0.19,0.92,1.60,57.6,0.68,1.31,0.34,0.97,1.21,3.50,01.02,0.05,Matchs
1702,Joël Matip,cm CMR,DF,Liverpool,eng Premier League,30,1991,12.1,1.16,0.66,0.99,0.17,0.00,0.91,1.90,47.8,0.99,0.66,0.25,0.41,1.74,2.89,3.72,0.25,Matchs
1703,Henning Matriciani,de GER,DF,Schalke 04,de Bundesliga,22,2000,20.7,02.08,1.11,1.35,0.58,0.14,1.26,2.90,43.3,1.64,1.35,0.53,0.82,1.11,3.19,2.75,0.05,Matchs
1704,Chrislain Matsima,fr FRA,"DF,MT",Lorient,fr Ligue 1,20,2002,2.5,0.00,0.00,0.00,0.00,0.00,0.00,0.00,,0.00,1.20,1.20,0.00,0.80,0.80,2.80,0.00,Matchs
1705,Chrislain Matsima,fr FRA,DF,Monaco,fr Ligue 1,20,2002,5.0,2.20,1.20,1.40,0.40,0.40,0.80,1.40,57.1,0.60,1.00,1.00,0.00,1.80,4.00,3.20,0.00,Matchs
1706,Jean Mattéo Bahoya,fr FRA,"AT,MT",Angers,fr Ligue 1,17,2005,3.0,2.33,1.00,0.33,1.00,1.00,1.33,2.33,57.1,1.00,1.33,0.00,1.33,0.00,2.33,0.00,0.00,Matchs
1707,Azor Matusiwa,nl NED,MT,Reims,fr Ligue 1,24,1998,27.6,2.39,1.49,01.09,01.05,0.25,1.30,2.21,59.0,0.91,1.34,0.40,0.94,1.67,04.06,1.88,0.00,Matchs
1708,Neal Maupay,fr FRA,AT,Everton,eng Premier League,25,1996,12.4,0.89,0.40,0.24,0.32,0.32,0.16,0.32,50.0,0.16,0.65,0.00,0.65,0.40,1.29,0.00,0.00,Matchs
1709,Aïman Maurer,ma MAR,MT,Clermont Foot,fr Ligue 1,17,2004,5.6,0.36,0.18,0.18,0.18,0.00,0.18,1.79,10.0,1.61,0.18,0.00,0.18,0.54,0.89,0.89,0.00,Matchs
1710,Stephy Mavididi,eng ENG,AT,Montpellier,fr Ligue 1,24,1998,14.3,1.68,1.33,0.84,0.56,0.28,0.91,1.89,48.1,0.98,1.47,0.07,1.40,0.28,1.96,0.70,0.00,Matchs
1711,Konstantinos Mavropanos,gr GRE,DF,Stuttgart,de Bundesliga,24,1997,25.4,1.97,01.06,1.26,0.59,0.12,1.10,1.50,73.7,0.39,1.54,0.71,0.83,2.48,4.45,3.90,0.00,Matchs
1712,Christian Mawissa,fr FRA,DF,Toulouse,fr Ligue 1,17,2005,1.1,1.82,0.00,0.91,0.91,0.00,0.91,2.73,33.3,1.82,0.00,0.00,0.00,2.73,4.55,0.91,0.00,Matchs
1713,Philipp Max,de GER,DF,Eint Frankfurt,de Bundesliga,28,1993,7.7,1.56,1.17,0.52,0.91,0.13,0.65,02.08,31.3,1.43,1.30,0.26,01.04,0.39,1.95,1.43,0.00,Matchs
1714,Eric Maxim Choupo-Moting,cm CMR,AT,Bayern Munich,de Bundesliga,33,1989,12.4,0.81,0.56,0.16,0.48,0.16,0.08,0.16,50.0,0.08,0.65,0.00,0.65,0.00,0.81,0.40,0.00,Matchs
1715,Luís Maximiano,pt POR,GB,Lazio,it Serie A,23,1999,0.1,0.00,0.00,0.00,0.00,0.00,0.00,0.00,,0.00,0.00,0.00,0.00,0.00,0.00,0.00,0.00,Matchs
1716,Keke Maximilian Topp,de GER,AT,Schalke 04,de Bundesliga,18,2004,0.2,0.00,0.00,0.00,0.00,0.00,0.00,0.00,,0.00,0.00,0.00,0.00,5.00,5.00,0.00,0.00,Matchs
1717,Fernand Mayembo,cg CGO,DF,Ajaccio,fr Ligue 1,26,1996,7.9,01.01,0.63,0.76,0.25,0.00,0.51,1.14,44.4,0.63,0.25,0.00,0.25,1.39,2.41,4.56,0.00,Matchs
1718,Borja Mayoral,es ESP,AT,Getafe,es La Liga,25,1997,30.7,0.29,0.13,0.23,0.07,0.00,0.16,01.01,16.1,0.85,0.59,0.00,0.59,0.10,0.39,0.33,0.00,Matchs
1719,Ibrahim Maza,de GER,"MT,AT",Hertha BSC,de Bundesliga,16,2005,0.8,1.25,1.25,1.25,0.00,0.00,0.00,1.25,0.0,1.25,2.50,0.00,2.50,0.00,1.25,1.25,0.00,Matchs
1720,Derek Mazou-Sacko,fr FRA,MT,Troyes,fr Ligue 1,17,2004,0.2,0.00,0.00,0.00,0.00,0.00,0.00,5.00,0.0,5.00,5.00,0.00,5.00,5.00,5.00,5.00,0.00,Matchs
1721,Noussair Mazraoui,ma MAR,DF,Bayern Munich,de Bundesliga,24,1997,11.9,2.44,1.76,0.76,0.76,0.92,1.26,02.02,62.5,0.76,01.09,0.17,0.92,0.84,3.28,2.10,0.00,Matchs
1722,Pasquale Mazzocchi,it ITA,DF,Salernitana,it Serie A,27,1995,21.8,1.47,0.83,0.96,0.23,0.28,0.78,1.70,45.9,0.92,0.46,0.09,0.37,0.46,1.93,1.70,0.09,Matchs
1723,Kevin Mbabu,ch SUI,"DF,AT",Fulham,eng Premier League,27,1995,1.6,1.88,1.25,1.25,0.63,0.00,0.63,1.88,33.3,1.25,1.25,0.00,1.25,1.88,3.75,1.88,0.00,Matchs
1724,Noah Mbamba,be BEL,MT,Leverkusen,de Bundesliga,17,2005,0.0,0,0,0,0,0,0,0,,0,0,0,0,0,0,0,0,Matchs
1725,Kylian Mbappé,fr FRA,AT,Paris S-G,fr Ligue 1,23,1998,31.3,0.32,0.13,0.00,0.16,0.16,0.16,0.51,31.3,0.35,0.16,0.00,0.16,0.16,0.48,0.19,0.00,Matchs
Clt,Joueur,Nation,Pos,Équipe,Comp,Âge,Naissance,90,Tcl,TclR,ZDéf,MilTer,ZOff,Tcl,Att,Tcl%,Manqués,Balles contrées,Tirs,Passe,Int,Tcl+Int,Dég,Err,Matchs
1726,Mamadou Mbaye,sn SEN,DF,Cádiz,es La Liga,24,1998,8.4,1.19,0.83,0.83,0.36,0.00,0.71,0.95,75.0,0.24,1.19,0.95,0.24,0.83,02.02,5.95,0.12,Matchs
1727,Chancel Mbemba,cd COD,DF,Marseille,fr Ligue 1,27,1994,31.7,1.36,0.82,0.76,0.54,0.06,0.69,0.98,71.0,0.28,0.79,0.38,0.41,1.32,2.68,2.81,0.00,Matchs
1728,Bryan Mbeumo,cm CMR,AT,Brentford,eng Premier League,22,1999,32.3,0.80,0.56,0.15,0.40,0.25,0.25,1.30,19.0,01.05,0.74,0.03,0.71,0.40,1.21,0.65,0.00,Matchs
1729,Jason Mbock,fr FRA,"MT,AT",Angers,fr Ligue 1,22,1999,0.3,0.00,0.00,0.00,0.00,0.00,0.00,0.00,,0.00,0.00,0.00,0.00,0.00,0.00,0.00,0.00,Matchs
1730,Jean-Manuel Mbom,de GER,MT,Werder Bremen,de Bundesliga,22,2000,0.1,0.00,0.00,0.00,0.00,0.00,0.00,10.0,0.0,10.0,0.00,0.00,0.00,0.00,0.00,0.00,0.00,Matchs
1731,Nathanael Mbuku,fr FRA,"AT,MT",Reims,fr Ligue 1,20,2002,0.7,2.86,1.43,2.86,0.00,0.00,2.86,2.86,100.0,0.00,0.00,0.00,0.00,0.00,2.86,0.00,0.00,Matchs
1732,Nathanael Mbuku,fr FRA,"MT,AT",Augsburg,de Bundesliga,20,2002,0.4,2.50,0.00,0.00,2.50,0.00,0.00,0.00,,0.00,0.00,0.00,0.00,0.00,2.50,0.00,0.00,Matchs
1733,James McArthur,sct SCO,MT,Crystal Palace,eng Premier League,34,1987,0.6,1.67,1.67,1.67,0.00,0.00,1.67,1.67,100.0,0.00,3.33,1.67,1.67,1.67,3.33,3.33,0.00,Matchs
1734,Alex McCarthy,eng ENG,GB,Southampton,eng Premier League,32,1989,6.0,0.00,0.00,0.00,0.00,0.00,0.00,0.17,0.0,0.17,0.00,0.00,0.00,0.17,0.17,0.50,0.17,Matchs
1735,John McGinn,sct SCO,"MT,AT",Aston Villa,eng Premier League,27,1994,29.9,2.21,1.20,0.90,0.97,0.33,1.14,2.37,47.9,1.24,1.44,0.13,1.30,0.80,03.01,0.64,0.00,Matchs
1736,Scott McKenna,sct SCO,DF,Nott'ham Forest,eng Premier League,25,1996,17.5,0.69,0.40,0.40,0.17,0.11,0.34,0.57,60.0,0.23,1.14,0.80,0.34,0.69,1.37,4.86,0.06,Matchs
1737,Weston McKennie,us USA,MT,Leeds United,eng Premier League,23,1998,16.0,1.88,0.81,0.31,1.13,0.44,0.63,1.81,34.5,1.19,1.38,0.19,1.19,1.38,3.25,1.63,0.00,Matchs
1738,Weston McKennie,us USA,"MT,DF",Juventus,it Serie A,23,1998,11.7,1.20,0.43,0.26,0.77,0.17,0.43,0.68,62.5,0.26,1.28,0.34,0.94,0.94,2.14,1.28,0.09,Matchs
1739,Dwight McNeil,eng ENG,"AT,MT",Everton,eng Premier League,22,1999,27.8,2.30,1.47,1.26,0.50,0.54,0.97,2.23,43.5,1.26,1.65,0.25,1.40,1.12,3.42,1.47,0.00,Matchs
1740,Scott McTominay,sct SCO,MT,Manchester Utd,eng Premier League,25,1996,12.9,2.48,1.47,1.24,0.78,0.47,01.01,1.71,59.1,0.70,1.16,0.47,0.70,01.09,3.57,3.49,0.08,Matchs
1741,Gary Medel,cl CHI,"MT,DF",Bologna,it Serie A,34,1987,16.4,1.52,0.91,0.98,0.43,0.12,0.55,0.98,56.3,0.43,01.04,0.61,0.43,1.71,3.23,02.07,0.00,Matchs
1742,Facundo Medina,ar ARG,DF,Lens,fr Ligue 1,23,1999,30.9,1.00,0.65,0.52,0.49,0.00,0.42,1.13,37.1,0.71,0.81,0.29,0.52,0.84,1.84,02.01,0.03,Matchs
1743,Fernando Medrano,es ESP,DF,Celta Vigo,es La Liga,22,2000,0.1,20.0,10.0,20.0,0.00,0.00,10.0,10.0,100.0,0.00,0.00,0.00,0.00,10.0,30.0,10.0,0.00,Matchs
1744,Ben Mee,eng ENG,DF,Brentford,eng Premier League,32,1989,36.3,1.24,0.66,0.77,0.36,0.11,0.55,01.02,54.1,0.47,1.49,1.16,0.33,1.32,2.56,3.36,0.06,Matchs
1745,Bamo Meïté,ci CIV,DF,Lorient,fr Ligue 1,21,2001,16.7,01.08,0.48,0.78,0.24,0.06,0.42,0.96,43.8,0.54,1.98,1.38,0.60,0.96,02.04,4.19,0.00,Matchs
1746,Soualiho Meïté,fr FRA,MT,Cremonese,it Serie A,28,1994,26.3,1.79,1.18,0.95,0.57,0.27,0.84,1.75,47.8,0.91,01.03,0.23,0.80,01.03,2.81,1.37,0.00,Matchs
1747,Farid El Melali,dz ALG,"DF,AT",Angers,fr Ligue 1,25,1997,9.0,2.33,1.33,0.78,1.33,0.22,1.22,2.44,50.0,1.22,1.78,0.00,1.78,0.89,3.22,0.78,0.00,Matchs
1748,Gonzalo Melero,es ESP,MT,Almería,es La Liga,28,1994,20.6,1.55,0.78,0.44,0.87,0.24,0.53,1.89,28.2,1.36,1.12,0.10,01.02,0.34,1.89,0.92,0.05,Matchs
1749,Birger Meling,no NOR,DF,Rennes,fr Ligue 1,27,1994,13.4,1.79,1.12,0.67,0.90,0.22,0.90,1.87,48.0,0.97,1.34,0.15,1.19,1.72,3.51,1.94,0.00,Matchs
1750,Memphis,nl NED,AT,Atlético Madrid,es La Liga,28,1994,3.0,0.33,0.00,0.00,0.00,0.33,0.00,0.33,0.0,0.33,0.00,0.00,0.00,0.00,0.33,0.00,0.00,Matchs
Clt,Joueur,Nation,Pos,Équipe,Comp,Âge,Naissance,90,Tcl,TclR,ZDéf,MilTer,ZOff,Tcl,Att,Tcl%,Manqués,Balles contrées,Tirs,Passe,Int,Tcl+Int,Dég,Err,Matchs
1751,Memphis,nl NED,AT,Barcelona,es La Liga,28,1994,1.3,0.77,0.77,0.77,0.00,0.00,0.00,0.77,0.0,0.77,0.00,0.00,0.00,0.00,0.77,0.00,0.00,Matchs
1752,Houboulang Mendes,gw GNB,DF,Almería,es La Liga,24,1998,9.8,1.94,1.12,1.63,0.31,0.00,1.12,2.76,40.7,1.63,1.22,0.20,01.02,0.71,2.65,2.35,0.10,Matchs
1753,Nuno Mendes,pt POR,DF,Paris S-G,fr Ligue 1,20,2002,17.2,2.62,1.74,1.69,0.70,0.23,1.74,2.38,73.2,0.64,1.10,0.17,0.93,0.99,3.60,01.05,0.00,Matchs
1754,Pedro Mendes,pt POR,DF,Montpellier,fr Ligue 1,31,1990,0.1,0.00,0.00,0.00,0.00,0.00,0.00,0.00,,0.00,0.00,0.00,0.00,0.00,0.00,0.00,10.0,Matchs
1755,Thiago Mendes,br BRA,"MT,DF",Lyon,fr Ligue 1,30,1992,22.9,2.10,1.18,01.05,0.92,0.13,1.31,1.75,75.0,0.44,1.22,0.35,0.87,02.05,4.15,2.23,0.17,Matchs
1756,Brais Méndez,es ESP,MT,Real Sociedad,es La Liga,25,1997,26.7,2.17,1.27,0.67,1.12,0.37,0.90,2.40,37.5,1.50,01.01,0.11,0.90,0.45,2.62,0.52,0.04,Matchs
1757,Diego Méndez,es ESP,MT,Rayo Vallecano,es La Liga,18,2003,0.0,0,0,0,0,0,0,0,,0,0,0,0,1,1,0,0,Matchs
1758,Antoine Mendy,fr FRA,DF,Nice,fr Ligue 1,18,2004,5.8,3.79,2.24,2.76,0.86,0.17,1.55,2.59,60.0,01.03,01.03,0.17,0.86,0.34,4.14,2.76,0.00,Matchs
1759,Arial Mendy,sn SEN,DF,Clermont Foot,fr Ligue 1,27,1994,2.5,1.60,0.80,1.20,0.00,0.40,0.80,0.80,100.0,0.00,0.80,0.00,0.80,1.60,3.20,1.60,0.00,Matchs
1760,Batista Mendy,fr FRA,"MT,DF",Angers,fr Ligue 1,22,2000,31.8,2.20,0.94,01.07,0.88,0.25,1.16,1.67,69.8,0.50,1.19,0.19,01.01,0.66,2.86,0.91,0.06,Matchs
1761,Edouard Mendy,sn SEN,GB,Chelsea,eng Premier League,30,1992,9.5,0.00,0.00,0.00,0.00,0.00,0.00,0.00,,0.00,0.00,0.00,0.00,0.00,0.00,0.32,0.32,Matchs
1762,Ferland Mendy,fr FRA,DF,Real Madrid,es La Liga,27,1995,15.0,1.40,0.80,0.93,0.40,0.07,0.80,1.33,60.0,0.53,0.47,0.13,0.33,0.93,2.33,01.07,0.00,Matchs
1763,Nampalys Mendy,sn SEN,MT,Leicester City,eng Premier League,30,1992,8.4,1.55,01.07,0.83,0.71,0.00,0.95,1.79,53.3,0.83,2.38,0.48,1.90,1.55,3.10,0.24,0.00,Matchs
1764,Gideon Mensah,gh GHA,DF,Auxerre,fr Ligue 1,24,1998,25.1,3.19,1.75,1.71,1.27,0.20,1.75,03.07,57.1,1.31,1.31,0.40,0.92,1.51,4.70,1.63,0.00,Matchs
1765,Chris Mepham,wls WAL,DF,Bournemouth,eng Premier League,24,1997,24.4,1.84,0.90,1.52,0.33,0.00,0.78,1.23,63.3,0.45,1.64,1.11,0.53,1.23,03.07,6.23,0.00,Matchs
1766,Jorge Meré,es ESP,DF,Cádiz,es La Liga,25,1997,6.7,1.64,01.04,1.34,0.30,0.00,0.75,1.19,62.5,0.45,1.34,0.90,0.45,0.90,2.54,4.78,0.00,Matchs
1767,Alex Meret,it ITA,GB,Napoli,it Serie A,25,1997,34.0,0.00,0.00,0.00,0.00,0.00,0.00,0.00,,0.00,0.00,0.00,0.00,0.00,0.00,0.18,0.03,Matchs
1768,Mikel Merino,es ESP,MT,Real Sociedad,es La Liga,26,1996,27.7,2.78,1.77,01.01,1.19,0.58,1.12,2.24,50.0,1.12,1.37,0.29,01.08,0.72,3.50,1.84,0.04,Matchs
1769,Quentin Merlin,fr FRA,DF,Nantes,fr Ligue 1,20,2002,19.9,1.56,0.95,0.95,0.40,0.20,0.90,1.91,47.4,01.01,1.36,0.20,1.16,1.21,2.76,1.51,0.00,Matchs
1770,Yıldırım Mert Çetin,tr TUR,DF,Lecce,it Serie A,25,1997,0.2,5.00,0.00,5.00,0.00,0.00,0.00,0.00,,0.00,0.00,0.00,0.00,5.00,10.0,5.00,0.00,Matchs
1771,Roque Mesa,es ESP,MT,Valladolid,es La Liga,33,1989,18.0,1.50,0.83,0.89,0.56,0.06,0.67,2.11,31.6,1.44,0.89,0.22,0.67,0.72,2.22,1.00,0.00,Matchs
1772,Illan Meslier,fr FRA,GB,Leeds United,eng Premier League,22,2000,34.0,0.06,0.03,0.06,0.00,0.00,0.06,0.12,50.0,0.06,0.00,0.00,0.00,0.03,0.09,0.88,0.09,Matchs
1773,Lionel Messi,ar ARG,"AT,MT",Paris S-G,fr Ligue 1,35,1987,31.5,0.83,0.57,0.03,0.41,0.38,0.35,0.86,40.7,0.51,0.35,0.00,0.35,0.06,0.89,0.00,0.00,Matchs
1774,Junior Messias,br BRA,"AT,DF",Milan,it Serie A,31,1991,16.6,1.45,01.08,0.54,0.54,0.36,0.30,1.14,26.3,0.84,1.20,0.24,0.96,0.42,1.87,1.69,0.00,Matchs
1775,Amine Messoussa,fr FRA,AT,Lille,fr Ligue 1,17,2004,0.0,0,0,0,0,0,0,0,,0,0,0,0,0,0,0,0,Matchs
Clt,Joueur,Nation,Pos,Équipe,Comp,Âge,Naissance,90,Tcl,TclR,ZDéf,MilTer,ZOff,Tcl,Att,Tcl%,Manqués,Balles contrées,Tirs,Passe,Int,Tcl+Int,Dég,Err,Matchs
1776,Thomas Meunier,be BEL,DF,Dortmund,de Bundesliga,30,1991,6.5,2.46,01.08,1.23,0.77,0.46,1.54,2.62,58.8,01.08,01.08,0.31,0.77,1.38,3.85,2.46,0.00,Matchs
1777,Alexander Meyer,de GER,GB,Dortmund,de Bundesliga,31,1991,7.0,0.00,0.00,0.00,0.00,0.00,0.00,0.14,0.0,0.14,0.00,0.00,0.00,0.00,0.00,0.14,0.00,Matchs
1778,Sven Michel,de GER,"AT,MT",Union Berlin,de Bundesliga,32,1990,5.5,1.64,0.91,0.18,0.91,0.55,0.73,1.45,50.0,0.73,0.91,0.18,0.73,0.00,1.64,0.73,0.00,Matchs
1779,Alex Mighten,eng ENG,AT,Nott'ham Forest,eng Premier League,20,2002,0.1,0.00,0.00,0.00,0.00,0.00,0.00,10.0,0.0,10.0,0.00,0.00,0.00,0.00,0.00,0.00,0.00,Matchs
1780,Tommaso Milanese,it ITA,MT,Cremonese,it Serie A,20,2002,0.3,0.00,0.00,0.00,0.00,0.00,0.00,0.00,,0.00,3.33,3.33,0.00,0.00,0.00,0.00,0.00,Matchs
1781,Nikola Milenković,rs SRB,DF,Fiorentina,it Serie A,24,1997,23.7,1.69,01.05,0.84,0.72,0.13,0.76,1.14,66.7,0.38,1.14,0.59,0.55,0.93,2.62,03.04,0.00,Matchs
1782,Lewis Miley,eng ENG,MT,Newcastle Utd,eng Premier League,16,2006,0.2,0.00,0.00,0.00,0.00,0.00,0.00,0.00,,0.00,5.00,0.00,5.00,0.00,0.00,0.00,0.00,Matchs
1783,Arkadiusz Milik,pl POL,AT,Juventus,it Serie A,28,1994,17.6,0.68,0.45,0.11,0.45,0.11,0.11,0.45,25.0,0.34,0.57,0.06,0.51,0.06,0.74,0.80,0.00,Matchs
1784,Arkadiusz Milik,pl POL,AT,Marseille,fr Ligue 1,28,1994,1.4,0.71,0.71,0.00,0.00,0.71,0.00,0.71,0.0,0.71,0.00,0.00,0.00,0.00,0.71,1.43,0.00,Matchs
1785,Sergej Milinković-Savić,rs SRB,MT,Lazio,it Serie A,27,1995,33.6,1.73,01.04,0.65,0.68,0.39,0.71,1.99,35.8,1.28,1.49,0.36,1.13,0.83,2.56,1.46,0.00,Matchs
1786,Vanja Milinković-Savić,rs SRB,GB,Torino,it Serie A,25,1997,38.0,0.05,0.03,0.05,0.00,0.00,0.05,0.05,100.0,0.00,0.00,0.00,0.00,0.03,0.08,0.50,0.03,Matchs
1787,Éder Militão,br BRA,DF,Real Madrid,es La Liga,24,1998,30.0,1.53,01.07,0.83,0.60,0.10,0.87,1.10,78.8,0.23,2.23,1.30,0.93,1.40,2.93,3.47,0.07,Matchs
1788,Luka Milivojević,rs SRB,MT,Crystal Palace,eng Premier League,31,1991,5.7,2.28,1.23,1.23,0.70,0.35,1.23,1.75,70.0,0.53,2.28,0.70,1.58,2.11,4.39,1.75,0.18,Matchs
1789,Luis Milla,es ESP,MT,Getafe,es La Liga,27,1994,20.6,2.33,1.46,01.02,0.87,0.44,0.92,2.14,43.2,1.21,0.63,0.05,0.58,1.55,3.88,1.21,0.05,Matchs
1790,Pere Milla,es ESP,"AT,MT",Elche,es La Liga,29,1992,20.5,1.51,0.98,0.88,0.39,0.24,0.68,2.00,34.1,1.32,0.88,0.15,0.73,0.44,1.95,0.93,0.05,Matchs
1791,Enzo Millot,fr FRA,MT,Stuttgart,de Bundesliga,20,2002,9.9,2.32,1.62,0.91,01.01,0.40,1.21,1.92,63.2,0.71,02.02,0.30,1.72,1.21,3.54,0.71,0.00,Matchs
1792,James Milner,eng ENG,"MT,DF",Liverpool,eng Premier League,36,1986,10.1,2.57,1.58,01.09,01.09,0.40,1.49,3.37,44.1,1.88,1.39,0.20,1.19,1.19,3.76,1.49,0.00,Matchs
1793,Marko Milovanović,rs SRB,AT,Almería,es La Liga,18,2003,0.2,0.00,0.00,0.00,0.00,0.00,0.00,0.00,,0.00,0.00,0.00,0.00,0.00,0.00,0.00,0.00,Matchs
1794,Kim Min-jae,kr KOR,DF,Napoli,it Serie A,25,1996,33.9,1.62,0.88,0.94,0.65,0.03,0.74,0.86,86.2,0.12,01.06,0.77,0.29,1.21,2.83,3.63,0.03,Matchs
1795,Yerry Mina,co COL,DF,Everton,eng Premier League,27,1994,6.6,2.27,1.21,1.36,0.91,0.00,1.36,1.67,81.8,0.30,01.06,0.61,0.45,0.91,3.18,4.24,0.00,Matchs
1796,Takumi Minamino,jp JPN,"MT,AT",Monaco,fr Ligue 1,27,1995,8.0,1.88,1.00,0.63,0.88,0.38,0.88,4.38,20.0,3.50,1.75,0.00,1.75,0.75,2.63,0.50,0.00,Matchs
1797,Tyrone Mings,eng ENG,DF,Aston Villa,eng Premier League,29,1993,35.0,0.43,0.20,0.29,0.14,0.00,0.26,0.57,45.0,0.31,1.14,0.60,0.54,1.54,1.97,4.66,0.06,Matchs
1798,Óscar Mingueza,es ESP,DF,Celta Vigo,es La Liga,23,1999,14.3,2.59,1.47,1.89,0.63,0.07,1.75,2.24,78.1,0.49,0.70,0.28,0.42,0.84,3.43,1.75,0.00,Matchs
1799,Rafa Mir,es ESP,AT,Sevilla,es La Liga,25,1997,14.4,0.56,0.14,0.14,0.28,0.14,0.14,0.35,40.0,0.21,0.35,0.07,0.28,0.28,0.83,0.76,0.00,Matchs
1800,Aleksei Miranchuk,ru RUS,MT,Torino,it Serie A,26,1995,23.2,0.47,0.22,0.13,0.17,0.17,0.13,0.47,27.3,0.34,0.47,0.00,0.47,0.09,0.56,0.22,0.00,Matchs
Clt,Joueur,Nation,Pos,Équipe,Comp,Âge,Naissance,90,Tcl,TclR,ZDéf,MilTer,ZOff,Tcl,Att,Tcl%,Manqués,Balles contrées,Tirs,Passe,Int,Tcl+Int,Dég,Err,Matchs
1801,Juan Miranda,es ESP,DF,Betis,es La Liga,22,2000,16.4,1.40,0.98,0.98,0.37,0.06,0.85,1.77,48.3,0.91,1.22,0.43,0.79,1.22,2.62,3.84,0.00,Matchs
1802,Antonio Mirante,it ITA,GB,Milan,it Serie A,39,1983,0.0,0,0,0,0,0,0,0,,0,0,0,0,0,0,0,0,Matchs
1803,Fabio Miretti,it ITA,"MT,AT",Juventus,it Serie A,18,2003,13.7,1.75,0.80,01.09,0.44,0.22,0.88,2.12,41.4,1.24,1.46,0.07,1.39,0.29,02.04,0.80,0.00,Matchs
1804,Filippo Missori,it ITA,DF,Roma,it Serie A,18,2004,2.0,2.00,1.50,1.50,0.00,0.50,1.50,3.00,50.0,1.50,0.00,0.00,0.00,1.50,3.50,2.50,0.00,Matchs
1805,Tyrick Mitchell,eng ENG,DF,Crystal Palace,eng Premier League,22,1999,32.1,2.21,1.53,1.34,0.72,0.16,0.93,1.65,56.6,0.72,1.50,0.34,1.15,1.31,3.52,2.43,0.00,Matchs
1806,Kaoru Mitoma,jp JPN,"AT,MT",Brighton,eng Premier League,25,1997,25.8,1.71,01.05,0.58,0.62,0.50,0.78,1.59,48.8,0.81,0.97,0.00,0.97,0.66,2.36,0.39,0.00,Matchs
1807,Aleksandar Mitrović,rs SRB,AT,Fulham,eng Premier League,27,1994,22.3,0.63,0.31,0.36,0.18,0.09,0.22,0.54,41.7,0.31,0.99,0.22,0.76,0.13,0.76,0.90,0.04,Matchs
1808,Stefan Mitrović,rs SRB,DF,Getafe,es La Liga,32,1990,18.7,0.75,0.32,0.64,0.11,0.00,0.37,0.59,63.6,0.21,0.64,0.53,0.11,0.91,1.66,4.81,0.11,Matchs
1809,Maximilian Mittelstädt,de GER,"DF,MT",Hertha BSC,de Bundesliga,25,1997,9.4,4.15,2.13,3.30,0.64,0.21,1.81,4.15,43.6,2.34,1.38,0.21,1.17,2.77,6.91,2.87,0.00,Matchs
1810,Henrikh Mkhitaryan,am ARM,MT,Inter,it Serie A,33,1989,22.1,1.86,1.18,0.59,1.00,0.27,0.63,1.86,34.1,1.22,1.22,0.18,01.04,0.95,2.81,0.81,0.00,Matchs
1811,Anthony Modeste,fr FRA,AT,Dortmund,de Bundesliga,34,1988,9.0,0.44,0.44,0.22,0.00,0.22,0.22,0.56,40.0,0.33,0.78,0.00,0.78,0.22,0.67,2.44,0.00,Matchs
1812,Luka Modrić,hr CRO,MT,Real Madrid,es La Liga,36,1985,19.4,0.98,0.46,0.31,0.31,0.36,0.52,1.29,40.0,0.77,0.77,0.26,0.52,0.52,1.49,0.36,0.00,Matchs
1813,Terem Moffi,ng NGA,AT,Nice,fr Ligue 1,23,1999,14.8,0.81,0.41,0.00,0.41,0.41,0.14,0.81,16.7,0.68,0.20,0.00,0.20,0.14,0.95,0.34,0.00,Matchs
1814,Terem Moffi,ng NGA,AT,Lorient,fr Ligue 1,23,1999,15.4,0.52,0.32,0.06,0.26,0.19,0.19,0.32,60.0,0.13,0.71,0.19,0.52,0.19,0.71,0.65,0.00,Matchs
1815,Mostafa Mohamed,eg EGY,AT,Nantes,fr Ligue 1,24,1997,21.5,0.84,0.60,0.23,0.33,0.28,0.42,0.93,45.0,0.51,01.07,0.05,01.02,0.47,1.30,1.53,0.00,Matchs
1816,Tobias Mohr,de GER,"DF,MT",Schalke 04,de Bundesliga,26,1995,9.3,0.86,0.54,0.32,0.54,0.00,0.22,0.75,28.6,0.54,1.51,0.54,0.97,0.86,1.72,02.04,0.00,Matchs
1817,Johan Mojica,co COL,DF,Villarreal,es La Liga,29,1992,7.1,1.83,1.27,1.27,0.42,0.14,0.70,1.27,55.6,0.56,1.13,0.42,0.70,0.56,2.39,1.97,0.14,Matchs
1818,Johan Mojica,co COL,"DF,MT",Elche,es La Liga,29,1992,3.0,2.00,1.00,1.67,0.33,0.00,0.67,1.00,66.7,0.33,1.00,0.67,0.33,1.33,3.33,1.67,0.00,Matchs
1819,Clinton Mola,eng ENG,DF,Stuttgart,de Bundesliga,21,2001,0.2,15.0,5.00,10.0,5.00,0.00,5.00,5.00,100.0,0.00,5.00,5.00,0.00,5.00,20.0,10.0,0.00,Matchs
1820,Nahuel Molina,ar ARG,DF,Atlético Madrid,es La Liga,24,1998,31.9,2.16,1.35,1.19,0.56,0.41,1.22,2.85,42.9,1.63,1.19,0.22,0.97,0.56,2.73,1.97,0.03,Matchs
1821,Salvatore Molina,it ITA,DF,Monza,it Serie A,30,1992,2.5,2.40,2.00,0.80,1.60,0.00,1.60,2.00,80.0,0.40,1.60,0.80,0.80,0.40,2.80,0.80,0.00,Matchs
1822,Florent Mollet,fr FRA,MT,Nantes,fr Ligue 1,30,1991,12.1,1.16,0.50,0.41,0.33,0.41,0.58,1.98,29.2,1.40,0.99,0.08,0.91,0.83,1.98,0.91,0.00,Matchs
1823,Florent Mollet,fr FRA,MT,Schalke 04,de Bundesliga,30,1991,4.6,0.87,0.22,0.00,0.87,0.00,0.43,1.52,28.6,01.09,1.52,0.22,1.30,0.22,01.09,0.22,0.00,Matchs
1824,Jon Moncayola,es ESP,"MT,DF",Osasuna,es La Liga,24,1998,27.2,02.02,1.43,0.88,0.81,0.33,1.10,2.79,39.5,1.69,1.36,0.18,1.18,0.63,2.65,1.18,0.07,Matchs
1825,Monchu,es ESP,MT,Valladolid,es La Liga,22,1999,22.6,2.21,1.28,0.88,0.93,0.40,0.84,02.04,41.3,1.19,1.24,0.49,0.75,0.80,03.01,0.97,0.04,Matchs
Clt,Joueur,Nation,Pos,Équipe,Comp,Âge,Naissance,90,Tcl,TclR,ZDéf,MilTer,ZOff,Tcl,Att,Tcl%,Manqués,Balles contrées,Tirs,Passe,Int,Tcl+Int,Dég,Err,Matchs
1826,César Montes,mx MEX,DF,Espanyol,es La Liga,25,1997,17.7,0.96,0.51,0.56,0.40,0.00,0.56,01.02,55.6,0.45,01.07,0.68,0.40,0.79,1.75,5.71,0.00,Matchs
1827,Daniele Montevago,it ITA,AT,Sampdoria,it Serie A,19,2003,2.6,0.38,0.00,0.00,0.00,0.38,0.00,0.38,0.0,0.38,0.77,0.38,0.38,0.00,0.38,0.38,0.00,Matchs
1828,Gonzalo Montiel,ar ARG,DF,Sevilla,es La Liga,25,1997,16.9,1.54,0.89,0.71,0.83,0.00,0.89,1.72,51.7,0.83,1.48,0.41,01.07,1.12,2.66,2.25,0.00,Matchs
1829,Lorenzo Montipò,it ITA,GB,Hellas Verona,it Serie A,26,1996,37.0,0.03,0.00,0.03,0.00,0.00,0.00,0.08,0.0,0.08,0.03,0.00,0.03,0.00,0.03,0.70,0.08,Matchs
1830,Martín Montoya,es ESP,DF,Betis,es La Liga,31,1991,5.0,2.60,1.60,1.80,0.80,0.00,2.00,2.40,83.3,0.40,1.20,0.20,1.00,1.80,4.40,2.80,0.20,Matchs
1831,Kieffer Moore,wls WAL,AT,Bournemouth,eng Premier League,29,1992,14.2,0.99,0.77,0.14,0.63,0.21,0.35,1.13,31.3,0.77,0.85,0.35,0.49,0.07,01.06,1.83,0.00,Matchs
1832,Andrew Moran,ie IRL,AT,Brighton,eng Premier League,18,2003,0.1,0.00,0.00,0.00,0.00,0.00,0.00,0.00,,0.00,10.0,0.00,10.0,0.00,0.00,0.00,0.00,Matchs
1833,Álvaro Morata,es ESP,AT,Atlético Madrid,es La Liga,29,1992,21.1,0.76,0.52,0.19,0.38,0.19,0.14,0.38,37.5,0.24,0.52,0.14,0.38,0.00,0.76,01.09,0.00,Matchs
1834,Jon Morcillo,es ESP,"AT,MT",Athletic Club,es La Liga,23,1998,0.8,1.25,0.00,1.25,0.00,0.00,0.00,1.25,0.0,1.25,0.00,0.00,0.00,1.25,2.50,0.00,0.00,Matchs
1835,Alberto Moreno,es ESP,DF,Villarreal,es La Liga,30,1992,14.4,1.60,0.83,0.69,0.69,0.21,0.76,1.67,45.8,0.90,0.83,0.07,0.76,1.60,3.19,1.81,0.00,Matchs
1836,Álex Moreno,es ESP,DF,Aston Villa,eng Premier League,29,1993,14.8,1.55,0.95,01.01,0.34,0.20,0.88,2.43,36.1,1.55,1.22,0.20,01.01,0.47,02.03,2.50,0.14,Matchs
1837,Álex Moreno,es ESP,DF,Betis,es La Liga,29,1993,15.0,1.93,1.47,1.27,0.67,0.00,1.20,2.40,50.0,1.20,1.13,0.27,0.87,1.13,03.07,2.60,0.00,Matchs
1838,Diego Moreno,es ESP,DF,Osasuna,es La Liga,21,2001,7.1,0.56,0.56,0.28,0.28,0.00,0.42,1.13,37.5,0.70,0.99,0.56,0.42,0.70,1.27,2.96,0.00,Matchs
1839,Gerard Moreno,es ESP,AT,Villarreal,es La Liga,30,1992,13.7,0.80,0.44,0.00,0.44,0.36,0.22,0.44,50.0,0.22,0.44,0.15,0.29,0.36,1.17,0.73,0.00,Matchs
1840,Marlos Moreno,co COL,"MT,DF",Troyes,fr Ligue 1,25,1996,0.1,20.0,20.0,20.0,0.00,0.00,20.0,30.0,66.7,10.0,10.0,10.0,0.00,0.00,20.0,0.00,0.00,Matchs
1841,Tete Morente,es ESP,"MT,DF",Elche,es La Liga,25,1996,23.0,1.43,0.91,0.78,0.57,0.09,0.65,1.57,41.7,0.91,1.00,0.13,0.87,01.09,2.52,1.22,0.00,Matchs
1842,Ilaix Moriba,gn GUI,MT,Valencia,es La Liga,19,2003,11.2,3.13,1.43,1.25,1.52,0.36,1.25,2.14,58.3,0.89,0.98,0.09,0.89,0.36,3.48,01.07,0.00,Matchs
1843,Manu Morlanes,es ESP,MT,Villarreal,es La Liga,23,1999,1.8,1.67,1.11,1.11,0.56,0.00,1.67,1.67,100.0,0.00,1.67,1.11,0.56,0.56,2.22,1.11,0.00,Matchs
1844,Manu Morlanes,es ESP,MT,Mallorca,es La Liga,23,1999,7.8,2.82,1.15,1.54,01.03,0.26,1.67,03.08,54.2,1.41,1.28,0.64,0.64,0.64,3.46,1.15,0.00,Matchs
1845,Nikola Moro,hr CRO,MT,Bologna,it Serie A,24,1998,13.6,2.35,1.54,0.81,1.10,0.44,01.03,2.65,38.9,1.62,1.10,0.15,0.96,0.59,2.94,1.32,0.00,Matchs
1846,Loren Morón,es ESP,AT,Betis,es La Liga,28,1993,0.2,10.0,10.0,0.00,5.00,5.00,0.00,0.00,,0.00,0.00,0.00,0.00,0.00,10.0,5.00,0.00,Matchs
1847,Cristhian Mosquera,co COL,DF,Valencia,es La Liga,18,2004,1.6,2.50,1.25,1.88,0.63,0.00,2.50,3.13,80.0,0.63,0.63,0.00,0.63,0.63,3.13,3.13,0.00,Matchs
1848,Dany Mota,pt POR,"AT,MT",Monza,it Serie A,24,1998,21.2,0.38,0.33,0.05,0.14,0.19,0.09,0.47,20.0,0.38,0.24,0.05,0.19,0.28,0.66,1.18,0.00,Matchs
1849,Lebo Mothiba,za RSA,"AT,MT",Strasbourg,fr Ligue 1,26,1996,4.8,0.21,0.00,0.21,0.00,0.00,0.00,0.21,0.0,0.21,1.25,0.21,01.04,0.00,0.21,0.83,0.00,Matchs
1850,Youssoufa Moukoko,de GER,AT,Dortmund,de Bundesliga,17,2004,12.7,01.02,0.55,0.24,0.47,0.31,0.24,0.47,50.0,0.24,0.71,0.00,0.71,0.16,1.18,0.08,0.00,Matchs
Clt,Joueur,Nation,Pos,Équipe,Comp,Âge,Naissance,90,Tcl,TclR,ZDéf,MilTer,ZOff,Tcl,Att,Tcl%,Manqués,Balles contrées,Tirs,Passe,Int,Tcl+Int,Dég,Err,Matchs
1851,Steve Mounié,bj BEN,AT,Brest,fr Ligue 1,27,1994,18.4,0.71,0.27,0.05,0.38,0.27,0.27,0.76,35.7,0.49,0.98,0.38,0.60,0.16,0.87,01.09,0.00,Matchs
1852,Mason Mount,eng ENG,"MT,AT",Chelsea,eng Premier League,23,1999,18.3,1.80,01.04,0.33,0.87,0.60,0.77,1.48,51.9,0.71,1.31,0.33,0.98,0.44,2.24,0.49,0.00,Matchs
1853,Lucas Moura,br BRA,"MT,DF",Tottenham,eng Premier League,29,1992,1.7,4.71,2.94,0.59,1.76,2.35,0.59,2.35,25.0,1.76,0.00,0.00,0.00,1.18,5.88,0.59,0.59,Matchs
1854,Bevic Moussiti-Oko,cg CGO,AT,Ajaccio,fr Ligue 1,27,1995,7.8,0.38,0.13,0.13,0.13,0.13,0.13,0.26,50.0,0.13,0.64,0.38,0.26,0.26,0.64,01.03,0.00,Matchs
1855,João Moutinho,pt POR,MT,Wolves,eng Premier League,35,1986,19.8,2.58,1.52,1.21,01.06,0.30,0.96,2.32,41.3,1.36,1.11,0.30,0.81,0.91,3.48,01.01,0.00,Matchs
1856,João Moutinho,pt POR,"DF,AT",Spezia,it Serie A,24,1998,0.6,11.7,1.67,8.33,1.67,1.67,5.00,6.67,75.0,1.67,1.67,1.67,0.00,0.00,11.7,0.00,0.00,Matchs
1857,Samuel Moutoussamy,cd COD,MT,Nantes,fr Ligue 1,25,1996,26.7,2.40,1.27,01.01,01.05,0.34,0.97,2.85,34.2,1.87,0.86,0.07,0.79,0.90,3.30,0.56,0.00,Matchs
1858,Divin Mubama,eng ENG,AT,West Ham,eng Premier League,17,2004,0.4,2.50,2.50,2.50,0.00,0.00,0.00,0.00,,0.00,0.00,0.00,0.00,0.00,2.50,0.00,0.00,Matchs
1859,Mykhailo Mudryk,ua UKR,"AT,MT",Chelsea,eng Premier League,21,2001,7.3,1.51,1.23,0.27,0.55,0.68,0.55,1.78,30.8,1.23,0.96,0.14,0.82,0.00,1.51,0.41,0.00,Matchs
1860,François Mughe,cm CMR,MT,Marseille,fr Ligue 1,18,2004,0.1,0.00,0.00,0.00,0.00,0.00,0.00,0.00,,0.00,0.00,0.00,0.00,0.00,0.00,0.00,0.00,Matchs
1861,Nordi Mukiele,fr FRA,DF,Paris S-G,fr Ligue 1,24,1997,12.6,2.46,1.83,1.27,0.48,0.71,1.51,2.30,65.5,0.79,1.75,0.71,01.03,1.11,3.57,1.27,0.00,Matchs
1862,Mert Müldür,tr TUR,"AT,DF",Sassuolo,it Serie A,23,1999,0.1,0.00,0.00,0.00,0.00,0.00,0.00,0.00,,0.00,0.00,0.00,0.00,0.00,0.00,0.00,0.00,Matchs
1863,Florian Müller,de GER,GB,Stuttgart,de Bundesliga,24,1997,19.0,0.00,0.00,0.00,0.00,0.00,0.00,0.00,,0.00,0.00,0.00,0.00,0.00,0.00,0.37,0.21,Matchs
1864,Thomas Müller,de GER,"AT,MT",Bayern Munich,de Bundesliga,32,1989,18.5,1.14,0.65,0.27,0.49,0.38,0.32,0.86,37.5,0.54,01.03,0.16,0.86,0.22,1.35,0.86,0.00,Matchs
1865,Abdul Mumin,gh GHA,DF,Rayo Vallecano,es La Liga,24,1998,10.2,01.08,0.88,0.49,0.59,0.00,0.29,0.69,42.9,0.39,1.27,0.49,0.78,0.88,1.96,3.53,0.20,Matchs
1866,Marshall Munetsi,zw ZIM,MT,Reims,fr Ligue 1,26,1996,30.0,1.93,0.90,0.43,01.03,0.47,0.67,1.60,41.7,0.93,1.23,0.37,0.87,0.87,2.80,1.37,0.03,Matchs
1867,Iker Muniain,es ESP,"MT,AT",Athletic Club,es La Liga,29,1992,18.8,1.12,0.85,0.37,0.59,0.16,0.32,0.90,35.3,0.59,0.53,0.05,0.48,0.21,1.33,0.11,0.00,Matchs
1868,Aihen Muñoz,es ESP,DF,Real Sociedad,es La Liga,24,1997,19.5,1.95,1.18,0.87,0.87,0.21,1.13,2.41,46.8,1.28,1.33,0.26,01.08,0.46,2.41,1.95,0.00,Matchs
1869,Álvaro Muñoz,uy URU,AT,Real Madrid,es La Liga,18,2004,0.9,2.22,1.11,1.11,0.00,1.11,1.11,1.11,100.0,0.00,0.00,0.00,0.00,0.00,2.22,1.11,0.00,Matchs
1870,Iker Muñoz,es ESP,MT,Osasuna,es La Liga,19,2002,2.8,0.36,0.00,0.00,0.36,0.00,0.00,01.07,0.0,01.07,0.71,0.36,0.36,01.07,1.43,2.86,0.00,Matchs
1871,Pablo Muñoz,es ESP,MT,Rayo Vallecano,es La Liga,18,2003,0.1,0.00,0.00,0.00,0.00,0.00,0.00,10.0,0.0,10.0,0.00,0.00,0.00,0.00,0.00,0.00,0.00,Matchs
1872,Luis Muriel,co COL,"AT,MT",Atalanta,it Serie A,31,1991,11.9,0.76,0.50,0.17,0.25,0.34,0.42,1.34,31.3,0.92,0.76,0.00,0.76,0.17,0.92,0.17,0.00,Matchs
1873,Jeison Murillo,co COL,DF,Sampdoria,it Serie A,30,1992,11.7,1.88,0.94,1.37,0.51,0.00,1.45,2.22,65.4,0.77,1.88,1.20,0.68,0.68,2.56,3.33,0.00,Matchs
1874,Vedat Muriqi,xk KVX,AT,Mallorca,es La Liga,28,1994,32.6,0.37,0.21,0.12,0.21,0.03,0.09,0.40,23.1,0.31,0.58,0.21,0.37,0.37,0.74,2.24,0.00,Matchs
1875,Jacob Murphy,eng ENG,AT,Newcastle Utd,eng Premier League,27,1995,13.9,01.08,0.50,0.22,0.58,0.29,0.58,1.44,40.0,0.86,1.22,0.00,1.22,0.50,1.58,0.22,0.00,Matchs
Clt,Joueur,Nation,Pos,Équipe,Comp,Âge,Naissance,90,Tcl,TclR,ZDéf,MilTer,ZOff,Tcl,Att,Tcl%,Manqués,Balles contrées,Tirs,Passe,Int,Tcl+Int,Dég,Err,Matchs
1876,Nicola Murru,it ITA,DF,Sampdoria,it Serie A,27,1994,8.7,2.76,1.61,1.72,0.92,0.11,0.80,1.49,53.8,0.69,1.95,0.80,1.15,1.15,3.91,2.41,0.00,Matchs
1877,Yunus Musah,us USA,MT,Valencia,es La Liga,19,2002,23.4,02.05,1.50,0.73,0.98,0.34,0.85,1.28,66.7,0.43,0.85,0.04,0.81,0.47,2.52,0.68,0.09,Matchs
1878,Jamal Musiala,de GER,"MT,AT",Bayern Munich,de Bundesliga,19,2003,24.4,1.39,0.94,0.37,0.66,0.37,0.53,1.43,37.1,0.90,1.23,0.12,1.11,0.78,2.17,0.12,0.00,Matchs
1879,Juan Musso,ar ARG,GB,Atalanta,it Serie A,28,1994,23.1,0.04,0.04,0.04,0.00,0.00,0.04,0.04,100.0,0.00,0.00,0.00,0.00,0.00,0.04,0.48,0.04,Matchs
1880,Marlon Mustapha,at AUT,"AT,MT",Mainz 05,de Bundesliga,21,2001,0.8,2.50,2.50,0.00,2.50,0.00,0.00,0.00,,0.00,5.00,0.00,5.00,0.00,2.50,0.00,0.00,Matchs
1881,Yvon Mvogo,ch SUI,GB,Lorient,fr Ligue 1,28,1994,20.1,0.00,0.00,0.00,0.00,0.00,0.00,0.00,,0.00,0.00,0.00,0.00,0.10,0.10,0.30,0.15,Matchs
1882,Enock Mwepu,zm ZAM,"AT,MT",Brighton,eng Premier League,24,1998,2.4,4.17,02.08,0.42,2.50,1.25,1.25,1.67,75.0,0.42,1.25,0.42,0.83,0.42,4.58,0.42,0.00,Matchs
1883,Francisco Mwepu,zm ZAM,AT,Cádiz,es La Liga,22,2000,0.2,5.00,0.00,0.00,5.00,0.00,0.00,0.00,,0.00,0.00,0.00,0.00,0.00,5.00,0.00,0.00,Matchs
1884,Vitaliy Mykolenko,ua UKR,DF,Everton,eng Premier League,23,1999,29.5,1.97,1.15,1.22,0.64,0.10,0.95,1.73,54.9,0.78,1.69,0.54,1.15,1.56,3.53,3.36,0.00,Matchs
1885,Joakim Mæhle,dk DEN,"DF,MT",Atalanta,it Serie A,25,1997,24.5,1.31,0.73,0.49,0.29,0.53,0.90,1.59,56.4,0.69,1.18,0.24,0.94,0.98,2.29,01.06,0.00,Matchs
1886,Obite N'Dicka,ci CIV,DF,Eint Frankfurt,de Bundesliga,22,1999,29.9,0.84,0.60,0.33,0.37,0.13,0.60,01.07,56.3,0.47,1.57,0.64,0.94,01.04,1.87,05.02,0.00,Matchs
1887,Nathan N'Goumou,fr FRA,AT,Toulouse,fr Ligue 1,22,2000,1.0,3.00,2.00,2.00,1.00,0.00,1.00,1.00,100.0,0.00,2.00,0.00,2.00,2.00,5.00,0.00,0.00,Matchs
1888,Nathan N'Goumou,fr FRA,AT,M'Gladbach,de Bundesliga,22,2000,7.7,1.43,0.65,0.65,0.65,0.13,0.91,1.69,53.8,0.78,1.17,0.00,1.17,0.13,1.56,0.52,0.00,Matchs
1889,Stanley N'Soki,fr FRA,DF,Hoffenheim,de Bundesliga,23,1999,14.3,1.54,0.91,0.98,0.49,0.07,0.84,1.54,54.5,0.70,1.54,0.35,1.19,1.68,3.22,2.38,0.00,Matchs
1890,Herculano Nabian,pt POR,MT,Empoli,it Serie A,18,2004,0.0,0,0,0,0,0,0,0,,0,0,0,0,0,0,0,0,Matchs
1891,Nacho,es ESP,DF,Real Madrid,es La Liga,32,1990,18.2,1.32,0.88,0.93,0.27,0.11,0.66,1.59,41.4,0.93,0.60,0.33,0.27,0.99,2.31,02.03,0.00,Matchs
1892,Nikolas Nartey,dk DEN,"DF,MT",Stuttgart,de Bundesliga,22,2000,5.3,02.08,1.13,1.32,0.57,0.19,0.94,1.70,55.6,0.75,1.70,0.00,1.70,0.75,2.83,2.26,0.00,Matchs
1893,Juanjo Narváez,co COL,"MT,AT",Valladolid,es La Liga,27,1995,1.6,0.63,0.63,0.63,0.00,0.00,0.63,0.63,100.0,0.00,1.25,0.00,1.25,0.00,0.63,0.00,0.00,Matchs
1894,Matija Nastasić,rs SRB,DF,Mallorca,es La Liga,29,1993,10.1,0.99,0.79,0.69,0.10,0.20,0.30,0.59,50.0,0.30,01.09,0.40,0.69,1.78,2.77,4.26,0.10,Matchs
1895,Roberto Navarro,es ESP,"MT,AT",Real Sociedad,es La Liga,20,2002,3.9,1.28,01.03,01.03,0.00,0.26,0.26,0.51,50.0,0.26,1.79,0.00,1.79,0.51,1.79,0.51,0.00,Matchs
1896,Jesús Navas,es ESP,"DF,AT",Sevilla,es La Liga,36,1985,22.0,0.86,0.55,0.36,0.14,0.36,0.50,1.00,50.0,0.50,0.82,0.32,0.50,1.00,1.86,2.36,0.05,Matchs
1897,Keylor Navas,cr CRC,GB,Nott'ham Forest,eng Premier League,35,1986,17.0,0.00,0.00,0.00,0.00,0.00,0.00,0.00,,0.00,0.00,0.00,0.00,0.06,0.06,0.65,0.12,Matchs
1898,Michel Ndary Adopo,fr FRA,"MT,DF",Torino,it Serie A,22,2000,2.9,2.41,0.69,1.38,0.69,0.34,0.34,01.03,33.3,0.69,0.69,0.69,0.00,0.34,2.76,1.38,0.00,Matchs
1899,Youssouf Ndayishimiye,bi BDI,"MT,DF",Nice,fr Ligue 1,23,1998,6.3,02.06,1.43,1.27,0.79,0.00,0.95,1.75,54.5,0.79,1.27,0.79,0.48,1.90,3.97,3.49,0.16,Matchs
1900,Papa Ndiaga Yade,sn SEN,"DF,MT",Troyes,fr Ligue 1,22,2000,6.3,1.59,0.95,0.95,0.32,0.32,1.11,3.49,31.8,2.38,1.59,0.32,1.27,1.27,2.86,1.59,0.00,Matchs
Clt,Joueur,Nation,Pos,Équipe,Comp,Âge,Naissance,90,Tcl,TclR,ZDéf,MilTer,ZOff,Tcl,Att,Tcl%,Manqués,Balles contrées,Tirs,Passe,Int,Tcl+Int,Dég,Err,Matchs
1901,Wilfred Ndidi,ng NGA,MT,Leicester City,eng Premier League,25,1996,18.7,3.26,2.25,1.82,1.28,0.16,0.91,2.30,39.5,1.39,1.71,0.75,0.96,02.03,5.29,2.57,0.16,Matchs
1902,Tanguy Ndombele,fr FRA,MT,Napoli,it Serie A,25,1996,9.0,1.56,0.89,0.44,0.89,0.22,0.44,0.78,57.1,0.33,1.11,0.11,1.00,0.78,2.33,0.78,0.11,Matchs
1903,Álvaro Negredo,es ESP,AT,Cádiz,es La Liga,36,1985,8.4,0.60,0.48,0.12,0.24,0.24,0.24,0.24,100.0,0.00,0.48,0.12,0.36,0.00,0.60,0.95,0.00,Matchs
1904,Reiss Nelson,eng ENG,AT,Arsenal,eng Premier League,22,1999,2.4,1.67,0.42,0.83,0.42,0.42,0.83,1.67,50.0,0.83,1.25,0.00,1.25,0.00,1.67,1.67,0.00,Matchs
1905,Ilija Nestorovski,mk MKD,"AT,MT",Udinese,it Serie A,32,1990,7.1,0.99,0.42,0.28,0.14,0.56,0.70,1.55,45.5,0.85,0.85,0.14,0.70,0.28,1.27,1.41,0.00,Matchs
1906,Neto,br BRA,GB,Bournemouth,eng Premier League,33,1989,26.5,0.11,0.04,0.11,0.00,0.00,0.11,0.11,100.0,0.00,0.00,0.00,0.00,0.00,0.11,0.38,0.11,Matchs
1907,Pedro Neto,pt POR,"AT,MT",Wolves,eng Premier League,22,2000,10.7,01.03,0.56,0.37,0.19,0.47,0.65,1.59,41.2,0.93,0.47,0.09,0.37,0.37,1.40,0.37,0.00,Matchs
1908,Luca Netz,de GER,DF,M'Gladbach,de Bundesliga,19,2003,7.8,3.21,1.67,2.44,0.38,0.38,2.44,4.10,59.4,1.67,0.64,0.13,0.51,0.77,3.97,3.46,0.00,Matchs
1909,Manuel Neuer,de GER,GB,Bayern Munich,de Bundesliga,36,1986,12.0,0.00,0.00,0.00,0.00,0.00,0.00,0.00,,0.00,0.00,0.00,0.00,0.00,0.00,0.33,0.08,Matchs
1910,Florian Neuhaus,de GER,MT,M'Gladbach,de Bundesliga,25,1997,15.6,1.22,0.58,0.58,0.32,0.32,0.51,1.73,29.6,1.22,1.28,0.19,01.09,0.77,1.99,0.32,0.00,Matchs
1911,Rúben Neves,pt POR,MT,Wolves,eng Premier League,25,1997,33.5,2.36,1.28,0.93,0.99,0.45,0.96,2.21,43.2,1.25,1.76,0.66,1.10,1.49,3.85,2.54,0.03,Matchs
1912,Neymar,br BRA,"MT,AT",Paris S-G,fr Ligue 1,30,1992,17.2,1.28,0.81,0.35,0.52,0.41,0.52,1.10,47.4,0.58,0.41,0.06,0.35,0.23,1.51,0.06,0.06,Matchs
1913,Jessic Ngankam,de GER,"AT,MT",Hertha BSC,de Bundesliga,22,2000,9.2,1.52,0.98,0.76,0.43,0.33,0.65,1.52,42.9,0.87,0.65,0.11,0.54,0.11,1.63,0.43,0.00,Matchs
1914,Cyril Ngonge,be BEL,"MT,AT",Hellas Verona,it Serie A,22,2000,8.3,0.84,0.36,0.24,0.24,0.36,0.36,1.33,27.3,0.96,0.84,0.00,0.84,0.72,1.57,0.48,0.00,Matchs
1915,Moussa Niakhate,sn SEN,DF,Nott'ham Forest,eng Premier League,26,1996,12.9,1.40,0.70,1.16,0.23,0.00,0.85,1.71,50.0,0.85,1.40,0.62,0.78,1.47,2.87,4.65,0.00,Matchs
1916,Ibrahima Niane,sn SEN,AT,Angers,fr Ligue 1,23,1999,12.6,0.48,0.16,0.08,0.32,0.08,0.08,0.48,16.7,0.40,0.63,0.16,0.48,0.08,0.56,0.71,0.00,Matchs
1917,M'Baye Niang,sn SEN,AT,Auxerre,fr Ligue 1,27,1994,16.5,0.79,0.42,0.06,0.48,0.24,0.18,0.79,23.1,0.61,1.33,0.06,1.27,0.06,0.85,1.21,0.00,Matchs
1918,Tanguy Nianzou,fr FRA,DF,Sevilla,es La Liga,20,2002,15.2,1.32,0.99,0.66,0.59,0.07,0.53,0.72,72.7,0.20,0.53,0.33,0.20,01.05,2.37,2.89,0.20,Matchs
1919,Rasmus Nicolaisen,dk DEN,DF,Toulouse,fr Ligue 1,25,1997,33.3,1.44,0.63,01.02,0.42,0.00,0.87,1.38,63.0,0.51,1.74,1.35,0.39,1.50,2.94,4.56,0.00,Matchs
1920,Hans Nicolussi Caviglia,it ITA,MT,Salernitana,it Serie A,22,2000,6.5,2.31,0.92,0.77,1.23,0.31,1.38,2.31,60.0,0.92,1.38,0.00,1.38,01.08,3.38,01.08,0.15,Matchs
1921,Florian Niederlechner,de GER,"AT,MT",Augsburg,de Bundesliga,31,1990,10.1,0.99,0.50,0.50,0.40,0.10,0.40,0.69,57.1,0.30,1.58,0.20,1.39,0.10,01.09,0.89,0.00,Matchs
1922,Florian Niederlechner,de GER,AT,Hertha BSC,de Bundesliga,31,1990,8.7,01.03,0.80,0.23,0.46,0.34,0.23,0.92,25.0,0.69,0.80,0.00,0.80,0.34,1.38,1.15,0.00,Matchs
1923,Saúl Ñíguez,es ESP,"MT,DF",Atlético Madrid,es La Liga,27,1994,12.2,3.44,2.21,1.48,1.48,0.49,1.80,03.03,59.5,1.23,2.21,0.41,1.80,1.23,4.67,2.38,0.00,Matchs
1924,Dimitris Nikolaou,gr GRE,DF,Spezia,it Serie A,23,1998,32.9,1.37,0.97,0.94,0.30,0.12,0.76,1.12,67.6,0.36,1.25,0.79,0.46,0.82,2.19,2.49,0.00,Matchs
1925,Fernando Niño,es ESP,"MT,AT",Villarreal,es La Liga,21,2000,0.2,0.00,0.00,0.00,0.00,0.00,0.00,0.00,,0.00,0.00,0.00,0.00,0.00,0.00,0.00,0.00,Matchs
Clt,Joueur,Nation,Pos,Équipe,Comp,Âge,Naissance,90,Tcl,TclR,ZDéf,MilTer,ZOff,Tcl,Att,Tcl%,Manqués,Balles contrées,Tirs,Passe,Int,Tcl+Int,Dég,Err,Matchs
1926,Rasmus Nissen,dk DEN,DF,Leeds United,eng Premier League,25,1997,21.8,2.84,1.61,1.61,0.96,0.28,1.93,3.49,55.3,1.56,1.47,0.64,0.83,1.61,4.45,2.80,0.00,Matchs
1927,Justin Njinmah,de GER,AT,Dortmund,de Bundesliga,21,2000,0.2,0.00,0.00,0.00,0.00,0.00,0.00,0.00,,0.00,0.00,0.00,0.00,0.00,0.00,0.00,0.00,Matchs
1928,Eddie Nketiah,eng ENG,AT,Arsenal,eng Premier League,23,1999,12.1,01.07,0.74,0.50,0.17,0.41,0.17,0.83,20.0,0.66,0.58,0.08,0.50,0.08,1.16,0.58,0.00,Matchs
1929,Christopher Nkunku,fr FRA,"AT,MT",RB Leipzig,de Bundesliga,24,1997,21.1,0.28,0.19,0.09,0.05,0.14,0.05,0.28,16.7,0.24,0.38,0.14,0.24,0.38,0.66,0.52,0.00,Matchs
1930,Felix Nmecha,de GER,MT,Wolfsburg,de Bundesliga,21,2000,20.4,02.01,1.18,0.54,1.13,0.34,0.78,1.67,47.1,0.88,1.27,0.49,0.78,1.23,3.24,1.52,0.00,Matchs
1931,Lukas Nmecha,de GER,AT,Wolfsburg,de Bundesliga,23,1998,10.0,0.50,0.30,0.00,0.20,0.30,0.30,0.30,100.0,0.00,0.50,0.10,0.40,0.30,0.80,0.40,0.00,Matchs
1932,Arnaud Nordin,fr FRA,AT,Montpellier,fr Ligue 1,24,1998,26.7,0.97,0.52,0.37,0.45,0.15,0.45,01.05,42.9,0.60,0.71,0.04,0.67,0.52,1.50,0.26,0.00,Matchs
1933,Riad Nouri,fr FRA,"MT,AT",Ajaccio,fr Ligue 1,37,1985,18.8,1.12,0.64,0.37,0.53,0.21,0.64,1.54,41.4,0.90,0.43,0.05,0.37,0.80,1.91,0.59,0.00,Matchs
1934,Hugo Novoa,es ESP,"DF,AT",RB Leipzig,de Bundesliga,19,2003,2.0,4.00,1.00,0.50,1.50,2.00,2.00,3.50,57.1,1.50,2.00,0.00,2.00,0.50,4.50,0.00,0.00,Matchs
1935,Samuel Ntanda,be BEL,MT,Sampdoria,it Serie A,17,2005,0.0,0,0,0,0,0,0,0,,0,0,0,0,0,0,0,0,Matchs
1936,Randy Ntekja,fr FRA,"AT,MT",Elche,es La Liga,24,1997,8.1,1.85,1.23,0.86,0.74,0.25,0.25,1.36,18.2,1.11,1.85,0.37,1.48,0.49,2.35,1.11,0.00,Matchs
1937,Randy Ntekja,fr FRA,"AT,MT",Rayo Vallecano,es La Liga,24,1997,1.3,03.08,1.54,1.54,1.54,0.00,0.77,0.77,100.0,0.00,1.54,0.00,1.54,1.54,4.62,2.31,0.00,Matchs
1938,Alexander Nübel,de GER,GB,Monaco,fr Ligue 1,25,1996,38.0,0.00,0.00,0.00,0.00,0.00,0.00,0.03,0.0,0.03,0.00,0.00,0.00,0.03,0.03,0.26,0.08,Matchs
1939,Matheus Nunes,pt POR,MT,Wolves,eng Premier League,23,1998,27.4,2.45,1.57,1.31,0.80,0.33,01.02,2.23,45.9,1.20,1.28,0.15,1.13,0.58,03.03,1.28,0.07,Matchs
1940,Darwin Núñez,uy URU,AT,Liverpool,eng Premier League,23,1999,18.8,0.59,0.27,0.11,0.21,0.27,0.21,0.90,23.5,0.69,0.53,0.00,0.53,0.16,0.74,0.69,0.00,Matchs
1941,Unai Núñez,es ESP,DF,Celta Vigo,es La Liga,25,1997,35.0,1.34,1.00,0.83,0.43,0.09,0.51,0.97,52.9,0.46,0.77,0.49,0.29,02.06,3.40,3.86,0.03,Matchs
1942,Bram Nuytinck,nl NED,DF,Udinese,it Serie A,32,1990,4.3,1.63,0.93,0.70,0.93,0.00,0.93,1.86,50.0,0.93,1.40,1.40,0.00,1.16,2.79,5.12,0.00,Matchs
1943,Bram Nuytinck,nl NED,DF,Sampdoria,it Serie A,32,1990,16.6,3.25,2.29,1.99,1.27,0.00,1.39,02.05,67.6,0.66,2.17,1.27,0.90,1.39,4.64,05.06,0.00,Matchs
1944,Ethan Nwaneri,eng ENG,AT,Arsenal,eng Premier League,15,2007,0.0,0,0,0,0,0,0,0,,0,1,0,1,0,0,0,0,Matchs
1945,Gerzino Nyamsi,fr FRA,DF,Strasbourg,fr Ligue 1,25,1997,17.5,1.60,1.14,0.80,0.69,0.11,0.57,0.69,83.3,0.11,01.09,0.63,0.46,0.57,2.17,3.60,0.06,Matchs
1946,Ørjan Nyland,no NOR,GB,RB Leipzig,de Bundesliga,31,1990,2.0,0.00,0.00,0.00,0.00,0.00,0.00,0.00,,0.00,0.00,0.00,0.00,0.00,0.00,0.00,0.00,Matchs
1947,M'Bala Nzola,ao ANG,AT,Spezia,it Serie A,25,1996,29.5,0.41,0.17,0.00,0.20,0.20,0.10,0.31,33.3,0.20,0.68,0.20,0.47,0.24,0.64,0.71,0.00,Matchs
1948,Christian Nørgaard,dk DEN,MT,Brentford,eng Premier League,28,1994,19.6,2.65,1.53,01.07,1.48,0.10,0.92,2.45,37.5,1.53,1.63,0.46,1.17,1.73,4.39,02.09,0.10,Matchs
1949,Lewis O'Brien,eng ENG,MT,Nott'ham Forest,eng Premier League,23,1998,6.5,2.46,1.38,0.62,1.69,0.15,0.92,1.85,50.0,0.92,2.00,0.31,1.69,0.77,3.23,1.38,0.00,Matchs
1950,Pedro Obiang,gq EQG,MT,Sassuolo,it Serie A,30,1992,9.7,2.68,1.75,1.24,1.24,0.21,01.03,1.86,55.6,0.82,1.24,0.21,01.03,0.82,3.51,1.55,0.00,Matchs
Clt,Joueur,Nation,Pos,Équipe,Comp,Âge,Naissance,90,Tcl,TclR,ZDéf,MilTer,ZOff,Tcl,Att,Tcl%,Manqués,Balles contrées,Tirs,Passe,Int,Tcl+Int,Dég,Err,Matchs
1951,Jan Oblak,si SVN,GB,Atlético Madrid,es La Liga,29,1993,27.7,0.00,0.00,0.00,0.00,0.00,0.00,0.00,,0.00,0.00,0.00,0.00,0.04,0.04,0.29,0.00,Matchs
1952,Brian Ocampo,uy URU,"MT,AT",Cádiz,es La Liga,23,1999,12.4,1.45,1.21,0.97,0.40,0.08,0.65,1.69,38.1,01.05,01.05,0.00,01.05,0.24,1.69,0.24,0.00,Matchs
1953,Lucas Ocampos,ar ARG,"AT,MT",Sevilla,es La Liga,28,1994,12.9,1.71,01.09,0.70,0.70,0.31,0.62,2.40,25.8,1.78,1.32,0.16,1.16,0.62,2.33,0.39,0.00,Matchs
1954,Guillermo Ochoa,mx MEX,GB,Salernitana,it Serie A,37,1985,20.0,0.00,0.00,0.00,0.00,0.00,0.00,0.10,0.0,0.10,0.00,0.00,0.00,0.00,0.00,0.45,0.05,Matchs
1955,Wilson Odobert,fr FRA,"MT,AT",Troyes,fr Ligue 1,17,2004,19.6,01.02,0.71,0.51,0.36,0.15,0.46,1.28,36.0,0.82,0.56,0.00,0.56,0.77,1.79,0.26,0.00,Matchs
1956,Álvaro Odriozola,es ESP,DF,Real Madrid,es La Liga,26,1995,0.4,0.00,0.00,0.00,0.00,0.00,0.00,0.00,,0.00,0.00,0.00,0.00,0.00,0.00,0.00,0.00,Matchs
1957,Tim Oermann,de GER,DF,Bochum,de Bundesliga,18,2003,2.2,0.91,0.45,0.91,0.00,0.00,0.45,0.45,100.0,0.00,1.36,0.91,0.45,0.45,1.36,3.64,0.45,Matchs
1958,Odeluga Offiah,eng ENG,DF,Brighton,eng Premier League,19,2002,0.3,3.33,3.33,3.33,0.00,0.00,0.00,6.67,0.0,6.67,0.00,0.00,0.00,0.00,3.33,3.33,0.00,Matchs
1959,Angelo Ogbonna,it ITA,DF,West Ham,eng Premier League,34,1988,13.7,0.80,0.29,0.51,0.29,0.00,0.36,0.73,50.0,0.36,0.80,0.51,0.29,1.24,02.04,5.40,0.07,Matchs
1960,Florent Ogier,fr FRA,DF,Clermont Foot,fr Ligue 1,33,1989,18.9,1.75,0.85,01.06,0.63,0.05,1.16,02.06,56.4,0.90,1.16,0.69,0.48,0.95,2.70,3.39,0.05,Matchs
1961,Marios Oikonomou,gr GRE,DF,Sampdoria,it Serie A,29,1992,2.4,1.25,0.83,1.25,0.00,0.00,0.42,1.25,33.3,0.83,02.08,1.67,0.42,1.67,2.92,5.42,0.00,Matchs
1962,David Okereke,ng NGA,"AT,MT",Cremonese,it Serie A,24,1997,25.2,0.48,0.32,0.16,0.20,0.12,0.12,0.63,18.8,0.52,0.91,0.12,0.79,0.40,0.87,0.48,0.00,Matchs
1963,Caleb Okoli,it ITA,DF,Atalanta,it Serie A,21,2001,10.7,1.96,1.59,1.31,0.56,0.09,0.93,2.34,40.0,1.40,0.93,0.47,0.47,2.80,4.77,4.11,0.28,Matchs
1964,Olasagasti,es ESP,"MT,DF",Real Sociedad,es La Liga,21,2000,0.7,5.71,5.71,1.43,2.86,1.43,1.43,2.86,50.0,1.43,2.86,0.00,2.86,0.00,5.71,1.43,0.00,Matchs
1965,Lucas Olaza,uy URU,DF,Valladolid,es La Liga,28,1994,16.6,1.45,0.84,0.72,0.60,0.12,01.02,1.57,65.4,0.54,1.20,0.48,0.72,0.84,2.29,02.05,0.00,Matchs
1966,Finn Ole Becker,de GER,MT,Hoffenheim,de Bundesliga,22,2000,5.7,1.75,0.35,0.70,01.05,0.00,0.70,1.23,57.1,0.53,0.70,0.00,0.70,0.88,2.63,1.40,0.00,Matchs
1967,Mathias Olesen,lu LUX,MT,Köln,de Bundesliga,21,2001,5.3,1.89,0.94,0.75,0.75,0.38,0.94,1.51,62.5,0.57,1.13,0.19,0.94,0.38,2.26,0.57,0.00,Matchs
1968,Michael Olise,fr FRA,"AT,MT",Crystal Palace,eng Premier League,20,2001,30.5,1.90,1.11,0.92,0.85,0.13,0.82,1.97,41.7,1.15,1.51,0.03,1.48,0.85,2.75,0.56,0.00,Matchs
1969,Brian Oliván,es ESP,DF,Espanyol,es La Liga,28,1994,26.7,1.76,01.01,1.12,0.45,0.19,0.64,0.97,65.4,0.34,0.97,0.22,0.75,0.82,2.58,2.51,0.00,Matchs
1970,Lucas Oliveira Rosa,br BRA,DF,Valladolid,es La Liga,22,2000,10.3,3.79,1.75,2.23,0.97,0.58,1.17,1.94,60.0,0.78,1.17,0.19,0.97,1.46,5.24,2.33,0.00,Matchs
1971,Mathías Olivera,uy URU,DF,Napoli,it Serie A,24,1997,18.3,2.13,1.26,0.87,0.87,0.38,1.20,2.35,51.2,1.15,1.53,0.11,1.42,1.20,3.33,1.42,0.00,Matchs
1972,Dani Olmo,es ESP,"MT,AT",RB Leipzig,de Bundesliga,24,1998,14.2,01.06,0.63,0.07,0.70,0.28,0.42,0.99,42.9,0.56,01.06,0.00,01.06,0.42,1.48,0.42,0.00,Matchs
1973,Jan Olschowsky,de GER,GB,M'Gladbach,de Bundesliga,20,2001,4.0,0.00,0.00,0.00,0.00,0.00,0.00,0.25,0.0,0.25,0.25,0.00,0.25,0.00,0.00,0.25,0.00,Matchs
1974,Robin Olsen,se SWE,GB,Aston Villa,eng Premier League,32,1990,3.1,0.00,0.00,0.00,0.00,0.00,0.00,0.65,0.0,0.65,0.00,0.00,0.00,0.00,0.00,0.32,0.00,Matchs
1975,Warmed Omari,fr FRA,DF,Rennes,fr Ligue 1,22,2000,15.1,1.32,0.73,0.93,0.40,0.00,0.93,1.85,50.0,0.93,0.86,0.46,0.40,1.13,2.45,2.85,0.07,Matchs
Clt,Joueur,Nation,Pos,Équipe,Comp,Âge,Naissance,90,Tcl,TclR,ZDéf,MilTer,ZOff,Tcl,Att,Tcl%,Manqués,Balles contrées,Tirs,Passe,Int,Tcl+Int,Dég,Err,Matchs
1976,Jonas Omlin,ch SUI,GB,Montpellier,fr Ligue 1,28,1994,13.0,0.08,0.00,0.08,0.00,0.00,0.00,0.00,,0.00,0.00,0.00,0.00,0.00,0.08,0.62,0.08,Matchs
1977,Jonas Omlin,ch SUI,GB,M'Gladbach,de Bundesliga,28,1994,14.3,0.07,0.07,0.07,0.00,0.00,0.07,0.21,33.3,0.14,0.07,0.00,0.07,0.00,0.07,0.63,0.07,Matchs
1978,Ado Onaiwu,jp JPN,AT,Toulouse,fr Ligue 1,26,1995,12.0,0.92,0.50,0.33,0.33,0.25,0.42,01.08,38.5,0.67,0.42,0.08,0.33,0.17,01.08,0.42,0.00,Matchs
1979,Amadou Onana,be BEL,MT,Everton,eng Premier League,20,2001,27.6,2.61,1.56,0.87,1.52,0.22,01.09,1.52,71.4,0.43,0.91,0.22,0.69,1.34,3.95,1.41,0.00,Matchs
1980,André Onana,cm CMR,GB,Inter,it Serie A,26,1996,24.0,0.00,0.00,0.00,0.00,0.00,0.00,0.04,0.0,0.04,0.00,0.00,0.00,0.00,0.00,0.21,0.00,Matchs
1981,Jean Onana,cm CMR,"MT,DF",Lens,fr Ligue 1,22,2000,9.0,3.11,1.89,0.89,1.89,0.33,1.11,2.44,45.5,1.33,1.67,0.56,1.11,2.00,5.11,2.22,0.00,Matchs
1982,Karim Onisiwo,at AUT,"AT,MT",Mainz 05,de Bundesliga,30,1992,28.2,0.67,0.43,0.11,0.35,0.21,0.14,0.74,19.0,0.60,0.67,0.00,0.67,0.07,0.74,0.25,0.00,Matchs
1983,Josh Onomah,eng ENG,MT,Fulham,eng Premier League,25,1997,0.2,5.00,0.00,5.00,0.00,0.00,0.00,0.00,,0.00,5.00,0.00,5.00,0.00,5.00,0.00,0.00,Matchs
1984,Paul Onuachu,ng NGA,AT,Southampton,eng Premier League,28,1994,4.5,0.67,0.44,0.22,0.22,0.22,0.22,0.67,33.3,0.44,0.89,0.22,0.67,0.00,0.67,0.89,0.00,Matchs
1985,Frank Onyeka,ng NGA,MT,Brentford,eng Premier League,24,1998,9.4,02.02,1.49,1.17,0.74,0.11,01.06,2.66,40.0,1.60,1.70,0.32,1.38,01.06,03.09,1.70,0.00,Matchs
1986,Loïs Openda,be BEL,AT,Lens,fr Ligue 1,22,2000,28.0,0.39,0.32,0.07,0.21,0.11,0.07,0.46,15.4,0.39,0.32,0.00,0.32,0.07,0.46,0.21,0.00,Matchs
1987,Willi Orban,hu HUN,DF,RB Leipzig,de Bundesliga,29,1992,32.8,1.55,0.91,01.01,0.55,0.00,0.79,1.31,60.5,0.52,1.28,0.73,0.55,1.19,2.74,3.93,0.03,Matchs
1988,Ivan Ordets,ua UKR,DF,Bochum,de Bundesliga,30,1992,27.2,1.14,0.70,0.77,0.33,0.04,0.59,01.03,57.1,0.44,1.25,0.63,0.63,2.10,3.24,5.11,0.00,Matchs
1989,Divock Origi,be BEL,AT,Milan,it Serie A,27,1995,11.4,0.88,0.44,0.35,0.26,0.26,0.44,0.88,50.0,0.44,0.53,0.18,0.35,0.00,0.88,1.14,0.00,Matchs
1990,Aimar Oroz,es ESP,"MT,AT",Osasuna,es La Liga,20,2001,22.4,1.16,0.63,0.36,0.45,0.36,0.36,1.34,26.7,0.98,01.07,0.04,01.03,01.07,2.23,0.27,0.00,Matchs
1991,Mislav Oršić,hr CRO,MT,Southampton,eng Premier League,29,1992,0.1,10.0,10.0,10.0,0.00,0.00,0.00,0.00,,0.00,0.00,0.00,0.00,0.00,10.0,0.00,0.00,Matchs
1992,Riccardo Orsolini,it ITA,AT,Bologna,it Serie A,25,1997,23.6,1.27,0.81,0.64,0.42,0.21,0.72,1.74,41.5,01.02,1.23,0.13,1.10,0.34,1.61,0.76,0.00,Matchs
1993,Stefan Ortega,de GER,GB,Manchester City,eng Premier League,29,1992,3.0,0.00,0.00,0.00,0.00,0.00,0.00,0.00,,0.00,0.00,0.00,0.00,0.00,0.00,0.00,0.00,Matchs
1994,Pedro Ortiz,es ESP,MT,Sevilla,es La Liga,21,2000,0.0,0,0,0,0,0,0,0,,0,0,0,0,0,0,0,0,Matchs
1995,Jordi Osei-Tutu,eng ENG,"DF,AT",Bochum,de Bundesliga,23,1998,8.3,2.77,2.17,1.57,0.60,0.60,1.45,2.77,52.2,1.33,1.45,0.60,0.84,1.20,3.98,0.96,0.00,Matchs
1996,Victor Osimhen,ng NGA,AT,Napoli,it Serie A,23,1998,28.5,0.35,0.21,0.04,0.07,0.25,0.00,0.25,0.0,0.25,0.21,0.04,0.18,0.21,0.56,01.02,0.00,Matchs
1997,Patrick Osterhage,de GER,MT,Bochum,de Bundesliga,22,2000,11.4,1.75,1.49,0.70,0.88,0.18,0.96,1.40,68.8,0.44,1.49,0.53,0.96,01.05,2.81,2.19,0.00,Matchs
1998,Paulo Otávio,br BRA,DF,Wolfsburg,de Bundesliga,27,1994,22.7,3.17,02.03,02.03,0.75,0.40,1.94,2.91,66.7,0.97,1.85,0.26,1.59,1.32,4.49,03.08,0.04,Matchs
1999,Dango Ouattara,bf BFA,"MT,AT",Bournemouth,eng Premier League,20,2002,13.8,02.03,01.09,1.45,0.43,0.14,0.94,2.32,40.6,1.38,1.45,0.22,1.23,0.94,2.97,2.10,0.07,Matchs
2000,Dango Ouattara,bf BFA,"AT,MT",Lorient,fr Ligue 1,20,2002,17.2,2.38,1.51,1.16,0.64,0.58,0.87,1.63,53.6,0.76,1.40,0.35,01.05,1.10,3.49,1.22,0.00,Matchs
Clt,Joueur,Nation,Pos,Équipe,Comp,Âge,Naissance,90,Tcl,TclR,ZDéf,MilTer,ZOff,Tcl,Att,Tcl%,Manqués,Balles contrées,Tirs,Passe,Int,Tcl+Int,Dég,Err,Matchs
2001,Remi Oudin,fr FRA,"AT,MT",Lecce,it Serie A,25,1996,14.7,1.70,0.88,0.61,0.82,0.27,0.68,1.56,43.5,0.88,01.09,0.14,0.95,1.97,3.67,1.56,0.00,Matchs
2002,Zinédine Ould Khaled,fr FRA,"MT,AT",Angers,fr Ligue 1,22,2000,0.6,1.67,1.67,0.00,1.67,0.00,0.00,1.67,0.0,1.67,0.00,0.00,0.00,3.33,5.00,0.00,0.00,Matchs
2003,Azzedine Ounahi,ma MAR,"MT,AT",Marseille,fr Ligue 1,22,2000,1.3,1.54,0.77,0.77,0.77,0.00,0.00,1.54,0.0,1.54,0.77,0.00,0.77,0.00,1.54,0.00,0.00,Matchs
2004,Azzedine Ounahi,ma MAR,"MT,AT",Angers,fr Ligue 1,22,2000,12.5,1.52,0.64,0.40,01.04,0.08,0.80,1.60,50.0,0.80,0.64,0.00,0.64,1.20,2.72,0.32,0.08,Matchs
2005,Adam Ounas,dz ALG,AT,Napoli,it Serie A,25,1996,0.2,0.00,0.00,0.00,0.00,0.00,0.00,0.00,,0.00,0.00,0.00,0.00,5.00,5.00,0.00,0.00,Matchs
2006,Adam Ounas,dz ALG,"AT,MT",Lille,fr Ligue 1,25,1996,11.8,1.69,0.93,0.34,0.85,0.51,0.68,1.10,61.5,0.42,1.36,0.00,1.36,0.59,2.29,0.42,0.00,Matchs
2007,Thomas Ouwejan,nl NED,DF,Schalke 04,de Bundesliga,25,1996,10.0,2.00,0.80,1.30,0.50,0.20,0.60,1.00,60.0,0.40,1.70,0.40,1.30,1.30,3.30,2.70,0.00,Matchs
2008,Reece Oxford,eng ENG,DF,Augsburg,de Bundesliga,23,1998,1.0,1.00,1.00,1.00,0.00,0.00,0.00,0.00,,0.00,4.00,3.00,1.00,1.00,2.00,5.00,0.00,Matchs
2009,Alex Oxlade-Chamberlain,eng ENG,"AT,MT",Liverpool,eng Premier League,28,1993,3.7,1.35,01.08,0.27,0.54,0.54,0.27,1.35,20.0,01.08,1.35,0.54,0.81,0.27,1.62,01.08,0.00,Matchs
2010,Mikel Oyarzabal,es ESP,"AT,MT",Real Sociedad,es La Liga,25,1997,13.5,0.96,0.52,0.37,0.22,0.37,0.37,1.41,26.3,01.04,01.04,0.30,0.74,0.22,1.19,0.37,0.00,Matchs
2011,Salih Özcan,tr TUR,MT,Dortmund,de Bundesliga,24,1998,17.5,1.77,01.03,0.57,0.91,0.29,0.91,2.23,41.0,1.31,1.37,0.11,1.26,1.60,3.37,01.09,0.06,Matchs
2012,Cenk Özkacar,tr TUR,DF,Valencia,es La Liga,21,2000,15.2,1.78,1.32,1.12,0.66,0.00,0.92,1.25,73.7,0.33,0.92,0.13,0.79,0.79,2.57,03.09,0.26,Matchs
2013,David Ozoh,eng ENG,AT,Crystal Palace,eng Premier League,17,2005,0.0,0,0,0,0,0,0,0,,0,0,0,0,0,0,0,0,Matchs
2014,Levin Öztunalı,de GER,MT,Union Berlin,de Bundesliga,26,1996,0.1,0.00,0.00,0.00,0.00,0.00,0.00,10.0,0.0,10.0,0.00,0.00,0.00,0.00,0.00,0.00,0.00,Matchs
2015,Fernando Pacheco,es ESP,GB,Almería,es La Liga,30,1992,1.0,0.00,0.00,0.00,0.00,0.00,0.00,0.00,,0.00,0.00,0.00,0.00,0.00,0.00,1.00,0.00,Matchs
2016,Fernando Pacheco,es ESP,GB,Espanyol,es La Liga,30,1992,16.0,0.00,0.00,0.00,0.00,0.00,0.00,0.06,0.0,0.06,0.00,0.00,0.00,0.06,0.06,0.69,0.00,Matchs
2017,Jon Pacheco,es ESP,DF,Real Sociedad,es La Liga,21,2001,13.3,1.20,0.75,0.75,0.45,0.00,0.45,0.75,60.0,0.30,0.68,0.45,0.23,0.90,2.11,2.78,0.08,Matchs
2018,Gonçalo Paciência,pt POR,"AT,MT",Celta Vigo,es La Liga,27,1994,7.4,01.08,0.68,0.00,0.68,0.41,0.27,0.95,28.6,0.68,1.22,0.14,01.08,0.00,01.08,0.54,0.00,Matchs
2019,Simone Pafundi,it ITA,"MT,AT",Udinese,it Serie A,16,2006,0.9,8.89,5.56,1.11,5.56,2.22,2.22,4.44,50.0,2.22,0.00,0.00,0.00,1.11,10.0,0.00,0.00,Matchs
2020,Exequiel Palacios,ar ARG,MT,Leverkusen,de Bundesliga,23,1998,18.4,3.21,1.96,01.09,1.79,0.33,1.58,2.61,60.4,01.03,1.58,0.11,1.47,1.79,5.00,1.52,0.00,Matchs
2021,Helibelton Palacios,co COL,DF,Elche,es La Liga,29,1993,21.3,1.78,0.94,0.99,0.70,0.09,0.89,1.22,73.1,0.33,1.22,0.56,0.66,0.94,2.72,2.58,0.00,Matchs
2022,Ante Palaversa,hr CRO,MT,Troyes,fr Ligue 1,22,2000,0.3,3.33,3.33,3.33,0.00,0.00,0.00,0.00,,0.00,0.00,0.00,0.00,3.33,6.67,0.00,0.00,Matchs
2023,Isaac Palazón Camacho,es ESP,"AT,MT",Rayo Vallecano,es La Liga,27,1994,32.9,1.37,0.91,0.33,0.70,0.33,0.73,02.01,36.4,1.28,1.28,0.09,1.19,0.52,1.88,0.91,0.00,Matchs
2024,João Palhinha,pt POR,MT,Fulham,eng Premier League,27,1995,34.5,4.29,2.41,1.71,1.88,0.70,02.06,3.91,52.6,1.86,1.39,0.14,1.25,1.33,5.62,1.77,0.06,Matchs
2025,Nicolas Pallois,fr FRA,DF,Nantes,fr Ligue 1,34,1987,24.6,2.80,1.79,02.07,0.65,0.08,1.71,2.85,60.0,1.14,1.42,0.73,0.69,1.22,04.02,5.33,0.08,Matchs
Clt,Joueur,Nation,Pos,Équipe,Comp,Âge,Naissance,90,Tcl,TclR,ZDéf,MilTer,ZOff,Tcl,Att,Tcl%,Manqués,Balles contrées,Tirs,Passe,Int,Tcl+Int,Dég,Err,Matchs
2026,Cole Palmer,eng ENG,"MT,AT",Manchester City,eng Premier League,20,2002,4.1,1.22,0.24,0.00,0.73,0.49,0.73,1.22,60.0,0.49,0.49,0.24,0.24,0.24,1.46,0.49,0.00,Matchs
2027,Erik Palmer-Brown,us USA,DF,Troyes,fr Ligue 1,25,1997,35.5,1.18,0.76,0.87,0.28,0.03,0.51,0.93,54.5,0.42,1.58,0.82,0.76,0.73,1.92,4.68,0.03,Matchs
2028,Emerson Palmieri,it ITA,DF,West Ham,eng Premier League,27,1994,14.7,1.77,0.95,0.61,01.02,0.14,0.82,1.63,50.0,0.82,1.16,0.27,0.88,01.02,2.79,2.45,0.00,Matchs
2029,Miloš Pantović,rs SRB,MT,Union Berlin,de Bundesliga,26,1996,2.3,1.74,0.87,1.74,0.00,0.00,1.30,2.17,60.0,0.87,1.30,0.00,1.30,0.00,1.74,2.17,0.00,Matchs
2030,Flavio Paoletti,it ITA,MT,Sampdoria,it Serie A,19,2003,3.2,0.63,0.63,0.00,0.63,0.00,0.31,1.56,20.0,1.25,0.31,0.00,0.31,1.56,2.19,2.81,0.00,Matchs
2031,Antonios Papadopoulos,de GER,DF,Dortmund,de Bundesliga,22,1999,0.1,0.00,0.00,0.00,0.00,0.00,0.00,0.00,,0.00,0.00,0.00,0.00,10.0,10.0,0.00,0.00,Matchs
2032,Lucas Paquetá,br BRA,MT,West Ham,eng Premier League,24,1997,23.9,2.97,2.22,0.96,1.51,0.50,1.13,2.80,40.3,1.67,1.72,0.17,1.55,0.67,3.64,1.30,0.00,Matchs
2033,Lucas Paquetá,br BRA,MT,Lyon,fr Ligue 1,24,1997,1.8,2.78,2.22,0.00,2.78,0.00,0.56,1.67,33.3,1.11,1.11,0.00,1.11,0.56,3.33,1.67,0.00,Matchs
2034,Aitor Paredes,es ESP,DF,Athletic Club,es La Liga,22,2000,9.5,0.74,0.63,0.42,0.21,0.11,0.63,1.16,54.5,0.53,1.16,0.74,0.42,1.47,2.21,2.74,0.00,Matchs
2035,Kevin Paredes,us USA,"AT,MT",Wolfsburg,de Bundesliga,19,2003,5.9,2.20,1.53,01.02,0.51,0.68,1.53,02.03,75.0,0.51,1.19,0.00,1.19,01.02,3.22,1.36,0.00,Matchs
2036,Leandro Paredes,ar ARG,MT,Juventus,it Serie A,28,1994,10.9,1.74,1.19,0.64,01.01,0.09,0.92,02.02,45.5,1.10,0.73,0.00,0.73,1.56,3.30,02.02,0.00,Matchs
2037,Leandro Paredes,ar ARG,MT,Paris S-G,fr Ligue 1,28,1994,0.6,1.67,1.67,1.67,0.00,0.00,1.67,1.67,100.0,0.00,3.33,1.67,1.67,1.67,3.33,0.00,0.00,Matchs
2038,Daniel Parejo,es ESP,MT,Villarreal,es La Liga,33,1989,36.5,1.95,1.10,0.88,0.63,0.44,0.82,02.05,40.0,1.23,1.10,0.33,0.77,0.79,2.74,0.85,0.05,Matchs
2039,Fabiano Parisi,it ITA,DF,Empoli,it Serie A,21,2000,31.4,02.07,1.11,1.18,0.67,0.22,0.96,2.29,41.7,1.34,1.62,0.51,1.11,1.31,3.38,2.90,0.00,Matchs
2040,Moises Parra Gutierrez,es ESP,AT,Getafe,es La Liga,20,2002,0.1,10.0,0.00,0.00,10.0,0.00,0.00,0.00,,0.00,0.00,0.00,0.00,0.00,10.0,0.00,0.00,Matchs
2041,Raúl Parra,es ESP,DF,Cádiz,es La Liga,22,1999,3.4,1.18,0.59,1.18,0.00,0.00,1.18,2.65,44.4,1.47,1.47,0.88,0.59,0.29,1.47,2.65,0.00,Matchs
2042,Thomas Partey,gh GHA,MT,Arsenal,eng Premier League,29,1993,27.6,2.54,1.45,0.72,1.27,0.54,0.91,1.88,48.1,0.98,0.94,0.18,0.76,01.01,3.55,1.49,0.04,Matchs
2043,Marco Pašalić,hr CRO,MT,Dortmund,de Bundesliga,21,2000,0.1,0.00,0.00,0.00,0.00,0.00,0.00,0.00,,0.00,0.00,0.00,0.00,0.00,0.00,0.00,0.00,Matchs
2044,Mario Pašalić,hr CRO,"MT,AT",Atalanta,it Serie A,27,1995,19.7,1.12,0.51,0.30,0.71,0.10,0.30,1.17,26.1,0.86,1.12,0.20,0.91,01.07,2.18,0.66,0.00,Matchs
2045,Pascu,es ESP,"DF,AT",Villarreal,es La Liga,19,2003,0.1,0.00,0.00,0.00,0.00,0.00,0.00,0.00,,0.00,0.00,0.00,0.00,0.00,0.00,0.00,0.00,Matchs
2046,Felix Passlack,de GER,DF,Dortmund,de Bundesliga,24,1998,0.7,5.71,4.29,0.00,5.71,0.00,1.43,1.43,100.0,0.00,1.43,1.43,0.00,0.00,5.71,1.43,0.00,Matchs
2047,Javier Pastore,ar ARG,MT,Elche,es La Liga,33,1989,0.1,0.00,0.00,0.00,0.00,0.00,0.00,0.00,,0.00,0.00,0.00,0.00,0.00,0.00,0.00,0.00,Matchs
2048,Patric,es ESP,DF,Lazio,it Serie A,29,1993,15.7,01.08,0.70,0.76,0.19,0.13,0.70,01.02,68.8,0.32,01.08,0.76,0.32,0.70,1.78,3.38,0.06,Matchs
2049,Rui Patrício,pt POR,GB,Roma,it Serie A,34,1988,35.0,0.03,0.03,0.03,0.00,0.00,0.03,0.03,100.0,0.00,0.00,0.00,0.00,0.06,0.09,0.17,0.09,Matchs
2050,Nathan Patterson,sct SCO,"DF,MT",Everton,eng Premier League,20,2001,14.2,3.45,1.69,2.25,0.92,0.28,02.04,3.73,54.7,1.69,1.69,0.28,1.41,01.06,4.51,3.17,0.00,Matchs
Clt,Joueur,Nation,Pos,Équipe,Comp,Âge,Naissance,90,Tcl,TclR,ZDéf,MilTer,ZOff,Tcl,Att,Tcl%,Manqués,Balles contrées,Tirs,Passe,Int,Tcl+Int,Dég,Err,Matchs
2051,Paulinho,br BRA,AT,Leverkusen,de Bundesliga,22,2000,0.9,0.00,0.00,0.00,0.00,0.00,0.00,0.00,,0.00,1.11,0.00,1.11,0.00,0.00,2.22,0.00,Matchs
2052,Gabriel Paulista,br BRA,DF,Valencia,es La Liga,31,1990,16.7,01.02,0.54,0.78,0.24,0.00,0.78,1.14,68.4,0.36,1.32,0.84,0.48,1.92,2.93,4.73,0.12,Matchs
2053,Benjamin Pavard,fr FRA,DF,Bayern Munich,de Bundesliga,26,1996,27.0,2.59,1.52,1.33,0.96,0.30,1.33,1.78,75.0,0.44,1.30,0.59,0.70,1.63,4.22,03.07,0.00,Matchs
2054,Jiří Pavlenka,cz CZE,GB,Werder Bremen,de Bundesliga,30,1992,32.3,0.03,0.00,0.03,0.00,0.00,0.03,0.15,20.0,0.12,0.03,0.00,0.03,0.09,0.12,0.65,0.03,Matchs
2055,Dimitri Payet,fr FRA,"MT,AT",Marseille,fr Ligue 1,35,1987,9.3,0.65,0.43,0.22,0.22,0.22,0.32,01.08,30.0,0.75,0.43,0.00,0.43,0.00,0.65,0.43,0.00,Matchs
2056,Ben Pearson,eng ENG,MT,Bournemouth,eng Premier League,27,1995,3.2,2.19,0.94,0.94,0.94,0.31,0.31,0.94,33.3,0.63,1.25,0.00,1.25,0.63,2.81,1.88,0.00,Matchs
2057,Kristian Pedersen,dk DEN,DF,Köln,de Bundesliga,27,1994,3.1,1.61,1.29,1.29,0.32,0.00,0.00,0.65,0.0,0.65,0.97,0.00,0.97,1.94,3.55,5.48,0.00,Matchs
2058,Mads Pedersen,dk DEN,"DF,MT",Augsburg,de Bundesliga,25,1996,20.4,2.16,1.13,1.52,0.54,0.10,01.08,1.62,66.7,0.54,1.57,0.44,1.13,0.98,3.14,02.01,0.05,Matchs
2059,Alfonso Pedraza,es ESP,DF,Villarreal,es La Liga,26,1996,18.1,1.93,1.44,1.10,0.55,0.28,01.05,1.60,65.5,0.55,01.05,0.06,0.99,0.99,2.93,1.71,0.00,Matchs
2060,Pedri,es ESP,MT,Barcelona,es La Liga,19,2002,22.0,1.77,1.00,0.68,0.77,0.32,0.59,02.05,28.9,1.45,1.23,0.00,1.23,0.59,2.36,0.36,0.05,Matchs
2061,Pedro,es ESP,AT,Lazio,it Serie A,35,1987,21.1,1.66,1.14,0.66,0.47,0.52,0.52,1.42,36.7,0.90,0.85,0.09,0.76,0.28,1.94,0.19,0.05,Matchs
2062,Adrià Pedrosa,es ESP,"DF,MT",Espanyol,es La Liga,24,1998,2.5,2.00,0.40,2.00,0.00,0.00,1.60,2.80,57.1,1.20,0.40,0.40,0.00,2.00,4.00,1.20,0.00,Matchs
2063,Jordan Pefok,us USA,AT,Union Berlin,de Bundesliga,26,1996,15.1,0.99,0.46,0.20,0.26,0.53,0.13,1.13,11.8,0.99,1.13,0.33,0.79,0.26,1.26,0.99,0.00,Matchs
2064,Gianluca Pegolo,it ITA,GB,Sassuolo,it Serie A,41,1981,2.0,0.00,0.00,0.00,0.00,0.00,0.00,0.50,0.0,0.50,0.00,0.00,0.00,0.00,0.00,0.50,0.00,Matchs
2065,Dženan Pejčinović,de GER,AT,Wolfsburg,de Bundesliga,17,2005,0.1,0.00,0.00,0.00,0.00,0.00,0.00,0.00,,0.00,0.00,0.00,0.00,0.00,0.00,0.00,0.00,Matchs
2066,Peter Pekarík,sk SVK,DF,Hertha BSC,de Bundesliga,35,1986,2.3,1.74,1.30,1.74,0.00,0.00,1.74,2.61,66.7,0.87,2.61,0.87,1.74,1.74,3.48,03.04,0.00,Matchs
2067,Pietro Pellegri,it ITA,AT,Torino,it Serie A,21,2001,5.2,1.15,0.38,0.19,0.58,0.38,0.38,0.58,66.7,0.19,0.96,0.19,0.77,0.00,1.15,0.77,0.00,Matchs
2068,Lorenzo Pellegrini,it ITA,MT,Roma,it Serie A,26,1996,28.3,1.84,01.02,0.85,0.85,0.14,0.78,1.70,45.8,0.92,0.95,0.14,0.81,0.92,2.76,0.78,0.00,Matchs
2069,Luca Pellegrini,it ITA,DF,Lazio,it Serie A,23,1999,2.0,0.50,0.00,0.00,0.50,0.00,0.50,2.00,25.0,1.50,1.50,0.00,1.50,3.50,4.00,2.00,0.00,Matchs
2070,Luca Pellegrini,it ITA,DF,Eint Frankfurt,de Bundesliga,23,1999,6.2,2.10,1.29,1.61,0.48,0.00,1.29,1.29,100.0,0.00,1.29,0.32,0.97,1.13,3.23,1.77,0.16,Matchs
2071,Théo Pellenard,fr FRA,DF,Auxerre,fr Ligue 1,28,1994,1.1,0.91,0.00,0.91,0.00,0.00,0.91,0.91,100.0,0.00,2.73,0.91,1.82,1.82,2.73,1.82,0.00,Matchs
2072,Facundo Pellistri,uy URU,"AT,MT",Manchester Utd,eng Premier League,20,2001,0.7,1.43,1.43,0.00,1.43,0.00,0.00,0.00,,0.00,0.00,0.00,0.00,0.00,1.43,4.29,0.00,Matchs
2073,Timothee Pembele,fr FRA,DF,Paris S-G,fr Ligue 1,19,2002,2.9,1.72,1.72,01.03,0.34,0.34,0.69,1.38,50.0,0.69,0.69,0.00,0.69,1.38,3.10,0.69,0.00,Matchs
2074,Iñaki Peña,es ESP,GB,Barcelona,es La Liga,23,1999,0.8,0.00,0.00,0.00,0.00,0.00,0.00,0.00,,0.00,0.00,0.00,0.00,0.00,0.00,0.00,1.25,Matchs
2075,Rubén Peña,es ESP,"DF,MT",Osasuna,es La Liga,31,1991,14.2,2.25,1.27,0.70,1.27,0.28,1.41,2.89,48.8,1.48,1.62,0.56,01.06,1.20,3.45,2.18,0.00,Matchs
Clt,Joueur,Nation,Pos,Équipe,Comp,Âge,Naissance,90,Tcl,TclR,ZDéf,MilTer,ZOff,Tcl,Att,Tcl%,Manqués,Balles contrées,Tirs,Passe,Int,Tcl+Int,Dég,Err,Matchs
2076,Patrick Pentz,at AUT,GB,Reims,fr Ligue 1,25,1997,7.0,0.00,0.00,0.00,0.00,0.00,0.00,0.00,,0.00,0.00,0.00,0.00,0.00,0.00,0.14,0.00,Matchs
2077,Nicolas Pépé,ci CIV,"AT,MT",Nice,fr Ligue 1,27,1995,16.6,1.51,0.78,0.84,0.30,0.36,0.66,1.51,44.0,0.84,01.02,0.00,01.02,0.18,1.69,0.06,0.00,Matchs
2078,Ricardo Pepi,us USA,AT,Augsburg,de Bundesliga,19,2003,1.1,0.91,0.91,0.91,0.00,0.00,0.91,0.91,100.0,0.00,0.91,0.00,0.91,0.00,0.91,0.91,0.00,Matchs
2079,Pepín,gq EQG,MT,Monza,it Serie A,25,1996,12.5,2.24,1.52,0.80,0.88,0.56,0.72,2.16,33.3,1.44,1.12,0.24,0.88,01.04,3.28,1.36,0.00,Matchs
2080,Alberto Perea,es ESP,MT,Cádiz,es La Liga,31,1990,0.5,4.00,0.00,4.00,0.00,0.00,0.00,0.00,,0.00,4.00,0.00,4.00,0.00,4.00,0.00,0.00,Matchs
2081,Juan Perea,co COL,AT,Stuttgart,de Bundesliga,22,2000,4.6,01.09,0.87,0.00,0.43,0.65,0.43,0.87,50.0,0.43,0.43,0.22,0.22,0.22,1.30,0.65,0.00,Matchs
2082,Andreas Pereira,br BRA,MT,Fulham,eng Premier League,26,1996,29.9,0.60,0.30,0.10,0.20,0.30,0.27,1.10,24.2,0.84,0.70,0.10,0.60,0.20,0.80,0.27,0.00,Matchs
2083,Brayann Pereira,fr FRA,DF,Auxerre,fr Ligue 1,19,2003,2.0,3.00,2.50,2.50,0.50,0.00,0.50,2.50,20.0,2.00,1.00,1.00,0.00,1.00,4.00,4.00,0.50,Matchs
2084,Danilo Pereira,pt POR,"DF,MT",Paris S-G,fr Ligue 1,30,1991,26.8,1.19,0.63,0.56,0.52,0.11,0.71,0.97,73.1,0.26,0.97,0.71,0.26,1.34,2.54,2.20,0.04,Matchs
2085,Mathias Pereira Lage,pt POR,"MT,AT",Brest,fr Ligue 1,25,1996,14.0,1.43,0.50,0.36,1.00,0.07,0.79,02.07,37.9,1.29,0.71,0.07,0.64,1.00,2.43,0.86,0.00,Matchs
2086,Ricardo Pereira,pt POR,"DF,MT",Leicester City,eng Premier League,28,1993,5.0,2.20,1.40,1.60,0.60,0.00,1.40,3.40,41.2,2.00,1.60,0.40,1.20,0.80,3.00,4.00,0.00,Matchs
2087,Roberto Pereyra,ar ARG,"DF,MT",Udinese,it Serie A,31,1991,31.3,1.15,0.64,0.67,0.38,0.10,0.51,1.41,36.4,0.89,0.64,0.16,0.48,0.51,1.66,0.89,0.00,Matchs
2088,Ayoze Pérez,es ESP,"MT,AT",Leicester City,eng Premier League,29,1993,4.2,2.62,1.90,1.19,0.95,0.48,1.90,4.52,42.1,2.62,1.43,0.00,1.43,0.48,3.10,0.71,0.00,Matchs
2089,Ayoze Pérez,es ESP,"AT,MT",Betis,es La Liga,29,1993,15.4,02.01,0.97,0.58,01.04,0.39,0.65,2.60,25.0,1.95,1.43,0.00,1.43,0.84,2.86,0.32,0.00,Matchs
2090,Carles Pérez,es ESP,"MT,AT",Celta Vigo,es La Liga,24,1998,23.8,1.64,0.97,0.50,0.71,0.42,0.92,2.77,33.3,1.85,1.22,0.13,01.09,0.25,1.89,0.38,0.00,Matchs
2091,Francisco Perez,es ESP,"AT,MT",Valencia,es La Liga,19,2002,1.6,0.63,0.63,0.63,0.00,0.00,0.00,1.88,0.0,1.88,0.00,0.00,0.00,0.00,0.63,0.63,0.00,Matchs
2092,Kike Pérez,es ESP,MT,Valladolid,es La Liga,25,1997,25.6,2.62,1.29,1.17,1.25,0.20,0.98,2.66,36.8,1.68,01.02,0.27,0.74,0.78,3.40,01.09,0.00,Matchs
2093,Lucas Pérez,es ESP,AT,Cádiz,es La Liga,33,1988,7.0,0.43,0.29,0.29,0.14,0.00,0.14,0.43,33.3,0.29,0.29,0.00,0.29,0.14,0.57,0.43,0.00,Matchs
2094,Luis Pérez,es ESP,DF,Valladolid,es La Liga,27,1995,13.5,3.26,1.78,1.93,0.89,0.44,2.00,2.81,71.1,0.81,0.96,0.30,0.67,1.19,4.44,2.15,0.00,Matchs
2095,Nehuén Pérez,ar ARG,DF,Udinese,it Serie A,22,2000,31.3,2.46,1.28,1.73,0.64,0.10,1.25,1.76,70.9,0.51,1.69,0.73,0.96,1.12,3.58,3.39,0.03,Matchs
2096,Simone Perilli,it ITA,GB,Hellas Verona,it Serie A,27,1995,1.0,0.00,0.00,0.00,0.00,0.00,0.00,0.00,,0.00,0.00,0.00,0.00,0.00,0.00,0.00,0.00,Matchs
2097,Mattia Perin,it ITA,GB,Juventus,it Serie A,29,1992,10.5,0.00,0.00,0.00,0.00,0.00,0.00,0.00,,0.00,0.00,0.00,0.00,0.00,0.00,0.00,0.00,Matchs
2098,Samuele Perisan,it ITA,GB,Empoli,it Serie A,24,1997,7.0,0.00,0.00,0.00,0.00,0.00,0.00,0.00,,0.00,0.00,0.00,0.00,0.00,0.00,0.29,0.00,Matchs
2099,Ivan Perišić,hr CRO,"DF,MT",Tottenham,eng Premier League,33,1989,23.4,1.79,01.03,01.07,0.43,0.30,1.15,02.01,57.4,0.85,1.24,0.30,0.94,0.94,2.74,02.09,0.04,Matchs
2100,Romain Perraud,fr FRA,DF,Southampton,eng Premier League,24,1997,20.4,2.65,1.62,1.13,1.13,0.39,1.37,2.55,53.8,1.18,1.18,0.29,0.88,0.98,3.63,02.06,0.00,Matchs
Clt,Joueur,Nation,Pos,Équipe,Comp,Âge,Naissance,90,Tcl,TclR,ZDéf,MilTer,ZOff,Tcl,Att,Tcl%,Manqués,Balles contrées,Tirs,Passe,Int,Tcl+Int,Dég,Err,Matchs
2101,Gaëtan Perrin,fr FRA,"MT,AT",Auxerre,fr Ligue 1,26,1996,15.5,1.10,0.52,0.32,0.39,0.39,0.52,1.94,26.7,1.42,0.97,0.00,0.97,0.65,1.74,0.58,0.00,Matchs
2102,Lucas Perrin,fr FRA,DF,Strasbourg,fr Ligue 1,23,1998,19.6,2.24,1.38,1.43,0.71,0.10,1.28,2.50,51.0,1.22,0.66,0.26,0.41,1.84,04.08,2.70,0.00,Matchs
2103,Máximo Perrone,ar ARG,MT,Manchester City,eng Premier League,19,2003,0.2,0.00,0.00,0.00,0.00,0.00,0.00,0.00,,0.00,5.00,0.00,5.00,0.00,0.00,0.00,0.00,Matchs
2104,Matteo Pessina,it ITA,MT,Monza,it Serie A,25,1997,32.6,1.75,1.10,0.86,0.64,0.25,0.80,1.90,41.9,1.10,1.53,0.46,01.07,1.13,2.88,01.01,0.03,Matchs
2105,Andrea Petagna,it ITA,AT,Monza,it Serie A,27,1995,18.5,0.38,0.27,0.11,0.16,0.11,0.16,0.32,50.0,0.16,0.86,0.22,0.65,0.16,0.54,0.97,0.00,Matchs
2106,Nils Petersen,de GER,AT,Freiburg,de Bundesliga,33,1988,3.1,1.94,1.29,0.00,0.97,0.97,0.65,1.61,40.0,0.97,3.55,0.65,2.90,0.32,2.26,1.94,0.00,Matchs
2107,Lukas Petkov,bg BUL,"MT,AT",Augsburg,de Bundesliga,21,2000,1.6,3.13,0.63,2.50,0.63,0.00,1.25,1.88,66.7,0.63,2.50,0.63,1.88,0.63,3.75,0.00,0.00,Matchs
2108,Cameron Peupion,au AUS,MT,Brighton,eng Premier League,19,2002,0.1,0.00,0.00,0.00,0.00,0.00,0.00,0.00,,0.00,0.00,0.00,0.00,0.00,0.00,0.00,0.00,Matchs
2109,Germán Pezzella,ar ARG,DF,Betis,es La Liga,31,1991,27.9,1.47,1.00,1.15,0.32,0.00,0.93,1.36,68.4,0.43,1.15,0.54,0.61,1.79,3.26,4.62,0.04,Matchs
2110,Giuseppe Pezzella,it ITA,DF,Lecce,it Serie A,24,1997,10.2,02.06,0.88,1.57,0.20,0.29,0.88,1.57,56.3,0.69,01.08,0.29,0.78,0.78,2.84,03.04,0.10,Matchs
2111,Luca Pfeiffer,de GER,AT,Stuttgart,de Bundesliga,25,1996,7.8,0.13,0.13,0.13,0.00,0.00,0.00,0.13,0.0,0.13,0.51,0.00,0.51,0.13,0.26,0.64,0.00,Matchs
2112,Maximilian Philipp,de GER,AT,Wolfsburg,de Bundesliga,28,1994,1.3,1.54,0.77,0.77,0.77,0.00,0.77,0.77,100.0,0.00,0.77,0.00,0.77,0.00,1.54,0.00,0.00,Matchs
2113,Maximilian Philipp,de GER,"AT,MT",Werder Bremen,de Bundesliga,28,1994,4.9,1.22,01.02,0.61,0.41,0.20,0.20,1.84,11.1,1.63,1.43,0.20,1.22,0.61,1.84,0.82,0.00,Matchs
2114,Kalvin Phillips,eng ENG,MT,Manchester City,eng Premier League,26,1995,3.3,1.82,1.21,0.91,0.91,0.00,0.61,03.03,20.0,2.42,2.12,0.91,1.21,1.52,3.33,03.03,0.00,Matchs
2115,Nathaniel Phillips,eng ENG,DF,Liverpool,eng Premier League,25,1997,0.7,2.86,1.43,0.00,2.86,0.00,2.86,2.86,100.0,0.00,0.00,0.00,0.00,2.86,5.71,1.43,0.00,Matchs
2116,Krzysztof Piątek,pl POL,AT,Salernitana,it Serie A,27,1995,23.8,0.76,0.46,0.13,0.38,0.25,0.21,0.88,23.8,0.67,0.71,0.17,0.55,0.08,0.84,1.64,0.00,Matchs
2117,Roberto Piccoli,it ITA,AT,Hellas Verona,it Serie A,21,2001,2.1,0.48,0.00,0.48,0.00,0.00,0.00,0.95,0.0,0.95,0.95,0.00,0.95,0.00,0.48,0.95,0.00,Matchs
2118,Roberto Piccoli,it ITA,AT,Empoli,it Serie A,21,2001,5.7,0.18,0.18,0.18,0.00,0.00,0.00,0.53,0.0,0.53,0.70,0.18,0.53,0.18,0.35,1.58,0.00,Matchs
2119,Charles Pickel,cd COD,MT,Cremonese,it Serie A,25,1997,27.6,1.99,0.83,0.91,0.94,0.14,1.16,02.07,56.1,0.91,1.34,0.18,1.16,0.87,2.86,1.30,0.04,Matchs
2120,Jordan Pickford,eng ENG,GB,Everton,eng Premier League,28,1994,37.0,0.00,0.00,0.00,0.00,0.00,0.00,0.03,0.0,0.03,0.00,0.00,0.00,0.11,0.11,0.41,0.08,Matchs
2121,Amos Pieper,de GER,DF,Werder Bremen,de Bundesliga,24,1998,21.7,2.12,1.29,1.15,0.88,0.09,1.11,1.84,60.0,0.74,01.06,0.51,0.55,1.38,3.50,4.33,0.05,Matchs
2122,Ronaël Pierre-Gabriel,fr FRA,DF,Espanyol,es La Liga,24,1998,2.6,6.54,3.46,4.62,1.54,0.38,1.92,4.23,45.5,2.31,1.92,0.77,1.15,3.46,10.0,4.23,0.00,Matchs
2123,Ronaël Pierre-Gabriel,fr FRA,DF,Strasbourg,fr Ligue 1,24,1998,7.3,3.42,2.47,1.51,1.64,0.27,02.05,2.33,88.2,0.27,2.19,0.41,1.78,1.23,4.66,03.01,0.00,Matchs
2124,Andrea Pinamonti,it ITA,AT,Sassuolo,it Serie A,23,1999,24.0,0.42,0.29,0.00,0.21,0.21,0.13,0.29,42.9,0.17,0.79,0.08,0.71,0.08,0.50,0.46,0.00,Matchs
2125,Ethan Pinnock,jm JAM,DF,Brentford,eng Premier League,29,1993,30.0,1.73,0.93,1.10,0.40,0.23,0.60,0.80,75.0,0.20,1.37,01.03,0.33,1.17,2.90,7.17,0.07,Matchs
Clt,Joueur,Nation,Pos,Équipe,Comp,Âge,Naissance,90,Tcl,TclR,ZDéf,MilTer,ZOff,Tcl,Att,Tcl%,Manqués,Balles contrées,Tirs,Passe,Int,Tcl+Int,Dég,Err,Matchs
2126,Yeremi Pino,es ESP,"AT,MT",Villarreal,es La Liga,19,2002,27.2,2.28,1.40,0.92,0.74,0.63,0.77,02.06,37.5,1.29,1.51,0.15,1.36,0.55,2.83,1.32,0.00,Matchs
2127,Gerard Piqué,es ESP,DF,Barcelona,es La Liga,35,1987,4.3,1.16,0.93,0.23,0.93,0.00,0.93,0.93,100.0,0.00,0.47,0.23,0.23,0.47,1.63,4.42,0.00,Matchs
2128,Lorenzo Pirola,it ITA,DF,Salernitana,it Serie A,20,2002,21.6,1.53,1.34,0.83,0.65,0.05,0.88,1.25,70.4,0.37,2.31,1.62,0.69,1.39,2.92,3.94,0.05,Matchs
2129,Niccolò Pisilli,it ITA,MT,Roma,it Serie A,17,2004,0.0,0,0,0,0,0,0,0,,0,0,0,0,0,0,0,0,Matchs
2130,Marko Pjaca,hr CRO,"MT,AT",Empoli,it Serie A,27,1995,5.8,0.69,0.52,0.52,0.17,0.00,0.52,0.86,60.0,0.34,0.52,0.00,0.52,0.52,1.21,0.52,0.00,Matchs
2131,Óscar Plano,es ESP,"AT,MT",Valladolid,es La Liga,31,1991,22.6,1.77,1.11,0.40,0.75,0.62,0.53,1.64,32.4,1.11,1.15,0.09,01.06,1.28,03.05,01.02,0.00,Matchs
2132,Gonzalo Plata,ec ECU,AT,Valladolid,es La Liga,21,2000,25.6,2.58,1.37,1.21,0.94,0.43,0.90,2.73,32.9,1.84,1.56,0.00,1.56,0.47,03.05,0.39,0.04,Matchs
2133,Marvin Plattenhardt,de GER,DF,Hertha BSC,de Bundesliga,30,1992,26.7,1.61,1.24,0.90,0.56,0.15,01.09,1.76,61.7,0.67,0.94,0.41,0.52,0.56,2.17,03.07,0.00,Matchs
2134,Alassane Pléa,fr FRA,AT,M'Gladbach,de Bundesliga,29,1993,19.7,0.81,0.41,0.25,0.36,0.20,0.41,1.32,30.8,0.91,1.17,0.15,01.02,0.61,1.42,0.71,0.00,Matchs
2135,Tommaso Pobega,it ITA,MT,Milan,it Serie A,23,1999,9.8,2.76,1.63,0.82,1.53,0.41,1.33,02.04,65.0,0.71,1.22,0.41,0.82,0.92,3.67,1.12,0.00,Matchs
2136,Daniel Podence,pt POR,"AT,MT",Wolves,eng Premier League,26,1995,19.7,1.37,0.86,0.66,0.46,0.25,0.30,1.57,19.4,1.27,0.96,0.00,0.96,0.36,1.73,0.30,0.00,Matchs
2137,Paul Pogba,fr FRA,"MT,AT",Juventus,it Serie A,29,1993,1.2,0.00,0.00,0.00,0.00,0.00,0.00,0.83,0.0,0.83,0.00,0.00,0.00,0.00,0.00,1.67,0.00,Matchs
2138,Joel Pohjanpalo,fi FIN,"AT,MT",Leverkusen,de Bundesliga,27,1994,0.0,0,0,0,0,0,0,0,,0,0,0,0,0,0,0,0,Matchs
2139,Matteo Politano,it ITA,AT,Napoli,it Serie A,28,1993,13.0,1.38,0.69,0.69,0.38,0.31,0.85,1.92,44.0,01.08,0.46,0.00,0.46,0.54,1.92,0.54,0.00,Matchs
2140,Sebastian Polter,de GER,AT,Schalke 04,de Bundesliga,31,1991,7.0,0.57,0.43,0.00,0.57,0.00,0.14,0.57,25.0,0.43,0.57,0.00,0.57,0.14,0.71,0.86,0.00,Matchs
2141,Ezequiel Ponce,ar ARG,"AT,MT",Elche,es La Liga,25,1997,12.5,0.72,0.56,0.00,0.48,0.24,0.00,0.56,0.0,0.56,0.48,0.08,0.40,0.08,0.80,01.04,0.00,Matchs
2142,Julien Ponceau,fr FRA,MT,Lorient,fr Ligue 1,21,2000,18.4,1.52,01.03,0.54,0.76,0.22,0.54,1.74,31.3,1.20,1.47,0.16,1.30,0.76,2.28,0.65,0.00,Matchs
2143,Marin Pongračić,hr CRO,DF,Lecce,it Serie A,24,1997,8.8,1.82,1.59,0.91,0.80,0.11,0.57,0.80,71.4,0.23,0.45,0.34,0.11,1.82,3.64,3.52,0.00,Matchs
2144,Nick Pope,eng ENG,GB,Newcastle Utd,eng Premier League,30,1992,36.2,0.03,0.00,0.03,0.00,0.00,0.03,0.08,33.3,0.06,0.00,0.00,0.00,0.00,0.03,0.75,0.06,Matchs
2145,Łukasz Poręba,pl POL,MT,Lens,fr Ligue 1,22,2000,2.9,1.72,1.38,0.69,0.34,0.69,0.69,01.03,66.7,0.34,01.03,0.00,01.03,1.38,3.10,0.69,0.00,Matchs
2146,Jackson Porozo,ec ECU,DF,Troyes,fr Ligue 1,21,2000,18.0,1.78,1.11,1.33,0.39,0.06,0.72,1.72,41.9,1.00,1.33,0.94,0.39,1.83,3.61,4.17,0.00,Matchs
2147,Pedro Porro,es ESP,"DF,MT",Tottenham,eng Premier League,22,1999,12.6,1.98,1.27,0.63,1.19,0.16,1.11,3.10,35.9,1.98,1.98,0.16,1.83,1.19,3.17,1.90,0.08,Matchs
2148,Francisco Portillo,es ESP,"MT,AT",Almería,es La Liga,32,1990,8.0,1.63,0.75,0.50,0.63,0.50,0.38,2.00,18.8,1.63,0.88,0.13,0.75,0.88,2.50,1.00,0.00,Matchs
2149,Portu,es ESP,"MT,DF",Getafe,es La Liga,30,1992,19.7,1.42,01.07,0.71,0.51,0.20,0.91,2.13,42.9,1.22,1.17,0.15,01.02,0.86,2.28,01.02,0.05,Matchs
2150,Stefan Posch,at AUT,DF,Bologna,it Serie A,25,1997,28.1,2.88,1.53,1.46,01.03,0.39,1.57,2.67,58.7,1.10,1.57,0.53,01.03,1.25,4.13,2.46,0.00,Matchs
Clt,Joueur,Nation,Pos,Équipe,Comp,Âge,Naissance,90,Tcl,TclR,ZDéf,MilTer,ZOff,Tcl,Att,Tcl%,Manqués,Balles contrées,Tirs,Passe,Int,Tcl+Int,Dég,Err,Matchs
2151,Stefan Posch,at AUT,DF,Hoffenheim,de Bundesliga,25,1997,0.2,0.00,0.00,0.00,0.00,0.00,0.00,0.00,,0.00,0.00,0.00,0.00,0.00,0.00,0.00,0.00,Matchs
2152,Yussuf Poulsen,dk DEN,AT,RB Leipzig,de Bundesliga,28,1994,4.6,1.30,0.87,0.22,0.87,0.22,0.43,01.09,40.0,0.65,0.65,0.22,0.43,0.00,1.30,01.09,0.00,Matchs
2153,José Pozo,es ESP,"MT,AT",Rayo Vallecano,es La Liga,26,1996,1.0,2.00,2.00,0.00,2.00,0.00,0.00,0.00,,0.00,0.00,0.00,0.00,1.00,3.00,1.00,0.00,Matchs
2154,Manuel Pozo,es ESP,AT,Valladolid,es La Liga,20,2001,0.2,0.00,0.00,0.00,0.00,0.00,0.00,0.00,,0.00,10.0,0.00,10.0,10.0,10.0,0.00,0.00,Matchs
2155,Alejandro Pozo Pozo,es ESP,DF,Almería,es La Liga,23,1999,20.9,1.77,0.91,0.81,0.81,0.14,1.29,2.54,50.9,1.24,1.44,0.24,1.20,1.24,03.01,2.15,0.05,Matchs
2156,Dennis Praet,be BEL,"MT,AT",Leicester City,eng Premier League,28,1994,7.2,1.67,1.25,0.69,0.83,0.14,0.83,1.53,54.5,0.69,1.67,0.28,1.39,0.69,2.36,0.83,0.00,Matchs
2157,Abdón Prats,es ESP,"AT,MT",Mallorca,es La Liga,29,1992,4.6,0.22,0.00,0.22,0.00,0.00,0.00,0.00,,0.00,01.09,0.00,01.09,0.00,0.22,0.43,0.00,Matchs
2158,Sanjin Prcić,ba BIH,MT,Strasbourg,fr Ligue 1,28,1993,18.1,1.49,0.66,0.33,0.88,0.28,01.05,1.71,61.3,0.66,1.22,0.39,0.83,1.38,2.87,1.22,0.00,Matchs
2159,Isaac Price,nir NIR,MT,Everton,eng Premier League,18,2003,0.4,0.00,0.00,0.00,0.00,0.00,0.00,2.50,0.0,2.50,2.50,2.50,0.00,0.00,0.00,0.00,0.00,Matchs
2160,Grischa Prömel,de GER,MT,Hoffenheim,de Bundesliga,27,1995,16.2,1.67,1.17,0.86,0.68,0.12,0.56,1.54,36.0,0.99,1.36,0.25,1.11,0.49,2.16,1.42,0.00,Matchs
2161,Ivan Provedel,it ITA,GB,Lazio,it Serie A,28,1994,37.9,0.03,0.00,0.03,0.00,0.00,0.00,0.00,,0.00,0.00,0.00,0.00,0.00,0.03,0.40,0.03,Matchs
2162,Javi Puado,es ESP,"AT,MT",Espanyol,es La Liga,24,1998,26.0,0.77,0.42,0.46,0.19,0.12,0.46,01.08,42.9,0.62,0.46,0.08,0.38,0.38,1.15,0.54,0.00,Matchs
2163,Mehdi Puch Herrantz,fr FRA,MT,Ajaccio,fr Ligue 1,18,2004,0.5,4.00,4.00,0.00,2.00,2.00,2.00,4.00,50.0,2.00,2.00,0.00,2.00,6.00,10.0,0.00,0.00,Matchs
2164,Tymoteusz Puchacz,pl POL,DF,Union Berlin,de Bundesliga,23,1999,0.6,1.67,0.00,1.67,0.00,0.00,0.00,0.00,,0.00,0.00,0.00,0.00,0.00,1.67,1.67,0.00,Matchs
2165,Arnau Puigmal,es ESP,"MT,AT",Almería,es La Liga,21,2001,8.5,2.59,1.65,1.18,0.82,0.59,1.41,2.00,70.6,0.59,0.82,0.00,0.82,1.29,3.88,0.71,0.00,Matchs
2166,Christian Pulisic,us USA,"AT,DF",Chelsea,eng Premier League,23,1998,9.1,1.21,0.66,0.33,0.66,0.22,0.33,0.55,60.0,0.22,0.88,0.11,0.77,0.44,1.65,0.44,0.00,Matchs
2167,Ignacio Pussetto,ar ARG,"MT,DF",Sampdoria,it Serie A,26,1995,1.7,3.53,1.76,1.18,1.76,0.59,1.76,2.35,75.0,0.59,2.35,0.00,2.35,0.00,3.53,1.76,0.00,Matchs
2168,Niklas Pyyhtiä,fi FIN,MT,Bologna,it Serie A,18,2003,1.2,0.83,0.00,0.00,0.83,0.00,0.00,0.83,0.0,0.83,0.83,0.83,0.00,0.83,1.67,3.33,0.00,Matchs
2169,Fabio Quagliarella,it ITA,AT,Sampdoria,it Serie A,39,1983,8.9,0.22,0.11,0.11,0.11,0.00,0.11,0.79,14.3,0.67,0.56,0.11,0.45,0.00,0.22,01.01,0.00,Matchs
2170,Giacomo Quagliata,it ITA,DF,Cremonese,it Serie A,22,2000,7.8,1.28,01.03,0.90,0.13,0.26,0.64,1.41,45.5,0.77,0.90,0.26,0.64,1.41,2.69,01.03,0.00,Matchs
2171,Eduardo Quaresma,pt POR,DF,Hoffenheim,de Bundesliga,20,2002,1.0,5.00,3.00,3.00,2.00,0.00,1.00,3.00,33.3,2.00,3.00,2.00,1.00,0.00,5.00,3.00,0.00,Matchs
2172,Joshua Quarshie,de GER,MT,Hoffenheim,de Bundesliga,18,2004,0.0,0,0,0,0,0,0,0,,0,0,0,0,0,0,0,0,Matchs
2173,Ghjuvanni Quilichini,fr FRA,GB,Ajaccio,fr Ligue 1,19,2002,0.9,0.00,0.00,0.00,0.00,0.00,0.00,0.00,,0.00,0.00,0.00,0.00,0.00,0.00,1.11,0.00,Matchs
2174,Domingos Quina,pt POR,MT,Elche,es La Liga,22,1999,3.1,0.97,0.65,0.65,0.32,0.00,0.32,0.97,33.3,0.65,1.61,0.00,1.61,0.97,1.94,0.32,0.00,Matchs
2175,Rubén Quintanilla,es ESP,DF,Mallorca,es La Liga,20,2002,0.0,0,0,0,0,0,0,0,,0,1,0,1,0,0,0,0,Matchs
Clt,Joueur,Nation,Pos,Équipe,Comp,Âge,Naissance,90,Tcl,TclR,ZDéf,MilTer,ZOff,Tcl,Att,Tcl%,Manqués,Balles contrées,Tirs,Passe,Int,Tcl+Int,Dég,Err,Matchs
2176,Adrien Rabiot,fr FRA,MT,Juventus,it Serie A,27,1995,30.5,2.13,1.15,01.02,0.75,0.36,0.98,1.87,52.6,0.89,1.21,0.23,0.98,0.85,2.98,1.44,0.03,Matchs
2177,Nemanja Radonjić,rs SRB,"MT,AT",Torino,it Serie A,26,1996,16.2,0.12,0.06,0.12,0.00,0.00,0.00,0.25,0.0,0.25,0.19,0.00,0.19,0.12,0.25,0.25,0.00,Matchs
2178,Ivan Radovanović,rs SRB,"MT,DF",Salernitana,it Serie A,33,1988,7.5,1.60,0.53,01.07,0.53,0.00,0.53,1.33,40.0,0.80,1.20,0.40,0.80,0.93,2.53,1.20,0.13,Matchs
2179,Ionuț Radu,ro ROU,GB,Cremonese,it Serie A,25,1997,9.0,0.00,0.00,0.00,0.00,0.00,0.00,0.00,,0.00,0.00,0.00,0.00,0.00,0.00,0.11,0.33,Matchs
2180,Ionuț Radu,ro ROU,GB,Auxerre,fr Ligue 1,25,1997,17.0,0.00,0.00,0.00,0.00,0.00,0.00,0.00,,0.00,0.00,0.00,0.00,0.00,0.00,0.18,0.18,Matchs
2181,Ștefan Radu,ro ROU,AT,Lazio,it Serie A,35,1986,0.0,0,0,0,0,0,0,0,,0,0,0,0,0,0,0,0,Matchs
2182,Antonio Raillo,es ESP,DF,Mallorca,es La Liga,30,1991,30.7,1.11,0.68,0.75,0.36,0.00,0.33,0.49,66.7,0.16,1.24,0.94,0.29,01.01,2.12,5.15,0.03,Matchs
2183,Antonio Raimondo,it ITA,AT,Bologna,it Serie A,18,2004,0.2,0.00,0.00,0.00,0.00,0.00,0.00,0.00,,0.00,0.00,0.00,0.00,0.00,0.00,5.00,0.00,Matchs
2184,Predrag Rajković,rs SRB,GB,Mallorca,es La Liga,26,1995,36.0,0.00,0.00,0.00,0.00,0.00,0.00,0.06,0.0,0.06,0.00,0.00,0.00,0.00,0.00,0.44,0.03,Matchs
2185,Ivan Rakitić,hr CRO,MT,Sevilla,es La Liga,34,1988,19.9,1.86,1.31,0.50,0.90,0.45,0.95,02.01,47.5,01.06,01.06,0.05,01.01,1.36,3.22,01.01,0.00,Matchs
2186,Diant Ramaj,de GER,GB,Eint Frankfurt,de Bundesliga,20,2001,1.0,0.00,0.00,0.00,0.00,0.00,0.00,0.00,,0.00,0.00,0.00,0.00,0.00,0.00,1.00,0.00,Matchs
2187,Largie Ramazani,be BEL,"AT,MT",Almería,es La Liga,21,2001,15.6,0.96,0.58,0.38,0.19,0.38,0.51,1.73,29.6,1.22,0.71,0.00,0.71,0.96,1.92,0.64,0.00,Matchs
2188,Simon Ramet,fr FRA,DF,Lille,fr Ligue 1,19,2003,0.0,0,0,0,0,0,0,0,,0,0,0,0,0,0,0,0,Matchs
2189,Adil Rami,fr FRA,DF,Troyes,fr Ligue 1,36,1985,17.7,01.07,0.79,0.73,0.28,0.06,0.96,1.81,53.1,0.85,1.30,0.90,0.40,1.41,2.49,4.24,0.17,Matchs
2190,Chris Ramos,es ESP,AT,Cádiz,es La Liga,25,1997,7.9,1.52,1.14,0.25,0.89,0.38,0.51,1.39,36.4,0.89,01.01,0.38,0.63,0.13,1.65,2.41,0.00,Matchs
2191,Sergio Ramos,es ESP,DF,Paris S-G,fr Ligue 1,36,1986,30.0,1.13,0.87,0.47,0.60,0.07,0.77,1.47,52.3,0.70,0.97,0.43,0.53,1.13,2.27,3.10,0.10,Matchs
2192,Aaron Ramsdale,eng ENG,GB,Arsenal,eng Premier League,24,1998,38.0,0.03,0.03,0.03,0.00,0.00,0.03,0.03,100.0,0.00,0.00,0.00,0.00,0.00,0.03,0.53,0.16,Matchs
2193,Aaron Ramsey,wls WAL,MT,Nice,fr Ligue 1,31,1990,17.6,2.67,1.42,01.02,01.08,0.57,0.91,2.22,41.0,1.31,1.42,0.23,1.19,0.97,3.64,01.02,0.06,Matchs
2194,Jacob Ramsey,eng ENG,"MT,AT",Aston Villa,eng Premier League,21,2001,29.3,2.35,1.33,0.78,1.19,0.38,01.09,2.35,46.4,1.26,1.64,0.27,1.37,0.78,3.14,1.16,0.00,Matchs
2195,Luca Ranieri,it ITA,DF,Fiorentina,it Serie A,23,1999,5.6,1.61,0.71,01.07,0.54,0.00,01.07,1.61,66.7,0.54,0.89,0.54,0.36,1.96,3.57,2.68,0.18,Matchs
2196,Andrea Ranocchia,it ITA,DF,Monza,it Serie A,34,1988,0.5,6.00,2.00,2.00,4.00,0.00,6.00,8.00,75.0,2.00,10.0,10.0,0.00,0.00,6.00,14.0,0.00,Matchs
2197,Filippo Ranocchia,it ITA,MT,Monza,it Serie A,21,2001,5.9,1.86,01.02,0.85,0.68,0.34,0.68,02.03,33.3,1.36,0.85,0.17,0.68,0.68,2.54,1.19,0.00,Matchs
2198,Lilian Raolisoa,fr FRA,"DF,MT",Angers,fr Ligue 1,22,2000,1.9,5.79,4.74,3.16,1.58,01.05,3.68,5.26,70.0,1.58,1.58,0.53,01.05,1.58,7.37,2.63,0.00,Matchs
2199,Raphinha,br BRA,AT,Barcelona,es La Liga,25,1996,23.0,1.26,0.83,0.43,0.30,0.52,0.48,1.35,35.5,0.87,1.43,0.04,1.39,0.61,1.87,0.48,0.04,Matchs
2200,Nicolai Rapp,de GER,"MT,DF",Werder Bremen,de Bundesliga,25,1996,0.8,3.75,1.25,3.75,0.00,0.00,0.00,3.75,0.0,3.75,0.00,0.00,0.00,0.00,3.75,1.25,0.00,Matchs
Clt,Joueur,Nation,Pos,Équipe,Comp,Âge,Naissance,90,Tcl,TclR,ZDéf,MilTer,ZOff,Tcl,Att,Tcl%,Manqués,Balles contrées,Tirs,Passe,Int,Tcl+Int,Dég,Err,Matchs
2201,Elba Rashani,xk KVX,"MT,AT",Clermont Foot,fr Ligue 1,29,1993,24.0,1.63,01.08,0.54,0.79,0.29,0.54,1.63,33.3,01.08,1.13,0.08,01.04,0.88,2.50,0.79,0.00,Matchs
2202,Marcus Rashford,eng ENG,AT,Manchester Utd,eng Premier League,24,1997,32.0,0.63,0.31,0.22,0.25,0.16,0.28,0.75,37.5,0.47,0.97,0.13,0.84,0.22,0.84,0.44,0.00,Matchs
2203,Giacomo Raspadori,it ITA,AT,Sassuolo,it Serie A,22,2000,0.5,0.00,0.00,0.00,0.00,0.00,0.00,0.00,,0.00,0.00,0.00,0.00,0.00,0.00,0.00,0.00,Matchs
2204,Giacomo Raspadori,it ITA,"AT,MT",Napoli,it Serie A,22,2000,10.1,0.99,0.79,0.00,0.59,0.40,0.40,0.99,40.0,0.59,0.89,0.00,0.89,0.40,1.39,0.40,0.00,Matchs
2205,Rafael Ratão,br BRA,"AT,MT",Toulouse,fr Ligue 1,26,1995,20.6,2.52,1.75,1.41,0.78,0.34,1.31,3.54,37.0,2.23,1.65,0.00,1.65,01.02,3.54,0.34,0.00,Matchs
2206,David Raum,de GER,"DF,MT",RB Leipzig,de Bundesliga,24,1998,18.7,02.09,1.34,1.23,0.64,0.21,0.91,1.55,58.6,0.64,1.28,0.32,0.96,0.86,2.94,1.39,0.05,Matchs
2207,Nicola Ravaglia,it ITA,GB,Sampdoria,it Serie A,33,1988,9.0,0.00,0.00,0.00,0.00,0.00,0.00,0.11,0.0,0.11,0.00,0.00,0.00,0.00,0.00,0.78,0.00,Matchs
2208,Rayan Raveloson,mg MAD,"DF,MT",Auxerre,fr Ligue 1,25,1997,27.0,1.41,0.85,0.78,0.59,0.04,0.85,1.22,69.7,0.37,1.59,0.44,1.15,1.44,2.85,2.59,0.00,Matchs
2209,David Raya,es ESP,GB,Brentford,eng Premier League,26,1995,38.0,0.00,0.00,0.00,0.00,0.00,0.00,0.05,0.0,0.05,0.03,0.00,0.03,0.03,0.03,0.26,0.08,Matchs
2210,Tim Ream,us USA,DF,Fulham,eng Premier League,34,1987,32.2,0.93,0.50,0.47,0.37,0.09,0.40,0.81,50.0,0.40,1.40,0.75,0.65,1.27,2.20,3.60,0.09,Matchs
2211,Ante Rebić,hr CRO,"AT,MT",Milan,it Serie A,28,1993,10.9,0.92,0.73,0.09,0.28,0.55,0.28,01.01,27.3,0.73,0.55,0.09,0.46,0.09,01.01,0.46,0.00,Matchs
2212,Arkadiusz Reca,pl POL,DF,Spezia,it Serie A,27,1995,24.1,1.83,1.16,0.91,0.50,0.41,0.79,1.33,59.4,0.54,0.87,0.21,0.66,1.00,2.82,2.24,0.00,Matchs
2213,Nathan Redmond,eng ENG,DF,Southampton,eng Premier League,28,1994,0.0,0,0,0,0,0,0,0,,0,0,0,0,0,0,0,0,Matchs
2214,Harrison Reed,eng ENG,MT,Fulham,eng Premier League,27,1995,31.8,1.38,0.85,0.53,0.66,0.19,0.50,1.60,31.4,1.10,1.70,0.38,1.32,0.60,1.98,1.13,0.00,Matchs
2215,Sergio Reguilón,es ESP,DF,Atlético Madrid,es La Liga,25,1996,3.4,02.06,1.47,1.47,0.59,0.00,1.47,02.06,71.4,0.59,0.88,0.00,0.88,0.59,2.65,1.18,0.00,Matchs
2216,Bobby Reid,jm JAM,"AT,DF",Fulham,eng Premier League,29,1993,27.5,1.53,0.87,0.51,0.51,0.51,0.58,1.31,44.4,0.73,0.91,0.11,0.80,0.73,2.25,01.02,0.04,Matchs
2217,Pepe Reina,es ESP,GB,Villarreal,es La Liga,39,1982,22.0,0.00,0.00,0.00,0.00,0.00,0.00,0.05,0.0,0.05,0.00,0.00,0.00,0.05,0.05,0.18,0.18,Matchs
2218,Jeff Reine-Adélaïde,fr FRA,MT,Troyes,fr Ligue 1,24,1998,2.6,1.15,0.77,0.77,0.38,0.00,0.38,0.77,50.0,0.38,0.77,0.00,0.77,0.77,1.92,0.38,0.00,Matchs
2219,Jeff Reine-Adélaïde,fr FRA,MT,Lyon,fr Ligue 1,24,1998,3.7,2.16,1.35,0.27,1.35,0.54,1.35,2.43,55.6,01.08,01.08,0.00,01.08,1.62,3.78,0.00,0.00,Matchs
2220,Reinier,br BRA,"MT,AT",Girona,es La Liga,20,2002,7.2,1.67,1.39,0.97,0.42,0.28,0.28,1.11,25.0,0.83,0.83,0.00,0.83,0.69,2.36,0.56,0.00,Matchs
2221,Rocco Reitz,de GER,MT,M'Gladbach,de Bundesliga,20,2002,0.0,0,0,0,0,0,0,0,,0,0,0,0,0,0,0,0,Matchs
2222,Karim Rekik,nl NED,DF,Sevilla,es La Liga,27,1994,13.1,0.84,0.38,0.61,0.23,0.00,0.31,0.38,80.0,0.08,0.92,0.38,0.53,0.76,1.60,1.83,0.00,Matchs
2223,Álex Remiro,es ESP,GB,Real Sociedad,es La Liga,27,1995,38.0,0.03,0.03,0.03,0.00,0.00,0.03,0.08,33.3,0.05,0.00,0.00,0.00,0.00,0.03,0.45,0.08,Matchs
2224,Panagiotis Retsos,gr GRE,DF,Hellas Verona,it Serie A,23,1998,1.4,3.57,2.86,1.43,1.43,0.71,2.14,2.14,100.0,0.00,2.86,0.71,2.14,1.43,5.00,2.14,0.00,Matchs
2225,Marco Reus,de GER,"MT,AT",Dortmund,de Bundesliga,33,1989,15.0,2.00,1.13,0.80,0.93,0.27,0.47,1.60,29.2,1.13,0.80,0.27,0.53,0.53,2.53,0.53,0.00,Matchs
Clt,Joueur,Nation,Pos,Équipe,Comp,Âge,Naissance,90,Tcl,TclR,ZDéf,MilTer,ZOff,Tcl,Att,Tcl%,Manqués,Balles contrées,Tirs,Passe,Int,Tcl+Int,Dég,Err,Matchs
2226,Alejandro Revuelta Montero,es ESP,DF,Getafe,es La Liga,22,2000,0.0,0,0,0,0,0,0,0,,0,0,0,0,0,0,1,0,Matchs
2227,Elvis Rexhbeçaj,de GER,MT,Augsburg,de Bundesliga,24,1997,28.0,1.82,01.07,0.64,0.86,0.32,01.04,2.11,49.2,01.07,1.43,0.46,0.96,0.61,2.43,1.43,0.00,Matchs
2228,Gio Reyna,us USA,"AT,MT",Dortmund,de Bundesliga,19,2002,6.9,02.03,01.01,0.29,0.72,01.01,0.72,1.45,50.0,0.72,1.16,0.29,0.87,0.43,2.46,0.72,0.00,Matchs
2229,Chadi Riad,ma MAR,MT,Barcelona,es La Liga,19,2003,0.0,0,0,0,0,0,0,0,,0,0,0,0,0,0,0,0,Matchs
2230,Nico Ribaudo,es ESP,"MT,AT",Espanyol,es La Liga,21,2001,13.9,1.29,0.94,0.36,0.65,0.29,0.79,2.16,36.7,1.37,1.37,0.07,1.29,0.36,1.65,0.07,0.00,Matchs
2231,Alexsandro Ribeiro,br BRA,DF,Lille,fr Ligue 1,22,1999,17.9,1.79,01.01,1.34,0.39,0.06,01.06,1.56,67.9,0.50,0.61,0.11,0.50,1.40,3.18,3.30,0.06,Matchs
2232,Franck Ribéry,fr FRA,MT,Salernitana,it Serie A,39,1983,0.4,0.00,0.00,0.00,0.00,0.00,0.00,0.00,,0.00,2.50,0.00,2.50,0.00,0.00,0.00,0.00,Matchs
2233,Samuele Ricci,it ITA,MT,Torino,it Serie A,20,2001,23.0,1.39,0.91,0.74,0.43,0.22,0.78,1.00,78.3,0.22,0.87,0.22,0.65,0.74,2.13,1.26,0.04,Matchs
2234,Declan Rice,eng ENG,MT,West Ham,eng Premier League,23,1999,36.4,2.17,01.04,1.21,0.85,0.11,0.85,1.37,62.0,0.52,1.24,0.41,0.82,1.73,3.90,1.59,0.00,Matchs
2235,Chris Richards,us USA,DF,Crystal Palace,eng Premier League,22,2000,5.0,1.80,1.20,1.60,0.20,0.00,1.00,1.40,71.4,0.40,2.00,0.20,1.80,1.60,3.40,6.20,0.00,Matchs
2236,Richarlison,br BRA,"MT,AT",Tottenham,eng Premier League,25,1997,11.2,1.88,1.43,1.16,0.45,0.27,01.07,2.41,44.4,1.34,1.25,0.09,1.16,0.45,2.32,0.89,0.00,Matchs
2237,Marco Richter,de GER,"MT,AT",Hertha BSC,de Bundesliga,24,1997,20.4,2.11,1.13,0.88,0.83,0.39,0.93,2.35,39.6,1.42,1.42,0.10,1.32,1.18,3.28,1.23,0.00,Matchs
2238,Diego Rico,es ESP,DF,Real Sociedad,es La Liga,29,1993,18.3,1.91,1.15,0.93,0.60,0.38,0.66,1.48,44.4,0.82,0.98,0.27,0.71,01.09,03.01,2.79,0.05,Matchs
2239,Jaïro Riedewald,nl NED,"DF,MT",Crystal Palace,eng Premier League,25,1996,0.7,2.86,1.43,2.86,0.00,0.00,0.00,1.43,0.0,1.43,2.86,0.00,2.86,0.00,2.86,5.71,0.00,Matchs
2240,Manuel Riemann,de GER,GB,Bochum,de Bundesliga,33,1988,34.0,0.09,0.06,0.09,0.00,0.00,0.09,0.15,60.0,0.06,0.03,0.00,0.03,0.15,0.24,0.68,0.21,Matchs
2241,Tomás Rincón,ve VEN,MT,Sampdoria,it Serie A,34,1988,28.4,1.97,0.95,0.77,0.92,0.28,01.02,2.15,47.5,1.13,1.30,0.25,01.06,01.06,03.03,0.63,0.00,Matchs
2242,Rémy Riou,fr FRA,GB,Lyon,fr Ligue 1,34,1987,6.7,0.15,0.00,0.15,0.00,0.00,0.15,0.15,100.0,0.00,0.00,0.00,0.00,0.00,0.15,0.45,0.00,Matchs
2243,Renaud Ripart,fr FRA,"AT,MT",Troyes,fr Ligue 1,29,1993,14.7,2.72,1.56,0.95,1.36,0.41,1.29,3.54,36.5,2.24,1.97,0.14,1.84,0.48,3.20,0.34,0.00,Matchs
2244,Rodrigo Riquelme,es ESP,"MT,AT",Girona,es La Liga,22,2000,24.2,0.83,0.33,0.33,0.33,0.17,0.37,1.45,25.7,01.07,0.66,0.00,0.66,0.45,1.28,0.21,0.00,Matchs
2245,Matt Ritchie,sct SCO,"AT,MT",Newcastle Utd,eng Premier League,32,1989,0.4,2.50,2.50,0.00,2.50,0.00,2.50,7.50,33.3,5.00,0.00,0.00,0.00,2.50,5.00,0.00,0.00,Matchs
2246,Sergi Roberto,es ESP,"DF,MT",Barcelona,es La Liga,30,1992,14.5,1.52,01.03,0.83,0.41,0.28,0.48,1.24,38.9,0.76,01.03,0.48,0.55,0.76,2.28,1.10,0.00,Matchs
2247,Lucas Robertone,ar ARG,MT,Almería,es La Liga,25,1997,31.6,1.58,0.89,0.63,0.66,0.28,0.89,02.03,43.8,1.14,1.42,0.22,1.20,1.46,03.04,1.46,0.03,Matchs
2248,Andrew Robertson,sct SCO,DF,Liverpool,eng Premier League,28,1994,28.7,1.32,0.73,0.42,0.56,0.35,0.73,1.43,51.2,0.70,1.11,0.17,0.94,0.63,1.95,1.74,0.10,Matchs
2249,Antonee Robinson,us USA,DF,Fulham,eng Premier League,24,1997,34.3,1.81,1.11,1.25,0.44,0.12,1.28,1.90,67.7,0.61,1.43,0.38,01.05,1.55,3.35,2.42,0.09,Matchs
2250,Joel Robles,es ESP,GB,Leeds United,eng Premier League,32,1990,4.0,0.00,0.00,0.00,0.00,0.00,0.00,0.25,0.0,0.25,0.00,0.00,0.00,0.00,0.00,0.50,0.25,Matchs
Clt,Joueur,Nation,Pos,Équipe,Comp,Âge,Naissance,90,Tcl,TclR,ZDéf,MilTer,ZOff,Tcl,Att,Tcl%,Manqués,Balles contrées,Tirs,Passe,Int,Tcl+Int,Dég,Err,Matchs
2251,Joel Roca,es ESP,"MT,AT",Girona,es La Liga,17,2005,0.9,2.22,2.22,2.22,0.00,0.00,2.22,5.56,40.0,3.33,1.11,1.11,0.00,0.00,2.22,1.11,0.00,Matchs
2252,Marc Roca,es ESP,MT,Leeds United,eng Premier League,25,1996,25.7,2.57,1.56,01.05,1.32,0.19,0.78,2.53,30.8,1.75,1.32,0.39,0.93,0.89,3.46,0.93,0.08,Matchs
2253,Enzo Roco,cl CHI,DF,Elche,es La Liga,29,1992,18.4,1.79,0.71,1.25,0.54,0.00,0.82,1.30,62.5,0.49,1.20,0.82,0.38,0.92,2.72,3.42,0.05,Matchs
2254,Marek Rodák,sk SVK,GB,Fulham,eng Premier League,25,1996,2.0,0.00,0.00,0.00,0.00,0.00,0.00,0.00,,0.00,0.00,0.00,0.00,0.00,0.00,0.50,0.50,Matchs
2255,Sebastian Rode,de GER,MT,Eint Frankfurt,de Bundesliga,31,1990,15.7,2.42,1.53,0.45,1.78,0.19,0.89,2.87,31.1,1.97,1.15,0.13,01.02,01.02,3.44,0.76,0.00,Matchs
2256,Joe Rodon,wls WAL,DF,Rennes,fr Ligue 1,24,1997,15.7,0.70,0.45,0.57,0.13,0.00,0.25,0.64,40.0,0.38,01.02,0.76,0.25,0.57,1.27,3.44,0.06,Matchs
2257,Rodri,es ESP,MT,Manchester City,eng Premier League,26,1996,32.3,02.07,1.27,0.87,0.87,0.34,0.80,1.64,49.1,0.84,1.24,0.43,0.80,01.02,3.10,1.33,0.03,Matchs
2258,Rodri,es ESP,"AT,MT",Betis,es La Liga,22,2000,17.8,0.90,0.62,0.28,0.51,0.11,0.45,0.96,47.1,0.51,0.56,0.00,0.56,0.73,1.63,0.11,0.00,Matchs
2259,Rodrigo,es ESP,"AT,MT",Leeds United,eng Premier League,31,1991,21.5,1.12,0.47,0.09,0.70,0.33,0.37,0.88,42.1,0.51,0.74,0.19,0.56,0.28,1.40,0.98,0.05,Matchs
2260,Ángel Rodríguez,es ESP,"AT,MT",Mallorca,es La Liga,35,1987,4.4,0.23,0.23,0.00,0.23,0.00,0.00,0.45,0.0,0.45,0.68,0.00,0.68,0.23,0.45,0.23,0.00,Matchs
2261,Óscar Rodríguez Arnaiz,es ESP,MT,Celta Vigo,es La Liga,24,1998,19.7,1.62,1.27,0.61,0.76,0.25,0.66,1.42,46.4,0.76,0.81,0.10,0.71,1.22,2.84,0.76,0.00,Matchs
2262,Dani Rodríguez,es ESP,MT,Mallorca,es La Liga,34,1988,23.3,1.80,0.99,0.77,0.94,0.09,0.90,1.97,45.7,01.07,1.33,0.34,0.99,0.90,2.70,0.60,0.00,Matchs
2263,Guido Rodríguez,ar ARG,MT,Betis,es La Liga,28,1994,31.9,3.61,2.35,1.85,1.57,0.19,1.69,3.17,53.5,1.47,1.82,0.44,1.38,1.32,4.92,2.38,0.03,Matchs
2264,Miguel Rodríguez,es ESP,"MT,AT",Celta Vigo,es La Liga,19,2003,2.8,2.50,1.79,1.43,01.07,0.00,1.43,3.93,36.4,2.50,2.14,0.00,2.14,0.36,2.86,01.07,0.00,Matchs
2265,Pablo Rodríguez,es ESP,"AT,MT",Lecce,it Serie A,20,2001,0.6,3.33,1.67,3.33,0.00,0.00,0.00,3.33,0.0,3.33,5.00,0.00,5.00,0.00,3.33,0.00,0.00,Matchs
2266,Ricardo Rodríguez,ch SUI,DF,Torino,it Serie A,29,1992,29.7,1.82,1.11,01.01,0.57,0.24,0.94,1.41,66.7,0.47,01.01,0.51,0.51,1.28,3.10,02.05,0.00,Matchs
2267,Rodrygo,br BRA,"AT,MT",Real Madrid,es La Liga,21,2001,26.4,0.64,0.38,0.11,0.27,0.27,0.15,0.87,17.4,0.72,0.87,0.00,0.87,0.30,0.95,0.19,0.00,Matchs
2268,Mads Roerslev,dk DEN,DF,Brentford,eng Premier League,23,1999,12.3,1.79,0.98,1.54,0.24,0.00,1.30,2.68,48.5,1.38,1.14,0.41,0.73,0.73,2.52,03.09,0.00,Matchs
2269,Agustín Rogel,uy URU,DF,Hertha BSC,de Bundesliga,24,1997,15.8,1.14,0.57,0.82,0.32,0.00,0.70,01.08,64.7,0.38,0.95,0.51,0.44,0.70,1.84,4.68,0.06,Matchs
2270,Rogério,br BRA,DF,Sassuolo,it Serie A,24,1998,33.3,1.11,0.63,0.66,0.24,0.21,0.51,01.05,48.6,0.54,0.96,0.27,0.69,1.11,2.22,2.10,0.00,Matchs
2271,Merlin Röhl,de GER,"MT,AT",Freiburg,de Bundesliga,20,2002,0.6,1.67,0.00,1.67,0.00,0.00,0.00,0.00,,0.00,0.00,0.00,0.00,0.00,1.67,1.67,0.00,Matchs
2272,Tony Rölke,de GER,AT,Hertha BSC,de Bundesliga,19,2003,0.2,0.00,0.00,0.00,0.00,0.00,0.00,0.00,,0.00,5.00,0.00,5.00,0.00,0.00,5.00,0.00,Matchs
2273,Filippo Romagna,it ITA,DF,Sassuolo,it Serie A,25,1997,0.5,0.00,0.00,0.00,0.00,0.00,0.00,0.00,,0.00,2.00,2.00,0.00,0.00,0.00,4.00,0.00,Matchs
2274,Alessio Romagnoli,it ITA,DF,Lazio,it Serie A,27,1995,32.5,01.02,0.46,0.58,0.43,0.00,0.34,0.68,50.0,0.34,01.02,0.80,0.22,1.17,2.18,3.32,0.00,Matchs
2275,Simone Romagnoli,it ITA,DF,Lecce,it Serie A,32,1990,1.9,3.16,2.63,1.58,1.58,0.00,01.05,01.05,100.0,0.00,2.11,0.53,1.58,0.53,3.68,5.79,0.00,Matchs
Clt,Joueur,Nation,Pos,Équipe,Comp,Âge,Naissance,90,Tcl,TclR,ZDéf,MilTer,ZOff,Tcl,Att,Tcl%,Manqués,Balles contrées,Tirs,Passe,Int,Tcl+Int,Dég,Err,Matchs
2276,Leonardo Román,es ESP,GB,Mallorca,es La Liga,22,2000,1.0,0.00,0.00,0.00,0.00,0.00,0.00,0.00,,0.00,0.00,0.00,0.00,0.00,0.00,0.00,0.00,Matchs
2277,Cristian Romero,ar ARG,DF,Tottenham,eng Premier League,24,1998,26.3,2.59,1.37,1.60,0.91,0.08,1.10,1.75,63.0,0.65,1.52,0.68,0.84,1.67,4.26,3.88,0.11,Matchs
2278,Iván Romero,es ESP,MT,Sevilla,es La Liga,21,2001,0.1,0.00,0.00,0.00,0.00,0.00,0.00,0.00,,0.00,0.00,0.00,0.00,0.00,0.00,0.00,0.00,Matchs
2279,Luka Romero,ar ARG,AT,Lazio,it Serie A,17,2004,1.7,0.00,0.00,0.00,0.00,0.00,0.00,1.76,0.0,1.76,2.35,0.00,2.35,1.76,1.76,0.59,0.00,Matchs
2280,Oriol Romeu,es ESP,MT,Southampton,eng Premier League,30,1991,0.8,1.25,0.00,0.00,1.25,0.00,0.00,0.00,,0.00,1.25,0.00,1.25,1.25,2.50,1.25,0.00,Matchs
2281,Oriol Romeu,es ESP,MT,Girona,es La Liga,30,1991,32.8,2.13,1.16,1.10,0.79,0.24,0.79,1.55,51.0,0.76,1.46,0.30,1.16,1.13,3.26,1.65,0.00,Matchs
2282,Cristiano Ronaldo,pt POR,AT,Manchester Utd,eng Premier League,37,1985,5.8,0.34,0.34,0.17,0.00,0.17,0.17,0.34,50.0,0.17,0.00,0.00,0.00,0.17,0.52,1.55,0.00,Matchs
2283,Connor Ronan,ie IRL,MT,Wolves,eng Premier League,24,1998,0.0,0,0,0,0,0,0,0,,0,0,0,0,0,0,0,0,Matchs
2284,Salomón Rondón,ve VEN,AT,Everton,eng Premier League,32,1989,1.2,0.00,0.00,0.00,0.00,0.00,0.00,0.00,,0.00,0.83,0.83,0.00,0.00,0.00,0.00,0.00,Matchs
2285,Valentin Rongier,fr FRA,MT,Marseille,fr Ligue 1,27,1994,33.7,2.76,1.75,0.98,1.39,0.39,1.22,2.28,53.2,01.07,1.48,0.33,1.16,1.60,4.36,1.13,0.03,Matchs
2286,Marten de Roon,nl NED,MT,Atalanta,it Serie A,31,1991,32.9,2.34,1.19,1.12,01.06,0.15,1.12,2.46,45.7,1.34,1.12,0.12,1.00,01.09,3.43,1.76,0.00,Matchs
2287,Pablo Rosario,nl NED,"MT,DF",Nice,fr Ligue 1,25,1997,19.6,2.35,1.33,1.12,01.02,0.20,0.92,1.73,52.9,0.82,0.77,0.26,0.51,1.17,3.52,1.63,0.05,Matchs
2288,Francesco Rossi,it ITA,GB,Atalanta,it Serie A,31,1991,0.0,0,0,0,0,0,0,0,,0,0,0,0,0,0,0,0,Matchs
2289,Tom Rothe,de GER,DF,Dortmund,de Bundesliga,17,2004,0.3,3.33,3.33,0.00,3.33,0.00,3.33,3.33,100.0,0.00,0.00,0.00,0.00,3.33,6.67,6.67,0.00,Matchs
2290,Joe Rothwell,eng ENG,MT,Bournemouth,eng Premier League,27,1995,11.3,1.77,1.15,0.62,01.06,0.09,0.62,1.86,33.3,1.24,1.24,0.27,0.97,0.80,2.57,0.62,0.00,Matchs
2291,Anthony Rouault,fr FRA,DF,Toulouse,fr Ligue 1,21,2001,36.8,1.79,01.01,1.47,0.27,0.05,0.82,1.58,51.7,0.76,1.41,0.71,0.71,1.52,3.32,3.42,0.11,Matchs
2292,Jérôme Roussillon,fr FRA,"MT,DF",Wolfsburg,de Bundesliga,29,1993,0.2,0.00,0.00,0.00,0.00,0.00,0.00,0.00,,0.00,0.00,0.00,0.00,0.00,0.00,0.00,0.00,Matchs
2293,Jérôme Roussillon,fr FRA,DF,Union Berlin,de Bundesliga,29,1993,10.6,1.51,0.85,0.57,0.75,0.19,0.75,1.13,66.7,0.38,0.66,0.19,0.47,0.38,1.89,02.08,0.00,Matchs
2294,Nicolò Rovella,it ITA,MT,Monza,it Serie A,20,2001,19.3,2.33,1.50,1.14,01.09,0.10,0.67,1.87,36.1,1.19,01.04,0.05,0.98,02.07,4.40,0.88,0.00,Matchs
2295,Nicolò Rovella,it ITA,MT,Juventus,it Serie A,20,2001,0.3,3.33,3.33,0.00,3.33,0.00,3.33,3.33,100.0,0.00,0.00,0.00,0.00,0.00,3.33,0.00,0.00,Matchs
2296,Amir Rrahmani,xk KVX,DF,Napoli,it Serie A,28,1994,27.2,1.21,0.66,0.74,0.48,0.00,0.63,0.96,65.4,0.33,1.32,0.74,0.59,0.51,1.73,2.90,0.04,Matchs
2297,Ruan,br BRA,DF,Sassuolo,it Serie A,23,1999,19.0,2.00,1.37,1.32,0.63,0.05,1.00,1.53,65.5,0.53,1.53,0.89,0.63,1.26,3.26,4.21,0.16,Matchs
2298,Rubén,es ESP,"DF,MT",Espanyol,es La Liga,21,2001,9.9,03.03,1.52,1.82,0.91,0.30,02.02,2.93,69.0,0.91,1.41,0.40,01.01,1.82,4.85,1.82,0.00,Matchs
2299,Antonio Rüdiger,de GER,DF,Real Madrid,es La Liga,29,1993,26.8,0.67,0.60,0.45,0.19,0.04,0.52,0.86,60.9,0.34,0.86,0.49,0.37,0.71,1.38,2.76,0.00,Matchs
2300,Sebastian Rudy,de GER,MT,Hoffenheim,de Bundesliga,32,1990,8.8,2.95,1.36,1.14,1.82,0.00,1.48,03.07,48.1,1.59,03.07,0.80,2.27,1.25,4.20,1.48,0.00,Matchs
Clt,Joueur,Nation,Pos,Équipe,Comp,Âge,Naissance,90,Tcl,TclR,ZDéf,MilTer,ZOff,Tcl,Att,Tcl%,Manqués,Balles contrées,Tirs,Passe,Int,Tcl+Int,Dég,Err,Matchs
2301,Daniele Rugani,it ITA,DF,Juventus,it Serie A,28,1994,6.3,1.11,0.00,0.95,0.16,0.00,0.63,0.63,100.0,0.00,1.11,0.79,0.32,1.11,2.22,05.08,0.00,Matchs
2302,Matteo Ruggeri,it ITA,"DF,MT",Atalanta,it Serie A,20,2002,9.2,1.85,1.30,0.54,0.98,0.33,0.87,1.74,50.0,0.87,1.52,0.33,1.20,1.30,3.15,1.74,0.00,Matchs
2303,Mário Rui,pt POR,DF,Napoli,it Serie A,31,1991,19.4,1.75,1.13,0.88,0.67,0.21,01.03,2.11,48.8,01.08,0.88,0.21,0.67,0.77,2.53,1.24,0.05,Matchs
2304,Aitor Ruibal,es ESP,"DF,AT",Betis,es La Liga,26,1996,16.2,2.90,1.79,2.16,0.56,0.19,1.91,3.58,53.4,1.67,01.05,0.12,0.93,1.48,4.38,2.53,0.00,Matchs
2305,Kays Ruiz,ma MAR,MT,Auxerre,fr Ligue 1,19,2002,0.7,1.43,1.43,1.43,0.00,0.00,0.00,1.43,0.0,1.43,2.86,1.43,1.43,4.29,5.71,0.00,0.00,Matchs
2306,Fabián Ruiz Peña,es ESP,MT,Paris S-G,fr Ligue 1,26,1996,21.0,2.95,1.33,1.19,1.43,0.33,02.05,3.76,54.4,1.71,1.14,0.05,1.10,0.86,3.81,1.10,0.05,Matchs
2307,Víctor Ruiz,es ESP,DF,Betis,es La Liga,33,1989,6.2,0.81,0.48,0.48,0.32,0.00,0.48,0.48,100.0,0.00,1.61,1.13,0.48,0.97,1.77,5.48,0.00,Matchs
2308,Gerónimo Rulli,ar ARG,GB,Villarreal,es La Liga,30,1992,14.0,0.00,0.00,0.00,0.00,0.00,0.00,0.00,,0.00,0.07,0.00,0.07,0.07,0.07,0.43,0.14,Matchs
2309,Alessandro Russo,it ITA,GB,Sassuolo,it Serie A,21,2001,1.0,0.00,0.00,0.00,0.00,0.00,0.00,0.00,,0.00,0.00,0.00,0.00,0.00,0.00,1.00,1.00,Matchs
2310,Franco Russo,ar ARG,DF,Mallorca,es La Liga,27,1994,1.6,1.25,0.63,1.25,0.00,0.00,0.00,0.63,0.0,0.63,3.13,0.00,3.13,1.88,3.13,3.13,0.00,Matchs
2311,Georginio Rutter,fr FRA,"AT,MT",Leeds United,eng Premier League,20,2002,3.0,3.33,3.00,1.67,1.00,0.67,1.67,2.67,62.5,1.00,1.67,0.00,1.67,1.00,4.33,1.00,0.00,Matchs
2312,Georginio Rutter,fr FRA,AT,Hoffenheim,de Bundesliga,20,2002,11.2,0.63,0.36,0.09,0.36,0.18,0.09,0.27,33.3,0.18,0.89,0.18,0.71,0.45,01.07,0.54,0.00,Matchs
2313,Julian Ryerson,no NOR,DF,Union Berlin,de Bundesliga,24,1997,11.5,2.43,1.48,1.48,0.87,0.09,1.30,2.17,60.0,0.87,1.30,0.26,01.04,01.04,3.48,1.65,0.00,Matchs
2314,Julian Ryerson,no NOR,DF,Dortmund,de Bundesliga,24,1997,15.7,1.72,0.96,01.08,0.45,0.19,1.21,2.36,51.4,1.15,0.83,0.13,0.70,0.51,2.23,1.78,0.00,Matchs
2315,Frederik Rønnow,dk DEN,GB,Union Berlin,de Bundesliga,29,1992,29.0,0.00,0.00,0.00,0.00,0.00,0.00,0.17,0.0,0.17,0.00,0.00,0.00,0.00,0.00,0.31,0.03,Matchs
2316,José Sá,pt POR,GB,Wolves,eng Premier League,29,1993,36.0,0.03,0.00,0.03,0.00,0.00,0.03,0.03,100.0,0.00,0.00,0.00,0.00,0.00,0.03,0.28,0.17,Matchs
2317,Youssouf Sabaly,sn SEN,DF,Betis,es La Liga,29,1993,18.7,2.41,1.23,1.55,0.75,0.11,1.18,1.76,66.7,0.59,1.87,0.43,1.44,01.02,3.42,2.78,0.05,Matchs
2318,Halid Šabanović,ba BIH,DF,Angers,fr Ligue 1,22,1999,7.1,1.13,0.85,0.99,0.14,0.00,0.85,1.13,75.0,0.28,1.13,0.28,0.85,1.13,2.25,1.69,0.00,Matchs
2319,Abdelhamid Sabiri,ma MAR,"MT,AT",Sampdoria,it Serie A,25,1996,11.9,1.51,0.59,0.42,0.76,0.34,0.34,01.09,30.8,0.76,1.51,0.34,1.18,0.17,1.68,0.42,0.00,Matchs
2320,Marcel Sabitzer,at AUT,MT,Manchester Utd,eng Premier League,28,1994,7.0,1.71,1.14,0.43,1.14,0.14,0.29,1.57,18.2,1.29,0.86,0.29,0.57,1.14,2.86,1.57,0.00,Matchs
2321,Marcel Sabitzer,at AUT,MT,Bayern Munich,de Bundesliga,28,1994,7.0,3.86,2.00,1.57,1.43,0.86,1.43,2.43,58.8,1.00,0.43,0.00,0.43,1.43,5.29,1.29,0.00,Matchs
2322,Falaye Sacko,ml MLI,DF,Montpellier,fr Ligue 1,27,1995,28.7,1.60,0.87,0.87,0.52,0.21,1.11,1.78,62.7,0.66,1.50,0.49,01.01,1.15,2.75,2.61,0.03,Matchs
2323,Umar Sadiq,ng NGA,AT,Almería,es La Liga,25,1997,2.7,0.00,0.00,0.00,0.00,0.00,0.00,0.37,0.0,0.37,0.74,0.00,0.74,0.00,0.00,1.11,0.00,Matchs
2324,Umar Sadiq,ng NGA,AT,Real Sociedad,es La Liga,25,1997,0.9,1.11,1.11,0.00,0.00,1.11,0.00,1.11,0.0,1.11,2.22,0.00,2.22,0.00,1.11,0.00,0.00,Matchs
2325,Alexis Saelemaekers,be BEL,"AT,DF",Milan,it Serie A,23,1999,15.6,1.99,1.28,0.77,01.03,0.19,1.22,2.63,46.3,1.41,0.83,0.06,0.77,1.22,3.21,0.71,0.00,Matchs
Clt,Joueur,Nation,Pos,Équipe,Comp,Âge,Naissance,90,Tcl,TclR,ZDéf,MilTer,ZOff,Tcl,Att,Tcl%,Manqués,Balles contrées,Tirs,Passe,Int,Tcl+Int,Dég,Err,Matchs
2326,Wesley Saïd,fr FRA,"AT,MT",Lens,fr Ligue 1,27,1995,7.2,0.56,0.14,0.14,0.28,0.14,0.28,0.83,33.3,0.56,0.56,0.00,0.56,0.14,0.69,0.28,0.00,Matchs
2327,Allan Saint-Maximin,fr FRA,AT,Newcastle Utd,eng Premier League,25,1997,12.4,0.81,0.24,0.24,0.48,0.08,0.16,0.89,18.2,0.73,0.32,0.00,0.32,0.40,1.21,0.16,0.00,Matchs
2328,Théo Sainte-Luce,fr FRA,DF,Montpellier,fr Ligue 1,23,1998,5.9,2.20,1.86,1.36,0.85,0.00,1.19,2.37,50.0,1.19,1.19,0.34,0.85,1.69,3.90,1.86,0.00,Matchs
2329,Samuel Sáiz,es ESP,MT,Girona,es La Liga,31,1991,2.7,0.74,0.74,0.00,0.74,0.00,0.37,0.74,50.0,0.37,1.11,0.00,1.11,0.00,0.74,0.37,0.37,Matchs
2330,Bukayo Saka,eng ENG,AT,Arsenal,eng Premier League,20,2001,35.3,1.78,0.96,0.62,0.42,0.74,0.57,1.25,45.5,0.68,01.08,0.00,01.08,0.40,2.18,0.54,0.00,Matchs
2331,Hamza Sakhi,fr FRA,MT,Auxerre,fr Ligue 1,26,1996,18.4,2.39,1.20,1.20,0.92,0.27,1.20,2.28,52.4,01.09,0.87,0.05,0.82,1.36,3.75,0.49,0.00,Matchs
2332,Mamadou Sakho,fr FRA,DF,Montpellier,fr Ligue 1,32,1990,8.5,01.06,0.59,0.47,0.59,0.00,0.35,0.59,60.0,0.24,2.00,1.41,0.59,0.94,2.00,4.12,0.12,Matchs
2333,Jacopo Sala,it ITA,MT,Spezia,it Serie A,30,1991,1.2,0.83,0.00,0.83,0.00,0.00,0.00,1.67,0.0,1.67,1.67,0.00,1.67,0.83,1.67,1.67,0.00,Matchs
2334,Ibrahim Salah,ma MAR,"AT,MT",Rennes,fr Ligue 1,20,2001,2.5,3.20,0.40,2.00,1.20,0.00,0.80,6.00,13.3,5.20,1.20,0.00,1.20,0.80,4.00,0.00,0.00,Matchs
2335,Mohamed Salah,eg EGY,AT,Liverpool,eng Premier League,30,1992,36.6,0.57,0.33,0.11,0.14,0.33,0.27,0.71,38.5,0.44,0.57,0.00,0.57,0.16,0.74,0.11,0.00,Matchs
2336,Amine Salama,fr FRA,"AT,MT",Angers,fr Ligue 1,22,2000,13.9,0.79,0.65,0.22,0.50,0.07,0.14,0.86,16.7,0.72,0.58,0.14,0.43,0.72,1.51,0.14,0.00,Matchs
2337,Kike Salas,es ESP,DF,Sevilla,es La Liga,20,2002,4.1,0.24,0.24,0.24,0.00,0.00,0.00,0.00,,0.00,0.98,0.73,0.24,1.22,1.46,5.61,0.00,Matchs
2338,William Saliba,fr FRA,DF,Arsenal,eng Premier League,21,2001,26.8,1.27,0.75,0.86,0.34,0.07,0.56,0.67,83.3,0.11,0.49,0.37,0.11,0.71,1.98,3.17,0.15,Matchs
2339,Dikeni Salifou,tg TOG,MT,Werder Bremen,de Bundesliga,19,2003,0.0,0,0,0,0,0,0,0,,0,0,0,0,0,0,0,0,Matchs
2340,Mohammed Salisu,gh GHA,DF,Southampton,eng Premier League,23,1999,21.9,2.33,1.32,1.51,0.73,0.09,1.10,1.55,70.6,0.46,2.56,1.14,1.42,1.42,3.74,5.57,0.05,Matchs
2341,Roland Sallai,hu HUN,"MT,AT",Freiburg,de Bundesliga,25,1997,11.1,0.99,0.72,0.36,0.27,0.36,0.36,0.90,40.0,0.54,0.63,0.09,0.54,0.18,1.17,0.99,0.00,Matchs
2342,Yoann Salmier,gf GUF,DF,Troyes,fr Ligue 1,29,1992,29.4,1.73,0.99,1.16,0.41,0.17,0.71,1.19,60.0,0.48,1.16,0.65,0.51,1.33,03.06,4.22,0.00,Matchs
2343,Salvi,es ESP,"AT,MT",Rayo Vallecano,es La Liga,31,1991,5.4,2.41,1.48,0.93,0.93,0.56,0.37,1.48,25.0,1.11,0.00,0.00,0.00,0.37,2.78,0.37,0.00,Matchs
2344,Lazar Samardzic,rs SRB,MT,Udinese,it Serie A,20,2002,20.5,1.61,0.78,0.44,0.98,0.20,0.83,2.10,39.5,1.27,0.63,0.00,0.63,0.54,2.15,0.78,0.00,Matchs
2345,Diadie Samassékou,ml MLI,"MT,AT",Hoffenheim,de Bundesliga,26,1996,0.4,2.50,0.00,0.00,2.50,0.00,0.00,2.50,0.0,2.50,0.00,0.00,0.00,0.00,2.50,0.00,0.00,Matchs
2346,Mama Samba Baldé,gw GNB,AT,Troyes,fr Ligue 1,26,1995,29.6,1.55,0.71,0.47,0.71,0.37,0.44,0.95,46.4,0.51,01.01,0.10,0.91,0.34,1.89,0.44,0.00,Matchs
2347,Brice Samba,fr FRA,GB,Lens,fr Ligue 1,28,1994,37.0,0.03,0.00,0.03,0.00,0.00,0.03,0.05,50.0,0.03,0.03,0.00,0.03,0.00,0.03,0.32,0.05,Matchs
2348,Albert Sambi Lokonga,be BEL,MT,Arsenal,eng Premier League,22,1999,2.2,0.45,0.45,0.00,0.00,0.45,0.00,0.91,0.0,0.91,0.45,0.00,0.45,2.27,2.73,0.91,0.00,Matchs
2349,Albert Sambi Lokonga,be BEL,MT,Crystal Palace,eng Premier League,22,1999,6.0,2.17,1.67,1.17,0.67,0.33,1.33,2.00,66.7,0.67,1.33,0.50,0.83,1.17,3.33,1.67,0.00,Matchs
2350,Junior Sambia,fr FRA,DF,Salernitana,it Serie A,25,1996,7.7,1.56,0.65,0.91,0.52,0.13,0.78,1.30,60.0,0.52,1.17,0.39,0.78,01.04,2.60,02.08,0.13,Matchs
Clt,Joueur,Nation,Pos,Équipe,Comp,Âge,Naissance,90,Tcl,TclR,ZDéf,MilTer,ZOff,Tcl,Att,Tcl%,Manqués,Balles contrées,Tirs,Passe,Int,Tcl+Int,Dég,Err,Matchs
2351,Fede San Emeterio,es ESP,MT,Cádiz,es La Liga,25,1997,20.5,2.00,01.07,1.12,0.78,0.10,01.07,2.24,47.8,1.17,1.66,0.68,0.98,0.83,2.83,1.37,0.00,Matchs
2352,Antonio Sanabria,py PAR,AT,Torino,it Serie A,26,1996,27.0,0.41,0.19,0.11,0.11,0.19,0.04,0.26,14.3,0.22,0.33,0.07,0.26,0.15,0.56,0.26,0.00,Matchs
2353,Leandro Sanca,gw GNB,"AT,MT",Spezia,it Serie A,22,2000,0.4,2.50,2.50,0.00,0.00,2.50,2.50,2.50,100.0,0.00,0.00,0.00,0.00,0.00,2.50,0.00,0.00,Matchs
2354,Oihan Sancet,es ESP,MT,Athletic Club,es La Liga,22,2000,28.1,0.96,0.57,0.07,0.68,0.21,0.39,1.32,29.7,0.93,0.36,0.00,0.36,0.14,1.10,0.32,0.04,Matchs
2355,Renato Sanches,pt POR,MT,Paris S-G,fr Ligue 1,24,1997,8.0,1.00,0.13,0.13,0.38,0.50,0.63,1.75,35.7,1.13,1.63,0.38,1.25,1.13,2.13,0.50,0.00,Matchs
2356,Alexis Sánchez,cl CHI,"AT,MT",Marseille,fr Ligue 1,33,1988,29.8,0.91,0.57,0.17,0.54,0.20,0.10,0.81,12.5,0.70,0.47,0.00,0.47,0.17,01.07,0.20,0.00,Matchs
2357,Antonio Sánchez,es ESP,"MT,DF",Mallorca,es La Liga,25,1997,12.0,1.58,0.67,01.08,0.33,0.17,0.83,2.83,29.4,2.00,1.50,0.00,1.50,1.83,3.42,1.17,0.08,Matchs
2358,Davinson Sánchez,co COL,DF,Tottenham,eng Premier League,26,1996,9.5,2.53,1.16,1.79,0.63,0.11,1.47,2.11,70.0,0.63,1.68,01.05,0.63,1.26,3.79,4.32,0.00,Matchs
2359,Iván Sánchez,es ESP,"MT,AT",Valladolid,es La Liga,29,1992,12.8,1.56,01.09,0.63,0.63,0.31,0.78,2.11,37.0,1.33,01.09,0.08,01.02,0.63,2.19,0.31,0.00,Matchs
2360,Javi Sánchez,es ESP,DF,Valladolid,es La Liga,25,1997,26.6,1.62,0.98,01.02,0.56,0.04,0.64,0.98,65.4,0.34,1.20,0.83,0.38,1.73,3.35,4.36,0.00,Matchs
2361,Manu Sánchez,es ESP,DF,Osasuna,es La Liga,21,2000,23.6,2.16,1.48,1.48,0.38,0.30,1.40,2.67,52.4,1.27,1.40,0.21,1.19,0.59,2.75,2.16,0.00,Matchs
2362,Robert Sánchez,es ESP,GB,Brighton,eng Premier League,24,1997,23.0,0.04,0.00,0.04,0.00,0.00,0.00,0.00,,0.00,0.00,0.00,0.00,0.13,0.17,0.39,0.09,Matchs
2363,Jadon Sancho,eng ENG,"AT,MT",Manchester Utd,eng Premier League,22,2000,18.7,0.86,0.53,0.37,0.27,0.21,0.43,1.50,28.6,01.07,1.34,0.11,1.23,0.37,1.23,0.32,0.00,Matchs
2364,Alex Sandro,br BRA,DF,Juventus,it Serie A,31,1991,19.9,1.76,01.01,0.80,0.80,0.15,0.75,1.11,68.2,0.35,1.36,0.50,0.85,0.75,2.51,3.22,0.05,Matchs
2365,Leroy Sané,de GER,"MT,AT",Bayern Munich,de Bundesliga,26,1996,22.3,1.70,1.35,0.49,0.85,0.36,0.81,1.61,50.0,0.81,0.49,0.04,0.45,0.13,1.84,0.04,0.09,Matchs
2366,Sidi Sané,de GER,AT,Schalke 04,de Bundesliga,19,2003,0.3,3.33,3.33,3.33,0.00,0.00,3.33,3.33,100.0,0.00,0.00,0.00,0.00,0.00,3.33,0.00,0.00,Matchs
2367,Morgan Sanson,fr FRA,MT,Aston Villa,eng Premier League,27,1994,0.1,20.0,10.0,10.0,10.0,0.00,10.0,10.0,100.0,0.00,0.00,0.00,0.00,0.00,20.0,0.00,0.00,Matchs
2368,Morgan Sanson,fr FRA,MT,Strasbourg,fr Ligue 1,27,1994,15.8,2.28,1.58,0.63,01.01,0.63,01.08,3.54,30.4,2.47,1.33,0.06,1.27,1.39,3.67,0.57,0.00,Matchs
2369,Nicola Sansone,it ITA,AT,Bologna,it Serie A,30,1991,8.2,1.46,0.49,0.73,0.49,0.24,0.61,1.22,50.0,0.61,0.00,0.00,0.00,0.00,1.46,0.49,0.00,Matchs
2370,Baptiste Santamaria,fr FRA,MT,Rennes,fr Ligue 1,27,1995,20.1,02.04,01.09,0.65,1.14,0.25,01.04,02.04,51.2,1.00,01.04,0.25,0.80,01.04,03.08,1.14,0.00,Matchs
2371,Riccardo Saponara,it ITA,AT,Fiorentina,it Serie A,30,1991,13.4,0.75,0.37,0.22,0.45,0.07,0.37,0.67,55.6,0.30,0.52,0.07,0.45,0.37,1.12,0.67,0.07,Matchs
2372,Pablo Sarabia,es ESP,"AT,MT",Wolves,eng Premier League,30,1992,8.5,1.41,0.71,0.47,0.59,0.35,0.71,1.76,40.0,01.06,0.82,0.00,0.82,0.24,1.65,0.47,0.00,Matchs
2373,Pablo Sarabia,es ESP,"AT,MT",Paris S-G,fr Ligue 1,30,1992,4.1,1.22,0.98,0.49,0.49,0.24,0.24,1.71,14.3,1.46,0.73,0.00,0.73,0.49,1.71,0.00,0.00,Matchs
2374,Jeremy Sarmiento,ec ECU,MT,Brighton,eng Premier League,20,2002,2.0,3.00,1.50,2.00,0.50,0.50,1.00,2.50,40.0,1.50,1.00,0.00,1.00,0.50,3.50,0.00,0.00,Matchs
2375,Amin Sarr,se SWE,AT,Lyon,fr Ligue 1,21,2001,6.0,1.50,1.00,0.17,0.67,0.67,0.17,0.67,25.0,0.50,0.33,0.00,0.33,0.00,1.50,0.67,0.00,Matchs
Clt,Joueur,Nation,Pos,Équipe,Comp,Âge,Naissance,90,Tcl,TclR,ZDéf,MilTer,ZOff,Tcl,Att,Tcl%,Manqués,Balles contrées,Tirs,Passe,Int,Tcl+Int,Dég,Err,Matchs
2376,Bouna Sarr,sn SEN,AT,Bayern Munich,de Bundesliga,30,1992,0.0,0,0,0,0,0,0,0,,0,0,0,0,0,0,0,0,Matchs
2377,Malang Sarr,fr FRA,DF,Monaco,fr Ligue 1,23,1999,8.0,0.75,0.38,0.63,0.13,0.00,0.13,0.63,20.0,0.50,1.38,0.88,0.50,1.88,2.63,3.63,0.25,Matchs
2378,Mamadou Sarr,fr FRA,MT,Lyon,fr Ligue 1,16,2005,0.1,0.00,0.00,0.00,0.00,0.00,0.00,0.00,,0.00,0.00,0.00,0.00,0.00,0.00,0.00,0.00,Matchs
2379,Mouhamadou Sarr,sn SEN,GB,Cremonese,it Serie A,25,1997,2.0,0.00,0.00,0.00,0.00,0.00,0.00,0.00,,0.00,0.00,0.00,0.00,0.00,0.00,1.00,0.00,Matchs
2380,Martin Satriano,uy URU,AT,Empoli,it Serie A,21,2001,18.9,0.69,0.42,0.26,0.32,0.11,0.32,0.74,42.9,0.42,0.26,0.00,0.26,0.16,0.85,1.16,0.00,Matchs
2381,Téji Savanier,fr FRA,MT,Montpellier,fr Ligue 1,30,1991,28.3,1.63,01.06,0.57,0.67,0.39,0.81,2.47,32.9,1.66,01.06,0.07,0.99,01.06,2.69,0.42,0.04,Matchs
2382,Esteban Saveljich,me MNE,AT,Rayo Vallecano,es La Liga,31,1991,0.0,0,0,0,0,0,0,0,,0,0,0,0,0,0,0,0,Matchs
2383,Stefan Savić,me MNE,DF,Atlético Madrid,es La Liga,31,1991,21.6,1.81,1.20,1.34,0.32,0.14,1.20,1.81,66.7,0.60,0.79,0.37,0.42,1.53,3.33,3.10,0.09,Matchs
2384,Joe Scally,us USA,DF,M'Gladbach,de Bundesliga,19,2002,24.5,1.27,0.82,01.02,0.20,0.04,0.98,1.27,77.4,0.29,0.69,0.24,0.45,0.33,1.59,2.49,0.00,Matchs
2385,Giorgio Scalvini,it ITA,DF,Atalanta,it Serie A,18,2003,25.9,02.08,1.12,1.16,0.69,0.23,1.12,2.12,52.7,1.00,1.39,0.50,0.89,2.16,4.25,2.20,0.08,Matchs
2386,Gianluca Scamacca,it ITA,AT,West Ham,eng Premier League,23,1999,10.3,0.97,0.49,0.10,0.29,0.58,0.19,0.19,100.0,0.00,0.29,0.00,0.29,0.39,1.36,0.49,0.00,Matchs
2387,Gustavo Scarpa,br BRA,"MT,AT",Nott'ham Forest,eng Premier League,28,1994,2.0,2.50,1.00,1.50,0.50,0.50,1.00,2.50,40.0,1.50,2.00,0.00,2.00,0.00,2.50,1.50,0.00,Matchs
2388,Kevin Schade,de GER,AT,Brentford,eng Premier League,20,2001,8.1,1.48,0.99,0.86,0.25,0.37,0.62,1.23,50.0,0.62,0.86,0.00,0.86,0.49,1.98,0.74,0.00,Matchs
2389,Kevin Schade,de GER,"AT,MT",Freiburg,de Bundesliga,20,2001,2.0,3.00,2.00,1.50,1.00,0.50,1.50,2.50,60.0,1.00,0.00,0.00,0.00,0.00,3.00,1.00,0.00,Matchs
2390,András Schäfer,hu HUN,MT,Union Berlin,de Bundesliga,23,1999,9.6,2.19,0.94,0.73,1.25,0.21,0.63,1.46,42.9,0.83,1.25,0.21,01.04,0.42,2.60,1.15,0.00,Matchs
2391,Fabian Schär,ch SUI,DF,Newcastle Utd,eng Premier League,30,1991,35.6,1.32,0.62,0.87,0.37,0.08,0.67,1.10,61.5,0.42,0.96,0.53,0.42,1.46,2.78,3.90,0.00,Matchs
2392,Derry Scherhant,de GER,"AT,MT",Hertha BSC,de Bundesliga,19,2002,3.2,2.19,1.88,0.94,0.94,0.31,1.25,2.50,50.0,1.25,0.94,0.00,0.94,0.00,2.19,1.56,0.00,Matchs
2393,Patrik Schick,cz CZE,AT,Leverkusen,de Bundesliga,26,1996,10.5,0.00,0.00,0.00,0.00,0.00,0.00,0.10,0.0,0.10,0.38,0.10,0.29,0.10,0.10,0.67,0.00,Matchs
2394,Kingsley Schindler,gh GHA,"DF,MT",Köln,de Bundesliga,29,1993,12.1,1.90,0.99,01.07,0.66,0.17,1.49,2.31,64.3,0.83,1.16,0.17,0.99,1.24,3.14,1.98,0.00,Matchs
2395,Xaver Schlager,at AUT,MT,RB Leipzig,de Bundesliga,24,1997,16.7,2.46,1.44,0.78,1.56,0.12,1.20,2.57,46.5,1.38,1.14,0.12,01.02,01.02,3.47,1.38,0.00,Matchs
2396,Keven Schlotterbeck,de GER,DF,Freiburg,de Bundesliga,25,1997,0.2,0.00,0.00,0.00,0.00,0.00,0.00,0.00,,0.00,5.00,5.00,0.00,10.0,10.0,10.0,0.00,Matchs
2397,Keven Schlotterbeck,de GER,DF,Bochum,de Bundesliga,25,1997,8.2,02.07,1.10,1.46,0.61,0.00,1.10,1.34,81.8,0.24,1.34,0.61,0.73,1.71,3.78,5.98,0.00,Matchs
2398,Nico Schlotterbeck,de GER,DF,Dortmund,de Bundesliga,22,1999,25.0,2.36,1.36,1.36,0.96,0.04,1.48,2.12,69.8,0.64,1.52,0.84,0.68,1.28,3.64,2.84,0.04,Matchs
2399,Jeffrey Schlupp,gh GHA,"MT,AT",Crystal Palace,eng Premier League,29,1992,28.1,2.35,1.64,1.00,01.03,0.32,0.78,1.53,51.2,0.75,1.39,0.28,1.10,0.82,3.17,1.35,0.00,Matchs
2400,Kasper Schmeichel,dk DEN,GB,Nice,fr Ligue 1,35,1986,36.0,0.03,0.00,0.03,0.00,0.00,0.03,0.11,25.0,0.08,0.03,0.00,0.03,0.03,0.06,0.31,0.03,Matchs
Clt,Joueur,Nation,Pos,Équipe,Comp,Âge,Naissance,90,Tcl,TclR,ZDéf,MilTer,ZOff,Tcl,Att,Tcl%,Manqués,Balles contrées,Tirs,Passe,Int,Tcl+Int,Dég,Err,Matchs
2401,Jonathan Schmid,fr FRA,DF,Freiburg,de Bundesliga,32,1990,0.5,2.00,2.00,2.00,0.00,0.00,0.00,0.00,,0.00,2.00,0.00,2.00,2.00,4.00,2.00,2.00,Matchs
2402,Romano Schmid,at AUT,"MT,AT",Werder Bremen,de Bundesliga,22,2000,16.9,1.42,0.89,0.30,0.77,0.36,0.59,1.30,45.5,0.71,1.24,0.18,01.07,0.41,1.83,0.71,0.00,Matchs
2403,Kenneth Schmidt,de GER,DF,Freiburg,de Bundesliga,20,2002,2.8,2.14,01.07,1.43,0.71,0.00,1.79,2.14,83.3,0.36,1.43,0.71,0.71,0.00,2.14,0.71,0.00,Matchs
2404,Niklas Schmidt,de GER,MT,Werder Bremen,de Bundesliga,24,1998,12.1,02.07,0.83,0.99,0.91,0.17,01.07,2.31,46.4,1.24,0.83,0.00,0.83,0.41,2.48,0.99,0.00,Matchs
2405,Benno Schmitz,de GER,DF,Köln,de Bundesliga,27,1994,26.9,2.38,1.56,1.15,01.04,0.19,1.56,03.05,51.2,1.49,1.26,0.15,1.12,0.97,3.35,2.12,0.00,Matchs
2406,Jerdy Schouten,nl NED,MT,Bologna,it Serie A,25,1997,27.9,2.26,1.36,1.00,1.18,0.07,0.97,1.76,55.1,0.79,1.43,0.61,0.82,1.43,3.69,1.54,0.04,Matchs
2407,Perr Schuurs,nl NED,DF,Torino,it Serie A,22,1999,25.8,1.98,0.97,1.12,0.66,0.19,0.54,01.01,53.8,0.47,01.09,0.62,0.47,01.09,03.06,3.95,0.00,Matchs
2408,Marvin Schwäbe,de GER,GB,Köln,de Bundesliga,27,1995,34.0,0.03,0.00,0.03,0.00,0.00,0.03,0.03,100.0,0.00,0.00,0.00,0.00,0.06,0.09,0.24,0.06,Matchs
2409,Alexander Schwolow,de GER,GB,Schalke 04,de Bundesliga,30,1992,22.6,0.00,0.00,0.00,0.00,0.00,0.00,0.09,0.0,0.09,0.00,0.00,0.00,0.04,0.04,0.27,0.13,Matchs
2410,Manuel Sebastián,es ESP,MT,Sevilla,es La Liga,18,2004,1.7,4.12,2.35,1.76,1.76,0.59,2.94,4.71,62.5,1.76,0.00,0.00,0.00,0.00,4.12,1.18,0.00,Matchs
2411,Demba Seck,sn SEN,"MT,AT",Torino,it Serie A,21,2001,5.8,0.86,0.34,0.52,0.34,0.00,0.34,0.52,66.7,0.17,0.52,0.17,0.34,0.17,01.03,0.17,0.00,Matchs
2412,Haris Seferović,ch SUI,AT,Celta Vigo,es La Liga,30,1992,9.9,0.61,0.30,0.10,0.40,0.10,0.30,0.81,37.5,0.51,0.71,0.10,0.61,0.10,0.71,0.61,0.10,Matchs
2413,Telasco Segovia,ve VEN,MT,Sampdoria,it Serie A,19,2003,0.0,0,0,0,0,0,0,0,,0,0,0,0,0,0,0,0,Matchs
2414,Jacopo Segre,it ITA,DF,Torino,it Serie A,25,1997,0.2,0.00,0.00,0.00,0.00,0.00,0.00,0.00,,0.00,0.00,0.00,0.00,0.00,0.00,0.00,0.00,Matchs
2415,Paul Seguin,de GER,MT,Union Berlin,de Bundesliga,27,1995,7.7,2.21,01.04,1.17,0.52,0.52,01.04,2.34,44.4,1.30,0.78,0.00,0.78,0.78,2.99,0.91,0.00,Matchs
2416,Alidu Seidu,gh GHA,DF,Clermont Foot,fr Ligue 1,22,2000,27.3,1.90,1.14,1.28,0.51,0.11,1.14,1.87,60.8,0.73,01.03,0.51,0.51,1.90,3.81,1.83,0.07,Matchs
2417,Davie Selke,de GER,AT,Hertha BSC,de Bundesliga,27,1995,3.1,0.65,0.32,0.32,0.32,0.00,0.00,0.32,0.0,0.32,0.97,0.32,0.65,0.32,0.97,1.61,0.00,Matchs
2418,Davie Selke,de GER,AT,Köln,de Bundesliga,27,1995,9.7,0.00,0.00,0.00,0.00,0.00,0.00,0.41,0.0,0.41,0.41,0.10,0.31,0.00,0.00,1.13,0.00,Matchs
2419,Matz Sels,be BEL,GB,Strasbourg,fr Ligue 1,30,1992,38.0,0.11,0.08,0.11,0.00,0.00,0.11,0.11,100.0,0.00,0.00,0.00,0.00,0.11,0.21,0.61,0.00,Matchs
2420,Nélson Semedo,pt POR,DF,Wolves,eng Premier League,28,1993,29.2,2.43,1.44,1.64,0.65,0.14,1.13,2.19,51.6,01.06,1.44,0.51,0.92,0.99,3.42,2.84,0.07,Matchs
2421,Vivaldo Semedo,pt POR,"AT,MT",Udinese,it Serie A,17,2005,0.4,0.00,0.00,0.00,0.00,0.00,0.00,0.00,,0.00,2.50,0.00,2.50,0.00,0.00,2.50,0.00,Matchs
2422,Antoine Semenyo,gh GHA,"AT,MT",Bournemouth,eng Premier League,22,2000,2.9,0.34,0.00,0.00,0.00,0.34,0.34,02.07,16.7,1.72,3.45,0.34,3.10,0.69,01.03,1.38,0.00,Matchs
2423,Marvin Senaya,tg TOG,DF,Strasbourg,fr Ligue 1,21,2001,0.1,0.00,0.00,0.00,0.00,0.00,0.00,10.0,0.0,10.0,10.0,0.00,10.0,0.00,0.00,10.0,0.00,Matchs
2424,Marcos Senesi,ar ARG,DF,Bournemouth,eng Premier League,25,1997,27.7,1.81,1.26,01.01,0.79,0.00,0.83,1.55,53.5,0.72,1.37,0.72,0.65,1.55,3.36,5.27,0.07,Matchs
2425,Stefano Sensi,it ITA,MT,Monza,it Serie A,26,1995,18.0,2.28,1.44,1.39,0.72,0.17,1.00,2.67,37.5,1.67,0.72,0.17,0.56,1.11,3.39,0.22,0.00,Matchs
Clt,Joueur,Nation,Pos,Équipe,Comp,Âge,Naissance,90,Tcl,TclR,ZDéf,MilTer,ZOff,Tcl,Att,Tcl%,Manqués,Balles contrées,Tirs,Passe,Int,Tcl+Int,Dég,Err,Matchs
2426,Jaime Seoane,es ESP,"MT,AT",Getafe,es La Liga,25,1997,3.6,2.78,1.11,0.83,1.11,0.83,0.56,2.22,25.0,1.67,1.94,0.83,1.11,0.28,03.06,0.56,0.00,Matchs
2427,Luigi Sepe,it ITA,GB,Salernitana,it Serie A,31,1991,17.0,0.00,0.00,0.00,0.00,0.00,0.00,0.06,0.0,0.06,0.00,0.00,0.00,0.00,0.00,0.00,0.00,Matchs
2428,Suat Serdar,de GER,MT,Hertha BSC,de Bundesliga,25,1997,22.5,2.27,01.02,0.62,1.33,0.31,0.89,1.82,48.8,0.93,2.13,0.53,1.60,1.29,3.56,01.07,0.00,Matchs
2429,Leonardo Sernicola,it ITA,DF,Cremonese,it Serie A,25,1997,25.7,1.75,1.28,0.97,0.51,0.27,1.13,1.67,67.4,0.54,0.89,0.23,0.66,1.48,3.23,2.14,0.00,Matchs
2430,Ryan Sessegnon,eng ENG,DF,Tottenham,eng Premier League,22,2000,9.0,1.78,1.22,1.00,0.78,0.00,0.67,1.33,50.0,0.67,0.89,0.11,0.78,0.67,2.44,1.89,0.11,Matchs
2431,Stephan El Shaarawy,it ITA,"DF,MT",Roma,it Serie A,29,1992,16.9,1.24,0.53,0.47,0.59,0.18,0.36,1.30,27.3,0.95,0.65,0.06,0.59,0.89,2.13,0.65,0.00,Matchs
2432,Eniss Shabani,al ALB,MT,Mainz 05,de Bundesliga,19,2003,0.1,0.00,0.00,0.00,0.00,0.00,0.00,0.00,,0.00,0.00,0.00,0.00,0.00,0.00,0.00,0.00,Matchs
2433,Luke Shaw,eng ENG,DF,Manchester Utd,eng Premier League,27,1995,28.4,1.94,1.27,01.09,0.77,0.07,1.13,1.58,71.1,0.46,1.80,0.60,1.20,1.27,3.20,1.94,0.07,Matchs
2434,Jonjo Shelvey,eng ENG,MT,Newcastle Utd,eng Premier League,30,1992,0.4,2.50,0.00,2.50,0.00,0.00,0.00,2.50,0.0,2.50,2.50,0.00,2.50,0.00,2.50,0.00,0.00,Matchs
2435,Jonjo Shelvey,eng ENG,MT,Nott'ham Forest,eng Premier League,30,1992,6.0,0.33,0.17,0.00,0.17,0.17,0.17,1.50,11.1,1.33,1.17,0.33,0.83,0.83,1.17,1.67,0.17,Matchs
2436,Eldor Shomurodov,uz UZB,AT,Spezia,it Serie A,27,1995,9.0,0.56,0.56,0.33,0.11,0.11,0.22,1.22,18.2,1.00,0.56,0.11,0.44,0.33,0.89,0.44,0.00,Matchs
2437,Eldor Shomurodov,uz UZB,AT,Roma,it Serie A,27,1995,1.3,0.77,0.00,0.77,0.00,0.00,0.00,1.54,0.0,1.54,0.77,0.00,0.77,0.77,1.54,0.00,0.00,Matchs
2438,Kaj Sierhuis,nl NED,"AT,MT",Reims,fr Ligue 1,24,1998,2.4,1.25,1.25,0.42,0.00,0.83,0.00,02.08,0.0,02.08,1.25,0.42,0.83,0.42,1.67,0.83,0.00,Matchs
2439,Vincent Sierro,ch SUI,MT,Toulouse,fr Ligue 1,26,1995,7.4,2.57,1.49,1.22,1.22,0.14,1.49,3.92,37.9,2.43,1.62,0.41,1.22,0.54,3.11,1.49,0.14,Matchs
2440,Kiliann Sildillia,fr FRA,"DF,MT",Freiburg,de Bundesliga,20,2002,22.0,1.50,0.91,0.45,0.86,0.18,0.82,1.36,60.0,0.55,01.09,0.41,0.68,0.95,2.45,2.14,0.05,Matchs
2441,André Silva,pt POR,AT,RB Leipzig,de Bundesliga,26,1995,19.3,0.62,0.31,0.10,0.26,0.26,0.16,0.41,37.5,0.26,0.57,0.05,0.52,0.16,0.78,0.16,0.00,Matchs
2442,Bernardo Silva,pt POR,"MT,AT",Manchester City,eng Premier League,27,1994,24.5,1.80,0.94,0.45,01.02,0.33,0.73,1.84,40.0,1.10,0.94,0.24,0.69,0.65,2.45,0.24,0.00,Matchs
2443,Caio Henrique Oliveira Silva,br BRA,DF,Monaco,fr Ligue 1,25,1997,32.2,2.30,1.58,1.30,0.87,0.12,1.37,2.36,57.9,0.99,0.87,0.25,0.62,0.81,3.11,2.11,0.03,Matchs
2444,David Silva,es ESP,MT,Real Sociedad,es La Liga,36,1986,21.5,1.67,0.98,0.51,0.84,0.33,0.51,0.88,57.9,0.37,0.79,0.09,0.70,0.70,2.37,0.74,0.00,Matchs
2445,Rui Silva,pt POR,GB,Betis,es La Liga,28,1994,26.0,0.15,0.04,0.15,0.00,0.00,0.15,0.15,100.0,0.00,0.00,0.00,0.00,0.00,0.15,0.46,0.04,Matchs
2446,Thiago Silva,br BRA,DF,Chelsea,eng Premier League,37,1984,26.1,1.57,01.03,0.92,0.65,0.00,0.80,1.19,67.7,0.38,1.46,1.11,0.34,1.30,2.87,4.25,0.11,Matchs
2447,Marco Silvestri,it ITA,GB,Udinese,it Serie A,31,1991,38.0,0.05,0.03,0.05,0.00,0.00,0.05,0.08,66.7,0.03,0.00,0.00,0.00,0.03,0.08,0.39,0.03,Matchs
2448,Abdallah Sima,sn SEN,AT,Angers,fr Ligue 1,21,2001,20.4,01.08,0.64,0.20,0.74,0.15,0.34,0.93,36.8,0.59,0.39,0.00,0.39,0.20,1.27,0.93,0.00,Matchs
2449,Mohamed Simakan,fr FRA,DF,RB Leipzig,de Bundesliga,22,2000,16.2,1.30,0.86,0.74,0.31,0.25,0.86,1.30,66.7,0.43,1.30,0.25,01.05,0.99,2.28,3.40,0.00,Matchs
2450,Giovanni Simeone,ar ARG,AT,Napoli,it Serie A,27,1995,4.5,2.67,0.67,0.67,1.11,0.89,0.67,1.78,37.5,1.11,0.44,0.22,0.22,0.22,2.89,0.89,0.00,Matchs
Clt,Joueur,Nation,Pos,Équipe,Comp,Âge,Naissance,90,Tcl,TclR,ZDéf,MilTer,ZOff,Tcl,Att,Tcl%,Manqués,Balles contrées,Tirs,Passe,Int,Tcl+Int,Dég,Err,Matchs
2451,Ellis Simms,eng ENG,AT,Everton,eng Premier League,21,2001,2.5,0.00,0.00,0.00,0.00,0.00,0.00,0.00,,0.00,0.00,0.00,0.00,0.00,0.00,0.40,0.00,Matchs
2452,Simo,es ESP,DF,Espanyol,es La Liga,17,2005,1.6,1.88,0.63,1.88,0.00,0.00,1.25,1.88,66.7,0.63,3.13,2.50,0.63,0.00,1.88,1.88,0.00,Matchs
2453,Moses Simon,ng NGA,"AT,MT",Nantes,fr Ligue 1,27,1995,26.1,0.69,0.34,0.23,0.27,0.19,0.27,0.57,46.7,0.31,0.54,0.04,0.50,0.42,1.11,0.11,0.00,Matchs
2454,Unai Simón,es ESP,GB,Athletic Club,es La Liga,25,1997,30.5,0.07,0.00,0.07,0.00,0.00,0.03,0.03,100.0,0.00,0.03,0.00,0.03,0.00,0.07,0.30,0.10,Matchs
2455,Lassine Sinayoko,ml MLI,"MT,AT",Auxerre,fr Ligue 1,22,1999,17.4,1.90,0.86,0.80,0.69,0.40,1.21,2.30,52.5,01.09,0.69,0.00,0.69,01.03,2.93,0.98,0.00,Matchs
2456,Wilfried Singo,ci CIV,DF,Torino,it Serie A,21,2000,22.7,1.19,0.75,0.62,0.44,0.13,0.53,0.84,63.2,0.31,0.66,0.09,0.57,0.53,1.72,1.45,0.04,Matchs
2457,Luis Sinisterra,co COL,AT,Leeds United,eng Premier League,23,1999,9.6,2.19,1.46,0.83,0.94,0.42,1.15,1.88,61.1,0.73,1.15,0.10,01.04,0.83,03.02,0.21,0.00,Matchs
2458,Daley Sinkgraven,nl NED,"DF,MT",Leverkusen,de Bundesliga,27,1995,3.8,2.63,1.84,1.84,0.79,0.00,1.84,2.37,77.8,0.53,2.11,01.05,01.05,1.32,3.95,1.84,0.00,Matchs
2459,Tobias Sippel,de GER,GB,M'Gladbach,de Bundesliga,34,1988,5.7,0.00,0.00,0.00,0.00,0.00,0.00,0.00,,0.00,0.00,0.00,0.00,0.00,0.00,0.18,0.18,Matchs
2460,Hugo Siquet,be BEL,DF,Freiburg,de Bundesliga,20,2002,0.2,10.0,10.0,10.0,0.00,0.00,10.0,10.0,100.0,0.00,5.00,0.00,5.00,0.00,10.0,0.00,0.00,Matchs
2461,Salvatore Sirigu,it ITA,GB,Fiorentina,it Serie A,35,1987,1.0,0.00,0.00,0.00,0.00,0.00,0.00,0.00,,0.00,0.00,0.00,0.00,0.00,0.00,1.00,0.00,Matchs
2462,Ibrahima Sissoko,ml MLI,MT,Strasbourg,fr Ligue 1,24,1997,14.6,2.74,1.51,1.23,1.16,0.34,1.51,2.88,52.4,1.37,1.37,0.41,0.96,0.68,3.42,1.30,0.00,Matchs
2463,Moussa Sissoko,fr FRA,MT,Nantes,fr Ligue 1,32,1989,21.3,1.22,0.75,0.75,0.33,0.14,0.56,0.85,66.7,0.28,01.03,0.23,0.80,0.75,1.97,0.80,0.00,Matchs
2464,Tim Skarke,de GER,"DF,MT",Union Berlin,de Bundesliga,25,1996,0.6,1.67,1.67,0.00,0.00,1.67,0.00,0.00,,0.00,1.67,0.00,1.67,0.00,1.67,0.00,0.00,Matchs
2465,Tim Skarke,de GER,"AT,MT",Schalke 04,de Bundesliga,25,1996,4.9,2.65,1.43,0.61,1.63,0.41,1.63,2.24,72.7,0.61,01.02,0.00,01.02,0.00,2.65,0.82,0.00,Matchs
2466,Ellyes Skhiri,tn TUN,MT,Köln,de Bundesliga,27,1995,31.7,2.49,1.39,0.91,1.32,0.25,0.82,02.08,39.4,1.26,1.64,0.38,1.26,1.77,4.26,1.51,0.00,Matchs
2467,Oliver Skipp,eng ENG,MT,Tottenham,eng Premier League,21,2000,16.6,02.05,01.02,01.08,0.90,0.06,0.96,1.99,48.5,01.02,01.02,0.48,0.54,01.02,03.07,1.14,0.06,Matchs
2468,Leo Skiri Østigård,no NOR,DF,Napoli,it Serie A,22,1999,4.7,0.85,0.21,0.64,0.21,0.00,0.21,0.21,100.0,0.00,0.64,0.64,0.00,1.28,2.13,3.83,0.21,Matchs
2469,Łukasz Skorupski,pl POL,GB,Bologna,it Serie A,31,1991,37.0,0.05,0.03,0.05,0.00,0.00,0.03,0.05,50.0,0.03,0.00,0.00,0.00,0.00,0.05,0.51,0.05,Matchs
2470,Robert Skov,dk DEN,DF,Hoffenheim,de Bundesliga,26,1996,15.0,1.47,0.73,0.93,0.47,0.07,0.67,1.73,38.5,01.07,1.47,0.53,0.93,0.53,2.00,1.33,0.13,Matchs
2471,Milan Škriniar,sk SVK,DF,Inter,it Serie A,27,1995,19.7,1.47,0.91,0.71,0.56,0.20,0.91,1.62,56.3,0.71,0.91,0.66,0.25,0.66,2.13,2.34,0.15,Matchs
2472,Naatan Skyttä,fi FIN,MT,Toulouse,fr Ligue 1,20,2002,0.3,0.00,0.00,0.00,0.00,0.00,0.00,0.00,,0.00,0.00,0.00,0.00,3.33,3.33,0.00,0.00,Matchs
2473,Islam Slimani,dz ALG,AT,Brest,fr Ligue 1,34,1988,11.0,0.45,0.27,0.18,0.18,0.09,0.00,0.27,0.0,0.27,0.18,0.00,0.18,0.09,0.55,1.00,0.00,Matchs
2474,Chris Smalling,eng ENG,DF,Roma,it Serie A,32,1989,31.2,0.83,0.48,0.51,0.32,0.00,0.42,0.67,61.9,0.26,1.63,1.15,0.48,1.38,2.21,3.94,0.00,Matchs
2475,Adam Smith,eng ENG,DF,Bournemouth,eng Premier League,31,1991,32.7,1.50,0.89,0.83,0.58,0.09,0.89,1.83,48.3,0.95,0.92,0.40,0.52,0.76,2.26,2.48,0.03,Matchs
Clt,Joueur,Nation,Pos,Équipe,Comp,Âge,Naissance,90,Tcl,TclR,ZDéf,MilTer,ZOff,Tcl,Att,Tcl%,Manqués,Balles contrées,Tirs,Passe,Int,Tcl+Int,Dég,Err,Matchs
2476,Emile Smith Rowe,eng ENG,"MT,AT",Arsenal,eng Premier League,22,2000,1.9,0.53,0.53,0.53,0.00,0.00,0.53,1.58,33.3,01.05,0.53,0.00,0.53,0.00,0.53,01.05,0.00,Matchs
2477,Hrvoje Smolčić,hr CRO,DF,Eint Frankfurt,de Bundesliga,21,2000,5.2,1.54,1.35,1.15,0.38,0.00,0.96,1.92,50.0,0.96,2.12,0.77,1.35,1.15,2.69,7.31,0.00,Matchs
2478,Cédric Soares,pt POR,DF,Arsenal,eng Premier League,30,1991,0.3,0.00,0.00,0.00,0.00,0.00,0.00,3.33,0.0,3.33,3.33,0.00,3.33,0.00,0.00,3.33,0.00,Matchs
2479,Cédric Soares,pt POR,DF,Fulham,eng Premier League,30,1991,2.2,3.64,2.27,1.82,1.36,0.45,1.36,1.36,100.0,0.00,1.36,0.45,0.91,0.45,04.09,2.27,0.00,Matchs
2480,Danilo Soares,br BRA,DF,Bochum,de Bundesliga,30,1991,19.6,3.67,2.35,2.14,1.17,0.36,2.19,3.67,59.7,1.48,1.48,0.31,1.17,1.53,5.20,2.86,0.05,Matchs
2481,Eduard Sobol,ua UKR,DF,Strasbourg,fr Ligue 1,27,1995,9.7,1.96,01.03,01.03,0.62,0.31,0.93,1.34,69.2,0.41,01.03,0.10,0.93,0.82,2.78,1.96,0.00,Matchs
2482,Rubén Sobrino,es ESP,"MT,AT",Cádiz,es La Liga,30,1992,27.4,02.01,1.35,01.06,0.62,0.33,0.84,02.04,41.1,1.20,1.20,0.11,01.09,0.88,2.88,0.73,0.04,Matchs
2483,Alex Sola,es ESP,DF,Real Sociedad,es La Liga,23,1999,3.9,4.62,2.31,3.59,0.77,0.26,1.79,2.56,70.0,0.77,1.79,0.51,1.28,1.79,6.41,2.56,0.00,Matchs
2484,Dominic Solanke,eng ENG,"AT,MT",Bournemouth,eng Premier League,24,1997,31.8,0.47,0.28,0.25,0.09,0.13,0.16,0.69,22.7,0.53,0.82,0.22,0.60,0.19,0.66,1.45,0.00,Matchs
2485,Augusto Solari,ar ARG,MT,Celta Vigo,es La Liga,30,1992,2.9,3.45,02.07,02.07,01.03,0.34,01.03,3.79,27.3,2.76,1.72,0.00,1.72,1.38,4.83,01.03,0.00,Matchs
2486,Ola Solbakken,no NOR,"MT,AT",Roma,it Serie A,23,1998,5.6,0.36,0.36,0.18,0.18,0.00,0.36,1.25,28.6,0.89,0.36,0.00,0.36,0.36,0.71,1.43,0.00,Matchs
2487,Nikola Soldo,hr CRO,DF,Köln,de Bundesliga,21,2001,6.6,2.27,1.36,1.21,01.06,0.00,01.06,1.67,63.6,0.61,01.06,0.91,0.15,01.06,3.33,4.24,0.00,Matchs
2488,Carlos Soler,es ESP,MT,Valencia,es La Liga,25,1997,2.7,0.74,0.00,0.00,0.37,0.37,0.74,1.11,66.7,0.37,0.37,0.00,0.37,0.00,0.74,0.74,0.00,Matchs
2489,Carlos Soler,es ESP,MT,Paris S-G,fr Ligue 1,25,1997,13.2,1.52,0.91,0.45,0.76,0.30,0.76,1.44,52.6,0.68,0.91,0.30,0.61,0.30,1.82,0.45,0.00,Matchs
2490,François-Joseph Sollacaro,fr FRA,GB,Ajaccio,fr Ligue 1,28,1994,6.0,0.00,0.00,0.00,0.00,0.00,0.00,0.00,,0.00,0.00,0.00,0.00,0.00,0.00,0.33,0.33,Matchs
2491,Manor Solomon,il ISR,AT,Fulham,eng Premier League,23,1999,6.4,3.13,1.88,1.88,0.94,0.31,1.41,2.50,56.3,01.09,1.25,0.00,1.25,0.78,3.91,0.47,0.00,Matchs
2492,Yann Sommer,ch SUI,GB,M'Gladbach,de Bundesliga,33,1988,10.0,0.10,0.00,0.10,0.00,0.00,0.10,0.10,100.0,0.00,0.00,0.00,0.00,0.00,0.10,0.80,0.00,Matchs
2493,Yann Sommer,ch SUI,GB,Bayern Munich,de Bundesliga,33,1988,19.0,0.00,0.00,0.00,0.00,0.00,0.00,0.00,,0.00,0.00,0.00,0.00,0.05,0.05,0.26,0.05,Matchs
2494,Brandon Soppy,fr FRA,DF,Udinese,it Serie A,20,2002,1.0,1.00,1.00,0.00,1.00,0.00,0.00,0.00,,0.00,4.00,0.00,4.00,1.00,2.00,1.00,0.00,Matchs
2495,Brandon Soppy,fr FRA,DF,Atalanta,it Serie A,20,2002,7.1,1.13,0.70,0.56,0.56,0.00,0.42,1.27,33.3,0.85,1.41,0.00,1.41,0.42,1.55,0.99,0.00,Matchs
2496,David Soria,es ESP,GB,Getafe,es La Liga,29,1993,38.0,0.00,0.00,0.00,0.00,0.00,0.00,0.03,0.0,0.03,0.00,0.00,0.00,0.03,0.03,0.53,0.11,Matchs
2497,Roberto Soriano,it ITA,"AT,MT",Bologna,it Serie A,31,1991,14.7,2.11,01.09,0.61,01.09,0.41,0.88,1.70,52.0,0.82,1.56,0.14,1.43,0.41,2.52,0.95,0.00,Matchs
2498,Borna Sosa,hr CRO,DF,Stuttgart,de Bundesliga,24,1998,21.7,1.24,0.97,0.83,0.37,0.05,0.97,1.47,65.6,0.51,0.92,0.23,0.69,0.88,2.12,1.71,0.00,Matchs
2499,Joaquin Sosa,uy URU,DF,Bologna,it Serie A,20,2002,7.6,0.79,0.26,0.66,0.13,0.00,0.53,2.37,22.2,1.84,0.66,0.39,0.26,0.79,1.58,04.08,0.00,Matchs
2500,Hugo Sotelo,es ESP,MT,Celta Vigo,es La Liga,18,2003,0.2,0.00,0.00,0.00,0.00,0.00,0.00,0.00,,0.00,0.00,0.00,0.00,0.00,0.00,0.00,0.00,Matchs
Clt,Joueur,Nation,Pos,Équipe,Comp,Âge,Naissance,90,Tcl,TclR,ZDéf,MilTer,ZOff,Tcl,Att,Tcl%,Manqués,Balles contrées,Tirs,Passe,Int,Tcl+Int,Dég,Err,Matchs
2501,Florian Sotoca,fr FRA,"MT,AT",Lens,fr Ligue 1,31,1990,33.9,1.15,0.56,0.32,0.50,0.32,0.44,1.18,37.5,0.74,1.21,0.06,1.15,0.86,02.01,1.50,0.00,Matchs
2502,Riccardo Sottil,it ITA,AT,Fiorentina,it Serie A,23,1999,9.3,0.43,0.32,0.22,0.00,0.22,0.22,0.54,40.0,0.32,0.22,0.00,0.22,0.00,0.43,0.00,0.00,Matchs
2503,Tomáš Souček,cz CZE,MT,West Ham,eng Premier League,27,1995,31.3,2.46,1.18,1.31,0.93,0.22,0.89,1.85,48.3,0.96,1.34,0.54,0.80,1.69,4.15,2.27,0.10,Matchs
2504,Matìas Soulé,ar ARG,"MT,AT",Juventus,it Serie A,19,2003,4.7,1.49,0.85,0.64,0.43,0.43,01.06,1.49,71.4,0.43,1.49,0.21,1.28,0.64,2.13,0.64,0.00,Matchs
2505,Moussa Soumano,fr FRA,AT,Ajaccio,fr Ligue 1,17,2005,5.5,0.36,0.36,0.00,0.18,0.18,0.00,01.09,0.0,01.09,0.36,0.00,0.36,0.00,0.36,0.00,0.00,Matchs
2506,Adama Soumaoro,fr FRA,DF,Bologna,it Serie A,30,1992,20.7,1.21,0.82,0.53,0.58,0.10,0.24,0.34,71.4,0.10,0.87,0.63,0.24,0.72,1.93,3.62,0.05,Matchs
2507,Boubakary Soumaré,fr FRA,MT,Leicester City,eng Premier League,23,1999,18.1,3.15,1.88,1.60,1.44,0.11,1.27,2.38,53.5,1.10,0.83,0.22,0.61,1.82,4.97,1.49,0.06,Matchs
2508,Arnaud Souquet,fr FRA,"DF,AT",Montpellier,fr Ligue 1,30,1992,4.0,5.50,4.00,3.25,1.75,0.50,2.75,3.50,78.6,0.75,2.00,0.75,1.25,1.00,6.50,1.00,0.00,Matchs
2509,Dyego Sousa,pt POR,AT,Almería,es La Liga,32,1989,5.9,1.69,01.02,0.85,0.68,0.17,0.68,0.85,80.0,0.17,0.68,0.34,0.34,0.17,1.86,2.37,0.00,Matchs
2510,Harry Souttar,au AUS,DF,Leicester City,eng Premier League,23,1998,11.0,1.36,0.82,0.91,0.45,0.00,0.64,1.64,38.9,1.00,1.45,01.09,0.36,01.09,2.45,04.09,0.00,Matchs
2511,Vinicius Souza,br BRA,MT,Espanyol,es La Liga,23,1999,27.0,3.67,2.44,1.52,1.67,0.48,1.22,2.19,55.9,0.96,1.15,0.52,0.63,1.78,5.44,1.85,0.04,Matchs
2512,Djibril Sow,ch SUI,MT,Eint Frankfurt,de Bundesliga,25,1997,29.4,1.39,0.85,0.44,0.85,0.10,0.75,1.50,50.0,0.75,0.75,0.14,0.61,0.95,2.35,0.78,0.00,Matchs
2513,Çağlar Söyüncü,tr TUR,DF,Leicester City,eng Premier League,26,1996,5.9,2.37,1.53,1.69,0.68,0.00,1.19,1.69,70.0,0.51,1.53,1.36,0.17,1.19,3.56,05.08,0.00,Matchs
2514,Kevin Spadanuda,ch SUI,"MT,AT",Ajaccio,fr Ligue 1,25,1997,11.8,2.46,1.53,1.27,0.76,0.42,01.02,2.80,36.4,1.78,1.53,0.00,1.53,0.93,3.39,0.42,0.00,Matchs
2515,Djed Spence,eng ENG,"AT,DF",Tottenham,eng Premier League,21,2000,0.1,0.00,0.00,0.00,0.00,0.00,0.00,0.00,,0.00,0.00,0.00,0.00,0.00,0.00,0.00,0.00,Matchs
2516,Djed Spence,eng ENG,DF,Rennes,fr Ligue 1,21,2000,6.4,2.19,0.94,1.25,0.31,0.63,1.72,2.81,61.1,01.09,1.56,0.47,01.09,0.63,2.81,2.34,0.00,Matchs
2517,Stijn Spierings,nl NED,MT,Toulouse,fr Ligue 1,26,1996,34.7,2.74,1.93,01.07,1.41,0.26,1.24,2.91,42.6,1.67,1.41,0.32,1.10,1.53,4.27,1.27,0.00,Matchs
2518,Leonardo Spinazzola,it ITA,DF,Roma,it Serie A,29,1993,18.4,0.82,0.43,0.38,0.33,0.11,0.43,1.25,34.8,0.82,0.71,0.16,0.54,0.49,1.30,1.36,0.00,Matchs
2519,Marco Sportiello,it ITA,GB,Atalanta,it Serie A,30,1992,14.9,0.07,0.00,0.07,0.00,0.00,0.07,0.20,33.3,0.13,0.00,0.00,0.00,0.00,0.07,0.13,0.00,Matchs
2520,Jack Stacey,eng ENG,DF,Bournemouth,eng Premier League,26,1996,3.3,1.52,1.21,0.91,0.30,0.30,0.61,1.52,40.0,0.91,0.91,0.30,0.61,1.52,03.03,4.55,0.00,Matchs
2521,Anton Stach,de GER,MT,Mainz 05,de Bundesliga,23,1998,23.0,1.17,0.91,0.43,0.65,0.09,0.70,1.65,42.1,0.96,1.22,0.09,1.13,1.78,2.96,01.09,0.00,Matchs
2522,Kostas Stafylidis,gr GRE,"DF,MT",Bochum,de Bundesliga,28,1993,11.6,2.33,1.38,1.12,0.69,0.52,0.86,02.07,41.7,1.21,1.81,0.69,1.12,1.72,04.05,2.67,0.09,Matchs
2523,Jens Stage,dk DEN,MT,Werder Bremen,de Bundesliga,25,1996,20.6,1.65,0.83,0.73,0.87,0.05,0.49,1.80,27.0,1.31,1.65,0.53,1.12,0.78,2.43,1.80,0.00,Matchs
2524,Veit Stange,de GER,MT,Hertha BSC,de Bundesliga,18,2004,0.1,10.0,10.0,10.0,0.00,0.00,10.0,10.0,100.0,0.00,0.00,0.00,0.00,0.00,10.0,0.00,0.00,Matchs
2525,Josip Stanišić,hr CRO,DF,Bayern Munich,de Bundesliga,22,2000,6.4,2.97,1.72,2.19,0.31,0.47,1.88,2.66,70.6,0.78,1.41,0.16,1.25,01.09,04.06,1.72,0.47,Matchs
Clt,Joueur,Nation,Pos,Équipe,Comp,Âge,Naissance,90,Tcl,TclR,ZDéf,MilTer,ZOff,Tcl,Att,Tcl%,Manqués,Balles contrées,Tirs,Passe,Int,Tcl+Int,Dég,Err,Matchs
2526,Junior Stanislas,eng ENG,MT,Bournemouth,eng Premier League,32,1989,0.7,0.00,0.00,0.00,0.00,0.00,0.00,0.00,,0.00,2.86,1.43,1.43,0.00,0.00,0.00,0.00,Matchs
2527,Jay Stansfield,eng ENG,AT,Fulham,eng Premier League,19,2002,1.0,0.00,0.00,0.00,0.00,0.00,0.00,2.00,0.0,2.00,4.00,1.00,3.00,1.00,1.00,1.00,0.00,Matchs
2528,Niklas Stark,de GER,DF,Werder Bremen,de Bundesliga,27,1995,23.1,2.42,1.56,1.26,01.04,0.13,1.17,1.82,64.3,0.65,01.04,0.56,0.48,1.60,04.03,4.76,0.00,Matchs
2529,Jason Steele,eng ENG,GB,Brighton,eng Premier League,31,1990,15.0,0.00,0.00,0.00,0.00,0.00,0.00,0.07,0.0,0.07,0.00,0.00,0.00,0.00,0.00,0.40,0.07,Matchs
2530,Calvin Stengs,nl NED,AT,Nice,fr Ligue 1,23,1998,2.4,0.83,0.83,0.42,0.00,0.42,0.42,0.83,50.0,0.42,0.00,0.00,0.00,0.00,0.83,0.00,0.00,Matchs
2531,Pascal Stenzel,de GER,DF,Stuttgart,de Bundesliga,26,1996,3.7,3.24,2.16,2.16,01.08,0.00,1.35,2.43,55.6,01.08,2.43,0.54,1.89,1.35,4.59,1.62,0.00,Matchs
2532,Jack Stephens,eng ENG,DF,Southampton,eng Premier League,28,1994,0.5,4.00,4.00,4.00,0.00,0.00,2.00,2.00,100.0,0.00,2.00,2.00,0.00,2.00,6.00,4.00,0.00,Matchs
2533,Jack Stephens,eng ENG,DF,Bournemouth,eng Premier League,28,1994,13.0,1.15,0.85,0.77,0.31,0.08,0.46,0.77,60.0,0.31,1.77,1.23,0.54,1.23,2.38,04.08,0.00,Matchs
2534,Raheem Sterling,eng ENG,"AT,MT",Chelsea,eng Premier League,27,1994,21.0,0.86,0.48,0.24,0.19,0.43,0.38,0.67,57.1,0.29,0.81,0.00,0.81,0.10,0.95,0.24,0.00,Matchs
2535,Angelo Stiller,de GER,MT,Hoffenheim,de Bundesliga,21,2001,7.8,3.33,1.54,1.15,1.67,0.51,01.03,1.54,66.7,0.51,1.54,0.26,1.28,1.28,4.62,1.79,0.00,Matchs
2536,Lars Stindl,de GER,"AT,MT",M'Gladbach,de Bundesliga,33,1988,19.3,1.24,0.73,0.21,0.88,0.16,0.52,1.45,35.7,0.93,1.24,0.26,0.98,0.57,1.81,0.98,0.00,Matchs
2537,Kevin Stöger,at AUT,MT,Bochum,de Bundesliga,28,1993,28.9,2.91,1.56,1.31,1.11,0.48,01.07,3.25,33.0,2.18,0.93,0.14,0.80,0.90,3.81,0.73,0.03,Matchs
2538,Petar Stojanović,si SVN,DF,Empoli,it Serie A,26,1995,17.0,2.47,1.29,1.65,0.59,0.24,1.53,2.53,60.5,1.00,1.00,0.29,0.71,0.65,3.12,3.24,0.00,Matchs
2539,John Stones,eng ENG,"DF,MT",Manchester City,eng Premier League,28,1994,20.5,1.12,0.63,0.54,0.39,0.20,0.34,0.49,70.0,0.15,0.83,0.49,0.34,0.44,1.56,1.95,0.00,Matchs
2540,Jørgen Strand Larsen,no NOR,AT,Celta Vigo,es La Liga,22,2000,18.9,0.79,0.37,0.16,0.26,0.37,0.37,1.59,23.3,1.22,0.74,0.26,0.48,0.16,0.95,1.27,0.00,Matchs
2541,Tony Strata,fr FRA,"MT,DF",Ajaccio,fr Ligue 1,17,2004,1.5,2.67,2.00,2.67,0.00,0.00,2.67,3.33,80.0,0.67,1.33,0.00,1.33,0.67,3.33,4.67,0.00,Matchs
2542,Gabriel Strefezza,br BRA,"AT,MT",Lecce,it Serie A,25,1997,27.1,1.85,0.89,0.66,0.74,0.44,1.00,1.96,50.9,0.96,1.33,0.11,1.22,0.59,2.44,0.55,0.00,Matchs
2543,Dávid Strelec,sk SVK,AT,Spezia,it Serie A,21,2001,1.9,01.05,01.05,0.00,0.53,0.53,01.05,01.05,100.0,0.00,0.00,0.00,0.00,0.00,01.05,0.00,0.00,Matchs
2544,Pascal Struijk,nl NED,DF,Leeds United,eng Premier League,22,1999,24.4,3.44,2.34,1.76,1.27,0.41,02.01,03.07,65.3,01.07,1.31,0.49,0.82,1.31,4.75,2.87,0.04,Matchs
2545,Cristhian Stuani,uy URU,AT,Girona,es La Liga,35,1986,12.1,01.07,0.50,0.17,0.58,0.33,0.41,1.16,35.7,0.74,0.83,0.00,0.83,0.17,1.24,0.41,0.00,Matchs
2546,Damián Suárez,uy URU,"DF,MT",Getafe,es La Liga,34,1988,21.6,2.27,1.53,01.06,0.88,0.32,1.20,2.22,54.2,01.02,1.85,0.00,1.85,0.69,2.96,1.67,0.00,Matchs
2547,Denis Suárez,es ESP,"MT,AT",Espanyol,es La Liga,28,1994,10.5,2.48,1.90,1.14,1.14,0.19,1.24,4.29,28.9,03.05,01.05,0.10,0.95,0.48,2.95,0.38,0.00,Matchs
2548,Mario Suárez,es ESP,"MT,DF",Rayo Vallecano,es La Liga,35,1987,0.1,0.00,0.00,0.00,0.00,0.00,0.00,0.00,,0.00,10.0,0.00,10.0,0.00,0.00,0.00,0.00,Matchs
2549,Gabriel Suazo,cl CHI,DF,Toulouse,fr Ligue 1,24,1997,14.0,2.71,1.57,1.43,01.07,0.21,02.07,4.50,46.0,2.43,1.50,0.36,1.14,1.57,4.29,1.71,0.07,Matchs
2550,Isaac Success,ng NGA,AT,Udinese,it Serie A,26,1996,20.2,0.40,0.20,0.10,0.25,0.05,0.15,0.40,37.5,0.25,0.64,0.10,0.54,0.20,0.59,0.89,0.00,Matchs
Clt,Joueur,Nation,Pos,Équipe,Comp,Âge,Naissance,90,Tcl,TclR,ZDéf,MilTer,ZOff,Tcl,Att,Tcl%,Manqués,Balles contrées,Tirs,Passe,Int,Tcl+Int,Dég,Err,Matchs
2551,Niklas Süle,de GER,DF,Dortmund,de Bundesliga,26,1995,23.5,01.06,0.81,0.77,0.13,0.17,0.60,0.98,60.9,0.38,1.19,0.81,0.38,0.72,1.79,2.26,0.00,Matchs
2552,Ibrahim Sulemana,gh GHA,MT,Hellas Verona,it Serie A,19,2003,7.2,2.64,1.81,1.39,0.97,0.28,0.83,1.67,50.0,0.83,1.11,0.28,0.83,1.94,4.58,02.08,0.00,Matchs
2553,Kamaldeen Sulemana,gh GHA,"AT,MT",Southampton,eng Premier League,20,2002,10.7,1.40,0.84,0.37,0.65,0.37,0.37,1.31,28.6,0.93,1.50,0.00,1.50,0.56,1.96,0.56,0.00,Matchs
2554,Kamaldeen Sulemana,gh GHA,"AT,MT",Rennes,fr Ligue 1,20,2002,3.6,1.67,0.83,0.28,1.11,0.28,0.28,1.39,20.0,1.11,0.56,0.00,0.56,1.11,2.78,0.56,0.00,Matchs
2555,Crysencio Summerville,nl NED,AT,Leeds United,eng Premier League,20,2001,15.8,1.90,1.27,0.89,0.89,0.13,0.70,1.46,47.8,0.76,1.27,0.13,1.14,0.82,2.72,0.70,0.00,Matchs
2556,Ivan Šunjić,hr CRO,MT,Hertha BSC,de Bundesliga,25,1996,11.0,3.45,1.82,1.45,1.91,0.09,1.45,2.18,66.7,0.73,1.55,0.45,01.09,1.18,4.64,1.73,0.09,Matchs
2557,Sam Surridge,eng ENG,AT,Nott'ham Forest,eng Premier League,24,1998,3.6,1.39,0.00,0.28,0.83,0.28,0.28,1.11,25.0,0.83,1.39,0.56,0.83,0.00,1.39,1.94,0.00,Matchs
2558,Suso,es ESP,"MT,AT",Sevilla,es La Liga,28,1993,11.8,1.36,0.85,0.42,0.59,0.34,0.85,1.86,45.5,01.02,0.59,0.08,0.51,0.17,1.53,0.25,0.00,Matchs
2559,Yuito Suzuki,jp JPN,"AT,MT",Strasbourg,fr Ligue 1,20,2001,0.4,0.00,0.00,0.00,0.00,0.00,0.00,0.00,,0.00,7.50,0.00,7.50,0.00,0.00,0.00,0.00,Matchs
2560,Mattias Svanberg,se SWE,"MT,AT",Wolfsburg,de Bundesliga,23,1999,20.4,1.23,0.78,0.39,0.78,0.05,0.49,1.47,33.3,0.98,1.32,0.25,01.08,01.03,2.25,1.23,0.05,Matchs
2561,Mile Svilar,rs SRB,GB,Roma,it Serie A,22,1999,3.0,0.00,0.00,0.00,0.00,0.00,0.00,0.00,,0.00,0.00,0.00,0.00,0.00,0.00,0.33,0.00,Matchs
2562,Williot Swedberg,se SWE,MT,Celta Vigo,es La Liga,18,2004,0.6,5.00,1.67,1.67,0.00,3.33,0.00,0.00,,0.00,3.33,0.00,3.33,0.00,5.00,1.67,0.00,Matchs
2563,Issiaga Sylla,gn GUI,DF,Montpellier,fr Ligue 1,28,1994,14.5,1.93,1.10,1.31,0.55,0.07,01.03,2.14,48.4,1.10,1.31,0.21,1.10,2.21,4.14,2.41,0.00,Matchs
2564,Issiaga Sylla,gn GUI,DF,Toulouse,fr Ligue 1,28,1994,15.2,1.84,0.99,0.92,0.59,0.33,0.99,2.24,44.1,1.25,0.99,0.33,0.66,2.50,4.34,2.50,0.00,Matchs
2565,Wojciech Szczęsny,pl POL,GB,Juventus,it Serie A,32,1990,27.5,0.04,0.00,0.04,0.00,0.00,0.00,0.04,0.0,0.04,0.00,0.00,0.00,0.00,0.04,0.25,0.00,Matchs
2566,Dominik Szoboszlai,hu HUN,"MT,AT",RB Leipzig,de Bundesliga,21,2000,27.2,1.65,01.03,0.44,0.74,0.48,0.63,1.54,40.5,0.92,1.58,0.07,1.51,0.63,2.28,0.99,0.00,Matchs
2567,Alexander Sørloth,no NOR,AT,Real Sociedad,es La Liga,26,1995,26.5,0.68,0.34,0.11,0.23,0.34,0.26,0.53,50.0,0.26,0.57,0.04,0.53,0.08,0.75,0.98,0.04,Matchs
2568,Alexander Sørloth,no NOR,AT,RB Leipzig,de Bundesliga,26,1995,0.1,0.00,0.00,0.00,0.00,0.00,0.00,0.00,,0.00,0.00,0.00,0.00,0.00,0.00,0.00,0.00,Matchs
2569,Nicolás Tagliafico,ar ARG,DF,Lyon,fr Ligue 1,29,1992,33.2,2.74,1.60,01.08,1.23,0.42,1.51,2.35,64.1,0.84,1.36,0.33,01.02,1.72,4.46,1.42,0.00,Matchs
2570,Jonathan Tah,de GER,DF,Leverkusen,de Bundesliga,26,1996,27.6,0.91,0.43,0.76,0.14,0.00,0.43,0.65,66.7,0.22,01.09,0.65,0.43,1.45,2.36,4.28,0.00,Matchs
2571,Benjamin Tahirovic,ba BIH,MT,Roma,it Serie A,19,2003,3.9,02.05,1.28,1.28,0.51,0.26,01.03,03.08,33.3,02.05,2.31,01.03,1.28,0.77,2.82,0.77,0.00,Matchs
2572,Waniss Taibi,fr FRA,MT,Angers,fr Ligue 1,20,2002,2.1,4.29,2.38,1.90,1.90,0.48,0.95,1.90,50.0,0.95,0.48,0.00,0.48,0.95,5.24,0.95,0.00,Matchs
2573,Flavien Tait,fr FRA,MT,Rennes,fr Ligue 1,29,1993,18.7,1.60,0.80,0.43,0.91,0.27,01.02,2.25,45.2,1.23,0.86,0.21,0.64,01.07,2.67,0.64,0.00,Matchs
2574,Montassar Talbi,tn TUN,DF,Lorient,fr Ligue 1,24,1998,38.0,1.39,0.66,01.05,0.34,0.00,0.58,0.92,62.9,0.34,1.45,0.89,0.55,01.05,2.45,5.00,0.08,Matchs
2575,Thibault Tamas,fr FRA,DF,Montpellier,fr Ligue 1,21,2001,0.1,0.00,0.00,0.00,0.00,0.00,0.00,0.00,,0.00,0.00,0.00,0.00,10.0,10.0,0.00,0.00,Matchs
Clt,Joueur,Nation,Pos,Équipe,Comp,Âge,Naissance,90,Tcl,TclR,ZDéf,MilTer,ZOff,Tcl,Att,Tcl%,Manqués,Balles contrées,Tirs,Passe,Int,Tcl+Int,Dég,Err,Matchs
2576,Adrien Tameze,cm CMR,MT,Hellas Verona,it Serie A,28,1994,33.7,1.51,0.89,0.62,0.77,0.12,0.83,1.87,44.4,01.04,1.51,0.42,1.10,1.10,2.61,1.63,0.06,Matchs
2577,Japhet Tanganga,eng ENG,DF,Tottenham,eng Premier League,23,1999,1.6,1.88,1.25,1.88,0.00,0.00,0.63,3.13,20.0,2.50,0.63,0.00,0.63,1.25,3.13,5.00,0.00,Matchs
2578,Renato Tapia,pe PER,"MT,DF",Celta Vigo,es La Liga,27,1995,16.1,2.92,1.55,1.30,1.30,0.31,1.12,2.30,48.6,1.18,1.80,0.68,1.12,1.18,4.10,2.30,0.00,Matchs
2579,Edmond Tapsoba,bf BFA,DF,Leverkusen,de Bundesliga,23,1999,31.9,1.60,0.94,1.10,0.38,0.13,0.94,1.32,71.4,0.38,1.25,0.53,0.72,1.13,2.73,3.42,0.03,Matchs
2580,Florian Tardieu,fr FRA,MT,Troyes,fr Ligue 1,30,1992,11.2,2.77,1.79,1.70,01.07,0.00,01.07,2.77,38.7,1.70,1.70,0.36,1.34,02.05,4.82,1.34,0.00,Matchs
2581,Matt Targett,eng ENG,DF,Newcastle Utd,eng Premier League,26,1995,6.8,1.91,1.47,1.18,0.44,0.29,1.32,3.53,37.5,2.21,1.18,0.44,0.74,1.32,3.24,2.35,0.00,Matchs
2582,James Tarkowski,eng ENG,DF,Everton,eng Premier League,29,1992,38.0,1.34,0.68,0.95,0.34,0.05,0.53,1.00,52.6,0.47,2.61,02.05,0.55,1.34,2.68,5.29,0.08,Matchs
2583,Ciprian Tătărușanu,ro ROU,GB,Milan,it Serie A,36,1986,16.0,0.00,0.00,0.00,0.00,0.00,0.00,0.00,,0.00,0.00,0.00,0.00,0.06,0.06,0.13,0.00,Matchs
2584,Niklas Tauer,de GER,"DF,MT",Mainz 05,de Bundesliga,21,2001,1.0,2.00,1.00,2.00,0.00,0.00,1.00,3.00,33.3,2.00,2.00,1.00,1.00,2.00,4.00,4.00,0.00,Matchs
2585,Nuno Tavares,pt POR,"DF,MT",Marseille,fr Ligue 1,22,2000,26.1,2.15,1.15,0.73,0.92,0.50,01.07,2.11,50.9,01.03,1.23,0.15,01.07,0.57,2.72,0.96,0.00,Matchs
2586,Marcus Tavernier,eng ENG,"MT,AT",Bournemouth,eng Premier League,23,1999,19.4,1.70,1.13,0.98,0.57,0.15,0.57,1.65,34.4,01.08,1.29,0.21,01.08,0.46,2.16,1.19,0.00,Matchs
2587,Enzo Tchato,cm CMR,DF,Montpellier,fr Ligue 1,19,2002,12.2,2.13,1.39,1.15,0.90,0.08,01.07,1.80,59.1,0.74,1.39,0.16,1.23,0.57,2.70,2.70,0.00,Matchs
2588,Aurélien Tchouaméni,fr FRA,MT,Real Madrid,es La Liga,22,2000,23.5,2.72,1.70,0.98,1.53,0.21,0.98,1.62,60.5,0.64,0.85,0.26,0.60,02.09,4.81,2.13,0.00,Matchs
2589,Mathys Tel,fr FRA,AT,Bayern Munich,de Bundesliga,17,2005,4.6,0.43,0.43,0.00,0.22,0.22,0.22,0.22,100.0,0.00,01.09,0.22,0.87,0.00,0.43,0.43,0.00,Matchs
2590,Semir Telalovic,de GER,"MT,AT",M'Gladbach,de Bundesliga,22,1999,0.1,0.00,0.00,0.00,0.00,0.00,0.00,0.00,,0.00,0.00,0.00,0.00,0.00,0.00,0.00,0.00,Matchs
2591,Alex Telles,br BRA,DF,Sevilla,es La Liga,29,1992,15.9,1.32,0.82,0.94,0.38,0.00,0.82,1.57,52.0,0.75,01.07,0.31,0.75,1.26,2.58,2.39,0.00,Matchs
2592,Marc-André ter Stegen,de GER,GB,Barcelona,es La Liga,30,1992,37.2,0.00,0.00,0.00,0.00,0.00,0.00,0.00,,0.00,0.00,0.00,0.00,0.03,0.03,0.19,0.08,Matchs
2593,Simon Terodde,de GER,AT,Schalke 04,de Bundesliga,34,1988,20.3,0.74,0.39,0.20,0.34,0.20,0.15,0.69,21.4,0.54,0.30,0.10,0.20,0.30,01.03,0.44,0.00,Matchs
2594,Filippo Terracciano,it ITA,"DF,MT",Hellas Verona,it Serie A,19,2003,9.1,2.20,1.43,1.21,0.77,0.22,1.65,2.20,75.0,0.55,0.77,0.44,0.33,1.10,3.30,1.54,0.00,Matchs
2595,Pietro Terracciano,it ITA,GB,Fiorentina,it Serie A,32,1990,29.0,0.07,0.03,0.07,0.00,0.00,0.07,0.10,66.7,0.03,0.00,0.00,0.00,0.03,0.10,0.48,0.00,Matchs
2596,Ramón Terrats,es ESP,MT,Villarreal,es La Liga,21,2000,9.1,1.65,1.10,0.33,0.88,0.44,0.99,1.87,52.9,0.88,1.21,0.44,0.77,0.88,2.53,0.66,0.22,Matchs
2597,Ramón Terrats,es ESP,MT,Girona,es La Liga,21,2000,2.4,1.67,0.83,0.42,1.25,0.00,0.83,2.50,33.3,1.67,2.50,0.83,1.67,1.25,2.92,1.25,0.42,Matchs
2598,Martin Terrier,fr FRA,"AT,MT",Rennes,fr Ligue 1,25,1997,14.7,1.70,0.75,0.48,0.61,0.61,0.88,1.63,54.2,0.75,01.02,0.14,0.88,0.95,2.65,0.41,0.00,Matchs
2599,Aleksa Terzić,rs SRB,DF,Fiorentina,it Serie A,22,1999,10.4,1.54,0.87,0.87,0.38,0.29,01.06,02.02,52.4,0.96,1.25,0.38,0.87,0.48,02.02,1.54,0.00,Matchs
2600,Tetê,br BRA,AT,Leicester City,eng Premier League,22,2000,8.2,1.71,0.98,0.61,0.85,0.24,0.73,2.56,28.6,1.83,1.10,0.00,1.10,0.24,1.95,0.37,0.00,Matchs
Clt,Joueur,Nation,Pos,Équipe,Comp,Âge,Naissance,90,Tcl,TclR,ZDéf,MilTer,ZOff,Tcl,Att,Tcl%,Manqués,Balles contrées,Tirs,Passe,Int,Tcl+Int,Dég,Err,Matchs
2601,Tetê,br BRA,"AT,MT",Lyon,fr Ligue 1,22,2000,12.3,1.71,0.81,0.65,0.41,0.65,0.81,1.54,52.6,0.73,0.73,0.00,0.73,01.06,2.76,0.16,0.00,Matchs
2602,Kenny Tete,nl NED,DF,Fulham,eng Premier League,26,1995,28.5,2.91,1.61,1.44,01.02,0.46,1.33,1.75,76.0,0.42,1.68,0.60,01.09,1.82,4.74,2.84,0.04,Matchs
2603,Florian Thauvin,fr FRA,"AT,MT",Udinese,it Serie A,29,1993,6.1,0.33,0.16,0.00,0.33,0.00,0.33,2.13,15.4,1.80,0.82,0.00,0.82,0.33,0.66,0.33,0.00,Matchs
2604,Arthur Theate,be BEL,DF,Rennes,fr Ligue 1,22,2000,34.7,0.84,0.55,0.49,0.23,0.12,0.49,0.86,56.7,0.37,0.75,0.40,0.35,0.86,1.70,3.29,0.09,Matchs
2605,Malick Thiaw,de GER,DF,Milan,it Serie A,20,2001,15.1,02.05,1.72,1.46,0.60,0.00,0.73,1.32,55.0,0.60,0.73,0.33,0.40,0.79,2.85,4.30,0.07,Matchs
2606,Malick Thiaw,de GER,DF,Schalke 04,de Bundesliga,20,2001,3.0,1.00,0.33,0.67,0.33,0.00,0.33,0.67,50.0,0.33,1.33,1.00,0.33,3.00,4.00,8.00,0.33,Matchs
2607,Jan Thielmann,de GER,AT,Köln,de Bundesliga,20,2002,9.7,0.93,0.82,0.31,0.41,0.21,0.21,1.13,18.2,0.93,1.65,0.31,1.34,0.93,1.86,0.72,0.00,Matchs
2608,Sada Thioub,sn SEN,"DF,AT",Angers,fr Ligue 1,27,1995,11.8,1.61,0.85,0.76,0.68,0.17,0.68,1.44,47.1,0.76,1.10,0.00,1.10,0.59,2.20,0.42,0.08,Matchs
2609,Luke Thomas,eng ENG,DF,Leicester City,eng Premier League,21,2001,11.9,1.93,1.60,1.26,0.42,0.25,1.26,2.69,46.9,1.43,1.68,0.34,1.34,2.27,4.20,2.94,0.00,Matchs
2610,Adrien Thomasson,fr FRA,MT,Strasbourg,fr Ligue 1,28,1993,10.4,1.83,0.87,0.77,0.58,0.48,0.87,2.88,30.0,02.02,1.73,0.00,1.73,0.29,2.12,0.19,0.00,Matchs
2611,Adrien Thomasson,fr FRA,"MT,AT",Lens,fr Ligue 1,28,1993,14.2,1.69,1.20,0.56,0.77,0.35,0.85,3.17,26.7,2.32,1.76,0.14,1.62,0.28,1.97,1.20,0.00,Matchs
2612,Morten Thorsby,no NOR,MT,Union Berlin,de Bundesliga,26,1996,9.3,2.37,01.08,0.97,1.18,0.22,1.40,2.26,61.9,0.86,1.18,0.54,0.65,0.32,2.69,2.15,0.00,Matchs
2613,Kristian Thorstvedt,no NOR,MT,Sassuolo,it Serie A,23,1999,12.6,1.27,0.56,0.32,0.71,0.24,0.48,1.35,35.3,0.87,1.51,0.40,1.11,1.11,2.38,01.03,0.00,Matchs
2614,Khéphren Thuram,fr FRA,MT,Nice,fr Ligue 1,21,2001,28.3,1.80,0.88,0.78,0.81,0.21,0.67,1.52,44.2,0.85,1.17,0.46,0.71,1.34,3.14,1.20,0.00,Matchs
2615,Marcus Thuram,fr FRA,AT,M'Gladbach,de Bundesliga,24,1997,27.9,0.50,0.25,0.11,0.22,0.18,0.22,0.47,46.2,0.25,0.72,0.11,0.61,0.22,0.72,0.79,0.00,Matchs
2616,Alexis Tibidi,fr FRA,"AT,MT",Troyes,fr Ligue 1,18,2003,0.8,1.25,1.25,1.25,0.00,0.00,0.00,0.00,,0.00,0.00,0.00,0.00,0.00,1.25,0.00,0.00,Matchs
2617,Youri Tielemans,be BEL,MT,Leicester City,eng Premier League,25,1997,26.0,2.54,1.50,01.04,1.15,0.35,0.88,2.35,37.7,1.46,1.35,0.31,01.04,01.08,3.62,0.92,0.04,Matchs
2618,Kieran Tierney,sct SCO,DF,Arsenal,eng Premier League,25,1997,8.8,2.27,1.25,01.02,01.02,0.23,1.36,1.82,75.0,0.45,0.91,0.23,0.68,1.25,3.52,2.84,0.00,Matchs
2619,Steffen Tigges,de GER,AT,Köln,de Bundesliga,24,1998,17.7,0.68,0.40,0.06,0.45,0.17,0.23,0.79,28.6,0.56,0.73,0.11,0.62,0.45,1.13,0.96,0.00,Matchs
2620,Jean-Clair Todibo,fr FRA,DF,Nice,fr Ligue 1,22,1999,31.9,2.38,1.50,1.69,0.60,0.09,1.29,1.76,73.2,0.47,1.29,0.60,0.69,1.29,3.67,3.45,0.06,Matchs
2621,Harry Toffolo,eng ENG,DF,Nott'ham Forest,eng Premier League,26,1995,10.4,1.63,0.77,0.96,0.38,0.29,0.96,1.35,71.4,0.38,1.54,0.77,0.77,0.96,2.60,3.17,0.00,Matchs
2622,Umut Tohumcu,de GER,"MT,DF",Hoffenheim,de Bundesliga,17,2004,3.0,3.33,1.67,1.33,1.67,0.33,1.00,3.00,33.3,2.00,1.33,0.00,1.33,0.67,4.00,2.67,0.00,Matchs
2623,Karl Toko Ekambi,cm CMR,"AT,MT",Rennes,fr Ligue 1,29,1992,10.8,0.28,0.09,0.09,0.09,0.09,0.28,0.83,33.3,0.56,0.46,0.00,0.46,0.83,1.11,0.28,0.00,Matchs
2624,Karl Toko Ekambi,cm CMR,"AT,MT",Lyon,fr Ligue 1,29,1992,15.0,0.60,0.60,0.13,0.27,0.20,0.27,1.00,26.7,0.73,0.80,0.13,0.67,0.60,1.20,0.40,0.00,Matchs
2625,Corentin Tolisso,fr FRA,MT,Lyon,fr Ligue 1,27,1994,22.6,1.95,1.19,0.71,01.02,0.22,1.11,2.92,37.9,1.81,1.11,0.22,0.88,01.06,03.01,01.02,0.04,Matchs
Clt,Joueur,Nation,Pos,Équipe,Comp,Âge,Naissance,90,Tcl,TclR,ZDéf,MilTer,ZOff,Tcl,Att,Tcl%,Manqués,Balles contrées,Tirs,Passe,Int,Tcl+Int,Dég,Err,Matchs
2626,Jeremy Toljan,de GER,DF,Sassuolo,it Serie A,27,1994,29.7,1.21,0.77,0.57,0.47,0.17,0.74,1.11,66.7,0.37,01.04,0.47,0.57,0.61,1.82,02.02,0.03,Matchs
2627,Rafael Tolói,it ITA,DF,Atalanta,it Serie A,31,1990,30.9,2.23,1.42,1.20,01.04,0.00,1.13,02.07,54.7,0.94,1.36,0.58,0.78,1.84,04.08,2.85,0.03,Matchs
2628,Raúl de Tomás,es ESP,AT,Rayo Vallecano,es La Liga,27,1994,8.9,0.34,0.22,0.00,0.11,0.22,0.22,0.67,33.3,0.45,0.45,0.00,0.45,0.00,0.34,0.67,0.00,Matchs
2629,Tiago Tomás,pt POR,"AT,MT",Stuttgart,de Bundesliga,20,2002,14.3,0.70,0.28,0.14,0.28,0.28,0.56,0.91,61.5,0.35,0.63,0.14,0.49,0.07,0.77,0.35,0.00,Matchs
2630,Takehiro Tomiyasu,jp JPN,DF,Arsenal,eng Premier League,23,1998,7.4,3.65,2.43,1.62,1.35,0.68,1.76,2.43,72.2,0.68,0.95,0.00,0.95,1.89,5.54,02.03,0.14,Matchs
2631,James Tomkins,eng ENG,DF,Crystal Palace,eng Premier League,33,1989,3.8,01.05,0.53,0.53,0.26,0.26,0.26,0.79,33.3,0.53,0.79,0.53,0.26,1.32,2.37,5.00,0.00,Matchs
2632,Fikayo Tomori,eng ENG,DF,Milan,it Serie A,24,1997,30.7,2.28,1.11,1.43,0.81,0.03,0.72,1.11,64.7,0.39,1.50,0.81,0.68,0.94,3.22,2.87,0.03,Matchs
2633,Sandro Tonali,it ITA,MT,Milan,it Serie A,22,2000,30.1,2.13,1.36,1.16,0.80,0.17,0.90,1.46,61.4,0.56,1.13,0.30,0.83,0.83,2.96,0.86,0.03,Matchs
2634,Lorenzo Tonelli,it ITA,DF,Empoli,it Serie A,32,1990,0.2,0.00,0.00,0.00,0.00,0.00,0.00,5.00,0.0,5.00,0.00,0.00,0.00,0.00,0.00,0.00,0.00,Matchs
2635,Ivan Toney,eng ENG,AT,Brentford,eng Premier League,26,1996,32.8,0.70,0.40,0.12,0.27,0.30,0.21,0.70,30.4,0.49,0.73,0.27,0.46,0.43,1.13,1.10,0.00,Matchs
2636,Pablo Torre,es ESP,"AT,MT",Barcelona,es La Liga,19,2003,1.6,1.25,0.63,0.00,0.63,0.63,1.25,2.50,50.0,1.25,0.63,0.00,0.63,1.25,2.50,0.63,0.00,Matchs
2637,David Torres,es ESP,DF,Valladolid,es La Liga,19,2003,4.3,0.23,0.23,0.00,0.23,0.00,0.23,0.23,100.0,0.00,0.93,0.47,0.47,0.70,0.93,1.86,0.00,Matchs
2638,Ferrán Torres,es ESP,"AT,MT",Barcelona,es La Liga,22,2000,15.5,0.84,0.45,0.26,0.32,0.26,0.32,1.29,25.0,0.97,0.71,0.13,0.58,0.19,01.03,0.32,0.00,Matchs
2639,Óliver Torres,es ESP,"MT,AT",Sevilla,es La Liga,27,1994,23.7,1.65,0.97,0.51,0.55,0.59,0.76,2.49,30.5,1.73,1.10,0.21,0.89,0.42,02.07,0.42,0.00,Matchs
2640,Pau Torres,es ESP,DF,Villarreal,es La Liga,25,1997,33.9,1.27,0.74,0.74,0.38,0.15,0.68,01.06,63.9,0.38,01.06,0.80,0.27,0.38,1.65,4.31,0.09,Matchs
2641,Roberto Torres,es ESP,"AT,MT",Osasuna,es La Liga,33,1989,0.1,0.00,0.00,0.00,0.00,0.00,0.00,0.00,,0.00,0.00,0.00,0.00,0.00,0.00,0.00,0.00,Matchs
2642,Lucas Torró,es ESP,MT,Osasuna,es La Liga,28,1994,27.5,1.75,1.16,01.02,0.55,0.18,0.65,1.53,42.9,0.87,0.87,0.11,0.76,1.53,3.27,2.33,0.04,Matchs
2643,Nabil Touaizi,ma MAR,MT,Espanyol,es La Liga,21,2001,0.0,0,0,0,0,0,0,0,,0,0,0,0,0,0,0,0,Matchs
2644,Almamy Touré,ml MLI,DF,Eint Frankfurt,de Bundesliga,26,1996,4.4,2.95,1.59,1.59,1.14,0.23,1.14,02.05,55.6,0.91,02.05,0.45,1.59,2.27,5.23,1.82,0.00,Matchs
2645,Birama Touré,ml MLI,MT,Auxerre,fr Ligue 1,30,1992,37.8,2.12,1.24,0.93,0.93,0.26,0.90,2.46,36.6,1.56,1.43,0.24,1.19,1.77,3.89,1.30,0.00,Matchs
2646,Mohamed Toure,au AUS,"AT,MT",Reims,fr Ligue 1,18,2004,0.3,0.00,0.00,0.00,0.00,0.00,0.00,0.00,,0.00,0.00,0.00,0.00,0.00,0.00,0.00,0.00,Matchs
2647,Souleymane Touré,fr FRA,DF,Marseille,fr Ligue 1,19,2003,0.8,2.50,1.25,1.25,1.25,0.00,1.25,2.50,50.0,1.25,1.25,0.00,1.25,0.00,2.50,6.25,0.00,Matchs
2648,Souleymane Touré,fr FRA,DF,Auxerre,fr Ligue 1,19,2003,17.6,1.65,0.74,01.08,0.51,0.06,0.91,1.14,80.0,0.23,1.82,0.68,1.14,1.48,3.12,3.18,0.06,Matchs
2649,Lucas Tousart,fr FRA,MT,Hertha BSC,de Bundesliga,25,1997,32.7,2.23,1.16,01.07,0.86,0.31,0.83,1.83,45.0,01.01,1.28,0.18,1.10,1.47,3.70,2.29,0.03,Matchs
2650,Yoann Touzghar,tn TUN,AT,Ajaccio,fr Ligue 1,35,1986,5.0,0.60,0.40,0.00,0.40,0.20,0.00,0.20,0.0,0.20,0.00,0.00,0.00,0.00,0.60,0.20,0.00,Matchs
Clt,Joueur,Nation,Pos,Équipe,Comp,Âge,Naissance,90,Tcl,TclR,ZDéf,MilTer,ZOff,Tcl,Att,Tcl%,Manqués,Balles contrées,Tirs,Passe,Int,Tcl+Int,Dég,Err,Matchs
2651,Adama Traoré,es ESP,"AT,MT",Wolves,eng Premier League,26,1996,16.6,0.84,0.42,0.42,0.24,0.18,0.24,0.54,44.4,0.30,0.48,0.06,0.42,0.18,01.02,01.02,0.00,Matchs
2652,Bertrand Traoré,bf BFA,"AT,MT",Aston Villa,eng Premier League,26,1995,2.6,0.38,0.38,0.38,0.00,0.00,0.38,1.54,25.0,1.15,1.92,0.00,1.92,0.77,1.15,0.00,0.00,Matchs
2653,Boubacar Traoré,ml MLI,MT,Wolves,eng Premier League,20,2001,4.6,2.61,01.09,0.87,01.09,0.65,0.65,1.52,42.9,0.87,0.87,0.43,0.43,1.52,4.13,0.22,0.00,Matchs
2654,Charles Traore,ml MLI,DF,Nantes,fr Ligue 1,30,1992,5.4,1.48,0.93,0.93,0.37,0.19,0.93,1.30,71.4,0.37,1.67,0.37,1.30,1.85,3.33,2.22,0.00,Matchs
2655,Hamari Traoré,ml MLI,DF,Rennes,fr Ligue 1,30,1992,28.1,1.71,1.14,0.93,0.53,0.25,1.00,1.85,53.8,0.85,1.17,0.25,0.93,1.35,03.06,2.28,0.00,Matchs
2656,Kevin Trapp,de GER,GB,Eint Frankfurt,de Bundesliga,32,1990,33.0,0.03,0.03,0.03,0.00,0.00,0.00,0.06,0.0,0.06,0.06,0.00,0.06,0.00,0.03,0.30,0.00,Matchs
2657,Mark Travers,ie IRL,GB,Bournemouth,eng Premier League,23,1999,11.5,0.00,0.00,0.00,0.00,0.00,0.00,0.00,,0.00,0.09,0.00,0.09,0.00,0.00,0.52,0.00,Matchs
2658,Óscar Trejo,ar ARG,"MT,AT",Rayo Vallecano,es La Liga,34,1988,23.8,02.02,1.34,0.50,0.97,0.55,0.38,1.85,20.5,1.47,1.30,0.13,1.18,0.34,2.35,0.34,0.04,Matchs
2659,Manu Trigueros,es ESP,MT,Villarreal,es La Liga,30,1991,9.2,2.17,1.52,0.98,0.54,0.65,0.98,2.39,40.9,1.41,0.98,0.22,0.76,0.54,2.72,0.43,0.00,Matchs
2660,Christopher Trimmel,at AUT,DF,Union Berlin,de Bundesliga,35,1987,20.1,1.54,0.80,0.80,0.60,0.15,1.00,1.54,64.5,0.55,0.70,0.05,0.65,1.24,2.79,2.39,0.00,Matchs
2661,Théo Trinker,fr FRA,MT,Nice,fr Ligue 1,21,2001,0.0,0,0,0,0,0,0,0,,0,0,0,0,0,0,0,0,Matchs
2662,Kieran Trippier,eng ENG,DF,Newcastle Utd,eng Premier League,31,1990,37.1,1.91,1.32,0.97,0.73,0.22,1.24,2.43,51.1,1.19,1.21,0.40,0.81,1.16,03.07,2.26,0.05,Matchs
2663,William Troost-Ekong,ng NGA,DF,Salernitana,it Serie A,28,1993,4.9,2.24,0.61,1.43,0.82,0.00,1.22,1.43,85.7,0.20,1.43,0.82,0.61,1.22,3.47,02.04,0.00,Matchs
2664,Leandro Trossard,be BEL,AT,Arsenal,eng Premier League,27,1994,10.3,1.17,0.68,0.39,0.19,0.58,0.58,1.75,33.3,1.17,1.75,0.00,1.75,0.58,1.75,0.29,0.10,Matchs
2665,Leandro Trossard,be BEL,"AT,MT",Brighton,eng Premier League,27,1994,14.6,0.68,0.41,0.48,0.07,0.14,0.07,0.55,12.5,0.48,1.16,0.00,1.16,0.41,1.10,0.07,0.00,Matchs
2666,Adrien Truffert,fr FRA,DF,Rennes,fr Ligue 1,20,2001,21.7,2.86,1.47,1.66,0.78,0.41,1.43,2.12,67.4,0.69,1.47,0.37,1.11,01.01,3.87,2.53,0.00,Matchs
2667,Frank Tsadjout,it ITA,AT,Cremonese,it Serie A,23,1999,11.7,0.85,0.68,0.26,0.51,0.09,0.26,0.77,33.3,0.51,0.60,0.09,0.51,0.68,1.54,0.77,0.00,Matchs
2668,Kostas Tsimikas,gr GRE,DF,Liverpool,eng Premier League,26,1996,8.6,1.63,01.05,1.16,0.23,0.23,1.16,1.86,62.5,0.70,0.93,0.12,0.81,1.40,03.02,1.74,0.00,Matchs
2669,Theocharis Tsingaras,gr GRE,MT,Toulouse,fr Ligue 1,21,2000,0.1,0.00,0.00,0.00,0.00,0.00,0.00,0.00,,0.00,0.00,0.00,0.00,0.00,0.00,0.00,0.00,Matchs
2670,Viktor Tsyhankov,ua UKR,MT,Girona,es La Liga,24,1997,16.5,0.48,0.48,0.30,0.06,0.12,0.06,0.85,7.1,0.79,0.79,0.12,0.67,0.42,0.91,0.73,0.00,Matchs
2671,Alessandro Tuia,it ITA,DF,Lecce,it Serie A,32,1990,5.7,1.75,01.05,01.05,0.70,0.00,0.53,1.58,33.3,01.05,0.53,0.18,0.35,2.63,4.39,05.09,0.00,Matchs
2672,Martin Turk,si SVN,GB,Sampdoria,it Serie A,18,2003,4.0,0.00,0.00,0.00,0.00,0.00,0.00,0.00,,0.00,0.00,0.00,0.00,0.00,0.00,0.25,0.00,Matchs
2673,Beñat Turrientes,es ESP,"MT,AT",Real Sociedad,es La Liga,20,2002,1.2,2.50,2.50,2.50,0.00,0.00,0.83,4.17,20.0,3.33,1.67,0.00,1.67,0.00,2.50,2.50,0.00,Matchs
2674,Tuta,br BRA,DF,Eint Frankfurt,de Bundesliga,23,1999,30.2,1.75,1.16,0.89,0.63,0.23,01.09,1.89,57.9,0.79,1.56,0.46,01.09,1.62,3.38,4.44,0.07,Matchs
2675,Destiny Udogie,it ITA,DF,Udinese,it Serie A,19,2002,30.0,2.37,1.50,1.40,0.80,0.17,1.13,1.97,57.6,0.83,1.13,0.20,0.93,1.20,3.57,0.83,0.00,Matchs
Clt,Joueur,Nation,Pos,Équipe,Comp,Âge,Naissance,90,Tcl,TclR,ZDéf,MilTer,ZOff,Tcl,Att,Tcl%,Manqués,Balles contrées,Tirs,Passe,Int,Tcl+Int,Dég,Err,Matchs
2676,Ike Ugbo,ca CAN,"AT,MT",Troyes,fr Ligue 1,23,1998,9.9,0.51,0.20,0.20,0.20,0.10,0.30,1.11,27.3,0.81,0.81,0.20,0.61,0.20,0.71,0.40,0.00,Matchs
2677,Lesley Ugochukwu,fr FRA,MT,Rennes,fr Ligue 1,18,2004,14.8,2.43,1.28,0.88,1.35,0.20,01.08,1.62,66.7,0.54,1.62,0.68,0.95,1.42,3.85,01.08,0.00,Matchs
2678,Samir Ujkani,xk KVX,GB,Empoli,it Serie A,34,1988,0.1,0.00,0.00,0.00,0.00,0.00,0.00,0.00,,0.00,0.00,0.00,0.00,0.00,0.00,0.00,0.00,Matchs
2679,Sven Ulreich,de GER,GB,Bayern Munich,de Bundesliga,33,1988,3.0,0.33,0.33,0.33,0.00,0.00,0.33,0.33,100.0,0.00,0.00,0.00,0.00,0.00,0.33,0.00,0.33,Matchs
2680,Lauren Ulrich,de GER,MT,Stuttgart,de Bundesliga,17,2005,0.1,10.0,10.0,0.00,0.00,10.0,0.00,0.00,,0.00,0.00,0.00,0.00,0.00,10.0,0.00,0.00,Matchs
2681,Samuel Umtiti,fr FRA,DF,Lecce,it Serie A,28,1993,23.5,2.21,1.45,01.06,01.06,0.09,0.77,1.11,69.2,0.34,1.11,0.60,0.51,1.11,3.32,3.36,0.00,Matchs
2682,Enes Ünal,tr TUR,AT,Getafe,es La Liga,25,1997,33.0,0.79,0.42,0.15,0.58,0.06,0.21,0.76,28.0,0.55,0.58,0.06,0.52,0.18,0.97,01.06,0.00,Matchs
2683,Deniz Undav,de GER,"AT,MT",Brighton,eng Premier League,26,1996,7.0,1.00,0.57,0.29,0.29,0.43,0.29,1.14,25.0,0.86,0.57,0.14,0.43,0.00,1.00,0.14,0.00,Matchs
2684,Cengiz Ünder,tr TUR,"MT,DF",Marseille,fr Ligue 1,25,1997,27.7,1.34,0.69,0.54,0.47,0.32,0.47,1.23,38.2,0.76,0.65,0.07,0.58,0.65,1.99,0.47,0.00,Matchs
2685,Dayot Upamecano,fr FRA,DF,Bayern Munich,de Bundesliga,23,1998,26.1,2.49,1.42,1.65,0.84,0.00,01.07,1.72,62.2,0.65,1.00,0.23,0.77,01.03,3.52,2.72,0.15,Matchs
2686,Filip Uremović,hr CRO,DF,Hertha BSC,de Bundesliga,25,1997,19.2,1.98,1.20,1.51,0.42,0.05,0.73,1.15,63.6,0.42,0.94,0.68,0.26,1.88,3.85,4.58,0.10,Matchs
2687,Oscar Ureña,es ESP,MT,Girona,es La Liga,19,2003,1.1,3.64,1.82,1.82,1.82,0.00,1.82,2.73,66.7,0.91,1.82,0.00,1.82,0.91,4.55,0.00,0.00,Matchs
2688,Jere Uronen,fi FIN,DF,Brest,fr Ligue 1,28,1994,3.3,2.42,1.52,1.21,1.21,0.00,2.12,3.64,58.3,1.52,1.82,0.61,1.21,2.12,4.55,1.52,0.00,Matchs
2689,Jere Uronen,fi FIN,DF,Schalke 04,de Bundesliga,28,1994,7.5,1.87,1.33,0.80,0.80,0.27,0.80,1.33,60.0,0.53,0.67,0.27,0.40,01.07,2.93,1.73,0.00,Matchs
2690,Mark Uth,de GER,"MT,AT",Köln,de Bundesliga,30,1991,0.5,0.00,0.00,0.00,0.00,0.00,0.00,0.00,,0.00,0.00,0.00,0.00,0.00,0.00,0.00,0.00,Matchs
2691,Josha Vagnoman,de GER,DF,Stuttgart,de Bundesliga,21,2000,16.4,1.59,0.91,0.73,0.67,0.18,0.91,1.65,55.6,0.73,1.22,0.12,1.10,0.49,02.07,1.77,0.06,Matchs
2692,Diego Valencia,cl CHI,"MT,AT",Salernitana,it Serie A,22,2000,2.6,03.08,1.92,1.54,0.77,0.77,0.77,3.46,22.2,2.69,3.85,0.38,3.46,0.38,3.46,0.77,0.00,Matchs
2693,Óscar Valentín,es ESP,MT,Rayo Vallecano,es La Liga,27,1994,28.4,3.24,1.80,01.02,1.76,0.46,1.62,4.26,38.0,2.64,2.11,0.32,1.80,1.55,4.79,01.06,0.00,Matchs
2694,Emanuele Valeri,it ITA,DF,Cremonese,it Serie A,23,1998,30.9,1.75,0.87,0.94,0.68,0.13,0.94,2.23,42.0,1.29,0.55,0.10,0.45,0.71,2.46,1.42,0.03,Matchs
2695,Yan Valery,tn TUN,DF,Southampton,eng Premier League,23,1999,0.5,0.00,0.00,0.00,0.00,0.00,0.00,0.00,,0.00,2.00,0.00,2.00,0.00,0.00,6.00,0.00,Matchs
2696,Yan Valery,tn TUN,DF,Angers,fr Ligue 1,23,1999,27.7,1.95,1.41,01.01,0.72,0.22,0.72,1.34,54.1,0.61,1.26,0.54,0.72,1.23,3.18,2.96,0.00,Matchs
2697,Martin Valjent,sk SVK,DF,Mallorca,es La Liga,26,1995,29.5,1.19,0.92,0.75,0.41,0.03,0.64,0.95,67.9,0.31,1.32,0.71,0.61,0.98,2.17,4.64,0.00,Matchs
2698,Jesús Vallejo,es ESP,DF,Real Madrid,es La Liga,25,1997,0.2,0.00,0.00,0.00,0.00,0.00,0.00,0.00,,0.00,0.00,0.00,0.00,0.00,0.00,0.00,0.00,Matchs
2699,Manu Vallejo,es ESP,"AT,MT",Girona,es La Liga,25,1997,2.3,1.74,0.43,0.43,0.87,0.43,0.43,2.61,16.7,2.17,0.87,0.00,0.87,0.43,2.17,1.30,0.00,Matchs
2700,Mattia Valoti,it ITA,"MT,AT",Monza,it Serie A,28,1993,5.0,3.40,2.00,1.40,1.80,0.20,1.00,3.20,31.3,2.20,2.60,0.60,2.00,0.60,4.00,1.20,0.00,Matchs
Clt,Joueur,Nation,Pos,Équipe,Comp,Âge,Naissance,90,Tcl,TclR,ZDéf,MilTer,ZOff,Tcl,Att,Tcl%,Manqués,Balles contrées,Tirs,Passe,Int,Tcl+Int,Dég,Err,Matchs
2701,Federico Valverde,uy URU,"MT,AT",Real Madrid,es La Liga,24,1998,27.8,1.12,0.72,0.50,0.40,0.22,0.47,0.94,50.0,0.47,1.12,0.14,0.97,0.61,1.73,0.54,0.00,Matchs
2702,Virgil van Dijk,nl NED,DF,Liverpool,eng Premier League,31,1991,31.5,0.86,0.44,0.41,0.35,0.10,0.25,0.60,42.1,0.35,0.76,0.51,0.25,0.98,1.84,4.38,0.10,Matchs
2703,Vanderson,br BRA,"DF,MT",Monaco,fr Ligue 1,21,2001,24.6,3.41,1.95,1.46,1.38,0.57,1.79,03.05,58.7,1.26,1.46,0.37,1.10,1.95,5.37,1.46,0.04,Matchs
2704,Raphaël Varane,fr FRA,DF,Manchester Utd,eng Premier League,29,1993,21.2,1.13,0.42,0.85,0.28,0.00,0.33,0.80,41.2,0.47,1.13,0.80,0.33,0.52,1.65,4.29,0.00,Matchs
2705,Jamie Vardy,eng ENG,AT,Leicester City,eng Premier League,35,1987,20.6,0.49,0.24,0.19,0.15,0.15,0.05,0.34,14.3,0.29,0.83,0.15,0.68,0.10,0.58,1.46,0.00,Matchs
2706,Ruben Vargas,ch SUI,"MT,AT",Augsburg,de Bundesliga,23,1998,12.6,1.19,0.56,0.48,0.56,0.16,0.40,0.87,45.5,0.48,0.63,0.16,0.48,0.48,1.67,1.27,0.08,Matchs
2707,Johan Vásquez,mx MEX,DF,Cremonese,it Serie A,23,1998,20.1,02.04,1.29,1.69,0.35,0.00,0.90,1.94,46.2,01.04,1.34,1.00,0.35,2.24,4.28,4.63,0.05,Matchs
2708,Jesus Vazquez,es ESP,"DF,MT",Valencia,es La Liga,19,2003,3.4,3.82,2.35,2.65,0.29,0.88,1.76,3.24,54.5,1.47,1.18,0.00,1.18,0.29,4.12,2.35,0.00,Matchs
2709,Kevin Vázquez,es ESP,"DF,MT",Celta Vigo,es La Liga,29,1993,4.9,2.65,1.63,01.02,1.43,0.20,1.63,2.45,66.7,0.82,0.82,0.20,0.61,0.41,03.06,1.63,0.00,Matchs
2710,Lucas Vázquez,es ESP,DF,Real Madrid,es La Liga,31,1991,12.7,2.68,1.81,1.73,0.79,0.16,1.57,2.20,71.4,0.63,0.79,0.00,0.79,0.55,3.23,01.02,0.00,Matchs
2711,Matías Vecino,uy URU,MT,Lazio,it Serie A,30,1991,18.8,2.50,1.44,0.69,1.22,0.59,1.22,2.55,47.9,1.33,1.76,0.53,1.22,0.85,3.35,02.07,0.05,Matchs
2712,Gabriel Veiga,es ESP,MT,Celta Vigo,es La Liga,20,2002,25.5,1.69,0.75,0.55,0.98,0.16,0.63,02.04,30.8,1.41,1.18,0.12,01.06,0.82,2.51,0.24,0.00,Matchs
2713,Renato Veiga,pt POR,DF,Augsburg,de Bundesliga,19,2003,7.1,1.27,0.85,0.56,0.42,0.28,0.99,1.27,77.8,0.28,2.82,0.85,1.97,0.99,2.25,04.08,0.14,Matchs
2714,Miloš Veljković,rs SRB,DF,Werder Bremen,de Bundesliga,26,1995,25.2,1.19,0.75,0.67,0.52,0.00,0.71,1.15,62.1,0.44,1.27,0.63,0.63,1.31,2.50,04.09,0.00,Matchs
2715,Miguel Veloso,pt POR,MT,Hellas Verona,it Serie A,36,1986,12.9,2.56,0.78,1.55,0.93,0.08,1.24,02.02,61.5,0.78,02.02,0.47,1.55,0.47,03.02,01.09,0.00,Matchs
2716,Joël Veltman,nl NED,DF,Brighton,eng Premier League,30,1992,24.3,2.55,1.32,1.81,0.58,0.16,1.52,2.35,64.9,0.82,1.11,0.33,0.78,0.78,3.33,2.10,0.00,Matchs
2717,Micky van de Ven,nl NED,DF,Wolfsburg,de Bundesliga,21,2001,33.0,1.36,0.91,0.79,0.55,0.03,0.85,1.18,71.8,0.33,1.27,0.73,0.55,0.79,2.15,3.27,0.06,Matchs
2718,Unai Vencedor Paris,es ESP,MT,Athletic Club,es La Liga,21,2000,2.1,1.43,0.48,0.00,1.43,0.00,0.48,2.86,16.7,2.38,2.38,0.00,2.38,0.48,1.90,0.48,0.00,Matchs
2719,Lorenzo Venuti,it ITA,DF,Fiorentina,it Serie A,27,1995,10.3,1.75,0.68,0.58,01.07,0.10,01.07,1.75,61.1,0.68,0.68,0.19,0.49,0.49,2.23,1.65,0.19,Matchs
2720,Daniele Verde,it ITA,"AT,MT",Spezia,it Serie A,26,1996,11.1,0.36,0.36,0.27,0.00,0.09,0.27,0.63,42.9,0.36,0.54,0.00,0.54,0.72,01.08,0.36,0.00,Matchs
2721,Simone Verdi,it ITA,"MT,AT",Hellas Verona,it Serie A,30,1992,12.2,1.23,0.82,0.57,0.41,0.25,0.49,1.39,35.3,0.90,0.66,0.08,0.57,0.00,1.23,0.16,0.00,Matchs
2722,Gonzalo Verdú,es ESP,DF,Elche,es La Liga,33,1988,7.8,1.28,0.64,01.03,0.26,0.00,0.51,01.03,50.0,0.51,01.03,0.77,0.26,1.28,2.56,4.23,0.00,Matchs
2723,Jordan Veretout,fr FRA,MT,Marseille,fr Ligue 1,29,1993,31.8,1.76,1.10,0.53,01.01,0.22,0.79,1.67,47.2,0.88,0.69,0.22,0.47,1.13,2.89,1.26,0.06,Matchs
2724,Marco Verratti,it ITA,MT,Paris S-G,fr Ligue 1,29,1992,24.4,3.11,02.01,1.39,1.48,0.25,1.56,3.65,42.7,02.09,1.72,0.25,1.48,1.11,4.22,0.45,0.12,Matchs
2725,Valerio Verre,it ITA,MT,Sampdoria,it Serie A,28,1994,7.5,1.87,0.93,0.80,0.67,0.40,01.07,2.27,47.1,1.20,1.20,0.13,01.07,1.20,03.07,0.40,0.00,Matchs
Clt,Joueur,Nation,Pos,Équipe,Comp,Âge,Naissance,90,Tcl,TclR,ZDéf,MilTer,ZOff,Tcl,Att,Tcl%,Manqués,Balles contrées,Tirs,Passe,Int,Tcl+Int,Dég,Err,Matchs
2726,Mikel Vesga,es ESP,MT,Athletic Club,es La Liga,29,1993,28.6,1.99,1.22,0.73,01.08,0.17,0.87,2.38,36.8,1.50,1.36,0.28,01.08,1.26,3.25,1.36,0.10,Matchs
2727,Guglielmo Vicario,it ITA,GB,Empoli,it Serie A,25,1996,30.9,0.03,0.03,0.03,0.00,0.00,0.03,0.06,50.0,0.03,0.00,0.00,0.00,0.00,0.03,0.49,0.06,Matchs
2728,João Victor,br BRA,DF,Nantes,fr Ligue 1,24,1998,9.4,02.02,1.17,0.96,0.74,0.32,1.28,2.34,54.5,01.06,1.17,0.11,01.06,1.60,3.62,3.19,0.00,Matchs
2729,Aleix Vidal,es ESP,"MT,AT",Espanyol,es La Liga,32,1989,11.4,0.96,0.44,0.53,0.26,0.18,0.35,1.93,18.2,1.58,1.84,0.18,1.67,1.32,2.28,1.23,0.00,Matchs
2730,Clément Vidal,fr FRA,"DF,MT",Ajaccio,fr Ligue 1,22,2000,21.1,1.18,0.71,0.66,0.52,0.00,0.85,1.80,47.4,0.95,1.28,0.76,0.52,1.28,2.46,3.46,0.05,Matchs
2731,Nacho Vidal,es ESP,DF,Osasuna,es La Liga,27,1995,13.9,1.94,01.01,1.15,0.43,0.36,1.22,2.30,53.1,01.08,1.22,0.29,0.94,1.37,3.31,2.37,0.07,Matchs
2732,Gabriel Vidovic,hr CRO,AT,Bayern Munich,de Bundesliga,18,2003,0.2,0.00,0.00,0.00,0.00,0.00,0.00,0.00,,0.00,0.00,0.00,0.00,0.00,0.00,0.00,0.00,Matchs
2733,Fabio Vieira,pt POR,"MT,AT",Arsenal,eng Premier League,22,2000,5.7,01.05,0.70,0.53,0.00,0.53,0.53,0.88,60.0,0.35,0.88,0.00,0.88,0.70,1.75,0.35,0.00,Matchs
2734,Ronaldo Vieira,eng ENG,MT,Torino,it Serie A,24,1998,0.2,5.00,0.00,0.00,5.00,0.00,5.00,5.00,100.0,0.00,0.00,0.00,0.00,0.00,5.00,10.0,0.00,Matchs
2735,Ronaldo Vieira,eng ENG,MT,Sampdoria,it Serie A,24,1998,9.1,1.98,1.10,0.44,1.32,0.22,1.10,1.43,76.9,0.33,1.65,0.55,1.10,1.43,3.41,1.10,0.22,Matchs
2736,Emanuel Vignato,it ITA,"MT,AT",Bologna,it Serie A,21,2000,2.7,1.48,1.48,0.74,0.74,0.00,0.74,1.48,50.0,0.74,0.74,0.00,0.74,1.11,2.59,0.00,0.00,Matchs
2737,Emanuel Vignato,it ITA,"MT,AT",Empoli,it Serie A,21,2000,0.6,3.33,0.00,3.33,0.00,0.00,0.00,0.00,,0.00,0.00,0.00,0.00,0.00,3.33,1.67,0.00,Matchs
2738,Samuele Vignato,it ITA,"MT,AT",Monza,it Serie A,18,2004,0.7,0.00,0.00,0.00,0.00,0.00,0.00,0.00,,0.00,1.43,0.00,1.43,0.00,0.00,0.00,0.00,Matchs
2739,Tonny Vilhena,nl NED,MT,Salernitana,it Serie A,27,1995,25.2,1.75,0.87,0.63,0.91,0.20,0.79,1.98,40.0,1.19,0.67,0.28,0.40,0.71,2.46,0.83,0.00,Matchs
2740,Toni Villa,es ESP,MT,Valladolid,es La Liga,27,1995,1.0,6.00,3.00,2.00,3.00,1.00,4.00,9.00,44.4,5.00,0.00,0.00,0.00,0.00,6.00,0.00,0.00,Matchs
2741,Toni Villa,es ESP,"MT,AT",Girona,es La Liga,27,1995,9.9,2.53,1.82,0.91,1.11,0.51,01.01,2.32,43.5,1.31,0.81,0.00,0.81,0.81,3.33,0.30,0.00,Matchs
2742,Asier Villalibre,es ESP,AT,Athletic Club,es La Liga,24,1997,1.1,0.00,0.00,0.00,0.00,0.00,0.00,0.00,,0.00,0.00,0.00,0.00,0.00,0.00,0.91,0.00,Matchs
2743,Gonzalo Villar,es ESP,MT,Sampdoria,it Serie A,24,1998,7.7,1.69,0.91,0.52,01.04,0.13,0.91,1.95,46.7,01.04,1.43,0.39,01.04,0.52,2.21,1.17,0.13,Matchs
2744,Gonzalo Villar,es ESP,MT,Getafe,es La Liga,24,1998,5.1,1.96,0.98,0.20,1.18,0.59,1.18,2.75,42.9,1.57,1.76,0.39,1.37,1.18,3.14,0.98,0.00,Matchs
2745,Iván Villar,es ESP,GB,Celta Vigo,es La Liga,25,1997,19.0,0.00,0.00,0.00,0.00,0.00,0.00,0.05,0.0,0.05,0.00,0.00,0.00,0.00,0.00,0.37,0.00,Matchs
2746,Matías Viña,uy URU,DF,Bournemouth,eng Premier League,24,1997,5.1,3.73,2.16,1.76,1.57,0.39,2.75,5.88,46.7,3.14,2.55,0.20,2.35,0.78,4.51,4.31,0.00,Matchs
2747,Matías Viña,uy URU,DF,Roma,it Serie A,24,1997,0.6,5.00,1.67,1.67,1.67,1.67,1.67,5.00,33.3,3.33,8.33,1.67,6.67,3.33,8.33,8.33,0.00,Matchs
2748,Rúben Vinagre,pt POR,"DF,MT",Everton,eng Premier League,23,1999,0.3,6.67,6.67,3.33,3.33,0.00,3.33,6.67,50.0,3.33,0.00,0.00,0.00,0.00,6.67,3.33,0.00,Matchs
2749,Carlos Vinícius,br BRA,AT,Fulham,eng Premier League,27,1995,12.3,0.33,0.08,0.00,0.16,0.16,0.00,0.33,0.0,0.33,0.57,0.00,0.57,0.00,0.33,0.81,0.00,Matchs
2750,Alan Virginius,fr FRA,AT,Lille,fr Ligue 1,19,2003,2.9,01.03,0.69,0.34,0.34,0.34,0.00,1.38,0.0,1.38,0.00,0.00,0.00,0.69,1.72,0.34,0.00,Matchs
Clt,Joueur,Nation,Pos,Équipe,Comp,Âge,Naissance,90,Tcl,TclR,ZDéf,MilTer,ZOff,Tcl,Att,Tcl%,Manqués,Balles contrées,Tirs,Passe,Int,Tcl+Int,Dég,Err,Matchs
2751,Mattia Viti,it ITA,DF,Nice,fr Ligue 1,20,2002,7.0,0.57,0.29,0.14,0.14,0.29,0.29,0.71,40.0,0.43,1.29,0.43,0.86,1.14,1.71,3.14,0.00,Matchs
2752,Vitinha,pt POR,AT,Marseille,fr Ligue 1,22,2000,5.2,2.88,1.35,0.00,1.15,1.73,0.58,2.12,27.3,1.54,0.58,0.00,0.58,0.38,3.27,1.15,0.00,Matchs
2753,Vitinha,pt POR,MT,Paris S-G,fr Ligue 1,22,2000,27.2,2.13,0.92,0.77,0.99,0.37,0.99,03.05,32.5,02.06,0.99,0.15,0.85,0.92,03.05,0.55,0.00,Matchs
2754,Daniel Vivian,es ESP,DF,Athletic Club,es La Liga,23,1999,26.4,2.16,1.21,1.36,0.61,0.19,1.36,1.70,80.0,0.34,01.02,0.53,0.49,0.91,03.07,3.41,0.11,Matchs
2755,Dušan Vlahović,rs SRB,AT,Juventus,it Serie A,22,2000,21.4,0.51,0.28,0.00,0.33,0.19,0.19,0.47,40.0,0.28,0.47,0.14,0.33,0.14,0.65,0.37,0.05,Matchs
2756,Nikola Vlašić,hr CRO,"MT,AT",Torino,it Serie A,24,1997,30.3,01.06,0.69,0.30,0.53,0.23,0.50,1.12,44.1,0.63,0.83,0.07,0.76,0.33,1.39,0.46,0.00,Matchs
2757,Joel Voelkerling Persson,se SWE,"AT,MT",Lecce,it Serie A,19,2003,1.1,0.91,0.91,0.00,0.00,0.91,0.00,0.91,0.0,0.91,0.91,0.00,0.91,0.00,0.91,0.00,0.00,Matchs
2758,Kevin Vogt,de GER,DF,Hoffenheim,de Bundesliga,30,1991,19.7,0.76,0.51,0.51,0.25,0.00,0.46,1.12,40.9,0.66,0.91,0.56,0.36,1.32,02.08,3.40,0.00,Matchs
2759,Mërgim Vojvoda,xk KVX,DF,Torino,it Serie A,27,1995,19.1,1.15,0.63,0.79,0.31,0.05,0.63,1.26,50.0,0.63,0.73,0.10,0.63,0.52,1.68,1.62,0.05,Matchs
2760,Kevin Volland,de GER,"AT,MT",Monaco,fr Ligue 1,30,1992,7.1,1.13,0.56,0.14,0.70,0.28,0.28,1.13,25.0,0.85,1.13,0.00,1.13,0.28,1.41,0.00,0.00,Matchs
2761,Cristian Volpato,it ITA,MT,Roma,it Serie A,18,2003,2.5,1.20,0.80,0.40,0.40,0.40,0.00,0.80,0.0,0.80,0.80,0.00,0.80,0.80,2.00,0.00,0.00,Matchs
2762,Lukáš Vorlický,cz CZE,"MT,AT",Atalanta,it Serie A,20,2002,0.3,0.00,0.00,0.00,0.00,0.00,0.00,0.00,,0.00,0.00,0.00,0.00,3.33,3.33,0.00,0.00,Matchs
2763,Aster Vranckx,be BEL,MT,Milan,it Serie A,19,2002,2.7,1.11,0.74,0.00,0.74,0.37,0.74,2.59,28.6,1.85,1.11,0.37,0.74,0.74,1.85,0.37,0.00,Matchs
2764,Aster Vranckx,be BEL,MT,Wolfsburg,de Bundesliga,19,2002,0.1,0.00,0.00,0.00,0.00,0.00,0.00,0.00,,0.00,0.00,0.00,0.00,0.00,0.00,10.0,0.00,Matchs
2765,Stefan de Vrij,nl NED,DF,Inter,it Serie A,30,1992,21.6,1.30,0.83,0.88,0.42,0.00,0.37,0.65,57.1,0.28,0.83,0.46,0.37,1.85,3.15,3.70,0.00,Matchs
2766,Robert Wagner,de GER,MT,Freiburg,de Bundesliga,19,2003,0.4,0.00,0.00,0.00,0.00,0.00,0.00,0.00,,0.00,5.00,0.00,5.00,0.00,0.00,5.00,0.00,Matchs
2767,Elye Wahi,fr FRA,AT,Montpellier,fr Ligue 1,19,2003,27.9,0.32,0.11,0.07,0.11,0.14,0.18,0.50,35.7,0.32,0.50,0.07,0.43,0.11,0.43,0.18,0.00,Matchs
2768,Walace,br BRA,MT,Udinese,it Serie A,27,1995,35.4,2.32,1.10,1.19,0.88,0.25,1.16,2.54,45.6,1.38,1.33,0.34,0.99,1.44,3.76,1.44,0.03,Matchs
2769,Theo Walcott,eng ENG,"AT,MT",Southampton,eng Premier League,33,1989,12.5,01.04,0.48,0.64,0.32,0.08,0.64,2.16,29.6,1.52,0.64,0.08,0.56,0.72,1.76,0.56,0.00,Matchs
2770,Luca Waldschmidt,de GER,"AT,MT",Wolfsburg,de Bundesliga,26,1996,5.8,0.86,0.34,0.34,0.17,0.34,0.34,1.72,20.0,1.38,01.03,0.00,01.03,0.52,1.38,0.86,0.00,Matchs
2771,Kyle Walker,eng ENG,DF,Manchester City,eng Premier League,32,1990,21.8,0.60,0.41,0.37,0.23,0.00,0.18,1.10,16.7,0.92,0.55,0.09,0.46,0.83,1.42,01.01,0.00,Matchs
2772,Kyle Walker-Peters,eng ENG,DF,Southampton,eng Premier League,25,1997,29.4,02.07,01.09,1.16,0.82,0.10,0.75,1.46,51.2,0.71,1.60,0.27,1.33,0.92,2.99,1.77,0.00,Matchs
2773,Sebastian Walukiewicz,pl POL,DF,Empoli,it Serie A,22,2000,6.7,1.34,0.90,01.04,0.30,0.00,0.60,0.90,66.7,0.30,1.49,1.34,0.15,01.04,2.39,4.48,0.00,Matchs
2774,Aaron Wan-Bissaka,eng ENG,DF,Manchester Utd,eng Premier League,24,1997,15.9,2.52,1.57,1.26,01.07,0.19,1.45,1.57,92.0,0.13,1.51,0.50,01.01,1.38,3.90,2.58,0.00,Matchs
2775,Paul Wanner,de GER,MT,Bayern Munich,de Bundesliga,16,2005,0.3,10.0,3.33,3.33,6.67,0.00,3.33,3.33,100.0,0.00,0.00,0.00,0.00,0.00,10.0,3.33,0.00,Matchs
Clt,Joueur,Nation,Pos,Équipe,Comp,Âge,Naissance,90,Tcl,TclR,ZDéf,MilTer,ZOff,Tcl,Att,Tcl%,Manqués,Balles contrées,Tirs,Passe,Int,Tcl+Int,Dég,Err,Matchs
2776,Danny Ward,wls WAL,GB,Leicester City,eng Premier League,29,1993,26.0,0.04,0.04,0.04,0.00,0.00,0.04,0.12,33.3,0.08,0.00,0.00,0.00,0.00,0.04,0.54,0.08,Matchs
2777,Joel Ward,eng ENG,DF,Crystal Palace,eng Premier League,32,1989,25.1,1.99,1.43,1.20,0.44,0.36,1.20,1.63,73.2,0.44,1.27,0.64,0.64,1.00,2.99,3.19,0.04,Matchs
2778,James Ward-Prowse,eng ENG,MT,Southampton,eng Premier League,27,1994,37.5,1.73,0.99,0.83,0.72,0.19,0.56,1.63,34.4,01.07,0.80,0.27,0.53,1.47,3.20,1.28,0.00,Matchs
2779,Ollie Watkins,eng ENG,AT,Aston Villa,eng Premier League,26,1995,34.7,0.55,0.37,0.09,0.37,0.09,0.29,0.78,37.0,0.49,0.61,0.12,0.49,0.29,0.84,1.12,0.00,Matchs
2780,Timothy Weah,us USA,"DF,AT",Lille,fr Ligue 1,22,2000,19.4,1.24,0.72,0.67,0.46,0.10,0.82,1.49,55.2,0.67,0.88,0.15,0.72,1.19,2.42,0.93,0.00,Matchs
2781,Adam Webster,eng ENG,DF,Brighton,eng Premier League,27,1995,22.1,1.00,0.54,0.45,0.41,0.14,0.50,0.86,57.9,0.36,1.36,0.86,0.50,0.86,1.86,2.49,0.18,Matchs
2782,Wout Weghorst,nl NED,"AT,MT",Manchester Utd,eng Premier League,29,1992,8.9,1.24,0.56,0.67,0.11,0.45,0.22,01.01,22.2,0.79,0.79,0.22,0.56,0.79,02.02,01.01,0.00,Matchs
2783,Julian Weigl,de GER,MT,M'Gladbach,de Bundesliga,26,1995,21.0,02.05,0.76,1.00,1.00,0.05,1.10,1.95,56.1,0.86,1.10,0.10,1.00,0.86,2.90,1.52,0.00,Matchs
2784,Nelson Weiper,de GER,"AT,DF",Mainz 05,de Bundesliga,17,2005,1.1,1.82,0.00,0.00,0.00,1.82,0.91,2.73,33.3,1.82,1.82,0.00,1.82,0.00,1.82,0.91,0.00,Matchs
2785,Mitchell Weiser,de GER,"DF,AT",Werder Bremen,de Bundesliga,28,1994,28.0,2.54,1.54,1.36,0.86,0.32,1.36,2.68,50.7,1.32,1.79,0.25,1.54,1.00,3.54,1.36,0.04,Matchs
2786,Noah Weißhaupt,de GER,"MT,DF",Freiburg,de Bundesliga,20,2001,4.7,2.34,1.28,0.64,1.49,0.21,0.43,1.49,28.6,01.06,0.85,0.00,0.85,1.28,3.62,1.70,0.00,Matchs
2787,Shon Weissman,il ISR,AT,Valladolid,es La Liga,26,1996,8.3,0.24,0.12,0.12,0.12,0.00,0.00,0.48,0.0,0.48,0.96,0.00,0.96,0.12,0.36,0.84,0.00,Matchs
2788,Danny Welbeck,eng ENG,AT,Brighton,eng Premier League,31,1990,20.6,0.73,0.34,0.00,0.34,0.39,0.19,0.53,36.4,0.34,1.17,0.10,01.07,0.24,0.97,0.97,0.00,Matchs
2789,Marcel Wenig,de GER,MT,Eint Frankfurt,de Bundesliga,18,2004,0.0,0,0,0,0,0,0,0,,0,0,0,0,0,0,0,0,Matchs
2790,Axel Werner,ar ARG,GB,Elche,es La Liga,26,1996,2.0,0.00,0.00,0.00,0.00,0.00,0.00,0.50,0.0,0.50,0.00,0.00,0.00,0.00,0.00,0.00,0.00,Matchs
2791,Timo Werner,de GER,"AT,MT",RB Leipzig,de Bundesliga,26,1996,21.5,0.47,0.23,0.19,0.14,0.14,0.19,0.56,33.3,0.37,0.56,0.00,0.56,0.33,0.79,0.23,0.00,Matchs
2792,Ben White,eng ENG,DF,Arsenal,eng Premier League,24,1997,33.9,1.77,0.91,0.68,0.88,0.21,1.24,02.06,60.0,0.83,1.39,0.32,01.06,0.65,2.42,2.33,0.03,Matchs
2793,Harvey White,eng ENG,MT,Tottenham,eng Premier League,20,2001,0.1,0.00,0.00,0.00,0.00,0.00,0.00,10.0,0.0,10.0,0.00,0.00,0.00,0.00,0.00,0.00,0.00,Matchs
2794,Joseph Whitworth,eng ENG,GB,Crystal Palace,eng Premier League,18,2004,2.0,0.00,0.00,0.00,0.00,0.00,0.00,0.00,,0.00,0.00,0.00,0.00,0.00,0.00,0.50,0.00,Matchs
2795,Silvan Widmer,ch SUI,DF,Mainz 05,de Bundesliga,29,1993,18.8,1.38,0.90,0.80,0.53,0.05,01.06,02.07,51.3,01.01,1.17,0.43,0.74,1.65,03.03,1.49,0.00,Matchs
2796,Mateusz Wieteska,pl POL,DF,Clermont Foot,fr Ligue 1,25,1997,34.6,1.18,0.66,0.81,0.38,0.00,0.55,0.95,57.6,0.40,1.27,0.81,0.46,1.62,2.80,2.80,0.12,Matchs
2797,Georginio Wijnaldum,nl NED,MT,Roma,it Serie A,31,1990,8.5,0.47,0.35,0.12,0.35,0.00,0.00,0.24,0.0,0.24,0.82,0.12,0.71,0.24,0.71,0.35,0.00,Matchs
2798,Iñaki Williams,gh GHA,AT,Athletic Club,es La Liga,28,1994,31.5,0.70,0.51,0.16,0.44,0.10,0.29,0.76,37.5,0.48,0.57,0.10,0.48,0.22,0.92,01.08,0.00,Matchs
2799,Neco Williams,wls WAL,DF,Nott'ham Forest,eng Premier League,21,2001,20.9,3.44,2.25,2.34,0.81,0.29,1.82,3.40,53.5,1.58,1.58,0.38,1.20,1.58,05.02,2.30,0.00,Matchs
2800,Nico Williams,es ESP,AT,Athletic Club,es La Liga,20,2002,29.5,01.05,0.54,0.34,0.51,0.20,0.64,1.39,46.3,0.75,1.36,0.07,1.29,0.27,1.32,0.47,0.03,Matchs
Clt,Joueur,Nation,Pos,Équipe,Comp,Âge,Naissance,90,Tcl,TclR,ZDéf,MilTer,ZOff,Tcl,Att,Tcl%,Manqués,Balles contrées,Tirs,Passe,Int,Tcl+Int,Dég,Err,Matchs
2801,Willian,br BRA,AT,Fulham,eng Premier League,33,1988,23.6,0.55,0.34,0.34,0.13,0.08,0.30,01.06,28.0,0.76,0.55,0.00,0.55,0.38,0.93,0.38,0.00,Matchs
2802,Joe Willock,eng ENG,MT,Newcastle Utd,eng Premier League,22,1999,28.4,1.80,01.06,0.46,0.92,0.42,0.88,02.04,43.1,1.16,1.90,0.28,1.62,0.88,2.68,0.60,0.00,Matchs
2803,Callum Wilson,eng ENG,AT,Newcastle Utd,eng Premier League,30,1992,20.9,0.43,0.14,0.00,0.38,0.05,0.00,0.14,0.0,0.14,0.38,0.00,0.38,0.05,0.48,0.24,0.00,Matchs
2804,Harry Wilson,wls WAL,AT,Fulham,eng Premier League,25,1997,12.2,1.72,01.07,0.74,0.74,0.25,0.66,1.48,44.4,0.82,1.39,0.16,1.23,0.49,2.21,1.15,0.00,Matchs
2805,Patrick Wimmer,at AUT,"AT,MT",Wolfsburg,de Bundesliga,21,2001,18.3,2.13,1.42,0.98,0.60,0.55,0.66,02.08,31.6,1.42,1.48,0.11,1.37,0.82,2.95,0.82,0.00,Matchs
2806,Jonas Wind,dk DEN,AT,Wolfsburg,de Bundesliga,23,1999,14.3,0.98,0.42,0.14,0.49,0.35,0.35,0.70,50.0,0.35,0.98,0.28,0.70,0.07,01.05,0.70,0.00,Matchs
2807,Harry Winks,eng ENG,MT,Sampdoria,it Serie A,26,1996,19.1,1.41,0.63,0.37,0.94,0.10,0.73,2.25,32.6,1.52,0.73,0.42,0.31,1.26,2.67,1.26,0.00,Matchs
2808,Frederik Winther,dk DEN,DF,Augsburg,de Bundesliga,21,2001,1.0,2.00,2.00,1.00,1.00,0.00,0.00,2.00,0.0,2.00,1.00,1.00,0.00,0.00,2.00,7.00,0.00,Matchs
2809,Florian Wirtz,de GER,"AT,MT",Leverkusen,de Bundesliga,19,2003,12.1,1.49,0.83,0.74,0.58,0.17,0.66,1.32,50.0,0.66,1.24,0.08,1.16,0.08,1.57,0.50,0.00,Matchs
2810,Przemysław Wiśniewski,pl POL,DF,Spezia,it Serie A,24,1998,11.1,1.17,0.54,0.63,0.54,0.00,0.54,1.62,33.3,01.08,1.44,0.72,0.72,0.99,2.16,5.95,0.00,Matchs
2811,Yoane Wissa,cd COD,AT,Brentford,eng Premier League,25,1996,17.8,0.96,0.67,0.22,0.39,0.34,0.34,0.73,46.2,0.39,0.56,0.00,0.56,0.34,1.29,0.84,0.00,Matchs
2812,Axel Witsel,be BEL,"DF,MT",Atlético Madrid,es La Liga,33,1989,25.1,1.43,0.88,0.88,0.44,0.12,0.68,1.24,54.8,0.56,0.80,0.44,0.36,0.92,2.35,03.03,0.00,Matchs
2813,Maximilian Wöber,at AUT,DF,Leeds United,eng Premier League,24,1998,14.1,1.77,1.28,0.64,01.06,0.07,1.13,1.70,66.7,0.57,2.27,0.99,1.28,1.91,3.69,4.75,0.07,Matchs
2814,Hannes Wolf,at AUT,AT,M'Gladbach,de Bundesliga,23,1999,5.0,2.20,1.60,0.80,1.00,0.40,1.00,2.60,38.5,1.60,0.60,0.00,0.60,0.60,2.80,1.80,0.00,Matchs
2815,Marius Wolf,de GER,DF,Dortmund,de Bundesliga,27,1995,17.4,1.44,01.03,0.52,0.69,0.23,0.92,1.67,55.2,0.75,2.30,0.57,1.72,01.03,2.47,1.26,0.06,Matchs
2816,Jeong Woo-yeong,kr KOR,"MT,AT",Freiburg,de Bundesliga,22,1999,7.3,0.96,0.41,0.55,0.27,0.14,0.27,0.68,40.0,0.41,0.96,0.14,0.82,0.14,1.10,0.96,0.00,Matchs
2817,Chris Wood,nz NZL,AT,Newcastle Utd,eng Premier League,30,1991,5.0,1.00,0.80,0.00,0.60,0.40,0.60,1.00,60.0,0.40,0.40,0.40,0.00,0.20,1.20,1.40,0.00,Matchs
2818,Chris Wood,nz NZL,AT,Nott'ham Forest,eng Premier League,30,1991,4.1,0.00,0.00,0.00,0.00,0.00,0.00,0.24,0.0,0.24,0.49,0.24,0.24,0.24,0.24,0.49,0.00,Matchs
2819,Christopher Wooh,cm CMR,DF,Rennes,fr Ligue 1,20,2001,11.2,1.43,0.63,0.71,0.71,0.00,0.80,0.98,81.8,0.18,0.98,0.45,0.54,0.54,1.96,4.38,0.00,Matchs
2820,Christopher Wooh,cm CMR,MT,Lens,fr Ligue 1,20,2001,0.0,0,0,0,0,0,0,1,0.0,1,0,0,0,0,0,1,0,Matchs
2821,Joe Worrall,eng ENG,DF,Nott'ham Forest,eng Premier League,25,1997,24.7,2.15,01.01,1.58,0.49,0.08,01.01,1.42,71.4,0.40,1.34,0.93,0.40,01.05,3.20,4.49,0.04,Matchs
2822,Xeka,pt POR,MT,Rennes,fr Ligue 1,27,1994,6.1,1.64,0.49,0.98,0.49,0.16,1.15,2.62,43.8,1.48,1.80,0.33,1.48,0.98,2.62,1.31,0.00,Matchs
2823,Granit Xhaka,ch SUI,MT,Arsenal,eng Premier League,29,1992,33.3,01.02,0.81,0.33,0.54,0.15,0.48,1.23,39.0,0.75,0.84,0.30,0.54,0.45,1.47,1.35,0.03,Matchs
2824,Lamine Yamal,es ESP,AT,Barcelona,es La Liga,15,2007,0.1,0.00,0.00,0.00,0.00,0.00,0.00,0.00,,0.00,0.00,0.00,0.00,0.00,0.00,0.00,0.00,Matchs
2825,Jawad El Yamiq,ma MAR,DF,Valladolid,es La Liga,30,1992,17.9,0.95,0.61,0.56,0.39,0.00,0.34,0.61,54.5,0.28,1.51,01.06,0.45,02.07,03.02,5.64,0.00,Matchs
Clt,Joueur,Nation,Pos,Équipe,Comp,Âge,Naissance,90,Tcl,TclR,ZDéf,MilTer,ZOff,Tcl,Att,Tcl%,Manqués,Balles contrées,Tirs,Passe,Int,Tcl+Int,Dég,Err,Matchs
2826,Ryan Yates,eng ENG,MT,Nott'ham Forest,eng Premier League,24,1997,20.4,1.86,0.93,0.93,0.78,0.15,0.69,01.08,63.6,0.39,1.27,0.39,0.88,0.49,2.35,2.16,0.00,Matchs
2827,Yusuf Yazıcı,tr TUR,MT,Lille,fr Ligue 1,25,1997,2.2,0.00,0.00,0.00,0.00,0.00,0.00,0.00,,0.00,0.91,0.00,0.91,0.00,0.00,0.45,0.00,Matchs
2828,Kelvin Yeboah,it ITA,"AT,MT",Augsburg,de Bundesliga,22,2000,3.9,1.54,01.03,0.51,01.03,0.00,0.51,1.28,40.0,0.77,1.79,0.00,1.79,0.26,1.79,0.51,0.00,Matchs
2829,Gerard Yepes,es ESP,MT,Sampdoria,it Serie A,19,2002,2.2,2.27,1.36,0.91,1.36,0.00,0.45,1.36,33.3,0.91,1.36,0.00,1.36,1.82,04.09,1.36,0.00,Matchs
2830,Darlin Yongwa,cm CMR,DF,Lorient,fr Ligue 1,21,2000,8.7,1.49,1.26,0.80,0.57,0.11,0.46,1.72,26.7,1.26,1.49,0.11,1.38,0.57,02.07,1.26,0.00,Matchs
2831,Leny Yoro,fr FRA,DF,Lille,fr Ligue 1,16,2005,8.5,1.29,0.59,0.94,0.35,0.00,0.47,01.06,44.4,0.59,0.71,0.12,0.59,2.12,3.41,3.18,0.12,Matchs
2832,Maya Yoshida,jp JPN,DF,Schalke 04,de Bundesliga,33,1988,28.4,1.20,0.77,0.67,0.46,0.07,0.63,01.02,62.1,0.39,1.41,01.02,0.39,1.62,2.82,4.65,0.07,Matchs
2833,Ashley Young,eng ENG,DF,Aston Villa,eng Premier League,37,1985,22.6,2.21,1.19,1.50,0.66,0.04,1.64,2.17,75.5,0.53,1.11,0.49,0.62,0.93,3.14,2.88,0.00,Matchs
2834,Mohamed Youssouf,km COM,DF,Ajaccio,fr Ligue 1,34,1988,27.3,2.64,1.61,1.50,0.88,0.26,1.39,2.23,62.3,0.84,1.17,0.29,0.88,2.38,05.02,2.56,0.00,Matchs
2835,Illia Zabarnyi,ua UKR,DF,Bournemouth,eng Premier League,19,2002,3.3,1.21,0.61,1.21,0.00,0.00,0.91,2.12,42.9,1.21,2.12,0.61,1.52,0.91,2.12,4.24,0.00,Matchs
2836,Mattia Zaccagni,it ITA,AT,Lazio,it Serie A,27,1995,30.8,1.36,0.91,0.52,0.58,0.26,0.45,1.23,36.8,0.78,1.20,0.10,1.10,0.68,02.05,0.32,0.03,Matchs
2837,Dan-Axel Zagadou,fr FRA,DF,Stuttgart,de Bundesliga,23,1999,14.1,0.99,0.64,0.71,0.28,0.00,0.35,0.99,35.7,0.64,1.35,1.13,0.21,1.49,2.48,5.74,0.07,Matchs
2838,Wilfried Zaha,ci CIV,"AT,MT",Crystal Palace,eng Premier League,29,1992,25.4,1.26,0.79,0.47,0.47,0.31,0.31,0.83,38.1,0.51,0.83,0.04,0.79,0.63,1.89,0.35,0.00,Matchs
2839,Warren Zaire-Emery,fr FRA,"MT,DF",Paris S-G,fr Ligue 1,16,2006,10.3,1.65,0.97,0.49,0.97,0.19,0.78,2.82,27.6,02.04,01.07,0.00,01.07,1.17,2.82,1.65,0.00,Matchs
2840,Denis Zakaria,ch SUI,MT,Chelsea,eng Premier League,25,1996,4.6,1.96,01.09,01.09,0.43,0.43,0.43,1.74,25.0,1.30,0.87,0.22,0.65,0.65,2.61,2.17,0.00,Matchs
2841,Denis Zakaria,ch SUI,MT,Juventus,it Serie A,25,1996,1.4,4.29,2.14,0.71,2.86,0.71,1.43,1.43,100.0,0.00,1.43,0.00,1.43,1.43,5.71,0.71,0.00,Matchs
2842,Rodrigo Zalazar,uy URU,"MT,AT",Schalke 04,de Bundesliga,22,1999,14.7,01.09,0.54,0.34,0.61,0.14,0.61,1.63,37.5,01.02,01.09,0.07,01.02,0.48,1.56,0.88,0.00,Matchs
2843,Joseba Zaldúa,es ESP,DF,Cádiz,es La Liga,30,1992,7.1,2.11,1.13,1.41,0.56,0.14,0.99,1.41,70.0,0.42,0.56,0.28,0.28,1.55,3.66,3.10,0.00,Matchs
2844,Nicola Zalewski,pl POL,DF,Roma,it Serie A,20,2002,24.4,1.84,01.07,01.02,0.61,0.20,0.90,2.91,31.0,02.01,1.11,0.04,01.07,1.27,3.11,0.94,0.00,Matchs
2845,Andre-Frank Zambo Anguissa,cm CMR,MT,Napoli,it Serie A,26,1995,33.9,1.56,0.94,0.47,0.86,0.24,0.47,1.89,25.0,1.42,1.47,0.12,1.36,1.45,03.01,0.74,0.00,Matchs
2846,Oliver Zandén,se SWE,"DF,MT",Toulouse,fr Ligue 1,20,2001,1.6,1.25,0.63,0.63,0.00,0.63,1.25,3.13,40.0,1.88,0.00,0.00,0.00,0.63,1.88,4.38,0.00,Matchs
2847,Luca Zanimacchia,it ITA,"MT,AT",Cremonese,it Serie A,24,1998,8.3,2.53,1.57,1.33,0.72,0.48,0.96,2.53,38.1,1.57,01.08,0.00,01.08,01.08,3.61,0.60,0.00,Matchs
2848,Nicolò Zaniolo,it ITA,"MT,AT",Roma,it Serie A,23,1999,9.9,0.71,0.51,0.20,0.40,0.10,0.20,0.71,28.6,0.51,1.11,0.00,1.11,0.20,0.91,0.00,0.00,Matchs
2849,Alessandro Zanoli,it ITA,DF,Sampdoria,it Serie A,21,2000,17.1,1.29,0.82,0.82,0.35,0.12,0.47,0.99,47.1,0.53,1.11,0.88,0.23,0.70,1.99,2.28,0.00,Matchs
2850,Alessandro Zanoli,it ITA,DF,Napoli,it Serie A,21,2000,0.1,10.0,0.00,0.00,10.0,0.00,0.00,0.00,,0.00,0.00,0.00,0.00,0.00,10.0,10.0,0.00,Matchs
Clt,Joueur,Nation,Pos,Équipe,Comp,Âge,Naissance,90,Tcl,TclR,ZDéf,MilTer,ZOff,Tcl,Att,Tcl%,Manqués,Balles contrées,Tirs,Passe,Int,Tcl+Int,Dég,Err,Matchs
2851,Mattia Zanotti,it ITA,DF,Inter,it Serie A,19,2003,0.3,0.00,0.00,0.00,0.00,0.00,0.00,3.33,0.0,3.33,6.67,0.00,6.67,0.00,0.00,0.00,0.00,Matchs
2852,Duván Zapata,co COL,AT,Atalanta,it Serie A,31,1991,15.4,0.52,0.26,0.06,0.19,0.26,0.19,0.32,60.0,0.13,0.39,0.13,0.26,0.26,0.78,1.10,0.06,Matchs
2853,Davide Zappacosta,it ITA,DF,Atalanta,it Serie A,30,1992,16.3,02.09,1.10,01.04,0.74,0.31,0.92,1.35,68.2,0.43,1.41,0.12,1.29,0.55,2.64,0.98,0.00,Matchs
2854,Oier Zarraga,es ESP,MT,Athletic Club,es La Liga,23,1999,9.5,1.47,0.95,0.53,0.74,0.21,0.84,2.11,40.0,1.26,0.74,0.00,0.74,01.05,2.53,0.53,0.00,Matchs
2855,Akim Zedadka,dz ALG,DF,Auxerre,fr Ligue 1,27,1995,17.8,1.97,1.18,1.18,0.56,0.22,01.01,1.80,56.3,0.79,0.96,0.17,0.79,1.29,3.26,2.87,0.06,Matchs
2856,Akim Zedadka,dz ALG,"DF,MT",Lille,fr Ligue 1,27,1995,3.9,0.26,0.26,0.26,0.00,0.00,0.00,0.51,0.0,0.51,0.77,0.00,0.77,0.51,0.77,1.54,0.00,Matchs
2857,Karim Zedadka,fr FRA,AT,Napoli,it Serie A,22,2000,0.2,0.00,0.00,0.00,0.00,0.00,0.00,0.00,,0.00,0.00,0.00,0.00,0.00,0.00,5.00,0.00,Matchs
2858,Deyovaisio Zeefuik,nl NED,DF,Hellas Verona,it Serie A,24,1998,0.1,10.0,10.0,0.00,10.0,0.00,0.00,0.00,,0.00,0.00,0.00,0.00,0.00,10.0,0.00,0.00,Matchs
2859,Marvin Zeegelaar,nl NED,DF,Udinese,it Serie A,31,1990,3.9,02.05,01.03,1.54,0.51,0.00,0.77,01.03,75.0,0.26,0.51,0.00,0.51,0.77,2.82,1.28,0.00,Matchs
2860,Mehdi Zeffane,dz ALG,"DF,MT",Clermont Foot,fr Ligue 1,30,1992,7.3,1.64,0.96,0.68,0.96,0.00,0.55,2.88,19.0,2.33,1.92,0.82,1.10,03.01,4.66,1.64,0.00,Matchs
2861,Aaron Zehnter,de GER,DF,Augsburg,de Bundesliga,17,2004,0.0,0,0,0,0,0,0,1,0.0,1,0,0,0,1,1,0,0,Matchs
2862,Jordan Zemura,zw ZIM,DF,Bournemouth,eng Premier League,22,1999,16.2,2.41,1.48,1.48,0.86,0.06,1.42,2.65,53.5,1.23,1.91,0.56,1.36,0.99,3.40,1.98,0.00,Matchs
2863,Arber Zeneli,xk KVX,"AT,MT",Reims,fr Ligue 1,27,1995,11.1,0.81,0.27,0.27,0.27,0.27,0.45,01.08,41.7,0.63,0.72,0.00,0.72,0.18,0.99,0.18,0.00,Matchs
2864,Robin Zentner,de GER,GB,Mainz 05,de Bundesliga,27,1994,26.0,0.00,0.00,0.00,0.00,0.00,0.00,0.15,0.0,0.15,0.00,0.00,0.00,0.00,0.00,0.65,0.04,Matchs
2865,Alessio Zerbin,it ITA,AT,Napoli,it Serie A,23,1999,2.2,4.55,2.27,1.82,2.27,0.45,1.82,3.64,50.0,1.82,0.91,0.00,0.91,0.91,5.45,0.91,0.00,Matchs
2866,Michael Zetterer,de GER,GB,Werder Bremen,de Bundesliga,27,1995,1.7,0.00,0.00,0.00,0.00,0.00,0.00,0.00,,0.00,0.00,0.00,0.00,0.00,0.00,0.59,0.00,Matchs
2867,Nathan Zeze,fr FRA,DF,Nantes,fr Ligue 1,17,2005,0.7,4.29,2.86,2.86,1.43,0.00,1.43,1.43,100.0,0.00,0.00,0.00,0.00,0.00,4.29,1.43,0.00,Matchs
2868,Edon Zhegrova,xk KVX,"AT,MT",Lille,fr Ligue 1,23,1999,11.7,1.54,01.03,0.51,0.60,0.43,01.03,1.71,60.0,0.68,0.77,0.00,0.77,0.17,1.71,0.17,0.00,Matchs
2869,Piotr Zieliński,pl POL,MT,Napoli,it Serie A,28,1994,25.4,0.67,0.39,0.04,0.43,0.20,0.47,0.98,48.0,0.51,0.63,0.20,0.43,0.55,1.22,0.28,0.00,Matchs
2870,David Zima,cz CZE,DF,Torino,it Serie A,21,2000,4.5,2.00,1.11,1.11,0.89,0.00,0.67,0.89,75.0,0.22,1.56,0.44,1.11,2.00,4.00,2.44,0.44,Matchs
2871,Oleksandr Zinchenko,ua UKR,DF,Arsenal,eng Premier League,25,1996,23.5,1.70,0.77,0.60,0.72,0.38,0.89,1.70,52.5,0.81,0.85,0.09,0.77,0.94,2.64,1.62,0.09,Matchs
2872,Joshua Zirkzee,nl NED,AT,Bologna,it Serie A,21,2001,9.1,0.44,0.22,0.11,0.11,0.22,0.22,0.77,28.6,0.55,0.44,0.11,0.33,0.44,0.88,0.44,0.00,Matchs
2873,Hakim Ziyech,ma MAR,"AT,MT",Chelsea,eng Premier League,29,1993,7.3,2.74,1.64,1.64,0.68,0.41,0.55,1.23,44.4,0.68,1.10,0.00,1.10,0.68,3.42,0.68,0.14,Matchs
2874,Jeroen Zoet,nl NED,GB,Spezia,it Serie A,31,1991,3.7,0.27,0.27,0.27,0.00,0.00,0.27,0.27,100.0,0.00,0.00,0.00,0.00,0.00,0.27,0.27,0.00,Matchs
2875,Simon Zoller,de GER,AT,Bochum,de Bundesliga,31,1991,16.2,0.68,0.25,0.12,0.49,0.06,0.25,0.74,33.3,0.49,0.86,0.06,0.80,0.37,01.05,1.30,0.00,Matchs
Clt,Joueur,Nation,Pos,Équipe,Comp,Âge,Naissance,90,Tcl,TclR,ZDéf,MilTer,ZOff,Tcl,Att,Tcl%,Manqués,Balles contrées,Tirs,Passe,Int,Tcl+Int,Dég,Err,Matchs
2876,Nadir Zortea,it ITA,"DF,MT",Atalanta,it Serie A,23,1999,2.5,4.00,2.00,1.20,2.80,0.00,1.20,1.60,75.0,0.40,1.60,0.00,1.60,0.00,4.00,1.60,0.00,Matchs
2877,Nadir Zortea,it ITA,DF,Sassuolo,it Serie A,23,1999,7.3,02.05,1.10,1.64,0.27,0.14,1.23,1.92,64.3,0.68,1.37,0.55,0.82,0.55,2.60,2.88,0.00,Matchs
2878,Tanguy Zoukrou,fr FRA,DF,Troyes,fr Ligue 1,19,2003,5.7,2.46,1.23,1.40,01.05,0.00,1.75,2.46,71.4,0.70,3.16,1.93,1.23,0.35,2.81,4.21,0.00,Matchs
2879,Kurt Zouma,fr FRA,DF,West Ham,eng Premier League,27,1994,22.1,0.41,0.18,0.18,0.23,0.00,0.23,0.36,62.5,0.14,0.77,0.63,0.14,1.36,1.76,5.43,0.05,Matchs
2880,Petar Zovko,ba BIH,GB,Spezia,it Serie A,20,2002,0.8,1.25,0.00,1.25,0.00,0.00,1.25,1.25,100.0,0.00,0.00,0.00,0.00,0.00,1.25,0.00,0.00,Matchs
2881,Igor Zubeldia,es ESP,DF,Real Sociedad,es La Liga,25,1997,28.2,1.24,0.64,0.99,0.25,0.00,0.89,1.24,71.4,0.35,0.82,0.60,0.21,0.74,1.99,3.30,0.00,Matchs
2882,Martín Zubimendi,es ESP,MT,Real Sociedad,es La Liga,23,1999,34.5,1.71,0.96,0.67,0.87,0.17,0.70,1.30,53.3,0.61,1.28,0.49,0.78,01.07,2.78,1.59,0.12,Matchs
2883,Szymon Żurkowski,pl POL,MT,Fiorentina,it Serie A,24,1997,0.4,0.00,0.00,0.00,0.00,0.00,0.00,0.00,,0.00,0.00,0.00,0.00,0.00,0.00,0.00,0.00,Matchs
2884,Szymon Żurkowski,pl POL,MT,Spezia,it Serie A,24,1997,4.7,1.91,0.64,0.85,0.85,0.21,0.43,3.19,13.3,2.77,1.91,0.43,1.49,0.85,2.77,1.28,0.00,Matchs
2885,Martin Ødegaard,no NOR,MT,Arsenal,eng Premier League,23,1998,34.7,01.04,0.66,0.35,0.40,0.29,0.40,1.35,29.8,0.95,0.58,0.14,0.43,0.17,1.21,0.35,0.03,Matchs
2886,Milan Đurić,ba BIH,AT,Hellas Verona,it Serie A,32,1990,15.2,0.13,0.07,0.07,0.00,0.07,0.07,0.20,33.3,0.13,0.46,0.26,0.20,0.07,0.20,1.58,0.00,Matchs
2887,Filip Đuričić,rs SRB,"MT,AT",Sampdoria,it Serie A,30,1992,24.1,1.78,0.91,0.75,0.83,0.21,0.58,1.33,43.8,0.75,0.79,0.25,0.54,0.29,02.07,0.33,0.00,Matchs
2888,Blanco,,MT,Cádiz,es La Liga,22,2000,1.8,,2.22,,,,,,,,,,,0.56,,,,Matchs
2889,Hugo Guillamón,,"DF,MT",Valencia,es La Liga,22,2000,18.1,,0.77,,,,,,,,,,,01.05,,,,Matchs