Total,Court,Moyen,Long,,Attendu,,,,,,,,,,,,,,,,,,,,,,,,,,,
Clt,Joueur,Nation,Pos,Équipe,Comp,Âge,Naissance,90,Cmp,Att,Cmp%,TotDist,DistBut,Cmp,Att,Cmp%,Cmp,Att,Cmp%,Cmp,Att,Cmp%,PD,xAG,xA,A-xAG,PC,1/3,PPA,CntSR,PrgP,Matchs
1,Brenden Aaronson,us USA,"MT,AT",Leeds United,eng Premier League,21,2000,26.4,22.4,30.2,74.3,287.0,82.7,13.1,16.0,81.8,5.68,7.39,76.9,0.95,2.46,38.5,0.11,0.16,0.10,-0.05,1.74,1.78,0.61,0.15,3.26,Matchs
2,Paxten Aaronson,us USA,"MT,DF",Eint Frankfurt,de Bundesliga,18,2003,1.9,26.8,37.4,71.8,346.8,57.4,18.9,20.0,94.7,7.37,12.1,60.9,0.53,3.16,16.7,0.00,0.00,0.05,0.00,0.53,1.58,0.00,0.00,3.16,Matchs
3,James Abankwah,ie IRL,DF,Udinese,it Serie A,18,2004,0.7,32.9,41.4,79.3,535.7,112.9,20.0,21.4,93.3,8.57,11.4,75.0,2.86,7.14,40.0,0.00,0.00,0.00,0.00,0.00,0.00,0.00,0.00,0.00,Matchs
4,George Abbott,eng ENG,MT,Tottenham,eng Premier League,16,2005,0.0,1,1,100.0,8,0,1,1,100.0,0,0,,0,0,,0,0.0,0.0,0.0,0,0,0,0,0,Matchs
5,Yunis Abdelhamid,ma MAR,DF,Reims,fr Ligue 1,34,1987,37.0,45.4,54.9,82.7,891.0,362.4,13.2,15.4,85.8,27.2,30.2,90.1,4.19,7.54,55.6,0.05,0.03,0.02,0.03,0.35,4.19,0.14,0.00,5.81,Matchs
6,Himad Abdelli,dz ALG,"MT,AT",Angers,fr Ligue 1,22,1999,23.7,44.0,53.0,83.0,771.0,196.2,19.6,22.6,86.8,17.8,20.8,85.2,5.15,7.13,72.2,0.08,0.12,0.11,-0.04,1.52,5.23,1.10,0.34,6.37,Matchs
7,Salis Abdul Samed,gh GHA,MT,Lens,fr Ligue 1,22,2000,32.2,56.5,61.5,91.8,890.7,218.0,27.9,29.9,93.0,23.9,25.2,94.8,2.86,3.63,78.6,0.03,0.05,0.07,-0.02,0.53,5.65,0.53,0.09,5.12,Matchs
8,Laurent Abergel,fr FRA,MT,Lorient,fr Ligue 1,29,1993,26.0,50.3,57.0,88.2,857.2,291.5,22.8,24.6,92.7,21.6,23.7,91.1,4.27,6.15,69.4,0.04,0.05,0.04,-0.01,0.54,5.54,0.42,0.00,5.50,Matchs
9,Oliver Abildgaard,dk DEN,MT,Hellas Verona,it Serie A,26,1996,6.6,17.4,29.5,59.0,294.4,140.9,8.79,12.9,68.2,6.21,10.8,57.7,1.97,04.09,48.1,0.00,0.06,0.05,-0.06,0.91,2.58,0.45,0.30,2.27,Matchs
10,Matthis Abline,fr FRA,"AT,MT",Auxerre,fr Ligue 1,19,2003,9.0,7.67,11.7,65.7,131.9,26.1,2.67,4.00,66.7,3.89,4.89,79.5,0.56,1.22,45.5,0.11,0.08,0.03,0.03,0.56,0.78,0.33,0.11,0.89,Matchs
11,Matthis Abline,fr FRA,"AT,MT",Rennes,fr Ligue 1,19,2003,1.2,5.83,12.5,46.7,107.5,25.0,2.50,5.00,50.0,2.50,3.33,75.0,0.83,0.83,100.0,0.00,0.25,0.17,-0.25,1.67,0.83,0.83,0.00,1.67,Matchs
12,Abner,br BRA,DF,Betis,es La Liga,22,2000,6.7,37.6,52.4,71.8,580.0,235.5,19.4,22.2,87.2,14.0,20.0,70.1,2.39,6.27,38.1,0.00,0.01,0.07,-0.01,0.30,2.69,0.45,0.15,2.39,Matchs
13,Zakaria Aboukhlal,ma MAR,"AT,MT",Toulouse,fr Ligue 1,22,2000,27.5,20.9,28.3,74.1,274.1,72.5,13.6,16.3,83.4,5.75,7.56,76.0,0.44,01.05,41.4,0.18,0.12,0.10,0.06,0.80,01.09,0.80,0.15,2.62,Matchs
14,Tammy Abraham,eng ENG,AT,Roma,it Serie A,24,1997,24.3,14.1,21.1,66.7,204.3,51.4,8.15,10.7,76.2,4.20,6.71,62.6,0.99,1.48,66.7,0.12,0.15,0.12,-0.02,1.36,0.74,0.70,0.08,2.22,Matchs
15,Christian Acella,it ITA,MT,Cremonese,it Serie A,20,2002,0.2,45.0,45.0,100.0,645.0,20.0,25.0,25.0,100.0,20.0,20.0,100.0,0.00,0.00,,0.00,0.00,0.00,0.00,0.00,0.00,0.00,0.00,0.00,Matchs
16,Francesco Acerbi,it ITA,DF,Inter,it Serie A,34,1988,26.9,54.1,61.1,88.5,1005.0,300.7,20.3,22.1,91.8,27.4,29.8,91.9,5.54,7.51,73.8,0.07,0.04,0.04,0.03,0.59,3.20,0.52,0.11,3.72,Matchs
17,Álvaro Aceves,es ESP,GB,Valladolid,es La Liga,19,2003,0.1,70.0,80.0,87.5,1510.0,1130.0,20.0,20.0,100.0,40.0,40.0,100.0,10.0,20.0,50.0,0.00,0.00,0.00,0.00,0.00,0.00,0.00,0.00,0.00,Matchs
18,Mohamed Achi,fr FRA,AT,Nantes,fr Ligue 1,20,2002,0.4,45.0,52.5,85.7,685.0,190.0,17.5,17.5,100.0,25.0,30.0,83.3,0.00,2.50,0.0,0.00,0.00,0.00,0.00,2.50,2.50,0.00,0.00,7.50,Matchs
19,Marcos Acuña,ar ARG,DF,Sevilla,es La Liga,30,1991,21.2,45.8,61.7,74.2,849.9,330.0,21.0,23.5,89.4,17.9,23.2,77.4,06.04,12.3,49.2,0.09,0.20,0.27,-0.11,1.79,3.35,1.79,0.90,4.81,Matchs
20,Che Adams,sct SCO,AT,Southampton,eng Premier League,26,1996,22.1,14.9,22.5,66.3,210.5,47.1,9.28,12.6,73.7,3.53,5.34,66.1,1.18,1.67,70.3,0.14,0.13,0.10,0.01,01.09,0.95,0.50,0.09,1.54,Matchs
21,Tyler Adams,us USA,MT,Leeds United,eng Premier League,23,1999,24.0,46.2,56.0,82.5,691.3,210.9,25.3,28.6,88.5,16.3,19.2,84.8,2.63,4.46,58.9,0.00,0.06,0.04,-0.06,1.00,4.58,0.54,0.00,5.67,Matchs
22,Sargis Adamyan,am ARM,"AT,MT",Köln,de Bundesliga,29,1993,7.2,17.1,24.9,68.7,277.8,73.2,8.47,10.6,80.3,6.67,8.89,75.0,1.39,2.22,62.5,0.28,0.11,0.19,0.17,1.11,0.97,1.53,0.28,3.33,Matchs
23,Tosin Adarabioyo,eng ENG,DF,Fulham,eng Premier League,24,1997,23.2,45.9,56.0,82.0,975.1,365.4,11.4,13.2,86.3,28.1,31.7,88.8,5.86,9.61,61.0,0.00,0.02,0.02,-0.02,0.26,4.14,0.30,0.00,04.09,Matchs
24,Martin Adeline,fr FRA,"MT,AT",Reims,fr Ligue 1,18,2003,1.2,24.2,34.2,70.7,325.0,77.5,10.0,15.0,66.7,9.17,11.7,78.6,0.83,2.50,33.3,0.00,0.00,0.00,0.00,0.00,1.67,0.00,0.00,2.50,Matchs
25,Karim Adeyemi,de GER,"AT,MT",Dortmund,de Bundesliga,20,2002,15.4,21.8,29.7,73.3,286.3,83.0,12.8,15.8,81.1,6.30,8.12,77.6,0.84,1.75,48.1,0.32,0.24,0.24,0.08,1.82,1.10,1.62,0.00,03.05,Matchs
Clt,Joueur,Nation,Pos,Équipe,Comp,Âge,Naissance,90,Cmp,Att,Cmp%,TotDist,DistBut,Cmp,Att,Cmp%,Cmp,Att,Cmp%,Cmp,Att,Cmp%,PD,xAG,xA,A-xAG,PC,1/3,PPA,CntSR,PrgP,Matchs
26,Amine Adli,ma MAR,"AT,MT",Leverkusen,de Bundesliga,22,2000,15.9,26.9,35.5,75.6,367.6,86.4,15.1,18.6,81.1,8.68,10.4,83.1,1.13,2.14,52.9,0.19,0.11,0.12,0.08,1.26,1.64,0.63,0.00,03.08,Matchs
27,Yacine Adli,fr FRA,"MT,AT",Milan,it Serie A,22,2000,1.6,30.6,47.5,64.5,581.9,192.5,13.1,17.5,75.0,10.6,15.0,70.8,5.63,10.0,56.3,0.00,0.19,0.13,-0.19,1.25,3.75,1.25,0.00,6.25,Matchs
28,Michel Aebischer,ch SUI,"AT,MT",Bologna,it Serie A,25,1997,17.1,32.6,39.4,82.6,470.8,125.3,18.2,20.1,91.0,11.1,13.0,84.8,1.58,2.98,52.9,0.00,0.04,0.03,-0.04,0.88,2.16,0.41,0.06,2.69,Matchs
29,Felix Afena-Gyan,gh GHA,"AT,MT",Cremonese,it Serie A,19,2003,9.1,16.0,21.2,75.6,203.8,21.3,10.9,12.6,86.1,3.74,05.05,73.9,0.44,0.77,57.1,0.00,0.01,0.02,-0.01,0.33,0.33,0.00,0.00,0.88,Matchs
30,Emmanuel Agbadou,ci CIV,DF,Reims,fr Ligue 1,25,1997,26.5,48.3,56.3,85.8,1021.8,355.2,13.6,15.6,87.2,26.6,28.8,92.3,7.62,10.7,71.1,0.11,0.09,0.06,0.02,0.49,4.23,0.57,0.04,4.94,Matchs
31,Julen Agirrezabala,es ESP,GB,Athletic Club,es La Liga,21,2000,7.5,22.8,32.1,71.0,652.0,480.0,3.87,3.87,100.0,12.1,12.5,96.8,6.80,15.7,43.2,0.00,0.00,0.00,0.00,0.00,0.27,0.00,0.00,0.00,Matchs
32,Lucien Agoume,fr FRA,MT,Troyes,fr Ligue 1,20,2002,12.2,50.7,61.0,83.2,899.8,284.1,20.8,24.2,86.1,23.4,26.4,88.5,4.92,7.30,67.4,0.08,0.09,0.08,-0.01,0.98,05.08,1.23,0.16,7.62,Matchs
33,Felix Agu,de GER,"DF,AT",Werder Bremen,de Bundesliga,22,1999,0.5,32.0,50.0,64.0,598.0,288.0,8.00,10.0,80.0,18.0,20.0,90.0,4.00,12.0,33.3,0.00,0.20,0.20,-0.20,2.00,2.00,2.00,0.00,4.00,Matchs
34,Álvaro Aguado,es ESP,MT,Valladolid,es La Liga,26,1996,21.0,44.3,54.4,81.4,900.3,242.7,17.1,19.2,88.9,17.7,20.4,86.5,8.29,11.7,70.7,0.10,0.10,0.10,-0.01,1.67,5.29,0.52,0.10,6.62,Matchs
35,Kevin Agudelo,co COL,"MT,AT",Spezia,it Serie A,23,1998,23.7,22.4,31.0,72.2,332.7,111.0,12.4,14.7,84.5,7.30,9.54,76.5,1.27,2.28,55.6,0.04,0.13,0.11,-0.08,1.18,2.45,1.31,0.08,4.64,Matchs
36,Nayef Aguerd,ma MAR,DF,West Ham,eng Premier League,26,1996,17.7,33.8,43.1,78.5,689.4,301.2,12.7,13.8,91.8,16.2,18.9,85.7,4.63,9.55,48.5,0.00,0.03,0.02,-0.03,0.34,02.09,0.23,0.00,1.41,Matchs
37,Ruben Aguilar,fr FRA,DF,Monaco,fr Ligue 1,29,1993,13.0,53.5,65.2,82.2,841.0,347.3,27.1,30.3,89.3,22.4,26.4,84.8,2.77,5.23,52.9,0.00,0.07,0.09,-0.07,0.23,5.54,0.85,0.38,7.85,Matchs
38,Naouirou Ahamada,fr FRA,"MT,AT",Crystal Palace,eng Premier League,20,2002,1.0,37.0,46.0,80.4,550.0,179.0,19.0,23.0,82.6,15.0,17.0,88.2,1.00,3.00,33.3,0.00,0.10,0.00,-0.10,1.00,3.00,0.00,0.00,2.00,Matchs
39,Naouirou Ahamada,fr FRA,MT,Stuttgart,de Bundesliga,20,2002,15.5,29.0,34.1,84.9,449.4,106.5,14.4,15.6,92.1,12.1,13.2,91.7,1.35,2.58,52.5,0.13,0.08,0.06,0.05,0.97,2.45,0.45,0.13,3.61,Matchs
40,Amar Ahmed,se SWE,AT,Troyes,fr Ligue 1,18,2004,0.2,30.0,50.0,60.0,395.0,90.0,15.0,25.0,60.0,10.0,20.0,50.0,0.00,0.00,,0.00,0.00,0.00,0.00,0.00,0.00,0.00,0.00,5.00,Matchs
41,Jean-Eudes Aholou,ci CIV,MT,Strasbourg,fr Ligue 1,28,1994,14.4,31.0,41.1,75.5,517.4,146.5,14.4,17.7,81.2,12.4,16.0,77.8,2.64,4.72,55.9,0.07,0.06,0.09,0.01,0.63,3.68,0.76,0.07,3.47,Matchs
42,Joseph Aidoo,gh GHA,DF,Celta Vigo,es La Liga,26,1995,34.7,43.9,50.9,86.4,903.1,278.1,11.0,12.7,87.2,28.1,30.3,92.8,4.70,07.03,66.8,0.00,0.00,0.01,-0.00,0.06,2.39,0.12,0.00,2.74,Matchs
43,Ola Aina,ng NGA,DF,Torino,it Serie A,25,1996,9.7,41.4,56.1,73.9,693.3,263.3,21.6,23.9,90.5,13.4,17.8,75.1,4.95,9.59,51.6,0.10,0.22,0.20,-0.11,1.24,3.61,1.44,0.93,4.43,Matchs
44,Rayan Aït Nouri,dz ALG,DF,Wolves,eng Premier League,21,2001,12.0,39.2,48.2,81.3,589.9,196.1,22.3,25.0,89.3,14.1,17.1,82.4,1.67,2.67,62.5,0.00,0.08,0.07,-0.08,0.58,2.42,1.17,0.42,3.58,Matchs
45,Emanuel Aiwum,at AUT,DF,Cremonese,it Serie A,21,2000,18.4,35.1,44.4,79.1,588.0,201.8,16.1,18.0,89.5,16.0,19.0,84.2,2.17,5.27,41.2,0.00,0.02,0.04,-0.02,0.22,2.61,0.38,0.05,2.50,Matchs
46,Kristoffer Ajer,no NOR,DF,Brentford,eng Premier League,24,1998,8.5,30.5,40.6,75.1,527.1,222.0,15.4,18.7,82.4,12.0,15.1,79.7,2.71,4.71,57.5,0.00,0.00,0.01,0.00,0.12,2.35,0.35,0.12,3.65,Matchs
47,Ludovic Ajorque,fr FRA,AT,Strasbourg,fr Ligue 1,28,1994,8.6,20.7,29.7,69.8,304.0,46.2,12.0,15.9,75.2,6.40,9.19,69.6,1.28,1.86,68.8,0.00,0.10,0.09,-0.10,1.16,1.16,0.70,0.00,1.51,Matchs
48,Ludovic Ajorque,fr FRA,"AT,MT",Mainz 05,de Bundesliga,28,1994,13.5,18.0,30.7,58.6,263.0,45.4,11.3,17.1,66.2,04.07,7.70,52.9,1.63,02.07,78.6,0.07,0.13,0.12,-0.05,0.96,1.26,0.59,0.00,2.30,Matchs
49,Manuel Akanji,ch SUI,DF,Manchester City,eng Premier League,27,1995,25.4,75.3,80.9,93.0,1284.8,403.9,34.1,35.5,96.1,35.6,37.2,95.6,4.61,6.54,70.5,0.04,0.02,0.04,0.02,0.28,5.51,0.12,0.04,4.57,Matchs
50,Nathan Aké,nl NED,DF,Manchester City,eng Premier League,27,1995,20.8,78.8,87.2,90.4,1259.6,430.4,38.6,40.7,94.9,35.8,38.9,92.1,03.03,4.71,64.3,0.00,0.03,0.06,-0.03,0.43,7.93,0.43,0.05,6.73,Matchs
Clt,Joueur,Nation,Pos,Équipe,Comp,Âge,Naissance,90,Cmp,Att,Cmp%,TotDist,DistBut,Cmp,Att,Cmp%,Cmp,Att,Cmp%,Cmp,Att,Cmp%,PD,xAG,xA,A-xAG,PC,1/3,PPA,CntSR,PrgP,Matchs
51,Sergio Akieme,es ESP,DF,Almería,es La Liga,24,1997,25.5,32.2,41.6,77.4,522.1,196.5,16.9,19.0,88.7,12.4,15.1,81.6,02.04,05.02,40.6,0.00,0.08,0.09,-0.08,0.82,1.69,0.86,0.67,2.27,Matchs
52,Babatunde Akinsola,ng NGA,AT,Valladolid,es La Liga,19,2003,0.1,20.0,20.0,100.0,410.0,0.00,0.00,0.00,,20.0,20.0,100.0,0.00,0.00,,0.00,0.00,0.00,0.00,0.00,0.00,0.00,0.00,0.00,Matchs
53,Maghnes Akliouche,fr FRA,"MT,AT",Monaco,fr Ligue 1,20,2002,4.5,28.9,37.3,77.4,358.4,110.7,17.3,20.2,85.7,7.56,10.2,73.9,0.67,1.56,42.9,0.00,0.11,0.11,-0.11,1.33,2.67,1.11,0.00,3.56,Matchs
54,Paul Akouokou,ci CIV,"MT,DF",Betis,es La Liga,24,1997,5.0,32.0,34.8,92.0,534.0,129.0,14.2,14.6,97.3,13.2,13.8,95.7,2.80,3.60,77.8,0.00,0.00,0.02,0.00,0.00,2.60,0.20,0.00,2.00,Matchs
55,Jean-Daniel Akpa-Akpro,ci CIV,"MT,AT",Empoli,it Serie A,29,1992,15.1,20.0,26.9,74.4,291.3,110.7,11.1,13.3,83.1,6.36,7.81,81.4,1.19,2.38,50.0,0.07,0.07,0.08,0.00,0.40,1.59,0.60,0.13,2.58,Matchs
56,Kevin Akpoguma,ng NGA,DF,Hoffenheim,de Bundesliga,27,1995,21.7,37.5,47.2,79.5,708.8,273.3,12.7,14.7,86.2,20.1,22.8,88.3,3.82,7.47,51.2,0.00,0.02,0.04,-0.02,0.23,3.82,0.46,0.14,3.92,Matchs
57,David Alaba,at AUT,DF,Real Madrid,es La Liga,30,1992,20.4,51.1,58.3,87.6,747.9,268.4,29.5,30.7,96.0,16.7,19.0,87.6,2.60,4.85,53.5,0.15,0.05,0.06,0.09,0.78,3.33,0.44,0.20,3.28,Matchs
58,Ángel Alarcón,es ESP,AT,Barcelona,es La Liga,18,2004,0.3,,,,,,,,,,,,,,,0.00,,,,,,,,,Matchs
59,Tomás Alarcón,cl CHI,MT,Cádiz,es La Liga,23,1999,2.5,31.2,38.0,82.1,675.2,232.8,11.2,12.8,87.5,10.8,13.6,79.4,8.00,10.0,80.0,0.00,0.04,0.04,-0.04,0.80,4.40,0.40,0.00,3.60,Matchs
60,Lucas Alario,ar ARG,"AT,MT",Eint Frankfurt,de Bundesliga,29,1992,3.7,15.1,23.0,65.9,214.1,51.4,7.84,11.1,70.7,5.41,7.57,71.4,01.08,1.35,80.0,0.00,0.00,0.11,0.00,0.27,01.08,0.00,0.00,2.16,Matchs
61,Jordi Alba,es ESP,DF,Barcelona,es La Liga,33,1989,15.8,77.0,92.4,83.4,1211.5,347.5,42.3,46.1,91.8,27.9,33.0,84.6,4.94,8.80,56.1,0.19,0.39,0.42,-0.20,2.41,7.59,2.72,0.95,8.92,Matchs
62,Luis Alberto,es ESP,MT,Lazio,it Serie A,29,1992,27.1,60.5,73.4,82.5,935.0,320.7,33.4,36.4,91.8,20.7,23.8,86.7,4.28,8.78,48.7,0.26,0.26,0.23,0.00,2.44,7.75,02.07,0.04,9.15,Matchs
63,Raúl Albiol,es ESP,DF,Villarreal,es La Liga,36,1985,23.5,55.4,62.6,88.5,1194.6,453.9,13.7,14.9,92.0,32.2,34.5,93.3,9.15,12.2,74.9,0.00,0.00,0.02,0.00,0.09,4.17,0.21,0.00,4.26,Matchs
64,Marc Albrighton,eng ENG,"AT,MT",Leicester City,eng Premier League,32,1989,2.6,34.2,56.9,60.1,553.8,211.9,18.5,23.1,80.0,8.85,13.1,67.6,4.62,13.1,35.3,0.00,0.35,0.15,-0.35,2.31,2.31,1.92,0.77,2.69,Matchs
65,Thiago Alcántara,es ESP,MT,Liverpool,eng Premier League,31,1991,13.9,68.1,78.9,86.2,1238.8,358.8,31.2,33.5,92.9,24.9,28.2,88.3,9.78,12.4,79.1,0.00,0.08,0.09,-0.08,1.22,7.91,1.44,0.07,8.63,Matchs
66,Carlos Alcaraz,ar ARG,"MT,AT",Southampton,eng Premier League,19,2002,11.4,19.5,25.4,76.6,276.1,58.7,10.0,12.0,83.2,07.02,8.33,84.2,0.70,1.67,42.1,0.18,0.06,0.06,0.11,0.44,1.75,0.53,0.00,2.46,Matchs
67,Rubén Alcaraz,es ESP,MT,Cádiz,es La Liga,31,1991,22.7,36.4,46.1,79.1,727.6,212.8,14.6,17.0,85.8,15.0,17.1,87.6,06.08,9.65,63.0,0.00,0.06,0.05,-0.06,0.88,4.10,0.70,0.35,4.63,Matchs
68,Omar Alderete,py PAR,DF,Getafe,es La Liga,25,1996,22.7,22.4,38.6,58.0,495.7,253.0,6.74,9.60,70.2,11.5,15.5,74.1,4.14,11.8,35.1,0.04,0.04,0.04,0.01,0.22,03.04,0.53,0.00,4.23,Matchs
69,Iván Alejo,es ESP,"MT,AT",Cádiz,es La Liga,27,1995,14.6,15.0,26.8,55.9,233.5,75.9,8.77,11.8,74.0,3.77,7.60,49.5,1.64,4.18,39.3,0.07,0.16,0.11,-0.10,1.44,0.68,1.64,1.37,1.10,Matchs
70,Doğan Alemdar,tr TUR,GB,Rennes,fr Ligue 1,19,2002,4.5,21.1,32.2,65.5,619.1,488.7,4.44,4.44,100.0,10.4,10.4,100.0,6.22,17.1,36.4,0.00,0.02,0.00,-0.02,0.22,0.44,0.00,0.00,0.00,Matchs
71,Carles Aleñá,es ESP,"MT,AT",Getafe,es La Liga,24,1998,23.5,25.8,34.4,75.0,436.4,110.5,12.4,14.7,84.1,8.98,11.5,78.1,2.94,5.11,57.5,0.09,0.07,0.08,0.02,0.64,03.02,0.85,0.26,3.70,Matchs
72,Trent Alexander-Arnold,eng ENG,DF,Liverpool,eng Premier League,23,1998,32.5,67.3,89.6,75.1,1279.7,502.2,30.8,34.6,89.0,25.3,32.2,78.7,10.2,19.8,51.6,0.28,0.35,0.28,-0.08,2.18,7.35,2.52,0.86,7.23,Matchs
73,Alejandro Alfaro,es ESP,MT,Elche,es La Liga,20,2002,0.2,5.00,5.00,100.0,15.0,0.00,0.00,0.00,,0.00,0.00,,0.00,0.00,,0.00,0.00,0.00,0.00,0.00,0.00,0.00,0.00,0.00,Matchs
74,Ángel Algobia,es ESP,MT,Getafe,es La Liga,23,1999,12.6,33.3,41.3,80.6,593.6,125.0,14.2,16.7,84.8,13.7,15.6,87.8,4.13,6.51,63.4,0.00,0.05,0.02,-0.05,0.40,2.78,0.32,0.32,3.33,Matchs
75,Mohamed Ali Cho,fr FRA,"AT,MT",Real Sociedad,es La Liga,18,2004,6.5,16.6,25.4,65.5,231.7,62.6,11.1,12.6,87.8,4.15,8.15,50.9,0.77,2.62,29.4,0.31,0.26,0.25,0.05,01.08,0.92,1.54,01.08,1.23,Matchs
Clt,Joueur,Nation,Pos,Équipe,Comp,Âge,Naissance,90,Cmp,Att,Cmp%,TotDist,DistBut,Cmp,Att,Cmp%,Cmp,Att,Cmp%,Cmp,Att,Cmp%,PD,xAG,xA,A-xAG,PC,1/3,PPA,CntSR,PrgP,Matchs
76,Faride Alidou,de GER,"DF,MT",Eint Frankfurt,de Bundesliga,21,2001,2.0,37.0,50.5,73.3,582.0,205.0,19.0,20.5,92.7,16.5,23.0,71.7,1.00,4.50,22.2,0.50,0.25,0.15,0.25,1.50,4.00,3.50,1.50,8.00,Matchs
77,Alisson,br BRA,GB,Liverpool,eng Premier League,29,1992,37.0,33.5,39.3,85.4,784.9,505.3,8.30,8.35,99.4,17.8,18.0,98.6,7.38,12.7,58.2,0.03,0.01,0.00,0.02,0.03,0.43,0.00,0.00,0.08,Matchs
78,Jim Allevinah,ga GAB,"DF,AT",Clermont Foot,fr Ligue 1,27,1995,24.9,26.4,34.1,77.6,374.7,95.5,15.6,18.2,85.7,8.67,11.0,79.1,1.00,2.49,40.3,0.04,0.08,0.10,-0.04,0.72,1.49,0.56,0.36,2.37,Matchs
79,Dele Alli,eng ENG,MT,Everton,eng Premier League,26,1996,0.4,30.0,37.5,80.0,307.5,25.0,15.0,20.0,75.0,10.0,12.5,80.0,0.00,0.00,,0.00,0.00,0.00,0.00,0.00,5.00,0.00,0.00,2.50,Matchs
80,Domingos André Ribeiro Almeida,pt POR,MT,Valencia,es La Liga,22,2000,28.2,39.4,49.7,79.2,652.3,213.8,19.9,22.1,89.9,14.0,17.2,81.6,3.90,7.55,51.6,0.14,0.12,0.14,0.02,1.52,05.07,1.52,0.46,6.99,Matchs
81,Miguel Almirón,py PAR,AT,Newcastle Utd,eng Premier League,28,1994,27.7,29.3,35.5,82.6,388.2,95.9,18.5,20.5,90.5,08.05,9.96,80.8,01.05,1.44,72.5,0.07,0.12,0.11,-0.04,0.94,1.62,1.30,0.14,4.48,Matchs
82,Marcos Alonso,es ESP,DF,Barcelona,es La Liga,31,1990,13.0,68.9,77.3,89.2,1261.0,426.1,27.7,29.7,93.3,34.0,36.5,93.1,6.23,9.00,69.2,0.00,0.02,0.07,-0.02,0.46,5.38,0.69,0.31,5.46,Matchs
83,Mickaël Alphonse,gp GLP,DF,Ajaccio,fr Ligue 1,33,1989,15.1,29.7,45.4,65.3,518.8,226.0,13.0,15.7,83.1,12.6,18.0,69.9,2.98,8.81,33.8,0.00,0.05,0.06,-0.05,0.73,2.85,0.66,0.33,3.38,Matchs
84,Éder Álvarez Balanta,co COL,"MT,AT",Schalke 04,de Bundesliga,29,1993,2.6,24.6,35.0,70.3,475.8,156.9,08.08,11.2,72.4,13.1,15.0,87.2,3.46,6.92,50.0,0.00,0.12,0.08,-0.12,1.54,4.23,0.00,0.00,4.62,Matchs
85,Carlos Álvarez,es ESP,MT,Sevilla,es La Liga,18,2003,0.1,40.0,40.0,100.0,470.0,0.00,20.0,20.0,100.0,10.0,10.0,100.0,0.00,0.00,,0.00,0.00,0.00,0.00,0.00,0.00,0.00,0.00,0.00,Matchs
86,Gastón Álvarez,uy URU,DF,Getafe,es La Liga,22,2000,16.7,21.0,34.7,60.4,349.7,184.3,10.5,12.5,84.2,8.14,13.7,59.6,1.80,6.17,29.1,0.00,0.01,0.02,-0.01,0.24,1.62,0.24,0.18,2.28,Matchs
87,Julián Álvarez,ar ARG,"AT,MT",Manchester City,eng Premier League,22,2000,16.3,24.2,30.9,78.5,335.7,54.3,14.2,16.6,85.9,6.32,8.28,76.3,1.72,2.64,65.1,0.00,0.11,0.10,-0.11,1.10,1.35,0.80,0.12,2.27,Matchs
88,Agustín Álvarez Martínez,uy URU,"AT,MT",Sassuolo,it Serie A,21,2001,4.1,16.6,20.5,81.0,229.8,43.7,10.5,12.7,82.7,3.17,4.15,76.5,1.46,1.95,75.0,0.24,0.10,0.07,0.15,0.49,0.98,0.49,0.00,1.46,Matchs
89,Yeray Álvarez,es ESP,DF,Athletic Club,es La Liga,27,1995,25.9,43.4,53.7,80.7,915.7,349.0,13.8,15.6,88.4,23.0,25.9,88.8,6.29,11.1,56.8,0.04,0.04,0.03,-0.00,0.54,5.29,0.42,0.15,5.87,Matchs
90,Ibrahim Amadou,fr FRA,"DF,MT",Angers,fr Ligue 1,29,1993,4.7,34.3,40.4,84.7,642.8,262.6,10.9,11.9,91.1,19.8,21.1,93.9,2.77,5.32,52.0,0.00,0.02,0.00,-0.02,0.21,0.85,0.00,0.00,01.06,Matchs
91,Selim Amallah,ma MAR,"MT,AT",Valladolid,es La Liga,25,1996,3.0,21.0,27.7,75.9,343.3,89.3,10.0,12.7,78.9,7.67,10.0,76.7,2.00,2.67,75.0,0.33,0.10,0.07,0.23,1.00,2.33,0.67,0.00,3.33,Matchs
92,Daniel Amartey,gh GHA,DF,Leicester City,eng Premier League,27,1994,17.9,56.7,62.2,91.1,978.0,368.2,24.7,26.4,93.4,27.8,29.4,94.7,3.46,05.08,68.1,0.00,0.03,0.02,-0.03,0.28,3.24,0.06,0.00,3.69,Matchs
93,Amath,sn SEN,"MT,AT",Mallorca,es La Liga,26,1996,13.6,15.8,22.0,71.9,197.9,52.1,10.8,12.8,84.5,03.01,4.71,64.1,0.66,1.40,47.4,0.00,0.06,0.04,-0.06,0.15,0.96,0.37,0.22,1.18,Matchs
94,Jordan Amavi,fr FRA,DF,Getafe,es La Liga,28,1994,2.2,23.2,43.6,53.1,354.1,169.1,12.7,17.7,71.8,8.18,16.4,50.0,1.36,5.00,27.3,0.00,0.00,0.00,0.00,0.00,0.91,0.00,0.00,2.27,Matchs
95,Lukáš Ambros,cz CZE,MT,Wolfsburg,de Bundesliga,18,2004,0.2,15.0,15.0,100.0,215.0,20.0,10.0,10.0,100.0,5.00,5.00,100.0,0.00,0.00,,0.00,0.00,0.00,0.00,0.00,0.00,0.00,0.00,0.00,Matchs
96,Kelvin Amian,fr FRA,DF,Spezia,it Serie A,24,1998,26.4,31.4,42.0,74.8,505.3,220.9,15.7,18.2,86.1,12.3,15.9,77.3,2.23,4.96,45.0,0.04,0.09,0.08,-0.05,0.68,03.03,0.72,0.38,3.86,Matchs
97,Bruno Amione,ar ARG,DF,Hellas Verona,it Serie A,20,2002,0.6,18.3,26.7,68.8,278.3,66.7,10.0,10.0,100.0,8.33,11.7,71.4,0.00,3.33,0.0,0.00,0.00,0.00,0.00,0.00,0.00,0.00,0.00,0.00,Matchs
98,Bruno Amione,ar ARG,DF,Sampdoria,it Serie A,20,2002,23.2,35.4,44.5,79.6,618.0,253.2,14.5,16.6,87.3,17.8,20.6,86.2,2.54,05.04,50.4,0.04,0.03,0.03,0.02,0.13,1.64,0.13,0.04,2.33,Matchs
99,Nadiem Amiri,de GER,"MT,AT",Leverkusen,de Bundesliga,25,1996,10.9,38.8,46.5,83.4,639.3,161.4,19.4,21.4,91.0,13.7,15.4,88.7,4.13,6.24,66.2,0.09,0.10,0.17,-0.01,1.38,3.49,0.83,0.09,05.05,Matchs
100,Samuel Amo-Ameyaw,eng ENG,MT,Southampton,eng Premier League,16,2006,0.0,5,6,83.3,74,11,0,1,0.0,3,3,100.0,0,0,,0,0.0,0.0,0.0,1,2,0,0,1,Matchs
Clt,Joueur,Nation,Pos,Équipe,Comp,Âge,Naissance,90,Cmp,Att,Cmp%,TotDist,DistBut,Cmp,Att,Cmp%,Cmp,Att,Cmp%,Cmp,Att,Cmp%,PD,xAG,xA,A-xAG,PC,1/3,PPA,CntSR,PrgP,Matchs
101,Ethan Ampadu,wls WAL,"DF,MT",Spezia,it Serie A,21,2000,29.3,42.8,52.8,81.0,814.2,325.2,16.2,18.4,88.1,21.5,24.1,89.3,4.57,8.63,53.0,0.03,0.04,0.03,-0.00,0.44,3.62,0.48,0.14,4.27,Matchs
102,Sofyan Amrabat,ma MAR,MT,Fiorentina,it Serie A,25,1996,22.2,59.6,67.1,88.8,1203.5,321.9,20.3,22.7,89.3,28.6,30.5,93.9,9.77,11.6,84.1,0.05,0.05,0.07,-0.00,0.54,7.12,01.04,0.45,7.93,Matchs
103,Ayoub Amraoui,ma MAR,"DF,AT",Nice,fr Ligue 1,18,2004,3.3,47.0,56.1,83.8,677.9,193.3,25.2,26.1,96.5,17.0,20.3,83.6,1.82,4.55,40.0,0.00,0.03,0.03,-0.03,0.61,03.03,0.61,0.61,3.94,Matchs
104,Joachim Andersen,dk DEN,DF,Crystal Palace,eng Premier League,26,1996,30.9,50.5,63.8,79.2,1180.4,450.2,11.2,12.7,88.5,30.0,32.6,92.1,09.09,17.3,52.6,0.00,0.04,0.03,-0.04,0.39,4.95,0.26,0.03,3.40,Matchs
105,Elliot Anderson,sct SCO,"MT,AT",Newcastle Utd,eng Premier League,19,2002,4.6,32.6,43.0,75.8,444.1,130.2,19.6,22.6,86.5,9.57,12.2,78.6,01.09,2.17,50.0,0.22,0.28,0.33,-0.07,1.96,3.26,0.87,0.00,5.22,Matchs
106,Felipe Anderson,br BRA,AT,Lazio,it Serie A,29,1993,32.9,33.2,42.9,77.5,462.1,102.9,20.2,23.7,85.3,10.1,12.6,79.6,1.49,2.61,57.0,0.06,0.15,0.13,-0.09,1.43,1.85,1.43,0.18,3.47,Matchs
107,Benjamin André,fr FRA,MT,Lille,fr Ligue 1,31,1990,32.4,59.9,71.7,83.6,1084.3,355.8,25.2,28.9,87.3,25.0,28.3,88.3,7.35,10.3,71.0,0.03,0.06,0.07,-0.02,0.65,9.17,0.74,0.00,9.54,Matchs
108,Marcos André,br BRA,"AT,MT",Valencia,es La Liga,25,1996,5.0,8.60,12.8,67.2,126.2,32.0,4.20,6.40,65.6,3.60,4.60,78.3,0.20,0.80,25.0,0.00,0.08,0.04,-0.08,0.80,0.80,0.20,0.00,1.40,Matchs
109,Komnen Andrić,rs SRB,AT,Clermont Foot,fr Ligue 1,27,1995,16.1,19.9,26.6,74.8,298.5,42.7,10.8,14.2,76.0,06.09,7.70,79.0,1.49,1.74,85.7,0.19,0.06,0.05,0.13,0.93,1.37,0.37,0.00,1.68,Matchs
110,Robert Andrich,de GER,MT,Leverkusen,de Bundesliga,27,1994,26.7,45.6,54.5,83.7,745.2,215.7,22.2,25.3,88.0,18.6,21.8,85.4,03.07,4.61,66.7,0.07,0.04,0.03,0.03,0.67,2.88,0.41,0.07,3.71,Matchs
111,Angeliño,es ESP,DF,Hoffenheim,de Bundesliga,25,1997,29.1,34.8,53.1,65.5,663.1,274.6,14.6,17.2,84.6,14.9,21.2,70.3,4.91,11.6,42.2,0.27,0.25,0.26,0.03,1.72,2.82,1.79,1.00,3.71,Matchs
112,Fabrizio Angileri,ar ARG,DF,Getafe,es La Liga,28,1994,6.5,23.5,40.0,58.8,430.8,144.0,10.3,13.4,77.0,10.0,16.8,59.6,2.62,6.46,40.5,0.00,0.00,0.02,0.00,0.00,2.00,0.15,0.00,2.46,Matchs
113,Jaidon Anthony,eng ENG,"MT,AT",Bournemouth,eng Premier League,22,1999,14.0,27.6,37.6,73.6,415.6,115.0,16.1,18.4,87.5,7.86,10.7,73.3,2.21,4.50,49.2,0.07,0.07,0.08,0.00,0.86,1.71,1.36,0.50,3.50,Matchs
114,Janis Antiste,fr FRA,AT,Sassuolo,it Serie A,19,2002,0.6,21.7,30.0,72.2,265.0,71.7,13.3,18.3,72.7,6.67,8.33,80.0,0.00,1.67,0.0,0.00,0.00,0.00,0.00,0.00,0.00,0.00,0.00,1.67,Matchs
115,Waldemar Anton,de GER,DF,Stuttgart,de Bundesliga,26,1996,32.6,50.0,63.2,79.1,982.0,372.9,16.5,19.3,85.7,28.0,32.0,87.5,5.12,9.94,51.5,0.06,0.04,0.04,0.02,0.31,3.44,0.49,0.12,4.14,Matchs
116,Josep Antoni Gayá,es ESP,"DF,MT",Mallorca,es La Liga,22,2000,1.1,5.45,6.36,85.7,87.3,30.9,2.73,2.73,100.0,2.73,2.73,100.0,0.00,0.00,,0.00,0.00,0.00,0.00,0.00,0.00,0.00,0.00,0.00,Matchs
117,José Antonio,es ESP,"MT,DF",Cádiz,es La Liga,18,2004,0.5,16.0,20.0,80.0,196.0,100.0,12.0,12.0,100.0,4.00,4.00,100.0,0.00,2.00,0.0,2.00,0.00,0.00,2.00,2.00,4.00,2.00,0.00,6.00,Matchs
118,Marcos Antônio,br BRA,MT,Lazio,it Serie A,22,2000,6.6,57.6,63.6,90.5,839.5,209.2,34.1,35.8,95.3,17.9,19.7,90.8,3.33,4.55,73.3,0.15,0.05,0.05,0.11,0.45,06.06,0.30,0.00,3.79,Matchs
119,Michail Antonio,jm JAM,AT,West Ham,eng Premier League,32,1990,20.3,9.16,17.1,53.4,131.2,24.7,5.62,8.28,67.9,2.71,5.32,50.9,0.59,1.53,38.7,0.15,0.06,0.04,0.08,0.74,0.59,0.39,0.10,1.33,Matchs
120,Antony,br BRA,AT,Manchester Utd,eng Premier League,22,2000,20.0,32.5,41.0,79.5,424.9,95.8,21.9,24.8,88.7,7.30,9.85,74.1,1.55,2.55,60.8,0.10,0.14,0.12,-0.04,1.40,1.45,1.65,0.10,3.70,Matchs
121,Valentin Antov,bg BUL,DF,Monza,it Serie A,21,2000,3.4,59.1,67.4,87.8,1037.9,446.5,25.0,27.4,91.4,26.5,28.8,91.8,5.59,8.82,63.3,0.00,0.00,0.03,0.00,0.29,3.53,0.59,0.00,4.12,Matchs
122,Christopher Antwi-Adjei,gh GHA,"AT,MT",Bochum,de Bundesliga,28,1994,22.0,19.6,32.4,60.7,311.7,117.1,10.6,13.0,81.5,6.59,11.0,59.7,1.68,5.27,31.9,0.27,0.17,0.17,0.10,1.50,0.77,1.36,0.68,1.64,Matchs
123,Anuar,ma MAR,"MT,AT",Valladolid,es La Liga,27,1995,2.3,13.0,17.4,75.0,157.8,49.6,7.83,10.0,78.3,3.91,4.35,90.0,0.00,0.00,,0.00,0.22,0.00,-0.22,1.74,1.30,0.00,0.00,1.30,Matchs
124,Houssem Aouar,dz ALG,MT,Lyon,fr Ligue 1,24,1998,5.8,51.6,63.8,80.8,807.2,187.8,27.6,30.9,89.4,17.4,21.9,79.5,4.14,6.21,66.7,0.17,0.19,0.14,-0.02,01.03,6.38,0.69,0.00,6.38,Matchs
125,Adil Aouchiche,fr FRA,MT,Lorient,fr Ligue 1,20,2002,2.8,41.1,55.0,74.7,703.2,237.5,20.0,22.1,90.3,14.6,18.2,80.4,4.29,10.7,40.0,0.00,0.04,0.04,-0.04,0.36,5.36,01.07,0.00,8.21,Matchs
Clt,Joueur,Nation,Pos,Équipe,Comp,Âge,Naissance,90,Cmp,Att,Cmp%,TotDist,DistBut,Cmp,Att,Cmp%,Cmp,Att,Cmp%,Cmp,Att,Cmp%,PD,xAG,xA,A-xAG,PC,1/3,PPA,CntSR,PrgP,Matchs
126,Dennis Appiah,fr FRA,"DF,MT",Nantes,fr Ligue 1,30,1992,8.8,38.5,53.2,72.4,635.2,249.5,17.3,21.7,79.6,17.5,23.2,75.5,2.50,06.02,41.5,0.00,0.02,0.03,-0.02,0.45,3.41,0.80,0.45,4.43,Matchs
127,Stredair Appuah,fr FRA,"DF,MT",Nantes,fr Ligue 1,18,2004,0.7,27.1,38.6,70.4,374.3,74.3,15.7,17.1,91.7,7.14,10.0,71.4,1.43,4.29,33.3,0.00,0.29,0.14,-0.29,4.29,0.00,1.43,0.00,4.29,Matchs
128,Mauro Arambarri,uy URU,MT,Getafe,es La Liga,26,1995,11.0,29.6,38.3,77.4,595.4,186.4,10.2,11.6,87.5,13.6,16.1,84.7,5.27,9.00,58.6,0.09,0.14,0.15,-0.05,1.36,2.91,0.36,0.18,3.00,Matchs
129,Charles Aránguiz,cl CHI,MT,Leverkusen,de Bundesliga,33,1989,5.5,45.1,56.5,79.7,673.8,220.2,24.7,28.0,88.3,15.3,17.5,87.5,2.73,07.09,38.5,0.00,0.04,0.04,-0.04,0.55,3.82,0.55,0.00,5.82,Matchs
130,Ronald Araújo,uy URU,DF,Barcelona,es La Liga,23,1999,20.0,57.0,64.3,88.5,1088.1,366.2,20.3,21.6,93.8,30.4,32.6,93.4,5.50,8.70,63.2,0.10,0.04,0.03,0.06,0.30,4.75,0.15,0.05,3.95,Matchs
131,Cameron Archer,eng ENG,"AT,MT",Aston Villa,eng Premier League,21,2001,0.5,16.0,24.0,66.7,216.0,88.0,10.0,10.0,100.0,6.00,10.0,60.0,0.00,0.00,,0.00,0.00,0.00,0.00,0.00,4.00,0.00,0.00,0.00,Matchs
132,Taïryk Arconte,fr FRA,AT,Brest,fr Ligue 1,18,2003,1.4,7.14,12.1,58.8,92.1,22.9,4.29,6.43,66.7,2.14,3.57,60.0,0.00,0.71,0.0,0.00,0.07,0.00,-0.07,1.43,0.00,0.00,0.00,0.71,Matchs
133,Alphonse Areola,fr FRA,GB,West Ham,eng Premier League,29,1993,3.4,19.7,27.1,72.8,510.9,389.1,7.35,7.35,100.0,6.47,6.47,100.0,5.59,12.6,44.2,0.00,0.00,0.00,0.00,0.00,0.00,0.00,0.00,0.00,Matchs
134,Adu Ares,es ESP,"AT,MT",Athletic Club,es La Liga,20,2001,0.9,46.7,56.7,82.4,826.7,152.2,25.6,30.0,85.2,11.1,13.3,83.3,7.78,8.89,87.5,0.00,0.22,0.22,-0.22,3.33,4.44,3.33,3.33,4.44,Matchs
135,Joe Aribo,ng NGA,"MT,AT",Southampton,eng Premier League,26,1996,13.6,20.6,28.3,72.7,264.0,66.7,13.8,17.6,77.9,4.85,6.40,75.9,0.66,0.88,75.0,0.00,0.06,0.04,-0.06,0.66,1.47,0.66,0.00,2.87,Matchs
136,Adam Armstrong,eng ENG,"AT,MT",Southampton,eng Premier League,25,1997,14.8,14.9,20.4,72.8,218.6,39.5,8.11,9.86,82.2,4.80,06.01,79.8,0.88,1.55,56.5,0.07,0.09,0.05,-0.02,0.74,0.88,0.68,0.14,01.08,Matchs
137,Stuart Armstrong,sct SCO,"MT,AT",Southampton,eng Premier League,30,1992,15.6,34.0,43.3,78.6,515.4,142.6,19.0,21.9,86.8,12.1,14.5,83.6,1.86,3.53,52.7,0.06,0.14,0.18,-0.08,1.15,03.01,02.05,0.45,4.81,Matchs
138,Marko Arnautović,at AUT,AT,Bologna,it Serie A,33,1989,17.0,19.3,27.5,70.2,278.6,47.0,10.6,13.8,76.9,6.24,8.12,76.8,1.00,1.88,53.1,0.00,0.11,0.08,-0.11,1.29,1.00,0.82,0.06,2.12,Matchs
139,Maximilian Arnold,de GER,MT,Wolfsburg,de Bundesliga,28,1994,30.7,41.3,53.5,77.3,913.8,284.2,11.7,13.2,88.9,21.0,24.1,87.0,08.05,14.6,55.1,0.10,0.16,0.16,-0.06,1.40,3.75,0.62,0.07,4.89,Matchs
140,Mohamed El Arouch,fr FRA,MT,Lyon,fr Ligue 1,18,2004,0.0,1,2,50.0,17,9,0,0,,1,1,100.0,0,1,0.0,0,0.0,0.0,0.0,0,1,0,0,1,Matchs
141,Sergio Arribas,es ESP,"MT,AT",Real Madrid,es La Liga,20,2001,0.2,45.0,55.0,81.8,655.0,175.0,30.0,30.0,100.0,15.0,25.0,60.0,0.00,0.00,,0.00,0.00,0.00,0.00,5.00,5.00,5.00,0.00,10.0,Matchs
142,Kepa Arrizabalaga,es ESP,GB,Chelsea,eng Premier League,27,1994,28.5,30.6,36.7,83.3,677.2,401.7,10.1,10.1,99.3,13.7,13.9,98.7,6.67,12.5,53.2,0.00,0.00,0.00,0.00,0.00,0.21,0.00,0.00,0.00,Matchs
143,Roberto Arroyo,es ESP,MT,Valladolid,es La Liga,18,2003,0.2,0.00,25.0,0.0,0.00,0.00,0.00,0.00,,0.00,0.00,,0.00,5.00,0.0,0.00,0.00,0.00,0.00,0.00,0.00,0.00,0.00,0.00,Matchs
144,Tolgay Arslan,de GER,MT,Udinese,it Serie A,31,1990,13.5,35.9,44.8,80.2,648.1,194.7,16.9,19.3,87.4,12.5,14.8,84.5,5.26,7.48,70.3,0.00,0.12,0.12,-0.12,1.11,3.78,1.41,0.30,5.70,Matchs
145,Ricard Artero,es ESP,"MT,AT",Girona,es La Liga,19,2003,1.5,24.7,31.3,78.7,287.3,56.7,18.7,21.3,87.5,3.33,4.00,83.3,0.67,1.33,50.0,0.00,0.00,0.07,0.00,0.00,1.33,0.00,0.00,2.00,Matchs
146,Arthur,br BRA,AT,Fiorentina,it Serie A,24,1998,15.9,11.5,17.0,67.5,149.4,26.2,7.42,9.75,76.1,2.58,3.27,78.8,0.57,0.88,64.3,0.06,0.05,0.06,0.01,0.88,0.19,0.44,0.00,1.32,Matchs
147,Santiago Arzamendia,py PAR,"DF,MT",Cádiz,es La Liga,24,1998,5.4,27.8,41.9,66.4,452.2,189.8,14.8,17.4,85.1,10.0,13.5,74.0,02.04,6.67,30.6,0.00,0.09,0.04,-0.09,1.11,2.59,0.56,0.00,3.15,Matchs
148,Takuma Asano,jp JPN,"AT,MT",Bochum,de Bundesliga,27,1994,19.0,12.5,18.0,69.3,173.8,50.9,7.74,9.63,80.3,3.79,5.16,73.5,0.42,1.21,34.8,0.16,0.11,0.11,0.05,1.16,0.95,0.95,0.37,1.79,Matchs
149,Santiago Ascacíbar,ar ARG,MT,Cremonese,it Serie A,25,1997,8.1,44.2,53.7,82.3,753.1,270.2,22.5,25.6,87.9,16.7,17.9,93.1,4.20,6.91,60.7,0.00,0.05,0.06,-0.05,0.99,6.17,0.86,0.25,05.06,Matchs
150,Sergio Asenjo,es ESP,GB,Valladolid,es La Liga,33,1989,10.0,23.3,35.3,66.0,721.8,513.8,3.30,3.30,100.0,10.7,11.2,95.5,9.10,20.3,44.8,0.00,0.00,0.00,0.00,0.00,0.40,0.00,0.00,0.00,Matchs
Clt,Joueur,Nation,Pos,Équipe,Comp,Âge,Naissance,90,Cmp,Att,Cmp%,TotDist,DistBut,Cmp,Att,Cmp%,Cmp,Att,Cmp%,Cmp,Att,Cmp%,PD,xAG,xA,A-xAG,PC,1/3,PPA,CntSR,PrgP,Matchs
151,Marco Asensio,es ESP,"AT,MT",Real Madrid,es La Liga,26,1996,16.0,40.6,50.1,81.0,618.8,140.5,23.6,25.9,91.1,11.7,13.9,84.2,3.50,6.38,54.9,0.38,0.31,0.26,0.07,2.56,3.75,1.63,0.38,4.38,Matchs
152,Kristoffer Askildsen,no NOR,MT,Lecce,it Serie A,21,2001,8.1,20.4,33.2,61.3,366.0,125.6,9.88,14.4,68.4,6.42,9.88,65.0,2.96,5.93,50.0,0.00,0.04,0.05,-0.04,0.86,2.47,0.25,0.00,2.96,Matchs
153,Fisnik Asllani,xk KVX,AT,Hoffenheim,de Bundesliga,19,2002,1.9,19.5,33.2,58.7,202.1,32.6,14.7,22.6,65.1,2.63,3.68,71.4,0.00,0.00,,0.00,0.11,0.05,-0.11,1.58,0.53,0.00,0.00,0.53,Matchs
154,Kristjan Asllani,al ALB,MT,Inter,it Serie A,20,2002,6.6,60.9,69.2,88.0,1144.5,307.4,28.5,29.1,97.9,22.4,24.4,91.9,9.24,14.1,65.6,0.00,0.14,0.15,-0.14,1.67,04.09,0.91,0.15,4.39,Matchs
155,Iago Aspas,es ESP,AT,Celta Vigo,es La Liga,34,1987,31.9,29.3,38.5,76.3,459.2,106.0,16.2,19.6,82.7,8.62,11.1,77.9,2.85,4.11,69.5,0.09,0.18,0.17,-0.08,2.60,2.82,1.47,0.06,05.08,Matchs
156,Lorenz Assignon,tg TOG,DF,Rennes,fr Ligue 1,22,2000,2.9,43.8,53.4,81.9,734.1,202.4,20.7,24.8,83.3,20.7,24.1,85.7,02.07,3.79,54.5,0.34,0.10,0.10,0.24,0.34,2.76,0.00,0.00,3.79,Matchs
157,Youcef Atal,dz ALG,"DF,MT",Nice,fr Ligue 1,26,1996,8.7,46.9,58.5,80.2,715.9,205.7,26.7,30.1,88.5,15.1,18.0,83.4,3.79,7.36,51.6,0.00,0.15,0.20,-0.15,1.26,3.22,1.84,0.80,4.48,Matchs
158,Valentin Atangana Edoa,fr FRA,MT,Reims,fr Ligue 1,16,2005,1.9,21.6,25.3,85.4,342.1,94.7,10.5,12.1,87.0,9.47,9.47,100.0,0.53,2.11,25.0,0.00,0.11,0.11,-0.11,1.58,2.11,0.53,0.53,2.63,Matchs
159,Pierre-Emerick Aubameyang,ga GAB,AT,Chelsea,eng Premier League,33,1989,6.2,13.2,17.9,73.9,169.8,32.7,09.03,11.3,80.0,3.55,4.19,84.6,0.32,0.65,50.0,0.00,0.06,0.03,-0.06,0.65,0.32,0.32,0.16,0.48,Matchs
160,Pierre-Emerick Aubameyang,ga GAB,AT,Barcelona,es La Liga,33,1989,0.1,30.0,30.0,100.0,590.0,260.0,0.00,0.00,,30.0,30.0,100.0,0.00,0.00,,0.00,0.00,0.00,0.00,0.00,0.00,0.00,0.00,0.00,Matchs
161,Emil Audero,it ITA,GB,Sampdoria,it Serie A,25,1997,25.0,24.7,36.8,67.1,772.8,569.4,3.64,3.64,100.0,9.84,9.92,99.2,11.2,22.9,48.8,0.00,0.00,0.00,0.00,0.00,0.64,0.00,0.00,0.00,Matchs
162,Tommaso Augello,it ITA,DF,Sampdoria,it Serie A,27,1994,34.0,37.7,52.2,72.3,643.7,280.3,18.0,20.6,87.4,15.6,21.1,74.2,3.35,6.94,48.3,0.15,0.11,0.11,0.03,1.26,2.47,1.32,0.82,3.50,Matchs
163,Ludwig Augustinsson,se SWE,DF,Aston Villa,eng Premier League,28,1994,0.9,28.9,47.8,60.5,467.8,195.6,14.4,17.8,81.3,11.1,17.8,62.5,2.22,8.89,25.0,0.00,0.00,0.00,0.00,0.00,0.00,0.00,0.00,0.00,Matchs
164,Ludwig Augustinsson,se SWE,DF,Mallorca,es La Liga,28,1994,1.5,32.7,46.7,70.0,484.7,182.7,21.3,23.3,91.4,8.67,15.3,56.5,1.33,6.67,20.0,0.00,0.00,0.07,0.00,0.67,0.67,1.33,1.33,3.33,Matchs
165,Serge Aurier,ci CIV,DF,Nott'ham Forest,eng Premier League,29,1992,21.6,30.9,43.7,70.7,471.4,203.4,17.3,21.0,82.2,10.9,15.4,70.9,1.90,4.35,43.6,0.00,0.05,0.04,-0.05,0.46,02.04,0.60,0.28,3.29,Matchs
166,Mathias Autret,fr FRA,"MT,AT",Auxerre,fr Ligue 1,31,1991,14.3,31.5,41.7,75.5,649.4,198.3,12.0,14.3,84.3,12.2,15.3,79.9,6.43,9.79,65.7,0.14,0.14,0.14,0.00,1.89,4.27,1.12,0.28,5.38,Matchs
167,Ezequiel Ávila,ar ARG,"AT,MT",Osasuna,es La Liga,28,1994,19.0,15.1,27.7,54.6,314.9,79.0,6.89,9.74,70.8,4.58,7.95,57.6,3.26,7.32,44.6,0.11,0.09,0.11,0.01,0.95,1.26,1.32,0.74,02.05,Matchs
168,Cédric Avinel,gp GLP,DF,Ajaccio,fr Ligue 1,35,1986,19.9,30.5,35.9,85.0,603.2,206.4,8.74,9.75,89.7,17.4,19.5,89.2,3.57,5.43,65.7,0.00,0.00,0.01,0.00,0.00,0.65,0.00,0.00,1.56,Matchs
169,Taiwo Awoniyi,ng NGA,AT,Nott'ham Forest,eng Premier League,24,1997,15.6,9.17,14.3,64.1,107.4,19.2,6.15,8.53,72.2,2.18,3.33,65.4,0.13,0.51,25.0,0.06,0.07,0.02,-0.01,0.64,0.38,0.13,0.00,0.77,Matchs
170,Yasin Ayari,se SWE,MT,Brighton,eng Premier League,18,2003,0.7,28.6,32.9,87.0,551.4,190.0,14.3,17.1,83.3,8.57,8.57,100.0,5.71,5.71,100.0,0.00,0.14,0.43,-0.14,2.86,5.71,1.43,0.00,2.86,Matchs
171,Mehmet Aydin,de GER,"DF,AT",Schalke 04,de Bundesliga,20,2002,6.3,28.3,44.4,63.6,492.7,200.0,14.0,17.8,78.6,11.4,16.7,68.6,2.38,5.56,42.9,0.00,0.13,0.05,-0.13,0.63,02.06,0.79,0.48,2.38,Matchs
172,André Ayew,gh GHA,"AT,MT",Nott'ham Forest,eng Premier League,32,1989,3.5,15.1,20.9,72.6,196.0,41.7,10.9,13.1,82.6,3.71,6.00,61.9,0.00,0.29,0.0,0.00,0.00,0.00,0.00,0.29,0.86,0.29,0.00,3.14,Matchs
173,Jordan Ayew,gh GHA,"AT,MT",Crystal Palace,eng Premier League,30,1991,30.2,22.4,29.0,77.3,288.4,56.5,14.4,16.4,87.7,6.36,8.15,78.0,0.50,1.32,37.5,0.10,0.11,0.09,-0.01,01.03,1.13,0.63,0.20,02.09,Matchs
174,Kaan Ayhan,tr TUR,DF,Sassuolo,it Serie A,27,1994,6.1,47.2,54.4,86.7,983.6,279.0,13.8,14.3,96.6,25.2,27.4,92.2,7.87,11.8,66.7,0.00,0.00,0.00,0.00,0.00,3.28,0.00,0.00,2.46,Matchs
175,Luke Ayling,eng ENG,DF,Leeds United,eng Premier League,30,1991,22.8,34.5,49.6,69.4,549.3,273.5,19.3,22.3,86.4,11.7,16.4,71.4,2.72,6.80,40.0,0.04,0.09,0.10,-0.04,0.53,2.68,0.79,0.44,3.38,Matchs
Clt,Joueur,Nation,Pos,Équipe,Comp,Âge,Naissance,90,Cmp,Att,Cmp%,TotDist,DistBut,Cmp,Att,Cmp%,Cmp,Att,Cmp%,Cmp,Att,Cmp%,PD,xAG,xA,A-xAG,PC,1/3,PPA,CntSR,PrgP,Matchs
176,Ayman Azhil,ma MAR,MT,Leverkusen,de Bundesliga,21,2001,0.0,0,0,,0,0,0,0,,0,0,,0,0,,0,0.0,0.0,0.0,0,0,0,0,0,Matchs
177,Sardar Azmoun,ir IRN,"AT,MT",Leverkusen,de Bundesliga,27,1995,10.3,15.7,24.0,65.6,230.4,81.9,8.64,12.6,68.5,3.98,5.44,73.2,1.46,1.94,75.0,0.10,0.24,0.14,-0.15,1.36,2.23,0.87,0.00,3.11,Matchs
178,César Azpilicueta,es ESP,DF,Chelsea,eng Premier League,32,1989,17.0,51.3,62.6,81.9,758.3,256.1,29.5,31.6,93.1,19.8,24.4,81.4,1.24,4.35,28.4,0.00,0.06,0.08,-0.06,0.71,2.35,1.12,0.29,4.18,Matchs
179,Sanoussy Ba,de GER,DF,RB Leipzig,de Bundesliga,18,2004,0.0,0,0,,0,0,0,0,,0,0,,0,0,,0,0.0,0.0,0.0,0,0,0,0,0,Matchs
180,Iddrisu Baba,gh GHA,"MT,DF",Mallorca,es La Liga,26,1996,18.9,25.2,30.9,81.5,471.3,130.2,10.1,11.2,89.6,11.7,13.3,87.7,03.02,4.92,61.3,0.00,0.01,0.02,-0.01,0.26,2.22,0.11,0.00,2.49,Matchs
181,Srđan Babić,rs SRB,DF,Almería,es La Liga,26,1996,33.3,35.2,41.2,85.4,699.4,251.2,11.5,12.6,91.0,19.1,21.0,91.0,4.26,6.70,63.7,0.00,0.01,0.01,-0.01,0.21,1.65,0.09,0.03,1.89,Matchs
182,Loïc Bade,fr FRA,DF,Sevilla,es La Liga,22,2000,16.1,45.7,52.6,86.8,861.7,295.8,15.7,17.0,92.7,25.4,27.6,91.9,3.98,6.52,61.0,0.00,0.01,0.01,-0.01,0.12,2.48,0.00,0.00,2.61,Matchs
183,Loïc Bade,fr FRA,DF,Rennes,fr Ligue 1,22,2000,1.0,52.0,59.0,88.1,1163.0,396.0,8.00,10.0,80.0,35.0,36.0,97.2,9.00,13.0,69.2,1.00,0.10,0.00,0.90,1.00,2.00,0.00,0.00,3.00,Matchs
184,Édgar Badía,es ESP,GB,Elche,es La Liga,30,1992,36.0,22.0,29.8,73.8,668.9,499.9,2.83,2.86,99.0,10.6,10.9,96.9,8.50,15.8,53.7,0.00,0.00,0.00,0.00,0.00,0.28,0.00,0.00,0.00,Matchs
185,Benoît Badiashile,fr FRA,DF,Chelsea,eng Premier League,21,2001,10.1,76.1,85.1,89.4,1392.2,509.9,28.1,31.2,90.2,41.5,44.4,93.5,5.74,8.22,69.9,0.00,0.05,0.02,-0.05,0.30,4.65,0.50,0.00,5.54,Matchs
186,Benoît Badiashile,fr FRA,DF,Monaco,fr Ligue 1,21,2001,9.3,43.3,50.3,86.1,892.0,368.2,13.2,14.7,89.8,22.6,25.3,89.4,6.45,8.92,72.3,0.00,0.04,0.09,-0.04,0.11,4.95,0.32,0.00,4.19,Matchs
187,Alex Baena,es ESP,"MT,AT",Villarreal,es La Liga,21,2001,21.6,31.5,39.8,79.3,516.4,140.5,15.7,17.6,89.5,11.9,13.9,85.4,2.73,4.63,59.0,0.09,0.24,0.18,-0.15,1.44,3.47,1.99,0.14,5.74,Matchs
188,Jaime Báez,uy URU,DF,Cremonese,it Serie A,27,1995,1.1,29.1,43.6,66.7,581.8,344.5,7.27,09.09,80.0,11.8,15.5,76.5,6.36,12.7,50.0,0.00,0.09,0.27,-0.09,1.82,6.36,1.82,1.82,3.64,Matchs
189,Leon Bailey,jm JAM,"AT,MT",Aston Villa,eng Premier League,24,1997,21.9,15.4,25.0,61.6,245.6,58.7,8.68,11.3,76.6,4.43,07.03,63.0,1.60,3.42,46.7,0.18,0.22,0.22,-0.04,1.37,0.87,0.96,0.68,1.28,Matchs
190,Eric Bailly,ci CIV,DF,Marseille,fr Ligue 1,28,1994,6.0,38.5,45.7,84.3,779.8,279.3,12.0,13.7,87.8,19.7,23.5,83.7,6.33,7.50,84.4,0.00,0.00,0.00,0.00,0.00,2.83,0.00,0.00,2.00,Matchs
191,Dénys Bain,fr FRA,DF,Auxerre,fr Ligue 1,29,1993,1.4,37.1,40.0,92.9,649.3,197.1,12.9,12.9,100.0,22.9,25.7,88.9,1.43,1.43,100.0,0.00,0.00,0.00,0.00,0.00,0.71,0.00,0.00,2.14,Matchs
192,Brandon Baiye,be BEL,MT,Clermont Foot,fr Ligue 1,21,2000,0.6,45.0,53.3,84.4,693.3,200.0,23.3,25.0,93.3,16.7,21.7,76.9,3.33,3.33,100.0,0.00,0.17,0.17,-0.17,1.67,1.67,0.00,0.00,3.33,Matchs
193,Stefan Bajcetic,es ESP,MT,Liverpool,eng Premier League,17,2004,5.8,34.5,44.5,77.5,556.4,119.7,16.9,20.3,83.1,12.8,15.3,83.1,3.10,5.00,62.1,0.00,0.07,0.09,-0.07,0.69,2.93,1.21,0.17,4.14,Matchs
194,Nedim Bajrami,al ALB,"MT,AT",Empoli,it Serie A,23,1999,10.4,25.0,33.5,74.7,381.5,127.2,14.3,17.5,81.9,7.60,9.23,82.3,1.92,4.13,46.5,0.10,0.12,0.07,-0.02,1.44,1.83,0.58,0.00,2.79,Matchs
195,Nedim Bajrami,al ALB,"AT,MT",Sassuolo,it Serie A,23,1999,9.1,26.9,39.0,69.0,395.5,101.3,16.5,19.1,86.2,08.02,11.0,73.0,1.76,5.71,30.8,0.00,0.16,0.18,-0.16,1.54,1.43,1.21,0.00,4.84,Matchs
196,Cédric Bakambu,cd COD,MT,Marseille,fr Ligue 1,31,1991,0.7,27.1,32.9,82.6,375.7,80.0,17.1,18.6,92.3,5.71,7.14,80.0,1.43,1.43,100.0,1.43,1.43,1.00,0.00,2.86,1.43,0.00,0.00,0.00,Matchs
197,Tiemoué Bakayoko,fr FRA,MT,Milan,it Serie A,27,1994,0.5,34.0,40.0,85.0,610.0,198.0,8.00,10.0,80.0,24.0,26.0,92.3,2.00,2.00,100.0,0.00,0.00,0.00,0.00,0.00,6.00,0.00,0.00,4.00,Matchs
198,Mitchel Bakker,nl NED,"DF,MT",Leverkusen,de Bundesliga,22,2000,18.4,41.5,52.6,78.9,634.2,194.7,24.1,27.4,87.7,14.0,17.8,78.7,2.55,05.05,50.5,0.11,0.11,0.07,0.00,0.92,1.96,0.76,0.11,3.10,Matchs
199,Ridle Baku,de GER,"DF,AT",Wolfsburg,de Bundesliga,24,1998,28.7,42.4,54.0,78.4,772.1,254.1,16.9,19.6,86.3,20.7,25.1,82.5,4.22,07.04,59.9,0.10,0.14,0.17,-0.04,0.98,04.04,1.29,0.49,4.39,Matchs
200,Tommaso Baldanzi,it ITA,MT,Empoli,it Serie A,19,2003,19.7,27.1,32.8,82.5,378.9,88.7,15.6,16.9,92.5,8.88,10.5,85.0,0.96,02.08,46.3,0.00,0.09,0.09,-0.09,1.17,1.93,0.86,0.05,3.50,Matchs
Clt,Joueur,Nation,Pos,Équipe,Comp,Âge,Naissance,90,Cmp,Att,Cmp%,TotDist,DistBut,Cmp,Att,Cmp%,Cmp,Att,Cmp%,Cmp,Att,Cmp%,PD,xAG,xA,A-xAG,PC,1/3,PPA,CntSR,PrgP,Matchs
201,Alejandro Balde,es ESP,DF,Barcelona,es La Liga,18,2003,27.5,53.9,60.7,88.7,782.7,157.8,32.4,34.6,93.8,17.7,19.5,90.7,2.58,3.85,67.0,0.22,0.18,0.20,0.04,0.80,2.69,0.80,0.58,2.87,Matchs
202,Thierno Balde,fr FRA,"DF,MT",Troyes,fr Ligue 1,20,2002,23.9,31.9,39.0,82.0,489.0,152.3,17.1,19.5,87.4,12.6,15.5,81.4,1.42,2.13,66.7,0.04,0.05,0.06,-0.00,0.79,1.42,0.79,0.17,2.51,Matchs
203,Carlos Baleba,cm CMR,MT,Lille,fr Ligue 1,18,2004,5.3,47.0,56.6,83.0,912.6,165.5,18.5,21.5,86.0,19.4,22.5,86.6,7.74,9.62,80.4,0.00,0.02,0.02,-0.02,0.38,6.23,0.38,0.00,6.23,Matchs
204,Mikel Balenziaga,es ESP,DF,Athletic Club,es La Liga,34,1988,1.3,37.7,53.1,71.0,630.0,186.2,19.2,22.3,86.2,14.6,20.0,73.1,3.85,6.92,55.6,0.00,0.00,0.08,0.00,0.00,03.08,1.54,0.77,5.38,Matchs
205,Leonardo Balerdi,ar ARG,DF,Marseille,fr Ligue 1,23,1999,29.3,47.4,56.5,83.9,951.9,274.2,13.4,15.3,87.5,26.3,29.8,88.4,6.45,8.94,72.1,0.03,0.01,0.01,0.03,0.17,3.58,0.10,0.03,3.31,Matchs
206,Dominic Ballard,eng ENG,"AT,MT",Southampton,eng Premier League,17,2005,0.3,16.7,23.3,71.4,183.3,16.7,10.0,13.3,75.0,6.67,6.67,100.0,0.00,0.00,,0.00,0.00,0.00,0.00,0.00,0.00,0.00,0.00,0.00,Matchs
207,Iván Balliu,al ALB,DF,Rayo Vallecano,es La Liga,30,1992,35.9,39.6,51.5,76.9,649.8,265.3,20.0,22.1,90.7,15.3,19.7,77.9,3.29,6.55,50.2,0.00,0.08,0.07,-0.08,0.89,2.65,0.95,0.50,3.65,Matchs
208,Fodé Ballo-Touré,sn SEN,DF,Milan,it Serie A,25,1997,5.8,40.3,48.4,83.3,659.8,210.9,20.2,22.1,91.4,17.8,20.5,86.6,2.24,4.48,50.0,0.00,0.03,0.05,-0.03,0.69,2.24,1.38,0.86,4.31,Matchs
209,Folarin Balogun,us USA,AT,Reims,fr Ligue 1,21,2001,33.3,12.3,17.5,70.1,172.8,35.7,07.06,9.10,77.6,3.81,5.41,70.6,0.51,0.87,58.6,0.06,0.11,0.10,-0.05,01.08,0.84,0.57,0.03,1.65,Matchs
210,Abdoulaye Bamba,ci CIV,DF,Angers,fr Ligue 1,32,1990,15.2,40.7,47.4,85.9,721.9,260.1,16.3,17.5,93.2,19.9,22.4,88.6,3.49,5.33,65.4,0.00,0.02,0.04,-0.02,0.26,03.03,0.39,0.20,2.37,Matchs
211,Jonathan Bamba,ci CIV,AT,Lille,fr Ligue 1,26,1996,30.9,36.4,45.5,80.1,512.5,141.0,21.2,24.4,86.8,10.9,13.2,82.6,1.72,03.07,55.8,0.23,0.21,0.21,0.02,1.49,03.01,1.91,0.29,4.72,Matchs
212,Patrick Bamford,eng ENG,AT,Leeds United,eng Premier League,28,1993,16.8,13.6,19.8,68.8,144.1,32.0,9.88,12.6,78.7,02.08,3.81,54.7,0.12,0.48,25.0,0.12,0.06,0.05,0.06,0.71,01.07,0.54,0.00,1.37,Matchs
213,Lameck Banda,zm ZAM,"AT,MT",Lecce,it Serie A,21,2001,18.2,15.3,23.5,65.0,206.4,49.8,9.51,12.0,79.0,4.45,07.03,63.3,0.71,1.81,39.4,0.05,0.07,0.06,-0.02,0.77,0.93,0.38,0.05,1.54,Matchs
214,Filippo Bandinelli,it ITA,MT,Empoli,it Serie A,27,1995,25.1,30.8,41.8,73.7,508.0,156.7,15.1,17.3,87.3,11.9,15.1,78.9,2.55,5.50,46.4,0.00,0.10,0.10,-0.10,1.24,2.47,1.43,0.84,04.02,Matchs
215,Léo Baptistão,br BRA,"AT,MT",Almería,es La Liga,29,1992,19.2,18.7,28.1,66.5,299.1,78.9,9.32,11.9,78.2,6.46,9.27,69.7,1.56,3.44,45.5,0.05,0.06,0.05,-0.01,0.94,1.56,0.68,0.16,2.66,Matchs
216,Shandon Baptiste,gd GRN,MT,Brentford,eng Premier League,24,1998,6.9,35.8,42.8,83.7,600.4,162.5,18.4,20.6,89.4,13.3,15.1,88.5,03.04,4.64,65.6,0.14,0.16,0.07,-0.01,1.45,3.19,1.16,0.29,5.65,Matchs
217,Antonín Barák,cz CZE,MT,Hellas Verona,it Serie A,27,1994,0.3,36.7,46.7,78.6,466.7,80.0,23.3,33.3,70.0,10.0,10.0,100.0,0.00,0.00,,0.00,0.00,0.00,0.00,0.00,6.67,0.00,0.00,6.67,Matchs
218,Antonín Barák,cz CZE,MT,Fiorentina,it Serie A,27,1994,20.0,29.5,36.0,82.1,449.0,99.8,16.1,17.9,89.4,9.95,12.1,82.2,2.10,3.00,70.0,0.00,0.08,0.06,-0.08,1.10,2.95,0.70,0.10,4.10,Matchs
219,Andrea Barberis,it ITA,MT,Monza,it Serie A,28,1993,3.8,36.8,43.7,84.3,607.1,168.2,17.6,19.7,89.3,16.6,19.5,85.1,2.11,2.89,72.7,0.26,0.11,0.05,0.16,01.05,4.21,0.26,0.26,3.68,Matchs
220,Tommaso Barbieri,it ITA,DF,Juventus,it Serie A,19,2002,1.2,35.8,53.3,67.2,604.2,125.8,18.3,22.5,81.5,13.3,20.8,64.0,3.33,6.67,50.0,0.00,0.00,0.00,0.00,0.00,0.83,0.00,0.00,0.00,Matchs
221,Bradley Barcola,fr FRA,"AT,MT",Lyon,fr Ligue 1,19,2002,16.0,20.3,29.1,69.5,259.5,71.3,13.1,17.3,76.1,5.31,7.75,68.5,0.50,01.06,47.1,0.50,0.24,0.26,0.26,1.56,1.31,1.25,0.25,2.44,Matchs
222,Melvin Bard,fr FRA,DF,Nice,fr Ligue 1,21,2000,27.3,44.0,55.1,79.8,682.5,231.7,23.9,27.1,88.2,16.4,20.0,82.0,2.42,4.69,51.6,0.00,0.03,0.05,-0.03,0.37,2.56,0.77,0.26,3.52,Matchs
223,Francesco Bardi,it ITA,GB,Bologna,it Serie A,30,1992,1.0,18.0,23.0,78.3,548.0,399.0,6.00,6.00,100.0,5.00,5.00,100.0,7.00,11.0,63.6,0.00,0.00,0.00,0.00,0.00,1.00,0.00,0.00,0.00,Matchs
224,Keidi Bare,al ALB,MT,Espanyol,es La Liga,24,1997,5.6,39.5,47.7,82.8,674.5,185.7,18.9,21.8,86.9,16.6,18.6,89.4,3.57,5.54,64.5,0.18,0.04,0.04,0.14,0.54,4.46,0.18,0.00,5.00,Matchs
225,Nicolò Barella,it ITA,MT,Inter,it Serie A,25,1997,29.0,45.0,55.2,81.6,735.2,229.2,23.6,26.7,88.5,16.8,19.4,86.2,3.52,6.10,57.6,0.21,0.19,0.14,0.01,1.90,5.17,1.72,0.52,7.38,Matchs
Clt,Joueur,Nation,Pos,Équipe,Comp,Âge,Naissance,90,Cmp,Att,Cmp%,TotDist,DistBut,Cmp,Att,Cmp%,Cmp,Att,Cmp%,Cmp,Att,Cmp%,PD,xAG,xA,A-xAG,PC,1/3,PPA,CntSR,PrgP,Matchs
226,Kike Barja,es ESP,"AT,MT",Osasuna,es La Liga,25,1997,14.6,21.6,33.4,64.9,344.7,82.5,11.9,14.8,80.6,6.58,10.5,62.7,02.05,4.45,46.2,0.41,0.27,0.25,0.14,1.92,0.89,1.71,1.23,2.40,Matchs
227,Ross Barkley,eng ENG,"MT,AT",Nice,fr Ligue 1,28,1993,10.7,36.5,46.4,78.7,625.0,186.4,17.3,20.1,86.0,13.8,16.1,86.0,04.02,7.38,54.4,0.19,0.22,0.18,-0.04,2.90,3.36,0.75,0.00,4.49,Matchs
228,Aymen Barkok,ma MAR,MT,Mainz 05,de Bundesliga,24,1998,6.5,27.8,40.6,68.6,430.9,141.4,14.2,18.3,77.3,9.85,14.0,70.3,2.15,03.08,70.0,0.15,0.14,0.18,0.02,1.23,2.77,01.08,0.15,6.15,Matchs
229,Harvey Barnes,eng ENG,"AT,MT",Leicester City,eng Premier League,24,1997,30.1,18.2,26.1,69.8,237.6,66.6,12.1,15.3,78.6,4.72,6.98,67.6,0.56,1.23,45.9,0.03,0.10,0.07,-0.07,0.63,1.30,01.03,0.17,2.62,Matchs
230,Leandro Barreiro Martins,lu LUX,MT,Mainz 05,de Bundesliga,22,2000,23.8,15.9,23.4,68.0,223.5,75.9,9.50,12.0,79.3,4.96,7.14,69.4,0.67,1.85,36.4,0.13,0.09,0.05,0.03,0.67,02.02,0.21,0.04,2.27,Matchs
231,Enzo Barrenechea,ar ARG,MT,Juventus,it Serie A,21,2001,1.8,54.4,63.9,85.2,857.8,200.6,27.2,28.9,94.2,23.3,25.0,93.3,3.33,6.11,54.5,0.00,0.00,0.00,0.00,0.56,3.33,0.00,0.00,2.78,Matchs
232,Ander Barrenetxea,es ESP,"AT,DF",Real Sociedad,es La Liga,20,2001,9.8,29.4,38.4,76.6,439.0,114.0,16.5,19.1,86.6,9.69,11.5,84.1,1.94,3.37,57.6,0.10,0.12,0.11,-0.02,0.92,1.43,0.92,0.10,2.76,Matchs
233,Mickaël Barreto,fr FRA,MT,Ajaccio,fr Ligue 1,31,1991,14.7,32.7,47.3,69.2,618.3,229.5,13.9,16.8,83.0,12.2,16.3,74.9,5.44,11.8,46.2,0.07,0.13,0.14,-0.06,1.22,4.83,01.09,0.48,5.92,Matchs
234,Pablo Barrios,es ESP,MT,Atlético Madrid,es La Liga,19,2003,8.0,46.0,56.3,81.8,710.5,208.9,24.8,27.1,91.2,16.8,20.1,83.2,2.75,4.75,57.9,0.13,0.09,0.06,0.04,0.50,5.75,0.38,0.00,6.38,Matchs
235,Musa Barrow,gm GAM,"AT,MT",Bologna,it Serie A,23,1998,21.8,26.7,37.0,72.3,439.4,106.7,14.6,16.2,90.1,8.44,11.4,73.9,2.71,6.15,44.0,0.37,0.22,0.15,0.15,1.97,1.97,1.33,0.55,2.66,Matchs
236,Federico Baschirotto,it ITA,DF,Lecce,it Serie A,25,1996,37.0,28.4,38.7,73.3,611.1,234.2,7.57,8.95,84.6,15.9,19.1,83.3,4.59,9.46,48.6,0.00,0.02,0.02,-0.02,0.22,2.32,0.19,0.08,2.89,Matchs
237,Toma Bašić,hr CRO,MT,Lazio,it Serie A,25,1996,5.7,37.5,51.4,73.0,549.5,107.4,17.7,21.6,82.1,16.5,19.5,84.7,01.05,4.91,21.4,0.00,0.07,0.07,-0.07,1.40,2.46,0.88,0.35,3.86,Matchs
238,Alberto Basso,it ITA,MT,Cremonese,it Serie A,18,2004,0.2,10.0,10.0,100.0,205.0,25.0,5.00,5.00,100.0,5.00,5.00,100.0,0.00,0.00,,0.00,0.00,0.00,0.00,0.00,0.00,0.00,0.00,5.00,Matchs
239,Gil Bastião Dias,pt POR,AT,Stuttgart,de Bundesliga,25,1996,4.4,27.3,39.5,69.0,425.9,84.5,13.0,17.5,74.0,11.8,13.9,85.2,1.14,2.95,38.5,0.00,0.16,0.11,-0.16,1.82,1.59,1.59,0.23,3.18,Matchs
240,Alessandro Bastoni,it ITA,DF,Inter,it Serie A,23,1999,24.0,57.7,69.6,82.8,1160.0,411.6,20.3,22.5,90.2,28.2,31.3,90.1,8.63,13.5,63.9,0.08,0.11,0.12,-0.03,0.63,5.42,1.21,0.46,5.88,Matchs
241,Simone Bastoni,it ITA,"MT,DF",Spezia,it Serie A,25,1996,13.2,27.8,45.2,61.6,465.7,177.0,14.2,16.8,84.7,9.39,15.4,61.1,3.11,8.18,38.0,0.30,0.13,0.10,0.17,1.36,2.65,0.83,0.61,2.42,Matchs
242,Rodrigo Battaglia,ar ARG,MT,Mallorca,es La Liga,31,1991,7.6,24.3,30.5,79.7,379.6,117.6,12.2,13.9,87.7,10.3,12.2,83.9,1.45,2.63,55.0,0.00,0.00,0.01,0.00,0.13,3.16,0.13,0.00,2.50,Matchs
243,Maximilian Bauer,de GER,DF,Augsburg,de Bundesliga,22,2000,20.5,26.9,37.0,72.7,549.6,217.0,8.63,10.1,85.1,14.1,16.7,84.8,3.61,8.68,41.6,0.05,0.02,0.01,0.03,0.20,1.46,0.10,0.00,1.95,Matchs
244,Oliver Baumann,de GER,GB,Hoffenheim,de Bundesliga,32,1990,34.0,31.4,41.7,75.4,853.9,616.4,07.03,07.03,100.0,14.4,14.5,99.2,9.74,19.7,49.4,0.00,0.00,0.00,0.00,0.03,0.82,0.03,0.00,0.03,Matchs
245,Timo Baumgartl,de GER,DF,Union Berlin,de Bundesliga,26,1996,6.2,41.5,51.0,81.3,783.5,286.0,15.6,16.5,95.1,21.3,23.4,91.0,4.19,10.2,41.3,0.16,0.02,0.03,0.15,0.48,3.23,0.65,0.32,4.52,Matchs
246,Julian Baumgartlinger,at AUT,MT,Augsburg,de Bundesliga,34,1988,6.2,30.5,36.8,82.9,556.5,146.1,12.3,14.2,86.4,13.9,16.0,86.9,3.55,4.52,78.6,0.00,0.02,0.08,-0.02,0.32,2.42,1.29,0.16,04.03,Matchs
247,Christoph Baumgartner,at AUT,"MT,AT",Hoffenheim,de Bundesliga,22,1999,28.5,21.4,32.1,66.7,325.6,97.1,11.9,15.8,75.7,6.60,09.02,73.2,1.65,03.02,54.7,0.11,0.15,0.15,-0.05,0.84,2.46,1.23,0.14,3.51,Matchs
248,Cyrille Bayala,bf BFA,MT,Ajaccio,fr Ligue 1,26,1996,22.3,17.9,29.3,61.0,270.9,102.7,9.82,13.0,75.5,5.96,9.64,61.9,01.08,3.41,31.6,0.04,0.09,0.08,-0.04,0.85,02.02,0.63,0.31,2.96,Matchs
249,Brian Bayeye,,DF,Torino,it Serie A,22,2000,0.7,42.9,71.4,60.0,727.1,405.7,20.0,22.9,87.5,15.7,24.3,64.7,5.71,8.57,66.7,0.00,0.00,0.00,0.00,1.43,2.86,1.43,1.43,4.29,Matchs
250,Noah Joel Sarenren Bazee,ng NGA,"MT,AT",Augsburg,de Bundesliga,25,1996,0.2,5.00,10.0,50.0,50.0,25.0,5.00,10.0,50.0,0.00,0.00,,0.00,0.00,,0.00,0.50,0.00,-0.50,5.00,0.00,0.00,0.00,0.00,Matchs
Clt,Joueur,Nation,Pos,Équipe,Comp,Âge,Naissance,90,Cmp,Att,Cmp%,TotDist,DistBut,Cmp,Att,Cmp%,Cmp,Att,Cmp%,Cmp,Att,Cmp%,PD,xAG,xA,A-xAG,PC,1/3,PPA,CntSR,PrgP,Matchs
251,Gavin Bazunu,ie IRL,GB,Southampton,eng Premier League,20,2002,32.0,22.4,36.8,61.0,672.8,509.0,5.72,5.78,98.9,8.00,8.22,97.3,8.69,22.6,38.5,0.00,0.00,0.00,-0.00,0.03,1.31,0.03,0.00,0.03,Matchs
252,Bebé,cv CPV,AT,Rayo Vallecano,es La Liga,32,1990,0.7,30.0,54.3,55.3,587.1,144.3,11.4,12.9,88.9,12.9,24.3,52.9,5.71,10.0,57.1,0.00,0.14,0.14,-0.14,2.86,2.86,1.43,1.43,1.43,Matchs
253,Ihlas Bebou,tg TOG,"AT,DF",Hoffenheim,de Bundesliga,28,1994,15.7,15.7,23.5,66.7,209.0,48.2,10.0,13.2,75.5,3.82,5.61,68.2,0.83,1.59,52.0,0.00,0.06,0.09,-0.06,0.96,0.70,0.32,0.00,1.46,Matchs
254,Rodrigo Becão,br BRA,DF,Udinese,it Serie A,26,1996,27.6,39.5,50.7,77.8,747.0,314.9,15.4,17.3,89.1,19.0,22.7,83.7,4.64,8.66,53.6,0.04,0.02,0.03,0.01,0.36,2.79,0.18,0.07,3.55,Matchs
255,Mads Bech Sørensen,dk DEN,"DF,MT",Brentford,eng Premier League,23,1999,0.2,35.0,55.0,63.6,710.0,245.0,15.0,15.0,100.0,15.0,20.0,75.0,5.00,20.0,25.0,0.00,0.00,0.00,0.00,0.00,10.0,0.00,0.00,5.00,Matchs
256,Julius Beck,dk DEN,MT,Spezia,it Serie A,17,2005,0.1,50.0,50.0,100.0,1160.0,290.0,0.00,0.00,,40.0,40.0,100.0,10.0,10.0,100.0,0.00,0.00,0.00,0.00,0.00,0.00,0.00,0.00,20.0,Matchs
257,Sheraldo Becker,sr SUR,AT,Union Berlin,de Bundesliga,27,1995,28.4,13.6,23.0,59.4,228.8,54.3,6.44,9.54,67.5,4.93,7.75,63.6,1.65,2.99,55.3,0.25,0.20,0.20,0.05,1.55,0.70,1.55,01.06,1.55,Matchs
258,Jan Bednarek,pl POL,DF,Southampton,eng Premier League,26,1996,18.6,40.5,48.5,83.5,749.5,301.5,15.8,18.1,86.9,20.4,22.4,91.1,3.87,6.67,58.1,0.00,0.01,0.01,-0.01,0.16,1.77,0.05,0.00,2.42,Matchs
259,Jan Bednarek,pl POL,DF,Aston Villa,eng Premier League,26,1996,1.1,54.5,60.0,90.9,1135.5,380.0,14.5,15.5,94.1,30.0,31.8,94.3,09.09,10.9,83.3,0.00,0.00,0.00,0.00,0.00,3.64,0.00,0.00,4.55,Matchs
260,Donny van de Beek,nl NED,MT,Manchester Utd,eng Premier League,25,1997,1.9,24.2,32.1,75.4,264.2,60.5,16.3,17.9,91.2,4.21,4.21,100.0,0.53,01.05,50.0,0.00,0.05,0.05,-0.05,1.58,0.00,2.11,0.00,3.16,Matchs
261,Asmir Begović,ba BIH,GB,Everton,eng Premier League,35,1987,1.0,21.0,30.0,70.0,584.0,423.0,3.00,3.00,100.0,10.0,10.0,100.0,8.00,17.0,47.1,0.00,0.00,0.00,0.00,0.00,0.00,0.00,0.00,0.00,Matchs
262,Yanis Begraoui,ma MAR,"AT,MT",Toulouse,fr Ligue 1,21,2001,0.7,20.0,27.1,73.7,295.7,97.1,12.9,17.1,75.0,5.71,7.14,80.0,1.43,2.86,50.0,0.00,0.43,0.00,-0.43,2.86,1.43,1.43,0.00,4.29,Matchs
263,Kevin Behrens,de GER,AT,Union Berlin,de Bundesliga,31,1991,17.1,16.5,28.2,58.6,237.3,67.6,9.42,14.6,64.7,5.20,8.48,61.4,1.11,1.64,67.9,0.06,0.08,0.09,-0.02,1.23,1.81,1.52,0.06,4.15,Matchs
264,Alexis Beka Beka,fr FRA,"MT,DF",Nice,fr Ligue 1,21,2001,6.1,38.7,49.7,77.9,651.0,158.5,20.2,23.8,84.8,13.4,16.9,79.6,3.93,6.89,57.1,0.00,0.02,0.03,-0.02,0.49,3.11,0.33,0.16,4.10,Matchs
265,Jérémie Bela,ao ANG,"DF,MT",Clermont Foot,fr Ligue 1,29,1993,8.3,21.0,31.3,66.9,288.8,110.5,11.9,16.0,74.4,7.35,10.1,72.6,0.48,02.05,23.5,0.12,0.02,0.05,0.10,0.36,2.41,0.84,0.36,2.89,Matchs
266,Reda Belahyane,fr FRA,MT,Nice,fr Ligue 1,18,2004,2.0,51.5,57.0,90.4,885.5,222.5,20.0,22.0,90.9,25.0,27.0,92.6,3.50,4.00,87.5,0.00,0.00,0.00,0.00,0.50,3.00,0.00,0.00,5.00,Matchs
267,Youcef Belaïli,dz ALG,"MT,AT",Ajaccio,fr Ligue 1,30,1992,12.8,25.6,35.8,71.6,440.4,168.7,12.7,15.7,80.6,7.89,10.7,73.7,3.44,5.78,59.5,0.23,0.27,0.26,-0.04,1.64,2.73,1.72,0.47,4.30,Matchs
268,Youcef Belaïli,dz ALG,"AT,MT",Brest,fr Ligue 1,30,1992,4.0,28.5,39.5,72.2,556.0,142.3,11.8,13.0,90.4,10.5,12.5,84.0,5.00,10.5,47.6,0.50,0.20,0.30,0.30,2.00,1.00,2.00,0.25,3.50,Matchs
269,Haris Belkebla,dz ALG,MT,Brest,fr Ligue 1,28,1994,29.5,35.0,41.4,84.5,618.2,161.3,14.6,16.4,88.8,16.0,17.8,89.9,3.39,4.95,68.5,0.00,0.02,0.03,-0.02,0.34,3.63,0.31,0.03,4.37,Matchs
270,Stefan Bell,de GER,DF,Mainz 05,de Bundesliga,30,1991,26.6,35.5,46.9,75.7,678.0,321.2,13.4,15.8,85.0,17.0,19.5,87.3,4.66,9.77,47.7,0.04,0.02,0.03,0.02,0.30,2.52,0.34,0.04,3.46,Matchs
271,Armel Bella Kotchap,de GER,DF,Southampton,eng Premier League,20,2001,20.9,35.8,44.8,79.9,668.9,216.3,13.9,15.6,89.2,18.4,20.3,90.6,3.21,7.61,42.1,0.10,0.05,0.02,0.05,0.29,1.53,0.19,0.00,1.87,Matchs
272,Raoul Bellanova,it ITA,DF,Inter,it Serie A,22,2000,5.5,43.3,55.6,77.8,711.6,173.3,21.8,24.5,88.9,14.9,20.0,74.5,4.18,07.09,59.0,0.00,0.07,0.07,-0.07,0.55,1.64,01.09,0.91,2.18,Matchs
273,Karim Bellarabi,de GER,"AT,MT",Leverkusen,de Bundesliga,32,1990,0.9,41.1,63.3,64.9,547.8,190.0,26.7,34.4,77.4,14.4,25.6,56.5,0.00,2.22,0.0,0.00,0.00,0.00,0.00,0.00,4.44,0.00,0.00,4.44,Matchs
274,Jean-Ricner Bellegarde,fr FRA,"MT,AT",Strasbourg,fr Ligue 1,24,1998,26.9,35.4,46.2,76.7,622.4,186.0,15.7,18.2,86.5,14.7,18.0,82.0,3.90,7.77,50.2,0.22,0.19,0.22,0.03,2.12,3.46,1.82,0.67,5.69,Matchs
275,Héctor Bellerín,es ESP,DF,Barcelona,es La Liga,27,1995,1.6,48.1,60.0,80.2,716.3,261.9,30.0,32.5,92.3,13.1,15.6,84.0,3.13,5.00,62.5,0.00,0.06,0.31,-0.06,0.63,6.25,2.50,0.00,8.13,Matchs
Clt,Joueur,Nation,Pos,Équipe,Comp,Âge,Naissance,90,Cmp,Att,Cmp%,TotDist,DistBut,Cmp,Att,Cmp%,Cmp,Att,Cmp%,Cmp,Att,Cmp%,PD,xAG,xA,A-xAG,PC,1/3,PPA,CntSR,PrgP,Matchs
276,Jude Bellingham,eng ENG,MT,Dortmund,de Bundesliga,19,2003,29.9,44.9,54.9,81.7,792.4,246.9,20.2,23.2,87.2,17.0,19.7,86.3,5.65,7.79,72.5,0.13,0.13,0.16,0.00,1.14,6.49,1.51,0.10,8.43,Matchs
277,Jeanöel Belocian,fr FRA,DF,Rennes,fr Ligue 1,17,2005,5.6,48.9,55.0,89.0,856.4,249.5,18.8,21.4,87.5,27.9,29.5,94.5,2.32,3.39,68.4,0.00,0.02,0.05,-0.02,0.18,2.32,0.18,0.00,3.75,Matchs
278,Andrea Belotti,it ITA,AT,Roma,it Serie A,28,1993,12.7,13.5,20.3,66.3,170.8,30.0,8.11,10.6,76.3,3.54,4.88,72.6,0.39,0.71,55.6,0.16,0.13,0.06,0.03,1.10,0.47,0.39,0.00,01.02,Matchs
279,Fran Beltrán,es ESP,MT,Celta Vigo,es La Liga,23,1999,31.7,50.6,57.3,88.3,912.8,207.9,20.8,22.6,91.9,23.4,25.5,92.0,5.17,6.97,74.2,0.06,0.05,0.08,0.01,0.76,4.29,0.38,0.13,4.35,Matchs
280,Eliesse Ben Seghir,fr FRA,"AT,MT",Monaco,fr Ligue 1,17,2005,11.7,29.2,37.3,78.4,425.9,109.4,15.5,19.1,80.8,10.5,12.4,84.8,1.37,2.22,61.5,0.09,0.10,0.09,-0.02,1.20,2.56,1.79,0.00,4.70,Matchs
281,Salim Ben Seghir,fr FRA,MT,Marseille,fr Ligue 1,19,2003,0.0,2,2,100.0,18,1,2,2,100.0,0,0,,0,0,,0,0.0,0.0,0.0,0,0,0,0,0,Matchs
282,Wissam Ben Yedder,fr FRA,AT,Monaco,fr Ligue 1,31,1990,23.5,19.1,25.7,74.2,259.7,56.8,10.6,13.1,80.5,06.04,7.83,77.2,0.68,1.53,44.4,0.26,0.16,0.16,0.09,01.06,1.36,1.28,0.00,3.19,Matchs
283,Marco Benassi,it ITA,DF,Fiorentina,it Serie A,27,1994,1.0,91.0,105.0,86.7,2107.0,426.0,32.0,32.0,100.0,33.0,41.0,80.5,26.0,31.0,83.9,0.00,0.10,0.10,-0.10,1.00,11.0,1.00,0.00,9.00,Matchs
284,Marco Benassi,it ITA,MT,Cremonese,it Serie A,27,1994,11.1,22.3,31.0,72.1,389.0,95.5,10.4,12.3,84.6,9.82,12.4,79.0,1.80,3.96,45.5,0.00,0.04,0.05,-0.04,0.63,1.53,0.36,0.18,2.43,Matchs
285,Iker Benito,es ESP,"AT,MT",Osasuna,es La Liga,19,2002,2.0,15.5,21.0,73.8,250.5,46.0,12.0,14.5,82.8,1.50,3.50,42.9,2.00,2.50,80.0,0.00,0.15,0.10,-0.15,1.50,0.00,0.50,0.50,1.50,Matchs
286,Ismaël Bennacer,dz ALG,MT,Milan,it Serie A,24,1997,22.3,54.7,63.8,85.7,948.1,259.7,25.3,27.6,91.7,20.2,22.6,89.3,6.77,10.2,66.2,0.09,0.15,0.14,-0.06,1.93,5.52,1.26,0.18,5.92,Matchs
287,Saïd Benrahma,dz ALG,"AT,MT",West Ham,eng Premier League,26,1995,23.0,26.0,34.6,75.0,354.5,90.8,16.3,18.5,88.0,7.65,10.5,73.0,01.09,2.65,41.0,0.13,0.20,0.14,-0.07,02.09,1.39,1.00,0.52,3.57,Matchs
288,Ramy Bensebaini,dz ALG,DF,M'Gladbach,de Bundesliga,27,1995,27.6,43.2,55.3,78.2,725.2,281.5,21.5,23.8,90.3,17.3,20.9,83.0,3.48,7.36,47.3,0.04,0.08,0.10,-0.05,0.54,2.93,01.09,0.11,3.66,Matchs
289,Nabil Bentaleb,dz ALG,MT,Angers,fr Ligue 1,27,1994,27.7,54.6,66.9,81.6,1051.1,340.9,20.1,23.1,86.7,26.1,29.8,87.8,07.04,11.4,61.9,0.14,0.08,0.13,0.06,1.19,6.21,0.54,0.00,6.35,Matchs
290,Rodrigo Bentancur,uy URU,MT,Tottenham,eng Premier League,25,1997,16.7,44.2,52.7,83.9,687.5,190.3,22.0,24.7,89.1,18.0,20.1,89.6,2.34,4.19,55.7,0.12,0.05,0.04,0.07,0.66,3.23,0.54,0.24,4.55,Matchs
291,Daniel Bentley,eng ENG,GB,Wolves,eng Premier League,29,1993,2.0,30.5,40.0,76.3,770.0,463.5,6.00,6.00,100.0,17.0,17.0,100.0,7.50,17.0,44.1,0.00,0.00,0.00,0.00,0.00,0.00,0.00,0.00,0.00,Matchs
292,Karim Benzema,fr FRA,AT,Real Madrid,es La Liga,34,1987,22.6,40.9,47.3,86.4,486.3,106.9,27.6,30.8,89.8,8.54,9.29,91.9,01.06,1.42,75.0,0.13,0.26,0.24,-0.12,2.12,3.14,2.26,0.00,6.11,Matchs
293,Domenico Berardi,it ITA,AT,Sassuolo,it Serie A,27,1994,20.7,29.7,43.9,67.5,587.5,161.6,12.6,16.6,75.8,10.8,15.3,70.7,5.27,8.36,63.0,0.34,0.32,0.29,0.02,2.17,1.84,2.71,0.48,5.51,Matchs
294,Yuri Berchiche,es ESP,DF,Athletic Club,es La Liga,32,1990,26.7,48.8,59.2,82.5,831.3,324.6,24.0,26.3,91.0,20.1,23.7,84.7,3.93,5.73,68.6,0.04,0.05,0.06,-0.01,0.79,5.47,1.16,0.52,6.70,Matchs
295,Álex Berenguer,es ESP,AT,Athletic Club,es La Liga,27,1995,25.5,24.7,37.5,66.0,367.8,108.5,14.6,17.3,84.4,6.39,10.4,61.3,2.43,5.96,40.8,0.04,0.18,0.20,-0.14,02.04,0.98,1.61,0.63,03.02,Matchs
296,Bartosz Bereszyński,pl POL,DF,Sampdoria,it Serie A,30,1992,13.3,35.4,48.4,73.1,525.5,242.0,21.5,23.8,90.5,10.8,15.8,68.1,2.11,5.49,38.4,0.00,0.01,0.02,-0.01,0.23,2.41,0.75,0.23,3.31,Matchs
297,Bartosz Bereszyński,pl POL,DF,Napoli,it Serie A,30,1992,1.8,48.3,58.3,82.9,695.6,233.3,30.0,32.8,91.5,14.4,18.3,78.8,2.22,2.78,80.0,0.56,0.11,0.06,0.44,1.11,2.78,1.67,0.00,3.89,Matchs
298,Patrick Berg,no NOR,"MT,AT",Lens,fr Ligue 1,24,1997,0.3,56.7,66.7,85.0,1063.3,443.3,26.7,26.7,100.0,16.7,20.0,83.3,10.0,10.0,100.0,0.00,0.00,0.00,0.00,3.33,10.0,3.33,0.00,10.0,Matchs
299,Mitchell van Bergen,nl NED,"AT,DF",Reims,fr Ligue 1,22,1999,10.1,20.3,30.0,67.7,314.6,100.6,10.9,13.3,82.1,6.24,9.60,64.9,1.88,4.55,41.3,0.10,0.27,0.26,-0.17,1.88,01.09,1.78,0.99,02.08,Matchs
300,Mergim Berisha,de GER,AT,Augsburg,de Bundesliga,24,1998,18.7,8.61,18.3,47.1,146.3,55.8,3.85,6.42,60.0,3.53,6.68,52.8,0.91,2.94,30.9,0.21,0.14,0.15,0.07,01.07,01.07,0.53,0.16,1.50,Matchs
Clt,Joueur,Nation,Pos,Équipe,Comp,Âge,Naissance,90,Cmp,Att,Cmp%,TotDist,DistBut,Cmp,Att,Cmp%,Cmp,Att,Cmp%,Cmp,Att,Cmp%,PD,xAG,xA,A-xAG,PC,1/3,PPA,CntSR,PrgP,Matchs
301,Quentin Bernard,fr FRA,DF,Auxerre,fr Ligue 1,33,1989,7.0,46.3,59.6,77.7,835.4,425.1,21.0,22.9,91.9,17.4,22.0,79.2,6.29,11.9,53.0,0.14,0.09,0.07,0.06,1.00,4.43,0.86,0.57,3.86,Matchs
302,Paul Bernardoni,fr FRA,GB,Angers,fr Ligue 1,25,1997,27.0,16.2,24.7,65.7,458.2,338.0,2.85,2.93,97.5,08.07,8.30,97.3,5.22,13.3,39.3,0.00,0.00,0.00,0.00,0.00,0.44,0.00,0.00,0.00,Matchs
303,Juan Bernat,es ESP,"DF,MT",Paris S-G,fr Ligue 1,29,1993,18.3,53.0,57.3,92.4,733.4,164.5,32.0,34.2,93.5,17.3,18.4,93.8,1.26,1.58,79.3,0.22,0.17,0.16,0.05,1.15,1.97,0.60,0.16,02.08,Matchs
304,Victor Bernth Kristiansen,dk DEN,DF,Leicester City,eng Premier League,19,2002,9.9,33.0,50.1,65.9,530.5,237.7,17.8,21.1,84.2,12.5,19.3,64.9,2.42,6.77,35.8,0.10,0.08,0.06,0.02,0.71,2.93,0.40,0.30,3.13,Matchs
305,Jason Berthomier,fr FRA,MT,Clermont Foot,fr Ligue 1,32,1990,0.3,63.3,63.3,100.0,826.7,113.3,43.3,43.3,100.0,13.3,13.3,100.0,3.33,3.33,100.0,0.00,0.00,0.00,0.00,0.00,3.33,0.00,0.00,3.33,Matchs
306,Marco Bertini,it ITA,MT,Lazio,it Serie A,19,2002,0.0,0,0,,0,0,0,0,,0,0,,0,0,,0,0.0,0.0,0.0,0,0,0,0,0,Matchs
307,Beto,gw GNB,AT,Udinese,it Serie A,24,1998,23.7,08.02,12.6,63.5,102.2,12.4,5.40,7.55,71.5,1.69,2.83,59.7,0.30,0.55,53.8,0.04,0.11,0.08,-0.07,0.97,0.38,0.17,0.00,0.55,Matchs
308,Owen Bevan,wls WAL,DF,Bournemouth,eng Premier League,18,2003,0.1,20.0,30.0,66.7,380.0,70.0,10.0,10.0,100.0,10.0,10.0,100.0,0.00,0.00,,0.00,0.00,0.00,0.00,0.00,0.00,0.00,0.00,0.00,Matchs
309,Matteo Bianchetti,it ITA,DF,Cremonese,it Serie A,29,1993,23.7,30.8,39.5,78.0,607.1,258.9,10.2,11.9,86.1,16.9,19.2,87.9,3.33,7.22,46.2,0.00,0.02,0.02,-0.02,0.21,02.07,0.34,0.08,1.98,Matchs
310,Alessandro Bianco,it ITA,MT,Fiorentina,it Serie A,19,2002,1.7,39.4,45.9,85.9,727.6,135.9,17.1,20.0,85.3,16.5,20.0,82.4,5.29,5.29,100.0,0.00,0.00,0.00,0.00,0.59,6.47,0.59,0.00,5.29,Matchs
311,Giulian Biancone,fr FRA,DF,Nott'ham Forest,eng Premier League,22,2000,0.2,75.0,105.0,71.4,1265.0,630.0,30.0,35.0,85.7,40.0,50.0,80.0,5.00,15.0,33.3,0.00,0.00,0.00,0.00,0.00,0.00,0.00,0.00,0.00,Matchs
312,Ermin Bičakčić,ba BIH,DF,Hoffenheim,de Bundesliga,32,1990,2.9,23.4,33.1,70.8,473.4,225.2,8.28,9.31,88.9,12.1,16.2,74.5,3.10,6.55,47.4,0.00,0.00,0.00,0.00,0.00,02.07,0.34,0.00,2.41,Matchs
313,Pedro Bigas,es ESP,DF,Elche,es La Liga,31,1990,22.4,37.6,47.0,80.1,749.4,335.0,12.7,14.0,90.4,20.0,22.3,89.8,4.46,8.93,50.0,0.00,0.00,0.01,0.00,0.00,2.81,0.04,0.04,3.71,Matchs
314,Jaka Bijol,si SVN,DF,Udinese,it Serie A,23,1999,30.3,38.6,45.6,84.7,813.8,331.0,10.6,12.1,87.7,22.5,24.1,93.3,5.12,8.35,61.3,0.07,0.05,0.06,0.01,0.30,1.78,0.17,0.03,2.18,Matchs
315,El Bilal Touré,ml MLI,AT,Almería,es La Liga,20,2001,14.0,13.1,18.4,70.9,159.0,22.2,9.29,11.3,82.3,3.14,4.64,67.7,0.14,0.14,100.0,0.14,0.09,0.05,0.05,1.00,0.50,0.21,0.07,1.00,Matchs
316,El Bilal Touré,ml MLI,AT,Reims,fr Ligue 1,20,2001,1.0,16.0,20.0,80.0,234.0,46.0,9.00,11.0,81.8,6.00,7.00,85.7,0.00,1.00,0.0,0.00,0.10,0.00,-0.10,2.00,1.00,1.00,0.00,1.00,Matchs
317,Philip Billing,dk DEN,"MT,AT",Bournemouth,eng Premier League,26,1996,30.7,26.5,34.4,77.1,385.1,103.1,15.0,17.7,84.9,8.37,10.3,81.1,1.47,03.06,47.9,0.03,0.10,0.08,-0.07,0.85,1.60,0.29,0.10,2.61,Matchs
318,Jean-Claude Billong,cm CMR,MT,Clermont Foot,fr Ligue 1,28,1993,0.3,110.0,113.3,97.1,2063.3,770.0,33.3,33.3,100.0,70.0,70.0,100.0,6.67,10.0,66.7,0.00,0.00,0.00,0.00,0.00,0.00,0.00,0.00,13.3,Matchs
319,Cristiano Biraghi,it ITA,DF,Fiorentina,it Serie A,29,1992,28.3,50.6,70.5,71.9,966.0,362.9,21.3,23.9,89.1,21.7,27.7,78.4,6.93,16.1,43.0,0.14,0.19,0.20,-0.05,2.90,04.03,1.24,0.81,5.69,Matchs
320,Samuele Birindelli,it ITA,DF,Monza,it Serie A,23,1999,15.6,36.7,49.8,73.6,630.3,186.7,17.0,19.8,85.8,16.0,20.9,76.4,03.01,6.86,43.9,0.06,0.14,0.12,-0.08,1.15,1.73,1.22,0.83,2.76,Matchs
321,Veljko Birmančević,rs SRB,"AT,MT",Toulouse,fr Ligue 1,24,1998,4.9,21.8,32.9,66.5,283.9,102.7,12.7,17.8,71.3,6.73,9.18,73.3,0.41,1.63,25.0,0.00,0.04,0.04,-0.04,0.41,1.84,0.82,0.00,3.27,Matchs
322,Tom Bischof,de GER,"MT,AT",Hoffenheim,de Bundesliga,17,2005,3.5,24.0,34.6,69.4,361.7,120.0,12.3,15.7,78.2,7.43,10.3,72.2,2.29,4.57,50.0,0.00,0.20,0.23,-0.20,1.43,2.57,1.14,0.29,4.57,Matchs
323,Yves Bissouma,ml MLI,MT,Tottenham,eng Premier League,25,1996,11.2,59.5,65.4,90.9,929.6,208.3,30.4,31.9,95.2,24.2,25.8,93.8,3.39,4.29,79.2,0.00,0.04,0.04,-0.04,0.71,4.91,0.45,0.09,5.54,Matchs
324,Kristijan Bistrović,hr CRO,MT,Lecce,it Serie A,24,1998,5.1,19.8,27.5,72.1,366.1,133.7,8.82,10.2,86.5,6.86,9.41,72.9,3.14,4.90,64.0,0.00,0.08,0.10,-0.08,1.18,1.96,0.39,0.20,3.14,Matchs
325,Leonardo Bittencourt,de GER,"MT,DF",Werder Bremen,de Bundesliga,28,1993,18.1,32.0,43.8,73.1,488.3,140.1,17.5,19.9,87.8,11.7,15.4,76.3,1.66,4.53,36.6,0.11,0.15,0.13,-0.04,0.83,2.43,1.44,0.28,04.09,Matchs
Clt,Joueur,Nation,Pos,Équipe,Comp,Âge,Naissance,90,Cmp,Att,Cmp%,TotDist,DistBut,Cmp,Att,Cmp%,Cmp,Att,Cmp%,Cmp,Att,Cmp%,PD,xAG,xA,A-xAG,PC,1/3,PPA,CntSR,PrgP,Matchs
326,Marco Bizot,nl NED,GB,Brest,fr Ligue 1,31,1991,37.0,21.6,29.6,72.9,666.2,481.7,2.35,2.35,100.0,10.9,11.1,98.5,8.24,16.1,51.3,0.00,0.00,0.00,0.00,0.00,0.38,0.03,0.00,0.00,Matchs
327,Lautaro Blanco,ar ARG,"DF,MT",Elche,es La Liga,23,1999,9.7,24.2,42.9,56.5,449.8,235.5,12.1,14.5,83.0,8.76,14.3,61.2,3.30,11.0,29.9,0.21,0.15,0.13,0.05,1.24,1.96,1.75,01.03,2.89,Matchs
328,Rubén Blanco,es ESP,GB,Marseille,fr Ligue 1,27,1995,5.5,30.2,37.5,80.6,680.7,437.8,7.64,7.64,100.0,16.4,16.5,98.9,5.82,12.9,45.1,0.00,0.00,0.00,0.00,0.00,0.00,0.00,0.00,0.00,Matchs
329,Ludovic Blas,fr FRA,"MT,AT",Nantes,fr Ligue 1,24,1997,31.3,29.8,37.9,78.7,549.8,124.3,12.5,14.3,87.3,12.6,14.8,84.7,3.74,6.68,56.0,0.16,0.19,0.15,-0.03,1.50,2.78,0.86,0.26,4.70,Matchs
330,Janis Blaswich,de GER,GB,RB Leipzig,de Bundesliga,31,1991,26.0,38.0,43.9,86.5,828.8,418.8,9.54,9.58,99.6,22.6,22.8,99.2,5.65,11.2,50.3,0.00,0.00,0.00,0.00,0.00,0.42,0.00,0.00,0.04,Matchs
331,Miha Blažič,si SVN,DF,Angers,fr Ligue 1,29,1993,22.0,47.0,53.7,87.5,967.7,349.0,13.7,15.0,91.5,26.4,28.3,93.4,6.27,9.45,66.3,0.00,0.00,0.01,-0.00,0.05,1.91,0.09,0.00,2.91,Matchs
332,Joaquín Blázquez,ar ARG,GB,Brest,fr Ligue 1,21,2001,1.0,21.0,29.0,72.4,728.0,535.0,6.00,6.00,100.0,7.00,8.00,87.5,8.00,14.0,57.1,0.00,0.00,0.00,0.00,0.00,1.00,0.00,0.00,0.00,Matchs
333,Alexis Blin,fr FRA,MT,Lecce,it Serie A,25,1996,26.4,29.0,36.5,79.5,466.3,142.7,14.4,16.9,85.0,11.0,13.4,82.2,2.23,3.64,61.5,0.00,0.04,0.03,-0.04,0.57,3.33,0.49,0.11,3.83,Matchs
334,Daley Blind,nl NED,"DF,MT",Bayern Munich,de Bundesliga,32,1990,1.5,58.0,66.7,87.0,1106.0,439.3,20.0,22.0,90.9,33.3,36.7,90.9,4.67,6.00,77.8,0.00,0.07,0.20,-0.07,1.33,5.33,0.67,0.00,6.67,Matchs
335,Myron Boadu,nl NED,AT,Monaco,fr Ligue 1,21,2001,3.3,11.8,17.3,68.4,137.9,34.5,7.58,10.3,73.5,2.73,4.55,60.0,0.30,0.30,100.0,0.00,0.09,0.15,-0.09,1.21,0.91,0.91,0.30,0.91,Matchs
336,Jérôme Boateng,de GER,DF,Lyon,fr Ligue 1,33,1988,4.8,37.3,46.5,80.3,802.5,275.0,9.17,10.8,84.6,23.1,26.3,88.1,4.38,8.13,53.8,0.00,0.04,0.04,-0.04,0.21,1.46,0.42,0.00,1.25,Matchs
337,Kevin-Prince Boateng,gh GHA,MT,Hertha BSC,de Bundesliga,35,1987,5.2,35.6,48.5,73.4,598.7,186.7,17.3,21.9,78.9,12.7,16.5,76.7,4.42,6.54,67.6,0.00,0.04,0.06,-0.04,0.58,3.65,0.38,0.00,4.62,Matchs
338,Antonin Bobichon,fr FRA,MT,Angers,fr Ligue 1,26,1995,0.2,60.0,100.0,60.0,1005.0,355.0,30.0,50.0,60.0,20.0,25.0,80.0,10.0,15.0,66.7,0.00,1.00,0.50,-1.00,5.00,25.0,5.00,0.00,20.0,Matchs
339,Jean-Paul Boëtius,nl NED,MT,Hertha BSC,de Bundesliga,28,1994,11.7,25.9,36.0,72.0,460.3,184.8,10.9,13.5,80.4,10.0,13.2,76.0,3.50,5.81,60.3,0.00,0.06,0.08,-0.06,1.11,3.25,0.85,0.09,5.21,Matchs
340,Jeremie Boga,ci CIV,"MT,AT",Atalanta,it Serie A,25,1997,8.7,43.8,54.6,80.2,679.1,178.4,25.1,28.9,86.9,12.0,14.4,83.2,4.37,7.13,61.3,0.57,0.32,0.38,0.25,3.91,2.64,2.76,0.92,06.09,Matchs
341,Emil Bohinen,no NOR,MT,Salernitana,it Serie A,23,1999,9.2,43.9,52.1,84.3,607.7,157.8,25.9,28.5,90.8,13.8,15.9,87.0,1.74,03.04,57.1,0.00,0.08,0.03,-0.08,1.30,2.72,0.54,0.11,3.37,Matchs
342,Quentin Boisgard,fr FRA,MT,Lorient,fr Ligue 1,25,1997,2.0,39.5,49.0,80.6,506.5,118.0,27.0,30.0,90.0,9.50,12.5,76.0,1.00,3.00,33.3,0.00,0.05,0.20,-0.05,2.00,4.50,2.00,0.00,5.50,Matchs
343,Willy Boly,ci CIV,DF,Nott'ham Forest,eng Premier League,31,1991,7.6,25.5,33.9,75.2,487.6,218.4,8.29,10.1,81.8,14.1,16.6,84.9,2.63,6.18,42.6,0.13,0.03,0.04,0.11,0.13,01.05,0.00,0.00,1.58,Matchs
344,Giacomo Bonaventura,it ITA,MT,Fiorentina,it Serie A,32,1989,21.2,35.6,43.2,82.3,564.2,128.1,18.4,20.6,89.5,12.5,14.5,86.0,2.83,4.58,61.9,0.05,0.15,0.12,-0.10,1.60,2.69,1.42,0.19,4.81,Matchs
345,Federico Bonazzoli,it ITA,"AT,MT",Salernitana,it Serie A,25,1997,12.4,21.3,28.5,74.6,375.3,77.9,10.9,13.1,83.3,6.77,8.39,80.8,2.98,4.27,69.8,0.08,0.09,0.06,-0.01,0.65,2.42,0.48,0.00,3.47,Matchs
346,Warren Bondo,fr FRA,MT,Monza,it Serie A,18,2003,0.7,64.3,72.9,88.2,1028.6,151.4,34.3,37.1,92.3,28.6,31.4,90.9,1.43,1.43,100.0,0.00,0.00,0.00,0.00,0.00,2.86,0.00,0.00,7.14,Matchs
347,Theo Bongonda,cd COD,"MT,AT",Cádiz,es La Liga,26,1995,21.5,15.3,22.7,67.3,212.3,60.2,9.63,11.8,81.5,04.05,5.72,70.7,0.93,3.26,28.6,0.14,0.14,0.11,0.00,0.93,0.93,0.51,0.19,1.81,Matchs
348,Kevin Bonifazi,it ITA,DF,Bologna,it Serie A,26,1996,10.0,64.3,72.2,89.1,1282.1,484.1,21.6,22.9,94.3,34.3,36.9,93.0,8.10,11.6,69.8,0.00,0.00,0.01,0.00,0.20,3.60,0.00,0.00,3.30,Matchs
349,Leonardo Bonucci,it ITA,DF,Juventus,it Serie A,35,1987,9.8,51.8,59.2,87.6,1096.8,414.3,14.2,15.2,93.3,30.1,32.2,93.4,7.24,10.8,67.0,0.00,0.02,0.03,-0.02,0.41,3.57,0.41,0.00,2.86,Matchs
350,Neto Borges,br BRA,DF,Clermont Foot,fr Ligue 1,25,1996,31.5,36.9,47.5,77.7,581.8,211.1,19.1,21.8,87.6,15.2,19.4,78.7,1.87,3.78,49.6,0.03,0.09,0.11,-0.05,0.89,1.87,1.37,0.48,3.17,Matchs
Clt,Joueur,Nation,Pos,Équipe,Comp,Âge,Naissance,90,Cmp,Att,Cmp%,TotDist,DistBut,Cmp,Att,Cmp%,Cmp,Att,Cmp%,Cmp,Att,Cmp%,PD,xAG,xA,A-xAG,PC,1/3,PPA,CntSR,PrgP,Matchs
351,Yvandro Borges Sanches,lu LUX,"AT,MT",M'Gladbach,de Bundesliga,18,2004,0.3,26.7,30.0,88.9,376.7,56.7,6.67,6.67,100.0,10.0,13.3,75.0,3.33,3.33,100.0,0.00,0.00,0.00,0.00,0.00,0.00,3.33,3.33,0.00,Matchs
352,Sebastiaan Bornauw,be BEL,DF,Wolfsburg,de Bundesliga,23,1999,21.4,49.6,57.7,86.1,967.6,329.8,15.2,17.1,88.8,30.2,32.8,92.3,04.02,6.87,58.5,0.00,0.00,0.01,-0.00,0.05,3.13,0.00,0.00,3.97,Matchs
353,Rafael Borré,co COL,"MT,AT",Eint Frankfurt,de Bundesliga,26,1995,12.0,24.5,35.2,69.7,346.1,73.9,14.8,18.6,79.8,7.33,10.8,68.2,1.17,02.08,56.0,0.17,0.16,0.15,0.01,1.25,1.33,0.67,0.17,2.83,Matchs
354,Erik Botheim,no NOR,"MT,AT",Salernitana,it Serie A,22,2000,9.6,17.2,24.1,71.4,212.3,47.9,10.3,13.1,78.6,4.38,6.15,71.2,0.52,0.73,71.4,0.31,0.19,0.07,0.13,0.94,01.04,0.42,0.00,2.19,Matchs
355,Sven Botman,nl NED,DF,Newcastle Utd,eng Premier League,22,2000,34.7,44.0,50.9,86.5,883.6,323.7,13.8,15.6,88.4,24.6,26.8,92.0,5.13,7.44,69.0,0.00,0.03,0.03,-0.03,0.26,1.70,0.12,0.03,2.51,Matchs
356,Kenji-Van Boto,mg MAD,DF,Auxerre,fr Ligue 1,26,1996,2.0,24.0,34.5,69.6,385.0,188.0,12.5,16.5,75.8,9.50,13.5,70.4,1.00,2.50,40.0,0.00,0.00,0.00,0.00,0.00,1.00,0.00,0.00,1.00,Matchs
357,Kouamé Botué,bf BFA,"AT,MT",Ajaccio,fr Ligue 1,19,2002,2.5,13.2,18.8,70.2,154.4,56.4,9.20,12.4,74.2,3.20,4.80,66.7,0.00,0.00,,0.00,0.04,0.04,-0.04,1.20,2.40,0.40,0.00,1.60,Matchs
358,Badredine Bouanani,dz ALG,"AT,MT",Nice,fr Ligue 1,17,2004,9.6,30.0,39.4,76.2,501.1,105.9,15.2,17.6,86.4,10.6,13.0,81.6,03.02,6.15,49.2,0.42,0.36,0.27,0.05,2.29,1.88,1.88,0.83,3.23,Matchs
359,Hicham Boudaoui,dz ALG,MT,Nice,fr Ligue 1,22,1999,20.8,52.0,58.9,88.2,818.5,198.8,25.6,28.3,90.5,20.3,22.3,90.9,3.17,4.47,71.0,0.10,0.09,0.07,0.00,1.11,4.76,0.77,0.14,5.29,Matchs
360,Franci Bouebari,fr FRA,DF,Strasbourg,fr Ligue 1,18,2003,0.8,16.3,28.8,56.5,243.8,96.3,10.0,15.0,66.7,6.25,10.0,62.5,0.00,2.50,0.0,0.00,0.00,0.00,0.00,1.25,0.00,0.00,0.00,0.00,Matchs
361,Sofiane Boufal,ma MAR,"AT,MT",Angers,fr Ligue 1,28,1993,9.3,39.8,52.4,76.0,606.8,169.2,21.8,25.7,84.9,13.3,17.3,77.0,2.69,5.38,50.0,0.32,0.31,0.18,0.01,2.90,3.23,01.08,0.11,06.02,Matchs
362,Yassine Bounou,ma MAR,GB,Sevilla,es La Liga,31,1991,23.9,30.0,39.7,75.6,783.5,552.8,6.49,6.49,100.0,14.3,14.6,97.7,9.16,18.4,49.8,0.00,0.00,0.00,0.00,0.00,0.29,0.00,0.00,0.04,Matchs
363,Ismaëlben Boura,fr FRA,"DF,AT",Lens,fr Ligue 1,21,2000,1.0,47.0,64.0,73.4,670.0,236.0,27.0,34.0,79.4,18.0,21.0,85.7,1.00,5.00,20.0,0.00,0.20,0.50,-0.20,1.00,2.00,2.00,0.00,6.00,Matchs
364,Mehdi Bourabia,ma MAR,MT,Spezia,it Serie A,30,1991,30.8,31.9,41.6,76.5,487.3,156.9,16.5,19.3,85.5,11.9,14.5,81.8,02.08,4.32,48.1,0.10,0.14,0.11,-0.05,1.20,03.05,01.04,0.32,3.67,Matchs
365,Benjamin Bourigeaud,fr FRA,"MT,AT",Rennes,fr Ligue 1,28,1994,34.1,44.1,58.9,75.0,840.6,285.3,16.9,20.3,83.2,20.0,24.7,80.9,06.07,11.2,54.2,0.29,0.34,0.30,-0.05,2.87,5.37,2.82,0.56,7.74,Matchs
366,Edoardo Bove,it ITA,MT,Roma,it Serie A,20,2002,11.0,28.1,36.9,76.1,402.5,93.3,15.3,18.3,83.6,10.0,12.6,79.1,1.18,2.73,43.3,0.00,0.08,0.06,-0.08,0.64,1.82,0.55,0.00,3.00,Matchs
367,Jarrod Bowen,eng ENG,"AT,MT",West Ham,eng Premier League,25,1996,35.9,15.4,24.5,62.7,243.0,71.1,8.69,10.7,81.0,4.74,6.27,75.6,1.45,4.57,31.7,0.14,0.21,0.17,-0.07,1.34,01.09,0.67,0.25,02.01,Matchs
368,Lucas Boyé,ar ARG,AT,Elche,es La Liga,26,1996,27.4,18.6,23.7,78.5,258.4,49.8,10.7,12.3,86.4,5.11,6.17,82.8,1.17,1.42,82.1,0.07,0.11,0.06,-0.03,01.06,1.28,0.80,0.18,2.30,Matchs
369,Jayden Braaf,nl NED,"MT,AT",Hellas Verona,it Serie A,19,2002,3.2,18.8,24.4,76.9,265.3,60.0,12.8,13.8,93.2,04.06,5.31,76.5,1.25,1.88,66.7,0.00,0.03,0.03,-0.03,0.63,1.56,0.00,0.00,1.56,Matchs
370,Domagoj Bradarić,hr CRO,DF,Salernitana,it Serie A,22,1999,25.0,34.3,46.2,74.2,536.6,179.2,18.5,21.4,86.4,12.6,16.6,76.1,2.20,5.76,38.2,0.12,0.09,0.06,0.03,0.68,1.60,0.68,0.36,02.08,Matchs
371,Bilal Brahimi,dz ALG,"AT,MT",Nice,fr Ligue 1,22,2000,8.9,31.5,43.7,72.0,465.1,102.9,16.3,19.0,85.8,10.7,14.3,74.8,1.91,5.17,37.0,0.22,0.19,0.17,0.03,1.91,1.24,1.69,1.35,1.80,Matchs
372,Martin Braithwaite,dk DEN,"AT,MT",Espanyol,es La Liga,31,1991,27.3,10.8,16.3,65.9,152.9,36.1,6.70,8.86,75.6,2.71,4.10,66.1,0.70,1.10,63.3,0.07,0.05,0.04,0.02,0.44,0.95,0.48,0.07,1.98,Matchs
373,Juan Brandáriz,es ESP,DF,Almería,es La Liga,23,1999,16.5,40.2,48.8,82.4,680.5,274.0,19.0,20.5,92.3,17.6,20.3,86.9,2.85,5.82,49.0,0.00,0.01,0.01,-0.01,0.12,2.12,0.18,0.12,1.94,Matchs
374,Julian Brandt,de GER,"MT,AT",Dortmund,de Bundesliga,26,1996,26.6,39.6,51.4,77.0,622.3,157.3,21.9,24.9,88.1,10.7,13.8,77.2,4.51,7.67,58.8,0.30,0.35,0.29,-0.05,2.74,2.26,1.50,0.34,4.47,Matchs
375,Darko Brašanac,rs SRB,MT,Osasuna,es La Liga,30,1992,11.6,26.4,32.4,81.4,398.3,104.7,14.0,15.4,90.5,10.2,12.3,82.5,0.95,1.64,57.9,0.09,0.05,0.05,0.03,0.60,3.45,0.60,0.17,4.22,Matchs
Clt,Joueur,Nation,Pos,Équipe,Comp,Âge,Naissance,90,Cmp,Att,Cmp%,TotDist,DistBut,Cmp,Att,Cmp%,Cmp,Att,Cmp%,Cmp,Att,Cmp%,PD,xAG,xA,A-xAG,PC,1/3,PPA,CntSR,PrgP,Matchs
376,Lilian Brassier,fr FRA,DF,Brest,fr Ligue 1,22,1999,34.4,36.5,47.5,76.9,773.2,340.9,11.6,13.3,87.3,18.5,21.5,86.0,5.90,11.1,53.1,0.00,0.03,0.04,-0.03,0.20,2.85,0.44,0.20,3.23,Matchs
377,Claudio Bravo,cl CHI,GB,Betis,es La Liga,39,1983,12.0,19.3,32.7,59.2,618.3,472.8,3.67,3.67,100.0,7.42,7.58,97.8,8.00,20.9,38.2,0.00,0.00,0.00,0.00,0.00,0.42,0.08,0.00,0.08,Matchs
378,Fabian Bredlow,de GER,GB,Stuttgart,de Bundesliga,27,1995,15.0,34.0,39.7,85.7,816.1,494.1,7.60,7.60,100.0,18.5,18.7,99.3,7.80,13.3,58.8,0.00,0.00,0.00,0.00,0.00,0.40,0.00,0.00,0.00,Matchs
379,James Bree,eng ENG,DF,Southampton,eng Premier League,24,1997,4.1,32.4,43.4,74.7,480.7,180.7,18.3,22.4,81.5,10.5,13.7,76.8,1.95,3.90,50.0,0.00,0.05,0.05,-0.05,0.98,1.22,1.22,0.98,1.22,Matchs
380,Josip Brekalo,hr CRO,"AT,MT",Fiorentina,it Serie A,24,1998,2.5,30.4,40.0,76.0,569.6,146.0,11.2,13.2,84.8,13.2,16.4,80.5,5.20,7.20,72.2,0.00,0.20,0.20,-0.20,3.20,2.80,4.40,1.20,7.20,Matchs
381,Josip Brekalo,hr CRO,"MT,AT",Wolfsburg,de Bundesliga,24,1998,3.0,34.3,49.3,69.6,561.3,158.3,19.0,21.7,87.7,10.3,13.7,75.6,3.67,6.67,55.0,0.33,0.13,0.13,0.20,1.67,3.33,1.33,0.00,4.33,Matchs
382,Gleison Bremer,br BRA,DF,Juventus,it Serie A,25,1997,29.3,51.3,56.9,90.1,996.0,317.9,17.1,18.5,92.6,28.4,30.0,94.5,5.46,7.41,73.7,0.03,0.06,0.02,-0.02,0.31,1.30,0.03,0.00,1.84,Matchs
383,Armando Broja,al ALB,AT,Chelsea,eng Premier League,20,2001,3.3,10.0,16.1,62.3,141.2,16.4,6.36,10.0,63.6,2.73,4.55,60.0,0.61,0.91,66.7,0.00,0.03,0.03,-0.03,0.30,0.30,0.30,0.00,1.21,Matchs
384,Dylan Bronn,tn TUN,DF,Salernitana,it Serie A,27,1995,18.7,45.7,53.9,84.9,828.1,325.2,19.0,20.7,91.7,21.8,23.7,91.9,4.39,7.33,59.9,0.00,0.02,0.04,-0.02,0.27,3.32,0.21,0.05,3.74,Matchs
385,David Brooks,wls WAL,"AT,MT",Bournemouth,eng Premier League,25,1997,1.9,24.2,33.2,73.0,336.8,73.7,15.8,16.8,93.8,6.84,8.42,81.3,01.05,4.74,22.2,0.00,0.11,0.11,-0.11,01.05,2.11,0.53,0.00,5.79,Matchs
386,John Brooks,us USA,DF,Hoffenheim,de Bundesliga,29,1993,15.0,41.6,51.5,80.7,827.8,327.9,14.5,16.1,90.0,21.5,24.7,87.3,5.20,9.40,55.3,0.00,0.00,0.01,0.00,0.00,1.67,0.07,0.00,2.67,Matchs
387,Moritz Broschinski,de GER,"AT,MT",Bochum,de Bundesliga,21,2000,2.4,12.1,20.8,58.0,176.3,30.8,8.33,12.5,66.7,2.92,4.58,63.6,0.83,1.25,66.7,0.00,0.00,0.04,0.00,0.42,0.83,0.00,0.00,1.25,Matchs
388,Marcelo Brozović,hr CRO,MT,Inter,it Serie A,29,1992,19.7,66.9,76.2,87.7,1175.8,320.8,29.7,31.5,94.2,30.0,32.9,91.2,5.79,8.93,64.8,0.25,0.14,0.09,0.11,1.17,5.18,0.91,0.25,5.79,Matchs
389,Cédric Brunner,ch SUI,DF,Schalke 04,de Bundesliga,28,1994,25.7,30.3,45.1,67.3,556.4,244.7,12.3,14.5,85.0,14.3,19.8,72.2,3.35,8.60,38.9,0.00,0.06,0.09,-0.06,0.78,1.79,01.01,0.70,3.00,Matchs
390,Lewis Brunt,eng ENG,DF,Leicester City,eng Premier League,21,2000,0.3,56.7,70.0,81.0,943.3,190.0,23.3,26.7,87.5,33.3,36.7,90.9,0.00,3.33,0.0,0.00,0.00,0.00,0.00,0.00,0.00,0.00,0.00,0.00,Matchs
391,Jacob Bruun Larsen,dk DEN,AT,Hoffenheim,de Bundesliga,23,1998,3.6,17.2,24.4,70.5,224.2,42.2,11.7,15.3,76.4,4.44,5.56,80.0,0.28,1.39,20.0,0.00,0.11,0.11,-0.11,1.94,1.39,0.56,0.00,1.11,Matchs
392,Andreas Bruus,dk DEN,"DF,AT",Troyes,fr Ligue 1,23,1999,18.1,24.6,35.2,69.9,409.4,145.1,12.1,15.3,79.1,9.45,13.0,72.5,2.21,4.86,45.5,0.11,0.09,0.10,0.02,1.16,1.33,0.99,0.55,2.27,Matchs
393,Joe Bryan,eng ENG,"MT,DF",Nice,fr Ligue 1,28,1993,2.0,40.0,50.5,79.2,560.5,227.5,26.0,29.5,88.1,12.5,14.5,86.2,1.00,3.00,33.3,0.00,0.00,0.05,0.00,0.50,1.00,1.50,0.00,4.00,Matchs
394,Lee Buchanan,eng ENG,"DF,AT",Werder Bremen,de Bundesliga,21,2001,5.2,34.4,51.3,67.0,648.7,259.8,14.2,17.9,79.6,14.8,20.6,72.0,5.00,11.7,42.6,0.00,0.15,0.12,-0.15,0.96,03.08,0.96,0.38,04.04,Matchs
395,Ante Budimir,hr CRO,AT,Osasuna,es La Liga,31,1991,20.0,9.70,15.8,61.6,116.2,18.6,6.15,8.60,71.5,2.75,4.85,56.7,0.05,0.35,14.3,0.00,0.03,0.03,-0.03,0.50,0.65,0.15,0.00,1.15,Matchs
396,Emi Buendía,ar ARG,"MT,AT",Aston Villa,eng Premier League,25,1996,26.8,29.4,38.1,77.2,450.8,115.3,16.2,19.1,84.6,9.51,12.1,78.9,2.35,3.36,70.0,0.07,0.21,0.16,-0.14,1.53,3.13,1.53,0.00,5.15,Matchs
397,Hugo Bueno,es ESP,DF,Wolves,eng Premier League,19,2002,14.6,37.5,46.5,80.6,527.2,152.5,23.3,25.3,92.1,11.9,14.7,81.3,1.30,3.70,35.2,0.07,0.09,0.07,-0.02,1.10,1.64,0.68,0.41,2.67,Matchs
398,Santiago Bueno,uy URU,DF,Girona,es La Liga,23,1998,33.4,47.2,54.6,86.5,932.4,318.8,15.2,16.7,91.4,26.2,28.1,93.1,5.18,8.35,62.0,0.03,0.03,0.02,0.00,0.27,4.43,0.15,0.03,4.43,Matchs
399,Adam Buksa,pl POL,"AT,MT",Lens,fr Ligue 1,26,1996,1.1,13.6,21.8,62.5,222.7,48.2,6.36,10.0,63.6,6.36,8.18,77.8,0.00,0.91,0.0,0.00,0.00,0.00,0.00,0.91,2.73,0.00,0.00,2.73,Matchs
400,Marius Bülter,de GER,"AT,MT",Schalke 04,de Bundesliga,29,1993,28.9,15.2,26.4,57.6,236.8,86.6,8.93,11.5,77.7,4.39,7.96,55.2,1.28,3.25,39.4,0.03,0.16,0.16,-0.12,1.35,1.45,1.52,0.80,2.98,Matchs
Clt,Joueur,Nation,Pos,Équipe,Comp,Âge,Naissance,90,Cmp,Att,Cmp%,TotDist,DistBut,Cmp,Att,Cmp%,Cmp,Att,Cmp%,Cmp,Att,Cmp%,PD,xAG,xA,A-xAG,PC,1/3,PPA,CntSR,PrgP,Matchs
401,Cristian Buonaiuto,it ITA,"MT,AT",Cremonese,it Serie A,29,1992,10.9,27.9,42.7,65.4,435.9,149.7,14.6,17.5,83.2,9.17,13.6,67.6,2.48,7.71,32.1,0.00,0.17,0.16,-0.17,1.56,2.84,1.38,0.37,3.58,Matchs
402,Facundo Buonanotte,ar ARG,"AT,MT",Brighton,eng Premier League,17,2004,6.3,24.9,30.8,80.9,382.1,83.3,16.0,18.1,88.6,5.71,7.30,78.3,2.70,3.33,81.0,0.16,0.08,0.06,0.08,0.95,1.43,1.59,0.32,02.06,Matchs
403,Alessandro Buongiorno,it ITA,DF,Torino,it Serie A,23,1999,30.2,44.1,52.1,84.7,736.5,227.1,19.1,21.3,89.9,22.2,24.8,89.5,1.89,3.74,50.4,0.07,0.04,0.03,0.02,0.26,2.32,0.17,0.10,2.68,Matchs
404,Delano Burgzorg,nl NED,"AT,MT",Mainz 05,de Bundesliga,23,1998,2.7,14.8,20.4,72.7,175.2,28.1,10.4,12.6,82.4,2.59,2.59,100.0,0.37,0.74,50.0,0.37,0.04,0.07,0.33,0.37,0.37,0.74,0.00,1.48,Matchs
405,Jonathan Burkardt,de GER,"MT,AT",Mainz 05,de Bundesliga,22,2000,5.9,12.0,18.5,65.1,189.7,53.7,6.27,7.80,80.4,3.90,5.42,71.9,1.36,2.37,57.1,0.34,0.19,0.27,0.15,1.19,0.51,1.53,0.34,2.37,Matchs
406,Oliver Burke,sct SCO,"AT,MT",Werder Bremen,de Bundesliga,25,1997,3.0,17.7,27.0,65.4,218.3,61.7,10.7,16.7,64.0,5.00,6.00,83.3,0.33,1.33,25.0,0.00,0.10,0.03,-0.10,1.33,1.33,1.00,0.00,2.33,Matchs
407,Dan Burn,eng ENG,DF,Newcastle Utd,eng Premier League,30,1992,34.6,39.3,49.6,79.4,642.6,255.9,19.5,22.1,88.0,16.4,19.7,83.0,2.72,5.29,51.4,0.00,0.04,0.04,-0.04,0.46,2.95,0.32,0.06,3.41,Matchs
408,Maxime Busi,be BEL,DF,Reims,fr Ligue 1,22,1999,11.6,40.0,52.9,75.6,739.1,249.4,17.0,20.9,81.4,17.2,21.5,80.3,5.00,8.45,59.2,0.09,0.06,0.06,0.03,0.60,3.36,1.12,0.60,4.91,Matchs
409,Sergio Busquets,es ESP,MT,Barcelona,es La Liga,34,1988,26.0,66.2,75.0,88.4,1177.3,346.8,29.1,31.7,91.6,28.7,31.6,90.6,07.04,8.54,82.4,0.15,0.11,0.14,0.05,0.96,8.85,1.27,0.12,9.77,Matchs
410,Aurélio Buta,pt POR,DF,Eint Frankfurt,de Bundesliga,25,1997,14.6,39.5,52.3,75.4,593.0,196.8,22.8,26.8,85.2,13.8,18.1,76.1,1.99,4.25,46.8,0.14,0.23,0.16,-0.09,1.23,2.40,1.37,0.82,3.22,Matchs
411,Leonardo Buta,pt POR,DF,Udinese,it Serie A,20,2002,0.2,50.0,65.0,76.9,830.0,270.0,30.0,30.0,100.0,15.0,25.0,60.0,5.00,5.00,100.0,0.00,0.00,0.00,0.00,0.00,0.00,0.00,0.00,5.00,Matchs
412,Marcin Bułka,pl POL,GB,Nice,fr Ligue 1,22,1999,2.0,27.0,33.5,80.6,732.5,578.0,4.50,4.50,100.0,16.0,16.5,97.0,6.50,12.5,52.0,0.00,0.00,0.00,0.00,0.00,0.00,0.00,0.00,0.00,Matchs
413,Jamie Bynoe-Gittens,eng ENG,"AT,MT",Dortmund,de Bundesliga,17,2004,5.9,17.6,24.1,73.2,209.3,55.6,12.2,15.3,80.0,3.39,4.75,71.4,0.34,1.53,22.2,0.17,0.12,0.17,0.05,0.34,1.53,0.85,0.00,1.53,Matchs
414,Juan Cabal,co COL,DF,Hellas Verona,it Serie A,21,2001,4.9,33.9,45.5,74.4,645.9,228.2,12.9,14.9,86.3,16.1,18.6,86.8,04.08,9.39,43.5,0.00,0.06,0.02,-0.06,0.41,03.06,0.61,0.41,3.47,Matchs
415,Rémy Cabella,fr FRA,"MT,AT",Lille,fr Ligue 1,32,1990,28.1,49.7,62.8,79.2,735.6,243.8,26.8,30.3,88.5,16.5,20.7,79.6,3.13,06.09,51.5,0.36,0.38,0.43,-0.02,3.56,5.44,2.70,0.43,8.19,Matchs
416,Jimmy Cabot,fr FRA,"DF,MT",Lens,fr Ligue 1,28,1994,5.7,45.8,60.7,75.4,812.1,267.9,21.6,24.0,89.8,17.9,22.8,78.5,5.61,11.9,47.1,0.18,0.37,0.35,-0.19,2.98,3.33,2.28,0.70,05.09,Matchs
417,Leandro Cabrera,uy URU,DF,Espanyol,es La Liga,31,1991,29.7,32.3,45.2,71.4,662.4,310.5,10.3,12.4,83.4,16.9,20.7,81.8,4.61,10.6,43.6,0.03,0.05,0.04,-0.02,0.47,2.93,0.40,0.13,3.20,Matchs
418,Liberato Cacace,nz NZL,DF,Empoli,it Serie A,21,2000,6.5,52.0,65.2,79.7,837.1,289.2,26.0,28.9,89.9,22.0,26.6,82.7,03.08,6.46,47.6,0.00,0.09,0.11,-0.09,1.23,3.69,0.15,0.15,6.31,Matchs
419,Anthony Caci,fr FRA,DF,Mainz 05,de Bundesliga,25,1997,22.6,36.1,50.4,71.5,740.4,338.3,13.5,15.9,84.4,15.1,20.4,74.0,6.64,11.6,57.3,0.04,0.12,0.10,-0.07,0.93,3.76,1.28,0.66,3.98,Matchs
420,Cafú,pt POR,MT,Nott'ham Forest,eng Premier League,29,1993,0.1,20.0,20.0,100.0,450.0,410.0,0.00,0.00,,20.0,20.0,100.0,0.00,0.00,,0.00,0.00,0.00,0.00,0.00,10.0,0.00,0.00,10.0,Matchs
421,Moisés Caicedo,ec ECU,MT,Brighton,eng Premier League,20,2001,34.9,57.1,64.5,88.5,864.7,230.3,31.9,34.4,92.5,19.6,21.6,90.5,3.61,4.56,79.2,0.03,0.08,0.07,-0.05,1.23,5.19,1.00,0.20,6.28,Matchs
422,Tom Cairney,sct SCO,MT,Fulham,eng Premier League,31,1991,11.0,57.5,68.2,84.3,921.2,220.7,29.6,32.0,92.6,20.9,24.0,87.1,4.64,7.64,60.7,0.00,0.13,0.14,-0.13,01.09,6.36,1.73,0.45,8.36,Matchs
423,Jens Cajuste,se SWE,MT,Reims,fr Ligue 1,22,1999,17.0,35.6,43.5,82.0,651.8,180.3,14.8,17.5,84.5,15.6,18.4,85.3,4.24,5.76,73.5,0.06,0.07,0.05,-0.01,0.94,3.88,0.88,0.00,6.41,Matchs
424,Cala,es ESP,DF,Cádiz,es La Liga,32,1989,1.5,20.0,25.3,78.9,528.0,182.7,2.67,3.33,80.0,9.33,11.3,82.4,8.00,10.7,75.0,0.00,0.00,0.00,0.00,0.00,0.00,0.00,0.00,1.33,Matchs
425,Davide Calabria,it ITA,DF,Milan,it Serie A,25,1996,18.8,55.3,67.9,81.5,940.0,313.9,25.7,27.6,93.4,24.0,27.9,86.3,4.68,9.95,47.1,0.21,0.09,0.09,0.12,01.01,3.78,01.01,0.64,5.74,Matchs
Clt,Joueur,Nation,Pos,Équipe,Comp,Âge,Naissance,90,Cmp,Att,Cmp%,TotDist,DistBut,Cmp,Att,Cmp%,Cmp,Att,Cmp%,Cmp,Att,Cmp%,PD,xAG,xA,A-xAG,PC,1/3,PPA,CntSR,PrgP,Matchs
426,Mattia Caldara,it ITA,DF,Spezia,it Serie A,28,1994,13.9,33.2,43.2,76.8,597.7,231.2,13.2,15.8,83.2,16.0,19.4,82.6,3.24,6.69,48.4,0.00,0.00,0.01,0.00,0.07,1.65,0.07,0.00,2.52,Matchs
427,Luca Caldirola,it ITA,DF,Monza,it Serie A,31,1991,26.1,48.4,55.0,87.9,856.0,317.5,20.5,21.3,96.2,22.7,25.0,90.7,4.18,6.86,60.9,0.00,0.02,0.01,-0.02,0.15,2.11,0.15,0.04,2.41,Matchs
428,Fernando Calero,es ESP,"DF,MT",Espanyol,es La Liga,26,1995,17.9,34.5,42.7,80.7,654.2,254.0,13.7,15.4,89.1,16.1,18.7,86.3,4.36,7.77,56.1,0.06,0.03,0.02,0.02,0.22,3.24,0.17,0.00,3.58,Matchs
429,Duje Ćaleta-Car,hr CRO,DF,Southampton,eng Premier League,25,1996,10.5,45.7,54.1,84.5,895.0,333.7,14.8,16.5,89.6,25.5,27.5,92.7,05.05,8.86,57.0,0.00,0.00,0.02,0.00,0.10,2.48,0.00,0.00,3.14,Matchs
430,Duje Ćaleta-Car,hr CRO,DF,Marseille,fr Ligue 1,25,1996,0.1,20.0,20.0,100.0,460.0,160.0,0.00,0.00,,20.0,20.0,100.0,0.00,0.00,,0.00,0.00,0.00,0.00,0.00,0.00,0.00,0.00,0.00,Matchs
431,Hakan Çalhanoğlu,tr TUR,MT,Inter,it Serie A,28,1994,26.3,53.1,63.8,83.2,972.5,297.8,24.2,26.2,92.3,20.8,24.0,86.7,6.84,11.0,62.5,0.23,0.19,0.23,0.04,2.66,5.67,1.41,0.42,6.54,Matchs
432,Kerim Calhanoglu,de GER,DF,Schalke 04,de Bundesliga,19,2002,0.7,42.9,60.0,71.4,820.0,554.3,20.0,22.9,87.5,14.3,21.4,66.7,8.57,11.4,75.0,0.00,0.29,0.29,-0.29,4.29,0.00,2.86,1.43,4.29,Matchs
433,Daniel Caligiuri,it ITA,"DF,MT",Augsburg,de Bundesliga,34,1988,3.2,33.4,51.9,64.5,592.8,291.9,14.7,17.8,82.5,13.1,22.2,59.2,04.06,09.06,44.8,0.00,0.13,0.09,-0.13,1.25,3.13,1.25,0.00,5.00,Matchs
434,Alexander Callens,pe PER,DF,Girona,es La Liga,30,1992,1.3,60.0,71.5,83.9,927.7,388.5,26.9,30.8,87.5,29.2,36.2,80.9,0.77,1.54,50.0,0.00,0.00,0.00,0.00,0.00,3.85,0.77,0.00,4.62,Matchs
435,Dominic Calvert-Lewin,eng ENG,AT,Everton,eng Premier League,25,1997,12.9,10.2,17.1,59.3,122.1,24.7,6.43,9.69,66.4,2.25,4.19,53.7,0.39,0.62,62.5,0.08,0.06,0.06,0.02,0.70,01.01,0.31,0.00,1.16,Matchs
436,Mahdi Camara,fr FRA,MT,Brest,fr Ligue 1,24,1998,20.2,28.6,34.8,82.2,429.0,103.1,14.3,16.4,87.3,11.2,13.5,83.5,1.14,1.73,65.7,0.00,0.02,0.02,-0.02,0.45,2.62,0.35,0.05,3.96,Matchs
437,Mohamed Camara,gn GUI,MT,Roma,it Serie A,25,1997,7.7,32.7,41.9,78.0,542.6,109.6,16.2,18.6,87.4,13.6,16.8,81.4,2.34,04.03,58.1,0.00,0.05,0.06,-0.05,0.39,3.51,0.39,0.13,3.90,Matchs
438,Mohamed Camara,ml MLI,MT,Monaco,fr Ligue 1,22,2000,24.4,45.9,52.6,87.1,871.6,243.9,17.8,19.8,89.9,20.5,22.5,91.3,6.27,8.32,75.4,0.12,0.09,0.06,0.03,0.74,4.96,0.61,0.08,5.53,Matchs
439,Ousmane Camara,gn GUI,"AT,MT",Auxerre,fr Ligue 1,20,2001,0.3,23.3,26.7,87.5,523.3,200.0,3.33,3.33,100.0,16.7,16.7,100.0,3.33,6.67,50.0,0.00,0.67,0.33,-0.67,3.33,3.33,3.33,3.33,6.67,Matchs
440,Ousmane Camara,fr FRA,DF,Angers,fr Ligue 1,19,2003,5.8,56.9,62.6,90.9,1108.8,367.9,18.1,19.3,93.8,30.9,32.8,94.2,6.72,8.45,79.6,0.00,0.00,0.00,0.00,0.00,02.07,0.00,0.00,2.76,Matchs
441,Eduardo Camavinga,fr FRA,"MT,DF",Real Madrid,es La Liga,19,2002,22.3,61.2,67.4,90.7,951.6,253.5,31.9,34.2,93.2,23.2,24.6,94.3,3.99,05.02,79.5,0.04,0.07,0.10,-0.02,01.08,6.19,0.76,0.04,7.40,Matchs
442,Nicolò Cambiaghi,it ITA,"AT,MT",Empoli,it Serie A,21,2000,14.3,22.4,30.2,74.3,318.6,65.0,13.6,15.3,88.6,06.01,8.32,72.3,1.33,2.38,55.9,0.07,0.08,0.11,-0.01,01.05,1.33,1.26,0.35,2.94,Matchs
443,Andrea Cambiaso,it ITA,DF,Bologna,it Serie A,22,2000,24.1,53.0,63.1,84.0,816.3,250.2,28.5,31.2,91.1,19.6,22.4,87.2,3.44,5.98,57.6,0.12,0.10,0.07,0.02,1.16,1.99,1.00,0.29,3.44,Matchs
444,Axel Camblan,fr FRA,"AT,MT",Brest,fr Ligue 1,18,2003,0.8,23.8,33.8,70.4,245.0,57.5,16.3,18.8,86.7,3.75,6.25,60.0,0.00,2.50,0.0,0.00,0.13,0.13,-0.13,2.50,0.00,0.00,0.00,5.00,Matchs
445,Sergio Camello,es ESP,AT,Rayo Vallecano,es La Liga,21,2001,26.7,15.3,19.6,78.0,216.6,27.5,8.80,10.7,82.5,4.72,5.84,80.8,0.75,01.05,71.4,0.19,0.09,0.06,0.10,01.05,0.56,0.49,0.00,1.57,Matchs
446,Chem Campbell,wls WAL,"AT,MT",Wolves,eng Premier League,19,2002,0.8,28.8,40.0,71.9,430.0,80.0,12.5,13.8,90.9,16.3,17.5,92.9,0.00,6.25,0.0,0.00,0.00,0.00,0.00,0.00,2.50,0.00,0.00,5.00,Matchs
447,Emre Can,de GER,MT,Dortmund,de Bundesliga,28,1994,21.1,54.6,61.0,89.5,985.5,283.7,21.1,22.9,92.3,25.8,27.8,93.0,5.78,7.49,77.2,0.05,0.06,0.07,-0.01,0.95,5.26,0.33,0.05,4.69,Matchs
448,Sergio Canales,es ESP,"AT,MT",Betis,es La Liga,31,1991,26.7,41.8,55.2,75.7,625.1,168.2,23.3,26.1,89.4,11.9,15.2,78.4,3.71,7.90,46.9,0.11,0.21,0.19,-0.10,2.10,3.52,1.91,0.52,5.36,Matchs
449,Matteo Cancellieri,it ITA,AT,Lazio,it Serie A,20,2002,2.8,21.8,31.1,70.1,270.4,35.0,15.7,17.9,88.0,5.36,8.93,60.0,0.00,1.79,0.0,0.00,0.14,0.11,-0.14,01.07,0.36,0.36,0.36,0.71,Matchs
450,João Cancelo,pt POR,DF,Manchester City,eng Premier League,28,1994,14.2,73.0,85.9,84.9,1174.2,292.0,40.7,43.7,93.1,25.6,30.3,84.4,5.70,8.66,65.9,0.07,0.06,0.11,0.01,0.85,5.63,2.54,0.63,7.46,Matchs
Clt,Joueur,Nation,Pos,Équipe,Comp,Âge,Naissance,90,Cmp,Att,Cmp%,TotDist,DistBut,Cmp,Att,Cmp%,Cmp,Att,Cmp%,Cmp,Att,Cmp%,PD,xAG,xA,A-xAG,PC,1/3,PPA,CntSR,PrgP,Matchs
451,João Cancelo,pt POR,"DF,AT",Bayern Munich,de Bundesliga,28,1994,11.2,63.7,76.9,82.8,1027.2,292.1,35.8,38.4,93.3,22.7,27.5,82.5,4.38,7.77,56.3,0.36,0.21,0.25,0.15,1.16,4.91,1.88,0.54,5.45,Matchs
452,Antonio Candreva,it ITA,"MT,DF",Salernitana,it Serie A,35,1987,30.3,38.4,52.7,72.9,649.2,227.1,19.9,21.8,91.5,13.0,17.7,73.3,04.09,9.41,43.5,0.13,0.16,0.16,-0.02,1.88,3.23,1.82,0.99,4.46,Matchs
453,Thomas Cannon,ie IRL,AT,Everton,eng Premier League,19,2002,0.3,13.3,16.7,80.0,123.3,0.00,10.0,13.3,75.0,3.33,3.33,100.0,0.00,0.00,,0.00,1.67,0.00,-1.67,3.33,0.00,0.00,0.00,0.00,Matchs
454,Sergi Canós,es ESP,"AT,DF",Brentford,eng Premier League,25,1997,0.9,25.6,47.8,53.5,297.8,84.4,15.6,20.0,77.8,4.44,16.7,26.7,1.11,2.22,50.0,0.00,0.00,0.00,0.00,1.11,2.22,1.11,0.00,2.22,Matchs
455,Ander Capa,es ESP,DF,Athletic Club,es La Liga,30,1992,1.2,61.7,75.8,81.3,1062.5,367.5,25.8,29.2,88.6,25.0,30.8,81.1,6.67,10.0,66.7,0.00,0.00,0.08,0.00,0.83,4.17,1.67,0.83,10.0,Matchs
456,Pierrick Capelle,fr FRA,"MT,DF",Angers,fr Ligue 1,35,1987,15.9,37.1,44.9,82.6,631.7,174.0,18.1,20.2,89.4,14.8,17.2,86.1,03.08,5.53,55.7,0.19,0.08,0.08,0.11,0.82,3.65,0.44,0.31,4.15,Matchs
457,Étienne Capoue,fr FRA,MT,Villarreal,es La Liga,34,1988,21.7,42.2,48.1,87.7,663.0,160.2,21.6,23.8,90.9,16.7,18.1,92.1,2.40,3.59,66.7,0.00,0.06,0.05,-0.06,0.46,5.30,0.37,0.05,4.52,Matchs
458,Gianluca Caprari,it ITA,"MT,AT",Monza,it Serie A,29,1993,27.1,31.5,39.9,78.8,480.7,96.4,18.3,20.7,88.2,9.23,11.9,77.6,2.58,3.69,70.0,0.07,0.09,0.10,-0.02,01.07,02.07,1.11,0.15,3.39,Matchs
459,Francesco Caputo,it ITA,AT,Sampdoria,it Serie A,34,1987,12.2,13.8,19.4,70.9,174.6,25.8,7.87,10.7,73.8,3.52,4.92,71.7,0.66,0.82,80.0,0.00,0.04,0.05,-0.04,0.74,0.90,0.33,0.00,0.90,Matchs
460,Francesco Caputo,it ITA,AT,Empoli,it Serie A,34,1987,19.0,12.4,17.5,70.8,144.3,28.4,8.42,10.8,77.7,2.74,3.63,75.4,0.05,0.26,20.0,0.21,0.12,0.06,0.09,01.05,0.47,0.16,0.00,1.11,Matchs
461,Maxence Caqueret,fr FRA,MT,Lyon,fr Ligue 1,22,2000,30.7,48.2,58.1,82.9,779.8,240.4,23.6,27.0,87.6,19.1,21.3,89.6,3.65,6.16,59.3,0.23,0.17,0.20,0.06,1.95,6.38,0.94,0.26,5.96,Matchs
462,Andrea Carboni,it ITA,DF,Monza,it Serie A,21,2001,1.9,36.3,45.8,79.3,615.8,293.7,17.4,20.0,86.8,15.3,16.3,93.5,3.68,7.37,50.0,0.00,0.05,0.16,-0.05,0.53,1.58,01.05,01.05,4.74,Matchs
463,Franco Carboni,it ITA,"DF,AT",Monza,it Serie A,19,2003,0.7,47.1,71.4,66.0,755.7,200.0,27.1,28.6,95.0,17.1,21.4,80.0,2.86,7.14,40.0,0.00,0.00,0.00,0.00,1.43,4.29,2.86,1.43,2.86,Matchs
464,Valentin Carboni,ar ARG,"MT,DF",Inter,it Serie A,17,2005,0.3,40.0,56.7,70.6,640.0,40.0,16.7,23.3,71.4,13.3,20.0,66.7,6.67,6.67,100.0,0.00,0.00,0.00,0.00,3.33,0.00,0.00,0.00,3.33,Matchs
465,Isaac Carcelen,es ESP,DF,Cádiz,es La Liga,29,1993,24.4,30.6,39.4,77.7,519.3,195.5,14.7,16.2,90.4,12.6,16.1,78.2,2.62,05.08,51.6,0.04,0.05,0.07,-0.01,0.66,2.66,0.70,0.49,3.48,Matchs
466,Irvin Cardona,fr FRA,"AT,MT",Brest,fr Ligue 1,24,1997,2.6,13.1,22.3,58.6,180.0,30.4,08.08,12.3,65.6,3.85,6.54,58.8,0.38,1.54,25.0,0.00,0.12,0.00,-0.12,1.15,0.77,0.00,0.00,1.54,Matchs
467,Irvin Cardona,fr FRA,"MT,AT",Augsburg,de Bundesliga,24,1997,3.5,10.3,21.1,48.6,129.1,30.9,6.29,9.14,68.8,2.29,6.00,38.1,0.57,2.86,20.0,0.00,0.03,0.03,-0.03,0.86,1.14,0.29,0.00,0.86,Matchs
468,Igor Carioca,br BRA,DF,Lorient,fr Ligue 1,25,1996,5.1,43.9,53.7,81.8,672.4,240.8,23.3,26.1,89.5,16.9,20.0,84.3,2.35,4.51,52.2,0.00,0.10,0.06,-0.10,0.39,3.33,0.98,0.20,4.31,Matchs
469,Carlos,br BRA,DF,Monza,it Serie A,23,1999,34.3,41.7,50.1,83.2,664.4,197.5,21.7,23.6,91.6,16.5,19.4,85.1,2.39,3.88,61.7,0.15,0.11,0.10,0.04,0.76,2.19,0.79,0.20,2.94,Matchs
470,Diego Carlos,br BRA,DF,Aston Villa,eng Premier League,29,1993,2.3,48.7,61.7,78.9,1016.5,383.0,15.2,17.8,85.4,26.1,30.9,84.5,7.39,12.2,60.7,0.00,0.00,0.04,0.00,0.43,3.91,0.43,0.00,4.78,Matchs
471,Juan Carlos,es ESP,GB,Girona,es La Liga,34,1988,10.0,28.8,34.0,84.7,716.0,463.5,5.20,5.30,98.1,17.0,17.6,96.6,6.60,11.1,59.5,0.00,0.00,0.00,0.00,0.00,0.10,0.00,0.00,0.00,Matchs
472,José Carlos Lazo,es ESP,"MT,AT",Almería,es La Liga,26,1996,0.2,15.0,20.0,75.0,245.0,10.0,10.0,15.0,66.7,5.00,5.00,100.0,0.00,0.00,,0.00,0.00,0.00,0.00,0.00,0.00,0.00,0.00,0.00,Matchs
473,José Carlos Lazo,es ESP,"MT,AT",Espanyol,es La Liga,26,1996,1.8,13.9,19.4,71.4,186.1,30.6,6.11,7.78,78.6,5.56,6.11,90.9,1.11,2.78,40.0,0.56,0.11,0.06,0.44,1.11,0.00,1.67,0.56,2.22,Matchs
474,Carmona,es ESP,"MT,DF",Elche,es La Liga,20,2002,6.5,19.8,28.6,69.4,294.9,112.2,12.5,15.4,81.0,5.69,8.31,68.5,1.23,2.46,50.0,0.00,0.02,0.03,-0.02,0.62,0.92,0.31,0.00,1.54,Matchs
475,Carmona,es ESP,DF,Sevilla,es La Liga,20,2002,5.9,45.6,55.9,81.5,747.8,233.9,22.2,24.1,92.3,20.0,24.9,80.3,2.88,5.42,53.1,0.17,0.07,0.03,0.10,0.34,04.07,0.51,0.34,1.86,Matchs
Clt,Joueur,Nation,Pos,Équipe,Comp,Âge,Naissance,90,Cmp,Att,Cmp%,TotDist,DistBut,Cmp,Att,Cmp%,Cmp,Att,Cmp%,Cmp,Att,Cmp%,PD,xAG,xA,A-xAG,PC,1/3,PPA,CntSR,PrgP,Matchs
476,Marco Carnesecchi,it ITA,GB,Cremonese,it Serie A,22,2000,27.0,20.9,35.3,59.2,669.3,527.7,3.67,3.70,99.0,8.56,8.78,97.5,8.48,22.4,37.9,0.04,0.01,0.00,0.03,0.07,1.22,0.04,0.00,0.00,Matchs
477,Yannick Carrasco,be BEL,"DF,MT",Atlético Madrid,es La Liga,28,1993,25.7,33.6,42.5,79.1,460.4,131.5,22.0,23.8,92.3,8.17,10.8,75.8,1.63,3.77,43.3,0.12,0.16,0.16,-0.04,1.83,1.36,1.40,0.27,3.27,Matchs
478,Dani Carvajal,es ESP,DF,Real Madrid,es La Liga,30,1992,19.8,57.2,67.3,85.0,927.1,204.1,30.7,33.5,91.4,21.0,24.4,86.1,4.34,6.21,69.9,0.10,0.10,0.10,0.00,1.11,2.88,01.06,0.40,2.93,Matchs
479,Fabio Carvalho,pt POR,"MT,AT",Liverpool,eng Premier League,19,2002,3.9,30.0,36.7,81.8,398.7,72.1,18.5,21.5,85.7,7.69,9.49,81.1,1.28,1.54,83.3,0.00,0.03,0.08,-0.03,0.26,1.79,0.51,0.00,03.08,Matchs
480,Matis Carvalho,pt POR,GB,Montpellier,fr Ligue 1,23,1999,1.5,14.0,35.3,39.6,616.0,529.3,0.67,0.67,100.0,3.33,3.33,100.0,10.0,30.7,32.6,0.00,0.00,0.00,0.00,0.00,0.67,0.00,0.00,0.00,Matchs
481,William Carvalho,pt POR,MT,Betis,es La Liga,30,1992,27.1,55.7,64.4,86.5,913.0,276.1,29.0,31.7,91.5,19.4,22.1,87.6,5.46,7.16,76.3,0.04,0.06,0.08,-0.02,0.81,6.27,0.85,0.04,7.49,Matchs
482,Nicolò Casale,it ITA,DF,Lazio,it Serie A,24,1998,27.1,54.8,59.6,91.9,969.6,350.6,21.8,23.4,93.4,25.9,27.3,94.6,5.24,6.24,84.0,0.04,0.01,0.02,0.03,0.15,02.03,0.04,0.00,2.58,Matchs
483,Casemiro,br BRA,MT,Manchester Utd,eng Premier League,30,1992,23.6,47.2,61.0,77.4,839.0,311.5,21.8,26.0,83.9,18.9,23.1,81.8,5.34,8.64,61.8,0.13,0.13,0.17,-0.00,1.19,5.76,0.97,0.17,6.44,Matchs
484,Casemiro,br BRA,MT,Real Madrid,es La Liga,30,1992,0.1,70.0,80.0,87.5,1340.0,500.0,60.0,60.0,100.0,0.00,0.00,,10.0,20.0,50.0,0.00,0.00,0.00,0.00,0.00,10.0,0.00,0.00,0.00,Matchs
485,Matty Cash,pl POL,DF,Aston Villa,eng Premier League,24,1997,20.2,38.5,49.8,77.2,676.8,227.5,17.1,19.0,89.8,17.9,21.8,81.9,03.02,6.88,43.9,0.05,0.03,0.04,0.01,0.40,2.82,0.74,0.45,3.71,Matchs
486,Tommaso Cassandro,it ITA,DF,Lecce,it Serie A,22,2000,0.1,60.0,60.0,100.0,1250.0,1040.0,30.0,30.0,100.0,20.0,20.0,100.0,10.0,10.0,100.0,0.00,0.00,0.00,0.00,0.00,10.0,10.0,0.00,0.00,Matchs
487,Timothy Castagne,be BEL,DF,Leicester City,eng Premier League,26,1995,36.2,40.6,50.7,80.1,583.6,232.6,24.7,27.6,89.7,13.0,16.2,80.2,1.66,3.65,45.5,0.08,0.07,0.06,0.01,0.61,2.46,0.55,0.28,2.93,Matchs
488,Michele Castagnetti,it ITA,MT,Cremonese,it Serie A,32,1989,15.7,39.7,51.4,77.3,696.9,271.1,18.1,21.1,85.8,16.8,20.9,80.2,3.95,7.20,54.9,0.06,0.11,0.12,-0.05,1.66,06.05,01.02,0.19,7.64,Matchs
489,Koen Casteels,be BEL,GB,Wolfsburg,de Bundesliga,30,1992,34.0,35.9,46.6,77.0,1071.2,742.1,05.03,05.06,99.4,16.0,16.2,98.6,14.8,25.2,58.6,0.03,0.02,0.00,0.01,0.03,1.18,0.00,0.00,0.06,Matchs
490,Valentín Castellanos,ar ARG,AT,Girona,es La Liga,23,1998,28.9,8.44,13.7,61.5,115.7,24.4,4.98,6.92,72.0,2.56,4.33,59.2,0.42,0.59,70.6,0.00,0.06,0.08,-0.06,0.52,0.59,0.55,0.03,1.18,Matchs
491,Jean-Charles Castelletto,cm CMR,DF,Nantes,fr Ligue 1,27,1995,28.5,39.6,48.2,82.3,738.0,288.8,14.6,17.0,86.2,19.9,22.4,88.9,3.96,6.98,56.8,0.00,0.01,0.04,-0.01,0.18,3.61,0.32,0.14,4.21,Matchs
492,Samu Castillejo,es ESP,"AT,MT",Valencia,es La Liga,27,1995,15.1,31.4,41.2,76.2,509.1,142.9,16.6,18.8,88.4,10.5,13.0,80.7,2.91,5.96,48.9,0.00,0.20,0.18,-0.20,1.99,3.25,1.39,0.40,05.03,Matchs
493,Jonny Castro,es ESP,DF,Wolves,eng Premier League,28,1994,14.0,50.1,59.4,84.3,792.9,259.9,27.3,29.9,91.2,18.9,21.8,86.6,3.14,4.43,71.0,0.00,0.07,0.06,-0.07,0.36,4.29,0.71,0.14,5.00,Matchs
494,Gaetano Castrovilli,it ITA,MT,Fiorentina,it Serie A,25,1997,8.0,23.5,30.1,78.0,359.5,69.9,12.9,14.5,88.8,7.25,8.63,84.1,2.13,4.75,44.7,0.13,0.14,0.13,-0.01,1.00,1.25,0.50,0.13,1.75,Matchs
495,Danilo Cataldi,it ITA,MT,Lazio,it Serie A,27,1994,21.3,53.8,62.2,86.6,823.4,289.8,30.9,33.2,92.9,16.6,19.2,86.3,4.41,6.67,66.2,0.05,0.05,0.07,-0.00,0.75,4.65,0.42,0.00,3.90,Matchs
496,Catena,es ESP,DF,Rayo Vallecano,es La Liga,27,1994,34.5,43.6,52.9,82.5,1063.1,444.3,8.67,9.86,87.9,24.4,26.5,92.0,10.5,15.6,67.1,0.03,0.04,0.02,-0.01,0.20,3.88,0.09,0.00,3.45,Matchs
497,Yoann Cathline,fr FRA,"AT,MT",Lorient,fr Ligue 1,20,2002,12.1,19.9,29.8,66.8,304.2,104.9,11.1,14.0,78.8,6.78,10.7,63.6,1.40,03.06,45.9,0.08,0.06,0.06,0.02,0.50,1.16,01.07,0.50,2.40,Matchs
498,Maximiliano Caufriez,be BEL,DF,Clermont Foot,fr Ligue 1,25,1997,24.7,40.3,45.6,88.5,715.4,262.1,17.0,18.6,91.7,18.1,19.7,91.6,4.13,5.67,72.9,0.00,0.00,0.01,0.00,0.00,2.71,0.16,0.00,3.72,Matchs
499,Edinson Cavani,uy URU,AT,Valencia,es La Liga,35,1987,16.1,16.3,22.0,74.3,250.2,34.5,10.0,12.6,79.3,4.53,5.84,77.7,1.37,1.68,81.5,0.12,0.11,0.07,0.02,0.75,0.87,0.25,0.00,1.24,Matchs
500,Dani Ceballos,es ESP,MT,Real Madrid,es La Liga,25,1996,17.4,78.3,86.4,90.6,1227.7,379.9,42.8,45.1,94.9,25.6,27.3,93.7,6.72,8.39,80.1,0.23,0.12,0.11,0.11,1.72,11.4,01.03,0.06,11.7,Matchs
Clt,Joueur,Nation,Pos,Équipe,Comp,Âge,Naissance,90,Cmp,Att,Cmp%,TotDist,DistBut,Cmp,Att,Cmp%,Cmp,Att,Cmp%,Cmp,Att,Cmp%,PD,xAG,xA,A-xAG,PC,1/3,PPA,CntSR,PrgP,Matchs
501,Pietro Ceccaroni,it ITA,DF,Lecce,it Serie A,26,1995,0.5,20.0,28.0,71.4,374.0,156.0,12.0,12.0,100.0,4.00,8.00,50.0,4.00,8.00,50.0,0.00,0.40,0.00,-0.40,2.00,0.00,0.00,0.00,0.00,Matchs
502,Federico Ceccherini,it ITA,DF,Hellas Verona,it Serie A,30,1992,15.7,30.5,39.7,76.9,552.0,222.4,12.7,14.3,88.4,13.9,16.6,83.9,3.31,6.24,53.1,0.00,0.01,0.02,-0.01,0.32,2.74,0.45,0.13,3.38,Matchs
503,Assan Ceesay,gm GAM,AT,Lecce,it Serie A,28,1994,20.1,11.2,19.6,57.4,145.8,18.2,6.37,9.60,66.3,03.08,5.27,58.5,0.60,1.39,42.9,0.00,0.04,0.03,-0.04,0.40,0.65,0.25,0.05,0.80,Matchs
504,Emil Ceide,no NOR,AT,Sassuolo,it Serie A,20,2001,5.7,21.6,29.6,72.8,275.6,87.5,15.6,18.1,86.4,4.21,6.32,66.7,0.70,1.23,57.1,0.18,0.23,0.16,-0.05,1.40,1.23,1.58,0.18,3.33,Matchs
505,Zeki Çelik,tr TUR,DF,Roma,it Serie A,25,1997,16.7,41.7,55.5,75.2,672.0,286.2,21.9,24.4,89.5,15.0,19.3,77.4,3.53,7.43,47.6,0.06,0.10,0.08,-0.04,0.96,3.29,1.44,0.42,04.01,Matchs
506,Álex Centelles,es ESP,DF,Almería,es La Liga,24,1997,12.5,33.0,46.2,71.4,562.3,237.2,15.2,17.8,85.2,13.6,17.3,78.7,2.96,7.76,38.1,0.16,0.10,0.09,0.06,01.04,2.56,0.72,0.48,2.80,Matchs
507,Fabien Centonze,fr FRA,DF,Nantes,fr Ligue 1,26,1996,18.8,38.0,50.3,75.7,600.3,251.7,19.4,23.2,83.3,14.6,18.7,78.1,2.50,5.16,48.5,0.00,0.05,0.05,-0.05,0.64,3.14,1.12,0.64,5.43,Matchs
508,Michele Cerofolini,it ITA,GB,Fiorentina,it Serie A,23,1999,5.0,29.6,39.0,75.9,792.8,541.6,5.40,5.40,100.0,14.2,14.2,100.0,9.80,19.2,51.0,0.00,0.00,0.00,0.00,0.00,0.20,0.00,0.00,0.00,Matchs
509,Franco Cervi,ar ARG,"MT,DF",Celta Vigo,es La Liga,28,1994,21.0,29.5,41.6,70.9,447.4,143.2,16.6,19.5,84.9,9.86,13.0,76.1,2.10,5.19,40.4,0.19,0.13,0.14,0.06,1.29,2.33,1.24,0.43,3.29,Matchs
510,Julio César Enciso,py PAR,"AT,MT",Brighton,eng Premier League,18,2004,9.0,19.9,28.7,69.4,249.1,60.9,14.0,18.6,75.4,5.00,7.33,68.2,0.33,0.89,37.5,0.22,0.19,0.16,0.03,1.44,1.56,1.00,0.00,3.44,Matchs
511,Julian Chabot,de GER,DF,Köln,de Bundesliga,24,1998,20.0,48.8,59.2,82.3,948.9,302.5,16.0,17.9,89.1,28.0,31.8,88.2,4.45,8.55,52.0,0.10,0.10,0.04,0.00,0.20,2.25,0.00,0.00,2.60,Matchs
512,Florian Chabrolle,fr FRA,MT,Ajaccio,fr Ligue 1,24,1998,3.7,32.4,37.3,87.0,492.4,93.2,16.2,17.6,92.3,13.2,15.4,86.0,01.08,2.43,44.4,0.00,0.00,0.03,0.00,0.00,1.89,0.54,0.00,3.78,Matchs
513,El Chadaille Bitshiabu,fr FRA,DF,Paris S-G,fr Ligue 1,17,2005,6.5,66.2,71.5,92.5,1146.6,381.1,28.3,29.7,95.3,30.8,33.2,92.6,05.08,6.31,80.5,0.00,0.02,0.02,-0.02,0.15,4.00,0.15,0.00,3.54,Matchs
514,Fares Chaïbi,dz ALG,"AT,MT",Toulouse,fr Ligue 1,19,2002,26.0,28.5,39.2,72.9,441.9,120.9,15.3,18.7,81.9,9.69,12.5,77.8,2.15,4.65,46.3,0.19,0.19,0.17,0.00,1.15,2.62,01.04,0.19,3.88,Matchs
515,Nathaniel Chalobah,eng ENG,MT,Fulham,eng Premier League,27,1994,0.1,40.0,50.0,80.0,670.0,90.0,20.0,20.0,100.0,20.0,20.0,100.0,0.00,0.00,,0.00,0.00,0.00,0.00,0.00,10.0,0.00,0.00,0.00,Matchs
516,Trevoh Chalobah,eng ENG,DF,Chelsea,eng Premier League,23,1999,17.9,58.7,67.0,87.6,1039.3,297.0,23.4,26.1,89.7,30.8,33.2,92.8,3.91,5.98,65.4,0.00,0.02,0.02,-0.02,0.22,3.58,0.17,0.06,3.97,Matchs
517,Muhammed Cham,at AUT,MT,Clermont Foot,fr Ligue 1,21,2000,21.9,37.1,47.4,78.3,592.3,144.6,18.7,21.9,85.4,13.2,15.8,83.5,3.24,5.94,54.6,0.18,0.14,0.19,0.04,1.42,2.83,1.60,0.14,4.84,Matchs
518,Calum Chambers,eng ENG,"DF,MT",Aston Villa,eng Premier League,27,1995,3.9,40.3,53.1,75.8,749.7,335.9,16.9,19.5,86.8,19.7,24.1,81.9,3.59,7.95,45.2,0.00,0.08,0.05,-0.08,0.51,2.31,0.51,0.26,4.10,Matchs
519,Timothy Chandler,us USA,DF,Eint Frankfurt,de Bundesliga,32,1990,1.0,36.0,61.0,59.0,770.0,554.0,8.00,20.0,40.0,18.0,25.0,72.0,8.00,10.0,80.0,0.00,0.00,0.10,0.00,1.00,7.00,0.00,0.00,7.00,Matchs
520,Gaëtan Charbonnier,fr FRA,"AT,MT",Auxerre,fr Ligue 1,33,1988,2.8,28.2,31.8,88.8,485.4,106.4,12.9,15.0,85.7,11.8,12.9,91.7,2.50,2.50,100.0,0.00,0.07,0.04,-0.07,01.07,1.79,1.79,0.00,3.93,Matchs
521,Brendan Chardonnet,fr FRA,DF,Brest,fr Ligue 1,27,1994,27.7,38.3,47.6,80.4,859.1,337.4,10.5,12.1,87.4,19.7,21.9,89.8,7.26,12.2,59.5,0.00,0.01,0.03,-0.01,0.29,3.47,0.40,0.11,2.89,Matchs
522,Shea Charles,nir NIR,DF,Manchester City,eng Premier League,18,2003,0.3,76.7,83.3,92.0,1520.0,353.3,23.3,26.7,87.5,43.3,43.3,100.0,10.0,10.0,100.0,0.00,0.00,0.00,0.00,0.00,10.0,0.00,0.00,3.33,Matchs
523,Xavier Chavalerin,fr FRA,MT,Troyes,fr Ligue 1,31,1991,27.0,32.4,39.6,81.9,535.3,180.2,15.4,17.2,89.2,12.9,14.9,86.6,2.56,4.41,58.0,0.07,0.09,0.08,-0.01,0.81,2.85,0.44,0.19,3.52,Matchs
524,Pep Chavarría,es ESP,"AT,MT",Rayo Vallecano,es La Liga,24,1998,4.1,30.7,43.4,70.8,471.5,181.2,15.9,18.8,84.4,11.0,13.9,78.9,1.95,4.39,44.4,0.49,0.17,0.12,0.32,2.68,1.71,1.95,0.49,4.63,Matchs
525,Ivane Chegra,fr FRA,"MT,AT",Ajaccio,fr Ligue 1,18,2004,2.1,10.0,19.0,52.5,212.9,110.5,2.86,7.14,40.0,4.76,6.19,76.9,1.90,4.29,44.4,0.00,0.05,0.05,-0.05,0.48,2.38,0.48,0.00,3.33,Matchs
Clt,Joueur,Nation,Pos,Équipe,Comp,Âge,Naissance,90,Cmp,Att,Cmp%,TotDist,DistBut,Cmp,Att,Cmp%,Cmp,Att,Cmp%,Cmp,Att,Cmp%,PD,xAG,xA,A-xAG,PC,1/3,PPA,CntSR,PrgP,Matchs
526,Pape Cheikh Diop,sn SEN,MT,Elche,es La Liga,24,1997,0.4,35.0,47.5,73.7,555.0,177.5,20.0,22.5,88.9,15.0,20.0,75.0,0.00,5.00,0.0,0.00,0.00,0.00,0.00,0.00,2.50,0.00,0.00,2.50,Matchs
527,Rayan Cherki,fr FRA,"MT,AT",Lyon,fr Ligue 1,18,2003,20.8,40.6,52.6,77.1,663.4,173.1,20.8,24.3,85.7,13.4,17.0,78.8,4.42,7.64,57.9,0.29,0.35,0.43,-0.06,3.17,3.41,2.88,0.19,6.92,Matchs
528,Ilyes Cheti,dz ALG,DF,Angers,fr Ligue 1,27,1995,2.3,44.3,51.3,86.4,735.7,203.0,21.7,24.3,89.3,16.1,17.4,92.5,4.35,6.52,66.7,0.00,0.09,0.00,-0.09,0.43,2.61,0.43,0.43,1.74,Matchs
529,Lucas Chevalier,fr FRA,GB,Lille,fr Ligue 1,20,2001,32.0,24.3,31.6,77.1,549.4,376.6,6.97,7.00,99.6,12.5,12.8,98.3,4.56,11.5,39.8,0.00,0.02,0.01,-0.02,0.06,0.59,0.00,0.00,0.00,Matchs
530,Fabio Chiarodia,it ITA,DF,Werder Bremen,de Bundesliga,17,2005,0.7,21.4,31.4,68.2,478.6,200.0,4.29,8.57,50.0,11.4,12.9,88.9,5.71,7.14,80.0,0.00,0.00,0.00,0.00,0.00,4.29,0.00,0.00,5.71,Matchs
531,Federico Chiesa,it ITA,"DF,MT",Juventus,it Serie A,24,1997,9.5,25.9,35.6,72.8,400.6,117.3,14.2,17.2,82.8,9.16,12.5,73.1,1.47,2.74,53.8,0.53,0.27,0.18,0.25,2.11,2.63,1.58,0.63,3.58,Matchs
532,Ben Chilwell,eng ENG,"DF,MT",Chelsea,eng Premier League,25,1996,15.6,48.8,62.6,78.0,702.8,207.6,30.1,32.5,92.5,14.3,18.2,78.5,2.69,7.88,34.1,0.13,0.14,0.15,-0.01,1.35,2.69,0.64,0.45,2.63,Matchs
533,Vlad Chiricheș,ro ROU,DF,Cremonese,it Serie A,32,1989,10.9,31.6,37.6,83.9,621.7,288.6,10.9,11.7,93.0,16.3,18.6,87.7,3.76,6.24,60.3,0.00,0.00,0.00,0.00,0.09,1.56,0.00,0.00,1.65,Matchs
534,Pedro Chirivella,es ESP,MT,Nantes,fr Ligue 1,25,1997,22.5,51.7,60.4,85.5,951.6,278.2,21.9,23.5,93.4,20.7,23.2,89.1,07.07,10.6,66.5,0.04,0.08,0.04,-0.03,01.07,08.09,0.53,0.04,7.64,Matchs
535,Joris Chotard,fr FRA,MT,Montpellier,fr Ligue 1,20,2001,27.3,31.8,40.0,79.4,575.8,200.3,13.0,15.2,85.5,13.3,15.6,85.6,04.03,6.70,60.1,0.22,0.13,0.10,0.09,0.99,3.26,0.70,0.11,3.85,Matchs
536,Andreas Christensen,dk DEN,DF,Barcelona,es La Liga,26,1996,19.6,72.2,76.9,94.0,1316.5,443.1,28.0,29.6,94.7,37.8,38.8,97.2,5.77,7.24,79.6,0.05,0.03,0.05,0.03,0.31,5.82,0.20,0.00,4.64,Matchs
537,Oliver Christensen,dk DEN,GB,Hertha BSC,de Bundesliga,23,1999,33.0,23.5,36.9,63.8,711.0,562.1,4.00,4.00,100.0,10.5,10.7,98.0,09.06,22.0,41.1,0.00,0.00,0.00,0.00,0.00,0.39,0.00,0.00,0.06,Matchs
538,Ryan Christie,sct SCO,"MT,AT",Bournemouth,eng Premier League,27,1995,20.4,25.5,31.9,80.0,409.6,99.4,13.7,16.0,85.3,8.58,9.61,89.3,2.30,3.97,58.0,0.05,0.12,0.10,-0.07,1.47,2.11,0.93,0.10,3.48,Matchs
539,Carney Chukwuemeka,eng ENG,"MT,AT",Chelsea,eng Premier League,18,2003,3.9,45.9,52.1,88.2,587.4,128.7,32.3,35.9,90.0,8.46,9.49,89.2,02.05,02.05,100.0,0.00,0.15,0.15,-0.15,02.05,2.82,1.79,0.51,5.90,Matchs
540,Samuel Chukwueze,ng NGA,"AT,MT",Villarreal,es La Liga,23,1999,26.0,26.8,34.9,76.8,406.6,88.9,15.5,18.0,86.1,8.81,11.1,79.2,1.92,2.92,65.8,0.19,0.17,0.17,0.03,1.69,1.35,1.73,0.27,3.27,Matchs
541,Darko Churlinov,mk MKD,AT,Stuttgart,de Bundesliga,22,2000,0.3,0.00,0.00,,0.00,0.00,0.00,0.00,,0.00,0.00,,0.00,0.00,,0.00,0.00,0.00,0.00,0.00,0.00,0.00,0.00,0.00,Matchs
542,Víctor Chust,es ESP,DF,Cádiz,es La Liga,22,2000,10.7,34.0,41.1,82.7,749.2,277.3,9.81,11.0,89.0,16.1,17.9,89.6,7.29,10.6,69.0,0.00,0.00,0.01,0.00,0.09,02.06,0.09,0.00,02.06,Matchs
543,Tolga Ciğerci,tr TUR,MT,Hertha BSC,de Bundesliga,30,1992,7.5,43.5,56.0,77.6,713.3,197.9,19.5,22.5,86.4,20.0,24.7,81.1,2.93,5.73,51.2,0.13,0.04,0.07,0.09,0.67,03.07,0.27,0.13,4.27,Matchs
544,Yanis Cimignani,fr FRA,"MT,DF",Ajaccio,fr Ligue 1,20,2002,3.1,24.2,36.5,66.4,401.6,86.1,13.2,16.5,80.4,08.06,12.9,62.5,2.58,4.52,57.1,0.00,0.03,0.03,-0.03,0.97,0.32,0.65,0.65,0.00,Matchs
545,Daniel Ciofani,it ITA,AT,Cremonese,it Serie A,37,1985,11.8,10.2,16.5,61.5,143.2,36.2,5.42,7.80,69.6,2.88,4.58,63.0,0.85,1.36,62.5,0.00,0.06,0.08,-0.06,0.85,1.10,0.34,0.00,0.85,Matchs
546,Tio Cipot,si SVN,"AT,MT",Spezia,it Serie A,19,2003,1.5,26.7,39.3,67.8,348.0,103.3,16.7,18.0,92.6,8.67,12.0,72.2,0.67,4.00,16.7,0.00,0.07,0.07,-0.07,2.00,1.33,1.33,0.67,3.33,Matchs
547,Pathé Ciss,sn SEN,"MT,DF",Rayo Vallecano,es La Liga,28,1994,14.2,40.5,49.3,82.1,779.9,215.6,15.9,18.9,84.3,19.2,21.6,88.9,4.93,6.76,72.9,0.00,0.02,0.02,-0.02,0.42,4.44,0.28,0.00,4.58,Matchs
548,Souleymane Cissé,fr FRA,DF,Clermont Foot,fr Ligue 1,19,2002,0.4,20.0,27.5,72.7,320.0,22.5,12.5,12.5,100.0,7.50,12.5,60.0,0.00,0.00,,0.00,0.00,0.00,0.00,0.00,0.00,0.00,0.00,0.00,Matchs
549,Patrick Ciurria,it ITA,"DF,MT",Monza,it Serie A,27,1995,30.6,34.7,43.6,79.5,545.5,168.5,18.4,20.7,88.9,12.6,16.1,78.5,2.48,4.58,54.3,0.16,0.18,0.11,-0.02,1.18,2.19,01.01,0.46,2.97,Matchs
550,Bobby Clark,eng ENG,MT,Liverpool,eng Premier League,17,2005,0.1,10.0,10.0,100.0,290.0,170.0,0.00,0.00,,10.0,10.0,100.0,0.00,0.00,,0.00,0.00,1.00,0.00,0.00,0.00,10.0,0.00,10.0,Matchs
Clt,Joueur,Nation,Pos,Équipe,Comp,Âge,Naissance,90,Cmp,Att,Cmp%,TotDist,DistBut,Cmp,Att,Cmp%,Cmp,Att,Cmp%,Cmp,Att,Cmp%,PD,xAG,xA,A-xAG,PC,1/3,PPA,CntSR,PrgP,Matchs
551,Alexis Claude-Maurice,fr FRA,AT,Nice,fr Ligue 1,24,1998,0.7,28.6,35.7,80.0,371.4,47.1,17.1,18.6,92.3,7.14,10.0,71.4,1.43,2.86,50.0,0.00,0.00,0.00,0.00,1.43,1.43,1.43,0.00,2.86,Matchs
552,Alexis Claude-Maurice,fr FRA,"MT,AT",Lens,fr Ligue 1,24,1998,6.7,30.0,35.8,83.8,404.2,80.7,18.2,20.3,89.7,9.25,10.9,84.9,0.75,1.49,50.0,0.45,0.19,0.13,0.25,01.04,2.39,01.04,0.00,3.73,Matchs
553,Jonathan Clauss,fr FRA,DF,Marseille,fr Ligue 1,29,1992,28.8,37.9,50.7,74.7,612.7,218.2,19.2,23.3,82.4,14.8,18.8,78.6,2.57,5.21,49.3,0.31,0.29,0.25,0.02,1.70,3.13,1.88,0.80,4.20,Matchs
554,Carlos Clerc,es ESP,"DF,MT",Elche,es La Liga,30,1992,29.3,35.5,47.7,74.4,549.5,227.3,19.2,21.8,88.2,13.4,16.9,79.2,2.15,6.11,35.2,0.03,0.07,0.07,-0.04,0.55,2.66,0.61,0.31,3.65,Matchs
555,Nathaniel Clyne,eng ENG,DF,Crystal Palace,eng Premier League,31,1991,18.2,35.9,45.7,78.6,560.7,213.6,18.7,21.2,88.3,15.5,19.0,81.8,1.32,04.01,32.9,0.00,0.04,0.03,-0.04,0.38,2.80,0.33,0.27,2.86,Matchs
556,Conor Coady,eng ENG,DF,Everton,eng Premier League,29,1993,23.3,44.0,51.9,84.8,932.7,357.8,12.2,13.0,94.0,24.8,26.7,92.9,6.65,11.5,58.1,0.04,0.01,0.02,0.03,0.17,3.13,0.13,0.04,1.85,Matchs
557,Nicolò Cocetta,it ITA,DF,Udinese,it Serie A,18,2003,0.4,27.5,30.0,91.7,425.0,142.5,10.0,10.0,100.0,17.5,20.0,87.5,0.00,0.00,,0.00,0.00,0.00,0.00,0.00,0.00,0.00,0.00,0.00,Matchs
558,Marcus Coco,fr FRA,"AT,MT",Nantes,fr Ligue 1,26,1996,7.1,24.6,34.4,71.7,400.1,126.3,13.7,17.5,78.2,6.76,9.44,71.6,2.82,4.93,57.1,0.00,0.15,0.10,-0.15,1.41,2.11,1.13,0.70,3.66,Matchs
559,Alexandre Coeff,fr FRA,DF,Auxerre,fr Ligue 1,30,1992,6.5,44.2,54.3,81.3,945.1,342.9,11.1,13.5,81.8,25.4,28.2,90.2,6.77,10.5,64.7,0.15,0.05,0.02,0.11,0.15,2.92,0.15,0.00,4.00,Matchs
560,Jack Colback,eng ENG,MT,Nott'ham Forest,eng Premier League,32,1989,5.5,21.6,26.0,83.2,352.0,81.1,11.1,12.9,85.9,8.73,10.0,87.3,1.45,2.00,72.7,0.00,0.04,0.04,-0.04,0.36,2.18,0.55,0.18,2.91,Matchs
561,Séamus Coleman,ie IRL,DF,Everton,eng Premier League,33,1988,18.4,32.4,42.9,75.7,523.0,207.9,16.6,19.0,87.4,12.9,16.3,79.3,2.28,5.38,42.4,0.00,0.05,0.05,-0.05,0.22,1.90,0.98,0.38,3.32,Matchs
562,David Čolina,hr CRO,"DF,AT",Augsburg,de Bundesliga,22,2000,1.8,22.8,39.4,57.7,357.8,162.8,13.9,18.9,73.5,5.00,10.0,50.0,2.78,6.67,41.7,0.00,0.06,0.06,-0.06,1.11,1.67,1.11,0.56,3.33,Matchs
563,Álex Collado,es ESP,MT,Elche,es La Liga,23,1999,8.1,34.1,41.5,82.1,515.7,112.2,20.2,21.9,92.7,9.51,11.4,83.7,2.96,4.44,66.7,0.12,0.20,0.20,-0.07,2.47,03.09,1.23,0.25,4.20,Matchs
564,Diego Collado,es ESP,AT,Villarreal,es La Liga,21,2001,0.1,50.0,70.0,71.4,1110.0,150.0,20.0,30.0,66.7,20.0,20.0,100.0,10.0,10.0,100.0,0.00,0.00,0.00,0.00,0.00,0.00,0.00,0.00,10.0,Matchs
565,Omar Colley,gm GAM,DF,Sampdoria,it Serie A,29,1992,15.4,39.9,46.4,86.1,789.3,263.8,10.7,12.1,88.7,24.7,26.8,92.2,3.77,6.23,60.4,0.00,0.00,0.01,0.00,0.00,2.47,0.06,0.00,2.14,Matchs
566,Nathan Collins,ie IRL,DF,Wolves,eng Premier League,21,2001,20.2,49.6,56.3,88.0,992.3,342.5,15.0,16.4,91.6,28.0,30.2,92.8,5.64,8.32,67.9,0.00,0.00,0.01,-0.00,0.10,3.37,0.10,0.00,3.17,Matchs
567,Lorenzo Colombo,it ITA,AT,Lecce,it Serie A,20,2002,16.8,12.4,19.8,62.7,157.1,33.8,7.92,10.7,73.9,2.38,3.69,64.5,0.65,1.67,39.3,0.12,0.08,0.03,0.04,01.01,0.83,0.36,0.12,1.25,Matchs
568,Andrea Colpani,it ITA,MT,Monza,it Serie A,23,1999,10.5,30.4,39.0,78.0,515.4,120.8,15.0,17.1,87.2,11.7,13.8,84.8,2.86,5.24,54.5,0.10,0.18,0.17,-0.09,1.62,2.67,1.33,0.19,4.86,Matchs
569,Levi Colwill,eng ENG,DF,Brighton,eng Premier League,19,2003,13.6,75.5,85.7,88.2,1317.1,549.6,31.7,34.4,92.1,36.8,40.6,90.8,5.51,7.79,70.8,0.15,0.04,0.02,0.11,0.51,5.74,0.22,0.00,5.15,Matchs
570,Kingsley Coman,fr FRA,"AT,MT",Bayern Munich,de Bundesliga,26,1996,15.7,40.8,51.3,79.4,643.7,135.5,22.9,25.9,88.4,13.9,17.1,81.0,03.06,4.97,61.5,0.32,0.35,0.41,-0.03,2.68,1.66,2.80,01.08,4.46,Matchs
571,Eray Cömert,ch SUI,DF,Valencia,es La Liga,24,1998,18.6,43.8,50.8,86.2,930.2,321.5,11.2,12.6,88.9,26.0,27.6,94.2,06.08,9.14,66.5,0.00,0.01,0.01,-0.01,0.16,2.58,0.11,0.00,2.90,Matchs
572,Santi Comesaña,es ESP,MT,Rayo Vallecano,es La Liga,25,1996,27.2,37.6,45.6,82.6,610.2,185.0,19.6,22.2,88.2,13.9,16.5,84.0,03.05,4.23,72.2,0.07,0.08,0.07,-0.01,1.51,5.00,0.63,0.07,5.51,Matchs
573,Andrea Consigli,it ITA,GB,Sassuolo,it Serie A,35,1987,35.0,32.3,40.8,79.2,895.9,588.5,5.71,5.74,99.5,13.8,13.9,99.4,12.7,21.0,60.4,0.00,0.00,0.00,0.00,0.00,0.46,0.00,0.00,0.03,Matchs
574,Abdu Conté,pt POR,DF,Troyes,fr Ligue 1,24,1998,14.6,40.5,51.6,78.4,712.4,266.2,17.5,20.8,84.5,18.5,22.2,83.3,3.56,5.68,62.7,0.14,0.14,0.12,0.00,0.96,2.81,0.96,0.41,3.84,Matchs
575,Andrea Conti,it ITA,DF,Sampdoria,it Serie A,28,1994,0.3,20.0,36.7,54.5,253.3,83.3,16.7,23.3,71.4,3.33,10.0,33.3,0.00,0.00,,0.00,0.00,0.00,0.00,0.00,0.00,0.00,0.00,3.33,Matchs
Clt,Joueur,Nation,Pos,Équipe,Comp,Âge,Naissance,90,Cmp,Att,Cmp%,TotDist,DistBut,Cmp,Att,Cmp%,Cmp,Att,Cmp%,Cmp,Att,Cmp%,PD,xAG,xA,A-xAG,PC,1/3,PPA,CntSR,PrgP,Matchs
576,Lewis Cook,eng ENG,MT,Bournemouth,eng Premier League,25,1997,19.1,31.0,39.3,79.0,519.5,164.2,15.2,17.3,88.2,12.5,14.3,86.9,2.51,4.87,51.6,0.10,0.13,0.12,-0.03,1.26,2.88,0.73,0.47,3.30,Matchs
577,Steve Cook,eng ENG,DF,Nott'ham Forest,eng Premier League,31,1991,10.6,34.8,43.3,80.4,743.8,236.9,7.55,9.34,80.8,22.1,24.6,89.7,4.81,8.58,56.0,0.00,0.06,0.06,-0.06,0.28,1.70,0.19,0.09,1.79,Matchs
578,Liam Cooper,sct SCO,DF,Leeds United,eng Premier League,30,1991,15.8,39.2,49.9,78.6,727.3,289.1,15.3,17.3,88.0,20.1,23.8,84.6,3.29,7.41,44.4,0.00,0.04,0.02,-0.04,0.32,3.10,0.06,0.06,2.97,Matchs
579,Copete,es ESP,DF,Mallorca,es La Liga,22,1999,24.5,27.3,35.9,75.9,549.2,234.5,9.47,10.7,88.5,13.0,14.9,87.2,4.33,8.12,53.3,0.00,0.01,0.01,-0.01,0.12,2.49,0.16,0.04,2.37,Matchs
580,Diego Coppola,it ITA,DF,Hellas Verona,it Serie A,18,2003,13.1,30.8,42.5,72.4,577.3,250.0,11.1,13.3,83.3,16.9,20.7,81.9,2.44,6.34,38.6,0.00,0.00,0.02,0.00,0.00,2.29,0.23,0.08,3.21,Matchs
581,Francis Coquelin,fr FRA,MT,Villarreal,es La Liga,31,1991,8.3,31.9,37.5,85.2,455.2,96.7,18.3,20.1,91.0,9.64,10.6,90.9,1.69,2.41,70.0,0.00,0.12,0.14,-0.12,0.72,2.29,0.36,0.12,3.49,Matchs
582,Sébastien Corchia,fr FRA,DF,Nantes,fr Ligue 1,31,1990,8.7,29.5,42.6,69.3,500.5,217.8,13.8,17.2,80.0,11.8,17.4,68.2,2.64,5.17,51.1,0.11,0.03,0.05,0.08,0.57,02.07,0.80,0.57,3.33,Matchs
583,Alex Cordaz,it ITA,GB,Inter,it Serie A,39,1983,0.3,36.7,66.7,55.0,913.3,666.7,13.3,13.3,100.0,10.0,13.3,75.0,13.3,36.7,36.4,0.00,0.00,0.00,0.00,0.00,0.00,0.00,0.00,0.00,Matchs
584,Maxwel Cornet,ci CIV,AT,West Ham,eng Premier League,25,1996,2.7,26.7,35.9,74.2,348.9,61.5,17.4,20.0,87.0,07.04,10.0,70.4,0.74,0.74,100.0,0.00,0.04,0.04,-0.04,0.37,1.11,0.37,0.37,1.85,Matchs
585,Jesús Corona,mx MEX,AT,Sevilla,es La Liga,29,1993,1.2,27.5,35.0,78.6,371.7,33.3,18.3,18.3,100.0,6.67,10.8,61.5,1.67,3.33,50.0,0.00,0.17,0.17,-0.17,2.50,0.83,1.67,0.00,2.50,Matchs
586,Ángel Correa,ar ARG,"AT,MT",Atlético Madrid,es La Liga,27,1995,16.2,25.1,32.1,78.1,323.3,74.1,16.7,19.1,87.1,5.74,7.28,78.8,0.99,2.28,43.2,0.06,0.22,0.22,-0.15,1.42,1.67,1.17,0.19,3.58,Matchs
587,Joaquín Correa,ar ARG,AT,Inter,it Serie A,27,1994,10.6,21.1,26.7,79.2,324.3,65.2,11.2,13.4,83.8,7.74,09.06,85.4,1.23,1.32,92.9,0.09,0.12,0.09,-0.03,1.42,2.17,0.85,0.00,2.74,Matchs
588,Thierry Correia,pt POR,DF,Valencia,es La Liga,23,1999,22.3,47.0,61.1,76.8,774.7,281.4,25.5,28.7,88.9,16.2,20.9,77.7,4.39,8.70,50.5,0.00,0.05,0.09,-0.05,0.63,4.53,1.17,0.63,4.66,Matchs
589,Alessandro Cortinovis,it ITA,MT,Hellas Verona,it Serie A,21,2001,0.1,50.0,60.0,83.3,770.0,350.0,30.0,30.0,100.0,20.0,20.0,100.0,0.00,10.0,0.0,0.00,0.00,0.00,0.00,0.00,0.00,20.0,10.0,20.0,Matchs
590,Danny da Costa,de GER,DF,Mainz 05,de Bundesliga,29,1993,13.7,27.2,44.3,61.3,484.2,235.6,10.2,13.2,77.3,13.9,21.8,64.1,1.97,6.20,31.8,0.15,0.07,0.09,0.07,0.80,2.70,1.53,0.58,4.53,Matchs
591,David Pereira da Costa,pt POR,"MT,AT",Lens,fr Ligue 1,21,2001,15.6,39.4,48.8,80.8,617.9,172.4,19.9,22.5,88.6,15.3,19.0,80.5,2.37,3.78,62.7,0.19,0.26,0.27,-0.07,1.86,4.42,02.05,0.26,7.50,Matchs
592,Diego Costa,es ESP,AT,Wolves,eng Premier League,33,1988,13.8,11.4,16.0,71.5,135.5,22.6,6.74,8.55,78.8,3.26,04.06,80.4,0.14,0.36,40.0,0.00,0.05,0.05,-0.05,0.80,0.65,0.29,0.00,0.94,Matchs
593,Jaume Costa,es ESP,DF,Mallorca,es La Liga,34,1988,28.9,29.6,40.3,73.3,487.9,188.6,15.2,17.5,87.1,11.6,15.5,74.8,2.28,4.81,47.5,0.03,0.09,0.09,-0.05,01.07,1.90,01.07,0.59,2.56,Matchs
594,Logan Costa,cv CPV,DF,Toulouse,fr Ligue 1,21,2001,4.6,42.2,50.0,84.3,822.4,371.3,14.1,16.1,87.8,20.2,22.4,90.3,6.74,9.57,70.5,0.00,0.04,0.02,-0.04,0.43,3.26,0.43,0.00,3.91,Matchs
595,Nuno da Costa,cv CPV,"AT,MT",Auxerre,fr Ligue 1,31,1991,22.3,11.7,17.1,68.5,187.0,55.2,5.56,8.21,67.8,3.90,05.02,77.7,1.21,1.84,65.9,0.18,0.17,0.10,0.01,1.12,0.99,0.54,0.22,1.43,Matchs
596,Samu Costa,pt POR,MT,Almería,es La Liga,21,2000,22.1,39.1,49.6,78.8,718.8,232.3,17.3,19.9,87.2,16.7,19.4,86.0,4.62,7.65,60.4,0.09,0.05,0.05,0.05,0.59,03.08,0.50,0.00,4.12,Matchs
597,Benoît Costil,fr FRA,GB,Auxerre,fr Ligue 1,35,1987,19.0,21.8,31.2,69.8,726.4,547.5,2.84,2.84,100.0,9.11,9.42,96.6,9.79,18.8,52.1,0.00,0.00,0.00,0.00,0.00,0.58,0.00,0.00,0.05,Matchs
598,Vladimír Coufal,cz CZE,DF,West Ham,eng Premier League,29,1992,23.7,30.8,49.5,62.2,538.2,273.0,14.6,17.8,82.4,11.8,18.5,63.7,3.50,9.54,36.7,0.04,0.11,0.07,-0.06,1.10,2.87,0.80,0.59,3.46,Matchs
599,Lassana Coulibaly,ml MLI,MT,Salernitana,it Serie A,26,1996,32.1,30.5,36.6,83.3,485.6,139.3,15.2,17.3,88.3,12.4,14.1,88.1,1.78,2.87,62.0,0.09,0.06,0.05,0.04,0.62,2.83,0.31,0.03,3.74,Matchs
600,Soumaïla Coulibaly,fr FRA,DF,Dortmund,de Bundesliga,18,2003,0.5,90.0,92.0,97.8,1702.0,558.0,22.0,22.0,100.0,68.0,68.0,100.0,0.00,0.00,,0.00,0.00,0.00,0.00,0.00,6.00,0.00,0.00,12.0,Matchs
Clt,Joueur,Nation,Pos,Équipe,Comp,Âge,Naissance,90,Cmp,Att,Cmp%,TotDist,DistBut,Cmp,Att,Cmp%,Cmp,Att,Cmp%,Cmp,Att,Cmp%,PD,xAG,xA,A-xAG,PC,1/3,PPA,CntSR,PrgP,Matchs
601,Tanguy Coulibaly,fr FRA,"AT,DF",Stuttgart,de Bundesliga,21,2001,3.6,27.2,39.2,69.5,392.2,116.7,16.9,19.4,87.1,08.06,11.1,72.5,1.39,3.61,38.5,0.00,0.14,0.19,-0.14,1.67,2.22,1.11,0.28,3.33,Matchs
602,Thibaut Courtois,be BEL,GB,Real Madrid,es La Liga,30,1992,31.0,31.6,36.6,86.3,742.2,475.4,07.06,7.10,99.5,18.1,18.3,98.8,6.32,11.0,57.5,0.00,0.01,0.00,-0.01,0.06,0.19,0.03,0.00,0.00,Matchs
603,Mathieu Coutadeur,fr FRA,MT,Ajaccio,fr Ligue 1,36,1986,21.6,46.6,55.4,84.0,783.8,207.9,21.5,24.4,88.2,17.9,20.8,86.0,4.91,6.94,70.7,0.00,0.05,0.06,-0.05,0.46,4.63,0.32,0.05,05.09,Matchs
604,Philippe Coutinho,br BRA,"MT,AT",Aston Villa,eng Premier League,30,1992,8.8,32.7,43.6,75.0,463.7,110.9,20.5,23.9,85.7,9.32,12.7,73.2,1.93,04.09,47.2,0.00,0.06,0.09,-0.06,0.91,3.41,0.91,0.23,5.45,Matchs
605,Yan Couto,br BRA,"DF,MT",Girona,es La Liga,20,2002,12.9,34.4,46.4,74.2,559.8,168.2,17.8,20.3,87.4,12.2,16.4,74.5,03.02,5.66,53.4,0.16,0.19,0.16,-0.04,1.47,2.56,1.55,0.85,4.26,Matchs
606,Conor Coventry,ie IRL,"MT,AT",West Ham,eng Premier League,22,2000,0.0,0,0,,0,0,0,0,,0,0,,0,0,,0,0.0,0.0,0.0,0,0,0,0,0,Matchs
607,Nicolas Cozza,fr FRA,DF,Montpellier,fr Ligue 1,23,1999,14.2,30.2,41.7,72.5,522.3,223.2,14.4,17.5,82.3,12.8,16.5,77.4,2.11,4.93,42.9,0.07,0.06,0.06,0.01,0.49,1.90,0.49,0.21,3.38,Matchs
608,Nicolas Cozza,fr FRA,DF,Wolfsburg,de Bundesliga,23,1999,1.1,30.0,40.0,75.0,519.1,172.7,14.5,17.3,84.2,12.7,13.6,93.3,2.73,8.18,33.3,0.00,0.00,0.00,0.00,0.00,2.73,0.00,0.00,3.64,Matchs
609,Alessio Cragno,it ITA,GB,Monza,it Serie A,28,1994,1.0,29.0,31.0,93.5,621.0,431.0,7.00,7.00,100.0,18.0,18.0,100.0,4.00,6.00,66.7,0.00,0.00,0.00,0.00,0.00,0.00,0.00,0.00,0.00,Matchs
610,Matthew Craig,sct SCO,MT,Tottenham,eng Premier League,19,2003,0.2,25.0,30.0,83.3,325.0,5.00,20.0,20.0,100.0,5.00,10.0,50.0,0.00,0.00,,0.00,0.00,0.00,0.00,0.00,0.00,0.00,0.00,0.00,Matchs
611,Aaron Cresswell,eng ENG,DF,West Ham,eng Premier League,32,1989,24.8,45.4,58.4,77.8,737.3,346.3,25.2,27.0,93.4,15.6,20.0,77.9,04.03,8.31,48.5,0.04,0.15,0.12,-0.11,1.61,3.67,1.13,0.60,5.85,Matchs
612,Bryan Cristante,it ITA,"MT,DF",Roma,it Serie A,27,1995,32.6,42.4,51.5,82.3,795.2,252.3,17.5,19.8,88.3,18.1,20.4,88.6,5.58,09.08,61.5,0.03,0.04,0.06,-0.01,0.49,4.82,0.52,0.12,4.36,Matchs
613,Domen Črnigoj,si SVN,MT,Salernitana,it Serie A,26,1995,3.3,23.9,33.6,71.2,360.3,79.7,12.7,16.7,76.4,9.39,10.9,86.1,1.21,03.03,40.0,0.00,0.12,0.18,-0.12,0.61,2.42,0.00,0.00,0.91,Matchs
614,Juan Cruz Armada,es ESP,DF,Osasuna,es La Liga,30,1992,22.9,32.6,43.0,75.7,555.5,245.1,15.3,17.2,88.6,13.9,17.7,78.6,2.79,5.98,46.7,0.00,0.04,0.04,-0.04,0.66,2.88,0.74,0.44,2.97,Matchs
615,Juan Cruz,es ESP,AT,Betis,es La Liga,22,2000,2.0,12.5,19.5,64.1,141.0,36.0,8.50,9.50,89.5,2.50,5.50,45.5,0.00,2.00,0.0,0.00,0.05,0.05,-0.05,1.00,0.00,0.00,0.00,0.50,Matchs
616,Juan Cuadrado,co COL,"DF,AT",Juventus,it Serie A,34,1988,23.1,48.2,57.3,84.1,929.9,238.4,20.3,22.5,90.0,19.9,22.8,87.5,7.36,10.0,73.6,0.13,0.12,0.10,0.01,1.82,2.68,01.04,0.43,3.98,Matchs
617,Marc Cucurella,es ESP,DF,Chelsea,eng Premier League,24,1998,18.6,58.6,69.5,84.3,891.8,275.1,32.3,34.8,92.7,21.3,24.4,87.4,3.17,5.91,53.6,0.11,0.03,0.05,0.08,0.59,4.14,0.65,0.32,3.92,Matchs
618,Jorge Cuenca,es ESP,DF,Villarreal,es La Liga,22,1999,5.6,59.6,68.6,87.0,1135.2,420.5,19.8,21.3,93.3,34.1,36.4,93.6,5.00,9.11,54.9,0.00,0.02,0.04,-0.02,0.18,3.75,0.36,0.00,4.64,Matchs
619,Braian Cufré,ar ARG,DF,Mallorca,es La Liga,25,1996,2.4,31.7,38.3,82.6,523.3,182.1,16.7,17.9,93.0,10.4,12.1,86.2,2.92,5.00,58.3,0.00,0.00,0.04,0.00,0.42,1.67,0.42,0.00,2.92,Matchs
620,Mickaël Cuisance,fr FRA,MT,Sampdoria,it Serie A,22,1999,6.9,25.5,32.3,78.9,439.7,118.7,11.7,12.6,93.1,10.0,11.9,84.1,2.90,5.80,50.0,0.00,0.10,0.09,-0.10,0.87,1.88,1.16,0.00,3.33,Matchs
621,Matheus Cunha,br BRA,AT,Wolves,eng Premier League,23,1999,10.7,16.0,21.9,73.1,200.0,33.0,9.81,12.3,79.5,3.55,4.95,71.7,0.84,1.59,52.9,0.00,0.06,0.02,-0.06,0.65,0.47,0.28,0.00,1.31,Matchs
622,Matheus Cunha,br BRA,"AT,MT",Atlético Madrid,es La Liga,23,1999,4.2,15.2,20.2,75.3,188.1,48.3,11.4,13.1,87.3,2.14,3.10,69.2,0.71,0.95,75.0,0.48,0.19,0.10,0.29,1.43,1.43,0.48,0.00,1.67,Matchs
623,Curro,es ESP,MT,Almería,es La Liga,26,1996,0.5,42.0,56.0,75.0,620.0,266.0,20.0,24.0,83.3,8.00,12.0,66.7,6.00,8.00,75.0,0.00,0.40,0.40,-0.40,4.00,2.00,2.00,0.00,2.00,Matchs
624,Marco D'Alessandro,it ITA,"DF,AT",Monza,it Serie A,31,1991,3.2,24.7,35.9,68.7,369.4,94.4,15.6,17.8,87.7,7.19,11.3,63.9,1.25,2.81,44.4,0.00,0.06,0.03,-0.06,0.94,1.25,0.00,0.00,0.94,Matchs
625,Danilo D'Ambrosio,it ITA,DF,Inter,it Serie A,33,1988,8.1,60.9,68.8,88.5,1036.5,348.5,26.2,27.4,95.5,30.4,33.3,91.1,3.21,6.30,51.0,0.25,0.09,0.07,0.16,0.86,3.21,0.62,0.12,4.20,Matchs
Clt,Joueur,Nation,Pos,Équipe,Comp,Âge,Naissance,90,Cmp,Att,Cmp%,TotDist,DistBut,Cmp,Att,Cmp%,Cmp,Att,Cmp%,Cmp,Att,Cmp%,PD,xAG,xA,A-xAG,PC,1/3,PPA,CntSR,PrgP,Matchs
626,Luca D'Andrea,it ITA,AT,Sassuolo,it Serie A,17,2004,3.5,17.4,24.0,72.6,256.0,95.4,9.14,12.0,76.2,6.86,8.86,77.4,0.86,1.71,50.0,0.29,0.23,0.11,0.06,2.86,1.71,0.86,0.57,2.57,Matchs
627,Damien Da Silva,fr FRA,DF,Lyon,fr Ligue 1,34,1988,3.8,57.1,66.8,85.4,1117.6,411.1,17.4,19.7,88.0,32.1,36.3,88.4,6.58,9.21,71.4,0.00,0.00,0.03,0.00,0.00,3.68,0.53,0.00,4.74,Matchs
628,Moanes Dabbur,il ISR,AT,Hoffenheim,de Bundesliga,30,1992,10.4,19.6,27.6,71.1,236.3,70.2,12.9,16.6,77.5,4.71,6.63,71.0,0.48,1.15,41.7,0.19,0.21,0.21,-0.02,1.54,1.35,0.77,0.00,3.17,Matchs
629,Andréa Dacourt,fr FRA,MT,Nice,fr Ligue 1,17,2005,0.0,0,0,,0,0,0,0,,0,0,,0,0,,0,0.0,0.0,0.0,0,0,0,0,0,Matchs
630,Colin Dagba,fr FRA,"DF,MT",Strasbourg,fr Ligue 1,23,1998,10.6,37.8,46.8,80.8,521.6,193.4,24.5,27.4,89.7,10.9,14.0,78.4,1.13,2.92,38.7,0.00,0.08,0.08,-0.08,1.13,2.45,1.42,0.75,2.92,Matchs
631,Finn Dahmen,de GER,GB,Mainz 05,de Bundesliga,24,1998,8.0,23.1,35.0,66.1,697.0,515.3,4.00,4.00,100.0,10.9,10.9,100.0,8.13,20.0,40.6,0.00,0.00,0.00,0.00,0.00,1.25,0.00,0.00,0.00,Matchs
632,Mahmoud Dahoud,de GER,MT,Dortmund,de Bundesliga,26,1996,3.7,57.6,70.0,82.2,1065.1,318.6,24.1,27.8,86.4,24.6,25.1,97.8,8.11,12.2,66.7,0.00,0.14,0.05,-0.14,01.08,6.76,0.27,0.00,6.76,Matchs
633,Patson Daka,zm ZAM,AT,Leicester City,eng Premier League,23,1998,13.2,14.8,22.3,66.1,197.3,33.3,8.94,11.9,75.2,4.17,6.44,64.7,0.61,0.91,66.7,0.30,0.21,0.13,0.09,1.29,0.53,0.61,0.08,1.29,Matchs
634,Thijs Dallinga,nl NED,AT,Toulouse,fr Ligue 1,21,2000,26.1,12.5,20.0,62.6,166.2,27.6,7.66,11.0,69.4,3.41,5.56,61.4,0.46,0.69,66.7,0.04,0.08,0.05,-0.04,0.84,0.73,0.19,0.04,1.15,Matchs
635,Diogo Dalot,pt POR,DF,Manchester Utd,eng Premier League,23,1999,23.9,47.7,60.3,79.2,871.0,265.6,19.6,22.1,88.8,22.7,26.7,85.0,4.73,8.58,55.1,0.08,0.08,0.06,0.00,1.21,3.43,1.17,0.54,3.85,Matchs
636,Muhammed Damar,de GER,MT,Hoffenheim,de Bundesliga,18,2004,1.8,28.9,36.1,80.0,381.1,99.4,16.7,18.9,88.2,10.6,11.7,90.5,0.00,1.11,0.0,0.00,0.11,0.06,-0.11,1.67,2.78,0.56,0.00,5.00,Matchs
637,Mikkel Damsgaard,dk DEN,"MT,AT",Brentford,eng Premier League,22,2000,11.0,25.0,37.0,67.6,365.7,130.6,14.2,17.5,80.8,8.36,12.0,69.7,1.45,4.00,36.4,0.00,0.13,0.12,-0.13,1.00,3.27,0.91,0.09,4.00,Matchs
638,Flavius Daniliuc,at AUT,DF,Salernitana,it Serie A,21,2001,24.4,39.7,46.2,86.0,746.4,291.5,15.5,17.0,90.8,19.5,21.5,90.6,4.14,6.27,66.0,0.08,0.02,0.01,0.06,0.29,2.30,0.08,0.00,2.87,Matchs
639,Flavius Daniliuc,at AUT,DF,Nice,fr Ligue 1,21,2001,1.0,57.0,63.0,90.5,787.0,259.0,35.0,38.0,92.1,15.0,16.0,93.8,3.00,4.00,75.0,0.00,0.10,0.00,-0.10,1.00,1.00,1.00,1.00,4.00,Matchs
640,Danilo,br BRA,MT,Nott'ham Forest,eng Premier League,21,2001,10.8,13.7,21.8,63.0,235.1,90.6,7.13,8.98,79.4,4.91,6.76,72.6,1.48,3.15,47.1,0.19,0.06,0.06,0.12,0.83,2.22,0.65,0.00,3.15,Matchs
641,Danilo,br BRA,DF,Juventus,it Serie A,31,1991,35.4,53.2,62.9,84.7,1030.2,389.4,19.8,22.0,90.1,25.8,28.2,91.6,07.03,11.1,63.5,0.08,0.07,0.04,0.02,0.54,5.28,0.37,0.08,4.97,Matchs
642,Arnaut Danjuma,nl NED,"AT,MT",Tottenham,eng Premier League,25,1997,1.9,20.5,29.5,69.6,270.5,56.8,15.3,18.4,82.9,4.21,5.26,80.0,01.05,01.05,100.0,0.00,0.00,0.05,0.00,0.53,2.63,01.05,01.05,01.05,Matchs
643,Arnaut Danjuma,nl NED,AT,Villarreal,es La Liga,25,1997,5.3,13.2,17.9,73.7,188.5,31.9,8.30,11.5,72.1,3.77,4.91,76.9,0.38,0.57,66.7,0.00,0.08,0.06,-0.08,0.94,0.57,0.57,0.38,0.38,Matchs
644,Kévin Danois,fr FRA,MT,Auxerre,fr Ligue 1,18,2004,0.0,1,1,100.0,8,9,1,1,100.0,0,0,,0,0,,0,0.0,0.0,0.0,0,0,0,0,0,Matchs
645,Kevin Danso,at AUT,DF,Lens,fr Ligue 1,23,1998,35.9,58.6,65.1,90.0,1100.4,397.5,19.7,21.4,92.2,33.0,35.3,93.4,5.21,7.16,72.8,0.06,0.03,0.04,0.03,0.28,4.37,0.08,0.00,4.54,Matchs
646,Dante,br BRA,DF,Nice,fr Ligue 1,38,1983,36.7,64.7,72.0,89.9,1251.8,496.9,23.5,24.7,94.8,33.2,35.0,94.9,7.00,10.6,66.2,0.05,0.05,0.04,0.01,0.33,4.20,0.25,0.00,4.36,Matchs
647,Márton Dárdai,de GER,"DF,MT",Hertha BSC,de Bundesliga,20,2002,10.5,21.4,36.0,59.5,461.2,201.3,6.29,8.67,72.5,11.4,15.4,74.1,3.62,11.0,33.0,0.00,0.02,0.02,-0.02,0.38,1.81,0.19,0.00,2.00,Matchs
648,Sergi Darder,es ESP,MT,Espanyol,es La Liga,28,1993,36.9,32.0,44.1,72.5,608.3,231.4,13.2,15.3,86.7,13.8,16.8,82.2,4.42,9.81,45.0,0.08,0.20,0.17,-0.12,1.98,4.28,1.41,0.43,6.31,Matchs
649,Achraf Dari,ma MAR,DF,Brest,fr Ligue 1,23,1999,14.6,37.5,47.3,79.3,841.6,297.1,8.42,9.86,85.4,21.1,23.5,89.8,7.26,12.5,57.9,0.00,0.00,0.01,0.00,0.07,1.71,0.00,0.00,2.26,Matchs
650,Vladimír Darida,cz CZE,MT,Hertha BSC,de Bundesliga,31,1990,0.3,26.7,40.0,66.7,336.7,20.0,16.7,20.0,83.3,6.67,10.0,66.7,0.00,3.33,0.0,0.00,0.00,0.00,0.00,0.00,0.00,0.00,0.00,0.00,Matchs
Clt,Joueur,Nation,Pos,Équipe,Comp,Âge,Naissance,90,Cmp,Att,Cmp%,TotDist,DistBut,Cmp,Att,Cmp%,Cmp,Att,Cmp%,Cmp,Att,Cmp%,PD,xAG,xA,A-xAG,PC,1/3,PPA,CntSR,PrgP,Matchs
651,Matteo Darmian,it ITA,DF,Inter,it Serie A,32,1989,22.5,52.9,61.2,86.5,952.0,318.2,21.2,22.8,93.2,26.6,29.5,90.1,4.31,6.89,62.6,0.09,0.08,0.09,0.00,0.84,03.02,0.80,0.44,3.91,Matchs
652,Josh Dasilva,eng ENG,MT,Brentford,eng Premier League,23,1998,15.4,31.9,40.1,79.6,526.2,126.9,16.6,18.9,87.6,12.1,14.1,86.2,2.60,4.55,57.1,0.13,0.10,0.10,0.03,0.78,2.27,1.56,0.32,04.03,Matchs
653,David Datro Fofana,ci CIV,AT,Chelsea,eng Premier League,19,2002,0.8,8.75,11.3,77.8,152.5,102.5,5.00,6.25,80.0,2.50,2.50,100.0,1.25,1.25,100.0,0.00,0.13,0.13,-0.13,3.75,0.00,2.50,0.00,2.50,Matchs
654,Jonathan David,ca CAN,AT,Lille,fr Ligue 1,22,2000,35.2,20.3,24.9,81.8,280.8,63.8,12.0,14.1,85.5,6.11,7.24,84.3,0.80,0.85,93.3,0.11,0.17,0.16,-0.06,1.51,1.53,0.97,0.06,2.70,Matchs
655,Alphonso Davies,ca CAN,DF,Bayern Munich,de Bundesliga,21,2000,22.7,60.0,69.0,86.9,957.1,259.1,31.8,34.6,91.7,23.9,26.4,90.3,3.35,5.11,65.5,0.18,0.16,0.19,0.01,1.94,4.85,1.72,0.22,5.86,Matchs
656,Ben Davies,wls WAL,DF,Tottenham,eng Premier League,29,1993,25.4,40.9,50.4,81.2,682.4,234.7,19.7,22.0,89.4,17.5,20.2,86.6,2.72,5.35,50.7,0.08,0.10,0.06,-0.02,0.79,3.11,0.35,0.24,4.21,Matchs
657,Tom Davies,eng ENG,MT,Everton,eng Premier League,24,1998,6.0,28.8,39.0,73.9,479.8,141.7,14.5,18.5,78.4,10.7,12.7,84.2,2.67,4.83,55.2,0.00,0.03,0.05,-0.03,0.33,4.17,0.33,0.00,5.00,Matchs
658,Paweł Dawidowicz,pl POL,DF,Hellas Verona,it Serie A,27,1995,18.1,33.9,45.7,74.1,615.0,241.7,14.3,16.4,87.2,15.3,19.6,78.2,3.81,08.07,47.3,0.06,0.04,0.02,0.01,0.28,2.60,0.11,0.00,3.31,Matchs
659,Craig Dawson,eng ENG,DF,West Ham,eng Premier League,32,1990,8.0,30.6,38.8,79.0,675.5,271.3,9.25,10.8,86.0,15.1,17.1,88.3,6.00,9.88,60.8,0.00,0.01,0.01,-0.01,0.13,3.13,0.00,0.00,2.25,Matchs
660,Craig Dawson,eng ENG,DF,Wolves,eng Premier League,32,1990,15.7,49.7,59.0,84.2,1032.0,352.8,14.7,16.4,89.9,26.7,29.0,92.1,7.77,12.3,63.2,0.00,0.00,0.01,0.00,0.06,3.25,0.19,0.00,2.80,Matchs
661,Kevin De Bruyne,be BEL,MT,Manchester City,eng Premier League,31,1991,26.9,44.3,60.4,73.3,824.0,242.2,20.0,23.5,85.0,17.7,23.4,75.8,5.95,10.2,58.2,0.59,0.51,0.52,0.09,3.57,4.61,3.57,0.78,9.14,Matchs
662,Charles De Ketelaere,be BEL,"MT,AT",Milan,it Serie A,21,2001,12.4,24.1,30.9,78.1,335.6,99.5,14.8,18.1,81.3,7.66,8.87,86.4,0.89,1.29,68.8,0.08,0.16,0.15,-0.08,1.61,2.26,1.53,0.00,4.76,Matchs
663,Manuel De Luca,it ITA,"AT,MT",Sampdoria,it Serie A,24,1998,0.5,10.0,16.0,62.5,132.0,2.00,6.00,10.0,60.0,4.00,6.00,66.7,0.00,0.00,,0.00,0.00,0.00,0.00,0.00,0.00,0.00,0.00,0.00,Matchs
664,Tommaso De Nipoti,it ITA,MT,Atalanta,it Serie A,19,2003,0.0,3,5,60.0,85,20,1,2,50.0,1,2,50.0,1,1,100.0,0,0.0,0.0,0.0,0,1,0,0,1,Matchs
665,Rodrigo De Paul,ar ARG,MT,Atlético Madrid,es La Liga,28,1994,21.4,54.2,66.4,81.6,931.6,299.5,27.7,30.6,90.5,17.9,21.3,84.2,6.73,10.4,64.6,0.33,0.26,0.18,0.07,2.24,6.78,2.20,0.33,8.50,Matchs
666,Mattia De Sciglio,it ITA,DF,Juventus,it Serie A,29,1992,11.6,38.8,49.1,79.1,692.7,260.3,16.3,19.6,83.3,18.4,21.7,84.5,3.79,6.47,58.7,0.00,0.04,0.03,-0.04,0.69,4.40,0.69,0.52,4.31,Matchs
667,Lorenzo De Silvestri,it ITA,DF,Bologna,it Serie A,34,1988,7.5,44.0,57.3,76.7,666.9,316.0,24.3,26.9,90.1,16.9,22.4,75.6,1.47,5.33,27.5,0.00,0.03,0.03,-0.03,0.80,3.87,0.53,0.13,4.13,Matchs
668,Thibault De Smet,be BEL,DF,Reims,fr Ligue 1,24,1998,19.5,45.0,57.6,78.2,734.8,276.8,21.2,24.9,85.0,19.8,23.9,82.9,2.72,5.74,47.3,0.05,0.07,0.09,-0.02,0.62,4.41,01.03,0.46,4.56,Matchs
669,Koni De Winter,be BEL,DF,Empoli,it Serie A,20,2002,11.4,37.2,43.3,85.8,693.7,244.7,14.6,15.9,91.7,19.8,21.8,90.8,2.72,05.09,53.4,0.00,0.02,0.01,-0.02,0.18,1.32,0.09,0.00,1.93,Matchs
670,Grégoire Defrel,mq MTQ,AT,Sassuolo,it Serie A,31,1991,13.0,16.2,19.2,84.4,188.5,26.7,10.6,11.6,91.4,3.54,4.31,82.1,0.23,0.69,33.3,0.08,0.04,0.02,0.04,0.69,0.92,0.08,0.00,0.77,Matchs
671,Duccio Degl'Innocenti,it ITA,MT,Empoli,it Serie A,19,2003,0.0,0,0,,0,0,0,0,,0,0,,0,0,,0,0.0,0.0,0.0,0,0,0,0,0,Matchs
672,Brecht Dejaegere,be BEL,MT,Toulouse,fr Ligue 1,31,1991,20.1,25.8,33.0,78.0,398.4,118.0,13.8,16.5,84.0,9.75,12.0,81.0,1.49,2.44,61.2,0.05,0.08,0.10,-0.03,0.85,2.79,1.24,0.00,4.78,Matchs
673,Romain Del Castillo,fr FRA,"MT,AT",Brest,fr Ligue 1,26,1996,15.8,28.4,42.6,66.6,499.2,186.7,13.6,17.7,77.1,9.24,13.1,70.5,4.18,8.67,48.2,0.38,0.27,0.27,0.11,2.28,2.78,2.28,0.57,4.75,Matchs
674,Alberto Del Moral,es ESP,MT,Villarreal,es La Liga,22,2000,0.1,0.00,10.0,0.0,0.00,0.00,0.00,0.00,,0.00,0.00,,0.00,10.0,0.0,0.00,0.00,0.00,0.00,0.00,0.00,0.00,0.00,0.00,Matchs
675,Thomas Delaine,fr FRA,"DF,MT",Strasbourg,fr Ligue 1,30,1992,11.9,29.9,45.1,66.3,464.4,166.6,14.6,18.2,80.6,13.0,18.3,71.1,1.18,5.13,23.0,0.17,0.12,0.21,0.05,0.76,1.18,1.51,01.09,1.76,Matchs
Clt,Joueur,Nation,Pos,Équipe,Comp,Âge,Naissance,90,Cmp,Att,Cmp%,TotDist,DistBut,Cmp,Att,Cmp%,Cmp,Att,Cmp%,Cmp,Att,Cmp%,PD,xAG,xA,A-xAG,PC,1/3,PPA,CntSR,PrgP,Matchs
676,Thomas Delaney,dk DEN,MT,Sevilla,es La Liga,30,1991,3.4,41.2,48.2,85.4,639.1,135.6,20.9,22.4,93.4,15.9,18.8,84.4,2.35,4.12,57.1,0.00,0.03,0.18,-0.03,0.59,1.76,0.88,0.29,02.06,Matchs
677,Thomas Delaney,dk DEN,MT,Hoffenheim,de Bundesliga,30,1991,3.3,33.3,49.1,67.9,627.9,266.4,13.6,17.3,78.9,15.5,19.1,81.0,3.94,9.70,40.6,0.00,0.00,0.03,0.00,0.30,2.42,0.00,0.00,4.24,Matchs
678,Sacha Delaye,fr FRA,"AT,MT",Montpellier,fr Ligue 1,20,2002,0.2,40.0,70.0,57.1,430.0,260.0,30.0,40.0,75.0,5.00,15.0,33.3,0.00,5.00,0.0,0.00,0.00,0.00,0.00,0.00,0.00,0.00,0.00,5.00,Matchs
679,Fran Delgado,es ESP,DF,Betis,es La Liga,21,2001,0.1,70.0,80.0,87.5,1100.0,130.0,40.0,40.0,100.0,30.0,30.0,100.0,0.00,10.0,0.0,0.00,0.00,0.00,0.00,0.00,0.00,0.00,0.00,0.00,Matchs
680,Andy Delort,dz ALG,AT,Nice,fr Ligue 1,30,1991,8.7,16.0,26.4,60.4,242.4,64.1,8.97,13.0,69.0,4.71,8.39,56.2,1.38,2.87,48.0,0.11,0.16,0.10,-0.05,1.26,1.84,0.80,0.11,2.18,Matchs
681,Andy Delort,dz ALG,AT,Nantes,fr Ligue 1,30,1991,5.2,14.0,26.5,52.9,222.9,54.0,08.08,14.4,56.0,3.85,6.73,57.1,1.54,3.85,40.0,0.00,0.13,0.12,-0.13,1.73,1.35,0.96,0.58,1.73,Matchs
682,Karamoko Dembele,sct SCO,"AT,MT",Brest,fr Ligue 1,19,2003,2.0,29.5,44.5,66.3,469.0,116.0,17.0,20.5,82.9,8.00,15.0,53.3,3.00,5.00,60.0,0.00,0.10,0.10,-0.10,1.50,1.50,1.00,0.50,2.50,Matchs
683,Moussa Dembélé,fr FRA,"AT,MT",Lyon,fr Ligue 1,26,1996,9.7,14.2,19.7,72.3,180.6,37.5,7.42,10.2,72.7,4.64,06.08,76.3,0.31,0.62,50.0,0.00,0.03,0.05,-0.03,0.41,0.82,1.13,0.00,2.37,Matchs
684,Ousmane Dembélé,fr FRA,AT,Barcelona,es La Liga,25,1997,15.7,40.9,54.4,75.2,641.3,129.7,23.9,27.2,88.1,12.4,16.3,76.2,3.44,6.75,50.9,0.45,0.31,0.32,0.13,2.61,1.34,2.36,0.32,4.71,Matchs
685,Siriki Dembélé,ci CIV,"AT,MT",Bournemouth,eng Premier League,25,1996,1.2,30.8,39.2,78.7,452.5,185.8,18.3,24.2,75.9,8.33,10.8,76.9,1.67,1.67,100.0,0.00,0.25,0.17,-0.25,3.33,1.67,2.50,1.67,3.33,Matchs
686,Siriki Dembélé,ci CIV,"MT,AT",Auxerre,fr Ligue 1,25,1996,4.1,19.0,23.7,80.4,251.7,74.9,11.7,13.4,87.3,5.37,07.07,75.9,0.49,1.22,40.0,0.00,0.24,0.17,-0.24,1.95,1.22,1.46,0.24,2.20,Matchs
687,Merih Demiral,tr TUR,DF,Atalanta,it Serie A,24,1998,17.1,32.7,38.2,85.8,611.3,172.5,11.9,13.2,90.7,17.1,19.3,88.8,3.16,4.97,63.5,0.00,0.03,0.03,-0.03,0.23,0.82,0.06,0.06,1.52,Matchs
688,Kerem Demirbay,de GER,MT,Leverkusen,de Bundesliga,29,1993,17.2,48.1,62.2,77.4,824.6,254.6,23.1,25.9,89.0,17.7,20.9,84.4,5.47,11.2,48.7,0.17,0.17,0.23,0.00,1.74,04.07,0.76,0.29,5.00,Matchs
689,Ermedin Demirović,ba BIH,"AT,MT",Augsburg,de Bundesliga,24,1998,26.3,10.2,20.3,50.3,140.4,48.1,5.70,9.70,58.8,3.16,5.86,53.9,0.38,1.33,28.6,0.15,0.13,0.12,0.02,1.10,1.10,0.65,0.19,1.83,Matchs
690,Diego Demme,de GER,MT,Napoli,it Serie A,30,1991,1.6,113.1,119.4,94.8,1891.3,577.5,52.5,53.8,97.7,48.8,50.0,97.5,10.0,11.3,88.9,0.00,0.00,0.06,0.00,0.63,8.13,0.63,0.00,10.0,Matchs
691,Sepp van den Berg,nl NED,DF,Schalke 04,de Bundesliga,20,2001,7.7,36.0,43.4,82.9,738.6,255.7,9.87,11.6,85.4,21.2,22.9,92.6,4.55,7.92,57.4,0.00,0.01,0.01,-0.01,0.26,02.08,0.00,0.00,1.56,Matchs
692,Branco van den Boomen,nl NED,MT,Toulouse,fr Ligue 1,27,1995,32.1,52.5,69.0,76.1,1168.4,402.7,17.2,19.5,88.2,21.8,26.5,82.2,12.1,19.8,60.8,0.25,0.25,0.25,-0.00,2.74,8.41,1.59,0.40,10.0,Matchs
693,Leander Dendoncker,be BEL,MT,Aston Villa,eng Premier League,27,1995,7.7,32.2,36.9,87.3,512.7,105.1,15.5,16.6,93.0,14.4,15.7,91.7,1.43,2.34,61.1,0.00,0.06,0.01,-0.06,0.65,2.21,0.00,0.00,2.34,Matchs
694,Leander Dendoncker,be BEL,MT,Wolves,eng Premier League,27,1995,2.4,35.8,41.3,86.9,610.8,117.5,18.8,20.8,90.0,13.3,13.3,100.0,3.33,3.33,100.0,0.00,0.00,0.00,0.00,0.83,1.67,0.42,0.42,2.50,Matchs
695,Emmanuel Dennis,ng NGA,"AT,MT",Nott'ham Forest,eng Premier League,24,1997,8.0,15.5,22.9,67.8,232.5,47.8,9.00,11.6,77.4,5.00,7.25,69.0,1.00,1.38,72.7,0.25,0.07,0.05,0.17,0.88,0.88,0.50,0.25,2.13,Matchs
696,Fabio Depaoli,it ITA,DF,Hellas Verona,it Serie A,25,1997,24.1,18.3,28.4,64.2,337.4,192.4,7.39,9.59,77.1,8.42,12.2,69.3,2.12,4.81,44.0,0.08,0.05,0.05,0.03,0.66,1.66,0.91,0.54,2.74,Matchs
697,Fabio Depaoli,it ITA,"DF,MT",Sampdoria,it Serie A,25,1997,1.5,49.3,63.3,77.9,915.3,389.3,20.7,24.0,86.1,20.7,24.0,86.1,7.33,14.0,52.4,0.00,0.27,0.20,-0.27,2.67,4.00,2.67,2.67,6.67,Matchs
698,Kastriot Dermaku,al ALB,DF,Lecce,it Serie A,30,1992,0.4,2.50,5.00,50.0,67.5,0.00,0.00,0.00,,2.50,5.00,50.0,0.00,0.00,,0.00,0.00,0.00,0.00,0.00,0.00,0.00,0.00,0.00,Matchs
699,Halil Dervişoğlu,tr TUR,MT,Brentford,eng Premier League,22,1999,0.1,0.00,0.00,,0.00,0.00,0.00,0.00,,0.00,0.00,,0.00,0.00,,0.00,0.00,0.00,0.00,0.00,0.00,0.00,0.00,0.00,Matchs
700,Rémy Descamps,fr FRA,GB,Nantes,fr Ligue 1,26,1996,1.0,22.0,26.0,84.6,684.0,521.0,2.00,2.00,100.0,10.0,10.0,100.0,9.00,13.0,69.2,0.00,0.00,0.00,0.00,0.00,1.00,0.00,0.00,0.00,Matchs
Clt,Joueur,Nation,Pos,Équipe,Comp,Âge,Naissance,90,Cmp,Att,Cmp%,TotDist,DistBut,Cmp,Att,Cmp%,Cmp,Att,Cmp%,Cmp,Att,Cmp%,PD,xAG,xA,A-xAG,PC,1/3,PPA,CntSR,PrgP,Matchs
701,Mikkel Desler,dk DEN,DF,Toulouse,fr Ligue 1,27,1995,25.1,53.2,62.7,84.9,795.1,284.0,29.4,32.2,91.1,19.5,22.6,86.4,2.51,4.30,58.3,0.08,0.08,0.10,0.00,0.68,4.14,0.76,0.28,5.42,Matchs
702,Cyriel Dessers,ng NGA,AT,Cremonese,it Serie A,27,1994,17.6,10.2,15.9,64.3,142.6,24.8,06.08,8.69,69.9,3.30,4.60,71.6,0.40,0.80,50.0,0.06,0.09,0.09,-0.03,1.31,0.63,0.45,0.06,1.53,Matchs
703,Sergiño Dest,us USA,DF,Milan,it Serie A,21,2000,3.7,45.7,53.5,85.4,685.1,214.3,25.7,27.6,93.1,17.6,19.7,89.0,1.35,3.24,41.7,0.00,0.08,0.05,-0.08,01.08,04.05,0.81,0.27,3.78,Matchs
704,Mattia Destro,it ITA,"AT,MT",Empoli,it Serie A,31,1991,6.4,6.88,12.3,55.7,80.9,19.8,5.00,07.03,71.1,0.94,2.97,31.6,0.47,0.78,60.0,0.00,0.06,0.05,-0.06,0.63,0.16,0.31,0.00,0.63,Matchs
705,Gerard Deulofeu,es ESP,AT,Udinese,it Serie A,28,1994,13.5,32.8,43.6,75.3,487.0,172.7,19.3,21.8,88.4,10.3,13.4,76.8,2.00,4.74,42.2,0.44,0.33,0.30,0.12,3.56,2.96,3.11,0.15,06.07,Matchs
706,Kiernan Dewsbury-Hall,eng ENG,MT,Leicester City,eng Premier League,23,1998,25.6,34.1,45.1,75.6,566.2,146.3,17.5,20.5,85.2,12.1,15.2,79.9,3.28,6.29,52.2,0.08,0.13,0.10,-0.05,1.52,4.34,0.90,0.16,5.16,Matchs
707,Samuel Di Carmine,it ITA,"AT,MT",Cremonese,it Serie A,33,1988,0.3,20.0,26.7,75.0,263.3,100.0,13.3,16.7,80.0,0.00,0.00,,3.33,3.33,100.0,0.00,0.00,0.00,0.00,0.00,3.33,0.00,0.00,3.33,Matchs
708,Federico Di Francesco,it ITA,"AT,MT",Lecce,it Serie A,28,1994,22.6,15.0,22.6,66.5,217.5,71.9,8.45,10.2,83.0,4.65,6.90,67.3,0.97,2.79,34.9,0.09,0.12,0.10,-0.03,1.11,1.28,0.80,0.13,2.65,Matchs
709,Michele Di Gregorio,it ITA,GB,Monza,it Serie A,25,1997,37.0,31.1,40.9,76.0,801.9,537.0,7.00,7.00,100.0,14.6,14.9,97.5,9.38,18.8,50.0,0.03,0.00,0.00,0.03,0.03,0.43,0.03,0.00,0.00,Matchs
710,Giovanni Di Lorenzo,it ITA,DF,Napoli,it Serie A,28,1993,36.2,62.8,74.2,84.6,1012.3,349.7,33.4,36.0,92.7,23.4,26.8,87.2,4.56,7.15,63.7,0.11,0.13,0.12,-0.02,1.30,4.89,1.69,0.25,07.07,Matchs
711,Ángel Di María,ar ARG,"AT,MT",Juventus,it Serie A,34,1988,15.1,32.3,44.7,72.1,601.4,209.7,14.6,16.6,87.6,12.0,15.4,77.7,4.90,9.34,52.5,0.26,0.30,0.27,-0.03,2.78,4.17,2.72,0.53,6.36,Matchs
712,Boulaye Dia,sn SEN,"AT,MT",Salernitana,it Serie A,25,1996,28.0,16.0,21.0,76.2,238.9,45.3,8.50,10.3,82.9,5.29,6.57,80.4,01.04,1.39,74.4,0.21,0.11,0.07,0.10,1.25,1.11,0.57,0.07,1.79,Matchs
713,Moussa Diaby,fr FRA,"AT,MT",Leverkusen,de Bundesliga,23,1999,30.0,24.7,33.4,73.9,368.3,88.9,14.3,17.2,82.9,7.53,9.73,77.4,1.77,3.13,56.4,0.27,0.27,0.23,-0.01,1.93,1.53,1.73,0.50,3.47,Matchs
714,Mouctar Diakhaby,gn GUI,DF,Valencia,es La Liga,25,1996,27.2,35.7,43.6,81.9,743.6,263.2,9.71,11.2,86.8,20.9,23.6,88.5,4.82,8.13,59.3,0.00,0.01,0.01,-0.01,0.18,2.79,0.00,0.00,3.16,Matchs
715,Mamadou Diakhon,fr FRA,AT,Reims,fr Ligue 1,16,2005,0.2,10.0,10.0,100.0,135.0,40.0,10.0,10.0,100.0,0.00,0.00,,0.00,0.00,,0.00,0.00,0.00,0.00,0.00,0.00,0.00,0.00,0.00,Matchs
716,Bafodé Diakité,fr FRA,DF,Lille,fr Ligue 1,21,2001,29.5,58.6,65.9,88.9,929.7,283.5,27.8,30.2,91.9,26.6,29.1,91.4,2.71,4.00,67.8,0.00,0.02,0.04,-0.02,0.24,4.71,0.44,0.07,06.07,Matchs
717,Ibrahim Diakité,gn GUI,DF,Reims,fr Ligue 1,18,2003,1.5,32.0,45.3,70.6,400.0,236.0,24.0,28.0,85.7,7.33,10.0,73.3,0.00,4.00,0.0,0.00,0.00,0.00,0.00,0.00,0.67,0.00,0.00,1.33,Matchs
718,Abdou Diallo,sn SEN,"DF,MT",RB Leipzig,de Bundesliga,26,1996,5.3,60.9,71.9,84.8,1149.4,498.7,24.2,26.2,92.1,29.6,32.8,90.2,6.79,11.3,60.0,0.00,0.02,0.06,-0.02,0.19,4.72,0.75,0.00,4.53,Matchs
719,Baila Diallo,fr FRA,"DF,MT",Clermont Foot,fr Ligue 1,21,2001,1.0,32.0,47.0,68.1,516.0,233.0,12.0,16.0,75.0,16.0,23.0,69.6,2.00,5.00,40.0,0.00,0.00,0.20,0.00,0.00,0.00,2.00,1.00,1.00,Matchs
720,Habib Diallo,sn SEN,AT,Strasbourg,fr Ligue 1,27,1995,32.0,12.4,18.7,66.5,171.2,30.3,7.66,10.9,70.4,3.41,4.59,74.1,0.50,0.75,66.7,0.03,0.11,0.13,-0.08,0.84,0.81,0.38,0.03,1.28,Matchs
721,Ibrahima Diallo,fr FRA,MT,Southampton,eng Premier League,23,1999,9.1,34.8,44.2,78.9,524.0,116.9,19.9,22.6,87.9,12.3,15.3,80.6,1.76,3.74,47.1,0.00,0.01,0.01,-0.01,0.44,2.64,0.22,0.00,03.08,Matchs
722,Ismael Diallo,ci CIV,DF,Ajaccio,fr Ligue 1,25,1997,24.2,33.2,44.5,74.6,601.3,242.9,14.8,17.6,84.1,13.2,16.9,78.2,04.09,7.77,52.7,0.00,0.02,0.03,-0.02,0.37,03.02,0.33,0.17,2.89,Matchs
723,Mamady Diarra,ml MLI,"MT,DF",Cádiz,es La Liga,22,2000,0.7,11.4,12.9,88.9,147.1,37.1,5.71,7.14,80.0,4.29,4.29,100.0,0.00,0.00,,0.00,0.00,0.00,0.00,0.00,0.00,0.00,0.00,0.00,Matchs
724,Mouhamadou Diarra,fr FRA,"MT,AT",Strasbourg,fr Ligue 1,18,2004,18.1,28.0,36.5,76.7,464.1,109.0,11.9,14.3,83.3,12.0,14.6,82.2,2.32,4.36,53.2,0.11,0.12,0.17,-0.01,1.33,2.32,1.16,0.55,2.87,Matchs
725,Moussa Diarra,ml MLI,DF,Toulouse,fr Ligue 1,21,2000,13.6,39.5,47.5,83.1,644.1,253.8,18.5,21.4,86.6,17.3,19.5,88.7,2.35,3.75,62.7,0.07,0.05,0.04,0.02,0.59,2.21,0.81,0.29,3.68,Matchs
Clt,Joueur,Nation,Pos,Équipe,Comp,Âge,Naissance,90,Cmp,Att,Cmp%,TotDist,DistBut,Cmp,Att,Cmp%,Cmp,Att,Cmp%,Cmp,Att,Cmp%,PD,xAG,xA,A-xAG,PC,1/3,PPA,CntSR,PrgP,Matchs
726,Stéphane Diarra,fr FRA,"AT,MT",Lorient,fr Ligue 1,23,1998,11.8,20.3,27.8,73.2,280.7,92.1,11.7,15.3,76.7,6.95,09.07,76.6,0.76,1.27,60.0,0.00,0.14,0.07,-0.14,0.93,0.68,01.02,0.08,2.80,Matchs
727,Youba Diarra,ml MLI,MT,Cádiz,es La Liga,24,1998,1.1,36.4,44.5,81.6,710.9,167.3,13.6,14.5,93.8,16.4,18.2,90.0,6.36,10.0,63.6,0.00,0.45,0.18,-0.45,1.82,2.73,0.91,0.00,2.73,Matchs
728,Rúben Dias,pt POR,DF,Manchester City,eng Premier League,25,1997,22.2,86.8,93.7,92.7,1601.5,566.3,31.4,32.7,95.9,48.4,50.5,95.7,6.44,9.14,70.4,0.00,0.03,0.01,-0.03,0.14,06.08,0.00,0.00,4.41,Matchs
729,Krépin Diatta,sn SEN,"MT,AT",Monaco,fr Ligue 1,23,1999,23.0,25.3,33.5,75.4,359.6,113.3,14.6,17.6,83.2,8.22,11.2,73.3,01.09,02.09,52.1,0.09,0.15,0.17,-0.06,1.13,2.13,1.52,0.39,3.91,Matchs
730,Mory Diaw,sn SEN,GB,Clermont Foot,fr Ligue 1,29,1993,37.0,27.9,39.6,70.5,836.4,592.1,4.32,4.41,98.2,12.3,12.6,97.4,11.1,22.3,49.9,0.00,0.01,0.00,-0.01,0.11,0.92,0.08,0.00,0.00,Matchs
731,Brahim Díaz,es ESP,"MT,AT",Milan,it Serie A,22,1999,21.4,26.9,33.6,80.0,385.0,115.4,15.4,17.5,87.7,09.02,10.8,83.5,1.21,2.15,56.5,0.33,0.26,0.16,0.07,1.92,3.74,1.87,0.14,5.65,Matchs
732,Luis Díaz,co COL,AT,Liverpool,eng Premier League,25,1997,11.1,33.9,41.6,81.4,513.3,101.3,19.4,23.1,84.0,11.4,13.5,84.7,2.25,2.43,92.6,0.18,0.14,0.12,0.05,1.17,2.25,1.17,0.09,4.41,Matchs
733,Justin Diehl,de GER,"MT,AT",Köln,de Bundesliga,17,2004,0.2,10.0,10.0,100.0,95.0,0.00,10.0,10.0,100.0,0.00,0.00,,0.00,0.00,,0.00,0.00,0.00,0.00,0.00,0.00,0.00,0.00,0.00,Matchs
734,Bamba Dieng,sn SEN,"AT,MT",Marseille,fr Ligue 1,22,2000,2.2,12.3,19.5,62.8,166.8,15.5,8.18,11.8,69.2,2.27,04.09,55.6,0.91,0.91,100.0,0.00,0.05,0.05,-0.05,0.91,0.45,0.91,0.45,0.45,Matchs
735,Bamba Dieng,sn SEN,AT,Lorient,fr Ligue 1,22,2000,8.3,12.8,17.0,75.2,185.1,24.2,6.75,8.31,81.2,4.46,5.54,80.4,0.72,1.20,60.0,0.00,0.07,0.04,-0.07,0.60,0.60,0.00,0.00,0.84,Matchs
736,Eric Dier,eng ENG,DF,Tottenham,eng Premier League,28,1994,31.3,54.6,63.9,85.4,1041.3,406.3,20.3,22.0,92.4,27.7,29.8,92.7,5.72,10.1,56.5,0.03,0.04,0.02,-0.01,0.22,2.43,0.26,0.10,2.78,Matchs
737,Florian Dietz,de GER,AT,Köln,de Bundesliga,23,1998,4.4,8.86,17.3,51.3,110.7,25.2,6.14,09.09,67.5,1.59,4.55,35.0,0.45,1.14,40.0,0.00,0.07,0.11,-0.07,0.91,0.91,0.00,0.00,1.14,Matchs
738,Lucas Digne,fr FRA,DF,Aston Villa,eng Premier League,29,1993,16.7,41.7,55.5,75.1,659.6,254.2,23.2,25.9,89.6,14.8,20.2,73.3,2.93,6.29,46.7,0.00,0.11,0.11,-0.11,01.08,2.40,1.38,0.84,3.41,Matchs
739,Federico Dimarco,it ITA,DF,Inter,it Serie A,24,1997,23.0,40.2,54.7,73.6,764.8,259.5,17.0,19.5,87.5,16.4,20.5,79.9,5.61,11.7,48.1,0.13,0.30,0.24,-0.17,2.57,2.91,1.83,1.22,3.83,Matchs
740,Stole Dimitrievski,mk MKD,GB,Rayo Vallecano,es La Liga,28,1993,36.9,18.7,30.5,61.4,547.7,400.3,3.20,3.20,100.0,8.97,9.11,98.5,6.50,17.8,36.5,0.00,0.00,0.00,0.00,0.03,0.57,0.00,0.00,0.00,Matchs
741,Junior Dina Ebimbe,fr FRA,"DF,MT",Eint Frankfurt,de Bundesliga,21,2000,11.8,31.0,42.8,72.5,485.8,156.9,16.3,19.9,81.7,12.1,16.0,75.7,1.69,4.15,40.8,0.08,0.12,0.11,-0.03,0.76,3.14,0.68,0.17,3.81,Matchs
742,Tristan Dingomé,cm CMR,MT,Troyes,fr Ligue 1,31,1991,1.1,50.0,70.9,70.5,763.6,229.1,28.2,30.9,91.2,17.3,25.5,67.9,2.73,8.18,33.3,0.00,0.27,0.18,-0.27,3.64,6.36,0.91,0.00,5.45,Matchs
743,Eren Dinkçi,de GER,"AT,MT",Werder Bremen,de Bundesliga,20,2001,2.6,19.2,29.6,64.9,299.2,51.5,10.4,14.2,73.0,6.92,10.0,69.2,1.54,2.69,57.1,0.00,0.23,0.46,-0.23,2.31,0.38,0.77,0.00,2.31,Matchs
744,Sinaly Diomande,ci CIV,DF,Lyon,fr Ligue 1,21,2001,21.7,57.9,67.6,85.6,1016.0,359.3,23.3,25.7,90.7,27.9,31.3,89.1,4.65,7.42,62.7,0.00,0.01,0.02,-0.01,0.14,4.42,0.14,0.05,4.98,Matchs
745,Lois Diony,fr FRA,AT,Angers,fr Ligue 1,29,1992,5.6,19.5,25.4,76.8,214.6,39.5,12.9,14.6,87.8,03.04,4.46,68.0,0.18,0.54,33.3,0.00,0.05,0.04,-0.05,0.89,01.07,0.36,0.18,1.96,Matchs
746,Edan Diop,fr FRA,"DF,AT",Monaco,fr Ligue 1,17,2004,2.5,35.6,48.4,73.6,572.4,158.4,18.0,23.2,77.6,14.8,18.4,80.4,2.00,2.80,71.4,0.00,0.32,0.24,-0.32,1.20,3.60,2.40,0.00,6.80,Matchs
747,Issa Diop,fr FRA,DF,Fulham,eng Premier League,25,1997,22.4,54.3,62.5,86.9,1061.8,349.4,17.2,19.1,90.4,31.7,34.0,93.3,5.00,8.44,59.3,0.00,0.02,0.02,-0.02,0.09,03.08,0.18,0.00,3.13,Matchs
748,Sofiane Diop,fr FRA,"MT,AT",Nice,fr Ligue 1,22,2000,13.6,40.9,51.7,79.1,657.9,166.3,20.8,24.7,84.2,14.6,18.1,80.9,3.38,5.22,64.8,0.29,0.14,0.14,0.15,1.54,3.90,1.32,0.29,5.29,Matchs
749,Sofiane Diop,fr FRA,MT,Monaco,fr Ligue 1,22,2000,0.7,28.6,47.1,60.6,394.3,131.4,20.0,27.1,73.7,2.86,8.57,33.3,2.86,7.14,40.0,0.00,0.14,0.14,-0.14,4.29,0.00,2.86,0.00,2.86,Matchs
750,Yehvann Diouf,fr FRA,GB,Reims,fr Ligue 1,22,1999,31.0,27.5,34.3,80.1,756.8,495.9,3.13,3.16,99.0,14.8,15.0,98.7,9.32,15.8,59.0,0.00,0.00,0.00,0.00,0.03,0.19,0.00,0.00,0.03,Matchs
Clt,Joueur,Nation,Pos,Équipe,Comp,Âge,Naissance,90,Cmp,Att,Cmp%,TotDist,DistBut,Cmp,Att,Cmp%,Cmp,Att,Cmp%,Cmp,Att,Cmp%,PD,xAG,xA,A-xAG,PC,1/3,PPA,CntSR,PrgP,Matchs
751,Axel Disasi,fr FRA,DF,Monaco,fr Ligue 1,24,1998,37.0,44.1,52.9,83.3,890.9,346.6,14.2,16.0,88.4,23.6,26.2,90.0,5.49,8.92,61.5,0.08,0.03,0.05,0.05,0.24,5.70,0.32,0.08,5.57,Matchs
752,Tiago Djaló,pt POR,DF,Lille,fr Ligue 1,22,2000,22.4,66.1,71.4,92.6,1151.7,400.4,28.1,29.7,94.4,31.1,32.3,96.1,5.31,6.79,78.3,0.00,0.00,0.01,-0.00,0.09,3.21,0.00,0.00,3.13,Matchs
753,Djené,tg TOG,DF,Getafe,es La Liga,30,1991,31.6,28.0,36.5,76.6,510.6,202.2,11.4,12.8,89.4,13.0,15.3,84.9,03.04,6.52,46.6,0.03,0.02,0.04,0.01,0.22,2.28,0.41,0.32,2.44,Matchs
754,Moussa Djenepo,ml MLI,"DF,AT",Southampton,eng Premier League,24,1998,7.9,22.7,30.9,73.4,329.7,97.7,13.2,15.1,87.4,7.59,10.5,72.3,01.01,2.53,40.0,0.25,0.06,0.05,0.19,1.14,1.65,0.63,0.38,2.41,Matchs
755,Koffi Djidji,ci CIV,DF,Torino,it Serie A,29,1992,26.9,46.4,53.6,86.7,826.7,237.5,18.7,20.2,92.8,22.9,25.0,91.8,3.75,6.36,59.1,0.00,0.00,0.01,-0.00,0.07,03.01,0.19,0.07,03.09,Matchs
756,Alexander Djiku,gh GHA,DF,Strasbourg,fr Ligue 1,27,1994,29.7,40.9,50.7,80.6,859.7,358.6,11.0,12.9,84.9,22.9,26.2,87.3,6.40,10.2,62.7,0.07,0.02,0.04,0.04,0.37,3.94,0.44,0.13,4.58,Matchs
757,Berat Djimsiti,al ALB,DF,Atalanta,it Serie A,29,1993,20.0,47.6,54.6,87.2,831.1,264.6,20.9,22.9,91.7,22.6,24.8,91.1,3.40,5.45,62.4,0.05,0.01,0.03,0.04,0.20,2.40,0.10,0.00,2.25,Matchs
758,Moussa Djitte,sn SEN,AT,Ajaccio,fr Ligue 1,22,1999,1.5,16.0,21.3,75.0,183.3,28.7,9.33,10.7,87.5,4.67,7.33,63.6,0.67,1.33,50.0,0.00,0.00,0.00,0.00,0.67,2.00,0.67,0.00,1.33,Matchs
759,Ouparine Djoco,gw GNB,GB,Clermont Foot,fr Ligue 1,24,1998,1.0,26.0,40.0,65.0,516.0,382.0,8.00,8.00,100.0,13.0,13.0,100.0,4.00,18.0,22.2,0.00,0.00,0.00,0.00,0.00,0.00,0.00,0.00,0.00,Matchs
760,Marko Dmitrović,rs SRB,GB,Sevilla,es La Liga,30,1992,14.1,19.2,36.0,53.3,708.5,589.6,2.34,2.34,100.0,7.87,7.94,99.1,09.01,25.2,35.7,0.00,0.00,0.01,0.00,0.00,1.56,0.07,0.00,0.00,Matchs
761,Alan Do Marcolino,ga GAB,AT,Rennes,fr Ligue 1,20,2002,0.2,10.0,10.0,100.0,140.0,10.0,10.0,10.0,100.0,0.00,0.00,,0.00,0.00,,0.00,0.00,0.00,0.00,0.00,0.00,0.00,0.00,0.00,Matchs
762,Ben Doak,sct SCO,AT,Liverpool,eng Premier League,16,2005,0.3,33.3,46.7,71.4,286.7,56.7,30.0,33.3,90.0,0.00,3.33,0.0,0.00,3.33,0.0,0.00,0.00,0.00,0.00,0.00,0.00,0.00,0.00,3.33,Matchs
763,Ritsu Doan,jp JPN,"MT,AT",Freiburg,de Bundesliga,24,1998,26.9,16.2,23.2,69.9,244.3,68.4,9.70,12.2,79.3,4.65,6.25,74.4,1.15,1.93,59.6,0.15,0.12,0.15,0.03,1.00,1.64,01.04,0.19,2.57,Matchs
764,Dodô,br BRA,DF,Fiorentina,it Serie A,23,1998,25.9,47.2,58.1,81.3,832.7,258.4,20.7,23.0,89.8,21.2,25.4,83.4,4.52,7.37,61.3,0.12,0.08,0.08,0.03,01.08,3.59,1.12,0.39,5.44,Matchs
765,Danilho Doekhi,nl NED,DF,Union Berlin,de Bundesliga,24,1998,24.6,30.7,38.8,79.2,560.0,199.7,12.4,14.3,86.7,15.2,17.6,86.1,2.64,5.20,50.8,0.04,0.02,0.03,0.02,0.28,2.80,0.16,0.00,2.97,Matchs
766,Matt Doherty,ie IRL,"DF,MT",Tottenham,eng Premier League,30,1992,7.4,44.5,55.1,80.6,661.6,165.1,25.7,27.6,93.1,14.5,18.5,78.1,2.43,4.73,51.4,0.00,0.04,0.04,-0.04,0.81,1.89,0.68,0.41,2.70,Matchs
767,Matt Doherty,ie IRL,DF,Atlético Madrid,es La Liga,30,1992,0.2,30.0,45.0,66.7,405.0,15.0,20.0,25.0,80.0,5.00,5.00,100.0,5.00,15.0,33.3,0.00,0.00,0.00,0.00,0.00,0.00,0.00,0.00,0.00,Matchs
768,Josh Doig,sct SCO,DF,Hellas Verona,it Serie A,20,2002,15.0,24.0,35.6,67.4,407.4,191.7,12.1,14.7,82.3,9.40,13.8,68.1,2.13,4.67,45.7,0.20,0.08,0.09,0.12,0.80,1.87,0.80,0.53,1.80,Matchs
769,Jeremy Doku,be BEL,"MT,AT",Rennes,fr Ligue 1,20,2002,14.3,30.3,36.4,83.1,470.7,101.7,15.5,18.3,84.7,12.4,14.2,87.2,1.68,1.89,88.9,0.14,0.34,0.28,-0.20,2.10,1.89,2.45,0.21,4.97,Matchs
770,Kasper Dolberg,dk DEN,AT,Sevilla,es La Liga,24,1997,2.2,8.64,12.7,67.9,116.8,12.3,5.91,8.18,72.2,1.36,2.27,60.0,0.91,1.36,66.7,0.45,0.18,0.00,0.27,0.45,0.45,0.00,0.00,0.91,Matchs
771,Kasper Dolberg,dk DEN,"AT,MT",Hoffenheim,de Bundesliga,24,1997,4.5,12.2,17.6,69.6,150.4,21.3,7.33,9.11,80.5,3.11,5.33,58.3,0.22,0.22,100.0,0.00,0.09,0.07,-0.09,0.89,0.67,0.44,0.00,0.89,Matchs
772,Carlos Dominguez,es ESP,DF,Celta Vigo,es La Liga,21,2001,1.2,23.3,28.3,82.4,387.5,185.0,11.7,13.3,87.5,10.0,10.0,100.0,1.67,4.17,40.0,0.00,0.00,0.00,0.00,0.00,0.83,0.00,0.00,1.67,Matchs
773,Nicolás Domínguez,ar ARG,MT,Bologna,it Serie A,24,1998,25.6,45.7,55.5,82.3,708.6,198.6,24.1,27.1,89.2,15.9,18.9,84.5,3.32,05.08,65.4,0.08,0.11,0.11,-0.04,1.41,4.61,0.98,0.08,5.74,Matchs
774,John Donald,es ESP,"MT,DF",Elche,es La Liga,21,2000,12.1,29.4,35.3,83.4,482.6,149.4,13.9,15.9,87.5,12.8,14.8,86.6,1.82,2.48,73.3,0.00,0.01,0.01,-0.01,0.17,1.90,0.00,0.00,1.90,Matchs
775,Giulio Donati,it ITA,DF,Monza,it Serie A,32,1990,4.7,58.1,68.3,85.0,1148.1,397.4,20.0,22.1,90.4,30.4,33.8,89.9,07.02,9.79,71.7,0.00,0.02,0.02,-0.02,0.21,04.04,0.00,0.00,4.47,Matchs
Clt,Joueur,Nation,Pos,Équipe,Comp,Âge,Naissance,90,Cmp,Att,Cmp%,TotDist,DistBut,Cmp,Att,Cmp%,Cmp,Att,Cmp%,Cmp,Att,Cmp%,PD,xAG,xA,A-xAG,PC,1/3,PPA,CntSR,PrgP,Matchs
776,Kyliane Dong,fr FRA,"MT,AT",Troyes,fr Ligue 1,17,2004,2.4,14.6,22.1,66.0,250.4,45.4,6.25,7.92,78.9,5.83,8.33,70.0,1.67,3.33,50.0,0.00,0.08,0.13,-0.08,0.83,0.42,0.00,0.00,1.67,Matchs
777,Jordan Dongmo,cm CMR,MT,Troyes,fr Ligue 1,21,2001,0.2,45.0,50.0,90.0,600.0,50.0,25.0,25.0,100.0,20.0,25.0,80.0,0.00,0.00,,0.00,0.00,0.00,0.00,0.00,5.00,0.00,0.00,0.00,Matchs
778,Gianluigi Donnarumma,it ITA,GB,Paris S-G,fr Ligue 1,23,1999,37.9,21.4,24.7,86.7,435.3,283.0,6.83,6.86,99.6,10.9,11.1,98.3,3.32,6.36,52.3,0.00,0.00,0.00,0.00,0.00,0.05,0.00,0.00,0.00,Matchs
779,Niklas Dorsch,de GER,MT,Augsburg,de Bundesliga,24,1998,5.4,25.9,33.9,76.5,476.9,128.0,10.4,12.8,81.2,12.6,15.6,81.0,2.59,4.63,56.0,0.00,0.02,0.06,-0.02,0.19,1.30,0.37,0.00,2.59,Matchs
780,Gabriel Dos Santos,br BRA,DF,Arsenal,eng Premier League,24,1997,37.9,56.9,63.6,89.4,1012.0,356.8,23.0,24.3,94.4,29.3,31.1,94.2,3.96,6.49,61.0,0.00,0.01,0.02,-0.01,0.13,4.51,0.08,0.00,04.04,Matchs
781,Jodel Dossou,bj BEN,"MT,DF",Clermont Foot,fr Ligue 1,30,1992,2.9,13.4,20.3,66.1,190.3,67.6,8.97,11.0,81.3,3.45,6.21,55.6,0.69,1.72,40.0,0.00,0.07,0.07,-0.07,01.03,1.72,0.34,0.34,02.07,Matchs
782,Lohann Doucet,fr FRA,"MT,AT",Nantes,fr Ligue 1,19,2002,1.0,67.0,79.0,84.8,1244.0,307.0,24.0,30.0,80.0,34.0,35.0,97.1,7.00,11.0,63.6,0.00,0.20,0.00,-0.20,1.00,3.00,1.00,0.00,9.00,Matchs
783,Abdoulaye Doucouré,ml MLI,MT,Everton,eng Premier League,29,1993,17.0,25.3,32.2,78.5,331.6,78.4,15.4,18.6,82.6,8.24,10.0,82.4,0.41,0.76,53.8,0.12,0.13,0.08,-0.01,1.29,1.71,0.59,0.00,2.24,Matchs
784,Cheick Doucouré,ml MLI,MT,Crystal Palace,eng Premier League,22,2000,30.8,33.7,40.5,83.2,566.0,173.8,15.5,17.4,89.3,14.9,17.2,86.8,2.44,3.38,72.1,0.10,0.06,0.04,0.04,0.84,3.57,0.36,0.03,4.55,Matchs
785,Ckene Doucouré,ml MLI,"AT,MT",Lorient,fr Ligue 1,20,2002,1.5,19.3,30.7,63.0,254.0,74.7,10.0,14.7,68.2,7.33,11.3,64.7,0.00,0.00,,0.67,0.40,0.47,0.27,3.33,0.67,2.00,0.00,3.33,Matchs
786,Désiré Doué,fr FRA,"MT,AT",Rennes,fr Ligue 1,17,2005,12.4,28.3,36.5,77.5,484.2,108.0,13.5,17.1,78.8,10.4,12.7,81.6,03.06,4.35,70.4,0.08,0.12,0.10,-0.04,1.21,3.31,01.05,0.08,4.60,Matchs
787,Guela Doué,fr FRA,"AT,MT",Rennes,fr Ligue 1,19,2002,0.1,90.0,100.0,90.0,1600.0,120.0,30.0,30.0,100.0,60.0,70.0,85.7,0.00,0.00,,0.00,0.00,0.00,0.00,0.00,0.00,0.00,0.00,10.0,Matchs
788,Ismaël Doukouré,fr FRA,"DF,MT",Strasbourg,fr Ligue 1,19,2003,25.5,35.7,43.4,82.3,671.0,245.7,13.6,15.5,87.9,16.9,19.1,88.3,3.96,6.90,57.4,0.04,0.02,0.04,0.02,0.16,3.88,0.35,0.08,3.88,Matchs
789,Kamory Doumbia,ml MLI,MT,Reims,fr Ligue 1,19,2003,12.8,33.4,42.0,79.6,546.4,160.8,15.8,18.8,83.8,14.0,16.6,84.4,2.42,3.67,66.0,0.16,0.23,0.13,-0.07,1.41,5.16,01.09,0.08,6.64,Matchs
790,Souleyman Doumbia,ci CIV,"DF,AT",Angers,fr Ligue 1,25,1996,19.9,38.3,47.8,80.0,575.6,189.8,21.0,24.0,87.2,14.3,17.6,81.1,1.81,3.77,48.0,0.00,0.08,0.09,-0.08,0.60,2.31,0.80,0.55,2.91,Matchs
791,Flynn Downes,eng ENG,MT,West Ham,eng Premier League,23,1999,8.5,34.0,38.9,87.3,477.9,108.4,21.5,22.8,94.3,10.1,11.4,88.7,1.18,1.65,71.4,0.00,0.01,0.01,-0.01,0.24,2.94,0.12,0.00,2.59,Matchs
792,Kami Doyle,eng ENG,MT,Southampton,eng Premier League,16,2005,0.1,50.0,50.0,100.0,740.0,0.00,30.0,30.0,100.0,20.0,20.0,100.0,0.00,0.00,,0.00,0.00,0.00,0.00,0.00,0.00,0.00,0.00,0.00,Matchs
793,Bartłomiej Drągowski,pl POL,GB,Spezia,it Serie A,24,1997,32.7,24.7,35.9,68.9,665.1,457.8,6.27,6.30,99.5,10.9,11.1,98.1,7.34,18.2,40.4,0.03,0.00,0.01,0.03,0.03,0.67,0.09,0.00,0.00,Matchs
794,Cody Drameh,eng ENG,DF,Leeds United,eng Premier League,20,2001,0.8,37.5,47.5,78.9,571.3,191.3,21.3,26.3,81.0,13.8,15.0,91.7,2.50,6.25,40.0,0.00,0.00,0.00,0.00,0.00,2.50,0.00,0.00,2.50,Matchs
795,Dion Drena Beljo,hr CRO,AT,Augsburg,de Bundesliga,20,2002,12.5,12.7,20.0,63.6,164.6,37.4,7.52,11.3,66.7,3.68,5.84,63.0,0.40,0.64,62.5,0.16,0.14,0.07,0.02,1.20,0.88,0.32,0.08,1.20,Matchs
796,Dominick Drexler,de GER,"MT,AT",Schalke 04,de Bundesliga,32,1990,15.2,21.4,32.8,65.3,341.4,109.3,10.5,14.1,74.0,7.24,10.1,71.4,1.91,3.75,50.9,0.20,0.14,0.11,0.06,1.25,1.97,1.32,0.59,3.42,Matchs
797,Domingos Duarte,pt POR,DF,Getafe,es La Liga,27,1995,29.5,25.2,32.6,77.1,530.8,220.5,08.07,9.53,84.7,12.5,15.0,83.5,4.41,7.63,57.8,0.07,0.03,0.00,0.04,0.14,1.76,0.03,0.00,2.14,Matchs
798,Martin Dúbravka,sk SVK,GB,Newcastle Utd,eng Premier League,33,1989,1.7,28.8,31.8,90.7,615.3,409.4,12.4,12.4,100.0,11.2,11.2,100.0,4.71,7.65,61.5,0.00,0.00,0.00,0.00,0.00,0.59,0.00,0.00,0.00,Matchs
799,Marvin Ducksch,de GER,AT,Werder Bremen,de Bundesliga,28,1994,31.7,18.4,30.2,61.0,314.6,90.0,9.27,12.3,75.4,5.36,09.09,59.0,2.56,6.25,40.9,0.19,0.17,0.19,0.02,1.64,1.32,0.66,0.19,1.83,Matchs
800,Ondrej Duda,sk SVK,MT,Hellas Verona,it Serie A,27,1994,11.8,27.4,36.7,74.6,479.2,140.6,12.5,15.0,83.6,10.8,13.1,83.1,2.97,5.42,54.7,0.00,0.03,0.04,-0.03,0.42,3.56,0.42,0.08,3.73,Matchs
Clt,Joueur,Nation,Pos,Équipe,Comp,Âge,Naissance,90,Cmp,Att,Cmp%,TotDist,DistBut,Cmp,Att,Cmp%,Cmp,Att,Cmp%,Cmp,Att,Cmp%,PD,xAG,xA,A-xAG,PC,1/3,PPA,CntSR,PrgP,Matchs
801,Ondrej Duda,sk SVK,MT,Köln,de Bundesliga,27,1994,7.7,27.0,36.2,74.6,467.3,112.5,12.6,14.9,84.3,10.6,13.1,81.2,2.60,4.81,54.1,0.00,0.09,0.10,-0.09,01.04,3.64,0.65,0.13,5.19,Matchs
802,Shane Duffy,ie IRL,"DF,AT",Fulham,eng Premier League,30,1992,0.2,80.0,100.0,80.0,1540.0,305.0,25.0,25.0,100.0,45.0,50.0,90.0,10.0,20.0,50.0,0.00,0.00,0.00,0.00,0.00,0.00,0.00,0.00,0.00,Matchs
803,Rémy Dugimont,fr FRA,"AT,MT",Auxerre,fr Ligue 1,36,1986,1.3,31.5,46.9,67.2,487.7,93.8,13.1,20.8,63.0,11.5,16.2,71.4,03.08,3.85,80.0,0.77,0.23,0.08,0.54,2.31,2.31,0.77,0.00,6.15,Matchs
804,Denzel Dumfries,nl NED,DF,Inter,it Serie A,26,1996,24.6,30.3,40.8,74.2,503.8,149.9,14.6,16.9,86.1,12.7,16.6,76.5,2.28,4.51,50.5,0.16,0.20,0.16,-0.04,1.30,1.30,1.30,0.73,2.40,Matchs
805,Alfred Duncan,gh GHA,MT,Fiorentina,it Serie A,29,1993,12.3,34.2,43.9,78.0,626.4,195.1,14.1,16.1,87.4,14.9,17.6,84.3,3.98,7.15,55.7,0.00,0.05,0.06,-0.05,1.14,4.72,0.81,0.41,5.69,Matchs
806,Lewis Dunk,eng ENG,DF,Brighton,eng Premier League,30,1991,36.0,80.9,89.5,90.3,1523.3,553.9,29.6,31.3,94.5,42.4,44.4,95.3,7.75,11.9,65.2,0.00,0.03,0.03,-0.03,0.25,4.94,0.25,0.03,4.39,Matchs
807,Maxime Dupé,fr FRA,GB,Toulouse,fr Ligue 1,29,1993,38.0,26.2,33.4,78.2,667.8,442.2,4.45,4.45,100.0,14.7,15.0,98.2,6.79,13.8,49.3,0.00,0.00,0.00,0.00,0.00,0.16,0.00,0.00,0.00,Matchs
808,Jhon Durán,co COL,"AT,MT",Aston Villa,eng Premier League,18,2003,1.5,10.7,19.3,55.2,176.0,31.3,5.33,8.00,66.7,4.67,8.00,58.3,0.67,1.33,50.0,0.00,0.00,0.00,0.00,0.67,0.67,0.67,0.00,2.67,Matchs
809,Pablo Durán,es ESP,"MT,DF",Celta Vigo,es La Liga,21,2001,0.4,35.0,52.5,66.7,502.5,32.5,25.0,35.0,71.4,7.50,10.0,75.0,2.50,7.50,33.3,0.00,0.00,0.00,0.00,0.00,0.00,0.00,0.00,0.00,Matchs
810,Julien Duranville,be BEL,MT,Dortmund,de Bundesliga,16,2006,0.3,36.7,56.7,64.7,546.7,333.3,16.7,16.7,100.0,13.3,26.7,50.0,3.33,3.33,100.0,0.00,1.00,1.67,-1.00,6.67,0.00,10.0,10.0,3.33,Matchs
811,Hugo Duro,es ESP,AT,Valencia,es La Liga,22,1999,15.4,13.2,18.0,73.3,169.0,21.2,8.70,11.0,79.3,03.05,04.09,74.6,0.39,0.78,50.0,0.06,0.07,0.03,-0.01,0.71,0.84,0.06,0.00,1.23,Matchs
812,Jean-Kevin Duverne,ht HAI,DF,Brest,fr Ligue 1,25,1997,27.9,38.0,53.0,71.6,651.1,285.1,18.7,21.5,86.7,13.8,19.0,72.5,4.19,8.89,47.2,0.00,0.03,0.04,-0.03,0.36,04.05,0.50,0.29,5.34,Matchs
813,Paulo Dybala,ar ARG,"MT,AT",Roma,it Serie A,28,1993,19.3,33.7,43.2,78.0,599.0,153.1,17.6,19.9,88.5,9.79,12.2,80.4,5.18,7.72,67.1,0.31,0.36,0.23,-0.05,2.75,2.54,01.09,0.05,3.89,Matchs
814,Edin Džeko,ba BIH,AT,Inter,it Serie A,36,1986,19.2,19.0,27.5,68.9,299.0,73.8,10.2,13.2,77.1,6.35,09.01,70.5,1.56,2.86,54.5,0.16,0.17,0.17,-0.01,1.20,02.03,01.04,0.10,3.49,Matchs
815,Malcolm Ebiowei,eng ENG,"MT,AT",Crystal Palace,eng Premier League,18,2003,0.4,12.5,25.0,50.0,245.0,40.0,5.00,10.0,50.0,5.00,5.00,100.0,2.50,5.00,50.0,0.00,0.00,0.00,0.00,0.00,0.00,0.00,0.00,5.00,Matchs
816,Festy Ebosele,ie IRL,DF,Udinese,it Serie A,19,2002,4.6,22.0,32.8,66.9,367.6,162.6,11.3,13.9,81.3,8.48,12.2,69.6,1.96,3.70,52.9,0.22,0.20,0.11,0.02,01.09,1.96,1.96,01.09,3.70,Matchs
817,Enzo Ebosse,cm CMR,DF,Udinese,it Serie A,23,1999,10.3,44.0,54.1,81.3,854.5,310.9,17.4,19.5,89.1,19.7,23.3,84.6,6.31,9.90,63.7,0.00,0.00,0.01,0.00,0.10,4.17,0.39,0.10,4.95,Matchs
818,Tyronne Ebuehi,ng NGA,DF,Empoli,it Serie A,26,1995,21.4,32.1,41.2,78.1,545.8,191.2,14.1,16.2,86.7,14.8,17.8,83.2,2.52,4.77,52.9,0.19,0.09,0.05,0.10,0.56,1.21,0.51,0.33,1.92,Matchs
819,Ederson,br BRA,GB,Manchester City,eng Premier League,28,1993,35.0,30.8,35.9,85.8,749.9,493.6,6.77,6.83,99.2,16.1,16.3,98.4,7.94,12.6,62.9,0.03,0.01,0.01,0.02,0.03,0.37,0.00,0.00,0.00,Matchs
820,Éderson,br BRA,MT,Atalanta,it Serie A,23,1999,24.6,35.9,44.3,81.0,636.8,183.6,15.2,17.6,86.2,15.4,17.7,86.7,3.94,5.41,72.9,0.04,0.09,0.09,-0.05,0.85,3.78,0.61,0.16,3.78,Matchs
821,Odsonne Édouard,fr FRA,AT,Crystal Palace,eng Premier League,24,1998,20.0,14.8,20.6,71.6,165.3,26.8,10.6,13.3,79.7,2.70,4.30,62.8,0.25,0.50,50.0,0.10,0.06,0.04,0.04,0.85,0.45,0.45,0.00,1.60,Matchs
822,Samuel Edozie,eng ENG,"AT,MT",Southampton,eng Premier League,19,2003,6.3,17.6,26.0,67.7,214.0,56.2,11.9,14.8,80.6,3.49,5.40,64.7,0.79,1.59,50.0,0.00,0.06,0.06,-0.06,1.27,0.95,0.95,0.16,02.06,Matchs
823,Maximilian Eggestein,de GER,MT,Freiburg,de Bundesliga,25,1996,27.2,24.3,31.8,76.4,371.3,116.6,13.1,16.0,81.6,8.79,10.4,84.8,1.32,02.06,64.3,0.07,0.06,0.07,0.01,0.85,03.05,0.66,0.07,3.42,Matchs
824,Lilian Egloff,de GER,"MT,AT",Stuttgart,de Bundesliga,19,2002,2.7,15.6,27.0,57.5,212.6,74.4,10.7,14.4,74.4,04.07,5.93,68.8,0.37,1.85,20.0,0.00,0.15,0.30,-0.15,1.48,1.11,1.11,0.00,2.59,Matchs
825,Íñigo Eguaras,es ESP,MT,Almería,es La Liga,30,1992,10.7,42.8,50.7,84.3,743.5,257.6,20.8,23.1,90.3,16.1,18.0,89.1,4.77,6.82,69.9,0.09,0.06,0.11,0.04,01.03,4.67,0.84,0.19,5.70,Matchs
Clt,Joueur,Nation,Pos,Équipe,Comp,Âge,Naissance,90,Cmp,Att,Cmp%,TotDist,DistBut,Cmp,Att,Cmp%,Cmp,Att,Cmp%,Cmp,Att,Cmp%,PD,xAG,xA,A-xAG,PC,1/3,PPA,CntSR,PrgP,Matchs
826,Kingsley Ehizibue,nl NED,DF,Udinese,it Serie A,27,1995,17.1,24.1,33.0,72.9,398.8,148.7,11.2,13.5,83.0,9.88,12.6,78.2,2.22,3.98,55.9,0.00,0.05,0.06,-0.05,0.47,1.87,0.70,0.41,2.34,Matchs
827,Kingsley Ehizibue,nl NED,DF,Köln,de Bundesliga,27,1995,0.7,21.4,34.3,62.5,392.9,202.9,11.4,14.3,80.0,4.29,8.57,50.0,5.71,8.57,66.7,0.00,0.00,0.00,0.00,0.00,1.43,1.43,0.00,2.86,Matchs
828,Julian Eitschberger,de GER,AT,Hertha BSC,de Bundesliga,18,2004,0.0,1,1,100.0,10,4,1,1,100.0,0,0,,0,0,,0,0.0,0.0,0.0,0,0,0,0,0,Matchs
829,Chidera Ejuke,ng NGA,"AT,MT",Hertha BSC,de Bundesliga,24,1998,9.9,22.9,29.5,77.7,346.7,78.1,12.8,15.4,83.6,6.67,8.28,80.5,2.32,3.13,74.2,0.30,0.13,0.09,0.17,01.01,2.83,01.01,0.10,3.94,Matchs
830,Albin Ekdal,se SWE,MT,Spezia,it Serie A,33,1989,19.3,31.4,40.5,77.5,460.5,163.2,17.3,20.8,83.3,11.1,13.5,82.3,1.40,3.11,45.0,0.10,0.08,0.05,0.02,0.52,3.21,0.88,0.10,4.15,Matchs
831,Hugo Ekitike,fr FRA,AT,Paris S-G,fr Ligue 1,20,2002,12.8,21.2,25.9,81.9,259.5,30.5,14.7,17.3,85.1,4.22,5.55,76.1,0.47,0.70,66.7,0.31,0.13,0.13,0.19,0.86,01.02,0.86,0.00,1.80,Matchs
832,Emmanuel Ekong,se SWE,"AT,MT",Empoli,it Serie A,20,2002,0.2,15.0,20.0,75.0,270.0,0.00,10.0,15.0,66.7,0.00,0.00,,5.00,5.00,100.0,0.00,0.00,0.00,0.00,0.00,0.00,0.00,0.00,0.00,Matchs
833,Anthony Elanga,se SWE,AT,Manchester Utd,eng Premier League,20,2002,4.7,20.2,27.7,73.1,255.5,63.4,13.8,18.3,75.6,4.89,6.81,71.9,0.64,0.64,100.0,0.21,0.19,0.21,0.02,1.28,0.64,0.64,0.00,1.70,Matchs
834,Alberth Elis,hn HON,"MT,AT",Brest,fr Ligue 1,26,1996,2.9,11.4,15.2,75.0,139.7,47.2,8.28,11.0,75.0,02.07,2.41,85.7,0.00,0.69,0.0,0.00,0.07,0.10,-0.07,01.03,0.69,01.03,0.34,1.38,Matchs
835,Mikael Ellertsson,is ISL,"MT,DF",Spezia,it Serie A,20,2002,1.9,12.6,21.1,60.0,169.5,43.2,8.42,9.47,88.9,3.68,7.37,50.0,0.00,2.63,0.0,0.00,0.00,0.00,0.00,0.53,1.58,0.00,0.00,1.58,Matchs
836,Harvey Elliott,eng ENG,"MT,AT",Liverpool,eng Premier League,19,2003,17.9,45.2,56.4,80.2,689.7,178.6,24.7,27.6,89.5,16.5,20.3,81.5,2.51,4.75,52.9,0.11,0.20,0.24,-0.09,1.45,3.80,2.29,0.34,7.93,Matchs
837,Elif Elmas,mk MKD,"AT,MT",Napoli,it Serie A,22,1999,18.1,48.6,55.9,86.9,667.8,156.7,30.4,32.9,92.4,13.9,16.1,86.6,02.04,3.20,63.8,0.17,0.10,0.13,0.06,1.49,3.31,1.71,0.50,04.03,Matchs
838,Mohamed Elneny,eg EGY,MT,Arsenal,eng Premier League,30,1992,1.3,43.8,46.2,95.0,793.1,172.3,17.7,17.7,100.0,20.8,22.3,93.1,4.62,4.62,100.0,0.00,0.00,0.00,0.00,0.00,2.31,1.54,0.00,1.54,Matchs
839,Aritz Elustondo,es ESP,DF,Real Sociedad,es La Liga,28,1994,16.1,40.6,50.2,80.7,682.9,248.9,18.8,20.9,89.6,18.4,22.3,82.5,2.61,05.03,51.9,0.06,0.07,0.02,-0.01,0.25,2.42,0.43,0.12,3.23,Matchs
840,Nico Elvedi,ch SUI,DF,M'Gladbach,de Bundesliga,25,1996,31.4,62.6,68.4,91.5,1160.0,353.9,22.4,23.9,94.0,34.5,36.3,94.9,5.00,6.66,75.1,0.00,0.01,0.02,-0.01,0.16,1.59,0.03,0.00,2.64,Matchs
841,Rodrigo Ely,br BRA,DF,Almería,es La Liga,28,1993,35.1,34.1,42.0,81.2,746.5,289.2,8.32,9.66,86.1,20.1,22.1,90.7,5.47,9.57,57.1,0.03,0.02,0.02,0.01,0.17,1.54,0.09,0.00,1.48,Matchs
842,Mohamed Elyounoussi,no NOR,"MT,AT",Southampton,eng Premier League,27,1994,24.1,17.7,26.3,67.3,246.9,67.9,11.3,14.4,78.2,4.48,6.93,64.7,1.16,2.32,50.0,0.04,0.09,0.07,-0.05,0.75,1.33,0.79,0.25,02.07,Matchs
843,Adri Embarba,es ESP,"AT,MT",Almería,es La Liga,30,1992,16.4,21.7,34.0,63.9,386.6,115.7,9.88,12.2,81.0,7.44,10.9,68.5,2.93,6.71,43.6,0.18,0.21,0.16,-0.02,1.95,1.34,0.73,0.37,2.87,Matchs
844,Adri Embarba,es ESP,AT,Espanyol,es La Liga,30,1992,0.4,10.0,15.0,66.7,200.0,92.5,5.00,7.50,66.7,2.50,5.00,50.0,2.50,2.50,100.0,0.00,0.00,0.25,0.00,0.00,0.00,0.00,0.00,0.00,Matchs
845,Breel Embolo,ch SUI,AT,Monaco,fr Ligue 1,25,1997,20.7,14.8,21.6,68.5,217.3,53.6,8.12,11.0,73.7,4.40,6.18,71.1,01.01,1.21,84.0,0.10,0.15,0.12,-0.06,1.35,1.30,0.92,0.00,2.51,Matchs
846,Emerson,br BRA,DF,Tottenham,eng Premier League,23,1999,19.3,43.9,54.9,80.0,693.2,196.7,22.6,25.0,90.7,17.1,20.3,84.2,2.75,4.82,57.0,0.05,0.03,0.05,0.02,0.47,03.01,0.88,0.16,4.15,Matchs
847,Youssef En-Nesyri,ma MAR,AT,Sevilla,es La Liga,25,1997,18.5,8.43,13.0,64.7,119.0,17.7,5.19,7.30,71.1,2.70,04.05,66.7,0.22,0.43,50.0,0.05,0.06,0.03,-0.01,0.54,0.22,0.05,0.00,0.65,Matchs
848,Wataru Endo,jp JPN,MT,Stuttgart,de Bundesliga,29,1993,32.5,36.0,45.4,79.2,643.8,190.4,15.3,18.6,82.2,15.8,18.4,85.6,4.00,5.88,68.1,0.12,0.14,0.12,-0.02,1.42,4.25,0.86,0.03,5.26,Matchs
849,Arne Engels,be BEL,MT,Augsburg,de Bundesliga,18,2003,16.0,24.8,38.7,64.1,473.8,170.3,10.6,13.6,78.3,9.81,12.9,75.8,3.88,9.31,41.6,0.19,0.14,0.12,0.05,1.50,2.81,0.56,0.19,3.56,Matchs
850,Christian Eriksen,dk DEN,MT,Manchester Utd,eng Premier League,30,1992,22.8,52.8,65.1,81.0,863.2,271.6,27.6,30.7,89.9,18.8,22.0,85.5,4.61,8.68,53.0,0.35,0.18,0.15,0.17,1.58,6.54,1.18,0.22,7.19,Matchs
Clt,Joueur,Nation,Pos,Équipe,Comp,Âge,Naissance,90,Cmp,Att,Cmp%,TotDist,DistBut,Cmp,Att,Cmp%,Cmp,Att,Cmp%,Cmp,Att,Cmp%,PD,xAG,xA,A-xAG,PC,1/3,PPA,CntSR,PrgP,Matchs
851,Martin Erlic,hr CRO,DF,Sassuolo,it Serie A,24,1998,25.9,42.9,50.0,85.8,885.3,303.5,12.5,13.9,89.7,23.5,25.7,91.6,6.49,9.46,68.6,0.00,0.01,0.02,-0.01,0.08,1.85,0.12,0.00,2.51,Matchs
852,Tjark Ernst,de GER,GB,Hertha BSC,de Bundesliga,19,2003,1.0,26.0,35.0,74.3,680.0,539.0,7.00,7.00,100.0,10.0,10.0,100.0,9.00,18.0,50.0,0.00,0.00,0.00,0.00,0.00,0.00,0.00,0.00,0.00,Matchs
853,Gonzalo Escalante,ar ARG,MT,Cremonese,it Serie A,29,1993,6.2,35.8,46.8,76.6,605.6,230.6,16.0,18.9,84.6,16.6,19.7,84.4,2.58,5.81,44.4,0.16,0.03,0.02,0.13,0.65,4.84,0.32,0.00,4.84,Matchs
854,Gonzalo Escalante,ar ARG,MT,Cádiz,es La Liga,29,1993,12.5,26.0,34.6,75.1,417.0,121.0,14.2,16.6,85.6,9.60,12.2,78.9,1.84,4.16,44.2,0.08,0.12,0.08,-0.04,0.80,3.28,0.40,0.16,4.00,Matchs
855,Sergio Escudero,es ESP,DF,Valladolid,es La Liga,32,1989,16.0,33.0,46.4,71.1,565.1,232.8,16.2,17.9,90.6,12.6,16.9,74.2,3.44,8.25,41.7,0.00,0.11,0.10,-0.11,1.00,1.88,1.00,0.56,2.50,Matchs
856,Alfonso Espino,uy URU,DF,Cádiz,es La Liga,30,1992,34.7,28.5,44.4,64.1,500.3,232.3,13.5,16.5,81.8,11.4,16.8,67.9,03.08,8.47,36.4,0.12,0.12,0.11,-0.01,01.01,2.42,01.07,0.61,03.08,Matchs
857,Bernardo Espinosa,co COL,DF,Girona,es La Liga,33,1989,13.6,59.7,67.1,88.9,1113.0,417.0,20.1,22.0,91.6,35.4,37.6,94.1,3.82,6.76,56.5,0.07,0.00,0.01,0.07,0.07,2.21,0.00,0.00,2.65,Matchs
858,Salvatore Esposito,it ITA,MT,Spezia,it Serie A,21,2000,10.8,46.3,60.5,76.6,784.1,227.4,23.5,26.0,90.4,17.3,20.8,83.1,04.07,10.0,40.7,0.00,0.14,0.12,-0.14,1.11,4.54,0.56,0.09,4.72,Matchs
859,Maxime Estève,fr FRA,DF,Montpellier,fr Ligue 1,20,2002,18.3,33.3,40.9,81.4,623.7,213.5,11.6,13.6,85.9,17.8,19.7,90.0,03.01,6.17,48.7,0.00,0.01,0.02,-0.01,0.05,02.08,0.00,0.00,2.40,Matchs
860,Pervis Estupiñán,ec ECU,DF,Brighton,eng Premier League,24,1998,29.7,53.1,64.8,81.8,769.1,237.7,31.0,34.2,90.7,18.4,22.3,82.5,02.02,3.70,54.5,0.17,0.18,0.14,-0.01,1.72,3.47,1.48,0.64,5.29,Matchs
861,Jonny Evans,nir NIR,DF,Leicester City,eng Premier League,34,1988,11.7,59.0,67.4,87.5,1169.6,445.7,18.0,19.4,93.0,34.2,36.8,93.0,6.24,9.74,64.0,0.00,0.00,0.02,0.00,0.09,3.68,0.17,0.00,2.99,Matchs
862,Edu Expósito,es ESP,MT,Espanyol,es La Liga,25,1996,12.9,30.2,41.1,73.4,518.8,157.0,12.9,15.3,83.8,13.0,16.0,81.6,2.79,6.67,41.9,0.16,0.19,0.17,-0.03,1.71,3.49,1.55,0.31,5.58,Matchs
863,Eberechi Eze,eng ENG,"MT,AT",Crystal Palace,eng Premier League,24,1998,29.3,31.5,40.2,78.4,481.4,133.2,18.1,20.7,87.5,10.0,12.0,83.3,2.29,05.05,45.3,0.14,0.15,0.11,-0.01,1.95,3.00,1.19,0.07,4.47,Matchs
864,Kimberly Ezekwem,de GER,DF,Freiburg,de Bundesliga,21,2001,0.1,60.0,80.0,75.0,740.0,190.0,30.0,30.0,100.0,30.0,40.0,75.0,0.00,10.0,0.0,0.00,0.00,0.00,0.00,0.00,10.0,0.00,0.00,0.00,Matchs
865,Nicolás Ezequiel Fernández,ar ARG,"MT,DF",Elche,es La Liga,22,2000,5.7,31.2,42.1,74.2,500.0,201.8,17.7,19.3,91.8,8.25,10.7,77.0,3.68,7.54,48.8,0.18,0.14,0.19,0.04,2.28,2.46,2.81,1.75,05.09,Matchs
866,Abdessamad Ezzalzouli,ma MAR,"AT,MT",Osasuna,es La Liga,20,2001,16.7,21.9,32.9,66.5,313.9,77.0,13.3,16.0,82.8,6.41,9.82,65.2,1.44,03.05,47.1,0.12,0.11,0.23,0.01,0.72,0.78,1.44,0.54,2.63,Matchs
867,Łukasz Fabiański,pl POL,GB,West Ham,eng Premier League,37,1985,34.6,17.3,26.9,64.3,545.7,436.2,3.38,3.38,100.0,6.50,6.59,98.7,7.34,16.7,43.9,0.00,0.00,0.00,0.00,0.00,0.35,0.00,0.00,0.00,Matchs
868,Fabinho,br BRA,MT,Liverpool,eng Premier League,28,1993,29.7,54.4,61.7,88.3,881.9,207.5,27.5,29.7,92.6,21.1,22.9,92.2,4.21,06.06,69.4,0.07,0.07,0.06,-0.00,0.57,4.41,0.57,0.00,5.42,Matchs
869,Fábio,br BRA,"DF,MT",Nantes,fr Ligue 1,32,1990,2.5,34.8,46.8,74.4,550.4,172.4,18.8,22.8,82.5,13.6,17.6,77.3,1.60,4.40,36.4,0.00,0.24,0.28,-0.24,1.60,2.00,2.00,0.40,4.40,Matchs
870,Noah Fadiga,sn SEN,DF,Brest,fr Ligue 1,22,1999,14.5,34.4,43.1,79.8,532.8,197.2,16.6,19.5,85.2,15.1,17.3,87.3,1.38,3.59,38.5,0.00,0.01,0.04,-0.01,0.14,2.69,0.69,0.21,4.34,Matchs
871,Wout Faes,be BEL,DF,Leicester City,eng Premier League,24,1998,31.0,51.0,59.5,85.6,942.3,334.5,19.1,21.1,90.7,27.7,30.3,91.5,3.74,07.03,53.2,0.06,0.02,0.02,0.05,0.29,2.26,0.16,0.00,2.39,Matchs
872,Wout Faes,be BEL,DF,Reims,fr Ligue 1,24,1998,3.0,31.7,38.3,82.6,672.0,280.3,7.33,9.33,78.6,18.0,19.3,93.1,5.33,7.67,69.6,0.00,0.00,0.07,0.00,0.33,2.67,0.67,0.00,2.67,Matchs
873,Nicolò Fagioli,it ITA,MT,Juventus,it Serie A,21,2001,16.9,29.9,35.9,83.2,480.7,104.1,16.4,18.2,90.6,10.2,11.9,86.1,2.60,4.32,60.3,0.18,0.08,0.07,0.10,0.89,2.90,01.07,0.18,3.31,Matchs
874,Ralf Fährmann,de GER,GB,Schalke 04,de Bundesliga,33,1988,11.4,26.7,38.8,68.8,870.2,711.1,3.51,3.60,97.6,11.6,11.8,97.8,11.5,23.2,49.6,0.00,0.00,0.01,0.00,0.00,1.58,0.00,0.00,0.00,Matchs
875,Romain Faivre,fr FRA,"MT,AT",Lorient,fr Ligue 1,24,1998,13.8,32.8,39.3,83.2,481.4,141.5,18.4,21.0,87.6,11.0,12.9,85.4,1.59,2.68,59.5,0.22,0.15,0.19,0.07,1.23,2.39,1.59,0.14,4.86,Matchs
Clt,Joueur,Nation,Pos,Équipe,Comp,Âge,Naissance,90,Cmp,Att,Cmp%,TotDist,DistBut,Cmp,Att,Cmp%,Cmp,Att,Cmp%,Cmp,Att,Cmp%,PD,xAG,xA,A-xAG,PC,1/3,PPA,CntSR,PrgP,Matchs
876,Romain Faivre,fr FRA,MT,Lyon,fr Ligue 1,24,1998,3.3,43.9,51.5,85.3,661.5,207.6,25.5,27.9,91.3,13.0,14.8,87.8,03.03,5.45,55.6,0.30,0.09,0.18,0.21,1.82,5.15,0.91,0.30,7.27,Matchs
877,Radamel Falcao,co COL,"AT,MT",Rayo Vallecano,es La Liga,36,1986,6.8,18.1,24.6,73.7,239.0,31.0,11.9,14.7,81.0,5.00,5.88,85.0,0.59,01.03,57.1,0.00,0.01,0.03,-0.01,0.44,01.03,0.15,0.00,02.06,Matchs
878,Wladimiro Falcone,it ITA,GB,Lecce,it Serie A,27,1995,38.0,15.7,30.7,51.2,523.3,416.2,2.32,2.32,100.0,5.82,06.05,96.1,7.50,22.0,34.1,0.00,0.01,0.00,-0.01,0.08,0.42,0.05,0.00,0.00,Matchs
879,Fali,es ESP,"DF,MT",Cádiz,es La Liga,28,1993,19.0,23.9,31.2,76.7,551.3,227.4,6.16,7.00,88.0,12.6,14.8,85.1,5.11,8.68,58.8,0.00,0.01,0.01,-0.01,0.21,2.58,0.21,0.00,2.95,Matchs
880,Fallou Fall,sn SEN,DF,Reims,fr Ligue 1,18,2004,0.4,30.0,32.5,92.3,657.5,387.5,2.50,5.00,50.0,25.0,25.0,100.0,2.50,2.50,100.0,0.00,0.00,0.00,0.00,0.00,2.50,0.00,0.00,2.50,Matchs
881,Mamadou Fall,sn SEN,DF,Villarreal,es La Liga,19,2002,0.3,43.3,53.3,81.3,846.7,213.3,10.0,10.0,100.0,26.7,30.0,88.9,6.67,10.0,66.7,0.00,0.00,0.00,0.00,0.00,0.00,3.33,3.33,3.33,Matchs
882,Davide Faraoni,it ITA,DF,Hellas Verona,it Serie A,30,1991,16.5,23.9,35.9,66.6,442.2,207.6,10.1,12.4,81.5,10.1,14.4,70.5,3.21,6.79,47.3,0.18,0.06,0.04,0.12,0.67,02.06,1.21,0.55,3.27,Matchs
883,Ansu Fati,es ESP,AT,Barcelona,es La Liga,19,2002,15.5,32.8,39.3,83.6,416.2,66.1,23.2,25.7,90.2,7.35,8.77,83.8,1.16,1.48,78.3,0.19,0.11,0.15,0.08,01.03,1.48,1.23,0.06,3.10,Matchs
884,Khalil Fayad,fr FRA,MT,Montpellier,fr Ligue 1,18,2004,8.0,35.4,42.6,83.0,559.8,154.5,17.6,19.8,89.2,14.3,16.1,88.4,2.25,4.50,50.0,0.25,0.17,0.09,0.07,1.50,2.63,0.50,0.25,2.75,Matchs
885,Cheikh Faye,sn SEN,AT,Montpellier,fr Ligue 1,23,1999,0.4,12.5,22.5,55.6,155.0,42.5,10.0,10.0,100.0,2.50,5.00,50.0,0.00,0.00,,0.00,0.00,0.00,0.00,0.00,0.00,0.00,0.00,0.00,Matchs
886,Federico Fazio,ar ARG,DF,Salernitana,it Serie A,35,1987,11.9,34.5,45.0,76.5,650.4,270.3,11.7,14.3,81.8,18.0,21.0,85.6,3.95,7.90,50.0,0.00,0.01,0.01,-0.01,0.25,02.02,0.25,0.00,3.36,Matchs
887,Jacopo Fazzini,it ITA,MT,Empoli,it Serie A,19,2003,9.2,27.9,35.4,78.8,370.7,95.4,18.0,20.0,90.2,7.17,8.48,84.6,01.09,2.93,37.0,0.00,0.10,0.09,-0.10,0.98,1.74,0.43,0.11,2.28,Matchs
888,Zouhair Feddal,ma MAR,DF,Valladolid,es La Liga,33,1989,4.2,37.9,47.9,79.1,810.7,342.6,10.5,11.7,89.8,19.8,22.9,86.5,6.19,11.4,54.2,0.00,0.02,0.00,-0.02,0.48,1.43,0.24,0.00,1.19,Matchs
889,Nabil Fekir,fr FRA,MT,Betis,es La Liga,29,1993,10.7,35.3,45.2,78.1,443.6,127.8,21.1,24.1,87.6,8.41,10.0,84.1,1.68,5.14,32.7,0.19,0.25,0.22,-0.07,2.15,3.18,1.31,0.09,3.83,Matchs
890,Felipe,br BRA,DF,Nott'ham Forest,eng Premier League,33,1989,15.8,26.0,35.9,72.4,506.2,205.7,9.75,11.8,82.4,12.5,15.2,82.5,3.16,07.09,44.6,0.06,0.06,0.05,0.01,0.44,01.08,0.13,0.00,1.39,Matchs
891,Felipe,br BRA,DF,Atlético Madrid,es La Liga,33,1989,2.2,55.0,60.0,91.7,1029.5,385.0,20.0,20.5,97.8,30.0,32.7,91.7,4.55,5.45,83.3,0.00,0.00,0.00,0.00,0.45,6.82,0.00,0.00,09.09,Matchs
892,Luiz Felipe,it ITA,DF,Betis,es La Liga,25,1997,19.6,38.4,45.1,85.2,673.4,261.9,15.6,17.1,91.1,18.2,20.3,89.7,3.52,5.66,62.2,0.00,0.02,0.02,-0.02,0.15,1.68,0.05,0.05,2.14,Matchs
893,João Félix,pt POR,"AT,MT",Chelsea,eng Premier League,22,1999,10.5,26.1,33.9,77.0,384.2,106.9,16.4,18.5,88.7,07.05,9.62,73.3,1.90,3.71,51.3,0.00,0.05,0.10,-0.05,0.67,2.76,1.62,0.10,4.48,Matchs
894,João Félix,pt POR,"AT,MT",Atlético Madrid,es La Liga,22,1999,7.2,23.8,31.7,75.0,320.4,94.4,13.6,15.7,86.7,5.83,8.33,70.0,1.53,04.03,37.9,0.42,0.19,0.14,0.22,1.39,1.94,1.39,0.14,3.75,Matchs
895,Ohis Felix Uduokhai,de GER,DF,Augsburg,de Bundesliga,24,1997,16.1,34.7,45.6,76.0,671.4,216.1,11.6,14.0,83.1,19.6,22.4,87.3,3.11,7.45,41.7,0.06,0.02,0.02,0.04,0.19,2.11,0.12,0.00,3.23,Matchs
896,Kiko Femenía,es ESP,DF,Villarreal,es La Liga,31,1991,12.6,52.9,61.7,85.7,818.9,233.7,27.3,29.4,92.7,21.7,24.4,88.6,2.54,4.92,51.6,0.00,0.06,0.03,-0.06,0.71,3.89,0.79,0.32,5.24,Matchs
897,Evan Ferguson,ie IRL,AT,Brighton,eng Premier League,17,2004,10.6,17.0,21.2,80.0,216.9,32.1,12.4,14.4,85.6,3.96,4.91,80.8,0.38,0.66,57.1,0.19,0.07,0.05,0.12,01.04,0.38,0.57,0.00,1.32,Matchs
898,Lewis Ferguson,sct SCO,"MT,AT",Bologna,it Serie A,22,1999,25.7,40.4,47.4,85.3,565.1,108.8,24.6,26.8,91.6,12.9,14.6,88.3,1.44,2.65,54.4,0.00,0.04,0.05,-0.04,0.62,2.72,0.47,0.00,3.42,Matchs
899,Bruno Fernandes,pt POR,"MT,AT",Manchester Utd,eng Premier League,27,1994,36.8,40.7,55.2,73.8,690.9,242.7,20.8,24.4,85.5,13.5,17.2,78.2,4.92,8.99,54.7,0.22,0.45,0.29,-0.24,3.23,04.02,2.42,0.27,7.15,Matchs
900,Edimilson Fernandes,ch SUI,DF,Mainz 05,de Bundesliga,26,1996,27.1,30.7,43.9,69.9,652.6,251.1,10.6,11.9,88.5,13.7,16.8,81.6,5.79,13.0,44.6,0.11,0.05,0.07,0.06,0.55,2.47,0.52,0.18,2.47,Matchs
Clt,Joueur,Nation,Pos,Équipe,Comp,Âge,Naissance,90,Cmp,Att,Cmp%,TotDist,DistBut,Cmp,Att,Cmp%,Cmp,Att,Cmp%,Cmp,Att,Cmp%,PD,xAG,xA,A-xAG,PC,1/3,PPA,CntSR,PrgP,Matchs
901,Aitor Fernández,es ESP,GB,Osasuna,es La Liga,31,1991,21.0,24.7,37.8,65.3,901.0,764.9,2.10,2.14,97.8,9.76,10.1,96.7,12.8,25.3,50.7,0.00,0.00,0.00,0.00,0.00,1.57,0.00,0.00,0.05,Matchs
902,Álex Fernández,es ESP,"MT,AT",Cádiz,es La Liga,29,1992,17.5,34.4,41.1,83.6,586.5,173.5,17.4,18.8,92.7,11.8,13.5,87.3,4.23,6.86,61.7,0.00,0.09,0.11,-0.09,0.97,3.26,0.34,0.11,3.94,Matchs
903,Álvaro Fernández,es ESP,GB,Espanyol,es La Liga,24,1998,11.0,21.0,32.5,64.5,818.0,682.8,1.73,1.73,100.0,7.55,7.73,97.6,11.7,22.9,51.2,0.00,0.02,0.01,-0.02,0.09,1.45,0.00,0.00,0.00,Matchs
904,Carlos Fernández,es ESP,AT,Real Sociedad,es La Liga,26,1996,7.0,13.7,21.1,64.9,182.0,39.0,7.29,11.1,65.4,5.00,6.86,72.9,0.00,0.43,0.0,0.00,0.09,0.04,-0.09,1.00,0.57,0.57,0.00,1.86,Matchs
905,Enzo Fernández,ar ARG,MT,Chelsea,eng Premier League,21,2001,17.2,73.8,83.7,88.1,1418.4,423.5,29.3,31.9,91.8,31.7,35.1,90.4,11.2,14.0,80.4,0.12,0.14,0.16,-0.02,1.16,9.53,1.45,0.00,9.77,Matchs
906,Federico Fernández,ar ARG,DF,Elche,es La Liga,33,1989,1.0,8.00,14.0,57.1,204.0,130.0,1.00,2.00,50.0,5.00,8.00,62.5,2.00,4.00,50.0,0.00,0.00,0.00,0.00,0.00,0.00,0.00,0.00,0.00,Matchs
907,Joaquín Fernández,es ESP,DF,Valladolid,es La Liga,26,1996,24.0,34.2,41.4,82.5,699.2,272.7,10.4,11.3,92.2,18.5,20.9,88.6,4.58,7.71,59.5,0.00,0.00,0.01,-0.00,0.08,2.21,0.17,0.00,1.75,Matchs
908,Valery Fernández,es ESP,"MT,DF",Girona,es La Liga,22,1999,10.7,27.6,33.3,82.9,387.2,77.6,17.5,19.3,90.8,07.01,8.88,78.9,1.87,2.24,83.3,0.19,0.11,0.07,0.07,1.68,1.12,0.75,0.19,1.87,Matchs
909,Fernando,es ESP,GB,Almería,es La Liga,32,1990,36.5,25.2,36.0,70.0,753.3,558.0,3.62,3.64,99.2,12.1,12.3,98.2,9.37,19.8,47.4,0.00,0.00,0.00,0.00,0.00,0.44,0.00,0.00,0.00,Matchs
910,Fernando,br BRA,"MT,DF",Sevilla,es La Liga,35,1987,17.5,43.9,49.9,88.0,790.6,200.8,18.9,20.9,90.4,20.1,21.5,93.6,4.17,5.83,71.6,0.06,0.04,0.02,0.02,0.51,2.97,0.17,0.00,3.83,Matchs
911,Alex Ferrari,it ITA,DF,Sampdoria,it Serie A,28,1994,9.6,40.0,47.5,84.2,792.2,248.6,11.9,13.1,90.5,22.9,25.2,90.9,4.27,6.98,61.2,0.00,0.04,0.06,-0.04,0.31,1.77,0.10,0.00,2.60,Matchs
912,Alex Ferrari,it ITA,DF,Cremonese,it Serie A,28,1994,11.2,30.3,40.9,74.0,573.3,205.9,11.5,14.4,80.1,15.1,18.1,83.3,3.39,6.96,48.7,0.00,0.01,0.02,-0.01,0.27,2.41,0.45,0.09,2.41,Matchs
913,Salvador Ferrer,es ESP,DF,Spezia,it Serie A,24,1998,1.5,48.7,63.3,76.8,910.0,321.3,19.3,22.0,87.9,21.3,27.3,78.0,6.67,10.7,62.5,0.00,0.00,0.00,0.00,0.67,2.00,0.00,0.00,0.67,Matchs
914,Jordan Ferri,fr FRA,MT,Montpellier,fr Ligue 1,30,1992,30.4,55.8,65.4,85.2,1015.5,325.5,23.6,26.1,90.3,23.2,25.8,89.8,07.01,10.2,68.7,0.07,0.10,0.11,-0.03,01.02,5.10,0.92,0.20,6.88,Matchs
915,Fidel,es ESP,"MT,AT",Elche,es La Liga,32,1989,19.0,33.2,47.2,70.3,532.3,184.8,19.2,22.6,84.8,9.11,12.5,72.7,3.37,6.95,48.5,0.11,0.12,0.13,-0.02,1.47,4.68,0.79,0.05,7.32,Matchs
916,Karol Fila,pl POL,DF,Strasbourg,fr Ligue 1,24,1998,0.5,66.0,82.0,80.5,928.0,262.0,30.0,34.0,88.2,32.0,38.0,84.2,0.00,2.00,0.0,0.00,0.00,0.00,0.00,0.00,10.0,2.00,0.00,8.00,Matchs
917,Vincenzo Fiorillo,it ITA,GB,Salernitana,it Serie A,32,1990,1.0,16.0,24.0,66.7,535.0,491.0,1.00,1.00,100.0,6.00,6.00,100.0,8.00,16.0,50.0,0.00,0.00,0.00,0.00,0.00,0.00,0.00,0.00,0.00,Matchs
918,Roberto Firmino,br BRA,"AT,MT",Liverpool,eng Premier League,30,1991,13.5,32.9,41.9,78.4,439.4,141.3,20.5,24.0,85.5,9.11,11.5,79.4,1.33,1.93,69.2,0.30,0.19,0.16,0.11,1.56,3.48,1.41,0.07,5.78,Matchs
919,Junior Firpo,es ESP,DF,Leeds United,eng Premier League,25,1996,15.2,29.9,40.9,73.1,472.5,216.2,15.1,18.3,82.7,13.1,16.6,78.7,1.32,3.62,36.4,0.07,0.05,0.05,0.01,0.53,2.50,0.59,0.26,3.55,Matchs
920,Kilian Fischer,de GER,"DF,AT",Wolfsburg,de Bundesliga,21,2000,5.6,39.8,48.8,81.7,669.1,267.0,19.5,21.4,90.8,16.3,19.5,83.5,3.39,5.54,61.3,0.00,0.07,0.05,-0.07,0.89,3.39,0.71,0.71,4.11,Matchs
921,Mark Flekken,nl NED,GB,Freiburg,de Bundesliga,29,1993,34.0,30.4,43.2,70.5,1002.9,747.1,2.74,2.85,95.9,14.6,14.9,98.4,13.0,25.2,51.8,0.00,0.01,0.01,-0.01,0.12,1.71,0.09,0.00,0.00,Matchs
922,Florian Flick,de GER,MT,Schalke 04,de Bundesliga,22,2000,5.7,22.6,32.5,69.7,380.7,115.1,11.2,14.4,78.0,8.77,11.1,79.4,1.93,4.39,44.0,0.00,0.00,0.02,0.00,0.18,2.28,0.00,0.00,2.11,Matchs
923,Alexis Flips,fr FRA,"AT,MT",Reims,fr Ligue 1,22,2000,22.0,31.4,47.0,66.7,574.1,230.4,14.2,18.0,79.2,12.0,16.6,71.9,4.32,9.27,46.6,0.27,0.28,0.30,-0.01,2.00,3.77,02.05,0.86,5.00,Matchs
924,Alessandro Florenzi,it ITA,DF,Milan,it Serie A,31,1991,2.3,56.5,74.8,75.6,1030.4,287.4,22.6,24.8,91.2,27.8,33.9,82.1,5.22,14.8,35.3,0.00,0.22,0.48,-0.22,2.61,3.48,2.61,2.17,4.35,Matchs
925,Phil Foden,eng ENG,AT,Manchester City,eng Premier League,22,2000,20.5,44.1,54.2,81.4,666.8,117.2,25.7,28.1,91.3,14.0,16.7,83.7,2.68,05.02,53.4,0.29,0.23,0.23,0.06,2.10,1.85,1.80,0.44,4.29,Matchs
Clt,Joueur,Nation,Pos,Équipe,Comp,Âge,Naissance,90,Cmp,Att,Cmp%,TotDist,DistBut,Cmp,Att,Cmp%,Cmp,Att,Cmp%,Cmp,Att,Cmp%,PD,xAG,xA,A-xAG,PC,1/3,PPA,CntSR,PrgP,Matchs
926,Seko Fofana,ci CIV,MT,Lens,fr Ligue 1,27,1995,34.1,46.6,53.4,87.4,755.0,148.0,23.6,25.8,91.6,17.7,19.8,89.6,3.52,4.60,76.4,0.15,0.11,0.10,0.04,01.03,04.02,0.97,0.23,4.84,Matchs
927,Wesley Fofana,fr FRA,DF,Leicester City,eng Premier League,21,2000,2.0,58.5,70.0,83.6,997.5,279.5,22.0,22.0,100.0,32.0,37.0,86.5,3.00,6.50,46.2,0.00,0.00,0.00,0.00,0.00,8.00,0.00,0.00,3.00,Matchs
928,Wesley Fofana,fr FRA,DF,Chelsea,eng Premier League,21,2000,13.1,59.5,66.6,89.3,984.4,253.8,26.4,28.0,94.3,30.1,32.8,91.6,02.06,04.05,50.9,0.00,0.01,0.02,-0.01,0.15,3.82,0.15,0.00,3.28,Matchs
929,Yahia Fofana,ci CIV,GB,Angers,fr Ligue 1,21,2000,11.0,20.6,29.5,69.8,545.5,396.4,3.82,3.82,100.0,10.2,10.3,99.1,6.45,15.3,42.3,0.00,0.00,0.00,0.00,0.00,0.27,0.00,0.00,0.00,Matchs
930,Youssouf Fofana,fr FRA,MT,Monaco,fr Ligue 1,23,1999,34.3,41.4,50.7,81.6,718.3,222.1,18.0,21.8,82.5,17.6,20.1,87.5,4.26,6.15,69.2,0.06,0.13,0.09,-0.07,0.93,5.39,0.99,0.00,6.94,Matchs
931,Thomas Foket,be BEL,DF,Reims,fr Ligue 1,27,1994,22.0,46.0,57.1,80.4,767.1,210.2,20.2,24.3,83.2,21.4,25.2,84.7,3.00,4.68,64.1,0.05,0.13,0.13,-0.08,01.05,03.05,0.77,0.41,4.27,Matchs
932,José Fonte,pt POR,DF,Lille,fr Ligue 1,38,1983,28.8,61.8,68.7,90.0,1146.3,403.4,23.9,25.3,94.4,30.4,32.8,92.7,6.28,8.92,70.4,0.00,0.01,0.03,-0.01,0.14,3.61,0.03,0.00,3.44,Matchs
933,Pablo Fornals,es ESP,"AT,MT",West Ham,eng Premier League,26,1996,16.7,33.4,46.2,72.2,557.7,160.2,15.6,18.0,87.0,12.5,16.6,75.1,3.65,7.43,49.2,0.06,0.10,0.12,-0.04,1.20,3.59,0.72,0.24,5.33,Matchs
934,Emil Forsberg,se SWE,"MT,AT",RB Leipzig,de Bundesliga,30,1991,16.5,25.6,31.5,81.2,362.4,102.5,15.7,18.2,86.3,7.52,8.79,85.5,1.21,1.94,62.5,0.24,0.14,0.16,0.10,01.09,2.85,1.27,0.06,04.06,Matchs
935,Adam Forshaw,eng ENG,MT,Leeds United,eng Premier League,30,1991,5.3,37.0,46.0,80.3,626.0,212.6,19.2,20.9,91.9,11.1,12.6,88.1,5.28,9.62,54.9,0.00,0.17,0.11,-0.17,1.51,5.66,0.75,0.38,6.23,Matchs
936,Fraser Forster,eng ENG,GB,Tottenham,eng Premier League,34,1988,13.5,19.7,26.9,73.3,468.1,297.3,5.85,5.85,100.0,9.26,9.41,98.4,4.52,11.4,39.6,0.00,0.00,0.00,0.00,0.00,0.15,0.00,0.00,0.00,Matchs
937,Philipp Förster,de GER,MT,Bochum,de Bundesliga,27,1995,14.5,27.2,37.7,72.2,441.4,159.2,15.0,17.3,86.9,8.41,11.7,72.2,2.83,5.93,47.7,0.48,0.23,0.20,0.25,1.86,3.52,1.10,0.41,4.34,Matchs
938,Steven Fortes,cv CPV,DF,Lens,fr Ligue 1,30,1992,0.1,10.0,30.0,33.3,150.0,110.0,0.00,10.0,0.0,10.0,20.0,50.0,0.00,0.00,,0.00,0.00,0.00,0.00,0.00,0.00,0.00,0.00,0.00,Matchs
939,Timothy Fosu-Mensah,nl NED,DF,Leverkusen,de Bundesliga,24,1998,2.1,44.3,56.7,78.2,603.3,147.6,29.5,32.9,89.9,12.9,16.2,79.4,0.95,4.29,22.2,0.00,0.14,0.10,-0.14,1.90,0.95,0.95,0.48,3.33,Matchs
940,Dimitri Foulquier,fr FRA,DF,Valencia,es La Liga,29,1993,19.3,34.4,48.3,71.1,572.0,234.0,17.5,19.7,88.7,13.5,18.7,72.3,2.64,6.22,42.5,0.10,0.09,0.10,0.02,0.62,3.16,01.09,0.73,3.63,Matchs
941,Juan Foyth,ar ARG,DF,Villarreal,es La Liga,24,1998,21.8,51.2,58.5,87.5,852.7,321.9,26.2,28.4,92.2,20.1,22.0,91.3,4.17,06.06,68.9,0.00,0.07,0.06,-0.07,0.60,4.13,0.60,0.14,4.59,Matchs
942,Raphael Framberger,de GER,"DF,AT",Augsburg,de Bundesliga,26,1995,2.0,16.5,32.0,51.6,202.0,145.5,11.0,13.5,81.5,4.50,9.50,47.4,0.00,5.00,0.0,0.00,0.00,0.05,0.00,0.50,1.00,0.50,0.00,1.50,Matchs
943,Tyrese Francois,au AUS,AT,Fulham,eng Premier League,22,2000,0.0,2,2,100.0,12,2,1,1,100.0,0,0,,0,0,,0,0.0,0.0,0.0,0,1,0,0,0,Matchs
944,Bartol Franjić,hr CRO,MT,Wolfsburg,de Bundesliga,22,2000,2.5,24.4,31.6,77.2,371.6,103.2,13.2,14.4,91.7,8.40,10.8,77.8,1.60,2.80,57.1,0.40,0.04,0.04,0.36,0.80,2.40,0.40,0.00,1.60,Matchs
945,Przemysław Frankowski,pl POL,"DF,MT",Lens,fr Ligue 1,27,1995,31.5,43.3,58.0,74.6,736.5,262.2,20.7,23.7,87.2,17.6,23.1,76.1,3.94,8.60,45.8,0.10,0.22,0.22,-0.12,2.13,2.92,1.65,0.83,4.19,Matchs
946,Ryan Fraser,sct SCO,AT,Newcastle Utd,eng Premier League,28,1994,3.5,24.3,34.9,69.7,350.9,82.6,14.3,16.9,84.7,8.00,11.7,68.3,0.86,2.29,37.5,0.00,0.11,0.09,-0.11,1.43,1.14,1.14,0.29,2.57,Matchs
947,Davide Frattesi,it ITA,MT,Sassuolo,it Serie A,22,1999,31.9,25.5,32.1,79.3,430.0,117.9,12.5,15.0,83.5,9.44,11.4,82.9,2.51,3.64,69.0,0.00,0.06,0.06,-0.06,0.85,2.51,0.69,0.03,4.29,Matchs
948,Oscar Fraulo,dk DEN,"AT,MT",M'Gladbach,de Bundesliga,18,2003,0.1,100.0,160.0,62.5,1530.0,250.0,60.0,60.0,100.0,40.0,60.0,66.7,0.00,40.0,0.0,0.00,0.00,0.00,0.00,0.00,0.00,0.00,0.00,0.00,Matchs
949,Fred,br BRA,MT,Manchester Utd,eng Premier League,29,1993,13.9,44.5,56.2,79.1,675.7,199.1,24.7,28.6,86.4,14.2,16.8,84.2,3.45,5.54,62.3,0.14,0.21,0.13,-0.06,2.16,4.68,0.79,0.14,5.47,Matchs
950,Ryan Fredericks,eng ENG,DF,Bournemouth,eng Premier League,29,1992,5.9,25.3,37.3,67.7,362.5,124.6,14.4,16.3,88.5,9.32,14.9,62.5,0.68,2.54,26.7,0.00,0.02,0.05,-0.02,0.17,0.85,01.02,0.17,2.54,Matchs
Clt,Joueur,Nation,Pos,Équipe,Comp,Âge,Naissance,90,Cmp,Att,Cmp%,TotDist,DistBut,Cmp,Att,Cmp%,Cmp,Att,Cmp%,Cmp,Att,Cmp%,PD,xAG,xA,A-xAG,PC,1/3,PPA,CntSR,PrgP,Matchs
951,Iván Fresneda,es ESP,DF,Valladolid,es La Liga,17,2004,19.4,36.6,47.5,77.0,582.2,191.1,18.9,21.3,88.6,13.6,17.3,78.6,2.89,5.57,51.9,0.00,0.08,0.06,-0.08,0.93,2.84,0.82,0.57,3.20,Matchs
952,Remo Freuler,ch SUI,MT,Nott'ham Forest,eng Premier League,30,1992,24.0,27.7,34.8,79.4,409.5,134.0,15.5,17.9,86.5,9.92,11.9,83.5,1.25,2.75,45.5,0.00,0.03,0.03,-0.03,0.50,1.96,0.25,0.13,2.25,Matchs
953,Michael Frey,ch SUI,AT,Schalke 04,de Bundesliga,28,1994,9.6,13.2,23.1,57.2,177.7,52.8,8.44,13.4,62.8,3.44,5.10,67.3,0.42,1.25,33.3,0.31,0.19,0.14,0.13,01.04,1.46,0.52,0.21,2.29,Matchs
954,Marco Friedl,at AUT,DF,Werder Bremen,de Bundesliga,24,1998,28.8,48.9,60.1,81.3,1054.0,377.3,15.1,16.3,93.2,24.0,27.2,88.3,09.03,14.7,61.3,0.00,0.01,0.06,-0.01,0.28,3.96,0.63,0.21,3.99,Matchs
955,Marvin Friedrich,de GER,DF,M'Gladbach,de Bundesliga,26,1995,13.9,59.7,69.4,86.0,1137.5,380.2,20.2,21.7,93.4,34.6,37.2,93.0,4.60,8.99,51.2,0.00,0.04,0.04,-0.04,0.36,1.51,0.07,0.00,2.52,Matchs
956,Jeremie Frimpong,nl NED,"DF,MT",Leverkusen,de Bundesliga,21,2000,30.1,32.6,40.9,79.7,424.7,126.7,22.7,25.5,89.1,7.64,10.0,76.2,1.00,2.29,43.5,0.23,0.21,0.21,0.03,1.50,1.30,0.90,0.37,02.06,Matchs
957,Chris Führich,de GER,"AT,MT",Stuttgart,de Bundesliga,24,1998,20.9,26.4,33.7,78.4,420.1,97.2,14.4,16.4,87.7,9.33,11.3,82.6,02.06,3.73,55.1,0.10,0.23,0.17,-0.13,1.15,02.06,1.00,0.14,3.97,Matchs
958,Angelo Fulgini,fr FRA,"MT,AT",Lens,fr Ligue 1,25,1996,9.5,40.0,52.7,75.8,611.6,204.0,20.4,23.3,87.8,13.4,17.4,77.0,3.37,8.00,42.1,0.11,0.28,0.36,-0.18,2.84,3.26,01.05,0.11,4.53,Matchs
959,Angelo Fulgini,fr FRA,MT,Mainz 05,de Bundesliga,25,1996,5.8,32.4,41.0,79.0,430.3,117.8,21.2,24.0,88.5,8.28,11.9,69.6,01.03,2.59,40.0,0.17,0.14,0.07,0.03,1.38,2.24,1.72,0.17,5.00,Matchs
960,Niclas Füllkrug,de GER,AT,Werder Bremen,de Bundesliga,29,1993,27.5,21.1,33.8,62.5,331.1,72.3,11.7,16.6,70.7,06.07,9.85,61.6,2.15,3.31,64.8,0.18,0.13,0.12,0.05,1.24,1.75,0.98,0.04,3.27,Matchs
961,Matteo Gabbia,it ITA,DF,Milan,it Serie A,22,1999,6.8,42.5,52.8,80.5,938.5,301.0,11.5,13.5,84.8,21.6,24.0,90.2,8.68,13.4,64.8,0.00,0.00,0.00,0.00,0.00,02.06,0.00,0.00,2.21,Matchs
962,Manolo Gabbiadini,it ITA,"AT,MT",Sampdoria,it Serie A,30,1991,26.2,16.3,23.9,68.5,220.2,56.1,10.0,12.7,79.2,4.43,6.37,69.5,0.73,1.72,42.2,0.08,0.17,0.16,-0.10,01.03,1.26,01.07,0.08,2.10,Matchs
963,Gianluca Gaetano,it ITA,MT,Napoli,it Serie A,22,2000,0.8,60.0,77.5,77.4,818.8,190.0,35.0,36.3,96.6,17.5,25.0,70.0,3.75,5.00,75.0,1.25,0.25,0.13,1.00,1.25,3.75,0.00,0.00,5.00,Matchs
964,Roberto Gagliardini,it ITA,MT,Inter,it Serie A,28,1994,8.7,34.1,40.8,83.7,498.0,145.9,20.3,23.0,88.5,10.8,12.4,87.0,1.72,2.87,60.0,0.00,0.03,0.08,-0.03,0.57,3.68,1.38,0.46,4.48,Matchs
965,Adolfo Gaich,ar ARG,AT,Hellas Verona,it Serie A,23,1999,8.1,11.6,20.4,57.0,130.2,24.7,7.53,12.3,61.0,2.72,4.81,56.4,0.00,0.25,0.0,0.00,0.05,0.02,-0.05,0.74,0.99,0.00,0.00,1.36,Matchs
966,Cody Gakpo,nl NED,"AT,MT",Liverpool,eng Premier League,23,1999,16.2,18.1,24.2,74.7,242.5,68.5,10.4,12.8,80.8,5.62,7.35,76.5,0.68,1.23,55.0,0.12,0.17,0.12,-0.04,1.42,02.04,0.68,0.06,03.09,Matchs
967,Javi Galán,es ESP,DF,Celta Vigo,es La Liga,27,1994,35.1,44.9,58.1,77.3,766.8,242.6,21.4,24.1,88.8,18.7,22.5,82.8,04.07,8.35,48.8,0.09,0.12,0.12,-0.03,1.48,2.17,1.60,0.80,3.56,Matchs
968,Iñigo Ruiz de Galarreta,es ESP,MT,Mallorca,es La Liga,28,1993,27.2,37.4,45.7,81.7,659.4,177.9,17.2,19.4,88.5,15.0,17.1,87.9,3.90,6.36,61.3,0.04,0.05,0.07,-0.01,0.74,3.82,0.51,0.00,4.67,Matchs
969,Pablo Galdames Millán,cl CHI,MT,Cremonese,it Serie A,25,1996,8.2,25.7,36.8,69.9,482.8,143.2,13.3,15.7,84.5,8.17,11.1,73.6,3.90,7.56,51.6,0.24,0.13,0.07,0.11,1.22,3.29,0.37,0.00,04.02,Matchs
970,Conor Gallagher,eng ENG,MT,Chelsea,eng Premier League,22,2000,18.0,39.2,48.4,81.1,580.2,137.9,22.2,24.8,89.3,13.5,16.1,83.8,1.78,3.22,55.2,0.06,0.13,0.09,-0.07,1.17,3.72,1.11,0.28,5.83,Matchs
971,Antonino Gallo,it ITA,DF,Lecce,it Serie A,22,2000,27.6,30.5,45.4,67.2,547.8,247.7,13.5,15.9,85.2,13.2,18.5,71.4,3.22,8.88,36.3,0.04,0.07,0.08,-0.03,1.38,4.38,1.23,0.69,5.58,Matchs
972,Gauthier Gallon,fr FRA,GB,Troyes,fr Ligue 1,29,1993,29.6,21.4,32.1,66.6,568.5,417.3,4.53,4.56,99.3,10.2,10.3,98.4,6.22,16.6,37.4,0.00,0.00,0.00,0.00,0.03,0.34,0.00,0.00,0.00,Matchs
973,Cristian Gamboa,cr CRC,DF,Bochum,de Bundesliga,32,1989,16.4,27.9,41.7,67.0,574.3,237.4,10.4,12.6,83.0,11.6,16.5,70.1,5.61,10.9,51.7,0.00,0.03,0.04,-0.03,0.55,3.48,0.85,0.55,3.41,Matchs
974,Kévin Gameiro,fr FRA,AT,Strasbourg,fr Ligue 1,35,1987,23.3,25.4,32.1,79.1,339.4,60.0,15.2,17.7,85.7,7.60,9.61,79.0,0.77,01.03,75.0,0.00,0.14,0.15,-0.14,01.07,1.50,0.99,0.13,2.96,Matchs
975,Idrissa Gana Gueye,sn SEN,MT,Everton,eng Premier League,32,1989,28.6,35.8,42.9,83.6,567.8,149.6,18.4,20.4,90.1,14.7,16.6,88.0,1.99,3.67,54.3,0.03,0.04,0.03,-0.00,0.42,3.88,0.17,0.00,3.43,Matchs
Clt,Joueur,Nation,Pos,Équipe,Comp,Âge,Naissance,90,Cmp,Att,Cmp%,TotDist,DistBut,Cmp,Att,Cmp%,Cmp,Att,Cmp%,Cmp,Att,Cmp%,PD,xAG,xA,A-xAG,PC,1/3,PPA,CntSR,PrgP,Matchs
976,Ignatius Ganago,cm CMR,"AT,MT",Nantes,fr Ligue 1,23,1999,16.9,12.5,20.7,60.7,175.4,35.3,7.51,10.7,70.6,3.25,5.56,58.5,0.77,1.78,43.3,0.18,0.10,0.09,0.08,0.59,0.95,0.24,0.00,1.18,Matchs
977,Ignatius Ganago,cm CMR,AT,Lens,fr Ligue 1,23,1999,0.7,14.3,15.7,90.9,291.4,105.7,4.29,4.29,100.0,8.57,10.0,85.7,1.43,1.43,100.0,0.00,0.00,0.00,0.00,0.00,1.43,0.00,0.00,4.29,Matchs
978,Silvère Ganvoula M'Boussy,cg CGO,"AT,MT",Bochum,de Bundesliga,26,1996,2.7,18.1,32.2,56.3,247.8,68.1,11.9,17.8,66.7,5.56,10.0,55.6,0.37,2.22,16.7,0.00,0.19,0.07,-0.19,1.85,2.96,1.85,0.00,4.44,Matchs
979,Aleix García,es ESP,MT,Girona,es La Liga,25,1997,26.0,52.7,63.7,82.7,942.9,297.6,25.4,27.3,93.1,18.1,20.6,87.9,7.00,11.7,60.1,0.19,0.24,0.23,-0.05,2.46,5.92,0.88,0.38,6.00,Matchs
980,Álvaro García,es ESP,"AT,MT",Rayo Vallecano,es La Liga,29,1992,31.9,20.8,32.5,64.1,319.6,94.3,12.0,14.8,81.0,6.71,10.6,63.5,1.44,04.01,35.9,0.16,0.18,0.15,-0.02,1.50,0.88,1.29,0.85,2.23,Matchs
981,Borja García,es ESP,"MT,AT",Girona,es La Liga,31,1990,7.5,28.9,37.5,77.2,415.1,114.3,16.8,18.7,90.0,9.60,12.1,79.1,1.33,3.73,35.7,0.00,0.08,0.04,-0.08,0.67,3.33,0.93,0.00,5.20,Matchs
982,Carlos García,es ESP,DF,Cádiz,es La Liga,22,2000,0.3,66.7,80.0,83.3,1656.7,406.7,6.67,16.7,40.0,46.7,50.0,93.3,13.3,13.3,100.0,3.33,0.33,0.00,3.00,3.33,0.00,0.00,0.00,6.67,Matchs
983,Dani García,es ESP,MT,Athletic Club,es La Liga,32,1990,16.5,34.6,43.6,79.3,588.8,174.4,16.6,19.3,85.9,14.1,16.7,84.4,3.27,6.00,54.5,0.12,0.04,0.04,0.08,0.61,4.30,0.42,0.12,4.42,Matchs
984,David García,es ESP,DF,Osasuna,es La Liga,28,1994,29.8,38.7,47.8,80.9,793.1,319.3,12.8,14.4,88.6,19.7,22.4,87.6,5.87,10.1,57.9,0.00,0.01,0.02,-0.01,0.17,3.93,0.20,0.00,3.52,Matchs
985,Eric García,es ESP,"DF,MT",Barcelona,es La Liga,21,2001,15.7,72.7,80.1,90.9,1372.6,463.4,27.3,29.3,93.3,36.8,39.0,94.4,7.77,10.1,77.2,0.00,0.01,0.04,-0.01,0.06,8.28,0.13,0.00,6.69,Matchs
986,Fran Garcia,es ESP,DF,Rayo Vallecano,es La Liga,22,1999,37.9,42.9,54.6,78.5,700.0,219.3,21.1,23.2,91.0,18.0,21.9,82.4,2.82,6.44,43.9,0.08,0.04,0.05,0.04,0.77,3.67,0.82,0.69,3.88,Matchs
987,Joan García,es ESP,GB,Espanyol,es La Liga,21,2001,1.0,26.0,30.0,86.7,521.0,425.0,9.00,9.00,100.0,12.0,12.0,100.0,5.00,9.00,55.6,0.00,0.00,0.00,0.00,0.00,0.00,0.00,0.00,0.00,Matchs
988,Raúl García,es ESP,"AT,MT",Athletic Club,es La Liga,36,1986,10.7,18.6,29.7,62.6,286.1,69.4,11.0,14.1,78.1,5.33,10.0,53.3,1.59,03.08,51.5,0.28,0.10,0.07,0.18,0.75,2.24,0.65,0.00,3.55,Matchs
989,Rubén García,es ESP,"AT,MT",Osasuna,es La Liga,29,1993,12.9,31.9,44.0,72.5,534.5,140.3,17.3,19.7,87.8,8.99,12.2,73.4,4.11,8.60,47.7,0.16,0.16,0.17,0.00,1.94,1.78,01.01,0.23,3.10,Matchs
990,Unai García,es ESP,DF,Osasuna,es La Liga,30,1992,19.0,33.6,42.3,79.5,726.7,260.2,8.89,10.0,88.9,19.2,22.0,87.3,05.05,9.32,54.2,0.05,0.01,0.01,0.05,0.16,2.32,0.16,0.11,2.68,Matchs
991,Alejandro Garnacho,ar ARG,"AT,MT",Manchester Utd,eng Premier League,18,2004,6.3,23.8,29.7,80.2,286.0,37.0,17.9,20.8,86.3,4.29,4.76,90.0,0.63,0.79,80.0,0.32,0.16,0.14,0.16,0.48,0.32,0.32,0.00,1.90,Matchs
992,James Garner,eng ENG,"MT,DF",Everton,eng Premier League,21,2001,8.9,28.8,39.7,72.5,456.9,157.3,14.7,17.1,86.2,11.1,13.9,79.8,1.80,5.62,32.0,0.11,0.06,0.06,0.06,0.79,2.47,0.67,0.22,3.71,Matchs
993,Felix Garreta,es ESP,DF,Betis,es La Liga,18,2004,1.0,34.0,40.0,85.0,709.0,206.0,11.0,13.0,84.6,16.0,18.0,88.9,7.00,8.00,87.5,0.00,0.00,0.00,0.00,0.00,2.00,0.00,0.00,2.00,Matchs
994,Aleix Garrido,es ESP,AT,Barcelona,es La Liga,18,2004,0.1,20.0,30.0,66.7,210.0,80.0,20.0,30.0,66.7,0.00,0.00,,0.00,0.00,,0.00,0.00,0.00,0.00,0.00,0.00,0.00,0.00,0.00,Matchs
995,Sékou Gassama,sn SEN,AT,Valladolid,es La Liga,27,1995,0.4,17.5,22.5,77.8,217.5,0.00,12.5,17.5,71.4,5.00,5.00,100.0,0.00,0.00,,0.00,0.00,0.00,0.00,2.50,0.00,0.00,0.00,0.00,Matchs
996,Johan Gastien,fr FRA,MT,Clermont Foot,fr Ligue 1,34,1988,28.9,60.3,72.8,82.9,1191.9,405.4,21.6,24.8,87.0,27.9,31.5,88.6,9.13,13.6,67.3,0.10,0.07,0.11,0.03,0.97,6.68,01.04,0.17,7.58,Matchs
997,Federico Gatti,it ITA,DF,Juventus,it Serie A,24,1998,16.1,50.2,59.4,84.4,1005.7,329.0,17.8,19.1,93.5,25.1,27.5,91.2,6.89,11.2,61.3,0.00,0.09,0.07,-0.09,0.37,2.92,0.19,0.00,3.48,Matchs
998,Gavi,es ESP,"MT,AT",Barcelona,es La Liga,17,2004,28.1,36.5,42.9,85.1,519.0,104.3,23.2,25.3,91.7,10.3,12.1,85.0,1.96,2.81,69.6,0.14,0.13,0.14,0.01,1.35,3.49,1.42,0.14,4.77,Matchs
999,Paulo Gazzaniga,ar ARG,GB,Girona,es La Liga,30,1992,28.0,28.0,38.2,73.2,758.6,561.0,7.18,7.18,100.0,12.5,12.8,97.2,8.25,17.9,46.1,0.00,0.01,0.00,-0.01,0.04,0.75,0.00,0.00,0.00,Matchs
1000,David de Gea,es ESP,GB,Manchester Utd,eng Premier League,31,1990,38.0,22.8,32.1,71.1,594.3,424.6,5.24,5.24,100.0,10.6,10.8,98.0,6.84,15.7,43.6,0.00,0.00,0.01,-0.00,0.03,0.18,0.03,0.00,0.00,Matchs
Clt,Joueur,Nation,Pos,Équipe,Comp,Âge,Naissance,90,Cmp,Att,Cmp%,TotDist,DistBut,Cmp,Att,Cmp%,Cmp,Att,Cmp%,Cmp,Att,Cmp%,PD,xAG,xA,A-xAG,PC,1/3,PPA,CntSR,PrgP,Matchs
1001,Dario Gebuhr,de GER,DF,Eint Frankfurt,de Bundesliga,19,2003,0.2,50.0,65.0,76.9,815.0,155.0,20.0,20.0,100.0,25.0,30.0,83.3,5.00,5.00,100.0,0.00,0.00,0.00,0.00,0.00,10.0,0.00,0.00,0.00,Matchs
1002,Dennis Geiger,de GER,MT,Hoffenheim,de Bundesliga,24,1998,21.7,32.1,39.3,81.8,587.2,197.8,13.5,15.0,90.2,14.1,16.2,87.2,3.64,5.85,62.2,0.14,0.12,0.16,0.01,1.61,3.41,0.69,0.05,4.56,Matchs
1003,Joe Gelhardt,eng ENG,AT,Leeds United,eng Premier League,20,2002,2.4,17.9,27.9,64.2,215.8,49.2,9.58,12.5,76.7,4.58,07.08,64.7,0.83,0.83,100.0,0.83,0.21,0.17,0.63,0.83,1.25,0.42,0.00,2.50,Matchs
1004,Valentin Gendrey,fr FRA,DF,Lecce,it Serie A,22,2000,34.5,29.9,42.0,71.2,483.9,238.2,15.6,18.5,84.6,11.6,16.0,72.4,02.03,5.45,37.2,0.06,0.08,0.05,-0.03,0.78,02.09,0.61,0.38,3.25,Matchs
1005,Denis Genreau,au AUS,MT,Toulouse,fr Ligue 1,23,1999,7.3,33.3,44.2,75.2,466.2,161.2,18.1,21.2,85.2,10.0,13.8,72.3,1.64,2.60,63.2,0.14,0.10,0.08,0.04,0.82,3.29,0.82,0.27,3.70,Matchs
1006,Yannick Gerhardt,de GER,MT,Wolfsburg,de Bundesliga,28,1994,20.7,24.3,32.6,74.6,392.1,122.5,13.0,15.1,85.9,9.32,11.9,78.5,1.45,03.04,47.6,0.19,0.11,0.10,0.09,0.97,03.04,0.63,0.14,3.96,Matchs
1007,Valère Germain,fr FRA,"AT,MT",Montpellier,fr Ligue 1,32,1990,7.6,19.3,28.2,68.7,236.1,53.6,12.6,17.5,72.2,4.47,06.05,73.9,0.39,0.79,50.0,0.00,0.08,0.07,-0.08,0.79,1.71,0.79,0.26,1.97,Matchs
1008,Gerson,br BRA,MT,Marseille,fr Ligue 1,25,1997,4.6,32.6,40.2,81.1,468.7,125.2,18.9,21.1,89.7,10.2,12.8,79.7,1.52,2.61,58.3,0.00,0.07,0.11,-0.07,0.87,3.26,0.87,0.00,4.57,Matchs
1009,Ismaël Gharbi,es ESP,"MT,AT",Paris S-G,fr Ligue 1,18,2004,0.6,53.3,60.0,88.9,533.3,75.0,38.3,43.3,88.5,8.33,8.33,100.0,0.00,1.67,0.0,0.00,0.00,0.17,0.00,0.00,1.67,0.00,0.00,1.67,Matchs
1010,Paolo Ghiglione,it ITA,DF,Cremonese,it Serie A,25,1997,7.9,20.1,36.1,55.8,399.1,203.4,7.72,10.9,70.9,9.24,15.4,59.8,3.16,7.97,39.7,0.13,0.08,0.08,0.05,1.65,2.15,2.28,1.90,2.41,Matchs
1011,Saman Ghoddos,ir IRN,"MT,AT",Brentford,eng Premier League,28,1993,1.5,39.3,52.7,74.7,635.3,190.7,21.3,24.0,88.9,14.0,16.7,84.0,4.00,11.3,35.3,0.00,0.27,0.20,-0.27,2.67,3.33,0.67,0.00,5.33,Matchs
1012,Faouzi Ghoulam,dz ALG,DF,Angers,fr Ligue 1,31,1991,5.3,44.0,62.1,70.8,822.6,367.0,19.1,21.5,88.6,18.3,24.2,75.8,5.85,13.4,43.7,0.00,0.15,0.09,-0.15,1.89,02.08,0.38,0.19,3.58,Matchs
1013,Morgan Gibbs-White,eng ENG,"AT,MT",Wolves,eng Premier League,22,2000,2.0,37.5,47.5,78.9,561.0,172.5,23.5,29.0,81.0,8.50,10.5,81.0,3.50,4.50,77.8,0.00,0.05,0.10,-0.05,0.50,5.00,0.50,0.00,6.00,Matchs
1014,Morgan Gibbs-White,eng ENG,"MT,AT",Nott'ham Forest,eng Premier League,22,2000,33.0,20.0,32.7,61.1,324.8,119.1,10.6,14.1,75.3,5.91,8.45,69.9,2.55,6.94,36.7,0.24,0.25,0.19,-0.01,2.00,2.12,1.21,0.15,3.97,Matchs
1015,Niko Gießelmann,de GER,DF,Union Berlin,de Bundesliga,30,1991,14.5,34.2,51.3,66.7,645.0,244.3,15.1,18.3,82.6,13.2,19.9,66.7,5.31,10.1,52.7,0.14,0.12,0.13,0.02,1.52,2.48,1.52,0.76,3.45,Matchs
1016,Samuel Gigot,fr FRA,DF,Marseille,fr Ligue 1,28,1993,20.9,47.1,54.1,87.2,836.7,247.3,16.9,18.9,89.6,25.6,27.8,91.9,3.16,5.26,60.0,0.10,0.02,0.02,0.08,0.19,2.73,0.10,0.00,3.54,Matchs
1017,Rafał Gikiewicz,pl POL,GB,Augsburg,de Bundesliga,34,1987,23.0,36.8,50.1,73.4,1084.0,771.9,5.83,5.96,97.8,17.8,18.1,98.3,13.0,25.8,50.6,0.00,0.00,0.00,0.00,0.00,1.00,0.04,0.00,0.00,Matchs
1018,Bryan Gil,es ESP,"MT,AT",Tottenham,eng Premier League,21,2001,1.6,29.4,37.5,78.3,398.8,57.5,16.3,20.0,81.3,8.75,10.0,87.5,1.25,2.50,50.0,0.63,0.13,0.06,0.50,1.25,1.88,1.25,0.00,3.13,Matchs
1019,Bryan Gil,es ESP,"AT,DF",Sevilla,es La Liga,21,2001,10.2,27.8,36.7,75.9,355.9,92.6,17.8,19.7,90.5,8.63,11.2,77.2,0.29,2.16,13.6,0.20,0.07,0.07,0.13,0.78,0.98,0.98,0.29,2.16,Matchs
1020,David Gil,es ESP,GB,Cádiz,es La Liga,28,1994,4.0,16.5,32.3,51.2,692.3,595.5,2.25,2.25,100.0,3.50,3.75,93.3,10.8,26.3,41.0,0.00,0.00,0.00,0.00,0.00,2.25,0.00,0.00,0.00,Matchs
1021,Óscar Gil,es ESP,DF,Espanyol,es La Liga,25,1997,28.4,26.7,34.9,76.4,442.2,129.5,12.6,14.6,86.1,11.4,14.0,81.4,1.90,3.84,49.5,0.04,0.10,0.07,-0.07,0.53,01.02,0.39,0.25,1.65,Matchs
1022,Mario Gila,es ESP,DF,Lazio,it Serie A,21,2000,1.0,56.0,61.0,91.8,953.0,330.0,25.0,27.0,92.6,24.0,26.0,92.3,6.00,7.00,85.7,0.00,0.00,0.00,0.00,0.00,1.00,0.00,0.00,6.00,Matchs
1023,Billy Gilmour,sct SCO,MT,Brighton,eng Premier League,21,2001,5.6,65.0,72.9,89.2,1032.3,249.8,33.6,36.6,91.7,25.7,27.1,94.7,4.64,6.61,70.3,0.18,0.04,0.14,0.14,0.36,5.36,01.07,0.00,6.25,Matchs
1024,Álvaro Giménez,es ESP,AT,Cádiz,es La Liga,31,1991,0.2,10.0,10.0,100.0,105.0,30.0,5.00,5.00,100.0,5.00,5.00,100.0,0.00,0.00,,0.00,0.00,0.00,0.00,0.00,0.00,0.00,0.00,5.00,Matchs
1025,Gvidas Gineitis,lt LTU,MT,Torino,it Serie A,18,2004,1.5,50.0,60.0,83.3,845.3,174.7,24.0,28.7,83.7,20.7,23.3,88.6,4.00,4.67,85.7,0.00,0.00,0.00,0.00,0.00,4.00,0.00,0.00,4.00,Matchs
Clt,Joueur,Nation,Pos,Équipe,Comp,Âge,Naissance,90,Cmp,Att,Cmp%,TotDist,DistBut,Cmp,Att,Cmp%,Cmp,Att,Cmp%,Cmp,Att,Cmp%,PD,xAG,xA,A-xAG,PC,1/3,PPA,CntSR,PrgP,Matchs
1026,Matthias Ginter,de GER,DF,Freiburg,de Bundesliga,28,1994,34.0,46.1,56.0,82.3,947.9,364.7,12.8,14.9,86.2,26.6,29.6,89.8,6.35,10.3,61.7,0.03,0.03,0.04,0.00,0.38,3.59,0.35,0.03,3.59,Matchs
1027,Andrei Girotto,br BRA,"DF,MT",Nantes,fr Ligue 1,30,1992,35.0,41.3,50.0,82.6,838.4,274.5,13.6,15.4,88.3,20.0,22.7,88.1,6.60,10.0,65.8,0.03,0.05,0.03,-0.03,0.37,3.69,0.17,0.09,4.00,Matchs
1028,Olivier Giroud,fr FRA,AT,Milan,it Serie A,35,1986,23.8,14.7,23.5,62.7,175.3,32.1,9.37,14.0,67.0,3.40,5.17,65.9,0.34,0.63,53.3,0.21,0.17,0.08,0.04,01.01,0.55,0.29,0.00,1.51,Matchs
1029,Serge Gnabry,de GER,"AT,MT",Bayern Munich,de Bundesliga,27,1995,21.6,32.1,40.4,79.4,450.0,116.4,20.5,23.9,85.9,8.94,10.6,84.3,1.71,3.15,54.4,0.23,0.25,0.22,-0.01,1.67,2.27,1.53,0.23,3.80,Matchs
1030,Degnand Gnonto,it ITA,"AT,MT",Leeds United,eng Premier League,18,2003,15.0,24.7,34.1,72.3,321.5,82.3,15.3,18.0,85.2,6.93,9.13,75.9,0.80,1.60,50.0,0.27,0.15,0.15,0.12,1.47,0.80,1.27,0.33,2.33,Matchs
1031,Ben Godfrey,eng ENG,DF,Everton,eng Premier League,24,1998,8.9,20.4,31.6,64.8,344.6,140.7,10.1,12.5,81.1,8.20,12.5,65.8,1.80,4.61,39.0,0.11,0.02,0.01,0.09,0.34,2.70,0.11,0.11,2.13,Matchs
1032,Pierluigi Gollini,it ITA,GB,Fiorentina,it Serie A,27,1995,3.0,32.0,42.0,76.2,874.0,591.3,6.00,6.00,100.0,14.0,14.0,100.0,12.0,22.0,54.5,0.00,0.00,0.00,0.00,0.00,0.33,0.00,0.00,0.00,Matchs
1033,Pierluigi Gollini,it ITA,GB,Napoli,it Serie A,27,1995,4.0,34.0,39.8,85.5,851.3,590.5,7.75,7.75,100.0,15.5,15.8,98.4,10.8,16.3,66.2,0.00,0.00,0.00,0.00,0.00,0.25,0.00,0.00,0.00,Matchs
1034,Aleksandr Golovin,ru RUS,"MT,AT",Monaco,fr Ligue 1,26,1996,27.4,28.1,40.1,70.0,468.3,154.9,14.0,17.7,79.3,9.34,12.6,74.0,3.36,6.61,50.8,0.26,0.21,0.20,0.04,2.15,2.70,02.01,0.22,4.82,Matchs
1035,André Gomes,pt POR,MT,Lille,fr Ligue 1,29,1993,18.1,65.1,73.7,88.4,1120.4,327.3,30.2,32.9,91.8,26.9,28.5,94.6,06.08,8.73,69.6,0.11,0.07,0.09,0.04,0.77,08.01,0.99,0.06,8.84,Matchs
1036,Angel Gomes,eng ENG,MT,Lille,fr Ligue 1,21,2000,31.3,48.5,56.5,85.9,840.5,222.1,21.8,24.0,90.8,19.7,21.8,90.5,05.08,7.92,64.1,0.19,0.10,0.11,0.09,01.09,05.08,1.21,0.06,5.30,Matchs
1037,João Gomes,br BRA,MT,Wolves,eng Premier League,21,2001,7.3,34.2,44.1,77.6,524.9,120.3,18.9,21.8,86.8,12.5,16.6,75.2,1.92,3.29,58.3,0.00,0.03,0.01,-0.03,0.68,2.47,0.00,0.00,2.60,Matchs
1038,Toti Gomes,pt POR,DF,Wolves,eng Premier League,23,1999,10.9,42.2,50.9,82.9,698.6,261.3,20.3,23.5,86.3,18.5,21.0,88.2,2.57,4.86,52.8,0.00,0.03,0.03,-0.03,0.37,2.48,0.73,0.37,2.48,Matchs
1039,Dani Gómez,es ESP,"MT,AT",Espanyol,es La Liga,24,1998,1.0,13.0,17.0,76.5,196.0,28.0,9.00,9.00,100.0,4.00,6.00,66.7,0.00,0.00,,0.00,0.00,0.00,0.00,1.00,1.00,1.00,0.00,4.00,Matchs
1040,Joe Gomez,eng ENG,DF,Liverpool,eng Premier League,25,1997,16.3,71.5,83.5,85.7,1434.4,468.5,20.6,23.3,88.7,42.1,45.7,92.1,7.79,12.1,64.5,0.00,0.01,0.04,-0.01,0.06,7.42,0.25,0.00,6.63,Matchs
1041,Maxi Gómez,uy URU,AT,Valencia,es La Liga,25,1996,1.2,7.50,11.7,64.3,109.2,2.50,4.17,4.17,100.0,1.67,3.33,50.0,0.83,2.50,33.3,0.00,0.17,0.17,-0.17,1.67,0.00,0.00,0.00,0.00,Matchs
1042,Moi Gómez,es ESP,"MT,AT",Osasuna,es La Liga,28,1994,27.3,48.1,57.1,84.3,908.5,236.1,21.2,22.7,93.5,19.1,21.4,89.4,6.81,10.5,65.0,0.07,0.16,0.18,-0.09,1.94,6.23,1.25,0.48,6.74,Matchs
1043,Papu Gómez,ar ARG,"AT,MT",Sevilla,es La Liga,34,1988,11.8,38.1,45.3,84.1,641.1,196.5,20.5,22.0,93.1,13.3,15.8,84.0,3.64,5.42,67.2,0.08,0.14,0.17,-0.06,1.19,3.90,2.12,0.51,6.95,Matchs
1044,Sergi Gómez,es ESP,DF,Espanyol,es La Liga,30,1992,26.0,37.2,43.5,85.5,783.3,280.3,10.7,11.6,91.7,21.6,23.1,93.5,4.88,8.23,59.3,0.00,0.02,0.03,-0.02,0.19,1.46,0.04,0.00,1.65,Matchs
1045,Sergio Gómez,es ESP,"DF,MT",Manchester City,eng Premier League,21,2000,3.9,71.5,81.3,88.0,1044.6,250.5,39.5,42.3,93.3,26.9,29.2,92.1,2.82,4.36,64.7,0.26,0.31,0.28,-0.05,1.28,6.15,0.77,0.00,4.62,Matchs
1046,Antonio Gomis,es ESP,GB,Atlético Madrid,es La Liga,19,2003,0.1,0.00,30.0,0.0,0.00,0.00,0.00,0.00,,0.00,0.00,,0.00,30.0,0.0,0.00,0.00,0.00,0.00,0.00,0.00,0.00,0.00,0.00,Matchs
1047,Maxime Gonalons,fr FRA,MT,Clermont Foot,fr Ligue 1,33,1989,16.1,45.7,51.9,88.1,853.7,255.4,17.1,19.4,87.9,21.7,23.2,93.6,05.09,6.46,78.8,0.00,0.03,0.04,-0.03,0.56,4.97,0.37,0.06,6.15,Matchs
1048,Diego González,es ESP,DF,Elche,es La Liga,27,1995,10.6,28.2,36.0,78.3,599.2,245.2,7.55,8.68,87.0,15.5,17.3,89.6,4.43,8.49,52.2,0.00,0.00,0.00,0.00,0.00,1.51,0.09,0.00,1.23,Matchs
1049,Édgar González,es ESP,DF,Betis,es La Liga,25,1997,19.7,40.2,45.3,88.8,723.9,253.7,16.9,18.4,92.0,19.5,21.1,92.5,3.45,4.92,70.1,0.00,0.04,0.04,-0.04,0.10,0.71,0.00,0.00,1.52,Matchs
1050,Giovanni González,uy URU,DF,Mallorca,es La Liga,27,1994,10.3,32.6,41.6,78.5,529.0,219.8,18.3,20.7,88.3,11.9,15.1,78.8,02.04,4.47,45.7,0.19,0.12,0.06,0.08,0.49,1.84,0.68,0.39,2.72,Matchs
Clt,Joueur,Nation,Pos,Équipe,Comp,Âge,Naissance,90,Cmp,Att,Cmp%,TotDist,DistBut,Cmp,Att,Cmp%,Cmp,Att,Cmp%,Cmp,Att,Cmp%,PD,xAG,xA,A-xAG,PC,1/3,PPA,CntSR,PrgP,Matchs
1051,Joan Gonzàlez,es ESP,MT,Lecce,it Serie A,20,2002,24.4,24.5,32.0,76.5,379.6,105.0,12.7,15.6,81.8,8.93,10.5,85.5,1.72,3.40,50.6,0.12,0.05,0.07,0.07,0.61,2.95,0.37,0.12,2.91,Matchs
1052,Nicolás González,ar ARG,"AT,MT",Fiorentina,it Serie A,24,1998,15.0,25.4,38.1,66.7,454.6,105.3,10.3,15.0,68.4,11.9,14.5,81.7,2.47,4.80,51.4,0.07,0.09,0.07,-0.02,1.27,2.73,1.40,0.33,4.67,Matchs
1053,Nicolás González,es ESP,MT,Valencia,es La Liga,20,2002,15.6,43.3,49.9,86.9,695.8,204.2,21.7,23.8,91.1,18.8,21.0,89.3,1.99,3.33,59.6,0.06,0.08,0.09,-0.02,0.77,5.90,0.58,0.00,5.19,Matchs
1054,Oumar Gonzalez,cm CMR,DF,Ajaccio,fr Ligue 1,24,1998,28.6,31.4,38.5,81.6,607.9,173.5,9.48,11.6,81.6,17.9,19.8,90.8,3.29,06.01,54.7,0.00,0.00,0.01,0.00,0.03,01.01,0.03,0.00,1.89,Matchs
1055,Roberto González,es ESP,"AT,MT",Betis,es La Liga,21,2001,0.6,41.7,48.3,86.2,623.3,201.7,20.0,23.3,85.7,13.3,13.3,100.0,5.00,8.33,60.0,0.00,0.50,0.33,-0.50,5.00,3.33,0.00,0.00,3.33,Matchs
1056,Jacek Góralski,pl POL,MT,Bochum,de Bundesliga,29,1992,1.6,19.4,24.4,79.5,305.0,86.3,8.75,10.6,82.4,7.50,7.50,100.0,1.88,3.75,50.0,0.00,0.06,0.00,-0.06,1.25,0.00,0.00,0.00,1.88,Matchs
1057,Anthony Gordon,eng ENG,"AT,MT",Newcastle Utd,eng Premier League,21,2001,5.4,30.0,36.7,81.8,411.5,101.3,19.4,21.3,91.3,8.15,10.0,81.5,1.30,2.22,58.3,0.00,0.17,0.17,-0.17,1.11,02.04,0.93,0.00,2.78,Matchs
1058,Anthony Gordon,eng ENG,AT,Everton,eng Premier League,21,2001,12.2,15.8,23.0,68.9,238.1,51.2,09.02,11.1,81.5,5.41,7.30,74.2,0.90,2.21,40.7,0.00,0.05,0.04,-0.05,0.66,0.66,0.90,0.16,1.56,Matchs
1059,Leon Goretzka,de GER,MT,Bayern Munich,de Bundesliga,27,1995,19.2,43.0,52.7,81.6,641.3,199.6,23.7,26.8,88.3,15.1,18.4,81.9,2.34,3.75,62.5,0.10,0.12,0.13,-0.02,01.09,4.17,0.99,0.00,5.94,Matchs
1060,Andoni Gorosabel,es ESP,DF,Real Sociedad,es La Liga,25,1996,19.0,46.7,55.2,84.7,698.5,254.9,26.9,29.5,91.3,15.6,18.1,86.3,2.63,4.37,60.2,0.00,0.05,0.09,-0.05,0.68,2.21,1.16,0.63,3.58,Matchs
1061,Robin Gosens,de GER,DF,Inter,it Serie A,28,1994,13.2,38.3,50.0,76.7,618.0,226.8,20.2,22.2,91.1,15.3,19.9,76.8,2.27,5.68,40.0,0.00,0.18,0.22,-0.18,1.21,2.58,1.14,0.61,3.11,Matchs
1062,Mario Götze,de GER,MT,Eint Frankfurt,de Bundesliga,30,1992,30.4,37.2,50.2,74.0,557.1,158.0,20.4,23.8,85.8,12.4,16.3,75.8,2.37,5.30,44.7,0.03,0.17,0.22,-0.14,1.38,2.96,1.45,0.33,4.90,Matchs
1063,Amine Gouiri,dz ALG,"AT,MT",Nice,fr Ligue 1,22,2000,2.5,21.2,29.6,71.6,294.4,46.4,12.0,14.0,85.7,6.80,8.80,77.3,0.80,2.00,40.0,0.00,0.12,0.08,-0.12,1.20,0.80,0.40,0.00,0.40,Matchs
1064,Amine Gouiri,dz ALG,"AT,MT",Rennes,fr Ligue 1,22,2000,28.0,21.0,26.5,79.2,301.8,56.3,11.0,13.4,81.6,7.46,9.00,82.9,1.11,1.46,75.6,0.11,0.15,0.18,-0.05,1.32,1.14,1.11,0.11,2.50,Matchs
1065,Jeffrey Gouweleeuw,nl NED,DF,Augsburg,de Bundesliga,31,1991,31.1,33.3,47.6,70.0,738.4,313.4,9.68,12.3,79.0,17.7,20.8,84.9,5.66,12.6,44.9,0.03,0.07,0.05,-0.04,0.39,3.28,0.45,0.03,2.57,Matchs
1066,Jonathan Gradit,fr FRA,DF,Lens,fr Ligue 1,29,1992,31.4,59.7,66.7,89.6,1084.1,413.7,23.2,25.1,92.1,30.0,32.2,93.2,05.06,6.94,72.9,0.10,0.04,0.05,0.06,0.41,07.04,0.54,0.16,7.42,Matchs
1067,José Gragera,es ESP,"MT,DF",Espanyol,es La Liga,21,2000,5.1,34.9,40.8,85.6,635.1,209.8,12.9,15.9,81.5,17.5,19.4,89.9,3.53,4.31,81.8,0.00,0.00,0.02,0.00,0.00,2.16,0.00,0.00,2.16,Matchs
1068,Alberto Grassi,it ITA,MT,Empoli,it Serie A,27,1995,13.3,34.1,42.0,81.0,520.2,154.5,19.2,21.7,88.2,11.0,13.6,80.7,2.33,3.98,58.5,0.00,0.03,0.02,-0.03,0.45,02.03,0.38,0.00,3.76,Matchs
1069,Ryan Gravenberch,nl NED,MT,Bayern Munich,de Bundesliga,20,2002,6.4,50.9,58.3,87.4,772.0,192.8,28.4,31.6,90.1,18.6,20.3,91.5,2.50,3.13,80.0,0.00,0.08,0.13,-0.08,1.25,5.31,1.41,0.00,6.88,Matchs
1070,Andrew Gravillon,gp GLP,DF,Torino,it Serie A,24,1998,3.5,37.4,46.6,80.4,726.6,217.7,13.1,14.6,90.2,21.4,24.3,88.2,2.86,6.00,47.6,0.00,0.00,0.00,0.00,0.00,1.43,0.00,0.00,2.57,Matchs
1071,Andrew Gravillon,gp GLP,DF,Reims,fr Ligue 1,24,1998,11.5,28.7,38.7,74.2,547.7,215.1,11.0,13.7,80.9,13.8,16.6,83.2,3.30,6.52,50.7,0.00,0.03,0.05,-0.03,0.26,2.70,0.35,0.17,3.30,Matchs
1072,Demarai Gray,jm JAM,"AT,MT",Everton,eng Premier League,26,1996,27.9,20.8,30.0,69.1,352.8,79.4,10.4,11.8,88.1,6.85,09.03,75.8,2.58,6.42,40.2,0.04,0.14,0.14,-0.10,1.33,01.08,0.65,0.25,1.65,Matchs
1073,Adrian Grbić,at AUT,"MT,AT",Lorient,fr Ligue 1,25,1996,0.3,3.33,6.67,50.0,33.3,0.00,3.33,6.67,50.0,0.00,0.00,,0.00,0.00,,0.00,0.00,0.00,0.00,0.00,0.00,0.00,0.00,0.00,Matchs
1074,Ivo Grbić,hr CRO,GB,Atlético Madrid,es La Liga,26,1996,10.2,21.5,32.4,66.4,596.6,421.8,5.59,5.69,98.3,7.94,7.94,100.0,7.84,18.5,42.3,0.00,0.00,0.00,0.00,0.00,0.00,0.00,0.00,0.00,Matchs
1075,Jack Grealish,eng ENG,AT,Manchester City,eng Premier League,26,1995,22.8,39.6,47.0,84.1,582.0,113.3,23.6,25.8,91.7,12.9,14.8,87.5,1.80,2.89,62.1,0.31,0.31,0.29,-0.00,2.19,1.23,2.11,0.09,4.39,Matchs
Clt,Joueur,Nation,Pos,Équipe,Comp,Âge,Naissance,90,Cmp,Att,Cmp%,TotDist,DistBut,Cmp,Att,Cmp%,Cmp,Att,Cmp%,Cmp,Att,Cmp%,PD,xAG,xA,A-xAG,PC,1/3,PPA,CntSR,PrgP,Matchs
1076,Sam Greenwood,eng ENG,"MT,AT",Leeds United,eng Premier League,20,2002,4.7,22.8,39.6,57.5,415.1,188.9,11.7,13.6,85.9,5.96,12.3,48.3,4.47,12.1,36.8,0.43,0.23,0.23,0.19,2.77,2.98,0.21,0.00,3.19,Matchs
1077,Michael Gregoritsch,at AUT,AT,Freiburg,de Bundesliga,28,1994,23.9,12.4,22.6,54.9,160.9,47.7,7.45,12.1,61.4,3.35,06.07,55.2,0.59,1.17,50.0,0.17,0.13,0.11,0.04,1.00,1.17,0.67,0.04,2.38,Matchs
1078,Dominik Greif,sk SVK,GB,Mallorca,es La Liga,25,1997,1.0,23.0,38.0,60.5,1222.0,1170.0,0.00,0.00,,4.00,4.00,100.0,19.0,34.0,55.9,0.00,0.00,0.00,0.00,0.00,1.00,0.00,0.00,0.00,Matchs
1079,Leo Greiml,at AUT,DF,Schalke 04,de Bundesliga,21,2001,4.0,40.0,49.3,81.2,821.0,287.3,10.3,11.5,89.1,25.3,27.8,91.0,4.25,9.25,45.9,0.00,0.03,0.03,-0.03,0.25,2.50,0.25,0.00,2.50,Matchs
1080,Clément Grenier,fr FRA,MT,Mallorca,es La Liga,31,1991,8.0,32.0,44.5,71.9,550.8,170.4,16.5,18.9,87.4,9.88,13.4,73.8,4.38,9.50,46.1,0.00,0.14,0.19,-0.14,1.50,3.88,0.75,0.25,5.00,Matchs
1081,Antoine Griezmann,fr FRA,"AT,MT",Atlético Madrid,es La Liga,31,1991,31.8,38.9,50.2,77.4,596.7,171.3,21.5,24.3,88.5,12.1,15.3,78.9,3.27,6.51,50.2,0.50,0.43,0.31,0.07,2.64,3.68,1.82,0.41,5.38,Matchs
1082,Vincenzo Grifo,it ITA,"MT,AT",Freiburg,de Bundesliga,29,1993,26.8,36.5,49.9,73.1,655.9,196.7,17.1,20.1,85.3,13.8,17.7,78.1,4.59,9.55,48.0,0.19,0.21,0.23,-0.02,02.05,03.06,1.72,0.15,4.78,Matchs
1083,Lennart Grill,de GER,GB,Union Berlin,de Bundesliga,23,1999,5.0,29.4,42.8,68.7,927.4,746.4,4.80,4.80,100.0,13.6,13.8,98.6,11.0,24.0,45.8,0.00,0.00,0.00,0.00,0.00,2.00,0.00,0.00,0.00,Matchs
1084,Christian Groß,de GER,MT,Werder Bremen,de Bundesliga,33,1989,21.0,33.1,41.0,80.8,515.0,157.4,17.5,20.3,86.2,12.5,15.1,82.6,1.95,2.81,69.5,0.05,0.02,0.03,0.02,0.24,3.00,0.48,0.14,3.19,Matchs
1085,Pascal Groß,de GER,"MT,DF",Brighton,eng Premier League,31,1991,36.0,52.2,65.2,80.1,838.4,243.8,27.4,30.0,91.6,18.9,22.5,84.2,04.08,8.78,46.5,0.22,0.30,0.24,-0.08,2.22,4.36,1.92,0.36,07.08,Matchs
1086,Brajan Gruda,de GER,MT,Mainz 05,de Bundesliga,18,2004,0.0,2,4,50.0,49,17,1,3,33.3,0,0,,1,1,100.0,0,0.1,0.0,-0.1,1,0,1,1,0,Matchs
1087,Ilia Gruev,bg BUL,MT,Werder Bremen,de Bundesliga,22,2000,17.6,38.2,44.3,86.3,644.3,176.8,17.3,19.2,90.2,17.0,18.6,91.5,03.07,4.60,66.7,0.00,0.05,0.06,-0.05,0.45,03.01,0.51,0.11,3.47,Matchs
1088,Carlos Gruezo,ec ECU,MT,Augsburg,de Bundesliga,27,1995,10.7,18.6,25.8,72.1,382.2,123.3,5.89,7.48,78.8,8.22,10.3,80.0,3.74,6.54,57.1,0.00,0.03,0.04,-0.03,0.56,2.34,0.56,0.00,2.71,Matchs
1089,Vicente Guaita,es ESP,GB,Crystal Palace,eng Premier League,35,1987,27.0,22.6,31.3,72.2,583.3,386.8,5.89,5.96,98.8,9.56,9.74,98.1,6.74,15.0,44.9,0.00,0.00,0.00,0.00,0.00,0.11,0.00,0.00,0.04,Matchs
1090,Andrés Guardado,mx MEX,MT,Betis,es La Liga,35,1986,15.3,48.3,56.9,84.9,901.4,261.1,22.3,23.7,93.9,19.1,21.8,87.7,6.21,8.95,69.3,0.07,0.07,0.07,-0.01,0.78,4.58,0.33,0.00,4.71,Matchs
1091,Sergi Guardiola,es ESP,AT,Valladolid,es La Liga,31,1991,5.6,13.2,20.9,63.2,169.3,26.6,8.39,11.6,72.3,3.21,4.64,69.2,0.54,0.89,60.0,0.00,0.02,0.04,-0.02,0.36,0.18,0.18,0.18,0.54,Matchs
1092,Sergi Guardiola,es ESP,AT,Cádiz,es La Liga,31,1991,12.9,15.7,22.8,69.0,217.3,42.5,9.38,11.8,79.6,4.65,6.82,68.2,0.78,1.16,66.7,0.00,0.04,0.02,-0.04,0.70,0.85,0.23,0.08,2.17,Matchs
1093,Nemanja Gudelj,rs SRB,"DF,MT",Sevilla,es La Liga,30,1991,30.9,46.8,51.8,90.2,813.6,266.4,19.2,20.7,92.8,23.9,25.3,94.4,2.85,4.34,65.7,0.03,0.01,0.02,0.02,0.16,3.66,0.19,0.06,3.56,Matchs
1094,Gabriel Gudmundsson,se SWE,"DF,AT",Lille,fr Ligue 1,23,1999,9.3,39.7,48.9,81.1,651.4,176.7,18.3,21.5,85.0,17.3,20.2,85.6,2.58,4.95,52.2,0.00,0.10,0.16,-0.10,1.18,2.37,0.86,0.75,3.33,Matchs
1095,Gonçalo Guedes,pt POR,"AT,MT",Wolves,eng Premier League,25,1996,7.9,17.5,25.4,68.7,290.8,66.6,10.4,12.3,84.5,05.06,07.09,71.4,1.65,3.29,50.0,0.13,0.06,0.06,0.06,1.14,1.39,01.01,0.25,02.03,Matchs
1096,Axel Gueguin,fr FRA,"AT,MT",Montpellier,fr Ligue 1,17,2005,0.3,23.3,36.7,63.6,353.3,116.7,13.3,20.0,66.7,10.0,10.0,100.0,0.00,3.33,0.0,0.00,0.00,0.00,0.00,0.00,0.00,0.00,0.00,0.00,Matchs
1097,Marc Guéhi,eng ENG,DF,Crystal Palace,eng Premier League,22,2000,37.0,50.9,59.7,85.3,1037.9,387.3,15.8,17.4,91.0,29.0,31.1,93.2,5.84,10.4,56.3,0.00,0.01,0.02,-0.01,0.27,4.00,0.14,0.00,2.86,Matchs
1098,Mattéo Guendouzi,fr FRA,MT,Marseille,fr Ligue 1,23,1999,23.4,46.8,54.1,86.3,809.5,225.9,21.1,23.7,89.0,19.3,21.4,90.0,4.74,5.98,79.3,0.17,0.09,0.10,0.08,0.85,6.11,1.41,0.17,7.26,Matchs
1099,Javier Guerra,es ESP,MT,Valencia,es La Liga,19,2003,6.7,28.1,35.7,78.7,435.7,113.9,13.6,16.0,85.0,11.3,12.8,88.4,1.49,3.43,43.5,0.00,0.16,0.25,-0.16,0.75,2.24,1.49,0.15,4.48,Matchs
1100,Raphaël Guerreiro,pt POR,"DF,MT",Dortmund,de Bundesliga,28,1993,25.4,58.9,71.3,82.6,853.3,330.2,34.4,37.6,91.4,18.3,21.7,84.7,03.07,6.73,45.6,0.47,0.30,0.31,0.17,2.28,5.31,2.13,0.43,7.52,Matchs
Clt,Joueur,Nation,Pos,Équipe,Comp,Âge,Naissance,90,Cmp,Att,Cmp%,TotDist,DistBut,Cmp,Att,Cmp%,Cmp,Att,Cmp%,Cmp,Att,Cmp%,PD,xAG,xA,A-xAG,PC,1/3,PPA,CntSR,PrgP,Matchs
1101,Axel Guessand,fr FRA,DF,Udinese,it Serie A,17,2004,0.9,18.9,24.4,77.3,323.3,118.9,8.89,10.0,88.9,7.78,8.89,87.5,2.22,4.44,50.0,0.00,0.00,0.00,0.00,0.00,0.00,0.00,0.00,0.00,Matchs
1102,Evann Guessand,fr FRA,"AT,MT",Nantes,fr Ligue 1,21,2001,14.0,14.0,22.0,63.6,202.5,64.7,7.93,11.1,71.6,4.57,7.29,62.7,0.79,2.00,39.3,0.14,0.09,0.07,0.05,0.93,1.29,0.93,0.14,2.64,Matchs
1103,Ander Guevara,es ESP,MT,Real Sociedad,es La Liga,25,1997,2.5,64.4,71.6,89.9,981.6,234.0,34.0,35.2,96.6,26.4,28.4,93.0,2.00,3.20,62.5,0.00,0.28,0.12,-0.28,1.60,9.20,0.40,0.00,6.00,Matchs
1104,Pape Gueye,sn SEN,MT,Sevilla,es La Liga,23,1999,13.0,34.4,42.5,80.8,638.4,169.2,15.8,17.2,91.9,13.6,16.1,84.7,4.69,7.23,64.9,0.23,0.09,0.07,0.14,0.77,4.00,0.15,0.08,4.54,Matchs
1105,Pape Gueye,sn SEN,"MT,DF",Marseille,fr Ligue 1,23,1999,5.5,49.3,58.2,84.7,902.9,234.7,18.2,19.3,94.3,25.8,30.0,86.1,4.55,07.09,64.1,0.18,0.16,0.07,0.02,0.73,4.00,01.09,0.36,5.64,Matchs
1106,Josuha Guilavogui,fr FRA,"DF,MT",Wolfsburg,de Bundesliga,31,1990,13.1,51.8,61.5,84.2,1013.7,383.3,16.6,19.3,85.8,29.0,32.3,89.8,5.73,8.32,68.8,0.00,0.03,0.08,-0.03,0.31,4.81,0.46,0.00,4.89,Matchs
1107,Frederic Guilbert,fr FRA,DF,Strasbourg,fr Ligue 1,27,1994,16.2,38.1,53.3,71.4,665.1,254.8,17.3,20.9,82.8,16.1,21.4,75.4,3.46,8.27,41.8,0.06,0.06,0.08,0.00,0.99,2.16,0.80,0.43,3.21,Matchs
1108,Bruno Guimarães,br BRA,MT,Newcastle Utd,eng Premier League,24,1997,30.3,45.8,55.0,83.2,793.3,218.9,21.7,24.5,88.9,17.8,20.3,87.8,4.92,7.13,69.0,0.17,0.13,0.13,0.03,1.39,4.85,1.78,0.07,7.33,Matchs
1109,Serhou Guirassy,gn GUI,MT,Rennes,fr Ligue 1,26,1996,0.3,26.7,26.7,100.0,223.3,23.3,20.0,20.0,100.0,0.00,0.00,,0.00,0.00,,0.00,0.33,0.00,-0.33,6.67,3.33,0.00,0.00,0.00,Matchs
1110,Serhou Guirassy,gn GUI,AT,Stuttgart,de Bundesliga,26,1996,18.3,18.0,24.5,73.4,243.8,38.7,11.1,13.3,84.0,05.03,6.83,73.6,0.77,1.48,51.9,0.00,0.08,0.05,-0.08,01.04,01.09,0.33,0.00,1.64,Matchs
1111,Rafik Guitane,fr FRA,AT,Reims,fr Ligue 1,23,1999,0.0,0,0,,0,0,0,0,,0,0,,0,0,,0,0.0,0.0,0.0,0,0,0,0,0,Matchs
1112,Péter Gulácsi,hu HUN,GB,RB Leipzig,de Bundesliga,32,1990,6.0,31.5,35.8,87.9,709.5,380.8,7.33,7.33,100.0,18.7,18.7,100.0,5.50,9.83,55.9,0.00,0.00,0.00,0.00,0.00,0.50,0.00,0.00,0.00,Matchs
1113,Manuel Gulde,de GER,DF,Freiburg,de Bundesliga,31,1991,7.1,48.3,58.0,83.3,900.4,257.2,18.0,20.3,88.9,24.2,26.8,90.5,5.35,9.15,58.5,0.00,0.03,0.04,-0.03,0.28,3.38,0.28,0.28,3.24,Matchs
1114,Gerard Gumbau,es ESP,MT,Elche,es La Liga,27,1994,30.4,36.6,47.6,76.9,729.9,236.6,15.1,17.2,87.6,13.6,15.9,85.5,6.71,11.1,60.5,0.20,0.20,0.20,-0.01,2.40,04.08,0.79,0.39,4.77,Matchs
1115,Robert Gumny,pl POL,DF,Augsburg,de Bundesliga,24,1998,22.4,23.8,36.7,64.8,410.0,170.4,11.1,14.2,78.5,9.60,14.6,65.7,2.46,5.76,42.6,0.09,0.03,0.04,0.06,0.40,1.34,0.45,0.18,2.50,Matchs
1116,İlkay Gündoğan,de GER,MT,Manchester City,eng Premier League,31,1990,26.1,52.6,60.5,87.1,819.8,189.3,28.6,31.4,91.1,18.9,20.8,90.6,3.79,4.98,76.2,0.15,0.13,0.17,0.03,1.42,5.48,1.34,0.04,6.51,Matchs
1117,Christian Günter,de GER,"DF,MT",Freiburg,de Bundesliga,29,1993,30.5,32.7,45.9,71.1,563.7,202.2,15.0,17.5,85.4,12.6,17.0,74.5,3.31,7.57,43.7,0.13,0.17,0.17,-0.04,1.93,1.80,1.18,0.92,2.52,Matchs
1118,Koray Günter,de GER,DF,Hellas Verona,it Serie A,27,1994,11.1,29.1,38.0,76.5,619.0,285.8,9.19,11.4,81.0,14.4,16.5,87.4,5.23,9.10,57.4,0.00,0.08,0.03,-0.08,0.72,2.79,0.09,0.09,3.24,Matchs
1119,Koray Günter,de GER,DF,Sampdoria,it Serie A,27,1994,8.6,40.0,48.8,81.9,755.0,268.4,16.0,18.3,87.9,20.0,23.0,86.9,3.72,6.40,58.2,0.00,0.02,0.03,-0.02,0.23,2.44,0.23,0.12,2.44,Matchs
1120,Gorka Guruzeta,es ESP,AT,Athletic Club,es La Liga,25,1996,15.8,18.1,24.9,72.6,275.8,48.2,9.49,12.0,79.4,5.44,7.15,76.1,1.58,1.90,83.3,0.06,0.06,0.08,0.00,0.89,1.46,0.63,0.06,2.34,Matchs
1121,Malo Gusto,fr FRA,DF,Lyon,fr Ligue 1,19,2003,17.7,66.2,81.2,81.5,1070.7,344.9,33.8,37.9,89.3,26.0,31.0,83.8,4.69,7.85,59.7,0.06,0.18,0.23,-0.12,1.36,4.80,2.26,1.64,4.63,Matchs
1122,Raúl Guti,es ESP,MT,Elche,es La Liga,25,1996,12.4,26.4,33.0,80.0,397.2,110.3,15.6,17.5,89.4,07.02,8.31,84.5,2.42,4.19,57.7,0.00,0.01,0.02,-0.01,0.16,2.10,0.48,0.08,2.58,Matchs
1123,Miguel Gutiérrez,es ESP,DF,Girona,es La Liga,21,2001,26.6,42.5,52.1,81.5,667.3,197.9,23.7,25.9,91.6,15.2,18.6,82.0,2.63,4.85,54.3,0.11,0.12,0.12,-0.01,0.83,3.46,01.09,0.60,4.70,Matchs
1124,Joško Gvardiol,hr CRO,DF,RB Leipzig,de Bundesliga,20,2002,24.1,79.4,89.2,89.1,1593.2,555.4,24.4,26.2,93.0,45.5,48.1,94.6,9.00,13.0,69.1,0.00,0.02,0.04,-0.02,0.50,5.68,0.41,0.04,4.81,Matchs
1125,Darko Gyabi,eng ENG,AT,Leeds United,eng Premier League,18,2004,0.1,40.0,40.0,100.0,720.0,170.0,10.0,10.0,100.0,30.0,30.0,100.0,0.00,0.00,,0.00,0.00,0.00,0.00,0.00,0.00,0.00,0.00,20.0,Matchs
Clt,Joueur,Nation,Pos,Équipe,Comp,Âge,Naissance,90,Cmp,Att,Cmp%,TotDist,DistBut,Cmp,Att,Cmp%,Cmp,Att,Cmp%,Cmp,Att,Cmp%,PD,xAG,xA,A-xAG,PC,1/3,PPA,CntSR,PrgP,Matchs
1126,Emmanuel Gyasi,gh GHA,"AT,DF",Spezia,it Serie A,28,1994,31.2,20.7,25.7,80.5,266.2,52.9,13.4,15.2,87.8,5.80,7.24,80.1,0.45,0.83,53.8,0.00,0.06,0.05,-0.06,0.71,0.51,0.58,0.06,1.67,Matchs
1127,Norbert Gyömbér,sk SVK,DF,Salernitana,it Serie A,30,1992,19.3,32.2,38.5,83.5,581.2,225.0,12.0,13.4,89.5,16.7,18.8,89.0,2.90,5.34,54.4,0.05,0.03,0.01,0.02,0.16,1.66,0.10,0.05,2.33,Matchs
1128,Christian Gytkjær,dk DEN,"AT,MT",Monza,it Serie A,32,1990,6.2,11.1,16.5,67.6,144.4,25.0,6.61,9.19,71.9,2.90,4.19,69.2,0.48,0.48,100.0,0.00,0.05,0.02,-0.05,0.48,0.48,0.32,0.00,0.97,Matchs
1129,Erling Haaland,no NOR,AT,Manchester City,eng Premier League,22,2000,30.8,11.7,16.2,72.0,143.0,30.7,07.08,8.96,79.0,3.25,4.29,75.8,0.23,0.29,77.8,0.26,0.17,0.10,0.09,0.94,0.45,0.75,0.00,1.88,Matchs
1130,Nicolas Haas,ch SUI,MT,Empoli,it Serie A,26,1996,12.8,23.8,32.0,74.3,398.1,104.8,11.6,14.0,83.2,9.53,12.3,77.2,02.03,3.20,63.4,0.08,0.07,0.02,0.01,0.70,2.27,0.47,0.00,2.81,Matchs
1131,Janik Haberer,de GER,MT,Union Berlin,de Bundesliga,28,1994,24.3,20.1,27.9,72.2,303.3,82.8,11.5,14.0,82.3,06.01,8.31,72.3,1.40,2.26,61.8,0.04,0.09,0.06,-0.05,0.95,2.39,0.58,0.16,3.21,Matchs
1132,Alexander Hack,de GER,DF,Mainz 05,de Bundesliga,28,1993,12.6,34.1,46.5,73.4,724.2,379.0,11.4,13.6,84.2,15.2,18.7,80.9,6.90,11.8,58.4,0.00,0.01,0.06,-0.01,0.32,2.78,0.32,0.08,4.13,Matchs
1133,Munir El Haddadi,ma MAR,"MT,AT",Getafe,es La Liga,26,1995,12.8,21.1,33.8,62.4,330.9,104.9,11.1,14.5,76.8,6.64,10.2,64.9,02.03,4.69,43.3,0.08,0.09,0.13,-0.02,01.09,1.56,0.86,0.63,2.34,Matchs
1134,Jaouen Hadjam,dz ALG,DF,Nantes,fr Ligue 1,19,2003,8.9,42.5,53.6,79.2,674.8,220.3,21.3,23.9,89.2,17.2,21.8,78.9,2.58,4.94,52.3,0.11,0.03,0.04,0.08,0.79,3.37,1.24,0.56,05.06,Matchs
1135,Dennis Hadzikadunic,ba BIH,DF,Mallorca,es La Liga,24,1998,6.8,20.9,27.8,75.1,398.8,156.6,7.79,9.12,85.5,9.71,11.9,81.5,2.94,5.88,50.0,0.00,0.00,0.00,0.00,0.00,1.32,0.00,0.00,2.79,Matchs
1136,André Hahn,de GER,"AT,MT",Augsburg,de Bundesliga,31,1990,4.3,7.67,19.3,39.8,126.0,50.2,3.49,5.81,60.0,03.02,06.05,50.0,0.47,3.95,11.8,0.00,0.00,0.00,0.00,0.23,1.63,0.23,0.00,1.86,Matchs
1137,Amadou Haidara,ml MLI,MT,RB Leipzig,de Bundesliga,24,1998,15.9,43.0,51.8,83.0,701.3,221.4,21.7,25.5,85.0,17.1,19.5,87.7,3.21,4.53,70.8,0.06,0.09,0.08,-0.03,0.75,5.85,0.88,0.00,5.35,Matchs
1138,Massadio Haïdara,ml MLI,"DF,MT",Lens,fr Ligue 1,29,1992,18.6,45.3,53.5,84.6,733.4,233.0,22.4,24.8,90.2,18.8,21.9,85.7,2.63,4.19,62.8,0.05,0.06,0.08,-0.01,0.43,3.33,0.75,0.27,4.57,Matchs
1139,Achraf Hakimi,ma MAR,"DF,MT",Paris S-G,fr Ligue 1,23,1998,22.8,60.2,67.5,89.3,770.2,210.5,38.4,41.8,91.9,16.6,18.2,90.9,1.23,1.75,70.0,0.13,0.13,0.23,0.00,1.45,2.15,02.02,0.57,4.34,Matchs
1140,Lewis Hall,eng ENG,DF,Chelsea,eng Premier League,17,2004,7.3,47.0,58.5,80.3,812.6,241.0,24.9,27.7,90.1,16.6,20.5,80.7,5.21,7.95,65.5,0.00,0.30,0.19,-0.30,1.92,3.42,1.23,0.55,3.42,Matchs
1141,Sébastien Haller,ci CIV,AT,Dortmund,de Bundesliga,28,1994,13.6,15.9,22.7,69.9,196.8,37.1,9.56,12.8,74.7,4.41,06.03,73.2,0.44,0.66,66.7,0.22,0.17,0.11,0.05,1.18,0.96,0.29,0.00,1.62,Matchs
1142,Marcel Halstenberg,de GER,DF,RB Leipzig,de Bundesliga,30,1991,17.3,53.1,67.7,78.4,900.7,305.0,25.0,28.3,88.2,23.9,28.8,83.1,3.58,7.34,48.8,0.06,0.12,0.10,-0.06,1.10,2.83,0.92,0.29,3.41,Matchs
1143,Mathis Hamdi,fr FRA,DF,Troyes,fr Ligue 1,18,2003,0.8,32.5,47.5,68.4,433.8,138.8,17.5,22.5,77.8,13.8,18.8,73.3,0.00,2.50,0.0,0.00,0.00,0.00,0.00,0.00,1.25,0.00,0.00,1.25,Matchs
1144,Ben Hamed Touré,ci CIV,AT,Ajaccio,fr Ligue 1,18,2003,2.3,12.2,15.7,77.8,157.4,23.9,6.96,8.70,80.0,4.78,5.65,84.6,0.00,0.43,0.0,0.00,0.00,0.00,0.00,0.00,0.43,0.00,0.00,0.43,Matchs
1145,Romain Hamouma,fr FRA,"AT,MT",Ajaccio,fr Ligue 1,35,1987,12.0,21.9,30.3,72.3,327.8,100.3,9.83,12.0,81.9,8.17,11.2,73.1,1.25,2.75,45.5,0.17,0.19,0.13,-0.02,01.08,2.42,0.67,0.08,3.92,Matchs
1146,Saïd Hamulic,ba BIH,AT,Toulouse,fr Ligue 1,21,2000,1.2,5.00,8.33,60.0,92.5,46.7,1.67,1.67,100.0,2.50,4.17,60.0,0.83,1.67,50.0,0.00,0.00,0.08,0.00,0.83,2.50,0.00,0.00,1.67,Matchs
1147,Andreas Hanche-Olsen,no NOR,DF,Mainz 05,de Bundesliga,25,1997,16.6,32.3,45.4,71.1,606.0,243.1,13.1,15.7,83.8,15.1,19.2,78.7,3.73,8.98,41.6,0.18,0.07,0.03,0.11,0.30,2.71,0.24,0.00,2.59,Matchs
1148,Samir Handanović,si SVN,GB,Inter,it Serie A,38,1984,13.7,38.5,42.5,90.5,849.7,568.0,12.6,12.7,99.4,18.0,18.2,98.8,7.59,11.1,68.4,0.00,0.00,0.00,0.00,0.07,0.73,0.00,0.00,0.00,Matchs
1149,Genki Haraguchi,jp JPN,MT,Stuttgart,de Bundesliga,31,1991,8.3,29.3,36.3,80.7,447.0,104.1,16.1,18.4,87.6,9.52,11.2,84.9,1.93,03.01,64.0,0.24,0.08,0.04,0.16,0.96,3.61,0.24,0.24,3.61,Matchs
1150,Genki Haraguchi,jp JPN,MT,Union Berlin,de Bundesliga,31,1991,5.5,21.6,28.9,74.8,345.5,88.4,9.27,11.8,78.5,8.55,10.5,81.0,1.82,2.55,71.4,0.00,0.05,0.07,-0.05,1.27,2.73,0.55,0.00,03.09,Matchs
Clt,Joueur,Nation,Pos,Équipe,Comp,Âge,Naissance,90,Cmp,Att,Cmp%,TotDist,DistBut,Cmp,Att,Cmp%,Cmp,Att,Cmp%,Cmp,Att,Cmp%,PD,xAG,xA,A-xAG,PC,1/3,PPA,CntSR,PrgP,Matchs
1151,Amine Harit,ma MAR,"MT,AT",Marseille,fr Ligue 1,25,1997,5.7,38.8,47.5,81.5,558.9,170.0,23.3,27.0,86.4,10.7,12.3,87.1,2.28,3.86,59.1,0.00,0.26,0.28,-0.26,2.63,3.68,2.81,0.18,6.67,Matchs
1152,Luke Harris,wls WAL,"MT,AT",Fulham,eng Premier League,17,2005,0.1,130.0,140.0,92.9,1720.0,250.0,90.0,90.0,100.0,40.0,50.0,80.0,0.00,0.00,,0.00,0.00,0.00,0.00,0.00,10.0,0.00,0.00,10.0,Matchs
1153,Jack Harrison,eng ENG,"AT,MT",Leeds United,eng Premier League,25,1996,30.1,24.3,38.2,63.7,358.0,136.7,14.7,18.1,81.4,6.28,10.5,59.8,1.99,5.48,36.4,0.23,0.17,0.17,0.06,1.76,1.89,1.69,0.70,3.42,Matchs
1154,Abdou Harroui,nl NED,MT,Sassuolo,it Serie A,24,1998,7.2,35.3,42.8,82.5,536.3,137.8,18.5,20.4,90.5,13.6,16.1,84.5,1.94,2.92,66.7,0.00,0.04,0.07,-0.04,0.83,4.86,0.97,0.28,5.00,Matchs
1155,Makoto Hasebe,jp JPN,DF,Eint Frankfurt,de Bundesliga,38,1984,14.5,61.2,69.9,87.6,1216.3,418.3,18.5,19.9,92.7,35.2,38.0,92.7,6.69,10.5,63.8,0.00,0.03,0.03,-0.03,0.14,3.52,0.41,0.00,3.93,Matchs
1156,Haissem Hassan,fr FRA,"AT,MT",Villarreal,es La Liga,20,2002,0.6,25.0,33.3,75.0,486.7,63.3,10.0,13.3,75.0,11.7,15.0,77.8,3.33,3.33,100.0,0.00,0.00,0.00,0.00,1.67,5.00,0.00,0.00,0.00,Matchs
1157,Hans Hateboer,nl NED,DF,Atalanta,it Serie A,28,1994,15.5,36.1,45.3,79.8,521.8,183.9,21.9,24.3,90.2,11.2,14.4,77.6,2.00,3.87,51.7,0.06,0.10,0.09,-0.03,0.84,1.81,01.03,0.45,3.55,Matchs
1158,Kai Havertz,de GER,"AT,MT",Chelsea,eng Premier League,23,1999,28.5,25.5,31.4,81.3,328.0,66.0,16.1,18.9,84.8,6.84,7.75,88.2,0.81,1.12,71.9,0.04,0.13,0.10,-0.10,1.33,1.72,0.91,0.07,3.12,Matchs
1159,Eden Hazard,be BEL,AT,Real Madrid,es La Liga,31,1991,2.2,43.6,49.1,88.9,538.2,105.0,27.3,30.9,88.2,9.55,10.0,95.5,1.82,1.82,100.0,0.45,0.23,0.23,0.23,3.18,2.73,1.36,0.00,3.64,Matchs
1160,Thorgan Hazard,be BEL,"AT,DF",Dortmund,de Bundesliga,29,1993,5.2,45.2,62.3,72.5,728.8,255.4,23.3,29.0,80.1,17.7,22.7,78.0,3.46,7.88,43.9,0.00,0.17,0.17,-0.17,2.12,3.27,1.35,0.19,5.38,Matchs
1161,Rhys Healey,wls WAL,AT,Toulouse,fr Ligue 1,27,1994,0.7,11.4,21.4,53.3,91.4,10.0,4.29,8.57,50.0,1.43,4.29,33.3,0.00,0.00,,0.00,0.29,0.14,-0.29,2.86,0.00,0.00,0.00,0.00,Matchs
1162,Jan Paul van Hecke,nl NED,DF,Brighton,eng Premier League,22,2000,3.3,70.3,75.2,93.5,1298.5,448.5,21.8,23.0,94.7,43.6,44.8,97.3,3.64,4.55,80.0,0.00,0.00,0.00,0.00,0.00,6.67,0.00,0.00,6.36,Matchs
1163,Jonas Hector,de GER,DF,Köln,de Bundesliga,32,1990,31.4,43.9,58.3,75.3,782.8,254.0,19.4,21.7,89.4,19.0,23.7,80.1,4.62,9.78,47.2,0.06,0.12,0.14,-0.06,01.02,2.74,0.51,0.29,4.11,Matchs
1164,Hwang Hee-chan,kr KOR,"AT,MT",Wolves,eng Premier League,26,1996,12.6,17.0,22.2,76.4,249.1,51.8,9.68,11.7,83.0,5.79,6.98,83.0,0.79,1.27,62.5,0.08,0.09,0.05,-0.01,0.79,0.71,0.79,0.08,2.38,Matchs
1165,Gauthier Hein,fr FRA,"MT,AT",Auxerre,fr Ligue 1,25,1996,20.8,28.3,37.4,75.6,498.0,121.1,13.6,15.4,87.9,9.28,12.1,76.6,3.89,7.50,51.9,0.00,0.15,0.11,-0.15,1.39,2.84,0.72,0.24,3.65,Matchs
1166,Dominique Heintz,de GER,DF,Bochum,de Bundesliga,28,1993,8.8,30.6,37.0,82.5,591.0,194.5,11.1,12.3,90.7,15.8,18.0,88.0,3.41,06.02,56.6,0.00,0.02,0.08,-0.02,0.34,1.82,0.91,0.23,2.39,Matchs
1167,Dean Henderson,eng ENG,GB,Nott'ham Forest,eng Premier League,25,1997,18.0,23.6,37.3,63.3,696.8,491.0,4.44,4.44,100.0,10.3,10.4,98.9,8.83,22.2,39.8,0.00,0.00,0.00,0.00,0.00,0.61,0.06,0.00,0.00,Matchs
1168,Jordan Henderson,eng ENG,MT,Liverpool,eng Premier League,32,1990,23.0,58.3,70.2,83.0,975.3,258.9,29.0,31.9,90.7,22.3,25.8,86.4,5.30,8.39,63.2,0.09,0.14,0.16,-0.05,1.35,6.87,02.04,0.52,8.22,Matchs
1169,Liam Henderson,sct SCO,MT,Empoli,it Serie A,26,1996,11.2,38.6,48.7,79.3,643.8,192.5,16.8,18.9,88.7,17.3,19.8,87.4,2.95,6.79,43.4,0.09,0.13,0.08,-0.04,1.52,2.77,01.07,0.80,3.39,Matchs
1170,Jack Hendry,sct SCO,DF,Cremonese,it Serie A,27,1995,2.4,49.2,57.1,86.1,1000.8,452.9,16.7,18.3,90.9,24.2,27.9,86.6,07.08,9.17,77.3,0.00,0.00,0.00,0.00,0.42,5.00,0.42,0.00,3.75,Matchs
1171,Wayne Hennessey,wls WAL,GB,Nott'ham Forest,eng Premier League,35,1987,3.0,20.3,33.0,61.6,711.3,553.7,1.67,1.67,100.0,9.67,9.67,100.0,9.00,21.0,42.9,0.00,0.00,0.00,0.00,0.00,1.00,0.00,0.00,0.00,Matchs
1172,Benjamin Henrichs,de GER,"DF,MT",RB Leipzig,de Bundesliga,25,1997,24.3,49.3,63.3,77.9,803.0,244.1,25.7,29.3,87.8,19.8,23.7,83.3,3.17,6.79,46.7,0.08,0.07,0.14,0.01,0.82,3.79,1.28,0.41,4.49,Matchs
1173,Henrique,br BRA,"DF,AT",Lyon,fr Ligue 1,28,1994,4.0,48.0,55.8,86.1,743.8,176.0,26.8,30.5,87.7,18.5,19.8,93.7,2.00,4.00,50.0,0.25,0.03,0.05,0.23,0.25,2.00,0.75,0.25,2.75,Matchs
1174,Luiz Henrique,br BRA,AT,Betis,es La Liga,21,2001,20.1,20.6,27.9,74.0,283.8,56.6,13.2,15.4,85.5,5.67,7.66,74.0,0.85,1.59,53.1,0.15,0.14,0.10,0.00,0.85,0.65,0.70,0.30,1.29,Matchs
1175,Matheus Henrique,br BRA,MT,Sassuolo,it Serie A,24,1997,21.6,34.3,40.0,85.8,578.8,154.8,16.0,17.9,89.4,13.7,15.0,91.6,3.33,4.21,79.1,0.05,0.08,0.06,-0.04,1.25,3.94,0.74,0.00,5.37,Matchs
Clt,Joueur,Nation,Pos,Équipe,Comp,Âge,Naissance,90,Cmp,Att,Cmp%,TotDist,DistBut,Cmp,Att,Cmp%,Cmp,Att,Cmp%,Cmp,Att,Cmp%,PD,xAG,xA,A-xAG,PC,1/3,PPA,CntSR,PrgP,Matchs
1176,Rico Henry,eng ENG,DF,Brentford,eng Premier League,25,1997,36.0,24.3,33.4,72.8,391.3,134.9,13.0,15.1,86.2,8.72,11.6,75.1,2.00,4.69,42.6,0.06,0.08,0.08,-0.02,0.64,02.03,1.14,0.50,2.97,Matchs
1177,Thomas Henry,fr FRA,AT,Hellas Verona,it Serie A,27,1994,11.4,10.1,19.8,50.9,123.2,38.3,6.23,10.9,57.3,1.67,04.04,41.3,0.61,01.05,58.3,0.00,0.10,0.04,-0.10,1.14,1.23,0.53,0.00,1.58,Matchs
1178,Christophe Hérelle,mq MTQ,DF,Brest,fr Ligue 1,29,1992,11.8,31.9,37.3,85.7,644.8,209.7,09.07,10.2,89.2,17.5,19.5,90.0,4.49,5.85,76.8,0.00,0.01,0.02,-0.01,0.25,0.76,0.17,0.00,02.03,Matchs
1179,Mario Hermoso,es ESP,DF,Atlético Madrid,es La Liga,27,1995,23.4,55.9,64.7,86.5,1018.2,384.2,26.0,28.0,93.0,22.4,24.3,92.1,6.58,10.1,65.3,0.09,0.06,0.06,0.03,0.60,3.80,0.47,0.09,4.91,Matchs
1180,Javi Hernández,es ESP,DF,Girona,es La Liga,24,1998,12.4,49.4,60.3,82.0,786.9,320.9,26.6,30.5,87.3,18.3,20.9,87.6,03.06,4.84,63.3,0.16,0.07,0.05,0.09,0.65,4.52,0.73,0.32,6.29,Matchs
1181,Aridane Hernández,es ESP,DF,Osasuna,es La Liga,33,1989,19.9,37.4,44.3,84.5,761.4,248.3,12.5,13.6,91.5,19.6,22.1,88.8,5.28,08.04,65.6,0.05,0.04,0.02,0.02,0.15,2.11,0.10,0.00,2.36,Matchs
1182,Lucas Hernández,fr FRA,DF,Bayern Munich,de Bundesliga,26,1996,5.3,63.6,71.1,89.4,1197.4,478.3,25.1,26.4,95.0,28.9,32.1,90.0,8.11,9.62,84.3,0.00,0.04,0.02,-0.04,0.19,5.47,0.38,0.00,6.42,Matchs
1183,Luis Hernández,es ESP,DF,Cádiz,es La Liga,33,1989,35.0,30.8,42.5,72.4,658.5,276.5,9.23,10.3,89.5,15.9,19.1,83.3,5.31,11.9,44.8,0.00,0.03,0.03,-0.03,0.34,2.31,0.20,0.11,2.71,Matchs
1184,Mario Hernández,es ESP,DF,Rayo Vallecano,es La Liga,23,1999,1.1,27.3,34.5,78.9,413.6,126.4,14.5,19.1,76.2,10.0,10.9,91.7,1.82,3.64,50.0,0.00,0.00,0.00,0.00,0.00,2.73,0.00,0.00,2.73,Matchs
1185,Theo Hernández,fr FRA,DF,Milan,it Serie A,24,1997,30.8,45.2,56.9,79.4,749.8,246.5,22.3,24.8,89.7,18.0,21.8,82.4,3.64,6.59,55.2,0.10,0.11,0.09,-0.01,1.20,2.92,1.17,0.39,4.16,Matchs
1186,Jorge Herrando,es ESP,DF,Osasuna,es La Liga,21,2001,0.3,10.0,16.7,60.0,150.0,23.3,3.33,10.0,33.3,6.67,6.67,100.0,0.00,0.00,,0.00,0.00,0.00,0.00,0.00,0.00,0.00,0.00,0.00,Matchs
1187,Ander Herrera,es ESP,MT,Athletic Club,es La Liga,32,1989,7.7,48.8,59.1,82.6,729.6,176.5,27.3,31.0,87.9,16.6,19.9,83.7,2.86,4.55,62.9,0.13,0.12,0.12,0.01,1.43,4.16,0.91,0.00,5.19,Matchs
1188,Sergio Herrera,es ESP,GB,Osasuna,es La Liga,29,1993,17.0,22.9,35.9,63.7,828.9,697.8,1.82,1.88,96.9,9.29,9.53,97.5,11.8,24.4,48.2,0.00,0.00,0.00,0.00,0.06,1.65,0.00,0.00,0.00,Matchs
1189,Yangel Herrera,ve VEN,"MT,AT",Girona,es La Liga,24,1998,10.7,31.0,39.1,79.4,464.5,117.9,17.4,19.3,90.3,10.2,12.5,81.3,2.24,4.11,54.5,0.19,0.09,0.09,0.09,01.03,2.90,0.93,0.19,4.30,Matchs
1190,Patrick Herrmann,de GER,"AT,MT",M'Gladbach,de Bundesliga,31,1991,1.8,47.2,67.8,69.7,733.9,246.7,25.6,27.8,92.0,16.1,22.2,72.5,3.33,10.6,31.6,0.00,0.28,0.33,-0.28,2.22,3.89,1.67,0.56,3.33,Matchs
1191,Son Heung-min,kr KOR,"MT,AT",Tottenham,eng Premier League,30,1992,32.1,21.2,28.3,74.8,290.2,78.1,12.8,14.9,86.0,5.95,7.76,76.7,1.12,2.80,40.0,0.19,0.20,0.14,-0.02,1.90,1.00,1.00,0.19,2.46,Matchs
1192,Aaron Hickey,sct SCO,DF,Brentford,eng Premier League,20,2002,21.3,32.6,39.3,82.9,516.2,154.1,17.5,19.3,90.8,12.4,14.6,85.5,2.16,3.76,57.5,0.05,0.02,0.03,0.03,0.28,2.91,0.61,0.19,3.80,Matchs
1193,Isak Hien,se SWE,DF,Hellas Verona,it Serie A,23,1999,29.0,26.7,35.6,75.2,554.2,213.1,7.10,9.28,76.6,15.5,18.3,84.4,3.72,6.31,59.0,0.00,0.00,0.01,-0.00,0.07,1.41,0.10,0.03,1.86,Matchs
1194,Omar El Hilali,ma MAR,"DF,MT",Espanyol,es La Liga,18,2003,1.0,21.0,35.0,60.0,356.0,128.0,8.00,12.0,66.7,13.0,17.0,76.5,0.00,5.00,0.0,0.00,0.00,0.00,0.00,1.00,0.00,0.00,0.00,0.00,Matchs
1195,Piero Hincapié,ec ECU,DF,Leverkusen,de Bundesliga,20,2002,27.3,54.2,65.9,82.3,875.2,279.2,27.6,30.1,91.7,22.4,25.9,86.4,3.41,7.29,46.7,0.04,0.04,0.04,0.00,0.37,2.42,0.22,0.11,03.04,Matchs
1196,Jack Hinshelwood,eng ENG,AT,Brighton,eng Premier League,17,2005,0.0,1,3,33.3,13,0,1,2,50.0,0,0,,0,0,,0,0.0,0.0,0.0,0,0,0,0,0,Matchs
1197,Morten Hjulmand,dk DEN,MT,Lecce,it Serie A,23,1999,32.9,31.6,40.3,78.5,598.8,189.3,13.0,15.7,82.9,13.7,15.8,86.8,4.19,6.84,61.3,0.12,0.06,0.05,0.06,0.79,4.62,0.58,0.15,4.83,Matchs
1198,Adam Hložek,cz CZE,"AT,MT",Leverkusen,de Bundesliga,20,2002,14.3,16.9,23.2,72.6,246.5,69.1,10.1,12.4,81.5,4.41,6.15,71.6,1.40,2.10,66.7,0.21,0.17,0.09,0.03,1.26,1.47,0.42,0.00,2.24,Matchs
1199,Joseph Hodge,ie IRL,MT,Wolves,eng Premier League,19,2002,1.9,42.1,52.6,80.0,650.5,204.7,24.7,26.8,92.2,12.6,14.2,88.9,2.63,4.21,62.5,0.00,0.05,0.00,-0.05,0.53,4.74,0.53,0.00,4.21,Matchs
1200,Nicolas Höfler,de GER,MT,Freiburg,de Bundesliga,32,1990,31.3,36.7,44.3,82.9,624.9,177.8,15.3,17.7,86.3,17.1,19.5,87.7,2.81,3.99,70.4,0.03,0.03,0.03,0.00,0.16,2.81,0.26,0.00,3.51,Matchs
Clt,Joueur,Nation,Pos,Équipe,Comp,Âge,Naissance,90,Cmp,Att,Cmp%,TotDist,DistBut,Cmp,Att,Cmp%,Cmp,Att,Cmp%,Cmp,Att,Cmp%,PD,xAG,xA,A-xAG,PC,1/3,PPA,CntSR,PrgP,Matchs
1201,Jonas Hofmann,de GER,"AT,MT",M'Gladbach,de Bundesliga,30,1992,29.8,38.6,51.8,74.5,666.3,216.2,18.6,21.2,87.4,13.9,17.0,81.5,4.50,9.26,48.6,0.30,0.37,0.37,-0.07,3.32,2.21,1.41,0.27,3.99,Matchs
1202,Philipp Hofmann,de GER,AT,Bochum,de Bundesliga,29,1993,29.2,14.8,25.4,58.3,201.8,47.3,9.21,14.3,64.4,4.45,8.22,54.2,0.51,0.82,62.5,0.07,0.09,0.11,-0.02,0.92,1.40,0.58,0.00,2.43,Matchs
1203,Rob Holding,eng ENG,DF,Arsenal,eng Premier League,26,1995,6.3,60.6,70.2,86.4,1189.5,428.7,22.4,24.1,92.8,30.3,32.9,92.3,7.30,11.0,66.7,0.00,0.00,0.02,0.00,0.00,3.65,0.16,0.00,3.81,Matchs
1204,Lucas Höler,de GER,"AT,MT",Freiburg,de Bundesliga,28,1994,16.7,18.8,28.9,65.0,252.6,54.0,11.3,15.5,72.6,5.45,8.32,65.5,0.90,1.38,65.2,0.12,0.11,0.12,0.01,0.78,1.32,0.66,0.06,1.98,Matchs
1205,Mason Holgate,eng ENG,DF,Everton,eng Premier League,25,1996,5.6,25.5,38.8,65.9,507.7,148.4,9.11,11.3,81.0,12.3,15.5,79.3,3.75,10.4,36.2,0.00,0.07,0.04,-0.07,01.07,2.14,0.54,0.18,2.50,Matchs
1206,Emil Holm,se SWE,DF,Spezia,it Serie A,22,2000,15.5,22.1,37.0,59.7,334.3,110.1,11.5,15.9,72.4,8.19,13.2,62.3,1.10,04.06,27.0,0.06,0.08,0.07,-0.02,0.84,1.94,0.77,0.32,2.58,Matchs
1207,Noah Holm,no NOR,"AT,MT",Reims,fr Ligue 1,21,2001,2.2,12.3,20.0,61.4,183.6,36.4,7.27,9.55,76.2,04.09,6.36,64.3,0.45,1.82,25.0,0.00,0.14,0.05,-0.14,1.36,1.36,0.45,0.00,0.91,Matchs
1208,Gerrit Holtmann,ph PHI,"AT,MT",Bochum,de Bundesliga,27,1995,10.5,14.8,25.7,57.4,191.1,49.4,9.90,12.6,78.8,3.33,6.29,53.0,0.67,2.48,26.9,0.10,0.08,0.08,0.02,0.95,0.48,0.76,0.38,0.76,Matchs
1209,Martin Hongla,cm CMR,MT,Hellas Verona,it Serie A,24,1998,5.8,28.6,36.6,78.3,558.4,171.0,10.7,12.8,83.8,12.9,15.3,84.3,4.14,07.07,58.5,0.00,0.05,0.07,-0.05,0.52,3.10,0.34,0.17,4.14,Matchs
1210,Martin Hongla,cm CMR,"DF,MT",Valladolid,es La Liga,24,1998,14.5,35.9,43.7,82.0,775.3,227.2,10.1,11.9,85.5,18.3,19.7,93.0,6.76,10.4,64.9,0.00,0.02,0.02,-0.02,0.14,2.28,0.28,0.07,3.45,Matchs
1211,Franck Honorat,fr FRA,"AT,MT",Brest,fr Ligue 1,25,1996,28.2,24.5,37.0,66.3,425.1,130.5,11.7,15.2,76.7,8.37,11.6,72.4,03.09,7.13,43.3,0.18,0.33,0.27,-0.16,3.16,1.42,1.74,0.92,2.48,Matchs
1212,Jannes Horn,de GER,"DF,AT",Bochum,de Bundesliga,25,1997,0.7,21.4,27.1,78.9,301.4,171.4,8.57,10.0,85.7,8.57,10.0,85.7,0.00,0.00,,0.00,0.00,0.00,0.00,0.00,0.00,0.00,0.00,0.00,Matchs
1213,Cédric Hountondji,bj BEN,DF,Angers,fr Ligue 1,28,1994,34.4,36.4,42.0,86.5,711.0,251.7,11.8,12.9,91.7,20.5,22.3,91.7,3.69,5.87,62.9,0.00,0.01,0.02,-0.01,0.12,1.45,0.09,0.00,2.44,Matchs
1214,Ilyes Housni,fr FRA,AT,Paris S-G,fr Ligue 1,17,2005,0.1,30.0,30.0,100.0,370.0,0.00,20.0,20.0,100.0,10.0,10.0,100.0,0.00,0.00,,0.00,0.00,0.00,0.00,0.00,0.00,0.00,0.00,0.00,Matchs
1215,Lukáš Hrádecký,fi FIN,GB,Leverkusen,de Bundesliga,32,1989,33.0,24.0,33.4,71.9,627.1,452.8,5.24,5.33,98.3,11.4,11.7,97.9,7.21,16.2,44.5,0.00,0.00,0.00,0.00,0.00,0.30,0.03,0.00,0.00,Matchs
1216,Petko Hristov,bg BUL,DF,Spezia,it Serie A,23,1999,4.1,39.0,50.5,77.3,647.1,243.2,20.0,22.0,91.1,15.6,19.3,81.0,2.68,07.07,37.9,0.00,0.00,0.02,0.00,0.00,2.68,0.49,0.24,1.95,Matchs
1217,Ajdin Hrustic,au AUS,MT,Hellas Verona,it Serie A,26,1996,2.5,30.0,37.6,79.8,427.6,136.4,16.0,16.8,95.2,10.0,13.2,75.8,1.60,2.80,57.1,0.00,0.24,0.24,-0.24,1.20,0.40,2.00,0.40,3.20,Matchs
1218,Timo Hübers,de GER,DF,Köln,de Bundesliga,26,1996,28.4,49.3,59.9,82.3,1016.0,336.3,11.8,13.4,87.7,32.0,35.6,89.9,5.25,9.65,54.4,0.00,0.00,0.02,-0.00,0.07,2.11,0.14,0.00,2.96,Matchs
1219,Callum Hudson-Odoi,eng ENG,"AT,MT",Leverkusen,de Bundesliga,21,2000,6.7,30.7,37.0,83.1,511.5,116.7,17.0,19.1,89.1,10.0,11.6,85.9,3.28,4.48,73.3,0.15,0.12,0.13,0.03,1.94,2.69,01.04,0.15,4.63,Matchs
1220,Will Hughes,eng ENG,MT,Crystal Palace,eng Premier League,27,1995,9.4,31.5,39.7,79.4,442.7,123.2,18.7,21.4,87.6,10.4,12.9,81.0,1.28,2.66,48.0,0.11,0.10,0.07,0.01,0.64,03.09,0.64,0.00,3.40,Matchs
1221,Mats Hummels,de GER,DF,Dortmund,de Bundesliga,33,1988,22.4,65.5,74.9,87.5,1404.6,472.6,18.0,20.0,90.2,35.7,37.5,95.1,11.0,15.1,73.1,0.00,0.05,0.06,-0.05,0.54,4.46,0.45,0.13,05.09,Matchs
1222,Adrien Hunou,fr FRA,"MT,AT",Angers,fr Ligue 1,28,1994,24.8,23.1,30.4,76.0,340.4,80.8,11.6,14.6,79.1,09.07,10.8,84.0,0.97,1.90,51.1,0.04,0.09,0.04,-0.05,0.73,1.53,0.48,0.04,2.50,Matchs
1223,Denis Huseinbasic,de GER,"MT,AT",Köln,de Bundesliga,21,2001,8.8,24.5,32.0,76.6,355.1,89.7,14.7,17.3,84.9,7.39,8.86,83.3,1.48,2.50,59.1,0.11,0.03,0.07,0.08,0.57,2.61,0.68,0.00,3.86,Matchs
1224,Omari Hutchinson,eng ENG,AT,Chelsea,eng Premier League,18,2003,0.3,30.0,43.3,69.2,413.3,30.0,23.3,26.7,87.5,3.33,3.33,100.0,3.33,6.67,50.0,0.00,0.00,0.33,0.00,3.33,0.00,0.00,0.00,0.00,Matchs
1225,Elseid Hysaj,al ALB,DF,Lazio,it Serie A,28,1994,22.2,53.4,63.0,84.8,794.1,316.6,30.1,32.2,93.6,18.9,21.9,86.2,2.70,5.14,52.6,0.05,0.05,0.05,-0.00,0.59,4.55,0.68,0.27,4.64,Matchs
Clt,Joueur,Nation,Pos,Équipe,Comp,Âge,Naissance,90,Cmp,Att,Cmp%,TotDist,DistBut,Cmp,Att,Cmp%,Cmp,Att,Cmp%,Cmp,Att,Cmp%,PD,xAG,xA,A-xAG,PC,1/3,PPA,CntSR,PrgP,Matchs
1226,Pierre Højbjerg,dk DEN,MT,Tottenham,eng Premier League,26,1995,34.8,58.1,65.9,88.2,1043.8,278.9,25.8,27.9,92.5,23.4,25.7,90.9,6.95,09.02,77.1,0.14,0.09,0.09,0.05,0.86,5.95,01.01,0.14,6.75,Matchs
1227,Rasmus Højlund,dk DEN,AT,Atalanta,it Serie A,19,2003,20.4,15.6,21.3,73.1,199.9,28.1,9.80,12.6,77.8,3.68,4.75,77.3,0.78,0.88,88.9,0.10,0.12,0.09,-0.02,1.18,1.13,0.54,0.05,1.81,Matchs
1228,Iago,br BRA,"DF,MT",Augsburg,de Bundesliga,25,1997,17.8,25.2,40.7,61.9,456.9,234.7,10.2,12.9,79.5,11.5,18.1,63.5,2.92,6.63,44.1,0.11,0.06,0.10,0.05,0.56,1.85,0.96,0.39,2.98,Matchs
1229,Pablo Ibáñez,es ESP,MT,Osasuna,es La Liga,23,1998,11.8,23.7,32.7,72.5,399.7,123.6,12.0,14.4,83.5,9.66,12.1,79.7,1.69,3.22,52.6,0.08,0.07,0.02,0.02,0.93,2.88,0.34,0.00,5.00,Matchs
1230,Roger Ibanez,br BRA,DF,Roma,it Serie A,23,1998,31.1,47.0,53.5,87.9,870.5,308.3,17.8,19.5,91.3,24.0,25.7,93.4,4.69,6.85,68.5,0.00,0.02,0.03,-0.02,0.19,2.28,0.13,0.00,2.48,Matchs
1231,Arijon Ibrahimović,de GER,MT,Bayern Munich,de Bundesliga,16,2005,0.2,35.0,40.0,87.5,600.0,45.0,20.0,20.0,100.0,10.0,15.0,66.7,5.00,5.00,100.0,0.00,0.50,0.00,-0.50,5.00,0.00,0.00,0.00,0.00,Matchs
1232,Zlatan Ibrahimović,se SWE,AT,Milan,it Serie A,40,1981,1.6,22.5,31.9,70.6,323.1,63.8,13.8,19.4,71.0,6.25,8.13,76.9,1.25,1.25,100.0,0.00,0.13,0.06,-0.13,0.63,1.88,1.25,0.00,2.50,Matchs
1233,Mounaim El Idrissy,fr FRA,AT,Ajaccio,fr Ligue 1,23,1999,27.7,14.9,22.5,66.4,189.5,35.6,9.71,13.4,72.3,3.47,5.31,65.3,0.47,0.94,50.0,0.00,0.04,0.03,-0.04,0.47,1.19,0.32,0.04,1.44,Matchs
1234,Antonio Iervolino,it ITA,MT,Salernitana,it Serie A,19,2003,0.1,60.0,70.0,85.7,1610.0,310.0,20.0,20.0,100.0,20.0,30.0,66.7,20.0,20.0,100.0,0.00,0.00,0.00,0.00,0.00,10.0,10.0,0.00,20.0,Matchs
1235,Iglesias,es ESP,"DF,MT",Getafe,es La Liga,24,1998,23.8,23.4,40.0,58.6,425.5,190.1,10.4,13.0,80.0,9.54,15.0,63.8,2.94,9.45,31.1,0.00,0.04,0.06,-0.04,0.55,1.72,01.01,0.63,2.10,Matchs
1236,Borja Iglesias,es ESP,AT,Betis,es La Liga,29,1993,26.3,15.1,19.8,76.1,183.2,26.3,9.89,12.2,81.3,2.78,3.69,75.3,0.72,0.84,86.4,0.11,0.11,0.08,0.01,0.84,0.49,0.53,0.00,1.25,Matchs
1237,Igor,br BRA,DF,Fiorentina,it Serie A,24,1998,22.9,50.9,57.8,88.0,1043.7,330.0,14.1,15.0,93.9,30.0,32.0,93.6,6.29,9.30,67.6,0.00,0.01,0.01,-0.01,0.13,3.36,0.09,0.00,3.32,Matchs
1238,Kelechi Iheanacho,ng NGA,"AT,MT",Leicester City,eng Premier League,25,1996,12.5,18.9,25.3,74.7,243.9,48.2,12.5,15.1,82.5,4.32,5.36,80.6,0.88,1.76,50.0,0.40,0.32,0.14,0.08,1.76,1.68,0.64,0.00,2.16,Matchs
1239,Jonathan Ikone,fr FRA,AT,Fiorentina,it Serie A,24,1998,22.3,24.5,30.0,81.6,413.3,81.2,12.7,14.1,90.1,8.65,10.5,82.1,2.47,3.18,77.5,0.18,0.17,0.16,0.01,1.30,01.08,1.21,0.13,3.00,Matchs
1240,Ivan Ilić,rs SRB,MT,Hellas Verona,it Serie A,21,2001,9.5,29.4,42.2,69.6,537.6,150.7,11.9,14.5,81.9,13.5,17.7,76.2,03.05,6.95,43.9,0.11,0.11,0.11,0.00,1.68,2.00,01.05,0.11,4.11,Matchs
1241,Ivan Ilić,rs SRB,MT,Torino,it Serie A,21,2001,13.1,54.4,62.9,86.5,886.2,206.9,25.8,28.0,92.1,23.7,26.6,89.4,3.13,5.27,59.4,0.15,0.08,0.11,0.07,0.99,05.04,0.92,0.31,05.04,Matchs
1242,Rareş Ilie,ro ROU,"MT,AT",Nice,fr Ligue 1,19,2003,1.6,29.4,37.5,78.3,349.4,56.9,20.0,23.1,86.5,5.00,6.88,72.7,1.25,1.88,66.7,0.00,0.13,0.00,-0.13,1.25,1.25,0.00,0.00,0.63,Matchs
1243,Samuel Iling-Junior,eng ENG,"DF,AT",Juventus,it Serie A,18,2003,3.5,27.4,35.1,78.0,380.6,147.4,16.6,19.4,85.3,9.14,11.4,80.0,0.57,2.29,25.0,0.29,0.06,0.11,0.23,1.43,2.86,2.00,0.57,5.14,Matchs
1244,Emirhan İlkhan,tr TUR,MT,Torino,it Serie A,18,2004,1.0,36.0,43.0,83.7,671.0,140.0,16.0,19.0,84.2,12.0,13.0,92.3,7.00,9.00,77.8,0.00,0.10,0.00,-0.10,1.00,6.00,2.00,0.00,8.00,Matchs
1245,Emirhan İlkhan,tr TUR,MT,Sampdoria,it Serie A,18,2004,1.3,40.8,48.5,84.1,680.8,217.7,23.1,26.9,85.7,11.5,11.5,100.0,4.62,6.15,75.0,0.00,0.08,0.08,-0.08,0.77,5.38,0.77,0.00,3.85,Matchs
1246,Asier Illarramendi,es ESP,MT,Real Sociedad,es La Liga,32,1990,12.0,45.4,53.3,85.2,691.3,169.6,24.8,27.4,90.3,16.5,18.3,90.0,2.67,04.08,65.3,0.00,0.03,0.03,-0.03,0.83,4.42,0.25,0.08,4.00,Matchs
1247,Ciro Immobile,it ITA,AT,Lazio,it Serie A,32,1990,24.7,19.1,25.5,75.0,244.9,39.0,11.9,14.4,82.9,4.86,6.32,76.9,0.77,01.05,73.1,0.20,0.08,0.06,0.13,01.05,0.77,0.45,0.00,1.74,Matchs
1248,Danny Ings,eng ENG,AT,West Ham,eng Premier League,30,1992,8.6,10.7,17.2,62.2,129.2,35.1,7.21,10.3,69.7,1.74,2.67,65.2,0.58,1.51,38.5,0.23,0.12,0.10,0.12,0.70,1.28,0.23,0.00,1.40,Matchs
1249,Danny Ings,eng ENG,AT,Aston Villa,eng Premier League,30,1992,9.2,12.4,17.6,70.4,149.0,31.4,8.26,10.5,78.4,2.93,3.70,79.4,0.33,1.30,25.0,0.00,0.13,0.07,-0.13,0.98,0.76,0.43,0.00,1.30,Matchs
1250,Marcus Ingvartsen,dk DEN,"AT,MT",Mainz 05,de Bundesliga,26,1996,14.6,15.8,24.0,66.0,218.7,50.3,9.11,12.7,71.5,5.48,7.67,71.4,0.41,0.75,54.5,0.00,0.05,0.05,-0.05,0.41,1.16,0.41,0.07,02.05,Matchs
Clt,Joueur,Nation,Pos,Équipe,Comp,Âge,Naissance,90,Cmp,Att,Cmp%,TotDist,DistBut,Cmp,Att,Cmp%,Cmp,Att,Cmp%,Cmp,Att,Cmp%,PD,xAG,xA,A-xAG,PC,1/3,PPA,CntSR,PrgP,Matchs
1251,Bonke Innocent,ng NGA,MT,Lorient,fr Ligue 1,26,1996,13.1,39.3,44.0,89.3,619.1,151.5,18.7,20.5,91.4,16.1,17.6,91.7,2.37,3.28,72.1,0.08,0.02,0.02,0.05,0.38,2.29,0.08,0.00,2.37,Matchs
1252,Alexander Isak,se SWE,AT,Newcastle Utd,eng Premier League,22,1999,16.9,16.5,21.8,75.8,254.0,57.8,8.93,11.4,78.6,5.15,6.27,82.1,1.48,1.66,89.3,0.06,0.13,0.08,-0.07,0.95,1.72,0.89,0.00,2.84,Matchs
1253,Alexander Isak,se SWE,AT,Real Sociedad,es La Liga,22,1999,1.7,10.0,17.6,56.7,138.8,35.3,6.47,8.24,78.6,3.53,5.29,66.7,0.00,1.18,0.0,0.00,0.06,0.00,-0.06,1.18,0.00,0.59,0.00,1.76,Matchs
1254,Isco,es ESP,"MT,AT",Sevilla,es La Liga,30,1992,8.9,38.9,46.9,83.0,597.2,150.2,21.6,23.7,91.0,12.2,13.9,87.9,03.03,5.62,54.0,0.22,0.19,0.12,0.03,1.91,05.06,0.90,0.00,4.16,Matchs
1255,Ismaily,br BRA,DF,Lille,fr Ligue 1,32,1990,19.8,47.4,58.2,81.4,661.1,221.4,28.8,32.8,87.7,16.0,19.0,84.3,1.16,2.73,42.6,0.05,0.12,0.11,-0.07,01.01,3.38,0.71,0.05,4.80,Matchs
1256,Ardian Ismajli,al ALB,DF,Empoli,it Serie A,25,1996,23.3,37.4,44.2,84.6,737.2,246.4,11.7,12.7,92.5,21.6,24.1,89.7,3.73,06.05,61.7,0.00,0.01,0.02,-0.01,0.21,1.12,0.13,0.00,1.80,Matchs
1257,Ko Itakura,jp JPN,DF,M'Gladbach,de Bundesliga,25,1997,22.0,64.7,71.3,90.8,1170.8,399.2,22.9,24.1,95.1,38.1,40.3,94.6,3.41,5.77,59.1,0.09,0.02,0.03,0.07,0.18,03.09,0.23,0.00,2.68,Matchs
1258,Hiroki Ito,jp JPN,DF,Stuttgart,de Bundesliga,23,1999,28.5,59.9,73.7,81.3,1251.4,454.2,19.8,22.1,89.4,31.1,34.5,90.0,8.63,15.2,56.9,0.04,0.07,0.10,-0.04,0.70,4.98,0.39,0.07,5.54,Matchs
1259,Junya Ito,jp JPN,AT,Reims,fr Ligue 1,29,1993,32.4,21.9,34.7,62.9,346.8,133.9,11.2,14.8,75.8,7.81,12.1,64.5,1.82,4.66,39.1,0.15,0.25,0.28,-0.09,02.01,2.10,2.25,0.65,4.35,Matchs
1260,Diego Iturralde,es ESP,DF,Sevilla,es La Liga,19,2003,0.5,16.0,26.0,61.5,226.0,90.0,10.0,10.0,100.0,6.00,10.0,60.0,0.00,4.00,0.0,0.00,0.00,0.00,0.00,0.00,0.00,0.00,0.00,0.00,Matchs
1261,Andreas Ivan,ro ROU,MT,Schalke 04,de Bundesliga,27,1995,0.5,18.0,22.0,81.8,200.0,84.0,14.0,14.0,100.0,2.00,2.00,100.0,0.00,0.00,,0.00,0.00,0.00,0.00,0.00,4.00,0.00,0.00,4.00,Matchs
1262,Mihailo Ivanović,rs SRB,AT,Sampdoria,it Serie A,17,2004,0.0,0,0,,0,0,0,0,,0,0,,0,0,,0,0.0,0.0,0.0,0,0,0,0,0,Matchs
1263,Daniel Iversen,dk DEN,GB,Leicester City,eng Premier League,25,1997,12.0,17.7,31.4,56.2,450.7,313.4,5.42,5.42,100.0,7.75,7.92,97.9,4.42,17.8,24.9,0.00,0.00,0.00,0.00,0.00,0.50,0.00,0.00,0.00,Matchs
1264,Alex Iwobi,ng NGA,"MT,AT",Everton,eng Premier League,26,1996,37.5,30.8,41.0,75.1,536.1,175.2,14.6,17.3,84.4,11.6,14.8,78.4,3.52,5.87,60.0,0.19,0.16,0.11,0.02,1.71,3.57,1.68,0.45,5.17,Matchs
1265,Armando Izzo,it ITA,DF,Monza,it Serie A,30,1992,27.4,50.7,58.3,87.0,925.0,289.3,19.8,21.3,93.1,25.1,27.6,91.0,4.78,7.77,61.5,0.00,0.03,0.03,-0.03,0.55,3.10,0.26,0.07,3.50,Matchs
1266,Nicolas Jackson,sn SEN,AT,Villarreal,es La Liga,21,2001,17.8,13.8,18.3,75.7,193.3,39.9,08.03,10.3,78.1,3.88,4.72,82.1,0.73,0.84,86.7,0.22,0.17,0.11,0.05,1.18,1.40,0.51,0.00,2.25,Matchs
1267,Lee Jae-sung,kr KOR,MT,Mainz 05,de Bundesliga,29,1992,21.0,26.9,37.4,71.8,404.3,100.1,14.2,17.7,80.3,9.43,12.1,77.6,1.76,3.71,47.4,0.24,0.13,0.17,0.10,1.29,2.10,1.24,0.33,3.29,Matchs
1268,Paul Jaeckel,de GER,DF,Union Berlin,de Bundesliga,24,1998,13.3,38.1,46.8,81.5,761.9,297.0,12.6,13.6,92.3,20.3,22.3,90.9,4.81,9.40,51.2,0.00,0.00,0.06,0.00,0.08,4.14,0.30,0.08,03.08,Matchs
1269,Mato Jajalo,ba BIH,MT,Udinese,it Serie A,34,1988,0.7,32.9,41.4,79.3,572.9,237.1,14.3,18.6,76.9,12.9,12.9,100.0,4.29,5.71,75.0,0.00,0.00,0.14,0.00,1.43,1.43,1.43,0.00,5.71,Matchs
1270,Kristijan Jakić,hr CRO,"DF,MT",Eint Frankfurt,de Bundesliga,25,1997,16.2,45.7,58.9,77.7,805.1,327.8,19.6,22.8,85.7,21.9,25.7,84.9,3.58,7.53,47.5,0.00,0.04,0.06,-0.04,0.43,2.41,0.49,0.12,3.64,Matchs
1271,Ismail Jakobs,sn SEN,"DF,AT",Monaco,fr Ligue 1,22,1999,12.4,34.1,52.9,64.5,503.7,174.0,18.6,24.2,77.0,11.1,17.3,64.5,2.10,6.29,33.3,0.16,0.12,0.11,0.04,0.97,2.90,1.45,0.81,3.71,Matchs
1272,Marin Jakoliš,hr CRO,AT,Angers,fr Ligue 1,25,1996,0.3,13.3,23.3,57.1,210.0,103.3,3.33,3.33,100.0,10.0,16.7,60.0,0.00,3.33,0.0,0.00,0.00,0.67,0.00,0.00,3.33,0.00,0.00,10.0,Matchs
1273,Daniel James,wls WAL,AT,Leeds United,eng Premier League,24,1997,2.2,10.9,18.2,60.0,116.4,30.0,8.18,10.0,81.8,2.27,4.55,50.0,0.00,1.36,0.0,0.00,0.14,0.14,-0.14,0.45,0.45,1.36,0.45,1.36,Matchs
1274,Daniel James,wls WAL,AT,Fulham,eng Premier League,24,1997,6.9,17.4,27.0,64.5,228.3,45.7,11.6,14.1,82.5,3.91,6.38,61.4,0.58,1.88,30.8,0.14,0.10,0.07,0.04,01.01,0.29,1.16,0.43,2.17,Matchs
1275,Reece James,eng ENG,"DF,MT",Chelsea,eng Premier League,22,1999,13.8,64.6,76.2,84.8,1039.5,298.5,33.9,36.2,93.8,24.4,28.6,85.3,4.86,7.90,61.5,0.07,0.22,0.21,-0.14,1.52,4.35,1.74,0.43,6.52,Matchs
Clt,Joueur,Nation,Pos,Équipe,Comp,Âge,Naissance,90,Cmp,Att,Cmp%,TotDist,DistBut,Cmp,Att,Cmp%,Cmp,Att,Cmp%,Cmp,Att,Cmp%,PD,xAG,xA,A-xAG,PC,1/3,PPA,CntSR,PrgP,Matchs
1276,Vitaly Janelt,de GER,"MT,DF",Brentford,eng Premier League,24,1998,24.5,33.1,41.6,79.6,577.7,158.9,16.8,19.0,88.2,12.2,14.7,82.8,3.67,5.67,64.7,0.04,0.06,0.06,-0.02,0.65,03.06,0.78,0.33,3.35,Matchs
1277,Saidy Janko,gm GAM,DF,Bochum,de Bundesliga,26,1995,12.6,24.8,35.8,69.2,432.1,120.2,11.6,14.6,79.3,10.1,14.2,70.9,2.70,5.16,52.3,0.00,0.01,0.02,-0.01,0.16,02.06,0.24,0.00,2.30,Matchs
1278,Pontus Jansson,se SWE,DF,Brentford,eng Premier League,31,1991,8.0,32.1,40.1,80.1,625.5,217.3,10.1,12.3,82.7,18.4,20.9,88.0,3.50,5.63,62.2,0.00,0.00,0.01,0.00,0.00,1.38,0.00,0.00,1.75,Matchs
1279,Tony Jantschke,de GER,"DF,MT",M'Gladbach,de Bundesliga,32,1990,1.1,71.8,78.2,91.9,1320.9,398.2,23.6,24.5,96.3,40.9,43.6,93.8,6.36,09.09,70.0,0.00,0.00,0.00,0.00,0.00,0.91,0.00,0.00,1.82,Matchs
1280,Adnan Januzaj,be BEL,AT,Sevilla,es La Liga,27,1995,0.5,30.0,48.0,62.5,458.0,70.0,20.0,24.0,83.3,8.00,10.0,80.0,2.00,6.00,33.3,0.00,0.00,0.00,0.00,0.00,0.00,0.00,0.00,2.00,Matchs
1281,Léo Jardim,br BRA,GB,Lille,fr Ligue 1,27,1995,6.0,20.3,25.7,79.2,413.7,311.5,6.83,6.83,100.0,10.7,10.7,100.0,2.50,7.67,32.6,0.00,0.00,0.00,0.00,0.00,0.00,0.00,0.00,0.00,Matchs
1282,Luis Javier Suárez,co COL,AT,Almería,es La Liga,24,1997,16.6,16.0,23.3,68.9,240.4,41.4,9.22,11.8,78.1,4.52,6.63,68.2,1.45,2.77,52.2,0.24,0.13,0.09,0.11,0.78,1.27,0.12,0.06,1.57,Matchs
1283,Luis Javier Suárez,co COL,AT,Marseille,fr Ligue 1,24,1997,3.3,16.1,23.6,67.9,273.9,79.7,7.88,11.8,66.7,6.36,8.18,77.8,1.21,1.21,100.0,0.30,0.12,0.06,0.18,0.91,2.42,1.21,0.00,3.33,Matchs
1284,Dany Jean,ht HAI,"DF,MT",Strasbourg,fr Ligue 1,19,2002,0.1,40.0,90.0,44.4,460.0,260.0,20.0,50.0,40.0,10.0,30.0,33.3,0.00,0.00,,0.00,0.00,1.00,0.00,10.0,0.00,10.0,0.00,20.0,Matchs
1285,Julian Jeanvier,gn GUI,DF,Auxerre,fr Ligue 1,30,1992,19.6,33.3,40.4,82.4,662.9,228.8,11.2,13.3,84.6,16.7,18.6,90.1,4.59,7.30,62.9,0.00,0.00,0.01,0.00,0.05,1.12,0.00,0.00,1.38,Matchs
1286,Jefferson,br BRA,AT,Lyon,fr Ligue 1,22,1999,5.0,29.2,34.6,84.4,360.4,79.8,19.6,21.4,91.6,7.20,8.60,83.7,0.20,0.20,100.0,0.00,0.10,0.14,-0.10,1.40,2.20,0.80,0.00,2.00,Matchs
1287,Fredrik Jensen,fi FIN,"AT,MT",Augsburg,de Bundesliga,24,1997,10.3,15.5,28.8,53.9,289.1,104.2,7.28,10.1,72.1,5.44,10.0,54.4,2.33,5.53,42.1,0.10,0.14,0.16,-0.04,1.26,2.14,01.07,0.19,2.33,Matchs
1288,Mathias Jensen,dk DEN,MT,Brentford,eng Premier League,26,1996,31.1,35.0,50.4,69.5,696.6,271.9,15.1,18.0,84.3,12.8,17.8,71.7,6.14,12.0,51.3,0.19,0.16,0.15,0.03,1.54,3.76,1.22,0.51,4.53,Matchs
1289,Moritz Jenz,de GER,DF,Schalke 04,de Bundesliga,23,1999,10.5,35.6,46.6,76.5,795.2,322.6,9.81,12.0,81.7,19.1,22.0,87.0,6.57,11.5,57.0,0.00,0.00,0.02,0.00,0.10,1.90,0.19,0.10,1.71,Matchs
1290,Jesé,es ESP,AT,Sampdoria,it Serie A,29,1993,2.3,20.4,28.3,72.3,307.0,37.8,11.3,13.0,86.7,6.96,9.13,76.2,1.30,1.74,75.0,0.43,0.22,0.17,0.22,0.87,0.00,0.00,0.00,0.43,Matchs
1291,Gabriel Jesus,br BRA,AT,Arsenal,eng Premier League,25,1997,22.9,24.5,30.5,80.3,372.3,71.8,13.0,15.2,85.1,9.00,10.2,88.0,1.22,1.97,62.2,0.26,0.17,0.13,0.09,1.35,1.35,0.96,0.09,2.79,Matchs
1292,Juan Jesus,br BRA,DF,Napoli,it Serie A,31,1991,10.4,64.3,71.3,90.2,1168.4,409.2,24.2,25.5,95.1,34.2,37.2,92.0,4.81,6.44,74.6,0.00,0.01,0.03,-0.01,0.19,4.33,0.10,0.00,5.29,Matchs
1293,Raúl Jiménez,mx MEX,AT,Wolves,eng Premier League,31,1991,9.4,14.9,21.1,70.7,205.6,37.1,9.15,11.6,78.9,3.72,5.32,70.0,01.06,1.91,55.6,0.11,0.18,0.06,-0.07,0.85,0.85,0.74,0.11,1.49,Matchs
1294,Joaquín,es ESP,"MT,AT",Betis,es La Liga,41,1981,5.5,46.9,58.9,79.6,647.5,168.7,28.9,31.8,90.9,13.5,16.5,81.3,2.18,5.64,38.7,0.36,0.33,0.33,0.04,3.82,2.73,2.00,0.55,4.73,Matchs
1295,Joelinton,br BRA,"MT,AT",Newcastle Utd,eng Premier League,25,1996,29.6,35.0,42.8,81.6,512.8,135.6,19.6,22.6,87.0,11.4,13.2,86.7,1.99,2.53,78.7,0.03,0.08,0.06,-0.05,0.88,2.64,0.71,0.10,4.39,Matchs
1296,Þórir Jóhann Helgason,is ISL,MT,Lecce,it Serie A,21,2000,2.5,22.0,30.0,73.3,386.8,145.2,10.4,13.6,76.5,7.60,8.80,86.4,3.20,6.00,53.3,0.00,0.16,0.12,-0.16,1.60,0.80,0.00,0.00,0.80,Matchs
1297,Ben Johnson,eng ENG,DF,West Ham,eng Premier League,22,2000,9.6,41.1,55.7,73.8,724.8,260.0,18.4,21.0,87.6,18.2,22.6,80.6,3.65,8.85,41.2,0.00,0.02,0.04,-0.02,0.31,2.81,01.04,0.52,3.85,Matchs
1298,Brennan Johnson,wls WAL,"AT,MT",Nott'ham Forest,eng Premier League,21,2001,32.6,8.93,15.5,57.6,129.4,24.8,4.75,6.84,69.5,3.16,5.43,58.2,0.46,01.04,44.1,0.09,0.10,0.06,-0.01,0.86,0.37,0.55,0.18,0.92,Matchs
1299,Sam Johnstone,eng ENG,GB,Crystal Palace,eng Premier League,29,1993,9.0,23.0,31.1,73.9,582.1,375.8,4.56,4.56,100.0,13.0,13.1,99.2,5.44,13.3,40.8,0.00,0.00,0.00,0.00,0.00,0.33,0.00,0.00,0.00,Matchs
1300,Paul Joly,fr FRA,DF,Auxerre,fr Ligue 1,22,2000,9.6,53.5,67.9,78.8,1004.3,351.3,22.7,25.7,88.3,20.9,24.7,84.8,7.81,13.2,59.1,0.00,0.03,0.06,-0.03,0.73,3.54,1.35,0.83,4.27,Matchs
Clt,Joueur,Nation,Pos,Équipe,Comp,Âge,Naissance,90,Cmp,Att,Cmp%,TotDist,DistBut,Cmp,Att,Cmp%,Cmp,Att,Cmp%,Cmp,Att,Cmp%,PD,xAG,xA,A-xAG,PC,1/3,PPA,CntSR,PrgP,Matchs
1301,Curtis Jones,eng ENG,MT,Liverpool,eng Premier League,21,2001,11.5,53.1,58.9,90.3,796.5,164.8,29.0,30.9,94.1,20.3,21.7,93.2,2.17,2.78,78.1,0.09,0.10,0.12,-0.01,1.22,4.61,1.22,0.09,6.00,Matchs
1302,Frenkie de Jong,nl NED,MT,Barcelona,es La Liga,25,1997,28.2,74.1,82.3,90.0,1184.8,375.5,39.8,42.1,94.5,27.7,30.1,92.1,5.11,6.60,77.4,0.14,0.15,0.22,-0.01,1.60,8.87,02.09,0.25,9.89,Matchs
1303,Joan Jordán,es ESP,MT,Sevilla,es La Liga,28,1994,17.7,54.4,62.3,87.4,962.1,280.8,26.7,28.9,92.6,20.2,22.4,89.9,6.38,8.36,76.4,0.06,0.03,0.05,0.02,0.45,7.57,0.34,0.00,6.95,Matchs
1304,Jorginho,it ITA,MT,Arsenal,eng Premier League,30,1991,9.5,67.5,77.5,87.1,1137.8,319.1,29.4,32.7,89.7,32.1,35.2,91.3,4.32,6.42,67.2,0.11,0.02,0.06,0.08,0.53,8.84,1.26,0.00,10.4,Matchs
1305,Jorginho,it ITA,MT,Chelsea,eng Premier League,30,1991,14.2,52.7,62.3,84.7,844.4,247.0,26.7,29.6,90.0,21.2,24.5,86.5,3.59,5.21,68.9,0.00,0.03,0.03,-0.03,0.49,6.13,0.63,0.00,5.63,Matchs
1306,Josan,es ESP,"DF,MT",Elche,es La Liga,32,1989,12.0,35.3,44.9,78.7,583.6,205.9,18.8,21.0,89.7,12.3,15.3,80.3,3.17,06.08,52.1,0.25,0.13,0.05,0.12,1.25,2.42,01.08,0.67,3.25,Matchs
1307,Willian José,br BRA,AT,Betis,es La Liga,30,1991,8.1,25.4,32.8,77.4,342.1,55.1,14.6,16.9,86.1,8.27,10.4,79.8,0.99,1.85,53.3,0.12,0.16,0.06,-0.04,0.99,0.49,0.37,0.00,1.73,Matchs
1308,Joselu,es ESP,AT,Espanyol,es La Liga,32,1990,33.2,13.8,22.9,60.3,196.9,42.7,8.34,12.2,68.2,3.80,6.66,57.0,0.81,1.60,50.9,0.06,0.07,0.06,-0.01,0.66,1.23,0.36,0.03,1.99,Matchs
1309,Mateo Joseph,eng ENG,"AT,MT",Leeds United,eng Premier League,18,2003,0.3,6.67,10.0,66.7,43.3,0.00,3.33,6.67,50.0,0.00,0.00,,0.00,0.00,,0.00,0.00,0.00,0.00,0.00,0.00,0.00,0.00,0.00,Matchs
1310,Diogo Jota,pt POR,AT,Liverpool,eng Premier League,25,1996,12.6,22.7,30.2,75.1,307.0,70.3,13.7,17.1,79.6,6.90,8.65,79.8,0.79,1.59,50.0,0.32,0.17,0.13,0.15,1.35,2.22,0.63,0.16,2.38,Matchs
1311,Stevan Jovetić,me MNE,"AT,MT",Hertha BSC,de Bundesliga,32,1989,9.9,20.2,31.9,63.3,341.5,135.3,10.2,14.5,70.1,6.16,10.1,61.0,2.42,3.23,75.0,0.20,0.11,0.10,0.09,1.41,3.74,0.91,0.20,04.04,Matchs
1312,Luka Jović,rs SRB,"AT,MT",Fiorentina,it Serie A,24,1997,17.0,13.4,17.5,76.8,212.2,36.1,6.94,8.35,83.1,4.82,6.29,76.6,01.06,1.41,75.0,0.18,0.09,0.06,0.09,1.35,1.12,0.29,0.00,1.65,Matchs
1313,Juanmi,es ESP,AT,Betis,es La Liga,29,1993,10.3,20.1,23.8,84.5,267.9,45.2,12.9,14.1,91.7,5.24,06.02,87.1,0.68,1.17,58.3,0.00,0.09,0.09,-0.09,0.39,0.68,0.29,0.00,1.46,Matchs
1314,Juanpe,es ESP,DF,Girona,es La Liga,31,1991,15.8,47.7,55.8,85.5,932.0,352.0,14.8,15.8,93.6,27.1,29.5,91.8,5.38,8.80,61.2,0.00,0.02,0.03,-0.02,0.19,02.03,0.06,0.00,2.41,Matchs
1315,Jubal,br BRA,DF,Auxerre,fr Ligue 1,28,1993,35.7,30.8,37.7,81.7,672.9,223.6,8.24,9.89,83.3,16.3,17.8,91.2,5.52,8.91,61.9,0.03,0.01,0.03,0.02,0.11,1.82,0.11,0.06,02.04,Matchs
1316,Christopher Jullien,fr FRA,DF,Montpellier,fr Ligue 1,29,1993,29.9,29.6,35.6,83.0,593.2,220.2,9.50,11.6,81.8,15.3,17.0,89.9,04.08,06.02,67.8,0.07,0.04,0.03,0.03,0.23,1.00,0.03,0.00,1.74,Matchs
1317,Anthony Jung,de GER,"DF,AT",Werder Bremen,de Bundesliga,30,1991,29.1,37.3,48.9,76.3,592.4,196.8,19.2,22.0,87.2,14.7,18.4,79.9,2.27,5.15,44.0,0.17,0.05,0.06,0.12,0.76,1.92,0.62,0.27,2.51,Matchs
1318,Eli Junior Kroupi,fr FRA,"AT,MT",Lorient,fr Ligue 1,16,2006,0.1,40.0,40.0,100.0,460.0,220.0,30.0,30.0,100.0,10.0,10.0,100.0,0.00,0.00,,0.00,0.00,0.00,0.00,0.00,0.00,0.00,0.00,0.00,Matchs
1319,Lago Junior,ci CIV,"AT,MT",Mallorca,es La Liga,31,1990,0.6,20.0,30.0,66.7,256.7,51.7,10.0,11.7,85.7,5.00,8.33,60.0,1.67,3.33,50.0,0.00,0.00,0.00,0.00,0.00,0.00,0.00,0.00,0.00,Matchs
1320,Hamed Junior Traorè,ci CIV,"AT,MT",Bournemouth,eng Premier League,22,2000,4.7,23.2,37.9,61.2,393.6,164.9,11.7,15.3,76.4,7.45,11.9,62.5,2.77,07.02,39.4,0.00,0.23,0.23,-0.23,2.98,2.34,2.13,0.64,5.53,Matchs
1321,Hamed Junior Traorè,ci CIV,"MT,AT",Sassuolo,it Serie A,22,2000,6.6,27.9,37.1,75.1,466.2,124.7,13.2,15.3,86.1,10.3,12.6,81.9,03.03,5.15,58.8,0.45,0.27,0.12,0.18,2.58,2.58,01.06,0.45,3.94,Matchs
1322,Vinicius Júnior,br BRA,AT,Real Madrid,es La Liga,22,2000,31.4,28.1,36.7,76.6,373.4,77.1,18.5,21.2,87.4,6.50,8.34,77.9,1.40,2.36,59.5,0.29,0.30,0.28,-0.01,02.04,0.96,1.43,0.06,2.77,Matchs
1323,Josip Juranović,hr CRO,DF,Union Berlin,de Bundesliga,26,1995,10.4,30.6,47.3,64.6,559.3,235.6,13.6,15.7,86.5,11.6,16.5,70.3,4.42,11.3,39.3,0.10,0.14,0.16,-0.05,2.12,2.12,01.06,0.87,2.60,Matchs
1324,James Justin,eng ENG,DF,Leicester City,eng Premier League,24,1998,13.9,48.0,58.9,81.4,748.5,220.4,26.7,29.4,90.9,17.2,20.3,84.8,2.81,5.83,48.1,0.00,0.02,0.04,-0.02,0.50,3.45,0.86,0.50,3.38,Matchs
1325,Filip Jørgensen,dk DEN,GB,Villarreal,es La Liga,20,2002,2.0,24.5,27.5,89.1,454.0,276.0,8.00,8.00,100.0,13.5,14.0,96.4,3.00,5.50,54.5,0.00,0.00,0.00,0.00,0.00,0.00,0.00,0.00,0.00,Matchs
Clt,Joueur,Nation,Pos,Équipe,Comp,Âge,Naissance,90,Cmp,Att,Cmp%,TotDist,DistBut,Cmp,Att,Cmp%,Cmp,Att,Cmp%,Cmp,Att,Cmp%,PD,xAG,xA,A-xAG,PC,1/3,PPA,CntSR,PrgP,Matchs
1326,Mathias Jørgensen,dk DEN,DF,Brentford,eng Premier League,32,1990,12.3,32.8,40.9,80.3,563.3,248.0,14.7,16.5,89.2,16.0,19.5,82.1,1.63,3.98,40.8,0.00,0.02,0.02,-0.02,0.24,2.44,0.00,0.00,2.85,Matchs
1327,Ozan Kabak,tr TUR,DF,Hoffenheim,de Bundesliga,22,2000,26.5,39.8,48.2,82.7,743.2,225.8,15.0,16.9,88.8,21.2,23.6,89.8,3.32,5.92,56.1,0.08,0.05,0.04,0.03,0.15,2.34,0.08,0.00,2.87,Matchs
1328,Issa Kaboré,bf BFA,DF,Marseille,fr Ligue 1,21,2001,11.4,38.2,49.7,76.9,544.5,176.9,22.1,25.5,86.6,12.1,15.9,76.2,1.93,4.12,46.8,0.00,0.08,0.11,-0.08,1.14,02.02,1.40,0.53,4.74,Matchs
1329,Abdoul Kader Bamba,fr FRA,"AT,MT",Nantes,fr Ligue 1,28,1994,0.9,40.0,48.9,81.8,538.9,164.4,17.8,22.2,80.0,16.7,18.9,88.2,0.00,1.11,0.0,0.00,0.00,0.00,0.00,1.11,2.22,0.00,0.00,3.33,Matchs
1330,Pavel Kadeřábek,cz CZE,DF,Hoffenheim,de Bundesliga,30,1992,18.5,33.2,47.7,69.6,530.6,238.5,17.2,21.1,81.3,13.7,18.9,72.6,1.78,05.08,35.1,0.05,0.09,0.21,-0.04,0.97,2.49,1.57,01.08,3.30,Matchs
1331,Tino Kadewere,zw ZIM,"AT,MT",Mallorca,es La Liga,26,1996,6.0,15.8,25.2,62.9,210.2,38.8,9.33,13.2,70.9,4.83,7.17,67.4,0.50,1.83,27.3,0.00,0.10,0.03,-0.10,0.50,1.00,0.00,0.00,0.67,Matchs
1332,Kaiky,br BRA,DF,Almería,es La Liga,18,2004,6.5,28.0,34.5,81.3,596.5,213.7,9.23,10.0,92.3,12.9,14.9,86.6,5.23,8.31,63.0,0.00,0.00,0.00,0.00,0.00,1.85,0.15,0.00,1.69,Matchs
1333,Florian Kainz,at AUT,"MT,AT",Köln,de Bundesliga,29,1992,26.0,29.2,46.4,62.9,579.9,234.5,11.0,13.1,83.6,12.3,17.0,72.0,5.15,12.5,41.2,0.38,0.33,0.33,0.05,2.69,3.15,2.19,0.69,6.12,Matchs
1334,Gaël Kakuta,cd COD,AT,Lens,fr Ligue 1,31,1991,0.2,60.0,80.0,75.0,860.0,70.0,25.0,30.0,83.3,20.0,30.0,66.7,5.00,10.0,50.0,0.00,0.00,0.00,0.00,0.00,10.0,0.00,0.00,5.00,Matchs
1335,Sasa Kalajdzic,at AUT,AT,Wolves,eng Premier League,25,1997,0.5,4.00,8.00,50.0,52.0,0.00,2.00,4.00,50.0,2.00,2.00,100.0,0.00,0.00,,0.00,0.00,0.00,0.00,0.00,0.00,0.00,0.00,0.00,Matchs
1336,Sasa Kalajdzic,at AUT,AT,Stuttgart,de Bundesliga,25,1997,2.6,15.4,24.2,63.5,265.0,66.2,7.31,11.5,63.3,5.38,8.46,63.6,1.54,1.92,80.0,1.15,0.23,0.12,0.92,2.31,1.15,0.00,0.00,1.54,Matchs
1337,Arnaud Kalimuendo,fr FRA,AT,Rennes,fr Ligue 1,20,2002,20.5,17.5,21.6,81.2,230.0,38.5,10.4,12.2,85.6,5.56,6.24,89.1,0.39,0.68,57.1,0.15,0.12,0.10,0.03,0.59,0.93,0.39,0.00,1.56,Matchs
1338,Yayah Kallon,sl SLE,"MT,AT",Hellas Verona,it Serie A,21,2001,9.6,15.4,24.7,62.4,227.0,68.0,8.23,11.0,74.5,5.31,8.65,61.4,0.83,1.77,47.1,0.10,0.16,0.09,-0.05,1.35,01.04,1.46,0.63,2.29,Matchs
1339,Gedeon Kalulu,cd COD,DF,Lorient,fr Ligue 1,24,1997,27.1,40.6,50.7,80.1,651.5,248.6,20.7,23.0,90.0,15.3,18.8,81.4,2.84,5.65,50.3,0.15,0.06,0.04,0.09,0.85,03.03,0.63,0.18,3.91,Matchs
1340,Pierre Kalulu,fr FRA,DF,Milan,it Serie A,22,2000,28.3,56.1,64.3,87.3,1034.1,350.6,21.6,23.4,92.3,29.5,32.1,92.0,4.52,7.35,61.5,0.00,0.04,0.04,-0.04,0.35,3.85,0.35,0.18,4.88,Matchs
1341,Justin-Noël Kalumba,fr FRA,DF,Angers,fr Ligue 1,17,2004,6.1,21.5,26.9,79.9,306.1,81.6,13.0,14.3,90.8,7.38,9.51,77.6,0.49,0.98,50.0,0.00,0.02,0.15,-0.02,0.33,1.31,0.49,0.33,1.64,Matchs
1342,Daichi Kamada,jp JPN,MT,Eint Frankfurt,de Bundesliga,25,1996,25.2,39.9,49.4,80.7,660.0,189.8,19.8,22.7,87.4,16.3,19.0,85.8,2.94,5.36,54.8,0.24,0.13,0.14,0.10,1.35,4.64,1.11,0.16,6.35,Matchs
1343,Waren Kamanzi,no NOR,DF,Toulouse,fr Ligue 1,21,2000,7.4,41.4,48.4,85.5,559.5,174.2,25.3,28.1,89.9,13.2,16.6,79.7,0.95,1.35,70.0,0.00,0.04,0.03,-0.04,0.68,2.30,0.27,0.00,2.97,Matchs
1344,Bingourou Kamara,sn SEN,GB,Montpellier,fr Ligue 1,25,1996,4.5,19.3,29.1,66.4,527.6,421.8,3.56,3.78,94.1,9.56,9.78,97.7,6.22,15.3,40.6,0.00,0.00,0.00,0.00,0.00,0.44,0.00,0.00,0.00,Matchs
1345,Boubacar Kamara,fr FRA,MT,Aston Villa,eng Premier League,22,1999,19.7,40.5,47.8,84.8,668.1,197.7,20.1,22.4,89.6,15.4,17.0,90.7,3.40,4.82,70.5,0.05,0.04,0.04,0.01,0.36,3.10,0.30,0.00,4.26,Matchs
1346,Jakub Kamiński,pl POL,"AT,DF",Wolfsburg,de Bundesliga,20,2002,22.9,21.6,29.1,74.2,323.1,99.5,12.0,14.6,82.1,7.38,9.34,79.0,1.31,2.45,53.6,0.09,0.16,0.17,-0.07,1.22,1.31,1.70,0.22,3.41,Matchs
1347,Marcin Kamiński,pl POL,DF,Schalke 04,de Bundesliga,30,1992,7.0,36.3,44.9,80.9,747.0,326.4,11.6,12.6,92.0,17.7,20.6,86.1,6.71,10.4,64.4,0.00,0.01,0.01,-0.01,0.29,2.86,0.14,0.00,3.57,Matchs
1348,Kevin Kampl,si SVN,MT,RB Leipzig,de Bundesliga,31,1990,15.2,52.0,59.1,88.1,848.3,222.6,26.1,28.7,90.8,21.6,23.3,92.7,3.29,4.21,78.1,0.13,0.07,0.07,0.07,0.79,4.67,0.92,0.07,5.26,Matchs
1349,Nordine Kandil,fr FRA,"MT,AT",Strasbourg,fr Ligue 1,20,2001,1.1,40.0,55.5,72.1,513.6,127.3,24.5,28.2,87.1,11.8,19.1,61.9,0.91,2.73,33.3,0.91,0.73,0.73,0.18,1.82,3.64,1.82,0.00,5.45,Matchs
1350,Harry Kane,eng ENG,AT,Tottenham,eng Premier League,29,1993,37.8,17.0,24.4,69.7,325.3,114.9,7.57,9.74,77.7,6.24,7.99,78.1,2.72,4.34,62.8,0.08,0.19,0.11,-0.11,1.51,2.65,1.24,0.16,4.76,Matchs
Clt,Joueur,Nation,Pos,Équipe,Comp,Âge,Naissance,90,Cmp,Att,Cmp%,TotDist,DistBut,Cmp,Att,Cmp%,Cmp,Att,Cmp%,Cmp,Att,Cmp%,PD,xAG,xA,A-xAG,PC,1/3,PPA,CntSR,PrgP,Matchs
1351,Lee Kang-in,kr KOR,"MT,AT",Mallorca,es La Liga,21,2001,31.4,24.6,35.1,70.0,413.9,133.9,12.7,14.8,86.0,7.93,10.1,78.5,2.83,7.23,39.2,0.19,0.17,0.16,0.02,1.72,2.39,0.96,0.35,03.06,Matchs
1352,Wilfried Kanga,ci CIV,AT,Hertha BSC,de Bundesliga,24,1998,15.7,9.81,16.0,61.4,122.0,17.6,5.80,8.60,67.4,2.61,4.78,54.7,0.32,0.51,62.5,0.00,0.10,0.08,-0.10,1.27,0.51,0.32,0.13,0.76,Matchs
1353,N'Golo Kanté,fr FRA,MT,Chelsea,eng Premier League,31,1991,5.8,46.7,58.3,80.2,678.4,178.1,29.0,32.8,88.4,14.5,17.2,84.0,02.07,4.14,50.0,0.17,0.33,0.14,-0.16,2.24,3.97,1.90,0.52,5.86,Matchs
1354,Kenan Karaman,tr TUR,AT,Schalke 04,de Bundesliga,28,1994,10.8,11.9,19.4,61.7,161.1,47.6,7.78,10.9,71.2,3.24,05.09,63.6,0.46,1.11,41.7,0.19,0.13,0.12,0.06,0.65,1.20,0.83,0.19,1.67,Matchs
1355,Yann Karamoh,fr FRA,"MT,AT",Torino,it Serie A,24,1998,8.0,20.4,27.0,75.5,298.1,50.9,12.3,14.0,87.5,6.88,8.63,79.7,0.75,1.63,46.2,0.00,0.09,0.05,-0.09,1.38,0.63,0.63,0.38,1.50,Matchs
1356,Atakan Karazor,de GER,MT,Stuttgart,de Bundesliga,25,1996,21.8,43.3,51.2,84.7,755.7,201.5,18.7,21.5,87.0,20.4,22.8,89.2,3.44,4.82,71.4,0.05,0.03,0.06,0.02,0.64,3.35,0.32,0.00,3.62,Matchs
1357,Ayman Kari,fr FRA,"MT,DF",Lorient,fr Ligue 1,17,2004,1.1,60.9,67.3,90.5,853.6,174.5,34.5,36.4,95.0,18.2,20.0,90.9,3.64,3.64,100.0,0.00,0.00,0.09,0.00,0.91,1.82,1.82,0.00,6.36,Matchs
1358,Jon Karrikaburu,es ESP,AT,Real Sociedad,es La Liga,19,2002,1.0,11.0,18.0,61.1,164.0,66.0,5.00,7.00,71.4,2.00,4.00,50.0,2.00,3.00,66.7,0.00,0.30,0.10,-0.30,1.00,2.00,1.00,0.00,4.00,Matchs
1359,Rick Karsdorp,nl NED,DF,Roma,it Serie A,27,1995,7.9,37.3,48.1,77.6,646.7,203.9,17.0,19.4,87.6,16.6,19.6,84.5,3.42,6.71,50.9,0.00,0.15,0.14,-0.15,0.76,1.65,1.39,0.13,03.04,Matchs
1360,Denso Kasius,nl NED,DF,Bologna,it Serie A,19,2002,3.8,37.6,50.5,74.5,677.9,227.4,17.1,18.9,90.3,13.9,19.5,71.6,5.26,9.47,55.6,0.53,0.18,0.21,0.34,1.58,1.58,2.11,1.58,2.37,Matchs
1361,Thomas Kastanaras,gr GRE,"AT,DF",Stuttgart,de Bundesliga,19,2003,0.8,17.5,21.3,82.4,218.8,47.5,10.0,11.3,88.9,3.75,3.75,100.0,1.25,1.25,100.0,0.00,0.13,0.00,-0.13,1.25,2.50,1.25,1.25,2.50,Matchs
1362,Grigoris Kastanos,cy CYP,"MT,DF",Salernitana,it Serie A,24,1998,14.3,32.2,43.4,74.1,478.3,176.8,17.7,19.7,90.0,09.09,12.7,71.8,2.59,5.38,48.1,0.07,0.04,0.06,0.03,0.91,3.29,0.77,0.21,3.99,Matchs
1363,Silas Katompa,cd COD,"AT,MT",Stuttgart,de Bundesliga,23,1998,22.1,13.3,18.1,73.9,200.4,49.9,7.38,9.19,80.3,4.75,5.75,82.7,0.63,1.22,51.9,0.09,0.09,0.12,0.00,0.81,0.77,0.81,0.23,1.81,Matchs
1364,Moise Kean,it ITA,AT,Juventus,it Serie A,22,2000,11.1,11.7,16.8,69.5,149.1,30.4,7.12,9.10,78.2,2.70,3.78,71.4,0.45,0.81,55.6,0.00,0.10,0.05,-0.10,0.72,0.63,0.54,0.09,1.17,Matchs
1365,Michael Keane,eng ENG,DF,Everton,eng Premier League,29,1993,10.9,28.0,40.5,69.2,536.6,273.7,10.6,13.4,78.8,13.5,16.4,82.1,3.58,8.53,41.9,0.18,0.06,0.07,0.12,0.28,03.03,0.18,0.00,2.84,Matchs
1366,Neeskens Kebano,cd COD,AT,Fulham,eng Premier League,30,1992,8.5,18.2,24.9,73.1,244.6,60.8,10.9,12.5,87.7,05.06,6.82,74.1,0.71,1.53,46.2,0.35,0.18,0.11,0.18,1.53,0.24,01.06,0.35,2.82,Matchs
1367,Kévin Keben Biakolo,cm CMR,DF,Toulouse,fr Ligue 1,18,2004,4.0,29.3,37.0,79.1,449.3,153.3,14.5,16.5,87.9,12.5,15.5,80.6,1.25,2.75,45.5,0.00,0.05,0.03,-0.05,0.50,0.75,0.25,0.00,1.25,Matchs
1368,Thilo Kehrer,de GER,DF,West Ham,eng Premier League,25,1996,24.8,37.4,44.8,83.4,660.2,242.2,15.8,18.0,87.9,18.4,20.6,89.4,2.74,4.80,57.1,0.08,0.02,0.03,0.06,0.32,2.38,0.16,0.04,2.42,Matchs
1369,Check Keita,fr FRA,DF,Reims,fr Ligue 1,19,2003,7.6,34.7,40.1,86.6,665.7,151.3,11.8,13.2,90.0,19.2,20.3,94.8,2.89,4.61,62.9,0.00,0.00,0.00,0.00,0.13,1.84,0.00,0.00,2.50,Matchs
1370,Naby Keïta,gn GUI,MT,Liverpool,eng Premier League,27,1995,3.3,39.1,50.9,76.8,551.5,178.8,22.7,26.4,86.2,13.0,16.4,79.6,1.82,2.42,75.0,0.00,0.21,0.06,-0.21,2.42,4.55,0.61,0.00,4.55,Matchs
1371,Yannik Keitel,de GER,MT,Freiburg,de Bundesliga,22,2000,7.6,24.9,32.2,77.1,426.2,89.6,12.0,13.7,87.5,10.1,13.7,74.0,2.37,3.55,66.7,0.26,0.01,0.04,0.25,0.53,2.37,0.26,0.00,3.42,Matchs
1372,Caoimhín Kelleher,ie IRL,GB,Liverpool,eng Premier League,23,1998,1.0,23.0,24.0,95.8,539.0,344.0,7.00,7.00,100.0,12.0,12.0,100.0,4.00,5.00,80.0,0.00,0.00,0.00,0.00,0.00,1.00,0.00,0.00,0.00,Matchs
1373,Lloyd Kelly,eng ENG,DF,Bournemouth,eng Premier League,23,1998,22.7,41.1,51.3,80.2,774.7,316.0,15.5,17.0,91.0,20.3,22.5,90.4,4.58,10.0,45.8,0.09,0.02,0.04,0.07,0.31,3.22,0.40,0.13,02.07,Matchs
1374,Marc-Oliver Kempf,de GER,DF,Hertha BSC,de Bundesliga,27,1995,30.1,33.6,43.3,77.6,632.7,265.9,12.6,14.7,85.9,17.2,20.2,85.2,3.29,6.54,50.3,0.00,0.04,0.03,-0.04,0.30,1.89,0.20,0.00,2.69,Matchs
1375,Kenedy,br BRA,"AT,DF",Valladolid,es La Liga,26,1996,3.1,18.4,27.7,66.3,258.1,74.8,11.0,13.5,81.0,6.13,08.06,76.0,0.65,3.23,20.0,0.32,0.19,0.19,0.13,1.29,2.26,0.65,0.65,1.29,Matchs
Clt,Joueur,Nation,Pos,Équipe,Comp,Âge,Naissance,90,Cmp,Att,Cmp%,TotDist,DistBut,Cmp,Att,Cmp%,Cmp,Att,Cmp%,Cmp,Att,Cmp%,PD,xAG,xA,A-xAG,PC,1/3,PPA,CntSR,PrgP,Matchs
1376,Jonjoe Kenny,eng ENG,DF,Hertha BSC,de Bundesliga,25,1997,24.9,35.3,48.5,72.8,652.6,312.2,14.3,17.0,84.0,16.3,21.1,77.2,3.94,7.71,51.0,0.04,0.08,0.07,-0.04,0.68,3.57,0.52,0.36,3.94,Matchs
1377,Franck Kessié,ci CIV,MT,Barcelona,es La Liga,25,1996,11.0,35.5,41.5,85.6,541.4,106.4,18.8,21.0,89.6,13.8,15.8,87.4,1.82,2.64,69.0,0.09,0.06,0.08,0.03,0.73,02.09,0.55,0.09,3.55,Matchs
1378,Saîf-Eddine Khaoui,tn TUN,MT,Clermont Foot,fr Ligue 1,27,1995,22.5,21.6,31.7,68.2,329.0,117.4,11.1,14.0,79.3,7.33,9.96,73.7,1.60,4.71,34.0,0.13,0.17,0.08,-0.04,1.69,2.22,0.62,0.09,3.20,Matchs
1379,Wahbi Khazri,tn TUN,"AT,MT",Montpellier,fr Ligue 1,31,1991,18.2,18.9,26.5,71.2,332.4,105.8,8.74,10.9,79.9,06.04,7.86,76.9,2.91,4.95,58.9,0.05,0.09,0.09,-0.03,01.04,2.25,0.66,0.11,2.69,Matchs
1380,Rani Khedira,de GER,MT,Union Berlin,de Bundesliga,28,1994,32.0,24.3,32.5,74.9,393.6,98.6,11.6,13.7,84.5,10.2,12.8,79.9,1.63,3.72,43.7,0.00,0.02,0.04,-0.02,0.25,1.97,0.22,0.09,2.16,Matchs
1381,Anthony Khelifa,fr FRA,DF,Ajaccio,fr Ligue 1,16,2005,0.1,110.0,120.0,91.7,2150.0,550.0,30.0,30.0,100.0,70.0,80.0,87.5,10.0,10.0,100.0,0.00,0.00,0.00,0.00,0.00,10.0,0.00,0.00,10.0,Matchs
1382,Kiké,es ESP,AT,Osasuna,es La Liga,32,1989,11.3,14.8,21.6,68.4,191.2,24.3,9.65,11.5,83.8,3.54,5.66,62.5,0.53,1.42,37.5,0.00,0.10,0.07,-0.10,1.15,1.15,0.62,0.00,1.33,Matchs
1383,Luca Kilian,de GER,DF,Köln,de Bundesliga,22,1999,12.5,46.8,54.8,85.4,925.8,265.9,11.8,13.5,87.0,30.2,31.9,94.5,4.48,08.08,55.4,0.00,0.02,0.02,-0.02,0.24,03.04,0.08,0.00,4.24,Matchs
1384,Max Kilman,eng ENG,DF,Wolves,eng Premier League,25,1997,36.7,47.6,57.4,83.0,945.9,339.2,15.6,16.9,92.4,26.3,28.5,92.2,5.15,10.5,49.2,0.00,0.01,0.02,-0.01,0.11,3.62,0.19,0.05,3.46,Matchs
1385,Joshua Kimmich,de GER,MT,Bayern Munich,de Bundesliga,27,1995,31.2,74.8,88.7,84.3,1405.7,450.3,30.6,32.6,93.8,33.2,36.9,90.0,9.81,16.4,59.8,0.19,0.22,0.29,-0.03,2.69,8.72,2.18,0.13,10.1,Matchs
1386,Presnel Kimpembe,fr FRA,DF,Paris S-G,fr Ligue 1,26,1995,8.1,58.1,62.1,93.6,893.8,359.4,30.0,31.0,96.8,24.0,24.9,96.0,2.72,3.21,84.6,0.00,0.02,0.04,-0.02,0.12,4.44,0.12,0.00,4.94,Matchs
1387,Jakub Kiwior,pl POL,DF,Arsenal,eng Premier League,22,2000,4.7,37.7,43.6,86.3,644.7,196.6,13.2,14.9,88.6,22.1,23.2,95.4,1.49,3.19,46.7,0.00,0.00,0.00,0.00,0.21,1.28,0.00,0.00,1.28,Matchs
1388,Jakub Kiwior,pl POL,DF,Spezia,it Serie A,22,2000,16.0,40.8,48.4,84.3,822.8,260.3,13.1,14.9,87.8,21.4,23.2,92.5,5.81,9.19,63.3,0.00,0.01,0.04,-0.01,0.25,1.56,0.31,0.00,2.31,Matchs
1389,Simon Kjær,dk DEN,DF,Milan,it Serie A,33,1989,11.2,52.8,61.0,86.5,1111.7,398.5,15.6,17.2,90.7,27.9,29.6,94.6,8.84,13.6,65.1,0.00,0.00,0.02,0.00,0.00,4.20,0.09,0.00,04.02,Matchs
1390,Pascal Klemens,de GER,DF,Hertha BSC,de Bundesliga,17,2005,1.0,28.0,33.0,84.8,546.0,302.0,11.0,11.0,100.0,11.0,15.0,73.3,5.00,6.00,83.3,0.00,0.00,0.00,0.00,0.00,1.00,0.00,0.00,1.00,Matchs
1391,Mateusz Klich,pl POL,"MT,AT",Leeds United,eng Premier League,32,1990,3.1,34.8,47.7,73.0,455.2,124.8,19.7,22.3,88.4,09.03,11.0,82.4,1.61,5.48,29.4,0.00,0.06,0.06,-0.06,1.61,1.94,1.61,0.00,5.16,Matchs
1392,Lukas Klostermann,de GER,DF,RB Leipzig,de Bundesliga,26,1996,10.1,68.0,77.6,87.6,1201.8,364.1,27.9,30.2,92.5,35.1,37.6,93.4,4.36,7.82,55.7,0.00,0.01,0.05,-0.01,0.10,3.56,0.30,0.00,3.96,Matchs
1393,Justin Kluivert,nl NED,"AT,MT",Valencia,es La Liga,23,1999,16.1,17.1,24.8,69.2,263.1,60.7,10.1,12.6,80.3,4.97,6.96,71.4,1.43,3.11,46.0,0.00,0.15,0.13,-0.15,1.43,0.93,1.30,0.62,02.05,Matchs
1394,Ansgar Knauff,de GER,DF,Eint Frankfurt,de Bundesliga,20,2002,14.3,31.8,47.8,66.6,490.9,196.3,16.5,21.0,78.4,12.8,18.7,68.3,1.75,3.99,43.9,0.07,0.11,0.17,-0.04,0.56,1.89,0.98,0.28,2.80,Matchs
1395,Robin Knoche,de GER,DF,Union Berlin,de Bundesliga,30,1992,31.9,41.8,51.5,81.1,885.5,343.4,11.3,12.8,88.5,23.9,26.4,90.6,6.24,10.9,57.3,0.09,0.03,0.03,0.07,0.16,03.07,0.22,0.09,03.07,Matchs
1396,Gregor Kobel,ch SUI,GB,Dortmund,de Bundesliga,24,1997,27.0,32.3,38.9,83.0,815.0,499.9,6.63,6.63,100.0,16.9,17.0,99.1,8.67,15.0,57.6,0.00,0.00,0.00,0.00,0.00,0.48,0.04,0.00,0.00,Matchs
1397,Robin Koch,de GER,DF,Leeds United,eng Premier League,26,1996,35.3,34.8,45.2,77.1,678.3,302.4,11.6,13.7,84.3,18.8,21.9,86.1,3.99,08.07,49.5,0.00,0.01,0.01,-0.01,0.17,3.43,0.20,0.00,3.23,Matchs
1398,Samuel Koeberlé,fr FRA,MT,Reims,fr Ligue 1,17,2004,0.0,5,6,83.3,43,25,4,4,100.0,0,0,,0,1,0.0,0,0.0,0.0,0.0,0,0,0,0,0,Matchs
1399,Rudy Kohon,fr FRA,DF,Troyes,fr Ligue 1,18,2004,0.7,34.3,40.0,85.7,618.6,272.9,11.4,12.9,88.9,20.0,21.4,93.3,2.86,4.29,66.7,0.00,0.00,0.00,0.00,0.00,0.00,0.00,0.00,2.86,Matchs
1400,Dominik Kohr,de GER,MT,Mainz 05,de Bundesliga,28,1994,25.5,33.9,46.4,73.1,564.0,192.9,16.2,19.4,83.6,14.2,18.3,77.3,2.51,5.53,45.4,0.00,0.04,0.06,-0.04,0.63,4.35,0.63,0.00,5.65,Matchs
Clt,Joueur,Nation,Pos,Équipe,Comp,Âge,Naissance,90,Cmp,Att,Cmp%,TotDist,DistBut,Cmp,Att,Cmp%,Cmp,Att,Cmp%,Cmp,Att,Cmp%,PD,xAG,xA,A-xAG,PC,1/3,PPA,CntSR,PrgP,Matchs
1401,Koke,es ESP,MT,Atlético Madrid,es La Liga,30,1992,28.3,63.0,72.0,87.5,959.2,310.0,35.0,37.3,93.8,20.4,22.9,89.1,4.49,6.61,67.9,0.11,0.06,0.06,0.05,0.99,6.33,0.67,0.11,6.18,Matchs
1402,Sead Kolašinac,ba BIH,DF,Marseille,fr Ligue 1,29,1993,24.6,46.1,54.2,85.1,722.5,185.8,23.3,25.5,91.1,19.4,22.3,87.1,1.95,3.41,57.1,0.04,0.04,0.07,0.00,0.45,3.78,0.45,0.08,4.43,Matchs
1403,Luca Koleosho,it ITA,"AT,DF",Espanyol,es La Liga,17,2004,0.7,25.7,40.0,64.3,330.0,48.6,14.3,15.7,90.9,10.0,17.1,58.3,0.00,1.43,0.0,0.00,0.00,0.29,0.00,0.00,1.43,0.00,0.00,1.43,Matchs
1404,Randal Kolo Muani,fr FRA,AT,Eint Frankfurt,de Bundesliga,23,1998,29.2,14.3,22.2,64.6,186.8,41.5,09.01,12.8,70.5,3.73,5.41,69.0,0.62,1.16,52.9,0.38,0.22,0.20,0.15,1.40,0.86,0.79,0.07,02.09,Matchs
1405,Timothée Kolodziejczak,fr FRA,DF,Schalke 04,de Bundesliga,30,1991,0.3,46.7,56.7,82.4,963.3,523.3,26.7,26.7,100.0,10.0,16.7,60.0,10.0,13.3,75.0,0.00,0.00,0.00,0.00,0.00,13.3,0.00,0.00,0.00,Matchs
1406,Cheick Konaté,ci CIV,DF,Clermont Foot,fr Ligue 1,18,2004,6.4,35.6,49.1,72.6,626.1,246.7,15.0,18.4,81.4,16.7,21.3,78.7,3.13,6.72,46.5,0.00,0.03,0.03,-0.03,0.31,2.19,0.47,0.16,3.28,Matchs
1407,Ibrahima Konaté,fr FRA,DF,Liverpool,eng Premier League,23,1999,17.2,57.4,66.0,87.0,1029.8,402.6,21.7,24.0,90.6,31.3,34.2,91.7,3.43,6.34,54.1,0.00,0.01,0.05,-0.01,0.06,3.26,0.12,0.00,3.26,Matchs
1408,Geoffrey Kondogbia,cf CTA,MT,Atlético Madrid,es La Liga,29,1993,11.2,50.6,56.6,89.4,789.4,236.8,27.9,30.1,92.9,16.6,18.1,91.6,3.93,5.27,74.6,0.18,0.08,0.03,0.10,0.45,04.02,0.27,0.00,3.75,Matchs
1409,Ibrahima Koné,ml MLI,AT,Lorient,fr Ligue 1,23,1999,17.5,13.7,20.5,66.9,161.3,45.1,8.63,11.7,73.7,3.37,5.71,59.0,0.17,0.40,42.9,0.06,0.06,0.06,0.00,0.86,0.97,0.17,0.00,1.54,Matchs
1410,Kouadio Koné,fr FRA,MT,M'Gladbach,de Bundesliga,21,2001,29.0,40.9,47.5,86.2,625.6,201.6,22.2,24.3,91.5,15.6,17.4,89.3,2.00,03.07,65.2,0.03,0.04,0.04,-0.01,0.69,4.79,0.55,0.00,5.72,Matchs
1411,Youssouf Koné,ml MLI,DF,Ajaccio,fr Ligue 1,27,1995,10.2,31.6,41.8,75.6,561.2,204.9,15.4,17.4,88.7,11.5,13.9,82.4,4.22,9.12,46.2,0.00,0.01,0.01,-0.01,0.10,2.16,0.29,0.20,2.25,Matchs
1412,Ezri Konsa,eng ENG,DF,Aston Villa,eng Premier League,24,1997,36.9,45.6,51.4,88.6,832.8,286.7,16.5,18.0,91.7,25.4,27.0,94.1,3.25,5.47,59.4,0.00,0.04,0.02,-0.04,0.22,1.90,0.11,0.05,1.52,Matchs
1413,Teun Koopmeiners,nl NED,MT,Atalanta,it Serie A,24,1998,31.8,40.0,54.3,73.6,731.4,281.5,16.7,19.2,86.9,16.7,20.9,79.7,05.03,10.8,46.5,0.13,0.20,0.22,-0.08,1.82,4.84,1.60,0.47,5.85,Matchs
1414,Odilon Kossonou,ci CIV,DF,Leverkusen,de Bundesliga,21,2001,16.9,47.8,57.6,83.0,794.6,283.4,21.7,23.9,90.8,22.6,25.9,87.4,2.78,5.50,50.5,0.06,0.01,0.04,0.05,0.18,3.61,0.18,0.06,4.56,Matchs
1415,Filip Kostić,rs SRB,"DF,AT",Juventus,it Serie A,29,1992,28.5,29.1,42.5,68.5,494.5,145.5,14.5,17.2,84.5,10.8,15.1,71.7,03.02,6.84,44.1,0.28,0.25,0.17,0.03,2.32,1.54,1.65,01.09,2.74,Matchs
1416,Filip Kostić,rs SRB,"DF,MT",Eint Frankfurt,de Bundesliga,29,1992,0.8,28.8,50.0,57.5,586.3,325.0,10.0,13.8,72.7,15.0,20.0,75.0,3.75,13.8,27.3,0.00,0.13,0.13,-0.13,1.25,1.25,1.25,0.00,5.00,Matchs
1417,Christian Kouamé,ci CIV,AT,Fiorentina,it Serie A,24,1997,20.7,22.6,31.9,70.8,337.3,79.6,13.3,16.8,79.0,6.47,9.37,69.1,1.55,2.66,58.2,0.19,0.18,0.14,0.01,1.88,1.40,1.50,0.48,2.61,Matchs
1418,Rominigue Kouamé,ml MLI,MT,Troyes,fr Ligue 1,25,1996,29.6,42.0,47.4,88.7,747.7,186.9,17.3,18.9,91.9,19.4,21.5,90.3,04.02,4.86,82.6,0.03,0.07,0.05,-0.04,0.78,4.90,0.44,0.07,5.71,Matchs
1419,Tomáš Koubek,cz CZE,GB,Augsburg,de Bundesliga,29,1992,11.0,31.7,46.4,68.4,969.0,721.2,5.64,5.64,100.0,15.2,15.3,99.4,10.9,25.5,42.9,0.00,0.00,0.00,0.00,0.00,1.36,0.00,0.00,0.00,Matchs
1420,Kalidou Koulibaly,sn SEN,DF,Chelsea,eng Premier League,31,1991,20.0,63.8,73.5,86.7,1121.1,451.1,28.2,29.9,94.3,29.8,32.6,91.1,4.80,8.75,54.9,0.05,0.02,0.02,0.03,0.35,4.15,0.45,0.05,04.05,Matchs
1421,Jules Koundé,fr FRA,DF,Barcelona,es La Liga,23,1998,27.0,65.7,75.0,87.7,1105.0,358.9,30.6,33.1,92.4,29.3,32.1,91.5,4.56,6.74,67.6,0.11,0.10,0.09,0.01,0.59,6.52,0.56,0.22,6.85,Matchs
1422,Boubakar Kouyaté,ml MLI,DF,Montpellier,fr Ligue 1,25,1997,14.0,35.6,43.6,81.7,699.8,221.3,9.86,12.1,81.7,20.4,22.9,89.4,4.50,7.14,63.0,0.00,0.01,0.02,-0.01,0.14,1.71,0.00,0.00,1.93,Matchs
1423,Cheikhou Kouyaté,sn SEN,MT,Nott'ham Forest,eng Premier League,32,1989,9.8,18.9,25.1,75.2,296.7,90.0,9.18,12.2,75.0,6.33,7.55,83.8,1.84,2.55,72.0,0.00,0.07,0.03,-0.07,0.71,1.33,0.20,0.00,1.94,Matchs
1424,Mateo Kovačić,hr CRO,MT,Chelsea,eng Premier League,28,1994,19.0,59.5,69.4,85.7,975.6,293.6,29.2,32.3,90.4,24.7,27.5,90.0,4.00,6.32,63.3,0.11,0.11,0.11,-0.01,1.21,8.32,1.21,0.05,08.05,Matchs
1425,Viktor Kovalenko,ua UKR,MT,Spezia,it Serie A,26,1996,6.1,31.0,39.5,78.4,487.7,105.4,16.7,18.5,90.3,11.8,14.4,81.8,2.13,4.10,52.0,0.00,0.10,0.08,-0.10,0.98,1.15,0.66,0.16,3.61,Matchs
Clt,Joueur,Nation,Pos,Équipe,Comp,Âge,Naissance,90,Cmp,Att,Cmp%,TotDist,DistBut,Cmp,Att,Cmp%,Cmp,Att,Cmp%,Cmp,Att,Cmp%,PD,xAG,xA,A-xAG,PC,1/3,PPA,CntSR,PrgP,Matchs
1426,Soichiro Kozuki,jp JPN,"AT,MT",Schalke 04,de Bundesliga,21,2000,4.2,12.4,20.2,61.2,226.2,71.0,6.43,8.57,75.0,04.05,7.38,54.8,1.90,2.86,66.7,0.00,0.07,0.10,-0.07,0.95,0.71,0.71,0.48,2.38,Matchs
1427,Emil Krafth,se SWE,DF,Newcastle Utd,eng Premier League,27,1994,0.0,0,0,,0,0,0,0,,0,0,,0,0,,0,0.0,0.0,0.0,0,0,0,0,0,Matchs
1428,Alex Král,cz CZE,MT,Schalke 04,de Bundesliga,24,1998,26.2,22.4,32.3,69.2,386.9,130.6,9.73,12.8,76.1,9.77,12.6,77.3,1.95,3.93,49.5,0.00,0.03,0.07,-0.03,0.42,2.79,0.61,0.19,3.82,Matchs
1429,Andrej Kramarić,hr CRO,"MT,AT",Hoffenheim,de Bundesliga,31,1991,26.5,29.8,37.7,79.2,452.6,96.5,16.9,19.3,87.7,8.83,11.1,79.3,2.45,3.58,68.4,0.15,0.08,0.11,0.07,1.28,3.13,0.87,0.11,3.77,Matchs
1430,Christoph Kramer,de GER,MT,M'Gladbach,de Bundesliga,31,1991,24.7,41.3,49.9,82.7,593.0,177.9,24.1,26.8,89.7,13.4,15.9,84.4,1.74,2.83,61.4,0.00,0.08,0.08,-0.08,0.61,2.47,0.45,0.08,3.20,Matchs
1431,Tom Krauß,de GER,MT,Schalke 04,de Bundesliga,21,2001,27.9,20.7,28.8,71.9,321.7,104.9,10.4,13.5,77.4,8.35,10.2,82.0,1.25,2.51,50.0,0.00,0.03,0.05,-0.03,0.39,1.97,0.54,0.11,03.08,Matchs
1432,Julian Kristoffersen,no NOR,AT,Salernitana,it Serie A,25,1997,0.2,0.00,10.0,0.0,0.00,0.00,0.00,5.00,0.0,0.00,0.00,,0.00,0.00,,0.00,0.00,0.00,0.00,0.00,0.00,0.00,0.00,0.00,Matchs
1433,Raimonds Krollis,lv LVA,"AT,DF",Spezia,it Serie A,20,2001,0.4,12.5,17.5,71.4,142.5,57.5,10.0,12.5,80.0,2.50,2.50,100.0,0.00,0.00,,0.00,0.00,0.00,0.00,2.50,0.00,0.00,0.00,5.00,Matchs
1434,Toni Kroos,de GER,MT,Real Madrid,es La Liga,32,1990,23.9,94.4,103.8,90.9,1764.6,637.9,41.5,42.8,97.0,37.9,40.3,94.1,13.1,17.5,74.9,0.17,0.18,0.23,-0.02,2.30,15.6,01.09,0.29,13.3,Matchs
1435,Rade Krunić,ba BIH,MT,Milan,it Serie A,28,1993,18.4,44.5,51.9,85.8,690.3,202.9,21.9,25.0,87.6,18.3,20.2,90.6,2.34,3.21,72.9,0.05,0.06,0.05,-0.01,0.82,3.32,0.65,0.00,3.97,Matchs
1436,Max Kruse,de GER,"MT,AT",Wolfsburg,de Bundesliga,34,1988,3.0,30.0,40.3,74.4,548.0,80.0,12.0,16.3,73.5,14.0,16.0,87.5,3.00,4.00,75.0,0.00,0.03,0.07,-0.03,1.00,1.33,1.00,0.33,2.33,Matchs
1437,Lukas Kübler,de GER,DF,Freiburg,de Bundesliga,29,1992,18.2,31.3,45.4,68.8,564.5,203.6,13.2,16.2,81.6,13.4,18.3,73.3,3.68,08.02,45.9,0.05,0.02,0.04,0.03,0.38,3.24,0.49,0.22,3.13,Matchs
1438,Takefusa Kubo,jp JPN,"AT,MT",Real Sociedad,es La Liga,21,2001,27.1,22.9,32.3,71.0,309.6,86.3,14.1,16.8,84.1,6.42,9.19,69.9,01.07,2.40,44.6,0.15,0.22,0.20,-0.07,1.44,1.22,1.25,0.15,2.99,Matchs
1439,Dejan Kulusevski,se SWE,"MT,AT",Tottenham,eng Premier League,22,2000,23.0,25.3,32.4,78.0,353.0,87.2,15.4,17.8,86.6,7.78,9.83,79.2,01.09,2.22,49.0,0.30,0.20,0.21,0.10,02.04,0.61,1.65,0.48,2.91,Matchs
1440,Sael Kumbedi,fr FRA,DF,Lyon,fr Ligue 1,17,2005,14.7,44.4,54.0,82.2,660.4,165.6,24.8,27.4,90.6,16.1,19.7,81.4,2.11,3.95,53.4,0.14,0.08,0.10,0.05,0.68,02.04,0.61,0.20,2.72,Matchs
1441,Marash Kumbulla,al ALB,DF,Roma,it Serie A,22,2000,2.9,54.1,62.1,87.2,981.7,266.2,22.4,23.1,97.0,27.6,29.3,94.1,3.10,7.59,40.9,0.00,0.03,0.00,-0.03,0.34,01.03,0.00,0.00,2.76,Matchs
1442,Pierre Kunde,cm CMR,"MT,AT",Bochum,de Bundesliga,27,1995,4.2,28.3,48.1,58.9,515.2,173.8,12.1,16.2,75.0,12.6,19.3,65.4,3.10,11.0,28.3,0.00,0.05,0.05,-0.05,0.95,4.29,0.71,0.48,3.81,Matchs
1443,Alou Kuol,au AUS,AT,Stuttgart,de Bundesliga,21,2000,0.1,10.0,10.0,100.0,120.0,0.00,10.0,10.0,100.0,0.00,0.00,,0.00,0.00,,0.00,0.00,0.00,0.00,0.00,0.00,0.00,0.00,0.00,Matchs
1444,Layvin Kurzawa,fr FRA,DF,Fulham,eng Premier League,29,1992,1.5,18.7,27.3,68.3,272.0,90.0,8.00,8.67,92.3,9.33,12.7,73.7,0.00,2.00,0.0,0.00,0.00,0.00,0.00,0.00,0.67,0.67,0.67,1.33,Matchs
1445,Khvicha Kvaratskhelia,ge GEO,AT,Napoli,it Serie A,21,2001,28.0,32.1,40.6,79.2,455.9,91.4,20.4,22.3,91.5,08.04,10.8,74.8,2.25,4.21,53.4,0.36,0.28,0.24,0.08,1.93,1.46,1.64,0.29,3.25,Matchs
1446,Grejohn Kyei,fr FRA,AT,Clermont Foot,fr Ligue 1,26,1995,24.8,15.2,21.3,71.3,222.6,35.9,8.55,11.2,76.5,4.52,6.13,73.7,0.97,1.37,70.6,0.12,0.06,0.06,0.06,0.60,1.25,0.44,0.08,1.49,Matchs
1447,Daniel Kyereh,gh GHA,"MT,AT",Freiburg,de Bundesliga,26,1996,6.2,22.4,29.4,76.4,266.0,46.0,15.6,19.0,82.2,4.19,5.65,74.3,0.65,1.29,50.0,0.00,0.05,0.13,-0.05,0.48,0.48,0.48,0.16,1.77,Matchs
1448,Giorgos Kyriakopoulos,gr GRE,"DF,AT",Bologna,it Serie A,26,1996,7.8,40.8,52.9,77.0,628.7,276.5,22.7,24.7,91.7,13.5,16.4,82.0,3.33,8.33,40.0,0.26,0.10,0.14,0.15,1.15,2.82,1.41,0.77,2.95,Matchs
1449,Giorgos Kyriakopoulos,gr GRE,"AT,DF",Sassuolo,it Serie A,26,1996,8.5,35.3,46.0,76.7,638.8,253.9,17.4,19.4,89.7,12.1,14.7,82.4,5.18,9.53,54.3,0.12,0.16,0.11,-0.05,1.65,2.71,1.65,01.06,3.76,Matchs
1450,César de la Hoz,es ESP,MT,Almería,es La Liga,30,1992,18.6,23.4,29.9,78.2,439.9,154.2,9.95,11.4,87.3,10.2,12.2,83.6,03.01,5.00,60.2,0.00,0.05,0.05,-0.05,0.27,2.90,0.27,0.11,2.63,Matchs
Clt,Joueur,Nation,Pos,Équipe,Comp,Âge,Naissance,90,Cmp,Att,Cmp%,TotDist,DistBut,Cmp,Att,Cmp%,Cmp,Att,Cmp%,Cmp,Att,Cmp%,PD,xAG,xA,A-xAG,PC,1/3,PPA,CntSR,PrgP,Matchs
1451,Luca de la Torre,us USA,MT,Celta Vigo,es La Liga,24,1998,16.5,30.9,37.2,83.2,442.7,78.5,18.4,19.8,93.0,10.1,11.6,87.4,1.27,2.36,53.8,0.12,0.08,0.08,0.04,0.79,03.09,0.42,0.12,3.76,Matchs
1452,Rémy Labeau Lascary,gp GLP,"AT,MT",Lens,fr Ligue 1,19,2003,1.4,16.4,20.7,79.3,273.6,90.0,7.86,10.0,78.6,5.00,6.43,77.8,2.14,2.14,100.0,0.00,0.00,0.00,0.00,1.43,0.71,0.71,0.00,2.14,Matchs
1453,Gaëtan Laborde,fr FRA,AT,Nice,fr Ligue 1,28,1994,27.8,16.9,25.7,66.0,236.7,59.0,10.5,13.7,76.8,4.75,7.19,66.0,0.86,2.48,34.8,0.11,0.21,0.22,-0.10,1.58,0.90,01.01,0.25,1.91,Matchs
1454,Gaëtan Laborde,fr FRA,AT,Rennes,fr Ligue 1,28,1994,2.8,14.6,21.8,67.2,222.5,45.7,8.93,12.5,71.4,4.29,06.07,70.6,0.71,1.79,40.0,0.00,0.07,0.07,-0.07,01.07,01.07,0.71,0.36,1.79,Matchs
1455,Alexandre Lacazette,fr FRA,AT,Lyon,fr Ligue 1,31,1991,32.5,20.3,28.2,72.1,284.3,82.3,10.8,14.1,77.0,6.31,8.28,76.2,1.14,02.09,54.4,0.15,0.17,0.17,-0.01,1.48,1.82,1.48,0.03,3.32,Matchs
1456,Qazim Laçi,al ALB,MT,Ajaccio,fr Ligue 1,26,1996,2.4,46.3,59.2,78.2,949.2,287.9,18.3,22.9,80.0,17.9,20.8,86.0,8.75,12.9,67.7,0.00,0.08,0.17,-0.08,1.25,7.50,0.42,0.00,10.0,Matchs
1457,Maxence Lacroix,fr FRA,DF,Wolfsburg,de Bundesliga,22,2000,18.1,52.6,60.5,86.9,1099.2,428.1,13.4,15.0,89.0,32.5,34.7,93.8,6.35,9.72,65.3,0.00,0.01,0.01,-0.01,0.17,3.92,0.00,0.00,4.59,Matchs
1458,Alban Lafont,fr FRA,GB,Nantes,fr Ligue 1,23,1999,37.0,22.6,32.2,70.1,686.9,521.0,3.19,3.22,99.2,10.4,10.7,97.7,8.89,18.2,49.0,0.00,0.00,0.00,-0.00,0.03,0.43,0.03,0.00,0.03,Matchs
1459,Aïssa Laïdouni,tn TUN,MT,Union Berlin,de Bundesliga,25,1996,9.7,24.3,33.0,73.8,438.6,137.5,10.8,13.0,83.3,9.90,12.8,77.4,2.89,4.64,62.2,0.00,0.09,0.11,-0.09,0.41,2.99,1.34,0.31,4.12,Matchs
1460,Konrad Laimer,at AUT,MT,RB Leipzig,de Bundesliga,25,1997,16.3,36.6,46.1,79.4,585.2,174.6,18.0,20.8,86.7,14.8,17.1,86.4,2.39,4.72,50.6,0.00,0.14,0.10,-0.14,0.98,3.87,01.04,0.12,5.71,Matchs
1461,Stefan Lainer,at AUT,DF,M'Gladbach,de Bundesliga,29,1992,9.1,55.1,67.9,81.1,857.4,300.4,29.2,32.9,89.0,21.5,25.8,83.4,2.97,5.82,50.9,0.00,0.13,0.14,-0.13,0.88,4.18,1.43,0.77,4.95,Matchs
1462,Kenny Lala,fr FRA,DF,Brest,fr Ligue 1,30,1991,15.7,42.0,55.7,75.5,859.8,331.0,15.5,18.4,84.1,18.9,23.2,81.3,7.32,12.1,60.5,0.13,0.13,0.15,0.00,1.53,2.93,01.08,0.57,3.89,Matchs
1463,Adam Lallana,eng ENG,"MT,AT",Brighton,eng Premier League,34,1988,8.0,32.8,39.6,82.6,379.1,82.0,21.6,24.3,89.2,7.13,9.25,77.0,0.75,1.13,66.7,0.13,0.13,0.15,0.00,1.75,2.88,1.13,0.13,4.13,Matchs
1464,Vassilis Lambropoulos,gr GRE,DF,Bochum,de Bundesliga,32,1990,7.0,23.3,34.3,67.9,468.6,198.6,7.29,8.71,83.6,13.7,17.7,77.4,2.29,7.43,30.8,0.00,0.03,0.04,-0.03,0.14,1.71,0.29,0.00,3.71,Matchs
1465,Érik Lamela,ar ARG,"AT,MT",Sevilla,es La Liga,30,1992,20.5,28.7,37.6,76.4,396.0,74.2,16.9,20.0,84.6,8.78,10.9,80.4,1.27,1.90,66.7,0.00,0.07,0.06,-0.07,1.17,1.85,01.02,0.05,3.37,Matchs
1466,Mohamed Lamine Bayo,gn GUI,"AT,MT",Lille,fr Ligue 1,24,1998,7.2,11.3,17.9,62.8,136.1,33.5,6.81,10.3,66.2,2.36,04.03,58.6,0.42,0.42,100.0,0.14,0.25,0.26,-0.11,1.67,0.69,0.14,0.00,0.69,Matchs
1467,Sam Lammers,nl NED,AT,Sampdoria,it Serie A,25,1997,12.2,14.1,20.8,67.7,183.9,44.0,9.51,12.5,75.8,3.69,5.66,65.2,0.33,0.33,100.0,0.08,0.10,0.06,-0.02,1.15,01.07,0.66,0.08,1.56,Matchs
1468,Sam Lammers,nl NED,AT,Empoli,it Serie A,25,1997,9.8,14.6,23.5,62.2,185.1,46.0,9.59,13.2,72.9,4.18,6.12,68.3,0.10,0.51,20.0,0.10,0.07,0.03,0.03,01.02,1.33,0.41,0.00,1.94,Matchs
1469,Tariq Lamptey,gh GHA,DF,Brighton,eng Premier League,21,2000,5.0,47.8,60.4,79.1,701.8,170.8,26.0,29.8,87.2,19.2,23.2,82.8,1.00,4.20,23.8,0.00,0.04,0.14,-0.04,0.80,2.80,1.60,1.00,5.20,Matchs
1470,Manuel Lanzini,ar ARG,"MT,AT",West Ham,eng Premier League,29,1993,2.8,52.1,62.5,83.4,793.2,186.4,29.3,33.6,87.2,17.1,18.9,90.6,3.93,06.07,64.7,0.00,0.07,0.11,-0.07,0.36,4.64,01.07,0.00,6.79,Matchs
1471,Aymeric Laporte,es ESP,DF,Manchester City,eng Premier League,28,1994,11.0,81.1,87.6,92.5,1330.0,395.2,40.1,42.1,95.2,35.2,36.8,95.6,4.73,6.73,70.3,0.00,0.02,0.04,-0.02,0.45,7.91,0.64,0.00,7.73,Matchs
1472,Julien Laporte,fr FRA,DF,Lorient,fr Ligue 1,28,1993,18.4,37.0,43.4,85.2,767.4,267.0,10.7,11.6,92.0,20.5,22.1,92.9,5.22,8.48,61.5,0.00,0.00,0.01,0.00,0.05,2.83,0.05,0.00,2.23,Matchs
1473,Cyle Larin,ca CAN,AT,Valladolid,es La Liga,27,1995,16.3,10.4,15.2,68.8,140.4,22.7,6.50,8.22,79.1,2.58,3.56,72.4,0.55,0.86,64.3,0.18,0.16,0.07,0.02,0.98,0.31,0.43,0.06,01.04,Matchs
1474,Juan Larios,es ESP,DF,Southampton,eng Premier League,18,2004,1.7,37.1,48.2,76.8,518.2,191.8,23.5,27.1,87.0,12.4,15.9,77.8,1.18,2.35,50.0,0.00,0.00,0.00,0.00,0.00,2.94,0.00,0.00,2.35,Matchs
1475,Yasser Larouci,dz ALG,"DF,MT",Troyes,fr Ligue 1,21,2001,20.0,31.1,41.2,75.4,470.8,172.4,16.4,19.5,84.1,12.4,16.3,76.6,1.20,3.20,37.5,0.05,0.08,0.07,-0.03,0.85,2.00,0.85,0.40,3.15,Matchs
Clt,Joueur,Nation,Pos,Équipe,Comp,Âge,Naissance,90,Cmp,Att,Cmp%,TotDist,DistBut,Cmp,Att,Cmp%,Cmp,Att,Cmp%,Cmp,Att,Cmp%,PD,xAG,xA,A-xAG,PC,1/3,PPA,CntSR,PrgP,Matchs
1476,Jordan Larsson,se SWE,"AT,MT",Schalke 04,de Bundesliga,25,1997,5.1,17.1,22.9,74.4,242.4,78.4,9.61,11.4,84.5,5.29,6.47,81.8,0.78,1.96,40.0,0.00,0.08,0.12,-0.08,0.78,1.37,0.98,0.00,2.35,Matchs
1477,Kevin Lasagna,it ITA,"AT,MT",Hellas Verona,it Serie A,29,1992,17.5,8.97,14.7,60.9,133.6,31.3,4.40,6.40,68.8,03.09,4.63,66.7,0.46,01.03,44.4,0.11,0.10,0.02,0.02,0.97,0.51,0.51,0.00,01.09,Matchs
1478,Jamaal Lascelles,eng ENG,DF,Newcastle Utd,eng Premier League,28,1993,2.4,32.9,38.8,84.9,602.1,241.7,12.1,14.2,85.3,16.7,18.3,90.9,2.92,4.58,63.6,0.00,0.00,0.00,0.00,0.00,1.67,0.00,0.00,1.25,Matchs
1479,Juanmi Latasa,es ESP,AT,Getafe,es La Liga,21,2001,5.0,16.0,32.8,48.8,228.2,70.2,8.20,15.4,53.2,5.80,10.8,53.7,0.60,0.80,75.0,0.00,0.12,0.12,-0.12,1.20,1.40,1.20,0.00,3.80,Matchs
1480,Toni Lato,es ESP,"DF,MT",Valencia,es La Liga,24,1997,10.2,38.2,48.0,79.6,602.0,200.0,20.1,22.4,89.9,14.5,17.4,83.6,2.55,5.98,42.6,0.00,0.09,0.10,-0.09,1.47,3.14,0.98,0.20,3.92,Matchs
1481,Danny Latza,de GER,MT,Schalke 04,de Bundesliga,32,1989,9.5,32.6,41.5,78.7,565.9,134.1,13.9,15.9,87.4,14.4,17.2,84.0,3.26,5.37,60.8,0.11,0.02,0.04,0.08,0.42,2.21,0.53,0.21,3.47,Matchs
1482,Armand Lauriente,fr FRA,AT,Sassuolo,it Serie A,23,1998,24.2,23.6,33.3,71.1,350.7,106.6,14.0,16.5,84.5,07.02,9.71,72.3,1.49,3.80,39.1,0.25,0.26,0.18,-0.01,2.52,1.61,02.02,0.41,3.72,Matchs
1483,Armand Lauriente,fr FRA,AT,Lorient,fr Ligue 1,23,1998,3.0,24.3,31.7,76.8,391.7,124.3,9.33,11.0,84.8,11.0,12.7,86.8,1.67,3.67,45.5,0.00,0.37,0.27,-0.37,3.00,2.00,1.67,0.00,4.67,Matchs
1484,Roméo Lavia,be BEL,MT,Southampton,eng Premier League,18,2004,24.7,34.8,40.4,86.2,599.8,161.4,15.6,17.2,90.8,15.7,17.2,91.3,2.75,3.77,73.1,0.00,0.02,0.02,-0.02,0.65,04.09,0.36,0.00,4.13,Matchs
1485,Lázaro,br BRA,"AT,MT",Almería,es La Liga,20,2002,8.0,21.3,27.3,78.0,311.3,82.5,12.9,15.4,83.7,5.38,6.75,79.6,1.75,2.50,70.0,0.00,0.10,0.05,-0.10,1.50,2.50,0.63,0.13,3.25,Matchs
1486,Valentino Lazaro,at AUT,DF,Torino,it Serie A,26,1996,15.3,44.1,59.0,74.7,741.6,279.6,21.5,24.4,88.0,17.0,22.0,77.4,4.25,09.08,46.8,0.20,0.18,0.16,0.02,1.90,3.14,1.24,0.65,4.84,Matchs
1487,Marko Lazetić,rs SRB,AT,Milan,it Serie A,18,2004,0.1,10.0,10.0,100.0,180.0,0.00,0.00,0.00,,10.0,10.0,100.0,0.00,0.00,,0.00,0.00,0.00,0.00,0.00,0.00,0.00,0.00,0.00,Matchs
1488,Darko Lazović,rs SRB,"MT,DF",Hellas Verona,it Serie A,31,1990,24.9,20.8,33.6,61.8,355.2,150.1,9.96,12.7,78.2,7.99,11.7,68.4,2.21,6.10,36.2,0.20,0.26,0.21,-0.06,1.81,1.97,1.37,0.60,3.25,Matchs
1489,Manuel Lazzari,it ITA,DF,Lazio,it Serie A,28,1993,20.9,49.4,56.6,87.3,684.9,240.5,29.8,31.9,93.4,15.6,18.0,87.0,1.82,2.63,69.1,0.00,0.03,0.04,-0.03,0.48,2.34,0.62,0.33,03.06,Matchs
1490,Théo Le Bris,fr FRA,"MT,DF",Lorient,fr Ligue 1,19,2002,16.1,30.5,38.0,80.4,414.6,115.0,18.9,22.2,84.9,9.94,11.6,85.6,0.62,1.49,41.7,0.12,0.07,0.11,0.05,0.87,1.61,0.68,0.12,2.92,Matchs
1491,Julien Le Cardinal,fr FRA,DF,Lens,fr Ligue 1,24,1997,1.8,50.0,67.2,74.4,864.4,258.9,23.3,28.9,80.8,20.0,26.7,75.0,5.00,7.78,64.3,0.00,0.33,0.22,-0.33,2.22,4.44,2.22,1.67,4.44,Matchs
1492,Jérémy Le Douaron,fr FRA,"MT,AT",Brest,fr Ligue 1,24,1998,23.0,11.5,17.0,67.7,159.3,34.9,6.91,09.04,76.4,3.39,5.13,66.1,0.43,0.83,52.6,0.13,0.07,0.05,0.06,0.74,0.78,0.61,0.17,1.35,Matchs
1493,Enzo Le Fée,fr FRA,MT,Lorient,fr Ligue 1,22,2000,33.6,50.8,63.0,80.6,857.3,273.5,23.0,25.8,89.1,19.2,23.1,83.0,5.48,9.14,59.9,0.18,0.20,0.14,-0.02,1.99,05.06,1.10,0.15,6.49,Matchs
1494,Vincent Le Goff,fr FRA,DF,Lorient,fr Ligue 1,32,1989,37.0,46.0,55.2,83.3,722.3,300.4,23.4,26.1,89.7,18.6,21.4,87.2,2.51,5.11,49.2,0.00,0.02,0.05,-0.02,0.38,3.65,0.76,0.24,4.81,Matchs
1495,Maxime Le Marchand,fr FRA,DF,Strasbourg,fr Ligue 1,32,1989,22.4,42.8,53.9,79.3,819.9,341.1,16.3,18.4,88.3,20.6,23.5,87.5,4.96,10.3,48.1,0.00,0.01,0.02,-0.01,0.09,3.79,0.40,0.13,04.02,Matchs
1496,Robin Le Normand,es ESP,DF,Real Sociedad,es La Liga,25,1996,31.1,49.3,55.9,88.1,968.7,288.4,15.6,17.4,89.5,27.7,29.8,93.1,5.50,7.72,71.3,0.00,0.00,0.02,-0.00,0.10,2.99,0.06,0.00,3.92,Matchs
1497,Rafael Leão,pt POR,"AT,MT",Milan,it Serie A,23,1999,26.9,22.1,31.4,70.4,378.8,119.4,10.5,13.6,77.3,8.40,11.2,74.8,2.42,3.98,60.7,0.30,0.26,0.23,0.04,1.82,2.38,2.19,0.52,4.54,Matchs
1498,Paolo Lebas,fr FRA,MT,Ajaccio,fr Ligue 1,19,2003,0.6,20.0,26.7,75.0,346.7,120.0,10.0,16.7,60.0,10.0,10.0,100.0,0.00,0.00,,0.00,0.00,0.00,0.00,0.00,3.33,0.00,0.00,3.33,Matchs
1499,Jean-Louis Leca,fr FRA,GB,Lens,fr Ligue 1,36,1985,1.0,32.0,39.0,82.1,953.0,690.0,10.0,11.0,90.9,8.00,8.00,100.0,14.0,20.0,70.0,0.00,0.00,0.00,0.00,0.00,1.00,0.00,0.00,0.00,Matchs
1500,Benjamin Lecomte,fr FRA,GB,Espanyol,es La Liga,31,1991,10.0,17.9,27.5,65.1,630.2,523.4,2.10,2.10,100.0,6.60,6.70,98.5,9.20,18.4,50.0,0.00,0.01,0.00,-0.01,0.10,0.50,0.00,0.00,0.00,Matchs
Clt,Joueur,Nation,Pos,Équipe,Comp,Âge,Naissance,90,Cmp,Att,Cmp%,TotDist,DistBut,Cmp,Att,Cmp%,Cmp,Att,Cmp%,Cmp,Att,Cmp%,PD,xAG,xA,A-xAG,PC,1/3,PPA,CntSR,PrgP,Matchs
1501,Benjamin Lecomte,fr FRA,GB,Montpellier,fr Ligue 1,31,1991,19.0,21.6,33.8,63.9,667.5,513.2,2.79,2.79,100.0,9.00,9.32,96.6,9.79,21.5,45.5,0.00,0.01,0.00,-0.01,0.05,0.16,0.00,0.00,0.00,Matchs
1502,Jeremías Ledesma,ar ARG,GB,Cádiz,es La Liga,29,1993,34.0,17.2,32.8,52.5,652.1,549.9,1.71,1.76,96.7,6.56,6.76,97.0,8.91,24.1,37.0,0.00,0.00,0.00,0.00,0.03,1.24,0.03,0.00,0.00,Matchs
1503,Pierre Lees-Melou,fr FRA,MT,Brest,fr Ligue 1,29,1993,30.7,39.0,47.6,82.0,791.5,273.3,14.8,16.9,87.5,15.7,17.9,87.5,7.23,10.5,68.9,0.16,0.07,0.08,0.09,0.52,4.89,0.46,0.16,5.83,Matchs
1504,Diogo Leite,pt POR,DF,Union Berlin,de Bundesliga,23,1999,25.0,42.8,54.6,78.4,857.5,310.9,14.3,16.8,85.2,22.2,25.7,86.3,5.84,10.4,56.2,0.04,0.02,0.03,0.02,0.16,3.88,0.16,0.04,4.44,Matchs
1505,Maxim Leitsch,de GER,DF,Mainz 05,de Bundesliga,24,1998,7.4,33.6,44.3,75.9,633.9,228.0,14.2,17.2,82.7,15.4,19.2,80.3,3.65,6.76,54.0,0.00,0.00,0.01,0.00,0.14,2.16,0.14,0.00,3.38,Matchs
1506,Florian Lejeune,fr FRA,DF,Rayo Vallecano,es La Liga,31,1991,28.5,38.9,49.7,78.3,912.5,362.0,8.70,10.0,87.0,22.2,24.4,90.9,7.75,14.1,55.1,0.00,0.01,0.01,-0.01,0.28,4.18,0.18,0.04,2.81,Matchs
1507,Iñigo Lekue,es ESP,DF,Athletic Club,es La Liga,29,1993,14.7,42.4,54.9,77.3,707.9,250.7,20.8,24.0,86.7,17.7,22.4,79.0,03.06,5.78,52.9,0.07,0.05,0.05,0.02,0.88,3.88,0.61,0.48,4.35,Matchs
1508,Thomas Lemar,fr FRA,MT,Atlético Madrid,es La Liga,26,1995,13.9,49.6,58.6,84.8,730.2,199.4,29.1,31.3,92.9,14.5,17.1,84.9,3.74,5.90,63.4,0.22,0.14,0.12,0.08,1.87,4.89,1.58,0.43,5.76,Matchs
1509,Félix Lemaréchal,fr FRA,MT,Brest,fr Ligue 1,18,2003,3.2,27.8,35.3,78.8,458.8,100.6,15.3,17.5,87.5,10.0,13.4,74.4,2.19,3.75,58.3,0.00,0.16,0.13,-0.16,1.88,1.88,1.25,0.31,4.38,Matchs
1510,Dexter Lembikisa,jm JAM,DF,Wolves,eng Premier League,18,2003,0.3,33.3,43.3,76.9,600.0,243.3,16.7,16.7,100.0,16.7,16.7,100.0,0.00,0.00,,0.00,0.00,0.00,0.00,0.00,6.67,0.00,0.00,10.0,Matchs
1511,Mario Lemina,ga GAB,MT,Wolves,eng Premier League,28,1993,14.4,39.3,45.2,86.9,698.0,202.6,16.7,18.7,89.6,18.5,20.1,92.4,3.54,5.00,70.8,0.07,0.02,0.03,0.05,0.21,2.15,0.35,0.07,2.92,Matchs
1512,Mario Lemina,ga GAB,"MT,DF",Nice,fr Ligue 1,28,1993,9.3,61.2,68.5,89.3,1026.2,290.4,27.2,28.8,94.4,27.1,28.5,95.1,4.52,08.06,56.0,0.00,0.01,0.02,-0.01,0.43,4.73,0.32,0.00,4.95,Matchs
1513,Tim Lemperle,de GER,"AT,MT",Köln,de Bundesliga,20,2002,1.5,18.7,35.3,52.8,229.3,82.0,11.3,17.3,65.4,3.33,8.00,41.7,1.33,2.67,50.0,0.00,0.67,0.67,-0.67,2.00,2.00,1.33,0.00,3.33,Matchs
1514,Clément Lenglet,fr FRA,DF,Tottenham,eng Premier League,27,1995,22.4,56.7,65.4,86.7,1056.6,383.4,21.6,22.4,96.6,28.4,31.3,90.9,5.76,9.78,58.9,0.09,0.03,0.04,0.06,0.27,3.57,0.49,0.22,3.79,Matchs
1515,Bernd Leno,de GER,GB,Fulham,eng Premier League,30,1992,36.0,30.8,38.8,79.5,749.3,455.1,6.50,6.53,99.6,18.1,18.2,99.4,6.19,14.0,44.3,0.00,0.00,0.00,0.00,0.03,0.31,0.00,0.00,0.00,Matchs
1516,Christopher Lenz,de GER,DF,Eint Frankfurt,de Bundesliga,27,1994,14.3,43.4,57.6,75.4,781.8,299.8,19.3,21.6,89.3,18.3,23.0,79.3,4.90,10.4,47.0,0.14,0.18,0.22,-0.04,1.68,3.22,1.19,0.56,4.41,Matchs
1517,Donovan Léon,gf GUF,GB,Auxerre,fr Ligue 1,29,1992,2.0,19.0,39.5,48.1,779.5,654.5,2.00,2.00,100.0,5.00,5.00,100.0,11.5,32.0,35.9,0.00,0.00,0.00,0.00,0.00,2.50,0.00,0.00,0.00,Matchs
1518,Sergio León,es ESP,AT,Valladolid,es La Liga,33,1989,14.8,9.32,13.9,67.0,144.8,26.9,4.86,6.22,78.3,3.11,4.39,70.8,0.61,1.35,45.0,0.07,0.08,0.04,-0.01,0.81,0.34,0.41,0.07,1.49,Matchs
1519,Johann Lepenant,fr FRA,MT,Lyon,fr Ligue 1,19,2002,21.5,54.1,60.5,89.4,913.2,201.5,23.4,26.5,88.4,24.4,25.8,94.6,4.19,4.79,87.4,0.09,0.06,0.06,0.04,0.47,5.35,0.28,0.05,5.81,Matchs
1520,Mehdi Léris,dz ALG,"MT,DF",Sampdoria,it Serie A,24,1998,27.3,22.6,34.1,66.3,323.7,107.6,13.7,16.3,83.6,6.48,10.6,61.0,1.36,3.26,41.6,0.04,0.07,0.06,-0.03,0.73,1.76,0.70,0.18,2.27,Matchs
1521,Jefferson Lerma,co COL,MT,Bournemouth,eng Premier League,27,1994,36.1,36.5,44.6,81.8,566.7,200.2,19.3,22.0,87.6,13.9,16.1,86.4,2.13,04.04,52.7,0.00,0.06,0.09,-0.06,0.50,3.49,0.64,0.06,3.93,Matchs
1522,Benjamin Leroy,fr FRA,GB,Ajaccio,fr Ligue 1,33,1989,31.1,17.1,28.1,60.9,592.1,505.3,1.93,1.93,100.0,6.78,6.91,98.1,8.39,19.1,44.0,0.00,0.00,0.00,0.00,0.00,0.71,0.00,0.00,0.03,Matchs
1523,Léo Leroy,fr FRA,MT,Montpellier,fr Ligue 1,22,2000,13.2,29.3,39.5,74.3,471.1,153.7,15.3,19.9,76.8,9.32,11.3,82.6,2.65,4.55,58.3,0.00,0.07,0.08,-0.07,0.83,2.58,0.76,0.15,4.62,Matchs
1524,Alexandre Letellier,fr FRA,GB,Paris S-G,fr Ligue 1,31,1990,0.1,40.0,40.0,100.0,680.0,430.0,20.0,20.0,100.0,20.0,20.0,100.0,0.00,0.00,,0.00,0.00,0.00,0.00,0.00,0.00,0.00,0.00,0.00,Matchs
1525,Ruan Levine,br BRA,"MT,AT",Ajaccio,fr Ligue 1,23,1999,0.3,43.3,46.7,92.9,660.0,90.0,16.7,16.7,100.0,23.3,23.3,100.0,0.00,0.00,,0.00,0.33,0.00,-0.33,3.33,3.33,0.00,0.00,3.33,Matchs
Clt,Joueur,Nation,Pos,Équipe,Comp,Âge,Naissance,90,Cmp,Att,Cmp%,TotDist,DistBut,Cmp,Att,Cmp%,Cmp,Att,Cmp%,Cmp,Att,Cmp%,PD,xAG,xA,A-xAG,PC,1/3,PPA,CntSR,PrgP,Matchs
1526,Robert Lewandowski,pl POL,AT,Barcelona,es La Liga,33,1988,31.6,19.1,25.1,75.9,262.8,52.8,11.7,13.9,83.9,5.22,6.77,77.1,0.95,1.46,65.2,0.22,0.20,0.17,0.02,1.11,1.55,0.98,0.06,3.16,Matchs
1527,Jamie Leweling,de GER,"AT,MT",Union Berlin,de Bundesliga,21,2001,2.9,13.4,19.7,68.4,188.3,37.2,8.28,9.66,85.7,2.76,5.17,53.3,1.38,2.41,57.1,0.34,0.10,0.10,0.24,01.03,0.69,0.69,0.69,1.38,Matchs
1528,Jamal Lewis,nir NIR,"DF,AT",Newcastle Utd,eng Premier League,24,1998,0.1,120.0,140.0,85.7,1920.0,710.0,30.0,30.0,100.0,80.0,90.0,88.9,0.00,0.00,,0.00,0.00,0.00,0.00,0.00,0.00,0.00,0.00,10.0,Matchs
1529,Rico Lewis,eng ENG,"DF,MT",Manchester City,eng Premier League,17,2004,10.0,61.7,67.5,91.4,877.9,147.6,37.8,40.0,94.5,20.3,21.9,92.7,1.90,2.30,82.6,0.00,0.15,0.16,-0.15,1.20,3.80,1.00,0.30,4.80,Matchs
1530,Keane Lewis-Potter,eng ENG,"AT,MT",Brentford,eng Premier League,21,2001,3.6,13.6,23.9,57.0,166.7,32.8,9.17,13.9,66.0,3.33,4.72,70.6,0.28,2.78,10.0,0.28,0.33,0.08,-0.06,1.39,0.56,0.83,0.28,1.67,Matchs
1531,Dimitri Liénard,fr FRA,"DF,MT",Strasbourg,fr Ligue 1,34,1988,17.1,42.6,57.4,74.1,800.7,234.6,17.5,20.3,86.2,17.5,21.8,80.4,6.20,13.1,47.3,0.00,0.12,0.15,-0.12,1.81,2.87,1.46,0.53,3.92,Matchs
1532,Philipp Lienhart,at AUT,DF,Freiburg,de Bundesliga,26,1996,27.8,49.2,58.0,84.9,1074.1,322.0,11.9,13.5,88.5,30.0,32.2,93.0,07.05,11.1,63.6,0.00,0.01,0.02,-0.01,0.11,2.66,0.14,0.00,2.84,Matchs
1533,Matthijs de Ligt,nl NED,DF,Bayern Munich,de Bundesliga,22,1999,26.7,71.2,78.2,91.1,1371.8,460.3,23.2,24.7,93.8,41.7,44.1,94.6,06.07,08.09,75.0,0.04,0.02,0.03,0.02,0.22,5.81,0.22,0.04,5.36,Matchs
1534,Dimitris Limnios,gr GRE,AT,Köln,de Bundesliga,24,1998,0.4,32.5,57.5,56.5,475.0,70.0,17.5,20.0,87.5,10.0,20.0,50.0,2.50,7.50,33.3,0.00,0.25,0.25,-0.25,5.00,2.50,0.00,0.00,0.00,Matchs
1535,Victor Lindelöf,se SWE,DF,Manchester Utd,eng Premier League,28,1994,15.2,57.0,61.2,93.1,1007.4,304.1,20.9,22.1,94.6,31.5,32.6,96.8,3.55,5.00,71.1,0.00,0.01,0.03,-0.01,0.20,2.30,0.13,0.00,2.37,Matchs
1536,Jesper Lindstrøm,dk DEN,"MT,AT",Eint Frankfurt,de Bundesliga,22,2000,18.7,17.4,27.5,63.2,229.6,62.4,11.1,14.9,74.6,4.44,6.90,64.3,0.75,02.09,35.9,0.11,0.15,0.17,-0.04,01.02,01.07,0.80,0.11,1.76,Matchs
1537,Karol Linetty,pl POL,MT,Torino,it Serie A,27,1995,21.0,39.6,46.0,86.1,658.8,149.0,18.6,20.9,89.1,17.4,18.8,92.7,2.62,4.00,65.5,0.00,0.04,0.04,-0.04,0.95,3.67,0.24,0.05,3.48,Matchs
1538,Jesse Lingard,eng ENG,"AT,MT",Nott'ham Forest,eng Premier League,29,1992,10.3,22.9,28.8,79.5,345.4,87.1,11.7,13.3,88.3,8.54,10.1,84.6,1.36,2.72,50.0,0.00,0.07,0.05,-0.07,01.07,2.62,0.68,0.10,3.20,Matchs
1539,Samuel Lino,br BRA,"AT,MT",Valencia,es La Liga,22,1999,32.1,27.4,36.2,75.5,374.6,80.7,16.8,19.1,87.8,7.98,10.7,74.9,1.12,2.40,46.8,0.03,0.07,0.12,-0.03,0.84,1.43,0.93,0.22,2.90,Matchs
1540,Pol Lirola,es ESP,DF,Elche,es La Liga,24,1997,7.0,34.3,46.4,73.8,537.4,187.0,19.3,22.0,87.7,11.3,15.3,73.8,2.29,5.43,42.1,0.00,0.10,0.09,-0.10,0.86,1.43,0.43,0.29,2.71,Matchs
1541,Mateusz Lis,pl POL,GB,Troyes,fr Ligue 1,25,1997,8.3,25.7,37.8,67.8,680.5,520.2,06.02,6.14,98.0,11.1,11.6,95.8,7.95,19.4,41.0,0.00,0.00,0.00,0.00,0.00,0.60,0.00,0.00,0.00,Matchs
1542,Marcin Listkowski,pl POL,"MT,AT",Lecce,it Serie A,24,1998,0.9,17.8,26.7,66.7,226.7,78.9,15.6,17.8,87.5,0.00,3.33,0.0,1.11,4.44,25.0,0.00,0.00,0.00,0.00,0.00,0.00,0.00,0.00,1.11,Matchs
1543,Valentino Livramento,eng ENG,"DF,AT",Southampton,eng Premier League,19,2002,0.3,70.0,86.7,80.8,1006.7,310.0,33.3,43.3,76.9,36.7,36.7,100.0,0.00,3.33,0.0,0.00,0.00,0.00,0.00,0.00,3.33,0.00,0.00,0.00,Matchs
1544,Dejan Ljubicic,at AUT,"MT,AT",Köln,de Bundesliga,24,1997,19.0,23.4,32.4,72.4,363.1,103.3,13.1,15.8,82.7,7.47,9.74,76.8,1.89,3.47,54.5,0.05,0.11,0.10,-0.06,1.42,02.05,1.16,0.32,3.42,Matchs
1545,Javier Llabrés,es ESP,AT,Mallorca,es La Liga,19,2002,0.2,20.0,20.0,100.0,185.0,60.0,20.0,20.0,100.0,0.00,0.00,,0.00,0.00,,0.00,0.00,0.00,0.00,0.00,0.00,0.00,0.00,0.00,Matchs
1546,Diego Llorente,es ESP,DF,Leeds United,eng Premier League,28,1993,7.2,49.4,59.6,83.0,967.9,317.2,16.4,18.1,90.8,28.2,31.7,89.0,4.58,8.19,55.9,0.00,0.00,0.00,0.00,0.00,2.36,0.00,0.00,3.75,Matchs
1547,Diego Llorente,es ESP,DF,Roma,it Serie A,28,1993,6.4,41.3,46.9,88.0,771.4,246.3,15.6,17.0,91.7,22.0,23.8,92.8,3.44,5.00,68.8,0.00,0.02,0.02,-0.02,0.16,2.34,0.00,0.00,1.88,Matchs
1548,Marcos Llorente,es ESP,"MT,DF",Atlético Madrid,es La Liga,27,1995,18.9,34.9,43.2,80.9,492.0,130.8,20.1,22.0,91.6,10.7,13.8,77.7,1.80,2.91,61.8,0.11,0.19,0.16,-0.08,1.53,1.59,1.59,0.16,4.66,Matchs
1549,Hugo Lloris,fr FRA,GB,Tottenham,eng Premier League,35,1986,24.5,22.9,29.7,77.1,548.7,342.8,7.10,7.22,98.3,9.84,9.88,99.6,5.96,12.4,47.9,0.00,0.00,0.00,0.00,0.00,0.53,0.00,0.00,0.00,Matchs
1550,Giovani Lo Celso,ar ARG,"MT,AT",Villarreal,es La Liga,26,1996,12.5,46.2,55.5,83.3,785.2,215.3,23.5,26.5,88.8,15.3,18.0,84.9,5.76,7.36,78.3,0.24,0.26,0.25,-0.02,2.48,04.08,2.32,0.08,7.76,Matchs
Clt,Joueur,Nation,Pos,Équipe,Comp,Âge,Naissance,90,Cmp,Att,Cmp%,TotDist,DistBut,Cmp,Att,Cmp%,Cmp,Att,Cmp%,Cmp,Att,Cmp%,PD,xAG,xA,A-xAG,PC,1/3,PPA,CntSR,PrgP,Matchs
1551,Stanislav Lobotka,sk SVK,MT,Napoli,it Serie A,27,1994,34.5,62.7,66.7,94.0,1039.3,248.6,30.1,31.7,95.0,25.8,27.0,95.4,4.99,5.54,90.1,0.03,0.03,0.04,0.00,0.49,6.20,0.41,0.00,4.99,Matchs
1552,Manuel Locatelli,it ITA,MT,Juventus,it Serie A,24,1998,27.2,41.0,50.1,81.8,768.1,257.9,17.6,20.1,87.4,17.0,19.3,87.8,5.63,8.27,68.0,0.07,0.07,0.05,0.01,0.81,5.29,0.48,0.04,4.93,Matchs
1553,Luka Lochoshvili,ge GEO,DF,Cremonese,it Serie A,24,1998,20.4,30.7,38.8,79.3,572.4,214.5,11.6,12.7,91.1,16.8,18.9,88.9,2.25,6.13,36.8,0.10,0.05,0.01,0.04,0.25,2.11,0.15,0.05,3.43,Matchs
1554,Bradley Locko,fr FRA,DF,Reims,fr Ligue 1,20,2002,11.8,30.7,39.8,77.0,468.6,195.8,16.9,19.4,86.9,10.9,15.0,72.9,1.78,3.22,55.3,0.00,0.04,0.04,-0.04,0.68,3.73,0.59,0.25,4.66,Matchs
1555,Bradley Locko,fr FRA,DF,Brest,fr Ligue 1,20,2002,3.0,33.0,42.3,78.0,600.7,236.7,14.0,15.3,91.3,14.3,19.3,74.1,3.67,6.33,57.9,0.00,0.07,0.07,-0.07,0.67,2.67,1.00,1.00,2.33,Matchs
1556,Renan Lodi,br BRA,DF,Nott'ham Forest,eng Premier League,24,1998,24.6,23.7,35.7,66.5,415.2,143.5,11.1,13.1,84.2,9.84,13.8,71.4,2.32,6.59,35.2,0.04,0.05,0.05,-0.01,0.53,01.02,0.57,0.33,1.26,Matchs
1557,Ruben Loftus-Cheek,eng ENG,"MT,DF",Chelsea,eng Premier League,26,1996,17.1,45.7,53.0,86.2,667.7,168.3,27.8,31.0,89.6,15.4,17.0,90.4,1.70,2.16,78.4,0.06,0.09,0.11,-0.03,0.94,4.56,01.05,0.06,5.26,Matchs
1558,Sean Longstaff,eng ENG,MT,Newcastle Utd,eng Premier League,24,1997,28.0,33.7,41.5,81.1,552.0,153.5,16.8,19.2,87.4,12.9,14.8,87.2,2.79,4.61,60.5,0.14,0.12,0.09,0.02,0.82,2.86,0.75,0.18,4.14,Matchs
1559,Ademola Lookman,ng NGA,"AT,MT",Atalanta,it Serie A,24,1997,19.2,25.6,33.8,75.8,354.3,105.5,14.8,17.3,85.3,7.50,9.84,76.2,1.30,2.29,56.8,0.31,0.34,0.26,-0.03,02.03,1.56,1.72,0.21,4.11,Matchs
1560,Anthony Lopes,pt POR,GB,Lyon,fr Ligue 1,31,1990,31.3,25.3,32.8,77.2,650.7,459.2,5.53,5.53,100.0,12.5,12.7,99.0,7.12,14.3,49.9,0.00,0.00,0.00,0.00,0.00,0.29,0.00,0.00,0.00,Matchs
1561,Rony Lopes,pt POR,"MT,AT",Troyes,fr Ligue 1,26,1995,26.1,23.1,33.4,69.2,402.6,119.1,11.0,13.7,79.9,08.08,11.0,73.5,2.91,06.02,48.4,0.19,0.19,0.16,0.00,1.92,2.61,1.11,0.38,3.72,Matchs
1562,David López,es ESP,DF,Girona,es La Liga,32,1989,18.4,58.8,65.4,89.9,1115.3,413.4,20.3,21.7,93.3,33.0,34.6,95.3,05.05,7.93,63.7,0.05,0.03,0.03,0.02,0.43,3.10,0.05,0.00,2.93,Matchs
1563,Diego López,es ESP,GB,Rayo Vallecano,es La Liga,40,1981,1.1,20.0,26.4,75.9,420.0,280.9,6.36,7.27,87.5,10.0,10.0,100.0,3.64,09.09,40.0,0.00,0.00,0.00,0.00,0.00,0.00,0.00,0.00,0.00,Matchs
1564,Diego López,es ESP,"AT,MT",Valencia,es La Liga,20,2002,5.0,20.2,30.2,66.9,310.6,99.2,11.2,14.6,76.7,6.00,9.20,65.2,1.80,2.80,64.3,0.20,0.22,0.20,-0.02,2.00,1.40,2.20,0.80,3.40,Matchs
1565,Maxime Lopez,fr FRA,MT,Sassuolo,it Serie A,24,1997,25.5,57.7,65.6,87.9,992.4,347.0,26.5,28.9,91.6,24.0,26.5,90.5,5.65,7.45,75.8,0.00,0.08,0.09,-0.08,1.25,07.02,0.75,0.12,8.24,Matchs
1566,Pau López,es ESP,GB,Marseille,fr Ligue 1,27,1994,32.5,27.0,34.3,78.6,715.2,440.7,4.40,4.46,98.6,14.2,14.4,98.5,8.28,15.2,54.3,0.06,0.01,0.01,0.05,0.09,0.52,0.03,0.00,0.06,Matchs
1567,Unai López,es ESP,MT,Rayo Vallecano,es La Liga,26,1995,13.9,53.6,66.8,80.2,994.1,273.5,23.9,26.8,89.2,20.4,23.6,86.3,7.91,12.6,62.9,0.14,0.10,0.14,0.04,1.51,7.34,01.01,0.22,07.05,Matchs
1568,Dion Lopy,sn SEN,MT,Reims,fr Ligue 1,20,2002,15.3,41.0,48.4,84.6,793.5,203.7,15.0,17.9,83.6,18.2,20.8,87.7,6.34,7.71,82.2,0.07,0.10,0.05,-0.04,0.98,5.36,0.26,0.00,6.60,Matchs
1569,Anthony Losilla,fr FRA,MT,Bochum,de Bundesliga,36,1986,30.2,21.5,31.9,67.6,358.4,125.6,10.3,13.7,75.3,8.81,12.5,70.7,1.72,3.64,47.3,0.07,0.07,0.07,-0.01,0.46,02.05,0.26,0.07,03.08,Matchs
1570,Jordan Lotomba,ch SUI,DF,Nice,fr Ligue 1,23,1998,27.3,43.3,51.7,83.8,625.9,213.3,25.6,28.4,90.3,14.9,17.7,84.3,1.39,2.53,55.1,0.07,0.03,0.05,0.04,0.59,2.56,0.81,0.37,3.88,Matchs
1571,Matteo Lovato,it ITA,DF,Salernitana,it Serie A,22,2000,9.0,30.4,36.1,84.3,563.4,195.6,11.0,12.4,88.4,15.1,17.2,87.7,3.33,4.89,68.2,0.00,0.00,0.00,0.00,0.00,0.89,0.00,0.00,0.89,Matchs
1572,Dejan Lovren,hr CRO,DF,Lyon,fr Ligue 1,33,1989,16.2,59.3,67.7,87.7,1162.2,371.3,19.9,21.9,90.7,32.2,34.6,93.2,6.73,9.94,67.7,0.00,0.03,0.02,-0.03,0.12,04.01,0.00,0.00,3.95,Matchs
1573,Sandi Lovrić,si SVN,MT,Udinese,it Serie A,24,1998,25.9,29.6,37.2,79.6,496.3,147.9,14.6,16.7,87.5,10.3,12.4,83.1,3.20,5.48,58.5,0.23,0.12,0.12,0.11,1.81,3.32,0.93,0.39,04.05,Matchs
1574,Jamal Lowe,jm JAM,"MT,AT",Bournemouth,eng Premier League,28,1994,0.1,20.0,40.0,50.0,180.0,30.0,10.0,10.0,100.0,0.00,0.00,,0.00,10.0,0.0,0.00,0.00,0.00,0.00,0.00,0.00,10.0,0.00,10.0,Matchs
1575,Anthony Lozano,hn HON,AT,Cádiz,es La Liga,29,1993,16.0,12.4,18.3,67.6,151.3,36.8,7.69,9.94,77.4,3.38,5.00,67.5,0.25,0.75,33.3,0.06,0.05,0.06,0.01,0.69,1.19,0.38,0.06,1.75,Matchs
Clt,Joueur,Nation,Pos,Équipe,Comp,Âge,Naissance,90,Cmp,Att,Cmp%,TotDist,DistBut,Cmp,Att,Cmp%,Cmp,Att,Cmp%,Cmp,Att,Cmp%,PD,xAG,xA,A-xAG,PC,1/3,PPA,CntSR,PrgP,Matchs
1576,Hirving Lozano,mx MEX,AT,Napoli,it Serie A,27,1995,17.8,24.8,33.0,75.0,359.2,87.1,14.0,16.3,85.9,7.87,10.2,76.9,1.69,2.81,60.0,0.17,0.19,0.19,-0.02,1.69,1.40,2.25,1.24,2.75,Matchs
1577,Pol Lozano,es ESP,MT,Espanyol,es La Liga,22,1999,0.2,25.0,40.0,62.5,455.0,230.0,10.0,15.0,66.7,10.0,15.0,66.7,5.00,10.0,50.0,0.00,0.00,0.00,0.00,0.00,0.00,0.00,0.00,0.00,Matchs
1578,Jean Lucas,br BRA,MT,Monaco,fr Ligue 1,24,1998,3.2,41.9,48.1,87.0,778.4,197.8,18.8,20.9,89.6,16.9,18.4,91.5,5.31,6.88,77.3,0.00,0.06,0.06,-0.06,0.94,5.94,0.31,0.00,6.25,Matchs
1579,Jhon Lucumí,co COL,DF,Bologna,it Serie A,24,1998,32.2,53.8,60.6,88.7,997.1,367.0,21.5,22.7,94.4,26.1,28.0,93.3,5.62,8.17,68.8,0.03,0.01,0.02,0.02,0.28,03.04,0.19,0.03,2.61,Matchs
1580,José Luis Gayà,es ESP,DF,Valencia,es La Liga,27,1995,30.1,42.7,57.6,74.0,710.7,262.2,22.6,24.7,91.5,15.5,20.8,74.6,3.82,9.17,41.7,0.10,0.18,0.19,-0.08,1.93,3.12,1.33,0.90,4.12,Matchs
1581,José Luis Morales,es ESP,"AT,MT",Villarreal,es La Liga,35,1987,13.5,13.4,19.1,70.2,176.3,36.0,8.96,11.1,80.7,3.41,4.89,69.7,0.52,0.81,63.6,0.00,0.12,0.07,-0.12,0.67,0.30,0.74,0.15,1.11,Matchs
1582,José Luis Palomino,ar ARG,DF,Atalanta,it Serie A,32,1990,8.4,51.0,61.7,82.6,952.1,348.6,20.1,22.7,88.5,25.5,28.8,88.4,5.24,8.33,62.9,0.00,0.04,0.04,-0.04,0.24,3.10,0.48,0.24,3.45,Matchs
1583,Douglas Luiz,br BRA,MT,Aston Villa,eng Premier League,24,1998,32.5,46.0,55.8,82.5,815.1,200.8,18.9,20.9,90.1,20.5,23.6,86.6,4.86,8.52,57.0,0.18,0.14,0.09,0.05,1.38,3.78,0.58,0.12,4.55,Matchs
1584,Romelu Lukaku,be BEL,AT,Inter,it Serie A,29,1993,18.4,15.1,22.0,68.6,186.3,40.7,8.32,10.7,77.7,3.53,5.33,66.3,0.82,1.47,55.6,0.33,0.22,0.16,0.10,1.74,0.92,0.82,0.11,2.23,Matchs
1585,Castello Lukeba,fr FRA,DF,Lyon,fr Ligue 1,19,2002,33.2,61.3,68.0,90.1,1118.4,425.5,22.9,24.5,93.7,33.4,35.6,93.9,4.16,6.23,66.7,0.00,0.01,0.02,-0.01,0.09,04.01,0.15,0.00,5.00,Matchs
1586,Dodi Lukebakio,be BEL,"AT,MT",Hertha BSC,de Bundesliga,24,1997,26.6,15.9,23.0,68.8,255.4,59.1,8.42,11.1,75.7,4.40,6.20,70.9,1.95,3.23,60.5,0.11,0.17,0.18,-0.05,01.09,0.68,0.98,0.23,1.58,Matchs
1587,Saša Lukić,rs SRB,MT,Fulham,eng Premier League,25,1996,4.6,41.7,47.4,88.1,691.3,148.0,18.7,21.1,88.7,19.8,21.5,91.9,2.61,3.48,75.0,0.00,0.00,0.02,0.00,0.00,4.35,0.43,0.22,2.83,Matchs
1588,Saša Lukić,rs SRB,MT,Torino,it Serie A,25,1996,13.3,47.1,55.0,85.7,886.3,181.2,17.4,19.9,87.5,23.1,25.5,90.6,5.86,7.67,76.5,0.00,0.11,0.10,-0.11,1.20,04.06,0.60,0.23,3.31,Matchs
1589,Andriy Lunin,ua UKR,GB,Real Madrid,es La Liga,23,1999,7.0,29.3,32.4,90.3,678.6,428.6,6.43,6.43,100.0,16.7,17.1,97.5,6.14,8.71,70.5,0.00,0.00,0.00,0.00,0.00,0.00,0.00,0.00,0.00,Matchs
1590,Andrey Lunyov,ru RUS,GB,Leverkusen,de Bundesliga,30,1991,1.0,35.0,44.0,79.5,880.0,696.0,9.00,9.00,100.0,17.0,19.0,89.5,9.00,16.0,56.3,0.00,0.00,0.00,0.00,0.00,1.00,0.00,0.00,0.00,Matchs
1591,Sebastiano Luperto,it ITA,DF,Empoli,it Serie A,25,1996,34.8,42.4,49.0,86.5,842.9,294.3,13.2,14.1,93.7,23.2,25.2,92.1,5.26,8.56,61.4,0.00,0.02,0.01,-0.02,0.09,1.55,0.09,0.03,02.07,Matchs
1592,Lyanco,br BRA,DF,Southampton,eng Premier League,25,1997,13.1,30.5,42.6,71.7,589.2,212.7,10.5,12.4,84.0,15.9,20.1,79.1,3.36,8.40,40.0,0.08,0.04,0.01,0.04,0.31,2.37,0.23,0.08,2.67,Matchs
1593,Charalambos Lykogiannis,gr GRE,DF,Bologna,it Serie A,28,1993,12.3,42.1,59.4,70.9,722.0,291.1,20.0,22.8,87.9,17.8,23.3,76.3,3.66,9.51,38.5,0.00,0.12,0.12,-0.12,1.46,4.15,1.38,0.98,4.88,Matchs
1594,Youssouf M'Changama,km COM,MT,Auxerre,fr Ligue 1,31,1990,12.0,32.0,40.8,78.5,552.5,154.8,14.6,17.3,84.5,12.5,14.2,88.2,3.33,6.83,48.8,0.00,0.07,0.10,-0.07,0.92,2.92,0.67,0.25,04.08,Matchs
1595,Awer Mabil,au AUS,"MT,AT",Cádiz,es La Liga,26,1995,1.8,18.9,30.0,63.0,234.4,82.8,12.2,15.6,78.6,3.33,5.56,60.0,1.11,5.00,22.2,0.00,0.00,0.00,0.00,0.56,2.22,0.00,0.00,2.22,Matchs
1596,Alexis Mac Allister,ar ARG,MT,Brighton,eng Premier League,23,1998,32.1,49.4,57.4,86.0,776.8,195.0,26.4,29.0,91.1,18.4,20.3,90.5,3.15,4.61,68.2,0.06,0.13,0.14,-0.07,1.46,4.70,01.03,0.03,5.42,Matchs
1597,Deiver Machado,co COL,"DF,MT",Lens,fr Ligue 1,28,1993,24.3,29.6,36.0,82.2,465.8,132.0,15.3,17.7,86.5,11.0,12.8,86.2,02.06,3.50,58.8,0.12,0.12,0.11,0.01,0.82,1.36,0.86,0.53,2.22,Matchs
1598,Darwin Machís,ve VEN,AT,Valladolid,es La Liga,29,1993,6.7,20.4,31.0,65.9,390.0,109.1,10.1,12.1,84.0,6.27,8.21,76.4,3.58,07.01,51.1,0.15,0.31,0.27,-0.16,1.34,01.04,1.64,1.49,1.49,Matchs
1599,James Maddison,eng ENG,"MT,AT",Leicester City,eng Premier League,25,1996,27.6,30.6,41.7,73.4,516.1,157.8,15.1,17.4,86.7,10.9,14.3,75.9,3.37,6.74,50.0,0.33,0.34,0.21,-0.01,2.50,4.24,0.98,0.14,5.47,Matchs
1600,Noni Madueke,eng ENG,AT,Chelsea,eng Premier League,20,2002,7.1,31.4,40.3,78.0,418.6,108.6,19.3,22.8,84.6,9.30,12.1,76.7,1.13,1.69,66.7,0.00,0.07,0.10,-0.07,1.83,1.55,1.83,0.00,05.07,Matchs
Clt,Joueur,Nation,Pos,Équipe,Comp,Âge,Naissance,90,Cmp,Att,Cmp%,TotDist,DistBut,Cmp,Att,Cmp%,Cmp,Att,Cmp%,Cmp,Att,Cmp%,PD,xAG,xA,A-xAG,PC,1/3,PPA,CntSR,PrgP,Matchs
1601,Pablo Maffeo,es ESP,DF,Mallorca,es La Liga,25,1997,33.1,24.7,36.9,67.1,424.9,186.6,12.5,14.2,88.5,9.37,13.9,67.4,2.51,6.44,39.0,0.12,0.09,0.08,0.03,01.03,1.60,0.88,0.63,1.84,Matchs
1602,Lisandro Magallán,ar ARG,DF,Elche,es La Liga,28,1993,10.0,32.5,39.1,83.1,644.0,269.5,11.0,12.1,90.9,16.8,19.1,88.0,4.20,6.70,62.7,0.00,0.01,0.02,-0.01,0.20,1.60,0.10,0.10,1.60,Matchs
1603,Soungoutou Magassa,fr FRA,MT,Monaco,fr Ligue 1,18,2003,0.9,30.0,37.8,79.4,571.1,216.7,13.3,16.7,80.0,8.89,8.89,100.0,6.67,10.0,66.7,0.00,0.00,0.00,0.00,0.00,3.33,0.00,0.00,3.33,Matchs
1604,Giulio Maggiore,it ITA,MT,Salernitana,it Serie A,24,1998,9.9,35.5,47.7,74.4,593.2,158.0,16.8,21.0,79.8,14.1,16.5,85.9,3.33,6.77,49.3,0.00,0.05,0.06,-0.05,0.30,3.54,1.11,0.00,5.35,Matchs
1605,Giangiacomo Magnani,it ITA,DF,Hellas Verona,it Serie A,26,1995,17.0,21.6,29.4,73.5,447.2,156.2,7.35,8.88,82.8,10.4,12.4,83.4,3.59,7.18,50.0,0.06,0.01,0.01,0.05,0.29,1.88,0.24,0.06,1.88,Matchs
1606,Hugo Magnetti,fr FRA,MT,Brest,fr Ligue 1,24,1998,18.8,33.7,40.5,83.2,609.6,144.3,14.3,16.6,85.6,14.8,16.5,89.4,3.67,5.37,68.3,0.11,0.03,0.04,0.07,0.64,3.40,0.43,0.21,3.72,Matchs
1607,Yohann Magnin,fr FRA,MT,Clermont Foot,fr Ligue 1,25,1997,26.7,42.0,50.1,83.8,693.9,207.5,19.0,21.6,87.9,17.3,19.9,87.2,3.48,5.28,66.0,0.00,0.09,0.07,-0.09,0.79,3.30,0.34,0.07,4.53,Matchs
1608,Harry Maguire,eng ENG,DF,Manchester Utd,eng Premier League,29,1993,8.5,57.8,67.9,85.1,1163.8,359.5,17.3,19.4,89.1,32.5,35.8,90.8,6.82,10.9,62.4,0.00,0.00,0.01,0.00,0.12,3.65,0.00,0.00,03.06,Matchs
1609,Jon Magunacelaya,es ESP,"MT,AT",Real Sociedad,es La Liga,22,2000,0.7,11.4,22.9,50.0,214.3,80.0,5.71,14.3,40.0,4.29,5.71,75.0,1.43,1.43,100.0,0.00,0.57,0.71,-0.57,2.86,0.00,0.00,0.00,0.00,Matchs
1610,Riyad Mahrez,dz ALG,"AT,MT",Manchester City,eng Premier League,31,1991,21.3,45.0,54.7,82.2,739.2,129.2,23.8,26.6,89.2,16.7,19.5,85.3,3.85,6.62,58.2,0.47,0.33,0.25,0.14,2.44,1.69,1.74,0.33,3.57,Matchs
1611,Arne Maier,de GER,MT,Augsburg,de Bundesliga,23,1999,21.8,19.3,30.2,64.0,330.5,107.2,8.99,12.1,74.2,7.39,10.2,72.2,02.06,4.68,44.1,0.05,0.08,0.10,-0.04,0.96,1.88,0.69,0.05,03.03,Matchs
1612,Mike Maignan,fr FRA,GB,Milan,it Serie A,27,1995,22.0,30.6,37.0,82.8,768.2,484.5,06.05,06.09,99.3,16.1,16.4,98.3,8.41,14.3,58.9,0.05,0.00,0.00,0.05,0.05,0.77,0.00,0.00,0.05,Matchs
1613,Linton Maina,de GER,"AT,MT",Köln,de Bundesliga,23,1999,24.9,19.0,27.5,69.3,275.4,65.1,11.2,13.3,84.0,6.22,8.55,72.8,0.92,2.49,37.1,0.28,0.24,0.19,0.04,1.41,1.29,1.00,0.36,2.45,Matchs
1614,Kobbie Mainoo,eng ENG,MT,Manchester Utd,eng Premier League,17,2005,0.1,70.0,80.0,87.5,830.0,310.0,50.0,60.0,83.3,20.0,20.0,100.0,0.00,0.00,,0.00,0.00,1.00,0.00,0.00,10.0,10.0,0.00,10.0,Matchs
1615,Ainsley Maitland-Niles,eng ENG,"DF,MT",Southampton,eng Premier League,24,1997,15.6,36.2,45.7,79.2,597.6,208.0,18.5,21.2,87.0,13.7,16.5,82.9,3.21,5.38,59.5,0.00,0.04,0.04,-0.04,0.64,3.33,0.77,0.32,3.65,Matchs
1616,Jordan Majchrzak,pl POL,AT,Roma,it Serie A,17,2004,0.2,15.0,20.0,75.0,135.0,75.0,15.0,15.0,100.0,0.00,5.00,0.0,0.00,0.00,,0.00,0.00,0.00,0.00,0.00,5.00,0.00,0.00,0.00,Matchs
1617,Lovro Majer,hr CRO,"MT,AT",Rennes,fr Ligue 1,24,1998,18.5,41.0,52.8,77.7,709.7,198.2,17.1,20.9,81.7,18.1,21.0,86.1,04.05,07.03,57.7,0.27,0.24,0.24,0.03,1.95,4.86,1.95,0.49,7.24,Matchs
1618,Jean-Victor Makengo,fr FRA,MT,Udinese,it Serie A,24,1998,8.9,29.7,35.5,83.5,417.8,99.3,18.8,20.2,92.8,8.88,10.8,82.3,01.01,1.46,69.2,0.11,0.06,0.04,0.06,0.56,2.13,0.67,0.11,04.04,Matchs
1619,Jean-Victor Makengo,fr FRA,MT,Lorient,fr Ligue 1,24,1998,11.8,40.3,45.8,88.0,585.4,142.1,22.1,24.4,90.6,14.2,15.7,90.8,1.61,2.37,67.9,0.00,0.04,0.06,-0.04,0.68,2.80,0.25,0.00,3.56,Matchs
1620,Béni Makouana,cg CGO,"AT,MT",Montpellier,fr Ligue 1,19,2002,2.2,6.82,17.3,39.5,66.4,19.5,4.55,09.09,50.0,0.91,4.55,20.0,0.00,0.00,,0.00,0.00,0.00,0.00,0.45,0.00,0.45,0.00,0.91,Matchs
1621,Nemanja Maksimović,rs SRB,MT,Getafe,es La Liga,27,1995,22.8,19.3,24.7,78.0,287.1,60.5,9.91,12.1,81.6,7.41,8.95,82.8,0.88,1.84,47.6,0.00,0.03,0.04,-0.03,0.44,1.23,0.31,0.13,1.84,Matchs
1622,Tyrell Malacia,nl NED,DF,Manchester Utd,eng Premier League,22,1999,15.5,44.8,51.7,86.5,655.2,192.3,27.7,29.9,92.7,13.2,15.0,88.4,2.26,3.87,58.3,0.00,0.05,0.05,-0.05,0.58,2.32,0.52,0.00,2.84,Matchs
1623,Lorenzo Malagrida,it ITA,"MT,DF",Sampdoria,it Serie A,18,2003,1.2,25.8,35.0,73.8,317.5,82.5,18.3,21.7,84.6,6.67,8.33,80.0,0.00,1.67,0.0,0.00,0.08,0.08,-0.08,1.67,0.83,2.50,0.83,3.33,Matchs
1624,Daniel Maldini,it ITA,"AT,MT",Spezia,it Serie A,20,2001,7.0,17.9,26.7,66.8,237.9,47.1,10.3,12.7,80.9,4.71,6.71,70.2,1.00,3.57,28.0,0.00,0.07,0.04,-0.07,0.57,1.29,0.71,0.14,1.43,Matchs
1625,Youssef Maleh,ma MAR,MT,Fiorentina,it Serie A,23,1998,3.3,28.8,35.2,81.9,443.0,113.9,16.7,19.1,87.3,9.39,10.6,88.6,2.12,3.64,58.3,0.00,0.18,0.12,-0.18,1.82,2.42,1.52,0.61,3.33,Matchs
Clt,Joueur,Nation,Pos,Équipe,Comp,Âge,Naissance,90,Cmp,Att,Cmp%,TotDist,DistBut,Cmp,Att,Cmp%,Cmp,Att,Cmp%,Cmp,Att,Cmp%,PD,xAG,xA,A-xAG,PC,1/3,PPA,CntSR,PrgP,Matchs
1626,Youssef Maleh,ma MAR,MT,Lecce,it Serie A,23,1998,7.5,19.5,27.5,70.9,294.4,75.5,10.8,13.7,78.6,07.07,10.1,69.7,0.93,2.00,46.7,0.13,0.04,0.03,0.09,0.80,2.13,0.40,0.13,2.53,Matchs
1627,Donyell Malen,nl NED,AT,Dortmund,de Bundesliga,23,1999,19.0,24.4,32.9,74.1,351.6,88.3,14.3,16.6,86.0,6.74,9.37,71.9,1.74,3.37,51.6,0.32,0.23,0.27,0.08,1.53,2.16,1.37,0.47,3.16,Matchs
1628,Ruslan Malinovskyi,ua UKR,"MT,AT",Atalanta,it Serie A,29,1993,6.1,40.7,54.4,74.7,795.2,269.7,17.4,20.2,86.2,15.9,19.8,80.2,6.39,10.5,60.9,0.33,0.33,0.21,0.00,2.13,5.90,2.46,0.00,8.20,Matchs
1629,Ruslan Malinovskyi,ua UKR,"MT,AT",Marseille,fr Ligue 1,29,1993,13.6,30.2,39.9,75.7,503.4,144.0,14.8,18.2,81.4,11.4,14.0,81.2,2.79,4.63,60.3,0.07,0.18,0.15,-0.10,1.40,3.90,1.32,0.37,4.71,Matchs
1630,Hugo Mallo,es ESP,DF,Celta Vigo,es La Liga,31,1991,24.0,45.6,59.5,76.7,756.7,308.3,21.7,24.1,90.1,19.5,24.5,79.4,3.25,7.21,45.1,0.04,0.11,0.11,-0.07,0.83,3.71,0.96,0.46,3.88,Matchs
1631,Mickael Malsa,mq MTQ,MT,Valladolid,es La Liga,26,1995,0.8,16.3,25.0,65.0,195.0,115.0,8.75,11.3,77.8,6.25,10.0,62.5,0.00,0.00,,0.00,0.00,0.00,0.00,0.00,3.75,0.00,0.00,6.25,Matchs
1632,Giorgi Mamardashvili,ge GEO,GB,Valencia,es La Liga,21,2000,38.0,18.3,28.6,64.2,537.0,414.3,3.79,3.79,100.0,8.16,8.37,97.5,6.24,16.1,38.7,0.00,0.00,0.00,0.00,0.00,0.45,0.00,0.00,0.05,Matchs
1633,Hianga Mananga Mbock,fr FRA,MT,Brest,fr Ligue 1,22,1999,0.2,40.0,50.0,80.0,730.0,65.0,15.0,15.0,100.0,20.0,30.0,66.7,5.00,5.00,100.0,0.00,0.00,0.00,0.00,0.00,0.00,0.00,0.00,0.00,Matchs
1634,Gianluca Mancini,it ITA,DF,Roma,it Serie A,26,1996,31.8,41.1,51.0,80.6,782.1,282.3,15.5,17.0,91.1,20.1,22.6,88.9,4.94,9.78,50.5,0.06,0.05,0.04,0.01,0.50,3.27,0.47,0.16,2.92,Matchs
1635,Steve Mandanda,fr FRA,GB,Rennes,fr Ligue 1,37,1985,33.5,27.4,36.3,75.6,746.3,508.2,4.66,4.72,98.7,14.0,14.3,97.9,8.69,17.1,50.8,0.03,0.00,0.00,0.03,0.03,0.45,0.00,0.00,0.03,Matchs
1636,Reinildo Mandava,mz MOZ,DF,Atlético Madrid,es La Liga,28,1994,20.6,44.6,51.8,86.0,638.4,250.2,26.5,28.3,93.5,14.5,16.6,87.7,1.84,04.08,45.2,0.00,0.02,0.04,-0.02,0.44,2.48,0.34,0.15,3.40,Matchs
1637,Aïssa Mandi,dz ALG,DF,Villarreal,es La Liga,30,1991,16.2,51.0,56.2,90.7,991.6,357.6,17.8,18.7,95.0,26.4,28.5,92.4,06.05,7.41,81.7,0.00,0.02,0.02,-0.02,0.25,1.85,0.19,0.00,2.22,Matchs
1638,Rolando Mandragora,it ITA,MT,Fiorentina,it Serie A,25,1997,21.7,36.4,45.3,80.3,694.4,218.1,14.3,16.4,87.4,16.3,18.4,88.5,4.61,7.70,59.9,0.18,0.23,0.19,-0.04,1.57,5.30,0.83,0.28,6.54,Matchs
1639,Sadio Mané,sn SEN,"AT,MT",Bayern Munich,de Bundesliga,30,1992,15.8,19.4,26.5,73.4,281.3,75.4,11.7,14.1,83.3,6.20,7.47,83.1,0.95,1.46,65.2,0.32,0.25,0.23,0.07,1.52,01.08,1.90,0.32,2.72,Matchs
1640,Orel Mangala,be BEL,MT,Nott'ham Forest,eng Premier League,24,1998,17.2,23.9,29.9,80.0,359.2,105.1,13.0,14.9,87.1,8.90,10.6,83.6,1.28,2.44,52.4,0.06,0.02,0.03,0.03,0.17,02.03,0.17,0.00,2.50,Matchs
1641,Thomas Mangani,fr FRA,MT,Ajaccio,fr Ligue 1,35,1987,14.8,42.8,61.5,69.7,872.2,323.2,15.1,19.9,76.2,18.3,24.0,76.3,8.11,15.0,54.1,0.07,0.13,0.14,-0.06,1.76,5.27,0.81,0.27,6.22,Matchs
1642,Vito Mannone,it ITA,GB,Lorient,fr Ligue 1,34,1988,17.9,24.8,32.6,76.2,605.3,396.6,5.25,5.31,98.9,14.1,14.2,98.8,5.42,13.0,41.8,0.00,0.00,0.00,0.00,0.00,0.11,0.00,0.00,0.00,Matchs
1643,Javier Manquillo,es ESP,DF,Newcastle Utd,eng Premier League,28,1994,0.4,60.0,72.5,82.8,1000.0,285.0,32.5,35.0,92.9,22.5,30.0,75.0,5.00,5.00,100.0,0.00,0.00,0.00,0.00,0.00,2.50,0.00,0.00,10.0,Matchs
1644,Myziane Maolida,km COM,"MT,AT",Reims,fr Ligue 1,23,1999,2.6,28.8,40.0,72.1,406.5,86.5,17.7,23.5,75.4,7.69,10.8,71.4,1.54,2.69,57.1,0.00,0.15,0.12,-0.15,0.77,2.31,2.31,0.00,03.08,Matchs
1645,Myziane Maolida,km COM,"AT,MT",Hertha BSC,de Bundesliga,23,1999,1.1,7.27,13.6,53.3,117.3,27.3,3.64,6.36,57.1,2.73,5.45,50.0,0.91,0.91,100.0,0.00,0.18,0.45,-0.18,0.91,0.91,0.00,0.00,0.00,Matchs
1646,Faitout Maouassa,fr FRA,"AT,DF",Montpellier,fr Ligue 1,24,1998,21.4,20.4,30.4,67.0,331.5,134.6,11.5,14.4,79.6,6.12,8.27,74.0,02.01,05.09,39.4,0.23,0.10,0.09,0.13,01.07,1.40,0.61,0.37,2.38,Matchs
1647,Sekou Mara,fr FRA,"AT,MT",Southampton,eng Premier League,20,2002,6.2,11.0,17.3,63.6,141.3,26.1,7.10,9.52,74.6,2.26,2.90,77.8,0.65,1.13,57.1,0.32,0.13,0.05,0.19,0.97,0.97,0.32,0.00,1.13,Matchs
1648,Marcão,br BRA,DF,Sevilla,es La Liga,26,1996,4.2,44.5,51.7,86.2,736.7,301.2,21.7,23.3,92.9,20.7,22.1,93.5,1.90,4.76,40.0,0.00,0.00,0.00,0.00,0.00,3.81,0.00,0.00,3.10,Matchs
1649,Solly March,eng ENG,"AT,DF",Brighton,eng Premier League,28,1994,30.2,31.5,43.4,72.5,564.6,133.3,14.7,17.4,84.2,12.2,15.9,76.3,3.74,6.89,54.3,0.23,0.28,0.21,-0.05,2.22,02.09,1.72,0.50,4.47,Matchs
1650,Agustín Marchesín,ar ARG,GB,Celta Vigo,es La Liga,34,1988,19.0,23.6,33.4,70.7,678.8,484.3,4.26,4.26,100.0,10.8,11.2,97.2,8.47,17.7,47.8,0.00,0.00,0.00,0.00,0.00,0.32,0.00,0.00,0.05,Matchs
Clt,Joueur,Nation,Pos,Équipe,Comp,Âge,Naissance,90,Cmp,Att,Cmp%,TotDist,DistBut,Cmp,Att,Cmp%,Cmp,Att,Cmp%,Cmp,Att,Cmp%,PD,xAG,xA,A-xAG,PC,1/3,PPA,CntSR,PrgP,Matchs
1651,Federico Marchetti,it ITA,GB,Spezia,it Serie A,39,1983,0.7,20.0,25.7,77.8,451.4,250.0,8.57,8.57,100.0,5.71,5.71,100.0,5.71,11.4,50.0,0.00,0.00,0.00,0.00,0.00,0.00,0.00,0.00,0.00,Matchs
1652,Vincent Marchetti,fr FRA,MT,Ajaccio,fr Ligue 1,25,1997,27.2,30.8,38.9,79.2,527.0,158.9,14.1,16.7,84.4,11.7,14.0,83.5,3.20,5.00,64.0,0.07,0.06,0.07,0.01,0.55,3.93,0.88,0.00,5.26,Matchs
1653,Riccardo Marchizza,it ITA,DF,Sassuolo,it Serie A,24,1998,3.1,44.2,58.4,75.7,732.9,243.5,23.5,25.2,93.6,17.4,21.6,80.6,3.23,10.0,32.3,0.32,0.10,0.03,0.23,0.97,3.23,0.65,0.32,4.84,Matchs
1654,Gian Marco Ferrari,it ITA,DF,Sassuolo,it Serie A,30,1992,24.7,45.0,52.4,85.8,896.3,332.5,14.3,15.7,91.2,24.2,26.5,91.3,5.83,8.95,65.2,0.00,0.02,0.04,-0.02,0.16,3.16,0.20,0.04,04.09,Matchs
1655,Emiliano Marcondes,dk DEN,MT,Bournemouth,eng Premier League,27,1995,0.1,10.0,10.0,100.0,560.0,370.0,0.00,0.00,,0.00,0.00,,10.0,10.0,100.0,0.00,0.00,0.00,0.00,0.00,10.0,0.00,0.00,10.0,Matchs
1656,Óscar de Marcos,es ESP,DF,Athletic Club,es La Liga,33,1989,31.3,47.9,61.7,77.6,805.6,296.5,23.9,27.1,88.2,19.4,24.4,79.6,3.80,6.93,54.8,0.19,0.11,0.14,0.08,1.18,5.43,1.60,0.73,6.52,Matchs
1657,Alberto Marí,es ESP,"AT,MT",Valencia,es La Liga,21,2001,1.0,8.00,20.0,40.0,102.0,7.00,7.00,12.0,58.3,1.00,4.00,25.0,0.00,0.00,,0.00,0.00,0.00,0.00,0.00,1.00,0.00,0.00,1.00,Matchs
1658,José Mari,es ESP,MT,Cádiz,es La Liga,34,1987,4.4,38.2,46.1,82.8,814.5,260.0,12.5,15.5,80.9,16.1,17.3,93.4,8.41,11.1,75.5,0.00,0.07,0.02,-0.07,1.14,7.27,0.23,0.00,4.77,Matchs
1659,Pablo Marí,es ESP,DF,Monza,it Serie A,28,1993,27.6,51.8,58.7,88.3,1063.6,412.4,14.6,16.2,90.6,29.8,31.4,94.9,07.03,9.96,70.5,0.00,0.01,0.01,-0.01,0.11,2.68,0.07,0.00,02.07,Matchs
1660,José María Giménez,uy URU,DF,Atlético Madrid,es La Liga,27,1995,26.9,44.0,49.6,88.7,895.3,369.9,13.9,15.1,92.1,23.2,24.7,93.8,6.36,8.77,72.5,0.04,0.02,0.01,0.01,0.26,2.60,0.00,0.00,2.34,Matchs
1661,Mariano,do DOM,AT,Real Madrid,es La Liga,28,1993,1.7,18.8,24.1,78.0,250.6,47.6,14.7,17.6,83.3,2.94,4.12,71.4,1.18,1.18,100.0,0.00,0.24,0.41,-0.24,0.59,1.76,0.00,0.00,1.18,Matchs
1662,Pablo Marín,es ESP,"MT,AT",Real Sociedad,es La Liga,19,2003,4.0,32.0,42.0,76.2,452.3,90.5,19.5,23.0,84.8,9.00,12.0,75.0,2.25,3.00,75.0,0.00,0.20,0.10,-0.20,1.50,2.25,0.50,0.00,3.75,Matchs
1663,Răzvan Marin,ro ROU,MT,Empoli,it Serie A,26,1996,28.2,44.7,56.5,79.0,826.4,291.8,19.0,20.4,93.4,17.4,20.8,83.6,6.63,12.0,55.3,0.14,0.15,0.16,-0.01,1.99,04.01,01.06,0.25,4.18,Matchs
1664,Diego Mariño,es ESP,GB,Almería,es La Liga,32,1990,0.5,14.0,16.0,87.5,522.0,408.0,0.00,0.00,,8.00,8.00,100.0,6.00,8.00,75.0,0.00,0.00,0.00,0.00,0.00,0.00,0.00,0.00,0.00,Matchs
1665,Guillermo Maripán,cl CHI,DF,Monaco,fr Ligue 1,28,1994,24.0,42.3,48.4,87.3,893.1,299.2,11.0,12.2,90.1,25.0,27.3,91.6,5.63,7.50,75.0,0.00,0.00,0.01,-0.00,0.08,2.58,0.08,0.00,2.83,Matchs
1666,Marlon,br BRA,DF,Monza,it Serie A,26,1995,17.7,53.7,58.1,92.3,967.9,328.6,20.5,22.0,93.1,28.8,30.2,95.3,3.73,4.69,79.5,0.00,0.02,0.03,-0.02,0.06,04.07,0.28,0.11,3.56,Matchs
1667,Omar Marmoush,eg EGY,AT,Wolfsburg,de Bundesliga,23,1999,16.4,18.2,27.9,65.3,269.7,60.2,9.82,14.2,69.1,06.04,8.29,72.8,1.28,2.20,58.3,0.06,0.07,0.09,-0.01,0.67,1.77,0.85,0.06,3.11,Matchs
1668,Marquinhos,br BRA,MT,Arsenal,eng Premier League,19,2003,0.0,2,3,66.7,34,5,1,2,50.0,1,1,100.0,0,0,,0,0.0,0.0,0.0,0,0,0,0,0,Matchs
1669,Marquinhos,br BRA,DF,Paris S-G,fr Ligue 1,28,1994,30.2,68.5,72.0,95.1,1182.6,399.4,27.6,28.6,96.6,34.6,35.7,97.0,4.50,5.43,82.9,0.00,0.02,0.04,-0.02,0.30,3.44,0.10,0.00,3.28,Matchs
1670,Luca Marrone,it ITA,DF,Monza,it Serie A,32,1990,1.5,52.0,56.0,92.9,914.0,422.7,22.7,23.3,97.1,26.0,27.3,95.1,3.33,5.33,62.5,0.00,0.00,0.00,0.00,0.00,0.00,0.00,0.00,2.67,Matchs
1671,Eric Martel,de GER,MT,Köln,de Bundesliga,20,2002,22.4,31.0,39.6,78.3,522.0,120.1,13.7,16.1,85.3,14.3,17.2,83.4,2.14,3.75,57.1,0.04,0.04,0.06,0.01,0.31,2.23,0.36,0.18,3.21,Matchs
1672,Roger Martí,es ESP,AT,Elche,es La Liga,31,1991,7.3,16.2,21.9,73.8,198.2,48.9,9.86,11.2,87.8,03.01,4.38,68.8,0.96,1.78,53.8,0.14,0.10,0.05,0.04,1.37,0.96,0.41,0.27,0.96,Matchs
1673,Roger Martí,es ESP,AT,Cádiz,es La Liga,31,1991,7.1,13.0,18.2,71.3,145.2,17.6,9.30,11.8,78.6,2.54,3.52,72.0,0.14,0.28,50.0,0.00,0.07,0.03,-0.07,0.56,0.42,0.14,0.00,0.70,Matchs
1674,Anthony Martial,fr FRA,AT,Manchester Utd,eng Premier League,26,1995,10.9,24.1,30.1,80.2,299.0,83.5,15.9,18.2,87.4,5.60,6.70,83.6,0.83,1.28,64.3,0.18,0.13,0.13,0.06,1.10,1.28,1.19,0.00,3.21,Matchs
1675,Aarón Martín,es ESP,DF,Mainz 05,de Bundesliga,25,1997,20.5,37.1,50.1,74.0,618.1,254.7,18.8,20.7,90.8,13.8,17.4,79.5,3.56,9.12,39.0,0.15,0.14,0.17,0.01,1.32,3.32,1.41,0.78,4.20,Matchs
Clt,Joueur,Nation,Pos,Équipe,Comp,Âge,Naissance,90,Cmp,Att,Cmp%,TotDist,DistBut,Cmp,Att,Cmp%,Cmp,Att,Cmp%,Cmp,Att,Cmp%,PD,xAG,xA,A-xAG,PC,1/3,PPA,CntSR,PrgP,Matchs
1676,Ander Martin,es ESP,"MT,AT",Real Sociedad,es La Liga,21,2000,0.5,24.0,48.0,50.0,350.0,142.0,14.0,18.0,77.8,8.00,18.0,44.4,0.00,2.00,0.0,0.00,0.20,0.00,-0.20,4.00,4.00,0.00,0.00,6.00,Matchs
1677,Andrés Martín,es ESP,"AT,MT",Rayo Vallecano,es La Liga,23,1999,2.3,17.0,33.5,50.6,270.9,75.2,9.13,14.3,63.6,5.22,8.26,63.2,1.74,06.09,28.6,0.00,0.22,0.09,-0.22,0.43,0.43,1.30,0.87,1.74,Matchs
1678,Carlos Martín,es ESP,"AT,MT",Atlético Madrid,es La Liga,20,2002,0.3,20.0,36.7,54.5,190.0,6.67,13.3,16.7,80.0,3.33,13.3,25.0,0.00,3.33,0.0,0.00,0.00,0.00,0.00,0.00,0.00,0.00,0.00,0.00,Matchs
1679,Iván Martín,es ESP,MT,Girona,es La Liga,23,1999,17.6,32.1,38.2,84.1,454.9,100.2,18.8,20.8,90.4,10.2,12.0,84.9,1.65,2.27,72.5,0.17,0.13,0.12,0.05,0.97,2.16,0.97,0.34,3.18,Matchs
1680,Jonas Martin,fr FRA,MT,Lille,fr Ligue 1,32,1990,3.1,62.3,73.9,84.3,1059.7,278.7,31.9,37.7,84.6,20.0,23.5,84.9,7.74,9.68,80.0,0.00,0.03,0.10,-0.03,1.29,6.13,0.65,0.00,6.45,Matchs
1681,Gabriel Martinelli,br BRA,AT,Arsenal,eng Premier League,21,2001,31.0,26.9,35.7,75.2,418.1,84.2,14.4,17.0,84.8,9.52,11.5,82.9,1.97,3.97,49.6,0.16,0.29,0.23,-0.13,1.90,01.06,1.39,0.32,03.03,Matchs
1682,Arnau Martinez,es ESP,DF,Girona,es La Liga,19,2003,30.4,42.9,52.6,81.5,654.6,231.4,24.5,26.9,91.1,14.7,17.5,84.1,2.70,5.30,50.9,0.13,0.14,0.11,-0.01,1.32,2.63,0.92,0.59,3.72,Matchs
1683,Emiliano Martínez,ar ARG,GB,Aston Villa,eng Premier League,29,1992,34.9,29.4,39.8,73.9,776.4,511.7,6.25,6.28,99.5,14.9,15.1,98.7,8.19,18.1,45.2,0.00,0.01,0.01,-0.01,0.06,0.60,0.00,0.00,0.00,Matchs
1684,Iñigo Martínez,es ESP,DF,Athletic Club,es La Liga,31,1991,14.9,42.1,51.9,81.1,888.3,336.4,13.6,15.7,86.8,20.5,23.1,88.7,7.32,11.5,63.4,0.00,0.02,0.01,-0.02,0.34,3.49,0.13,0.00,04.03,Matchs
1685,Lautaro Martínez,ar ARG,AT,Inter,it Serie A,24,1997,28.6,17.6,23.8,73.9,260.0,65.9,9.16,11.9,77.1,5.84,7.13,81.9,1.12,1.54,72.7,0.21,0.19,0.10,0.02,1.61,1.36,0.87,0.03,2.90,Matchs
1686,Lisandro Martínez,ar ARG,DF,Manchester Utd,eng Premier League,24,1998,23.5,56.6,65.0,87.0,1016.8,348.4,22.6,24.2,93.7,29.1,31.0,93.8,04.09,8.21,49.7,0.00,0.01,0.04,-0.01,0.26,3.91,0.21,0.00,3.53,Matchs
1687,Lucas Martínez Quarta,ar ARG,DF,Fiorentina,it Serie A,26,1996,24.1,51.7,63.2,81.7,1125.6,453.4,14.8,16.7,88.8,27.6,30.7,89.6,8.84,14.1,62.6,0.04,0.02,0.03,0.02,0.33,4.94,0.21,0.04,4.94,Matchs
1688,Roger Martínez,es ESP,DF,Espanyol,es La Liga,18,2004,0.1,50.0,50.0,100.0,1040.0,260.0,20.0,20.0,100.0,20.0,20.0,100.0,10.0,10.0,100.0,0.00,0.00,0.00,0.00,0.00,10.0,0.00,0.00,10.0,Matchs
1689,Gelson Martins,pt POR,"MT,AT",Monaco,fr Ligue 1,27,1995,3.8,31.8,40.8,78.1,434.5,99.2,19.5,22.6,86.0,10.3,12.9,79.6,0.79,2.11,37.5,0.00,0.08,0.11,-0.08,0.79,2.11,2.37,0.00,3.68,Matchs
1690,Adam Marušić,me MNE,DF,Lazio,it Serie A,29,1992,30.7,50.9,59.6,85.5,778.6,315.6,28.2,30.6,92.2,17.8,21.0,84.8,3.39,5.34,63.4,0.07,0.04,0.04,0.03,0.29,3.49,0.23,0.13,3.78,Matchs
1691,Omar Mascarell,es ESP,"MT,DF",Elche,es La Liga,29,1993,27.2,40.1,46.7,85.9,759.8,228.2,15.8,17.2,91.5,18.9,20.6,91.6,4.85,7.39,65.7,0.04,0.04,0.04,-0.00,0.74,3.71,0.15,0.04,4.26,Matchs
1692,Adam Masina,ma MAR,DF,Udinese,it Serie A,28,1994,8.8,37.7,48.6,77.6,796.2,320.1,12.5,14.2,88.0,18.6,22.2,84.1,6.36,11.2,56.6,0.00,0.02,0.03,-0.02,0.23,2.95,0.57,0.34,2.73,Matchs
1693,Jordi Masip,es ESP,GB,Valladolid,es La Liga,33,1989,27.9,24.3,34.5,70.5,705.5,522.3,3.33,3.33,100.0,12.4,12.5,99.1,8.35,18.3,45.6,0.00,0.00,0.00,0.00,0.00,0.54,0.00,0.00,0.00,Matchs
1694,Erhan Mašović,rs SRB,"DF,MT",Bochum,de Bundesliga,23,1998,24.2,27.4,33.9,80.6,524.3,177.3,9.21,10.7,86.1,15.2,16.8,90.2,2.56,5.25,48.8,0.00,0.04,0.04,-0.04,0.41,1.69,0.08,0.00,2.48,Matchs
1695,Han-Noah Massengo,fr FRA,MT,Auxerre,fr Ligue 1,21,2001,12.4,31.0,36.5,85.0,531.7,149.1,13.3,15.1,88.2,13.5,15.2,89.4,2.90,3.47,83.7,0.00,0.05,0.09,-0.05,0.89,3.47,0.97,0.16,3.87,Matchs
1696,Yanis Massolin,fr FRA,MT,Clermont Foot,fr Ligue 1,19,2002,0.7,42.9,55.7,76.9,710.0,221.4,21.4,25.7,83.3,18.6,24.3,76.5,2.86,4.29,66.7,0.00,0.00,0.00,0.00,0.00,4.29,0.00,0.00,5.71,Matchs
1697,Jaime Mata,es ESP,"AT,MT",Getafe,es La Liga,33,1988,4.9,13.9,24.9,55.7,212.2,61.4,7.35,11.2,65.5,4.69,7.76,60.5,01.02,2.24,45.5,0.20,0.27,0.14,-0.06,1.22,1.22,1.22,0.61,02.04,Matchs
1698,Pape Matar Sarr,sn SEN,"MT,AT",Tottenham,eng Premier League,19,2002,2.4,58.8,64.2,91.6,887.5,187.1,29.2,30.4,95.9,25.8,27.1,95.4,1.25,3.33,37.5,0.42,0.13,0.00,0.29,0.83,3.75,0.00,0.00,5.42,Matchs
1699,Eliot Matazo,be BEL,MT,Monaco,fr Ligue 1,20,2002,13.1,30.5,37.6,80.9,583.8,139.1,11.9,14.2,83.9,14.0,16.3,85.9,4.12,5.57,74.0,0.00,0.01,0.02,-0.01,0.15,3.82,0.23,0.00,4.58,Matchs
1700,Jean-Philippe Mateta,fr FRA,AT,Crystal Palace,eng Premier League,25,1997,8.6,12.1,17.3,69.8,139.1,18.0,8.14,10.7,76.1,2.21,3.26,67.9,0.47,0.58,80.0,0.00,0.07,0.02,-0.07,0.58,0.47,0.12,0.12,0.70,Matchs
Clt,Joueur,Nation,Pos,Équipe,Comp,Âge,Naissance,90,Cmp,Att,Cmp%,TotDist,DistBut,Cmp,Att,Cmp%,Cmp,Att,Cmp%,Cmp,Att,Cmp%,PD,xAG,xA,A-xAG,PC,1/3,PPA,CntSR,PrgP,Matchs
1701,Nemanja Matić,rs SRB,MT,Roma,it Serie A,33,1988,20.6,53.8,62.9,85.6,951.5,293.4,23.8,25.8,92.1,22.0,24.8,89.0,06.02,8.69,69.3,0.10,0.13,0.09,-0.03,1.17,6.60,0.78,0.15,6.50,Matchs
1702,Joël Matip,cm CMR,DF,Liverpool,eng Premier League,30,1991,12.1,63.3,73.1,86.6,1136.4,375.8,25.2,28.8,87.4,32.6,35.4,92.3,4.71,07.02,67.1,0.00,0.02,0.03,-0.02,0.33,4.38,0.58,0.00,4.88,Matchs
1703,Henning Matriciani,de GER,DF,Schalke 04,de Bundesliga,22,2000,20.7,30.8,42.7,72.3,599.7,232.7,10.6,12.8,83.0,16.6,21.1,78.7,3.33,6.81,48.9,0.00,0.01,0.02,-0.01,0.14,1.84,0.39,0.19,2.46,Matchs
1704,Chrislain Matsima,fr FRA,"DF,MT",Lorient,fr Ligue 1,20,2002,2.5,43.2,50.8,85.0,803.6,265.2,13.6,14.4,94.4,24.8,27.2,91.2,3.20,6.40,50.0,0.00,0.00,0.00,0.00,0.00,1.20,0.00,0.00,0.40,Matchs
1705,Chrislain Matsima,fr FRA,DF,Monaco,fr Ligue 1,20,2002,5.0,38.8,46.0,84.3,713.0,289.4,14.0,16.2,86.4,21.0,23.6,89.0,3.00,4.80,62.5,0.20,0.08,0.06,0.12,0.20,3.20,0.80,0.00,4.60,Matchs
1706,Jean Mattéo Bahoya,fr FRA,"AT,MT",Angers,fr Ligue 1,17,2005,3.0,23.0,27.3,84.1,318.7,40.0,13.0,15.0,86.7,7.67,9.33,82.1,1.00,1.33,75.0,0.00,0.13,0.03,-0.13,1.00,0.67,0.33,0.00,1.00,Matchs
1707,Azor Matusiwa,nl NED,MT,Reims,fr Ligue 1,24,1998,27.6,49.9,58.6,85.1,957.4,315.1,18.4,21.9,84.0,23.0,25.4,90.6,6.96,8.48,82.1,0.00,0.04,0.05,-0.04,0.87,5.36,0.47,0.00,7.72,Matchs
1708,Neal Maupay,fr FRA,AT,Everton,eng Premier League,25,1996,12.4,15.3,20.4,75.1,201.6,17.5,10.1,12.2,82.8,3.95,05.08,77.8,0.56,0.73,77.8,0.00,0.05,0.02,-0.05,0.56,0.65,0.16,0.00,0.89,Matchs
1709,Aïman Maurer,ma MAR,MT,Clermont Foot,fr Ligue 1,17,2004,5.6,15.5,22.3,69.6,257.5,65.2,8.21,9.82,83.6,6.25,7.68,81.4,0.89,3.57,25.0,0.18,0.27,0.25,-0.09,01.07,0.54,01.07,0.18,1.61,Matchs
1710,Stephy Mavididi,eng ENG,AT,Montpellier,fr Ligue 1,24,1998,14.3,16.5,22.2,74.2,228.0,43.2,8.88,11.5,77.4,4.76,5.73,82.9,1.12,1.68,66.7,0.14,0.10,0.07,0.04,0.91,0.77,0.42,0.07,1.54,Matchs
1711,Konstantinos Mavropanos,gr GRE,DF,Stuttgart,de Bundesliga,24,1997,25.4,49.4,59.5,83.0,1091.6,392.8,14.6,16.9,86.0,24.8,28.0,88.7,9.69,13.0,74.8,0.04,0.04,0.04,-0.00,0.59,3.62,0.47,0.08,4.72,Matchs
1712,Christian Mawissa,fr FRA,DF,Toulouse,fr Ligue 1,17,2005,1.1,37.3,43.6,85.4,545.5,242.7,23.6,26.4,89.7,11.8,13.6,86.7,0.91,0.91,100.0,0.00,0.00,0.00,0.00,0.00,0.91,0.00,0.00,5.45,Matchs
1713,Philipp Max,de GER,DF,Eint Frankfurt,de Bundesliga,28,1993,7.7,47.3,62.2,76.0,756.8,277.1,25.7,28.4,90.4,17.4,21.9,79.3,3.77,9.61,39.2,0.13,0.21,0.31,-0.08,02.08,3.64,2.34,1.17,4.42,Matchs
1714,Eric Maxim Choupo-Moting,cm CMR,AT,Bayern Munich,de Bundesliga,33,1989,12.4,18.0,23.4,76.9,236.6,66.7,11.0,13.5,82.0,4.44,5.32,83.3,0.81,1.29,62.5,0.16,0.15,0.17,0.01,1.29,1.85,0.97,0.08,3.47,Matchs
1715,Luís Maximiano,pt POR,GB,Lazio,it Serie A,23,1999,0.1,30.0,40.0,75.0,980.0,900.0,10.0,10.0,100.0,0.00,0.00,,20.0,30.0,66.7,0.00,0.00,0.00,0.00,0.00,0.00,0.00,0.00,0.00,Matchs
1716,Keke Maximilian Topp,de GER,AT,Schalke 04,de Bundesliga,18,2004,0.2,20.0,25.0,80.0,405.0,210.0,10.0,10.0,100.0,5.00,5.00,100.0,5.00,5.00,100.0,0.00,0.00,1.00,0.00,0.00,0.00,5.00,5.00,0.00,Matchs
1717,Fernand Mayembo,cg CGO,DF,Ajaccio,fr Ligue 1,26,1996,7.9,34.8,40.5,85.9,692.5,186.3,11.5,12.9,89.2,18.4,20.3,90.6,4.56,6.71,67.9,0.00,0.01,0.00,-0.01,0.25,0.89,0.00,0.00,1.39,Matchs
1718,Borja Mayoral,es ESP,AT,Getafe,es La Liga,25,1997,30.7,19.0,25.2,75.1,281.1,52.9,10.8,12.9,83.6,5.24,6.87,76.3,1.66,2.31,71.8,0.07,0.09,0.11,-0.02,0.72,1.14,0.68,0.13,02.08,Matchs
1719,Ibrahim Maza,de GER,"MT,AT",Hertha BSC,de Bundesliga,16,2005,0.8,13.8,18.8,73.3,176.3,57.5,11.3,12.5,90.0,1.25,1.25,100.0,1.25,1.25,100.0,0.00,0.00,0.00,0.00,0.00,0.00,0.00,0.00,0.00,Matchs
1720,Derek Mazou-Sacko,fr FRA,MT,Troyes,fr Ligue 1,17,2004,0.2,20.0,25.0,80.0,435.0,335.0,10.0,10.0,100.0,5.00,10.0,50.0,5.00,5.00,100.0,0.00,0.00,0.00,0.00,0.00,0.00,0.00,0.00,5.00,Matchs
1721,Noussair Mazraoui,ma MAR,DF,Bayern Munich,de Bundesliga,24,1997,11.9,62.0,72.9,85.1,897.8,334.1,36.3,39.9,90.9,22.2,25.3,87.7,02.02,3.70,54.5,0.34,0.16,0.14,0.18,1.60,4.87,1.60,0.25,8.32,Matchs
1722,Pasquale Mazzocchi,it ITA,DF,Salernitana,it Serie A,27,1995,21.8,32.2,43.5,74.0,510.8,182.8,17.4,19.1,90.9,11.2,15.6,72.3,2.57,5.60,45.9,0.14,0.12,0.09,0.02,1.38,1.70,0.96,0.55,2.75,Matchs
1723,Kevin Mbabu,ch SUI,"DF,AT",Fulham,eng Premier League,27,1995,1.6,42.5,58.8,72.3,656.9,239.4,25.0,26.9,93.0,15.0,21.9,68.6,2.50,5.63,44.4,0.63,0.25,0.25,0.37,1.25,2.50,3.13,1.88,5.00,Matchs
1724,Noah Mbamba,be BEL,MT,Leverkusen,de Bundesliga,17,2005,0.0,0,0,,0,0,0,0,,0,0,,0,0,,0,0.0,0.0,0.0,0,0,0,0,0,Matchs
1725,Kylian Mbappé,fr FRA,AT,Paris S-G,fr Ligue 1,23,1998,31.3,35.0,43.3,80.9,467.2,100.2,21.6,25.2,85.8,9.55,11.9,80.6,1.34,02.08,64.6,0.16,0.24,0.30,-0.08,1.76,2.59,2.43,0.32,04.09,Matchs
Clt,Joueur,Nation,Pos,Équipe,Comp,Âge,Naissance,90,Cmp,Att,Cmp%,TotDist,DistBut,Cmp,Att,Cmp%,Cmp,Att,Cmp%,Cmp,Att,Cmp%,PD,xAG,xA,A-xAG,PC,1/3,PPA,CntSR,PrgP,Matchs
1726,Mamadou Mbaye,sn SEN,DF,Cádiz,es La Liga,24,1998,8.4,26.1,35.0,74.5,517.3,192.0,9.40,11.4,82.3,13.5,16.2,83.1,2.86,5.60,51.1,0.00,0.02,0.01,-0.02,0.24,1.43,0.24,0.00,1.55,Matchs
1727,Chancel Mbemba,cd COD,DF,Marseille,fr Ligue 1,27,1994,31.7,45.5,55.0,82.7,834.6,250.6,16.9,18.8,89.9,23.5,26.9,87.2,3.97,6.66,59.7,0.00,0.02,0.04,-0.02,0.16,04.01,0.73,0.19,5.77,Matchs
1728,Bryan Mbeumo,cm CMR,AT,Brentford,eng Premier League,22,1999,32.3,20.3,30.7,66.1,324.0,100.2,11.6,14.1,82.5,5.73,8.89,64.5,2.20,4.67,47.0,0.25,0.24,0.17,0.01,1.58,1.15,1.39,0.40,2.72,Matchs
1729,Jason Mbock,fr FRA,"MT,AT",Angers,fr Ligue 1,22,1999,0.3,20.0,33.3,60.0,356.7,183.3,10.0,10.0,100.0,6.67,16.7,40.0,3.33,3.33,100.0,0.00,1.00,0.67,-1.00,3.33,0.00,0.00,0.00,3.33,Matchs
1730,Jean-Manuel Mbom,de GER,MT,Werder Bremen,de Bundesliga,22,2000,0.1,20.0,30.0,66.7,470.0,390.0,0.00,10.0,0.0,10.0,10.0,100.0,10.0,10.0,100.0,0.00,0.00,0.00,0.00,0.00,20.0,0.00,0.00,10.0,Matchs
1731,Nathanael Mbuku,fr FRA,"AT,MT",Reims,fr Ligue 1,20,2002,0.7,31.4,38.6,81.5,454.3,122.9,17.1,20.0,85.7,12.9,14.3,90.0,0.00,1.43,0.0,0.00,0.00,0.00,0.00,0.00,2.86,0.00,0.00,4.29,Matchs
1732,Nathanael Mbuku,fr FRA,"MT,AT",Augsburg,de Bundesliga,20,2002,0.4,7.50,17.5,42.9,67.5,22.5,5.00,5.00,100.0,0.00,5.00,0.0,0.00,0.00,,0.00,0.00,0.00,0.00,0.00,0.00,0.00,0.00,2.50,Matchs
1733,James McArthur,sct SCO,MT,Crystal Palace,eng Premier League,34,1987,0.6,68.3,86.7,78.8,993.3,215.0,40.0,48.3,82.8,26.7,30.0,88.9,1.67,5.00,33.3,0.00,0.00,0.00,0.00,0.00,0.00,0.00,0.00,1.67,Matchs
1734,Alex McCarthy,eng ENG,GB,Southampton,eng Premier League,32,1989,6.0,25.0,41.5,60.2,597.5,408.7,7.50,7.83,95.7,10.7,11.0,97.0,6.67,22.0,30.3,0.00,0.00,0.00,0.00,0.00,0.83,0.00,0.00,0.00,Matchs
1735,John McGinn,sct SCO,"MT,AT",Aston Villa,eng Premier League,27,1994,29.9,26.9,34.4,78.3,481.1,161.5,12.5,14.4,87.0,10.3,12.5,82.8,3.38,5.52,61.2,0.10,0.09,0.11,0.01,0.60,3.81,0.67,0.17,4.68,Matchs
1736,Scott McKenna,sct SCO,DF,Nott'ham Forest,eng Premier League,25,1996,17.5,32.5,41.5,78.3,647.5,246.8,9.31,11.1,83.6,19.1,22.5,84.8,3.77,6.97,54.1,0.00,0.06,0.02,-0.06,0.46,2.00,0.17,0.06,2.00,Matchs
1737,Weston McKennie,us USA,MT,Leeds United,eng Premier League,23,1998,16.0,29.5,39.3,75.2,478.0,167.9,15.4,18.9,81.5,9.63,12.3,78.2,2.94,4.94,59.5,0.06,0.04,0.03,0.02,0.81,3.13,0.94,0.19,5.13,Matchs
1738,Weston McKennie,us USA,"MT,DF",Juventus,it Serie A,23,1998,11.7,28.7,35.7,80.4,460.3,129.6,15.0,17.7,84.5,10.7,12.6,85.0,2.39,3.25,73.7,0.09,0.06,0.08,0.03,0.68,1.97,0.51,0.34,3.33,Matchs
1739,Dwight McNeil,eng ENG,"AT,MT",Everton,eng Premier League,22,1999,27.8,23.6,35.5,66.5,406.0,136.6,12.1,14.1,85.7,7.48,10.0,74.8,3.13,7.63,41.0,0.11,0.22,0.19,-0.11,1.76,1.62,0.97,0.50,2.48,Matchs
1740,Scott McTominay,sct SCO,MT,Manchester Utd,eng Premier League,25,1996,12.9,27.5,33.5,82.2,421.2,120.1,15.0,17.4,86.6,9.46,10.9,86.5,1.94,2.79,69.4,0.00,0.05,0.08,-0.05,0.62,2.48,0.39,0.08,2.56,Matchs
1741,Gary Medel,cl CHI,"MT,DF",Bologna,it Serie A,34,1987,16.4,60.1,67.2,89.5,1095.1,367.3,24.3,26.0,93.4,27.7,29.3,94.4,6.52,9.45,69.0,0.06,0.02,0.02,0.04,0.43,3.72,0.30,0.00,3.54,Matchs
1742,Facundo Medina,ar ARG,DF,Lens,fr Ligue 1,23,1999,30.9,73.1,81.1,90.2,1206.1,469.4,33.8,35.6,95.1,30.8,33.4,92.3,5.24,7.96,65.9,0.13,0.06,0.06,0.07,0.49,7.73,0.55,0.26,7.70,Matchs
1743,Fernando Medrano,es ESP,DF,Celta Vigo,es La Liga,22,2000,0.1,30.0,30.0,100.0,530.0,390.0,10.0,10.0,100.0,20.0,20.0,100.0,0.00,0.00,,0.00,0.00,0.00,0.00,0.00,0.00,0.00,0.00,0.00,Matchs
1744,Ben Mee,eng ENG,DF,Brentford,eng Premier League,32,1989,36.3,37.1,48.5,76.5,711.7,294.6,14.3,16.8,85.4,17.9,21.6,82.7,4.66,8.71,53.5,0.03,0.04,0.02,-0.01,0.22,2.37,0.19,0.03,2.31,Matchs
1745,Bamo Meïté,ci CIV,DF,Lorient,fr Ligue 1,21,2001,16.7,50.2,56.0,89.5,845.1,328.2,20.4,21.6,94.4,25.4,26.9,94.4,2.51,05.09,49.4,0.00,0.01,0.01,-0.01,0.06,1.50,0.06,0.00,1.92,Matchs
1746,Soualiho Meïté,fr FRA,MT,Cremonese,it Serie A,28,1994,26.3,32.8,39.0,84.1,557.6,142.2,16.1,18.1,88.9,12.9,14.4,89.5,03.04,4.75,64.0,0.08,0.03,0.02,0.05,0.53,2.93,0.68,0.11,3.12,Matchs
1747,Farid El Melali,dz ALG,"DF,AT",Angers,fr Ligue 1,25,1997,9.0,21.8,31.3,69.5,372.0,105.8,10.6,13.9,76.0,8.89,11.9,74.8,1.67,3.00,55.6,0.00,0.02,0.03,-0.02,0.44,1.44,0.44,0.11,2.67,Matchs
1748,Gonzalo Melero,es ESP,MT,Almería,es La Liga,28,1994,20.6,31.7,36.7,86.4,506.2,127.5,16.0,17.7,90.1,11.8,13.4,88.0,2.52,03.06,82.5,0.15,0.09,0.06,0.06,0.92,3.50,0.63,0.00,4.71,Matchs
1749,Birger Meling,no NOR,DF,Rennes,fr Ligue 1,27,1994,13.4,50.1,58.7,85.3,846.3,252.4,22.7,25.7,88.1,22.9,25.7,89.0,3.51,4.85,72.3,0.07,0.07,0.13,0.01,0.52,4.25,1.12,0.30,6.79,Matchs
1750,Memphis,nl NED,AT,Atlético Madrid,es La Liga,28,1994,3.0,22.7,30.0,75.6,288.3,73.7,16.3,20.3,80.3,5.33,6.67,80.0,0.67,1.67,40.0,0.00,0.17,0.23,-0.17,1.67,1.33,1.00,0.00,2.67,Matchs
Clt,Joueur,Nation,Pos,Équipe,Comp,Âge,Naissance,90,Cmp,Att,Cmp%,TotDist,DistBut,Cmp,Att,Cmp%,Cmp,Att,Cmp%,Cmp,Att,Cmp%,PD,xAG,xA,A-xAG,PC,1/3,PPA,CntSR,PrgP,Matchs
1751,Memphis,nl NED,AT,Barcelona,es La Liga,28,1994,1.3,40.8,50.8,80.3,565.4,160.8,26.2,29.2,89.5,10.8,12.3,87.5,2.31,5.38,42.9,0.00,0.08,0.15,-0.08,2.31,2.31,1.54,0.00,5.38,Matchs
1752,Houboulang Mendes,gw GNB,DF,Almería,es La Liga,24,1998,9.8,24.4,34.2,71.3,370.8,148.1,14.0,15.5,90.1,7.96,11.9,66.7,1.73,4.80,36.2,0.10,0.03,0.02,0.07,0.41,1.43,0.61,0.31,1.84,Matchs
1753,Nuno Mendes,pt POR,DF,Paris S-G,fr Ligue 1,20,2002,17.2,46.1,54.2,85.1,657.0,200.1,26.2,29.1,90.0,15.5,17.6,87.8,1.74,2.50,69.8,0.35,0.16,0.21,0.19,1.40,3.26,01.05,0.35,4.48,Matchs
1754,Pedro Mendes,pt POR,DF,Montpellier,fr Ligue 1,31,1990,0.1,10.0,30.0,33.3,100.0,0.00,10.0,20.0,50.0,0.00,0.00,,0.00,0.00,,0.00,0.00,0.00,0.00,0.00,0.00,0.00,0.00,0.00,Matchs
1755,Thiago Mendes,br BRA,"MT,DF",Lyon,fr Ligue 1,30,1992,22.9,63.1,73.0,86.4,1150.6,406.9,24.8,27.0,91.8,28.7,31.0,92.8,7.12,11.5,62.0,0.04,0.03,0.08,0.02,0.44,6.81,0.57,0.00,7.42,Matchs
1756,Brais Méndez,es ESP,MT,Real Sociedad,es La Liga,25,1997,26.7,37.8,49.1,77.0,602.3,157.3,20.4,23.1,88.3,11.3,14.3,79.1,4.12,7.72,53.4,0.15,0.14,0.18,0.01,1.80,3.45,01.09,0.11,5.13,Matchs
1757,Diego Méndez,es ESP,MT,Rayo Vallecano,es La Liga,18,2003,0.0,1,2,50.0,13,2,1,2,50.0,0,0,,0,0,,0,0.0,0.0,0.0,0,0,0,0,0,Matchs
1758,Antoine Mendy,fr FRA,DF,Nice,fr Ligue 1,18,2004,5.8,45.2,56.0,80.6,735.3,181.0,21.6,23.8,90.6,19.3,22.8,84.8,3.10,6.90,45.0,0.17,0.07,0.05,0.10,01.03,1.90,1.21,0.52,3.62,Matchs
1759,Arial Mendy,sn SEN,DF,Clermont Foot,fr Ligue 1,27,1994,2.5,32.8,48.0,68.3,538.8,152.8,16.8,22.0,76.4,12.8,18.0,71.1,2.80,5.60,50.0,0.00,0.04,0.12,-0.04,0.40,2.80,1.60,0.80,2.80,Matchs
1760,Batista Mendy,fr FRA,"MT,DF",Angers,fr Ligue 1,22,2000,31.8,38.8,45.0,86.2,701.9,224.7,14.8,16.7,88.5,19.1,21.1,90.7,3.52,05.06,69.6,0.00,0.04,0.06,-0.04,0.53,5.00,0.69,0.06,6.13,Matchs
1761,Edouard Mendy,sn SEN,GB,Chelsea,eng Premier League,30,1992,9.5,24.5,30.4,80.6,556.5,377.2,8.32,8.32,100.0,10.2,10.3,99.0,5.58,11.4,49.1,0.00,0.00,0.00,0.00,0.00,0.42,0.00,0.00,0.00,Matchs
1762,Ferland Mendy,fr FRA,DF,Real Madrid,es La Liga,27,1995,15.0,52.9,57.5,92.1,731.3,183.0,33.8,35.5,95.3,14.9,16.4,90.7,2.27,2.53,89.5,0.07,0.04,0.04,0.03,0.87,3.60,0.60,0.00,3.73,Matchs
1763,Nampalys Mendy,sn SEN,MT,Leicester City,eng Premier League,30,1992,8.4,43.1,49.2,87.7,664.3,133.8,22.5,24.3,92.6,17.0,18.6,91.7,2.38,3.21,74.1,0.00,0.00,0.01,0.00,0.24,2.38,0.36,0.00,3.33,Matchs
1764,Gideon Mensah,gh GHA,DF,Auxerre,fr Ligue 1,24,1998,25.1,44.9,58.0,77.3,761.6,289.5,22.2,25.3,87.9,18.1,22.2,81.4,3.55,7.69,46.1,0.00,0.08,0.08,-0.08,1.00,3.86,0.80,0.48,4.62,Matchs
1765,Chris Mepham,wls WAL,DF,Bournemouth,eng Premier League,24,1997,24.4,35.7,42.7,83.6,666.9,233.4,12.7,14.2,89.3,19.6,21.5,91.0,03.07,5.82,52.8,0.00,0.01,0.02,-0.01,0.16,1.72,0.08,0.00,1.72,Matchs
1766,Jorge Meré,es ESP,DF,Cádiz,es La Liga,25,1997,6.7,26.7,32.1,83.3,543.4,201.5,8.21,9.55,85.9,14.9,16.7,89.3,3.43,5.37,63.9,0.00,0.00,0.00,0.00,0.00,1.19,0.00,0.00,02.09,Matchs
1767,Alex Meret,it ITA,GB,Napoli,it Serie A,25,1997,34.0,24.1,27.4,87.9,553.6,341.7,5.56,5.56,100.0,12.9,13.0,99.3,5.53,8.76,63.1,0.00,0.00,0.00,0.00,0.00,0.03,0.00,0.00,0.00,Matchs
1768,Mikel Merino,es ESP,MT,Real Sociedad,es La Liga,26,1996,27.7,41.3,54.2,76.2,650.5,217.1,21.9,25.8,84.9,14.7,18.7,78.9,3.00,5.81,51.6,0.32,0.21,0.18,0.12,1.59,5.56,1.30,0.18,6.21,Matchs
1769,Quentin Merlin,fr FRA,DF,Nantes,fr Ligue 1,20,2002,19.9,43.1,58.7,73.3,817.5,297.4,17.3,20.6,84.4,19.2,24.9,77.2,5.58,11.1,50.2,0.10,0.17,0.17,-0.07,1.71,3.67,1.16,0.65,4.72,Matchs
1770,Yıldırım Mert Çetin,tr TUR,DF,Lecce,it Serie A,25,1997,0.2,10.0,15.0,66.7,190.0,40.0,5.00,5.00,100.0,0.00,0.00,,5.00,5.00,100.0,0.00,0.00,0.00,0.00,0.00,0.00,0.00,0.00,0.00,Matchs
1771,Roque Mesa,es ESP,MT,Valladolid,es La Liga,33,1989,18.0,43.9,53.5,82.0,861.8,262.4,16.7,19.1,87.8,19.0,21.2,89.5,6.72,10.4,64.7,0.06,0.06,0.07,0.00,1.00,5.89,1.00,0.22,6.44,Matchs
1772,Illan Meslier,fr FRA,GB,Leeds United,eng Premier League,22,2000,34.0,19.5,30.6,63.9,493.2,321.7,4.24,4.35,97.3,10.4,10.6,98.6,4.76,15.4,31.0,0.00,0.00,0.00,0.00,0.00,0.38,0.03,0.00,0.00,Matchs
1773,Lionel Messi,ar ARG,"AT,MT",Paris S-G,fr Ligue 1,35,1987,31.5,52.1,65.1,80.0,808.7,278.3,28.8,32.8,87.8,15.7,19.0,82.9,4.89,7.46,65.5,0.51,0.43,0.51,0.08,2.95,07.08,3.81,0.06,9.52,Matchs
1774,Junior Messias,br BRA,"AT,DF",Milan,it Serie A,31,1991,16.6,25.9,33.9,76.4,409.2,108.6,14.0,16.7,83.8,9.40,11.5,81.7,1.81,3.43,52.6,0.12,0.05,0.10,0.07,0.78,1.99,0.48,0.12,3.25,Matchs
1775,Amine Messoussa,fr FRA,AT,Lille,fr Ligue 1,17,2004,0.0,0,0,,0,0,0,0,,0,0,,0,0,,0,0.0,0.0,0.0,0,0,0,0,0,Matchs
Clt,Joueur,Nation,Pos,Équipe,Comp,Âge,Naissance,90,Cmp,Att,Cmp%,TotDist,DistBut,Cmp,Att,Cmp%,Cmp,Att,Cmp%,Cmp,Att,Cmp%,PD,xAG,xA,A-xAG,PC,1/3,PPA,CntSR,PrgP,Matchs
1776,Thomas Meunier,be BEL,DF,Dortmund,de Bundesliga,30,1991,6.5,49.5,66.9,74.0,865.8,318.3,22.5,26.6,84.4,20.0,26.2,76.5,5.23,09.08,57.6,0.00,0.09,0.12,-0.09,0.92,4.15,1.69,0.77,4.62,Matchs
1777,Alexander Meyer,de GER,GB,Dortmund,de Bundesliga,31,1991,7.0,40.0,46.1,86.7,993.3,589.1,8.00,8.14,98.2,20.7,20.9,99.3,11.3,16.7,67.5,0.00,0.00,0.00,0.00,0.00,0.57,0.00,0.00,0.14,Matchs
1778,Sven Michel,de GER,"AT,MT",Union Berlin,de Bundesliga,32,1990,5.5,18.2,32.9,55.2,232.5,52.7,12.0,16.9,71.0,3.45,07.09,48.7,01.09,3.27,33.3,0.18,0.16,0.05,0.02,1.27,1.64,0.73,0.36,2.18,Matchs
1779,Alex Mighten,eng ENG,AT,Nott'ham Forest,eng Premier League,20,2002,0.1,10.0,10.0,100.0,110.0,0.00,10.0,10.0,100.0,0.00,0.00,,0.00,0.00,,0.00,0.00,0.00,0.00,0.00,0.00,0.00,0.00,0.00,Matchs
1780,Tommaso Milanese,it ITA,MT,Cremonese,it Serie A,20,2002,0.3,33.3,46.7,71.4,606.7,136.7,13.3,16.7,80.0,10.0,16.7,60.0,6.67,10.0,66.7,0.00,0.67,0.33,-0.67,10.0,10.0,0.00,0.00,6.67,Matchs
1781,Nikola Milenković,rs SRB,DF,Fiorentina,it Serie A,24,1997,23.7,46.7,54.5,85.7,902.9,285.9,16.8,18.7,89.6,24.1,26.8,89.9,5.44,7.68,70.9,0.04,0.02,0.04,0.02,0.25,2.62,0.13,0.00,3.29,Matchs
1782,Lewis Miley,eng ENG,MT,Newcastle Utd,eng Premier League,16,2006,0.2,25.0,30.0,83.3,245.0,30.0,15.0,20.0,75.0,5.00,5.00,100.0,0.00,0.00,,0.00,0.00,0.00,0.00,0.00,0.00,0.00,0.00,0.00,Matchs
1783,Arkadiusz Milik,pl POL,AT,Juventus,it Serie A,28,1994,17.6,19.7,25.6,76.9,279.8,46.0,11.8,14.4,81.8,6.25,7.50,83.3,0.80,1.31,60.9,0.06,0.12,0.04,-0.06,0.97,0.97,0.51,0.00,1.93,Matchs
1784,Arkadiusz Milik,pl POL,AT,Marseille,fr Ligue 1,28,1994,1.4,20.0,26.4,75.7,222.1,30.7,10.0,12.9,77.8,6.43,7.86,81.8,0.00,0.00,,0.00,0.14,0.00,-0.14,0.71,1.43,0.00,0.00,0.71,Matchs
1785,Sergej Milinković-Savić,rs SRB,MT,Lazio,it Serie A,27,1995,33.6,43.6,57.4,75.9,683.0,182.5,24.2,29.1,83.1,14.3,17.9,79.8,3.48,6.43,54.2,0.24,0.21,0.15,0.03,1.25,4.11,1.28,0.09,4.94,Matchs
1786,Vanja Milinković-Savić,rs SRB,GB,Torino,it Serie A,25,1997,38.0,29.3,47.5,61.6,931.3,669.6,4.16,4.21,98.8,14.5,14.7,98.7,10.6,28.2,37.5,0.00,0.01,0.01,-0.01,0.03,2.47,0.05,0.00,0.00,Matchs
1787,Éder Militão,br BRA,DF,Real Madrid,es La Liga,24,1998,30.0,55.3,62.7,88.3,1062.7,352.1,21.6,23.0,93.8,26.5,28.7,92.1,6.27,9.10,68.9,0.00,0.02,0.03,-0.02,0.20,4.60,0.17,0.03,3.27,Matchs
1788,Luka Milivojević,rs SRB,MT,Crystal Palace,eng Premier League,31,1991,5.7,36.3,45.6,79.6,629.3,199.3,15.6,17.7,88.1,15.6,18.8,83.2,3.51,6.49,54.1,0.00,0.04,0.04,-0.04,0.35,2.98,0.35,0.18,3.51,Matchs
1789,Luis Milla,es ESP,MT,Getafe,es La Liga,27,1994,20.6,36.7,47.3,77.6,668.3,220.9,17.0,19.4,87.8,13.5,16.2,83.5,4.90,8.88,55.2,0.15,0.06,0.08,0.08,1.41,4.81,0.29,0.15,05.05,Matchs
1790,Pere Milla,es ESP,"AT,MT",Elche,es La Liga,29,1992,20.5,20.0,28.5,70.1,302.0,85.0,10.9,13.8,79.2,6.20,8.24,75.1,1.66,03.07,54.0,0.05,0.06,0.07,-0.01,0.68,2.59,0.49,0.10,3.17,Matchs
1791,Enzo Millot,fr FRA,MT,Stuttgart,de Bundesliga,20,2002,9.9,31.4,40.0,78.5,441.0,108.0,17.8,20.9,85.0,10.8,12.3,87.7,1.31,2.83,46.4,0.10,0.16,0.22,-0.06,1.21,2.22,1.21,0.40,2.93,Matchs
1792,James Milner,eng ENG,"MT,DF",Liverpool,eng Premier League,36,1986,10.1,55.7,72.0,77.4,979.3,336.9,25.8,28.8,89.7,23.6,27.6,85.3,5.15,11.1,46.4,0.10,0.09,0.16,0.01,1.29,06.04,1.49,0.50,6.93,Matchs
1793,Marko Milovanović,rs SRB,AT,Almería,es La Liga,18,2003,0.2,20.0,45.0,44.4,265.0,35.0,5.00,10.0,50.0,10.0,20.0,50.0,0.00,0.00,,0.00,0.00,0.00,0.00,0.00,0.00,0.00,0.00,5.00,Matchs
1794,Kim Min-jae,kr KOR,DF,Napoli,it Serie A,25,1996,33.9,75.3,82.9,90.8,1361.8,510.4,30.3,32.2,94.1,37.4,39.7,94.2,6.31,8.70,72.5,0.06,0.06,0.03,0.00,0.29,5.93,0.24,0.06,4.99,Matchs
1795,Yerry Mina,co COL,DF,Everton,eng Premier League,27,1994,6.6,43.3,49.2,88.0,747.7,273.9,17.7,18.9,93.6,22.1,24.4,90.7,2.58,04.09,63.0,0.00,0.02,0.03,-0.02,0.15,2.27,0.15,0.00,1.97,Matchs
1796,Takumi Minamino,jp JPN,"MT,AT",Monaco,fr Ligue 1,27,1995,8.0,21.0,32.4,64.9,316.3,86.1,10.0,13.6,73.4,7.13,9.38,76.0,1.63,4.63,35.1,0.38,0.17,0.24,0.20,1.25,1.63,1.50,0.00,3.50,Matchs
1797,Tyrone Mings,eng ENG,DF,Aston Villa,eng Premier League,29,1993,35.0,46.2,54.3,85.2,883.8,333.6,15.2,16.7,90.8,26.1,28.1,92.8,4.37,8.17,53.5,0.06,0.04,0.03,0.02,0.14,03.03,0.17,0.00,3.17,Matchs
1798,Óscar Mingueza,es ESP,DF,Celta Vigo,es La Liga,23,1999,14.3,50.4,63.5,79.4,854.3,344.4,25.9,28.5,90.7,19.9,23.6,84.3,04.06,8.81,46.0,0.00,0.10,0.09,-0.10,0.77,4.90,0.91,0.28,4.83,Matchs
1799,Rafa Mir,es ESP,AT,Sevilla,es La Liga,25,1997,14.4,12.2,18.2,67.2,165.3,22.6,7.43,10.1,73.8,3.61,5.28,68.4,0.42,0.97,42.9,0.00,0.07,0.06,-0.07,0.63,0.49,0.00,0.00,0.76,Matchs
1800,Aleksei Miranchuk,ru RUS,MT,Torino,it Serie A,26,1995,23.2,28.1,35.4,79.5,445.0,107.1,14.9,17.2,86.7,9.44,11.3,83.3,2.33,4.31,54.0,0.22,0.18,0.14,0.03,1.85,3.15,1.38,0.30,4.27,Matchs
Clt,Joueur,Nation,Pos,Équipe,Comp,Âge,Naissance,90,Cmp,Att,Cmp%,TotDist,DistBut,Cmp,Att,Cmp%,Cmp,Att,Cmp%,Cmp,Att,Cmp%,PD,xAG,xA,A-xAG,PC,1/3,PPA,CntSR,PrgP,Matchs
1801,Juan Miranda,es ESP,DF,Betis,es La Liga,22,2000,16.4,35.9,50.6,70.8,602.1,312.2,16.9,19.8,85.2,12.8,17.9,71.7,04.09,8.66,47.2,0.12,0.18,0.15,-0.05,1.28,3.35,1.71,0.55,4.45,Matchs
1802,Antonio Mirante,it ITA,GB,Milan,it Serie A,39,1983,0.0,4,4,100.0,96,57,0,0,,3,3,100.0,1,1,100.0,0,0.0,0.0,0.0,0,0,0,0,0,Matchs
1803,Fabio Miretti,it ITA,"MT,AT",Juventus,it Serie A,18,2003,13.7,26.6,37.3,71.2,426.4,122.1,14.0,17.2,81.4,9.85,12.4,79.4,1.82,4.38,41.7,0.15,0.09,0.09,0.05,1.17,2.85,1.24,0.29,4.38,Matchs
1804,Filippo Missori,it ITA,DF,Roma,it Serie A,18,2004,2.0,20.5,30.5,67.2,344.0,145.5,9.00,12.0,75.0,10.5,14.0,75.0,0.50,2.50,20.0,0.00,0.00,0.00,0.00,0.00,0.50,0.00,0.00,0.00,Matchs
1805,Tyrick Mitchell,eng ENG,DF,Crystal Palace,eng Premier League,22,1999,32.1,35.9,50.1,71.7,568.1,257.4,18.7,22.1,84.5,15.0,19.8,76.1,1.65,5.26,31.4,0.06,0.04,0.04,0.02,0.47,2.80,0.65,0.28,3.30,Matchs
1806,Kaoru Mitoma,jp JPN,"AT,MT",Brighton,eng Premier League,25,1997,25.8,30.2,37.9,79.8,413.7,91.3,19.7,22.1,88.9,8.29,10.4,79.9,1.16,02.05,56.6,0.19,0.25,0.19,-0.05,1.59,1.74,01.09,0.04,3.49,Matchs
1807,Aleksandar Mitrović,rs SRB,AT,Fulham,eng Premier League,27,1994,22.3,13.4,22.2,60.3,209.5,43.5,7.71,11.5,66.9,3.81,5.92,64.4,1.39,2.33,59.6,0.04,0.10,0.06,-0.06,0.72,1.17,0.45,0.04,1.97,Matchs
1808,Stefan Mitrović,rs SRB,DF,Getafe,es La Liga,32,1990,18.7,21.6,27.4,78.7,464.4,191.1,5.67,6.74,84.1,12.2,13.9,87.7,3.37,5.94,56.8,0.00,0.00,0.01,0.00,0.00,0.75,0.00,0.00,0.91,Matchs
1809,Maximilian Mittelstädt,de GER,"DF,MT",Hertha BSC,de Bundesliga,25,1997,9.4,34.7,50.2,69.1,534.1,245.7,19.4,21.9,88.3,12.0,17.9,67.3,2.23,7.87,28.4,0.00,0.09,0.13,-0.09,1.17,03.09,0.74,0.43,3.94,Matchs
1810,Henrikh Mkhitaryan,am ARM,MT,Inter,it Serie A,33,1989,22.1,41.8,47.9,87.3,689.0,171.8,20.5,22.5,91.3,16.3,18.5,88.5,3.57,4.34,82.3,0.09,0.10,0.11,-0.00,0.86,4.21,1.45,0.36,06.02,Matchs
1811,Anthony Modeste,fr FRA,AT,Dortmund,de Bundesliga,34,1988,9.0,8.11,14.1,57.5,104.4,18.9,4.44,6.67,66.7,2.44,4.89,50.0,0.22,0.44,50.0,0.11,0.12,0.06,-0.01,0.78,0.56,0.56,0.11,0.89,Matchs
1812,Luka Modrić,hr CRO,MT,Real Madrid,es La Liga,36,1985,19.4,68.9,78.4,87.8,1080.6,332.5,38.1,40.5,94.1,21.3,24.1,88.7,6.55,9.23,70.9,0.15,0.23,0.22,-0.08,2.16,7.89,1.13,0.15,9.38,Matchs
1813,Terem Moffi,ng NGA,AT,Nice,fr Ligue 1,23,1999,14.8,12.6,15.7,80.2,167.8,25.3,7.50,09.05,82.8,3.92,4.39,89.2,0.27,0.34,80.0,0.20,0.20,0.07,0.01,1.82,0.47,0.47,0.07,1.35,Matchs
1814,Terem Moffi,ng NGA,AT,Lorient,fr Ligue 1,23,1999,15.4,10.0,13.5,74.0,133.5,34.5,5.78,7.60,76.1,3.51,4.29,81.8,0.19,0.32,60.0,0.00,0.03,0.05,-0.03,0.58,0.91,0.32,0.00,1.30,Matchs
1815,Mostafa Mohamed,eg EGY,AT,Nantes,fr Ligue 1,24,1997,21.5,10.0,16.3,61.3,139.7,30.1,5.40,8.51,63.4,03.02,4.42,68.4,0.70,1.12,62.5,0.09,0.08,0.05,0.01,0.70,0.79,0.23,0.05,01.02,Matchs
1816,Tobias Mohr,de GER,"DF,MT",Schalke 04,de Bundesliga,26,1995,9.3,33.1,54.4,60.9,686.0,302.0,11.6,14.5,80.0,14.7,20.8,71.0,5.91,14.9,39.6,0.32,0.17,0.22,0.15,2.15,2.58,1.40,0.86,03.01,Matchs
1817,Johan Mojica,co COL,DF,Villarreal,es La Liga,29,1992,7.1,44.8,55.6,80.5,751.3,196.2,21.1,23.1,91.5,18.7,21.5,86.9,3.80,6.34,60.0,0.00,0.13,0.14,-0.13,1.27,2.54,0.42,0.42,2.68,Matchs
1818,Johan Mojica,co COL,"DF,MT",Elche,es La Liga,29,1992,3.0,42.3,59.3,71.3,639.0,219.3,21.3,24.3,87.7,18.0,23.0,78.3,1.67,7.00,23.8,0.00,0.10,0.07,-0.10,1.00,1.67,1.33,0.33,3.00,Matchs
1819,Clinton Mola,eng ENG,DF,Stuttgart,de Bundesliga,21,2001,0.2,15.0,30.0,50.0,260.0,120.0,5.00,5.00,100.0,10.0,15.0,66.7,0.00,5.00,0.0,0.00,0.00,0.00,0.00,0.00,0.00,0.00,0.00,0.00,Matchs
1820,Nahuel Molina,ar ARG,DF,Atlético Madrid,es La Liga,24,1998,31.9,45.5,60.5,75.2,681.0,265.2,26.3,29.2,90.3,14.6,20.5,71.4,2.95,6.43,45.9,0.06,0.12,0.13,-0.06,1.19,2.32,1.54,0.53,3.51,Matchs
1821,Salvatore Molina,it ITA,DF,Monza,it Serie A,30,1992,2.5,34.4,45.6,75.4,504.0,169.6,19.6,22.0,89.1,14.4,18.0,80.0,0.40,3.20,12.5,0.00,0.04,0.12,-0.04,0.80,1.60,2.00,1.60,2.80,Matchs
1822,Florent Mollet,fr FRA,MT,Nantes,fr Ligue 1,30,1991,12.1,36.7,46.7,78.6,606.8,191.3,16.6,18.6,89.3,14.7,17.4,84.8,3.55,7.44,47.8,0.17,0.23,0.18,-0.07,1.90,3.39,0.91,0.33,06.03,Matchs
1823,Florent Mollet,fr FRA,MT,Schalke 04,de Bundesliga,30,1991,4.6,24.6,33.0,74.3,361.7,89.1,12.8,15.4,83.1,8.48,9.78,86.7,01.09,3.26,33.3,0.00,0.09,0.11,-0.09,0.87,2.61,0.43,0.22,03.04,Matchs
1824,Jon Moncayola,es ESP,"MT,DF",Osasuna,es La Liga,24,1998,27.2,41.8,53.7,77.8,839.7,289.3,15.9,18.0,88.4,19.0,22.4,84.7,6.47,11.6,55.9,0.11,0.07,0.08,0.04,0.99,6.25,0.81,0.37,6.43,Matchs
1825,Monchu,es ESP,MT,Valladolid,es La Liga,22,1999,22.6,36.9,46.6,79.0,716.5,213.1,16.3,18.1,90.0,13.4,16.6,80.8,6.37,10.2,62.3,0.09,0.09,0.08,0.00,1.11,4.34,0.22,0.09,4.91,Matchs
Clt,Joueur,Nation,Pos,Équipe,Comp,Âge,Naissance,90,Cmp,Att,Cmp%,TotDist,DistBut,Cmp,Att,Cmp%,Cmp,Att,Cmp%,Cmp,Att,Cmp%,PD,xAG,xA,A-xAG,PC,1/3,PPA,CntSR,PrgP,Matchs
1826,César Montes,mx MEX,DF,Espanyol,es La Liga,25,1997,17.7,35.3,45.1,78.1,697.4,263.2,12.6,14.2,88.8,17.6,20.7,85.0,4.58,8.93,51.3,0.00,0.00,0.04,0.00,0.00,2.60,0.06,0.06,2.32,Matchs
1827,Daniele Montevago,it ITA,AT,Sampdoria,it Serie A,19,2003,2.6,8.85,15.4,57.5,87.7,8.46,5.38,7.69,70.0,1.54,03.08,50.0,0.00,1.15,0.0,0.00,0.08,0.12,-0.08,1.54,0.38,0.00,0.00,0.00,Matchs
1828,Gonzalo Montiel,ar ARG,DF,Sevilla,es La Liga,25,1997,16.9,39.1,50.4,77.7,593.4,230.3,21.2,23.8,89.3,14.8,19.1,77.6,02.01,4.62,43.6,0.18,0.12,0.15,0.05,1.18,3.14,0.77,0.41,3.37,Matchs
1829,Lorenzo Montipò,it ITA,GB,Hellas Verona,it Serie A,26,1996,37.0,20.1,32.2,62.5,790.9,674.8,02.03,02.05,98.7,6.65,6.78,98.0,11.4,23.2,49.0,0.00,0.00,0.01,0.00,0.00,1.76,0.03,0.00,0.00,Matchs
1830,Martín Montoya,es ESP,DF,Betis,es La Liga,31,1991,5.0,38.0,48.8,77.9,553.0,226.6,21.4,23.2,92.2,12.0,15.4,77.9,2.40,6.20,38.7,0.00,0.14,0.12,-0.14,0.80,2.40,0.60,0.40,3.20,Matchs
1831,Kieffer Moore,wls WAL,AT,Bournemouth,eng Premier League,29,1992,14.2,14.9,25.4,58.9,207.3,34.9,8.38,13.6,61.7,4.37,6.69,65.3,0.77,1.41,55.0,0.00,0.02,0.04,-0.02,0.35,1.13,0.42,0.00,1.62,Matchs
1832,Andrew Moran,ie IRL,AT,Brighton,eng Premier League,18,2003,0.1,10.0,20.0,50.0,130.0,0.00,10.0,10.0,100.0,0.00,10.0,0.0,0.00,0.00,,0.00,0.00,0.00,0.00,0.00,0.00,0.00,0.00,0.00,Matchs
1833,Álvaro Morata,es ESP,AT,Atlético Madrid,es La Liga,29,1992,21.1,12.8,20.0,64.0,174.3,26.1,08.01,10.9,73.2,3.27,5.55,59.0,0.81,1.42,56.7,0.09,0.09,0.06,0.00,0.81,0.28,0.24,0.05,0.81,Matchs
1834,Jon Morcillo,es ESP,"AT,MT",Athletic Club,es La Liga,23,1998,0.8,40.0,55.0,72.7,656.3,195.0,22.5,25.0,90.0,12.5,16.3,76.9,3.75,8.75,42.9,1.25,0.37,0.25,0.87,5.00,0.00,3.75,1.25,2.50,Matchs
1835,Alberto Moreno,es ESP,DF,Villarreal,es La Liga,30,1992,14.4,42.0,50.7,82.9,683.7,192.2,20.7,22.8,90.6,17.5,19.7,89.0,2.50,4.44,56.3,0.07,0.10,0.13,-0.03,0.83,1.25,1.67,0.42,3.26,Matchs
1836,Álex Moreno,es ESP,DF,Aston Villa,eng Premier League,29,1993,14.8,39.3,50.3,78.0,576.7,174.9,21.6,25.2,85.5,14.7,18.0,81.3,1.62,2.84,57.1,0.20,0.20,0.18,0.00,1.49,01.01,02.03,0.95,2.50,Matchs
1837,Álex Moreno,es ESP,DF,Betis,es La Liga,29,1993,15.0,35.0,46.3,75.5,519.1,232.9,19.9,22.1,89.8,12.0,16.5,72.9,02.07,4.60,44.9,0.20,0.10,0.09,0.10,0.60,2.53,0.87,0.27,2.93,Matchs
1838,Diego Moreno,es ESP,DF,Osasuna,es La Liga,21,2001,7.1,30.4,45.6,66.7,535.9,185.2,12.7,14.9,84.9,13.5,18.7,72.2,3.66,9.15,40.0,0.00,0.03,0.04,-0.03,0.42,2.39,0.42,0.14,1.97,Matchs
1839,Gerard Moreno,es ESP,AT,Villarreal,es La Liga,30,1992,13.7,25.8,35.3,73.1,425.2,109.5,12.3,15.8,78.2,9.42,12.2,77.2,2.85,3.50,81.3,0.22,0.20,0.10,0.02,1.39,2.55,1.82,0.07,4.96,Matchs
1840,Marlos Moreno,co COL,"MT,DF",Troyes,fr Ligue 1,25,1996,0.1,30.0,40.0,75.0,400.0,100.0,20.0,20.0,100.0,10.0,10.0,100.0,0.00,10.0,0.0,0.00,0.00,0.00,0.00,0.00,0.00,0.00,0.00,10.0,Matchs
1841,Tete Morente,es ESP,"MT,DF",Elche,es La Liga,25,1996,23.0,24.8,34.1,72.7,375.3,116.5,14.9,17.2,86.6,7.22,9.91,72.8,1.91,3.78,50.6,0.00,0.05,0.07,-0.05,0.70,1.91,0.83,0.39,2.74,Matchs
1842,Ilaix Moriba,gn GUI,MT,Valencia,es La Liga,19,2003,11.2,36.0,44.7,80.4,554.5,168.8,19.8,23.1,85.7,12.7,15.1,84.0,2.41,3.48,69.2,0.18,0.09,0.10,0.09,01.07,4.73,01.07,0.18,5.98,Matchs
1843,Manu Morlanes,es ESP,MT,Villarreal,es La Liga,23,1999,1.8,20.0,25.6,78.3,331.1,83.9,10.6,11.7,90.5,7.22,8.33,86.7,2.22,3.89,57.1,0.00,0.00,0.00,0.00,0.00,3.33,0.00,0.00,3.33,Matchs
1844,Manu Morlanes,es ESP,MT,Mallorca,es La Liga,23,1999,7.8,24.4,29.0,84.1,400.1,110.5,12.2,14.2,85.6,8.59,9.62,89.3,2.44,03.08,79.2,0.00,0.09,0.06,-0.09,0.38,2.56,0.64,0.00,3.33,Matchs
1845,Nikola Moro,hr CRO,MT,Bologna,it Serie A,24,1998,13.6,47.3,59.3,79.8,858.7,277.9,20.9,25.1,83.3,19.0,22.2,85.8,6.69,9.26,72.2,0.37,0.16,0.10,0.21,1.32,6.25,0.96,0.22,7.50,Matchs
1846,Loren Morón,es ESP,AT,Betis,es La Liga,28,1993,0.2,15.0,20.0,75.0,145.0,0.00,15.0,15.0,100.0,0.00,5.00,0.0,0.00,0.00,,0.00,0.00,0.00,0.00,0.00,0.00,0.00,0.00,0.00,Matchs
1847,Cristhian Mosquera,co COL,DF,Valencia,es La Liga,18,2004,1.6,33.1,40.6,81.5,517.5,196.3,18.1,20.6,87.9,12.5,14.4,87.0,2.50,5.63,44.4,0.00,0.00,0.00,0.00,0.00,0.00,0.00,0.00,0.63,Matchs
1848,Dany Mota,pt POR,"AT,MT",Monza,it Serie A,24,1998,21.2,20.0,28.8,69.7,289.9,45.2,11.3,14.1,80.3,6.51,9.15,71.1,0.99,1.65,60.0,0.05,0.10,0.08,-0.05,1.27,0.99,0.66,0.24,1.60,Matchs
1849,Lebo Mothiba,za RSA,"AT,MT",Strasbourg,fr Ligue 1,26,1996,4.8,15.6,20.4,76.5,201.9,29.2,8.75,10.2,85.7,5.21,6.67,78.1,0.21,1.25,16.7,0.00,0.02,0.02,-0.02,0.21,01.04,0.21,0.00,1.46,Matchs
1850,Youssoufa Moukoko,de GER,AT,Dortmund,de Bundesliga,17,2004,12.7,11.2,15.9,70.3,142.8,26.8,5.67,7.24,78.3,2.99,3.78,79.2,0.63,0.94,66.7,0.24,0.14,0.08,0.09,0.94,0.47,0.63,0.16,0.87,Matchs
Clt,Joueur,Nation,Pos,Équipe,Comp,Âge,Naissance,90,Cmp,Att,Cmp%,TotDist,DistBut,Cmp,Att,Cmp%,Cmp,Att,Cmp%,Cmp,Att,Cmp%,PD,xAG,xA,A-xAG,PC,1/3,PPA,CntSR,PrgP,Matchs
1851,Steve Mounié,bj BEN,AT,Brest,fr Ligue 1,27,1994,18.4,13.8,24.9,55.2,190.4,45.7,7.55,12.9,58.4,4.84,7.99,60.5,0.27,0.82,33.3,0.00,0.04,0.07,-0.04,0.71,1.41,0.16,0.00,1.74,Matchs
1852,Mason Mount,eng ENG,"MT,AT",Chelsea,eng Premier League,23,1999,18.3,32.0,42.5,75.2,474.8,122.2,19.1,22.3,85.6,09.02,11.8,76.4,2.40,4.59,52.4,0.11,0.16,0.15,-0.05,1.64,03.01,1.48,0.27,5.36,Matchs
1853,Lucas Moura,br BRA,"MT,DF",Tottenham,eng Premier League,29,1992,1.7,36.5,52.4,69.7,488.8,155.3,22.9,29.4,78.0,12.4,15.3,80.8,0.00,1.76,0.0,0.00,0.18,0.24,-0.18,2.35,1.76,2.94,0.59,7.65,Matchs
1854,Bevic Moussiti-Oko,cg CGO,AT,Ajaccio,fr Ligue 1,27,1995,7.8,11.5,20.9,55.2,154.5,30.1,6.67,10.5,63.4,2.95,6.41,46.0,0.64,1.28,50.0,0.00,0.10,0.05,-0.10,0.64,1.28,0.26,0.00,1.28,Matchs
1855,João Moutinho,pt POR,MT,Wolves,eng Premier League,35,1986,19.8,42.9,53.4,80.4,790.3,208.3,16.3,18.3,89.2,20.8,24.2,85.8,4.60,7.42,61.9,0.10,0.13,0.10,-0.03,1.82,5.30,1.16,0.20,6.67,Matchs
1856,João Moutinho,pt POR,"DF,AT",Spezia,it Serie A,24,1998,0.6,50.0,70.0,71.4,675.0,270.0,30.0,33.3,90.0,15.0,20.0,75.0,1.67,10.0,16.7,0.00,0.00,0.00,0.00,1.67,6.67,0.00,0.00,1.67,Matchs
1857,Samuel Moutoussamy,cd COD,MT,Nantes,fr Ligue 1,25,1996,26.7,39.4,45.9,85.9,673.4,192.0,17.1,19.1,89.8,17.1,19.0,90.1,3.52,4.87,72.3,0.07,0.04,0.06,0.04,0.67,4.64,0.49,0.04,5.84,Matchs
1858,Divin Mubama,eng ENG,AT,West Ham,eng Premier League,17,2004,0.4,12.5,20.0,62.5,270.0,92.5,5.00,5.00,100.0,5.00,10.0,50.0,2.50,2.50,100.0,0.00,0.00,0.00,0.00,2.50,0.00,0.00,0.00,0.00,Matchs
1859,Mykhailo Mudryk,ua UKR,"AT,MT",Chelsea,eng Premier League,21,2001,7.3,22.1,29.6,74.5,289.3,91.5,14.2,17.3,82.5,4.79,6.58,72.9,1.23,3.15,39.1,0.27,0.12,0.16,0.15,1.37,1.37,1.37,0.00,2.74,Matchs
1860,François Mughe,cm CMR,MT,Marseille,fr Ligue 1,18,2004,0.1,0.00,0.00,,0.00,0.00,0.00,0.00,,0.00,0.00,,0.00,0.00,,0.00,0.00,0.00,0.00,0.00,0.00,0.00,0.00,0.00,Matchs
1861,Nordi Mukiele,fr FRA,DF,Paris S-G,fr Ligue 1,24,1997,12.6,46.4,53.5,86.8,680.2,197.9,25.4,27.1,93.6,17.5,20.1,87.0,1.51,2.30,65.5,0.24,0.17,0.11,0.07,0.79,1.35,0.71,0.16,02.06,Matchs
1862,Mert Müldür,tr TUR,"AT,DF",Sassuolo,it Serie A,23,1999,0.1,30.0,30.0,100.0,300.0,70.0,30.0,30.0,100.0,0.00,0.00,,0.00,0.00,,0.00,0.00,0.00,0.00,0.00,0.00,0.00,0.00,0.00,Matchs
1863,Florian Müller,de GER,GB,Stuttgart,de Bundesliga,24,1997,19.0,31.4,38.6,81.4,813.3,563.7,6.84,6.89,99.2,15.7,16.0,98.4,8.63,15.4,56.2,0.00,0.01,0.01,-0.01,0.11,0.37,0.05,0.00,0.11,Matchs
1864,Thomas Müller,de GER,"AT,MT",Bayern Munich,de Bundesliga,32,1989,18.5,33.6,44.9,74.7,469.7,133.2,19.0,22.5,84.2,11.6,15.2,76.2,1.19,2.81,42.3,0.43,0.36,0.38,0.08,2.16,2.11,2.00,0.22,4.76,Matchs
1865,Abdul Mumin,gh GHA,DF,Rayo Vallecano,es La Liga,24,1998,10.2,29.3,38.2,76.7,629.8,193.6,7.16,08.04,89.0,17.6,19.8,89.1,4.41,9.71,45.5,0.00,0.00,0.01,0.00,0.10,1.76,0.10,0.10,1.86,Matchs
1866,Marshall Munetsi,zw ZIM,MT,Reims,fr Ligue 1,26,1996,30.0,21.7,29.5,73.5,350.6,113.9,10.2,13.1,77.7,8.27,10.4,79.2,1.87,3.63,51.4,0.10,0.10,0.07,-0.00,01.03,2.37,0.37,0.07,3.17,Matchs
1867,Iker Muniain,es ESP,"MT,AT",Athletic Club,es La Liga,29,1992,18.8,47.3,59.0,80.2,746.3,231.5,25.5,28.8,88.7,16.2,19.4,83.3,3.88,7.29,53.3,0.16,0.21,0.21,-0.05,2.50,4.73,1.49,0.21,8.19,Matchs
1868,Aihen Muñoz,es ESP,DF,Real Sociedad,es La Liga,24,1997,19.5,40.1,52.7,76.0,670.8,265.5,19.9,22.4,89.2,16.6,20.7,80.1,03.08,6.77,45.5,0.05,0.05,0.06,0.01,0.72,2.46,0.92,0.56,2.92,Matchs
1869,Álvaro Muñoz,uy URU,AT,Real Madrid,es La Liga,18,2004,0.9,10.0,13.3,75.0,141.1,24.4,5.56,6.67,83.3,4.44,6.67,66.7,0.00,0.00,,1.11,0.33,0.11,0.78,1.11,0.00,1.11,0.00,1.11,Matchs
1870,Iker Muñoz,es ESP,MT,Osasuna,es La Liga,19,2002,2.8,32.1,39.6,81.1,723.2,188.6,11.1,12.5,88.6,12.1,14.6,82.9,8.93,12.1,73.5,0.00,0.00,0.00,0.00,0.00,3.57,0.00,0.00,4.29,Matchs
1871,Pablo Muñoz,es ESP,MT,Rayo Vallecano,es La Liga,18,2003,0.1,20.0,20.0,100.0,230.0,150.0,20.0,20.0,100.0,0.00,0.00,,0.00,0.00,,0.00,0.00,0.00,0.00,0.00,10.0,0.00,0.00,10.0,Matchs
1872,Luis Muriel,co COL,"AT,MT",Atalanta,it Serie A,31,1991,11.9,29.7,45.3,65.7,525.0,165.8,14.4,18.8,76.3,9.83,13.7,71.8,4.12,8.82,46.7,0.25,0.29,0.34,-0.04,3.11,2.44,2.86,0.50,5.97,Matchs
1873,Jeison Murillo,co COL,DF,Sampdoria,it Serie A,30,1992,11.7,39.0,47.6,81.9,782.3,284.1,12.4,13.6,91.2,21.7,24.4,88.8,4.70,8.29,56.7,0.00,0.00,0.01,0.00,0.17,2.56,0.09,0.00,2.99,Matchs
1874,Vedat Muriqi,xk KVX,AT,Mallorca,es La Liga,28,1994,32.6,14.5,25.4,57.1,194.1,40.8,9.42,13.1,72.1,3.83,7.88,48.6,0.55,1.50,36.7,0.09,0.06,0.05,0.03,0.64,1.32,0.18,0.00,1.84,Matchs
1875,Jacob Murphy,eng ENG,AT,Newcastle Utd,eng Premier League,27,1995,13.9,21.3,32.2,66.1,324.9,90.1,12.7,15.8,80.8,6.40,9.42,67.9,1.29,2.88,45.0,0.14,0.20,0.22,-0.06,1.37,1.44,1.87,0.29,4.10,Matchs
Clt,Joueur,Nation,Pos,Équipe,Comp,Âge,Naissance,90,Cmp,Att,Cmp%,TotDist,DistBut,Cmp,Att,Cmp%,Cmp,Att,Cmp%,Cmp,Att,Cmp%,PD,xAG,xA,A-xAG,PC,1/3,PPA,CntSR,PrgP,Matchs
1876,Nicola Murru,it ITA,DF,Sampdoria,it Serie A,27,1994,8.7,29.2,38.0,76.7,512.0,237.2,13.1,14.5,90.5,12.9,15.7,81.8,2.64,06.09,43.4,0.00,0.01,0.03,-0.01,0.23,2.41,0.46,0.34,3.10,Matchs
1877,Yunus Musah,us USA,MT,Valencia,es La Liga,19,2002,23.4,25.8,32.9,78.3,436.7,97.3,12.5,14.9,84.2,10.8,12.6,85.1,1.84,2.74,67.2,0.09,0.08,0.08,0.01,0.68,2.22,0.51,0.17,3.97,Matchs
1878,Jamal Musiala,de GER,"MT,AT",Bayern Munich,de Bundesliga,19,2003,24.4,35.1,41.7,84.2,508.6,106.7,20.1,22.7,88.6,12.4,13.6,91.3,1.27,1.93,66.0,0.41,0.27,0.22,0.14,2.13,2.75,1.52,0.12,05.08,Matchs
1879,Juan Musso,ar ARG,GB,Atalanta,it Serie A,28,1994,23.1,22.2,30.5,72.8,625.5,436.3,04.03,04.03,100.0,10.5,10.6,98.8,7.53,15.6,48.3,0.00,0.00,0.00,-0.00,0.04,0.00,0.00,0.00,0.00,Matchs
1880,Marlon Mustapha,at AUT,"AT,MT",Mainz 05,de Bundesliga,21,2001,0.8,16.3,28.8,56.5,227.5,95.0,8.75,15.0,58.3,6.25,11.3,55.6,0.00,0.00,,0.00,0.37,0.00,-0.37,1.25,1.25,1.25,0.00,2.50,Matchs
1881,Yvon Mvogo,ch SUI,GB,Lorient,fr Ligue 1,28,1994,20.1,23.2,30.9,74.9,601.9,429.7,5.67,5.67,100.0,10.5,10.5,100.0,6.77,14.3,47.4,0.00,0.00,0.00,0.00,0.00,0.25,0.00,0.00,0.00,Matchs
1882,Enock Mwepu,zm ZAM,"AT,MT",Brighton,eng Premier League,24,1998,2.4,25.4,32.5,78.2,341.3,52.5,17.5,20.8,84.0,6.25,07.08,88.2,1.25,02.08,60.0,0.42,0.21,0.08,0.21,1.25,02.08,0.83,0.00,2.50,Matchs
1883,Francisco Mwepu,zm ZAM,AT,Cádiz,es La Liga,22,2000,0.2,20.0,20.0,100.0,300.0,30.0,15.0,15.0,100.0,5.00,5.00,100.0,0.00,0.00,,0.00,0.00,0.00,0.00,0.00,0.00,0.00,0.00,5.00,Matchs
1884,Vitaliy Mykolenko,ua UKR,DF,Everton,eng Premier League,23,1999,29.5,32.7,43.8,74.8,515.2,199.1,17.3,19.8,87.0,12.4,16.2,76.5,2.14,4.98,42.9,0.00,0.04,0.03,-0.04,0.64,2.85,0.71,0.37,3.39,Matchs
1885,Joakim Mæhle,dk DEN,"DF,MT",Atalanta,it Serie A,25,1997,24.5,48.5,59.4,81.6,674.6,216.7,30.1,33.4,90.1,14.6,17.9,81.5,1.84,3.43,53.6,0.12,0.12,0.12,0.00,1.51,2.90,1.88,0.41,5.59,Matchs
1886,Obite N'Dicka,ci CIV,DF,Eint Frankfurt,de Bundesliga,22,1999,29.9,52.3,60.7,86.1,900.3,367.3,22.8,24.6,92.8,25.1,27.9,89.9,3.61,6.66,54.3,0.00,0.01,0.01,-0.01,0.10,2.47,0.10,0.00,3.14,Matchs
1887,Nathan N'Goumou,fr FRA,AT,Toulouse,fr Ligue 1,22,2000,1.0,25.0,30.0,83.3,352.0,110.0,18.0,22.0,81.8,5.00,6.00,83.3,1.00,1.00,100.0,0.00,0.30,0.40,-0.30,1.00,2.00,4.00,1.00,5.00,Matchs
1888,Nathan N'Goumou,fr FRA,AT,M'Gladbach,de Bundesliga,22,2000,7.7,21.6,29.4,73.5,283.9,76.2,14.0,16.5,85.0,05.06,7.66,66.1,01.04,1.56,66.7,0.00,0.04,0.09,-0.04,0.39,0.39,0.91,0.65,1.82,Matchs
1889,Stanley N'Soki,fr FRA,DF,Hoffenheim,de Bundesliga,23,1999,14.3,45.6,55.7,81.9,833.4,342.8,18.3,20.9,87.6,22.0,25.0,87.7,4.41,8.11,54.3,0.00,0.02,0.03,-0.02,0.21,4.34,0.21,0.00,4.48,Matchs
1890,Herculano Nabian,pt POR,MT,Empoli,it Serie A,18,2004,0.0,0,0,,0,0,0,0,,0,0,,0,0,,0,0.0,0.0,0.0,0,0,0,0,0,Matchs
1891,Nacho,es ESP,DF,Real Madrid,es La Liga,32,1990,18.2,59.6,65.1,91.6,920.3,324.5,31.7,33.6,94.3,23.5,24.9,94.1,2.91,04.07,71.6,0.05,0.05,0.04,0.01,0.66,4.34,0.44,0.05,4.12,Matchs
1892,Nikolas Nartey,dk DEN,"DF,MT",Stuttgart,de Bundesliga,22,2000,5.3,42.5,53.2,79.8,657.7,226.8,24.5,28.1,87.2,15.1,18.9,80.0,2.26,4.91,46.2,0.00,0.06,0.04,-0.06,0.75,3.21,0.94,0.19,4.15,Matchs
1893,Juanjo Narváez,co COL,"MT,AT",Valladolid,es La Liga,27,1995,1.6,15.6,22.5,69.4,168.8,19.4,11.3,13.8,81.8,3.13,4.38,71.4,0.00,0.63,0.0,0.00,0.00,0.00,0.00,0.00,0.00,0.00,0.00,0.00,Matchs
1894,Matija Nastasić,rs SRB,DF,Mallorca,es La Liga,29,1993,10.1,23.6,29.5,79.9,495.7,209.9,7.43,8.61,86.2,12.7,13.6,93.4,3.47,6.93,50.0,0.00,0.00,0.02,0.00,0.00,2.38,0.40,0.00,2.48,Matchs
1895,Roberto Navarro,es ESP,"MT,AT",Real Sociedad,es La Liga,20,2002,3.9,25.4,35.4,71.7,344.9,97.9,15.4,18.7,82.2,5.64,8.97,62.9,02.05,3.33,61.5,0.00,0.31,0.28,-0.31,03.08,02.05,0.77,0.00,3.33,Matchs
1896,Jesús Navas,es ESP,"DF,AT",Sevilla,es La Liga,36,1985,22.0,45.5,60.5,75.1,780.8,221.1,22.4,25.0,89.6,17.9,23.5,76.2,4.23,08.05,52.5,0.00,0.13,0.15,-0.13,1.18,2.73,02.09,0.64,4.50,Matchs
1897,Keylor Navas,cr CRC,GB,Nott'ham Forest,eng Premier League,35,1986,17.0,18.0,31.4,57.3,606.5,487.2,1.71,1.71,100.0,8.00,08.06,99.3,8.29,21.4,38.8,0.00,0.00,0.00,0.00,0.00,0.41,0.00,0.00,0.06,Matchs
1898,Michel Ndary Adopo,fr FRA,"MT,DF",Torino,it Serie A,22,2000,2.9,42.1,48.6,86.5,626.2,169.7,22.8,25.9,88.0,16.9,19.0,89.1,1.72,02.07,83.3,0.00,0.00,0.03,0.00,0.34,2.76,0.00,0.00,3.45,Matchs
1899,Youssouf Ndayishimiye,bi BDI,"MT,DF",Nice,fr Ligue 1,23,1998,6.3,53.5,59.4,90.1,988.6,246.5,20.6,22.1,93.5,26.2,28.3,92.7,5.56,7.46,74.5,0.00,0.02,0.06,-0.02,0.16,05.08,0.48,0.16,4.76,Matchs
1900,Papa Ndiaga Yade,sn SEN,"DF,MT",Troyes,fr Ligue 1,22,2000,6.3,39.7,55.1,72.0,581.6,198.1,24.0,27.8,86.3,11.4,17.0,67.3,2.54,6.67,38.1,0.32,0.21,0.13,0.11,1.59,1.43,1.11,0.79,2.54,Matchs
Clt,Joueur,Nation,Pos,Équipe,Comp,Âge,Naissance,90,Cmp,Att,Cmp%,TotDist,DistBut,Cmp,Att,Cmp%,Cmp,Att,Cmp%,Cmp,Att,Cmp%,PD,xAG,xA,A-xAG,PC,1/3,PPA,CntSR,PrgP,Matchs
1901,Wilfred Ndidi,ng NGA,MT,Leicester City,eng Premier League,25,1996,18.7,40.3,48.1,83.9,614.2,154.0,21.0,22.9,91.4,16.3,18.6,87.4,1.66,3.58,46.3,0.00,0.01,0.01,-0.01,0.16,2.62,0.00,0.00,2.73,Matchs
1902,Tanguy Ndombele,fr FRA,MT,Napoli,it Serie A,25,1996,9.0,56.0,63.8,87.8,755.1,185.1,34.0,37.3,91.1,15.9,17.1,92.9,2.11,3.22,65.5,0.00,0.06,0.06,-0.06,1.00,4.56,1.00,0.00,5.78,Matchs
1903,Álvaro Negredo,es ESP,AT,Cádiz,es La Liga,36,1985,8.4,12.6,20.6,61.3,210.2,45.6,6.31,9.17,68.8,3.81,5.71,66.7,1.43,3.33,42.9,0.24,0.29,0.19,-0.05,1.19,1.31,0.48,0.12,02.02,Matchs
1904,Reiss Nelson,eng ENG,AT,Arsenal,eng Premier League,22,1999,2.4,42.1,50.0,84.2,554.6,88.8,25.8,28.8,89.9,12.1,14.2,85.3,1.67,2.92,57.1,0.83,0.58,0.42,0.25,3.75,1.25,1.67,0.83,2.50,Matchs
1905,Ilija Nestorovski,mk MKD,"AT,MT",Udinese,it Serie A,32,1990,7.1,16.3,23.0,71.2,230.7,43.5,9.86,13.0,76.1,4.79,6.20,77.3,0.99,1.55,63.6,0.14,0.07,0.06,0.07,0.28,0.99,0.28,0.00,2.68,Matchs
1906,Neto,br BRA,GB,Bournemouth,eng Premier League,33,1989,26.5,19.7,31.4,62.5,599.7,475.2,4.11,4.19,98.2,7.32,7.58,96.5,7.96,19.4,41.1,0.00,0.00,0.00,0.00,0.00,0.53,0.08,0.00,0.00,Matchs
1907,Pedro Neto,pt POR,"AT,MT",Wolves,eng Premier League,22,2000,10.7,26.5,35.9,74.0,422.1,96.7,15.4,17.4,88.7,7.76,11.0,70.3,2.52,05.05,50.0,0.00,0.20,0.15,-0.20,1.87,1.21,0.84,0.37,2.24,Matchs
1908,Luca Netz,de GER,DF,M'Gladbach,de Bundesliga,19,2003,7.8,35.8,44.6,80.2,525.6,142.1,20.6,22.6,91.5,12.7,15.5,81.8,1.41,3.97,35.5,0.38,0.15,0.13,0.23,0.64,1.41,0.38,0.00,1.54,Matchs
1909,Manuel Neuer,de GER,GB,Bayern Munich,de Bundesliga,36,1986,12.0,37.4,42.0,89.1,880.9,606.7,8.00,8.00,100.0,19.5,19.8,98.3,9.83,14.1,69.8,0.00,0.00,0.00,0.00,0.00,0.08,0.00,0.00,0.08,Matchs
1910,Florian Neuhaus,de GER,MT,M'Gladbach,de Bundesliga,25,1997,15.6,32.7,41.3,79.2,504.6,162.8,18.1,20.4,88.7,11.7,14.1,83.2,1.92,3.40,56.6,0.00,0.15,0.15,-0.15,01.03,3.53,0.96,0.13,5.00,Matchs
1911,Rúben Neves,pt POR,MT,Wolves,eng Premier League,25,1997,33.5,51.6,62.9,82.1,1093.9,299.7,17.3,19.0,91.0,24.6,27.6,89.0,9.31,14.1,65.8,0.03,0.05,0.04,-0.02,0.96,06.03,0.45,0.03,6.51,Matchs
1912,Neymar,br BRA,"MT,AT",Paris S-G,fr Ligue 1,30,1992,17.2,58.8,73.4,80.1,854.8,316.0,33.0,38.3,86.2,17.3,20.9,82.7,4.13,7.21,57.3,0.64,0.51,0.43,0.13,2.85,7.85,2.79,0.12,9.36,Matchs
1913,Jessic Ngankam,de GER,"AT,MT",Hertha BSC,de Bundesliga,22,2000,9.2,7.61,12.3,61.9,95.8,21.8,5.43,6.96,78.1,1.30,2.72,48.0,0.33,0.76,42.9,0.00,0.03,0.03,-0.03,0.65,0.76,0.33,0.00,0.76,Matchs
1914,Cyril Ngonge,be BEL,"MT,AT",Hellas Verona,it Serie A,22,2000,8.3,11.8,21.1,56.0,174.7,59.2,6.39,9.76,65.4,4.10,5.90,69.4,0.96,2.65,36.4,0.12,0.07,0.07,0.05,1.33,1.20,0.72,0.48,1.57,Matchs
1915,Moussa Niakhate,sn SEN,DF,Nott'ham Forest,eng Premier League,26,1996,12.9,20.5,30.3,67.8,406.6,203.6,7.29,7.98,91.3,10.0,14.2,70.5,03.02,6.98,43.3,0.00,0.01,0.02,-0.01,0.08,1.24,0.00,0.00,1.16,Matchs
1916,Ibrahima Niane,sn SEN,AT,Angers,fr Ligue 1,23,1999,12.6,13.9,18.4,75.4,202.6,37.4,7.38,9.44,78.2,4.37,5.71,76.4,0.79,01.03,76.9,0.00,0.04,0.05,-0.04,0.63,1.35,0.32,0.00,1.90,Matchs
1917,M'Baye Niang,sn SEN,AT,Auxerre,fr Ligue 1,27,1994,16.5,11.4,18.0,63.3,172.6,41.7,06.06,8.91,68.0,4.00,5.82,68.8,0.73,1.27,57.1,0.00,0.04,0.04,-0.04,0.42,0.79,0.42,0.06,1.82,Matchs
1918,Tanguy Nianzou,fr FRA,DF,Sevilla,es La Liga,20,2002,15.2,44.5,50.8,87.6,797.4,268.4,16.8,18.4,91.1,24.9,26.5,93.8,2.57,4.80,53.4,0.00,0.00,0.01,0.00,0.07,3.82,0.00,0.00,4.34,Matchs
1919,Rasmus Nicolaisen,dk DEN,DF,Toulouse,fr Ligue 1,25,1997,33.3,44.6,52.9,84.2,885.9,339.5,14.4,16.7,86.2,23.7,26.1,90.8,5.65,8.68,65.1,0.06,0.02,0.02,0.04,0.15,2.43,0.09,0.00,3.42,Matchs
1920,Hans Nicolussi Caviglia,it ITA,MT,Salernitana,it Serie A,22,2000,6.5,28.3,38.2,74.2,498.6,146.3,11.4,13.8,82.2,12.8,16.2,79.0,2.62,4.46,58.6,0.00,0.00,0.02,0.00,0.31,3.23,0.00,0.00,2.92,Matchs
1921,Florian Niederlechner,de GER,"AT,MT",Augsburg,de Bundesliga,31,1990,10.1,11.7,19.8,59.0,181.5,41.3,5.64,8.81,64.0,4.65,6.63,70.1,0.50,1.58,31.3,0.10,0.04,0.07,0.06,0.50,1.29,0.59,0.00,1.78,Matchs
1922,Florian Niederlechner,de GER,AT,Hertha BSC,de Bundesliga,31,1990,8.7,10.9,16.8,65.1,170.1,29.7,5.75,7.47,76.9,04.02,5.75,70.0,0.69,1.26,54.5,0.00,0.02,0.05,-0.02,0.46,1.15,0.23,0.00,1.26,Matchs
1923,Saúl Ñíguez,es ESP,"MT,DF",Atlético Madrid,es La Liga,27,1994,12.2,33.4,42.6,78.5,457.6,108.7,21.1,24.1,87.4,9.59,12.5,77.0,1.48,2.79,52.9,0.08,0.06,0.04,0.02,0.41,1.56,0.49,0.08,2.79,Matchs
1924,Dimitris Nikolaou,gr GRE,DF,Spezia,it Serie A,23,1998,32.9,41.0,50.5,81.2,742.0,303.4,18.2,19.8,91.7,17.3,19.8,87.4,4.53,09.06,50.0,0.00,0.03,0.02,-0.03,0.30,3.40,0.18,0.06,3.19,Matchs
1925,Fernando Niño,es ESP,"MT,AT",Villarreal,es La Liga,21,2000,0.2,25.0,25.0,100.0,310.0,0.00,20.0,20.0,100.0,5.00,5.00,100.0,0.00,0.00,,0.00,0.00,0.00,0.00,0.00,0.00,0.00,0.00,0.00,Matchs
Clt,Joueur,Nation,Pos,Équipe,Comp,Âge,Naissance,90,Cmp,Att,Cmp%,TotDist,DistBut,Cmp,Att,Cmp%,Cmp,Att,Cmp%,Cmp,Att,Cmp%,PD,xAG,xA,A-xAG,PC,1/3,PPA,CntSR,PrgP,Matchs
1926,Rasmus Nissen,dk DEN,DF,Leeds United,eng Premier League,25,1997,21.8,33.9,47.9,70.9,565.4,245.6,16.7,20.0,83.7,14.2,18.8,75.6,2.39,6.15,38.8,0.05,0.05,0.04,0.00,0.41,2.89,0.73,0.09,04.08,Matchs
1927,Justin Njinmah,de GER,AT,Dortmund,de Bundesliga,21,2000,0.2,0.00,10.0,0.0,0.00,0.00,0.00,0.00,,0.00,0.00,,0.00,0.00,,0.00,0.00,0.00,0.00,0.00,0.00,0.00,0.00,0.00,Matchs
1928,Eddie Nketiah,eng ENG,AT,Arsenal,eng Premier League,23,1999,12.1,16.9,21.1,80.4,239.2,28.9,10.8,12.5,86.8,4.79,5.70,84.1,0.74,0.99,75.0,0.08,0.11,0.11,-0.02,0.74,0.74,0.50,0.00,1.24,Matchs
1929,Christopher Nkunku,fr FRA,"AT,MT",RB Leipzig,de Bundesliga,24,1997,21.1,23.6,29.4,80.2,351.4,87.8,13.7,15.9,86.3,6.45,7.58,85.0,02.09,3.13,66.7,0.19,0.20,0.22,-0.01,1.85,1.66,1.33,0.09,3.36,Matchs
1930,Felix Nmecha,de GER,MT,Wolfsburg,de Bundesliga,21,2000,20.4,26.2,34.6,75.6,442.4,130.5,12.2,15.2,80.1,10.7,12.9,82.6,2.45,04.02,61.0,0.25,0.16,0.08,0.08,0.98,3.43,0.54,0.05,4.22,Matchs
1931,Lukas Nmecha,de GER,AT,Wolfsburg,de Bundesliga,23,1998,10.0,13.3,20.1,66.2,197.3,34.8,6.90,9.20,75.0,4.30,6.20,69.4,1.00,1.40,71.4,0.00,0.05,0.04,-0.05,0.60,1.70,0.50,0.00,1.80,Matchs
1932,Arnaud Nordin,fr FRA,AT,Montpellier,fr Ligue 1,24,1998,26.7,18.2,24.8,73.4,262.7,73.0,10.0,12.5,80.2,5.84,7.98,73.2,0.97,1.65,59.1,0.11,0.11,0.07,0.00,0.75,01.05,0.71,0.11,2.36,Matchs
1933,Riad Nouri,fr FRA,"MT,AT",Ajaccio,fr Ligue 1,37,1985,18.8,22.6,33.4,67.8,352.4,118.5,12.0,15.3,78.1,7.98,11.1,72.1,1.65,4.36,37.8,0.05,0.12,0.12,-0.06,1.33,1.76,0.74,0.64,02.07,Matchs
1934,Hugo Novoa,es ESP,"DF,AT",RB Leipzig,de Bundesliga,19,2003,2.0,38.5,54.0,71.3,532.0,137.5,24.0,26.5,90.6,11.5,16.5,69.7,1.00,3.50,28.6,0.00,0.00,0.05,0.00,1.00,0.50,0.00,0.00,2.00,Matchs
1935,Samuel Ntanda,be BEL,MT,Sampdoria,it Serie A,17,2005,0.0,1,1,100.0,5,0,1,1,100.0,0,0,,0,0,,0,0.0,0.0,0.0,0,0,0,0,0,Matchs
1936,Randy Ntekja,fr FRA,"AT,MT",Elche,es La Liga,24,1997,8.1,14.6,21.1,69.0,180.0,41.9,9.38,12.5,75.2,2.72,3.95,68.8,0.86,1.73,50.0,0.00,0.11,0.09,-0.11,0.74,0.99,0.37,0.00,1.60,Matchs
1937,Randy Ntekja,fr FRA,"AT,MT",Rayo Vallecano,es La Liga,24,1997,1.3,37.7,50.0,75.4,578.5,119.2,17.7,23.8,74.2,15.4,16.2,95.2,2.31,4.62,50.0,0.00,0.00,0.08,0.00,0.77,5.38,0.77,0.00,4.62,Matchs
1938,Alexander Nübel,de GER,GB,Monaco,fr Ligue 1,25,1996,38.0,22.4,30.0,74.6,669.3,499.6,3.16,3.18,99.2,9.42,9.66,97.5,9.71,17.1,56.9,0.00,0.00,0.01,0.00,0.03,0.11,0.00,0.00,0.03,Matchs
1939,Matheus Nunes,pt POR,MT,Wolves,eng Premier League,23,1998,27.4,29.9,37.5,79.6,548.7,107.8,14.1,16.5,85.8,10.6,12.4,85.5,4.34,6.31,68.8,0.04,0.08,0.05,-0.04,0.99,2.55,0.69,0.26,03.07,Matchs
1940,Darwin Núñez,uy URU,AT,Liverpool,eng Premier League,23,1999,18.8,13.7,21.3,64.3,208.6,45.3,6.91,9.79,70.7,4.26,6.22,68.4,1.12,1.60,70.0,0.16,0.29,0.15,-0.13,1.49,0.59,0.64,0.05,1.54,Matchs
1941,Unai Núñez,es ESP,DF,Celta Vigo,es La Liga,25,1997,35.0,49.8,57.8,86.2,1022.1,370.0,14.3,15.8,90.6,29.5,32.1,91.8,5.80,09.03,64.2,0.00,0.00,0.01,-0.00,0.14,3.74,0.06,0.03,4.17,Matchs
1942,Bram Nuytinck,nl NED,DF,Udinese,it Serie A,32,1990,4.3,26.3,32.3,81.3,585.1,241.4,5.58,6.28,88.9,15.6,17.4,89.3,4.65,7.44,62.5,0.00,0.00,0.00,0.00,0.00,0.93,0.23,0.00,0.93,Matchs
1943,Bram Nuytinck,nl NED,DF,Sampdoria,it Serie A,32,1990,16.6,33.7,39.7,84.8,687.8,223.3,8.31,9.82,84.7,21.6,23.3,92.8,3.55,5.72,62.1,0.06,0.02,0.02,0.04,0.18,0.96,0.00,0.00,1.39,Matchs
1944,Ethan Nwaneri,eng ENG,AT,Arsenal,eng Premier League,15,2007,0.0,0,0,,0,0,0,0,,0,0,,0,0,,0,0.0,0.0,0.0,0,0,0,0,0,Matchs
1945,Gerzino Nyamsi,fr FRA,DF,Strasbourg,fr Ligue 1,25,1997,17.5,40.6,48.1,84.4,812.2,292.4,11.8,13.4,88.5,24.1,26.3,91.5,4.23,7.49,56.5,0.06,0.01,0.02,0.05,0.17,3.14,0.34,0.00,3.89,Matchs
1946,Ørjan Nyland,no NOR,GB,RB Leipzig,de Bundesliga,31,1990,2.0,37.5,49.5,75.8,998.5,649.0,9.50,10.0,95.0,18.0,18.0,100.0,10.0,21.0,47.6,0.50,0.05,0.00,0.45,0.50,3.00,0.50,0.00,0.00,Matchs
1947,M'Bala Nzola,ao ANG,AT,Spezia,it Serie A,25,1996,29.5,16.0,20.1,79.4,189.2,31.1,10.5,12.3,85.1,3.66,4.68,78.3,0.27,0.34,80.0,0.07,0.08,0.09,-0.02,0.95,0.78,0.61,0.07,1.69,Matchs
1948,Christian Nørgaard,dk DEN,MT,Brentford,eng Premier League,28,1994,19.6,31.0,41.4,74.9,504.0,174.8,15.5,18.8,82.4,12.9,16.6,77.3,02.04,3.78,54.1,0.15,0.16,0.09,-0.01,0.61,3.47,0.41,0.10,3.72,Matchs
1949,Lewis O'Brien,eng ENG,MT,Nott'ham Forest,eng Premier League,23,1998,6.5,25.5,32.9,77.6,428.5,100.0,11.1,13.1,84.7,12.9,15.8,81.6,01.08,2.46,43.8,0.00,0.03,0.03,-0.03,0.62,2.92,0.46,0.00,3.23,Matchs
1950,Pedro Obiang,gq EQG,MT,Sassuolo,it Serie A,30,1992,9.7,37.4,45.2,82.9,690.9,226.2,18.0,21.0,85.8,14.6,16.3,89.9,4.33,6.19,70.0,0.10,0.02,0.02,0.08,0.31,2.78,0.21,0.00,4.12,Matchs
Clt,Joueur,Nation,Pos,Équipe,Comp,Âge,Naissance,90,Cmp,Att,Cmp%,TotDist,DistBut,Cmp,Att,Cmp%,Cmp,Att,Cmp%,Cmp,Att,Cmp%,PD,xAG,xA,A-xAG,PC,1/3,PPA,CntSR,PrgP,Matchs
1951,Jan Oblak,si SVN,GB,Atlético Madrid,es La Liga,29,1993,27.7,19.4,29.5,65.9,565.8,419.5,3.57,3.57,100.0,8.63,8.77,98.4,7.11,16.9,42.0,0.00,0.00,0.00,0.00,0.00,0.18,0.00,0.00,0.00,Matchs
1952,Brian Ocampo,uy URU,"MT,AT",Cádiz,es La Liga,23,1999,12.4,22.1,29.8,74.3,310.2,84.8,14.3,16.7,85.5,4.92,6.94,70.9,1.77,3.31,53.7,0.08,0.14,0.14,-0.06,1.29,01.05,1.21,0.48,1.77,Matchs
1953,Lucas Ocampos,ar ARG,"AT,MT",Sevilla,es La Liga,28,1994,12.9,25.8,34.9,74.0,367.9,65.7,15.7,19.0,82.9,7.75,10.2,76.3,1.24,2.71,45.7,0.00,0.11,0.10,-0.11,01.01,1.24,0.93,0.31,2.87,Matchs
1954,Guillermo Ochoa,mx MEX,GB,Salernitana,it Serie A,37,1985,20.0,22.1,38.0,58.0,721.1,535.6,3.10,3.15,98.4,9.15,9.30,98.4,9.80,25.4,38.7,0.00,0.00,0.00,0.00,0.00,0.65,0.00,0.00,0.00,Matchs
1955,Wilson Odobert,fr FRA,"MT,AT",Troyes,fr Ligue 1,17,2004,19.6,20.8,27.4,75.8,315.1,73.7,11.5,14.3,80.4,6.84,8.93,76.6,1.33,1.89,70.3,0.10,0.09,0.07,0.01,1.17,1.38,0.66,0.26,2.40,Matchs
1956,Álvaro Odriozola,es ESP,DF,Real Madrid,es La Liga,26,1995,0.4,67.5,70.0,96.4,940.0,270.0,47.5,50.0,95.0,17.5,17.5,100.0,2.50,2.50,100.0,0.00,0.75,0.25,-0.75,5.00,2.50,2.50,2.50,5.00,Matchs
1957,Tim Oermann,de GER,DF,Bochum,de Bundesliga,18,2003,2.2,17.7,23.2,76.5,335.5,121.8,6.36,7.27,87.5,8.18,8.64,94.7,2.73,5.45,50.0,0.00,0.00,0.00,0.00,0.00,0.45,0.00,0.00,0.00,Matchs
1958,Odeluga Offiah,eng ENG,DF,Brighton,eng Premier League,19,2002,0.3,80.0,100.0,80.0,1156.7,156.7,46.7,56.7,82.4,30.0,40.0,75.0,3.33,3.33,100.0,0.00,0.00,0.00,0.00,0.00,6.67,3.33,0.00,3.33,Matchs
1959,Angelo Ogbonna,it ITA,DF,West Ham,eng Premier League,34,1988,13.7,24.2,30.3,80.0,459.8,150.3,7.30,8.76,83.3,13.9,15.8,87.6,2.34,4.53,51.6,0.00,0.01,0.01,-0.01,0.22,0.58,0.07,0.00,0.80,Matchs
1960,Florent Ogier,fr FRA,DF,Clermont Foot,fr Ligue 1,33,1989,18.9,39.2,49.5,79.3,738.4,326.5,14.7,16.8,87.7,18.4,21.9,84.1,4.92,8.89,55.4,0.05,0.07,0.03,-0.02,0.26,2.49,0.16,0.00,03.02,Matchs
1961,Marios Oikonomou,gr GRE,DF,Sampdoria,it Serie A,29,1992,2.4,26.3,35.4,74.1,529.6,227.9,10.0,11.7,85.7,13.3,15.8,84.2,2.92,7.92,36.8,0.00,0.00,0.00,0.00,0.00,0.42,0.00,0.00,0.83,Matchs
1962,David Okereke,ng NGA,"AT,MT",Cremonese,it Serie A,24,1997,25.2,14.0,20.0,70.0,227.4,53.5,7.46,9.72,76.7,4.64,5.83,79.6,1.35,1.98,68.0,0.00,0.04,0.04,-0.04,0.83,1.23,0.95,0.20,2.78,Matchs
1963,Caleb Okoli,it ITA,DF,Atalanta,it Serie A,21,2001,10.7,32.2,42.8,75.3,550.2,211.9,14.6,17.8,82.1,14.1,17.7,79.9,2.62,4.58,57.1,0.00,0.00,0.01,0.00,0.00,01.03,0.19,0.00,1.78,Matchs
1964,Olasagasti,es ESP,"MT,DF",Real Sociedad,es La Liga,21,2000,0.7,55.7,68.6,81.3,921.4,168.6,27.1,35.7,76.0,25.7,27.1,94.7,2.86,4.29,66.7,0.00,0.00,0.00,0.00,0.00,8.57,1.43,0.00,2.86,Matchs
1965,Lucas Olaza,uy URU,DF,Valladolid,es La Liga,28,1994,16.6,36.5,48.0,76.0,621.5,251.3,16.3,18.6,88.0,15.8,19.3,81.9,3.19,6.69,47.7,0.06,0.06,0.06,0.00,0.96,02.05,01.02,0.48,3.98,Matchs
1966,Finn Ole Becker,de GER,MT,Hoffenheim,de Bundesliga,22,2000,5.7,26.0,36.8,70.5,396.0,145.3,14.2,17.2,82.7,7.89,11.6,68.2,2.11,04.04,52.2,0.00,0.05,0.05,-0.05,0.70,2.46,0.70,0.00,3.33,Matchs
1967,Mathias Olesen,lu LUX,MT,Köln,de Bundesliga,21,2001,5.3,23.2,29.6,78.3,372.5,86.4,11.5,14.2,81.3,7.74,09.06,85.4,1.89,03.02,62.5,0.00,0.02,0.04,-0.02,0.38,1.70,0.57,0.19,2.83,Matchs
1968,Michael Olise,fr FRA,"AT,MT",Crystal Palace,eng Premier League,20,2001,30.5,32.3,46.6,69.4,550.6,164.7,17.0,19.7,86.2,10.8,14.6,73.9,3.77,8.95,42.1,0.36,0.29,0.21,0.08,2.36,2.36,1.74,0.52,4.36,Matchs
1969,Brian Oliván,es ESP,DF,Espanyol,es La Liga,28,1994,26.7,25.8,41.4,62.2,486.4,240.3,11.4,13.9,82.4,9.74,15.4,63.4,3.93,9.78,40.2,0.26,0.16,0.15,0.10,1.27,2.58,1.16,0.90,3.00,Matchs
1970,Lucas Oliveira Rosa,br BRA,DF,Valladolid,es La Liga,22,2000,10.3,30.6,42.4,72.1,472.2,149.0,16.1,18.3,87.8,11.7,16.0,73.3,1.84,4.56,40.4,0.10,0.10,0.07,0.00,0.97,0.78,01.07,0.68,2.14,Matchs
1971,Mathías Olivera,uy URU,DF,Napoli,it Serie A,24,1997,18.3,65.6,75.5,86.9,894.9,269.9,42.6,45.5,93.8,17.3,20.0,86.3,3.11,5.52,56.4,0.11,0.11,0.11,-0.01,1.31,5.46,0.66,0.22,4.81,Matchs
1972,Dani Olmo,es ESP,"MT,AT",RB Leipzig,de Bundesliga,24,1998,14.2,31.7,42.0,75.5,462.0,133.0,18.2,21.1,86.0,9.44,12.2,77.5,2.18,04.01,54.4,0.35,0.32,0.36,0.04,2.68,2.54,1.90,0.07,4.79,Matchs
1973,Jan Olschowsky,de GER,GB,M'Gladbach,de Bundesliga,20,2001,4.0,32.8,39.8,82.4,733.8,465.8,8.75,8.75,100.0,18.3,18.3,100.0,5.75,12.8,45.1,0.00,0.00,0.00,0.00,0.00,0.50,0.00,0.00,0.00,Matchs
1974,Robin Olsen,se SWE,GB,Aston Villa,eng Premier League,32,1990,3.1,23.9,42.3,56.5,661.0,491.0,5.48,5.81,94.4,9.68,9.68,100.0,8.71,25.8,33.8,0.00,0.00,0.00,0.00,0.00,0.65,0.00,0.00,0.00,Matchs
1975,Warmed Omari,fr FRA,DF,Rennes,fr Ligue 1,22,2000,15.1,60.3,65.0,92.8,1271.9,389.9,13.4,14.8,91.0,37.9,39.2,96.8,8.28,9.74,85.0,0.00,0.03,0.04,-0.03,0.33,2.78,0.13,0.00,3.84,Matchs
Clt,Joueur,Nation,Pos,Équipe,Comp,Âge,Naissance,90,Cmp,Att,Cmp%,TotDist,DistBut,Cmp,Att,Cmp%,Cmp,Att,Cmp%,Cmp,Att,Cmp%,PD,xAG,xA,A-xAG,PC,1/3,PPA,CntSR,PrgP,Matchs
1976,Jonas Omlin,ch SUI,GB,Montpellier,fr Ligue 1,28,1994,13.0,22.7,31.9,71.1,618.6,458.3,04.08,4.15,98.1,11.9,12.2,98.1,6.62,15.5,42.6,0.00,0.00,0.00,0.00,0.00,0.31,0.00,0.00,0.00,Matchs
1977,Jonas Omlin,ch SUI,GB,M'Gladbach,de Bundesliga,28,1994,14.3,41.6,51.6,80.6,1008.6,649.0,09.09,9.23,98.5,22.6,22.9,98.5,9.86,19.4,50.9,0.00,0.03,0.00,-0.03,0.14,0.35,0.07,0.00,0.00,Matchs
1978,Ado Onaiwu,jp JPN,AT,Toulouse,fr Ligue 1,26,1995,12.0,21.0,28.1,74.8,291.8,59.8,12.1,15.6,77.5,6.50,8.33,78.0,0.83,1.25,66.7,0.08,0.09,0.12,-0.01,0.67,1.58,0.83,0.08,2.50,Matchs
1979,Amadou Onana,be BEL,MT,Everton,eng Premier League,20,2001,27.6,29.6,35.5,83.3,476.3,108.9,15.2,17.4,87.3,11.2,12.8,87.6,2.17,3.12,69.8,0.07,0.09,0.06,-0.02,0.80,2.79,0.40,0.00,2.86,Matchs
1980,André Onana,cm CMR,GB,Inter,it Serie A,26,1996,24.0,34.9,42.9,81.3,856.8,567.1,9.33,9.33,100.0,16.1,16.4,98.0,9.17,16.8,54.7,0.00,0.00,0.00,-0.00,0.13,0.71,0.04,0.00,0.08,Matchs
1981,Jean Onana,cm CMR,"MT,DF",Lens,fr Ligue 1,22,2000,9.0,45.8,53.1,86.2,763.6,178.4,20.6,22.7,90.7,19.7,22.6,87.2,3.44,4.78,72.1,0.00,0.04,0.03,-0.04,0.67,4.22,0.33,0.11,3.22,Matchs
1982,Karim Onisiwo,at AUT,"AT,MT",Mainz 05,de Bundesliga,30,1992,28.2,12.2,21.6,56.4,176.2,37.7,6.70,10.6,63.0,3.94,6.35,62.0,0.57,1.13,50.0,0.07,0.12,0.15,-0.05,1.17,0.82,0.78,0.25,1.70,Matchs
1983,Josh Onomah,eng ENG,MT,Fulham,eng Premier League,25,1997,0.2,20.0,30.0,66.7,270.0,0.00,15.0,15.0,100.0,5.00,5.00,100.0,0.00,0.00,,0.00,0.00,0.00,0.00,0.00,0.00,0.00,0.00,0.00,Matchs
1984,Paul Onuachu,ng NGA,AT,Southampton,eng Premier League,28,1994,4.5,12.2,20.2,60.4,168.2,34.9,7.78,11.3,68.6,2.22,4.44,50.0,1.11,1.56,71.4,0.00,0.02,0.02,-0.02,0.89,0.89,0.44,0.00,1.56,Matchs
1985,Frank Onyeka,ng NGA,MT,Brentford,eng Premier League,24,1998,9.4,20.5,27.3,75.1,318.0,83.4,11.3,13.7,82.2,7.45,9.36,79.5,0.96,1.81,52.9,0.21,0.06,0.09,0.15,0.74,2.45,0.64,0.00,2.98,Matchs
1986,Loïs Openda,be BEL,AT,Lens,fr Ligue 1,22,2000,28.0,10.6,15.8,67.0,155.3,33.7,5.11,7.25,70.4,3.71,4.89,75.9,0.57,1.25,45.7,0.14,0.14,0.13,0.00,0.86,0.64,0.61,0.07,1.50,Matchs
1987,Willi Orban,hu HUN,DF,RB Leipzig,de Bundesliga,29,1992,32.8,71.5,80.4,88.9,1414.6,500.2,20.8,22.6,92.3,43.1,45.7,94.3,7.32,10.7,68.2,0.00,0.01,0.02,-0.01,0.18,4.70,0.06,0.00,4.66,Matchs
1988,Ivan Ordets,ua UKR,DF,Bochum,de Bundesliga,30,1992,27.2,26.9,36.9,72.7,542.6,183.4,7.17,9.89,72.5,16.6,19.9,83.4,2.76,5.88,46.9,0.00,0.03,0.04,-0.03,0.29,1.10,0.11,0.00,1.95,Matchs
1989,Divock Origi,be BEL,AT,Milan,it Serie A,27,1995,11.4,11.2,16.9,66.3,149.0,31.6,6.58,8.51,77.3,03.07,4.65,66.0,0.53,1.14,46.2,0.09,0.11,0.04,-0.02,0.96,0.61,0.53,0.09,1.58,Matchs
1990,Aimar Oroz,es ESP,"MT,AT",Osasuna,es La Liga,20,2001,22.4,29.0,36.6,79.1,411.1,97.9,17.9,20.6,86.6,8.66,10.7,81.2,1.43,2.19,65.3,0.27,0.13,0.10,0.14,1.47,2.14,0.89,0.00,3.84,Matchs
1991,Mislav Oršić,hr CRO,MT,Southampton,eng Premier League,29,1992,0.1,20.0,30.0,66.7,160.0,0.00,20.0,20.0,100.0,0.00,0.00,,0.00,10.0,0.0,0.00,0.00,0.00,0.00,0.00,0.00,0.00,0.00,0.00,Matchs
1992,Riccardo Orsolini,it ITA,AT,Bologna,it Serie A,25,1997,23.6,23.4,36.7,63.8,432.4,132.2,11.8,15.8,74.6,6.82,10.6,64.4,3.77,6.95,54.3,0.17,0.13,0.11,0.04,1.86,02.03,0.51,0.21,2.63,Matchs
1993,Stefan Ortega,de GER,GB,Manchester City,eng Premier League,29,1992,3.0,48.3,55.7,86.8,1002.7,631.7,19.0,19.3,98.3,20.3,20.7,98.4,9.00,15.3,58.7,0.00,0.00,0.00,0.00,0.00,0.33,0.00,0.00,0.00,Matchs
1994,Pedro Ortiz,es ESP,MT,Sevilla,es La Liga,21,2000,0.0,1,1,100.0,12,0,1,1,100.0,0,0,,0,0,,0,0.0,0.0,0.0,0,0,0,0,0,Matchs
1995,Jordi Osei-Tutu,eng ENG,"DF,AT",Bochum,de Bundesliga,23,1998,8.3,18.1,26.1,69.1,275.5,106.1,10.1,12.3,82.4,06.02,8.55,70.4,1.45,3.13,46.2,0.00,0.02,0.04,-0.02,0.60,1.33,0.60,0.24,2.29,Matchs
1996,Victor Osimhen,ng NGA,AT,Napoli,it Serie A,23,1998,28.5,9.68,14.0,69.0,136.5,20.4,5.54,6.98,79.4,2.49,3.79,65.7,0.74,01.02,72.4,0.14,0.10,0.06,0.04,1.19,0.70,0.35,0.07,0.98,Matchs
1997,Patrick Osterhage,de GER,MT,Bochum,de Bundesliga,22,2000,11.4,20.9,29.8,70.0,306.7,86.4,11.6,15.0,77.2,7.19,9.56,75.2,01.05,02.02,52.2,0.00,0.03,0.05,-0.03,0.44,1.32,0.53,0.26,2.28,Matchs
1998,Paulo Otávio,br BRA,DF,Wolfsburg,de Bundesliga,27,1994,22.7,38.5,52.1,73.9,690.9,258.9,16.6,19.5,85.1,18.4,23.2,79.3,3.17,7.18,44.2,0.22,0.12,0.15,0.10,01.01,03.04,1.23,0.75,4.32,Matchs
1999,Dango Ouattara,bf BFA,"MT,AT",Bournemouth,eng Premier League,20,2002,13.8,15.2,24.2,62.9,238.9,77.5,8.55,11.4,75.2,4.93,7.61,64.8,1.16,2.68,43.2,0.22,0.18,0.12,0.04,1.30,1.45,1.23,0.58,1.67,Matchs
2000,Dango Ouattara,bf BFA,"AT,MT",Lorient,fr Ligue 1,20,2002,17.2,15.5,25.8,60.1,216.6,71.6,8.78,12.8,68.6,4.94,8.84,55.9,0.76,1.98,38.2,0.29,0.18,0.17,0.11,1.34,1.16,1.34,0.12,2.27,Matchs
Clt,Joueur,Nation,Pos,Équipe,Comp,Âge,Naissance,90,Cmp,Att,Cmp%,TotDist,DistBut,Cmp,Att,Cmp%,Cmp,Att,Cmp%,Cmp,Att,Cmp%,PD,xAG,xA,A-xAG,PC,1/3,PPA,CntSR,PrgP,Matchs
2001,Remi Oudin,fr FRA,"AT,MT",Lecce,it Serie A,25,1996,14.7,25.3,40.5,62.4,553.1,191.1,8.98,11.6,77.2,8.57,12.3,69.6,6.53,12.7,51.3,0.00,0.16,0.12,-0.16,02.04,3.20,0.48,0.07,4.29,Matchs
2002,Zinédine Ould Khaled,fr FRA,"MT,AT",Angers,fr Ligue 1,22,2000,0.6,56.7,60.0,94.4,856.7,213.3,35.0,35.0,100.0,20.0,20.0,100.0,1.67,1.67,100.0,0.00,0.00,0.00,0.00,0.00,5.00,1.67,0.00,8.33,Matchs
2003,Azzedine Ounahi,ma MAR,"MT,AT",Marseille,fr Ligue 1,22,2000,1.3,66.9,72.3,92.6,972.3,193.8,37.7,39.2,96.1,18.5,20.8,88.9,4.62,4.62,100.0,0.00,0.15,0.08,-0.15,0.77,6.92,0.00,0.00,3.85,Matchs
2004,Azzedine Ounahi,ma MAR,"MT,AT",Angers,fr Ligue 1,22,2000,12.5,43.4,50.4,86.0,706.1,217.8,22.9,25.1,91.1,14.7,16.8,87.6,4.00,5.60,71.4,0.00,0.13,0.14,-0.13,1.36,5.60,0.96,0.08,6.96,Matchs
2005,Adam Ounas,dz ALG,AT,Napoli,it Serie A,25,1996,0.2,65.0,85.0,76.5,1485.0,400.0,30.0,35.0,85.7,10.0,15.0,66.7,25.0,25.0,100.0,0.00,0.00,0.00,0.00,0.00,10.0,5.00,0.00,20.0,Matchs
2006,Adam Ounas,dz ALG,"AT,MT",Lille,fr Ligue 1,25,1996,11.8,34.2,48.2,70.8,604.6,185.5,16.1,19.8,81.2,13.0,18.5,70.2,04.07,07.03,57.8,0.08,0.24,0.25,-0.15,2.20,2.88,2.71,0.34,5.59,Matchs
2007,Thomas Ouwejan,nl NED,DF,Schalke 04,de Bundesliga,25,1996,10.0,29.5,50.3,58.6,563.8,304.9,11.8,14.9,79.2,13.5,19.0,71.1,3.60,12.3,29.3,0.10,0.12,0.17,-0.02,1.80,2.10,1.50,0.70,4.10,Matchs
2008,Reece Oxford,eng ENG,DF,Augsburg,de Bundesliga,23,1998,1.0,28.0,52.0,53.8,638.0,273.0,2.00,5.00,40.0,22.0,31.0,71.0,3.00,14.0,21.4,0.00,0.10,0.10,-0.10,1.00,2.00,1.00,0.00,4.00,Matchs
2009,Alex Oxlade-Chamberlain,eng ENG,"AT,MT",Liverpool,eng Premier League,28,1993,3.7,20.3,28.6,70.8,338.6,93.8,10.5,12.2,86.7,6.49,9.19,70.6,2.16,3.78,57.1,0.00,0.24,0.05,-0.24,1.35,2.16,0.54,0.00,3.78,Matchs
2010,Mikel Oyarzabal,es ESP,"AT,MT",Real Sociedad,es La Liga,25,1997,13.5,21.1,29.0,72.7,297.6,59.0,13.3,15.2,87.3,5.63,7.63,73.8,1.26,2.89,43.6,0.07,0.16,0.14,-0.09,01.04,01.04,0.67,0.15,2.15,Matchs
2011,Salih Özcan,tr TUR,MT,Dortmund,de Bundesliga,24,1998,17.5,50.4,57.1,88.3,794.9,222.1,25.5,27.9,91.2,18.1,20.4,88.8,3.94,5.20,75.8,0.06,0.03,0.03,0.03,0.51,4.29,0.40,0.06,4.63,Matchs
2012,Cenk Özkacar,tr TUR,DF,Valencia,es La Liga,21,2000,15.2,42.5,50.6,84.0,790.4,296.1,18.0,20.7,87.0,20.3,22.4,90.3,3.95,5.99,65.9,0.00,0.01,0.02,-0.01,0.26,3.55,0.20,0.07,04.01,Matchs
2013,David Ozoh,eng ENG,AT,Crystal Palace,eng Premier League,17,2005,0.0,3,3,100.0,24,0,3,3,100.0,0,0,,0,0,,0,0.0,0.0,0.0,0,0,0,0,0,Matchs
2014,Levin Öztunalı,de GER,MT,Union Berlin,de Bundesliga,26,1996,0.1,10.0,10.0,100.0,180.0,150.0,0.00,0.00,,10.0,10.0,100.0,0.00,0.00,,10.0,2.00,1.00,8.00,10.0,0.00,10.0,0.00,10.0,Matchs
2015,Fernando Pacheco,es ESP,GB,Almería,es La Liga,30,1992,1.0,20.0,31.0,64.5,617.0,423.0,2.00,2.00,100.0,10.0,11.0,90.9,8.00,17.0,47.1,0.00,0.00,0.00,0.00,0.00,1.00,0.00,0.00,0.00,Matchs
2016,Fernando Pacheco,es ESP,GB,Espanyol,es La Liga,30,1992,16.0,24.9,34.8,71.6,809.1,660.3,3.38,3.44,98.2,10.9,11.0,98.9,10.7,20.2,52.9,0.00,0.01,0.01,-0.01,0.19,1.38,0.06,0.00,0.13,Matchs
2017,Jon Pacheco,es ESP,DF,Real Sociedad,es La Liga,21,2001,13.3,61.1,68.2,89.5,1186.8,345.1,19.7,21.1,93.6,34.9,36.8,94.7,5.86,8.80,66.7,0.08,0.01,0.01,0.07,0.08,3.83,0.00,0.00,3.61,Matchs
2018,Gonçalo Paciência,pt POR,"AT,MT",Celta Vigo,es La Liga,27,1994,7.4,13.2,22.7,58.3,217.4,52.8,7.43,11.5,64.7,4.19,6.49,64.6,1.35,2.70,50.0,0.00,0.08,0.07,-0.08,0.81,1.35,0.68,0.27,1.49,Matchs
2019,Simone Pafundi,it ITA,"MT,AT",Udinese,it Serie A,16,2006,0.9,61.1,73.3,83.3,890.0,206.7,34.4,40.0,86.1,15.6,18.9,82.4,5.56,8.89,62.5,0.00,0.11,0.11,-0.11,3.33,7.78,2.22,0.00,6.67,Matchs
2020,Exequiel Palacios,ar ARG,MT,Leverkusen,de Bundesliga,23,1998,18.4,55.5,65.4,84.9,860.4,276.3,27.9,31.4,88.8,22.7,25.7,88.4,2.77,4.18,66.2,0.11,0.07,0.09,0.04,0.82,5.16,0.60,0.05,5.71,Matchs
2021,Helibelton Palacios,co COL,DF,Elche,es La Liga,29,1993,21.3,29.2,39.2,74.6,486.2,240.1,14.5,16.2,89.8,11.5,15.0,76.6,2.54,5.92,42.9,0.00,0.03,0.04,-0.03,0.33,2.30,0.33,0.19,2.39,Matchs
2022,Ante Palaversa,hr CRO,MT,Troyes,fr Ligue 1,22,2000,0.3,46.7,56.7,82.4,936.7,273.3,16.7,16.7,100.0,16.7,20.0,83.3,10.0,16.7,60.0,0.00,0.33,0.00,-0.33,6.67,3.33,0.00,0.00,0.00,Matchs
2023,Isaac Palazón Camacho,es ESP,"AT,MT",Rayo Vallecano,es La Liga,27,1994,32.9,29.8,41.8,71.1,506.7,145.3,15.0,17.1,87.4,10.3,13.6,76.1,3.37,08.02,42.0,0.15,0.16,0.18,-0.01,02.01,2.55,1.43,0.33,3.86,Matchs
2024,João Palhinha,pt POR,MT,Fulham,eng Premier League,27,1995,34.5,30.5,36.9,82.5,528.2,125.7,15.3,17.4,87.8,11.5,13.4,85.7,3.10,4.55,68.2,0.00,0.01,0.01,-0.01,0.20,3.42,0.09,0.00,2.93,Matchs
2025,Nicolas Pallois,fr FRA,DF,Nantes,fr Ligue 1,34,1987,24.6,39.7,47.6,83.4,840.2,305.3,11.4,12.7,89.8,21.2,23.5,90.5,6.63,10.4,63.7,0.00,0.02,0.05,-0.02,0.16,3.58,0.33,0.08,3.50,Matchs
Clt,Joueur,Nation,Pos,Équipe,Comp,Âge,Naissance,90,Cmp,Att,Cmp%,TotDist,DistBut,Cmp,Att,Cmp%,Cmp,Att,Cmp%,Cmp,Att,Cmp%,PD,xAG,xA,A-xAG,PC,1/3,PPA,CntSR,PrgP,Matchs
2026,Cole Palmer,eng ENG,"MT,AT",Manchester City,eng Premier League,20,2002,4.1,40.7,47.1,86.5,579.8,90.0,24.4,25.6,95.2,12.4,15.1,82.3,1.46,2.68,54.5,0.24,0.15,0.12,0.10,1.22,1.95,1.71,0.24,3.17,Matchs
2027,Erik Palmer-Brown,us USA,DF,Troyes,fr Ligue 1,25,1997,35.5,34.1,40.4,84.5,620.3,261.7,13.8,15.0,91.7,16.9,18.8,89.8,2.68,5.21,51.4,0.00,0.01,0.04,-0.01,0.20,1.80,0.23,0.03,2.11,Matchs
2028,Emerson Palmieri,it ITA,DF,West Ham,eng Premier League,27,1994,14.7,38.9,49.6,78.5,538.1,198.1,25.0,27.2,91.8,10.5,13.3,79.5,02.04,05.03,40.5,0.00,0.06,0.05,-0.06,0.88,2.52,0.75,0.27,03.06,Matchs
2029,Miloš Pantović,rs SRB,MT,Union Berlin,de Bundesliga,26,1996,2.3,20.0,32.6,61.3,301.3,123.9,11.7,15.2,77.1,5.65,10.0,56.5,1.74,4.35,40.0,0.00,0.00,0.09,0.00,0.00,0.87,0.87,0.43,1.74,Matchs
2030,Flavio Paoletti,it ITA,MT,Sampdoria,it Serie A,19,2003,3.2,43.1,52.5,82.1,791.9,182.2,18.1,20.6,87.9,20.0,22.2,90.1,4.38,5.94,73.7,0.00,0.00,0.03,0.00,0.31,2.19,0.00,0.00,2.50,Matchs
2031,Antonios Papadopoulos,de GER,DF,Dortmund,de Bundesliga,22,1999,0.1,170.0,190.0,89.5,3480.0,1230.0,50.0,50.0,100.0,100.0,120.0,83.3,20.0,20.0,100.0,0.00,0.00,0.00,0.00,0.00,10.0,0.00,0.00,10.0,Matchs
2032,Lucas Paquetá,br BRA,MT,West Ham,eng Premier League,24,1997,23.9,37.9,48.4,78.4,592.4,183.8,19.9,23.4,85.2,13.6,16.5,82.2,2.85,4.35,65.4,0.13,0.10,0.11,0.02,1.34,4.10,1.26,0.13,6.15,Matchs
2033,Lucas Paquetá,br BRA,MT,Lyon,fr Ligue 1,24,1997,1.8,61.1,70.0,87.3,1100.6,297.8,30.0,33.3,90.0,20.0,22.2,90.0,8.89,11.7,76.2,0.00,0.11,0.39,-0.11,1.67,7.78,1.67,0.56,4.44,Matchs
2034,Aitor Paredes,es ESP,DF,Athletic Club,es La Liga,22,2000,9.5,48.8,54.8,89.1,1022.3,353.6,14.0,15.1,93.0,27.2,28.7,94.5,7.16,9.79,73.1,0.00,0.04,0.02,-0.04,0.32,03.05,0.21,0.00,3.47,Matchs
2035,Kevin Paredes,us USA,"AT,MT",Wolfsburg,de Bundesliga,19,2003,5.9,26.9,35.8,75.4,436.6,146.8,13.9,16.6,83.7,10.0,12.4,80.8,02.03,4.58,44.4,0.51,0.29,0.24,0.22,2.20,2.54,2.71,0.85,4.92,Matchs
2036,Leandro Paredes,ar ARG,MT,Juventus,it Serie A,28,1994,10.9,62.5,71.4,87.5,1191.6,450.7,24.1,25.7,93.9,29.0,31.1,93.2,8.44,12.8,65.7,0.00,0.17,0.23,-0.17,1.93,5.96,1.10,0.18,6.61,Matchs
2037,Leandro Paredes,ar ARG,MT,Paris S-G,fr Ligue 1,28,1994,0.6,113.3,116.7,97.1,1766.7,541.7,60.0,63.3,94.7,41.7,41.7,100.0,6.67,6.67,100.0,1.67,0.67,0.67,1.00,3.33,11.7,1.67,0.00,10.0,Matchs
2038,Daniel Parejo,es ESP,MT,Villarreal,es La Liga,33,1989,36.5,60.9,70.4,86.6,1098.9,363.3,27.4,29.3,93.6,25.1,27.4,91.4,6.99,10.8,64.9,0.11,0.11,0.14,-0.00,1.37,7.42,0.96,0.08,6.85,Matchs
2039,Fabiano Parisi,it ITA,DF,Empoli,it Serie A,21,2000,31.4,40.2,52.4,76.7,641.1,301.3,21.8,24.5,89.1,14.6,18.8,77.6,03.03,5.86,51.6,0.00,0.06,0.05,-0.06,0.67,3.15,1.11,0.35,4.90,Matchs
2040,Moises Parra Gutierrez,es ESP,AT,Getafe,es La Liga,20,2002,0.1,30.0,30.0,100.0,290.0,170.0,30.0,30.0,100.0,0.00,0.00,,0.00,0.00,,0.00,0.00,0.00,0.00,0.00,0.00,0.00,0.00,0.00,Matchs
2041,Raúl Parra,es ESP,DF,Cádiz,es La Liga,22,1999,3.4,21.8,33.5,64.9,450.0,180.6,07.06,8.24,85.7,10.0,14.4,69.4,4.41,8.24,53.6,0.00,0.00,0.03,0.00,0.29,02.06,0.29,0.29,02.06,Matchs
2042,Thomas Partey,gh GHA,MT,Arsenal,eng Premier League,29,1993,27.6,62.7,71.9,87.2,1091.7,333.6,29.1,31.7,91.8,25.8,29.0,88.9,6.45,8.70,74.2,0.00,0.05,0.09,-0.05,0.94,8.37,0.87,0.07,8.37,Matchs
2043,Marco Pašalić,hr CRO,MT,Dortmund,de Bundesliga,21,2000,0.1,60.0,70.0,85.7,690.0,320.0,40.0,40.0,100.0,20.0,30.0,66.7,0.00,0.00,,0.00,0.00,0.00,0.00,0.00,20.0,0.00,0.00,30.0,Matchs
2044,Mario Pašalić,hr CRO,"MT,AT",Atalanta,it Serie A,27,1995,19.7,28.8,35.8,80.4,466.6,110.5,14.5,17.0,85.4,11.0,12.5,87.8,2.34,3.50,66.7,0.10,0.11,0.08,-0.01,0.81,2.79,1.27,0.10,4.16,Matchs
2045,Pascu,es ESP,"DF,AT",Villarreal,es La Liga,19,2003,0.1,50.0,80.0,62.5,680.0,150.0,20.0,50.0,40.0,20.0,20.0,100.0,0.00,0.00,,0.00,0.00,0.00,0.00,0.00,10.0,0.00,0.00,10.0,Matchs
2046,Felix Passlack,de GER,DF,Dortmund,de Bundesliga,24,1998,0.7,42.9,57.1,75.0,935.7,441.4,11.4,14.3,80.0,22.9,24.3,94.1,8.57,15.7,54.5,0.00,0.57,0.29,-0.57,2.86,4.29,2.86,1.43,11.4,Matchs
2047,Javier Pastore,ar ARG,MT,Elche,es La Liga,33,1989,0.1,60.0,80.0,75.0,810.0,490.0,30.0,30.0,100.0,0.00,10.0,0.0,10.0,10.0,100.0,0.00,0.00,0.00,0.00,0.00,10.0,0.00,0.00,10.0,Matchs
2048,Patric,es ESP,DF,Lazio,it Serie A,29,1993,15.7,60.3,67.7,89.1,1227.8,406.0,20.2,21.8,92.7,27.1,28.5,95.1,11.0,15.0,73.6,0.00,0.00,0.01,0.00,0.13,1.91,0.13,0.00,1.72,Matchs
2049,Rui Patrício,pt POR,GB,Roma,it Serie A,34,1988,35.0,19.3,25.3,76.3,528.3,357.8,3.71,3.71,100.0,8.86,8.94,99.0,6.71,12.5,53.5,0.00,0.00,0.00,0.00,0.00,0.20,0.00,0.00,0.00,Matchs
2050,Nathan Patterson,sct SCO,"DF,MT",Everton,eng Premier League,20,2001,14.2,34.4,45.7,75.2,512.6,182.8,20.0,22.2,90.2,12.1,16.2,74.8,1.55,4.72,32.8,0.00,0.03,0.05,-0.03,0.42,1.48,0.70,0.28,1.69,Matchs
Clt,Joueur,Nation,Pos,Équipe,Comp,Âge,Naissance,90,Cmp,Att,Cmp%,TotDist,DistBut,Cmp,Att,Cmp%,Cmp,Att,Cmp%,Cmp,Att,Cmp%,PD,xAG,xA,A-xAG,PC,1/3,PPA,CntSR,PrgP,Matchs
2051,Paulinho,br BRA,AT,Leverkusen,de Bundesliga,22,2000,0.9,25.6,31.1,82.1,310.0,95.6,17.8,21.1,84.2,5.56,6.67,83.3,0.00,0.00,,0.00,0.00,0.00,0.00,0.00,1.11,0.00,0.00,4.44,Matchs
2052,Gabriel Paulista,br BRA,DF,Valencia,es La Liga,31,1990,16.7,38.6,46.0,83.9,762.5,311.3,13.2,15.0,88.0,19.7,22.3,88.2,5.21,7.60,68.5,0.00,0.02,0.02,-0.02,0.30,3.17,0.24,0.00,3.65,Matchs
2053,Benjamin Pavard,fr FRA,DF,Bayern Munich,de Bundesliga,26,1996,27.0,78.5,88.9,88.3,1389.6,529.5,32.1,34.8,92.2,39.4,43.0,91.6,5.74,8.56,67.1,0.04,0.09,0.14,-0.05,0.70,6.81,0.78,0.33,7.48,Matchs
2054,Jiří Pavlenka,cz CZE,GB,Werder Bremen,de Bundesliga,30,1992,32.3,25.8,36.4,70.7,782.7,588.0,4.58,4.64,98.7,11.2,11.4,98.6,9.94,20.2,49.3,0.00,0.00,0.00,0.00,0.00,0.62,0.03,0.00,0.00,Matchs
2055,Dimitri Payet,fr FRA,"MT,AT",Marseille,fr Ligue 1,35,1987,9.3,41.5,55.9,74.2,757.8,240.2,18.6,22.6,82.4,15.7,20.1,78.1,5.70,9.57,59.6,0.32,0.38,0.37,-0.05,3.33,3.98,03.01,0.11,7.63,Matchs
2056,Ben Pearson,eng ENG,MT,Bournemouth,eng Premier League,27,1995,3.2,33.8,41.9,80.6,566.9,156.6,15.6,18.1,86.2,14.1,17.2,81.8,2.50,4.69,53.3,0.00,0.00,0.00,0.00,0.00,2.50,0.00,0.00,1.56,Matchs
2057,Kristian Pedersen,dk DEN,DF,Köln,de Bundesliga,27,1994,3.1,39.0,55.8,69.9,703.2,339.0,15.5,19.0,81.4,18.7,25.2,74.4,3.87,08.06,48.0,0.00,0.03,0.00,-0.03,0.65,2.26,0.32,0.00,3.23,Matchs
2058,Mads Pedersen,dk DEN,"DF,MT",Augsburg,de Bundesliga,25,1996,20.4,23.2,34.1,68.0,406.2,156.7,10.5,12.6,82.9,10.0,15.0,66.7,02.01,4.41,45.6,0.00,0.04,0.04,-0.04,0.74,1.52,0.64,0.29,2.25,Matchs
2059,Alfonso Pedraza,es ESP,DF,Villarreal,es La Liga,26,1996,18.1,35.4,46.0,77.0,530.7,141.0,20.2,22.2,91.3,12.2,15.6,78.1,1.93,4.42,43.8,0.17,0.11,0.07,0.06,0.99,1.22,01.05,0.50,1.71,Matchs
2060,Pedri,es ESP,MT,Barcelona,es La Liga,19,2002,22.0,56.9,65.9,86.3,1023.5,225.8,26.1,28.7,90.8,22.0,24.8,88.8,7.45,9.00,82.8,0.05,0.23,0.24,-0.18,1.91,7.32,1.36,0.09,8.36,Matchs
2061,Pedro,es ESP,AT,Lazio,it Serie A,35,1987,21.1,36.5,45.0,81.2,502.8,97.2,22.4,24.8,90.3,10.2,13.3,77.1,1.75,3.27,53.6,0.14,0.12,0.09,0.02,01.09,1.71,01.09,0.14,2.46,Matchs
2062,Adrià Pedrosa,es ESP,"DF,MT",Espanyol,es La Liga,24,1998,2.5,24.4,30.4,80.3,352.4,95.6,14.8,16.0,92.5,8.00,10.8,74.1,0.80,1.60,50.0,0.00,0.28,0.40,-0.28,2.00,0.80,1.60,0.80,1.60,Matchs
2063,Jordan Pefok,us USA,AT,Union Berlin,de Bundesliga,26,1996,15.1,10.9,19.9,55.0,132.4,39.6,7.15,10.1,70.6,2.32,5.50,42.2,0.40,01.06,37.5,0.26,0.12,0.07,0.15,1.19,1.19,0.53,0.00,1.79,Matchs
2064,Gianluca Pegolo,it ITA,GB,Sassuolo,it Serie A,41,1981,2.0,32.0,38.5,83.1,826.0,529.0,6.50,6.50,100.0,15.5,16.0,96.9,9.50,15.5,61.3,0.00,0.00,0.00,0.00,0.00,0.00,0.00,0.00,0.00,Matchs
2065,Dženan Pejčinović,de GER,AT,Wolfsburg,de Bundesliga,17,2005,0.1,0.00,0.00,,0.00,0.00,0.00,0.00,,0.00,0.00,,0.00,0.00,,0.00,0.00,0.00,0.00,0.00,0.00,0.00,0.00,0.00,Matchs
2066,Peter Pekarík,sk SVK,DF,Hertha BSC,de Bundesliga,35,1986,2.3,38.7,50.0,77.4,637.0,262.2,18.7,20.4,91.5,15.2,20.0,76.1,3.91,7.39,52.9,0.00,0.00,0.04,0.00,0.43,1.74,0.43,0.43,03.04,Matchs
2067,Pietro Pellegri,it ITA,AT,Torino,it Serie A,21,2001,5.2,11.7,15.4,76.3,151.0,13.5,7.50,9.42,79.6,3.46,3.65,94.7,0.19,0.58,33.3,0.00,0.10,0.10,-0.10,0.96,0.58,0.58,0.00,1.54,Matchs
2068,Lorenzo Pellegrini,it ITA,MT,Roma,it Serie A,26,1996,28.3,28.8,39.4,73.2,505.3,158.6,13.8,16.0,86.3,9.72,12.4,78.1,4.17,8.41,49.6,0.18,0.24,0.22,-0.07,2.47,2.19,0.81,0.11,3.75,Matchs
2069,Luca Pellegrini,it ITA,DF,Lazio,it Serie A,23,1999,2.0,68.5,84.0,81.5,1189.0,367.5,36.0,38.0,94.7,22.5,28.5,78.9,9.50,14.5,65.5,0.00,0.10,0.15,-0.10,2.00,4.50,4.00,3.00,4.50,Matchs
2070,Luca Pellegrini,it ITA,DF,Eint Frankfurt,de Bundesliga,23,1999,6.2,47.1,69.5,67.7,845.8,328.2,22.6,26.5,85.4,17.1,22.1,77.4,6.13,14.5,42.2,0.00,0.13,0.15,-0.13,1.29,2.58,0.65,0.32,3.55,Matchs
2071,Théo Pellenard,fr FRA,DF,Auxerre,fr Ligue 1,28,1994,1.1,10.0,19.1,52.4,196.4,159.1,3.64,4.55,80.0,4.55,7.27,62.5,1.82,5.45,33.3,0.00,0.00,0.00,0.00,0.00,3.64,0.00,0.00,1.82,Matchs
2072,Facundo Pellistri,uy URU,"AT,MT",Manchester Utd,eng Premier League,20,2001,0.7,21.4,22.9,93.8,257.1,24.3,11.4,12.9,88.9,7.14,7.14,100.0,0.00,0.00,,0.00,0.00,0.00,0.00,0.00,1.43,0.00,0.00,1.43,Matchs
2073,Timothee Pembele,fr FRA,DF,Paris S-G,fr Ligue 1,19,2002,2.9,24.5,30.7,79.8,323.8,65.2,15.2,16.9,89.8,6.90,8.28,83.3,0.69,1.72,40.0,0.34,0.10,0.14,0.24,0.69,0.69,0.00,0.00,1.72,Matchs
2074,Iñaki Peña,es ESP,GB,Barcelona,es La Liga,23,1999,0.8,31.3,33.8,92.6,731.3,508.8,3.75,3.75,100.0,22.5,22.5,100.0,5.00,7.50,66.7,0.00,0.00,0.00,0.00,0.00,0.00,0.00,0.00,0.00,Matchs
2075,Rubén Peña,es ESP,"DF,MT",Osasuna,es La Liga,31,1991,14.2,30.4,43.7,69.7,483.2,215.6,16.4,18.4,89.3,11.0,15.5,70.9,2.39,6.62,36.2,0.07,0.07,0.10,0.00,0.70,2.61,0.85,0.49,4.30,Matchs
Clt,Joueur,Nation,Pos,Équipe,Comp,Âge,Naissance,90,Cmp,Att,Cmp%,TotDist,DistBut,Cmp,Att,Cmp%,Cmp,Att,Cmp%,Cmp,Att,Cmp%,PD,xAG,xA,A-xAG,PC,1/3,PPA,CntSR,PrgP,Matchs
2076,Patrick Pentz,at AUT,GB,Reims,fr Ligue 1,25,1997,7.0,20.1,30.1,66.8,532.1,354.3,4.86,5.14,94.4,8.71,8.71,100.0,6.29,16.0,39.3,0.00,0.00,0.00,0.00,0.00,0.43,0.00,0.00,0.00,Matchs
2077,Nicolas Pépé,ci CIV,"AT,MT",Nice,fr Ligue 1,27,1995,16.6,33.6,41.8,80.4,482.5,104.8,19.7,22.7,87.0,9.58,11.9,80.3,2.11,3.25,64.8,0.00,0.16,0.19,-0.16,1.69,1.75,1.14,0.24,3.19,Matchs
2078,Ricardo Pepi,us USA,AT,Augsburg,de Bundesliga,19,2003,1.1,16.4,24.5,66.7,202.7,6.36,09.09,13.6,66.7,5.45,6.36,85.7,0.00,0.00,,0.00,0.09,0.00,-0.09,1.82,0.00,0.00,0.00,0.91,Matchs
2079,Pepín,gq EQG,MT,Monza,it Serie A,25,1996,12.5,44.3,53.3,83.2,754.2,222.7,21.0,23.8,88.3,19.2,21.5,89.2,03.04,5.12,59.4,0.16,0.12,0.10,0.04,0.72,5.36,1.44,0.16,5.92,Matchs
2080,Alberto Perea,es ESP,MT,Cádiz,es La Liga,31,1990,0.5,20.0,24.0,83.3,228.0,60.0,12.0,14.0,85.7,6.00,6.00,100.0,0.00,2.00,0.0,0.00,0.00,0.00,0.00,0.00,0.00,0.00,0.00,4.00,Matchs
2081,Juan Perea,co COL,AT,Stuttgart,de Bundesliga,22,2000,4.6,10.9,17.2,63.3,163.7,40.2,6.52,8.70,75.0,2.83,4.57,61.9,01.09,1.96,55.6,0.00,0.15,0.09,-0.15,0.43,1.52,0.43,0.22,1.74,Matchs
2082,Andreas Pereira,br BRA,MT,Fulham,eng Premier League,26,1996,29.9,23.4,35.7,65.6,437.4,141.6,11.2,14.0,80.2,7.66,10.5,72.7,3.88,8.39,46.2,0.20,0.17,0.14,0.03,02.01,2.88,0.74,0.30,04.05,Matchs
2083,Brayann Pereira,fr FRA,DF,Auxerre,fr Ligue 1,19,2003,2.0,28.0,39.5,70.9,406.0,141.0,16.0,19.0,84.2,10.5,16.0,65.6,1.50,3.00,50.0,0.00,0.00,0.00,0.00,0.00,0.50,0.00,0.00,2.00,Matchs
2084,Danilo Pereira,pt POR,"DF,MT",Paris S-G,fr Ligue 1,30,1991,26.8,72.8,77.2,94.3,1209.7,409.3,33.9,35.3,96.1,32.1,33.5,95.6,05.07,6.12,82.9,0.00,0.02,0.03,-0.02,0.15,7.46,0.26,0.00,5.75,Matchs
2085,Mathias Pereira Lage,pt POR,"MT,AT",Brest,fr Ligue 1,25,1996,14.0,18.4,27.6,66.4,286.4,89.7,9.64,12.1,79.9,5.50,8.14,67.5,1.93,4.50,42.9,0.07,0.11,0.09,-0.04,1.00,1.79,0.21,0.14,2.14,Matchs
2086,Ricardo Pereira,pt POR,"DF,MT",Leicester City,eng Premier League,28,1993,5.0,50.4,64.4,78.3,804.8,310.4,26.0,29.4,88.4,21.0,25.0,84.0,2.40,5.40,44.4,0.20,0.12,0.12,0.08,1.40,5.00,2.00,0.60,5.40,Matchs
2087,Roberto Pereyra,ar ARG,"DF,MT",Udinese,it Serie A,31,1991,31.3,33.2,40.8,81.3,509.3,161.7,17.9,19.5,91.8,12.0,14.7,82.0,1.95,3.32,58.7,0.22,0.18,0.18,0.05,1.57,2.75,1.57,0.45,4.57,Matchs
2088,Ayoze Pérez,es ESP,"MT,AT",Leicester City,eng Premier League,29,1993,4.2,28.1,40.7,69.0,404.3,111.4,17.9,21.2,84.3,6.67,10.2,65.1,2.14,4.29,50.0,0.24,0.36,0.14,-0.12,2.62,3.10,1.43,0.00,4.76,Matchs
2089,Ayoze Pérez,es ESP,"AT,MT",Betis,es La Liga,29,1993,15.4,20.0,25.4,78.8,228.1,69.9,14.4,16.6,86.7,3.90,5.13,75.9,0.32,0.39,83.3,0.06,0.13,0.13,-0.06,0.84,1.23,0.91,0.00,2.53,Matchs
2090,Carles Pérez,es ESP,"MT,AT",Celta Vigo,es La Liga,24,1998,23.8,23.7,28.9,81.9,371.8,72.9,12.2,13.9,88.2,9.16,10.9,84.2,1.51,2.56,59.0,0.21,0.08,0.07,0.13,0.97,1.39,0.80,0.13,2.77,Matchs
2091,Francisco Perez,es ESP,"AT,MT",Valencia,es La Liga,19,2002,1.6,36.9,48.1,76.6,520.0,123.1,19.4,22.5,86.1,14.4,18.1,79.3,0.63,1.88,33.3,0.00,0.00,0.06,0.00,0.00,1.25,1.88,0.00,5.00,Matchs
2092,Kike Pérez,es ESP,MT,Valladolid,es La Liga,25,1997,25.6,36.2,47.8,75.8,649.7,179.1,17.4,20.6,84.6,13.2,16.1,81.8,4.80,7.77,61.8,0.08,0.09,0.08,-0.01,1.25,3.95,0.74,0.20,5.23,Matchs
2093,Lucas Pérez,es ESP,AT,Cádiz,es La Liga,33,1988,7.0,24.1,33.7,71.6,376.3,92.3,13.7,15.1,90.6,6.86,9.00,76.2,2.43,6.86,35.4,0.00,0.09,0.14,-0.09,0.57,1.86,1.00,0.43,2.00,Matchs
2094,Luis Pérez,es ESP,DF,Valladolid,es La Liga,27,1995,13.5,32.3,42.5,76.0,528.7,175.9,17.2,18.7,91.7,11.0,15.1,73.0,3.11,5.19,60.0,0.07,0.07,0.07,0.01,0.96,2.22,1.11,0.96,3.11,Matchs
2095,Nehuén Pérez,ar ARG,DF,Udinese,it Serie A,22,2000,31.3,49.1,57.7,85.1,982.6,350.0,17.8,19.1,93.1,23.3,25.9,90.1,7.16,11.2,63.6,0.00,0.02,0.02,-0.02,0.32,3.42,0.26,0.10,3.23,Matchs
2096,Simone Perilli,it ITA,GB,Hellas Verona,it Serie A,27,1995,1.0,10.0,34.0,29.4,455.0,391.0,1.00,1.00,100.0,3.00,3.00,100.0,6.00,30.0,20.0,0.00,0.00,0.00,0.00,0.00,3.00,0.00,0.00,0.00,Matchs
2097,Mattia Perin,it ITA,GB,Juventus,it Serie A,29,1992,10.5,25.2,33.4,75.5,600.5,392.4,6.10,6.19,98.5,14.1,14.1,100.0,05.05,13.0,38.7,0.00,0.00,0.00,0.00,0.00,0.57,0.00,0.00,0.10,Matchs
2098,Samuele Perisan,it ITA,GB,Empoli,it Serie A,24,1997,7.0,24.9,32.9,75.7,633.7,432.9,7.57,7.57,100.0,9.71,9.86,98.6,7.57,15.0,50.5,0.00,0.00,0.00,0.00,0.00,0.00,0.00,0.00,0.00,Matchs
2099,Ivan Perišić,hr CRO,"DF,MT",Tottenham,eng Premier League,33,1989,23.4,30.5,47.9,63.6,537.0,152.8,15.3,18.9,80.6,10.6,16.6,64.0,3.89,8.97,43.3,0.34,0.26,0.22,0.08,02.05,1.24,1.54,01.03,2.61,Matchs
2100,Romain Perraud,fr FRA,DF,Southampton,eng Premier League,24,1997,20.4,30.5,43.4,70.4,430.2,167.6,18.5,21.7,85.1,9.80,13.2,74.1,1.27,4.46,28.6,0.10,0.09,0.09,0.00,0.74,2.30,0.74,0.39,03.04,Matchs
Clt,Joueur,Nation,Pos,Équipe,Comp,Âge,Naissance,90,Cmp,Att,Cmp%,TotDist,DistBut,Cmp,Att,Cmp%,Cmp,Att,Cmp%,Cmp,Att,Cmp%,PD,xAG,xA,A-xAG,PC,1/3,PPA,CntSR,PrgP,Matchs
2101,Gaëtan Perrin,fr FRA,"MT,AT",Auxerre,fr Ligue 1,26,1996,15.5,20.3,28.0,72.6,368.9,116.3,09.03,11.3,80.0,7.87,10.2,77.2,2.65,4.32,61.2,0.06,0.12,0.10,-0.06,1.61,2.52,1.16,0.26,4.45,Matchs
2102,Lucas Perrin,fr FRA,DF,Strasbourg,fr Ligue 1,23,1998,19.6,34.6,42.3,81.8,672.2,274.9,11.8,13.3,88.5,18.0,20.4,88.3,4.18,7.35,56.9,0.05,0.05,0.08,0.00,0.41,2.86,0.46,0.10,2.55,Matchs
2103,Máximo Perrone,ar ARG,MT,Manchester City,eng Premier League,19,2003,0.2,90.0,105.0,85.7,1140.0,160.0,55.0,60.0,91.7,25.0,25.0,100.0,0.00,0.00,,0.00,0.00,0.00,0.00,0.00,0.00,0.00,0.00,10.0,Matchs
2104,Matteo Pessina,it ITA,MT,Monza,it Serie A,25,1997,32.6,52.7,62.1,84.9,887.5,251.5,24.8,27.5,90.1,22.4,24.9,89.9,4.11,5.83,70.5,0.09,0.06,0.08,0.03,0.67,4.60,1.10,0.09,5.92,Matchs
2105,Andrea Petagna,it ITA,AT,Monza,it Serie A,27,1995,18.5,17.1,23.5,72.8,243.2,39.4,10.4,12.8,81.4,4.59,6.59,69.7,0.92,1.46,63.0,0.27,0.24,0.11,0.03,1.62,01.08,0.54,0.00,1.84,Matchs
2106,Nils Petersen,de GER,AT,Freiburg,de Bundesliga,33,1988,3.1,10.6,23.9,44.6,131.6,25.5,5.81,11.6,50.0,3.23,7.10,45.5,0.65,1.94,33.3,0.00,0.00,0.00,0.00,0.32,0.32,0.32,0.00,1.61,Matchs
2107,Lukas Petkov,bg BUL,"MT,AT",Augsburg,de Bundesliga,21,2000,1.6,11.3,21.3,52.9,184.4,60.0,5.63,10.0,56.3,3.13,5.63,55.6,1.88,3.75,50.0,0.00,0.00,0.06,0.00,0.00,1.88,0.00,0.00,1.25,Matchs
2108,Cameron Peupion,au AUS,MT,Brighton,eng Premier League,19,2002,0.1,30.0,40.0,75.0,330.0,10.0,30.0,40.0,75.0,0.00,0.00,,0.00,0.00,,0.00,0.00,0.00,0.00,0.00,0.00,0.00,0.00,0.00,Matchs
2109,Germán Pezzella,ar ARG,DF,Betis,es La Liga,31,1991,27.9,40.5,47.0,86.1,759.7,289.9,14.6,15.5,94.4,21.8,23.5,92.5,3.62,6.88,52.6,0.00,0.01,0.01,-0.01,0.14,1.61,0.11,0.00,1.94,Matchs
2110,Giuseppe Pezzella,it ITA,DF,Lecce,it Serie A,24,1997,10.2,41.1,52.4,78.5,662.0,256.8,20.5,23.3,87.8,17.3,21.1,81.9,2.45,5.39,45.5,0.10,0.06,0.03,0.04,0.69,4.31,0.98,0.39,6.37,Matchs
2111,Luca Pfeiffer,de GER,AT,Stuttgart,de Bundesliga,25,1996,7.8,16.5,25.8,64.2,262.9,64.0,8.72,12.3,70.8,5.64,8.59,65.7,1.41,02.05,68.8,0.00,0.13,0.14,-0.13,1.54,01.03,0.64,0.13,2.82,Matchs
2112,Maximilian Philipp,de GER,AT,Wolfsburg,de Bundesliga,28,1994,1.3,20.8,32.3,64.3,328.5,49.2,13.1,14.6,89.5,5.38,6.92,77.8,1.54,6.92,22.2,0.00,0.00,0.08,0.00,0.77,0.77,0.77,0.00,0.77,Matchs
2113,Maximilian Philipp,de GER,"AT,MT",Werder Bremen,de Bundesliga,28,1994,4.9,22.2,28.2,79.0,305.1,58.4,13.3,15.3,86.7,5.92,7.76,76.3,01.02,01.02,100.0,0.00,0.04,0.04,-0.04,0.82,01.02,0.20,0.00,1.22,Matchs
2114,Kalvin Phillips,eng ENG,MT,Manchester City,eng Premier League,26,1995,3.3,87.6,94.8,92.3,1562.1,264.5,34.2,36.4,94.2,44.8,46.4,96.7,7.58,10.0,75.8,0.00,0.06,0.03,-0.06,0.91,9.70,0.00,0.00,5.45,Matchs
2115,Nathaniel Phillips,eng ENG,DF,Liverpool,eng Premier League,25,1997,0.7,101.4,117.1,86.6,1948.6,860.0,45.7,48.6,94.1,38.6,41.4,93.1,12.9,20.0,64.3,0.00,0.00,0.00,0.00,0.00,10.0,0.00,0.00,12.9,Matchs
2116,Krzysztof Piątek,pl POL,AT,Salernitana,it Serie A,27,1995,23.8,15.9,23.4,67.9,215.0,28.9,9.20,12.3,74.7,4.62,6.64,69.6,0.71,1.39,51.5,0.21,0.09,0.03,0.12,0.92,01.01,0.42,0.00,1.39,Matchs
2117,Roberto Piccoli,it ITA,AT,Hellas Verona,it Serie A,21,2001,2.1,6.19,11.9,52.0,84.8,26.2,3.81,5.71,66.7,1.43,2.86,50.0,0.48,1.90,25.0,0.00,0.10,0.00,-0.10,0.48,0.48,0.00,0.00,0.00,Matchs
2118,Roberto Piccoli,it ITA,AT,Empoli,it Serie A,21,2001,5.7,10.9,17.0,63.9,131.8,28.8,7.72,10.2,75.9,2.46,3.86,63.6,0.00,0.88,0.0,0.00,0.07,0.04,-0.07,0.70,0.88,0.00,0.00,0.70,Matchs
2119,Charles Pickel,cd COD,MT,Cremonese,it Serie A,25,1997,27.6,27.4,35.4,77.3,435.3,125.5,13.7,16.6,82.6,11.2,13.4,83.5,1.67,03.08,54.1,0.00,0.04,0.04,-0.04,0.72,2.90,0.54,0.04,3.77,Matchs
2120,Jordan Pickford,eng ENG,GB,Everton,eng Premier League,28,1994,37.0,20.2,35.5,57.1,678.8,529.8,4.27,4.30,99.4,6.54,6.68,98.0,9.24,24.1,38.3,0.03,0.00,0.01,0.02,0.05,1.54,0.03,0.00,0.05,Matchs
2121,Amos Pieper,de GER,DF,Werder Bremen,de Bundesliga,24,1998,21.7,43.5,55.6,78.2,867.3,298.9,13.6,16.2,84.0,23.6,27.1,87.1,5.85,10.3,56.7,0.05,0.01,0.04,0.03,0.23,2.95,0.55,0.23,3.87,Matchs
2122,Ronaël Pierre-Gabriel,fr FRA,DF,Espanyol,es La Liga,24,1998,2.6,29.6,40.0,74.0,456.5,169.2,14.2,15.8,90.2,13.1,16.2,81.0,1.15,03.08,37.5,0.00,0.12,0.19,-0.12,0.77,1.15,0.38,0.38,2.69,Matchs
2123,Ronaël Pierre-Gabriel,fr FRA,DF,Strasbourg,fr Ligue 1,24,1998,7.3,39.3,49.9,78.8,638.4,233.6,19.3,22.5,86.0,16.7,20.0,83.6,1.92,4.11,46.7,0.14,0.11,0.10,0.03,0.55,3.56,0.41,0.41,03.01,Matchs
2124,Andrea Pinamonti,it ITA,AT,Sassuolo,it Serie A,23,1999,24.0,13.5,20.7,65.3,165.5,24.8,9.00,11.9,75.8,2.83,4.88,58.1,0.50,0.96,52.2,0.00,0.06,0.07,-0.06,0.71,0.63,0.58,0.08,1.21,Matchs
2125,Ethan Pinnock,jm JAM,DF,Brentford,eng Premier League,29,1993,30.0,30.5,38.3,79.5,564.4,190.4,11.1,13.0,85.2,16.0,18.6,85.9,2.80,5.33,52.5,0.00,0.03,0.04,-0.03,0.27,1.43,0.10,0.10,1.73,Matchs
Clt,Joueur,Nation,Pos,Équipe,Comp,Âge,Naissance,90,Cmp,Att,Cmp%,TotDist,DistBut,Cmp,Att,Cmp%,Cmp,Att,Cmp%,Cmp,Att,Cmp%,PD,xAG,xA,A-xAG,PC,1/3,PPA,CntSR,PrgP,Matchs
2126,Yeremi Pino,es ESP,"AT,MT",Villarreal,es La Liga,19,2002,27.2,23.9,31.1,77.0,328.4,55.7,15.1,17.4,86.9,6.76,8.38,80.7,1.14,1.80,63.3,0.22,0.21,0.17,0.01,1.62,0.66,0.88,0.07,2.28,Matchs
2127,Gerard Piqué,es ESP,DF,Barcelona,es La Liga,35,1987,4.3,82.1,89.5,91.7,1715.1,527.4,23.7,26.0,91.1,44.9,46.3,97.0,13.0,15.3,84.8,0.00,0.00,0.02,0.00,0.23,10.9,0.00,0.00,8.14,Matchs
2128,Lorenzo Pirola,it ITA,DF,Salernitana,it Serie A,20,2002,21.6,36.6,45.8,79.9,655.9,234.7,14.8,16.4,90.1,18.5,21.8,84.9,03.01,5.88,51.2,0.00,0.02,0.02,-0.02,0.14,1.99,0.19,0.00,1.99,Matchs
2129,Niccolò Pisilli,it ITA,MT,Roma,it Serie A,17,2004,0.0,0,0,,0,0,0,0,,0,0,,0,0,,0,0.0,0.0,0.0,0,0,0,0,0,Matchs
2130,Marko Pjaca,hr CRO,"MT,AT",Empoli,it Serie A,27,1995,5.8,33.6,42.4,79.3,562.1,124.8,16.7,20.2,82.9,11.9,15.2,78.4,3.62,5.17,70.0,0.00,0.07,0.09,-0.07,1.90,2.76,1.38,0.52,3.10,Matchs
2131,Óscar Plano,es ESP,"AT,MT",Valladolid,es La Liga,31,1991,22.6,20.7,28.3,73.1,314.2,83.5,11.2,14.4,77.3,6.95,8.63,80.5,1.33,2.17,61.2,0.04,0.07,0.06,-0.03,0.71,2.48,0.75,0.18,3.23,Matchs
2132,Gonzalo Plata,ec ECU,AT,Valladolid,es La Liga,21,2000,25.6,22.7,30.5,74.4,287.8,65.7,15.1,17.9,84.5,5.66,7.54,75.1,0.70,1.84,38.3,0.20,0.12,0.10,0.07,1.45,01.09,0.74,0.12,2.11,Matchs
2133,Marvin Plattenhardt,de GER,DF,Hertha BSC,de Bundesliga,30,1992,26.7,29.7,45.2,65.7,520.6,262.2,14.4,16.1,89.3,11.5,17.1,67.0,3.30,9.66,34.1,0.07,0.11,0.15,-0.04,1.12,1.42,0.30,0.22,3.15,Matchs
2134,Alassane Pléa,fr FRA,AT,M'Gladbach,de Bundesliga,29,1993,19.7,26.9,38.7,69.3,416.8,145.5,15.0,18.0,83.1,7.77,11.1,69.9,2.39,4.67,51.1,0.46,0.20,0.27,0.25,1.62,3.65,1.73,0.36,4.77,Matchs
2135,Tommaso Pobega,it ITA,MT,Milan,it Serie A,23,1999,9.8,31.3,40.9,76.6,563.3,151.2,14.1,17.3,81.2,13.6,15.4,88.1,3.27,6.12,53.3,0.00,0.03,0.06,-0.03,0.51,3.67,0.82,0.20,3.67,Matchs
2136,Daniel Podence,pt POR,"AT,MT",Wolves,eng Premier League,26,1995,19.7,22.6,33.7,67.1,373.7,117.3,11.5,15.3,75.4,7.11,10.6,67.0,2.59,4.57,56.7,0.00,0.13,0.11,-0.13,1.83,1.78,1.98,0.36,4.82,Matchs
2137,Paul Pogba,fr FRA,"MT,AT",Juventus,it Serie A,29,1993,1.2,40.0,55.8,71.6,614.2,165.8,24.2,27.5,87.9,12.5,15.8,78.9,2.50,5.00,50.0,0.00,0.17,0.08,-0.17,1.67,5.83,1.67,0.00,3.33,Matchs
2138,Joel Pohjanpalo,fi FIN,"AT,MT",Leverkusen,de Bundesliga,27,1994,0.0,0,1,0.0,0,0,0,0,,0,0,,0,1,0.0,0,0.0,0.0,0.0,0,0,0,0,0,Matchs
2139,Matteo Politano,it ITA,AT,Napoli,it Serie A,28,1993,13.0,36.0,49.3,73.0,570.6,190.2,19.8,22.3,89.0,11.5,15.5,74.3,3.15,6.85,46.1,0.23,0.28,0.18,-0.05,2.62,2.62,02.08,0.62,5.54,Matchs
2140,Sebastian Polter,de GER,AT,Schalke 04,de Bundesliga,31,1991,7.0,12.0,22.9,52.5,160.9,41.4,6.29,11.4,55.0,4.00,7.14,56.0,0.14,0.57,25.0,0.43,0.14,0.11,0.29,1.29,0.71,0.71,0.00,1.57,Matchs
2141,Ezequiel Ponce,ar ARG,"AT,MT",Elche,es La Liga,25,1997,12.5,17.4,23.4,74.7,208.8,34.6,11.8,14.3,82.7,2.72,4.00,68.0,0.96,1.44,66.7,0.00,0.06,0.02,-0.06,0.88,1.68,0.32,0.00,1.52,Matchs
2142,Julien Ponceau,fr FRA,MT,Lorient,fr Ligue 1,21,2000,18.4,37.6,45.7,82.3,582.1,173.7,19.1,22.1,86.5,14.1,16.4,86.1,2.28,3.21,71.2,0.22,0.16,0.11,0.05,1.41,04.08,0.65,0.05,5.49,Matchs
2143,Marin Pongračić,hr CRO,DF,Lecce,it Serie A,24,1997,8.8,33.6,41.0,82.0,725.9,263.0,8.30,10.7,77.7,19.4,22.2,87.7,5.34,7.16,74.6,0.00,0.01,0.00,-0.01,0.23,1.82,0.23,0.00,2.16,Matchs
2144,Nick Pope,eng ENG,GB,Newcastle Utd,eng Premier League,30,1992,36.2,17.0,24.6,69.0,471.5,323.8,3.34,3.37,99.2,7.60,7.82,97.2,5.86,13.2,44.4,0.00,0.00,0.00,-0.00,0.06,0.36,0.00,0.00,0.03,Matchs
2145,Łukasz Poręba,pl POL,MT,Lens,fr Ligue 1,22,2000,2.9,40.0,49.3,81.1,643.4,185.9,17.9,21.7,82.5,16.6,19.7,84.2,3.10,4.48,69.2,0.34,0.24,0.14,0.10,1.72,4.14,1.72,0.69,6.90,Matchs
2146,Jackson Porozo,ec ECU,DF,Troyes,fr Ligue 1,21,2000,18.0,28.4,34.9,81.4,505.5,166.2,11.9,13.9,86.0,13.8,15.8,87.7,1.94,04.06,47.9,0.00,0.01,0.03,-0.01,0.11,1.17,0.06,0.00,1.44,Matchs
2147,Pedro Porro,es ESP,"DF,MT",Tottenham,eng Premier League,22,1999,12.6,36.9,51.4,71.8,599.4,206.7,19.1,21.6,88.6,13.3,17.5,76.0,3.41,7.78,43.9,0.24,0.24,0.18,0.00,1.98,2.22,1.83,1.11,3.10,Matchs
2148,Francisco Portillo,es ESP,"MT,AT",Almería,es La Liga,32,1990,8.0,45.6,57.4,79.5,675.9,234.4,26.4,30.0,87.9,14.4,17.0,84.6,2.75,5.13,53.7,0.13,0.13,0.24,0.00,1.63,6.13,2.25,0.38,9.25,Matchs
2149,Portu,es ESP,"MT,DF",Getafe,es La Liga,30,1992,19.7,25.0,37.1,67.4,379.1,145.3,13.6,16.7,81.5,8.83,12.2,72.5,1.47,3.91,37.7,0.15,0.10,0.13,0.06,1.37,1.52,1.32,0.76,02.03,Matchs
2150,Stefan Posch,at AUT,DF,Bologna,it Serie A,25,1997,28.1,49.8,64.2,77.5,880.2,380.1,23.5,25.8,91.0,20.2,24.3,83.3,5.23,10.8,48.5,0.07,0.07,0.07,0.00,0.82,3.99,0.96,0.21,5.27,Matchs
Clt,Joueur,Nation,Pos,Équipe,Comp,Âge,Naissance,90,Cmp,Att,Cmp%,TotDist,DistBut,Cmp,Att,Cmp%,Cmp,Att,Cmp%,Cmp,Att,Cmp%,PD,xAG,xA,A-xAG,PC,1/3,PPA,CntSR,PrgP,Matchs
2151,Stefan Posch,at AUT,DF,Hoffenheim,de Bundesliga,25,1997,0.2,40.0,60.0,66.7,815.0,135.0,5.00,15.0,33.3,30.0,30.0,100.0,5.00,10.0,50.0,0.00,0.00,0.00,0.00,0.00,0.00,0.00,0.00,0.00,Matchs
2152,Yussuf Poulsen,dk DEN,AT,RB Leipzig,de Bundesliga,28,1994,4.6,15.0,27.4,54.8,183.5,47.8,8.70,13.3,65.6,03.04,08.04,37.8,0.87,1.96,44.4,0.22,0.39,0.35,-0.17,1.74,1.52,0.43,0.22,1.52,Matchs
2153,José Pozo,es ESP,"MT,AT",Rayo Vallecano,es La Liga,26,1996,1.0,34.0,45.0,75.6,481.0,128.0,20.0,24.0,83.3,8.00,13.0,61.5,3.00,4.00,75.0,0.00,0.10,0.20,-0.10,2.00,5.00,2.00,0.00,6.00,Matchs
2154,Manuel Pozo,es ESP,AT,Valladolid,es La Liga,20,2001,0.2,30.0,40.0,75.0,445.0,190.0,15.0,20.0,75.0,5.00,10.0,50.0,5.00,5.00,100.0,0.00,0.00,0.00,0.00,5.00,5.00,0.00,0.00,5.00,Matchs
2155,Alejandro Pozo Pozo,es ESP,DF,Almería,es La Liga,23,1999,20.9,38.9,53.4,72.9,644.9,265.7,20.1,22.5,89.6,14.5,18.8,77.3,3.44,8.33,41.4,0.14,0.17,0.12,-0.03,1.15,1.91,1.00,0.77,03.06,Matchs
2156,Dennis Praet,be BEL,"MT,AT",Leicester City,eng Premier League,28,1994,7.2,27.8,37.5,74.1,402.4,94.4,16.3,19.2,84.8,8.61,10.7,80.5,1.81,3.75,48.1,0.00,0.07,0.06,-0.07,0.42,1.39,0.69,0.14,2.36,Matchs
2157,Abdón Prats,es ESP,"AT,MT",Mallorca,es La Liga,29,1992,4.6,12.6,19.8,63.7,190.0,37.6,5.87,9.78,60.0,3.91,06.09,64.3,1.30,1.52,85.7,0.22,0.30,0.04,-0.09,1.52,0.87,0.65,0.00,1.74,Matchs
2158,Sanjin Prcić,ba BIH,MT,Strasbourg,fr Ligue 1,28,1993,18.1,49.2,58.3,84.3,948.5,268.8,18.8,21.1,89.3,21.1,23.6,89.5,7.85,11.3,69.6,0.06,0.04,0.08,0.01,0.66,4.97,0.55,0.11,6.19,Matchs
2159,Isaac Price,nir NIR,MT,Everton,eng Premier League,18,2003,0.4,30.0,35.0,85.7,507.5,110.0,15.0,17.5,85.7,12.5,15.0,83.3,2.50,2.50,100.0,0.00,0.25,0.00,-0.25,2.50,2.50,0.00,0.00,2.50,Matchs
2160,Grischa Prömel,de GER,MT,Hoffenheim,de Bundesliga,27,1995,16.2,22.4,29.2,76.7,351.0,85.1,12.4,14.9,83.1,7.90,9.51,83.1,1.54,2.78,55.6,0.06,0.07,0.05,-0.01,0.49,1.79,0.31,0.06,2.41,Matchs
2161,Ivan Provedel,it ITA,GB,Lazio,it Serie A,28,1994,37.9,28.0,34.9,80.2,754.0,545.7,6.23,6.25,99.6,10.8,11.1,97.4,10.8,17.3,62.4,0.00,0.00,0.00,0.00,0.03,0.55,0.03,0.00,0.00,Matchs
2162,Javi Puado,es ESP,"AT,MT",Espanyol,es La Liga,24,1998,26.0,17.3,22.7,76.3,254.5,50.5,9.62,11.3,84.7,5.62,7.38,76.0,1.00,1.69,59.1,0.08,0.10,0.08,-0.02,0.96,0.58,0.81,0.12,2.23,Matchs
2163,Mehdi Puch Herrantz,fr FRA,MT,Ajaccio,fr Ligue 1,18,2004,0.5,44.0,56.0,78.6,750.0,244.0,22.0,24.0,91.7,16.0,24.0,66.7,4.00,4.00,100.0,0.00,0.20,0.00,-0.20,4.00,4.00,2.00,0.00,8.00,Matchs
2164,Tymoteusz Puchacz,pl POL,DF,Union Berlin,de Bundesliga,23,1999,0.6,36.7,60.0,61.1,611.7,118.3,20.0,25.0,80.0,13.3,20.0,66.7,3.33,11.7,28.6,0.00,0.00,0.00,0.00,1.67,0.00,0.00,0.00,3.33,Matchs
2165,Arnau Puigmal,es ESP,"MT,AT",Almería,es La Liga,21,2001,8.5,22.7,32.2,70.4,326.9,106.9,13.8,16.2,84.8,7.53,11.1,68.1,01.06,2.71,39.1,0.00,0.06,0.09,-0.06,0.94,01.06,0.82,0.35,1.88,Matchs
2166,Christian Pulisic,us USA,"AT,DF",Chelsea,eng Premier League,23,1998,9.1,26.2,33.1,79.1,358.5,61.1,16.9,19.5,87.0,7.25,9.23,78.6,1.10,1.98,55.6,0.11,0.08,0.04,0.03,1.32,1.54,0.33,0.11,2.53,Matchs
2167,Ignacio Pussetto,ar ARG,"MT,DF",Sampdoria,it Serie A,26,1995,1.7,20.0,32.9,60.7,237.6,53.5,14.7,18.8,78.1,4.12,07.06,58.3,0.00,2.35,0.0,0.00,0.12,0.06,-0.12,1.18,1.18,0.00,0.00,0.59,Matchs
2168,Niklas Pyyhtiä,fi FIN,MT,Bologna,it Serie A,18,2003,1.2,34.2,44.2,77.4,507.5,55.0,21.7,25.8,83.9,10.8,12.5,86.7,1.67,4.17,40.0,0.83,0.08,0.00,0.75,1.67,2.50,0.00,0.00,0.83,Matchs
2169,Fabio Quagliarella,it ITA,AT,Sampdoria,it Serie A,39,1983,8.9,17.9,27.5,64.9,284.0,68.4,8.76,11.2,78.0,5.51,08.09,68.1,02.02,4.16,48.6,0.11,0.08,0.08,0.03,0.79,1.69,0.79,0.11,2.81,Matchs
2170,Giacomo Quagliata,it ITA,DF,Cremonese,it Serie A,22,2000,7.8,28.3,43.3,65.4,487.4,212.8,13.8,15.8,87.8,11.5,16.9,68.2,2.56,7.95,32.3,0.13,0.13,0.13,0.00,1.67,2.69,1.28,01.03,3.59,Matchs
2171,Eduardo Quaresma,pt POR,DF,Hoffenheim,de Bundesliga,20,2002,1.0,60.0,68.0,88.2,1119.0,317.0,21.0,24.0,87.5,36.0,39.0,92.3,3.00,5.00,60.0,0.00,0.00,0.00,0.00,0.00,5.00,1.00,0.00,10.0,Matchs
2172,Joshua Quarshie,de GER,MT,Hoffenheim,de Bundesliga,18,2004,0.0,0,2,0.0,0,0,0,0,,0,2,0.0,0,0,,0,0.0,0.0,0.0,0,0,0,0,0,Matchs
2173,Ghjuvanni Quilichini,fr FRA,GB,Ajaccio,fr Ligue 1,19,2002,0.9,15.6,37.8,41.2,567.8,474.4,1.11,1.11,100.0,5.56,5.56,100.0,8.89,31.1,28.6,0.00,0.00,0.00,0.00,0.00,0.00,0.00,0.00,0.00,Matchs
2174,Domingos Quina,pt POR,MT,Elche,es La Liga,22,1999,3.1,39.4,47.4,83.0,701.0,217.4,17.4,19.4,90.0,18.1,20.0,90.3,3.23,4.84,66.7,0.00,0.13,0.16,-0.13,0.97,5.16,1.29,0.32,5.48,Matchs
2175,Rubén Quintanilla,es ESP,DF,Mallorca,es La Liga,20,2002,0.0,2,2,100.0,70,21,0,0,,0,0,,2,2,100.0,0,0.0,0.0,0.0,0,0,0,0,1,Matchs
Clt,Joueur,Nation,Pos,Équipe,Comp,Âge,Naissance,90,Cmp,Att,Cmp%,TotDist,DistBut,Cmp,Att,Cmp%,Cmp,Att,Cmp%,Cmp,Att,Cmp%,PD,xAG,xA,A-xAG,PC,1/3,PPA,CntSR,PrgP,Matchs
2176,Adrien Rabiot,fr FRA,MT,Juventus,it Serie A,27,1995,30.5,31.8,39.0,81.5,508.6,140.3,16.8,19.2,87.5,11.1,13.5,82.3,2.72,3.84,70.9,0.13,0.08,0.06,0.06,01.02,3.25,0.75,0.13,4.36,Matchs
2177,Nemanja Radonjić,rs SRB,"MT,AT",Torino,it Serie A,26,1996,16.2,18.4,29.2,63.0,269.9,74.0,11.2,14.3,78.4,4.75,7.65,62.1,1.54,3.83,40.3,0.12,0.10,0.15,0.02,1.11,1.23,1.17,0.49,2.59,Matchs
2178,Ivan Radovanović,rs SRB,"MT,DF",Salernitana,it Serie A,33,1988,7.5,28.5,35.3,80.8,575.7,213.6,10.0,11.2,89.3,14.0,15.3,91.3,4.27,7.60,56.1,0.00,0.00,0.01,0.00,0.13,2.53,0.00,0.00,2.13,Matchs
2179,Ionuț Radu,ro ROU,GB,Cremonese,it Serie A,25,1997,9.0,24.6,37.3,65.8,679.7,487.9,5.67,5.78,98.1,11.1,11.3,98.0,7.67,19.7,39.0,0.00,0.04,0.01,-0.04,0.22,1.11,0.22,0.00,0.00,Matchs
2180,Ionuț Radu,ro ROU,GB,Auxerre,fr Ligue 1,25,1997,17.0,20.3,35.2,57.7,675.9,529.7,2.41,2.41,100.0,8.35,8.41,99.3,9.35,24.0,39.0,0.00,0.00,0.00,0.00,0.06,0.94,0.00,0.00,0.00,Matchs
2181,Ștefan Radu,ro ROU,AT,Lazio,it Serie A,35,1986,0.0,6,7,85.7,78,21,4,4,100.0,2,3,66.7,0,0,,0,0.0,0.0,0.0,0,0,0,0,1,Matchs
2182,Antonio Raillo,es ESP,DF,Mallorca,es La Liga,30,1991,30.7,29.4,35.4,82.9,608.2,219.0,7.49,8.83,84.9,18.4,19.9,92.5,3.22,5.64,57.2,0.10,0.04,0.02,0.06,0.23,01.04,0.00,0.00,1.63,Matchs
2183,Antonio Raimondo,it ITA,AT,Bologna,it Serie A,18,2004,0.2,15.0,20.0,75.0,105.0,15.0,10.0,15.0,66.7,0.00,0.00,,0.00,0.00,,0.00,0.00,0.00,0.00,0.00,5.00,0.00,0.00,0.00,Matchs
2184,Predrag Rajković,rs SRB,GB,Mallorca,es La Liga,26,1995,36.0,19.9,33.6,59.3,779.6,647.7,02.08,2.11,98.7,6.56,6.64,98.7,11.1,24.7,45.2,0.00,0.01,0.00,-0.01,0.11,1.42,0.03,0.00,0.08,Matchs
2185,Ivan Rakitić,hr CRO,MT,Sevilla,es La Liga,34,1988,19.9,50.1,62.4,80.3,891.7,239.1,24.6,28.0,87.8,17.8,20.7,86.1,06.03,10.2,59.1,0.15,0.10,0.14,0.06,1.41,5.68,1.16,0.25,7.44,Matchs
2186,Diant Ramaj,de GER,GB,Eint Frankfurt,de Bundesliga,20,2001,1.0,21.0,25.0,84.0,501.0,271.0,5.00,5.00,100.0,12.0,12.0,100.0,4.00,8.00,50.0,0.00,0.00,0.00,0.00,0.00,0.00,0.00,0.00,0.00,Matchs
2187,Largie Ramazani,be BEL,"AT,MT",Almería,es La Liga,21,2001,15.6,12.5,18.7,67.0,198.9,54.9,6.86,8.97,76.4,4.23,5.77,73.3,01.03,1.86,55.2,0.06,0.11,0.12,-0.04,0.83,1.41,0.71,0.06,1.92,Matchs
2188,Simon Ramet,fr FRA,DF,Lille,fr Ligue 1,19,2003,0.0,0,0,,0,0,0,0,,0,0,,0,0,,0,0.0,0.0,0.0,0,0,0,0,0,Matchs
2189,Adil Rami,fr FRA,DF,Troyes,fr Ligue 1,36,1985,17.7,34.7,41.3,84.1,719.9,309.4,11.0,11.9,91.9,17.3,19.4,89.2,5.82,8.70,66.9,0.06,0.03,0.01,0.02,0.17,2.54,0.11,0.06,1.98,Matchs
2190,Chris Ramos,es ESP,AT,Cádiz,es La Liga,25,1997,7.9,10.0,18.9,53.0,108.1,26.1,7.22,11.6,62.0,1.52,3.54,42.9,0.25,0.51,50.0,0.00,0.03,0.09,-0.03,0.51,0.89,0.13,0.13,0.76,Matchs
2191,Sergio Ramos,es ESP,DF,Paris S-G,fr Ligue 1,36,1986,30.0,79.8,84.5,94.4,1535.9,504.0,27.2,28.7,94.8,41.0,42.1,97.5,9.43,10.9,86.5,0.03,0.01,0.03,0.03,0.13,7.17,0.20,0.07,5.43,Matchs
2192,Aaron Ramsdale,eng ENG,GB,Arsenal,eng Premier League,24,1998,38.0,20.0,29.2,68.5,499.3,345.0,5.00,5.16,96.9,10.1,10.3,98.2,4.89,13.7,35.8,0.00,0.00,0.00,0.00,0.00,0.79,0.05,0.00,0.21,Matchs
2193,Aaron Ramsey,wls WAL,MT,Nice,fr Ligue 1,31,1990,17.6,52.0,61.8,84.1,913.0,216.4,22.6,24.5,92.3,21.7,25.2,86.0,5.68,09.03,62.9,0.06,0.10,0.11,-0.05,1.59,5.00,1.14,0.17,7.16,Matchs
2194,Jacob Ramsey,eng ENG,"MT,AT",Aston Villa,eng Premier League,21,2001,29.3,24.8,30.3,81.9,349.5,91.0,15.2,17.1,88.8,7.41,09.08,81.6,1.16,1.57,73.9,0.24,0.17,0.10,0.06,1.43,2.29,0.96,0.14,3.34,Matchs
2195,Luca Ranieri,it ITA,DF,Fiorentina,it Serie A,23,1999,5.6,49.6,59.6,83.2,957.7,327.1,17.1,18.8,91.4,25.5,28.2,90.5,6.61,11.1,59.7,0.00,0.02,0.02,-0.02,0.36,3.21,0.00,0.00,1.96,Matchs
2196,Andrea Ranocchia,it ITA,DF,Monza,it Serie A,34,1988,0.5,32.0,38.0,84.2,694.0,218.0,4.00,4.00,100.0,22.0,24.0,91.7,4.00,8.00,50.0,0.00,0.00,0.00,0.00,0.00,4.00,0.00,0.00,0.00,Matchs
2197,Filippo Ranocchia,it ITA,MT,Monza,it Serie A,21,2001,5.9,34.1,43.2,78.8,662.0,200.5,13.7,15.8,87.1,14.1,16.6,84.7,5.42,8.31,65.3,0.00,0.07,0.07,-0.07,1.19,3.90,1.19,0.17,4.41,Matchs
2198,Lilian Raolisoa,fr FRA,"DF,MT",Angers,fr Ligue 1,22,2000,1.9,51.6,62.6,82.4,858.4,203.7,25.3,26.8,94.1,20.0,25.8,77.6,4.74,7.89,60.0,0.00,0.42,0.26,-0.42,1.58,2.11,2.11,0.53,5.26,Matchs
2199,Raphinha,br BRA,AT,Barcelona,es La Liga,25,1996,23.0,39.8,55.0,72.3,676.4,170.5,20.7,24.2,85.4,13.2,17.1,77.4,4.65,9.83,47.3,0.30,0.43,0.40,-0.12,2.48,02.09,3.22,0.87,4.52,Matchs
2200,Nicolai Rapp,de GER,"MT,DF",Werder Bremen,de Bundesliga,25,1996,0.8,58.8,73.8,79.7,1131.3,347.5,25.0,30.0,83.3,21.3,26.3,81.0,10.0,13.8,72.7,0.00,0.00,0.00,0.00,0.00,3.75,1.25,0.00,6.25,Matchs
Clt,Joueur,Nation,Pos,Équipe,Comp,Âge,Naissance,90,Cmp,Att,Cmp%,TotDist,DistBut,Cmp,Att,Cmp%,Cmp,Att,Cmp%,Cmp,Att,Cmp%,PD,xAG,xA,A-xAG,PC,1/3,PPA,CntSR,PrgP,Matchs
2201,Elba Rashani,xk KVX,"MT,AT",Clermont Foot,fr Ligue 1,29,1993,24.0,22.6,30.4,74.5,315.4,69.0,13.2,15.6,84.3,7.46,9.54,78.2,0.75,1.92,39.1,0.13,0.15,0.12,-0.02,0.83,1.42,0.63,0.21,2.25,Matchs
2202,Marcus Rashford,eng ENG,AT,Manchester Utd,eng Premier League,24,1997,32.0,19.6,25.5,76.7,277.7,68.1,12.8,15.0,85.2,4.56,5.84,78.1,1.28,2.00,64.1,0.16,0.11,0.09,0.05,0.94,1.19,1.66,0.06,2.75,Matchs
2203,Giacomo Raspadori,it ITA,AT,Sassuolo,it Serie A,22,2000,0.5,20.0,24.0,83.3,414.0,66.0,4.00,4.00,100.0,12.0,14.0,85.7,2.00,4.00,50.0,0.00,0.00,0.00,0.00,0.00,2.00,0.00,0.00,4.00,Matchs
2204,Giacomo Raspadori,it ITA,"AT,MT",Napoli,it Serie A,22,2000,10.1,34.5,44.8,77.0,548.0,108.7,17.8,20.9,85.3,11.4,13.8,82.7,2.97,06.04,49.2,0.20,0.13,0.13,0.07,1.78,1.98,1.29,0.10,3.27,Matchs
2205,Rafael Ratão,br BRA,"AT,MT",Toulouse,fr Ligue 1,26,1995,20.6,28.6,38.8,73.8,406.3,113.6,16.4,20.5,79.9,8.88,11.8,75.3,1.50,2.82,53.4,0.19,0.20,0.18,-0.00,1.46,2.23,1.60,0.44,04.03,Matchs
2206,David Raum,de GER,"DF,MT",RB Leipzig,de Bundesliga,24,1998,18.7,48.0,63.6,75.5,803.3,247.5,24.3,26.9,90.3,18.6,23.3,79.6,4.22,9.52,44.4,0.11,0.25,0.27,-0.14,1.93,2.25,1.39,0.80,3.69,Matchs
2207,Nicola Ravaglia,it ITA,GB,Sampdoria,it Serie A,33,1988,9.0,23.7,36.1,65.5,631.2,461.4,6.44,6.44,100.0,9.44,9.67,97.7,7.78,20.0,38.9,0.00,0.00,0.00,0.00,0.00,0.67,0.00,0.00,0.00,Matchs
2208,Rayan Raveloson,mg MAD,"DF,MT",Auxerre,fr Ligue 1,25,1997,27.0,34.0,41.9,81.2,630.8,236.3,13.6,15.6,87.2,15.5,18.4,83.9,3.85,6.00,64.2,0.04,0.03,0.05,0.00,0.48,03.04,0.56,0.26,3.70,Matchs
2209,David Raya,es ESP,GB,Brentford,eng Premier League,26,1995,38.0,27.7,43.2,64.3,920.0,709.3,3.45,3.55,97.0,12.2,12.4,97.9,12.1,27.0,44.7,0.00,0.00,0.01,-0.00,0.05,1.97,0.08,0.00,0.34,Matchs
2210,Tim Ream,us USA,DF,Fulham,eng Premier League,34,1987,32.2,51.6,59.7,86.5,1106.2,389.5,13.0,14.7,89.0,29.8,32.1,92.9,8.29,11.8,70.4,0.00,0.00,0.01,-0.00,0.09,4.60,0.00,0.00,4.41,Matchs
2211,Ante Rebić,hr CRO,"AT,MT",Milan,it Serie A,28,1993,10.9,17.2,30.6,56.0,245.2,74.8,10.1,13.6,74.3,4.68,8.99,52.0,1.28,3.49,36.8,0.18,0.18,0.17,0.00,1.19,1.10,1.10,0.28,2.66,Matchs
2212,Arkadiusz Reca,pl POL,DF,Spezia,it Serie A,27,1995,24.1,34.3,49.7,69.1,591.3,244.1,16.3,19.8,82.2,13.3,17.8,74.4,3.69,8.30,44.5,0.04,0.09,0.09,-0.05,0.95,3.15,1.37,01.04,3.28,Matchs
2213,Nathan Redmond,eng ENG,DF,Southampton,eng Premier League,28,1994,0.0,0,1,0.0,0,0,0,0,,0,1,0.0,0,0,,0,0.0,0.0,0.0,0,0,0,0,0,Matchs
2214,Harrison Reed,eng ENG,MT,Fulham,eng Premier League,27,1995,31.8,31.1,40.3,77.1,486.4,115.1,16.3,19.2,84.5,11.2,13.2,84.3,2.39,4.18,57.1,0.13,0.13,0.06,-0.00,1.10,2.58,0.91,0.35,3.21,Matchs
2215,Sergio Reguilón,es ESP,DF,Atlético Madrid,es La Liga,25,1996,3.4,34.4,43.2,79.6,490.3,149.1,21.5,23.8,90.1,11.8,15.3,76.9,0.59,1.47,40.0,0.00,0.12,0.09,-0.12,02.06,2.94,0.88,0.29,3.24,Matchs
2216,Bobby Reid,jm JAM,"AT,DF",Fulham,eng Premier League,29,1993,27.5,23.1,33.0,70.1,350.0,111.5,12.4,15.1,82.0,8.22,11.6,70.8,1.24,2.95,42.0,0.04,0.06,0.06,-0.03,0.69,1.31,1.38,0.36,2.29,Matchs
2217,Pepe Reina,es ESP,GB,Villarreal,es La Liga,39,1982,22.0,31.1,38.9,80.1,734.5,500.0,6.45,6.59,97.9,18.2,18.4,98.8,6.50,13.8,47.2,0.00,0.03,0.00,-0.03,0.05,0.23,0.00,0.00,0.00,Matchs
2218,Jeff Reine-Adélaïde,fr FRA,MT,Troyes,fr Ligue 1,24,1998,2.6,40.8,49.2,82.8,671.5,169.2,18.5,21.5,85.7,16.9,19.6,86.3,3.46,5.00,69.2,0.38,0.15,0.04,0.23,0.77,3.46,1.15,0.00,7.69,Matchs
2219,Jeff Reine-Adélaïde,fr FRA,MT,Lyon,fr Ligue 1,24,1998,3.7,77.0,88.9,86.6,1192.2,271.6,40.3,44.3,90.9,29.7,33.5,88.7,04.05,6.76,60.0,0.00,0.24,0.19,-0.24,2.16,8.38,1.35,0.27,8.65,Matchs
2220,Reinier,br BRA,"MT,AT",Girona,es La Liga,20,2002,7.2,27.5,34.4,79.8,366.9,92.2,17.8,20.6,86.5,8.61,10.4,82.7,0.42,1.25,33.3,0.14,0.08,0.10,0.06,0.97,1.53,1.11,0.00,3.47,Matchs
2221,Rocco Reitz,de GER,MT,M'Gladbach,de Bundesliga,20,2002,0.0,2,2,100.0,30,0,1,1,100.0,1,1,100.0,0,0,,0,0.0,0.0,0.0,0,0,0,0,0,Matchs
2222,Karim Rekik,nl NED,DF,Sevilla,es La Liga,27,1994,13.1,49.0,53.4,91.7,858.7,291.5,20.0,20.8,96.3,25.4,26.9,94.3,2.90,4.50,64.4,0.08,0.01,0.01,0.07,0.31,3.66,0.15,0.08,3.82,Matchs
2223,Álex Remiro,es ESP,GB,Real Sociedad,es La Liga,27,1995,38.0,24.8,34.6,71.7,752.2,566.9,3.74,3.76,99.3,11.6,12.1,96.5,9.39,18.5,50.7,0.00,0.00,0.00,0.00,0.03,0.74,0.00,0.00,0.03,Matchs
2224,Panagiotis Retsos,gr GRE,DF,Hellas Verona,it Serie A,23,1998,1.4,31.4,40.0,78.6,557.9,229.3,14.3,16.4,87.0,14.3,17.1,83.3,2.86,5.00,57.1,0.00,0.00,0.00,0.00,0.71,2.14,0.00,0.00,1.43,Matchs
2225,Marco Reus,de GER,"MT,AT",Dortmund,de Bundesliga,33,1989,15.0,30.0,37.9,79.2,389.6,93.2,17.3,20.6,83.8,9.87,11.3,87.1,0.60,1.60,37.5,0.27,0.17,0.09,0.09,1.33,1.80,0.60,0.07,3.00,Matchs
Clt,Joueur,Nation,Pos,Équipe,Comp,Âge,Naissance,90,Cmp,Att,Cmp%,TotDist,DistBut,Cmp,Att,Cmp%,Cmp,Att,Cmp%,Cmp,Att,Cmp%,PD,xAG,xA,A-xAG,PC,1/3,PPA,CntSR,PrgP,Matchs
2226,Alejandro Revuelta Montero,es ESP,DF,Getafe,es La Liga,22,2000,0.0,0,0,,0,0,0,0,,0,0,,0,0,,0,0.0,0.0,0.0,0,0,0,0,0,Matchs
2227,Elvis Rexhbeçaj,de GER,MT,Augsburg,de Bundesliga,24,1997,28.0,22.2,32.5,68.3,394.1,124.1,09.04,11.7,77.1,10.6,13.8,76.7,2.00,4.64,43.1,0.00,0.03,0.03,-0.03,0.43,2.39,0.36,0.04,3.18,Matchs
2228,Gio Reyna,us USA,"AT,MT",Dortmund,de Bundesliga,19,2002,6.9,35.9,45.5,79.0,524.9,126.4,21.3,25.2,84.5,9.57,12.5,76.7,2.32,3.33,69.6,0.29,0.19,0.28,0.10,1.74,02.03,1.74,0.29,3.62,Matchs
2229,Chadi Riad,ma MAR,MT,Barcelona,es La Liga,19,2003,0.0,1,1,100.0,7,5,1,1,100.0,0,0,,0,0,,0,0.0,0.0,0.0,0,0,0,0,0,Matchs
2230,Nico Ribaudo,es ESP,"MT,AT",Espanyol,es La Liga,21,2001,13.9,25.3,32.7,77.5,395.4,106.2,13.5,15.4,87.9,9.35,10.8,86.7,1.65,4.32,38.3,0.14,0.17,0.09,-0.02,1.80,3.17,0.72,0.36,4.10,Matchs
2231,Alexsandro Ribeiro,br BRA,DF,Lille,fr Ligue 1,22,1999,17.9,64.1,71.0,90.3,1146.5,449.9,25.8,27.4,94.3,32.1,34.5,93.0,4.58,6.70,68.3,0.00,0.01,0.02,-0.01,0.11,4.30,0.11,0.06,05.03,Matchs
2232,Franck Ribéry,fr FRA,MT,Salernitana,it Serie A,39,1983,0.4,47.5,55.0,86.4,587.5,47.5,27.5,30.0,91.7,17.5,20.0,87.5,0.00,0.00,,0.00,0.00,0.00,0.00,0.00,5.00,0.00,0.00,2.50,Matchs
2233,Samuele Ricci,it ITA,MT,Torino,it Serie A,20,2001,23.0,45.0,51.3,87.6,765.4,175.8,20.2,22.1,91.3,19.6,21.4,91.7,3.61,4.96,72.8,0.04,0.08,0.06,-0.03,0.70,4.17,0.52,0.09,4.52,Matchs
2234,Declan Rice,eng ENG,MT,West Ham,eng Premier League,23,1999,36.4,50.7,58.7,86.5,924.5,259.8,23.4,25.9,90.0,20.2,21.7,93.2,6.13,8.90,68.8,0.03,0.09,0.05,-0.06,01.02,6.40,0.36,0.08,6.59,Matchs
2235,Chris Richards,us USA,DF,Crystal Palace,eng Premier League,22,2000,5.0,33.8,40.6,83.3,625.8,198.2,13.2,15.8,83.5,16.8,19.2,87.5,3.80,5.40,70.4,0.00,0.06,0.00,-0.06,0.20,3.00,0.00,0.00,2.80,Matchs
2236,Richarlison,br BRA,"MT,AT",Tottenham,eng Premier League,25,1997,11.2,17.5,24.9,70.3,261.3,62.5,9.73,12.9,75.2,5.36,7.32,73.2,1.16,1.61,72.2,0.27,0.20,0.13,0.07,1.43,1.43,0.89,0.27,2.50,Matchs
2237,Marco Richter,de GER,"MT,AT",Hertha BSC,de Bundesliga,24,1997,20.4,22.6,36.6,61.7,400.7,147.5,10.1,12.9,78.0,8.33,12.7,65.4,03.04,7.30,41.6,0.25,0.14,0.13,0.10,0.98,1.86,1.27,0.25,3.33,Matchs
2238,Diego Rico,es ESP,DF,Real Sociedad,es La Liga,29,1993,18.3,40.8,53.8,75.7,684.2,309.1,20.3,23.2,87.3,16.7,21.5,77.7,2.90,6.56,44.2,0.00,0.08,0.09,-0.08,0.55,3.11,01.04,0.55,3.50,Matchs
2239,Jaïro Riedewald,nl NED,"DF,MT",Crystal Palace,eng Premier League,25,1996,0.7,48.6,64.3,75.6,667.1,195.7,30.0,34.3,87.5,18.6,24.3,76.5,0.00,2.86,0.0,0.00,0.00,0.00,0.00,0.00,2.86,0.00,0.00,1.43,Matchs
2240,Manuel Riemann,de GER,GB,Bochum,de Bundesliga,33,1988,34.0,31.3,51.8,60.5,1228.9,1068.6,2.53,2.56,98.9,8.88,9.18,96.8,19.9,39.6,50.2,0.00,0.00,0.02,-0.00,0.06,4.00,0.21,0.03,0.53,Matchs
2241,Tomás Rincón,ve VEN,MT,Sampdoria,it Serie A,34,1988,28.4,35.8,43.8,81.8,663.8,194.7,15.3,17.5,87.5,15.2,17.6,86.2,4.54,07.04,64.5,0.07,0.04,0.07,0.03,0.74,04.08,0.77,0.21,4.30,Matchs
2242,Rémy Riou,fr FRA,GB,Lyon,fr Ligue 1,34,1987,6.7,26.7,33.6,79.6,590.9,447.9,6.42,6.72,95.6,15.2,15.7,97.1,4.78,10.9,43.8,0.00,0.00,0.00,0.00,0.00,0.00,0.00,0.00,0.15,Matchs
2243,Renaud Ripart,fr FRA,"AT,MT",Troyes,fr Ligue 1,29,1993,14.7,21.6,31.8,67.7,302.7,69.5,12.0,15.9,75.2,7.35,10.7,68.4,0.75,1.90,39.3,0.07,0.13,0.05,-0.06,1.43,1.84,0.68,0.07,3.20,Matchs
2244,Rodrigo Riquelme,es ESP,"MT,AT",Girona,es La Liga,22,2000,24.2,20.5,29.5,69.5,300.6,93.4,11.8,14.5,81.7,6.69,9.50,70.4,01.07,2.85,37.7,0.17,0.15,0.16,0.01,1.36,1.74,1.16,0.29,3.51,Matchs
2245,Matt Ritchie,sct SCO,"AT,MT",Newcastle Utd,eng Premier League,32,1989,0.4,60.0,77.5,77.4,855.0,220.0,40.0,40.0,100.0,10.0,15.0,66.7,7.50,10.0,75.0,0.00,0.25,0.00,-0.25,2.50,0.00,0.00,0.00,2.50,Matchs
2246,Sergi Roberto,es ESP,"DF,MT",Barcelona,es La Liga,30,1992,14.5,58.6,64.6,90.8,849.3,191.0,35.4,36.9,96.1,18.6,20.9,89.1,3.31,4.41,75.0,0.07,0.06,0.09,0.01,0.69,5.52,0.97,0.41,6.69,Matchs
2247,Lucas Robertone,ar ARG,MT,Almería,es La Liga,25,1997,31.6,33.3,43.2,77.1,584.2,197.5,16.0,18.1,88.5,11.7,13.8,84.4,4.27,8.51,50.2,0.22,0.21,0.14,0.01,1.68,3.64,01.08,0.41,4.91,Matchs
2248,Andrew Robertson,sct SCO,DF,Liverpool,eng Premier League,28,1994,28.7,62.8,78.9,79.6,1064.6,332.0,29.8,32.9,90.7,27.4,32.7,83.8,4.77,9.97,47.9,0.28,0.21,0.23,0.07,1.81,4.22,1.15,0.49,5.78,Matchs
2249,Antonee Robinson,us USA,DF,Fulham,eng Premier League,24,1997,34.3,40.9,55.7,73.5,709.2,282.3,18.2,21.1,86.2,17.8,23.1,77.3,3.99,8.57,46.6,0.03,0.04,0.05,-0.01,0.61,03.03,1.22,0.73,3.76,Matchs
2250,Joel Robles,es ESP,GB,Leeds United,eng Premier League,32,1990,4.0,15.8,30.5,51.6,512.0,402.8,1.50,1.50,100.0,6.50,6.75,96.3,7.75,22.3,34.8,0.00,0.00,0.00,0.00,0.00,0.50,0.00,0.00,0.00,Matchs
Clt,Joueur,Nation,Pos,Équipe,Comp,Âge,Naissance,90,Cmp,Att,Cmp%,TotDist,DistBut,Cmp,Att,Cmp%,Cmp,Att,Cmp%,Cmp,Att,Cmp%,PD,xAG,xA,A-xAG,PC,1/3,PPA,CntSR,PrgP,Matchs
2251,Joel Roca,es ESP,"MT,AT",Girona,es La Liga,17,2005,0.9,33.3,43.3,76.9,452.2,64.4,25.6,33.3,76.7,5.56,6.67,83.3,2.22,3.33,66.7,0.00,0.00,0.00,0.00,1.11,0.00,0.00,0.00,0.00,Matchs
2252,Marc Roca,es ESP,MT,Leeds United,eng Premier League,25,1996,25.7,38.1,50.4,75.5,644.8,255.4,19.3,22.4,86.1,14.0,17.5,79.8,3.66,7.82,46.8,0.08,0.11,0.10,-0.04,1.28,6.11,0.66,0.08,6.69,Matchs
2253,Enzo Roco,cl CHI,DF,Elche,es La Liga,29,1992,18.4,31.9,39.1,81.6,626.0,254.2,10.3,12.1,85.1,16.9,18.8,89.9,04.08,6.47,63.0,0.00,0.00,0.02,0.00,0.05,2.34,0.22,0.00,2.28,Matchs
2254,Marek Rodák,sk SVK,GB,Fulham,eng Premier League,25,1996,2.0,14.5,30.5,47.5,585.0,518.5,1.50,1.50,100.0,4.00,4.50,88.9,8.50,24.0,35.4,0.00,0.00,0.00,0.00,0.00,0.00,0.00,0.00,0.00,Matchs
2255,Sebastian Rode,de GER,MT,Eint Frankfurt,de Bundesliga,31,1990,15.7,45.3,54.6,83.0,729.5,233.0,22.0,25.0,88.3,18.7,21.6,86.4,3.25,4.97,65.4,0.06,0.06,0.08,0.01,0.76,6.24,0.76,0.00,6.69,Matchs
2256,Joe Rodon,wls WAL,DF,Rennes,fr Ligue 1,24,1997,15.7,60.2,66.9,89.9,1258.2,351.1,11.5,13.6,84.6,42.1,44.4,94.8,5.73,7.52,76.3,0.00,0.00,0.01,0.00,0.06,2.48,0.00,0.00,3.12,Matchs
2257,Rodri,es ESP,MT,Manchester City,eng Premier League,26,1996,32.3,84.3,92.5,91.2,1546.4,369.5,34.1,36.7,92.9,39.6,42.4,93.4,9.29,11.0,84.7,0.19,0.13,0.11,0.06,0.99,8.20,01.02,0.09,08.05,Matchs
2258,Rodri,es ESP,"AT,MT",Betis,es La Liga,22,2000,17.8,41.1,48.2,85.3,610.0,154.6,22.2,24.0,92.5,13.1,15.4,85.0,2.92,4.21,69.3,0.17,0.12,0.12,0.04,1.24,2.92,1.91,0.28,5.73,Matchs
2259,Rodrigo,es ESP,"AT,MT",Leeds United,eng Premier League,31,1991,21.5,18.1,25.6,70.7,262.8,52.9,10.2,12.9,79.1,5.12,7.35,69.6,1.49,2.60,57.1,0.05,0.08,0.06,-0.04,0.74,01.07,0.79,0.23,02.05,Matchs
2260,Ángel Rodríguez,es ESP,"AT,MT",Mallorca,es La Liga,35,1987,4.4,13.4,18.6,72.0,190.7,41.6,6.59,8.18,80.6,3.18,4.77,66.7,1.14,02.05,55.6,0.00,0.02,0.02,-0.02,0.68,1.36,0.23,0.00,1.36,Matchs
2261,Óscar Rodríguez Arnaiz,es ESP,MT,Celta Vigo,es La Liga,24,1998,19.7,42.3,53.7,78.8,700.7,207.5,21.9,24.2,90.4,14.9,18.4,81.0,4.16,08.07,51.6,0.00,0.11,0.11,-0.11,1.22,5.74,0.56,0.10,5.99,Matchs
2262,Dani Rodríguez,es ESP,MT,Mallorca,es La Liga,34,1988,23.3,23.0,29.4,78.4,360.6,94.1,13.3,14.9,89.1,6.57,8.20,80.1,02.06,3.30,62.3,0.26,0.14,0.10,0.12,1.12,2.15,0.82,0.09,3.26,Matchs
2263,Guido Rodríguez,ar ARG,MT,Betis,es La Liga,28,1994,31.9,45.9,52.9,86.7,744.9,246.5,22.9,25.0,91.6,17.0,18.9,89.6,04.04,5.92,68.3,0.00,0.01,0.03,-0.01,0.34,4.17,0.28,0.03,3.86,Matchs
2264,Miguel Rodríguez,es ESP,"MT,AT",Celta Vigo,es La Liga,19,2003,2.8,21.4,32.5,65.9,345.0,87.5,11.4,15.4,74.4,7.50,10.0,75.0,2.14,5.00,42.9,0.36,0.04,0.18,0.32,0.36,1.43,1.79,01.07,2.14,Matchs
2265,Pablo Rodríguez,es ESP,"AT,MT",Lecce,it Serie A,20,2001,0.6,23.3,35.0,66.7,358.3,110.0,10.0,16.7,60.0,10.0,11.7,85.7,1.67,1.67,100.0,0.00,0.00,0.00,0.00,1.67,3.33,0.00,0.00,5.00,Matchs
2266,Ricardo Rodríguez,ch SUI,DF,Torino,it Serie A,29,1992,29.7,48.5,59.2,81.9,852.2,284.9,22.4,24.4,91.5,21.0,24.2,87.0,4.31,8.15,52.9,0.00,0.06,0.07,-0.06,0.98,3.84,0.88,0.40,4.48,Matchs
2267,Rodrygo,br BRA,"AT,MT",Real Madrid,es La Liga,21,2001,26.4,34.8,39.8,87.4,407.0,79.2,24.6,26.6,92.6,6.14,7.12,86.2,1.25,1.63,76.7,0.30,0.27,0.23,0.04,1.78,2.39,01.06,0.11,03.07,Matchs
2268,Mads Roerslev,dk DEN,DF,Brentford,eng Premier League,23,1999,12.3,15.8,24.6,64.0,242.3,87.1,8.94,11.6,76.9,05.04,6.83,73.8,1.22,3.58,34.1,0.00,0.10,0.07,-0.10,0.65,1.22,0.57,0.41,1.54,Matchs
2269,Agustín Rogel,uy URU,DF,Hertha BSC,de Bundesliga,24,1997,15.8,27.0,36.2,74.5,545.1,211.5,7.41,9.81,75.5,15.9,18.9,84.2,3.23,6.33,51.0,0.06,0.00,0.01,0.06,0.06,0.70,0.00,0.00,1.46,Matchs
2270,Rogério,br BRA,DF,Sassuolo,it Serie A,24,1998,33.3,49.4,61.2,80.7,852.9,335.4,24.6,26.5,92.8,18.6,22.0,84.5,5.23,9.40,55.6,0.09,0.08,0.07,0.01,0.90,3.78,1.41,0.75,5.56,Matchs
2271,Merlin Röhl,de GER,"MT,AT",Freiburg,de Bundesliga,20,2002,0.6,21.7,30.0,72.2,263.3,68.3,13.3,15.0,88.9,6.67,8.33,80.0,0.00,0.00,,1.67,0.83,0.33,0.83,5.00,1.67,1.67,0.00,1.67,Matchs
2272,Tony Rölke,de GER,AT,Hertha BSC,de Bundesliga,19,2003,0.2,25.0,40.0,62.5,300.0,0.00,15.0,25.0,60.0,10.0,15.0,66.7,0.00,0.00,,0.00,0.00,0.00,0.00,0.00,0.00,0.00,0.00,0.00,Matchs
2273,Filippo Romagna,it ITA,DF,Sassuolo,it Serie A,25,1997,0.5,68.0,72.0,94.4,1158.0,330.0,26.0,26.0,100.0,42.0,44.0,95.5,0.00,2.00,0.0,0.00,0.00,0.00,0.00,0.00,0.00,0.00,0.00,0.00,Matchs
2274,Alessio Romagnoli,it ITA,DF,Lazio,it Serie A,27,1995,32.5,51.5,56.9,90.5,889.4,363.7,23.2,24.3,95.4,22.1,23.5,93.8,4.71,6.86,68.6,0.00,0.00,0.01,-0.00,0.06,2.80,0.12,0.00,1.91,Matchs
2275,Simone Romagnoli,it ITA,DF,Lecce,it Serie A,32,1990,1.9,32.1,38.9,82.4,597.9,261.6,9.47,10.0,94.7,22.1,25.8,85.7,0.53,3.16,16.7,0.00,0.00,0.00,0.00,0.00,0.53,0.00,0.00,2.63,Matchs
Clt,Joueur,Nation,Pos,Équipe,Comp,Âge,Naissance,90,Cmp,Att,Cmp%,TotDist,DistBut,Cmp,Att,Cmp%,Cmp,Att,Cmp%,Cmp,Att,Cmp%,PD,xAG,xA,A-xAG,PC,1/3,PPA,CntSR,PrgP,Matchs
2276,Leonardo Román,es ESP,GB,Mallorca,es La Liga,22,2000,1.0,29.0,42.0,69.0,846.0,648.0,6.00,6.00,100.0,12.0,12.0,100.0,11.0,24.0,45.8,0.00,0.00,0.00,0.00,0.00,0.00,0.00,0.00,0.00,Matchs
2277,Cristian Romero,ar ARG,DF,Tottenham,eng Premier League,24,1998,26.3,53.5,61.1,87.6,964.9,345.4,21.4,23.5,90.9,26.5,28.4,93.6,4.52,6.69,67.6,0.04,0.05,0.04,-0.01,0.30,3.31,0.30,0.00,3.50,Matchs
2278,Iván Romero,es ESP,MT,Sevilla,es La Liga,21,2001,0.1,10.0,30.0,33.3,120.0,20.0,10.0,20.0,50.0,0.00,10.0,0.0,0.00,0.00,,0.00,0.00,0.00,0.00,0.00,0.00,0.00,0.00,0.00,Matchs
2279,Luka Romero,ar ARG,AT,Lazio,it Serie A,17,2004,1.7,41.2,47.1,87.5,470.6,89.4,32.9,35.3,93.3,5.88,07.06,83.3,0.59,1.18,50.0,0.00,0.06,0.06,-0.06,1.18,1.18,0.00,0.00,2.35,Matchs
2280,Oriol Romeu,es ESP,MT,Southampton,eng Premier League,30,1991,0.8,35.0,37.5,93.3,566.3,98.8,12.5,13.8,90.9,18.8,20.0,93.8,2.50,2.50,100.0,0.00,0.00,0.25,0.00,0.00,0.00,2.50,0.00,5.00,Matchs
2281,Oriol Romeu,es ESP,MT,Girona,es La Liga,30,1991,32.8,42.8,49.6,86.4,735.5,198.5,19.5,21.2,92.2,18.1,20.0,90.5,3.75,5.70,65.8,0.00,0.03,0.04,-0.03,0.61,3.78,0.49,0.09,04.05,Matchs
2282,Cristiano Ronaldo,pt POR,AT,Manchester Utd,eng Premier League,37,1985,5.8,20.9,27.9,74.7,243.4,44.5,14.7,16.7,87.6,4.66,6.72,69.2,0.17,0.86,20.0,0.00,0.07,0.03,-0.07,01.03,1.21,0.17,0.00,02.07,Matchs
2283,Connor Ronan,ie IRL,MT,Wolves,eng Premier League,24,1998,0.0,3,4,75.0,37,18,2,2,100.0,1,2,50.0,0,0,,0,0.0,0.0,0.0,0,3,0,0,0,Matchs
2284,Salomón Rondón,ve VEN,AT,Everton,eng Premier League,32,1989,1.2,18.3,24.2,75.9,169.2,29.2,12.5,17.5,71.4,2.50,2.50,100.0,0.00,0.00,,0.00,0.17,0.08,-0.17,1.67,1.67,0.83,0.00,0.83,Matchs
2285,Valentin Rongier,fr FRA,MT,Marseille,fr Ligue 1,27,1994,33.7,55.0,62.6,88.0,935.8,268.0,24.0,26.6,90.0,24.4,26.4,92.5,4.36,5.85,74.6,0.06,0.08,0.09,-0.02,0.95,6.65,01.01,0.06,07.06,Matchs
2286,Marten de Roon,nl NED,MT,Atalanta,it Serie A,31,1991,32.9,48.2,58.1,83.0,893.4,262.0,19.3,21.7,88.9,22.4,25.6,87.4,5.38,8.30,64.8,0.03,0.05,0.06,-0.02,0.61,4.74,0.73,0.03,5.20,Matchs
2287,Pablo Rosario,nl NED,"MT,DF",Nice,fr Ligue 1,25,1997,19.6,47.4,53.5,88.7,846.7,268.4,19.2,21.0,91.5,22.0,24.0,91.7,4.85,6.33,76.6,0.05,0.09,0.05,-0.04,0.97,4.29,0.77,0.15,5.71,Matchs
2288,Francesco Rossi,it ITA,GB,Atalanta,it Serie A,31,1991,0.0,3,4,75.0,52,28,1,1,100.0,2,2,100.0,0,1,0.0,0,0.0,0.0,0.0,0,0,0,0,0,Matchs
2289,Tom Rothe,de GER,DF,Dortmund,de Bundesliga,17,2004,0.3,50.0,60.0,83.3,940.0,240.0,16.7,20.0,83.3,30.0,30.0,100.0,3.33,10.0,33.3,0.00,0.00,0.00,0.00,0.00,3.33,0.00,0.00,0.00,Matchs
2290,Joe Rothwell,eng ENG,MT,Bournemouth,eng Premier League,27,1995,11.3,34.1,40.4,84.2,577.3,147.1,15.8,17.3,91.3,13.6,14.6,93.3,3.19,06.02,52.9,0.09,0.09,0.13,0.00,0.71,03.01,0.97,0.09,2.92,Matchs
2291,Anthony Rouault,fr FRA,DF,Toulouse,fr Ligue 1,21,2001,36.8,49.0,56.1,87.3,950.7,362.9,16.9,18.4,91.7,25.6,27.3,93.8,5.65,8.94,63.2,0.03,0.02,0.01,0.01,0.16,03.07,0.16,0.00,3.70,Matchs
2292,Jérôme Roussillon,fr FRA,"MT,DF",Wolfsburg,de Bundesliga,29,1993,0.2,15.0,35.0,42.9,200.0,25.0,10.0,15.0,66.7,5.00,15.0,33.3,0.00,0.00,,0.00,0.00,0.00,0.00,5.00,0.00,0.00,0.00,0.00,Matchs
2293,Jérôme Roussillon,fr FRA,DF,Union Berlin,de Bundesliga,29,1993,10.6,29.0,41.3,70.1,446.4,192.2,16.7,20.5,81.6,10.0,13.5,74.1,1.79,05.09,35.2,0.19,0.10,0.14,0.08,0.57,1.79,0.85,0.47,2.64,Matchs
2294,Nicolò Rovella,it ITA,MT,Monza,it Serie A,20,2001,19.3,62.5,70.6,88.5,1168.6,287.3,25.7,27.7,92.9,28.4,30.8,92.4,7.51,10.0,75.1,0.10,0.11,0.08,-0.01,1.14,5.44,0.78,0.10,5.13,Matchs
2295,Nicolò Rovella,it ITA,MT,Juventus,it Serie A,20,2001,0.3,73.3,83.3,88.0,1493.3,273.3,23.3,26.7,87.5,36.7,40.0,91.7,10.0,13.3,75.0,0.00,0.00,0.00,0.00,0.00,10.0,0.00,0.00,3.33,Matchs
2296,Amir Rrahmani,xk KVX,DF,Napoli,it Serie A,28,1994,27.2,72.7,79.7,91.2,1464.0,497.9,23.6,25.3,93.2,38.2,39.7,96.1,9.78,12.8,76.2,0.04,0.04,0.03,0.00,0.44,5.48,0.26,0.00,4.96,Matchs
2297,Ruan,br BRA,DF,Sassuolo,it Serie A,23,1999,19.0,43.9,49.4,88.9,853.4,227.4,13.1,14.5,90.2,26.3,28.2,93.3,3.89,5.11,76.3,0.00,0.00,0.04,0.00,0.05,1.16,0.05,0.00,1.16,Matchs
2298,Rubén,es ESP,"DF,MT",Espanyol,es La Liga,21,2001,9.9,23.4,34.2,68.4,393.4,117.8,12.0,13.9,86.2,8.18,11.8,69.2,2.53,6.16,41.0,0.20,0.15,0.09,0.05,0.71,1.21,0.71,0.30,1.41,Matchs
2299,Antonio Rüdiger,de GER,DF,Real Madrid,es La Liga,29,1993,26.8,55.4,60.3,91.9,991.3,333.0,22.2,23.2,95.8,28.7,30.1,95.2,04.07,5.71,71.2,0.00,0.00,0.03,-0.00,0.07,2.80,0.22,0.00,2.20,Matchs
2300,Sebastian Rudy,de GER,MT,Hoffenheim,de Bundesliga,32,1990,8.8,37.5,50.2,74.7,682.6,260.1,16.6,19.4,85.4,15.0,18.1,83.0,4.89,9.20,53.1,0.11,0.09,0.18,0.02,1.59,3.64,0.80,0.45,4.77,Matchs
Clt,Joueur,Nation,Pos,Équipe,Comp,Âge,Naissance,90,Cmp,Att,Cmp%,TotDist,DistBut,Cmp,Att,Cmp%,Cmp,Att,Cmp%,Cmp,Att,Cmp%,PD,xAG,xA,A-xAG,PC,1/3,PPA,CntSR,PrgP,Matchs
2301,Daniele Rugani,it ITA,DF,Juventus,it Serie A,28,1994,6.3,36.7,41.6,88.2,745.4,213.8,10.2,11.1,91.4,23.8,25.2,94.3,2.70,5.24,51.5,0.00,0.00,0.00,0.00,0.00,1.11,0.00,0.00,0.79,Matchs
2302,Matteo Ruggeri,it ITA,"DF,MT",Atalanta,it Serie A,20,2002,9.2,56.0,68.6,81.6,891.6,363.2,30.2,33.8,89.4,20.3,24.7,82.4,3.91,6.20,63.2,0.11,0.10,0.10,0.01,01.09,4.13,1.30,0.65,5.98,Matchs
2303,Mário Rui,pt POR,DF,Napoli,it Serie A,31,1991,19.4,72.6,89.4,81.2,1313.7,452.1,35.3,38.6,91.6,26.8,32.2,83.2,9.28,14.9,62.1,0.31,0.21,0.23,0.10,2.37,7.53,2.78,0.88,7.89,Matchs
2304,Aitor Ruibal,es ESP,"DF,AT",Betis,es La Liga,26,1996,16.2,39.9,51.9,76.9,630.4,227.7,22.0,24.3,90.4,13.1,17.3,75.4,3.15,6.17,51.0,0.00,0.13,0.07,-0.13,0.93,3.15,0.74,0.31,3.83,Matchs
2305,Kays Ruiz,ma MAR,MT,Auxerre,fr Ligue 1,19,2002,0.7,37.1,41.4,89.7,332.9,57.1,28.6,28.6,100.0,4.29,5.71,75.0,0.00,1.43,0.0,0.00,0.00,0.00,0.00,0.00,0.00,0.00,0.00,0.00,Matchs
2306,Fabián Ruiz Peña,es ESP,MT,Paris S-G,fr Ligue 1,26,1996,21.0,76.9,84.0,91.5,1144.7,289.5,41.7,44.2,94.3,26.5,28.4,93.3,4.57,5.90,77.4,0.10,0.10,0.14,-0.00,0.81,7.19,01.05,0.05,6.10,Matchs
2307,Víctor Ruiz,es ESP,DF,Betis,es La Liga,33,1989,6.2,34.4,40.5,84.9,630.8,280.2,14.2,15.8,89.8,16.8,17.9,93.7,2.90,5.97,48.6,0.00,0.03,0.03,-0.03,0.32,1.77,0.00,0.00,1.61,Matchs
2308,Gerónimo Rulli,ar ARG,GB,Villarreal,es La Liga,30,1992,14.0,33.1,38.8,85.5,848.3,553.7,5.86,5.93,98.8,19.3,19.4,99.6,7.79,13.1,59.2,0.00,0.00,0.00,0.00,0.00,0.43,0.00,0.00,0.00,Matchs
2309,Alessandro Russo,it ITA,GB,Sassuolo,it Serie A,21,2001,1.0,37.0,50.0,74.0,750.0,387.0,16.0,16.0,100.0,15.0,15.0,100.0,6.00,19.0,31.6,0.00,0.00,0.00,0.00,0.00,0.00,0.00,0.00,0.00,Matchs
2310,Franco Russo,ar ARG,DF,Mallorca,es La Liga,27,1994,1.6,28.8,37.5,76.7,598.1,278.1,10.6,14.4,73.9,13.8,15.0,91.7,4.38,8.13,53.8,0.00,0.00,0.00,0.00,0.00,2.50,0.00,0.00,0.63,Matchs
2311,Georginio Rutter,fr FRA,"AT,MT",Leeds United,eng Premier League,20,2002,3.0,10.3,20.7,50.0,146.3,32.3,6.33,11.0,57.6,3.00,5.33,56.3,0.67,0.67,100.0,0.33,0.10,0.07,0.23,1.33,0.33,0.67,0.00,2.00,Matchs
2312,Georginio Rutter,fr FRA,AT,Hoffenheim,de Bundesliga,20,2002,11.2,8.48,14.1,60.1,136.8,40.6,4.38,6.52,67.1,2.77,4.64,59.6,0.89,01.07,83.3,0.18,0.21,0.29,-0.03,0.89,0.98,0.80,0.00,2.23,Matchs
2313,Julian Ryerson,no NOR,DF,Union Berlin,de Bundesliga,24,1997,11.5,30.4,43.6,69.9,495.0,182.3,15.9,18.7,85.1,10.5,14.5,72.5,2.87,07.04,40.7,0.00,0.04,0.15,-0.04,0.70,1.91,01.04,0.70,2.78,Matchs
2314,Julian Ryerson,no NOR,DF,Dortmund,de Bundesliga,24,1997,15.7,52.0,63.6,81.9,797.8,225.9,29.2,31.5,92.7,18.1,22.1,81.8,3.38,6.11,55.2,0.06,0.10,0.11,-0.03,0.83,3.12,0.64,0.57,3.50,Matchs
2315,Frederik Rønnow,dk DEN,GB,Union Berlin,de Bundesliga,29,1992,29.0,30.6,44.1,69.4,924.3,717.6,4.90,4.93,99.3,15.0,15.0,100.0,10.6,24.0,44.3,0.03,0.00,0.01,0.03,0.03,2.38,0.10,0.00,0.00,Matchs
2316,José Sá,pt POR,GB,Wolves,eng Premier League,29,1993,36.0,23.3,33.3,69.8,569.4,376.7,5.64,5.72,98.5,12.5,12.9,97.2,05.06,14.5,34.9,0.00,0.00,0.00,0.00,0.00,0.28,0.00,0.00,0.00,Matchs
2317,Youssouf Sabaly,sn SEN,DF,Betis,es La Liga,29,1993,18.7,41.7,50.7,82.2,572.6,231.9,25.0,27.5,91.1,13.3,16.7,79.6,1.34,2.94,45.5,0.05,0.04,0.03,0.02,0.64,2.73,0.48,0.05,3.85,Matchs
2318,Halid Šabanović,ba BIH,DF,Angers,fr Ligue 1,22,1999,7.1,32.1,39.4,81.4,469.3,154.5,19.0,20.7,91.8,9.72,13.1,74.2,1.69,3.10,54.5,0.00,0.00,0.01,0.00,0.28,2.82,0.56,0.14,2.82,Matchs
2319,Abdelhamid Sabiri,ma MAR,"MT,AT",Sampdoria,it Serie A,25,1996,11.9,26.1,38.7,67.2,464.8,132.3,11.8,15.1,78.3,9.92,13.6,72.8,3.28,7.14,45.9,0.00,0.12,0.10,-0.12,1.18,3.70,01.01,0.00,4.12,Matchs
2320,Marcel Sabitzer,at AUT,MT,Manchester Utd,eng Premier League,28,1994,7.0,33.9,43.9,77.2,511.0,160.4,18.4,22.4,82.2,11.4,13.9,82.5,2.14,3.14,68.2,0.14,0.13,0.19,0.01,1.43,4.29,1.00,0.14,5.43,Matchs
2321,Marcel Sabitzer,at AUT,MT,Bayern Munich,de Bundesliga,28,1994,7.0,57.4,66.6,86.3,886.4,238.3,30.0,32.9,91.3,22.7,25.9,87.8,2.71,4.57,59.4,0.14,0.06,0.09,0.09,0.86,5.14,0.71,0.00,7.43,Matchs
2322,Falaye Sacko,ml MLI,DF,Montpellier,fr Ligue 1,27,1995,28.7,34.8,43.2,80.6,556.3,187.2,17.4,19.7,88.3,13.7,16.3,83.9,2.51,4.95,50.7,0.10,0.04,0.04,0.07,0.66,1.99,0.38,0.14,2.65,Matchs
2323,Umar Sadiq,ng NGA,AT,Almería,es La Liga,25,1997,2.7,8.15,13.3,61.1,94.1,12.6,04.07,5.56,73.3,2.96,04.07,72.7,0.00,0.00,,0.00,0.07,0.04,-0.07,1.11,0.00,0.37,0.00,0.74,Matchs
2324,Umar Sadiq,ng NGA,AT,Real Sociedad,es La Liga,25,1997,0.9,14.4,14.4,100.0,180.0,38.9,10.0,10.0,100.0,1.11,1.11,100.0,1.11,1.11,100.0,0.00,0.00,0.00,0.00,0.00,0.00,0.00,0.00,1.11,Matchs
2325,Alexis Saelemaekers,be BEL,"AT,DF",Milan,it Serie A,23,1999,15.6,30.8,39.8,77.3,444.6,123.8,17.9,21.3,84.0,9.94,12.6,78.7,1.67,2.95,56.5,0.19,0.26,0.23,-0.07,1.41,1.79,1.92,0.64,3.33,Matchs
Clt,Joueur,Nation,Pos,Équipe,Comp,Âge,Naissance,90,Cmp,Att,Cmp%,TotDist,DistBut,Cmp,Att,Cmp%,Cmp,Att,Cmp%,Cmp,Att,Cmp%,PD,xAG,xA,A-xAG,PC,1/3,PPA,CntSR,PrgP,Matchs
2326,Wesley Saïd,fr FRA,"AT,MT",Lens,fr Ligue 1,27,1995,7.2,21.5,27.1,79.5,312.1,78.5,13.2,15.8,83.3,6.11,7.36,83.0,1.53,2.50,61.1,0.00,0.13,0.11,-0.13,0.97,2.36,1.81,0.00,3.61,Matchs
2327,Allan Saint-Maximin,fr FRA,AT,Newcastle Utd,eng Premier League,25,1997,12.4,25.5,36.0,70.7,410.2,129.0,13.6,16.9,80.9,8.55,12.4,68.8,2.34,3.31,70.7,0.40,0.37,0.23,0.03,2.50,1.85,2.82,0.32,5.56,Matchs
2328,Théo Sainte-Luce,fr FRA,DF,Montpellier,fr Ligue 1,23,1998,5.9,37.1,45.1,82.3,546.3,205.9,20.7,23.2,89.1,14.1,16.9,83.0,1.19,2.88,41.2,0.17,0.12,0.15,0.05,01.02,1.86,0.85,0.51,2.37,Matchs
2329,Samuel Sáiz,es ESP,MT,Girona,es La Liga,31,1991,2.7,45.2,60.0,75.3,704.8,176.3,26.3,30.4,86.6,13.3,17.0,78.3,3.70,5.56,66.7,0.00,0.07,0.11,-0.07,1.11,4.81,2.59,0.74,6.30,Matchs
2330,Bukayo Saka,eng ENG,AT,Arsenal,eng Premier League,20,2001,35.3,29.9,40.5,73.7,436.4,104.6,18.5,21.3,86.7,8.27,10.7,77.2,1.98,4.65,42.7,0.31,0.24,0.16,0.07,2.12,1.42,1.87,0.34,03.09,Matchs
2331,Hamza Sakhi,fr FRA,MT,Auxerre,fr Ligue 1,26,1996,18.4,41.1,51.5,79.8,811.7,245.5,15.3,17.2,88.9,16.1,19.1,84.3,7.66,11.7,65.3,0.11,0.17,0.18,-0.07,02.01,5.54,1.20,0.38,7.34,Matchs
2332,Mamadou Sakho,fr FRA,DF,Montpellier,fr Ligue 1,32,1990,8.5,46.7,54.0,86.5,800.0,294.6,18.5,20.6,89.7,24.1,26.7,90.3,2.47,4.59,53.8,0.00,0.02,0.05,-0.02,0.12,1.76,0.00,0.00,3.88,Matchs
2333,Jacopo Sala,it ITA,MT,Spezia,it Serie A,30,1991,1.2,30.0,38.3,78.3,490.8,165.8,16.7,17.5,95.2,10.8,12.5,86.7,2.50,4.17,60.0,0.00,0.00,0.08,0.00,0.83,3.33,1.67,0.00,5.00,Matchs
2334,Ibrahim Salah,ma MAR,"AT,MT",Rennes,fr Ligue 1,20,2001,2.5,37.6,48.4,77.7,568.4,143.6,17.6,21.6,81.5,16.0,18.4,87.0,2.00,4.40,45.5,0.00,0.12,0.16,-0.12,2.40,2.40,3.20,1.20,5.60,Matchs
2335,Mohamed Salah,eg EGY,AT,Liverpool,eng Premier League,30,1992,36.6,24.6,32.4,76.1,342.6,93.0,14.6,17.7,82.3,7.73,9.62,80.4,01.04,1.80,57.6,0.33,0.21,0.20,0.12,1.78,1.45,2.19,0.19,04.07,Matchs
2336,Amine Salama,fr FRA,"AT,MT",Angers,fr Ligue 1,22,2000,13.9,17.0,23.1,73.5,233.5,56.1,9.57,12.3,77.8,5.18,7.12,72.7,0.58,0.79,72.7,0.07,0.11,0.14,-0.04,0.65,1.22,0.86,0.14,1.51,Matchs
2337,Kike Salas,es ESP,DF,Sevilla,es La Liga,20,2002,4.1,43.2,51.5,83.9,794.6,310.5,16.8,18.0,93.2,21.7,24.4,89.0,4.39,7.80,56.3,0.24,0.05,0.00,0.20,0.24,2.20,0.24,0.00,3.41,Matchs
2338,William Saliba,fr FRA,DF,Arsenal,eng Premier League,21,2001,26.8,63.4,69.6,91.0,1107.9,433.5,26.7,28.6,93.2,31.5,33.8,93.3,04.03,5.37,75.0,0.04,0.04,0.01,-0.01,0.22,4.14,0.11,0.00,3.69,Matchs
2339,Dikeni Salifou,tg TOG,MT,Werder Bremen,de Bundesliga,19,2003,0.0,0,0,,0,0,0,0,,0,0,,0,0,,0,0.0,0.0,0.0,0,0,0,0,0,Matchs
2340,Mohammed Salisu,gh GHA,DF,Southampton,eng Premier League,23,1999,21.9,40.1,54.6,73.5,736.0,336.5,16.4,18.8,87.4,19.5,24.6,79.2,3.93,9.54,41.1,0.05,0.03,0.02,0.02,0.32,3.65,0.32,0.18,3.74,Matchs
2341,Roland Sallai,hu HUN,"MT,AT",Freiburg,de Bundesliga,25,1997,11.1,21.4,30.8,69.6,315.9,74.2,12.3,14.4,85.0,6.67,9.55,69.8,1.17,3.15,37.1,0.27,0.12,0.14,0.15,1.53,0.99,01.08,0.63,1.53,Matchs
2342,Yoann Salmier,gf GUF,DF,Troyes,fr Ligue 1,29,1992,29.4,40.7,49.5,82.3,738.8,294.3,16.5,18.5,89.3,18.8,21.1,89.0,4.12,7.99,51.5,0.00,0.01,0.01,-0.01,0.17,3.67,0.03,0.00,4.12,Matchs
2343,Salvi,es ESP,"AT,MT",Rayo Vallecano,es La Liga,31,1991,5.4,22.0,38.5,57.2,310.6,99.8,15.7,19.6,80.2,4.26,8.52,50.0,1.48,4.81,30.8,0.00,0.13,0.15,-0.13,1.30,1.30,1.48,0.93,2.41,Matchs
2344,Lazar Samardzic,rs SRB,MT,Udinese,it Serie A,20,2002,20.5,34.9,43.6,80.1,682.1,209.9,14.4,16.2,88.9,13.0,15.0,86.4,6.34,10.0,63.1,0.20,0.18,0.14,0.01,2.34,4.00,01.02,0.29,4.88,Matchs
2345,Diadie Samassékou,ml MLI,"MT,AT",Hoffenheim,de Bundesliga,26,1996,0.4,42.5,50.0,85.0,630.0,165.0,15.0,17.5,85.7,25.0,27.5,90.9,0.00,2.50,0.0,0.00,0.00,0.00,0.00,0.00,5.00,0.00,0.00,2.50,Matchs
2346,Mama Samba Baldé,gw GNB,AT,Troyes,fr Ligue 1,26,1995,29.6,13.1,19.7,66.6,204.5,43.9,6.76,9.97,67.8,4.63,06.08,76.1,0.98,1.45,67.4,0.10,0.07,0.05,0.03,0.74,1.11,0.51,0.03,1.89,Matchs
2347,Brice Samba,fr FRA,GB,Lens,fr Ligue 1,28,1994,37.0,25.4,33.4,75.8,676.7,451.8,5.62,5.65,99.5,10.7,10.9,98.3,8.65,16.4,52.7,0.00,0.00,0.00,-0.00,0.03,0.46,0.03,0.00,0.03,Matchs
2348,Albert Sambi Lokonga,be BEL,MT,Arsenal,eng Premier League,22,1999,2.2,60.0,63.6,94.3,1055.0,245.0,26.8,28.2,95.2,27.3,28.6,95.2,5.00,5.45,91.7,0.00,0.00,0.05,0.00,0.45,7.73,0.45,0.00,5.45,Matchs
2349,Albert Sambi Lokonga,be BEL,MT,Crystal Palace,eng Premier League,22,1999,6.0,38.0,44.0,86.4,627.2,180.0,18.7,20.7,90.3,16.0,16.8,95.0,2.83,4.67,60.7,0.00,0.00,0.02,0.00,0.17,3.83,0.00,0.00,3.33,Matchs
2350,Junior Sambia,fr FRA,DF,Salernitana,it Serie A,25,1996,7.7,40.5,51.4,78.8,599.6,242.5,23.1,25.7,89.9,13.9,18.3,75.9,1.82,4.29,42.4,0.13,0.21,0.09,-0.08,0.91,1.82,1.30,0.26,3.51,Matchs
Clt,Joueur,Nation,Pos,Équipe,Comp,Âge,Naissance,90,Cmp,Att,Cmp%,TotDist,DistBut,Cmp,Att,Cmp%,Cmp,Att,Cmp%,Cmp,Att,Cmp%,PD,xAG,xA,A-xAG,PC,1/3,PPA,CntSR,PrgP,Matchs
2351,Fede San Emeterio,es ESP,MT,Cádiz,es La Liga,25,1997,20.5,25.3,32.0,78.8,418.4,114.5,13.4,15.5,86.2,9.17,11.3,81.4,2.10,3.51,59.7,0.05,0.04,0.02,0.01,0.29,2.20,0.24,0.05,2.20,Matchs
2352,Antonio Sanabria,py PAR,AT,Torino,it Serie A,26,1996,27.0,19.4,25.6,75.8,263.6,33.7,12.4,15.0,82.7,4.89,6.56,74.6,0.85,1.15,74.2,0.15,0.11,0.05,0.04,0.93,1.26,0.56,0.00,1.70,Matchs
2353,Leandro Sanca,gw GNB,"AT,MT",Spezia,it Serie A,22,2000,0.4,22.5,30.0,75.0,427.5,67.5,10.0,12.5,80.0,5.00,10.0,50.0,5.00,5.00,100.0,0.00,0.00,0.00,0.00,0.00,0.00,0.00,0.00,0.00,Matchs
2354,Oihan Sancet,es ESP,MT,Athletic Club,es La Liga,22,2000,28.1,28.0,34.7,80.8,414.9,106.8,16.1,18.4,87.8,9.64,11.7,82.4,1.46,2.10,69.5,0.07,0.15,0.09,-0.08,1.57,3.13,0.96,0.04,5.66,Matchs
2355,Renato Sanches,pt POR,MT,Paris S-G,fr Ligue 1,24,1997,8.0,76.0,83.6,90.9,1244.8,297.1,37.5,41.4,90.6,30.4,31.8,95.7,6.00,7.25,82.8,0.00,0.21,0.16,-0.21,1.25,8.00,0.38,0.00,7.00,Matchs
2356,Alexis Sánchez,cl CHI,"AT,MT",Marseille,fr Ligue 1,33,1988,29.8,22.9,31.3,72.9,385.9,93.1,10.7,14.3,75.1,7.99,10.3,77.8,2.55,3.52,72.4,0.10,0.19,0.17,-0.09,1.85,2.18,2.15,0.17,4.26,Matchs
2357,Antonio Sánchez,es ESP,"MT,DF",Mallorca,es La Liga,25,1997,12.0,26.0,37.3,69.8,450.2,109.5,12.2,14.7,83.0,10.2,13.0,78.2,2.75,5.75,47.8,0.00,0.07,0.07,-0.07,0.50,2.00,0.50,0.33,2.83,Matchs
2358,Davinson Sánchez,co COL,DF,Tottenham,eng Premier League,26,1996,9.5,54.2,62.5,86.7,966.1,291.6,19.7,21.2,93.0,31.3,33.7,92.8,2.53,5.47,46.2,0.00,0.04,0.02,-0.04,0.21,3.68,0.11,0.11,3.68,Matchs
2359,Iván Sánchez,es ESP,"MT,AT",Valladolid,es La Liga,29,1992,12.8,29.8,37.5,79.4,490.8,148.0,13.7,15.7,87.1,12.5,14.3,87.4,2.27,4.14,54.7,0.08,0.13,0.13,-0.05,1.33,2.81,1.25,0.63,05.08,Matchs
2360,Javi Sánchez,es ESP,DF,Valladolid,es La Liga,25,1997,26.6,36.2,44.2,81.9,730.9,268.1,11.8,13.2,89.7,18.8,20.7,90.6,4.92,8.57,57.5,0.00,0.00,0.02,-0.00,0.11,2.44,0.11,0.00,2.78,Matchs
2361,Manu Sánchez,es ESP,DF,Osasuna,es La Liga,21,2000,23.6,38.8,48.5,80.1,578.4,195.7,22.8,25.6,89.2,12.8,15.9,80.5,2.25,4.49,50.0,0.08,0.09,0.13,-0.00,1.19,03.05,1.48,0.89,4.24,Matchs
2362,Robert Sánchez,es ESP,GB,Brighton,eng Premier League,24,1997,23.0,26.3,34.0,77.3,593.7,384.6,8.83,8.87,99.5,12.3,12.7,96.9,4.83,11.7,41.1,0.00,0.00,0.00,0.00,0.00,0.48,0.00,0.00,0.00,Matchs
2363,Jadon Sancho,eng ENG,"AT,MT",Manchester Utd,eng Premier League,22,2000,18.7,34.6,41.5,83.4,421.9,95.9,24.1,27.0,89.3,7.49,8.77,85.4,0.80,1.39,57.7,0.16,0.27,0.22,-0.11,2.30,1.23,2.14,0.05,04.06,Matchs
2364,Alex Sandro,br BRA,DF,Juventus,it Serie A,31,1991,19.9,54.3,63.1,86.1,982.9,335.0,23.4,25.3,92.5,24.0,26.7,89.7,06.03,8.64,69.8,0.05,0.05,0.06,0.01,0.60,4.67,0.45,0.15,4.87,Matchs
2365,Leroy Sané,de GER,"MT,AT",Bayern Munich,de Bundesliga,26,1996,22.3,39.5,48.3,81.6,547.2,136.0,23.9,27.5,86.8,11.8,13.9,84.9,1.93,03.09,62.3,0.31,0.19,0.23,0.12,1.57,2.60,2.11,0.04,06.01,Matchs
2366,Sidi Sané,de GER,AT,Schalke 04,de Bundesliga,19,2003,0.3,23.3,23.3,100.0,343.3,20.0,3.33,3.33,100.0,10.0,10.0,100.0,3.33,3.33,100.0,0.00,0.00,0.00,0.00,0.00,0.00,0.00,0.00,0.00,Matchs
2367,Morgan Sanson,fr FRA,MT,Aston Villa,eng Premier League,27,1994,0.1,50.0,70.0,71.4,550.0,120.0,30.0,40.0,75.0,10.0,20.0,50.0,0.00,0.00,,0.00,0.00,0.00,0.00,0.00,0.00,0.00,0.00,10.0,Matchs
2368,Morgan Sanson,fr FRA,MT,Strasbourg,fr Ligue 1,27,1994,15.8,30.4,39.2,77.4,520.8,150.4,14.0,16.4,85.3,11.7,14.6,80.4,3.29,5.63,58.4,0.13,0.13,0.14,-0.01,1.14,4.24,01.01,0.19,3.80,Matchs
2369,Nicola Sansone,it ITA,AT,Bologna,it Serie A,30,1991,8.2,19.6,26.6,73.9,272.2,62.1,12.0,14.4,83.1,4.88,6.83,71.4,1.10,2.20,50.0,0.24,0.12,0.10,0.12,0.98,0.73,0.49,0.12,1.59,Matchs
2370,Baptiste Santamaria,fr FRA,MT,Rennes,fr Ligue 1,27,1995,20.1,55.7,65.5,85.0,1078.3,261.3,20.4,23.7,86.1,25.6,29.0,88.3,08.06,10.1,79.4,0.00,0.03,0.06,-0.03,0.60,6.22,0.40,0.00,07.01,Matchs
2371,Riccardo Saponara,it ITA,AT,Fiorentina,it Serie A,30,1991,13.4,24.6,34.1,72.0,356.2,94.3,15.6,18.6,83.9,6.34,9.10,69.7,1.42,2.91,48.7,0.22,0.25,0.16,-0.03,1.49,1.94,02.01,0.52,4.18,Matchs
2372,Pablo Sarabia,es ESP,"AT,MT",Wolves,eng Premier League,30,1992,8.5,29.6,42.9,69.0,443.8,148.2,17.8,20.7,85.8,7.76,10.8,71.7,2.59,6.94,37.3,0.00,0.09,0.09,-0.09,1.29,03.06,1.76,0.47,4.82,Matchs
2373,Pablo Sarabia,es ESP,"AT,MT",Paris S-G,fr Ligue 1,30,1992,4.1,35.9,45.6,78.6,516.6,148.5,19.8,22.9,86.2,12.0,13.7,87.5,1.46,3.90,37.5,0.00,0.32,0.27,-0.32,2.44,3.41,1.71,0.00,4.39,Matchs
2374,Jeremy Sarmiento,ec ECU,MT,Brighton,eng Premier League,20,2002,2.0,26.5,33.5,79.1,347.0,95.5,16.0,19.0,84.2,8.00,9.50,84.2,0.50,1.00,50.0,0.50,0.10,0.15,0.40,1.00,2.00,2.50,0.50,5.50,Matchs
2375,Amin Sarr,se SWE,AT,Lyon,fr Ligue 1,21,2001,6.0,17.3,23.7,73.2,229.3,35.0,10.3,13.8,74.7,4.17,6.00,69.4,1.17,1.17,100.0,0.17,0.07,0.05,0.10,0.67,1.00,0.67,0.00,1.50,Matchs
Clt,Joueur,Nation,Pos,Équipe,Comp,Âge,Naissance,90,Cmp,Att,Cmp%,TotDist,DistBut,Cmp,Att,Cmp%,Cmp,Att,Cmp%,Cmp,Att,Cmp%,PD,xAG,xA,A-xAG,PC,1/3,PPA,CntSR,PrgP,Matchs
2376,Bouna Sarr,sn SEN,AT,Bayern Munich,de Bundesliga,30,1992,0.0,1,2,50.0,17,3,0,0,,1,2,50.0,0,0,,0,0.0,0.0,0.0,0,0,0,0,0,Matchs
2377,Malang Sarr,fr FRA,DF,Monaco,fr Ligue 1,23,1999,8.0,57.5,64.6,89.0,1230.6,398.4,15.0,16.4,91.6,32.3,34.3,94.2,9.25,11.9,77.9,0.00,0.00,0.03,0.00,0.13,6.88,0.13,0.00,7.38,Matchs
2378,Mamadou Sarr,fr FRA,MT,Lyon,fr Ligue 1,16,2005,0.1,80.0,80.0,100.0,1700.0,770.0,10.0,10.0,100.0,60.0,60.0,100.0,10.0,10.0,100.0,0.00,0.00,0.00,0.00,0.00,0.00,0.00,0.00,0.00,Matchs
2379,Mouhamadou Sarr,sn SEN,GB,Cremonese,it Serie A,25,1997,2.0,31.0,42.0,73.8,992.5,720.0,3.00,3.00,100.0,16.5,16.5,100.0,11.5,22.0,52.3,0.00,0.00,0.00,0.00,0.00,1.00,0.00,0.00,0.00,Matchs
2380,Martin Satriano,uy URU,AT,Empoli,it Serie A,21,2001,18.9,13.2,20.3,64.8,174.4,31.4,7.57,10.4,72.6,3.81,5.66,67.3,0.58,1.22,47.8,0.05,0.06,0.07,-0.01,0.74,0.85,0.48,0.05,1.16,Matchs
2381,Téji Savanier,fr FRA,MT,Montpellier,fr Ligue 1,30,1991,28.3,41.9,59.9,69.9,800.0,304.7,18.7,22.3,84.0,12.8,17.2,74.5,08.02,16.1,49.8,0.14,0.20,0.20,-0.06,1.98,06.08,1.70,0.39,7.24,Matchs
2382,Esteban Saveljich,me MNE,AT,Rayo Vallecano,es La Liga,31,1991,0.0,0,0,,0,0,0,0,,0,0,,0,0,,0,0.0,0.0,0.0,0,0,0,0,0,Matchs
2383,Stefan Savić,me MNE,DF,Atlético Madrid,es La Liga,31,1991,21.6,46.3,52.8,87.7,867.0,340.7,17.6,18.7,94.1,23.1,25.6,90.1,4.95,6.94,71.3,0.00,0.00,0.01,0.00,0.05,2.82,0.05,0.00,3.43,Matchs
2384,Joe Scally,us USA,DF,M'Gladbach,de Bundesliga,19,2002,24.5,37.6,47.9,78.5,591.8,182.1,19.7,22.3,88.1,14.9,17.7,84.3,2.45,4.94,49.6,0.00,0.07,0.10,-0.07,0.53,1.63,0.82,0.53,2.33,Matchs
2385,Giorgio Scalvini,it ITA,DF,Atalanta,it Serie A,18,2003,25.9,46.5,57.4,81.1,767.5,318.5,23.7,26.5,89.2,18.4,21.0,87.3,3.47,7.10,48.9,0.08,0.02,0.03,0.06,0.35,5.14,0.54,0.08,6.10,Matchs
2386,Gianluca Scamacca,it ITA,AT,West Ham,eng Premier League,23,1999,10.3,11.5,17.2,66.7,195.5,36.7,6.12,8.25,74.1,03.01,05.05,59.6,1.65,02.04,81.0,0.00,0.07,0.05,-0.07,1.26,1.36,0.49,0.10,1.65,Matchs
2387,Gustavo Scarpa,br BRA,"MT,AT",Nott'ham Forest,eng Premier League,28,1994,2.0,25.5,39.0,65.4,556.0,227.0,8.00,9.50,84.2,13.0,15.5,83.9,4.00,9.00,44.4,0.00,0.00,0.00,0.00,0.50,5.00,0.00,0.00,6.00,Matchs
2388,Kevin Schade,de GER,AT,Brentford,eng Premier League,20,2001,8.1,12.7,21.4,59.5,158.3,35.2,7.65,11.0,69.7,3.58,6.30,56.9,0.12,0.74,16.7,0.12,0.14,0.10,-0.01,0.99,0.99,0.62,0.25,1.85,Matchs
2389,Kevin Schade,de GER,"AT,MT",Freiburg,de Bundesliga,20,2001,2.0,13.0,27.5,47.3,163.0,42.0,7.00,12.5,56.0,4.00,6.50,61.5,0.00,0.50,0.0,0.00,0.00,0.25,0.00,0.00,2.50,0.50,0.00,1.50,Matchs
2390,András Schäfer,hu HUN,MT,Union Berlin,de Bundesliga,23,1999,9.6,21.4,28.5,74.8,327.2,72.4,11.3,13.6,82.4,8.44,10.1,83.5,0.94,2.40,39.1,0.00,0.02,0.06,-0.02,0.31,2.29,0.42,0.10,2.71,Matchs
2391,Fabian Schär,ch SUI,DF,Newcastle Utd,eng Premier League,30,1991,35.6,40.0,51.9,77.1,822.7,330.8,13.5,15.7,85.7,20.6,23.9,86.3,5.59,10.8,51.6,0.08,0.09,0.06,-0.01,0.53,3.99,0.65,0.11,3.90,Matchs
2392,Derry Scherhant,de GER,"AT,MT",Hertha BSC,de Bundesliga,19,2002,3.2,10.3,15.6,66.0,125.0,20.0,5.00,6.56,76.2,3.75,6.56,57.1,0.00,0.00,,0.00,0.03,0.00,-0.03,0.31,0.00,0.00,0.00,0.31,Matchs
2393,Patrik Schick,cz CZE,AT,Leverkusen,de Bundesliga,26,1996,10.5,16.8,24.1,69.6,206.9,41.4,10.5,14.6,71.9,4.57,6.67,68.6,0.29,0.48,60.0,0.10,0.06,0.04,0.04,0.95,0.29,0.67,0.10,01.05,Matchs
2394,Kingsley Schindler,gh GHA,"DF,MT",Köln,de Bundesliga,29,1993,12.1,29.1,45.1,64.5,533.5,202.1,11.0,14.0,78.7,14.3,20.1,71.2,03.06,7.11,43.0,0.08,0.06,0.06,0.02,0.83,2.48,0.99,0.25,4.13,Matchs
2395,Xaver Schlager,at AUT,MT,RB Leipzig,de Bundesliga,24,1997,16.7,46.2,55.6,83.1,806.3,243.5,22.2,24.6,90.0,19.4,22.1,87.8,4.43,6.35,69.8,0.06,0.04,0.10,0.02,0.48,5.21,0.60,0.06,4.61,Matchs
2396,Keven Schlotterbeck,de GER,DF,Freiburg,de Bundesliga,25,1997,0.2,30.0,30.0,100.0,435.0,85.0,15.0,15.0,100.0,15.0,15.0,100.0,0.00,0.00,,0.00,0.00,0.00,0.00,0.00,0.00,0.00,0.00,0.00,Matchs
2397,Keven Schlotterbeck,de GER,DF,Bochum,de Bundesliga,25,1997,8.2,25.4,38.4,66.0,537.1,189.3,8.29,11.7,70.8,13.5,17.7,76.6,3.54,8.17,43.3,0.00,0.06,0.02,-0.06,0.49,1.83,0.12,0.00,2.56,Matchs
2398,Nico Schlotterbeck,de GER,DF,Dortmund,de Bundesliga,22,1999,25.0,65.9,76.4,86.3,1325.4,454.4,22.3,24.4,91.6,34.4,36.8,93.5,8.60,13.4,64.2,0.20,0.07,0.05,0.13,0.56,5.48,0.44,0.00,6.36,Matchs
2399,Jeffrey Schlupp,gh GHA,"MT,AT",Crystal Palace,eng Premier League,29,1992,28.1,23.7,32.0,73.9,375.9,99.6,12.0,14.9,80.9,09.04,11.1,81.4,1.85,3.70,50.0,0.04,0.05,0.04,-0.01,0.64,2.10,0.39,0.00,3.49,Matchs
2400,Kasper Schmeichel,dk DEN,GB,Nice,fr Ligue 1,35,1986,36.0,25.5,33.0,77.3,709.8,519.4,4.50,4.50,100.0,11.6,11.9,97.4,9.22,16.4,56.4,0.00,0.01,0.00,-0.01,0.06,0.22,0.00,0.00,0.00,Matchs
Clt,Joueur,Nation,Pos,Équipe,Comp,Âge,Naissance,90,Cmp,Att,Cmp%,TotDist,DistBut,Cmp,Att,Cmp%,Cmp,Att,Cmp%,Cmp,Att,Cmp%,PD,xAG,xA,A-xAG,PC,1/3,PPA,CntSR,PrgP,Matchs
2401,Jonathan Schmid,fr FRA,DF,Freiburg,de Bundesliga,32,1990,0.5,46.0,56.0,82.1,730.0,242.0,28.0,32.0,87.5,12.0,16.0,75.0,6.00,8.00,75.0,0.00,0.20,0.20,-0.20,2.00,2.00,4.00,4.00,2.00,Matchs
2402,Romano Schmid,at AUT,"MT,AT",Werder Bremen,de Bundesliga,22,2000,16.9,33.2,44.4,74.8,499.6,168.8,18.3,22.4,81.5,10.7,13.3,80.0,2.60,4.20,62.0,0.18,0.12,0.13,0.06,1.30,3.49,1.12,0.12,4.44,Matchs
2403,Kenneth Schmidt,de GER,DF,Freiburg,de Bundesliga,20,2002,2.8,59.3,66.8,88.8,1142.5,344.6,19.6,21.8,90.2,33.2,35.0,94.9,5.71,8.93,64.0,0.00,0.00,0.00,0.00,0.00,4.64,0.36,0.00,4.64,Matchs
2404,Niklas Schmidt,de GER,MT,Werder Bremen,de Bundesliga,24,1998,12.1,36.9,49.7,74.2,736.2,225.8,15.5,18.3,84.2,14.0,17.7,79.4,6.78,10.3,65.6,0.00,0.11,0.14,-0.11,1.32,5.29,02.07,0.41,5.29,Matchs
2405,Benno Schmitz,de GER,DF,Köln,de Bundesliga,27,1994,26.9,34.9,55.7,62.6,622.1,333.4,14.8,18.1,81.6,16.2,23.9,67.5,3.38,10.1,33.5,0.00,0.09,0.12,-0.09,0.71,04.01,1.56,0.71,5.54,Matchs
2406,Jerdy Schouten,nl NED,MT,Bologna,it Serie A,25,1997,27.9,46.6,53.7,86.7,746.8,209.0,24.7,27.3,90.2,17.7,19.8,89.3,3.12,4.12,75.7,0.07,0.05,0.04,0.02,0.68,4.23,0.32,0.00,4.98,Matchs
2407,Perr Schuurs,nl NED,DF,Torino,it Serie A,22,1999,25.8,41.0,46.6,88.1,806.9,242.6,12.4,13.9,89.4,24.1,26.0,92.7,4.19,5.50,76.1,0.08,0.03,0.03,0.04,0.27,1.36,0.12,0.00,2.17,Matchs
2408,Marvin Schwäbe,de GER,GB,Köln,de Bundesliga,27,1995,34.0,32.1,40.9,78.5,836.6,548.7,4.94,5.00,98.8,18.7,19.0,98.5,8.44,16.7,50.4,0.00,0.00,0.00,0.00,0.00,0.65,0.03,0.00,0.03,Matchs
2409,Alexander Schwolow,de GER,GB,Schalke 04,de Bundesliga,30,1992,22.6,25.1,37.7,66.5,834.5,668.7,3.85,3.89,98.9,10.2,10.4,98.7,10.9,23.2,46.9,0.00,0.00,0.01,-0.00,0.04,1.42,0.09,0.00,0.00,Matchs
2410,Manuel Sebastián,es ESP,MT,Sevilla,es La Liga,18,2004,1.7,30.6,38.8,78.8,560.0,148.8,9.41,11.2,84.2,16.5,17.1,96.6,2.94,6.47,45.5,0.00,0.06,0.00,-0.06,1.18,2.94,0.00,0.00,2.35,Matchs
2411,Demba Seck,sn SEN,"MT,AT",Torino,it Serie A,21,2001,5.8,21.9,28.6,76.5,301.0,61.0,13.6,15.2,89.8,07.07,8.97,78.8,0.52,01.03,50.0,0.00,0.10,0.05,-0.10,01.03,1.38,0.86,0.00,2.93,Matchs
2412,Haris Seferović,ch SUI,AT,Celta Vigo,es La Liga,30,1992,9.9,13.5,22.0,61.5,186.6,37.1,7.47,10.8,69.2,04.04,6.67,60.6,0.71,1.92,36.8,0.10,0.05,0.06,0.05,0.61,1.11,0.40,0.00,1.72,Matchs
2413,Telasco Segovia,ve VEN,MT,Sampdoria,it Serie A,19,2003,0.0,3,3,100.0,38,0,2,2,100.0,1,1,100.0,0,0,,0,0.0,0.0,0.0,0,0,0,0,0,Matchs
2414,Jacopo Segre,it ITA,DF,Torino,it Serie A,25,1997,0.2,40.0,45.0,88.9,515.0,110.0,30.0,35.0,85.7,10.0,10.0,100.0,0.00,0.00,,0.00,0.00,0.00,0.00,0.00,0.00,0.00,0.00,0.00,Matchs
2415,Paul Seguin,de GER,MT,Union Berlin,de Bundesliga,27,1995,7.7,29.0,42.3,68.4,496.2,150.3,12.3,15.7,78.5,12.7,16.9,75.4,2.60,6.23,41.7,0.39,0.26,0.31,0.13,1.30,3.38,02.08,01.04,6.36,Matchs
2416,Alidu Seidu,gh GHA,DF,Clermont Foot,fr Ligue 1,22,2000,27.3,42.2,50.4,83.8,754.9,229.6,17.2,18.9,90.9,19.7,22.4,87.7,04.03,6.74,59.8,0.00,0.02,0.02,-0.02,0.26,1.90,0.40,0.22,2.38,Matchs
2417,Davie Selke,de GER,AT,Hertha BSC,de Bundesliga,27,1995,3.1,13.2,21.9,60.3,147.1,51.6,08.06,10.6,75.8,2.90,5.16,56.3,0.00,0.32,0.0,0.32,0.29,0.19,0.03,1.29,1.61,0.00,0.00,1.61,Matchs
2418,Davie Selke,de GER,AT,Köln,de Bundesliga,27,1995,9.7,12.2,21.9,55.7,148.6,26.5,7.73,12.0,64.7,3.61,6.39,56.5,0.00,0.31,0.0,0.00,0.09,0.11,-0.09,0.93,0.41,0.41,0.00,1.65,Matchs
2419,Matz Sels,be BEL,GB,Strasbourg,fr Ligue 1,30,1992,38.0,16.7,25.6,65.4,487.1,379.4,3.24,3.29,98.4,07.08,7.24,97.8,6.29,14.9,42.2,0.00,0.01,0.00,-0.01,0.03,0.45,0.00,0.00,0.00,Matchs
2420,Nélson Semedo,pt POR,DF,Wolves,eng Premier League,28,1993,29.2,41.5,51.3,80.8,621.5,209.7,24.2,26.4,91.5,14.6,18.0,81.3,02.02,4.32,46.8,0.03,0.02,0.03,0.01,0.38,3.53,0.51,0.17,3.77,Matchs
2421,Vivaldo Semedo,pt POR,"AT,MT",Udinese,it Serie A,17,2005,0.4,15.0,17.5,85.7,165.0,55.0,12.5,15.0,83.3,2.50,2.50,100.0,0.00,0.00,,0.00,0.00,0.00,0.00,0.00,2.50,2.50,0.00,2.50,Matchs
2422,Antoine Semenyo,gh GHA,"AT,MT",Bournemouth,eng Premier League,22,2000,2.9,13.1,19.7,66.7,187.2,52.8,8.28,11.4,72.7,3.79,4.48,84.6,0.69,1.38,50.0,0.00,0.03,0.00,-0.03,0.69,1.72,0.00,0.00,1.72,Matchs
2423,Marvin Senaya,tg TOG,DF,Strasbourg,fr Ligue 1,21,2001,0.1,40.0,50.0,80.0,770.0,580.0,20.0,20.0,100.0,10.0,10.0,100.0,10.0,20.0,50.0,0.00,0.00,0.00,0.00,0.00,0.00,10.0,0.00,10.0,Matchs
2424,Marcos Senesi,ar ARG,DF,Bournemouth,eng Premier League,25,1997,27.7,38.4,47.7,80.5,771.8,337.8,13.0,14.4,90.2,19.9,22.6,88.2,4.95,8.84,55.9,0.00,0.02,0.01,-0.02,0.18,3.10,0.14,0.04,2.38,Matchs
2425,Stefano Sensi,it ITA,MT,Monza,it Serie A,26,1995,18.0,60.5,71.2,85.0,1118.0,356.2,25.8,28.7,89.9,25.8,28.4,91.0,7.44,10.8,69.1,0.06,0.12,0.14,-0.06,1.33,7.11,1.17,0.17,7.94,Matchs
Clt,Joueur,Nation,Pos,Équipe,Comp,Âge,Naissance,90,Cmp,Att,Cmp%,TotDist,DistBut,Cmp,Att,Cmp%,Cmp,Att,Cmp%,Cmp,Att,Cmp%,PD,xAG,xA,A-xAG,PC,1/3,PPA,CntSR,PrgP,Matchs
2426,Jaime Seoane,es ESP,"MT,AT",Getafe,es La Liga,25,1997,3.6,24.2,31.1,77.7,413.3,126.7,11.1,13.9,80.0,7.78,9.44,82.4,03.06,4.72,64.7,0.00,0.08,0.08,-0.08,1.67,1.94,0.28,0.00,1.94,Matchs
2427,Luigi Sepe,it ITA,GB,Salernitana,it Serie A,31,1991,17.0,25.9,38.1,68.1,705.0,530.4,4.65,4.65,100.0,12.7,12.8,99.5,8.41,20.3,41.4,0.00,0.00,0.00,0.00,0.00,0.47,0.00,0.00,0.00,Matchs
2428,Suat Serdar,de GER,MT,Hertha BSC,de Bundesliga,25,1997,22.5,19.2,27.3,70.1,338.9,95.7,8.71,11.1,78.7,7.78,10.3,75.8,2.22,3.42,64.9,0.09,0.07,0.08,0.02,0.80,2.22,0.62,0.00,3.47,Matchs
2429,Leonardo Sernicola,it ITA,DF,Cremonese,it Serie A,25,1997,25.7,23.9,36.8,65.1,413.9,176.9,11.4,13.7,83.2,9.30,15.1,61.4,2.49,5.56,44.8,0.08,0.09,0.09,-0.01,0.97,1.95,1.13,0.82,2.41,Matchs
2430,Ryan Sessegnon,eng ENG,DF,Tottenham,eng Premier League,22,2000,9.0,31.1,43.3,71.8,454.8,119.4,19.8,23.7,83.6,9.00,13.3,67.5,1.78,3.22,55.2,0.00,0.12,0.12,-0.12,0.67,1.78,1.22,0.33,2.44,Matchs
2431,Stephan El Shaarawy,it ITA,"DF,MT",Roma,it Serie A,29,1992,16.9,39.3,48.8,80.6,629.2,176.0,21.1,23.8,88.6,14.5,17.6,82.2,2.78,4.56,61.0,0.12,0.08,0.09,0.04,1.60,2.13,1.24,0.18,3.91,Matchs
2432,Eniss Shabani,al ALB,MT,Mainz 05,de Bundesliga,19,2003,0.1,50.0,60.0,83.3,720.0,220.0,30.0,30.0,100.0,20.0,30.0,66.7,0.00,0.00,,0.00,0.00,0.00,0.00,0.00,20.0,0.00,0.00,0.00,Matchs
2433,Luke Shaw,eng ENG,DF,Manchester Utd,eng Premier League,27,1995,28.4,61.9,73.9,83.7,973.5,372.1,33.9,36.9,91.9,22.6,25.8,87.6,3.94,7.22,54.6,0.07,0.13,0.10,-0.06,1.20,5.95,0.99,0.49,4.93,Matchs
2434,Jonjo Shelvey,eng ENG,MT,Newcastle Utd,eng Premier League,30,1992,0.4,47.5,65.0,73.1,1105.0,440.0,12.5,15.0,83.3,20.0,25.0,80.0,10.0,20.0,50.0,0.00,0.00,0.00,0.00,0.00,10.0,0.00,0.00,7.50,Matchs
2435,Jonjo Shelvey,eng ENG,MT,Nott'ham Forest,eng Premier League,30,1992,6.0,36.8,50.3,73.2,793.5,310.2,12.2,14.3,84.9,16.3,18.7,87.5,7.83,16.3,48.0,0.00,0.05,0.13,-0.05,1.00,6.17,1.33,0.33,5.67,Matchs
2436,Eldor Shomurodov,uz UZB,AT,Spezia,it Serie A,27,1995,9.0,15.9,22.8,69.8,211.4,40.8,9.56,12.6,76.1,4.89,6.22,78.6,0.56,1.22,45.5,0.11,0.16,0.09,-0.04,1.22,0.78,0.56,0.11,1.67,Matchs
2437,Eldor Shomurodov,uz UZB,AT,Roma,it Serie A,27,1995,1.3,19.2,25.4,75.8,285.4,53.1,11.5,14.6,78.9,6.92,8.46,81.8,0.77,0.77,100.0,0.00,0.00,0.00,0.00,0.00,0.00,0.77,0.00,03.08,Matchs
2438,Kaj Sierhuis,nl NED,"AT,MT",Reims,fr Ligue 1,24,1998,2.4,13.8,26.7,51.6,261.3,44.6,6.25,10.0,62.5,5.00,10.0,50.0,02.08,3.33,62.5,0.00,0.00,0.04,0.00,0.00,0.83,0.00,0.00,1.25,Matchs
2439,Vincent Sierro,ch SUI,MT,Toulouse,fr Ligue 1,26,1995,7.4,43.4,55.1,78.7,830.3,244.9,16.2,19.6,82.8,20.4,23.5,86.8,5.54,09.05,61.2,0.00,0.11,0.08,-0.11,1.49,4.86,0.81,0.00,6.62,Matchs
2440,Kiliann Sildillia,fr FRA,"DF,MT",Freiburg,de Bundesliga,20,2002,22.0,35.8,50.1,71.4,673.4,236.1,14.4,18.3,78.6,15.1,20.4,74.3,5.36,8.32,64.5,0.09,0.03,0.06,0.06,0.45,3.14,0.41,0.18,3.68,Matchs
2441,André Silva,pt POR,AT,RB Leipzig,de Bundesliga,26,1995,19.3,18.1,24.7,73.2,221.6,44.7,12.5,15.1,82.8,3.89,5.39,72.1,0.47,0.73,64.3,0.16,0.15,0.15,0.01,1.35,0.83,0.67,0.00,1.92,Matchs
2442,Bernardo Silva,pt POR,"MT,AT",Manchester City,eng Premier League,27,1994,24.5,53.8,63.0,85.4,850.6,147.1,29.3,31.5,93.0,18.9,21.6,87.3,3.76,06.08,61.7,0.20,0.13,0.16,0.07,1.27,3.10,1.43,0.45,5.31,Matchs
2443,Caio Henrique Oliveira Silva,br BRA,DF,Monaco,fr Ligue 1,25,1997,32.2,45.9,61.0,75.3,756.0,305.6,22.1,24.6,90.0,18.9,23.7,79.7,3.54,9.69,36.5,0.28,0.16,0.17,0.12,1.58,4.25,01.06,0.28,6.12,Matchs
2444,David Silva,es ESP,MT,Real Sociedad,es La Liga,36,1986,21.5,45.7,54.2,84.4,698.7,152.3,23.9,26.7,89.7,16.4,19.1,85.6,3.16,4.33,73.1,0.23,0.17,0.14,0.07,1.63,4.33,1.72,0.09,7.53,Matchs
2445,Rui Silva,pt POR,GB,Betis,es La Liga,28,1994,26.0,22.8,34.1,66.9,698.8,528.1,3.77,3.81,99.0,9.54,9.85,96.9,9.42,20.2,46.7,0.00,0.00,0.01,0.00,0.00,0.54,0.04,0.00,0.00,Matchs
2446,Thiago Silva,br BRA,DF,Chelsea,eng Premier League,37,1984,26.1,71.1,78.2,90.9,1340.9,534.1,26.0,27.5,94.4,38.0,39.7,95.9,6.59,9.89,66.7,0.08,0.02,0.04,0.06,0.19,4.41,0.50,0.00,3.98,Matchs
2447,Marco Silvestri,it ITA,GB,Udinese,it Serie A,31,1991,38.0,24.1,31.0,77.8,621.1,449.8,5.00,5.00,100.0,12.8,12.9,98.8,6.21,12.8,48.4,0.00,0.00,0.00,0.00,0.00,0.24,0.00,0.00,0.00,Matchs
2448,Abdallah Sima,sn SEN,AT,Angers,fr Ligue 1,21,2001,20.4,13.4,18.3,73.3,176.6,33.7,6.96,8.92,78.0,4.12,5.69,72.4,0.39,0.83,47.1,0.05,0.11,0.06,-0.06,0.78,0.88,0.29,0.05,01.03,Matchs
2449,Mohamed Simakan,fr FRA,DF,RB Leipzig,de Bundesliga,22,2000,16.2,55.6,68.4,81.3,918.8,340.9,27.8,31.4,88.8,22.7,26.6,85.4,04.01,7.41,54.2,0.06,0.07,0.09,-0.01,0.68,5.00,0.99,0.12,5.43,Matchs
2450,Giovanni Simeone,ar ARG,AT,Napoli,it Serie A,27,1995,4.5,16.9,23.6,71.7,225.8,39.6,9.78,12.2,80.0,4.00,6.67,60.0,1.11,1.33,83.3,0.22,0.27,0.07,-0.04,1.11,0.67,0.44,0.00,2.00,Matchs
Clt,Joueur,Nation,Pos,Équipe,Comp,Âge,Naissance,90,Cmp,Att,Cmp%,TotDist,DistBut,Cmp,Att,Cmp%,Cmp,Att,Cmp%,Cmp,Att,Cmp%,PD,xAG,xA,A-xAG,PC,1/3,PPA,CntSR,PrgP,Matchs
2451,Ellis Simms,eng ENG,AT,Everton,eng Premier League,21,2001,2.5,15.2,24.8,61.3,202.0,42.0,8.00,12.4,64.5,3.60,6.80,52.9,1.20,1.20,100.0,0.00,0.04,0.16,-0.04,0.80,1.20,0.40,0.00,1.60,Matchs
2452,Simo,es ESP,DF,Espanyol,es La Liga,17,2005,1.6,36.3,38.1,95.1,623.8,240.0,19.4,20.0,96.9,13.1,13.1,100.0,3.75,4.38,85.7,0.00,0.00,0.00,0.00,0.00,6.88,0.00,0.00,6.88,Matchs
2453,Moses Simon,ng NGA,"AT,MT",Nantes,fr Ligue 1,27,1995,26.1,17.7,27.8,63.9,292.3,80.0,8.89,11.3,78.4,6.63,10.1,65.5,1.57,3.98,39.4,0.15,0.13,0.15,0.02,1.65,1.30,1.19,0.69,2.38,Matchs
2454,Unai Simón,es ESP,GB,Athletic Club,es La Liga,25,1997,30.5,22.6,31.2,72.6,645.8,477.8,03.08,3.11,98.9,12.6,12.9,97.5,6.95,15.0,46.2,0.00,0.00,0.00,0.00,0.00,0.59,0.00,0.00,0.07,Matchs
2455,Lassine Sinayoko,ml MLI,"MT,AT",Auxerre,fr Ligue 1,22,1999,17.4,23.7,31.9,74.4,342.0,101.3,13.5,17.1,78.9,7.13,9.48,75.2,1.49,2.47,60.5,0.11,0.16,0.10,-0.04,1.32,2.18,1.61,0.34,4.25,Matchs
2456,Wilfried Singo,ci CIV,DF,Torino,it Serie A,21,2000,22.7,37.6,50.1,75.0,645.8,190.4,17.3,20.2,85.8,16.6,21.7,76.4,2.95,5.77,51.1,0.04,0.08,0.07,-0.04,01.01,02.03,01.06,0.44,2.95,Matchs
2457,Luis Sinisterra,co COL,AT,Leeds United,eng Premier League,23,1999,9.6,28.4,35.3,80.5,386.5,103.4,16.8,19.6,85.6,7.50,8.75,85.7,1.46,1.98,73.7,0.00,0.04,0.09,-0.04,0.94,1.88,1.77,0.21,04.06,Matchs
2458,Daley Sinkgraven,nl NED,"DF,MT",Leverkusen,de Bundesliga,27,1995,3.8,41.8,55.0,76.1,661.3,198.2,24.7,27.9,88.7,12.6,16.6,76.2,3.95,8.68,45.5,0.53,0.34,0.08,0.18,1.58,3.16,0.26,0.26,2.11,Matchs
2459,Tobias Sippel,de GER,GB,M'Gladbach,de Bundesliga,34,1988,5.7,30.5,45.6,66.9,749.8,560.2,7.72,7.89,97.8,14.9,15.1,98.8,7.54,22.3,33.9,0.00,0.00,0.00,0.00,0.00,0.53,0.00,0.00,0.00,Matchs
2460,Hugo Siquet,be BEL,DF,Freiburg,de Bundesliga,20,2002,0.2,25.0,35.0,71.4,295.0,220.0,20.0,20.0,100.0,5.00,15.0,33.3,0.00,0.00,,0.00,0.00,0.00,0.00,0.00,0.00,0.00,0.00,0.00,Matchs
2461,Salvatore Sirigu,it ITA,GB,Fiorentina,it Serie A,35,1987,1.0,28.0,38.0,73.7,930.0,572.0,2.00,2.00,100.0,12.0,12.0,100.0,14.0,24.0,58.3,0.00,0.00,0.00,0.00,0.00,0.00,0.00,0.00,0.00,Matchs
2462,Ibrahima Sissoko,ml MLI,MT,Strasbourg,fr Ligue 1,24,1997,14.6,33.5,43.6,76.9,560.1,158.9,15.9,19.7,80.8,13.6,16.8,81.2,2.81,04.04,69.5,0.14,0.06,0.08,0.08,0.75,3.42,01.03,0.21,4.59,Matchs
2463,Moussa Sissoko,fr FRA,MT,Nantes,fr Ligue 1,32,1989,21.3,29.5,36.9,79.8,481.3,151.6,13.7,16.7,82.0,12.1,14.0,86.0,2.11,3.33,63.4,0.00,0.04,0.05,-0.04,0.80,3.76,0.47,0.28,4.93,Matchs
2464,Tim Skarke,de GER,"DF,MT",Union Berlin,de Bundesliga,25,1996,0.6,36.7,60.0,61.1,563.3,118.3,18.3,26.7,68.8,18.3,23.3,78.6,0.00,8.33,0.0,0.00,0.00,0.00,0.00,1.67,1.67,1.67,1.67,0.00,Matchs
2465,Tim Skarke,de GER,"AT,MT",Schalke 04,de Bundesliga,25,1996,4.9,19.2,29.6,64.8,306.3,99.2,8.37,11.2,74.5,7.55,11.2,67.3,1.84,3.27,56.3,0.20,0.18,0.18,0.02,02.04,1.22,0.61,0.61,2.65,Matchs
2466,Ellyes Skhiri,tn TUN,MT,Köln,de Bundesliga,27,1995,31.7,47.5,54.2,87.7,837.5,259.4,19.4,21.7,89.4,23.3,25.4,91.9,3.97,4.79,82.9,0.03,0.06,0.06,-0.03,0.85,3.53,0.41,0.06,4.89,Matchs
2467,Oliver Skipp,eng ENG,MT,Tottenham,eng Premier League,21,2000,16.6,39.8,46.5,85.5,643.0,159.0,19.6,21.3,92.1,16.3,18.1,90.0,2.53,3.80,66.7,0.00,0.04,0.02,-0.04,0.60,3.13,0.42,0.06,3.37,Matchs
2468,Leo Skiri Østigård,no NOR,DF,Napoli,it Serie A,22,1999,4.7,65.1,76.0,85.7,1288.5,459.8,23.0,25.1,91.5,31.9,36.8,86.7,8.72,11.7,74.5,0.00,0.00,0.02,0.00,0.00,5.53,0.00,0.00,4.89,Matchs
2469,Łukasz Skorupski,pl POL,GB,Bologna,it Serie A,31,1991,37.0,25.9,32.9,78.7,674.0,453.3,5.32,5.38,99.0,11.5,11.6,99.1,8.27,15.0,55.2,0.00,0.00,0.00,0.00,0.00,0.11,0.00,0.00,0.00,Matchs
2470,Robert Skov,dk DEN,DF,Hoffenheim,de Bundesliga,26,1996,15.0,33.9,48.5,69.9,607.0,209.3,15.5,18.3,84.7,14.2,19.8,71.7,3.60,7.67,47.0,0.13,0.12,0.15,0.01,1.40,2.33,1.47,0.60,3.27,Matchs
2471,Milan Škriniar,sk SVK,DF,Inter,it Serie A,27,1995,19.7,64.7,70.9,91.3,1206.5,392.4,22.6,24.3,92.9,35.9,37.5,95.7,5.23,7.31,71.5,0.00,0.02,0.02,-0.02,0.30,04.01,0.20,0.05,4.11,Matchs
2472,Naatan Skyttä,fi FIN,MT,Toulouse,fr Ligue 1,20,2002,0.3,23.3,36.7,63.6,290.0,63.3,13.3,20.0,66.7,6.67,13.3,50.0,0.00,0.00,,0.00,0.00,0.00,0.00,0.00,3.33,0.00,0.00,10.0,Matchs
2473,Islam Slimani,dz ALG,AT,Brest,fr Ligue 1,34,1988,11.0,23.7,33.4,71.1,339.4,60.3,13.0,17.5,74.5,7.91,10.6,74.4,1.18,1.91,61.9,0.09,0.11,0.14,-0.02,1.18,2.00,0.36,0.00,2.36,Matchs
2474,Chris Smalling,eng ENG,DF,Roma,it Serie A,32,1989,31.2,37.6,43.1,87.3,735.8,241.0,10.7,11.7,91.5,22.9,24.9,91.6,3.62,5.19,69.8,0.03,0.01,0.03,0.02,0.19,1.12,0.10,0.00,1.63,Matchs
2475,Adam Smith,eng ENG,DF,Bournemouth,eng Premier League,31,1991,32.7,29.1,38.7,75.4,496.4,210.9,13.8,15.7,87.7,12.2,15.3,79.4,2.69,5.93,45.4,0.03,0.04,0.05,-0.01,0.49,2.14,0.86,0.58,2.54,Matchs
Clt,Joueur,Nation,Pos,Équipe,Comp,Âge,Naissance,90,Cmp,Att,Cmp%,TotDist,DistBut,Cmp,Att,Cmp%,Cmp,Att,Cmp%,Cmp,Att,Cmp%,PD,xAG,xA,A-xAG,PC,1/3,PPA,CntSR,PrgP,Matchs
2476,Emile Smith Rowe,eng ENG,"MT,AT",Arsenal,eng Premier League,22,2000,1.9,38.9,44.7,87.1,563.2,126.3,23.2,25.3,91.7,12.6,14.7,85.7,2.63,3.16,83.3,01.05,0.37,0.32,0.68,3.16,1.58,2.11,0.00,3.68,Matchs
2477,Hrvoje Smolčić,hr CRO,DF,Eint Frankfurt,de Bundesliga,21,2000,5.2,55.2,68.3,80.8,1056.5,459.4,18.5,21.3,86.5,31.9,36.2,88.3,4.42,8.65,51.1,0.00,0.00,0.02,0.00,0.00,1.54,0.00,0.00,3.46,Matchs
2478,Cédric Soares,pt POR,DF,Arsenal,eng Premier League,30,1991,0.3,63.3,80.0,79.2,856.7,180.0,33.3,33.3,100.0,26.7,33.3,80.0,0.00,10.0,0.0,0.00,0.00,0.00,0.00,0.00,0.00,0.00,0.00,10.0,Matchs
2479,Cédric Soares,pt POR,DF,Fulham,eng Premier League,30,1991,2.2,65.0,84.5,76.9,1088.2,311.8,32.7,35.5,92.3,25.9,30.9,83.8,5.91,14.1,41.9,0.00,0.14,0.09,-0.14,0.91,5.91,1.82,1.36,5.45,Matchs
2480,Danilo Soares,br BRA,DF,Bochum,de Bundesliga,30,1991,19.6,38.3,51.2,74.8,695.1,255.3,17.0,19.5,86.9,15.9,21.0,75.7,4.69,8.11,57.9,0.00,0.07,0.06,-0.07,0.56,4.18,0.71,0.26,4.74,Matchs
2481,Eduard Sobol,ua UKR,DF,Strasbourg,fr Ligue 1,27,1995,9.7,30.7,40.3,76.2,494.3,178.2,16.1,18.5,87.2,11.1,15.6,71.5,2.16,4.43,48.8,0.10,0.08,0.07,0.02,0.82,2.58,01.03,0.31,3.51,Matchs
2482,Rubén Sobrino,es ESP,"MT,AT",Cádiz,es La Liga,30,1992,27.4,16.2,22.6,71.8,210.0,61.3,9.82,12.6,78.2,4.82,5.99,80.5,0.47,1.20,39.4,0.07,0.08,0.07,-0.01,0.88,01.02,0.29,0.11,1.68,Matchs
2483,Alex Sola,es ESP,DF,Real Sociedad,es La Liga,23,1999,3.9,40.5,50.8,79.8,712.6,180.5,15.4,17.4,88.2,20.0,23.3,85.7,3.85,7.18,53.6,0.00,0.03,0.03,-0.03,0.51,1.54,0.26,0.26,01.03,Matchs
2484,Dominic Solanke,eng ENG,"AT,MT",Bournemouth,eng Premier League,24,1997,31.8,11.4,16.8,68.1,146.9,34.8,07.08,9.25,76.5,3.18,4.25,74.8,0.44,0.75,58.3,0.22,0.12,0.08,0.10,0.66,0.69,0.53,0.03,1.48,Matchs
2485,Augusto Solari,ar ARG,MT,Celta Vigo,es La Liga,30,1992,2.9,32.4,43.1,75.2,470.3,124.8,18.3,20.7,88.3,11.4,13.8,82.5,1.72,4.48,38.5,0.34,0.07,0.10,0.28,1.38,3.10,0.69,0.00,4.14,Matchs
2486,Ola Solbakken,no NOR,"MT,AT",Roma,it Serie A,23,1998,5.6,20.0,28.4,70.4,316.1,65.0,11.1,13.8,80.5,6.96,8.75,79.6,1.25,3.57,35.0,0.36,0.29,0.18,0.07,1.96,1.25,0.71,0.18,2.50,Matchs
2487,Nikola Soldo,hr CRO,DF,Köln,de Bundesliga,21,2001,6.6,40.9,52.7,77.6,857.7,236.5,9.24,11.2,82.4,26.4,28.9,91.1,5.30,10.9,48.6,0.00,0.00,0.00,0.00,0.15,1.67,0.15,0.00,2.27,Matchs
2488,Carlos Soler,es ESP,MT,Valencia,es La Liga,25,1997,2.7,34.1,45.6,74.8,514.1,140.0,19.3,21.9,88.1,8.52,10.4,82.1,3.33,8.89,37.5,0.00,0.07,0.07,-0.07,1.48,1.85,1.48,0.00,4.81,Matchs
2489,Carlos Soler,es ESP,MT,Paris S-G,fr Ligue 1,25,1997,13.2,41.2,48.6,84.9,573.0,133.0,23.7,26.7,88.9,12.5,14.2,87.8,02.05,3.48,58.7,0.15,0.11,0.11,0.05,0.98,03.03,0.38,0.08,04.02,Matchs
2490,François-Joseph Sollacaro,fr FRA,GB,Ajaccio,fr Ligue 1,28,1994,6.0,11.3,23.7,47.9,345.5,263.3,1.83,1.83,100.0,4.50,5.00,90.0,4.67,16.5,28.3,0.00,0.00,0.00,0.00,0.00,0.17,0.00,0.00,0.00,Matchs
2491,Manor Solomon,il ISR,AT,Fulham,eng Premier League,23,1999,6.4,27.3,32.3,84.5,386.6,89.8,16.3,18.3,88.9,8.91,9.69,91.9,01.09,1.72,63.6,0.00,0.06,0.11,-0.06,0.94,0.78,1.25,0.16,3.75,Matchs
2492,Yann Sommer,ch SUI,GB,M'Gladbach,de Bundesliga,33,1988,10.0,49.9,60.9,81.9,1144.8,743.2,12.4,12.5,99.2,28.0,28.5,98.2,9.40,19.6,48.0,0.00,0.00,0.00,0.00,0.00,0.50,0.00,0.00,0.00,Matchs
2493,Yann Sommer,ch SUI,GB,Bayern Munich,de Bundesliga,33,1988,19.0,34.2,39.4,86.8,766.8,501.1,8.68,8.68,100.0,18.9,19.3,98.4,6.42,11.2,57.3,0.00,0.00,0.00,0.00,0.00,0.26,0.00,0.00,0.05,Matchs
2494,Brandon Soppy,fr FRA,DF,Udinese,it Serie A,20,2002,1.0,22.0,32.0,68.8,322.0,140.0,13.0,14.0,92.9,7.00,10.0,70.0,1.00,6.00,16.7,0.00,0.20,0.00,-0.20,2.00,2.00,1.00,0.00,4.00,Matchs
2495,Brandon Soppy,fr FRA,DF,Atalanta,it Serie A,20,2002,7.1,34.2,45.4,75.5,494.5,204.4,19.4,22.3,87.3,12.1,16.3,74.1,1.55,3.52,44.0,0.42,0.23,0.18,0.20,1.55,3.80,1.27,0.56,4.65,Matchs
2496,David Soria,es ESP,GB,Getafe,es La Liga,29,1993,38.0,16.1,29.9,53.7,763.1,681.9,0.74,0.79,93.3,3.13,3.32,94.4,12.2,25.6,47.6,0.00,0.01,0.01,-0.01,0.11,1.50,0.08,0.00,0.03,Matchs
2497,Roberto Soriano,it ITA,"AT,MT",Bologna,it Serie A,31,1991,14.7,33.1,41.2,80.3,472.4,135.6,20.8,23.7,87.7,9.46,11.6,81.3,1.77,2.86,61.9,0.20,0.17,0.10,0.03,1.36,2.38,0.68,0.14,3.81,Matchs
2498,Borna Sosa,hr CRO,DF,Stuttgart,de Bundesliga,24,1998,21.7,49.6,67.2,73.8,850.6,350.6,25.7,28.8,89.1,17.3,23.7,72.8,5.35,11.8,45.3,0.32,0.30,0.38,0.02,03.09,3.69,2.63,1.71,5.90,Matchs
2499,Joaquin Sosa,uy URU,DF,Bologna,it Serie A,20,2002,7.6,40.5,49.9,81.3,835.4,296.1,13.3,15.5,85.6,21.2,23.7,89.4,5.66,9.61,58.9,0.00,0.00,0.01,0.00,0.00,2.89,0.00,0.00,1.71,Matchs
2500,Hugo Sotelo,es ESP,MT,Celta Vigo,es La Liga,18,2003,0.2,100.0,115.0,87.0,1325.0,430.0,55.0,60.0,91.7,45.0,45.0,100.0,0.00,5.00,0.0,0.00,0.00,0.00,0.00,0.00,10.0,0.00,0.00,10.0,Matchs
Clt,Joueur,Nation,Pos,Équipe,Comp,Âge,Naissance,90,Cmp,Att,Cmp%,TotDist,DistBut,Cmp,Att,Cmp%,Cmp,Att,Cmp%,Cmp,Att,Cmp%,PD,xAG,xA,A-xAG,PC,1/3,PPA,CntSR,PrgP,Matchs
2501,Florian Sotoca,fr FRA,"MT,AT",Lens,fr Ligue 1,31,1990,33.9,34.6,45.3,76.3,592.8,163.5,16.2,19.3,83.8,13.1,17.3,76.1,3.60,5.52,65.2,0.27,0.24,0.18,0.03,1.74,3.60,1.65,0.50,5.49,Matchs
2502,Riccardo Sottil,it ITA,AT,Fiorentina,it Serie A,23,1999,9.3,22.5,28.6,78.6,371.7,59.6,11.0,12.4,88.7,09.03,11.7,77.1,1.94,2.69,72.0,0.22,0.12,0.09,0.10,1.61,1.18,0.86,0.22,2.90,Matchs
2503,Tomáš Souček,cz CZE,MT,West Ham,eng Premier League,27,1995,31.3,22.7,31.8,71.3,370.7,109.2,11.5,15.2,75.6,8.15,10.8,75.4,2.11,3.39,62.3,0.10,0.06,0.04,0.04,0.48,2.14,0.35,0.19,2.81,Matchs
2504,Matìas Soulé,ar ARG,"MT,AT",Juventus,it Serie A,19,2003,4.7,29.4,35.7,82.1,453.8,86.2,17.4,19.6,89.1,7.87,10.2,77.1,3.19,4.47,71.4,0.00,0.17,0.06,-0.17,1.91,1.28,0.85,0.21,3.19,Matchs
2505,Moussa Soumano,fr FRA,AT,Ajaccio,fr Ligue 1,17,2005,5.5,7.82,12.2,64.2,93.5,13.5,5.45,7.27,75.0,1.45,2.18,66.7,0.18,0.55,33.3,0.00,0.05,0.07,-0.05,0.91,0.00,0.18,0.18,0.18,Matchs
2506,Adama Soumaoro,fr FRA,DF,Bologna,it Serie A,30,1992,20.7,48.1,51.9,92.7,894.6,294.6,17.3,18.2,95.2,26.6,28.0,94.8,3.77,4.59,82.1,0.00,0.00,0.00,0.00,0.05,1.35,0.05,0.00,2.42,Matchs
2507,Boubakary Soumaré,fr FRA,MT,Leicester City,eng Premier League,23,1999,18.1,42.9,49.8,86.0,639.7,169.0,23.7,26.0,91.3,15.2,17.3,87.9,2.15,3.15,68.4,0.00,0.02,0.03,-0.02,0.61,4.42,0.28,0.06,04.03,Matchs
2508,Arnaud Souquet,fr FRA,"DF,AT",Montpellier,fr Ligue 1,30,1992,4.0,26.0,34.3,75.9,377.3,172.5,16.3,18.8,86.7,7.25,10.0,72.5,1.00,2.50,40.0,0.00,0.13,0.07,-0.13,0.75,1.75,0.25,0.25,2.50,Matchs
2509,Dyego Sousa,pt POR,AT,Almería,es La Liga,32,1989,5.9,18.1,27.1,66.9,236.6,61.2,10.2,14.1,72.3,6.44,8.81,73.1,0.34,01.02,33.3,0.17,0.17,0.15,0.00,1.69,0.68,0.85,0.00,2.71,Matchs
2510,Harry Souttar,au AUS,DF,Leicester City,eng Premier League,23,1998,11.0,40.7,50.5,80.7,772.7,299.5,13.2,14.5,90.6,24.1,27.5,87.5,03.09,6.91,44.7,0.09,0.02,0.01,0.07,0.27,3.55,0.09,0.00,2.64,Matchs
2511,Vinicius Souza,br BRA,MT,Espanyol,es La Liga,23,1999,27.0,26.9,33.7,79.9,457.8,125.7,12.7,14.7,86.6,10.9,13.1,83.6,2.44,3.93,62.3,0.04,0.02,0.03,0.01,0.41,3.15,0.15,0.04,03.04,Matchs
2512,Djibril Sow,ch SUI,MT,Eint Frankfurt,de Bundesliga,25,1997,29.4,45.0,53.0,85.0,779.1,231.4,19.3,21.7,88.6,21.3,23.6,90.3,3.50,5.00,70.1,0.00,0.03,0.04,-0.03,0.58,4.66,0.68,0.03,6.33,Matchs
2513,Çağlar Söyüncü,tr TUR,DF,Leicester City,eng Premier League,26,1996,5.9,40.8,52.4,78.0,732.2,260.5,17.6,19.5,90.4,19.0,23.1,82.4,3.73,8.14,45.8,0.00,0.02,0.00,-0.02,0.17,1.53,0.00,0.00,02.03,Matchs
2514,Kevin Spadanuda,ch SUI,"MT,AT",Ajaccio,fr Ligue 1,25,1997,11.8,18.0,22.4,80.3,259.3,45.9,9.83,11.9,82.3,6.61,7.88,83.9,0.68,1.19,57.1,0.08,0.05,0.03,0.03,0.68,1.27,0.17,0.00,1.44,Matchs
2515,Djed Spence,eng ENG,"AT,DF",Tottenham,eng Premier League,21,2000,0.1,50.0,90.0,55.6,600.0,40.0,40.0,50.0,80.0,10.0,10.0,100.0,0.00,0.00,,0.00,0.00,0.00,0.00,0.00,0.00,0.00,0.00,0.00,Matchs
2516,Djed Spence,eng ENG,DF,Rennes,fr Ligue 1,21,2000,6.4,43.4,49.2,88.3,656.4,139.2,21.7,24.1,90.3,19.7,21.9,90.0,0.78,1.72,45.5,0.00,0.02,0.03,-0.02,0.31,3.59,0.78,0.16,3.28,Matchs
2517,Stijn Spierings,nl NED,MT,Toulouse,fr Ligue 1,26,1996,34.7,51.2,60.1,85.3,929.0,288.2,22.5,25.2,89.3,21.0,23.3,90.2,06.05,8.59,70.5,0.00,0.06,0.05,-0.06,0.63,5.53,0.63,0.14,6.66,Matchs
2518,Leonardo Spinazzola,it ITA,DF,Roma,it Serie A,29,1993,18.4,40.8,53.8,75.8,712.6,234.5,19.3,22.2,87.0,16.3,20.9,77.9,4.24,7.83,54.2,0.22,0.11,0.11,0.11,1.14,02.01,1.41,0.65,3.42,Matchs
2519,Marco Sportiello,it ITA,GB,Atalanta,it Serie A,30,1992,14.9,24.3,31.0,78.4,652.2,444.2,3.96,3.96,100.0,14.0,14.2,98.6,6.31,12.8,49.2,0.00,0.00,0.00,0.00,0.00,0.07,0.00,0.00,0.13,Matchs
2520,Jack Stacey,eng ENG,DF,Bournemouth,eng Premier League,26,1996,3.3,22.4,39.4,56.9,329.7,118.8,12.7,16.1,79.2,8.18,15.2,54.0,0.91,3.64,25.0,0.00,0.00,0.00,0.00,0.00,1.82,0.30,0.30,0.61,Matchs
2521,Anton Stach,de GER,MT,Mainz 05,de Bundesliga,23,1998,23.0,26.9,39.0,69.0,427.1,156.4,14.0,18.4,75.9,9.48,13.0,73.2,2.17,4.57,47.6,0.17,0.16,0.17,0.02,1.35,03.04,01.09,0.26,4.61,Matchs
2522,Kostas Stafylidis,gr GRE,"DF,MT",Bochum,de Bundesliga,28,1993,11.6,25.6,36.5,70.2,506.4,175.6,9.74,11.0,88.3,12.0,16.4,73.2,3.62,7.67,47.2,0.17,0.06,0.06,0.11,0.60,1.98,0.43,0.34,2.24,Matchs
2523,Jens Stage,dk DEN,MT,Werder Bremen,de Bundesliga,25,1996,20.6,20.0,30.2,66.2,297.6,100.0,11.5,14.9,76.9,6.89,9.51,72.4,0.92,2.48,37.3,0.15,0.09,0.13,0.06,0.78,1.65,0.97,0.15,2.96,Matchs
2524,Veit Stange,de GER,MT,Hertha BSC,de Bundesliga,18,2004,0.1,0.00,0.00,,0.00,0.00,0.00,0.00,,0.00,0.00,,0.00,0.00,,0.00,0.00,0.00,0.00,0.00,0.00,0.00,0.00,0.00,Matchs
2525,Josip Stanišić,hr CRO,DF,Bayern Munich,de Bundesliga,22,2000,6.4,90.2,98.9,91.2,1468.4,433.1,45.9,48.8,94.2,37.2,39.5,94.1,5.94,8.59,69.1,0.00,0.06,0.11,-0.06,0.63,6.72,1.72,0.47,10.3,Matchs
Clt,Joueur,Nation,Pos,Équipe,Comp,Âge,Naissance,90,Cmp,Att,Cmp%,TotDist,DistBut,Cmp,Att,Cmp%,Cmp,Att,Cmp%,Cmp,Att,Cmp%,PD,xAG,xA,A-xAG,PC,1/3,PPA,CntSR,PrgP,Matchs
2526,Junior Stanislas,eng ENG,MT,Bournemouth,eng Premier League,32,1989,0.7,31.4,40.0,78.6,470.0,101.4,17.1,20.0,85.7,12.9,15.7,81.8,0.00,1.43,0.0,0.00,0.14,0.29,-0.14,2.86,4.29,0.00,0.00,5.71,Matchs
2527,Jay Stansfield,eng ENG,AT,Fulham,eng Premier League,19,2002,1.0,9.00,23.0,39.1,82.0,32.0,7.00,8.00,87.5,1.00,7.00,14.3,0.00,3.00,0.0,0.00,0.10,0.00,-0.10,1.00,0.00,0.00,0.00,0.00,Matchs
2528,Niklas Stark,de GER,DF,Werder Bremen,de Bundesliga,27,1995,23.1,44.5,53.9,82.6,915.8,353.2,12.4,14.0,88.6,25.4,28.6,88.9,6.28,9.91,63.3,0.00,0.01,0.02,-0.01,0.17,2.47,0.22,0.04,2.81,Matchs
2529,Jason Steele,eng ENG,GB,Brighton,eng Premier League,31,1990,15.0,31.9,36.1,88.4,647.0,461.5,11.9,12.1,98.4,14.4,14.8,97.3,5.33,8.67,61.5,0.07,0.01,0.01,0.06,0.07,0.13,0.00,0.00,0.00,Matchs
2530,Calvin Stengs,nl NED,AT,Nice,fr Ligue 1,23,1998,2.4,34.2,41.7,82.0,536.7,105.8,18.8,22.9,81.8,12.9,14.2,91.2,1.25,2.92,42.9,0.00,0.04,0.17,-0.04,0.42,4.58,0.83,0.00,5.00,Matchs
2531,Pascal Stenzel,de GER,DF,Stuttgart,de Bundesliga,26,1996,3.7,47.0,60.3,78.0,1022.7,379.7,19.2,21.1,91.0,15.7,19.5,80.6,11.9,18.1,65.7,0.27,0.16,0.16,0.11,2.16,2.97,01.08,0.54,3.51,Matchs
2532,Jack Stephens,eng ENG,DF,Southampton,eng Premier League,28,1994,0.5,46.0,56.0,82.1,796.0,214.0,18.0,20.0,90.0,26.0,34.0,76.5,2.00,2.00,100.0,0.00,0.00,0.00,0.00,0.00,6.00,0.00,0.00,6.00,Matchs
2533,Jack Stephens,eng ENG,DF,Bournemouth,eng Premier League,28,1994,13.0,34.3,41.8,82.1,670.2,241.0,12.0,13.3,90.2,17.9,20.2,88.6,04.08,7.23,56.4,0.00,0.02,0.02,-0.02,0.23,2.85,0.23,0.15,2.62,Matchs
2534,Raheem Sterling,eng ENG,"AT,MT",Chelsea,eng Premier League,27,1994,21.0,24.5,32.6,75.0,310.6,64.6,15.5,18.4,84.5,6.48,8.52,76.0,0.86,1.57,54.5,0.14,0.22,0.15,-0.08,1.62,1.24,1.48,0.43,2.81,Matchs
2535,Angelo Stiller,de GER,MT,Hoffenheim,de Bundesliga,21,2001,7.8,35.8,46.5,76.9,567.3,152.9,19.7,23.5,84.2,11.9,14.2,83.8,2.82,4.36,64.7,0.13,0.06,0.08,0.06,0.38,3.33,0.64,0.00,4.36,Matchs
2536,Lars Stindl,de GER,"AT,MT",M'Gladbach,de Bundesliga,33,1988,19.3,32.3,40.2,80.4,497.6,136.1,17.7,20.6,85.7,10.5,12.3,85.3,2.33,3.32,70.3,0.36,0.32,0.18,0.04,02.07,3.47,0.88,0.05,3.99,Matchs
2537,Kevin Stöger,at AUT,MT,Bochum,de Bundesliga,28,1993,28.9,38.5,55.6,69.3,708.1,267.8,17.4,21.1,82.8,14.3,19.7,72.6,5.64,11.1,50.8,0.10,0.20,0.27,-0.09,2.35,5.29,1.59,0.38,7.40,Matchs
2538,Petar Stojanović,si SVN,DF,Empoli,it Serie A,26,1995,17.0,48.3,60.5,79.8,833.6,297.5,24.1,27.4,88.0,18.1,21.8,83.2,5.24,8.53,61.4,0.06,0.06,0.07,0.00,1.12,3.41,1.12,0.35,5.35,Matchs
2539,John Stones,eng ENG,"DF,MT",Manchester City,eng Premier League,28,1994,20.5,70.9,76.2,93.0,1187.9,331.2,34.5,36.1,95.7,30.5,32.5,93.8,4.83,06.05,79.8,0.10,0.07,0.05,0.03,0.39,5.32,0.15,0.00,4.93,Matchs
2540,Jørgen Strand Larsen,no NOR,AT,Celta Vigo,es La Liga,22,2000,18.9,12.3,17.9,68.4,159.8,22.4,7.35,10.2,72.4,2.80,4.23,66.3,0.63,01.01,63.2,0.21,0.11,0.06,0.11,0.63,0.74,0.16,0.05,0.74,Matchs
2541,Tony Strata,fr FRA,"MT,DF",Ajaccio,fr Ligue 1,17,2004,1.5,19.3,24.7,78.4,302.0,82.7,9.33,9.33,100.0,7.33,9.33,78.6,1.33,4.67,28.6,0.00,0.00,0.00,0.00,0.67,0.67,0.00,0.00,1.33,Matchs
2542,Gabriel Strefezza,br BRA,"AT,MT",Lecce,it Serie A,25,1997,27.1,20.4,32.7,62.4,367.6,113.7,10.3,13.0,78.8,6.27,9.52,65.9,3.21,7.23,44.4,0.15,0.16,0.14,-0.01,1.77,2.36,1.59,0.63,3.95,Matchs
2543,Dávid Strelec,sk SVK,AT,Spezia,it Serie A,21,2001,1.9,13.2,22.6,58.1,154.7,15.8,10.0,14.2,70.4,2.63,4.74,55.6,0.00,0.53,0.0,0.00,0.05,0.05,-0.05,0.53,0.53,0.00,0.00,0.53,Matchs
2544,Pascal Struijk,nl NED,DF,Leeds United,eng Premier League,22,1999,24.4,42.9,54.1,79.2,649.1,276.9,23.4,26.8,87.2,16.2,19.9,81.6,02.09,4.26,49.0,0.04,0.10,0.05,-0.06,0.57,3.69,0.53,0.16,4.88,Matchs
2545,Cristhian Stuani,uy URU,AT,Girona,es La Liga,35,1986,12.1,10.1,13.9,72.6,121.0,10.9,6.53,7.85,83.2,02.07,3.64,56.8,0.41,0.58,71.4,0.00,0.11,0.10,-0.11,0.58,0.50,0.25,0.00,0.83,Matchs
2546,Damián Suárez,uy URU,"DF,MT",Getafe,es La Liga,34,1988,21.6,30.0,44.5,67.5,549.2,259.4,13.9,17.0,81.7,11.7,15.9,73.5,3.80,8.98,42.3,0.05,0.08,0.08,-0.04,1.20,2.82,01.06,0.65,3.70,Matchs
2547,Denis Suárez,es ESP,"MT,AT",Espanyol,es La Liga,28,1994,10.5,31.5,43.0,73.2,495.2,155.9,17.4,21.7,80.3,10.4,12.7,82.0,2.67,6.29,42.4,0.00,0.10,0.14,-0.10,1.52,3.43,1.33,0.38,4.10,Matchs
2548,Mario Suárez,es ESP,"MT,DF",Rayo Vallecano,es La Liga,35,1987,0.1,20.0,30.0,66.7,280.0,60.0,10.0,10.0,100.0,10.0,20.0,50.0,0.00,0.00,,0.00,0.00,0.00,0.00,0.00,0.00,0.00,0.00,0.00,Matchs
2549,Gabriel Suazo,cl CHI,DF,Toulouse,fr Ligue 1,24,1997,14.0,49.1,59.1,83.0,769.4,320.9,24.6,27.4,89.6,20.1,23.1,86.7,2.71,4.57,59.4,0.07,0.06,0.06,0.01,0.79,3.50,01.07,0.14,5.64,Matchs
2550,Isaac Success,ng NGA,AT,Udinese,it Serie A,26,1996,20.2,18.4,28.2,65.3,268.8,55.4,10.2,14.3,71.9,4.90,7.13,68.8,1.58,2.52,62.7,0.30,0.20,0.16,0.10,1.53,01.09,0.94,0.05,2.62,Matchs
Clt,Joueur,Nation,Pos,Équipe,Comp,Âge,Naissance,90,Cmp,Att,Cmp%,TotDist,DistBut,Cmp,Att,Cmp%,Cmp,Att,Cmp%,Cmp,Att,Cmp%,PD,xAG,xA,A-xAG,PC,1/3,PPA,CntSR,PrgP,Matchs
2551,Niklas Süle,de GER,DF,Dortmund,de Bundesliga,26,1995,23.5,71.4,78.8,90.6,1344.0,431.7,28.0,29.8,94.0,32.8,35.3,92.8,8.98,11.1,81.2,0.13,0.09,0.07,0.03,0.72,4.94,0.38,0.09,5.83,Matchs
2552,Ibrahim Sulemana,gh GHA,MT,Hellas Verona,it Serie A,19,2003,7.2,18.5,25.4,72.7,344.3,107.9,7.36,8.33,88.3,8.89,10.8,82.1,1.81,3.61,50.0,0.00,0.03,0.01,-0.03,0.69,2.50,0.14,0.14,2.50,Matchs
2553,Kamaldeen Sulemana,gh GHA,"AT,MT",Southampton,eng Premier League,20,2002,10.7,17.7,24.8,71.3,271.1,57.7,9.63,12.0,80.5,5.51,07.01,78.7,1.50,2.90,51.6,0.09,0.12,0.09,-0.03,1.31,01.03,0.93,0.09,3.36,Matchs
2554,Kamaldeen Sulemana,gh GHA,"AT,MT",Rennes,fr Ligue 1,20,2002,3.6,35.3,43.1,81.9,628.1,115.3,17.8,20.3,87.7,11.9,13.3,89.6,4.44,6.11,72.7,0.00,0.17,0.25,-0.17,1.67,1.94,1.39,0.56,5.00,Matchs
2555,Crysencio Summerville,nl NED,AT,Leeds United,eng Premier League,20,2001,15.8,19.5,26.0,74.9,243.0,67.5,13.2,16.2,81.3,4.56,5.82,78.3,0.57,1.52,37.5,0.13,0.10,0.07,0.03,01.01,1.27,0.76,0.13,2.85,Matchs
2556,Ivan Šunjić,hr CRO,MT,Hertha BSC,de Bundesliga,25,1996,11.0,24.5,32.8,74.8,404.5,136.2,13.1,15.6,83.7,8.36,10.7,78.0,2.18,04.09,53.3,0.00,0.02,0.04,-0.02,0.36,03.09,0.36,0.00,2.73,Matchs
2557,Sam Surridge,eng ENG,AT,Nott'ham Forest,eng Premier League,24,1998,3.6,11.1,22.5,49.4,153.1,46.7,6.94,12.5,55.6,3.61,6.67,54.2,0.28,0.83,33.3,0.00,0.03,0.00,-0.03,0.28,1.11,0.00,0.00,1.67,Matchs
2558,Suso,es ESP,"MT,AT",Sevilla,es La Liga,28,1993,11.8,37.6,48.5,77.6,685.8,182.0,18.9,20.8,91.0,13.2,16.8,78.8,5.00,8.56,58.4,0.34,0.24,0.27,0.10,2.37,3.39,2.37,0.59,7.29,Matchs
2559,Yuito Suzuki,jp JPN,"AT,MT",Strasbourg,fr Ligue 1,20,2001,0.4,27.5,32.5,84.6,490.0,80.0,12.5,17.5,71.4,10.0,10.0,100.0,2.50,2.50,100.0,0.00,0.00,0.00,0.00,0.00,2.50,2.50,0.00,7.50,Matchs
2560,Mattias Svanberg,se SWE,"MT,AT",Wolfsburg,de Bundesliga,23,1999,20.4,19.3,27.8,69.5,313.1,96.6,9.22,12.1,76.1,7.16,9.36,76.4,1.86,3.63,51.4,0.29,0.25,0.22,0.05,1.32,1.67,1.13,0.29,3.63,Matchs
2561,Mile Svilar,rs SRB,GB,Roma,it Serie A,22,1999,3.0,16.3,25.7,63.6,529.7,411.7,1.33,1.33,100.0,8.33,8.33,100.0,6.33,15.7,40.4,0.00,0.00,0.00,0.00,0.00,1.00,0.00,0.00,0.00,Matchs
2562,Williot Swedberg,se SWE,MT,Celta Vigo,es La Liga,18,2004,0.6,23.3,28.3,82.4,293.3,83.3,13.3,16.7,80.0,6.67,8.33,80.0,0.00,0.00,,0.00,0.00,0.17,0.00,0.00,1.67,3.33,0.00,6.67,Matchs
2563,Issiaga Sylla,gn GUI,DF,Montpellier,fr Ligue 1,28,1994,14.5,44.6,56.3,79.2,726.8,269.4,22.5,26.1,86.2,17.3,21.4,81.0,3.52,5.66,62.2,0.21,0.14,0.06,0.07,1.17,3.45,0.83,0.28,5.66,Matchs
2564,Issiaga Sylla,gn GUI,DF,Toulouse,fr Ligue 1,28,1994,15.2,42.4,55.1,77.0,642.8,250.1,22.3,26.8,83.3,16.2,20.2,80.1,02.04,3.68,55.4,0.00,0.03,0.07,-0.03,0.39,3.82,1.32,0.26,6.25,Matchs
2565,Wojciech Szczęsny,pl POL,GB,Juventus,it Serie A,32,1990,27.5,22.7,28.7,79.2,658.5,465.9,3.60,3.60,100.0,10.4,10.5,99.0,8.65,14.4,60.3,0.00,0.00,0.00,0.00,0.00,0.15,0.04,0.00,0.00,Matchs
2566,Dominik Szoboszlai,hu HUN,"MT,AT",RB Leipzig,de Bundesliga,21,2000,27.2,46.4,58.1,79.9,787.5,209.0,24.4,27.8,87.8,14.9,18.1,82.5,5.33,7.72,69.0,0.29,0.30,0.32,-0.00,2.57,3.93,1.69,0.33,5.55,Matchs
2567,Alexander Sørloth,no NOR,AT,Real Sociedad,es La Liga,26,1995,26.5,12.4,18.2,68.4,159.0,21.4,7.92,10.2,78.1,3.32,4.98,66.7,0.34,0.60,56.3,0.11,0.16,0.07,-0.05,1.17,0.42,0.38,0.08,0.75,Matchs
2568,Alexander Sørloth,no NOR,AT,RB Leipzig,de Bundesliga,26,1995,0.1,20.0,20.0,100.0,210.0,0.00,20.0,20.0,100.0,0.00,0.00,,0.00,0.00,,0.00,0.00,0.00,0.00,0.00,0.00,0.00,0.00,0.00,Matchs
2569,Nicolás Tagliafico,ar ARG,DF,Lyon,fr Ligue 1,29,1992,33.2,47.8,56.7,84.3,733.5,233.6,24.6,27.3,90.1,19.3,22.6,85.5,02.08,3.67,56.6,0.09,0.13,0.11,-0.04,0.72,3.70,01.08,0.21,4.70,Matchs
2570,Jonathan Tah,de GER,DF,Leverkusen,de Bundesliga,26,1996,27.6,52.7,59.3,88.9,1005.4,348.0,17.9,19.3,92.9,29.4,31.7,92.8,4.96,7.10,69.9,0.00,0.02,0.01,-0.02,0.22,2.14,0.11,0.00,02.03,Matchs
2571,Benjamin Tahirovic,ba BIH,MT,Roma,it Serie A,19,2003,3.9,34.1,40.0,85.3,585.1,121.5,15.4,16.9,90.9,14.4,16.4,87.5,3.59,4.87,73.7,0.00,0.05,0.05,-0.05,01.03,02.05,0.51,0.51,2.31,Matchs
2572,Waniss Taibi,fr FRA,MT,Angers,fr Ligue 1,20,2002,2.1,63.8,71.4,89.3,955.2,252.9,32.4,36.7,88.3,26.7,27.6,96.6,1.90,2.38,80.0,0.48,0.05,0.14,0.43,0.48,5.71,0.95,0.00,7.62,Matchs
2573,Flavien Tait,fr FRA,MT,Rennes,fr Ligue 1,29,1993,18.7,49.9,58.1,85.8,878.1,239.6,21.9,25.0,87.8,20.1,22.2,90.1,5.94,7.43,79.9,0.11,0.12,0.13,-0.01,1.18,6.36,1.55,0.05,8.24,Matchs
2574,Montassar Talbi,tn TUN,DF,Lorient,fr Ligue 1,24,1998,38.0,46.1,51.8,89.0,822.7,282.6,16.2,17.2,94.0,25.5,27.1,94.2,2.97,5.74,51.8,0.05,0.01,0.02,0.04,0.13,01.05,0.05,0.03,1.61,Matchs
2575,Thibault Tamas,fr FRA,DF,Montpellier,fr Ligue 1,21,2001,0.1,50.0,70.0,71.4,710.0,290.0,20.0,20.0,100.0,20.0,40.0,50.0,0.00,0.00,,0.00,0.00,0.00,0.00,0.00,0.00,0.00,0.00,0.00,Matchs
Clt,Joueur,Nation,Pos,Équipe,Comp,Âge,Naissance,90,Cmp,Att,Cmp%,TotDist,DistBut,Cmp,Att,Cmp%,Cmp,Att,Cmp%,Cmp,Att,Cmp%,PD,xAG,xA,A-xAG,PC,1/3,PPA,CntSR,PrgP,Matchs
2576,Adrien Tameze,cm CMR,MT,Hellas Verona,it Serie A,28,1994,33.7,24.8,32.4,76.5,425.8,130.3,11.2,13.9,80.3,10.8,12.8,84.4,2.17,3.44,62.9,0.00,0.03,0.04,-0.03,0.65,2.70,0.50,0.09,03.06,Matchs
2577,Japhet Tanganga,eng ENG,DF,Tottenham,eng Premier League,23,1999,1.6,51.3,57.5,89.1,826.9,338.1,26.3,28.8,91.3,21.3,23.8,89.5,3.13,4.38,71.4,0.00,0.00,0.00,0.00,0.00,2.50,0.63,0.63,3.13,Matchs
2578,Renato Tapia,pe PER,"MT,DF",Celta Vigo,es La Liga,27,1995,16.1,42.7,50.4,84.7,838.9,225.7,15.9,17.6,90.5,19.9,21.9,91.2,6.15,9.50,64.7,0.00,0.07,0.05,-0.07,0.56,3.91,0.43,0.06,4.22,Matchs
2579,Edmond Tapsoba,bf BFA,DF,Leverkusen,de Bundesliga,23,1999,31.9,59.3,69.3,85.5,1109.6,431.8,22.4,24.5,91.2,29.9,32.7,91.3,6.24,10.1,61.8,0.00,0.03,0.05,-0.03,0.16,4.83,0.28,0.00,5.30,Matchs
2580,Florian Tardieu,fr FRA,MT,Troyes,fr Ligue 1,30,1992,11.2,58.5,67.4,86.8,1046.7,374.5,27.0,29.0,92.9,21.6,23.8,90.6,7.50,11.3,66.1,0.00,0.09,0.11,-0.09,1.52,06.07,0.71,0.18,7.41,Matchs
2581,Matt Targett,eng ENG,DF,Newcastle Utd,eng Premier League,26,1995,6.8,47.9,61.6,77.8,778.1,343.2,23.8,26.9,88.5,20.7,23.8,87.0,2.65,8.24,32.1,0.00,0.06,0.10,-0.06,1.47,2.79,0.74,0.00,6.32,Matchs
2582,James Tarkowski,eng ENG,DF,Everton,eng Premier League,29,1992,38.0,34.8,43.0,81.0,693.7,266.2,11.8,13.5,87.5,18.2,20.9,87.3,4.39,7.82,56.2,0.03,0.08,0.05,-0.05,0.39,2.58,0.08,0.00,2.79,Matchs
2583,Ciprian Tătărușanu,ro ROU,GB,Milan,it Serie A,36,1986,16.0,27.1,35.0,77.5,799.3,573.3,3.75,3.75,100.0,12.4,12.8,97.1,10.9,18.1,60.0,0.06,0.03,0.00,0.03,0.13,0.56,0.00,0.00,0.00,Matchs
2584,Niklas Tauer,de GER,"DF,MT",Mainz 05,de Bundesliga,21,2001,1.0,50.0,56.0,89.3,757.0,260.0,30.0,33.0,90.9,19.0,20.0,95.0,1.00,2.00,50.0,0.00,0.00,0.10,0.00,0.00,5.00,2.00,1.00,6.00,Matchs
2585,Nuno Tavares,pt POR,"DF,MT",Marseille,fr Ligue 1,22,2000,26.1,40.5,52.4,77.4,617.7,216.1,23.9,27.2,87.7,13.1,17.6,74.6,2.34,4.33,54.0,0.00,0.10,0.15,-0.10,0.92,2.68,1.80,0.54,4.41,Matchs
2586,Marcus Tavernier,eng ENG,"MT,AT",Bournemouth,eng Premier League,23,1999,19.4,26.3,37.3,70.4,414.8,125.3,14.7,17.5,84.1,8.51,11.6,73.3,02.06,5.15,40.0,0.21,0.15,0.07,0.06,0.98,1.75,0.82,0.26,2.89,Matchs
2587,Enzo Tchato,cm CMR,DF,Montpellier,fr Ligue 1,19,2002,12.2,33.9,45.7,74.3,515.3,172.7,18.7,22.6,82.6,12.1,15.8,76.7,1.56,4.34,35.8,0.08,0.09,0.06,-0.01,0.41,2.13,0.49,0.41,2.79,Matchs
2588,Aurélien Tchouaméni,fr FRA,MT,Real Madrid,es La Liga,22,2000,23.5,67.1,72.3,92.8,1064.5,332.9,34.3,36.2,94.8,27.5,29.2,94.2,3.74,4.51,83.0,0.17,0.09,0.09,0.08,0.94,6.77,0.47,0.00,06.04,Matchs
2589,Mathys Tel,fr FRA,AT,Bayern Munich,de Bundesliga,17,2005,4.6,27.4,34.1,80.3,396.5,55.9,15.7,18.0,86.7,10.4,12.4,84.2,0.87,0.87,100.0,0.00,0.15,0.09,-0.15,1.30,1.52,01.09,0.65,2.39,Matchs
2590,Semir Telalovic,de GER,"MT,AT",M'Gladbach,de Bundesliga,22,1999,0.1,10.0,20.0,50.0,60.0,0.00,10.0,10.0,100.0,0.00,0.00,,0.00,0.00,,0.00,0.00,0.00,0.00,0.00,0.00,0.00,0.00,0.00,Matchs
2591,Alex Telles,br BRA,DF,Sevilla,es La Liga,29,1992,15.9,34.1,45.8,74.5,578.6,217.3,17.3,19.4,89.3,12.1,16.0,75.6,3.71,7.86,47.2,0.13,0.11,0.08,0.01,1.19,2.58,1.19,0.88,2.64,Matchs
2592,Marc-André ter Stegen,de GER,GB,Barcelona,es La Liga,30,1992,37.2,32.1,38.0,84.5,825.3,578.7,6.13,6.24,98.3,16.1,16.5,97.9,9.73,15.2,64.2,0.00,0.01,0.00,-0.01,0.08,0.40,0.00,0.00,0.11,Matchs
2593,Simon Terodde,de GER,AT,Schalke 04,de Bundesliga,34,1988,20.3,10.4,15.6,67.1,142.3,23.3,5.96,7.93,75.2,3.20,4.78,67.0,0.44,0.64,69.2,0.00,0.11,0.07,-0.11,01.08,0.79,0.34,0.00,0.94,Matchs
2594,Filippo Terracciano,it ITA,"DF,MT",Hellas Verona,it Serie A,19,2003,9.1,25.8,37.7,68.5,473.4,194.5,9.67,12.4,77.9,12.6,16.3,77.7,2.31,5.82,39.6,0.11,0.13,0.16,-0.02,0.88,2.31,1.10,0.44,04.07,Matchs
2595,Pietro Terracciano,it ITA,GB,Fiorentina,it Serie A,32,1990,29.0,28.1,37.0,76.1,813.4,559.5,4.48,4.59,97.7,12.3,12.6,98.1,11.2,19.5,57.2,0.00,0.00,0.00,0.00,0.00,0.55,0.00,0.00,0.00,Matchs
2596,Ramón Terrats,es ESP,MT,Villarreal,es La Liga,21,2000,9.1,39.1,46.7,83.8,609.9,147.6,22.7,24.4,93.2,11.9,14.4,82.4,3.63,5.49,66.0,0.11,0.16,0.12,-0.05,1.10,3.30,0.99,0.11,4.95,Matchs
2597,Ramón Terrats,es ESP,MT,Girona,es La Liga,21,2000,2.4,32.1,40.0,80.2,506.7,120.8,18.3,20.0,91.7,9.58,12.9,74.2,3.33,4.17,80.0,0.00,0.00,0.00,0.00,0.42,02.08,0.42,0.00,2.50,Matchs
2598,Martin Terrier,fr FRA,"AT,MT",Rennes,fr Ligue 1,25,1997,14.7,30.4,41.0,74.1,462.2,106.2,15.6,20.5,76.2,9.93,12.7,78.1,2.59,3.54,73.1,0.27,0.23,0.15,0.04,1.77,2.65,01.02,0.20,04.08,Matchs
2599,Aleksa Terzić,rs SRB,DF,Fiorentina,it Serie A,22,1999,10.4,56.0,69.6,80.4,1014.5,308.0,24.8,27.1,91.5,23.0,28.1,81.8,07.02,10.8,65.2,0.10,0.18,0.18,-0.09,2.40,3.27,2.50,2.21,3.85,Matchs
2600,Tetê,br BRA,AT,Leicester City,eng Premier League,22,2000,8.2,22.7,31.5,72.1,365.9,77.7,12.4,15.5,80.3,6.83,9.27,73.7,2.32,3.66,63.3,0.00,0.05,0.04,-0.05,0.73,1.95,0.49,0.12,3.17,Matchs
Clt,Joueur,Nation,Pos,Équipe,Comp,Âge,Naissance,90,Cmp,Att,Cmp%,TotDist,DistBut,Cmp,Att,Cmp%,Cmp,Att,Cmp%,Cmp,Att,Cmp%,PD,xAG,xA,A-xAG,PC,1/3,PPA,CntSR,PrgP,Matchs
2601,Tetê,br BRA,"AT,MT",Lyon,fr Ligue 1,22,2000,12.3,30.7,40.6,75.8,460.7,103.7,16.5,19.0,86.8,11.2,14.6,76.7,1.46,3.98,36.7,0.16,0.11,0.19,0.06,0.81,02.03,1.46,0.24,4.23,Matchs
2602,Kenny Tete,nl NED,DF,Fulham,eng Premier League,26,1995,28.5,38.9,53.7,72.5,615.8,252.5,21.0,24.2,86.5,14.1,19.8,71.6,2.84,5.79,49.1,0.18,0.07,0.07,0.11,0.81,2.63,0.88,0.63,3.61,Matchs
2603,Florian Thauvin,fr FRA,"AT,MT",Udinese,it Serie A,29,1993,6.1,23.6,35.4,66.7,408.0,116.1,11.6,14.4,80.7,8.36,11.6,71.8,2.79,6.89,40.5,0.00,0.18,0.21,-0.18,1.64,1.48,1.64,0.33,3.93,Matchs
2604,Arthur Theate,be BEL,DF,Rennes,fr Ligue 1,22,2000,34.7,66.2,74.0,89.4,1332.9,448.2,18.2,19.7,92.3,39.2,41.8,93.9,7.67,10.5,72.7,0.00,0.02,0.02,-0.02,0.26,6.22,0.12,0.00,7.15,Matchs
2605,Malick Thiaw,de GER,DF,Milan,it Serie A,20,2001,15.1,61.7,69.9,88.3,1251.5,430.2,18.2,20.6,88.4,35.8,38.1,93.9,7.42,10.2,72.7,0.00,0.01,0.01,-0.01,0.13,3.51,0.33,0.00,4.44,Matchs
2606,Malick Thiaw,de GER,DF,Schalke 04,de Bundesliga,20,2001,3.0,36.0,41.0,87.8,755.3,230.0,8.33,10.0,83.3,24.0,26.3,91.1,3.67,4.67,78.6,0.00,0.00,0.00,0.00,0.00,1.33,0.00,0.00,1.00,Matchs
2607,Jan Thielmann,de GER,AT,Köln,de Bundesliga,20,2002,9.7,16.3,25.7,63.5,270.6,64.3,8.25,11.2,73.4,6.60,8.56,77.1,01.03,2.37,43.5,0.21,0.09,0.22,0.11,01.03,01.03,1.13,0.72,1.96,Matchs
2608,Sada Thioub,sn SEN,"DF,AT",Angers,fr Ligue 1,27,1995,11.8,36.2,45.2,80.1,557.6,193.8,19.5,22.3,87.5,13.0,15.9,81.4,02.03,3.64,55.8,0.17,0.16,0.16,0.01,1.27,3.90,1.61,0.68,4.83,Matchs
2609,Luke Thomas,eng ENG,DF,Leicester City,eng Premier League,21,2001,11.9,43.8,55.0,79.7,682.0,289.0,24.5,27.6,88.4,16.3,20.0,81.5,2.69,4.79,56.1,0.00,0.06,0.04,-0.06,0.42,3.19,0.59,0.17,04.03,Matchs
2610,Adrien Thomasson,fr FRA,MT,Strasbourg,fr Ligue 1,28,1993,10.4,41.3,50.4,81.9,645.9,152.5,20.6,24.1,85.3,15.5,18.4,84.3,2.79,3.94,70.7,0.19,0.18,0.18,0.01,1.63,2.40,1.25,0.19,3.94,Matchs
2611,Adrien Thomasson,fr FRA,"MT,AT",Lens,fr Ligue 1,28,1993,14.2,31.0,39.4,78.7,476.7,109.4,15.7,18.8,83.5,11.7,13.6,86.0,1.97,3.38,58.3,0.35,0.20,0.11,0.15,1.34,3.10,01.06,0.21,3.45,Matchs
2612,Morten Thorsby,no NOR,MT,Union Berlin,de Bundesliga,26,1996,9.3,12.8,20.5,62.3,176.3,60.9,7.53,10.5,71.4,3.76,6.45,58.3,0.54,1.40,38.5,0.11,0.05,0.03,0.05,0.75,1.29,0.43,0.11,1.61,Matchs
2613,Kristian Thorstvedt,no NOR,MT,Sassuolo,it Serie A,23,1999,12.6,29.5,38.7,76.2,444.3,143.0,16.5,19.8,83.5,10.3,13.3,77.8,1.51,2.54,59.4,0.08,0.09,0.10,-0.01,0.79,3.49,0.48,0.08,4.76,Matchs
2614,Khéphren Thuram,fr FRA,MT,Nice,fr Ligue 1,21,2001,28.3,40.8,48.0,85.1,655.7,153.5,19.7,22.0,89.7,17.1,19.2,89.1,2.61,3.92,66.7,0.14,0.18,0.14,-0.04,1.27,3.78,0.85,0.07,4.52,Matchs
2615,Marcus Thuram,fr FRA,AT,M'Gladbach,de Bundesliga,24,1997,27.9,14.9,20.1,74.0,189.2,31.1,9.32,11.6,80.2,4.16,5.38,77.3,0.22,0.50,42.9,0.22,0.19,0.11,0.03,01.04,0.57,0.72,0.00,1.65,Matchs
2616,Alexis Tibidi,fr FRA,"AT,MT",Troyes,fr Ligue 1,18,2003,0.8,23.8,28.8,82.6,338.8,5.00,12.5,15.0,83.3,7.50,8.75,85.7,1.25,2.50,50.0,0.00,0.00,0.00,0.00,0.00,0.00,0.00,0.00,0.00,Matchs
2617,Youri Tielemans,be BEL,MT,Leicester City,eng Premier League,25,1997,26.0,50.1,62.4,80.3,821.9,286.5,25.0,28.2,88.7,19.3,22.8,84.6,4.27,8.00,53.4,0.08,0.18,0.13,-0.10,1.15,6.50,01.08,0.27,6.96,Matchs
2618,Kieran Tierney,sct SCO,DF,Arsenal,eng Premier League,25,1997,8.8,41.1,55.2,74.5,754.1,232.7,17.3,19.5,88.4,19.3,24.4,79.1,3.98,7.84,50.7,0.11,0.03,0.05,0.08,0.45,3.98,01.02,0.11,04.09,Matchs
2619,Steffen Tigges,de GER,AT,Köln,de Bundesliga,24,1998,17.7,11.3,19.7,57.5,163.8,42.3,6.33,10.0,63.3,3.67,5.71,64.4,0.62,1.19,52.4,0.06,0.11,0.07,-0.05,0.96,1.47,0.73,0.17,1.75,Matchs
2620,Jean-Clair Todibo,fr FRA,DF,Nice,fr Ligue 1,22,1999,31.9,60.5,68.4,88.5,1178.0,441.7,19.2,20.3,95.0,35.5,37.6,94.7,05.05,09.06,55.7,0.00,0.01,0.02,-0.01,0.16,4.29,0.19,0.03,4.80,Matchs
2621,Harry Toffolo,eng ENG,DF,Nott'ham Forest,eng Premier League,26,1995,10.4,23.3,37.2,62.5,366.0,181.9,13.1,16.0,81.9,8.85,14.2,62.2,01.06,4.52,23.4,0.00,0.08,0.09,-0.08,0.48,1.35,0.67,0.38,2.79,Matchs
2622,Umut Tohumcu,de GER,"MT,DF",Hoffenheim,de Bundesliga,17,2004,3.0,18.7,26.0,71.8,305.0,84.7,9.00,11.3,79.4,7.33,8.33,88.0,1.33,3.00,44.4,0.00,0.03,0.03,-0.03,0.67,3.00,0.00,0.00,2.33,Matchs
2623,Karl Toko Ekambi,cm CMR,"AT,MT",Rennes,fr Ligue 1,29,1992,10.8,19.3,26.7,72.2,271.1,55.5,10.7,13.5,79.5,7.13,9.91,72.0,0.46,0.74,62.5,0.19,0.13,0.08,0.06,1.11,0.93,0.74,0.19,1.94,Matchs
2624,Karl Toko Ekambi,cm CMR,"AT,MT",Lyon,fr Ligue 1,29,1992,15.0,32.9,41.1,79.9,531.9,88.7,17.3,20.9,83.1,12.1,14.2,85.0,2.40,3.20,75.0,0.13,0.20,0.21,-0.07,1.73,1.93,1.00,0.13,2.40,Matchs
2625,Corentin Tolisso,fr FRA,MT,Lyon,fr Ligue 1,27,1994,22.6,75.7,86.3,87.7,1374.5,430.4,32.8,36.0,91.0,31.0,34.3,90.5,9.51,11.9,80.2,0.09,0.19,0.23,-0.11,1.42,9.20,1.68,0.40,10.2,Matchs
Clt,Joueur,Nation,Pos,Équipe,Comp,Âge,Naissance,90,Cmp,Att,Cmp%,TotDist,DistBut,Cmp,Att,Cmp%,Cmp,Att,Cmp%,Cmp,Att,Cmp%,PD,xAG,xA,A-xAG,PC,1/3,PPA,CntSR,PrgP,Matchs
2626,Jeremy Toljan,de GER,DF,Sassuolo,it Serie A,27,1994,29.7,45.9,54.2,84.7,739.2,272.2,24.3,26.7,91.0,17.0,19.4,87.7,3.50,5.49,63.8,0.03,0.08,0.05,-0.05,0.74,4.18,0.77,0.24,4.78,Matchs
2627,Rafael Tolói,it ITA,DF,Atalanta,it Serie A,31,1990,30.9,43.7,54.4,80.3,800.0,297.9,18.4,20.3,90.9,20.0,22.9,87.6,4.69,9.39,50.0,0.03,0.04,0.04,-0.01,0.55,04.08,0.49,0.06,4.79,Matchs
2628,Raúl de Tomás,es ESP,AT,Rayo Vallecano,es La Liga,27,1994,8.9,12.8,17.4,73.5,210.6,34.0,6.52,7.64,85.3,4.16,5.17,80.4,1.35,2.70,50.0,0.00,0.06,0.10,-0.06,01.01,0.90,0.79,0.00,02.02,Matchs
2629,Tiago Tomás,pt POR,"AT,MT",Stuttgart,de Bundesliga,20,2002,14.3,13.8,22.8,60.4,208.7,63.8,8.46,11.1,76.1,3.43,5.73,59.8,1.33,03.01,44.2,0.21,0.25,0.16,-0.04,1.40,0.70,1.12,0.35,1.75,Matchs
2630,Takehiro Tomiyasu,jp JPN,DF,Arsenal,eng Premier League,23,1998,7.4,51.9,64.1,81.0,872.0,275.1,23.4,27.0,86.5,23.1,26.9,85.9,04.05,7.57,53.6,0.14,0.08,0.03,0.05,0.54,5.54,0.81,0.27,6.89,Matchs
2631,James Tomkins,eng ENG,DF,Crystal Palace,eng Premier League,33,1989,3.8,36.3,45.0,80.7,696.1,216.3,12.4,14.5,85.5,20.8,22.9,90.8,3.16,7.11,44.4,0.00,0.00,0.00,0.00,0.00,0.53,0.00,0.00,0.53,Matchs
2632,Fikayo Tomori,eng ENG,DF,Milan,it Serie A,24,1997,30.7,55.3,62.6,88.3,1119.7,353.8,18.5,19.8,93.4,28.5,30.7,93.0,7.88,10.6,74.7,0.03,0.03,0.03,0.01,0.29,2.96,0.23,0.00,3.97,Matchs
2633,Sandro Tonali,it ITA,MT,Milan,it Serie A,22,2000,30.1,39.4,52.0,75.7,698.0,215.4,17.5,20.3,86.2,16.0,19.4,82.7,4.62,9.24,50.0,0.23,0.19,0.15,0.04,02.06,4.12,0.96,0.27,5.28,Matchs
2634,Lorenzo Tonelli,it ITA,DF,Empoli,it Serie A,32,1990,0.2,25.0,35.0,71.4,405.0,230.0,15.0,15.0,100.0,5.00,10.0,50.0,5.00,10.0,50.0,0.00,0.00,0.00,0.00,0.00,0.00,0.00,0.00,0.00,Matchs
2635,Ivan Toney,eng ENG,AT,Brentford,eng Premier League,26,1996,32.8,14.3,24.0,59.5,181.3,62.1,9.12,12.9,70.5,3.14,5.49,57.2,0.73,1.62,45.3,0.12,0.16,0.11,-0.03,0.82,1.65,0.79,0.15,2.41,Matchs
2636,Pablo Torre,es ESP,"AT,MT",Barcelona,es La Liga,19,2003,1.6,48.1,61.3,78.6,641.3,183.8,33.8,38.8,87.1,10.0,11.9,84.2,3.13,7.50,41.7,0.00,0.31,0.25,-0.31,2.50,5.63,1.88,0.00,6.88,Matchs
2637,David Torres,es ESP,DF,Valladolid,es La Liga,19,2003,4.3,42.8,53.7,79.7,794.2,256.3,15.3,16.7,91.7,24.2,27.2,88.9,3.26,7.44,43.8,0.00,0.00,0.00,0.00,0.23,1.86,0.00,0.00,2.56,Matchs
2638,Ferrán Torres,es ESP,"AT,MT",Barcelona,es La Liga,22,2000,15.5,28.2,37.2,75.9,436.9,95.4,16.1,18.4,87.7,9.29,12.4,75.0,2.13,4.00,53.2,0.13,0.26,0.27,-0.14,1.61,0.84,1.87,0.71,2.84,Matchs
2639,Óliver Torres,es ESP,"MT,AT",Sevilla,es La Liga,27,1994,23.7,36.4,46.6,78.1,610.5,158.1,19.5,22.3,87.3,11.5,14.4,79.5,4.14,6.33,65.3,0.04,0.14,0.14,-0.10,1.56,4.14,1.22,0.34,5.74,Matchs
2640,Pau Torres,es ESP,DF,Villarreal,es La Liga,25,1997,33.9,54.7,64.3,85.1,1096.9,378.3,18.6,20.1,92.9,27.6,30.2,91.2,7.73,12.2,63.3,0.00,0.03,0.04,-0.03,0.41,5.52,0.41,0.03,5.81,Matchs
2641,Roberto Torres,es ESP,"AT,MT",Osasuna,es La Liga,33,1989,0.1,120.0,130.0,92.3,2230.0,500.0,50.0,50.0,100.0,20.0,30.0,66.7,30.0,30.0,100.0,0.00,3.00,2.00,-3.00,20.0,0.00,0.00,0.00,0.00,Matchs
2642,Lucas Torró,es ESP,MT,Osasuna,es La Liga,28,1994,27.5,34.2,42.4,80.6,550.6,148.7,18.0,20.8,86.9,12.7,15.1,84.3,2.47,4.22,58.6,0.00,0.01,0.01,-0.01,0.33,2.91,0.00,0.00,3.56,Matchs
2643,Nabil Touaizi,ma MAR,MT,Espanyol,es La Liga,21,2001,0.0,1,1,100.0,17,0,0,0,,1,1,100.0,0,0,,0,0.0,0.0,0.0,0,0,0,0,1,Matchs
2644,Almamy Touré,ml MLI,DF,Eint Frankfurt,de Bundesliga,26,1996,4.4,42.7,52.7,81.0,774.3,285.9,15.5,17.3,89.5,22.5,26.1,86.1,3.86,6.36,60.7,0.23,0.14,0.11,0.09,0.23,2.50,0.23,0.00,3.86,Matchs
2645,Birama Touré,ml MLI,MT,Auxerre,fr Ligue 1,30,1992,37.8,32.7,40.7,80.4,631.4,194.2,12.3,14.4,85.5,13.7,15.8,86.4,5.26,7.70,68.4,0.00,0.01,0.02,-0.01,0.13,3.20,0.29,0.00,3.65,Matchs
2646,Mohamed Toure,au AUS,"AT,MT",Reims,fr Ligue 1,18,2004,0.3,10.0,20.0,50.0,153.3,50.0,6.67,13.3,50.0,3.33,3.33,100.0,0.00,3.33,0.0,0.00,0.00,0.00,0.00,3.33,0.00,0.00,0.00,3.33,Matchs
2647,Souleymane Touré,fr FRA,DF,Marseille,fr Ligue 1,19,2003,0.8,40.0,47.5,84.2,728.8,197.5,12.5,16.3,76.9,26.3,28.8,91.3,1.25,2.50,50.0,0.00,0.00,0.00,0.00,0.00,3.75,0.00,0.00,2.50,Matchs
2648,Souleymane Touré,fr FRA,DF,Auxerre,fr Ligue 1,19,2003,17.6,38.7,44.4,87.1,726.4,233.7,12.7,14.8,85.4,20.4,21.6,94.2,4.32,06.02,71.7,0.00,0.02,0.02,-0.02,0.45,2.33,0.23,0.00,2.56,Matchs
2649,Lucas Tousart,fr FRA,MT,Hertha BSC,de Bundesliga,25,1997,32.7,16.2,27.1,59.9,257.7,98.9,8.20,12.3,66.7,06.02,8.62,69.9,1.10,2.87,38.3,0.06,0.06,0.06,0.00,0.55,2.20,0.28,0.09,2.84,Matchs
2650,Yoann Touzghar,tn TUN,AT,Ajaccio,fr Ligue 1,35,1986,5.0,16.0,22.4,71.4,193.6,39.2,11.8,14.8,79.7,2.60,4.00,65.0,0.40,0.60,66.7,0.00,0.00,0.02,0.00,0.20,1.00,0.00,0.00,1.40,Matchs
Clt,Joueur,Nation,Pos,Équipe,Comp,Âge,Naissance,90,Cmp,Att,Cmp%,TotDist,DistBut,Cmp,Att,Cmp%,Cmp,Att,Cmp%,Cmp,Att,Cmp%,PD,xAG,xA,A-xAG,PC,1/3,PPA,CntSR,PrgP,Matchs
2651,Adama Traoré,es ESP,"AT,MT",Wolves,eng Premier League,26,1996,16.6,19.6,29.8,65.8,290.7,74.0,11.9,15.9,75.0,5.12,7.77,65.9,1.51,2.77,54.3,0.06,0.22,0.19,-0.16,1.45,01.02,1.33,0.84,2.17,Matchs
2652,Bertrand Traoré,bf BFA,"AT,MT",Aston Villa,eng Premier League,26,1995,2.6,22.7,28.8,78.7,333.8,99.2,13.8,15.4,90.0,6.92,08.08,85.7,1.15,1.92,60.0,0.00,0.04,0.04,-0.04,0.38,0.38,1.92,1.15,3.46,Matchs
2653,Boubacar Traoré,ml MLI,MT,Wolves,eng Premier League,20,2001,4.6,25.7,32.4,79.2,424.3,134.1,12.2,14.3,84.8,12.0,13.7,87.3,1.30,2.39,54.5,0.22,0.04,0.02,0.17,0.22,3.48,0.22,0.00,1.74,Matchs
2654,Charles Traore,ml MLI,DF,Nantes,fr Ligue 1,30,1992,5.4,33.5,44.3,75.7,624.3,264.3,12.6,15.0,84.0,15.6,19.8,78.5,3.89,07.04,55.3,0.00,0.09,0.07,-0.09,0.37,3.33,0.74,0.37,02.04,Matchs
2655,Hamari Traoré,ml MLI,DF,Rennes,fr Ligue 1,30,1992,28.1,54.8,65.0,84.4,967.4,292.8,22.5,25.2,89.3,27.0,30.9,87.4,4.41,6.90,63.9,0.14,0.09,0.13,0.05,0.78,4.70,1.21,0.46,5.66,Matchs
2656,Kevin Trapp,de GER,GB,Eint Frankfurt,de Bundesliga,32,1990,33.0,18.7,26.9,69.4,468.1,305.1,04.03,04.06,99.3,9.91,10.1,98.5,4.58,12.5,36.7,0.00,0.00,0.00,0.00,0.00,0.27,0.00,0.00,0.00,Matchs
2657,Mark Travers,ie IRL,GB,Bournemouth,eng Premier League,23,1999,11.5,24.4,32.0,76.4,692.4,491.7,8.43,8.43,100.0,8.78,8.87,99.0,7.13,14.6,48.8,0.00,0.00,0.00,0.00,0.00,0.43,0.00,0.00,0.00,Matchs
2658,Óscar Trejo,ar ARG,"MT,AT",Rayo Vallecano,es La Liga,34,1988,23.8,34.1,42.2,80.7,467.2,127.9,20.9,23.4,89.1,9.79,11.9,82.3,1.51,2.90,52.2,0.17,0.14,0.12,0.03,1.81,4.50,0.97,0.08,5.17,Matchs
2659,Manu Trigueros,es ESP,MT,Villarreal,es La Liga,30,1991,9.2,51.6,58.0,89.0,751.1,216.6,29.3,31.3,93.8,16.8,19.0,88.6,2.72,3.80,71.4,0.11,0.12,0.08,-0.01,01.09,7.50,1.30,0.11,8.26,Matchs
2660,Christopher Trimmel,at AUT,DF,Union Berlin,de Bundesliga,35,1987,20.1,32.3,51.7,62.4,576.7,250.6,14.6,17.4,83.7,13.1,18.0,72.9,3.73,13.0,28.6,0.30,0.16,0.16,0.14,1.74,2.64,1.29,0.90,3.23,Matchs
2661,Théo Trinker,fr FRA,MT,Nice,fr Ligue 1,21,2001,0.0,0,0,,0,0,0,0,,0,0,,0,0,,0,0.0,0.0,0.0,0,0,0,0,0,Matchs
2662,Kieran Trippier,eng ENG,DF,Newcastle Utd,eng Premier League,31,1990,37.1,53.8,75.1,71.6,1027.4,453.1,23.6,26.7,88.4,20.1,26.4,76.0,8.98,18.2,49.4,0.19,0.33,0.32,-0.15,2.96,4.91,2.61,0.70,07.01,Matchs
2663,William Troost-Ekong,ng NGA,DF,Salernitana,it Serie A,28,1993,4.9,30.2,36.5,82.7,636.1,213.7,6.33,7.35,86.1,20.8,22.9,91.1,2.65,4.90,54.2,0.00,0.00,0.00,0.00,0.00,0.20,0.20,0.20,1.22,Matchs
2664,Leandro Trossard,be BEL,AT,Arsenal,eng Premier League,27,1994,10.3,33.7,43.9,76.8,560.2,145.7,16.0,18.5,86.4,12.9,15.3,84.2,3.40,5.73,59.3,0.97,0.46,0.38,0.51,2.14,1.94,2.91,0.49,5.53,Matchs
2665,Leandro Trossard,be BEL,"AT,MT",Brighton,eng Premier League,27,1994,14.6,26.0,36.2,71.6,426.2,131.5,13.6,16.2,84.3,8.49,12.2,69.7,2.74,4.32,63.5,0.14,0.14,0.14,-0.01,1.58,2.88,1.71,0.48,4.59,Matchs
2666,Adrien Truffert,fr FRA,DF,Rennes,fr Ligue 1,20,2001,21.7,51.0,64.3,79.3,807.1,242.0,25.1,28.6,87.6,22.4,28.8,77.9,2.40,04.01,59.8,0.28,0.07,0.07,0.21,01.01,3.27,0.78,0.46,4.10,Matchs
2667,Frank Tsadjout,it ITA,AT,Cremonese,it Serie A,23,1999,11.7,15.7,23.2,67.9,200.0,34.2,9.66,13.2,72.9,4.62,6.50,71.1,0.26,0.68,37.5,0.09,0.04,0.03,0.04,0.85,1.20,0.43,0.00,1.54,Matchs
2668,Kostas Tsimikas,gr GRE,DF,Liverpool,eng Premier League,26,1996,8.6,55.1,71.9,76.7,974.3,275.1,25.9,29.7,87.5,21.5,26.2,82.2,6.51,12.9,50.5,0.47,0.19,0.15,0.28,02.09,2.33,0.81,0.47,03.02,Matchs
2669,Theocharis Tsingaras,gr GRE,MT,Toulouse,fr Ligue 1,21,2000,0.1,40.0,50.0,80.0,740.0,250.0,20.0,20.0,100.0,20.0,20.0,100.0,0.00,0.00,,0.00,1.00,0.00,-1.00,10.0,0.00,0.00,0.00,10.0,Matchs
2670,Viktor Tsyhankov,ua UKR,MT,Girona,es La Liga,24,1997,16.5,26.2,37.7,69.6,402.9,113.5,15.6,19.3,80.6,6.55,9.76,67.1,2.97,4.79,62.0,0.36,0.18,0.18,0.19,2.18,1.27,0.97,0.12,2.79,Matchs
2671,Alessandro Tuia,it ITA,DF,Lecce,it Serie A,32,1990,5.7,24.9,35.8,69.6,566.0,209.3,5.44,7.37,73.8,14.4,17.5,82.0,4.56,10.2,44.8,0.00,0.00,0.02,0.00,0.18,2.63,0.18,0.18,3.51,Matchs
2672,Martin Turk,si SVN,GB,Sampdoria,it Serie A,18,2003,4.0,22.3,35.5,62.7,775.8,665.8,2.50,2.50,100.0,8.25,8.75,94.3,11.0,23.8,46.3,0.00,0.00,0.00,0.00,0.00,0.25,0.00,0.00,0.00,Matchs
2673,Beñat Turrientes,es ESP,"MT,AT",Real Sociedad,es La Liga,20,2002,1.2,33.3,39.2,85.1,589.2,94.2,16.7,19.2,87.0,11.7,11.7,100.0,4.17,7.50,55.6,0.00,0.17,0.00,-0.17,1.67,2.50,0.00,0.00,1.67,Matchs
2674,Tuta,br BRA,DF,Eint Frankfurt,de Bundesliga,23,1999,30.2,49.2,61.4,80.1,944.9,348.1,16.0,18.0,88.8,27.4,31.3,87.6,5.33,10.4,51.3,0.03,0.03,0.03,0.01,0.20,3.11,0.20,0.03,3.54,Matchs
2675,Destiny Udogie,it ITA,DF,Udinese,it Serie A,19,2002,30.0,31.0,37.6,82.6,463.9,158.4,17.4,19.6,88.8,11.6,13.7,84.9,1.23,1.70,72.5,0.13,0.14,0.07,-0.01,1.13,2.23,1.00,0.13,3.53,Matchs
Clt,Joueur,Nation,Pos,Équipe,Comp,Âge,Naissance,90,Cmp,Att,Cmp%,TotDist,DistBut,Cmp,Att,Cmp%,Cmp,Att,Cmp%,Cmp,Att,Cmp%,PD,xAG,xA,A-xAG,PC,1/3,PPA,CntSR,PrgP,Matchs
2676,Ike Ugbo,ca CAN,"AT,MT",Troyes,fr Ligue 1,23,1998,9.9,9.70,13.8,70.1,120.0,15.8,5.76,7.68,75.0,03.03,3.84,78.9,0.00,0.30,0.0,0.10,0.05,0.03,0.05,0.30,0.61,0.00,0.00,0.81,Matchs
2677,Lesley Ugochukwu,fr FRA,MT,Rennes,fr Ligue 1,18,2004,14.8,38.2,43.8,87.3,711.6,163.2,14.4,16.8,85.5,18.6,20.1,92.9,4.32,5.20,83.1,0.07,0.05,0.04,0.01,0.20,2.91,0.20,0.00,3.38,Matchs
2678,Samir Ujkani,xk KVX,GB,Empoli,it Serie A,34,1988,0.1,30.0,30.0,100.0,640.0,450.0,10.0,10.0,100.0,20.0,20.0,100.0,0.00,0.00,,0.00,0.00,0.00,0.00,0.00,0.00,0.00,0.00,0.00,Matchs
2679,Sven Ulreich,de GER,GB,Bayern Munich,de Bundesliga,33,1988,3.0,36.7,43.7,84.0,760.7,510.3,13.7,13.7,100.0,17.7,18.0,98.1,5.33,11.7,45.7,0.00,0.00,0.00,0.00,0.00,0.00,0.00,0.00,0.00,Matchs
2680,Lauren Ulrich,de GER,MT,Stuttgart,de Bundesliga,17,2005,0.1,40.0,50.0,80.0,520.0,70.0,30.0,30.0,100.0,10.0,20.0,50.0,0.00,0.00,,0.00,0.00,0.00,0.00,0.00,10.0,0.00,0.00,10.0,Matchs
2681,Samuel Umtiti,fr FRA,DF,Lecce,it Serie A,28,1993,23.5,30.8,36.9,83.4,606.1,209.7,10.3,12.0,86.5,15.8,16.9,93.7,4.13,6.77,61.0,0.00,0.00,0.01,-0.00,0.13,2.00,0.21,0.04,2.38,Matchs
2682,Enes Ünal,tr TUR,AT,Getafe,es La Liga,25,1997,33.0,13.5,22.7,59.5,167.5,38.0,8.52,12.2,69.6,3.33,6.15,54.2,0.42,0.94,45.2,0.09,0.11,0.06,-0.02,0.82,1.21,0.48,0.09,1.67,Matchs
2683,Deniz Undav,de GER,"AT,MT",Brighton,eng Premier League,26,1996,7.0,17.4,23.4,74.4,214.9,46.4,12.0,14.3,84.0,3.57,5.14,69.4,0.71,1.43,50.0,0.00,0.16,0.16,-0.16,1.14,1.14,0.43,0.00,1.43,Matchs
2684,Cengiz Ünder,tr TUR,"MT,DF",Marseille,fr Ligue 1,25,1997,27.7,28.1,40.2,69.8,478.2,154.2,14.6,17.5,83.7,9.21,13.2,69.7,3.21,6.57,48.9,0.14,0.29,0.27,-0.14,1.99,2.56,1.81,0.65,4.15,Matchs
2685,Dayot Upamecano,fr FRA,DF,Bayern Munich,de Bundesliga,23,1998,26.1,80.5,88.8,90.6,1632.9,594.4,22.8,24.6,93.0,47.9,50.4,95.1,9.43,12.8,73.9,0.04,0.01,0.04,0.03,0.23,7.85,0.23,0.00,6.48,Matchs
2686,Filip Uremović,hr CRO,DF,Hertha BSC,de Bundesliga,25,1997,19.2,26.8,34.3,78.1,503.2,147.3,8.59,10.6,81.3,16.5,18.9,87.3,1.41,3.85,36.5,0.00,0.02,0.02,-0.02,0.21,0.83,0.10,0.05,0.89,Matchs
2687,Oscar Ureña,es ESP,MT,Girona,es La Liga,19,2003,1.1,13.6,20.0,68.2,174.5,17.3,6.36,09.09,70.0,5.45,5.45,100.0,0.00,1.82,0.0,0.00,0.00,0.00,0.00,0.00,0.91,0.00,0.00,0.91,Matchs
2688,Jere Uronen,fi FIN,DF,Brest,fr Ligue 1,28,1994,3.3,37.9,47.6,79.6,644.5,242.1,16.1,18.8,85.5,16.7,18.5,90.2,3.33,6.67,50.0,0.30,0.06,0.21,0.24,0.30,3.64,1.82,1.52,4.55,Matchs
2689,Jere Uronen,fi FIN,DF,Schalke 04,de Bundesliga,28,1994,7.5,36.7,49.7,73.7,651.3,273.1,17.3,19.9,87.2,14.1,17.9,79.1,4.40,8.53,51.6,0.00,0.12,0.12,-0.12,1.20,2.53,0.93,0.93,4.00,Matchs
2690,Mark Uth,de GER,"MT,AT",Köln,de Bundesliga,30,1991,0.5,22.0,30.0,73.3,362.0,84.0,10.0,14.0,71.4,10.0,10.0,100.0,2.00,6.00,33.3,0.00,0.00,0.00,0.00,0.00,4.00,0.00,0.00,2.00,Matchs
2691,Josha Vagnoman,de GER,DF,Stuttgart,de Bundesliga,21,2000,16.4,27.6,35.6,77.6,418.8,129.6,15.1,17.7,84.9,10.0,13.2,75.6,1.46,02.01,72.7,0.12,0.10,0.12,0.02,0.67,1.71,0.85,0.18,2.62,Matchs
2692,Diego Valencia,cl CHI,"MT,AT",Salernitana,it Serie A,22,2000,2.6,20.0,28.8,69.3,289.6,75.0,14.2,16.9,84.1,03.08,5.38,57.1,1.92,2.69,71.4,0.00,0.04,0.00,-0.04,0.77,0.38,0.77,0.38,1.54,Matchs
2693,Óscar Valentín,es ESP,MT,Rayo Vallecano,es La Liga,27,1994,28.4,33.7,41.3,81.6,582.1,189.5,16.5,18.6,88.8,13.3,15.5,85.7,3.42,5.60,61.0,0.00,0.03,0.04,-0.03,0.67,4.86,0.18,0.04,4.68,Matchs
2694,Emanuele Valeri,it ITA,DF,Cremonese,it Serie A,23,1998,30.9,24.4,40.7,59.9,445.7,200.1,10.7,13.2,81.1,9.81,15.9,61.6,3.11,8.35,37.2,0.10,0.15,0.12,-0.05,1.72,2.14,1.68,01.04,2.91,Matchs
2695,Yan Valery,tn TUN,DF,Southampton,eng Premier League,23,1999,0.5,30.0,46.0,65.2,426.0,78.0,18.0,20.0,90.0,8.00,12.0,66.7,2.00,10.0,20.0,0.00,0.00,0.00,0.00,0.00,2.00,0.00,0.00,0.00,Matchs
2696,Yan Valery,tn TUN,DF,Angers,fr Ligue 1,23,1999,27.7,34.3,46.6,73.5,606.0,245.4,14.9,18.2,82.3,14.7,18.4,79.6,3.54,7.62,46.4,0.00,0.07,0.06,-0.07,0.43,2.49,0.61,0.51,03.03,Matchs
2697,Martin Valjent,sk SVK,DF,Mallorca,es La Liga,26,1995,29.5,30.0,38.1,78.8,575.0,249.2,12.2,13.2,92.3,14.0,16.6,84.7,3.56,7.22,49.3,0.00,0.01,0.01,-0.01,0.10,2.00,0.17,0.07,1.93,Matchs
2698,Jesús Vallejo,es ESP,DF,Real Madrid,es La Liga,25,1997,0.2,60.0,60.0,100.0,1120.0,400.0,20.0,20.0,100.0,30.0,30.0,100.0,5.00,5.00,100.0,0.00,0.00,0.00,0.00,0.00,5.00,0.00,0.00,0.00,Matchs
2699,Manu Vallejo,es ESP,"AT,MT",Girona,es La Liga,25,1997,2.3,29.6,38.7,76.4,447.4,100.9,17.8,21.7,82.0,9.57,12.6,75.9,1.74,2.17,80.0,0.43,0.13,0.13,0.30,1.30,3.48,1.30,0.43,4.35,Matchs
2700,Mattia Valoti,it ITA,"MT,AT",Monza,it Serie A,28,1993,5.0,24.4,33.2,73.5,401.8,93.2,11.0,13.6,80.9,9.40,12.8,73.4,2.60,4.00,65.0,0.00,0.02,0.02,-0.02,0.60,3.40,0.40,0.20,3.20,Matchs
Clt,Joueur,Nation,Pos,Équipe,Comp,Âge,Naissance,90,Cmp,Att,Cmp%,TotDist,DistBut,Cmp,Att,Cmp%,Cmp,Att,Cmp%,Cmp,Att,Cmp%,PD,xAG,xA,A-xAG,PC,1/3,PPA,CntSR,PrgP,Matchs
2701,Federico Valverde,uy URU,"MT,AT",Real Madrid,es La Liga,24,1998,27.8,51.3,59.0,87.0,758.7,153.8,30.8,32.9,93.4,15.3,17.6,86.7,3.56,4.89,72.8,0.14,0.23,0.18,-0.08,1.55,4.24,1.62,0.22,5.43,Matchs
2702,Virgil van Dijk,nl NED,DF,Liverpool,eng Premier League,31,1991,31.5,74.4,82.3,90.5,1445.2,529.2,26.8,28.6,93.7,39.2,41.5,94.6,7.75,10.9,70.9,0.03,0.04,0.03,-0.01,0.22,4.95,0.19,0.00,04.03,Matchs
2703,Vanderson,br BRA,"DF,MT",Monaco,fr Ligue 1,21,2001,24.6,42.2,56.2,75.2,724.2,259.8,20.0,24.0,83.4,16.5,21.0,78.5,4.19,7.80,53.6,0.16,0.14,0.13,0.02,1.10,3.46,1.26,0.57,4.39,Matchs
2704,Raphaël Varane,fr FRA,DF,Manchester Utd,eng Premier League,29,1993,21.2,45.0,52.2,86.3,848.5,269.4,15.0,16.7,89.9,26.0,28.2,92.3,3.40,06.04,56.3,0.00,0.01,0.02,-0.01,0.19,3.87,0.14,0.00,2.97,Matchs
2705,Jamie Vardy,eng ENG,AT,Leicester City,eng Premier League,35,1987,20.6,6.65,12.8,52.1,93.7,17.7,3.35,5.78,58.0,2.28,4.27,53.4,0.34,0.73,46.7,0.19,0.07,0.03,0.13,0.68,0.34,0.24,0.05,0.68,Matchs
2706,Ruben Vargas,ch SUI,"MT,AT",Augsburg,de Bundesliga,23,1998,12.6,17.1,29.5,57.8,284.8,86.3,7.86,10.4,75.6,7.30,12.5,58.6,1.19,3.49,34.1,0.32,0.17,0.15,0.14,1.27,02.06,1.27,0.48,3.33,Matchs
2707,Johan Vásquez,mx MEX,DF,Cremonese,it Serie A,23,1998,20.1,31.4,40.3,78.0,555.4,220.6,12.8,14.8,86.2,15.8,18.2,86.9,2.29,5.67,40.4,0.00,0.01,0.01,-0.01,0.30,1.94,0.20,0.05,2.39,Matchs
2708,Jesus Vazquez,es ESP,"DF,MT",Valencia,es La Liga,19,2003,3.4,41.8,50.3,83.0,553.5,199.1,27.9,30.6,91.3,12.4,15.3,80.8,0.88,02.06,42.9,0.00,0.09,0.15,-0.09,0.88,3.53,0.88,0.88,3.82,Matchs
2709,Kevin Vázquez,es ESP,"DF,MT",Celta Vigo,es La Liga,29,1993,4.9,35.3,47.8,73.9,536.9,234.5,20.6,23.5,87.8,11.6,16.3,71.3,02.04,4.69,43.5,0.00,0.02,0.04,-0.02,0.41,3.27,0.82,0.41,2.65,Matchs
2710,Lucas Vázquez,es ESP,DF,Real Madrid,es La Liga,31,1991,12.7,63.6,73.7,86.3,965.1,207.9,35.9,39.0,92.1,22.0,25.1,87.5,3.94,5.83,67.6,0.08,0.13,0.24,-0.05,1.65,2.20,2.36,0.47,3.94,Matchs
2711,Matías Vecino,uy URU,MT,Lazio,it Serie A,30,1991,18.8,44.1,51.5,85.7,653.8,182.3,25.5,28.0,91.3,14.9,17.2,87.0,2.34,3.62,64.7,0.00,0.03,0.03,-0.03,0.48,4.57,0.43,0.00,4.68,Matchs
2712,Gabriel Veiga,es ESP,MT,Celta Vigo,es La Liga,20,2002,25.5,21.6,29.1,74.4,346.9,115.2,11.2,13.9,80.5,7.84,10.2,76.6,1.84,2.86,64.4,0.16,0.10,0.11,0.05,1.10,3.10,0.86,0.08,4.27,Matchs
2713,Renato Veiga,pt POR,DF,Augsburg,de Bundesliga,19,2003,7.1,29.6,44.8,66.0,606.5,177.6,09.01,12.0,75.3,14.8,18.5,80.2,4.93,12.4,39.8,0.00,0.03,0.03,-0.03,0.28,0.99,0.56,0.14,1.97,Matchs
2714,Miloš Veljković,rs SRB,DF,Werder Bremen,de Bundesliga,26,1995,25.2,45.4,56.0,81.1,1008.4,428.8,10.5,12.2,86.0,26.4,29.3,90.0,08.02,12.9,62.0,0.08,0.03,0.03,0.05,0.28,03.02,0.08,0.00,3.21,Matchs
2715,Miguel Veloso,pt POR,MT,Hellas Verona,it Serie A,36,1986,12.9,33.3,46.4,71.6,666.7,257.0,12.5,14.8,84.3,14.6,17.4,83.9,5.58,11.9,47.1,0.00,0.16,0.14,-0.16,1.55,3.80,01.01,0.39,6.51,Matchs
2716,Joël Veltman,nl NED,DF,Brighton,eng Premier League,30,1992,24.3,51.9,62.2,83.4,898.4,292.2,21.9,24.4,89.6,25.7,29.3,87.8,3.46,5.84,59.2,0.04,0.03,0.05,0.01,0.41,6.46,0.53,0.16,6.30,Matchs
2717,Micky van de Ven,nl NED,DF,Wolfsburg,de Bundesliga,21,2001,33.0,46.7,53.3,87.7,926.3,301.1,13.9,15.2,91.4,28.1,29.8,94.4,4.39,7.15,61.4,0.03,0.04,0.04,-0.01,0.18,2.97,0.15,0.00,3.36,Matchs
2718,Unai Vencedor Paris,es ESP,MT,Athletic Club,es La Liga,21,2000,2.1,51.0,59.0,86.3,962.4,281.9,24.8,26.7,92.9,16.2,19.0,85.0,09.05,11.0,82.6,0.00,0.05,0.10,-0.05,0.95,6.19,0.95,0.00,7.62,Matchs
2719,Lorenzo Venuti,it ITA,DF,Fiorentina,it Serie A,27,1995,10.3,48.3,59.1,81.6,867.0,248.2,21.1,22.0,95.6,22.1,25.5,86.7,4.76,9.42,50.5,0.10,0.05,0.07,0.05,0.78,3.50,0.87,0.39,4.27,Matchs
2720,Daniele Verde,it ITA,"AT,MT",Spezia,it Serie A,26,1996,11.1,28.1,39.9,70.4,486.8,161.6,12.9,15.8,81.7,11.5,15.1,76.2,3.15,6.67,47.3,0.00,0.12,0.22,-0.12,1.62,2.52,1.53,0.54,3.78,Matchs
2721,Simone Verdi,it ITA,"MT,AT",Hellas Verona,it Serie A,30,1992,12.2,22.1,33.9,65.2,418.1,149.4,10.1,12.6,79.9,7.38,9.92,74.4,3.85,7.87,49.0,0.00,0.17,0.12,-0.17,1.64,3.11,0.98,0.41,3.77,Matchs
2722,Gonzalo Verdú,es ESP,DF,Elche,es La Liga,33,1988,7.8,34.5,43.3,79.6,726.7,251.9,8.33,9.62,86.7,22.1,23.8,92.5,3.97,8.97,44.3,0.00,0.00,0.01,0.00,0.00,01.03,0.00,0.00,1.67,Matchs
2723,Jordan Veretout,fr FRA,MT,Marseille,fr Ligue 1,29,1993,31.8,57.7,67.5,85.4,1110.2,313.2,21.3,23.8,89.3,27.0,30.1,89.6,7.64,10.7,71.7,0.09,0.12,0.12,-0.03,1.13,8.62,0.79,0.22,7.80,Matchs
2724,Marco Verratti,it ITA,MT,Paris S-G,fr Ligue 1,29,1992,24.4,97.7,105.5,92.6,1494.7,513.0,51.8,54.6,94.9,34.8,36.7,94.6,6.27,7.99,78.5,0.00,0.10,0.20,-0.10,1.35,9.10,2.25,0.12,10.7,Matchs
2725,Valerio Verre,it ITA,MT,Sampdoria,it Serie A,28,1994,7.5,37.6,53.1,70.9,682.1,224.3,18.1,21.5,84.5,13.2,18.0,73.3,5.47,9.87,55.4,0.00,0.15,0.12,-0.15,1.73,4.00,1.87,0.53,6.00,Matchs
Clt,Joueur,Nation,Pos,Équipe,Comp,Âge,Naissance,90,Cmp,Att,Cmp%,TotDist,DistBut,Cmp,Att,Cmp%,Cmp,Att,Cmp%,Cmp,Att,Cmp%,PD,xAG,xA,A-xAG,PC,1/3,PPA,CntSR,PrgP,Matchs
2726,Mikel Vesga,es ESP,MT,Athletic Club,es La Liga,29,1993,28.6,44.0,52.8,83.4,793.3,238.6,19.7,22.9,85.8,17.9,20.3,88.1,5.31,6.89,77.2,0.10,0.05,0.06,0.05,0.70,6.75,0.73,0.14,6.96,Matchs
2727,Guglielmo Vicario,it ITA,GB,Empoli,it Serie A,25,1996,30.9,29.9,41.3,72.3,802.0,548.0,5.47,5.50,99.4,15.5,15.8,98.4,8.87,20.0,44.3,0.00,0.00,0.00,0.00,0.00,0.61,0.00,0.00,0.00,Matchs
2728,João Victor,br BRA,DF,Nantes,fr Ligue 1,24,1998,9.4,36.9,46.4,79.6,679.8,182.4,14.1,17.0,83.1,17.9,21.1,84.8,4.15,6.81,60.9,0.11,0.06,0.04,0.04,0.43,02.02,0.53,0.32,4.26,Matchs
2729,Aleix Vidal,es ESP,"MT,AT",Espanyol,es La Liga,32,1989,11.4,24.5,33.7,72.7,436.8,121.0,12.9,15.4,83.5,7.89,11.1,70.9,3.25,4.65,69.8,0.26,0.19,0.11,0.07,1.32,1.67,0.88,0.35,02.02,Matchs
2730,Clément Vidal,fr FRA,"DF,MT",Ajaccio,fr Ligue 1,22,2000,21.1,28.6,37.2,76.9,608.3,274.3,7.77,9.81,79.2,15.1,17.8,84.6,5.17,8.39,61.6,0.00,0.01,0.03,-0.01,0.05,2.46,0.09,0.05,2.89,Matchs
2731,Nacho Vidal,es ESP,DF,Osasuna,es La Liga,27,1995,13.9,34.0,44.7,75.9,563.2,235.0,16.3,18.5,88.3,14.2,17.8,79.4,2.59,5.90,43.9,0.00,0.04,0.04,-0.04,0.22,2.37,0.58,0.22,3.38,Matchs
2732,Gabriel Vidovic,hr CRO,AT,Bayern Munich,de Bundesliga,18,2003,0.2,50.0,65.0,76.9,510.0,115.0,35.0,40.0,87.5,10.0,15.0,66.7,0.00,0.00,,5.00,0.50,0.50,4.50,10.0,0.00,5.00,0.00,5.00,Matchs
2733,Fabio Vieira,pt POR,"MT,AT",Arsenal,eng Premier League,22,2000,5.7,41.1,50.9,80.7,624.0,146.3,22.6,24.9,90.8,14.7,17.4,84.8,1.58,4.39,36.0,0.35,0.44,0.25,-0.09,2.11,4.56,1.23,0.35,6.14,Matchs
2734,Ronaldo Vieira,eng ENG,MT,Torino,it Serie A,24,1998,0.2,30.0,35.0,85.7,465.0,170.0,10.0,10.0,100.0,10.0,15.0,66.7,5.00,5.00,100.0,0.00,0.00,0.50,0.00,0.00,0.00,5.00,5.00,5.00,Matchs
2735,Ronaldo Vieira,eng ENG,MT,Sampdoria,it Serie A,24,1998,9.1,42.2,48.4,87.3,780.3,198.2,14.9,16.7,89.5,21.4,23.4,91.5,4.84,5.60,86.3,0.00,0.00,0.02,0.00,0.00,4.29,0.22,0.00,4.29,Matchs
2736,Emanuel Vignato,it ITA,"MT,AT",Bologna,it Serie A,21,2000,2.7,29.3,36.7,79.8,444.8,125.2,14.8,17.8,83.3,10.7,12.6,85.3,1.85,2.96,62.5,0.37,0.15,0.22,0.22,1.11,3.33,0.74,0.37,3.33,Matchs
2737,Emanuel Vignato,it ITA,"MT,AT",Empoli,it Serie A,21,2000,0.6,71.7,90.0,79.6,1195.0,191.7,35.0,41.7,84.0,28.3,31.7,89.5,5.00,10.0,50.0,0.00,0.17,0.33,-0.17,1.67,6.67,3.33,0.00,11.7,Matchs
2738,Samuele Vignato,it ITA,"MT,AT",Monza,it Serie A,18,2004,0.7,42.9,51.4,83.3,645.7,64.3,18.6,18.6,100.0,18.6,21.4,86.7,2.86,2.86,100.0,1.43,0.43,0.14,1.00,2.86,0.00,1.43,1.43,1.43,Matchs
2739,Tonny Vilhena,nl NED,MT,Salernitana,it Serie A,27,1995,25.2,26.3,34.3,76.6,431.3,129.5,13.7,15.6,87.8,8.89,10.7,83.3,2.42,4.76,50.8,0.04,0.07,0.06,-0.03,0.75,2.54,0.56,0.24,3.17,Matchs
2740,Toni Villa,es ESP,MT,Valladolid,es La Liga,27,1995,1.0,20.0,32.0,62.5,258.0,109.0,13.0,16.0,81.3,5.00,8.00,62.5,1.00,3.00,33.3,0.00,0.00,0.00,0.00,1.00,2.00,0.00,0.00,4.00,Matchs
2741,Toni Villa,es ESP,"MT,AT",Girona,es La Liga,27,1995,9.9,26.0,33.8,76.7,366.3,118.0,15.5,17.4,89.0,08.08,10.6,76.2,1.11,2.32,47.8,0.30,0.16,0.13,0.14,1.41,2.12,0.81,0.51,3.84,Matchs
2742,Asier Villalibre,es ESP,AT,Athletic Club,es La Liga,24,1997,1.1,10.0,16.4,61.1,148.2,35.5,5.45,8.18,66.7,4.55,5.45,83.3,0.00,0.00,,0.00,0.18,0.00,-0.18,1.82,0.91,0.91,0.00,1.82,Matchs
2743,Gonzalo Villar,es ESP,MT,Sampdoria,it Serie A,24,1998,7.7,41.2,49.5,83.2,700.6,176.2,17.7,21.0,84.0,18.8,21.4,87.9,3.51,5.32,65.9,0.00,0.00,0.03,0.00,0.00,3.25,0.13,0.00,3.38,Matchs
2744,Gonzalo Villar,es ESP,MT,Getafe,es La Liga,24,1998,5.1,40.2,50.6,79.5,639.0,181.8,19.0,21.8,87.4,16.5,21.4,77.1,2.94,4.12,71.4,0.00,0.06,0.08,-0.06,0.59,5.10,0.98,0.20,5.29,Matchs
2745,Iván Villar,es ESP,GB,Celta Vigo,es La Liga,25,1997,19.0,21.8,31.5,69.1,621.8,443.2,3.42,3.53,97.0,11.9,12.3,97.4,6.42,15.4,41.8,0.00,0.00,0.00,0.00,0.05,0.32,0.00,0.00,0.05,Matchs
2746,Matías Viña,uy URU,DF,Bournemouth,eng Premier League,24,1997,5.1,27.5,36.3,75.7,412.4,170.6,16.5,18.2,90.3,9.61,12.4,77.8,0.98,2.75,35.7,0.00,0.04,0.02,-0.04,0.39,1.96,0.78,0.00,3.33,Matchs
2747,Matías Viña,uy URU,DF,Roma,it Serie A,24,1997,0.6,36.7,50.0,73.3,653.3,113.3,13.3,16.7,80.0,18.3,26.7,68.8,3.33,5.00,66.7,0.00,0.17,0.00,-0.17,1.67,5.00,0.00,0.00,3.33,Matchs
2748,Rúben Vinagre,pt POR,"DF,MT",Everton,eng Premier League,23,1999,0.3,50.0,80.0,62.5,743.3,86.7,23.3,33.3,70.0,23.3,33.3,70.0,0.00,0.00,,0.00,0.00,0.00,0.00,0.00,6.67,0.00,0.00,0.00,Matchs
2749,Carlos Vinícius,br BRA,AT,Fulham,eng Premier League,27,1995,12.3,9.67,15.4,63.0,119.5,31.5,5.77,8.29,69.6,2.60,3.82,68.1,0.33,0.73,44.4,0.16,0.07,0.07,0.10,0.57,0.98,0.41,0.08,1.22,Matchs
2750,Alan Virginius,fr FRA,AT,Lille,fr Ligue 1,19,2003,2.9,20.0,25.9,77.3,283.8,66.2,10.7,13.1,81.6,7.59,7.93,95.7,0.34,0.69,50.0,0.00,0.00,0.07,0.00,0.34,02.07,01.03,0.00,3.45,Matchs
Clt,Joueur,Nation,Pos,Équipe,Comp,Âge,Naissance,90,Cmp,Att,Cmp%,TotDist,DistBut,Cmp,Att,Cmp%,Cmp,Att,Cmp%,Cmp,Att,Cmp%,PD,xAG,xA,A-xAG,PC,1/3,PPA,CntSR,PrgP,Matchs
2751,Mattia Viti,it ITA,DF,Nice,fr Ligue 1,20,2002,7.0,43.3,51.4,84.2,720.4,224.1,20.0,22.1,90.3,19.0,20.6,92.4,3.14,6.14,51.2,0.00,0.00,0.00,0.00,0.00,2.00,0.00,0.00,2.71,Matchs
2752,Vitinha,pt POR,AT,Marseille,fr Ligue 1,22,2000,5.2,14.8,21.0,70.6,196.7,44.4,8.85,11.7,75.4,04.04,5.00,80.8,0.58,0.77,75.0,0.00,0.04,0.04,-0.04,0.58,1.35,0.38,0.00,1.73,Matchs
2753,Vitinha,pt POR,MT,Paris S-G,fr Ligue 1,22,2000,27.2,65.7,71.5,91.8,961.3,212.2,35.3,37.4,94.3,22.5,24.2,93.3,3.49,4.15,84.1,0.11,0.11,0.13,0.00,0.99,6.25,0.88,0.04,05.04,Matchs
2754,Daniel Vivian,es ESP,DF,Athletic Club,es La Liga,23,1999,26.4,44.1,54.6,80.8,950.2,351.6,12.0,13.6,88.0,24.8,27.8,89.1,7.23,11.8,61.4,0.00,0.03,0.02,-0.03,0.23,4.47,0.11,0.00,4.70,Matchs
2755,Dušan Vlahović,rs SRB,AT,Juventus,it Serie A,22,2000,21.4,12.7,17.8,71.1,213.1,37.1,5.75,7.52,76.4,05.05,6.36,79.4,1.12,1.82,61.5,0.09,0.11,0.04,-0.02,0.98,01.07,0.56,0.05,1.87,Matchs
2756,Nikola Vlašić,hr CRO,"MT,AT",Torino,it Serie A,24,1997,30.3,25.6,32.4,79.0,360.7,81.7,14.8,16.8,87.8,7.72,9.44,81.8,1.39,02.05,67.7,0.20,0.14,0.11,0.06,02.08,2.31,0.86,0.26,3.50,Matchs
2757,Joel Voelkerling Persson,se SWE,"AT,MT",Lecce,it Serie A,19,2003,1.1,21.8,35.5,61.5,219.1,60.9,14.5,17.3,84.2,4.55,10.9,41.7,0.00,1.82,0.0,0.00,0.00,0.00,0.00,0.91,0.00,0.91,0.00,2.73,Matchs
2758,Kevin Vogt,de GER,DF,Hoffenheim,de Bundesliga,30,1991,19.7,52.4,61.0,86.0,1124.2,501.4,13.8,15.4,89.5,29.3,31.9,91.9,8.68,12.3,70.7,0.00,0.02,0.04,-0.02,0.20,4.47,0.66,0.10,5.28,Matchs
2759,Mërgim Vojvoda,xk KVX,DF,Torino,it Serie A,27,1995,19.1,46.4,59.8,77.6,787.1,321.2,22.8,26.3,86.7,19.0,23.6,80.7,3.72,6.86,54.2,0.26,0.19,0.14,0.07,1.20,05.08,1.41,0.26,6.54,Matchs
2760,Kevin Volland,de GER,"AT,MT",Monaco,fr Ligue 1,30,1992,7.1,15.8,28.2,56.0,242.1,101.7,9.15,14.4,63.7,4.23,07.04,60.0,1.41,2.82,50.0,0.28,0.23,0.18,0.06,1.97,1.97,1.13,0.00,4.37,Matchs
2761,Cristian Volpato,it ITA,MT,Roma,it Serie A,18,2003,2.5,33.2,42.0,79.0,602.8,162.8,15.2,17.2,88.4,10.8,13.2,81.8,6.00,8.80,68.2,0.40,0.48,0.12,-0.08,1.60,3.60,2.00,0.80,7.20,Matchs
2762,Lukáš Vorlický,cz CZE,"MT,AT",Atalanta,it Serie A,20,2002,0.3,63.3,103.3,61.3,903.3,146.7,43.3,53.3,81.3,10.0,30.0,33.3,6.67,10.0,66.7,0.00,0.00,0.00,0.00,0.00,3.33,3.33,0.00,10.0,Matchs
2763,Aster Vranckx,be BEL,MT,Milan,it Serie A,19,2002,2.7,35.6,47.0,75.6,552.6,140.4,20.0,23.0,87.1,12.2,14.8,82.5,2.59,6.30,41.2,0.00,0.11,0.07,-0.11,0.37,2.59,0.74,0.37,1.48,Matchs
2764,Aster Vranckx,be BEL,MT,Wolfsburg,de Bundesliga,19,2002,0.1,20.0,30.0,66.7,320.0,100.0,10.0,10.0,100.0,10.0,20.0,50.0,0.00,0.00,,0.00,0.00,0.00,0.00,0.00,0.00,0.00,0.00,0.00,Matchs
2765,Stefan de Vrij,nl NED,DF,Inter,it Serie A,30,1992,21.6,49.9,55.8,89.4,905.2,271.3,16.9,18.1,93.6,29.4,31.2,94.1,3.10,5.14,60.4,0.00,0.01,0.03,-0.01,0.05,1.94,0.00,0.00,2.55,Matchs
2766,Robert Wagner,de GER,MT,Freiburg,de Bundesliga,19,2003,0.4,17.5,37.5,46.7,247.5,87.5,5.00,12.5,40.0,10.0,15.0,66.7,0.00,2.50,0.0,0.00,0.00,0.00,0.00,0.00,0.00,0.00,0.00,0.00,Matchs
2767,Elye Wahi,fr FRA,AT,Montpellier,fr Ligue 1,19,2003,27.9,10.7,15.8,68.0,128.3,22.8,5.95,8.35,71.2,2.54,3.69,68.9,0.29,0.50,57.1,0.18,0.13,0.07,0.05,0.79,0.61,0.22,0.00,0.90,Matchs
2768,Walace,br BRA,MT,Udinese,it Serie A,27,1995,35.4,41.9,50.0,83.7,777.9,235.7,16.6,18.9,87.5,18.8,21.0,89.5,5.34,7.26,73.5,0.03,0.05,0.03,-0.02,0.48,4.32,0.34,0.08,4.80,Matchs
2769,Theo Walcott,eng ENG,"AT,MT",Southampton,eng Premier League,33,1989,12.5,14.4,21.0,68.7,182.7,41.3,9.60,12.1,79.5,3.12,5.44,57.4,0.32,1.12,28.6,0.16,0.16,0.14,0.00,1.20,0.56,0.56,0.16,1.12,Matchs
2770,Luca Waldschmidt,de GER,"AT,MT",Wolfsburg,de Bundesliga,26,1996,5.8,20.2,26.4,76.5,262.8,44.8,12.6,14.7,85.9,5.86,7.59,77.3,0.69,1.90,36.4,0.00,0.00,0.09,0.00,0.17,1.55,0.34,0.00,02.07,Matchs
2771,Kyle Walker,eng ENG,DF,Manchester City,eng Premier League,32,1990,21.8,76.2,86.8,87.8,1338.4,380.0,34.1,36.5,93.6,34.5,37.9,91.2,6.61,9.91,66.7,0.00,0.01,0.04,-0.01,0.28,8.67,0.46,0.18,7.43,Matchs
2772,Kyle Walker-Peters,eng ENG,DF,Southampton,eng Premier League,25,1997,29.4,34.7,45.0,77.0,505.6,197.6,20.6,22.9,90.2,11.3,15.0,75.5,1.63,3.78,43.2,0.00,0.05,0.09,-0.05,0.51,2.41,0.95,0.31,3.30,Matchs
2773,Sebastian Walukiewicz,pl POL,DF,Empoli,it Serie A,22,2000,6.7,51.5,59.1,87.1,1000.3,344.9,17.2,17.8,96.6,27.5,29.3,93.9,5.97,10.0,59.7,0.00,0.01,0.01,-0.01,0.15,1.94,0.15,0.00,1.94,Matchs
2774,Aaron Wan-Bissaka,eng ENG,DF,Manchester Utd,eng Premier League,24,1997,15.9,44.4,52.8,84.0,599.9,207.0,28.2,30.4,92.8,12.2,15.1,80.8,1.76,2.77,63.6,0.00,0.06,0.06,-0.06,0.94,03.02,0.63,0.13,3.46,Matchs
2775,Paul Wanner,de GER,MT,Bayern Munich,de Bundesliga,16,2005,0.3,23.3,30.0,77.8,286.7,90.0,13.3,16.7,80.0,6.67,10.0,66.7,0.00,0.00,,0.00,0.33,0.33,-0.33,3.33,0.00,3.33,0.00,3.33,Matchs
Clt,Joueur,Nation,Pos,Équipe,Comp,Âge,Naissance,90,Cmp,Att,Cmp%,TotDist,DistBut,Cmp,Att,Cmp%,Cmp,Att,Cmp%,Cmp,Att,Cmp%,PD,xAG,xA,A-xAG,PC,1/3,PPA,CntSR,PrgP,Matchs
2776,Danny Ward,wls WAL,GB,Leicester City,eng Premier League,29,1993,26.0,27.2,36.3,74.9,648.7,403.4,7.58,7.65,99.0,13.5,13.7,99.2,06.08,14.7,41.3,0.00,0.00,0.00,0.00,0.00,0.27,0.00,0.00,0.00,Matchs
2777,Joel Ward,eng ENG,DF,Crystal Palace,eng Premier League,32,1989,25.1,36.7,48.7,75.3,590.3,262.0,18.3,21.2,86.6,14.9,18.5,80.8,2.27,6.25,36.3,0.00,0.02,0.03,-0.02,0.36,3.19,0.44,0.24,04.02,Matchs
2778,James Ward-Prowse,eng ENG,MT,Southampton,eng Premier League,27,1994,37.5,45.8,58.0,78.9,773.3,232.5,22.2,24.6,90.5,18.3,21.6,84.9,04.08,9.12,44.7,0.11,0.17,0.14,-0.06,1.97,4.72,0.83,0.43,05.04,Matchs
2779,Ollie Watkins,eng ENG,AT,Aston Villa,eng Premier League,26,1995,34.7,11.3,16.3,69.1,134.9,24.2,7.52,9.91,75.9,2.42,3.52,68.9,0.35,0.43,80.0,0.17,0.11,0.08,0.06,0.89,0.66,0.46,0.06,1.12,Matchs
2780,Timothy Weah,us USA,"DF,AT",Lille,fr Ligue 1,22,2000,19.4,42.5,51.7,82.2,678.6,178.0,21.2,24.0,88.4,16.9,19.5,86.8,2.73,4.79,57.0,0.10,0.08,0.11,0.02,0.82,2.73,1.29,0.52,04.07,Matchs
2781,Adam Webster,eng ENG,DF,Brighton,eng Premier League,27,1995,22.1,68.5,77.6,88.3,1262.0,464.3,25.6,27.7,92.3,36.7,40.1,91.5,5.66,08.05,70.2,0.00,0.01,0.02,-0.01,0.27,5.43,0.23,0.05,5.38,Matchs
2782,Wout Weghorst,nl NED,"AT,MT",Manchester Utd,eng Premier League,29,1992,8.9,17.0,23.3,72.9,199.2,51.3,10.7,13.6,78.5,3.48,4.49,77.5,0.56,1.46,38.5,0.11,0.13,0.13,-0.02,1.57,0.90,0.11,0.00,1.91,Matchs
2783,Julian Weigl,de GER,MT,M'Gladbach,de Bundesliga,26,1995,21.0,51.0,57.3,89.1,920.0,250.8,21.1,22.7,93.3,24.4,26.3,92.9,4.67,6.52,71.5,0.00,0.03,0.04,-0.03,0.29,3.14,0.24,0.00,3.90,Matchs
2784,Nelson Weiper,de GER,"AT,DF",Mainz 05,de Bundesliga,17,2005,1.1,24.5,36.4,67.5,308.2,42.7,15.5,19.1,81.0,7.27,11.8,61.5,0.00,0.00,,0.00,0.09,0.09,-0.09,1.82,0.00,0.91,0.91,0.91,Matchs
2785,Mitchell Weiser,de GER,"DF,AT",Werder Bremen,de Bundesliga,28,1994,28.0,34.3,47.9,71.6,563.3,243.3,17.6,21.1,83.4,12.8,17.3,73.9,2.96,6.00,49.4,0.32,0.20,0.25,0.12,1.43,3.25,1.71,0.61,4.29,Matchs
2786,Noah Weißhaupt,de GER,"MT,DF",Freiburg,de Bundesliga,20,2001,4.7,23.6,34.5,68.5,385.1,87.2,12.1,15.1,80.3,7.66,10.6,72.0,2.77,5.74,48.1,0.21,0.21,0.17,0.00,1.70,1.91,1.28,0.43,2.98,Matchs
2787,Shon Weissman,il ISR,AT,Valladolid,es La Liga,26,1996,8.3,8.43,11.0,76.9,90.2,13.6,6.27,7.35,85.2,1.45,1.93,75.0,0.12,0.36,33.3,0.00,0.02,0.05,-0.02,0.36,0.36,0.00,0.00,0.48,Matchs
2788,Danny Welbeck,eng ENG,AT,Brighton,eng Premier League,31,1990,20.6,18.1,21.5,84.4,216.3,42.3,11.8,13.3,88.7,4.47,5.15,86.8,0.24,0.53,45.5,0.15,0.21,0.08,-0.06,1.46,1.55,0.73,0.00,2.38,Matchs
2789,Marcel Wenig,de GER,MT,Eint Frankfurt,de Bundesliga,18,2004,0.0,9,10,90.0,120,11,7,7,100.0,1,2,50.0,1,1,100.0,0,0.0,0.0,0.0,0,0,0,0,0,Matchs
2790,Axel Werner,ar ARG,GB,Elche,es La Liga,26,1996,2.0,26.0,35.0,74.3,710.5,406.5,2.00,2.00,100.0,17.0,17.5,97.1,7.00,15.0,46.7,0.00,0.00,0.00,0.00,0.00,0.50,0.00,0.00,0.00,Matchs
2791,Timo Werner,de GER,"AT,MT",RB Leipzig,de Bundesliga,26,1996,21.5,23.5,31.9,73.7,332.4,66.3,14.0,16.7,83.6,7.53,10.3,73.0,01.02,1.63,62.9,0.14,0.14,0.14,-0.00,0.93,1.77,0.88,0.09,2.37,Matchs
2792,Ben White,eng ENG,DF,Arsenal,eng Premier League,24,1997,33.9,55.7,66.1,84.2,922.4,315.6,26.3,28.7,91.7,25.1,28.7,87.6,3.16,06.05,52.2,0.15,0.09,0.11,0.05,0.77,6.67,1.24,0.35,7.35,Matchs
2793,Harvey White,eng ENG,MT,Tottenham,eng Premier League,20,2001,0.1,30.0,80.0,37.5,540.0,210.0,20.0,30.0,66.7,0.00,20.0,0.0,10.0,30.0,33.3,0.00,0.00,0.00,0.00,0.00,0.00,10.0,10.0,0.00,Matchs
2794,Joseph Whitworth,eng ENG,GB,Crystal Palace,eng Premier League,18,2004,2.0,30.5,41.5,73.5,743.0,443.0,6.00,6.00,100.0,18.0,18.5,97.3,6.50,17.0,38.2,0.00,0.00,0.00,0.00,0.00,0.00,0.00,0.00,0.00,Matchs
2795,Silvan Widmer,ch SUI,DF,Mainz 05,de Bundesliga,29,1993,18.8,31.8,46.4,68.4,523.3,236.2,16.7,19.9,84.0,11.8,17.2,68.7,2.50,6.49,38.5,0.11,0.11,0.09,0.00,0.80,2.29,0.90,0.27,2.87,Matchs
2796,Mateusz Wieteska,pl POL,DF,Clermont Foot,fr Ligue 1,25,1997,34.6,38.8,47.1,82.4,722.5,310.5,15.0,17.0,88.2,19.4,21.8,88.6,3.70,6.91,53.6,0.03,0.01,0.02,0.02,0.09,2.31,0.14,0.00,2.86,Matchs
2797,Georginio Wijnaldum,nl NED,MT,Roma,it Serie A,31,1990,8.5,19.9,24.0,82.8,265.2,59.1,12.1,13.9,87.3,6.24,07.06,88.3,0.59,0.82,71.4,0.00,0.08,0.09,-0.08,0.94,01.06,0.71,0.24,2.12,Matchs
2798,Iñaki Williams,gh GHA,AT,Athletic Club,es La Liga,28,1994,31.5,16.9,26.3,64.2,234.8,52.3,10.0,12.8,78.2,05.08,8.25,61.5,0.79,1.81,43.9,0.10,0.15,0.13,-0.06,1.21,0.76,0.86,0.29,1.94,Matchs
2799,Neco Williams,wls WAL,DF,Nott'ham Forest,eng Premier League,21,2001,20.9,25.5,40.2,63.5,457.7,165.6,12.2,14.7,82.7,9.38,13.7,68.5,3.25,8.47,38.4,0.00,0.07,0.06,-0.07,0.72,1.39,0.67,0.43,1.58,Matchs
2800,Nico Williams,es ESP,AT,Athletic Club,es La Liga,20,2002,29.5,21.5,32.2,66.7,316.7,81.2,12.9,15.4,83.7,6.64,9.80,67.8,1.42,3.42,41.6,0.14,0.22,0.14,-0.08,1.56,0.81,1.22,0.41,2.71,Matchs
Clt,Joueur,Nation,Pos,Équipe,Comp,Âge,Naissance,90,Cmp,Att,Cmp%,TotDist,DistBut,Cmp,Att,Cmp%,Cmp,Att,Cmp%,Cmp,Att,Cmp%,PD,xAG,xA,A-xAG,PC,1/3,PPA,CntSR,PrgP,Matchs
2801,Willian,br BRA,AT,Fulham,eng Premier League,33,1988,23.6,30.2,38.6,78.1,513.3,108.6,15.6,18.2,86.0,10.0,12.1,82.5,3.64,06.06,60.1,0.21,0.19,0.13,0.03,2.16,1.74,1.27,0.04,4.79,Matchs
2802,Joe Willock,eng ENG,MT,Newcastle Utd,eng Premier League,22,1999,28.4,27.4,33.5,81.7,426.9,108.5,15.3,17.1,89.5,9.37,10.9,85.8,1.94,03.03,64.0,0.21,0.21,0.15,0.00,1.37,3.20,1.20,0.28,4.26,Matchs
2803,Callum Wilson,eng ENG,AT,Newcastle Utd,eng Premier League,30,1992,20.9,7.66,11.6,66.1,95.5,16.2,5.31,6.84,77.6,1.58,2.15,73.3,0.19,0.53,36.4,0.24,0.13,0.10,0.11,1.10,0.48,0.33,0.00,0.91,Matchs
2804,Harry Wilson,wls WAL,AT,Fulham,eng Premier League,25,1997,12.2,25.4,33.1,76.7,405.2,89.0,13.4,15.7,84.9,8.61,10.4,82.7,02.05,3.77,54.3,0.25,0.07,0.08,0.17,0.98,1.64,01.07,0.08,03.03,Matchs
2805,Patrick Wimmer,at AUT,"AT,MT",Wolfsburg,de Bundesliga,21,2001,18.3,18.3,30.0,60.8,287.8,100.7,9.18,12.8,71.8,6.67,8.80,75.8,1.42,4.15,34.2,0.44,0.27,0.31,0.16,02.02,1.26,1.64,0.44,3.50,Matchs
2806,Jonas Wind,dk DEN,AT,Wolfsburg,de Bundesliga,23,1999,14.3,17.3,25.9,66.6,223.0,63.0,11.6,15.0,77.2,4.41,6.85,64.3,0.35,0.70,50.0,0.00,0.09,0.14,-0.09,0.98,2.59,0.77,0.00,2.87,Matchs
2807,Harry Winks,eng ENG,MT,Sampdoria,it Serie A,26,1996,19.1,41.5,50.3,82.4,778.4,270.1,16.7,18.8,88.6,18.4,20.9,88.0,5.45,8.48,64.2,0.00,0.07,0.08,-0.07,0.79,4.19,0.52,0.16,6.13,Matchs
2808,Frederik Winther,dk DEN,DF,Augsburg,de Bundesliga,21,2001,1.0,22.0,35.0,62.9,456.0,203.0,5.00,8.00,62.5,12.0,15.0,80.0,4.00,8.00,50.0,1.00,0.10,0.00,0.90,1.00,1.00,1.00,0.00,1.00,Matchs
2809,Florian Wirtz,de GER,"AT,MT",Leverkusen,de Bundesliga,19,2003,12.1,39.1,52.4,74.6,606.0,179.0,21.7,25.4,85.3,11.7,15.4,75.8,3.64,7.52,48.4,0.50,0.32,0.26,0.17,3.22,3.55,2.15,0.25,6.61,Matchs
2810,Przemysław Wiśniewski,pl POL,DF,Spezia,it Serie A,24,1998,11.1,37.6,45.2,83.1,744.0,250.8,11.4,13.0,88.2,21.1,22.6,93.2,4.59,8.20,56.0,0.00,0.06,0.03,-0.06,0.27,1.98,0.27,0.00,2.16,Matchs
2811,Yoane Wissa,cd COD,AT,Brentford,eng Premier League,25,1996,17.8,13.4,19.3,69.2,176.8,33.8,9.21,11.1,82.8,2.87,4.38,65.4,0.56,1.52,37.0,0.17,0.14,0.06,0.03,0.73,1.18,0.45,0.00,1.52,Matchs
2812,Axel Witsel,be BEL,"DF,MT",Atlético Madrid,es La Liga,33,1989,25.1,49.0,52.9,92.5,795.3,274.3,22.6,23.8,95.1,22.5,23.7,95.0,2.35,3.39,69.4,0.00,0.02,0.02,-0.02,0.16,3.35,0.04,0.00,3.27,Matchs
2813,Maximilian Wöber,at AUT,DF,Leeds United,eng Premier League,24,1998,14.1,34.3,48.5,70.6,668.8,294.8,12.4,15.7,79.2,18.1,22.6,79.9,3.55,8.65,41.0,0.00,0.04,0.03,-0.04,0.43,4.47,0.21,0.14,3.83,Matchs
2814,Hannes Wolf,at AUT,AT,M'Gladbach,de Bundesliga,23,1999,5.0,29.2,35.8,81.6,385.4,64.4,16.6,18.8,88.3,8.60,9.20,93.5,1.20,2.00,60.0,0.20,0.06,0.04,0.14,1.20,1.60,0.40,0.00,2.60,Matchs
2815,Marius Wolf,de GER,DF,Dortmund,de Bundesliga,27,1995,17.4,47.9,61.0,78.6,778.9,281.6,24.6,27.8,88.4,17.4,21.0,82.5,4.31,7.41,58.1,0.06,0.17,0.18,-0.11,1.26,3.45,1.67,0.80,5.23,Matchs
2816,Jeong Woo-yeong,kr KOR,"MT,AT",Freiburg,de Bundesliga,22,1999,7.3,26.3,33.4,78.7,383.2,96.6,15.1,17.9,84.0,8.22,9.73,84.5,1.37,02.05,66.7,0.14,0.16,0.21,-0.03,0.82,1.78,0.82,0.41,2.60,Matchs
2817,Chris Wood,nz NZL,AT,Newcastle Utd,eng Premier League,30,1991,5.0,13.2,21.2,62.3,157.2,29.8,8.00,13.4,59.7,3.20,5.00,64.0,0.80,1.00,80.0,0.00,0.06,0.06,-0.06,0.60,0.60,0.20,0.00,0.80,Matchs
2818,Chris Wood,nz NZL,AT,Nott'ham Forest,eng Premier League,30,1991,4.1,10.5,17.3,60.6,141.7,33.9,6.34,10.5,60.5,3.41,5.37,63.6,0.24,0.49,50.0,0.00,0.05,0.02,-0.05,0.73,1.22,0.49,0.00,1.71,Matchs
2819,Christopher Wooh,cm CMR,DF,Rennes,fr Ligue 1,20,2001,11.2,50.8,55.2,92.1,1078.7,290.1,10.6,11.6,91.5,34.1,35.5,96.0,5.80,7.59,76.5,0.00,0.02,0.01,-0.02,0.09,2.14,0.00,0.00,3.39,Matchs
2820,Christopher Wooh,cm CMR,MT,Lens,fr Ligue 1,20,2001,0.0,2,2,100.0,38,7,1,1,100.0,1,1,100.0,0,0,,0,0.0,0.0,0.0,0,0,0,0,0,Matchs
2821,Joe Worrall,eng ENG,DF,Nott'ham Forest,eng Premier League,25,1997,24.7,36.1,46.8,77.0,753.2,291.0,10.7,13.0,82.3,19.2,22.7,84.8,5.79,10.1,57.2,0.00,0.03,0.02,-0.03,0.20,03.04,0.24,0.00,2.71,Matchs
2822,Xeka,pt POR,MT,Rennes,fr Ligue 1,27,1994,6.1,45.7,51.1,89.4,855.9,231.0,19.0,20.3,93.5,19.3,21.3,90.8,5.74,6.56,87.5,0.00,0.00,0.03,0.00,0.00,5.25,0.33,0.00,6.39,Matchs
2823,Granit Xhaka,ch SUI,MT,Arsenal,eng Premier League,29,1992,33.3,41.5,49.0,84.7,679.9,177.7,20.3,22.9,88.6,16.6,19.1,86.9,3.39,4.17,81.3,0.21,0.16,0.12,0.05,1.41,4.44,1.20,0.12,5.89,Matchs
2824,Lamine Yamal,es ESP,AT,Barcelona,es La Liga,15,2007,0.1,80.0,90.0,88.9,1120.0,470.0,60.0,60.0,100.0,10.0,10.0,100.0,10.0,10.0,100.0,0.00,0.00,3.00,0.00,0.00,0.00,20.0,0.00,20.0,Matchs
2825,Jawad El Yamiq,ma MAR,DF,Valladolid,es La Liga,30,1992,17.9,41.6,51.3,81.1,834.9,312.3,15.0,16.5,90.9,19.8,22.5,87.8,6.15,10.5,58.5,0.00,0.02,0.03,-0.02,0.28,2.68,0.11,0.00,03.07,Matchs
Clt,Joueur,Nation,Pos,Équipe,Comp,Âge,Naissance,90,Cmp,Att,Cmp%,TotDist,DistBut,Cmp,Att,Cmp%,Cmp,Att,Cmp%,Cmp,Att,Cmp%,PD,xAG,xA,A-xAG,PC,1/3,PPA,CntSR,PrgP,Matchs
2826,Ryan Yates,eng ENG,MT,Nott'ham Forest,eng Premier League,24,1997,20.4,22.3,29.0,76.9,371.9,88.8,10.0,12.2,82.3,10.0,11.6,86.5,1.57,2.99,52.5,0.10,0.06,0.02,0.04,0.34,1.27,0.20,0.05,2.11,Matchs
2827,Yusuf Yazıcı,tr TUR,MT,Lille,fr Ligue 1,25,1997,2.2,33.2,43.6,76.0,561.8,204.1,18.6,21.4,87.2,10.5,14.1,74.2,3.64,6.82,53.3,0.45,0.27,0.09,0.18,3.64,04.09,2.73,0.45,7.73,Matchs
2828,Kelvin Yeboah,it ITA,"AT,MT",Augsburg,de Bundesliga,22,2000,3.9,7.18,15.1,47.5,118.2,42.6,3.33,5.38,61.9,03.08,5.13,60.0,0.77,1.28,60.0,0.26,0.10,0.13,0.15,1.28,01.03,0.77,0.26,1.54,Matchs
2829,Gerard Yepes,es ESP,MT,Sampdoria,it Serie A,19,2002,2.2,35.0,47.7,73.3,547.7,123.2,19.5,25.0,78.2,12.7,15.5,82.4,2.27,4.55,50.0,0.00,0.00,0.00,0.00,0.45,2.27,0.00,0.00,3.18,Matchs
2830,Darlin Yongwa,cm CMR,DF,Lorient,fr Ligue 1,21,2000,8.7,30.3,38.0,79.8,409.4,136.9,20.1,22.8,88.4,8.85,10.9,81.1,0.69,1.84,37.5,0.11,0.20,0.08,-0.08,01.03,1.26,1.84,0.34,2.76,Matchs
2831,Leny Yoro,fr FRA,DF,Lille,fr Ligue 1,16,2005,8.5,60.5,66.5,91.0,1125.2,340.6,20.8,21.9,95.2,31.9,33.8,94.4,6.47,9.29,69.6,0.00,0.00,0.01,0.00,0.12,1.29,0.00,0.00,1.76,Matchs
2832,Maya Yoshida,jp JPN,DF,Schalke 04,de Bundesliga,33,1988,28.4,37.7,49.5,76.1,824.8,298.6,8.87,11.2,79.2,23.0,25.7,89.6,5.74,11.5,50.0,0.00,0.00,0.03,-0.00,0.14,2.46,0.35,0.04,2.99,Matchs
2833,Ashley Young,eng ENG,DF,Aston Villa,eng Premier League,37,1985,22.6,39.7,52.6,75.5,708.2,272.8,18.4,20.7,88.7,17.5,21.7,80.8,3.41,7.83,43.5,0.00,0.04,0.04,-0.04,0.62,3.63,0.80,0.22,4.73,Matchs
2834,Mohamed Youssouf,km COM,DF,Ajaccio,fr Ligue 1,34,1988,27.3,34.1,46.8,72.9,546.0,259.9,17.8,21.3,83.7,12.5,16.7,74.6,2.75,6.12,44.9,0.00,0.05,0.05,-0.05,0.55,03.04,0.88,0.62,3.33,Matchs
2835,Illia Zabarnyi,ua UKR,DF,Bournemouth,eng Premier League,19,2002,3.3,55.8,60.6,92.0,1067.6,328.2,16.7,17.6,94.8,34.8,36.7,95.0,4.24,06.06,70.0,0.00,0.00,0.00,0.00,0.00,3.94,0.00,0.00,3.33,Matchs
2836,Mattia Zaccagni,it ITA,AT,Lazio,it Serie A,27,1995,30.8,27.3,34.0,80.3,353.8,75.1,18.3,20.5,89.4,6.88,8.47,81.2,0.81,1.85,43.9,0.19,0.15,0.10,0.05,1.14,1.43,0.88,0.16,2.47,Matchs
2837,Dan-Axel Zagadou,fr FRA,DF,Stuttgart,de Bundesliga,23,1999,14.1,59.6,69.9,85.4,1231.0,457.7,16.8,19.4,86.8,33.9,37.1,91.4,8.79,12.1,72.5,0.00,0.04,0.01,-0.04,0.64,3.19,0.07,0.00,3.12,Matchs
2838,Wilfried Zaha,ci CIV,"AT,MT",Crystal Palace,eng Premier League,29,1992,25.4,19.8,25.6,77.2,277.4,62.8,12.7,14.6,87.0,5.83,7.28,80.0,0.71,1.46,48.6,0.08,0.11,0.12,-0.03,01.02,0.71,1.61,0.12,2.95,Matchs
2839,Warren Zaire-Emery,fr FRA,"MT,DF",Paris S-G,fr Ligue 1,16,2006,10.3,55.4,60.6,91.5,756.4,156.3,33.0,35.6,92.6,18.4,19.0,96.9,01.07,1.55,68.8,0.00,0.04,0.06,-0.04,0.58,3.59,0.49,0.00,3.11,Matchs
2840,Denis Zakaria,ch SUI,MT,Chelsea,eng Premier League,25,1996,4.6,34.3,38.9,88.3,483.0,124.1,19.6,21.3,91.8,11.7,12.2,96.4,01.09,1.30,83.3,0.00,0.00,0.02,0.00,0.22,1.74,0.00,0.00,1.30,Matchs
2841,Denis Zakaria,ch SUI,MT,Juventus,it Serie A,25,1996,1.4,22.9,27.1,84.2,335.0,85.0,12.9,14.3,90.0,7.86,8.57,91.7,1.43,1.43,100.0,0.00,0.00,0.00,0.00,0.00,1.43,0.00,0.00,2.14,Matchs
2842,Rodrigo Zalazar,uy URU,"MT,AT",Schalke 04,de Bundesliga,22,1999,14.7,17.2,29.2,59.0,349.0,134.5,7.35,9.80,75.0,5.31,7.62,69.6,04.01,9.12,44.0,0.41,0.31,0.31,0.10,2.38,1.36,1.22,0.48,2.31,Matchs
2843,Joseba Zaldúa,es ESP,DF,Cádiz,es La Liga,30,1992,7.1,26.8,39.0,68.6,422.7,159.6,14.6,16.8,87.4,9.58,14.1,68.0,2.11,5.92,35.7,0.14,0.00,0.03,0.14,0.28,1.55,0.28,0.28,1.83,Matchs
2844,Nicola Zalewski,pl POL,DF,Roma,it Serie A,20,2002,24.4,38.2,51.3,74.5,666.5,205.0,18.1,20.6,87.7,14.9,18.9,78.8,4.22,09.02,46.8,0.04,0.05,0.08,-0.01,0.49,2.38,0.98,0.25,3.48,Matchs
2845,Andre-Frank Zambo Anguissa,cm CMR,MT,Napoli,it Serie A,26,1995,33.9,58.6,66.7,87.9,833.2,195.8,34.0,36.8,92.4,19.1,21.5,88.6,2.65,3.92,67.7,0.15,0.08,0.07,0.07,0.97,5.46,0.74,0.00,5.34,Matchs
2846,Oliver Zandén,se SWE,"DF,MT",Toulouse,fr Ligue 1,20,2001,1.6,29.4,44.4,66.2,480.0,199.4,13.8,19.4,71.0,12.5,19.4,64.5,1.88,3.75,50.0,0.00,0.06,0.06,-0.06,1.25,3.75,1.25,0.63,3.75,Matchs
2847,Luca Zanimacchia,it ITA,"MT,AT",Cremonese,it Serie A,24,1998,8.3,25.7,37.6,68.3,389.2,112.3,14.7,18.7,78.7,8.19,12.3,66.7,2.17,4.46,48.6,0.00,0.11,0.12,-0.11,1.69,1.45,1.45,0.24,3.13,Matchs
2848,Nicolò Zaniolo,it ITA,"MT,AT",Roma,it Serie A,23,1999,9.9,12.6,19.8,63.8,219.5,49.3,6.36,8.59,74.1,4.65,6.77,68.7,1.52,2.63,57.7,0.00,0.09,0.06,-0.09,0.81,01.01,0.71,0.10,1.92,Matchs
2849,Alessandro Zanoli,it ITA,DF,Sampdoria,it Serie A,21,2000,17.1,31.3,40.9,76.4,513.0,160.2,15.5,17.3,89.8,12.8,16.3,78.5,2.28,4.68,48.8,0.18,0.07,0.05,0.11,0.82,1.11,0.76,0.41,2.11,Matchs
2850,Alessandro Zanoli,it ITA,DF,Napoli,it Serie A,21,2000,0.1,90.0,110.0,81.8,1250.0,200.0,40.0,50.0,80.0,50.0,50.0,100.0,0.00,0.00,,0.00,0.00,0.00,0.00,0.00,0.00,0.00,0.00,0.00,Matchs
Clt,Joueur,Nation,Pos,Équipe,Comp,Âge,Naissance,90,Cmp,Att,Cmp%,TotDist,DistBut,Cmp,Att,Cmp%,Cmp,Att,Cmp%,Cmp,Att,Cmp%,PD,xAG,xA,A-xAG,PC,1/3,PPA,CntSR,PrgP,Matchs
2851,Mattia Zanotti,it ITA,DF,Inter,it Serie A,19,2003,0.3,20.0,26.7,75.0,240.0,103.3,13.3,20.0,66.7,6.67,6.67,100.0,0.00,0.00,,0.00,0.33,0.00,-0.33,3.33,3.33,0.00,0.00,3.33,Matchs
2852,Duván Zapata,co COL,AT,Atalanta,it Serie A,31,1991,15.4,18.2,26.8,68.2,283.8,52.3,10.1,13.5,75.0,5.91,8.31,71.1,1.56,2.34,66.7,0.13,0.07,0.08,0.06,1.10,1.23,0.91,0.26,2.60,Matchs
2853,Davide Zappacosta,it ITA,DF,Atalanta,it Serie A,30,1992,16.3,47.3,56.7,83.4,662.9,209.9,28.3,30.3,93.5,15.8,19.6,80.9,1.60,2.94,54.2,0.12,0.10,0.09,0.02,0.92,2.33,0.86,0.55,3.37,Matchs
2854,Oier Zarraga,es ESP,MT,Athletic Club,es La Liga,23,1999,9.5,30.9,39.9,77.6,492.1,126.4,16.2,18.6,87.0,12.6,16.1,78.4,1.68,2.53,66.7,0.00,0.12,0.12,-0.12,1.26,3.79,0.95,0.42,3.89,Matchs
2855,Akim Zedadka,dz ALG,DF,Auxerre,fr Ligue 1,27,1995,17.8,30.5,39.7,76.8,475.6,161.0,15.3,18.3,83.7,12.5,15.9,78.4,1.57,3.26,48.3,0.00,0.07,0.07,-0.07,0.79,1.97,0.84,0.51,2.87,Matchs
2856,Akim Zedadka,dz ALG,"DF,MT",Lille,fr Ligue 1,27,1995,3.9,47.4,56.9,83.3,779.0,209.0,20.3,22.8,88.8,21.8,24.9,87.6,2.56,5.38,47.6,0.00,0.13,0.21,-0.13,1.28,02.05,1.79,0.26,3.85,Matchs
2857,Karim Zedadka,fr FRA,AT,Napoli,it Serie A,22,2000,0.2,55.0,80.0,68.8,905.0,75.0,40.0,45.0,88.9,10.0,25.0,40.0,5.00,5.00,100.0,0.00,0.00,0.00,0.00,0.00,5.00,0.00,0.00,0.00,Matchs
2858,Deyovaisio Zeefuik,nl NED,DF,Hellas Verona,it Serie A,24,1998,0.1,50.0,70.0,71.4,830.0,140.0,20.0,20.0,100.0,30.0,30.0,100.0,0.00,10.0,0.0,0.00,0.00,0.00,0.00,0.00,0.00,0.00,0.00,0.00,Matchs
2859,Marvin Zeegelaar,nl NED,DF,Udinese,it Serie A,31,1990,3.9,39.2,47.9,81.8,650.0,220.5,19.0,22.3,85.1,17.2,19.2,89.3,2.31,4.62,50.0,0.00,0.05,0.03,-0.05,01.03,1.54,0.77,0.26,2.31,Matchs
2860,Mehdi Zeffane,dz ALG,"DF,MT",Clermont Foot,fr Ligue 1,30,1992,7.3,27.5,37.4,73.6,471.6,138.2,12.7,15.6,81.6,11.1,14.8,75.0,2.88,05.07,56.8,0.14,0.10,0.08,0.04,1.23,1.92,0.96,0.41,2.47,Matchs
2861,Aaron Zehnter,de GER,DF,Augsburg,de Bundesliga,17,2004,0.0,0,2,0.0,0,0,0,0,,0,1,0.0,0,1,0.0,0,0.0,0.0,0.0,0,0,0,0,0,Matchs
2862,Jordan Zemura,zw ZIM,DF,Bournemouth,eng Premier League,22,1999,16.2,26.1,36.7,71.2,377.6,200.4,14.9,17.5,85.2,8.21,11.5,71.1,1.42,3.40,41.8,0.06,0.12,0.13,-0.06,1.11,1.98,0.74,0.31,2.78,Matchs
2863,Arber Zeneli,xk KVX,"AT,MT",Reims,fr Ligue 1,27,1995,11.1,27.2,38.7,70.2,405.1,136.4,16.2,19.7,82.2,8.11,11.7,69.2,1.71,4.41,38.8,0.18,0.28,0.21,-0.10,1.98,2.16,1.71,0.09,4.59,Matchs
2864,Robin Zentner,de GER,GB,Mainz 05,de Bundesliga,27,1994,26.0,20.5,33.4,61.3,673.3,513.4,2.42,2.42,100.0,9.12,9.38,97.1,8.92,21.5,41.5,0.00,0.00,0.01,-0.00,0.04,1.00,0.04,0.00,0.23,Matchs
2865,Alessio Zerbin,it ITA,AT,Napoli,it Serie A,23,1999,2.2,25.5,35.5,71.8,327.7,60.0,14.1,17.7,79.5,7.27,10.9,66.7,1.36,1.82,75.0,0.00,0.00,0.05,0.00,0.00,1.36,0.45,0.00,2.73,Matchs
2866,Michael Zetterer,de GER,GB,Werder Bremen,de Bundesliga,27,1995,1.7,25.3,35.9,70.5,895.9,709.4,1.18,1.18,100.0,10.6,10.6,100.0,13.5,24.1,56.1,0.00,0.00,0.00,0.00,0.00,1.18,0.00,0.00,0.00,Matchs
2867,Nathan Zeze,fr FRA,DF,Nantes,fr Ligue 1,17,2005,0.7,25.7,37.1,69.2,464.3,148.6,5.71,7.14,80.0,17.1,24.3,70.6,1.43,2.86,50.0,0.00,0.00,0.00,0.00,0.00,1.43,0.00,0.00,0.00,Matchs
2868,Edon Zhegrova,xk KVX,"AT,MT",Lille,fr Ligue 1,23,1999,11.7,39.7,51.6,76.8,590.5,194.3,22.9,26.9,85.1,12.6,16.1,78.2,2.82,5.21,54.1,0.34,0.39,0.45,-0.05,2.56,1.97,2.82,0.68,4.44,Matchs
2869,Piotr Zieliński,pl POL,MT,Napoli,it Serie A,28,1994,25.4,51.2,61.1,83.8,734.3,217.9,30.2,32.8,92.1,14.1,16.7,84.9,3.74,6.61,56.5,0.31,0.29,0.30,0.02,3.31,4.80,1.77,0.28,05.04,Matchs
2870,David Zima,cz CZE,DF,Torino,it Serie A,21,2000,4.5,34.2,43.8,78.2,601.8,165.1,13.3,17.1,77.9,16.2,19.1,84.9,2.67,4.44,60.0,0.00,0.02,0.00,-0.02,0.44,1.33,0.67,0.00,2.67,Matchs
2871,Oleksandr Zinchenko,ua UKR,DF,Arsenal,eng Premier League,25,1996,23.5,70.3,81.3,86.4,1149.9,336.1,34.4,37.3,92.2,29.6,34.0,87.2,4.47,6.30,70.9,0.09,0.06,0.10,0.03,0.81,8.55,1.74,0.17,9.66,Matchs
2872,Joshua Zirkzee,nl NED,AT,Bologna,it Serie A,21,2001,9.1,21.8,28.2,77.0,277.6,47.7,14.7,17.1,85.9,5.16,6.70,77.0,0.66,0.99,66.7,0.22,0.15,0.05,0.07,1.76,1.32,0.66,0.00,1.87,Matchs
2873,Hakim Ziyech,ma MAR,"AT,MT",Chelsea,eng Premier League,29,1993,7.3,35.3,54.8,64.5,578.4,215.1,20.3,23.2,87.6,11.2,18.2,61.7,3.29,09.04,36.4,0.41,0.30,0.21,0.11,1.92,2.74,2.60,0.96,5.75,Matchs
2874,Jeroen Zoet,nl NED,GB,Spezia,it Serie A,31,1991,3.7,20.3,35.9,56.4,625.9,539.5,4.86,4.86,100.0,8.11,8.65,93.8,07.03,22.2,31.7,0.00,0.00,0.00,0.00,0.00,1.62,0.00,0.00,0.00,Matchs
2875,Simon Zoller,de GER,AT,Bochum,de Bundesliga,31,1991,16.2,12.8,20.5,62.7,197.7,44.8,7.28,10.6,69.0,4.44,7.10,62.6,0.80,1.17,68.4,0.12,0.07,0.03,0.06,0.56,0.99,0.25,0.00,1.30,Matchs
Clt,Joueur,Nation,Pos,Équipe,Comp,Âge,Naissance,90,Cmp,Att,Cmp%,TotDist,DistBut,Cmp,Att,Cmp%,Cmp,Att,Cmp%,Cmp,Att,Cmp%,PD,xAG,xA,A-xAG,PC,1/3,PPA,CntSR,PrgP,Matchs
2876,Nadir Zortea,it ITA,"DF,MT",Atalanta,it Serie A,23,1999,2.5,24.0,39.2,61.2,374.8,240.8,12.4,15.2,81.6,8.80,14.0,62.9,2.00,5.20,38.5,0.00,0.24,0.08,-0.24,1.20,1.20,1.20,0.40,3.60,Matchs
2877,Nadir Zortea,it ITA,DF,Sassuolo,it Serie A,23,1999,7.3,42.5,56.2,75.6,672.9,271.4,22.5,24.8,90.6,16.6,21.1,78.6,2.60,7.40,35.2,0.14,0.10,0.07,0.04,0.96,3.15,1.23,0.55,5.21,Matchs
2878,Tanguy Zoukrou,fr FRA,DF,Troyes,fr Ligue 1,19,2003,5.7,33.5,38.8,86.4,560.0,205.6,13.9,15.4,89.8,16.0,17.2,92.9,1.93,3.86,50.0,0.00,0.02,0.02,-0.02,0.18,1.23,0.00,0.00,1.93,Matchs
2879,Kurt Zouma,fr FRA,DF,West Ham,eng Premier League,27,1994,22.1,31.7,37.6,84.4,610.0,200.8,11.2,12.3,91.1,16.4,18.4,89.2,3.57,5.84,61.2,0.00,0.00,0.00,-0.00,0.05,0.86,0.09,0.00,1.40,Matchs
2880,Petar Zovko,ba BIH,GB,Spezia,it Serie A,20,2002,0.8,27.5,45.0,61.1,853.8,572.5,5.00,5.00,100.0,11.3,11.3,100.0,11.3,28.8,39.1,0.00,0.00,0.00,0.00,0.00,1.25,0.00,0.00,0.00,Matchs
2881,Igor Zubeldia,es ESP,DF,Real Sociedad,es La Liga,25,1997,28.2,47.1,55.2,85.4,940.8,344.1,15.0,16.8,89.0,26.7,29.2,91.4,5.28,8.19,64.5,0.04,0.01,0.02,0.02,0.11,2.80,0.28,0.04,4.54,Matchs
2882,Martín Zubimendi,es ESP,MT,Real Sociedad,es La Liga,23,1999,34.5,44.8,52.5,85.3,776.3,234.6,20.1,22.7,88.3,20.3,22.3,91.2,3.62,5.45,66.5,0.09,0.06,0.06,0.03,0.58,05.07,0.67,0.03,5.33,Matchs
2883,Szymon Żurkowski,pl POL,MT,Fiorentina,it Serie A,24,1997,0.4,42.5,47.5,89.5,745.0,52.5,15.0,17.5,85.7,17.5,17.5,100.0,5.00,5.00,100.0,2.50,0.00,0.00,2.50,2.50,2.50,2.50,0.00,2.50,Matchs
2884,Szymon Żurkowski,pl POL,MT,Spezia,it Serie A,24,1997,4.7,14.9,21.5,69.3,209.4,58.1,7.87,10.2,77.1,5.32,6.38,83.3,0.43,1.70,25.0,0.00,0.00,0.02,0.00,0.00,1.91,0.21,0.00,2.13,Matchs
2885,Martin Ødegaard,no NOR,MT,Arsenal,eng Premier League,23,1998,34.7,41.8,52.0,80.3,649.6,173.3,21.9,25.2,86.9,14.9,17.8,84.0,3.17,05.04,62.9,0.20,0.23,0.23,-0.03,2.19,3.89,2.62,0.12,7.67,Matchs
2886,Milan Đurić,ba BIH,AT,Hellas Verona,it Serie A,32,1990,15.2,17.6,34.4,51.2,205.2,48.7,12.2,22.1,55.4,3.55,7.83,45.4,0.33,0.86,38.5,0.07,0.09,0.06,-0.02,1.38,1.78,0.33,0.00,1.91,Matchs
2887,Filip Đuričić,rs SRB,"MT,AT",Sampdoria,it Serie A,30,1992,24.1,24.3,31.5,77.3,398.3,90.0,12.5,14.4,87.0,8.76,10.5,83.1,2.16,3.57,60.5,0.00,0.08,0.07,-0.08,1.41,02.07,0.75,0.17,3.20,Matchs
2888,Blanco,,MT,Cádiz,es La Liga,22,2000,1.8,,,,,,,,,,,,,,,0.00,,,,,,,,,Matchs
2889,Hugo Guillamón,,"DF,MT",Valencia,es La Liga,22,2000,18.1,,,,,,,,,,,,,,,0.22,,,,,,,,,Matchs