Clt,Joueur,Nation,Pos,Équipe,Âge,Naissance,90,Cmp,Att,Cmp%,TotDist,DistBut,Cmp,Att,Cmp%,Cmp,Att,Cmp%,Cmp,Att,Cmp%,PD,xAG,xA,A-xAG,PC,1/3,PPA,CntSR,PrgP,Matchs
1,Rodrigo Abascal,uy URU,DF,Boavista,28,1994,25.5,1162,1474,78.8,25332,11601,337,370,91.1,610,685,89.1,206,376,54.8,2,1.1,1.7,#ERROR!,10,84,10,4,78,Matchs
2,Giorgi Aburjania,ge GEO,MT,Gil Vicente FC,27,1995,17.9,803,982,81.8,12833,4238,386,447,86.4,334,376,88.8,49,89,55.1,1,1.5,1.9,-0.5,17,102,16,1,113,Matchs
3,Elias Achouri,tn TUN,MT,Estoril,23,1999,0.1,3,6,50.0,49,0,2,3,66.7,1,2,50.0,0,0,,0,0.0,0.0,0.0,0,0,0,0,0,Matchs
4,Antonio Adán,es ESP,GB,Sporting CP,35,1987,31.0,864,1027,84.1,19974,11984,167,170,98.2,535,540,99.1,162,313,51.8,1,0.1,0.0,#ERROR!,2,6,0,0,0,Matchs
5,Adriano,br BRA,"MT,DF",Santa Clara,22,1999,24.5,798,986,80.9,15449,5668,304,348,87.4,365,411,88.8,108,178,60.7,1,0.9,0.9,#ERROR!,14,85,7,1,83,Matchs
6,João Afonso Crispim,br BRA,MT,Marítimo,27,1995,16.3,535,655,81.7,10699,2812,167,205,81.5,284,323,87.9,76,100,76.0,0,0.2,0.3,-0.2,7,47,1,0,63,Matchs
7,Lucas Áfrico,br BRA,DF,Estoril,27,1995,3.9,154,172,89.5,3183,1164,49,53,92.5,83,89,93.3,22,29,75.9,0,0.0,0.0,0.0,0,7,0,0,10,Matchs
8,Martin Agirregabiria,es ESP,"DF,AT",Famalicão,26,1996,4.5,164,214,76.6,2795,1123,68,77,88.3,83,98,84.7,10,29,34.5,1,0.2,0.2,#ERROR!,3,10,6,4,14,Matchs
9,Salvador Agra,pt POR,"AT,MT",Boavista,30,1991,18.3,457,686,66.6,8117,2420,223,269,82.9,170,245,69.4,52,121,43.0,4,3.5,2.4,#ERROR!,30,47,25,9,59,Matchs
10,Mohamed Aidara,ci CIV,"DF,AT",Vizela,25,1996,2.7,88,102,86.3,1554,555,28,29,96.6,49,52,94.2,7,16,43.8,0,0.0,0.0,0.0,0,0,0,0,2,Matchs
11,Alemão,br BRA,DF,Portimonense,19,2002,4.0,209,244,85.7,3964,1677,79,82,96.3,102,112,91.1,24,39,61.5,0,0.0,0.0,0.0,0,10,0,0,11,Matchs
12,Sotiris Alexandropoulos,gr GRE,MT,Sporting CP,20,2001,1.2,47,62,75.8,704,195,33,35,94.3,7,14,50.0,5,6,83.3,0,0.1,0.1,-0.1,1,5,0,0,6,Matchs
13,Ali Alipour,ir IRN,"AT,MT",Gil Vicente FC,26,1995,5.9,104,156,66.7,1394,227,70,88,79.5,31,46,67.4,2,5,40.0,1,1.1,0.8,-0.1,5,3,2,0,8,Matchs
14,Allano,br BRA,"AT,MT",Santa Clara,27,1995,12.6,327,493,66.3,5248,1419,175,220,79.5,118,164,72.0,24,67,35.8,0,0.9,1.3,-0.9,11,32,15,7,41,Matchs
15,Domingos André Ribeiro Almeida,pt POR,MT,Vitória,22,2000,2.6,93,108,86.1,1460,448,49,52,94.2,33,39,84.6,6,8,75.0,2,0.8,0.7,#ERROR!,3,12,1,0,13,Matchs
16,Jordi Almeida,br BRA,GB,Paços,28,1993,6.0,116,194,59.8,2967,1958,22,24,91.7,62,63,98.4,31,104,29.8,0,0.0,0.0,0.0,0,0,0,0,0,Matchs
17,Alejandro Alvarado Jr.,us USA,"AT,MT",Vizela,19,2003,0.8,10,19,52.6,152,57,4,8,50.0,4,6,66.7,1,1,100.0,0,0.0,0.0,0.0,0,1,0,0,2,Matchs
18,Pedro Álvaro,pt POR,DF,Estoril,22,2000,28.6,1308,1533,85.3,28998,9874,299,323,92.6,802,852,94.1,202,332,60.8,0,0.3,0.2,-0.3,5,64,3,0,81,Matchs
19,Luís Alves,pt POR,DF,Paços,20,2001,4.1,134,176,76.1,2305,869,60,65,92.3,58,69,84.1,11,29,37.9,0,0.0,0.5,0.0,1,11,3,0,11,Matchs
20,Pedro Amaral,pt POR,DF,Rio Ave,24,1997,11.0,504,678,74.3,10164,3695,175,208,84.1,253,305,83.0,72,136,52.9,2,0.6,0.9,#ERROR!,12,42,10,6,44,Matchs
21,André Amaro,pt POR,DF,Vitória,19,2002,26.2,1001,1158,86.4,20004,7212,317,356,89.0,545,593,91.9,134,185,72.4,1,0.2,0.3,#ERROR!,5,61,2,1,77,Matchs
22,Anderson,br BRA,AT,Vitória,24,1997,15.0,112,185,60.5,1410,304,78,113,69.0,20,34,58.8,6,6,100.0,0,0.4,0.2,-0.4,6,11,2,0,15,Matchs
23,Anderson,br BRA,"AT,MT",Portimonense,24,1998,4.2,111,140,79.3,1540,459,64,71,90.1,30,38,78.9,7,10,70.0,0,1.0,0.3,-1.0,8,10,6,3,16,Matchs
24,Anderson,br BRA,"MT,AT",Casa Pia,23,1998,0.3,3,5,60.0,50,12,2,2,100.0,1,1,100.0,0,0,,0,0.0,0.0,0.0,0,0,1,0,1,Matchs
25,Léo Andrade,br BRA,DF,Marítimo,24,1998,11.8,415,516,80.4,8055,3783,154,172,89.5,201,229,87.8,54,96,56.3,0,0.0,0.1,0.0,1,19,1,0,22,Matchs
Clt,Joueur,Nation,Pos,Équipe,Âge,Naissance,90,Cmp,Att,Cmp%,TotDist,DistBut,Cmp,Att,Cmp%,Cmp,Att,Cmp%,Cmp,Att,Cmp%,PD,xAG,xA,A-xAG,PC,1/3,PPA,CntSR,PrgP,Matchs
26,André André,pt POR,MT,Vitória,32,1989,15.0,635,733,86.6,10579,3001,311,341,91.2,253,282,89.7,56,78,71.8,0,1.5,1.7,-1.5,15,73,14,4,97,Matchs
27,Andrew,br BRA,GB,Gil Vicente FC,21,2001,23.7,760,948,80.2,19400,12781,152,152,100.0,391,397,98.5,213,393,54.2,0,0.0,0.0,0.0,0,6,0,0,0,Matchs
28,Andrezinho,pt POR,"AT,MT",Santa Clara,25,1996,6.0,160,208,76.9,2433,856,83,100,83.0,54,68,79.4,13,28,46.4,0,1.1,1.1,-1.1,12,11,9,2,24,Matchs
29,Paulo Vítor Fagundes dos Anjos,br BRA,GB,Chaves,33,1988,30.0,751,1024,73.3,21757,16718,126,126,100.0,354,369,95.9,268,524,51.1,0,0.0,0.1,0.0,2,17,1,0,0,Matchs
30,Carnejy Antoine,ht HAI,"AT,MT",Casa Pia,31,1991,1.4,26,39,66.7,373,104,16,23,69.6,7,11,63.6,2,2,100.0,0,0.1,0.2,-0.1,2,2,3,1,5,Matchs
31,Antony,br BRA,"AT,MT",Arouca,20,2001,26.4,479,651,73.6,6738,1644,268,337,79.5,164,205,80.0,21,39,53.8,1,2.6,2.5,-1.6,29,31,16,3,57,Matchs
32,Vitorino Antunes,pt POR,DF,Paços,35,1987,29.6,1248,1738,71.8,23039,10469,574,644,89.1,496,641,77.4,159,368,43.2,2,2.9,2.8,-0.9,32,113,22,14,147,Matchs
33,Bilel Aouacheria,fr FRA,"AT,MT",Gil Vicente FC,28,1994,8.3,151,220,68.6,2060,623,85,99,85.9,47,70,67.1,5,16,31.3,1,0.7,0.6,#ERROR!,5,13,7,2,22,Matchs
34,Wilinton Aponzá,co COL,MT,Portimonense,22,2000,0.0,1,1,100.0,6,6,1,1,100.0,0,0,,0,0,,0,0.0,0.0,0.0,0,0,1,0,1,Matchs
35,Mizuki Arai,jp JPN,"AT,MT",Gil Vicente FC,25,1997,3.3,67,111,60.4,978,267,43,51,84.3,17,31,54.8,3,14,21.4,0,0.3,0.6,-0.3,4,3,5,3,7,Matchs
36,Henrique Araújo,pt POR,"MT,AT",Benfica,20,2002,0.8,15,19,78.9,265,58,6,9,66.7,8,8,100.0,1,1,100.0,0,0.1,0.0,-0.1,1,2,1,0,4,Matchs
37,Tiago Araújo,pt POR,"DF,AT",Estoril,21,2001,9.8,283,431,65.7,5678,2128,121,153,79.1,119,158,75.3,40,95,42.1,0,0.4,0.5,-0.4,7,17,9,8,26,Matchs
38,Tomás Araújo,pt POR,DF,Gil Vicente FC,20,2002,20.8,1127,1315,85.7,22860,8935,332,374,88.8,644,706,91.2,141,207,68.1,2,1.3,1.1,#ERROR!,15,92,6,0,88,Matchs
39,Arthur,br BRA,"AT,MT",Estoril,24,1998,3.1,48,71,67.6,868,169,25,32,78.1,17,21,81.0,6,12,50.0,1,0.1,0.5,#ERROR!,2,5,4,0,7,Matchs
40,Arthur,br BRA,"MT,DF",Sporting CP,24,1998,8.9,414,516,80.2,6572,1217,223,244,91.4,153,192,79.7,29,51,56.9,2,2.1,1.9,-0.1,13,12,16,6,40,Matchs
41,Gustavo Assuncao,pt POR,MT,Famalicão,22,2000,10.6,422,523,80.7,7688,1901,178,207,86.0,181,207,87.4,50,81,61.7,1,0.8,0.6,#ERROR!,8,36,3,1,42,Matchs
42,Otavio Ataide,br BRA,DF,Famalicão,20,2002,7.9,325,390,83.3,7175,2714,91,103,88.3,173,192,90.1,57,76,75.0,0,0.1,0.1,-0.1,3,22,1,1,21,Matchs
43,Leo Augusto Pereira,br BRA,"MT,AT",Marítimo,22,2000,5.9,73,124,58.9,1074,226,43,54,79.6,24,42,57.1,4,9,44.4,0,0.2,0.3,-0.2,5,3,3,1,9,Matchs
44,Fredrik Aursnes,no NOR,"AT,MT",Benfica,26,1995,23.9,1410,1657,85.1,23290,6684,686,748,91.7,522,594,87.9,137,200,68.5,4,3.1,3.6,#ERROR!,27,161,34,5,202,Matchs
45,Matheus Babi,br BRA,AT,Santa Clara,25,1997,15.1,167,271,61.6,1983,384,102,143,71.3,42,62,67.7,4,11,36.4,1,1.2,0.8,-0.2,8,12,2,0,16,Matchs
46,Miguel Baeza,es ESP,"MT,AT",Rio Ave,22,2000,12.0,333,424,78.5,5245,1208,179,206,86.9,109,133,82.0,30,55,54.5,1,1.1,1.0,-0.1,12,34,7,3,42,Matchs
47,Alexander Bah,dk DEN,DF,Benfica,24,1997,20.9,1230,1561,78.8,20497,7421,578,668,86.5,517,627,82.5,97,172,56.4,4,5.4,4.2,-1.4,32,107,47,22,118,Matchs
48,Jason Bahamboula,cg CGO,MT,Vitória,21,2001,0.1,0,2,0.0,0,0,0,1,0.0,0,1,0.0,0,0,,0,0.0,0.0,0.0,0,0,0,0,0,Matchs
49,Ibrahima Bamba,ci CIV,"DF,MT",Vitória,20,2002,25.8,809,975,83.0,16214,5511,246,279,88.2,451,491,91.9,99,163,60.7,0,0.2,0.2,-0.2,4,51,1,1,48,Matchs
50,Daniel Bandeira,pt POR,MT,Vitória,22,2000,18.3,796,936,85.0,13168,3652,364,413,88.1,331,368,89.9,64,93,68.8,0,0.9,0.8,-0.9,12,85,12,1,105,Matchs
Clt,Joueur,Nation,Pos,Équipe,Âge,Naissance,90,Cmp,Att,Cmp%,TotDist,DistBut,Cmp,Att,Cmp%,Cmp,Att,Cmp%,Cmp,Att,Cmp%,PD,xAG,xA,A-xAG,PC,1/3,PPA,CntSR,PrgP,Matchs
51,Simon Banza,cd COD,AT,Braga,25,1996,16.1,190,284,66.9,2611,471,115,158,72.8,50,76,65.8,10,13,76.9,2,1.2,1.1,#ERROR!,15,13,6,0,21,Matchs
52,Romário Baró,pt POR,"MT,AT",Casa Pia,22,2000,10.4,239,291,82.1,3806,1107,124,138,89.9,92,108,85.2,16,23,69.6,1,1.7,1.6,-0.7,12,23,6,0,38,Matchs
53,Gabriel Batista,br BRA,GB,Santa Clara,24,1998,26.0,560,897,62.4,20379,16495,57,57,100.0,197,202,97.5,304,628,48.4,0,0.1,0.1,-0.1,1,28,1,0,0,Matchs
54,Ricardo Batista,pt POR,GB,Casa Pia,35,1986,31.0,649,1007,64.4,19333,13921,98,99,99.0,325,329,98.8,223,571,39.1,0,0.0,0.0,0.0,0,15,0,0,0,Matchs
55,Dylan Batubinsika,cd COD,DF,Famalicão,26,1996,2.0,95,103,92.2,2174,642,20,21,95.2,54,59,91.5,20,22,90.9,0,0.0,0.0,0.0,0,7,0,0,9,Matchs
56,Batxi,ao ANG,"AT,MT",Chaves,24,1998,3.6,63,90,70.0,1132,385,31,38,81.6,22,31,71.0,9,14,64.3,1,1.0,0.8,0.0,13,5,5,2,10,Matchs
57,Clésio Baúque,mz MOZ,"MT,DF",Marítimo,27,1994,0.7,6,13,46.2,102,46,2,2,100.0,4,9,44.4,0,0,,0,0.0,0.0,0.0,0,0,0,0,0,Matchs
58,Héctor Bellerín,es ESP,"DF,MT",Sporting CP,27,1995,4.9,253,311,81.4,3795,1273,146,161,90.7,86,104,82.7,12,19,63.2,0,0.8,0.6,-0.8,6,20,8,1,31,Matchs
59,Stefano Beltrame,it ITA,MT,Marítimo,29,1993,11.7,288,394,73.1,4931,1255,142,167,85.0,99,129,76.7,33,64,51.6,0,0.8,0.5,-0.8,17,29,6,2,49,Matchs
60,Gilson Benchimol,cv CPV,AT,Estoril,20,2001,3.4,43,66,65.2,608,94,27,37,73.0,11,17,64.7,2,5,40.0,1,0.1,0.0,#ERROR!,3,1,1,0,3,Matchs
61,Beni,ao ANG,MT,Casa Pia,20,2002,10.4,342,397,86.1,5644,1508,160,178,89.9,144,153,94.1,23,38,60.5,1,0.9,0.7,#ERROR!,15,32,2,1,41,Matchs
62,Benny,pt POR,"AT,MT",Chaves,22,2000,13.6,270,399,67.7,3971,1470,159,189,84.1,86,124,69.4,17,50,34.0,4,3.2,2.7,#ERROR!,25,23,26,10,42,Matchs
63,Berna,pt POR,MT,Boavista,18,2003,0.1,0,0,,0,0,0,0,,0,0,,0,0,,0,0.0,0.0,0.0,0,0,0,0,0,Matchs
64,Paulo Bernardo,pt POR,MT,Paços,20,2002,8.4,221,277,79.8,3762,1065,110,132,83.3,75,93,80.6,26,31,83.9,2,0.3,0.2,#ERROR!,7,23,2,2,27,Matchs
65,Celton Biai,pt POR,GB,Vitória,21,2000,5.0,100,155,64.5,3006,2225,14,15,93.3,48,50,96.0,38,89,42.7,0,0.0,0.0,0.0,0,3,1,0,0,Matchs
66,Pedro Bicalho,br BRA,"MT,AT",Santa Clara,21,2001,2.1,45,74,60.8,781,187,17,24,70.8,21,26,80.8,5,18,27.8,0,0.0,0.1,0.0,1,9,1,1,3,Matchs
67,Emmanuel Boateng,gh GHA,"AT,MT",Rio Ave,26,1996,20.7,197,279,70.6,2599,474,121,148,81.8,51,72,70.8,8,15,53.3,0,1.5,0.7,-1.5,14,9,6,1,16,Matchs
68,Kennedy Boateng,tg TOG,DF,Santa Clara,25,1996,25.7,851,1065,79.9,18004,6217,245,293,83.6,473,548,86.3,129,198,65.2,0,0.2,0.3,-0.2,3,29,0,0,41,Matchs
69,Victor Bobsin,br BRA,MT,Santa Clara,22,2000,17.9,578,747,77.4,11484,3962,238,288,82.6,227,263,86.3,98,153,64.1,1,0.8,0.8,#ERROR!,11,80,9,1,98,Matchs
70,Bolgado,br BRA,DF,Casa Pia,23,1998,5.4,158,191,82.7,3295,1002,46,54,85.2,88,98,89.8,23,36,63.9,0,0.0,0.1,0.0,1,9,0,0,11,Matchs
71,Kiko Bondoso,pt POR,"AT,MT",Vizela,26,1995,31.6,703,963,73.0,10207,3091,424,506,83.8,199,268,74.3,44,77,57.1,3,4.6,4.3,-1.6,50,75,37,6,117,Matchs
72,Eduardo Borges,pt POR,MT,Chaves,22,2000,0.4,16,20,80.0,231,74,12,13,92.3,2,3,66.7,2,2,100.0,0,0.0,0.0,0.0,0,0,0,0,0,Matchs
73,Gonçalo Borges,pt POR,"AT,MT",Porto,21,2001,1.3,28,49,57.1,392,158,17,23,73.9,9,16,56.3,1,5,20.0,0,0.3,0.3,-0.3,2,2,1,1,6,Matchs
74,Cristian Borja,co COL,DF,Braga,29,1993,7.6,345,436,79.1,5559,1957,170,195,87.2,145,172,84.3,21,40,52.5,0,1.1,0.4,-1.1,9,35,9,4,35,Matchs
75,Róbert Boženík,sk SVK,AT,Boavista,22,1999,10.8,130,175,74.3,2196,264,62,78,79.5,42,54,77.8,18,21,85.7,1,0.4,0.2,#ERROR!,12,7,1,0,13,Matchs
Clt,Joueur,Nation,Pos,Équipe,Âge,Naissance,90,Cmp,Att,Cmp%,TotDist,DistBut,Cmp,Att,Cmp%,Cmp,Att,Cmp%,Cmp,Att,Cmp%,PD,xAG,xA,A-xAG,PC,1/3,PPA,CntSR,PrgP,Matchs
76,Rafael Bracalli,br BRA,GB,Boavista,41,1981,28.0,537,805,66.7,16632,12587,88,88,100.0,211,215,98.1,237,497,47.7,0,0.0,0.0,0.0,0,3,0,0,0,Matchs
77,Pedro Brazão,pt POR,"MT,AT",Famalicão,19,2002,3.4,80,106,75.5,1278,435,41,48,85.4,28,35,80.0,6,12,50.0,0,0.4,0.3,-0.4,4,9,7,0,18,Matchs
78,Yan Brice Eteki,cm CMR,MT,Casa Pia,24,1997,6.6,221,267,82.8,3947,1185,98,108,90.7,94,112,83.9,22,31,71.0,0,0.5,0.4,-0.5,5,27,5,1,42,Matchs
79,Rafael Brito,pt POR,"MT,DF",Marítimo,20,2002,7.1,237,303,78.2,4724,1444,74,87,85.1,130,153,85.0,30,46,65.2,0,0.5,0.4,-0.5,6,20,7,2,41,Matchs
80,John Brooks,us USA,"MT,DF",Benfica,29,1993,0.0,1,3,33.3,4,0,0,0,,0,1,0.0,0,0,,0,0.1,0.1,-0.1,1,0,0,0,0,Matchs
81,Bruma,pt POR,"MT,AT",Braga,27,1994,11.3,362,460,78.7,5214,1308,220,258,85.3,109,131,83.2,21,32,65.6,6,2.7,3.1,#ERROR!,18,30,17,0,58,Matchs
82,Bruninho,br BRA,AT,Arouca,23,1999,2.5,49,78,62.8,671,72,34,43,79.1,12,22,54.5,2,7,28.6,0,0.1,0.0,-0.1,2,2,0,0,4,Matchs
83,Matheus Bueno,br BRA,MT,Gil Vicente FC,24,1998,6.2,274,339,80.8,4997,1434,107,120,89.2,111,133,83.5,35,54,64.8,1,0.4,0.6,#ERROR!,6,40,3,0,44,Matchs
84,André Bukia,cd COD,"AT,MT",Arouca,27,1995,11.4,220,284,77.5,3363,913,122,134,91.0,73,93,78.5,15,33,45.5,0,0.5,1.0,-0.5,7,11,10,0,32,Matchs
85,Fabijan Buntić,hr CRO,GB,Vizela,25,1997,33.0,637,888,71.7,17607,12832,157,158,99.4,276,282,97.9,198,438,45.2,0,0.0,0.3,0.0,0,15,0,0,0,Matchs
86,Oriol Busquets,es ESP,MT,Arouca,23,1999,12.9,574,662,86.7,10170,2800,249,279,89.2,241,272,88.6,68,81,84.0,0,0.1,0.2,-0.1,5,49,4,0,38,Matchs
87,Adrián Butzke,es ESP,AT,Paços,23,1999,14.8,254,344,73.8,3474,576,157,195,80.5,70,98,71.4,11,18,61.1,1,1.6,0.6,-0.6,21,23,10,1,28,Matchs
88,Jovane Cabral,cv CPV,MT,Sporting CP,24,1998,0.6,29,41,70.7,600,126,8,14,57.1,18,21,85.7,2,4,50.0,0,0.0,0.0,0.0,1,7,1,1,6,Matchs
89,Paulo Henrique Rodrigues Cabral,pt POR,DF,Santa Clara,25,1996,15.9,581,806,72.1,10733,5184,266,320,83.1,238,306,77.8,72,141,51.1,1,1.0,0.9,0.0,10,50,11,8,61,Matchs
90,Jhonder Cádiz,ve VEN,AT,Famalicão,27,1995,14.7,189,285,66.3,2663,574,108,155,69.7,52,75,69.3,12,22,54.5,3,1.4,1.2,#ERROR!,19,16,7,1,24,Matchs
91,Diogo Calila,pt POR,"DF,MT",Santa Clara,23,1998,7.2,255,337,75.7,4177,1652,130,150,86.7,102,131,77.9,18,37,48.6,0,0.2,0.2,-0.2,3,13,2,1,14,Matchs
92,Ibrahima Camará,gn GUI,MT,Boavista,23,1999,11.5,342,456,75.0,6083,2041,163,190,85.8,134,166,80.7,40,73,54.8,2,1.1,1.0,#ERROR!,15,52,6,2,59,Matchs
93,Francis Cann,gh GHA,AT,Vizela,24,1998,0.4,12,14,85.7,200,89,5,5,100.0,4,5,80.0,2,3,66.7,0,0.0,0.1,0.0,0,1,1,0,2,Matchs
94,Reggie Cannon,us USA,DF,Boavista,24,1998,25.7,1030,1205,85.5,19459,6055,332,360,92.2,618,668,92.5,71,148,48.0,0,0.2,0.2,-0.2,3,29,3,1,30,Matchs
95,Fábio Cardoso,pt POR,DF,Porto,28,1994,13.7,824,905,91.0,16494,5221,260,284,91.5,460,483,95.2,98,125,78.4,0,0.1,0.7,-0.1,2,41,4,0,36,Matchs
96,Felippe Cardoso,br BRA,AT,Casa Pia,23,1998,5.6,73,98,74.5,1126,254,37,49,75.5,32,37,86.5,3,5,60.0,0,1.2,1.0,-1.2,8,6,1,0,11,Matchs
97,Yago Cariello,br BRA,AT,Portimonense,23,1999,15.2,172,279,61.6,2123,299,112,156,71.8,40,70,57.1,5,10,50.0,1,1.1,0.6,-0.1,17,12,2,0,9,Matchs
98,Carlinhos,br BRA,MT,Portimonense,28,1994,7.6,344,411,83.7,6230,2197,153,170,90.0,144,160,90.0,38,59,64.4,0,0.9,1.0,-0.9,10,50,7,0,58,Matchs
99,João Carlos,br BRA,AT,Estoril,27,1995,7.9,87,148,58.8,1473,299,48,70,68.6,23,42,54.8,13,17,76.5,1,0.9,0.6,#ERROR!,5,12,2,1,13,Matchs
100,José Carlos,pt POR,DF,Gil Vicente FC,24,1998,4.4,229,287,79.8,3917,1319,109,123,88.6,97,113,85.8,19,35,54.3,1,1.4,0.9,-0.4,5,10,3,1,9,Matchs
Clt,Joueur,Nation,Pos,Équipe,Âge,Naissance,90,Cmp,Att,Cmp%,TotDist,DistBut,Cmp,Att,Cmp%,Cmp,Att,Cmp%,Cmp,Att,Cmp%,PD,xAG,xA,A-xAG,PC,1/3,PPA,CntSR,PrgP,Matchs
101,Luíz Carlos,br BRA,MT,Paços,37,1985,12.6,453,540,83.9,8477,2013,179,206,86.9,202,237,85.2,62,76,81.6,1,0.5,0.7,#ERROR!,8,43,5,2,59,Matchs
102,José Carlos Marafona,pt POR,GB,Paços,35,1987,15.8,313,474,66.0,10015,7774,50,50,100.0,122,124,98.4,141,298,47.3,0,0.0,0.0,0.0,1,9,1,0,0,Matchs
103,Zé Carlos,pt POR,"MT,DF",Vitória,20,2001,9.5,323,443,72.9,5354,2157,151,183,82.5,134,179,74.9,25,48,52.1,2,0.5,0.7,#ERROR!,11,21,5,3,31,Matchs
104,David Carmo,ao ANG,DF,Porto,23,1999,7.1,344,417,82.5,7427,2557,94,100,94.0,197,216,91.2,53,91,58.2,0,0.0,0.1,0.0,0,27,1,0,18,Matchs
105,Marcelo Carné,br BRA,GB,Marítimo,32,1990,14.0,329,452,72.8,8502,6295,60,61,98.4,182,185,98.4,86,203,42.4,0,0.0,0.0,0.0,0,5,0,0,0,Matchs
106,Carraça,pt POR,DF,Gil Vicente FC,29,1993,20.6,1134,1455,77.9,19503,7888,589,644,91.5,399,490,81.4,120,256,46.9,2,2.6,2.6,-0.6,29,67,20,17,91,Matchs
107,Anderson Carvalho,br BRA,MT,Santa Clara,32,1990,5.5,139,190,73.2,2756,878,57,65,87.7,60,74,81.1,20,38,52.6,0,0.1,0.3,-0.1,5,12,2,0,17,Matchs
108,João Carvalho,pt POR,MT,Estoril,25,1997,25.6,845,1061,79.6,16731,5109,328,379,86.5,356,407,87.5,145,231,62.8,2,2.7,3.5,-0.7,29,100,19,1,127,Matchs
109,Vitor Carvalho,br BRA,MT,Gil Vicente FC,25,1997,30.0,1539,1813,84.9,27333,6957,620,696,89.1,722,808,89.4,147,204,72.1,0,1.8,2.0,-1.8,22,141,15,1,192,Matchs
110,Cassiano,br BRA,AT,Estoril,33,1989,10.0,66,120,55.0,853,124,48,70,68.6,13,30,43.3,2,5,40.0,0,0.2,0.5,-0.2,4,2,2,0,8,Matchs
111,Moises Castillo,co COL,DF,Marítimo,21,2001,17.5,624,762,81.9,13544,4813,153,180,85.0,375,415,90.4,93,143,65.0,1,0.6,0.3,#ERROR!,4,37,2,0,39,Matchs
112,André Castro,pt POR,MT,Braga,34,1988,6.9,355,415,85.5,6143,1444,162,176,92.0,152,172,88.4,29,41,70.7,1,0.1,0.3,#ERROR!,1,31,1,0,40,Matchs
113,Geny Catamo,mz MOZ,"AT,MT",Marítimo,21,2001,3.8,98,134,73.1,1373,384,55,71,77.5,33,38,86.8,3,5,60.0,0,0.5,0.3,-0.5,10,15,3,2,20,Matchs
114,César,br BRA,GB,Boavista,30,1992,5.0,88,125,70.4,2403,1632,17,17,100.0,41,41,100.0,30,66,45.5,0,0.0,0.0,0.0,0,0,0,0,0,Matchs
115,Kayky Chagas,br BRA,"MT,AT",Paços,19,2003,3.0,48,63,76.2,745,165,26,29,89.7,16,18,88.9,4,7,57.1,0,0.1,0.1,-0.1,3,4,1,0,6,Matchs
116,Youssef Chermiti,pt POR,AT,Sporting CP,18,2004,9.4,95,139,68.3,1196,227,55,71,77.5,23,32,71.9,5,10,50.0,2,0.7,0.3,#ERROR!,5,7,1,0,9,Matchs
117,Fábio China,pt POR,"DF,MT",Marítimo,30,1992,4.4,165,221,74.7,2847,1392,86,99,86.9,56,69,81.2,22,48,45.8,0,0.4,0.5,-0.4,5,17,6,3,21,Matchs
118,Chiquinho,pt POR,MT,Benfica,27,1995,15.2,982,1126,87.2,17327,5619,450,477,94.3,387,422,91.7,111,168,66.1,0,2.1,2.3,-2.1,17,131,14,2,134,Matchs
119,Clayton,br BRA,AT,Casa Pia,23,1999,13.2,163,222,73.4,2406,349,91,113,80.5,54,68,79.4,8,14,57.1,0,0.4,0.3,-0.4,9,16,3,0,18,Matchs
120,Sebastián Coates,uy URU,DF,Sporting CP,31,1990,28.4,1886,2107,89.5,35856,13501,625,658,95.0,1097,1163,94.3,158,265,59.6,0,1.4,1.6,-1.4,8,134,8,0,106,Matchs
121,Dylan Collard,mu MRI,DF,Marítimo,22,2000,0.0,2,3,66.7,51,37,0,0,,2,2,100.0,0,1,0.0,0,0.0,0.0,0.0,0,0,0,0,1,Matchs
122,Santiago Colombatto,ar ARG,MT,Famalicão,25,1997,29.0,1149,1388,82.8,21955,6910,440,476,92.4,539,608,88.7,151,256,59.0,6,5.4,4.4,#ERROR!,63,88,14,2,115,Matchs
123,Fábio Conceição,pt POR,"DF,MT",Rio Ave,21,2001,22.0,604,763,79.2,9323,2937,349,402,86.8,208,250,83.2,34,67,50.7,3,2.2,2.3,#ERROR!,21,38,23,7,55,Matchs
124,Rodrigo Conceição,pt POR,DF,Porto,22,2000,6.1,278,350,79.4,4301,1170,164,181,90.6,88,116,75.9,21,36,58.3,0,1.5,1.1,-1.5,9,9,14,10,15,Matchs
125,Sérgio Conceição,pt POR,"DF,AT",Portimonense,25,1996,1.3,59,85,69.4,909,321,33,39,84.6,22,28,78.6,2,9,22.2,0,0.0,0.0,0.0,0,2,0,0,6,Matchs
Clt,Joueur,Nation,Pos,Équipe,Âge,Naissance,90,Cmp,Att,Cmp%,TotDist,DistBut,Cmp,Att,Cmp%,Cmp,Att,Cmp%,Cmp,Att,Cmp%,PD,xAG,xA,A-xAG,PC,1/3,PPA,CntSR,PrgP,Matchs
126,Félix Correia,pt POR,AT,Marítimo,21,2001,8.4,206,262,78.6,3916,1014,95,110,86.4,71,88,80.7,31,43,72.1,3,2.0,1.3,#ERROR!,23,30,14,0,45,Matchs
127,João Pedro Araújo Correia,cv CPV,"DF,AT",Chaves,25,1996,19.9,659,895,73.6,12737,4356,259,296,87.5,300,384,78.1,92,168,54.8,2,2.3,2.7,-0.3,23,39,29,21,61,Matchs
128,Antonio Cortés,es ESP,AT,Vitória,22,2000,0.6,12,17,70.6,164,58,6,10,60.0,5,5,100.0,0,1,0.0,0,0.1,0.0,-0.1,1,0,1,0,2,Matchs
129,Bruno Xavier Almeida Costa,pt POR,MT,Porto,25,1997,2.9,116,153,75.8,2043,812,60,63,95.2,40,56,71.4,15,25,60.0,1,1.3,1.4,-0.3,8,15,4,1,15,Matchs
130,Diogo Costa,pt POR,GB,Porto,22,1999,33.0,1008,1274,79.1,28135,19303,143,144,99.3,535,543,98.5,330,583,56.6,0,0.2,0.2,-0.2,2,26,0,0,2,Matchs
131,Edgar Costa,pt POR,"AT,MT",Marítimo,35,1987,5.3,156,277,56.3,2963,1234,60,84,71.4,60,87,69.0,28,85,32.9,1,1.6,0.8,-0.6,10,25,4,1,32,Matchs
132,Gonçalo Costa,pt POR,"DF,AT",Portimonense,22,2000,2.6,75,116,64.7,1188,556,39,47,83.0,26,41,63.4,7,15,46.7,0,0.4,0.2,-0.4,5,9,3,3,12,Matchs
133,Matheus Costa,br BRA,DF,Marítimo,27,1995,12.0,448,539,83.1,8963,3243,138,155,89.0,255,274,93.1,49,93,52.7,0,0.1,0.1,-0.1,4,24,0,0,23,Matchs
134,Murilo Costa,br BRA,AT,Gil Vicente FC,27,1994,24.2,639,872,73.3,10011,2695,351,400,87.8,205,274,74.8,59,127,46.5,1,3.9,3.9,-2.9,42,43,33,11,82,Matchs
135,Rui Costa,pt POR,MT,Santa Clara,26,1996,0.5,4,12,33.3,43,1,2,4,50.0,1,4,25.0,0,2,0.0,0,0.0,0.0,0.0,0,0,0,0,1,Matchs
136,Tomás Costa Silva,pt POR,DF,Vizela,22,1999,13.1,424,615,68.9,6761,3025,240,274,87.6,140,209,67.0,34,92,37.0,2,1.5,1.2,#ERROR!,17,38,23,8,52,Matchs
137,Vitor Costa,br BRA,"DF,MT",Marítimo,28,1994,26.7,1044,1388,75.2,19605,7698,433,509,85.1,471,578,81.5,129,234,55.1,1,1.9,1.4,-0.9,32,97,27,15,124,Matchs
138,Costinha,pt POR,"DF,MT",Rio Ave,22,2000,31.1,1029,1465,70.2,17803,6448,484,575,84.2,440,592,74.3,88,213,41.3,3,3.0,2.6,0.0,24,76,27,20,106,Matchs
139,Costinha,pt POR,"MT,AT",Santa Clara,29,1992,7.5,189,264,71.6,3233,1020,90,108,83.3,64,84,76.2,22,45,48.9,0,0.4,0.7,-0.4,7,17,4,0,22,Matchs
140,Sandro Cruz,pt POR,"DF,AT",Chaves,21,2001,5.9,227,305,74.4,3926,1361,102,119,85.7,108,135,80.0,15,39,38.5,1,0.2,0.3,#ERROR!,3,17,4,1,22,Matchs
141,Cuca,cv CPV,MT,Casa Pia,31,1991,4.3,153,191,80.1,2502,980,73,88,83.0,63,76,82.9,12,17,70.6,0,0.0,0.1,0.0,1,22,0,0,29,Matchs
142,Lucas Cunha,br BRA,DF,Gil Vicente FC,25,1997,15.0,824,957,86.1,17653,6967,235,255,92.2,462,489,94.5,124,199,62.3,0,0.4,0.5,-0.4,5,80,6,1,93,Matchs
143,Oday Dabbagh,ps PLE,AT,Arouca,23,1998,10.2,183,238,76.9,2480,333,115,144,79.9,50,60,83.3,11,13,84.6,0,1.0,0.7,-1.0,10,7,5,0,16,Matchs
144,Júlio Dabo,pt POR,"DF,AT",Boavista,18,2004,0.1,7,7,100.0,142,29,3,3,100.0,2,2,100.0,2,2,100.0,0,0.0,0.0,0.0,0,1,0,0,0,Matchs
145,Ignacio De Arruabarrena,uy URU,GB,Arouca,25,1997,30.0,681,1019,66.8,20150,15652,142,143,99.3,267,269,99.3,269,600,44.8,1,0.4,0.1,#ERROR!,3,16,1,0,0,Matchs
146,Hernán De La Fuente,ar ARG,DF,Famalicão,25,1997,6.0,245,324,75.6,3907,1819,125,144,86.8,102,133,76.7,12,30,40.0,0,0.4,0.5,-0.4,5,17,1,0,18,Matchs
147,Juan Delgado,cl CHI,DF,Paços,29,1993,29.9,1131,1468,77.0,20273,7552,521,565,92.2,462,576,80.2,130,247,52.6,1,3.5,3.5,-2.5,28,95,41,25,120,Matchs
148,Shaquil Delos,fr FRA,DF,Estoril,23,1999,4.6,132,190,69.5,2243,820,63,75,84.0,59,83,71.1,9,26,34.6,0,0.2,0.2,-0.2,3,9,2,1,10,Matchs
149,Denílson,br BRA,AT,Famalicão,27,1995,4.0,62,80,77.5,968,156,32,37,86.5,22,29,75.9,5,6,83.3,0,0.1,0.1,-0.1,1,2,1,1,8,Matchs
150,Depú,ao ANG,"AT,MT",Gil Vicente FC,22,2000,0.9,12,15,80.0,147,24,10,13,76.9,2,2,100.0,0,0,,1,0.0,0.2,#ERROR!,1,0,0,0,1,Matchs
Clt,Joueur,Nation,Pos,Équipe,Âge,Naissance,90,Cmp,Att,Cmp%,TotDist,DistBut,Cmp,Att,Cmp%,Cmp,Att,Cmp%,Cmp,Att,Cmp%,PD,xAG,xA,A-xAG,PC,1/3,PPA,CntSR,PrgP,Matchs
151,Derick,br BRA,"MT,DF",Casa Pia,28,1993,16.0,413,599,68.9,6377,2320,233,267,87.3,143,208,68.8,29,85,34.1,0,1.0,1.0,-1.0,12,25,16,12,44,Matchs
152,Lamine Diaby,fr FRA,MT,Portimonense,25,1996,15.7,454,553,82.1,8785,2420,161,190,84.7,232,257,90.3,52,72,72.2,0,0.4,0.3,-0.4,7,43,3,0,51,Matchs
153,Ousmane Diomande,ci CIV,DF,Sporting CP,18,2003,9.8,799,884,90.4,14538,4557,312,332,94.0,418,445,93.9,66,94,70.2,0,0.1,0.3,-0.1,2,81,5,0,62,Matchs
154,Álvaro djaló,es ESP,"AT,MT",Braga,22,1999,7.1,130,203,64.0,2060,741,68,94,72.3,45,62,72.6,12,26,46.2,4,2.0,1.2,#ERROR!,15,15,10,3,22,Matchs
155,Matchoi Djaló,pt POR,"MT,AT",Paços,19,2003,14.5,309,448,69.0,5349,1452,160,182,87.9,106,151,70.2,37,90,41.1,0,1.1,0.9,-1.1,19,30,7,2,39,Matchs
156,Mihai Dobre,ro ROU,"AT,DF",Famalicão,23,1998,10.4,182,254,71.7,2418,594,119,145,82.1,48,68,70.6,6,16,37.5,3,1.9,1.8,#ERROR!,18,7,10,5,14,Matchs
157,Julian Draxler,de GER,"MT,AT",Benfica,28,1993,4.5,203,229,88.6,3010,542,128,135,94.8,52,59,88.1,17,19,89.5,0,0.6,1.2,-0.6,10,24,8,1,33,Matchs
158,Carlos Eduardo,br BRA,"AT,MT",Estoril,25,1996,8.0,110,158,69.6,1757,375,60,71,84.5,38,50,76.0,8,18,44.4,0,0.4,0.2,-0.4,5,3,4,1,9,Matchs
159,Marcus Edwards,eng ENG,"AT,MT",Sporting CP,23,1998,25.0,731,966,75.7,11150,3028,400,461,86.8,254,322,78.9,46,102,45.1,5,8.0,6.6,-3.0,56,60,51,10,141,Matchs
160,Erison,br BRA,AT,Estoril,23,1999,7.6,57,77,74.0,828,103,31,38,81.6,23,31,74.2,1,2,50.0,0,0.7,0.4,-0.7,7,4,1,0,6,Matchs
161,Ricardo Esgaio,pt POR,"DF,MT",Sporting CP,29,1993,14.6,686,867,79.1,11935,3007,319,363,87.9,309,370,83.5,50,95,52.6,3,3.3,2.3,-0.3,20,53,14,6,69,Matchs
162,Tiago Esgaio,pt POR,DF,Arouca,26,1995,25.4,849,1229,69.1,14956,6548,398,454,87.7,351,488,71.9,86,223,38.6,2,1.9,2.4,#ERROR!,14,61,18,9,63,Matchs
163,Dario Essugo,pt POR,MT,Sporting CP,17,2005,2.2,90,104,86.5,1330,365,51,57,89.5,33,34,97.1,4,7,57.1,0,0.0,0.0,0.0,1,10,0,0,9,Matchs
164,Gonçalo Esteves,pt POR,DF,Estoril,18,2004,2.0,67,90,74.4,1128,453,29,34,85.3,34,41,82.9,3,10,30.0,0,0.1,0.0,-0.1,1,5,1,0,12,Matchs
165,Paulo Estrela Moreira,pt POR,MT,Portimonense,23,1999,16.8,675,861,78.4,13895,4496,233,275,84.7,304,354,85.9,127,199,63.8,1,2.6,3.2,-1.6,36,81,9,6,90,Matchs
166,Friday Etim,ng NGA,AT,Vizela,20,2002,4.9,68,98,69.4,959,195,34,47,72.3,26,35,74.3,1,1,100.0,0,1.5,0.6,-1.5,12,6,4,0,12,Matchs
167,Euller,br BRA,"AT,MT",Chaves,27,1995,11.8,277,404,68.6,4443,1348,155,188,82.4,85,116,73.3,25,65,38.5,0,1.1,1.3,-1.1,18,17,14,8,28,Matchs
168,Stephen Eustáquio,ca CAN,MT,Porto,25,1996,18.6,871,1057,82.4,15238,4374,396,451,87.8,370,426,86.9,83,130,63.8,5,4.8,3.7,#ERROR!,30,88,26,1,129,Matchs
169,Evanilson,br BRA,AT,Porto,22,1999,15.0,251,333,75.4,3062,572,160,190,84.2,44,63,69.8,14,17,82.4,5,3.0,2.5,#ERROR!,16,13,5,0,23,Matchs
170,Ewerton,br BRA,MT,Portimonense,29,1992,6.5,170,214,79.4,2679,653,92,106,86.8,67,83,80.7,7,12,58.3,1,0.3,0.4,#ERROR!,5,15,4,1,21,Matchs
171,Fabiano,br BRA,DF,Braga,22,2000,10.7,443,577,76.8,8616,2498,174,199,87.4,198,242,81.8,63,106,59.4,0,0.7,1.3,-0.7,12,27,16,11,29,Matchs
172,Fábio,br BRA,"AT,MT",Paços,25,1997,3.0,38,58,65.5,550,126,25,38,65.8,7,7,100.0,3,5,60.0,1,0.4,0.2,#ERROR!,4,2,1,0,6,Matchs
173,Abdul Fatawu Issahaku,gh GHA,"DF,MT",Sporting CP,18,2004,1.3,43,70,61.4,621,215,27,34,79.4,14,19,73.7,1,10,10.0,0,0.1,0.1,-0.1,1,1,2,1,4,Matchs
174,Luiz Felipe,br BRA,GB,Vizela,25,1997,1.0,13,22,59.1,389,318,2,2,100.0,5,5,100.0,6,15,40.0,0,0.0,0.0,0.0,0,0,0,0,0,Matchs
175,Volnei Feltes,br BRA,DF,Estoril,22,2000,0.1,3,3,100.0,61,40,1,1,100.0,1,1,100.0,1,1,100.0,0,0.0,0.0,0.0,0,0,0,0,0,Matchs
Clt,Joueur,Nation,Pos,Équipe,Âge,Naissance,90,Cmp,Att,Cmp%,TotDist,DistBut,Cmp,Att,Cmp%,Cmp,Att,Cmp%,Cmp,Att,Cmp%,PD,xAG,xA,A-xAG,PC,1/3,PPA,CntSR,PrgP,Matchs
176,Eduardo Fereira,ve VEN,"AT,MT",Casa Pia,21,2000,0.6,16,21,76.2,271,122,6,6,100.0,9,12,75.0,1,2,50.0,0,0.0,0.3,0.0,0,0,0,0,0,Matchs
177,Erick Ferigra,ec ECU,DF,Paços,23,1999,12.9,532,613,86.8,10357,4388,183,201,91.0,285,305,93.4,60,94,63.8,0,0.0,0.1,0.0,2,27,1,1,24,Matchs
178,Ivanildo Fernandes,cv CPV,DF,Vizela,26,1996,16.5,488,589,82.9,9381,3674,164,190,86.3,264,285,92.6,55,103,53.4,0,0.8,0.4,-0.8,2,21,0,0,35,Matchs
179,Jorge Filipe Oliveira Fernandes,pt POR,DF,Vitória,25,1997,2.3,64,86,74.4,1199,553,28,34,82.4,29,33,87.9,7,17,41.2,0,0.3,0.0,-0.3,1,10,1,0,11,Matchs
180,Mateus Fernandes,pt POR,MT,Sporting CP,18,2004,1.0,47,51,92.2,752,142,25,26,96.2,17,17,100.0,4,6,66.7,0,0.1,0.0,-0.1,2,5,1,0,5,Matchs
181,Rafael Fernandes,pt POR,"DF,AT",Arouca,20,2002,1.5,52,55,94.5,875,430,23,23,100.0,28,31,90.3,1,1,100.0,0,0.0,0.0,0.0,0,0,0,0,6,Matchs
182,Rúben Fernandes,pt POR,DF,Gil Vicente FC,36,1986,24.2,1166,1378,84.6,24693,8219,313,351,89.2,663,727,91.2,184,273,67.4,0,0.4,0.3,-0.4,5,51,3,0,56,Matchs
183,Vasco Fernandes,pt POR,DF,Casa Pia,35,1986,27.5,1104,1278,86.4,20600,7996,410,449,91.3,578,615,94.0,105,182,57.7,0,0.4,0.5,-0.4,6,58,2,1,52,Matchs
184,Enzo Fernández,ar ARG,MT,Benfica,21,2001,15.4,1446,1679,86.1,27839,8003,623,683,91.2,531,592,89.7,254,326,77.9,5,3.7,5.2,#ERROR!,30,184,31,5,183,Matchs
185,Diogo Ferreira,pt POR,MT,Vitória,20,2001,0.0,0,1,0.0,0,0,0,0,,0,0,,0,0,,0,0.0,0.0,0.0,0,0,0,0,0,Matchs
186,Filipe Ferreira,pt POR,"DF,MT",Boavista,31,1990,3.4,142,177,80.2,2345,1065,61,67,91.0,63,73,86.3,13,23,56.5,1,0.6,0.6,#ERROR!,3,16,5,4,15,Matchs
187,Fernando Ferreira Fonseca,pt POR,"DF,AT",Paços,25,1997,1.8,55,91,60.4,1027,425,29,36,80.6,15,25,60.0,10,27,37.0,0,0.0,0.0,0.0,0,10,1,1,7,Matchs
188,João Ferreira,pt POR,"DF,MT",Rio Ave,21,2001,1.8,65,84,77.4,1291,421,26,27,96.3,30,39,76.9,9,14,64.3,0,0.2,0.3,-0.2,3,5,3,2,6,Matchs
189,Vitó Ferreira,pt POR,"MT,AT",Casa Pia,24,1997,0.8,18,26,69.2,238,57,11,13,84.6,5,6,83.3,1,4,25.0,0,0.0,0.0,0.0,0,1,0,0,3,Matchs
190,Gonçalo Filipe,pt POR,GB,Chaves,22,2000,0.0,1,4,25.0,58,58,0,0,,0,0,,1,4,25.0,0,0.0,0.0,0.0,0,0,0,0,0,Matchs
191,Bernardo Folha,pt POR,"MT,AT",Porto,20,2002,0.6,29,35,82.9,359,124,18,19,94.7,8,10,80.0,1,2,50.0,0,0.0,0.0,0.0,0,5,0,0,2,Matchs
192,Tiago Fonseca Morais,pt POR,AT,Boavista,18,2003,0.3,9,10,90.0,132,23,4,4,100.0,2,2,100.0,1,1,100.0,0,0.0,0.0,0.0,1,2,0,0,3,Matchs
193,Théo Fonseca,fr FRA,"MT,AT",Famalicão,22,2000,1.2,16,25,64.0,248,74,6,9,66.7,8,10,80.0,0,3,0.0,0,0.0,0.0,0.0,2,0,1,0,2,Matchs
194,Rui Fonte,pt POR,"AT,MT",Famalicão,32,1990,5.1,93,119,78.2,1308,193,47,56,83.9,34,39,87.2,3,4,75.0,0,0.1,0.1,-0.1,3,4,2,0,12,Matchs
195,Hernâni Fortes,pt POR,"AT,MT",Rio Ave,30,1991,7.5,95,158,60.1,1863,611,44,58,75.9,31,53,58.5,19,36,52.8,1,0.7,1.0,#ERROR!,10,3,10,7,14,Matchs
196,André Franco,pt POR,"MT,AT",Porto,24,1998,7.7,303,370,81.9,5105,1491,152,168,90.5,113,125,90.4,30,57,52.6,0,0.7,1.1,-0.7,12,35,8,0,48,Matchs
197,Afonso freitas,pt POR,"DF,MT",Vitória,22,2000,21.4,603,841,71.7,9681,4401,314,375,83.7,236,328,72.0,41,93,44.1,2,0.9,1.6,#ERROR!,17,47,11,7,58,Matchs
198,Kanya Fujimoto,jp JPN,MT,Gil Vicente FC,23,1999,29.1,918,1147,80.0,13120,3243,537,608,88.3,287,354,81.1,49,82,59.8,3,4.2,4.4,-1.2,51,97,36,5,139,Matchs
199,Nicolás Gaitán,ar ARG,"AT,MT",Paços,34,1988,19.9,473,722,65.5,9033,2982,209,273,76.6,171,235,72.8,80,174,46.0,3,3.4,3.8,-0.4,43,59,31,10,81,Matchs
200,Galeno,br BRA,"MT,AT",Porto,24,1997,22.2,597,809,73.8,9074,1888,355,416,85.3,181,245,73.9,43,70,61.4,3,4.7,5.4,-1.7,42,16,40,9,53,Matchs
Clt,Joueur,Nation,Pos,Équipe,Âge,Naissance,90,Cmp,Att,Cmp%,TotDist,DistBut,Cmp,Att,Cmp%,Cmp,Att,Cmp%,Cmp,Att,Cmp%,PD,xAG,xA,A-xAG,PC,1/3,PPA,CntSR,PrgP,Matchs
201,Nino Galović,hr CRO,DF,Arouca,30,1992,14.5,546,620,88.1,10491,3594,188,194,96.9,308,327,94.2,47,91,51.6,1,0.2,0.0,#ERROR!,1,11,1,0,17,Matchs
202,João Gamboa,pt POR,MT,Estoril,25,1996,11.6,294,377,78.0,5405,1711,109,131,83.2,147,174,84.5,31,49,63.3,0,0.2,0.2,-0.2,4,35,3,0,39,Matchs
203,Pedro Ganchas,pt POR,DF,Paços,22,2000,3.0,125,141,88.7,2581,951,35,39,89.7,74,79,93.7,13,16,81.3,0,0.0,0.0,0.0,0,7,0,0,5,Matchs
204,Bruno Gaspar,ao ANG,"DF,MT",Vitória,29,1993,2.4,88,122,72.1,1559,738,39,50,78.0,35,43,81.4,10,22,45.5,1,0.5,0.4,#ERROR!,1,8,1,1,7,Matchs
205,Francisco Geraldes,pt POR,MT,Estoril,27,1995,20.3,614,851,72.2,10941,3328,282,350,80.6,228,281,81.1,80,150,53.3,4,2.0,1.6,#ERROR!,37,79,21,3,103,Matchs
206,Gilberto,br BRA,DF,Benfica,29,1993,8.9,635,771,82.4,8777,2369,374,413,90.6,217,247,87.9,18,49,36.7,1,2.9,3.0,-1.9,18,39,24,8,45,Matchs
207,Paulo Godinho,br BRA,DF,Santa Clara,20,2002,5.3,220,271,81.2,4658,1366,55,65,84.6,129,148,87.2,35,51,68.6,0,0.1,0.0,-0.1,1,9,0,0,13,Matchs
208,Saviour Godwin,ng NGA,"AT,MT",Casa Pia,25,1996,26.7,331,535,61.9,5139,1313,184,240,76.7,107,168,63.7,28,68,41.2,1,4.0,3.6,-3.0,34,15,32,12,50,Matchs
209,Eulânio Ângelo Chipela Gomes,gw GNB,DF,Santa Clara,28,1994,6.4,213,264,80.7,3355,1122,116,122,95.1,81,106,76.4,14,26,53.8,1,0.8,0.6,#ERROR!,6,6,4,3,15,Matchs
210,Henrique Gomes,pt POR,DF,Gil Vicente FC,26,1995,5.3,215,300,71.7,3530,1549,102,122,83.6,91,117,77.8,16,36,44.4,0,0.1,0.2,-0.1,2,20,4,1,21,Matchs
211,Nito Gomes,gw GNB,MT,Marítimo,20,2002,0.8,21,25,84.0,505,117,3,4,75.0,11,12,91.7,6,6,100.0,0,0.0,0.0,0.0,0,4,0,0,5,Matchs
212,Rodrigo Gomes,pt POR,"AT,MT",Braga,19,2003,3.8,64,89,71.9,846,173,36,43,83.7,21,29,72.4,2,4,50.0,0,0.0,0.3,0.0,1,4,2,0,7,Matchs
213,Rui Gomes,pt POR,"MT,AT",Portimonense,24,1997,11.9,282,412,68.4,4483,1299,139,165,84.2,103,142,72.5,24,56,42.9,1,3.2,3.3,-2.2,26,24,18,6,45,Matchs
214,Vítor Gomes,pt POR,MT,Rio Ave,34,1987,8.4,442,548,80.7,7779,2508,194,215,90.2,202,235,86.0,41,69,59.4,1,0.7,0.8,#ERROR!,7,49,5,0,63,Matchs
215,Victor Gomez,es ESP,DF,Braga,22,2000,22.9,1044,1346,77.6,18488,5580,459,512,89.6,454,573,79.2,110,201,54.7,4,3.2,3.3,#ERROR!,26,63,35,18,95,Matchs
216,Nuno Gonçalo Moreira,pt POR,"AT,MT",Vizela,23,1999,20.4,444,667,66.6,6861,2548,237,296,80.1,132,189,69.8,41,94,43.6,1,2.9,3.5,-1.9,26,34,26,4,83,Matchs
217,Diogo Gonçalves,pt POR,AT,Benfica,25,1997,3.4,123,159,77.4,1472,439,75,85,88.2,27,37,73.0,5,9,55.6,0,0.9,0.8,-0.9,4,8,6,3,12,Matchs
218,João Gonçalves,pt POR,GB,Boavista,21,2000,1.0,20,27,74.1,384,207,3,3,100.0,15,15,100.0,1,8,12.5,0,0.0,0.0,0.0,0,0,0,0,0,Matchs
219,Pedro Gonçalves,pt POR,"MT,AT",Sporting CP,24,1998,31.2,973,1301,74.8,15703,4351,533,623,85.6,295,384,76.8,102,196,52.0,11,8.2,7.4,#ERROR!,74,91,58,9,164,Matchs
220,Cristian González,uy URU,DF,Santa Clara,26,1996,11.7,347,413,84.0,7563,2626,89,98,90.8,197,214,92.1,57,91,62.6,0,0.1,0.0,-0.1,1,11,0,0,11,Matchs
221,Walter González,py PAR,AT,Santa Clara,27,1995,4.4,62,86,72.1,972,160,33,41,80.5,21,29,72.4,5,7,71.4,0,0.1,0.1,-0.1,2,6,1,0,9,Matchs
222,Yony González,co COL,"AT,MT",Portimonense,28,1994,10.8,177,238,74.4,2469,538,105,126,83.3,52,71,73.2,7,16,43.8,1,1.0,0.6,0.0,13,9,8,1,21,Matchs
223,Jean Gorby,fr FRA,MT,Braga,20,2002,1.3,77,89,86.5,1487,333,30,31,96.8,32,35,91.4,12,16,75.0,0,0.0,0.0,0.0,0,13,0,0,9,Matchs
224,Kenji Gorré,cw CUW,"AT,MT",Boavista,27,1994,16.4,377,520,72.5,5763,1895,200,238,84.0,129,171,75.4,28,66,42.4,6,3.3,3.4,#ERROR!,27,40,24,5,61,Matchs
225,Tiago Gouveia,pt POR,"AT,MT",Estoril,21,2001,26.5,426,587,72.6,6774,2303,243,287,84.7,137,183,74.9,36,73,49.3,6,5.4,4.7,#ERROR!,39,29,32,12,68,Matchs
Clt,Joueur,Nation,Pos,Équipe,Âge,Naissance,90,Cmp,Att,Cmp%,TotDist,DistBut,Cmp,Att,Cmp%,Cmp,Att,Cmp%,Cmp,Att,Cmp%,PD,xAG,xA,A-xAG,PC,1/3,PPA,CntSR,PrgP,Matchs
226,João Graça,pt POR,"MT,AT",Rio Ave,27,1995,12.8,387,484,80.0,6379,1483,189,208,90.9,154,182,84.6,30,50,60.0,1,0.7,1.0,#ERROR!,11,32,11,4,65,Matchs
227,Álex Grimaldo,es ESP,DF,Benfica,26,1995,32.7,2045,2513,81.4,30038,8796,1184,1287,92.0,657,801,82.0,118,221,53.4,9,12.6,10.6,-3.6,74,106,92,35,194,Matchs
228,Marko Grujić,rs SRB,MT,Porto,26,1996,12.5,614,721,85.2,10735,3181,284,318,89.3,251,283,88.7,64,83,77.1,0,1.2,1.7,-1.2,10,74,6,1,103,Matchs
229,Alexandre Guedes,pt POR,AT,Paços,28,1994,8.8,102,149,68.5,1527,284,58,74,78.4,30,44,68.2,8,12,66.7,1,0.7,0.2,#ERROR!,9,4,2,1,10,Matchs
230,Gonçalo Guedes,pt POR,"AT,MT",Benfica,25,1996,4.5,127,170,74.7,1767,345,80,95,84.2,29,41,70.7,9,12,75.0,1,1.3,1.2,-0.3,9,3,11,3,20,Matchs
231,Ricardo Guimarães,mz MOZ,MT,Chaves,26,1995,21.8,754,910,82.9,12479,3616,339,392,86.5,326,371,87.9,60,83,72.3,0,1.5,1.1,-1.5,26,79,7,3,90,Matchs
232,Rafik Guitane,fr FRA,"MT,AT",Estoril,23,1999,8.7,210,267,78.7,3635,908,111,124,89.5,57,70,81.4,34,47,72.3,1,1.2,1.3,-0.2,10,14,15,3,29,Matchs
233,Raphael Guzzo,pt POR,MT,Vizela,27,1995,26.2,1347,1654,81.4,21494,7899,706,773,91.3,479,573,83.6,114,191,59.7,3,2.5,1.7,#ERROR!,23,120,20,2,148,Matchs
234,Emmanuel Hackman,tg TOG,DF,Gil Vicente FC,27,1995,1.5,36,60,60.0,683,293,13,18,72.2,18,27,66.7,5,11,45.5,0,0.0,0.0,0.0,0,3,0,0,7,Matchs
235,Yanis Hamache,dz ALG,MT,Boavista,23,1999,2.0,80,121,66.1,1293,432,39,48,81.3,35,47,74.5,5,21,23.8,1,0.6,0.3,#ERROR!,5,6,5,5,10,Matchs
236,Tomás Händel,pt POR,MT,Vitória,21,2000,4.8,227,248,91.5,3524,928,114,119,95.8,86,96,89.6,16,18,88.9,1,0.1,0.1,#ERROR!,3,21,0,0,20,Matchs
237,Boubacar Hanne,pt POR,"AT,DF",Gil Vicente FC,23,1999,0.4,16,23,69.6,276,136,9,11,81.8,4,7,57.1,3,3,100.0,0,0.0,0.2,0.0,0,2,0,0,5,Matchs
238,Héctor,es ESP,AT,Chaves,26,1995,16.4,199,259,76.8,2580,573,122,148,82.4,49,65,75.4,8,10,80.0,0,0.3,0.2,-0.3,8,22,0,0,24,Matchs
239,Jordan Holsgrove,sct SCO,MT,Paços,22,1999,19.8,809,988,81.9,13488,3347,411,455,90.3,292,335,87.2,79,124,63.7,2,0.7,1.0,#ERROR!,14,87,17,3,104,Matchs
240,Lukáš Horníček,cz CZE,GB,Braga,20,2002,0.2,4,5,80.0,115,104,0,0,,3,3,100.0,1,2,50.0,0,0.0,0.0,0.0,0,0,0,0,0,Matchs
241,André Horta,pt POR,MT,Braga,25,1996,23.1,1447,1701,85.1,26928,7354,606,648,93.5,630,700,90.0,179,295,60.7,4,2.9,3.9,#ERROR!,37,178,33,9,196,Matchs
242,Ricardo Horta,pt POR,"MT,AT",Braga,27,1994,29.0,982,1206,81.4,14632,4103,518,583,88.9,316,376,84.0,71,117,60.7,8,5.8,5.9,#ERROR!,69,107,51,6,185,Matchs
243,Abbas Ibrahim,ng NGA,"MT,DF",Paços,24,1998,3.6,162,181,89.5,2681,638,82,84,97.6,65,74,87.8,11,16,68.8,0,0.1,0.1,-0.1,1,19,0,0,20,Matchs
244,Tiago Ilori,pt POR,DF,Paços,29,1993,2.3,86,96,89.6,1862,571,17,18,94.4,55,59,93.2,14,17,82.4,0,0.0,0.0,0.0,0,2,0,0,2,Matchs
245,Gonçalo Inácio,pt POR,DF,Sporting CP,20,2001,26.3,2090,2333,89.6,39315,14103,713,774,92.1,1179,1249,94.4,184,251,73.3,3,1.3,2.0,#ERROR!,12,252,12,0,238,Matchs
246,Índio,br BRA,MT,Vitória,22,1999,0.8,25,29,86.2,501,191,9,9,100.0,9,11,81.8,6,8,75.0,0,0.1,0.0,-0.1,1,5,0,0,3,Matchs
247,Hernani Infande,pt POR,"MT,AT",Braga,21,2001,0.9,19,29,65.5,328,75,8,14,57.1,7,8,87.5,3,3,100.0,0,0.0,0.0,0.0,0,3,0,0,2,Matchs
248,Hernani Infande,pt POR,"AT,MT",Paços,21,2001,3.9,72,95,75.8,1028,238,42,54,77.8,21,26,80.8,4,4,100.0,0,0.7,0.6,-0.7,8,5,5,1,8,Matchs
249,Bamidele Isa Yusuf,ng NGA,"AT,MT",Estoril,21,2001,0.9,12,23,52.2,178,37,6,8,75.0,3,7,42.9,2,6,33.3,0,0.0,0.0,0.0,0,2,1,0,3,Matchs
250,Carlos Isaac,es ESP,DF,Vizela,24,1998,3.9,118,176,67.0,2094,981,54,62,87.1,50,73,68.5,11,30,36.7,0,0.1,0.1,-0.1,3,8,3,2,6,Matchs
Clt,Joueur,Nation,Pos,Équipe,Âge,Naissance,90,Cmp,Att,Cmp%,TotDist,DistBut,Cmp,Att,Cmp%,Cmp,Att,Cmp%,Cmp,Att,Cmp%,PD,xAG,xA,A-xAG,PC,1/3,PPA,CntSR,PrgP,Matchs
251,Franco Israel,uy URU,GB,Sporting CP,22,2000,3.0,94,103,91.3,2151,1258,17,17,100.0,62,62,100.0,15,24,62.5,0,0.0,0.0,0.0,0,0,0,0,0,Matchs
252,Abass Issah,gh GHA,"AT,MT",Chaves,23,1998,15.2,252,346,72.8,4012,829,138,161,85.7,87,114,76.3,18,35,51.4,0,0.9,1.9,-0.9,9,17,15,2,31,Matchs
253,Ítalo,br BRA,DF,Santa Clara,20,2002,11.9,340,430,79.1,6863,2293,91,108,84.3,207,241,85.9,38,71,53.5,0,0.2,0.2,-0.2,2,9,0,0,19,Matchs
254,Ivan Jaime Pajuelo,es ESP,"AT,MT",Famalicão,21,2000,20.8,465,615,75.6,7999,2149,221,270,81.9,179,221,81.0,49,81,60.5,3,3.0,2.5,0.0,33,48,23,1,100,Matchs
255,Nicolas Janvier,fr FRA,MT,Vitória,23,1998,7.0,320,411,77.9,6418,1940,133,150,88.7,118,142,83.1,61,98,62.2,0,0.8,1.3,-0.8,10,50,10,6,60,Matchs
256,Anderson Jesus,br BRA,DF,Vizela,27,1995,29.6,829,1041,79.6,15953,6614,287,330,87.0,457,513,89.1,77,176,43.8,0,0.1,0.4,-0.1,3,28,1,0,28,Matchs
257,Jhonatan,br BRA,GB,Rio Ave,31,1991,32.0,759,1044,72.7,21574,16646,113,115,98.3,378,393,96.2,262,522,50.2,0,0.1,0.0,-0.1,1,7,0,0,0,Matchs
258,Park Ji-soo,kr KOR,DF,Portimonense,28,1994,13.3,540,665,81.2,10943,4425,167,183,91.3,304,338,89.9,66,127,52.0,1,0.6,0.5,#ERROR!,2,28,2,0,33,Matchs
259,Jo,br BRA,"AT,MT",Chaves,27,1995,3.3,41,70,58.6,477,86,21,34,61.8,15,21,71.4,0,1,0.0,0,0.1,0.1,-0.1,2,4,2,0,6,Matchs
260,João,br BRA,GB,Casa Pia,24,1998,1.0,17,23,73.9,395,304,7,7,100.0,6,6,100.0,4,10,40.0,0,0.0,0.0,0.0,0,0,0,0,0,Matchs
261,Joãozinho,pt POR,DF,Estoril,33,1989,28.6,1171,1505,77.8,21405,9109,473,543,87.1,571,677,84.3,114,235,48.5,4,1.2,1.6,#ERROR!,19,110,19,8,128,Matchs
262,Joca,pt POR,"MT,AT",Rio Ave,26,1996,4.6,96,124,77.4,1860,400,40,44,90.9,35,48,72.9,16,21,76.2,1,0.2,0.3,#ERROR!,2,7,5,1,19,Matchs
263,Henrique Jocú,pt POR,"MT,AT",Portimonense,20,2001,5.1,176,219,80.4,3402,616,67,79,84.8,79,92,85.9,25,38,65.8,0,0.5,0.3,-0.5,3,5,3,3,8,Matchs
264,Diederrick Joel,cm CMR,AT,Marítimo,28,1993,10.5,146,212,68.9,2238,294,72,97,74.2,58,78,74.4,6,12,50.0,0,0.4,0.4,-0.4,8,8,9,1,13,Matchs
265,Michael Johnston,ie IRL,"AT,MT",Vitória,23,1999,15.2,310,461,67.2,4774,1339,172,210,81.9,95,138,68.8,25,67,37.3,4,2.2,2.5,#ERROR!,23,34,17,2,50,Matchs
266,Bruno Jordão,pt POR,MT,Santa Clara,23,1998,9.4,222,287,77.4,4115,994,87,109,79.8,93,110,84.5,33,40,82.5,0,0.3,0.3,-0.3,7,25,5,1,34,Matchs
267,Igor Julião,br BRA,DF,Vizela,27,1994,17.9,540,724,74.6,8807,3492,296,342,86.5,183,241,75.9,47,96,49.0,1,0.8,1.2,#ERROR!,13,37,13,6,44,Matchs
268,Juninho,br BRA,AT,Chaves,25,1996,20.1,233,307,75.9,3104,440,121,147,82.3,69,92,75.0,11,18,61.1,0,2.4,1.2,-2.4,19,19,4,1,21,Matchs
269,Luiz Lúcio Reis Júnior,br BRA,GB,Famalicão,21,2001,33.0,719,1045,68.8,22466,17347,123,125,98.4,306,316,96.8,289,595,48.6,0,0.1,0.0,-0.1,3,18,0,0,0,Matchs
270,Welinton Júnior,br BRA,AT,Portimonense,29,1993,22.9,280,406,69.0,3987,922,156,198,78.8,91,119,76.5,15,23,65.2,0,2.2,1.4,-2.2,12,32,12,3,49,Matchs
271,Zainadine Júnior,mz MOZ,DF,Marítimo,34,1988,23.1,1015,1192,85.2,22305,8181,212,235,90.2,642,693,92.6,156,238,65.5,0,0.2,0.3,-0.2,4,59,3,1,61,Matchs
272,Junior Kadile,fr FRA,"AT,MT",Famalicão,19,2002,7.4,103,168,61.3,1501,424,63,77,81.8,32,53,60.4,5,21,23.8,0,0.5,0.3,-0.5,6,6,6,4,11,Matchs
273,Stanley Kanu,ng NGA,"AT,DF",Marítimo,23,1999,0.8,19,29,65.5,345,117,9,10,90.0,8,10,80.0,2,6,33.3,0,0.0,0.0,0.0,1,1,0,0,2,Matchs
274,Jorge Karse,pt POR,"MT,DF",Rio Ave,17,2005,0.2,17,23,73.9,275,62,8,9,88.9,9,10,90.0,0,2,0.0,0,0.0,0.0,0.0,0,0,0,0,1,Matchs
275,Francisco Kiki,pt POR,MT,Casa Pia,24,1998,0.1,4,5,80.0,40,0,4,4,100.0,0,0,,0,0,,0,0.0,0.0,0.0,0,0,0,0,0,Matchs
Clt,Joueur,Nation,Pos,Équipe,Âge,Naissance,90,Cmp,Att,Cmp%,TotDist,DistBut,Cmp,Att,Cmp%,Cmp,Att,Cmp%,Cmp,Att,Cmp%,PD,xAG,xA,A-xAG,PC,1/3,PPA,CntSR,PrgP,Matchs
276,Gustavo Klismahn,br BRA,MT,Portimonense,22,1999,7.8,172,236,72.9,2514,832,93,112,83.0,60,77,77.9,10,28,35.7,1,0.5,0.4,#ERROR!,3,17,4,3,17,Matchs
277,Philippe Koffi,ci CIV,AT,Paços,20,2002,7.4,57,99,57.6,798,129,33,46,71.7,22,39,56.4,1,4,25.0,1,0.5,0.7,#ERROR!,6,4,0,0,3,Matchs
278,Stanislav Kritsyuk,ru RUS,GB,Gil Vicente FC,31,1990,10.3,329,394,83.5,8814,6021,47,48,97.9,176,177,99.4,105,166,63.3,0,0.0,0.0,0.0,0,0,0,0,0,Matchs
279,Takahiro Kunimoto,jp JPN,"AT,MT",Casa Pia,24,1997,14.1,351,517,67.9,6130,2082,172,211,81.5,122,163,74.8,45,99,45.5,2,2.1,2.3,-0.1,24,43,8,1,58,Matchs
280,Matías Lacava,ve VEN,"AT,MT",Vizela,19,2002,3.9,87,117,74.4,1124,230,51,58,87.9,23,28,82.1,4,11,36.4,0,0.1,0.1,-0.1,1,8,1,1,6,Matchs
281,Diego Lainez,mx MEX,MT,Braga,22,2000,1.7,78,91,85.7,1264,254,41,45,91.1,17,22,77.3,13,16,81.3,2,0.4,0.2,#ERROR!,4,2,5,0,11,Matchs
282,Chico Lamba,pt POR,DF,Sporting CP,19,2003,0.5,38,40,95.0,749,264,8,8,100.0,27,28,96.4,3,4,75.0,0,0.1,0.1,-0.1,1,4,1,0,5,Matchs
283,Rúben Lameiras,pt POR,"AT,MT",Vitória,27,1994,12.6,282,401,70.3,4609,1505,146,177,82.5,93,124,75.0,28,52,53.8,2,1.8,2.2,#ERROR!,22,30,24,6,50,Matchs
284,Bruno Langa,mz MOZ,DF,Chaves,24,1997,27.5,976,1368,71.3,17886,8904,427,512,83.4,435,566,76.9,101,218,46.3,0,3.2,2.9,-3.2,32,101,30,14,122,Matchs
285,Yusuf Lawal,ng NGA,"MT,AT",Arouca,24,1998,0.9,27,35,77.1,391,79,16,18,88.9,9,13,69.2,1,3,33.3,0,0.0,0.1,0.0,1,1,3,1,4,Matchs
286,James Lea Siliki,cm CMR,"MT,AT",Estoril,26,1996,8.9,165,277,59.6,3332,1061,61,81,75.3,69,100,69.0,30,78,38.5,0,0.8,1.4,-0.8,11,27,9,5,31,Matchs
287,Daniel Leite,pt POR,GB,Estoril,24,1998,31.7,879,1139,77.2,22845,14076,143,145,98.6,494,501,98.6,241,485,49.7,0,0.0,0.0,0.0,0,9,0,0,2,Matchs
288,Leonardo Lelo,pt POR,"MT,DF",Casa Pia,22,2000,25.4,922,1247,73.9,14620,5562,510,567,89.9,328,442,74.2,63,160,39.4,6,2.9,2.9,#ERROR!,22,56,29,16,83,Matchs
289,Nuno Lima,pt POR,DF,Paços,21,2001,27.2,1145,1345,85.1,25624,10750,263,290,90.7,664,728,91.2,211,299,70.6,0,0.2,0.5,-0.2,4,65,2,1,63,Matchs
290,Rúben Lima,pt POR,DF,Famalicão,32,1989,13.2,474,669,70.9,8233,3799,235,280,83.9,188,252,74.6,47,111,42.3,0,0.7,0.9,-0.7,9,43,11,9,50,Matchs
291,Percy Liza,pe PER,"AT,MT",Marítimo,22,2000,4.7,49,69,71.0,655,79,29,39,74.4,15,20,75.0,1,4,25.0,0,0.0,0.1,0.0,2,4,0,0,3,Matchs
292,Danny Loader,eng ENG,"AT,MT",Porto,21,2000,5.0,124,159,78.0,1717,330,74,85,87.1,35,44,79.5,6,11,54.5,2,2.6,1.1,-0.6,12,11,6,2,18,Matchs
293,Julien Lomboto,,MT,Rio Ave,20,2002,0.1,6,7,85.7,60,13,5,5,100.0,0,0,,0,0,,0,0.0,0.0,0.0,0,0,0,0,0,Matchs
294,Né lopes,pt POR,DF,Gil Vicente FC,22,2000,5.0,276,296,93.2,5459,1878,80,85,94.1,162,169,95.9,29,36,80.6,0,0.1,0.1,-0.1,2,17,1,0,18,Matchs
295,Bruno Lourenço,pt POR,"MT,AT",Boavista,24,1998,20.9,533,730,73.0,8739,2554,276,318,86.8,166,208,79.8,58,127,45.7,1,2.7,2.4,-1.7,29,52,14,4,83,Matchs
296,Lucão,br BRA,DF,Portimonense,30,1992,5.9,249,295,84.4,5225,1735,57,61,93.4,154,166,92.8,34,63,54.0,0,0.0,0.0,0.0,0,10,0,0,9,Matchs
297,Florentino Luís,pt POR,MT,Benfica,22,1999,23.6,1665,1856,89.7,26510,7780,856,909,94.2,613,659,93.0,129,178,72.5,3,1.7,1.5,#ERROR!,17,228,16,1,165,Matchs
298,José Luis Rodríguez,pa PAN,"AT,MT",Famalicão,24,1998,5.6,69,111,62.2,1008,306,43,55,78.2,13,23,56.5,7,20,35.0,3,0.5,0.5,#ERROR!,7,3,5,2,10,Matchs
299,Luquinha,br BRA,"MT,AT",Portimonense,21,2000,13.0,408,527,77.4,6211,1867,216,254,85.0,145,173,83.8,25,52,48.1,1,1.8,2.1,-0.8,28,54,16,4,68,Matchs
300,Tiago Machado,pt POR,"MT,AT",Boavista,18,2004,0.1,0,1,0.0,0,0,0,0,,0,0,,0,1,0.0,0,0.0,0.0,0.0,0,0,0,0,0,Matchs
Clt,Joueur,Nation,Pos,Équipe,Âge,Naissance,90,Cmp,Att,Cmp%,TotDist,DistBut,Cmp,Att,Cmp%,Cmp,Att,Cmp%,Cmp,Att,Cmp%,PD,xAG,xA,A-xAG,PC,1/3,PPA,CntSR,PrgP,Matchs
301,Maga,pt POR,DF,Vitória,23,1999,2.2,,,,,,,,,,,,,,,0,,,,,,,,,Matchs
302,Miguel Magalhães,pt POR,"DF,MT",Vitória,19,2002,19.5,801,1069,74.9,12565,5900,440,501,87.8,294,410,71.7,50,98,51.0,2,1.6,2.1,#ERROR!,21,52,37,19,74,Matchs
303,Magrão,br BRA,GB,Rio Ave,22,2000,2.0,47,57,82.5,1183,774,8,8,100.0,28,28,100.0,11,21,52.4,0,0.0,0.0,0.0,0,0,0,0,0,Matchs
304,Giorgi Makaridze,ge GEO,GB,Marítimo,32,1990,6.0,164,221,74.2,4389,3024,28,28,100.0,88,92,95.7,47,99,47.5,0,0.0,0.0,0.0,0,1,0,0,0,Matchs
305,Gaius Makouta,cg CGO,MT,Boavista,25,1997,30.4,1058,1319,80.2,17616,4734,518,607,85.3,413,491,84.1,95,136,69.9,6,1.5,1.8,#ERROR!,16,93,11,4,115,Matchs
306,Pedro Malheiro,pt POR,"DF,MT",Boavista,21,2001,31.0,1403,1811,77.5,23496,8168,700,787,88.9,552,670,82.4,112,239,46.9,6,3.0,2.7,#ERROR!,20,100,18,15,108,Matchs
307,Wilson Manafá,pt POR,DF,Porto,28,1994,3.4,160,189,84.7,2425,721,91,100,91.0,57,67,85.1,9,12,75.0,0,0.1,0.3,-0.1,1,13,9,5,15,Matchs
308,Ricardo Mangas,pt POR,"MT,AT",Boavista,24,1998,20.6,431,576,74.8,6601,2049,232,271,85.6,143,193,74.1,28,52,53.8,1,3.1,2.6,-2.1,20,29,17,4,53,Matchs
309,Manuel Manu,pt POR,DF,Vitória,21,2001,0.8,53,58,91.4,933,364,21,21,100.0,29,33,87.9,3,3,100.0,0,0.1,0.1,-0.1,2,5,0,0,4,Matchs
310,Juan Manuel Boselli,uy URU,AT,Gil Vicente FC,22,1999,13.8,293,446,65.7,4358,1311,167,197,84.8,85,127,66.9,24,79,30.4,1,1.3,1.7,-0.3,17,21,10,6,35,Matchs
311,José Manuel Velázquez,ve VEN,"DF,MT",Arouca,31,1990,0.1,0,1,0.0,0,0,0,1,0.0,0,0,,0,0,,0,0.0,0.0,0.0,0,0,0,0,0,Matchs
312,Zé Manuel,pt POR,AT,Rio Ave,31,1990,0.3,3,7,42.9,42,12,2,4,50.0,1,2,50.0,0,0,,0,0.0,0.0,0.0,0,0,0,0,1,Matchs
313,Maracás,br BRA,DF,Paços,28,1994,15.8,565,631,89.5,12163,3908,142,149,95.3,339,361,93.9,81,104,77.9,0,0.0,0.0,0.0,0,6,0,0,21,Matchs
314,Iván Marcano,es ESP,DF,Porto,35,1987,24.4,1418,1578,89.9,30017,10938,372,408,91.2,806,857,94.0,227,286,79.4,0,0.1,1.0,-0.1,4,80,3,1,116,Matchs
315,Joao Marcos,br BRA,"AT,MT",Santa Clara,22,2000,1.8,12,17,70.6,179,32,6,9,66.7,5,5,100.0,0,0,,0,0.0,0.0,0.0,0,3,0,0,4,Matchs
316,Abraham Marcus,ng NGA,AT,Porto,22,2000,0.0,2,3,66.7,27,2,1,2,50.0,1,1,100.0,0,0,,0,0.0,0.0,0.0,0,0,0,0,0,Matchs
317,Adrián Marín,es ESP,DF,Gil Vicente FC,25,1997,28.6,1190,1624,73.3,21028,9997,544,622,87.5,522,670,77.9,107,250,42.8,0,2.4,3.2,-2.4,26,123,38,10,177,Matchs
318,João Mário,pt POR,AT,Benfica,29,1993,29.4,1314,1585,82.9,17908,5114,774,841,92.0,377,447,84.3,68,137,49.6,7,7.4,9.7,-0.4,54,87,63,18,179,Matchs
319,João Mário Lopes,pt POR,DF,Porto,22,2000,13.2,542,682,79.5,8319,2658,295,342,86.3,203,243,83.5,31,55,56.4,4,3.1,3.1,#ERROR!,23,29,23,13,49,Matchs
320,Marlon,br BRA,AT,Gil Vicente FC,24,1997,4.2,87,111,78.4,1286,395,49,53,92.5,31,38,81.6,3,9,33.3,0,0.4,0.2,-0.4,6,4,6,0,17,Matchs
321,Alejandro Marqués,ve VEN,AT,Estoril,21,2000,7.3,63,89,70.8,899,142,34,49,69.4,24,30,80.0,2,4,50.0,0,0.0,0.0,0.0,1,4,0,0,8,Matchs
322,João Marques,pt POR,MT,Estoril,20,2002,4.3,78,107,72.9,1247,297,37,41,90.2,30,40,75.0,5,12,41.7,0,0.3,0.1,-0.3,3,10,2,0,8,Matchs
323,Rúben Marques,pt POR,AT,Marítimo,19,2002,0.7,8,14,57.1,126,8,5,5,100.0,2,3,66.7,1,4,25.0,0,0.0,0.0,0.0,0,0,0,0,0,Matchs
324,José Marsà,es ESP,DF,Sporting CP,20,2002,1.3,111,117,94.9,1852,521,47,48,97.9,60,61,98.4,4,7,57.1,0,0.0,0.0,0.0,0,2,1,0,6,Matchs
325,Toni Martínez,es ESP,AT,Porto,25,1997,12.8,120,197,60.9,1353,236,87,116,75.0,21,45,46.7,2,8,25.0,4,3.8,2.0,#ERROR!,17,4,3,0,9,Matchs
Clt,Joueur,Nation,Pos,Équipe,Âge,Naissance,90,Cmp,Att,Cmp%,TotDist,DistBut,Cmp,Att,Cmp%,Cmp,Att,Cmp%,Cmp,Att,Cmp%,PD,xAG,xA,A-xAG,PC,1/3,PPA,CntSR,PrgP,Matchs
326,Rafael Martins,br BRA,AT,Casa Pia,33,1989,15.9,243,378,64.3,3445,553,121,178,68.0,85,117,72.6,12,21,57.1,1,0.8,0.3,#ERROR!,12,22,1,0,24,Matchs
327,Rodrigo Martins,pt POR,"AT,MT",Estoril,23,1998,15.4,250,370,67.6,3892,738,143,174,82.2,89,135,65.9,14,35,40.0,0,1.0,1.0,-1.0,8,18,7,1,35,Matchs
328,Matheus,br BRA,GB,Braga,30,1992,31.9,940,1226,76.7,26006,18415,153,154,99.4,487,497,98.0,298,567,52.6,0,0.0,0.1,0.0,0,21,2,0,0,Matchs
329,Ricardo Matos,pt POR,"AT,MT",Portimonense,22,2000,3.3,37,53,69.8,536,81,20,28,71.4,12,18,66.7,2,2,100.0,0,0.2,0.1,-0.2,2,2,1,0,3,Matchs
330,Maurício,br BRA,MT,Portimonense,33,1988,11.0,444,502,88.4,7455,1822,207,228,90.8,181,195,92.8,38,50,76.0,0,0.2,0.2,-0.2,6,41,4,2,51,Matchs
331,Iuri Medeiros,pt POR,"MT,AT",Braga,28,1994,22.9,724,941,76.9,13375,3344,356,406,87.7,228,273,83.5,121,191,63.4,6,9.3,8.0,-3.3,58,67,50,10,128,Matchs
332,Kevin Medina,es ESP,"AT,MT",Gil Vicente FC,21,2001,8.2,208,300,69.3,3041,887,117,143,81.8,59,85,69.4,16,38,42.1,0,0.7,1.0,-0.7,13,17,14,5,30,Matchs
333,Mauro Meireles Couto,pt POR,"MT,AT",Paços,16,2005,1.4,32,37,86.5,519,113,16,18,88.9,10,11,90.9,4,4,100.0,0,0.1,0.0,-0.1,4,2,0,0,2,Matchs
334,Diogo Mendes,,MT,Marítimo,24,1998,13.7,408,483,84.5,7397,2046,175,198,88.4,182,205,88.8,40,51,78.4,0,0.6,0.5,-0.6,8,50,7,2,54,Matchs
335,João Mendes,pt POR,MT,Chaves,27,1994,25.9,816,1033,79.0,14677,4708,382,439,87.0,303,378,80.2,106,148,71.6,1,2.8,4.1,-1.8,41,104,25,2,165,Matchs
336,Joe Mendes,se SWE,"DF,MT",Braga,19,2002,2.1,103,113,91.2,1395,293,67,71,94.4,31,33,93.9,2,6,33.3,0,0.1,0.1,-0.1,1,4,1,0,7,Matchs
337,Alexis Méndez,us USA,"MT,AT",Vizela,21,2000,15.8,499,659,75.7,8166,3098,251,302,83.1,177,219,80.8,49,95,51.6,2,2.0,1.8,0.0,19,75,17,6,79,Matchs
338,Bruno Messi,pt POR,"MT,AT",Santa Clara,25,1996,14.0,252,421,59.9,5320,1823,99,128,77.3,85,143,59.4,59,119,49.6,3,3.1,2.1,-0.1,20,39,12,4,47,Matchs
339,Mexer,mz MOZ,DF,Estoril,33,1988,10.8,547,633,86.4,12284,3344,112,122,91.8,345,368,93.8,90,136,66.2,0,0.0,0.1,0.0,2,32,1,0,36,Matchs
340,Benji Michel,us USA,AT,Arouca,24,1997,3.1,57,84,67.9,852,207,32,42,76.2,21,29,72.4,3,5,60.0,1,1.0,0.2,0.0,2,4,0,0,4,Matchs
341,Enea Mihaj,al ALB,DF,Famalicão,24,1998,24.7,1112,1253,88.7,21649,7846,361,394,91.6,623,659,94.5,119,180,66.1,0,0.0,0.1,0.0,3,45,1,0,59,Matchs
342,Álex Millán,es ESP,AT,Famalicão,22,1999,8.6,124,168,73.8,1638,279,72,93,77.4,32,42,76.2,7,11,63.6,0,1.3,0.9,-1.3,12,5,8,3,15,Matchs
343,Bogdan Milovanov,ua UKR,DF,Arouca,24,1998,11.0,347,518,67.0,5829,2284,178,205,86.8,137,200,68.5,29,83,34.9,0,0.1,0.3,-0.1,3,19,3,2,19,Matchs
344,Kento Misao,jp JPN,MT,Santa Clara,26,1996,11.7,316,411,76.9,5731,1931,144,181,79.6,126,148,85.1,40,60,66.7,0,0.3,0.4,-0.3,5,35,5,0,50,Matchs
345,Zié Mohamed Ouattara,ci CIV,"AT,MT",Portimonense,22,2000,12.9,394,536,73.5,6610,2033,184,219,84.0,159,204,77.9,40,78,51.3,0,1.3,1.3,-1.3,16,26,11,4,46,Matchs
346,Jonathan Monroy,es ESP,"AT,MT",Chaves,20,2001,7.4,150,200,75.0,2207,444,78,89,87.6,56,74,75.7,6,9,66.7,1,0.2,0.5,#ERROR!,3,7,4,1,17,Matchs
347,Nélson Monte,pt POR,DF,Chaves,27,1995,28.7,1127,1427,79.0,24107,10227,308,363,84.8,646,760,85.0,166,266,62.4,0,0.4,0.9,-0.4,5,82,14,4,103,Matchs
348,Miguel Monteiro,pt POR,AT,Gil Vicente FC,19,2003,0.1,0,0,,0,0,0,0,,0,0,,0,0,,0,0.0,0.0,0.0,0,0,0,0,0,Matchs
349,Morato,br BRA,DF,Benfica,21,2001,7.2,441,490,90.0,7705,3093,188,200,94.0,201,212,94.8,38,56,67.9,0,0.0,0.1,0.0,0,32,0,0,38,Matchs
350,Pablo Moreno,es ESP,"AT,MT",Marítimo,20,2002,9.9,190,229,83.0,3009,510,103,117,88.0,68,77,88.3,14,23,60.9,2,1.2,1.2,#ERROR!,15,8,3,1,18,Matchs
Clt,Joueur,Nation,Pos,Équipe,Âge,Naissance,90,Cmp,Att,Cmp%,TotDist,DistBut,Cmp,Att,Cmp%,Cmp,Att,Cmp%,Cmp,Att,Cmp%,PD,xAG,xA,A-xAG,PC,1/3,PPA,CntSR,PrgP,Matchs
351,Hélder Morim,pt POR,"MT,AT",Chaves,21,2001,1.0,18,28,64.3,352,161,6,7,85.7,2,6,33.3,7,8,87.5,0,0.1,0.1,-0.1,3,1,0,0,3,Matchs
352,Hidemasa Morita,jp JPN,MT,Sporting CP,27,1995,21.8,889,1033,86.1,14953,3955,433,480,90.2,365,399,91.5,73,96,76.0,3,1.4,1.6,#ERROR!,17,104,19,1,126,Matchs
353,Mosquito,br BRA,GB,Arouca,26,1996,1.0,23,25,92.0,551,381,4,4,100.0,14,14,100.0,5,7,71.4,0,0.0,0.0,0.0,0,0,0,0,0,Matchs
354,Fahd Moufi,ma MAR,DF,Portimonense,26,1996,29.3,1003,1417,70.8,17104,6182,478,567,84.3,414,557,74.3,85,197,43.1,2,2.8,2.9,-0.8,33,65,31,20,78,Matchs
355,Moura,pt POR,DF,Famalicão,22,1999,23.6,897,1192,75.3,14842,5393,456,512,89.1,336,463,72.6,79,137,57.7,2,3.1,2.0,-1.1,30,36,22,17,56,Matchs
356,MT,br BRA,"DF,MT",Santa Clara,21,2001,12.6,360,524,68.7,6540,2785,159,195,81.5,154,214,72.0,41,82,50.0,0,0.4,0.7,-0.4,4,37,6,3,49,Matchs
357,Rafa Mújica,es ESP,AT,Arouca,23,1998,18.1,180,249,72.3,2574,306,101,135,74.8,64,87,73.6,7,8,87.5,0,1.0,0.6,-1.0,12,5,3,0,11,Matchs
358,Petar Musa,hr CRO,AT,Benfica,24,1998,7.4,131,192,68.2,1600,351,83,109,76.1,28,38,73.7,6,13,46.2,2,2.2,1.8,-0.2,16,8,6,0,18,Matchs
359,Almoatasem Al Musrati,ly LBY,MT,Braga,26,1996,25.7,1342,1606,83.6,28708,8956,433,499,86.8,612,684,89.5,273,351,77.8,2,2.9,2.5,-0.9,22,174,12,0,193,Matchs
360,Kosuke Nakamura,jp JPN,GB,Portimonense,27,1995,30.0,823,1183,69.6,24625,17954,118,119,99.2,434,441,98.4,268,613,43.7,0,0.0,0.1,0.0,1,22,0,0,1,Matchs
361,Rodrigo Nascimento,br BRA,GB,Chaves,26,1996,4.0,66,103,64.1,1799,1328,12,12,100.0,35,37,94.6,19,54,35.2,0,0.0,0.0,0.0,0,0,0,0,0,Matchs
362,Léo Natel,br BRA,AT,Casa Pia,25,1997,0.6,16,25,64.0,272,65,10,11,90.9,5,9,55.6,1,2,50.0,0,0.1,0.1,-0.1,2,2,0,0,3,Matchs
363,Fran Navarro,es ESP,AT,Gil Vicente FC,24,1998,33.7,295,398,74.1,3788,592,184,228,80.7,74,102,72.5,8,13,61.5,3,1.7,1.2,#ERROR!,15,14,3,0,30,Matchs
364,Flávio Nazinho,pt POR,DF,Sporting CP,19,2003,1.1,37,52,71.2,621,151,18,23,78.3,14,21,66.7,3,3,100.0,0,0.1,0.1,-0.1,1,1,3,1,6,Matchs
365,Mor Ndiaye,sn SEN,MT,Estoril,21,2000,15.6,500,606,82.5,9456,2477,168,200,84.0,277,313,88.5,48,70,68.6,0,0.4,0.2,-0.4,8,32,1,0,43,Matchs
366,Cher Ndour,it ITA,MT,Benfica,18,2004,0.0,5,5,100.0,60,8,3,3,100.0,2,2,100.0,0,0,,0,0.0,0.0,0.0,0,0,0,0,0,Matchs
367,Christian Neiva Afonso,pt POR,DF,Vizela,27,1994,24.7,899,1266,71.0,14945,7935,463,535,86.5,341,461,74.0,81,206,39.3,1,1.6,1.8,-0.6,24,71,24,13,104,Matchs
368,Nelson,ao ANG,"AT,MT",Vitória,24,1998,12.9,295,376,78.5,4121,1050,172,198,86.9,94,117,80.3,13,30,43.3,0,0.3,0.4,-0.3,5,17,6,2,33,Matchs
369,David Neres,br BRA,"AT,MT",Benfica,25,1997,21.8,861,1114,77.3,11910,2936,502,572,87.8,245,301,81.4,47,103,45.6,8,7.7,8.1,#ERROR!,49,60,53,18,107,Matchs
370,Neto,br BRA,MT,Casa Pia,30,1991,17.0,562,717,78.4,9705,3351,265,307,86.3,210,249,84.3,67,111,60.4,2,1.9,1.3,#ERROR!,24,65,11,2,89,Matchs
371,Luís Neto,pt POR,DF,Sporting CP,34,1988,3.0,242,264,91.7,4473,1505,90,98,91.8,129,138,93.5,20,23,87.0,0,0.0,0.0,0.0,0,17,0,0,17,Matchs
372,João Neves,pt POR,"MT,AT",Benfica,17,2004,6.8,427,500,85.4,7440,1972,187,206,90.8,180,202,89.1,45,64,70.3,0,0.2,0.4,-0.2,5,45,6,0,50,Matchs
373,Sikou Niakaté,ml MLI,DF,Braga,23,1999,23.6,1224,1447,84.6,23085,9621,397,422,94.1,725,788,92.0,90,197,45.7,0,0.2,0.3,-0.2,6,63,4,1,67,Matchs
374,Yusupha Njie,gm GAM,AT,Boavista,28,1994,23.6,325,420,77.4,5066,723,162,197,82.2,127,150,84.7,18,26,69.2,2,2.0,0.8,0.0,18,23,15,1,45,Matchs
375,Miguel Nóbrega,pt POR,DF,Rio Ave,22,2000,6.2,283,349,81.1,5601,1878,81,89,91.0,172,200,86.0,28,56,50.0,1,0.5,0.1,#ERROR!,3,16,0,0,13,Matchs
Clt,Joueur,Nation,Pos,Équipe,Âge,Naissance,90,Cmp,Att,Cmp%,TotDist,DistBut,Cmp,Att,Cmp%,Cmp,Att,Cmp%,Cmp,Att,Cmp%,PD,xAG,xA,A-xAG,PC,1/3,PPA,CntSR,PrgP,Matchs
376,Gonçalo Nogueira,pt POR,MT,Vitória,18,2003,0.2,4,4,100.0,38,3,2,2,100.0,1,1,100.0,0,0,,0,0.0,0.0,0.0,0,0,0,0,0,Matchs
377,Ygor Nogueira,br BRA,DF,Santa Clara,27,1995,11.3,285,354,80.5,5667,2160,96,107,89.7,150,172,87.2,37,63,58.7,0,0.0,0.1,0.0,1,13,1,0,17,Matchs
378,Nonoca,br BRA,MT,Portimonense,24,1998,6.3,158,193,81.9,2848,606,68,79,86.1,70,75,93.3,17,29,58.6,0,0.6,0.3,-0.6,5,14,2,0,13,Matchs
379,Arsénio Martins Lafuente Nunes,pt POR,"AT,MT",Arouca,32,1989,10.8,285,397,71.8,4403,1286,155,185,83.8,106,140,75.7,18,45,40.0,2,2.2,1.5,-0.2,17,13,10,4,31,Matchs
380,João Nunes,pt POR,DF,Casa Pia,26,1995,18.3,626,813,77.0,11314,4035,252,283,89.0,304,357,85.2,58,138,42.0,0,0.1,0.1,-0.1,3,54,3,0,56,Matchs
381,Matheus Nunes,pt POR,MT,Sporting CP,23,1998,2.0,88,99,88.9,1435,268,53,56,94.6,25,29,86.2,8,12,66.7,1,0.1,0.2,#ERROR!,3,8,2,0,10,Matchs
382,Nwankwo Obiora,ng NGA,MT,Chaves,31,1991,6.9,235,280,83.9,4054,1450,105,124,84.7,115,124,92.7,13,22,59.1,0,0.3,0.1,-0.3,2,30,0,0,26,Matchs
383,Ryoya Ogawa,jp JPN,"DF,MT",Vitória,25,1996,2.3,66,90,73.3,1008,450,33,41,80.5,28,36,77.8,4,9,44.4,0,0.1,0.1,-0.1,2,4,3,2,10,Matchs
384,Hugo Oliveira,pt POR,DF,Vizela,20,2002,0.1,4,5,80.0,97,35,0,0,,3,3,100.0,1,2,50.0,0,0.0,0.0,0.0,0,1,0,0,1,Matchs
385,José Oliveira,pt POR,GB,Paços,20,2002,3.0,73,91,80.2,1784,1251,22,22,100.0,31,32,96.9,20,37,54.1,0,0.0,0.0,0.0,0,0,0,0,0,Matchs
386,Paulo Oliveira,pt POR,DF,Braga,30,1992,16.4,746,915,81.5,15988,5689,183,210,87.1,450,491,91.6,108,199,54.3,0,0.2,0.3,-0.2,1,47,0,0,47,Matchs
387,Rúben Alexandre Gomes Oliveira,pt POR,MT,Santa Clara,27,1994,0.2,8,10,80.0,157,60,3,3,100.0,4,5,80.0,1,2,50.0,0,0.0,0.0,0.0,0,0,0,0,0,Matchs
388,Bruno Onyemaechi,ng NGA,DF,Boavista,23,1999,28.1,1005,1419,70.8,17166,6722,502,577,87.0,404,542,74.5,81,214,37.9,1,3.4,3.1,-2.4,24,93,21,14,109,Matchs
389,Monsuru Opeyemi,ng NGA,AT,Vizela,18,2003,0.5,5,9,55.6,83,26,2,4,50.0,3,5,60.0,0,0,,0,0.0,0.0,0.0,0,0,0,0,1,Matchs
390,Jerome Opoku,gh GHA,DF,Arouca,23,1998,21.3,639,799,80.0,13289,5689,195,214,91.1,344,387,88.9,88,171,51.5,1,0.4,0.3,#ERROR!,4,42,1,1,30,Matchs
391,Pedro Ortiz,es ESP,MT,Vizela,21,2000,5.3,243,279,87.1,4202,1120,108,123,87.8,102,111,91.9,24,30,80.0,0,0.1,0.3,-0.1,2,14,0,0,12,Matchs
392,Milutin Osmajić,me MNE,AT,Vizela,23,1999,22.7,223,369,60.4,2516,452,141,199,70.9,45,89,50.6,4,10,40.0,0,1.5,1.0,-1.5,14,10,7,0,20,Matchs
393,Nicolás Otamendi,ar ARG,DF,Benfica,34,1988,30.8,2034,2254,90.2,40011,14606,675,733,92.1,1065,1127,94.5,258,332,77.7,0,0.4,0.7,-0.4,6,158,2,0,156,Matchs
394,Otávio,pt POR,MT,Porto,27,1995,25.2,1256,1605,78.3,21323,7952,631,711,88.7,430,529,81.3,148,244,60.7,7,7.8,9.7,-0.8,54,145,94,8,263,Matchs
395,João Othavio Basso,br BRA,DF,Arouca,25,1997,31.6,1386,1596,86.8,27376,11153,449,489,91.8,764,820,93.2,163,262,62.2,1,0.5,0.5,#ERROR!,5,78,4,0,81,Matchs
396,Amine Oudrhiri,ma MAR,MT,Rio Ave,29,1992,8.7,426,467,91.2,7658,1877,175,190,92.1,209,218,95.9,37,47,78.7,0,0.1,0.4,-0.1,6,40,1,0,47,Matchs
397,Pablo,br BRA,AT,Famalicão,18,2004,7.9,120,158,75.9,1645,338,61,75,81.3,34,42,81.0,9,13,69.2,0,0.3,0.4,-0.3,5,6,3,0,15,Matchs
398,Lucas Paes,br BRA,GB,Casa Pia,24,1997,2.0,43,71,60.6,1219,874,10,11,90.9,18,18,100.0,15,40,37.5,0,0.3,0.2,-0.3,1,2,1,0,0,Matchs
399,Renato Pantalon,hr CRO,DF,Rio Ave,24,1997,19.9,773,920,84.0,14637,4838,283,316,89.6,399,446,89.5,83,138,60.1,0,0.3,0.2,-0.3,3,56,0,0,53,Matchs
400,David Pastor,br BRA,MT,Portimonense,22,2000,0.0,3,3,100.0,81,62,1,1,100.0,0,0,,2,2,100.0,0,0.1,0.1,-0.1,1,0,1,1,0,Matchs
Clt,Joueur,Nation,Pos,Équipe,Âge,Naissance,90,Cmp,Att,Cmp%,TotDist,DistBut,Cmp,Att,Cmp%,Cmp,Att,Cmp%,Cmp,Att,Cmp%,PD,xAG,xA,A-xAG,PC,1/3,PPA,CntSR,PrgP,Matchs
401,Patrick,cv CPV,"AT,MT",Chaves,28,1993,0.6,10,20,50.0,97,13,6,9,66.7,2,6,33.3,0,1,0.0,0,0.0,0.1,0.0,1,0,0,0,1,Matchs
402,Patrick,br BRA,DF,Rio Ave,25,1997,21.1,1061,1296,81.9,20613,7662,358,412,86.9,561,632,88.8,130,210,61.9,1,2.7,2.6,-1.7,12,103,13,6,113,Matchs
403,Paulinho,pt POR,AT,Sporting CP,29,1992,15.1,222,320,69.4,3481,595,120,158,75.9,70,95,73.7,21,34,61.8,4,3.1,1.5,#ERROR!,14,20,7,2,24,Matchs
404,Pedrão,br BRA,DF,Portimonense,25,1997,28.7,1256,1546,81.2,26258,10604,363,417,87.1,694,753,92.2,183,328,55.8,0,1.7,1.4,-1.7,11,109,10,1,106,Matchs
405,João Pedro,pt POR,MT,Chaves,29,1993,6.6,190,247,76.9,3232,1201,86,107,80.4,86,103,83.5,14,19,73.7,0,0.5,0.3,-0.5,5,27,2,1,31,Matchs
406,Pelé,gw GNB,MT,Famalicão,30,1991,6.8,272,314,86.6,5433,1845,98,108,90.7,137,145,94.5,36,51,70.6,0,0.0,0.1,0.0,0,20,2,1,30,Matchs
407,Alexandre Penetra,pt POR,DF,Famalicão,20,2001,27.9,1087,1448,75.1,21484,9305,399,455,87.7,527,658,80.1,152,283,53.7,2,1.9,1.6,#ERROR!,21,84,27,20,89,Matchs
408,Pepe,pt POR,DF,Porto,39,1983,21.8,1281,1461,87.7,25573,9352,473,504,93.8,599,640,93.6,192,275,69.8,0,0.5,0.9,-0.5,7,110,5,0,112,Matchs
409,Pepê,br BRA,"MT,DF",Porto,25,1997,29.4,1063,1385,76.8,16293,4836,628,739,85.0,325,419,77.6,81,139,58.3,7,4.5,5.3,#ERROR!,36,93,40,6,136,Matchs
410,André Pereira,pt POR,AT,Rio Ave,27,1995,11.1,236,302,78.1,3424,616,124,144,86.1,87,100,87.0,9,20,45.0,3,2.5,1.2,#ERROR!,17,15,5,1,19,Matchs
411,Gabriel Pereira,br BRA,DF,Gil Vicente FC,22,2000,4.6,225,269,83.6,4953,1627,58,67,86.6,118,130,90.8,46,67,68.7,0,0.3,0.2,-0.3,1,12,1,0,10,Matchs
412,Marco André Rocha Pereira,pt POR,GB,Santa Clara,35,1987,8.0,200,277,72.2,5837,4488,38,38,100.0,90,91,98.9,71,144,49.3,0,0.0,0.0,0.0,0,8,1,0,1,Matchs
413,Matheus Pereira,br BRA,DF,Vizela,21,2000,9.0,407,569,71.5,5954,2690,247,277,89.2,132,183,72.1,20,67,29.9,2,1.0,0.7,#ERROR!,7,24,10,3,34,Matchs
414,Sebastián Pérez Cardona,co COL,MT,Boavista,29,1993,27.3,1397,1601,87.3,27454,7729,497,537,92.6,650,707,91.9,213,288,74.0,0,0.9,1.0,-0.9,17,110,13,0,146,Matchs
415,Kevin Pina,cv CPV,MT,Chaves,24,1997,4.1,112,132,84.8,2183,823,36,41,87.8,57,62,91.9,16,22,72.7,2,0.6,0.4,#ERROR!,7,12,3,0,15,Matchs
416,Rodrigo Pinho,br BRA,AT,Benfica,31,1991,0.5,9,11,81.8,98,23,4,5,80.0,3,4,75.0,0,0,,0,0.0,0.0,0.0,0,0,0,0,2,Matchs
417,Dinis Pinto,pt POR,DF,Braga,21,2000,0.1,4,5,80.0,65,49,2,2,100.0,2,2,100.0,0,1,0.0,0,0.1,0.1,-0.1,1,0,1,0,1,Matchs
418,Diogo Pinto,pt POR,"AT,MT",Casa Pia,23,1999,5.1,104,140,74.3,1468,312,70,76,92.1,27,38,71.1,6,15,40.0,2,0.4,0.6,#ERROR!,7,12,2,0,15,Matchs
419,Rui Pires,pt POR,MT,Paços,24,1998,26.8,1002,1163,86.2,19399,6078,362,415,87.2,498,542,91.9,129,170,75.9,0,0.7,0.9,-0.7,15,82,7,1,101,Matchs
420,Pizzi,pt POR,"MT,AT",Braga,32,1989,5.4,287,339,84.7,4653,1327,143,155,92.3,104,116,89.7,25,42,59.5,1,0.9,1.3,#ERROR!,12,22,11,0,35,Matchs
421,Carlos Ponck,cv CPV,DF,Chaves,27,1995,20.0,804,920,87.4,16163,6147,227,257,88.3,487,520,93.7,83,123,67.5,0,0.0,0.2,0.0,1,40,1,0,58,Matchs
422,Pedro Porro,es ESP,"DF,MT",Sporting CP,22,1999,11.9,520,744,69.9,9629,3025,217,255,85.1,233,304,76.6,60,137,43.8,6,4.8,4.0,#ERROR!,34,32,31,14,41,Matchs
423,Samuel Portugal,br BRA,GB,Portimonense,28,1994,4.0,91,138,65.9,2814,2130,12,12,100.0,46,47,97.9,33,79,41.8,0,0.0,0.0,0.0,0,2,0,0,0,Matchs
424,Quaresma,br BRA,DF,Arouca,25,1996,30.4,1239,1676,73.9,22309,9534,573,644,89.0,519,669,77.6,132,270,48.9,1,1.7,1.7,-0.7,20,91,26,12,96,Matchs
425,Diogo Queirós,pt POR,AT,Famalicão,23,1999,0.1,0,2,0.0,0,0,0,1,0.0,0,1,0.0,0,0,,0,0.0,0.0,0.0,0,0,0,0,0,Matchs
Clt,Joueur,Nation,Pos,Équipe,Âge,Naissance,90,Cmp,Att,Cmp%,TotDist,DistBut,Cmp,Att,Cmp%,Cmp,Att,Cmp%,Cmp,Att,Cmp%,PD,xAG,xA,A-xAG,PC,1/3,PPA,CntSR,PrgP,Matchs
426,João Queirós,pt POR,DF,Chaves,24,1998,2.9,75,90,83.3,1624,717,17,21,81.0,44,49,89.8,11,17,64.7,0,0.0,0.0,0.0,0,4,0,0,6,Matchs
427,Xavi Quintillà,es ESP,DF,Santa Clara,25,1996,8.0,285,423,67.4,4625,2178,157,181,86.7,87,132,65.9,29,76,38.2,1,0.6,0.8,#ERROR!,12,30,7,3,36,Matchs
428,Uroš Račić,rs SRB,MT,Braga,24,1998,12.4,511,622,82.2,9732,2289,209,247,84.6,210,232,90.5,80,111,72.1,0,0.3,0.7,-0.3,8,74,3,1,75,Matchs
429,Rafa,pt POR,GB,Vitória,18,2003,2.0,36,55,65.5,1030,762,6,6,100.0,18,18,100.0,12,30,40.0,1,0.0,0.0,#ERROR!,1,0,0,0,0,Matchs
430,Jesús Ramírez,ve VEN,"AT,MT",Marítimo,24,1998,6.5,81,113,71.7,1113,176,50,61,82.0,22,25,88.0,3,5,60.0,0,0.1,0.3,-0.1,3,4,2,0,7,Matchs
431,Cláudio Ramos,pt POR,GB,Porto,30,1991,1.0,23,23,100.0,546,404,4,4,100.0,13,13,100.0,6,6,100.0,0,0.0,0.0,0.0,0,0,0,0,0,Matchs
432,Flávio Ramos,br BRA,DF,Paços,28,1994,8.3,295,348,84.8,6261,2755,87,98,88.8,163,179,91.1,45,68,66.2,0,0.1,0.0,-0.1,1,6,0,0,11,Matchs
433,Gonçalo Ramos,pt POR,AT,Benfica,21,2001,25.4,324,454,71.4,3968,782,203,272,74.6,83,104,79.8,9,12,75.0,2,2.4,3.5,-0.4,17,10,9,0,31,Matchs
434,Osama Rashid,iq IRQ,"MT,AT",Vizela,30,1992,4.2,162,213,76.1,2869,1060,74,84,88.1,64,76,84.2,21,43,48.8,0,0.9,0.5,-0.9,7,24,1,0,22,Matchs
435,Bruno Reis,pt POR,"MT,DF",Portimonense,23,1999,0.8,28,42,66.7,373,145,17,21,81.0,8,13,61.5,1,4,25.0,0,0.0,0.0,0.0,0,2,1,1,2,Matchs
436,Matheus Reis,br BRA,DF,Sporting CP,27,1995,25.4,2044,2297,89.0,34687,10555,906,963,94.1,998,1072,93.1,124,207,59.9,0,1.1,2.4,-1.1,14,218,24,5,207,Matchs
437,Miguel Reisinho,pt POR,"DF,MT",Boavista,23,1999,0.2,11,15,73.3,169,27,6,8,75.0,4,4,100.0,1,2,50.0,0,0.0,0.0,0.0,1,0,0,0,1,Matchs
438,Filipe Relvas,pt POR,DF,Portimonense,22,1999,31.9,1471,1805,81.5,30767,11786,443,515,86.0,783,891,87.9,226,340,66.5,1,0.8,1.7,#ERROR!,13,110,14,5,110,Matchs
439,Brayan Riascos,co COL,"AT,MT",Marítimo,27,1994,9.7,131,203,64.5,2075,326,66,89,74.2,46,64,71.9,10,17,58.8,2,2.1,1.7,-0.1,18,5,8,2,10,Matchs
440,Rodrigo Ribeiro,pt POR,AT,Sporting CP,17,2005,0.3,5,7,71.4,84,0,3,3,100.0,1,1,100.0,1,1,100.0,0,0.0,0.0,0.0,0,0,0,0,0,Matchs
441,Tiago Ribeiro,pt POR,MT,Paços,20,2002,2.0,69,83,83.1,1042,315,37,39,94.9,24,30,80.0,4,6,66.7,0,0.1,0.2,-0.1,2,7,4,0,9,Matchs
442,Ricardinho,pt POR,"AT,MT",Santa Clara,23,1998,20.0,381,521,73.1,5599,1716,213,253,84.2,127,173,73.4,24,46,52.2,3,2.3,1.8,#ERROR!,21,34,22,1,61,Matchs
443,Riccieli,br BRA,DF,Famalicão,23,1998,28.7,1151,1300,88.5,24648,7499,261,295,88.5,745,790,94.3,139,198,70.2,0,0.7,0.6,-0.7,5,27,2,0,45,Matchs
444,Rildo,br BRA,"AT,MT",Santa Clara,22,2000,9.1,102,159,64.2,1548,484,60,82,73.2,32,46,69.6,6,15,40.0,1,0.5,0.6,#ERROR!,6,12,5,1,24,Matchs
445,Mihailo Ristić,rs SRB,DF,Benfica,26,1995,1.3,108,127,85.0,1684,400,56,61,91.8,41,45,91.1,6,14,42.9,1,0.6,0.5,#ERROR!,3,3,3,2,4,Matchs
446,Robson,br BRA,DF,Boavista,22,2000,1.4,65,71,91.5,1285,428,18,19,94.7,39,42,92.9,8,8,100.0,0,0.2,0.0,-0.2,1,2,0,0,3,Matchs
447,Bryan Róchez,hn HON,"AT,MT",Portimonense,27,1995,9.9,115,185,62.2,1469,342,66,103,64.1,35,53,66.0,2,5,40.0,2,0.9,0.4,#ERROR!,10,9,3,0,15,Matchs
448,Rochinha,pt POR,"AT,MT",Sporting CP,27,1995,4.8,140,178,78.7,2013,552,86,100,86.0,43,52,82.7,7,15,46.7,2,1.1,0.6,#ERROR!,7,16,12,3,26,Matchs
449,Bruno Rodrigues,pt POR,DF,Braga,21,2001,1.0,48,56,85.7,974,299,13,13,100.0,29,32,90.6,5,7,71.4,0,0.0,0.0,0.0,0,1,0,0,0,Matchs
450,Gonçalo Rodrigues,pt POR,MT,Rio Ave,25,1997,32.2,1276,1544,82.6,24543,6372,513,566,90.6,562,652,86.2,183,270,67.8,2,3.9,4.3,-1.9,59,138,32,9,188,Matchs
Clt,Joueur,Nation,Pos,Équipe,Âge,Naissance,90,Cmp,Att,Cmp%,TotDist,DistBut,Cmp,Att,Cmp%,Cmp,Att,Cmp%,Cmp,Att,Cmp%,PD,xAG,xA,A-xAG,PC,1/3,PPA,CntSR,PrgP,Matchs
451,Ivo Rodrigues,pt POR,"MT,AT",Famalicão,27,1995,26.3,844,1124,75.1,14262,4760,444,503,88.3,263,357,73.7,104,184,56.5,7,3.8,3.9,#ERROR!,33,105,31,9,151,Matchs
452,Diego Rosa,br BRA,"MT,AT",Vizela,19,2002,2.9,73,108,67.6,1352,609,34,37,91.9,26,36,72.2,9,28,32.1,0,0.3,0.2,-0.3,3,9,0,0,5,Matchs
453,Loreintz Rosier,fr FRA,MT,Estoril,23,1998,11.5,388,478,81.2,7354,1864,147,182,80.8,191,222,86.0,42,57,73.7,1,0.2,0.6,#ERROR!,4,35,4,1,43,Matchs
454,Mabrouk Rouai,fr FRA,"AT,MT",Estoril,21,2000,0.4,7,11,63.6,132,30,4,5,80.0,2,4,50.0,1,2,50.0,0,0.0,0.0,0.0,1,0,0,0,0,Matchs
455,Abel Ruiz,es ESP,AT,Braga,22,2000,23.0,392,513,76.4,4876,648,258,301,85.7,77,106,72.6,18,27,66.7,6,3.2,2.8,#ERROR!,31,6,15,4,28,Matchs
456,Alan Ruiz,ar ARG,MT,Arouca,28,1993,27.7,1044,1362,76.7,19389,5451,476,559,85.2,381,468,81.4,161,258,62.4,2,4.3,3.7,-2.3,39,126,29,3,174,Matchs
457,Leonardo Ruíz,co COL,AT,Rio Ave,26,1996,10.3,202,257,78.6,2957,373,124,146,84.9,55,70,78.6,12,16,75.0,0,0.4,0.3,-0.4,8,12,2,0,18,Matchs
458,Gustavo sá,pt POR,"MT,AT",Famalicão,17,2004,4.3,144,186,77.4,2702,667,50,65,76.9,72,84,85.7,18,23,78.3,0,0.1,0.1,-0.1,3,15,1,0,20,Matchs
459,Helder Sá,pt POR,"DF,MT",Vitória,19,2002,8.9,358,484,74.0,5409,2091,207,242,85.5,117,153,76.5,25,56,44.6,0,1.4,1.0,-1.4,9,33,10,8,32,Matchs
460,Josué Sá,pt POR,DF,Rio Ave,30,1992,15.0,712,830,85.8,14120,4923,248,264,93.9,383,415,92.3,79,137,57.7,1,0.4,0.4,#ERROR!,6,70,0,0,68,Matchs
461,Pedro Sá,pt POR,MT,Portimonense,28,1993,8.2,266,348,76.4,4849,1328,103,125,82.4,119,138,86.2,34,60,56.7,1,0.4,0.4,#ERROR!,4,22,3,0,33,Matchs
462,Tiago Sá,pt POR,GB,Braga,27,1995,1.9,47,55,85.5,1140,709,9,9,100.0,27,27,100.0,11,19,57.9,0,0.0,0.0,0.0,0,0,0,0,0,Matchs
463,Serdar Saatçı,tr TUR,DF,Braga,19,2003,2.4,119,141,84.4,2137,526,45,52,86.5,67,77,87.0,5,9,55.6,0,0.0,0.0,0.0,0,2,0,0,1,Matchs
464,Safira,br BRA,AT,Vitória,27,1995,9.1,134,216,62.0,1504,268,99,137,72.3,24,51,47.1,3,4,75.0,1,0.5,0.6,#ERROR!,6,10,0,0,9,Matchs
465,Pierre Sagna,sn SEN,DF,Santa Clara,31,1990,19.5,583,838,69.6,10852,4474,248,293,84.6,247,333,74.2,75,166,45.2,1,2.2,2.1,-1.2,21,46,15,10,60,Matchs
466,Arthur Sales,br BRA,"AT,MT",Paços,20,2002,4.0,64,97,66.0,807,168,41,55,74.5,13,21,61.9,3,5,60.0,0,0.3,0.3,-0.3,5,2,1,1,4,Matchs
467,Andreas Samaris,gr GRE,MT,Rio Ave,33,1989,15.6,675,813,83.0,12866,3547,261,300,87.0,304,338,89.9,95,135,70.4,1,0.5,1.4,#ERROR!,11,52,10,3,61,Matchs
468,Samu,pt POR,MT,Vizela,26,1996,29.8,1115,1461,76.3,17318,6650,613,705,87.0,371,468,79.3,83,168,49.4,4,4.6,4.9,-0.6,39,154,39,5,187,Matchs
469,Leandro Sanca,gw GNB,"AT,MT",Famalicão,22,2000,4.9,90,138,65.2,1358,357,48,57,84.2,31,48,64.6,7,15,46.7,0,1.3,0.6,-1.3,7,4,7,4,10,Matchs
470,Elder Santana,br BRA,"MT,AT",Gil Vicente FC,29,1993,0.5,8,9,88.9,81,33,6,7,85.7,1,1,100.0,0,0,,1,0.6,0.5,#ERROR!,2,0,2,1,1,Matchs
471,Aderlan Santos,br BRA,DF,Rio Ave,33,1989,31.3,1568,1798,87.2,31039,12403,451,495,91.1,940,985,95.4,159,276,57.6,0,0.2,0.5,-0.2,4,50,1,0,57,Matchs
472,Luís Santos,pt POR,"AT,MT",Boavista,22,2000,3.2,80,116,69.0,1100,255,50,55,90.9,23,32,71.9,4,12,33.3,0,0.1,0.1,-0.1,2,3,2,1,7,Matchs
473,Nuno Santos,pt POR,"DF,MT",Sporting CP,27,1995,25.2,1261,1605,78.6,22447,5396,622,695,89.5,485,593,81.8,141,229,61.6,5,7.5,5.4,-2.5,53,75,51,22,143,Matchs
474,Pedro Santos,pt POR,"AT,MT",Braga,21,2000,0.1,6,11,54.5,125,24,3,3,100.0,2,4,50.0,1,3,33.3,0,0.1,0.0,-0.1,1,1,0,0,1,Matchs
475,Rene Santos,br BRA,"DF,MT",Marítimo,30,1992,12.1,523,615,85.0,11519,4239,126,137,92.0,310,328,94.5,84,139,60.4,1,0.5,0.1,#ERROR!,6,31,0,0,31,Matchs
Clt,Joueur,Nation,Pos,Équipe,Âge,Naissance,90,Cmp,Att,Cmp%,TotDist,DistBut,Cmp,Att,Cmp%,Cmp,Att,Cmp%,Cmp,Att,Cmp%,PD,xAG,xA,A-xAG,PC,1/3,PPA,CntSR,PrgP,Matchs
476,Tiago santos,pt POR,DF,Estoril,20,2002,26.9,927,1241,74.7,17512,5827,400,456,87.7,389,499,78.0,129,238,54.2,5,3.5,2.8,#ERROR!,25,72,17,13,71,Matchs
477,Zaidu Sanusi,ng NGA,DF,Porto,25,1997,11.7,467,623,75.0,8252,3441,197,226,87.2,225,296,76.0,38,77,49.4,0,1.2,1.4,-1.2,12,22,14,6,52,Matchs
478,Adewele Sapara,ng NGA,"AT,MT",Portimonense,27,1995,1.3,32,39,82.1,656,164,14,15,93.3,10,12,83.3,7,9,77.8,0,0.1,0.0,-0.1,2,2,1,1,3,Matchs
479,Andrés Sarmiento,co COL,"AT,MT",Vizela,24,1998,0.4,3,7,42.9,18,0,2,3,66.7,0,1,0.0,0,1,0.0,0,0.0,0.0,0.0,1,0,0,0,0,Matchs
480,Sidy Sarr,sn SEN,MT,Chaves,26,1996,1.3,27,40,67.5,586,218,7,11,63.6,12,15,80.0,7,9,77.8,0,0.0,0.1,0.0,0,3,1,0,8,Matchs
481,Vincent Sasso,fr FRA,DF,Boavista,31,1991,21.9,889,1004,88.5,16383,6014,305,329,92.7,515,559,92.1,64,101,63.4,0,0.0,0.1,0.0,2,27,0,0,36,Matchs
482,Savio,br BRA,DF,Rio Ave,27,1995,3.6,201,256,78.5,4090,1842,70,73,95.9,103,124,83.1,27,49,55.1,1,0.5,0.6,#ERROR!,6,18,4,1,26,Matchs
483,Andreas Schjelderup,no NOR,AT,Benfica,18,2004,0.0,1,2,50.0,8,3,1,1,100.0,0,0,,0,0,,0,0.0,0.0,0.0,0,0,0,0,0,Matchs
484,Alexander Schmidt,at AUT,AT,Vizela,24,1998,3.6,43,76,56.6,634,183,28,42,66.7,12,20,60.0,3,6,50.0,0,0.7,0.2,-0.7,5,5,3,0,7,Matchs
485,Moustapha Seck,sn SEN,"DF,AT",Portimonense,26,1996,24.9,610,963,63.3,10448,4431,287,356,80.6,246,361,68.1,61,163,37.4,1,2.6,2.6,-1.6,20,45,24,21,62,Matchs
486,Alfa Semedo,gw GNB,MT,Vitória,24,1997,0.3,11,11,100.0,199,69,2,2,100.0,8,8,100.0,1,1,100.0,0,0.0,0.0,0.0,0,0,0,0,2,Matchs
487,Nuno Sequeira,pt POR,DF,Braga,31,1990,22.9,1188,1588,74.8,20376,8341,559,625,89.4,468,611,76.6,121,240,50.4,2,2.2,2.8,-0.2,36,96,31,20,112,Matchs
488,Serginho,,"AT,MT",Estoril,21,2001,1.5,44,64,68.8,770,185,20,24,83.3,18,25,72.0,4,7,57.1,0,0.0,0.0,0.0,0,5,0,0,7,Matchs
489,Paulo Sérgio Mota,pt POR,"DF,MT",Marítimo,31,1991,8.0,257,366,70.2,4653,1858,105,124,84.7,121,160,75.6,25,61,41.0,1,1.9,1.1,-0.9,9,24,7,4,31,Matchs
490,André Silva,br BRA,"AT,MT",Vitória,25,1997,19.4,359,535,67.1,5209,1155,208,264,78.8,103,138,74.6,26,49,53.1,1,2.9,1.7,-1.9,21,32,5,3,43,Matchs
491,António Silva,pt POR,DF,Benfica,18,2003,29.9,1770,1937,91.4,35135,12317,541,580,93.3,1001,1040,96.3,206,282,73.0,0,0.4,0.7,-0.4,5,157,2,0,120,Matchs
492,Guilherme Silva,br BRA,"DF,MT",Chaves,21,2000,0.2,6,6,100.0,106,63,2,2,100.0,3,3,100.0,1,1,100.0,0,0.0,0.0,0.0,0,0,0,0,0,Matchs
493,João Miguel Macedo Silva,pt POR,GB,Marítimo,27,1995,8.0,161,279,57.7,5025,3829,30,30,100.0,61,61,100.0,70,187,37.4,0,0.0,0.0,0.0,0,1,0,0,0,Matchs
494,Joel silva,pt POR,MT,Boavista,19,2003,1.1,48,52,92.3,877,234,23,25,92.0,21,22,95.5,4,4,100.0,0,0.0,0.0,0.0,1,4,0,0,4,Matchs
495,Jorge Fernando Santos Silva,pt POR,"DF,MT",Paços,26,1996,5.2,132,208,63.5,2520,1352,48,57,84.2,60,90,66.7,21,49,42.9,0,1.0,0.4,-1.0,5,10,4,3,20,Matchs
496,Jota Silva,pt POR,"AT,MT",Vitória,22,1999,17.8,280,488,57.4,4307,1187,147,195,75.4,98,161,60.9,22,61,36.1,2,2.3,1.5,-0.3,25,15,14,5,31,Matchs
497,Lucas Silva,br BRA,AT,Paços,24,1998,0.2,7,8,87.5,87,5,5,5,100.0,1,2,50.0,0,0,,0,0.0,0.0,0.0,0,0,0,0,0,Matchs
498,Pedro Manuel da Silva Moreira,pt POR,MT,Arouca,33,1989,0.8,52,56,92.9,797,165,31,35,88.6,16,16,100.0,5,5,100.0,0,0.0,0.0,0.0,0,4,0,0,3,Matchs
499,Pedro José Moreira Silva,pt POR,GB,Estoril,25,1997,2.3,63,84,75.0,1608,1103,14,14,100.0,34,34,100.0,15,36,41.7,0,0.0,0.0,0.0,0,1,0,0,0,Matchs
500,Rafa Silva,pt POR,"MT,AT",Benfica,29,1993,24.2,603,783,77.0,8304,1902,362,421,86.0,178,218,81.7,27,38,71.1,4,5.9,4.3,-1.9,38,59,38,1,126,Matchs
Clt,Joueur,Nation,Pos,Équipe,Âge,Naissance,90,Cmp,Att,Cmp%,TotDist,DistBut,Cmp,Att,Cmp%,Cmp,Att,Cmp%,Cmp,Att,Cmp%,PD,xAG,xA,A-xAG,PC,1/3,PPA,CntSR,PrgP,Matchs
501,Tiago Silva,pt POR,MT,Vitória,29,1993,23.3,1090,1367,79.7,20627,6242,439,494,88.9,439,519,84.6,164,275,59.6,1,2.8,3.2,-1.8,36,125,15,0,160,Matchs
502,David Simão,pt POR,MT,Arouca,32,1990,28.7,1346,1656,81.3,25177,8758,564,631,89.4,558,649,86.0,183,299,61.2,4,1.7,3.1,#ERROR!,32,136,15,4,139,Matchs
503,André Simões,pt POR,MT,Famalicão,32,1989,1.9,82,102,80.4,1217,317,50,60,83.3,29,32,90.6,3,6,50.0,0,0.0,0.0,0.0,1,8,0,0,12,Matchs
504,André Simões,pt POR,"MT,AT",Gil Vicente FC,18,2003,0.2,17,20,85.0,292,63,6,7,85.7,9,10,90.0,1,1,100.0,0,0.0,0.0,0.0,0,4,0,0,5,Matchs
505,Luther Singh,za RSA,"AT,MT",Chaves,24,1997,7.0,174,226,77.0,2753,636,91,112,81.3,67,78,85.9,12,18,66.7,1,0.7,0.3,#ERROR!,8,17,3,1,18,Matchs
506,Lucas Soares,br BRA,"MT,DF",Casa Pia,24,1998,24.2,784,1062,73.8,12189,4649,424,479,88.5,282,381,74.0,48,119,40.3,2,3.2,3.0,-1.2,26,29,17,10,43,Matchs
507,Samuel Soares,pt POR,GB,Benfica,20,2002,0.0,3,4,75.0,74,59,2,2,100.0,0,0,,1,2,50.0,0,0.0,0.0,0.0,0,0,0,0,0,Matchs
508,Val Soares,br BRA,MT,Marítimo,25,1997,13.5,624,762,81.9,13251,5039,197,224,87.9,314,343,91.5,105,169,62.1,0,1.1,0.9,-1.1,15,106,11,4,99,Matchs
509,Yuki Soma,jp JPN,"AT,MT",Casa Pia,25,1997,13.5,208,339,61.4,3801,1162,97,119,81.5,76,104,73.1,28,78,35.9,1,3.1,2.8,-2.1,20,9,7,3,26,Matchs
510,Joel Soñora,us USA,MT,Marítimo,25,1996,2.0,53,74,71.6,919,292,19,24,79.2,25,31,80.6,5,11,45.5,0,0.1,0.2,-0.1,2,5,1,1,8,Matchs
511,Ismaila Soro,ci CIV,MT,Arouca,24,1998,16.9,584,689,84.8,10408,2828,238,269,88.5,272,299,91.0,59,81,72.8,0,0.9,0.6,-0.9,8,47,2,1,58,Matchs
512,Miguel Sousa,pt POR,MT,Marítimo,23,1998,2.0,51,66,77.3,775,272,26,32,81.3,16,19,84.2,4,5,80.0,0,0.0,0.0,0.0,1,6,1,0,8,Matchs
513,Vasco Sousa,pt POR,MT,Porto,19,2003,0.0,4,7,57.1,39,9,4,7,57.1,0,0,,0,0,,0,0.1,0.0,-0.1,1,0,0,0,1,Matchs
514,Claudemir de Souza,br BRA,MT,Vizela,34,1988,15.1,719,864,83.2,11910,4306,356,389,91.5,294,340,86.5,52,100,52.0,1,0.7,0.5,#ERROR!,6,70,3,1,68,Matchs
515,Jerry St. Juste,nl NED,DF,Sporting CP,25,1996,10.1,885,964,91.8,15768,4944,344,361,95.3,483,509,94.9,52,68,76.5,1,0.5,0.4,#ERROR!,5,104,3,1,108,Matchs
516,Filip Stevanovic,rs SRB,"AT,MT",Santa Clara,19,2002,1.7,33,51,64.7,479,74,20,28,71.4,9,13,69.2,2,4,50.0,1,0.1,0.2,#ERROR!,3,0,0,0,4,Matchs
517,Habib sylla,ci CIV,DF,Chaves,23,1999,6.9,229,329,69.6,4377,1871,85,102,83.3,112,154,72.7,28,54,51.9,0,0.1,0.3,-0.1,1,13,5,3,26,Matchs
518,Morlaye Sylla,gn GUI,"AT,MT",Arouca,24,1998,25.3,862,1089,79.2,14379,4294,444,505,87.9,293,370,79.2,91,146,62.3,4,4.3,4.3,-0.3,40,98,31,7,115,Matchs
519,Kyosuke Tagawa,jp JPN,AT,Santa Clara,23,1999,13.2,108,181,59.7,1453,302,63,93,67.7,32,52,61.5,4,6,66.7,1,1.4,0.2,-0.4,8,6,2,0,7,Matchs
520,Afonso Taira,pt POR,MT,Casa Pia,30,1992,23.3,753,1011,74.5,13148,4631,350,427,82.0,313,396,79.0,73,129,56.6,1,1.5,1.5,-0.5,28,97,15,2,141,Matchs
521,Mateo Tanlongo,ar ARG,MT,Sporting CP,18,2003,1.6,94,105,89.5,1670,360,44,47,93.6,42,45,93.3,8,10,80.0,0,0.0,0.0,0.0,0,5,0,0,8,Matchs
522,Mehdi Taremi,ir IRN,AT,Porto,30,1992,29.0,608,823,73.9,7975,1943,383,463,82.7,147,206,71.4,26,41,63.4,7,6.4,5.8,#ERROR!,46,52,32,1,87,Matchs
523,David Tavares,cv CPV,"MT,AT",Famalicão,23,1999,0.5,15,22,68.2,215,86,10,14,71.4,4,6,66.7,1,1,100.0,0,0.0,0.0,0.0,0,0,0,0,2,Matchs
524,Heriberto Tavares,pt POR,"MT,AT",Famalicão,25,1997,2.4,75,114,65.8,1229,534,38,44,86.4,25,38,65.8,9,24,37.5,0,0.6,0.5,-0.6,6,4,3,3,9,Matchs
525,Martim Tavares,pt POR,"AT,MT",Boavista,18,2003,4.0,47,69,68.1,631,97,32,37,86.5,12,19,63.2,1,5,20.0,0,0.1,0.1,-0.1,4,0,1,0,5,Matchs
Clt,Joueur,Nation,Pos,Équipe,Âge,Naissance,90,Cmp,Att,Cmp%,TotDist,DistBut,Cmp,Att,Cmp%,Cmp,Att,Cmp%,Cmp,Att,Cmp%,PD,xAG,xA,A-xAG,PC,1/3,PPA,CntSR,PrgP,Matchs
526,Duplexe Tchamba,cm CMR,DF,Casa Pia,24,1998,4.3,172,215,80.0,3292,1335,58,64,90.6,90,102,88.2,22,40,55.0,0,0.0,0.2,0.0,1,10,1,0,16,Matchs
527,João Teixeira,pt POR,MT,Chaves,28,1994,30.4,1171,1511,77.5,22804,7792,472,545,86.6,488,596,81.9,186,281,66.2,4,4.4,4.2,-0.4,64,163,39,10,214,Matchs
528,André Teles,pt POR,MT,Marítimo,25,1997,0.7,25,34,73.5,436,124,9,11,81.8,13,15,86.7,3,4,75.0,0,0.0,0.0,0.0,0,1,0,0,5,Matchs
529,Casper Tengstedt,dk DEN,"AT,MT",Benfica,22,2000,0.3,6,8,75.0,91,17,2,3,66.7,2,2,100.0,1,1,100.0,0,0.0,0.0,0.0,0,0,1,1,0,Matchs
530,Nigel Thomas,nl NED,"AT,MT",Paços,21,2001,22.5,424,650,65.2,6505,1495,249,302,82.5,122,180,67.8,33,99,33.3,1,2.6,2.4,-1.6,27,10,15,8,35,Matchs
531,Pedro Tiba,pt POR,MT,Gil Vicente FC,33,1988,13.9,505,646,78.2,8519,2263,232,270,85.9,200,233,85.8,55,90,61.1,0,1.4,1.5,-1.4,14,49,18,2,94,Matchs
532,Bastien Toma,ch SUI,MT,Paços,23,1999,4.8,196,226,86.7,3072,936,93,101,92.1,82,90,91.1,13,24,54.2,0,0.4,0.5,-0.4,4,19,5,0,35,Matchs
533,Vítor Tormena,br BRA,DF,Braga,26,1996,26.1,1331,1572,84.7,27641,9283,361,405,89.1,797,856,93.1,159,275,57.8,0,0.4,0.4,-0.4,7,116,5,1,91,Matchs
534,Mamadou Tounkara,fr FRA,DF,Vitória,20,2001,11.6,363,445,81.6,6755,2275,132,147,89.8,195,216,90.3,33,64,51.6,0,0.0,0.1,0.0,0,20,0,0,22,Matchs
535,Francisco Trincão,pt POR,"MT,AT",Sporting CP,22,1999,24.5,727,910,79.9,10329,2185,438,492,89.0,224,285,78.6,34,61,55.7,2,3.8,3.9,-1.8,46,78,27,2,110,Matchs
536,Matouš Trmal,cz CZE,GB,Marítimo,23,1998,6.0,137,182,75.3,3319,2184,27,27,100.0,83,83,100.0,26,71,36.6,0,0.0,0.0,0.0,0,0,0,0,0,Matchs
537,Manuel Ugarte Ribeiro,uy URU,MT,Sporting CP,21,2001,26.1,1451,1584,91.6,25610,4869,630,676,93.2,686,716,95.8,114,147,77.6,0,0.6,1.0,-0.6,15,110,7,0,120,Matchs
538,Zé Uilton,br BRA,"AT,MT",Paços,30,1992,15.3,296,399,74.2,4337,1084,173,200,86.5,88,118,74.6,18,47,38.3,1,2.3,2.3,-1.3,18,15,16,8,32,Matchs
539,Ukra,pt POR,"AT,MT",Rio Ave,34,1988,4.1,125,175,71.4,2172,596,61,75,81.3,47,66,71.2,13,21,61.9,2,1.0,0.5,#ERROR!,7,16,6,4,21,Matchs
540,Mateus Uribe,co COL,MT,Porto,31,1991,27.3,1478,1775,83.3,27409,9342,647,716,90.4,597,695,85.9,205,288,71.2,0,1.2,2.2,-1.2,18,182,27,2,221,Matchs
541,Rodrigo Valente,pt POR,"MT,AT",Santa Clara,21,2001,1.1,29,38,76.3,431,154,18,20,90.0,9,11,81.8,1,5,20.0,0,0.2,0.7,-0.2,2,3,1,0,4,Matchs
542,João Valido,pt POR,GB,Arouca,22,2000,0.0,1,1,100.0,57,57,0,0,,0,0,,1,1,100.0,0,0.0,0.0,0.0,0,0,0,0,0,Matchs
543,Bruno Varela,cv CPV,GB,Vitória,27,1994,27.0,611,957,63.8,20418,15804,62,62,100.0,263,265,99.2,285,625,45.6,1,0.9,0.1,#ERROR!,2,14,0,0,0,Matchs
544,Fernando Varela,cv CPV,DF,Casa Pia,34,1987,22.6,717,862,83.2,12546,5000,306,333,91.9,327,364,89.8,68,125,54.4,0,0.2,1.5,-0.2,2,56,4,1,49,Matchs
545,Luciano Vega,ar ARG,"MT,AT",Marítimo,23,1999,2.1,61,81,75.3,958,209,29,33,87.9,24,31,77.4,5,11,45.5,0,0.0,0.0,0.0,1,4,0,0,4,Matchs
546,Danilo Veiga,pt POR,DF,Gil Vicente FC,19,2002,7.6,321,406,79.1,5591,1639,144,167,86.2,140,168,83.3,32,49,65.3,0,0.5,0.4,-0.5,4,16,6,4,27,Matchs
547,Igor Vekič,si SVN,GB,Paços,24,1998,9.1,216,290,74.5,6178,4841,55,55,100.0,74,75,98.7,86,157,54.8,0,0.0,0.0,0.0,0,0,0,0,0,Matchs
548,Bruno Ventura,pt POR,AT,Rio Ave,21,2001,1.1,28,35,80.0,401,68,17,18,94.4,6,11,54.5,2,2,100.0,0,0.0,0.0,0.0,1,2,1,0,2,Matchs
549,Lucas Veríssimo,br BRA,DF,Benfica,27,1995,0.1,14,16,87.5,261,105,4,4,100.0,9,10,90.0,1,2,50.0,0,0.0,0.0,0.0,0,0,0,0,2,Matchs
550,Gabriel Veron,br BRA,"MT,AT",Porto,19,2002,4.5,107,152,70.4,1436,432,62,77,80.5,33,46,71.7,3,8,37.5,2,2.0,2.5,0.0,9,7,5,1,17,Matchs
Clt,Joueur,Nation,Pos,Équipe,Âge,Naissance,90,Cmp,Att,Cmp%,TotDist,DistBut,Cmp,Att,Cmp%,Cmp,Att,Cmp%,Cmp,Att,Cmp%,PD,xAG,xA,A-xAG,PC,1/3,PPA,CntSR,PrgP,Matchs
551,Jan Vertonghen,be BEL,DF,Benfica,35,1987,0.0,3,3,100.0,43,10,2,2,100.0,1,1,100.0,0,0,,0,0.0,0.0,0.0,0,0,0,0,0,Matchs
552,André Vidigal,pt POR,"AT,MT",Marítimo,23,1998,28.6,445,624,71.3,7040,1664,226,275,82.2,153,206,74.3,35,67,52.2,0,1.6,2.0,-1.6,26,28,28,9,70,Matchs
553,Gabriel Vieira,br BRA,"AT,MT",Santa Clara,20,2002,24.4,302,579,52.2,5538,2357,130,189,68.8,92,193,47.7,57,135,42.2,2,3.4,3.0,-1.4,37,27,18,6,33,Matchs
554,João Vigário,pt POR,DF,Paços,26,1995,0.2,10,10,100.0,156,38,6,6,100.0,3,3,100.0,1,1,100.0,0,0.0,0.0,0.0,0,1,0,0,0,Matchs
555,Mikel Villanueva,ve VEN,DF,Vitória,29,1993,28.2,1120,1348,83.1,22994,9972,388,425,91.3,533,602,88.5,190,292,65.1,1,1.1,0.9,-0.1,6,78,3,1,65,Matchs
556,Bernardo Vital,pt POR,DF,Estoril,21,2000,25.1,1166,1333,87.5,25275,7694,259,289,89.6,755,799,94.5,148,228,64.9,0,0.1,0.1,-0.1,3,44,1,0,49,Matchs
557,Vitinha,pt POR,AT,Braga,22,2000,12.2,156,228,68.4,2392,441,84,110,76.4,51,67,76.1,12,24,50.0,2,1.4,0.9,#ERROR!,16,10,6,2,15,Matchs
558,Vitinho,br BRA,"MT,AT",Arouca,22,2000,2.7,59,92,64.1,987,456,27,35,77.1,19,25,76.0,8,21,38.1,2,1.0,0.7,#ERROR!,12,5,5,3,11,Matchs
559,Paulo Vitor,br BRA,"MT,DF",Rio Ave,23,1999,12.3,351,450,78.0,5926,1083,192,218,88.1,115,147,78.2,38,68,55.9,1,1.4,1.2,-0.4,12,13,11,6,18,Matchs
560,Steven Vitória,ca CAN,DF,Chaves,35,1987,29.4,1051,1234,85.2,21882,8340,252,284,88.7,674,725,93.0,120,207,58.0,0,0.7,0.3,-0.7,4,39,2,1,61,Matchs
561,Odisseas Vlachodimos,gr GRE,GB,Benfica,28,1994,34.0,679,811,83.7,16448,11503,158,159,99.4,356,360,98.9,160,283,56.5,0,0.0,0.0,0.0,1,7,0,0,0,Matchs
562,Ilija Vukotić,me MNE,MT,Boavista,23,1999,4.5,120,164,73.2,2000,472,47,58,81.0,57,67,85.1,8,25,32.0,0,0.1,0.1,-0.1,3,9,2,0,18,Matchs
563,Wagner,br BRA,DF,Portimonense,23,1999,1.0,44,52,84.6,694,293,26,29,89.7,15,17,88.2,2,3,66.7,0,0.0,0.0,0.0,0,1,0,0,4,Matchs
564,Masaki Watai,jp JPN,"MT,AT",Boavista,23,1999,5.8,184,232,79.3,2688,733,108,123,87.8,63,75,84.0,7,15,46.7,1,1.0,1.7,0.0,11,10,11,3,26,Matchs
565,Julian Weigl,de GER,MT,Benfica,26,1995,0.6,78,80,97.5,1599,362,30,31,96.8,32,32,100.0,15,16,93.8,0,0.0,0.1,0.0,1,12,1,0,9,Matchs
566,Wendell,br BRA,DF,Porto,29,1993,21.8,1177,1393,84.5,18049,4202,668,711,94.0,414,492,84.1,67,132,50.8,2,1.8,2.3,#ERROR!,18,71,21,10,78,Matchs
567,Weverson,br BRA,"DF,AT",Arouca,22,2000,0.8,29,39,74.4,485,168,17,20,85.0,9,12,75.0,3,4,75.0,0,0.2,0.0,-0.2,1,3,1,1,2,Matchs
568,Willyan,br BRA,"DF,MT",Portimonense,27,1995,4.0,191,252,75.8,4260,1807,48,58,82.8,103,119,86.6,38,67,56.7,0,0.0,0.1,0.0,1,21,2,0,20,Matchs
569,Bruno Wilson,pt POR,DF,Vizela,25,1996,22.8,651,884,73.6,13863,6362,209,233,89.7,324,368,88.0,111,259,42.9,1,0.9,0.1,#ERROR!,3,44,1,0,41,Matchs
570,Roan Wilson,cr CRC,MT,Gil Vicente FC,20,2002,1.3,58,63,92.1,979,236,24,24,100.0,28,29,96.6,3,4,75.0,0,0.0,0.0,0.0,0,3,1,0,6,Matchs
571,Cláudio Winck,br BRA,"DF,MT",Marítimo,28,1994,26.9,907,1371,66.2,16352,8034,400,482,83.0,392,557,70.4,92,242,38.0,3,2.9,2.8,#ERROR!,33,87,30,9,132,Matchs
572,Xadas,pt POR,"MT,AT",Marítimo,24,1997,26.3,806,1096,73.5,15388,5137,310,364,85.2,333,401,83.0,128,265,48.3,6,7.7,6.0,-1.7,62,108,27,6,143,Matchs
573,Abdul-Aziz Yakubu,gh GHA,AT,Rio Ave,23,1998,14.2,157,238,66.0,1980,269,102,125,81.6,44,72,61.1,4,12,33.3,3,1.6,0.7,#ERROR!,8,7,4,1,12,Matchs
574,Roman Yaremchuk,ua UKR,AT,Benfica,26,1995,0.6,13,16,81.3,167,31,7,8,87.5,5,5,100.0,0,0,,0,0.1,0.1,-0.1,2,0,1,0,3,Matchs
575,Moses Yaw,gh GHA,MT,Arouca,23,1999,3.5,106,143,74.1,2155,791,40,49,81.6,50,60,83.3,14,26,53.8,0,0.2,0.0,-0.2,1,11,0,0,10,Matchs
Clt,Joueur,Nation,Pos,Équipe,Âge,Naissance,90,Cmp,Att,Cmp%,TotDist,DistBut,Cmp,Att,Cmp%,Cmp,Att,Cmp%,Cmp,Att,Cmp%,PD,xAG,xA,A-xAG,PC,1/3,PPA,CntSR,PrgP,Matchs
576,Zaydou Youssouf,fr FRA,MT,Famalicão,23,1999,23.8,738,914,80.7,15464,4406,272,317,85.8,300,339,88.5,151,220,68.6,0,0.4,1.1,-0.4,9,89,13,2,115,Matchs
577,Antonio Zarzana,es ESP,"MT,AT",Marítimo,20,2002,3.2,83,104,79.8,1519,253,37,38,97.4,33,39,84.6,11,19,57.9,0,0.2,0.2,-0.2,3,4,4,3,6,Matchs
578,Ivan Zlobin,ru RUS,GB,Famalicão,25,1997,1.0,23,46,50.0,1026,769,0,0,,5,6,83.3,18,40,45.0,0,0.0,0.0,0.0,1,1,0,0,0,Matchs
579,Kévin Zohi,ml MLI,"AT,MT",Vizela,25,1996,10.0,191,271,70.5,2765,713,101,131,77.1,65,89,73.0,10,19,52.6,3,1.9,1.7,#ERROR!,15,15,10,3,32,Matchs
580,Nermin Zolotić,ba BIH,DF,Casa Pia,29,1993,24.3,1126,1355,83.1,20941,8714,415,463,89.6,599,675,88.7,97,180,53.9,0,0.6,0.8,-0.6,14,93,9,3,114,Matchs
581,Emilijus Zubas,lt LTU,GB,Arouca,32,1990,3.0,69,105,65.7,2294,1878,12,12,100.0,25,27,92.6,31,64,48.4,0,0.0,0.0,0.0,0,1,0,0,1,Matchs
Clt,Joueur,Nation,Pos,Équipe,Âge,Naissance,90,Cmp,Att,Cmp%,TotDist,DistBut,Cmp,Att,Cmp%,Cmp,Att,Cmp%,Cmp,Att,Cmp%,PD,xAG,xA,A-xAG,PC,1/3,PPA,CntSR,PrgP,Matchs
1,Patrick van Aanholt,nl NED,DF,PSV Eindhoven,31,1990,13.1,582,705,82.6,8846,2876,311,345,90.1,214,253,84.6,37,60,61.7,2,2.9,2.9,-0.9,17,33,10,2,57,Matchs
2,Dirk Abels,nl NED,DF,Sparta R'dam,25,1997,14.7,556,688,80.8,10574,3949,211,232,90.9,267,304,87.8,66,121,54.5,2,1.1,1.4,#ERROR!,12,38,9,3,43,Matchs
3,Paulos Abraham,se SWE,"AT,MT",Groningen,20,2002,5.4,99,134,73.9,1386,427,62,72,86.1,31,42,73.8,4,10,40.0,0,0.2,0.3,-0.2,5,13,6,1,18,Matchs
4,Bobby Adekanye,nl NED,"AT,MT",Go Ahead Eag,23,1999,23.8,435,618,70.4,6631,2142,245,301,81.4,130,186,69.9,34,70,48.6,4,3.4,2.7,#ERROR!,31,44,25,6,78,Matchs
5,Shawn Adewoye,be BEL,DF,RKC Waalwijk,22,2000,32.6,1148,1331,86.3,22886,7721,336,377,89.1,671,723,92.8,129,197,65.5,1,0.7,0.3,#ERROR!,8,74,1,0,88,Matchs
6,Luuk Admiraal,nl NED,AT,Excelsior,20,2002,0.0,2,3,66.7,22,4,2,2,100.0,0,1,0.0,0,0,,0,0.0,0.0,0.0,0,0,0,0,0,Matchs
7,Nikolas Agrafiotis,nl NED,"AT,MT",Excelsior,22,2000,6.3,100,175,57.1,1269,292,59,94,62.8,26,48,54.2,4,8,50.0,0,0.6,0.4,-0.6,3,10,4,0,13,Matchs
8,Joost van Aken,nl NED,DF,Heerenveen,28,1994,11.0,469,584,80.3,9466,3290,162,181,89.5,235,264,89.0,68,124,54.8,0,0.1,0.2,-0.1,3,33,2,1,41,Matchs
9,Norbert Alblas,nl NED,GB,Excelsior,27,1994,0.3,6,10,60.0,169,137,2,2,100.0,3,3,100.0,1,5,20.0,0,0.0,0.0,0.0,0,0,0,0,0,Matchs
10,Pedro Alemañ,es ESP,MT,Sparta R'dam,20,2002,0.5,34,38,89.5,483,117,16,17,94.1,14,16,87.5,2,2,100.0,0,0.1,0.4,-0.1,1,2,0,0,6,Matchs
11,Hussein Ali,iq IRQ,"DF,MT",Heerenveen,20,2002,0.3,9,16,56.3,158,82,5,8,62.5,2,5,40.0,2,2,100.0,0,0.1,0.1,-0.1,1,1,1,1,2,Matchs
12,Edson Álvarez,mx MEX,"MT,DF",Ajax,24,1997,28.7,2138,2411,88.7,37145,12004,880,968,90.9,1069,1160,92.2,147,205,71.7,3,4.2,4.0,-1.2,28,218,24,1,223,Matchs
13,Pelle van Amersfoort,nl NED,"MT,AT",Heerenveen,26,1996,13.2,242,365,66.3,3295,947,159,208,76.4,67,102,65.7,8,19,42.1,0,0.7,0.8,-0.7,12,22,5,1,40,Matchs
14,Jamal Amofa,nl NED,DF,Go Ahead Eag,23,1998,26.8,1059,1277,82.9,20658,8513,360,412,87.4,575,633,90.8,115,194,59.3,1,0.9,0.7,#ERROR!,8,74,9,1,99,Matchs
15,Fredrik André Bjørkan,no NOR,DF,Feyenoord,23,1998,0.8,41,52,78.8,545,110,24,27,88.9,17,20,85.0,0,1,0.0,0,0.2,0.1,-0.2,1,2,3,0,4,Matchs
16,Vurnon Anita,cw CUW,MT,RKC Waalwijk,33,1989,30.8,1114,1343,82.9,19330,7652,498,579,86.0,475,550,86.4,110,157,70.1,2,2.3,2.9,-0.3,20,140,24,2,175,Matchs
17,Oliver Antman,fi FIN,"AT,MT",Groningen,20,2001,7.4,164,219,74.9,2325,458,92,118,78.0,48,60,80.0,11,18,61.1,1,1.3,1.4,-0.3,8,11,9,2,23,Matchs
18,Joey Antonioli,nl NED,MT,Volendam,18,2003,0.4,8,11,72.7,138,60,5,5,100.0,2,3,66.7,1,2,50.0,0,0.0,0.0,0.0,1,3,0,0,2,Matchs
19,Jeremy Antonisse,cw CUW,"AT,MT",Emmen,20,2002,8.9,181,236,76.7,2465,634,107,121,88.4,54,71,76.1,8,20,40.0,1,1.5,1.2,-0.5,8,10,11,7,16,Matchs
20,Francesco Antonucci,be BEL,"MT,AT",Volendam,23,1999,10.0,245,330,74.2,4383,1095,113,131,86.3,99,122,81.1,25,48,52.1,1,1.1,0.9,-0.1,11,34,12,4,42,Matchs
21,Antony,br BRA,AT,Ajax,22,2000,2.0,79,104,76.0,1150,364,45,54,83.3,27,34,79.4,5,8,62.5,2,0.6,1.0,#ERROR!,3,5,9,2,12,Matchs
22,Miguel Araujo,pe PER,DF,Emmen,27,1994,29.9,1347,1667,80.8,28522,10550,391,439,89.1,716,802,89.3,219,379,57.8,0,0.2,0.9,-0.2,4,112,2,0,117,Matchs
23,Carlens Arcus,ht HAI,DF,Vitesse,26,1996,28.0,1253,1578,79.4,20755,7500,675,757,89.2,443,536,82.6,114,198,57.6,3,2.5,2.6,#ERROR!,34,106,30,22,126,Matchs
24,Jasin Assehnoun,fi FIN,AT,Emmen,23,1998,8.1,246,326,75.5,3531,759,157,178,88.2,53,69,76.8,20,41,48.8,1,1.4,1.5,-0.4,14,10,8,4,10,Matchs
25,Adil Auassar,nl NED,DF,Sparta R'dam,35,1986,21.3,1010,1182,85.4,21747,8443,287,310,92.6,560,608,92.1,155,237,65.4,0,0.3,1.3,-0.3,3,67,3,0,73,Matchs
Clt,Joueur,Nation,Pos,Équipe,Âge,Naissance,90,Cmp,Att,Cmp%,TotDist,DistBut,Cmp,Att,Cmp%,Cmp,Att,Cmp%,Cmp,Att,Cmp%,PD,xAG,xA,A-xAG,PC,1/3,PPA,CntSR,PrgP,Matchs
26,Sebbe Augustijns,be BEL,"MT,AT",RKC Waalwijk,22,1999,0.8,20,30,66.7,248,57,10,13,76.9,7,12,58.3,0,0,,0,0.0,0.0,0.0,0,1,0,0,2,Matchs
27,Fredrik Aursnes,no NOR,MT,Feyenoord,26,1995,2.0,151,176,85.8,2836,1002,54,58,93.1,73,83,88.0,18,28,64.3,0,0.9,0.5,-0.9,5,25,5,1,26,Matchs
28,Aventis Aventisian,am ARM,"MT,DF",Go Ahead Eag,19,2002,0.1,5,7,71.4,102,30,1,1,100.0,4,5,80.0,0,0,,0,0.0,0.0,0.0,0,1,0,0,1,Matchs
29,Maxime Awoudja,de GER,DF,Excelsior,24,1998,2.8,73,97,75.3,1330,239,26,34,76.5,41,49,83.7,4,11,36.4,0,0.0,0.1,0.0,0,2,1,1,5,Matchs
30,Yassin Ayoub,nl NED,MT,Excelsior,28,1994,8.0,308,387,79.6,5051,1841,153,175,87.4,107,132,81.1,35,53,66.0,0,0.7,1.1,-0.7,9,48,6,0,46,Matchs
31,Marouan Azarkan,nl NED,"AT,MT",Excelsior,20,2001,20.4,459,700,65.6,7731,2929,221,281,78.6,167,240,69.6,50,115,43.5,8,4.8,5.5,#ERROR!,41,42,47,13,102,Matchs
32,Julian Baas,nl NED,"MT,AT",Excelsior,20,2002,27.3,663,912,72.7,11796,3643,301,370,81.4,261,328,79.6,83,150,55.3,5,3.2,3.4,#ERROR!,31,59,12,1,74,Matchs
33,Youri Baas,nl NED,DF,Ajax,19,2003,2.1,129,159,81.1,2075,520,70,81,86.4,52,58,89.7,6,13,46.2,0,0.0,0.3,0.0,1,16,3,0,16,Matchs
34,Nikolai Baden Frederiksen,dk DEN,AT,Vitesse,22,2000,5.8,64,97,66.0,931,137,36,46,78.3,21,33,63.6,4,9,44.4,0,0.1,0.1,-0.1,2,3,2,0,5,Matchs
35,Saïd Bakari,km COM,"DF,MT",RKC Waalwijk,27,1994,8.4,334,422,79.1,4893,1898,199,224,88.8,104,128,81.3,18,34,52.9,2,1.2,1.8,#ERROR!,8,14,14,0,43,Matchs
36,Johan Bakayoko,be BEL,AT,PSV Eindhoven,19,2003,15.3,523,674,77.6,6458,1472,369,413,89.3,114,160,71.3,9,33,27.3,5,3.5,4.4,#ERROR!,26,20,35,11,45,Matchs
37,Zakaria Bakkali,be BEL,"AT,DF",RKC Waalwijk,26,1996,4.9,127,172,73.8,1996,544,68,80,85.0,43,53,81.1,10,19,52.6,0,1.1,1.3,-1.1,8,5,10,3,17,Matchs
38,Justin Bakker,nl NED,DF,Go Ahead Eag,24,1998,2.5,85,119,71.4,1896,834,23,28,82.1,46,54,85.2,16,37,43.2,0,0.0,0.1,0.0,0,15,1,0,13,Matchs
39,Remco Balk,nl NED,"AT,MT",Cambuur,21,2001,13.2,236,373,63.3,3962,942,119,148,80.4,87,127,68.5,25,54,46.3,0,0.6,1.2,-0.6,8,10,13,5,24,Matchs
40,Radinio Balker,sr SUR,DF,Groningen,23,1998,29.4,1342,1583,84.8,28579,8606,390,432,90.3,718,775,92.6,218,328,66.5,0,0.5,0.6,-0.5,10,96,6,3,112,Matchs
41,Alex Bangura,sl SLE,DF,Cambuur,23,1999,27.2,1005,1296,77.5,17414,5368,449,521,86.2,431,521,82.7,104,192,54.2,3,4.0,3.3,-1.0,15,59,17,6,82,Matchs
42,Yusuf Barasi,tr TUR,"AT,MT",AZ Alkmaar,19,2003,2.1,55,69,79.7,661,106,36,40,90.0,14,20,70.0,0,1,0.0,1,0.6,0.5,#ERROR!,3,3,1,0,5,Matchs
43,Vasilios Barkas,gr GRE,GB,Utrecht,28,1994,32.0,765,1044,73.3,21842,15905,144,145,99.3,360,365,98.6,259,527,49.1,0,0.0,0.1,0.0,0,19,0,0,0,Matchs
44,Cole Bassett,us USA,"MT,AT",Fortuna Sittard,21,2001,2.2,75,100,75.0,1279,279,34,45,75.6,33,39,84.6,6,12,50.0,0,0.2,0.3,-0.2,1,4,1,0,12,Matchs
45,Cole Bassett,us USA,AT,Feyenoord,21,2001,0.1,4,4,100.0,82,42,3,3,100.0,0,0,,1,1,100.0,0,0.0,0.0,0.0,0,1,0,0,1,Matchs
46,Calvin Bassey,ng NGA,DF,Ajax,22,1999,20.1,1364,1559,87.5,24097,8072,576,618,93.2,654,718,91.1,110,160,68.8,3,2.8,3.9,#ERROR!,11,114,12,7,113,Matchs
47,Riechedly Bazoer,nl NED,"MT,DF",AZ Alkmaar,25,1996,3.7,202,241,83.8,3307,742,99,109,90.8,77,89,86.5,20,27,74.1,0,0.0,0.2,0.0,0,22,1,0,16,Matchs
48,Mads Bech Sørensen,dk DEN,DF,Groningen,23,1999,10.1,434,551,78.8,9175,3172,132,148,89.2,226,253,89.3,74,136,54.4,0,0.0,0.2,0.0,2,32,1,0,28,Matchs
49,Sven van Beek,nl NED,DF,Heerenveen,28,1994,15.0,761,910,83.6,15086,5809,267,289,92.4,385,422,91.2,100,172,58.1,0,0.8,1.0,-0.8,9,46,6,1,57,Matchs
50,Mike van Beijnen,nl NED,DF,Fortuna Sittard,23,1999,0.1,3,4,75.0,38,0,2,3,66.7,1,1,100.0,0,0,,0,0.0,0.0,0.0,1,0,0,0,0,Matchs
Clt,Joueur,Nation,Pos,Équipe,Âge,Naissance,90,Cmp,Att,Cmp%,TotDist,DistBut,Cmp,Att,Cmp%,Cmp,Att,Cmp%,Cmp,Att,Cmp%,PD,xAG,xA,A-xAG,PC,1/3,PPA,CntSR,PrgP,Matchs
51,Jan Bekkema,nl NED,GB,Heerenveen,26,1996,0.0,1,2,50.0,64,64,0,0,,0,0,,1,2,50.0,0,0.0,0.0,0.0,0,0,0,0,0,Matchs
52,Iliass Bel Hassani,ma MAR,"MT,AT",RKC Waalwijk,29,1992,14.9,407,619,65.8,7107,2948,195,247,78.9,155,212,73.1,44,108,40.7,3,3.8,4.6,-0.8,32,59,44,9,107,Matchs
53,Benaissa Benamar,ma MAR,"DF,MT",Volendam,25,1997,22.8,777,990,78.5,15964,5723,249,288,86.5,407,472,86.2,112,195,57.4,1,0.9,0.7,#ERROR!,6,66,12,0,75,Matchs
54,Mimeirhel Benita,nl NED,DF,Feyenoord,18,2003,0.6,29,40,72.5,565,184,9,11,81.8,16,19,84.2,4,7,57.1,0,0.0,0.0,0.0,0,2,0,0,4,Matchs
55,Walter Benítez,ar ARG,GB,PSV Eindhoven,29,1993,30.0,622,850,73.2,18073,13823,128,129,99.2,276,282,97.9,213,433,49.2,0,0.0,0.1,0.0,0,15,0,0,0,Matchs
56,Martijn Berden,nl NED,"AT,MT",Go Ahead Eag,25,1997,0.9,18,24,75.0,313,65,8,9,88.9,9,9,100.0,1,2,50.0,0,0.2,0.3,-0.2,2,0,1,0,2,Matchs
57,Thom van Bergen,nl NED,"AT,DF",Groningen,18,2004,4.1,60,102,58.8,835,326,39,58,67.2,18,25,72.0,2,5,40.0,0,0.2,0.2,-0.2,3,1,5,1,13,Matchs
58,Steven Berghuis,nl NED,"MT,AT",Ajax,30,1991,23.3,1360,1738,78.3,24532,8464,663,752,88.2,486,596,81.5,174,303,57.4,9,6.0,11.7,#ERROR!,56,190,99,15,265,Matchs
59,Leon Bergsma,nl NED,DF,Cambuur,25,1997,20.4,951,1141,83.3,19489,6514,275,318,86.5,543,593,91.6,124,203,61.1,0,0.0,0.3,0.0,2,55,1,0,72,Matchs
60,Steven Bergwijn,nl NED,"AT,MT",Ajax,24,1997,26.0,1092,1270,86.0,14116,2983,716,780,91.8,281,328,85.7,28,46,60.9,5,5.0,8.4,0.0,47,55,69,9,145,Matchs
61,Lucas Bernadou,fr FRA,MT,Emmen,21,2000,21.0,858,1008,85.1,14106,3015,429,466,92.1,338,378,89.4,69,93,74.2,4,2.0,2.0,#ERROR!,18,92,11,1,99,Matchs
62,Matúš Bero,sk SVK,"MT,AT",Vitesse,26,1995,30.5,871,1208,72.1,13472,3803,456,580,78.6,315,421,74.8,55,100,55.0,3,2.8,2.6,#ERROR!,39,87,25,2,132,Matchs
63,Vicente Besuijen,nl NED,"AT,MT",Excelsior,21,2001,0.7,18,25,72.0,274,60,10,11,90.9,6,9,66.7,2,3,66.7,0,0.0,0.0,0.0,0,3,1,0,2,Matchs
64,Sam Beukema,nl NED,DF,AZ Alkmaar,23,1998,24.4,1472,1677,87.8,28916,9948,462,510,90.6,828,882,93.9,157,245,64.1,0,0.1,1.0,-0.1,4,146,8,0,135,Matchs
65,Bartosz Białek,pl POL,AT,Vitesse,20,2001,17.0,194,298,65.1,2867,597,107,151,70.9,59,89,66.3,13,23,56.5,1,1.5,1.3,-0.5,20,13,8,0,26,Matchs
66,Mika Biereth,dk DEN,"AT,MT",RKC Waalwijk,19,2003,3.4,46,75,61.3,666,195,26,36,72.2,14,20,70.0,3,5,60.0,0,0.7,0.6,-0.7,4,4,7,0,12,Matchs
67,Justin Bijlow,nl NED,GB,Feyenoord,24,1998,25.0,670,826,81.1,16016,11430,149,150,99.3,367,373,98.4,150,298,50.3,0,0.0,0.0,0.0,0,11,0,0,0,Matchs
68,Kristijan Bistrović,hr CRO,MT,Fortuna Sittard,24,1998,12.8,398,515,77.3,7599,2706,165,193,85.5,156,198,78.8,65,99,65.7,0,1.4,1.6,-1.4,21,36,12,7,59,Matchs
69,Daley Blind,nl NED,DF,Ajax,32,1990,10.5,989,1133,87.3,18398,7990,424,458,92.6,434,474,91.6,118,172,68.6,2,1.3,2.6,#ERROR!,17,173,33,3,185,Matchs
70,Thijmen Blokzijl,nl NED,DF,Groningen,17,2005,13.1,601,732,82.1,11535,3526,218,238,91.6,310,352,88.1,64,122,52.5,1,0.4,1.0,#ERROR!,2,48,2,0,48,Matchs
71,Jordi Blom,nl NED,AT,Volendam,20,2002,0.5,5,11,45.5,89,37,2,5,40.0,3,5,60.0,0,0,,0,0.0,0.0,0.0,0,2,0,0,3,Matchs
72,Xander Blomme,be BEL,MT,Go Ahead Eag,20,2002,4.2,136,176,77.3,2256,767,57,73,78.1,65,74,87.8,8,16,50.0,0,0.5,0.2,-0.5,2,14,2,0,12,Matchs
73,Paweł Bochniewicz,pl POL,DF,Heerenveen,26,1996,32.3,1521,1831,83.1,27842,11267,595,674,88.3,745,859,86.7,152,246,61.8,1,0.6,1.1,#ERROR!,7,119,7,0,106,Matchs
74,Jan de Boer,nl NED,GB,Groningen,22,2000,2.5,27,84,32.1,1018,923,6,6,100.0,7,8,87.5,14,69,20.3,0,0.0,0.0,0.0,0,1,0,0,0,Matchs
75,Tom Boere,nl NED,AT,Cambuur,29,1992,6.8,90,144,62.5,1183,212,52,75,69.3,29,45,64.4,1,3,33.3,1,1.4,0.6,-0.4,8,7,4,0,9,Matchs
Clt,Joueur,Nation,Pos,Équipe,Âge,Naissance,90,Cmp,Att,Cmp%,TotDist,DistBut,Cmp,Att,Cmp%,Cmp,Att,Cmp%,Cmp,Att,Cmp%,PD,xAG,xA,A-xAG,PC,1/3,PPA,CntSR,PrgP,Matchs
76,Taylor Booth,us USA,"AT,MT",Utrecht,21,2001,17.3,487,685,71.1,8089,2207,229,268,85.4,183,245,74.7,49,115,42.6,4,3.2,3.6,#ERROR!,30,36,25,16,58,Matchs
77,Olivier Boscagli,fr FRA,DF,PSV Eindhoven,24,1997,2.4,139,165,84.2,2977,1083,46,50,92.0,68,72,94.4,22,40,55.0,1,0.4,0.1,#ERROR!,1,13,3,1,16,Matchs
78,Mohamed Bouchouari,be BEL,DF,Emmen,21,2000,19.3,671,979,68.5,10470,3872,364,438,83.1,239,350,68.3,42,130,32.3,1,2.6,3.2,-1.6,14,37,23,9,61,Matchs
79,Othman Boussaid,be BEL,"AT,MT",Utrecht,22,2000,23.2,761,1033,73.7,13826,4167,328,390,84.1,315,397,79.3,91,175,52.0,5,3.6,5.1,#ERROR!,34,76,45,19,109,Matchs
80,Can Bozdogan,de GER,MT,Utrecht,21,2001,17.3,659,835,78.9,11325,2728,291,333,87.4,272,313,86.9,66,134,49.3,5,3.5,3.4,#ERROR!,20,57,7,0,58,Matchs
81,Wout Brama,nl NED,MT,Twente,35,1986,2.3,127,153,83.0,1953,558,69,75,92.0,46,56,82.1,8,13,61.5,0,0.0,0.1,0.0,1,13,1,0,17,Matchs
82,Mattijs Branderhorst,nl NED,GB,NEC Nijmegen,28,1993,2.0,35,63,55.6,1208,1002,6,6,100.0,10,10,100.0,19,47,40.4,0,0.0,0.0,0.0,0,0,0,0,0,Matchs
83,Jarrad Branthwaite,eng ENG,DF,PSV Eindhoven,20,2002,22.1,1126,1295,86.9,21506,8857,409,457,89.5,592,657,90.1,109,153,71.2,1,1.3,0.8,-0.3,7,79,8,0,80,Matchs
84,Myron van Brederode,nl NED,AT,AZ Alkmaar,19,2003,13.3,414,522,79.3,5932,1623,236,259,91.1,134,169,79.3,20,44,45.5,1,3.1,4.6,-2.1,26,22,34,3,80,Matchs
85,Michael Breij,nl NED,"AT,MT",Cambuur,25,1997,16.2,328,456,71.9,5337,1420,173,216,80.1,118,152,77.6,29,61,47.5,2,1.8,1.5,#ERROR!,20,27,14,7,50,Matchs
86,Joshua Brenet,nl NED,DF,Twente,28,1994,27.9,1193,1550,77.0,18442,6828,671,785,85.5,409,523,78.2,81,161,50.3,4,4.4,5.1,-0.4,44,88,41,10,138,Matchs
87,Brian Brobbey,nl NED,AT,Ajax,20,2002,18.3,259,339,76.4,3059,334,160,201,79.6,62,77,80.5,4,6,66.7,3,3.4,3.1,-0.4,23,9,3,0,12,Matchs
88,Ilias Bronkhorst,nl NED,"AT,DF",NEC Nijmegen,25,1997,0.6,11,18,61.1,158,74,7,8,87.5,3,7,42.9,1,2,50.0,0,0.0,0.0,0.0,0,0,0,0,2,Matchs
89,Patrick Brouwer,nl NED,"AT,MT",Sparta R'dam,21,2001,0.0,0,1,0.0,0,0,0,1,0.0,0,0,,0,0,,0,0.0,0.0,0.0,0,0,0,0,0,Matchs
90,Luuk Brouwers,nl NED,MT,Utrecht,24,1998,18.0,704,829,84.9,12722,3930,291,335,86.9,309,346,89.3,87,110,79.1,1,1.5,1.5,-0.5,10,82,11,4,87,Matchs
91,Jordy Bruijn,nl NED,"MT,AT",NEC Nijmegen,26,1996,6.4,200,246,81.3,3347,1102,100,110,90.9,77,86,89.5,16,29,55.2,1,0.9,1.3,#ERROR!,7,27,5,2,36,Matchs
92,Jeffrey Bruma,nl NED,DF,Heerenveen,30,1991,7.3,326,367,88.8,6473,2512,98,105,93.3,190,200,95.0,36,56,64.3,0,0.4,0.5,-0.4,3,20,3,0,27,Matchs
93,Max Bruns,nl NED,"DF,MT",Twente,19,2002,4.8,216,255,84.7,4290,1487,57,67,85.1,134,147,91.2,23,30,76.7,0,0.0,0.1,0.0,0,15,1,0,23,Matchs
94,Charles-Andréas Brym,ca CAN,"AT,DF",Sparta R'dam,23,1998,0.1,2,4,50.0,32,2,0,1,0.0,2,3,66.7,0,0,,0,0.0,0.0,0.0,0,0,0,0,0,Matchs
95,Thomas Buitink,nl NED,"AT,DF",Vitesse,22,2000,1.4,12,21,57.1,238,86,5,7,71.4,3,5,60.0,3,8,37.5,0,0.4,0.1,-0.4,3,3,1,0,6,Matchs
96,Thomas Buitink,nl NED,"AT,MT",Fortuna Sittard,22,2000,4.1,65,100,65.0,1001,275,31,35,88.6,15,28,53.6,8,19,42.1,0,0.1,0.1,-0.1,2,7,2,2,6,Matchs
97,Ezequiel Bullaude,ar ARG,"MT,AT",Feyenoord,21,2000,1.7,56,62,90.3,722,144,37,38,97.4,10,11,90.9,4,4,100.0,1,0.3,0.2,#ERROR!,5,6,2,0,6,Matchs
98,Lorenzo Burnet,nl NED,DF,Emmen,31,1991,14.7,503,645,78.0,7837,2931,282,312,90.4,172,213,80.8,37,80,46.3,0,0.4,0.8,-0.4,5,26,12,6,41,Matchs
99,Oskar Buur,dk DEN,"DF,MT",Volendam,24,1998,9.1,181,275,65.8,2725,1136,93,114,81.6,59,85,69.4,15,42,35.7,0,0.5,0.5,-0.5,7,12,4,2,15,Matchs
100,Zico Buurmeester,nl NED,MT,AZ Alkmaar,20,2002,0.7,34,41,82.9,473,210,17,19,89.5,13,14,92.9,1,4,25.0,0,0.0,0.0,0.0,0,5,0,0,2,Matchs
Clt,Joueur,Nation,Pos,Équipe,Âge,Naissance,90,Cmp,Att,Cmp%,TotDist,DistBut,Cmp,Att,Cmp%,Cmp,Att,Cmp%,Cmp,Att,Cmp%,PD,xAG,xA,A-xAG,PC,1/3,PPA,CntSR,PrgP,Matchs
101,Gianmarco Cangiano,it ITA,"MT,AT",Fortuna Sittard,20,2001,0.6,19,25,76.0,215,12,11,13,84.6,6,8,75.0,0,0,,0,0.0,0.0,0.0,1,0,0,0,0,Matchs
102,Joel Castro Pereira,pt POR,GB,RKC Waalwijk,26,1996,2.0,58,78,74.4,1428,891,16,16,100.0,26,26,100.0,15,35,42.9,0,0.0,0.0,0.0,0,0,0,0,0,Matchs
103,Václav Černý,cz CZE,AT,Twente,24,1997,26.5,981,1396,70.3,17515,4824,455,560,81.3,374,496,75.4,114,222,51.4,11,11.7,10.6,-0.7,78,72,76,17,152,Matchs
104,Matěj Chaluš,cz CZE,DF,Groningen,24,1998,4.4,197,264,74.6,3938,1356,50,61,82.0,127,149,85.2,19,48,39.6,0,0.1,0.1,-0.1,3,13,0,0,18,Matchs
105,Jasper Cillessen,nl NED,GB,NEC Nijmegen,33,1989,32.0,747,1129,66.2,22052,17488,165,168,98.2,296,303,97.7,285,650,43.8,0,0.0,0.1,0.0,0,17,0,0,2,Matchs
106,Ibrahim Cissoko,nl NED,AT,NEC Nijmegen,19,2003,9.5,209,295,70.8,2770,903,130,151,86.1,68,96,70.8,4,17,23.5,0,2.3,2.9,-2.3,14,15,12,4,33,Matchs
107,Jordy Clasie,nl NED,MT,AZ Alkmaar,31,1991,32.2,1800,2068,87.0,32730,10064,802,880,91.1,733,806,90.9,226,305,74.1,2,1.9,3.7,#ERROR!,34,256,32,3,245,Matchs
108,Pelle Clement,nl NED,MT,RKC Waalwijk,26,1996,26.3,778,1009,77.1,11258,3490,441,517,85.3,256,332,77.1,40,66,60.6,2,3.5,3.7,-1.5,32,59,33,6,121,Matchs
109,Denilho Cleonise,nl NED,AT,Twente,20,2001,2.7,57,70,81.4,718,110,38,40,95.0,14,18,77.8,1,3,33.3,1,0.4,0.3,#ERROR!,5,1,5,0,8,Matchs
110,Antoine Colassin,be BEL,"AT,MT",Heerenveen,21,2001,8.3,191,282,67.7,2771,803,125,154,81.2,52,80,65.0,11,28,39.3,0,1.0,1.8,-1.0,11,21,11,3,29,Matchs
111,Francisco Conceição,pt POR,"AT,MT",Ajax,19,2002,5.8,199,258,77.1,2956,774,114,137,83.2,69,83,83.1,10,17,58.8,3,2.0,1.4,#ERROR!,12,7,22,1,37,Matchs
112,Iñigo Córdoba,es ESP,"AT,MT",Fortuna Sittard,25,1997,25.4,585,869,67.3,8510,2606,350,438,79.9,181,271,66.8,32,82,39.0,4,2.6,2.4,#ERROR!,25,51,18,10,77,Matchs
113,Enzo Cornelisse,nl NED,DF,Vitesse,19,2003,14.9,563,691,81.5,10536,3223,219,249,88.0,278,312,89.1,61,114,53.5,0,0.2,0.4,-0.2,2,49,1,0,49,Matchs
114,George Cox,eng ENG,DF,Fortuna Sittard,24,1998,23.9,713,1039,68.6,14525,5890,249,284,87.7,343,438,78.3,114,259,44.0,1,1.4,1.8,-0.4,20,59,8,6,61,Matchs
115,Vito van Crooy,nl NED,AT,Sparta R'dam,26,1996,31.7,810,1259,64.3,15512,4899,323,400,80.8,335,481,69.6,130,290,44.8,11,7.8,7.4,#ERROR!,79,59,33,16,81,Matchs
116,Lennerd Daneels,be BEL,AT,RKC Waalwijk,24,1998,2.0,32,50,64.0,466,110,17,22,77.3,10,15,66.7,2,7,28.6,0,0.7,0.4,-0.7,4,1,3,1,4,Matchs
117,Danilo,br BRA,AT,Feyenoord,23,1999,14.8,271,361,75.1,3290,486,165,202,81.7,68,83,81.9,7,12,58.3,3,1.5,1.2,#ERROR!,22,12,3,0,22,Matchs
118,Damil Dankerlui,sr SUR,DF,Groningen,25,1996,8.7,276,404,68.3,4530,1887,141,167,84.4,94,134,70.1,30,71,42.3,1,1.0,1.1,0.0,8,25,7,4,36,Matchs
119,Oussama Darfalou,dz ALG,"AT,MT",Emmen,28,1993,1.9,34,49,69.4,329,48,25,31,80.6,3,7,42.9,1,2,50.0,0,0.1,0.2,-0.1,3,0,2,0,2,Matchs
120,Jeffrey De Lange,nl NED,GB,Go Ahead Eag,24,1998,34.0,903,1257,71.8,26369,20494,190,192,99.0,382,387,98.7,329,672,49.0,0,0.0,0.1,0.0,1,30,0,0,0,Matchs
121,Mats Deijl,nl NED,DF,Go Ahead Eag,25,1997,31.2,1107,1559,71.0,20177,8491,480,546,87.9,463,643,72.0,135,280,48.2,2,1.9,2.5,#ERROR!,21,87,30,13,119,Matchs
122,Maxim Dekker,nl NED,DF,AZ Alkmaar,18,2004,9.4,440,508,86.6,8212,2521,161,179,89.9,226,243,93.0,41,69,59.4,0,0.0,0.2,0.0,1,32,2,0,39,Matchs
123,Mickey van der Hart,nl NED,GB,Emmen,28,1994,25.0,577,885,65.2,15806,11847,146,148,98.6,242,248,97.6,189,487,38.8,0,0.0,0.0,0.0,0,8,0,0,0,Matchs
124,Mike van der Hoorn,nl NED,DF,Utrecht,29,1992,23.2,1105,1352,81.7,23180,9374,314,356,88.2,618,703,87.9,161,263,61.2,1,1.2,1.5,-0.2,10,106,9,1,100,Matchs
125,Djevencio van der Kust,sr SUR,DF,Utrecht,21,2001,6.4,207,269,77.0,3528,996,95,111,85.6,95,123,77.2,14,25,56.0,0,1.0,1.2,-1.0,8,13,7,5,14,Matchs
Clt,Joueur,Nation,Pos,Équipe,Âge,Naissance,90,Cmp,Att,Cmp%,TotDist,DistBut,Cmp,Att,Cmp%,Cmp,Att,Cmp%,Cmp,Att,Cmp%,PD,xAG,xA,A-xAG,PC,1/3,PPA,CntSR,PrgP,Matchs
126,Mark van der Maarel,nl NED,DF,Utrecht,32,1989,24.3,986,1234,79.9,18731,7881,402,447,89.9,449,566,79.3,126,181,69.6,0,1.1,1.9,-1.1,8,72,11,2,85,Matchs
127,Silvester van der Water,nl NED,"AT,MT",Cambuur,25,1996,13.2,206,372,55.4,4109,1261,86,117,73.5,67,116,57.8,42,111,37.8,0,1.8,2.0,-1.8,19,24,17,9,29,Matchs
128,Anthony Descotte,be BEL,"AT,MT",Utrecht,18,2003,1.2,12,16,75.0,141,14,9,9,100.0,3,5,60.0,0,1,0.0,0,0.0,0.0,0.0,0,0,0,0,1,Matchs
129,Mark Diemers,nl NED,"MT,AT",Emmen,28,1993,30.2,1240,1659,74.7,20642,5808,643,721,89.2,412,512,80.5,129,308,41.9,5,6.1,7.0,-1.1,56,131,44,11,160,Matchs
130,Mitchell Dijks,nl NED,DF,Vitesse,29,1993,3.3,114,149,76.5,1913,1008,50,57,87.7,52,66,78.8,7,17,41.2,0,0.2,0.3,-0.2,3,10,3,3,10,Matchs
131,Javairô Dilrosun,nl NED,"AT,MT",Feyenoord,24,1998,20.9,615,775,79.4,9118,1944,347,398,87.2,200,245,81.6,36,76,47.4,5,4.0,4.2,#ERROR!,40,28,44,11,73,Matchs
132,Landry Dimata,be BEL,AT,NEC Nijmegen,24,1997,24.4,318,413,77.0,4094,651,188,232,81.0,91,117,77.8,11,13,84.6,2,1.4,1.6,#ERROR!,22,17,7,1,31,Matchs
133,Julius Dirksen,nl NED,DF,Emmen,19,2003,15.6,680,878,77.4,11839,3826,301,348,86.5,303,376,80.6,63,123,51.2,0,1.1,0.8,-1.1,12,52,8,5,40,Matchs
134,Toni Domgjoni,xk KVX,MT,Vitesse,23,1998,3.3,70,98,71.4,1127,270,38,48,79.2,25,36,69.4,5,8,62.5,0,0.3,0.8,-0.3,2,9,3,0,10,Matchs
135,Jacky Donkor,be BEL,"AT,MT",Excelsior,23,1998,0.7,21,37,56.8,357,140,8,11,72.7,10,18,55.6,2,4,50.0,0,0.1,0.1,-0.1,1,2,2,1,4,Matchs
136,Bas Dost,nl NED,AT,Utrecht,33,1989,15.0,280,428,65.4,3741,1015,163,238,68.5,87,134,64.9,9,16,56.3,2,1.9,2.6,#ERROR!,19,42,7,0,48,Matchs
137,Achraf Douiri,nl NED,"DF,AT",Volendam,22,1999,4.2,121,167,72.5,2113,492,60,68,88.2,44,54,81.5,16,33,48.5,0,0.0,0.1,0.0,1,7,1,1,9,Matchs
138,Anastasios Douvikas,gr GRE,AT,Utrecht,22,1999,23.8,291,441,66.0,4047,573,159,213,74.6,93,134,69.4,14,25,56.0,4,3.8,2.5,#ERROR!,20,21,11,2,29,Matchs
139,Couhaib Driouech,ma MAR,"AT,MT",Excelsior,20,2002,26.0,502,715,70.2,7999,2028,269,332,81.0,172,227,75.8,44,98,44.9,3,2.5,3.3,#ERROR!,25,32,27,9,59,Matchs
140,Joel Drommel,nl NED,GB,PSV Eindhoven,25,1996,4.0,68,106,64.2,2499,2076,9,9,100.0,27,27,100.0,31,68,45.6,0,0.0,0.0,0.0,1,7,0,0,0,Matchs
141,Deroy Duarte,cv CPV,MT,Fortuna Sittard,23,1999,15.9,388,508,76.4,6713,1965,176,206,85.4,157,197,79.7,39,72,54.2,1,0.9,1.0,#ERROR!,12,51,4,0,53,Matchs
142,Laros Duarte,cv CPV,MT,Groningen,25,1997,20.0,618,771,80.2,11212,3452,282,307,91.9,236,273,86.4,78,135,57.8,1,1.3,1.6,-0.3,20,71,14,1,86,Matchs
143,Mikkel Duelund,dk DEN,"MT,AT",NEC Nijmegen,25,1997,10.3,236,316,74.7,3588,866,127,154,82.5,83,94,88.3,15,24,62.5,2,1.2,1.1,#ERROR!,11,24,8,1,35,Matchs
144,Billy van Duijl,nl NED,DF,Volendam,16,2005,1.7,65,84,77.4,1476,472,15,17,88.2,36,42,85.7,14,23,60.9,0,0.0,0.0,0.0,1,2,0,0,4,Matchs
145,Mike van Duinen,nl NED,"AT,MT",Excelsior,30,1991,11.1,94,158,59.5,1195,248,65,89,73.0,22,40,55.0,3,6,50.0,0,0.1,0.1,-0.1,2,10,2,0,10,Matchs
146,Jorge Eduardo Sánchez,mx MEX,DF,Ajax,24,1997,12.3,607,736,82.5,9691,2831,313,349,89.7,250,289,86.5,32,59,54.2,3,2.1,2.5,#ERROR!,11,50,11,2,61,Matchs
147,Oliver Edvardsen,no NOR,"AT,MT",Go Ahead Eag,23,1999,22.6,400,588,68.0,5561,1640,237,293,80.9,121,170,71.2,19,66,28.8,1,1.7,2.0,-0.7,17,23,17,2,44,Matchs
148,Mike Eerdhuijzen,nl NED,DF,Sparta R'dam,22,2000,13.1,774,893,86.7,16528,5119,208,227,91.6,449,483,93.0,111,164,67.7,1,0.7,0.5,#ERROR!,6,47,3,0,46,Matchs
149,Joshua Eijgenraam,nl NED,MT,Excelsior,21,2001,6.6,157,208,75.5,2756,874,68,86,79.1,70,85,82.4,14,22,63.6,0,0.0,0.1,0.0,1,17,0,0,14,Matchs
150,Carel Eiting,nl NED,MT,Volendam,24,1998,33.7,819,1241,66.0,13435,5296,415,519,80.0,262,370,70.8,97,249,39.0,10,9.9,9.0,#ERROR!,87,88,32,4,130,Matchs
Clt,Joueur,Nation,Pos,Équipe,Âge,Naissance,90,Cmp,Att,Cmp%,TotDist,DistBut,Cmp,Att,Cmp%,Cmp,Att,Cmp%,Cmp,Att,Cmp%,PD,xAG,xA,A-xAG,PC,1/3,PPA,CntSR,PrgP,Matchs
151,Úmaro Embaló,pt POR,"AT,MT",Fortuna Sittard,21,2001,16.3,247,384,64.3,3997,919,125,163,76.7,86,132,65.2,21,49,42.9,3,2.1,2.6,#ERROR!,18,21,11,6,26,Matchs
152,Mario Engels,de GER,"AT,DF",Sparta R'dam,28,1993,0.6,10,14,71.4,114,26,7,9,77.8,2,3,66.7,0,1,0.0,1,0.3,0.3,#ERROR!,2,0,1,1,0,Matchs
153,Doğan Erdoğan,tr TUR,"MT,DF",Fortuna Sittard,25,1996,18.8,599,803,74.6,11156,4188,266,316,84.2,230,301,76.4,85,145,58.6,0,0.7,1.2,-0.7,11,67,12,3,83,Matchs
154,Luca Everink,nl NED,"DF,AT",Twente,21,2001,0.6,24,35,68.6,397,69,12,16,75.0,11,14,78.6,1,4,25.0,0,0.0,0.0,0.0,1,2,0,0,0,Matchs
155,Håkon Evjen,no NOR,AT,AZ Alkmaar,22,2000,5.7,167,208,80.3,2561,490,93,106,87.7,55,65,84.6,11,22,50.0,1,1.2,1.5,-0.2,11,9,10,3,18,Matchs
156,Milan van Ewijk,nl NED,DF,Heerenveen,21,2000,34.0,1123,1556,72.2,20628,7292,510,604,84.4,456,607,75.1,140,263,53.2,1,1.8,2.4,-0.8,21,76,29,16,71,Matchs
157,Raphaël Eyongo,nl NED,"AT,MT",Excelsior,19,2003,0.9,9,17,52.9,131,28,4,9,44.4,5,7,71.4,0,0,,0,0.0,0.0,0.0,0,1,0,0,1,Matchs
158,Andri Fannar Baldursson,is ISL,MT,NEC Nijmegen,20,2002,2.4,81,103,78.6,1431,469,33,41,80.5,35,44,79.5,9,11,81.8,0,0.0,0.0,0.0,1,9,1,0,9,Matchs
159,Adrian Fein,de GER,MT,Excelsior,23,1999,8.1,257,318,80.8,4253,1385,124,143,86.7,112,129,86.8,17,30,56.7,0,0.4,0.6,-0.4,5,31,7,2,48,Matchs
160,Kevin Felida,cw CUW,MT,RKC Waalwijk,22,1999,0.8,32,38,84.2,485,150,20,21,95.2,7,10,70.0,4,4,100.0,0,0.0,0.0,0.0,0,3,0,0,5,Matchs
161,Arianit Ferati,xk KVX,MT,Fortuna Sittard,24,1997,16.4,566,718,78.8,11033,3536,235,276,85.1,213,259,82.2,102,148,68.9,1,1.5,1.6,-0.5,15,87,17,2,98,Matchs
162,Derensili Fernandes,nl NED,"AT,DF",Utrecht,21,2001,0.5,21,31,67.7,369,40,12,15,80.0,6,10,60.0,3,5,60.0,0,0.0,0.0,0.0,0,2,0,0,3,Matchs
163,Rashaan Fernandes,nl NED,"MT,AT",Go Ahead Eag,23,1998,8.0,212,293,72.4,3062,1078,127,156,81.4,57,79,72.2,16,30,53.3,1,1.3,1.6,-0.3,15,24,10,4,42,Matchs
164,Kian Fitz-Jim,nl NED,"MT,DF",Ajax,19,2003,0.2,18,19,94.7,321,85,9,10,90.0,7,7,100.0,2,2,100.0,0,0.0,0.0,0.0,0,2,0,0,2,Matchs
165,Ryan Flamingo,nl NED,"DF,MT",Vitesse,19,2002,29.8,1102,1400,78.7,20986,7879,424,490,86.5,526,627,83.9,132,238,55.5,1,0.9,1.1,#ERROR!,16,133,8,0,117,Matchs
166,Josh Flint,eng ENG,DF,Volendam,21,2000,7.8,195,285,68.4,3287,1558,108,125,86.4,66,100,66.0,18,52,34.6,1,1.1,0.8,-0.1,3,23,3,0,22,Matchs
167,Fodé Fofana,nl NED,AT,PSV Eindhoven,19,2002,0.2,2,4,50.0,23,6,2,3,66.7,0,0,,0,1,0.0,0,0.0,0.0,0.0,0,1,0,0,0,Matchs
168,José Fontán,es ESP,DF,Go Ahead Eag,22,2000,12.3,442,603,73.3,8389,3671,148,169,87.6,234,287,81.5,50,116,43.1,3,1.1,0.9,#ERROR!,10,32,10,5,46,Matchs
169,Navarone Foor,nl NED,"MT,AT",Cambuur,30,1992,13.8,377,561,67.2,6251,2484,193,245,78.8,130,181,71.8,40,91,44.0,3,2.6,2.8,#ERROR!,23,49,17,7,64,Matchs
170,Juriën Gaari,cw CUW,DF,RKC Waalwijk,28,1993,32.4,1382,1645,84.0,27330,9992,468,516,90.7,723,803,90.0,176,261,67.4,0,0.3,0.9,-0.3,11,111,7,1,124,Matchs
171,Cody Gakpo,nl NED,AT,PSV Eindhoven,23,1999,12.5,341,510,66.9,5767,2278,168,207,81.2,104,147,70.7,51,116,44.0,12,6.8,7.2,#ERROR!,59,26,31,16,50,Matchs
172,Stijn van Gassel,nl NED,GB,Excelsior,25,1996,33.7,802,1265,63.4,26443,20594,121,122,99.2,316,325,97.2,363,811,44.8,0,0.0,0.1,0.0,0,26,0,0,0,Matchs
173,Lutsharel Geertruida,nl NED,"DF,MT",Feyenoord,22,2000,28.6,1844,2043,90.3,32210,9930,746,802,93.0,948,1012,93.7,122,172,70.9,2,2.4,2.5,-0.4,25,183,14,5,211,Matchs
174,Liam van Gelderen,nl NED,"DF,MT",Groningen,21,2001,11.9,410,548,74.8,6484,1842,200,239,83.7,177,213,83.1,19,59,32.2,0,0.7,1.1,-0.7,10,27,9,4,37,Matchs
175,Anwar El Ghazi,nl NED,AT,PSV Eindhoven,27,1995,13.1,330,496,66.5,5010,1423,187,231,81.0,96,136,70.6,28,64,43.8,0,2.6,2.3,-2.6,13,22,15,4,43,Matchs
Clt,Joueur,Nation,Pos,Équipe,Âge,Naissance,90,Cmp,Att,Cmp%,TotDist,DistBut,Cmp,Att,Cmp%,Cmp,Att,Cmp%,Cmp,Att,Cmp%,PD,xAG,xA,A-xAG,PC,1/3,PPA,CntSR,PrgP,Matchs
176,Santiago Giménez,mx MEX,AT,Feyenoord,21,2001,21.4,208,297,70.0,2707,466,133,175,76.0,52,74,70.3,7,14,50.0,2,2.1,2.8,-0.1,20,6,11,0,28,Matchs
177,Marco van Ginkel,nl NED,MT,Vitesse,29,1992,11.9,367,478,76.8,5882,1599,191,233,82.0,134,168,79.8,26,35,74.3,2,0.5,0.9,#ERROR!,10,32,6,0,53,Matchs
178,Marco van Ginkel,nl NED,DF,PSV Eindhoven,29,1992,0.1,2,2,100.0,13,8,2,2,100.0,0,0,,0,0,,0,0.0,0.0,0.0,0,0,0,0,0,Matchs
179,Paul Gladon,nl NED,"AT,MT",Fortuna Sittard,30,1992,15.4,213,395,53.9,2707,692,119,205,58.0,65,112,58.0,4,15,26.7,0,0.7,0.9,-0.7,11,26,7,1,31,Matchs
180,Mika Godts,be BEL,AT,Ajax,17,2005,0.2,13,16,81.3,167,26,10,10,100.0,3,4,75.0,0,1,0.0,1,0.1,0.5,#ERROR!,1,1,1,0,1,Matchs
181,Wouter Goes,nl NED,DF,AZ Alkmaar,18,2004,7.3,419,486,86.2,8188,2882,129,139,92.8,242,265,91.3,42,72,58.3,0,0.7,0.9,-0.7,3,34,0,0,33,Matchs
182,Kenzo Goudmijn,nl NED,MT,Excelsior,20,2001,31.2,823,1098,75.0,14883,4652,347,435,79.8,350,431,81.2,95,149,63.8,2,2.5,3.8,-0.5,30,118,30,6,165,Matchs
183,Florian Grillitsch,at AUT,"MT,DF",Ajax,26,1995,4.7,428,475,90.1,7571,1827,188,203,92.6,186,200,93.0,45,56,80.4,0,0.1,0.5,-0.1,3,49,7,0,35,Matchs
184,Metehan Güçlü,tr TUR,AT,Emmen,23,1999,0.1,2,2,100.0,14,0,2,2,100.0,0,0,,0,0,,0,0.0,0.0,0.0,0,0,0,0,0,Matchs
185,Rodrigo Guth,br BRA,DF,Fortuna Sittard,21,2000,33.4,1203,1466,82.1,26133,8745,279,313,89.1,747,812,92.0,168,301,55.8,0,0.6,1.0,-0.6,6,60,5,1,66,Matchs
186,Erick Gutiérrez,mx MEX,MT,PSV Eindhoven,27,1995,16.2,843,985,85.6,14665,4148,385,421,91.4,353,398,88.7,79,113,69.9,2,1.4,1.8,#ERROR!,11,92,7,0,94,Matchs
187,Jonathan de Guzmán,nl NED,MT,Sparta R'dam,34,1987,15.5,584,734,79.6,10208,3122,283,320,88.4,220,264,83.3,66,102,64.7,1,0.8,0.9,#ERROR!,15,64,9,1,77,Matchs
188,Tomáš Hájek,,"DF,AT",Vitesse,30,1991,1.9,76,98,77.6,1517,528,23,28,82.1,46,55,83.6,6,11,54.5,0,0.1,0.4,-0.1,1,3,0,0,7,Matchs
189,Rami Al Hajj,se SWE,"MT,AT",Heerenveen,20,2001,7.6,302,360,83.9,4406,1048,179,192,93.2,98,108,90.7,17,29,58.6,1,0.9,1.3,#ERROR!,16,29,15,3,40,Matchs
190,Tibor Halilović,hr CRO,MT,Heerenveen,27,1995,7.6,293,359,81.6,4958,1290,143,164,87.2,121,140,86.4,22,33,66.7,0,0.3,1.0,-0.3,6,33,12,0,42,Matchs
191,Dávid Hancko,sk SVK,DF,Feyenoord,24,1997,30.5,1986,2282,87.0,38119,13910,708,751,94.3,1056,1148,92.0,200,334,59.9,4,2.3,2.2,#ERROR!,19,249,11,2,227,Matchs
192,Jeff Hardeveld,nl NED,DF,Emmen,27,1995,3.9,171,224,76.3,3289,1443,76,84,90.5,68,82,82.9,25,51,49.0,0,0.3,0.8,-0.3,2,12,6,4,14,Matchs
193,Quilindschy Hartman,nl NED,DF,Feyenoord,20,2001,18.5,931,1193,78.0,15067,4649,472,540,87.4,374,466,80.3,65,116,56.0,4,2.0,2.3,#ERROR!,19,71,29,9,106,Matchs
194,Jorrel Hato,nl NED,DF,Ajax,16,2006,6.8,489,544,89.9,8326,2739,212,228,93.0,238,256,93.0,30,42,71.4,0,0.8,0.6,-0.8,7,48,5,2,47,Matchs
195,Pantelis Hatzidiakos,gr GRE,DF,AZ Alkmaar,25,1997,30.9,1674,1972,84.9,31514,11796,647,705,91.8,809,888,91.1,187,304,61.5,4,1.7,2.2,#ERROR!,18,146,16,4,153,Matchs
196,Thom Haye,id IDN,MT,Heerenveen,27,1995,30.2,1532,1999,76.6,32434,11402,542,614,88.3,654,797,82.1,307,494,62.1,3,4.3,4.9,-1.3,48,245,34,8,236,Matchs
197,Thorgan Hazard,be BEL,"AT,MT",PSV Eindhoven,29,1993,2.7,112,141,79.4,1552,396,64,72,88.9,37,46,80.4,3,6,50.0,0,0.9,0.6,-0.9,7,8,2,1,7,Matchs
198,Ramon Hendriks,nl NED,DF,Utrecht,21,2001,3.3,122,169,72.2,2267,811,52,62,83.9,49,72,68.1,16,25,64.0,0,0.0,0.3,0.0,0,2,1,0,6,Matchs
199,Sam Hendriks,nl NED,MT,Cambuur,27,1995,0.1,0,1,0.0,0,0,0,0,,0,0,,0,1,0.0,0,0.0,0.0,0.0,0,0,0,0,0,Matchs
200,Michaël Heylen,be BEL,"DF,MT",Emmen,28,1994,3.7,152,207,73.4,3239,1293,49,62,79.0,73,88,83.0,28,53,52.8,0,0.3,0.0,-0.3,2,20,0,0,14,Matchs
Clt,Joueur,Nation,Pos,Équipe,Âge,Naissance,90,Cmp,Att,Cmp%,TotDist,DistBut,Cmp,Att,Cmp%,Cmp,Att,Cmp%,Cmp,Att,Cmp%,PD,xAG,xA,A-xAG,PC,1/3,PPA,CntSR,PrgP,Matchs
201,Mees Hilgers,nl NED,DF,Twente,21,2001,22.6,1183,1365,86.7,23981,6645,327,355,92.1,704,744,94.6,136,225,60.4,0,0.2,0.4,-0.2,5,113,2,0,110,Matchs
202,Mees Hoedemakers,nl NED,MT,Cambuur,24,1998,24.0,917,1166,78.6,17388,4927,375,432,86.8,394,457,86.2,123,195,63.1,0,1.7,1.6,-1.7,22,123,8,2,149,Matchs
203,Danny Hoesen,nl NED,AT,Emmen,31,1991,1.2,7,11,63.6,91,3,6,7,85.7,0,0,,1,4,25.0,0,0.0,0.1,0.0,0,0,0,0,0,Matchs
204,Ki-Jana Hoever,nl NED,DF,PSV Eindhoven,20,2002,2.3,141,172,82.0,2412,794,72,78,92.3,53,63,84.1,15,19,78.9,2,1.2,1.4,#ERROR!,5,17,4,3,17,Matchs
205,Elias Hoff Melkersen,no NOR,AT,Sparta R'dam,19,2002,0.1,3,6,50.0,65,34,0,2,0.0,3,3,100.0,0,0,,0,0.0,0.0,0.0,0,0,1,0,1,Matchs
206,Sydney van Hooijdonk,nl NED,AT,Heerenveen,22,2000,28.9,418,606,69.0,6365,1111,220,304,72.4,151,201,75.1,26,32,81.3,1,1.4,1.9,-0.4,16,19,13,2,44,Matchs
207,Siebe Horemans,be BEL,DF,Excelsior,24,1998,32.4,1167,1616,72.2,22845,10165,467,582,80.2,497,634,78.4,187,317,59.0,1,2.2,2.3,-1.2,21,109,20,8,130,Matchs
208,Jeroen Houwen,nl NED,GB,Vitesse,26,1996,2.2,56,77,72.7,1136,811,23,23,100.0,24,25,96.0,9,28,32.1,0,0.0,0.0,0.0,0,1,0,0,0,Matchs
209,Johan Hove,no NOR,MT,Groningen,21,2000,16.3,510,743,68.6,9515,2858,203,271,74.9,210,267,78.7,76,142,53.5,2,2.1,2.2,-0.1,23,69,17,5,77,Matchs
210,Daan Huisman,nl NED,MT,Vitesse,20,2002,0.4,9,11,81.8,128,45,4,5,80.0,3,4,75.0,1,1,100.0,0,0.0,0.0,0.0,0,0,0,0,1,Matchs
211,Oussama Idrissi,ma MAR,AT,Feyenoord,26,1996,15.9,717,888,80.7,12222,2312,367,422,87.0,263,312,84.3,73,106,68.9,6,3.4,5.1,#ERROR!,42,24,46,7,84,Matchs
212,Jay Idzes,id IDN,"DF,MT",Go Ahead Eag,22,2000,31.7,1270,1507,84.3,23699,8250,485,543,89.3,666,735,90.6,109,198,55.1,0,0.2,0.6,-0.2,5,78,5,0,73,Matchs
213,Daleho Irandust,sy SYR,"AT,MT",Groningen,24,1998,8.3,176,255,69.0,2881,786,84,102,82.4,63,82,76.8,15,32,46.9,4,1.2,1.2,#ERROR!,12,10,11,0,24,Matchs
214,Nicolas Isimat-Mirin,fr FRA,DF,Vitesse,30,1991,12.7,528,626,84.3,10053,3635,187,193,96.9,289,334,86.5,49,80,61.3,1,0.2,0.3,#ERROR!,2,17,0,0,41,Matchs
215,Jamie Jacobs,nl NED,MT,Cambuur,24,1997,16.7,319,490,65.1,5376,1584,151,200,75.5,122,179,68.2,34,63,54.0,0,1.5,1.6,-1.5,18,41,9,3,47,Matchs
216,Alireza Jahanbakhsh,ir IRN,AT,Feyenoord,28,1993,13.6,480,696,69.0,7977,2053,256,316,81.0,164,239,68.6,44,82,53.7,7,5.4,4.0,#ERROR!,35,35,36,11,66,Matchs
217,Dean James,nl NED,DF,Volendam,22,2000,4.8,117,160,73.1,1963,689,61,68,89.7,45,58,77.6,10,28,35.7,0,0.1,0.3,-0.1,3,9,3,1,10,Matchs
218,Roel Janssen,nl NED,DF,Fortuna Sittard,32,1990,0.7,13,25,52.0,280,117,4,5,80.0,6,10,60.0,3,8,37.5,0,0.0,0.0,0.0,0,1,1,0,1,Matchs
219,Victor Jensen,dk DEN,"AT,MT",Utrecht,22,2000,5.4,179,230,77.8,2676,467,108,125,86.4,56,65,86.2,11,23,47.8,1,0.2,0.2,#ERROR!,3,11,2,0,19,Matchs
220,Bjørn Johnsen,no NOR,AT,Cambuur,30,1991,9.7,98,181,54.1,1416,348,51,97,52.6,38,57,66.7,4,9,44.4,0,0.6,0.5,-0.6,6,12,2,0,14,Matchs
221,Darius Johnson,gd GRN,"AT,MT",Volendam,22,2000,0.1,4,6,66.7,56,9,2,4,50.0,2,2,100.0,0,0,,0,0.0,0.0,0.0,0,0,0,0,2,Matchs
222,Miliano Jonathans,nl NED,"AT,MT",Vitesse,18,2004,1.5,59,78,75.6,1019,282,26,33,78.8,25,32,78.1,6,10,60.0,0,1.0,0.5,-1.0,10,3,9,5,11,Matchs
223,Fedde de Jong,nl NED,DF,AZ Alkmaar,19,2003,0.8,33,44,75.0,538,116,15,21,71.4,16,18,88.9,2,4,50.0,0,0.0,0.2,0.0,0,3,0,0,3,Matchs
224,Luuk de Jong,nl NED,AT,PSV Eindhoven,31,1990,19.4,350,509,68.8,4864,929,194,265,73.2,119,163,73.0,14,20,70.0,4,2.6,3.2,#ERROR!,20,25,11,0,46,Matchs
225,Patrick Joosten,nl NED,AT,Groningen,26,1996,0.3,3,3,100.0,37,16,2,2,100.0,1,1,100.0,0,0,,0,0.0,0.0,0.0,0,1,0,0,1,Matchs
Clt,Joueur,Nation,Pos,Équipe,Âge,Naissance,90,Cmp,Att,Cmp%,TotDist,DistBut,Cmp,Att,Cmp%,Cmp,Att,Cmp%,Cmp,Att,Cmp%,PD,xAG,xA,A-xAG,PC,1/3,PPA,CntSR,PrgP,Matchs
226,Florian Jozefzoon,sr SUR,"AT,MT",RKC Waalwijk,31,1991,10.4,176,250,70.4,2410,550,119,143,83.2,44,64,68.8,8,18,44.4,3,1.9,2.6,#ERROR!,9,11,7,1,21,Matchs
227,Mauro Júnior,br BRA,"DF,MT",PSV Eindhoven,23,1999,3.0,132,165,80.0,1981,474,74,82,90.2,53,63,84.1,3,11,27.3,0,0.2,0.4,-0.2,2,9,1,1,11,Matchs
228,Daniël van Kaam,nl NED,MT,Cambuur,22,2000,25.6,625,792,78.9,11035,3010,272,318,85.5,266,310,85.8,66,112,58.9,1,2.0,1.7,-1.0,21,71,12,6,92,Matchs
229,Ibrahim El Kadiri,nl NED,"AT,MT",Volendam,20,2002,8.5,211,274,77.0,3233,871,116,133,87.2,72,90,80.0,14,35,40.0,2,2.4,2.9,-0.4,25,12,11,3,31,Matchs
230,Rami Kaib,tn TUN,"DF,AT",Heerenveen,25,1997,6.5,249,388,64.2,3994,1324,126,158,79.7,86,124,69.4,24,63,38.1,0,0.5,0.7,-0.5,5,12,6,4,19,Matchs
231,Yahya Kalley,se SWE,"DF,MT",Groningen,21,2001,1.4,33,53,62.3,646,206,11,16,68.8,18,26,69.2,4,10,40.0,0,0.0,0.0,0.0,1,2,1,0,3,Matchs
232,Daniel Karlsbakk,no NOR,"AT,MT",Heerenveen,19,2003,2.0,22,38,57.9,263,53,15,19,78.9,5,11,45.5,0,0,,0,0.0,0.0,0.0,1,3,1,0,2,Matchs
233,Jesper Karlsson,se SWE,AT,AZ Alkmaar,24,1998,19.7,532,748,71.1,8404,2822,285,322,88.5,166,237,70.0,50,112,44.6,4,4.7,5.3,-0.7,42,34,46,11,114,Matchs
234,Souffian El Karouani,ma MAR,DF,NEC Nijmegen,21,2000,32.1,1153,1567,73.6,17800,5745,619,695,89.1,419,563,74.4,71,182,39.0,1,2.2,3.5,-1.2,24,59,28,19,82,Matchs
235,Neraysho Kasanwirjo,nl NED,"DF,MT",Groningen,20,2002,13.7,497,660,75.3,10872,2999,152,189,80.4,234,271,86.3,102,172,59.3,1,0.6,1.0,#ERROR!,10,47,7,4,53,Matchs
236,Neraysho Kasanwirjo,nl NED,DF,Feyenoord,20,2002,1.6,110,123,89.4,2050,756,39,44,88.6,59,62,95.2,11,11,100.0,0,0.2,0.4,-0.2,4,16,1,1,9,Matchs
237,Fabian de Keijzer,nl NED,GB,Utrecht,22,2000,2.0,27,50,54.0,901,773,7,7,100.0,7,7,100.0,13,36,36.1,0,0.0,0.0,0.0,0,0,0,0,0,Matchs
238,Milos Kerkez,hu HUN,DF,AZ Alkmaar,18,2003,29.7,1270,1592,79.8,20376,5650,619,690,89.7,542,669,81.0,76,137,55.5,1,2.4,4.4,-1.4,31,82,44,17,136,Matchs
239,Reda Kharchouch,nl NED,AT,Excelsior,26,1995,13.7,220,345,63.8,2851,527,136,194,70.1,62,95,65.3,6,15,40.0,1,1.4,1.3,-0.4,13,8,5,0,17,Matchs
240,Maikel Kieftenbeld,nl NED,MT,Emmen,32,1990,1.0,36,46,78.3,592,146,22,23,95.7,12,16,75.0,2,3,66.7,0,0.0,0.0,0.0,0,5,0,0,4,Matchs
241,Joshua Kitolano,no NOR,MT,Sparta R'dam,20,2001,29.5,688,866,79.4,10735,3339,348,414,84.1,268,315,85.1,41,68,60.3,2,0.9,1.3,#ERROR!,16,62,20,2,77,Matchs
242,Mathias Kjølø,no NOR,MT,Twente,21,2001,11.2,452,556,81.3,7788,2066,215,256,84.0,185,213,86.9,38,55,69.1,1,0.5,0.9,#ERROR!,7,58,8,1,62,Matchs
243,Davy Klaassen,nl NED,MT,Ajax,29,1993,22.7,727,879,82.7,10572,2710,404,464,87.1,247,278,88.8,37,54,68.5,3,4.2,4.5,-1.2,22,67,18,2,71,Matchs
244,Sean Klaiber,sr SUR,DF,Utrecht,28,1994,24.8,1233,1608,76.7,20310,8149,627,712,88.1,465,592,78.5,107,218,49.1,4,3.1,4.0,#ERROR!,27,114,43,14,145,Matchs
245,Flip Klomp,nl NED,MT,Volendam,20,2001,0.1,2,4,50.0,16,11,2,2,100.0,0,0,,0,0,,0,0.0,0.0,0.0,0,0,0,0,0,Matchs
246,Ruben Kluivert,nl NED,DF,Utrecht,21,2001,4.8,264,322,82.0,5434,1843,76,84,90.5,154,170,90.6,32,60,53.3,0,0.1,0.1,-0.1,2,9,0,0,14,Matchs
247,Mats Köhlert,de GER,DF,Heerenveen,24,1998,29.9,1436,1727,83.1,21701,6281,777,838,92.7,511,614,83.2,82,165,49.7,3,3.4,4.0,-0.4,45,72,43,24,99,Matchs
248,Orkun Kökçü,tr TUR,MT,Feyenoord,21,2000,30.0,2044,2510,81.4,36150,12660,920,1008,91.3,845,979,86.3,219,393,55.7,2,7.1,8.1,-5.1,89,327,75,18,379,Matchs
249,Peer Koopmeiners,nl NED,"MT,AT",AZ Alkmaar,22,2000,1.1,46,59,78.0,619,231,28,32,87.5,12,14,85.7,2,4,50.0,1,0.2,0.3,#ERROR!,2,4,1,0,6,Matchs
250,Peer Koopmeiners,nl NED,MT,Excelsior,22,2000,16.1,481,612,78.6,8245,2853,207,238,87.0,214,260,82.3,42,73,57.5,0,1.1,1.4,-1.1,10,56,6,2,72,Matchs
Clt,Joueur,Nation,Pos,Équipe,Âge,Naissance,90,Cmp,Att,Cmp%,TotDist,DistBut,Cmp,Att,Cmp%,Cmp,Att,Cmp%,Cmp,Att,Cmp%,PD,xAG,xA,A-xAG,PC,1/3,PPA,CntSR,PrgP,Matchs
251,Kacper Kozłowski,pl POL,"MT,AT",Vitesse,18,2003,23.2,545,786,69.3,8864,2901,303,381,79.5,170,238,71.4,55,96,57.3,5,3.8,5.2,#ERROR!,39,62,33,9,97,Matchs
252,Joris Kramer,nl NED,DF,NEC Nijmegen,25,1996,12.9,602,684,88.0,11248,3849,212,228,93.0,338,363,93.1,45,67,67.2,2,0.7,0.5,#ERROR!,5,29,1,0,39,Matchs
253,Michiel Kramer,nl NED,AT,RKC Waalwijk,33,1988,22.2,376,500,75.2,4893,862,240,290,82.8,103,139,74.1,12,24,50.0,4,2.9,3.1,#ERROR!,18,22,11,2,35,Matchs
254,Florian Krüger,de GER,"AT,MT",Groningen,23,1999,12.4,188,293,64.2,2750,566,93,120,77.5,71,103,68.9,10,28,35.7,2,2.5,1.6,-0.5,15,14,10,3,29,Matchs
255,Mohammed Kudus,gh GHA,"AT,MT",Ajax,21,2000,19.9,562,657,85.5,8908,1469,295,335,88.1,190,215,88.4,50,61,82.0,3,3.0,3.8,0.0,29,40,19,3,65,Matchs
256,Roy Kuijpers,nl NED,"AT,MT",RKC Waalwijk,22,2000,4.2,120,171,70.2,1794,403,69,88,78.4,43,58,74.1,4,13,30.8,1,1.9,1.6,-0.9,10,2,8,4,13,Matchs
257,Bas Kuipers,nl NED,DF,Go Ahead Eag,27,1994,21.2,706,979,72.1,12914,5534,306,363,84.3,297,391,76.0,87,161,54.0,1,4.2,3.1,-3.2,27,56,41,17,99,Matchs
258,Zakaria Labyad,ma MAR,"AT,MT",Utrecht,29,1993,2.8,61,93,65.6,841,216,33,42,78.6,20,27,74.1,3,10,30.0,0,0.1,0.3,-0.1,3,7,3,0,9,Matchs
259,Mayckel Lahdo,se SWE,AT,AZ Alkmaar,19,2002,6.2,195,245,79.6,2706,411,116,133,87.2,62,78,79.5,6,9,66.7,1,1.0,0.9,0.0,11,6,7,0,19,Matchs
260,Lazaros Lamprou,gr GRE,"AT,MT",Excelsior,24,1997,16.4,341,488,69.9,5251,1472,209,263,79.5,92,129,71.3,27,58,46.6,2,2.0,2.4,0.0,18,18,17,1,43,Matchs
261,Maurilio de Lannoy,nl NED,DF,Emmen,18,2003,0.2,12,17,70.6,143,37,8,10,80.0,3,4,75.0,0,0,,0,0.0,0.0,0.0,0,0,0,0,1,Matchs
262,Terry Lartey Sanniez,nl NED,"DF,AT",NEC Nijmegen,25,1996,1.7,76,85,89.4,1326,392,39,41,95.1,31,32,96.9,6,11,54.5,0,0.0,0.0,0.0,0,4,0,0,7,Matchs
263,Tobias Lauritsen,no NOR,AT,Sparta R'dam,24,1997,32.8,393,735,53.5,5195,1376,243,402,60.4,111,208,53.4,14,30,46.7,5,3.0,3.6,#ERROR!,24,44,15,3,67,Matchs
264,Barry Lauwers,nl NED,GB,Volendam,22,1999,1.0,19,36,52.8,893,855,1,1,100.0,4,5,80.0,14,30,46.7,0,0.0,0.0,0.0,0,2,0,0,0,Matchs
265,Richy Ledezma,us USA,MT,PSV Eindhoven,21,2000,1.5,89,101,88.1,1452,283,56,61,91.8,22,24,91.7,10,13,76.9,0,0.1,0.1,-0.1,2,13,1,0,7,Matchs
266,Peter Leeuwenburgh,nl NED,GB,Groningen,28,1994,7.5,167,285,58.6,5054,3971,42,42,100.0,65,67,97.0,60,173,34.7,0,0.0,0.0,0.0,0,5,0,0,0,Matchs
267,Julian Lelieveld,nl NED,DF,RKC Waalwijk,24,1997,29.2,1132,1407,80.5,18726,7499,539,622,86.7,488,582,83.8,82,130,63.1,3,3.2,4.5,-0.2,26,104,28,5,135,Matchs
268,Isac Lidberg,se SWE,AT,Go Ahead Eag,23,1998,30.7,457,671,68.1,5715,1103,281,381,73.8,125,177,70.6,8,28,28.6,5,2.7,2.5,#ERROR!,30,17,21,0,57,Matchs
269,Evert Linthorst,nl NED,MT,Go Ahead Eag,22,2000,16.1,567,718,79.0,9684,2716,267,319,83.7,232,278,83.5,48,80,60.0,0,0.6,1.3,-0.6,10,64,13,3,81,Matchs
270,Enric Llansana,nl NED,MT,Go Ahead Eag,21,2001,12.5,440,557,79.0,7454,2351,210,248,84.7,177,218,81.2,43,63,68.3,1,1.1,0.9,-0.1,9,51,7,0,66,Matchs
271,Julen Lobete,es ESP,"AT,MT",RKC Waalwijk,21,2000,14.8,310,403,76.9,3872,500,193,229,84.3,86,102,84.3,7,10,70.0,3,1.2,1.1,#ERROR!,16,17,11,0,36,Matchs
272,Chris Lokesa,be BEL,MT,RKC Waalwijk,17,2004,0.1,7,8,87.5,119,7,3,3,100.0,4,5,80.0,0,0,,0,0.0,0.0,0.0,0,0,0,0,0,Matchs
273,Jason Lokilo,be BEL,AT,Sparta R'dam,23,1998,3.0,69,91,75.8,990,265,41,47,87.2,19,27,70.4,5,7,71.4,0,0.2,0.4,-0.2,3,1,3,3,8,Matchs
274,Marcos López,pe PER,DF,Feyenoord,22,1999,8.9,439,540,81.3,7233,2318,228,257,88.7,160,197,81.2,39,55,70.9,1,1.1,1.1,-0.1,12,30,7,3,50,Matchs
275,Albert Lottin,fr FRA,MT,Utrecht,20,2001,0.2,5,7,71.4,125,37,0,1,0.0,4,5,80.0,1,1,100.0,0,0.0,0.0,0.0,0,1,0,0,2,Matchs
Clt,Joueur,Nation,Pos,Équipe,Âge,Naissance,90,Cmp,Att,Cmp%,TotDist,DistBut,Cmp,Att,Cmp%,Cmp,Att,Cmp%,Cmp,Att,Cmp%,PD,xAG,xA,A-xAG,PC,1/3,PPA,CntSR,PrgP,Matchs
276,Dano Lourens,nl NED,MT,Sparta R'dam,18,2004,0.0,0,0,,0,0,0,0,,0,0,,0,0,,0,0.0,0.0,0.0,0,0,0,0,0,Matchs
277,Lorenzo Lucca,it ITA,"AT,MT",Ajax,21,2000,1.7,23,49,46.9,275,20,15,31,48.4,4,10,40.0,1,1,100.0,1,0.3,0.2,#ERROR!,4,0,1,0,2,Matchs
278,Ramon Lundqvist,se SWE,MT,Groningen,25,1997,3.8,67,102,65.7,1184,265,29,42,69.0,21,24,87.5,11,20,55.0,0,0.5,0.4,-0.5,7,9,4,0,12,Matchs
279,Thierry Lutonda,be BEL,DF,RKC Waalwijk,21,2000,27.8,900,1172,76.8,14052,4500,483,549,88.0,345,438,78.8,49,100,49.0,2,2.1,2.4,-0.1,19,44,20,6,80,Matchs
280,Arnaud Luzayadio,fr FRA,AT,Emmen,23,1999,0.5,8,13,61.5,147,15,4,6,66.7,1,2,50.0,2,3,66.7,0,0.0,0.0,0.0,0,0,1,1,0,Matchs
281,Isak Määttä,no NOR,"DF,AT",Groningen,20,2001,29.9,892,1262,70.7,14743,5445,445,526,84.6,330,459,71.9,85,179,47.5,1,2.7,3.2,-1.7,24,71,33,17,87,Matchs
282,Calvin Mac-Intosch,sr SUR,DF,Cambuur,32,1989,7.6,326,392,83.2,6699,2149,102,111,91.9,179,198,90.4,43,78,55.1,0,0.6,0.9,-0.6,1,17,2,0,27,Matchs
283,Noni Madueke,eng ENG,"AT,MT",PSV Eindhoven,20,2002,3.1,95,126,75.4,1458,597,55,66,83.3,34,47,72.3,5,11,45.5,0,2.5,3.1,-2.5,13,10,18,6,27,Matchs
284,Naoki Maeda,jp JPN,AT,Utrecht,27,1994,2.9,75,93,80.6,958,188,47,53,88.7,22,24,91.7,1,1,100.0,0,0.2,0.2,-0.2,2,0,5,1,7,Matchs
285,Lisandro Magallán,ar ARG,DF,Ajax,28,1993,0.2,8,11,72.7,125,55,4,6,66.7,4,4,100.0,0,1,0.0,0,0.0,0.0,0.0,0,0,0,0,0,Matchs
286,Mimoun Mahi,ma MAR,"MT,AT",Utrecht,28,1994,0.4,1,7,14.3,7,0,1,5,20.0,0,0,,0,0,,0,0.0,0.0,0.0,0,0,0,0,0,Matchs
287,Mimoun Mahi,ma MAR,"AT,MT",Cambuur,28,1994,5.9,140,207,67.6,2462,722,74,94,78.7,44,67,65.7,21,38,55.3,1,1.7,1.4,-0.7,11,13,14,6,18,Matchs
288,Felix Mambimbi,ch SUI,"AT,MT",Cambuur,21,2001,3.3,51,84,60.7,673,174,32,40,80.0,14,27,51.9,2,6,33.3,1,0.3,0.3,#ERROR!,5,1,5,1,6,Matchs
289,Million Manhoef,nl NED,"AT,MT",Vitesse,20,2002,25.8,524,773,67.8,7594,2240,287,351,81.8,182,260,70.0,26,76,34.2,5,5.1,5.0,-0.1,40,29,48,12,69,Matchs
290,Elvis Manu,nl NED,AT,Groningen,28,1993,6.8,108,161,67.1,1516,353,65,87,74.7,31,42,73.8,5,9,55.6,0,0.1,0.5,-0.1,5,6,6,2,11,Matchs
291,Jahnoah Markelo,nl NED,"MT,AT",Go Ahead Eag,19,2003,1.1,27,44,61.4,609,148,9,15,60.0,10,14,71.4,8,13,61.5,0,0.4,0.8,-0.4,3,1,4,3,2,Matchs
292,Nathan Markelo,cw CUW,"DF,MT",Excelsior,23,1999,4.1,136,173,78.6,2328,754,68,77,88.3,56,68,82.4,8,17,47.1,0,0.2,0.1,-0.2,2,5,1,0,7,Matchs
293,Pedro David Rosendo Marques,pt POR,"AT,MT",NEC Nijmegen,24,1998,9.1,150,208,72.1,1851,265,96,122,78.7,33,48,68.8,4,7,57.1,3,1.3,0.7,#ERROR!,10,8,2,0,7,Matchs
294,Iván Márquez,es ESP,DF,NEC Nijmegen,28,1994,30.4,1332,1578,84.4,26284,10741,427,483,88.4,740,813,91.0,149,246,60.6,1,0.8,0.4,#ERROR!,7,56,1,0,90,Matchs
295,Bruno Martins Indi,nl NED,DF,AZ Alkmaar,30,1992,3.5,238,275,86.5,5069,1509,56,60,93.3,145,158,91.8,36,53,67.9,0,0.3,0.3,-0.3,3,34,1,0,20,Matchs
296,Federico Mattiello,it ITA,"DF,MT",Go Ahead Eag,27,1995,1.1,48,60,80.0,719,204,27,29,93.1,19,25,76.0,1,2,50.0,0,0.8,0.6,-0.8,1,2,2,1,4,Matchs
297,Magnus Mattsson,dk DEN,"AT,MT",NEC Nijmegen,23,1999,20.0,518,657,78.8,6835,1881,329,385,85.5,132,158,83.5,22,31,71.0,2,3.0,2.7,-1.0,26,35,15,2,63,Matchs
298,Robin Maulun,fr FRA,"MT,AT",Cambuur,25,1996,3.9,168,228,73.7,3056,1090,73,89,82.0,76,100,76.0,17,34,50.0,1,0.7,1.1,#ERROR!,8,25,7,4,40,Matchs
299,Philipp Max,de GER,DF,PSV Eindhoven,28,1993,11.3,552,659,83.8,8209,2469,306,335,91.3,191,222,86.0,32,61,52.5,2,1.8,2.0,#ERROR!,17,39,8,4,39,Matchs
300,Xavier Mbuyamba,nl NED,DF,Volendam,20,2001,27.8,883,1196,73.8,17348,7462,294,376,78.2,480,579,82.9,97,191,50.8,1,1.0,1.3,0.0,8,97,3,0,90,Matchs
Clt,Joueur,Nation,Pos,Équipe,Âge,Naissance,90,Cmp,Att,Cmp%,TotDist,DistBut,Cmp,Att,Cmp%,Cmp,Att,Cmp%,Cmp,Att,Cmp%,PD,xAG,xA,A-xAG,PC,1/3,PPA,CntSR,PrgP,Matchs
301,Mexx Meerdink,nl NED,"AT,MT",AZ Alkmaar,19,2003,2.0,27,45,60.0,381,101,14,21,66.7,12,19,63.2,0,1,0.0,0,0.6,0.3,-0.6,2,4,0,0,5,Matchs
302,Aaron Meijers,nl NED,DF,Sparta R'dam,34,1987,3.3,179,233,76.8,3203,1226,84,91,92.3,78,96,81.3,16,35,45.7,0,0.3,0.3,-0.3,4,13,3,2,12,Matchs
303,Rick Meijssen,nl NED,DF,Sparta R'dam,20,2002,0.5,17,18,94.4,325,91,7,8,87.5,8,8,100.0,2,2,100.0,0,0.0,0.0,0.0,0,1,0,0,0,Matchs
304,Rui Mendes,de GER,"AT,MT",Emmen,22,1999,15.7,211,324,65.1,2759,742,115,152,75.7,72,108,66.7,5,18,27.8,3,4.3,5.0,-1.3,32,8,11,2,32,Matchs
305,Ahmed El Messaoudi,ma MAR,"MT,AT",Emmen,26,1995,15.6,485,598,81.1,6967,2006,280,326,85.9,154,179,86.0,22,37,59.5,0,0.8,1.3,-0.8,16,44,12,3,58,Matchs
306,Melle Meulensteen,nl NED,"MT,DF",Vitesse,23,1999,30.0,1374,1635,84.0,25722,9999,531,585,90.8,671,743,90.3,148,238,62.2,2,2.5,1.3,-0.5,21,158,20,2,157,Matchs
307,Daryl van Mieghem,nl NED,"AT,MT",Volendam,32,1989,20.9,445,675,65.9,8107,2960,197,254,77.6,170,246,69.1,64,136,47.1,3,2.4,2.7,#ERROR!,18,49,32,11,74,Matchs
308,Djordje Mihailovic,us USA,"MT,AT",AZ Alkmaar,23,1998,6.0,167,219,76.3,2444,524,84,106,79.2,65,79,82.3,7,10,70.0,1,1.2,0.6,-0.2,11,13,9,0,23,Matchs
309,Sven Mijnans,nl NED,"MT,AT",Sparta R'dam,22,2000,16.4,497,645,77.1,8315,2175,233,280,83.2,184,221,83.3,57,91,62.6,5,2.4,2.4,#ERROR!,23,43,18,3,79,Matchs
310,Sven Mijnans,nl NED,"MT,AT",AZ Alkmaar,22,2000,12.9,460,576,79.9,7080,1558,252,288,87.5,159,184,86.4,30,63,47.6,3,2.8,2.0,#ERROR!,24,40,13,1,60,Matchs
311,Antoni Milambo,nl NED,MT,Feyenoord,17,2005,0.2,10,12,83.3,166,42,4,4,100.0,5,6,83.3,1,1,100.0,0,0.0,0.0,0.0,0,0,0,0,1,Matchs
312,Brett Minnema,nl NED,GB,Cambuur,20,2002,1.0,26,41,63.4,905,669,3,3,100.0,9,10,90.0,14,28,50.0,0,0.0,0.0,0.0,0,0,0,0,0,Matchs
313,Damon Mirani,nl NED,"DF,MT",Volendam,26,1996,29.0,1031,1285,80.2,19397,7241,374,439,85.2,523,602,86.9,113,197,57.4,1,0.8,0.6,#ERROR!,13,112,4,0,133,Matchs
314,Virgil Misidjan,sr SUR,AT,Twente,29,1993,24.4,760,982,77.4,10373,2406,481,538,89.4,204,269,75.8,33,72,45.8,3,4.3,6.1,-1.3,43,35,46,18,76,Matchs
315,Xavier Mous,nl NED,GB,Heerenveen,26,1995,16.0,335,515,65.0,9951,7375,56,56,100.0,158,159,99.4,121,299,40.5,0,0.0,0.0,0.0,0,2,0,0,0,Matchs
316,Robert Mühren,nl NED,"AT,MT",Volendam,33,1989,19.0,236,363,65.0,3241,933,135,194,69.6,66,107,61.7,13,25,52.0,0,1.9,1.4,-1.9,22,15,17,0,41,Matchs
317,Hans Mulder,nl NED,"MT,DF",RKC Waalwijk,35,1987,0.3,3,4,75.0,31,11,2,2,100.0,0,0,,0,1,0.0,0,0.0,0.0,0.0,0,0,0,0,0,Matchs
318,Jeremy van Mullem,nl NED,MT,Sparta R'dam,23,1999,10.5,260,368,70.7,4820,1218,104,137,75.9,113,151,74.8,37,54,68.5,0,0.1,0.3,-0.1,2,25,3,0,29,Matchs
319,Derry Murkin,eng ENG,DF,Volendam,23,1999,31.8,1018,1523,66.8,17181,6966,507,603,84.1,399,582,68.6,88,249,35.3,5,2.7,3.0,#ERROR!,27,93,26,10,122,Matchs
320,Anthony Musaba,nl NED,AT,NEC Nijmegen,21,2000,3.7,76,102,74.5,949,281,49,56,87.5,21,28,75.0,1,3,33.3,0,0.8,0.9,-0.8,7,4,7,3,8,Matchs
321,Nordin Musampa,nl NED,DF,Groningen,20,2001,5.6,160,219,73.1,3090,1012,63,76,82.9,66,92,71.7,26,39,66.7,1,0.2,0.4,#ERROR!,2,9,2,0,9,Matchs
322,Phillipp Mwene,at AUT,DF,PSV Eindhoven,28,1994,18.8,904,1107,81.7,14161,4363,478,516,92.6,341,420,81.2,60,106,56.6,1,1.6,2.1,-0.6,17,48,12,8,56,Matchs
323,Younes Namli,dk DEN,"MT,AT",Sparta R'dam,28,1994,16.1,550,716,76.8,9804,2546,248,279,88.9,215,271,79.3,68,115,59.1,4,3.2,2.2,#ERROR!,24,59,25,6,73,Matchs
324,Gerrit Nauber,de GER,DF,Go Ahead Eag,30,1992,12.5,469,564,83.2,9521,4132,150,165,90.9,251,278,90.3,62,109,56.9,0,0.0,0.2,0.0,0,36,1,0,31,Matchs
325,Noah Naujoks,nl NED,"MT,AT",Excelsior,20,2002,4.4,79,109,72.5,1067,432,46,58,79.3,23,31,74.2,4,7,57.1,0,0.3,0.3,-0.3,5,6,3,2,15,Matchs
Clt,Joueur,Nation,Pos,Équipe,Âge,Naissance,90,Cmp,Att,Cmp%,TotDist,DistBut,Cmp,Att,Cmp%,Cmp,Att,Cmp%,Cmp,Att,Cmp%,PD,xAG,xA,A-xAG,PC,1/3,PPA,CntSR,PrgP,Matchs
326,Noah Naujoks,nl NED,"AT,MT",Feyenoord,20,2002,0.2,3,4,75.0,69,13,1,2,50.0,1,1,100.0,1,1,100.0,0,0.0,0.0,0.0,0,1,0,0,1,Matchs
327,Ximo Navarro,es ESP,DF,Fortuna Sittard,32,1990,13.4,520,605,86.0,10026,3591,170,193,88.1,296,314,94.3,51,83,61.4,0,0.1,0.2,-0.1,1,29,1,0,28,Matchs
328,Imran Nazih,ma MAR,MT,Volendam,16,2006,0.6,19,24,79.2,305,73,9,12,75.0,8,9,88.9,1,1,100.0,0,0.1,0.0,-0.1,2,3,0,0,1,Matchs
329,Cyril Ngonge,be BEL,AT,Groningen,22,2000,7.3,99,184,53.8,1847,614,38,57,66.7,40,67,59.7,16,37,43.2,2,2.0,1.7,0.0,10,18,5,1,25,Matchs
330,Lars Nieuwpoort,nl NED,DF,RKC Waalwijk,27,1994,5.4,189,227,83.3,3990,1171,51,58,87.9,106,120,88.3,29,41,70.7,0,0.2,0.1,-0.2,1,8,1,0,7,Matchs
331,Sven Nieuwpoort,nl NED,DF,Excelsior,29,1993,18.8,516,584,88.4,9924,3254,174,187,93.0,295,316,93.4,44,74,59.5,0,0.4,0.1,-0.4,1,16,2,0,26,Matchs
332,Andries Noppert,nl NED,GB,Heerenveen,28,1994,18.0,486,685,70.9,14000,10216,75,76,98.7,229,234,97.9,178,371,48.0,1,0.6,0.0,#ERROR!,1,3,0,0,0,Matchs
333,Tijjani Noslin,nl NED,"AT,MT",Fortuna Sittard,23,1999,17.9,334,485,68.9,5026,1444,170,220,77.3,121,163,74.2,21,47,44.7,2,3.3,3.2,-1.3,27,21,17,9,30,Matchs
334,Ché Nunnely,nl NED,"AT,MT",Heerenveen,23,1999,6.0,140,176,79.5,1911,398,85,93,91.4,45,58,77.6,3,9,33.3,0,0.8,0.6,-0.8,10,12,5,2,18,Matchs
335,Armando Obispo,nl NED,DF,PSV Eindhoven,23,1999,19.1,1146,1344,85.3,22974,8505,385,438,87.9,604,653,92.5,142,219,64.8,1,0.5,0.6,#ERROR!,5,150,5,0,123,Matchs
336,Lucas Ocampos,ar ARG,AT,Ajax,28,1994,1.1,58,67,86.6,826,120,37,40,92.5,17,21,81.0,2,4,50.0,0,0.0,0.5,0.0,1,2,2,0,6,Matchs
337,Jens Odgaard,dk DEN,AT,AZ Alkmaar,23,1999,24.1,439,646,68.0,6717,1434,230,291,79.0,160,215,74.4,22,52,42.3,4,2.4,2.6,#ERROR!,25,26,25,3,62,Matchs
338,Eric Oelschlägel,de GER,GB,Emmen,26,1995,9.0,259,370,70.0,6790,4664,48,48,100.0,133,134,99.3,78,188,41.5,0,0.0,0.0,0.0,0,4,0,0,1,Matchs
339,Nick Olij,nl NED,GB,Sparta R'dam,26,1995,32.0,923,1292,71.4,31409,23652,103,104,99.0,395,401,98.5,424,783,54.2,1,0.2,0.5,#ERROR!,2,62,1,0,0,Matchs
340,Simon Olsson,se SWE,"MT,AT",Heerenveen,24,1997,24.0,619,801,77.3,8900,2586,369,435,84.8,186,237,78.5,32,61,52.5,2,2.1,2.0,-0.1,24,52,13,1,84,Matchs
341,Fredrik Oppegard,no NOR,DF,PSV Eindhoven,19,2002,1.7,94,113,83.2,1289,290,57,62,91.9,29,35,82.9,3,7,42.9,0,0.1,0.1,-0.1,1,1,1,1,3,Matchs
342,Fredrik Oppegard,no NOR,DF,Go Ahead Eag,19,2002,4.4,142,187,75.9,2565,1073,69,80,86.3,49,71,69.0,21,26,80.8,0,0.2,0.2,-0.2,2,10,3,2,12,Matchs
343,Ragnar Oratmangoen,id IDN,"MT,AT",Groningen,24,1998,12.3,537,630,85.2,8500,2237,283,319,88.7,199,217,91.7,36,55,65.5,1,0.7,1.6,#ERROR!,7,55,9,4,51,Matchs
344,Gaetano Oristanio,it ITA,"MT,AT",Volendam,19,2002,21.6,284,428,66.4,4164,1374,162,207,78.3,81,125,64.8,18,37,48.6,3,2.7,2.3,#ERROR!,20,27,16,3,54,Matchs
345,Alois Oroz,hr CRO,DF,Vitesse,21,2000,11.3,390,490,79.6,8109,2805,121,141,85.8,213,237,89.9,54,108,50.0,0,0.0,0.1,0.0,0,27,0,0,19,Matchs
346,Yanick van Osch,nl NED,GB,Fortuna Sittard,25,1997,3.0,74,118,62.7,2858,2366,13,13,100.0,20,20,100.0,41,82,50.0,0,0.0,0.0,0.0,0,5,0,0,0,Matchs
347,Yassin Oukili,nl NED,MT,RKC Waalwijk,21,2001,20.5,538,701,76.7,7817,2336,304,357,85.2,182,222,82.0,23,60,38.3,2,0.8,1.0,#ERROR!,10,43,7,0,61,Matchs
348,Bilal Ould-Chikh,ma MAR,"AT,MT",Volendam,25,1997,10.5,186,287,64.8,3296,612,99,123,80.5,56,76,73.7,25,57,43.9,0,1.2,1.3,-1.2,12,7,13,9,17,Matchs
349,Walid Ould-Chikh,ma MAR,"MT,AT",Volendam,22,1999,7.7,157,245,64.1,2753,1002,72,95,75.8,62,90,68.9,17,40,42.5,1,0.6,0.6,#ERROR!,4,24,7,0,31,Matchs
350,Sékou Oumar Sylla,gn GUI,DF,Cambuur,23,1999,2.5,98,129,76.0,2038,726,36,40,90.0,47,56,83.9,15,27,55.6,0,0.4,1.0,-0.4,3,7,4,3,11,Matchs
Clt,Joueur,Nation,Pos,Équipe,Âge,Naissance,90,Cmp,Att,Cmp%,TotDist,DistBut,Cmp,Att,Cmp%,Cmp,Att,Cmp%,Cmp,Att,Cmp%,PD,xAG,xA,A-xAG,PC,1/3,PPA,CntSR,PrgP,Matchs
351,Oğuzhan Özyakup,tr TUR,MT,Fortuna Sittard,29,1992,17.5,566,732,77.3,8778,2600,300,355,84.5,172,211,81.5,51,93,54.8,0,2.1,2.3,-2.1,26,60,19,5,89,Matchs
352,Fernando Pacheco Rivas,pe PER,"AT,MT",Emmen,23,1999,0.9,25,34,73.5,387,123,16,17,94.1,6,7,85.7,3,4,75.0,0,0.3,0.6,-0.3,3,0,4,2,3,Matchs
353,Igor Paixão,br BRA,AT,Feyenoord,22,2000,14.0,343,465,73.8,5324,1010,188,217,86.6,117,161,72.7,23,48,47.9,5,4.2,4.9,#ERROR!,32,12,23,10,36,Matchs
354,Ivor Pandur,hr CRO,GB,Fortuna Sittard,22,2000,31.0,832,1210,68.8,27593,21557,113,113,100.0,334,343,97.4,385,747,51.5,0,0.0,0.1,0.0,1,29,0,0,0,Matchs
355,Remko Pasveer,nl NED,GB,Ajax,38,1983,15.0,470,588,79.9,11746,8792,97,98,99.0,253,256,98.8,119,230,51.7,0,0.0,0.0,0.0,0,14,1,0,1,Matchs
356,Mitchell Paulissen,nl NED,MT,Cambuur,29,1993,21.7,534,745,71.7,9363,3165,258,322,80.1,194,252,77.0,67,120,55.8,1,2.6,3.4,-1.6,31,70,15,3,94,Matchs
357,Vangelis Pavlidis,gr GRE,AT,AZ Alkmaar,23,1998,20.8,434,628,69.1,6589,1146,215,301,71.4,164,206,79.6,22,37,59.5,8,5.3,2.5,#ERROR!,35,29,13,0,56,Matchs
358,Deron Payne,nl NED,DF,Volendam,19,2002,1.2,37,49,75.5,661,237,17,20,85.0,16,22,72.7,4,7,57.1,0,0.0,0.0,0.0,0,1,0,0,3,Matchs
359,Marcus Pedersen,no NOR,DF,Feyenoord,22,2000,23.5,966,1177,82.1,15285,2783,497,546,91.0,392,463,84.7,57,105,54.3,2,2.3,2.7,-0.3,30,61,22,14,54,Matchs
360,Joey Pelupessy,nl NED,MT,Groningen,29,1993,14.8,416,471,88.3,7658,1765,170,188,90.4,186,201,92.5,51,59,86.4,0,0.1,0.3,-0.1,2,45,2,0,33,Matchs
361,Ricardo Pepi,us USA,AT,Groningen,19,2003,27.3,411,540,76.1,5881,578,206,267,77.2,150,174,86.2,18,24,75.0,3,2.8,2.2,#ERROR!,30,14,12,2,30,Matchs
362,Vincent Pichel,nl NED,"MT,AT",Cambuur,20,2001,0.8,9,13,69.2,129,43,4,4,100.0,4,4,100.0,0,2,0.0,0,0.0,0.0,0.0,1,1,0,0,2,Matchs
363,Kik Pierie,nl NED,DF,Excelsior,22,2000,6.5,203,265,76.6,4393,1521,54,63,85.7,115,128,89.8,34,69,49.3,1,1.1,0.1,-0.1,4,14,1,0,13,Matchs
364,Ivo Pinto,pt POR,DF,Fortuna Sittard,32,1990,25.7,900,1226,73.4,16113,7920,394,454,86.8,389,505,77.0,99,185,53.5,4,1.5,2.4,#ERROR!,16,78,30,19,106,Matchs
365,Michael Pinto,lu LUX,DF,Sparta R'dam,29,1993,30.7,1630,1966,82.9,29011,9770,750,818,91.7,657,772,85.1,190,294,64.6,4,2.7,3.5,#ERROR!,32,99,47,30,129,Matchs
366,Brian Plat,nl NED,DF,Volendam,22,2000,24.4,566,812,69.7,9713,3508,272,338,80.5,237,316,75.0,47,105,44.8,0,0.4,0.3,-0.4,7,45,0,0,60,Matchs
367,Julio Pleguezuelo,es ESP,DF,Twente,25,1997,13.3,571,708,80.6,10787,4144,217,239,90.8,291,332,87.7,56,116,48.3,0,0.1,0.9,-0.1,4,46,2,1,46,Matchs
368,Romano Postema,nl NED,"MT,AT",Groningen,20,2002,0.4,9,9,100.0,160,54,5,5,100.0,3,3,100.0,1,1,100.0,0,0.1,0.0,-0.1,1,1,0,0,2,Matchs
369,Dirk Proper,nl NED,MT,NEC Nijmegen,20,2002,30.6,1238,1412,87.7,20435,5984,613,692,88.6,451,487,92.6,118,142,83.1,1,1.4,1.4,-0.4,29,118,16,0,133,Matchs
370,Davy Pröpper,nl NED,MT,Vitesse,30,1991,1.0,40,50,80.0,809,390,16,21,76.2,12,15,80.0,9,10,90.0,0,0.4,0.4,-0.4,4,2,0,0,4,Matchs
371,Robin Pröpper,nl NED,DF,Twente,28,1993,27.5,1508,1793,84.1,29550,11752,554,606,91.4,759,833,91.1,189,321,58.9,2,1.0,1.2,#ERROR!,11,150,9,0,131,Matchs
372,Stipe Radić,hr CRO,DF,Fortuna Sittard,22,2000,3.1,127,145,87.6,2862,1127,25,26,96.2,78,84,92.9,24,34,70.6,0,0.0,0.0,0.0,0,9,0,0,13,Matchs
373,André Ramalho,br BRA,DF,PSV Eindhoven,30,1992,20.4,1216,1394,87.2,24095,9940,402,445,90.3,667,709,94.1,137,213,64.3,0,0.1,0.3,-0.1,3,75,1,0,78,Matchs
374,Bart Ramselaar,nl NED,AT,Utrecht,26,1996,3.8,121,149,81.2,1750,312,73,85,85.9,37,40,92.5,5,11,45.5,0,0.7,1.1,-0.7,4,5,2,2,6,Matchs
375,Christian Rasmussen,dk DEN,AT,Ajax,19,2003,0.0,3,4,75.0,29,1,1,1,100.0,1,1,100.0,0,1,0.0,0,0.2,0.0,-0.2,1,0,0,0,0,Matchs
Clt,Joueur,Nation,Pos,Équipe,Âge,Naissance,90,Cmp,Att,Cmp%,TotDist,DistBut,Cmp,Att,Cmp%,Cmp,Att,Cmp%,Cmp,Att,Cmp%,PD,xAG,xA,A-xAG,PC,1/3,PPA,CntSR,PrgP,Matchs
376,Jacob Rasmussen,dk DEN,DF,Feyenoord,25,1997,7.4,526,595,88.4,9345,3332,211,232,90.9,275,296,92.9,33,56,58.9,1,0.2,0.3,#ERROR!,4,37,1,0,56,Matchs
377,Givairo Read,,DF,Volendam,,,0.1,1,2,50.0,13,0,1,1,100.0,0,1,0.0,0,0,,0,0.0,0.0,0.0,0,0,0,0,0,Matchs
378,Daishawn Redan,nl NED,AT,Utrecht,21,2001,8.1,116,162,71.6,1581,292,69,87,79.3,42,56,75.0,2,5,40.0,0,0.9,0.8,-0.9,8,9,4,0,12,Matchs
379,Youri Regeer,nl NED,"DF,MT",Ajax,18,2003,0.1,13,16,81.3,221,78,5,6,83.3,7,8,87.5,1,1,100.0,0,0.0,0.0,0.0,0,4,0,0,2,Matchs
380,Gyan de Regt,nl NED,"AT,MT",Vitesse,19,2002,0.1,1,3,33.3,9,0,1,2,50.0,0,0,,0,0,,0,0.0,0.0,0.0,0,0,0,0,0,Matchs
381,Tijjani Reijnders,nl NED,MT,AZ Alkmaar,24,1998,33.8,1730,1997,86.6,28723,7126,854,917,93.1,707,793,89.2,124,182,68.1,6,7.1,7.5,-1.1,62,150,71,3,257,Matchs
382,Francisco Reis Ferreira,pt POR,DF,Vitesse,25,1997,6.2,259,356,72.8,5590,2250,73,87,83.9,137,170,80.6,44,84,52.4,0,0.1,0.4,-0.1,3,22,3,1,18,Matchs
383,Daan Reiziger,nl NED,GB,Vitesse,21,2001,6.4,99,205,48.3,3509,2843,15,17,88.2,31,31,100.0,52,156,33.3,0,0.0,0.0,0.0,0,5,1,0,0,Matchs
384,Omar Rekik,tn TUN,"DF,MT",Sparta R'dam,20,2001,0.4,10,11,90.9,171,28,3,3,100.0,6,7,85.7,0,0,,0,0.0,0.0,0.0,0,1,0,0,1,Matchs
385,Devyne Rensch,nl NED,DF,Ajax,19,2003,22.5,1292,1498,86.2,21245,6105,629,692,90.9,550,606,90.8,86,118,72.9,1,1.0,2.5,0.0,13,114,35,4,142,Matchs
386,Ben Rienstra,nl NED,"MT,DF",Cambuur,32,1990,1.7,56,71,78.9,1118,224,12,14,85.7,38,44,86.4,6,11,54.5,0,0.0,0.1,0.0,1,5,1,0,10,Matchs
387,Rocco Robert Shein,ee EST,MT,Utrecht,19,2003,1.3,77,87,88.5,1355,257,28,31,90.3,40,42,95.2,6,9,66.7,0,0.0,0.1,0.0,0,3,1,0,9,Matchs
388,Ole Romeny,nl NED,"AT,MT",Emmen,22,2000,27.7,585,759,77.1,7737,1300,390,445,87.6,143,191,74.9,21,44,47.7,1,1.9,1.8,-0.9,21,29,9,3,47,Matchs
389,Philippe Rommens,be BEL,MT,Go Ahead Eag,24,1997,27.5,1272,1705,74.6,25788,9318,469,553,84.8,548,649,84.4,235,440,53.4,1,4.9,4.6,-3.9,62,163,30,13,168,Matchs
390,Bart van Rooij,nl NED,DF,NEC Nijmegen,21,2001,33.0,1313,1716,76.5,22570,7325,605,695,87.1,532,712,74.7,135,220,61.4,0,3.4,3.2,-3.4,30,92,25,17,112,Matchs
391,Rayvien Rosario,cw CUW,AT,Sparta R'dam,18,2004,0.0,0,0,,0,0,0,0,,0,0,,0,0,,0,0.0,0.0,0.0,0,0,0,0,0,Matchs
392,Daan Rots,nl NED,"AT,MT",Twente,21,2001,7.5,231,311,74.3,3394,1010,136,166,81.9,61,80,76.3,20,39,51.3,0,0.7,1.0,-0.7,9,9,11,3,29,Matchs
393,Robbin Ruiter,nl NED,GB,Cambuur,35,1987,16.0,474,710,66.8,14393,11277,96,96,100.0,189,190,99.5,188,419,44.9,0,0.0,0.0,0.0,0,7,0,0,0,Matchs
394,Gerónimo Rulli,ar ARG,GB,Ajax,30,1992,19.0,748,871,85.9,17571,11260,188,189,99.5,389,395,98.5,169,283,59.7,0,0.5,0.1,-0.5,1,9,1,0,0,Matchs
395,Mathew Ryan,au AUS,GB,AZ Alkmaar,30,1992,18.0,425,593,71.7,12267,8544,61,62,98.4,207,212,97.6,155,316,49.1,0,0.0,0.0,0.0,0,8,0,0,1,Matchs
396,Pim Saathof,nl NED,"MT,DF",Go Ahead Eag,18,2003,0.3,9,14,64.3,137,43,4,5,80.0,5,7,71.4,0,1,0.0,0,0.0,0.0,0.0,0,0,0,0,0,Matchs
397,Michal Sadílek,cz CZE,MT,Twente,23,1999,11.2,523,642,81.5,8708,2371,254,284,89.4,212,240,88.3,44,88,50.0,2,3.5,2.9,-1.5,20,66,14,4,65,Matchs
398,Modibo Sagnan,ml MLI,DF,Utrecht,23,1999,20.1,824,998,82.6,17005,6855,231,255,90.6,486,552,88.0,101,166,60.8,0,0.0,0.3,0.0,0,40,1,0,39,Matchs
399,Osame Sahraoui,no NOR,"AT,MT",Heerenveen,21,2001,12.4,395,499,79.2,5205,1356,249,286,87.1,122,153,79.7,5,16,31.3,5,3.6,3.8,#ERROR!,27,22,30,7,56,Matchs
400,Ismael Saibari,ma MAR,AT,PSV Eindhoven,21,2001,4.6,180,219,82.2,2549,655,106,123,86.2,54,60,90.0,10,14,71.4,2,1.5,1.6,#ERROR!,11,12,17,2,29,Matchs
Clt,Joueur,Nation,Pos,Équipe,Âge,Naissance,90,Cmp,Att,Cmp%,TotDist,DistBut,Cmp,Att,Cmp%,Cmp,Att,Cmp%,Cmp,Att,Cmp%,PD,xAG,xA,A-xAG,PC,1/3,PPA,CntSR,PrgP,Matchs
401,Koki Saito,jp JPN,AT,Sparta R'dam,20,2001,18.0,405,513,78.9,5796,1175,229,266,86.1,137,157,87.3,19,35,54.3,5,2.3,2.6,#ERROR!,18,14,17,5,52,Matchs
402,Anass Salah-Eddine,nl NED,"MT,DF",Twente,20,2002,7.1,325,403,80.6,4917,1251,181,208,87.0,111,129,86.0,21,39,53.8,0,0.8,1.1,-0.8,13,15,13,6,32,Matchs
403,David Sambissa,ga GAB,"AT,MT",Cambuur,26,1996,5.6,118,196,60.2,1884,548,61,76,80.3,39,59,66.1,12,39,30.8,1,1.4,1.1,-0.4,15,3,9,8,12,Matchs
404,Shurandy Sambo,nl NED,DF,Sparta R'dam,20,2001,25.6,1080,1318,81.9,18352,5838,538,587,91.7,432,515,83.9,97,161,60.2,1,0.5,0.8,#ERROR!,7,76,15,10,99,Matchs
405,Alfons Sampsted,is ISL,DF,Twente,24,1998,5.1,283,339,83.5,4656,1593,138,154,89.6,120,142,84.5,20,28,71.4,0,0.7,0.9,-0.7,4,21,7,3,18,Matchs
406,Philippe Sandler,nl NED,DF,NEC Nijmegen,25,1997,18.1,939,1082,86.8,18386,7529,324,361,89.8,486,524,92.7,111,162,68.5,2,1.0,1.2,#ERROR!,7,59,3,0,85,Matchs
407,Ibrahim Sangaré,ci CIV,MT,PSV Eindhoven,24,1997,25.6,1302,1555,83.7,22325,7344,575,660,87.1,570,643,88.6,113,166,68.1,1,2.4,3.1,-1.4,25,161,22,4,194,Matchs
408,Mohamed Sankoh,nl NED,AT,Vitesse,18,2003,8.5,93,148,62.8,1176,268,52,75,69.3,26,38,68.4,3,6,50.0,2,2.2,0.9,-0.2,9,5,3,0,9,Matchs
409,Amin Sarr,se SWE,AT,Heerenveen,21,2001,18.2,340,448,75.9,4879,931,210,258,81.4,94,119,79.0,24,35,68.6,4,2.8,2.5,#ERROR!,20,23,15,6,31,Matchs
410,Sávio,br BRA,"AT,MT",PSV Eindhoven,18,2004,1.1,38,52,73.1,745,244,19,25,76.0,9,12,75.0,8,12,66.7,2,1.4,0.3,#ERROR!,4,3,3,1,7,Matchs
411,Kjell Scherpen,nl NED,GB,Vitesse,22,2000,25.4,585,913,64.1,18804,14281,88,88,100.0,251,256,98.0,244,558,43.7,0,0.0,0.1,0.0,0,17,0,0,0,Matchs
412,Doke Schmidt,nl NED,DF,Cambuur,30,1992,18.5,743,992,74.9,14820,5302,247,291,84.9,372,461,80.7,109,203,53.7,0,0.4,0.5,-0.4,9,63,9,3,65,Matchs
413,Ben Scholte,nl NED,MT,Emmen,20,2001,1.8,26,42,61.9,486,173,9,14,64.3,11,11,100.0,5,13,38.5,0,0.0,0.2,0.0,1,4,1,0,4,Matchs
414,Lasse Schöne,dk DEN,MT,NEC Nijmegen,36,1986,30.8,1509,1809,83.4,24238,9169,775,852,91.0,567,644,88.0,115,216,53.2,1,3.5,4.0,-2.5,43,136,15,3,175,Matchs
415,Youri Schoonderwaldt,nl NED,GB,Sparta R'dam,22,2000,2.0,38,46,82.6,1086,888,9,9,100.0,15,15,100.0,14,22,63.6,0,0.0,0.0,0.0,0,0,0,0,0,Matchs
416,Jorg Schreuders,nl NED,DF,Groningen,17,2004,3.8,114,164,69.5,1899,569,61,74,82.4,39,54,72.2,12,23,52.2,0,0.0,0.1,0.0,1,5,1,1,9,Matchs
417,Perr Schuurs,nl NED,DF,Ajax,22,1999,0.6,42,47,89.4,870,322,18,20,90.0,17,18,94.4,7,9,77.8,0,0.0,0.0,0.0,0,7,0,0,5,Matchs
418,Darío Serra,es ESP,AT,Go Ahead Eag,19,2003,0.5,11,14,78.6,120,21,10,11,90.9,1,2,50.0,0,1,0.0,0,0.0,0.0,0.0,0,0,0,0,0,Matchs
419,Mats Seuntjens,nl NED,AT,RKC Waalwijk,30,1992,17.4,456,630,72.4,8587,2799,196,235,83.4,177,225,78.7,68,119,57.1,8,4.9,5.4,#ERROR!,34,53,34,8,81,Matchs
420,Mats Seuntjens,nl NED,"MT,AT",Fortuna Sittard,30,1992,10.7,223,335,66.6,4654,1789,95,110,86.4,75,106,70.8,48,90,53.3,1,1.4,1.4,-0.4,19,34,7,2,40,Matchs
421,Serano Seymor,nl NED,DF,Excelsior,20,2002,12.5,374,456,82.0,8291,2570,72,85,84.7,248,276,89.9,54,89,60.7,0,0.0,0.1,0.0,1,20,1,1,25,Matchs
422,Aimar Sher,se SWE,"MT,AT",Groningen,19,2002,1.5,39,53,73.6,548,221,25,28,89.3,14,20,70.0,0,3,0.0,0,0.0,0.1,0.0,1,1,1,0,6,Matchs
423,Fábio Silva,pt POR,AT,PSV Eindhoven,20,2002,6.7,137,199,68.8,1741,269,83,106,78.3,33,49,67.3,7,10,70.0,1,1.4,1.8,-0.4,14,7,4,0,8,Matchs
424,Florent da Silva,fr FRA,MT,Volendam,19,2003,8.0,269,363,74.1,4182,1419,148,187,79.1,81,103,78.6,24,43,55.8,1,0.9,1.0,#ERROR!,7,34,11,3,46,Matchs
425,Xavi Simons,nl NED,"AT,MT",PSV Eindhoven,19,2003,31.1,911,1134,80.3,14006,3259,460,543,84.7,322,391,82.4,72,96,75.0,8,7.4,6.6,#ERROR!,60,72,58,5,150,Matchs
Clt,Joueur,Nation,Pos,Équipe,Âge,Naissance,90,Cmp,Att,Cmp%,TotDist,DistBut,Cmp,Att,Cmp%,Cmp,Att,Cmp%,Cmp,Att,Cmp%,PD,xAG,xA,A-xAG,PC,1/3,PPA,CntSR,PrgP,Matchs
426,Dimitris Siovas,gr GRE,DF,Fortuna Sittard,33,1988,21.2,745,939,79.3,15872,5236,191,226,84.5,439,490,89.6,105,198,53.0,0,0.7,0.8,-0.7,9,50,7,2,56,Matchs
427,Gijs Smal,nl NED,DF,Twente,24,1997,33.0,1831,2385,76.8,32379,12272,876,988,88.7,732,898,81.5,197,390,50.5,10,8.2,8.3,#ERROR!,62,167,67,21,221,Matchs
428,Floris Smand,nl NED,DF,Cambuur,19,2003,19.5,949,1054,90.0,18806,5275,280,316,88.6,562,599,93.8,101,125,80.8,0,0.0,0.2,0.0,0,33,1,0,46,Matchs
429,Milan Smit,nl NED,"AT,MT",Cambuur,19,2003,4.4,70,109,64.2,1058,229,39,50,78.0,22,35,62.9,4,10,40.0,1,0.1,0.2,#ERROR!,3,7,1,0,12,Matchs
430,Vasileios Sourlis,gr GRE,MT,Fortuna Sittard,19,2002,0.2,6,8,75.0,101,9,2,3,66.7,4,4,100.0,0,0,,0,0.0,0.0,0.0,0,0,0,0,0,Matchs
431,Sylla Sow,nl NED,"AT,MT",Go Ahead Eag,25,1996,5.9,126,171,73.7,1686,333,73,95,76.8,41,50,82.0,3,6,50.0,0,0.3,0.4,-0.3,6,6,3,0,18,Matchs
432,Filip Stankovic,rs SRB,GB,Volendam,20,2002,33.0,664,1177,56.4,21997,18172,123,124,99.2,231,238,97.1,308,805,38.3,0,0.0,0.5,0.0,1,19,0,0,1,Matchs
433,Casper Staring,nl NED,MT,Twente,21,2001,0.0,0,1,0.0,0,0,0,1,0.0,0,0,,0,0,,0,0.0,0.0,0.0,0,0,0,0,0,Matchs
434,Sem Steijn,nl NED,MT,Twente,20,2001,13.4,309,434,71.2,4506,1364,173,214,80.8,94,126,74.6,21,44,47.7,1,1.4,2.7,-0.4,20,26,12,1,45,Matchs
435,Finn Stokkers,nl NED,"AT,MT",Go Ahead Eag,26,1996,13.0,202,313,64.5,2705,556,127,181,70.2,49,69,71.0,10,20,50.0,2,1.9,2.1,#ERROR!,23,13,10,4,18,Matchs
436,Jørgen Strand Larsen,no NOR,AT,Groningen,22,2000,4.0,43,64,67.2,775,122,25,36,69.4,8,14,57.1,9,11,81.8,1,0.3,0.2,#ERROR!,3,3,2,0,5,Matchs
437,Sander van de Streek,nl NED,MT,Utrecht,29,1993,24.6,505,760,66.4,7798,1944,270,352,76.7,168,239,70.3,38,70,54.3,2,3.1,2.8,-1.1,26,49,16,3,71,Matchs
438,Yukinari Sugawara,jp JPN,"DF,AT",AZ Alkmaar,22,2000,26.6,1234,1543,80.0,21709,8185,595,649,91.7,482,583,82.7,137,243,56.4,8,4.7,4.8,#ERROR!,33,97,42,16,113,Matchs
439,Tomáš Suslov,sk SVK,"MT,AT",Groningen,20,2002,23.6,473,722,65.5,9662,2586,186,228,81.6,197,267,73.8,83,174,47.7,1,2.7,3.4,-1.7,30,52,23,6,77,Matchs
440,Marin Šverko,hr CRO,DF,Groningen,24,1998,2.5,104,142,73.2,2169,664,36,43,83.7,53,68,77.9,15,29,51.7,0,0.1,0.0,-0.1,2,8,0,0,11,Matchs
441,Sander Sybrandy,nl NED,MT,Twente,18,2004,0.0,1,1,100.0,18,12,0,0,,1,1,100.0,0,0,,0,0.2,0.4,-0.2,1,0,1,0,1,Matchs
442,Moussa Sylla,fr FRA,"AT,MT",Utrecht,22,1999,5.9,140,218,64.2,2275,780,63,76,82.9,50,78,64.1,14,27,51.9,1,1.6,1.6,-0.6,15,4,11,6,15,Matchs
443,Sebastian Szymański,pl POL,"MT,AT",Feyenoord,23,1999,21.8,582,829,70.2,9164,2961,310,363,85.4,179,249,71.9,61,128,47.7,4,4.1,5.4,-0.1,50,48,36,11,91,Matchs
444,Mohamed Taabouni,nl NED,MT,Feyenoord,20,2002,1.1,51,65,78.5,824,240,25,27,92.6,24,29,82.8,2,5,40.0,0,0.5,0.8,-0.5,3,3,2,2,5,Matchs
445,Dušan Tadić,rs SRB,"AT,MT",Ajax,33,1988,32.9,1320,1904,69.3,21845,7519,712,841,84.7,399,571,69.9,156,306,51.0,17,19.6,23.7,-2.6,163,87,138,34,250,Matchs
446,Anas Tahiri,be BEL,MT,Heerenveen,27,1995,29.0,1548,1760,88.0,25001,6311,796,861,92.5,571,634,90.1,121,159,76.1,7,2.9,3.5,#ERROR!,30,152,30,7,145,Matchs
447,Mohammed Tahiri,nl NED,"AT,MT",Sparta R'dam,22,2000,0.2,5,10,50.0,70,0,4,6,66.7,1,3,33.3,0,0,,0,0.0,0.0,0.0,0,0,0,0,0,Matchs
448,Oussama Tannane,ma MAR,MT,NEC Nijmegen,28,1994,23.8,879,1234,71.2,15602,6050,421,500,84.2,267,360,74.2,138,264,52.3,9,6.9,6.5,#ERROR!,59,159,36,8,184,Matchs
449,Elayis Tavsan,nl NED,AT,NEC Nijmegen,21,2001,28.2,566,746,75.9,8944,1637,283,322,87.9,206,264,78.0,45,76,59.2,3,3.7,3.1,-0.7,25,26,27,2,66,Matchs
450,Kenneth Taylor,nl NED,MT,Ajax,20,2002,27.7,1692,1936,87.4,25644,7442,914,997,91.7,644,718,89.7,76,122,62.3,3,3.0,5.9,0.0,23,175,60,1,237,Matchs
Clt,Joueur,Nation,Pos,Équipe,Âge,Naissance,90,Cmp,Att,Cmp%,TotDist,DistBut,Cmp,Att,Cmp%,Cmp,Att,Cmp%,Cmp,Att,Cmp%,PD,xAG,xA,A-xAG,PC,1/3,PPA,CntSR,PrgP,Matchs
451,Mike te Wierik,nl NED,DF,Emmen,30,1992,13.3,470,604,77.8,8609,3325,171,198,86.4,246,295,83.4,45,86,52.3,0,0.1,0.7,-0.1,2,42,5,0,40,Matchs
452,Mike te Wierik,nl NED,DF,Groningen,30,1992,13.2,504,607,83.0,10491,3195,123,138,89.1,314,352,89.2,60,100,60.0,0,0.0,0.1,0.0,0,31,0,0,36,Matchs
453,Tesfaldet Tekie,se SWE,MT,Go Ahead Eag,25,1997,3.9,157,201,78.1,2719,1041,74,84,88.1,63,69,91.3,17,35,48.6,0,0.4,0.5,-0.4,3,21,4,0,21,Matchs
454,Hidde ter Avest,nl NED,DF,Utrecht,25,1997,9.7,437,592,73.8,6720,2993,248,281,88.3,152,215,70.7,24,60,40.0,0,0.4,0.6,-0.4,7,31,8,6,42,Matchs
455,Jasper Ter Heide,nl NED,"MT,AT",Cambuur,23,1999,1.0,5,9,55.6,96,30,1,3,33.3,3,4,75.0,1,1,100.0,0,0.0,0.0,0.0,0,0,0,0,0,Matchs
456,Jordan Teze,nl NED,DF,PSV Eindhoven,22,1999,22.4,1397,1667,83.8,24212,8587,642,714,89.9,606,685,88.5,123,196,62.8,3,3.4,4.0,-0.4,21,142,30,8,159,Matchs
457,Guus Til,nl NED,"MT,AT",PSV Eindhoven,24,1997,19.5,432,564,76.6,5943,1617,254,300,84.7,139,168,82.7,14,33,42.4,3,3.4,3.1,-0.4,23,47,18,5,71,Matchs
458,Jurriën Timber,nl NED,DF,Ajax,21,2001,33.7,2517,2748,91.6,43762,14803,1014,1093,92.8,1343,1409,95.3,126,196,64.3,2,0.8,3.0,#ERROR!,14,329,35,1,290,Matchs
459,Quinten Timber,nl NED,MT,Feyenoord,21,2001,18.2,659,778,84.7,9576,2364,349,393,88.8,251,284,88.4,19,35,54.3,3,2.1,2.6,#ERROR!,33,80,12,0,92,Matchs
460,Alex Timossi Andersson,se SWE,"AT,MT",Heerenveen,21,2001,2.9,32,48,66.7,561,177,14,19,73.7,13,16,81.3,4,6,66.7,0,0.7,0.6,-0.7,3,2,3,2,5,Matchs
461,Mickaël Tirpan,be BEL,DF,Fortuna Sittard,28,1993,4.3,124,167,74.3,2492,914,39,46,84.8,66,82,80.5,18,33,54.5,0,0.3,0.3,-0.3,2,11,5,2,14,Matchs
462,Nathan Tjoe-A-On,id IDN,DF,Excelsior,20,2001,25.3,838,1124,74.6,15497,5903,351,411,85.4,362,453,79.9,109,199,54.8,1,1.2,1.6,-0.2,18,69,21,12,84,Matchs
463,Marco Tol,nl NED,DF,Cambuur,24,1998,21.3,884,1023,86.4,19620,5943,217,241,90.0,497,540,92.0,160,220,72.7,0,0.2,0.2,-0.2,4,47,1,0,65,Matchs
464,Jens Toornstra,nl NED,MT,Utrecht,33,1989,25.9,1156,1529,75.6,21577,7769,497,579,85.8,448,545,82.2,169,313,54.0,5,4.7,6.4,#ERROR!,52,137,38,5,155,Matchs
465,Jens Toornstra,nl NED,"MT,DF",Feyenoord,33,1989,0.9,41,51,80.4,802,218,16,17,94.1,22,26,84.6,3,7,42.9,1,0.4,0.3,#ERROR!,2,3,2,0,7,Matchs
466,Azzeddine Toufiqui,fr FRA,"MT,AT",Emmen,23,1999,0.7,19,29,65.5,304,128,12,13,92.3,4,9,44.4,3,5,60.0,0,0.0,0.0,0.0,1,4,0,0,7,Matchs
467,Gernot Trauner,at AUT,DF,Feyenoord,30,1992,17.8,1133,1269,89.3,21297,8324,409,448,91.3,596,644,92.5,118,153,77.1,0,0.2,0.5,-0.2,6,101,3,0,109,Matchs
468,Sondre Tronstad,no NOR,MT,Vitesse,26,1995,21.1,858,1014,84.6,15115,4085,379,436,86.9,375,414,90.6,81,107,75.7,0,0.8,0.9,-0.8,17,109,16,2,131,Matchs
469,Muhammet Tunahan Taşçı,tr TUR,"AT,MT",Fortuna Sittard,20,2002,1.4,45,66,68.2,739,251,23,29,79.3,10,13,76.9,7,14,50.0,1,0.3,0.3,#ERROR!,3,4,2,0,8,Matchs
470,Calvin Twigt,nl NED,MT,Volendam,19,2003,14.4,369,474,77.8,5752,1840,197,233,84.5,116,143,81.1,36,56,64.3,2,0.7,1.1,#ERROR!,10,41,6,2,51,Matchs
471,Przemysław Tytoń,pl POL,GB,Twente,35,1987,1.0,16,18,88.9,398,241,5,5,100.0,5,5,100.0,6,8,75.0,0,0.0,0.0,0.0,0,0,0,0,0,Matchs
472,Christos Tzolis,gr GRE,AT,Twente,20,2002,4.7,111,162,68.5,1839,460,59,70,84.3,40,64,62.5,11,20,55.0,0,0.0,0.3,0.0,2,7,5,1,14,Matchs
473,Manfred Ugalde,cr CRC,AT,Twente,20,2002,9.7,134,189,70.9,1852,417,70,95,73.7,47,59,79.7,6,8,75.0,1,0.8,0.8,#ERROR!,9,9,9,1,24,Matchs
474,Roberts Uldriķis,lv LVA,AT,Cambuur,24,1998,14.8,168,289,58.1,2375,466,94,148,63.5,48,86,55.8,12,21,57.1,0,1.1,1.7,-1.1,15,11,3,1,20,Matchs
475,Lars Unnerstall,de GER,GB,Twente,32,1990,33.0,602,936,64.3,16937,13012,155,155,100.0,239,246,97.2,204,525,38.9,0,0.0,0.1,0.0,1,18,1,0,0,Matchs
Clt,Joueur,Nation,Pos,Équipe,Âge,Naissance,90,Cmp,Att,Cmp%,TotDist,DistBut,Cmp,Att,Cmp%,Cmp,Att,Cmp%,Cmp,Att,Cmp%,PD,xAG,xA,A-xAG,PC,1/3,PPA,CntSR,PrgP,Matchs
476,Etienne Vaessen,sr SUR,GB,RKC Waalwijk,27,1995,32.0,783,1208,64.8,23439,18195,131,134,97.8,359,371,96.8,292,695,42.0,0,0.0,0.1,0.0,2,21,0,0,0,Matchs
477,Luciano Valente,it ITA,MT,Groningen,18,2003,9.7,206,298,69.1,3159,746,112,142,78.9,74,92,80.4,12,25,48.0,0,0.4,0.4,-0.4,8,22,6,1,31,Matchs
478,Dario Van den Buijs,be BEL,DF,RKC Waalwijk,26,1995,20.8,826,1090,75.8,17214,8176,251,298,84.2,432,498,86.7,132,256,51.6,1,1.8,1.4,-0.8,16,66,6,1,99,Matchs
479,Simon Van Duivenbooden,nl NED,AT,Vitesse,20,2002,1.8,27,45,60.0,337,78,16,28,57.1,6,11,54.5,1,1,100.0,0,0.2,0.2,-0.2,3,2,0,0,3,Matchs
480,Syb Van Ottele,nl NED,DF,Heerenveen,20,2002,13.1,596,754,79.0,12224,5306,195,215,90.7,300,345,87.0,90,157,57.3,0,0.0,0.3,0.0,1,52,4,1,51,Matchs
481,Zinho Vanheusden,be BEL,DF,AZ Alkmaar,23,1999,2.5,102,133,76.7,2042,546,29,36,80.6,58,70,82.9,15,24,62.5,0,0.0,0.0,0.0,0,6,0,0,7,Matchs
482,Keziah Veendorp,nl NED,"MT,DF",Emmen,25,1997,31.8,1494,1849,80.8,25911,9092,741,823,90.0,553,651,84.9,167,287,58.2,3,1.7,3.8,#ERROR!,19,182,24,2,161,Matchs
483,Henk Veerman,nl NED,AT,Volendam,29,1993,14.8,172,287,59.9,2487,422,87,139,62.6,59,95,62.1,12,17,70.6,1,1.3,1.0,-0.3,15,14,5,1,15,Matchs
484,Joey Veerman,nl NED,MT,PSV Eindhoven,23,1998,27.6,1589,1987,80.0,32027,11130,593,664,89.3,676,784,86.2,289,464,62.3,10,10.0,10.2,0.0,100,271,68,10,309,Matchs
485,Jeroen Veldmate,nl NED,DF,Emmen,33,1988,22.1,1139,1319,86.4,23574,8497,327,368,88.9,651,710,91.7,149,217,68.7,0,0.5,0.8,-0.5,6,84,3,2,86,Matchs
486,Calvin Verdonk,nl NED,DF,NEC Nijmegen,25,1997,10.7,600,722,83.1,10889,4676,239,259,92.3,277,318,87.1,68,109,62.4,2,0.9,0.8,#ERROR!,8,43,10,2,57,Matchs
487,Hobie Verhulst,nl NED,GB,AZ Alkmaar,29,1993,16.0,349,553,63.1,10765,8555,54,54,100.0,172,173,99.4,121,320,37.8,0,0.0,0.0,0.0,0,9,0,0,0,Matchs
488,Michael Verrips,nl NED,GB,Groningen,25,1996,24.0,647,960,67.4,20174,14819,78,80,97.5,317,322,98.4,252,555,45.4,0,0.0,0.1,0.0,0,17,0,0,1,Matchs
489,Arno Verschueren,be BEL,MT,Sparta R'dam,25,1997,27.2,617,878,70.3,9143,2447,336,423,79.4,201,281,71.5,41,89,46.1,4,2.9,3.3,#ERROR!,35,60,17,5,96,Matchs
490,Yorbe Vertessen,be BEL,"AT,MT",PSV Eindhoven,21,2001,1.7,27,41,65.9,377,106,16,22,72.7,7,10,70.0,2,2,100.0,0,0.4,0.4,-0.4,3,5,4,0,5,Matchs
491,Gabriel Vidovic,hr CRO,"AT,MT",Vitesse,18,2003,13.5,296,351,84.3,4354,851,167,183,91.3,100,109,91.7,16,26,61.5,0,0.7,1.1,-0.7,13,22,10,1,38,Matchs
492,Nick Viergever,nl NED,DF,Utrecht,32,1989,18.1,816,1001,81.5,15866,6861,280,314,89.2,438,518,84.6,88,142,62.0,0,0.2,0.8,-0.2,4,50,4,2,59,Matchs
493,Carlos Vinícius,br BRA,AT,PSV Eindhoven,27,1995,0.5,9,12,75.0,135,59,3,5,60.0,5,5,100.0,0,0,,0,0.5,0.5,-0.5,2,0,2,0,3,Matchs
494,João Virgínia,pt POR,GB,Cambuur,22,1999,17.0,447,673,66.4,13935,11074,81,81,100.0,185,192,96.4,180,392,45.9,0,0.2,0.1,-0.2,1,15,0,0,0,Matchs
495,Rémy Vita,mg MAD,"DF,MT",Fortuna Sittard,21,2001,13.2,397,500,79.4,6283,2260,214,239,89.5,137,166,82.5,34,68,50.0,0,0.7,0.9,-0.7,7,33,9,5,31,Matchs
496,Jari Vlak,nl NED,MT,Emmen,23,1998,18.7,689,921,74.8,11050,3547,354,418,84.7,234,301,77.7,64,123,52.0,0,0.5,1.1,-0.5,9,80,12,0,73,Matchs
497,Michel Vlap,nl NED,MT,Twente,25,1997,24.7,786,972,80.9,11144,2661,438,507,86.4,272,315,86.3,31,57,54.4,3,3.3,4.2,-0.3,41,80,28,2,97,Matchs
498,Dennis Vos,nl NED,DF,Emmen,20,2001,4.0,238,278,85.6,3851,1353,120,127,94.5,103,118,87.3,11,26,42.3,0,0.1,0.2,-0.1,2,14,2,1,21,Matchs
499,Silvano Vos,nl NED,MT,Ajax,17,2005,0.2,23,23,100.0,343,54,14,14,100.0,8,8,100.0,1,1,100.0,0,0.1,0.0,-0.1,1,3,0,0,2,Matchs
500,Bart Vriends,nl NED,DF,Sparta R'dam,31,1991,27.2,1226,1430,85.7,27482,9309,261,301,86.7,760,817,93.0,198,287,69.0,0,0.1,0.3,-0.1,2,66,3,1,87,Matchs
Clt,Joueur,Nation,Pos,Équipe,Âge,Naissance,90,Cmp,Att,Cmp%,TotDist,DistBut,Cmp,Att,Cmp%,Cmp,Att,Cmp%,Cmp,Att,Cmp%,PD,xAG,xA,A-xAG,PC,1/3,PPA,CntSR,PrgP,Matchs
501,Patrick Vroegh,nl NED,"MT,DF",RKC Waalwijk,22,1999,6.3,208,272,76.5,3195,1110,103,122,84.4,84,102,82.4,11,22,50.0,1,0.4,0.9,#ERROR!,4,24,9,3,27,Matchs
502,Dylan van Wageningen,nl NED,AT,Sparta R'dam,19,2003,0.0,0,0,,0,0,0,0,,0,0,,0,0,,0,0.0,0.0,0.0,0,0,0,0,0,Matchs
503,Patrik Wålemark,se SWE,"AT,MT",Feyenoord,20,2001,6.6,129,187,69.0,2062,546,68,88,77.3,48,62,77.4,10,19,52.6,2,1.8,2.8,#ERROR!,13,2,19,8,19,Matchs
504,Django Warmerdam,nl NED,DF,Utrecht,26,1995,2.8,108,141,76.6,1819,625,55,61,90.2,40,52,76.9,10,20,50.0,0,0.0,0.1,0.0,0,6,1,1,6,Matchs
505,Timon Wellenreuther,de GER,GB,Feyenoord,26,1995,9.0,226,272,83.1,5104,3546,72,72,100.0,107,107,100.0,45,91,49.5,0,0.0,0.0,0.0,0,3,0,0,1,Matchs
506,Sai van Wermeskerken,jp JPN,DF,Cambuur,28,1994,18.7,807,997,80.9,14983,5035,345,375,92.0,342,401,85.3,106,177,59.9,0,1.5,1.3,-1.5,8,57,13,10,69,Matchs
507,Mats Wieffer,nl NED,MT,Feyenoord,22,1999,18.6,1075,1302,82.6,17609,4835,520,595,87.4,434,506,85.8,80,114,70.2,5,2.2,2.3,#ERROR!,24,135,12,2,138,Matchs
508,Owen Wijndal,nl NED,DF,Ajax,22,1999,14.8,825,953,86.6,12266,3571,476,507,93.9,295,341,86.5,34,56,60.7,2,1.1,2.1,#ERROR!,9,65,21,4,86,Matchs
509,Jetro Willems,nl NED,DF,Groningen,28,1994,4.3,192,269,71.4,3597,1229,86,104,82.7,80,104,76.9,26,48,54.2,0,0.4,0.6,-0.4,5,18,7,2,20,Matchs
510,Dani de Wit,nl NED,MT,AZ Alkmaar,24,1998,13.2,301,416,72.4,3722,849,192,232,82.8,72,112,64.3,10,19,52.6,0,1.8,2.3,-1.8,15,17,7,0,33,Matchs
511,Mees de Wit,nl NED,"DF,AT",AZ Alkmaar,24,1998,5.9,297,370,80.3,4910,1578,141,161,87.6,126,151,83.4,24,37,64.9,1,0.7,0.4,#ERROR!,5,23,3,3,22,Matchs
512,Aslak Witry,no NOR,DF,AZ Alkmaar,26,1996,0.6,54,60,90.0,786,239,31,34,91.2,13,15,86.7,6,6,100.0,1,0.7,0.7,#ERROR!,1,2,1,0,3,Matchs
513,Maximilian Wittek,de GER,DF,Vitesse,26,1995,30.2,1197,1748,68.5,21412,8553,580,669,86.7,453,611,74.1,148,382,38.7,7,6.8,6.3,#ERROR!,78,98,28,12,124,Matchs
514,Ricky van Wolfswinkel,nl NED,AT,Twente,33,1989,28.1,452,659,68.6,6536,1644,246,341,72.1,150,198,75.8,23,39,59.0,6,4.1,5.7,#ERROR!,38,42,20,4,67,Matchs
515,Luuk Wouters,nl NED,DF,RKC Waalwijk,23,1999,2.0,61,81,75.3,928,386,40,45,88.9,15,21,71.4,6,10,60.0,0,0.0,0.0,0.0,0,3,0,0,4,Matchs
516,Redouan El Yaakoubi,nl NED,DF,Excelsior,26,1996,32.5,1098,1466,74.9,23604,10221,345,409,84.4,551,651,84.6,189,361,52.4,0,1.3,0.6,-1.3,11,110,9,2,111,Matchs
517,Romaric Yapi,fr FRA,"AT,DF",Vitesse,22,2000,4.0,94,143,65.7,1630,387,46,62,74.2,32,41,78.0,12,19,63.2,0,0.2,0.5,-0.2,5,5,4,2,11,Matchs
518,Burak Yılmaz,tr TUR,AT,Fortuna Sittard,37,1985,24.6,417,567,73.5,6632,1075,206,270,76.3,157,204,77.0,33,46,71.7,4,1.9,1.9,#ERROR!,29,19,21,2,48,Matchs
519,Amin Younes,de GER,"AT,MT",Utrecht,28,1993,3.7,159,195,81.5,2491,533,84,94,89.4,51,59,86.4,18,27,66.7,2,0.9,0.7,#ERROR!,9,11,10,3,22,Matchs
520,Timo Zaal,nl NED,MT,Heerenveen,18,2004,0.0,0,0,,0,0,0,0,,0,0,,0,0,,0,0.0,0.0,0.0,0,0,0,0,0,Matchs
521,Arthur Zagre,fr FRA,"AT,MT",Utrecht,20,2001,0.8,21,24,87.5,374,107,11,12,91.7,8,10,80.0,2,2,100.0,0,0.0,0.1,0.0,0,2,2,0,4,Matchs
522,Arthur Zagre,fr FRA,DF,Excelsior,20,2001,6.9,200,246,81.3,3171,975,122,134,91.0,62,78,79.5,14,23,60.9,0,0.0,0.2,0.0,1,7,2,0,8,Matchs
523,Lequincio Zeefuik,nl NED,"AT,MT",Volendam,17,2004,3.7,36,70,51.4,596,112,17,32,53.1,12,24,50.0,3,5,60.0,0,0.8,0.4,-0.8,5,3,2,0,7,Matchs
524,Ramiz Zerrouki,dz ALG,MT,Twente,24,1998,31.2,1827,2181,83.8,35207,9826,753,827,91.1,770,879,87.6,265,374,70.9,4,2.8,4.2,#ERROR!,43,234,40,5,262,Matchs
525,Richairo Živković,cw CUW,AT,Emmen,25,1996,26.7,343,492,69.7,4199,763,219,282,77.7,86,112,76.8,8,28,28.6,0,1.0,1.0,-1.0,10,16,8,2,22,Matchs
Clt,Joueur,Nation,Pos,Équipe,Âge,Naissance,90,Cmp,Att,Cmp%,TotDist,DistBut,Cmp,Att,Cmp%,Cmp,Att,Cmp%,Cmp,Att,Cmp%,PD,xAG,xA,A-xAG,PC,1/3,PPA,CntSR,PrgP,Matchs
526,Willum Þór Willumsson,is ISL,"MT,AT",Go Ahead Eag,23,1998,24.3,673,901,74.7,10189,3645,375,452,83.0,244,309,79.0,34,63,54.0,3,3.6,4.6,-0.6,38,80,26,2,126,Matchs
Clt,Joueur,Nation,Pos,Équipe,Âge,Naissance,90,Cmp,Att,Cmp%,TotDist,DistBut,Cmp,Att,Cmp%,Cmp,Att,Cmp%,Cmp,Att,Cmp%,PD,xAG,xA,A-xAG,PC,1/3,PPA,CntSR,PrgP,Matchs
1,Nicolás Acevedo,uy URU,MT,Bahia,23,1999,21.9,1029,1237,83.2,17288,5431,492,543,90.6,424,499,85.0,82,118,69.5,0,1.2,1.8,-1.2,16,106,11,2,112,Matchs
2,Luiz Adriano,br BRA,AT,Internacional,35,1987,14.8,208,253,82.2,2628,429,128,147,87.1,58,66,87.9,6,8,75.0,1,1.3,1.6,-0.3,12,15,3,0,23,Matchs
3,Adriel,br BRA,GB,Grêmio,22,2001,2.0,28,63,44.4,1101,947,3,3,100.0,10,10,100.0,15,50,30.0,0,0.0,0.0,0.0,0,1,0,0,0,Matchs
4,Adryelson,br BRA,DF,Botafogo (RJ),24,1998,33.3,1303,1523,85.6,25681,9401,416,468,88.9,728,819,88.9,148,211,70.1,1,0.3,0.5,#ERROR!,2,33,1,0,56,Matchs
5,Adson,br BRA,"AT,MT",Corinthians,22,2000,9.5,315,389,81.0,4735,1211,185,209,88.5,94,123,76.4,21,32,65.6,1,1.0,1.4,0.0,15,32,13,1,53,Matchs
6,Adyson,br BRA,"AT,MT",América (MG),17,2005,2.7,97,140,69.3,1609,650,48,56,85.7,37,51,72.5,8,20,40.0,0,0.4,0.7,-0.4,10,8,13,4,17,Matchs
7,Washington Aguerre,uy URU,GB,América (MG),29,1993,2.0,31,41,75.6,816,564,7,7,100.0,12,12,100.0,11,21,52.4,0,0.0,0.0,0.0,0,0,0,0,0,Matchs
8,Carlos Alberto,br BRA,"AT,MT",Botafogo (RJ),20,2002,3.3,63,75,84.0,947,216,33,36,91.7,24,29,82.8,4,5,80.0,0,0.2,0.8,-0.2,2,2,4,1,9,Matchs
9,Yuri Alberto,br BRA,AT,Corinthians,21,2001,30.2,417,581,71.8,5451,801,260,327,79.5,119,158,75.3,12,21,57.1,3,2.7,1.5,#ERROR!,22,20,6,0,28,Matchs
10,Ale,br BRA,MT,América (MG),32,1990,15.8,770,878,87.7,12931,4158,361,405,89.1,326,356,91.6,61,70,87.1,0,1.4,0.8,-1.4,16,88,8,3,110,Matchs
11,Alexandre Alemão,br BRA,AT,Internacional,24,1998,3.8,56,73,76.7,770,173,34,43,79.1,13,18,72.2,5,5,100.0,0,0.1,0.2,-0.1,4,4,2,0,7,Matchs
12,Alerrandro,br BRA,"AT,MT",Red Bull Bragantino,23,2000,4.5,55,70,78.6,779,133,32,39,82.1,16,17,94.1,4,6,66.7,0,0.2,0.1,-0.2,2,3,0,0,9,Matchs
13,Alesson,br BRA,"AT,MT",Goiás,23,1999,7.3,130,214,60.7,1963,447,81,110,73.6,41,64,64.1,8,14,57.1,1,0.5,0.5,#ERROR!,10,9,7,5,9,Matchs
14,Alex,br BRA,DF,Santos,23,1999,5.1,221,244,90.6,4297,1223,56,62,90.3,151,157,96.2,13,21,61.9,0,0.4,0.0,-0.4,2,5,0,0,7,Matchs
15,Caio Alexandre,br BRA,MT,Fortaleza,23,1999,29.2,1574,1804,87.3,28901,7697,634,687,92.3,743,803,92.5,165,237,69.6,2,2.8,2.5,-0.8,29,188,33,4,208,Matchs
16,Matheus Alexandre,br BRA,DF,Cuiabá,23,1999,33.1,1213,1543,78.6,19647,8073,585,649,90.1,530,674,78.6,77,137,56.2,0,1.2,1.7,-1.2,13,107,16,10,109,Matchs
17,Alexsander,br BRA,"MT,DF",Fluminense,19,2003,13.3,613,734,83.5,8456,2185,378,418,90.4,187,219,85.4,19,33,57.6,1,1.4,1.5,-0.4,20,46,14,5,53,Matchs
18,Alison,br BRA,MT,Santos,29,1993,1.5,51,63,81.0,670,180,31,36,86.1,12,15,80.0,3,5,60.0,0,0.0,0.0,0.0,0,3,1,0,1,Matchs
19,Alisson,br BRA,"MT,DF",Atlético Mineiro,17,2005,0.5,21,31,67.7,388,105,9,13,69.2,8,10,80.0,3,4,75.0,0,0.2,0.4,-0.2,2,1,4,2,3,Matchs
20,Alisson,br BRA,"MT,AT",São Paulo,29,1993,23.9,1115,1319,84.5,18459,4363,546,603,90.5,454,509,89.2,86,135,63.7,5,2.7,3.6,#ERROR!,28,117,22,7,144,Matchs
21,Allan,br BRA,MT,Flamengo,25,1997,5.4,367,425,86.4,6119,1699,179,197,90.9,147,167,88.0,31,44,70.5,0,0.1,0.7,-0.1,6,63,10,1,36,Matchs
22,Allano,br BRA,AT,Goiás,27,1995,13.7,307,421,72.9,4740,1557,156,183,85.2,119,152,78.3,20,39,51.3,0,0.8,1.0,-0.8,12,40,13,2,55,Matchs
23,Henrique Almeida,br BRA,AT,América (MG),31,1991,1.7,24,29,82.8,305,49,15,17,88.2,4,5,80.0,2,2,100.0,0,0.3,0.3,-0.3,3,1,0,0,3,Matchs
24,Rodrigo Alves,br BRA,MT,Vasco da Gama,20,2002,3.9,83,107,77.6,1610,411,27,38,71.1,47,53,88.7,8,11,72.7,0,0.0,0.0,0.0,1,7,1,0,4,Matchs
25,Anderson,br BRA,GB,Cruzeiro,24,1998,1.0,14,18,77.8,377,269,4,4,100.0,7,8,87.5,3,6,50.0,0,0.0,0.0,0.0,0,2,0,0,0,Matchs
Clt,Joueur,Nation,Pos,Équipe,Âge,Naissance,90,Cmp,Att,Cmp%,TotDist,DistBut,Cmp,Att,Cmp%,Cmp,Att,Cmp%,Cmp,Att,Cmp%,PD,xAG,xA,A-xAG,PC,1/3,PPA,CntSR,PrgP,Matchs
26,Anderson,br BRA,"AT,MT",Goiás,24,1998,14.3,360,484,74.4,5167,1207,207,240,86.3,120,149,80.5,16,38,42.1,2,1.3,1.7,#ERROR!,16,23,15,3,39,Matchs
27,André,br BRA,DF,Bahia,19,2003,1.4,63,79,79.7,998,257,37,43,86.0,18,23,78.3,6,9,66.7,0,0.0,0.1,0.0,1,5,1,1,4,Matchs
28,André,br BRA,"MT,DF",Fluminense,21,2001,29.4,2355,2491,94.5,39502,11187,1150,1192,96.5,997,1026,97.2,166,206,80.6,0,0.6,1.2,-0.6,19,223,9,0,184,Matchs
29,Maurício Antônio,br BRA,DF,Coritiba,30,1992,2.0,77,95,81.1,1671,651,24,28,85.7,35,38,92.1,16,25,64.0,0,0.0,0.0,0.0,1,4,0,0,4,Matchs
30,Apodi,br BRA,"AT,MT",Goiás,36,1986,4.2,35,58,60.3,449,154,26,31,83.9,9,22,40.9,0,1,0.0,0,0.2,0.1,-0.2,1,2,0,0,4,Matchs
31,Guilherme Arana,br BRA,DF,Atlético Mineiro,25,1997,26.5,1361,1706,79.8,21177,8117,782,853,91.7,473,576,82.1,82,173,47.4,0,1.1,1.8,-1.1,24,101,31,11,133,Matchs
32,Charles Aránguiz,cl CHI,MT,Internacional,33,1989,14.1,823,953,86.4,12697,3495,440,497,88.5,321,353,90.9,37,49,75.5,1,1.3,1.1,-0.3,8,85,7,1,89,Matchs
33,João Araújo,br BRA,MT,Grêmio,17,2005,0.1,5,5,100.0,60,13,4,4,100.0,1,1,100.0,0,0,,0,0.0,0.0,0.0,0,1,0,0,0,Matchs
34,Luiz Araújo,br BRA,"AT,MT",Flamengo,26,1996,8.7,291,388,75.0,5210,1323,139,160,86.9,108,139,77.7,36,59,61.0,1,0.7,1.6,#ERROR!,12,20,14,4,44,Matchs
35,Matheus Araújo,br BRA,"MT,AT",Corinthians,20,2002,6.5,272,325,83.7,4149,845,155,173,89.6,85,100,85.0,18,25,72.0,2,0.8,1.0,#ERROR!,13,26,5,2,30,Matchs
36,Michel Araujo,uy URU,"AT,MT",São Paulo,26,1996,19.6,805,981,82.1,11969,3182,460,505,91.1,268,309,86.7,44,88,50.0,1,2.4,2.0,-1.4,29,67,26,6,91,Matchs
37,Robert Arboleda,ec ECU,DF,São Paulo,31,1991,19.1,1105,1241,89.0,21240,8090,362,384,94.3,637,677,94.1,96,155,61.9,0,0.3,0.1,-0.3,2,32,1,0,42,Matchs
38,Jhon Arias,co COL,"AT,MT",Fluminense,25,1997,26.5,1233,1561,79.0,16007,4027,842,917,91.8,282,351,80.3,51,149,34.2,7,4.7,4.4,#ERROR!,57,70,43,15,108,Matchs
39,Luciano Arriagada,cl CHI,"AT,MT",Ath Paranaense,20,2002,2.1,39,51,76.5,479,89,24,29,82.8,9,12,75.0,1,1,100.0,0,0.6,0.1,-0.6,2,0,1,1,2,Matchs
40,Arthur,br BRA,"AT,MT",Cruzeiro,24,1998,15.0,323,431,74.9,5014,1022,181,223,81.2,107,132,81.1,25,40,62.5,1,1.3,2.2,-0.3,11,13,13,1,38,Matchs
41,Arthur,br BRA,DF,América (MG),19,2003,1.0,38,55,69.1,615,284,20,22,90.9,17,22,77.3,1,9,11.1,0,0.0,0.0,0.0,1,2,0,0,7,Matchs
42,Arthur,br BRA,"DF,AT",Fluminense,18,2004,0.2,16,19,84.2,266,104,10,10,100.0,5,6,83.3,1,2,50.0,0,0.5,0.2,-0.5,4,2,1,1,1,Matchs
43,Artur,br BRA,AT,Palmeiras,24,1998,21.1,604,820,73.7,9910,2326,301,352,85.5,241,311,77.5,47,97,48.5,2,3.4,4.1,-1.4,45,46,27,10,81,Matchs
44,Eduard Atuesta,co COL,MT,Palmeiras,25,1997,0.1,2,2,100.0,23,16,2,2,100.0,0,0,,0,0,,0,0.0,0.0,0.0,0,1,0,0,1,Matchs
45,Felipe Augusto,br BRA,"AT,MT",Corinthians,18,2004,3.6,35,56,62.5,438,41,24,31,77.4,7,17,41.2,1,1,100.0,0,0.0,0.1,0.0,1,2,0,0,3,Matchs
46,Filipe Augusto,br BRA,MT,Cuiabá,29,1993,11.8,696,799,87.1,12971,3575,259,288,89.9,351,378,92.9,73,103,70.9,0,0.9,1.3,-0.9,13,68,4,3,78,Matchs
47,Renato Augusto,br BRA,MT,Corinthians,34,1988,14.2,618,757,81.6,10447,3025,313,343,91.3,220,251,87.6,64,117,54.7,4,2.1,2.5,#ERROR!,44,73,20,4,98,Matchs
48,Danilo Avelar,br BRA,DF,América (MG),33,1989,22.0,613,890,68.9,11632,6518,228,272,83.8,308,408,75.5,67,166,40.4,1,0.7,0.7,#ERROR!,12,59,11,7,81,Matchs
49,Felipe Azevedo,br BRA,"AT,MT",América (MG),36,1987,19.4,325,497,65.4,4894,1573,182,243,74.9,89,135,65.9,28,54,51.9,1,2.0,1.0,-1.0,29,34,17,3,52,Matchs
50,Matheus Babi,br BRA,AT,Goiás,25,1997,9.8,124,177,70.1,1770,312,75,95,78.9,31,48,64.6,8,11,72.7,0,0.3,0.2,-0.3,6,5,3,0,12,Matchs
Clt,Joueur,Nation,Pos,Équipe,Âge,Naissance,90,Cmp,Att,Cmp%,TotDist,DistBut,Cmp,Att,Cmp%,Cmp,Att,Cmp%,Cmp,Att,Cmp%,PD,xAG,xA,A-xAG,PC,1/3,PPA,CntSR,PrgP,Matchs
51,Matheus Bahia,br BRA,"DF,MT",Bahia,23,1999,5.5,187,269,69.5,2905,1137,103,125,82.4,57,77,74.0,18,38,47.4,0,0.4,0.3,-0.4,7,14,4,3,12,Matchs
52,Fabián Balbuena,py PAR,DF,Corinthians,31,1991,1.0,48,60,80.0,908,356,16,17,94.1,27,31,87.1,4,11,36.4,0,0.0,0.0,0.0,0,1,0,0,2,Matchs
53,Robson Bambu,br BRA,DF,Vasco da Gama,25,1997,14.2,567,696,81.5,10840,4032,201,223,90.1,306,339,90.3,56,108,51.9,0,0.1,0.2,-0.1,3,29,3,1,33,Matchs
54,Gabriel Baralhas,br BRA,MT,Internacional,24,1998,2.6,118,143,82.5,1881,527,55,65,84.6,55,59,93.2,4,10,40.0,0,0.1,0.1,-0.1,1,10,0,0,13,Matchs
55,Danilo Barbosa,br BRA,"MT,DF",Botafogo (RJ),26,1996,11.2,381,480,79.4,6831,2682,156,190,82.1,178,207,86.0,36,54,66.7,0,0.1,0.3,-0.1,3,57,3,0,54,Matchs
56,Diogo Barbosa,br BRA,DF,Fluminense,30,1992,12.4,620,721,86.0,8293,2415,405,434,93.3,177,211,83.9,18,29,62.1,2,1.3,0.9,#ERROR!,14,53,14,6,51,Matchs
57,Diogo Barbosa,br BRA,DF,Grêmio,30,1992,4.3,156,210,74.3,2015,975,101,117,86.3,47,68,69.1,3,10,30.0,0,0.2,0.2,-0.2,3,10,4,1,17,Matchs
58,Gabriel Barbosa,br BRA,AT,Flamengo,26,1996,17.1,428,534,80.1,6734,1438,244,272,89.7,136,161,84.5,34,58,58.6,1,1.6,1.1,-0.6,22,46,22,0,79,Matchs
59,Lucas Barbosa,br BRA,"AT,MT",Santos,21,2001,1.1,16,40,40.0,213,66,10,16,62.5,3,11,27.3,1,7,14.3,0,0.0,0.0,0.0,1,0,0,0,0,Matchs
60,Lucas Barbosa,br BRA,"MT,AT",Coritiba,21,2001,1.1,34,46,73.9,606,148,15,19,78.9,14,19,73.7,4,5,80.0,0,0.2,0.2,-0.2,2,3,3,1,4,Matchs
61,Chrystian Barletta,br BRA,MT,Corinthians,21,2001,1.4,,,,,,,,,,,,,,,0,,,,,,,,,Matchs
62,Cauan Barros,br BRA,MT,Vasco da Gama,18,2004,2.6,72,83,86.7,1306,280,24,30,80.0,40,41,97.6,6,8,75.0,0,0.1,0.1,-0.1,2,10,1,1,7,Matchs
63,Gabriel Barros,br BRA,"AT,MT",Internacional,21,2001,2.0,68,78,87.2,920,189,44,48,91.7,19,21,90.5,2,2,100.0,1,0.5,0.3,#ERROR!,4,3,0,0,4,Matchs
64,Bastos,ao ANG,DF,Botafogo (RJ),31,1991,1.3,62,71,87.3,1224,347,23,26,88.5,30,32,93.8,9,12,75.0,0,0.0,0.0,0.0,0,8,0,0,4,Matchs
65,Fellipe Bastos,br BRA,MT,Goiás,32,1990,0.4,12,14,85.7,225,74,5,5,100.0,3,5,60.0,3,3,100.0,0,0.0,0.3,0.0,0,0,1,1,1,Matchs
66,Diogo Batista,br BRA,"DF,MT",Coritiba,19,2003,5.9,201,277,72.6,3688,1499,91,104,87.5,81,113,71.7,26,48,54.2,1,0.6,0.5,#ERROR!,9,23,4,1,21,Matchs
67,Rodrigo Battaglia,ar ARG,MT,Atlético Mineiro,31,1991,19.2,853,976,87.4,13841,3187,400,445,89.9,382,414,92.3,47,66,71.2,1,0.4,1.4,#ERROR!,8,92,6,0,80,Matchs
68,José Luis Rodríguez Bebanz,uy URU,DF,Vasco da Gama,25,1997,22.2,801,1199,66.8,14358,6221,368,439,83.8,348,479,72.7,76,215,35.3,1,2.2,2.8,-1.2,29,70,36,20,99,Matchs
69,Matheus Belém,br BRA,DF,São Paulo,19,2003,1.9,73,89,82.0,1413,281,19,23,82.6,53,57,93.0,1,7,14.3,0,0.0,0.0,0.0,0,4,0,0,5,Matchs
70,Lucas Belezi,br BRA,DF,Ath Paranaense,19,2003,0.5,15,20,75.0,234,93,10,11,90.9,4,4,100.0,1,5,20.0,0,0.0,0.0,0.0,0,3,0,0,0,Matchs
71,Ramiro Benetti,br BRA,MT,Cruzeiro,29,1993,4.5,211,250,84.4,3126,1004,125,138,90.6,72,85,84.7,10,14,71.4,1,0.6,0.9,#ERROR!,5,27,6,2,26,Matchs
72,Martín Benítez,ar ARG,"MT,AT",América (MG),28,1994,12.4,386,561,68.8,7015,2676,178,222,80.2,129,181,71.3,62,117,53.0,4,4.0,3.5,0.0,29,59,16,5,77,Matchs
73,Bento,br BRA,GB,Ath Paranaense,23,1999,33.0,580,886,65.5,16226,11267,114,114,100.0,283,292,96.9,180,469,38.4,1,0.3,0.3,#ERROR!,2,10,0,0,0,Matchs
74,Lucas Beraldo,br BRA,DF,São Paulo,19,2003,24.0,1503,1695,88.7,28805,9828,504,537,93.9,826,886,93.2,157,239,65.7,0,0.6,0.9,-0.6,8,132,6,1,129,Matchs
75,Lucas Besozzi,ar ARG,"AT,MT",Grêmio,20,2003,4.4,149,195,76.4,1753,453,111,126,88.1,27,36,75.0,3,10,30.0,1,0.4,0.5,#ERROR!,6,11,5,0,23,Matchs
Clt,Joueur,Nation,Pos,Équipe,Âge,Naissance,90,Cmp,Att,Cmp%,TotDist,DistBut,Cmp,Att,Cmp%,Cmp,Att,Cmp%,Cmp,Att,Cmp%,PD,xAG,xA,A-xAG,PC,1/3,PPA,CntSR,PrgP,Matchs
76,Matheus Bianqui,br BRA,MT,Coritiba,25,1998,15.8,329,466,70.6,5697,1563,156,208,75.0,138,173,79.8,27,49,55.1,1,1.3,0.5,-0.3,8,35,3,2,41,Matchs
77,Raul Bicalho,br BRA,DF,Bahia,23,1999,3.6,165,197,83.8,3243,1279,53,60,88.3,89,100,89.0,19,32,59.4,0,0.0,0.0,0.0,0,20,0,0,19,Matchs
78,Matheus Bidu,br BRA,DF,Corinthians,23,1999,18.4,897,1129,79.5,14172,4790,500,537,93.1,312,386,80.8,63,146,43.2,0,1.4,1.5,-1.4,26,73,17,11,88,Matchs
79,Biel,br BRA,"AT,MT",Bahia,21,2001,15.1,292,404,72.3,4707,1633,167,198,84.3,93,124,75.0,27,58,46.6,1,4.4,4.0,-3.4,40,32,26,5,57,Matchs
80,Rafael Bilu,br BRA,AT,Cruzeiro,23,1999,1.0,29,36,80.6,443,74,21,21,100.0,5,7,71.4,3,5,60.0,0,0.8,0.6,-0.8,1,1,1,0,2,Matchs
81,Guilherme Biro,br BRA,"AT,MT",Corinthians,18,2004,6.4,172,213,80.8,2277,560,104,118,88.1,49,60,81.7,5,10,50.0,0,0.5,0.5,-0.5,6,9,5,1,18,Matchs
82,Bitelo,br BRA,"MT,AT",Grêmio,23,2000,17.2,660,819,80.6,9048,2888,406,462,87.9,177,217,81.6,33,57,57.9,1,3.8,3.6,-2.8,38,67,28,5,92,Matchs
83,Paulinho Bóia,br BRA,AT,América (MG),24,1998,1.5,39,50,78.0,595,152,22,26,84.6,15,20,75.0,2,3,66.7,0,0.3,0.2,-0.3,5,1,2,2,1,Matchs
84,Thiago Borbas,uy URU,AT,Red Bull Bragantino,20,2002,15.9,233,353,66.0,2738,534,159,205,77.6,47,77,61.0,5,16,31.3,2,1.1,1.4,#ERROR!,17,11,14,1,25,Matchs
85,Ângelo Borges,br BRA,"AT,MT",Santos,18,2004,6.0,122,172,70.9,1855,659,70,89,78.7,42,56,75.0,7,10,70.0,0,1.0,1.1,-1.0,9,14,8,2,25,Matchs
86,Daniel Borges,br BRA,DF,América (MG),29,1993,8.9,381,494,77.1,6686,2767,177,196,90.3,159,197,80.7,39,86,45.3,1,1.5,1.8,-0.5,9,35,15,10,45,Matchs
87,Daniel Borges,br BRA,DF,Botafogo (RJ),29,1993,0.5,10,14,71.4,162,55,5,5,100.0,5,6,83.3,0,3,0.0,0,0.0,0.0,0.0,0,0,0,0,0,Matchs
88,Marllon Borges,br BRA,DF,Cuiabá,30,1992,36.0,1265,1464,86.4,25475,10301,374,423,88.4,720,778,92.5,157,226,69.5,1,0.7,0.2,#ERROR!,4,61,1,0,88,Matchs
89,Pedro Borges,br BRA,"MT,AT",Fortaleza,25,1997,6.3,220,259,84.9,3779,927,105,121,86.8,90,99,90.9,21,27,77.8,0,0.6,0.3,-0.6,3,18,2,0,19,Matchs
90,Gabriel Boschilia,br BRA,"MT,AT",Coritiba,26,1996,3.8,145,182,79.7,2156,634,91,96,94.8,43,53,81.1,9,26,34.6,1,0.8,0.6,#ERROR!,5,25,2,1,18,Matchs
91,Lucas Braga,br BRA,"DF,AT",Santos,26,1996,22.1,518,663,78.1,7316,2783,297,333,89.2,194,244,79.5,11,40,27.5,0,0.7,0.6,-0.7,15,32,9,2,55,Matchs
92,David Braz,br BRA,DF,Fluminense,35,1987,9.6,558,651,85.7,9176,3612,279,295,94.6,229,255,89.8,38,78,48.7,0,0.1,0.1,-0.1,3,28,1,0,31,Matchs
93,Brenno,br BRA,GB,Grêmio,23,1999,1.0,17,19,89.5,356,200,6,6,100.0,8,8,100.0,3,5,60.0,0,0.0,0.0,0.0,0,0,0,0,0,Matchs
94,Breno,br BRA,MT,Botafogo (RJ),22,2000,0.1,4,6,66.7,38,19,4,5,80.0,0,0,,0,1,0.0,0,0.0,0.0,0.0,0,0,0,0,0,Matchs
95,Breno,br BRA,AT,Palmeiras,27,1996,15.2,266,355,74.9,4124,723,133,161,82.6,100,121,82.6,19,35,54.3,3,1.1,1.2,#ERROR!,8,22,10,1,37,Matchs
96,Emanuel Brítez,ar ARG,DF,Fortaleza,30,1992,30.7,1105,1350,81.9,19693,8075,438,491,89.2,554,622,89.1,89,192,46.4,1,0.6,0.7,#ERROR!,13,89,10,4,86,Matchs
97,Bruninho,br BRA,"AT,MT",Red Bull Bragantino,19,2003,7.9,240,302,79.5,3691,945,138,155,89.0,74,93,79.6,18,29,62.1,1,0.6,0.8,#ERROR!,16,24,10,2,36,Matchs
98,Fabrício Bruno,br BRA,DF,Flamengo,26,1996,34.0,2017,2264,89.1,39568,15390,684,737,92.8,1101,1188,92.7,222,308,72.1,1,0.5,1.0,#ERROR!,6,195,6,3,199,Matchs
99,Vitor Bueno,br BRA,"MT,AT",Ath Paranaense,28,1994,23.1,769,1042,73.8,13538,4587,375,440,85.2,273,345,79.1,102,196,52.0,5,6.9,7.0,-1.9,81,95,62,12,149,Matchs
100,Esteban Burgos,ar ARG,DF,América (MG),31,1992,3.3,67,89,75.3,1505,685,12,16,75.0,40,48,83.3,13,23,56.5,0,0.0,0.0,0.0,0,8,0,0,7,Matchs
Clt,Joueur,Nation,Pos,Équipe,Âge,Naissance,90,Cmp,Att,Cmp%,TotDist,DistBut,Cmp,Att,Cmp%,Cmp,Att,Cmp%,Cmp,Att,Cmp%,PD,xAG,xA,A-xAG,PC,1/3,PPA,CntSR,PrgP,Matchs
101,Fabricio Bustos,ar ARG,DF,Internacional,26,1996,27.8,1353,1721,78.6,21219,7162,718,812,88.4,523,657,79.6,84,150,56.0,3,2.9,2.9,#ERROR!,23,83,24,11,103,Matchs
102,Rafael Cabral,br BRA,GB,Cruzeiro,32,1990,37.0,960,1221,78.6,26296,17570,145,145,100.0,498,500,99.6,313,570,54.9,0,0.0,0.0,0.0,1,12,0,0,0,Matchs
103,Cacá,br BRA,DF,Ath Paranaense,23,1999,18.8,612,752,81.4,12435,4277,180,200,90.0,343,383,89.6,81,144,56.3,0,0.3,0.6,-0.3,5,35,3,1,39,Matchs
104,Cadu,br BRA,DF,Santos,20,2002,0.2,8,11,72.7,102,38,7,8,87.5,0,1,0.0,1,2,50.0,0,0.0,0.0,0.0,0,0,0,0,1,Matchs
105,Caetano,br BRA,DF,Corinthians,23,1999,13.4,721,798,90.4,15477,5012,191,200,95.5,419,449,93.3,110,145,75.9,0,0.0,0.1,0.0,1,38,0,0,35,Matchs
106,Jonathan Cafu,br BRA,"AT,MT",Cuiabá,31,1991,19.0,399,557,71.6,5793,1263,218,273,79.9,140,183,76.5,19,42,45.2,3,1.0,1.5,#ERROR!,21,29,16,5,50,Matchs
107,Júnior Caiçara,br BRA,DF,Santos,33,1989,1.9,101,131,77.1,1635,412,59,68,86.8,34,41,82.9,6,14,42.9,0,0.0,0.1,0.0,0,4,1,0,8,Matchs
108,Rodrigo Caio,br BRA,"MT,DF",Flamengo,29,1993,0.7,60,62,96.8,1028,214,27,28,96.4,30,30,100.0,3,3,100.0,0,0.0,0.0,0.0,0,5,0,0,7,Matchs
109,Caíque,br BRA,GB,Grêmio,25,1997,4.0,59,95,62.1,1909,1489,7,7,100.0,17,18,94.4,33,68,48.5,0,0.0,0.0,0.0,0,0,0,0,0,Matchs
110,Calebe,br BRA,"MT,AT",Fortaleza,22,2000,16.4,404,545,74.1,6711,2163,207,231,89.6,135,182,74.2,42,79,53.2,5,4.8,3.9,#ERROR!,28,55,21,2,78,Matchs
111,Jonathan Calleri,ar ARG,AT,São Paulo,29,1993,15.0,176,267,65.9,2157,479,114,150,76.0,38,60,63.3,6,9,66.7,2,0.7,1.0,#ERROR!,13,8,13,3,22,Matchs
112,Patric Calmon PK,br BRA,DF,Cuiabá,28,1994,5.8,209,288,72.6,3441,1556,114,130,87.7,80,117,68.4,14,32,43.8,0,0.3,0.7,-0.3,5,22,7,6,29,Matchs
113,Guilherme Camacho,br BRA,MT,Santos,32,1990,5.0,215,257,83.7,3573,1009,90,98,91.8,92,103,89.3,22,36,61.1,0,0.2,0.4,-0.2,2,16,2,0,20,Matchs
114,Nathan Camargo,br BRA,MT,Red Bull Bragantino,17,2005,0.1,5,6,83.3,95,25,1,1,100.0,4,4,100.0,0,1,0.0,0,0.1,0.0,-0.1,1,0,1,0,1,Matchs
115,Gustavo Campanharo,br BRA,MT,Internacional,30,1992,7.7,346,378,91.5,5167,1064,182,198,91.9,138,147,93.9,13,16,81.3,0,0.0,0.1,0.0,2,28,1,0,33,Matchs
116,Camilo Cándido,uy URU,DF,Bahia,27,1995,13.8,544,739,73.6,9056,3554,286,326,87.7,204,281,72.6,45,96,46.9,2,1.3,1.7,#ERROR!,23,49,20,7,62,Matchs
117,Luan Cândido,br BRA,DF,Red Bull Bragantino,21,2001,12.0,482,610,79.0,8837,3097,195,235,83.0,241,288,83.7,40,63,63.5,1,1.2,0.9,-0.2,10,54,3,1,55,Matchs
118,Germán Cano,ar ARG,AT,Fluminense,34,1988,27.4,375,490,76.5,5605,957,222,266,83.5,107,137,78.1,30,46,65.2,1,1.1,0.8,-0.1,13,19,8,4,25,Matchs
119,Agustín Canobbio,uy URU,"AT,MT",Ath Paranaense,24,1998,23.5,639,840,76.1,9639,3338,362,416,87.0,227,286,79.4,32,75,42.7,5,3.5,2.7,#ERROR!,40,63,27,10,76,Matchs
120,Víctor Cantillo,co COL,MT,Corinthians,29,1993,3.0,143,163,87.7,2686,851,58,60,96.7,58,62,93.5,23,31,74.2,0,0.1,0.0,-0.1,1,13,0,0,9,Matchs
121,Manuel Capasso,ar ARG,DF,Vasco da Gama,26,1996,6.2,286,343,83.4,5949,2224,84,92,91.3,167,184,90.8,33,62,53.2,0,0.0,0.0,0.0,0,13,1,0,15,Matchs
122,Juninho Capixaba,br BRA,DF,Red Bull Bragantino,25,1997,31.9,1612,2106,76.5,29240,12272,698,802,87.0,709,888,79.8,179,294,60.9,1,4.5,4.2,-3.5,57,183,42,14,231,Matchs
123,Gabriel Carabajal,ar ARG,MT,Vasco da Gama,31,1991,1.4,66,108,61.1,1343,375,25,28,89.3,28,38,73.7,12,33,36.4,1,0.4,0.4,#ERROR!,5,6,6,3,14,Matchs
124,Felipe Carballo,uy URU,MT,Grêmio,26,1996,17.1,654,814,80.3,10368,3531,328,382,85.9,260,305,85.2,46,70,65.7,1,1.2,1.6,-0.2,12,96,12,0,87,Matchs
125,Johnny Cardoso,us USA,MT,Internacional,21,2001,17.9,680,785,86.6,10886,2869,345,387,89.1,277,310,89.4,45,58,77.6,2,1.0,1.0,#ERROR!,15,68,7,2,70,Matchs
Clt,Joueur,Nation,Pos,Équipe,Âge,Naissance,90,Cmp,Att,Cmp%,TotDist,DistBut,Cmp,Att,Cmp%,Cmp,Att,Cmp%,Cmp,Att,Cmp%,PD,xAG,xA,A-xAG,PC,1/3,PPA,CntSR,PrgP,Matchs
126,Ed Carlos,br BRA,"MT,AT",Santos,21,2001,0.4,34,41,82.9,667,242,16,17,94.1,12,13,92.3,6,10,60.0,0,0.0,0.1,0.0,1,4,1,0,3,Matchs
127,João Carlos,br BRA,GB,Cuiabá,34,1988,3.0,51,66,77.3,1650,1275,7,7,100.0,20,20,100.0,24,39,61.5,0,0.0,0.0,0.0,0,1,0,0,0,Matchs
128,Ryan Carlos,br BRA,DF,Bahia,20,2002,6.4,311,408,76.2,5297,1901,143,161,88.8,133,163,81.6,29,59,49.2,1,0.5,0.4,#ERROR!,6,29,14,5,42,Matchs
129,Alan Carvalho,cn CHN,MT,Fluminense,33,1989,0.5,8,13,61.5,92,11,7,11,63.6,1,1,100.0,0,0,,0,0.0,0.0,0.0,0,1,0,0,0,Matchs
130,Breno Cascardo,br BRA,MT,América (MG),19,2003,12.9,491,589,83.4,8060,2228,244,279,87.5,183,213,85.9,45,58,77.6,0,0.5,0.6,-0.5,8,59,8,2,80,Matchs
131,Cássio,br BRA,GB,Corinthians,35,1987,36.8,883,1104,80.0,24076,15860,179,179,100.0,391,399,98.0,305,518,58.9,0,0.1,0.0,-0.1,2,10,0,0,0,Matchs
132,Luciano Castán,br BRA,DF,Cruzeiro,33,1989,35.7,1659,1936,85.7,33313,12632,532,584,91.1,914,991,92.2,207,328,63.1,0,0.3,0.4,-0.3,8,125,4,0,124,Matchs
133,Iury de Castilho,br BRA,AT,Cuiabá,27,1995,4.4,56,85,65.9,791,205,34,42,81.0,16,20,80.0,4,10,40.0,0,0.2,0.3,-0.2,3,5,2,1,9,Matchs
134,Matheus Cavichioli,br BRA,GB,América (MG),36,1986,15.0,261,377,69.2,8777,6932,38,38,100.0,91,94,96.8,131,241,54.4,0,0.0,0.0,0.0,0,8,0,0,0,Matchs
135,Juan Cazares,ec ECU,"MT,AT",América (MG),30,1992,3.1,98,140,70.0,1754,512,44,48,91.7,37,49,75.5,14,30,46.7,1,1.1,0.6,-0.1,9,12,6,2,18,Matchs
136,Brayan Ceballos,co COL,DF,Fortaleza,21,2001,2.3,118,143,82.5,2064,750,46,48,95.8,60,73,82.2,8,15,53.3,0,0.0,0.0,0.0,0,4,0,0,4,Matchs
137,Pablo Ceppelini,uy URU,MT,Cuiabá,31,1991,11.1,454,615,73.8,8365,2666,208,228,91.2,167,219,76.3,69,145,47.6,3,2.2,2.3,#ERROR!,30,63,11,6,74,Matchs
138,Murilo Cerqueira,br BRA,DF,Palmeiras,25,1997,24.1,1141,1278,89.3,23588,8939,319,347,91.9,668,713,93.7,147,196,75.0,2,1.7,1.1,#ERROR!,11,80,1,0,81,Matchs
139,Ricardo Cerqueira,br BRA,MT,Cuiabá,20,2002,0.1,4,4,100.0,84,7,1,1,100.0,3,3,100.0,0,0,,0,0.0,0.0,0.0,0,1,0,0,0,Matchs
140,Júlio César,br BRA,DF,América (MG),19,2003,6.6,271,313,86.6,4814,2084,107,120,89.2,144,157,91.7,18,28,64.3,1,0.0,0.1,#ERROR!,1,15,0,0,21,Matchs
141,Reynaldo Cesar Moraes,br BRA,DF,Cruzeiro,26,1997,0.7,26,32,81.3,511,207,4,5,80.0,21,22,95.5,0,4,0.0,0,0.0,0.0,0.0,0,1,0,0,1,Matchs
142,Reynaldo Cesar Moraes,br BRA,DF,Coritiba,26,1997,2.7,63,82,76.8,1194,449,27,29,93.1,28,32,87.5,7,18,38.9,0,0.0,0.0,0.0,0,0,0,0,0,Matchs
143,Kayky Chagas,br BRA,"AT,MT",Bahia,19,2003,4.6,109,144,75.7,1619,469,63,75,84.0,37,48,77.1,7,13,53.8,1,0.6,0.5,#ERROR!,5,6,5,0,16,Matchs
144,Jhon Chancellor,ve VEN,DF,Coritiba,31,1992,3.4,80,101,79.2,1533,602,32,36,88.9,37,43,86.0,11,21,52.4,0,0.0,0.0,0.0,0,3,0,0,2,Matchs
145,Gabriel Chapecó,br BRA,GB,Grêmio,22,2000,31.0,524,831,63.1,15902,12489,70,73,95.9,220,224,98.2,221,519,42.6,0,0.1,0.0,-0.1,2,7,0,0,0,Matchs
146,Gabriel Chaves,br BRA,"AT,MT",Vasco da Gama,21,2001,29.0,439,590,74.4,6834,1563,242,275,88.0,133,169,78.7,39,80,48.8,4,5.0,4.7,-1.0,30,19,26,15,33,Matchs
147,Jhoanner Chávez,ec ECU,"DF,MT",Bahia,20,2002,6.5,258,334,77.2,3968,1221,139,157,88.5,98,127,77.2,14,29,48.3,0,0.5,0.6,-0.5,12,11,7,5,17,Matchs
148,Chiqueti,br BRA,MT,Ath Paranaense,17,2005,0.2,,,,,,,,,,,,,,,0,,,,,,,,,Matchs
149,Christian,br BRA,"MT,AT",Ath Paranaense,22,2000,15.1,488,611,79.9,7984,2186,243,273,89.0,201,225,89.3,34,61,55.7,0,1.4,1.2,-1.4,17,53,16,2,69,Matchs
150,Cicinho,bg BUL,DF,Bahia,34,1988,8.4,305,384,79.4,4314,1489,198,220,90.0,88,110,80.0,9,22,40.9,0,0.3,0.4,-0.3,8,22,3,1,27,Matchs
Clt,Joueur,Nation,Pos,Équipe,Âge,Naissance,90,Cmp,Att,Cmp%,TotDist,DistBut,Cmp,Att,Cmp%,Cmp,Att,Cmp%,Cmp,Att,Cmp%,PD,xAG,xA,A-xAG,PC,1/3,PPA,CntSR,PrgP,Matchs
151,Cipriano,br BRA,DF,Red Bull Bragantino,20,2002,0.8,26,29,89.7,642,226,5,6,83.3,11,13,84.6,10,10,100.0,0,0.0,0.0,0.0,0,0,0,0,0,Matchs
152,Marcelo Cirino,br BRA,"AT,MT",Ath Paranaense,31,1992,1.1,10,18,55.6,130,15,8,12,66.7,2,3,66.7,0,0,,0,0.1,0.1,-0.1,1,0,0,0,1,Matchs
153,Léo Cittadini,br BRA,MT,Bahia,28,1994,1.5,81,93,87.1,1225,266,40,46,87.0,32,35,91.4,5,5,100.0,0,0.0,0.1,0.0,1,12,1,0,8,Matchs
154,Léo Cittadini,br BRA,"MT,AT",Ath Paranaense,28,1994,2.2,65,79,82.3,955,238,43,47,91.5,20,26,76.9,2,2,100.0,0,0.7,0.4,-0.7,5,6,2,1,8,Matchs
155,Mateus Claus,br BRA,GB,Bahia,28,1994,0.6,11,12,91.7,232,158,3,3,100.0,6,6,100.0,2,3,66.7,0,0.0,0.0,0.0,0,0,0,0,0,Matchs
156,Clayson,br BRA,"AT,MT",Cuiabá,27,1995,18.2,433,632,68.5,7031,2059,226,256,88.3,141,183,77.0,43,116,37.1,2,1.9,2.8,#ERROR!,25,42,17,3,68,Matchs
157,Mateus Cocão,br BRA,MT,Vasco da Gama,20,2002,3.9,205,231,88.7,3313,884,102,108,94.4,80,84,95.2,15,24,62.5,0,0.6,0.4,-0.6,7,23,4,1,23,Matchs
158,Diego Costa,es ESP,AT,Botafogo (RJ),34,1988,5.7,82,128,64.1,1341,306,41,60,68.3,34,44,77.3,5,8,62.5,0,0.1,0.2,-0.1,1,5,3,1,14,Matchs
159,Philippe Costa,br BRA,AT,Goiás,22,2000,1.2,16,18,88.9,241,55,8,10,80.0,5,5,100.0,1,1,100.0,0,0.6,0.4,-0.6,3,2,2,0,2,Matchs
160,Talles Costa,br BRA,"MT,AT",São Paulo,20,2002,1.5,82,93,88.2,1263,271,40,44,90.9,34,37,91.9,4,4,100.0,0,0.0,0.1,0.0,1,7,1,1,10,Matchs
161,Lucas Crispim,br BRA,"MT,DF",Fortaleza,28,1994,5.4,299,352,84.9,5458,1449,126,137,92.0,128,142,90.1,34,47,72.3,0,0.4,0.4,-0.4,13,37,5,2,49,Matchs
162,Franco Cristaldo,ar ARG,"MT,AT",Grêmio,26,1996,23.7,975,1283,76.0,15159,4845,529,614,86.2,306,385,79.5,90,173,52.0,5,4.5,3.9,#ERROR!,52,104,30,7,131,Matchs
163,Tomás Cuello,ar ARG,"MT,AT",Ath Paranaense,22,2000,22.8,670,994,67.4,10923,3545,348,423,82.3,253,368,68.8,54,128,42.2,4,4.7,3.4,-0.7,31,39,30,16,71,Matchs
164,Víctor Cuesta,ar ARG,DF,Botafogo (RJ),34,1988,35.0,1438,1733,83.0,26299,10773,540,586,92.2,764,859,88.9,112,249,45.0,1,0.8,1.2,#ERROR!,12,136,14,8,120,Matchs
165,Cuiabano,br BRA,"DF,MT",Grêmio,19,2003,5.4,132,224,58.9,2188,861,73,95,76.8,38,63,60.3,18,40,45.0,0,0.2,0.2,-0.2,3,9,4,1,16,Matchs
166,Lucas Cunha,br BRA,DF,Red Bull Bragantino,26,1997,0.8,81,88,92.0,1641,638,26,27,96.3,43,46,93.5,12,15,80.0,0,0.0,0.0,0.0,1,14,0,0,8,Matchs
167,Matheus Cunha,br BRA,GB,Flamengo,21,2001,17.6,578,727,79.5,13017,8865,174,177,98.3,271,278,97.5,127,264,48.1,0,0.0,0.0,0.0,0,13,1,0,1,Matchs
168,Ian Custódio,br BRA,DF,Palmeiras,19,2003,0.2,3,7,42.9,54,26,1,1,100.0,2,3,66.7,0,1,0.0,0,0.0,0.0,0.0,0,1,0,0,0,Matchs
169,João Dalla Corte,br BRA,DF,Internacional,16,2006,0.2,6,10,60.0,68,22,5,5,100.0,1,3,33.3,0,1,0.0,0,0.0,0.0,0.0,0,1,0,0,1,Matchs
170,Danielzinho,br BRA,"AT,MT",Bahia,27,1996,0.9,68,83,81.9,1210,398,32,34,94.1,29,35,82.9,6,11,54.5,0,0.2,0.3,-0.2,4,9,5,1,20,Matchs
171,Danielzinho,br BRA,AT,Ath Paranaense,20,2002,0.0,1,2,50.0,31,0,0,1,0.0,0,0,,1,1,100.0,0,0.0,0.0,0.0,0,0,0,0,0,Matchs
172,Danielzinho,br BRA,MT,Fluminense,27,1996,6.8,405,477,84.9,6133,1967,222,245,90.6,131,149,87.9,31,47,66.0,0,1.3,1.3,-1.3,20,55,13,1,65,Matchs
173,David,br BRA,"AT,MT",São Paulo,27,1995,8.1,155,215,72.1,2256,493,81,106,76.4,66,80,82.5,2,8,25.0,2,1.2,1.2,#ERROR!,11,7,12,0,25,Matchs
174,Giorgian De Arrascaeta,uy URU,"MT,AT",Flamengo,28,1994,20.5,773,1051,73.5,12724,3865,406,458,88.6,271,353,76.8,71,158,44.9,6,5.6,6.3,#ERROR!,51,85,55,11,152,Matchs
175,Sergio Antonio De Luiz Junior,br BRA,"MT,DF",Vasco da Gama,27,1995,4.0,89,122,73.0,1188,323,58,65,89.2,26,38,68.4,2,9,22.2,0,0.4,0.2,-0.4,6,6,3,0,10,Matchs
Clt,Joueur,Nation,Pos,Équipe,Âge,Naissance,90,Cmp,Att,Cmp%,TotDist,DistBut,Cmp,Att,Cmp%,Cmp,Att,Cmp%,Cmp,Att,Cmp%,PD,xAG,xA,A-xAG,PC,1/3,PPA,CntSR,PrgP,Matchs
176,Denilson,br BRA,MT,Cuiabá,21,2001,21.2,888,1087,81.7,16007,4004,408,444,91.9,346,405,85.4,112,185,60.5,3,2.6,2.4,#ERROR!,43,111,33,5,128,Matchs
177,Denzel,br BRA,AT,Goiás,20,2003,0.3,4,6,66.7,49,17,2,2,100.0,1,1,100.0,0,0,,0,0.0,0.0,0.0,0,1,1,0,1,Matchs
178,Deyverson,br BRA,AT,Cuiabá,31,1991,32.3,380,671,56.6,6066,1616,199,321,62.0,124,215,57.7,37,67,55.2,2,2.7,1.4,-0.7,35,46,11,0,73,Matchs
179,Leonel Di Plácido,ar ARG,DF,Botafogo (RJ),29,1994,26.2,1058,1329,79.6,17453,7189,537,590,91.0,418,521,80.2,83,150,55.3,4,2.5,2.3,#ERROR!,38,89,30,20,106,Matchs
180,Gabriel Dias,br BRA,DF,Vasco da Gama,28,1994,0.1,1,1,100.0,19,7,0,0,,1,1,100.0,0,0,,0,0.0,0.0,0.0,0,0,0,0,0,Matchs
181,Jean Dias,br BRA,"AT,MT",Internacional,32,1990,3.6,91,126,72.2,1352,220,54,60,90.0,32,46,69.6,3,12,25.0,1,0.3,0.3,#ERROR!,4,3,1,0,5,Matchs
182,Luan Dias,br BRA,"MT,AT",Santos,25,1997,2.1,39,61,63.9,605,200,17,21,81.0,17,22,77.3,2,10,20.0,0,0.0,0.1,0.0,1,3,0,0,6,Matchs
183,Matheus Dias,br BRA,"MT,AT",Internacional,25,1997,4.5,146,198,73.7,2208,520,81,107,75.7,43,57,75.4,12,15,80.0,0,0.1,0.2,-0.1,4,9,7,3,16,Matchs
184,Diego,br BRA,DF,São Paulo,23,1999,19.4,1174,1308,89.8,24944,7599,271,294,92.2,749,777,96.4,143,213,67.1,0,0.1,0.1,-0.1,4,57,0,0,61,Matchs
185,Dieguinho,br BRA,"DF,AT",Goiás,27,1995,12.0,436,545,80.0,7295,2391,219,245,89.4,169,204,82.8,38,65,58.5,1,0.8,1.0,#ERROR!,14,33,8,4,42,Matchs
186,Diogo,br BRA,"AT,MT",Coritiba,26,1996,8.4,120,175,68.6,1609,308,57,79,72.2,42,57,73.7,4,9,44.4,1,0.3,0.5,#ERROR!,6,9,4,1,10,Matchs
187,Dodi,br BRA,MT,Santos,26,1996,19.1,437,524,83.4,6680,1511,247,278,88.8,144,168,85.7,30,48,62.5,0,0.5,0.4,-0.5,8,23,1,0,27,Matchs
188,Dodô,br BRA,DF,Atlético Mineiro,30,1992,0.7,46,56,82.1,746,182,21,25,84.0,23,26,88.5,2,5,40.0,0,0.0,0.0,0.0,0,4,0,0,8,Matchs
189,Dodô,br BRA,DF,Santos,30,1992,15.8,685,835,82.0,10327,4362,381,416,91.6,249,299,83.3,35,72,48.6,1,1.7,0.8,-0.7,6,61,7,1,82,Matchs
190,Dodô,br BRA,"MT,AT",Goiás,21,2001,3.6,120,152,78.9,2047,474,59,66,89.4,43,51,84.3,11,22,50.0,0,0.4,0.5,-0.4,8,8,2,1,13,Matchs
191,Thiago Dombroski,br BRA,DF,Coritiba,20,2002,5.6,197,260,75.8,4403,2044,52,57,91.2,108,122,88.5,36,78,46.2,0,0.0,0.0,0.0,0,22,0,0,21,Matchs
192,Halerrandrio dos Santos,br BRA,MT,Goiás,16,2006,0.3,1,3,33.3,12,0,1,2,50.0,0,0,,0,1,0.0,0,0.0,0.0,0.0,0,0,0,0,0,Matchs
193,Thiago dos Santos,br BRA,"DF,MT",Fluminense,33,1989,9.1,537,634,84.7,10043,3963,223,239,93.3,236,265,89.1,63,102,61.8,0,0.1,0.2,-0.1,2,43,3,0,50,Matchs
194,Henrique Dourado,br BRA,AT,Cruzeiro,33,1989,3.8,44,64,68.8,526,107,24,32,75.0,12,16,75.0,1,3,33.3,0,0.7,0.5,-0.7,5,2,2,0,4,Matchs
195,David Duarte,br BRA,DF,Bahia,28,1995,9.6,381,459,83.0,7762,2555,95,111,85.6,239,257,93.0,41,79,51.9,0,0.0,0.1,0.0,0,18,0,0,17,Matchs
196,Dudu,br BRA,MT,Ath Paranaense,17,2006,0.0,0,0,,0,0,0,0,,0,0,,0,0,,0,0.0,0.0,0.0,0,0,0,0,0,Matchs
197,Dudu,br BRA,AT,Palmeiras,31,1992,12.0,313,434,72.1,5995,1610,138,166,83.1,122,158,77.2,47,78,60.3,3,3.4,1.8,-0.4,25,28,27,7,74,Matchs
198,Éberth,br BRA,AT,Coritiba,19,2003,0.3,3,4,75.0,18,1,2,3,66.7,0,0,,0,0,,0,0.0,0.0,0.0,0,0,0,0,0,Matchs
199,Edenílson,br BRA,"MT,AT",Atlético Mineiro,33,1989,15.2,575,674,85.3,9059,2490,298,336,88.7,221,244,90.6,39,57,68.4,2,1.8,1.3,#ERROR!,16,52,8,2,57,Matchs
200,Eder,br BRA,DF,América (MG),27,1995,17.4,554,692,80.1,11569,5119,173,191,90.6,290,331,87.6,89,160,55.6,0,0.2,0.3,-0.2,3,49,5,1,54,Matchs
Clt,Joueur,Nation,Pos,Équipe,Âge,Naissance,90,Cmp,Att,Cmp%,TotDist,DistBut,Cmp,Att,Cmp%,Cmp,Att,Cmp%,Cmp,Att,Cmp%,PD,xAG,xA,A-xAG,PC,1/3,PPA,CntSR,PrgP,Matchs
201,EDU,br BRA,DF,Goiás,22,2000,4.8,188,222,84.7,3984,1595,50,50,100.0,107,123,87.0,29,44,65.9,0,0.1,0.0,-0.1,1,10,2,1,10,Matchs
202,Edu,br BRA,"AT,MT",Coritiba,29,1993,3.6,54,84,64.3,858,210,28,41,68.3,19,27,70.4,4,4,100.0,0,0.4,0.4,-0.4,4,6,2,1,7,Matchs
203,Carlos Eduardo,br BRA,"MT,AT",Atlético Mineiro,18,2004,0.1,1,1,100.0,32,18,0,0,,0,0,,1,1,100.0,0,0.0,0.0,0.0,0,0,1,0,1,Matchs
204,Carlos Eduardo,br BRA,MT,Botafogo (RJ),33,1989,29.7,928,1142,81.3,17526,4728,367,421,87.2,404,475,85.1,131,185,70.8,6,6.0,3.8,0.0,42,133,19,4,156,Matchs
205,Eguinaldo,br BRA,"AT,MT",Vasco da Gama,18,2004,0.7,6,12,50.0,100,24,4,7,57.1,1,2,50.0,1,1,100.0,0,0.0,0.0,0.0,1,1,0,0,2,Matchs
206,Rafael Elias,br BRA,AT,Cruzeiro,23,1999,6.0,68,105,64.8,1014,199,40,52,76.9,20,35,57.1,5,9,55.6,0,0.5,0.9,-0.5,5,5,4,0,10,Matchs
207,Rodrigo Ely,br BRA,DF,Grêmio,29,1993,7.4,156,206,75.7,3126,1391,53,59,89.8,77,88,87.5,25,51,49.0,0,0.1,0.0,-0.1,1,7,0,0,7,Matchs
208,Lucas Emmanuel,br BRA,AT,Goiás,22,2000,0.6,3,8,37.5,45,12,1,4,25.0,2,4,50.0,0,0,,0,0.0,0.0,0.0,0,1,0,0,0,Matchs
209,Leandro Emmanuel Martínez,ar ARG,MT,América (MG),28,1994,28.2,1177,1475,79.8,18334,5971,640,706,90.7,402,499,80.6,87,172,50.6,5,4.5,5.6,#ERROR!,65,127,40,14,155,Matchs
210,Alan Empereur,br BRA,DF,Cuiabá,28,1994,32.8,1426,1670,85.4,29782,13262,496,546,90.8,702,753,93.2,219,344,63.7,1,0.8,1.2,#ERROR!,7,139,8,2,138,Matchs
211,Endrick,br BRA,AT,Palmeiras,16,2006,17.3,255,359,71.0,4292,1051,130,164,79.3,86,113,76.1,29,41,70.7,0,1.8,2.2,-1.8,15,27,18,4,45,Matchs
212,Erick,br BRA,MT,Ath Paranaense,25,1997,27.8,982,1148,85.5,17025,5792,442,490,90.2,430,484,88.8,89,124,71.8,4,3.0,1.8,#ERROR!,17,92,10,2,124,Matchs
213,Erison,br BRA,"AT,MT",São Paulo,23,1999,4.3,21,34,61.8,225,46,15,21,71.4,4,6,66.7,0,3,0.0,1,0.4,0.0,#ERROR!,3,2,0,0,2,Matchs
214,Gonzalo Escobar,ar ARG,DF,Fortaleza,25,1997,6.4,280,365,76.7,4896,1431,133,146,91.1,120,158,75.9,24,45,53.3,1,0.2,0.5,#ERROR!,4,23,7,4,25,Matchs
215,Lucas Esquivel,ar ARG,DF,Ath Paranaense,21,2001,18.3,793,1071,74.0,13225,5356,400,445,89.9,322,420,76.7,61,160,38.1,1,1.4,1.6,-0.4,19,63,8,7,69,Matchs
216,Estevão,br BRA,MT,Internacional,20,2002,0.1,10,11,90.9,250,44,2,2,100.0,5,6,83.3,3,3,100.0,0,0.0,0.0,0.0,0,4,0,0,2,Matchs
217,Estevão,br BRA,DF,Palmeiras,16,2006,0.1,3,4,75.0,39,1,2,2,100.0,1,2,50.0,0,0,,0,0.0,0.0,0.0,0,0,0,0,0,Matchs
218,Vitor Eudes,br BRA,GB,Fluminense,24,1998,1.0,21,24,87.5,326,183,8,8,100.0,10,10,100.0,1,4,25.0,0,0.0,0.0,0.0,0,0,0,0,0,Matchs
219,Lucas Evangelista,br BRA,MT,Red Bull Bragantino,27,1995,30.2,1152,1515,76.0,17480,5681,662,769,86.1,343,434,79.0,95,200,47.5,6,7.1,7.4,-1.1,77,117,41,13,165,Matchs
220,Everaldo,br BRA,"AT,MT",América (MG),28,1994,13.7,328,430,76.3,5115,1489,186,208,89.4,107,146,73.3,25,43,58.1,3,2.2,2.0,#ERROR!,21,28,16,5,52,Matchs
221,Éverson,br BRA,GB,Atlético Mineiro,32,1990,36.0,752,1064,70.7,22858,17894,111,111,100.0,311,314,99.0,325,632,51.4,0,0.0,0.1,0.0,1,12,0,0,1,Matchs
222,Everton,br BRA,"AT,MT",Grêmio,25,1997,13.5,322,410,78.5,4644,1261,184,216,85.2,101,124,81.5,19,27,70.4,2,1.1,1.2,#ERROR!,20,30,17,1,50,Matchs
223,Bruno Fabiano Alves,br BRA,DF,Grêmio,31,1991,27.2,751,899,83.5,14028,5535,254,279,91.0,414,468,88.5,70,131,53.4,0,0.0,0.1,0.0,1,30,1,1,36,Matchs
224,Fabinho,br BRA,MT,Palmeiras,20,2002,6.5,261,316,82.6,5256,1427,103,121,85.1,112,127,88.2,41,52,78.8,0,0.1,0.1,-0.1,3,40,0,0,44,Matchs
225,Fábio,br BRA,GB,Fluminense,42,1980,35.0,940,1049,89.6,16320,10342,339,343,98.8,389,394,98.7,107,202,53.0,0,0.0,0.0,0.0,0,0,0,0,0,Matchs
Clt,Joueur,Nation,Pos,Équipe,Âge,Naissance,90,Cmp,Att,Cmp%,TotDist,DistBut,Cmp,Att,Cmp%,Cmp,Att,Cmp%,Cmp,Att,Cmp%,PD,xAG,xA,A-xAG,PC,1/3,PPA,CntSR,PrgP,Matchs
226,Fábio,br BRA,"DF,MT",Grêmio,32,1990,9.7,361,476,75.8,5469,2411,210,235,89.4,120,173,69.4,22,49,44.9,2,0.8,1.3,#ERROR!,12,25,16,11,42,Matchs
227,Fagner,br BRA,DF,Corinthians,33,1989,23.3,1209,1573,76.9,21565,9894,546,600,91.0,519,667,77.8,128,254,50.4,1,2.3,3.3,-1.3,41,135,34,17,138,Matchs
228,Willian Farias,br BRA,MT,Coritiba,33,1989,10.7,384,452,85.0,6675,1925,162,182,89.0,185,205,90.2,32,47,68.1,0,0.0,0.2,0.0,3,35,1,0,41,Matchs
229,Luiz Felipe,br BRA,DF,Santos,29,1993,0.0,0,0,,0,0,0,0,,0,0,,0,0,,0,0.0,0.0,0.0,0,0,0,0,0,Matchs
230,Marcos Felipe,br BRA,GB,Bahia,26,1996,37.0,793,1138,69.7,23328,17468,154,157,98.1,339,349,97.1,295,622,47.4,0,0.0,0.0,0.0,0,11,1,0,0,Matchs
231,Matheus Felipe,br BRA,DF,Ath Paranaense,24,1998,5.9,205,245,83.7,3835,1358,81,90,90.0,103,114,90.4,20,36,55.6,0,0.1,0.2,-0.1,2,9,0,0,17,Matchs
232,Danilo Fernandes,br BRA,GB,Bahia,34,1988,0.4,9,14,64.3,198,159,3,3,100.0,5,5,100.0,1,6,16.7,0,0.0,0.0,0.0,0,0,0,0,0,Matchs
233,Lucas Fernandes,br BRA,MT,Botafogo (RJ),25,1997,5.3,209,255,82.0,3605,1079,93,99,93.9,93,107,86.9,19,37,51.4,0,0.5,0.6,-0.5,7,21,4,0,35,Matchs
234,Matheus Fernandes,br BRA,MT,Red Bull Bragantino,24,1998,26.0,1038,1260,82.4,17497,4914,509,579,87.9,414,483,85.7,93,130,71.5,3,1.5,1.7,#ERROR!,30,139,21,1,143,Matchs
235,Nathan Fernandes,br BRA,"AT,MT",Grêmio,17,2005,4.2,84,113,74.3,1137,268,53,66,80.3,25,34,73.5,3,4,75.0,1,0.2,0.2,#ERROR!,6,4,4,0,10,Matchs
236,Gatito Fernández,py PAR,GB,Botafogo (RJ),34,1988,0.5,11,13,84.6,259,166,4,4,100.0,4,4,100.0,3,5,60.0,0,0.0,0.0,0.0,0,0,0,0,0,Matchs
237,Leonardo Fernández,uy URU,"MT,AT",Fluminense,24,1998,7.3,308,433,71.1,5459,1610,163,188,86.7,89,123,72.4,45,88,51.1,0,1.0,1.2,-1.0,13,33,11,5,45,Matchs
238,Rodrigo Fernández,uy URU,MT,Santos,27,1996,22.4,709,899,78.9,13953,3683,293,329,89.1,297,358,83.0,106,174,60.9,0,0.1,0.7,-0.1,5,79,4,0,74,Matchs
239,Fernandinho,br BRA,MT,Ath Paranaense,37,1985,21.5,1029,1222,84.2,19680,7369,449,504,89.1,405,456,88.8,152,213,71.4,3,2.0,3.1,#ERROR!,36,156,38,3,192,Matchs
240,Fernando,br BRA,DF,Ath Paranaense,23,1999,5.3,260,322,80.7,4280,1311,137,148,92.6,106,127,83.5,14,35,40.0,2,0.9,0.6,#ERROR!,8,18,7,6,15,Matchs
241,Nahuel Ferraresi,ve VEN,AT,São Paulo,24,1998,0.0,2,2,100.0,22,0,2,2,100.0,0,0,,0,0,,0,0.0,0.0,0.0,0,0,0,0,0,Matchs
242,Ferreira,br BRA,"AT,MT",Grêmio,25,1997,12.7,416,523,79.5,6582,1935,243,279,87.1,129,154,83.8,35,54,64.8,3,2.3,2.4,#ERROR!,17,33,27,1,61,Matchs
243,Sebastián Ferreira,py PAR,"AT,MT",Vasco da Gama,24,1998,4.9,89,116,76.7,1142,198,54,61,88.5,20,27,74.1,4,5,80.0,1,0.3,0.3,#ERROR!,6,2,3,1,13,Matchs
244,Figueiredo,br BRA,"AT,MT",Vasco da Gama,21,2001,7.3,164,248,66.1,2579,691,90,120,75.0,54,77,70.1,13,29,44.8,0,0.9,1.2,-0.9,9,19,5,2,21,Matchs
245,Tobias Figueiredo,pt POR,DF,Fortaleza,28,1994,3.8,158,183,86.3,3151,1080,50,54,92.6,91,100,91.0,16,25,64.0,0,0.0,0.0,0.0,1,8,0,0,7,Matchs
246,Matheus França,br BRA,"MT,AT",Flamengo,18,2004,4.1,111,152,73.0,1698,334,61,75,81.3,39,51,76.5,7,11,63.6,0,0.5,0.8,-0.5,7,11,2,0,11,Matchs
247,Alan Franco,ec ECU,"MT,AT",Atlético Mineiro,24,1998,9.3,304,357,85.2,5062,1353,137,155,88.4,132,149,88.6,22,33,66.7,0,0.3,0.6,-0.3,7,26,3,0,27,Matchs
248,Alan Franco,ar ARG,DF,São Paulo,26,1996,12.5,852,929,91.7,16011,5675,275,296,92.9,509,527,96.6,61,89,68.5,1,0.1,0.1,#ERROR!,3,42,0,0,48,Matchs
249,Fransérgio,br BRA,MT,Coritiba,32,1990,5.9,234,298,78.5,4171,1133,99,122,81.1,111,124,89.5,22,37,59.5,0,0.1,0.1,-0.1,3,25,3,1,21,Matchs
250,Marlon Freitas,br BRA,MT,Botafogo (RJ),27,1995,32.3,1638,1892,86.6,33331,8466,576,643,89.6,758,830,91.3,275,350,78.6,2,2.2,2.8,-0.2,27,211,26,4,204,Matchs
Clt,Joueur,Nation,Pos,Équipe,Âge,Naissance,90,Cmp,Att,Cmp%,TotDist,DistBut,Cmp,Att,Cmp%,Cmp,Att,Cmp%,Cmp,Att,Cmp%,PD,xAG,xA,A-xAG,PC,1/3,PPA,CntSR,PrgP,Matchs
251,Bruno Fuchs,br BRA,DF,Atlético Mineiro,23,1999,12.1,555,662,83.8,11762,4059,158,175,90.3,308,339,90.9,87,137,63.5,0,0.2,0.2,-0.2,2,37,4,1,34,Matchs
252,Julio Furch,ar ARG,"AT,MT",Santos,33,1989,6.8,126,195,64.6,1790,321,68,104,65.4,37,53,69.8,8,11,72.7,0,0.6,0.5,-0.6,7,8,2,0,15,Matchs
253,Gabriel,br BRA,DF,Bahia,21,2001,10.9,407,517,78.7,7824,2699,158,177,89.3,194,228,85.1,51,99,51.5,0,0.2,0.1,-0.2,2,26,2,0,32,Matchs
254,Gabriel,br BRA,MT,Internacional,30,1992,8.5,601,656,91.6,9862,2971,291,313,93.0,262,278,94.2,35,40,87.5,0,0.3,0.4,-0.3,6,60,4,2,37,Matchs
255,Gabriel,br BRA,GB,Coritiba,30,1992,30.7,663,1002,66.2,19582,15028,123,125,98.4,278,280,99.3,241,572,42.1,1,0.2,0.1,#ERROR!,1,21,1,0,0,Matchs
256,Gabriel,br BRA,MT,Botafogo (RJ),29,1993,9.6,397,541,73.4,7390,2603,190,233,81.5,137,178,77.0,61,99,61.6,1,1.5,1.5,-0.5,17,52,13,6,56,Matchs
257,Eduardo Gabriel,br BRA,DF,Santos,26,1996,3.0,89,106,84.0,1534,615,35,42,83.3,47,51,92.2,5,11,45.5,0,0.0,0.0,0.0,0,4,0,0,6,Matchs
258,Thalisson Gabriel,br BRA,DF,Coritiba,21,2002,10.5,380,464,81.9,7343,2481,116,134,86.6,226,262,86.3,34,55,61.8,0,0.1,0.1,-0.1,2,15,0,0,23,Matchs
259,Zé Gabriel,br BRA,MT,Vasco da Gama,24,1999,21.5,944,1078,87.6,18191,5539,349,390,89.5,463,500,92.6,117,149,78.5,0,0.2,0.4,-0.2,6,79,2,0,89,Matchs
260,Ighor Gabryel,br BRA,AT,América (MG),20,2003,0.3,6,7,85.7,83,19,5,5,100.0,1,1,100.0,0,1,0.0,0,0.0,0.0,0.0,0,0,0,0,0,Matchs
261,Matías Galarza,py PAR,MT,Vasco da Gama,20,2002,4.5,93,135,68.9,1449,397,46,55,83.6,40,50,80.0,5,17,29.4,0,0.1,0.1,-0.1,2,10,4,3,10,Matchs
262,Thiago Galhardo,br BRA,"AT,MT",Fortaleza,33,1989,20.8,343,488,70.3,4883,1506,205,261,78.5,101,141,71.6,20,38,52.6,4,2.8,2.8,#ERROR!,25,45,20,1,70,Matchs
263,JP Galvão,br BRA,DF,Botafogo (RJ),21,2001,2.2,67,87,77.0,1381,456,27,31,87.1,31,40,77.5,9,15,60.0,0,0.0,0.0,0.0,0,6,1,1,6,Matchs
264,Ganso,br BRA,MT,Fluminense,33,1989,19.3,1201,1394,86.2,16715,5427,746,818,91.2,347,392,88.5,60,100,60.0,7,3.5,4.0,#ERROR!,38,136,25,1,143,Matchs
265,Maurício Garcez,br BRA,"MT,AT",Coritiba,25,1997,6.6,92,137,67.2,1175,302,66,77,85.7,23,40,57.5,2,7,28.6,0,0.3,0.3,-0.3,5,7,4,3,11,Matchs
266,García,br BRA,DF,Palmeiras,21,2002,3.3,134,183,73.2,2514,967,56,62,90.3,61,78,78.2,14,35,40.0,0,0.1,0.1,-0.1,3,9,2,2,7,Matchs
267,Bryan García,ec ECU,MT,Ath Paranaense,22,2001,0.0,0,0,,0,0,0,0,,0,0,,0,0,,0,0.0,0.0,0.0,0,0,0,0,0,Matchs
268,Luan Garcia,br BRA,DF,Palmeiras,29,1993,20.2,880,1036,84.9,21298,7748,140,151,92.7,528,567,93.1,209,297,70.4,1,0.6,0.6,#ERROR!,6,87,4,2,80,Matchs
269,Rafael Gava,br BRA,MT,Cuiabá,29,1993,0.2,5,6,83.3,71,32,4,4,100.0,1,2,50.0,0,0,,0,0.1,0.0,-0.1,2,0,0,0,0,Matchs
270,Pedro Geromel,br BRA,DF,Grêmio,37,1985,5.2,195,232,84.1,3868,1486,53,56,94.6,120,132,90.9,22,40,55.0,0,0.0,0.0,0.0,0,4,0,0,7,Matchs
271,Gerson,br BRA,MT,Flamengo,25,1997,29.9,1305,1521,85.8,19619,4789,761,835,91.1,421,471,89.4,80,105,76.2,8,5.4,5.0,#ERROR!,61,140,39,7,178,Matchs
272,Gil,br BRA,DF,Corinthians,35,1987,32.0,1284,1458,88.1,24897,9602,400,434,92.2,762,810,94.1,113,193,58.5,2,1.4,1.1,#ERROR!,3,38,3,0,44,Matchs
273,Gilberto,br BRA,AT,Cruzeiro,33,1989,12.1,200,266,75.2,2591,461,117,144,81.3,52,69,75.4,9,12,75.0,1,0.9,0.5,#ERROR!,8,11,2,1,12,Matchs
274,Gilberto,br BRA,DF,Bahia,29,1993,20.6,979,1204,81.3,15825,5467,518,575,90.1,370,441,83.9,72,120,60.0,2,1.3,2.1,#ERROR!,15,92,31,11,120,Matchs
275,Giovane,br BRA,AT,Corinthians,19,2003,1.5,19,27,70.4,252,9,13,14,92.9,1,3,33.3,2,4,50.0,0,0.0,0.0,0.0,0,1,0,0,1,Matchs
Clt,Joueur,Nation,Pos,Équipe,Âge,Naissance,90,Cmp,Att,Cmp%,TotDist,DistBut,Cmp,Att,Cmp%,Cmp,Att,Cmp%,Cmp,Att,Cmp%,PD,xAG,xA,A-xAG,PC,1/3,PPA,CntSR,PrgP,Matchs
276,Giovani,br BRA,AT,Palmeiras,19,2004,0.2,4,9,44.4,87,27,2,3,66.7,1,3,33.3,1,2,50.0,0,0.0,0.0,0.0,0,1,0,0,2,Matchs
277,Giovanni,br BRA,"MT,DF",Fluminense,21,2002,1.1,75,88,85.2,864,146,57,64,89.1,13,14,92.9,1,2,50.0,0,0.3,0.2,-0.3,2,3,1,1,2,Matchs
278,Bruno Gomes,br BRA,MT,Coritiba,21,2001,24.4,682,901,75.7,10843,3585,337,404,83.4,266,320,83.1,46,105,43.8,1,2.1,1.1,-1.1,28,91,11,2,115,Matchs
279,Igor Gomes,br BRA,"MT,AT",Atlético Mineiro,23,1999,15.3,523,706,74.1,8869,2142,245,294,83.3,201,248,81.0,58,110,52.7,2,3.2,2.8,-1.2,30,43,21,5,67,Matchs
280,Igor Gomes,br BRA,DF,Internacional,21,2001,16.3,829,1040,79.7,14920,4872,356,395,90.1,391,456,85.7,75,146,51.4,0,0.3,0.5,-0.3,5,43,3,2,53,Matchs
281,Marlon Gomes,br BRA,MT,Vasco da Gama,19,2003,12.7,,,,,,,,,,,,,,,1,,,,,,,,,Matchs
282,William Gomes,br BRA,AT,São Paulo,16,2006,0.8,9,18,50.0,217,96,3,3,100.0,3,4,75.0,3,10,30.0,0,0.1,0.0,-0.1,1,1,2,1,2,Matchs
283,Gustavo Gómez,py PAR,DF,Palmeiras,29,1993,30.7,1393,1676,83.1,27579,10408,404,463,87.3,816,909,89.8,151,260,58.1,3,2.8,1.9,#ERROR!,12,84,3,3,86,Matchs
284,Sebastián Gómez,co COL,MT,Coritiba,26,1996,15.9,454,544,83.5,7085,1701,240,262,91.6,179,212,84.4,28,44,63.6,1,0.5,0.4,#ERROR!,13,42,4,1,42,Matchs
285,Aloísio dos Santos Gonçalves,cn CHN,"AT,MT",América (MG),34,1988,8.0,99,161,61.5,1312,322,55,82,67.1,28,39,71.8,4,8,50.0,1,0.7,0.7,#ERROR!,5,7,4,1,9,Matchs
286,Diego Gonçalves,br BRA,"AT,MT",Goiás,28,1994,4.0,87,115,75.7,1180,310,56,67,83.6,22,31,71.0,4,7,57.1,0,0.4,0.3,-0.4,4,4,6,2,11,Matchs
287,Mateus Gonçalves Martins,br BRA,"MT,AT",América (MG),28,1994,0.7,23,28,82.1,345,54,12,13,92.3,9,10,90.0,1,2,50.0,0,0.0,0.1,0.0,0,0,0,0,0,Matchs
288,Matheus Gonçalves,br BRA,"AT,MT",Flamengo,17,2005,0.2,15,18,83.3,195,50,8,9,88.9,6,6,100.0,0,2,0.0,0,0.1,0.0,-0.1,1,0,1,0,3,Matchs
289,Matheus Gonçalves,br BRA,"AT,MT",Red Bull Bragantino,17,2005,5.1,212,275,77.1,3083,833,124,142,87.3,63,81,77.8,14,30,46.7,1,0.9,0.9,#ERROR!,14,17,12,3,22,Matchs
290,Yony González,co COL,"AT,MT",Fluminense,28,1994,6.4,89,129,69.0,929,145,74,82,90.2,11,27,40.7,1,4,25.0,1,0.7,0.6,#ERROR!,7,2,4,1,4,Matchs
291,Roger Guedes,br BRA,"AT,MT",Corinthians,26,1996,15.0,374,494,75.7,5623,1280,241,280,86.1,93,124,75.0,30,53,56.6,1,0.8,0.8,#ERROR!,16,31,8,1,50,Matchs
292,Guga,br BRA,DF,Fluminense,24,1998,16.8,838,980,85.5,12339,3794,491,523,93.9,266,310,85.8,55,84,65.5,3,2.1,1.8,#ERROR!,18,54,18,6,73,Matchs
293,Guilherme,br BRA,MT,Goiás,31,1991,20.6,684,918,74.5,12703,4372,297,348,85.3,267,323,82.7,99,200,49.5,6,3.2,3.9,#ERROR!,48,66,11,2,103,Matchs
294,Guilherme,br BRA,"AT,MT",Fortaleza,27,1995,15.7,330,509,64.8,5342,1497,163,204,79.9,127,186,68.3,25,80,31.3,3,2.9,1.8,#ERROR!,22,28,19,7,29,Matchs
295,Guilherme,br BRA,"DF,MT",Red Bull Bragantino,20,2002,2.9,108,154,70.1,1660,791,60,70,85.7,39,60,65.0,6,13,46.2,0,0.0,0.1,0.0,1,9,3,1,11,Matchs
296,Luis Guilherme,br BRA,"AT,MT",Palmeiras,16,2006,6.4,182,246,74.0,3367,744,86,99,86.9,67,88,76.1,27,45,60.0,0,1.2,1.0,-1.2,12,16,14,6,28,Matchs
297,Gustavinho,br BRA,"AT,MT",Grêmio,21,2001,0.4,13,21,61.9,199,98,3,6,50.0,7,8,87.5,1,5,20.0,0,0.1,0.1,-0.1,1,0,1,0,2,Matchs
298,Gustavinho,br BRA,"MT,AT",Red Bull Bragantino,18,2004,7.4,225,298,75.5,3364,899,133,158,84.2,70,87,80.5,17,35,48.6,0,0.4,0.3,-0.4,4,31,6,1,37,Matchs
299,Raphael Guzzo,pt POR,MT,Goiás,28,1995,6.4,264,313,84.3,4219,1332,134,148,90.5,110,122,90.2,13,25,52.0,0,0.6,1.0,-0.6,5,41,6,0,47,Matchs
300,Lucas Halter,br BRA,DF,Goiás,22,2000,28.7,1010,1229,82.2,21384,8953,274,303,90.4,573,655,87.5,151,231,65.4,0,0.2,0.6,-0.2,5,81,6,0,107,Matchs
Clt,Joueur,Nation,Pos,Équipe,Âge,Naissance,90,Cmp,Att,Cmp%,TotDist,DistBut,Cmp,Att,Cmp%,Cmp,Att,Cmp%,Cmp,Att,Cmp%,PD,xAG,xA,A-xAG,PC,1/3,PPA,CntSR,PrgP,Matchs
301,Hayner,br BRA,"DF,MT",Coritiba,27,1995,3.4,96,142,67.6,1726,729,43,57,75.4,41,61,67.2,11,19,57.9,0,0.3,0.2,-0.3,5,13,3,1,14,Matchs
302,Thiago Heleno,br BRA,DF,Ath Paranaense,34,1988,30.9,1276,1526,83.6,28855,11946,279,319,87.5,748,810,92.3,236,363,65.0,0,0.4,0.7,-0.4,5,83,7,0,87,Matchs
303,Helinho,br BRA,AT,Red Bull Bragantino,22,2000,15.4,531,780,68.1,8684,2376,298,348,85.6,166,236,70.3,55,132,41.7,2,3.9,3.9,-1.9,34,42,26,5,73,Matchs
304,Henrique,br BRA,DF,Coritiba,36,1986,22.5,643,726,88.6,12353,4244,222,243,91.4,348,373,93.3,68,98,69.4,0,0.0,0.3,0.0,0,21,0,0,31,Matchs
305,Bruno Henrique,br BRA,"AT,MT",Flamengo,32,1990,17.1,378,502,75.3,5388,1053,251,291,86.3,102,128,79.7,19,31,61.3,1,1.9,1.9,-0.9,23,21,18,5,39,Matchs
306,Bruno Henrique,br BRA,MT,Internacional,33,1989,11.7,621,746,83.2,10862,3167,292,325,89.8,251,284,88.4,67,108,62.0,0,1.8,2.2,-1.8,27,76,14,3,78,Matchs
307,Dalbert Henrique,br BRA,DF,Internacional,29,1993,5.5,246,328,75.0,4090,1453,113,130,86.9,112,138,81.2,13,33,39.4,0,0.2,0.2,-0.2,4,21,3,2,21,Matchs
308,Fernando Henrique,br BRA,MT,Cruzeiro,21,2001,1.5,38,46,82.6,724,166,13,15,86.7,17,20,85.0,5,5,100.0,0,0.0,0.0,0.0,0,6,1,0,4,Matchs
309,Luis Henrique,br BRA,"AT,MT",Botafogo (RJ),21,2001,15.3,487,624,78.0,8053,1889,257,301,85.4,172,210,81.9,44,73,60.3,2,1.6,1.7,#ERROR!,32,32,23,4,63,Matchs
310,Mateus Henrique,br BRA,DF,América (MG),20,2002,6.0,196,275,71.3,3326,1305,89,109,81.7,80,110,72.7,18,39,46.2,1,0.6,0.6,#ERROR!,6,17,6,3,18,Matchs
311,Paulo Henrique,br BRA,DF,Vasco da Gama,26,1996,9.5,353,481,73.4,5782,2214,181,196,92.3,138,196,70.4,27,59,45.8,1,0.9,1.2,#ERROR!,13,22,10,8,30,Matchs
312,Pedro Henrique,br BRA,DF,Ath Paranaense,27,1995,9.5,399,472,84.5,8587,3591,120,132,90.9,210,229,91.7,65,103,63.1,0,0.1,0.5,-0.1,1,26,4,1,35,Matchs
313,Pedro Henrique,br BRA,"AT,MT",Internacional,32,1990,14.1,257,362,71.0,4193,681,145,172,84.3,86,123,69.9,20,47,42.6,2,1.0,1.6,#ERROR!,14,11,10,3,24,Matchs
314,Breno Herculano,br BRA,"AT,MT",Goiás,23,1999,0.9,8,14,57.1,109,17,5,10,50.0,3,3,100.0,0,0,,0,0.0,0.0,0.0,1,0,0,0,1,Matchs
315,Hércules,br BRA,MT,Fortaleza,22,2000,8.6,256,313,81.8,4506,1164,122,138,88.4,101,118,85.6,29,42,69.0,0,0.1,0.2,-0.1,4,31,2,1,32,Matchs
316,Diego Hernández,uy URU,AT,Botafogo (RJ),22,2000,0.5,9,13,69.2,118,14,5,5,100.0,2,5,40.0,1,2,50.0,0,0.0,0.0,0.0,0,1,0,0,1,Matchs
317,Nicolás Hernández,co COL,DF,Internacional,25,1998,14.4,680,780,87.2,13059,4400,238,252,94.4,380,410,92.7,57,102,55.9,2,1.0,1.0,#ERROR!,2,52,3,1,65,Matchs
318,Lucca Holanda,br BRA,AT,Internacional,19,2003,6.1,86,125,68.8,1035,96,61,74,82.4,19,34,55.9,1,2,50.0,1,0.1,0.1,#ERROR!,3,0,1,0,3,Matchs
319,Hugo,br BRA,DF,Goiás,25,1997,15.8,517,737,70.1,8794,4348,273,318,85.8,185,269,68.8,52,111,46.8,1,1.7,1.9,-0.7,16,40,17,4,61,Matchs
320,Hugo,br BRA,DF,Botafogo (RJ),21,2001,15.5,607,788,77.0,9797,3725,323,357,90.5,212,268,79.1,50,115,43.5,2,1.6,1.5,#ERROR!,19,61,11,8,69,Matchs
321,Victor Hugo,br BRA,"MT,AT",Flamengo,18,2004,14.2,575,674,85.3,9260,2101,297,332,89.5,245,273,89.7,29,45,64.4,2,1.7,2.4,#ERROR!,13,69,17,2,78,Matchs
322,Vitor Hugo,br BRA,DF,Bahia,31,1991,23.7,896,1045,85.7,17690,6526,274,307,89.3,529,575,92.0,90,142,63.4,0,0.5,0.6,-0.5,4,72,5,0,85,Matchs
323,Hulk,br BRA,AT,Atlético Mineiro,36,1986,32.7,651,1000,65.1,10284,3063,353,450,78.4,194,293,66.2,68,152,44.7,11,6.9,6.3,#ERROR!,60,50,45,7,109,Matchs
324,José Hurtado,ec ECU,DF,Red Bull Bragantino,21,2001,18.0,745,993,75.0,11988,5052,386,450,85.8,303,396,76.5,44,98,44.9,0,1.1,1.6,-1.1,14,62,20,11,86,Matchs
325,Hyoran,br BRA,"MT,AT",Atlético Mineiro,29,1993,7.7,202,298,67.8,3493,935,97,109,89.0,83,111,74.8,19,56,33.9,0,3.1,2.7,-3.1,16,23,10,3,35,Matchs
Clt,Joueur,Nation,Pos,Équipe,Âge,Naissance,90,Cmp,Att,Cmp%,TotDist,DistBut,Cmp,Att,Cmp%,Cmp,Att,Cmp%,Cmp,Att,Cmp%,PD,xAG,xA,A-xAG,PC,1/3,PPA,CntSR,PrgP,Matchs
326,Igor,br BRA,MT,Flamengo,19,2003,0.9,51,56,91.1,869,152,25,28,89.3,21,22,95.5,4,4,100.0,0,0.0,0.0,0.0,0,5,0,0,6,Matchs
327,André Inácio,br BRA,AT,Flamengo,20,2002,0.2,2,2,100.0,18,2,2,2,100.0,0,0,,0,0,,0,0.0,0.0,0.0,0,0,0,0,0,Matchs
328,Gabriel Inocêncio,br BRA,DF,Santos,28,1994,14.2,539,711,75.8,8253,3573,300,345,87.0,206,281,73.3,23,53,43.4,0,0.3,0.6,-0.3,6,37,8,5,51,Matchs
329,Isaac,br BRA,AT,Atlético Mineiro,18,2004,0.2,2,3,66.7,13,0,2,3,66.7,0,0,,0,0,,0,0.0,0.0,0.0,1,0,0,0,0,Matchs
330,Isaac,br BRA,"MT,DF",Fluminense,18,2004,1.5,62,78,79.5,825,144,33,39,84.6,22,27,81.5,1,1,100.0,0,0.2,0.2,-0.2,4,3,1,1,1,Matchs
331,Juan Iturbe,py PAR,"AT,MT",Grêmio,29,1993,0.8,19,28,67.9,261,112,12,14,85.7,5,9,55.6,1,2,50.0,0,0.0,0.0,0.0,0,2,0,0,2,Matchs
332,Zé Ivaldo,br BRA,DF,Ath Paranaense,25,1997,11.3,457,567,80.6,9554,3765,147,161,91.3,239,268,89.2,67,124,54.0,0,0.1,0.2,-0.1,3,30,2,2,27,Matchs
333,Ivonei,br BRA,MT,Santos,20,2002,0.0,2,3,66.7,20,0,2,3,66.7,0,0,,0,0,,0,0.0,0.0,0.0,0,0,0,0,0,Matchs
334,Vítor Jacaré,br BRA,"DF,MT",Bahia,23,1999,9.5,333,469,71.0,5762,2270,161,187,86.1,123,176,69.9,37,71,52.1,0,1.5,1.4,-1.5,15,29,13,7,38,Matchs
335,Jadsom,br BRA,MT,Red Bull Bragantino,21,2001,21.1,905,1128,80.2,16548,5319,394,449,87.8,398,458,86.9,103,165,62.4,0,1.0,1.1,-1.0,18,109,15,4,136,Matchs
336,Jair,br BRA,MT,Vasco da Gama,28,1994,17.7,853,962,88.7,15486,4257,359,390,92.1,385,418,92.1,92,118,78.0,0,1.1,1.7,-1.1,16,107,19,4,143,Matchs
337,Jamerson,br BRA,"DF,AT",Coritiba,24,1998,21.0,706,923,76.5,11451,4520,371,429,86.5,266,335,79.4,49,102,48.0,1,1.7,1.9,-0.7,16,53,14,11,70,Matchs
338,Janderson,br BRA,"AT,MT",Botafogo (RJ),23,1999,4.6,75,110,68.2,1068,144,37,48,77.1,26,35,74.3,4,6,66.7,1,0.9,0.5,#ERROR!,8,3,4,2,7,Matchs
339,Jandrei,br BRA,GB,São Paulo,29,1993,5.0,178,239,74.5,5281,3442,25,25,100.0,82,83,98.8,71,130,54.6,0,0.1,0.0,-0.1,1,2,1,0,0,Matchs
340,Léo Jardim,br BRA,GB,Vasco da Gama,27,1995,38.0,693,953,72.7,18553,13310,151,151,100.0,308,311,99.0,209,461,45.3,0,0.1,0.1,-0.1,1,12,1,0,0,Matchs
341,Jemerson,br BRA,DF,Atlético Mineiro,30,1992,27.5,1361,1534,88.7,23892,8149,521,555,93.9,697,747,93.3,97,171,56.7,1,0.1,0.6,#ERROR!,4,63,2,0,66,Matchs
342,Jesé,es ESP,MT,Coritiba,29,1993,1.1,27,34,79.4,403,60,16,20,80.0,10,13,76.9,1,1,100.0,0,0.0,0.2,0.0,2,3,0,0,4,Matchs
343,Alexandre Jesus,br BRA,DF,Fluminense,21,2001,0.1,7,8,87.5,107,28,3,3,100.0,3,3,100.0,0,1,0.0,0,0.0,0.0,0.0,0,0,0,0,0,Matchs
344,Jhow,br BRA,DF,América (MG),19,2003,0.2,18,18,100.0,357,148,5,5,100.0,11,11,100.0,2,2,100.0,0,0.0,0.0,0.0,0,0,0,0,1,Matchs
345,Joaquim,br BRA,DF,Santos,24,1998,30.3,860,1195,72.0,18042,7492,242,291,83.2,499,593,84.1,111,263,42.2,4,2.0,1.5,#ERROR!,14,59,3,1,58,Matchs
346,John,br BRA,GB,Internacional,26,1996,9.0,156,221,70.6,3861,2695,48,48,100.0,69,70,98.6,38,100,38.0,0,0.0,0.0,0.0,0,3,0,0,0,Matchs
347,Felipe Jonatan,br BRA,DF,Santos,24,1998,1.0,69,81,85.2,1112,552,38,41,92.7,21,28,75.0,9,10,90.0,0,0.3,0.2,-0.3,1,6,3,3,9,Matchs
348,Jori,br BRA,GB,América (MG),26,1996,11.0,198,272,72.8,5331,4038,43,43,100.0,83,83,100.0,69,143,48.3,0,0.0,0.0,0.0,0,1,0,0,0,Matchs
349,Josué,br BRA,MT,Grêmio,17,2005,1.3,36,52,69.2,543,160,19,25,76.0,16,20,80.0,1,4,25.0,0,0.0,0.0,0.0,0,1,0,0,2,Matchs
350,Jhonatan Jowjow,br BRA,"MT,AT",Palmeiras,20,2002,9.9,224,300,74.7,4108,1200,93,114,81.6,88,107,82.2,34,57,59.6,1,2.9,1.7,-1.9,24,27,11,2,37,Matchs
Clt,Joueur,Nation,Pos,Équipe,Âge,Naissance,90,Cmp,Att,Cmp%,TotDist,DistBut,Cmp,Att,Cmp%,Cmp,Att,Cmp%,Cmp,Att,Cmp%,PD,xAG,xA,A-xAG,PC,1/3,PPA,CntSR,PrgP,Matchs
351,Daniel Jr,br BRA,MT,Cruzeiro,20,2002,0.3,30,33,90.9,599,94,9,10,90.0,16,16,100.0,5,6,83.3,0,0.0,0.1,0.0,0,3,3,0,7,Matchs
352,Luciano Juba,br BRA,"DF,MT",Bahia,23,1999,7.2,258,365,70.7,4170,1733,134,161,83.2,90,123,73.2,28,59,47.5,2,1.2,1.4,#ERROR!,16,13,7,0,26,Matchs
353,Juninho,br BRA,MT,América (MG),35,1987,32.5,699,973,71.8,10503,3674,381,470,81.1,237,332,71.4,44,82,53.7,2,3.5,5.0,-1.5,42,62,27,7,100,Matchs
354,Jussa,br BRA,MT,Cruzeiro,26,1996,19.6,666,801,83.1,11883,3712,261,301,86.7,330,361,91.4,61,98,62.2,0,0.4,0.3,-0.4,12,79,4,1,83,Matchs
355,Justen,br BRA,DF,Fluminense,19,2003,0.6,21,24,87.5,322,47,12,13,92.3,6,7,85.7,2,3,66.7,0,0.0,0.0,0.0,0,1,0,0,1,Matchs
356,Kaiki,br BRA,"DF,AT",Cruzeiro,19,2003,2.5,71,104,68.3,1305,556,28,36,77.8,38,54,70.4,5,9,55.6,0,0.3,0.1,-0.3,1,4,1,1,3,Matchs
357,Kaio,br BRA,"MT,AT",Coritiba,18,2004,9.8,173,246,70.3,2666,882,98,119,82.4,61,88,69.3,11,26,42.3,0,0.6,0.8,-0.6,12,23,11,3,31,Matchs
358,Lucas Kal,br BRA,MT,América (MG),26,1996,13.7,499,606,82.3,8673,3219,225,252,89.3,208,240,86.7,50,79,63.3,1,1.0,0.9,0.0,11,76,10,2,86,Matchs
359,Walter Kannemann,ar ARG,DF,Grêmio,31,1991,26.2,791,1011,78.2,14032,6644,317,369,85.9,402,472,85.2,58,136,42.6,1,0.2,0.2,#ERROR!,7,59,1,0,81,Matchs
360,Kanu,br BRA,DF,Bahia,25,1997,32.3,1411,1576,89.5,26677,8849,515,542,95.0,719,769,93.5,149,213,70.0,0,0.6,0.9,-0.6,10,75,1,0,101,Matchs
361,Alan Kardec,br BRA,"AT,MT",Atlético Mineiro,34,1989,2.9,36,52,69.2,422,104,21,28,75.0,9,13,69.2,1,1,100.0,1,0.8,0.6,#ERROR!,3,3,2,0,5,Matchs
362,Kauan,br BRA,AT,Fortaleza,17,2005,0.1,4,7,57.1,36,12,4,6,66.7,0,0,,0,0,,0,0.0,0.0,0.0,0,0,0,0,0,Matchs
363,Vinicius Kaue,br BRA,"DF,MT",Ath Paranaense,19,2003,3.8,175,222,78.8,2965,1218,85,97,87.6,72,92,78.3,17,24,70.8,0,0.0,0.2,0.0,1,16,1,1,12,Matchs
364,Kayque,br BRA,MT,Botafogo (RJ),22,2000,0.3,20,22,90.9,338,159,10,11,90.9,7,7,100.0,2,3,66.7,1,0.4,0.2,#ERROR!,1,7,0,0,7,Matchs
365,Renato Kayser,br BRA,"AT,MT",América (MG),26,1996,0.4,10,15,66.7,100,6,7,7,100.0,2,3,66.7,0,2,0.0,0,0.1,0.0,-0.1,1,0,0,0,1,Matchs
366,Keiller,br BRA,GB,Internacional,26,1996,10.0,178,254,70.1,4723,3425,35,35,100.0,87,88,98.9,54,129,41.9,0,0.0,0.0,0.0,0,2,0,0,0,Matchs
367,John Kennedy,br BRA,"AT,MT",Fluminense,20,2002,15.2,224,302,74.2,2819,565,152,180,84.4,49,65,75.4,10,15,66.7,1,2.1,1.1,-1.1,19,14,13,1,30,Matchs
368,Keno,br BRA,"AT,MT",Fluminense,33,1989,17.9,429,647,66.3,6342,1846,255,305,83.6,135,203,66.5,25,67,37.3,4,3.7,3.4,#ERROR!,32,21,46,15,53,Matchs
369,Kevin,br BRA,"AT,DF",Palmeiras,20,2003,2.6,54,80,67.5,931,193,30,39,76.9,15,22,68.2,7,11,63.6,0,0.3,0.0,-0.3,1,6,1,0,8,Matchs
370,Kevyson,br BRA,DF,Santos,18,2004,10.8,306,439,69.7,4824,1969,153,171,89.5,129,175,73.7,15,51,29.4,0,0.3,0.4,-0.3,8,26,13,5,35,Matchs
371,Khellven,br BRA,DF,Ath Paranaense,21,2001,11.1,318,468,67.9,5639,2031,153,182,84.1,122,180,67.8,38,77,49.4,4,2.4,1.8,#ERROR!,18,18,14,9,18,Matchs
372,Maurício Kozlinski,br BRA,GB,Fortaleza,31,1991,1.0,13,16,81.3,212,157,6,6,100.0,7,7,100.0,0,3,0.0,0,0.0,0.0,0.0,0,0,0,0,0,Matchs
373,Benjamín Kuscevic,cl CHI,DF,Coritiba,26,1996,22.5,782,952,82.1,15833,5531,234,267,87.6,454,501,90.6,88,165,53.3,0,0.0,0.2,0.0,1,36,3,1,50,Matchs
374,Derik Lacerda,br BRA,"AT,MT",Cuiabá,23,1999,7.3,129,164,78.7,2077,401,68,81,84.0,51,58,87.9,8,16,50.0,1,1.3,0.3,-0.3,8,11,4,0,18,Matchs
375,Ignacio Laquintana,uy URU,AT,Red Bull Bragantino,23,1999,2.0,44,73,60.3,543,137,27,34,79.4,11,18,61.1,2,7,28.6,0,0.0,0.1,0.0,1,1,1,1,2,Matchs
Clt,Joueur,Nation,Pos,Équipe,Âge,Naissance,90,Cmp,Att,Cmp%,TotDist,DistBut,Cmp,Att,Cmp%,Cmp,Att,Cmp%,Cmp,Att,Cmp%,PD,xAG,xA,A-xAG,PC,1/3,PPA,CntSR,PrgP,Matchs
376,Thauan Lara,br BRA,"DF,MT",Internacional,19,2004,3.7,168,226,74.3,2729,1096,90,103,87.4,63,80,78.8,12,26,46.2,0,0.2,0.3,-0.2,5,16,4,4,17,Matchs
377,Lelê,br BRA,"AT,MT",Fluminense,25,1997,12.7,143,209,68.4,1621,385,105,133,78.9,22,33,66.7,4,9,44.4,2,1.2,0.6,#ERROR!,14,4,7,1,11,Matchs
378,Mauricio Lemos,uy URU,DF,Atlético Mineiro,27,1995,24.6,1043,1253,83.2,23092,8490,263,289,91.0,579,631,91.8,193,305,63.3,0,0.0,0.2,0.0,2,78,2,0,71,Matchs
379,Marcos Leonardo,br BRA,AT,Santos,19,2003,28.8,313,425,73.6,4576,926,183,240,76.3,101,120,84.2,14,24,58.3,2,2.3,1.9,-0.3,30,21,19,0,51,Matchs
380,Lian,br BRA,MT,Grêmio,17,2005,0.1,2,2,100.0,34,7,1,1,100.0,1,1,100.0,0,0,,0,0.0,0.0,0.0,0,1,0,0,0,Matchs
381,Lima,br BRA,"MT,AT",Fluminense,26,1996,28.1,1339,1555,86.1,17268,4045,881,938,93.9,367,420,87.4,32,77,41.6,2,1.5,2.3,#ERROR!,23,91,26,4,121,Matchs
382,Lucas Lima,br BRA,"MT,AT",Santos,32,1990,24.5,912,1183,77.1,17175,5936,400,450,88.9,328,399,82.2,156,255,61.2,5,5.3,6.1,-0.3,68,122,32,8,176,Matchs
383,Leonardo Linck,br BRA,GB,Ath Paranaense,21,2001,5.0,77,132,58.3,2539,1977,13,13,100.0,33,33,100.0,31,85,36.5,0,0.0,0.0,0.0,0,2,0,0,0,Matchs
384,Liziero,br BRA,MT,Coritiba,24,1998,6.5,246,309,79.6,4475,1476,104,125,83.2,102,123,82.9,33,43,76.7,0,0.3,0.5,-0.3,5,31,1,0,36,Matchs
385,Marcelo Lomba,br BRA,GB,Palmeiras,36,1986,3.0,74,102,72.5,1857,1244,18,18,100.0,38,39,97.4,18,44,40.9,0,0.0,0.0,0.0,1,0,0,0,0,Matchs
386,José López,ar ARG,"AT,MT",Palmeiras,22,2000,6.6,91,150,60.7,1573,422,47,77,61.0,35,48,72.9,9,16,56.3,0,0.7,0.6,-0.7,10,12,8,1,19,Matchs
387,Lucão,br BRA,DF,Red Bull Bragantino,24,1998,2.2,61,75,81.3,1342,417,14,18,77.8,36,37,97.3,11,17,64.7,0,0.0,0.0,0.0,0,2,0,0,1,Matchs
388,Lucão,br BRA,GB,Red Bull Bragantino,21,2001,5.0,113,151,74.8,2571,1564,37,37,100.0,51,53,96.2,23,58,39.7,0,0.0,0.0,0.0,0,1,0,0,0,Matchs
389,Lucas,br BRA,DF,Santos,21,2001,6.8,260,341,76.2,3835,1849,154,177,87.0,91,119,76.5,10,26,38.5,0,0.2,0.1,-0.2,4,19,2,0,24,Matchs
390,Ayrton Lucas,br BRA,DF,Flamengo,25,1997,28.8,1578,1846,85.5,24444,6838,904,966,93.6,548,630,87.0,96,164,58.5,3,1.3,1.6,#ERROR!,17,138,21,9,137,Matchs
391,Jean Lucas,br BRA,MT,Santos,24,1998,20.1,768,951,80.8,14051,4420,324,362,89.5,334,375,89.1,88,145,60.7,3,2.0,2.9,#ERROR!,37,86,30,7,130,Matchs
392,Jhonny Lucas,br BRA,MT,Goiás,22,2000,0.2,6,9,66.7,96,28,3,5,60.0,3,3,100.0,0,1,0.0,0,0.0,0.0,0.0,1,0,0,0,1,Matchs
393,João Lucas,br BRA,DF,Santos,24,1998,9.0,274,411,66.7,4362,1569,139,158,88.0,104,145,71.7,22,74,29.7,1,0.6,0.3,#ERROR!,4,19,3,3,19,Matchs
394,Ruan Lucas,br BRA,"MT,AT",Coritiba,18,2004,0.3,12,13,92.3,210,64,5,5,100.0,5,6,83.3,2,2,100.0,1,0.4,0.0,#ERROR!,1,1,1,1,2,Matchs
395,Ian Luccas,br BRA,MT,Cruzeiro,19,2003,5.3,94,125,75.2,1276,315,52,67,77.6,35,47,74.5,1,2,50.0,1,0.8,0.6,#ERROR!,5,8,2,0,14,Matchs
396,Pedro Luccas,br BRA,GB,Coritiba,19,2004,3.0,65,99,65.7,2094,1606,8,8,100.0,25,27,92.6,32,64,50.0,0,0.0,0.0,0.0,0,0,0,0,0,Matchs
397,Luciano,br BRA,"MT,AT",São Paulo,29,1993,23.5,721,892,80.8,12656,2901,340,385,88.3,252,296,85.1,90,114,78.9,2,3.1,3.2,-1.1,23,86,24,4,103,Matchs
398,Thomas Luciano,br BRA,DF,Grêmio,21,2002,3.5,85,128,66.4,1127,412,54,65,83.1,23,37,62.2,3,11,27.3,0,0.0,0.1,0.0,0,3,0,0,5,Matchs
399,Luis,br BRA,AT,Cruzeiro,17,2005,0.1,2,5,40.0,27,1,1,3,33.3,1,2,50.0,0,0,,0,0.0,0.0,0.0,1,0,0,0,0,Matchs
400,Filipe Luís,br BRA,DF,Flamengo,37,1985,5.9,376,405,92.8,5868,1732,213,221,96.4,128,140,91.4,27,31,87.1,1,0.2,0.3,#ERROR!,3,37,4,1,30,Matchs
Clt,Joueur,Nation,Pos,Équipe,Âge,Naissance,90,Cmp,Att,Cmp%,TotDist,DistBut,Cmp,Att,Cmp%,Cmp,Att,Cmp%,Cmp,Att,Cmp%,PD,xAG,xA,A-xAG,PC,1/3,PPA,CntSR,PrgP,Matchs
401,Victor Luis,br BRA,DF,Coritiba,29,1993,17.4,646,867,74.5,11250,4622,306,347,88.2,279,348,80.2,54,136,39.7,1,1.6,1.1,-0.6,16,54,14,8,68,Matchs
402,David Luiz,br BRA,DF,Flamengo,35,1987,11.0,633,729,86.8,12000,4434,235,257,91.4,329,358,91.9,59,97,60.8,1,0.5,0.7,#ERROR!,3,82,6,1,66,Matchs
403,Wallisson Luiz,br BRA,MT,Cruzeiro,25,1997,4.4,128,161,79.5,2244,598,62,75,82.7,44,50,88.0,17,20,85.0,0,0.1,0.1,-0.1,3,15,2,0,22,Matchs
404,Machado,br BRA,MT,Cruzeiro,27,1996,25.3,1052,1271,82.8,21893,5869,328,377,87.0,536,590,90.8,177,266,66.5,3,1.8,1.2,#ERROR!,31,126,8,0,149,Matchs
405,Imanol Machuca,ar ARG,AT,Fortaleza,23,2000,7.5,202,268,75.4,3388,768,113,124,91.1,58,75,77.3,24,41,58.5,0,1.3,1.1,-1.3,20,17,9,4,17,Matchs
406,Mádson,br BRA,"DF,MT",Ath Paranaense,31,1992,14.8,356,519,68.6,6141,2162,167,203,82.3,155,222,69.8,30,72,41.7,2,3.8,3.2,-1.8,19,24,13,4,45,Matchs
407,João Magno,br BRA,AT,Goiás,25,1997,10.9,99,156,63.5,1362,371,56,82,68.3,29,41,70.7,6,9,66.7,1,0.8,1.2,#ERROR!,9,6,6,1,12,Matchs
408,Maguinho,br BRA,DF,Goiás,30,1993,31.7,866,1229,70.5,13913,5195,458,541,84.7,332,475,69.9,61,148,41.2,0,1.2,1.2,-1.2,19,59,8,2,74,Matchs
409,Pablo Maia,br BRA,MT,São Paulo,21,2002,28.7,1538,1716,89.6,27905,6307,652,690,94.5,678,729,93.0,178,226,78.8,0,1.3,1.7,-1.3,27,146,9,0,128,Matchs
410,Thiago Maia,br BRA,MT,Flamengo,25,1997,23.3,1266,1447,87.5,20007,5533,667,720,92.6,496,550,90.2,74,121,61.2,0,0.2,0.9,-0.2,10,147,9,1,130,Matchs
411,Maicon,br BRA,DF,Santos,34,1988,0.5,12,17,70.6,201,99,5,5,100.0,5,6,83.3,1,4,25.0,0,0.0,0.0,0.0,0,0,0,0,0,Matchs
412,Maicon,br BRA,DF,Vasco da Gama,34,1988,13.9,578,686,84.3,12865,5354,163,173,94.2,289,319,90.6,123,182,67.6,2,0.9,0.2,#ERROR!,4,40,3,2,32,Matchs
413,Iago Maidana,br BRA,DF,América (MG),26,1996,24.0,578,775,74.6,11891,4920,176,213,82.6,311,375,82.9,85,159,53.5,0,0.1,0.1,-0.1,4,40,1,1,54,Matchs
414,Hugo Mallo,es ESP,DF,Internacional,31,1991,3.6,218,260,83.8,3834,1222,88,99,88.9,114,134,85.1,14,24,58.3,0,0.1,0.1,-0.1,1,11,1,0,17,Matchs
415,Léo Mana,br BRA,DF,Corinthians,18,2004,1.5,82,101,81.2,1326,261,40,45,88.9,34,44,77.3,6,7,85.7,0,0.0,0.0,0.0,0,7,0,0,7,Matchs
416,Alef Manga,br BRA,"AT,MT",Coritiba,28,1994,8.9,190,248,76.6,2772,492,115,140,82.1,51,66,77.3,16,21,76.2,3,1.0,0.8,#ERROR!,18,9,7,1,17,Matchs
417,Manoel,br BRA,DF,Fluminense,32,1990,3.2,194,210,92.4,3244,1279,98,104,94.2,72,77,93.5,17,21,81.0,0,0.0,0.0,0.0,0,13,0,0,6,Matchs
418,Fernando Marçal,br BRA,DF,Botafogo (RJ),33,1989,18.1,794,1070,74.2,14188,6299,367,415,88.4,327,404,80.9,85,198,42.9,3,1.3,1.6,#ERROR!,27,69,7,4,83,Matchs
419,Marcelo,br BRA,DF,Fluminense,34,1988,14.7,889,1127,78.9,14871,5457,477,523,91.2,302,364,83.0,93,188,49.5,1,3.7,4.4,-2.7,42,97,28,10,151,Matchs
420,Marcelo,br BRA,DF,Fortaleza,27,1996,12.0,359,443,81.0,7160,3156,128,143,89.5,179,213,84.0,47,78,60.3,0,0.3,0.5,-0.3,2,17,0,0,19,Matchs
421,João Marcelo,br BRA,DF,Cruzeiro,22,2000,1.8,103,112,92.0,1940,817,43,46,93.5,49,52,94.2,10,13,76.9,0,0.0,0.0,0.0,0,9,0,0,16,Matchs
422,Marcinho,br BRA,DF,América (MG),26,1996,8.9,317,474,66.9,5899,2388,135,158,85.4,133,179,74.3,39,110,35.5,0,0.9,1.3,-0.9,8,32,16,8,40,Matchs
423,Erick Marcus,br BRA,"MT,AT",Vasco da Gama,18,2004,4.4,134,182,73.6,2267,481,73,90,81.1,46,56,82.1,13,26,50.0,1,0.6,0.9,#ERROR!,7,9,10,8,16,Matchs
424,Mariano,br BRA,DF,Atlético Mineiro,36,1986,17.4,853,1100,77.5,16596,6806,332,375,88.5,385,463,83.2,126,214,58.9,1,0.4,0.9,#ERROR!,11,99,16,9,88,Matchs
425,Marinho,br BRA,"AT,DF",Flamengo,32,1990,0.9,42,54,77.8,743,100,17,20,85.0,21,25,84.0,4,6,66.7,0,0.1,0.2,-0.1,1,1,1,0,1,Matchs
Clt,Joueur,Nation,Pos,Équipe,Âge,Naissance,90,Cmp,Att,Cmp%,TotDist,DistBut,Cmp,Att,Cmp%,Cmp,Att,Cmp%,Cmp,Att,Cmp%,PD,xAG,xA,A-xAG,PC,1/3,PPA,CntSR,PrgP,Matchs
426,Marinho,br BRA,"AT,MT",Fortaleza,32,1990,12.7,220,329,66.9,4129,1173,99,111,89.2,80,118,67.8,35,68,51.5,1,1.8,1.4,-0.8,23,21,14,7,36,Matchs
427,Marlon,br BRA,DF,Cruzeiro,25,1997,35.5,1681,2197,76.5,31315,11338,701,818,85.7,766,913,83.9,195,364,53.6,2,3.9,4.4,-1.9,57,155,32,27,170,Matchs
428,Marlon,br BRA,DF,América (MG),28,1994,18.6,674,877,76.9,10871,4449,367,415,88.4,239,297,80.5,51,108,47.2,1,0.8,0.9,#ERROR!,19,54,13,7,71,Matchs
429,Marlon,br BRA,DF,Fluminense,27,1995,10.4,740,802,92.3,12713,4261,343,359,95.5,345,361,95.6,47,69,68.1,0,0.4,0.3,-0.4,4,45,4,0,47,Matchs
430,Igor Marques,br BRA,DF,Cruzeiro,24,1999,1.3,56,83,67.5,905,378,26,34,76.5,26,37,70.3,3,5,60.0,1,0.4,0.2,#ERROR!,4,2,4,4,10,Matchs
431,Renato Marques,br BRA,"AT,MT",América (MG),19,2003,5.7,73,118,61.9,1060,257,42,57,73.7,26,39,66.7,2,8,25.0,1,0.6,0.5,#ERROR!,5,5,3,0,9,Matchs
432,Juan Martín Lucero,ar ARG,AT,Fortaleza,31,1991,23.0,253,349,72.5,3356,786,157,193,81.3,63,85,74.1,14,26,53.8,0,1.2,1.1,-1.2,16,17,11,1,34,Matchs
433,Martinelli,br BRA,"MT,DF",Fluminense,21,2001,20.9,1415,1519,93.2,21636,5783,730,772,94.6,582,605,96.2,63,76,82.9,2,1.4,1.7,#ERROR!,20,151,9,1,105,Matchs
434,Andre Martins,br BRA,"AT,MT",Grêmio,21,2001,4.1,107,141,75.9,1332,264,60,77,77.9,36,41,87.8,1,2,50.0,0,0.7,0.3,-0.7,5,4,2,0,16,Matchs
435,Gustavo Martins Santos,br BRA,"DF,MT",Grêmio,20,2002,7.7,360,436,82.6,6979,2650,116,138,84.1,199,221,90.0,39,61,63.9,1,0.2,0.3,#ERROR!,2,30,3,0,41,Matchs
436,Gonzalo Mastriani,uy URU,AT,América (MG),29,1993,19.9,198,316,62.7,2522,484,126,179,70.4,42,72,58.3,10,19,52.6,1,1.5,1.1,-0.5,14,15,8,0,23,Matchs
437,Matheusinho,br BRA,"MT,AT",América (MG),24,1998,2.5,73,103,70.9,1179,431,33,39,84.6,34,46,73.9,5,9,55.6,0,0.4,0.3,-0.4,7,10,3,1,14,Matchs
438,Matheusinho,br BRA,DF,Cuiabá,24,1998,4.8,170,232,73.3,2520,1245,101,113,89.4,58,76,76.3,8,34,23.5,0,0.5,0.2,-0.5,6,14,5,3,24,Matchs
439,Matheuzinho,br BRA,DF,Flamengo,22,2000,6.9,333,397,83.9,5644,1683,158,175,90.3,151,164,92.1,21,41,51.2,0,0.3,0.5,-0.3,4,35,6,2,32,Matchs
440,Mauricio,br BRA,"AT,MT",Internacional,21,2001,19.6,613,768,79.8,8907,2080,360,407,88.5,210,255,82.4,26,56,46.4,6,3.8,3.3,#ERROR!,28,53,22,3,75,Matchs
441,Maycon,br BRA,MT,Corinthians,25,1997,26.7,1239,1482,83.6,21970,6030,533,590,90.3,566,627,90.3,116,200,58.0,3,1.7,1.6,#ERROR!,21,155,18,2,163,Matchs
442,Mayke,br BRA,"DF,AT",Palmeiras,30,1992,27.8,1361,1656,82.2,23911,8170,625,676,92.5,569,686,82.9,142,208,68.3,6,4.3,4.1,#ERROR!,41,103,39,25,144,Matchs
443,Gary Medel,cl CHI,"DF,MT",Vasco da Gama,35,1987,19.2,1010,1090,92.7,19538,6626,329,341,96.5,555,584,95.0,117,150,78.0,0,0.1,0.2,-0.1,4,63,2,0,59,Matchs
444,Bruno Melo,br BRA,DF,Goiás,30,1992,32.1,1237,1436,86.1,25988,9635,367,397,92.4,668,715,93.4,193,292,66.1,1,0.3,0.5,#ERROR!,8,86,7,0,92,Matchs
445,Felipe Melo,br BRA,DF,Fluminense,39,1983,11.0,758,846,89.6,14107,5419,322,338,95.3,331,353,93.8,92,135,68.1,0,0.1,0.1,-0.1,2,79,1,0,47,Matchs
446,Darlan Mendes,br BRA,MT,Grêmio,24,1998,0.5,16,18,88.9,342,92,4,5,80.0,9,10,90.0,3,3,100.0,0,0.0,0.0,0.0,1,3,0,0,1,Matchs
447,Matheus Mendes,br BRA,GB,Atlético Mineiro,23,1999,2.0,40,66,60.6,1507,1343,6,6,100.0,9,10,90.0,25,50,50.0,0,0.0,0.0,0.0,1,1,0,0,0,Matchs
448,Nathan Mendes,br BRA,DF,São Paulo,20,2002,13.1,673,814,82.7,10508,2881,349,395,88.4,268,315,85.1,35,56,62.5,0,0.4,0.6,-0.4,8,41,5,2,51,Matchs
449,Vitor Mendes,br BRA,DF,Fluminense,23,1999,1.2,54,60,90.0,881,214,26,26,100.0,26,28,92.9,2,5,40.0,0,0.0,0.0,0.0,1,1,0,0,0,Matchs
450,Bruno Méndez,uy URU,DF,Corinthians,23,1999,18.3,786,984,79.9,14923,6083,296,335,88.4,392,464,84.5,89,154,57.8,0,0.2,0.4,-0.2,7,60,6,3,62,Matchs
Clt,Joueur,Nation,Pos,Équipe,Âge,Naissance,90,Cmp,Att,Cmp%,TotDist,DistBut,Cmp,Att,Cmp%,Cmp,Att,Cmp%,Cmp,Att,Cmp%,PD,xAG,xA,A-xAG,PC,1/3,PPA,CntSR,PrgP,Matchs
451,Jhegson Méndez,ec ECU,MT,São Paulo,25,1997,4.1,188,214,87.9,3070,708,103,111,92.8,72,77,93.5,12,19,63.2,0,0.1,0.1,-0.1,4,25,1,0,15,Matchs
452,Óscar Méndez,uy URU,MT,América (MG),28,1994,2.9,57,74,77.0,869,314,28,33,84.8,20,26,76.9,5,9,55.6,0,0.0,0.0,0.0,0,7,0,0,6,Matchs
453,Stiven Mendoza,co COL,"AT,MT",Santos,30,1992,18.6,464,613,75.7,6811,1935,282,325,86.8,138,173,79.8,23,48,47.9,2,1.7,2.0,#ERROR!,19,32,20,5,73,Matchs
454,Gabriel Menino,br BRA,MT,Palmeiras,22,2000,17.7,940,1153,81.5,18930,5110,335,382,87.7,442,498,88.8,154,227,67.8,3,1.3,1.4,#ERROR!,31,117,16,5,137,Matchs
455,Gabriel Mercado,ar ARG,DF,Internacional,35,1987,24.2,1013,1127,89.9,19261,7853,332,350,94.9,593,625,94.9,83,135,61.5,0,0.3,0.4,-0.3,5,50,1,1,39,Matchs
456,Higor Meritão,br BRA,MT,Goiás,28,1994,2.5,87,101,86.1,1277,476,42,46,91.3,38,43,88.4,3,6,50.0,0,0.0,0.0,0.0,0,6,0,0,8,Matchs
457,Messias,br BRA,DF,Santos,28,1994,26.6,640,853,75.0,13107,4326,151,187,80.7,420,493,85.2,61,149,40.9,0,0.1,0.1,-0.1,1,21,0,0,31,Matchs
458,Bruno Mezenga,br BRA,"AT,MT",Santos,34,1988,1.9,50,76,65.8,659,79,31,43,72.1,14,19,73.7,1,1,100.0,0,0.0,0.0,0.0,0,4,0,0,5,Matchs
459,Carlos Miguel,br BRA,GB,Corinthians,24,1998,1.2,34,42,81.0,955,639,6,6,100.0,15,15,100.0,13,21,61.9,0,0.0,0.0,0.0,0,0,0,0,0,Matchs
460,Fernando Miguel,br BRA,GB,Fortaleza,37,1985,5.1,78,116,67.2,2139,1597,16,16,100.0,34,34,100.0,25,62,40.3,0,0.0,0.0,0.0,0,3,0,0,0,Matchs
461,Mikael,br BRA,AT,América (MG),23,1999,1.7,19,25,76.0,222,18,9,12,75.0,7,8,87.5,0,0,,0,0.2,0.1,-0.2,2,0,0,0,1,Matchs
462,Lucas Milla,br BRA,MT,Grêmio,20,2003,3.4,94,143,65.7,1587,386,49,65,75.4,30,46,65.2,10,17,58.8,0,0.0,0.1,0.0,1,13,0,0,15,Matchs
463,Mina,br BRA,DF,Goiás,19,2003,0.5,11,17,64.7,198,28,3,3,100.0,8,10,80.0,0,4,0.0,0,0.0,0.0,0.0,0,0,0,0,0,Matchs
464,Lucas Mineiro,br BRA,MT,Cuiabá,26,1996,6.8,185,225,82.2,3048,815,89,100,89.0,78,91,85.7,15,22,68.2,0,0.4,0.2,-0.4,6,21,3,1,22,Matchs
465,Vinicius Mingotti,br BRA,AT,Bahia,23,2000,7.3,64,85,75.3,828,105,38,46,82.6,19,23,82.6,1,2,50.0,0,0.6,0.5,-0.6,7,3,1,0,5,Matchs
466,Miranda,br BRA,DF,Vasco da Gama,23,2000,4.3,200,231,86.6,3669,1578,70,76,92.1,110,119,92.4,17,29,58.6,0,0.3,0.2,-0.3,4,19,4,1,19,Matchs
467,Moises,br BRA,"MT,AT",Fortaleza,26,1996,4.1,92,120,76.7,1612,332,43,51,84.3,39,48,81.3,9,12,75.0,0,0.7,0.4,-0.7,6,6,5,2,9,Matchs
468,Rodrigo Moledo,br BRA,DF,Internacional,35,1987,5.3,274,298,91.9,4517,1680,121,124,97.6,143,150,95.3,9,19,47.4,0,0.1,0.1,-0.1,2,11,0,0,9,Matchs
469,Rafael Monteiro,br BRA,MT,Fluminense,18,2004,0.0,4,5,80.0,56,33,2,2,100.0,2,3,66.7,0,0,,0,0.0,0.0,0.0,0,1,0,0,1,Matchs
470,Júnior Moraes,ua UKR,DF,Corinthians,35,1987,0.0,0,0,,0,0,0,0,,0,0,,0,0,,0,0.0,0.0,0.0,0,0,0,0,0,Matchs
471,João Moreira,pt POR,DF,São Paulo,18,2004,0.8,46,50,92.0,651,126,26,27,96.3,20,22,90.9,0,1,0.0,0,0.0,0.0,0.0,0,3,1,0,4,Matchs
472,Everton Morelli,br BRA,MT,Goiás,25,1997,28.7,796,979,81.3,13551,3625,354,397,89.2,355,405,87.7,64,111,57.7,0,0.9,0.9,-0.9,17,75,7,3,94,Matchs
473,Alfredo Morelos,co COL,"AT,MT",Santos,26,1996,0.9,31,44,70.5,456,109,22,24,91.7,6,10,60.0,3,4,75.0,0,0.2,0.1,-0.2,3,3,0,0,3,Matchs
474,Marcelino Moreno,ar ARG,MT,Coritiba,28,1994,25.6,712,971,73.3,11965,3840,385,430,89.5,234,298,78.5,76,183,41.5,4,4.9,5.6,-0.9,55,89,49,14,102,Matchs
475,Gabriel Moscardo,br BRA,MT,Corinthians,17,2005,12.6,456,542,84.1,7977,1722,200,229,87.3,206,230,89.6,42,57,73.7,1,0.9,0.7,#ERROR!,2,44,4,1,28,Matchs
Clt,Joueur,Nation,Pos,Équipe,Âge,Naissance,90,Cmp,Att,Cmp%,TotDist,DistBut,Cmp,Att,Cmp%,Cmp,Att,Cmp%,Cmp,Att,Cmp%,PD,xAG,xA,A-xAG,PC,1/3,PPA,CntSR,PrgP,Matchs
476,Henry Mosquera,co COL,"AT,MT",Red Bull Bragantino,21,2001,11.8,267,363,73.6,3562,803,178,206,86.4,68,104,65.4,9,20,45.0,2,2.6,2.9,-0.6,24,13,15,4,31,Matchs
477,Gustavo Mosquito,br BRA,"AT,MT",Corinthians,25,1997,3.4,88,106,83.0,1312,331,51,57,89.5,31,38,81.6,5,8,62.5,0,0.3,0.7,-0.3,3,5,2,2,5,Matchs
478,Hugo Moura,br BRA,MT,Ath Paranaense,25,1998,14.7,525,625,84.0,9828,2823,230,261,88.1,230,255,90.2,60,86,69.8,0,0.2,0.7,-0.2,4,55,6,1,55,Matchs
479,Lucas Moura,br BRA,"AT,MT",São Paulo,30,1992,9.6,262,359,73.0,3825,1133,144,169,85.2,94,127,74.0,12,30,40.0,0,0.5,1.0,-0.5,13,26,9,0,46,Matchs
480,Neto Moura,br BRA,MT,Cruzeiro,26,1996,5.5,221,261,84.7,4309,1330,86,103,83.5,98,107,91.6,36,39,92.3,0,0.5,0.6,-0.5,5,32,6,2,32,Matchs
481,Lucas Mugni,ar ARG,"MT,AT",Bahia,31,1992,4.0,154,210,73.3,2354,898,79,91,86.8,58,77,75.3,9,28,32.1,0,0.3,0.3,-0.3,4,17,5,2,23,Matchs
482,Murillo,br BRA,DF,Corinthians,20,2002,12.9,566,700,80.9,11213,4368,178,202,88.1,326,365,89.3,56,118,47.5,0,0.6,0.3,-0.6,4,49,4,0,46,Matchs
483,Andrey Ramos do Nascimento,br BRA,MT,Coritiba,24,1998,12.5,607,705,86.1,10742,3607,277,310,89.4,256,282,90.8,60,85,70.6,0,1.3,1.6,-1.3,13,63,10,3,89,Matchs
484,Bruno Nascimento,br BRA,"AT,MT",Cruzeiro,25,1997,31.3,690,971,71.1,10247,2825,399,472,84.5,213,291,73.2,48,93,51.6,4,4.3,4.4,-0.3,46,56,48,6,123,Matchs
485,Matheus Nascimento,br BRA,"AT,MT",Botafogo (RJ),18,2004,1.1,12,17,70.6,143,29,8,9,88.9,2,2,100.0,0,0,,0,0.4,0.0,-0.4,2,1,0,0,2,Matchs
486,Nata,br BRA,"AT,DF",Grêmio,21,2001,0.2,11,12,91.7,199,95,4,4,100.0,7,8,87.5,0,0,,0,0.0,0.0,0.0,0,0,0,0,1,Matchs
487,Natan,br BRA,DF,Red Bull Bragantino,21,2001,9.3,306,393,77.9,6558,2465,81,96,84.4,178,207,86.0,45,83,54.2,0,0.0,0.1,0.0,0,26,0,0,34,Matchs
488,Natanael,br BRA,DF,Coritiba,21,2002,27.8,944,1224,77.1,14980,6302,505,590,85.6,363,454,80.0,59,114,51.8,1,1.6,1.6,-0.6,16,58,21,10,79,Matchs
489,Nathan,br BRA,DF,Santos,21,2001,5.5,178,228,78.1,2573,1131,103,112,92.0,60,83,72.3,9,16,56.3,0,0.6,0.3,-0.6,2,5,3,1,14,Matchs
490,Nathan,br BRA,"MT,AT",Grêmio,26,1996,7.6,260,318,81.8,3898,850,145,164,88.4,86,104,82.7,17,28,60.7,1,1.1,0.9,-0.1,13,26,5,0,39,Matchs
491,Rafael Navarro,br BRA,AT,Palmeiras,22,2000,1.4,27,35,77.1,371,90,15,17,88.2,12,13,92.3,0,0,,0,0.1,0.1,-0.1,2,2,2,0,6,Matchs
492,Kaiky Naves,br BRA,"DF,AT",Palmeiras,20,2002,5.8,235,269,87.4,4912,2119,62,66,93.9,140,153,91.5,32,44,72.7,0,0.0,0.0,0.0,2,12,0,0,12,Matchs
493,Felipe Negrucci,br BRA,MT,São Paulo,18,2004,0.2,7,7,100.0,80,41,6,6,100.0,1,1,100.0,0,0,,0,0.0,0.0,0.0,0,1,0,0,1,Matchs
494,Emerson Negueba,br BRA,AT,Cuiabá,22,2000,5.4,107,143,74.8,1289,291,64,75,85.3,31,42,73.8,1,6,16.7,0,0.0,0.1,0.0,1,5,1,0,11,Matchs
495,Neris,br BRA,DF,Cruzeiro,30,1992,23.5,841,1008,83.4,17360,7016,256,291,88.0,461,512,90.0,118,178,66.3,1,0.7,0.4,#ERROR!,3,68,5,1,89,Matchs
496,Rodrigo Nestor,br BRA,"MT,AT",São Paulo,22,2000,16.1,544,667,81.6,8834,2051,281,314,89.5,190,227,83.7,51,68,75.0,2,4.6,3.2,-2.6,26,44,20,6,65,Matchs
497,João Neto,br BRA,"MT,DF",Fluminense,19,2003,0.6,20,21,95.2,297,72,9,9,100.0,10,10,100.0,0,0,,0,0.0,0.1,0.0,0,1,2,2,2,Matchs
498,Gabriel Neves,uy URU,MT,São Paulo,25,1997,10.7,731,843,86.7,12659,3416,338,368,91.8,290,314,92.4,78,106,73.6,0,0.2,0.4,-0.2,9,108,3,1,85,Matchs
499,Newton,br BRA,MT,Botafogo (RJ),22,2000,0.1,7,7,100.0,142,7,2,2,100.0,5,5,100.0,0,0,,0,0.0,0.0,0.0,1,0,0,0,1,Matchs
500,Nicolas,br BRA,DF,América (MG),25,1997,8.0,188,287,65.5,3159,1769,102,123,82.9,63,92,68.5,17,45,37.8,1,0.2,0.2,#ERROR!,7,13,3,1,18,Matchs
Clt,Joueur,Nation,Pos,Équipe,Âge,Naissance,90,Cmp,Att,Cmp%,TotDist,DistBut,Cmp,Att,Cmp%,Cmp,Att,Cmp%,Cmp,Att,Cmp%,PD,xAG,xA,A-xAG,PC,1/3,PPA,CntSR,PrgP,Matchs
501,Nikão,br BRA,"AT,MT",Cruzeiro,30,1992,8.9,283,381,74.3,4813,1275,147,171,86.0,100,118,84.7,33,68,48.5,3,2.4,2.1,#ERROR!,26,22,19,3,43,Matchs
502,Nino,br BRA,DF,Fluminense,25,1997,23.9,1566,1718,91.2,27629,8884,677,705,96.0,748,780,95.9,124,197,62.9,0,0.5,0.8,-0.5,9,113,4,1,108,Matchs
503,Freddy Noguera,py PAR,AT,Grêmio,19,2004,0.3,2,3,66.7,31,0,1,1,100.0,1,2,50.0,0,0,,0,0.0,0.0,0.0,0,0,0,0,0,Matchs
504,Nonato,br BRA,MT,Santos,24,1998,7.3,205,251,81.7,3042,863,103,116,88.8,83,102,81.4,9,12,75.0,0,0.2,0.5,-0.2,3,15,7,0,24,Matchs
505,Gabriel Novaes,br BRA,AT,Goiás,23,1999,1.1,13,18,72.2,167,27,9,12,75.0,2,2,100.0,1,2,50.0,0,0.0,0.0,0.0,0,0,1,0,2,Matchs
506,Ruan Oliveira Ferreira,br BRA,"MT,AT",Corinthians,22,2000,9.8,249,350,71.1,4036,1183,128,151,84.8,85,113,75.2,25,51,49.0,1,1.2,1.5,-0.2,14,23,9,4,30,Matchs
507,Lucas Oliveira,br BRA,DF,Cruzeiro,26,1996,14.6,645,782,82.5,13730,5421,152,176,86.4,409,440,93.0,82,150,54.7,0,0.2,0.4,-0.2,4,66,4,1,67,Matchs
508,Pedro Oliveira,br BRA,"AT,MT",Goiás,18,2004,2.2,31,39,79.5,440,133,18,21,85.7,11,11,100.0,1,2,50.0,0,0.1,0.0,-0.1,4,3,1,0,5,Matchs
509,Cauly Oliveira Souza,br BRA,"MT,AT",Bahia,27,1995,28.3,1028,1384,74.3,15983,5089,533,645,82.6,354,449,78.8,81,173,46.8,7,5.8,5.8,#ERROR!,77,141,54,7,199,Matchs
510,Luca Orellano,ar ARG,"AT,MT",Vasco da Gama,22,2000,6.9,195,278,70.1,3030,834,105,122,86.1,64,86,74.4,14,43,32.6,1,1.0,2.2,0.0,11,12,19,5,35,Matchs
511,Leo Ortiz,br BRA,DF,Red Bull Bragantino,27,1996,17.8,896,1072,83.6,19560,9357,259,290,89.3,467,525,89.0,162,235,68.9,0,0.6,1.0,-0.6,10,136,13,1,142,Matchs
512,Otávio,br BRA,MT,Atlético Mineiro,28,1994,25.6,1311,1450,90.4,23396,7322,563,592,95.1,616,666,92.5,111,153,72.5,0,0.4,0.7,-0.4,11,155,5,1,135,Matchs
513,João Othavio Basso,br BRA,DF,Santos,26,1997,12.8,531,649,81.8,10433,3893,177,203,87.2,290,326,89.0,60,109,55.0,0,0.2,0.4,-0.2,1,41,1,1,43,Matchs
514,Luis Oyama,br BRA,MT,Goiás,26,1997,6.2,195,237,82.3,3874,854,67,73,91.8,83,90,92.2,35,52,67.3,0,0.2,0.5,-0.2,4,21,4,0,33,Matchs
515,Pablinho,br BRA,AT,Cuiabá,19,2003,0.4,6,7,85.7,60,10,4,5,80.0,1,1,100.0,0,0,,0,0.0,0.0,0.0,0,0,0,0,1,Matchs
516,Pablo,br BRA,AT,Ath Paranaense,30,1992,15.5,338,442,76.5,5487,1090,175,216,81.0,123,147,83.7,30,45,66.7,2,1.6,1.0,#ERROR!,26,21,11,4,36,Matchs
517,Pablo,br BRA,DF,Flamengo,31,1991,4.7,283,313,90.4,4884,1429,104,112,92.9,161,171,94.2,14,25,56.0,0,0.0,0.0,0.0,0,13,0,0,7,Matchs
518,Bruno Pacheco,br BRA,DF,Fortaleza,31,1991,29.7,1018,1313,77.5,16595,6635,533,594,89.7,386,490,78.8,72,148,48.6,3,1.9,1.9,#ERROR!,21,101,29,11,133,Matchs
519,Helibelton Palacios,co COL,DF,Cruzeiro,29,1993,7.0,210,282,74.5,3009,1440,129,146,88.4,67,96,69.8,11,20,55.0,0,0.1,0.2,-0.1,2,17,3,1,27,Matchs
520,Julián Palacios,ar ARG,"AT,MT",Goiás,23,1999,18.1,420,596,70.5,7164,2694,211,250,84.4,140,184,76.1,51,101,50.5,1,2.9,3.8,-1.9,51,41,37,16,98,Matchs
521,Nino Paraíba,br BRA,DF,América (MG),37,1986,2.2,81,109,74.3,1535,675,38,45,84.4,27,37,73.0,12,20,60.0,0,0.5,0.5,-0.5,5,9,8,7,19,Matchs
522,Mateus Pasinato,br BRA,GB,América (MG),30,1992,10.0,184,246,74.8,5679,4441,27,27,100.0,84,86,97.7,73,131,55.7,0,0.0,0.0,0.0,0,5,0,0,0,Matchs
523,Weslley Patati,br BRA,"AT,MT",Santos,19,2003,1.5,47,65,72.3,824,167,25,27,92.6,15,22,68.2,6,10,60.0,0,0.1,0.2,-0.1,2,4,3,0,8,Matchs
524,Alexandre Pato,br BRA,"AT,MT",São Paulo,33,1989,1.8,38,54,70.4,504,122,26,30,86.7,7,12,58.3,3,8,37.5,0,0.3,0.1,-0.3,2,3,6,1,9,Matchs
525,Patrick,br BRA,"MT,AT",Atlético Mineiro,30,1992,6.2,260,322,80.7,3915,991,152,172,88.4,90,115,78.3,15,21,71.4,0,1.5,1.0,-1.5,4,14,8,4,22,Matchs
Clt,Joueur,Nation,Pos,Équipe,Âge,Naissance,90,Cmp,Att,Cmp%,TotDist,DistBut,Cmp,Att,Cmp%,Cmp,Att,Cmp%,Cmp,Att,Cmp%,PD,xAG,xA,A-xAG,PC,1/3,PPA,CntSR,PrgP,Matchs
526,Alan Patrick,br BRA,"MT,AT",Internacional,31,1991,27.2,973,1246,78.1,16094,4304,472,553,85.4,389,473,82.2,82,148,55.4,5,5.2,5.9,-0.2,67,102,51,8,159,Matchs
527,Luan Patrick,br BRA,DF,Red Bull Bragantino,21,2002,12.4,516,612,84.3,10912,3927,146,162,90.1,285,310,91.9,82,129,63.6,1,1.2,0.8,-0.2,5,39,1,1,42,Matchs
528,Patryck,br BRA,DF,São Paulo,20,2003,4.2,126,177,71.2,2099,695,66,77,85.7,50,69,72.5,9,16,56.3,0,0.0,0.1,0.0,2,9,2,2,4,Matchs
529,Giuliano de Paula,br BRA,"MT,AT",Corinthians,32,1990,18.1,789,908,86.9,11971,3040,413,442,93.4,296,341,86.8,48,65,73.8,1,0.8,0.9,#ERROR!,15,69,9,0,97,Matchs
530,Jair Paula,br BRA,DF,Santos,17,2005,0.4,13,17,76.5,296,91,1,1,100.0,11,11,100.0,1,4,25.0,0,0.1,0.0,-0.1,1,2,1,0,3,Matchs
531,Paulinho,br BRA,DF,América (MG),18,2004,0.3,15,16,93.8,275,74,9,9,100.0,4,4,100.0,2,3,66.7,0,0.0,0.0,0.0,0,0,0,0,1,Matchs
532,Paulinho,br BRA,"AT,MT",Atlético Mineiro,22,2000,33.2,854,1050,81.3,11117,2423,544,631,86.2,225,262,85.9,29,39,74.4,2,2.5,2.8,-0.5,36,61,30,3,77,Matchs
533,Paulinho,br BRA,MT,Vasco da Gama,26,1997,18.2,794,945,84.0,13612,3909,382,417,91.6,325,381,85.3,72,105,68.6,2,1.7,1.8,#ERROR!,28,119,19,5,124,Matchs
534,Paulinho,br BRA,DF,Vasco da Gama,17,2005,0.5,,,,,,,,,,,,,,,0,,,,,,,,,Matchs
535,Paulinho,br BRA,"MT,AT",Corinthians,34,1988,1.6,53,64,82.8,908,157,27,29,93.1,19,22,86.4,7,11,63.6,0,0.3,0.1,-0.3,2,3,2,0,5,Matchs
536,Caio Paulista,br BRA,DF,São Paulo,24,1998,23.1,1204,1391,86.6,17621,4562,699,745,93.8,434,494,87.9,41,59,69.5,2,1.9,2.4,#ERROR!,24,66,23,8,121,Matchs
537,Wellington Paulista,br BRA,AT,América (MG),38,1984,2.5,30,40,75.0,371,88,15,18,83.3,10,16,62.5,1,1,100.0,0,0.1,0.6,-0.1,1,3,1,0,5,Matchs
538,João Paulo,br BRA,GB,Santos,27,1995,35.7,611,914,66.8,17959,13366,116,118,98.3,254,257,98.8,232,529,43.9,0,0.0,0.1,0.0,1,11,1,0,1,Matchs
539,Marcos Paulo,br BRA,"AT,MT",São Paulo,21,2001,5.9,153,204,75.0,2348,687,88,100,88.0,44,59,74.6,14,24,58.3,1,1.5,1.1,-0.5,18,11,11,0,25,Matchs
540,Cristian Pavón,ar ARG,"AT,MT",Atlético Mineiro,27,1996,21.5,740,968,76.4,10936,2258,448,510,87.8,224,299,74.9,44,85,51.8,8,3.9,3.2,#ERROR!,39,44,21,6,62,Matchs
541,Dimitri Payet,fr FRA,"MT,AT",Vasco da Gama,35,1987,8.9,314,444,70.7,5438,1201,159,186,85.5,107,141,75.9,38,93,40.9,1,2.4,2.0,-1.4,16,22,11,3,42,Matchs
542,Pedrinho,br BRA,"AT,MT",América (MG),23,1999,4.6,88,127,69.3,1461,451,43,52,82.7,33,44,75.0,8,16,50.0,0,0.4,0.5,-0.4,4,8,7,4,20,Matchs
543,Pedrinho,br BRA,"DF,MT",Ath Paranaense,20,2002,4.0,155,200,77.5,2466,917,79,92,85.9,65,82,79.3,8,18,44.4,0,0.1,0.2,-0.1,3,11,4,1,10,Matchs
544,Pedrinho,br BRA,"MT,AT",Atlético Mineiro,24,1998,7.0,339,411,82.5,5614,1654,167,175,95.4,132,154,85.7,30,56,53.6,2,1.4,1.8,#ERROR!,15,67,15,5,70,Matchs
545,Pedrinho,br BRA,AT,Flamengo,19,2003,0.2,3,9,33.3,59,23,0,1,0.0,3,5,60.0,0,1,0.0,0,0.0,0.0,0.0,0,0,1,0,1,Matchs
546,Pedro,br BRA,AT,Flamengo,25,1997,23.9,300,392,76.5,4181,943,183,220,83.2,82,103,79.6,15,20,75.0,0,0.9,1.4,-0.9,22,29,16,0,49,Matchs
547,João Pedro,br BRA,AT,Cruzeiro,19,2003,0.1,1,2,50.0,12,0,1,2,50.0,0,0,,0,0,,0,0.0,0.0,0.0,0,0,0,0,0,Matchs
548,João Pedro,it ITA,AT,Grêmio,30,1992,6.8,85,125,68.0,1130,236,62,78,79.5,15,27,55.6,6,10,60.0,1,0.3,0.1,#ERROR!,5,3,2,1,6,Matchs
549,João Pedro,br BRA,DF,Grêmio,26,1996,23.1,821,1065,77.1,12585,5775,453,519,87.3,302,384,78.6,46,107,43.0,1,1.2,1.1,-0.2,17,79,20,6,113,Matchs
550,João Pedro Pepê,br BRA,MT,Grêmio,25,1998,15.5,657,775,84.8,10716,3703,317,351,90.3,257,288,89.2,58,91,63.7,1,0.6,0.9,#ERROR!,9,75,8,3,87,Matchs
Clt,Joueur,Nation,Pos,Équipe,Âge,Naissance,90,Cmp,Att,Cmp%,TotDist,DistBut,Cmp,Att,Cmp%,Cmp,Att,Cmp%,Cmp,Att,Cmp%,PD,xAG,xA,A-xAG,PC,1/3,PPA,CntSR,PrgP,Matchs
551,Jean Pedroso,br BRA,DF,Coritiba,19,2004,6.5,234,284,82.4,4578,1512,73,78,93.6,135,150,90.0,25,51,49.0,0,0.0,0.1,0.0,0,13,2,0,18,Matchs
552,Matheus Peixoto,br BRA,AT,Goiás,27,1995,9.8,111,156,71.2,1567,273,60,79,75.9,36,43,83.7,6,8,75.0,1,1.6,0.4,-0.6,8,8,1,0,11,Matchs
553,Léo Pelé,br BRA,DF,Vasco da Gama,26,1996,30.2,1407,1623,86.7,25074,9466,597,629,94.9,668,733,91.1,124,215,57.7,0,0.3,0.6,-0.3,7,131,5,1,129,Matchs
554,Carlos de Pena,uy URU,"MT,AT",Internacional,30,1992,15.8,566,741,76.4,9448,2556,283,324,87.3,221,280,78.9,47,92,51.1,0,0.9,1.6,-0.9,14,58,7,2,83,Matchs
555,Léo Pereira,br BRA,DF,Flamengo,27,1996,29.4,1851,2098,88.2,34833,12684,713,774,92.1,920,983,93.6,198,289,68.5,1,0.4,0.8,#ERROR!,12,185,12,2,177,Matchs
556,Matheus Pereira,pt POR,"AT,MT",Cruzeiro,26,1996,11.4,447,607,73.6,6710,2015,260,295,88.1,127,167,76.0,36,91,39.6,1,2.8,3.3,-1.8,22,61,16,1,60,Matchs
557,Bruno Peres,br BRA,"DF,MT",Ath Paranaense,32,1990,1.7,71,86,82.6,1298,312,32,35,91.4,29,33,87.9,9,13,69.2,0,0.2,0.2,-0.2,1,4,0,0,3,Matchs
558,Lucas Perri,br BRA,GB,Botafogo (RJ),25,1997,37.5,704,1072,65.7,22215,16835,119,120,99.2,254,259,98.1,325,682,47.7,0,0.1,0.0,-0.1,1,18,0,0,2,Matchs
559,Lucas Piazon,br BRA,AT,Botafogo (RJ),29,1994,0.2,6,6,100.0,88,45,3,3,100.0,1,1,100.0,1,1,100.0,0,0.0,0.0,0.0,0,0,0,0,0,Matchs
560,Yago Pikachu,br BRA,"AT,MT",Fortaleza,30,1992,19.5,468,621,75.4,7631,2223,248,288,86.1,159,209,76.1,46,78,59.0,1,2.8,3.2,-1.8,30,43,17,6,62,Matchs
561,Rodrigo Pinho,br BRA,AT,Coritiba,31,1991,4.3,46,71,64.8,646,129,25,32,78.1,13,22,59.1,3,4,75.0,0,0.2,0.0,-0.2,4,5,0,0,4,Matchs
562,Joaquín Piquerez,uy URU,DF,Palmeiras,24,1998,28.1,1225,1530,80.1,21285,6523,593,659,90.0,510,618,82.5,108,185,58.4,5,3.7,3.3,#ERROR!,28,105,33,19,128,Matchs
563,Gabriel Pirani,br BRA,"MT,AT",Fluminense,20,2002,4.4,139,165,84.2,1597,297,82,95,86.3,35,37,94.6,3,4,75.0,0,0.0,0.2,0.0,0,5,1,0,6,Matchs
564,Rafael Pires,br BRA,GB,São Paulo,33,1989,33.0,791,999,79.2,20537,13047,174,174,100.0,378,381,99.2,233,436,53.4,0,0.0,0.0,0.0,0,7,0,0,0,Matchs
565,Lucas Piton,br BRA,DF,Vasco da Gama,22,2000,36.5,1461,1959,74.6,24500,9663,752,829,90.7,558,721,77.4,127,280,45.4,4,4.9,6.1,-0.9,61,114,67,51,147,Matchs
566,Isidro Pitta,py PAR,AT,Cuiabá,23,1999,9.1,156,237,65.8,2051,382,91,121,75.2,45,70,64.3,6,14,42.9,1,0.4,0.5,#ERROR!,6,9,6,1,21,Matchs
567,Tomas Pochettino,ar ARG,"MT,AT",Fortaleza,26,1996,22.1,614,851,72.2,11153,3330,276,320,86.3,241,302,79.8,80,162,49.4,3,3.9,3.4,-0.9,43,74,25,12,107,Matchs
568,Luan Polli,br BRA,GB,Coritiba,29,1993,4.3,72,108,66.7,2416,2064,12,12,100.0,32,32,100.0,28,64,43.8,0,0.0,0.0,0.0,1,4,0,0,0,Matchs
569,Wesley Pombo,br BRA,MT,Coritiba,20,2002,0.6,9,12,75.0,106,20,8,9,88.9,1,1,100.0,0,0,,0,0.1,0.0,-0.1,2,2,0,0,0,Matchs
570,Mateo Ponte,uy URU,DF,Botafogo (RJ),19,2003,0.2,8,10,80.0,147,71,3,4,75.0,4,4,100.0,1,2,50.0,0,0.0,0.0,0.0,0,2,0,0,0,Matchs
571,William Pottker,br BRA,"AT,MT",Coritiba,29,1993,1.3,28,40,70.0,391,134,18,20,90.0,7,11,63.6,2,3,66.7,0,0.1,0.0,-0.1,1,2,0,0,2,Matchs
572,Bruno Praxedes,br BRA,MT,Vasco da Gama,20,2002,14.9,517,657,78.7,8766,1949,256,303,84.5,207,243,85.2,46,72,63.9,2,1.0,0.4,#ERROR!,9,61,10,0,77,Matchs
573,Bruno Praxedes,br BRA,MT,Red Bull Bragantino,20,2002,0.1,3,4,75.0,74,0,2,2,100.0,0,1,0.0,1,1,100.0,0,0.0,0.0,0.0,0,0,0,0,0,Matchs
574,Erick Pulgar,cl CHI,MT,Flamengo,29,1994,22.2,1210,1373,88.1,19207,5991,604,661,91.4,498,547,91.0,64,92,69.6,3,1.9,2.2,#ERROR!,16,147,10,1,137,Matchs
575,Nicolás Quagliata,uy URU,"AT,MT",Cuiabá,23,1999,2.6,111,147,75.5,1641,454,70,77,90.9,35,43,81.4,5,16,31.3,0,0.4,0.3,-0.4,6,8,1,1,7,Matchs
Clt,Joueur,Nation,Pos,Équipe,Âge,Naissance,90,Cmp,Att,Cmp%,TotDist,DistBut,Cmp,Att,Cmp%,Cmp,Att,Cmp%,Cmp,Att,Cmp%,PD,xAG,xA,A-xAG,PC,1/3,PPA,CntSR,PrgP,Matchs
576,Du Queiroz,br BRA,"MT,DF",Corinthians,23,2000,2.0,67,85,78.8,991,382,42,44,95.5,22,28,78.6,3,9,33.3,0,0.0,0.0,0.0,1,5,0,0,7,Matchs
577,Yani Quintero,co COL,MT,Red Bull Bragantino,20,2002,1.1,44,53,83.0,857,186,16,17,94.1,17,20,85.0,9,12,75.0,0,0.0,0.0,0.0,0,4,1,0,7,Matchs
578,Igor Rabello,br BRA,DF,Atlético Mineiro,27,1995,7.7,293,365,80.3,5459,2186,106,115,92.2,154,175,88.0,24,64,37.5,0,0.1,0.1,-0.1,2,22,1,0,22,Matchs
579,Rafael,br BRA,DF,Botafogo (RJ),32,1990,5.4,184,243,75.7,2786,1188,104,113,92.0,69,98,70.4,8,24,33.3,0,0.2,0.4,-0.2,5,12,4,2,10,Matchs
580,Zé Rafael,br BRA,MT,Palmeiras,29,1993,28.5,1034,1194,86.6,19731,4514,385,427,90.2,489,535,91.4,133,174,76.4,3,1.9,0.9,#ERROR!,19,114,5,0,142,Matchs
581,Rafinha,br BRA,DF,São Paulo,37,1985,22.5,1619,1828,88.6,31119,11290,668,705,94.8,691,767,90.1,243,311,78.1,1,1.4,2.2,-0.4,23,190,32,12,187,Matchs
582,Rai,br BRA,MT,Botafogo (RJ),20,2002,0.0,5,5,100.0,80,12,3,3,100.0,1,1,100.0,1,1,100.0,0,0.0,0.0,0.0,0,0,0,0,0,Matchs
583,Eric Ramires,br BRA,MT,Red Bull Bragantino,22,2000,15.3,572,695,82.3,9242,2382,306,341,89.7,210,239,87.9,49,75,65.3,3,1.6,1.5,#ERROR!,15,73,14,2,80,Matchs
584,Lucas Ramos,br BRA,AT,Internacional,22,2001,0.0,1,1,100.0,19,0,0,0,,1,1,100.0,0,0,,0,0.0,0.0,0.0,0,0,0,0,0,Matchs
585,Raí Ramos,br BRA,DF,São Paulo,28,1994,3.1,124,150,82.7,2098,604,56,64,87.5,63,73,86.3,5,9,55.6,0,0.6,0.2,-0.6,2,10,2,1,14,Matchs
586,Marcelo Rangel,br BRA,GB,Goiás,34,1988,3.0,58,81,71.6,1375,835,15,15,100.0,30,30,100.0,13,35,37.1,0,0.0,0.0,0.0,0,0,0,0,0,Matchs
587,Pedro Rangel,br BRA,GB,Fluminense,22,2000,2.0,49,55,89.1,980,668,16,16,100.0,19,20,95.0,8,12,66.7,0,0.0,0.0,0.0,0,0,0,0,0,Matchs
588,Raniele,br BRA,"MT,DF",Cuiabá,26,1996,32.1,827,1102,75.0,15425,4651,306,387,79.1,418,502,83.3,84,146,57.5,1,0.9,1.4,#ERROR!,14,84,10,2,105,Matchs
589,Rafael Ratão,br BRA,"AT,MT",Bahia,27,1995,8.7,245,319,76.8,3475,920,142,172,82.6,82,105,78.1,8,18,44.4,1,0.9,0.7,#ERROR!,7,29,6,0,38,Matchs
590,Wellington Rato,br BRA,"AT,MT",São Paulo,30,1992,19.6,719,991,72.6,13032,3478,358,407,88.0,241,327,73.7,99,208,47.6,4,3.7,4.4,#ERROR!,49,55,32,8,68,Matchs
591,Raul,br BRA,"MT,DF",Red Bull Bragantino,26,1996,1.2,50,53,94.3,803,260,19,20,95.0,26,27,96.3,2,2,100.0,0,0.0,0.0,0.0,1,4,0,0,6,Matchs
592,Pedro Raul,br BRA,AT,Vasco da Gama,26,1996,9.3,114,180,63.3,1350,222,79,115,68.7,27,40,67.5,1,4,25.0,0,0.9,0.9,-0.9,8,11,6,1,12,Matchs
593,Leonardo Realpe,ec ECU,DF,Red Bull Bragantino,21,2001,18.7,671,839,80.0,13522,5352,186,213,87.3,409,457,89.5,69,151,45.7,0,0.1,0.2,-0.1,4,61,1,1,77,Matchs
594,Reinaldo,br BRA,AT,Ath Paranaense,21,2001,0.2,2,2,100.0,28,0,2,2,100.0,0,0,,0,0,,0,0.0,0.0,0.0,0,0,0,0,0,Matchs
595,Reinaldo,br BRA,DF,Grêmio,33,1989,29.8,1227,1689,72.6,22542,10829,523,603,86.7,510,665,76.7,162,318,50.9,5,5.2,6.2,-0.2,56,115,41,15,161,Matchs
596,Renê,br BRA,DF,Internacional,30,1992,25.4,1528,1874,81.5,27953,12276,658,727,90.5,666,794,83.9,182,273,66.7,1,1.9,2.5,-0.9,28,171,34,6,159,Matchs
597,Réver,br BRA,"DF,AT",Atlético Mineiro,38,1985,1.3,46,53,86.8,1040,510,10,10,100.0,28,29,96.6,8,14,57.1,0,0.0,0.0,0.0,0,5,2,0,4,Matchs
598,Rezende,br BRA,"MT,DF",Bahia,28,1995,30.1,1121,1326,84.5,18369,6030,518,587,88.2,510,570,89.5,72,100,72.0,3,1.3,1.4,#ERROR!,15,125,7,1,102,Matchs
599,Everton Ribeiro,br BRA,"AT,MT",Flamengo,33,1989,16.4,751,943,79.6,12091,3591,382,438,87.2,290,351,82.6,54,96,56.3,4,3.7,4.2,#ERROR!,34,65,41,6,143,Matchs
600,Wesley Ribeiro,br BRA,"AT,MT",Corinthians,17,2005,9.6,195,276,70.7,3222,722,101,126,80.2,78,97,80.4,12,28,42.9,1,1.2,1.6,-0.2,14,12,12,4,25,Matchs
Clt,Joueur,Nation,Pos,Équipe,Âge,Naissance,90,Cmp,Att,Cmp%,TotDist,DistBut,Cmp,Att,Cmp%,Cmp,Att,Cmp%,Cmp,Att,Cmp%,PD,xAG,xA,A-xAG,PC,1/3,PPA,CntSR,PrgP,Matchs
601,João Ricardo Riedi,br BRA,GB,Fortaleza,34,1988,31.9,503,749,67.2,14974,11041,77,77,100.0,214,220,97.3,206,443,46.5,0,0.0,0.0,0.0,0,8,1,0,1,Matchs
602,Zé Ricardo,br BRA,MT,Goiás,23,1999,11.9,555,669,83.0,11346,3588,202,231,87.4,231,270,85.6,107,129,82.9,1,0.8,0.5,#ERROR!,11,82,9,0,88,Matchs
603,Richard,br BRA,MT,Cruzeiro,28,1994,3.8,223,253,88.1,4000,882,92,102,90.2,104,114,91.2,21,26,80.8,0,0.1,0.1,-0.1,3,19,0,0,8,Matchs
604,Rikelme,br BRA,DF,Cuiabá,19,2003,26.0,760,1068,71.2,12214,5552,406,463,87.7,281,389,72.2,56,150,37.3,1,1.4,1.6,-0.4,18,59,21,13,81,Matchs
605,Tomás Rincón,ve VEN,MT,Santos,35,1988,13.2,492,577,85.3,8396,2216,227,244,93.0,208,245,84.9,45,64,70.3,1,0.6,0.4,#ERROR!,10,34,5,2,39,Matchs
606,Richard Ríos,co COL,MT,Palmeiras,22,2000,20.6,634,792,80.1,11147,2057,287,334,85.9,275,321,85.7,60,81,74.1,1,1.0,1.2,0.0,10,53,9,4,63,Matchs
607,Robert,br BRA,"MT,AT",Cruzeiro,17,2005,2.1,25,40,62.5,322,31,16,17,94.1,8,16,50.0,0,4,0.0,0,0.0,0.0,0.0,1,1,0,0,0,Matchs
608,Zé Roberto,br BRA,"AT,MT",Coritiba,29,1993,5.8,86,134,64.2,1201,400,51,72,70.8,24,37,64.9,5,8,62.5,1,0.7,0.5,#ERROR!,6,13,4,0,14,Matchs
609,Robson,br BRA,"MT,AT",Coritiba,31,1991,26.1,457,722,63.3,7174,2419,266,351,75.8,142,216,65.7,38,87,43.7,4,2.3,2.7,#ERROR!,24,42,24,10,68,Matchs
610,Kaique Rocha,br BRA,DF,Ath Paranaense,21,2001,7.2,266,304,87.5,4887,1900,92,98,93.9,152,165,92.1,18,30,60.0,0,0.1,0.0,-0.1,2,6,0,0,9,Matchs
611,Marcos Rocha,br BRA,DF,Palmeiras,34,1988,14.0,863,1081,79.8,18449,8068,262,292,89.7,422,489,86.3,169,261,64.8,1,0.9,1.4,#ERROR!,19,104,21,8,95,Matchs
612,Pedro Rocha Neves,br BRA,AT,Fortaleza,28,1994,0.4,6,8,75.0,80,27,3,4,75.0,3,3,100.0,0,0,,0,0.1,0.0,-0.1,1,0,0,0,0,Matchs
613,Sergio Rochet,uy URU,GB,Internacional,29,1993,19.0,372,537,69.3,10238,7601,63,63,100.0,194,198,98.0,114,272,41.9,0,0.0,0.0,0.0,0,2,0,0,1,Matchs
614,Rodrigo,br BRA,"MT,AT",São Paulo,18,2004,2.6,109,151,72.2,1417,324,71,84,84.5,27,38,71.1,5,10,50.0,0,0.0,0.2,0.0,0,8,4,2,8,Matchs
615,James Rodríguez,co COL,"MT,AT",São Paulo,31,1991,7.1,402,486,82.7,6766,1931,213,230,92.6,130,148,87.8,46,79,58.2,2,1.2,1.1,#ERROR!,14,65,5,0,65,Matchs
616,Rodriguinho,br BRA,"DF,MT",América (MG),19,2003,13.9,471,642,73.4,7602,2700,262,296,88.5,150,197,76.1,41,96,42.7,3,2.8,3.2,#ERROR!,21,27,20,9,36,Matchs
617,Matías Rojas,py PAR,"MT,AT",Corinthians,27,1995,7.0,248,342,72.5,4179,1278,135,159,84.9,71,93,76.3,31,65,47.7,1,1.0,1.1,0.0,15,40,0,0,30,Matchs
618,Romarinho,br BRA,"AT,MT",Fortaleza,28,1994,3.2,129,160,80.6,1949,402,78,87,89.7,36,44,81.8,10,12,83.3,0,0.9,0.9,-0.9,7,13,4,2,18,Matchs
619,Ángel Romero,py PAR,AT,Corinthians,30,1992,13.3,352,493,71.4,5018,1452,208,245,84.9,110,155,71.0,17,36,47.2,1,2.6,1.9,-1.6,25,28,19,14,49,Matchs
620,Silvio Romero,ar ARG,AT,Fortaleza,34,1988,4.4,54,81,66.7,771,155,33,43,76.7,12,20,60.0,4,6,66.7,1,1.2,0.5,-0.2,9,2,4,1,5,Matchs
621,Rômulo,br BRA,"AT,MT",Ath Paranaense,20,2002,5.7,131,192,68.2,1821,449,85,105,81.0,35,50,70.0,5,12,41.7,0,0.1,0.2,-0.1,4,7,4,1,11,Matchs
622,Romulo,br BRA,"MT,DF",Internacional,22,2000,13.5,521,629,82.8,8517,1957,242,278,87.1,242,269,90.0,23,46,50.0,0,0.2,0.3,-0.2,3,42,6,1,37,Matchs
623,Ronald,br BRA,MT,Grêmio,19,2003,4.6,212,250,84.8,3691,1000,88,101,87.1,104,117,88.9,16,21,76.2,0,0.3,0.4,-0.3,5,19,1,0,21,Matchs
624,Ronald,br BRA,MT,Cuiabá,25,1997,6.5,284,353,80.5,4459,1340,143,167,85.6,108,125,86.4,22,40,55.0,1,1.0,1.0,0.0,12,31,11,4,49,Matchs
625,Budiga Roni,br BRA,MT,Corinthians,23,1999,7.5,356,411,86.6,5895,1525,170,185,91.9,151,172,87.8,26,36,72.2,0,0.3,0.2,-0.3,5,26,2,0,24,Matchs
Clt,Joueur,Nation,Pos,Équipe,Âge,Naissance,90,Cmp,Att,Cmp%,TotDist,DistBut,Cmp,Att,Cmp%,Cmp,Att,Cmp%,Cmp,Att,Cmp%,PD,xAG,xA,A-xAG,PC,1/3,PPA,CntSR,PrgP,Matchs
626,Lucas Ronier,br BRA,"AT,MT",Coritiba,18,2004,0.6,22,30,73.3,377,102,10,12,83.3,9,12,75.0,2,3,66.7,0,0.0,0.0,0.0,0,1,1,0,3,Matchs
627,Rony,br BRA,AT,Palmeiras,27,1995,18.2,179,253,70.8,2564,452,114,146,78.1,44,62,71.0,13,19,68.4,0,1.6,1.0,-1.6,22,3,10,5,11,Matchs
628,Vitor Roque,br BRA,AT,Ath Paranaense,17,2005,19.0,195,267,73.0,2515,390,128,158,81.0,49,59,83.1,4,9,44.4,3,1.2,0.9,#ERROR!,18,12,6,0,22,Matchs
629,Diego Rosa,br BRA,"MT,DF",Bahia,20,2002,2.7,110,140,78.6,1985,577,51,54,94.4,45,54,83.3,13,27,48.1,0,0.0,0.1,0.0,1,13,1,0,13,Matchs
630,Rossi,br BRA,"MT,AT",Vasco da Gama,29,1993,4.4,101,175,57.7,1602,712,50,61,82.0,38,67,56.7,8,25,32.0,4,0.8,1.1,#ERROR!,13,13,6,4,21,Matchs
631,Agustín Rossi,ar ARG,GB,Flamengo,27,1995,15.0,394,512,77.0,10397,7214,85,85,100.0,183,185,98.9,124,238,52.1,0,0.0,0.0,0.0,0,10,1,0,0,Matchs
632,Rubens,br BRA,"DF,MT",Atlético Mineiro,21,2001,15.0,596,772,77.2,9275,2800,318,363,87.6,231,286,80.8,32,65,49.2,1,1.1,0.9,-0.1,9,43,10,4,53,Matchs
633,Daniel Ruiz Rivera,co COL,"AT,MT",Santos,21,2001,2.7,68,104,65.4,1211,401,34,41,82.9,17,24,70.8,13,22,59.1,0,0.5,0.5,-0.5,10,5,2,1,10,Matchs
634,Rwan,br BRA,"MT,AT",Vasco da Gama,21,2001,0.4,8,10,80.0,107,37,6,7,85.7,2,2,100.0,0,0,,0,0.0,0.0,0.0,0,1,1,0,3,Matchs
635,João Victor Santos Sá,br BRA,AT,Botafogo (RJ),28,1994,23.6,581,726,80.0,8702,1818,329,379,86.8,203,245,82.9,32,47,68.1,4,1.9,2.2,#ERROR!,37,34,23,8,42,Matchs
636,Arthur Sales,br BRA,"AT,MT",Bahia,20,2002,3.2,97,124,78.2,1271,229,63,69,91.3,26,36,72.2,4,6,66.7,0,0.3,0.4,-0.3,3,7,1,0,7,Matchs
637,Andreas Samaris,gr GRE,MT,Coritiba,33,1989,2.0,83,92,90.2,1714,511,25,31,80.6,42,44,95.5,15,16,93.8,0,0.0,0.0,0.0,1,5,0,0,8,Matchs
638,Philipe Sampaio,br BRA,DF,Botafogo (RJ),28,1994,5.5,270,309,87.4,5268,1794,73,80,91.3,168,182,92.3,24,39,61.5,0,0.0,0.1,0.0,1,11,1,1,16,Matchs
639,Sander,br BRA,DF,Goiás,32,1990,17.1,755,1004,75.2,12955,5446,359,402,89.3,311,401,77.6,74,151,49.0,3,1.8,2.1,#ERROR!,28,60,21,14,85,Matchs
640,Sandry,br BRA,MT,Santos,20,2002,2.1,85,106,80.2,1778,470,32,34,94.1,33,42,78.6,18,26,69.2,0,0.1,0.1,-0.1,2,7,2,1,10,Matchs
641,Alex Santana,br BRA,MT,Ath Paranaense,27,1995,11.1,378,434,87.1,6235,1530,194,212,91.5,144,160,90.0,30,42,71.4,0,0.2,0.3,-0.2,7,48,2,0,46,Matchs
642,Santos,br BRA,GB,Flamengo,32,1990,5.4,162,194,83.5,3664,2083,31,31,100.0,99,101,98.0,29,59,49.2,0,0.0,0.0,0.0,0,2,0,0,2,Matchs
643,Ademir Santos,br BRA,"AT,MT",Bahia,27,1995,19.3,415,610,68.0,6747,2162,223,274,81.4,132,180,73.3,43,90,47.8,1,2.1,2.4,-1.1,31,47,23,8,74,Matchs
644,Allyson Aires dos Santos,br BRA,DF,Cuiabá,32,1990,12.6,452,503,89.9,8413,3156,176,186,94.6,222,239,92.9,50,70,71.4,0,0.0,0.1,0.0,1,15,1,0,17,Matchs
645,Andrey Santos,br BRA,MT,Vasco da Gama,18,2004,4.7,107,138,77.5,1608,432,63,74,85.1,39,43,90.7,5,12,41.7,0,0.1,0.1,-0.1,2,10,1,0,14,Matchs
646,Bruno Araújo dos Santos,br BRA,DF,Goiás,29,1993,5.0,166,217,76.5,2954,1033,75,85,88.2,75,97,77.3,15,23,65.2,0,0.2,0.4,-0.2,3,8,4,2,20,Matchs
647,Eduardo Santos,br BRA,DF,Red Bull Bragantino,25,1997,11.3,441,534,82.6,8483,3161,148,164,90.2,237,266,89.1,48,84,57.1,0,0.0,0.1,0.0,1,29,2,0,38,Matchs
648,Fábio Santos,br BRA,DF,Corinthians,37,1985,18.6,935,1124,83.2,14698,5984,497,547,90.9,372,431,86.3,51,97,52.6,1,0.4,0.5,#ERROR!,9,64,11,3,81,Matchs
649,Juan Santos,br BRA,AT,São Paulo,20,2002,14.2,244,324,75.3,3187,728,152,180,84.4,66,95,69.5,9,12,75.0,1,2.0,1.8,-1.0,22,11,13,2,25,Matchs
650,Júnior Santos,br BRA,AT,Botafogo (RJ),28,1994,24.0,534,730,73.2,7758,1651,325,387,84.0,164,224,73.2,29,53,54.7,1,2.3,2.3,-1.3,21,28,21,9,48,Matchs
Clt,Joueur,Nation,Pos,Équipe,Âge,Naissance,90,Cmp,Att,Cmp%,TotDist,DistBut,Cmp,Att,Cmp%,Cmp,Att,Cmp%,Cmp,Att,Cmp%,PD,xAG,xA,A-xAG,PC,1/3,PPA,CntSR,PrgP,Matchs
651,Kauan Santos,br BRA,AT,Palmeiras,18,2004,0.0,0,1,0.0,0,0,0,0,,0,1,0.0,0,0,,0,0.0,0.0,0.0,0,0,0,0,0,Matchs
652,Luis Eduardo Marques dos Santos,br BRA,DF,Fortaleza,25,1997,4.3,166,215,77.2,2903,1371,78,90,86.7,64,88,72.7,22,31,71.0,0,0.3,0.3,-0.3,6,13,4,4,10,Matchs
653,Matheus Santos,br BRA,"AT,MT",Goiás,24,1998,2.2,50,70,71.4,714,176,28,30,93.3,15,20,75.0,3,8,37.5,0,0.0,0.1,0.0,1,6,1,0,7,Matchs
654,Pedrinho Santos,br BRA,"AT,MT",Corinthians,16,2006,6.9,163,222,73.4,2458,660,93,112,83.0,62,78,79.5,6,12,50.0,0,0.2,0.3,-0.2,6,13,4,1,21,Matchs
655,Renzo Saravia,ar ARG,DF,Atlético Mineiro,29,1993,19.0,757,975,77.6,12105,4539,379,431,87.9,319,384,83.1,45,109,41.3,2,0.9,0.8,#ERROR!,9,82,7,4,75,Matchs
656,Eduardo Sasha,br BRA,"AT,MT",Red Bull Bragantino,30,1992,24.8,507,693,73.2,7709,1484,275,338,81.4,162,214,75.7,41,62,66.1,3,4.3,2.9,-1.3,43,47,20,1,82,Matchs
657,Lucas Sasha,br BRA,MT,Fortaleza,32,1990,11.3,451,529,85.3,7322,2063,222,250,88.8,186,205,90.7,32,50,64.0,1,0.3,0.3,#ERROR!,10,59,2,0,60,Matchs
658,Gustavo Sauer,br BRA,"AT,MT",Botafogo (RJ),29,1993,2.9,72,91,79.1,1108,328,42,46,91.3,23,26,88.5,4,11,36.4,1,0.4,0.3,#ERROR!,4,6,4,1,13,Matchs
659,Cleiton Schwengber,br BRA,GB,Red Bull Bragantino,25,1997,33.0,705,1033,68.2,19760,14424,134,134,100.0,299,306,97.7,252,568,44.4,0,0.0,0.1,0.0,0,29,1,0,1,Matchs
660,Luis Segovia,ec ECU,DF,Botafogo (RJ),25,1997,1.1,36,43,83.7,710,292,12,13,92.3,18,19,94.7,6,11,54.5,0,0.0,0.0,0.0,0,1,0,0,2,Matchs
661,Matias Segovia,py PAR,AT,Botafogo (RJ),20,2003,7.2,253,328,77.1,4183,1072,139,159,87.4,80,108,74.1,25,41,61.0,1,1.5,1.4,-0.5,16,25,14,5,33,Matchs
662,Sidimar,br BRA,DF,Goiás,30,1992,11.2,329,385,85.5,7101,2338,69,77,89.6,208,228,91.2,49,74,66.2,0,0.2,0.2,-0.2,4,11,3,0,20,Matchs
663,Aderlan Silva,br BRA,DF,Red Bull Bragantino,32,1990,15.8,792,1021,77.6,13487,5648,390,437,89.2,302,375,80.5,72,146,49.3,2,1.2,2.0,#ERROR!,21,66,20,8,84,Matchs
664,Gabriel Silva,br BRA,"AT,MT",Coritiba,20,2002,1.0,16,22,72.7,216,60,10,15,66.7,3,3,100.0,1,1,100.0,0,0.0,0.0,0.0,0,1,1,0,2,Matchs
665,Luan Silva,br BRA,MT,São Paulo,23,1999,6.8,286,329,86.9,4285,891,154,166,92.8,112,125,89.6,9,14,64.3,0,0.0,0.2,0.0,1,22,2,0,19,Matchs
666,Lucas Silva,br BRA,MT,Cruzeiro,29,1993,16.4,752,929,80.9,14869,4139,274,307,89.3,341,385,88.6,122,186,65.6,2,2.0,2.3,0.0,46,105,16,2,127,Matchs
667,Lucas Silva,br BRA,MT,Grêmio,29,1993,2.5,127,148,85.8,2042,533,65,71,91.5,52,60,86.7,8,11,72.7,0,0.0,0.0,0.0,1,13,0,0,14,Matchs
668,Nathan Silva,br BRA,DF,Atlético Mineiro,25,1997,4.0,213,238,89.5,4459,1606,48,53,90.6,146,152,96.1,18,31,58.1,0,0.3,0.5,-0.3,1,9,0,0,15,Matchs
669,Ricardo Silva,br BRA,DF,América (MG),30,1992,17.9,489,634,77.1,9700,3970,160,190,84.2,257,301,85.4,64,114,56.1,0,0.1,0.2,-0.1,2,35,1,0,44,Matchs
670,Wellington Silva,br BRA,AT,Cuiabá,30,1993,14.8,317,409,77.5,5200,1272,169,195,86.7,119,148,80.4,23,39,59.0,2,2.7,2.8,-0.7,24,32,15,2,49,Matchs
671,Maximiliano Silvera,uy URU,"MT,AT",Santos,25,1997,5.0,94,124,75.8,1197,188,60,70,85.7,25,35,71.4,2,5,40.0,1,0.3,0.7,#ERROR!,2,4,2,0,10,Matchs
672,Simioni,br BRA,MT,Goiás,19,2003,0.5,3,5,60.0,39,0,2,4,50.0,1,1,100.0,0,0,,0,0.0,0.0,0.0,0,0,0,0,0,Matchs
673,Jailson Siqueira,br BRA,"MT,DF",Palmeiras,27,1995,1.8,45,58,77.6,914,226,10,15,66.7,29,31,93.5,5,6,83.3,1,0.3,0.4,#ERROR!,2,4,0,0,6,Matchs
674,Islam Slimani,dz ALG,AT,Coritiba,34,1988,9.1,157,216,72.7,2028,244,98,121,81.0,40,58,69.0,6,12,50.0,2,1.3,0.6,#ERROR!,8,12,2,1,12,Matchs
675,Everton Soares,br BRA,"AT,MT",Flamengo,26,1996,19.3,540,701,77.0,7969,1841,319,355,89.9,188,233,80.7,20,70,28.6,5,3.7,5.0,#ERROR!,39,23,36,4,75,Matchs
Clt,Joueur,Nation,Pos,Équipe,Âge,Naissance,90,Cmp,Att,Cmp%,TotDist,DistBut,Cmp,Att,Cmp%,Cmp,Att,Cmp%,Cmp,Att,Cmp%,PD,xAG,xA,A-xAG,PC,1/3,PPA,CntSR,PrgP,Matchs
676,Tiquinho Soares,br BRA,AT,Botafogo (RJ),32,1991,27.1,476,672,70.8,7459,1347,267,355,75.2,139,184,75.5,43,61,70.5,4,2.7,2.3,#ERROR!,32,42,12,3,52,Matchs
677,Fernando Sobral,br BRA,MT,Cuiabá,28,1994,21.1,702,925,75.9,11799,3520,352,400,88.0,243,315,77.1,79,137,57.7,2,1.4,1.6,#ERROR!,15,100,23,5,103,Matchs
678,Yeferson Soteldo,ve VEN,"AT,MT",Santos,25,1997,17.3,442,607,72.8,6888,2093,237,278,85.3,157,206,76.2,34,69,49.3,6,5.7,5.6,#ERROR!,47,22,36,11,77,Matchs
679,Yago Souza,br BRA,MT,América (MG),16,2006,0.2,6,6,100.0,69,16,5,5,100.0,1,1,100.0,0,0,,0,0.0,0.0,0.0,0,0,0,0,0,Matchs
680,Everaldo Stum,br BRA,AT,Bahia,31,1991,24.2,296,473,62.6,4271,1048,173,250,69.2,96,142,67.6,15,33,45.5,1,2.5,2.4,-1.5,28,33,20,4,56,Matchs
681,Luis Suárez,uy URU,AT,Grêmio,36,1987,32.0,762,1091,69.8,10726,2614,461,605,76.2,209,288,72.6,42,70,60.0,11,6.0,6.6,#ERROR!,52,57,38,2,107,Matchs
682,Bruno Tabata,br BRA,"MT,AT",Palmeiras,25,1997,1.4,51,72,70.8,818,225,29,33,87.9,17,23,73.9,3,8,37.5,0,0.1,0.1,-0.1,1,6,3,0,11,Matchs
683,Tadeu,br BRA,GB,Goiás,30,1992,35.0,837,1205,69.5,27478,20231,132,132,100.0,304,312,97.4,399,746,53.5,1,0.3,0.1,#ERROR!,5,39,0,0,1,Matchs
684,Talisson,br BRA,AT,Red Bull Bragantino,20,2002,1.7,19,33,57.6,185,77,17,23,73.9,1,1,100.0,0,4,0.0,0,0.0,0.0,0.0,0,3,1,0,5,Matchs
685,Tchê Tchê,br BRA,"MT,DF",Botafogo (RJ),30,1992,29.5,1115,1297,86.0,19526,5070,495,528,93.8,487,547,89.0,108,168,64.3,5,3.5,4.1,#ERROR!,36,160,19,5,168,Matchs
686,Alex Teixeira,br BRA,"AT,MT",Vasco da Gama,33,1990,12.6,251,306,82.0,3563,767,145,160,90.6,79,95,83.2,12,24,50.0,3,1.6,1.1,#ERROR!,13,11,7,2,28,Matchs
687,David Terans,uy URU,"MT,AT",Ath Paranaense,28,1994,4.4,102,139,73.4,1928,595,51,56,91.1,29,37,78.4,20,37,54.1,0,0.3,0.3,-0.3,8,14,2,1,12,Matchs
688,Miguel Terceros,bo BOL,"MT,AT",Santos,18,2004,0.4,15,18,83.3,234,47,9,10,90.0,4,4,100.0,2,3,66.7,0,0.1,0.1,-0.1,2,0,0,0,1,Matchs
689,Thaciano,br BRA,"MT,AT",Bahia,27,1995,32.1,880,1083,81.3,15190,3683,394,465,84.7,366,436,83.9,87,116,75.0,6,2.4,2.4,#ERROR!,31,72,17,5,112,Matchs
690,Thiago,br BRA,"AT,MT",Ath Paranaense,22,2000,2.5,69,82,84.1,1047,170,32,38,84.2,31,33,93.9,4,5,80.0,0,0.1,0.1,-0.1,1,5,2,0,6,Matchs
691,Guilherme Tinga,br BRA,DF,Fortaleza,29,1993,28.7,1064,1545,68.9,20608,7738,415,510,81.4,479,654,73.2,154,297,51.9,0,1.8,1.8,-1.8,30,88,33,14,119,Matchs
692,Titi,br BRA,DF,Fortaleza,34,1988,31.6,1184,1413,83.8,23121,9784,403,450,89.6,642,698,92.0,127,232,54.7,1,0.4,0.6,#ERROR!,5,84,2,0,106,Matchs
693,Stênio Toledo,br BRA,"AT,MT",Cruzeiro,19,2003,3.2,87,116,75.0,1204,256,61,73,83.6,24,31,77.4,1,3,33.3,0,0.4,0.3,-0.4,4,6,3,1,7,Matchs
694,Uendel,br BRA,DF,Cuiabá,34,1988,4.0,109,146,74.7,1787,759,62,68,91.2,37,48,77.1,10,23,43.5,0,0.0,0.1,0.0,0,8,3,3,8,Matchs
695,Júnior Urso,br BRA,MT,Coritiba,33,1989,3.3,109,122,89.3,2056,457,40,45,88.9,57,61,93.4,10,12,83.3,0,0.1,0.0,-0.1,2,10,0,0,13,Matchs
696,Bruno Uvini,br BRA,DF,Grêmio,31,1991,16.1,390,516,75.6,6662,2565,160,207,77.3,194,233,83.3,24,53,45.3,0,0.7,0.5,-0.7,3,25,1,0,39,Matchs
697,Enner Valencia,ec ECU,AT,Internacional,33,1989,16.0,197,273,72.2,2758,370,118,147,80.3,55,78,70.5,13,18,72.2,1,1.0,1.1,0.0,16,10,10,3,16,Matchs
698,Vanderlan,br BRA,DF,Palmeiras,20,2002,10.1,261,368,70.9,4239,1483,129,149,86.6,110,145,75.9,17,43,39.5,2,1.3,1.1,#ERROR!,7,12,8,5,21,Matchs
699,Rodrigo Varanda,br BRA,"AT,MT",América (MG),20,2003,5.7,136,173,78.6,1767,505,81,90,90.0,38,52,73.1,4,8,50.0,1,1.2,0.9,-0.2,9,16,6,2,20,Matchs
700,Guillermo Varela,uy URU,DF,Flamengo,29,1993,2.6,132,152,86.8,2097,578,74,76,97.4,46,53,86.8,9,17,52.9,0,0.0,0.1,0.0,0,13,3,3,14,Matchs
Clt,Joueur,Nation,Pos,Équipe,Âge,Naissance,90,Cmp,Att,Cmp%,TotDist,DistBut,Cmp,Att,Cmp%,Cmp,Att,Cmp%,Cmp,Att,Cmp%,PD,xAG,xA,A-xAG,PC,1/3,PPA,CntSR,PrgP,Matchs
701,Eduardo Vargas,cl CHI,AT,Atlético Mineiro,33,1989,5.2,127,159,79.9,2152,315,69,78,88.5,39,51,76.5,14,22,63.6,0,1.1,0.4,-1.1,11,11,3,1,11,Matchs
702,Pablo Vegetti,ar ARG,AT,Vasco da Gama,34,1988,19.9,209,351,59.5,2815,453,125,173,72.3,56,111,50.5,7,13,53.8,1,0.8,0.6,#ERROR!,7,14,3,0,17,Matchs
703,Raphael Veiga,br BRA,MT,Palmeiras,27,1995,27.3,895,1211,73.9,17382,5818,387,438,88.4,345,435,79.3,145,272,53.3,7,7.1,8.0,-0.1,83,129,33,14,186,Matchs
704,Fausto Vera,ar ARG,MT,Corinthians,22,2000,15.3,694,824,84.2,11960,3062,332,367,90.5,286,325,88.0,63,93,67.7,2,1.4,1.0,#ERROR!,8,76,6,1,70,Matchs
705,Patrick Verhon,br BRA,AT,Bahia,18,2004,0.0,0,1,0.0,0,0,0,1,0.0,0,0,,0,0,,0,0.0,0.0,0.0,0,0,0,0,0,Matchs
706,Lucas Veríssimo,br BRA,DF,Corinthians,27,1995,14.5,704,786,89.6,13264,5281,244,269,90.7,396,428,92.5,61,80,76.3,2,0.6,0.6,#ERROR!,4,31,0,0,32,Matchs
707,Bruno Viana,br BRA,DF,Coritiba,27,1995,9.0,356,427,83.4,7430,3279,121,134,90.3,173,199,86.9,58,85,68.2,0,0.0,0.1,0.0,0,21,1,0,26,Matchs
708,Marcos Victor,br BRA,DF,Bahia,21,2001,0.1,10,10,100.0,158,20,6,6,100.0,3,3,100.0,1,1,100.0,0,0.0,0.0,0.0,0,1,0,0,0,Matchs
709,Paulo Victor,br BRA,DF,Vasco da Gama,21,2001,0.1,0,1,0.0,0,0,0,0,,0,0,,0,1,0.0,0,0.0,0.0,0.0,0,0,0,0,0,Matchs
710,Arturo Vidal,cl CHI,MT,Ath Paranaense,35,1987,4.2,143,179,79.9,2290,481,73,83,88.0,55,64,85.9,10,18,55.6,0,0.3,0.2,-0.3,5,14,1,1,14,Matchs
711,Arturo Vidal,cl CHI,"MT,DF",Flamengo,35,1987,2.8,183,206,88.8,2822,625,98,104,94.2,68,71,95.8,10,16,62.5,0,0.1,0.3,-0.1,2,21,3,0,17,Matchs
712,Felipe Vieira,,DF,Fluminense,,,2.3,88,106,83.0,1239,322,53,59,89.8,28,30,93.3,5,10,50.0,0,0.1,0.0,-0.1,3,7,1,0,8,Matchs
713,Luan Vieira,br BRA,"AT,MT",Grêmio,29,1993,0.6,37,46,80.4,547,162,25,27,92.6,8,11,72.7,3,7,42.9,0,0.0,0.1,0.0,0,4,2,0,7,Matchs
714,Gustavo Vilar,br BRA,DF,Coritiba,22,2000,1.0,50,59,84.7,1023,279,14,17,82.4,27,32,84.4,9,10,90.0,0,0.0,0.0,0.0,0,3,0,0,1,Matchs
715,Pedro Vilhena,br BRA,AT,São Paulo,20,2002,0.2,13,17,76.5,175,18,9,11,81.8,4,6,66.7,0,0,,0,0.0,0.0,0.0,0,1,0,0,2,Matchs
716,Mathías Villasanti,py PAR,MT,Grêmio,26,1997,29.4,1199,1387,86.4,18318,5814,617,674,91.5,465,529,87.9,63,93,67.7,6,3.5,2.2,#ERROR!,26,121,20,1,150,Matchs
717,Marcos Vinicios Sorriso,br BRA,"AT,DF",Red Bull Bragantino,21,2001,10.4,293,457,64.1,4344,1558,181,215,84.2,87,112,77.7,17,81,21.0,0,1.2,1.5,-1.2,16,27,8,2,34,Matchs
718,Vinicius,br BRA,MT,Santos,23,1999,0.3,2,6,33.3,25,0,1,3,33.3,1,3,33.3,0,0,,0,0.0,0.0,0.0,0,0,0,0,0,Matchs
719,Vinícius,br BRA,AT,Goiás,29,1993,13.0,326,496,65.7,5219,1518,165,209,78.9,121,170,71.2,22,57,38.6,2,1.3,1.4,#ERROR!,18,30,20,5,53,Matchs
720,Vinícius,br BRA,AT,Grêmio,31,1991,7.3,285,351,81.2,4695,1450,142,159,89.3,103,124,83.1,28,39,71.8,0,1.0,0.8,-1.0,8,38,12,2,44,Matchs
721,Marcos Vinicius,br BRA,"DF,MT",Coritiba,25,1997,1.9,51,89,57.3,881,375,24,32,75.0,23,34,67.6,4,11,36.4,0,0.3,0.2,-0.3,2,1,0,0,3,Matchs
722,Mateus Vital,br BRA,MT,Cruzeiro,24,1998,20.9,760,904,84.1,12461,3038,403,449,89.8,274,311,88.1,66,88,75.0,2,2.2,3.0,-0.2,30,88,29,6,126,Matchs
723,Vitão,br BRA,DF,Internacional,22,2000,22.7,959,1102,87.0,18472,5777,269,298,90.3,606,650,93.2,73,127,57.5,0,0.5,0.7,-0.5,7,63,1,1,60,Matchs
724,Vitão,br BRA,DF,Cuiabá,22,2000,0.1,0,0,,0,0,0,0,,0,0,,0,0,,0,0.0,0.0,0.0,0,0,0,0,0,Matchs
725,Vitinho,br BRA,"AT,MT",Red Bull Bragantino,23,1999,22.8,655,876,74.8,9837,2365,381,434,87.8,214,274,78.1,40,88,45.5,2,3.0,3.5,-1.0,28,34,29,9,62,Matchs
Clt,Joueur,Nation,Pos,Équipe,Âge,Naissance,90,Cmp,Att,Cmp%,TotDist,DistBut,Cmp,Att,Cmp%,Cmp,Att,Cmp%,Cmp,Att,Cmp%,PD,xAG,xA,A-xAG,PC,1/3,PPA,CntSR,PrgP,Matchs
726,José Vitor,br BRA,DF,Vasco da Gama,20,2002,1.2,54,63,85.7,1237,313,12,13,92.3,27,30,90.0,14,18,77.8,0,0.0,0.0,0.0,0,1,1,1,1,Matchs
727,Paulo Vitor,br BRA,"MT,DF",Cruzeiro,23,1999,1.4,67,76,88.2,1131,235,36,37,97.3,21,24,87.5,10,10,100.0,0,0.1,0.2,-0.1,2,7,2,2,7,Matchs
728,Paulo Vitor,br BRA,MT,Atlético Mineiro,18,2004,0.2,17,17,100.0,279,92,8,8,100.0,7,7,100.0,1,1,100.0,0,0.0,0.0,0.0,0,1,0,0,1,Matchs
729,Rayan Vitor,br BRA,"AT,MT",Vasco da Gama,16,2006,2.9,62,80,77.5,942,107,36,43,83.7,17,23,73.9,5,7,71.4,0,0.8,0.1,-0.8,3,6,0,0,5,Matchs
730,Vladimir,br BRA,GB,Santos,33,1989,2.3,37,54,68.5,949,587,8,8,100.0,19,20,95.0,10,25,40.0,0,0.0,0.0,0.0,0,0,0,0,0,Matchs
731,Walter,br BRA,GB,Cuiabá,35,1987,35.0,699,934,74.8,21038,15503,109,110,99.1,314,318,98.7,274,501,54.7,0,0.0,0.0,0.0,0,19,0,0,0,Matchs
732,Talles Wander,br BRA,"AT,MT",São Paulo,19,2003,0.2,6,7,85.7,106,26,2,2,100.0,4,5,80.0,0,0,,0,0.0,0.0,0.0,1,1,1,0,2,Matchs
733,Wanderson,br BRA,DF,América (MG),31,1991,5.6,121,166,72.9,2660,1137,38,43,88.4,61,76,80.3,22,45,48.9,0,0.0,0.0,0.0,1,8,0,0,10,Matchs
734,Wanderson,br BRA,"AT,MT",Internacional,28,1994,26.0,628,811,77.4,9067,2225,388,442,87.8,195,253,77.1,32,68,47.1,3,2.6,3.0,#ERROR!,31,34,34,10,71,Matchs
735,Deivid Washington,br BRA,AT,Santos,17,2005,4.7,57,79,72.2,733,162,37,47,78.7,16,21,76.2,1,1,100.0,0,0.1,0.1,-0.1,3,2,1,0,5,Matchs
736,Welington,br BRA,DF,São Paulo,21,2001,10.4,448,550,81.5,7707,2406,211,234,90.2,203,232,87.5,30,55,54.5,0,1.5,0.9,-1.5,12,26,12,6,44,Matchs
737,José Welison,br BRA,MT,Fortaleza,27,1995,18.6,692,860,80.5,12084,3388,305,338,90.2,288,342,84.2,74,117,63.2,2,1.1,0.8,#ERROR!,17,88,6,3,105,Matchs
738,João Wellington,br BRA,MT,Cruzeiro,19,2004,4.1,92,113,81.4,1298,424,58,65,89.2,32,41,78.0,1,5,20.0,0,0.0,0.6,0.0,0,9,0,0,11,Matchs
739,Wesley,br BRA,"AT,MT",Cruzeiro,23,1999,19.7,384,576,66.7,5913,1499,225,279,80.6,122,199,61.3,27,49,55.1,1,1.5,1.3,-0.5,17,33,16,4,63,Matchs
740,Wesley,br BRA,DF,Flamengo,19,2003,27.9,1283,1501,85.5,18156,4468,758,832,91.1,435,498,87.3,33,66,50.0,1,2.9,3.2,-1.9,23,76,32,11,109,Matchs
741,Wesley,br BRA,DF,Grêmio,19,2004,1.0,21,39,53.8,267,136,16,19,84.2,5,14,35.7,0,4,0.0,0,0.0,0.0,0.0,0,2,0,0,1,Matchs
742,Wéverton,br BRA,GB,Palmeiras,35,1987,35.0,938,1193,78.6,25326,17027,163,163,100.0,475,479,99.2,294,539,54.5,0,0.1,0.1,-0.1,2,18,1,0,0,Matchs
743,William,br BRA,DF,Cruzeiro,27,1995,29.4,1177,1600,73.6,20755,7936,567,659,86.0,461,597,77.2,134,262,51.1,2,4.8,4.2,-2.8,30,125,44,20,159,Matchs
744,Willian,br BRA,"AT,MT",Ath Paranaense,36,1986,6.4,128,156,82.1,1739,296,74,82,90.2,39,46,84.8,6,8,75.0,0,0.4,0.3,-0.4,7,5,3,1,10,Matchs
745,Willian,br BRA,MT,Goiás,29,1993,24.4,885,1050,84.3,16233,4656,364,414,87.9,403,455,88.6,99,134,73.9,0,0.6,0.8,-0.6,14,68,10,1,68,Matchs
746,Xavier,br BRA,DF,Goiás,22,2000,0.7,,,,,,,,,,,,,,,0,,,,,,,,,Matchs
747,Samuel Xavier,br BRA,DF,Fluminense,32,1990,23.4,1182,1387,85.2,16792,4990,708,757,93.5,364,423,86.1,59,107,55.1,2,2.9,2.1,-0.9,22,87,14,4,91,Matchs
748,Yago,br BRA,MT,Bahia,27,1995,15.1,569,673,84.5,8666,2293,311,339,91.7,176,210,83.8,46,66,69.7,0,0.6,0.7,-0.6,13,38,13,4,55,Matchs
749,Vinícius Zanocelo,br BRA,"MT,AT",Fortaleza,22,2001,0.9,62,68,91.2,928,213,38,41,92.7,19,19,100.0,3,4,75.0,0,0.0,0.0,0.0,0,9,0,0,4,Matchs
750,Bruno Zapelli,ar ARG,"MT,AT",Ath Paranaense,20,2002,12.7,438,583,75.1,7325,1930,234,279,83.9,148,182,81.3,48,85,56.5,2,1.8,1.7,#ERROR!,20,53,7,0,72,Matchs
Clt,Joueur,Nation,Pos,Équipe,Âge,Naissance,90,Cmp,Att,Cmp%,TotDist,DistBut,Cmp,Att,Cmp%,Cmp,Att,Cmp%,Cmp,Att,Cmp%,PD,xAG,xA,A-xAG,PC,1/3,PPA,CntSR,PrgP,Matchs
751,Federico Zaracho,ar ARG,"MT,AT",Atlético Mineiro,24,1998,21.6,802,931,86.1,12179,2513,433,473,91.5,304,342,88.9,40,59,67.8,1,1.7,1.1,-0.7,22,71,12,1,74,Matchs
752,Zinho,br BRA,"AT,MT",Grêmio,19,2003,2.7,42,61,68.9,503,163,29,36,80.6,10,13,76.9,1,4,25.0,1,0.5,0.3,#ERROR!,2,4,3,0,7,Matchs
Clt,Joueur,Nation,Pos,Équipe,Âge,Naissance,90,Cmp,Att,Cmp%,TotDist,DistBut,Cmp,Att,Cmp%,Cmp,Att,Cmp%,Cmp,Att,Cmp%,PD,xAG,xA,A-xAG,PC,1/3,PPA,CntSR,PrgP,Matchs
1,Luis Abram,pe PER,DF,Atlanta Utd,26,1996,16.2,796,907,87.8,15646,5884,250,271,92.3,459,491,93.5,82,133,61.7,0,0.0,0.1,0.0,1,20,1,0,29,Matchs
2,Lalas Abubakar,gh GHA,DF,Rapids,28,1994,21.3,952,1109,85.8,16684,5691,395,432,91.4,481,526,91.4,64,122,52.5,0,0.2,0.7,-0.2,3,48,1,1,50,Matchs
3,Daniel Aceves,mx MEX,DF,Fire,21,2001,9.5,321,436,73.6,5241,1827,164,186,88.2,136,177,76.8,19,49,38.8,0,0.4,0.4,-0.4,7,25,7,4,24,Matchs
4,Bryan Acosta,hn HON,MT,Rapids,29,1993,12.4,417,533,78.2,9475,2756,127,144,88.2,189,213,88.7,96,156,61.5,0,2.7,1.7,-2.7,25,57,7,1,53,Matchs
5,Bryan Acosta,hn HON,MT,Portland Timbers,29,1993,5.1,192,222,86.5,3719,929,67,73,91.8,93,103,90.3,29,37,78.4,1,0.9,0.7,#ERROR!,3,27,2,0,19,Matchs
6,Kellyn Acosta,us USA,MT,LAFC,27,1995,16.6,584,719,81.2,9606,3093,305,335,91.0,203,244,83.2,58,111,52.3,0,1.1,1.5,-1.1,17,69,2,0,58,Matchs
7,Luciano Acosta,ar ARG,MT,FC Cincinnati,28,1994,28.9,1043,1474,70.8,17295,6558,556,660,84.2,324,455,71.2,117,239,49.0,10,10.2,10.2,-0.2,97,135,84,6,218,Matchs
8,Sam Adekugbe,ca CAN,"AT,DF",Vancouver W'caps,28,1995,4.5,205,248,82.7,2953,824,130,140,92.9,63,77,81.8,11,22,50.0,1,0.8,0.8,#ERROR!,6,18,11,5,17,Matchs
9,Samuel Adeniran,us USA,AT,St. Louis,24,1998,10.5,91,163,55.8,1426,270,45,80,56.3,25,41,61.0,11,16,68.8,1,1.3,0.6,-0.3,5,6,6,2,12,Matchs
10,Harrison Afful,gh GHA,DF,Charlotte,36,1986,10.6,574,678,84.7,9918,3103,265,282,94.0,255,286,89.2,46,87,52.9,1,0.7,0.4,#ERROR!,6,39,7,2,50,Matchs
11,Stephen Afrifa,ca CAN,AT,Sporting KC,21,2001,0.6,5,5,100.0,56,0,4,4,100.0,1,1,100.0,0,0,,0,0.0,0.0,0.0,0,0,0,0,0,Matchs
12,William Agada,ng NGA,AT,Sporting KC,23,1999,7.6,129,162,79.6,1756,219,86,94,91.5,34,48,70.8,4,6,66.7,0,0.6,0.3,-0.6,9,7,3,0,11,Matchs
13,Giovanni Aguilar,us USA,MT,Vancouver W'caps,24,1998,0.1,3,5,60.0,54,22,1,1,100.0,2,3,66.7,0,1,0.0,0,0.0,0.0,0.0,0,0,0,0,0,Matchs
14,Daniel Aguirre,us USA,"MT,AT",LA Galaxy,23,1999,6.4,277,329,84.2,3774,1151,166,176,94.3,85,103,82.5,9,19,47.4,1,0.5,0.7,#ERROR!,10,22,3,1,32,Matchs
15,Patrick Agyemang,us USA,AT,Charlotte,22,2000,2.1,25,36,69.4,276,17,18,21,85.7,5,6,83.3,0,1,0.0,0,0.1,0.0,-0.1,1,0,1,0,2,Matchs
16,Ali Ahmed,ca CAN,"MT,DF",Vancouver W'caps,22,2000,12.5,465,539,86.3,7345,1834,242,262,92.4,178,197,90.4,34,48,70.8,1,1.2,1.8,-0.2,13,39,26,7,71,Matchs
17,Carlos Akapo,gq EQG,DF,SJ Earthquakes,29,1993,23.8,991,1299,76.3,15713,6281,528,596,88.6,373,484,77.1,66,115,57.4,3,1.7,1.8,#ERROR!,12,62,18,6,99,Matchs
18,Matai Akinmboni,us USA,DF,D.C. United,16,2006,2.0,90,107,84.1,1788,668,27,28,96.4,53,59,89.8,10,15,66.7,0,0.0,0.0,0.0,0,3,0,0,4,Matchs
19,Ayo Akinola,ca CAN,AT,Toronto FC,23,2000,6.2,125,150,83.3,1623,222,76,87,87.4,33,37,89.2,4,5,80.0,0,0.3,0.4,-0.3,4,1,4,2,8,Matchs
20,Ayo Akinola,ca CAN,"AT,MT",SJ Earthquakes,23,2000,0.6,12,14,85.7,154,9,8,9,88.9,4,4,100.0,0,0,,0,0.0,0.0,0.0,0,0,0,0,1,Matchs
21,Joey Akpunonu,us USA,DF,FC Cincinnati,21,2001,0.1,3,3,100.0,45,24,2,2,100.0,1,1,100.0,0,0,,0,0.0,0.0,0.0,0,0,0,0,0,Matchs
22,Jordi Alba,es ESP,DF,Inter Miami,33,1989,4.9,272,342,79.5,4493,1382,134,146,91.8,115,143,80.4,19,33,57.6,0,1.0,0.8,-1.0,5,24,8,1,32,Matchs
23,Tony Alfaro,us USA,DF,NYCFC,29,1993,4.2,179,220,81.4,2843,1124,89,101,88.1,79,94,84.0,7,17,41.2,0,0.0,0.1,0.0,1,18,1,1,23,Matchs
24,Tony Alfaro,us USA,DF,LA Galaxy,29,1993,4.2,201,233,86.3,3361,1363,88,97,90.7,98,107,91.6,11,23,47.8,0,0.0,0.0,0.0,0,9,0,0,7,Matchs
25,Noah Allen,us USA,DF,Inter Miami,18,2004,13.9,700,831,84.2,11561,3015,342,366,93.4,312,361,86.4,38,69,55.1,2,0.6,1.0,#ERROR!,7,32,9,2,47,Matchs
Clt,Joueur,Nation,Pos,Équipe,Âge,Naissance,90,Cmp,Att,Cmp%,TotDist,DistBut,Cmp,Att,Cmp%,Cmp,Att,Cmp%,Cmp,Att,Cmp%,PD,xAG,xA,A-xAG,PC,1/3,PPA,CntSR,PrgP,Matchs
26,Rasmus Alm,se SWE,"MT,AT",St. Louis,27,1995,12.2,179,304,58.9,2777,927,98,131,74.8,54,98,55.1,18,41,43.9,2,3.2,1.9,-1.2,18,13,12,6,25,Matchs
27,Thiago Almada,ar ARG,MT,Atlanta Utd,21,2001,30.3,1559,1950,79.9,28751,7997,741,820,90.4,509,627,81.2,248,373,66.5,16,13.2,10.9,#ERROR!,93,201,91,7,291,Matchs
28,Osvaldo Alonso,cu CUB,MT,Atlanta Utd,37,1985,1.1,72,81,88.9,1110,332,34,38,89.5,33,36,91.7,2,2,100.0,0,0.0,0.1,0.0,0,11,0,0,9,Matchs
29,Jozy Altidore,us USA,AT,NE Revolution,33,1989,2.3,40,52,76.9,567,122,27,33,81.8,11,16,68.8,2,2,100.0,0,0.0,0.1,0.0,0,3,0,0,2,Matchs
30,Efrain Alvarez,mx MEX,"MT,AT",LA Galaxy,20,2002,4.2,157,203,77.3,2385,738,101,109,92.7,36,47,76.6,14,34,41.2,0,0.6,0.6,-0.6,8,17,6,1,20,Matchs
31,Fernando Álvarez,co COL,DF,CF Montréal,19,2003,2.8,124,142,87.3,2161,845,50,59,84.7,68,74,91.9,6,8,75.0,0,0.0,0.0,0.0,0,9,0,0,16,Matchs
32,Luis Amarilla,py PAR,AT,Minnesota Utd,27,1995,8.2,185,254,72.8,2456,523,119,146,81.5,50,69,72.5,4,10,40.0,0,1.0,1.0,-1.0,9,16,5,0,24,Matchs
33,Frankie Amaya,us USA,MT,NY Red Bulls,22,2000,21.3,680,884,76.9,12352,4475,291,328,88.7,297,361,82.3,73,151,48.3,0,1.7,2.6,-1.7,30,114,18,0,125,Matchs
34,Malte Amundsen,dk DEN,DF,Crew,24,1998,21.0,1120,1287,87.0,19935,7578,477,514,92.8,544,598,91.0,90,137,65.7,1,1.4,0.9,-0.4,11,114,6,4,97,Matchs
35,Sebastian Anderson,us USA,DF,Rapids,20,2002,3.0,64,90,71.1,872,281,37,40,92.5,16,26,61.5,5,13,38.5,0,0.0,0.0,0.0,0,4,0,0,4,Matchs
36,José Andrés Martínez,ve VEN,MT,Philadelphia,28,1994,20.3,713,932,76.5,13783,4954,287,343,83.7,317,378,83.9,99,168,58.9,1,0.7,1.3,#ERROR!,10,116,6,2,111,Matchs
37,Iván Angulo,co COL,"AT,DF",Orlando City,23,1999,27.6,681,853,79.8,10007,2785,392,453,86.5,245,306,80.1,26,43,60.5,6,3.2,3.5,#ERROR!,25,41,41,9,98,Matchs
38,Marco Angulo,ec ECU,MT,FC Cincinnati,20,2002,8.7,309,366,84.4,4699,1189,163,191,85.3,112,126,88.9,18,25,72.0,1,0.4,0.4,#ERROR!,5,25,3,0,23,Matchs
39,Eugene Ansah,gh GHA,AT,FC Dallas,28,1994,2.0,27,40,67.5,317,17,18,22,81.8,8,9,88.9,0,3,0.0,0,0.0,0.0,0.0,0,0,0,0,0,Matchs
40,Themi Antonoglou,ca CAN,"DF,MT",Toronto FC,21,2001,5.3,192,233,82.4,3456,898,88,98,89.8,83,96,86.5,19,34,55.9,0,0.1,0.2,-0.1,1,8,5,2,12,Matchs
41,Antony,br BRA,"AT,MT",Portland Timbers,21,2001,2.8,67,90,74.4,862,221,45,52,86.5,19,27,70.4,1,2,50.0,0,0.9,0.6,-0.9,6,2,7,1,7,Matchs
42,Brian Anunga,cm CMR,MT,Nashville,26,1996,6.3,235,267,88.0,3417,831,134,142,94.4,81,92,88.0,9,16,56.3,0,0.1,0.1,-0.1,2,16,4,0,20,Matchs
43,Cristian Arango,co COL,AT,RSL,27,1995,8.4,119,158,75.3,1727,407,67,83,80.7,37,50,74.0,6,9,66.7,1,1.9,1.2,-0.9,12,11,11,3,23,Matchs
44,César Araujo,uy URU,MT,Orlando City,21,2001,30.3,1404,1686,83.3,24923,9049,658,709,92.8,571,671,85.1,148,239,61.9,3,1.9,2.3,#ERROR!,22,173,11,0,155,Matchs
45,Luiz Araújo,br BRA,AT,Atlanta Utd,26,1996,14.1,417,536,77.8,7607,1562,178,200,89.0,171,212,80.7,51,76,67.1,1,1.4,2.3,-0.4,19,23,25,3,68,Matchs
46,Miguel Araujo,pe PER,DF,Portland Timbers,28,1994,1.9,90,101,89.1,2087,474,13,14,92.9,62,64,96.9,15,23,65.2,0,0.0,0.0,0.0,0,5,0,0,4,Matchs
47,Scott Arfield,ca CAN,"MT,AT",Charlotte,34,1988,4.6,156,196,79.6,2205,527,90,103,87.4,49,59,83.1,9,17,52.9,0,0.2,0.4,-0.2,3,12,5,1,22,Matchs
48,Maximilian Arfsten,us USA,"DF,MT",Crew,21,2001,3.1,95,125,76.0,1532,370,54,62,87.1,35,41,85.4,5,12,41.7,2,1.3,0.1,#ERROR!,5,7,1,0,9,Matchs
49,Santiago Arias,co COL,DF,FC Cincinnati,31,1992,18.4,649,888,73.1,11147,4503,284,352,80.7,298,381,78.2,52,94,55.3,1,1.7,2.7,-0.7,21,52,18,3,70,Matchs
50,Xavier Arreaga,ec ECU,"DF,MT",Seattle,28,1994,3.9,173,207,83.6,3609,1690,62,65,95.4,86,96,89.6,25,42,59.5,0,0.0,0.0,0.0,0,12,0,0,8,Matchs
Clt,Joueur,Nation,Pos,Équipe,Âge,Naissance,90,Cmp,Att,Cmp%,TotDist,DistBut,Cmp,Att,Cmp%,Cmp,Att,Cmp%,Cmp,Att,Cmp%,PD,xAG,xA,A-xAG,PC,1/3,PPA,CntSR,PrgP,Matchs
51,Kervin Arriaga,hn HON,MT,Minnesota Utd,25,1998,13.0,517,650,79.5,9238,3093,241,287,84.0,224,264,84.8,46,80,57.5,2,1.3,1.4,#ERROR!,11,67,5,1,65,Matchs
52,Paul Arriola,us USA,"AT,MT",FC Dallas,27,1995,18.4,404,589,68.6,5795,1663,245,299,81.9,123,177,69.5,21,45,46.7,4,4.3,3.9,-0.3,29,41,24,4,54,Matchs
53,Dixon Arroyo,ec ECU,MT,Inter Miami,30,1992,19.9,1037,1182,87.7,20582,4824,389,427,91.1,469,500,93.8,159,198,80.3,0,0.3,0.8,-0.3,6,107,5,0,87,Matchs
54,Artur,br BRA,MT,Dynamo FC,26,1996,30.3,1491,1664,89.6,25781,7731,706,761,92.8,596,648,92.0,150,187,80.2,0,1.0,1.5,-1.0,8,138,19,2,124,Matchs
55,Yamil Asad,ar ARG,"MT,AT",D.C. United,28,1994,5.8,197,264,74.6,3008,774,105,126,83.3,72,97,74.2,11,20,55.0,0,0.4,0.8,-0.4,8,17,9,1,29,Matchs
56,Dairon Asprilla,co COL,"AT,MT",Portland Timbers,30,1992,16.1,329,490,67.1,5053,1343,200,258,77.5,92,147,62.6,25,39,64.1,5,3.2,2.2,#ERROR!,19,30,15,2,45,Matchs
57,Joshua Atencio,us USA,MT,Seattle,21,2002,10.9,474,597,79.4,7704,1876,239,274,87.2,179,221,81.0,34,55,61.8,1,0.6,0.5,#ERROR!,5,48,6,0,58,Matchs
58,Julián Aude,ar ARG,DF,LA Galaxy,19,2003,13.3,611,741,82.5,9594,3335,331,362,91.4,241,280,86.1,26,63,41.3,1,0.9,0.7,#ERROR!,6,36,5,5,38,Matchs
59,Tomás Avilés,ar ARG,DF,Inter Miami,18,2004,9.7,498,592,84.1,9488,3490,167,181,92.3,281,311,90.4,43,74,58.1,1,0.2,0.3,#ERROR!,3,34,1,0,20,Matchs
60,David Ayala,ar ARG,MT,Portland Timbers,20,2002,1.8,59,80,73.8,1213,265,24,28,85.7,20,23,87.0,12,21,57.1,0,0.0,0.1,0.0,0,11,1,0,8,Matchs
61,Edison Azcona,do DOM,"MT,DF",Inter Miami,19,2003,0.6,26,37,70.3,401,37,15,16,93.8,9,12,75.0,1,4,25.0,0,0.0,0.0,0.0,1,0,0,0,0,Matchs
62,Dominique Badji,sn SEN,AT,FC Cincinnati,30,1992,10.2,148,196,75.5,2228,409,80,98,81.6,56,72,77.8,8,10,80.0,3,2.8,2.1,#ERROR!,14,8,3,0,13,Matchs
63,Corey Baird,us USA,AT,Dynamo FC,27,1996,25.9,509,662,76.9,6650,1311,330,380,86.8,129,173,74.6,19,40,47.5,5,3.1,3.3,#ERROR!,18,22,20,2,50,Matchs
64,Esmir Bajraktarevic,us USA,"AT,MT",NE Revolution,17,2005,5.5,127,168,75.6,1906,307,75,87,86.2,44,53,83.0,6,14,42.9,0,0.2,0.3,-0.2,3,7,1,1,11,Matchs
65,Cody Baker,us USA,DF,Seattle,19,2004,7.6,366,467,78.4,6112,2213,173,200,86.5,155,190,81.6,33,54,61.1,0,0.4,1.3,-0.4,5,36,11,3,41,Matchs
66,Reed Baker-Whiting,us USA,"DF,AT",Seattle,17,2005,7.1,319,412,77.4,5011,1767,166,180,92.2,127,165,77.0,18,49,36.7,1,0.7,0.9,#ERROR!,5,29,8,5,29,Matchs
67,Monsef Bakrar,dz ALG,AT,NYCFC,22,2001,8.4,66,111,59.5,829,168,41,57,71.9,18,30,60.0,2,8,25.0,0,0.3,0.4,-0.3,2,5,2,1,11,Matchs
68,Michael Baldisimo,ph PHI,MT,SJ Earthquakes,22,2000,3.3,128,147,87.1,2054,692,73,81,90.1,46,49,93.9,7,11,63.6,0,0.0,0.1,0.0,0,14,0,0,11,Matchs
69,Thai Baribo,il ISR,"AT,MT",Philadelphia,25,1998,1.7,26,35,74.3,283,32,17,19,89.5,3,7,42.9,2,3,66.7,0,0.0,0.0,0.0,0,1,0,0,1,Matchs
70,Tom Barlow,us USA,AT,NY Red Bulls,27,1995,20.5,256,403,63.5,3178,697,169,239,70.7,63,100,63.0,7,15,46.7,2,1.8,1.0,#ERROR!,16,18,10,0,36,Matchs
71,Luis Barraza,us USA,GB,NYCFC,26,1996,24.0,886,1098,80.7,20661,10893,169,169,100.0,561,572,98.1,154,349,44.1,0,0.0,0.0,0.0,1,13,1,0,0,Matchs
72,Álvaro Barreal,ar ARG,DF,FC Cincinnati,22,2000,31.3,1330,1837,72.4,23835,9260,660,749,88.1,484,629,76.9,167,379,44.1,6,9.3,9.2,-3.3,73,104,49,29,127,Matchs
73,Michael Barrios,co COL,"AT,MT",Rapids,31,1991,9.3,125,198,63.1,1900,436,65,90,72.2,45,69,65.2,7,17,41.2,2,1.3,1.1,#ERROR!,11,8,10,5,19,Matchs
74,Michael Barrios,co COL,"AT,MT",LA Galaxy,31,1991,1.3,31,40,77.5,509,129,17,22,77.3,12,13,92.3,2,3,66.7,0,0.3,0.3,-0.3,3,3,3,1,4,Matchs
75,Lucas Bartlett,us USA,DF,St. Louis,25,1997,11.9,372,477,78.0,7293,2979,120,145,82.8,213,238,89.5,36,77,46.8,1,0.5,0.5,#ERROR!,5,30,4,1,36,Matchs
Clt,Joueur,Nation,Pos,Équipe,Âge,Naissance,90,Cmp,Att,Cmp%,TotDist,DistBut,Cmp,Att,Cmp%,Cmp,Att,Cmp%,Cmp,Att,Cmp%,PD,xAG,xA,A-xAG,PC,1/3,PPA,CntSR,PrgP,Matchs
76,Ethan Bartlow,us USA,DF,Dynamo FC,22,2000,22.1,929,1139,81.6,19985,6067,229,264,86.7,555,606,91.6,138,239,57.7,1,1.4,1.2,-0.4,9,49,5,3,39,Matchs
77,Cole Bassett,us USA,"MT,AT",Rapids,21,2001,21.1,654,812,80.5,11548,2868,301,342,88.0,252,295,85.4,76,120,63.3,1,2.3,2.0,-1.3,25,65,20,1,94,Matchs
78,Amine Bassi,fr FRA,"MT,AT",Dynamo FC,25,1997,22.2,1031,1194,86.3,16356,4037,585,629,93.0,324,376,86.2,92,134,68.7,1,4.8,6.6,-3.8,49,99,49,5,150,Matchs
79,Jesús Batiz,us USA,"MT,AT",Toronto FC,23,1999,0.7,16,19,84.2,239,39,7,9,77.8,7,7,100.0,0,0,,0,0.0,0.0,0.0,0,1,1,0,2,Matchs
80,Josh Bauer,us USA,DF,Nashville,24,1998,5.8,245,284,86.3,4740,1398,86,92,93.5,133,150,88.7,24,38,63.2,0,0.0,0.6,0.0,0,15,0,0,11,Matchs
81,Tanner Beason,us USA,DF,SJ Earthquakes,25,1997,15.6,548,665,82.4,10882,4085,160,183,87.4,322,356,90.4,58,106,54.7,1,0.1,0.0,#ERROR!,1,6,0,0,19,Matchs
82,Gavin Beavers,us USA,GB,RSL,17,2005,6.5,131,183,71.6,3910,2873,26,26,100.0,54,54,100.0,51,102,50.0,0,0.0,0.0,0.0,0,3,0,0,0,Matchs
83,Simon Becher,us USA,"AT,MT",Vancouver W'caps,23,1999,6.8,73,108,67.6,942,224,46,67,68.7,21,29,72.4,1,2,50.0,1,1.2,0.7,-0.2,12,6,3,0,12,Matchs
84,Alejandro Bedoya,us USA,MT,Philadelphia,35,1987,22.3,644,912,70.6,10267,3922,330,422,78.2,250,328,76.2,47,81,58.0,4,3.2,2.5,#ERROR!,33,62,25,5,112,Matchs
85,Steven Beitashour,ir IRN,DF,Rapids,35,1987,6.7,252,308,81.8,4192,1524,111,115,96.5,124,155,80.0,13,26,50.0,0,0.1,0.1,-0.1,1,26,3,1,21,Matchs
86,Jon Bell,jm JAM,DF,St. Louis,25,1997,1.6,50,65,76.9,1067,449,9,11,81.8,33,37,89.2,8,15,53.3,0,0.0,0.0,0.0,0,3,0,0,1,Matchs
87,Zaydan Bello,au AUS,MT,Minnesota Utd,20,2002,0.2,3,6,50.0,35,7,2,3,66.7,1,2,50.0,0,0,,0,0.1,0.0,-0.1,1,0,0,0,1,Matchs
88,Nico Benalcázar,us USA,MT,NYCFC,21,2001,0.1,3,3,100.0,25,8,2,2,100.0,0,0,,0,0,,0,0.0,0.0,0.0,0,0,0,0,0,Matchs
89,Ben Bender,us USA,"MT,AT",Charlotte,21,2001,10.1,271,361,75.1,4262,1289,153,172,89.0,89,120,74.2,21,41,51.2,2,1.3,2.0,#ERROR!,18,27,21,8,49,Matchs
90,Joe Bendik,us USA,GB,Philadelphia,33,1989,7.6,106,166,63.9,3523,2794,15,16,93.8,34,35,97.1,57,115,49.6,0,0.0,0.0,0.0,0,3,0,0,1,Matchs
91,Christian Benteke,be BEL,AT,D.C. United,32,1990,31.0,490,769,63.7,7549,1606,262,386,67.9,161,241,66.8,40,54,74.1,3,4.3,3.9,-1.3,41,57,23,1,75,Matchs
92,Sebastian Berhalter,us USA,MT,Vancouver W'caps,21,2001,14.4,597,742,80.5,12094,3650,207,235,88.1,285,318,89.6,96,160,60.0,2,1.9,2.9,#ERROR!,17,63,16,5,80,Matchs
93,Federico Bernardeschi,it ITA,"AT,MT",Toronto FC,28,1994,28.9,791,1073,73.7,13231,3710,402,466,86.3,274,363,75.5,84,159,52.8,2,5.6,5.5,-3.6,55,66,52,13,113,Matchs
94,Miguel Berry,es ESP,AT,Atlanta Utd,25,1997,11.5,115,145,79.3,1733,295,54,64,84.4,42,47,89.4,9,12,75.0,0,0.6,0.5,-0.6,10,5,3,0,14,Matchs
95,Aaron Bibout,cm CMR,AT,LA Galaxy,18,2004,0.3,8,10,80.0,101,19,7,8,87.5,1,2,50.0,0,0,,0,0.1,0.0,-0.1,1,0,0,0,0,Matchs
96,David Bingham,us USA,GB,Portland Timbers,33,1989,19.0,435,652,66.7,13850,9977,55,56,98.2,208,212,98.1,171,379,45.1,0,0.1,0.0,-0.1,2,24,0,0,0,Matchs
97,Steve Birnbaum,us USA,DF,D.C. United,32,1991,17.9,637,763,83.5,11607,4548,233,266,87.6,355,399,89.0,45,80,56.3,0,0.8,1.1,-0.8,7,27,0,0,34,Matchs
98,Stipe Biuk,hr CRO,AT,LAFC,20,2002,14.9,323,438,73.7,4166,885,207,254,81.5,93,124,75.0,8,17,47.1,1,2.5,2.7,-1.5,19,7,16,1,34,Matchs
99,Tristan Blackmon,us USA,DF,Vancouver W'caps,26,1996,28.0,1401,1616,86.7,29484,10607,339,387,87.6,870,938,92.8,185,263,70.3,0,0.2,0.5,-0.2,5,93,1,0,95,Matchs
100,Andre Blake,jm JAM,GB,Philadelphia,32,1990,26.4,442,616,71.8,12618,9498,83,83,100.0,197,200,98.5,160,331,48.3,0,0.0,0.0,0.0,0,6,0,0,0,Matchs
Clt,Joueur,Nation,Pos,Équipe,Âge,Naissance,90,Cmp,Att,Cmp%,TotDist,DistBut,Cmp,Att,Cmp%,Cmp,Att,Cmp%,Cmp,Att,Cmp%,PD,xAG,xA,A-xAG,PC,1/3,PPA,CntSR,PrgP,Matchs
101,Sebastián Blanco,ar ARG,"AT,MT",Portland Timbers,34,1988,4.9,137,209,65.6,2265,684,59,71,83.1,63,93,67.7,9,30,30.0,1,1.3,0.6,-0.3,8,10,7,3,20,Matchs
102,Latif Blessing,gh GHA,"AT,MT",Toronto FC,26,1996,1.7,50,59,84.7,780,226,27,30,90.0,17,20,85.0,4,5,80.0,0,0.1,0.1,-0.1,2,1,0,0,6,Matchs
103,Latif Blessing,gh GHA,MT,NE Revolution,26,1996,11.5,404,467,86.5,6402,1758,198,223,88.8,166,180,92.2,22,32,68.8,1,0.6,0.7,#ERROR!,10,41,3,0,39,Matchs
104,Njabulo Blom,za RSA,MT,St. Louis,23,1999,21.3,600,726,82.6,9969,3766,306,350,87.4,230,268,85.8,49,78,62.8,0,0.3,0.4,-0.3,12,90,1,0,81,Matchs
105,Emmanuel Boateng,gh GHA,"AT,MT",NE Revolution,29,1994,16.0,429,563,76.2,6781,1729,221,247,89.5,170,222,76.6,25,54,46.3,2,3.0,2.7,-1.0,22,29,22,14,43,Matchs
106,Israel Boatwright,do DOM,"MT,DF",Inter Miami,17,2005,0.8,30,40,75.0,447,65,16,21,76.2,13,16,81.3,0,2,0.0,0,0.0,0.0,0.0,0,1,0,0,1,Matchs
107,Mateusz Bogusz,pl POL,"MT,AT",LAFC,21,2001,19.3,632,798,79.2,9955,2693,329,382,86.1,230,270,85.2,46,93,49.5,3,4.3,4.2,-1.3,29,53,30,6,110,Matchs
108,Franck Boli,ci CIV,AT,Portland Timbers,29,1993,16.2,173,249,69.5,2577,639,98,118,83.1,54,72,75.0,11,22,50.0,1,1.1,1.5,-0.1,10,16,10,0,29,Matchs
109,Joshua Bolma,gh GHA,MT,NE Revolution,20,2002,0.3,22,23,95.7,362,44,11,11,100.0,9,9,100.0,2,3,66.7,0,0.0,0.0,0.0,1,0,0,0,2,Matchs
110,Moïse Bombito,ca CAN,DF,Rapids,22,2000,8.3,313,362,86.5,5880,2238,120,131,91.6,160,175,91.4,29,47,61.7,0,0.5,0.5,-0.5,5,24,3,1,32,Matchs
111,Jonathan Bond,eng ENG,GB,LA Galaxy,29,1993,22.8,646,778,83.0,14620,9659,189,191,99.0,311,317,98.1,143,265,54.0,0,0.0,0.0,0.0,0,1,0,0,0,Matchs
112,Pablo Bonilla,ve VEN,DF,Portland Timbers,23,1999,0.8,16,27,59.3,264,192,8,8,100.0,6,10,60.0,2,6,33.3,0,0.1,0.0,-0.1,1,2,1,1,2,Matchs
113,Alex Bono,us USA,GB,D.C. United,28,1994,9.5,297,418,71.1,8451,6981,81,82,98.8,114,115,99.1,99,216,45.8,0,0.0,0.0,0.0,1,14,0,0,0,Matchs
114,Shanyder Borgelin,ht HAI,AT,Inter Miami,21,2001,1.6,10,22,45.5,147,53,6,7,85.7,2,8,25.0,1,3,33.3,0,0.2,0.1,-0.2,2,2,1,0,2,Matchs
115,Dylan Borrero,co COL,"AT,MT",NE Revolution,21,2002,5.7,152,213,71.4,2448,715,77,92,83.7,55,77,71.4,14,24,58.3,0,0.6,1.1,-0.6,7,18,10,5,22,Matchs
116,Gustavo Bou,ar ARG,"AT,MT",NE Revolution,32,1990,14.0,305,441,69.2,5285,1229,142,178,79.8,113,165,68.5,35,58,60.3,4,2.2,1.6,#ERROR!,27,20,19,10,39,Matchs
117,Denis Bouanga,ga GAB,AT,LAFC,28,1994,28.1,517,788,65.6,7541,2013,304,385,79.0,150,238,63.0,35,90,38.9,6,8.2,6.0,-2.2,44,43,33,2,81,Matchs
118,Ousseni Bouda,bf BFA,"AT,MT",SJ Earthquakes,22,2000,1.7,41,56,73.2,643,78,24,28,85.7,12,18,66.7,4,4,100.0,0,0.1,0.1,-0.1,1,1,1,1,2,Matchs
119,Aaron Boupendza,ga GAB,AT,FC Cincinnati,26,1996,6.7,116,156,74.4,1991,515,61,79,77.2,39,49,79.6,13,17,76.5,0,0.7,0.8,-0.7,12,11,8,0,22,Matchs
120,Michael Boxall,nz NZL,DF,Minnesota Utd,34,1988,31.7,1255,1430,87.8,23812,9622,485,520,93.3,615,662,92.9,149,220,67.7,0,0.4,0.7,-0.4,7,89,1,0,78,Matchs
121,Tyler Boyd,us USA,"AT,MT",LA Galaxy,28,1994,25.8,605,814,74.3,10019,2815,318,363,87.6,200,264,75.8,65,118,55.1,4,7.2,5.7,-3.2,49,53,40,24,84,Matchs
122,Michael Bradley,us USA,"MT,DF",Toronto FC,35,1987,16.0,775,868,89.3,13253,5241,371,395,93.9,319,347,91.9,69,95,72.6,1,0.4,0.6,#ERROR!,5,31,1,0,45,Matchs
123,Christopher Brady,us USA,GB,Fire,18,2004,29.3,521,784,66.5,14584,10516,98,98,100.0,248,255,97.3,175,430,40.7,0,0.0,0.0,0.0,0,6,0,0,0,Matchs
124,Zachary Brault-Guillard,ca CAN,"DF,MT",CF Montréal,24,1998,14.5,456,630,72.4,7571,2451,244,284,85.9,166,213,77.9,38,82,46.3,1,3.1,3.2,-2.1,26,30,22,14,49,Matchs
125,Claudio Bravo,ar ARG,DF,Portland Timbers,25,1997,25.9,987,1383,71.4,18348,8514,406,473,85.8,442,591,74.8,117,236,49.6,1,0.9,1.8,#ERROR!,16,135,23,7,151,Matchs
Clt,Joueur,Nation,Pos,Équipe,Âge,Naissance,90,Cmp,Att,Cmp%,TotDist,DistBut,Cmp,Att,Cmp%,Cmp,Att,Cmp%,Cmp,Att,Cmp%,PD,xAG,xA,A-xAG,PC,1/3,PPA,CntSR,PrgP,Matchs
126,Luke Brennan,us USA,MT,Atlanta Utd,17,2005,0.0,1,1,100.0,11,0,1,1,100.0,0,0,,0,0,,0,0.0,0.0,0.0,0,0,0,0,0,Matchs
127,Brenner,br BRA,AT,FC Cincinnati,23,2000,5.9,191,226,84.5,3062,818,101,121,83.5,60,64,93.8,18,21,85.7,0,0.8,0.5,-0.8,6,18,5,1,25,Matchs
128,Ethan Bristow,kn SKN,DF,Minnesota Utd,21,2001,6.0,190,252,75.4,2922,1144,109,118,92.4,63,87,72.4,11,30,36.7,0,0.1,0.2,-0.1,3,11,5,1,15,Matchs
129,Andrew Brody,us USA,DF,RSL,27,1995,25.2,1076,1349,79.8,18297,6631,497,555,89.5,490,596,82.2,77,141,54.6,2,2.1,2.6,-0.1,22,96,31,10,134,Matchs
130,Brandt Bronico,us USA,MT,Charlotte,27,1995,28.8,909,1140,79.7,15603,4387,436,501,87.0,366,431,84.9,86,136,63.2,1,1.8,1.7,-0.8,20,94,23,6,126,Matchs
131,Javain Brown,jm JAM,DF,Vancouver W'caps,23,1999,19.6,843,1100,76.6,16021,5175,302,338,89.3,455,565,80.5,80,165,48.5,1,1.0,0.9,0.0,11,59,13,7,56,Matchs
132,Gastón Brugman,uy URU,MT,LA Galaxy,30,1992,21.1,1392,1584,87.9,24267,9297,621,684,90.8,579,627,92.3,150,199,75.4,1,2.1,2.9,-1.1,22,176,21,0,192,Matchs
133,Will Bruin,us USA,AT,Austin,33,1989,3.9,51,62,82.3,642,105,36,40,90.0,13,14,92.9,1,1,100.0,1,0.3,0.1,#ERROR!,4,5,0,0,4,Matchs
134,Noel Buck,eng ENG,"MT,AT",NE Revolution,17,2005,19.5,651,788,82.6,10590,2750,312,351,88.9,265,307,86.3,46,72,63.9,1,1.1,1.0,-0.1,16,76,12,3,76,Matchs
135,Teal Bunbury,us USA,AT,Nashville,32,1990,18.3,246,389,63.2,3216,443,164,224,73.2,61,101,60.4,7,13,53.8,1,1.2,0.6,-0.2,11,13,4,1,20,Matchs
136,Cory Burke,jm JAM,AT,NY Red Bulls,31,1991,10.8,91,194,46.9,1405,485,49,94,52.1,25,50,50.0,9,20,45.0,0,0.9,0.9,-0.9,11,13,7,2,17,Matchs
137,Roman Bürki,ch SUI,GB,St. Louis,32,1990,33.0,721,1164,61.9,22577,18179,107,109,98.2,311,314,99.0,300,729,41.2,0,0.2,0.1,-0.2,3,32,2,0,1,Matchs
138,Kendall Burks,us USA,"DF,MT",Fire,23,1999,5.7,169,206,82.0,3103,1249,72,83,86.7,78,91,85.7,17,28,60.7,0,0.0,0.0,0.0,0,12,0,0,7,Matchs
139,Sergio Busquets,es ESP,MT,Inter Miami,34,1988,10.3,646,724,89.2,10438,3614,305,326,93.6,282,305,92.5,40,55,72.7,1,0.9,0.8,#ERROR!,11,79,5,0,71,Matchs
140,Brandon Bye,us USA,DF,NE Revolution,27,1995,18.5,706,984,71.7,12083,4543,324,392,82.7,318,401,79.3,54,120,45.0,1,2.4,2.4,-1.4,19,60,21,10,70,Matchs
141,Nathan Byrne,eng ENG,DF,Charlotte,30,1992,28.9,1357,1672,81.2,23663,8738,638,693,92.1,587,700,83.9,115,228,50.4,1,0.5,1.5,#ERROR!,9,140,18,7,146,Matchs
142,Jorge Cabezas,co COL,"AT,MT",NY Red Bulls,19,2003,1.3,18,25,72.0,259,48,11,14,78.6,4,4,100.0,2,3,66.7,0,0.0,0.0,0.0,0,1,1,0,2,Matchs
143,Kevin Cabral,fr FRA,"AT,MT",Rapids,23,1999,13.1,183,246,74.4,2700,401,100,118,84.7,55,65,84.6,14,29,48.3,0,0.8,1.3,-0.8,6,8,3,2,15,Matchs
144,Rémi Cabral,fr FRA,DF,Rapids,23,1999,0.1,5,5,100.0,70,8,3,3,100.0,2,2,100.0,0,0,,0,0.0,0.0,0.0,0,2,0,0,2,Matchs
145,Martín Cáceres,uy URU,DF,LA Galaxy,35,1987,14.5,771,855,90.2,13722,4524,304,313,97.1,386,415,93.0,63,98,64.3,0,0.0,0.1,0.0,1,41,1,0,40,Matchs
146,Deiber Caicedo,co COL,"MT,AT",Vancouver W'caps,22,2000,2.2,69,95,72.6,1043,155,43,47,91.5,23,33,69.7,3,5,60.0,0,0.2,0.3,-0.2,2,2,5,2,9,Matchs
147,Luís Caicedo,co COL,MT,Dynamo FC,26,1996,13.5,518,599,86.5,8917,2466,232,254,91.3,235,266,88.3,42,60,70.0,0,0.0,0.3,0.0,2,50,3,0,48,Matchs
148,Scott Caldwell,us USA,MT,RSL,31,1991,1.9,55,68,80.9,984,230,25,33,75.8,22,26,84.6,8,8,100.0,0,0.0,0.0,0.0,0,2,0,0,5,Matchs
149,Lucas Calegari,br BRA,DF,LA Galaxy,20,2002,21.5,1093,1270,86.1,17415,5532,563,606,92.9,454,515,88.2,58,99,58.6,1,2.2,1.9,-1.2,21,70,22,9,95,Matchs
150,Noel Caliskan,de GER,MT,Portland Timbers,22,2000,2.9,92,106,86.8,1485,239,39,44,88.6,41,46,89.1,6,7,85.7,1,0.2,0.1,#ERROR!,2,12,0,0,9,Matchs
Clt,Joueur,Nation,Pos,Équipe,Âge,Naissance,90,Cmp,Att,Cmp%,TotDist,DistBut,Cmp,Att,Cmp%,Cmp,Att,Cmp%,Cmp,Att,Cmp%,PD,xAG,xA,A-xAG,PC,1/3,PPA,CntSR,PrgP,Matchs
151,Drake Callender,us USA,GB,Inter Miami,25,1997,33.0,811,1143,71.0,21537,15320,140,143,97.9,413,423,97.6,256,569,45.0,0,0.0,0.0,0.0,0,7,0,0,0,Matchs
152,Rudy Camacho,fr FRA,DF,Crew,31,1991,8.8,559,615,90.9,9514,4414,256,266,96.2,262,277,94.6,37,63,58.7,0,0.0,0.1,0.0,1,33,1,0,31,Matchs
153,Rudy Camacho,fr FRA,"DF,MT",CF Montréal,31,1991,17.9,939,1088,86.3,19411,8448,246,276,89.1,552,602,91.7,131,178,73.6,0,0.1,0.4,-0.1,2,49,3,0,51,Matchs
154,Brandon Cambridge,us USA,"AT,DF",Charlotte,20,2002,1.5,37,44,84.1,688,81,15,16,93.8,17,21,81.0,3,4,75.0,0,0.0,0.0,0.0,0,0,0,0,0,Matchs
155,Leonardo Campana,ec ECU,AT,Inter Miami,22,2000,18.2,340,439,77.4,5066,811,206,250,82.4,92,117,78.6,27,35,77.1,3,2.1,2.0,#ERROR!,13,27,10,4,39,Matchs
156,George Campbell,us USA,DF,CF Montréal,21,2001,20.6,986,1191,82.8,18799,6878,353,401,88.0,536,604,88.7,94,165,57.0,2,0.2,0.5,#ERROR!,3,87,8,0,94,Matchs
157,Russell Canouse,us USA,MT,D.C. United,27,1995,24.6,928,1092,85.0,15883,5299,410,479,85.6,430,466,92.3,71,106,67.0,1,0.2,0.9,#ERROR!,5,102,10,2,106,Matchs
158,Antonio Carlos,br BRA,DF,Orlando City,29,1993,15.7,627,728,86.1,13239,5746,193,210,91.9,323,348,92.8,107,153,69.9,0,0.0,0.1,0.0,0,54,0,0,63,Matchs
159,Wikelman Carmona,ve VEN,"AT,MT",NY Red Bulls,19,2003,7.4,152,214,71.0,2373,650,83,102,81.4,44,56,78.6,16,27,59.3,0,0.6,0.4,-0.6,6,17,6,3,19,Matchs
160,Julián Carranza,ar ARG,AT,Philadelphia,22,2000,27.6,502,714,70.3,7509,1431,267,367,72.8,170,215,79.1,31,41,75.6,5,4.0,3.4,#ERROR!,28,40,14,1,65,Matchs
161,Adalberto Carrasquilla,pa PAN,"AT,MT",Dynamo FC,24,1998,22.6,774,1027,75.4,13059,4191,387,466,83.0,274,349,78.5,85,150,56.7,5,3.6,4.0,#ERROR!,36,115,58,13,160,Matchs
162,Wilder Cartagena,pe PER,MT,Orlando City,28,1994,21.1,926,1050,88.2,16007,4853,435,477,91.2,381,415,91.8,88,117,75.2,1,1.4,1.5,-0.4,15,120,13,0,120,Matchs
163,Javier Casas,us USA,MT,Fire,19,2003,0.6,19,24,79.2,248,119,15,15,100.0,3,4,75.0,1,5,20.0,0,0.0,0.0,0.0,0,1,1,0,4,Matchs
164,Julio Cascante,cr CRC,DF,Austin,29,1993,22.9,1297,1479,87.7,25432,10418,438,470,93.2,698,756,92.3,151,226,66.8,2,0.6,1.4,#ERROR!,6,85,2,0,86,Matchs
165,Cristian Cásseres Jr.,ve VEN,MT,NY Red Bulls,23,2000,16.0,573,782,73.3,9870,4211,270,308,87.7,217,290,74.8,65,130,50.0,1,3.5,3.8,-2.5,34,98,21,4,122,Matchs
166,Robert Castellanos,us USA,DF,Sporting KC,24,1998,7.8,367,443,82.8,8289,2341,68,76,89.5,232,257,90.3,65,98,66.3,0,0.0,0.0,0.0,1,11,0,0,15,Matchs
167,Roman Celentano,us USA,GB,FC Cincinnati,22,2000,33.0,566,820,69.0,16079,12402,130,131,99.2,224,226,99.1,200,449,44.5,0,0.0,0.0,0.0,0,11,0,0,0,Matchs
168,Edwin Cerrillo,us USA,MT,FC Dallas,22,2000,15.1,780,900,86.7,12628,3536,397,429,92.5,311,343,90.7,51,82,62.2,0,0.3,0.5,-0.3,8,65,5,1,82,Matchs
169,Edwin Cerrillo,us USA,MT,LA Galaxy,22,2000,9.0,541,583,92.8,8815,2732,262,276,94.9,235,248,94.8,29,36,80.6,1,0.3,0.3,#ERROR!,7,57,0,0,55,Matchs
170,Tomás Chancalay,ar ARG,"AT,MT",NE Revolution,24,1999,9.5,260,342,76.0,4564,686,115,138,83.3,113,129,87.6,25,54,46.3,0,0.9,1.5,-0.9,5,14,6,2,26,Matchs
171,Maikel Chang,cu CUB,"MT,AT",RSL,31,1991,11.3,371,540,68.7,6355,1593,191,213,89.7,130,183,71.0,39,100,39.0,4,2.5,2.4,#ERROR!,28,18,16,8,36,Matchs
172,Maxime Chanot,lu LUX,DF,NYCFC,33,1989,19.0,1056,1204,87.7,22752,8346,251,287,87.5,647,679,95.3,154,224,68.8,0,0.0,0.1,0.0,0,39,0,0,48,Matchs
173,Diego Chará,co COL,MT,Portland Timbers,36,1986,28.5,1100,1260,87.3,19987,7092,473,524,90.3,468,507,92.3,135,175,77.1,0,0.4,1.1,-0.4,10,142,14,2,149,Matchs
174,Yimmi Chará,co COL,AT,Portland Timbers,31,1991,8.2,238,302,78.8,3324,898,151,168,89.9,59,72,81.9,12,21,57.1,3,1.3,1.3,#ERROR!,13,10,13,2,27,Matchs
175,Yevhen Cheberko,ua UKR,DF,Crew,25,1998,2.2,118,128,92.2,1984,823,60,62,96.8,46,48,95.8,11,15,73.3,0,0.0,0.0,0.0,0,13,0,0,11,Matchs
Clt,Joueur,Nation,Pos,Équipe,Âge,Naissance,90,Cmp,Att,Cmp%,TotDist,DistBut,Cmp,Att,Cmp%,Cmp,Att,Cmp%,Cmp,Att,Cmp%,PD,xAG,xA,A-xAG,PC,1/3,PPA,CntSR,PrgP,Matchs
176,Giorgio Chiellini,it ITA,DF,LAFC,38,1984,15.2,837,1010,82.9,17999,6215,206,229,90.0,503,568,88.6,128,198,64.6,0,0.9,0.8,-0.9,10,93,7,1,92,Matchs
177,Mathieu Choiniere,ca CAN,"MT,DF",CF Montréal,23,1999,27.0,887,1176,75.4,14435,4644,471,544,86.6,334,429,77.9,67,148,45.3,2,4.8,4.8,-2.8,47,75,35,7,129,Matchs
178,Léo Chú,br BRA,AT,Seattle,22,2000,22.8,466,690,67.5,6569,1827,297,375,79.2,139,208,66.8,17,39,43.6,7,5.7,6.0,#ERROR!,37,20,47,14,55,Matchs
179,José Cifuentes,ec ECU,MT,LAFC,23,1999,15.1,582,778,74.8,9709,3661,288,343,84.0,216,274,78.8,56,94,59.6,3,3.0,2.2,0.0,32,96,30,4,132,Matchs
180,Cam Cilley,us USA,"AT,MT",SJ Earthquakes,22,2000,0.0,2,5,40.0,33,31,1,2,50.0,1,1,100.0,0,1,0.0,0,0.0,0.0,0.0,0,0,0,0,2,Matchs
181,Abdoulaye Cissoko,fr FRA,DF,Seattle,23,1999,1.0,70,76,92.1,1388,551,21,22,95.5,40,42,95.2,8,11,72.7,0,0.0,0.0,0.0,0,0,0,0,2,Matchs
182,Steve Clark,us USA,GB,Dynamo FC,36,1986,33.0,886,1104,80.3,21149,14551,231,231,100.0,432,436,99.1,214,423,50.6,1,0.1,0.0,#ERROR!,1,8,0,0,0,Matchs
183,Stefan Cleveland,us USA,GB,Seattle,28,1994,2.0,41,47,87.2,1029,798,10,10,100.0,23,23,100.0,8,13,61.5,0,0.0,0.0,0.0,0,1,0,0,0,Matchs
184,Noah Cobb,us USA,DF,Atlanta Utd,17,2005,2.2,128,148,86.5,2587,615,32,35,91.4,80,84,95.2,14,25,56.0,0,0.0,0.0,0.0,0,1,0,0,1,Matchs
185,Alonso Coello,es ESP,MT,Toronto FC,23,1999,14.3,876,1010,86.7,15606,5132,387,413,93.7,377,423,89.1,93,130,71.5,0,0.3,0.9,-0.3,9,118,12,2,85,Matchs
186,Jackson Conway,us USA,AT,Atlanta Utd,21,2001,0.6,8,10,80.0,98,21,7,8,87.5,1,1,100.0,0,0,,0,0.1,0.0,-0.1,1,1,0,0,1,Matchs
187,Enzo Copetti,ar ARG,AT,Charlotte,27,1996,22.0,350,545,64.2,4652,751,212,297,71.4,88,141,62.4,18,35,51.4,1,1.6,1.9,-0.6,21,20,11,1,32,Matchs
188,Gabriele Corbo,it ITA,DF,CF Montréal,23,2000,25.4,1046,1281,81.7,22099,8856,347,394,88.1,528,607,87.0,165,256,64.5,1,0.6,0.5,#ERROR!,8,109,4,1,114,Matchs
189,Sergio Córdova,ve VEN,"AT,MT",Vancouver W'caps,25,1997,9.4,128,178,71.9,1734,432,74,93,79.6,38,52,73.1,4,12,33.3,0,1.2,0.4,-1.2,7,9,5,1,17,Matchs
190,Carlos Coronel,py PAR,GB,NY Red Bulls,26,1996,34.0,513,1017,50.4,18162,15324,59,59,100.0,198,211,93.8,256,738,34.7,0,0.1,0.1,-0.1,2,32,0,0,1,Matchs
191,Guzmán Corujo,uy URU,DF,Charlotte,26,1996,3.9,129,161,80.1,2692,852,26,32,81.3,85,92,92.4,15,31,48.4,0,0.0,0.0,0.0,0,5,0,0,5,Matchs
192,Douglas Costa,br BRA,"AT,MT",LA Galaxy,32,1990,13.5,587,761,77.1,9898,2811,315,357,88.2,180,229,78.6,74,132,56.1,7,4.9,4.3,#ERROR!,38,58,18,2,81,Matchs
193,Séga Coulibaly,fr FRA,DF,LA Galaxy,26,1996,1.0,53,59,89.8,1028,403,17,19,89.5,30,32,93.8,6,8,75.0,0,0.0,0.0,0.0,0,5,0,0,3,Matchs
194,Cade Cowell,us USA,AT,SJ Earthquakes,19,2003,17.1,243,387,62.8,3273,820,157,215,73.0,56,94,59.6,12,33,36.4,2,1.1,1.4,#ERROR!,7,12,10,3,22,Matchs
195,Ben Cremaschi,us USA,"MT,AT",Inter Miami,17,2005,19.9,712,848,84.0,10400,2379,394,442,89.1,260,297,87.5,32,45,71.1,4,2.2,2.4,#ERROR!,18,52,16,2,76,Matchs
196,Maxime Crépeau,ca CAN,GB,LAFC,28,1994,7.0,170,217,78.3,4102,2740,34,34,100.0,99,100,99.0,36,82,43.9,0,0.0,0.0,0.0,0,1,0,0,0,Matchs
197,Daniel Crisostomo,us USA,MT,LAFC,26,1997,3.1,131,148,88.5,2117,544,67,72,93.1,54,58,93.1,7,11,63.6,0,0.0,0.1,0.0,2,10,0,0,12,Matchs
198,Andrés Cubas,py PAR,MT,Vancouver W'caps,26,1996,23.8,1056,1219,86.6,20614,6490,397,435,91.3,474,526,90.1,163,218,74.8,1,0.7,0.5,#ERROR!,8,109,4,0,100,Matchs
199,Cucho,co COL,AT,Crew,23,1999,26.3,611,889,68.7,9840,2566,331,413,80.1,199,275,72.4,59,106,55.7,7,6.7,6.0,#ERROR!,42,56,48,7,124,Matchs
200,Mauricio Cuevas,us USA,DF,LA Galaxy,19,2003,4.7,212,258,82.2,3380,1093,112,121,92.6,79,94,84.0,16,31,51.6,0,0.6,0.4,-0.6,5,15,3,2,19,Matchs
Clt,Joueur,Nation,Pos,Équipe,Âge,Naissance,90,Cmp,Att,Cmp%,TotDist,DistBut,Cmp,Att,Cmp%,Cmp,Att,Cmp%,Cmp,Att,Cmp%,PD,xAG,xA,A-xAG,PC,1/3,PPA,CntSR,PrgP,Matchs
201,Braian Cufré,ar ARG,DF,NYCFC,26,1996,20.7,745,946,78.8,12169,4265,364,408,89.2,317,385,82.3,51,104,49.0,3,3.5,2.7,-0.5,23,47,18,7,65,Matchs
202,Antony Curic,ca CAN,DF,Toronto FC,22,2001,0.0,2,2,100.0,27,9,1,1,100.0,1,1,100.0,0,0,,0,0.0,0.0,0.0,0,0,0,0,0,Matchs
203,Rafael Czichos,de GER,DF,Fire,32,1990,27.9,1061,1258,84.3,21998,10335,323,359,90.0,568,643,88.3,162,224,72.3,0,0.0,0.2,0.0,1,67,0,0,74,Matchs
204,Cristián Dajome,co COL,"AT,DF",D.C. United,29,1994,8.7,176,251,70.1,2564,746,98,113,86.7,64,92,69.6,7,17,41.2,1,0.9,0.9,#ERROR!,13,12,7,2,24,Matchs
205,Cristián Dajome,co COL,"MT,AT",Vancouver W'caps,29,1994,3.3,83,111,74.8,1235,275,46,57,80.7,31,37,83.8,4,12,33.3,0,0.3,0.3,-0.3,5,6,3,1,8,Matchs
206,Dagur Dan Þórhallsson,is ISL,"DF,MT",Orlando City,22,2000,13.4,506,591,85.6,7550,1989,294,315,93.3,164,202,81.2,34,48,70.8,3,1.9,1.9,#ERROR!,10,35,12,3,36,Matchs
207,Daniel,br BRA,GB,SJ Earthquakes,28,1994,21.6,406,529,76.7,10212,7118,131,131,100.0,158,160,98.8,112,230,48.7,0,0.0,0.0,0.0,0,12,0,0,1,Matchs
208,Jesús Daniel Bueno,ve VEN,MT,Philadelphia,23,1999,10.7,375,458,81.9,6010,1688,199,227,87.7,133,157,84.7,31,48,64.6,0,0.7,0.9,-0.7,9,35,5,3,40,Matchs
209,Juan David Mosquera,co COL,DF,Portland Timbers,20,2002,26.7,1128,1428,79.0,18766,6776,576,642,89.7,439,549,80.0,91,158,57.6,4,3.0,3.4,#ERROR!,28,99,32,17,115,Matchs
210,Bode Davis,us USA,DF,RSL,20,2002,13.1,601,765,78.6,10478,3299,282,325,86.8,250,299,83.6,58,103,56.3,1,0.6,0.7,#ERROR!,14,47,12,2,62,Matchs
211,Erick Davis,pa PAN,DF,D.C. United,31,1991,6.0,242,343,70.6,4211,2006,120,135,88.9,98,142,69.0,23,54,42.6,0,0.8,0.9,-0.8,7,18,12,6,31,Matchs
212,Jake Davis,us USA,DF,Sporting KC,21,2002,22.6,1081,1326,81.5,17451,6628,552,606,91.1,428,521,82.1,69,132,52.3,1,1.6,1.7,-0.6,12,100,18,6,101,Matchs
213,Sean Davis,us USA,MT,Nashville,29,1993,20.8,655,782,83.8,10638,3052,324,360,90.0,263,298,88.3,50,81,61.7,1,0.3,0.7,#ERROR!,6,65,4,1,85,Matchs
214,Jonathan Dean,us USA,DF,Fire,25,1997,15.3,502,654,76.8,8201,3066,268,302,88.7,199,255,78.0,30,63,47.6,1,1.2,1.0,-0.2,13,38,13,8,55,Matchs
215,Miloš Degenek,au AUS,DF,Crew,28,1994,9.5,516,601,85.9,10521,4290,168,188,89.4,282,310,91.0,65,96,67.7,0,0.0,0.2,0.0,1,38,2,2,40,Matchs
216,Brecht Dejaegere,be BEL,"AT,MT",Charlotte,31,1991,5.3,160,205,78.0,2396,824,89,109,81.7,58,74,78.4,8,11,72.7,0,0.6,0.8,-0.6,5,13,9,0,27,Matchs
217,Marky Delgado,us USA,MT,LA Galaxy,27,1995,25.7,1302,1527,85.3,19424,6440,710,773,91.8,443,516,85.9,76,113,67.3,2,2.7,3.5,-0.7,38,145,32,5,181,Matchs
218,Luis Díaz,cr CRC,AT,Rapids,24,1998,1.0,23,36,63.9,369,89,14,16,87.5,5,8,62.5,3,5,60.0,0,0.0,0.2,0.0,1,1,3,1,2,Matchs
219,Luis Díaz,cr CRC,"DF,MT",Crew,24,1998,0.9,30,40,75.0,524,91,13,15,86.7,12,18,66.7,3,5,60.0,0,0.0,0.1,0.0,0,0,2,1,4,Matchs
220,Bakaye Dibassy,ml MLI,DF,Minnesota Utd,33,1989,5.3,180,210,85.7,3339,916,77,87,88.5,88,97,90.7,15,23,65.2,0,0.1,0.1,-0.1,1,12,2,2,12,Matchs
221,Adama Diomande,no NOR,AT,Toronto FC,32,1990,1.8,32,45,71.1,412,97,21,27,77.8,7,10,70.0,1,3,33.3,0,0.1,0.1,-0.1,2,4,1,0,5,Matchs
222,Clément Diop,sn SEN,GB,Atlanta Utd,29,1993,1.5,41,47,87.2,1152,835,9,9,100.0,14,15,93.3,18,22,81.8,0,0.0,0.0,0.0,0,0,0,0,0,Matchs
223,Hamady Diop,sn SEN,"DF,MT",Charlotte,20,2002,0.4,8,13,61.5,125,85,5,6,83.3,1,3,33.3,1,2,50.0,0,0.0,0.0,0.0,0,0,0,0,1,Matchs
224,Sofiane Djeffal,fr FRA,MT,Austin,23,1999,3.5,106,129,82.2,1887,623,44,53,83.0,48,52,92.3,9,14,64.3,0,0.2,0.4,-0.2,2,14,1,0,13,Matchs
225,Ethan Dobbelaere,us USA,AT,Seattle,20,2002,1.1,25,30,83.3,314,65,19,20,95.0,6,9,66.7,0,0,,0,0.1,0.0,-0.1,1,0,2,1,1,Matchs
Clt,Joueur,Nation,Pos,Équipe,Âge,Naissance,90,Cmp,Att,Cmp%,TotDist,DistBut,Cmp,Att,Cmp%,Cmp,Att,Cmp%,Cmp,Att,Cmp%,PD,xAG,xA,A-xAG,PC,1/3,PPA,CntSR,PrgP,Matchs
226,Ronald Donkor,ml MLI,"MT,DF",NY Red Bulls,18,2004,0.5,12,21,57.1,193,79,8,12,66.7,2,6,33.3,2,3,66.7,1,0.1,0.2,#ERROR!,1,1,0,0,3,Matchs
227,Christopher Donovan,us USA,AT,Philadelphia,22,2000,4.3,72,114,63.2,1003,222,43,61,70.5,26,39,66.7,2,2,100.0,1,1.1,0.8,-0.1,5,7,3,0,9,Matchs
228,Griffin Dorsey,us USA,DF,Dynamo FC,23,1999,11.4,412,509,80.9,6869,1769,209,233,89.7,162,193,83.9,33,54,61.1,2,3.0,2.2,-1.0,15,21,13,6,32,Matchs
229,C.J. dos Santos,us USA,GB,Inter Miami,22,2000,1.0,42,59,71.2,976,703,9,9,100.0,23,24,95.8,10,25,40.0,0,0.0,0.0,0.0,0,1,0,0,0,Matchs
230,Hassani Dotson,us USA,"MT,AT",Minnesota Utd,25,1997,28.6,1002,1240,80.8,16773,5067,482,567,85.0,400,470,85.1,90,127,70.9,3,3.1,4.7,-0.1,35,107,40,7,151,Matchs
231,Ousmane Doumbia,ci CIV,MT,Fire,30,1992,9.0,352,412,85.4,6276,2153,151,173,87.3,169,184,91.8,29,43,67.4,1,0.3,0.4,#ERROR!,4,34,6,2,46,Matchs
232,Sebastián Driussi,ar ARG,"MT,AT",Austin,26,1996,25.6,705,879,80.2,12348,2803,344,392,87.8,264,314,84.1,80,112,71.4,4,3.9,3.2,#ERROR!,21,80,23,3,134,Matchs
233,Erik Duenas,us USA,"MT,DF",LAFC,18,2004,8.4,339,395,85.8,5052,1387,182,200,91.0,142,154,92.2,11,24,45.8,0,0.4,0.3,-0.4,11,31,5,1,47,Matchs
234,Bryce Duke,us USA,MT,Inter Miami,21,2001,4.9,274,323,84.8,4416,896,152,161,94.4,98,115,85.2,21,31,67.7,0,0.1,0.3,-0.1,3,21,2,0,29,Matchs
235,Bryce Duke,us USA,"MT,AT",CF Montréal,21,2001,16.3,478,675,70.8,8023,2456,250,310,80.6,161,219,73.5,52,104,50.0,1,2.8,2.7,-1.8,31,56,17,3,80,Matchs
236,Cameron Duke,us USA,DF,Sporting KC,21,2001,1.5,70,91,76.9,1239,389,28,32,87.5,35,44,79.5,7,14,50.0,0,0.0,0.0,0.0,1,10,0,0,7,Matchs
237,Cameron Dunbar,us USA,"MT,AT",Minnesota Utd,20,2002,1.3,13,26,50.0,242,66,6,8,75.0,4,5,80.0,3,11,27.3,0,0.1,0.2,-0.1,1,1,2,1,3,Matchs
238,Kyle Duncan,us USA,DF,NY Red Bulls,25,1997,20.5,612,924,66.2,9258,4065,337,410,82.2,218,349,62.5,32,100,32.0,2,3.2,2.6,-1.2,25,47,15,5,50,Matchs
239,Chris Durkin,us USA,MT,D.C. United,22,2000,21.9,549,757,72.5,9052,3232,283,326,86.8,200,273,73.3,50,106,47.2,2,3.3,3.4,-1.3,29,71,25,9,81,Matchs
240,Jeremy Ebobisse,us USA,AT,SJ Earthquakes,25,1997,32.9,548,718,76.3,8768,1733,287,348,82.5,176,221,79.6,56,76,73.7,2,3.4,3.0,-1.4,32,52,27,6,93,Matchs
241,Daniel Edelman,us USA,MT,NY Red Bulls,19,2003,20.6,740,954,77.6,12733,3686,339,418,81.1,302,358,84.4,74,124,59.7,0,1.4,1.5,-1.4,14,129,12,1,119,Matchs
242,Earl Edwards Jr.,us USA,GB,NE Revolution,31,1992,10.0,243,346,70.2,7505,6009,33,34,97.1,116,116,100.0,93,192,48.4,0,0.0,0.0,0.0,0,7,0,0,0,Matchs
243,Raheem Edwards,ca CAN,DF,LA Galaxy,27,1995,20.8,903,1099,82.2,14297,4561,483,543,89.0,325,373,87.1,73,110,66.4,3,2.4,1.9,#ERROR!,20,34,24,9,66,Matchs
244,Jack Elliott,eng ENG,DF,Philadelphia,27,1995,31.0,1079,1328,81.3,24950,10812,252,285,88.4,581,634,91.6,241,382,63.1,1,0.7,0.5,#ERROR!,8,60,3,0,62,Matchs
245,Herbert Endeley,us USA,"MT,AT",FC Dallas,21,2001,2.4,44,59,74.6,737,224,18,24,75.0,23,30,76.7,2,2,100.0,0,0.0,0.1,0.0,1,2,3,0,8,Matchs
246,Emeka Eneli,us USA,"DF,MT",RSL,23,1999,14.7,615,708,86.9,9770,2852,307,336,91.4,262,292,89.7,28,40,70.0,0,1.1,1.2,-1.1,11,52,6,1,68,Matchs
247,Ramiro Enrique,ar ARG,AT,Orlando City,21,2001,11.5,187,262,71.4,2534,403,112,139,80.6,58,82,70.7,7,14,50.0,1,0.6,0.6,#ERROR!,5,11,4,1,18,Matchs
248,Franco Escobar,ar ARG,DF,Dynamo FC,27,1995,24.7,993,1182,84.0,14808,4602,572,637,89.8,362,421,86.0,43,78,55.1,0,0.7,1.0,-0.7,10,49,15,7,61,Matchs
249,Cristian Espinoza,ar ARG,"AT,MT",SJ Earthquakes,27,1995,33.7,1027,1560,65.8,17207,4981,529,641,82.5,342,500,68.4,113,276,40.9,8,13.3,13.2,-5.3,101,54,66,32,127,Matchs
250,Roger Espinoza,hn HON,MT,Sporting KC,36,1986,8.1,325,419,77.6,6219,1861,134,160,83.8,139,164,84.8,48,77,62.3,2,1.4,0.8,#ERROR!,9,61,11,0,54,Matchs
Clt,Joueur,Nation,Pos,Équipe,Âge,Naissance,90,Cmp,Att,Cmp%,TotDist,DistBut,Cmp,Att,Cmp%,Cmp,Att,Cmp%,Cmp,Att,Cmp%,PD,xAG,xA,A-xAG,PC,1/3,PPA,CntSR,PrgP,Matchs
251,Derrick Etienne,ht HAI,"AT,MT",Atlanta Utd,26,1996,11.6,257,328,78.4,4089,878,137,156,87.8,90,114,78.9,20,30,66.7,1,1.4,2.0,-0.4,18,13,20,5,38,Matchs
252,Evander,br BRA,"MT,AT",Portland Timbers,24,1998,24.5,834,1111,75.1,15595,4999,354,415,85.3,324,380,85.3,128,241,53.1,4,3.5,4.6,#ERROR!,52,104,41,4,156,Matchs
253,Diego Fagúndez,uy URU,"AT,MT",Austin,27,1995,11.4,328,422,77.7,5125,1373,186,204,91.2,107,134,79.9,28,62,45.2,1,1.3,1.2,-0.3,19,25,8,1,42,Matchs
254,Diego Fagúndez,uy URU,"AT,MT",LA Galaxy,27,1995,6.4,194,251,77.3,2965,844,112,121,92.6,60,75,80.0,14,32,43.8,1,1.2,1.5,-0.2,12,14,11,3,21,Matchs
255,José Fajardo,pa PAN,"AT,MT",D.C. United,29,1993,2.7,31,45,68.9,475,139,15,19,78.9,13,19,68.4,2,3,66.7,0,0.4,0.2,-0.4,3,1,1,0,8,Matchs
256,Mamadou Fall,sn SEN,DF,LAFC,20,2002,1.0,47,62,75.8,1059,506,15,17,88.2,23,28,82.1,9,15,60.0,0,0.1,0.3,-0.1,1,7,1,0,4,Matchs
257,Marco Farfan,us USA,DF,FC Dallas,24,1998,29.8,1100,1328,82.8,16440,4767,646,699,92.4,382,453,84.3,50,102,49.0,3,1.8,1.7,#ERROR!,16,65,19,11,80,Matchs
258,Jordan Faria,ca CAN,AT,Toronto FC,22,2000,0.3,8,10,80.0,134,42,4,5,80.0,2,3,66.7,1,1,100.0,0,0.0,0.0,0.0,0,0,0,0,0,Matchs
259,Facundo Farías,ar ARG,"AT,MT",Inter Miami,20,2002,9.3,328,421,77.9,5281,1047,178,212,84.0,115,139,82.7,27,49,55.1,1,1.6,1.9,-0.6,13,36,13,3,46,Matchs
260,Andrew Farrell,us USA,DF,NE Revolution,30,1992,21.5,879,1024,85.8,18603,7760,258,283,91.2,477,521,91.6,135,201,67.2,0,0.1,0.2,-0.1,4,56,3,0,68,Matchs
261,Mohamed Farsi,ca CAN,"DF,MT",Crew,23,1999,24.0,1015,1223,83.0,15992,3937,537,595,90.3,400,486,82.3,56,83,67.5,4,2.7,3.2,#ERROR!,26,41,25,8,91,Matchs
262,Felipe,br BRA,MT,Orlando City,32,1990,6.3,306,365,83.8,4836,1822,173,186,93.0,104,118,88.1,22,39,56.4,0,0.2,0.5,-0.2,3,32,8,0,48,Matchs
263,Julián Fernández,ar ARG,"AT,MT",NYCFC,19,2004,3.6,144,195,73.8,2363,844,76,95,80.0,46,56,82.1,15,28,53.6,0,0.7,1.1,-0.7,14,18,13,3,30,Matchs
264,Omir Fernandez,us USA,"MT,AT",NY Red Bulls,23,1999,19.4,318,414,76.8,4266,1315,188,225,83.6,102,125,81.6,10,18,55.6,3,2.4,2.1,#ERROR!,29,29,14,2,46,Matchs
265,Jesús Ferreira,us USA,AT,FC Dallas,22,2000,25.2,679,959,70.8,11891,3540,315,370,85.1,251,346,72.5,87,174,50.0,4,5.5,5.4,-1.5,54,73,30,7,103,Matchs
266,Sebastián Ferreira,py PAR,AT,Dynamo FC,24,1998,3.4,71,97,73.2,826,112,42,52,80.8,20,29,69.0,0,2,0.0,0,0.2,0.3,-0.2,3,2,1,0,4,Matchs
267,Ethan Finlay,us USA,"AT,MT",Austin,32,1990,18.8,267,380,70.3,4002,1000,143,171,83.6,106,140,75.7,10,31,32.3,3,1.8,2.0,#ERROR!,14,20,12,6,36,Matchs
268,Nicolas Firmino,us USA,MT,Atlanta Utd,22,2001,0.0,8,9,88.9,110,7,7,7,100.0,1,1,100.0,0,0,,0,0.0,0.0,0.0,1,0,0,0,0,Matchs
269,Leon Flach,us USA,MT,Philadelphia,21,2001,19.9,381,489,77.9,5714,2063,208,241,86.3,137,172,79.7,20,39,51.3,1,0.7,0.8,#ERROR!,12,37,10,3,45,Matchs
270,Kristian Fletcher,us USA,"AT,MT",D.C. United,17,2005,1.5,33,48,68.8,381,84,25,28,89.3,8,13,61.5,0,1,0.0,1,0.2,0.2,#ERROR!,1,1,1,0,2,Matchs
271,Danny Flores,us USA,MT,Sporting KC,20,2002,0.1,1,2,50.0,45,0,0,1,0.0,0,0,,1,1,100.0,0,0.0,0.0,0.0,0,0,0,0,0,Matchs
272,CJ Fodrey,us USA,"DF,AT",Austin,18,2004,0.4,12,18,66.7,166,29,10,11,90.9,2,6,33.3,0,1,0.0,0,0.2,0.2,-0.2,1,1,0,0,1,Matchs
273,Nathan Fogaça,br BRA,AT,Portland Timbers,23,1999,6.3,114,162,70.4,1649,479,66,88,75.0,31,40,77.5,9,12,75.0,2,0.9,0.3,#ERROR!,8,11,2,0,17,Matchs
274,Andreu Fontàs,es ESP,DF,Sporting KC,33,1989,26.6,1737,1946,89.3,36113,13378,486,521,93.3,990,1047,94.6,252,349,72.2,0,0.3,0.4,-0.3,7,162,4,0,127,Matchs
275,Ajani Fortune,tt TRI,MT,Atlanta Utd,20,2002,4.2,145,163,89.0,2489,513,63,66,95.5,60,64,93.8,16,20,80.0,1,0.1,0.2,#ERROR!,1,13,0,0,14,Matchs
Clt,Joueur,Nation,Pos,Équipe,Âge,Naissance,90,Cmp,Att,Cmp%,TotDist,DistBut,Cmp,Att,Cmp%,Cmp,Att,Cmp%,Cmp,Att,Cmp%,PD,xAG,xA,A-xAG,PC,1/3,PPA,CntSR,PrgP,Matchs
276,Taxiarchis Fountas,gr GRE,"AT,MT",D.C. United,27,1995,12.2,232,302,76.8,3171,828,132,161,82.0,75,89,84.3,9,17,52.9,0,0.6,1.1,-0.6,8,32,15,1,40,Matchs
277,Franco Fragapane,ar ARG,"MT,AT",Minnesota Utd,29,1993,14.8,446,598,74.6,7148,2312,223,263,84.8,175,226,77.4,33,60,55.0,2,2.6,3.6,-0.6,32,44,20,2,70,Matchs
278,Iván Franco,py PAR,"AT,MT",Dynamo FC,22,2000,11.8,268,366,73.2,3596,799,161,195,82.6,83,114,72.8,8,18,44.4,1,0.9,1.2,#ERROR!,11,14,8,0,32,Matchs
279,Kobe Franklin,ca CAN,"DF,MT",Toronto FC,19,2003,24.1,1048,1268,82.6,17664,5950,545,589,92.5,393,453,86.8,87,157,55.4,1,1.2,1.3,-0.2,19,88,12,2,102,Matchs
280,Liam Fraser,ca CAN,MT,FC Dallas,24,1998,4.1,187,222,84.2,3185,938,96,103,93.2,72,77,93.5,17,34,50.0,0,0.0,0.2,0.0,0,19,3,1,14,Matchs
281,Ian Fray,us USA,"DF,MT",Inter Miami,20,2002,7.3,371,432,85.9,6992,2413,147,162,90.7,183,201,91.0,36,50,72.0,0,0.2,0.3,-0.2,3,43,5,1,54,Matchs
282,Alexander Freeman,us USA,DF,Orlando City,18,2004,0.0,0,0,,0,0,0,0,,0,0,,0,0,,0,0.0,0.0,0.0,0,0,0,0,0,Matchs
283,Matt Freese,us USA,GB,NYCFC,24,1998,10.0,293,389,75.3,7408,4902,55,55,100.0,167,170,98.2,70,162,43.2,0,0.0,0.0,0.0,0,5,0,0,0,Matchs
284,Stefan Frei,ch SUI,GB,Seattle,36,1986,32.0,578,860,67.2,16560,12670,100,100,100.0,257,261,98.5,219,492,44.5,0,0.0,0.0,0.0,0,8,0,0,1,Matchs
285,Ray Gaddis,us USA,DF,FC Cincinnati,33,1990,13.9,445,556,80.0,7209,2666,217,248,87.5,196,234,83.8,24,47,51.1,0,0.4,0.3,-0.4,4,32,4,1,41,Matchs
286,Julian Gaines,us USA,DF,LAFC,20,2002,0.7,23,24,95.8,354,72,11,12,91.7,10,10,100.0,1,1,100.0,0,0.0,0.0,0.0,0,0,0,0,1,Matchs
287,McKinze Gaines,us USA,"AT,MT",Charlotte,24,1998,8.2,187,250,74.8,2924,735,101,117,86.3,64,87,73.6,14,23,60.9,1,1.7,1.3,-0.7,12,12,11,7,19,Matchs
288,Jon Gallagher,ie IRL,"DF,MT",Austin,26,1996,31.0,1046,1396,74.9,18010,3879,478,532,89.8,470,592,79.4,86,209,41.1,4,4.5,2.2,-0.5,24,73,26,13,112,Matchs
289,Pedro Gallese,pe PER,GB,Orlando City,32,1990,30.0,624,862,72.4,14969,11168,208,209,99.5,238,243,97.9,169,396,42.7,0,0.1,0.0,-0.1,2,8,0,0,1,Matchs
290,Braian Galván,ar ARG,"AT,DF",Rapids,22,2000,7.4,204,291,70.1,3580,1425,105,134,78.4,72,101,71.3,24,42,57.1,0,0.6,0.8,-0.6,9,35,15,2,41,Matchs
291,Mender García,co COL,"AT,MT",Minnesota Utd,24,1998,11.4,162,212,76.4,2118,386,101,118,85.6,47,60,78.3,5,6,83.3,1,3.1,3.0,-2.1,17,6,6,0,17,Matchs
292,Chase Gasper,us USA,DF,Dynamo FC,27,1996,2.3,71,103,68.9,1266,634,34,39,87.2,33,46,71.7,4,17,23.5,0,0.0,0.1,0.0,0,7,1,0,9,Matchs
293,Ryan Gauld,sct SCO,"AT,MT",Vancouver W'caps,27,1995,29.2,936,1251,74.8,16747,5383,449,519,86.5,344,442,77.8,124,227,54.6,12,10.0,9.2,#ERROR!,80,95,85,26,203,Matchs
294,Luka Gavran,ca CAN,GB,Toronto FC,22,2000,4.0,85,144,59.0,2338,1946,19,20,95.0,41,43,95.3,25,81,30.9,0,0.0,0.0,0.0,0,1,0,0,0,Matchs
295,Dániel Gazdag,hu HUN,MT,Philadelphia,26,1996,30.3,876,1151,76.1,12829,3903,493,575,85.7,286,368,77.7,54,107,50.5,6,4.9,5.8,#ERROR!,46,110,42,1,150,Matchs
296,Geovane,br BRA,DF,FC Dallas,21,2001,11.0,332,464,71.6,5502,1909,166,199,83.4,143,193,74.1,17,49,34.7,2,1.1,1.1,#ERROR!,7,19,9,8,26,Matchs
297,Alex Gersbach,au AUS,"DF,MT",Rapids,25,1997,2.9,83,123,67.5,1258,319,44,57,77.2,35,47,74.5,3,12,25.0,0,0.1,0.0,-0.1,1,4,1,1,8,Matchs
298,Giorgos Giakoumakis,gr GRE,AT,Atlanta Utd,28,1994,19.8,248,351,70.7,3548,542,146,187,78.1,67,93,72.0,22,29,75.9,0,1.6,1.9,-1.6,17,16,7,0,20,Matchs
299,Carles Gil,es ESP,MT,NE Revolution,30,1992,29.1,1429,1845,77.5,28583,8787,567,658,86.2,597,722,82.7,247,396,62.4,8,8.9,9.8,-0.9,96,200,89,10,302,Matchs
300,Nacho Gil,es ESP,"AT,DF",NE Revolution,27,1995,5.8,158,203,77.8,2436,578,82,98,83.7,63,75,84.0,7,9,77.8,2,0.7,0.7,#ERROR!,7,8,10,3,19,Matchs
Clt,Joueur,Nation,Pos,Équipe,Âge,Naissance,90,Cmp,Att,Cmp%,TotDist,DistBut,Cmp,Att,Cmp%,Cmp,Att,Cmp%,Cmp,Att,Cmp%,PD,xAG,xA,A-xAG,PC,1/3,PPA,CntSR,PrgP,Matchs
301,Gastón Giménez,py PAR,MT,Fire,31,1991,24.4,1010,1227,82.3,19208,6321,397,439,90.4,476,539,88.3,124,205,60.5,1,1.3,2.3,-0.3,17,105,15,4,99,Matchs
302,Nicholas Gioacchini,us USA,"AT,MT",St. Louis,22,2000,23.3,373,557,67.0,4903,1046,233,320,72.8,92,139,66.2,19,25,76.0,1,2.7,1.6,-1.7,31,24,14,1,46,Matchs
303,Justen Glad,us USA,DF,RSL,25,1997,30.2,1541,1756,87.8,33137,12561,437,464,94.2,811,868,93.4,278,390,71.3,0,0.2,0.3,-0.2,5,94,1,1,99,Matchs
304,Jakob Glesnes,no NOR,DF,Philadelphia,28,1994,31.0,1008,1266,79.6,23683,10275,283,330,85.8,491,564,87.1,226,339,66.7,0,0.5,1.2,-0.5,8,136,10,0,113,Matchs
305,Caden Glover,us USA,MT,St. Louis,15,2007,0.2,0,0,,0,0,0,0,,0,0,,0,0,,0,0.0,0.0,0.0,0,0,0,0,0,Matchs
306,Aníbal Godoy,pa PAN,MT,Nashville,32,1990,18.5,927,1035,89.6,17412,5251,399,428,93.2,367,390,94.1,134,166,80.7,0,0.5,1.2,-0.5,11,100,15,1,101,Matchs
307,Yeimar Gómez Andrade,co COL,DF,Seattle,30,1992,32.1,1451,1724,84.2,26764,10438,543,610,89.0,746,838,89.0,137,225,60.9,0,0.6,1.2,-0.6,5,140,1,0,116,Matchs
308,Carlos Gómez,co COL,"MT,AT",RSL,20,2002,15.5,273,411,66.4,3932,1510,169,204,82.8,83,131,63.4,15,38,39.5,5,3.8,3.7,#ERROR!,30,29,20,9,48,Matchs
309,Diego Gómez,py PAR,"MT,AT",Inter Miami,19,2003,4.6,156,197,79.2,2344,659,81,92,88.0,62,75,82.7,9,16,56.3,0,1.0,1.0,-1.0,5,7,1,0,13,Matchs
310,Gaston Gonzalez,ar ARG,"AT,DF",Orlando City,21,2001,8.0,160,241,66.4,2291,608,105,123,85.4,46,70,65.7,7,26,26.9,2,0.6,0.6,#ERROR!,6,8,8,5,10,Matchs
311,Mario González,es ESP,AT,LAFC,26,1996,4.3,38,53,71.7,500,70,17,27,63.0,15,16,93.8,0,1,0.0,1,1.1,0.4,-0.1,4,1,1,0,3,Matchs
312,Omar Gonzalez,us USA,DF,NE Revolution,34,1988,9.6,341,413,82.6,6890,2870,97,112,86.6,198,216,91.7,45,80,56.3,0,0.0,0.0,0.0,1,13,0,0,17,Matchs
313,Zavier Gozo,us USA,AT,RSL,15,2007,0.1,2,4,50.0,39,8,1,1,100.0,1,2,50.0,0,0,,0,0.0,0.0,0.0,0,0,0,0,0,Matchs
314,Alejandro Granados,es ESP,AT,Orlando City,16,2006,0.0,8,9,88.9,96,10,6,6,100.0,2,3,66.7,0,0,,0,0.0,0.0,0.0,0,1,0,0,0,Matchs
315,Tayvon Gray,us USA,DF,NYCFC,20,2002,22.7,1076,1284,83.8,19151,6695,428,473,90.5,551,633,87.0,84,140,60.0,1,0.3,0.7,#ERROR!,5,87,8,4,91,Matchs
316,Jacob Greene,us USA,DF,D.C. United,19,2003,5.4,145,198,73.2,2272,939,83,102,81.4,53,66,80.3,6,9,66.7,0,0.1,0.3,-0.1,2,7,3,1,10,Matchs
317,Gregore,br BRA,MT,Inter Miami,28,1994,4.3,182,225,80.9,3138,928,85,97,87.6,73,86,84.9,20,31,64.5,1,1.0,0.1,0.0,1,22,1,0,27,Matchs
318,Ján Greguš,sk SVK,MT,Nashville,32,1991,2.5,165,196,84.2,3152,1044,64,72,88.9,83,89,93.3,17,31,54.8,0,0.1,0.2,-0.1,2,27,4,0,31,Matchs
319,Ján Greguš,sk SVK,MT,Minnesota Utd,32,1991,10.0,534,602,88.7,9455,2530,240,256,93.8,212,233,91.0,69,93,74.2,0,0.9,1.0,-0.9,13,62,9,1,74,Matchs
320,Julian Gressel,us USA,"DF,MT",Crew,29,1993,8.2,334,459,72.8,5624,1960,174,204,85.3,120,155,77.4,33,71,46.5,1,2.5,1.6,-1.5,26,18,19,2,43,Matchs
321,Julian Gressel,us USA,MT,Vancouver W'caps,29,1993,15.1,651,867,75.1,12741,4497,265,306,86.6,271,314,86.3,103,204,50.5,5,6.1,4.7,-1.1,35,80,31,9,101,Matchs
322,Victor Griffith,pa PAN,MT,Portland Timbers,22,2000,1.0,28,33,84.8,497,102,10,13,76.9,14,14,100.0,3,4,75.0,0,0.0,0.0,0.0,1,3,0,0,2,Matchs
323,Carlos Gruezo,ec ECU,MT,SJ Earthquakes,27,1995,23.9,840,988,85.0,16107,4532,328,361,90.9,398,443,89.8,102,147,69.4,2,0.8,0.6,#ERROR!,13,86,7,0,90,Matchs
324,Brian Gutiérrez,us USA,"AT,MT",Fire,19,2003,26.5,750,997,75.2,12019,3957,412,479,86.0,234,301,77.7,74,128,57.8,6,4.5,4.6,#ERROR!,43,97,38,8,159,Matchs
325,Cristián Gutiérrez,cl CHI,DF,Toronto FC,25,1997,2.7,109,133,82.0,1651,444,62,69,89.9,41,49,83.7,4,7,57.1,1,0.3,0.4,#ERROR!,2,3,1,1,3,Matchs
Clt,Joueur,Nation,Pos,Équipe,Âge,Naissance,90,Cmp,Att,Cmp%,TotDist,DistBut,Cmp,Att,Cmp%,Cmp,Att,Cmp%,Cmp,Att,Cmp%,PD,xAG,xA,A-xAG,PC,1/3,PPA,CntSR,PrgP,Matchs
326,Diego Gutierrez,us USA,"AT,MT",Portland Timbers,23,1999,2.7,47,77,61.0,735,252,30,36,83.3,14,19,73.7,3,12,25.0,1,0.2,0.5,#ERROR!,1,5,0,0,5,Matchs
327,Felipe Gutiérrez,cl CHI,MT,Sporting KC,32,1990,3.3,146,171,85.4,2564,585,66,72,91.7,59,62,95.2,15,22,68.2,0,0.3,0.3,-0.3,6,14,2,0,16,Matchs
328,Andrew Gutman,us USA,DF,Atlanta Utd,26,1996,15.4,726,875,83.0,12034,4123,362,406,89.2,289,331,87.3,57,92,62.0,2,2.1,2.0,-0.1,14,51,17,6,83,Matchs
329,Andrew Gutman,us USA,DF,Rapids,26,1996,11.2,314,424,74.1,5173,1870,153,180,85.0,123,155,79.4,27,66,40.9,0,0.3,0.5,-0.3,8,28,10,1,33,Matchs
330,Brad Guzan,us USA,GB,Atlanta Utd,38,1984,27.0,755,965,78.2,20754,13803,140,141,99.3,330,332,99.4,281,483,58.2,0,0.0,0.0,0.0,0,8,0,0,0,Matchs
331,Justin Haak,us USA,"DF,MT",NYCFC,21,2001,10.1,475,533,89.1,8714,2789,181,196,92.3,255,275,92.7,35,45,77.8,0,0.1,0.1,-0.1,2,23,2,0,38,Matchs
332,Luke Haakenson,us USA,"MT,AT",Nashville,25,1997,3.0,49,77,63.6,661,221,32,45,71.1,12,19,63.2,2,4,50.0,0,0.2,0.3,-0.2,3,5,1,0,2,Matchs
333,Teenage Hadebe,zw ZIM,DF,Dynamo FC,27,1995,11.5,582,654,89.0,11093,4553,207,218,95.0,308,323,95.4,61,100,61.0,0,0.1,0.3,-0.1,1,19,2,1,27,Matchs
334,Nick Hagglund,us USA,DF,FC Cincinnati,30,1992,23.9,858,1042,82.3,15934,7016,311,353,88.1,467,525,89.0,74,143,51.7,0,0.5,1.0,-0.5,4,95,4,1,76,Matchs
335,Maren Haile-Selassie,ch SUI,"AT,DF",Fire,23,1999,21.2,512,655,78.2,7311,2036,304,348,87.4,142,178,79.8,32,69,46.4,3,2.9,3.0,#ERROR!,35,35,27,5,66,Matchs
336,Julian Hall,us USA,AT,NY Red Bulls,14,2008,0.1,0,2,0.0,0,0,0,0,,0,1,0.0,0,1,0.0,0,0.0,0.0,0.0,0,0,0,0,0,Matchs
337,Michael Halliday,us USA,DF,Orlando City,20,2003,9.5,277,372,74.5,4405,1215,134,153,87.6,116,152,76.3,16,35,45.7,2,1.1,1.1,#ERROR!,11,6,5,3,15,Matchs
338,Bret Halsey,us USA,DF,FC Cincinnati,22,2000,2.6,96,119,80.7,1357,442,62,65,95.4,28,41,68.3,4,7,57.1,0,0.3,0.4,-0.3,3,2,2,0,6,Matchs
339,Ahmed Hamdi,eg EGY,"MT,AT",CF Montréal,24,1998,5.3,150,200,75.0,2354,656,87,103,84.5,51,63,81.0,8,14,57.1,0,0.4,0.5,-0.4,6,15,4,0,23,Matchs
340,Yosuke Hanya,jp JPN,"AT,MT",Rapids,24,1999,0.5,7,11,63.6,102,6,3,4,75.0,3,5,60.0,1,2,50.0,0,0.0,0.0,0.0,0,1,0,0,0,Matchs
341,Ian Harkes,us USA,MT,NE Revolution,27,1995,6.7,266,314,84.7,4589,1149,121,135,89.6,115,128,89.8,25,34,73.5,0,0.2,0.6,-0.2,5,20,2,1,27,Matchs
342,Cameron Harper,us USA,"DF,MT",NY Red Bulls,21,2001,23.9,654,971,67.4,9848,3419,369,438,84.2,216,332,65.1,40,127,31.5,2,3.3,3.3,-1.3,26,37,25,14,71,Matchs
343,Nathan Harriel,us USA,DF,Philadelphia,21,2001,18.6,558,766,72.8,9326,3395,267,316,84.5,248,334,74.3,34,78,43.6,0,1.0,0.9,-1.0,14,48,12,5,60,Matchs
344,Calvin Harris,eng ENG,AT,Rapids,22,2000,10.0,146,209,69.9,2363,464,68,90,75.6,61,78,78.2,10,20,50.0,3,0.9,0.9,#ERROR!,8,11,2,1,15,Matchs
345,Thomas Hasal,ca CAN,GB,Vancouver W'caps,23,1999,1.0,33,42,78.6,786,482,8,8,100.0,19,19,100.0,6,15,40.0,0,0.0,0.0,0.0,0,1,0,0,0,Matchs
346,Héber,br BRA,"AT,MT",Seattle,31,1991,11.8,243,297,81.8,3230,425,142,165,86.1,65,79,82.3,14,20,70.0,1,1.4,1.3,-0.4,18,19,6,1,19,Matchs
347,Matt Hedges,us USA,DF,Toronto FC,32,1990,11.9,513,626,81.9,10656,4851,156,169,92.3,282,318,88.7,71,124,57.3,0,0.0,0.1,0.0,0,34,1,0,39,Matchs
348,Matt Hedges,us USA,DF,Austin,32,1990,3.4,157,180,87.2,2924,1150,57,59,96.6,83,92,90.2,13,23,56.5,0,0.1,0.1,-0.1,1,3,1,0,8,Matchs
349,Chris Hegardt,us USA,"AT,MT",Charlotte,21,2002,0.6,24,32,75.0,429,180,12,13,92.3,8,9,88.9,4,8,50.0,0,0.1,0.4,-0.1,2,4,0,0,3,Matchs
350,Fabian Herbers,de GER,"MT,AT",Fire,29,1993,21.9,764,938,81.4,11799,3387,406,455,89.2,278,325,85.5,54,87,62.1,2,2.8,3.0,-0.8,20,64,21,3,104,Matchs
Clt,Joueur,Nation,Pos,Équipe,Âge,Naissance,90,Cmp,Att,Cmp%,TotDist,DistBut,Cmp,Att,Cmp%,Cmp,Att,Cmp%,Cmp,Att,Cmp%,PD,xAG,xA,A-xAG,PC,1/3,PPA,CntSR,PrgP,Matchs
351,Felipe Hernandez,us USA,MT,Sporting KC,24,1998,3.6,80,110,72.7,1352,478,43,51,84.3,31,41,75.6,5,12,41.7,0,0.5,0.4,-0.5,4,10,2,0,11,Matchs
352,Javier Hernández,mx MEX,AT,LA Galaxy,34,1988,7.6,132,167,79.0,2134,348,68,87,78.2,42,53,79.2,12,15,80.0,1,1.4,0.4,-0.4,12,13,4,0,21,Matchs
353,Ronald Hernández,ve VEN,DF,Atlanta Utd,25,1997,7.8,348,420,82.9,5973,1931,166,182,91.2,142,162,87.7,34,58,58.6,0,0.1,0.7,-0.1,1,33,4,1,41,Matchs
354,Aaron Herrera,gt GUA,"DF,MT",CF Montréal,25,1997,15.6,577,769,75.0,10745,3906,256,293,87.4,243,302,80.5,71,146,48.6,2,1.5,1.3,#ERROR!,18,50,15,6,69,Matchs
355,Héctor Herrera,mx MEX,MT,Dynamo FC,32,1990,28.1,1856,2252,82.4,32861,12178,884,971,91.0,665,783,84.9,242,376,64.4,11,5.7,7.7,#ERROR!,61,224,41,7,246,Matchs
356,Kyle Hiebert,ca CAN,DF,St. Louis,25,1997,23.6,686,938,73.1,12416,5168,269,339,79.4,360,441,81.6,51,131,38.9,0,0.2,0.4,-0.2,8,58,2,1,79,Matchs
357,Brendan Hines-Ike,us USA,DF,D.C. United,28,1994,10.4,293,349,84.0,5672,2123,108,115,93.9,158,177,89.3,24,51,47.1,0,0.0,0.1,0.0,0,17,1,0,21,Matchs
358,Bongokuhle Hlongwane,za RSA,AT,Minnesota Utd,22,2000,27.6,552,803,68.7,7534,2084,347,448,77.5,155,213,72.8,26,60,43.3,3,4.1,5.5,-1.1,31,37,36,2,85,Matchs
359,Junior Hoilett,ca CAN,"AT,MT",Vancouver W'caps,32,1990,2.6,66,89,74.2,1177,389,33,40,82.5,20,24,83.3,11,18,61.1,0,0.3,0.6,-0.3,6,8,4,1,15,Matchs
360,Ryan Hollingshead,us USA,DF,LAFC,31,1991,26.1,1138,1392,81.8,17766,6874,590,667,88.5,480,564,85.1,49,101,48.5,0,1.3,1.8,-1.3,23,105,10,1,134,Matchs
361,Erik Holt,us USA,DF,RSL,26,1996,0.6,38,43,88.4,958,416,5,5,100.0,23,25,92.0,10,13,76.9,0,0.0,0.0,0.0,0,3,0,0,2,Matchs
362,Jackson Hopkins,us USA,MT,D.C. United,18,2004,2.2,63,78,80.8,1062,335,30,32,93.8,27,30,90.0,5,10,50.0,0,0.1,0.2,-0.1,1,8,4,1,8,Matchs
363,Matthew Hoppe,us USA,"AT,MT",SJ Earthquakes,21,2001,4.7,88,129,68.2,1235,303,61,73,83.6,18,28,64.3,6,15,40.0,0,0.5,0.6,-0.5,3,7,6,2,11,Matchs
364,Keegan Hughes,us USA,DF,Crew,22,2000,0.0,0,1,0.0,0,0,0,1,0.0,0,0,,0,0,,0,0.0,0.0,0.0,0,0,0,0,0,Matchs
365,Erik Hurtado,us USA,"AT,MT",D.C. United,32,1990,3.0,37,50,74.0,410,61,25,31,80.6,6,8,75.0,0,1,0.0,0,0.4,0.7,-0.4,4,1,1,1,1,Matchs
366,Franco Ibarra,ar ARG,MT,Toronto FC,21,2001,4.9,190,228,83.3,3533,1218,79,85,92.9,85,102,83.3,21,28,75.0,0,0.0,0.1,0.0,1,25,2,0,23,Matchs
367,Franco Ibarra,ar ARG,MT,Atlanta Utd,21,2001,14.2,606,718,84.4,10669,3558,245,278,88.1,278,320,86.9,62,83,74.7,0,0.3,0.6,-0.3,4,82,6,1,79,Matchs
368,Sebastien Ibeagha,us USA,DF,FC Dallas,31,1992,26.5,1110,1327,83.6,20614,7851,397,430,92.3,619,685,90.4,84,188,44.7,1,0.2,0.2,#ERROR!,1,39,0,0,54,Matchs
369,Aliyu Ibrahim,ng NGA,AT,Dynamo FC,21,2002,13.4,204,273,74.7,2808,366,117,150,78.0,71,89,79.8,4,8,50.0,2,1.3,0.8,#ERROR!,9,6,6,2,14,Matchs
370,Sunusi Ibrahim,ng NGA,"AT,MT",CF Montréal,20,2002,13.0,205,294,69.7,2993,516,134,168,79.8,53,83,63.9,13,28,46.4,3,2.6,1.8,#ERROR!,20,16,9,3,23,Matchs
371,Tega Ikoba,us USA,AT,Portland Timbers,19,2003,1.0,11,19,57.9,96,9,10,16,62.5,0,1,0.0,0,1,0.0,0,0.0,0.1,0.0,1,0,0,0,0,Matchs
372,Mitja Ilenič,si SVN,DF,NYCFC,18,2004,13.2,459,603,76.1,7182,2546,242,267,90.6,186,241,77.2,22,65,33.8,2,1.1,1.4,#ERROR!,13,28,10,6,46,Matchs
373,Ilias Iliadis,gr GRE,"DF,MT",CF Montréal,21,2001,2.8,79,128,61.7,1399,396,31,44,70.5,43,63,68.3,4,14,28.6,0,0.2,0.2,-0.2,3,3,1,1,5,Matchs
374,Marko Ilić,rs SRB,GB,Rapids,24,1998,13.0,266,379,70.2,7432,5375,57,58,98.3,114,118,96.6,92,197,46.7,0,0.0,0.0,0.0,0,3,0,0,0,Matchs
375,Asier Illarramendi,es ESP,MT,FC Dallas,32,1990,7.7,526,590,89.2,8135,2407,278,299,93.0,201,216,93.1,28,37,75.7,0,0.0,0.9,0.0,0,73,7,0,65,Matchs
Clt,Joueur,Nation,Pos,Équipe,Âge,Naissance,90,Cmp,Att,Cmp%,TotDist,DistBut,Cmp,Att,Cmp%,Cmp,Att,Cmp%,Cmp,Att,Cmp%,PD,xAG,xA,A-xAG,PC,1/3,PPA,CntSR,PrgP,Matchs
376,Lorenzo Insigne,it ITA,"AT,MT",Toronto FC,31,1991,16.9,836,1034,80.9,13961,3151,452,510,88.6,262,317,82.6,98,140,70.0,4,3.5,3.3,#ERROR!,35,72,29,1,90,Matchs
377,Clint Irwin,us USA,GB,Minnesota Utd,33,1989,4.0,94,120,78.3,2586,1928,12,12,100.0,50,51,98.0,32,57,56.1,0,0.0,0.0,0.0,0,2,0,0,0,Matchs
378,Aljaž Ivačič,si SVN,GB,Portland Timbers,29,1993,15.0,243,467,52.0,8563,6980,32,32,100.0,93,95,97.9,118,338,34.9,0,0.0,0.0,0.0,0,13,0,0,0,Matchs
379,Emmanuel Iwe,us USA,AT,Minnesota Utd,22,2000,0.6,8,13,61.5,93,28,6,7,85.7,0,3,0.0,1,2,50.0,0,0.0,0.0,0.0,0,0,0,0,1,Matchs
380,Ousman jabang,us USA,DF,CF Montréal,21,2001,0.9,39,44,88.6,663,229,18,22,81.8,15,16,93.8,5,5,100.0,0,0.1,0.2,-0.1,1,4,0,0,4,Matchs
381,Aziel Jackson,us USA,"MT,AT",St. Louis,21,2001,12.4,273,352,77.6,4236,1260,141,162,87.0,93,111,83.8,24,42,57.1,4,2.1,2.3,#ERROR!,20,24,21,3,55,Matchs
382,Jacob Jackson,us USA,GB,NE Revolution,22,2000,2.0,48,63,76.2,1251,865,9,9,100.0,20,20,100.0,18,33,54.5,0,0.0,0.0,0.0,0,1,0,0,0,Matchs
383,Bertin Jacquesson,fr FRA,"AT,MT",RSL,22,2001,4.0,42,77,54.5,599,120,25,34,73.5,16,23,69.6,1,10,10.0,0,0.3,0.4,-0.3,3,1,4,0,8,Matchs
384,Eldin Jakupović,ch SUI,GB,LAFC,38,1984,2.0,29,43,67.4,846,606,4,4,100.0,16,16,100.0,9,22,40.9,0,0.0,0.0,0.0,0,1,0,0,0,Matchs
385,Robin Jansson,se SWE,DF,Orlando City,31,1991,32.0,1384,1624,85.2,28085,11956,421,461,91.3,799,854,93.6,156,282,55.3,0,0.6,0.7,-0.6,6,64,6,0,61,Matchs
386,Andres Jasson,us USA,AT,NYCFC,21,2002,9.0,179,241,74.3,2881,796,88,103,85.4,71,85,83.5,14,25,56.0,1,1.3,0.8,-0.3,12,9,3,3,19,Matchs
387,Mohanad Jeahze,iq IRQ,DF,D.C. United,25,1997,4.0,152,205,74.1,2725,924,67,77,87.0,66,81,81.5,18,34,52.9,1,0.3,0.5,#ERROR!,3,10,3,1,9,Matchs
388,Corentin Jean,fr FRA,"AT,MT",Inter Miami,27,1995,9.2,279,344,81.1,4067,778,171,187,91.4,83,103,80.6,13,30,43.3,0,0.9,0.9,-0.9,17,12,9,2,27,Matchs
389,Isak Jensen,dk DEN,"MT,AT",St. Louis,19,2003,1.6,37,56,66.1,411,125,25,28,89.3,7,14,50.0,0,3,0.0,0,0.0,0.0,0.0,1,1,1,0,5,Matchs
390,Hector Jiménez,us USA,MT,Austin,34,1988,0.6,13,20,65.0,256,41,6,8,75.0,5,7,71.4,2,3,66.7,0,0.1,0.0,-0.1,2,2,0,0,1,Matchs
391,Jesús Jiménez,es ESP,"AT,MT",FC Dallas,29,1993,7.6,148,185,80.0,2101,379,92,105,87.6,43,58,74.1,5,10,50.0,2,1.0,0.7,#ERROR!,7,10,5,1,16,Matchs
392,Stiven Jimenez,us USA,AT,FC Cincinnati,15,2007,0.0,0,0,,0,0,0,0,,0,0,,0,0,,0,0.0,0.0,0.0,0,0,0,0,0,Matchs
393,Levonte Johnson,ca CAN,"AT,DF",Vancouver W'caps,23,1999,2.2,44,64,68.8,690,218,24,28,85.7,18,25,72.0,2,5,40.0,0,0.1,0.1,-0.1,2,1,2,0,3,Matchs
394,Sean Johnson,us USA,GB,Toronto FC,33,1989,20.0,467,654,71.4,12012,8614,89,90,98.9,253,256,98.8,122,302,40.4,0,0.2,0.0,-0.2,3,6,1,0,0,Matchs
395,DeJuan Jones,us USA,DF,NE Revolution,25,1997,24.1,1214,1476,82.2,19595,7143,619,689,89.8,496,576,86.1,76,136,55.9,5,2.4,3.4,#ERROR!,23,75,22,12,103,Matchs
396,Derrick Jones,us USA,"MT,DF",Charlotte,25,1997,20.5,675,771,87.5,10803,2667,325,362,89.8,300,319,94.0,29,44,65.9,0,0.1,0.5,-0.1,1,58,3,0,54,Matchs
397,Juan José Sánchez,co COL,DF,Atlanta Utd,25,1998,23.7,1255,1408,89.1,25483,9472,371,396,93.7,717,769,93.2,157,217,72.4,0,0.2,0.2,-0.2,5,45,2,0,50,Matchs
398,Dejan Joveljić,rs SRB,AT,LA Galaxy,23,1999,18.1,324,418,77.5,4308,627,190,235,80.9,88,108,81.5,12,15,80.0,3,2.4,2.2,#ERROR!,25,14,10,1,34,Matchs
399,Kamil Jóźwiak,pl POL,"AT,MT",Charlotte,24,1998,15.3,431,577,74.7,6105,1578,261,310,84.2,136,178,76.4,14,34,41.2,5,2.6,2.5,#ERROR!,24,24,21,7,51,Matchs
400,Preston Judd,us USA,AT,LA Galaxy,23,1999,7.1,55,81,67.9,777,118,27,39,69.2,18,24,75.0,5,6,83.3,1,1.0,0.5,0.0,8,1,4,0,4,Matchs
Clt,Joueur,Nation,Pos,Équipe,Âge,Naissance,90,Cmp,Att,Cmp%,TotDist,DistBut,Cmp,Att,Cmp%,Cmp,Att,Cmp%,Cmp,Att,Cmp%,PD,xAG,xA,A-xAG,PC,1/3,PPA,CntSR,PrgP,Matchs
401,Judson,br BRA,MT,SJ Earthquakes,29,1993,5.2,197,226,87.2,3527,733,88,92,95.7,80,88,90.9,24,38,63.2,0,0.0,0.1,0.0,1,11,1,0,13,Matchs
402,Anderson Julio,ec ECU,AT,RSL,26,1996,12.8,129,176,73.3,2215,265,66,82,80.5,43,52,82.7,15,21,71.4,0,1.2,1.1,-1.2,15,9,3,1,12,Matchs
403,Juninho,br BRA,MT,Orlando City,22,2001,0.0,3,5,60.0,28,2,3,3,100.0,0,1,0.0,0,1,0.0,0,0.0,0.0,0.0,0,0,0,0,0,Matchs
404,Sam Junqua,us USA,"DF,MT",FC Dallas,26,1996,11.4,394,517,76.2,5789,2162,230,269,85.5,140,181,77.3,17,39,43.6,0,0.7,0.8,-0.7,7,26,4,1,37,Matchs
405,Kristijan Kahlina,hr CRO,GB,Charlotte,30,1992,24.0,695,980,70.9,18441,13467,168,170,98.8,325,331,98.2,201,477,42.1,1,0.3,0.1,#ERROR!,1,21,1,0,0,Matchs
406,Brent Kallman,us USA,"DF,AT",Minnesota Utd,32,1990,2.2,83,98,84.7,1763,839,20,22,90.9,51,59,86.4,12,16,75.0,0,0.0,0.0,0.0,0,2,0,0,4,Matchs
407,Kei Kamara,sl SLE,AT,Fire,38,1984,16.9,301,428,70.3,4356,698,180,235,76.6,88,123,71.5,18,28,64.3,1,0.9,1.0,#ERROR!,10,19,8,5,28,Matchs
408,Bernard Kamungo,us USA,"AT,MT",FC Dallas,21,2002,5.6,84,117,71.8,1344,243,48,59,81.4,27,39,69.2,6,10,60.0,0,0.5,0.6,-0.5,4,3,5,0,10,Matchs
409,Alec Kann,us USA,GB,FC Cincinnati,32,1990,1.0,28,30,93.3,613,444,7,7,100.0,15,15,100.0,5,7,71.4,0,0.0,0.0,0.0,0,0,0,0,0,Matchs
410,Ercan Kara,at AUT,AT,Orlando City,27,1996,9.4,81,132,61.4,981,130,54,87,62.1,19,26,73.1,1,2,50.0,1,1.0,0.6,0.0,8,4,2,0,7,Matchs
411,Ibrahim Kasule,ug UGA,MT,NY Red Bulls,18,2004,0.3,3,6,50.0,27,4,1,2,50.0,1,1,100.0,0,1,0.0,0,0.0,0.0,0.0,0,0,0,0,0,Matchs
412,Mark-Anthony Kaye,ca CAN,MT,Toronto FC,28,1994,20.4,1030,1208,85.3,16506,5149,526,578,91.0,409,467,87.6,66,102,64.7,0,0.6,1.1,-0.6,14,107,8,1,109,Matchs
413,Mark-Anthony Kaye,ca CAN,MT,NE Revolution,28,1994,8.7,398,465,85.6,6835,2224,175,201,87.1,179,198,90.4,34,44,77.3,3,0.4,0.4,#ERROR!,5,49,4,0,48,Matchs
414,Axel Kei,us USA,AT,RSL,15,2007,0.1,0,0,,0,0,0,0,,0,0,,0,0,,0,0.0,0.0,0.0,0,0,0,0,0,Matchs
415,Kipp Keller,us USA,DF,Austin,22,2000,4.9,253,280,90.4,4928,1434,72,80,90.0,160,166,96.4,19,32,59.4,0,0.0,0.1,0.0,0,12,0,0,9,Matchs
416,Deandre Kerr,ca CAN,"AT,MT",Toronto FC,20,2002,13.5,176,231,76.2,2391,339,115,136,84.6,52,69,75.4,5,9,55.6,1,2.1,1.1,-1.1,11,9,4,0,11,Matchs
417,Henry Kessler,us USA,DF,NE Revolution,24,1998,7.7,362,409,88.5,7997,2798,82,89,92.1,214,225,95.1,61,81,75.3,0,0.0,0.0,0.0,1,22,0,0,19,Matchs
418,Benjamin Kikanovic,us USA,"AT,MT",SJ Earthquakes,23,2000,7.8,146,196,74.5,1861,434,99,120,82.5,29,45,64.4,7,9,77.8,0,0.4,0.3,-0.4,7,10,4,1,13,Matchs
419,Gadi Kinda,il ISR,MT,Sporting KC,28,1994,9.3,361,447,80.8,5957,1777,198,215,92.1,107,128,83.6,43,71,60.6,4,1.4,1.9,#ERROR!,20,52,15,3,71,Matchs
420,Sota Kitahara,us USA,DF,Seattle,20,2003,0.0,6,7,85.7,87,28,3,4,75.0,3,3,100.0,0,0,,0,0.0,0.0,0.0,0,0,0,0,0,Matchs
421,Klauss,br BRA,AT,St. Louis,25,1997,14.6,246,380,64.7,3569,906,133,187,71.1,82,112,73.2,13,29,44.8,2,0.7,1.2,#ERROR!,14,23,13,2,38,Matchs
422,John Klein,us USA,MT,St. Louis,23,1999,0.3,6,12,50.0,112,30,4,7,57.1,1,2,50.0,1,1,100.0,0,0.0,0.0,0.0,0,1,0,0,2,Matchs
423,Mateusz Klich,pl POL,"MT,AT",D.C. United,32,1990,30.2,1306,1695,77.1,22602,7901,637,705,90.4,456,563,81.0,169,312,54.2,7,7.6,7.8,-0.6,79,117,52,15,208,Matchs
424,Jonathan Klinsmann,us USA,GB,LA Galaxy,25,1997,9.2,183,241,75.9,4321,3328,49,49,100.0,92,96,95.8,41,93,44.1,0,0.0,0.0,0.0,0,1,0,0,0,Matchs
425,Žan Kolmanič,si SVN,DF,Austin,22,2000,4.7,250,308,81.2,4586,1204,97,104,93.3,125,145,86.2,23,48,47.9,0,0.2,0.3,-0.2,3,12,6,5,23,Matchs
Clt,Joueur,Nation,Pos,Équipe,Âge,Naissance,90,Cmp,Att,Cmp%,TotDist,DistBut,Cmp,Att,Cmp%,Cmp,Att,Cmp%,Cmp,Att,Cmp%,PD,xAG,xA,A-xAG,PC,1/3,PPA,CntSR,PrgP,Matchs
426,Amet Korca,us USA,DF,FC Dallas,22,2000,1.7,46,54,85.2,812,219,21,22,95.5,22,25,88.0,3,7,42.9,0,0.0,0.0,0.0,0,3,0,0,2,Matchs
427,Georgios Koutsias,gr GRE,"AT,MT",Fire,18,2004,11.3,175,234,74.8,2469,244,107,126,84.9,54,76,71.1,8,16,50.0,1,0.7,0.9,#ERROR!,5,7,4,0,11,Matchs
428,Sebastian Kowalczyk,pl POL,"AT,MT",Dynamo FC,24,1998,3.9,138,151,91.4,2021,422,84,88,95.5,40,42,95.2,9,14,64.3,1,0.5,0.8,#ERROR!,4,13,4,0,19,Matchs
429,Filip Krastev,bg BUL,MT,LAFC,21,2001,1.8,75,95,78.9,1018,366,43,50,86.0,23,31,74.2,3,7,42.9,0,0.2,0.5,-0.2,2,9,4,0,12,Matchs
430,Damir Kreilach,hr CRO,"AT,MT",RSL,33,1989,14.6,370,461,80.3,5428,917,230,259,88.8,103,130,79.2,27,40,67.5,1,0.6,0.7,#ERROR!,7,28,10,2,38,Matchs
431,Serhiy Kryvtsov,ua UKR,DF,Inter Miami,31,1991,23.5,1172,1346,87.1,25101,9250,313,331,94.6,661,714,92.6,195,284,68.7,0,0.1,0.4,-0.1,2,84,3,0,63,Matchs
432,Theodore Ku-Dipietro,us USA,"AT,MT",D.C. United,21,2002,13.0,259,366,70.8,3606,1259,155,194,79.9,70,96,72.9,16,27,59.3,2,1.8,1.9,#ERROR!,13,30,15,2,46,Matchs
433,Yuya Kubo,jp JPN,"MT,AT",FC Cincinnati,29,1993,11.9,354,434,81.6,5707,1447,173,193,89.6,129,152,84.9,32,40,80.0,3,2.3,2.3,#ERROR!,13,33,13,2,47,Matchs
434,Jojea Kwizera,cg CGO,DF,CF Montréal,24,1999,1.5,59,82,72.0,954,328,31,38,81.6,21,30,70.0,6,9,66.7,0,0.1,0.1,-0.1,3,5,5,3,6,Matchs
435,Mathías Laborda,uy URU,DF,Vancouver W'caps,23,1999,17.1,703,897,78.4,13902,5215,229,267,85.8,378,456,82.9,87,143,60.8,0,1.2,1.0,-1.2,10,42,10,5,44,Matchs
436,Kevon Lambert,jm JAM,DF,RSL,25,1997,0.3,17,17,100.0,379,145,3,3,100.0,10,10,100.0,4,4,100.0,0,0.0,0.0,0.0,0,2,0,0,1,Matchs
437,Lassi Lappalainen,fi FIN,"DF,AT",CF Montréal,24,1998,11.5,284,376,75.5,4421,1352,152,185,82.2,112,139,80.6,15,29,51.7,3,1.6,2.2,#ERROR!,13,20,13,0,37,Matchs
438,Jesús David Murillo Largacha,co COL,DF,LAFC,28,1994,15.8,640,772,82.9,12923,5062,199,220,90.5,338,376,89.9,95,157,60.5,0,0.2,0.2,-0.2,5,45,4,0,50,Matchs
439,Oliver Larraz,us USA,MT,Rapids,21,2001,0.2,11,13,84.6,149,44,5,5,100.0,5,5,100.0,0,1,0.0,0,0.0,0.0,0.0,0,1,1,0,3,Matchs
440,Richie Laryea,ca CAN,DF,Toronto FC,28,1995,17.9,777,947,82.0,12368,4138,390,425,91.8,332,386,86.0,39,85,45.9,3,1.5,1.8,#ERROR!,9,66,5,0,82,Matchs
441,Richie Laryea,ca CAN,"AT,DF",Vancouver W'caps,28,1995,10.5,316,380,83.2,4471,1221,185,207,89.4,112,132,84.8,9,17,52.9,2,1.0,1.1,#ERROR!,6,21,12,2,31,Matchs
442,Ariel Lassiter,cr CRC,"AT,MT",Inter Miami,28,1994,1.7,46,57,80.7,776,133,28,31,90.3,13,18,72.2,5,5,100.0,0,0.2,0.2,-0.2,2,2,4,2,5,Matchs
443,Ariel Lassiter,cr CRC,"DF,MT",CF Montréal,28,1994,17.7,469,661,71.0,8244,2386,213,250,85.2,203,275,73.8,44,88,50.0,2,2.4,2.3,-0.4,17,37,18,10,60,Matchs
444,Kemar Lawrence,jm JAM,DF,Minnesota Utd,30,1992,12.4,422,583,72.4,7067,3234,200,229,87.3,176,226,77.9,37,87,42.5,0,1.5,1.1,-1.5,11,51,11,8,50,Matchs
445,Randall Leal,cr CRC,"MT,AT",Nashville,26,1997,12.7,395,528,74.8,5874,2034,237,266,89.1,114,148,77.0,28,61,45.9,0,3.3,2.7,-3.3,18,48,18,8,62,Matchs
446,Richy Ledezma,us USA,"MT,AT",NYCFC,22,2000,13.2,471,554,85.0,8215,1813,204,228,89.5,197,216,91.2,52,68,76.5,4,2.5,2.2,#ERROR!,23,48,21,2,85,Matchs
447,Kelvin Leerdam,sr SUR,DF,LA Galaxy,32,1990,13.4,643,740,86.9,12142,3848,244,264,92.4,331,367,90.2,61,89,68.5,1,1.4,1.4,-0.4,8,58,4,2,46,Matchs
448,Tim Leibold,de GER,DF,Sporting KC,29,1993,9.7,491,571,86.0,7822,2472,261,290,90.0,177,201,88.1,40,52,76.9,2,1.2,1.4,#ERROR!,17,46,20,5,64,Matchs
449,Brooks Lennon,us USA,DF,Atlanta Utd,25,1997,32.0,1561,1908,81.8,26441,7664,765,832,91.9,615,699,88.0,144,287,50.2,9,5.2,6.0,#ERROR!,57,91,36,16,126,Matchs
450,Jonathan Lewis,us USA,"AT,MT",Rapids,25,1997,13.2,205,264,77.7,3004,603,116,138,84.1,66,79,83.5,13,20,65.0,0,0.8,0.6,-0.8,11,11,5,2,16,Matchs
Clt,Joueur,Nation,Pos,Équipe,Âge,Naissance,90,Cmp,Att,Cmp%,TotDist,DistBut,Cmp,Att,Cmp%,Cmp,Att,Cmp%,Cmp,Att,Cmp%,PD,xAG,xA,A-xAG,PC,1/3,PPA,CntSR,PrgP,Matchs
451,Danny Leyva,us USA,MT,Rapids,19,2003,7.1,262,339,77.3,4085,1427,140,155,90.3,92,120,76.7,17,36,47.2,0,0.6,0.3,-0.6,11,20,3,1,31,Matchs
452,Danny Leyva,us USA,"MT,AT",Seattle,19,2003,0.2,16,18,88.9,249,101,8,9,88.9,6,6,100.0,1,2,50.0,0,0.0,0.0,0.0,0,2,1,1,2,Matchs
453,Nick Lima,us USA,DF,Austin,28,1994,27.0,1032,1362,75.8,20079,5420,360,399,90.2,527,631,83.5,127,283,44.9,3,3.9,2.9,-0.9,38,88,30,19,104,Matchs
454,Jaylin Lindsey,us USA,DF,Charlotte,22,2000,14.5,654,821,79.7,10430,4165,340,365,93.2,267,327,81.7,35,96,36.5,2,1.0,1.6,#ERROR!,10,51,13,7,65,Matchs
455,Sebastian Lletget,us USA,"MT,AT",FC Dallas,30,1992,12.9,452,553,81.7,6604,1883,264,295,89.5,147,181,81.2,20,37,54.1,2,1.5,1.1,#ERROR!,15,40,18,3,66,Matchs
456,Saba Lobzhanidze,ge GEO,AT,Atlanta Utd,28,1994,5.2,121,160,75.6,1596,306,78,92,84.8,34,48,70.8,5,8,62.5,4,1.7,1.4,#ERROR!,11,7,7,2,13,Matchs
457,Robin Lod,fi FIN,"MT,AT",Minnesota Utd,29,1993,10.0,360,453,79.5,5552,1961,199,230,86.5,126,152,82.9,23,41,56.1,1,1.5,1.6,-0.5,12,58,14,2,66,Matchs
458,Nicolás Lodeiro,uy URU,"MT,AT",Seattle,33,1989,27.5,1268,1731,73.3,20192,6627,691,803,86.1,411,539,76.3,118,261,45.2,5,6.0,7.9,-1.0,63,154,62,12,235,Matchs
459,Jasper Löffelsend,de GER,MT,RSL,25,1997,12.6,570,691,82.5,10579,2355,232,261,88.9,258,292,88.4,69,101,68.3,1,1.1,1.2,-0.1,10,54,9,3,68,Matchs
460,Aaron Long,us USA,DF,LAFC,30,1992,16.9,802,927,86.5,15882,5221,220,240,91.7,490,529,92.6,86,136,63.2,1,0.6,0.3,#ERROR!,3,38,1,0,31,Matchs
461,Erik López,py PAR,"AT,MT",Atlanta Utd,21,2001,0.3,3,5,60.0,66,13,2,2,100.0,0,1,0.0,1,1,100.0,0,0.0,0.0,0.0,0,0,0,0,0,Matchs
462,Marvin Loría,cr CRC,"AT,MT",Portland Timbers,25,1997,8.4,171,239,71.5,2743,666,102,119,85.7,43,57,75.4,19,38,50.0,1,0.3,0.5,#ERROR!,6,12,11,2,20,Matchs
463,Daniel Lovitz,us USA,DF,Nashville,31,1991,31.6,1402,1915,73.2,28177,11939,480,572,83.9,706,875,80.7,198,399,49.6,4,3.7,3.5,#ERROR!,35,131,37,20,148,Matchs
464,Damion Lowe,jm JAM,DF,Philadelphia,29,1993,13.7,357,495,72.1,7103,3084,133,163,81.6,167,194,86.1,54,119,45.4,0,0.2,0.2,-0.2,3,22,2,0,18,Matchs
465,Eduard Löwen,de GER,MT,St. Louis,26,1997,25.6,986,1429,69.0,18344,7670,451,550,82.0,352,465,75.7,156,324,48.1,9,3.7,4.9,#ERROR!,46,151,42,9,199,Matchs
466,Favian Loyola,us USA,MT,Orlando City,17,2005,0.0,6,6,100.0,96,19,2,2,100.0,3,3,100.0,0,0,,0,0.0,0.0,0.0,1,0,1,0,1,Matchs
467,Diego Luna,us USA,"MT,AT",RSL,19,2003,13.3,516,620,83.2,8404,2120,267,301,88.7,198,219,90.4,38,65,58.5,1,2.2,2.6,-1.2,38,57,20,2,75,Matchs
468,Adam Lundqvist,se SWE,"DF,MT",Austin,28,1994,9.6,319,443,72.0,5771,1670,149,176,84.7,135,179,75.4,32,66,48.5,2,0.8,1.1,#ERROR!,9,21,11,6,28,Matchs
469,Benjamin Lundt,de GER,GB,St. Louis,27,1995,1.0,23,28,82.1,532,405,3,3,100.0,15,15,100.0,5,9,55.6,0,0.0,0.0,0.0,0,0,0,0,0,Matchs
470,Luquinhas,br BRA,"MT,AT",NY Red Bulls,26,1996,22.2,431,545,79.1,6022,1852,253,295,85.8,136,170,80.0,17,29,58.6,2,2.6,2.5,-0.6,33,47,28,1,83,Matchs
471,Jack Lynn,us USA,"MT,AT",Orlando City,23,2000,0.4,6,8,75.0,133,86,3,4,75.0,1,2,50.0,2,2,100.0,0,0.0,0.0,0.0,0,1,0,0,1,Matchs
472,Larrys Mabiala,cd COD,DF,Portland Timbers,35,1987,9.8,393,468,84.0,8523,3016,112,123,91.1,207,229,90.4,71,102,69.6,0,0.0,0.1,0.0,1,20,1,0,17,Matchs
473,Aimé Mabika,zm ZAM,DF,Toronto FC,24,1998,16.8,760,855,88.9,13896,5265,294,320,91.9,401,434,92.4,59,80,73.8,0,0.0,0.2,0.0,1,31,2,0,33,Matchs
474,Zac MacMath,us USA,GB,RSL,31,1991,27.5,691,968,71.4,19522,14446,126,129,97.7,331,336,98.5,234,498,47.0,0,0.0,0.0,0.0,1,16,0,0,0,Matchs
475,Lukas MacNaughton,ca CAN,DF,Toronto FC,27,1995,2.0,101,110,91.8,1856,653,41,42,97.6,52,54,96.3,8,10,80.0,0,0.0,0.0,0.0,0,3,0,0,6,Matchs
Clt,Joueur,Nation,Pos,Équipe,Âge,Naissance,90,Cmp,Att,Cmp%,TotDist,DistBut,Cmp,Att,Cmp%,Cmp,Att,Cmp%,Cmp,Att,Cmp%,PD,xAG,xA,A-xAG,PC,1/3,PPA,CntSR,PrgP,Matchs
476,Lukas MacNaughton,ca CAN,DF,Nashville,27,1995,11.9,546,640,85.3,11313,4041,158,172,91.9,305,336,90.8,73,113,64.6,0,0.1,0.1,-0.1,2,14,0,0,8,Matchs
477,Talles Magno,br BRA,AT,NYCFC,20,2002,21.2,515,636,81.0,7347,1690,318,364,87.4,145,175,82.9,31,40,77.5,2,2.8,3.1,-0.8,27,54,26,0,77,Matchs
478,Jack Maher,us USA,DF,Nashville,23,1999,32.0,1446,1638,88.3,31115,10380,318,351,90.6,911,968,94.1,210,299,70.2,0,0.4,0.2,-0.4,4,52,2,1,61,Matchs
479,Cassius Mailula,za RSA,"AT,MT",Toronto FC,21,2001,0.8,13,15,86.7,194,13,4,5,80.0,8,8,100.0,0,0,,0,0.0,0.0,0.0,1,1,0,0,1,Matchs
480,Christian Makoun,ve VEN,"DF,MT",NE Revolution,22,2000,5.4,243,305,79.7,4487,1490,102,111,91.9,114,136,83.8,24,45,53.3,1,0.3,0.4,#ERROR!,3,27,2,1,27,Matchs
481,Adilson Malanda,fr FRA,DF,Charlotte,21,2001,28.5,1388,1700,81.6,27877,10306,419,495,84.6,787,869,90.6,164,290,56.6,1,0.6,0.9,#ERROR!,5,59,2,2,80,Matchs
482,Denil Maldonado,hn HON,DF,LAFC,24,1998,18.6,839,990,84.7,16928,5772,269,294,91.5,455,494,92.1,106,172,61.6,0,0.7,0.6,-0.7,4,63,1,0,41,Matchs
483,Machop Malual,ss SSD,"AT,MT",Atlanta Utd,24,1998,5.2,95,124,76.6,1349,235,54,70,77.1,35,39,89.7,2,3,66.7,0,0.3,0.3,-0.3,3,10,5,1,13,Matchs
484,Elias Manoel,br BRA,AT,NY Red Bulls,21,2001,18.4,217,320,67.8,3109,413,128,174,73.6,54,77,70.1,20,26,76.9,3,2.4,1.7,#ERROR!,17,10,6,2,12,Matchs
485,J.T. Marcinkowski,us USA,GB,SJ Earthquakes,25,1997,12.4,239,345,69.3,6531,4776,57,57,100.0,91,92,98.9,89,189,47.1,0,0.0,0.0,0.0,0,3,0,0,0,Matchs
486,Paul Marie,fr FRA,DF,SJ Earthquakes,27,1995,22.3,871,1134,76.8,13531,5265,452,516,87.6,353,440,80.2,41,110,37.3,1,0.8,1.7,#ERROR!,13,60,24,6,95,Matchs
487,Anthony Markanich,ph PHI,DF,Rapids,23,1999,3.8,126,181,69.6,1971,740,61,72,84.7,55,78,70.5,5,20,25.0,0,0.2,0.1,-0.2,2,10,2,1,9,Matchs
488,Anthony Markanich,ph PHI,DF,St. Louis,23,1999,7.3,216,322,67.1,3672,1564,101,130,77.7,97,139,69.8,14,39,35.9,0,1.4,0.4,-1.4,9,26,4,0,18,Matchs
489,George Marks,us USA,GB,Charlotte,23,1999,7.0,196,257,76.3,5482,4054,40,40,100.0,87,89,97.8,68,126,54.0,0,0.0,0.0,0.0,0,6,0,0,0,Matchs
490,Mikael Marques,se SWE,MT,Minnesota Utd,21,2001,0.1,3,4,75.0,55,28,2,3,66.7,0,0,,1,1,100.0,0,0.0,0.0,0.0,0,2,0,0,1,Matchs
491,Jahkeele Marshall-Rutty,ca CAN,"MT,DF",Toronto FC,18,2004,12.8,484,562,86.1,6519,1387,289,316,91.5,155,177,87.6,13,29,44.8,1,0.7,0.6,#ERROR!,11,18,9,6,31,Matchs
492,Alonso Martínez,cr CRC,"AT,DF",NYCFC,24,1998,0.4,11,12,91.7,134,24,5,5,100.0,3,4,75.0,0,0,,0,0.0,0.0,0.0,0,0,0,0,0,Matchs
493,José Martínez,es ESP,DF,FC Dallas,29,1993,15.9,892,1027,86.9,16832,6646,324,342,94.7,469,499,94.0,90,168,53.6,1,0.5,0.4,#ERROR!,2,44,1,0,37,Matchs
494,Josef Martínez,ve VEN,AT,Inter Miami,29,1993,19.3,324,381,85.0,4353,597,202,227,89.0,79,93,84.9,16,19,84.2,1,1.2,1.4,-0.2,11,22,6,0,33,Matchs
495,Luís Martins,pt POR,DF,Vancouver W'caps,30,1992,18.0,795,1045,76.1,14557,5476,333,375,88.8,380,461,82.4,71,169,42.0,0,1.5,1.8,-1.5,17,75,19,8,90,Matchs
496,Thiago Martins,br BRA,DF,NYCFC,27,1995,24.3,1510,1679,89.9,30879,11272,431,465,92.7,895,953,93.9,172,233,73.8,0,0.2,0.3,-0.2,2,79,2,0,89,Matchs
497,Alexandru Mățan,ro ROU,"MT,AT",Crew,23,1999,25.2,830,1025,81.0,11903,3222,492,557,88.3,271,330,82.1,35,68,51.5,8,6.1,6.1,#ERROR!,33,83,39,3,133,Matchs
498,Jimmy Maurer,us USA,GB,FC Dallas,34,1988,4.8,124,171,72.5,3226,2395,25,25,100.0,64,65,98.5,35,77,45.5,0,0.0,0.0,0.0,0,2,0,0,1,Matchs
499,Chris Mavinga,cd COD,DF,LA Galaxy,31,1991,12.5,687,729,94.2,11162,3876,315,328,96.0,333,340,97.9,24,38,63.2,0,0.1,0.1,-0.1,2,23,0,0,18,Matchs
500,Max,br BRA,"MT,AT",Rapids,21,2001,7.4,196,256,76.6,3667,881,87,106,82.1,80,108,74.1,25,32,78.1,0,0.6,0.6,-0.6,8,22,8,0,41,Matchs
Clt,Joueur,Nation,Pos,Équipe,Âge,Naissance,90,Cmp,Att,Cmp%,TotDist,DistBut,Cmp,Att,Cmp%,Cmp,Att,Cmp%,Cmp,Att,Cmp%,PD,xAG,xA,A-xAG,PC,1/3,PPA,CntSR,PrgP,Matchs
501,Andreas Maxsø,dk DEN,DF,Rapids,28,1994,32.5,1266,1426,88.8,24199,7445,385,416,92.5,768,816,94.1,104,170,61.2,0,0.8,0.9,-0.8,5,33,0,0,40,Matchs
502,Olivier Mbaizo,cm CMR,DF,Philadelphia,25,1997,20.4,694,927,74.9,11287,4561,349,402,86.8,283,366,77.3,46,97,47.4,1,0.8,1.0,#ERROR!,13,52,16,6,76,Matchs
503,Hugo-Hilaire Mbongue Mbongue,ca CAN,"AT,MT",Toronto FC,18,2004,2.9,40,62,64.5,549,75,26,37,70.3,10,13,76.9,2,4,50.0,0,0.5,0.8,-0.5,5,1,1,0,3,Matchs
504,John McCarthy,us USA,GB,LAFC,30,1992,25.0,460,668,68.9,12732,9523,73,74,98.6,230,236,97.5,154,354,43.5,0,0.0,0.0,0.0,1,7,0,0,0,Matchs
505,Dax McCarty,us USA,MT,Nashville,35,1987,21.0,908,1074,84.5,16972,5479,392,439,89.3,375,418,89.7,121,162,74.7,1,1.2,1.2,-0.2,23,99,13,2,121,Matchs
506,Jack McGlynn,us USA,MT,Philadelphia,19,2003,18.0,949,1133,83.8,17422,6049,448,492,91.1,346,396,87.4,137,196,69.9,1,1.9,2.2,-0.9,22,157,27,4,155,Matchs
507,Zac McGraw,ca CAN,DF,Portland Timbers,25,1997,26.9,835,1045,79.9,17939,6296,231,274,84.3,457,517,88.4,138,229,60.3,1,0.5,1.0,#ERROR!,5,49,2,0,43,Matchs
508,Duncan McGuire,us USA,AT,Orlando City,21,2001,15.4,162,234,69.2,2279,293,95,133,71.4,51,66,77.3,8,10,80.0,3,2.9,2.2,#ERROR!,15,6,5,1,13,Matchs
509,Kendall McIntosh,us USA,GB,Sporting KC,29,1994,13.2,297,399,74.4,7073,4568,61,63,96.8,166,171,97.1,70,165,42.4,0,0.0,0.0,0.0,0,2,0,0,0,Matchs
510,Thomas McNamara,us USA,"MT,AT",NE Revolution,31,1991,2.1,88,103,85.4,1424,486,39,43,90.7,42,47,89.4,5,8,62.5,0,0.1,0.1,-0.1,3,11,1,0,9,Matchs
511,Christopher McVey,se SWE,DF,Inter Miami,25,1997,13.5,719,816,88.1,14169,5147,236,256,92.2,391,419,93.3,87,124,70.2,0,0.3,0.2,-0.3,7,38,1,0,40,Matchs
512,Jimmy Medranda,co COL,"MT,DF",Crew,28,1994,1.2,89,110,80.9,1369,420,47,52,90.4,38,49,77.6,4,9,44.4,0,0.2,0.3,-0.2,3,8,4,2,15,Matchs
513,Tim Melia,us USA,GB,Sporting KC,36,1986,15.8,335,488,68.6,9405,6290,49,51,96.1,175,176,99.4,110,257,42.8,0,0.0,0.0,0.0,0,10,1,0,0,Matchs
514,Vinicius Mello,br BRA,AT,Charlotte,20,2002,0.6,20,24,83.3,369,70,8,9,88.9,9,10,90.0,2,3,66.7,0,0.0,0.0,0.0,0,2,1,0,4,Matchs
515,Jonathan Mensah,gh GHA,DF,SJ Earthquakes,32,1990,21.7,911,1040,87.6,16977,6562,346,375,92.3,462,516,89.5,97,135,71.9,0,0.6,1.1,-0.6,5,43,1,0,41,Matchs
516,Justin Meram,iq IRQ,"AT,MT",Charlotte,34,1988,14.8,516,662,77.9,8703,2409,278,311,89.4,174,215,80.9,52,94,55.3,4,2.8,2.8,#ERROR!,24,39,29,10,68,Matchs
517,Justin Meram,iq IRQ,"AT,MT",RSL,34,1988,2.0,61,86,70.9,1107,301,29,37,78.4,21,24,87.5,9,16,56.3,1,0.3,0.3,#ERROR!,2,8,2,1,13,Matchs
518,Lionel Messi,ar ARG,"AT,MT",Inter Miami,35,1987,4.1,161,216,74.5,2461,831,95,104,91.3,54,69,78.3,8,24,33.3,2,1.4,1.4,#ERROR!,6,19,8,0,36,Matchs
519,Matt Miazga,us USA,DF,FC Cincinnati,27,1995,26.5,1124,1303,86.3,24813,10238,239,270,88.5,689,752,91.6,189,255,74.1,1,0.6,0.9,#ERROR!,7,44,3,0,59,Matchs
520,Micael,br BRA,DF,Dynamo FC,22,2000,21.9,1012,1173,86.3,19736,7886,345,374,92.2,537,588,91.3,115,183,62.8,0,0.0,0.3,0.0,1,51,2,0,44,Matchs
521,Novak Mićović,rs SRB,GB,LA Galaxy,21,2001,2.0,49,56,87.5,1054,641,12,12,100.0,26,26,100.0,10,17,58.8,0,0.0,0.0,0.0,0,0,0,0,0,Matchs
522,Matko Miljevic,us USA,"MT,AT",CF Montréal,21,2001,1.5,52,81,64.2,1007,293,24,31,77.4,18,22,81.8,10,22,45.5,1,0.2,0.5,#ERROR!,1,3,1,1,9,Matchs
523,Eric Miller,us USA,DF,Portland Timbers,30,1993,13.4,364,487,74.7,6886,2708,138,165,83.6,186,228,81.6,37,73,50.7,0,0.2,0.4,-0.2,3,18,4,3,26,Matchs
524,Kamal Miller,ca CAN,DF,Inter Miami,25,1997,20.5,1174,1326,88.5,24055,9490,353,382,92.4,661,709,93.2,154,214,72.0,0,0.5,0.5,-0.5,8,97,4,1,79,Matchs
525,Kamal Miller,ca CAN,DF,CF Montréal,25,1997,5.3,260,311,83.6,5233,2457,99,108,91.7,122,135,90.4,39,59,66.1,0,0.0,0.1,0.0,0,33,1,0,27,Matchs
Clt,Joueur,Nation,Pos,Équipe,Âge,Naissance,90,Cmp,Att,Cmp%,TotDist,DistBut,Cmp,Att,Cmp%,Cmp,Att,Cmp%,Cmp,Att,Cmp%,PD,xAG,xA,A-xAG,PC,1/3,PPA,CntSR,PrgP,Matchs
526,Tyler Miller,us USA,GB,D.C. United,29,1993,24.5,882,1210,72.9,25975,21291,216,217,99.5,343,357,96.1,320,627,51.0,0,0.0,0.4,0.0,1,61,6,0,10,Matchs
527,Kevin Molino,tt TRI,"MT,AT",Crew,32,1990,0.7,86,95,90.5,1150,275,51,55,92.7,27,28,96.4,3,5,60.0,0,0.1,0.1,-0.1,2,6,3,1,7,Matchs
528,Alex Monis,us USA,AT,Fire,19,2003,0.1,3,6,50.0,26,7,2,3,66.7,0,0,,0,1,0.0,0,0.0,0.0,0.0,0,1,0,0,0,Matchs
529,Jamiro Monteiro,cv CPV,MT,SJ Earthquakes,29,1993,23.6,962,1111,86.6,14653,3352,545,591,92.2,309,349,88.5,65,98,66.3,3,2.5,3.1,#ERROR!,26,86,18,2,113,Matchs
530,Fredy Montero,co COL,"AT,MT",Seattle,35,1987,4.8,108,159,67.9,1809,498,48,62,77.4,44,60,73.3,12,23,52.2,1,0.8,1.0,#ERROR!,8,13,5,1,23,Matchs
531,Shaquell Moore,us USA,DF,Nashville,26,1996,30.8,1107,1449,76.4,20561,7293,449,506,88.7,505,622,81.2,137,255,53.7,4,3.0,2.6,#ERROR!,25,83,36,18,106,Matchs
532,Felipe Mora,cl CHI,AT,Portland Timbers,29,1993,9.1,154,198,77.8,2489,393,83,101,82.2,51,65,78.5,15,18,83.3,1,1.2,1.2,-0.2,7,13,8,0,22,Matchs
533,Joseph Mora,cr CRC,DF,Charlotte,30,1993,2.1,74,116,63.8,1035,518,40,50,80.0,28,36,77.8,1,12,8.3,0,0.1,0.1,-0.1,1,2,2,1,9,Matchs
534,Alfredo Morales,us USA,MT,NYCFC,32,1990,12.9,494,571,86.5,8478,2323,234,261,89.7,207,224,92.4,46,68,67.6,1,0.2,0.8,#ERROR!,5,54,5,1,47,Matchs
535,Maximiliano Moralez,ar ARG,"MT,AT",NYCFC,35,1987,3.5,189,230,82.2,3097,1148,95,107,88.8,72,81,88.9,17,29,58.6,0,1.1,1.0,-1.1,8,31,12,2,41,Matchs
536,Steven Moreira,cv CPV,DF,Crew,28,1994,32.5,1941,2191,88.6,33987,13438,837,897,93.3,956,1029,92.9,126,192,65.6,3,2.6,2.5,#ERROR!,24,170,27,8,170,Matchs
537,Junior Moreno,ve VEN,MT,FC Cincinnati,29,1993,25.0,1011,1120,90.3,16689,4977,477,519,91.9,396,424,93.4,90,107,84.1,2,0.9,1.5,#ERROR!,14,96,17,2,115,Matchs
538,Santiago Moreno,co COL,"AT,MT",Portland Timbers,22,2000,25.9,752,1011,74.4,12069,3623,382,465,82.2,263,334,78.7,71,121,58.7,6,4.8,4.9,#ERROR!,47,88,40,4,130,Matchs
539,Lewis Morgan,sct SCO,"MT,AT",NY Red Bulls,26,1996,3.3,65,100,65.0,1104,355,32,42,76.2,25,35,71.4,8,17,47.1,0,0.4,0.1,-0.4,4,6,1,1,10,Matchs
540,Aidan Morris,us USA,MT,Crew,21,2001,28.7,1749,1902,92.0,28599,7316,884,928,95.3,692,739,93.6,133,156,85.3,3,2.5,2.5,#ERROR!,31,174,15,2,179,Matchs
541,Jordan Morris,us USA,AT,Seattle,28,1994,22.0,409,560,73.0,5379,922,280,341,82.1,102,143,71.3,13,25,52.0,0,2.5,1.6,-2.5,21,17,15,3,27,Matchs
542,Edwin Mosquera,co COL,"AT,MT",Atlanta Utd,21,2001,4.9,118,175,67.4,1861,458,57,73,78.1,50,71,70.4,8,13,61.5,0,0.5,1.1,-0.5,4,7,8,2,20,Matchs
543,Yerson Mosquera,co COL,DF,FC Cincinnati,21,2001,25.0,1076,1325,81.2,19710,7596,425,469,90.6,532,617,86.2,100,189,52.9,1,0.6,0.8,#ERROR!,6,90,5,0,89,Matchs
544,Jean Mota,br BRA,MT,Inter Miami,29,1993,10.1,571,723,79.0,10768,3650,227,253,89.7,254,299,84.9,79,132,59.8,3,0.8,2.3,#ERROR!,12,85,18,1,84,Matchs
545,Chris Mueller,us USA,"AT,MT",Fire,26,1996,7.9,223,289,77.2,3405,870,135,155,87.1,64,82,78.0,18,25,72.0,0,0.5,0.7,-0.5,9,14,11,2,38,Matchs
546,Hany Mukhtar,de GER,"AT,MT",Nashville,27,1995,31.5,911,1223,74.5,15196,4068,458,527,86.9,316,407,77.6,103,194,53.1,9,9.3,7.2,-0.3,70,88,40,6,135,Matchs
547,José Mulato,co COL,"AT,MT",FC Dallas,20,2003,1.2,13,20,65.0,180,45,7,8,87.5,5,7,71.4,0,0,,0,0.4,0.0,-0.4,2,1,1,0,2,Matchs
548,O'Vonte Mullings,ca CAN,"MT,DF",NY Red Bulls,22,2000,0.5,10,12,83.3,125,15,7,7,100.0,2,2,100.0,0,2,0.0,0,0.0,0.0,0.0,1,0,0,0,1,Matchs
549,Daniel Munie,us USA,DF,SJ Earthquakes,22,2000,1.2,39,56,69.6,696,280,15,15,100.0,22,29,75.9,2,11,18.2,0,0.0,0.0,0.0,0,4,0,0,0,Matchs
550,Ian Murphy,us USA,DF,FC Cincinnati,23,2000,16.9,682,807,84.5,11538,4609,302,330,91.5,323,361,89.5,43,89,48.3,0,0.1,0.2,-0.1,2,48,2,0,58,Matchs
Clt,Joueur,Nation,Pos,Équipe,Âge,Naissance,90,Cmp,Att,Cmp%,TotDist,DistBut,Cmp,Att,Cmp%,Cmp,Att,Cmp%,Cmp,Att,Cmp%,PD,xAG,xA,A-xAG,PC,1/3,PPA,CntSR,PrgP,Matchs
551,Daniel Musovski,us USA,AT,RSL,27,1995,13.4,153,233,65.7,1993,354,96,134,71.6,36,53,67.9,8,13,61.5,4,1.7,1.1,#ERROR!,9,12,6,0,20,Matchs
552,Alex Muyl,us USA,"MT,DF",Nashville,27,1995,22.7,557,750,74.3,8888,2686,306,351,87.2,176,221,79.6,54,99,54.5,0,0.9,1.6,-0.9,19,42,14,4,67,Matchs
553,Tristan Muyumba,,MT,Atlanta Utd,25,1997,9.1,461,515,89.5,6999,2219,260,285,91.2,152,162,93.8,33,42,78.6,1,0.6,0.8,#ERROR!,9,42,6,0,48,Matchs
554,Darlington Nagbe,us USA,MT,Crew,32,1990,31.0,1487,1593,93.3,22365,5492,795,826,96.2,587,625,93.9,59,65,90.8,1,0.9,1.5,#ERROR!,21,149,17,0,182,Matchs
555,Andy Najar,hn HON,DF,D.C. United,29,1993,12.3,507,608,83.4,9076,3113,234,256,91.4,198,231,85.7,67,92,72.8,0,0.8,1.2,-0.8,11,54,25,6,83,Matchs
556,Federico Navarro,ar ARG,MT,Fire,22,2000,12.2,399,466,85.6,6479,1835,219,242,90.5,134,148,90.5,40,52,76.9,0,0.2,0.3,-0.2,4,37,3,0,34,Matchs
557,Miguel Navarro,ve VEN,DF,Fire,23,1999,21.9,813,1112,73.1,13347,5885,411,466,88.2,343,464,73.9,49,140,35.0,4,2.3,1.2,#ERROR!,13,58,11,7,69,Matchs
558,Rafael Navarro,br BRA,AT,Rapids,22,2000,9.8,115,158,72.8,1573,346,67,80,83.8,32,47,68.1,5,11,45.5,1,1.9,0.4,-0.9,17,14,5,0,18,Matchs
559,Hassan Ndam,cm CMR,DF,NY Red Bulls,24,1998,7.8,278,365,76.2,5204,1975,89,108,82.4,162,191,84.8,21,52,40.4,0,0.0,0.2,0.0,0,16,1,0,21,Matchs
560,Logan Ndenbe,be BEL,DF,Sporting KC,22,2000,17.1,922,1089,84.7,13962,4794,528,573,92.1,316,380,83.2,51,78,65.4,1,1.1,1.4,-0.1,12,70,18,8,96,Matchs
561,Jalen Neal,us USA,DF,LA Galaxy,19,2003,14.3,816,868,94.0,14676,5487,320,333,96.1,436,444,98.2,51,74,68.9,0,0.0,0.1,0.0,2,18,0,0,28,Matchs
562,Dylan Nealis,us USA,DF,NY Red Bulls,24,1998,11.5,392,567,69.1,7118,3083,160,201,79.6,185,247,74.9,40,91,44.0,0,0.2,0.7,-0.2,6,26,6,2,35,Matchs
563,Sean Nealis,us USA,DF,NY Red Bulls,26,1997,30.2,958,1277,75.0,17125,6930,382,465,82.2,502,618,81.2,61,140,43.6,1,0.2,0.5,#ERROR!,4,54,4,0,67,Matchs
564,Franco Negri,ar ARG,DF,Inter Miami,27,1995,14.8,686,868,79.0,10988,3913,394,439,89.7,228,292,78.1,50,98,51.0,1,1.7,2.0,-0.7,12,45,15,8,61,Matchs
565,John Nelson,us USA,DF,St. Louis,24,1998,14.1,462,651,71.0,7336,3265,241,287,84.0,183,254,72.0,30,79,38.0,0,0.6,0.8,-0.6,10,32,8,5,52,Matchs
566,Jake Nerwinski,us USA,DF,St. Louis,28,1994,24.6,777,1090,71.3,13249,7545,380,445,85.4,308,438,70.3,78,165,47.3,2,1.1,1.6,#ERROR!,15,86,26,14,104,Matchs
567,Harvey Neville,ie IRL,"DF,MT",Inter Miami,20,2002,2.2,92,127,72.4,1424,357,52,58,89.7,31,45,68.9,5,9,55.6,0,0.0,0.0,0.0,0,4,0,0,6,Matchs
568,Jean-Claude Ngando,cm CMR,"MT,AT",Vancouver W'caps,23,1999,0.9,55,72,76.4,913,298,27,33,81.8,21,26,80.8,5,7,71.4,0,0.0,0.1,0.0,0,6,2,0,10,Matchs
569,Sam Nicholson,sct SCO,"MT,DF",Rapids,28,1995,16.6,415,568,73.1,6236,1853,227,274,82.8,166,213,77.9,14,38,36.8,1,1.1,1.0,-0.1,11,28,12,4,33,Matchs
570,Jarosław Niezgoda,pl POL,AT,Portland Timbers,27,1995,7.3,95,144,66.0,1087,227,68,90,75.6,12,30,40.0,3,3,100.0,0,0.3,0.6,-0.3,4,10,2,0,10,Matchs
571,Joakim Nilsson,se SWE,DF,St. Louis,28,1994,6.6,243,279,87.1,4653,2147,83,90,92.2,142,152,93.4,18,31,58.1,0,0.0,0.1,0.0,1,11,0,0,14,Matchs
572,Matt Nocita,us USA,DF,NY Red Bulls,22,2000,0.3,4,7,57.1,82,32,0,0,,4,6,66.7,0,0,,0,0.0,0.0,0.0,0,0,0,0,0,Matchs
573,Nolan Norris,us USA,MT,FC Dallas,17,2005,1.5,57,66,86.4,910,93,29,30,96.7,23,26,88.5,5,8,62.5,0,0.0,0.0,0.0,0,0,0,0,3,Matchs
574,Tsiki Ntsabeleng,za RSA,"MT,AT",FC Dallas,24,1998,3.9,138,177,78.0,2213,636,66,80,82.5,51,61,83.6,12,20,60.0,4,0.6,0.8,#ERROR!,6,17,6,3,19,Matchs
575,Obinna Nwobodo,ng NGA,MT,FC Cincinnati,26,1996,28.7,1062,1243,85.4,18630,4764,462,516,89.5,483,536,90.1,97,133,72.9,3,1.4,1.4,#ERROR!,20,124,13,2,134,Matchs
Clt,Joueur,Nation,Pos,Équipe,Âge,Naissance,90,Cmp,Att,Cmp%,TotDist,DistBut,Cmp,Att,Cmp%,Cmp,Att,Cmp%,Cmp,Att,Cmp%,PD,xAG,xA,A-xAG,PC,1/3,PPA,CntSR,PrgP,Matchs
576,Moses Nyeman,us USA,MT,RSL,19,2003,0.3,13,16,81.3,239,45,3,4,75.0,8,9,88.9,1,2,50.0,0,0.0,0.0,0.0,0,2,0,0,1,Matchs
577,Lewis O'Brien,eng ENG,MT,D.C. United,24,1998,16.8,667,830,80.4,10685,3400,346,388,89.2,238,281,84.7,52,100,52.0,1,1.9,2.1,-0.9,23,90,14,3,98,Matchs
578,Shane O'Neill,us USA,DF,Toronto FC,29,1993,10.4,517,594,87.0,9364,3369,215,226,95.1,253,281,90.0,41,71,57.7,0,0.0,0.1,0.0,1,38,2,1,26,Matchs
579,Kevin O'Toole,us USA,"DF,MT",NYCFC,24,1998,13.3,558,689,81.0,8319,3037,320,358,89.4,197,227,86.8,28,59,47.5,0,1.3,0.9,-1.3,11,35,13,6,56,Matchs
580,Jáder Obrian,co COL,"AT,MT",FC Dallas,27,1995,21.0,358,485,73.8,4636,1296,232,282,82.3,94,126,74.6,11,21,52.4,3,4.3,3.9,-1.3,32,22,22,2,52,Matchs
581,Chinonso Offor,ng NGA,AT,CF Montréal,22,2000,16.8,207,338,61.2,2765,319,132,183,72.1,59,93,63.4,7,19,36.8,0,1.0,0.5,-1.0,11,11,5,0,19,Matchs
582,Braian Ojeda,py PAR,MT,RSL,22,2000,24.0,1057,1236,85.5,20600,5868,447,484,92.4,414,472,87.7,172,226,76.1,1,1.3,1.4,-0.3,22,141,24,12,148,Matchs
583,Martín Ojeda,ar ARG,"AT,MT",Orlando City,24,1998,19.5,555,757,73.3,9881,2870,279,336,83.0,179,228,78.5,80,139,57.6,7,4.7,4.0,#ERROR!,49,49,22,5,89,Matchs
584,Cristian Olivera,uy URU,AT,LAFC,20,2002,6.7,93,147,63.3,1548,481,49,62,79.0,27,48,56.3,11,21,52.4,0,0.5,0.6,-0.5,8,6,10,5,18,Matchs
585,Tani Oluwaseyi,us USA,AT,Minnesota Utd,22,2000,0.1,0,1,0.0,0,0,0,1,0.0,0,0,,0,0,,0,0.0,0.0,0.0,0,0,0,0,0,Matchs
586,Wyatt Omsberg,us USA,DF,Fire,27,1995,7.9,309,378,81.7,6071,2513,94,103,91.3,188,210,89.5,25,59,42.4,0,0.0,0.0,0.0,0,5,0,0,12,Matchs
587,Kwadwo Opoku,gh GHA,AT,LAFC,21,2001,13.1,236,300,78.7,3309,731,147,165,89.1,71,88,80.7,10,18,55.6,2,1.4,1.2,#ERROR!,15,16,13,0,38,Matchs
588,Kwadwo Opoku,gh GHA,AT,CF Montréal,21,2001,10.3,181,227,79.7,2895,498,90,105,85.7,73,85,85.9,13,21,61.9,1,2.1,2.0,-1.1,11,12,6,0,25,Matchs
589,Nathan Ordaz,sv SLV,AT,LAFC,19,2004,2.9,56,76,73.7,747,148,32,39,82.1,14,18,77.8,3,5,60.0,1,0.5,0.1,#ERROR!,3,3,4,0,11,Matchs
590,Arquimides Ordonez,gt GUA,AT,FC Cincinnati,19,2003,3.1,52,61,85.2,814,93,27,33,81.8,21,21,100.0,4,4,100.0,0,0.2,0.1,-0.2,4,6,1,0,5,Matchs
591,Prince Osei Owusu,de GER,AT,Toronto FC,26,1997,2.9,31,50,62.0,455,55,18,27,66.7,9,14,64.3,3,3,100.0,0,0.0,0.0,0.0,0,0,0,0,2,Matchs
592,Jonathan Osorio,ca CAN,"MT,AT",Toronto FC,30,1992,20.8,1084,1233,87.9,15452,4100,636,687,92.6,355,394,90.1,42,60,70.0,4,2.0,2.6,#ERROR!,25,99,19,0,132,Matchs
593,Tomáš Ostrák,cz CZE,"MT,AT",St. Louis,22,2000,12.8,291,376,77.4,4702,1095,160,192,83.3,98,117,83.8,25,37,67.6,2,1.3,0.7,#ERROR!,12,29,6,0,56,Matchs
594,Bryan Oviedo,cr CRC,DF,RSL,32,1990,19.9,873,1055,82.7,14053,5101,448,482,92.9,343,404,84.9,65,120,54.2,3,2.3,2.1,#ERROR!,25,57,25,17,79,Matchs
595,Devin Padelford,us USA,DF,Minnesota Utd,20,2003,1.7,48,76,63.2,746,323,23,28,82.1,20,34,58.8,3,7,42.9,0,0.0,0.1,0.0,0,3,2,0,9,Matchs
596,Maarten Paes,nl NED,GB,FC Dallas,24,1998,29.1,705,1004,70.2,18576,13484,164,165,99.4,325,337,96.4,212,495,42.8,0,0.0,0.0,0.0,0,11,0,0,0,Matchs
597,Nelson Palacio,co COL,MT,RSL,21,2001,9.6,390,430,90.7,8162,1894,134,146,91.8,172,179,96.1,79,93,84.9,1,0.1,0.2,#ERROR!,3,35,2,0,27,Matchs
598,Diego Palacios,ec ECU,DF,LAFC,23,1999,27.0,1420,1709,83.1,22221,7493,765,840,91.1,544,657,82.8,77,137,56.2,2,2.6,3.2,-0.6,28,112,24,10,143,Matchs
599,Sergi Palencia,es ESP,DF,LAFC,26,1996,14.0,631,806,78.3,10268,3894,309,354,87.3,260,316,82.3,45,88,51.1,1,0.8,0.9,#ERROR!,15,52,15,3,60,Matchs
600,Victor Pálsson,is ISL,"DF,MT",D.C. United,31,1991,17.5,579,769,75.3,10652,4206,250,294,85.0,269,341,78.9,57,116,49.1,2,0.8,1.1,#ERROR!,10,64,9,3,66,Matchs
Clt,Joueur,Nation,Pos,Équipe,Âge,Naissance,90,Cmp,Att,Cmp%,TotDist,DistBut,Cmp,Att,Cmp%,Cmp,Att,Cmp%,Cmp,Att,Cmp%,PD,xAG,xA,A-xAG,PC,1/3,PPA,CntSR,PrgP,Matchs
601,Jack Panayotou,us USA,"MT,DF",NE Revolution,18,2004,3.6,79,107,73.8,1178,270,46,51,90.2,27,37,73.0,4,10,40.0,0,0.3,0.4,-0.3,3,8,0,0,10,Matchs
602,Elliot Panicco,us USA,GB,Nashville,26,1996,2.0,43,62,69.4,1288,964,7,7,100.0,19,19,100.0,17,36,47.2,0,0.0,0.0,0.0,0,0,0,0,0,Matchs
603,James Pantemis,ca CAN,GB,CF Montréal,25,1997,1.9,52,64,81.3,1029,766,19,19,100.0,29,30,96.7,4,15,26.7,0,0.0,0.0,0.0,0,0,0,0,0,Matchs
604,Cristhian Paredes,py PAR,MT,Portland Timbers,24,1998,21.2,501,670,74.8,7685,2948,275,333,82.6,180,229,78.6,28,52,53.8,1,2.3,2.9,-1.3,29,72,20,0,102,Matchs
605,Isaiah Parente,us USA,"MT,AT",Crew,22,2000,0.5,23,28,82.1,345,85,9,9,100.0,10,11,90.9,1,3,33.3,0,0.0,0.0,0.0,1,0,0,0,5,Matchs
606,Tim Parker,us USA,DF,St. Louis,29,1993,28.5,985,1169,84.3,19954,8169,265,295,89.8,602,676,89.1,109,180,60.6,0,0.0,0.2,0.0,2,67,0,0,75,Matchs
607,Keaton Parks,us USA,MT,NYCFC,25,1997,27.9,1260,1442,87.4,21651,6619,602,666,90.4,519,569,91.2,118,149,79.2,2,2.2,3.0,-0.2,29,144,24,0,181,Matchs
608,Ilijah Paul,us USA,"AT,MT",RSL,20,2002,1.2,28,35,80.0,385,29,13,16,81.3,10,11,90.9,1,2,50.0,0,0.6,0.5,-0.6,2,1,1,0,2,Matchs
609,João Paulo Mior,br BRA,MT,Seattle,31,1991,27.3,1798,2106,85.4,32641,9885,771,828,93.1,781,874,89.4,202,320,63.1,3,2.7,3.6,#ERROR!,30,247,30,9,242,Matchs
610,Adam Pearlman,ca CAN,DF,Toronto FC,17,2005,0.1,7,11,63.6,126,38,2,3,66.7,3,5,60.0,1,2,50.0,0,0.0,0.1,0.0,0,1,1,1,0,Matchs
611,Matías Pellegrini,ar ARG,"AT,MT",NYCFC,22,2000,12.8,339,447,75.8,5320,1199,180,206,87.4,115,155,74.2,29,42,69.0,1,3.0,3.3,-2.0,18,29,15,3,41,Matchs
612,Andrés Perea,us USA,MT,Philadelphia,22,2000,1.7,48,63,76.2,806,223,24,32,75.0,20,23,87.0,4,6,66.7,0,0.0,0.1,0.0,1,3,1,0,7,Matchs
613,Andrés Perea,us USA,MT,NYCFC,22,2000,8.6,322,389,82.8,4751,1269,173,190,91.1,120,138,87.0,15,32,46.9,0,0.9,0.9,-0.9,3,27,4,0,37,Matchs
614,Daniel Pereira,ve VEN,MT,Austin,22,2000,28.1,1357,1561,86.9,25215,6482,565,614,92.0,603,651,92.6,164,234,70.1,5,1.9,2.1,#ERROR!,27,126,23,8,162,Matchs
615,Gabriel Pereira,br BRA,"AT,MT",NYCFC,21,2001,17.1,333,481,69.2,5945,2031,158,187,84.5,122,157,77.7,42,99,42.4,3,3.8,3.7,-0.8,31,26,27,4,68,Matchs
616,Mauricio Pereyra,uy URU,MT,Orlando City,32,1990,23.5,986,1277,77.2,17358,5790,484,567,85.4,344,411,83.7,131,228,57.5,4,3.7,5.7,#ERROR!,45,170,44,2,219,Matchs
617,Jonathan Perez,mx MEX,"DF,MT",LA Galaxy,20,2003,1.3,78,92,84.8,1289,161,43,44,97.7,24,31,77.4,9,14,64.3,1,0.7,0.6,#ERROR!,8,3,3,3,2,Matchs
618,Miguel Perez,us USA,MT,St. Louis,17,2005,6.8,181,254,71.3,2992,1008,87,125,69.6,79,91,86.8,12,20,60.0,0,0.5,0.3,-0.5,9,28,3,0,29,Matchs
619,Jordan Perruzza,ca CAN,"AT,MT",Toronto FC,22,2001,1.4,20,28,71.4,246,34,14,19,73.7,4,7,57.1,0,0,,0,0.0,0.1,0.0,1,1,1,0,2,Matchs
620,Luca Petrasso,ca CAN,"DF,AT",Orlando City,22,2000,4.8,195,253,77.1,2956,1211,117,134,87.3,66,83,79.5,9,22,40.9,0,0.3,0.2,-0.3,4,15,3,0,19,Matchs
621,Raoul Petretta,it ITA,DF,Toronto FC,25,1997,19.4,1045,1235,84.6,15981,6558,604,657,91.9,353,404,87.4,67,120,55.8,1,1.2,0.9,-0.2,9,73,14,3,73,Matchs
622,Đorđe Petrović,rs SRB,GB,NE Revolution,23,1999,22.0,474,706,67.1,13317,9406,64,64,100.0,250,253,98.8,157,382,41.1,1,0.1,0.0,#ERROR!,1,12,0,0,1,Matchs
623,Fafà Picault,ht HAI,"AT,MT",Nashville,31,1991,18.0,297,447,66.4,4101,756,177,219,80.8,94,141,66.7,12,35,34.3,1,1.8,1.1,-0.8,16,14,9,4,25,Matchs
624,Selmir Pidro,ba BIH,DF,St. Louis,24,1998,0.5,16,19,84.2,215,162,8,9,88.9,7,8,87.5,0,0,,0,0.2,0.2,-0.2,1,1,0,0,2,Matchs
625,Kayden Pierre,us USA,DF,Sporting KC,19,2003,0.1,6,6,100.0,84,11,3,3,100.0,3,3,100.0,0,0,,0,0.0,0.0,0.0,0,1,0,0,2,Matchs
Clt,Joueur,Nation,Pos,Équipe,Âge,Naissance,90,Cmp,Att,Cmp%,TotDist,DistBut,Cmp,Att,Cmp%,Cmp,Att,Cmp%,Cmp,Att,Cmp%,PD,xAG,xA,A-xAG,PC,1/3,PPA,CntSR,PrgP,Matchs
626,Samuel Piette,ca CAN,MT,CF Montréal,28,1994,12.1,512,585,87.5,9365,2953,211,239,88.3,227,246,92.3,66,82,80.5,0,0.4,0.5,-0.4,7,48,1,0,50,Matchs
627,Mauricio Pineda,us USA,"DF,MT",Fire,25,1997,17.4,683,806,84.7,13817,4892,222,245,90.6,360,393,91.6,93,142,65.5,0,0.5,0.2,-0.5,4,40,1,0,48,Matchs
628,Donovan Pines,us USA,DF,D.C. United,24,1998,20.5,737,841,87.6,12927,4052,298,330,90.3,383,418,91.6,48,75,64.0,0,0.8,0.4,-0.8,7,31,2,0,42,Matchs
629,Malik Pinto,us USA,MT,FC Cincinnati,20,2002,4.4,152,175,86.9,2310,745,80,89,89.9,59,71,83.1,9,11,81.8,0,0.0,0.3,0.0,1,17,3,0,23,Matchs
630,Gabriel Pirani,br BRA,MT,D.C. United,20,2002,9.2,202,249,81.1,3007,877,113,126,89.7,74,87,85.1,10,14,71.4,0,0.5,0.7,-0.5,9,24,8,1,44,Matchs
631,Rodolfo Pizarro,mx MEX,"MT,AT",Inter Miami,28,1994,10.3,384,474,81.0,6061,1497,211,238,88.7,131,154,85.1,27,44,61.4,1,2.0,1.7,-1.0,23,44,12,4,57,Matchs
632,Matt Polster,us USA,"MT,DF",NE Revolution,29,1993,30.4,1472,1687,87.3,26551,7609,612,686,89.2,670,738,90.8,156,195,80.0,1,1.3,1.7,-0.3,17,115,11,0,160,Matchs
633,Célio Pompeu,br BRA,"AT,MT",St. Louis,23,1999,10.8,200,312,64.1,2830,985,123,150,82.0,58,94,61.7,12,36,33.3,0,1.5,1.6,-1.5,20,13,14,5,25,Matchs
634,Paxton Pomykal,us USA,MT,FC Dallas,23,1999,17.8,704,832,84.6,11422,3000,364,398,91.5,261,307,85.0,54,79,68.4,2,2.0,2.0,0.0,15,50,23,5,84,Matchs
635,Alvas Powell,jm JAM,DF,FC Cincinnati,28,1994,10.6,314,422,74.4,6448,2524,96,109,88.1,166,204,81.4,46,88,52.3,1,1.4,0.8,-0.4,8,20,6,3,22,Matchs
636,Jack Price,eng ENG,MT,Rapids,30,1992,0.4,24,31,77.4,429,112,12,14,85.7,8,9,88.9,4,8,50.0,0,0.1,0.2,-0.1,1,2,0,0,1,Matchs
637,Ralph Priso-Mbongue,ca CAN,MT,Rapids,20,2002,11.5,338,403,83.9,5264,1313,182,205,88.8,125,139,89.9,19,32,59.4,0,0.2,0.3,-0.2,7,36,1,0,37,Matchs
638,Andrew Privett,us USA,DF,Charlotte,22,2000,11.6,584,670,87.2,11297,4464,186,203,91.6,343,363,94.5,52,97,53.6,0,0.0,0.5,0.0,1,31,1,0,48,Matchs
639,Kacper Przybyłko,pl POL,AT,Fire,29,1993,10.8,218,307,71.0,2733,502,138,183,75.4,64,86,74.4,3,6,50.0,2,1.8,1.1,#ERROR!,10,19,8,3,25,Matchs
640,Riqui Puig,es ESP,"MT,AT",LA Galaxy,23,1999,28.1,1916,2265,84.6,33959,10827,884,984,89.8,737,839,87.8,232,301,77.1,4,3.7,5.7,#ERROR!,58,298,61,2,346,Matchs
641,Teemu Pukki,fi FIN,AT,Minnesota Utd,32,1990,11.5,121,159,76.1,1901,301,58,73,79.5,48,54,88.9,10,11,90.9,1,2.4,2.5,-1.4,9,9,7,4,11,Matchs
642,Alan Pulido,mx MEX,AT,Sporting KC,31,1991,24.5,639,773,82.7,9366,1319,378,423,89.4,197,225,87.6,38,50,76.0,1,2.6,1.8,-1.6,29,37,25,3,69,Matchs
643,John Pulskamp,us USA,GB,Sporting KC,21,2001,5.0,92,122,75.4,2503,1638,17,17,100.0,45,45,100.0,29,59,49.2,0,0.0,0.0,0.0,0,2,0,0,0,Matchs
644,Facundo Quignon,ar ARG,MT,FC Dallas,29,1993,21.3,945,1130,83.6,15505,4521,475,527,90.1,384,443,86.7,63,111,56.8,1,0.6,0.9,#ERROR!,10,98,9,1,84,Matchs
645,Nelson Quiñones,co COL,"AT,MT",Dynamo FC,20,2002,16.4,343,432,79.4,5195,1059,214,242,88.4,102,128,79.7,23,43,53.5,1,1.5,1.7,-0.5,18,11,8,3,21,Matchs
646,Philip Quinton,us USA,DF,Crew,23,1999,10.4,556,636,87.4,9814,4116,228,250,91.2,289,313,92.3,35,63,55.6,0,0.2,0.4,-0.2,3,38,2,0,41,Matchs
647,Romell Quioto,hn HON,AT,CF Montréal,31,1991,8.9,165,234,70.5,2886,625,80,99,80.8,62,80,77.5,17,36,47.2,1,0.6,1.0,#ERROR!,7,14,7,3,20,Matchs
648,Nemanja Radoja,rs SRB,MT,Sporting KC,29,1993,19.0,879,967,90.9,17580,4774,320,353,90.7,404,416,97.1,139,162,85.8,2,0.7,0.4,#ERROR!,15,97,6,0,105,Matchs
649,Aleksandar Radovanović,rs SRB,DF,Austin,29,1993,3.9,194,240,80.8,4041,1391,58,64,90.6,107,121,88.4,28,49,57.1,0,0.1,0.0,-0.1,2,14,1,0,15,Matchs
650,Jeremy Rafanello,us USA,MT,Philadelphia,22,2000,0.1,4,4,100.0,46,6,3,3,100.0,1,1,100.0,0,0,,0,0.0,0.0,0.0,0,0,0,0,0,Matchs
Clt,Joueur,Nation,Pos,Équipe,Âge,Naissance,90,Cmp,Att,Cmp%,TotDist,DistBut,Cmp,Att,Cmp%,Cmp,Att,Cmp%,Cmp,Att,Cmp%,PD,xAG,xA,A-xAG,PC,1/3,PPA,CntSR,PrgP,Matchs
651,Jackson Ragen,us USA,DF,Seattle,24,1998,31.6,1625,1799,90.3,33567,14645,486,524,92.7,897,944,95.0,230,306,75.2,4,2.4,1.1,#ERROR!,8,118,3,0,86,Matchs
652,Brooklyn Raines,us USA,"MT,AT",Dynamo FC,17,2005,2.2,70,81,86.4,993,232,42,49,85.7,24,25,96.0,1,1,100.0,0,0.0,0.1,0.0,1,5,0,0,5,Matchs
653,Christian Ramirez,us USA,"AT,MT",Crew,31,1991,17.9,259,355,73.0,3335,851,153,198,77.3,69,89,77.5,9,20,45.0,3,1.9,1.4,#ERROR!,25,19,11,0,39,Matchs
654,Greg Ranjitsingh,tt TRI,GB,Toronto FC,29,1993,4.0,101,152,66.4,2890,2429,31,32,96.9,34,34,100.0,35,85,41.2,0,0.0,0.0,0.0,0,5,0,0,0,Matchs
655,Ryan Raposo,ca CAN,"DF,AT",Vancouver W'caps,23,1999,14.8,501,695,72.1,8493,2639,250,281,89.0,205,264,77.7,40,119,33.6,2,2.6,2.4,-0.6,16,35,22,13,47,Matchs
656,Justin Rasmussen,us USA,DF,Portland Timbers,24,1998,3.7,111,169,65.7,1918,844,53,62,85.5,46,65,70.8,11,33,33.3,0,1.0,0.8,-1.0,3,10,2,2,6,Matchs
657,Sean Rea,ca CAN,"MT,AT",CF Montréal,20,2002,8.3,187,256,73.0,2778,628,117,141,83.0,53,76,69.7,13,23,56.5,0,0.4,0.6,-0.4,11,10,6,1,20,Matchs
658,Matthew Real,us USA,"DF,MT",Philadelphia,23,1999,5.5,173,233,74.2,3231,1315,66,78,84.6,85,103,82.5,20,39,51.3,1,0.2,0.4,#ERROR!,5,16,5,3,15,Matchs
659,Rodney Redes,py PAR,"MT,AT",Austin,22,2000,5.4,97,145,66.9,1601,445,47,60,78.3,39,56,69.6,8,13,61.5,1,1.1,1.0,-0.1,7,8,3,3,13,Matchs
660,Jayden Reid,us USA,MT,NY Red Bulls,21,2001,0.0,0,0,,0,0,0,0,,0,0,,0,0,,0,0.0,0.0,0.0,0,0,0,0,0,Matchs
661,Justin Rennicks,us USA,"AT,MT",NE Revolution,23,1999,4.3,71,96,74.0,992,150,39,48,81.3,29,40,72.5,0,2,0.0,0,0.4,0.2,-0.4,4,1,3,0,4,Matchs
662,Andrés Reyes,co COL,DF,NY Red Bulls,23,1999,26.5,850,1160,73.3,15794,6415,312,393,79.4,435,552,78.8,84,162,51.9,0,0.2,0.7,-0.2,4,82,8,0,118,Matchs
663,Emanuel Reynoso,ar ARG,MT,Minnesota Utd,27,1995,15.2,617,873,70.7,10204,4351,331,371,89.2,194,258,75.2,65,173,37.6,4,6.5,7.5,-2.5,56,87,59,17,149,Matchs
664,Spencer Richey,us USA,GB,Fire,30,1992,4.7,91,117,77.8,2451,1551,16,16,100.0,48,48,100.0,26,50,52.0,0,0.0,0.0,0.0,0,1,0,0,0,Matchs
665,Emiliano Rigoni,ar ARG,"AT,MT",Austin,29,1993,24.3,480,741,64.8,9026,2339,221,269,82.2,169,244,69.3,79,178,44.4,4,4.7,4.8,-0.7,44,33,16,10,55,Matchs
666,Chris Rindov,us USA,DF,Sporting KC,21,2001,0.1,6,9,66.7,146,43,0,1,0.0,6,7,85.7,0,1,0.0,0,0.0,0.0,0.0,0,1,0,0,0,Matchs
667,Alexander Ring,fi FIN,"DF,MT",Austin,31,1991,23.9,1216,1463,83.1,23937,9107,479,522,91.8,560,611,91.7,168,294,57.1,1,2.9,2.6,-1.9,15,135,21,5,143,Matchs
668,Birk Risa,no NOR,DF,NYCFC,24,1998,9.6,442,519,85.2,9365,3281,131,139,94.2,246,267,92.1,63,105,60.0,1,0.1,0.2,#ERROR!,2,33,3,0,35,Matchs
669,Damien Rivera,cr CRC,"AT,MT",NE Revolution,20,2002,2.0,45,69,65.2,589,117,31,39,79.5,11,18,61.1,1,4,25.0,0,0.2,0.1,-0.2,2,3,1,0,5,Matchs
670,Nigel Robertha,nl NED,"AT,MT",D.C. United,24,1998,3.4,44,65,67.7,648,132,29,35,82.9,9,14,64.3,5,7,71.4,0,0.0,0.1,0.0,0,7,2,2,5,Matchs
671,Miles Robinson,us USA,DF,Atlanta Utd,25,1997,26.3,1330,1549,85.9,26613,9487,391,432,90.5,788,848,92.9,135,239,56.5,1,0.4,0.7,#ERROR!,2,79,1,0,79,Matchs
672,Robbie Robinson,us USA,"AT,MT",Inter Miami,24,1998,3.8,137,169,81.1,1798,374,104,112,92.9,26,35,74.3,5,10,50.0,0,0.4,0.7,-0.4,5,11,4,1,14,Matchs
673,Rodrigues,br BRA,DF,SJ Earthquakes,25,1997,33.3,1473,1737,84.8,29625,12579,485,539,90.0,786,866,90.8,191,287,66.6,1,1.2,0.7,-0.2,8,76,2,0,114,Matchs
674,Abraham Rodriguez,us USA,GB,Rapids,20,2002,1.0,24,28,85.7,598,468,7,7,100.0,10,10,100.0,7,11,63.6,0,0.0,0.0,0.0,0,0,0,0,0,Matchs
675,Memo Rodriguez,us USA,"AT,MT",Austin,27,1995,2.7,37,60,61.7,672,215,16,21,76.2,14,18,77.8,6,16,37.5,0,0.3,0.3,-0.3,4,4,1,0,8,Matchs
Clt,Joueur,Nation,Pos,Équipe,Âge,Naissance,90,Cmp,Att,Cmp%,TotDist,DistBut,Cmp,Att,Cmp%,Cmp,Att,Cmp%,Cmp,Att,Cmp%,PD,xAG,xA,A-xAG,PC,1/3,PPA,CntSR,PrgP,Matchs
676,Memo Rodriguez,us USA,"MT,AT",LA Galaxy,27,1995,7.4,222,296,75.0,3377,969,128,144,88.9,69,81,85.2,13,42,31.0,1,0.7,0.8,#ERROR!,9,12,5,0,28,Matchs
677,Missael Rodriguez,us USA,AT,Fire,19,2003,0.2,4,5,80.0,46,10,3,3,100.0,1,2,50.0,0,0,,0,0.0,0.0,0.0,0,0,0,0,0,Matchs
678,Santiago Rodríguez,uy URU,"MT,AT",NYCFC,23,2000,28.7,986,1262,78.1,16961,5170,479,543,88.2,356,426,83.6,118,190,62.1,5,6.2,6.0,-1.2,66,102,35,3,158,Matchs
679,Alex Roldan,sv SLV,DF,Seattle,26,1996,26.9,1439,1782,80.8,23452,7530,740,804,92.0,543,669,81.2,117,201,58.2,2,4.4,3.5,-2.4,30,98,44,21,109,Matchs
680,Cristian Roldan,us USA,"AT,DF",Seattle,27,1995,13.9,447,592,75.5,6546,1969,268,300,89.3,139,183,76.0,23,55,41.8,2,2.5,2.2,-0.5,22,40,16,3,49,Matchs
681,Tomas Romero,sv SLV,GB,Toronto FC,22,2000,6.0,145,187,77.5,3845,2953,37,38,97.4,63,64,98.4,43,82,52.4,0,0.1,0.1,-0.1,1,2,1,0,0,Matchs
682,David Romney,us USA,DF,NE Revolution,29,1993,34.0,1574,1862,84.5,32699,12040,422,479,88.1,931,1011,92.1,213,333,64.0,1,1.2,0.3,-0.2,5,78,2,0,86,Matchs
683,Connor Ronan,ie IRL,MT,Rapids,24,1998,31.6,1632,2003,81.5,32065,11315,697,754,92.4,624,721,86.5,277,460,60.2,8,6.7,7.3,#ERROR!,64,208,26,8,203,Matchs
684,Eloy Room,cw CUW,GB,Crew,33,1989,3.0,69,94,73.4,1607,1149,18,18,100.0,37,38,97.4,14,38,36.8,0,0.0,0.0,0.0,0,1,0,0,0,Matchs
685,Joseph Rosales,hn HON,"AT,MT",Minnesota Utd,22,2000,12.1,348,484,71.9,5385,1606,199,232,85.8,121,154,78.6,19,59,32.2,0,0.7,0.6,-0.7,10,26,5,1,43,Matchs
686,Oriol Rosell,es ESP,MT,LA Galaxy,30,1992,9.4,579,624,92.8,8991,2437,298,318,93.7,240,255,94.1,23,24,95.8,1,0.7,0.6,#ERROR!,6,52,1,0,42,Matchs
687,Keegan Rosenberry,us USA,DF,Rapids,29,1993,25.2,1083,1372,78.9,20675,6946,448,482,92.9,484,573,84.5,135,254,53.1,0,1.4,1.8,-1.4,18,93,18,9,115,Matchs
688,Daniel Rosero,co COL,DF,Sporting KC,29,1993,25.1,1246,1380,90.3,26178,8503,325,350,92.9,765,804,95.1,147,200,73.5,0,0.1,0.2,-0.1,4,42,2,0,46,Matchs
689,Matheus Rossetto,br BRA,MT,Atlanta Utd,26,1996,20.3,1181,1293,91.3,19131,5620,572,612,93.5,470,502,93.6,93,110,84.5,1,1.2,1.4,-0.2,20,102,9,1,107,Matchs
690,Diego Rossi,uy URU,"MT,AT",Crew,24,1998,8.6,257,330,77.9,3733,914,148,171,86.5,85,103,82.5,13,33,39.4,2,1.9,1.5,#ERROR!,20,22,15,3,42,Matchs
691,Sigurd Rosted,no NOR,DF,Toronto FC,28,1994,18.3,712,849,83.9,13754,5000,228,255,89.4,422,472,89.4,60,113,53.1,0,0.2,0.1,-0.2,1,29,1,0,27,Matchs
692,Paul Rothrock,us USA,AT,Seattle,24,1999,0.5,19,24,79.2,265,29,7,8,87.5,10,12,83.3,0,0,,0,0.0,0.0,0.0,0,0,0,0,1,Matchs
693,Kelyn Rowe,us USA,DF,Seattle,31,1991,3.8,209,252,82.9,3769,1502,95,101,94.1,89,110,80.9,22,34,64.7,0,0.1,0.1,-0.1,3,18,1,0,22,Matchs
694,Ruan,br BRA,"DF,MT",D.C. United,27,1995,15.8,444,586,75.8,7032,2149,241,274,88.0,162,212,76.4,32,60,53.3,5,4.6,4.1,#ERROR!,30,21,17,10,39,Matchs
695,Rubio Rubin,gt GUA,"AT,MT",RSL,26,1996,14.4,236,312,75.6,3854,839,124,147,84.4,92,115,80.0,15,23,65.2,2,1.3,1.3,#ERROR!,15,22,10,2,38,Matchs
696,Diego Rubio,cl CHI,"MT,AT",Rapids,29,1993,11.9,237,358,66.2,4332,1057,99,134,73.9,95,125,76.0,33,65,50.8,2,2.0,1.7,0.0,13,26,19,6,49,Matchs
697,Raúl Ruidíaz,pe PER,AT,Seattle,32,1990,11.7,213,264,80.7,3205,454,119,138,86.2,73,87,83.9,12,14,85.7,1,1.0,0.7,0.0,5,12,4,1,23,Matchs
698,David Ruiz,hn HON,MT,Inter Miami,18,2004,13.2,512,587,87.2,7904,1739,272,301,90.4,197,214,92.1,24,36,66.7,1,0.5,0.7,#ERROR!,6,45,5,0,43,Matchs
699,Pablo Ruíz,ar ARG,MT,RSL,24,1998,15.3,746,919,81.2,16408,5048,241,263,91.6,321,360,89.2,175,259,67.6,4,3.8,3.7,#ERROR!,35,96,16,2,104,Matchs
700,Albert Rusnák,sk SVK,"MT,AT",Seattle,28,1994,29.1,1332,1541,86.4,23394,5581,624,679,91.9,508,553,91.9,158,228,69.3,0,2.7,3.6,-2.7,37,135,31,2,179,Matchs
Clt,Joueur,Nation,Pos,Équipe,Âge,Naissance,90,Cmp,Att,Cmp%,TotDist,DistBut,Cmp,Att,Cmp%,Cmp,Att,Cmp%,Cmp,Att,Cmp%,PD,xAG,xA,A-xAG,PC,1/3,PPA,CntSR,PrgP,Matchs
701,Johnny Russell,sct SCO,AT,Sporting KC,32,1990,18.7,475,686,69.2,8504,2268,224,263,85.2,165,227,72.7,66,140,47.1,3,2.8,3.1,#ERROR!,27,44,17,2,65,Matchs
702,Jacen Russell-Rowe,ca CAN,"AT,MT",Crew,20,2002,6.0,122,168,72.6,1644,455,75,93,80.6,38,48,79.2,3,7,42.9,2,1.9,0.7,#ERROR!,12,6,13,1,27,Matchs
703,Ryan Sailor,us USA,"DF,AT",Inter Miami,24,1998,3.4,82,100,82.0,1746,669,26,31,83.9,38,42,90.5,18,27,66.7,0,0.0,0.0,0.0,1,2,0,0,3,Matchs
704,Nathan-Dylan Saliba,ca CAN,MT,CF Montréal,18,2004,19.7,598,768,77.9,10230,2498,295,353,83.6,241,287,84.0,52,82,63.4,0,0.4,1.1,-0.4,8,72,8,2,80,Matchs
705,Abdi Salim,so SOM,DF,Orlando City,21,2001,1.6,41,48,85.4,755,258,12,14,85.7,28,31,90.3,1,2,50.0,0,0.0,0.0,0.0,0,0,1,1,3,Matchs
706,Dániel Sallói,hu HUN,AT,Sporting KC,26,1996,31.9,831,1119,74.3,13241,3547,465,544,85.5,268,355,75.5,73,141,51.8,8,7.2,8.1,#ERROR!,60,54,51,16,113,Matchs
707,Gaoussou Samaké,ci CIV,"MT,DF",D.C. United,25,1997,4.0,126,169,74.6,1941,677,68,81,84.0,44,58,75.9,9,17,52.9,0,0.4,0.6,-0.4,4,4,6,5,10,Matchs
708,Ilie Sánchez,es ESP,MT,LAFC,32,1990,28.8,1392,1615,86.2,24541,8630,574,638,90.0,656,727,90.2,122,179,68.2,3,1.7,1.8,#ERROR!,21,180,19,0,164,Matchs
709,James Sands,us USA,"MT,DF",NYCFC,22,2000,24.1,1258,1416,88.8,22818,6960,511,555,92.1,594,639,93.0,135,172,78.5,0,0.2,0.6,-0.2,6,111,5,0,107,Matchs
710,William Sands,us USA,"DF,MT",Crew,22,2000,5.4,193,243,79.4,2715,681,119,144,82.6,63,76,82.9,6,11,54.5,1,0.6,0.3,#ERROR!,3,9,3,0,16,Matchs
711,Jeong Sangbin,kr KOR,"AT,MT",Minnesota Utd,20,2002,10.7,171,273,62.6,2634,839,94,118,79.7,55,93,59.1,12,40,30.0,1,2.3,1.3,-1.3,14,10,11,4,16,Matchs
712,Sergio Santos Gomes,br BRA,"AT,MT",FC Cincinnati,28,1994,10.0,165,237,69.6,2249,393,96,122,78.7,48,68,70.6,6,13,46.2,1,2.1,0.8,-1.1,11,10,3,0,22,Matchs
713,Nuno Santos,pt POR,MT,Charlotte,23,1999,2.4,93,126,73.8,1835,722,27,35,77.1,48,56,85.7,15,28,53.6,0,0.1,0.6,-0.1,1,14,6,2,22,Matchs
714,Pedro Santos,pt POR,"DF,MT",D.C. United,34,1988,16.7,530,778,68.1,8877,3706,266,324,82.1,213,296,72.0,42,117,35.9,1,0.9,1.7,#ERROR!,13,49,24,9,62,Matchs
715,Rafael Santos,br BRA,DF,Orlando City,24,1998,22.1,961,1264,76.0,16792,7041,449,499,90.0,403,499,80.8,93,205,45.4,2,1.7,2.0,#ERROR!,15,80,28,15,128,Matchs
716,C.J. Sapong,us USA,AT,Toronto FC,34,1988,14.1,161,241,66.8,2317,323,85,113,75.2,62,91,68.1,5,15,33.3,0,0.6,1.1,-0.6,9,11,6,0,26,Matchs
717,C.J. Sapong,us USA,AT,Nashville,34,1988,4.2,69,102,67.6,1038,188,39,51,76.5,27,39,69.2,3,4,75.0,0,0.0,0.2,0.0,1,5,5,1,12,Matchs
718,Hayden Sargis,us USA,DF,D.C. United,20,2002,0.2,4,6,66.7,62,23,2,3,66.7,2,2,100.0,0,1,0.0,0,0.0,0.0,0.0,0,1,0,0,0,Matchs
719,Jefferson Savarino,ve VEN,"MT,AT",RSL,26,1996,21.6,616,860,71.6,10614,3418,312,352,88.6,202,277,72.9,75,161,46.6,3,4.2,4.9,-1.2,48,75,38,12,116,Matchs
720,Rodrigo Schlegel,ar ARG,DF,Orlando City,25,1997,21.9,822,974,84.4,15432,5542,277,306,90.5,468,519,90.2,71,126,56.3,0,0.2,0.2,-0.2,3,45,0,0,46,Matchs
721,Tate Schmitt,us USA,DF,Dynamo FC,25,1997,4.4,204,258,79.1,3765,1078,94,106,88.7,84,95,88.4,24,43,55.8,0,0.4,0.4,-0.4,6,11,8,3,19,Matchs
722,Alessandro Schöpf,at AUT,MT,Vancouver W'caps,28,1994,19.7,662,762,86.9,10267,2487,373,407,91.6,230,259,88.8,43,54,79.6,0,0.6,1.4,-0.6,14,53,15,2,83,Matchs
723,Patrick Schulte,us USA,GB,Crew,21,2001,31.0,898,1134,79.2,19652,13856,282,285,98.9,452,469,96.4,160,370,43.2,1,0.1,0.0,#ERROR!,1,15,0,0,1,Matchs
724,Dante Sealy,us USA,"MT,DF",FC Dallas,19,2003,3.2,85,118,72.0,1259,426,52,62,83.9,23,36,63.9,9,16,56.3,0,0.1,0.2,-0.1,3,8,5,1,10,Matchs
725,Gabe Segal,us USA,AT,NYCFC,21,2001,4.6,91,125,72.8,1078,194,58,68,85.3,27,40,67.5,0,2,0.0,0,0.5,0.3,-0.5,5,4,3,0,6,Matchs
Clt,Joueur,Nation,Pos,Équipe,Âge,Naissance,90,Cmp,Att,Cmp%,TotDist,DistBut,Cmp,Att,Cmp%,Cmp,Att,Cmp%,Cmp,Att,Cmp%,PD,xAG,xA,A-xAG,PC,1/3,PPA,CntSR,PrgP,Matchs
726,Amar Sejdic,us USA,MT,Atlanta Utd,26,1996,11.8,428,500,85.6,7771,1605,185,200,92.5,181,203,89.2,48,67,71.6,0,0.2,0.3,-0.2,4,50,5,1,43,Matchs
727,Brandon Servania,us USA,"MT,AT",Toronto FC,23,1999,18.9,677,815,83.1,10354,3365,369,416,88.7,229,259,88.4,48,82,58.5,1,1.8,1.4,-0.8,21,67,10,2,68,Matchs
728,Jacob Shaffelburg,ca CAN,"AT,MT",Nashville,23,1999,14.6,192,343,56.0,3217,1071,108,147,73.5,57,100,57.0,24,46,52.2,1,2.5,1.3,-1.5,17,17,19,8,30,Matchs
729,Xherdan Shaqiri,ch SUI,MT,Fire,31,1991,22.8,773,1086,71.2,13498,4981,393,451,87.1,248,337,73.6,107,213,50.2,4,6.0,6.7,-2.0,39,110,52,8,162,Matchs
730,Billy Sharp,eng ENG,AT,LA Galaxy,36,1986,7.9,76,103,73.8,1002,161,46,56,82.1,23,33,69.7,3,5,60.0,1,0.5,0.5,#ERROR!,5,5,3,0,7,Matchs
731,Khiry Shelton,us USA,"AT,MT",Sporting KC,29,1993,9.4,237,306,77.5,3435,1034,143,165,86.7,78,99,78.8,10,12,83.3,0,1.4,0.7,-1.4,11,13,10,2,43,Matchs
732,Andre Shinyashiki,br BRA,"MT,AT",Charlotte,27,1995,2.1,57,80,71.3,998,229,22,27,81.5,26,34,76.5,6,12,50.0,0,0.2,0.5,-0.2,3,5,2,0,10,Matchs
733,Marcelo Silva,uy URU,DF,RSL,33,1989,16.0,671,745,90.1,13398,4330,194,213,91.1,389,420,92.6,77,96,80.2,0,0.2,0.1,-0.2,1,20,0,0,22,Matchs
734,Xande Silva,pt POR,AT,Atlanta Utd,25,1997,7.1,206,257,80.2,2708,695,124,143,86.7,54,65,83.1,11,18,61.1,2,2.0,1.9,0.0,12,9,10,1,25,Matchs
735,Jonathan Sirois,ca CAN,GB,CF Montréal,21,2001,32.1,807,1119,72.1,20321,14817,223,224,99.6,363,377,96.3,214,504,42.5,0,0.0,0.0,0.0,1,9,0,0,3,Matchs
736,Pablo Sisniega,mx MEX,GB,Charlotte,27,1995,3.0,47,69,68.1,1245,975,12,12,100.0,24,26,92.3,11,31,35.5,0,0.0,0.0,0.0,0,2,0,0,0,Matchs
737,Jack Skahan,us USA,"AT,MT",SJ Earthquakes,24,1998,4.0,89,109,81.7,1439,354,47,52,90.4,34,40,85.0,8,12,66.7,1,0.4,0.4,#ERROR!,5,9,6,1,17,Matchs
738,Brad Smith,au AUS,"DF,AT",Dynamo FC,28,1994,5.3,158,223,70.9,2620,859,85,96,88.5,59,82,72.0,14,29,48.3,2,0.9,1.0,#ERROR!,4,9,4,1,12,Matchs
739,Collin Smith,us USA,"DF,MT",FC Dallas,19,2003,1.2,20,27,74.1,273,91,13,16,81.3,7,8,87.5,0,2,0.0,0,0.0,0.0,0.0,0,1,1,0,2,Matchs
740,Kyle Smith,us USA,DF,Orlando City,31,1992,16.6,709,911,77.8,11846,4463,360,399,90.2,289,359,80.5,51,95,53.7,2,1.3,1.5,#ERROR!,11,57,15,5,68,Matchs
741,Jan Sobociński,pl POL,DF,Charlotte,23,1999,7.2,353,422,83.6,7258,2706,118,128,92.2,187,207,90.3,45,82,54.9,0,0.0,0.1,0.0,0,25,1,0,19,Matchs
742,Santiago Sosa,ar ARG,MT,Atlanta Utd,23,1999,10.2,503,591,85.1,9717,2565,200,234,85.5,209,242,86.4,79,88,89.8,1,0.2,0.3,#ERROR!,6,70,4,1,66,Matchs
743,Arnaud Souquet,fr FRA,DF,Fire,30,1992,20.3,735,957,76.8,11490,4886,381,437,87.2,293,354,82.8,43,100,43.0,3,1.2,1.7,#ERROR!,13,68,25,14,80,Matchs
744,Ryan Spaulding,us USA,DF,NE Revolution,24,1998,6.9,306,373,82.0,4634,1336,163,178,91.6,118,140,84.3,13,29,44.8,0,0.1,0.1,-0.1,3,22,1,0,21,Matchs
745,Dayne St. Clair,ca CAN,GB,Minnesota Utd,25,1997,30.0,706,929,76.0,17949,12206,130,131,99.2,404,410,98.5,171,384,44.5,1,0.1,0.1,#ERROR!,1,8,0,0,0,Matchs
746,Mason Stajduhar,us USA,GB,Orlando City,25,1997,4.0,78,114,68.4,2201,1716,21,22,95.5,25,27,92.6,31,64,48.4,1,0.0,0.0,#ERROR!,1,0,0,0,0,Matchs
747,Nicolás Stefanelli,ar ARG,"AT,MT",Inter Miami,28,1994,14.8,418,566,73.9,6388,1328,226,272,83.1,148,185,80.0,25,47,53.2,0,0.7,1.3,-0.7,15,32,9,5,46,Matchs
748,Lazar Stefanovic,ca CAN,DF,Toronto FC,16,2006,0.9,26,29,89.7,426,194,14,14,100.0,9,11,81.8,3,4,75.0,0,0.0,0.0,0.0,0,3,0,0,1,Matchs
749,Daniel Steres,us USA,DF,Dynamo FC,32,1990,20.7,820,978,83.8,15866,5834,301,336,89.6,412,458,90.0,102,165,61.8,2,1.4,1.0,#ERROR!,7,59,7,3,39,Matchs
750,Benjamin Stitz,us USA,AT,FC Cincinnati,22,2000,0.2,4,4,100.0,35,14,4,4,100.0,0,0,,0,0,,0,0.0,0.0,0.0,0,0,0,0,0,Matchs
Clt,Joueur,Nation,Pos,Équipe,Âge,Naissance,90,Cmp,Att,Cmp%,TotDist,DistBut,Cmp,Att,Cmp%,Cmp,Att,Cmp%,Cmp,Att,Cmp%,PD,xAG,xA,A-xAG,PC,1/3,PPA,CntSR,PrgP,Matchs
751,Jared Stroud,us USA,"MT,AT",St. Louis,26,1996,21.9,440,671,65.6,7380,2211,202,266,75.9,184,247,74.5,37,78,47.4,5,2.0,1.9,#ERROR!,23,35,23,13,50,Matchs
752,Peter Stroud,us USA,MT,NY Red Bulls,20,2002,11.3,391,490,79.8,5869,1411,217,244,88.9,139,168,82.7,22,41,53.7,0,0.3,0.6,-0.3,6,30,3,1,36,Matchs
753,Brad Stuver,us USA,GB,Austin,31,1991,34.0,1048,1401,74.8,25992,18962,243,245,99.2,560,568,98.6,242,577,41.9,0,0.0,0.1,0.0,0,20,0,0,4,Matchs
754,Yekeson Subah,lr LBR,AT,LAFC,18,2004,0.2,1,1,100.0,11,6,1,1,100.0,0,0,,0,0,,0,0.0,0.0,0.0,0,0,0,0,1,Matchs
755,Quinn Sullivan,us USA,"AT,MT",Philadelphia,18,2004,7.7,177,221,80.1,2463,347,110,126,87.3,51,67,76.1,8,13,61.5,1,0.7,0.6,#ERROR!,9,8,4,1,11,Matchs
756,Lawson Sunderland,us USA,"MT,AT",Inter Miami,21,2001,0.7,25,32,78.1,330,90,16,19,84.2,8,11,72.7,0,0,,0,0.0,0.0,0.0,1,1,0,0,2,Matchs
757,Sam Surridge,eng ENG,AT,Nashville,24,1998,5.5,74,112,66.1,1261,330,34,51,66.7,26,31,83.9,8,14,57.1,0,0.9,0.6,-0.9,8,7,1,0,12,Matchs
758,Erik Sviatchenko,dk DEN,DF,Dynamo FC,31,1991,15.0,559,693,80.7,11836,3805,159,179,88.8,304,341,89.1,88,157,56.1,0,0.2,0.5,-0.2,3,49,3,0,41,Matchs
759,Ben Sweat,us USA,DF,NE Revolution,31,1991,3.7,138,188,73.4,2215,903,70,79,88.6,59,75,78.7,7,27,25.9,0,0.1,0.2,-0.1,2,7,1,0,14,Matchs
760,Ben Sweat,us USA,DF,Sporting KC,31,1991,3.5,179,231,77.5,2987,1260,90,101,89.1,69,82,84.1,16,37,43.2,0,0.1,0.3,-0.1,2,23,4,1,18,Matchs
761,Karol Świderski,pl POL,"AT,MT",Charlotte,26,1997,26.8,522,763,68.4,8231,1755,282,354,79.7,176,243,72.4,39,86,45.3,4,3.7,4.7,#ERROR!,28,42,26,4,69,Matchs
762,Nkosi Tafari,us USA,DF,FC Dallas,25,1997,27.7,1322,1579,83.7,26561,10749,443,495,89.5,707,777,91.0,167,288,58.0,3,1.9,0.9,#ERROR!,7,84,3,2,85,Matchs
763,Ismael Tajouri-Shradi,ly LBY,AT,Minnesota Utd,28,1994,3.9,138,159,86.8,2073,526,83,89,93.3,40,45,88.9,10,12,83.3,2,1.1,1.0,#ERROR!,5,15,4,0,19,Matchs
764,Yohei Takaoka,jp JPN,GB,Vancouver W'caps,26,1996,33.0,702,984,71.3,19405,13480,140,141,99.3,347,347,100.0,210,488,43.0,0,0.0,0.1,0.0,0,12,1,0,0,Matchs
765,Miguel Tapias,mx MEX,DF,Minnesota Utd,26,1997,31.8,1245,1469,84.8,26230,10118,386,426,90.6,644,724,89.0,209,294,71.1,0,1.1,0.3,-1.1,4,64,3,1,92,Matchs
766,Andrew Tarbell,us USA,GB,Dynamo FC,29,1993,1.0,24,24,100.0,500,280,8,8,100.0,12,12,100.0,4,4,100.0,0,0.0,0.0,0.0,0,0,0,0,0,Matchs
767,Sidnei Tavares,pt POR,MT,Rapids,21,2001,3.3,84,104,80.8,1412,426,38,48,79.2,36,40,90.0,7,11,63.6,0,0.1,0.2,-0.1,2,11,2,0,15,Matchs
768,D.J. Taylor,us USA,DF,Minnesota Utd,25,1997,27.9,1027,1441,71.3,17736,8082,509,580,87.8,393,549,71.6,104,226,46.0,0,1.8,2.4,-1.8,22,90,38,16,130,Matchs
769,Robert Taylor,fi FIN,"AT,DF",Inter Miami,28,1994,16.2,615,791,77.7,9476,2470,355,398,89.2,210,253,83.0,38,94,40.4,5,2.2,2.4,#ERROR!,29,40,30,5,73,Matchs
770,Russell Teibert,ca CAN,MT,Vancouver W'caps,30,1992,1.7,61,73,83.6,815,140,39,42,92.9,21,26,80.8,1,2,50.0,0,0.0,0.0,0.0,0,5,0,0,3,Matchs
771,Carlos Terán,co COL,DF,Fire,22,2000,17.5,729,928,78.6,15769,5961,204,236,86.4,393,454,86.6,130,220,59.1,0,0.2,0.2,-0.2,4,34,2,1,40,Matchs
772,Dylan Teves,us USA,AT,Seattle,22,2000,4.3,124,166,74.7,1711,278,81,96,84.4,39,52,75.0,3,8,37.5,0,0.2,0.5,-0.2,1,8,1,0,13,Matchs
773,Thiago,br BRA,"AT,MT",NYCFC,22,2000,1.5,35,40,87.5,427,28,19,22,86.4,10,11,90.9,1,1,100.0,0,0.1,0.2,-0.1,3,2,0,0,0,Matchs
774,Jamal Thiaré,sn SEN,AT,Atlanta Utd,29,1993,0.6,1,9,11.1,12,11,1,4,25.0,0,3,0.0,0,0,,0,0.0,0.0,0.0,0,1,0,0,1,Matchs
775,Erik Thommy,de GER,"MT,AT",Sporting KC,28,1994,28.7,1117,1365,81.8,19716,4143,533,580,91.9,422,494,85.4,128,196,65.3,5,3.3,3.1,#ERROR!,43,106,30,5,154,Matchs
Clt,Joueur,Nation,Pos,Équipe,Âge,Naissance,90,Cmp,Att,Cmp%,TotDist,DistBut,Cmp,Att,Cmp%,Cmp,Att,Cmp%,Cmp,Att,Cmp%,PD,xAG,xA,A-xAG,PC,1/3,PPA,CntSR,PrgP,Matchs
776,Kosi Thompson,ca CAN,"MT,AT",Toronto FC,20,2003,6.5,200,237,84.4,2986,623,108,122,88.5,78,88,88.6,9,13,69.2,0,0.9,0.8,-0.9,5,21,0,0,13,Matchs
777,Tommy Thompson,us USA,"MT,DF",SJ Earthquakes,27,1995,3.9,152,175,86.9,2152,604,84,88,95.5,54,60,90.0,6,11,54.5,0,0.2,0.5,-0.2,6,9,3,1,18,Matchs
778,Timmy Tillman,de GER,MT,LAFC,24,1999,18.3,703,817,86.0,11781,3044,333,360,92.5,275,304,90.5,64,89,71.9,1,1.0,1.7,0.0,20,79,21,1,101,Matchs
779,John Tolkin,us USA,DF,NY Red Bulls,20,2002,26.4,1056,1508,70.0,19523,7755,473,555,85.2,426,569,74.9,140,316,44.3,6,4.4,4.6,#ERROR!,44,91,24,9,109,Matchs
780,Nouhou Tolo,cm CMR,DF,Seattle,25,1997,22.8,1098,1307,84.0,18609,6026,557,603,92.4,431,505,85.3,91,150,60.7,0,0.6,0.9,-0.6,9,122,9,7,116,Matchs
781,Facundo Torres,uy URU,"AT,MT",Orlando City,22,2000,26.3,831,1041,79.8,13309,3278,493,539,91.5,240,300,80.0,80,134,59.7,3,4.2,4.6,-1.2,50,78,46,13,140,Matchs
782,Jairo Torres,mx MEX,"MT,AT",Fire,22,2000,8.5,255,324,78.7,4081,1117,147,162,90.7,80,97,82.5,22,41,53.7,0,0.5,0.4,-0.5,9,20,5,3,32,Matchs
783,Joaquín Torres,ar ARG,"MT,AT",Philadelphia,26,1997,3.9,84,131,64.1,1539,469,40,50,80.0,28,38,73.7,15,29,51.7,1,0.7,0.9,#ERROR!,9,7,10,5,16,Matchs
784,Mason Toye,us USA,AT,CF Montréal,24,1998,7.5,101,154,65.6,1711,208,56,76,73.7,34,49,69.4,11,15,73.3,0,0.4,0.2,-0.4,8,2,4,0,9,Matchs
785,Wil Trapp,us USA,MT,Minnesota Utd,30,1993,26.9,1175,1389,84.6,21816,7317,495,560,88.4,511,577,88.6,150,202,74.3,0,1.5,2.4,-1.5,21,159,20,3,167,Matchs
786,Miguel Trauco,pe PER,DF,SJ Earthquakes,30,1992,22.3,1048,1343,78.0,19527,8861,496,546,90.8,406,499,81.4,135,242,55.8,0,1.3,2.4,-1.3,19,110,37,5,120,Matchs
787,Niko Tsakiris,us USA,MT,SJ Earthquakes,17,2005,6.8,316,380,83.2,4641,1089,178,201,88.6,104,116,89.7,21,34,61.8,0,0.7,0.6,-0.7,6,22,9,0,39,Matchs
788,Bill Tuiloma,nz NZL,DF,Charlotte,27,1995,15.0,694,828,83.8,13977,5635,220,250,88.0,394,432,91.2,76,131,58.0,0,0.1,0.1,-0.1,2,44,3,0,60,Matchs
789,Stephen Turnbull,us USA,"DF,MT",NYCFC,24,1998,5.4,183,247,74.1,2757,862,110,124,88.7,67,88,76.1,5,20,25.0,0,0.8,0.7,-0.8,9,11,5,1,19,Matchs
790,Ema Twumasi,gh GHA,DF,FC Dallas,25,1997,17.5,756,898,84.2,11379,3087,425,456,93.2,272,312,87.2,39,84,46.4,0,0.8,1.2,-0.8,8,38,16,7,61,Matchs
791,Marinos Tzionis,cy CYP,"AT,MT",Sporting KC,21,2001,8.1,217,272,79.8,2824,642,141,159,88.7,58,72,80.6,9,23,39.1,1,0.2,0.4,#ERROR!,3,11,9,0,26,Matchs
792,Mikael Uhre,dk DEN,AT,Philadelphia,28,1994,23.8,249,409,60.9,3380,715,147,204,72.1,75,120,62.5,7,20,35.0,4,3.3,2.7,#ERROR!,29,15,16,5,27,Matchs
793,Þorleifur Úlfarsson,is ISL,"AT,MT",Dynamo FC,22,2000,5.3,61,94,64.9,771,81,42,58,72.4,11,20,55.0,3,6,50.0,1,1.1,0.5,-0.1,10,2,3,1,6,Matchs
794,Victor Ulloa,us USA,MT,Inter Miami,30,1992,1.8,75,84,89.3,1130,334,49,54,90.7,21,23,91.3,4,6,66.7,0,0.0,0.0,0.0,1,10,0,0,9,Matchs
795,Jere Uronen,fi FIN,DF,Charlotte,28,1994,6.8,286,348,82.2,4545,1523,163,176,92.6,102,119,85.7,17,41,41.5,0,0.3,1.0,-0.3,3,29,1,0,34,Matchs
796,Maximiliano Urruti,ar ARG,AT,Austin,31,1991,10.8,95,130,73.1,1446,318,53,64,82.8,28,37,75.7,8,16,50.0,0,0.2,0.8,-0.2,7,7,9,0,16,Matchs
797,Júnior Urso,br BRA,"MT,AT",Orlando City,33,1989,2.8,90,116,77.6,1287,164,59,66,89.4,25,30,83.3,4,8,50.0,0,0.0,0.1,0.0,0,3,0,0,2,Matchs
798,Leo Väisänen,fi FIN,DF,Austin,25,1997,19.6,1011,1152,87.8,19001,7335,363,407,89.2,542,590,91.9,93,136,68.4,1,0.5,0.6,#ERROR!,6,40,6,2,54,Matchs
799,Jhojan Valencia,co COL,MT,Austin,26,1996,15.9,648,743,87.2,11760,2969,278,304,91.4,286,310,92.3,72,96,75.0,1,0.5,0.7,#ERROR!,7,49,4,1,63,Matchs
800,Zarek Valentin,pr PUR,DF,Minnesota Utd,31,1991,14.7,481,672,71.6,9045,3896,197,211,93.4,217,307,70.7,62,124,50.0,2,1.1,1.2,#ERROR!,10,52,10,3,52,Matchs
Clt,Joueur,Nation,Pos,Équipe,Âge,Naissance,90,Cmp,Att,Cmp%,TotDist,DistBut,Cmp,Att,Cmp%,Cmp,Att,Cmp%,Cmp,Att,Cmp%,PD,xAG,xA,A-xAG,PC,1/3,PPA,CntSR,PrgP,Matchs
801,Gerardo Valenzuela,us USA,MT,FC Cincinnati,18,2004,0.1,4,5,80.0,32,0,4,4,100.0,0,0,,0,0,,0,0.0,0.0,0.0,0,0,0,0,0,Matchs
802,Gustavo Vallecilla,ec ECU,DF,Crew,23,1999,9.4,507,615,82.4,9139,3691,203,224,90.6,265,302,87.7,37,75,49.3,0,0.0,0.3,0.0,1,68,2,1,60,Matchs
803,Dante Vanzeir,be BEL,"AT,MT",NY Red Bulls,24,1998,8.3,102,174,58.6,1491,369,52,66,78.8,34,59,57.6,10,18,55.6,1,1.3,1.2,-0.3,13,10,14,3,16,Matchs
804,Kerwin Vargas,co COL,"AT,MT",Charlotte,21,2002,16.5,528,716,73.7,8401,2623,288,324,88.9,183,238,76.9,42,115,36.5,3,3.6,3.4,-0.6,27,35,35,19,65,Matchs
805,Marlon Vargas,sv SLV,MT,Rapids,22,2001,0.1,6,9,66.7,97,21,4,4,100.0,2,3,66.7,0,0,,0,0.0,0.0,0.0,0,0,0,0,0,Matchs
806,Obed Vargas,us USA,MT,Seattle,17,2005,14.7,617,708,87.1,9556,2327,332,361,92.0,231,256,90.2,39,49,79.6,1,0.6,0.7,#ERROR!,6,48,4,1,66,Matchs
807,Indiana Vassilev,us USA,MT,St. Louis,21,2001,23.5,570,786,72.5,9987,3215,278,328,84.8,210,274,76.6,69,141,48.9,4,2.6,2.8,#ERROR!,38,65,24,6,89,Matchs
808,Brandon Vazquez,us USA,AT,FC Cincinnati,24,1998,26.4,426,613,69.5,6514,1163,247,313,78.9,120,172,69.8,34,51,66.7,2,3.1,1.5,-1.1,21,21,18,2,46,Matchs
809,Víctor Vázquez,es ESP,"MT,AT",Toronto FC,36,1987,2.7,186,212,87.7,3220,1046,77,80,96.3,70,76,92.1,25,37,67.6,0,0.1,0.5,-0.1,3,20,4,0,21,Matchs
810,Carlos Vela,mx MEX,AT,LAFC,33,1989,23.0,677,939,72.1,12536,4681,271,326,83.1,293,356,82.3,90,187,48.1,7,5.6,5.6,#ERROR!,67,80,66,8,165,Matchs
811,Alan Velasco,ar ARG,"AT,MT",FC Dallas,20,2002,25.1,703,925,76.0,12223,2967,343,386,88.9,239,303,78.9,95,163,58.3,2,2.9,3.7,-0.9,34,70,21,5,93,Matchs
812,Brayan Vera,co COL,DF,RSL,24,1999,22.7,921,1160,79.4,20511,8819,268,302,88.7,460,523,88.0,188,313,60.1,1,0.6,0.6,#ERROR!,14,84,9,3,76,Matchs
813,Ranko Veselinović,rs SRB,DF,Vancouver W'caps,23,1999,31.4,1506,1714,87.9,31278,10621,337,371,90.8,1018,1065,95.6,141,247,57.1,2,1.3,1.3,#ERROR!,7,78,6,0,82,Matchs
814,Jules-Anthony Vilsaint,ca CAN,AT,CF Montréal,20,2003,4.6,43,67,64.2,736,178,18,25,72.0,18,28,64.3,5,8,62.5,1,0.5,0.2,#ERROR!,4,5,3,0,9,Matchs
815,Pedro Vite,ec ECU,"MT,AT",Vancouver W'caps,20,2002,23.9,944,1145,82.4,15981,5552,467,515,90.7,371,427,86.9,84,133,63.2,0,2.8,4.5,-2.8,29,120,42,8,171,Matchs
816,Gino Vivi,cr CRC,"MT,DF",LA Galaxy,22,2000,0.9,35,40,87.5,403,44,24,25,96.0,9,12,75.0,0,0,,0,0.0,0.0,0.0,1,0,0,0,1,Matchs
817,Robert Voloder,ba BIH,DF,Sporting KC,21,2001,11.4,561,681,82.4,11207,3142,172,194,88.7,311,356,87.4,75,116,64.7,0,0.0,0.1,0.0,0,32,0,0,33,Matchs
818,Giacomo Vrioni,al ALB,AT,NE Revolution,24,1998,14.6,147,206,71.4,2392,328,77,101,76.2,52,69,75.4,14,16,87.5,1,0.4,0.3,#ERROR!,8,6,4,0,16,Matchs
819,Kai Wagner,de GER,DF,Philadelphia,25,1997,27.1,1159,1677,69.1,23278,9341,445,521,85.4,505,647,78.1,194,446,43.5,7,7.1,6.6,-0.1,70,93,39,18,103,Matchs
820,Rémi Walter,fr FRA,MT,Sporting KC,27,1995,30.4,1306,1443,90.5,24265,5049,597,638,93.6,529,569,93.0,164,191,85.9,2,0.8,1.4,#ERROR!,18,148,12,4,158,Matchs
821,Victor Wanyama,ke KEN,MT,CF Montréal,31,1991,19.9,699,850,82.2,12641,3471,304,345,88.1,317,353,89.8,74,129,57.4,0,0.3,0.5,-0.3,10,78,2,0,89,Matchs
822,Taylor Washington,us USA,"DF,MT",Nashville,29,1993,5.4,207,260,79.6,3245,1065,110,127,86.6,88,107,82.2,8,19,42.1,0,0.0,0.2,0.0,0,11,3,2,18,Matchs
823,Joel Waterman,ca CAN,DF,CF Montréal,27,1996,26.4,1473,1716,85.8,31675,13067,427,464,92.0,788,853,92.4,251,362,69.3,1,0.9,1.1,#ERROR!,5,118,7,1,130,Matchs
824,Akil Watts,us USA,"DF,MT",St. Louis,22,2000,9.8,293,403,72.7,4559,1719,147,173,85.0,116,146,79.5,16,52,30.8,1,0.7,0.6,#ERROR!,9,31,6,3,32,Matchs
825,Quentin Westberg,us USA,GB,Atlanta Utd,36,1986,5.5,178,202,88.1,4190,2668,37,37,100.0,103,106,97.2,38,59,64.4,0,0.0,0.0,0.0,0,1,0,0,0,Matchs
Clt,Joueur,Nation,Pos,Équipe,Âge,Naissance,90,Cmp,Att,Cmp%,TotDist,DistBut,Cmp,Att,Cmp%,Cmp,Att,Cmp%,Cmp,Att,Cmp%,PD,xAG,xA,A-xAG,PC,1/3,PPA,CntSR,PrgP,Matchs
826,Ashley Westwood,eng ENG,MT,Charlotte,32,1990,28.1,1333,1660,80.3,22952,7751,631,679,92.9,548,641,85.5,129,280,46.1,2,3.1,4.0,-1.1,35,160,43,7,220,Matchs
827,Brian White,us USA,AT,Vancouver W'caps,26,1996,28.2,399,571,69.9,5299,768,253,326,77.6,111,153,72.5,14,23,60.9,4,4.5,3.1,-0.5,36,22,12,0,39,Matchs
828,Caleb Wiley,us USA,"DF,AT",Atlanta Utd,18,2004,25.9,982,1219,80.6,14582,5063,545,613,88.9,347,402,86.3,49,102,48.0,3,2.2,1.8,#ERROR!,21,53,21,5,81,Matchs
829,Derrick Williams,ie IRL,DF,D.C. United,30,1993,20.5,910,1077,84.5,18520,7270,271,303,89.4,516,565,91.3,117,191,61.3,0,0.4,0.6,-0.4,6,74,6,0,67,Matchs
830,Eryk Williamson,us USA,MT,Portland Timbers,25,1997,5.9,167,230,72.6,2876,1104,80,93,86.0,56,71,78.9,21,35,60.0,1,0.5,0.5,#ERROR!,8,21,7,0,31,Matchs
831,Joe Willis,us USA,GB,Nashville,34,1988,32.0,634,966,65.6,19276,14866,120,120,100.0,245,249,98.4,266,587,45.3,0,0.0,0.1,0.0,0,19,0,0,1,Matchs
832,Danny Wilson,sct SCO,DF,Rapids,31,1991,25.7,1011,1276,79.2,22608,9724,271,293,92.5,545,595,91.6,191,366,52.2,1,1.0,0.8,0.0,6,80,8,1,78,Matchs
833,Owen Wolff,us USA,MT,Austin,18,2004,20.9,588,717,82.0,10289,2795,266,299,89.0,264,302,87.4,50,73,68.5,2,0.9,1.3,#ERROR!,15,70,10,3,78,Matchs
834,Tyler Wolff,us USA,"AT,MT",Atlanta Utd,19,2003,7.2,176,200,88.0,2735,673,94,104,90.4,64,70,91.4,10,12,83.3,1,0.8,0.5,#ERROR!,6,12,5,2,24,Matchs
835,Bobby Wood,us USA,AT,NE Revolution,30,1992,16.5,203,287,70.7,2583,357,120,151,79.5,67,88,76.1,3,9,33.3,5,0.9,0.7,#ERROR!,11,18,1,0,22,Matchs
836,Karifa Yao,ca CAN,MT,Vancouver W'caps,22,2000,0.0,0,0,,0,0,0,0,,0,0,,0,0,,0,0.0,0.0,0.0,0,0,0,0,0,Matchs
837,Darren Yapi,us USA,"AT,MT",Rapids,18,2004,9.9,112,175,64.0,1588,284,56,85,65.9,39,53,73.6,6,12,50.0,1,1.6,0.6,-0.6,10,5,5,1,9,Matchs
838,William Yarbrough,us USA,GB,Rapids,33,1989,20.0,484,656,73.8,12180,8394,125,125,100.0,209,211,99.1,146,311,46.9,0,0.0,0.0,0.0,0,6,0,0,1,Matchs
839,Joshua Yaro,gh GHA,DF,St. Louis,28,1994,10.1,345,419,82.3,6851,2518,97,108,89.8,215,236,91.1,31,63,49.2,0,0.1,0.1,-0.1,2,27,0,0,29,Matchs
840,Dru Yearwood,eng ENG,MT,NY Red Bulls,22,2000,9.2,196,307,63.8,3660,1196,85,116,73.3,80,115,69.6,27,55,49.1,0,1.1,0.7,-1.1,10,35,8,2,40,Matchs
841,Yaw Yeboah,gh GHA,"DF,MT",Crew,25,1997,22.0,855,1054,81.1,13072,3602,485,552,87.9,312,369,84.6,40,66,60.6,4,4.4,4.1,-0.4,36,53,27,10,83,Matchs
842,DeAndre Yedlin,us USA,DF,Inter Miami,29,1993,25.8,1124,1382,81.3,17861,5655,572,638,89.7,468,557,84.0,60,116,51.7,2,1.0,1.7,#ERROR!,13,56,18,6,79,Matchs
843,Maya Yoshida,jp JPN,DF,LA Galaxy,34,1988,12.0,671,739,90.8,12317,4886,252,265,95.1,369,392,94.1,48,75,64.0,1,0.1,0.1,#ERROR!,2,17,0,0,23,Matchs
844,Jackson Yueill,us USA,MT,SJ Earthquakes,25,1997,30.2,1620,1848,87.7,26557,10223,807,867,93.1,645,703,91.7,120,190,63.2,4,2.2,2.4,#ERROR!,29,211,25,3,221,Matchs
845,Gyasi Zardes,us USA,AT,Austin,31,1991,16.3,185,258,71.7,2551,445,103,123,83.7,58,89,65.2,10,18,55.6,2,1.8,1.6,#ERROR!,13,11,3,0,27,Matchs
846,Eriq Zavaleta,sv SLV,DF,LA Galaxy,30,1992,5.4,256,286,89.5,4612,1361,99,106,93.4,140,151,92.7,16,27,59.3,0,0.0,0.1,0.0,0,6,0,0,9,Matchs
847,Sean Zawadzki,us USA,"DF,MT",Crew,22,2000,17.5,925,1034,89.5,15397,5520,424,457,92.8,432,464,93.1,54,82,65.9,0,0.2,0.4,-0.2,5,83,2,0,78,Matchs
848,Lucas Zelarayán,am ARM,"MT,AT",Crew,30,1992,18.9,752,1008,74.6,13885,4475,359,411,87.3,251,310,81.0,124,221,56.1,6,5.1,5.3,#ERROR!,55,110,43,11,175,Matchs
849,Walker Zimmerman,us USA,DF,Nashville,29,1993,20.5,899,1065,84.4,19034,7275,237,274,86.5,542,596,90.9,117,176,66.5,1,1.4,1.0,-0.4,9,47,1,0,43,Matchs
850,Rida Zouhir,ca CAN,"MT,AT",CF Montréal,19,2003,2.5,77,97,79.4,1370,188,32,35,91.4,37,42,88.1,6,14,42.9,0,0.1,0.1,-0.1,1,5,2,1,5,Matchs
Clt,Joueur,Nation,Pos,Équipe,Âge,Naissance,90,Cmp,Att,Cmp%,TotDist,DistBut,Cmp,Att,Cmp%,Cmp,Att,Cmp%,Cmp,Att,Cmp%,PD,xAG,xA,A-xAG,PC,1/3,PPA,CntSR,PrgP,Matchs
851,Ethan Zubak,us USA,AT,Nashville,24,1998,1.6,36,56,64.3,485,113,18,23,78.3,14,23,60.9,0,1,0.0,0,0.1,0.1,-0.1,2,3,1,0,4,Matchs
852,Dario Župarić,ba BIH,DF,Portland Timbers,30,1992,31.0,983,1228,80.0,21314,7234,271,309,87.7,528,622,84.9,177,271,65.3,1,0.3,0.3,#ERROR!,5,58,2,0,75,Matchs
853,Graham Zusi,us USA,DF,Sporting KC,36,1986,9.6,492,667,73.8,9694,3821,183,210,87.1,236,291,81.1,69,145,47.6,1,1.3,1.5,-0.3,12,68,14,5,66,Matchs
854,Nökkvi Þórisson,is ISL,"AT,MT",St. Louis,23,1999,3.0,57,76,75.0,805,172,36,42,85.7,19,21,90.5,1,7,14.3,0,0.0,0.1,0.0,2,3,2,0,5,Matchs
855,Róbert Þorkelsson,is ISL,DF,CF Montréal,20,2002,2.5,110,131,84.0,1816,734,47,53,88.7,55,64,85.9,5,11,45.5,0,0.0,0.0,0.0,0,8,0,0,10,Matchs
Clt,Joueur,Nation,Pos,Équipe,Âge,Naissance,90,Cmp,Att,Cmp%,TotDist,DistBut,Cmp,Att,Cmp%,Cmp,Att,Cmp%,Cmp,Att,Cmp%,PD,xAG,xA,A-xAG,PC,1/3,PPA,CntSR,PrgP,Matchs
1,Max Aarons,eng ENG,DF,Norwich City,22,2000,42.8,2008,2536,79.2,32036,10126,1019,1111,91.7,827,1012,81.7,113,251,45.0,3,2.4,2.7,#ERROR!,40,120,57,23,201,Matchs
2,Thelo Aasgaard,no NOR,"AT,MT",Wigan Athletic,20,2002,17.6,399,507,78.7,6856,940,200,231,86.6,148,175,84.6,42,63,66.7,1,0.7,0.9,#ERROR!,8,23,6,2,41,Matchs
3,Nelson Abbey,eng ENG,DF,Reading,18,2003,0.2,6,9,66.7,81,41,4,4,100.0,2,4,50.0,0,1,0.0,0,0.0,0.0,0.0,0,1,0,0,2,Matchs
4,Kelvin Abrefa,eng ENG,"MT,DF",Reading,18,2003,1.4,20,36,55.6,356,158,9,14,64.3,8,11,72.7,3,8,37.5,0,0.1,0.1,-0.1,2,1,2,1,4,Matchs
5,Finlay Adair,eng ENG,"AT,MT",Preston,17,2005,0.7,3,8,37.5,42,2,2,5,40.0,1,2,50.0,0,1,0.0,0,0.0,0.0,0.0,0,0,0,0,0,Matchs
6,Elijah Adebayo,eng ENG,AT,Luton Town,24,1998,35.7,388,625,62.1,5033,1225,254,367,69.2,97,158,61.4,10,14,71.4,3,3.8,3.3,-0.8,30,35,21,3,63,Matchs
7,Toby Adeyemo,eng ENG,"MT,AT",Watford,17,2005,1.1,9,15,60.0,89,19,6,8,75.0,2,3,66.7,0,1,0.0,0,0.2,0.1,-0.2,2,0,1,0,1,Matchs
8,Albert Adomah,gh GHA,"AT,MT",QPR,34,1987,14.1,250,423,59.1,3890,1400,132,170,77.6,81,134,60.4,23,75,30.7,0,2.2,2.9,-2.2,27,17,20,13,31,Matchs
9,Michael Adu-Poku,eng ENG,AT,Watford,16,2005,0.1,0,1,0.0,0,0,0,1,0.0,0,0,,0,0,,0,0.0,0.0,0.0,0,0,0,0,0,Matchs
10,Benik Afobe,cd COD,AT,Millwall,29,1993,10.3,127,192,66.1,1576,331,86,116,74.1,27,45,60.0,5,10,50.0,1,0.4,0.3,#ERROR!,8,9,2,0,10,Matchs
11,Anel Ahmedhodžić,ba BIH,DF,Sheffield Utd,23,1999,31.8,992,1334,74.4,16654,5439,487,568,85.7,382,495,77.2,96,190,50.5,2,2.6,2.5,-0.6,20,79,14,4,100,Matchs
12,Semi Ajayi,ng NGA,DF,West Brom,28,1993,16.2,743,890,83.5,16006,5311,177,206,85.9,459,504,91.1,102,168,60.7,0,0.3,0.1,-0.3,4,50,2,0,52,Matchs
13,Chuba Akpom,eng ENG,"MT,AT",Middlesbrough,26,1995,34.5,566,705,80.3,8654,1921,325,378,86.0,176,218,80.7,46,61,75.4,2,1.9,2.0,#ERROR!,23,75,18,0,98,Matchs
14,Marc Albrighton,eng ENG,"AT,MT",West Brom,32,1989,7.5,183,292,62.7,3264,1424,87,116,75.0,66,98,67.3,24,52,46.2,0,1.4,1.2,-1.4,11,25,18,7,34,Matchs
15,Ajibola Alese,eng ENG,DF,Sunderland,21,2001,15.6,589,759,77.6,9149,3661,309,346,89.3,235,305,77.0,30,72,41.7,0,0.8,0.6,-0.8,11,44,7,3,58,Matchs
16,Jamie Allen,eng ENG,MT,Coventry City,27,1995,31.3,757,939,80.6,10807,2985,448,521,86.0,240,287,83.6,27,46,58.7,2,2.8,2.3,-0.8,28,93,14,3,97,Matchs
17,Joe Allen,wls WAL,MT,Swansea City,32,1990,13.7,664,781,85.0,10224,2442,347,376,92.3,261,293,89.1,28,66,42.4,1,0.9,1.0,#ERROR!,13,56,3,0,66,Matchs
18,Ryan Allsop,eng ENG,GB,Cardiff City,30,1992,42.7,997,1715,58.1,32288,24780,193,195,99.0,389,397,98.0,412,1118,36.9,0,0.0,0.2,0.0,2,79,1,0,1,Matchs
19,Jak Alnwick,eng ENG,GB,Cardiff City,29,1993,3.3,42,115,36.5,1889,1587,3,3,100.0,11,11,100.0,28,99,28.3,0,0.0,0.0,0.0,0,4,0,0,0,Matchs
20,Jordan Amissah,gh GHA,GB,Sheffield Utd,20,2001,0.1,2,8,25.0,29,11,1,1,100.0,1,1,100.0,0,6,0.0,0,0.0,0.0,0.0,0,0,0,0,0,Matchs
21,Ben Amos,eng ENG,GB,Wigan Athletic,32,1990,28.6,541,893,60.6,17101,13462,136,137,99.3,157,162,96.9,230,575,40.0,0,0.0,0.1,0.0,0,22,0,0,0,Matchs
22,Luke Amos,eng ENG,"MT,AT",QPR,25,1997,9.9,238,323,73.7,3648,1057,130,152,85.5,86,112,76.8,14,34,41.2,0,0.8,0.6,-0.8,4,23,3,0,37,Matchs
23,Joe Anderson,eng ENG,"DF,MT",Sunderland,21,2001,0.5,25,29,86.2,402,198,15,16,93.8,8,10,80.0,2,3,66.7,0,0.0,0.0,0.0,0,2,0,0,2,Matchs
24,Keshi Anderson,eng ENG,MT,Blackpool,27,1995,4.8,182,223,81.6,3075,897,84,101,83.2,74,90,82.2,18,21,85.7,2,0.6,0.5,#ERROR!,9,18,10,0,32,Matchs
25,Ryan Andrews,eng ENG,DF,Watford,17,2004,5.4,175,261,67.0,2842,945,82,95,86.3,73,107,68.2,13,41,31.7,0,0.2,0.3,-0.2,2,14,2,1,18,Matchs
Clt,Joueur,Nation,Pos,Équipe,Âge,Naissance,90,Cmp,Att,Cmp%,TotDist,DistBut,Cmp,Att,Cmp%,Cmp,Att,Cmp%,Cmp,Att,Cmp%,PD,xAG,xA,A-xAG,PC,1/3,PPA,CntSR,PrgP,Matchs
26,Faustino Anjorin,eng ENG,"MT,AT",Huddersfield,20,2001,4.9,103,136,75.7,1622,385,54,62,87.1,35,44,79.5,8,16,50.0,0,0.0,0.1,0.0,2,14,2,0,13,Matchs
27,Robert Apter,sct SCO,MT,Blackpool,19,2003,0.2,8,11,72.7,115,14,4,5,80.0,4,4,100.0,0,0,,0,0.0,0.0,0.0,1,1,0,0,0,Matchs
28,Henrique Araújo,pt POR,AT,Watford,20,2002,3.8,51,75,68.0,614,86,35,47,74.5,14,16,87.5,0,0,,1,1.1,0.8,-0.1,3,4,0,0,5,Matchs
29,Oliver Arblaster,eng ENG,MT,Sheffield Utd,18,2004,0.8,28,35,80.0,436,142,15,18,83.3,10,12,83.3,1,1,100.0,0,0.0,0.0,0.0,0,2,1,0,6,Matchs
30,Cameron Archer,eng ENG,AT,Middlesbrough,21,2001,15.2,261,324,80.6,3176,418,179,214,83.6,67,73,91.8,4,5,80.0,6,4.3,3.7,#ERROR!,25,11,8,0,19,Matchs
31,Sinclair Armstrong,ie IRL,"AT,MT",QPR,19,2003,6.1,74,102,72.5,1154,67,36,51,70.6,21,27,77.8,9,9,100.0,0,0.1,0.2,-0.1,4,2,1,0,2,Matchs
32,Yaser Asprilla,co COL,"MT,AT",Watford,18,2003,16.7,426,582,73.2,6649,1973,233,300,77.7,127,169,75.1,40,65,61.5,2,2.9,2.4,-0.9,25,40,17,4,54,Matchs
33,Britt Assombalonga,cd COD,"AT,MT",Watford,29,1992,2.1,13,21,61.9,141,46,8,11,72.7,3,3,100.0,0,0,,0,0.1,0.0,-0.1,2,0,1,0,2,Matchs
34,Robert Atkinson,eng ENG,DF,Bristol City,24,1998,23.8,818,1090,75.0,13769,5496,374,473,79.1,367,456,80.5,60,117,51.3,1,0.6,0.5,#ERROR!,7,60,9,3,78,Matchs
35,Daniel Ayala,es ESP,DF,Blackburn,31,1990,22.0,1035,1188,87.1,21424,7261,288,320,90.0,594,653,91.0,144,192,75.0,1,0.3,0.2,#ERROR!,2,15,1,0,22,Matchs
36,Femi Azeez,eng ENG,"MT,AT",Reading,21,2001,7.3,137,233,58.8,2735,814,71,91,78.0,37,61,60.7,28,61,45.9,2,0.8,1.2,#ERROR!,13,11,4,3,9,Matchs
37,Miguel Azeez,eng ENG,MT,Wigan Athletic,19,2002,1.2,39,50,78.0,650,87,17,19,89.5,13,18,72.2,6,10,60.0,0,0.1,0.0,-0.1,2,1,0,0,2,Matchs
38,Abdoullah Ba,fr FRA,"MT,AT",Sunderland,19,2003,8.9,254,325,78.2,3854,993,134,152,88.2,88,111,79.3,16,26,61.5,1,0.6,0.6,#ERROR!,12,24,8,3,39,Matchs
39,Daniel Bachmann,at AUT,GB,Watford,28,1994,45.0,943,1362,69.2,23964,16364,240,243,98.8,449,453,99.1,245,650,37.7,0,0.2,0.1,-0.2,1,16,0,0,0,Matchs
40,Juninho Bacuna,cw CUW,MT,Birmingham City,24,1997,32.2,681,1094,62.2,12768,5109,309,392,78.8,226,336,67.3,118,275,42.9,6,5.1,5.4,#ERROR!,45,107,32,12,123,Matchs
41,Leandro Bacuna,cw CUW,MT,Watford,30,1991,8.8,225,283,79.5,4239,1212,87,108,80.6,112,127,88.2,24,40,60.0,0,0.2,0.2,-0.2,3,10,2,0,23,Matchs
42,Joel Bagan,ie IRL,DF,Cardiff City,22,2000,0.1,0,1,0.0,0,0,0,0,,0,0,,0,1,0.0,0,0.0,0.0,0.0,0,0,0,0,0,Matchs
43,Lewis Baker,eng ENG,MT,Stoke City,27,1995,30.7,930,1218,76.4,17107,4971,400,446,89.7,376,452,83.2,117,253,46.2,5,2.2,3.9,#ERROR!,34,91,19,5,116,Matchs
44,George Baldock,gr GRE,DF,Sheffield Utd,29,1993,32.0,1029,1383,74.4,14943,5788,636,714,89.1,291,406,71.7,68,153,44.4,3,3.3,3.5,-0.3,30,80,43,14,116,Matchs
45,Daniel Ballard,nir NIR,DF,Sunderland,22,1999,17.9,712,883,80.6,12910,5789,285,316,90.2,355,404,87.9,61,133,45.9,1,0.5,0.3,#ERROR!,4,54,0,0,53,Matchs
46,Leon Balogun,ng NGA,DF,QPR,34,1988,13.7,378,511,74.0,7337,2823,120,146,82.2,212,253,83.8,42,89,47.2,0,0.0,0.1,0.0,0,12,1,0,19,Matchs
47,Daniel Barlaser,tr TUR,MT,Rotherham Utd,25,1997,26.9,978,1397,70.0,18276,7446,424,501,84.6,386,519,74.4,149,319,46.7,7,6.1,5.6,#ERROR!,48,135,41,10,169,Matchs
48,Daniel Barlaser,tr TUR,MT,Middlesbrough,25,1997,4.6,381,459,83.0,5807,1985,208,223,93.3,121,150,80.7,30,53,56.6,1,0.5,0.8,#ERROR!,6,39,9,1,44,Matchs
49,Ashley Barnes,eng ENG,"AT,MT",Burnley,32,1989,21.2,291,450,64.7,4763,961,148,203,72.9,108,158,68.4,22,41,53.7,3,2.4,1.2,#ERROR!,24,28,11,0,44,Matchs
50,Kyle Bartley,eng ENG,DF,West Brom,31,1991,7.4,318,410,77.6,6086,1799,93,114,81.6,196,221,88.7,25,64,39.1,0,0.0,0.1,0.0,0,11,0,0,15,Matchs
Clt,Joueur,Nation,Pos,Équipe,Âge,Naissance,90,Cmp,Att,Cmp%,TotDist,DistBut,Cmp,Att,Cmp%,Cmp,Att,Cmp%,Cmp,Att,Cmp%,PD,xAG,xA,A-xAG,PC,1/3,PPA,CntSR,PrgP,Matchs
51,Chris Basham,eng ENG,DF,Sheffield Utd,34,1988,19.3,766,995,77.0,13112,5152,362,415,87.2,328,403,81.4,65,142,45.8,2,0.9,1.0,#ERROR!,10,56,8,4,73,Matchs
52,Samuel Bastien,cd COD,"MT,AT",Burnley,25,1996,6.1,229,260,88.1,3543,599,114,123,92.7,90,98,91.8,13,17,76.5,1,0.5,0.4,#ERROR!,5,21,5,0,24,Matchs
53,Danny Batth,eng ENG,DF,Sunderland,31,1990,38.5,1485,1836,80.9,30702,11170,390,449,86.9,907,1042,87.0,177,308,57.5,1,0.5,0.4,#ERROR!,2,30,0,0,52,Matchs
54,Patrick Bauer,de GER,DF,Preston,29,1992,3.9,141,170,82.9,3030,1046,32,36,88.9,87,101,86.1,21,29,72.4,0,0.0,0.1,0.0,2,5,1,0,7,Matchs
55,Nathan Baxter,eng ENG,GB,Hull City,23,1998,12.0,320,434,73.7,7727,5288,76,76,100.0,184,185,99.5,59,170,34.7,0,0.0,0.0,0.0,0,6,0,0,0,Matchs
56,Jake Beesley,eng ENG,"MT,AT",Blackpool,25,1996,2.2,31,52,59.6,385,77,21,34,61.8,8,14,57.1,0,0,,0,0.0,0.1,0.0,2,3,0,0,4,Matchs
57,Amari'i Bell,jm JAM,DF,Luton Town,28,1994,42.9,1251,1792,69.8,21668,9707,626,752,83.2,492,697,70.6,112,251,44.6,1,2.5,3.2,-1.5,29,148,44,14,209,Matchs
58,Sam Bell,eng ENG,AT,Bristol City,20,2002,12.8,142,227,62.6,1748,455,94,132,71.2,35,57,61.4,2,9,22.2,1,2.0,2.6,-1.0,8,8,7,4,20,Matchs
59,Jobe Bellingham,eng ENG,"MT,AT",Birmingham City,16,2005,6.8,151,192,78.6,2385,405,76,92,82.6,68,81,84.0,5,10,50.0,0,0.3,0.1,-0.3,7,21,1,0,12,Matchs
60,Steven Benda,de GER,GB,Swansea City,23,1998,20.7,479,650,73.7,10793,7976,150,150,100.0,233,240,97.1,88,247,35.6,0,0.0,0.0,0.0,1,8,0,0,0,Matchs
61,Joe Bennett,eng ENG,DF,Wigan Athletic,32,1990,8.3,395,494,80.0,6263,2255,222,243,91.4,136,161,84.5,29,69,42.0,0,0.4,0.5,-0.4,7,17,6,5,26,Matchs
62,Mason Bennett,eng ENG,AT,Millwall,26,1996,6.3,95,166,57.2,1181,396,66,88,75.0,21,41,51.2,5,12,41.7,1,1.8,1.3,-0.8,10,9,6,3,15,Matchs
63,Jewison Bennette,cr CRC,"AT,MT",Sunderland,18,2004,2.8,72,93,77.4,1120,162,34,39,87.2,27,33,81.8,5,6,83.3,1,0.2,0.5,#ERROR!,3,3,4,3,3,Matchs
64,Daniel Bentley,eng ENG,GB,Bristol City,29,1993,13.0,233,432,53.9,7702,6321,45,45,100.0,78,79,98.7,108,305,35.4,0,0.0,0.0,0.0,0,6,0,0,1,Matchs
65,Jóhann Berg Guðmundsson,is ISL,"MT,AT",Burnley,31,1990,21.8,659,855,77.1,11826,2859,291,333,87.4,269,320,84.1,82,153,53.6,6,5.3,4.3,#ERROR!,48,46,16,9,83,Matchs
66,Sander Berge,no NOR,MT,Sheffield Utd,24,1998,34.5,1089,1402,77.7,18707,4640,515,619,83.2,438,522,83.9,104,154,67.5,5,5.7,4.1,-0.7,39,121,50,8,158,Matchs
67,Luke Berry,eng ENG,MT,Luton Town,30,1992,7.5,111,176,63.1,1786,569,60,84,71.4,37,58,63.8,9,17,52.9,0,0.2,0.2,-0.2,4,13,1,0,20,Matchs
68,Jordan Beyer,de GER,DF,Burnley,22,2000,28.1,2075,2269,91.4,40048,10293,633,678,93.4,1233,1297,95.1,200,256,78.1,2,1.5,0.6,#ERROR!,8,96,2,0,107,Matchs
69,Bartosz Białkowski,pl POL,GB,Millwall,35,1987,10.0,147,269,54.6,5938,5202,18,19,94.7,32,34,94.1,95,214,44.4,0,0.0,0.0,0.0,0,9,0,0,0,Matchs
70,Jake Bidwell,eng ENG,DF,Coventry City,29,1993,38.7,1198,1691,70.8,18253,7140,711,826,86.1,383,579,66.1,80,209,38.3,4,2.5,3.4,#ERROR!,36,79,26,16,97,Matchs
71,Krystian Bielik,pl POL,MT,Birmingham City,24,1998,32.3,982,1236,79.4,17240,4783,444,546,81.3,399,472,84.5,102,138,73.9,1,1.4,2.0,-0.4,14,106,10,1,123,Matchs
72,Nicholas Bilokapic,au AUS,GB,Huddersfield,19,2002,5.3,78,175,44.6,2626,2106,10,10,100.0,29,32,90.6,39,133,29.3,1,0.1,0.0,#ERROR!,1,2,0,0,0,Matchs
73,Tyler Blackett,eng ENG,DF,Rotherham Utd,28,1994,3.5,66,108,61.1,1524,665,18,25,72.0,32,42,76.2,16,39,41.0,0,0.1,0.1,-0.1,1,9,2,1,12,Matchs
74,Adrian Blake,eng ENG,MT,Watford,17,2005,0.1,2,2,100.0,50,22,0,0,,2,2,100.0,0,0,,0,0.0,0.0,0.0,0,0,0,0,1,Matchs
75,Jayden Bogle,eng ENG,DF,Sheffield Utd,22,2000,15.4,477,709,67.3,7266,3026,274,335,81.8,165,244,67.6,28,83,33.7,1,2.0,2.5,-1.0,14,43,26,6,71,Matchs
Clt,Joueur,Nation,Pos,Équipe,Âge,Naissance,90,Cmp,Att,Cmp%,TotDist,DistBut,Cmp,Att,Cmp%,Cmp,Att,Cmp%,Cmp,Att,Cmp%,PD,xAG,xA,A-xAG,PC,1/3,PPA,CntSR,PrgP,Matchs
76,Marc Bola,eng ENG,"DF,AT",Middlesbrough,24,1997,11.3,656,823,79.7,10600,3624,333,360,92.5,272,332,81.9,39,93,41.9,0,0.6,1.2,-0.6,8,76,16,2,85,Matchs
77,Tolaji Bola,eng ENG,AT,Rotherham Utd,23,1999,0.4,4,9,44.4,98,42,1,1,100.0,1,3,33.3,2,4,50.0,1,1.2,0.8,-0.2,2,1,1,1,1,Matchs
78,Jack Bonham,ie IRL,GB,Stoke City,28,1993,22.5,537,763,70.4,15141,11433,117,119,98.3,238,242,98.3,181,397,45.6,0,0.0,0.0,0.0,0,14,1,0,0,Matchs
79,Macauley Bonne,zw ZIM,"AT,DF",QPR,26,1995,0.7,15,20,75.0,245,96,8,12,66.7,3,4,75.0,3,3,100.0,0,0.2,0.3,-0.2,3,0,0,0,2,Matchs
80,Dean Bouzanis,au AUS,GB,Reading,31,1990,4.7,66,152,43.4,3065,2696,5,5,100.0,13,13,100.0,48,134,35.8,0,0.0,0.0,0.0,0,8,0,0,0,Matchs
81,Josh Bowler,eng ENG,"AT,MT",Blackpool,23,1999,19.4,280,389,72.0,4798,1394,128,163,78.5,122,148,82.4,23,36,63.9,2,1.6,1.9,#ERROR!,14,28,25,1,72,Matchs
82,Coniah Boyce-Clarke,jm JAM,GB,Reading,19,2003,1.0,27,48,56.3,819,625,5,5,100.0,9,9,100.0,12,31,38.7,0,0.0,0.0,0.0,0,0,0,0,0,Matchs
83,Caolan Boyd-Munce,nir NIR,MT,Middlesbrough,22,2000,0.0,2,3,66.7,27,5,1,1,100.0,1,1,100.0,0,0,,0,0.0,0.0,0.0,0,0,0,0,0,Matchs
84,Will Boyle,eng ENG,DF,Huddersfield,26,1995,9.0,317,433,73.2,5809,2650,124,151,82.1,160,194,82.5,30,72,41.7,1,0.2,0.0,#ERROR!,2,17,0,0,23,Matchs
85,Sonny Bradley,eng ENG,DF,Luton Town,30,1991,13.6,421,572,73.6,9244,3467,92,118,78.0,274,327,83.8,53,110,48.2,0,0.6,0.4,-0.6,5,22,1,0,25,Matchs
86,Tom Bradshaw,wls WAL,AT,Millwall,30,1992,33.9,286,535,53.5,3678,661,169,268,63.1,94,159,59.1,5,23,21.7,4,2.3,1.7,#ERROR!,31,13,8,3,36,Matchs
87,Robbie Brady,ie IRL,"AT,DF",Preston,30,1992,23.3,887,1383,64.1,15965,6968,444,523,84.9,294,439,67.0,125,328,38.1,6,4.9,4.9,#ERROR!,45,111,46,21,133,Matchs
88,Cohen Bramall,eng ENG,"DF,AT",Rotherham Utd,26,1996,28.6,666,1035,64.3,10906,4823,373,442,84.4,222,338,65.7,61,195,31.3,0,2.6,3.4,-2.6,24,49,20,11,62,Matchs
89,James Bree,eng ENG,DF,Luton Town,24,1997,27.0,802,1249,64.2,15004,7139,354,432,81.9,313,449,69.7,116,299,38.8,4,7.6,7.5,-3.6,60,69,43,23,117,Matchs
90,Ben Brereton,cl CHI,"AT,MT",Blackburn,23,1999,38.4,790,1062,74.4,11783,2788,469,561,83.6,233,307,75.9,54,104,51.9,4,4.0,4.3,0.0,37,47,30,5,88,Matchs
91,Rhian Brewster,eng ENG,AT,Sheffield Utd,22,2000,6.3,69,106,65.1,996,249,39,48,81.3,20,32,62.5,5,9,55.6,1,0.3,0.1,#ERROR!,5,4,3,1,8,Matchs
92,Liam Bridcutt,sct SCO,MT,Blackpool,33,1989,2.0,52,72,72.2,800,243,34,37,91.9,13,20,65.0,4,10,40.0,0,0.0,0.0,0.0,2,2,1,0,6,Matchs
93,Callum Brittain,eng ENG,DF,Blackburn,24,1998,15.8,719,935,76.9,12597,3597,342,382,89.5,294,366,80.3,70,132,53.0,1,1.7,1.6,-0.7,11,46,13,4,56,Matchs
94,Nathan Broadhead,wls WAL,"AT,MT",Wigan Athletic,24,1998,11.9,183,227,80.6,2717,363,100,115,87.0,64,75,85.3,9,13,69.2,0,0.6,0.8,-0.6,7,8,5,1,16,Matchs
95,Andre Brooks,eng ENG,MT,Sheffield Utd,18,2003,0.0,2,2,100.0,20,0,2,2,100.0,0,0,,0,0,,0,0.0,0.0,0.0,0,0,0,0,0,Matchs
96,Jacob Brown,sct SCO,"AT,DF",Stoke City,24,1998,30.8,461,761,60.6,6607,1422,271,389,69.7,137,224,61.2,26,58,44.8,1,3.2,2.5,-2.2,26,18,19,10,38,Matchs
97,Alan Browne,ie IRL,"MT,DF",Preston,27,1995,29.2,811,1181,68.7,14151,5032,380,472,80.5,297,401,74.1,102,210,48.6,2,2.3,2.6,-0.3,24,74,18,10,98,Matchs
98,Josh Brownhill,eng ENG,MT,Burnley,26,1995,39.7,1699,2145,79.2,25878,5526,949,1075,88.3,576,712,80.9,107,220,48.6,8,6.8,6.7,#ERROR!,72,128,45,13,190,Matchs
99,John Buckley,eng ENG,MT,Blackburn,22,1999,16.3,690,909,75.9,12285,4164,331,377,87.8,255,310,82.3,83,171,48.5,1,0.8,1.4,#ERROR!,11,77,13,1,79,Matchs
100,Tyler Burey,eng ENG,AT,Millwall,20,2001,10.2,113,162,69.8,1519,237,71,80,88.8,36,54,66.7,3,7,42.9,1,1.0,0.8,0.0,13,3,7,4,7,Matchs
Clt,Joueur,Nation,Pos,Équipe,Âge,Naissance,90,Cmp,Att,Cmp%,TotDist,DistBut,Cmp,Att,Cmp%,Cmp,Att,Cmp%,Cmp,Att,Cmp%,PD,xAG,xA,A-xAG,PC,1/3,PPA,CntSR,PrgP,Matchs
101,Oliver Burke,sct SCO,AT,Millwall,25,1997,8.5,194,294,66.0,2583,592,126,166,75.9,44,68,64.7,8,18,44.4,2,0.8,1.1,#ERROR!,7,16,6,3,13,Matchs
102,Reece Burke,eng ENG,DF,Luton Town,25,1996,14.5,451,698,64.6,9292,4431,152,194,78.4,213,306,69.6,79,169,46.7,0,0.1,1.0,-0.1,3,80,5,2,84,Matchs
103,Jack Burroughs,sct SCO,"DF,MT",Coventry City,21,2001,4.9,125,180,69.4,2228,803,63,77,81.8,46,61,75.4,16,34,47.1,0,0.4,0.4,-0.4,7,9,4,4,11,Matchs
104,Josef Bursik,eng ENG,GB,Stoke City,22,2000,16.0,334,530,63.0,9645,7595,71,71,100.0,140,143,97.9,121,313,38.7,0,0.2,0.1,-0.2,2,12,1,0,0,Matchs
105,David Button,eng ENG,GB,West Brom,33,1989,13.0,284,419,67.8,8138,5425,50,50,100.0,134,135,99.3,98,230,42.6,0,0.0,0.0,0.0,0,12,0,0,0,Matchs
106,Jili Buyabu,eng ENG,DF,Sheffield Utd,20,2001,0.2,1,3,33.3,5,3,1,2,50.0,0,0,,0,0,,0,0.0,0.0,0.0,0,0,0,0,0,Matchs
107,Sam Byram,eng ENG,DF,Norwich City,28,1993,12.0,649,832,78.0,10979,4073,310,351,88.3,279,334,83.5,48,109,44.0,0,0.4,0.6,-0.4,8,53,8,1,78,Matchs
108,Ben Cabango,wls WAL,DF,Swansea City,22,2000,41.6,2906,3265,89.0,47752,18271,1394,1483,94.0,1303,1399,93.1,166,292,56.8,0,0.5,1.2,-0.5,9,195,10,0,197,Matchs
109,Etienne Camara,fr FRA,MT,Huddersfield,19,2003,13.9,456,588,77.6,7529,1630,212,265,80.0,190,221,86.0,35,56,62.5,0,0.5,0.6,-0.5,7,39,1,1,34,Matchs
110,Mamadi Camará,gw GNB,MT,Reading,18,2003,1.2,25,39,64.1,427,159,13,18,72.2,9,12,75.0,2,6,33.3,0,0.0,0.0,0.0,1,1,2,0,4,Matchs
111,Allan Campbell,sct SCO,MT,Luton Town,24,1998,36.1,575,791,72.7,8094,2359,324,407,79.6,192,247,77.7,26,52,50.0,2,0.9,1.3,#ERROR!,15,54,16,2,93,Matchs
112,Tate Campbell,eng ENG,DF,Birmingham City,20,2002,0.0,3,5,60.0,61,20,1,1,100.0,1,1,100.0,1,3,33.3,0,0.0,0.0,0.0,0,1,0,0,1,Matchs
113,Tyrese Campbell,eng ENG,AT,Stoke City,22,1999,29.5,452,757,59.7,6764,1710,248,366,67.8,146,235,62.1,28,57,49.1,5,4.7,4.3,#ERROR!,30,37,37,14,72,Matchs
114,Andy Cannon,eng ENG,MT,Hull City,26,1996,2.1,41,58,70.7,592,60,18,20,90.0,14,20,70.0,3,7,42.9,0,0.3,0.4,-0.3,2,2,0,0,3,Matchs
115,Thomas Cannon,ie IRL,AT,Preston,19,2002,18.6,165,257,64.2,2374,386,97,148,65.5,51,67,76.1,9,18,50.0,1,2.4,1.1,-1.4,14,13,9,1,19,Matchs
116,Todd Cantwell,eng ENG,"AT,MT",Norwich City,24,1998,9.6,387,505,76.6,6979,1672,198,222,89.2,115,149,77.2,58,104,55.8,0,1.1,1.7,-1.1,19,29,15,0,45,Matchs
117,Sonny Carey,eng ENG,MT,Blackpool,21,2001,27.2,542,787,68.9,9499,2759,242,305,79.3,214,292,73.3,62,130,47.7,1,3.4,2.8,-2.4,31,57,16,6,74,Matchs
118,Ian Carlo Poveda,eng ENG,"AT,MT",Blackpool,22,2000,11.5,204,310,65.8,2837,929,107,130,82.3,76,108,70.4,8,25,32.0,1,0.6,1.1,#ERROR!,8,21,5,2,31,Matchs
119,Álvaro Carreras,es ESP,"DF,AT",Preston,19,2003,29.5,852,1266,67.3,13777,5174,445,543,82.0,297,422,70.4,77,186,41.4,4,3.8,2.7,#ERROR!,34,70,34,16,94,Matchs
120,Andy Carroll,eng ENG,AT,Reading,33,1989,21.6,278,544,51.1,4185,1090,153,267,57.3,91,185,49.2,22,42,52.4,2,1.3,0.8,#ERROR!,15,37,6,1,46,Matchs
121,Hayden Carter,eng ENG,DF,Blackburn,22,1999,25.0,1218,1464,83.2,24529,7649,372,420,88.6,683,762,89.6,149,243,61.3,0,0.8,0.6,-0.8,9,50,5,2,64,Matchs
122,Cesare Casadei,it ITA,MT,Reading,19,2003,12.3,309,415,74.5,5230,1219,133,164,81.1,127,164,77.4,29,46,63.0,0,0.3,0.7,-0.3,6,29,5,0,34,Matchs
123,Craig Cathcart,nir NIR,DF,Watford,33,1989,25.2,1218,1544,78.9,24809,10700,363,422,86.0,687,779,88.2,157,307,51.1,1,0.5,0.7,#ERROR!,9,103,10,4,125,Matchs
124,Steven Caulker,sl SLE,DF,Wigan Athletic,30,1991,5.5,128,169,75.7,2335,918,54,67,80.6,60,71,84.5,10,18,55.6,0,0.2,0.3,-0.2,2,2,0,0,1,Matchs
125,Bersant Celina,xk KVX,AT,Stoke City,25,1996,2.9,137,180,76.1,1827,373,92,101,91.1,38,51,74.5,4,19,21.1,0,0.3,0.3,-0.3,4,15,4,2,13,Matchs
Clt,Joueur,Nation,Pos,Équipe,Âge,Naissance,90,Cmp,Att,Cmp%,TotDist,DistBut,Cmp,Att,Cmp%,Cmp,Att,Cmp%,Cmp,Att,Cmp%,PD,xAG,xA,A-xAG,PC,1/3,PPA,CntSR,PrgP,Matchs
126,Ilias Chair,ma MAR,"MT,AT",QPR,24,1997,36.3,1229,1724,71.3,19367,6194,668,757,88.2,366,507,72.2,122,300,40.7,9,10.0,11.3,-1.0,96,118,69,21,172,Matchs
127,Nathaniel Chalobah,eng ENG,MT,West Brom,27,1994,6.8,201,269,74.7,3212,967,97,122,79.5,76,93,81.7,15,30,50.0,0,0.1,0.1,-0.1,3,17,1,1,26,Matchs
128,Alfie Chang,eng ENG,MT,Birmingham City,19,2002,7.7,163,217,75.1,2798,872,75,91,82.4,70,86,81.4,14,28,50.0,0,0.1,0.3,-0.1,3,13,2,0,13,Matchs
129,Ismaila Cheick Coulibaly,ml MLI,MT,Sheffield Utd,21,2000,0.0,0,0,,0,0,0,0,,0,0,,0,0,,0,0.0,0.0,0.0,0,0,0,0,0,Matchs
130,Youssef Chentouf,eng ENG,DF,Wigan Athletic,18,2004,0.0,1,1,100.0,14,1,1,1,100.0,0,0,,0,0,,0,0.0,0.0,0.0,0,0,0,0,0,Matchs
131,Tahith Chong,nl NED,"MT,AT",Birmingham City,22,1999,31.5,553,807,68.5,8998,2665,277,342,81.0,189,242,78.1,57,153,37.3,5,4.4,3.6,#ERROR!,45,44,22,11,70,Matchs
132,Hamza Choudhury,eng ENG,MT,Watford,24,1997,33.7,1242,1499,82.9,21182,5760,560,631,88.7,551,627,87.9,97,152,63.8,0,0.8,1.4,-0.8,10,109,13,0,127,Matchs
133,Cyrus Christie,ie IRL,"DF,AT",Hull City,29,1992,23.1,1108,1480,74.9,17264,5776,609,695,87.6,385,503,76.5,77,184,41.8,1,2.3,3.1,-1.3,22,67,33,12,100,Matchs
134,Darko Churlinov,mk MKD,AT,Burnley,22,2000,2.2,62,89,69.7,894,141,35,44,79.5,21,31,67.7,3,8,37.5,0,0.5,0.3,-0.5,4,0,2,0,5,Matchs
135,Dennis Cirkin,eng ENG,DF,Sunderland,20,2002,20.5,709,914,77.6,11053,3785,357,410,87.1,304,369,82.4,29,75,38.7,1,0.7,0.7,#ERROR!,8,42,2,1,61,Matchs
136,Ciaran Clark,ie IRL,DF,Sheffield Utd,32,1989,7.4,242,349,69.3,4113,1895,109,132,82.6,101,141,71.6,22,55,40.0,0,0.0,0.1,0.0,1,24,0,0,22,Matchs
137,Jordan Clark,eng ENG,MT,Luton Town,28,1993,34.4,809,1194,67.8,14581,5421,356,458,77.7,325,453,71.7,104,201,51.7,4,4.0,3.9,0.0,41,98,24,5,154,Matchs
138,Harry Clarke,eng ENG,DF,Stoke City,21,2001,10.9,282,460,61.3,5391,2040,103,142,72.5,142,205,69.3,34,87,39.1,0,0.8,1.0,-0.8,10,28,8,1,45,Matchs
139,Jack Clarke,eng ENG,"AT,DF",Sunderland,21,2000,42.1,962,1340,71.8,17236,3868,433,529,81.9,395,484,81.6,111,225,49.3,11,6.8,5.9,#ERROR!,75,48,38,6,98,Matchs
140,John Clarke,ie IRL,"DF,AT",Reading,18,2004,0.3,2,4,50.0,27,19,1,1,100.0,1,2,50.0,0,1,0.0,0,0.0,0.0,0.0,0,0,0,0,0,Matchs
141,Matthew Clarke,eng ENG,DF,Middlesbrough,25,1996,5.1,189,252,75.0,3426,1299,83,90,92.2,88,107,82.2,17,48,35.4,0,0.1,0.2,-0.1,2,16,3,1,14,Matchs
142,Jake Clarke-Salter,eng ENG,DF,QPR,24,1997,12.6,613,794,77.2,11548,5233,235,264,89.0,298,357,83.5,71,138,51.4,0,0.4,0.3,-0.4,3,40,3,1,42,Matchs
143,Reyes Cleary,eng ENG,AT,West Brom,18,2004,0.6,8,17,47.1,163,36,5,6,83.3,1,6,16.7,2,2,100.0,0,0.1,0.0,-0.1,1,1,1,0,2,Matchs
144,Tom Cleverley,eng ENG,MT,Watford,32,1989,2.7,80,111,72.1,1113,356,43,49,87.8,27,38,71.1,2,11,18.2,0,0.0,0.1,0.0,1,9,1,0,13,Matchs
145,Sam Clucas,eng ENG,MT,Stoke City,31,1990,5.4,123,175,70.3,1977,491,58,69,84.1,54,66,81.8,8,22,36.4,0,0.2,0.3,-0.2,5,7,6,3,8,Matchs
146,Josh Coburn,eng ENG,AT,Middlesbrough,19,2002,0.3,4,4,100.0,35,0,4,4,100.0,0,0,,0,0,,0,0.0,0.0,0.0,0,0,0,0,0,Matchs
147,Maxime Colin,fr FRA,"DF,AT",Birmingham City,30,1991,42.7,1248,1848,67.5,22302,9436,573,689,83.2,510,728,70.1,138,337,40.9,3,1.5,2.4,#ERROR!,19,121,23,14,144,Matchs
148,Jamilu Collins,ng NGA,DF,Cardiff City,27,1994,3.1,116,156,74.4,2132,740,52,62,83.9,46,51,90.2,16,34,47.1,0,0.3,0.5,-0.3,1,11,2,0,19,Matchs
149,Rubin Colwill,wls WAL,"AT,MT",Cardiff City,20,2002,6.7,182,276,65.9,2827,686,103,128,80.5,49,74,66.2,20,41,48.8,1,1.1,1.6,-0.1,12,15,3,1,21,Matchs
150,Cameron Congreve,wls WAL,"MT,AT",Swansea City,18,2004,1.4,56,79,70.9,830,180,34,39,87.2,20,26,76.9,2,8,25.0,0,0.2,0.1,-0.2,3,1,4,1,5,Matchs
Clt,Joueur,Nation,Pos,Équipe,Âge,Naissance,90,Cmp,Att,Cmp%,TotDist,DistBut,Cmp,Att,Cmp%,Cmp,Att,Cmp%,Cmp,Att,Cmp%,PD,xAG,xA,A-xAG,PC,1/3,PPA,CntSR,PrgP,Matchs
151,Aaron Connolly,ie IRL,"AT,MT",Hull City,22,2000,3.8,25,36,69.4,310,111,16,20,80.0,6,10,60.0,1,2,50.0,0,0.3,0.2,-0.3,3,2,3,0,5,Matchs
152,Callum Connolly,eng ENG,"DF,MT",Blackpool,24,1997,38.4,908,1385,65.6,17266,7186,414,507,81.7,332,496,66.9,138,310,44.5,1,1.3,1.3,-0.3,18,111,19,9,98,Matchs
153,Tommy Conway,sct SCO,"AT,MT",Bristol City,19,2002,21.1,278,357,77.9,3650,583,160,191,83.8,83,104,79.8,8,17,47.1,3,2.8,2.3,#ERROR!,15,15,14,3,34,Matchs
154,Jake Cooper,eng ENG,DF,Millwall,27,1995,44.4,1231,1723,71.4,26472,10538,343,461,74.4,673,819,82.2,199,380,52.4,3,2.8,2.3,#ERROR!,26,82,18,1,110,Matchs
155,Oliver Cooper,wls WAL,"MT,AT",Swansea City,22,1999,25.6,710,847,83.8,9429,1482,474,512,92.6,194,229,84.7,18,40,45.0,2,2.1,2.0,-0.1,25,51,19,0,81,Matchs
156,Theo Corbeanu,ca CAN,"AT,MT",Blackpool,20,2002,9.4,142,208,68.3,2145,628,86,106,81.1,46,63,73.0,7,22,31.8,1,0.6,0.8,#ERROR!,7,11,7,3,21,Matchs
157,Jack Cork,eng ENG,MT,Burnley,33,1989,27.1,1423,1649,86.3,23980,4902,652,711,91.7,639,708,90.3,94,150,62.7,2,0.5,0.9,#ERROR!,11,127,7,0,122,Matchs
158,Harry Cornick,eng ENG,AT,Bristol City,27,1995,8.6,121,217,55.8,1822,364,69,106,65.1,39,69,56.5,8,18,44.4,1,0.8,0.3,#ERROR!,5,7,6,0,14,Matchs
159,Harry Cornick,eng ENG,"AT,MT",Luton Town,27,1995,8.3,128,227,56.4,1886,565,77,97,79.4,39,79,49.4,7,31,22.6,3,1.4,1.5,#ERROR!,8,4,10,4,12,Matchs
160,Sam Cosgrove,eng ENG,"AT,MT",Birmingham City,25,1996,0.4,10,14,71.4,151,14,4,5,80.0,6,8,75.0,0,0,,0,0.2,0.0,-0.2,1,0,1,0,1,Matchs
161,Dara Costelloe,ie IRL,AT,Burnley,19,2002,2.3,72,96,75.0,946,143,46,49,93.9,23,34,67.6,1,3,33.3,0,0.1,0.1,-0.1,2,3,1,0,4,Matchs
162,Jordan Cousins,eng ENG,MT,Wigan Athletic,28,1994,7.1,268,318,84.3,5070,1051,108,121,89.3,111,129,86.0,41,53,77.4,0,0.3,0.1,-0.3,3,25,0,0,15,Matchs
163,Conor Coventry,ie IRL,MT,Rotherham Utd,22,2000,14.5,403,595,67.7,6874,2238,193,230,83.9,155,213,72.8,42,105,40.0,2,1.1,1.1,#ERROR!,16,45,9,3,56,Matchs
164,Vaughn Covil,eng ENG,"MT,AT",Hull City,19,2003,1.1,15,17,88.2,178,23,9,11,81.8,4,4,100.0,0,0,,0,0.0,0.0,0.0,0,1,0,0,1,Matchs
165,Lewie Coyle,eng ENG,DF,Hull City,26,1995,26.9,1121,1552,72.2,18422,6566,596,670,89.0,416,565,73.6,88,244,36.1,2,2.3,3.5,-0.3,24,89,30,23,99,Matchs
166,Michael Craig,sct SCO,"MT,AT",Reading,19,2003,0.2,7,8,87.5,121,44,4,4,100.0,2,3,66.7,1,1,100.0,0,0.0,0.0,0.0,0,0,0,0,2,Matchs
167,Charlie Cresswell,eng ENG,DF,Millwall,19,2002,25.1,805,1160,69.4,17449,6734,243,315,77.1,396,496,79.8,151,302,50.0,2,1.8,1.6,#ERROR!,9,77,10,5,81,Matchs
168,Matt Crooks,eng ENG,"MT,AT",Middlesbrough,28,1994,20.1,545,716,76.1,7998,1921,300,369,81.3,193,245,78.8,27,45,60.0,6,4.5,2.1,#ERROR!,22,59,11,3,91,Matchs
169,Josh Cullen,ie IRL,MT,Burnley,26,1996,42.7,2706,3109,87.0,46863,10104,1203,1300,92.5,1252,1391,90.0,217,330,65.8,4,2.2,4.6,#ERROR!,38,274,40,3,270,Matchs
170,Liam Cullen,wls WAL,"AT,MT",Swansea City,23,1999,13.5,193,252,76.6,2466,326,123,144,85.4,51,63,81.0,3,8,37.5,1,1.4,1.3,-0.4,12,4,8,2,14,Matchs
171,Luke Cundle,eng ENG,"MT,AT",Swansea City,20,2002,19.8,892,1024,87.1,12356,1960,529,572,92.5,302,346,87.3,26,39,66.7,4,2.3,2.6,#ERROR!,31,48,28,4,104,Matchs
172,Greg Cunningham,ie IRL,DF,Preston,31,1991,19.8,688,970,70.9,13564,6978,262,310,84.5,318,416,76.4,98,202,48.5,2,0.4,0.6,#ERROR!,3,69,7,3,58,Matchs
173,Fankaty Dabo,eng ENG,DF,Coventry City,26,1995,18.5,705,954,73.9,11134,4306,406,459,88.5,219,299,73.2,59,136,43.4,2,1.3,1.7,#ERROR!,12,58,21,9,76,Matchs
174,Bradley Dack,eng ENG,"MT,AT",Blackburn,28,1993,13.5,347,474,73.2,5340,1338,202,241,83.8,90,131,68.7,32,60,53.3,1,1.0,0.9,0.0,11,32,4,0,48,Matchs
175,Leon Dajaku,de GER,"AT,MT",Sunderland,21,2001,2.2,36,49,73.5,460,101,28,32,87.5,8,10,80.0,0,4,0.0,0,0.0,0.0,0.0,1,1,0,0,1,Matchs
Clt,Joueur,Nation,Pos,Équipe,Âge,Naissance,90,Cmp,Att,Cmp%,TotDist,DistBut,Cmp,Att,Cmp%,Cmp,Att,Cmp%,Cmp,Att,Cmp%,PD,xAG,xA,A-xAG,PC,1/3,PPA,CntSR,PrgP,Matchs
176,Ameen Al-Dakhil,be BEL,DF,Burnley,20,2002,7.5,510,568,89.8,10002,3243,160,177,90.4,286,304,94.1,59,78,75.6,0,0.5,0.4,-0.5,2,35,2,0,29,Matchs
177,Vontae Daley Campbell,eng ENG,DF,Cardiff City,21,2001,0.7,30,41,73.2,527,157,15,17,88.2,12,14,85.7,3,8,37.5,0,0.0,0.0,0.0,1,2,1,1,2,Matchs
178,Scott Dann,eng ENG,DF,Reading,35,1987,7.3,231,280,82.5,4601,1920,78,83,94.0,123,137,89.8,29,57,50.9,0,0.0,0.1,0.0,0,13,2,0,13,Matchs
179,Tendayi Darikwa,zw ZIM,DF,Wigan Athletic,30,1991,30.8,1132,1555,72.8,18235,6111,613,705,87.0,401,530,75.7,93,219,42.5,1,1.9,1.9,-0.9,16,75,29,15,113,Matchs
180,Harry Darling,eng ENG,DF,Swansea City,22,1999,25.5,1810,2006,90.2,29523,9869,884,931,95.0,810,858,94.4,84,162,51.9,1,1.7,1.8,-0.7,10,140,8,0,110,Matchs
181,Karl Darlow,eng ENG,GB,Hull City,31,1990,12.0,463,593,78.1,9750,6436,184,185,99.5,206,212,97.2,72,194,37.1,0,0.1,0.0,-0.1,1,11,0,0,1,Matchs
182,Jay Dasilva,eng ENG,DF,Bristol City,24,1998,29.0,1088,1416,76.8,16715,5891,624,675,92.4,358,475,75.4,74,180,41.1,1,3.4,3.6,-2.4,36,78,41,26,119,Matchs
183,Adam Davies,wls WAL,GB,Sheffield Utd,30,1992,6.8,98,168,58.3,3302,2856,21,21,100.0,32,34,94.1,44,111,39.6,0,0.0,0.0,0.0,0,3,0,0,0,Matchs
184,Isaak Davies,wls WAL,"AT,MT",Cardiff City,20,2001,3.1,43,62,69.4,552,55,24,27,88.9,15,22,68.2,1,4,25.0,0,0.1,0.0,-0.1,2,2,0,0,1,Matchs
185,Keinan Davis,eng ENG,AT,Watford,24,1998,26.6,459,580,79.1,6931,1064,241,292,82.5,152,183,83.1,36,43,83.7,2,2.9,1.9,-0.9,20,34,16,0,60,Matchs
186,Harlee Dean,eng ENG,DF,Birmingham City,31,1991,13.5,290,429,67.6,5855,2917,98,132,74.2,156,192,81.3,33,89,37.1,0,0.1,0.2,-0.1,2,27,1,0,28,Matchs
187,Troy Deeney,eng ENG,AT,Birmingham City,34,1988,23.2,262,546,48.0,4334,1519,145,277,52.3,82,157,52.2,27,57,47.4,1,1.6,2.5,-0.6,16,39,22,5,55,Matchs
188,Liam Delap,eng ENG,AT,Stoke City,19,2003,14.0,95,180,52.8,1196,295,65,98,66.3,17,38,44.7,4,14,28.6,0,0.4,0.6,-0.4,7,12,6,0,13,Matchs
189,Liam Delap,eng ENG,AT,Preston,19,2003,6.9,43,87,49.4,535,129,25,44,56.8,12,22,54.5,1,6,16.7,0,0.3,0.1,-0.3,4,5,2,0,5,Matchs
190,Tom Dele-Bashiru,ng NGA,MT,Watford,22,1999,3.9,128,143,89.5,2109,433,64,71,90.1,54,57,94.7,9,13,69.2,1,0.1,0.1,#ERROR!,1,10,2,1,10,Matchs
191,Emmanuel Dennis,ng NGA,"MT,AT",Watford,24,1997,1.9,27,36,75.0,465,196,13,18,72.2,8,10,80.0,4,4,100.0,0,0.2,0.2,-0.2,3,5,5,1,6,Matchs
192,Halil Dervişoğlu,tr TUR,"MT,AT",Burnley,22,1999,0.8,15,21,71.4,131,35,14,16,87.5,0,3,0.0,0,1,0.0,0,0.4,0.8,-0.4,3,0,0,0,1,Matchs
193,Bambo Diaby,sn SEN,DF,Preston,24,1997,10.6,283,376,75.3,5263,2276,102,126,81.0,138,163,84.7,33,60,55.0,0,0.1,0.1,-0.1,2,14,2,1,20,Matchs
194,Amad Diallo,ci CIV,"AT,MT",Sunderland,20,2002,28.7,1164,1375,84.7,16748,3642,681,766,88.9,328,369,88.9,79,113,69.9,3,4.3,3.6,-1.3,40,112,35,3,147,Matchs
195,Jack Diamond,eng ENG,MT,Sunderland,22,2000,0.1,1,2,50.0,18,0,0,0,,1,2,50.0,0,0,,0,0.0,0.0,0.0,0,0,0,0,0,Matchs
196,Grady Diangana,cd COD,AT,West Brom,24,1998,21.5,663,870,76.2,9543,2958,381,444,85.8,226,288,78.5,27,69,39.1,3,3.7,4.6,-0.7,39,65,44,5,117,Matchs
197,Brahima Diarra,ml MLI,"MT,AT",Huddersfield,19,2003,9.0,148,220,67.3,1947,646,91,119,76.5,41,64,64.1,6,9,66.7,2,0.9,0.7,#ERROR!,16,14,8,2,29,Matchs
198,Robert Dickie,eng ENG,DF,QPR,26,1996,33.7,1249,1574,79.4,23681,10531,422,477,88.5,677,768,88.2,127,276,46.0,0,0.5,0.8,-0.5,6,74,3,2,105,Matchs
199,Seny Dieng,sn SEN,GB,QPR,27,1994,46.0,950,1425,66.7,29115,21982,204,205,99.5,414,422,98.1,328,786,41.7,0,0.0,0.1,0.0,0,35,0,0,1,Matchs
200,Anfernee Dijksteel,sr SUR,DF,Middlesbrough,25,1996,10.4,453,570,79.5,7341,2497,224,245,91.4,196,223,87.9,25,66,37.9,1,0.1,0.4,#ERROR!,2,38,6,1,50,Matchs
Clt,Joueur,Nation,Pos,Équipe,Âge,Naissance,90,Cmp,Att,Cmp%,TotDist,DistBut,Cmp,Att,Cmp%,Cmp,Att,Cmp%,Cmp,Att,Cmp%,PD,xAG,xA,A-xAG,PC,1/3,PPA,CntSR,PrgP,Matchs
201,Daryl Dike,us USA,AT,West Brom,22,2000,13.4,126,203,62.1,1663,312,70,107,65.4,35,54,64.8,5,9,55.6,1,0.7,0.9,#ERROR!,11,7,5,0,14,Matchs
202,Elijah Dixon-Bonner,eng ENG,MT,QPR,21,2001,0.1,1,3,33.3,14,1,1,1,100.0,0,2,0.0,0,0,,0,0.0,0.0,0.0,0,0,0,0,1,Matchs
203,Greg Docherty,sct SCO,"MT,AT",Hull City,25,1996,21.7,751,970,77.4,12048,2693,361,419,86.2,302,356,84.8,55,99,55.6,2,1.7,1.9,#ERROR!,26,58,12,3,93,Matchs
204,Tyrhys Dolan,eng ENG,"AT,MT",Blackburn,20,2001,21.9,535,699,76.5,6733,1683,345,395,87.3,131,179,73.2,15,37,40.5,6,3.3,2.4,#ERROR!,29,35,26,4,71,Matchs
205,Kenneth Dougall,au AUS,MT,Blackpool,29,1993,28.6,746,1082,68.9,13858,4910,339,406,83.5,282,378,74.6,107,231,46.3,2,3.0,4.0,-1.0,35,82,10,2,96,Matchs
206,Alfie Doughty,eng ENG,"DF,AT",Luton Town,22,1999,24.1,767,1228,62.5,15034,6134,329,407,80.8,289,431,67.1,136,306,44.4,5,4.7,5.2,#ERROR!,54,52,47,29,94,Matchs
207,Kieran Dowell,eng ENG,"MT,AT",Norwich City,24,1997,12.3,396,540,73.3,6310,1908,208,251,82.9,140,181,77.3,30,60,50.0,3,2.5,2.9,#ERROR!,22,39,24,3,60,Matchs
208,Callum Doyle,eng ENG,DF,Coventry City,18,2003,37.8,1244,1678,74.1,23745,11772,491,582,84.4,583,717,81.3,156,327,47.7,1,1.0,1.5,0.0,14,121,11,2,130,Matchs
209,Tommy Doyle,eng ENG,MT,Sheffield Utd,20,2001,20.6,838,1144,73.3,15585,5022,375,424,88.4,313,395,79.2,124,252,49.2,4,4.0,4.2,0.0,35,100,24,8,117,Matchs
210,Andre Dozzell,eng ENG,"MT,AT",QPR,23,1999,20.4,703,880,79.9,11675,3953,348,384,90.6,266,317,83.9,62,121,51.2,0,0.7,1.1,-0.7,12,89,10,3,93,Matchs
211,Cody Drameh,eng ENG,DF,Luton Town,20,2001,14.4,472,701,67.3,8977,4226,206,247,83.4,189,274,69.0,66,145,45.5,2,2.2,2.5,-0.2,25,50,27,13,63,Matchs
212,Aaron Drewe,eng ENG,"DF,AT",QPR,21,2001,5.1,113,225,50.2,2128,1244,42,54,77.8,56,113,49.6,13,40,32.5,0,0.1,0.3,-0.1,2,14,6,4,19,Matchs
213,Jimmy Dunne,ie IRL,DF,QPR,24,1997,37.6,1448,1957,74.0,28724,10035,480,582,82.5,769,904,85.1,180,407,44.2,0,0.5,0.9,-0.5,5,88,3,0,77,Matchs
214,Lyndon Dykes,sct SCO,AT,QPR,26,1995,32.8,394,719,54.8,5533,1503,216,358,60.3,116,211,55.0,26,38,68.4,2,1.7,1.9,#ERROR!,28,43,16,1,64,Matchs
215,Tom Eaves,eng ENG,AT,Rotherham Utd,30,1992,6.4,60,114,52.6,865,173,28,49,57.1,23,43,53.5,3,6,50.0,1,0.8,0.7,#ERROR!,3,1,1,0,9,Matchs
216,Malcolm Ebiowei,eng ENG,"AT,MT",Hull City,18,2003,5.8,121,193,62.7,1930,606,72,82,87.8,32,57,56.1,13,35,37.1,0,0.7,0.8,-0.7,6,9,6,3,15,Matchs
217,Josh Eccles,eng ENG,"MT,DF",Coventry City,22,2000,26.9,865,1174,73.7,13723,4422,444,507,87.6,302,397,76.1,80,175,45.7,2,1.9,1.3,#ERROR!,21,84,20,5,111,Matchs
218,Rarmani Edmonds-Green,eng ENG,DF,Wigan Athletic,23,1999,2.7,113,154,73.4,2196,740,38,45,84.4,60,73,82.2,14,32,43.8,0,0.1,0.1,-0.1,1,11,2,1,8,Matchs
219,Rarmani Edmonds-Green,eng ENG,"DF,MT",Huddersfield,23,1999,9.3,166,260,63.8,2835,1288,75,95,78.9,78,119,65.5,11,38,28.9,0,0.0,0.1,0.0,1,21,2,0,24,Matchs
220,Tayo Edun,eng ENG,"DF,MT",Blackburn,24,1998,2.2,90,126,71.4,1568,541,46,52,88.5,34,51,66.7,9,20,45.0,1,0.5,0.4,#ERROR!,3,4,2,0,13,Matchs
221,Gwion Edwards,wls WAL,"AT,MT",Wigan Athletic,29,1993,0.3,11,18,61.1,136,63,8,12,66.7,2,2,100.0,1,3,33.3,0,0.0,0.0,0.0,0,1,2,0,4,Matchs
222,John Egan,ie IRL,DF,Sheffield Utd,29,1992,43.9,1652,2183,75.7,33835,14953,541,641,84.4,851,1024,83.1,237,452,52.4,1,2.4,1.9,-1.4,15,93,6,0,103,Matchs
223,CJ Egan-Riley,eng ENG,"MT,DF",Burnley,19,2003,0.2,17,18,94.4,278,44,7,7,100.0,9,10,90.0,1,1,100.0,0,0.0,0.0,0.0,1,1,0,0,0,Matchs
224,Kelvin Ehibhatiomhan,eng ENG,AT,Reading,19,2003,2.2,17,32,53.1,216,51,10,15,66.7,4,10,40.0,1,3,33.3,0,0.0,0.1,0.0,0,1,2,0,5,Matchs
225,Ovie Ejaria,eng ENG,MT,Reading,24,1997,4.7,106,137,77.4,1543,355,59,72,81.9,42,47,89.4,2,9,22.2,1,0.3,0.3,#ERROR!,4,8,4,1,9,Matchs
Clt,Joueur,Nation,Pos,Équipe,Âge,Naissance,90,Cmp,Att,Cmp%,TotDist,DistBut,Cmp,Att,Cmp%,Cmp,Att,Cmp%,Cmp,Att,Cmp%,PD,xAG,xA,A-xAG,PC,1/3,PPA,CntSR,PrgP,Matchs
226,Hjalmar Ekdal,se SWE,DF,Burnley,23,1998,8.5,650,743,87.5,12425,4080,204,230,88.7,387,411,94.2,53,90,58.9,1,0.5,0.9,#ERROR!,2,46,1,0,42,Matchs
227,Marvin Ekpiteta,eng ENG,DF,Blackpool,26,1995,22.9,558,783,71.3,12081,5043,151,197,76.6,298,340,87.6,99,213,46.5,0,0.6,0.8,-0.6,8,41,6,0,47,Matchs
228,Pierre Ekwah Elimby,fr FRA,MT,Sunderland,20,2002,5.0,228,272,83.8,3245,987,137,153,89.5,75,86,87.2,8,22,36.4,0,1.1,0.5,-1.1,7,23,4,0,26,Matchs
229,Callum Elder,au AUS,DF,Hull City,27,1995,21.1,703,1065,66.0,11594,4691,347,419,82.8,281,420,66.9,55,162,34.0,3,2.4,1.6,#ERROR!,25,58,22,10,68,Matchs
230,Aidomo Emakhu,ie IRL,MT,Millwall,18,2003,0.0,0,1,0.0,0,0,0,0,,0,1,0.0,0,0,,0,0.0,0.0,0.0,0,0,0,0,0,Matchs
231,Elliot Embleton,eng ENG,"MT,AT",Sunderland,23,1999,11.8,383,513,74.7,5661,1440,212,238,89.1,123,156,78.8,26,75,34.7,2,0.8,0.5,#ERROR!,16,30,11,0,46,Matchs
232,Romain Esse,eng ENG,"AT,MT",Millwall,17,2005,1.9,70,97,72.2,1103,205,36,40,90.0,21,30,70.0,9,21,42.9,0,0.1,0.2,-0.1,1,5,3,0,12,Matchs
233,Oscar Estupiñan,co COL,AT,Hull City,25,1996,28.2,235,374,62.8,3148,515,146,214,68.2,63,102,61.8,9,18,50.0,1,1.2,0.8,-0.2,9,17,3,0,16,Matchs
234,Kion Etete,eng ENG,AT,Cardiff City,20,2001,13.6,181,294,61.6,2342,422,111,161,68.9,50,82,61.0,8,15,53.3,1,0.5,0.5,#ERROR!,6,10,5,1,19,Matchs
235,Neil Etheridge,ph PHI,GB,Birmingham City,32,1990,3.6,67,127,52.8,2669,2433,10,10,100.0,15,15,100.0,39,99,39.4,0,0.0,0.0,0.0,0,3,0,0,0,Matchs
236,Ched Evans,wls WAL,AT,Preston,33,1988,14.4,223,358,62.3,2755,563,146,197,74.1,52,83,62.7,6,17,35.3,1,1.8,1.5,-0.8,15,13,10,0,30,Matchs
237,Corry Evans,nir NIR,MT,Sunderland,32,1990,20.2,689,857,80.4,12495,3653,271,317,85.5,321,369,87.0,73,109,67.0,0,0.1,0.5,-0.1,3,59,9,0,69,Matchs
238,George Evans,eng ENG,MT,Millwall,27,1994,0.8,54,78,69.2,1221,394,13,20,65.0,30,38,78.9,10,19,52.6,0,0.0,0.0,0.0,1,13,0,0,12,Matchs
239,Mo Faal,eng ENG,MT,West Brom,19,2003,0.0,2,3,66.7,20,10,2,2,100.0,0,0,,0,0,,0,0.0,0.0,0.0,0,0,0,0,0,Matchs
240,Shane Ferguson,nir NIR,"AT,MT",Rotherham Utd,31,1991,16.3,274,433,63.3,4870,1818,142,165,86.1,80,113,70.8,44,118,37.3,5,1.6,2.5,#ERROR!,14,27,10,6,30,Matchs
241,João Ferreira,pt POR,DF,Watford,21,2001,3.0,77,114,67.5,1373,677,37,52,71.2,32,42,76.2,8,15,53.3,0,0.4,0.1,-0.4,1,5,3,1,8,Matchs
242,Sam Field,eng ENG,MT,QPR,24,1998,44.8,1428,1870,76.4,23851,7320,643,780,82.4,629,747,84.2,100,208,48.1,2,1.1,1.3,#ERROR!,32,173,18,6,166,Matchs
243,Tobias Figueiredo,pt POR,DF,Hull City,28,1994,18.3,890,1080,82.4,17991,6291,268,298,89.9,507,565,89.7,107,186,57.5,0,0.3,0.3,-0.3,6,41,1,0,46,Matchs
244,Sonny Finch,eng ENG,AT,Middlesbrough,16,2005,0.1,0,0,,0,0,0,0,,0,0,,0,0,,0,0.0,0.0,0.0,0,0,0,0,0,Matchs
245,Lewis Fiorini,sct SCO,MT,Blackpool,20,2002,10.9,268,444,60.4,5265,1858,119,150,79.3,97,131,74.0,43,122,35.2,2,1.2,0.8,#ERROR!,14,35,9,5,45,Matchs
246,Andy Fisher,eng ENG,GB,Swansea City,24,1998,25.3,682,933,73.1,14178,10342,268,269,99.6,292,297,98.3,116,353,32.9,0,0.0,0.0,0.0,1,5,0,0,0,Matchs
247,Darnell Fisher,eng ENG,DF,Middlesbrough,28,1994,0.0,2,2,100.0,34,0,0,0,,2,2,100.0,0,0,,0,0.0,0.0,0.0,0,0,0,0,0,Matchs
248,John Fleck,sct SCO,MT,Sheffield Utd,30,1991,12.3,378,499,75.8,5918,1897,215,247,87.0,125,156,80.1,29,65,44.6,1,2.8,2.1,-1.8,22,41,10,2,54,Matchs
249,Brandon Fleming,eng ENG,"DF,AT",Hull City,22,1999,1.6,71,91,78.0,1108,285,46,50,92.0,19,23,82.6,6,12,50.0,1,0.1,0.0,#ERROR!,3,5,1,0,10,Matchs
250,Zian Flemming,nl NED,"MT,AT",Millwall,23,1998,39.9,748,1161,64.4,12382,3883,385,492,78.3,262,403,65.0,80,170,47.1,3,5.4,5.2,-2.4,45,77,43,14,105,Matchs
Clt,Joueur,Nation,Pos,Équipe,Âge,Naissance,90,Cmp,Att,Cmp%,TotDist,DistBut,Cmp,Att,Cmp%,Cmp,Att,Cmp%,Cmp,Att,Cmp%,PD,xAG,xA,A-xAG,PC,1/3,PPA,CntSR,PrgP,Matchs
251,Ashley Fletcher,eng ENG,AT,Wigan Athletic,26,1995,13.3,160,236,67.8,2149,345,101,132,76.5,45,69,65.2,5,12,41.7,0,1.5,1.3,-1.5,11,11,8,3,15,Matchs
252,Aden Flint,eng ENG,DF,Stoke City,33,1989,9.0,309,432,71.5,6802,3132,80,95,84.2,174,216,80.6,54,112,48.2,2,0.4,1.0,#ERROR!,4,18,1,0,15,Matchs
253,Wes Foderingham,eng ENG,GB,Sheffield Utd,31,1991,39.0,696,1059,65.7,20493,15534,160,162,98.8,266,274,97.1,262,613,42.7,1,0.4,0.1,#ERROR!,2,24,1,0,0,Matchs
254,Tyrese Fornah,sl SLE,MT,Reading,22,1999,21.7,519,675,76.9,9349,1795,240,280,85.7,201,242,83.1,68,121,56.2,2,1.3,1.2,#ERROR!,12,48,10,5,59,Matchs
255,Marcus Forss,fi FIN,AT,Middlesbrough,23,1999,21.8,312,420,74.3,4402,789,193,225,85.8,99,122,81.1,11,20,55.0,5,1.3,1.5,#ERROR!,15,7,13,8,22,Matchs
256,Lyle Foster,za RSA,AT,Burnley,21,2000,4.1,80,104,76.9,1119,141,49,62,79.0,23,32,71.9,5,5,100.0,0,0.5,0.2,-0.5,5,4,1,0,7,Matchs
257,Tariqe Fosu,gh GHA,"DF,AT",Stoke City,26,1995,13.7,337,477,70.6,5551,1451,172,209,82.3,126,164,76.8,30,62,48.4,1,1.9,1.7,-0.9,15,20,18,6,42,Matchs
258,Tariqe Fosu,gh GHA,"MT,AT",Rotherham Utd,26,1995,16.3,327,484,67.6,4833,1212,170,210,81.0,110,146,75.3,18,61,29.5,2,1.3,1.7,#ERROR!,17,30,18,1,61,Matchs
259,Morgan Fox,wls WAL,DF,Stoke City,28,1993,36.4,1691,2379,71.1,34654,15427,592,695,85.2,849,1059,80.2,240,546,44.0,3,1.7,2.9,#ERROR!,25,199,41,12,218,Matchs
260,Luke Freeman,eng ENG,"MT,AT",Luton Town,30,1992,11.0,240,366,65.6,3730,1294,133,150,88.7,68,95,71.6,27,86,31.4,1,1.6,1.6,-0.6,15,17,15,5,38,Matchs
261,George Friend,eng ENG,DF,Birmingham City,34,1987,2.5,58,100,58.0,1118,622,24,39,61.5,21,35,60.0,10,18,55.6,0,0.4,0.4,-0.4,3,9,3,3,8,Matchs
262,Dael Fry,eng ENG,DF,Middlesbrough,24,1997,25.4,1224,1518,80.6,23657,8500,401,461,87.0,698,770,90.6,121,261,46.4,0,0.1,0.4,-0.1,4,52,2,0,53,Matchs
263,Leo Fuhr Hjelde,no NOR,DF,Rotherham Utd,18,2003,9.8,187,334,56.0,3189,1715,96,119,80.7,66,116,56.9,21,80,26.3,0,0.2,0.2,-0.2,3,23,6,3,27,Matchs
264,Jay Fulton,sct SCO,MT,Swansea City,28,1994,30.3,1808,2065,87.6,25139,6899,1105,1189,92.9,562,623,90.2,62,117,53.0,1,2.7,3.0,-1.7,32,143,30,7,143,Matchs
265,Darnell Furlong,eng ENG,DF,West Brom,26,1995,37.5,1580,2187,72.2,26488,10301,765,860,89.0,683,873,78.2,107,347,30.8,0,2.8,4.0,-2.8,22,135,33,14,167,Matchs
266,Gabriel,br BRA,MT,Norwich City,23,1999,31.2,1247,1673,74.5,22656,7834,541,632,85.6,482,597,80.7,169,320,52.8,4,5.5,5.4,-1.5,67,141,39,3,179,Matchs
267,Jordan Gabriel,eng ENG,"DF,MT",Blackpool,23,1998,15.1,388,611,63.5,6884,2817,178,221,80.5,161,246,65.4,41,112,36.6,1,1.3,1.0,-0.3,9,21,8,3,41,Matchs
268,Sam Gallagher,eng ENG,AT,Blackburn,26,1995,25.7,247,460,53.7,3182,876,158,248,63.7,59,115,51.3,8,26,30.8,2,1.8,1.6,#ERROR!,20,19,9,1,33,Matchs
269,Luke Garbutt,eng ENG,"DF,AT",Blackpool,29,1993,6.1,211,301,70.1,3979,1672,98,114,86.0,77,101,76.2,30,71,42.3,0,0.3,0.4,-0.3,5,20,3,2,19,Matchs
270,Gary Gardner,eng ENG,MT,Birmingham City,30,1992,2.8,58,98,59.2,1083,364,25,35,71.4,24,45,53.3,8,15,53.3,0,0.1,0.1,-0.1,2,13,1,0,13,Matchs
271,Taylor Gardner-Hickman,eng ENG,"MT,DF",West Brom,20,2001,13.0,549,692,79.3,10688,2427,236,261,90.4,219,257,85.2,85,140,60.7,1,0.7,0.8,#ERROR!,8,41,14,6,61,Matchs
272,Jake Garrett,eng ENG,MT,Blackburn,19,2003,4.4,131,165,79.4,1916,488,74,86,86.0,35,40,87.5,12,24,50.0,0,0.3,0.2,-0.3,3,11,3,1,11,Matchs
273,Mario Gaspar,es ESP,"DF,MT",Watford,31,1990,19.7,675,961,70.2,10757,4541,351,416,84.4,277,370,74.9,37,123,30.1,0,1.8,1.3,-1.8,12,53,5,4,73,Matchs
274,Dwight Gayle,eng ENG,AT,Stoke City,31,1990,26.5,384,570,67.4,5159,1380,239,322,74.2,101,150,67.3,15,31,48.4,5,3.8,2.9,#ERROR!,31,40,14,2,64,Matchs
275,Joe Gelhardt,eng ENG,AT,Sunderland,20,2002,13.3,225,284,79.2,3186,721,140,163,85.9,53,69,76.8,17,25,68.0,3,1.6,0.7,#ERROR!,15,18,4,1,34,Matchs
Clt,Joueur,Nation,Pos,Équipe,Âge,Naissance,90,Cmp,Att,Cmp%,TotDist,DistBut,Cmp,Att,Cmp%,Cmp,Att,Cmp%,Cmp,Att,Cmp%,PD,xAG,xA,A-xAG,PC,1/3,PPA,CntSR,PrgP,Matchs
276,Dimitris Giannoulis,gr GRE,DF,Norwich City,26,1995,18.5,904,1190,76.0,14385,5700,457,536,85.3,376,478,78.7,49,111,44.1,1,1.8,1.7,-0.8,24,45,23,5,73,Matchs
277,Liam Gibbs,eng ENG,MT,Norwich City,19,2002,18.8,787,974,80.8,13793,4362,356,407,87.5,334,388,86.1,73,128,57.0,0,2.2,2.1,-2.2,24,76,12,3,95,Matchs
278,Ben Gibson,eng ENG,DF,Norwich City,29,1993,19.7,1053,1264,83.3,21758,8284,294,328,89.6,617,680,90.7,133,232,57.3,1,0.3,0.3,#ERROR!,4,62,4,0,58,Matchs
279,Brodie Gilmore,nir NIR,DF,Huddersfield,18,2004,2.7,100,137,73.0,1690,506,42,49,85.7,42,49,85.7,10,22,45.5,0,0.1,0.2,-0.1,1,10,2,1,9,Matchs
280,Matthew Godden,eng ENG,AT,Coventry City,31,1991,22.0,239,394,60.7,3180,1020,132,193,68.4,76,123,61.8,9,27,33.3,4,2.5,3.0,#ERROR!,14,23,6,1,37,Matchs
281,Lynden Gooch,us USA,DF,Sunderland,26,1995,26.3,1052,1412,74.5,16770,6384,569,643,88.5,368,469,78.5,83,210,39.5,3,1.2,1.7,#ERROR!,18,81,20,9,98,Matchs
282,Charlie Goode,eng ENG,DF,Blackpool,26,1995,1.3,12,29,41.4,305,176,3,5,60.0,6,10,60.0,3,14,21.4,0,0.0,0.0,0.0,0,1,0,0,2,Matchs
283,Kyron Gordon,eng ENG,DF,Sheffield Utd,20,2002,0.8,20,32,62.5,384,187,8,12,66.7,10,15,66.7,2,5,40.0,0,0.0,0.0,0.0,0,5,0,0,4,Matchs
284,Dan Gosling,eng ENG,"DF,MT",Watford,32,1990,9.8,387,503,76.9,6204,2657,197,229,86.0,156,192,81.3,24,57,42.1,0,0.5,0.5,-0.5,7,41,5,3,36,Matchs
285,Jordan Graham,eng ENG,DF,Birmingham City,27,1995,13.6,367,575,63.8,7095,2924,167,202,82.7,124,190,65.3,65,149,43.6,2,3.5,3.1,-1.5,19,31,18,16,34,Matchs
286,Karlan Grant,eng ENG,"AT,MT",West Brom,24,1997,19.1,308,433,71.1,4464,853,175,220,79.5,89,123,72.4,22,37,59.5,0,0.5,0.7,-0.5,6,13,16,3,37,Matchs
287,Jacob Greaves,eng ENG,DF,Hull City,21,2000,39.6,1880,2385,78.8,31095,11258,914,1040,87.9,808,983,82.2,113,262,43.1,2,2.2,2.5,-0.2,16,135,15,4,161,Matchs
288,Jack Grieves,eng ENG,MT,Watford,17,2004,0.1,1,1,100.0,8,4,1,1,100.0,0,0,,0,0,,0,0.0,0.0,0.0,0,0,0,0,0,Matchs
289,Joshua Griffiths,eng ENG,GB,West Brom,20,2001,10.0,285,373,76.4,6163,4297,104,105,99.0,129,131,98.5,49,132,37.1,0,0.0,0.0,0.0,0,5,0,0,0,Matchs
290,Matt Grimes,eng ENG,MT,Swansea City,27,1995,44.0,3865,4298,89.9,59936,18911,2042,2129,95.9,1480,1595,92.8,215,383,56.1,7,4.8,5.8,#ERROR!,53,363,39,6,357,Matchs
291,Daniel Grimshaw,eng ENG,GB,Blackpool,24,1998,18.0,447,665,67.2,14153,10437,70,71,98.6,192,198,97.0,185,395,46.8,0,0.0,0.0,0.0,1,15,0,0,2,Matchs
292,Nesta Guinness-Walker,eng ENG,"DF,AT",Reading,22,1999,18.3,450,706,63.7,7736,3621,215,261,82.4,180,276,65.2,44,133,33.1,1,0.9,0.8,#ERROR!,16,31,15,12,54,Matchs
293,Angus Gunn,sct SCO,GB,Norwich City,26,1996,30.0,915,1181,77.5,23116,13623,174,174,100.0,496,502,98.8,241,495,48.7,0,0.0,0.0,0.0,0,10,0,0,2,Matchs
294,Viktor Gyökeres,se SWE,AT,Coventry City,24,1998,44.7,699,1039,67.3,8719,1667,464,604,76.8,165,247,66.8,17,36,47.2,10,8.6,6.6,#ERROR!,85,36,43,2,90,Matchs
295,Hayden Hackney,eng ENG,MT,Middlesbrough,20,2002,30.4,1799,2034,88.4,28623,7013,933,1009,92.5,703,761,92.4,109,163,66.9,4,2.6,3.6,#ERROR!,21,191,28,1,193,Matchs
296,George Hall,eng ENG,MT,Birmingham City,18,2004,14.1,157,230,68.3,2173,542,92,117,78.6,51,67,76.1,5,15,33.3,1,1.1,0.7,-0.1,9,7,4,2,18,Matchs
297,Grant Hall,eng ENG,DF,Rotherham Utd,30,1991,16.2,482,667,72.3,9012,3848,171,220,77.7,255,321,79.4,48,106,45.3,0,0.1,0.5,-0.1,3,26,6,2,59,Matchs
298,Niko Hämäläinen,fi FIN,DF,QPR,25,1997,1.0,41,58,70.7,639,258,23,26,88.5,16,20,80.0,2,8,25.0,0,0.3,0.3,-0.3,2,1,2,2,5,Matchs
299,Ben Hamer,eng ENG,GB,Watford,34,1987,1.0,21,31,67.7,592,438,7,7,100.0,4,5,80.0,10,19,52.6,0,0.0,0.0,0.0,0,0,0,0,0,Matchs
300,Gustavo Hamer,nl NED,MT,Coventry City,25,1997,38.6,1392,2048,68.0,26262,11035,627,753,83.3,500,667,75.0,227,496,45.8,11,9.1,6.6,#ERROR!,74,233,54,3,279,Matchs
Clt,Joueur,Nation,Pos,Équipe,Âge,Naissance,90,Cmp,Att,Cmp%,TotDist,DistBut,Cmp,Att,Cmp%,Cmp,Att,Cmp%,Cmp,Att,Cmp%,PD,xAG,xA,A-xAG,PC,1/3,PPA,CntSR,PrgP,Matchs
301,CJ Hamilton,ie IRL,"AT,MT",Blackpool,27,1995,19.9,259,504,51.4,3587,1173,162,228,71.1,79,161,49.1,11,44,25.0,4,3.2,1.8,#ERROR!,21,13,23,11,28,Matchs
302,Grant Hanley,sct SCO,DF,Norwich City,30,1991,38.3,1816,2105,86.3,37116,11131,501,569,88.0,1079,1166,92.5,219,315,69.5,1,0.3,0.8,#ERROR!,3,77,4,0,97,Matchs
303,Wes Harding,jm JAM,"DF,AT",Rotherham Utd,25,1996,35.1,940,1505,62.5,17846,8060,391,497,78.7,388,587,66.1,145,354,41.0,3,2.1,2.0,#ERROR!,11,98,17,10,97,Matchs
304,Kian Harratt,eng ENG,"AT,MT",Huddersfield,20,2002,0.2,4,7,57.1,73,24,2,4,50.0,2,3,66.7,0,0,,0,0.0,0.0,0.0,0,1,0,0,1,Matchs
305,Mark Harris,wls WAL,AT,Cardiff City,23,1998,17.9,264,351,75.2,3510,627,177,202,87.6,69,93,74.2,6,19,31.6,0,2.5,2.7,-2.5,22,10,8,0,28,Matchs
306,Taylor Harwood-Bellis,eng ENG,DF,Burnley,20,2002,30.7,2222,2615,85.0,46872,18028,591,645,91.6,1330,1422,93.5,294,504,58.3,2,0.9,1.8,#ERROR!,6,188,8,2,177,Matchs
307,Kortney Hause,eng ENG,DF,Watford,27,1995,2.1,92,123,74.8,1843,556,30,39,76.9,46,50,92.0,14,26,53.8,0,0.0,0.1,0.0,0,10,2,1,4,Matchs
308,Isaac Hayden,eng ENG,MT,Norwich City,27,1995,9.0,386,481,80.2,7084,1394,155,180,86.1,170,196,86.7,48,67,71.6,0,0.0,0.1,0.0,0,25,0,0,21,Matchs
309,Jaheim Headley,eng ENG,"DF,AT",Huddersfield,20,2001,7.5,132,200,66.0,1948,530,75,97,77.3,49,66,74.2,5,19,26.3,1,0.2,0.4,#ERROR!,3,8,5,3,9,Matchs
310,Ryan Hedges,wls WAL,"AT,DF",Blackburn,27,1995,27.7,920,1281,71.8,14446,4604,522,616,84.7,277,372,74.5,83,195,42.6,4,4.2,4.7,-0.2,43,78,41,13,120,Matchs
311,Michał Helik,pl POL,DF,Huddersfield,26,1995,35.9,996,1352,73.7,20304,8176,271,343,79.0,605,733,82.5,108,235,46.0,2,1.4,1.8,#ERROR!,9,46,3,1,62,Matchs
312,Robbie Hemfrey,sct SCO,GB,Rotherham Utd,20,2002,0.5,9,15,60.0,450,435,0,0,,1,1,100.0,8,14,57.1,0,0.0,0.0,0.0,0,0,0,0,0,Matchs
313,Jeff Hendrick,ie IRL,MT,Reading,30,1992,44.7,949,1239,76.6,15550,3842,449,541,83.0,404,483,83.6,69,143,48.3,1,2.3,1.5,-1.3,16,85,15,3,111,Matchs
314,Onel Hernández,cu CUB,"AT,MT",Norwich City,29,1993,20.7,428,596,71.8,6284,1440,245,296,82.8,143,197,72.6,21,45,46.7,5,3.8,4.2,#ERROR!,48,18,24,5,51,Matchs
315,Scott High,sct SCO,"MT,AT",Rotherham Utd,21,2001,4.0,102,135,75.6,1768,602,45,50,90.0,39,52,75.0,13,21,61.9,0,0.3,0.4,-0.3,3,11,5,2,11,Matchs
316,Scott High,sct SCO,MT,Huddersfield,21,2001,5.7,132,180,73.3,2206,621,68,84,81.0,46,61,75.4,13,25,52.0,0,0.1,0.2,-0.1,3,11,4,1,23,Matchs
317,George Hirst,eng ENG,AT,Blackburn,23,1999,3.1,44,67,65.7,591,79,32,44,72.7,9,16,56.3,2,3,66.7,0,0.2,0.1,-0.2,2,3,2,0,3,Matchs
318,Wesley Hoedt,nl NED,DF,Watford,28,1994,13.8,717,914,78.4,15811,6196,222,262,84.7,350,413,84.7,136,211,64.5,0,0.2,0.3,-0.2,2,63,4,3,69,Matchs
319,Ki-Jana Hoever,nl NED,DF,Stoke City,20,2002,11.6,359,521,68.9,6313,2425,170,209,81.3,140,194,72.2,42,80,52.5,1,1.9,1.4,-0.9,11,35,13,6,40,Matchs
320,Scott Hogan,ie IRL,AT,Birmingham City,30,1992,30.2,292,412,70.9,4227,499,150,197,76.1,109,139,78.4,11,26,42.3,1,1.7,1.6,-0.7,26,7,13,3,20,Matchs
321,Jonathan Hogg,eng ENG,MT,Huddersfield,33,1988,26.5,919,1140,80.6,15850,5373,410,471,87.0,410,471,87.0,77,153,50.3,1,1.3,0.9,-0.3,8,96,4,0,83,Matchs
322,Junior Hoilett,ca CAN,"DF,AT",Reading,32,1990,28.3,620,934,66.4,10274,3549,332,398,83.4,216,300,72.0,65,171,38.0,0,3.1,3.7,-3.1,44,52,29,16,81,Matchs
323,Bradley Holmes,eng ENG,MT,Blackpool,19,2002,0.4,2,5,40.0,22,5,2,4,50.0,0,1,0.0,0,0,,0,0.0,0.0,0.0,0,1,0,0,0,Matchs
324,Duane Holmes,us USA,"MT,AT",Huddersfield,27,1994,18.1,418,578,72.3,6704,1735,225,265,84.9,146,210,69.5,32,66,48.5,2,3.8,2.6,-1.8,28,40,10,5,51,Matchs
325,Tom Holmes,eng ENG,DF,Reading,22,2000,37.9,1195,1577,75.8,25331,10442,363,427,85.0,603,699,86.3,216,392,55.1,0,1.2,1.2,-1.2,10,74,8,5,85,Matchs
Clt,Joueur,Nation,Pos,Équipe,Âge,Naissance,90,Cmp,Att,Cmp%,TotDist,DistBut,Cmp,Att,Cmp%,Cmp,Att,Cmp%,Cmp,Att,Cmp%,PD,xAG,xA,A-xAG,PC,1/3,PPA,CntSR,PrgP,Matchs
326,Joel Holvey,,MT,Rotherham Utd,,,0.1,1,2,50.0,9,2,1,1,100.0,0,0,,0,1,0.0,0,0.0,0.0,0.0,0,0,0,0,0,Matchs
327,George Honeyman,eng ENG,"AT,MT",Millwall,27,1994,23.8,538,761,70.7,9135,2563,268,314,85.4,179,244,73.4,68,135,50.4,3,5.2,4.1,-2.2,57,32,23,13,53,Matchs
328,Matthew Hoppe,us USA,AT,Middlesbrough,21,2001,0.8,18,25,72.0,257,54,9,10,90.0,7,8,87.5,1,4,25.0,0,0.1,0.0,-0.1,1,2,1,0,2,Matchs
329,Ethan Horvath,us USA,GB,Luton Town,27,1995,44.0,768,1399,54.9,30423,26260,78,81,96.3,264,270,97.8,420,1034,40.6,0,0.0,0.2,0.0,0,76,0,0,0,Matchs
330,Ryan Howley,wls WAL,MT,Coventry City,18,2003,2.0,33,55,60.0,538,108,14,23,60.9,17,20,85.0,1,4,25.0,0,0.0,0.1,0.0,0,3,0,0,5,Matchs
331,Jonny Howson,eng ENG,MT,Middlesbrough,34,1988,41.2,2132,2644,80.6,37065,11715,939,1032,91.0,927,1052,88.1,206,429,48.0,3,3.8,4.9,-0.8,37,235,33,7,251,Matchs
332,Niall Huggins,wls WAL,DF,Sunderland,21,2000,1.0,21,35,60.0,311,198,10,15,66.7,9,12,75.0,1,5,20.0,0,0.0,0.0,0.0,0,2,0,0,5,Matchs
333,Andrew Hughes,wls WAL,DF,Preston,30,1992,25.8,943,1338,70.5,17239,7665,371,441,84.1,436,566,77.0,106,257,41.2,2,1.8,1.2,#ERROR!,14,85,15,10,91,Matchs
334,Charlie Hughes,eng ENG,DF,Wigan Athletic,18,2003,16.8,639,882,72.4,13663,4727,197,231,85.3,325,381,85.3,109,244,44.7,0,0.4,0.3,-0.4,8,46,6,4,48,Matchs
335,Jordan Hugill,eng ENG,"AT,MT",Norwich City,30,1992,0.8,15,22,68.2,205,70,8,10,80.0,4,6,66.7,1,1,100.0,0,0.0,0.1,0.0,0,3,2,0,3,Matchs
336,Jordan Hugill,eng ENG,AT,Rotherham Utd,30,1992,15.7,130,278,46.8,1662,563,83,148,56.1,31,76,40.8,6,12,50.0,0,0.7,0.5,-0.7,8,23,5,0,23,Matchs
337,Trai Hume,nir NIR,DF,Sunderland,20,2002,24.2,1205,1464,82.3,18583,7168,650,721,90.2,446,531,84.0,71,120,59.2,2,1.6,1.2,#ERROR!,12,77,9,2,81,Matchs
338,Cameron Humphreys,eng ENG,DF,Rotherham Utd,23,1998,34.6,791,1137,69.6,15878,6813,268,350,76.6,397,507,78.3,113,230,49.1,0,0.7,0.3,-0.7,8,69,2,1,76,Matchs
339,Stephen Humphrys,eng ENG,AT,Wigan Athletic,24,1997,0.4,3,8,37.5,58,19,1,1,100.0,2,3,66.7,0,0,,0,0.1,0.0,-0.1,1,1,1,0,1,Matchs
340,Joseph Hungbo,eng ENG,AT,Watford,22,2000,1.1,17,33,51.5,240,90,12,16,75.0,3,8,37.5,2,8,25.0,0,0.1,0.2,-0.1,2,0,1,0,2,Matchs
341,Joseph Hungbo,eng ENG,"AT,MT",Huddersfield,22,2000,7.4,77,114,67.5,1086,258,46,57,80.7,23,33,69.7,5,10,50.0,1,0.8,0.5,#ERROR!,7,2,5,3,8,Matchs
342,James Husband,eng ENG,DF,Blackpool,28,1994,23.9,804,1195,67.3,15737,6840,332,398,83.4,354,497,71.2,112,254,44.1,1,1.7,1.2,-0.7,14,76,18,9,87,Matchs
343,Sam Hutchinson,eng ENG,"DF,MT",Reading,32,1989,8.7,285,351,81.2,6249,2107,68,77,88.3,172,195,88.2,44,75,58.7,1,0.4,0.1,#ERROR!,1,21,0,0,13,Matchs
344,Shaun Hutchinson,eng ENG,DF,Millwall,31,1990,21.7,625,903,69.2,13220,5565,188,247,76.1,308,392,78.6,117,226,51.8,0,0.7,0.8,-0.7,6,40,7,0,41,Matchs
345,Dominic Hyam,sct SCO,DF,Blackburn,26,1995,36.1,2219,2601,85.3,45189,15593,697,789,88.3,1206,1321,91.3,296,441,67.1,2,0.9,0.5,#ERROR!,8,71,3,0,92,Matchs
346,Dominic Hyam,sct SCO,DF,Coventry City,26,1995,2.0,77,103,74.8,1154,529,40,47,85.1,31,39,79.5,3,12,25.0,0,0.0,0.0,0.0,0,6,0,0,7,Matchs
347,Adam Idah,ie IRL,"AT,MT",Norwich City,21,2001,12.9,217,311,69.8,2961,521,122,163,74.8,74,96,77.1,5,15,33.3,1,1.0,1.0,0.0,10,14,10,3,23,Matchs
348,Tom Ince,eng ENG,"MT,AT",Reading,30,1992,36.3,918,1294,70.9,18297,5795,380,439,86.6,349,440,79.3,168,352,47.7,4,5.5,7.3,-1.5,60,106,44,17,136,Matchs
349,Matt Ingram,eng ENG,GB,Hull City,28,1993,22.0,640,881,72.6,15532,10717,198,200,99.0,274,278,98.6,162,395,41.0,0,0.1,0.0,-0.1,2,11,0,0,0,Matchs
350,Tim Iroegbunam,eng ENG,"MT,AT",QPR,19,2003,25.3,671,859,78.1,10612,2720,334,406,82.3,256,308,83.1,49,73,67.1,0,0.7,1.0,-0.7,18,62,13,1,88,Matchs
Clt,Joueur,Nation,Pos,Équipe,Âge,Naissance,90,Cmp,Att,Cmp%,TotDist,DistBut,Cmp,Att,Cmp%,Cmp,Att,Cmp%,Cmp,Att,Cmp%,PD,xAG,xA,A-xAG,PC,1/3,PPA,CntSR,PrgP,Matchs
351,Vakoun Issouf Bayo,ci CIV,AT,Watford,25,1997,10.4,144,204,70.6,1976,413,89,119,74.8,32,44,72.7,12,18,66.7,1,1.2,1.3,-0.2,16,7,8,2,15,Matchs
352,Harvey Isted,eng ENG,GB,Luton Town,25,1997,1.0,28,42,66.7,828,650,4,4,100.0,10,10,100.0,14,28,50.0,0,0.0,0.0,0.0,0,2,0,0,0,Matchs
353,Ben Jackson,eng ENG,"AT,DF",Huddersfield,21,2001,13.6,206,398,51.8,3814,1572,98,135,72.6,74,120,61.7,29,107,27.1,1,1.3,1.4,-0.3,13,16,13,8,19,Matchs
354,Phil Jagielka,eng ENG,DF,Stoke City,39,1982,26.4,1339,1613,83.0,28502,9686,339,385,88.1,782,853,91.7,207,347,59.7,1,0.3,0.5,#ERROR!,3,30,2,1,43,Matchs
355,Jordan James,wls WAL,MT,Birmingham City,18,2004,11.6,258,359,71.9,5178,1532,95,110,86.4,108,138,78.3,46,86,53.5,0,0.3,0.3,-0.3,5,41,5,0,48,Matchs
356,Matty James,eng ENG,MT,Bristol City,31,1991,32.9,1140,1430,79.7,20592,5876,495,548,90.3,477,554,86.1,131,267,49.1,0,1.7,2.4,-1.7,24,105,16,5,112,Matchs
357,William Jarvis,eng ENG,MT,Hull City,19,2002,0.4,9,15,60.0,134,38,4,6,66.7,5,7,71.4,0,0,,0,0.0,0.0,0.0,0,1,0,0,1,Matchs
358,Daniel Jebbison,eng ENG,AT,Sheffield Utd,18,2003,5.5,57,85,67.1,620,220,37,55,67.3,13,16,81.3,0,2,0.0,1,1.3,0.9,-0.3,9,4,4,0,11,Matchs
359,Cameron Jerome,eng ENG,AT,Luton Town,35,1986,3.9,56,101,55.4,676,159,38,58,65.5,14,21,66.7,1,8,12.5,1,0.6,0.3,#ERROR!,5,4,2,0,11,Matchs
360,Lucas João,ao ANG,AT,Reading,28,1993,20.9,247,348,71.0,3415,434,148,202,73.3,69,92,75.0,13,17,76.5,2,1.0,0.9,#ERROR!,16,13,5,0,19,Matchs
361,João Pedro,br BRA,"MT,AT",Watford,20,2001,31.0,952,1334,71.4,14671,4011,517,638,81.0,298,397,75.1,84,164,51.2,4,4.0,4.1,0.0,45,99,54,10,151,Matchs
362,Stefan Johansen,no NOR,MT,QPR,31,1991,19.0,763,994,76.8,13077,4742,355,406,87.4,298,355,83.9,85,182,46.7,6,3.2,3.2,#ERROR!,38,75,14,2,80,Matchs
363,Viktor Johansson,se SWE,GB,Rotherham Utd,23,1998,43.0,532,1380,38.6,25810,23415,24,24,100.0,109,110,99.1,399,1236,32.3,0,0.0,0.2,0.0,0,75,0,0,1,Matchs
364,Ryan John Giles,eng ENG,DF,Middlesbrough,22,2000,42.6,1758,2522,69.7,29151,9823,896,1020,87.8,685,903,75.9,146,441,33.1,11,13.4,11.6,-2.4,87,82,73,48,107,Matchs
365,Daniel Johnson,jm JAM,"MT,AT",Preston,29,1992,23.7,756,1019,74.2,11588,3378,401,462,86.8,245,324,75.6,68,142,47.9,3,2.7,2.6,#ERROR!,40,82,29,4,97,Matchs
366,Joseph Johnson,eng ENG,DF,Luton Town,16,2006,0.4,10,15,66.7,142,43,7,9,77.8,2,3,66.7,1,2,50.0,0,0.0,0.0,0.0,1,0,1,0,1,Matchs
367,Alfie Jones,eng ENG,DF,Hull City,24,1997,39.1,1844,2227,82.8,35249,13856,666,741,89.9,1000,1084,92.3,164,327,50.2,0,0.4,0.7,-0.4,7,85,7,1,77,Matchs
368,Callum Jones,wls WAL,AT,Hull City,21,2001,0.1,3,3,100.0,40,0,1,1,100.0,2,2,100.0,0,0,,0,0.0,0.0,0.0,0,1,0,0,0,Matchs
369,Isaiah Jones,eng ENG,"AT,DF",Middlesbrough,23,1999,26.3,822,1077,76.3,11699,2719,509,576,88.4,270,342,78.9,28,74,37.8,5,4.9,4.4,#ERROR!,42,33,52,12,77,Matchs
370,Jamie Jones,eng ENG,GB,Wigan Athletic,33,1989,16.4,316,545,58.0,11116,9173,75,76,98.7,92,96,95.8,146,368,39.7,0,0.1,0.1,-0.1,1,25,3,0,0,Matchs
371,Patrick Jones,wls WAL,"MT,AT",Huddersfield,19,2003,1.9,22,34,64.7,337,63,12,13,92.3,9,14,64.3,1,2,50.0,0,0.5,0.5,-0.5,3,0,2,1,3,Matchs
372,Lukas Jutkiewicz,eng ENG,AT,Birmingham City,33,1989,20.6,249,559,44.5,3469,1143,150,294,51.0,72,174,41.4,11,29,37.9,2,1.6,1.4,#ERROR!,18,43,9,3,53,Matchs
373,Sory Kaba,gn GUI,AT,Cardiff City,27,1995,12.7,108,204,52.9,1570,310,64,108,59.3,29,46,63.0,8,19,42.1,1,1.1,0.4,-0.1,10,14,2,0,19,Matchs
374,Christian Kabasele,be BEL,DF,Watford,31,1991,20.7,866,1065,81.3,16735,5923,279,314,88.9,495,566,87.5,86,152,56.6,0,0.1,0.4,-0.1,2,39,2,0,46,Matchs
375,Dylan Kadji,eng ENG,"MT,DF",Bristol City,18,2003,0.3,9,12,75.0,161,27,1,2,50.0,6,6,100.0,1,1,100.0,0,0.0,0.0,0.0,0,0,1,0,1,Matchs
Clt,Joueur,Nation,Pos,Équipe,Âge,Naissance,90,Cmp,Att,Cmp%,TotDist,DistBut,Cmp,Att,Cmp%,Cmp,Att,Cmp%,Cmp,Att,Cmp%,PD,xAG,xA,A-xAG,PC,1/3,PPA,CntSR,PrgP,Matchs
376,Osman Kakay,sl SLE,"DF,AT",QPR,24,1997,13.8,373,568,65.7,5676,2241,209,241,86.7,125,197,63.5,25,85,29.4,1,0.7,1.0,#ERROR!,11,19,12,10,33,Matchs
377,Tomáš Kalas,cz CZE,DF,Bristol City,29,1993,3.5,168,200,84.0,3057,1231,65,69,94.2,88,103,85.4,12,21,57.1,0,0.0,0.0,0.0,0,6,0,0,10,Matchs
378,Samuel Kalu,ng NGA,"AT,MT",Watford,24,1997,2.6,60,79,75.9,1009,234,29,36,80.6,17,19,89.5,9,14,64.3,0,1.0,0.7,-1.0,8,4,3,0,6,Matchs
379,Abu Kamara,eng ENG,AT,Norwich City,19,2003,0.4,9,11,81.8,154,29,4,5,80.0,3,4,75.0,1,1,100.0,0,0.0,0.0,0.0,0,1,0,0,1,Matchs
380,Hassane Kamara,ci CIV,DF,Watford,28,1994,29.0,1310,1743,75.2,21146,8178,664,769,86.3,524,669,78.3,94,204,46.1,2,3.6,3.2,-1.6,26,100,27,15,132,Matchs
381,Florian Kamberi,ch SUI,AT,Huddersfield,27,1995,0.2,2,6,33.3,13,2,2,3,66.7,0,2,0.0,0,0,,0,0.0,0.0,0.0,0,0,0,0,0,Matchs
382,Thomas Kaminski,be BEL,GB,Blackburn,29,1992,28.0,783,1030,76.0,19215,12464,174,177,98.3,397,403,98.5,207,440,47.0,0,0.1,0.0,-0.1,1,7,0,0,1,Matchs
383,Todd Kane,eng ENG,"DF,MT",Coventry City,28,1993,2.7,101,159,63.5,1477,440,61,74,82.4,33,57,57.9,4,17,23.5,0,0.2,0.4,-0.2,3,2,4,2,11,Matchs
384,David Kasumu,eng ENG,"MT,DF",Huddersfield,22,1999,24.6,416,618,67.3,6377,1988,226,278,81.3,141,206,68.4,28,71,39.4,1,0.5,0.8,#ERROR!,11,52,8,2,59,Matchs
385,Edo Kayembe,cd COD,MT,Watford,24,1998,19.7,840,1012,83.0,15771,3759,336,381,88.2,383,419,91.4,101,151,66.9,0,0.4,0.8,-0.4,6,94,10,0,117,Matchs
386,Will Keane,ie IRL,"MT,AT",Wigan Athletic,29,1993,36.4,626,777,80.6,8989,1124,349,398,87.7,184,229,80.3,43,71,60.6,2,1.5,1.0,#ERROR!,22,36,9,0,59,Matchs
387,Georgie Kelly,ie IRL,AT,Rotherham Utd,25,1996,7.8,70,155,45.2,881,159,34,83,41.0,24,42,57.1,1,3,33.3,0,0.9,0.7,-0.9,11,6,0,0,7,Matchs
388,Liam Kelly,sct SCO,MT,Coventry City,32,1990,4.2,143,185,77.3,2289,754,71,84,84.5,55,69,79.7,12,20,60.0,0,0.2,0.1,-0.2,3,16,3,0,17,Matchs
389,Martin Kelly,eng ENG,DF,West Brom,32,1990,4.1,129,157,82.2,2860,1023,31,36,86.1,74,81,91.4,23,36,63.9,0,0.1,0.0,-0.1,1,3,0,0,6,Matchs
390,Martin Kelly,eng ENG,DF,Wigan Athletic,32,1990,0.8,29,35,82.9,480,171,13,14,92.9,13,15,86.7,2,4,50.0,0,0.0,0.0,0.0,0,4,0,0,2,Matchs
391,Jason Kerr,sct SCO,DF,Wigan Athletic,25,1997,13.3,438,627,69.9,8148,3169,182,217,83.9,198,264,75.0,47,119,39.5,1,0.2,0.4,#ERROR!,3,28,4,1,29,Matchs
392,Kaine Kesler-Hayden,eng ENG,"DF,MT",Huddersfield,19,2002,9.8,239,356,67.1,3892,1286,123,154,79.9,91,128,71.1,18,45,40.0,1,1.1,1.0,-0.1,10,14,5,1,21,Matchs
393,Reda Khadra,de GER,"AT,DF",Sheffield Utd,21,2001,4.3,98,139,70.5,1314,334,54,69,78.3,28,41,68.3,4,13,30.8,0,0.7,1.6,-0.7,7,3,8,4,13,Matchs
394,Reda Khadra,de GER,"AT,MT",Birmingham City,21,2001,9.9,119,176,67.6,1652,326,73,88,83.0,34,53,64.2,5,18,27.8,2,0.6,0.4,#ERROR!,8,1,8,2,12,Matchs
395,Gavin Kilkenny,ie IRL,"MT,DF",Stoke City,22,2000,1.1,42,52,80.8,740,218,19,22,86.4,16,21,76.2,6,8,75.0,0,0.2,0.2,-0.2,3,3,2,2,6,Matchs
396,Andy King,wls WAL,"MT,DF",Bristol City,33,1988,15.3,551,724,76.1,9465,2926,238,286,83.2,260,322,80.7,40,82,48.8,1,0.3,0.7,#ERROR!,7,37,14,3,57,Matchs
397,Eli King,wls WAL,MT,Cardiff City,19,2002,0.0,2,2,100.0,28,0,2,2,100.0,0,0,,0,0,,0,0.0,0.0,0.0,0,0,0,0,0,Matchs
398,Peter Kioso,,"DF,AT",Rotherham Utd,23,1998,3.9,64,108,59.3,802,241,42,51,82.4,17,40,42.5,2,10,20.0,0,0.0,0.1,0.0,0,4,1,1,3,Matchs
399,Cédric Kipré,ci CIV,DF,Cardiff City,25,1996,41.2,1233,1595,77.3,24603,9841,394,475,82.9,682,802,85.0,144,270,53.3,0,1.0,1.1,-1.0,16,57,6,0,98,Matchs
400,Timm Klose,ch SUI,DF,Bristol City,34,1988,5.4,172,239,72.0,3274,1313,60,82,73.2,95,112,84.8,15,38,39.5,0,0.0,0.1,0.0,1,6,0,0,7,Matchs
Clt,Joueur,Nation,Pos,Équipe,Âge,Naissance,90,Cmp,Att,Cmp%,TotDist,DistBut,Cmp,Att,Cmp%,Cmp,Att,Cmp%,Cmp,Att,Cmp%,PD,xAG,xA,A-xAG,PC,1/3,PPA,CntSR,PrgP,Matchs
401,Anthony Knockaert,fr FRA,"AT,MT",Huddersfield,30,1991,2.6,91,115,79.1,1170,246,60,67,89.6,23,27,85.2,3,9,33.3,1,0.4,0.7,#ERROR!,3,3,4,1,8,Matchs
402,Ismaël Koné,ca CAN,MT,Watford,20,2002,11.3,341,419,81.4,6159,1199,144,169,85.2,144,168,85.7,42,59,71.2,1,1.0,1.4,0.0,14,34,4,1,47,Matchs
403,Josh Koroma,eng ENG,"AT,MT",Huddersfield,23,1998,13.4,173,297,58.2,2810,789,84,119,70.6,71,100,71.0,13,39,33.3,1,1.4,1.3,-0.4,14,17,10,3,22,Matchs
404,Tim Krul,nl NED,GB,Norwich City,34,1988,16.0,491,614,80.0,13096,8122,69,71,97.2,268,273,98.2,152,267,56.9,0,0.0,0.0,0.0,1,7,1,0,0,Matchs
405,Ethan Laird,eng ENG,DF,QPR,21,2001,28.1,904,1295,69.8,14156,5658,455,546,83.3,363,522,69.5,53,123,43.1,2,2.0,1.3,0.0,23,62,15,1,98,Matchs
406,Callum Lang,eng ENG,"AT,MT",Wigan Athletic,23,1998,28.5,392,567,69.1,6218,1277,202,248,81.5,156,199,78.4,24,53,45.3,4,2.5,2.1,#ERROR!,25,25,24,12,47,Matchs
407,Alex Lankshear,eng ENG,DF,Blackpool,19,2002,0.1,4,7,57.1,48,34,3,4,75.0,1,1,100.0,0,2,0.0,0,0.0,0.0,0.0,0,0,0,0,0,Matchs
408,Henri Lansbury,eng ENG,MT,Luton Town,31,1990,5.1,155,220,70.5,3897,1547,38,45,84.4,72,92,78.3,44,77,57.1,0,0.5,0.7,-0.5,11,33,9,3,33,Matchs
409,Joël Latibeaudière,jm JAM,DF,Swansea City,22,2000,28.9,1742,1942,89.7,26596,6360,992,1045,94.9,615,678,90.7,90,128,70.3,3,2.6,2.6,#ERROR!,24,109,21,9,101,Matchs
410,Josh Laurent,eng ENG,MT,Stoke City,27,1995,29.1,876,1167,75.1,14826,3914,427,522,81.8,330,425,77.6,79,134,59.0,3,3.0,2.4,0.0,25,89,23,7,127,Matchs
411,Shayne Lavery,nir NIR,"AT,MT",Blackpool,23,1998,14.0,122,201,60.7,1795,427,64,88,72.7,46,69,66.7,5,16,31.3,2,0.6,0.5,#ERROR!,7,6,4,1,16,Matchs
412,Ryan Ledson,eng ENG,MT,Preston,24,1997,24.3,612,954,64.2,12195,4573,247,317,77.9,229,321,71.3,116,251,46.2,0,1.4,1.8,-1.4,15,90,23,6,89,Matchs
413,Tom Lees,eng ENG,DF,Huddersfield,31,1990,41.5,1346,1824,73.8,25892,10964,475,581,81.8,703,872,80.6,161,329,48.9,1,0.9,2.2,#ERROR!,13,97,6,1,122,Matchs
414,Lewis Leigh,eng ENG,AT,Preston,18,2003,0.0,1,3,33.3,11,2,1,1,100.0,0,0,,0,2,0.0,0,0.0,0.0,0.0,0,0,0,0,0,Matchs
415,Jonathan Leko,eng ENG,"DF,MT",Birmingham City,23,1999,1.4,34,54,63.0,542,148,18,22,81.8,11,21,52.4,3,5,60.0,0,0.2,0.7,-0.2,1,0,3,1,5,Matchs
416,Darragh Lenihan,ie IRL,DF,Middlesbrough,28,1994,39.8,2429,2887,84.1,45161,17444,925,1027,90.1,1272,1415,89.9,215,377,57.0,3,2.5,1.4,#ERROR!,7,142,6,0,163,Matchs
417,Harry Leonard,eng ENG,"MT,AT",Blackburn,18,2003,0.5,7,8,87.5,82,14,5,5,100.0,2,2,100.0,0,0,,0,0.1,0.1,-0.1,1,0,0,0,0,Matchs
418,Ryan Leonard,eng ENG,"MT,DF",Millwall,30,1992,11.2,259,407,63.6,4938,1964,83,109,76.1,131,188,69.7,35,79,44.3,1,0.9,0.4,#ERROR!,6,25,2,1,28,Matchs
419,Isaac Lihadji,fr FRA,"AT,MT",Sunderland,20,2002,0.9,24,33,72.7,273,82,22,26,84.6,1,3,33.3,1,2,50.0,0,0.0,0.0,0.0,1,0,2,0,5,Matchs
420,Jamie Lindsay,sct SCO,MT,Rotherham Utd,26,1995,21.4,475,638,74.5,6847,1844,275,328,83.8,148,202,73.3,27,55,49.1,0,0.5,0.6,-0.5,4,59,5,1,67,Matchs
421,Liam Lindsay,sct SCO,DF,Preston,26,1995,35.4,1062,1470,72.2,22149,9610,304,390,77.9,583,731,79.8,158,295,53.6,2,0.2,1.1,#ERROR!,3,51,3,2,69,Matchs
422,Jake Livermore,eng ENG,MT,West Brom,32,1989,9.0,260,324,80.2,4733,1115,108,126,85.7,114,138,82.6,34,46,73.9,0,0.2,0.8,-0.2,4,32,2,0,28,Matchs
423,Tom Lockyer,wls WAL,DF,Luton Town,27,1994,38.3,1106,1654,66.9,26175,12792,282,371,76.0,564,745,75.7,245,474,51.7,1,0.9,1.3,#ERROR!,13,108,14,1,101,Matchs
424,George Long,eng ENG,GB,Millwall,28,1993,36.0,464,1050,44.2,19041,16796,41,42,97.6,149,152,98.0,273,851,32.1,0,0.4,0.3,-0.4,5,65,4,0,1,Matchs
425,Kevin Long,ie IRL,DF,Birmingham City,31,1990,16.7,359,527,68.1,7719,2967,104,145,71.7,193,259,74.5,56,107,52.3,0,0.0,0.1,0.0,1,25,1,0,24,Matchs
Clt,Joueur,Nation,Pos,Équipe,Âge,Naissance,90,Cmp,Att,Cmp%,TotDist,DistBut,Cmp,Att,Cmp%,Cmp,Att,Cmp%,Cmp,Att,Cmp%,PD,xAG,xA,A-xAG,PC,1/3,PPA,CntSR,PrgP,Matchs
426,Shane Long,ie IRL,AT,Reading,35,1987,15.9,198,320,61.9,2519,411,130,187,69.5,54,94,57.4,4,12,33.3,1,0.9,0.9,#ERROR!,11,13,3,1,14,Matchs
427,Emmanuel Longelo,eng ENG,"DF,AT",Birmingham City,21,2000,18.7,477,726,65.7,7683,3329,251,301,83.4,162,239,67.8,44,115,38.3,2,2.1,2.9,-0.1,20,38,24,16,51,Matchs
428,Ryan Longman,eng ENG,"AT,MT",Hull City,21,2000,20.9,434,626,69.3,6330,1044,253,321,78.8,125,183,68.3,31,62,50.0,1,1.0,1.5,0.0,14,14,13,6,27,Matchs
429,Mamadou Loum,sn SEN,MT,Reading,25,1996,22.6,609,810,75.2,10006,2875,287,336,85.4,268,339,79.1,37,83,44.6,1,0.3,0.7,#ERROR!,5,52,5,0,65,Matchs
430,Imran Louza,ma MAR,MT,Watford,23,1999,15.9,882,1118,78.9,14899,5028,446,493,90.5,297,346,85.8,108,220,49.1,4,4.3,4.2,-0.3,38,97,13,2,128,Matchs
431,Joseph Low,wls WAL,DF,Bristol City,20,2002,0.1,0,2,0.0,0,0,0,1,0.0,0,0,,0,1,0.0,0,0.0,0.0,0.0,0,0,0,0,0,Matchs
432,Jamal Lowe,jm JAM,"AT,MT",QPR,28,1994,15.3,180,275,65.5,2430,670,98,126,77.8,58,84,69.0,7,22,31.8,2,1.4,1.9,#ERROR!,10,12,10,3,20,Matchs
433,Max Lowe,eng ENG,DF,Sheffield Utd,25,1997,22.3,543,798,68.0,8189,3150,319,388,82.2,182,261,69.7,31,94,33.0,5,2.5,1.9,#ERROR!,16,47,23,7,66,Matchs
434,Nathan Lowe,eng ENG,MT,Stoke City,16,2005,0.0,2,2,100.0,25,0,2,2,100.0,0,0,,0,0,,0,0.0,0.0,0.0,0,1,0,0,0,Matchs
435,Matthew Lowton,eng ENG,DF,Huddersfield,33,1989,6.8,233,342,68.1,4579,2057,104,129,80.6,89,130,68.5,39,72,54.2,0,0.2,0.3,-0.2,4,29,3,1,25,Matchs
436,Joe Lumley,eng ENG,GB,Reading,27,1995,40.3,666,1248,53.4,31722,29026,42,42,100.0,140,143,97.9,483,1057,45.7,1,0.8,0.2,#ERROR!,2,76,0,0,0,Matchs
437,Rohan Luthra,eng ENG,GB,Cardiff City,21,2001,0.0,0,0,,0,0,0,0,,0,0,,0,0,,0,0.0,0.0,0.0,0,0,0,0,0,Matchs
438,Andy Lyons,ie IRL,"DF,AT",Blackpool,21,2000,14.5,280,434,64.5,4342,2038,149,182,81.9,108,166,65.1,15,49,30.6,0,0.5,0.6,-0.5,7,17,5,1,25,Matchs
439,Ian Maatsen,nl NED,DF,Burnley,20,2002,36.5,2189,2715,80.6,37384,9689,1036,1145,90.5,959,1150,83.4,167,315,53.0,6,5.6,6.3,#ERROR!,40,193,41,12,224,Matchs
440,Gary Madine,eng ENG,AT,Blackpool,31,1990,19.6,276,446,61.9,3859,905,166,247,67.2,75,118,63.6,16,19,84.2,4,2.4,1.3,#ERROR!,23,24,12,0,42,Matchs
441,Josh Magennis,nir NIR,AT,Wigan Athletic,31,1990,14.3,134,260,51.5,1865,398,84,141,59.6,34,75,45.3,8,18,44.4,1,1.8,1.0,-0.8,14,14,5,2,18,Matchs
442,Seán Maguire,ie IRL,AT,Preston,28,1994,3.6,69,94,73.4,847,160,41,54,75.9,12,18,66.7,5,6,83.3,0,0.1,0.2,-0.1,2,3,3,0,6,Matchs
443,Seán Maguire,ie IRL,"MT,DF",Coventry City,28,1994,1.2,36,48,75.0,525,121,18,25,72.0,9,12,75.0,4,4,100.0,0,0.0,0.1,0.0,1,5,0,0,5,Matchs
444,Connor Mahoney,eng ENG,"MT,AT",Huddersfield,25,1997,2.0,60,88,68.2,1019,258,27,32,84.4,22,32,68.8,8,15,53.3,0,0.1,0.2,-0.1,1,1,2,1,6,Matchs
445,Jovan Malcolm,eng ENG,AT,West Brom,19,2002,0.0,1,1,100.0,31,0,0,0,,0,0,,1,1,100.0,0,0.0,0.0,0.0,0,0,0,0,0,Matchs
446,Scott Malone,eng ENG,DF,Millwall,31,1991,16.1,523,828,63.2,10893,4915,221,270,81.9,176,265,66.4,116,258,45.0,4,1.8,2.8,#ERROR!,30,49,18,8,56,Matchs
447,Rey Manaj,al ALB,AT,Watford,25,1997,2.1,25,36,69.4,279,52,14,18,77.8,5,7,71.4,1,1,100.0,0,0.3,0.1,-0.3,2,1,1,1,1,Matchs
448,Ryan Manning,ie IRL,DF,Swansea City,26,1996,41.1,2213,2916,75.9,37830,10712,1117,1235,90.4,865,1074,80.5,198,464,42.7,10,11.5,11.4,-1.5,108,105,72,24,173,Matchs
449,Benson Manuel,be BEL,AT,Burnley,25,1997,16.6,553,726,76.2,8476,1366,321,357,89.9,185,237,78.1,38,78,48.7,3,4.1,4.1,-1.1,36,26,26,13,43,Matchs
450,Dilan Markanday,eng ENG,AT,Blackburn,20,2001,0.4,11,15,73.3,174,47,6,8,75.0,5,7,71.4,0,0,,0,0.0,0.0,0.0,0,2,1,0,2,Matchs
Clt,Joueur,Nation,Pos,Équipe,Âge,Naissance,90,Cmp,Att,Cmp%,TotDist,DistBut,Cmp,Att,Cmp%,Cmp,Att,Cmp%,Cmp,Att,Cmp%,PD,xAG,xA,A-xAG,PC,1/3,PPA,CntSR,PrgP,Matchs
451,Marquinhos,br BRA,"AT,MT",Norwich City,19,2003,7.0,167,214,78.0,2890,542,82,95,86.3,63,78,80.8,18,27,66.7,1,0.3,0.2,#ERROR!,5,6,4,0,12,Matchs
452,Chris Martin,sct SCO,AT,Bristol City,33,1988,5.7,117,170,68.8,1411,481,79,106,74.5,26,39,66.7,3,8,37.5,0,0.1,0.2,-0.1,2,13,4,0,17,Matchs
453,Chris Martin,sct SCO,AT,QPR,33,1988,11.6,153,276,55.4,1833,561,98,155,63.2,38,70,54.3,3,12,25.0,0,0.2,0.5,-0.2,6,15,8,0,27,Matchs
454,Matheus Martins,br BRA,"MT,AT",Watford,19,2003,3.9,68,110,61.8,1255,411,25,32,78.1,31,44,70.5,10,25,40.0,1,1.0,0.8,0.0,11,5,8,1,13,Matchs
455,Han-Noah Massengo,fr FRA,MT,Bristol City,21,2001,5.5,165,208,79.3,2706,674,83,95,87.4,68,79,86.1,12,22,54.5,0,0.0,0.1,0.0,0,14,0,0,25,Matchs
456,Conor Masterson,ie IRL,MT,QPR,23,1998,0.0,2,3,66.7,54,31,1,1,100.0,0,1,0.0,1,1,100.0,0,0.0,0.0,0.0,0,1,0,0,1,Matchs
457,Jay Matete,eng ENG,"MT,AT",Sunderland,21,2001,1.8,56,69,81.2,865,191,24,28,85.7,25,28,89.3,2,5,40.0,0,0.0,0.1,0.0,0,5,2,0,8,Matchs
458,Noah Mawene,eng ENG,MT,Preston,17,2005,0.0,0,0,,0,0,0,0,,0,0,,0,0,,0,0.0,0.0,0.0,0,0,0,0,0,Matchs
459,Chris Maxwell,wls WAL,GB,Blackpool,32,1990,28.0,509,863,59.0,17481,14076,67,68,98.5,205,208,98.6,237,585,40.5,0,0.1,0.1,-0.1,1,23,0,0,0,Matchs
460,Amadou Mbengue,sn SEN,DF,Reading,20,2002,18.8,541,768,70.4,10904,4953,191,223,85.7,256,349,73.4,85,168,50.6,0,0.3,0.5,-0.3,7,42,4,2,51,Matchs
461,Luke Mbete-Tatu,eng ENG,DF,Huddersfield,18,2003,2.3,106,122,86.9,2092,728,31,34,91.2,64,70,91.4,11,16,68.8,0,0.0,0.0,0.0,0,5,0,0,12,Matchs
462,James Mcatee,eng ENG,MT,Sheffield Utd,19,2002,21.1,545,741,73.5,8090,1974,300,358,83.8,182,240,75.8,32,71,45.1,3,4.3,3.3,-1.3,35,53,32,8,85,Matchs
463,Oliver McBurnie,sct SCO,AT,Sheffield Utd,26,1996,24.7,417,680,61.3,4771,1196,292,429,68.1,69,127,54.3,11,23,47.8,2,3.1,2.9,-1.1,20,36,12,1,54,Matchs
464,Sam McCallum,eng ENG,DF,Norwich City,21,2000,12.6,543,775,70.1,10496,4054,233,270,86.3,222,292,76.0,82,163,50.3,1,1.0,1.2,0.0,9,43,13,7,65,Matchs
465,Alistair McCann,nir NIR,MT,Preston,22,1999,21.1,607,796,76.3,9086,2202,329,394,83.5,213,271,78.6,33,63,52.4,0,1.3,0.8,-1.3,15,46,13,3,70,Matchs
466,Jamie McCart,sct SCO,DF,Rotherham Utd,25,1997,2.0,96,131,73.3,1947,947,30,42,71.4,52,58,89.7,14,30,46.7,0,0.2,0.4,-0.2,2,10,3,1,17,Matchs
467,James McClean,ie IRL,"DF,AT",Wigan Athletic,33,1989,44.5,1361,2047,66.5,22910,7835,718,831,86.4,472,645,73.2,142,436,32.6,8,7.7,7.5,#ERROR!,73,59,53,39,101,Matchs
468,Kyle McFadzean,sct SCO,DF,Coventry City,35,1987,32.4,1030,1328,77.6,22179,8790,286,339,84.4,559,637,87.8,173,305,56.7,0,0.9,0.8,-0.9,7,41,4,1,58,Matchs
469,Riley McGree,au AUS,"AT,MT",Middlesbrough,23,1998,33.5,1292,1609,80.3,17886,4125,785,890,88.2,368,456,80.7,60,110,54.5,3,4.8,6.1,-1.8,47,84,40,8,168,Matchs
470,Mark McGuinness,ie IRL,DF,Cardiff City,21,2001,19.0,530,701,75.6,10681,3130,165,218,75.7,288,347,83.0,71,113,62.8,0,0.9,0.2,-0.9,4,26,2,0,39,Matchs
471,Tom McIntyre,sct SCO,"DF,MT",Reading,23,1998,34.6,1131,1518,74.5,20373,7309,483,591,81.7,527,640,82.3,99,214,46.3,1,1.8,1.2,-0.8,13,98,13,4,96,Matchs
472,Kenny McLean,sct SCO,"MT,DF",Norwich City,30,1992,34.0,1721,2167,79.4,31362,12169,761,862,88.3,731,859,85.1,187,347,53.9,3,2.5,2.2,#ERROR!,22,234,38,1,223,Matchs
473,Sean McLoughlin,ie IRL,DF,Hull City,25,1996,23.8,1249,1502,83.2,22845,7912,498,548,90.9,643,694,92.7,96,221,43.4,1,1.1,0.3,-0.1,5,67,3,0,46,Matchs
474,Paddy McNair,nir NIR,"DF,MT",Middlesbrough,27,1995,24.9,1333,1636,81.5,24386,8594,533,579,92.1,667,745,89.5,120,262,45.8,0,1.4,1.4,-1.4,11,104,16,7,109,Matchs
475,Luke McNally,ie IRL,"DF,MT",Burnley,22,1999,0.0,2,2,100.0,22,12,2,2,100.0,0,0,,0,0,,0,0.0,0.0,0.0,0,0,0,0,0,Matchs
Clt,Joueur,Nation,Pos,Équipe,Âge,Naissance,90,Cmp,Att,Cmp%,TotDist,DistBut,Cmp,Att,Cmp%,Cmp,Att,Cmp%,Cmp,Att,Cmp%,PD,xAG,xA,A-xAG,PC,1/3,PPA,CntSR,PrgP,Matchs
476,Luke McNally,ie IRL,DF,Coventry City,22,1999,19.0,517,735,70.3,9225,3848,222,272,81.6,246,313,78.6,42,124,33.9,0,0.3,0.1,-0.3,4,30,3,0,53,Matchs
477,Dan McNamara,ie IRL,DF,Millwall,23,1998,39.8,1255,1846,68.0,20737,9487,641,756,84.8,470,673,69.8,113,294,38.4,1,1.6,2.0,-0.6,19,140,37,18,168,Matchs
478,Anis Mehmeti,al ALB,AT,Bristol City,21,2001,8.1,137,221,62.0,1929,505,82,103,79.6,42,60,70.0,7,26,26.9,1,0.9,1.3,#ERROR!,10,11,12,8,23,Matchs
479,Yakou Méïte,ci CIV,AT,Reading,26,1996,15.8,122,236,51.7,1706,301,82,130,63.1,31,60,51.7,5,15,33.3,3,0.8,0.5,#ERROR!,15,7,4,0,18,Matchs
480,Hannibal Mejbri,tn TUN,"MT,AT",Birmingham City,19,2003,21.6,499,783,63.7,8502,2530,248,299,82.9,147,210,70.0,69,183,37.7,5,3.9,2.8,#ERROR!,35,45,15,6,76,Matchs
481,Edouard Michut,fr FRA,MT,Sunderland,19,2003,12.6,450,517,87.0,7423,1475,216,234,92.3,195,209,93.3,30,49,61.2,0,0.4,0.7,-0.4,5,28,3,0,42,Matchs
482,Billy Mitchell,eng ENG,MT,Millwall,22,2000,33.3,1195,1520,78.6,22496,5033,492,589,83.5,505,600,84.2,167,244,68.4,1,0.9,1.7,#ERROR!,19,136,25,7,164,Matchs
483,Clinton Mola,eng ENG,DF,Blackburn,21,2001,2.1,94,116,81.0,1409,414,52,55,94.5,36,43,83.7,3,8,37.5,0,0.0,0.0,0.0,0,5,0,0,2,Matchs
484,Jayson Molumby,ie IRL,MT,West Brom,22,1999,32.3,1354,1594,84.9,22884,4696,623,720,86.5,602,659,91.4,95,138,68.8,4,2.5,1.9,#ERROR!,18,127,12,2,147,Matchs
485,Liam Moore,jm JAM,DF,Reading,29,1993,0.7,30,43,69.8,586,230,12,15,80.0,13,16,81.3,5,11,45.5,0,0.0,0.0,0.0,0,2,0,0,3,Matchs
486,Simon Moore,eng ENG,GB,Coventry City,32,1990,3.0,75,91,82.4,1900,1451,18,18,100.0,33,33,100.0,23,38,60.5,0,0.0,0.0,0.0,1,0,0,0,0,Matchs
487,Carlton Morris,eng ENG,AT,Luton Town,26,1995,37.4,611,984,62.1,8531,1887,364,518,70.3,181,293,61.8,33,64,51.6,6,5.1,5.7,#ERROR!,49,51,28,8,78,Matchs
488,James Morris,eng ENG,DF,Watford,20,2001,5.9,236,332,71.1,3711,1616,133,154,86.4,85,114,74.6,15,43,34.9,0,0.4,0.6,-0.4,3,19,11,9,26,Matchs
489,Sean Morrison,eng ENG,DF,Rotherham Utd,31,1991,1.9,11,29,37.9,188,125,5,11,45.5,6,11,54.5,0,5,0.0,0,0.0,0.0,0.0,0,2,0,0,3,Matchs
490,Tyler Morton,eng ENG,MT,Blackburn,19,2002,30.9,1516,1904,79.6,27962,7715,656,731,89.7,598,682,87.7,209,384,54.4,2,3.5,3.5,-1.5,44,133,23,4,143,Matchs
491,Alex Mowatt,eng ENG,MT,West Brom,27,1995,0.0,0,1,0.0,0,0,0,0,,0,0,,0,0,,0,0.0,0.0,0.0,0,0,0,0,0,Matchs
492,Alex Mowatt,eng ENG,MT,Middlesbrough,27,1995,12.7,689,807,85.4,10778,3029,348,373,93.3,269,300,89.7,41,81,50.6,2,1.5,1.9,#ERROR!,14,64,18,1,81,Matchs
493,Rodrigo Muniz,br BRA,AT,Middlesbrough,21,2001,9.9,47,94,50.0,684,182,25,46,54.3,18,34,52.9,2,2,100.0,0,0.4,0.3,-0.4,5,4,3,0,8,Matchs
494,Arijanet Muric,xk KVX,GB,Burnley,23,1998,40.2,1302,1594,81.7,31647,20132,341,346,98.6,619,634,97.6,338,600,56.3,0,0.2,0.3,-0.2,2,16,1,0,6,Matchs
495,Admiral Muskwe,zw ZIM,AT,Luton Town,23,1998,1.2,19,23,82.6,276,24,11,13,84.6,7,7,100.0,1,2,50.0,0,0.0,0.0,0.0,0,1,0,0,0,Matchs
496,Kal Naismith,sct SCO,"DF,MT",Bristol City,30,1992,21.9,1056,1516,69.7,22490,9491,357,420,85.0,486,598,81.3,198,448,44.2,2,1.8,1.8,#ERROR!,21,100,12,2,84,Matchs
497,Marvelous Nakamba,zw ZIM,MT,Luton Town,28,1994,15.8,463,573,80.8,7530,2506,244,287,85.0,170,195,87.2,39,63,61.9,0,0.2,0.6,-0.2,6,56,6,1,71,Matchs
498,Yuta Nakayama,jp JPN,DF,Huddersfield,25,1997,12.0,533,676,78.8,8982,3929,250,288,86.8,232,279,83.2,41,80,51.3,0,1.2,1.2,-1.2,9,40,4,1,39,Matchs
499,Kyle Naughton,eng ENG,DF,Swansea City,33,1988,16.9,1134,1295,87.6,17596,6356,628,667,94.2,425,469,90.6,66,118,55.9,1,1.1,1.4,-0.1,13,93,15,1,91,Matchs
500,Tom Naylor,eng ENG,MT,Wigan Athletic,31,1991,22.3,623,821,75.9,11178,2617,262,316,82.9,273,333,82.0,65,123,52.8,1,1.0,0.9,0.0,12,64,5,2,59,Matchs
Clt,Joueur,Nation,Pos,Équipe,Âge,Naissance,90,Cmp,Att,Cmp%,TotDist,DistBut,Cmp,Att,Cmp%,Cmp,Att,Cmp%,Cmp,Att,Cmp%,PD,xAG,xA,A-xAG,PC,1/3,PPA,CntSR,PrgP,Matchs
501,Iliman Ndiaye,sn SEN,"AT,MT",Sheffield Utd,22,2000,41.1,857,1059,80.9,11258,2296,541,618,87.5,251,307,81.8,23,35,65.7,11,6.8,3.7,#ERROR!,51,55,34,1,97,Matchs
502,Daniel Neil,eng ENG,MT,Sunderland,21,2001,39.8,1592,1937,82.2,27054,8241,739,843,87.7,669,767,87.2,134,203,66.0,4,3.3,2.4,#ERROR!,31,196,27,2,231,Matchs
503,Curtis Nelson,eng ENG,DF,Cardiff City,29,1993,5.3,178,219,81.3,3590,1304,56,66,84.8,103,118,87.3,19,30,63.3,0,0.0,0.0,0.0,1,12,0,0,18,Matchs
504,Curtis Nelson,eng ENG,DF,Blackpool,29,1993,17.0,450,668,67.4,9281,4210,153,204,75.0,223,289,77.2,70,149,47.0,0,0.4,0.1,-0.4,8,34,1,0,37,Matchs
505,Perry Ng,eng ENG,DF,Cardiff City,26,1996,41.3,1590,2110,75.4,30834,13485,590,676,87.3,784,975,80.4,201,382,52.6,2,2.1,2.4,-0.1,25,180,29,10,191,Matchs
506,Jeremy Ngakia,eng ENG,DF,Watford,21,2000,9.2,267,389,68.6,4417,1953,134,162,82.7,111,148,75.0,16,46,34.8,0,0.3,0.6,-0.3,7,23,12,5,37,Matchs
507,Lee Nicholls,eng ENG,GB,Huddersfield,29,1992,28.0,562,893,62.9,16181,12778,121,122,99.2,246,249,98.8,193,517,37.3,0,0.0,0.0,0.0,0,15,0,0,0,Matchs
508,Niels Nkounkou,fr FRA,DF,Cardiff City,21,2000,13.6,480,715,67.1,9122,4043,218,258,84.5,193,288,67.0,62,134,46.3,1,0.6,1.3,#ERROR!,5,49,17,2,57,Matchs
509,Rhys Norrington-Davies,wls WAL,DF,Sheffield Utd,23,1999,14.0,592,797,74.3,10300,4714,275,324,84.9,244,309,79.0,62,122,50.8,0,0.7,0.8,-0.7,10,52,12,6,75,Matchs
510,Brooke Norton-Cuffy,eng ENG,"AT,DF",Rotherham Utd,18,2004,14.4,228,375,60.8,3348,1326,136,177,76.8,67,108,62.0,17,53,32.1,2,1.2,1.1,#ERROR!,10,19,13,9,25,Matchs
511,Brooke Norton-Cuffy,eng ENG,"DF,AT",Coventry City,18,2004,14.6,361,524,68.9,5210,2141,212,247,85.8,122,184,66.3,17,50,34.0,0,0.2,0.6,-0.2,3,19,14,2,30,Matchs
512,Oliver Norwood,nir NIR,MT,Sheffield Utd,31,1991,39.2,2033,2768,73.4,43439,16720,776,878,88.4,782,938,83.4,434,852,50.9,5,7.8,9.0,-2.8,82,304,67,17,329,Matchs
513,Olivier Ntcham,cm CMR,"MT,AT",Swansea City,26,1996,22.9,1171,1364,85.9,18495,3844,623,671,92.8,429,476,90.1,84,132,63.6,3,2.1,3.1,#ERROR!,24,133,33,5,180,Matchs
514,Marcelino Núñez,cl CHI,MT,Norwich City,22,2000,22.7,889,1160,76.6,17594,5047,379,440,86.1,334,399,83.7,152,259,58.7,2,2.4,3.6,-0.4,39,115,36,2,147,Matchs
515,Ryan Nyambe,na NAM,DF,Wigan Athletic,24,1997,24.5,812,1078,75.3,12261,3905,473,539,87.8,275,369,74.5,48,102,47.1,0,0.3,0.5,-0.3,6,31,6,0,58,Matchs
516,Callum O'Dowda,ie IRL,"DF,AT",Cardiff City,27,1995,34.1,986,1424,69.2,15521,5123,520,643,80.9,385,575,67.0,60,119,50.4,3,3.1,3.9,-0.1,25,56,24,12,98,Matchs
517,Callum O'Hare,eng ENG,"MT,AT",Coventry City,24,1998,7.0,245,308,79.5,3057,1024,159,180,88.3,65,83,78.3,5,15,33.3,3,2.1,1.9,#ERROR!,18,30,15,1,59,Matchs
518,Max O'Leary,ie IRL,GB,Bristol City,25,1996,33.0,759,1276,59.5,22739,16490,115,117,98.3,356,364,97.8,284,787,36.1,0,0.0,0.1,0.0,1,27,2,0,0,Matchs
519,Mikey O'Neill,eng ENG,"MT,DF",Preston,18,2004,0.2,5,6,83.3,56,3,5,5,100.0,0,0,,0,0,,0,0.0,0.0,0.0,0,0,0,0,0,Matchs
520,Luke O'Nien,eng ENG,DF,Sunderland,27,1994,35.4,1854,2224,83.4,34528,15011,767,836,91.7,838,934,89.7,218,372,58.6,1,0.9,1.0,#ERROR!,11,126,7,4,109,Matchs
521,Dara O'Shea,ie IRL,DF,West Brom,23,1999,37.0,2000,2414,82.9,41128,15771,586,661,88.7,1124,1270,88.5,271,426,63.6,1,0.6,0.8,#ERROR!,8,119,5,1,142,Matchs
522,Michael Obafemi,ie IRL,"AT,MT",Burnley,22,2000,2.0,50,61,82.0,620,66,34,41,82.9,13,14,92.9,0,0,,1,0.2,0.1,#ERROR!,3,2,1,0,4,Matchs
523,Michael Obafemi,ie IRL,AT,Swansea City,22,2000,12.9,124,153,81.0,1551,166,73,82,89.0,34,42,81.0,5,6,83.3,1,1.6,0.9,-0.6,11,1,5,1,6,Matchs
524,Hakeem Odoffin,eng ENG,MT,Rotherham Utd,24,1998,13.7,166,350,47.4,2123,668,110,189,58.2,37,81,45.7,6,34,17.6,0,0.3,0.3,-0.3,4,17,2,0,19,Matchs
525,Chiedozie Ogbene,ie IRL,AT,Rotherham Utd,25,1997,36.0,476,771,61.7,6173,1504,328,427,76.8,108,190,56.8,16,54,29.6,4,4.2,3.7,-0.2,30,12,22,5,40,Matchs
Clt,Joueur,Nation,Pos,Équipe,Âge,Naissance,90,Cmp,Att,Cmp%,TotDist,DistBut,Cmp,Att,Cmp%,Cmp,Att,Cmp%,Cmp,Att,Cmp%,PD,xAG,xA,A-xAG,PC,1/3,PPA,CntSR,PrgP,Matchs
526,Sheyi Ojo,eng ENG,"AT,MT",Cardiff City,25,1997,21.4,373,520,71.7,5904,1053,202,248,81.5,124,168,73.8,35,54,64.8,0,1.2,1.2,-1.2,16,21,9,5,38,Matchs
527,Armstrong Okoflex,ie IRL,"DF,AT",Swansea City,20,2002,3.3,93,130,71.5,1227,193,65,76,85.5,18,25,72.0,4,12,33.3,0,0.1,0.3,-0.1,3,3,4,2,6,Matchs
528,Isaac Olaofe,eng ENG,AT,Millwall,22,1999,0.1,2,4,50.0,11,0,1,1,100.0,0,2,0.0,0,0,,0,0.0,0.0,0.0,0,0,0,0,0,Matchs
529,Andrew Omobamidele,ie IRL,DF,Norwich City,20,2002,28.5,1652,1881,87.8,32556,9255,464,511,90.8,1014,1096,92.5,159,238,66.8,0,0.7,0.7,-0.7,6,92,4,0,95,Matchs
530,Charles Ondo,gq EQG,AT,Huddersfield,18,2003,0.1,0,1,0.0,0,0,0,1,0.0,0,0,,0,0,,0,0.0,0.0,0.0,0,0,0,0,0,Matchs
531,Josh Onomah,eng ENG,MT,Preston,25,1997,4.9,105,132,79.5,1418,495,60,71,84.5,32,36,88.9,5,8,62.5,1,0.3,0.4,#ERROR!,6,14,10,0,27,Matchs
532,Fred Onyedinma,eng ENG,"DF,MT",Luton Town,25,1996,7.2,154,239,64.4,2353,668,80,104,76.9,60,83,72.3,7,22,31.8,2,0.7,0.2,#ERROR!,4,9,0,0,12,Matchs
533,Ben Osborn,eng ENG,"MT,DF",Sheffield Utd,27,1994,11.9,435,595,73.1,6550,2265,263,297,88.6,128,180,71.1,33,78,42.3,0,1.8,2.7,-1.8,15,34,25,16,46,Matchs
534,Gabriel Osho,ng NGA,DF,Luton Town,23,1998,21.9,559,800,69.9,12046,4746,174,212,82.1,290,364,79.7,91,199,45.7,0,1.8,1.2,-1.8,9,77,7,2,75,Matchs
535,William Osula,dk DEN,AT,Sheffield Utd,18,2003,0.6,8,10,80.0,98,19,6,6,100.0,2,3,66.7,0,1,0.0,0,0.0,0.0,0.0,0,2,0,0,1,Matchs
536,Kenneth Paal,sr SUR,DF,QPR,25,1997,39.1,1493,2039,73.2,22507,9545,879,970,90.6,466,674,69.1,98,289,33.9,3,3.6,2.5,-0.6,32,103,24,11,132,Matchs
537,Alex Palmer,eng ENG,GB,West Brom,25,1996,23.0,512,750,68.3,13722,9556,131,132,99.2,221,223,99.1,155,386,40.2,0,0.0,0.0,0.0,0,14,0,0,0,Matchs
538,Kasey Palmer,jm JAM,"MT,AT",Coventry City,25,1996,19.1,411,617,66.6,5883,2124,237,304,78.0,117,166,70.5,28,62,45.2,2,4.1,3.0,-2.1,37,50,23,1,84,Matchs
539,Jonathan Panzo,eng ENG,DF,Coventry City,21,2000,24.9,921,1114,82.7,16733,5853,361,413,87.4,466,536,86.9,84,134,62.7,1,0.1,0.3,#ERROR!,3,90,1,0,99,Matchs
540,Troy Parrott,ie IRL,AT,Preston,20,2002,21.7,423,588,71.9,5539,857,263,330,79.7,114,151,75.5,17,43,39.5,0,1.2,1.3,-1.2,20,15,18,2,32,Matchs
541,Jamie Paterson,eng ENG,"AT,MT",Swansea City,30,1991,10.5,340,464,73.3,5567,1253,163,189,86.2,124,162,76.5,32,73,43.8,2,2.0,2.6,0.0,16,11,25,9,40,Matchs
542,Charlie Patino,eng ENG,MT,Blackpool,18,2003,27.0,842,1223,68.8,15289,5535,385,484,79.5,327,437,74.8,111,235,47.2,4,2.1,2.4,#ERROR!,23,107,18,6,123,Matchs
543,Anthony Patterson,eng ENG,GB,Sunderland,22,2000,46.0,1024,1514,67.6,28190,19989,237,239,99.2,401,415,96.6,375,836,44.9,1,1.2,0.1,-0.2,3,16,2,0,1,Matchs
544,Bailey Peacock-Farrell,nir NIR,GB,Burnley,25,1996,5.8,175,232,75.4,4116,2684,50,51,98.0,86,87,98.9,39,93,41.9,0,0.0,0.0,0.0,0,1,0,0,0,Matchs
545,Tom Pearce,eng ENG,"DF,MT",Wigan Athletic,24,1998,4.4,126,198,63.6,2514,981,50,61,82.0,55,73,75.3,21,61,34.4,0,0.1,0.2,-0.1,3,11,4,2,15,Matchs
546,Aynsley Pears,eng ENG,GB,Blackburn,24,1998,18.0,472,657,71.8,11930,8836,113,114,99.1,250,252,99.2,106,286,37.1,0,0.0,0.0,0.0,0,3,0,0,0,Matchs
547,Ben Pearson,eng ENG,MT,Stoke City,27,1995,13.0,559,668,83.7,10095,2314,227,259,87.6,257,291,88.3,55,84,65.5,1,0.6,0.3,#ERROR!,7,50,4,1,49,Matchs
548,Matty Pearson,eng ENG,DF,Huddersfield,28,1993,15.6,325,575,56.5,6133,2927,121,171,70.8,169,253,66.8,29,118,24.6,1,0.2,0.1,#ERROR!,5,19,2,0,35,Matchs
549,Dimitris Pelkas,gr GRE,"MT,AT",Hull City,28,1993,14.3,322,468,68.8,4921,1317,179,213,84.0,100,139,71.9,25,66,37.9,1,1.2,1.0,-0.2,20,40,11,0,44,Matchs
550,Lee Peltier,eng ENG,DF,Rotherham Utd,35,1986,27.4,762,1225,62.2,14352,6346,296,365,81.1,370,562,65.8,91,256,35.5,0,0.3,0.8,-0.3,6,90,10,2,93,Matchs
Clt,Joueur,Nation,Pos,Équipe,Âge,Naissance,90,Cmp,Att,Cmp%,TotDist,DistBut,Cmp,Att,Cmp%,Cmp,Att,Cmp%,Cmp,Att,Cmp%,PD,xAG,xA,A-xAG,PC,1/3,PPA,CntSR,PrgP,Matchs
551,Ashley Phillips,wls WAL,DF,Blackburn,17,2005,5.0,181,218,83.0,3292,855,73,85,85.9,94,103,91.3,13,27,48.1,0,0.0,0.0,0.0,0,2,0,0,3,Matchs
552,Matt Phillips,sct SCO,"AT,MT",West Brom,31,1991,13.3,353,543,65.0,5764,1635,175,213,82.2,141,189,74.6,28,83,33.7,2,1.6,1.9,#ERROR!,15,18,13,7,32,Matchs
553,Jaden Philogene Bidace,eng ENG,"AT,MT",Cardiff City,20,2002,24.9,426,610,69.8,6628,1768,234,285,82.1,149,207,72.0,30,62,48.4,1,1.8,2.4,-0.8,21,26,22,9,45,Matchs
554,Harry Pickering,eng ENG,DF,Blackburn,23,1998,38.4,1803,2301,78.4,29003,11098,936,1045,89.6,700,866,80.8,121,275,44.0,2,1.5,2.7,#ERROR!,25,104,33,11,155,Matchs
555,Erik Pieters,nl NED,DF,West Brom,33,1988,32.9,1519,1842,82.5,28962,9493,512,582,88.0,827,928,89.1,155,276,56.2,0,0.2,1.0,-0.2,5,97,8,2,114,Matchs
556,Joël Piroe,nl NED,"AT,MT",Swansea City,22,1999,42.1,857,1052,81.5,12400,2330,504,579,87.0,266,327,81.3,44,59,74.6,2,4.3,4.3,-2.3,34,62,36,3,101,Matchs
557,Matthew Pollock,eng ENG,"DF,AT",Watford,20,2001,1.4,74,99,74.7,1606,496,18,23,78.3,48,56,85.7,8,20,40.0,0,0.0,0.0,0.0,0,1,0,0,1,Matchs
558,Ryan Porteous,sct SCO,DF,Watford,23,1999,16.7,684,876,78.1,14030,4784,205,248,82.7,376,417,90.2,95,182,52.2,1,0.2,0.2,#ERROR!,2,27,2,0,27,Matchs
559,Brad Potts,eng ENG,"DF,AT",Preston,28,1994,34.9,1198,1668,71.8,18955,7018,671,772,86.9,386,541,71.3,99,214,46.3,2,3.1,2.7,-1.1,26,87,25,17,104,Matchs
560,Dan Potts,eng ENG,DF,Luton Town,28,1994,22.3,568,865,65.7,11822,5690,185,239,77.4,285,395,72.2,94,201,46.8,0,0.3,0.5,-0.3,4,66,4,2,69,Matchs
561,Nick Powell,eng ENG,"AT,MT",Stoke City,28,1994,11.7,280,415,67.5,4441,1505,146,188,77.7,91,134,67.9,26,45,57.8,0,0.6,1.0,-0.6,13,40,13,2,48,Matchs
562,Max Power,eng ENG,MT,Wigan Athletic,29,1993,44.7,2098,2837,74.0,38446,15090,930,1039,89.5,823,1021,80.6,280,629,44.5,3,6.8,8.1,-3.8,67,276,61,32,294,Matchs
563,Cameron Pring,eng ENG,DF,Bristol City,24,1998,29.7,1060,1545,68.6,19114,7088,466,574,81.2,461,631,73.1,111,278,39.9,6,4.3,3.2,#ERROR!,16,84,16,5,109,Matchs
564,Alex Pritchard,eng ENG,"MT,AT",Sunderland,29,1993,27.0,890,1216,73.2,14254,4181,458,526,87.1,284,378,75.1,90,191,47.1,6,5.8,5.2,#ERROR!,62,72,25,5,112,Matchs
565,Teemu Pukki,fi FIN,AT,Norwich City,32,1990,32.6,321,505,63.6,4613,606,185,248,74.6,103,149,69.1,15,31,48.4,7,5.6,4.7,#ERROR!,41,15,16,4,32,Matchs
566,Przemysław Płacheta,pl POL,"DF,AT",Birmingham City,24,1998,4.9,132,209,63.2,2183,708,70,82,85.4,52,88,59.1,9,30,30.0,0,0.2,0.2,-0.2,4,7,2,2,13,Matchs
567,Domingos Quina,pt POR,MT,Rotherham Utd,22,1999,3.6,93,129,72.1,1572,457,54,60,90.0,31,41,75.6,7,24,29.2,0,0.4,0.7,-0.4,5,12,3,0,14,Matchs
568,Baba Rahman,gh GHA,"DF,AT",Reading,28,1994,13.5,360,541,66.5,5747,2086,191,227,84.1,128,188,68.1,29,81,35.8,0,0.2,0.4,-0.2,3,30,9,5,28,Matchs
569,Joe Ralls,eng ENG,MT,Cardiff City,28,1993,27.7,941,1329,70.8,16499,5894,440,519,84.8,369,466,79.2,106,259,40.9,2,3.2,3.9,-1.2,48,114,30,8,148,Matchs
570,Aaron Ramsey,eng ENG,"MT,AT",Norwich City,19,2003,11.5,356,445,80.0,5753,1242,197,225,87.6,117,139,84.2,32,44,72.7,3,2.5,2.4,#ERROR!,21,34,18,0,44,Matchs
571,Aaron Ramsey,eng ENG,"AT,MT",Middlesbrough,19,2003,7.4,246,309,79.6,3599,913,140,168,83.3,83,94,88.3,12,17,70.6,1,1.2,1.5,-0.2,7,21,13,0,50,Matchs
572,Joe Rankin-Costello,eng ENG,DF,Blackburn,23,1999,22.2,807,1174,68.7,13881,4847,404,481,84.0,303,420,72.1,83,194,42.8,3,2.1,2.3,#ERROR!,18,53,20,5,75,Matchs
573,Milot Rashica,xk KVX,AT,Norwich City,26,1996,2.5,49,75,65.3,760,257,29,33,87.9,16,24,66.7,2,8,25.0,1,0.3,0.3,#ERROR!,5,5,4,0,9,Matchs
574,Oliver Rathbone,eng ENG,MT,Rotherham Utd,25,1996,30.3,688,1017,67.6,12142,3244,305,388,78.6,286,389,73.5,75,147,51.0,2,1.4,1.7,#ERROR!,20,76,19,2,115,Matchs
575,Adam Reach,eng ENG,"AT,MT",West Brom,29,1993,5.0,197,263,74.9,2779,783,124,143,86.7,58,72,80.6,8,29,27.6,0,0.2,0.2,-0.2,4,4,6,2,16,Matchs
Clt,Joueur,Nation,Pos,Équipe,Âge,Naissance,90,Cmp,Att,Cmp%,TotDist,DistBut,Cmp,Att,Cmp%,Cmp,Att,Cmp%,Cmp,Att,Cmp%,PD,xAG,xA,A-xAG,PC,1/3,PPA,CntSR,PrgP,Matchs
576,Omar Rekik,tn TUN,DF,Wigan Athletic,20,2001,8.3,375,475,78.9,6541,2448,167,191,87.4,180,215,83.7,26,55,47.3,0,0.1,0.1,-0.1,2,22,0,0,29,Matchs
577,Jordan Rhodes,sct SCO,AT,Huddersfield,32,1990,16.2,216,340,63.5,3043,429,126,170,74.1,72,117,61.5,9,22,40.9,0,0.5,0.8,-0.5,8,20,5,1,19,Matchs
578,Rico Richards,eng ENG,DF,West Brom,18,2003,0.1,2,3,66.7,17,0,2,2,100.0,0,0,,0,0,,0,0.0,0.0,0.0,0,0,0,0,0,Matchs
579,Taylor Richards,eng ENG,"MT,AT",QPR,21,2000,2.9,133,164,81.1,2429,469,60,70,85.7,46,53,86.8,21,26,80.8,0,0.5,0.7,-0.5,4,11,5,0,16,Matchs
580,Emil Riis Jakobsen,dk DEN,AT,Preston,24,1998,18.3,212,346,61.3,2613,393,131,185,70.8,47,78,60.3,9,20,45.0,0,1.4,1.2,-1.4,17,4,7,1,17,Matchs
581,Andy Rinomhota,zw ZIM,MT,Cardiff City,25,1997,26.7,590,791,74.6,8733,2158,325,389,83.5,214,283,75.6,25,55,45.5,3,1.6,1.1,#ERROR!,16,59,9,0,73,Matchs
582,Connor Roberts,wls WAL,DF,Burnley,26,1995,39.2,2667,3111,85.7,46749,13213,1172,1272,92.1,1258,1410,89.2,210,321,65.4,6,2.3,3.5,#ERROR!,41,209,49,10,289,Matchs
583,Liam Roberts,eng ENG,GB,Middlesbrough,27,1994,4.0,83,135,61.5,2698,2142,17,17,100.0,32,33,97.0,34,85,40.0,0,0.0,0.0,0.0,0,4,0,0,0,Matchs
584,Marc Roberts,eng ENG,DF,Birmingham City,32,1990,19.4,448,783,57.2,10724,5042,111,160,69.4,214,294,72.8,116,294,39.5,1,0.9,0.8,#ERROR!,7,37,9,3,53,Matchs
585,Patrick Roberts,eng ENG,"AT,MT",Sunderland,25,1997,29.4,1118,1412,79.2,16160,4753,651,743,87.6,317,382,83.0,79,152,52.0,7,6.8,6.3,#ERROR!,60,96,50,7,148,Matchs
586,Tyler Roberts,wls WAL,"AT,MT",QPR,23,1999,13.0,278,383,72.6,3928,1074,156,187,83.4,88,117,75.2,15,37,40.5,0,1.2,1.4,-1.2,13,20,12,3,40,Matchs
587,Callum Robinson,ie IRL,MT,West Brom,27,1995,0.9,32,38,84.2,567,156,17,18,94.4,8,10,80.0,6,7,85.7,0,0.1,0.2,-0.1,1,2,3,2,5,Matchs
588,Callum Robinson,ie IRL,"AT,MT",Cardiff City,27,1995,17.3,297,414,71.7,4668,1248,163,190,85.8,91,138,65.9,28,46,60.9,6,2.7,2.8,#ERROR!,24,37,13,4,56,Matchs
589,Jack Robinson,eng ENG,DF,Sheffield Utd,28,1993,23.7,914,1317,69.4,16703,7650,393,468,84.0,403,538,74.9,104,267,39.0,1,2.0,1.5,-1.0,18,73,10,5,91,Matchs
590,Jay Rodriguez,eng ENG,AT,Burnley,33,1989,20.2,334,447,74.7,4704,1150,208,244,85.2,68,103,66.0,29,48,60.4,2,1.5,1.5,#ERROR!,14,34,4,1,43,Matchs
591,Morgan Rogers,eng ENG,"AT,MT",Blackpool,20,2002,13.9,214,358,59.8,3154,933,133,170,78.2,50,96,52.1,21,42,50.0,1,2.5,1.4,-1.5,18,15,14,3,30,Matchs
592,Tom Rogić,au AUS,"MT,AT",West Brom,29,1992,6.6,144,192,75.0,2085,663,79,97,81.4,47,55,85.5,8,11,72.7,3,1.0,0.7,#ERROR!,6,15,8,0,28,Matchs
593,Mahlon Romeo,ag ATG,DF,Cardiff City,26,1995,28.5,992,1379,71.9,15068,6121,579,675,85.8,334,479,69.7,61,147,41.5,4,2.5,2.2,#ERROR!,20,74,22,11,106,Matchs
594,Michael Rose,sct SCO,DF,Coventry City,26,1995,18.9,646,848,76.2,13030,5627,227,267,85.0,319,394,81.0,95,163,58.3,0,0.1,0.3,-0.1,2,46,1,0,53,Matchs
595,Aaron Rowe,eng ENG,"DF,MT",Huddersfield,21,2000,0.3,9,16,56.3,122,75,5,6,83.3,4,8,50.0,0,0,,0,0.0,0.0,0.0,0,0,0,0,1,Matchs
596,Jon Rowe,eng ENG,AT,Norwich City,19,2003,1.1,25,36,69.4,308,50,17,22,77.3,6,9,66.7,1,2,50.0,0,0.0,0.0,0.0,0,1,1,0,2,Matchs
597,Pelly Ruddock Mpanzu,cd COD,MT,Luton Town,29,1993,23.5,629,841,74.8,11710,2921,259,312,83.0,264,322,82.0,87,135,64.4,1,1.8,1.8,-0.8,13,65,21,3,108,Matchs
598,John Ruddy,eng ENG,GB,Birmingham City,35,1986,42.4,731,1403,52.1,31218,27792,84,86,97.7,166,174,95.4,475,1128,42.1,0,0.1,0.3,-0.1,3,81,5,0,1,Matchs
599,Jack Rudoni,eng ENG,MT,Huddersfield,22,2000,41.2,1031,1522,67.7,17471,5168,504,619,81.4,366,466,78.5,111,276,40.2,5,3.6,4.0,#ERROR!,42,101,26,8,130,Matchs
600,Josh Ruffels,eng ENG,"DF,MT",Huddersfield,28,1993,28.6,763,1204,63.4,13017,5423,366,461,79.4,316,486,65.0,66,189,34.9,0,0.7,1.0,-0.7,12,64,14,6,81,Matchs
Clt,Joueur,Nation,Pos,Équipe,Âge,Naissance,90,Cmp,Att,Cmp%,TotDist,DistBut,Cmp,Att,Cmp%,Cmp,Att,Cmp%,Cmp,Att,Cmp%,PD,xAG,xA,A-xAG,PC,1/3,PPA,CntSR,PrgP,Matchs
601,Jonathan Russell,jm JAM,MT,Huddersfield,21,2000,5.8,207,244,84.8,3384,939,102,114,89.5,85,92,92.4,16,29,55.2,0,0.2,0.1,-0.2,1,15,0,0,25,Matchs
602,Sai Sachdev,eng ENG,DF,Sheffield Utd,17,2005,0.2,7,9,77.8,80,9,6,7,85.7,1,2,50.0,0,0,,0,0.0,0.0,0.0,0,0,0,0,0,Matchs
603,Dion Sanderson,eng ENG,DF,Birmingham City,22,1999,30.0,750,977,76.8,16520,6063,218,256,85.2,403,447,90.2,123,230,53.5,1,1.1,0.9,-0.1,11,65,5,2,53,Matchs
604,Thomas Sang,eng ENG,"DF,MT",Cardiff City,23,1999,4.5,181,264,68.6,3054,1149,87,97,89.7,79,103,76.7,13,52,25.0,0,0.1,0.2,-0.1,2,19,4,3,21,Matchs
605,Josh Sargent,us USA,"AT,MT",Norwich City,22,2000,35.0,554,764,72.5,7312,1483,355,453,78.4,151,203,74.4,18,32,56.3,2,4.5,3.8,-2.5,37,25,14,3,58,Matchs
606,Matija Šarkić,me MNE,GB,Stoke City,25,1997,7.5,201,288,69.8,5560,4200,38,38,100.0,90,93,96.8,68,151,45.0,0,0.0,0.0,0.0,0,4,0,0,0,Matchs
607,Ismaila Sarr,sn SEN,"AT,MT",Watford,24,1998,35.2,643,864,74.4,9224,2239,379,444,85.4,209,280,74.6,31,59,52.5,6,5.1,4.7,#ERROR!,36,32,37,11,87,Matchs
608,Mouhamadou-Naby Sarr,fr FRA,DF,Reading,28,1993,22.7,633,803,78.8,12802,4916,187,219,85.4,353,406,86.9,86,150,57.3,1,0.6,0.2,#ERROR!,5,29,3,1,39,Matchs
609,George Saville,nir NIR,MT,Millwall,29,1993,34.4,946,1328,71.2,17344,5618,413,521,79.3,379,482,78.6,122,224,54.5,0,2.6,3.9,-2.6,49,109,35,8,141,Matchs
610,Romaine Sawyers,kn SKN,MT,Cardiff City,30,1991,22.7,824,1034,79.7,14692,4146,367,437,84.0,333,401,83.0,96,138,69.6,0,2.7,2.3,-2.7,33,91,20,4,107,Matchs
611,Allahyar Sayyadmanesh,ir IRN,"AT,MT",Hull City,21,2001,14.3,219,353,62.0,3053,720,138,178,77.5,69,109,63.3,7,28,25.0,2,1.2,1.0,#ERROR!,15,7,11,2,25,Matchs
612,Alex Scott,eng ENG,MT,Bristol City,18,2003,37.6,1158,1530,75.7,19001,4789,554,657,84.3,420,530,79.2,116,215,54.0,5,3.5,3.6,#ERROR!,39,92,36,10,129,Matchs
613,Anthony Scully,ie IRL,"AT,DF",Wigan Athletic,23,1999,1.1,27,37,73.0,409,94,17,20,85.0,8,11,72.7,2,3,66.7,0,0.2,0.1,-0.2,2,0,1,0,2,Matchs
614,Ken Sema,se SWE,"AT,DF",Watford,28,1993,34.8,877,1276,68.7,13232,4714,519,603,86.1,257,380,67.6,70,198,35.4,8,5.7,5.6,#ERROR!,59,45,34,15,85,Matchs
615,Antoine Semenyo,gh GHA,"AT,MT",Bristol City,22,2000,13.9,204,311,65.6,3028,620,110,149,73.8,69,89,77.5,12,22,54.5,2,1.9,1.9,#ERROR!,10,17,7,2,26,Matchs
616,Jack Senga-Ngoyi,be BEL,MT,Reading,18,2004,0.2,4,6,66.7,75,0,1,2,50.0,2,2,100.0,1,2,50.0,0,0.0,0.0,0.0,0,0,0,0,0,Matchs
617,Jean Seri,ci CIV,MT,Hull City,31,1991,31.3,1804,2081,86.7,32135,9712,808,866,93.3,768,849,90.5,197,295,66.8,2,4.3,4.1,-2.3,58,182,29,5,181,Matchs
618,Jamie Shackleton,eng ENG,"MT,DF",Millwall,22,1999,17.5,512,641,79.9,8058,1868,272,309,88.0,195,228,85.5,35,67,52.2,0,0.6,1.0,-0.6,8,46,14,3,67,Matchs
619,Abdi Shariif,so SOM,"MT,AT",Wigan Athletic,21,2001,0.2,8,12,66.7,124,23,5,5,100.0,2,4,50.0,1,2,50.0,0,0.0,0.0,0.0,0,2,0,0,2,Matchs
620,Billy Sharp,eng ENG,AT,Sheffield Utd,36,1986,16.4,191,296,64.5,2475,461,124,153,81.0,41,73,56.2,9,21,42.9,1,1.3,1.3,-0.3,14,10,9,2,25,Matchs
621,James Shea,eng ENG,GB,Luton Town,31,1991,1.0,19,38,50.0,353,224,8,8,100.0,6,6,100.0,4,22,18.2,0,0.0,0.0,0.0,0,0,0,0,0,Matchs
622,Ben Sheaf,eng ENG,MT,Coventry City,24,1998,32.1,1270,1604,79.2,20682,6848,636,746,85.3,509,611,83.3,89,169,52.7,2,2.8,2.6,-0.8,28,158,24,2,200,Matchs
623,Graeme Shinnie,sct SCO,MT,Wigan Athletic,30,1991,9.8,336,419,80.2,6117,1494,138,161,85.7,158,181,87.3,33,55,60.0,0,0.4,0.8,-0.4,5,38,6,0,47,Matchs
624,Olamide Shodipo,ie IRL,"AT,MT",QPR,25,1997,3.8,80,119,67.2,1078,233,46,51,90.2,26,43,60.5,2,10,20.0,0,0.3,0.4,-0.3,4,3,3,2,9,Matchs
625,Francisco Sierralta,cl CHI,DF,Watford,25,1997,15.9,607,728,83.4,12187,4556,180,206,87.4,359,396,90.7,63,110,57.3,0,0.0,0.1,0.0,0,18,0,0,19,Matchs
Clt,Joueur,Nation,Pos,Équipe,Âge,Naissance,90,Cmp,Att,Cmp%,TotDist,DistBut,Cmp,Att,Cmp%,Cmp,Att,Cmp%,Cmp,Att,Cmp%,PD,xAG,xA,A-xAG,PC,1/3,PPA,CntSR,PrgP,Matchs
626,Ellis Simms,eng ENG,AT,Sunderland,21,2001,12.5,164,255,64.3,2110,435,101,149,67.8,48,74,64.9,4,6,66.7,2,2.1,0.7,-0.1,15,13,3,0,17,Matchs
627,Xavier Simons,eng ENG,MT,Hull City,19,2003,4.8,166,205,81.0,2989,697,66,73,90.4,84,97,86.6,13,24,54.2,0,0.0,0.1,0.0,1,9,1,0,8,Matchs
628,Jack Simpson,eng ENG,DF,Cardiff City,25,1996,12.8,379,523,72.5,7574,2696,144,170,84.7,178,230,77.4,55,111,49.5,0,0.4,0.3,-0.4,4,34,3,3,28,Matchs
629,Tyreece Simpson,eng ENG,"AT,MT",Huddersfield,20,2002,1.4,24,35,68.6,349,74,13,20,65.0,9,10,90.0,1,3,33.3,0,0.5,0.5,-0.5,4,2,2,1,3,Matchs
630,Danel Sinani,lu LUX,"AT,MT",Norwich City,25,1997,7.0,289,392,73.7,4374,1233,178,200,89.0,88,122,72.1,17,45,37.8,2,1.2,1.3,#ERROR!,14,22,16,1,41,Matchs
631,Danel Sinani,lu LUX,"MT,AT",Wigan Athletic,25,1997,6.7,231,298,77.5,3798,1034,122,135,90.4,77,96,80.2,24,46,52.2,0,0.6,1.1,-0.6,8,28,10,3,33,Matchs
632,Doğukan Sınık,tr TUR,"AT,MT",Hull City,23,1999,3.9,108,143,75.5,1681,532,61,73,83.6,32,42,76.2,10,14,71.4,1,0.3,0.5,#ERROR!,3,8,7,1,13,Matchs
633,Jacob Slater,eng ENG,DF,Preston,17,2004,0.0,0,0,,0,0,0,0,,0,0,,0,0,,0,0.0,0.0,0.0,0,0,0,0,0,Matchs
634,Regan Slater,eng ENG,"MT,AT",Hull City,22,1999,41.3,1156,1403,82.4,17626,4127,633,709,89.3,395,454,87.0,75,130,57.7,4,3.3,2.8,#ERROR!,32,89,21,7,136,Matchs
635,William Smallbone,ie IRL,MT,Stoke City,22,2000,35.9,1115,1575,70.8,19534,5682,513,614,83.6,431,564,76.4,125,275,45.5,5,6.4,6.7,-1.4,70,104,47,21,164,Matchs
636,Scott Smith,wls WAL,MT,Wigan Athletic,21,2001,0.2,9,11,81.8,134,3,5,5,100.0,4,4,100.0,0,1,0.0,0,0.0,0.0,0.0,0,0,0,0,0,Matchs
637,Tommy Smith,eng ENG,DF,Middlesbrough,30,1992,31.1,1908,2311,82.6,32767,10662,889,963,92.3,850,975,87.2,142,282,50.4,1,1.5,2.3,-0.5,16,182,23,7,196,Matchs
638,Tyler Smith,eng ENG,AT,Hull City,23,1998,5.2,59,70,84.3,698,46,39,41,95.1,15,16,93.8,0,1,0.0,0,0.0,0.1,0.0,1,1,1,0,2,Matchs
639,Matthew Sorinola,eng ENG,"DF,MT",Swansea City,21,2001,18.7,585,795,73.6,8493,2003,352,400,88.0,183,246,74.4,32,72,44.4,3,2.0,1.6,#ERROR!,21,22,19,9,33,Matchs
640,Harry Souttar,au AUS,DF,Stoke City,23,1998,7.0,221,341,64.8,5010,2318,54,69,78.3,125,163,76.7,42,102,41.2,0,0.0,0.1,0.0,0,28,2,1,25,Matchs
641,Tom Sparrow,wls WAL,DF,Stoke City,19,2003,1.0,42,56,75.0,677,210,20,21,95.2,21,26,80.8,1,6,16.7,0,0.0,0.2,0.0,0,1,0,0,5,Matchs
642,Tony Springett,ie IRL,DF,Norwich City,19,2002,0.2,7,9,77.8,125,102,2,2,100.0,4,4,100.0,1,2,50.0,0,0.0,0.0,0.0,0,1,0,0,4,Matchs
643,Zack Steffen,us USA,GB,Middlesbrough,27,1995,42.0,1166,1526,76.4,28529,19668,275,277,99.3,581,591,98.3,305,645,47.3,1,0.1,0.2,#ERROR!,1,13,2,0,1,Matchs
644,Dujon Sterling,eng ENG,DF,Stoke City,22,1999,23.0,852,1144,74.5,14179,4795,440,509,86.4,318,408,77.9,75,161,46.6,0,0.6,0.7,-0.6,12,81,12,4,105,Matchs
645,Enda Stevens,ie IRL,DF,Sheffield Utd,32,1990,8.8,239,345,69.3,4089,1495,115,142,81.0,90,130,69.2,27,48,56.3,2,1.5,0.8,#ERROR!,7,24,9,2,30,Matchs
646,Finley Stevens,wls WAL,"DF,MT",Swansea City,19,2003,0.8,12,25,48.0,168,70,8,11,72.7,2,4,50.0,1,4,25.0,0,0.1,0.0,-0.1,1,1,0,0,0,Matchs
647,Ross Stewart,sct SCO,AT,Sunderland,26,1996,11.6,232,341,68.0,3509,569,121,179,67.6,71,102,69.6,21,27,77.8,3,0.9,0.4,#ERROR!,10,18,3,0,23,Matchs
648,Ryan Stirk,wls WAL,MT,Birmingham City,21,2000,0.3,7,10,70.0,108,18,3,4,75.0,4,4,100.0,0,2,0.0,0,0.0,0.0,0.0,0,0,0,0,0,Matchs
649,Jordan Storey,eng ENG,DF,Preston,24,1997,41.1,1321,1765,74.8,22502,9253,589,703,83.8,596,746,79.9,101,224,45.1,0,0.6,1.2,-0.6,9,76,11,5,87,Matchs
650,Callum Styles,hu HUN,"MT,AT",Millwall,22,2000,13.4,401,537,74.7,6385,2127,218,250,87.2,127,165,77.0,39,82,47.6,1,1.1,1.3,-0.1,13,37,9,3,44,Matchs
Clt,Joueur,Nation,Pos,Équipe,Âge,Naissance,90,Cmp,Att,Cmp%,TotDist,DistBut,Cmp,Att,Cmp%,Cmp,Att,Cmp%,Cmp,Att,Cmp%,PD,xAG,xA,A-xAG,PC,1/3,PPA,CntSR,PrgP,Matchs
651,John Swift,eng ENG,"MT,AT",West Brom,27,1995,35.6,1295,1711,75.7,21865,6573,671,748,89.7,394,487,80.9,168,341,49.3,9,11.1,10.5,-2.1,108,98,53,5,191,Matchs
652,Mark Sykes,ie IRL,"DF,AT",Bristol City,24,1997,27.6,784,1166,67.2,12633,4041,408,495,82.4,302,428,70.6,53,154,34.4,1,2.9,2.7,-1.9,20,50,33,19,81,Matchs
653,Chris Sze,eng ENG,AT,Wigan Athletic,18,2003,0.3,1,3,33.3,11,0,1,1,100.0,0,1,0.0,0,0,,0,0.0,0.0,0.0,1,0,0,0,0,Matchs
654,Sammie Szmodics,ie IRL,"MT,AT",Blackburn,26,1995,24.1,584,746,78.3,10846,2737,268,302,88.7,201,254,79.1,89,129,69.0,2,2.8,2.8,-0.8,21,53,23,6,90,Matchs
655,Jakob Sørensen,dk DEN,"DF,MT",Norwich City,24,1998,12.8,636,788,80.7,11597,3608,235,275,85.5,327,358,91.3,55,117,47.0,1,0.5,0.8,#ERROR!,9,34,3,0,40,Matchs
656,George Tanner,eng ENG,DF,Bristol City,22,1999,22.7,882,1268,69.6,14395,5373,437,513,85.2,366,525,69.7,61,173,35.3,0,1.4,1.0,-1.4,12,67,18,7,89,Matchs
657,Fabio Tavares,eng ENG,"AT,DF",Coventry City,21,2001,1.2,19,33,57.6,285,46,13,17,76.5,4,7,57.1,1,3,33.3,0,0.0,0.0,0.0,0,4,0,0,3,Matchs
658,Charlie Taylor,eng ENG,DF,Burnley,28,1993,19.2,1242,1462,85.0,24270,8109,427,461,92.6,673,732,91.9,133,242,55.0,1,1.0,0.8,0.0,8,62,5,3,63,Matchs
659,Connor Taylor,eng ENG,DF,Stoke City,20,2001,10.8,477,589,81.0,9145,3041,160,190,84.2,263,305,86.2,48,81,59.3,0,0.1,0.4,-0.1,4,31,1,0,51,Matchs
660,Joseph Taylor,wls WAL,AT,Luton Town,19,2002,1.3,12,22,54.5,112,23,10,16,62.5,1,4,25.0,0,0,,0,0.0,0.0,0.0,0,0,0,0,1,Matchs
661,Omar Taylor-Clarke,wls WAL,"MT,AT",Bristol City,18,2003,2.2,39,61,63.9,666,113,17,23,73.9,19,25,76.0,2,9,22.2,0,0.0,0.0,0.0,0,3,0,0,5,Matchs
662,Nathan Tella,ng NGA,"AT,MT",Burnley,23,1999,27.7,493,679,72.6,7331,1238,288,333,86.5,167,231,72.3,24,50,48.0,5,3.3,2.8,#ERROR!,31,34,14,3,64,Matchs
663,Benjamin Tetteh,gh GHA,"AT,MT",Hull City,25,1997,8.5,109,161,67.7,1451,313,72,93,77.4,21,33,63.6,6,14,42.9,3,1.5,1.5,#ERROR!,9,5,3,1,9,Matchs
664,Emre Tezgel,eng ENG,AT,Stoke City,16,2005,0.3,7,9,77.8,90,22,4,5,80.0,3,3,100.0,0,1,0.0,0,0.0,0.0,0.0,0,0,0,0,2,Matchs
665,George Thomas,wls WAL,"AT,DF",QPR,25,1997,0.8,20,26,76.9,200,42,11,12,91.7,4,7,57.1,0,1,0.0,0,0.0,0.0,0.0,0,3,0,0,1,Matchs
666,Sorba Thomas,wls WAL,"AT,DF",Blackburn,22,1999,10.0,227,415,54.7,3939,1535,128,177,72.3,63,123,51.2,32,87,36.8,2,1.6,1.5,#ERROR!,19,23,12,6,27,Matchs
667,Sorba Thomas,wls WAL,"AT,MT",Huddersfield,22,1999,20.3,371,723,51.3,7679,3201,146,196,74.5,134,220,60.9,82,252,32.5,6,5.3,5.4,#ERROR!,48,37,23,17,35,Matchs
668,Brandon Thomas-Asante,gh GHA,AT,West Brom,23,1998,21.1,208,344,60.5,2952,778,126,169,74.6,60,98,61.2,12,30,40.0,0,2.3,1.5,-2.3,18,26,15,0,42,Matchs
669,Dominic Thompson,eng ENG,"DF,MT",Blackpool,22,2000,22.0,702,1133,62.0,13815,6117,260,328,79.3,305,460,66.3,115,268,42.9,0,0.7,1.3,-0.7,12,63,22,13,69,Matchs
670,Jordan Thompson,nir NIR,"MT,DF",Stoke City,25,1997,20.2,638,881,72.4,12582,4213,244,288,84.7,288,361,79.8,91,196,46.4,0,2.0,2.6,-2.0,25,93,17,5,93,Matchs
671,Jordan Thorniley,eng ENG,DF,Blackpool,25,1996,25.1,706,960,73.5,14419,6212,226,266,85.0,378,460,82.2,92,212,43.4,1,1.7,1.0,-0.7,11,48,7,1,48,Matchs
672,Elliot Thorpe,wls WAL,"DF,MT",Luton Town,21,2000,0.8,16,21,76.2,298,69,7,7,100.0,5,7,71.4,4,7,57.1,0,0.1,0.1,-0.1,2,0,3,3,0,Matchs
673,Sam Tickle,eng ENG,GB,Wigan Athletic,20,2002,1.0,28,37,75.7,768,446,4,4,100.0,16,16,100.0,8,17,47.1,0,0.0,0.0,0.0,0,0,0,0,0,Matchs
674,Christ Tiéhi,ci CIV,MT,Wigan Athletic,24,1998,14.7,529,621,85.2,9054,1835,239,265,90.2,233,269,86.6,44,56,78.6,0,0.2,0.5,-0.2,8,41,7,2,45,Matchs
675,Curtis Tilt,jm JAM,DF,Wigan Athletic,30,1991,24.9,721,941,76.6,13928,5042,255,301,84.7,378,430,87.9,78,182,42.9,0,0.4,0.5,-0.4,3,30,1,1,27,Matchs
Clt,Joueur,Nation,Pos,Équipe,Âge,Naissance,90,Cmp,Att,Cmp%,TotDist,DistBut,Cmp,Att,Cmp%,Cmp,Att,Cmp%,Cmp,Att,Cmp%,PD,xAG,xA,A-xAG,PC,1/3,PPA,CntSR,PrgP,Matchs
676,Jonathan Tomkinson,us USA,DF,Norwich City,20,2002,1.0,39,43,90.7,802,236,11,11,100.0,23,23,100.0,5,9,55.6,0,0.0,0.0,0.0,0,0,0,0,0,Matchs
677,Conor Townsend,eng ENG,DF,West Brom,29,1993,43.4,1804,2475,72.9,30194,12524,869,1005,86.5,756,1003,75.4,138,335,41.2,3,4.6,4.5,-1.6,43,137,42,17,202,Matchs
678,Adama Traoré,ml MLI,"AT,MT",Hull City,27,1995,8.8,262,317,82.6,3899,1038,153,168,91.1,85,106,80.2,17,23,73.9,2,2.2,1.9,-0.2,18,21,7,0,34,Matchs
679,Lewis Travis,eng ENG,"MT,DF",Blackburn,24,1997,38.1,1495,1865,80.2,23440,7218,787,891,88.3,526,628,83.8,109,190,57.4,2,1.5,1.8,#ERROR!,21,109,24,0,156,Matchs
680,William Troost-Ekong,ng NGA,DF,Watford,28,1993,12.2,537,665,80.8,12040,4695,112,135,83.0,337,370,91.1,84,144,58.3,0,0.1,0.2,-0.1,1,20,3,1,36,Matchs
681,Auston Trusty,us USA,DF,Birmingham City,23,1998,43.7,1070,1649,64.9,19801,7917,403,516,78.1,521,728,71.6,118,320,36.9,2,2.0,1.1,0.0,16,87,9,2,105,Matchs
682,Tom Trybull,de GER,MT,Blackpool,29,1993,2.0,47,58,81.0,776,238,25,29,86.2,16,21,76.2,5,5,100.0,0,0.0,0.0,0.0,1,4,0,0,6,Matchs
683,Axel Tuanzebe,eng ENG,DF,Stoke City,24,1997,2.8,138,154,89.6,2854,884,43,45,95.6,75,77,97.4,19,25,76.0,0,0.0,0.0,0.0,1,10,1,0,12,Matchs
684,Ozan Tufan,tr TUR,"MT,AT",Hull City,27,1995,26.9,724,951,76.1,11230,2349,409,481,85.0,230,297,77.4,57,104,54.8,0,1.9,2.0,-1.9,27,61,20,2,76,Matchs
685,Oliver Turton,eng ENG,DF,Huddersfield,29,1992,13.7,438,631,69.4,7312,3001,206,235,87.7,192,254,75.6,32,109,29.4,1,1.0,0.8,0.0,2,37,3,1,44,Matchs
686,Scott Twine,eng ENG,MT,Burnley,23,1999,6.2,177,218,81.2,2781,489,94,108,87.0,62,73,84.9,14,23,60.9,1,0.4,0.6,#ERROR!,7,8,11,1,22,Matchs
687,Josh Tymon,eng ENG,DF,Stoke City,23,1999,18.3,621,874,71.1,10343,4123,319,382,83.5,237,309,76.7,57,140,40.7,4,4.1,4.0,-0.1,26,68,26,11,72,Matchs
688,Christos Tzolis,gr GRE,"AT,MT",Norwich City,20,2002,3.6,79,123,64.2,1157,244,47,60,78.3,24,33,72.7,5,14,35.7,0,0.6,0.5,-0.6,4,7,3,0,8,Matchs
689,Tomáš Vaclík,cz CZE,GB,Huddersfield,33,1989,12.7,148,361,41.0,6284,5619,12,13,92.3,42,43,97.7,94,305,30.8,0,0.0,0.0,0.0,0,8,0,0,0,Matchs
690,Harvey Vale,eng ENG,AT,Hull City,18,2003,0.8,20,28,71.4,215,58,19,21,90.5,1,3,33.3,0,2,0.0,0,0.0,0.0,0.0,0,1,1,0,2,Matchs
691,Jack Vale,wls WAL,AT,Blackburn,21,2001,6.1,113,162,69.8,1601,370,66,86,76.7,27,38,71.1,8,10,80.0,0,0.9,0.5,-0.9,6,7,5,0,14,Matchs
692,Harry Vaughan,ie IRL,"MT,AT",Hull City,18,2004,4.5,67,94,71.3,994,202,38,45,84.4,26,37,70.3,1,4,25.0,0,0.2,0.4,-0.2,2,6,4,0,11,Matchs
693,Josh Vickers,eng ENG,GB,Rotherham Utd,26,1995,2.5,40,71,56.3,2431,2325,1,1,100.0,2,3,66.7,37,67,55.2,0,0.0,0.0,0.0,0,4,0,0,0,Matchs
694,Matty Virtue,eng ENG,MT,Blackpool,25,1997,1.2,32,42,76.2,536,62,18,19,94.7,11,17,64.7,3,5,60.0,0,0.1,0.1,-0.1,1,0,1,1,0,Matchs
695,Vitinho,br BRA,"DF,AT",Burnley,23,1999,23.3,763,1011,75.5,12271,2986,393,463,84.9,307,389,78.9,47,99,47.5,1,1.7,1.5,-0.7,19,36,18,10,55,Matchs
696,Andreas Voglsammer,de GER,AT,Millwall,30,1992,25.0,361,624,57.9,6067,1763,182,255,71.4,124,202,61.4,41,88,46.6,5,3.7,4.0,#ERROR!,34,22,26,17,39,Matchs
697,Zak Vyner,eng ENG,DF,Bristol City,25,1997,44.4,1868,2451,76.2,39133,15415,589,685,86.0,958,1121,85.5,306,571,53.6,2,1.1,1.0,#ERROR!,8,146,12,0,140,Matchs
698,Martyn Waghorn,eng ENG,AT,Huddersfield,32,1990,7.0,67,117,57.3,977,279,41,63,65.1,18,27,66.7,4,8,50.0,0,0.4,0.3,-0.4,5,4,3,1,6,Matchs
699,Martyn Waghorn,eng ENG,"MT,AT",Coventry City,32,1990,3.3,56,96,58.3,914,340,29,43,67.4,19,25,76.0,8,22,36.4,0,0.9,0.6,-0.9,6,5,2,0,11,Matchs
700,Tyler Walker,eng ENG,AT,Coventry City,25,1996,4.6,54,86,62.8,684,217,36,50,72.0,8,17,47.1,3,4,75.0,0,1.2,1.0,-1.2,3,6,1,0,9,Matchs
Clt,Joueur,Nation,Pos,Équipe,Âge,Naissance,90,Cmp,Att,Cmp%,TotDist,DistBut,Cmp,Att,Cmp%,Cmp,Att,Cmp%,Cmp,Att,Cmp%,PD,xAG,xA,A-xAG,PC,1/3,PPA,CntSR,PrgP,Matchs
701,Jed Wallace,eng ENG,"AT,MT",West Brom,28,1994,44.0,1033,1595,64.8,18051,5325,487,606,80.4,421,591,71.2,104,252,41.3,8,8.9,8.3,-0.9,73,86,67,37,158,Matchs
702,Murray Wallace,sct SCO,DF,Millwall,29,1993,35.3,1129,1760,64.1,20357,10705,520,638,81.5,459,659,69.7,128,378,33.9,0,2.5,2.7,-2.5,28,126,28,9,150,Matchs
703,Liam Walsh,eng ENG,"MT,AT",Swansea City,24,1997,3.7,176,217,81.1,2579,542,99,110,90.0,61,74,82.4,9,22,40.9,1,0.5,0.5,#ERROR!,7,21,1,0,16,Matchs
704,Danny Ward,eng ENG,AT,Huddersfield,30,1991,28.2,242,440,55.0,3391,865,156,238,65.5,62,113,54.9,16,34,47.1,4,2.6,1.7,#ERROR!,21,25,7,3,36,Matchs
705,Grant Ward,eng ENG,"DF,MT",Blackpool,27,1994,1.8,45,71,63.4,665,169,25,31,80.6,17,24,70.8,2,12,16.7,0,0.0,0.0,0.0,0,2,1,0,6,Matchs
706,Conor Washington,nir NIR,AT,Rotherham Utd,30,1992,19.0,147,224,65.6,1735,192,101,126,80.2,31,50,62.0,3,13,23.1,0,1.0,1.1,-1.0,11,4,1,0,10,Matchs
707,Duncan Watmore,eng ENG,"AT,MT",Middlesbrough,28,1994,9.4,116,147,78.9,1532,251,75,92,81.5,28,35,80.0,5,7,71.4,2,1.7,1.2,#ERROR!,11,5,5,0,13,Matchs
708,Duncan Watmore,eng ENG,AT,Millwall,28,1994,6.8,91,126,72.2,1224,350,52,68,76.5,27,36,75.0,6,8,75.0,1,1.0,1.3,0.0,11,4,6,2,9,Matchs
709,Louie Watson,ie IRL,MT,Luton Town,21,2001,2.4,104,117,88.9,1865,444,39,42,92.9,52,57,91.2,9,12,75.0,0,0.0,0.0,0.0,1,7,0,0,8,Matchs
710,Tom Watson,eng ENG,AT,Sunderland,16,2006,0.0,0,0,,0,0,0,0,,0,0,,0,0,,0,0.0,0.0,0.0,0,0,0,0,0,Matchs
711,Max Watters,eng ENG,AT,Cardiff City,23,1999,5.8,61,88,69.3,708,96,45,56,80.4,9,17,52.9,2,3,66.7,0,0.3,0.3,-0.3,4,5,2,0,6,Matchs
712,Andreas Weimann,at AUT,"MT,AT",Bristol City,30,1991,33.2,664,970,68.5,10804,2602,319,404,79.0,266,387,68.7,54,110,49.1,5,5.1,4.6,-0.1,26,51,35,7,98,Matchs
713,Nahki Wells,bm BER,AT,Bristol City,32,1990,31.3,436,649,67.2,6371,1367,244,311,78.5,124,183,67.8,35,62,56.5,6,6.3,5.2,-0.3,31,35,27,15,50,Matchs
714,Adam Wharton,eng ENG,MT,Blackburn,18,2004,11.7,524,658,79.6,9255,2933,236,265,89.1,222,263,84.4,54,93,58.1,1,1.3,1.0,-0.3,13,52,12,1,75,Matchs
715,Scott Wharton,eng ENG,DF,Blackburn,24,1997,17.7,772,967,79.8,16034,5185,244,278,87.8,390,448,87.1,127,214,59.3,0,0.1,0.1,-0.1,2,24,1,0,41,Matchs
716,Jack Whatmough,eng ENG,DF,Wigan Athletic,25,1996,33.8,1356,1744,77.8,30487,13276,357,403,88.6,734,834,88.0,256,469,54.6,1,1.0,0.4,0.0,6,71,5,1,41,Matchs
717,Ben Whiteman,eng ENG,MT,Preston,26,1996,33.0,1130,1499,75.4,21625,6472,430,498,86.3,523,607,86.2,157,323,48.6,2,2.5,2.9,-0.5,30,124,22,7,129,Matchs
718,Morgan Whittaker,eng ENG,"AT,MT",Swansea City,21,2001,4.9,114,143,79.7,1712,399,65,72,90.3,35,41,85.4,8,14,57.1,0,0.7,0.9,-0.7,6,7,4,0,12,Matchs
719,Gavin Whyte,nir NIR,"AT,MT",Cardiff City,26,1996,4.0,89,118,75.4,1366,191,52,63,82.5,26,31,83.9,8,16,50.0,1,0.1,0.1,#ERROR!,2,5,0,0,9,Matchs
720,Connor Wickham,eng ENG,AT,Cardiff City,29,1993,5.3,70,118,59.3,1091,252,36,61,59.0,22,37,59.5,7,9,77.8,2,0.3,0.6,#ERROR!,2,3,2,1,8,Matchs
721,Ben Wiles,eng ENG,"MT,AT",Rotherham Utd,23,1999,23.3,447,599,74.6,6682,1502,250,302,82.8,137,181,75.7,30,51,58.8,1,1.1,0.9,-0.1,16,40,9,2,60,Matchs
722,Mallik Wilks,eng ENG,AT,Hull City,23,1998,0.3,2,4,50.0,22,2,2,3,66.7,0,1,0.0,0,0,,0,0.0,0.0,0.0,0,0,0,0,0,Matchs
723,Joe Williams,eng ENG,MT,Bristol City,25,1996,22.1,878,1157,75.9,16143,4291,395,464,85.1,341,427,79.9,118,203,58.1,2,2.8,2.8,-0.8,24,139,30,8,135,Matchs
724,Josh Williams,eng ENG,DF,Birmingham City,19,2002,5.9,130,192,67.7,2151,649,58,73,79.5,58,79,73.4,10,27,37.0,0,0.2,0.4,-0.2,4,11,5,3,9,Matchs
725,Randell Williams,eng ENG,"AT,DF",Hull City,25,1996,2.4,63,90,70.0,954,273,30,37,81.1,28,40,70.0,2,5,40.0,0,0.0,0.0,0.0,0,2,1,1,6,Matchs
Clt,Joueur,Nation,Pos,Équipe,Âge,Naissance,90,Cmp,Att,Cmp%,TotDist,DistBut,Cmp,Att,Cmp%,Cmp,Att,Cmp%,Cmp,Att,Cmp%,PD,xAG,xA,A-xAG,PC,1/3,PPA,CntSR,PrgP,Matchs
726,Rhys Williams,eng ENG,DF,Blackpool,21,2001,12.8,395,500,79.0,8832,2927,88,108,81.5,225,261,86.2,76,121,62.8,0,0.0,0.1,0.0,1,15,1,0,20,Matchs
727,Pharrell Willis,eng ENG,AT,Middlesbrough,19,2003,0.1,3,6,50.0,52,2,1,2,50.0,2,2,100.0,0,1,0.0,0,0.0,0.0,0.0,0,0,0,0,0,Matchs
728,Chris Willock,eng ENG,"AT,MT",QPR,24,1998,18.4,509,650,78.3,7305,1628,293,329,89.1,151,204,74.0,32,55,58.2,2,3.1,3.1,-1.1,31,40,19,6,63,Matchs
729,Ben Wilmot,eng ENG,DF,Stoke City,22,1999,37.2,1673,2241,74.7,37292,13012,440,535,82.2,927,1104,84.0,298,550,54.2,0,1.3,1.7,-1.3,22,167,18,6,190,Matchs
730,Ben Wilson,eng ENG,GB,Coventry City,29,1992,43.0,825,1326,62.2,24729,18859,134,135,99.3,405,412,98.3,279,763,36.6,0,0.0,0.1,0.0,0,11,0,0,0,Matchs
731,Kane Wilson,eng ENG,DF,Bristol City,22,2000,1.0,38,58,65.5,685,361,16,19,84.2,17,26,65.4,4,7,57.1,0,0.4,0.2,-0.4,4,5,3,1,5,Matchs
732,Josh Wilson-Esbrand,eng ENG,"DF,MT",Coventry City,19,2002,7.2,220,303,72.6,3438,1223,127,147,86.4,70,90,77.8,18,40,45.0,0,1.2,1.2,-1.2,13,9,4,3,24,Matchs
733,Ryan Wintle,eng ENG,MT,Cardiff City,25,1997,44.0,1616,2063,78.3,31546,7924,627,719,87.2,704,833,84.5,248,433,57.3,3,3.2,3.9,-0.2,55,161,23,4,142,Matchs
734,Harry Wood,eng ENG,"MT,AT",Hull City,19,2002,0.1,1,1,100.0,8,0,1,1,100.0,0,0,,0,0,,0,0.0,0.0,0.0,0,0,0,0,0,Matchs
735,Richard Wood,eng ENG,DF,Rotherham Utd,37,1985,21.9,359,569,63.1,7393,2946,107,145,73.8,194,279,69.5,53,120,44.2,2,0.8,0.5,#ERROR!,5,21,2,0,36,Matchs
736,Nathan Wood-Gordon,eng ENG,DF,Swansea City,20,2002,37.8,2481,2710,91.5,39740,13214,1228,1299,94.5,1092,1157,94.4,108,176,61.4,1,0.7,1.7,#ERROR!,11,118,7,2,113,Matchs
737,Ben Woodburn,wls WAL,"MT,AT",Preston,22,1999,14.5,324,443,73.1,4891,1482,174,221,78.7,98,126,77.8,28,50,56.0,2,1.3,0.5,#ERROR!,15,40,10,2,49,Matchs
738,Freddie Woodman,eng ENG,GB,Preston,25,1997,46.0,878,1479,59.4,27950,21828,160,160,100.0,337,350,96.3,367,947,38.8,0,0.1,0.1,-0.1,2,25,1,0,1,Matchs
739,Cauley Woodrow,eng ENG,"AT,MT",Luton Town,27,1994,8.4,226,321,70.4,3051,666,130,160,81.3,65,93,69.9,11,23,47.8,1,1.0,1.0,0.0,9,16,6,2,22,Matchs
740,Ryan Woods,eng ENG,MT,Hull City,28,1993,14.2,745,885,84.2,12486,3626,364,398,91.5,269,301,89.4,75,126,59.5,2,1.5,1.6,#ERROR!,14,61,9,1,71,Matchs
741,Ryan Woods,eng ENG,MT,Birmingham City,28,1993,2.0,62,77,80.5,1177,328,26,31,83.9,23,27,85.2,12,15,80.0,0,0.0,0.1,0.0,0,11,2,0,8,Matchs
742,Bailey Wright,au AUS,DF,Rotherham Utd,30,1992,4.5,90,141,63.8,1857,978,33,48,68.8,38,54,70.4,16,34,47.1,0,0.0,0.1,0.0,1,18,1,0,13,Matchs
743,Bailey Wright,au AUS,DF,Sunderland,30,1992,7.6,341,421,81.0,6468,2891,120,136,88.2,179,209,85.6,38,71,53.5,0,0.1,0.1,-0.1,1,14,1,0,15,Matchs
744,Callum Wright,eng ENG,MT,Blackpool,22,2000,4.8,103,146,70.5,1635,521,53,64,82.8,39,49,79.6,8,19,42.1,0,0.4,0.6,-0.4,7,9,3,2,15,Matchs
745,D'Margio Wright-Phillips,eng ENG,"AT,DF",Stoke City,20,2001,0.7,13,19,68.4,184,32,9,11,81.8,3,6,50.0,1,1,100.0,0,0.0,0.0,0.0,0,0,0,0,2,Matchs
746,Charlie Wyke,eng ENG,AT,Wigan Athletic,29,1992,8.6,106,190,55.8,1370,264,64,102,62.7,35,63,55.6,2,3,66.7,2,0.6,0.9,#ERROR!,5,12,2,0,15,Matchs
747,Jerry Yates,eng ENG,AT,Blackpool,25,1996,37.4,517,709,72.9,7098,1711,300,377,79.6,140,186,75.3,31,49,63.3,4,3.3,2.9,#ERROR!,32,26,19,1,59,Matchs
748,Andy Yiadom,gh GHA,DF,Reading,30,1991,39.5,1256,1697,74.0,20946,8134,629,725,86.8,507,665,76.2,102,222,45.9,1,2.0,2.1,-1.0,26,114,23,11,139,Matchs
749,Okay Yokuşlu,tr TUR,MT,West Brom,28,1994,31.9,1270,1539,82.5,20704,6237,625,713,87.7,535,625,85.6,83,126,65.9,0,1.6,2.0,-1.6,20,112,11,2,123,Matchs
750,Anass Zaroury,ma MAR,AT,Burnley,21,2000,26.1,593,945,62.8,9888,2365,300,373,80.4,222,332,66.9,50,145,34.5,6,6.0,5.5,0.0,40,30,56,30,65,Matchs
Clt,Joueur,Nation,Pos,Équipe,Âge,Naissance,90,Cmp,Att,Cmp%,TotDist,DistBut,Cmp,Att,Cmp%,Cmp,Att,Cmp%,Cmp,Att,Cmp%,PD,xAG,xA,A-xAG,PC,1/3,PPA,CntSR,PrgP,Matchs