Clt,Joueur,Nation,Pos,Équipe,Âge,Naissance,90,Touches,SurfRépDéf,ZDéf,MilTer,ZOff,SurfRépOff,Action de jeu,Att,Succ,Succ%,Tkld,Tkld%,Balle au pied,TotDist,DistBut,PrgC,1/3,CSR,Manqué,Perte,Rec,PrgR,Matchs
1,Rodrigo Abascal,uy URU,DF,Boavista,28,1994,25.5,1723,203,907,715,109,17,1723,7,3,42.9,4,57.1,968,4044,2229,10,12,0,12,2,1118,13,Matchs
2,Giorgi Aburjania,ge GEO,MT,Gil Vicente FC,27,1995,17.9,1129,30,200,688,255,18,1129,23,12,52.2,7,30.4,649,3280,1709,33,30,3,26,18,806,37,Matchs
3,Elias Achouri,tn TUN,MT,Estoril,23,1999,0.1,9,1,3,2,4,0,9,0,0,,0,,4,31,19,1,1,0,1,0,6,1,Matchs
4,Antonio Adán,es ESP,GB,Sporting CP,35,1987,31.0,1075,965,1070,4,1,1,1075,0,0,,0,,665,2833,1647,0,0,0,1,0,588,0,Matchs
5,Adriano,br BRA,"MT,DF",Santa Clara,22,1999,24.5,1230,119,458,693,103,13,1230,33,21,63.6,10,30.3,631,3262,1608,16,19,1,15,18,698,17,Matchs
6,João Afonso Crispim,br BRA,MT,Marítimo,27,1995,16.3,835,55,261,510,71,4,835,9,3,33.3,5,55.6,309,1407,496,3,5,0,21,12,432,8,Matchs
7,Lucas Áfrico,br BRA,DF,Estoril,27,1995,3.9,199,32,124,67,9,5,199,1,0,0.0,1,100.0,140,838,584,1,2,0,1,0,151,0,Matchs
8,Martin Agirregabiria,es ESP,"DF,AT",Famalicão,26,1996,4.5,251,18,93,118,46,3,251,7,4,57.1,3,42.9,137,776,414,10,6,2,5,0,157,14,Matchs
9,Salvador Agra,pt POR,"AT,MT",Boavista,30,1991,18.3,837,13,102,367,375,29,837,44,15,34.1,23,52.3,468,2689,1317,46,26,9,28,17,574,132,Matchs
10,Mohamed Aidara,ci CIV,"DF,AT",Vizela,25,1996,2.7,124,25,88,36,1,1,124,0,0,,0,,74,330,160,1,0,0,2,0,77,0,Matchs
11,Alemão,br BRA,DF,Portimonense,19,2002,4.0,297,46,172,122,4,1,297,0,0,,0,,161,977,460,1,1,0,5,1,182,0,Matchs
12,Sotiris Alexandropoulos,gr GRE,MT,Sporting CP,20,2001,1.2,84,3,17,48,20,2,84,4,1,25.0,3,75.0,40,241,154,7,3,1,2,0,47,3,Matchs
13,Ali Alipour,ir IRN,"AT,MT",Gil Vicente FC,26,1995,5.9,224,4,19,78,131,34,224,16,4,25.0,7,43.8,138,540,188,7,4,2,12,11,168,61,Matchs
14,Allano,br BRA,"AT,MT",Santa Clara,27,1995,12.6,684,12,109,351,238,27,683,53,22,41.5,21,39.6,395,2488,1182,37,33,9,58,14,460,96,Matchs
15,Domingos André Ribeiro Almeida,pt POR,MT,Vitória,22,2000,2.6,152,5,36,82,36,5,152,9,4,44.4,5,55.6,85,398,183,6,4,0,6,10,91,2,Matchs
16,Jordi Almeida,br BRA,GB,Paços,28,1993,6.0,215,202,215,0,0,0,215,0,0,,0,,96,522,297,0,0,0,1,0,64,0,Matchs
17,Alejandro Alvarado Jr.,us USA,"AT,MT",Vizela,19,2003,0.8,36,1,7,14,17,4,36,8,4,50.0,4,50.0,21,161,74,3,2,0,3,0,23,4,Matchs
18,Pedro Álvaro,pt POR,DF,Estoril,22,2000,28.6,1791,330,1061,687,49,20,1791,9,5,55.6,4,44.4,1105,5949,3698,14,10,4,4,5,1258,5,Matchs
19,Luís Alves,pt POR,DF,Paços,20,2001,4.1,219,20,84,98,39,0,219,5,1,20.0,4,80.0,97,455,230,8,5,0,4,3,119,5,Matchs
20,Pedro Amaral,pt POR,DF,Rio Ave,24,1997,11.0,774,32,221,345,212,7,774,20,7,35.0,11,55.0,392,1714,974,11,11,0,7,7,476,43,Matchs
21,André Amaro,pt POR,DF,Vitória,19,2002,26.2,1433,163,734,656,54,20,1433,13,5,38.5,6,46.2,793,4211,2477,22,14,0,8,7,879,2,Matchs
22,Anderson,br BRA,AT,Vitória,24,1997,15.0,412,19,32,174,210,71,412,45,15,33.3,28,62.2,251,1256,550,23,18,13,62,27,312,78,Matchs
23,Anderson,br BRA,"AT,MT",Portimonense,24,1998,4.2,184,1,18,81,88,10,184,18,9,50.0,6,33.3,133,906,455,11,12,2,12,6,136,23,Matchs
24,Anderson,br BRA,"MT,AT",Casa Pia,23,1998,0.3,10,0,1,6,3,0,10,0,0,,0,,6,17,2,0,0,0,2,0,4,0,Matchs
25,Léo Andrade,br BRA,DF,Marítimo,24,1998,11.8,629,68,357,250,28,11,629,3,1,33.3,0,0.0,237,986,466,2,1,0,7,1,346,5,Matchs
Clt,Joueur,Nation,Pos,Équipe,Âge,Naissance,90,Touches,SurfRépDéf,ZDéf,MilTer,ZOff,SurfRépOff,Action de jeu,Att,Succ,Succ%,Tkld,Tkld%,Balle au pied,TotDist,DistBut,PrgC,1/3,CSR,Manqué,Perte,Rec,PrgR,Matchs
26,André André,pt POR,MT,Vitória,32,1989,15.0,877,22,162,561,163,18,877,26,15,57.7,8,30.8,483,2352,1150,24,12,4,32,16,591,32,Matchs
27,Andrew,br BRA,GB,Gil Vicente FC,21,2001,23.7,1013,835,1009,5,0,0,1013,0,0,,0,,539,2517,1649,0,0,0,1,0,410,0,Matchs
28,Andrezinho,pt POR,"AT,MT",Santa Clara,25,1996,6.0,282,5,43,135,112,21,282,25,9,36.0,12,48.0,167,1267,595,17,12,3,15,9,173,39,Matchs
29,Paulo Vítor Fagundes dos Anjos,br BRA,GB,Chaves,33,1988,30.0,1130,995,1126,6,0,0,1130,2,2,100.0,0,0.0,530,3283,2139,0,2,2,3,0,324,0,Matchs
30,Carnejy Antoine,ht HAI,"AT,MT",Casa Pia,31,1991,1.4,71,3,5,30,38,7,71,3,0,0.0,3,100.0,41,199,116,4,4,2,7,3,45,7,Matchs
31,Antony,br BRA,"AT,MT",Arouca,20,2001,26.4,974,10,172,408,415,63,974,68,33,48.5,32,47.1,569,3981,1763,52,50,16,69,36,624,166,Matchs
32,Vitorino Antunes,pt POR,DF,Paços,35,1987,29.6,2061,97,714,908,460,17,2060,44,24,54.5,16,36.4,995,5309,2822,62,48,5,35,19,1090,62,Matchs
33,Bilel Aouacheria,fr FRA,"AT,MT",Gil Vicente FC,28,1994,8.3,339,4,37,138,174,19,339,39,12,30.8,20,51.3,219,1434,716,25,21,10,24,14,250,71,Matchs
34,Wilinton Aponzá,co COL,MT,Portimonense,22,2000,0.0,2,0,0,0,2,0,2,0,0,,0,,1,30,10,1,0,0,1,0,1,1,Matchs
35,Mizuki Arai,jp JPN,"AT,MT",Gil Vicente FC,25,1997,3.3,155,1,18,48,91,14,155,11,3,27.3,8,72.7,90,649,331,14,5,4,7,8,103,43,Matchs
36,Henrique Araújo,pt POR,"MT,AT",Benfica,20,2002,0.8,25,1,1,10,14,7,25,1,1,100.0,0,0.0,14,69,47,2,2,1,1,1,19,8,Matchs
37,Tiago Araújo,pt POR,"DF,AT",Estoril,21,2001,9.8,554,34,179,202,180,15,554,23,11,47.8,11,47.8,265,1693,892,26,18,3,19,8,287,67,Matchs
38,Tomás Araújo,pt POR,DF,Gil Vicente FC,20,2002,20.8,1542,165,796,683,77,28,1542,22,11,50.0,8,36.4,920,5032,3432,27,17,0,11,6,1015,7,Matchs
39,Arthur,br BRA,"AT,MT",Estoril,24,1998,3.1,96,2,15,43,39,7,96,9,5,55.6,4,44.4,63,463,240,10,2,4,6,6,72,18,Matchs
40,Arthur,br BRA,"MT,DF",Sporting CP,24,1998,8.9,644,7,77,226,351,31,644,51,26,51.0,20,39.2,374,2695,1342,46,24,8,23,7,422,100,Matchs
41,Gustavo Assuncao,pt POR,MT,Famalicão,22,2000,10.6,637,18,190,374,79,2,637,14,5,35.7,8,57.1,297,1473,774,14,10,1,10,4,383,11,Matchs
42,Otavio Ataide,br BRA,DF,Famalicão,20,2002,7.9,475,61,298,165,14,9,475,3,3,100.0,0,0.0,237,1071,475,2,0,0,5,1,309,2,Matchs
43,Leo Augusto Pereira,br BRA,"MT,AT",Marítimo,22,2000,5.9,202,1,32,65,107,16,202,26,8,30.8,18,69.2,124,797,351,14,4,5,14,7,128,42,Matchs
44,Fredrik Aursnes,no NOR,"AT,MT",Benfica,26,1995,23.9,1867,26,263,985,627,57,1866,36,17,47.2,16,44.4,1056,4546,2285,48,39,7,26,17,1394,135,Matchs
45,Matheus Babi,br BRA,AT,Santa Clara,25,1997,15.1,490,21,42,272,179,53,487,24,11,45.8,10,41.7,238,841,261,6,12,1,60,14,350,61,Matchs
46,Miguel Baeza,es ESP,"MT,AT",Rio Ave,22,2000,12.0,538,11,83,291,166,13,538,20,5,25.0,14,70.0,274,1584,882,26,17,2,24,8,385,53,Matchs
47,Alexander Bah,dk DEN,DF,Benfica,24,1997,20.9,1812,51,363,826,634,27,1812,37,9,24.3,17,45.9,849,4058,2136,59,43,6,27,9,1117,163,Matchs
48,Jason Bahamboula,cg CGO,MT,Vitória,21,2001,0.1,7,1,1,4,2,1,7,0,0,,0,,3,4,0,0,0,0,1,0,3,1,Matchs
49,Ibrahima Bamba,ci CIV,"DF,MT",Vitória,20,2002,25.8,1337,190,707,586,55,11,1337,17,6,35.3,6,35.3,677,3284,1436,5,7,0,21,7,687,4,Matchs
50,Daniel Bandeira,pt POR,MT,Vitória,22,2000,18.3,1124,45,276,676,188,11,1124,32,18,56.3,12,37.5,566,3119,1545,22,21,2,19,15,673,24,Matchs
Clt,Joueur,Nation,Pos,Équipe,Âge,Naissance,90,Touches,SurfRépDéf,ZDéf,MilTer,ZOff,SurfRépOff,Action de jeu,Att,Succ,Succ%,Tkld,Tkld%,Balle au pied,TotDist,DistBut,PrgC,1/3,CSR,Manqué,Perte,Rec,PrgR,Matchs
51,Simon Banza,cd COD,AT,Braga,25,1996,16.1,496,14,39,198,265,82,496,41,22,53.7,17,41.5,273,1440,476,20,11,10,56,25,390,88,Matchs
52,Romário Baró,pt POR,"MT,AT",Casa Pia,22,2000,10.4,410,9,59,237,124,14,410,35,15,42.9,16,45.7,238,1428,655,15,12,3,19,25,262,34,Matchs
53,Gabriel Batista,br BRA,GB,Santa Clara,24,1998,26.0,966,796,953,14,0,0,966,1,1,100.0,0,0.0,461,2449,1698,0,0,0,0,0,332,0,Matchs
54,Ricardo Batista,pt POR,GB,Casa Pia,35,1986,31.0,1093,983,1088,5,1,0,1093,1,1,100.0,0,0.0,493,2795,1623,1,1,0,1,0,410,0,Matchs
55,Dylan Batubinsika,cd COD,DF,Famalicão,26,1996,2.0,126,13,69,58,1,1,126,0,0,,0,,82,309,124,0,0,0,0,0,82,0,Matchs
56,Batxi,ao ANG,"AT,MT",Chaves,24,1998,3.6,117,4,13,47,59,9,117,11,5,45.5,5,45.5,69,523,284,14,8,2,9,3,75,18,Matchs
57,Clésio Baúque,mz MOZ,"MT,DF",Marítimo,27,1994,0.7,27,1,3,9,15,1,27,5,1,20.0,4,80.0,16,171,47,2,3,0,4,1,15,3,Matchs
58,Héctor Bellerín,es ESP,"DF,MT",Sporting CP,27,1995,4.9,359,9,77,148,136,13,359,12,6,50.0,6,50.0,199,940,409,9,8,2,4,7,226,46,Matchs
59,Stefano Beltrame,it ITA,MT,Marítimo,29,1993,11.7,493,6,77,287,139,9,493,26,16,61.5,8,30.8,267,1534,712,15,16,4,18,11,309,26,Matchs
60,Gilson Benchimol,cv CPV,AT,Estoril,20,2001,3.4,123,6,20,63,42,10,123,11,1,9.1,7,63.6,61,265,109,2,4,0,12,9,76,15,Matchs
61,Beni,ao ANG,MT,Casa Pia,20,2002,10.4,508,17,119,307,93,4,508,37,23,62.2,13,35.1,278,1615,590,13,19,0,11,12,310,11,Matchs
62,Benny,pt POR,"AT,MT",Chaves,22,2000,13.6,546,9,71,207,276,26,546,34,10,29.4,18,52.9,331,1699,782,29,21,11,32,13,372,111,Matchs
63,Berna,pt POR,MT,Boavista,18,2003,0.1,2,0,0,0,2,0,2,0,0,,0,,1,10,0,0,0,0,0,1,0,0,Matchs
64,Paulo Bernardo,pt POR,MT,Paços,20,2002,8.4,361,8,56,221,89,20,361,11,8,72.7,2,18.2,182,687,308,6,3,1,10,4,224,21,Matchs
65,Celton Biai,pt POR,GB,Vitória,21,2000,5.0,166,135,162,4,0,0,166,0,0,,0,,92,534,255,0,0,0,0,0,63,0,Matchs
66,Pedro Bicalho,br BRA,"MT,AT",Santa Clara,21,2001,2.1,96,2,16,67,14,4,96,1,0,0.0,1,100.0,45,167,37,0,0,0,5,1,58,6,Matchs
67,Emmanuel Boateng,gh GHA,"AT,MT",Rio Ave,26,1996,20.7,494,13,64,193,246,73,493,35,4,11.4,20,57.1,290,1357,563,15,13,6,55,22,363,97,Matchs
68,Kennedy Boateng,tg TOG,DF,Santa Clara,25,1996,25.7,1359,187,808,491,71,46,1359,5,3,60.0,2,40.0,620,2784,1063,4,2,0,13,5,739,8,Matchs
69,Victor Bobsin,br BRA,MT,Santa Clara,22,2000,17.9,905,42,236,587,99,9,905,27,17,63.0,6,22.2,452,2100,924,11,10,1,13,21,534,11,Matchs
70,Bolgado,br BRA,DF,Casa Pia,23,1998,5.4,269,60,160,101,9,4,269,0,0,,0,,104,427,228,0,1,0,2,1,132,0,Matchs
71,Kiko Bondoso,pt POR,"AT,MT",Vizela,26,1995,31.6,1245,8,136,601,535,90,1245,91,40,44.0,40,44.0,724,4553,2419,74,52,20,68,29,927,214,Matchs
72,Eduardo Borges,pt POR,MT,Chaves,22,2000,0.4,22,2,10,10,2,0,22,0,0,,0,,11,28,16,0,0,0,0,0,15,1,Matchs
73,Gonçalo Borges,pt POR,"AT,MT",Porto,21,2001,1.3,72,1,11,20,44,8,72,14,5,35.7,6,42.9,54,499,243,12,7,1,4,2,53,13,Matchs
74,Cristian Borja,co COL,DF,Braga,29,1993,7.6,520,30,142,255,129,7,520,12,9,75.0,2,16.7,243,1187,622,17,8,3,10,0,295,42,Matchs
75,Róbert Boženík,sk SVK,AT,Boavista,22,1999,10.8,276,2,14,128,138,40,276,16,8,50.0,7,43.8,166,706,180,9,4,6,26,12,217,57,Matchs
Clt,Joueur,Nation,Pos,Équipe,Âge,Naissance,90,Touches,SurfRépDéf,ZDéf,MilTer,ZOff,SurfRépOff,Action de jeu,Att,Succ,Succ%,Tkld,Tkld%,Balle au pied,TotDist,DistBut,PrgC,1/3,CSR,Manqué,Perte,Rec,PrgR,Matchs
76,Rafael Bracalli,br BRA,GB,Boavista,41,1981,28.0,869,750,868,1,0,0,869,2,2,100.0,0,0.0,378,2287,1471,0,1,1,0,0,239,0,Matchs
77,Pedro Brazão,pt POR,"MT,AT",Famalicão,19,2002,3.4,157,2,13,69,76,5,157,15,6,40.0,8,53.3,92,473,257,8,9,3,7,6,103,14,Matchs
78,Yan Brice Eteki,cm CMR,MT,Casa Pia,24,1997,6.6,337,10,81,215,43,0,337,16,5,31.3,4,25.0,171,761,311,1,6,0,4,15,227,9,Matchs
79,Rafael Brito,pt POR,"MT,DF",Marítimo,20,2002,7.1,376,18,110,219,50,4,376,8,3,37.5,5,62.5,166,862,390,4,1,0,7,4,231,8,Matchs
80,John Brooks,us USA,"MT,DF",Benfica,29,1993,0.0,4,0,1,0,3,2,4,0,0,,0,,0,0,0,0,0,0,0,0,1,0,Matchs
81,Bruma,pt POR,"MT,AT",Braga,27,1994,11.3,626,12,57,225,362,80,626,80,40,50.0,30,37.5,424,3223,1903,72,37,39,23,20,464,91,Matchs
82,Bruninho,br BRA,AT,Arouca,23,1999,2.5,138,1,11,65,64,20,138,9,3,33.3,5,55.6,61,328,134,5,5,2,14,9,91,15,Matchs
83,Matheus Bueno,br BRA,MT,Gil Vicente FC,24,1998,6.2,402,7,77,236,91,7,402,15,9,60.0,6,40.0,222,1044,474,7,5,2,11,6,290,10,Matchs
84,André Bukia,cd COD,"AT,MT",Arouca,27,1995,11.4,421,5,67,179,188,19,421,51,22,43.1,23,45.1,288,1920,907,33,16,12,36,11,305,66,Matchs
85,Fabijan Buntić,hr CRO,GB,Vizela,25,1997,33.0,958,840,951,8,0,0,958,0,0,,0,,379,2287,1342,0,0,0,0,0,206,0,Matchs
86,Oriol Busquets,es ESP,MT,Arouca,23,1999,12.9,785,50,308,429,50,1,785,15,9,60.0,5,33.3,438,1736,685,2,12,0,7,7,512,8,Matchs
87,Adrián Butzke,es ESP,AT,Paços,23,1999,14.8,505,15,33,251,229,83,504,20,8,40.0,9,45.0,286,1165,499,13,13,6,30,18,381,61,Matchs
88,Jovane Cabral,cv CPV,MT,Sporting CP,24,1998,0.6,51,0,8,32,12,3,51,3,1,33.3,2,66.7,34,187,75,1,1,0,4,3,38,8,Matchs
89,Paulo Henrique Rodrigues Cabral,pt POR,DF,Santa Clara,25,1996,15.9,959,49,345,459,165,22,959,17,8,47.1,6,35.3,388,1897,981,18,8,1,20,10,490,39,Matchs
90,Jhonder Cádiz,ve VEN,AT,Famalicão,27,1995,14.7,461,24,40,230,192,74,461,19,7,36.8,11,57.9,234,925,293,17,10,11,47,19,375,73,Matchs
91,Diogo Calila,pt POR,"DF,MT",Santa Clara,23,1998,7.2,402,11,131,196,84,4,402,9,4,44.4,3,33.3,175,1090,551,18,16,1,9,9,197,25,Matchs
92,Ibrahima Camará,gn GUI,MT,Boavista,23,1999,11.5,567,18,104,336,136,14,567,30,16,53.3,11,36.7,296,1341,651,17,7,4,22,11,371,19,Matchs
93,Francis Cann,gh GHA,AT,Vizela,24,1998,0.4,26,1,7,9,10,2,26,1,0,0.0,1,100.0,16,71,29,0,0,0,2,2,10,5,Matchs
94,Reggie Cannon,us USA,DF,Boavista,24,1998,25.7,1462,176,825,590,57,3,1462,13,7,53.8,6,46.2,773,3046,1345,15,10,0,5,13,937,8,Matchs
95,Fábio Cardoso,pt POR,DF,Porto,28,1994,13.7,1001,94,470,494,40,22,1001,5,3,60.0,1,20.0,674,2949,1646,3,5,0,3,2,767,2,Matchs
96,Felippe Cardoso,br BRA,AT,Casa Pia,23,1998,5.6,178,6,17,87,78,25,177,28,16,57.1,12,42.9,115,692,269,10,4,2,26,10,131,19,Matchs
97,Yago Cariello,br BRA,AT,Portimonense,23,1999,15.2,477,21,35,213,230,59,477,24,8,33.3,14,58.3,244,1015,383,14,16,5,52,22,351,70,Matchs
98,Carlinhos,br BRA,MT,Portimonense,28,1994,7.6,488,9,74,315,102,2,488,23,10,43.5,12,52.2,298,1948,751,10,8,1,17,14,366,18,Matchs
99,João Carlos,br BRA,AT,Estoril,27,1995,7.9,249,11,20,112,120,32,249,17,5,29.4,11,64.7,124,550,183,7,7,2,24,19,163,37,Matchs
100,José Carlos,pt POR,DF,Gil Vicente FC,24,1998,4.4,343,9,106,152,90,6,343,18,5,27.8,10,55.6,150,580,250,4,11,3,7,2,210,23,Matchs
Clt,Joueur,Nation,Pos,Équipe,Âge,Naissance,90,Touches,SurfRépDéf,ZDéf,MilTer,ZOff,SurfRépOff,Action de jeu,Att,Succ,Succ%,Tkld,Tkld%,Balle au pied,TotDist,DistBut,PrgC,1/3,CSR,Manqué,Perte,Rec,PrgR,Matchs
101,Luíz Carlos,br BRA,MT,Paços,37,1985,12.6,660,18,158,393,116,8,660,12,8,66.7,2,16.7,356,1649,557,12,15,2,19,12,447,23,Matchs
102,José Carlos Marafona,pt POR,GB,Paços,35,1987,15.8,516,453,514,2,0,0,516,0,0,,0,,253,1498,846,0,0,0,0,0,167,0,Matchs
103,Zé Carlos,pt POR,"MT,DF",Vitória,20,2001,9.5,563,22,173,260,138,5,563,21,11,52.4,7,33.3,250,1040,500,13,9,1,18,6,290,39,Matchs
104,David Carmo,ao ANG,DF,Porto,23,1999,7.1,478,64,279,186,13,9,478,0,0,,0,,337,1487,689,3,1,0,4,0,356,1,Matchs
105,Marcelo Carné,br BRA,GB,Marítimo,32,1990,14.0,483,434,483,0,0,0,483,0,0,,0,,228,1195,748,0,0,0,0,0,172,0,Matchs
106,Carraça,pt POR,DF,Gil Vicente FC,29,1993,20.6,1627,59,528,633,483,11,1627,22,10,45.5,9,40.9,798,3466,1623,29,18,1,19,14,973,96,Matchs
107,Anderson Carvalho,br BRA,MT,Santa Clara,32,1990,5.5,256,14,80,129,48,5,256,8,5,62.5,3,37.5,120,595,215,6,2,1,4,5,128,7,Matchs
108,João Carvalho,pt POR,MT,Estoril,25,1997,25.6,1307,51,277,708,337,31,1307,41,18,43.9,20,48.8,686,3326,1653,26,24,3,38,16,811,80,Matchs
109,Vitor Carvalho,br BRA,MT,Gil Vicente FC,25,1997,30.0,2142,84,484,1333,343,29,2142,31,13,41.9,11,35.5,1139,4777,2450,32,30,1,31,27,1485,44,Matchs
110,Cassiano,br BRA,AT,Estoril,33,1989,10.0,200,8,18,105,79,20,200,15,6,40.0,8,53.3,81,339,139,7,4,2,6,3,111,24,Matchs
111,Moises Castillo,co COL,DF,Marítimo,21,2001,17.5,993,124,573,403,23,12,993,14,8,57.1,5,35.7,484,2657,1278,5,5,1,14,0,575,2,Matchs
112,André Castro,pt POR,MT,Braga,34,1988,6.9,479,13,92,315,77,5,479,13,7,53.8,3,23.1,257,1256,604,9,8,2,5,1,304,9,Matchs
113,Geny Catamo,mz MOZ,"AT,MT",Marítimo,21,2001,3.8,204,1,9,85,116,20,204,34,15,44.1,14,41.2,144,907,447,18,11,7,13,9,157,42,Matchs
114,César,br BRA,GB,Boavista,30,1992,5.0,132,111,132,0,0,0,132,0,0,,0,,65,336,213,0,0,0,0,0,41,0,Matchs
115,Kayky Chagas,br BRA,"MT,AT",Paços,19,2003,3.0,102,2,19,48,36,14,102,9,2,22.2,6,66.7,68,417,187,8,4,7,8,5,66,13,Matchs
116,Youssef Chermiti,pt POR,AT,Sporting CP,18,2004,9.4,247,7,15,105,127,63,246,24,6,25.0,16,66.7,143,770,292,12,6,10,29,16,172,47,Matchs
117,Fábio China,pt POR,"DF,MT",Marítimo,30,1992,4.4,266,14,97,136,40,1,266,8,3,37.5,3,37.5,133,723,470,7,8,0,4,3,139,14,Matchs
118,Chiquinho,pt POR,MT,Benfica,27,1995,15.2,1277,17,228,738,326,26,1277,29,12,41.4,9,31.0,757,3756,1919,24,24,1,24,9,930,32,Matchs
119,Clayton,br BRA,AT,Casa Pia,23,1999,13.2,414,11,22,227,170,54,414,35,17,48.6,12,34.3,253,1228,364,15,13,6,67,25,345,76,Matchs
120,Sebastián Coates,uy URU,DF,Sporting CP,31,1990,28.4,2283,111,848,1391,55,31,2283,15,8,53.3,5,33.3,1510,6578,3781,13,8,0,7,2,1767,3,Matchs
121,Dylan Collard,mu MRI,DF,Marítimo,22,2000,0.0,5,2,2,3,0,0,5,0,0,,0,,1,0,0,0,0,0,0,0,0,0,Matchs
122,Santiago Colombatto,ar ARG,MT,Famalicão,25,1997,29.0,1654,46,412,907,353,34,1652,21,7,33.3,13,61.9,784,3136,1597,28,23,3,25,18,1007,42,Matchs
123,Fábio Conceição,pt POR,"DF,MT",Rio Ave,21,2001,22.0,1047,31,207,486,370,52,1047,114,38,33.3,63,55.3,627,3795,2202,61,35,15,45,34,685,143,Matchs
124,Rodrigo Conceição,pt POR,DF,Porto,22,2000,6.1,430,9,110,191,138,12,430,27,11,40.7,12,44.4,231,1439,827,29,17,5,12,4,246,47,Matchs
125,Sérgio Conceição,pt POR,"DF,AT",Portimonense,25,1996,1.3,92,4,26,38,31,1,92,1,0,0.0,1,100.0,38,175,103,2,2,0,2,0,46,11,Matchs
Clt,Joueur,Nation,Pos,Équipe,Âge,Naissance,90,Touches,SurfRépDéf,ZDéf,MilTer,ZOff,SurfRépOff,Action de jeu,Att,Succ,Succ%,Tkld,Tkld%,Balle au pied,TotDist,DistBut,PrgC,1/3,CSR,Manqué,Perte,Rec,PrgR,Matchs
126,Félix Correia,pt POR,AT,Marítimo,21,2001,8.4,359,2,35,143,189,36,359,34,18,52.9,15,44.1,219,1599,739,28,9,15,16,9,263,68,Matchs
127,João Pedro Araújo Correia,cv CPV,"DF,AT",Chaves,25,1996,19.9,1135,81,389,462,301,38,1135,43,18,41.9,21,48.8,582,3236,2004,54,27,12,41,8,608,98,Matchs
128,Antonio Cortés,es ESP,AT,Vitória,22,2000,0.6,20,0,0,12,8,0,20,2,2,100.0,0,0.0,15,61,17,1,0,0,3,0,16,6,Matchs
129,Bruno Xavier Almeida Costa,pt POR,MT,Porto,25,1997,2.9,178,1,21,98,61,8,178,7,3,42.9,2,28.6,101,537,269,6,4,1,4,3,112,13,Matchs
130,Diogo Costa,pt POR,GB,Porto,22,1999,33.0,1330,1113,1322,8,0,0,1330,1,1,100.0,0,0.0,865,3465,2139,0,0,0,0,0,791,0,Matchs
131,Edgar Costa,pt POR,"AT,MT",Marítimo,35,1987,5.3,324,5,41,192,96,4,324,7,1,14.3,4,57.1,156,834,366,7,6,0,6,9,204,19,Matchs
132,Gonçalo Costa,pt POR,"DF,AT",Portimonense,22,2000,2.6,156,7,43,66,48,7,156,8,2,25.0,4,50.0,76,288,125,4,2,2,10,1,90,16,Matchs
133,Matheus Costa,br BRA,DF,Marítimo,27,1995,12.0,664,106,407,241,20,11,664,3,1,33.3,2,66.7,292,1454,744,5,2,0,2,1,399,0,Matchs
134,Murilo Costa,br BRA,AT,Gil Vicente FC,27,1994,24.2,1193,23,145,478,593,70,1191,118,46,39.0,64,54.2,767,5525,2461,89,69,23,70,52,828,187,Matchs
135,Rui Costa,pt POR,MT,Santa Clara,26,1996,0.5,16,0,0,3,13,0,16,4,2,50.0,2,50.0,10,38,3,0,0,0,1,0,13,2,Matchs
136,Tomás Costa Silva,pt POR,DF,Vizela,22,1999,13.1,789,45,255,314,232,15,789,21,9,42.9,8,38.1,336,1664,891,25,18,3,20,7,408,65,Matchs
137,Vitor Costa,br BRA,"DF,MT",Marítimo,28,1994,26.7,1658,82,508,769,398,27,1658,44,24,54.5,12,27.3,753,4265,2394,56,42,8,17,17,874,139,Matchs
138,Costinha,pt POR,"DF,MT",Rio Ave,22,2000,31.1,1960,102,548,867,564,52,1960,79,23,29.1,41,51.9,845,5197,2564,74,64,7,60,42,946,201,Matchs
139,Costinha,pt POR,"MT,AT",Santa Clara,29,1992,7.5,342,5,39,184,121,12,342,14,4,28.6,8,57.1,163,669,323,7,9,3,19,9,223,29,Matchs
140,Sandro Cruz,pt POR,"DF,AT",Chaves,21,2001,5.9,393,29,128,189,77,7,393,15,7,46.7,8,53.3,193,844,424,8,5,1,7,4,216,28,Matchs
141,Cuca,cv CPV,MT,Casa Pia,31,1991,4.3,249,9,72,144,36,1,249,5,3,60.0,1,20.0,105,412,206,3,5,1,6,3,138,5,Matchs
142,Lucas Cunha,br BRA,DF,Gil Vicente FC,25,1997,15.0,1102,140,529,553,23,4,1102,2,2,100.0,0,0.0,661,3043,1930,12,3,1,8,2,759,1,Matchs
143,Oday Dabbagh,ps PLE,AT,Arouca,23,1998,10.2,343,10,21,156,171,46,343,16,9,56.3,6,37.5,188,966,406,16,7,8,35,5,246,71,Matchs
144,Júlio Dabo,pt POR,"DF,AT",Boavista,18,2004,0.1,11,0,2,5,4,0,11,0,0,,0,,6,29,0,0,0,0,2,0,6,1,Matchs
145,Ignacio De Arruabarrena,uy URU,GB,Arouca,25,1997,30.0,1113,995,1111,2,0,0,1113,0,0,,0,,523,2619,1502,0,0,0,1,0,362,0,Matchs
146,Hernán De La Fuente,ar ARG,DF,Famalicão,25,1997,6.0,410,27,127,173,111,10,410,15,6,40.0,8,53.3,175,1036,523,20,7,2,8,10,191,23,Matchs
147,Juan Delgado,cl CHI,DF,Paços,29,1993,29.9,1766,78,488,873,423,33,1766,74,34,45.9,27,36.5,1019,6293,3592,100,55,7,45,15,1060,123,Matchs
148,Shaquil Delos,fr FRA,DF,Estoril,23,1999,4.6,241,13,73,99,73,3,241,13,6,46.2,6,46.2,104,772,437,11,12,0,8,2,122,17,Matchs
149,Denílson,br BRA,AT,Famalicão,27,1995,4.0,133,17,29,61,43,4,133,9,4,44.4,4,44.4,78,431,205,7,3,1,6,12,90,24,Matchs
150,Depú,ao ANG,"AT,MT",Gil Vicente FC,22,2000,0.9,34,3,3,19,13,3,34,2,1,50.0,1,50.0,23,131,75,2,3,1,4,1,26,7,Matchs
Clt,Joueur,Nation,Pos,Équipe,Âge,Naissance,90,Touches,SurfRépDéf,ZDéf,MilTer,ZOff,SurfRépOff,Action de jeu,Att,Succ,Succ%,Tkld,Tkld%,Balle au pied,TotDist,DistBut,PrgC,1/3,CSR,Manqué,Perte,Rec,PrgR,Matchs
151,Derick,br BRA,"MT,DF",Casa Pia,28,1993,16.0,798,46,241,326,243,16,798,23,10,43.5,11,47.8,352,2142,1062,31,30,4,22,12,381,81,Matchs
152,Lamine Diaby,fr FRA,MT,Portimonense,25,1996,15.7,761,69,238,439,101,16,761,38,27,71.1,8,21.1,404,1874,795,12,7,3,30,18,445,12,Matchs
153,Ousmane Diomande,ci CIV,DF,Sporting CP,18,2003,9.8,971,64,344,557,78,9,971,8,6,75.0,2,25.0,665,3578,2272,17,22,0,5,2,780,7,Matchs
154,Álvaro djaló,es ESP,"AT,MT",Braga,22,1999,7.1,356,11,56,119,186,48,356,46,18,39.1,27,58.7,210,1359,684,28,17,15,32,16,220,74,Matchs
155,Matchoi Djaló,pt POR,"MT,AT",Paços,19,2003,14.5,617,9,90,281,258,24,617,51,26,51.0,14,27.5,407,2249,992,22,18,4,31,29,421,67,Matchs
156,Mihai Dobre,ro ROU,"AT,DF",Famalicão,23,1998,10.4,379,13,88,118,175,47,379,25,12,48.0,12,48.0,198,1473,839,33,16,10,23,5,234,79,Matchs
157,Julian Draxler,de GER,"MT,AT",Benfica,28,1993,4.5,270,1,11,117,144,19,270,3,2,66.7,1,33.3,147,784,314,10,5,2,11,9,208,44,Matchs
158,Carlos Eduardo,br BRA,"AT,MT",Estoril,25,1996,8.0,287,14,68,113,114,9,286,38,17,44.7,17,44.7,173,1258,649,27,22,5,32,8,178,49,Matchs
159,Marcus Edwards,eng ENG,"AT,MT",Sporting CP,23,1998,25.0,1258,4,62,433,787,142,1258,145,69,47.6,65,44.8,898,6108,3196,110,75,51,74,40,981,248,Matchs
160,Erison,br BRA,AT,Estoril,23,1999,7.6,149,7,11,64,74,30,149,5,2,40.0,3,60.0,73,317,104,4,4,2,23,16,106,24,Matchs
161,Ricardo Esgaio,pt POR,"DF,MT",Sporting CP,29,1993,14.6,1010,30,221,459,336,36,1010,15,7,46.7,8,53.3,477,2106,1113,27,16,5,12,5,594,116,Matchs
162,Tiago Esgaio,pt POR,DF,Arouca,26,1995,25.4,1478,99,584,589,313,28,1478,7,4,57.1,2,28.6,597,2135,1061,16,13,1,17,5,763,79,Matchs
163,Dario Essugo,pt POR,MT,Sporting CP,17,2005,2.2,130,3,22,91,20,1,130,3,1,33.3,2,66.7,56,262,159,2,1,0,1,1,81,0,Matchs
164,Gonçalo Esteves,pt POR,DF,Estoril,18,2004,2.0,121,4,37,60,25,0,121,6,3,50.0,1,16.7,53,405,155,3,3,0,2,4,57,6,Matchs
165,Paulo Estrela Moreira,pt POR,MT,Portimonense,23,1999,16.8,1027,33,186,664,184,4,1025,4,2,50.0,1,25.0,446,1996,981,5,4,0,9,5,577,8,Matchs
166,Friday Etim,ng NGA,AT,Vizela,20,2002,4.9,193,2,7,83,104,36,193,20,6,30.0,12,60.0,108,519,177,6,6,3,23,14,136,30,Matchs
167,Euller,br BRA,"AT,MT",Chaves,27,1995,11.8,533,9,88,210,242,26,533,47,24,51.1,19,40.4,310,1704,924,26,12,10,24,9,346,86,Matchs
168,Stephen Eustáquio,ca CAN,MT,Porto,25,1996,18.6,1245,28,220,680,350,41,1245,6,4,66.7,2,33.3,680,2411,948,8,12,3,20,8,825,46,Matchs
169,Evanilson,br BRA,AT,Porto,22,1999,15.0,488,7,50,204,243,79,488,35,13,37.1,17,48.6,301,1390,466,16,12,7,40,17,356,92,Matchs
170,Ewerton,br BRA,MT,Portimonense,29,1992,6.5,279,6,39,173,68,11,279,10,3,30.0,6,60.0,140,582,261,2,7,0,4,7,176,12,Matchs
171,Fabiano,br BRA,DF,Braga,22,2000,10.7,691,26,197,315,185,8,691,15,6,40.0,5,33.3,332,1575,743,18,15,3,9,5,376,54,Matchs
172,Fábio,br BRA,"AT,MT",Paços,25,1997,3.0,100,7,13,31,58,22,100,14,2,14.3,12,85.7,54,298,93,4,4,3,7,1,61,15,Matchs
173,Abdul Fatawu Issahaku,gh GHA,"DF,MT",Sporting CP,18,2004,1.3,99,3,13,19,68,5,99,15,6,40.0,7,46.7,61,376,174,8,3,4,4,1,60,21,Matchs
174,Luiz Felipe,br BRA,GB,Vizela,25,1997,1.0,28,23,28,0,0,0,28,0,0,,0,,8,35,21,0,0,0,0,0,5,0,Matchs
175,Volnei Feltes,br BRA,DF,Estoril,22,2000,0.1,6,2,6,0,0,0,6,0,0,,0,,3,5,1,0,0,0,0,0,3,0,Matchs
Clt,Joueur,Nation,Pos,Équipe,Âge,Naissance,90,Touches,SurfRépDéf,ZDéf,MilTer,ZOff,SurfRépOff,Action de jeu,Att,Succ,Succ%,Tkld,Tkld%,Balle au pied,TotDist,DistBut,PrgC,1/3,CSR,Manqué,Perte,Rec,PrgR,Matchs
176,Eduardo Fereira,ve VEN,"AT,MT",Casa Pia,21,2000,0.6,28,1,7,16,5,0,28,0,0,,0,,10,24,7,0,1,0,0,0,9,0,Matchs
177,Erick Ferigra,ec ECU,DF,Paços,23,1999,12.9,742,111,473,257,15,7,742,7,6,85.7,1,14.3,444,1894,1002,0,2,0,13,0,486,1,Matchs
178,Ivanildo Fernandes,cv CPV,DF,Vizela,26,1996,16.5,780,158,468,295,19,13,780,4,3,75.0,1,25.0,347,1246,570,3,0,0,7,4,453,2,Matchs
179,Jorge Filipe Oliveira Fernandes,pt POR,DF,Vitória,25,1997,2.3,108,13,55,53,0,0,108,0,0,,0,,65,382,241,2,0,0,1,0,63,0,Matchs
180,Mateus Fernandes,pt POR,MT,Sporting CP,18,2004,1.0,65,0,10,43,12,1,65,4,1,25.0,2,50.0,46,264,101,4,1,0,2,0,48,2,Matchs
181,Rafael Fernandes,pt POR,"DF,AT",Arouca,20,2002,1.5,72,17,52,19,2,2,72,0,0,,0,,44,186,83,1,0,0,1,0,41,0,Matchs
182,Rúben Fernandes,pt POR,DF,Gil Vicente FC,36,1986,24.2,1604,189,940,629,39,21,1604,7,4,57.1,2,28.6,898,4006,2306,13,6,3,8,1,1092,4,Matchs
183,Vasco Fernandes,pt POR,DF,Casa Pia,35,1986,27.5,1517,190,830,652,42,21,1517,6,2,33.3,2,33.3,769,3477,1748,4,2,1,12,4,938,5,Matchs
184,Enzo Fernández,ar ARG,MT,Benfica,21,2001,15.4,1820,17,300,1156,372,18,1820,18,10,55.6,6,33.3,1103,4691,2353,29,33,2,15,15,1475,27,Matchs
185,Diogo Ferreira,pt POR,MT,Vitória,20,2001,0.0,5,1,3,1,1,0,5,1,0,0.0,1,100.0,1,8,0,0,0,0,1,0,0,0,Matchs
186,Filipe Ferreira,pt POR,"DF,MT",Boavista,31,1990,3.4,211,16,88,92,32,0,211,2,1,50.0,1,50.0,117,474,346,3,3,0,3,1,123,8,Matchs
187,Fernando Ferreira Fonseca,pt POR,"DF,AT",Paços,25,1997,1.8,113,5,38,52,25,0,113,6,2,33.3,4,66.7,59,364,193,6,4,0,3,1,55,10,Matchs
188,João Ferreira,pt POR,"DF,MT",Rio Ave,21,2001,1.8,110,2,21,51,40,1,110,7,2,28.6,5,71.4,62,348,166,3,6,0,7,2,69,15,Matchs
189,Vitó Ferreira,pt POR,"MT,AT",Casa Pia,24,1997,0.8,35,3,5,11,19,2,35,0,0,,0,,20,95,3,0,1,0,1,1,24,4,Matchs
190,Gonçalo Filipe,pt POR,GB,Chaves,22,2000,0.0,6,6,6,0,0,0,6,0,0,,0,,1,15,15,0,0,0,0,0,0,0,Matchs
191,Bernardo Folha,pt POR,"MT,AT",Porto,20,2002,0.6,51,1,14,29,8,2,51,5,2,40.0,2,40.0,25,196,122,4,1,1,1,1,34,2,Matchs
192,Tiago Fonseca Morais,pt POR,AT,Boavista,18,2003,0.3,17,0,3,10,4,1,17,2,0,0.0,1,50.0,8,43,5,0,0,0,1,0,8,1,Matchs
193,Théo Fonseca,fr FRA,"MT,AT",Famalicão,22,2000,1.2,38,1,9,16,13,2,38,4,3,75.0,0,0.0,23,151,62,2,1,0,1,2,26,8,Matchs
194,Rui Fonte,pt POR,"AT,MT",Famalicão,32,1990,5.1,175,4,18,97,62,14,175,7,3,42.9,4,57.1,81,375,128,2,7,0,14,5,106,9,Matchs
195,Hernâni Fortes,pt POR,"AT,MT",Rio Ave,30,1991,7.5,254,3,34,73,150,23,253,26,7,26.9,12,46.2,144,902,481,19,7,6,20,7,167,60,Matchs
196,André Franco,pt POR,"MT,AT",Porto,24,1998,7.7,444,3,47,219,179,26,444,14,4,28.6,7,50.0,268,1250,601,20,15,1,17,9,321,41,Matchs
197,Afonso freitas,pt POR,"DF,MT",Vitória,22,2000,21.4,1012,63,270,480,272,20,1012,13,6,46.2,7,53.8,462,2304,1312,36,25,1,23,5,556,81,Matchs
198,Kanya Fujimoto,jp JPN,MT,Gil Vicente FC,23,1999,29.1,1360,12,117,688,562,63,1360,45,17,37.8,23,51.1,872,4026,1800,46,29,13,43,27,1083,181,Matchs
199,Nicolás Gaitán,ar ARG,"AT,MT",Paços,34,1988,19.9,919,23,103,458,370,45,919,46,22,47.8,17,37.0,532,2709,1175,33,37,3,36,18,614,103,Matchs
200,Galeno,br BRA,"MT,AT",Porto,24,1997,22.2,1125,23,123,290,727,140,1124,86,41,47.7,33,38.4,703,5651,3260,129,61,63,59,21,773,293,Matchs
Clt,Joueur,Nation,Pos,Équipe,Âge,Naissance,90,Touches,SurfRépDéf,ZDéf,MilTer,ZOff,SurfRépOff,Action de jeu,Att,Succ,Succ%,Tkld,Tkld%,Balle au pied,TotDist,DistBut,PrgC,1/3,CSR,Manqué,Perte,Rec,PrgR,Matchs
201,Nino Galović,hr CRO,DF,Arouca,30,1992,14.5,745,154,493,246,8,4,745,0,0,,0,,376,1489,659,3,3,0,2,0,505,1,Matchs
202,João Gamboa,pt POR,MT,Estoril,25,1996,11.6,482,37,151,297,37,5,482,7,2,28.6,5,71.4,199,851,314,4,2,0,9,2,264,6,Matchs
203,Pedro Ganchas,pt POR,DF,Paços,22,2000,3.0,166,32,106,54,6,4,166,0,0,,0,,74,397,278,0,1,0,1,0,103,1,Matchs
204,Bruno Gaspar,ao ANG,"DF,MT",Vitória,29,1993,2.4,151,6,38,72,41,5,151,4,0,0.0,4,100.0,67,264,101,4,0,0,2,1,74,9,Matchs
205,Francisco Geraldes,pt POR,MT,Estoril,27,1995,20.3,1091,21,177,577,360,38,1088,76,37,48.7,33,43.4,651,4002,1776,38,44,2,54,24,742,82,Matchs
206,Gilberto,br BRA,DF,Benfica,29,1993,8.9,887,19,156,368,367,19,887,45,19,42.2,18,40.0,492,2908,1587,50,42,5,16,11,574,95,Matchs
207,Paulo Godinho,br BRA,DF,Santa Clara,20,2002,5.3,323,46,197,123,4,2,323,0,0,,0,,173,971,489,4,1,0,4,0,198,0,Matchs
208,Saviour Godwin,ng NGA,"AT,MT",Casa Pia,25,1996,26.7,908,3,87,334,525,107,907,120,43,35.8,61,50.8,629,5485,2935,122,71,47,93,36,653,247,Matchs
209,Eulânio Ângelo Chipela Gomes,gw GNB,DF,Santa Clara,28,1994,6.4,346,22,95,165,93,11,346,32,16,50.0,13,40.6,171,1247,712,15,10,4,14,5,179,23,Matchs
210,Henrique Gomes,pt POR,DF,Gil Vicente FC,26,1995,5.3,368,18,101,162,106,5,368,11,1,9.1,10,90.9,135,648,370,8,5,1,6,4,197,27,Matchs
211,Nito Gomes,gw GNB,MT,Marítimo,20,2002,0.8,33,2,8,19,6,0,33,0,0,,0,,17,71,36,0,0,0,1,0,21,0,Matchs
212,Rodrigo Gomes,pt POR,"AT,MT",Braga,19,2003,3.8,153,3,21,49,86,13,153,15,3,20.0,10,66.7,91,882,488,18,8,5,14,4,104,32,Matchs
213,Rui Gomes,pt POR,"MT,AT",Portimonense,24,1997,11.9,590,9,81,238,286,34,590,65,29,44.6,33,50.8,321,2278,1087,38,29,10,29,28,367,83,Matchs
214,Vítor Gomes,pt POR,MT,Rio Ave,34,1987,8.4,609,23,104,426,84,4,609,7,5,71.4,1,14.3,272,1112,477,5,4,0,8,4,434,6,Matchs
215,Victor Gomez,es ESP,DF,Braga,22,2000,22.9,1510,59,332,673,516,26,1510,15,8,53.3,6,40.0,736,3549,1882,48,45,5,19,5,947,172,Matchs
216,Nuno Gonçalo Moreira,pt POR,"AT,MT",Vizela,23,1999,20.4,931,26,162,365,414,56,931,52,24,46.2,22,42.3,500,2949,1387,43,28,10,47,21,581,135,Matchs
217,Diogo Gonçalves,pt POR,AT,Benfica,25,1997,3.4,207,0,12,73,125,20,207,11,2,18.2,7,63.6,124,946,457,18,12,6,4,6,156,47,Matchs
218,João Gonçalves,pt POR,GB,Boavista,21,2000,1.0,29,24,29,0,0,0,29,0,0,,0,,16,95,75,0,0,0,0,0,14,0,Matchs
219,Pedro Gonçalves,pt POR,"MT,AT",Sporting CP,24,1998,31.2,1688,15,135,726,845,138,1680,111,44,39.6,59,53.2,982,5523,2726,93,75,36,63,47,1189,233,Matchs
220,Cristian González,uy URU,DF,Santa Clara,26,1996,11.7,562,99,379,163,25,14,562,3,1,33.3,1,33.3,259,1007,334,0,1,0,5,3,296,1,Matchs
221,Walter González,py PAR,AT,Santa Clara,27,1995,4.4,126,7,12,71,46,13,126,8,3,37.5,5,62.5,60,313,126,5,4,1,8,5,93,11,Matchs
222,Yony González,co COL,"AT,MT",Portimonense,28,1994,10.8,352,10,56,119,180,30,352,37,13,35.1,16,43.2,201,1012,409,12,9,7,22,14,242,57,Matchs
223,Jean Gorby,fr FRA,MT,Braga,20,2002,1.3,105,0,19,76,11,1,105,1,1,100.0,0,0.0,65,298,121,0,0,1,2,1,75,1,Matchs
224,Kenji Gorré,cw CUW,"AT,MT",Boavista,27,1994,16.4,755,1,71,296,407,58,755,114,48,42.1,51,44.7,493,4514,2670,93,73,33,39,29,542,148,Matchs
225,Tiago Gouveia,pt POR,"AT,MT",Estoril,21,2001,26.5,877,22,140,325,432,92,877,103,39,37.9,50,48.5,526,3285,1800,61,41,34,46,37,612,162,Matchs
Clt,Joueur,Nation,Pos,Équipe,Âge,Naissance,90,Touches,SurfRépDéf,ZDéf,MilTer,ZOff,SurfRépOff,Action de jeu,Att,Succ,Succ%,Tkld,Tkld%,Balle au pied,TotDist,DistBut,PrgC,1/3,CSR,Manqué,Perte,Rec,PrgR,Matchs
226,João Graça,pt POR,"MT,AT",Rio Ave,27,1995,12.8,635,8,92,368,186,12,635,44,21,47.7,18,40.9,389,2206,986,27,25,1,23,25,450,43,Matchs
227,Álex Grimaldo,es ESP,DF,Benfica,26,1995,32.7,2813,50,526,1079,1231,68,2811,77,36,46.8,36,46.8,1527,7229,4094,102,69,11,34,18,1904,400,Matchs
228,Marko Grujić,rs SRB,MT,Porto,26,1996,12.5,893,41,180,569,147,30,893,16,9,56.3,7,43.8,478,2480,1338,21,18,2,6,11,582,18,Matchs
229,Alexandre Guedes,pt POR,AT,Paços,28,1994,8.8,258,6,25,128,107,39,257,15,4,26.7,11,73.3,161,754,272,7,9,5,26,20,196,29,Matchs
230,Gonçalo Guedes,pt POR,"AT,MT",Benfica,25,1996,4.5,241,1,15,78,152,26,241,17,8,47.1,6,35.3,157,990,483,21,7,8,16,5,180,52,Matchs
231,Ricardo Guimarães,mz MOZ,MT,Chaves,26,1995,21.8,1213,65,283,750,196,14,1213,75,41,54.7,29,38.7,654,3372,1436,32,14,4,41,28,770,55,Matchs
232,Rafik Guitane,fr FRA,"MT,AT",Estoril,23,1999,8.7,358,3,53,183,133,12,358,61,33,54.1,23,37.7,249,1995,997,28,20,4,18,9,264,25,Matchs
233,Raphael Guzzo,pt POR,MT,Vizela,27,1995,26.2,1900,83,461,1075,379,30,1900,26,11,42.3,11,42.3,927,4320,2121,27,15,5,31,21,1294,67,Matchs
234,Emmanuel Hackman,tg TOG,DF,Gil Vicente FC,27,1995,1.5,73,6,27,36,11,3,73,3,1,33.3,1,33.3,38,116,44,0,1,0,0,1,40,3,Matchs
235,Yanis Hamache,dz ALG,MT,Boavista,23,1999,2.0,137,5,24,65,49,3,137,2,1,50.0,0,0.0,73,641,308,13,3,1,0,3,84,12,Matchs
236,Tomás Händel,pt POR,MT,Vitória,21,2000,4.8,285,4,60,201,27,4,285,6,3,50.0,1,16.7,175,915,471,7,1,1,1,5,196,3,Matchs
237,Boubacar Hanne,pt POR,"AT,DF",Gil Vicente FC,23,1999,0.4,27,0,2,9,16,1,27,1,1,100.0,0,0.0,13,104,64,2,0,0,0,1,18,7,Matchs
238,Héctor,es ESP,AT,Chaves,26,1995,16.4,404,21,33,207,166,58,404,13,8,61.5,5,38.5,240,981,394,9,8,4,36,21,288,52,Matchs
239,Jordan Holsgrove,sct SCO,MT,Paços,22,1999,19.8,1221,36,288,674,278,35,1221,46,27,58.7,15,32.6,695,3597,1619,48,27,8,43,11,875,72,Matchs
240,Lukáš Horníček,cz CZE,GB,Braga,20,2002,0.2,5,5,5,0,0,0,5,0,0,,0,,3,24,24,0,0,0,0,0,0,0,Matchs
241,André Horta,pt POR,MT,Braga,25,1996,23.1,1882,31,271,1081,546,29,1882,37,19,51.4,13,35.1,1146,6406,3406,66,59,8,17,18,1376,73,Matchs
242,Ricardo Horta,pt POR,"MT,AT",Braga,27,1994,29.0,1529,17,128,658,761,123,1526,53,19,35.8,30,56.6,892,4031,2162,56,71,11,57,30,1104,196,Matchs
243,Abbas Ibrahim,ng NGA,"MT,DF",Paços,24,1998,3.6,220,5,47,149,29,0,220,4,4,100.0,0,0.0,122,661,288,7,4,0,6,2,148,6,Matchs
244,Tiago Ilori,pt POR,DF,Paços,29,1993,2.3,111,12,69,39,3,1,111,0,0,,0,,80,371,204,3,1,0,0,0,75,0,Matchs
245,Gonçalo Inácio,pt POR,DF,Sporting CP,20,2001,26.3,2532,190,914,1491,140,19,2532,20,17,85.0,2,10.0,1733,9159,5857,50,31,1,10,6,1989,7,Matchs
246,Índio,br BRA,MT,Vitória,22,1999,0.8,40,6,17,21,2,0,40,2,0,0.0,1,50.0,11,69,31,1,1,0,0,0,19,0,Matchs
247,Hernani Infande,pt POR,"MT,AT",Braga,21,2001,0.9,39,1,6,18,16,3,39,4,2,50.0,2,50.0,29,198,80,3,4,2,0,1,30,1,Matchs
248,Hernani Infande,pt POR,"AT,MT",Paços,21,2001,3.9,133,2,19,52,66,15,133,21,10,47.6,7,33.3,98,720,417,14,8,6,7,7,97,31,Matchs
249,Bamidele Isa Yusuf,ng NGA,"AT,MT",Estoril,21,2001,0.9,40,1,5,13,23,4,40,2,1,50.0,1,50.0,22,145,81,3,2,2,7,4,26,9,Matchs
250,Carlos Isaac,es ESP,DF,Vizela,24,1998,3.9,217,15,73,109,37,2,217,1,0,0.0,1,100.0,67,324,182,7,2,1,5,1,79,9,Matchs
Clt,Joueur,Nation,Pos,Équipe,Âge,Naissance,90,Touches,SurfRépDéf,ZDéf,MilTer,ZOff,SurfRépOff,Action de jeu,Att,Succ,Succ%,Tkld,Tkld%,Balle au pied,TotDist,DistBut,PrgC,1/3,CSR,Manqué,Perte,Rec,PrgR,Matchs
251,Franco Israel,uy URU,GB,Sporting CP,22,2000,3.0,103,96,103,0,0,0,103,0,0,,0,,52,177,60,0,0,0,0,0,60,0,Matchs
252,Abass Issah,gh GHA,"AT,MT",Chaves,23,1998,15.2,528,8,101,186,248,67,528,47,17,36.2,27,57.4,341,2091,936,31,20,15,32,16,368,113,Matchs
253,Ítalo,br BRA,DF,Santa Clara,20,2002,11.9,572,87,316,239,19,6,572,7,5,71.4,2,28.6,278,1419,796,0,2,1,11,4,315,3,Matchs
254,Ivan Jaime Pajuelo,es ESP,"AT,MT",Famalicão,21,2000,20.8,901,9,115,416,386,71,900,106,48,45.3,37,34.9,597,4258,2206,72,45,15,54,35,687,102,Matchs
255,Nicolas Janvier,fr FRA,MT,Vitória,23,1998,7.0,481,3,58,289,138,5,481,10,4,40.0,6,60.0,249,1057,560,13,13,0,5,3,319,21,Matchs
256,Anderson Jesus,br BRA,DF,Vizela,27,1995,29.6,1352,284,856,456,45,28,1352,3,2,66.7,1,33.3,604,2530,1224,4,3,2,13,4,782,10,Matchs
257,Jhonatan,br BRA,GB,Rio Ave,31,1991,32.0,1112,1013,1107,6,0,0,1112,0,0,,0,,585,3233,1885,0,0,0,0,0,392,0,Matchs
258,Park Ji-soo,kr KOR,DF,Portimonense,28,1994,13.3,783,115,443,323,19,7,783,4,2,50.0,0,0.0,408,1780,880,2,4,0,6,2,505,2,Matchs
259,Jo,br BRA,"AT,MT",Chaves,27,1995,3.3,134,12,15,61,59,21,134,13,7,53.8,4,30.8,58,309,128,5,4,2,15,2,87,18,Matchs
260,João,br BRA,GB,Casa Pia,24,1998,1.0,26,26,26,0,0,0,26,0,0,,0,,13,56,32,0,0,0,0,0,9,0,Matchs
261,Joãozinho,pt POR,DF,Estoril,33,1989,28.6,1720,93,562,795,377,14,1720,26,10,38.5,13,50.0,811,3452,1845,29,33,1,15,7,984,65,Matchs
262,Joca,pt POR,"MT,AT",Rio Ave,26,1996,4.6,174,2,18,86,75,9,174,14,7,50.0,5,35.7,112,681,327,8,12,2,11,9,120,15,Matchs
263,Henrique Jocú,pt POR,"MT,AT",Portimonense,20,2001,5.1,268,9,60,169,43,0,268,2,0,0.0,1,50.0,133,569,275,2,4,0,6,2,150,4,Matchs
264,Diederrick Joel,cm CMR,AT,Marítimo,28,1993,10.5,326,2,14,162,155,41,324,24,11,45.8,10,41.7,156,586,182,6,5,2,33,14,219,42,Matchs
265,Michael Johnston,ie IRL,"AT,MT",Vitória,23,1999,15.2,620,7,52,269,311,36,620,74,38,51.4,32,43.2,405,3149,1649,55,37,22,31,23,460,91,Matchs
266,Bruno Jordão,pt POR,MT,Santa Clara,23,1998,9.4,395,10,93,231,79,11,395,35,20,57.1,12,34.3,190,1255,555,19,10,2,21,7,226,16,Matchs
267,Igor Julião,br BRA,DF,Vizela,27,1994,17.9,870,47,296,379,207,19,870,27,10,37.0,9,33.3,436,2611,1153,28,27,1,13,8,481,62,Matchs
268,Juninho,br BRA,AT,Chaves,25,1996,20.1,545,13,48,228,280,83,545,47,18,38.3,26,55.3,327,2054,925,34,23,16,54,28,375,91,Matchs
269,Luiz Lúcio Reis Júnior,br BRA,GB,Famalicão,21,2001,33.0,1136,1002,1129,7,0,0,1136,0,0,,0,,563,2842,1760,0,0,0,0,0,421,0,Matchs
270,Welinton Júnior,br BRA,AT,Portimonense,29,1993,22.9,753,9,40,309,408,96,751,72,25,34.7,40,55.6,460,2428,1022,40,30,13,93,40,558,153,Matchs
271,Zainadine Júnior,mz MOZ,DF,Marítimo,34,1988,23.1,1396,154,761,599,41,21,1396,7,5,71.4,0,0.0,742,3198,1467,7,4,1,7,1,897,5,Matchs
272,Junior Kadile,fr FRA,"AT,MT",Famalicão,19,2002,7.4,284,5,46,95,152,24,284,43,17,39.5,25,58.1,183,1570,855,33,22,8,27,11,182,66,Matchs
273,Stanley Kanu,ng NGA,"AT,DF",Marítimo,23,1999,0.8,45,0,5,17,23,3,45,3,2,66.7,1,33.3,25,92,33,1,0,1,6,1,32,11,Matchs
274,Jorge Karse,pt POR,"MT,DF",Rio Ave,17,2005,0.2,27,1,5,8,14,0,27,4,2,50.0,2,50.0,11,59,44,1,0,0,0,0,14,8,Matchs
275,Francisco Kiki,pt POR,MT,Casa Pia,24,1998,0.1,7,0,1,1,5,0,7,0,0,,0,,6,41,31,1,0,0,0,0,5,2,Matchs
Clt,Joueur,Nation,Pos,Équipe,Âge,Naissance,90,Touches,SurfRépDéf,ZDéf,MilTer,ZOff,SurfRépOff,Action de jeu,Att,Succ,Succ%,Tkld,Tkld%,Balle au pied,TotDist,DistBut,PrgC,1/3,CSR,Manqué,Perte,Rec,PrgR,Matchs
276,Gustavo Klismahn,br BRA,MT,Portimonense,22,1999,7.8,319,12,62,149,114,8,319,11,3,27.3,7,63.6,155,839,370,7,7,1,18,2,178,26,Matchs
277,Philippe Koffi,ci CIV,AT,Paços,20,2002,7.4,193,5,22,75,102,26,193,19,8,42.1,9,47.4,117,856,413,24,9,6,32,15,132,34,Matchs
278,Stanislav Kritsyuk,ru RUS,GB,Gil Vicente FC,31,1990,10.3,429,332,428,2,0,0,429,0,0,,0,,234,1259,756,0,0,0,0,0,178,0,Matchs
279,Takahiro Kunimoto,jp JPN,"AT,MT",Casa Pia,24,1997,14.1,656,10,98,290,272,27,656,26,11,42.3,13,50.0,329,1453,630,16,15,3,27,17,416,66,Matchs
280,Matías Lacava,ve VEN,"AT,MT",Vizela,19,2002,3.9,179,3,28,69,88,12,179,32,15,46.9,10,31.3,109,917,475,17,6,3,7,8,122,29,Matchs
281,Diego Lainez,mx MEX,MT,Braga,22,2000,1.7,116,0,5,42,70,10,116,10,3,30.0,5,50.0,70,472,264,8,8,3,6,3,89,20,Matchs
282,Chico Lamba,pt POR,DF,Sporting CP,19,2003,0.5,41,4,11,29,1,0,41,0,0,,0,,34,139,63,2,0,0,0,0,35,0,Matchs
283,Rúben Lameiras,pt POR,"AT,MT",Vitória,27,1994,12.6,564,4,54,192,329,43,563,41,15,36.6,19,46.3,360,2278,1018,49,28,18,34,19,405,111,Matchs
284,Bruno Langa,mz MOZ,DF,Chaves,24,1997,27.5,1668,111,619,748,334,14,1668,99,56,56.6,30,30.3,848,5489,3145,63,55,5,35,13,886,89,Matchs
285,Yusuf Lawal,ng NGA,"MT,AT",Arouca,24,1998,0.9,46,7,8,15,23,2,46,2,0,0.0,1,50.0,28,146,68,2,1,1,1,0,26,10,Matchs
286,James Lea Siliki,cm CMR,"MT,AT",Estoril,26,1996,8.9,381,10,42,171,170,19,381,30,11,36.7,15,50.0,203,1244,470,10,9,3,19,10,245,46,Matchs
287,Daniel Leite,pt POR,GB,Estoril,24,1998,31.7,1222,1086,1217,5,0,0,1222,0,0,,0,,608,2979,1498,0,0,0,0,0,512,0,Matchs
288,Leonardo Lelo,pt POR,"MT,DF",Casa Pia,22,2000,25.4,1528,55,432,719,392,25,1526,52,18,34.6,28,53.8,752,3905,2140,53,43,6,36,15,830,135,Matchs
289,Nuno Lima,pt POR,DF,Paços,21,2001,27.2,1589,253,985,581,27,18,1589,3,1,33.3,1,33.3,859,2978,1253,1,3,0,6,1,1037,3,Matchs
290,Rúben Lima,pt POR,DF,Famalicão,32,1989,13.2,831,45,273,392,168,3,831,11,2,18.2,8,72.7,304,1297,646,15,21,0,15,4,395,36,Matchs
291,Percy Liza,pe PER,"AT,MT",Marítimo,22,2000,4.7,114,5,14,56,45,8,114,9,2,22.2,5,55.6,63,219,63,2,1,0,12,7,75,22,Matchs
292,Danny Loader,eng ENG,"AT,MT",Porto,21,2000,5.0,225,4,20,92,114,27,225,22,10,45.5,12,54.5,136,846,434,17,9,5,13,5,164,36,Matchs
293,Julien Lomboto,,MT,Rio Ave,20,2002,0.1,10,0,4,5,1,0,10,0,0,,0,,4,7,4,0,0,0,0,0,5,0,Matchs
294,Né lopes,pt POR,DF,Gil Vicente FC,22,2000,5.0,341,50,182,144,17,8,341,3,2,66.7,0,0.0,197,916,525,1,2,0,1,2,249,0,Matchs
295,Bruno Lourenço,pt POR,"MT,AT",Boavista,24,1998,20.9,934,11,130,458,360,40,933,50,24,48.0,22,44.0,534,2867,1296,30,26,6,40,27,637,97,Matchs
296,Lucão,br BRA,DF,Portimonense,30,1992,5.9,338,40,193,144,4,2,338,0,0,,0,,176,731,254,1,0,0,0,0,209,0,Matchs
297,Florentino Luís,pt POR,MT,Benfica,22,1999,23.6,2130,52,346,1418,382,19,2130,22,13,59.1,5,22.7,1202,4284,1763,11,22,0,23,13,1558,30,Matchs
298,José Luis Rodríguez,pa PAN,"AT,MT",Famalicão,24,1998,5.6,181,0,22,72,91,12,181,23,11,47.8,8,34.8,114,745,343,16,13,3,18,8,125,44,Matchs
299,Luquinha,br BRA,"MT,AT",Portimonense,21,2000,13.0,652,5,52,329,279,28,651,22,11,50.0,10,45.5,356,1764,889,20,22,3,24,16,440,61,Matchs
300,Tiago Machado,pt POR,"MT,AT",Boavista,18,2004,0.1,3,0,0,3,0,0,3,0,0,,0,,1,2,1,0,0,0,0,0,0,0,Matchs
Clt,Joueur,Nation,Pos,Équipe,Âge,Naissance,90,Touches,SurfRépDéf,ZDéf,MilTer,ZOff,SurfRépOff,Action de jeu,Att,Succ,Succ%,Tkld,Tkld%,Balle au pied,TotDist,DistBut,PrgC,1/3,CSR,Manqué,Perte,Rec,PrgR,Matchs
301,Maga,pt POR,DF,Vitória,23,1999,2.2,,,,,,,,,,,,,,,,,,,,,,,Matchs
302,Miguel Magalhães,pt POR,"DF,MT",Vitória,19,2002,19.5,1317,62,393,538,393,26,1317,12,2,16.7,9,75.0,563,2535,1211,34,16,4,18,11,655,142,Matchs
303,Magrão,br BRA,GB,Rio Ave,22,2000,2.0,64,59,64,0,0,0,64,0,0,,0,,29,159,70,0,0,0,0,0,25,0,Matchs
304,Giorgi Makaridze,ge GEO,GB,Marítimo,32,1990,6.0,232,200,232,0,0,0,232,0,0,,0,,116,539,273,0,0,0,0,0,92,0,Matchs
305,Gaius Makouta,cg CGO,MT,Boavista,25,1997,30.4,1644,63,332,997,334,35,1644,64,31,48.4,27,42.2,890,5222,2056,37,43,5,50,38,1116,86,Matchs
306,Pedro Malheiro,pt POR,"DF,MT",Boavista,21,2001,31.0,2147,88,707,1072,404,21,2147,70,38,54.3,28,40.0,1035,5287,2641,47,33,5,34,15,1206,79,Matchs
307,Wilson Manafá,pt POR,DF,Porto,28,1994,3.4,226,9,53,105,69,4,226,8,4,50.0,4,50.0,123,606,320,10,7,2,8,4,150,27,Matchs
308,Ricardo Mangas,pt POR,"MT,AT",Boavista,24,1998,20.6,783,30,189,314,289,50,783,53,16,30.2,23,43.4,441,2774,1451,40,30,11,43,27,516,117,Matchs
309,Manuel Manu,pt POR,DF,Vitória,21,2001,0.8,61,0,29,28,4,1,61,0,0,,0,,42,173,71,1,0,0,0,0,41,0,Matchs
310,Juan Manuel Boselli,uy URU,AT,Gil Vicente FC,22,1999,13.8,668,17,87,237,356,52,668,71,33,46.5,32,45.1,386,2450,1090,39,27,13,36,31,426,115,Matchs
311,José Manuel Velázquez,ve VEN,"DF,MT",Arouca,31,1990,0.1,5,4,4,1,0,0,5,0,0,,0,,0,0,0,0,0,0,0,0,0,0,Matchs
312,Zé Manuel,pt POR,AT,Rio Ave,31,1990,0.3,10,0,4,2,5,0,10,0,0,,0,,3,13,4,0,0,0,1,0,4,0,Matchs
313,Maracás,br BRA,DF,Paços,28,1994,15.8,772,147,517,249,8,6,772,0,0,,0,,437,1669,779,2,1,1,1,1,473,0,Matchs
314,Iván Marcano,es ESP,DF,Porto,35,1987,24.4,1746,169,871,823,63,31,1746,5,3,60.0,2,40.0,1069,4974,2839,11,9,0,6,2,1253,4,Matchs
315,Joao Marcos,br BRA,"AT,MT",Santa Clara,22,2000,1.8,28,0,1,15,12,3,28,0,0,,0,,18,77,22,0,1,0,5,4,23,6,Matchs
316,Abraham Marcus,ng NGA,AT,Porto,22,2000,0.0,3,0,0,0,3,0,3,1,1,100.0,0,0.0,3,33,15,1,0,0,0,0,3,2,Matchs
317,Adrián Marín,es ESP,DF,Gil Vicente FC,25,1997,28.6,1921,110,528,932,468,24,1921,46,21,45.7,20,43.5,952,4387,2638,60,34,4,17,10,1065,122,Matchs
318,João Mário,pt POR,AT,Benfica,29,1993,29.4,1929,15,161,715,1079,107,1919,82,32,39.0,31,37.8,1168,6070,2802,81,63,14,54,34,1450,248,Matchs
319,João Mário Lopes,pt POR,DF,Porto,22,2000,13.2,823,26,183,383,269,34,823,45,18,40.0,18,40.0,473,2617,1530,47,28,14,20,10,534,108,Matchs
320,Marlon,br BRA,AT,Gil Vicente FC,24,1997,4.2,182,0,28,69,89,14,182,22,4,18.2,15,68.2,111,720,346,12,10,1,10,6,114,34,Matchs
321,Alejandro Marqués,ve VEN,AT,Estoril,21,2000,7.3,177,8,14,92,73,17,177,16,6,37.5,8,50.0,96,404,92,1,5,0,30,8,123,11,Matchs
322,João Marques,pt POR,MT,Estoril,20,2002,4.3,160,4,25,84,53,9,160,20,9,45.0,9,45.0,105,753,356,14,2,3,7,7,106,20,Matchs
323,Rúben Marques,pt POR,AT,Marítimo,19,2002,0.7,20,0,3,10,7,3,20,2,1,50.0,1,50.0,12,57,7,0,1,0,0,1,14,3,Matchs
324,José Marsà,es ESP,DF,Sporting CP,20,2002,1.3,124,3,67,56,1,0,124,1,1,100.0,0,0.0,105,478,209,0,0,0,0,1,101,0,Matchs
325,Toni Martínez,es ESP,AT,Porto,25,1997,12.8,329,4,23,107,203,83,329,14,6,42.9,5,35.7,169,887,427,21,4,9,19,9,243,61,Matchs
Clt,Joueur,Nation,Pos,Équipe,Âge,Naissance,90,Touches,SurfRépDéf,ZDéf,MilTer,ZOff,SurfRépOff,Action de jeu,Att,Succ,Succ%,Tkld,Tkld%,Balle au pied,TotDist,DistBut,PrgC,1/3,CSR,Manqué,Perte,Rec,PrgR,Matchs
326,Rafael Martins,br BRA,AT,Casa Pia,33,1989,15.9,517,16,60,304,158,44,517,8,4,50.0,4,50.0,234,1056,402,13,9,3,34,15,373,57,Matchs
327,Rodrigo Martins,pt POR,"AT,MT",Estoril,23,1998,15.4,558,14,77,224,270,52,558,52,22,42.3,19,36.5,355,2567,1195,49,24,23,44,18,378,115,Matchs
328,Matheus,br BRA,GB,Braga,30,1992,31.9,1289,1012,1276,16,0,0,1289,7,5,71.4,1,14.3,715,3330,2101,0,0,0,0,0,614,0,Matchs
329,Ricardo Matos,pt POR,"AT,MT",Portimonense,22,2000,3.3,78,1,7,36,38,9,77,3,3,100.0,0,0.0,43,243,113,5,4,2,5,0,48,11,Matchs
330,Maurício,br BRA,MT,Portimonense,33,1988,11.0,614,19,138,394,89,5,614,12,3,25.0,4,33.3,305,1393,551,2,6,0,12,11,407,15,Matchs
331,Iuri Medeiros,pt POR,"MT,AT",Braga,28,1994,22.9,1180,7,95,499,599,90,1178,75,40,53.3,31,41.3,727,3758,1728,58,45,25,33,24,866,154,Matchs
332,Kevin Medina,es ESP,"AT,MT",Gil Vicente FC,21,2001,8.2,464,5,54,168,257,29,464,69,26,37.7,25,36.2,290,2100,985,39,32,13,34,21,314,91,Matchs
333,Mauro Meireles Couto,pt POR,"MT,AT",Paços,16,2005,1.4,51,2,10,22,20,6,51,4,1,25.0,3,75.0,35,246,65,2,2,2,3,3,36,7,Matchs
334,Diogo Mendes,,MT,Marítimo,24,1998,13.7,597,21,125,400,78,15,597,14,3,21.4,7,50.0,281,1342,604,12,8,3,10,8,383,23,Matchs
335,João Mendes,pt POR,MT,Chaves,27,1994,25.9,1334,9,150,734,472,59,1334,72,29,40.3,33,45.8,849,4450,1955,57,36,6,73,54,1022,168,Matchs
336,Joe Mendes,se SWE,"DF,MT",Braga,19,2002,2.1,135,6,35,46,54,4,135,4,2,50.0,1,25.0,87,502,257,7,6,2,2,1,88,15,Matchs
337,Alexis Méndez,us USA,"MT,AT",Vizela,21,2000,15.8,831,22,156,450,231,15,831,25,13,52.0,10,40.0,388,1820,769,14,12,1,28,13,498,48,Matchs
338,Bruno Messi,pt POR,"MT,AT",Santa Clara,25,1996,14.0,586,10,71,288,239,23,586,30,11,36.7,14,46.7,298,1836,897,26,16,5,28,19,321,50,Matchs
339,Mexer,mz MOZ,DF,Estoril,33,1988,10.8,727,96,372,330,29,8,727,3,2,66.7,0,0.0,431,2369,1186,1,7,0,6,1,488,0,Matchs
340,Benji Michel,us USA,AT,Arouca,24,1997,3.1,135,11,25,58,55,7,135,12,7,58.3,4,33.3,68,413,160,4,5,0,16,6,95,22,Matchs
341,Enea Mihaj,al ALB,DF,Famalicão,24,1998,24.7,1467,204,898,551,24,12,1467,8,7,87.5,1,12.5,761,3065,1459,3,3,1,15,4,993,0,Matchs
342,Álex Millán,es ESP,AT,Famalicão,22,1999,8.6,245,7,18,117,112,29,244,15,7,46.7,8,53.3,149,634,253,9,7,5,22,8,188,44,Matchs
343,Bogdan Milovanov,ua UKR,DF,Arouca,24,1998,11.0,677,59,324,225,131,8,677,15,5,33.3,10,66.7,293,1381,602,15,6,3,19,3,304,32,Matchs
344,Kento Misao,jp JPN,MT,Santa Clara,26,1996,11.7,522,23,134,324,66,2,522,13,5,38.5,6,46.2,226,979,340,1,7,0,9,9,273,14,Matchs
345,Zié Mohamed Ouattara,ci CIV,"AT,MT",Portimonense,22,2000,12.9,674,22,172,290,220,21,674,20,12,60.0,7,35.0,363,2340,1201,32,22,5,25,15,401,57,Matchs
346,Jonathan Monroy,es ESP,"AT,MT",Chaves,20,2001,7.4,280,7,43,123,117,19,280,6,3,50.0,3,50.0,146,827,494,15,4,6,10,12,175,45,Matchs
347,Nélson Monte,pt POR,DF,Chaves,27,1995,28.7,1744,236,861,735,158,15,1744,10,3,30.0,6,60.0,873,4387,2694,24,20,1,9,6,1040,29,Matchs
348,Miguel Monteiro,pt POR,AT,Gil Vicente FC,19,2003,0.1,3,0,0,1,2,2,3,1,0,0.0,0,0.0,3,32,28,1,0,0,0,0,2,2,Matchs
349,Morato,br BRA,DF,Benfica,21,2001,7.2,547,56,265,274,9,3,547,1,1,100.0,0,0.0,340,1496,897,7,4,0,2,1,386,0,Matchs
350,Pablo Moreno,es ESP,"AT,MT",Marítimo,20,2002,9.9,342,1,23,172,153,20,342,39,16,41.0,17,43.6,228,1612,601,23,20,3,32,19,237,48,Matchs
Clt,Joueur,Nation,Pos,Équipe,Âge,Naissance,90,Touches,SurfRépDéf,ZDéf,MilTer,ZOff,SurfRépOff,Action de jeu,Att,Succ,Succ%,Tkld,Tkld%,Balle au pied,TotDist,DistBut,PrgC,1/3,CSR,Manqué,Perte,Rec,PrgR,Matchs
351,Hélder Morim,pt POR,"MT,AT",Chaves,21,2001,1.0,48,3,15,21,13,1,48,1,1,100.0,0,0.0,22,179,120,2,1,0,2,0,27,4,Matchs
352,Hidemasa Morita,jp JPN,MT,Sporting CP,27,1995,21.8,1280,26,221,788,291,48,1280,32,14,43.8,17,53.1,735,3608,1612,33,28,7,35,24,887,56,Matchs
353,Mosquito,br BRA,GB,Arouca,26,1996,1.0,30,29,30,0,0,0,30,0,0,,0,,15,74,54,0,0,0,0,0,8,0,Matchs
354,Fahd Moufi,ma MAR,DF,Portimonense,26,1996,29.3,1759,110,462,729,580,47,1759,54,18,33.3,24,44.4,748,3789,1762,56,35,9,48,13,915,175,Matchs
355,Moura,pt POR,DF,Famalicão,22,1999,23.6,1458,95,514,592,373,37,1458,32,11,34.4,16,50.0,648,4307,2149,58,45,8,36,13,767,142,Matchs
356,MT,br BRA,"DF,MT",Santa Clara,21,2001,12.6,696,38,256,321,126,11,696,26,8,30.8,15,57.7,316,1675,820,11,13,4,15,11,347,35,Matchs
357,Rafa Mújica,es ESP,AT,Arouca,23,1998,18.1,485,28,51,212,230,81,485,27,10,37.0,17,63.0,234,1350,477,18,16,9,58,22,318,79,Matchs
358,Petar Musa,hr CRO,AT,Benfica,24,1998,7.4,303,6,25,110,174,75,303,12,7,58.3,4,33.3,149,605,315,10,6,6,23,12,219,40,Matchs
359,Almoatasem Al Musrati,ly LBY,MT,Braga,26,1996,25.7,1863,54,397,1262,219,26,1863,16,10,62.5,5,31.3,1034,4320,1716,12,21,0,23,18,1286,12,Matchs
360,Kosuke Nakamura,jp JPN,GB,Portimonense,27,1995,30.0,1297,1104,1290,7,0,0,1297,2,2,100.0,0,0.0,668,3173,1846,0,0,0,1,0,593,0,Matchs
361,Rodrigo Nascimento,br BRA,GB,Chaves,26,1996,4.0,117,103,116,1,0,0,117,0,0,,0,,46,235,187,0,0,0,0,0,30,0,Matchs
362,Léo Natel,br BRA,AT,Casa Pia,25,1997,0.6,37,0,6,13,18,5,37,5,4,80.0,1,20.0,20,163,82,4,2,2,4,0,24,9,Matchs
363,Fran Navarro,es ESP,AT,Gil Vicente FC,24,1998,33.7,694,10,48,328,322,135,688,37,21,56.8,15,40.5,372,1657,501,19,15,11,84,32,481,134,Matchs
364,Flávio Nazinho,pt POR,DF,Sporting CP,19,2003,1.1,67,1,11,21,35,3,67,3,2,66.7,1,33.3,30,166,87,5,3,0,3,0,39,14,Matchs
365,Mor Ndiaye,sn SEN,MT,Estoril,21,2000,15.6,787,78,288,445,61,19,787,6,2,33.3,2,33.3,337,1617,672,6,3,1,17,10,426,5,Matchs
366,Cher Ndour,it ITA,MT,Benfica,18,2004,0.0,5,0,1,4,0,0,5,0,0,,0,,3,8,3,0,0,0,0,0,5,0,Matchs
367,Christian Neiva Afonso,pt POR,DF,Vizela,27,1994,24.7,1546,93,516,661,386,26,1546,37,15,40.5,14,37.8,600,2581,1293,25,21,1,20,6,749,91,Matchs
368,Nelson,ao ANG,"AT,MT",Vitória,24,1998,12.9,594,10,102,247,260,35,594,98,44,44.9,43,43.9,364,2549,1189,40,27,11,37,24,390,108,Matchs
369,David Neres,br BRA,"AT,MT",Benfica,25,1997,21.8,1370,2,52,472,864,122,1370,115,57,49.6,53,46.1,838,5354,2529,94,66,33,57,31,1091,211,Matchs
370,Neto,br BRA,MT,Casa Pia,30,1991,17.0,919,46,197,526,208,6,919,21,15,71.4,4,19.0,414,2261,893,25,18,2,38,20,509,15,Matchs
371,Luís Neto,pt POR,DF,Sporting CP,34,1988,3.0,280,23,124,152,6,2,280,2,2,100.0,0,0.0,168,771,450,3,1,0,0,0,215,0,Matchs
372,João Neves,pt POR,"MT,AT",Benfica,17,2004,6.8,600,10,115,356,135,16,600,19,8,42.1,7,36.8,332,1487,672,5,9,2,8,8,428,12,Matchs
373,Sikou Niakaté,ml MLI,DF,Braga,23,1999,23.6,1684,172,876,777,48,15,1684,20,13,65.0,3,15.0,930,4423,2190,15,7,3,6,7,1152,6,Matchs
374,Yusupha Njie,gm GAM,AT,Boavista,28,1994,23.6,745,23,56,378,318,87,742,55,25,45.5,17,30.9,439,2177,861,36,18,14,93,32,559,123,Matchs
375,Miguel Nóbrega,pt POR,DF,Rio Ave,22,2000,6.2,422,49,199,200,23,6,422,4,1,25.0,3,75.0,237,1132,629,3,2,0,3,1,295,4,Matchs
Clt,Joueur,Nation,Pos,Équipe,Âge,Naissance,90,Touches,SurfRépDéf,ZDéf,MilTer,ZOff,SurfRépOff,Action de jeu,Att,Succ,Succ%,Tkld,Tkld%,Balle au pied,TotDist,DistBut,PrgC,1/3,CSR,Manqué,Perte,Rec,PrgR,Matchs
376,Gonçalo Nogueira,pt POR,MT,Vitória,18,2003,0.2,7,1,2,3,2,0,7,0,0,,0,,4,15,3,0,0,0,0,0,3,0,Matchs
377,Ygor Nogueira,br BRA,DF,Santa Clara,27,1995,11.3,482,81,276,192,23,16,482,9,6,66.7,1,11.1,206,1075,604,4,2,0,5,2,238,1,Matchs
378,Nonoca,br BRA,MT,Portimonense,24,1998,6.3,255,5,60,155,46,5,255,12,6,50.0,3,25.0,128,763,332,5,3,1,8,9,139,5,Matchs
379,Arsénio Martins Lafuente Nunes,pt POR,"AT,MT",Arouca,32,1989,10.8,495,10,86,208,206,11,495,23,9,39.1,13,56.5,295,1475,663,26,15,6,17,21,366,57,Matchs
380,João Nunes,pt POR,DF,Casa Pia,26,1995,18.3,1020,146,541,421,63,17,1020,7,6,85.7,1,14.3,486,2283,1070,10,9,1,14,0,588,7,Matchs
381,Matheus Nunes,pt POR,MT,Sporting CP,23,1998,2.0,116,0,10,61,46,1,116,9,6,66.7,3,33.3,77,438,160,3,4,0,2,0,88,3,Matchs
382,Nwankwo Obiora,ng NGA,MT,Chaves,31,1991,6.9,339,17,80,227,34,5,339,1,1,100.0,0,0.0,176,739,278,2,0,0,2,10,219,4,Matchs
383,Ryoya Ogawa,jp JPN,"DF,MT",Vitória,25,1996,2.3,115,6,29,60,28,2,115,4,1,25.0,1,25.0,53,153,70,2,1,0,7,2,61,12,Matchs
384,Hugo Oliveira,pt POR,DF,Vizela,20,2002,0.1,5,0,0,4,1,1,5,0,0,,0,,4,24,18,1,0,1,0,0,5,1,Matchs
385,José Oliveira,pt POR,GB,Paços,20,2002,3.0,106,100,106,0,0,0,106,0,0,,0,,44,177,69,0,0,0,0,0,33,0,Matchs
386,Paulo Oliveira,pt POR,DF,Braga,30,1992,16.4,1105,117,530,553,26,13,1105,1,0,0.0,1,100.0,579,2589,1211,2,3,0,2,0,683,1,Matchs
387,Rúben Alexandre Gomes Oliveira,pt POR,MT,Santa Clara,27,1994,0.2,14,1,3,9,2,0,14,0,0,,0,,3,18,10,0,1,0,1,0,8,1,Matchs
388,Bruno Onyemaechi,ng NGA,DF,Boavista,23,1999,28.1,1736,101,594,779,386,21,1736,48,23,47.9,18,37.5,844,5162,2880,74,58,1,45,11,937,84,Matchs
389,Monsuru Opeyemi,ng NGA,AT,Vizela,18,2003,0.5,16,0,2,8,6,2,16,1,0,0.0,1,100.0,8,53,30,0,0,0,3,1,11,2,Matchs
390,Jerome Opoku,gh GHA,DF,Arouca,23,1998,21.3,1004,189,628,355,29,8,1004,19,9,47.4,6,31.6,567,3028,1695,13,8,0,12,1,626,3,Matchs
391,Pedro Ortiz,es ESP,MT,Vizela,21,2000,5.3,337,14,92,224,23,5,337,6,4,66.7,2,33.3,158,607,245,3,2,0,5,6,220,2,Matchs
392,Milutin Osmajić,me MNE,AT,Vizela,23,1999,22.7,580,17,33,261,295,72,579,34,13,38.2,19,55.9,301,1701,775,26,18,15,70,16,460,120,Matchs
393,Nicolás Otamendi,ar ARG,DF,Benfica,34,1988,30.8,2589,211,1085,1387,130,47,2589,15,7,46.7,6,40.0,1549,7611,4194,25,22,1,18,4,1825,7,Matchs
394,Otávio,pt POR,MT,Porto,27,1995,25.2,1897,23,192,1004,735,66,1896,87,41,47.1,31,35.6,1139,5357,3081,63,61,12,47,26,1328,113,Matchs
395,João Othavio Basso,br BRA,DF,Arouca,25,1997,31.6,1961,370,1205,705,70,29,1958,22,13,59.1,7,31.8,1050,5255,2908,9,8,0,11,2,1215,7,Matchs
396,Amine Oudrhiri,ma MAR,MT,Rio Ave,29,1992,8.7,519,18,119,333,71,2,519,5,3,60.0,0,0.0,304,1493,747,12,7,0,7,8,380,9,Matchs
397,Pablo,br BRA,AT,Famalicão,18,2004,7.9,275,9,36,141,100,25,275,30,17,56.7,9,30.0,164,721,318,8,10,4,21,16,197,37,Matchs
398,Lucas Paes,br BRA,GB,Casa Pia,24,1997,2.0,81,73,80,1,0,0,81,0,0,,0,,47,219,109,0,0,0,0,0,30,0,Matchs
399,Renato Pantalon,hr CRO,DF,Rio Ave,24,1997,19.9,1124,110,561,537,31,12,1124,1,1,100.0,0,0.0,546,2273,1189,6,4,0,12,2,720,3,Matchs
400,David Pastor,br BRA,MT,Portimonense,22,2000,0.0,3,0,1,1,1,0,3,0,0,,0,,1,14,12,0,0,0,0,0,1,0,Matchs
Clt,Joueur,Nation,Pos,Équipe,Âge,Naissance,90,Touches,SurfRépDéf,ZDéf,MilTer,ZOff,SurfRépOff,Action de jeu,Att,Succ,Succ%,Tkld,Tkld%,Balle au pied,TotDist,DistBut,PrgC,1/3,CSR,Manqué,Perte,Rec,PrgR,Matchs
401,Patrick,cv CPV,"AT,MT",Chaves,28,1993,0.6,29,0,2,12,16,6,29,3,1,33.3,2,66.7,17,91,21,1,1,1,5,0,23,5,Matchs
402,Patrick,br BRA,DF,Rio Ave,25,1997,21.1,1511,127,663,755,102,17,1511,16,7,43.8,8,50.0,813,4214,2398,24,21,0,14,7,1028,10,Matchs
403,Paulinho,pt POR,AT,Sporting CP,29,1992,15.1,474,9,43,225,214,76,474,20,9,45.0,8,40.0,251,1271,523,26,14,11,25,21,321,63,Matchs
404,Pedrão,br BRA,DF,Portimonense,25,1997,28.7,1834,221,959,766,129,30,1834,22,17,77.3,4,18.2,1033,5136,2931,22,23,7,11,9,1165,23,Matchs
405,João Pedro,pt POR,MT,Chaves,29,1993,6.6,310,15,69,203,40,3,310,10,4,40.0,5,50.0,136,617,228,4,2,0,6,12,169,8,Matchs
406,Pelé,gw GNB,MT,Famalicão,30,1991,6.8,375,7,132,212,37,2,375,19,10,52.6,6,31.6,200,1034,451,9,7,1,12,13,252,1,Matchs
407,Alexandre Penetra,pt POR,DF,Famalicão,20,2001,27.9,1661,105,677,727,268,25,1661,10,5,50.0,5,50.0,704,2718,1396,22,14,0,16,3,986,75,Matchs
408,Pepe,pt POR,DF,Porto,39,1983,21.8,1645,149,728,868,57,17,1645,10,5,50.0,4,40.0,1085,4970,2920,12,10,0,10,6,1144,6,Matchs
409,Pepê,br BRA,"MT,DF",Porto,25,1997,29.4,1787,39,332,820,665,74,1787,165,75,45.5,67,40.6,1126,6999,3625,101,77,28,67,38,1188,191,Matchs
410,André Pereira,pt POR,AT,Rio Ave,27,1995,11.1,453,14,59,251,153,37,451,37,20,54.1,13,35.1,268,1712,754,22,17,2,33,24,345,56,Matchs
411,Gabriel Pereira,br BRA,DF,Gil Vicente FC,22,2000,4.6,321,52,199,119,6,2,321,3,1,33.3,2,66.7,166,868,491,0,1,0,6,0,205,0,Matchs
412,Marco André Rocha Pereira,pt POR,GB,Santa Clara,35,1987,8.0,297,247,295,2,0,0,297,0,0,,0,,164,847,519,0,0,0,0,0,142,0,Matchs
413,Matheus Pereira,br BRA,DF,Vizela,21,2000,9.0,670,31,217,307,150,6,670,18,8,44.4,7,38.9,317,1822,947,23,14,2,12,4,372,31,Matchs
414,Sebastián Pérez Cardona,co COL,MT,Boavista,29,1993,27.3,1825,55,446,1212,173,14,1825,17,6,35.3,9,52.9,955,3672,1758,16,10,0,20,10,1238,13,Matchs
415,Kevin Pina,cv CPV,MT,Chaves,24,1997,4.1,185,14,60,101,30,0,185,7,6,85.7,1,14.3,85,442,264,4,4,0,4,3,83,3,Matchs
416,Rodrigo Pinho,br BRA,AT,Benfica,31,1991,0.5,19,0,1,9,9,2,19,2,0,0.0,2,100.0,6,18,8,0,0,0,1,1,13,4,Matchs
417,Dinis Pinto,pt POR,DF,Braga,21,2000,0.1,6,0,3,2,1,0,6,0,0,,0,,4,29,23,1,1,0,0,0,4,1,Matchs
418,Diogo Pinto,pt POR,"AT,MT",Casa Pia,23,1999,5.1,176,0,30,84,62,10,176,11,4,36.4,7,63.6,93,401,145,4,5,0,4,6,115,20,Matchs
419,Rui Pires,pt POR,MT,Paços,24,1998,26.8,1383,91,475,797,119,9,1383,7,5,71.4,1,14.3,669,2104,856,5,8,0,10,4,870,10,Matchs
420,Pizzi,pt POR,"MT,AT",Braga,32,1989,5.4,395,7,55,198,144,21,395,14,6,42.9,7,50.0,222,1008,464,8,6,3,6,9,310,32,Matchs
421,Carlos Ponck,cv CPV,DF,Chaves,27,1995,20.0,1118,170,601,491,35,15,1118,5,4,80.0,1,20.0,591,2404,1165,4,1,0,5,2,695,2,Matchs
422,Pedro Porro,es ESP,"DF,MT",Sporting CP,22,1999,11.9,899,18,227,292,396,46,898,44,16,36.4,18,40.9,504,2905,1664,62,21,13,23,8,561,133,Matchs
423,Samuel Portugal,br BRA,GB,Portimonense,28,1994,4.0,146,119,144,2,0,0,146,0,0,,0,,87,550,413,0,0,0,0,0,66,0,Matchs
424,Quaresma,br BRA,DF,Arouca,25,1996,30.4,2093,133,855,871,399,17,2093,106,50,47.2,44,41.5,1077,6370,3100,65,43,4,54,36,1143,104,Matchs
425,Diogo Queirós,pt POR,AT,Famalicão,23,1999,0.1,5,2,4,1,0,0,5,0,0,,0,,0,0,0,0,0,0,0,0,1,0,Matchs
Clt,Joueur,Nation,Pos,Équipe,Âge,Naissance,90,Touches,SurfRépDéf,ZDéf,MilTer,ZOff,SurfRépOff,Action de jeu,Att,Succ,Succ%,Tkld,Tkld%,Balle au pied,TotDist,DistBut,PrgC,1/3,CSR,Manqué,Perte,Rec,PrgR,Matchs
426,João Queirós,pt POR,DF,Chaves,24,1998,2.9,133,33,83,47,5,1,133,0,0,,0,,64,348,215,1,0,0,2,1,70,0,Matchs
427,Xavi Quintillà,es ESP,DF,Santa Clara,25,1996,8.0,484,29,138,200,146,6,483,0,0,,0,,204,850,550,9,6,0,4,0,252,23,Matchs
428,Uroš Račić,rs SRB,MT,Braga,24,1998,12.4,788,34,131,515,151,16,787,15,8,53.3,4,26.7,406,2098,1003,16,8,2,14,10,510,17,Matchs
429,Rafa,pt POR,GB,Vitória,18,2003,2.0,56,50,56,0,0,0,56,0,0,,0,,24,111,73,0,0,0,0,0,11,0,Matchs
430,Jesús Ramírez,ve VEN,"AT,MT",Marítimo,24,1998,6.5,204,7,12,90,107,31,204,16,4,25.0,9,56.3,101,496,113,7,7,5,20,20,138,34,Matchs
431,Cláudio Ramos,pt POR,GB,Porto,30,1991,1.0,24,18,24,0,0,0,24,0,0,,0,,15,48,23,0,0,0,1,0,10,0,Matchs
432,Flávio Ramos,br BRA,DF,Paços,28,1994,8.3,447,90,303,136,9,8,447,0,0,,0,,248,977,389,0,1,1,2,1,265,0,Matchs
433,Gonçalo Ramos,pt POR,AT,Benfica,21,2001,25.4,759,41,81,275,406,160,759,45,19,42.2,20,44.4,375,1572,676,30,14,15,54,26,532,125,Matchs
434,Osama Rashid,iq IRQ,"MT,AT",Vizela,30,1992,4.2,256,10,51,155,51,3,256,1,1,100.0,0,0.0,121,632,205,4,2,1,2,2,140,3,Matchs
435,Bruno Reis,pt POR,"MT,DF",Portimonense,23,1999,0.8,52,0,6,29,18,3,52,1,0,0.0,1,100.0,27,149,61,4,3,0,3,0,33,5,Matchs
436,Matheus Reis,br BRA,DF,Sporting CP,27,1995,25.4,2469,118,654,1436,394,36,2469,33,19,57.6,12,36.4,1710,9166,5914,72,55,3,20,11,1944,94,Matchs
437,Miguel Reisinho,pt POR,"DF,MT",Boavista,23,1999,0.2,20,1,3,11,7,1,20,2,1,50.0,1,50.0,9,29,5,0,0,0,2,0,15,2,Matchs
438,Filipe Relvas,pt POR,DF,Portimonense,22,1999,31.9,2179,244,1079,944,168,28,2179,20,10,50.0,8,40.0,1070,4881,2683,15,7,2,18,4,1269,24,Matchs
439,Brayan Riascos,co COL,"AT,MT",Marítimo,27,1994,9.7,364,17,40,137,192,57,364,28,12,42.9,12,42.9,218,1210,559,19,10,11,44,16,260,77,Matchs
440,Rodrigo Ribeiro,pt POR,AT,Sporting CP,17,2005,0.3,16,0,2,4,11,2,16,1,0,0.0,0,0.0,10,70,33,1,1,0,0,0,10,5,Matchs
441,Tiago Ribeiro,pt POR,MT,Paços,20,2002,2.0,105,4,23,56,26,0,105,0,0,,0,,36,143,49,1,2,0,5,0,73,4,Matchs
442,Ricardinho,pt POR,"AT,MT",Santa Clara,23,1998,20.0,748,16,116,357,284,45,748,78,23,29.5,46,59.0,412,2765,1605,45,31,11,38,24,483,111,Matchs
443,Riccieli,br BRA,DF,Famalicão,23,1998,28.7,1626,273,1034,568,29,23,1626,2,1,50.0,0,0.0,784,3219,1513,4,2,1,5,2,1036,1,Matchs
444,Rildo,br BRA,"AT,MT",Santa Clara,22,2000,9.1,297,9,46,110,146,25,297,38,19,50.0,16,42.1,189,1126,515,17,7,11,27,10,197,56,Matchs
445,Mihailo Ristić,rs SRB,DF,Benfica,26,1995,1.3,146,5,36,60,53,2,146,4,2,50.0,2,50.0,84,489,266,10,8,1,2,0,102,13,Matchs
446,Robson,br BRA,DF,Boavista,22,2000,1.4,94,11,53,36,8,3,94,0,0,,0,,47,176,93,0,0,0,1,0,57,0,Matchs
447,Bryan Róchez,hn HON,"AT,MT",Portimonense,27,1995,9.9,297,12,16,131,151,51,296,17,4,23.5,12,70.6,143,529,175,6,10,3,32,15,211,49,Matchs
448,Rochinha,pt POR,"AT,MT",Sporting CP,27,1995,4.8,244,1,5,89,152,20,244,23,7,30.4,13,56.5,168,1057,556,14,11,7,8,3,191,53,Matchs
449,Bruno Rodrigues,pt POR,DF,Braga,21,2001,1.0,69,8,46,21,2,1,69,0,0,,0,,36,133,35,0,0,0,1,0,42,0,Matchs
450,Gonçalo Rodrigues,pt POR,MT,Rio Ave,25,1997,32.2,1830,35,289,1082,489,27,1830,58,27,46.6,15,25.9,1001,6279,3097,78,62,4,40,30,1223,88,Matchs
Clt,Joueur,Nation,Pos,Équipe,Âge,Naissance,90,Touches,SurfRépDéf,ZDéf,MilTer,ZOff,SurfRépOff,Action de jeu,Att,Succ,Succ%,Tkld,Tkld%,Balle au pied,TotDist,DistBut,PrgC,1/3,CSR,Manqué,Perte,Rec,PrgR,Matchs
451,Ivo Rodrigues,pt POR,"MT,AT",Famalicão,27,1995,26.3,1490,38,255,730,527,44,1489,116,46,39.7,51,44.0,888,5173,2385,72,58,9,56,42,1027,144,Matchs
452,Diego Rosa,br BRA,"MT,AT",Vizela,19,2002,2.9,151,10,40,82,31,1,151,4,1,25.0,2,50.0,59,316,173,4,1,1,5,0,73,2,Matchs
453,Loreintz Rosier,fr FRA,MT,Estoril,23,1998,11.5,606,31,181,345,86,14,606,8,6,75.0,2,25.0,309,1727,792,10,11,1,5,6,374,10,Matchs
454,Mabrouk Rouai,fr FRA,"AT,MT",Estoril,21,2000,0.4,14,2,4,7,3,0,14,0,0,,0,,6,35,30,1,0,0,1,0,8,0,Matchs
455,Abel Ruiz,es ESP,AT,Braga,22,2000,23.0,707,13,39,194,479,156,707,28,13,46.4,14,50.0,414,2337,1080,51,24,30,53,25,535,180,Matchs
456,Alan Ruiz,ar ARG,MT,Arouca,28,1993,27.7,1676,38,223,989,491,29,1676,99,51,51.5,38,38.4,1010,5070,2256,38,44,4,55,39,1274,96,Matchs
457,Leonardo Ruíz,co COL,AT,Rio Ave,26,1996,10.3,358,6,28,201,132,26,358,18,11,61.1,5,27.8,185,814,277,8,7,1,30,25,281,52,Matchs
458,Gustavo sá,pt POR,"MT,AT",Famalicão,17,2004,4.3,242,9,36,145,65,6,242,16,6,37.5,8,50.0,140,683,208,5,8,0,7,7,177,15,Matchs
459,Helder Sá,pt POR,"DF,MT",Vitória,19,2002,8.9,582,27,154,255,177,10,582,24,13,54.2,9,37.5,252,1640,802,22,9,1,10,6,313,56,Matchs
460,Josué Sá,pt POR,DF,Rio Ave,30,1992,15.0,958,80,430,490,43,5,958,3,2,66.7,0,0.0,553,3010,1884,22,17,0,6,1,660,4,Matchs
461,Pedro Sá,pt POR,MT,Portimonense,28,1993,8.2,417,18,78,293,47,3,417,4,2,50.0,1,25.0,174,600,264,1,3,0,5,6,267,7,Matchs
462,Tiago Sá,pt POR,GB,Braga,27,1995,1.9,58,51,58,0,0,0,58,0,0,,0,,20,66,35,0,0,0,0,0,31,0,Matchs
463,Serdar Saatçı,tr TUR,DF,Braga,19,2003,2.4,160,14,68,91,2,0,160,1,0,0.0,0,0.0,102,515,174,1,1,0,2,1,105,0,Matchs
464,Safira,br BRA,AT,Vitória,27,1995,9.1,306,9,29,140,140,38,306,12,5,41.7,6,50.0,145,556,218,6,5,2,17,8,242,34,Matchs
465,Pierre Sagna,sn SEN,DF,Santa Clara,31,1990,19.5,1032,83,375,474,196,4,1032,24,10,41.7,11,45.8,425,2470,1221,33,21,2,19,3,458,41,Matchs
466,Arthur Sales,br BRA,"AT,MT",Paços,20,2002,4.0,148,3,18,67,64,12,148,7,2,28.6,4,57.1,86,354,134,0,4,0,20,5,109,23,Matchs
467,Andreas Samaris,gr GRE,MT,Rio Ave,33,1989,15.6,980,48,248,636,106,2,980,23,10,43.5,9,39.1,476,1843,777,6,9,1,17,19,650,12,Matchs
468,Samu,pt POR,MT,Vizela,26,1996,29.8,1814,67,352,962,519,63,1812,39,18,46.2,17,43.6,885,3853,1912,46,28,8,47,33,1177,110,Matchs
469,Leandro Sanca,gw GNB,"AT,MT",Famalicão,22,2000,4.9,232,4,47,78,115,13,232,36,16,44.4,16,44.4,141,818,294,6,6,2,20,8,152,40,Matchs
470,Elder Santana,br BRA,"MT,AT",Gil Vicente FC,29,1993,0.5,20,1,2,5,13,3,20,0,0,,0,,14,53,25,1,0,0,3,4,17,6,Matchs
471,Aderlan Santos,br BRA,DF,Rio Ave,33,1989,31.3,2177,268,1174,970,39,25,2177,7,4,57.1,1,14.3,1114,4525,2221,3,3,0,9,2,1440,0,Matchs
472,Luís Santos,pt POR,"AT,MT",Boavista,22,2000,3.2,160,3,24,70,66,9,160,7,1,14.3,6,85.7,90,442,212,7,7,0,11,3,104,16,Matchs
473,Nuno Santos,pt POR,"DF,MT",Sporting CP,27,1995,25.2,1783,31,271,646,881,91,1783,29,12,41.4,11,37.9,993,5187,2969,93,61,28,24,11,1192,337,Matchs
474,Pedro Santos,pt POR,"AT,MT",Braga,21,2000,0.1,11,0,3,3,5,0,11,0,0,,0,,5,34,11,0,0,0,0,0,4,0,Matchs
475,Rene Santos,br BRA,"DF,MT",Marítimo,30,1992,12.1,740,114,429,296,23,11,740,4,3,75.0,0,0.0,388,1605,657,1,3,0,10,0,458,0,Matchs
Clt,Joueur,Nation,Pos,Équipe,Âge,Naissance,90,Touches,SurfRépDéf,ZDéf,MilTer,ZOff,SurfRépOff,Action de jeu,Att,Succ,Succ%,Tkld,Tkld%,Balle au pied,TotDist,DistBut,PrgC,1/3,CSR,Manqué,Perte,Rec,PrgR,Matchs
476,Tiago santos,pt POR,DF,Estoril,20,2002,26.9,1558,62,523,686,378,39,1558,90,32,35.6,37,41.1,799,5943,3315,87,62,13,42,15,824,101,Matchs
477,Zaidu Sanusi,ng NGA,DF,Porto,25,1997,11.7,731,34,206,287,245,18,731,15,5,33.3,8,53.3,350,1582,869,27,21,2,24,4,409,81,Matchs
478,Adewele Sapara,ng NGA,"AT,MT",Portimonense,27,1995,1.3,56,3,17,25,14,2,56,2,0,0.0,2,100.0,33,141,51,1,2,0,3,2,26,4,Matchs
479,Andrés Sarmiento,co COL,"AT,MT",Vizela,24,1998,0.4,18,0,0,11,7,2,18,3,2,66.7,1,33.3,11,123,41,2,1,0,2,1,10,2,Matchs
480,Sidy Sarr,sn SEN,MT,Chaves,26,1996,1.3,60,7,19,34,8,1,60,0,0,,0,,19,67,24,1,1,0,1,1,21,2,Matchs
481,Vincent Sasso,fr FRA,DF,Boavista,31,1991,21.9,1202,158,675,504,29,19,1202,4,2,50.0,2,50.0,568,2749,1363,3,5,0,2,2,779,4,Matchs
482,Savio,br BRA,DF,Rio Ave,27,1995,3.6,289,14,108,117,68,0,289,1,0,0.0,1,100.0,165,1074,759,14,9,0,5,0,177,7,Matchs
483,Andreas Schjelderup,no NOR,AT,Benfica,18,2004,0.0,4,0,0,1,3,2,4,1,0,0.0,1,100.0,4,22,8,0,0,1,0,0,2,0,Matchs
484,Alexander Schmidt,at AUT,AT,Vizela,24,1998,3.6,125,6,9,53,64,19,125,4,2,50.0,2,50.0,50,190,74,1,5,1,8,8,86,22,Matchs
485,Moustapha Seck,sn SEN,"DF,AT",Portimonense,26,1996,24.9,1242,69,296,552,412,14,1242,49,14,28.6,22,44.9,563,3503,1861,54,44,4,42,14,645,123,Matchs
486,Alfa Semedo,gw GNB,MT,Vitória,24,1997,0.3,14,1,5,9,1,0,14,0,0,,0,,9,25,9,0,0,0,0,1,8,0,Matchs
487,Nuno Sequeira,pt POR,DF,Braga,31,1990,22.9,1814,40,448,816,567,14,1814,30,16,53.3,9,30.0,814,3889,2113,40,47,3,32,11,1069,140,Matchs
488,Serginho,,"AT,MT",Estoril,21,2001,1.5,82,2,9,40,35,8,82,3,2,66.7,1,33.3,41,377,236,9,4,1,1,0,47,8,Matchs
489,Paulo Sérgio Mota,pt POR,"DF,MT",Marítimo,31,1991,8.0,441,14,108,168,171,14,441,13,4,30.8,8,61.5,188,903,402,8,9,0,12,2,224,49,Matchs
490,André Silva,br BRA,"AT,MT",Vitória,25,1997,19.4,785,21,67,383,340,73,785,49,22,44.9,26,53.1,471,2184,891,38,19,14,61,23,607,99,Matchs
491,António Silva,pt POR,DF,Benfica,18,2003,29.9,2214,230,1006,1158,69,24,2214,14,6,42.9,4,28.6,1396,7433,4591,27,19,1,16,3,1595,3,Matchs
492,Guilherme Silva,br BRA,"DF,MT",Chaves,21,2000,0.2,8,1,6,2,0,0,8,0,0,,0,,3,14,8,0,0,0,0,0,4,0,Matchs
493,João Miguel Macedo Silva,pt POR,GB,Marítimo,27,1995,8.0,314,289,314,0,0,0,314,0,0,,0,,137,752,365,0,0,0,2,0,98,0,Matchs
494,Joel silva,pt POR,MT,Boavista,19,2003,1.1,61,2,16,42,3,0,61,0,0,,0,,30,111,34,0,0,0,3,0,42,0,Matchs
495,Jorge Fernando Santos Silva,pt POR,"DF,MT",Paços,26,1996,5.2,264,31,98,88,81,5,264,10,3,30.0,4,40.0,120,728,414,15,10,1,8,2,120,26,Matchs
496,Jota Silva,pt POR,"AT,MT",Vitória,22,1999,17.8,802,17,123,307,392,68,802,82,18,22.0,52,63.4,459,3216,1476,55,45,20,57,22,513,133,Matchs
497,Lucas Silva,br BRA,AT,Paços,24,1998,0.2,11,0,4,3,4,0,11,1,0,0.0,0,0.0,7,31,5,0,0,0,0,0,8,3,Matchs
498,Pedro Manuel da Silva Moreira,pt POR,MT,Arouca,33,1989,0.8,64,0,7,43,14,0,64,2,2,100.0,0,0.0,30,128,36,2,1,0,3,1,45,3,Matchs
499,Pedro José Moreira Silva,pt POR,GB,Estoril,25,1997,2.3,95,94,95,0,0,0,95,0,0,,0,,48,222,119,0,0,0,0,0,33,0,Matchs
500,Rafa Silva,pt POR,"MT,AT",Benfica,29,1993,24.2,1109,0,39,339,756,178,1109,134,51,38.1,62,46.3,713,5507,2749,99,65,42,75,43,902,239,Matchs
Clt,Joueur,Nation,Pos,Équipe,Âge,Naissance,90,Touches,SurfRépDéf,ZDéf,MilTer,ZOff,SurfRépOff,Action de jeu,Att,Succ,Succ%,Tkld,Tkld%,Balle au pied,TotDist,DistBut,PrgC,1/3,CSR,Manqué,Perte,Rec,PrgR,Matchs
501,Tiago Silva,pt POR,MT,Vitória,29,1993,23.3,1582,24,271,931,402,14,1578,54,26,48.1,20,37.0,851,4007,1592,21,22,3,25,14,1018,30,Matchs
502,David Simão,pt POR,MT,Arouca,32,1990,28.7,1910,62,541,1091,298,4,1910,32,17,53.1,11,34.4,966,4081,1721,16,19,0,37,14,1313,36,Matchs
503,André Simões,pt POR,MT,Famalicão,32,1989,1.9,136,6,35,76,27,2,136,1,0,0.0,1,100.0,70,312,161,5,4,0,7,1,78,2,Matchs
504,André Simões,pt POR,"MT,AT",Gil Vicente FC,18,2003,0.2,20,1,1,15,4,0,20,3,3,100.0,0,0.0,13,88,44,1,0,0,0,0,18,3,Matchs
505,Luther Singh,za RSA,"AT,MT",Chaves,24,1997,7.0,311,6,40,166,108,20,311,19,6,31.6,11,57.9,190,1083,446,14,9,6,19,7,220,54,Matchs
506,Lucas Soares,br BRA,"MT,DF",Casa Pia,24,1998,24.2,1301,66,437,525,361,43,1301,48,27,56.3,14,29.2,571,3631,1850,60,35,11,34,19,670,120,Matchs
507,Samuel Soares,pt POR,GB,Benfica,20,2002,0.0,5,5,5,0,0,0,5,0,0,,0,,4,9,4,0,0,0,0,0,4,0,Matchs
508,Val Soares,br BRA,MT,Marítimo,25,1997,13.5,906,29,215,584,120,3,906,37,19,51.4,16,43.2,557,3002,1372,14,14,0,17,18,642,18,Matchs
509,Yuki Soma,jp JPN,"AT,MT",Casa Pia,25,1997,13.5,477,7,67,158,256,36,477,32,11,34.4,12,37.5,260,1963,1067,47,27,9,25,18,288,86,Matchs
510,Joel Soñora,us USA,MT,Marítimo,25,1996,2.0,89,1,11,42,39,0,89,2,2,100.0,0,0.0,45,274,150,5,7,0,3,2,52,5,Matchs
511,Ismaila Soro,ci CIV,MT,Arouca,24,1998,16.9,860,42,279,502,88,1,860,26,16,61.5,5,19.2,417,1982,823,7,11,0,17,15,506,9,Matchs
512,Miguel Sousa,pt POR,MT,Marítimo,23,1998,2.0,77,0,12,48,19,4,77,3,2,66.7,1,33.3,56,266,111,2,1,1,1,3,54,3,Matchs
513,Vasco Sousa,pt POR,MT,Porto,19,2003,0.0,7,0,1,2,4,1,7,0,0,,0,,3,4,0,0,0,0,0,1,2,0,Matchs
514,Claudemir de Souza,br BRA,MT,Vizela,34,1988,15.1,1006,52,289,606,115,9,1006,7,4,57.1,3,42.9,456,1626,825,5,5,0,9,6,637,7,Matchs
515,Jerry St. Juste,nl NED,DF,Sporting CP,25,1996,10.1,1045,72,343,592,117,9,1045,13,7,53.8,5,38.5,734,4223,2528,40,26,0,6,2,825,17,Matchs
516,Filip Stevanovic,rs SRB,"AT,MT",Santa Clara,19,2002,1.7,66,1,5,32,29,6,66,4,2,50.0,1,25.0,24,108,53,3,2,1,3,2,38,6,Matchs
517,Habib sylla,ci CIV,DF,Chaves,23,1999,6.9,401,26,144,188,73,4,401,14,10,71.4,3,21.4,167,833,371,8,5,0,9,4,183,16,Matchs
518,Morlaye Sylla,gn GUI,"AT,MT",Arouca,24,1998,25.3,1371,30,214,713,465,39,1368,64,34,53.1,26,40.6,771,4316,2178,49,46,8,51,19,938,126,Matchs
519,Kyosuke Tagawa,jp JPN,AT,Santa Clara,23,1999,13.2,286,11,34,140,117,28,286,11,3,27.3,8,72.7,158,756,248,7,5,4,36,13,209,45,Matchs
520,Afonso Taira,pt POR,MT,Casa Pia,30,1992,23.3,1296,49,307,807,211,14,1296,52,22,42.3,24,46.2,595,2715,1332,20,28,3,22,16,738,31,Matchs
521,Mateo Tanlongo,ar ARG,MT,Sporting CP,18,2003,1.6,119,3,23,85,12,2,119,0,0,,0,,62,256,114,1,2,0,2,1,84,1,Matchs
522,Mehdi Taremi,ir IRN,AT,Porto,30,1992,29.0,1146,21,94,432,635,211,1138,62,29,46.8,29,46.8,673,3532,1856,64,42,29,64,24,844,208,Matchs
523,David Tavares,cv CPV,"MT,AT",Famalicão,23,1999,0.5,29,0,13,13,3,0,29,1,1,100.0,0,0.0,12,52,26,1,0,0,1,2,16,1,Matchs
524,Heriberto Tavares,pt POR,"MT,AT",Famalicão,25,1997,2.4,150,2,24,56,72,7,150,9,2,22.2,7,77.8,92,479,251,9,4,2,6,1,93,22,Matchs
525,Martim Tavares,pt POR,"AT,MT",Boavista,18,2003,4.0,118,4,14,50,54,10,118,10,1,10.0,8,80.0,72,349,90,4,3,2,6,3,91,16,Matchs
Clt,Joueur,Nation,Pos,Équipe,Âge,Naissance,90,Touches,SurfRépDéf,ZDéf,MilTer,ZOff,SurfRépOff,Action de jeu,Att,Succ,Succ%,Tkld,Tkld%,Balle au pied,TotDist,DistBut,PrgC,1/3,CSR,Manqué,Perte,Rec,PrgR,Matchs
526,Duplexe Tchamba,cm CMR,DF,Casa Pia,24,1998,4.3,269,43,142,105,22,6,269,4,4,100.0,0,0.0,144,655,381,4,2,0,2,3,163,0,Matchs
527,João Teixeira,pt POR,MT,Chaves,28,1994,30.4,1861,42,270,966,652,47,1857,77,31,40.3,36,46.8,1049,6417,3217,75,72,11,55,55,1212,103,Matchs
528,André Teles,pt POR,MT,Marítimo,25,1997,0.7,42,3,18,23,2,0,42,3,2,66.7,1,33.3,25,100,24,0,1,0,1,0,24,0,Matchs
529,Casper Tengstedt,dk DEN,"AT,MT",Benfica,22,2000,0.3,12,1,2,3,7,2,12,1,0,0.0,1,100.0,5,40,5,0,0,0,0,0,6,3,Matchs
530,Nigel Thomas,nl NED,"AT,MT",Paços,21,2001,22.5,906,13,111,300,500,48,906,77,28,36.4,40,51.9,560,3889,1753,74,46,12,55,18,626,186,Matchs
531,Pedro Tiba,pt POR,MT,Gil Vicente FC,33,1988,13.9,819,28,142,423,260,29,819,39,18,46.2,12,30.8,508,2646,1262,31,21,10,24,22,573,66,Matchs
532,Bastien Toma,ch SUI,MT,Paços,23,1999,4.8,271,3,43,147,83,8,271,7,3,42.9,3,42.9,173,910,363,6,9,1,8,4,188,7,Matchs
533,Vítor Tormena,br BRA,DF,Braga,26,1996,26.1,1824,168,850,933,49,19,1824,2,1,50.0,1,50.0,1102,5672,2883,14,10,0,5,0,1245,2,Matchs
534,Mamadou Tounkara,fr FRA,DF,Vitória,20,2001,11.6,544,63,285,247,15,5,544,4,3,75.0,0,0.0,290,1410,631,7,5,0,5,3,338,2,Matchs
535,Francisco Trincão,pt POR,"MT,AT",Sporting CP,22,1999,24.5,1197,10,68,518,625,116,1197,112,49,43.8,55,49.1,816,5259,2690,89,59,34,51,24,940,195,Matchs
536,Matouš Trmal,cz CZE,GB,Marítimo,23,1998,6.0,197,169,196,1,0,0,197,0,0,,0,,89,402,233,0,0,0,0,0,79,0,Matchs
537,Manuel Ugarte Ribeiro,uy URU,MT,Sporting CP,21,2001,26.1,1962,38,358,1358,283,5,1962,73,40,54.8,24,32.9,1164,5831,2671,32,36,1,30,26,1290,22,Matchs
538,Zé Uilton,br BRA,"AT,MT",Paços,30,1992,15.3,527,24,117,198,220,19,527,31,11,35.5,14,45.2,318,2309,1011,40,21,5,17,19,333,82,Matchs
539,Ukra,pt POR,"AT,MT",Rio Ave,34,1988,4.1,232,4,36,120,80,2,232,12,4,33.3,4,33.3,135,803,376,9,8,2,10,8,157,30,Matchs
540,Mateus Uribe,co COL,MT,Porto,31,1991,27.3,2073,80,461,1259,373,39,2071,31,20,64.5,8,25.8,1132,4101,1764,16,26,4,26,14,1337,34,Matchs
541,Rodrigo Valente,pt POR,"MT,AT",Santa Clara,21,2001,1.1,50,4,12,21,19,5,50,3,1,33.3,1,33.3,23,133,71,2,2,1,1,1,32,1,Matchs
542,João Valido,pt POR,GB,Arouca,22,2000,0.0,1,1,1,0,0,0,1,0,0,,0,,0,0,0,0,0,0,0,0,0,0,Matchs
543,Bruno Varela,cv CPV,GB,Vitória,27,1994,27.0,1019,854,1012,4,3,3,1019,1,1,100.0,0,0.0,462,2318,1480,0,0,0,1,0,329,0,Matchs
544,Fernando Varela,cv CPV,DF,Casa Pia,34,1987,22.6,1082,135,566,472,49,24,1082,5,2,40.0,2,40.0,526,2541,1344,8,6,0,9,0,658,1,Matchs
545,Luciano Vega,ar ARG,"MT,AT",Marítimo,23,1999,2.1,108,8,29,58,21,5,108,1,0,0.0,1,100.0,55,236,105,1,1,0,3,2,73,8,Matchs
546,Danilo Veiga,pt POR,DF,Gil Vicente FC,19,2002,7.6,501,27,158,216,131,3,501,21,10,47.6,9,42.9,246,1430,807,20,21,1,13,4,277,37,Matchs
547,Igor Vekič,si SVN,GB,Paços,24,1998,9.1,315,280,314,1,0,0,315,0,0,,0,,135,629,377,0,0,0,0,0,107,0,Matchs
548,Bruno Ventura,pt POR,AT,Rio Ave,21,2001,1.1,40,0,5,17,18,0,40,0,0,,0,,24,104,54,2,5,0,0,2,32,1,Matchs
549,Lucas Veríssimo,br BRA,DF,Benfica,27,1995,0.1,16,1,8,9,0,0,16,0,0,,0,,13,56,17,0,0,0,0,0,13,0,Matchs
550,Gabriel Veron,br BRA,"MT,AT",Porto,19,2002,4.5,220,2,17,75,129,38,220,16,4,25.0,10,62.5,140,780,416,19,9,7,9,5,147,55,Matchs
Clt,Joueur,Nation,Pos,Équipe,Âge,Naissance,90,Touches,SurfRépDéf,ZDéf,MilTer,ZOff,SurfRépOff,Action de jeu,Att,Succ,Succ%,Tkld,Tkld%,Balle au pied,TotDist,DistBut,PrgC,1/3,CSR,Manqué,Perte,Rec,PrgR,Matchs
551,Jan Vertonghen,be BEL,DF,Benfica,35,1987,0.0,3,0,2,1,0,0,3,0,0,,0,,3,20,0,0,0,0,0,0,3,0,Matchs
552,André Vidigal,pt POR,"AT,MT",Marítimo,23,1998,28.6,1012,15,96,380,561,84,1012,116,31,26.7,67,57.8,608,4277,2088,73,54,14,88,42,689,186,Matchs
553,Gabriel Vieira,br BRA,"AT,MT",Santa Clara,20,2002,24.4,892,13,114,314,489,85,890,89,42,47.2,35,39.3,440,3165,1501,61,36,22,72,36,491,124,Matchs
554,João Vigário,pt POR,DF,Paços,26,1995,0.2,13,2,3,7,3,0,13,1,1,100.0,0,0.0,9,53,24,0,2,0,0,0,10,1,Matchs
555,Mikel Villanueva,ve VEN,DF,Vitória,29,1993,28.2,1589,156,813,743,41,15,1589,15,14,93.3,1,6.7,919,4180,2408,7,9,1,14,6,1053,2,Matchs
556,Bernardo Vital,pt POR,DF,Estoril,21,2000,25.1,1568,301,986,553,32,16,1568,3,2,66.7,1,33.3,918,5001,3084,10,3,1,8,4,1063,2,Matchs
557,Vitinha,pt POR,AT,Braga,22,2000,12.2,460,22,44,141,284,78,460,51,20,39.2,22,43.1,249,1539,625,25,16,13,57,27,305,85,Matchs
558,Vitinho,br BRA,"MT,AT",Arouca,22,2000,2.7,127,6,20,43,66,8,127,6,1,16.7,4,66.7,63,310,154,5,7,1,6,1,74,25,Matchs
559,Paulo Vitor,br BRA,"MT,DF",Rio Ave,23,1999,12.3,644,21,151,273,235,19,644,53,20,37.7,24,45.3,361,3472,1836,44,31,7,19,13,376,93,Matchs
560,Steven Vitória,ca CAN,DF,Chaves,35,1987,29.4,1510,243,908,562,44,36,1504,5,2,40.0,2,40.0,821,3278,1781,4,3,0,3,2,958,1,Matchs
561,Odisseas Vlachodimos,gr GRE,GB,Benfica,28,1994,34.0,853,724,848,5,0,0,853,0,0,,0,,480,2279,1239,0,0,0,2,0,406,0,Matchs
562,Ilija Vukotić,me MNE,MT,Boavista,23,1999,4.5,209,17,64,109,38,3,209,5,3,60.0,2,40.0,69,298,160,5,5,0,2,0,99,3,Matchs
563,Wagner,br BRA,DF,Portimonense,23,1999,1.0,59,2,23,27,9,0,59,0,0,,0,,33,94,45,0,0,0,0,1,29,0,Matchs
564,Masaki Watai,jp JPN,"MT,AT",Boavista,23,1999,5.8,276,1,33,124,120,13,276,13,3,23.1,10,76.9,155,696,322,13,5,2,11,6,212,37,Matchs
565,Julian Weigl,de GER,MT,Benfica,26,1995,0.6,86,0,5,70,12,1,86,0,0,,0,,55,179,98,0,1,0,1,0,75,2,Matchs
566,Wendell,br BRA,DF,Porto,29,1993,21.8,1597,39,373,789,449,26,1597,29,12,41.4,13,44.8,926,4902,2981,81,63,4,26,5,1006,110,Matchs
567,Weverson,br BRA,"DF,AT",Arouca,22,2000,0.8,46,0,10,22,14,0,46,1,0,0.0,1,100.0,27,130,60,3,1,0,1,1,31,4,Matchs
568,Willyan,br BRA,"DF,MT",Portimonense,27,1995,4.0,295,22,129,150,17,7,295,5,3,60.0,2,40.0,144,637,454,2,3,0,0,0,174,5,Matchs
569,Bruno Wilson,pt POR,DF,Vizela,25,1996,22.8,1140,243,722,381,42,27,1140,2,2,100.0,0,0.0,510,2427,1324,4,11,1,3,1,653,3,Matchs
570,Roan Wilson,cr CRC,MT,Gil Vicente FC,20,2002,1.3,80,4,24,51,6,0,80,3,2,66.7,1,33.3,44,207,95,2,1,0,3,0,50,0,Matchs
571,Cláudio Winck,br BRA,"DF,MT",Marítimo,28,1994,26.9,1715,67,447,773,527,60,1711,88,31,35.2,46,52.3,749,5079,2947,84,65,16,48,20,925,138,Matchs
572,Xadas,pt POR,"MT,AT",Marítimo,24,1997,26.3,1367,17,155,630,595,39,1366,49,26,53.1,21,42.9,682,3573,1679,46,45,8,40,19,865,117,Matchs
573,Abdul-Aziz Yakubu,gh GHA,AT,Rio Ave,23,1998,14.2,364,14,30,130,209,46,362,21,7,33.3,11,52.4,190,1086,408,20,15,9,33,15,256,88,Matchs
574,Roman Yaremchuk,ua UKR,AT,Benfica,26,1995,0.6,21,0,1,2,18,5,21,0,0,,0,,14,67,42,1,2,0,2,0,22,4,Matchs
575,Moses Yaw,gh GHA,MT,Arouca,23,1999,3.5,173,13,76,86,11,2,173,2,2,100.0,0,0.0,83,290,114,0,2,0,2,0,104,0,Matchs
Clt,Joueur,Nation,Pos,Équipe,Âge,Naissance,90,Touches,SurfRépDéf,ZDéf,MilTer,ZOff,SurfRépOff,Action de jeu,Att,Succ,Succ%,Tkld,Tkld%,Balle au pied,TotDist,DistBut,PrgC,1/3,CSR,Manqué,Perte,Rec,PrgR,Matchs
576,Zaydou Youssouf,fr FRA,MT,Famalicão,23,1999,23.8,1197,34,309,746,173,9,1197,81,57,70.4,14,17.3,656,3954,1788,25,26,2,35,33,711,18,Matchs
577,Antonio Zarzana,es ESP,"MT,AT",Marítimo,20,2002,3.2,144,1,23,79,47,5,144,15,3,20.0,8,53.3,105,674,277,9,9,3,8,4,109,20,Matchs
578,Ivan Zlobin,ru RUS,GB,Famalicão,25,1997,1.0,47,42,47,0,0,0,47,0,0,,0,,22,137,101,0,0,0,0,0,11,0,Matchs
579,Kévin Zohi,ml MLI,"AT,MT",Vizela,25,1996,10.0,405,6,55,160,196,37,405,36,20,55.6,15,41.7,232,1131,606,23,10,6,27,10,273,67,Matchs
580,Nermin Zolotić,ba BIH,DF,Casa Pia,29,1993,24.3,1600,233,777,749,79,16,1600,11,7,63.6,3,27.3,885,4418,2525,19,12,0,12,3,1016,2,Matchs
581,Emilijus Zubas,lt LTU,GB,Arouca,32,1990,3.0,113,94,111,2,0,0,113,0,0,,0,,44,220,122,0,0,0,0,0,45,0,Matchs
Clt,Joueur,Nation,Pos,Équipe,Âge,Naissance,90,Touches,SurfRépDéf,ZDéf,MilTer,ZOff,SurfRépOff,Action de jeu,Att,Succ,Succ%,Tkld,Tkld%,Balle au pied,TotDist,DistBut,PrgC,1/3,CSR,Manqué,Perte,Rec,PrgR,Matchs
1,Patrick van Aanholt,nl NED,DF,PSV Eindhoven,31,1990,13.1,814,29,228,351,240,33,814,10,4,40.0,5,50.0,398,1669,849,26,18,6,12,5,481,69,Matchs
2,Dirk Abels,nl NED,DF,Sparta R'dam,25,1997,14.7,847,111,377,353,121,7,847,10,4,40.0,4,40.0,440,2090,1209,18,11,2,6,1,473,30,Matchs
3,Paulos Abraham,se SWE,"AT,MT",Groningen,20,2002,5.4,211,8,45,90,79,16,211,21,8,38.1,12,57.1,130,1071,529,19,8,9,13,16,140,39,Matchs
4,Bobby Adekanye,nl NED,"AT,MT",Go Ahead Eag,23,1999,23.8,958,9,118,423,441,89,958,114,52,45.6,46,40.4,645,3914,1864,64,39,22,72,45,664,167,Matchs
5,Shawn Adewoye,be BEL,DF,RKC Waalwijk,22,2000,32.6,1756,309,1030,660,80,24,1756,23,15,65.2,6,26.1,936,5295,2774,25,13,2,22,3,993,7,Matchs
6,Luuk Admiraal,nl NED,AT,Excelsior,20,2002,0.0,4,0,0,3,1,0,4,0,0,,0,,3,17,7,0,0,0,1,0,4,0,Matchs
7,Nikolas Agrafiotis,nl NED,"AT,MT",Excelsior,22,2000,6.3,258,9,18,125,116,31,257,17,7,41.2,6,35.3,111,468,104,3,4,0,20,6,194,23,Matchs
8,Joost van Aken,nl NED,DF,Heerenveen,28,1994,11.0,700,93,348,328,25,11,700,2,2,100.0,0,0.0,363,1851,1180,11,5,0,4,3,438,2,Matchs
9,Norbert Alblas,nl NED,GB,Excelsior,27,1994,0.3,12,10,12,0,0,0,12,0,0,,0,,2,20,16,0,0,0,0,0,5,0,Matchs
10,Pedro Alemañ,es ESP,MT,Sparta R'dam,20,2002,0.5,49,0,8,24,17,4,49,3,2,66.7,1,33.3,35,167,51,2,0,1,5,3,33,3,Matchs
11,Hussein Ali,iq IRQ,"DF,MT",Heerenveen,20,2002,0.3,27,3,13,7,7,0,27,0,0,,0,,12,118,48,2,3,0,1,1,9,1,Matchs
12,Edson Álvarez,mx MEX,"MT,DF",Ajax,24,1997,28.7,2811,188,864,1582,394,86,2811,39,18,46.2,18,46.2,1792,11565,6327,73,60,0,26,21,1943,22,Matchs
13,Pelle van Amersfoort,nl NED,"MT,AT",Heerenveen,26,1996,13.2,508,20,50,249,214,60,508,20,5,25.0,11,55.0,264,1093,449,13,11,2,28,14,367,75,Matchs
14,Jamal Amofa,nl NED,DF,Go Ahead Eag,23,1998,26.8,1542,234,792,669,97,8,1542,45,30,66.7,13,28.9,913,5613,3366,25,16,0,23,10,904,9,Matchs
15,Fredrik André Bjørkan,no NOR,DF,Feyenoord,23,1998,0.8,62,1,11,24,27,2,62,1,0,0.0,1,100.0,18,130,59,1,1,0,1,0,37,9,Matchs
16,Vurnon Anita,cw CUW,MT,RKC Waalwijk,33,1989,30.8,1519,51,366,941,225,11,1519,19,12,63.2,7,36.8,786,2971,1325,15,13,0,24,18,1019,38,Matchs
17,Oliver Antman,fi FIN,"AT,MT",Groningen,20,2001,7.4,300,8,53,110,144,22,300,26,11,42.3,10,38.5,192,1224,579,18,13,8,17,4,208,55,Matchs
18,Joey Antonioli,nl NED,MT,Volendam,18,2003,0.4,16,0,1,9,6,2,16,0,0,,0,,8,80,44,1,0,1,2,2,11,5,Matchs
19,Jeremy Antonisse,cw CUW,"AT,MT",Emmen,20,2002,8.9,387,15,83,157,158,21,387,41,21,51.2,15,36.6,243,1759,860,28,27,5,30,13,252,51,Matchs
20,Francesco Antonucci,be BEL,"MT,AT",Volendam,23,1999,10.0,413,1,52,200,173,6,413,33,20,60.6,10,30.3,280,1662,820,17,16,2,12,8,316,39,Matchs
21,Antony,br BRA,AT,Ajax,22,2000,2.0,133,0,5,30,100,12,133,12,8,66.7,4,33.3,94,632,409,14,8,4,4,1,104,33,Matchs
22,Miguel Araujo,pe PER,DF,Emmen,27,1994,29.9,2012,299,1079,878,69,26,2012,13,5,38.5,2,15.4,1113,5920,3849,24,16,0,12,9,1273,7,Matchs
23,Carlens Arcus,ht HAI,DF,Vitesse,26,1996,28.0,1907,99,531,870,525,37,1907,44,15,34.1,23,52.3,861,4400,2085,55,37,9,32,15,1010,148,Matchs
24,Jasin Assehnoun,fi FIN,AT,Emmen,23,1998,8.1,454,14,82,168,212,20,454,30,12,40.0,17,56.7,263,1635,752,29,22,9,17,16,299,65,Matchs
25,Adil Auassar,nl NED,DF,Sparta R'dam,35,1986,21.3,1428,275,815,601,21,12,1428,2,1,50.0,1,50.0,871,4664,2616,9,6,0,8,3,932,1,Matchs
Clt,Joueur,Nation,Pos,Équipe,Âge,Naissance,90,Touches,SurfRépDéf,ZDéf,MilTer,ZOff,SurfRépOff,Action de jeu,Att,Succ,Succ%,Tkld,Tkld%,Balle au pied,TotDist,DistBut,PrgC,1/3,CSR,Manqué,Perte,Rec,PrgR,Matchs
26,Sebbe Augustijns,be BEL,"MT,AT",RKC Waalwijk,22,1999,0.8,42,4,14,22,6,1,42,0,0,,0,,14,93,16,1,2,0,2,0,21,1,Matchs
27,Fredrik Aursnes,no NOR,MT,Feyenoord,26,1995,2.0,192,3,30,118,46,3,192,2,2,100.0,0,0.0,100,600,300,4,7,0,1,0,145,5,Matchs
28,Aventis Aventisian,am ARM,"MT,DF",Go Ahead Eag,19,2002,0.1,9,0,2,6,1,0,9,0,0,,0,,4,9,7,0,0,0,0,0,6,1,Matchs
29,Maxime Awoudja,de GER,DF,Excelsior,24,1998,2.8,148,33,87,49,13,5,148,2,0,0.0,2,100.0,67,231,67,0,0,0,2,0,70,4,Matchs
30,Yassin Ayoub,nl NED,MT,Excelsior,28,1994,8.0,489,18,94,296,106,13,489,14,8,57.1,2,14.3,270,1297,529,11,10,6,21,16,292,16,Matchs
31,Marouan Azarkan,nl NED,"AT,MT",Excelsior,20,2001,20.4,973,16,120,368,510,68,973,69,25,36.2,32,46.4,633,4276,2068,67,52,16,54,35,653,163,Matchs
32,Julian Baas,nl NED,"MT,AT",Excelsior,20,2002,27.3,1208,83,307,578,338,23,1208,15,9,60.0,5,33.3,523,2530,925,14,16,2,31,18,601,52,Matchs
33,Youri Baas,nl NED,DF,Ajax,19,2003,2.1,184,6,34,93,60,2,184,2,2,100.0,0,0.0,121,578,320,5,4,0,3,2,127,16,Matchs
34,Nikolai Baden Frederiksen,dk DEN,AT,Vitesse,22,2000,5.8,164,4,12,68,87,17,164,10,5,50.0,4,40.0,79,315,128,3,3,1,15,2,88,27,Matchs
35,Saïd Bakari,km COM,"DF,MT",RKC Waalwijk,27,1994,8.4,550,30,169,200,194,29,550,47,24,51.1,21,44.7,308,2110,1088,32,21,9,18,14,321,66,Matchs
36,Johan Bakayoko,be BEL,AT,PSV Eindhoven,19,2003,15.3,897,10,84,282,548,91,897,76,45,59.2,26,34.2,592,4190,2589,102,47,46,42,27,672,240,Matchs
37,Zakaria Bakkali,be BEL,"AT,DF",RKC Waalwijk,26,1996,4.9,252,8,30,79,150,24,252,34,15,44.1,15,44.1,158,1269,640,31,25,7,12,8,176,48,Matchs
38,Justin Bakker,nl NED,DF,Go Ahead Eag,24,1998,2.5,138,24,81,54,4,0,138,0,0,,0,,61,267,165,3,1,0,4,0,77,0,Matchs
39,Remco Balk,nl NED,"AT,MT",Cambuur,21,2001,13.2,533,13,102,178,265,35,533,35,11,31.4,16,45.7,307,2177,959,27,21,8,26,13,331,114,Matchs
40,Radinio Balker,sr SUR,DF,Groningen,23,1998,29.4,1923,246,966,887,82,21,1923,21,13,61.9,8,38.1,1159,7345,4319,41,16,0,27,15,1239,18,Matchs
41,Alex Bangura,sl SLE,DF,Cambuur,23,1999,27.2,1531,80,547,667,346,39,1531,42,24,57.1,7,16.7,880,6198,3552,91,52,11,37,12,891,115,Matchs
42,Yusuf Barasi,tr TUR,"AT,MT",AZ Alkmaar,19,2003,2.1,103,4,8,31,65,17,103,7,2,28.6,4,57.1,64,302,103,4,3,1,6,3,76,18,Matchs
43,Vasilios Barkas,gr GRE,GB,Utrecht,28,1994,32.0,1094,968,1086,10,0,0,1094,0,0,,0,,600,3663,2338,0,0,0,0,0,453,0,Matchs
44,Cole Bassett,us USA,"MT,AT",Fortuna Sittard,21,2001,2.2,127,3,14,66,48,10,127,4,1,25.0,2,50.0,74,338,188,3,3,0,5,5,74,8,Matchs
45,Cole Bassett,us USA,AT,Feyenoord,21,2001,0.1,5,0,0,3,2,1,5,0,0,,0,,3,15,5,0,0,0,0,0,5,0,Matchs
46,Calvin Bassey,ng NGA,DF,Ajax,22,1999,20.1,1753,104,605,895,267,27,1753,13,9,69.2,2,15.4,1147,6122,3317,41,30,2,23,6,1232,76,Matchs
47,Riechedly Bazoer,nl NED,"MT,DF",AZ Alkmaar,25,1996,3.7,294,10,46,162,88,13,294,7,4,57.1,3,42.9,175,789,368,4,4,0,9,4,203,23,Matchs
48,Mads Bech Sørensen,dk DEN,DF,Groningen,23,1999,10.1,646,101,302,305,44,9,646,2,1,50.0,0,0.0,383,2317,1323,6,5,0,5,1,398,2,Matchs
49,Sven van Beek,nl NED,DF,Heerenveen,28,1994,15.0,1084,146,574,438,78,18,1084,7,3,42.9,4,57.1,592,3531,2062,19,15,1,10,2,704,14,Matchs
50,Mike van Beijnen,nl NED,DF,Fortuna Sittard,23,1999,0.1,9,0,4,2,3,0,9,1,0,0.0,1,100.0,3,21,0,0,0,0,0,0,4,1,Matchs
Clt,Joueur,Nation,Pos,Équipe,Âge,Naissance,90,Touches,SurfRépDéf,ZDéf,MilTer,ZOff,SurfRépOff,Action de jeu,Att,Succ,Succ%,Tkld,Tkld%,Balle au pied,TotDist,DistBut,PrgC,1/3,CSR,Manqué,Perte,Rec,PrgR,Matchs
51,Jan Bekkema,nl NED,GB,Heerenveen,26,1996,0.0,2,2,2,0,0,0,2,0,0,,0,,0,0,0,0,0,0,0,0,0,0,Matchs
52,Iliass Bel Hassani,ma MAR,"MT,AT",RKC Waalwijk,29,1992,14.9,782,17,103,315,373,43,782,49,29,59.2,17,34.7,472,3141,1732,59,32,14,32,21,531,104,Matchs
53,Benaissa Benamar,ma MAR,"DF,MT",Volendam,25,1997,22.8,1199,148,566,554,85,10,1199,12,8,66.7,4,33.3,603,2749,1102,6,5,1,14,5,663,13,Matchs
54,Mimeirhel Benita,nl NED,DF,Feyenoord,18,2003,0.6,45,2,10,24,11,1,45,1,1,100.0,0,0.0,11,96,59,1,0,1,0,1,18,4,Matchs
55,Walter Benítez,ar ARG,GB,PSV Eindhoven,29,1993,30.0,896,773,892,6,0,0,896,0,0,,0,,490,2400,1476,0,0,0,0,0,409,0,Matchs
56,Martijn Berden,nl NED,"AT,MT",Go Ahead Eag,25,1997,0.9,45,2,9,11,26,6,45,4,1,25.0,3,75.0,19,135,67,3,4,0,4,2,23,5,Matchs
57,Thom van Bergen,nl NED,"AT,DF",Groningen,18,2004,4.1,164,9,37,73,55,11,164,7,6,85.7,1,14.3,68,286,108,3,1,1,8,3,76,21,Matchs
58,Steven Berghuis,nl NED,"MT,AT",Ajax,30,1991,23.3,1970,20,167,877,940,98,1969,38,17,44.7,20,52.6,1292,5777,2418,53,60,15,30,27,1528,165,Matchs
59,Leon Bergsma,nl NED,DF,Cambuur,25,1997,20.4,1343,223,729,591,35,11,1343,5,5,100.0,0,0.0,781,5167,3318,20,12,0,6,2,870,2,Matchs
60,Steven Bergwijn,nl NED,"AT,MT",Ajax,24,1997,26.0,1551,6,93,479,1003,200,1551,86,39,45.3,34,39.5,1114,7306,3916,142,103,61,49,41,1282,319,Matchs
61,Lucas Bernadou,fr FRA,MT,Emmen,21,2000,21.0,1228,43,253,708,283,18,1228,40,20,50.0,19,47.5,672,3566,1659,30,25,5,30,18,810,44,Matchs
62,Matúš Bero,sk SVK,"MT,AT",Vitesse,26,1995,30.5,1618,37,243,797,596,89,1617,72,22,30.6,43,59.7,796,3664,1572,43,29,18,74,42,1006,165,Matchs
63,Vicente Besuijen,nl NED,"AT,MT",Excelsior,21,2001,0.7,37,1,6,12,20,2,37,2,1,50.0,1,50.0,20,153,70,2,0,0,3,0,21,8,Matchs
64,Sam Beukema,nl NED,DF,AZ Alkmaar,23,1998,24.4,1909,257,847,986,88,29,1909,5,4,80.0,1,20.0,1242,7824,5231,44,11,2,8,3,1361,7,Matchs
65,Bartosz Białek,pl POL,AT,Vitesse,20,2001,17.0,496,17,38,193,267,83,496,36,15,41.7,19,52.8,282,996,291,9,10,10,54,22,369,75,Matchs
66,Mika Biereth,dk DEN,"AT,MT",RKC Waalwijk,19,2003,3.4,138,3,14,37,89,33,138,7,4,57.1,2,28.6,89,592,176,6,7,1,26,9,108,29,Matchs
67,Justin Bijlow,nl NED,GB,Feyenoord,24,1998,25.0,867,738,860,7,0,0,867,0,0,,0,,580,3039,1783,0,0,0,0,0,453,0,Matchs
68,Kristijan Bistrović,hr CRO,MT,Fortuna Sittard,24,1998,12.8,623,28,139,320,172,10,623,26,15,57.7,11,42.3,319,1586,692,17,8,4,14,4,371,22,Matchs
69,Daley Blind,nl NED,DF,Ajax,32,1990,10.5,1212,53,283,683,253,26,1212,8,4,50.0,2,25.0,818,4025,2541,33,28,1,7,7,929,46,Matchs
70,Thijmen Blokzijl,nl NED,DF,Groningen,17,2005,13.1,833,77,415,382,37,10,833,1,1,100.0,0,0.0,522,3287,1945,18,13,0,1,0,558,2,Matchs
71,Jordi Blom,nl NED,AT,Volendam,20,2002,0.5,14,1,6,4,4,0,14,0,0,,0,,10,49,29,0,0,0,1,0,6,1,Matchs
72,Xander Blomme,be BEL,MT,Go Ahead Eag,20,2002,4.2,216,8,67,123,28,4,216,2,1,50.0,1,50.0,100,293,89,0,0,0,3,5,121,3,Matchs
73,Paweł Bochniewicz,pl POL,DF,Heerenveen,26,1996,32.3,2227,308,1085,1046,105,40,2227,10,3,30.0,4,40.0,1238,6438,3777,20,25,1,21,5,1371,7,Matchs
74,Jan de Boer,nl NED,GB,Groningen,22,2000,2.5,96,87,96,0,0,0,96,0,0,,0,,47,291,188,0,0,0,0,0,32,0,Matchs
75,Tom Boere,nl NED,AT,Cambuur,29,1992,6.8,204,9,22,105,79,26,204,1,1,100.0,0,0.0,99,371,123,7,4,2,24,9,155,30,Matchs
Clt,Joueur,Nation,Pos,Équipe,Âge,Naissance,90,Touches,SurfRépDéf,ZDéf,MilTer,ZOff,SurfRépOff,Action de jeu,Att,Succ,Succ%,Tkld,Tkld%,Balle au pied,TotDist,DistBut,PrgC,1/3,CSR,Manqué,Perte,Rec,PrgR,Matchs
76,Taylor Booth,us USA,"AT,MT",Utrecht,21,2001,17.3,891,16,131,388,391,29,891,74,25,33.8,35,47.3,547,3919,1639,56,53,11,52,22,615,105,Matchs
77,Olivier Boscagli,fr FRA,DF,PSV Eindhoven,24,1997,2.4,183,8,66,109,8,2,183,0,0,,0,,109,475,288,2,1,0,1,0,132,0,Matchs
78,Mohamed Bouchouari,be BEL,DF,Emmen,21,2000,19.3,1256,75,370,463,436,34,1256,45,19,42.2,22,48.9,638,4110,2031,59,41,14,36,16,657,135,Matchs
79,Othman Boussaid,be BEL,"AT,MT",Utrecht,22,2000,23.2,1270,27,217,605,466,48,1270,88,25,28.4,51,58.0,813,5278,2461,76,56,21,36,23,876,121,Matchs
80,Can Bozdogan,de GER,MT,Utrecht,21,2001,17.3,1075,33,198,587,304,25,1075,64,30,46.9,23,35.9,544,2936,1364,30,29,3,43,23,667,40,Matchs
81,Wout Brama,nl NED,MT,Twente,35,1986,2.3,176,7,44,99,34,2,176,2,0,0.0,2,100.0,69,252,104,2,3,0,2,2,100,2,Matchs
82,Mattijs Branderhorst,nl NED,GB,NEC Nijmegen,28,1993,2.0,64,60,64,0,0,0,64,0,0,,0,,35,195,103,0,0,0,0,0,32,0,Matchs
83,Jarrad Branthwaite,eng ENG,DF,PSV Eindhoven,20,2002,22.1,1515,169,679,798,50,24,1515,5,1,20.0,3,60.0,839,3757,1941,7,11,1,5,1,956,4,Matchs
84,Myron van Brederode,nl NED,AT,AZ Alkmaar,19,2003,13.3,680,7,61,226,409,75,680,73,40,54.8,27,37.0,470,2838,1526,59,35,24,43,24,493,158,Matchs
85,Michael Breij,nl NED,"AT,MT",Cambuur,25,1997,16.2,679,29,105,303,281,39,679,46,16,34.8,28,60.9,389,2323,1023,35,26,12,41,14,419,83,Matchs
86,Joshua Brenet,nl NED,DF,Twente,28,1994,27.9,1872,60,509,774,610,80,1872,81,41,50.6,35,43.2,991,5218,2592,70,45,16,67,23,1092,130,Matchs
87,Brian Brobbey,nl NED,AT,Ajax,20,2002,18.3,542,10,23,184,338,180,542,22,8,36.4,13,59.1,316,1506,454,14,10,14,47,22,415,154,Matchs
88,Ilias Bronkhorst,nl NED,"AT,DF",NEC Nijmegen,25,1997,0.6,26,2,5,10,11,2,26,0,0,,0,,16,58,7,0,0,0,1,2,18,3,Matchs
89,Patrick Brouwer,nl NED,"AT,MT",Sparta R'dam,21,2001,0.0,1,0,0,1,0,0,1,0,0,,0,,0,0,0,0,0,0,0,0,1,0,Matchs
90,Luuk Brouwers,nl NED,MT,Utrecht,24,1998,18.0,992,50,255,594,153,18,992,12,3,25.0,5,41.7,448,2288,1048,18,19,5,11,6,608,26,Matchs
91,Jordy Bruijn,nl NED,"MT,AT",NEC Nijmegen,26,1996,6.4,315,9,50,180,89,23,314,14,5,35.7,7,50.0,178,952,408,7,6,1,14,7,206,23,Matchs
92,Jeffrey Bruma,nl NED,DF,Heerenveen,30,1991,7.3,446,70,228,206,14,6,446,2,2,100.0,0,0.0,285,1980,1032,3,2,0,6,3,293,0,Matchs
93,Max Bruns,nl NED,"DF,MT",Twente,19,2002,4.8,317,26,150,153,15,3,317,3,1,33.3,2,66.7,181,1167,679,8,2,1,4,5,194,2,Matchs
94,Charles-Andréas Brym,ca CAN,"AT,DF",Sparta R'dam,23,1998,0.1,8,0,1,3,4,0,8,1,0,0.0,1,100.0,8,34,12,1,1,0,1,3,7,1,Matchs
95,Thomas Buitink,nl NED,"AT,DF",Vitesse,22,2000,1.4,42,3,9,15,19,2,42,4,2,50.0,2,50.0,25,129,42,2,2,0,6,3,29,10,Matchs
96,Thomas Buitink,nl NED,"AT,MT",Fortuna Sittard,22,2000,4.1,152,5,28,66,59,14,152,18,9,50.0,7,38.9,87,386,144,6,1,3,13,6,102,13,Matchs
97,Ezequiel Bullaude,ar ARG,"MT,AT",Feyenoord,21,2000,1.7,90,1,6,44,41,12,90,8,5,62.5,3,37.5,56,282,96,2,2,0,2,6,60,13,Matchs
98,Lorenzo Burnet,nl NED,DF,Emmen,31,1991,14.7,831,71,271,384,188,6,831,17,7,41.2,8,47.1,387,1765,834,24,16,4,25,13,420,49,Matchs
99,Oskar Buur,dk DEN,"DF,MT",Volendam,24,1998,9.1,371,25,114,151,113,16,371,14,6,42.9,7,50.0,159,990,393,8,2,1,14,6,148,32,Matchs
100,Zico Buurmeester,nl NED,MT,AZ Alkmaar,20,2002,0.7,54,2,17,22,15,3,54,3,0,0.0,3,100.0,36,83,15,0,1,0,1,1,37,1,Matchs
Clt,Joueur,Nation,Pos,Équipe,Âge,Naissance,90,Touches,SurfRépDéf,ZDéf,MilTer,ZOff,SurfRépOff,Action de jeu,Att,Succ,Succ%,Tkld,Tkld%,Balle au pied,TotDist,DistBut,PrgC,1/3,CSR,Manqué,Perte,Rec,PrgR,Matchs
101,Gianmarco Cangiano,it ITA,"MT,AT",Fortuna Sittard,20,2001,0.6,38,0,4,21,13,2,38,2,1,50.0,1,50.0,24,117,70,1,2,0,3,1,31,1,Matchs
102,Joel Castro Pereira,pt POR,GB,RKC Waalwijk,26,1996,2.0,89,86,89,0,0,0,89,0,0,,0,,55,331,215,0,0,0,0,0,34,0,Matchs
103,Václav Černý,cz CZE,AT,Twente,24,1997,26.5,1736,7,133,637,990,149,1736,126,64,50.8,48,38.1,1061,7939,4047,144,97,53,67,29,1205,290,Matchs
104,Matěj Chaluš,cz CZE,DF,Groningen,24,1998,4.4,309,24,151,148,10,4,309,1,0,0.0,1,100.0,175,1004,543,2,0,0,1,2,194,1,Matchs
105,Jasper Cillessen,nl NED,GB,NEC Nijmegen,33,1989,32.0,1211,1045,1203,8,0,0,1211,0,0,,0,,710,3891,2755,0,0,0,2,0,489,0,Matchs
106,Ibrahim Cissoko,nl NED,AT,NEC Nijmegen,19,2003,9.5,434,5,42,150,246,67,434,68,25,36.8,27,39.7,325,2907,1788,65,43,34,29,9,337,101,Matchs
107,Jordy Clasie,nl NED,MT,AZ Alkmaar,31,1991,32.2,2348,104,513,1454,400,9,2348,24,14,58.3,6,25.0,1348,5963,2778,32,49,1,20,21,1550,26,Matchs
108,Pelle Clement,nl NED,MT,RKC Waalwijk,26,1996,26.3,1317,60,267,605,472,64,1317,68,28,41.2,36,52.9,721,4484,2446,57,42,12,53,35,855,112,Matchs
109,Denilho Cleonise,nl NED,AT,Twente,20,2001,2.7,101,0,2,41,59,9,101,11,5,45.5,4,36.4,70,528,290,11,9,4,7,10,83,20,Matchs
110,Antoine Colassin,be BEL,"AT,MT",Heerenveen,21,2001,8.3,420,18,81,175,167,32,420,23,9,39.1,14,60.9,209,1067,417,13,11,4,17,11,260,53,Matchs
111,Francisco Conceição,pt POR,"AT,MT",Ajax,19,2002,5.8,344,2,33,98,222,57,344,34,13,38.2,17,50.0,252,1964,1086,36,13,22,20,8,252,88,Matchs
112,Iñigo Córdoba,es ESP,"AT,MT",Fortuna Sittard,25,1997,25.4,1255,44,298,534,455,85,1255,88,39,44.3,38,43.2,727,5119,2615,93,60,19,50,38,767,134,Matchs
113,Enzo Cornelisse,nl NED,DF,Vitesse,19,2003,14.9,814,80,320,446,53,13,814,7,3,42.9,1,14.3,436,2250,1421,14,8,0,12,2,508,7,Matchs
114,George Cox,eng ENG,DF,Fortuna Sittard,24,1998,23.9,1282,92,482,515,303,23,1282,27,9,33.3,12,44.4,552,2866,1431,27,17,4,29,6,593,57,Matchs
115,Vito van Crooy,nl NED,AT,Sparta R'dam,26,1996,31.7,1543,36,202,651,704,80,1538,49,16,32.7,27,55.1,745,4068,1593,36,25,16,45,27,957,176,Matchs
116,Lennerd Daneels,be BEL,AT,RKC Waalwijk,24,1998,2.0,76,0,5,34,37,4,76,7,1,14.3,5,71.4,40,205,76,3,3,4,10,5,60,12,Matchs
117,Danilo,br BRA,AT,Feyenoord,23,1999,14.8,545,10,45,208,299,106,544,27,12,44.4,14,51.9,278,1001,371,8,3,5,37,21,364,83,Matchs
118,Damil Dankerlui,sr SUR,DF,Groningen,25,1996,8.7,523,30,167,223,137,11,523,17,6,35.3,9,52.9,254,1363,680,21,14,2,21,15,264,34,Matchs
119,Oussama Darfalou,dz ALG,"AT,MT",Emmen,28,1993,1.9,86,0,1,30,55,10,86,6,2,33.3,4,66.7,49,256,30,1,4,0,13,1,58,11,Matchs
120,Jeffrey De Lange,nl NED,GB,Go Ahead Eag,24,1998,34.0,1334,1177,1325,10,0,0,1334,2,2,100.0,0,0.0,796,3825,2182,0,1,0,0,0,652,0,Matchs
121,Mats Deijl,nl NED,DF,Go Ahead Eag,25,1997,31.2,1882,135,607,777,507,46,1882,31,17,54.8,10,32.3,806,3687,1623,33,21,3,21,15,937,89,Matchs
122,Maxim Dekker,nl NED,DF,AZ Alkmaar,18,2004,9.4,570,53,264,295,11,3,570,0,0,,0,,372,1950,1259,11,5,0,2,1,416,3,Matchs
123,Mickey van der Hart,nl NED,GB,Emmen,28,1994,25.0,943,830,942,2,0,0,943,1,1,100.0,0,0.0,524,2363,1287,0,0,0,0,0,441,0,Matchs
124,Mike van der Hoorn,nl NED,DF,Utrecht,29,1992,23.2,1586,211,774,746,72,46,1586,11,5,45.5,1,9.1,855,4053,2503,19,6,1,12,5,1051,6,Matchs
125,Djevencio van der Kust,sr SUR,DF,Utrecht,21,2001,6.4,351,18,105,148,101,11,351,7,1,14.3,4,57.1,178,1055,517,11,12,0,10,6,198,33,Matchs
Clt,Joueur,Nation,Pos,Équipe,Âge,Naissance,90,Touches,SurfRépDéf,ZDéf,MilTer,ZOff,SurfRépOff,Action de jeu,Att,Succ,Succ%,Tkld,Tkld%,Balle au pied,TotDist,DistBut,PrgC,1/3,CSR,Manqué,Perte,Rec,PrgR,Matchs
126,Mark van der Maarel,nl NED,DF,Utrecht,32,1989,24.3,1464,131,649,646,175,22,1464,2,0,0.0,2,100.0,619,2260,978,5,5,0,8,1,820,39,Matchs
127,Silvester van der Water,nl NED,"AT,MT",Cambuur,25,1996,13.2,551,13,80,239,244,26,551,44,13,29.5,23,52.3,322,1781,771,29,22,8,52,10,340,91,Matchs
128,Anthony Descotte,be BEL,"AT,MT",Utrecht,18,2003,1.2,34,0,2,13,19,5,34,3,2,66.7,1,33.3,25,184,70,3,1,2,5,3,27,8,Matchs
129,Mark Diemers,nl NED,"MT,AT",Emmen,28,1993,30.2,1954,16,206,918,860,40,1954,89,34,38.2,31,34.8,1242,7481,3200,83,82,12,76,41,1356,133,Matchs
130,Mitchell Dijks,nl NED,DF,Vitesse,29,1993,3.3,181,11,57,85,40,0,181,3,2,66.7,1,33.3,83,469,269,8,4,0,3,2,100,9,Matchs
131,Javairô Dilrosun,nl NED,"AT,MT",Feyenoord,24,1998,20.9,1059,25,95,355,627,71,1059,99,48,48.5,36,36.4,695,5128,2723,101,54,36,46,19,770,218,Matchs
132,Landry Dimata,be BEL,AT,NEC Nijmegen,24,1997,24.4,673,22,44,320,313,107,670,38,15,39.5,20,52.6,440,2292,767,26,16,15,73,49,560,112,Matchs
133,Julius Dirksen,nl NED,DF,Emmen,19,2003,15.6,1099,111,453,497,156,10,1099,10,5,50.0,4,40.0,529,2198,1025,8,5,1,15,5,571,19,Matchs
134,Toni Domgjoni,xk KVX,MT,Vitesse,23,1998,3.3,132,6,23,75,35,8,132,5,1,20.0,3,60.0,66,460,262,6,3,1,6,3,74,7,Matchs
135,Jacky Donkor,be BEL,"AT,MT",Excelsior,23,1998,0.7,55,2,10,20,26,2,55,6,3,50.0,2,33.3,30,172,102,3,1,0,5,0,27,10,Matchs
136,Bas Dost,nl NED,AT,Utrecht,33,1989,15.0,557,29,53,318,186,69,557,3,3,100.0,0,0.0,224,550,205,3,6,1,21,9,428,58,Matchs
137,Achraf Douiri,nl NED,"DF,AT",Volendam,22,1999,4.2,230,11,75,107,49,1,230,13,8,61.5,5,38.5,92,572,261,7,5,1,7,6,102,6,Matchs
138,Anastasios Douvikas,gr GRE,AT,Utrecht,22,1999,23.8,824,32,71,374,392,142,820,69,27,39.1,37,53.6,446,2175,732,35,19,15,101,52,597,152,Matchs
139,Couhaib Driouech,ma MAR,"AT,MT",Excelsior,20,2002,26.0,1063,46,215,406,459,80,1063,74,33,44.6,37,50.0,593,4430,2131,86,55,35,62,41,599,173,Matchs
140,Joel Drommel,nl NED,GB,PSV Eindhoven,25,1996,4.0,111,97,109,2,0,0,111,0,0,,0,,63,420,215,0,0,0,0,0,52,0,Matchs
141,Deroy Duarte,cv CPV,MT,Fortuna Sittard,23,1999,15.9,648,53,209,348,98,9,648,15,9,60.0,5,33.3,269,1227,462,10,7,3,7,5,298,22,Matchs
142,Laros Duarte,cv CPV,MT,Groningen,25,1997,20.0,960,47,203,528,243,9,960,35,16,45.7,17,48.6,512,2808,1374,20,34,3,21,13,590,26,Matchs
143,Mikkel Duelund,dk DEN,"MT,AT",NEC Nijmegen,25,1997,10.3,451,13,79,206,171,28,451,28,14,50.0,13,46.4,291,1884,663,15,15,1,35,21,320,44,Matchs
144,Billy van Duijl,nl NED,DF,Volendam,16,2005,1.7,96,15,60,37,1,0,96,1,1,100.0,0,0.0,54,376,266,3,1,0,0,0,65,0,Matchs
145,Mike van Duinen,nl NED,"AT,MT",Excelsior,30,1991,11.1,329,26,55,141,139,42,329,19,4,21.1,14,73.7,147,621,180,8,10,2,43,14,183,42,Matchs
146,Jorge Eduardo Sánchez,mx MEX,DF,Ajax,24,1997,12.3,908,41,250,366,303,45,908,33,11,33.3,18,54.5,497,2260,1126,21,14,6,25,8,526,67,Matchs
147,Oliver Edvardsen,no NOR,"AT,MT",Go Ahead Eag,23,1999,22.6,913,31,160,367,402,65,913,73,21,28.8,41,56.2,498,2472,1225,43,29,14,53,30,532,126,Matchs
148,Mike Eerdhuijzen,nl NED,DF,Sparta R'dam,22,2000,13.1,1049,150,536,481,39,13,1049,8,4,50.0,1,12.5,639,3297,1933,9,9,1,5,2,694,5,Matchs
149,Joshua Eijgenraam,nl NED,MT,Excelsior,21,2001,6.6,284,20,103,162,23,5,284,2,2,100.0,0,0.0,138,602,315,3,2,1,12,6,156,7,Matchs
150,Carel Eiting,nl NED,MT,Volendam,24,1998,33.7,1559,84,302,723,550,44,1559,34,14,41.2,16,47.1,592,2837,1402,33,42,8,38,25,682,75,Matchs
Clt,Joueur,Nation,Pos,Équipe,Âge,Naissance,90,Touches,SurfRépDéf,ZDéf,MilTer,ZOff,SurfRépOff,Action de jeu,Att,Succ,Succ%,Tkld,Tkld%,Balle au pied,TotDist,DistBut,PrgC,1/3,CSR,Manqué,Perte,Rec,PrgR,Matchs
151,Úmaro Embaló,pt POR,"AT,MT",Fortuna Sittard,21,2001,16.3,579,16,115,192,283,59,579,56,24,42.9,26,46.4,353,2431,1165,45,17,20,47,29,366,126,Matchs
152,Mario Engels,de GER,"AT,DF",Sparta R'dam,28,1993,0.6,31,0,0,6,25,12,31,5,2,40.0,2,40.0,19,101,41,2,0,3,6,5,19,7,Matchs
153,Doğan Erdoğan,tr TUR,"MT,DF",Fortuna Sittard,25,1996,18.8,969,65,303,532,143,3,969,25,17,68.0,6,24.0,465,2242,1103,10,5,0,20,17,529,23,Matchs
154,Luca Everink,nl NED,"DF,AT",Twente,21,2001,0.6,51,2,23,11,17,0,51,1,0,0.0,1,100.0,20,39,10,0,0,0,1,1,21,3,Matchs
155,Håkon Evjen,no NOR,AT,AZ Alkmaar,22,2000,5.7,264,7,29,86,151,17,264,12,5,41.7,6,50.0,163,913,329,13,8,4,10,7,176,37,Matchs
156,Milan van Ewijk,nl NED,DF,Heerenveen,21,2000,34.0,1953,126,665,783,539,53,1953,72,27,37.5,35,48.6,978,6458,3232,83,61,12,58,17,1021,170,Matchs
157,Raphaël Eyongo,nl NED,"AT,MT",Excelsior,19,2003,0.9,30,2,3,14,14,5,30,3,3,100.0,0,0.0,15,67,23,1,0,1,7,1,19,6,Matchs
158,Andri Fannar Baldursson,is ISL,MT,NEC Nijmegen,20,2002,2.4,130,11,59,64,9,2,130,5,5,100.0,0,0.0,69,310,99,1,1,0,1,0,70,0,Matchs
159,Adrian Fein,de GER,MT,Excelsior,23,1999,8.1,351,13,71,208,75,2,351,2,1,50.0,1,50.0,179,809,408,4,5,0,4,1,217,4,Matchs
160,Kevin Felida,cw CUW,MT,RKC Waalwijk,22,1999,0.8,47,2,11,20,17,2,47,2,1,50.0,1,50.0,25,140,47,0,0,0,1,0,34,1,Matchs
161,Arianit Ferati,xk KVX,MT,Fortuna Sittard,24,1997,16.4,908,45,265,487,167,10,908,34,20,58.8,10,29.4,513,2680,1204,21,18,1,17,16,533,35,Matchs
162,Derensili Fernandes,nl NED,"AT,DF",Utrecht,21,2001,0.5,36,0,2,6,28,0,36,2,0,0.0,2,100.0,23,196,114,3,2,0,0,2,29,8,Matchs
163,Rashaan Fernandes,nl NED,"MT,AT",Go Ahead Eag,23,1998,8.0,382,5,55,142,192,18,382,20,7,35.0,8,40.0,226,1509,769,23,22,5,16,12,246,54,Matchs
164,Kian Fitz-Jim,nl NED,"MT,DF",Ajax,19,2003,0.2,22,1,2,14,6,0,22,0,0,,0,,18,64,20,0,1,0,0,0,18,3,Matchs
165,Ryan Flamingo,nl NED,"DF,MT",Vitesse,19,2002,29.8,1773,177,669,893,220,61,1773,25,10,40.0,13,52.0,865,4186,2274,18,20,1,24,16,1001,22,Matchs
166,Josh Flint,eng ENG,DF,Volendam,21,2000,7.8,391,51,183,180,30,5,391,6,3,50.0,2,33.3,162,707,355,2,6,1,3,2,195,6,Matchs
167,Fodé Fofana,nl NED,AT,PSV Eindhoven,19,2002,0.2,6,0,0,4,2,1,6,2,1,50.0,1,50.0,3,30,23,1,0,0,0,1,5,2,Matchs
168,José Fontán,es ESP,DF,Go Ahead Eag,22,2000,12.3,736,96,358,281,102,8,736,4,3,75.0,1,25.0,362,1843,1148,18,9,0,4,2,418,17,Matchs
169,Navarone Foor,nl NED,"MT,AT",Cambuur,30,1992,13.8,722,14,108,295,321,36,722,45,20,44.4,20,44.4,404,2336,998,33,16,8,29,14,449,98,Matchs
170,Juriën Gaari,cw CUW,DF,RKC Waalwijk,28,1993,32.4,2000,306,1073,810,139,12,2000,26,13,50.0,10,38.5,1154,7186,3885,37,23,2,24,16,1169,27,Matchs
171,Cody Gakpo,nl NED,AT,PSV Eindhoven,23,1999,12.5,702,9,41,209,462,79,700,62,26,41.9,25,40.3,413,2753,1335,53,31,30,39,18,476,147,Matchs
172,Stijn van Gassel,nl NED,GB,Excelsior,25,1996,33.7,1376,1252,1372,4,0,0,1376,2,2,100.0,0,0.0,761,4014,2589,0,0,0,1,0,610,0,Matchs
173,Lutsharel Geertruida,nl NED,"DF,MT",Feyenoord,22,2000,28.6,2257,106,568,1380,321,33,2257,33,17,51.5,10,30.3,1516,8342,4900,64,40,5,22,15,1669,48,Matchs
174,Liam van Gelderen,nl NED,"DF,MT",Groningen,21,2001,11.9,728,55,220,340,178,16,728,32,17,53.1,14,43.8,345,2068,931,18,17,5,29,6,355,53,Matchs
175,Anwar El Ghazi,nl NED,AT,PSV Eindhoven,27,1995,13.1,661,5,56,238,372,67,661,55,23,41.8,28,50.9,374,2329,1124,41,25,16,35,14,507,138,Matchs
Clt,Joueur,Nation,Pos,Équipe,Âge,Naissance,90,Touches,SurfRépDéf,ZDéf,MilTer,ZOff,SurfRépOff,Action de jeu,Att,Succ,Succ%,Tkld,Tkld%,Balle au pied,TotDist,DistBut,PrgC,1/3,CSR,Manqué,Perte,Rec,PrgR,Matchs
176,Santiago Giménez,mx MEX,AT,Feyenoord,21,2001,21.4,574,4,20,193,371,172,574,58,14,24.1,39,67.2,364,1926,774,31,18,24,75,28,448,129,Matchs
177,Marco van Ginkel,nl NED,MT,Vitesse,29,1992,11.9,580,21,67,328,188,29,580,10,3,30.0,6,60.0,298,1185,415,9,13,1,18,6,405,32,Matchs
178,Marco van Ginkel,nl NED,DF,PSV Eindhoven,29,1992,0.1,3,0,1,0,2,1,3,0,0,,0,,1,3,0,0,0,0,0,0,1,1,Matchs
179,Paul Gladon,nl NED,"AT,MT",Fortuna Sittard,30,1992,15.4,571,26,59,278,235,85,570,15,2,13.3,11,73.3,258,891,268,13,9,8,39,15,423,81,Matchs
180,Mika Godts,be BEL,AT,Ajax,17,2005,0.2,22,0,1,3,18,6,22,1,0,0.0,1,100.0,18,251,160,8,2,3,0,0,19,7,Matchs
181,Wouter Goes,nl NED,DF,AZ Alkmaar,18,2004,7.3,540,44,250,283,9,5,540,6,5,83.3,0,0.0,360,2362,1676,8,3,0,5,2,401,0,Matchs
182,Kenzo Goudmijn,nl NED,MT,Excelsior,20,2001,31.2,1416,30,232,749,461,60,1416,95,47,49.5,39,41.1,878,5293,2344,62,44,14,69,39,947,152,Matchs
183,Florian Grillitsch,at AUT,"MT,DF",Ajax,26,1995,4.7,523,16,108,328,89,4,523,3,0,0.0,3,100.0,332,1590,644,6,9,0,4,2,383,13,Matchs
184,Metehan Güçlü,tr TUR,AT,Emmen,23,1999,0.1,6,0,0,2,4,1,6,1,0,0.0,0,0.0,4,7,5,0,0,0,1,0,5,2,Matchs
185,Rodrigo Guth,br BRA,DF,Fortuna Sittard,21,2000,33.4,1892,408,1224,614,66,25,1892,5,5,100.0,0,0.0,1038,6340,3533,16,9,0,16,3,1095,11,Matchs
186,Erick Gutiérrez,mx MEX,MT,PSV Eindhoven,27,1995,16.2,1177,39,251,786,148,19,1177,7,4,57.1,2,28.6,607,2618,1017,12,14,1,16,7,732,8,Matchs
187,Jonathan de Guzmán,nl NED,MT,Sparta R'dam,34,1987,15.5,883,38,238,518,136,7,883,14,6,42.9,6,42.9,456,2267,1119,18,9,3,27,11,540,13,Matchs
188,Tomáš Hájek,,"DF,AT",Vitesse,30,1991,1.9,123,15,58,61,7,3,123,0,0,,0,,64,274,137,0,2,1,2,0,64,0,Matchs
189,Rami Al Hajj,se SWE,"MT,AT",Heerenveen,20,2001,7.6,474,6,53,202,222,28,474,36,18,50.0,15,41.7,298,1658,640,15,17,4,25,14,351,54,Matchs
190,Tibor Halilović,hr CRO,MT,Heerenveen,27,1995,7.6,466,10,84,243,143,13,466,15,8,53.3,7,46.7,276,1606,654,13,18,3,15,9,322,22,Matchs
191,Dávid Hancko,sk SVK,DF,Feyenoord,24,1997,30.5,2615,228,1015,1368,255,66,2615,19,13,68.4,5,26.3,1697,9450,6326,63,40,3,29,8,1818,44,Matchs
192,Jeff Hardeveld,nl NED,DF,Emmen,27,1995,3.9,264,22,95,102,69,7,264,2,1,50.0,1,50.0,101,517,280,7,6,1,1,2,156,19,Matchs
193,Quilindschy Hartman,nl NED,DF,Feyenoord,20,2001,18.5,1375,41,312,731,345,37,1375,21,5,23.8,14,66.7,759,3196,1742,35,34,4,19,8,818,91,Matchs
194,Jorrel Hato,nl NED,DF,Ajax,16,2006,6.8,607,39,218,313,87,4,607,15,11,73.3,4,26.7,408,2116,1253,19,12,1,8,7,437,15,Matchs
195,Pantelis Hatzidiakos,gr GRE,DF,AZ Alkmaar,25,1997,30.9,2253,184,951,1064,252,27,2253,12,5,41.7,4,33.3,1375,6838,4090,43,30,3,22,5,1516,53,Matchs
196,Thom Haye,id IDN,MT,Heerenveen,27,1995,30.2,2333,78,495,1346,525,10,2333,57,17,29.8,32,56.1,1248,6956,3783,62,64,4,33,21,1409,40,Matchs
197,Thorgan Hazard,be BEL,"AT,MT",PSV Eindhoven,29,1993,2.7,176,8,35,56,87,13,176,9,7,77.8,1,11.1,97,595,360,10,2,3,4,5,114,24,Matchs
198,Ramon Hendriks,nl NED,DF,Utrecht,21,2001,3.3,205,23,99,71,37,6,205,2,2,100.0,0,0.0,99,525,276,5,1,2,2,1,103,11,Matchs
199,Sam Hendriks,nl NED,MT,Cambuur,27,1995,0.1,6,0,2,2,2,0,6,0,0,,0,,3,11,0,0,0,0,4,0,2,1,Matchs
200,Michaël Heylen,be BEL,"DF,MT",Emmen,28,1994,3.7,245,37,130,103,12,3,245,0,0,,0,,130,760,438,3,1,0,2,3,144,3,Matchs
Clt,Joueur,Nation,Pos,Équipe,Âge,Naissance,90,Touches,SurfRépDéf,ZDéf,MilTer,ZOff,SurfRépOff,Action de jeu,Att,Succ,Succ%,Tkld,Tkld%,Balle au pied,TotDist,DistBut,PrgC,1/3,CSR,Manqué,Perte,Rec,PrgR,Matchs
201,Mees Hilgers,nl NED,DF,Twente,21,2001,22.6,1597,150,645,883,83,16,1597,16,11,68.8,5,31.3,1016,7151,4395,48,29,2,17,6,1050,13,Matchs
202,Mees Hoedemakers,nl NED,MT,Cambuur,24,1998,24.0,1481,81,374,874,245,18,1481,22,13,59.1,8,36.4,774,4045,1953,44,26,4,38,11,847,40,Matchs
203,Danny Hoesen,nl NED,AT,Emmen,31,1991,1.2,18,2,3,8,7,3,18,1,0,0.0,1,100.0,11,32,9,0,2,0,1,1,12,5,Matchs
204,Ki-Jana Hoever,nl NED,DF,PSV Eindhoven,20,2002,2.3,211,5,43,108,62,12,211,12,7,58.3,5,41.7,114,504,336,7,2,0,4,1,134,21,Matchs
205,Elias Hoff Melkersen,no NOR,AT,Sparta R'dam,19,2002,0.1,7,0,1,4,2,0,7,1,1,100.0,0,0.0,5,66,43,1,2,0,0,1,7,1,Matchs
206,Sydney van Hooijdonk,nl NED,AT,Heerenveen,22,2000,28.9,848,24,62,437,354,125,847,24,10,41.7,14,58.3,426,1558,480,16,15,11,51,22,650,130,Matchs
207,Siebe Horemans,be BEL,DF,Excelsior,24,1998,32.4,2027,178,796,830,426,51,2027,48,32,66.7,13,27.1,890,4526,2418,45,33,5,30,12,1003,109,Matchs
208,Jeroen Houwen,nl NED,GB,Vitesse,26,1996,2.2,81,60,81,0,0,0,81,0,0,,0,,50,310,203,0,0,0,0,0,40,0,Matchs
209,Johan Hove,no NOR,MT,Groningen,21,2000,16.3,896,29,167,486,253,28,896,17,16,94.1,1,5.9,376,1819,732,11,14,1,12,3,474,57,Matchs
210,Daan Huisman,nl NED,MT,Vitesse,20,2002,0.4,15,1,5,6,4,0,15,1,0,0.0,1,100.0,10,41,8,0,0,0,0,0,13,1,Matchs
211,Oussama Idrissi,ma MAR,AT,Feyenoord,26,1996,15.9,1101,10,71,362,679,105,1101,86,39,45.3,33,38.4,733,5111,2900,126,69,50,37,25,791,246,Matchs
212,Jay Idzes,id IDN,"DF,MT",Go Ahead Eag,22,2000,31.7,1856,310,1013,756,98,41,1856,7,5,71.4,2,28.6,929,4198,2394,8,9,0,14,1,1089,8,Matchs
213,Daleho Irandust,sy SYR,"AT,MT",Groningen,24,1998,8.3,366,12,59,147,165,39,366,35,21,60.0,14,40.0,231,1709,731,22,18,14,25,19,241,46,Matchs
214,Nicolas Isimat-Mirin,fr FRA,DF,Vitesse,30,1991,12.7,764,104,389,359,22,13,764,2,2,100.0,0,0.0,425,2619,1627,12,3,1,8,4,467,2,Matchs
215,Jamie Jacobs,nl NED,MT,Cambuur,24,1997,16.7,711,29,143,329,246,59,711,21,11,52.4,10,47.6,334,1479,771,22,11,6,33,19,397,70,Matchs
216,Alireza Jahanbakhsh,ir IRN,AT,Feyenoord,28,1993,13.6,895,16,66,344,500,55,895,54,28,51.9,22,40.7,552,3174,1778,57,37,10,26,18,625,166,Matchs
217,Dean James,nl NED,DF,Volendam,22,2000,4.8,232,22,88,88,63,4,232,9,1,11.1,7,77.8,105,654,385,10,6,0,8,7,102,17,Matchs
218,Roel Janssen,nl NED,DF,Fortuna Sittard,32,1990,0.7,42,8,32,8,2,0,42,0,0,,0,,13,30,8,0,0,0,1,0,12,0,Matchs
219,Victor Jensen,dk DEN,"AT,MT",Utrecht,22,2000,5.4,296,6,49,158,90,16,296,9,5,55.6,2,22.2,179,947,455,11,11,2,15,9,208,33,Matchs
220,Bjørn Johnsen,no NOR,AT,Cambuur,30,1991,9.7,298,25,34,152,114,40,297,8,4,50.0,4,50.0,134,336,114,3,2,1,38,5,208,40,Matchs
221,Darius Johnson,gd GRN,"AT,MT",Volendam,22,2000,0.1,8,0,1,0,7,2,8,1,1,100.0,0,0.0,6,64,40,2,1,0,0,1,7,0,Matchs
222,Miliano Jonathans,nl NED,"AT,MT",Vitesse,18,2004,1.5,102,0,10,36,57,10,102,6,3,50.0,2,33.3,72,528,244,6,8,1,2,4,75,25,Matchs
223,Fedde de Jong,nl NED,DF,AZ Alkmaar,19,2003,0.8,51,2,17,23,12,2,51,2,2,100.0,0,0.0,33,224,70,2,1,0,1,2,33,4,Matchs
224,Luuk de Jong,nl NED,AT,PSV Eindhoven,31,1990,19.4,727,27,62,313,356,124,725,13,5,38.5,8,61.5,338,1076,319,6,11,5,54,30,572,117,Matchs
225,Patrick Joosten,nl NED,AT,Groningen,26,1996,0.3,8,0,1,4,3,0,8,0,0,,0,,6,29,3,0,0,0,1,3,5,0,Matchs
Clt,Joueur,Nation,Pos,Équipe,Âge,Naissance,90,Touches,SurfRépDéf,ZDéf,MilTer,ZOff,SurfRépOff,Action de jeu,Att,Succ,Succ%,Tkld,Tkld%,Balle au pied,TotDist,DistBut,PrgC,1/3,CSR,Manqué,Perte,Rec,PrgR,Matchs
226,Florian Jozefzoon,sr SUR,"AT,MT",RKC Waalwijk,31,1991,10.4,383,1,38,125,227,59,383,40,16,40.0,21,52.5,230,1864,1117,41,29,14,32,10,267,80,Matchs
227,Mauro Júnior,br BRA,"DF,MT",PSV Eindhoven,23,1999,3.0,206,13,51,94,65,6,206,9,5,55.6,3,33.3,128,584,330,8,5,2,1,4,125,13,Matchs
228,Daniël van Kaam,nl NED,MT,Cambuur,22,2000,25.6,979,52,213,590,192,21,979,51,33,64.7,13,25.5,605,4057,1951,49,40,6,38,34,647,64,Matchs
229,Ibrahim El Kadiri,nl NED,"AT,MT",Volendam,20,2002,8.5,388,10,57,113,228,41,388,32,14,43.8,17,53.1,245,2071,1005,33,16,14,22,22,248,91,Matchs
230,Rami Kaib,tn TUN,"DF,AT",Heerenveen,25,1997,6.5,487,32,152,165,174,13,487,19,4,21.1,13,68.4,233,1313,496,16,11,1,18,6,261,48,Matchs
231,Yahya Kalley,se SWE,"DF,MT",Groningen,21,2001,1.4,78,6,35,27,18,0,78,5,3,60.0,2,40.0,22,207,123,3,1,1,4,2,27,3,Matchs
232,Daniel Karlsbakk,no NOR,"AT,MT",Heerenveen,19,2003,2.0,67,1,6,26,36,8,67,8,2,25.0,5,62.5,39,175,101,3,1,1,7,5,49,16,Matchs
233,Jesper Karlsson,se SWE,AT,AZ Alkmaar,24,1998,19.7,913,16,88,317,520,73,911,36,15,41.7,17,47.2,575,3426,1481,49,37,24,30,22,645,231,Matchs
234,Souffian El Karouani,ma MAR,DF,NEC Nijmegen,21,2000,32.1,1923,110,556,818,584,51,1923,85,32,37.6,47,55.3,1005,5880,3470,96,62,18,39,32,1072,215,Matchs
235,Neraysho Kasanwirjo,nl NED,"DF,MT",Groningen,20,2002,13.7,846,78,351,359,147,3,846,25,9,36.0,8,32.0,413,2646,1222,27,24,2,19,13,443,33,Matchs
236,Neraysho Kasanwirjo,nl NED,DF,Feyenoord,20,2002,1.6,143,7,44,82,18,4,143,1,0,0.0,0,0.0,86,406,194,2,0,1,0,4,100,4,Matchs
237,Fabian de Keijzer,nl NED,GB,Utrecht,22,2000,2.0,51,46,51,0,0,0,51,0,0,,0,,22,149,106,0,0,0,0,0,13,0,Matchs
238,Milos Kerkez,hu HUN,DF,AZ Alkmaar,18,2003,29.7,1903,86,504,807,611,70,1903,52,31,59.6,13,25.0,982,5481,2962,85,54,12,50,12,1131,196,Matchs
239,Reda Kharchouch,nl NED,AT,Excelsior,26,1995,13.7,516,21,37,227,255,62,515,13,5,38.5,7,53.8,256,1251,440,20,15,13,50,28,371,72,Matchs
240,Maikel Kieftenbeld,nl NED,MT,Emmen,32,1990,1.0,57,2,16,39,2,1,57,1,0,0.0,1,100.0,21,99,53,2,0,0,3,2,34,2,Matchs
241,Joshua Kitolano,no NOR,MT,Sparta R'dam,20,2001,29.5,1190,79,289,636,281,54,1190,45,24,53.3,18,40.0,593,2773,1324,29,26,6,51,22,640,60,Matchs
242,Mathias Kjølø,no NOR,MT,Twente,21,2001,11.2,668,25,130,368,176,9,668,9,1,11.1,3,33.3,375,1315,501,9,11,2,12,10,432,18,Matchs
243,Davy Klaassen,nl NED,MT,Ajax,29,1993,22.7,1058,34,165,478,421,95,1058,10,5,50.0,5,50.0,501,1834,556,8,8,2,20,17,676,66,Matchs
244,Sean Klaiber,sr SUR,DF,Utrecht,28,1994,24.8,1915,116,631,846,453,45,1915,44,22,50.0,20,45.5,901,4688,2194,42,35,4,46,17,1046,105,Matchs
245,Flip Klomp,nl NED,MT,Volendam,20,2001,0.1,8,1,2,5,1,0,8,0,0,,0,,2,4,0,0,0,0,0,0,2,0,Matchs
246,Ruben Kluivert,nl NED,DF,Utrecht,21,2001,4.8,389,55,204,180,6,2,389,1,1,100.0,0,0.0,229,1053,491,0,2,0,7,0,258,2,Matchs
247,Mats Köhlert,de GER,DF,Heerenveen,24,1998,29.9,2026,65,586,806,659,30,2026,73,34,46.6,32,43.8,1090,6696,3869,98,73,9,34,13,1231,175,Matchs
248,Orkun Kökçü,tr TUR,MT,Feyenoord,21,2000,30.0,2839,42,356,1598,918,53,2837,60,30,50.0,22,36.7,1822,9357,4726,91,77,10,58,44,2057,104,Matchs
249,Peer Koopmeiners,nl NED,"MT,AT",AZ Alkmaar,22,2000,1.1,79,6,18,43,19,2,79,1,0,0.0,1,100.0,40,112,38,0,1,0,0,2,45,4,Matchs
250,Peer Koopmeiners,nl NED,MT,Excelsior,22,2000,16.1,804,72,252,435,130,12,804,11,7,63.6,3,27.3,399,1661,688,9,12,2,19,18,401,28,Matchs
Clt,Joueur,Nation,Pos,Équipe,Âge,Naissance,90,Touches,SurfRépDéf,ZDéf,MilTer,ZOff,SurfRépOff,Action de jeu,Att,Succ,Succ%,Tkld,Tkld%,Balle au pied,TotDist,DistBut,PrgC,1/3,CSR,Manqué,Perte,Rec,PrgR,Matchs
251,Kacper Kozłowski,pl POL,"MT,AT",Vitesse,18,2003,23.2,1099,20,183,493,443,83,1099,124,48,38.7,67,54.0,671,4009,1961,57,28,15,70,38,729,129,Matchs
252,Joris Kramer,nl NED,DF,NEC Nijmegen,25,1996,12.9,807,104,427,351,32,14,807,3,2,66.7,1,33.3,451,2510,1098,3,2,1,2,2,510,3,Matchs
253,Michiel Kramer,nl NED,AT,RKC Waalwijk,33,1988,22.2,655,22,67,326,265,75,653,10,4,40.0,3,30.0,327,844,273,4,2,4,30,11,487,85,Matchs
254,Florian Krüger,de GER,"AT,MT",Groningen,23,1999,12.4,404,12,54,168,188,40,404,11,2,18.2,8,72.7,202,1287,741,29,23,8,21,11,266,69,Matchs
255,Mohammed Kudus,gh GHA,"AT,MT",Ajax,21,2000,19.9,965,14,85,407,508,125,965,146,91,62.3,43,29.5,699,4806,2066,66,45,23,61,64,738,148,Matchs
256,Roy Kuijpers,nl NED,"AT,MT",RKC Waalwijk,22,2000,4.2,213,1,8,70,137,19,213,22,9,40.9,11,50.0,152,1011,486,20,11,9,10,5,165,76,Matchs
257,Bas Kuipers,nl NED,DF,Go Ahead Eag,27,1994,21.2,1212,84,381,420,416,50,1212,27,9,33.3,17,63.0,516,2405,1283,39,26,10,25,14,594,108,Matchs
258,Zakaria Labyad,ma MAR,"AT,MT",Utrecht,29,1993,2.8,116,1,13,61,43,6,116,0,0,,0,,59,152,59,1,4,0,6,5,80,13,Matchs
259,Mayckel Lahdo,se SWE,AT,AZ Alkmaar,19,2002,6.2,344,3,42,97,213,38,344,39,22,56.4,15,38.5,239,1814,810,27,12,11,31,11,255,84,Matchs
260,Lazaros Lamprou,gr GRE,"AT,MT",Excelsior,24,1997,16.4,681,21,96,281,319,53,681,54,24,44.4,21,38.9,385,2828,1300,41,35,13,50,18,422,112,Matchs
261,Maurilio de Lannoy,nl NED,DF,Emmen,18,2003,0.2,20,1,4,5,11,2,20,2,1,50.0,1,50.0,7,27,9,0,0,0,1,0,9,5,Matchs
262,Terry Lartey Sanniez,nl NED,"DF,AT",NEC Nijmegen,25,1996,1.7,102,15,52,47,3,1,102,0,0,,0,,68,286,154,1,0,0,1,0,64,0,Matchs
263,Tobias Lauritsen,no NOR,AT,Sparta R'dam,24,1997,32.8,1058,40,70,490,505,172,1058,38,15,39.5,17,44.7,397,1480,671,24,15,8,57,28,805,133,Matchs
264,Barry Lauwers,nl NED,GB,Volendam,22,1999,1.0,37,35,37,0,0,0,37,0,0,,0,,18,97,53,0,0,0,0,0,11,0,Matchs
265,Richy Ledezma,us USA,MT,PSV Eindhoven,21,2000,1.5,112,5,17,72,25,0,112,4,3,75.0,0,0.0,68,387,177,3,3,0,1,1,86,1,Matchs
266,Peter Leeuwenburgh,nl NED,GB,Groningen,28,1994,7.5,309,267,309,0,0,0,309,0,0,,0,,154,724,413,0,0,0,0,0,121,0,Matchs
267,Julian Lelieveld,nl NED,DF,RKC Waalwijk,24,1997,29.2,1702,134,603,663,446,51,1702,20,11,55.0,7,35.0,781,3142,1679,28,29,7,25,13,939,117,Matchs
268,Isac Lidberg,se SWE,AT,Go Ahead Eag,23,1998,30.7,1045,39,79,424,548,147,1045,55,22,40.0,26,47.3,540,2731,948,41,24,17,98,45,777,214,Matchs
269,Evert Linthorst,nl NED,MT,Go Ahead Eag,22,2000,16.1,899,61,226,485,197,22,899,14,4,28.6,6,42.9,416,2002,934,16,17,1,11,5,520,32,Matchs
270,Enric Llansana,nl NED,MT,Go Ahead Eag,21,2001,12.5,708,34,193,379,143,8,708,17,11,64.7,5,29.4,318,1450,730,18,7,3,11,11,380,21,Matchs
271,Julen Lobete,es ESP,"AT,MT",RKC Waalwijk,21,2000,14.8,623,7,46,266,324,87,623,74,28,37.8,39,52.7,406,2428,927,31,25,16,69,37,485,127,Matchs
272,Chris Lokesa,be BEL,MT,RKC Waalwijk,17,2004,0.1,8,0,0,6,2,0,8,0,0,,0,,6,24,0,0,0,0,0,0,7,1,Matchs
273,Jason Lokilo,be BEL,AT,Sparta R'dam,23,1998,3.0,138,4,21,51,68,12,138,11,1,9.1,6,54.5,99,690,233,10,6,5,13,11,99,29,Matchs
274,Marcos López,pe PER,DF,Feyenoord,22,1999,8.9,666,39,183,335,154,18,666,8,3,37.5,4,50.0,354,1784,825,14,14,2,10,7,379,47,Matchs
275,Albert Lottin,fr FRA,MT,Utrecht,20,2001,0.2,17,0,4,6,8,1,17,5,2,40.0,3,60.0,9,65,38,0,0,0,2,2,7,1,Matchs
Clt,Joueur,Nation,Pos,Équipe,Âge,Naissance,90,Touches,SurfRépDéf,ZDéf,MilTer,ZOff,SurfRépOff,Action de jeu,Att,Succ,Succ%,Tkld,Tkld%,Balle au pied,TotDist,DistBut,PrgC,1/3,CSR,Manqué,Perte,Rec,PrgR,Matchs
276,Dano Lourens,nl NED,MT,Sparta R'dam,18,2004,0.0,0,0,0,0,0,0,0,0,0,,0,,0,0,0,0,0,0,0,0,0,0,Matchs
277,Lorenzo Lucca,it ITA,"AT,MT",Ajax,21,2000,1.7,87,0,3,19,65,32,87,2,0,0.0,2,100.0,46,138,55,2,0,2,11,5,75,25,Matchs
278,Ramon Lundqvist,se SWE,MT,Groningen,25,1997,3.8,150,7,28,64,61,12,150,7,2,28.6,4,57.1,65,287,100,3,6,0,11,4,78,14,Matchs
279,Thierry Lutonda,be BEL,DF,RKC Waalwijk,21,2000,27.8,1566,84,594,606,384,46,1566,111,51,45.9,51,45.9,788,4148,1951,48,28,16,59,50,843,135,Matchs
280,Arnaud Luzayadio,fr FRA,AT,Emmen,23,1999,0.5,20,0,3,5,12,1,20,0,0,,0,,8,49,15,2,0,0,3,0,12,3,Matchs
281,Isak Määttä,no NOR,"DF,AT",Groningen,20,2001,29.9,1589,85,470,682,463,47,1589,85,39,45.9,39,45.9,779,5324,3088,78,55,13,51,32,835,117,Matchs
282,Calvin Mac-Intosch,sr SUR,DF,Cambuur,32,1989,7.6,475,50,235,234,14,5,475,5,3,60.0,1,20.0,266,1365,796,2,2,0,4,2,286,1,Matchs
283,Noni Madueke,eng ENG,"AT,MT",PSV Eindhoven,20,2002,3.1,184,1,18,45,125,37,184,28,11,39.3,11,39.3,136,1213,799,36,15,18,11,3,143,59,Matchs
284,Naoki Maeda,jp JPN,AT,Utrecht,27,1994,2.9,134,8,19,36,79,11,134,10,3,30.0,5,50.0,65,485,214,9,5,4,8,2,94,37,Matchs
285,Lisandro Magallán,ar ARG,DF,Ajax,28,1993,0.2,14,3,9,4,1,1,14,0,0,,0,,4,9,1,0,0,0,0,0,5,0,Matchs
286,Mimoun Mahi,ma MAR,"MT,AT",Utrecht,28,1994,0.4,11,0,0,3,8,2,11,3,0,0.0,3,100.0,8,36,14,1,0,0,0,0,8,3,Matchs
287,Mimoun Mahi,ma MAR,"AT,MT",Cambuur,28,1994,5.9,284,19,52,121,118,20,284,28,10,35.7,12,42.9,179,1267,619,23,11,10,12,13,184,53,Matchs
288,Felix Mambimbi,ch SUI,"AT,MT",Cambuur,21,2001,3.3,136,6,23,48,67,11,136,12,1,8.3,10,83.3,93,542,280,12,7,6,13,9,97,29,Matchs
289,Million Manhoef,nl NED,"AT,MT",Vitesse,20,2002,25.8,1187,15,104,403,706,114,1187,146,51,34.9,81,55.5,772,5996,2917,100,72,47,100,58,809,244,Matchs
290,Elvis Manu,nl NED,AT,Groningen,28,1993,6.8,248,10,24,87,140,37,248,24,11,45.8,9,37.5,166,1119,567,21,15,14,25,19,178,55,Matchs
291,Jahnoah Markelo,nl NED,"MT,AT",Go Ahead Eag,19,2003,1.1,60,0,9,16,38,5,60,9,3,33.3,4,44.4,42,436,157,7,3,2,3,2,46,13,Matchs
292,Nathan Markelo,cw CUW,"DF,MT",Excelsior,23,1999,4.1,230,39,111,86,35,1,230,5,1,20.0,2,40.0,116,631,328,6,6,0,8,1,111,6,Matchs
293,Pedro David Rosendo Marques,pt POR,"AT,MT",NEC Nijmegen,24,1998,9.1,333,12,29,144,164,53,333,14,4,28.6,10,71.4,169,642,273,7,6,6,36,13,234,59,Matchs
294,Iván Márquez,es ESP,DF,NEC Nijmegen,28,1994,30.4,1888,321,1121,716,60,47,1888,3,3,100.0,0,0.0,1058,4876,2073,10,1,0,8,0,1216,4,Matchs
295,Bruno Martins Indi,nl NED,DF,AZ Alkmaar,30,1992,3.5,298,21,100,170,28,4,298,0,0,,0,,199,996,680,8,8,0,0,0,220,0,Matchs
296,Federico Mattiello,it ITA,"DF,MT",Go Ahead Eag,27,1995,1.1,93,4,27,29,41,3,93,8,3,37.5,4,50.0,40,307,145,6,5,1,4,1,42,8,Matchs
297,Magnus Mattsson,dk DEN,"AT,MT",NEC Nijmegen,23,1999,20.0,910,23,167,420,335,71,910,91,40,44.0,40,44.0,580,3057,1408,38,33,15,44,32,639,120,Matchs
298,Robin Maulun,fr FRA,"MT,AT",Cambuur,25,1996,3.9,262,2,32,131,104,3,262,9,6,66.7,2,22.2,156,883,387,12,12,0,7,2,174,24,Matchs
299,Philipp Max,de GER,DF,PSV Eindhoven,28,1993,11.3,726,19,172,339,221,16,726,8,2,25.0,4,50.0,411,2134,1242,37,26,5,6,3,461,84,Matchs
300,Xavier Mbuyamba,nl NED,DF,Volendam,20,2001,27.8,1568,213,742,750,90,42,1568,14,9,64.3,5,35.7,729,3576,1962,16,6,0,14,7,820,3,Matchs
Clt,Joueur,Nation,Pos,Équipe,Âge,Naissance,90,Touches,SurfRépDéf,ZDéf,MilTer,ZOff,SurfRépOff,Action de jeu,Att,Succ,Succ%,Tkld,Tkld%,Balle au pied,TotDist,DistBut,PrgC,1/3,CSR,Manqué,Perte,Rec,PrgR,Matchs
301,Mexx Meerdink,nl NED,"AT,MT",AZ Alkmaar,19,2003,2.0,71,2,3,28,41,12,71,4,2,50.0,1,25.0,37,128,31,1,1,1,5,1,53,15,Matchs
302,Aaron Meijers,nl NED,DF,Sparta R'dam,34,1987,3.3,268,13,87,110,72,2,268,6,2,33.3,1,16.7,142,810,342,9,7,0,1,2,151,18,Matchs
303,Rick Meijssen,nl NED,DF,Sparta R'dam,20,2002,0.5,25,3,15,10,1,1,25,1,0,0.0,1,100.0,13,84,61,1,0,0,0,0,14,0,Matchs
304,Rui Mendes,de GER,"AT,MT",Emmen,22,1999,15.7,473,5,66,157,259,76,473,47,11,23.4,34,72.3,263,1764,1120,45,25,20,34,15,304,89,Matchs
305,Ahmed El Messaoudi,ma MAR,"MT,AT",Emmen,26,1995,15.6,792,28,145,411,254,36,792,54,30,55.6,18,33.3,508,3033,1452,34,28,2,41,31,573,52,Matchs
306,Melle Meulensteen,nl NED,"MT,DF",Vitesse,23,1999,30.0,1952,151,703,1057,216,34,1952,36,21,58.3,11,30.6,1009,5132,2861,38,27,1,25,18,1203,19,Matchs
307,Daryl van Mieghem,nl NED,"AT,MT",Volendam,32,1989,20.9,851,19,131,375,360,43,851,35,15,42.9,14,40.0,471,2819,1361,38,32,9,37,23,530,118,Matchs
308,Djordje Mihailovic,us USA,"MT,AT",AZ Alkmaar,23,1998,6.0,302,7,44,144,120,24,302,7,3,42.9,4,57.1,157,888,372,12,8,6,23,5,188,36,Matchs
309,Sven Mijnans,nl NED,"MT,AT",Sparta R'dam,22,2000,16.4,874,29,163,398,318,48,874,23,10,43.5,9,39.1,476,2126,733,18,22,0,45,15,571,90,Matchs
310,Sven Mijnans,nl NED,"MT,AT",AZ Alkmaar,22,2000,12.9,725,12,103,345,284,47,725,22,16,72.7,6,27.3,377,1402,505,10,9,3,22,22,493,81,Matchs
311,Antoni Milambo,nl NED,MT,Feyenoord,17,2005,0.2,17,0,2,10,5,1,17,1,0,0.0,1,100.0,10,46,24,0,0,0,1,0,12,1,Matchs
312,Brett Minnema,nl NED,GB,Cambuur,20,2002,1.0,41,39,41,0,0,0,41,0,0,,0,,16,84,43,0,0,0,0,0,17,0,Matchs
313,Damon Mirani,nl NED,"DF,MT",Volendam,26,1996,29.0,1618,219,701,805,117,28,1618,1,0,0.0,0,0.0,730,3741,2053,17,7,0,11,10,888,13,Matchs
314,Virgil Misidjan,sr SUR,AT,Twente,29,1993,24.4,1349,7,114,402,853,124,1349,147,56,38.1,71,48.3,988,7915,4290,161,89,58,82,62,1076,309,Matchs
315,Xavier Mous,nl NED,GB,Heerenveen,26,1995,16.0,555,511,554,1,0,0,555,0,0,,0,,306,1523,839,0,1,1,0,0,249,0,Matchs
316,Robert Mühren,nl NED,"AT,MT",Volendam,33,1989,19.0,549,29,66,222,263,98,549,15,5,33.3,9,60.0,220,960,361,15,6,13,28,12,358,93,Matchs
317,Hans Mulder,nl NED,"MT,DF",RKC Waalwijk,35,1987,0.3,6,2,4,0,2,0,6,0,0,,0,,3,16,6,0,0,0,0,0,1,0,Matchs
318,Jeremy van Mullem,nl NED,MT,Sparta R'dam,23,1999,10.5,483,46,171,256,62,1,483,8,3,37.5,5,62.5,215,1049,435,6,6,0,13,4,230,6,Matchs
319,Derry Murkin,eng ENG,DF,Volendam,23,1999,31.8,1945,135,634,855,499,59,1945,78,37,47.4,36,46.2,882,6272,3364,99,73,29,46,20,908,150,Matchs
320,Anthony Musaba,nl NED,AT,NEC Nijmegen,21,2000,3.7,167,3,21,57,94,22,167,31,14,45.2,16,51.6,123,1250,712,25,14,13,11,9,128,36,Matchs
321,Nordin Musampa,nl NED,DF,Groningen,20,2001,5.6,293,38,135,114,47,4,293,8,1,12.5,6,75.0,125,581,232,2,2,0,5,2,129,5,Matchs
322,Phillipp Mwene,at AUT,DF,PSV Eindhoven,28,1994,18.8,1285,40,350,569,374,28,1285,21,8,38.1,11,52.4,653,3581,1571,41,24,6,25,6,745,100,Matchs
323,Younes Namli,dk DEN,"MT,AT",Sparta R'dam,28,1994,16.1,877,14,119,472,295,24,877,45,21,46.7,20,44.4,595,3705,1639,44,39,8,30,24,652,76,Matchs
324,Gerrit Nauber,de GER,DF,Go Ahead Eag,30,1992,12.5,689,128,373,280,40,14,689,1,1,100.0,0,0.0,349,1699,1023,3,3,0,3,1,384,6,Matchs
325,Noah Naujoks,nl NED,"MT,AT",Excelsior,20,2002,4.4,168,9,36,75,60,10,168,13,6,46.2,5,38.5,77,432,200,7,3,1,11,6,83,19,Matchs
Clt,Joueur,Nation,Pos,Équipe,Âge,Naissance,90,Touches,SurfRépDéf,ZDéf,MilTer,ZOff,SurfRépOff,Action de jeu,Att,Succ,Succ%,Tkld,Tkld%,Balle au pied,TotDist,DistBut,PrgC,1/3,CSR,Manqué,Perte,Rec,PrgR,Matchs
326,Noah Naujoks,nl NED,"AT,MT",Feyenoord,20,2002,0.2,6,0,0,4,2,0,6,1,0,0.0,1,100.0,3,17,1,0,0,0,1,2,4,2,Matchs
327,Ximo Navarro,es ESP,DF,Fortuna Sittard,32,1990,13.4,766,127,473,265,33,9,766,6,3,50.0,1,16.7,417,2263,1189,13,4,0,8,1,458,4,Matchs
328,Imran Nazih,ma MAR,MT,Volendam,16,2006,0.6,37,1,9,17,12,3,37,1,1,100.0,0,0.0,19,96,70,3,3,0,4,1,21,3,Matchs
329,Cyril Ngonge,be BEL,AT,Groningen,22,2000,7.3,297,8,47,114,142,29,297,29,19,65.5,10,34.5,172,1272,670,23,11,10,20,14,196,53,Matchs
330,Lars Nieuwpoort,nl NED,DF,RKC Waalwijk,27,1994,5.4,297,45,189,96,12,3,297,1,0,0.0,1,100.0,142,576,192,0,1,0,5,0,168,3,Matchs
331,Sven Nieuwpoort,nl NED,DF,Excelsior,29,1993,18.8,705,119,469,226,16,9,705,1,0,0.0,1,100.0,382,1515,630,1,1,0,2,0,433,0,Matchs
332,Andries Noppert,nl NED,GB,Heerenveen,28,1994,18.0,729,654,723,6,0,0,729,0,0,,0,,401,1817,1019,0,0,0,1,0,349,0,Matchs
333,Tijjani Noslin,nl NED,"AT,MT",Fortuna Sittard,23,1999,17.9,771,48,203,305,289,70,771,69,36,52.2,27,39.1,439,2785,1469,51,32,18,57,30,461,109,Matchs
334,Ché Nunnely,nl NED,"AT,MT",Heerenveen,23,1999,6.0,250,3,27,97,130,25,250,24,12,50.0,9,37.5,166,1391,661,31,16,7,12,9,179,41,Matchs
335,Armando Obispo,nl NED,DF,PSV Eindhoven,23,1999,19.1,1527,119,637,850,50,25,1527,6,3,50.0,2,33.3,891,4569,2759,15,12,1,7,2,1029,6,Matchs
336,Lucas Ocampos,ar ARG,AT,Ajax,28,1994,1.1,86,2,11,35,40,10,86,5,0,0.0,5,100.0,50,315,149,4,2,1,2,0,59,21,Matchs
337,Jens Odgaard,dk DEN,AT,AZ Alkmaar,23,1999,24.1,1045,33,125,456,474,108,1045,81,31,38.3,46,56.8,664,3978,1605,52,34,21,81,57,753,191,Matchs
338,Eric Oelschlägel,de GER,GB,Emmen,26,1995,9.0,389,342,388,1,0,0,389,0,0,,0,,228,1076,608,0,0,0,0,0,219,0,Matchs
339,Nick Olij,nl NED,GB,Sparta R'dam,26,1995,32.0,1387,1125,1371,18,0,0,1387,0,0,,0,,872,5102,3360,0,0,0,4,0,674,0,Matchs
340,Simon Olsson,se SWE,"MT,AT",Heerenveen,24,1997,24.0,1009,30,180,553,284,38,1009,46,27,58.7,18,39.1,561,2947,1384,31,19,1,35,32,668,76,Matchs
341,Fredrik Oppegard,no NOR,DF,PSV Eindhoven,19,2002,1.7,132,5,29,59,45,8,132,8,5,62.5,1,12.5,64,352,231,9,1,1,1,2,85,17,Matchs
342,Fredrik Oppegard,no NOR,DF,Go Ahead Eag,19,2002,4.4,238,22,101,93,47,2,238,8,7,87.5,0,0.0,123,673,364,11,6,1,6,2,120,14,Matchs
343,Ragnar Oratmangoen,id IDN,"MT,AT",Groningen,24,1998,12.3,808,33,182,438,201,18,808,44,22,50.0,20,45.5,467,3093,1363,23,28,5,34,16,481,43,Matchs
344,Gaetano Oristanio,it ITA,"MT,AT",Volendam,19,2002,21.6,780,12,122,299,384,89,780,119,51,42.9,53,44.5,506,4032,2055,72,46,27,81,57,520,132,Matchs
345,Alois Oroz,hr CRO,DF,Vitesse,21,2000,11.3,611,80,364,241,12,9,611,0,0,,0,,317,1326,525,2,3,0,4,1,363,1,Matchs
346,Yanick van Osch,nl NED,GB,Fortuna Sittard,25,1997,3.0,122,103,120,2,0,0,122,0,0,,0,,66,415,237,0,0,0,0,0,43,0,Matchs
347,Yassin Oukili,nl NED,MT,RKC Waalwijk,21,2001,20.5,981,38,261,474,260,33,981,37,20,54.1,14,37.8,533,2591,1140,24,26,4,48,22,575,65,Matchs
348,Bilal Ould-Chikh,ma MAR,"AT,MT",Volendam,25,1997,10.5,423,5,55,149,229,25,423,62,25,40.3,23,37.1,263,2516,1114,48,28,14,33,15,281,74,Matchs
349,Walid Ould-Chikh,ma MAR,"MT,AT",Volendam,22,1999,7.7,368,17,70,176,130,16,368,39,24,61.5,10,25.6,218,1649,719,23,19,6,22,13,224,31,Matchs
350,Sékou Oumar Sylla,gn GUI,DF,Cambuur,23,1999,2.5,147,13,65,62,23,2,147,3,2,66.7,1,33.3,90,634,397,8,5,0,1,1,97,8,Matchs
Clt,Joueur,Nation,Pos,Équipe,Âge,Naissance,90,Touches,SurfRépDéf,ZDéf,MilTer,ZOff,SurfRépOff,Action de jeu,Att,Succ,Succ%,Tkld,Tkld%,Balle au pied,TotDist,DistBut,PrgC,1/3,CSR,Manqué,Perte,Rec,PrgR,Matchs
351,Oğuzhan Özyakup,tr TUR,MT,Fortuna Sittard,29,1992,17.5,857,26,166,444,254,25,857,24,13,54.2,10,41.7,461,1839,840,16,24,4,14,22,577,55,Matchs
352,Fernando Pacheco Rivas,pe PER,"AT,MT",Emmen,23,1999,0.9,53,3,10,17,26,8,53,3,2,66.7,1,33.3,22,123,56,3,1,1,5,1,31,5,Matchs
353,Igor Paixão,br BRA,AT,Feyenoord,22,2000,14.0,674,16,57,216,409,80,674,56,20,35.7,29,51.8,452,2922,1615,64,34,30,48,21,489,174,Matchs
354,Ivor Pandur,hr CRO,GB,Fortuna Sittard,22,2000,31.0,1287,1150,1281,6,0,0,1287,0,0,,0,,714,3939,2192,0,0,0,0,0,529,0,Matchs
355,Remko Pasveer,nl NED,GB,Ajax,38,1983,15.0,608,445,593,14,1,0,608,0,0,,0,,404,2100,1276,0,1,0,0,0,370,1,Matchs
356,Mitchell Paulissen,nl NED,MT,Cambuur,29,1993,21.7,976,45,224,468,300,41,976,38,19,50.0,17,44.7,515,2861,1437,45,29,8,42,25,570,63,Matchs
357,Vangelis Pavlidis,gr GRE,AT,AZ Alkmaar,23,1998,20.8,904,17,63,396,456,153,903,66,24,36.4,38,57.6,484,2396,1027,40,18,27,77,52,668,169,Matchs
358,Deron Payne,nl NED,DF,Volendam,19,2002,1.2,67,5,22,23,22,0,67,5,2,40.0,2,40.0,23,135,54,0,0,0,0,0,22,4,Matchs
359,Marcus Pedersen,no NOR,DF,Feyenoord,22,2000,23.5,1407,76,331,627,464,66,1407,60,32,53.3,22,36.7,811,6081,3366,114,58,21,27,18,839,141,Matchs
360,Joey Pelupessy,nl NED,MT,Groningen,29,1993,14.8,614,42,169,348,99,6,614,7,3,42.9,3,42.9,255,1059,454,4,5,1,11,4,320,8,Matchs
361,Ricardo Pepi,us USA,AT,Groningen,19,2003,27.3,863,46,77,379,415,128,862,51,25,49.0,25,49.0,397,1955,564,26,9,16,81,23,529,128,Matchs
362,Vincent Pichel,nl NED,"MT,AT",Cambuur,20,2001,0.8,20,1,3,8,9,2,20,0,0,,0,,9,81,45,2,1,0,1,0,10,2,Matchs
363,Kik Pierie,nl NED,DF,Excelsior,22,2000,6.5,357,79,234,110,17,8,357,4,2,50.0,0,0.0,192,906,462,3,1,0,5,1,204,1,Matchs
364,Ivo Pinto,pt POR,DF,Fortuna Sittard,32,1990,25.7,1520,125,553,610,373,21,1520,57,24,42.1,31,54.4,729,5004,2574,70,55,7,33,17,779,69,Matchs
365,Michael Pinto,lu LUX,DF,Sparta R'dam,29,1993,30.7,2204,95,817,988,435,18,2204,46,23,50.0,14,30.4,1265,7688,4434,95,62,3,18,11,1424,99,Matchs
366,Brian Plat,nl NED,DF,Volendam,22,2000,24.4,1176,109,527,486,175,22,1176,29,8,27.6,16,55.2,483,2777,1112,27,14,3,38,23,447,42,Matchs
367,Julio Pleguezuelo,es ESP,DF,Twente,25,1997,13.3,880,103,414,431,43,18,880,11,7,63.6,2,18.2,447,2509,1229,9,5,1,9,1,494,0,Matchs
368,Romano Postema,nl NED,"MT,AT",Groningen,20,2002,0.4,18,0,1,10,7,2,18,0,0,,0,,12,38,19,0,0,0,2,1,12,4,Matchs
369,Dirk Proper,nl NED,MT,NEC Nijmegen,20,2002,30.6,1707,72,451,1015,258,45,1707,39,27,69.2,11,28.2,1026,4671,1882,20,21,5,44,15,1145,27,Matchs
370,Davy Pröpper,nl NED,MT,Vitesse,30,1991,1.0,67,4,14,35,18,2,67,2,0,0.0,2,100.0,27,109,35,0,1,0,0,2,31,1,Matchs
371,Robin Pröpper,nl NED,DF,Twente,28,1993,27.5,2072,193,882,1077,128,34,2072,16,7,43.8,8,50.0,1234,6344,3337,18,20,1,10,5,1358,6,Matchs
372,Stipe Radić,hr CRO,DF,Fortuna Sittard,22,2000,3.1,171,30,100,70,3,0,171,0,0,,0,,96,491,333,2,0,0,1,0,110,0,Matchs
373,André Ramalho,br BRA,DF,PSV Eindhoven,30,1992,20.4,1598,147,734,824,50,13,1598,1,0,0.0,1,100.0,937,4783,2935,11,10,0,8,1,1068,0,Matchs
374,Bart Ramselaar,nl NED,AT,Utrecht,26,1996,3.8,192,2,20,100,73,10,192,11,4,36.4,4,36.4,121,615,262,9,5,3,4,2,137,26,Matchs
375,Christian Rasmussen,dk DEN,AT,Ajax,19,2003,0.0,11,0,0,4,7,3,11,1,1,100.0,0,0.0,6,31,1,0,0,0,1,0,4,1,Matchs
Clt,Joueur,Nation,Pos,Équipe,Âge,Naissance,90,Touches,SurfRépDéf,ZDéf,MilTer,ZOff,SurfRépOff,Action de jeu,Att,Succ,Succ%,Tkld,Tkld%,Balle au pied,TotDist,DistBut,PrgC,1/3,CSR,Manqué,Perte,Rec,PrgR,Matchs
376,Jacob Rasmussen,dk DEN,DF,Feyenoord,25,1997,7.4,659,56,235,396,33,9,659,1,1,100.0,0,0.0,398,2089,1251,9,6,0,4,0,458,1,Matchs
377,Givairo Read,,DF,Volendam,,,0.1,4,1,2,2,0,0,4,0,0,,0,,1,0,0,0,0,0,0,0,0,0,Matchs
378,Daishawn Redan,nl NED,AT,Utrecht,21,2001,8.1,244,2,20,107,121,35,244,8,2,25.0,6,75.0,133,818,455,18,9,9,26,10,168,49,Matchs
379,Youri Regeer,nl NED,"DF,MT",Ajax,18,2003,0.1,19,1,6,9,4,0,19,0,0,,0,,7,22,7,0,0,0,0,0,7,0,Matchs
380,Gyan de Regt,nl NED,"AT,MT",Vitesse,19,2002,0.1,5,0,1,2,2,2,5,0,0,,0,,4,3,0,0,0,0,2,0,4,1,Matchs
381,Tijjani Reijnders,nl NED,MT,AZ Alkmaar,24,1998,33.8,2364,53,393,1199,811,72,2364,92,51,55.4,30,32.6,1490,9340,4476,100,92,26,51,31,1683,92,Matchs
382,Francisco Reis Ferreira,pt POR,DF,Vitesse,25,1997,6.2,415,35,183,212,23,15,415,1,1,100.0,0,0.0,200,963,653,4,1,0,0,2,266,2,Matchs
383,Daan Reiziger,nl NED,GB,Vitesse,21,2001,6.4,222,198,222,0,0,0,222,0,0,,0,,120,844,448,0,0,0,1,0,90,0,Matchs
384,Omar Rekik,tn TUN,"DF,MT",Sparta R'dam,20,2001,0.4,12,1,4,8,0,0,12,0,0,,0,,8,46,34,0,0,0,0,0,7,0,Matchs
385,Devyne Rensch,nl NED,DF,Ajax,19,2003,22.5,1699,43,418,781,509,55,1699,24,10,41.7,11,45.8,975,4184,2065,32,30,9,25,14,1118,142,Matchs
386,Ben Rienstra,nl NED,"MT,DF",Cambuur,32,1990,1.7,79,2,17,46,16,1,79,1,1,100.0,0,0.0,40,229,113,2,4,0,3,0,57,2,Matchs
387,Rocco Robert Shein,ee EST,MT,Utrecht,19,2003,1.3,100,1,17,63,22,0,100,3,2,66.7,1,33.3,46,283,104,2,1,1,1,1,70,4,Matchs
388,Ole Romeny,nl NED,"AT,MT",Emmen,22,2000,27.7,1120,39,156,507,477,82,1120,87,21,24.1,46,52.9,718,4144,1853,63,56,17,82,45,849,165,Matchs
389,Philippe Rommens,be BEL,MT,Go Ahead Eag,24,1997,27.5,1992,80,458,1052,489,25,1992,18,10,55.6,8,44.4,954,4571,2019,26,16,4,27,15,1157,37,Matchs
390,Bart van Rooij,nl NED,DF,NEC Nijmegen,21,2001,33.0,2046,121,695,922,442,34,2046,45,18,40.0,21,46.7,996,5232,2435,62,44,8,31,16,1084,135,Matchs
391,Rayvien Rosario,cw CUW,AT,Sparta R'dam,18,2004,0.0,0,0,0,0,0,0,0,0,0,,0,,0,0,0,0,0,0,0,0,0,0,Matchs
392,Daan Rots,nl NED,"AT,MT",Twente,21,2001,7.5,422,4,46,167,214,34,422,26,9,34.6,12,46.2,227,1234,535,15,14,5,12,11,288,67,Matchs
393,Robbin Ruiter,nl NED,GB,Cambuur,35,1987,16.0,783,692,778,6,0,0,783,4,4,100.0,0,0.0,429,2166,1115,0,0,0,2,0,378,0,Matchs
394,Gerónimo Rulli,ar ARG,GB,Ajax,30,1992,19.0,913,703,907,10,0,0,913,2,2,100.0,0,0.0,628,2734,1660,0,0,0,3,0,582,0,Matchs
395,Mathew Ryan,au AUS,GB,AZ Alkmaar,30,1992,18.0,614,519,607,6,1,1,614,0,0,,0,,373,1938,993,0,0,0,0,0,326,1,Matchs
396,Pim Saathof,nl NED,"MT,DF",Go Ahead Eag,18,2003,0.3,27,1,5,7,16,3,27,0,0,,0,,11,78,40,2,2,0,4,1,11,2,Matchs
397,Michal Sadílek,cz CZE,MT,Twente,23,1999,11.2,747,19,132,426,191,11,747,3,1,33.3,2,66.7,376,1735,902,19,15,4,10,9,492,27,Matchs
398,Modibo Sagnan,ml MLI,DF,Utrecht,23,1999,20.1,1260,201,698,544,24,11,1260,5,3,60.0,2,40.0,654,3041,1524,10,6,1,13,3,766,3,Matchs
399,Osame Sahraoui,no NOR,"AT,MT",Heerenveen,21,2001,12.4,674,6,57,279,360,62,674,105,55,52.4,40,38.1,503,3985,1989,67,51,28,44,34,547,122,Matchs
400,Ismael Saibari,ma MAR,AT,PSV Eindhoven,21,2001,4.6,302,4,43,111,150,37,302,21,8,38.1,10,47.6,198,1195,645,25,10,12,14,11,212,61,Matchs
Clt,Joueur,Nation,Pos,Équipe,Âge,Naissance,90,Touches,SurfRépDéf,ZDéf,MilTer,ZOff,SurfRépOff,Action de jeu,Att,Succ,Succ%,Tkld,Tkld%,Balle au pied,TotDist,DistBut,PrgC,1/3,CSR,Manqué,Perte,Rec,PrgR,Matchs
401,Koki Saito,jp JPN,AT,Sparta R'dam,20,2001,18.0,724,5,100,262,376,77,724,93,37,39.8,43,46.2,507,3551,1884,78,49,38,37,23,540,131,Matchs
402,Anass Salah-Eddine,nl NED,"MT,DF",Twente,20,2002,7.1,498,21,112,238,158,10,498,23,14,60.9,7,30.4,284,1782,825,14,19,2,14,18,320,45,Matchs
403,David Sambissa,ga GAB,"AT,MT",Cambuur,26,1996,5.6,306,13,57,96,156,21,306,33,6,18.2,24,72.7,173,1478,724,34,19,7,16,8,177,58,Matchs
404,Shurandy Sambo,nl NED,DF,Sparta R'dam,20,2001,25.6,1614,110,541,754,332,17,1614,37,16,43.2,15,40.5,829,4932,2174,55,50,2,36,19,910,92,Matchs
405,Alfons Sampsted,is ISL,DF,Twente,24,1998,5.1,399,18,123,175,104,7,399,5,1,20.0,3,60.0,206,893,501,8,10,0,12,1,229,23,Matchs
406,Philippe Sandler,nl NED,DF,NEC Nijmegen,25,1997,18.1,1264,185,627,585,59,25,1264,11,6,54.5,4,36.4,787,4471,2401,18,8,1,6,2,825,5,Matchs
407,Ibrahim Sangaré,ci CIV,MT,PSV Eindhoven,24,1997,25.6,1885,92,435,1101,378,47,1885,48,34,70.8,10,20.8,989,4756,2104,32,44,2,44,41,1217,37,Matchs
408,Mohamed Sankoh,nl NED,AT,Vitesse,18,2003,8.5,251,3,21,118,118,38,251,23,13,56.5,8,34.8,126,760,356,13,6,6,38,14,171,51,Matchs
409,Amin Sarr,se SWE,AT,Heerenveen,21,2001,18.2,679,10,38,288,361,83,677,66,27,40.9,32,48.5,429,3006,1460,61,45,26,58,29,522,138,Matchs
410,Sávio,br BRA,"AT,MT",PSV Eindhoven,18,2004,1.1,85,2,16,33,39,9,85,13,7,53.8,5,38.5,51,473,274,6,6,5,6,6,61,19,Matchs
411,Kjell Scherpen,nl NED,GB,Vitesse,22,2000,25.4,982,798,980,2,0,0,982,1,1,100.0,0,0.0,546,2901,1596,0,0,0,0,0,430,0,Matchs
412,Doke Schmidt,nl NED,DF,Cambuur,30,1992,18.5,1176,99,490,565,126,1,1176,6,2,33.3,4,66.7,490,2237,1230,16,13,1,4,3,549,8,Matchs
413,Ben Scholte,nl NED,MT,Emmen,20,2001,1.8,61,4,17,28,16,2,61,2,1,50.0,0,0.0,35,126,40,0,0,0,3,2,41,7,Matchs
414,Lasse Schöne,dk DEN,MT,NEC Nijmegen,36,1986,30.8,2086,101,492,1233,384,5,2086,35,19,54.3,14,40.0,1167,5631,2445,18,25,0,21,28,1271,24,Matchs
415,Youri Schoonderwaldt,nl NED,GB,Sparta R'dam,22,2000,2.0,48,43,48,0,0,0,48,0,0,,0,,31,132,71,0,0,0,0,0,25,0,Matchs
416,Jorg Schreuders,nl NED,DF,Groningen,17,2004,3.8,212,20,103,67,42,1,212,2,1,50.0,1,50.0,116,535,153,4,5,1,7,3,105,11,Matchs
417,Perr Schuurs,nl NED,DF,Ajax,22,1999,0.6,53,8,20,26,7,0,53,0,0,,0,,33,157,90,1,1,0,1,0,35,0,Matchs
418,Darío Serra,es ESP,AT,Go Ahead Eag,19,2003,0.5,19,0,1,7,11,5,19,2,2,100.0,0,0.0,13,177,137,5,3,3,1,1,13,2,Matchs
419,Mats Seuntjens,nl NED,AT,RKC Waalwijk,30,1992,17.4,857,22,104,414,355,66,857,100,52,52.0,43,43.0,579,4307,2030,71,53,29,53,28,647,112,Matchs
420,Mats Seuntjens,nl NED,"MT,AT",Fortuna Sittard,30,1992,10.7,455,11,69,233,160,17,455,36,12,33.3,19,52.8,265,1710,748,23,11,5,24,14,292,30,Matchs
421,Serano Seymor,nl NED,DF,Excelsior,20,2002,12.5,591,112,358,232,7,2,591,5,4,80.0,1,20.0,330,1628,768,5,0,0,6,0,339,1,Matchs
422,Aimar Sher,se SWE,"MT,AT",Groningen,19,2002,1.5,73,4,20,28,26,3,73,3,3,100.0,0,0.0,35,170,71,0,3,1,2,1,44,6,Matchs
423,Fábio Silva,pt POR,AT,PSV Eindhoven,20,2002,6.7,288,3,27,111,158,61,287,27,11,40.7,14,51.9,168,948,429,13,15,5,17,11,234,63,Matchs
424,Florent da Silva,fr FRA,MT,Volendam,19,2003,8.0,444,11,98,264,83,4,444,13,4,30.8,9,69.2,202,975,526,13,7,1,17,7,270,11,Matchs
425,Xavi Simons,nl NED,"AT,MT",PSV Eindhoven,19,2003,31.1,1619,10,154,689,819,143,1617,149,74,49.7,54,36.2,1015,8090,4446,148,111,52,122,57,1193,247,Matchs
Clt,Joueur,Nation,Pos,Équipe,Âge,Naissance,90,Touches,SurfRépDéf,ZDéf,MilTer,ZOff,SurfRépOff,Action de jeu,Att,Succ,Succ%,Tkld,Tkld%,Balle au pied,TotDist,DistBut,PrgC,1/3,CSR,Manqué,Perte,Rec,PrgR,Matchs
426,Dimitris Siovas,gr GRE,DF,Fortuna Sittard,33,1988,21.2,1205,198,666,489,54,30,1205,7,2,28.6,5,71.4,561,3094,1688,12,11,1,8,7,661,8,Matchs
427,Gijs Smal,nl NED,DF,Twente,24,1997,33.0,2696,82,679,1212,832,51,2696,42,18,42.9,17,40.5,1460,8271,4838,100,83,5,32,15,1669,195,Matchs
428,Floris Smand,nl NED,DF,Cambuur,19,2003,19.5,1271,214,729,532,15,7,1271,4,3,75.0,1,25.0,730,4544,2590,11,5,1,11,1,756,3,Matchs
429,Milan Smit,nl NED,"AT,MT",Cambuur,19,2003,4.4,159,3,7,68,85,17,159,12,4,33.3,7,58.3,99,568,221,8,5,2,11,6,118,36,Matchs
430,Vasileios Sourlis,gr GRE,MT,Fortuna Sittard,19,2002,0.2,15,2,2,11,2,1,15,0,0,,0,,7,44,2,0,0,0,2,0,6,1,Matchs
431,Sylla Sow,nl NED,"AT,MT",Go Ahead Eag,25,1996,5.9,281,2,20,106,159,35,281,26,12,46.2,13,50.0,160,1031,351,15,11,4,28,18,193,55,Matchs
432,Filip Stankovic,rs SRB,GB,Volendam,20,2002,33.0,1297,1096,1288,10,0,0,1297,0,0,,0,,642,3521,2179,0,0,0,2,0,465,0,Matchs
433,Casper Staring,nl NED,MT,Twente,21,2001,0.0,3,0,0,0,3,1,3,0,0,,0,,2,1,0,0,0,0,1,0,2,0,Matchs
434,Sem Steijn,nl NED,MT,Twente,20,2001,13.4,583,15,90,256,242,54,583,6,3,50.0,3,50.0,275,1183,471,15,10,4,20,8,345,53,Matchs
435,Finn Stokkers,nl NED,"AT,MT",Go Ahead Eag,26,1996,13.0,472,10,38,156,281,79,472,16,4,25.0,11,68.8,252,908,314,12,4,6,41,24,352,101,Matchs
436,Jørgen Strand Larsen,no NOR,AT,Groningen,22,2000,4.0,104,7,14,54,37,10,104,8,5,62.5,3,37.5,55,250,138,5,3,2,9,3,78,17,Matchs
437,Sander van de Streek,nl NED,MT,Utrecht,29,1993,24.6,1058,40,170,547,348,92,1058,32,12,37.5,16,50.0,499,2074,968,33,21,8,48,21,680,123,Matchs
438,Yukinari Sugawara,jp JPN,"DF,AT",AZ Alkmaar,22,2000,26.6,1760,77,509,737,526,44,1760,16,7,43.8,7,43.8,927,4211,1998,46,24,6,14,6,1114,148,Matchs
439,Tomáš Suslov,sk SVK,"MT,AT",Groningen,20,2002,23.6,1091,32,201,489,427,42,1091,114,52,45.6,46,40.4,621,3833,1580,42,28,10,78,44,613,68,Matchs
440,Marin Šverko,hr CRO,DF,Groningen,24,1998,2.5,170,23,75,90,8,0,170,4,3,75.0,1,25.0,86,675,487,6,4,0,2,2,85,1,Matchs
441,Sander Sybrandy,nl NED,MT,Twente,18,2004,0.0,3,0,1,0,2,0,3,0,0,,0,,2,13,10,0,0,0,1,0,2,2,Matchs
442,Moussa Sylla,fr FRA,"AT,MT",Utrecht,22,1999,5.9,275,11,54,92,132,23,275,16,5,31.3,9,56.3,144,1018,552,19,13,4,6,11,187,54,Matchs
443,Sebastian Szymański,pl POL,"MT,AT",Feyenoord,23,1999,21.8,1118,13,93,430,600,92,1118,49,14,28.6,31,63.3,613,2897,1414,39,32,9,47,27,704,142,Matchs
444,Mohamed Taabouni,nl NED,MT,Feyenoord,20,2002,1.1,91,2,17,46,29,4,91,5,2,40.0,2,40.0,62,471,203,5,5,1,5,3,60,6,Matchs
445,Dušan Tadić,rs SRB,"AT,MT",Ajax,33,1988,32.9,2194,22,121,536,1549,292,2190,54,23,42.6,22,40.7,1321,6068,2602,97,58,27,71,74,1614,585,Matchs
446,Anas Tahiri,be BEL,MT,Heerenveen,27,1995,29.0,1990,60,461,1163,381,8,1990,33,18,54.5,12,36.4,1218,6170,2630,41,32,1,32,20,1420,31,Matchs
447,Mohammed Tahiri,nl NED,"AT,MT",Sparta R'dam,22,2000,0.2,14,0,3,7,5,2,14,1,0,0.0,1,100.0,6,25,8,0,0,0,0,1,6,3,Matchs
448,Oussama Tannane,ma MAR,MT,NEC Nijmegen,28,1994,23.8,1516,9,121,829,591,34,1515,78,41,52.6,32,41.0,952,6272,2965,91,87,18,62,40,1084,106,Matchs
449,Elayis Tavsan,nl NED,AT,NEC Nijmegen,21,2001,28.2,1117,10,127,416,595,108,1117,168,69,41.1,70,41.7,784,6918,3305,126,87,53,67,43,821,210,Matchs
450,Kenneth Taylor,nl NED,MT,Ajax,20,2002,27.7,2202,40,316,1206,695,79,2202,53,27,50.9,22,41.5,1438,7595,3667,63,54,19,39,35,1716,119,Matchs
Clt,Joueur,Nation,Pos,Équipe,Âge,Naissance,90,Touches,SurfRépDéf,ZDéf,MilTer,ZOff,SurfRépOff,Action de jeu,Att,Succ,Succ%,Tkld,Tkld%,Balle au pied,TotDist,DistBut,PrgC,1/3,CSR,Manqué,Perte,Rec,PrgR,Matchs
451,Mike te Wierik,nl NED,DF,Emmen,30,1992,13.3,740,94,317,313,113,18,740,1,1,100.0,0,0.0,316,1382,611,9,12,1,8,1,384,29,Matchs
452,Mike te Wierik,nl NED,DF,Groningen,30,1992,13.2,773,134,434,311,31,5,773,3,1,33.3,2,66.7,387,2350,1366,8,8,0,5,0,427,1,Matchs
453,Tesfaldet Tekie,se SWE,MT,Go Ahead Eag,25,1997,3.9,243,5,58,152,36,1,243,6,2,33.3,4,66.7,135,639,318,5,7,1,6,3,150,6,Matchs
454,Hidde ter Avest,nl NED,DF,Utrecht,25,1997,9.7,704,56,223,273,210,14,704,8,3,37.5,5,62.5,260,1086,623,16,8,5,2,2,331,53,Matchs
455,Jasper Ter Heide,nl NED,"MT,AT",Cambuur,23,1999,1.0,22,4,11,10,4,0,22,1,1,100.0,0,0.0,7,68,54,1,2,0,1,1,7,1,Matchs
456,Jordan Teze,nl NED,DF,PSV Eindhoven,22,1999,22.4,1860,96,598,985,294,36,1860,9,5,55.6,3,33.3,1036,4446,2577,45,16,1,16,8,1239,52,Matchs
457,Guus Til,nl NED,"MT,AT",PSV Eindhoven,24,1997,19.5,798,18,98,385,321,100,798,22,6,27.3,14,63.6,434,2209,1076,37,18,11,40,27,550,109,Matchs
458,Jurriën Timber,nl NED,DF,Ajax,21,2001,33.7,3050,190,912,1800,364,57,3050,38,19,50.0,15,39.5,2121,11689,7439,80,67,5,29,19,2344,42,Matchs
459,Quinten Timber,nl NED,MT,Feyenoord,21,2001,18.2,1004,9,116,544,364,50,1004,69,39,56.5,23,33.3,619,3301,1766,49,46,17,46,20,701,74,Matchs
460,Alex Timossi Andersson,se SWE,"AT,MT",Heerenveen,21,2001,2.9,85,3,12,35,38,10,85,6,1,16.7,5,83.3,51,327,54,2,1,2,10,5,51,14,Matchs
461,Mickaël Tirpan,be BEL,DF,Fortuna Sittard,28,1993,4.3,214,21,78,97,41,4,214,3,1,33.3,2,66.7,116,718,326,10,4,1,4,2,123,6,Matchs
462,Nathan Tjoe-A-On,id IDN,DF,Excelsior,20,2001,25.3,1398,105,594,602,221,9,1398,41,16,39.0,22,53.7,712,4082,2031,37,31,1,25,15,698,54,Matchs
463,Marco Tol,nl NED,DF,Cambuur,24,1998,21.3,1270,225,708,546,19,15,1270,2,1,50.0,1,50.0,699,4100,2442,8,6,0,5,0,747,1,Matchs
464,Jens Toornstra,nl NED,MT,Utrecht,33,1989,25.9,1754,62,372,965,439,18,1754,30,15,50.0,13,43.3,861,4216,1735,23,36,2,35,19,1123,59,Matchs
465,Jens Toornstra,nl NED,"MT,DF",Feyenoord,33,1989,0.9,61,1,10,32,20,2,61,2,0,0.0,2,100.0,40,180,73,2,1,0,2,0,40,1,Matchs
466,Azzeddine Toufiqui,fr FRA,"MT,AT",Emmen,23,1999,0.7,38,3,6,16,16,3,38,2,1,50.0,1,50.0,22,114,66,4,2,1,2,2,28,5,Matchs
467,Gernot Trauner,at AUT,DF,Feyenoord,30,1992,17.8,1447,117,527,865,60,17,1447,2,2,100.0,0,0.0,906,4755,3101,24,17,0,6,6,989,6,Matchs
468,Sondre Tronstad,no NOR,MT,Vitesse,26,1995,21.1,1231,38,267,734,253,20,1231,33,16,48.5,14,42.4,638,3564,1690,36,29,3,23,13,741,26,Matchs
469,Muhammet Tunahan Taşçı,tr TUR,"AT,MT",Fortuna Sittard,20,2002,1.4,98,1,13,39,48,10,98,11,5,45.5,5,45.5,58,459,181,9,3,5,6,2,58,12,Matchs
470,Calvin Twigt,nl NED,MT,Volendam,19,2003,14.4,645,47,218,335,99,10,645,17,8,47.1,8,47.1,313,1321,553,7,10,1,19,12,346,22,Matchs
471,Przemysław Tytoń,pl POL,GB,Twente,35,1987,1.0,19,16,19,0,0,0,19,0,0,,0,,10,53,36,0,0,0,0,0,7,0,Matchs
472,Christos Tzolis,gr GRE,AT,Twente,20,2002,4.7,215,3,23,86,109,22,215,12,5,41.7,5,41.7,145,890,366,15,4,7,13,10,172,57,Matchs
473,Manfred Ugalde,cr CRC,AT,Twente,20,2002,9.7,318,3,12,118,191,70,318,12,4,33.3,5,41.7,185,750,252,10,11,6,23,16,245,50,Matchs
474,Roberts Uldriķis,lv LVA,AT,Cambuur,24,1998,14.8,448,19,34,234,185,69,447,16,11,68.8,2,12.5,183,674,207,10,6,6,35,23,303,53,Matchs
475,Lars Unnerstall,de GER,GB,Twente,32,1990,33.0,1015,867,1011,5,0,0,1015,2,2,100.0,0,0.0,538,2591,1660,0,0,0,0,0,418,0,Matchs
Clt,Joueur,Nation,Pos,Équipe,Âge,Naissance,90,Touches,SurfRépDéf,ZDéf,MilTer,ZOff,SurfRépOff,Action de jeu,Att,Succ,Succ%,Tkld,Tkld%,Balle au pied,TotDist,DistBut,PrgC,1/3,CSR,Manqué,Perte,Rec,PrgR,Matchs
476,Etienne Vaessen,sr SUR,GB,RKC Waalwijk,27,1995,32.0,1321,1179,1316,5,1,1,1321,2,2,100.0,0,0.0,722,4331,2749,0,0,0,2,0,499,0,Matchs
477,Luciano Valente,it ITA,MT,Groningen,18,2003,9.7,414,13,78,195,149,13,414,26,16,61.5,8,30.8,229,1321,499,15,14,1,28,18,247,35,Matchs
478,Dario Van den Buijs,be BEL,DF,RKC Waalwijk,26,1995,20.8,1324,178,687,493,151,11,1322,1,1,100.0,0,0.0,643,2779,1538,9,5,0,11,2,768,4,Matchs
479,Simon Van Duivenbooden,nl NED,AT,Vitesse,20,2002,1.8,63,0,1,25,38,12,63,1,0,0.0,1,100.0,31,119,20,0,0,0,9,0,48,16,Matchs
480,Syb Van Ottele,nl NED,DF,Heerenveen,20,2002,13.1,909,116,476,393,48,9,909,12,11,91.7,0,0.0,530,3084,1807,12,10,0,11,6,547,1,Matchs
481,Zinho Vanheusden,be BEL,DF,AZ Alkmaar,23,1999,2.5,158,19,82,69,7,2,158,0,0,,0,,99,561,285,4,1,0,0,0,100,2,Matchs
482,Keziah Veendorp,nl NED,"MT,DF",Emmen,25,1997,31.8,2127,131,633,1230,285,8,2127,26,17,65.4,9,34.6,1108,5099,2301,27,21,1,26,7,1312,50,Matchs
483,Henk Veerman,nl NED,AT,Volendam,29,1993,14.8,426,25,41,193,193,77,426,13,8,61.5,5,38.5,198,731,270,8,3,7,29,18,284,73,Matchs
484,Joey Veerman,nl NED,MT,PSV Eindhoven,23,1998,27.6,2282,60,373,1276,655,41,2282,44,31,70.5,11,25.0,1311,6342,2730,49,53,11,22,19,1565,64,Matchs
485,Jeroen Veldmate,nl NED,DF,Emmen,33,1988,22.1,1547,235,811,704,40,15,1546,1,1,100.0,0,0.0,832,4264,2522,8,8,0,7,0,976,1,Matchs
486,Calvin Verdonk,nl NED,DF,NEC Nijmegen,25,1997,10.7,832,80,372,383,88,11,832,7,6,85.7,1,14.3,481,2471,1315,8,10,0,7,9,518,17,Matchs
487,Hobie Verhulst,nl NED,GB,AZ Alkmaar,29,1993,16.0,584,546,582,2,0,0,584,0,0,,0,,351,1426,719,0,0,0,1,0,298,0,Matchs
488,Michael Verrips,nl NED,GB,Groningen,25,1996,24.0,1026,944,1023,2,1,0,1026,0,0,,0,,553,2602,1489,0,0,0,0,0,504,0,Matchs
489,Arno Verschueren,be BEL,MT,Sparta R'dam,25,1997,27.2,1223,61,256,567,408,95,1223,35,12,34.3,20,57.1,579,2570,1013,33,23,5,45,18,709,139,Matchs
490,Yorbe Vertessen,be BEL,"AT,MT",PSV Eindhoven,21,2001,1.7,68,0,5,28,36,14,68,7,1,14.3,3,42.9,43,233,112,4,2,1,7,5,51,16,Matchs
491,Gabriel Vidovic,hr CRO,"AT,MT",Vitesse,18,2003,13.5,517,6,73,229,227,47,517,68,29,42.6,26,38.2,348,2202,971,25,27,12,41,29,370,64,Matchs
492,Nick Viergever,nl NED,DF,Utrecht,32,1989,18.1,1166,120,521,582,75,12,1166,11,1,9.1,7,63.6,592,3428,2213,32,16,1,10,1,682,10,Matchs
493,Carlos Vinícius,br BRA,AT,PSV Eindhoven,27,1995,0.5,18,0,1,7,10,2,18,0,0,,0,,8,82,27,1,2,0,1,2,14,3,Matchs
494,João Virgínia,pt POR,GB,Cambuur,22,1999,17.0,727,658,722,5,0,0,727,2,1,50.0,1,50.0,400,2433,1341,0,0,0,0,0,327,0,Matchs
495,Rémy Vita,mg MAD,"DF,MT",Fortuna Sittard,21,2001,13.2,642,37,231,253,179,17,642,46,25,54.3,21,45.7,339,2026,1071,25,14,3,18,13,353,41,Matchs
496,Jari Vlak,nl NED,MT,Emmen,23,1998,18.7,1151,73,335,626,197,18,1151,17,7,41.2,10,58.8,549,2641,1285,17,16,2,29,11,693,32,Matchs
497,Michel Vlap,nl NED,MT,Twente,25,1997,24.7,1257,26,153,555,563,101,1257,30,17,56.7,10,33.3,717,3479,1663,44,32,12,71,27,844,99,Matchs
498,Dennis Vos,nl NED,DF,Emmen,20,2001,4.0,311,25,118,134,60,4,311,2,1,50.0,1,50.0,193,1006,587,10,9,0,2,2,201,17,Matchs
499,Silvano Vos,nl NED,MT,Ajax,17,2005,0.2,29,2,8,16,5,1,29,1,1,100.0,0,0.0,24,124,44,1,0,0,0,0,25,0,Matchs
500,Bart Vriends,nl NED,DF,Sparta R'dam,31,1991,27.2,1689,204,869,802,21,11,1689,3,2,66.7,1,33.3,1015,5644,3233,13,1,0,8,1,1119,0,Matchs
Clt,Joueur,Nation,Pos,Équipe,Âge,Naissance,90,Touches,SurfRépDéf,ZDéf,MilTer,ZOff,SurfRépOff,Action de jeu,Att,Succ,Succ%,Tkld,Tkld%,Balle au pied,TotDist,DistBut,PrgC,1/3,CSR,Manqué,Perte,Rec,PrgR,Matchs
501,Patrick Vroegh,nl NED,"MT,DF",RKC Waalwijk,22,1999,6.3,336,11,70,150,117,13,336,5,2,40.0,3,60.0,159,709,397,13,11,2,8,2,215,30,Matchs
502,Dylan van Wageningen,nl NED,AT,Sparta R'dam,19,2003,0.0,1,0,0,1,0,0,1,0,0,,0,,1,5,0,0,0,0,0,0,1,0,Matchs
503,Patrik Wålemark,se SWE,"AT,MT",Feyenoord,20,2001,6.6,296,5,23,68,206,44,296,30,9,30.0,14,46.7,189,1533,921,36,13,24,14,8,201,91,Matchs
504,Django Warmerdam,nl NED,DF,Utrecht,26,1995,2.8,179,16,68,86,25,1,179,2,0,0.0,2,100.0,68,361,152,3,1,0,2,6,79,5,Matchs
505,Timon Wellenreuther,de GER,GB,Feyenoord,26,1995,9.0,284,219,280,3,1,0,284,0,0,,0,,180,921,556,0,0,0,0,0,131,0,Matchs
506,Sai van Wermeskerken,jp JPN,DF,Cambuur,28,1994,18.7,1184,86,493,539,159,6,1184,21,10,47.6,8,38.1,572,3239,1156,15,12,0,14,16,633,25,Matchs
507,Mats Wieffer,nl NED,MT,Feyenoord,22,1999,18.6,1562,58,286,955,341,42,1562,42,26,61.9,14,33.3,891,4034,1796,31,35,6,35,16,978,37,Matchs
508,Owen Wijndal,nl NED,DF,Ajax,22,1999,14.8,1059,23,231,470,372,45,1059,19,10,52.6,5,26.3,688,3185,1623,43,29,13,12,12,747,118,Matchs
509,Jetro Willems,nl NED,DF,Groningen,28,1994,4.3,327,15,87,152,91,12,327,23,13,56.5,7,30.4,183,772,398,9,3,1,9,2,179,28,Matchs
510,Dani de Wit,nl NED,MT,AZ Alkmaar,24,1998,13.2,554,19,93,235,228,54,554,5,3,60.0,2,40.0,238,712,199,4,9,0,16,9,361,41,Matchs
511,Mees de Wit,nl NED,"DF,AT",AZ Alkmaar,24,1998,5.9,443,24,124,207,116,12,443,10,6,60.0,2,20.0,242,1191,512,12,6,3,12,7,255,29,Matchs
512,Aslak Witry,no NOR,DF,AZ Alkmaar,26,1996,0.6,64,1,13,29,23,1,64,1,0,0.0,1,100.0,33,115,44,1,2,0,1,0,46,3,Matchs
513,Maximilian Wittek,de GER,DF,Vitesse,26,1995,30.2,2102,77,490,877,764,37,2102,44,23,52.3,20,45.5,868,4283,2360,57,56,10,32,25,989,137,Matchs
514,Ricky van Wolfswinkel,nl NED,AT,Twente,33,1989,28.1,973,40,102,386,494,182,970,31,15,48.4,13,41.9,498,1955,691,27,15,11,58,19,647,161,Matchs
515,Luuk Wouters,nl NED,DF,RKC Waalwijk,23,1999,2.0,118,9,52,51,16,0,118,3,1,33.3,2,66.7,44,146,71,2,1,0,2,1,52,4,Matchs
516,Redouan El Yaakoubi,nl NED,DF,Excelsior,26,1996,32.5,1881,302,988,820,95,29,1881,15,12,80.0,2,13.3,1002,7140,4497,30,20,1,21,4,1014,8,Matchs
517,Romaric Yapi,fr FRA,"AT,DF",Vitesse,22,2000,4.0,202,13,41,76,86,16,202,14,7,50.0,7,50.0,109,747,314,11,7,2,5,7,121,32,Matchs
518,Burak Yılmaz,tr TUR,AT,Fortuna Sittard,37,1985,24.6,819,31,52,361,409,105,813,45,13,28.9,26,57.8,492,2377,940,36,25,15,63,31,641,153,Matchs
519,Amin Younes,de GER,"AT,MT",Utrecht,28,1993,3.7,236,4,43,110,87,10,236,22,9,40.9,11,50.0,140,848,388,12,5,4,8,5,174,29,Matchs
520,Timo Zaal,nl NED,MT,Heerenveen,18,2004,0.0,0,0,0,0,0,0,0,0,0,,0,,0,0,0,0,0,0,0,0,0,0,Matchs
521,Arthur Zagre,fr FRA,"AT,MT",Utrecht,20,2001,0.8,41,1,8,21,13,8,41,3,0,0.0,3,100.0,25,111,28,0,1,1,3,2,27,5,Matchs
522,Arthur Zagre,fr FRA,DF,Excelsior,20,2001,6.9,335,35,162,120,57,6,335,23,15,65.2,6,26.1,141,678,306,5,5,2,15,5,140,8,Matchs
523,Lequincio Zeefuik,nl NED,"AT,MT",Volendam,17,2004,3.7,120,2,13,50,58,19,120,9,5,55.6,2,22.2,62,296,143,6,5,2,10,10,91,21,Matchs
524,Ramiz Zerrouki,dz ALG,MT,Twente,24,1998,31.2,2537,94,509,1475,573,26,2537,35,15,42.9,10,28.6,1376,7361,3324,42,51,2,28,20,1562,52,Matchs
525,Richairo Živković,cw CUW,AT,Emmen,25,1996,26.7,757,37,111,315,337,102,757,22,3,13.6,18,81.8,370,1693,684,28,17,18,58,23,479,120,Matchs
Clt,Joueur,Nation,Pos,Équipe,Âge,Naissance,90,Touches,SurfRépDéf,ZDéf,MilTer,ZOff,SurfRépOff,Action de jeu,Att,Succ,Succ%,Tkld,Tkld%,Balle au pied,TotDist,DistBut,PrgC,1/3,CSR,Manqué,Perte,Rec,PrgR,Matchs
526,Willum Þór Willumsson,is ISL,"MT,AT",Go Ahead Eag,23,1998,24.3,1196,38,161,583,464,85,1192,49,20,40.8,26,53.1,726,4110,1696,49,43,13,68,37,853,126,Matchs
Clt,Joueur,Nation,Pos,Équipe,Âge,Naissance,90,Touches,SurfRépDéf,ZDéf,MilTer,ZOff,SurfRépOff,Action de jeu,Att,Succ,Succ%,Tkld,Tkld%,Balle au pied,TotDist,DistBut,PrgC,1/3,CSR,Manqué,Perte,Rec,PrgR,Matchs
1,Nicolás Acevedo,uy URU,MT,Bahia,23,1999,21.9,1476,37,350,945,197,16,1476,31,14,45.2,12,38.7,887,4197,2223,29,23,5,25,18,997,36,Matchs
2,Luiz Adriano,br BRA,AT,Internacional,35,1987,14.8,360,20,44,176,144,47,360,6,3,50.0,3,50.0,180,528,126,3,3,1,18,17,250,49,Matchs
3,Adriel,br BRA,GB,Grêmio,22,2001,2.0,65,54,65,0,0,0,65,0,0,,0,,23,141,109,0,0,0,0,0,10,0,Matchs
4,Adryelson,br BRA,DF,Botafogo (RJ),24,1998,33.3,1895,292,991,876,34,27,1895,0,0,,0,,976,4174,2293,2,3,1,3,1,1140,3,Matchs
5,Adson,br BRA,"AT,MT",Corinthians,22,2000,9.5,497,7,78,232,198,22,497,42,25,59.5,14,33.3,336,2594,1468,49,33,7,17,5,357,68,Matchs
6,Adyson,br BRA,"AT,MT",América (MG),17,2005,2.7,176,0,12,61,107,10,176,13,7,53.8,4,30.8,123,898,560,17,14,5,6,9,127,42,Matchs
7,Washington Aguerre,uy URU,GB,América (MG),29,1993,2.0,45,40,45,0,0,0,45,0,0,,0,,17,110,85,0,0,0,0,0,6,0,Matchs
8,Carlos Alberto,br BRA,"AT,MT",Botafogo (RJ),20,2002,3.3,127,4,17,48,66,16,127,17,8,47.1,7,41.2,83,630,302,10,7,2,9,5,83,29,Matchs
9,Yuri Alberto,br BRA,AT,Corinthians,21,2001,30.2,911,23,63,420,436,138,911,51,23,45.1,20,39.2,522,2572,959,41,30,20,93,35,702,204,Matchs
10,Ale,br BRA,MT,América (MG),32,1990,15.8,1075,43,256,653,182,30,1075,25,16,64.0,8,32.0,682,3840,1829,29,21,2,25,19,691,37,Matchs
11,Alexandre Alemão,br BRA,AT,Internacional,24,1998,3.8,136,3,11,64,64,25,136,19,9,47.4,9,47.4,90,468,207,7,7,5,19,4,100,37,Matchs
12,Alerrandro,br BRA,"AT,MT",Red Bull Bragantino,23,2000,4.5,115,7,9,44,63,19,115,6,3,50.0,3,50.0,65,198,81,3,3,1,13,3,81,20,Matchs
13,Alesson,br BRA,"AT,MT",Goiás,23,1999,7.3,305,8,47,104,166,35,305,34,17,50.0,17,50.0,171,1393,591,23,20,9,18,17,196,68,Matchs
14,Alex,br BRA,DF,Santos,23,1999,5.1,291,26,150,126,18,9,291,2,2,100.0,0,0.0,191,1084,624,3,1,0,4,2,212,0,Matchs
15,Caio Alexandre,br BRA,MT,Fortaleza,23,1999,29.2,2075,42,390,1433,275,25,2075,31,16,51.6,11,35.5,1370,9103,5117,91,41,10,30,35,1521,37,Matchs
16,Matheus Alexandre,br BRA,DF,Cuiabá,23,1999,33.1,1868,101,605,909,363,24,1868,38,19,50.0,17,44.7,857,4194,2273,41,23,5,37,20,955,97,Matchs
17,Alexsander,br BRA,"MT,DF",Fluminense,19,2003,13.3,910,20,194,458,268,17,910,51,27,52.9,19,37.3,571,2898,1607,38,29,4,27,26,645,53,Matchs
18,Alison,br BRA,MT,Santos,29,1993,1.5,83,10,28,52,3,0,83,2,1,50.0,1,50.0,38,213,80,3,2,0,4,2,45,1,Matchs
19,Alisson,br BRA,"MT,DF",Atlético Mineiro,17,2005,0.5,48,0,5,20,26,1,48,7,3,42.9,3,42.9,35,322,161,3,3,0,2,1,34,10,Matchs
20,Alisson,br BRA,"MT,AT",São Paulo,29,1993,23.9,1552,36,241,878,446,30,1552,40,22,55.0,13,32.5,917,4596,2290,40,43,5,15,33,1137,105,Matchs
21,Allan,br BRA,MT,Flamengo,25,1997,5.4,465,7,63,324,82,1,465,4,2,50.0,0,0.0,320,1640,833,10,12,0,2,3,361,6,Matchs
22,Allano,br BRA,AT,Goiás,27,1995,13.7,625,18,112,294,231,48,625,45,20,44.4,20,44.4,374,2695,1400,39,33,11,37,21,421,90,Matchs
23,Henrique Almeida,br BRA,AT,América (MG),31,1991,1.7,49,1,1,23,25,9,49,5,4,80.0,1,20.0,21,95,40,1,0,0,5,1,26,5,Matchs
24,Rodrigo Alves,br BRA,MT,Vasco da Gama,20,2002,3.9,135,10,52,77,6,1,135,0,0,,0,,68,335,146,1,0,0,2,2,76,0,Matchs
25,Anderson,br BRA,GB,Cruzeiro,24,1998,1.0,18,14,18,0,0,0,18,0,0,,0,,12,33,29,0,0,0,0,0,11,0,Matchs
Clt,Joueur,Nation,Pos,Équipe,Âge,Naissance,90,Touches,SurfRépDéf,ZDéf,MilTer,ZOff,SurfRépOff,Action de jeu,Att,Succ,Succ%,Tkld,Tkld%,Balle au pied,TotDist,DistBut,PrgC,1/3,CSR,Manqué,Perte,Rec,PrgR,Matchs
26,Anderson,br BRA,"AT,MT",Goiás,24,1998,14.3,646,6,101,291,274,33,646,68,40,58.8,26,38.2,424,2858,1519,44,39,11,40,40,485,106,Matchs
27,André,br BRA,DF,Bahia,19,2003,1.4,93,4,22,43,30,1,93,5,4,80.0,1,20.0,52,252,129,2,3,0,3,1,53,12,Matchs
28,André,br BRA,"MT,DF",Fluminense,21,2001,29.4,2745,268,946,1589,231,3,2745,62,38,61.3,16,25.8,1966,9737,5852,58,54,1,34,15,2179,14,Matchs
29,Maurício Antônio,br BRA,DF,Coritiba,30,1992,2.0,130,29,77,49,4,2,130,0,0,,0,,68,261,125,0,0,0,3,0,73,0,Matchs
30,Apodi,br BRA,"AT,MT",Goiás,36,1986,4.2,99,8,23,33,43,9,99,4,2,50.0,2,50.0,49,277,147,6,3,2,9,0,57,16,Matchs
31,Guilherme Arana,br BRA,DF,Atlético Mineiro,25,1997,26.5,1962,82,521,893,562,27,1962,31,12,38.7,16,51.6,1077,5445,3104,56,43,5,25,13,1289,122,Matchs
32,Charles Aránguiz,cl CHI,MT,Internacional,33,1989,14.1,1073,27,176,707,194,14,1073,10,7,70.0,0,0.0,598,2160,866,6,12,1,20,10,787,28,Matchs
33,João Araújo,br BRA,MT,Grêmio,17,2005,0.1,8,0,1,5,3,0,8,2,0,0.0,2,100.0,5,14,3,0,0,0,0,0,5,0,Matchs
34,Luiz Araújo,br BRA,"AT,MT",Flamengo,26,1996,8.7,513,12,59,195,271,44,513,46,25,54.3,21,45.7,345,2094,1009,29,23,9,19,9,376,112,Matchs
35,Matheus Araújo,br BRA,"MT,AT",Corinthians,20,2002,6.5,396,11,78,190,134,20,396,16,9,56.3,4,25.0,244,1157,588,18,13,6,14,7,279,43,Matchs
36,Michel Araujo,uy URU,"AT,MT",São Paulo,26,1996,19.6,1249,26,197,613,462,61,1249,110,63,57.3,40,36.4,786,5025,2564,71,51,15,48,35,923,157,Matchs
37,Robert Arboleda,ec ECU,DF,São Paulo,31,1991,19.1,1423,199,781,611,34,27,1423,3,3,100.0,0,0.0,811,3211,1722,2,1,0,6,1,1019,5,Matchs
38,Jhon Arias,co COL,"AT,MT",Fluminense,25,1997,26.5,1915,41,288,694,963,105,1913,154,80,51.9,50,32.5,1309,8068,4364,142,87,27,54,60,1423,300,Matchs
39,Luciano Arriagada,cl CHI,"AT,MT",Ath Paranaense,20,2002,2.1,79,2,8,36,36,6,79,3,2,66.7,0,0.0,49,235,99,5,0,1,10,8,59,12,Matchs
40,Arthur,br BRA,"AT,MT",Cruzeiro,24,1998,15.0,598,7,84,222,305,48,598,69,27,39.1,37,53.6,410,3428,1622,66,47,21,34,18,460,112,Matchs
41,Arthur,br BRA,DF,América (MG),19,2003,1.0,67,3,16,33,20,0,67,3,2,66.7,1,33.3,36,227,116,5,4,0,4,1,36,4,Matchs
42,Arthur,br BRA,"DF,AT",Fluminense,18,2004,0.2,24,1,6,9,9,1,24,1,0,0.0,1,100.0,15,49,16,0,2,0,1,0,17,2,Matchs
43,Artur,br BRA,AT,Palmeiras,24,1998,21.1,1037,13,106,410,537,90,1037,60,35,58.3,23,38.3,671,4387,2391,85,57,23,52,18,792,218,Matchs
44,Eduard Atuesta,co COL,MT,Palmeiras,25,1997,0.1,2,0,0,2,0,0,2,0,0,,0,,1,10,9,0,0,0,0,0,2,0,Matchs
45,Felipe Augusto,br BRA,"AT,MT",Corinthians,18,2004,3.6,107,5,15,57,40,14,107,10,3,30.0,4,40.0,54,315,126,4,6,1,11,9,66,15,Matchs
46,Filipe Augusto,br BRA,MT,Cuiabá,29,1993,11.8,929,45,213,594,124,3,929,26,17,65.4,5,19.2,492,2721,1198,9,17,0,17,19,656,16,Matchs
47,Renato Augusto,br BRA,MT,Corinthians,34,1988,14.2,881,13,79,467,341,22,881,34,20,58.8,11,32.4,545,2757,1258,38,21,7,21,12,689,98,Matchs
48,Danilo Avelar,br BRA,DF,América (MG),33,1989,22.0,1128,102,432,530,174,56,1127,11,3,27.3,8,72.7,495,2414,1349,11,10,0,14,2,617,42,Matchs
49,Felipe Azevedo,br BRA,"AT,MT",América (MG),36,1987,19.4,738,20,128,272,358,66,738,67,26,38.8,37,55.2,441,2637,1187,31,39,13,47,31,509,121,Matchs
50,Matheus Babi,br BRA,AT,Goiás,25,1997,9.8,298,11,30,150,120,42,298,14,6,42.9,8,57.1,141,601,154,2,7,0,24,18,208,39,Matchs
Clt,Joueur,Nation,Pos,Équipe,Âge,Naissance,90,Touches,SurfRépDéf,ZDéf,MilTer,ZOff,SurfRépOff,Action de jeu,Att,Succ,Succ%,Tkld,Tkld%,Balle au pied,TotDist,DistBut,PrgC,1/3,CSR,Manqué,Perte,Rec,PrgR,Matchs
51,Matheus Bahia,br BRA,"DF,MT",Bahia,23,1999,5.5,354,11,98,155,103,8,354,10,4,40.0,5,50.0,176,914,547,15,6,2,17,0,184,21,Matchs
52,Fabián Balbuena,py PAR,DF,Corinthians,31,1991,1.0,70,10,48,22,1,1,70,0,0,,0,,29,172,113,0,0,0,0,0,47,0,Matchs
53,Robson Bambu,br BRA,DF,Vasco da Gama,25,1997,14.2,858,115,394,402,67,9,858,17,7,41.2,9,52.9,486,2649,1397,5,6,0,15,13,523,13,Matchs
54,Gabriel Baralhas,br BRA,MT,Internacional,24,1998,2.6,170,10,40,119,15,1,170,1,0,0.0,1,100.0,92,461,196,3,4,0,0,0,102,5,Matchs
55,Danilo Barbosa,br BRA,"MT,DF",Botafogo (RJ),26,1996,11.2,610,52,183,362,72,12,610,24,13,54.2,6,25.0,318,1588,758,14,7,2,12,17,362,7,Matchs
56,Diogo Barbosa,br BRA,DF,Fluminense,30,1992,12.4,818,43,216,369,241,10,818,27,14,51.9,11,40.7,485,2424,1251,35,27,3,12,6,538,68,Matchs
57,Diogo Barbosa,br BRA,DF,Grêmio,30,1992,4.3,267,18,70,131,70,5,267,21,7,33.3,12,57.1,119,715,352,8,10,2,7,3,140,19,Matchs
58,Gabriel Barbosa,br BRA,AT,Flamengo,26,1996,17.1,633,0,25,261,350,60,628,14,5,35.7,8,57.1,356,1842,894,26,26,4,17,8,485,112,Matchs
59,Lucas Barbosa,br BRA,"AT,MT",Santos,21,2001,1.1,70,4,24,38,12,1,70,4,2,50.0,2,50.0,33,180,90,4,3,0,2,2,31,4,Matchs
60,Lucas Barbosa,br BRA,"MT,AT",Coritiba,21,2001,1.1,76,5,9,34,34,3,76,5,1,20.0,3,60.0,43,133,43,1,3,0,4,1,47,10,Matchs
61,Chrystian Barletta,br BRA,MT,Corinthians,21,2001,1.4,,,,,,,,,,,,,,,,,,,,,,,Matchs
62,Cauan Barros,br BRA,MT,Vasco da Gama,18,2004,2.6,118,7,27,72,19,7,118,0,0,,0,,56,246,109,0,1,0,1,4,70,4,Matchs
63,Gabriel Barros,br BRA,"AT,MT",Internacional,21,2001,2.0,101,1,12,55,35,9,101,8,2,25.0,5,62.5,62,422,107,4,3,2,8,1,74,12,Matchs
64,Bastos,ao ANG,DF,Botafogo (RJ),31,1991,1.3,84,7,35,44,5,1,84,0,0,,0,,33,129,87,0,0,0,0,0,58,0,Matchs
65,Fellipe Bastos,br BRA,MT,Goiás,32,1990,0.4,16,0,9,6,2,0,16,0,0,,0,,4,18,7,1,0,0,0,0,8,1,Matchs
66,Diogo Batista,br BRA,"DF,MT",Coritiba,19,2003,5.9,354,23,123,169,66,6,354,10,3,30.0,5,50.0,181,813,497,8,7,2,10,5,197,13,Matchs
67,Rodrigo Battaglia,ar ARG,MT,Atlético Mineiro,31,1991,19.2,1124,33,197,778,165,19,1124,23,16,69.6,6,26.1,719,4095,2229,38,33,2,14,13,785,27,Matchs
68,José Luis Rodríguez Bebanz,uy URU,DF,Vasco da Gama,25,1997,22.2,1452,88,438,596,441,51,1452,40,17,42.5,21,52.5,683,3506,2130,56,42,7,23,9,741,95,Matchs
69,Matheus Belém,br BRA,DF,São Paulo,19,2003,1.9,102,15,59,40,3,1,102,0,0,,0,,54,226,129,1,2,0,4,0,66,0,Matchs
70,Lucas Belezi,br BRA,DF,Ath Paranaense,19,2003,0.5,25,3,9,14,2,1,25,0,0,,0,,14,41,26,0,0,0,0,0,16,0,Matchs
71,Ramiro Benetti,br BRA,MT,Cruzeiro,29,1993,4.5,283,2,36,178,75,7,283,6,3,50.0,2,33.3,150,570,279,4,4,1,7,1,193,13,Matchs
72,Martín Benítez,ar ARG,"MT,AT",América (MG),28,1994,12.4,696,2,64,378,268,23,696,70,35,50.0,28,40.0,427,2283,1175,26,17,5,14,26,492,56,Matchs
73,Bento,br BRA,GB,Ath Paranaense,23,1999,33.0,952,861,951,1,0,0,952,0,0,,0,,443,2440,1530,0,0,0,0,0,316,0,Matchs
74,Lucas Beraldo,br BRA,DF,São Paulo,19,2003,24.0,1908,200,804,1055,59,17,1908,4,0,0.0,0,0.0,1228,6041,3870,16,10,0,8,5,1402,3,Matchs
75,Lucas Besozzi,ar ARG,"AT,MT",Grêmio,20,2003,4.4,252,3,29,94,134,18,252,23,8,34.8,14,60.9,164,1281,705,30,21,10,10,7,181,47,Matchs
Clt,Joueur,Nation,Pos,Équipe,Âge,Naissance,90,Touches,SurfRépDéf,ZDéf,MilTer,ZOff,SurfRépOff,Action de jeu,Att,Succ,Succ%,Tkld,Tkld%,Balle au pied,TotDist,DistBut,PrgC,1/3,CSR,Manqué,Perte,Rec,PrgR,Matchs
76,Matheus Bianqui,br BRA,MT,Coritiba,25,1998,15.8,686,52,191,369,135,30,686,15,7,46.7,6,40.0,327,1114,466,10,6,3,24,14,362,41,Matchs
77,Raul Bicalho,br BRA,DF,Bahia,23,1999,3.6,233,22,106,116,12,5,233,0,0,,0,,155,1051,684,7,6,0,4,0,168,2,Matchs
78,Matheus Bidu,br BRA,DF,Corinthians,23,1999,18.4,1356,88,396,601,375,16,1356,36,13,36.1,17,47.2,738,4062,2383,58,31,2,24,9,773,100,Matchs
79,Biel,br BRA,"AT,MT",Bahia,21,2001,15.1,627,6,65,208,366,75,627,69,24,34.8,38,55.1,439,2811,1484,51,48,13,56,13,462,117,Matchs
80,Rafael Bilu,br BRA,AT,Cruzeiro,23,1999,1.0,57,0,5,21,34,7,57,8,5,62.5,2,25.0,37,219,132,5,3,3,5,0,36,8,Matchs
81,Guilherme Biro,br BRA,"AT,MT",Corinthians,18,2004,6.4,291,3,43,137,118,13,291,25,10,40.0,12,48.0,194,1185,589,18,13,4,10,4,212,44,Matchs
82,Bitelo,br BRA,"MT,AT",Grêmio,23,2000,17.2,1049,22,138,506,420,64,1049,46,21,45.7,19,41.3,669,3131,1611,39,35,10,49,28,759,132,Matchs
83,Paulinho Bóia,br BRA,AT,América (MG),24,1998,1.5,69,2,7,33,33,4,69,8,5,62.5,2,25.0,44,347,133,4,5,3,4,4,45,12,Matchs
84,Thiago Borbas,uy URU,AT,Red Bull Bragantino,20,2002,15.9,541,6,19,179,347,92,541,26,13,50.0,9,34.6,321,1215,317,12,9,4,53,24,412,119,Matchs
85,Ângelo Borges,br BRA,"AT,MT",Santos,18,2004,6.0,281,0,41,135,117,10,281,52,28,53.8,21,40.4,193,1615,797,26,18,4,24,14,200,38,Matchs
86,Daniel Borges,br BRA,DF,América (MG),29,1993,8.9,584,33,169,258,161,5,584,14,7,50.0,7,50.0,323,1597,803,19,5,2,10,9,349,37,Matchs
87,Daniel Borges,br BRA,DF,Botafogo (RJ),29,1993,0.5,27,1,18,7,2,1,27,0,0,,0,,13,52,5,0,0,0,1,0,12,1,Matchs
88,Marllon Borges,br BRA,DF,Cuiabá,30,1992,36.0,1776,251,880,874,28,19,1776,8,6,75.0,2,25.0,908,4161,2595,12,3,0,12,1,1071,1,Matchs
89,Pedro Borges,br BRA,"MT,AT",Fortaleza,25,1997,6.3,350,17,65,237,51,5,350,9,2,22.2,5,55.6,170,899,337,3,3,0,17,4,223,12,Matchs
90,Gabriel Boschilia,br BRA,"MT,AT",Coritiba,26,1996,3.8,245,4,33,137,79,6,245,17,11,64.7,4,23.5,158,867,343,10,8,2,11,6,167,20,Matchs
91,Lucas Braga,br BRA,"DF,AT",Santos,26,1996,22.1,869,25,181,401,303,29,869,69,22,31.9,37,53.6,445,3493,2016,64,38,13,32,12,488,89,Matchs
92,David Braz,br BRA,DF,Fluminense,35,1987,9.6,753,121,393,311,53,8,753,10,10,100.0,0,0.0,450,2531,1579,16,13,0,6,4,523,2,Matchs
93,Brenno,br BRA,GB,Grêmio,23,1999,1.0,19,16,19,0,0,0,19,0,0,,0,,12,61,47,0,0,0,0,0,5,0,Matchs
94,Breno,br BRA,MT,Botafogo (RJ),22,2000,0.1,9,1,5,3,1,0,9,0,0,,0,,9,35,9,0,0,0,2,1,7,0,Matchs
95,Breno,br BRA,AT,Palmeiras,27,1996,15.2,498,1,44,191,271,68,498,26,8,30.8,11,42.3,331,2344,1247,44,30,14,16,12,371,110,Matchs
96,Emanuel Brítez,ar ARG,DF,Fortaleza,30,1992,30.7,1658,181,645,885,143,28,1658,13,11,84.6,2,15.4,880,4410,2590,19,18,0,8,7,965,17,Matchs
97,Bruninho,br BRA,"AT,MT",Red Bull Bragantino,19,2003,7.9,388,1,18,175,203,39,388,31,21,67.7,9,29.0,263,1723,693,19,14,9,27,10,294,68,Matchs
98,Fabrício Bruno,br BRA,DF,Flamengo,26,1996,34.0,2551,247,1040,1429,97,26,2551,5,4,80.0,1,20.0,1634,8234,4962,32,22,0,7,2,1786,7,Matchs
99,Vitor Bueno,br BRA,"MT,AT",Ath Paranaense,28,1994,23.1,1260,5,86,597,591,53,1257,55,34,61.8,19,34.5,776,5006,2220,74,57,12,46,38,903,114,Matchs
100,Esteban Burgos,ar ARG,DF,América (MG),31,1992,3.3,127,28,75,48,4,2,127,1,1,100.0,0,0.0,51,297,193,1,1,1,2,0,54,2,Matchs
Clt,Joueur,Nation,Pos,Équipe,Âge,Naissance,90,Touches,SurfRépDéf,ZDéf,MilTer,ZOff,SurfRépOff,Action de jeu,Att,Succ,Succ%,Tkld,Tkld%,Balle au pied,TotDist,DistBut,PrgC,1/3,CSR,Manqué,Perte,Rec,PrgR,Matchs
101,Fabricio Bustos,ar ARG,DF,Internacional,26,1996,27.8,2008,91,523,941,551,37,2008,46,24,52.2,14,30.4,1001,4082,2064,39,35,6,23,16,1199,151,Matchs
102,Rafael Cabral,br BRA,GB,Cruzeiro,32,1990,37.0,1289,1029,1281,8,0,0,1289,0,0,,0,,672,3763,2358,0,0,0,1,0,568,0,Matchs
103,Cacá,br BRA,DF,Ath Paranaense,23,1999,18.8,950,137,479,435,46,18,950,7,3,42.9,3,42.9,528,2827,1434,12,11,0,14,7,555,8,Matchs
104,Cadu,br BRA,DF,Santos,20,2002,0.2,11,0,0,10,1,0,11,0,0,,0,,5,15,8,0,1,0,0,0,8,0,Matchs
105,Caetano,br BRA,DF,Corinthians,23,1999,13.4,924,136,489,418,21,6,924,2,1,50.0,1,50.0,551,2014,1170,2,5,1,3,0,679,0,Matchs
106,Jonathan Cafu,br BRA,"AT,MT",Cuiabá,31,1991,19.0,777,10,80,329,380,48,777,57,26,45.6,24,42.1,487,2557,1070,39,17,10,65,33,554,169,Matchs
107,Júnior Caiçara,br BRA,DF,Santos,33,1989,1.9,155,9,40,69,48,1,155,2,0,0.0,2,100.0,87,491,308,6,10,0,2,0,101,10,Matchs
108,Rodrigo Caio,br BRA,"MT,DF",Flamengo,29,1993,0.7,67,4,15,48,5,0,67,0,0,,0,,41,194,69,0,0,0,0,0,49,1,Matchs
109,Caíque,br BRA,GB,Grêmio,25,1997,4.0,105,93,105,0,0,0,105,0,0,,0,,46,406,267,0,0,0,0,0,22,0,Matchs
110,Calebe,br BRA,"MT,AT",Fortaleza,22,2000,16.4,733,2,65,336,349,55,733,81,42,51.9,23,28.4,510,3498,1892,69,35,21,33,29,541,127,Matchs
111,Jonathan Calleri,ar ARG,AT,São Paulo,29,1993,15.0,440,16,28,154,261,85,438,32,8,25.0,18,56.3,236,1056,324,15,6,8,41,18,338,101,Matchs
112,Patric Calmon PK,br BRA,DF,Cuiabá,28,1994,5.8,351,16,90,157,110,6,351,8,6,75.0,1,12.5,162,948,560,14,9,1,7,1,185,30,Matchs
113,Guilherme Camacho,br BRA,MT,Santos,32,1990,5.0,311,18,82,195,36,1,311,5,4,80.0,1,20.0,145,671,291,0,4,0,1,2,185,3,Matchs
114,Nathan Camargo,br BRA,MT,Red Bull Bragantino,17,2005,0.1,6,0,3,0,3,0,6,0,0,,0,,3,7,4,0,0,0,0,0,2,0,Matchs
115,Gustavo Campanharo,br BRA,MT,Internacional,30,1992,7.7,484,18,109,319,60,3,484,20,11,55.0,8,40.0,278,1288,488,9,9,1,9,7,320,13,Matchs
116,Camilo Cándido,uy URU,DF,Bahia,27,1995,13.8,868,32,208,401,271,17,868,27,11,40.7,14,51.9,463,1831,885,18,18,3,17,6,512,91,Matchs
117,Luan Cândido,br BRA,DF,Red Bull Bragantino,21,2001,12.0,771,48,216,383,177,33,771,19,11,57.9,4,21.1,390,2089,1010,19,13,2,11,11,437,42,Matchs
118,Germán Cano,ar ARG,AT,Fluminense,34,1988,27.4,691,23,110,296,295,90,690,23,11,47.8,12,52.2,406,1627,582,18,14,11,28,12,465,87,Matchs
119,Agustín Canobbio,uy URU,"AT,MT",Ath Paranaense,24,1998,23.5,1211,25,155,479,594,98,1211,91,46,50.5,37,40.7,736,4917,2377,81,47,31,60,40,781,223,Matchs
120,Víctor Cantillo,co COL,MT,Corinthians,29,1993,3.0,195,13,76,110,11,0,195,1,0,0.0,1,100.0,130,490,206,2,2,0,2,0,134,1,Matchs
121,Manuel Capasso,ar ARG,DF,Vasco da Gama,26,1996,6.2,399,58,208,190,4,3,399,1,1,100.0,0,0.0,257,1121,640,1,2,1,2,1,279,1,Matchs
122,Juninho Capixaba,br BRA,DF,Red Bull Bragantino,25,1997,31.9,2536,92,561,1316,696,51,2536,59,22,37.3,29,49.2,1343,7550,4067,71,73,5,41,19,1436,127,Matchs
123,Gabriel Carabajal,ar ARG,MT,Vasco da Gama,31,1991,1.4,119,0,11,60,49,3,119,6,6,100.0,0,0.0,71,349,159,3,1,1,1,0,81,11,Matchs
124,Felipe Carballo,uy URU,MT,Grêmio,26,1996,17.1,960,35,181,580,213,18,960,27,14,51.9,12,44.4,545,2853,1427,23,29,0,15,14,668,45,Matchs
125,Johnny Cardoso,us USA,MT,Internacional,21,2001,17.9,1038,70,226,668,152,22,1038,32,20,62.5,10,31.3,584,2845,1332,18,15,0,35,16,666,24,Matchs
Clt,Joueur,Nation,Pos,Équipe,Âge,Naissance,90,Touches,SurfRépDéf,ZDéf,MilTer,ZOff,SurfRépOff,Action de jeu,Att,Succ,Succ%,Tkld,Tkld%,Balle au pied,TotDist,DistBut,PrgC,1/3,CSR,Manqué,Perte,Rec,PrgR,Matchs
126,Ed Carlos,br BRA,"MT,AT",Santos,21,2001,0.4,45,1,12,17,16,0,45,0,0,,0,,27,121,46,0,0,0,1,2,35,1,Matchs
127,João Carlos,br BRA,GB,Cuiabá,34,1988,3.0,72,67,72,0,0,0,72,0,0,,0,,32,168,138,0,0,0,0,0,22,0,Matchs
128,Ryan Carlos,br BRA,DF,Bahia,20,2002,6.4,466,18,137,191,139,5,466,11,7,63.6,4,36.4,255,1430,775,21,16,2,6,6,297,44,Matchs
129,Alan Carvalho,cn CHN,MT,Fluminense,33,1989,0.5,21,1,2,14,6,3,21,1,1,100.0,0,0.0,12,87,25,0,0,0,3,1,15,1,Matchs
130,Breno Cascardo,br BRA,MT,América (MG),19,2003,12.9,743,18,112,467,172,18,743,41,23,56.1,15,36.6,489,2810,1447,28,27,3,29,22,507,39,Matchs
131,Cássio,br BRA,GB,Corinthians,35,1987,36.8,1172,1037,1167,5,0,0,1172,0,0,,0,,551,3507,2435,0,0,0,0,0,374,0,Matchs
132,Luciano Castán,br BRA,DF,Cruzeiro,33,1989,35.7,2230,316,1086,1083,67,38,2230,7,6,85.7,0,0.0,1292,6945,4324,23,9,2,11,6,1481,7,Matchs
133,Iury de Castilho,br BRA,AT,Cuiabá,27,1995,4.4,148,1,19,58,76,16,148,21,14,66.7,5,23.8,87,723,292,11,8,2,12,4,91,26,Matchs
134,Matheus Cavichioli,br BRA,GB,América (MG),36,1986,15.0,412,363,410,4,0,0,412,0,0,,0,,205,1658,1312,0,0,0,0,0,79,0,Matchs
135,Juan Cazares,ec ECU,"MT,AT",América (MG),30,1992,3.1,174,0,19,83,74,2,174,14,7,50.0,7,50.0,89,483,223,5,4,1,11,3,109,23,Matchs
136,Brayan Ceballos,co COL,DF,Fortaleza,21,2001,2.3,169,16,74,91,6,4,169,4,4,100.0,0,0.0,80,382,187,1,1,0,1,0,102,0,Matchs
137,Pablo Ceppelini,uy URU,MT,Cuiabá,31,1991,11.1,699,12,78,332,298,10,699,7,3,42.9,4,57.1,344,1389,746,23,21,1,12,6,419,58,Matchs
138,Murilo Cerqueira,br BRA,DF,Palmeiras,25,1997,24.1,1470,165,736,708,36,16,1470,8,6,75.0,1,12.5,862,4310,2383,14,7,1,3,2,1021,1,Matchs
139,Ricardo Cerqueira,br BRA,MT,Cuiabá,20,2002,0.1,4,0,0,4,0,0,4,0,0,,0,,4,24,13,0,1,0,0,0,4,0,Matchs
140,Júlio César,br BRA,DF,América (MG),19,2003,6.6,398,68,217,164,18,8,398,4,3,75.0,1,25.0,223,1189,698,3,2,2,7,3,237,1,Matchs
141,Reynaldo Cesar Moraes,br BRA,DF,Cruzeiro,26,1997,0.7,36,3,23,13,0,0,36,0,0,,0,,27,161,112,0,0,0,0,0,28,0,Matchs
142,Reynaldo Cesar Moraes,br BRA,DF,Coritiba,26,1997,2.7,117,25,66,48,4,1,117,0,0,,0,,50,191,64,0,0,0,1,0,57,0,Matchs
143,Kayky Chagas,br BRA,"AT,MT",Bahia,19,2003,4.6,212,6,34,87,95,15,212,22,12,54.5,10,45.5,127,792,424,16,13,6,14,7,141,33,Matchs
144,Jhon Chancellor,ve VEN,DF,Coritiba,31,1992,3.4,139,35,90,48,1,1,139,0,0,,0,,65,262,119,0,0,0,0,0,83,0,Matchs
145,Gabriel Chapecó,br BRA,GB,Grêmio,22,2000,31.0,908,805,903,6,0,0,908,0,0,,0,,386,2224,1637,0,1,1,0,0,230,0,Matchs
146,Gabriel Chaves,br BRA,"AT,MT",Vasco da Gama,21,2001,29.0,990,15,141,375,518,109,990,130,57,43.8,62,47.7,619,5588,2612,92,73,35,88,37,629,204,Matchs
147,Jhoanner Chávez,ec ECU,"DF,MT",Bahia,20,2002,6.5,406,13,104,188,117,13,406,13,7,53.8,5,38.5,205,834,461,12,8,2,18,4,243,49,Matchs
148,Chiqueti,br BRA,MT,Ath Paranaense,17,2005,0.2,11,0,1,9,1,0,11,0,0,,0,,6,13,3,0,0,0,2,1,7,0,Matchs
149,Christian,br BRA,"MT,AT",Ath Paranaense,22,2000,15.1,760,11,111,405,248,30,760,41,24,58.5,12,29.3,446,2105,983,23,19,3,25,8,550,71,Matchs
150,Cicinho,bg BUL,DF,Bahia,34,1988,8.4,505,33,138,249,122,8,505,30,14,46.7,10,33.3,243,1328,587,17,9,3,19,11,270,36,Matchs
Clt,Joueur,Nation,Pos,Équipe,Âge,Naissance,90,Touches,SurfRépDéf,ZDéf,MilTer,ZOff,SurfRépOff,Action de jeu,Att,Succ,Succ%,Tkld,Tkld%,Balle au pied,TotDist,DistBut,PrgC,1/3,CSR,Manqué,Perte,Rec,PrgR,Matchs
151,Cipriano,br BRA,DF,Red Bull Bragantino,20,2002,0.8,44,12,29,15,0,0,44,0,0,,0,,22,89,22,0,0,0,0,0,24,0,Matchs
152,Marcelo Cirino,br BRA,"AT,MT",Ath Paranaense,31,1992,1.1,29,1,1,13,15,3,29,1,0,0.0,1,100.0,13,69,31,1,1,0,3,1,26,6,Matchs
153,Léo Cittadini,br BRA,MT,Bahia,28,1994,1.5,112,1,9,72,33,2,112,4,4,100.0,0,0.0,65,413,187,3,2,0,3,1,75,8,Matchs
154,Léo Cittadini,br BRA,"MT,AT",Ath Paranaense,28,1994,2.2,100,1,19,55,27,3,100,5,3,60.0,1,20.0,48,376,180,3,3,0,3,3,68,7,Matchs
155,Mateus Claus,br BRA,GB,Bahia,28,1994,0.6,13,13,13,0,0,0,13,0,0,,0,,1,1,1,0,0,0,0,0,5,0,Matchs
156,Clayson,br BRA,"AT,MT",Cuiabá,27,1995,18.2,819,8,100,337,396,42,816,46,13,28.3,25,54.3,488,3070,1493,50,29,13,35,21,578,124,Matchs
157,Mateus Cocão,br BRA,MT,Vasco da Gama,20,2002,3.9,267,4,56,167,46,3,267,4,2,50.0,0,0.0,185,798,264,0,4,0,0,4,185,6,Matchs
158,Diego Costa,es ESP,AT,Botafogo (RJ),34,1988,5.7,188,5,12,71,107,28,188,7,2,28.6,4,57.1,105,560,183,9,5,2,13,10,145,42,Matchs
159,Philippe Costa,br BRA,AT,Goiás,22,2000,1.2,29,1,3,9,17,5,29,3,1,33.3,2,66.7,14,61,28,0,1,0,2,0,21,4,Matchs
160,Talles Costa,br BRA,"MT,AT",São Paulo,20,2002,1.5,114,0,16,62,39,4,114,5,2,40.0,3,60.0,71,432,198,5,10,0,3,4,87,6,Matchs
161,Lucas Crispim,br BRA,"MT,DF",Fortaleza,28,1994,5.4,388,10,44,235,109,7,388,5,2,40.0,3,60.0,211,1292,610,11,10,1,4,2,288,23,Matchs
162,Franco Cristaldo,ar ARG,"MT,AT",Grêmio,26,1996,23.7,1502,11,130,737,646,66,1498,32,20,62.5,9,28.1,844,3289,1369,23,33,7,54,37,1063,142,Matchs
163,Tomás Cuello,ar ARG,"MT,AT",Ath Paranaense,22,2000,22.8,1270,38,215,572,501,50,1270,60,35,58.3,21,35.0,649,4349,2220,81,49,20,46,18,732,173,Matchs
164,Víctor Cuesta,ar ARG,DF,Botafogo (RJ),34,1988,35.0,2065,239,967,992,116,35,2065,10,4,40.0,6,60.0,1161,5593,2701,10,24,0,18,6,1269,7,Matchs
165,Cuiabano,br BRA,"DF,MT",Grêmio,19,2003,5.4,322,14,82,128,116,10,322,11,4,36.4,5,45.5,155,851,391,13,10,3,13,9,165,34,Matchs
166,Lucas Cunha,br BRA,DF,Red Bull Bragantino,26,1997,0.8,92,6,19,73,0,0,92,0,0,,0,,70,407,267,0,0,0,1,0,79,0,Matchs
167,Matheus Cunha,br BRA,GB,Flamengo,21,2001,17.6,787,510,753,34,0,0,787,0,0,,0,,486,2302,1489,0,0,0,1,0,471,0,Matchs
168,Ian Custódio,br BRA,DF,Palmeiras,19,2003,0.2,9,1,3,4,2,0,9,0,0,,0,,5,24,21,1,0,0,1,0,4,0,Matchs
169,João Dalla Corte,br BRA,DF,Internacional,16,2006,0.2,13,0,3,5,6,0,13,0,0,,0,,6,33,16,0,1,0,2,0,7,1,Matchs
170,Danielzinho,br BRA,"AT,MT",Bahia,27,1996,0.9,92,0,3,50,39,1,92,3,0,0.0,3,100.0,64,380,185,4,6,0,1,1,76,4,Matchs
171,Danielzinho,br BRA,AT,Ath Paranaense,20,2002,0.0,2,0,0,0,2,0,2,0,0,,0,,1,3,1,0,0,0,0,0,2,0,Matchs
172,Danielzinho,br BRA,MT,Fluminense,27,1996,6.8,536,15,99,317,122,8,536,8,4,50.0,4,50.0,367,1924,1129,19,10,3,4,11,416,21,Matchs
173,David,br BRA,"AT,MT",São Paulo,27,1995,8.1,310,3,17,102,192,45,310,21,10,47.6,11,52.4,194,1246,601,24,9,10,26,8,234,80,Matchs
174,Giorgian De Arrascaeta,uy URU,"MT,AT",Flamengo,28,1994,20.5,1290,23,105,556,651,83,1290,58,34,58.6,17,29.3,831,3701,1645,38,38,15,55,41,951,170,Matchs
175,Sergio Antonio De Luiz Junior,br BRA,"MT,DF",Vasco da Gama,27,1995,4.0,177,4,26,77,78,15,177,12,6,50.0,6,50.0,112,531,199,4,1,1,11,2,113,32,Matchs
Clt,Joueur,Nation,Pos,Équipe,Âge,Naissance,90,Touches,SurfRépDéf,ZDéf,MilTer,ZOff,SurfRépOff,Action de jeu,Att,Succ,Succ%,Tkld,Tkld%,Balle au pied,TotDist,DistBut,PrgC,1/3,CSR,Manqué,Perte,Rec,PrgR,Matchs
176,Denilson,br BRA,MT,Cuiabá,21,2001,21.2,1301,16,184,778,361,15,1301,55,38,69.1,10,18.2,806,4419,1791,35,40,7,41,35,928,63,Matchs
177,Denzel,br BRA,AT,Goiás,20,2003,0.3,7,0,0,3,4,0,7,0,0,,0,,3,7,3,0,0,0,0,1,4,2,Matchs
178,Deyverson,br BRA,AT,Cuiabá,31,1991,32.3,980,44,99,453,438,150,976,55,24,43.6,23,41.8,453,1733,651,17,14,12,77,25,697,152,Matchs
179,Leonel Di Plácido,ar ARG,DF,Botafogo (RJ),29,1994,26.2,1636,76,470,786,405,22,1636,65,33,50.8,23,35.4,781,4014,2258,57,34,8,23,9,829,84,Matchs
180,Gabriel Dias,br BRA,DF,Vasco da Gama,28,1994,0.1,5,2,4,0,1,0,5,0,0,,0,,2,2,0,0,0,0,0,0,1,0,Matchs
181,Jean Dias,br BRA,"AT,MT",Internacional,32,1990,3.6,169,1,13,63,94,18,169,11,5,45.5,4,36.4,103,649,297,12,10,5,9,3,115,26,Matchs
182,Luan Dias,br BRA,"MT,AT",Santos,25,1997,2.1,84,0,15,43,29,1,84,5,4,80.0,1,20.0,46,373,172,7,2,1,3,3,51,3,Matchs
183,Matheus Dias,br BRA,"MT,AT",Internacional,25,1997,4.5,273,11,70,139,67,5,273,8,5,62.5,3,37.5,152,722,349,9,6,1,10,8,173,16,Matchs
184,Diego,br BRA,DF,São Paulo,23,1999,19.4,1497,197,773,702,25,10,1497,7,5,71.4,2,28.6,941,4678,2519,2,4,0,7,2,1119,1,Matchs
185,Dieguinho,br BRA,"DF,AT",Goiás,27,1995,12.0,682,33,175,354,166,6,682,40,15,37.5,16,40.0,389,2416,1266,27,22,2,20,17,416,34,Matchs
186,Diogo,br BRA,"AT,MT",Coritiba,26,1996,8.4,277,5,26,142,110,28,277,13,6,46.2,6,46.2,133,564,202,7,3,1,22,9,170,26,Matchs
187,Dodi,br BRA,MT,Santos,26,1996,19.1,714,40,202,418,111,15,714,30,11,36.7,10,33.3,391,2245,1076,19,15,1,21,11,382,18,Matchs
188,Dodô,br BRA,DF,Atlético Mineiro,30,1992,0.7,65,0,9,37,19,0,65,1,0,0.0,1,100.0,36,202,102,2,2,0,1,0,47,7,Matchs
189,Dodô,br BRA,DF,Santos,30,1992,15.8,985,56,293,510,195,18,985,11,6,54.5,5,45.5,512,2914,1662,26,24,1,16,6,555,42,Matchs
190,Dodô,br BRA,"MT,AT",Goiás,21,2001,3.6,189,3,31,85,75,5,189,11,4,36.4,3,27.3,122,789,314,7,3,1,10,8,126,9,Matchs
191,Thiago Dombroski,br BRA,DF,Coritiba,20,2002,5.6,311,36,147,162,4,2,311,2,1,50.0,0,0.0,183,1019,611,5,2,0,3,1,216,0,Matchs
192,Halerrandrio dos Santos,br BRA,MT,Goiás,16,2006,0.3,9,0,2,3,6,1,9,1,0,0.0,1,100.0,6,97,35,1,1,0,1,0,3,3,Matchs
193,Thiago dos Santos,br BRA,"DF,MT",Fluminense,33,1989,9.1,732,137,373,326,38,3,732,13,8,61.5,4,30.8,453,2797,1601,10,16,0,5,3,512,3,Matchs
194,Henrique Dourado,br BRA,AT,Cruzeiro,33,1989,3.8,113,3,8,54,54,21,113,3,1,33.3,2,66.7,74,274,90,4,4,3,21,6,99,19,Matchs
195,David Duarte,br BRA,DF,Bahia,28,1995,9.6,552,105,301,237,14,12,552,2,2,100.0,0,0.0,330,2491,1414,5,1,0,1,1,355,0,Matchs
196,Dudu,br BRA,MT,Ath Paranaense,17,2006,0.0,2,0,0,1,1,1,2,0,0,,0,,0,0,0,0,0,0,1,0,0,0,Matchs
197,Dudu,br BRA,AT,Palmeiras,31,1992,12.0,556,2,42,210,315,56,556,68,41,60.3,19,27.9,390,3494,2066,78,51,28,24,11,429,127,Matchs
198,Éberth,br BRA,AT,Coritiba,19,2003,0.3,10,0,0,3,7,2,10,0,0,,0,,7,7,2,1,0,1,2,1,9,2,Matchs
199,Edenílson,br BRA,"MT,AT",Atlético Mineiro,33,1989,15.2,816,27,171,494,154,16,816,15,6,40.0,9,60.0,463,2228,1206,24,17,3,26,12,546,50,Matchs
200,Eder,br BRA,DF,América (MG),27,1995,17.4,893,163,488,386,27,10,893,2,1,50.0,1,50.0,478,2615,1652,9,5,0,5,1,492,4,Matchs
Clt,Joueur,Nation,Pos,Équipe,Âge,Naissance,90,Touches,SurfRépDéf,ZDéf,MilTer,ZOff,SurfRépOff,Action de jeu,Att,Succ,Succ%,Tkld,Tkld%,Balle au pied,TotDist,DistBut,PrgC,1/3,CSR,Manqué,Perte,Rec,PrgR,Matchs
201,EDU,br BRA,DF,Goiás,22,2000,4.8,275,58,153,116,7,3,275,3,2,66.7,1,33.3,140,527,345,1,1,0,0,1,172,0,Matchs
202,Edu,br BRA,"AT,MT",Coritiba,29,1993,3.6,118,2,5,58,58,16,118,7,4,57.1,3,42.9,74,307,121,5,7,2,8,8,87,17,Matchs
203,Carlos Eduardo,br BRA,"MT,AT",Atlético Mineiro,18,2004,0.1,5,0,1,2,2,0,5,1,0,0.0,0,0.0,4,14,7,0,0,0,1,0,4,1,Matchs
204,Carlos Eduardo,br BRA,MT,Botafogo (RJ),33,1989,29.7,1371,22,115,912,355,59,1371,56,20,35.7,28,50.0,862,4362,1949,35,34,4,47,21,1026,89,Matchs
205,Eguinaldo,br BRA,"AT,MT",Vasco da Gama,18,2004,0.7,22,1,1,11,11,1,22,2,1,50.0,1,50.0,8,69,13,1,2,1,1,1,15,2,Matchs
206,Rafael Elias,br BRA,AT,Cruzeiro,23,1999,6.0,167,5,7,65,96,27,167,12,6,50.0,6,50.0,91,331,123,8,4,4,8,8,124,36,Matchs
207,Rodrigo Ely,br BRA,DF,Grêmio,29,1993,7.4,278,67,170,107,3,3,278,0,0,,0,,110,476,238,1,0,0,2,0,142,0,Matchs
208,Lucas Emmanuel,br BRA,AT,Goiás,22,2000,0.6,16,1,1,12,3,1,16,0,0,,0,,7,12,1,0,0,0,4,0,10,2,Matchs
209,Leandro Emmanuel Martínez,ar ARG,MT,América (MG),28,1994,28.2,1838,58,321,974,583,45,1838,105,49,46.7,47,44.8,1076,6873,2696,70,53,11,55,27,1164,104,Matchs
210,Alan Empereur,br BRA,DF,Cuiabá,28,1994,32.8,1910,223,895,957,69,16,1910,9,9,100.0,0,0.0,1081,6373,4285,31,16,2,21,8,1247,7,Matchs
211,Endrick,br BRA,AT,Palmeiras,16,2006,17.3,570,6,21,262,300,72,569,74,34,45.9,35,47.3,383,2896,1501,58,38,27,58,21,437,100,Matchs
212,Erick,br BRA,MT,Ath Paranaense,25,1997,27.8,1444,55,303,943,219,78,1444,46,30,65.2,15,32.6,807,3609,1830,27,23,4,46,14,972,37,Matchs
213,Erison,br BRA,"AT,MT",São Paulo,23,1999,4.3,102,2,3,31,70,29,101,20,8,40.0,12,60.0,66,506,234,11,8,7,16,8,83,28,Matchs
214,Gonzalo Escobar,ar ARG,DF,Fortaleza,25,1997,6.4,445,19,104,212,134,6,445,10,7,70.0,2,20.0,213,1391,697,11,12,0,11,4,239,53,Matchs
215,Lucas Esquivel,ar ARG,DF,Ath Paranaense,21,2001,18.3,1271,55,434,569,278,8,1271,30,9,30.0,17,56.7,589,2913,1545,28,21,1,15,15,663,47,Matchs
216,Estevão,br BRA,MT,Internacional,20,2002,0.1,14,0,3,8,3,0,14,0,0,,0,,10,37,16,0,0,0,0,0,11,0,Matchs
217,Estevão,br BRA,DF,Palmeiras,16,2006,0.1,6,1,1,5,0,0,6,0,0,,0,,2,1,1,0,0,0,1,0,2,0,Matchs
218,Vitor Eudes,br BRA,GB,Fluminense,24,1998,1.0,25,22,25,0,0,0,25,0,0,,0,,18,64,30,0,0,0,0,0,15,0,Matchs
219,Lucas Evangelista,br BRA,MT,Red Bull Bragantino,27,1995,30.2,1908,34,195,843,880,76,1908,75,31,41.3,30,40.0,1014,4138,1705,34,40,7,63,49,1282,151,Matchs
220,Everaldo,br BRA,"AT,MT",América (MG),28,1994,13.7,572,8,73,212,300,33,572,55,16,29.1,25,45.5,385,3151,1612,54,35,10,31,13,406,101,Matchs
221,Éverson,br BRA,GB,Atlético Mineiro,32,1990,36.0,1141,1023,1139,3,0,0,1141,0,0,,0,,657,3233,2034,0,1,1,1,0,550,0,Matchs
222,Everton,br BRA,"AT,MT",Grêmio,25,1997,13.5,589,9,64,270,260,29,589,56,24,42.9,31,55.4,368,1999,765,21,19,8,38,30,421,64,Matchs
223,Bruno Fabiano Alves,br BRA,DF,Grêmio,31,1991,27.2,1151,159,607,522,26,13,1151,5,5,100.0,0,0.0,595,2731,1453,6,2,0,4,2,650,1,Matchs
224,Fabinho,br BRA,MT,Palmeiras,20,2002,6.5,391,13,76,250,66,4,391,9,3,33.3,4,44.4,220,1017,541,8,4,0,12,2,252,7,Matchs
225,Fábio,br BRA,GB,Fluminense,42,1980,35.0,1134,1022,1133,1,0,0,1134,0,0,,0,,591,2058,1066,0,0,0,3,0,504,0,Matchs
Clt,Joueur,Nation,Pos,Équipe,Âge,Naissance,90,Touches,SurfRépDéf,ZDéf,MilTer,ZOff,SurfRépOff,Action de jeu,Att,Succ,Succ%,Tkld,Tkld%,Balle au pied,TotDist,DistBut,PrgC,1/3,CSR,Manqué,Perte,Rec,PrgR,Matchs
226,Fábio,br BRA,"DF,MT",Grêmio,32,1990,9.7,582,41,144,231,210,16,582,5,2,40.0,3,60.0,269,1300,730,23,19,1,9,4,331,70,Matchs
227,Fagner,br BRA,DF,Corinthians,33,1989,23.3,1790,98,552,861,394,18,1790,29,13,44.8,14,48.3,948,4083,2277,45,35,4,27,11,1076,83,Matchs
228,Willian Farias,br BRA,MT,Coritiba,33,1989,10.7,551,33,156,348,54,1,551,18,14,77.8,4,22.2,298,1588,694,6,3,0,11,6,332,2,Matchs
229,Luiz Felipe,br BRA,DF,Santos,29,1993,0.0,0,0,0,0,0,0,0,0,0,,0,,0,0,0,0,0,0,0,0,0,0,Matchs
230,Marcos Felipe,br BRA,GB,Bahia,26,1996,37.0,1248,1105,1247,1,0,0,1248,0,0,,0,,639,3268,2140,0,1,0,1,0,498,0,Matchs
231,Matheus Felipe,br BRA,DF,Ath Paranaense,24,1998,5.9,295,45,160,129,8,1,295,1,0,0.0,1,100.0,152,667,314,4,3,0,2,1,184,0,Matchs
232,Danilo Fernandes,br BRA,GB,Bahia,34,1988,0.4,18,17,18,0,0,0,18,0,0,,0,,10,41,23,0,0,0,0,0,4,0,Matchs
233,Lucas Fernandes,br BRA,MT,Botafogo (RJ),25,1997,5.3,313,5,45,167,106,13,313,14,5,35.7,5,35.7,179,1232,529,14,8,3,12,5,216,27,Matchs
234,Matheus Fernandes,br BRA,MT,Red Bull Bragantino,24,1998,26.0,1576,40,287,1009,303,14,1576,51,30,58.8,17,33.3,856,3963,2040,41,45,2,42,24,936,46,Matchs
235,Nathan Fernandes,br BRA,"AT,MT",Grêmio,17,2005,4.2,170,3,18,52,105,20,170,24,16,66.7,5,20.8,129,1083,518,15,12,11,18,6,134,40,Matchs
236,Gatito Fernández,py PAR,GB,Botafogo (RJ),34,1988,0.5,15,13,15,0,0,0,15,0,0,,0,,9,39,24,0,0,0,0,0,3,0,Matchs
237,Leonardo Fernández,uy URU,"MT,AT",Fluminense,24,1998,7.3,552,6,73,223,264,10,551,41,19,46.3,18,43.9,346,1952,916,25,19,6,19,19,415,69,Matchs
238,Rodrigo Fernández,uy URU,MT,Santos,27,1996,22.4,1120,48,277,724,135,8,1120,20,8,40.0,10,50.0,631,3356,1781,18,17,2,22,11,632,8,Matchs
239,Fernandinho,br BRA,MT,Ath Paranaense,37,1985,21.5,1387,52,273,936,196,16,1386,35,19,54.3,12,34.3,854,4210,2130,35,39,4,19,19,988,52,Matchs
240,Fernando,br BRA,DF,Ath Paranaense,23,1999,5.3,373,12,99,188,87,1,373,3,1,33.3,2,66.7,199,1129,668,17,12,1,11,2,220,31,Matchs
241,Nahuel Ferraresi,ve VEN,AT,São Paulo,24,1998,0.0,3,0,2,1,0,0,3,0,0,,0,,0,0,0,0,0,0,0,0,0,0,Matchs
242,Ferreira,br BRA,"AT,MT",Grêmio,25,1997,12.7,700,9,93,288,344,48,700,72,35,48.6,34,47.2,481,3545,1949,53,40,17,36,19,526,128,Matchs
243,Sebastián Ferreira,py PAR,"AT,MT",Vasco da Gama,24,1998,4.9,155,0,9,66,81,20,155,5,3,60.0,2,40.0,90,344,106,3,3,0,12,7,115,20,Matchs
244,Figueiredo,br BRA,"AT,MT",Vasco da Gama,21,2001,7.3,360,9,56,140,172,31,360,42,21,50.0,19,45.2,218,1327,500,15,17,2,16,13,255,65,Matchs
245,Tobias Figueiredo,pt POR,DF,Fortaleza,28,1994,3.8,212,22,99,107,6,2,212,1,1,100.0,0,0.0,111,524,304,1,1,0,1,0,146,0,Matchs
246,Matheus França,br BRA,"MT,AT",Flamengo,18,2004,4.1,215,1,17,77,122,28,215,21,11,52.4,9,42.9,139,979,450,16,10,9,9,9,164,43,Matchs
247,Alan Franco,ec ECU,"MT,AT",Atlético Mineiro,24,1998,9.3,440,20,108,275,63,9,440,3,1,33.3,2,66.7,206,877,385,4,6,0,6,2,262,8,Matchs
248,Alan Franco,ar ARG,DF,São Paulo,26,1996,12.5,1030,112,486,522,27,10,1030,8,8,100.0,0,0.0,686,3515,1934,7,5,0,9,3,772,1,Matchs
249,Fransérgio,br BRA,MT,Coritiba,32,1990,5.9,356,24,84,241,34,6,356,7,6,85.7,1,14.3,210,1121,584,12,5,1,3,2,229,9,Matchs
250,Marlon Freitas,br BRA,MT,Botafogo (RJ),27,1995,32.3,2152,106,442,1458,268,19,2152,6,5,83.3,1,16.7,1236,6998,3427,34,33,2,13,3,1463,21,Matchs
Clt,Joueur,Nation,Pos,Équipe,Âge,Naissance,90,Touches,SurfRépDéf,ZDéf,MilTer,ZOff,SurfRépOff,Action de jeu,Att,Succ,Succ%,Tkld,Tkld%,Balle au pied,TotDist,DistBut,PrgC,1/3,CSR,Manqué,Perte,Rec,PrgR,Matchs
251,Bruno Fuchs,br BRA,DF,Atlético Mineiro,23,1999,12.1,776,99,378,389,17,0,776,5,3,60.0,2,40.0,482,2841,1881,5,6,0,2,3,528,0,Matchs
252,Julio Furch,ar ARG,"AT,MT",Santos,33,1989,6.8,277,10,16,126,141,45,277,12,7,58.3,5,41.7,152,525,197,5,10,1,19,6,208,49,Matchs
253,Gabriel,br BRA,DF,Bahia,21,2001,10.9,661,81,350,293,18,10,661,3,1,33.3,1,33.3,330,1790,1027,9,5,0,1,0,382,1,Matchs
254,Gabriel,br BRA,MT,Internacional,30,1992,8.5,721,13,149,523,57,0,721,4,1,25.0,1,25.0,447,2073,1095,7,10,0,8,6,535,3,Matchs
255,Gabriel,br BRA,GB,Coritiba,30,1992,30.7,1098,950,1090,8,0,0,1098,0,0,,0,,543,2839,1589,0,0,0,1,0,378,0,Matchs
256,Gabriel,br BRA,MT,Botafogo (RJ),29,1993,9.6,664,18,121,403,147,16,664,24,12,50.0,11,45.8,365,1784,789,11,12,1,19,17,452,29,Matchs
257,Eduardo Gabriel,br BRA,DF,Santos,26,1996,3.0,149,24,86,55,9,9,149,1,1,100.0,0,0.0,70,301,131,1,0,0,1,0,79,1,Matchs
258,Thalisson Gabriel,br BRA,DF,Coritiba,21,2002,10.5,577,98,346,218,17,6,577,7,7,100.0,0,0.0,285,1325,780,4,2,1,11,0,349,1,Matchs
259,Zé Gabriel,br BRA,MT,Vasco da Gama,24,1999,21.5,1263,87,420,764,95,8,1263,18,8,44.4,8,44.4,766,4094,2263,24,16,2,15,12,861,12,Matchs
260,Ighor Gabryel,br BRA,AT,América (MG),20,2003,0.3,14,1,2,5,7,2,14,1,0,0.0,1,100.0,8,20,0,0,0,0,4,1,9,2,Matchs
261,Matías Galarza,py PAR,MT,Vasco da Gama,20,2002,4.5,192,10,42,97,56,4,192,10,7,70.0,2,20.0,93,507,259,4,6,0,8,0,102,19,Matchs
262,Thiago Galhardo,br BRA,"AT,MT",Fortaleza,33,1989,20.8,727,27,83,343,309,87,725,54,29,53.7,22,40.7,423,2025,984,26,28,7,51,31,536,91,Matchs
263,JP Galvão,br BRA,DF,Botafogo (RJ),21,2001,2.2,118,8,40,53,26,0,118,3,0,0.0,2,66.7,51,237,111,2,0,0,2,2,51,10,Matchs
264,Ganso,br BRA,MT,Fluminense,33,1989,19.3,1494,26,273,763,464,27,1494,18,12,66.7,3,16.7,1002,3132,1455,17,27,3,14,11,1221,75,Matchs
265,Maurício Garcez,br BRA,"MT,AT",Coritiba,25,1997,6.6,216,13,29,88,103,23,216,17,9,52.9,8,47.1,114,649,366,11,5,3,16,9,143,34,Matchs
266,García,br BRA,DF,Palmeiras,21,2002,3.3,210,7,74,93,43,2,210,2,2,100.0,0,0.0,114,528,313,5,2,1,3,2,123,11,Matchs
267,Bryan García,ec ECU,MT,Ath Paranaense,22,2001,0.0,0,0,0,0,0,0,0,0,0,,0,,0,0,0,0,0,0,0,0,0,0,Matchs
268,Luan Garcia,br BRA,DF,Palmeiras,29,1993,20.2,1208,134,530,645,35,22,1208,8,7,87.5,1,12.5,748,3489,1952,12,6,0,9,2,818,0,Matchs
269,Rafael Gava,br BRA,MT,Cuiabá,29,1993,0.2,7,0,3,2,2,0,7,0,0,,0,,4,25,20,1,1,0,0,0,4,0,Matchs
270,Pedro Geromel,br BRA,DF,Grêmio,37,1985,5.2,291,48,161,122,9,1,291,0,0,,0,,164,661,307,0,1,0,2,0,168,4,Matchs
271,Gerson,br BRA,MT,Flamengo,25,1997,29.9,1821,44,230,913,701,106,1821,87,48,55.2,31,35.6,1182,5673,2873,82,59,16,53,33,1377,198,Matchs
272,Gil,br BRA,DF,Corinthians,35,1987,32.0,1761,353,1013,706,52,41,1761,5,1,20.0,4,80.0,1036,3768,1671,4,6,0,4,2,1196,5,Matchs
273,Gilberto,br BRA,AT,Cruzeiro,33,1989,12.1,364,10,26,160,179,52,364,7,3,42.9,3,42.9,173,597,214,10,7,4,24,8,260,55,Matchs
274,Gilberto,br BRA,DF,Bahia,29,1993,20.6,1425,46,328,707,410,24,1425,52,23,44.2,24,46.2,772,3948,2155,56,52,1,40,31,857,90,Matchs
275,Giovane,br BRA,AT,Corinthians,19,2003,1.5,50,2,7,21,23,4,50,4,0,0.0,4,100.0,30,146,35,1,2,0,6,4,34,7,Matchs
Clt,Joueur,Nation,Pos,Équipe,Âge,Naissance,90,Touches,SurfRépDéf,ZDéf,MilTer,ZOff,SurfRépOff,Action de jeu,Att,Succ,Succ%,Tkld,Tkld%,Balle au pied,TotDist,DistBut,PrgC,1/3,CSR,Manqué,Perte,Rec,PrgR,Matchs
276,Giovani,br BRA,AT,Palmeiras,19,2004,0.2,17,0,4,3,10,4,17,2,0,0.0,1,50.0,11,189,105,6,4,1,1,0,10,5,Matchs
277,Giovanni,br BRA,"MT,DF",Fluminense,21,2002,1.1,101,4,26,43,32,1,101,4,1,25.0,1,25.0,70,395,177,3,7,0,3,0,81,7,Matchs
278,Bruno Gomes,br BRA,MT,Coritiba,21,2001,24.4,1214,32,246,649,339,46,1214,69,33,47.8,29,42.0,665,3995,1994,53,35,16,47,23,789,61,Matchs
279,Igor Gomes,br BRA,"MT,AT",Atlético Mineiro,23,1999,15.3,862,15,138,407,331,30,862,43,30,69.8,10,23.3,516,2839,1191,32,27,5,45,16,600,83,Matchs
280,Igor Gomes,br BRA,DF,Internacional,21,2001,16.3,1235,88,477,610,164,18,1235,43,27,62.8,11,25.6,720,4500,2739,35,29,3,20,11,802,39,Matchs
281,Marlon Gomes,br BRA,MT,Vasco da Gama,19,2003,12.7,,,,,,,,,,,,,,,,,,,,,,,Matchs
282,William Gomes,br BRA,AT,São Paulo,16,2006,0.8,35,0,6,14,17,2,35,4,0,0.0,4,100.0,17,165,109,3,1,0,2,3,16,7,Matchs
283,Gustavo Gómez,py PAR,DF,Palmeiras,29,1993,30.7,1960,179,863,989,119,61,1960,6,5,83.3,1,16.7,1121,5117,2906,13,11,1,15,2,1300,19,Matchs
284,Sebastián Gómez,co COL,MT,Coritiba,26,1996,15.9,711,18,148,432,138,14,711,19,4,21.1,14,73.7,409,1801,807,17,7,1,25,7,440,33,Matchs
285,Aloísio dos Santos Gonçalves,cn CHN,"AT,MT",América (MG),34,1988,8.0,276,4,27,96,158,42,274,23,9,39.1,13,56.5,154,682,273,6,5,6,22,8,181,49,Matchs
286,Diego Gonçalves,br BRA,"AT,MT",Goiás,28,1994,4.0,185,10,34,73,80,14,185,17,8,47.1,8,47.1,109,524,207,6,4,2,17,4,119,26,Matchs
287,Mateus Gonçalves Martins,br BRA,"MT,AT",América (MG),28,1994,0.7,40,0,3,16,23,4,40,7,2,28.6,2,28.6,29,294,150,6,4,3,2,4,26,11,Matchs
288,Matheus Gonçalves,br BRA,"AT,MT",Flamengo,17,2005,0.2,23,0,0,7,16,0,23,2,1,50.0,1,50.0,18,95,52,1,1,0,1,0,20,4,Matchs
289,Matheus Gonçalves,br BRA,"AT,MT",Red Bull Bragantino,17,2005,5.1,370,2,33,144,206,26,370,44,22,50.0,20,45.5,272,2146,1150,33,35,9,23,17,278,36,Matchs
290,Yony González,co COL,"AT,MT",Fluminense,28,1994,6.4,194,13,40,50,105,43,194,7,4,57.1,3,42.9,89,328,99,3,0,2,10,3,122,47,Matchs
291,Roger Guedes,br BRA,"AT,MT",Corinthians,26,1996,15.0,646,14,64,293,298,66,644,41,16,39.0,20,48.8,436,2811,1295,38,28,17,25,13,517,100,Matchs
292,Guga,br BRA,DF,Fluminense,24,1998,16.8,1143,67,348,492,311,27,1143,11,4,36.4,5,45.5,670,2856,1529,31,21,3,20,17,740,93,Matchs
293,Guilherme,br BRA,MT,Goiás,31,1991,20.6,1089,10,147,525,421,38,1085,22,9,40.9,11,50.0,512,2179,1088,21,19,5,30,17,634,87,Matchs
294,Guilherme,br BRA,"AT,MT",Fortaleza,27,1995,15.7,725,15,114,278,344,60,725,51,20,39.2,23,45.1,428,3029,1500,60,31,23,35,15,449,104,Matchs
295,Guilherme,br BRA,"DF,MT",Red Bull Bragantino,20,2002,2.9,187,7,49,85,54,2,187,2,1,50.0,1,50.0,87,486,280,4,6,0,4,3,93,9,Matchs
296,Luis Guilherme,br BRA,"AT,MT",Palmeiras,16,2006,6.4,335,4,30,156,155,18,335,43,22,51.2,11,25.6,233,2020,1094,35,32,8,18,13,244,54,Matchs
297,Gustavinho,br BRA,"AT,MT",Grêmio,21,2001,0.4,26,0,4,14,9,1,26,1,0,0.0,1,100.0,18,68,38,0,1,0,1,1,21,2,Matchs
298,Gustavinho,br BRA,"MT,AT",Red Bull Bragantino,18,2004,7.4,399,6,48,208,149,12,399,36,24,66.7,11,30.6,225,1162,573,15,10,4,19,18,249,26,Matchs
299,Raphael Guzzo,pt POR,MT,Goiás,28,1995,6.4,377,14,72,214,94,9,377,6,3,50.0,3,50.0,187,1058,589,13,4,0,5,10,260,15,Matchs
300,Lucas Halter,br BRA,DF,Goiás,22,2000,28.7,1531,247,795,690,56,37,1531,12,8,66.7,4,33.3,852,4594,3256,20,5,1,11,6,970,1,Matchs
Clt,Joueur,Nation,Pos,Équipe,Âge,Naissance,90,Touches,SurfRépDéf,ZDéf,MilTer,ZOff,SurfRépOff,Action de jeu,Att,Succ,Succ%,Tkld,Tkld%,Balle au pied,TotDist,DistBut,PrgC,1/3,CSR,Manqué,Perte,Rec,PrgR,Matchs
301,Hayner,br BRA,"DF,MT",Coritiba,27,1995,3.4,190,10,54,79,60,2,190,19,11,57.9,5,26.3,105,930,516,14,14,0,8,2,104,15,Matchs
302,Thiago Heleno,br BRA,DF,Ath Paranaense,34,1988,30.9,1835,303,1011,787,52,40,1835,3,0,0.0,1,33.3,986,3717,1620,2,1,0,9,0,1156,2,Matchs
303,Helinho,br BRA,AT,Red Bull Bragantino,22,2000,15.4,1006,8,87,337,596,54,1006,85,39,45.9,39,45.9,640,4272,1902,54,46,19,45,15,707,168,Matchs
304,Henrique,br BRA,DF,Coritiba,36,1986,22.5,941,195,569,362,18,11,941,2,2,100.0,0,0.0,485,2559,1445,3,3,0,4,3,534,0,Matchs
305,Bruno Henrique,br BRA,"AT,MT",Flamengo,32,1990,17.1,736,23,73,241,435,88,736,62,27,43.5,30,48.4,484,3267,1714,64,47,21,44,26,550,198,Matchs
306,Bruno Henrique,br BRA,MT,Internacional,33,1989,11.7,842,18,86,568,192,13,842,7,4,57.1,3,42.9,456,1905,930,18,19,2,15,10,651,28,Matchs
307,Dalbert Henrique,br BRA,DF,Internacional,29,1993,5.5,389,7,107,192,93,0,389,7,1,14.3,6,85.7,196,802,384,5,9,0,9,1,216,21,Matchs
308,Fernando Henrique,br BRA,MT,Cruzeiro,21,2001,1.5,66,2,4,42,20,3,66,1,1,100.0,0,0.0,33,95,17,0,2,0,4,1,40,4,Matchs
309,Luis Henrique,br BRA,"AT,MT",Botafogo (RJ),21,2001,15.3,785,8,108,343,359,37,785,78,46,59.0,27,34.6,505,4050,1954,59,42,20,34,19,580,146,Matchs
310,Mateus Henrique,br BRA,DF,América (MG),20,2002,6.0,356,29,110,162,86,4,356,8,5,62.5,2,25.0,158,937,469,7,10,1,14,2,186,23,Matchs
311,Paulo Henrique,br BRA,DF,Vasco da Gama,26,1996,9.5,593,32,162,256,185,11,593,28,18,64.3,6,21.4,294,1705,948,22,17,6,14,8,298,39,Matchs
312,Pedro Henrique,br BRA,DF,Ath Paranaense,27,1995,9.5,567,90,284,257,29,9,567,4,3,75.0,1,25.0,307,1463,928,8,4,0,1,0,360,2,Matchs
313,Pedro Henrique,br BRA,"AT,MT",Internacional,32,1990,14.1,548,10,67,204,287,61,547,56,23,41.1,32,57.1,360,2679,1204,43,35,16,33,11,396,122,Matchs
314,Breno Herculano,br BRA,"AT,MT",Goiás,23,1999,0.9,24,1,1,10,13,3,24,1,0,0.0,1,100.0,11,67,24,0,2,1,1,2,16,5,Matchs
315,Hércules,br BRA,MT,Fortaleza,22,2000,8.6,416,14,79,247,95,11,416,27,17,63.0,9,33.3,237,1363,514,12,8,2,13,8,272,14,Matchs
316,Diego Hernández,uy URU,AT,Botafogo (RJ),22,2000,0.5,22,1,5,6,11,2,22,1,0,0.0,1,100.0,10,57,18,1,1,0,3,1,14,3,Matchs
317,Nicolás Hernández,co COL,DF,Internacional,25,1998,14.4,908,90,371,509,30,7,908,2,1,50.0,1,50.0,595,4757,3225,26,12,0,1,2,634,2,Matchs
318,Lucca Holanda,br BRA,AT,Internacional,19,2003,6.1,196,3,13,69,114,25,196,14,8,57.1,5,35.7,116,673,246,10,5,3,18,6,142,49,Matchs
319,Hugo,br BRA,DF,Goiás,25,1997,15.8,918,66,338,336,253,21,918,9,4,44.4,5,55.6,370,1679,969,22,18,6,16,7,462,68,Matchs
320,Hugo,br BRA,DF,Botafogo (RJ),21,2001,15.5,997,38,248,470,286,14,997,32,14,43.8,16,50.0,450,2487,1490,36,24,2,27,5,506,75,Matchs
321,Victor Hugo,br BRA,"MT,AT",Flamengo,18,2004,14.2,833,14,89,509,245,29,833,50,34,68.0,15,30.0,556,3286,1692,31,32,5,28,16,648,55,Matchs
322,Vitor Hugo,br BRA,DF,Bahia,31,1991,23.7,1245,138,618,592,36,27,1245,0,0,,0,,720,4433,2555,22,6,0,7,1,803,3,Matchs
323,Hulk,br BRA,AT,Atlético Mineiro,36,1986,32.7,1484,40,86,583,848,105,1479,176,83,47.2,71,40.3,940,5590,2688,87,75,32,126,109,1140,204,Matchs
324,José Hurtado,ec ECU,DF,Red Bull Bragantino,21,2001,18.0,1181,49,261,536,392,19,1181,38,20,52.6,15,39.5,577,3165,1683,57,34,9,18,7,569,79,Matchs
325,Hyoran,br BRA,"MT,AT",Atlético Mineiro,29,1993,7.7,391,8,47,177,172,15,391,21,10,47.6,10,47.6,224,1156,595,16,19,1,17,5,249,30,Matchs
Clt,Joueur,Nation,Pos,Équipe,Âge,Naissance,90,Touches,SurfRépDéf,ZDéf,MilTer,ZOff,SurfRépOff,Action de jeu,Att,Succ,Succ%,Tkld,Tkld%,Balle au pied,TotDist,DistBut,PrgC,1/3,CSR,Manqué,Perte,Rec,PrgR,Matchs
326,Igor,br BRA,MT,Flamengo,19,2003,0.9,71,2,5,46,21,1,71,1,1,100.0,0,0.0,47,206,73,2,2,0,3,2,55,3,Matchs
327,André Inácio,br BRA,AT,Flamengo,20,2002,0.2,5,0,3,1,1,0,5,0,0,,0,,2,3,0,0,0,0,0,0,2,1,Matchs
328,Gabriel Inocêncio,br BRA,DF,Santos,28,1994,14.2,929,55,301,442,197,11,929,53,24,45.3,26,49.1,446,2657,1268,24,17,3,26,17,485,46,Matchs
329,Isaac,br BRA,AT,Atlético Mineiro,18,2004,0.2,7,0,0,3,4,1,7,0,0,,0,,3,17,0,0,0,0,1,1,4,3,Matchs
330,Isaac,br BRA,"MT,DF",Fluminense,18,2004,1.5,122,0,26,36,63,9,122,22,11,50.0,9,40.9,73,470,217,6,4,3,9,4,78,24,Matchs
331,Juan Iturbe,py PAR,"AT,MT",Grêmio,29,1993,0.8,50,2,15,23,12,4,50,7,4,57.1,3,42.9,30,219,78,0,0,1,5,1,30,9,Matchs
332,Zé Ivaldo,br BRA,DF,Ath Paranaense,25,1997,11.3,669,79,322,340,14,2,669,12,8,66.7,1,8.3,344,1652,1001,9,2,0,9,3,400,2,Matchs
333,Ivonei,br BRA,MT,Santos,20,2002,0.0,3,0,0,3,0,0,3,0,0,,0,,1,5,0,0,0,0,0,0,3,1,Matchs
334,Vítor Jacaré,br BRA,"DF,MT",Bahia,23,1999,9.5,599,17,120,253,237,22,599,35,23,65.7,10,28.6,305,1901,1032,28,11,6,16,7,338,67,Matchs
335,Jadsom,br BRA,MT,Red Bull Bragantino,21,2001,21.1,1346,45,252,811,299,22,1346,26,18,69.2,6,23.1,696,3119,1308,16,20,3,26,24,813,51,Matchs
336,Jair,br BRA,MT,Vasco da Gama,28,1994,17.7,1147,34,210,725,226,21,1145,34,17,50.0,11,32.4,739,3955,2188,32,27,4,25,5,798,32,Matchs
337,Jamerson,br BRA,"DF,AT",Coritiba,24,1998,21.0,1179,63,398,521,287,16,1179,88,53,60.2,30,34.1,622,4177,2370,54,39,8,26,14,578,78,Matchs
338,Janderson,br BRA,"AT,MT",Botafogo (RJ),23,1999,4.6,189,4,11,76,108,25,189,22,9,40.9,12,54.5,107,730,339,16,8,5,23,7,125,31,Matchs
339,Jandrei,br BRA,GB,São Paulo,29,1993,5.0,248,205,247,1,0,0,248,0,0,,0,,147,617,405,0,0,0,0,0,151,0,Matchs
340,Léo Jardim,br BRA,GB,Vasco da Gama,27,1995,38.0,1049,912,1043,6,0,0,1049,0,0,,0,,491,2760,1706,0,0,0,0,0,339,0,Matchs
341,Jemerson,br BRA,DF,Atlético Mineiro,30,1992,27.5,1770,294,919,817,39,15,1770,7,4,57.1,3,42.9,1019,6322,4030,21,7,0,6,5,1115,5,Matchs
342,Jesé,es ESP,MT,Coritiba,29,1993,1.1,50,0,2,17,32,6,50,6,1,16.7,5,83.3,32,118,41,2,2,1,5,0,36,9,Matchs
343,Alexandre Jesus,br BRA,DF,Fluminense,21,2001,0.1,13,2,6,4,3,0,13,2,2,100.0,0,0.0,6,32,16,0,0,0,2,0,7,2,Matchs
344,Jhow,br BRA,DF,América (MG),19,2003,0.2,20,2,7,13,0,0,20,1,0,0.0,1,100.0,14,87,16,0,0,0,0,0,13,0,Matchs
345,Joaquim,br BRA,DF,Santos,24,1998,30.3,1584,251,854,647,94,61,1584,18,10,55.6,6,33.3,783,3995,2053,8,12,1,15,3,862,8,Matchs
346,John,br BRA,GB,Internacional,26,1996,9.0,252,212,252,0,0,0,252,1,1,100.0,0,0.0,121,666,398,0,0,0,1,0,73,0,Matchs
347,Felipe Jonatan,br BRA,DF,Santos,24,1998,1.0,84,1,19,45,24,0,84,3,2,66.7,1,33.3,54,215,139,3,3,0,0,0,56,5,Matchs
348,Jori,br BRA,GB,América (MG),26,1996,11.0,313,287,312,1,0,0,313,0,0,,0,,120,724,453,0,0,0,0,0,51,0,Matchs
349,Josué,br BRA,MT,Grêmio,17,2005,1.3,77,7,24,43,10,0,77,0,0,,0,,31,188,38,1,0,0,3,1,31,2,Matchs
350,Jhonatan Jowjow,br BRA,"MT,AT",Palmeiras,20,2002,9.9,426,11,63,204,167,23,426,35,20,57.1,12,34.3,217,1265,522,16,7,6,17,24,262,37,Matchs
Clt,Joueur,Nation,Pos,Équipe,Âge,Naissance,90,Touches,SurfRépDéf,ZDéf,MilTer,ZOff,SurfRépOff,Action de jeu,Att,Succ,Succ%,Tkld,Tkld%,Balle au pied,TotDist,DistBut,PrgC,1/3,CSR,Manqué,Perte,Rec,PrgR,Matchs
351,Daniel Jr,br BRA,MT,Cruzeiro,20,2002,0.3,43,2,6,14,25,0,43,9,6,66.7,1,11.1,36,215,90,2,4,0,3,1,39,4,Matchs
352,Luciano Juba,br BRA,"DF,MT",Bahia,23,1999,7.2,435,15,85,168,185,14,435,7,2,28.6,5,71.4,210,948,545,13,12,1,8,2,237,39,Matchs
353,Juninho,br BRA,MT,América (MG),35,1987,32.5,1274,57,274,589,434,94,1274,38,19,50.0,14,36.8,636,2777,1251,31,19,7,52,22,758,164,Matchs
354,Jussa,br BRA,MT,Cruzeiro,26,1996,19.6,977,47,270,591,121,14,977,17,13,76.5,3,17.6,530,2327,1103,10,9,0,21,8,611,13,Matchs
355,Justen,br BRA,DF,Fluminense,19,2003,0.6,34,5,13,18,4,1,34,0,0,,0,,19,42,17,0,0,0,1,0,24,3,Matchs
356,Kaiki,br BRA,"DF,AT",Cruzeiro,19,2003,2.5,140,9,41,67,33,3,140,14,7,50.0,6,42.9,49,297,147,3,3,0,7,2,49,9,Matchs
357,Kaio,br BRA,"MT,AT",Coritiba,18,2004,9.8,396,8,88,153,164,14,396,57,21,36.8,24,42.1,275,2200,1136,33,28,3,28,18,280,66,Matchs
358,Lucas Kal,br BRA,MT,América (MG),26,1996,13.7,711,39,176,440,99,9,711,4,2,50.0,2,50.0,422,2249,1243,21,11,0,8,3,453,13,Matchs
359,Walter Kannemann,ar ARG,DF,Grêmio,31,1991,26.2,1323,174,636,614,77,15,1323,8,3,37.5,3,37.5,605,3069,1764,12,10,2,9,5,680,1,Matchs
360,Kanu,br BRA,DF,Bahia,25,1997,32.3,1845,203,857,932,73,31,1845,18,15,83.3,2,11.1,1111,6187,3877,28,16,0,9,8,1197,7,Matchs
361,Alan Kardec,br BRA,"AT,MT",Atlético Mineiro,34,1989,2.9,71,1,2,38,32,14,71,2,2,100.0,0,0.0,31,98,32,2,0,0,4,1,50,7,Matchs
362,Kauan,br BRA,AT,Fortaleza,17,2005,0.1,12,0,1,2,9,0,12,2,0,0.0,2,100.0,9,30,11,1,1,0,1,1,9,1,Matchs
363,Vinicius Kaue,br BRA,"DF,MT",Ath Paranaense,19,2003,3.8,261,14,102,131,30,0,261,3,2,66.7,1,33.3,143,664,346,3,4,0,3,1,152,8,Matchs
364,Kayque,br BRA,MT,Botafogo (RJ),22,2000,0.3,27,0,6,14,7,0,27,2,0,0.0,2,100.0,16,74,38,1,0,0,0,0,20,1,Matchs
365,Renato Kayser,br BRA,"AT,MT",América (MG),26,1996,0.4,21,0,2,4,15,5,21,0,0,,0,,8,14,7,0,0,0,1,0,16,2,Matchs
366,Keiller,br BRA,GB,Internacional,26,1996,10.0,277,238,277,0,0,0,277,0,0,,0,,125,691,424,0,0,0,1,0,103,0,Matchs
367,John Kennedy,br BRA,"AT,MT",Fluminense,20,2002,15.2,555,17,62,201,301,87,555,95,41,43.2,47,49.5,356,1909,886,32,15,20,64,29,431,117,Matchs
368,Keno,br BRA,"AT,MT",Fluminense,33,1989,17.9,897,30,131,249,527,61,896,101,55,54.5,37,36.6,597,3852,2209,84,37,34,42,17,672,219,Matchs
369,Kevin,br BRA,"AT,DF",Palmeiras,20,2003,2.6,124,1,17,48,62,12,124,22,10,45.5,9,40.9,84,731,405,14,13,4,7,6,84,22,Matchs
370,Kevyson,br BRA,DF,Santos,18,2004,10.8,573,19,158,257,165,8,573,44,20,45.5,17,38.6,282,1871,871,34,21,2,11,8,319,62,Matchs
371,Khellven,br BRA,DF,Ath Paranaense,21,2001,11.1,591,38,183,223,188,13,591,13,8,61.5,5,38.5,280,1464,826,18,17,3,16,4,310,51,Matchs
372,Maurício Kozlinski,br BRA,GB,Fortaleza,31,1991,1.0,18,12,18,0,0,0,18,0,0,,0,,7,24,21,0,0,0,0,0,6,0,Matchs
373,Benjamín Kuscevic,cl CHI,DF,Coritiba,26,1996,22.5,1221,199,711,489,31,12,1221,11,10,90.9,1,9.1,682,3100,1460,6,5,1,12,1,719,5,Matchs
374,Derik Lacerda,br BRA,"AT,MT",Cuiabá,23,1999,7.3,250,2,40,91,127,22,250,32,16,50.0,9,28.1,170,1365,715,19,22,6,17,12,191,52,Matchs
375,Ignacio Laquintana,uy URU,AT,Red Bull Bragantino,23,1999,2.0,99,0,10,30,61,6,99,5,3,60.0,2,40.0,63,306,166,6,7,1,11,0,70,23,Matchs
Clt,Joueur,Nation,Pos,Équipe,Âge,Naissance,90,Touches,SurfRépDéf,ZDéf,MilTer,ZOff,SurfRépOff,Action de jeu,Att,Succ,Succ%,Tkld,Tkld%,Balle au pied,TotDist,DistBut,PrgC,1/3,CSR,Manqué,Perte,Rec,PrgR,Matchs
376,Thauan Lara,br BRA,"DF,MT",Internacional,19,2004,3.7,281,18,77,142,71,3,281,21,11,52.4,8,38.1,165,834,480,7,10,0,8,4,172,26,Matchs
377,Lelê,br BRA,"AT,MT",Fluminense,25,1997,12.7,384,12,61,148,183,74,384,33,12,36.4,20,60.6,203,1322,588,22,11,13,37,19,249,72,Matchs
378,Mauricio Lemos,uy URU,DF,Atlético Mineiro,27,1995,24.6,1537,214,757,754,37,15,1537,5,4,80.0,1,20.0,894,4992,2902,17,6,0,11,6,934,2,Matchs
379,Marcos Leonardo,br BRA,AT,Santos,19,2003,28.8,700,31,55,285,366,112,696,51,20,39.2,25,49.0,404,2163,967,41,21,18,63,35,511,147,Matchs
380,Lian,br BRA,MT,Grêmio,17,2005,0.1,3,0,0,3,0,0,3,0,0,,0,,2,13,9,0,0,0,1,0,3,0,Matchs
381,Lima,br BRA,"MT,AT",Fluminense,26,1996,28.1,1861,79,414,834,641,45,1861,83,50,60.2,25,30.1,1226,6227,3459,78,62,14,50,44,1403,146,Matchs
382,Lucas Lima,br BRA,"MT,AT",Santos,32,1990,24.5,1376,15,162,696,546,35,1376,40,22,55.0,16,40.0,771,4836,2484,65,51,10,34,19,839,84,Matchs
383,Leonardo Linck,br BRA,GB,Ath Paranaense,21,2001,5.0,151,134,151,1,0,0,151,0,0,,0,,67,405,235,0,0,0,1,0,43,0,Matchs
384,Liziero,br BRA,MT,Coritiba,24,1998,6.5,366,12,81,232,58,3,366,15,10,66.7,4,26.7,199,826,355,2,7,0,6,4,238,6,Matchs
385,Marcelo Lomba,br BRA,GB,Palmeiras,36,1986,3.0,110,99,109,1,0,0,110,0,0,,0,,55,290,203,0,0,0,0,0,47,0,Matchs
386,José López,ar ARG,"AT,MT",Palmeiras,22,2000,6.6,238,13,32,104,106,36,238,19,11,57.9,7,36.8,130,760,293,13,9,2,12,11,169,36,Matchs
387,Lucão,br BRA,DF,Red Bull Bragantino,24,1998,2.2,98,8,41,50,7,3,98,1,1,100.0,0,0.0,51,256,125,0,1,1,5,0,47,0,Matchs
388,Lucão,br BRA,GB,Red Bull Bragantino,21,2001,5.0,159,129,159,0,0,0,159,0,0,,0,,87,500,277,0,0,0,0,0,65,0,Matchs
389,Lucas,br BRA,DF,Santos,21,2001,6.8,419,26,145,188,90,6,419,14,7,50.0,4,28.6,189,1139,642,14,7,1,5,4,218,23,Matchs
390,Ayrton Lucas,br BRA,DF,Flamengo,25,1997,28.8,2149,76,527,1071,575,50,2149,89,49,55.1,28,31.5,1299,7260,3666,67,73,11,33,31,1487,133,Matchs
391,Jean Lucas,br BRA,MT,Santos,24,1998,20.1,1201,23,171,655,394,35,1201,59,30,50.8,21,35.6,672,4171,1835,37,37,10,51,30,787,64,Matchs
392,Jhonny Lucas,br BRA,MT,Goiás,22,2000,0.2,14,0,1,3,10,2,14,0,0,,0,,3,24,0,0,0,0,0,1,9,1,Matchs
393,João Lucas,br BRA,DF,Santos,24,1998,9.0,513,26,153,218,147,8,513,9,2,22.2,5,55.6,255,1336,711,15,15,1,8,8,263,40,Matchs
394,Ruan Lucas,br BRA,"MT,AT",Coritiba,18,2004,0.3,21,0,1,10,10,2,21,3,2,66.7,1,33.3,15,45,21,0,0,0,2,0,16,4,Matchs
395,Ian Luccas,br BRA,MT,Cruzeiro,19,2003,5.3,185,13,39,84,65,8,185,8,2,25.0,6,75.0,100,394,186,1,2,0,13,5,118,27,Matchs
396,Pedro Luccas,br BRA,GB,Coritiba,19,2004,3.0,113,106,113,0,0,0,113,0,0,,0,,45,205,145,0,0,0,0,0,44,0,Matchs
397,Luciano,br BRA,"MT,AT",São Paulo,29,1993,23.5,1119,11,105,610,420,74,1116,53,32,60.4,19,35.8,765,3755,1426,31,36,3,36,32,903,140,Matchs
398,Thomas Luciano,br BRA,DF,Grêmio,21,2002,3.5,180,14,65,69,46,6,180,6,3,50.0,0,0.0,71,243,101,3,1,1,5,2,77,14,Matchs
399,Luis,br BRA,AT,Cruzeiro,17,2005,0.1,11,1,2,5,4,0,11,0,0,,0,,3,9,0,0,0,0,0,0,4,1,Matchs
400,Filipe Luís,br BRA,DF,Flamengo,37,1985,5.9,468,26,121,245,105,5,468,7,3,42.9,1,14.3,275,1209,701,14,11,1,5,1,300,12,Matchs
Clt,Joueur,Nation,Pos,Équipe,Âge,Naissance,90,Touches,SurfRépDéf,ZDéf,MilTer,ZOff,SurfRépOff,Action de jeu,Att,Succ,Succ%,Tkld,Tkld%,Balle au pied,TotDist,DistBut,PrgC,1/3,CSR,Manqué,Perte,Rec,PrgR,Matchs
401,Victor Luis,br BRA,DF,Coritiba,29,1993,17.4,1031,72,360,477,207,6,1031,10,3,30.0,6,60.0,509,2989,1527,28,25,0,14,8,545,30,Matchs
402,David Luiz,br BRA,DF,Flamengo,35,1987,11.0,844,110,353,430,66,13,844,10,8,80.0,2,20.0,534,3037,1864,14,15,1,11,1,567,4,Matchs
403,Wallisson Luiz,br BRA,MT,Cruzeiro,25,1997,4.4,237,8,40,139,63,18,237,22,13,59.1,8,36.4,121,497,216,5,5,2,15,8,147,12,Matchs
404,Machado,br BRA,MT,Cruzeiro,27,1996,25.3,1454,56,290,891,284,15,1454,20,11,55.0,9,45.0,776,3143,1323,13,18,2,18,8,951,27,Matchs
405,Imanol Machuca,ar ARG,AT,Fortaleza,23,2000,7.5,363,1,24,137,215,29,363,56,30,53.6,21,37.5,233,2359,1095,38,29,12,17,18,257,78,Matchs
406,Mádson,br BRA,"DF,MT",Ath Paranaense,31,1992,14.8,631,38,175,278,184,46,631,9,4,44.4,3,33.3,211,819,365,8,4,4,5,1,297,69,Matchs
407,João Magno,br BRA,AT,Goiás,25,1997,10.9,290,20,38,131,122,40,290,12,3,25.0,8,66.7,133,725,317,13,9,4,34,14,186,41,Matchs
408,Maguinho,br BRA,DF,Goiás,30,1993,31.7,1624,135,545,640,451,62,1624,58,28,48.3,28,48.3,678,3674,1964,59,39,8,52,22,815,138,Matchs
409,Pablo Maia,br BRA,MT,São Paulo,21,2002,28.7,1974,83,426,1253,311,12,1974,25,17,68.0,6,24.0,1192,4758,1954,16,33,0,22,17,1418,32,Matchs
410,Thiago Maia,br BRA,MT,Flamengo,25,1997,23.3,1644,63,354,1041,264,8,1644,20,13,65.0,7,35.0,869,3283,1419,16,19,0,23,17,1173,51,Matchs
411,Maicon,br BRA,DF,Santos,34,1988,0.5,24,5,20,4,1,1,24,0,0,,0,,12,70,54,0,0,0,0,0,14,0,Matchs
412,Maicon,br BRA,DF,Vasco da Gama,34,1988,13.9,843,146,487,330,32,7,843,6,4,66.7,1,16.7,463,2076,1048,1,7,1,3,1,515,2,Matchs
413,Iago Maidana,br BRA,DF,América (MG),26,1996,24.0,1018,160,526,456,46,29,1018,4,3,75.0,1,25.0,483,3251,2198,17,6,0,9,3,504,7,Matchs
414,Hugo Mallo,es ESP,DF,Internacional,31,1991,3.6,308,16,102,158,49,6,308,3,0,0.0,3,100.0,172,798,533,4,2,0,4,2,215,15,Matchs
415,Léo Mana,br BRA,DF,Corinthians,18,2004,1.5,119,7,30,66,25,1,119,3,1,33.3,2,66.7,65,306,194,3,1,0,2,0,84,10,Matchs
416,Alef Manga,br BRA,"AT,MT",Coritiba,28,1994,8.9,340,3,33,124,189,42,339,27,17,63.0,8,29.6,195,1591,819,25,17,13,19,10,246,75,Matchs
417,Manoel,br BRA,DF,Fluminense,32,1990,3.2,238,39,124,110,4,1,238,3,2,66.7,0,0.0,161,729,435,0,1,0,1,1,182,0,Matchs
418,Fernando Marçal,br BRA,DF,Botafogo (RJ),33,1989,18.1,1249,61,346,580,339,10,1249,23,10,43.5,11,47.8,563,2426,1234,17,19,1,10,5,631,64,Matchs
419,Marcelo,br BRA,DF,Fluminense,34,1988,14.7,1277,32,272,601,412,29,1277,38,16,42.1,18,47.4,808,3441,2037,44,36,6,19,9,896,50,Matchs
420,Marcelo,br BRA,DF,Fortaleza,27,1996,12.0,561,73,291,256,16,6,561,3,1,33.3,1,33.3,295,1520,689,2,0,0,6,3,311,2,Matchs
421,João Marcelo,br BRA,DF,Cruzeiro,22,2000,1.8,129,15,51,75,6,0,129,2,2,100.0,0,0.0,80,495,375,6,2,0,0,0,83,0,Matchs
422,Marcinho,br BRA,DF,América (MG),26,1996,8.9,565,42,164,251,156,4,565,10,8,80.0,1,10.0,296,1471,792,12,8,1,5,3,306,23,Matchs
423,Erick Marcus,br BRA,"MT,AT",Vasco da Gama,18,2004,4.4,251,3,21,99,139,10,251,38,21,55.3,14,36.8,164,971,371,12,7,1,13,7,173,55,Matchs
424,Mariano,br BRA,DF,Atlético Mineiro,36,1986,17.4,1233,58,385,674,189,4,1233,18,13,72.2,4,22.2,615,2470,1241,16,20,1,5,1,735,27,Matchs
425,Marinho,br BRA,"AT,DF",Flamengo,32,1990,0.9,72,1,6,19,48,7,72,3,2,66.7,1,33.3,47,317,84,2,2,1,3,3,50,21,Matchs
Clt,Joueur,Nation,Pos,Équipe,Âge,Naissance,90,Touches,SurfRépDéf,ZDéf,MilTer,ZOff,SurfRépOff,Action de jeu,Att,Succ,Succ%,Tkld,Tkld%,Balle au pied,TotDist,DistBut,PrgC,1/3,CSR,Manqué,Perte,Rec,PrgR,Matchs
426,Marinho,br BRA,"AT,MT",Fortaleza,32,1990,12.7,501,6,39,167,304,43,500,50,18,36.0,25,50.0,324,2115,1039,42,21,22,27,16,344,89,Matchs
427,Marlon,br BRA,DF,Cruzeiro,25,1997,35.5,2605,84,765,1178,683,28,2605,36,23,63.9,9,25.0,1231,6229,3448,55,49,3,34,21,1442,176,Matchs
428,Marlon,br BRA,DF,América (MG),28,1994,18.6,1108,58,340,505,288,20,1108,43,22,51.2,13,30.2,577,4206,2451,63,38,3,25,11,576,80,Matchs
429,Marlon,br BRA,DF,Fluminense,27,1995,10.4,885,125,444,392,53,7,885,9,5,55.6,4,44.4,609,3054,1855,13,11,0,5,0,698,5,Matchs
430,Igor Marques,br BRA,DF,Cruzeiro,24,1999,1.3,97,4,27,40,33,1,97,0,0,,0,,48,314,185,8,3,0,3,5,53,10,Matchs
431,Renato Marques,br BRA,"AT,MT",América (MG),19,2003,5.7,173,7,21,73,83,14,173,10,4,40.0,6,60.0,109,609,295,11,9,6,11,7,122,21,Matchs
432,Juan Martín Lucero,ar ARG,AT,Fortaleza,31,1991,23.0,533,15,51,217,270,83,530,26,9,34.6,12,46.2,288,1305,585,20,15,9,42,23,375,100,Matchs
433,Martinelli,br BRA,"MT,DF",Fluminense,21,2001,20.9,1726,142,507,939,288,24,1726,32,17,53.1,12,37.5,1169,5958,3644,38,44,4,30,20,1364,28,Matchs
434,Andre Martins,br BRA,"AT,MT",Grêmio,21,2001,4.1,204,5,24,88,92,19,204,14,10,71.4,4,28.6,105,471,212,7,6,4,11,8,150,29,Matchs
435,Gustavo Martins Santos,br BRA,"DF,MT",Grêmio,20,2002,7.7,541,49,200,274,72,15,541,7,4,57.1,3,42.9,274,1451,851,8,12,1,11,2,337,9,Matchs
436,Gonzalo Mastriani,uy URU,AT,América (MG),29,1993,19.9,486,15,41,220,232,79,484,19,7,36.8,10,52.6,235,860,355,9,15,4,43,14,328,89,Matchs
437,Matheusinho,br BRA,"MT,AT",América (MG),24,1998,2.5,139,3,23,53,64,9,139,8,4,50.0,3,37.5,96,449,148,2,4,1,6,4,99,23,Matchs
438,Matheusinho,br BRA,DF,Cuiabá,24,1998,4.8,288,19,81,134,76,8,288,8,5,62.5,2,25.0,131,680,436,11,10,2,13,1,160,20,Matchs
439,Matheuzinho,br BRA,DF,Flamengo,22,2000,6.9,469,29,112,247,114,10,469,6,2,33.3,3,50.0,264,1137,501,9,8,0,7,2,289,29,Matchs
440,Mauricio,br BRA,"AT,MT",Internacional,21,2001,19.6,934,14,96,493,353,54,934,29,19,65.5,8,27.6,558,2518,1115,35,32,9,33,12,703,118,Matchs
441,Maycon,br BRA,MT,Corinthians,25,1997,26.7,1721,65,333,1119,278,25,1721,19,11,57.9,8,42.1,972,3695,2005,30,16,5,25,14,1230,33,Matchs
442,Mayke,br BRA,"DF,AT",Palmeiras,30,1992,27.8,1889,61,484,890,525,41,1889,29,15,51.7,14,48.3,1128,5433,2762,56,45,9,32,16,1227,170,Matchs
443,Gary Medel,cl CHI,"DF,MT",Vasco da Gama,35,1987,19.2,1257,192,650,581,31,0,1257,5,3,60.0,2,40.0,717,2722,1354,5,7,0,17,3,853,7,Matchs
444,Bruno Melo,br BRA,DF,Goiás,30,1992,32.1,1686,250,861,753,75,31,1686,3,0,0.0,0,0.0,971,4258,2626,8,10,1,8,0,1142,10,Matchs
445,Felipe Melo,br BRA,DF,Fluminense,39,1983,11.0,942,131,442,479,26,8,942,7,4,57.1,2,28.6,679,3423,2079,15,5,0,4,1,722,0,Matchs
446,Darlan Mendes,br BRA,MT,Grêmio,24,1998,0.5,22,2,9,10,3,0,22,0,0,,0,,12,37,7,0,0,0,0,0,12,0,Matchs
447,Matheus Mendes,br BRA,GB,Atlético Mineiro,23,1999,2.0,70,58,70,0,0,0,70,0,0,,0,,30,157,136,0,0,0,0,0,17,0,Matchs
448,Nathan Mendes,br BRA,DF,São Paulo,20,2002,13.1,959,28,293,467,215,16,959,42,13,31.0,25,59.5,528,3404,1675,29,22,5,27,10,627,48,Matchs
449,Vitor Mendes,br BRA,DF,Fluminense,23,1999,1.2,79,22,56,22,1,1,79,0,0,,0,,31,109,62,0,0,0,2,0,45,0,Matchs
450,Bruno Méndez,uy URU,DF,Corinthians,23,1999,18.3,1162,105,498,532,138,5,1162,4,1,25.0,2,50.0,593,2264,1201,16,13,1,8,5,719,23,Matchs
Clt,Joueur,Nation,Pos,Équipe,Âge,Naissance,90,Touches,SurfRépDéf,ZDéf,MilTer,ZOff,SurfRépOff,Action de jeu,Att,Succ,Succ%,Tkld,Tkld%,Balle au pied,TotDist,DistBut,PrgC,1/3,CSR,Manqué,Perte,Rec,PrgR,Matchs
451,Jhegson Méndez,ec ECU,MT,São Paulo,25,1997,4.1,247,12,66,161,21,0,247,5,3,60.0,2,40.0,126,534,201,3,1,0,0,1,174,3,Matchs
452,Óscar Méndez,uy URU,MT,América (MG),28,1994,2.9,108,13,37,65,8,0,108,2,2,100.0,0,0.0,43,205,110,2,1,0,3,4,52,0,Matchs
453,Stiven Mendoza,co COL,"AT,MT",Santos,30,1992,18.6,861,10,115,357,401,71,859,73,32,43.8,30,41.1,585,3425,1991,79,39,24,43,32,625,158,Matchs
454,Gabriel Menino,br BRA,MT,Palmeiras,22,2000,17.7,1334,20,222,795,324,15,1334,28,13,46.4,10,35.7,791,4356,2344,44,35,3,24,18,950,54,Matchs
455,Gabriel Mercado,ar ARG,DF,Internacional,35,1987,24.2,1325,176,701,602,27,13,1325,1,1,100.0,0,0.0,786,3104,1574,1,4,1,3,5,892,2,Matchs
456,Higor Meritão,br BRA,MT,Goiás,28,1994,2.5,141,4,37,78,27,5,141,4,4,100.0,0,0.0,79,331,135,1,4,0,8,4,88,1,Matchs
457,Messias,br BRA,DF,Santos,28,1994,26.6,1146,219,688,433,29,22,1146,0,0,,0,,526,1817,714,1,2,0,7,1,598,4,Matchs
458,Bruno Mezenga,br BRA,"AT,MT",Santos,34,1988,1.9,98,1,11,53,34,8,98,1,1,100.0,0,0.0,38,179,66,2,2,0,6,3,66,7,Matchs
459,Carlos Miguel,br BRA,GB,Corinthians,24,1998,1.2,46,39,46,0,0,0,46,0,0,,0,,28,163,101,0,0,0,1,0,15,0,Matchs
460,Fernando Miguel,br BRA,GB,Fortaleza,37,1985,5.1,129,113,129,0,0,0,129,0,0,,0,,62,445,362,0,0,0,0,0,32,0,Matchs
461,Mikael,br BRA,AT,América (MG),23,1999,1.7,47,0,1,18,31,11,47,10,8,80.0,1,10.0,32,274,145,7,5,4,7,2,32,9,Matchs
462,Lucas Milla,br BRA,MT,Grêmio,20,2003,3.4,191,6,48,117,30,3,191,7,7,100.0,0,0.0,90,418,195,5,6,1,7,5,103,7,Matchs
463,Mina,br BRA,DF,Goiás,19,2003,0.5,20,2,15,3,2,2,20,0,0,,0,,14,42,21,0,0,0,0,0,16,0,Matchs
464,Lucas Mineiro,br BRA,MT,Cuiabá,26,1996,6.8,282,11,39,167,79,8,282,8,4,50.0,3,37.5,138,707,312,5,2,2,8,3,188,25,Matchs
465,Vinicius Mingotti,br BRA,AT,Bahia,23,2000,7.3,131,4,11,65,58,22,131,2,1,50.0,1,50.0,65,299,141,2,3,1,10,5,85,25,Matchs
466,Miranda,br BRA,DF,Vasco da Gama,23,2000,4.3,267,29,99,150,20,7,267,1,1,100.0,0,0.0,180,782,483,2,4,1,2,1,179,2,Matchs
467,Moises,br BRA,"MT,AT",Fortaleza,26,1996,4.1,171,1,8,64,103,35,171,29,15,51.7,14,48.3,112,1144,530,19,13,10,8,7,129,46,Matchs
468,Rodrigo Moledo,br BRA,DF,Internacional,35,1987,5.3,354,46,144,206,5,3,354,0,0,,0,,217,1092,644,6,0,0,0,2,250,0,Matchs
469,Rafael Monteiro,br BRA,MT,Fluminense,18,2004,0.0,5,0,1,1,3,0,5,0,0,,0,,4,27,26,1,0,0,0,0,4,1,Matchs
470,Júnior Moraes,ua UKR,DF,Corinthians,35,1987,0.0,1,0,0,0,1,0,1,0,0,,0,,0,0,0,0,0,0,0,0,0,0,Matchs
471,João Moreira,pt POR,DF,São Paulo,18,2004,0.8,54,0,11,30,15,0,54,2,2,100.0,0,0.0,43,219,114,1,2,0,0,1,43,6,Matchs
472,Everton Morelli,br BRA,MT,Goiás,25,1997,28.7,1279,65,322,714,252,37,1279,31,13,41.9,16,51.6,685,3961,1945,36,27,5,48,34,793,75,Matchs
473,Alfredo Morelos,co COL,"AT,MT",Santos,26,1996,0.9,50,0,3,29,18,4,50,0,0,,0,,28,103,48,1,0,1,2,2,43,6,Matchs
474,Marcelino Moreno,ar ARG,MT,Coritiba,28,1994,25.6,1309,6,130,581,638,58,1309,199,87,43.7,85,42.7,880,6383,3164,100,77,29,84,49,896,188,Matchs
475,Gabriel Moscardo,br BRA,MT,Corinthians,17,2005,12.6,726,56,205,463,72,5,726,36,23,63.9,12,33.3,398,2069,1175,17,11,2,27,10,458,16,Matchs
Clt,Joueur,Nation,Pos,Équipe,Âge,Naissance,90,Touches,SurfRépDéf,ZDéf,MilTer,ZOff,SurfRépOff,Action de jeu,Att,Succ,Succ%,Tkld,Tkld%,Balle au pied,TotDist,DistBut,PrgC,1/3,CSR,Manqué,Perte,Rec,PrgR,Matchs
476,Henry Mosquera,co COL,"AT,MT",Red Bull Bragantino,21,2001,11.8,542,9,48,156,360,54,542,106,55,51.9,46,43.4,412,3379,2057,71,50,23,32,26,418,161,Matchs
477,Gustavo Mosquito,br BRA,"AT,MT",Corinthians,25,1997,3.4,172,7,33,65,76,12,172,21,5,23.8,14,66.7,106,862,362,14,11,5,11,5,123,29,Matchs
478,Hugo Moura,br BRA,MT,Ath Paranaense,25,1998,14.7,785,28,191,529,70,5,785,14,4,28.6,9,64.3,386,1707,768,11,7,0,6,4,471,10,Matchs
479,Lucas Moura,br BRA,"AT,MT",São Paulo,30,1992,9.6,469,11,36,223,219,23,469,64,35,54.7,22,34.4,318,2123,972,29,31,5,14,22,373,63,Matchs
480,Neto Moura,br BRA,MT,Cruzeiro,26,1996,5.5,306,5,45,185,78,6,306,4,4,100.0,0,0.0,163,660,288,3,3,3,5,2,199,17,Matchs
481,Lucas Mugni,ar ARG,"MT,AT",Bahia,31,1992,4.0,256,4,33,141,85,7,256,10,5,50.0,5,50.0,158,677,270,7,6,1,13,4,169,18,Matchs
482,Murillo,br BRA,DF,Corinthians,20,2002,12.9,853,146,437,396,28,9,853,14,9,64.3,3,21.4,494,2162,1144,10,7,0,5,3,551,2,Matchs
483,Andrey Ramos do Nascimento,br BRA,MT,Coritiba,24,1998,12.5,843,47,216,491,156,7,843,10,6,60.0,3,30.0,435,2168,1097,16,17,3,15,9,524,16,Matchs
484,Bruno Nascimento,br BRA,"AT,MT",Cruzeiro,25,1997,31.3,1363,20,117,505,770,99,1360,121,56,46.3,51,42.1,839,5474,2948,102,79,25,84,42,1001,270,Matchs
485,Matheus Nascimento,br BRA,"AT,MT",Botafogo (RJ),18,2004,1.1,29,0,0,17,13,6,29,1,0,0.0,0,0.0,15,110,21,1,2,0,4,2,21,4,Matchs
486,Nata,br BRA,"AT,DF",Grêmio,21,2001,0.2,13,1,5,7,1,0,13,0,0,,0,,8,31,19,0,0,0,0,0,10,0,Matchs
487,Natan,br BRA,DF,Red Bull Bragantino,21,2001,9.3,470,53,201,254,20,7,470,2,1,50.0,1,50.0,272,2021,1130,7,3,0,6,0,262,0,Matchs
488,Natanael,br BRA,DF,Coritiba,21,2002,27.8,1560,91,549,629,404,29,1560,50,23,46.0,23,46.0,717,4072,2007,43,31,6,39,27,740,120,Matchs
489,Nathan,br BRA,DF,Santos,21,2001,5.5,283,13,88,131,69,4,283,26,16,61.5,8,30.8,146,829,436,16,10,0,6,6,141,24,Matchs
490,Nathan,br BRA,"MT,AT",Grêmio,26,1996,7.6,403,9,50,205,152,14,403,20,8,40.0,7,35.0,218,971,494,13,14,1,8,5,269,40,Matchs
491,Rafael Navarro,br BRA,AT,Palmeiras,22,2000,1.4,57,1,3,24,33,6,57,4,3,75.0,1,25.0,33,218,77,2,3,1,8,3,39,8,Matchs
492,Kaiky Naves,br BRA,"DF,AT",Palmeiras,20,2002,5.8,316,36,167,148,4,2,316,1,1,100.0,0,0.0,169,749,388,2,2,0,1,1,197,0,Matchs
493,Felipe Negrucci,br BRA,MT,São Paulo,18,2004,0.2,8,1,4,3,1,0,8,0,0,,0,,5,23,10,0,1,0,0,0,6,0,Matchs
494,Emerson Negueba,br BRA,AT,Cuiabá,22,2000,5.4,216,3,23,92,109,19,216,18,10,55.6,8,44.4,140,895,391,9,11,2,17,8,156,50,Matchs
495,Neris,br BRA,DF,Cruzeiro,30,1992,23.5,1239,159,545,662,41,19,1239,17,11,64.7,5,29.4,740,4608,3138,21,9,0,14,6,770,3,Matchs
496,Rodrigo Nestor,br BRA,"MT,AT",São Paulo,22,2000,16.1,822,7,119,392,317,52,822,45,30,66.7,15,33.3,475,2602,1251,43,26,13,31,16,613,101,Matchs
497,João Neto,br BRA,"MT,DF",Fluminense,19,2003,0.6,27,0,2,7,18,1,27,1,1,100.0,0,0.0,17,87,30,0,1,0,2,2,22,12,Matchs
498,Gabriel Neves,uy URU,MT,São Paulo,25,1997,10.7,915,25,146,649,125,7,915,6,4,66.7,2,33.3,571,2151,1146,11,11,1,6,5,702,24,Matchs
499,Newton,br BRA,MT,Botafogo (RJ),22,2000,0.1,8,0,0,4,4,1,8,0,0,,0,,8,29,6,0,1,0,0,1,8,0,Matchs
500,Nicolas,br BRA,DF,América (MG),25,1997,8.0,398,38,149,145,109,8,398,13,6,46.2,7,53.8,187,1083,508,15,13,2,11,3,177,24,Matchs
Clt,Joueur,Nation,Pos,Équipe,Âge,Naissance,90,Touches,SurfRépDéf,ZDéf,MilTer,ZOff,SurfRépOff,Action de jeu,Att,Succ,Succ%,Tkld,Tkld%,Balle au pied,TotDist,DistBut,PrgC,1/3,CSR,Manqué,Perte,Rec,PrgR,Matchs
501,Nikão,br BRA,"AT,MT",Cruzeiro,30,1992,8.9,468,2,47,181,243,28,468,16,10,62.5,4,25.0,288,1443,561,11,13,3,15,7,324,87,Matchs
502,Nino,br BRA,DF,Fluminense,25,1997,23.9,1909,228,880,955,84,27,1909,19,13,68.4,3,15.8,1363,7902,5714,42,14,1,9,3,1472,5,Matchs
503,Freddy Noguera,py PAR,AT,Grêmio,19,2004,0.3,8,0,0,5,3,0,8,3,2,66.7,1,33.3,10,24,11,0,0,0,3,3,8,0,Matchs
504,Nonato,br BRA,MT,Santos,24,1998,7.3,340,4,62,178,109,11,340,15,6,40.0,8,53.3,183,1147,528,10,12,2,7,4,215,18,Matchs
505,Gabriel Novaes,br BRA,AT,Goiás,23,1999,1.1,27,3,6,12,9,2,27,0,0,,0,,15,108,27,2,1,0,1,3,17,4,Matchs
506,Ruan Oliveira Ferreira,br BRA,"MT,AT",Corinthians,22,2000,9.8,472,11,72,253,152,10,472,28,16,57.1,9,32.1,248,1570,786,23,15,1,19,10,291,44,Matchs
507,Lucas Oliveira,br BRA,DF,Cruzeiro,26,1996,14.6,924,130,471,434,26,7,924,6,5,83.3,1,16.7,555,3234,2087,11,7,0,8,2,601,4,Matchs
508,Pedro Oliveira,br BRA,"AT,MT",Goiás,18,2004,2.2,57,1,7,32,18,7,57,8,5,62.5,3,37.5,30,185,79,2,1,1,4,0,29,10,Matchs
509,Cauly Oliveira Souza,br BRA,"MT,AT",Bahia,27,1995,28.3,1677,10,75,786,851,78,1677,126,73,57.9,47,37.3,1024,6189,3288,112,98,25,64,53,1225,182,Matchs
510,Luca Orellano,ar ARG,"AT,MT",Vasco da Gama,22,2000,6.9,373,3,42,153,194,15,373,46,23,50.0,19,41.3,250,1966,897,23,25,3,17,19,260,47,Matchs
511,Leo Ortiz,br BRA,DF,Red Bull Bragantino,27,1996,17.8,1236,165,519,664,62,19,1236,9,5,55.6,3,33.3,669,3898,2604,28,13,1,6,4,751,2,Matchs
512,Otávio,br BRA,MT,Atlético Mineiro,28,1994,25.6,1660,59,371,1197,100,2,1660,10,5,50.0,3,30.0,962,4234,1974,12,14,0,10,4,1149,12,Matchs
513,João Othavio Basso,br BRA,DF,Santos,26,1997,12.8,778,86,389,352,42,13,778,4,4,100.0,0,0.0,437,2578,1607,10,7,1,4,1,483,2,Matchs
514,Luis Oyama,br BRA,MT,Goiás,26,1997,6.2,304,13,49,192,65,6,304,14,7,50.0,7,50.0,181,1052,486,13,10,3,11,8,189,18,Matchs
515,Pablinho,br BRA,AT,Cuiabá,19,2003,0.4,13,0,1,9,4,0,13,1,0,0.0,1,100.0,7,53,2,0,1,0,2,0,8,2,Matchs
516,Pablo,br BRA,AT,Ath Paranaense,30,1992,15.5,626,22,74,323,237,50,626,22,7,31.8,14,63.6,362,1486,596,15,12,5,34,15,433,60,Matchs
517,Pablo,br BRA,DF,Flamengo,31,1991,4.7,368,55,157,207,4,2,368,1,1,100.0,0,0.0,231,1170,703,4,0,0,1,0,263,1,Matchs
518,Bruno Pacheco,br BRA,DF,Fortaleza,31,1991,29.7,1633,71,467,778,414,23,1633,70,30,42.9,28,40.0,803,4452,2423,49,50,4,25,21,889,98,Matchs
519,Helibelton Palacios,co COL,DF,Cruzeiro,29,1993,7.0,363,27,74,164,126,6,363,10,3,30.0,6,60.0,164,655,323,6,7,0,11,7,186,34,Matchs
520,Julián Palacios,ar ARG,"AT,MT",Goiás,23,1999,18.1,816,7,68,332,433,35,816,94,53,56.4,32,34.0,521,3169,1594,49,43,12,38,34,560,116,Matchs
521,Nino Paraíba,br BRA,DF,América (MG),37,1986,2.2,134,2,18,61,57,0,134,5,4,80.0,1,20.0,72,471,239,4,7,0,5,3,77,19,Matchs
522,Mateus Pasinato,br BRA,GB,América (MG),30,1992,10.0,278,248,278,0,0,0,278,1,1,100.0,0,0.0,143,980,637,0,1,0,0,0,63,0,Matchs
523,Weslley Patati,br BRA,"AT,MT",Santos,19,2003,1.5,109,1,11,42,57,10,109,15,5,33.3,10,66.7,80,578,217,9,8,5,7,5,77,20,Matchs
524,Alexandre Pato,br BRA,"AT,MT",São Paulo,33,1989,1.8,73,1,5,22,46,6,72,10,8,80.0,2,20.0,39,209,73,2,1,0,4,1,60,10,Matchs
525,Patrick,br BRA,"MT,AT",Atlético Mineiro,30,1992,6.2,439,12,99,183,162,22,439,35,14,40.0,18,51.4,233,1226,566,20,19,8,23,16,284,54,Matchs
Clt,Joueur,Nation,Pos,Équipe,Âge,Naissance,90,Touches,SurfRépDéf,ZDéf,MilTer,ZOff,SurfRépOff,Action de jeu,Att,Succ,Succ%,Tkld,Tkld%,Balle au pied,TotDist,DistBut,PrgC,1/3,CSR,Manqué,Perte,Rec,PrgR,Matchs
526,Alan Patrick,br BRA,"MT,AT",Internacional,31,1991,27.2,1526,10,117,787,643,55,1525,105,61,58.1,37,35.2,996,5618,2552,62,65,13,61,52,1162,130,Matchs
527,Luan Patrick,br BRA,DF,Red Bull Bragantino,21,2002,12.4,705,71,334,349,25,12,705,1,0,0.0,1,100.0,404,2045,1128,6,3,1,4,0,435,1,Matchs
528,Patryck,br BRA,DF,São Paulo,20,2003,4.2,221,10,78,95,48,2,221,3,2,66.7,1,33.3,95,407,208,4,2,1,3,4,102,16,Matchs
529,Giuliano de Paula,br BRA,"MT,AT",Corinthians,32,1990,18.1,1068,28,188,667,219,25,1068,25,12,48.0,9,36.0,600,2259,1068,15,9,4,26,12,753,34,Matchs
530,Jair Paula,br BRA,DF,Santos,17,2005,0.4,20,2,6,14,0,0,20,1,1,100.0,0,0.0,14,71,54,1,0,0,0,0,12,0,Matchs
531,Paulinho,br BRA,DF,América (MG),18,2004,0.3,19,0,7,3,9,1,19,0,0,,0,,12,55,12,1,0,0,1,2,12,6,Matchs
532,Paulinho,br BRA,"AT,MT",Atlético Mineiro,22,2000,33.2,1431,24,155,673,646,153,1431,102,52,51.0,46,45.1,908,5968,2896,95,85,34,83,38,1066,234,Matchs
533,Paulinho,br BRA,MT,Vasco da Gama,26,1997,18.2,1139,15,168,685,306,22,1139,68,33,48.5,32,47.1,734,4385,2180,47,39,8,28,29,814,55,Matchs
534,Paulinho,br BRA,DF,Vasco da Gama,17,2005,0.5,,,,,,,,,,,,,,,,,,,,,,,Matchs
535,Paulinho,br BRA,"MT,AT",Corinthians,34,1988,1.6,81,4,19,44,19,5,81,4,3,75.0,0,0.0,33,188,55,3,1,1,3,0,54,5,Matchs
536,Caio Paulista,br BRA,DF,São Paulo,24,1998,23.1,1654,47,369,813,506,59,1654,119,67,56.3,39,32.8,1017,6617,3715,112,67,18,44,32,1086,166,Matchs
537,Wellington Paulista,br BRA,AT,América (MG),38,1984,2.5,70,2,4,30,36,20,69,1,1,100.0,0,0.0,29,109,37,2,0,1,7,1,47,5,Matchs
538,João Paulo,br BRA,GB,Santos,27,1995,35.7,1011,860,1001,11,0,0,1011,1,1,100.0,0,0.0,459,2626,1561,0,0,0,1,0,295,0,Matchs
539,Marcos Paulo,br BRA,"AT,MT",São Paulo,21,2001,5.9,304,6,23,128,156,34,304,38,16,42.1,19,50.0,193,1020,462,13,7,10,21,20,227,58,Matchs
540,Cristian Pavón,ar ARG,"AT,MT",Atlético Mineiro,27,1996,21.5,1212,18,149,519,559,86,1211,75,35,46.7,33,44.0,788,4810,2412,85,54,32,40,33,905,220,Matchs
541,Dimitri Payet,fr FRA,"MT,AT",Vasco da Gama,35,1987,8.9,513,7,48,234,237,21,513,20,14,70.0,5,25.0,310,1591,772,27,21,7,18,9,372,57,Matchs
542,Pedrinho,br BRA,"AT,MT",América (MG),23,1999,4.6,192,2,23,77,100,23,192,31,14,45.2,14,45.2,141,1696,921,29,15,15,13,9,143,29,Matchs
543,Pedrinho,br BRA,"DF,MT",Ath Paranaense,20,2002,4.0,251,13,94,106,55,1,251,4,1,25.0,1,25.0,106,417,209,2,5,0,9,3,135,16,Matchs
544,Pedrinho,br BRA,"MT,AT",Atlético Mineiro,24,1998,7.0,478,3,32,257,196,2,478,20,11,55.0,7,35.0,317,1831,791,15,28,0,14,6,367,34,Matchs
545,Pedrinho,br BRA,AT,Flamengo,19,2003,0.2,14,0,2,6,6,0,14,1,0,0.0,1,100.0,4,16,4,0,1,0,0,0,4,0,Matchs
546,Pedro,br BRA,AT,Flamengo,25,1997,23.9,634,17,45,282,319,99,630,43,19,44.2,22,51.2,366,1440,536,16,12,6,55,23,455,108,Matchs
547,João Pedro,br BRA,AT,Cruzeiro,19,2003,0.1,2,0,0,0,2,0,2,0,0,,0,,2,6,2,0,0,0,0,0,2,1,Matchs
548,João Pedro,it ITA,AT,Grêmio,30,1992,6.8,199,10,27,85,91,29,199,16,5,31.3,11,68.8,96,525,269,8,6,5,13,7,132,36,Matchs
549,João Pedro,br BRA,DF,Grêmio,26,1996,23.1,1265,62,319,616,343,27,1265,61,35,57.4,21,34.4,658,4165,2264,60,47,12,25,15,725,68,Matchs
550,João Pedro Pepê,br BRA,MT,Grêmio,25,1998,15.5,946,53,214,566,179,14,946,36,20,55.6,11,30.6,583,2917,1598,20,18,3,22,14,670,39,Matchs
Clt,Joueur,Nation,Pos,Équipe,Âge,Naissance,90,Touches,SurfRépDéf,ZDéf,MilTer,ZOff,SurfRépOff,Action de jeu,Att,Succ,Succ%,Tkld,Tkld%,Balle au pied,TotDist,DistBut,PrgC,1/3,CSR,Manqué,Perte,Rec,PrgR,Matchs
551,Jean Pedroso,br BRA,DF,Coritiba,19,2004,6.5,332,33,146,183,5,1,332,4,4,100.0,0,0.0,203,1043,641,4,2,0,1,1,212,0,Matchs
552,Matheus Peixoto,br BRA,AT,Goiás,27,1995,9.8,244,16,27,121,99,33,243,4,3,75.0,1,25.0,111,405,150,4,3,1,20,6,167,28,Matchs
553,Léo Pelé,br BRA,DF,Vasco da Gama,26,1996,30.2,1872,225,802,963,117,7,1872,20,17,85.0,2,10.0,1151,7113,4662,55,34,0,13,7,1294,9,Matchs
554,Carlos de Pena,uy URU,"MT,AT",Internacional,30,1992,15.8,898,25,133,488,281,25,898,9,0,0.0,8,88.9,486,2216,1064,23,15,2,10,14,592,55,Matchs
555,Léo Pereira,br BRA,DF,Flamengo,27,1996,29.4,2369,214,913,1319,148,30,2369,14,9,64.3,3,21.4,1518,8533,5253,43,26,0,26,6,1700,16,Matchs
556,Matheus Pereira,pt POR,"AT,MT",Cruzeiro,26,1996,11.4,684,1,42,368,282,21,684,19,8,42.1,10,52.6,431,1861,788,17,17,6,17,10,509,74,Matchs
557,Bruno Peres,br BRA,"DF,MT",Ath Paranaense,32,1990,1.7,96,3,31,46,20,2,96,0,0,,0,,53,196,103,0,0,0,1,0,62,3,Matchs
558,Lucas Perri,br BRA,GB,Botafogo (RJ),25,1997,37.5,1150,912,1133,16,2,2,1150,0,0,,0,,595,3606,2412,0,0,0,2,0,422,0,Matchs
559,Lucas Piazon,br BRA,AT,Botafogo (RJ),29,1994,0.2,8,0,1,4,3,0,8,0,0,,0,,5,53,2,0,0,0,0,1,5,3,Matchs
560,Yago Pikachu,br BRA,"AT,MT",Fortaleza,30,1992,19.5,798,17,107,330,369,77,797,23,9,39.1,13,56.5,472,2223,1112,40,15,14,20,19,541,170,Matchs
561,Rodrigo Pinho,br BRA,AT,Coritiba,31,1991,4.3,118,6,15,63,42,11,118,8,2,25.0,3,37.5,59,271,122,4,5,1,7,5,78,11,Matchs
562,Joaquín Piquerez,uy URU,DF,Palmeiras,24,1998,28.1,1810,77,447,852,536,34,1809,43,17,39.5,23,53.5,979,4981,2675,55,39,6,38,17,1073,163,Matchs
563,Gabriel Pirani,br BRA,"MT,AT",Fluminense,20,2002,4.4,234,3,66,91,85,16,234,27,12,44.4,14,51.9,151,934,475,13,8,5,10,5,181,25,Matchs
564,Rafael Pires,br BRA,GB,São Paulo,33,1989,33.0,1056,952,1055,1,0,0,1056,0,0,,0,,569,2372,1180,0,0,0,0,0,494,0,Matchs
565,Lucas Piton,br BRA,DF,Vasco da Gama,22,2000,36.5,2287,113,663,935,715,36,2287,63,24,38.1,36,57.1,1134,5720,3168,88,65,6,33,10,1304,220,Matchs
566,Isidro Pitta,py PAR,AT,Cuiabá,23,1999,9.1,319,9,30,125,167,42,318,17,8,47.1,8,47.1,212,1172,540,23,18,13,26,19,282,77,Matchs
567,Tomas Pochettino,ar ARG,"MT,AT",Fortaleza,26,1996,22.1,1116,36,130,574,427,45,1116,54,30,55.6,22,40.7,631,4130,1849,55,48,8,35,13,717,130,Matchs
568,Luan Polli,br BRA,GB,Coritiba,29,1993,4.3,122,104,122,0,0,0,122,0,0,,0,,61,328,245,0,0,0,2,0,39,0,Matchs
569,Wesley Pombo,br BRA,MT,Coritiba,20,2002,0.6,24,0,1,9,14,1,24,4,1,25.0,3,75.0,15,96,36,2,0,1,6,0,16,5,Matchs
570,Mateo Ponte,uy URU,DF,Botafogo (RJ),19,2003,0.2,15,2,3,11,1,0,15,1,0,0.0,1,100.0,6,23,17,0,0,0,0,1,7,1,Matchs
571,William Pottker,br BRA,"AT,MT",Coritiba,29,1993,1.3,62,1,19,25,19,3,62,7,2,28.6,4,57.1,40,323,129,4,1,0,6,5,43,8,Matchs
572,Bruno Praxedes,br BRA,MT,Vasco da Gama,20,2002,14.9,813,28,152,493,178,29,813,30,19,63.3,9,30.0,499,3141,1433,39,21,2,19,11,569,36,Matchs
573,Bruno Praxedes,br BRA,MT,Red Bull Bragantino,20,2002,0.1,6,0,0,3,3,0,6,0,0,,0,,4,29,2,0,0,0,1,0,4,0,Matchs
574,Erick Pulgar,cl CHI,MT,Flamengo,29,1994,22.2,1583,67,334,1027,233,18,1583,11,5,45.5,6,54.5,876,3741,1669,16,23,2,23,13,1119,31,Matchs
575,Nicolás Quagliata,uy URU,"AT,MT",Cuiabá,23,1999,2.6,180,3,27,64,92,10,180,19,9,47.4,7,36.8,116,650,343,13,10,3,5,2,128,28,Matchs
Clt,Joueur,Nation,Pos,Équipe,Âge,Naissance,90,Touches,SurfRépDéf,ZDéf,MilTer,ZOff,SurfRépOff,Action de jeu,Att,Succ,Succ%,Tkld,Tkld%,Balle au pied,TotDist,DistBut,PrgC,1/3,CSR,Manqué,Perte,Rec,PrgR,Matchs
576,Du Queiroz,br BRA,"MT,DF",Corinthians,23,2000,2.0,98,2,34,54,13,0,98,6,2,33.3,4,66.7,56,297,150,3,2,0,1,1,56,4,Matchs
577,Yani Quintero,co COL,MT,Red Bull Bragantino,20,2002,1.1,64,3,16,37,12,0,64,1,1,100.0,0,0.0,28,158,88,1,2,0,1,0,38,0,Matchs
578,Igor Rabello,br BRA,DF,Atlético Mineiro,27,1995,7.7,456,59,212,235,9,4,456,0,0,,0,,240,1077,731,2,1,0,3,1,267,0,Matchs
579,Rafael,br BRA,DF,Botafogo (RJ),32,1990,5.4,308,18,97,153,66,2,308,14,12,85.7,2,14.3,125,861,432,12,6,1,6,1,131,4,Matchs
580,Zé Rafael,br BRA,MT,Palmeiras,29,1993,28.5,1500,47,278,998,252,26,1500,70,30,42.9,31,44.3,855,5053,2764,42,37,4,35,25,948,39,Matchs
581,Rafinha,br BRA,DF,São Paulo,37,1985,22.5,1953,64,546,1122,297,6,1953,7,7,100.0,0,0.0,1169,4743,2836,40,38,0,6,2,1372,46,Matchs
582,Rai,br BRA,MT,Botafogo (RJ),20,2002,0.0,6,0,0,3,3,0,6,0,0,,0,,6,26,8,0,1,0,1,1,7,1,Matchs
583,Eric Ramires,br BRA,MT,Red Bull Bragantino,22,2000,15.3,860,5,88,483,295,26,860,32,15,46.9,15,46.9,520,2297,1022,22,25,2,29,13,570,50,Matchs
584,Lucas Ramos,br BRA,AT,Internacional,22,2001,0.0,1,0,0,1,0,0,1,0,0,,0,,0,0,0,0,0,0,0,0,0,0,Matchs
585,Raí Ramos,br BRA,DF,São Paulo,28,1994,3.1,185,11,53,82,51,0,185,4,0,0.0,3,75.0,87,399,206,5,7,0,7,1,105,12,Matchs
586,Marcelo Rangel,br BRA,GB,Goiás,34,1988,3.0,89,78,89,0,0,0,89,0,0,,0,,39,193,122,0,0,0,0,0,32,0,Matchs
587,Pedro Rangel,br BRA,GB,Fluminense,22,2000,2.0,60,55,60,0,0,0,60,0,0,,0,,26,83,36,0,0,0,0,0,24,0,Matchs
588,Raniele,br BRA,"MT,DF",Cuiabá,26,1996,32.1,1514,141,434,901,206,34,1514,33,14,42.4,12,36.4,761,4164,2084,37,28,4,37,17,865,38,Matchs
589,Rafael Ratão,br BRA,"AT,MT",Bahia,27,1995,8.7,437,3,52,189,202,23,437,28,11,39.3,16,57.1,238,1357,542,13,11,1,23,16,314,61,Matchs
590,Wellington Rato,br BRA,"AT,MT",São Paulo,30,1992,19.6,1179,41,163,506,520,48,1178,59,31,52.5,26,44.1,713,4312,1844,46,31,10,33,21,829,186,Matchs
591,Raul,br BRA,"MT,DF",Red Bull Bragantino,26,1996,1.2,70,6,17,40,13,0,70,2,0,0.0,2,100.0,42,178,58,1,0,0,2,2,44,1,Matchs
592,Pedro Raul,br BRA,AT,Vasco da Gama,26,1996,9.3,281,15,27,139,118,46,281,12,9,75.0,3,25.0,136,574,149,5,4,1,26,15,197,40,Matchs
593,Leonardo Realpe,ec ECU,DF,Red Bull Bragantino,21,2001,18.7,993,104,430,535,31,10,993,7,7,100.0,0,0.0,565,3116,1946,15,7,0,5,2,611,3,Matchs
594,Reinaldo,br BRA,AT,Ath Paranaense,21,2001,0.2,4,0,0,3,1,0,4,0,0,,0,,3,5,0,0,0,0,0,0,3,0,Matchs
595,Reinaldo,br BRA,DF,Grêmio,33,1989,29.8,1964,109,419,829,732,37,1963,44,22,50.0,19,43.2,927,4736,2417,41,35,5,33,17,1050,143,Matchs
596,Renê,br BRA,DF,Internacional,30,1992,25.4,2181,132,714,1165,331,23,2181,38,21,55.3,12,31.6,1169,6065,3375,55,42,2,38,11,1348,55,Matchs
597,Réver,br BRA,"DF,AT",Atlético Mineiro,38,1985,1.3,70,28,53,17,0,0,70,0,0,,0,,31,119,77,0,0,0,1,0,44,0,Matchs
598,Rezende,br BRA,"MT,DF",Bahia,28,1995,30.1,1725,100,564,994,189,29,1725,30,14,46.7,14,46.7,856,4401,2094,29,20,0,28,15,980,36,Matchs
599,Everton Ribeiro,br BRA,"AT,MT",Flamengo,33,1989,16.4,1087,12,117,448,532,31,1087,39,16,41.0,20,51.3,693,3788,1997,36,43,6,23,25,828,97,Matchs
600,Wesley Ribeiro,br BRA,"AT,MT",Corinthians,17,2005,9.6,449,9,52,195,216,27,449,102,46,45.1,37,36.3,338,3425,1690,60,49,14,38,17,339,97,Matchs
Clt,Joueur,Nation,Pos,Équipe,Âge,Naissance,90,Touches,SurfRépDéf,ZDéf,MilTer,ZOff,SurfRépOff,Action de jeu,Att,Succ,Succ%,Tkld,Tkld%,Balle au pied,TotDist,DistBut,PrgC,1/3,CSR,Manqué,Perte,Rec,PrgR,Matchs
601,João Ricardo Riedi,br BRA,GB,Fortaleza,34,1988,31.9,805,695,801,5,0,0,805,0,0,,0,,374,2543,1988,0,0,0,0,0,210,0,Matchs
602,Zé Ricardo,br BRA,MT,Goiás,23,1999,11.9,818,23,188,511,129,3,818,48,26,54.2,13,27.1,495,2483,1250,16,17,0,25,15,568,11,Matchs
603,Richard,br BRA,MT,Cruzeiro,28,1994,3.8,296,8,72,189,39,8,296,5,2,40.0,3,60.0,170,505,168,1,2,0,3,3,204,4,Matchs
604,Rikelme,br BRA,DF,Cuiabá,19,2003,26.0,1375,101,435,604,343,17,1375,18,9,50.0,8,44.4,592,2402,1247,22,22,4,28,9,690,97,Matchs
605,Tomás Rincón,ve VEN,MT,Santos,35,1988,13.2,711,29,180,427,109,15,711,9,6,66.7,3,33.3,404,1947,897,9,8,1,6,11,446,15,Matchs
606,Richard Ríos,co COL,MT,Palmeiras,22,2000,20.6,1073,24,178,615,303,26,1073,62,46,74.2,11,17.7,603,3383,1563,41,27,9,46,34,655,67,Matchs
607,Robert,br BRA,"MT,AT",Cruzeiro,17,2005,2.1,77,1,15,24,40,9,77,7,3,42.9,4,57.1,48,264,158,4,3,3,7,0,51,19,Matchs
608,Zé Roberto,br BRA,"AT,MT",Coritiba,29,1993,5.8,200,7,14,100,89,14,200,9,2,22.2,6,66.7,118,513,179,7,10,0,16,14,150,27,Matchs
609,Robson,br BRA,"MT,AT",Coritiba,31,1991,26.1,1055,40,182,472,412,72,1047,49,18,36.7,24,49.0,560,2634,1237,32,24,6,52,38,686,146,Matchs
610,Kaique Rocha,br BRA,DF,Ath Paranaense,21,2001,7.2,393,80,221,161,14,10,393,5,5,100.0,0,0.0,190,868,499,2,0,0,4,0,240,0,Matchs
611,Marcos Rocha,br BRA,DF,Palmeiras,34,1988,14.0,1168,54,379,607,197,6,1168,16,11,68.8,5,31.3,625,3083,1900,20,11,3,7,3,730,31,Matchs
612,Pedro Rocha Neves,br BRA,AT,Fortaleza,28,1994,0.4,15,0,0,8,7,0,15,4,0,0.0,4,100.0,10,82,33,2,2,0,0,0,11,3,Matchs
613,Sergio Rochet,uy URU,GB,Internacional,29,1993,19.0,569,506,567,2,0,0,569,2,2,100.0,0,0.0,311,1856,1138,0,0,0,0,0,207,0,Matchs
614,Rodrigo,br BRA,"MT,AT",São Paulo,18,2004,2.6,197,4,21,94,85,9,197,16,8,50.0,7,43.8,126,811,388,13,10,1,11,1,147,21,Matchs
615,James Rodríguez,co COL,"MT,AT",São Paulo,31,1991,7.1,534,2,46,295,199,14,533,15,11,73.3,4,26.7,334,1552,702,12,12,4,9,14,412,44,Matchs
616,Rodriguinho,br BRA,"DF,MT",América (MG),19,2003,13.9,802,26,172,363,275,26,802,38,14,36.8,19,50.0,458,2892,1405,50,42,11,23,13,488,96,Matchs
617,Matías Rojas,py PAR,"MT,AT",Corinthians,27,1995,7.0,420,5,48,230,145,11,420,14,5,35.7,9,64.3,232,1124,469,13,5,3,13,11,307,27,Matchs
618,Romarinho,br BRA,"AT,MT",Fortaleza,28,1994,3.2,206,1,20,97,95,17,206,34,18,52.9,16,47.1,153,1035,535,21,10,6,9,10,163,30,Matchs
619,Ángel Romero,py PAR,AT,Corinthians,30,1992,13.3,688,19,104,269,321,33,688,60,14,23.3,42,70.0,437,2524,1202,41,34,4,25,12,512,131,Matchs
620,Silvio Romero,ar ARG,AT,Fortaleza,34,1988,4.4,114,4,9,53,54,20,114,5,2,40.0,3,60.0,64,239,72,3,3,0,6,4,81,27,Matchs
621,Rômulo,br BRA,"AT,MT",Ath Paranaense,20,2002,5.7,273,6,52,110,115,27,273,18,11,61.1,6,33.3,127,765,371,13,6,1,12,8,157,39,Matchs
622,Romulo,br BRA,"MT,DF",Internacional,22,2000,13.5,777,36,183,453,148,14,777,10,3,30.0,5,50.0,456,2547,1034,12,16,1,18,7,509,29,Matchs
623,Ronald,br BRA,MT,Grêmio,19,2003,4.6,294,13,47,195,54,10,294,0,0,,0,,144,516,236,3,4,0,8,0,187,4,Matchs
624,Ronald,br BRA,MT,Cuiabá,25,1997,6.5,450,13,77,214,167,10,450,17,8,47.1,7,41.2,257,1720,846,24,24,0,18,15,296,21,Matchs
625,Budiga Roni,br BRA,MT,Corinthians,23,1999,7.5,489,22,135,315,40,2,489,3,2,66.7,1,33.3,288,1093,447,4,1,0,7,3,330,1,Matchs
Clt,Joueur,Nation,Pos,Équipe,Âge,Naissance,90,Touches,SurfRépDéf,ZDéf,MilTer,ZOff,SurfRépOff,Action de jeu,Att,Succ,Succ%,Tkld,Tkld%,Balle au pied,TotDist,DistBut,PrgC,1/3,CSR,Manqué,Perte,Rec,PrgR,Matchs
626,Lucas Ronier,br BRA,"AT,MT",Coritiba,18,2004,0.6,39,0,6,16,17,2,39,2,1,50.0,0,0.0,26,200,106,4,3,1,2,3,31,3,Matchs
627,Rony,br BRA,AT,Palmeiras,27,1995,18.2,405,14,32,118,256,86,405,18,6,33.3,10,55.6,225,1124,383,17,4,8,35,10,304,99,Matchs
628,Vitor Roque,br BRA,AT,Ath Paranaense,17,2005,19.0,494,3,25,201,278,95,494,83,33,39.8,39,47.0,324,2074,912,40,27,24,41,33,340,111,Matchs
629,Diego Rosa,br BRA,"MT,DF",Bahia,20,2002,2.7,186,1,40,120,29,2,186,8,2,25.0,4,50.0,99,495,220,3,1,0,3,4,103,5,Matchs
630,Rossi,br BRA,"MT,AT",Vasco da Gama,29,1993,4.4,219,1,24,84,112,10,219,7,2,28.6,3,42.9,116,482,199,6,3,3,13,3,152,48,Matchs
631,Agustín Rossi,ar ARG,GB,Flamengo,27,1995,15.0,537,384,527,10,0,0,537,0,0,,0,,335,1877,1286,0,0,0,0,0,262,0,Matchs
632,Rubens,br BRA,"DF,MT",Atlético Mineiro,21,2001,15.0,1011,65,291,441,287,27,1011,23,14,60.9,8,34.8,477,2255,1124,39,19,12,13,19,569,88,Matchs
633,Daniel Ruiz Rivera,co COL,"AT,MT",Santos,21,2001,2.7,137,0,22,50,68,6,137,13,6,46.2,7,53.8,81,476,225,5,3,2,5,5,91,15,Matchs
634,Rwan,br BRA,"MT,AT",Vasco da Gama,21,2001,0.4,14,0,0,7,7,1,14,0,0,,0,,11,27,6,0,1,0,3,1,13,2,Matchs
635,João Victor Santos Sá,br BRA,AT,Botafogo (RJ),28,1994,23.6,1043,16,144,450,459,86,1043,72,32,44.4,31,43.1,620,3983,2035,73,37,34,41,23,719,226,Matchs
636,Arthur Sales,br BRA,"AT,MT",Bahia,20,2002,3.2,159,2,7,67,86,21,159,5,0,0.0,4,80.0,85,394,166,4,5,2,10,10,117,27,Matchs
637,Andreas Samaris,gr GRE,MT,Coritiba,33,1989,2.0,108,4,35,65,8,2,108,0,0,,0,,54,208,77,1,0,0,3,1,68,0,Matchs
638,Philipe Sampaio,br BRA,DF,Botafogo (RJ),28,1994,5.5,371,47,170,196,5,4,371,1,0,0.0,1,100.0,237,1257,722,4,0,0,1,0,249,0,Matchs
639,Sander,br BRA,DF,Goiás,32,1990,17.1,1208,70,341,526,355,10,1208,33,12,36.4,20,60.6,546,2605,1547,30,33,2,13,9,621,87,Matchs
640,Sandry,br BRA,MT,Santos,20,2002,2.1,124,4,29,72,24,1,124,1,1,100.0,0,0.0,72,315,120,0,0,0,4,4,84,3,Matchs
641,Alex Santana,br BRA,MT,Ath Paranaense,27,1995,11.1,540,14,95,352,103,14,540,15,8,53.3,5,33.3,322,1953,1108,20,24,0,15,9,383,17,Matchs
642,Santos,br BRA,GB,Flamengo,32,1990,5.4,203,114,186,17,0,0,203,0,0,,0,,126,698,489,0,0,0,0,0,112,0,Matchs
643,Ademir Santos,br BRA,"AT,MT",Bahia,27,1995,19.3,855,4,79,360,440,57,855,90,39,43.3,38,42.2,558,4485,2495,83,52,17,43,27,616,182,Matchs
644,Allyson Aires dos Santos,br BRA,DF,Cuiabá,32,1990,12.6,626,105,346,271,12,7,626,4,4,100.0,0,0.0,336,1695,879,5,0,0,13,0,368,0,Matchs
645,Andrey Santos,br BRA,MT,Vasco da Gama,18,2004,4.7,197,10,59,104,35,9,197,4,1,25.0,2,50.0,89,430,189,4,1,0,6,1,106,12,Matchs
646,Bruno Araújo dos Santos,br BRA,DF,Goiás,29,1993,5.0,281,33,81,129,72,6,281,4,2,50.0,1,25.0,129,553,291,4,4,2,11,5,128,14,Matchs
647,Eduardo Santos,br BRA,DF,Red Bull Bragantino,25,1997,11.3,665,112,336,307,32,10,665,17,12,70.6,4,23.5,376,2286,1285,11,8,1,5,5,390,2,Matchs
648,Fábio Santos,br BRA,DF,Corinthians,37,1985,18.6,1286,87,431,584,285,14,1281,8,4,50.0,1,12.5,675,3020,1639,24,20,1,13,3,810,59,Matchs
649,Juan Santos,br BRA,AT,São Paulo,20,2002,14.2,460,16,59,166,241,63,460,42,21,50.0,15,35.7,297,1908,924,32,15,13,29,19,351,124,Matchs
650,Júnior Santos,br BRA,AT,Botafogo (RJ),28,1994,24.0,1142,27,122,477,572,94,1142,158,75,47.5,70,44.3,770,6579,3433,121,87,32,82,45,857,207,Matchs
Clt,Joueur,Nation,Pos,Équipe,Âge,Naissance,90,Touches,SurfRépDéf,ZDéf,MilTer,ZOff,SurfRépOff,Action de jeu,Att,Succ,Succ%,Tkld,Tkld%,Balle au pied,TotDist,DistBut,PrgC,1/3,CSR,Manqué,Perte,Rec,PrgR,Matchs
651,Kauan Santos,br BRA,AT,Palmeiras,18,2004,0.0,2,0,0,1,1,1,2,0,0,,0,,1,17,17,1,0,1,0,0,1,0,Matchs
652,Luis Eduardo Marques dos Santos,br BRA,DF,Fortaleza,25,1997,4.3,267,16,84,115,71,0,267,4,2,50.0,2,50.0,139,600,302,5,3,0,5,1,142,25,Matchs
653,Matheus Santos,br BRA,"AT,MT",Goiás,24,1998,2.2,101,2,11,37,55,3,101,13,4,30.8,6,46.2,66,485,117,6,7,2,10,9,78,18,Matchs
654,Pedrinho Santos,br BRA,"AT,MT",Corinthians,16,2006,6.9,310,3,43,129,143,20,310,40,18,45.0,18,45.0,204,1721,795,26,15,5,20,4,226,52,Matchs
655,Renzo Saravia,ar ARG,DF,Atlético Mineiro,29,1993,19.0,1252,64,328,687,248,10,1252,51,25,49.0,23,45.1,649,3525,1899,40,35,2,38,18,694,66,Matchs
656,Eduardo Sasha,br BRA,"AT,MT",Red Bull Bragantino,30,1992,24.8,925,19,58,407,466,101,922,31,13,41.9,16,51.6,541,2072,855,23,27,8,48,25,680,141,Matchs
657,Lucas Sasha,br BRA,MT,Fortaleza,32,1990,11.3,685,32,157,454,85,17,685,8,4,50.0,4,50.0,321,1281,598,7,5,3,6,3,394,16,Matchs
658,Gustavo Sauer,br BRA,"AT,MT",Botafogo (RJ),29,1993,2.9,119,1,12,49,60,5,119,9,7,77.8,1,11.1,74,483,182,5,6,1,7,5,83,18,Matchs
659,Cleiton Schwengber,br BRA,GB,Red Bull Bragantino,25,1997,33.0,1102,792,1080,21,2,2,1102,1,1,100.0,0,0.0,614,3550,2207,0,0,0,0,0,455,0,Matchs
660,Luis Segovia,ec ECU,DF,Botafogo (RJ),25,1997,1.1,52,6,29,22,1,0,52,0,0,,0,,39,255,177,1,0,0,1,0,38,0,Matchs
661,Matias Segovia,py PAR,AT,Botafogo (RJ),20,2003,7.2,437,7,76,189,177,26,437,31,12,38.7,15,48.4,317,2124,1046,43,22,15,25,9,320,74,Matchs
662,Sidimar,br BRA,DF,Goiás,30,1992,11.2,526,115,299,205,23,14,526,2,0,0.0,0,0.0,228,1051,553,1,2,1,1,1,284,0,Matchs
663,Aderlan Silva,br BRA,DF,Red Bull Bragantino,32,1990,15.8,1213,56,328,548,342,14,1213,24,12,50.0,10,41.7,522,2356,1196,23,19,6,15,4,612,41,Matchs
664,Gabriel Silva,br BRA,"AT,MT",Coritiba,20,2002,1.0,35,0,5,15,17,1,35,1,0,0.0,1,100.0,20,114,64,2,2,0,4,2,21,7,Matchs
665,Luan Silva,br BRA,MT,São Paulo,23,1999,6.8,392,7,71,255,67,4,392,9,3,33.3,6,66.7,194,746,319,5,4,1,6,6,262,7,Matchs
666,Lucas Silva,br BRA,MT,Cruzeiro,29,1993,16.4,1073,20,146,661,288,10,1073,46,32,69.6,12,26.1,652,3667,1744,31,32,4,22,18,741,40,Matchs
667,Lucas Silva,br BRA,MT,Grêmio,29,1993,2.5,169,9,40,116,14,0,169,3,3,100.0,0,0.0,105,509,173,3,3,0,3,5,110,2,Matchs
668,Nathan Silva,br BRA,DF,Atlético Mineiro,25,1997,4.0,262,26,155,103,5,3,262,1,0,0.0,0,0.0,180,1109,820,4,2,0,0,0,195,1,Matchs
669,Ricardo Silva,br BRA,DF,América (MG),30,1992,17.9,820,123,429,372,27,12,820,5,5,100.0,0,0.0,361,1581,892,10,4,1,6,2,404,1,Matchs
670,Wellington Silva,br BRA,AT,Cuiabá,30,1993,14.8,596,12,88,223,305,53,596,89,51,57.3,26,29.2,381,3299,1801,64,52,20,32,9,405,109,Matchs
671,Maximiliano Silvera,uy URU,"MT,AT",Santos,25,1997,5.0,198,2,22,79,103,24,198,17,5,29.4,10,58.8,111,615,215,10,10,3,17,9,129,36,Matchs
672,Simioni,br BRA,MT,Goiás,19,2003,0.5,14,3,6,7,1,0,14,0,0,,0,,3,30,7,0,0,0,1,2,2,0,Matchs
673,Jailson Siqueira,br BRA,"MT,DF",Palmeiras,27,1995,1.8,76,3,17,39,22,5,76,1,0,0.0,1,100.0,37,131,51,0,0,0,1,1,44,3,Matchs
674,Islam Slimani,dz ALG,AT,Coritiba,34,1988,9.1,305,15,24,151,131,39,305,5,2,40.0,3,60.0,164,592,187,3,2,1,25,14,230,40,Matchs
675,Everton Soares,br BRA,"AT,MT",Flamengo,26,1996,19.3,967,13,80,271,632,83,967,126,54,42.9,61,48.4,630,4573,2395,85,53,34,24,25,658,217,Matchs
Clt,Joueur,Nation,Pos,Équipe,Âge,Naissance,90,Touches,SurfRépDéf,ZDéf,MilTer,ZOff,SurfRépOff,Action de jeu,Att,Succ,Succ%,Tkld,Tkld%,Balle au pied,TotDist,DistBut,PrgC,1/3,CSR,Manqué,Perte,Rec,PrgR,Matchs
676,Tiquinho Soares,br BRA,AT,Botafogo (RJ),32,1991,27.1,987,31,71,511,415,126,980,63,35,55.6,23,36.5,589,2470,925,25,23,6,84,58,775,152,Matchs
677,Fernando Sobral,br BRA,MT,Cuiabá,28,1994,21.1,1177,29,225,630,333,13,1177,40,24,60.0,8,20.0,671,3982,2072,55,44,4,29,24,786,76,Matchs
678,Yeferson Soteldo,ve VEN,"AT,MT",Santos,25,1997,17.3,815,6,54,336,441,68,815,125,64,51.2,49,39.2,609,5689,3191,120,70,41,36,49,628,157,Matchs
679,Yago Souza,br BRA,MT,América (MG),16,2006,0.2,7,0,0,2,5,0,7,2,1,50.0,1,50.0,7,61,12,0,1,0,0,0,7,2,Matchs
680,Everaldo Stum,br BRA,AT,Bahia,31,1991,24.2,703,17,37,347,330,100,701,35,14,40.0,18,51.4,356,1981,872,36,27,19,59,20,514,138,Matchs
681,Luis Suárez,uy URU,AT,Grêmio,36,1987,32.0,1433,9,33,566,844,206,1431,92,34,37.0,50,54.3,837,2963,1273,36,25,19,75,35,1164,300,Matchs
682,Bruno Tabata,br BRA,"MT,AT",Palmeiras,25,1997,1.4,89,0,7,44,39,4,89,9,4,44.4,4,44.4,53,366,182,6,7,0,3,1,66,19,Matchs
683,Tadeu,br BRA,GB,Goiás,30,1992,35.0,1275,1071,1262,13,1,0,1275,1,1,100.0,0,0.0,647,3876,2770,0,0,0,0,0,450,0,Matchs
684,Talisson,br BRA,AT,Red Bull Bragantino,20,2002,1.7,72,2,14,15,45,9,72,13,5,38.5,8,61.5,46,300,208,9,4,3,5,3,48,11,Matchs
685,Tchê Tchê,br BRA,"MT,DF",Botafogo (RJ),30,1992,29.5,1549,33,231,894,443,21,1549,58,32,55.2,17,29.3,995,5549,2600,45,42,5,40,33,1163,65,Matchs
686,Alex Teixeira,br BRA,"AT,MT",Vasco da Gama,33,1990,12.6,427,5,47,211,178,45,427,43,20,46.5,20,46.5,286,1958,957,27,24,10,24,9,322,59,Matchs
687,David Terans,uy URU,"MT,AT",Ath Paranaense,28,1994,4.4,181,1,18,81,86,12,181,9,7,77.8,1,11.1,126,585,252,5,7,1,12,13,139,32,Matchs
688,Miguel Terceros,bo BOL,"MT,AT",Santos,18,2004,0.4,24,0,6,12,7,0,24,0,0,,0,,16,86,41,1,2,0,1,0,16,0,Matchs
689,Thaciano,br BRA,"MT,AT",Bahia,27,1995,32.1,1414,41,238,782,411,96,1412,50,26,52.0,22,44.0,774,3571,1489,31,31,9,44,17,923,125,Matchs
690,Thiago,br BRA,"AT,MT",Ath Paranaense,22,2000,2.5,113,1,17,50,50,3,113,12,7,58.3,4,33.3,66,427,166,4,5,2,10,1,80,17,Matchs
691,Guilherme Tinga,br BRA,DF,Fortaleza,29,1993,28.7,1838,131,547,881,436,46,1838,41,31,75.6,9,22.0,869,4571,2603,50,40,4,22,7,978,117,Matchs
692,Titi,br BRA,DF,Fortaleza,34,1988,31.6,1693,188,763,887,53,13,1693,6,4,66.7,2,33.3,1006,5217,3124,17,12,3,20,7,1048,2,Matchs
693,Stênio Toledo,br BRA,"AT,MT",Cruzeiro,19,2003,3.2,169,4,21,56,96,17,169,14,4,28.6,9,64.3,120,856,322,13,5,6,11,10,125,44,Matchs
694,Uendel,br BRA,DF,Cuiabá,34,1988,4.0,170,14,43,75,55,1,170,3,0,0.0,3,100.0,76,320,212,6,3,0,2,1,97,10,Matchs
695,Júnior Urso,br BRA,MT,Coritiba,33,1989,3.3,160,5,29,106,27,6,160,11,5,45.5,2,18.2,101,485,237,4,4,2,5,5,118,4,Matchs
696,Bruno Uvini,br BRA,DF,Grêmio,31,1991,16.1,683,101,298,342,44,24,683,1,1,100.0,0,0.0,287,1148,550,3,3,0,4,1,329,1,Matchs
697,Enner Valencia,ec ECU,AT,Internacional,33,1989,16.0,492,14,25,185,288,102,490,59,16,27.1,35,59.3,336,2176,996,44,26,32,55,29,394,147,Matchs
698,Vanderlan,br BRA,DF,Palmeiras,20,2002,10.1,472,26,156,179,143,17,472,23,12,52.2,9,39.1,216,1166,549,20,11,6,8,8,246,61,Matchs
699,Rodrigo Varanda,br BRA,"AT,MT",América (MG),20,2003,5.7,277,5,41,132,114,25,277,29,14,48.3,11,37.9,170,1352,607,18,15,6,23,13,186,40,Matchs
700,Guillermo Varela,uy URU,DF,Flamengo,29,1993,2.6,170,7,35,92,44,1,170,3,2,66.7,1,33.3,109,526,272,6,9,0,1,0,122,14,Matchs
Clt,Joueur,Nation,Pos,Équipe,Âge,Naissance,90,Touches,SurfRépDéf,ZDéf,MilTer,ZOff,SurfRépOff,Action de jeu,Att,Succ,Succ%,Tkld,Tkld%,Balle au pied,TotDist,DistBut,PrgC,1/3,CSR,Manqué,Perte,Rec,PrgR,Matchs
701,Eduardo Vargas,cl CHI,AT,Atlético Mineiro,33,1989,5.2,197,2,13,102,86,18,197,10,7,70.0,2,20.0,131,792,280,6,5,1,13,9,156,25,Matchs
702,Pablo Vegetti,ar ARG,AT,Vasco da Gama,34,1988,19.9,579,39,67,276,238,110,577,13,6,46.2,7,53.8,261,992,255,10,2,3,41,22,413,70,Matchs
703,Raphael Veiga,br BRA,MT,Palmeiras,27,1995,27.3,1472,20,114,676,702,55,1470,64,30,46.9,27,42.2,833,5119,2680,80,72,9,36,22,983,121,Matchs
704,Fausto Vera,ar ARG,MT,Corinthians,22,2000,15.3,1002,48,300,598,114,8,1002,20,10,50.0,8,40.0,603,3053,1538,15,17,1,16,16,701,16,Matchs
705,Patrick Verhon,br BRA,AT,Bahia,18,2004,0.0,1,0,1,0,0,0,1,0,0,,0,,0,0,0,0,0,0,0,0,0,0,Matchs
706,Lucas Veríssimo,br BRA,DF,Corinthians,27,1995,14.5,934,145,488,411,36,23,934,4,2,50.0,2,50.0,525,2459,1328,4,2,0,6,0,634,3,Matchs
707,Bruno Viana,br BRA,DF,Coritiba,27,1995,9.0,515,72,260,245,10,3,515,1,1,100.0,0,0.0,274,1311,707,4,3,0,1,0,312,1,Matchs
708,Marcos Victor,br BRA,DF,Bahia,21,2001,0.1,12,0,3,4,5,0,12,0,0,,0,,8,50,21,0,2,0,1,0,7,0,Matchs
709,Paulo Victor,br BRA,DF,Vasco da Gama,21,2001,0.1,2,0,2,0,0,0,2,0,0,,0,,0,0,0,0,0,0,0,0,0,0,Matchs
710,Arturo Vidal,cl CHI,MT,Ath Paranaense,35,1987,4.2,218,3,40,118,61,7,218,4,1,25.0,3,75.0,115,394,110,1,4,0,5,8,147,18,Matchs
711,Arturo Vidal,cl CHI,"MT,DF",Flamengo,35,1987,2.8,231,8,39,118,75,8,231,1,0,0.0,1,100.0,130,403,206,2,2,0,2,3,189,12,Matchs
712,Felipe Vieira,,DF,Fluminense,,,2.3,129,14,49,53,27,3,129,2,1,50.0,1,50.0,59,243,117,3,1,0,1,0,77,3,Matchs
713,Luan Vieira,br BRA,"AT,MT",Grêmio,29,1993,0.6,57,1,3,33,21,0,57,3,3,100.0,0,0.0,32,126,55,0,1,0,3,1,43,1,Matchs
714,Gustavo Vilar,br BRA,DF,Coritiba,22,2000,1.0,64,4,28,35,1,0,64,0,0,,0,,35,123,47,0,0,0,0,0,46,0,Matchs
715,Pedro Vilhena,br BRA,AT,São Paulo,20,2002,0.2,19,0,2,3,14,1,19,2,1,50.0,1,50.0,13,121,78,4,2,1,0,1,15,2,Matchs
716,Mathías Villasanti,py PAR,MT,Grêmio,26,1997,29.4,1717,84,359,1056,326,25,1717,52,21,40.4,26,50.0,913,4245,2022,32,32,7,39,19,1004,32,Matchs
717,Marcos Vinicios Sorriso,br BRA,"AT,DF",Red Bull Bragantino,21,2001,10.4,637,7,67,232,349,35,637,43,18,41.9,18,41.9,362,2392,1159,40,30,7,40,25,415,128,Matchs
718,Vinicius,br BRA,MT,Santos,23,1999,0.3,7,0,1,5,1,0,7,0,0,,0,,6,12,4,0,0,0,1,1,6,0,Matchs
719,Vinícius,br BRA,AT,Goiás,29,1993,13.0,650,17,96,239,327,41,650,42,24,57.1,17,40.5,385,2656,1369,39,34,12,22,10,464,123,Matchs
720,Vinícius,br BRA,AT,Grêmio,31,1991,7.3,411,4,38,245,131,14,411,10,7,70.0,2,20.0,265,1057,529,11,9,2,15,5,330,39,Matchs
721,Marcos Vinicius,br BRA,"DF,MT",Coritiba,25,1997,1.9,105,9,45,45,17,0,105,4,3,75.0,1,25.0,40,209,114,3,1,0,1,1,39,2,Matchs
722,Mateus Vital,br BRA,MT,Cruzeiro,24,1998,20.9,1125,16,136,553,457,46,1125,72,36,50.0,31,43.1,706,4570,2097,55,46,10,47,36,819,126,Matchs
723,Vitão,br BRA,DF,Internacional,22,2000,22.7,1292,152,532,721,45,19,1292,8,7,87.5,0,0.0,776,3962,2450,13,10,0,6,2,876,4,Matchs
724,Vitão,br BRA,DF,Cuiabá,22,2000,0.1,2,2,2,0,0,0,2,0,0,,0,,0,0,0,0,0,0,0,0,0,0,Matchs
725,Vitinho,br BRA,"AT,MT",Red Bull Bragantino,23,1999,22.8,1194,18,95,405,708,102,1194,84,32,38.1,39,46.4,774,4448,2314,76,67,36,54,46,857,244,Matchs
Clt,Joueur,Nation,Pos,Équipe,Âge,Naissance,90,Touches,SurfRépDéf,ZDéf,MilTer,ZOff,SurfRépOff,Action de jeu,Att,Succ,Succ%,Tkld,Tkld%,Balle au pied,TotDist,DistBut,PrgC,1/3,CSR,Manqué,Perte,Rec,PrgR,Matchs
726,José Vitor,br BRA,DF,Vasco da Gama,20,2002,1.2,74,17,38,30,6,1,74,0,0,,0,,48,247,92,0,0,0,0,0,56,2,Matchs
727,Paulo Vitor,br BRA,"MT,DF",Cruzeiro,23,1999,1.4,91,3,12,40,40,1,91,4,1,25.0,3,75.0,76,498,150,2,2,0,2,2,72,19,Matchs
728,Paulo Vitor,br BRA,MT,Atlético Mineiro,18,2004,0.2,19,0,7,11,1,0,19,0,0,,0,,11,29,11,0,0,0,1,0,18,0,Matchs
729,Rayan Vitor,br BRA,"AT,MT",Vasco da Gama,16,2006,2.9,118,3,7,48,64,20,118,11,5,45.5,6,54.5,79,381,193,5,7,3,5,4,92,18,Matchs
730,Vladimir,br BRA,GB,Santos,33,1989,2.3,57,53,57,0,0,0,57,0,0,,0,,34,127,70,0,0,0,0,0,17,0,Matchs
731,Walter,br BRA,GB,Cuiabá,35,1987,35.0,979,864,977,2,0,0,979,0,0,,0,,474,2960,2227,0,0,0,0,0,320,0,Matchs
732,Talles Wander,br BRA,"AT,MT",São Paulo,19,2003,0.2,9,1,1,4,4,3,9,0,0,,0,,4,97,11,1,2,0,0,2,5,1,Matchs
733,Wanderson,br BRA,DF,América (MG),31,1991,5.6,217,42,127,84,7,2,217,0,0,,0,,95,513,294,2,0,0,0,0,105,0,Matchs
734,Wanderson,br BRA,"AT,MT",Internacional,28,1994,26.0,1074,21,152,435,517,75,1074,122,67,54.9,41,33.6,683,4921,2582,97,61,25,48,25,757,169,Matchs
735,Deivid Washington,br BRA,AT,Santos,17,2005,4.7,145,5,13,72,64,20,145,20,9,45.0,9,45.0,77,550,275,11,9,6,13,8,90,13,Matchs
736,Welington,br BRA,DF,São Paulo,21,2001,10.4,671,27,189,281,214,13,671,35,18,51.4,13,37.1,356,2091,1247,36,22,5,11,17,399,57,Matchs
737,José Welison,br BRA,MT,Fortaleza,27,1995,18.6,1065,39,210,659,213,14,1065,26,19,73.1,5,19.2,560,2651,1353,19,23,3,15,18,629,31,Matchs
738,João Wellington,br BRA,MT,Cruzeiro,19,2004,4.1,163,10,26,94,43,6,163,8,3,37.5,4,50.0,93,446,199,1,2,0,8,3,102,13,Matchs
739,Wesley,br BRA,"AT,MT",Cruzeiro,23,1999,19.7,852,14,85,361,423,75,852,82,39,47.6,31,37.8,528,3658,1988,65,38,22,53,21,622,186,Matchs
740,Wesley,br BRA,DF,Flamengo,19,2003,27.9,1875,75,396,836,664,59,1875,79,31,39.2,41,51.9,1099,5194,2343,49,45,13,65,41,1209,291,Matchs
741,Wesley,br BRA,DF,Grêmio,19,2004,1.0,46,2,13,22,12,0,46,1,1,100.0,0,0.0,21,107,55,1,0,0,2,0,25,1,Matchs
742,Wéverton,br BRA,GB,Palmeiras,35,1987,35.0,1255,1011,1240,15,0,0,1255,0,0,,0,,714,3786,2327,0,0,0,0,0,596,0,Matchs
743,William,br BRA,DF,Cruzeiro,27,1995,29.4,1964,75,486,902,589,35,1964,70,28,40.0,36,51.4,989,5479,3131,70,48,6,45,14,1088,157,Matchs
744,Willian,br BRA,"AT,MT",Ath Paranaense,36,1986,6.4,223,1,12,106,108,28,223,13,5,38.5,8,61.5,121,674,163,5,6,2,15,7,162,41,Matchs
745,Willian,br BRA,MT,Goiás,29,1993,24.4,1298,94,398,789,123,17,1298,7,3,42.9,0,0.0,615,2361,1052,6,9,1,23,11,792,9,Matchs
746,Xavier,br BRA,DF,Goiás,22,2000,0.7,26,1,14,8,6,0,26,0,0,,0,,14,37,21,0,0,0,1,0,14,1,Matchs
747,Samuel Xavier,br BRA,DF,Fluminense,32,1990,23.4,1571,61,481,704,402,29,1571,25,11,44.0,10,40.0,884,4361,2227,42,27,5,16,15,996,62,Matchs
748,Yago,br BRA,MT,Bahia,27,1995,15.1,811,22,181,477,162,9,811,8,5,62.5,2,25.0,443,1770,785,11,15,2,14,13,524,32,Matchs
749,Vinícius Zanocelo,br BRA,"MT,AT",Fortaleza,22,2001,0.9,86,2,11,54,22,5,86,1,1,100.0,0,0.0,51,251,76,1,2,1,4,2,51,2,Matchs
750,Bruno Zapelli,ar ARG,"MT,AT",Ath Paranaense,20,2002,12.7,754,4,72,386,301,34,754,52,24,46.2,25,48.1,427,2350,1183,35,27,5,26,29,527,71,Matchs
Clt,Joueur,Nation,Pos,Équipe,Âge,Naissance,90,Touches,SurfRépDéf,ZDéf,MilTer,ZOff,SurfRépOff,Action de jeu,Att,Succ,Succ%,Tkld,Tkld%,Balle au pied,TotDist,DistBut,PrgC,1/3,CSR,Manqué,Perte,Rec,PrgR,Matchs
751,Federico Zaracho,ar ARG,"MT,AT",Atlético Mineiro,24,1998,21.6,1201,29,177,723,315,40,1201,38,27,71.1,7,18.4,654,2698,1167,16,22,4,43,32,766,74,Matchs
752,Zinho,br BRA,"AT,MT",Grêmio,19,2003,2.7,98,0,16,41,47,10,98,14,8,57.1,5,35.7,64,544,304,15,7,5,13,5,69,24,Matchs
Clt,Joueur,Nation,Pos,Équipe,Âge,Naissance,90,Touches,SurfRépDéf,ZDéf,MilTer,ZOff,SurfRépOff,Action de jeu,Att,Succ,Succ%,Tkld,Tkld%,Balle au pied,TotDist,DistBut,PrgC,1/3,CSR,Manqué,Perte,Rec,PrgR,Matchs
1,Luis Abram,pe PER,DF,Atlanta Utd,26,1996,16.2,1029,149,663,353,18,7,1029,1,0,0.0,0,0.0,654,2964,1751,5,4,0,3,1,729,1,Matchs
2,Lalas Abubakar,gh GHA,DF,Rapids,28,1994,21.3,1289,121,649,592,53,24,1289,5,4,80.0,1,20.0,712,2835,1397,5,4,2,7,0,860,3,Matchs
3,Daniel Aceves,mx MEX,DF,Fire,21,2001,9.5,568,52,197,245,130,9,568,15,6,40.0,8,53.3,276,1382,647,21,14,1,15,2,292,34,Matchs
4,Bryan Acosta,hn HON,MT,Rapids,29,1993,12.4,636,29,140,362,143,10,636,11,9,81.8,1,9.1,329,1663,616,11,11,3,12,8,388,24,Matchs
5,Bryan Acosta,hn HON,MT,Portland Timbers,29,1993,5.1,266,11,59,170,37,3,266,1,1,100.0,0,0.0,133,569,172,0,1,0,2,2,139,3,Matchs
6,Kellyn Acosta,us USA,MT,LAFC,27,1995,16.6,849,16,145,489,225,3,849,12,7,58.3,4,33.3,428,1616,703,9,6,0,13,7,540,24,Matchs
7,Luciano Acosta,ar ARG,MT,FC Cincinnati,28,1994,28.9,1882,6,134,851,923,135,1873,187,87,46.5,88,47.1,1156,6574,3310,116,94,54,85,65,1390,226,Matchs
8,Sam Adekugbe,ca CAN,"AT,DF",Vancouver W'caps,28,1995,4.5,285,12,62,128,97,5,285,6,4,66.7,2,33.3,180,833,348,7,12,2,7,1,206,35,Matchs
9,Samuel Adeniran,us USA,AT,St. Louis,24,1998,10.5,305,12,24,103,186,54,304,29,14,48.3,15,51.7,168,1401,707,32,21,16,38,10,207,46,Matchs
10,Harrison Afful,gh GHA,DF,Charlotte,36,1986,10.6,771,50,240,423,116,4,771,16,11,68.8,3,18.8,350,1576,795,14,8,0,12,7,459,11,Matchs
11,Stephen Afrifa,ca CAN,AT,Sporting KC,21,2001,0.6,14,1,1,4,9,3,14,3,1,33.3,1,33.3,6,36,8,1,1,1,4,0,3,1,Matchs
12,William Agada,ng NGA,AT,Sporting KC,23,1999,7.6,225,3,10,92,126,41,225,8,6,75.0,1,12.5,154,713,222,10,7,5,14,17,175,48,Matchs
13,Giovanni Aguilar,us USA,MT,Vancouver W'caps,24,1998,0.1,6,0,3,3,0,0,6,0,0,,0,,2,6,1,0,0,0,0,1,3,0,Matchs
14,Daniel Aguirre,us USA,"MT,AT",LA Galaxy,23,1999,6.4,408,12,64,188,157,27,408,18,5,27.8,10,55.6,254,1370,701,21,17,7,14,7,316,50,Matchs
15,Patrick Agyemang,us USA,AT,Charlotte,22,2000,2.1,77,4,6,29,43,13,77,6,3,50.0,3,50.0,47,164,75,4,1,5,16,3,55,23,Matchs
16,Ali Ahmed,ca CAN,"MT,DF",Vancouver W'caps,22,2000,12.5,699,11,95,341,275,37,699,46,24,52.2,14,30.4,487,3098,1850,53,30,9,28,20,485,105,Matchs
17,Carlos Akapo,gq EQG,DF,SJ Earthquakes,29,1993,23.8,1654,113,503,687,483,57,1654,75,35,46.7,31,41.3,831,4996,2563,71,56,15,44,17,895,123,Matchs
18,Matai Akinmboni,us USA,DF,D.C. United,16,2006,2.0,117,13,66,44,7,1,117,0,0,,0,,77,219,108,0,0,0,0,0,82,0,Matchs
19,Ayo Akinola,ca CAN,AT,Toronto FC,23,2000,6.2,207,3,13,86,110,15,207,7,2,28.6,3,42.9,119,519,164,6,5,3,20,12,165,40,Matchs
20,Ayo Akinola,ca CAN,"AT,MT",SJ Earthquakes,23,2000,0.6,28,4,8,9,11,2,28,0,0,,0,,12,31,22,0,2,0,4,0,15,3,Matchs
21,Joey Akpunonu,us USA,DF,FC Cincinnati,21,2001,0.1,4,0,3,1,0,0,4,0,0,,0,,2,1,0,0,0,0,0,0,2,0,Matchs
22,Jordi Alba,es ESP,DF,Inter Miami,33,1989,4.9,382,17,84,165,135,9,382,5,2,40.0,2,40.0,232,1181,723,13,10,2,3,2,279,49,Matchs
23,Tony Alfaro,us USA,DF,NYCFC,29,1993,4.2,251,14,75,159,18,4,251,0,0,,0,,132,640,362,6,3,0,0,0,174,5,Matchs
24,Tony Alfaro,us USA,DF,LA Galaxy,29,1993,4.2,274,57,169,105,1,0,274,0,0,,0,,165,733,392,1,0,0,2,0,171,1,Matchs
25,Noah Allen,us USA,DF,Inter Miami,18,2004,13.9,955,44,298,456,206,14,955,13,7,53.8,3,23.1,560,2770,1339,31,21,6,13,7,620,67,Matchs
Clt,Joueur,Nation,Pos,Équipe,Âge,Naissance,90,Touches,SurfRépDéf,ZDéf,MilTer,ZOff,SurfRépOff,Action de jeu,Att,Succ,Succ%,Tkld,Tkld%,Balle au pied,TotDist,DistBut,PrgC,1/3,CSR,Manqué,Perte,Rec,PrgR,Matchs
26,Rasmus Alm,se SWE,"MT,AT",St. Louis,27,1995,12.2,415,6,53,142,229,33,415,18,7,38.9,9,50.0,211,1203,536,20,12,6,17,6,263,81,Matchs
27,Thiago Almada,ar ARG,MT,Atlanta Utd,21,2001,30.3,2294,8,225,1155,958,76,2291,176,95,54.0,63,35.8,1629,10775,5135,131,131,26,70,63,1856,170,Matchs
28,Osvaldo Alonso,cu CUB,MT,Atlanta Utd,37,1985,1.1,92,4,22,52,21,2,92,3,1,33.3,0,0.0,52,251,135,1,2,0,1,0,67,1,Matchs
29,Jozy Altidore,us USA,AT,NE Revolution,33,1989,2.3,69,0,4,32,33,8,69,1,0,0.0,1,100.0,50,142,26,0,2,0,6,4,59,13,Matchs
30,Efrain Alvarez,mx MEX,"MT,AT",LA Galaxy,20,2002,4.2,248,4,32,100,116,16,248,10,2,20.0,8,80.0,153,821,311,7,9,5,11,10,182,39,Matchs
31,Fernando Álvarez,co COL,DF,CF Montréal,19,2003,2.8,170,17,61,104,6,1,170,0,0,,0,,91,326,151,0,0,0,0,1,104,1,Matchs
32,Luis Amarilla,py PAR,AT,Minnesota Utd,27,1995,8.2,363,12,31,194,143,38,361,26,11,42.3,12,46.2,203,918,367,12,5,4,32,14,277,66,Matchs
33,Frankie Amaya,us USA,MT,NY Red Bulls,22,2000,21.3,1107,40,181,601,335,23,1107,29,19,65.5,5,17.2,584,2922,1351,21,30,5,26,12,627,25,Matchs
34,Malte Amundsen,dk DEN,DF,Crew,24,1998,21.0,1515,88,589,778,158,31,1515,12,7,58.3,4,33.3,877,4061,1948,20,18,5,21,6,951,44,Matchs
35,Sebastian Anderson,us USA,DF,Rapids,20,2002,3.0,120,13,48,38,35,1,120,2,2,100.0,0,0.0,58,310,160,4,2,0,2,0,57,6,Matchs
36,José Andrés Martínez,ve VEN,MT,Philadelphia,28,1994,20.3,1146,48,279,726,159,4,1146,36,21,58.3,12,33.3,662,3205,1556,19,26,1,38,12,710,17,Matchs
37,Iván Angulo,co COL,"AT,DF",Orlando City,23,1999,27.6,1132,36,180,416,553,96,1132,92,42,45.7,41,44.6,777,5278,2379,75,38,37,55,25,827,253,Matchs
38,Marco Angulo,ec ECU,MT,FC Cincinnati,20,2002,8.7,454,14,102,267,92,8,454,12,9,75.0,3,25.0,253,1184,430,3,6,1,18,10,275,22,Matchs
39,Eugene Ansah,gh GHA,AT,FC Dallas,28,1994,2.0,64,1,10,19,37,10,64,7,2,28.6,4,57.1,45,319,109,3,3,2,5,4,47,15,Matchs
40,Themi Antonoglou,ca CAN,"DF,MT",Toronto FC,21,2001,5.3,278,18,93,122,68,3,278,7,3,42.9,4,57.1,159,724,341,6,6,1,1,2,165,25,Matchs
41,Antony,br BRA,"AT,MT",Portland Timbers,21,2001,2.8,124,1,5,44,76,9,124,9,6,66.7,2,22.2,91,593,239,9,8,1,8,6,99,43,Matchs
42,Brian Anunga,cm CMR,MT,Nashville,26,1996,6.3,319,7,95,186,44,1,319,10,4,40.0,5,50.0,183,836,253,2,7,0,7,4,211,7,Matchs
43,Cristian Arango,co COL,AT,RSL,27,1995,8.4,258,11,17,97,150,40,258,23,8,34.8,14,60.9,153,914,407,9,17,4,19,13,184,56,Matchs
44,César Araujo,uy URU,MT,Orlando City,21,2001,30.3,1929,69,477,1114,356,29,1929,26,13,50.0,7,26.9,1075,4580,2177,21,35,3,22,14,1325,38,Matchs
45,Luiz Araújo,br BRA,AT,Atlanta Utd,26,1996,14.1,727,5,70,301,375,42,726,92,43,46.7,41,44.6,506,3732,1830,63,50,18,35,16,559,120,Matchs
46,Miguel Araujo,pe PER,DF,Portland Timbers,28,1994,1.9,113,5,45,65,4,1,113,1,1,100.0,0,0.0,70,349,175,1,0,0,1,0,82,1,Matchs
47,Scott Arfield,ca CAN,"MT,AT",Charlotte,34,1988,4.6,242,10,48,118,76,15,242,5,4,80.0,1,20.0,124,446,174,2,7,2,5,2,165,15,Matchs
48,Maximilian Arfsten,us USA,"DF,MT",Crew,21,2001,3.1,173,6,31,67,76,14,173,10,6,60.0,4,40.0,113,707,379,15,9,6,11,3,121,32,Matchs
49,Santiago Arias,co COL,DF,FC Cincinnati,31,1992,18.4,1067,39,226,481,370,50,1067,26,12,46.2,10,38.5,519,3113,1520,38,34,7,13,9,645,113,Matchs
50,Xavier Arreaga,ec ECU,"DF,MT",Seattle,28,1994,3.9,232,20,125,100,8,6,232,3,2,66.7,0,0.0,130,712,392,1,0,0,0,2,158,0,Matchs
Clt,Joueur,Nation,Pos,Équipe,Âge,Naissance,90,Touches,SurfRépDéf,ZDéf,MilTer,ZOff,SurfRépOff,Action de jeu,Att,Succ,Succ%,Tkld,Tkld%,Balle au pied,TotDist,DistBut,PrgC,1/3,CSR,Manqué,Perte,Rec,PrgR,Matchs
51,Kervin Arriaga,hn HON,MT,Minnesota Utd,25,1998,13.0,793,53,201,498,103,15,793,26,14,53.8,11,42.3,419,2019,775,15,14,2,16,13,485,13,Matchs
52,Paul Arriola,us USA,"AT,MT",FC Dallas,27,1995,18.4,760,11,90,323,358,74,760,26,10,38.5,12,46.2,489,2410,1228,34,26,11,46,17,577,137,Matchs
53,Dixon Arroyo,ec ECU,MT,Inter Miami,30,1992,19.9,1363,58,359,864,152,3,1363,10,4,40.0,5,50.0,808,3250,1029,4,12,0,25,17,969,10,Matchs
54,Artur,br BRA,MT,Dynamo FC,26,1996,30.3,1936,105,649,1056,247,14,1936,49,33,67.3,13,26.5,1176,4635,1667,8,28,4,22,26,1350,23,Matchs
55,Yamil Asad,ar ARG,"MT,AT",D.C. United,28,1994,5.8,337,3,29,153,157,18,337,15,5,33.3,10,66.7,181,972,442,13,10,3,11,11,233,49,Matchs
56,Dairon Asprilla,co COL,"AT,MT",Portland Timbers,30,1992,16.1,722,15,78,279,381,68,722,72,31,43.1,36,50.0,454,2559,1414,41,27,13,49,22,531,139,Matchs
57,Joshua Atencio,us USA,MT,Seattle,21,2002,10.9,753,24,162,432,167,19,753,25,14,56.0,9,36.0,412,2134,884,24,16,5,26,20,467,34,Matchs
58,Julián Aude,ar ARG,DF,LA Galaxy,19,2003,13.3,884,40,309,406,172,10,884,24,12,50.0,7,29.2,462,2137,1150,15,16,1,20,9,550,53,Matchs
59,Tomás Avilés,ar ARG,DF,Inter Miami,18,2004,9.7,675,55,328,325,26,8,675,5,2,40.0,2,40.0,380,1731,813,4,4,0,8,1,476,3,Matchs
60,David Ayala,ar ARG,MT,Portland Timbers,20,2002,1.8,114,5,20,63,34,4,114,8,2,25.0,4,50.0,74,367,172,3,3,0,5,1,68,5,Matchs
61,Edison Azcona,do DOM,"MT,DF",Inter Miami,19,2003,0.6,54,1,5,16,35,5,54,6,3,50.0,0,0.0,36,254,152,5,5,0,7,1,38,14,Matchs
62,Dominique Badji,sn SEN,AT,FC Cincinnati,30,1992,10.2,286,10,32,126,131,46,286,10,4,40.0,5,50.0,173,1246,507,20,8,15,18,6,212,66,Matchs
63,Corey Baird,us USA,AT,Dynamo FC,27,1996,25.9,859,20,119,375,384,78,859,58,26,44.8,29,50.0,518,2536,1130,31,28,10,38,18,615,147,Matchs
64,Esmir Bajraktarevic,us USA,"AT,MT",NE Revolution,17,2005,5.5,238,0,27,104,108,26,238,28,7,25.0,17,60.7,159,1132,544,21,8,10,14,3,176,34,Matchs
65,Cody Baker,us USA,DF,Seattle,19,2004,7.6,539,22,133,252,155,5,539,4,0,0.0,4,100.0,239,1459,782,19,14,2,8,4,335,50,Matchs
66,Reed Baker-Whiting,us USA,"DF,AT",Seattle,17,2005,7.1,497,20,131,218,151,15,497,29,15,51.7,13,44.8,300,1675,809,25,19,5,5,8,318,53,Matchs
67,Monsef Bakrar,dz ALG,AT,NYCFC,22,2001,8.4,187,4,6,74,109,39,186,16,4,25.0,11,68.8,111,513,249,10,8,10,18,3,131,44,Matchs
68,Michael Baldisimo,ph PHI,MT,SJ Earthquakes,22,2000,3.3,189,10,62,104,26,1,189,5,3,60.0,2,40.0,104,437,163,1,1,0,1,9,116,3,Matchs
69,Thai Baribo,il ISR,"AT,MT",Philadelphia,25,1998,1.7,50,3,4,28,18,4,50,1,0,0.0,1,100.0,25,78,4,0,1,0,2,2,40,7,Matchs
70,Tom Barlow,us USA,AT,NY Red Bulls,27,1995,20.5,582,14,47,241,295,73,582,19,7,36.8,12,63.2,306,1261,533,19,9,8,47,17,415,102,Matchs
71,Luis Barraza,us USA,GB,NYCFC,26,1996,24.0,1149,734,1132,17,0,0,1149,2,2,100.0,0,0.0,650,2642,1648,0,0,0,0,0,694,0,Matchs
72,Álvaro Barreal,ar ARG,DF,FC Cincinnati,22,2000,31.3,2205,69,517,969,745,98,2205,95,41,43.2,41,43.2,1136,6463,3107,84,48,30,56,17,1320,238,Matchs
73,Michael Barrios,co COL,"AT,MT",Rapids,31,1991,9.3,301,4,31,103,175,37,301,35,8,22.9,22,62.9,191,1203,652,22,16,15,20,9,210,82,Matchs
74,Michael Barrios,co COL,"AT,MT",LA Galaxy,31,1991,1.3,61,1,7,12,42,14,61,2,0,0.0,1,50.0,37,152,82,5,0,2,7,4,43,15,Matchs
75,Lucas Bartlett,us USA,DF,St. Louis,25,1997,11.9,627,86,316,296,21,9,627,6,2,33.3,4,66.7,283,1825,998,5,3,0,8,1,292,3,Matchs
Clt,Joueur,Nation,Pos,Équipe,Âge,Naissance,90,Touches,SurfRépDéf,ZDéf,MilTer,ZOff,SurfRépOff,Action de jeu,Att,Succ,Succ%,Tkld,Tkld%,Balle au pied,TotDist,DistBut,PrgC,1/3,CSR,Manqué,Perte,Rec,PrgR,Matchs
76,Ethan Bartlow,us USA,DF,Dynamo FC,22,2000,22.1,1330,244,837,445,55,21,1330,10,8,80.0,1,10.0,849,4113,2478,12,8,2,4,2,930,7,Matchs
77,Cole Bassett,us USA,"MT,AT",Rapids,21,2001,21.1,1003,27,159,499,352,46,1003,38,24,63.2,12,31.6,610,2909,1464,44,28,9,39,12,720,73,Matchs
78,Amine Bassi,fr FRA,"MT,AT",Dynamo FC,25,1997,22.2,1363,7,134,768,478,48,1357,46,23,50.0,20,43.5,953,4498,2159,40,44,4,29,24,1103,96,Matchs
79,Jesús Batiz,us USA,"MT,AT",Toronto FC,23,1999,0.7,29,0,6,13,11,2,29,3,3,100.0,0,0.0,20,150,90,3,1,1,2,1,22,8,Matchs
80,Josh Bauer,us USA,DF,Nashville,24,1998,5.8,337,43,183,145,11,3,337,1,0,0.0,0,0.0,203,746,328,1,0,0,2,0,235,1,Matchs
81,Tanner Beason,us USA,DF,SJ Earthquakes,25,1997,15.6,824,207,550,255,20,11,824,1,1,100.0,0,0.0,415,1604,682,1,1,0,11,0,476,0,Matchs
82,Gavin Beavers,us USA,GB,RSL,17,2005,6.5,196,172,196,0,0,0,196,0,0,,0,,95,459,264,0,0,0,0,0,70,0,Matchs
83,Simon Becher,us USA,"AT,MT",Vancouver W'caps,23,1999,6.8,178,8,13,70,99,43,178,11,3,27.3,7,63.6,100,364,148,6,3,7,21,6,133,48,Matchs
84,Alejandro Bedoya,us USA,MT,Philadelphia,35,1987,22.3,1112,34,187,526,405,79,1112,18,13,72.2,5,27.8,579,3094,1605,44,28,8,22,15,746,143,Matchs
85,Steven Beitashour,ir IRN,DF,Rapids,35,1987,6.7,349,28,118,183,50,4,349,1,0,0.0,1,100.0,189,647,218,4,2,0,7,0,218,17,Matchs
86,Jon Bell,jm JAM,DF,St. Louis,25,1997,1.6,82,11,47,34,1,1,82,0,0,,0,,40,147,56,0,0,0,1,0,45,0,Matchs
87,Zaydan Bello,au AUS,MT,Minnesota Utd,20,2002,0.2,10,1,2,0,8,1,10,1,1,100.0,0,0.0,6,29,15,1,0,1,3,1,6,1,Matchs
88,Nico Benalcázar,us USA,MT,NYCFC,21,2001,0.1,6,0,2,4,0,0,6,0,0,,0,,1,3,0,0,0,0,1,0,1,0,Matchs
89,Ben Bender,us USA,"MT,AT",Charlotte,21,2001,10.1,478,10,57,227,197,30,478,26,11,42.3,13,50.0,290,1681,745,25,8,3,22,9,343,94,Matchs
90,Joe Bendik,us USA,GB,Philadelphia,33,1989,7.6,176,158,175,1,0,0,176,0,0,,0,,72,368,251,0,0,0,0,0,41,0,Matchs
91,Christian Benteke,be BEL,AT,D.C. United,32,1990,31.0,1097,37,64,474,566,205,1096,37,21,56.8,14,37.8,518,2227,865,35,24,20,69,37,897,164,Matchs
92,Sebastian Berhalter,us USA,MT,Vancouver W'caps,21,2001,14.4,890,45,193,536,170,10,890,6,4,66.7,1,16.7,414,1661,807,12,14,0,8,8,522,23,Matchs
93,Federico Bernardeschi,it ITA,"AT,MT",Toronto FC,28,1994,28.9,1448,14,120,535,820,120,1446,168,64,38.1,90,53.6,999,7860,3271,117,80,55,86,56,1089,264,Matchs
94,Miguel Berry,es ESP,AT,Atlanta Utd,25,1997,11.5,226,4,21,111,97,30,226,23,10,43.5,12,52.2,125,649,236,8,6,5,23,8,150,34,Matchs
95,Aaron Bibout,cm CMR,AT,LA Galaxy,18,2004,0.3,13,0,0,7,6,2,13,0,0,,0,,9,27,11,0,1,0,2,0,10,2,Matchs
96,David Bingham,us USA,GB,Portland Timbers,33,1989,19.0,702,486,695,7,0,0,702,0,0,,0,,377,1917,1179,0,0,0,0,0,302,0,Matchs
97,Steve Birnbaum,us USA,DF,D.C. United,32,1991,17.9,923,121,497,375,55,42,923,0,0,,0,,456,1725,843,2,1,0,1,0,566,6,Matchs
98,Stipe Biuk,hr CRO,AT,LAFC,20,2002,14.9,596,10,81,186,341,90,596,52,23,44.2,25,48.1,393,2946,1491,77,30,38,38,9,437,154,Matchs
99,Tristan Blackmon,us USA,DF,Vancouver W'caps,26,1996,28.0,1871,221,1004,809,69,38,1871,16,7,43.8,7,43.8,1098,5268,3045,18,13,0,13,6,1300,3,Matchs
100,Andre Blake,jm JAM,GB,Philadelphia,32,1990,26.4,670,599,670,0,0,0,670,2,1,50.0,0,0.0,347,2156,1362,0,0,0,2,0,207,0,Matchs
Clt,Joueur,Nation,Pos,Équipe,Âge,Naissance,90,Touches,SurfRépDéf,ZDéf,MilTer,ZOff,SurfRépOff,Action de jeu,Att,Succ,Succ%,Tkld,Tkld%,Balle au pied,TotDist,DistBut,PrgC,1/3,CSR,Manqué,Perte,Rec,PrgR,Matchs
101,Sebastián Blanco,ar ARG,"AT,MT",Portland Timbers,34,1988,4.9,232,0,15,82,137,18,232,9,4,44.4,4,44.4,177,1069,565,19,8,7,5,6,205,60,Matchs
102,Latif Blessing,gh GHA,"AT,MT",Toronto FC,26,1996,1.7,68,1,12,31,26,3,68,1,0,0.0,1,100.0,36,161,62,1,3,0,2,3,51,11,Matchs
103,Latif Blessing,gh GHA,MT,NE Revolution,26,1996,11.5,583,23,122,351,117,12,583,31,18,58.1,10,32.3,343,1437,584,9,8,1,18,8,362,17,Matchs
104,Njabulo Blom,za RSA,MT,St. Louis,23,1999,21.3,965,55,246,581,157,4,965,35,24,68.6,8,22.9,476,2419,900,8,18,1,35,20,490,17,Matchs
105,Emmanuel Boateng,gh GHA,"AT,MT",NE Revolution,29,1994,16.0,677,21,104,259,322,40,677,30,17,56.7,10,33.3,457,2584,1240,46,20,14,21,4,503,148,Matchs
106,Israel Boatwright,do DOM,"MT,DF",Inter Miami,17,2005,0.8,53,5,17,22,14,0,53,3,1,33.3,1,33.3,32,147,65,1,1,0,1,1,31,7,Matchs
107,Mateusz Bogusz,pl POL,"MT,AT",LAFC,21,2001,19.3,1012,18,88,418,530,69,1011,57,37,64.9,13,22.8,671,3671,1883,56,42,16,44,17,711,127,Matchs
108,Franck Boli,ci CIV,AT,Portland Timbers,29,1993,16.2,449,4,31,178,245,85,449,54,21,38.9,28,51.9,298,1584,679,28,15,21,52,38,331,107,Matchs
109,Joshua Bolma,gh GHA,MT,NE Revolution,20,2002,0.3,26,0,6,18,2,0,26,0,0,,0,,16,99,49,1,1,0,0,0,23,0,Matchs
110,Moïse Bombito,ca CAN,DF,Rapids,22,2000,8.3,466,50,231,180,59,15,466,4,3,75.0,1,25.0,241,1328,746,12,5,3,10,1,275,11,Matchs
111,Jonathan Bond,eng ENG,GB,LA Galaxy,29,1993,22.8,842,766,841,1,0,0,842,1,1,100.0,0,0.0,480,2332,1451,0,0,0,2,0,400,0,Matchs
112,Pablo Bonilla,ve VEN,DF,Portland Timbers,23,1999,0.8,33,3,11,7,15,1,33,0,0,,0,,11,33,18,1,0,0,0,0,16,5,Matchs
113,Alex Bono,us USA,GB,D.C. United,28,1994,9.5,443,317,425,19,0,0,443,2,2,100.0,0,0.0,231,1126,624,0,0,0,0,0,208,0,Matchs
114,Shanyder Borgelin,ht HAI,AT,Inter Miami,21,2001,1.6,49,1,4,16,31,13,49,4,1,25.0,2,50.0,25,181,24,1,1,1,10,6,35,8,Matchs
115,Dylan Borrero,co COL,"AT,MT",NE Revolution,21,2002,5.7,287,6,30,117,146,27,287,27,14,51.9,9,33.3,194,1476,710,28,11,16,15,6,215,52,Matchs
116,Gustavo Bou,ar ARG,"AT,MT",NE Revolution,32,1990,14.0,615,6,38,221,361,71,614,44,20,45.5,17,38.6,365,2238,1108,40,29,14,27,21,438,108,Matchs
117,Denis Bouanga,ga GAB,AT,LAFC,28,1994,28.1,1271,23,122,391,790,227,1268,192,87,45.3,91,47.4,838,6790,3643,145,73,87,101,57,925,322,Matchs
118,Ousseni Bouda,bf BFA,"AT,MT",SJ Earthquakes,22,2000,1.7,85,1,7,26,53,12,85,7,1,14.3,6,85.7,51,265,94,2,3,1,4,9,63,13,Matchs
119,Aaron Boupendza,ga GAB,AT,FC Cincinnati,26,1996,6.7,266,1,20,113,138,44,266,28,12,42.9,15,53.6,166,932,428,15,7,8,23,6,192,38,Matchs
120,Michael Boxall,nz NZL,DF,Minnesota Utd,34,1988,31.7,1773,299,982,724,82,21,1773,20,13,65.0,3,15.0,965,4804,3039,18,20,1,17,5,1075,4,Matchs
121,Tyler Boyd,us USA,"AT,MT",LA Galaxy,28,1994,25.8,1134,21,142,396,613,112,1134,85,42,49.4,38,44.7,809,5472,2619,104,64,37,67,49,874,261,Matchs
122,Michael Bradley,us USA,"MT,DF",Toronto FC,35,1987,16.0,1010,149,470,500,46,2,1010,9,5,55.6,4,44.4,564,2541,1095,3,10,1,12,4,665,8,Matchs
123,Christopher Brady,us USA,GB,Fire,18,2004,29.3,872,771,870,2,0,0,872,0,0,,0,,400,1952,1183,0,0,0,1,1,286,0,Matchs
124,Zachary Brault-Guillard,ca CAN,"DF,MT",CF Montréal,24,1998,14.5,774,36,172,328,282,36,774,23,9,39.1,12,52.2,428,2094,1015,27,25,6,28,15,485,123,Matchs
125,Claudio Bravo,ar ARG,DF,Portland Timbers,25,1997,25.9,1706,105,535,855,344,17,1706,43,26,60.5,12,27.9,845,4687,2933,61,43,4,26,21,866,57,Matchs
Clt,Joueur,Nation,Pos,Équipe,Âge,Naissance,90,Touches,SurfRépDéf,ZDéf,MilTer,ZOff,SurfRépOff,Action de jeu,Att,Succ,Succ%,Tkld,Tkld%,Balle au pied,TotDist,DistBut,PrgC,1/3,CSR,Manqué,Perte,Rec,PrgR,Matchs
126,Luke Brennan,us USA,MT,Atlanta Utd,17,2005,0.0,1,0,0,0,1,0,1,0,0,,0,,1,2,0,0,0,0,0,0,1,0,Matchs
127,Brenner,br BRA,AT,FC Cincinnati,23,2000,5.9,283,2,22,144,121,22,283,15,7,46.7,7,46.7,190,867,266,8,6,6,10,12,236,38,Matchs
128,Ethan Bristow,kn SKN,DF,Minnesota Utd,21,2001,6.0,294,17,89,106,101,7,294,2,0,0.0,1,50.0,138,756,412,12,11,1,3,4,156,25,Matchs
129,Andrew Brody,us USA,DF,RSL,27,1995,25.2,1552,95,438,716,420,23,1552,47,31,66.0,12,25.5,843,5577,3272,82,54,7,24,7,968,133,Matchs
130,Brandt Bronico,us USA,MT,Charlotte,27,1995,28.8,1395,55,304,756,354,55,1395,36,14,38.9,18,50.0,761,3867,1780,48,39,7,44,27,912,111,Matchs
131,Javain Brown,jm JAM,DF,Vancouver W'caps,23,1999,19.6,1298,107,499,563,245,28,1298,15,9,60.0,5,33.3,661,2778,1507,23,21,2,8,7,767,63,Matchs
132,Gastón Brugman,uy URU,MT,LA Galaxy,30,1992,21.1,1818,56,440,1131,267,15,1817,46,31,67.4,9,19.6,1141,5593,3080,51,41,4,27,14,1350,37,Matchs
133,Will Bruin,us USA,AT,Austin,33,1989,3.9,100,8,11,60,29,14,100,6,1,16.7,5,83.3,52,154,66,1,1,1,11,4,67,10,Matchs
134,Noel Buck,eng ENG,"MT,AT",NE Revolution,17,2005,19.5,981,27,194,530,269,20,981,43,26,60.5,11,25.6,595,3290,1573,48,31,6,30,14,700,55,Matchs
135,Teal Bunbury,us USA,AT,Nashville,32,1990,18.3,554,9,25,273,259,77,554,23,15,65.2,7,30.4,261,1105,420,19,8,13,31,13,422,113,Matchs
136,Cory Burke,jm JAM,AT,NY Red Bulls,31,1991,10.8,379,9,26,162,200,58,379,42,24,57.1,17,40.5,178,1075,435,15,13,8,37,24,237,42,Matchs
137,Roman Bürki,ch SUI,GB,St. Louis,32,1990,33.0,1249,920,1225,26,0,0,1249,1,1,100.0,0,0.0,672,3855,2244,0,0,0,3,0,497,0,Matchs
138,Kendall Burks,us USA,"DF,MT",Fire,23,1999,5.7,265,40,145,110,12,3,265,3,2,66.7,0,0.0,130,562,288,4,0,0,3,0,140,2,Matchs
139,Sergio Busquets,es ESP,MT,Inter Miami,34,1988,10.3,819,43,220,489,114,3,819,7,3,42.9,3,42.9,434,1675,789,10,8,2,7,11,582,11,Matchs
140,Brandon Bye,us USA,DF,NE Revolution,27,1995,18.5,1158,82,332,497,342,31,1158,29,14,48.3,12,41.4,572,3495,1713,49,30,1,20,10,660,93,Matchs
141,Nathan Byrne,eng ENG,DF,Charlotte,30,1992,28.9,1888,97,631,973,302,15,1888,25,9,36.0,11,44.0,907,4235,2310,40,34,4,18,8,1120,50,Matchs
142,Jorge Cabezas,co COL,"AT,MT",NY Red Bulls,19,2003,1.3,52,2,3,18,31,7,52,6,5,83.3,1,16.7,27,123,24,1,3,1,8,1,30,6,Matchs
143,Kevin Cabral,fr FRA,"AT,MT",Rapids,23,1999,13.1,374,8,43,166,169,48,374,31,13,41.9,15,48.4,210,1365,620,23,15,13,27,6,233,56,Matchs
144,Rémi Cabral,fr FRA,DF,Rapids,23,1999,0.1,7,0,0,3,4,0,7,0,0,,0,,2,22,16,1,0,0,0,0,5,0,Matchs
145,Martín Cáceres,uy URU,DF,LA Galaxy,35,1987,14.5,954,104,448,472,34,7,954,1,0,0.0,1,100.0,575,2425,1452,3,7,0,5,0,681,3,Matchs
146,Deiber Caicedo,co COL,"MT,AT",Vancouver W'caps,22,2000,2.2,124,2,14,43,69,10,124,16,9,56.3,7,43.8,88,785,337,12,8,1,7,4,88,21,Matchs
147,Luís Caicedo,co COL,MT,Dynamo FC,26,1996,13.5,711,38,212,447,56,0,711,7,2,28.6,5,71.4,408,1469,658,1,6,0,7,9,476,6,Matchs
148,Scott Caldwell,us USA,MT,RSL,31,1991,1.9,71,4,18,48,5,0,71,1,1,100.0,0,0.0,32,81,29,0,0,0,0,0,48,0,Matchs
149,Lucas Calegari,br BRA,DF,LA Galaxy,20,2002,21.5,1466,81,451,699,329,18,1466,42,24,57.1,11,26.2,846,4394,2559,32,38,3,25,11,958,98,Matchs
150,Noel Caliskan,de GER,MT,Portland Timbers,22,2000,2.9,126,6,19,79,28,6,126,1,0,0.0,1,100.0,68,324,127,4,2,1,0,1,82,6,Matchs
Clt,Joueur,Nation,Pos,Équipe,Âge,Naissance,90,Touches,SurfRépDéf,ZDéf,MilTer,ZOff,SurfRépOff,Action de jeu,Att,Succ,Succ%,Tkld,Tkld%,Balle au pied,TotDist,DistBut,PrgC,1/3,CSR,Manqué,Perte,Rec,PrgR,Matchs
151,Drake Callender,us USA,GB,Inter Miami,25,1997,33.0,1213,1080,1207,6,0,0,1213,0,0,,0,,659,3516,1921,0,1,1,0,0,518,0,Matchs
152,Rudy Camacho,fr FRA,DF,Crew,31,1991,8.8,689,85,377,301,16,3,689,2,2,100.0,0,0.0,431,2431,1144,3,4,0,1,1,460,1,Matchs
153,Rudy Camacho,fr FRA,"DF,MT",CF Montréal,31,1991,17.9,1266,181,726,490,53,16,1266,7,7,100.0,0,0.0,678,3666,1859,5,7,0,7,2,776,6,Matchs
154,Brandon Cambridge,us USA,"AT,DF",Charlotte,20,2002,1.5,63,1,7,28,30,6,63,5,3,60.0,1,20.0,46,446,264,9,7,2,4,3,51,20,Matchs
155,Leonardo Campana,ec ECU,AT,Inter Miami,22,2000,18.2,630,23,51,314,273,70,627,26,13,50.0,12,46.2,334,1231,399,17,12,4,36,24,473,91,Matchs
156,George Campbell,us USA,DF,CF Montréal,21,2001,20.6,1384,132,651,657,84,10,1384,28,18,64.3,10,35.7,821,4109,2173,24,17,2,19,7,888,11,Matchs
157,Russell Canouse,us USA,MT,D.C. United,27,1995,24.6,1323,41,351,817,171,9,1323,30,18,60.0,7,23.3,637,2759,1071,9,13,0,26,21,780,23,Matchs
158,Antonio Carlos,br BRA,DF,Orlando City,29,1993,15.7,872,144,455,398,26,17,872,4,4,100.0,0,0.0,503,2529,1502,12,2,0,2,0,554,2,Matchs
159,Wikelman Carmona,ve VEN,"AT,MT",NY Red Bulls,19,2003,7.4,321,5,44,124,160,15,321,32,14,43.8,15,46.9,202,1128,350,13,10,4,23,15,218,53,Matchs
160,Julián Carranza,ar ARG,AT,Philadelphia,22,2000,27.6,1075,25,75,469,544,134,1075,54,18,33.3,32,59.3,660,3138,1122,34,35,12,78,38,810,201,Matchs
161,Adalberto Carrasquilla,pa PAN,"AT,MT",Dynamo FC,24,1998,22.6,1255,14,137,644,488,53,1255,92,48,52.2,38,41.3,866,4361,2362,61,63,10,49,33,997,110,Matchs
162,Wilder Cartagena,pe PER,MT,Orlando City,28,1994,21.1,1236,36,255,830,164,5,1236,21,12,57.1,8,38.1,715,2917,1142,8,15,0,15,21,868,15,Matchs
163,Javier Casas,us USA,MT,Fire,19,2003,0.6,34,0,7,18,9,0,34,3,1,33.3,2,66.7,19,163,86,3,2,0,3,3,20,3,Matchs
164,Julio Cascante,cr CRC,DF,Austin,29,1993,22.9,1686,236,941,700,56,43,1686,10,7,70.0,2,20.0,1155,5477,2832,9,4,0,6,4,1284,2,Matchs
165,Cristian Cásseres Jr.,ve VEN,MT,NY Red Bulls,23,2000,16.0,989,16,139,554,310,15,989,48,23,47.9,18,37.5,487,2616,1360,27,28,4,22,25,535,40,Matchs
166,Robert Castellanos,us USA,DF,Sporting KC,24,1998,7.8,528,68,308,209,11,8,528,2,1,50.0,1,50.0,338,1618,737,0,0,0,3,3,348,1,Matchs
167,Roman Celentano,us USA,GB,FC Cincinnati,22,2000,33.0,893,803,891,2,0,0,893,0,0,,0,,394,2427,1458,0,0,0,1,0,263,0,Matchs
168,Edwin Cerrillo,us USA,MT,FC Dallas,22,2000,15.1,1034,48,264,631,150,3,1034,12,7,58.3,4,33.3,593,2807,1064,12,15,1,21,12,764,15,Matchs
169,Edwin Cerrillo,us USA,MT,LA Galaxy,22,2000,9.0,652,23,155,429,74,5,652,11,7,63.6,3,27.3,414,1932,854,6,8,1,12,3,515,10,Matchs
170,Tomás Chancalay,ar ARG,"AT,MT",NE Revolution,24,1999,9.5,482,8,44,232,215,30,482,42,26,61.9,11,26.2,339,2378,1149,36,23,5,32,10,358,73,Matchs
171,Maikel Chang,cu CUB,"MT,AT",RSL,31,1991,11.3,647,10,63,246,344,36,647,22,11,50.0,7,31.8,378,1914,922,35,28,7,29,14,434,124,Matchs
172,Maxime Chanot,lu LUX,DF,NYCFC,33,1989,19.0,1401,210,874,505,28,17,1401,3,3,100.0,0,0.0,810,4175,2293,8,3,0,10,4,949,1,Matchs
173,Diego Chará,co COL,MT,Portland Timbers,36,1986,28.5,1474,83,390,927,173,3,1474,18,7,38.9,9,50.0,741,3077,1391,14,21,2,22,10,883,17,Matchs
174,Yimmi Chará,co COL,AT,Portland Timbers,31,1991,8.2,388,11,67,149,178,32,388,15,5,33.3,8,53.3,240,1315,644,18,12,6,14,11,273,67,Matchs
175,Yevhen Cheberko,ua UKR,DF,Crew,25,1998,2.2,154,16,69,80,5,1,154,4,3,75.0,0,0.0,93,387,196,1,0,0,4,1,99,0,Matchs
Clt,Joueur,Nation,Pos,Équipe,Âge,Naissance,90,Touches,SurfRépDéf,ZDéf,MilTer,ZOff,SurfRépOff,Action de jeu,Att,Succ,Succ%,Tkld,Tkld%,Balle au pied,TotDist,DistBut,PrgC,1/3,CSR,Manqué,Perte,Rec,PrgR,Matchs
176,Giorgio Chiellini,it ITA,DF,LAFC,38,1984,15.2,1148,97,484,626,45,13,1148,3,3,100.0,0,0.0,692,3432,2003,11,9,0,4,2,774,2,Matchs
177,Mathieu Choiniere,ca CAN,"MT,DF",CF Montréal,23,1999,27.0,1482,43,278,669,551,55,1481,46,21,45.7,22,47.8,792,4266,2189,61,51,10,43,22,918,137,Matchs
178,Léo Chú,br BRA,AT,Seattle,22,2000,22.8,938,4,72,321,561,115,938,90,33,36.7,47,52.2,664,5057,2647,102,59,50,51,22,724,287,Matchs
179,José Cifuentes,ec ECU,MT,LAFC,23,1999,15.1,960,13,116,502,359,33,960,44,26,59.1,17,38.6,626,3205,1661,46,35,5,36,23,736,63,Matchs
180,Cam Cilley,us USA,"AT,MT",SJ Earthquakes,22,2000,0.0,5,1,2,1,2,0,5,0,0,,0,,1,0,0,0,0,0,0,0,0,0,Matchs
181,Abdoulaye Cissoko,fr FRA,DF,Seattle,23,1999,1.0,80,4,32,47,1,1,80,0,0,,0,,41,187,77,0,0,0,1,0,63,0,Matchs
182,Steve Clark,us USA,GB,Dynamo FC,36,1986,33.0,1160,1034,1159,1,0,0,1160,2,2,100.0,0,0.0,725,3651,2425,0,0,0,0,0,560,0,Matchs
183,Stefan Cleveland,us USA,GB,Seattle,28,1994,2.0,50,45,50,0,0,0,50,0,0,,0,,18,143,104,0,0,0,0,0,15,0,Matchs
184,Noah Cobb,us USA,DF,Atlanta Utd,17,2005,2.2,164,15,89,75,1,0,164,0,0,,0,,97,291,147,0,0,0,2,0,116,0,Matchs
185,Alonso Coello,es ESP,MT,Toronto FC,23,1999,14.3,1161,35,343,702,134,6,1161,24,17,70.8,7,29.2,721,3297,1318,10,12,3,15,13,861,12,Matchs
186,Jackson Conway,us USA,AT,Atlanta Utd,21,2001,0.6,12,0,0,8,4,1,12,1,1,100.0,0,0.0,8,34,11,0,0,0,1,0,8,3,Matchs
187,Enzo Copetti,ar ARG,AT,Charlotte,27,1996,22.0,792,26,49,343,405,96,791,42,13,31.0,27,64.3,436,1813,636,21,19,9,84,33,628,152,Matchs
188,Gabriele Corbo,it ITA,DF,CF Montréal,23,2000,25.4,1494,139,674,744,91,5,1494,7,2,28.6,5,71.4,806,3172,1538,14,12,0,11,2,932,23,Matchs
189,Sergio Córdova,ve VEN,"AT,MT",Vancouver W'caps,25,1997,9.4,289,12,33,110,151,43,289,35,17,48.6,15,42.9,170,1158,649,22,14,10,23,4,198,58,Matchs
190,Carlos Coronel,py PAR,GB,NY Red Bulls,26,1996,34.0,1075,711,1051,26,0,0,1075,0,0,,0,,552,2920,1493,0,1,1,0,0,406,0,Matchs
191,Guzmán Corujo,uy URU,DF,Charlotte,26,1996,3.9,198,30,123,70,6,3,198,1,0,0.0,1,100.0,83,323,91,0,1,0,1,0,114,0,Matchs
192,Douglas Costa,br BRA,"AT,MT",LA Galaxy,32,1990,13.5,905,8,96,411,413,34,905,75,42,56.0,28,37.3,630,4492,2323,71,47,17,23,18,698,98,Matchs
193,Séga Coulibaly,fr FRA,DF,LA Galaxy,26,1996,1.0,63,9,32,29,2,0,63,0,0,,0,,38,144,69,0,2,0,0,0,49,0,Matchs
194,Cade Cowell,us USA,AT,SJ Earthquakes,19,2003,17.1,616,15,76,221,334,75,616,84,38,45.2,40,47.6,429,3126,1429,59,42,23,51,29,449,154,Matchs
195,Ben Cremaschi,us USA,"MT,AT",Inter Miami,17,2005,19.9,1104,22,168,595,360,55,1104,57,28,49.1,25,43.9,708,3207,1283,31,30,8,65,29,824,103,Matchs
196,Maxime Crépeau,ca CAN,GB,LAFC,28,1994,7.0,228,183,227,1,0,0,228,0,0,,0,,125,613,367,0,0,0,1,0,100,0,Matchs
197,Daniel Crisostomo,us USA,MT,LAFC,26,1997,3.1,172,6,46,84,42,1,172,5,4,80.0,1,20.0,119,488,178,2,6,0,3,2,116,8,Matchs
198,Andrés Cubas,py PAR,MT,Vancouver W'caps,26,1996,23.8,1432,64,385,991,75,0,1432,17,9,52.9,7,41.2,783,3317,1197,4,10,0,21,13,909,5,Matchs
199,Cucho,co COL,AT,Crew,23,1999,26.3,1313,5,70,429,830,183,1308,124,54,43.5,59,47.6,872,5114,2437,102,60,54,79,37,1043,235,Matchs
200,Mauricio Cuevas,us USA,DF,LA Galaxy,19,2003,4.7,307,17,84,145,81,3,307,9,4,44.4,3,33.3,190,849,434,9,9,0,10,1,203,28,Matchs
Clt,Joueur,Nation,Pos,Équipe,Âge,Naissance,90,Touches,SurfRépDéf,ZDéf,MilTer,ZOff,SurfRépOff,Action de jeu,Att,Succ,Succ%,Tkld,Tkld%,Balle au pied,TotDist,DistBut,PrgC,1/3,CSR,Manqué,Perte,Rec,PrgR,Matchs
201,Braian Cufré,ar ARG,DF,NYCFC,26,1996,20.7,1145,64,305,509,340,35,1145,36,22,61.1,12,33.3,553,2500,1195,28,20,7,26,15,672,125,Matchs
202,Antony Curic,ca CAN,DF,Toronto FC,22,2001,0.0,4,0,0,4,0,0,4,0,0,,0,,2,8,7,0,0,0,1,0,3,0,Matchs
203,Rafael Czichos,de GER,DF,Fire,32,1990,27.9,1527,259,879,614,50,30,1526,15,9,60.0,5,33.3,849,4226,2358,14,7,2,11,4,925,7,Matchs
204,Cristián Dajome,co COL,"AT,DF",D.C. United,29,1994,8.7,353,11,40,155,162,32,353,29,13,44.8,11,37.9,229,1389,661,27,17,11,25,14,255,71,Matchs
205,Cristián Dajome,co COL,"MT,AT",Vancouver W'caps,29,1994,3.3,154,2,19,44,93,12,154,16,6,37.5,7,43.8,74,545,249,10,6,2,7,6,96,28,Matchs
206,Dagur Dan Þórhallsson,is ISL,"DF,MT",Orlando City,22,2000,13.4,693,29,174,310,220,18,693,28,20,71.4,5,17.9,425,2934,1399,33,35,6,17,12,450,42,Matchs
207,Daniel,br BRA,GB,SJ Earthquakes,28,1994,21.6,584,533,579,7,0,0,584,1,1,100.0,0,0.0,261,1580,1059,0,0,0,0,0,148,0,Matchs
208,Jesús Daniel Bueno,ve VEN,MT,Philadelphia,23,1999,10.7,578,24,114,356,115,6,578,11,3,27.3,6,54.5,276,1446,635,13,15,2,10,9,342,24,Matchs
209,Juan David Mosquera,co COL,DF,Portland Timbers,20,2002,26.7,1668,56,354,784,555,47,1668,66,35,53.0,23,34.8,857,4865,2778,76,63,14,47,30,959,117,Matchs
210,Bode Davis,us USA,DF,RSL,20,2002,13.1,880,32,225,429,232,14,880,27,13,48.1,13,48.1,452,2147,1116,31,23,4,13,7,545,57,Matchs
211,Erick Davis,pa PAN,DF,D.C. United,31,1991,6.0,401,24,105,199,104,2,401,9,5,55.6,3,33.3,198,896,455,9,9,0,5,6,202,17,Matchs
212,Jake Davis,us USA,DF,Sporting KC,21,2002,22.6,1557,58,439,741,386,14,1557,30,17,56.7,9,30.0,813,3622,1735,35,34,4,29,16,983,110,Matchs
213,Sean Davis,us USA,MT,Nashville,29,1993,20.8,956,50,238,582,143,22,956,13,7,53.8,5,38.5,453,1577,621,4,6,1,14,10,576,17,Matchs
214,Jonathan Dean,us USA,DF,Fire,25,1997,15.3,813,64,283,384,149,6,813,15,7,46.7,5,33.3,376,1967,995,29,10,1,17,5,427,57,Matchs
215,Miloš Degenek,au AUS,DF,Crew,28,1994,9.5,699,92,378,299,27,7,699,4,3,75.0,1,25.0,404,1813,938,2,1,0,2,1,415,0,Matchs
216,Brecht Dejaegere,be BEL,"AT,MT",Charlotte,31,1991,5.3,278,3,31,117,130,23,278,16,4,25.0,8,50.0,189,1058,503,16,8,5,15,9,205,39,Matchs
217,Marky Delgado,us USA,MT,LA Galaxy,27,1995,25.7,1788,50,352,994,455,39,1788,26,12,46.2,12,46.2,1037,4614,2275,58,37,6,29,18,1301,158,Matchs
218,Luis Díaz,cr CRC,AT,Rapids,24,1998,1.0,54,1,7,17,30,7,54,7,1,14.3,4,57.1,35,374,185,8,4,2,2,2,40,13,Matchs
219,Luis Díaz,cr CRC,"DF,MT",Crew,24,1998,0.9,49,2,4,18,30,3,49,7,6,85.7,0,0.0,39,257,87,3,6,2,6,1,39,14,Matchs
220,Bakaye Dibassy,ml MLI,DF,Minnesota Utd,33,1989,5.3,253,21,101,120,33,6,253,3,2,66.7,1,33.3,129,650,337,5,3,0,7,1,168,19,Matchs
221,Adama Diomande,no NOR,AT,Toronto FC,32,1990,1.8,53,2,3,29,21,1,53,0,0,,0,,27,106,52,1,3,0,2,2,45,4,Matchs
222,Clément Diop,sn SEN,GB,Atlanta Utd,29,1993,1.5,50,44,50,0,0,0,50,0,0,,0,,25,118,71,0,0,0,0,0,27,0,Matchs
223,Hamady Diop,sn SEN,"DF,MT",Charlotte,20,2002,0.4,21,5,17,4,0,0,21,1,1,100.0,0,0.0,7,50,20,1,0,0,0,0,6,0,Matchs
224,Sofiane Djeffal,fr FRA,MT,Austin,23,1999,3.5,156,8,45,89,23,1,156,8,7,87.5,1,12.5,84,401,159,2,1,0,2,2,105,7,Matchs
225,Ethan Dobbelaere,us USA,AT,Seattle,20,2002,1.1,35,0,2,16,17,2,35,2,1,50.0,1,50.0,24,96,28,1,0,1,3,1,31,9,Matchs
Clt,Joueur,Nation,Pos,Équipe,Âge,Naissance,90,Touches,SurfRépDéf,ZDéf,MilTer,ZOff,SurfRépOff,Action de jeu,Att,Succ,Succ%,Tkld,Tkld%,Balle au pied,TotDist,DistBut,PrgC,1/3,CSR,Manqué,Perte,Rec,PrgR,Matchs
226,Ronald Donkor,ml MLI,"MT,DF",NY Red Bulls,18,2004,0.5,28,0,3,13,13,4,28,5,2,40.0,3,60.0,20,156,94,3,1,1,0,1,15,5,Matchs
227,Christopher Donovan,us USA,AT,Philadelphia,22,2000,4.3,169,4,15,82,76,21,169,8,2,25.0,6,75.0,81,562,101,5,3,5,11,6,115,27,Matchs
228,Griffin Dorsey,us USA,DF,Dynamo FC,23,1999,11.4,645,41,199,255,197,25,645,35,14,40.0,14,40.0,352,2204,1234,38,22,5,16,6,416,62,Matchs
229,C.J. dos Santos,us USA,GB,Inter Miami,22,2000,1.0,60,50,59,1,0,0,60,0,0,,0,,43,143,74,0,0,0,0,0,33,0,Matchs
230,Hassani Dotson,us USA,"MT,AT",Minnesota Utd,25,1997,28.6,1624,60,331,808,507,67,1624,72,40,55.6,31,43.1,882,4125,1800,27,36,7,51,48,1052,104,Matchs
231,Ousmane Doumbia,ci CIV,MT,Fire,30,1992,9.0,494,27,160,275,63,4,494,6,3,50.0,3,50.0,278,1283,567,6,8,0,11,5,343,5,Matchs
232,Sebastián Driussi,ar ARG,"MT,AT",Austin,26,1996,25.6,1206,44,144,612,481,87,1204,126,61,48.4,55,43.7,777,4841,2251,71,50,13,50,33,876,135,Matchs
233,Erik Duenas,us USA,"MT,DF",LAFC,18,2004,8.4,514,9,90,278,152,5,514,29,16,55.2,10,34.5,316,1547,669,16,10,1,25,19,332,28,Matchs
234,Bryce Duke,us USA,MT,Inter Miami,21,2001,4.9,384,5,41,255,94,3,384,13,3,23.1,10,76.9,221,783,310,1,8,0,12,7,281,16,Matchs
235,Bryce Duke,us USA,"MT,AT",CF Montréal,21,2001,16.3,855,5,85,441,337,19,855,50,14,28.0,28,56.0,517,2433,1254,38,30,2,44,15,589,84,Matchs
236,Cameron Duke,us USA,DF,Sporting KC,21,2001,1.5,118,5,32,65,24,0,118,4,1,25.0,3,75.0,65,364,205,3,4,0,5,1,64,10,Matchs
237,Cameron Dunbar,us USA,"MT,AT",Minnesota Utd,20,2002,1.3,46,2,9,16,22,5,46,6,1,16.7,4,66.7,27,125,36,2,1,0,3,2,21,10,Matchs
238,Kyle Duncan,us USA,DF,NY Red Bulls,25,1997,20.5,1201,50,284,556,388,35,1201,68,31,45.6,28,41.2,541,3426,1812,56,32,14,40,15,502,85,Matchs
239,Chris Durkin,us USA,MT,D.C. United,22,2000,21.9,973,36,197,461,329,46,973,36,21,58.3,12,33.3,537,2747,1133,28,29,8,27,30,599,104,Matchs
240,Jeremy Ebobisse,us USA,AT,SJ Earthquakes,25,1997,32.9,988,19,70,474,460,107,987,83,53,63.9,24,28.9,645,3088,1153,35,32,13,65,53,773,142,Matchs
241,Daniel Edelman,us USA,MT,NY Red Bulls,19,2003,20.6,1136,37,176,747,225,3,1136,12,6,50.0,4,33.3,532,2472,1130,13,13,1,14,11,651,21,Matchs
242,Earl Edwards Jr.,us USA,GB,NE Revolution,31,1992,10.0,364,325,363,1,0,0,364,0,0,,0,,198,1087,626,0,0,0,0,0,137,0,Matchs
243,Raheem Edwards,ca CAN,DF,LA Galaxy,27,1995,20.8,1373,77,440,576,374,51,1373,71,41,57.7,18,25.4,793,4207,2064,56,50,16,48,18,875,124,Matchs
244,Jack Elliott,eng ENG,DF,Philadelphia,27,1995,31.0,1644,260,996,588,69,41,1644,10,5,50.0,3,30.0,855,4073,2177,13,8,0,8,5,955,7,Matchs
245,Herbert Endeley,us USA,"MT,AT",FC Dallas,21,2001,2.4,84,5,22,35,28,5,84,8,4,50.0,2,25.0,44,310,168,5,3,3,7,5,47,10,Matchs
246,Emeka Eneli,us USA,"DF,MT",RSL,23,1999,14.7,845,31,205,442,213,9,845,46,29,63.0,12,26.1,464,2446,1177,28,24,4,13,5,502,37,Matchs
247,Ramiro Enrique,ar ARG,AT,Orlando City,21,2001,11.5,388,18,46,170,177,57,388,18,13,72.2,5,27.8,204,1251,552,20,14,7,19,14,291,63,Matchs
248,Franco Escobar,ar ARG,DF,Dynamo FC,27,1995,24.7,1458,78,455,651,362,38,1458,44,27,61.4,14,31.8,768,3507,1596,37,26,8,36,18,848,120,Matchs
249,Cristian Espinoza,ar ARG,"AT,MT",SJ Earthquakes,27,1995,33.7,1952,26,204,591,1181,126,1948,135,59,43.7,72,53.3,1126,6866,3138,137,71,47,79,42,1296,351,Matchs
250,Roger Espinoza,hn HON,MT,Sporting KC,36,1986,8.1,491,11,80,272,144,14,491,10,7,70.0,3,30.0,282,1311,602,17,17,4,12,9,343,39,Matchs
Clt,Joueur,Nation,Pos,Équipe,Âge,Naissance,90,Touches,SurfRépDéf,ZDéf,MilTer,ZOff,SurfRépOff,Action de jeu,Att,Succ,Succ%,Tkld,Tkld%,Balle au pied,TotDist,DistBut,PrgC,1/3,CSR,Manqué,Perte,Rec,PrgR,Matchs
251,Derrick Etienne,ht HAI,"AT,MT",Atlanta Utd,26,1996,11.6,443,10,51,140,259,55,443,34,10,29.4,20,58.8,313,2085,1056,41,23,20,24,8,324,109,Matchs
252,Evander,br BRA,"MT,AT",Portland Timbers,24,1998,24.5,1363,12,131,633,622,67,1362,86,55,64.0,23,26.7,783,4550,2362,68,60,22,52,32,924,123,Matchs
253,Diego Fagúndez,uy URU,"AT,MT",Austin,27,1995,11.4,518,14,67,175,281,33,518,36,11,30.6,22,61.1,282,1745,696,18,10,6,14,12,336,84,Matchs
254,Diego Fagúndez,uy URU,"AT,MT",LA Galaxy,27,1995,6.4,300,10,53,105,147,15,300,10,4,40.0,6,60.0,184,1042,477,11,9,1,7,6,201,51,Matchs
255,José Fajardo,pa PAN,"AT,MT",D.C. United,29,1993,2.7,75,1,6,24,46,16,75,8,2,25.0,5,62.5,39,238,119,4,1,3,4,2,43,10,Matchs
256,Mamadou Fall,sn SEN,DF,LAFC,20,2002,1.0,69,6,33,31,5,2,69,1,1,100.0,0,0.0,37,262,148,2,1,0,1,0,44,0,Matchs
257,Marco Farfan,us USA,DF,FC Dallas,24,1998,29.8,1590,89,520,728,362,34,1590,39,26,66.7,11,28.2,774,3623,1797,44,31,6,31,22,944,117,Matchs
258,Jordan Faria,ca CAN,AT,Toronto FC,22,2000,0.3,13,0,0,9,4,1,13,1,0,0.0,1,100.0,8,32,18,0,1,0,1,1,8,1,Matchs
259,Facundo Farías,ar ARG,"AT,MT",Inter Miami,20,2002,9.3,527,0,24,242,266,30,527,38,15,39.5,20,52.6,372,2238,1059,33,22,12,32,20,438,47,Matchs
260,Andrew Farrell,us USA,DF,NE Revolution,30,1992,21.5,1191,151,604,550,44,4,1191,10,6,60.0,4,40.0,682,3160,1707,7,5,0,6,4,744,10,Matchs
261,Mohamed Farsi,ca CAN,"DF,MT",Crew,23,1999,24.0,1462,38,305,545,629,63,1462,58,23,39.7,33,56.9,890,4967,2524,84,53,22,35,19,933,237,Matchs
262,Felipe,br BRA,MT,Orlando City,32,1990,6.3,418,17,92,239,92,9,418,4,2,50.0,2,50.0,245,909,378,5,9,1,2,6,323,5,Matchs
263,Julián Fernández,ar ARG,"AT,MT",NYCFC,19,2004,3.6,258,1,26,95,138,20,258,10,5,50.0,5,50.0,156,1047,477,15,7,9,21,9,188,48,Matchs
264,Omir Fernandez,us USA,"MT,AT",NY Red Bulls,23,1999,19.4,659,12,68,264,336,69,657,57,21,36.8,29,50.9,404,2241,1140,39,22,17,48,32,429,105,Matchs
265,Jesús Ferreira,us USA,AT,FC Dallas,22,2000,25.2,1160,17,99,524,546,93,1159,29,16,55.2,12,41.4,622,2704,1242,38,29,15,43,17,797,140,Matchs
266,Sebastián Ferreira,py PAR,AT,Dynamo FC,24,1998,3.4,136,0,3,62,72,19,136,4,4,100.0,0,0.0,78,210,56,1,0,2,14,7,105,25,Matchs
267,Ethan Finlay,us USA,"AT,MT",Austin,32,1990,18.8,544,20,98,191,260,55,544,29,13,44.8,15,51.7,306,1722,800,24,14,8,33,12,338,148,Matchs
268,Nicolas Firmino,us USA,MT,Atlanta Utd,22,2001,0.0,13,0,0,9,4,2,13,2,0,0.0,2,100.0,7,24,5,0,0,0,0,1,11,0,Matchs
269,Leon Flach,us USA,MT,Philadelphia,21,2001,19.9,663,34,182,316,168,9,663,6,2,33.3,4,66.7,298,1075,497,6,13,0,14,10,331,27,Matchs
270,Kristian Fletcher,us USA,"AT,MT",D.C. United,17,2005,1.5,68,0,3,27,38,11,68,7,2,28.6,5,71.4,45,280,114,6,0,4,6,6,58,19,Matchs
271,Danny Flores,us USA,MT,Sporting KC,20,2002,0.1,3,0,0,3,0,0,3,0,0,,0,,2,12,0,0,0,0,1,0,3,0,Matchs
272,CJ Fodrey,us USA,"DF,AT",Austin,18,2004,0.4,21,0,1,8,12,3,21,2,2,100.0,0,0.0,15,65,28,0,0,0,1,0,15,6,Matchs
273,Nathan Fogaça,br BRA,AT,Portland Timbers,23,1999,6.3,250,4,23,107,124,35,250,12,5,41.7,7,58.3,145,687,206,6,7,5,27,17,184,41,Matchs
274,Andreu Fontàs,es ESP,DF,Sporting KC,33,1989,26.6,2183,209,1041,1059,92,20,2183,7,6,85.7,1,14.3,1378,6499,4413,14,11,0,9,6,1651,1,Matchs
275,Ajani Fortune,tt TRI,MT,Atlanta Utd,20,2002,4.2,198,9,56,112,33,8,198,5,4,80.0,1,20.0,122,587,261,5,2,0,5,0,147,8,Matchs
Clt,Joueur,Nation,Pos,Équipe,Âge,Naissance,90,Touches,SurfRépDéf,ZDéf,MilTer,ZOff,SurfRépOff,Action de jeu,Att,Succ,Succ%,Tkld,Tkld%,Balle au pied,TotDist,DistBut,PrgC,1/3,CSR,Manqué,Perte,Rec,PrgR,Matchs
276,Taxiarchis Fountas,gr GRE,"AT,MT",D.C. United,27,1995,12.2,449,4,16,197,242,52,448,26,15,57.7,6,23.1,286,1545,712,32,16,9,25,12,342,79,Matchs
277,Franco Fragapane,ar ARG,"MT,AT",Minnesota Utd,29,1993,14.8,754,4,87,316,360,68,754,42,18,42.9,20,47.6,421,2430,1046,30,25,12,35,14,532,114,Matchs
278,Iván Franco,py PAR,"AT,MT",Dynamo FC,22,2000,11.8,523,10,88,219,224,58,523,34,16,47.1,12,35.3,313,1619,841,25,20,8,35,13,345,80,Matchs
279,Kobe Franklin,ca CAN,"DF,MT",Toronto FC,19,2003,24.1,1555,86,569,713,289,22,1555,39,18,46.2,16,41.0,870,4184,1900,35,31,3,37,11,938,79,Matchs
280,Liam Fraser,ca CAN,MT,FC Dallas,24,1998,4.1,253,13,61,158,35,5,253,4,3,75.0,1,25.0,124,494,229,2,1,0,4,1,179,1,Matchs
281,Ian Fray,us USA,"DF,MT",Inter Miami,20,2002,7.3,522,29,176,282,69,8,522,22,12,54.5,6,27.3,343,2054,1303,18,15,3,13,5,353,7,Matchs
282,Alexander Freeman,us USA,DF,Orlando City,18,2004,0.0,0,0,0,0,0,0,0,0,0,,0,,0,0,0,0,0,0,0,0,0,0,Matchs
283,Matt Freese,us USA,GB,NYCFC,24,1998,10.0,403,331,401,2,0,0,403,0,0,,0,,242,1179,772,0,0,0,0,0,203,0,Matchs
284,Stefan Frei,ch SUI,GB,Seattle,36,1986,32.0,906,783,904,3,0,0,906,0,0,,0,,453,2785,1490,0,0,0,0,0,374,0,Matchs
285,Ray Gaddis,us USA,DF,FC Cincinnati,33,1990,13.9,670,39,206,339,132,8,670,16,11,68.8,5,31.3,315,1320,620,10,8,3,14,8,338,40,Matchs
286,Julian Gaines,us USA,DF,LAFC,20,2002,0.7,32,2,11,13,8,1,32,0,0,,0,,13,42,12,0,0,0,3,0,17,3,Matchs
287,McKinze Gaines,us USA,"AT,MT",Charlotte,24,1998,8.2,328,4,37,122,175,25,328,37,25,67.6,11,29.7,204,1652,817,28,22,7,24,13,249,67,Matchs
288,Jon Gallagher,ie IRL,"DF,MT",Austin,26,1996,31.0,1672,81,406,695,583,50,1672,71,28,39.4,34,47.9,1000,6645,3181,95,61,10,33,17,1056,215,Matchs
289,Pedro Gallese,pe PER,GB,Orlando City,32,1990,30.0,926,765,919,7,0,0,926,1,1,100.0,0,0.0,449,2518,1714,0,0,0,1,0,333,0,Matchs
290,Braian Galván,ar ARG,"AT,DF",Rapids,22,2000,7.4,368,9,60,174,140,9,367,29,9,31.0,15,51.7,248,1686,691,18,11,0,14,3,257,52,Matchs
291,Mender García,co COL,"AT,MT",Minnesota Utd,24,1998,11.4,350,1,11,158,186,63,350,19,11,57.9,7,36.8,188,737,278,13,8,10,45,12,230,67,Matchs
292,Chase Gasper,us USA,DF,Dynamo FC,27,1996,2.3,121,9,33,59,29,0,121,2,0,0.0,2,100.0,67,274,124,2,0,0,1,1,72,13,Matchs
293,Ryan Gauld,sct SCO,"AT,MT",Vancouver W'caps,27,1995,29.2,1547,18,117,647,811,117,1539,53,29,54.7,20,37.7,829,4669,2473,77,59,7,49,21,1058,200,Matchs
294,Luka Gavran,ca CAN,GB,Toronto FC,22,2000,4.0,165,156,165,0,0,0,165,0,0,,0,,77,328,177,0,0,0,2,0,66,0,Matchs
295,Dániel Gazdag,hu HUN,MT,Philadelphia,26,1996,30.3,1401,11,110,736,575,93,1390,48,13,27.1,27,56.3,874,4098,1575,39,40,15,36,33,1076,154,Matchs
296,Geovane,br BRA,DF,FC Dallas,21,2001,11.0,609,55,186,290,141,16,609,17,12,70.6,3,17.6,220,1249,699,19,12,3,15,3,302,50,Matchs
297,Alex Gersbach,au AUS,"DF,MT",Rapids,25,1997,2.9,155,11,58,66,32,1,155,3,1,33.3,1,33.3,71,401,177,7,2,0,2,1,79,10,Matchs
298,Giorgos Giakoumakis,gr GRE,AT,Atlanta Utd,28,1994,19.8,612,38,74,280,262,103,612,29,11,37.9,15,51.7,338,1268,446,10,10,4,45,19,435,105,Matchs
299,Carles Gil,es ESP,MT,NE Revolution,30,1992,29.1,2126,5,189,1040,937,81,2124,145,80,55.2,46,31.7,1459,10965,4895,140,113,25,61,26,1611,172,Matchs
300,Nacho Gil,es ESP,"AT,DF",NE Revolution,27,1995,5.8,257,3,42,92,127,19,257,17,8,47.1,8,47.1,160,1174,583,21,13,7,10,5,192,40,Matchs
Clt,Joueur,Nation,Pos,Équipe,Âge,Naissance,90,Touches,SurfRépDéf,ZDéf,MilTer,ZOff,SurfRépOff,Action de jeu,Att,Succ,Succ%,Tkld,Tkld%,Balle au pied,TotDist,DistBut,PrgC,1/3,CSR,Manqué,Perte,Rec,PrgR,Matchs
301,Gastón Giménez,py PAR,MT,Fire,31,1991,24.4,1456,57,395,856,219,14,1456,32,27,84.4,5,15.6,747,3532,1658,20,17,3,29,15,886,18,Matchs
302,Nicholas Gioacchini,us USA,"AT,MT",St. Louis,22,2000,23.3,844,16,67,341,442,103,843,48,19,39.6,20,41.7,433,1902,730,24,11,11,73,28,634,144,Matchs
303,Justen Glad,us USA,DF,RSL,25,1997,30.2,2061,223,1161,857,51,24,2061,6,2,33.3,2,33.3,1225,5848,3097,11,9,0,16,5,1385,1,Matchs
304,Jakob Glesnes,no NOR,DF,Philadelphia,28,1994,31.0,1546,191,703,779,90,24,1546,13,11,84.6,2,15.4,836,5646,3537,34,18,0,18,1,865,3,Matchs
305,Caden Glover,us USA,MT,St. Louis,15,2007,0.2,1,0,0,1,0,0,1,0,0,,0,,0,0,0,0,0,0,0,0,0,0,Matchs
306,Aníbal Godoy,pa PAN,MT,Nashville,32,1990,18.5,1176,39,270,776,143,8,1176,17,11,64.7,5,29.4,672,3208,1335,16,17,0,16,11,861,20,Matchs
307,Yeimar Gómez Andrade,co COL,DF,Seattle,30,1992,32.1,2083,252,918,1093,85,33,2083,11,7,63.6,3,27.3,1096,4874,2622,16,17,2,19,3,1281,10,Matchs
308,Carlos Gómez,co COL,"MT,AT",RSL,20,2002,15.5,669,14,80,210,406,75,669,113,46,40.7,61,54.0,446,3551,1669,64,50,25,61,31,445,162,Matchs
309,Diego Gómez,py PAR,"MT,AT",Inter Miami,19,2003,4.6,244,4,52,132,68,11,244,12,7,58.3,4,33.3,139,638,273,7,8,1,10,2,160,15,Matchs
310,Gaston Gonzalez,ar ARG,"AT,DF",Orlando City,21,2001,8.0,346,15,76,109,169,28,346,34,9,26.5,23,67.6,203,1673,553,27,21,6,19,10,228,65,Matchs
311,Mario González,es ESP,AT,LAFC,26,1996,4.3,87,3,7,39,41,18,87,9,5,55.6,4,44.4,58,261,92,2,2,3,10,4,70,20,Matchs
312,Omar Gonzalez,us USA,DF,NE Revolution,34,1988,9.6,514,78,322,184,9,5,514,0,0,,0,,306,1299,607,0,1,0,3,0,324,0,Matchs
313,Zavier Gozo,us USA,AT,RSL,15,2007,0.1,5,0,0,3,2,2,5,1,1,100.0,0,0.0,3,15,2,0,0,0,0,1,4,1,Matchs
314,Alejandro Granados,es ESP,AT,Orlando City,16,2006,0.0,10,0,0,8,2,0,10,0,0,,0,,9,43,16,0,0,0,0,0,9,0,Matchs
315,Tayvon Gray,us USA,DF,NYCFC,20,2002,22.7,1525,113,593,785,156,4,1525,23,12,52.2,7,30.4,811,4023,2246,32,20,2,12,6,952,32,Matchs
316,Jacob Greene,us USA,DF,D.C. United,19,2003,5.4,265,17,93,102,72,2,265,9,2,22.2,6,66.7,100,393,155,3,5,1,6,3,114,19,Matchs
317,Gregore,br BRA,MT,Inter Miami,28,1994,4.3,264,18,67,160,41,2,264,4,2,50.0,2,50.0,166,944,448,8,5,0,4,4,168,3,Matchs
318,Ján Greguš,sk SVK,MT,Nashville,32,1991,2.5,223,7,51,153,20,2,223,3,3,100.0,0,0.0,125,707,385,4,2,1,4,3,148,3,Matchs
319,Ján Greguš,sk SVK,MT,Minnesota Utd,32,1991,10.0,656,15,121,392,148,5,656,9,5,55.6,2,22.2,396,2005,982,14,11,0,4,4,468,8,Matchs
320,Julian Gressel,us USA,"DF,MT",Crew,29,1993,8.2,520,10,64,198,265,24,520,4,2,50.0,2,50.0,279,1229,672,25,7,6,11,3,342,85,Matchs
321,Julian Gressel,us USA,MT,Vancouver W'caps,29,1993,15.1,1004,25,146,540,323,42,1004,23,10,43.5,13,56.5,501,2573,1388,32,16,3,15,10,673,92,Matchs
322,Victor Griffith,pa PAN,MT,Portland Timbers,22,2000,1.0,43,4,12,29,2,0,43,0,0,,0,,17,41,9,0,0,0,1,0,21,0,Matchs
323,Carlos Gruezo,ec ECU,MT,SJ Earthquakes,27,1995,23.9,1164,81,354,733,89,7,1163,15,7,46.7,5,33.3,634,2815,949,6,10,0,14,11,747,10,Matchs
324,Brian Gutiérrez,us USA,"AT,MT",Fire,19,2003,26.5,1301,25,176,651,493,86,1301,82,43,52.4,28,34.1,785,3933,2204,57,50,15,70,29,941,145,Matchs
325,Cristián Gutiérrez,cl CHI,DF,Toronto FC,25,1997,2.7,156,7,62,59,35,4,156,4,2,50.0,2,50.0,86,443,183,4,5,1,2,1,99,12,Matchs
Clt,Joueur,Nation,Pos,Équipe,Âge,Naissance,90,Touches,SurfRépDéf,ZDéf,MilTer,ZOff,SurfRépOff,Action de jeu,Att,Succ,Succ%,Tkld,Tkld%,Balle au pied,TotDist,DistBut,PrgC,1/3,CSR,Manqué,Perte,Rec,PrgR,Matchs
326,Diego Gutierrez,us USA,"AT,MT",Portland Timbers,23,1999,2.7,112,1,25,47,44,6,112,14,4,28.6,9,64.3,68,532,202,8,4,2,9,4,72,18,Matchs
327,Felipe Gutiérrez,cl CHI,MT,Sporting KC,32,1990,3.3,200,2,23,123,55,5,200,3,3,100.0,0,0.0,130,669,298,4,4,0,6,5,147,8,Matchs
328,Andrew Gutman,us USA,DF,Atlanta Utd,26,1996,15.4,1047,56,318,511,229,35,1047,39,17,43.6,21,53.8,556,2609,1572,27,23,7,18,7,637,64,Matchs
329,Andrew Gutman,us USA,DF,Rapids,26,1996,11.2,582,53,213,217,163,25,582,36,19,52.8,16,44.4,298,1724,1042,27,19,7,16,4,290,41,Matchs
330,Brad Guzan,us USA,GB,Atlanta Utd,38,1984,27.0,1006,897,1003,3,0,0,1006,1,0,0.0,0,0.0,547,2833,1580,0,0,0,1,0,470,0,Matchs
331,Justin Haak,us USA,"DF,MT",NYCFC,21,2001,10.1,623,63,277,327,23,2,623,5,4,80.0,1,20.0,387,1808,945,9,2,1,1,5,423,4,Matchs
332,Luke Haakenson,us USA,"MT,AT",Nashville,25,1997,3.0,109,4,22,45,45,9,109,4,0,0.0,2,50.0,66,260,100,2,3,0,5,4,67,16,Matchs
333,Teenage Hadebe,zw ZIM,DF,Dynamo FC,27,1995,11.5,773,143,491,270,13,6,773,2,2,100.0,0,0.0,465,1973,893,0,0,0,6,2,549,1,Matchs
334,Nick Hagglund,us USA,DF,FC Cincinnati,30,1992,23.9,1281,166,641,579,68,21,1281,2,1,50.0,0,0.0,641,2976,1902,17,8,0,15,1,794,7,Matchs
335,Maren Haile-Selassie,ch SUI,"AT,DF",Fire,23,1999,21.2,871,21,128,332,426,72,871,69,24,34.8,42,60.9,535,3285,1625,57,35,19,36,17,596,170,Matchs
336,Julian Hall,us USA,AT,NY Red Bulls,14,2008,0.1,4,0,2,2,0,0,4,0,0,,0,,3,81,13,0,0,0,2,0,3,0,Matchs
337,Michael Halliday,us USA,DF,Orlando City,20,2003,9.5,477,49,182,171,128,24,477,11,4,36.4,5,45.5,207,1391,604,19,15,7,11,1,231,56,Matchs
338,Bret Halsey,us USA,DF,FC Cincinnati,22,2000,2.6,145,5,40,50,56,10,145,5,0,0.0,3,60.0,72,407,223,5,2,2,2,0,84,19,Matchs
339,Ahmed Hamdi,eg EGY,"MT,AT",CF Montréal,24,1998,5.3,274,2,50,138,91,19,274,24,6,25.0,16,66.7,155,1043,512,13,10,7,13,3,168,16,Matchs
340,Yosuke Hanya,jp JPN,"AT,MT",Rapids,24,1999,0.5,15,0,0,7,8,2,15,0,0,,0,,8,60,21,2,0,0,2,0,10,6,Matchs
341,Ian Harkes,us USA,MT,NE Revolution,27,1995,6.7,372,9,94,207,74,7,372,11,6,54.5,3,27.3,196,969,412,6,9,2,7,2,267,20,Matchs
342,Cameron Harper,us USA,"DF,MT",NY Red Bulls,21,2001,23.9,1295,39,245,511,560,68,1295,118,46,39.0,55,46.6,705,5316,2774,105,56,30,67,21,708,134,Matchs
343,Nathan Harriel,us USA,DF,Philadelphia,21,2001,18.6,1012,69,288,434,295,23,1012,28,12,42.9,12,42.9,423,2358,1090,30,20,5,22,11,470,68,Matchs
344,Calvin Harris,eng ENG,AT,Rapids,22,2000,10.0,312,14,51,135,133,33,312,16,3,18.8,11,68.8,204,1994,1120,51,19,21,25,7,203,63,Matchs
345,Thomas Hasal,ca CAN,GB,Vancouver W'caps,23,1999,1.0,45,37,45,0,0,0,45,0,0,,0,,24,131,77,0,0,0,0,0,21,0,Matchs
346,Héber,br BRA,"AT,MT",Seattle,31,1991,11.8,403,4,19,181,203,64,403,9,4,44.4,4,44.4,223,815,265,8,5,3,18,8,327,70,Matchs
347,Matt Hedges,us USA,DF,Toronto FC,32,1990,11.9,750,106,419,322,12,8,750,0,0,,0,,389,1840,1178,3,1,0,3,4,488,0,Matchs
348,Matt Hedges,us USA,DF,Austin,32,1990,3.4,209,25,120,83,7,5,209,1,1,100.0,0,0.0,123,444,215,0,1,0,2,0,140,1,Matchs
349,Chris Hegardt,us USA,"AT,MT",Charlotte,21,2002,0.6,37,0,2,16,19,3,37,1,0,0.0,1,100.0,21,88,12,0,0,0,1,1,24,3,Matchs
350,Fabian Herbers,de GER,"MT,AT",Fire,29,1993,21.9,1140,32,211,613,326,49,1140,33,18,54.5,11,33.3,660,3407,1595,49,36,8,36,17,771,96,Matchs
Clt,Joueur,Nation,Pos,Équipe,Âge,Naissance,90,Touches,SurfRépDéf,ZDéf,MilTer,ZOff,SurfRépOff,Action de jeu,Att,Succ,Succ%,Tkld,Tkld%,Balle au pied,TotDist,DistBut,PrgC,1/3,CSR,Manqué,Perte,Rec,PrgR,Matchs
351,Felipe Hernandez,us USA,MT,Sporting KC,24,1998,3.6,160,1,19,79,65,7,160,6,2,33.3,3,50.0,93,579,179,7,5,2,13,5,91,16,Matchs
352,Javier Hernández,mx MEX,AT,LA Galaxy,34,1988,7.6,239,2,9,94,138,40,239,17,9,52.9,7,41.2,162,648,193,6,9,4,13,10,204,61,Matchs
353,Ronald Hernández,ve VEN,DF,Atlanta Utd,25,1997,7.8,486,27,154,240,97,9,486,10,8,80.0,1,10.0,294,1358,690,10,6,0,10,2,310,26,Matchs
354,Aaron Herrera,gt GUA,"DF,MT",CF Montréal,25,1997,15.6,918,52,275,404,251,15,918,24,12,50.0,9,37.5,503,2759,1264,29,24,3,19,16,551,64,Matchs
355,Héctor Herrera,mx MEX,MT,Dynamo FC,32,1990,28.1,2563,45,506,1383,704,69,2563,78,57,73.1,17,21.8,1508,7244,3743,59,50,13,51,33,1846,91,Matchs
356,Kyle Hiebert,ca CAN,DF,St. Louis,25,1997,23.6,1196,134,583,496,127,20,1196,5,2,40.0,2,40.0,480,2206,1117,14,11,0,10,6,537,19,Matchs
357,Brendan Hines-Ike,us USA,DF,D.C. United,28,1994,10.4,445,76,245,186,16,6,445,2,1,50.0,1,50.0,221,1184,668,5,1,0,1,1,249,3,Matchs
358,Bongokuhle Hlongwane,za RSA,AT,Minnesota Utd,22,2000,27.6,1263,36,193,462,629,167,1263,118,54,45.8,61,51.7,779,4700,2419,74,44,28,81,54,827,225,Matchs
359,Junior Hoilett,ca CAN,"AT,MT",Vancouver W'caps,32,1990,2.6,108,2,10,43,57,9,108,4,4,100.0,0,0.0,62,252,103,5,1,2,4,4,68,20,Matchs
360,Ryan Hollingshead,us USA,DF,LAFC,31,1991,26.1,1694,88,505,821,382,58,1694,38,21,55.3,16,42.1,871,4990,2780,56,29,10,28,17,936,88,Matchs
361,Erik Holt,us USA,DF,RSL,26,1996,0.6,50,4,35,14,1,0,50,0,0,,0,,25,124,59,0,0,0,0,1,38,0,Matchs
362,Jackson Hopkins,us USA,MT,D.C. United,18,2004,2.2,101,2,17,47,39,7,101,5,1,20.0,4,80.0,65,395,156,2,4,2,3,3,68,12,Matchs
363,Matthew Hoppe,us USA,"AT,MT",SJ Earthquakes,21,2001,4.7,185,4,24,73,95,26,185,18,6,33.3,12,66.7,119,795,365,14,7,4,10,7,130,40,Matchs
364,Keegan Hughes,us USA,DF,Crew,22,2000,0.0,1,0,0,1,0,0,1,0,0,,0,,1,5,5,0,0,0,0,0,1,0,Matchs
365,Erik Hurtado,us USA,"AT,MT",D.C. United,32,1990,3.0,85,2,3,21,61,25,85,3,0,0.0,3,100.0,46,174,83,5,3,5,12,4,61,20,Matchs
366,Franco Ibarra,ar ARG,MT,Toronto FC,21,2001,4.9,280,14,82,175,25,0,280,10,5,50.0,5,50.0,176,715,301,2,5,0,4,10,209,5,Matchs
367,Franco Ibarra,ar ARG,MT,Atlanta Utd,21,2001,14.2,899,43,236,565,102,6,899,22,13,59.1,5,22.7,512,1837,840,11,12,0,21,4,571,7,Matchs
368,Sebastien Ibeagha,us USA,DF,FC Dallas,31,1992,26.5,1593,255,948,605,41,23,1593,7,4,57.1,2,28.6,884,3262,1748,9,3,1,11,1,1026,5,Matchs
369,Aliyu Ibrahim,ng NGA,AT,Dynamo FC,21,2002,13.4,421,3,44,169,213,65,421,28,14,50.0,12,42.9,274,1463,754,30,16,15,51,29,304,97,Matchs
370,Sunusi Ibrahim,ng NGA,"AT,MT",CF Montréal,20,2002,13.0,407,2,22,172,218,51,407,24,11,45.8,12,50.0,254,1465,701,26,20,8,34,19,325,101,Matchs
371,Tega Ikoba,us USA,AT,Portland Timbers,19,2003,1.0,33,0,0,14,19,6,33,0,0,,0,,22,72,43,2,1,1,5,4,27,4,Matchs
372,Mitja Ilenič,si SVN,DF,NYCFC,18,2004,13.2,728,44,230,306,196,26,728,23,11,47.8,9,39.1,362,1773,928,18,14,4,17,6,433,81,Matchs
373,Ilias Iliadis,gr GRE,"DF,MT",CF Montréal,21,2001,2.8,151,3,37,75,39,2,151,3,1,33.3,2,66.7,70,342,129,3,1,1,3,0,86,10,Matchs
374,Marko Ilić,rs SRB,GB,Rapids,24,1998,13.0,416,379,416,0,0,0,416,1,1,100.0,0,0.0,177,753,428,0,0,0,0,0,157,0,Matchs
375,Asier Illarramendi,es ESP,MT,FC Dallas,32,1990,7.7,661,25,151,400,116,1,661,6,4,66.7,2,33.3,394,1879,984,14,16,1,7,5,470,11,Matchs
Clt,Joueur,Nation,Pos,Équipe,Âge,Naissance,90,Touches,SurfRépDéf,ZDéf,MilTer,ZOff,SurfRépOff,Action de jeu,Att,Succ,Succ%,Tkld,Tkld%,Balle au pied,TotDist,DistBut,PrgC,1/3,CSR,Manqué,Perte,Rec,PrgR,Matchs
376,Lorenzo Insigne,it ITA,"AT,MT",Toronto FC,31,1991,16.9,1261,13,167,607,506,63,1261,103,43,41.7,53,51.5,896,5765,2992,78,64,28,40,18,998,139,Matchs
377,Clint Irwin,us USA,GB,Minnesota Utd,33,1989,4.0,132,124,132,0,0,0,132,0,0,,0,,59,401,289,0,0,0,0,0,31,0,Matchs
378,Aljaž Ivačič,si SVN,GB,Portland Timbers,29,1993,15.0,513,431,509,4,0,0,513,0,0,,0,,232,1218,808,0,0,0,0,0,162,0,Matchs
379,Emmanuel Iwe,us USA,AT,Minnesota Utd,22,2000,0.6,19,0,2,3,16,7,19,7,6,85.7,1,14.3,15,145,123,7,5,4,1,0,16,7,Matchs
380,Ousman jabang,us USA,DF,CF Montréal,21,2001,0.9,58,5,27,28,4,1,58,4,2,50.0,1,25.0,36,179,100,1,0,0,2,0,36,0,Matchs
381,Aziel Jackson,us USA,"MT,AT",St. Louis,21,2001,12.4,552,8,66,209,286,46,552,43,20,46.5,17,39.5,336,2183,998,28,19,15,49,25,367,69,Matchs
382,Jacob Jackson,us USA,GB,NE Revolution,22,2000,2.0,67,62,67,0,0,0,67,0,0,,0,,36,220,137,0,0,0,1,0,24,0,Matchs
383,Bertin Jacquesson,fr FRA,"AT,MT",RSL,22,2001,4.0,117,2,8,36,74,14,117,12,4,33.3,5,41.7,62,373,117,7,4,1,10,4,78,23,Matchs
384,Eldin Jakupović,ch SUI,GB,LAFC,38,1984,2.0,47,45,47,0,0,0,47,0,0,,0,,32,136,92,0,0,0,0,0,25,0,Matchs
385,Robin Jansson,se SWE,DF,Orlando City,31,1991,32.0,1836,273,1058,753,34,12,1836,13,10,76.9,2,15.4,1079,5025,2600,7,7,1,11,6,1216,3,Matchs
386,Andres Jasson,us USA,AT,NYCFC,21,2002,9.0,371,6,43,148,183,42,371,44,9,20.5,24,54.5,244,1522,709,31,14,13,28,18,254,79,Matchs
387,Mohanad Jeahze,iq IRQ,DF,D.C. United,25,1997,4.0,232,4,52,112,69,5,232,3,3,100.0,0,0.0,116,487,243,7,5,2,6,1,132,13,Matchs
388,Corentin Jean,fr FRA,"AT,MT",Inter Miami,27,1995,9.2,425,9,60,172,199,19,425,20,5,25.0,10,50.0,261,1177,586,21,9,2,10,11,309,57,Matchs
389,Isak Jensen,dk DEN,"MT,AT",St. Louis,19,2003,1.6,82,1,16,28,39,5,82,7,3,42.9,2,28.6,52,316,181,10,3,2,4,3,55,5,Matchs
390,Hector Jiménez,us USA,MT,Austin,34,1988,0.6,26,0,5,12,9,3,26,2,0,0.0,2,100.0,16,77,29,1,0,0,1,1,17,3,Matchs
391,Jesús Jiménez,es ESP,"AT,MT",FC Dallas,29,1993,7.6,272,6,23,148,105,41,272,23,9,39.1,12,52.2,125,622,301,14,4,8,21,7,184,41,Matchs
392,Stiven Jimenez,us USA,AT,FC Cincinnati,15,2007,0.0,0,0,0,0,0,0,0,0,0,,0,,0,0,0,0,0,0,0,0,0,0,Matchs
393,Levonte Johnson,ca CAN,"AT,DF",Vancouver W'caps,23,1999,2.2,82,3,18,18,48,11,82,9,6,66.7,1,11.1,50,466,290,9,7,7,3,1,59,22,Matchs
394,Sean Johnson,us USA,GB,Toronto FC,33,1989,20.0,694,608,691,3,0,0,694,0,0,,0,,330,1618,1025,0,0,0,1,0,264,0,Matchs
395,DeJuan Jones,us USA,DF,NE Revolution,25,1997,24.1,1761,88,547,800,434,45,1761,70,35,50.0,28,40.0,1006,6135,3154,85,58,19,26,29,1045,131,Matchs
396,Derrick Jones,us USA,"MT,DF",Charlotte,25,1997,20.5,967,68,298,545,132,29,967,42,23,54.8,13,31.0,518,2528,1092,15,15,2,17,11,608,28,Matchs
397,Juan José Sánchez,co COL,DF,Atlanta Utd,25,1998,23.7,1653,257,963,659,40,28,1653,3,2,66.7,1,33.3,1013,4527,2379,2,4,1,7,1,1109,1,Matchs
398,Dejan Joveljić,rs SRB,AT,LA Galaxy,23,1999,18.1,571,13,28,253,293,101,570,29,14,48.3,12,41.4,306,1352,608,25,11,12,39,24,430,119,Matchs
399,Kamil Jóźwiak,pl POL,"AT,MT",Charlotte,24,1998,15.3,741,18,93,338,321,48,741,51,27,52.9,21,41.2,416,2748,1345,52,37,19,23,14,521,114,Matchs
400,Preston Judd,us USA,AT,LA Galaxy,23,1999,7.1,159,10,15,49,95,46,159,15,7,46.7,6,40.0,103,597,331,18,6,11,17,5,121,53,Matchs
Clt,Joueur,Nation,Pos,Équipe,Âge,Naissance,90,Touches,SurfRépDéf,ZDéf,MilTer,ZOff,SurfRépOff,Action de jeu,Att,Succ,Succ%,Tkld,Tkld%,Balle au pied,TotDist,DistBut,PrgC,1/3,CSR,Manqué,Perte,Rec,PrgR,Matchs
401,Judson,br BRA,MT,SJ Earthquakes,29,1993,5.2,289,17,85,183,22,0,289,6,5,83.3,1,16.7,147,501,102,2,1,0,4,1,171,3,Matchs
402,Anderson Julio,ec ECU,AT,RSL,26,1996,12.8,318,12,28,108,188,73,318,42,18,42.9,20,47.6,195,1578,744,32,14,22,30,16,206,81,Matchs
403,Juninho,br BRA,MT,Orlando City,22,2001,0.0,6,0,0,5,1,0,6,0,0,,0,,4,26,24,0,0,0,0,0,3,0,Matchs
404,Sam Junqua,us USA,"DF,MT",FC Dallas,26,1996,11.4,642,30,208,268,169,25,642,16,10,62.5,6,37.5,316,1309,668,17,12,6,16,10,400,63,Matchs
405,Kristijan Kahlina,hr CRO,GB,Charlotte,30,1992,24.0,1041,810,1037,5,0,0,1041,0,0,,0,,629,3013,1853,0,0,0,0,0,551,0,Matchs
406,Brent Kallman,us USA,"DF,AT",Minnesota Utd,32,1990,2.2,120,23,83,37,0,0,120,0,0,,0,,79,389,167,0,0,0,1,0,81,0,Matchs
407,Kei Kamara,sl SLE,AT,Fire,38,1984,16.9,615,36,54,309,261,85,615,29,16,55.2,12,41.4,330,1700,693,28,12,9,32,33,475,104,Matchs
408,Bernard Kamungo,us USA,"AT,MT",FC Dallas,21,2002,5.6,184,5,31,65,91,24,184,13,5,38.5,7,53.8,122,812,486,22,6,11,10,8,120,41,Matchs
409,Alec Kann,us USA,GB,FC Cincinnati,32,1990,1.0,31,27,31,0,0,0,31,0,0,,0,,14,55,26,0,0,0,0,0,10,0,Matchs
410,Ercan Kara,at AUT,AT,Orlando City,27,1996,9.4,223,14,19,119,87,43,223,12,3,25.0,7,58.3,106,483,201,8,2,1,23,6,162,36,Matchs
411,Ibrahim Kasule,ug UGA,MT,NY Red Bulls,18,2004,0.3,13,2,2,8,3,1,13,0,0,,0,,10,20,2,0,0,0,3,2,11,1,Matchs
412,Mark-Anthony Kaye,ca CAN,MT,Toronto FC,28,1994,20.4,1450,63,413,847,209,13,1450,33,14,42.4,15,45.5,855,3551,1630,15,16,3,35,26,1010,29,Matchs
413,Mark-Anthony Kaye,ca CAN,MT,NE Revolution,28,1994,8.7,564,36,161,341,70,6,564,6,2,33.3,3,50.0,317,1406,652,5,7,1,13,8,349,12,Matchs
414,Axel Kei,us USA,AT,RSL,15,2007,0.1,3,0,0,0,3,2,3,0,0,,0,,1,14,11,0,0,0,0,0,1,1,Matchs
415,Kipp Keller,us USA,DF,Austin,22,2000,4.9,319,28,192,122,8,6,319,1,1,100.0,0,0.0,206,1003,468,2,0,0,6,0,250,0,Matchs
416,Deandre Kerr,ca CAN,"AT,MT",Toronto FC,20,2002,13.5,359,7,39,167,154,42,359,33,14,42.4,14,42.4,231,1395,595,19,11,8,31,17,277,80,Matchs
417,Henry Kessler,us USA,DF,NE Revolution,24,1998,7.7,489,63,272,210,10,6,489,2,2,100.0,0,0.0,272,1527,865,3,0,1,2,0,319,0,Matchs
418,Benjamin Kikanovic,us USA,"AT,MT",SJ Earthquakes,23,2000,7.8,300,10,54,137,116,26,300,22,8,36.4,11,50.0,187,1437,550,21,19,4,25,10,220,39,Matchs
419,Gadi Kinda,il ISR,MT,Sporting KC,28,1994,9.3,564,5,71,281,225,31,564,43,19,44.2,14,32.6,406,2510,1144,28,25,9,22,15,450,45,Matchs
420,Sota Kitahara,us USA,DF,Seattle,20,2003,0.0,7,0,0,4,3,0,7,0,0,,0,,1,3,1,0,0,0,0,0,2,0,Matchs
421,Klauss,br BRA,AT,St. Louis,25,1997,14.6,566,25,55,226,291,82,566,30,13,43.3,16,53.3,254,1157,448,15,9,11,34,16,384,94,Matchs
422,John Klein,us USA,MT,St. Louis,23,1999,0.3,18,0,2,10,6,2,18,0,0,,0,,10,31,12,1,0,0,0,1,10,1,Matchs
423,Mateusz Klich,pl POL,"MT,AT",D.C. United,32,1990,30.2,1934,34,284,925,741,53,1934,36,22,61.1,13,36.1,1008,5067,1940,43,40,6,44,35,1263,131,Matchs
424,Jonathan Klinsmann,us USA,GB,LA Galaxy,25,1997,9.2,260,234,259,1,0,0,260,0,0,,0,,130,755,510,0,0,0,0,0,90,0,Matchs
425,Žan Kolmanič,si SVN,DF,Austin,22,2000,4.7,363,17,119,175,70,4,363,8,5,62.5,3,37.5,216,1182,710,19,12,3,5,0,224,18,Matchs
Clt,Joueur,Nation,Pos,Équipe,Âge,Naissance,90,Touches,SurfRépDéf,ZDéf,MilTer,ZOff,SurfRépOff,Action de jeu,Att,Succ,Succ%,Tkld,Tkld%,Balle au pied,TotDist,DistBut,PrgC,1/3,CSR,Manqué,Perte,Rec,PrgR,Matchs
426,Amet Korca,us USA,DF,FC Dallas,22,2000,1.7,65,4,30,33,3,0,65,1,1,100.0,0,0.0,35,92,62,0,0,0,2,0,38,0,Matchs
427,Georgios Koutsias,gr GRE,"AT,MT",Fire,18,2004,11.3,350,16,60,170,126,36,350,44,26,59.1,14,31.8,204,1450,614,28,9,15,30,16,250,67,Matchs
428,Sebastian Kowalczyk,pl POL,"AT,MT",Dynamo FC,24,1998,3.9,173,2,15,82,79,9,173,6,4,66.7,2,33.3,102,521,232,6,4,0,10,1,145,23,Matchs
429,Filip Krastev,bg BUL,MT,LAFC,21,2001,1.8,134,1,14,69,54,6,134,8,2,25.0,4,50.0,73,481,223,6,12,2,5,4,88,4,Matchs
430,Damir Kreilach,hr CRO,"AT,MT",RSL,33,1989,14.6,557,17,37,319,204,46,557,8,6,75.0,2,25.0,281,964,335,6,9,2,19,7,473,59,Matchs
431,Serhiy Kryvtsov,ua UKR,DF,Inter Miami,31,1991,23.5,1532,190,817,699,19,5,1532,3,2,66.7,1,33.3,1007,5300,3118,6,4,1,4,1,1125,2,Matchs
432,Theodore Ku-Dipietro,us USA,"AT,MT",D.C. United,21,2002,13.0,516,1,52,210,264,72,516,72,38,52.8,32,44.4,330,2001,1030,38,22,17,25,9,359,77,Matchs
433,Yuya Kubo,jp JPN,"MT,AT",FC Cincinnati,29,1993,11.9,571,9,81,302,203,28,571,29,14,48.3,11,37.9,335,2166,1030,34,28,5,18,17,404,45,Matchs
434,Jojea Kwizera,cg CGO,DF,CF Montréal,24,1999,1.5,100,2,17,44,41,3,100,8,4,50.0,2,25.0,47,258,127,4,2,0,3,2,54,16,Matchs
435,Mathías Laborda,uy URU,DF,Vancouver W'caps,23,1999,17.1,1076,102,511,445,124,28,1076,12,5,41.7,7,58.3,577,2715,1625,16,15,0,8,3,645,35,Matchs
436,Kevon Lambert,jm JAM,DF,RSL,25,1997,0.3,21,3,11,9,1,0,21,0,0,,0,,10,58,31,0,0,0,0,0,13,0,Matchs
437,Lassi Lappalainen,fi FIN,"DF,AT",CF Montréal,24,1998,11.5,517,12,85,205,233,39,517,37,17,45.9,16,43.2,288,1891,1066,42,17,14,29,14,311,78,Matchs
438,Jesús David Murillo Largacha,co COL,DF,LAFC,28,1994,15.8,929,100,481,409,49,20,929,11,8,72.7,1,9.1,553,3277,1794,14,12,1,5,2,593,8,Matchs
439,Oliver Larraz,us USA,MT,Rapids,21,2001,0.2,16,0,2,10,4,0,16,0,0,,0,,12,79,23,1,0,0,2,0,13,2,Matchs
440,Richie Laryea,ca CAN,DF,Toronto FC,28,1995,17.9,1173,63,375,575,238,37,1173,66,32,48.5,25,37.9,712,4345,2355,58,39,17,32,14,753,63,Matchs
441,Richie Laryea,ca CAN,"AT,DF",Vancouver W'caps,28,1995,10.5,476,15,118,181,185,44,476,27,13,48.1,8,29.6,326,1829,933,31,16,22,18,13,352,63,Matchs
442,Ariel Lassiter,cr CRC,"AT,MT",Inter Miami,28,1994,1.7,78,0,8,31,41,5,78,7,2,28.6,3,42.9,57,402,138,6,5,1,4,1,62,21,Matchs
443,Ariel Lassiter,cr CRC,"DF,MT",CF Montréal,28,1994,17.7,817,16,119,353,355,44,816,31,15,48.4,12,38.7,477,2879,1438,55,38,12,27,3,546,138,Matchs
444,Kemar Lawrence,jm JAM,DF,Minnesota Utd,30,1992,12.4,693,41,194,327,175,15,693,2,0,0.0,2,100.0,313,1138,506,12,6,2,16,3,383,61,Matchs
445,Randall Leal,cr CRC,"MT,AT",Nashville,26,1997,12.7,634,5,94,351,197,18,634,28,12,42.9,14,50.0,382,2026,956,24,12,3,19,19,448,56,Matchs
446,Richy Ledezma,us USA,"MT,AT",NYCFC,22,2000,13.2,667,6,60,363,252,26,667,27,14,51.9,12,44.4,404,2242,901,25,28,5,28,10,516,74,Matchs
447,Kelvin Leerdam,sr SUR,DF,LA Galaxy,32,1990,13.4,842,94,377,396,71,5,842,0,0,,0,,483,1609,711,5,3,1,4,1,566,26,Matchs
448,Tim Leibold,de GER,DF,Sporting KC,29,1993,9.7,663,20,130,314,226,14,663,18,12,66.7,6,33.3,406,2457,1468,35,39,2,6,4,446,68,Matchs
449,Brooks Lennon,us USA,DF,Atlanta Utd,25,1997,32.0,2177,121,610,877,703,70,2177,56,22,39.3,22,39.3,1215,5909,3279,87,35,17,24,21,1392,241,Matchs
450,Jonathan Lewis,us USA,"AT,MT",Rapids,25,1997,13.2,383,6,39,160,192,56,383,40,21,52.5,13,32.5,259,1809,918,43,14,25,34,14,280,93,Matchs
Clt,Joueur,Nation,Pos,Équipe,Âge,Naissance,90,Touches,SurfRépDéf,ZDéf,MilTer,ZOff,SurfRépOff,Action de jeu,Att,Succ,Succ%,Tkld,Tkld%,Balle au pied,TotDist,DistBut,PrgC,1/3,CSR,Manqué,Perte,Rec,PrgR,Matchs
451,Danny Leyva,us USA,MT,Rapids,19,2003,7.1,419,14,86,248,89,5,419,12,3,25.0,8,66.7,246,947,457,8,5,1,12,6,295,21,Matchs
452,Danny Leyva,us USA,"MT,AT",Seattle,19,2003,0.2,24,3,8,11,6,0,24,1,0,0.0,0,0.0,17,52,31,1,1,0,0,0,17,0,Matchs
453,Nick Lima,us USA,DF,Austin,28,1994,27.0,1583,82,488,723,380,19,1583,47,25,53.2,19,40.4,838,3823,1651,38,32,6,20,20,971,82,Matchs
454,Jaylin Lindsey,us USA,DF,Charlotte,22,2000,14.5,962,46,269,472,232,17,962,11,5,45.5,4,36.4,439,1907,990,19,11,1,15,4,554,31,Matchs
455,Sebastian Lletget,us USA,"MT,AT",FC Dallas,30,1992,12.9,652,19,115,356,185,21,652,13,6,46.2,5,38.5,354,1618,712,16,13,3,13,7,488,53,Matchs
456,Saba Lobzhanidze,ge GEO,AT,Atlanta Utd,28,1994,5.2,204,4,13,66,128,35,204,12,1,8.3,7,58.3,148,1230,597,25,10,10,8,5,158,57,Matchs
457,Robin Lod,fi FIN,"MT,AT",Minnesota Utd,29,1993,10.0,572,11,83,332,164,30,572,31,20,64.5,10,32.3,322,1764,838,20,11,2,21,14,413,41,Matchs
458,Nicolás Lodeiro,uy URU,"MT,AT",Seattle,33,1989,27.5,1993,17,181,886,942,73,1992,48,16,33.3,25,52.1,1186,5568,2462,64,70,12,51,31,1497,246,Matchs
459,Jasper Löffelsend,de GER,MT,RSL,25,1997,12.6,833,31,190,497,155,10,833,36,20,55.6,14,38.9,488,2197,943,10,11,2,14,9,563,40,Matchs
460,Aaron Long,us USA,DF,LAFC,30,1992,16.9,1099,131,602,471,31,16,1099,3,1,33.3,2,66.7,639,2528,1262,2,2,0,6,0,713,2,Matchs
461,Erik López,py PAR,"AT,MT",Atlanta Utd,21,2001,0.3,7,0,1,6,0,0,7,0,0,,0,,3,15,1,0,0,0,0,0,3,0,Matchs
462,Marvin Loría,cr CRC,"AT,MT",Portland Timbers,25,1997,8.4,335,9,48,145,151,20,335,30,14,46.7,12,40.0,197,1426,574,22,11,5,23,10,231,54,Matchs
463,Daniel Lovitz,us USA,DF,Nashville,31,1991,31.6,2169,114,723,1031,433,15,2169,29,16,55.2,12,41.4,1034,4819,2749,44,35,3,20,7,1294,80,Matchs
464,Damion Lowe,jm JAM,DF,Philadelphia,29,1993,13.7,678,103,368,282,42,14,678,19,14,73.7,5,26.3,327,1667,548,5,8,0,10,4,308,4,Matchs
465,Eduard Löwen,de GER,MT,St. Louis,26,1997,25.6,1799,51,292,876,659,49,1796,109,61,56.0,40,36.7,933,5353,2724,76,45,13,60,48,1122,100,Matchs
466,Favian Loyola,us USA,MT,Orlando City,17,2005,0.0,6,0,0,2,4,0,6,0,0,,0,,4,14,5,0,1,0,0,0,5,1,Matchs
467,Diego Luna,us USA,"MT,AT",RSL,19,2003,13.3,769,13,97,379,300,43,769,41,21,51.2,17,41.5,486,2668,1244,38,24,19,30,20,569,61,Matchs
468,Adam Lundqvist,se SWE,"DF,MT",Austin,28,1994,9.6,555,29,161,251,146,7,555,12,8,66.7,3,25.0,257,1264,561,13,15,2,11,5,287,55,Matchs
469,Benjamin Lundt,de GER,GB,St. Louis,27,1995,1.0,30,27,30,0,0,0,30,0,0,,0,,16,69,40,0,0,0,0,0,9,0,Matchs
470,Luquinhas,br BRA,"MT,AT",NY Red Bulls,26,1996,22.2,832,6,78,342,439,63,832,117,49,41.9,42,35.9,584,4106,2023,67,58,19,58,30,578,115,Matchs
471,Jack Lynn,us USA,"MT,AT",Orlando City,23,2000,0.4,12,2,5,4,3,1,12,0,0,,0,,2,14,14,0,0,0,0,0,6,2,Matchs
472,Larrys Mabiala,cd COD,DF,Portland Timbers,35,1987,9.8,560,70,274,271,19,11,560,1,0,0.0,1,100.0,306,1689,918,4,0,0,1,0,347,0,Matchs
473,Aimé Mabika,zm ZAM,DF,Toronto FC,24,1998,16.8,1028,164,642,377,21,9,1028,15,12,80.0,2,13.3,645,3402,1548,4,7,1,13,4,682,1,Matchs
474,Zac MacMath,us USA,GB,RSL,31,1991,27.5,1039,755,1019,20,0,0,1039,2,1,50.0,1,50.0,537,3759,2545,0,1,1,0,0,401,0,Matchs
475,Lukas MacNaughton,ca CAN,DF,Toronto FC,27,1995,2.0,125,22,76,52,0,0,125,1,1,100.0,0,0.0,63,246,68,0,0,0,0,0,87,0,Matchs
Clt,Joueur,Nation,Pos,Équipe,Âge,Naissance,90,Touches,SurfRépDéf,ZDéf,MilTer,ZOff,SurfRépOff,Action de jeu,Att,Succ,Succ%,Tkld,Tkld%,Balle au pied,TotDist,DistBut,PrgC,1/3,CSR,Manqué,Perte,Rec,PrgR,Matchs
476,Lukas MacNaughton,ca CAN,DF,Nashville,27,1995,11.9,768,119,421,309,41,15,768,2,1,50.0,1,50.0,435,1887,939,3,1,0,4,0,502,1,Matchs
477,Talles Magno,br BRA,AT,NYCFC,20,2002,21.2,931,13,66,419,457,102,931,98,40,40.8,44,44.9,641,3966,1930,75,41,30,70,44,741,181,Matchs
478,Jack Maher,us USA,DF,Nashville,23,1999,32.0,1910,313,1162,716,37,27,1910,1,1,100.0,0,0.0,1027,3891,1686,1,3,0,8,1,1311,2,Matchs
479,Cassius Mailula,za RSA,"AT,MT",Toronto FC,21,2001,0.8,24,0,2,6,16,3,24,1,1,100.0,0,0.0,14,69,23,1,0,0,2,0,16,5,Matchs
480,Christian Makoun,ve VEN,"DF,MT",NE Revolution,22,2000,5.4,363,21,116,211,37,6,363,3,2,66.7,1,33.3,212,1031,491,7,3,1,2,3,249,6,Matchs
481,Adilson Malanda,fr FRA,DF,Charlotte,21,2001,28.5,1990,244,1093,847,62,18,1990,12,6,50.0,4,33.3,1076,4915,2456,3,6,0,14,5,1237,7,Matchs
482,Denil Maldonado,hn HON,DF,LAFC,24,1998,18.6,1161,110,558,560,50,18,1161,10,5,50.0,5,50.0,718,3777,1954,5,9,0,12,4,766,9,Matchs
483,Machop Malual,ss SSD,"AT,MT",Atlanta Utd,24,1998,5.2,200,2,15,96,92,18,200,24,10,41.7,10,41.7,106,666,316,13,7,6,15,7,136,32,Matchs
484,Elias Manoel,br BRA,AT,NY Red Bulls,21,2001,18.4,528,5,22,161,345,87,527,22,8,36.4,14,63.6,265,1276,465,23,12,16,72,23,372,135,Matchs
485,J.T. Marcinkowski,us USA,GB,SJ Earthquakes,25,1997,12.4,376,336,375,1,0,0,376,0,0,,0,,188,960,624,0,0,0,2,0,134,0,Matchs
486,Paul Marie,fr FRA,DF,SJ Earthquakes,27,1995,22.3,1425,74,477,615,350,31,1425,69,34,49.3,30,43.5,762,3834,2177,51,45,8,29,11,801,106,Matchs
487,Anthony Markanich,ph PHI,DF,Rapids,23,1999,3.8,245,18,81,118,51,11,245,3,1,33.3,2,66.7,84,411,243,6,3,0,9,1,112,10,Matchs
488,Anthony Markanich,ph PHI,DF,St. Louis,23,1999,7.3,406,25,130,190,94,10,406,7,2,28.6,4,57.1,160,866,486,16,14,3,5,1,192,18,Matchs
489,George Marks,us USA,GB,Charlotte,23,1999,7.0,282,243,281,1,0,0,282,0,0,,0,,132,578,381,0,0,0,1,0,140,0,Matchs
490,Mikael Marques,se SWE,MT,Minnesota Utd,21,2001,0.1,6,1,2,4,0,0,6,1,0,0.0,1,100.0,2,1,0,0,0,0,0,1,2,0,Matchs
491,Jahkeele Marshall-Rutty,ca CAN,"MT,DF",Toronto FC,18,2004,12.8,686,23,144,312,234,24,686,24,9,37.5,8,33.3,397,2592,1172,38,25,10,20,8,476,75,Matchs
492,Alonso Martínez,cr CRC,"AT,DF",NYCFC,24,1998,0.4,21,0,2,8,11,1,21,3,0,0.0,2,66.7,12,63,16,1,0,0,0,2,13,5,Matchs
493,José Martínez,es ESP,DF,FC Dallas,29,1993,15.9,1160,155,665,468,28,11,1160,2,2,100.0,0,0.0,654,2600,1431,2,1,1,3,1,844,4,Matchs
494,Josef Martínez,ve VEN,AT,Inter Miami,29,1993,19.3,508,16,29,248,233,59,505,17,3,17.6,11,64.7,318,1107,434,9,13,2,26,11,394,79,Matchs
495,Luís Martins,pt POR,DF,Vancouver W'caps,30,1992,18.0,1182,55,335,566,289,6,1182,9,3,33.3,4,44.4,551,2700,1558,38,30,0,10,1,719,78,Matchs
496,Thiago Martins,br BRA,DF,NYCFC,27,1995,24.3,1885,287,1116,758,17,12,1885,4,4,100.0,0,0.0,1140,6061,3505,14,1,0,10,2,1345,0,Matchs
497,Alexandru Mățan,ro ROU,"MT,AT",Crew,23,1999,25.2,1273,8,122,538,621,109,1273,109,43,39.4,51,46.8,911,5770,2864,100,65,41,58,30,1000,199,Matchs
498,Jimmy Maurer,us USA,GB,FC Dallas,34,1988,4.8,181,137,180,2,0,0,181,0,0,,0,,104,560,312,0,0,0,0,0,90,0,Matchs
499,Chris Mavinga,cd COD,DF,LA Galaxy,31,1991,12.5,826,143,509,298,21,10,826,3,1,33.3,2,66.7,499,1846,909,0,2,0,3,0,562,1,Matchs
500,Max,br BRA,"MT,AT",Rapids,21,2001,7.4,352,13,62,183,111,8,352,14,12,85.7,2,14.3,160,710,279,8,5,1,18,6,218,41,Matchs
Clt,Joueur,Nation,Pos,Équipe,Âge,Naissance,90,Touches,SurfRépDéf,ZDéf,MilTer,ZOff,SurfRépOff,Action de jeu,Att,Succ,Succ%,Tkld,Tkld%,Balle au pied,TotDist,DistBut,PrgC,1/3,CSR,Manqué,Perte,Rec,PrgR,Matchs
501,Andreas Maxsø,dk DEN,DF,Rapids,28,1994,32.5,1668,273,1013,594,65,43,1668,1,0,0.0,1,100.0,909,3790,1834,1,0,0,6,3,1136,5,Matchs
502,Olivier Mbaizo,cm CMR,DF,Philadelphia,25,1997,20.4,1089,46,267,478,369,21,1089,44,16,36.4,18,40.9,541,3230,1896,50,34,9,22,17,592,88,Matchs
503,Hugo-Hilaire Mbongue Mbongue,ca CAN,"AT,MT",Toronto FC,18,2004,2.9,83,3,6,49,29,8,83,4,1,25.0,2,50.0,40,228,126,6,2,3,7,2,56,22,Matchs
504,John McCarthy,us USA,GB,LAFC,30,1992,25.0,717,633,709,7,1,0,717,0,0,,0,,369,2002,1190,0,0,0,2,0,293,1,Matchs
505,Dax McCarty,us USA,MT,Nashville,35,1987,21.0,1252,72,373,728,158,15,1252,10,8,80.0,1,10.0,641,2645,1167,15,19,1,18,10,821,15,Matchs
506,Jack McGlynn,us USA,MT,Philadelphia,19,2003,18.0,1273,25,232,754,294,14,1273,23,12,52.2,8,34.8,772,3041,1549,34,20,6,13,9,964,47,Matchs
507,Zac McGraw,ca CAN,DF,Portland Timbers,25,1997,26.9,1392,246,813,532,55,44,1392,4,3,75.0,0,0.0,647,3051,1459,5,2,1,5,3,738,10,Matchs
508,Duncan McGuire,us USA,AT,Orlando City,21,2001,15.4,377,22,41,141,198,74,377,23,10,43.5,13,56.5,210,890,381,19,10,13,32,15,267,81,Matchs
509,Kendall McIntosh,us USA,GB,Sporting KC,29,1994,13.2,433,363,431,2,0,0,433,0,0,,0,,223,1011,566,0,0,0,0,0,207,0,Matchs
510,Thomas McNamara,us USA,"MT,AT",NE Revolution,31,1991,2.1,117,6,29,62,26,1,117,0,0,,0,,80,329,194,2,4,0,2,1,85,2,Matchs
511,Christopher McVey,se SWE,DF,Inter Miami,25,1997,13.5,924,87,439,465,30,2,924,6,4,66.7,0,0.0,572,2587,1305,7,5,0,8,1,633,5,Matchs
512,Jimmy Medranda,co COL,"MT,DF",Crew,28,1994,1.2,127,2,35,51,41,4,127,0,0,,0,,75,371,164,6,1,0,2,0,85,22,Matchs
513,Tim Melia,us USA,GB,Sporting KC,36,1986,15.8,527,426,519,8,0,0,527,0,0,,0,,267,1305,733,0,0,0,0,0,223,0,Matchs
514,Vinicius Mello,br BRA,AT,Charlotte,20,2002,0.6,36,2,5,16,16,1,36,5,3,60.0,2,40.0,23,111,26,0,1,0,4,1,29,4,Matchs
515,Jonathan Mensah,gh GHA,DF,SJ Earthquakes,32,1990,21.7,1222,206,703,472,50,30,1222,2,2,100.0,0,0.0,693,2595,1317,2,1,0,6,2,786,9,Matchs
516,Justin Meram,iq IRQ,"AT,MT",Charlotte,34,1988,14.8,793,19,107,361,334,40,793,43,25,58.1,17,39.5,492,3189,1383,39,29,10,22,13,575,119,Matchs
517,Justin Meram,iq IRQ,"AT,MT",RSL,34,1988,2.0,124,8,23,57,45,5,124,8,2,25.0,5,62.5,70,389,154,2,5,2,7,3,77,17,Matchs
518,Lionel Messi,ar ARG,"AT,MT",Inter Miami,35,1987,4.1,260,0,7,103,152,16,260,30,16,53.3,7,23.3,203,1318,525,18,18,4,11,10,226,32,Matchs
519,Matt Miazga,us USA,DF,FC Cincinnati,27,1995,26.5,1569,275,905,637,35,27,1569,8,7,87.5,1,12.5,765,3256,1966,0,3,0,5,2,961,2,Matchs
520,Micael,br BRA,DF,Dynamo FC,22,2000,21.9,1445,241,862,531,58,13,1445,10,4,40.0,3,30.0,815,3352,1852,7,8,2,12,1,925,4,Matchs
521,Novak Mićović,rs SRB,GB,LA Galaxy,21,2001,2.0,59,51,59,0,0,0,59,0,0,,0,,46,243,155,0,0,0,0,0,33,0,Matchs
522,Matko Miljevic,us USA,"MT,AT",CF Montréal,21,2001,1.5,105,1,14,46,49,6,105,5,3,60.0,1,20.0,73,438,135,2,3,2,7,6,65,14,Matchs
523,Eric Miller,us USA,DF,Portland Timbers,30,1993,13.4,591,58,227,277,91,5,591,4,1,25.0,3,75.0,221,719,289,3,3,1,10,5,271,17,Matchs
524,Kamal Miller,ca CAN,DF,Inter Miami,25,1997,20.5,1495,167,775,666,64,10,1495,24,18,75.0,4,16.7,992,4400,2527,19,17,2,9,6,1103,7,Matchs
525,Kamal Miller,ca CAN,DF,CF Montréal,25,1997,5.3,343,22,152,173,20,2,343,1,0,0.0,1,100.0,184,699,394,1,4,0,7,2,242,1,Matchs
Clt,Joueur,Nation,Pos,Équipe,Âge,Naissance,90,Touches,SurfRépDéf,ZDéf,MilTer,ZOff,SurfRépOff,Action de jeu,Att,Succ,Succ%,Tkld,Tkld%,Balle au pied,TotDist,DistBut,PrgC,1/3,CSR,Manqué,Perte,Rec,PrgR,Matchs
526,Tyler Miller,us USA,GB,D.C. United,29,1993,24.5,1259,733,1191,69,0,0,1259,4,3,75.0,0,0.0,733,3760,2275,0,1,1,2,0,677,0,Matchs
527,Kevin Molino,tt TRI,"MT,AT",Crew,32,1990,0.7,108,0,9,41,59,0,108,7,5,71.4,1,14.3,73,299,140,3,2,0,2,2,94,9,Matchs
528,Alex Monis,us USA,AT,Fire,19,2003,0.1,8,0,2,3,3,0,8,0,0,,0,,4,24,18,1,0,0,1,0,4,1,Matchs
529,Jamiro Monteiro,cv CPV,MT,SJ Earthquakes,29,1993,23.6,1321,5,176,721,435,55,1321,56,29,51.8,23,41.1,920,4054,1649,38,40,7,51,30,1070,113,Matchs
530,Fredy Montero,co COL,"AT,MT",Seattle,35,1987,4.8,212,0,11,92,112,21,212,8,2,25.0,4,50.0,143,646,189,8,5,0,9,11,175,40,Matchs
531,Shaquell Moore,us USA,DF,Nashville,26,1996,30.8,1759,89,531,793,450,32,1759,70,32,45.7,25,35.7,895,4510,2287,67,35,7,41,16,1024,128,Matchs
532,Felipe Mora,cl CHI,AT,Portland Timbers,29,1993,9.1,261,4,10,113,138,38,261,5,2,40.0,3,60.0,152,526,153,4,3,2,12,13,208,59,Matchs
533,Joseph Mora,cr CRC,DF,Charlotte,30,1993,2.1,143,10,54,59,31,2,143,2,0,0.0,1,50.0,43,352,161,3,2,0,0,0,57,5,Matchs
534,Alfredo Morales,us USA,MT,NYCFC,32,1990,12.9,684,31,147,440,102,21,684,15,7,46.7,8,53.3,346,1604,578,10,10,0,10,11,482,11,Matchs
535,Maximiliano Moralez,ar ARG,"MT,AT",NYCFC,35,1987,3.5,260,1,10,147,105,11,260,9,7,77.8,2,22.2,164,853,351,8,9,3,10,1,195,36,Matchs
536,Steven Moreira,cv CPV,DF,Crew,28,1994,32.5,2427,165,862,1304,286,26,2427,54,36,66.7,16,29.6,1668,8497,4792,46,32,8,21,16,1801,39,Matchs
537,Junior Moreno,ve VEN,MT,FC Cincinnati,29,1993,25.0,1318,69,314,799,216,16,1318,24,16,66.7,7,29.2,699,2530,951,8,11,2,26,13,906,25,Matchs
538,Santiago Moreno,co COL,"AT,MT",Portland Timbers,22,2000,25.9,1353,21,162,635,575,88,1353,122,59,48.4,54,44.3,834,4599,2337,64,52,21,67,54,925,173,Matchs
539,Lewis Morgan,sct SCO,"MT,AT",NY Red Bulls,26,1996,3.3,146,2,20,57,72,9,146,9,3,33.3,4,44.4,84,443,198,7,3,2,8,7,84,26,Matchs
540,Aidan Morris,us USA,MT,Crew,21,2001,28.7,2207,42,421,1368,443,37,2207,66,44,66.7,17,25.8,1328,6356,2810,32,37,3,53,20,1602,53,Matchs
541,Jordan Morris,us USA,AT,Seattle,28,1994,22.0,705,21,75,248,388,102,705,20,12,60.0,7,35.0,413,2316,1162,39,15,15,31,16,538,143,Matchs
542,Edwin Mosquera,co COL,"AT,MT",Atlanta Utd,21,2001,4.9,248,4,36,101,118,36,248,31,13,41.9,14,45.2,189,1598,981,36,8,16,13,7,201,65,Matchs
543,Yerson Mosquera,co COL,DF,FC Cincinnati,21,2001,25.0,1666,188,827,756,97,26,1666,25,13,52.0,8,32.0,886,4129,2169,13,13,1,25,10,995,12,Matchs
544,Jean Mota,br BRA,MT,Inter Miami,29,1993,10.1,827,27,157,500,177,3,827,14,8,57.1,3,21.4,465,1855,911,12,17,1,6,4,563,8,Matchs
545,Chris Mueller,us USA,"AT,MT",Fire,26,1996,7.9,410,9,54,163,197,54,410,38,19,50.0,17,44.7,249,1475,674,23,14,17,35,12,301,83,Matchs
546,Hany Mukhtar,de GER,"AT,MT",Nashville,27,1995,31.5,1608,2,75,822,738,139,1603,129,61,47.3,56,43.4,1008,6496,2674,101,71,38,95,82,1194,202,Matchs
547,José Mulato,co COL,"AT,MT",FC Dallas,20,2003,1.2,34,0,2,11,21,6,34,3,2,66.7,1,33.3,16,33,8,0,0,0,5,1,24,10,Matchs
548,O'Vonte Mullings,ca CAN,"MT,DF",NY Red Bulls,22,2000,0.5,19,0,5,8,7,3,19,1,1,100.0,0,0.0,13,76,28,1,3,0,3,0,10,3,Matchs
549,Daniel Munie,us USA,DF,SJ Earthquakes,22,2000,1.2,79,16,46,31,2,1,79,1,0,0.0,1,100.0,26,95,62,0,0,0,1,0,43,0,Matchs
550,Ian Murphy,us USA,DF,FC Cincinnati,23,2000,16.9,942,97,442,451,57,3,942,3,3,100.0,0,0.0,507,2212,1204,10,12,0,6,3,619,5,Matchs
Clt,Joueur,Nation,Pos,Équipe,Âge,Naissance,90,Touches,SurfRépDéf,ZDéf,MilTer,ZOff,SurfRépOff,Action de jeu,Att,Succ,Succ%,Tkld,Tkld%,Balle au pied,TotDist,DistBut,PrgC,1/3,CSR,Manqué,Perte,Rec,PrgR,Matchs
551,Daniel Musovski,us USA,AT,RSL,27,1995,13.4,360,14,34,145,184,50,360,27,13,48.1,13,48.1,190,1035,359,13,8,8,34,18,260,66,Matchs
552,Alex Muyl,us USA,"MT,DF",Nashville,27,1995,22.7,1011,44,259,445,321,49,1011,45,24,53.3,18,40.0,525,2220,974,25,20,7,46,27,598,100,Matchs
553,Tristan Muyumba,,MT,Atlanta Utd,25,1997,9.1,603,13,133,347,135,15,603,15,9,60.0,5,33.3,373,1759,671,9,12,0,12,4,455,17,Matchs
554,Darlington Nagbe,us USA,MT,Crew,32,1990,31.0,1794,53,300,1081,431,20,1794,47,28,59.6,11,23.4,1213,6406,2781,49,58,5,33,18,1409,61,Matchs
555,Andy Najar,hn HON,DF,D.C. United,29,1993,12.3,749,30,198,375,197,23,749,64,38,59.4,18,28.1,432,2667,1406,31,23,9,16,9,430,40,Matchs
556,Federico Navarro,ar ARG,MT,Fire,22,2000,12.2,584,38,188,352,51,1,584,16,13,81.3,2,12.5,353,1709,656,5,6,0,13,10,357,4,Matchs
557,Miguel Navarro,ve VEN,DF,Fire,23,1999,21.9,1366,91,527,588,256,21,1366,12,3,25.0,5,41.7,608,2338,1175,16,19,2,23,8,743,78,Matchs
558,Rafael Navarro,br BRA,AT,Rapids,22,2000,9.8,257,11,22,118,123,40,257,21,13,61.9,6,28.6,143,771,296,12,8,7,25,11,176,42,Matchs
559,Hassan Ndam,cm CMR,DF,NY Red Bulls,24,1998,7.8,455,39,204,236,18,8,455,3,1,33.3,2,66.7,230,901,369,2,2,0,1,0,244,2,Matchs
560,Logan Ndenbe,be BEL,DF,Sporting KC,22,2000,17.1,1218,36,302,536,393,17,1218,26,10,38.5,11,42.3,708,4357,2835,74,48,7,13,10,807,112,Matchs
561,Jalen Neal,us USA,DF,LA Galaxy,19,2003,14.3,1004,166,579,419,10,4,1004,5,3,60.0,2,40.0,601,2380,1108,0,1,0,4,0,737,0,Matchs
562,Dylan Nealis,us USA,DF,NY Red Bulls,24,1998,11.5,699,40,225,364,115,22,699,8,5,62.5,2,25.0,255,1185,533,6,7,0,12,6,288,20,Matchs
563,Sean Nealis,us USA,DF,NY Red Bulls,26,1997,30.2,1563,146,761,728,82,49,1563,7,4,57.1,3,42.9,694,3426,1639,6,5,0,13,3,733,9,Matchs
564,Franco Negri,ar ARG,DF,Inter Miami,27,1995,14.8,1025,44,282,486,274,20,1025,36,25,69.4,9,25.0,565,3113,1861,53,26,11,22,10,605,79,Matchs
565,John Nelson,us USA,DF,St. Louis,24,1998,14.1,805,37,228,369,213,12,805,15,11,73.3,4,26.7,305,1480,792,14,18,2,10,5,352,55,Matchs
566,Jake Nerwinski,us USA,DF,St. Louis,28,1994,24.6,1325,90,439,565,335,5,1325,29,15,51.7,9,31.0,539,2932,1595,31,36,2,23,6,604,55,Matchs
567,Harvey Neville,ie IRL,"DF,MT",Inter Miami,20,2002,2.2,148,0,34,72,43,2,148,5,3,60.0,2,40.0,85,359,137,3,0,0,0,0,84,13,Matchs
568,Jean-Claude Ngando,cm CMR,"MT,AT",Vancouver W'caps,23,1999,0.9,92,2,13,51,34,3,92,12,11,91.7,1,8.3,62,463,296,8,8,2,7,0,56,5,Matchs
569,Sam Nicholson,sct SCO,"MT,DF",Rapids,28,1995,16.6,728,35,141,309,286,31,728,54,29,53.7,18,33.3,414,2988,1392,51,30,13,26,11,469,119,Matchs
570,Jarosław Niezgoda,pl POL,AT,Portland Timbers,27,1995,7.3,201,4,15,85,102,23,201,6,3,50.0,3,50.0,94,423,222,4,4,1,16,9,135,29,Matchs
571,Joakim Nilsson,se SWE,DF,St. Louis,28,1994,6.6,362,55,212,144,9,1,362,1,0,0.0,1,100.0,157,803,458,2,2,0,2,1,192,0,Matchs
572,Matt Nocita,us USA,DF,NY Red Bulls,22,2000,0.3,13,3,6,4,3,1,13,0,0,,0,,6,8,6,0,0,0,0,0,4,0,Matchs
573,Nolan Norris,us USA,MT,FC Dallas,17,2005,1.5,74,5,22,49,3,0,74,0,0,,0,,46,215,74,2,0,0,0,2,58,1,Matchs
574,Tsiki Ntsabeleng,za RSA,"MT,AT",FC Dallas,24,1998,3.9,217,7,38,109,72,8,217,8,2,25.0,4,50.0,136,734,371,6,4,1,9,8,159,26,Matchs
575,Obinna Nwobodo,ng NGA,MT,FC Cincinnati,26,1996,28.7,1560,72,349,982,262,12,1560,44,26,59.1,16,36.4,775,4285,1912,37,30,5,28,20,907,30,Matchs
Clt,Joueur,Nation,Pos,Équipe,Âge,Naissance,90,Touches,SurfRépDéf,ZDéf,MilTer,ZOff,SurfRépOff,Action de jeu,Att,Succ,Succ%,Tkld,Tkld%,Balle au pied,TotDist,DistBut,PrgC,1/3,CSR,Manqué,Perte,Rec,PrgR,Matchs
576,Moses Nyeman,us USA,MT,RSL,19,2003,0.3,19,1,2,11,6,0,19,0,0,,0,,10,19,8,0,0,0,1,0,13,0,Matchs
577,Lewis O'Brien,eng ENG,MT,D.C. United,24,1998,16.8,1009,30,177,544,302,26,1009,49,22,44.9,18,36.7,581,3274,1850,43,27,7,25,12,679,47,Matchs
578,Shane O'Neill,us USA,DF,Toronto FC,29,1993,10.4,686,85,388,268,33,3,686,3,1,33.3,1,33.3,458,2362,1174,7,6,0,7,1,476,3,Matchs
579,Kevin O'Toole,us USA,"DF,MT",NYCFC,24,1998,13.3,846,46,244,365,241,24,846,29,9,31.0,16,55.2,418,2237,1123,21,19,7,26,8,514,87,Matchs
580,Jáder Obrian,co COL,"AT,MT",FC Dallas,27,1995,21.0,681,8,97,276,321,77,681,46,24,52.2,16,34.8,409,2050,989,39,33,15,61,19,476,118,Matchs
581,Chinonso Offor,ng NGA,AT,CF Montréal,22,2000,16.8,580,22,44,275,268,71,580,53,20,37.7,31,58.5,331,1442,488,13,12,9,87,21,443,77,Matchs
582,Braian Ojeda,py PAR,MT,RSL,22,2000,24.0,1506,41,305,939,286,19,1506,87,51,58.6,24,27.6,891,4681,2116,35,27,1,29,16,1068,35,Matchs
583,Martín Ojeda,ar ARG,"AT,MT",Orlando City,24,1998,19.5,997,20,115,436,452,62,997,18,6,33.3,12,66.7,521,2445,1057,34,26,13,53,22,680,134,Matchs
584,Cristian Olivera,uy URU,AT,LAFC,20,2002,6.7,263,4,30,79,166,45,263,47,15,31.9,32,68.1,186,1776,1003,44,22,16,26,4,181,72,Matchs
585,Tani Oluwaseyi,us USA,AT,Minnesota Utd,22,2000,0.1,5,1,2,2,1,1,5,0,0,,0,,2,7,3,0,0,0,0,0,2,1,Matchs
586,Wyatt Omsberg,us USA,DF,Fire,27,1995,7.9,456,75,318,139,2,2,456,0,0,,0,,227,1109,441,2,0,0,3,0,277,0,Matchs
587,Kwadwo Opoku,gh GHA,AT,LAFC,21,2001,13.1,460,8,41,180,254,52,460,63,27,42.9,27,42.9,317,2211,925,29,17,12,42,16,333,95,Matchs
588,Kwadwo Opoku,gh GHA,AT,CF Montréal,21,2001,10.3,337,4,31,135,179,37,337,49,22,44.9,21,42.9,255,1843,756,30,22,6,27,22,266,73,Matchs
589,Nathan Ordaz,sv SLV,AT,LAFC,19,2004,2.9,115,2,11,36,71,16,115,12,5,41.7,5,41.7,70,452,217,11,6,3,12,3,85,31,Matchs
590,Arquimides Ordonez,gt GUA,AT,FC Cincinnati,19,2003,3.1,99,1,9,41,51,13,99,21,9,42.9,8,38.1,59,298,129,5,1,2,3,6,72,21,Matchs
591,Prince Osei Owusu,de GER,AT,Toronto FC,26,1997,2.9,82,6,9,37,36,12,82,8,4,50.0,3,37.5,40,266,115,5,4,2,13,3,55,12,Matchs
592,Jonathan Osorio,ca CAN,"MT,AT",Toronto FC,30,1992,20.8,1388,20,250,784,364,42,1388,42,24,57.1,16,38.1,961,4219,1835,36,38,6,36,32,1127,97,Matchs
593,Tomáš Ostrák,cz CZE,"MT,AT",St. Louis,22,2000,12.8,530,8,64,242,238,31,530,46,27,58.7,16,34.8,309,1883,771,29,25,10,29,26,357,79,Matchs
594,Bryan Oviedo,cr CRC,DF,RSL,32,1990,19.9,1252,67,376,534,346,23,1252,23,13,56.5,7,30.4,674,3561,1906,43,29,2,29,7,787,91,Matchs
595,Devin Padelford,us USA,DF,Minnesota Utd,20,2003,1.7,95,6,23,32,40,7,95,3,2,66.7,1,33.3,49,276,181,7,2,1,5,2,51,16,Matchs
596,Maarten Paes,nl NED,GB,FC Dallas,24,1998,29.1,1083,916,1080,3,0,0,1083,0,0,,0,,620,2795,1828,0,0,0,0,0,507,0,Matchs
597,Nelson Palacio,co COL,MT,RSL,21,2001,9.6,503,16,126,340,42,4,503,10,6,60.0,2,20.0,315,1288,434,2,7,0,10,5,364,9,Matchs
598,Diego Palacios,ec ECU,DF,LAFC,23,1999,27.0,2049,65,565,993,507,40,2049,42,22,52.4,17,40.5,1105,4556,2248,44,37,5,46,18,1231,153,Matchs
599,Sergi Palencia,es ESP,DF,LAFC,26,1996,14.0,952,36,285,442,233,19,952,22,13,59.1,8,36.4,477,2111,1109,27,13,1,12,10,559,59,Matchs
600,Victor Pálsson,is ISL,"DF,MT",D.C. United,31,1991,17.5,921,70,338,469,118,14,921,5,3,60.0,2,40.0,414,1788,921,13,14,1,5,1,509,16,Matchs
Clt,Joueur,Nation,Pos,Équipe,Âge,Naissance,90,Touches,SurfRépDéf,ZDéf,MilTer,ZOff,SurfRépOff,Action de jeu,Att,Succ,Succ%,Tkld,Tkld%,Balle au pied,TotDist,DistBut,PrgC,1/3,CSR,Manqué,Perte,Rec,PrgR,Matchs
601,Jack Panayotou,us USA,"MT,DF",NE Revolution,18,2004,3.6,155,2,19,81,56,11,155,8,1,12.5,5,62.5,100,550,217,5,2,2,8,8,111,22,Matchs
602,Elliot Panicco,us USA,GB,Nashville,26,1996,2.0,68,66,67,1,0,0,68,0,0,,0,,38,212,139,0,0,0,0,0,27,0,Matchs
603,James Pantemis,ca CAN,GB,CF Montréal,25,1997,1.9,72,63,72,0,0,0,72,0,0,,0,,23,121,83,0,0,0,0,0,24,0,Matchs
604,Cristhian Paredes,py PAR,MT,Portland Timbers,24,1998,21.2,910,42,193,444,288,48,910,23,10,43.5,9,39.1,446,2047,1097,21,29,2,37,15,523,51,Matchs
605,Isaiah Parente,us USA,"MT,AT",Crew,22,2000,0.5,41,2,8,17,16,4,41,0,0,,0,,20,106,57,2,2,0,0,0,21,1,Matchs
606,Tim Parker,us USA,DF,St. Louis,29,1993,28.5,1466,221,845,582,47,22,1466,6,4,66.7,2,33.3,685,3270,1568,4,6,0,9,4,766,3,Matchs
607,Keaton Parks,us USA,MT,NYCFC,25,1997,27.9,1726,72,393,1036,314,58,1726,51,36,70.6,12,23.5,937,4675,2304,42,32,6,34,20,1283,62,Matchs
608,Ilijah Paul,us USA,"AT,MT",RSL,20,2002,1.2,54,1,1,22,31,8,54,5,2,40.0,3,60.0,31,144,44,0,0,0,2,3,39,8,Matchs
609,João Paulo Mior,br BRA,MT,Seattle,31,1991,27.3,2384,79,478,1496,441,19,2384,49,28,57.1,16,32.7,1360,7035,3378,38,51,6,27,14,1729,29,Matchs
610,Adam Pearlman,ca CAN,DF,Toronto FC,17,2005,0.1,14,1,5,7,2,1,14,0,0,,0,,5,27,12,0,0,0,1,0,7,0,Matchs
611,Matías Pellegrini,ar ARG,"AT,MT",NYCFC,22,2000,12.8,608,7,61,303,253,33,608,47,22,46.8,19,40.4,299,1773,804,26,17,6,37,16,408,93,Matchs
612,Andrés Perea,us USA,MT,Philadelphia,22,2000,1.7,94,11,22,39,34,9,94,3,2,66.7,1,33.3,48,209,106,1,0,0,4,0,60,10,Matchs
613,Andrés Perea,us USA,MT,NYCFC,22,2000,8.6,474,19,88,285,104,24,474,9,6,66.7,3,33.3,257,1318,638,13,10,4,10,10,342,22,Matchs
614,Daniel Pereira,ve VEN,MT,Austin,22,2000,28.1,1809,82,499,1018,333,11,1809,89,53,59.6,23,25.8,1197,7395,3578,51,55,4,26,22,1326,44,Matchs
615,Gabriel Pereira,br BRA,"AT,MT",NYCFC,21,2001,17.1,678,9,66,241,381,72,678,83,42,50.6,34,41.0,415,2757,1358,42,32,20,37,16,477,154,Matchs
616,Mauricio Pereyra,uy URU,MT,Orlando City,32,1990,23.5,1449,15,149,811,508,43,1449,44,25,56.8,13,29.5,828,3767,1920,46,28,5,31,34,1091,106,Matchs
617,Jonathan Perez,mx MEX,"DF,MT",LA Galaxy,20,2003,1.3,108,3,9,33,66,7,108,6,4,66.7,1,16.7,80,516,275,12,5,2,3,0,87,18,Matchs
618,Miguel Perez,us USA,MT,St. Louis,17,2005,6.8,361,14,81,214,67,11,361,7,2,28.6,3,42.9,159,635,256,4,2,0,19,5,178,12,Matchs
619,Jordan Perruzza,ca CAN,"AT,MT",Toronto FC,22,2001,1.4,46,0,1,12,33,13,46,4,2,50.0,2,50.0,26,151,44,2,1,2,7,3,33,12,Matchs
620,Luca Petrasso,ca CAN,"DF,AT",Orlando City,22,2000,4.8,297,14,95,118,85,10,297,10,1,10.0,8,80.0,151,830,335,8,6,1,7,2,193,37,Matchs
621,Raoul Petretta,it ITA,DF,Toronto FC,25,1997,19.4,1433,58,533,649,261,16,1433,24,10,41.7,14,58.3,770,3281,1459,20,14,4,19,12,955,61,Matchs
622,Đorđe Petrović,rs SRB,GB,NE Revolution,23,1999,22.0,767,659,766,1,0,0,767,0,0,,0,,391,2281,1499,0,0,0,1,0,279,0,Matchs
623,Fafà Picault,ht HAI,"AT,MT",Nashville,31,1991,18.0,675,9,97,285,307,69,675,72,35,48.6,24,33.3,392,2434,1047,42,17,16,43,14,454,131,Matchs
624,Selmir Pidro,ba BIH,DF,St. Louis,24,1998,0.5,26,2,13,11,2,0,26,0,0,,0,,9,38,29,0,0,0,2,0,10,0,Matchs
625,Kayden Pierre,us USA,DF,Sporting KC,19,2003,0.1,8,1,1,3,4,0,8,2,0,0.0,0,0.0,4,35,26,1,1,0,0,0,5,2,Matchs
Clt,Joueur,Nation,Pos,Équipe,Âge,Naissance,90,Touches,SurfRépDéf,ZDéf,MilTer,ZOff,SurfRépOff,Action de jeu,Att,Succ,Succ%,Tkld,Tkld%,Balle au pied,TotDist,DistBut,PrgC,1/3,CSR,Manqué,Perte,Rec,PrgR,Matchs
626,Samuel Piette,ca CAN,MT,CF Montréal,28,1994,12.1,684,39,220,402,68,6,684,8,6,75.0,1,12.5,338,1223,483,2,5,0,9,3,416,7,Matchs
627,Mauricio Pineda,us USA,"DF,MT",Fire,25,1997,17.4,1003,109,514,437,56,15,1003,16,6,37.5,7,43.8,566,2570,1213,10,9,1,9,18,604,10,Matchs
628,Donovan Pines,us USA,DF,D.C. United,24,1998,20.5,1067,124,596,442,38,22,1067,7,5,71.4,1,14.3,510,1741,869,5,7,0,8,9,614,2,Matchs
629,Malik Pinto,us USA,MT,FC Cincinnati,20,2002,4.4,219,7,51,131,37,2,219,4,1,25.0,2,50.0,98,400,200,3,0,0,5,4,148,7,Matchs
630,Gabriel Pirani,br BRA,MT,D.C. United,20,2002,9.2,367,2,38,161,177,49,367,51,18,35.3,30,58.8,250,1728,831,24,16,17,25,17,285,59,Matchs
631,Rodolfo Pizarro,mx MEX,"MT,AT",Inter Miami,28,1994,10.3,591,5,53,278,268,33,591,30,19,63.3,8,26.7,433,2768,1078,36,26,11,29,29,456,72,Matchs
632,Matt Polster,us USA,"MT,DF",NE Revolution,29,1993,30.4,1952,94,578,1112,278,25,1952,34,23,67.6,10,29.4,1102,5877,2708,35,35,3,37,25,1310,51,Matchs
633,Célio Pompeu,br BRA,"AT,MT",St. Louis,23,1999,10.8,482,11,78,153,263,51,482,60,34,56.7,21,35.0,302,2439,1421,59,26,25,23,23,299,88,Matchs
634,Paxton Pomykal,us USA,MT,FC Dallas,23,1999,17.8,998,37,232,536,238,22,998,30,11,36.7,12,40.0,585,2960,1528,25,21,1,21,8,693,51,Matchs
635,Alvas Powell,jm JAM,DF,FC Cincinnati,28,1994,10.6,561,50,237,236,94,12,561,25,12,48.0,11,44.0,301,2000,992,21,11,3,21,13,322,26,Matchs
636,Jack Price,eng ENG,MT,Rapids,30,1992,0.4,35,0,7,21,7,0,35,0,0,,0,,12,68,16,0,0,0,0,0,21,0,Matchs
637,Ralph Priso-Mbongue,ca CAN,MT,Rapids,20,2002,11.5,511,22,126,296,97,2,511,15,9,60.0,4,26.7,277,1387,622,7,7,1,20,9,318,14,Matchs
638,Andrew Privett,us USA,DF,Charlotte,22,2000,11.6,764,68,373,352,45,10,764,0,0,,0,,501,2609,1469,5,3,0,15,1,539,4,Matchs
639,Kacper Przybyłko,pl POL,AT,Fire,29,1993,10.8,407,20,42,225,143,31,407,6,4,66.7,1,16.7,182,759,323,9,5,3,25,5,296,56,Matchs
640,Riqui Puig,es ESP,"MT,AT",LA Galaxy,23,1999,28.1,2554,9,294,1583,722,54,2552,149,92,61.7,42,28.2,1844,13663,6644,158,110,16,55,39,2192,116,Matchs
641,Teemu Pukki,fi FIN,AT,Minnesota Utd,32,1990,11.5,269,11,15,89,167,66,268,30,9,30.0,21,70.0,172,1069,450,17,9,10,20,13,181,64,Matchs
642,Alan Pulido,mx MEX,AT,Sporting KC,31,1991,24.5,1038,15,65,489,500,111,1034,82,32,39.0,45,54.9,663,3339,1179,38,39,19,66,46,807,134,Matchs
643,John Pulskamp,us USA,GB,Sporting KC,21,2001,5.0,136,117,135,1,0,0,136,0,0,,0,,70,317,178,0,0,0,0,0,58,0,Matchs
644,Facundo Quignon,ar ARG,MT,FC Dallas,29,1993,21.3,1335,63,357,811,172,23,1335,12,9,75.0,3,25.0,657,2377,955,10,14,3,13,19,893,12,Matchs
645,Nelson Quiñones,co COL,"AT,MT",Dynamo FC,20,2002,16.4,653,10,87,223,363,85,653,69,19,27.5,39,56.5,477,4059,1861,72,53,49,43,28,486,147,Matchs
646,Philip Quinton,us USA,DF,Crew,23,1999,10.4,741,100,364,365,17,6,741,5,5,100.0,0,0.0,448,2060,963,2,1,0,11,2,452,0,Matchs
647,Romell Quioto,hn HON,AT,CF Montréal,31,1991,8.9,311,9,19,133,161,41,310,22,10,45.5,10,45.5,197,1041,534,23,12,12,14,7,246,64,Matchs
648,Nemanja Radoja,rs SRB,MT,Sporting KC,29,1993,19.0,1103,23,241,747,132,8,1103,28,20,71.4,4,14.3,693,3664,1717,14,12,0,19,7,767,14,Matchs
649,Aleksandar Radovanović,rs SRB,DF,Austin,29,1993,3.9,279,22,131,134,15,5,279,1,0,0.0,1,100.0,175,848,512,0,2,0,2,1,198,0,Matchs
650,Jeremy Rafanello,us USA,MT,Philadelphia,22,2000,0.1,6,1,2,3,2,0,6,1,0,0.0,1,100.0,5,119,75,2,2,0,0,0,4,0,Matchs
Clt,Joueur,Nation,Pos,Équipe,Âge,Naissance,90,Touches,SurfRépDéf,ZDéf,MilTer,ZOff,SurfRépOff,Action de jeu,Att,Succ,Succ%,Tkld,Tkld%,Balle au pied,TotDist,DistBut,PrgC,1/3,CSR,Manqué,Perte,Rec,PrgR,Matchs
651,Jackson Ragen,us USA,DF,Seattle,24,1998,31.6,2109,276,1163,889,65,33,2109,6,3,50.0,2,33.3,1224,6185,2973,5,7,0,8,2,1453,7,Matchs
652,Brooklyn Raines,us USA,"MT,AT",Dynamo FC,17,2005,2.2,102,3,19,58,27,6,102,4,3,75.0,1,25.0,71,304,150,4,5,2,3,6,78,10,Matchs
653,Christian Ramirez,us USA,"AT,MT",Crew,31,1991,17.9,492,20,41,216,238,85,492,10,4,40.0,6,60.0,285,928,326,7,3,3,35,9,372,81,Matchs
654,Greg Ranjitsingh,tt TRI,GB,Toronto FC,29,1993,4.0,165,144,164,0,1,0,165,0,0,,0,,91,476,280,0,0,0,0,0,61,0,Matchs
655,Ryan Raposo,ca CAN,"DF,AT",Vancouver W'caps,23,1999,14.8,854,37,192,362,312,33,854,40,24,60.0,9,22.5,456,2885,1750,53,29,8,20,11,500,97,Matchs
656,Justin Rasmussen,us USA,DF,Portland Timbers,24,1998,3.7,197,17,81,87,29,3,197,0,0,,0,,74,381,246,4,5,0,3,0,91,5,Matchs
657,Sean Rea,ca CAN,"MT,AT",CF Montréal,20,2002,8.3,318,2,26,156,141,11,318,23,8,34.8,14,60.9,211,1211,555,16,13,2,13,19,243,53,Matchs
658,Matthew Real,us USA,"DF,MT",Philadelphia,23,1999,5.5,290,20,94,125,71,5,290,3,3,100.0,0,0.0,137,597,272,10,5,0,8,3,150,11,Matchs
659,Rodney Redes,py PAR,"MT,AT",Austin,22,2000,5.4,194,5,26,69,103,13,194,9,2,22.2,5,55.6,120,589,263,10,5,0,9,7,137,46,Matchs
660,Jayden Reid,us USA,MT,NY Red Bulls,21,2001,0.0,1,0,0,1,0,0,1,0,0,,0,,0,0,0,0,0,0,0,1,0,0,Matchs
661,Justin Rennicks,us USA,"AT,MT",NE Revolution,23,1999,4.3,145,8,26,40,80,10,145,14,5,35.7,7,50.0,88,760,271,12,3,5,11,6,104,35,Matchs
662,Andrés Reyes,co COL,DF,NY Red Bulls,23,1999,26.5,1463,111,588,777,108,47,1463,13,7,53.8,5,38.5,615,3121,1682,21,6,1,20,4,628,8,Matchs
663,Emanuel Reynoso,ar ARG,MT,Minnesota Utd,27,1995,15.2,1123,0,50,449,645,61,1121,134,68,50.7,57,42.5,749,4736,2379,77,58,20,56,46,810,113,Matchs
664,Spencer Richey,us USA,GB,Fire,30,1992,4.7,130,111,130,0,0,0,130,1,1,100.0,0,0.0,64,200,104,0,0,0,1,0,50,0,Matchs
665,Emiliano Rigoni,ar ARG,"AT,MT",Austin,29,1993,24.3,987,52,132,338,527,70,987,72,27,37.5,38,52.8,546,3362,1537,59,29,15,34,25,624,171,Matchs
666,Chris Rindov,us USA,DF,Sporting KC,21,2001,0.1,10,0,3,7,0,0,10,0,0,,0,,7,28,4,0,0,0,0,0,6,0,Matchs
667,Alexander Ring,fi FIN,"DF,MT",Austin,31,1991,23.9,1665,147,683,839,148,30,1665,9,6,66.7,2,22.2,1027,4758,2785,20,17,5,15,7,1171,40,Matchs
668,Birk Risa,no NOR,DF,NYCFC,24,1998,9.6,583,48,278,297,10,2,583,2,1,50.0,0,0.0,365,1833,1117,6,2,0,2,1,417,1,Matchs
669,Damien Rivera,cr CRC,"AT,MT",NE Revolution,20,2002,2.0,102,5,24,46,33,8,102,9,3,33.3,5,55.6,73,468,272,7,3,3,7,3,70,18,Matchs
670,Nigel Robertha,nl NED,"AT,MT",D.C. United,24,1998,3.4,96,0,2,41,54,11,96,11,6,54.5,4,36.4,72,545,191,8,2,0,7,9,85,27,Matchs
671,Miles Robinson,us USA,DF,Atlanta Utd,25,1997,26.3,1783,219,971,770,49,22,1783,7,5,71.4,1,14.3,1195,5731,3591,10,5,1,15,6,1288,2,Matchs
672,Robbie Robinson,us USA,"AT,MT",Inter Miami,24,1998,3.8,227,3,19,96,116,31,227,23,12,52.2,8,34.8,171,1438,914,31,19,16,14,4,188,47,Matchs
673,Rodrigues,br BRA,DF,SJ Earthquakes,25,1997,33.3,2118,394,1251,805,85,46,2118,45,37,82.2,4,8.9,1306,8365,5033,29,13,2,25,7,1337,8,Matchs
674,Abraham Rodriguez,us USA,GB,Rapids,20,2002,1.0,30,28,30,0,0,0,30,0,0,,0,,21,72,42,0,0,0,0,0,11,0,Matchs
675,Memo Rodriguez,us USA,"AT,MT",Austin,27,1995,2.7,94,4,21,27,46,4,94,5,4,80.0,1,20.0,46,261,159,4,2,1,6,1,45,14,Matchs
Clt,Joueur,Nation,Pos,Équipe,Âge,Naissance,90,Touches,SurfRépDéf,ZDéf,MilTer,ZOff,SurfRépOff,Action de jeu,Att,Succ,Succ%,Tkld,Tkld%,Balle au pied,TotDist,DistBut,PrgC,1/3,CSR,Manqué,Perte,Rec,PrgR,Matchs
676,Memo Rodriguez,us USA,"MT,AT",LA Galaxy,27,1995,7.4,363,9,50,145,175,19,363,17,11,64.7,6,35.3,222,1062,450,9,7,6,13,11,272,60,Matchs
677,Missael Rodriguez,us USA,AT,Fire,19,2003,0.2,10,1,6,3,1,0,10,0,0,,0,,2,15,12,1,0,0,0,0,4,0,Matchs
678,Santiago Rodríguez,uy URU,"MT,AT",NYCFC,23,2000,28.7,1606,16,156,820,667,70,1604,141,65,46.1,63,44.7,1024,6758,2882,90,67,23,71,74,1204,173,Matchs
679,Alex Roldan,sv SLV,DF,Seattle,26,1996,26.9,2033,67,431,957,657,33,2033,35,17,48.6,11,31.4,1085,4383,1981,33,29,8,26,15,1309,164,Matchs
680,Cristian Roldan,us USA,"AT,DF",Seattle,27,1995,13.9,730,29,104,325,309,49,730,30,15,50.0,13,43.3,375,1764,921,26,30,7,22,11,501,88,Matchs
681,Tomas Romero,sv SLV,GB,Toronto FC,22,2000,6.0,210,186,209,1,0,0,210,1,1,100.0,0,0.0,102,539,293,0,0,0,1,0,71,0,Matchs
682,David Romney,us USA,DF,NE Revolution,29,1993,34.0,2202,330,1259,894,54,21,2202,0,0,,0,,1163,4434,2046,3,3,0,6,4,1423,4,Matchs
683,Connor Ronan,ie IRL,MT,Rapids,24,1998,31.6,2203,52,524,1226,477,14,2201,49,27,55.1,20,40.8,1260,6373,3098,45,30,2,44,15,1538,53,Matchs
684,Eloy Room,cw CUW,GB,Crew,33,1989,3.0,100,90,99,1,0,0,100,0,0,,0,,57,286,145,0,0,0,0,0,41,0,Matchs
685,Joseph Rosales,hn HON,"AT,MT",Minnesota Utd,22,2000,12.1,635,19,129,265,248,23,635,34,18,52.9,10,29.4,358,2050,919,31,23,4,20,19,402,91,Matchs
686,Oriol Rosell,es ESP,MT,LA Galaxy,30,1992,9.4,697,29,190,433,76,3,697,4,4,100.0,0,0.0,382,1490,543,1,6,0,7,7,513,13,Matchs
687,Keegan Rosenberry,us USA,DF,Rapids,29,1993,25.2,1598,98,552,735,315,28,1598,27,12,44.4,10,37.0,813,3410,1663,24,28,5,19,9,957,106,Matchs
688,Daniel Rosero,co COL,DF,Sporting KC,29,1993,25.1,1645,229,922,691,40,26,1645,17,11,64.7,3,17.6,1000,4244,2211,3,3,0,13,0,1131,0,Matchs
689,Matheus Rossetto,br BRA,MT,Atlanta Utd,26,1996,20.3,1480,50,368,893,234,17,1480,30,21,70.0,9,30.0,918,4118,1774,24,22,0,23,17,1107,29,Matchs
690,Diego Rossi,uy URU,"MT,AT",Crew,24,1998,8.6,418,3,25,148,249,46,418,24,9,37.5,13,54.2,300,1875,918,35,23,15,23,9,336,76,Matchs
691,Sigurd Rosted,no NOR,DF,Toronto FC,28,1994,18.3,1032,170,600,417,20,8,1032,6,3,50.0,2,33.3,509,2079,807,1,4,1,6,3,676,0,Matchs
692,Paul Rothrock,us USA,AT,Seattle,24,1999,0.5,32,0,2,7,23,3,32,3,1,33.3,2,66.7,26,136,54,2,1,1,1,5,26,10,Matchs
693,Kelyn Rowe,us USA,DF,Seattle,31,1991,3.8,285,5,68,163,56,5,285,5,1,20.0,3,60.0,153,635,251,2,4,1,3,3,185,8,Matchs
694,Ruan,br BRA,"DF,MT",D.C. United,27,1995,15.8,743,49,179,271,305,42,743,31,12,38.7,16,51.6,357,3183,1518,43,35,12,16,8,374,104,Matchs
695,Rubio Rubin,gt GUA,"AT,MT",RSL,26,1996,14.4,424,9,25,219,183,51,424,25,11,44.0,12,48.0,248,1194,519,16,17,1,23,14,316,73,Matchs
696,Diego Rubio,cl CHI,"MT,AT",Rapids,29,1993,11.9,488,18,56,245,191,35,487,26,18,69.2,5,19.2,282,1411,642,21,10,10,18,13,377,60,Matchs
697,Raúl Ruidíaz,pe PER,AT,Seattle,32,1990,11.7,379,1,23,169,189,54,379,19,10,52.6,9,47.4,233,898,213,7,8,4,32,14,296,60,Matchs
698,David Ruiz,hn HON,MT,Inter Miami,18,2004,13.2,712,16,141,418,155,14,712,22,11,50.0,6,27.3,425,1713,721,9,17,1,22,22,524,29,Matchs
699,Pablo Ruíz,ar ARG,MT,RSL,24,1998,15.3,1064,22,223,652,203,5,1064,20,14,70.0,6,30.0,557,2536,1112,12,16,1,14,7,676,17,Matchs
700,Albert Rusnák,sk SVK,"MT,AT",Seattle,28,1994,29.1,1741,11,202,973,583,62,1741,43,26,60.5,14,32.6,1025,5450,2595,61,54,9,33,19,1319,95,Matchs
Clt,Joueur,Nation,Pos,Équipe,Âge,Naissance,90,Touches,SurfRépDéf,ZDéf,MilTer,ZOff,SurfRépOff,Action de jeu,Att,Succ,Succ%,Tkld,Tkld%,Balle au pied,TotDist,DistBut,PrgC,1/3,CSR,Manqué,Perte,Rec,PrgR,Matchs
701,Johnny Russell,sct SCO,AT,Sporting KC,32,1990,18.7,898,25,102,351,467,97,897,85,37,43.5,39,45.9,568,4591,2112,73,45,36,31,16,635,125,Matchs
702,Jacen Russell-Rowe,ca CAN,"AT,MT",Crew,20,2002,6.0,252,2,16,106,132,41,252,15,6,40.0,9,60.0,166,722,333,14,6,5,24,10,196,54,Matchs
703,Ryan Sailor,us USA,"DF,AT",Inter Miami,24,1998,3.4,139,42,92,47,1,1,139,0,0,,0,,72,344,162,0,0,0,1,0,69,0,Matchs
704,Nathan-Dylan Saliba,ca CAN,MT,CF Montréal,18,2004,19.7,966,21,205,558,215,14,966,39,26,66.7,11,28.2,532,2798,1337,28,17,1,35,13,614,46,Matchs
705,Abdi Salim,so SOM,DF,Orlando City,21,2001,1.6,64,9,31,25,8,1,64,0,0,,0,,27,122,41,0,1,0,1,1,30,0,Matchs
706,Dániel Sallói,hu HUN,AT,Sporting KC,26,1996,31.9,1418,25,124,428,884,159,1418,101,47,46.5,43,42.6,971,6237,2929,120,76,48,61,39,1091,306,Matchs
707,Gaoussou Samaké,ci CIV,"MT,DF",D.C. United,25,1997,4.0,212,9,63,75,75,9,212,7,2,28.6,5,71.4,107,456,174,5,4,2,8,0,123,29,Matchs
708,Ilie Sánchez,es ESP,MT,LAFC,32,1990,28.8,1849,68,466,1126,278,9,1849,15,9,60.0,4,26.7,1008,4338,2157,18,19,0,17,6,1215,22,Matchs
709,James Sands,us USA,"MT,DF",NYCFC,22,2000,24.1,1623,82,548,965,125,9,1623,16,10,62.5,3,18.8,873,4864,2517,15,17,2,21,8,1094,12,Matchs
710,William Sands,us USA,"DF,MT",Crew,22,2000,5.4,306,14,55,127,127,12,306,24,9,37.5,11,45.8,165,1001,562,17,9,4,11,1,180,53,Matchs
711,Jeong Sangbin,kr KOR,"AT,MT",Minnesota Utd,20,2002,10.7,373,2,42,127,213,39,372,26,13,50.0,13,50.0,215,1302,555,26,14,11,27,15,250,96,Matchs
712,Sergio Santos Gomes,br BRA,"AT,MT",FC Cincinnati,28,1994,10.0,379,8,33,136,213,71,379,29,7,24.1,21,72.4,223,1057,340,16,8,10,36,20,283,82,Matchs
713,Nuno Santos,pt POR,MT,Charlotte,23,1999,2.4,144,3,14,84,50,3,144,12,9,75.0,3,25.0,79,394,125,1,3,0,3,0,97,13,Matchs
714,Pedro Santos,pt POR,"DF,MT",D.C. United,34,1988,16.7,958,40,231,407,328,18,958,33,16,48.5,13,39.4,489,2303,1123,35,20,5,16,9,560,103,Matchs
715,Rafael Santos,br BRA,DF,Orlando City,24,1998,22.1,1439,72,487,641,327,9,1439,13,10,76.9,3,23.1,787,4046,2310,45,31,1,21,10,887,94,Matchs
716,C.J. Sapong,us USA,AT,Toronto FC,34,1988,14.1,363,18,45,160,168,44,363,22,11,50.0,7,31.8,205,1117,501,22,11,5,35,11,272,56,Matchs
717,C.J. Sapong,us USA,AT,Nashville,34,1988,4.2,136,4,8,66,64,11,136,2,1,50.0,0,0.0,65,312,120,2,5,0,6,1,99,23,Matchs
718,Hayden Sargis,us USA,DF,D.C. United,20,2002,0.2,7,2,5,2,0,0,7,0,0,,0,,6,41,2,0,0,0,0,0,5,0,Matchs
719,Jefferson Savarino,ve VEN,"MT,AT",RSL,26,1996,21.6,1063,4,89,434,555,74,1063,73,38,52.1,26,35.6,703,4518,2047,64,40,25,44,34,810,147,Matchs
720,Rodrigo Schlegel,ar ARG,DF,Orlando City,25,1997,21.9,1180,159,611,529,50,13,1180,5,4,80.0,1,20.0,622,3210,1764,9,9,0,6,3,716,3,Matchs
721,Tate Schmitt,us USA,DF,Dynamo FC,25,1997,4.4,286,5,72,137,80,6,286,4,2,50.0,1,25.0,183,1029,624,17,7,2,5,6,192,29,Matchs
722,Alessandro Schöpf,at AUT,MT,Vancouver W'caps,28,1994,19.7,953,32,172,512,279,36,953,30,14,46.7,12,40.0,543,2824,1356,32,27,3,39,20,652,65,Matchs
723,Patrick Schulte,us USA,GB,Crew,21,2001,31.0,1185,901,1161,23,1,1,1185,1,1,100.0,0,0.0,765,3565,1993,0,0,0,2,0,577,0,Matchs
724,Dante Sealy,us USA,"MT,DF",FC Dallas,19,2003,3.2,169,15,42,68,61,6,169,19,12,63.2,6,31.6,94,770,430,10,9,3,12,6,108,13,Matchs
725,Gabe Segal,us USA,AT,NYCFC,21,2001,4.6,168,3,14,90,64,15,168,3,0,0.0,0,0.0,74,246,87,1,1,0,8,1,118,32,Matchs
Clt,Joueur,Nation,Pos,Équipe,Âge,Naissance,90,Touches,SurfRépDéf,ZDéf,MilTer,ZOff,SurfRépOff,Action de jeu,Att,Succ,Succ%,Tkld,Tkld%,Balle au pied,TotDist,DistBut,PrgC,1/3,CSR,Manqué,Perte,Rec,PrgR,Matchs
726,Amar Sejdic,us USA,MT,Atlanta Utd,26,1996,11.8,598,11,117,376,109,8,598,5,4,80.0,1,20.0,343,1552,524,4,8,0,15,2,410,12,Matchs
727,Brandon Servania,us USA,"MT,AT",Toronto FC,23,1999,18.9,999,32,229,506,277,25,999,25,15,60.0,7,28.0,532,2335,1105,22,18,3,34,27,686,51,Matchs
728,Jacob Shaffelburg,ca CAN,"AT,MT",Nashville,23,1999,14.6,501,9,72,189,250,60,501,33,19,57.6,13,39.4,284,2041,1010,45,20,17,26,14,320,125,Matchs
729,Xherdan Shaqiri,ch SUI,MT,Fire,31,1991,22.8,1263,8,148,629,497,38,1262,43,20,46.5,20,46.5,843,3969,1548,39,31,11,55,46,991,126,Matchs
730,Billy Sharp,eng ENG,AT,LA Galaxy,36,1986,7.9,170,10,14,76,81,40,169,3,2,66.7,1,33.3,114,622,217,15,1,7,21,9,129,35,Matchs
731,Khiry Shelton,us USA,"AT,MT",Sporting KC,29,1993,9.4,417,12,74,172,182,19,417,29,16,55.2,10,34.5,261,1528,654,17,15,3,30,18,283,72,Matchs
732,Andre Shinyashiki,br BRA,"MT,AT",Charlotte,27,1995,2.1,110,0,16,53,44,10,110,8,3,37.5,4,50.0,68,369,142,2,3,1,5,8,76,13,Matchs
733,Marcelo Silva,uy URU,DF,RSL,33,1989,16.0,882,95,504,363,22,18,882,1,0,0.0,1,100.0,482,2041,885,1,1,0,3,0,573,0,Matchs
734,Xande Silva,pt POR,AT,Atlanta Utd,25,1997,7.1,339,7,31,156,157,32,339,34,17,50.0,15,44.1,242,1671,941,29,10,14,8,9,268,66,Matchs
735,Jonathan Sirois,ca CAN,GB,CF Montréal,21,2001,32.1,1182,938,1170,13,0,0,1182,0,0,,0,,669,3386,1932,0,0,0,0,0,495,0,Matchs
736,Pablo Sisniega,mx MEX,GB,Charlotte,27,1995,3.0,77,68,77,0,0,0,77,0,0,,0,,35,174,103,0,0,0,0,1,32,0,Matchs
737,Jack Skahan,us USA,"AT,MT",SJ Earthquakes,24,1998,4.0,156,6,33,65,60,9,156,17,8,47.1,9,52.9,100,697,316,10,5,3,13,8,114,17,Matchs
738,Brad Smith,au AUS,"DF,AT",Dynamo FC,28,1994,5.3,281,17,65,93,125,12,281,7,1,14.3,6,85.7,133,570,288,15,4,5,5,4,169,46,Matchs
739,Collin Smith,us USA,"DF,MT",FC Dallas,19,2003,1.2,34,3,11,18,6,1,34,1,0,0.0,1,100.0,19,130,10,0,1,1,1,1,20,3,Matchs
740,Kyle Smith,us USA,DF,Orlando City,31,1992,16.6,1057,57,400,446,217,11,1057,13,4,30.8,5,38.5,564,2652,1350,20,25,0,11,11,644,49,Matchs
741,Jan Sobociński,pl POL,DF,Charlotte,23,1999,7.2,490,63,256,227,10,4,490,1,0,0.0,1,100.0,271,1235,647,1,2,1,4,1,327,0,Matchs
742,Santiago Sosa,ar ARG,MT,Atlanta Utd,23,1999,10.2,695,40,183,420,96,13,695,9,3,33.3,6,66.7,370,1590,685,8,9,0,7,5,476,8,Matchs
743,Arnaud Souquet,fr FRA,DF,Fire,30,1992,20.3,1153,67,348,544,276,15,1153,36,19,52.8,15,41.7,572,3380,1770,55,27,5,30,12,662,88,Matchs
744,Ryan Spaulding,us USA,DF,NE Revolution,24,1998,6.9,440,22,116,221,108,12,440,13,9,69.2,2,15.4,260,1526,789,18,8,5,12,7,283,27,Matchs
745,Dayne St. Clair,ca CAN,GB,Minnesota Utd,25,1997,30.0,984,857,980,3,1,1,984,0,0,,0,,530,2765,1472,0,0,0,1,0,390,0,Matchs
746,Mason Stajduhar,us USA,GB,Orlando City,25,1997,4.0,122,108,122,0,0,0,122,1,1,100.0,0,0.0,65,415,250,0,0,0,1,0,29,0,Matchs
747,Nicolás Stefanelli,ar ARG,"AT,MT",Inter Miami,28,1994,14.8,736,6,67,369,313,51,736,48,20,41.7,24,50.0,520,3045,1321,37,35,11,43,21,564,107,Matchs
748,Lazar Stefanovic,ca CAN,DF,Toronto FC,16,2006,0.9,40,12,23,15,2,0,40,0,0,,0,,17,88,29,0,1,0,1,0,18,0,Matchs
749,Daniel Steres,us USA,DF,Dynamo FC,32,1990,20.7,1154,92,505,520,134,22,1154,7,6,85.7,1,14.3,578,2239,1169,8,4,1,9,4,682,10,Matchs
750,Benjamin Stitz,us USA,AT,FC Cincinnati,22,2000,0.2,9,0,0,5,4,0,9,0,0,,0,,3,4,0,0,0,0,3,1,7,4,Matchs
Clt,Joueur,Nation,Pos,Équipe,Âge,Naissance,90,Touches,SurfRépDéf,ZDéf,MilTer,ZOff,SurfRépOff,Action de jeu,Att,Succ,Succ%,Tkld,Tkld%,Balle au pied,TotDist,DistBut,PrgC,1/3,CSR,Manqué,Perte,Rec,PrgR,Matchs
751,Jared Stroud,us USA,"MT,AT",St. Louis,26,1996,21.9,940,21,173,401,389,68,940,32,12,37.5,18,56.3,526,3458,1444,50,27,10,55,16,551,143,Matchs
752,Peter Stroud,us USA,MT,NY Red Bulls,20,2002,11.3,602,10,103,381,128,12,602,20,14,70.0,3,15.0,280,1852,804,18,14,4,20,9,365,25,Matchs
753,Brad Stuver,us USA,GB,Austin,31,1991,34.0,1493,1225,1462,32,0,0,1493,3,3,100.0,0,0.0,819,4144,2566,0,0,0,2,0,691,0,Matchs
754,Yekeson Subah,lr LBR,AT,LAFC,18,2004,0.2,5,0,1,1,3,2,5,1,0,0.0,1,100.0,3,38,3,0,0,1,1,1,2,1,Matchs
755,Quinn Sullivan,us USA,"AT,MT",Philadelphia,18,2004,7.7,303,5,31,108,169,24,303,13,6,46.2,5,38.5,191,1075,433,16,11,6,25,10,208,57,Matchs
756,Lawson Sunderland,us USA,"MT,AT",Inter Miami,21,2001,0.7,41,3,10,19,13,0,41,1,1,100.0,0,0.0,25,117,39,2,1,0,3,0,31,5,Matchs
757,Sam Surridge,eng ENG,AT,Nashville,24,1998,5.5,158,8,25,75,59,19,158,5,2,40.0,3,60.0,81,554,261,10,4,5,10,3,119,25,Matchs
758,Erik Sviatchenko,dk DEN,DF,Dynamo FC,31,1991,15.0,836,132,447,333,62,30,836,9,3,33.3,6,66.7,507,2149,1208,8,2,1,10,1,570,6,Matchs
759,Ben Sweat,us USA,DF,NE Revolution,31,1991,3.7,222,18,78,103,46,4,222,8,4,50.0,4,50.0,97,530,296,9,4,1,2,3,122,11,Matchs
760,Ben Sweat,us USA,DF,Sporting KC,31,1991,3.5,258,13,82,121,58,0,258,6,4,66.7,2,33.3,139,725,402,10,7,0,4,1,165,15,Matchs
761,Karol Świderski,pl POL,"AT,MT",Charlotte,26,1997,26.8,1047,20,66,483,507,112,1043,58,20,34.5,33,56.9,603,2688,1008,32,24,15,62,29,782,165,Matchs
762,Nkosi Tafari,us USA,DF,FC Dallas,25,1997,27.7,1826,305,1005,774,54,29,1826,7,5,71.4,2,28.6,1130,4786,2546,10,10,0,12,3,1250,7,Matchs
763,Ismael Tajouri-Shradi,ly LBY,AT,Minnesota Utd,28,1994,3.9,210,3,27,86,102,15,210,18,9,50.0,6,33.3,147,910,571,16,11,3,8,6,154,25,Matchs
764,Yohei Takaoka,jp JPN,GB,Vancouver W'caps,26,1996,33.0,1045,869,1042,3,0,0,1045,0,0,,0,,573,2867,1457,0,0,0,2,0,495,0,Matchs
765,Miguel Tapias,mx MEX,DF,Minnesota Utd,26,1997,31.8,1804,265,1113,658,41,19,1804,1,1,100.0,0,0.0,987,5088,3081,10,9,0,9,2,1108,0,Matchs
766,Andrew Tarbell,us USA,GB,Dynamo FC,29,1993,1.0,26,26,26,0,0,0,26,0,0,,0,,16,58,52,0,0,0,0,0,11,0,Matchs
767,Sidnei Tavares,pt POR,MT,Rapids,21,2001,3.3,129,1,24,74,35,1,129,13,6,46.2,4,30.8,85,712,331,6,7,0,4,1,103,7,Matchs
768,D.J. Taylor,us USA,DF,Minnesota Utd,25,1997,27.9,1706,104,530,665,520,51,1706,19,6,31.6,11,57.9,776,3487,1653,46,33,5,13,9,947,162,Matchs
769,Robert Taylor,fi FIN,"AT,DF",Inter Miami,28,1994,16.2,937,11,141,365,444,32,937,40,15,37.5,23,57.5,584,3275,1517,49,36,8,32,14,671,149,Matchs
770,Russell Teibert,ca CAN,MT,Vancouver W'caps,30,1992,1.7,85,1,15,50,21,3,85,1,0,0.0,0,0.0,47,175,67,2,2,0,1,0,61,7,Matchs
771,Carlos Terán,co COL,DF,Fire,22,2000,17.5,1092,153,623,406,71,17,1092,9,8,88.9,0,0.0,532,2387,1213,8,6,4,9,6,637,6,Matchs
772,Dylan Teves,us USA,AT,Seattle,22,2000,4.3,201,3,20,77,104,24,201,9,4,44.4,4,44.4,115,549,212,10,3,2,9,11,164,48,Matchs
773,Thiago,br BRA,"AT,MT",NYCFC,22,2000,1.5,65,3,10,38,19,3,65,5,4,80.0,1,20.0,46,231,42,1,1,1,7,7,49,12,Matchs
774,Jamal Thiaré,sn SEN,AT,Atlanta Utd,29,1993,0.6,15,1,1,7,7,2,15,0,0,,0,,6,41,17,1,0,0,1,0,10,3,Matchs
775,Erik Thommy,de GER,"MT,AT",Sporting KC,28,1994,28.7,1699,23,191,753,783,89,1698,98,50,51.0,36,36.7,1104,7146,3458,110,68,35,52,44,1267,166,Matchs
Clt,Joueur,Nation,Pos,Équipe,Âge,Naissance,90,Touches,SurfRépDéf,ZDéf,MilTer,ZOff,SurfRépOff,Action de jeu,Att,Succ,Succ%,Tkld,Tkld%,Balle au pied,TotDist,DistBut,PrgC,1/3,CSR,Manqué,Perte,Rec,PrgR,Matchs
776,Kosi Thompson,ca CAN,"MT,AT",Toronto FC,20,2003,6.5,312,18,84,178,53,12,312,8,2,25.0,5,62.5,175,703,268,4,3,0,9,12,205,11,Matchs
777,Tommy Thompson,us USA,"MT,DF",SJ Earthquakes,27,1995,3.9,228,15,61,86,82,20,228,9,6,66.7,2,22.2,114,482,176,6,3,2,8,6,139,23,Matchs
778,Timmy Tillman,de GER,MT,LAFC,24,1999,18.3,1020,28,150,579,305,31,1020,61,31,50.8,25,41.0,646,3164,1525,32,27,8,25,21,701,59,Matchs
779,John Tolkin,us USA,DF,NY Red Bulls,20,2002,26.4,1768,55,463,820,507,32,1767,40,15,37.5,20,50.0,865,5147,2361,54,38,10,29,15,934,86,Matchs
780,Nouhou Tolo,cm CMR,DF,Seattle,25,1997,22.8,1529,86,486,854,215,12,1529,43,29,67.4,7,16.3,836,5048,3030,52,31,3,16,13,917,29,Matchs
781,Facundo Torres,uy URU,"AT,MT",Orlando City,22,2000,26.3,1316,13,103,529,702,107,1311,110,40,36.4,59,53.6,893,5636,2759,96,82,23,50,22,1033,259,Matchs
782,Jairo Torres,mx MEX,"MT,AT",Fire,22,2000,8.5,434,12,79,212,148,28,434,38,16,42.1,16,42.1,264,1521,750,25,15,5,20,12,315,51,Matchs
783,Joaquín Torres,ar ARG,"MT,AT",Philadelphia,26,1997,3.9,193,0,16,78,103,18,193,29,14,48.3,13,44.8,132,705,236,10,6,4,10,15,147,32,Matchs
784,Mason Toye,us USA,AT,CF Montréal,24,1998,7.5,220,3,4,106,113,15,220,17,9,52.9,8,47.1,136,629,125,7,6,1,19,6,172,46,Matchs
785,Wil Trapp,us USA,MT,Minnesota Utd,30,1993,26.9,1617,63,426,945,255,10,1617,16,13,81.3,3,18.8,904,3818,1683,17,27,1,21,13,1065,17,Matchs
786,Miguel Trauco,pe PER,DF,SJ Earthquakes,30,1992,22.3,1501,58,523,707,289,9,1501,32,13,40.6,18,56.3,836,3356,1718,23,18,2,14,13,957,41,Matchs
787,Niko Tsakiris,us USA,MT,SJ Earthquakes,17,2005,6.8,458,9,74,254,132,15,458,22,8,36.4,10,45.5,303,1501,676,15,17,4,13,10,352,20,Matchs
788,Bill Tuiloma,nz NZL,DF,Charlotte,27,1995,15.0,961,116,522,417,29,5,961,3,1,33.3,0,0.0,447,1779,829,2,4,0,5,0,617,3,Matchs
789,Stephen Turnbull,us USA,"DF,MT",NYCFC,24,1998,5.4,297,15,77,128,93,9,297,10,6,60.0,4,40.0,131,615,284,10,6,2,6,5,166,35,Matchs
790,Ema Twumasi,gh GHA,DF,FC Dallas,25,1997,17.5,1028,62,330,481,234,17,1028,30,21,70.0,5,16.7,567,3105,1702,44,30,7,22,13,624,59,Matchs
791,Marinos Tzionis,cy CYP,"AT,MT",Sporting KC,21,2001,8.1,393,7,36,137,224,20,393,44,19,43.2,19,43.2,261,1715,696,21,18,5,26,11,284,75,Matchs
792,Mikael Uhre,dk DEN,AT,Philadelphia,28,1994,23.8,667,19,41,248,384,114,667,27,3,11.1,19,70.4,373,1980,844,44,16,21,61,20,479,170,Matchs
793,Þorleifur Úlfarsson,is ISL,"AT,MT",Dynamo FC,22,2000,5.3,139,4,7,53,79,32,139,6,1,16.7,5,83.3,77,301,121,5,0,4,8,3,100,35,Matchs
794,Victor Ulloa,us USA,MT,Inter Miami,30,1992,1.8,104,5,36,61,7,0,104,3,2,66.7,1,33.3,54,169,81,1,0,0,4,1,72,2,Matchs
795,Jere Uronen,fi FIN,DF,Charlotte,28,1994,6.8,399,19,109,186,105,7,399,2,1,50.0,1,50.0,171,713,355,6,0,1,3,2,212,19,Matchs
796,Maximiliano Urruti,ar ARG,AT,Austin,31,1991,10.8,223,2,25,94,106,35,223,17,8,47.1,6,35.3,129,613,305,11,7,6,21,8,133,29,Matchs
797,Júnior Urso,br BRA,"MT,AT",Orlando City,33,1989,2.8,149,4,38,81,34,3,149,5,4,80.0,1,20.0,86,362,106,1,2,1,7,3,107,7,Matchs
798,Leo Väisänen,fi FIN,DF,Austin,25,1997,19.6,1324,169,690,603,38,23,1324,5,4,80.0,1,20.0,783,3122,1726,4,3,0,7,3,916,0,Matchs
799,Jhojan Valencia,co COL,MT,Austin,26,1996,15.9,904,41,269,532,113,6,904,17,13,76.5,3,17.6,474,1818,766,5,12,1,21,12,572,11,Matchs
800,Zarek Valentin,pr PUR,DF,Minnesota Utd,31,1991,14.7,772,53,257,356,162,3,772,4,2,50.0,2,50.0,374,1348,742,16,9,2,6,5,406,47,Matchs
Clt,Joueur,Nation,Pos,Équipe,Âge,Naissance,90,Touches,SurfRépDéf,ZDéf,MilTer,ZOff,SurfRépOff,Action de jeu,Att,Succ,Succ%,Tkld,Tkld%,Balle au pied,TotDist,DistBut,PrgC,1/3,CSR,Manqué,Perte,Rec,PrgR,Matchs
801,Gerardo Valenzuela,us USA,MT,FC Cincinnati,18,2004,0.1,7,1,3,4,0,0,7,0,0,,0,,2,22,17,0,0,0,0,0,3,0,Matchs
802,Gustavo Vallecilla,ec ECU,DF,Crew,23,1999,9.4,695,37,243,408,52,5,695,8,6,75.0,2,25.0,456,2530,1505,11,11,1,13,3,482,5,Matchs
803,Dante Vanzeir,be BEL,"AT,MT",NY Red Bulls,24,1998,8.3,260,5,15,89,159,34,260,13,8,61.5,5,38.5,160,899,442,20,11,8,22,11,189,71,Matchs
804,Kerwin Vargas,co COL,"AT,MT",Charlotte,21,2002,16.5,880,16,100,376,411,36,880,51,25,49.0,20,39.2,534,2715,1157,47,32,8,26,11,655,171,Matchs
805,Marlon Vargas,sv SLV,MT,Rapids,22,2001,0.1,9,0,0,9,0,0,9,0,0,,0,,7,53,26,1,0,0,0,0,8,0,Matchs
806,Obed Vargas,us USA,MT,Seattle,17,2005,14.7,838,26,166,505,175,14,838,14,6,42.9,4,28.6,492,2395,1013,15,23,2,17,11,601,32,Matchs
807,Indiana Vassilev,us USA,MT,St. Louis,21,2001,23.5,1014,18,148,504,382,23,1014,56,21,37.5,33,58.9,568,3802,1759,49,49,13,33,26,608,71,Matchs
808,Brandon Vazquez,us USA,AT,FC Cincinnati,24,1998,26.4,903,19,84,401,431,116,902,52,24,46.2,21,40.4,566,2808,1004,41,30,15,80,39,733,163,Matchs
809,Víctor Vázquez,es ESP,"MT,AT",Toronto FC,36,1987,2.7,236,7,45,131,62,1,236,9,4,44.4,3,33.3,137,620,165,4,2,0,5,2,176,7,Matchs
810,Carlos Vela,mx MEX,AT,LAFC,33,1989,23.0,1134,7,61,453,633,80,1129,51,20,39.2,25,49.0,696,3547,1384,38,34,11,54,27,797,179,Matchs
811,Alan Velasco,ar ARG,"AT,MT",FC Dallas,20,2002,25.1,1267,11,142,577,573,58,1267,132,70,53.0,47,35.6,848,5905,2908,98,69,24,78,42,893,140,Matchs
812,Brayan Vera,co COL,DF,RSL,24,1999,22.7,1411,167,752,569,107,13,1411,21,13,61.9,5,23.8,786,4024,2291,21,22,1,20,6,885,8,Matchs
813,Ranko Veselinović,rs SRB,DF,Vancouver W'caps,23,1999,31.4,2016,330,1197,752,76,45,2016,8,7,87.5,0,0.0,1208,6428,3243,6,8,0,12,3,1475,7,Matchs
814,Jules-Anthony Vilsaint,ca CAN,AT,CF Montréal,20,2003,4.6,119,2,6,47,66,25,119,7,2,28.6,5,71.4,82,510,266,11,5,5,10,9,89,28,Matchs
815,Pedro Vite,ec ECU,"MT,AT",Vancouver W'caps,20,2002,23.9,1391,20,184,794,430,52,1391,51,16,31.4,30,58.8,818,3514,1494,35,35,4,38,17,1007,124,Matchs
816,Gino Vivi,cr CRC,"MT,DF",LA Galaxy,22,2000,0.9,46,0,10,23,14,1,46,4,3,75.0,1,25.0,28,189,101,4,2,1,0,1,34,6,Matchs
817,Robert Voloder,ba BIH,DF,Sporting KC,21,2001,11.4,797,68,365,357,80,6,797,19,11,57.9,6,31.6,475,2475,1361,18,10,2,5,4,513,11,Matchs
818,Giacomo Vrioni,al ALB,AT,NE Revolution,24,1998,14.6,350,19,32,179,143,53,350,17,9,52.9,6,35.3,168,1028,533,16,11,9,39,16,241,51,Matchs
819,Kai Wagner,de GER,DF,Philadelphia,25,1997,27.1,1908,82,564,817,544,14,1908,20,9,45.0,8,40.0,857,4006,1936,43,48,2,13,4,971,96,Matchs
820,Rémi Walter,fr FRA,MT,Sporting KC,27,1995,30.4,1646,58,294,1025,356,21,1646,30,16,53.3,8,26.7,1000,4284,1886,32,37,5,25,22,1112,50,Matchs
821,Victor Wanyama,ke KEN,MT,CF Montréal,31,1991,19.9,1008,36,218,681,122,6,1008,32,15,46.9,12,37.5,552,2799,1228,11,18,1,14,15,641,16,Matchs
822,Taylor Washington,us USA,"DF,MT",Nashville,29,1993,5.4,314,19,106,130,81,7,314,2,0,0.0,1,50.0,164,749,396,11,6,1,5,2,185,18,Matchs
823,Joel Waterman,ca CAN,DF,CF Montréal,27,1996,26.4,1969,207,963,916,104,10,1969,10,9,90.0,1,10.0,1183,5830,3104,18,15,0,14,5,1277,13,Matchs
824,Akil Watts,us USA,"DF,MT",St. Louis,22,2000,9.8,501,26,133,236,142,6,501,7,4,57.1,2,28.6,211,1114,573,17,20,1,11,9,237,27,Matchs
825,Quentin Westberg,us USA,GB,Atlanta Utd,36,1986,5.5,213,176,213,0,0,0,213,1,0,0.0,1,100.0,139,587,337,0,0,0,1,0,127,0,Matchs
Clt,Joueur,Nation,Pos,Équipe,Âge,Naissance,90,Touches,SurfRépDéf,ZDéf,MilTer,ZOff,SurfRépOff,Action de jeu,Att,Succ,Succ%,Tkld,Tkld%,Balle au pied,TotDist,DistBut,PrgC,1/3,CSR,Manqué,Perte,Rec,PrgR,Matchs
826,Ashley Westwood,eng ENG,MT,Charlotte,32,1990,28.1,1793,58,358,986,458,27,1793,16,8,50.0,5,31.3,944,3662,1606,19,27,3,27,16,1294,67,Matchs
827,Brian White,us USA,AT,Vancouver W'caps,26,1996,28.2,880,29,46,391,444,180,880,30,12,40.0,17,56.7,464,1646,578,21,15,13,76,21,662,178,Matchs
828,Caleb Wiley,us USA,"DF,AT",Atlanta Utd,18,2004,25.9,1465,55,446,650,386,60,1465,36,15,41.7,18,50.0,841,4635,2475,61,36,17,42,19,961,146,Matchs
829,Derrick Williams,ie IRL,DF,D.C. United,30,1993,20.5,1257,161,693,491,85,26,1257,5,4,80.0,1,20.0,720,3374,2190,7,10,0,11,1,820,5,Matchs
830,Eryk Williamson,us USA,MT,Portland Timbers,25,1997,5.9,296,6,57,156,85,9,296,25,12,48.0,10,40.0,136,731,419,12,7,4,12,9,163,17,Matchs
831,Joe Willis,us USA,GB,Nashville,34,1988,32.0,1007,882,994,13,0,0,1007,1,1,100.0,0,0.0,511,2819,1736,0,0,0,2,0,390,0,Matchs
832,Danny Wilson,sct SCO,DF,Rapids,31,1991,25.7,1509,219,845,629,45,23,1509,3,3,100.0,0,0.0,847,3938,2258,5,7,1,6,1,1011,0,Matchs
833,Owen Wolff,us USA,MT,Austin,18,2004,20.9,917,43,217,488,224,23,917,48,26,54.2,17,35.4,530,2851,1430,31,21,5,28,13,610,51,Matchs
834,Tyler Wolff,us USA,"AT,MT",Atlanta Utd,19,2003,7.2,283,3,47,132,109,29,283,20,9,45.0,9,45.0,175,794,391,14,4,6,19,7,184,43,Matchs
835,Bobby Wood,us USA,AT,NE Revolution,30,1992,16.5,460,16,32,218,213,56,460,29,11,37.9,16,55.2,248,957,304,10,9,8,47,25,361,87,Matchs
836,Karifa Yao,ca CAN,MT,Vancouver W'caps,22,2000,0.0,0,0,0,0,0,0,0,0,0,,0,,0,0,0,0,0,0,0,0,0,0,Matchs
837,Darren Yapi,us USA,"AT,MT",Rapids,18,2004,9.9,303,12,30,145,134,35,303,45,18,40.0,22,48.9,167,905,283,11,7,9,37,17,211,46,Matchs
838,William Yarbrough,us USA,GB,Rapids,33,1989,20.0,710,624,707,4,0,0,710,3,2,66.7,0,0.0,353,1962,1129,0,0,0,0,0,277,0,Matchs
839,Joshua Yaro,gh GHA,DF,St. Louis,28,1994,10.1,541,71,295,227,20,0,541,1,1,100.0,0,0.0,264,1272,702,3,3,1,2,2,275,1,Matchs
840,Dru Yearwood,eng ENG,MT,NY Red Bulls,22,2000,9.2,417,9,58,207,157,20,417,28,13,46.4,15,53.6,228,1316,538,16,9,2,20,8,254,29,Matchs
841,Yaw Yeboah,gh GHA,"DF,MT",Crew,25,1997,22.0,1273,16,151,496,634,84,1273,76,29,38.2,32,42.1,845,4218,2306,70,37,27,37,18,888,241,Matchs
842,DeAndre Yedlin,us USA,DF,Inter Miami,29,1993,25.8,1602,89,462,714,437,26,1602,26,12,46.2,10,38.5,787,3035,1643,37,31,4,28,4,959,127,Matchs
843,Maya Yoshida,jp JPN,DF,LA Galaxy,34,1988,12.0,859,140,505,336,21,13,859,2,1,50.0,1,50.0,492,1926,830,0,1,0,4,1,609,1,Matchs
844,Jackson Yueill,us USA,MT,SJ Earthquakes,25,1997,30.2,2079,65,446,1269,387,24,2079,54,34,63.0,15,27.8,1350,6576,3425,32,37,1,37,24,1590,49,Matchs
845,Gyasi Zardes,us USA,AT,Austin,31,1991,16.3,411,18,55,187,173,61,411,29,13,44.8,14,48.3,230,1034,363,15,7,7,33,20,301,62,Matchs
846,Eriq Zavaleta,sv SLV,DF,LA Galaxy,30,1992,5.4,321,36,204,108,9,6,321,1,1,100.0,0,0.0,191,760,309,1,0,0,1,0,236,0,Matchs
847,Sean Zawadzki,us USA,"DF,MT",Crew,22,2000,17.5,1204,79,437,656,118,16,1204,16,9,56.3,5,31.3,742,3732,2150,18,20,2,16,12,852,8,Matchs
848,Lucas Zelarayán,am ARM,"MT,AT",Crew,30,1992,18.9,1271,7,70,557,665,71,1269,132,73,55.3,42,31.8,822,4724,2256,79,62,13,53,41,976,140,Matchs
849,Walker Zimmerman,us USA,DF,Nashville,29,1993,20.5,1290,201,705,528,64,40,1290,3,3,100.0,0,0.0,678,2519,1161,0,1,0,5,2,804,17,Matchs
850,Rida Zouhir,ca CAN,"MT,AT",CF Montréal,19,2003,2.5,117,2,25,77,18,1,117,7,3,42.9,4,57.1,66,306,129,4,1,0,0,3,76,5,Matchs
Clt,Joueur,Nation,Pos,Équipe,Âge,Naissance,90,Touches,SurfRépDéf,ZDéf,MilTer,ZOff,SurfRépOff,Action de jeu,Att,Succ,Succ%,Tkld,Tkld%,Balle au pied,TotDist,DistBut,PrgC,1/3,CSR,Manqué,Perte,Rec,PrgR,Matchs
851,Ethan Zubak,us USA,AT,Nashville,24,1998,1.6,75,5,14,31,33,5,75,5,1,20.0,3,60.0,38,250,94,3,3,1,3,2,54,14,Matchs
852,Dario Župarić,ba BIH,DF,Portland Timbers,30,1992,31.0,1480,162,738,689,62,20,1480,5,3,60.0,0,0.0,785,3879,1951,9,3,1,10,2,851,6,Matchs
853,Graham Zusi,us USA,DF,Sporting KC,36,1986,9.6,762,31,221,367,184,7,762,12,9,75.0,3,25.0,438,2225,1143,21,23,1,11,8,457,36,Matchs
854,Nökkvi Þórisson,is ISL,"AT,MT",St. Louis,23,1999,3.0,127,6,22,54,53,7,127,9,3,33.3,4,44.4,71,532,253,7,6,0,11,2,78,16,Matchs
855,Róbert Þorkelsson,is ISL,DF,CF Montréal,20,2002,2.5,161,11,64,78,19,0,161,0,0,,0,,84,371,224,3,0,0,2,5,89,2,Matchs
Clt,Joueur,Nation,Pos,Équipe,Âge,Naissance,90,Touches,SurfRépDéf,ZDéf,MilTer,ZOff,SurfRépOff,Action de jeu,Att,Succ,Succ%,Tkld,Tkld%,Balle au pied,TotDist,DistBut,PrgC,1/3,CSR,Manqué,Perte,Rec,PrgR,Matchs
1,Max Aarons,eng ENG,DF,Norwich City,22,2000,42.8,3000,100,921,1270,840,71,3000,148,53,35.8,61,41.2,1778,13126,6590,165,96,27,68,36,1908,216,Matchs
2,Thelo Aasgaard,no NOR,"AT,MT",Wigan Athletic,20,2002,17.6,769,34,160,349,271,32,769,46,16,34.8,20,43.5,446,2923,1268,48,33,7,39,17,486,79,Matchs
3,Nelson Abbey,eng ENG,DF,Reading,18,2003,0.2,12,2,5,6,1,0,12,0,0,,0,,3,11,10,0,0,0,0,0,2,0,Matchs
4,Kelvin Abrefa,eng ENG,"MT,DF",Reading,18,2003,1.4,54,2,20,19,15,1,54,2,1,50.0,1,50.0,21,122,52,1,0,0,3,2,21,1,Matchs
5,Finlay Adair,eng ENG,"AT,MT",Preston,17,2005,0.7,13,0,0,6,7,0,13,1,0,0.0,1,100.0,8,15,5,0,0,0,2,1,9,3,Matchs
6,Elijah Adebayo,eng ENG,AT,Luton Town,24,1998,35.7,1231,65,124,413,703,187,1230,152,42,27.6,95,62.5,718,4011,1242,59,36,40,148,97,917,270,Matchs
7,Toby Adeyemo,eng ENG,"MT,AT",Watford,17,2005,1.1,22,0,1,8,13,6,22,1,0,0.0,0,0.0,13,140,56,3,3,0,1,3,16,4,Matchs
8,Albert Adomah,gh GHA,"AT,MT",QPR,34,1987,14.1,596,18,97,189,320,35,596,33,16,48.5,17,51.5,312,2347,922,42,27,8,36,15,351,109,Matchs
9,Michael Adu-Poku,eng ENG,AT,Watford,16,2005,0.1,5,0,3,2,0,0,5,0,0,,0,,1,7,0,0,0,0,1,0,2,0,Matchs
10,Benik Afobe,cd COD,AT,Millwall,29,1993,10.3,303,7,15,126,167,47,302,16,6,37.5,8,50.0,158,885,343,16,9,10,35,9,222,51,Matchs
11,Anel Ahmedhodžić,ba BIH,DF,Sheffield Utd,23,1999,31.8,1719,133,647,757,327,61,1719,28,10,35.7,15,53.6,777,5168,3132,70,60,1,28,17,934,55,Matchs
12,Semi Ajayi,ng NGA,DF,West Brom,28,1993,16.2,1033,100,526,469,43,21,1033,5,2,40.0,2,40.0,551,2818,1585,11,11,0,10,1,657,3,Matchs
13,Chuba Akpom,eng ENG,"MT,AT",Middlesbrough,26,1995,34.5,1057,22,81,578,419,133,1051,94,43,45.7,35,37.2,750,5284,2472,86,62,16,70,49,887,185,Matchs
14,Marc Albrighton,eng ENG,"AT,MT",West Brom,32,1989,7.5,377,10,54,175,150,6,377,20,11,55.0,7,35.0,205,888,395,17,9,2,14,3,248,63,Matchs
15,Ajibola Alese,eng ENG,DF,Sunderland,21,2001,15.6,946,58,313,469,166,31,946,8,5,62.5,3,37.5,445,1940,1012,17,10,0,12,6,511,34,Matchs
16,Jamie Allen,eng ENG,MT,Coventry City,27,1995,31.3,1180,23,180,639,371,59,1180,32,13,40.6,16,50.0,597,2953,1194,34,27,7,45,21,774,107,Matchs
17,Joe Allen,wls WAL,MT,Swansea City,32,1990,13.7,945,52,205,542,206,18,945,18,8,44.4,5,27.8,450,2043,998,22,20,4,19,23,624,32,Matchs
18,Ryan Allsop,eng ENG,GB,Cardiff City,30,1992,42.7,1799,1248,1750,49,2,2,1799,6,4,66.7,2,33.3,981,5890,3533,0,0,0,2,0,834,0,Matchs
19,Jak Alnwick,eng ENG,GB,Cardiff City,29,1993,3.3,120,83,117,3,0,0,120,0,0,,0,,62,337,169,0,0,0,1,0,49,0,Matchs
20,Jordan Amissah,gh GHA,GB,Sheffield Utd,20,2001,0.1,9,8,9,0,0,0,9,0,0,,0,,4,21,1,0,0,0,0,0,2,0,Matchs
21,Ben Amos,eng ENG,GB,Wigan Athletic,32,1990,28.6,948,828,943,5,0,0,948,0,0,,0,,473,2860,1500,0,0,0,0,0,343,0,Matchs
22,Luke Amos,eng ENG,"MT,AT",QPR,25,1997,9.9,466,17,97,241,137,25,466,20,10,50.0,9,45.0,198,1237,560,17,8,5,23,12,252,28,Matchs
23,Joe Anderson,eng ENG,"DF,MT",Sunderland,21,2001,0.5,36,1,16,16,4,0,36,1,1,100.0,0,0.0,10,41,19,0,0,0,1,0,16,0,Matchs
24,Keshi Anderson,eng ENG,MT,Blackpool,27,1995,4.8,291,13,54,154,92,12,291,14,9,64.3,3,21.4,151,1012,508,16,14,3,7,4,170,23,Matchs
25,Ryan Andrews,eng ENG,DF,Watford,17,2004,5.4,320,18,97,165,60,6,320,10,6,60.0,3,30.0,153,991,626,17,10,1,5,2,177,20,Matchs
Clt,Joueur,Nation,Pos,Équipe,Âge,Naissance,90,Touches,SurfRépDéf,ZDéf,MilTer,ZOff,SurfRépOff,Action de jeu,Att,Succ,Succ%,Tkld,Tkld%,Balle au pied,TotDist,DistBut,PrgC,1/3,CSR,Manqué,Perte,Rec,PrgR,Matchs
26,Faustino Anjorin,eng ENG,"MT,AT",Huddersfield,20,2001,4.9,201,2,24,120,61,12,201,25,8,32.0,16,64.0,120,919,435,14,11,3,8,11,134,17,Matchs
27,Robert Apter,sct SCO,MT,Blackpool,19,2003,0.2,14,0,0,6,8,2,14,1,1,100.0,0,0.0,9,71,57,2,2,1,0,1,9,1,Matchs
28,Henrique Araújo,pt POR,AT,Watford,20,2002,3.8,112,1,9,56,48,17,112,5,2,40.0,2,40.0,55,164,63,2,1,1,12,6,78,23,Matchs
29,Oliver Arblaster,eng ENG,MT,Sheffield Utd,18,2004,0.8,49,3,9,19,21,2,49,3,1,33.3,1,33.3,27,110,38,0,0,0,7,0,34,5,Matchs
30,Cameron Archer,eng ENG,AT,Middlesbrough,21,2001,15.2,475,4,21,187,275,93,475,46,21,45.7,23,50.0,309,1690,670,30,17,22,44,24,398,105,Matchs
31,Sinclair Armstrong,ie IRL,"AT,MT",QPR,19,2003,6.1,166,1,2,58,109,30,166,14,3,21.4,8,57.1,116,782,340,13,7,16,24,13,140,49,Matchs
32,Yaser Asprilla,co COL,"MT,AT",Watford,18,2003,16.7,807,10,99,420,301,38,807,63,29,46.0,31,49.2,491,2830,1025,31,16,9,51,32,551,104,Matchs
33,Britt Assombalonga,cd COD,"AT,MT",Watford,29,1992,2.1,44,1,3,19,23,9,44,3,0,0.0,2,66.7,29,156,81,3,3,2,9,8,35,10,Matchs
34,Robert Atkinson,eng ENG,DF,Bristol City,24,1998,23.8,1343,111,542,690,121,30,1343,15,10,66.7,3,20.0,580,3413,2151,36,24,2,8,10,710,19,Matchs
35,Daniel Ayala,es ESP,DF,Blackburn,31,1990,22.0,1418,266,982,415,27,16,1418,7,3,42.9,2,28.6,751,3300,1421,2,2,1,6,2,876,4,Matchs
36,Femi Azeez,eng ENG,"MT,AT",Reading,21,2001,7.3,317,7,58,110,159,18,317,23,14,60.9,8,34.8,166,1178,603,22,10,5,17,13,164,42,Matchs
37,Miguel Azeez,eng ENG,MT,Wigan Athletic,19,2002,1.2,64,4,18,33,14,5,64,2,1,50.0,0,0.0,45,285,123,3,2,1,1,1,45,3,Matchs
38,Abdoullah Ba,fr FRA,"MT,AT",Sunderland,19,2003,8.9,433,11,57,240,141,9,433,35,13,37.1,17,48.6,272,1869,872,25,14,2,20,14,313,44,Matchs
39,Daniel Bachmann,at AUT,GB,Watford,28,1994,45.0,1447,1263,1444,5,0,0,1447,2,2,100.0,0,0.0,716,3942,2587,0,0,0,0,0,544,0,Matchs
40,Juninho Bacuna,cw CUW,MT,Birmingham City,24,1997,32.2,1544,37,253,721,605,38,1544,108,49,45.4,48,44.4,755,5030,2517,79,54,19,93,44,817,104,Matchs
41,Leandro Bacuna,cw CUW,MT,Watford,30,1991,8.8,348,20,98,211,44,3,348,8,4,50.0,3,37.5,164,680,318,6,3,0,4,5,195,4,Matchs
42,Joel Bagan,ie IRL,DF,Cardiff City,22,2000,0.1,2,0,2,0,0,0,2,0,0,,0,,1,2,1,0,0,0,0,0,1,0,Matchs
43,Lewis Baker,eng ENG,MT,Stoke City,27,1995,30.7,1485,48,236,814,462,25,1482,31,12,38.7,14,45.2,692,3394,1336,25,29,3,48,21,788,39,Matchs
44,George Baldock,gr GRE,DF,Sheffield Utd,29,1993,32.0,1672,69,332,639,712,66,1672,34,16,47.1,15,44.1,798,4223,2024,64,34,11,41,26,923,182,Matchs
45,Daniel Ballard,nir NIR,DF,Sunderland,22,1999,17.9,1094,129,615,453,36,18,1094,5,3,60.0,1,20.0,569,3141,1900,16,4,0,6,4,605,3,Matchs
46,Leon Balogun,ng NGA,DF,QPR,34,1988,13.7,698,98,405,282,21,6,698,18,8,44.4,5,27.8,313,2056,994,11,6,0,13,6,325,1,Matchs
47,Daniel Barlaser,tr TUR,MT,Rotherham Utd,25,1997,26.9,1583,55,247,969,385,7,1581,34,18,52.9,13,38.2,727,3158,1528,22,29,2,17,15,922,25,Matchs
48,Daniel Barlaser,tr TUR,MT,Middlesbrough,25,1997,4.6,501,10,93,286,126,2,501,4,1,25.0,3,75.0,304,1162,699,9,13,1,7,2,375,3,Matchs
49,Ashley Barnes,eng ENG,"AT,MT",Burnley,32,1989,21.2,667,29,67,322,280,101,666,10,4,40.0,5,50.0,365,1275,437,14,10,6,49,29,515,101,Matchs
50,Kyle Bartley,eng ENG,DF,West Brom,31,1991,7.4,503,65,278,200,27,19,503,4,1,25.0,2,50.0,269,1078,434,1,4,0,1,0,300,1,Matchs
Clt,Joueur,Nation,Pos,Équipe,Âge,Naissance,90,Touches,SurfRépDéf,ZDéf,MilTer,ZOff,SurfRépOff,Action de jeu,Att,Succ,Succ%,Tkld,Tkld%,Balle au pied,TotDist,DistBut,PrgC,1/3,CSR,Manqué,Perte,Rec,PrgR,Matchs
51,Chris Basham,eng ENG,DF,Sheffield Utd,34,1988,19.3,1225,125,544,514,176,29,1225,12,7,58.3,4,33.3,563,3218,2083,38,28,4,14,3,631,42,Matchs
52,Samuel Bastien,cd COD,"MT,AT",Burnley,25,1996,6.1,320,8,39,187,96,13,320,8,2,25.0,4,50.0,192,1159,443,8,7,1,13,4,246,33,Matchs
53,Danny Batth,eng ENG,DF,Sunderland,31,1990,38.5,2171,345,1409,725,50,44,2171,8,5,62.5,0,0.0,1119,5269,2500,4,2,1,15,6,1293,4,Matchs
54,Patrick Bauer,de GER,DF,Preston,29,1992,3.9,223,36,126,91,6,6,223,0,0,,0,,109,504,183,1,0,0,3,1,121,0,Matchs
55,Nathan Baxter,eng ENG,GB,Hull City,23,1998,12.0,453,373,453,0,0,0,453,1,1,100.0,0,0.0,277,1263,800,0,0,0,0,0,234,0,Matchs
56,Jake Beesley,eng ENG,"MT,AT",Blackpool,25,1996,2.2,78,7,14,32,32,11,78,3,0,0.0,3,100.0,35,190,67,3,1,2,4,4,50,11,Matchs
57,Amari'i Bell,jm JAM,DF,Luton Town,28,1994,42.9,2272,126,727,1027,561,30,2272,86,36,41.9,34,39.5,1057,7601,4513,102,69,14,57,26,1080,90,Matchs
58,Sam Bell,eng ENG,AT,Bristol City,20,2002,12.8,375,8,56,121,202,52,375,27,6,22.2,19,70.4,205,1308,632,23,18,10,41,11,240,84,Matchs
59,Jobe Bellingham,eng ENG,"MT,AT",Birmingham City,16,2005,6.8,270,20,56,138,83,19,270,16,12,75.0,3,18.8,146,949,415,13,7,3,14,11,161,17,Matchs
60,Steven Benda,de GER,GB,Swansea City,23,1998,20.7,682,582,679,4,0,0,682,1,1,100.0,0,0.0,369,1739,1101,0,0,0,0,0,336,0,Matchs
61,Joe Bennett,eng ENG,DF,Wigan Athletic,32,1990,8.3,569,29,254,236,83,0,569,13,4,30.8,7,53.8,292,1303,592,8,10,0,7,3,336,13,Matchs
62,Mason Bennett,eng ENG,AT,Millwall,26,1996,6.3,269,1,17,102,157,23,269,25,3,12.0,17,68.0,161,1078,522,26,16,5,21,21,192,48,Matchs
63,Jewison Bennette,cr CRC,"AT,MT",Sunderland,18,2004,2.8,136,0,12,71,57,9,136,18,8,44.4,8,44.4,96,882,345,16,7,2,8,1,100,27,Matchs
64,Daniel Bentley,eng ENG,GB,Bristol City,29,1993,13.0,463,355,447,16,0,0,463,0,0,,0,,203,1226,731,0,0,0,0,0,185,0,Matchs
65,Jóhann Berg Guðmundsson,is ISL,"MT,AT",Burnley,31,1990,21.8,1046,15,97,435,523,51,1046,44,17,38.6,23,52.3,637,3619,1510,54,33,11,33,27,704,147,Matchs
66,Sander Berge,no NOR,MT,Sheffield Utd,24,1998,34.5,1728,47,261,862,630,108,1728,88,50,56.8,31,35.2,1038,7273,3319,106,70,38,49,35,1171,131,Matchs
67,Luke Berry,eng ENG,MT,Luton Town,30,1992,7.5,275,17,48,130,99,26,275,12,3,25.0,7,58.3,90,338,145,3,5,0,18,7,133,22,Matchs
68,Jordan Beyer,de GER,DF,Burnley,22,2000,28.1,2503,230,1120,1320,75,14,2503,27,18,66.7,6,22.2,1705,11867,7878,45,28,1,13,8,1859,2,Matchs
69,Bartosz Białkowski,pl POL,GB,Millwall,35,1987,10.0,288,235,288,0,0,0,288,0,0,,0,,131,942,562,0,0,0,0,0,90,0,Matchs
70,Jake Bidwell,eng ENG,DF,Coventry City,29,1993,38.7,2029,116,532,807,701,50,2029,20,3,15.0,15,75.0,713,2728,1223,30,23,3,27,10,956,188,Matchs
71,Krystian Bielik,pl POL,MT,Birmingham City,24,1998,32.3,1623,126,440,952,252,26,1623,45,27,60.0,9,20.0,657,3604,1460,22,18,0,54,18,742,16,Matchs
72,Nicholas Bilokapic,au AUS,GB,Huddersfield,19,2002,5.3,183,150,181,3,0,0,183,0,0,,0,,79,517,322,0,0,0,0,0,55,0,Matchs
73,Tyler Blackett,eng ENG,DF,Rotherham Utd,28,1994,3.5,148,21,67,71,11,0,148,1,1,100.0,0,0.0,57,335,176,3,3,0,0,0,52,0,Matchs
74,Adrian Blake,eng ENG,MT,Watford,17,2005,0.1,2,0,1,1,1,0,2,0,0,,0,,2,34,32,1,1,0,0,0,1,0,Matchs
75,Jayden Bogle,eng ENG,DF,Sheffield Utd,22,2000,15.4,942,33,207,382,373,54,942,65,24,36.9,33,50.8,476,3138,1587,48,40,17,56,17,481,81,Matchs
Clt,Joueur,Nation,Pos,Équipe,Âge,Naissance,90,Touches,SurfRépDéf,ZDéf,MilTer,ZOff,SurfRépOff,Action de jeu,Att,Succ,Succ%,Tkld,Tkld%,Balle au pied,TotDist,DistBut,PrgC,1/3,CSR,Manqué,Perte,Rec,PrgR,Matchs
76,Marc Bola,eng ENG,"DF,AT",Middlesbrough,24,1997,11.3,940,42,216,499,230,11,940,21,7,33.3,13,61.9,525,2517,1629,25,16,1,12,9,635,43,Matchs
77,Tolaji Bola,eng ENG,AT,Rotherham Utd,23,1999,0.4,13,1,3,5,5,1,13,0,0,,0,,7,23,14,1,0,0,2,0,7,1,Matchs
78,Jack Bonham,ie IRL,GB,Stoke City,28,1993,22.5,803,657,799,4,0,0,803,0,0,,0,,426,2311,1278,0,0,0,0,0,360,0,Matchs
79,Macauley Bonne,zw ZIM,"AT,DF",QPR,26,1995,0.7,33,0,5,9,20,4,33,0,0,,0,,17,60,15,0,0,0,2,0,22,7,Matchs
80,Dean Bouzanis,au AUS,GB,Reading,31,1990,4.7,162,103,156,7,0,0,162,0,0,,0,,79,560,337,0,0,0,1,0,55,0,Matchs
81,Josh Bowler,eng ENG,"AT,MT",Blackpool,23,1999,19.4,635,10,87,235,339,64,635,123,60,48.8,52,42.3,444,4012,2355,88,63,36,45,34,428,80,Matchs
82,Coniah Boyce-Clarke,jm JAM,GB,Reading,19,2003,1.0,51,37,51,0,0,0,51,0,0,,0,,31,126,81,0,0,0,0,0,26,0,Matchs
83,Caolan Boyd-Munce,nir NIR,MT,Middlesbrough,22,2000,0.0,4,0,0,2,2,0,4,0,0,,0,,1,4,2,0,0,0,0,0,1,0,Matchs
84,Will Boyle,eng ENG,DF,Huddersfield,26,1995,9.0,521,64,295,202,25,10,521,0,0,,0,,260,1435,894,4,3,0,3,0,304,3,Matchs
85,Sonny Bradley,eng ENG,DF,Luton Town,30,1991,13.6,714,158,458,226,33,25,714,0,0,,0,,332,1586,883,2,0,0,5,2,360,4,Matchs
86,Tom Bradshaw,wls WAL,AT,Millwall,30,1992,33.9,900,28,45,379,483,171,900,29,11,37.9,15,51.7,406,1713,575,33,16,14,95,30,674,156,Matchs
87,Robbie Brady,ie IRL,"AT,DF",Preston,30,1992,23.3,1625,56,330,753,562,40,1625,26,10,38.5,14,53.8,768,4402,1883,58,33,13,31,14,895,118,Matchs
88,Cohen Bramall,eng ENG,"DF,AT",Rotherham Utd,26,1996,28.6,1344,82,366,502,502,28,1344,44,22,50.0,20,45.5,565,5385,2748,84,73,11,52,27,608,131,Matchs
89,James Bree,eng ENG,DF,Luton Town,24,1997,27.0,1474,77,333,503,647,19,1474,31,11,35.5,16,51.6,622,3155,1660,41,31,3,24,8,711,99,Matchs
90,Ben Brereton,cl CHI,"AT,MT",Blackburn,23,1999,38.4,1492,45,233,591,692,148,1491,94,33,35.1,55,58.5,955,6319,3073,103,57,51,86,60,1098,282,Matchs
91,Rhian Brewster,eng ENG,AT,Sheffield Utd,22,2000,6.3,198,2,13,69,118,33,197,12,2,16.7,8,66.7,75,382,161,8,4,2,17,3,123,37,Matchs
92,Liam Bridcutt,sct SCO,MT,Blackpool,33,1989,2.0,94,11,28,58,12,1,94,2,0,0.0,0,0.0,36,179,89,0,2,0,3,1,39,2,Matchs
93,Callum Brittain,eng ENG,DF,Blackburn,24,1998,15.8,1158,58,421,543,211,30,1158,56,24,42.9,30,53.6,580,3137,1514,37,18,6,31,19,649,71,Matchs
94,Nathan Broadhead,wls WAL,"AT,MT",Wigan Athletic,24,1998,11.9,331,5,35,157,148,35,331,34,15,44.1,15,44.1,202,1334,557,24,12,12,24,15,226,62,Matchs
95,Andre Brooks,eng ENG,MT,Sheffield Utd,18,2003,0.0,3,0,0,1,2,0,3,0,0,,0,,0,0,0,0,0,0,0,0,1,0,Matchs
96,Jacob Brown,sct SCO,"AT,DF",Stoke City,24,1998,30.8,1235,37,147,510,589,146,1235,60,15,25.0,36,60.0,629,3468,1350,59,32,22,116,51,816,232,Matchs
97,Alan Browne,ie IRL,"MT,DF",Preston,27,1995,29.2,1591,94,366,794,454,53,1591,64,26,40.6,32,50.0,742,3983,1485,34,44,6,60,32,902,79,Matchs
98,Josh Brownhill,eng ENG,MT,Burnley,26,1995,39.7,2507,54,292,1196,1032,115,2507,31,17,54.8,12,38.7,1133,4664,2048,59,63,15,54,24,1545,208,Matchs
99,John Buckley,eng ENG,MT,Blackburn,22,1999,16.3,1075,40,277,649,165,4,1075,29,13,44.8,9,31.0,632,2644,1204,16,19,2,22,16,686,15,Matchs
100,Tyler Burey,eng ENG,AT,Millwall,20,2001,10.2,309,6,29,96,194,47,309,62,22,35.5,30,48.4,207,2277,1170,43,37,18,27,17,212,70,Matchs
Clt,Joueur,Nation,Pos,Équipe,Âge,Naissance,90,Touches,SurfRépDéf,ZDéf,MilTer,ZOff,SurfRépOff,Action de jeu,Att,Succ,Succ%,Tkld,Tkld%,Balle au pied,TotDist,DistBut,PrgC,1/3,CSR,Manqué,Perte,Rec,PrgR,Matchs
101,Oliver Burke,sct SCO,AT,Millwall,25,1997,8.5,400,6,55,158,192,40,400,22,7,31.8,15,68.2,185,1233,640,19,11,11,20,9,256,57,Matchs
102,Reece Burke,eng ENG,DF,Luton Town,25,1996,14.5,861,77,366,375,121,17,861,10,6,60.0,3,30.0,367,2020,1144,21,15,1,8,7,376,14,Matchs
103,Jack Burroughs,sct SCO,"DF,MT",Coventry City,21,2001,4.9,245,11,60,111,80,7,245,15,5,33.3,6,40.0,116,622,358,8,7,2,11,3,112,21,Matchs
104,Josef Bursik,eng ENG,GB,Stoke City,22,2000,16.0,562,469,552,10,0,0,562,0,0,,0,,279,1704,958,0,0,0,0,0,240,0,Matchs
105,David Button,eng ENG,GB,West Brom,33,1989,13.0,436,314,433,3,0,0,436,0,0,,0,,233,949,551,0,0,0,0,0,239,0,Matchs
106,Jili Buyabu,eng ENG,DF,Sheffield Utd,20,2001,0.2,4,0,0,3,1,1,4,0,0,,0,,3,11,6,1,0,1,0,0,3,0,Matchs
107,Sam Byram,eng ENG,DF,Norwich City,28,1993,12.0,968,51,340,445,188,17,968,14,7,50.0,5,35.7,457,2392,1194,39,20,1,14,7,583,39,Matchs
108,Ben Cabango,wls WAL,DF,Swansea City,22,2000,41.6,3654,295,1593,1863,213,58,3654,12,8,66.7,2,16.7,2197,11961,7563,65,34,1,26,5,2845,16,Matchs
109,Etienne Camara,fr FRA,MT,Huddersfield,19,2003,13.9,714,38,198,444,80,5,714,12,7,58.3,3,25.0,341,1727,661,8,9,0,12,13,385,8,Matchs
110,Mamadi Camará,gw GNB,MT,Reading,18,2003,1.2,50,2,12,21,18,2,50,1,0,0.0,1,100.0,28,151,91,2,4,0,3,1,30,10,Matchs
111,Allan Campbell,sct SCO,MT,Luton Town,24,1998,36.1,1175,36,201,555,437,62,1175,45,18,40.0,20,44.4,510,2747,1058,28,26,7,60,41,556,94,Matchs
112,Tate Campbell,eng ENG,DF,Birmingham City,20,2002,0.0,6,0,0,4,2,0,6,0,0,,0,,5,18,12,0,0,0,0,0,5,1,Matchs
113,Tyrese Campbell,eng ENG,AT,Stoke City,22,1999,29.5,1100,12,74,400,648,152,1100,104,31,29.8,64,61.5,644,4208,1950,95,60,49,69,43,834,240,Matchs
114,Andy Cannon,eng ENG,MT,Hull City,26,1996,2.1,86,3,15,52,21,3,86,4,2,50.0,2,50.0,34,215,63,2,1,1,7,5,36,3,Matchs
115,Thomas Cannon,ie IRL,AT,Preston,19,2002,18.6,439,3,23,162,261,74,439,44,23,52.3,20,45.5,233,1628,703,36,21,21,50,24,313,104,Matchs
116,Todd Cantwell,eng ENG,"AT,MT",Norwich City,24,1998,9.6,609,9,91,281,250,24,609,20,8,40.0,9,45.0,339,2191,918,23,15,7,27,8,404,55,Matchs
117,Sonny Carey,eng ENG,MT,Blackpool,21,2001,27.2,1083,38,190,545,370,43,1083,50,15,30.0,27,54.0,517,2818,1043,26,28,6,66,26,597,65,Matchs
118,Ian Carlo Poveda,eng ENG,"AT,MT",Blackpool,22,2000,11.5,480,9,47,216,232,55,480,81,38,46.9,33,40.7,331,2389,1074,51,24,20,30,40,332,76,Matchs
119,Álvaro Carreras,es ESP,"DF,AT",Preston,19,2003,29.5,1637,82,398,711,559,60,1637,87,51,58.6,27,31.0,829,5544,2677,73,55,18,64,38,898,131,Matchs
120,Andy Carroll,eng ENG,AT,Reading,33,1989,21.6,778,61,100,378,302,85,775,18,9,50.0,8,44.4,288,881,182,1,3,0,61,21,574,60,Matchs
121,Hayden Carter,eng ENG,DF,Blackburn,22,1999,25.0,1754,227,1048,623,98,21,1754,15,7,46.7,8,53.3,1028,5083,2955,25,9,2,21,8,1138,19,Matchs
122,Cesare Casadei,it ITA,MT,Reading,19,2003,12.3,572,29,129,342,106,10,572,25,7,28.0,14,56.0,276,1611,582,8,8,2,27,6,332,16,Matchs
123,Craig Cathcart,nir NIR,DF,Watford,33,1989,25.2,1763,162,924,782,63,10,1763,3,1,33.3,2,66.7,960,5227,3585,20,8,0,5,0,1101,2,Matchs
124,Steven Caulker,sl SLE,DF,Wigan Athletic,30,1991,5.5,234,40,149,64,23,16,234,2,0,0.0,2,100.0,97,425,160,0,0,0,4,2,112,1,Matchs
125,Bersant Celina,xk KVX,AT,Stoke City,25,1996,2.9,216,0,17,125,76,4,216,10,4,40.0,6,60.0,137,628,340,8,4,0,3,5,164,17,Matchs
Clt,Joueur,Nation,Pos,Équipe,Âge,Naissance,90,Touches,SurfRépDéf,ZDéf,MilTer,ZOff,SurfRépOff,Action de jeu,Att,Succ,Succ%,Tkld,Tkld%,Balle au pied,TotDist,DistBut,PrgC,1/3,CSR,Manqué,Perte,Rec,PrgR,Matchs
126,Ilias Chair,ma MAR,"MT,AT",QPR,24,1997,36.3,2147,20,169,898,1115,110,2146,126,55,43.7,63,50.0,1263,9664,4883,155,114,53,88,46,1386,218,Matchs
127,Nathaniel Chalobah,eng ENG,MT,West Brom,27,1994,6.8,343,17,101,195,51,7,343,9,6,66.7,3,33.3,165,696,327,4,2,0,11,5,191,6,Matchs
128,Alfie Chang,eng ENG,MT,Birmingham City,19,2002,7.7,276,23,84,149,45,2,276,7,5,71.4,2,28.6,112,409,140,2,1,0,5,3,127,1,Matchs
129,Ismaila Cheick Coulibaly,ml MLI,MT,Sheffield Utd,21,2000,0.0,0,0,0,0,0,0,0,0,0,,0,,1,6,0,0,0,0,0,1,1,0,Matchs
130,Youssef Chentouf,eng ENG,DF,Wigan Athletic,18,2004,0.0,3,0,1,2,0,0,3,0,0,,0,,0,0,0,0,0,0,0,0,0,0,Matchs
131,Tahith Chong,nl NED,"MT,AT",Birmingham City,22,1999,31.5,1199,17,189,433,600,81,1199,117,38,32.5,55,47.0,699,4577,2173,68,51,32,74,47,757,139,Matchs
132,Hamza Choudhury,eng ENG,MT,Watford,24,1997,33.7,1883,92,526,1128,242,9,1883,21,7,33.3,11,52.4,870,4059,1470,14,15,1,36,11,1050,15,Matchs
133,Cyrus Christie,ie IRL,"DF,AT",Hull City,29,1992,23.1,1768,76,500,796,480,47,1768,63,24,38.1,32,50.8,889,4934,2460,65,33,19,38,24,1058,117,Matchs
134,Darko Churlinov,mk MKD,AT,Burnley,22,2000,2.2,122,2,17,51,55,16,122,10,4,40.0,4,40.0,84,528,202,9,0,6,8,4,92,26,Matchs
135,Dennis Cirkin,eng ENG,DF,Sunderland,20,2002,20.5,1154,67,433,527,203,28,1154,35,10,28.6,15,42.9,541,3176,1724,37,24,8,25,16,645,45,Matchs
136,Ciaran Clark,ie IRL,DF,Sheffield Utd,32,1989,7.4,439,46,193,218,34,7,439,11,4,36.4,6,54.5,183,690,354,5,6,0,4,4,197,6,Matchs
137,Jordan Clark,eng ENG,MT,Luton Town,28,1993,34.4,1643,69,323,749,597,85,1643,94,38,40.4,45,47.9,781,4868,2403,73,59,17,74,34,826,98,Matchs
138,Harry Clarke,eng ENG,DF,Stoke City,21,2001,10.9,622,32,140,266,225,33,622,32,13,40.6,15,46.9,253,1586,782,26,19,4,32,6,273,64,Matchs
139,Jack Clarke,eng ENG,"AT,DF",Sunderland,21,2000,42.1,1857,52,279,789,832,184,1857,195,89,45.6,71,36.4,1189,11386,5155,183,93,110,87,80,1252,302,Matchs
140,John Clarke,ie IRL,"DF,AT",Reading,18,2004,0.3,10,5,5,4,1,0,10,0,0,,0,,2,18,12,1,0,0,0,0,3,0,Matchs
141,Matthew Clarke,eng ENG,DF,Middlesbrough,25,1996,5.1,310,21,130,148,34,9,310,1,1,100.0,0,0.0,139,588,336,3,4,0,1,2,162,0,Matchs
142,Jake Clarke-Salter,eng ENG,DF,QPR,24,1997,12.6,926,84,499,395,37,6,926,5,1,20.0,3,60.0,416,1984,956,7,5,0,4,6,525,11,Matchs
143,Reyes Cleary,eng ENG,AT,West Brom,18,2004,0.6,31,0,1,7,23,11,31,2,0,0.0,2,100.0,20,107,39,3,0,2,5,4,24,7,Matchs
144,Tom Cleverley,eng ENG,MT,Watford,32,1989,2.7,137,7,37,64,38,1,137,4,2,50.0,2,50.0,53,218,76,0,0,0,2,2,75,0,Matchs
145,Sam Clucas,eng ENG,MT,Stoke City,31,1990,5.4,238,16,54,93,92,7,238,10,2,20.0,8,80.0,99,539,184,8,3,1,2,5,122,20,Matchs
146,Josh Coburn,eng ENG,AT,Middlesbrough,19,2002,0.3,11,0,0,2,9,2,11,1,0,0.0,1,100.0,6,11,0,0,0,0,3,0,9,3,Matchs
147,Maxime Colin,fr FRA,"DF,AT",Birmingham City,30,1991,42.7,2285,147,727,1053,531,35,2285,50,26,52.0,23,46.0,832,4844,2273,59,43,8,53,15,875,85,Matchs
148,Jamilu Collins,ng NGA,DF,Cardiff City,27,1994,3.1,220,12,80,101,42,2,220,18,8,44.4,8,44.4,111,743,373,13,8,0,7,0,103,7,Matchs
149,Rubin Colwill,wls WAL,"AT,MT",Cardiff City,20,2002,6.7,373,6,53,152,174,16,373,26,11,42.3,11,42.3,229,1455,601,20,17,1,24,11,261,49,Matchs
150,Cameron Congreve,wls WAL,"MT,AT",Swansea City,18,2004,1.4,103,1,10,29,64,9,103,11,3,27.3,5,45.5,68,377,124,2,3,5,8,8,81,20,Matchs
Clt,Joueur,Nation,Pos,Équipe,Âge,Naissance,90,Touches,SurfRépDéf,ZDéf,MilTer,ZOff,SurfRépOff,Action de jeu,Att,Succ,Succ%,Tkld,Tkld%,Balle au pied,TotDist,DistBut,PrgC,1/3,CSR,Manqué,Perte,Rec,PrgR,Matchs
151,Aaron Connolly,ie IRL,"AT,MT",Hull City,22,2000,3.8,85,3,9,31,45,13,85,6,0,0.0,2,33.3,58,439,155,7,6,2,12,7,59,14,Matchs
152,Callum Connolly,eng ENG,"DF,MT",Blackpool,24,1997,38.4,1803,177,652,827,336,56,1803,15,4,26.7,7,46.7,686,3097,1415,15,24,1,30,22,745,51,Matchs
153,Tommy Conway,sct SCO,"AT,MT",Bristol City,19,2002,21.1,544,11,49,187,314,83,544,23,9,39.1,12,52.2,313,1990,894,38,18,24,43,28,402,120,Matchs
154,Jake Cooper,eng ENG,DF,Millwall,27,1995,44.4,2139,241,1040,879,234,121,2139,1,0,0.0,0,0.0,873,4895,2754,12,11,0,20,3,1130,23,Matchs
155,Oliver Cooper,wls WAL,"MT,AT",Swansea City,22,1999,25.6,1167,22,169,541,472,75,1167,60,22,36.7,25,41.7,745,5294,2499,96,82,21,54,37,838,159,Matchs
156,Theo Corbeanu,ca CAN,"AT,MT",Blackpool,20,2002,9.4,365,8,55,139,187,39,365,75,37,49.3,25,33.3,238,2618,1359,47,34,25,25,13,235,46,Matchs
157,Jack Cork,eng ENG,MT,Burnley,33,1989,27.1,1941,71,423,1246,280,12,1941,25,14,56.0,9,36.0,1027,4339,1779,14,35,1,30,19,1305,25,Matchs
158,Harry Cornick,eng ENG,AT,Bristol City,27,1995,8.6,346,13,60,154,135,25,346,27,14,51.9,13,48.1,165,833,251,6,7,1,27,12,214,48,Matchs
159,Harry Cornick,eng ENG,"AT,MT",Luton Town,27,1995,8.3,325,8,43,83,203,29,325,21,10,47.6,9,42.9,157,1182,507,25,8,12,23,16,166,63,Matchs
160,Sam Cosgrove,eng ENG,"AT,MT",Birmingham City,25,1996,0.4,19,1,2,5,12,3,19,0,0,,0,,8,38,5,0,0,0,2,0,15,4,Matchs
161,Dara Costelloe,ie IRL,AT,Burnley,19,2002,2.3,126,3,10,46,70,12,126,10,4,40.0,6,60.0,80,464,203,9,5,4,7,4,95,26,Matchs
162,Jordan Cousins,eng ENG,MT,Wigan Athletic,28,1994,7.1,382,10,107,226,52,7,382,6,1,16.7,2,33.3,208,933,365,2,3,0,11,6,253,4,Matchs
163,Conor Coventry,ie IRL,MT,Rotherham Utd,22,2000,14.5,739,38,166,354,226,6,739,12,8,66.7,3,25.0,290,1284,522,9,8,1,11,4,312,8,Matchs
164,Vaughn Covil,eng ENG,"MT,AT",Hull City,19,2003,1.1,35,2,8,15,13,0,35,4,2,50.0,2,50.0,17,64,26,1,1,0,4,3,20,5,Matchs
165,Lewie Coyle,eng ENG,DF,Hull City,26,1995,26.9,1857,126,601,836,430,14,1857,27,10,37.0,8,29.6,898,5038,2607,67,39,2,40,16,1041,72,Matchs
166,Michael Craig,sct SCO,"MT,AT",Reading,19,2003,0.2,12,0,1,10,1,0,12,0,0,,0,,4,19,3,0,0,0,2,0,7,1,Matchs
167,Charlie Cresswell,eng ENG,DF,Millwall,19,2002,25.1,1454,160,716,610,136,66,1454,15,11,73.3,4,26.7,703,4081,2091,15,15,1,25,7,762,16,Matchs
168,Matt Crooks,eng ENG,"MT,AT",Middlesbrough,28,1994,20.1,964,18,95,481,397,79,964,37,14,37.8,20,54.1,517,3023,1479,49,39,8,53,19,672,124,Matchs
169,Josh Cullen,ie IRL,MT,Burnley,26,1996,42.7,3438,83,669,2162,627,32,3438,23,18,78.3,2,8.7,2045,8824,4274,52,51,4,25,28,2580,58,Matchs
170,Liam Cullen,wls WAL,"AT,MT",Swansea City,23,1999,13.5,374,11,41,153,184,60,374,10,2,20.0,6,60.0,189,850,275,12,6,4,26,9,263,80,Matchs
171,Luke Cundle,eng ENG,"MT,AT",Swansea City,20,2002,19.8,1157,17,114,601,445,46,1157,14,3,21.4,9,64.3,706,3587,1742,47,50,7,17,20,952,134,Matchs
172,Greg Cunningham,ie IRL,DF,Preston,31,1991,19.8,1152,110,525,524,110,14,1152,7,1,14.3,3,42.9,495,2034,1117,9,5,0,6,5,582,14,Matchs
173,Fankaty Dabo,eng ENG,DF,Coventry City,26,1995,18.5,1174,53,330,519,335,17,1174,50,18,36.0,25,50.0,545,2844,1348,39,24,3,29,21,576,68,Matchs
174,Bradley Dack,eng ENG,"MT,AT",Blackburn,28,1993,13.5,570,22,113,300,161,32,570,2,1,50.0,1,50.0,337,1066,361,10,10,1,15,9,431,52,Matchs
175,Leon Dajaku,de GER,"AT,MT",Sunderland,21,2001,2.2,75,0,13,31,31,9,75,5,1,20.0,4,80.0,40,222,81,4,1,1,7,6,50,12,Matchs
Clt,Joueur,Nation,Pos,Équipe,Âge,Naissance,90,Touches,SurfRépDéf,ZDéf,MilTer,ZOff,SurfRépOff,Action de jeu,Att,Succ,Succ%,Tkld,Tkld%,Balle au pied,TotDist,DistBut,PrgC,1/3,CSR,Manqué,Perte,Rec,PrgR,Matchs
176,Ameen Al-Dakhil,be BEL,DF,Burnley,20,2002,7.5,636,71,302,323,15,5,636,2,2,100.0,0,0.0,429,2731,1812,12,4,0,5,0,474,0,Matchs
177,Vontae Daley Campbell,eng ENG,DF,Cardiff City,21,2001,0.7,49,5,20,20,9,1,49,0,0,,0,,21,112,53,2,2,0,1,0,19,1,Matchs
178,Scott Dann,eng ENG,DF,Reading,35,1987,7.3,337,51,199,132,6,3,337,0,0,,0,,180,677,341,2,0,0,2,1,199,1,Matchs
179,Tendayi Darikwa,zw ZIM,DF,Wigan Athletic,30,1991,30.8,1827,89,606,801,433,33,1827,41,26,63.4,11,26.8,926,4869,2586,57,44,7,37,14,1026,109,Matchs
180,Harry Darling,eng ENG,DF,Swansea City,22,1999,25.5,2245,201,904,1131,221,51,2245,20,9,45.0,5,25.0,1456,10094,6357,62,62,0,17,13,1740,23,Matchs
181,Karl Darlow,eng ENG,GB,Hull City,31,1990,12.0,621,416,611,11,0,0,621,2,2,100.0,0,0.0,430,2051,1104,0,0,0,1,0,401,0,Matchs
182,Jay Dasilva,eng ENG,DF,Bristol City,24,1998,29.0,1648,53,368,715,585,45,1648,62,33,53.2,23,37.1,761,3732,2042,52,29,13,44,23,871,127,Matchs
183,Adam Davies,wls WAL,GB,Sheffield Utd,30,1992,6.8,186,158,185,2,0,0,186,0,0,,0,,84,549,345,0,0,0,0,0,58,0,Matchs
184,Isaak Davies,wls WAL,"AT,MT",Cardiff City,20,2001,3.1,102,1,5,37,62,11,102,9,4,44.4,4,44.4,54,495,116,5,5,1,11,4,75,22,Matchs
185,Keinan Davis,eng ENG,AT,Watford,24,1998,26.6,903,32,77,412,428,132,903,89,43,48.3,40,44.9,517,3719,1553,60,32,26,82,61,690,178,Matchs
186,Harlee Dean,eng ENG,DF,Birmingham City,31,1991,13.5,571,88,315,240,23,9,571,1,0,0.0,1,100.0,194,882,454,0,3,0,4,2,202,0,Matchs
187,Troy Deeney,eng ENG,AT,Birmingham City,34,1988,23.2,764,21,73,365,331,73,760,22,8,36.4,13,59.1,301,977,318,10,14,1,38,21,528,84,Matchs
188,Liam Delap,eng ENG,AT,Stoke City,19,2003,14.0,377,13,29,128,225,70,377,49,15,30.6,23,46.9,250,1501,620,27,15,14,51,35,311,100,Matchs
189,Liam Delap,eng ENG,AT,Preston,19,2003,6.9,171,3,10,61,104,29,171,27,9,33.3,17,63.0,99,688,324,17,11,7,24,9,121,38,Matchs
190,Tom Dele-Bashiru,ng NGA,MT,Watford,22,1999,3.9,166,5,35,117,18,0,166,5,0,0.0,3,60.0,98,667,380,5,1,0,2,1,118,2,Matchs
191,Emmanuel Dennis,ng NGA,"MT,AT",Watford,24,1997,1.9,77,1,12,30,39,8,77,16,7,43.8,9,56.3,43,353,238,7,7,4,11,4,45,10,Matchs
192,Halil Dervişoğlu,tr TUR,"MT,AT",Burnley,22,1999,0.8,34,1,2,8,24,5,34,3,2,66.7,1,33.3,19,99,48,2,1,0,3,1,24,8,Matchs
193,Bambo Diaby,sn SEN,DF,Preston,24,1997,10.6,499,47,264,206,33,10,499,8,5,62.5,3,37.5,239,1271,544,4,1,0,5,5,240,5,Matchs
194,Amad Diallo,ci CIV,"AT,MT",Sunderland,20,2002,28.7,1776,22,155,868,778,128,1773,146,62,42.5,69,47.3,1164,7446,3099,107,67,45,91,50,1349,226,Matchs
195,Jack Diamond,eng ENG,MT,Sunderland,22,2000,0.1,2,0,0,0,2,0,2,1,0,0.0,0,0.0,2,48,18,1,1,0,0,0,2,1,Matchs
196,Grady Diangana,cd COD,AT,West Brom,24,1998,21.5,1202,17,113,516,597,84,1202,107,34,31.8,52,48.6,713,4100,1943,60,56,17,60,43,865,193,Matchs
197,Brahima Diarra,ml MLI,"MT,AT",Huddersfield,19,2003,9.0,384,4,51,169,181,17,384,68,31,45.6,31,45.6,206,1381,810,27,20,6,42,21,211,43,Matchs
198,Robert Dickie,eng ENG,DF,QPR,26,1996,33.7,1944,242,1068,817,78,38,1944,12,8,66.7,4,33.3,1042,5815,3733,27,16,0,13,7,1106,3,Matchs
199,Seny Dieng,sn SEN,GB,QPR,27,1994,46.0,1522,1216,1495,25,3,3,1522,1,0,0.0,1,100.0,819,4740,3042,0,0,0,2,1,554,0,Matchs
200,Anfernee Dijksteel,sr SUR,DF,Middlesbrough,25,1996,10.4,695,25,197,357,155,7,695,30,14,46.7,12,40.0,344,2184,1229,26,24,1,17,10,389,34,Matchs
Clt,Joueur,Nation,Pos,Équipe,Âge,Naissance,90,Touches,SurfRépDéf,ZDéf,MilTer,ZOff,SurfRépOff,Action de jeu,Att,Succ,Succ%,Tkld,Tkld%,Balle au pied,TotDist,DistBut,PrgC,1/3,CSR,Manqué,Perte,Rec,PrgR,Matchs
201,Daryl Dike,us USA,AT,West Brom,22,2000,13.4,382,15,43,159,182,78,382,22,9,40.9,10,45.5,185,666,247,9,8,5,47,18,272,73,Matchs
202,Elijah Dixon-Bonner,eng ENG,MT,QPR,21,2001,0.1,3,0,0,2,1,0,3,0,0,,0,,2,3,1,0,0,0,0,0,2,0,Matchs
203,Greg Docherty,sct SCO,"MT,AT",Hull City,25,1996,21.7,1253,40,253,726,292,46,1253,59,19,32.2,35,59.3,655,3974,1543,38,27,8,42,30,810,73,Matchs
204,Tyrhys Dolan,eng ENG,"AT,MT",Blackburn,20,2001,21.9,1015,27,172,425,430,91,1015,75,25,33.3,35,46.7,641,3628,1727,68,25,38,66,39,700,153,Matchs
205,Kenneth Dougall,au AUS,MT,Blackpool,29,1993,28.6,1362,75,338,735,308,27,1362,23,8,34.8,12,52.2,490,1901,719,3,10,2,32,31,574,29,Matchs
206,Alfie Doughty,eng ENG,"DF,AT",Luton Town,22,1999,24.1,1511,45,338,537,664,38,1511,58,26,44.8,27,46.6,630,4247,2268,76,41,15,48,21,707,129,Matchs
207,Kieran Dowell,eng ENG,"MT,AT",Norwich City,24,1997,12.3,658,7,77,317,269,36,658,28,16,57.1,5,17.9,380,1865,810,22,27,4,13,17,452,54,Matchs
208,Callum Doyle,eng ENG,DF,Coventry City,18,2003,37.8,2088,217,1013,976,121,18,2088,24,13,54.2,9,37.5,1118,6183,3808,34,29,2,29,10,1192,14,Matchs
209,Tommy Doyle,eng ENG,MT,Sheffield Utd,20,2001,20.6,1367,33,240,696,445,32,1367,31,15,48.4,10,32.3,702,3436,1413,23,26,5,34,13,844,60,Matchs
210,Andre Dozzell,eng ENG,"MT,AT",QPR,23,1999,20.4,1036,27,215,589,240,15,1036,19,6,31.6,11,57.9,596,2911,1280,25,17,2,22,6,718,25,Matchs
211,Cody Drameh,eng ENG,DF,Luton Town,20,2001,14.4,894,30,213,337,358,20,894,36,18,50.0,17,47.2,358,1972,1001,30,19,4,20,9,384,75,Matchs
212,Aaron Drewe,eng ENG,"DF,AT",QPR,21,2001,5.1,288,22,76,123,91,3,288,3,1,33.3,1,33.3,82,440,143,7,3,0,6,2,82,20,Matchs
213,Jimmy Dunne,ie IRL,DF,QPR,24,1997,37.6,2349,295,1354,872,135,46,2349,14,10,71.4,1,7.1,1189,6563,3486,20,14,0,21,4,1255,9,Matchs
214,Lyndon Dykes,sct SCO,AT,QPR,26,1995,32.8,1130,56,105,505,529,138,1127,50,17,34.0,29,58.0,488,2179,655,22,16,10,88,28,782,128,Matchs
215,Tom Eaves,eng ENG,AT,Rotherham Utd,30,1992,6.4,189,6,16,67,108,21,189,5,1,20.0,3,60.0,101,435,107,5,4,0,24,20,152,35,Matchs
216,Malcolm Ebiowei,eng ENG,"AT,MT",Hull City,18,2003,5.8,291,5,40,114,141,21,291,61,27,44.3,29,47.5,200,1294,552,18,12,9,16,19,205,53,Matchs
217,Josh Eccles,eng ENG,"MT,DF",Coventry City,22,2000,26.9,1541,68,389,813,360,32,1541,56,22,39.3,24,42.9,780,3877,1671,38,26,5,38,29,841,86,Matchs
218,Rarmani Edmonds-Green,eng ENG,DF,Wigan Athletic,23,1999,2.7,176,13,80,85,11,4,176,0,0,,0,,114,590,334,2,1,0,0,0,111,2,Matchs
219,Rarmani Edmonds-Green,eng ENG,"DF,MT",Huddersfield,23,1999,9.3,351,47,151,159,42,1,351,1,1,100.0,0,0.0,120,582,333,5,2,0,10,3,143,3,Matchs
220,Tayo Edun,eng ENG,"DF,MT",Blackburn,24,1998,2.2,153,7,53,56,45,2,153,2,1,50.0,1,50.0,62,253,85,0,3,0,7,3,87,8,Matchs
221,Gwion Edwards,wls WAL,"AT,MT",Wigan Athletic,29,1993,0.3,30,0,11,10,10,1,30,1,0,0.0,0,0.0,13,52,14,1,0,0,1,2,13,2,Matchs
222,John Egan,ie IRL,DF,Sheffield Utd,29,1992,43.9,2668,350,1411,1147,128,86,2668,11,9,81.8,1,9.1,1289,6507,3862,12,9,1,14,2,1471,8,Matchs
223,CJ Egan-Riley,eng ENG,"MT,DF",Burnley,19,2003,0.2,24,0,5,7,12,1,24,0,0,,0,,11,38,4,0,0,0,0,0,16,1,Matchs
224,Kelvin Ehibhatiomhan,eng ENG,AT,Reading,19,2003,2.2,61,2,3,30,32,10,61,5,1,20.0,3,60.0,27,160,47,4,2,3,11,3,45,9,Matchs
225,Ovie Ejaria,eng ENG,MT,Reading,24,1997,4.7,181,3,30,76,77,4,181,7,4,57.1,3,42.9,101,436,136,6,6,0,9,8,126,10,Matchs
Clt,Joueur,Nation,Pos,Équipe,Âge,Naissance,90,Touches,SurfRépDéf,ZDéf,MilTer,ZOff,SurfRépOff,Action de jeu,Att,Succ,Succ%,Tkld,Tkld%,Balle au pied,TotDist,DistBut,PrgC,1/3,CSR,Manqué,Perte,Rec,PrgR,Matchs
226,Hjalmar Ekdal,se SWE,DF,Burnley,23,1998,8.5,808,76,358,433,20,8,808,7,4,57.1,2,28.6,568,3460,2251,10,7,0,5,4,614,0,Matchs
227,Marvin Ekpiteta,eng ENG,DF,Blackpool,26,1995,22.9,1047,193,607,402,43,34,1047,8,2,25.0,3,37.5,494,2642,1462,6,6,2,15,6,519,4,Matchs
228,Pierre Ekwah Elimby,fr FRA,MT,Sunderland,20,2002,5.0,344,16,81,214,55,3,344,10,5,50.0,3,30.0,200,984,468,9,4,0,11,3,222,9,Matchs
229,Callum Elder,au AUS,DF,Hull City,27,1995,21.1,1300,93,445,542,319,22,1300,26,12,46.2,10,38.5,504,2788,1544,35,17,1,24,9,611,75,Matchs
230,Aidomo Emakhu,ie IRL,MT,Millwall,18,2003,0.0,2,0,1,1,0,0,2,0,0,,0,,0,0,0,0,0,0,0,0,1,0,Matchs
231,Elliot Embleton,eng ENG,"MT,AT",Sunderland,23,1999,11.8,645,23,106,299,242,26,645,25,13,52.0,10,40.0,328,1811,641,23,19,9,22,16,441,38,Matchs
232,Romain Esse,eng ENG,"AT,MT",Millwall,17,2005,1.9,137,1,10,50,80,10,137,20,9,45.0,10,50.0,95,485,204,5,4,1,7,8,97,23,Matchs
233,Oscar Estupiñan,co COL,AT,Hull City,25,1996,28.2,654,35,76,333,250,89,653,25,9,36.0,13,52.0,313,1263,544,15,11,5,81,25,442,89,Matchs
234,Kion Etete,eng ENG,AT,Cardiff City,20,2001,13.6,564,16,62,238,277,60,564,41,23,56.1,14,34.1,289,1505,547,17,17,6,75,37,381,106,Matchs
235,Neil Etheridge,ph PHI,GB,Birmingham City,32,1990,3.6,136,109,134,3,0,0,136,0,0,,0,,63,443,261,0,0,0,0,0,46,0,Matchs
236,Ched Evans,wls WAL,AT,Preston,33,1988,14.4,577,12,44,251,289,70,577,28,9,32.1,13,46.4,316,1350,441,14,17,7,65,31,427,76,Matchs
237,Corry Evans,nir NIR,MT,Sunderland,32,1990,20.2,1029,58,295,626,119,10,1029,7,5,71.4,2,28.6,466,1887,717,6,6,2,15,7,571,11,Matchs
238,George Evans,eng ENG,MT,Millwall,27,1994,0.8,86,1,11,60,16,0,86,2,1,50.0,0,0.0,51,289,154,1,2,0,2,0,56,2,Matchs
239,Mo Faal,eng ENG,MT,West Brom,19,2003,0.0,4,0,1,0,3,1,4,0,0,,0,,2,4,1,0,0,0,0,0,3,1,Matchs
240,Shane Ferguson,nir NIR,"AT,MT",Rotherham Utd,31,1991,16.3,551,23,101,182,272,12,550,18,8,44.4,8,44.4,282,1156,404,19,9,5,11,16,307,63,Matchs
241,João Ferreira,pt POR,DF,Watford,21,2001,3.0,157,11,55,61,45,3,157,7,3,42.9,3,42.9,66,425,236,4,3,0,5,2,65,13,Matchs
242,Sam Field,eng ENG,MT,QPR,24,1998,44.8,2423,154,681,1390,373,39,2423,24,13,54.2,5,20.8,1063,4309,1901,19,17,0,37,15,1256,31,Matchs
243,Tobias Figueiredo,pt POR,DF,Hull City,28,1994,18.3,1272,213,783,470,24,12,1272,5,3,60.0,2,40.0,781,4339,2587,10,4,1,10,3,823,6,Matchs
244,Sonny Finch,eng ENG,AT,Middlesbrough,16,2005,0.1,2,0,0,0,2,1,2,0,0,,0,,2,8,0,0,0,0,1,0,2,0,Matchs
245,Lewis Fiorini,sct SCO,MT,Blackpool,20,2002,10.9,563,19,130,301,139,6,563,14,8,57.1,5,35.7,249,1532,776,15,11,1,14,13,285,7,Matchs
246,Andy Fisher,eng ENG,GB,Swansea City,24,1998,25.3,979,763,967,12,0,0,979,0,0,,0,,512,2950,1808,0,1,1,1,0,486,0,Matchs
247,Darnell Fisher,eng ENG,DF,Middlesbrough,28,1994,0.0,2,0,1,1,0,0,2,0,0,,0,,2,5,1,0,0,0,0,0,2,0,Matchs
248,John Fleck,sct SCO,MT,Sheffield Utd,30,1991,12.3,606,21,94,295,221,14,606,18,8,44.4,9,50.0,258,1106,549,12,12,2,19,7,352,26,Matchs
249,Brandon Fleming,eng ENG,"DF,AT",Hull City,22,1999,1.6,122,5,19,56,49,3,122,6,0,0.0,5,83.3,61,261,110,2,2,0,4,5,71,12,Matchs
250,Zian Flemming,nl NED,"MT,AT",Millwall,23,1998,39.9,1602,53,142,714,771,98,1601,86,39,45.3,40,46.5,761,3919,1547,44,50,10,70,45,921,146,Matchs
Clt,Joueur,Nation,Pos,Équipe,Âge,Naissance,90,Touches,SurfRépDéf,ZDéf,MilTer,ZOff,SurfRépOff,Action de jeu,Att,Succ,Succ%,Tkld,Tkld%,Balle au pied,TotDist,DistBut,PrgC,1/3,CSR,Manqué,Perte,Rec,PrgR,Matchs
251,Ashley Fletcher,eng ENG,AT,Wigan Athletic,26,1995,13.3,377,12,29,185,167,33,377,17,7,41.2,7,41.2,198,989,375,18,7,4,37,8,283,54,Matchs
252,Aden Flint,eng ENG,DF,Stoke City,33,1989,9.0,534,79,306,197,33,21,534,1,0,0.0,1,100.0,239,1086,429,0,0,0,5,0,291,1,Matchs
253,Wes Foderingham,eng ENG,GB,Sheffield Utd,31,1991,39.0,1113,949,1110,3,0,0,1113,1,0,0.0,1,100.0,563,3392,2205,0,0,0,1,0,391,0,Matchs
254,Tyrese Fornah,sl SLE,MT,Reading,22,1999,21.7,883,33,185,491,227,12,883,46,20,43.5,22,47.8,458,3188,1048,29,22,1,40,28,490,49,Matchs
255,Marcus Forss,fi FIN,AT,Middlesbrough,23,1999,21.8,634,11,66,223,352,98,632,40,13,32.5,20,50.0,367,2009,817,35,17,16,34,29,461,141,Matchs
256,Lyle Foster,za RSA,AT,Burnley,21,2000,4.1,160,5,21,81,62,24,160,6,2,33.3,4,66.7,82,390,200,5,5,4,9,6,107,18,Matchs
257,Tariqe Fosu,gh GHA,"DF,AT",Stoke City,26,1995,13.7,711,25,149,273,297,43,711,62,20,32.3,29,46.8,410,2839,1295,45,18,24,53,29,396,99,Matchs
258,Tariqe Fosu,gh GHA,"MT,AT",Rotherham Utd,26,1995,16.3,756,19,132,293,353,47,756,94,49,52.1,35,37.2,426,2686,1138,38,25,19,54,48,425,75,Matchs
259,Morgan Fox,wls WAL,DF,Stoke City,28,1993,36.4,2743,155,1087,1346,331,50,2743,16,13,81.3,2,12.5,1345,6346,3526,38,31,4,24,6,1599,57,Matchs
260,Luke Freeman,eng ENG,"MT,AT",Luton Town,30,1992,11.0,532,10,61,199,280,20,532,42,23,54.8,17,40.5,302,1902,632,18,16,5,41,43,298,40,Matchs
261,George Friend,eng ENG,DF,Birmingham City,34,1987,2.5,141,13,56,51,34,3,141,3,1,33.3,2,66.7,53,326,122,3,2,0,1,0,53,8,Matchs
262,Dael Fry,eng ENG,DF,Middlesbrough,24,1997,25.4,1772,206,949,787,41,24,1772,1,0,0.0,0,0.0,994,4968,2556,5,5,1,13,1,1141,7,Matchs
263,Leo Fuhr Hjelde,no NOR,DF,Rotherham Utd,18,2003,9.8,447,48,165,192,101,5,447,13,8,61.5,4,30.8,156,802,292,6,10,1,14,2,137,11,Matchs
264,Jay Fulton,sct SCO,MT,Swansea City,28,1994,30.3,2322,53,430,1470,435,46,2322,26,15,57.7,11,42.3,1229,5541,2547,55,45,4,32,22,1780,80,Matchs
265,Darnell Furlong,eng ENG,DF,West Brom,26,1995,37.5,2515,110,666,1236,622,57,2515,42,16,38.1,16,38.1,1201,5950,3396,96,61,7,38,9,1458,107,Matchs
266,Gabriel,br BRA,MT,Norwich City,23,1999,31.2,2022,65,388,962,692,61,2022,82,37,45.1,38,46.3,1135,6106,2511,41,33,8,62,34,1342,90,Matchs
267,Jordan Gabriel,eng ENG,"DF,MT",Blackpool,23,1998,15.1,784,59,258,330,203,19,784,19,10,52.6,7,36.8,297,1674,765,15,11,2,19,9,335,40,Matchs
268,Sam Gallagher,eng ENG,AT,Blackburn,26,1995,25.7,780,37,117,336,341,84,780,67,16,23.9,46,68.7,360,2188,905,42,26,20,65,21,520,103,Matchs
269,Luke Garbutt,eng ENG,"DF,AT",Blackpool,29,1993,6.1,358,18,113,165,81,3,358,6,4,66.7,2,33.3,168,774,367,8,3,1,5,1,168,11,Matchs
270,Gary Gardner,eng ENG,MT,Birmingham City,30,1992,2.8,136,10,27,74,36,6,136,3,1,33.3,1,33.3,49,321,183,5,3,0,4,1,62,5,Matchs
271,Taylor Gardner-Hickman,eng ENG,"MT,DF",West Brom,20,2001,13.0,861,29,194,473,202,10,861,25,12,48.0,11,44.0,469,2435,1108,18,17,1,25,13,509,29,Matchs
272,Jake Garrett,eng ENG,MT,Blackburn,19,2003,4.4,213,3,49,124,41,1,213,5,2,40.0,1,20.0,119,366,159,1,3,1,9,8,157,4,Matchs
273,Mario Gaspar,es ESP,"DF,MT",Watford,31,1990,19.7,1171,61,393,542,253,35,1171,16,8,50.0,8,50.0,493,2153,1086,26,14,5,19,9,572,45,Matchs
274,Dwight Gayle,eng ENG,AT,Stoke City,31,1990,26.5,768,9,37,409,329,107,768,18,2,11.1,10,55.6,393,1523,599,17,12,10,46,14,544,118,Matchs
275,Joe Gelhardt,eng ENG,AT,Sunderland,20,2002,13.3,451,14,44,248,163,34,451,31,12,38.7,12,38.7,267,1096,437,17,9,6,31,21,326,65,Matchs
Clt,Joueur,Nation,Pos,Équipe,Âge,Naissance,90,Touches,SurfRépDéf,ZDéf,MilTer,ZOff,SurfRépOff,Action de jeu,Att,Succ,Succ%,Tkld,Tkld%,Balle au pied,TotDist,DistBut,PrgC,1/3,CSR,Manqué,Perte,Rec,PrgR,Matchs
276,Dimitris Giannoulis,gr GRE,DF,Norwich City,26,1995,18.5,1415,43,553,550,328,13,1415,58,38,65.5,9,15.5,687,3851,2050,40,24,2,35,15,754,75,Matchs
277,Liam Gibbs,eng ENG,MT,Norwich City,19,2002,18.8,1159,41,272,634,262,19,1159,16,10,62.5,4,25.0,653,3927,1843,33,40,5,36,13,775,34,Matchs
278,Ben Gibson,eng ENG,DF,Norwich City,29,1993,19.7,1464,245,916,524,31,11,1464,1,0,0.0,1,100.0,811,3694,2260,11,3,0,1,1,958,5,Matchs
279,Brodie Gilmore,nir NIR,DF,Huddersfield,18,2004,2.7,154,6,67,63,24,4,154,0,0,,0,,64,477,271,8,1,2,1,2,80,4,Matchs
280,Matthew Godden,eng ENG,AT,Coventry City,31,1991,22.0,598,24,53,263,285,91,596,20,2,10.0,14,70.0,304,1178,374,18,10,7,41,21,391,109,Matchs
281,Lynden Gooch,us USA,DF,Sunderland,26,1995,26.3,1674,66,477,754,462,23,1674,61,29,47.5,24,39.3,901,4916,2650,68,37,11,32,23,971,89,Matchs
282,Charlie Goode,eng ENG,DF,Blackpool,26,1995,1.3,47,10,24,20,3,1,47,1,1,100.0,0,0.0,10,30,16,0,1,0,0,0,8,0,Matchs
283,Kyron Gordon,eng ENG,DF,Sheffield Utd,20,2002,0.8,41,2,10,26,5,1,41,1,0,0.0,1,100.0,15,85,60,3,0,0,1,0,18,1,Matchs
284,Dan Gosling,eng ENG,"DF,MT",Watford,32,1990,9.8,602,23,178,318,109,7,602,10,2,20.0,7,70.0,301,1307,652,8,5,0,14,13,342,19,Matchs
285,Jordan Graham,eng ENG,DF,Birmingham City,27,1995,13.6,734,45,205,270,265,12,734,31,11,35.5,15,48.4,345,2411,932,43,18,3,18,5,340,49,Matchs
286,Karlan Grant,eng ENG,"AT,MT",West Brom,24,1997,19.1,608,5,42,273,302,90,606,27,9,33.3,13,48.1,367,2072,825,28,16,18,50,20,461,112,Matchs
287,Jacob Greaves,eng ENG,DF,Hull City,21,2000,39.6,2839,255,1206,1282,363,63,2839,25,10,40.0,9,36.0,1358,6253,3426,51,37,7,29,15,1659,61,Matchs
288,Jack Grieves,eng ENG,MT,Watford,17,2004,0.1,4,0,2,1,1,0,4,0,0,,0,,2,24,2,0,1,0,1,0,1,0,Matchs
289,Joshua Griffiths,eng ENG,GB,West Brom,20,2001,10.0,394,285,384,10,0,0,394,0,0,,0,,222,887,515,0,0,0,0,0,211,0,Matchs
290,Matt Grimes,eng ENG,MT,Swansea City,27,1995,44.0,4589,117,1020,2955,635,11,4589,36,28,77.8,6,16.7,2608,12995,7644,74,77,1,48,28,3755,54,Matchs
291,Daniel Grimshaw,eng ENG,GB,Blackpool,24,1998,18.0,699,558,691,8,0,0,699,0,0,,0,,324,2078,1295,0,0,0,0,0,250,0,Matchs
292,Nesta Guinness-Walker,eng ENG,"DF,AT",Reading,22,1999,18.3,914,52,288,355,285,19,914,55,23,41.8,21,38.2,384,2380,1278,38,22,8,28,12,420,55,Matchs
293,Angus Gunn,sct SCO,GB,Norwich City,26,1996,30.0,1261,1015,1244,17,0,0,1261,0,0,,0,,664,3134,1623,0,1,0,0,0,618,0,Matchs
294,Viktor Gyökeres,se SWE,AT,Coventry City,24,1998,44.7,1809,29,60,655,1120,320,1805,285,96,33.7,158,55.4,1200,8937,4102,198,105,143,217,103,1439,492,Matchs
295,Hayden Hackney,eng ENG,MT,Middlesbrough,20,2002,30.4,2353,60,463,1449,469,29,2353,54,29,53.7,17,31.5,1442,6661,3231,65,42,8,49,24,1738,49,Matchs
296,George Hall,eng ENG,MT,Birmingham City,18,2004,14.1,400,13,63,156,189,31,400,45,19,42.2,22,48.9,182,1093,474,18,14,6,31,27,195,42,Matchs
297,Grant Hall,eng ENG,DF,Rotherham Utd,30,1991,16.2,839,102,326,435,86,16,839,5,4,80.0,1,20.0,324,1577,850,7,5,1,8,4,328,2,Matchs
298,Niko Hämäläinen,fi FIN,DF,QPR,25,1997,1.0,66,2,19,32,16,1,66,1,0,0.0,1,100.0,42,104,33,0,0,0,0,2,39,1,Matchs
299,Ben Hamer,eng ENG,GB,Watford,34,1987,1.0,34,33,34,0,0,0,34,0,0,,0,,16,94,63,0,0,0,0,0,9,0,Matchs
300,Gustavo Hamer,nl NED,MT,Coventry City,25,1997,38.6,2529,71,475,1335,750,64,2529,89,46,51.7,35,39.3,1262,7186,3739,77,69,19,54,24,1435,85,Matchs
Clt,Joueur,Nation,Pos,Équipe,Âge,Naissance,90,Touches,SurfRépDéf,ZDéf,MilTer,ZOff,SurfRépOff,Action de jeu,Att,Succ,Succ%,Tkld,Tkld%,Balle au pied,TotDist,DistBut,PrgC,1/3,CSR,Manqué,Perte,Rec,PrgR,Matchs
301,CJ Hamilton,ie IRL,"AT,MT",Blackpool,27,1995,19.9,770,28,142,263,378,75,770,47,12,25.5,25,53.2,363,2573,1248,52,23,23,64,24,413,150,Matchs
302,Grant Hanley,sct SCO,DF,Norwich City,30,1991,38.3,2481,354,1442,972,77,31,2481,4,2,50.0,1,25.0,1396,6926,4183,26,16,2,10,5,1596,5,Matchs
303,Wes Harding,jm JAM,"DF,AT",Rotherham Utd,25,1996,35.1,1914,154,582,913,438,25,1914,55,22,40.0,28,50.9,704,3549,1625,28,24,2,33,16,759,48,Matchs
304,Kian Harratt,eng ENG,"AT,MT",Huddersfield,20,2002,0.2,13,0,2,6,5,2,13,0,0,,0,,4,13,0,0,0,0,4,0,10,1,Matchs
305,Mark Harris,wls WAL,AT,Cardiff City,23,1998,17.9,533,13,49,212,285,62,533,33,15,45.5,16,48.5,345,2035,838,32,22,17,56,37,400,119,Matchs
306,Taylor Harwood-Bellis,eng ENG,DF,Burnley,20,2002,30.7,2884,292,1312,1486,91,26,2884,8,4,50.0,3,37.5,1914,11651,8184,25,24,1,5,0,2136,3,Matchs
307,Kortney Hause,eng ENG,DF,Watford,27,1995,2.1,147,20,70,72,5,1,147,0,0,,0,,67,294,165,0,1,0,3,1,77,0,Matchs
308,Isaac Hayden,eng ENG,MT,Norwich City,27,1995,9.0,584,30,236,307,44,8,584,5,3,60.0,1,20.0,274,1060,369,3,1,2,8,6,335,3,Matchs
309,Jaheim Headley,eng ENG,"DF,AT",Huddersfield,20,2001,7.5,291,18,78,131,86,19,291,18,8,44.4,6,33.3,145,844,418,15,6,6,20,13,129,23,Matchs
310,Ryan Hedges,wls WAL,"AT,DF",Blackburn,27,1995,27.7,1646,47,339,769,557,71,1646,69,28,40.6,34,49.3,868,5065,2885,89,52,23,57,37,1036,159,Matchs
311,Michał Helik,pl POL,DF,Huddersfield,26,1995,35.9,1809,340,1049,681,89,51,1809,2,1,50.0,0,0.0,768,3715,2138,11,6,2,10,0,856,19,Matchs
312,Robbie Hemfrey,sct SCO,GB,Rotherham Utd,20,2002,0.5,19,19,19,0,0,0,19,0,0,,0,,10,105,47,0,0,0,0,0,2,0,Matchs
313,Jeff Hendrick,ie IRL,MT,Reading,30,1992,44.7,1562,80,342,901,339,39,1562,49,21,42.9,24,49.0,739,3206,1464,16,29,2,43,31,849,65,Matchs
314,Onel Hernández,cu CUB,"AT,MT",Norwich City,29,1993,20.7,918,13,129,330,485,136,918,128,58,45.3,55,43.0,583,4789,2566,110,42,60,67,46,617,187,Matchs
315,Scott High,sct SCO,"MT,AT",Rotherham Utd,21,2001,4.0,169,6,29,91,51,3,169,3,2,66.7,0,0.0,92,460,188,5,5,0,5,5,106,21,Matchs
316,Scott High,sct SCO,MT,Huddersfield,21,2001,5.7,215,6,37,129,52,3,215,5,3,60.0,1,20.0,106,489,235,6,5,0,7,2,139,3,Matchs
317,George Hirst,eng ENG,AT,Blackburn,23,1999,3.1,100,3,8,49,46,8,99,5,2,40.0,1,20.0,58,273,89,4,1,3,12,3,87,21,Matchs
318,Wesley Hoedt,nl NED,DF,Watford,28,1994,13.8,1069,114,525,504,51,6,1069,12,10,83.3,2,16.7,603,2843,1629,13,11,0,2,6,619,10,Matchs
319,Ki-Jana Hoever,nl NED,DF,Stoke City,20,2002,11.6,665,24,136,289,245,19,665,25,10,40.0,13,52.0,283,1391,637,15,10,3,24,8,343,63,Matchs
320,Scott Hogan,ie IRL,AT,Birmingham City,30,1992,30.2,630,11,43,300,292,111,628,35,10,28.6,24,68.6,271,1388,642,26,13,19,46,16,395,120,Matchs
321,Jonathan Hogg,eng ENG,MT,Huddersfield,33,1988,26.5,1344,83,416,827,109,11,1344,9,5,55.6,2,22.2,624,2790,1178,3,6,0,15,10,765,12,Matchs
322,Junior Hoilett,ca CAN,"DF,AT",Reading,32,1990,28.3,1283,66,336,439,526,56,1283,54,24,44.4,25,46.3,664,4301,2155,76,25,14,64,39,698,139,Matchs
323,Bradley Holmes,eng ENG,MT,Blackpool,19,2002,0.4,11,0,1,5,5,3,11,0,0,,0,,4,2,0,0,0,0,3,0,5,2,Matchs
324,Duane Holmes,us USA,"MT,AT",Huddersfield,27,1994,18.1,773,14,114,363,312,37,773,37,15,40.5,16,43.2,390,2829,1417,51,35,17,47,18,454,71,Matchs
325,Tom Holmes,eng ENG,DF,Reading,22,2000,37.9,1967,213,1014,836,127,52,1967,6,2,33.3,3,50.0,912,3819,1612,10,9,2,21,5,1103,12,Matchs
Clt,Joueur,Nation,Pos,Équipe,Âge,Naissance,90,Touches,SurfRépDéf,ZDéf,MilTer,ZOff,SurfRépOff,Action de jeu,Att,Succ,Succ%,Tkld,Tkld%,Balle au pied,TotDist,DistBut,PrgC,1/3,CSR,Manqué,Perte,Rec,PrgR,Matchs
326,Joel Holvey,,MT,Rotherham Utd,,,0.1,5,0,1,3,1,0,5,1,0,0.0,1,100.0,3,13,1,0,0,0,0,1,3,2,Matchs
327,George Honeyman,eng ENG,"AT,MT",Millwall,27,1994,23.8,1015,20,166,470,390,39,1015,29,8,27.6,17,58.6,448,2324,779,19,22,2,33,29,526,121,Matchs
328,Matthew Hoppe,us USA,AT,Middlesbrough,21,2001,0.8,42,0,5,14,23,5,42,6,2,33.3,4,66.7,22,106,16,1,1,0,1,1,31,6,Matchs
329,Ethan Horvath,us USA,GB,Luton Town,27,1995,44.0,1462,1178,1444,19,0,0,1462,0,0,,0,,727,5280,3450,0,0,0,2,0,475,0,Matchs
330,Ryan Howley,wls WAL,MT,Coventry City,18,2003,2.0,72,1,8,43,23,3,72,6,3,50.0,3,50.0,33,134,58,2,4,1,2,4,50,16,Matchs
331,Jonny Howson,eng ENG,MT,Middlesbrough,34,1988,41.2,2922,88,575,1817,564,13,2922,45,20,44.4,18,40.0,1574,7581,3758,64,57,2,41,27,1895,35,Matchs
332,Niall Huggins,wls WAL,DF,Sunderland,21,2000,1.0,52,5,24,24,4,0,52,3,1,33.3,2,66.7,17,86,65,2,0,0,2,0,15,1,Matchs
333,Andrew Hughes,wls WAL,DF,Preston,30,1992,25.8,1594,121,690,737,178,33,1594,19,8,42.1,7,36.8,813,4599,2789,47,29,1,19,3,892,22,Matchs
334,Charlie Hughes,eng ENG,DF,Wigan Athletic,18,2003,16.8,1061,137,583,420,69,16,1061,11,8,72.7,1,9.1,594,2827,1665,8,5,0,18,6,652,10,Matchs
335,Jordan Hugill,eng ENG,"AT,MT",Norwich City,30,1992,0.8,32,0,0,15,17,6,32,1,0,0.0,1,100.0,15,45,24,0,0,0,2,0,28,6,Matchs
336,Jordan Hugill,eng ENG,AT,Rotherham Utd,30,1992,15.7,431,20,26,178,228,44,429,17,2,11.8,11,64.7,162,680,163,5,6,4,23,17,324,45,Matchs
337,Trai Hume,nir NIR,DF,Sunderland,20,2002,24.2,1793,147,703,830,269,29,1793,28,14,50.0,12,42.9,812,3666,1813,25,21,2,19,10,1016,57,Matchs
338,Cameron Humphreys,eng ENG,DF,Rotherham Utd,23,1998,34.6,1478,192,690,718,86,9,1478,15,9,60.0,3,20.0,589,2918,1219,12,9,0,20,9,554,1,Matchs
339,Stephen Humphrys,eng ENG,AT,Wigan Athletic,24,1997,0.4,9,1,1,4,5,0,9,0,0,,0,,6,67,42,1,2,0,0,1,7,2,Matchs
340,Joseph Hungbo,eng ENG,AT,Watford,22,2000,1.1,58,1,12,20,30,6,58,5,2,40.0,2,40.0,31,253,144,5,1,2,10,2,30,11,Matchs
341,Joseph Hungbo,eng ENG,"AT,MT",Huddersfield,22,2000,7.4,214,2,28,74,120,15,214,38,10,26.3,17,44.7,143,1308,482,20,15,5,28,18,141,40,Matchs
342,James Husband,eng ENG,DF,Blackpool,28,1994,23.9,1442,122,626,613,213,15,1442,16,7,43.8,9,56.3,599,3388,1842,30,18,2,5,7,667,29,Matchs
343,Sam Hutchinson,eng ENG,"DF,MT",Reading,32,1989,8.7,446,55,232,198,21,7,446,4,1,25.0,3,75.0,217,826,339,3,3,0,4,2,253,2,Matchs
344,Shaun Hutchinson,eng ENG,DF,Millwall,31,1990,21.7,1152,124,615,464,77,40,1152,0,0,,0,,347,1168,511,2,5,0,13,2,443,5,Matchs
345,Dominic Hyam,sct SCO,DF,Blackburn,26,1995,36.1,2966,441,1894,1036,51,28,2966,6,1,16.7,4,66.7,1644,7293,3685,22,5,0,14,6,2034,6,Matchs
346,Dominic Hyam,sct SCO,DF,Coventry City,26,1995,2.0,124,12,44,74,7,1,124,2,1,50.0,1,50.0,65,387,252,3,2,0,0,0,72,0,Matchs
347,Adam Idah,ie IRL,"AT,MT",Norwich City,21,2001,12.9,483,12,62,203,228,47,483,39,20,51.3,18,46.2,268,1800,582,22,15,9,41,30,342,85,Matchs
348,Tom Ince,eng ENG,"MT,AT",Reading,30,1992,36.3,1687,14,192,798,739,63,1686,98,31,31.6,49,50.0,905,6732,2780,89,71,24,76,61,940,152,Matchs
349,Matt Ingram,eng ENG,GB,Hull City,28,1993,22.0,928,688,917,11,0,0,928,3,2,66.7,0,0.0,561,2708,1679,0,0,0,0,0,526,0,Matchs
350,Tim Iroegbunam,eng ENG,"MT,AT",QPR,19,2003,25.3,1216,26,226,676,330,47,1216,77,29,37.7,34,44.2,650,4005,2016,51,41,13,51,26,744,57,Matchs
Clt,Joueur,Nation,Pos,Équipe,Âge,Naissance,90,Touches,SurfRépDéf,ZDéf,MilTer,ZOff,SurfRépOff,Action de jeu,Att,Succ,Succ%,Tkld,Tkld%,Balle au pied,TotDist,DistBut,PrgC,1/3,CSR,Manqué,Perte,Rec,PrgR,Matchs
351,Vakoun Issouf Bayo,ci CIV,AT,Watford,25,1997,10.4,318,10,32,137,154,53,318,12,4,33.3,5,41.7,160,685,244,8,6,4,33,11,234,45,Matchs
352,Harvey Isted,eng ENG,GB,Luton Town,25,1997,1.0,44,35,44,0,0,0,44,0,0,,0,,23,153,108,0,0,0,1,0,19,0,Matchs
353,Ben Jackson,eng ENG,"AT,DF",Huddersfield,21,2001,13.6,559,30,178,211,178,11,559,17,4,23.5,7,41.2,252,1750,770,14,15,6,22,6,264,42,Matchs
354,Phil Jagielka,eng ENG,DF,Stoke City,39,1982,26.4,1859,233,1088,716,61,34,1859,2,1,50.0,0,0.0,979,4387,2187,4,1,0,9,1,1165,3,Matchs
355,Jordan James,wls WAL,MT,Birmingham City,18,2004,11.6,469,22,101,265,109,7,469,18,9,50.0,5,27.8,232,1324,628,9,8,1,15,11,261,20,Matchs
356,Matty James,eng ENG,MT,Bristol City,31,1991,32.9,1654,67,352,1039,286,10,1654,26,16,61.5,9,34.6,760,2917,1124,15,15,0,22,17,979,18,Matchs
357,William Jarvis,eng ENG,MT,Hull City,19,2002,0.4,19,0,1,9,9,0,19,2,0,0.0,1,50.0,15,102,36,2,0,0,1,1,17,3,Matchs
358,Daniel Jebbison,eng ENG,AT,Sheffield Utd,18,2003,5.5,167,3,11,71,87,27,167,13,5,38.5,5,38.5,98,458,148,7,6,4,25,13,122,38,Matchs
359,Cameron Jerome,eng ENG,AT,Luton Town,35,1986,3.9,159,11,23,48,89,25,159,12,3,25.0,7,58.3,61,440,146,7,4,4,12,5,103,30,Matchs
360,Lucas João,ao ANG,AT,Reading,28,1993,20.9,563,32,62,232,279,53,561,37,15,40.5,14,37.8,321,1280,415,10,12,6,63,33,417,101,Matchs
361,João Pedro,br BRA,"MT,AT",Watford,20,2001,31.0,1904,29,202,948,790,111,1903,231,116,50.2,87,37.7,1178,8051,3792,123,79,24,117,74,1385,209,Matchs
362,Stefan Johansen,no NOR,MT,QPR,31,1991,19.0,1128,20,250,645,245,14,1128,7,6,85.7,0,0.0,530,2788,1390,19,20,1,19,10,673,22,Matchs
363,Viktor Johansson,se SWE,GB,Rotherham Utd,23,1998,43.0,1491,1167,1453,39,0,0,1491,0,0,,0,,674,6202,3308,0,1,1,0,0,335,0,Matchs
364,Ryan John Giles,eng ENG,DF,Middlesbrough,22,2000,42.6,2821,88,685,1033,1122,59,2821,54,19,35.2,30,55.6,1419,6525,3605,107,59,15,40,13,1751,343,Matchs
365,Daniel Johnson,jm JAM,"MT,AT",Preston,29,1992,23.7,1225,21,156,625,454,34,1224,31,13,41.9,15,48.4,656,2897,1275,31,31,3,39,30,784,88,Matchs
366,Joseph Johnson,eng ENG,DF,Luton Town,16,2006,0.4,23,3,12,6,6,0,23,3,1,33.3,1,33.3,13,76,42,1,1,0,0,0,11,1,Matchs
367,Alfie Jones,eng ENG,DF,Hull City,24,1997,39.1,2580,380,1547,971,73,31,2580,10,5,50.0,4,40.0,1411,6167,3317,13,8,1,16,5,1674,7,Matchs
368,Callum Jones,wls WAL,AT,Hull City,21,2001,0.1,4,0,0,2,2,1,4,0,0,,0,,3,8,2,0,0,0,0,0,3,1,Matchs
369,Isaiah Jones,eng ENG,"AT,DF",Middlesbrough,23,1999,26.3,1466,29,186,512,790,103,1466,147,45,30.6,77,52.4,901,5986,2765,100,57,43,88,37,999,258,Matchs
370,Jamie Jones,eng ENG,GB,Wigan Athletic,33,1989,16.4,579,479,566,13,0,0,579,1,1,100.0,0,0.0,275,1645,1090,0,0,0,1,0,205,0,Matchs
371,Patrick Jones,wls WAL,"MT,AT",Huddersfield,19,2003,1.9,63,0,4,14,47,12,63,18,5,27.8,12,66.7,46,631,212,11,6,6,7,9,49,23,Matchs
372,Lukas Jutkiewicz,eng ENG,AT,Birmingham City,33,1989,20.6,827,27,63,358,415,93,827,17,12,70.6,3,17.6,331,1177,374,16,8,2,65,22,617,91,Matchs
373,Sory Kaba,gn GUI,AT,Cardiff City,27,1995,12.7,381,17,32,156,194,56,378,23,13,56.5,9,39.1,193,682,178,4,6,4,60,28,279,67,Matchs
374,Christian Kabasele,be BEL,DF,Watford,31,1991,20.7,1310,167,727,559,31,14,1310,4,3,75.0,1,25.0,706,3803,2159,14,9,0,10,4,786,2,Matchs
375,Dylan Kadji,eng ENG,"MT,DF",Bristol City,18,2003,0.3,19,1,6,9,4,1,19,1,1,100.0,0,0.0,10,49,22,0,1,1,2,0,11,0,Matchs
Clt,Joueur,Nation,Pos,Équipe,Âge,Naissance,90,Touches,SurfRépDéf,ZDéf,MilTer,ZOff,SurfRépOff,Action de jeu,Att,Succ,Succ%,Tkld,Tkld%,Balle au pied,TotDist,DistBut,PrgC,1/3,CSR,Manqué,Perte,Rec,PrgR,Matchs
376,Osman Kakay,sl SLE,"DF,AT",QPR,24,1997,13.8,730,39,186,265,292,20,730,34,9,26.5,19,55.9,329,2040,1014,40,30,5,24,12,348,57,Matchs
377,Tomáš Kalas,cz CZE,DF,Bristol City,29,1993,3.5,230,25,131,95,4,2,230,0,0,,0,,128,564,278,1,0,0,1,1,140,0,Matchs
378,Samuel Kalu,ng NGA,"AT,MT",Watford,24,1997,2.6,121,3,16,50,56,11,121,17,9,52.9,6,35.3,74,483,205,7,2,6,11,5,83,28,Matchs
379,Abu Kamara,eng ENG,AT,Norwich City,19,2003,0.4,19,0,8,6,5,1,19,4,2,50.0,2,50.0,9,50,6,0,0,1,0,1,10,2,Matchs
380,Hassane Kamara,ci CIV,DF,Watford,28,1994,29.0,2134,79,720,952,493,37,2134,65,33,50.8,28,43.1,1024,6662,3594,92,64,11,43,23,1156,117,Matchs
381,Florian Kamberi,ch SUI,AT,Huddersfield,27,1995,0.2,6,0,0,5,1,0,6,0,0,,0,,4,17,9,0,1,0,0,1,5,3,Matchs
382,Thomas Kaminski,be BEL,GB,Blackburn,29,1992,28.0,1085,906,1081,4,1,1,1085,0,0,,0,,550,2728,1693,0,0,0,0,0,514,0,Matchs
383,Todd Kane,eng ENG,"DF,MT",Coventry City,28,1993,2.7,200,12,60,66,75,6,200,4,2,50.0,2,50.0,81,463,218,10,4,2,6,3,98,38,Matchs
384,David Kasumu,eng ENG,"MT,DF",Huddersfield,22,1999,24.6,903,48,223,467,225,24,903,47,20,42.6,17,36.2,422,2506,1289,40,28,7,39,26,424,38,Matchs
385,Edo Kayembe,cd COD,MT,Watford,24,1998,19.7,1208,54,280,742,202,8,1208,31,26,83.9,5,16.1,718,4126,1833,33,25,4,31,19,758,26,Matchs
386,Will Keane,ie IRL,"MT,AT",Wigan Athletic,29,1993,36.4,1152,52,182,625,360,95,1150,65,37,56.9,22,33.8,629,3011,801,24,23,5,79,52,756,112,Matchs
387,Georgie Kelly,ie IRL,AT,Rotherham Utd,25,1996,7.8,296,11,21,135,143,47,296,6,1,16.7,3,50.0,137,400,131,4,3,1,33,17,223,27,Matchs
388,Liam Kelly,sct SCO,MT,Coventry City,32,1990,4.2,235,5,56,149,34,2,235,1,0,0.0,1,100.0,93,307,97,1,5,0,5,2,132,1,Matchs
389,Martin Kelly,eng ENG,DF,West Brom,32,1990,4.1,188,19,97,88,3,3,188,0,0,,0,,83,397,232,0,0,0,0,1,103,0,Matchs
390,Martin Kelly,eng ENG,DF,Wigan Athletic,32,1990,0.8,45,8,21,21,3,1,45,0,0,,0,,28,174,127,3,1,0,0,0,30,0,Matchs
391,Jason Kerr,sct SCO,DF,Wigan Athletic,25,1997,13.3,756,74,418,271,69,20,756,5,1,20.0,2,40.0,345,1147,526,11,7,0,5,2,398,10,Matchs
392,Kaine Kesler-Hayden,eng ENG,"DF,MT",Huddersfield,19,2002,9.8,466,25,151,193,126,11,466,22,7,31.8,12,54.5,215,1338,546,11,13,5,15,5,237,27,Matchs
393,Reda Khadra,de GER,"AT,DF",Sheffield Utd,21,2001,4.3,209,2,16,56,139,20,209,23,5,21.7,15,65.2,147,908,366,11,9,5,25,11,158,47,Matchs
394,Reda Khadra,de GER,"AT,MT",Birmingham City,21,2001,9.9,285,2,33,90,176,21,285,56,24,42.9,28,50.0,191,1598,802,30,18,13,33,23,201,68,Matchs
395,Gavin Kilkenny,ie IRL,"MT,DF",Stoke City,22,2000,1.1,67,3,17,37,13,0,67,2,0,0.0,1,50.0,24,131,37,1,0,0,2,0,38,0,Matchs
396,Andy King,wls WAL,"MT,DF",Bristol City,33,1988,15.3,869,70,291,444,135,19,869,4,3,75.0,1,25.0,361,1417,520,3,4,0,10,1,476,7,Matchs
397,Eli King,wls WAL,MT,Cardiff City,19,2002,0.0,3,0,1,2,0,0,3,0,0,,0,,3,10,3,0,0,0,0,0,2,0,Matchs
398,Peter Kioso,,"DF,AT",Rotherham Utd,23,1998,3.9,153,22,40,64,51,6,153,2,1,50.0,1,50.0,59,349,109,3,3,0,5,1,85,17,Matchs
399,Cédric Kipré,ci CIV,DF,Cardiff City,25,1996,41.2,2034,333,1132,815,100,43,2034,27,16,59.3,7,25.9,1026,5895,3427,21,12,2,28,7,1013,16,Matchs
400,Timm Klose,ch SUI,DF,Bristol City,34,1988,5.4,313,41,173,126,16,12,313,0,0,,0,,124,564,275,0,2,0,2,1,140,0,Matchs
Clt,Joueur,Nation,Pos,Équipe,Âge,Naissance,90,Touches,SurfRépDéf,ZDéf,MilTer,ZOff,SurfRépOff,Action de jeu,Att,Succ,Succ%,Tkld,Tkld%,Balle au pied,TotDist,DistBut,PrgC,1/3,CSR,Manqué,Perte,Rec,PrgR,Matchs
401,Anthony Knockaert,fr FRA,"AT,MT",Huddersfield,30,1991,2.6,142,1,19,64,61,3,142,12,4,33.3,7,58.3,88,359,118,1,3,0,8,5,93,13,Matchs
402,Ismaël Koné,ca CAN,MT,Watford,20,2002,11.3,513,8,88,279,158,14,513,29,22,75.9,3,10.3,341,2370,1081,25,16,3,20,8,380,37,Matchs
403,Josh Koroma,eng ENG,"AT,MT",Huddersfield,23,1998,13.4,445,12,73,151,233,39,445,45,20,44.4,23,51.1,255,1786,1005,41,19,16,25,17,260,60,Matchs
404,Tim Krul,nl NED,GB,Norwich City,34,1988,16.0,643,525,632,11,0,0,643,0,0,,0,,376,1846,982,0,0,0,1,0,322,0,Matchs
405,Ethan Laird,eng ENG,DF,QPR,21,2001,28.1,1668,57,464,706,524,65,1668,83,21,25.3,46,55.4,783,5638,2947,103,63,20,51,27,833,117,Matchs
406,Callum Lang,eng ENG,"AT,MT",Wigan Athletic,23,1998,28.5,987,30,131,400,486,108,987,121,32,26.4,62,51.2,633,4811,2050,80,47,16,99,39,664,178,Matchs
407,Alex Lankshear,eng ENG,DF,Blackpool,19,2002,0.1,9,2,5,0,4,0,9,0,0,,0,,2,3,2,0,0,0,0,0,1,0,Matchs
408,Henri Lansbury,eng ENG,MT,Luton Town,31,1990,5.1,271,10,55,155,62,3,271,3,0,0.0,3,100.0,104,431,189,4,1,1,5,1,124,3,Matchs
409,Joël Latibeaudière,jm JAM,DF,Swansea City,22,2000,28.9,2179,75,602,1123,468,39,2179,20,9,45.0,8,40.0,1203,5592,2965,49,53,9,37,14,1591,129,Matchs
410,Josh Laurent,eng ENG,MT,Stoke City,27,1995,29.1,1518,36,243,834,465,73,1518,73,35,47.9,35,47.9,752,4680,2464,72,52,12,59,31,887,110,Matchs
411,Shayne Lavery,nir NIR,"AT,MT",Blackpool,23,1998,14.0,409,13,71,151,192,42,409,45,11,24.4,30,66.7,221,1496,610,25,17,14,42,23,236,63,Matchs
412,Ryan Ledson,eng ENG,MT,Preston,24,1997,24.3,1187,68,311,713,171,4,1187,13,4,30.8,4,30.8,458,1574,528,4,11,0,9,4,575,7,Matchs
413,Tom Lees,eng ENG,DF,Huddersfield,31,1990,41.5,2249,291,1159,981,116,55,2249,2,1,50.0,1,50.0,998,4007,2154,5,6,0,14,1,1146,7,Matchs
414,Lewis Leigh,eng ENG,AT,Preston,18,2003,0.0,3,0,0,3,0,0,3,0,0,,0,,2,3,1,0,0,0,0,0,1,0,Matchs
415,Jonathan Leko,eng ENG,"DF,MT",Birmingham City,23,1999,1.4,76,1,10,26,41,2,76,13,5,38.5,5,38.5,44,418,173,7,7,1,1,5,46,12,Matchs
416,Darragh Lenihan,ie IRL,DF,Middlesbrough,28,1994,39.8,3250,310,1521,1603,137,52,3250,3,2,66.7,1,33.3,1873,9014,5107,25,31,1,11,4,2156,11,Matchs
417,Harry Leonard,eng ENG,"MT,AT",Blackburn,18,2003,0.5,18,0,0,6,12,4,18,1,0,0.0,1,100.0,5,18,2,0,0,0,3,0,6,4,Matchs
418,Ryan Leonard,eng ENG,"MT,DF",Millwall,30,1992,11.2,556,48,187,281,97,4,556,9,5,55.6,4,44.4,181,956,398,8,9,2,15,6,203,9,Matchs
419,Isaac Lihadji,fr FRA,"AT,MT",Sunderland,20,2002,0.9,50,0,6,22,23,0,50,7,2,28.6,5,71.4,27,251,105,4,4,0,4,1,36,6,Matchs
420,Jamie Lindsay,sct SCO,MT,Rotherham Utd,26,1995,21.4,866,51,154,472,249,21,866,11,3,27.3,7,63.6,326,1348,554,4,5,2,20,11,436,23,Matchs
421,Liam Lindsay,sct SCO,DF,Preston,26,1995,35.4,1904,306,1089,770,58,36,1904,9,3,33.3,5,55.6,822,4036,2385,5,3,0,23,4,895,7,Matchs
422,Jake Livermore,eng ENG,MT,West Brom,32,1989,9.0,408,14,83,251,79,16,408,3,0,0.0,3,100.0,176,626,213,3,5,0,11,2,223,9,Matchs
423,Tom Lockyer,wls WAL,DF,Luton Town,27,1994,38.3,2112,258,1180,835,122,44,2112,18,9,50.0,4,22.2,942,5212,2659,12,16,3,18,8,888,11,Matchs
424,George Long,eng ENG,GB,Millwall,28,1993,36.0,1122,873,1105,18,0,0,1122,2,1,50.0,0,0.0,507,3769,2411,0,0,0,3,0,392,0,Matchs
425,Kevin Long,ie IRL,DF,Birmingham City,31,1990,16.7,745,113,437,291,24,14,745,2,2,100.0,0,0.0,270,1246,547,2,1,2,12,0,299,1,Matchs
Clt,Joueur,Nation,Pos,Équipe,Âge,Naissance,90,Touches,SurfRépDéf,ZDéf,MilTer,ZOff,SurfRépOff,Action de jeu,Att,Succ,Succ%,Tkld,Tkld%,Balle au pied,TotDist,DistBut,PrgC,1/3,CSR,Manqué,Perte,Rec,PrgR,Matchs
426,Shane Long,ie IRL,AT,Reading,35,1987,15.9,468,19,47,188,239,34,467,22,5,22.7,15,68.2,260,1237,341,13,13,4,41,37,351,79,Matchs
427,Emmanuel Longelo,eng ENG,"DF,AT",Birmingham City,21,2000,18.7,962,48,251,364,359,29,962,58,22,37.9,28,48.3,432,3223,1629,64,37,11,39,20,468,81,Matchs
428,Ryan Longman,eng ENG,"AT,MT",Hull City,21,2000,20.9,865,19,115,353,405,75,865,42,20,47.6,16,38.1,494,3392,1409,47,26,16,70,19,634,171,Matchs
429,Mamadou Loum,sn SEN,MT,Reading,25,1996,22.6,1110,74,289,706,129,18,1110,56,29,51.8,18,32.1,478,2339,957,13,15,1,45,14,561,18,Matchs
430,Imran Louza,ma MAR,MT,Watford,23,1999,15.9,1319,23,216,783,329,20,1318,29,9,31.0,15,51.7,653,3155,1590,25,23,2,32,15,845,49,Matchs
431,Joseph Low,wls WAL,DF,Bristol City,20,2002,0.1,3,1,2,0,1,1,3,0,0,,0,,1,3,0,0,0,0,0,0,2,0,Matchs
432,Jamal Lowe,jm JAM,"AT,MT",QPR,28,1994,15.3,434,8,58,165,225,49,433,33,12,36.4,17,51.5,219,1351,563,21,10,11,53,16,229,79,Matchs
433,Max Lowe,eng ENG,DF,Sheffield Utd,25,1997,22.3,1072,57,305,413,367,28,1072,20,10,50.0,9,45.0,447,2055,1053,25,16,8,36,12,536,112,Matchs
434,Nathan Lowe,eng ENG,MT,Stoke City,16,2005,0.0,4,0,0,1,3,2,4,0,0,,0,,1,7,0,0,0,0,1,0,3,1,Matchs
435,Matthew Lowton,eng ENG,DF,Huddersfield,33,1989,6.8,411,32,134,204,78,4,411,4,4,100.0,0,0.0,165,669,350,6,2,0,6,3,185,6,Matchs
436,Joe Lumley,eng ENG,GB,Reading,27,1995,40.3,1324,1047,1295,29,1,1,1324,0,0,,0,,591,3661,2278,0,0,0,1,0,392,0,Matchs
437,Rohan Luthra,eng ENG,GB,Cardiff City,21,2001,0.0,1,1,1,0,0,0,1,0,0,,0,,0,0,0,0,0,0,0,0,0,0,Matchs
438,Andy Lyons,ie IRL,"DF,AT",Blackpool,21,2000,14.5,594,43,202,212,181,33,594,21,6,28.6,13,61.9,200,1046,565,18,6,6,17,8,234,29,Matchs
439,Ian Maatsen,nl NED,DF,Burnley,20,2002,36.5,3143,75,834,1614,734,50,3143,62,25,40.3,28,45.2,1767,10502,6163,128,76,13,83,38,1962,130,Matchs
440,Gary Madine,eng ENG,AT,Blackpool,31,1990,19.6,654,38,56,313,289,72,654,17,9,52.9,7,41.2,300,974,273,6,15,3,47,20,480,70,Matchs
441,Josh Magennis,nir NIR,AT,Wigan Athletic,31,1990,14.3,366,17,31,162,176,50,366,5,3,60.0,2,40.0,158,844,256,11,3,2,25,7,289,44,Matchs
442,Seán Maguire,ie IRL,AT,Preston,28,1994,3.6,132,4,11,47,74,15,132,7,2,28.6,5,71.4,84,408,122,3,4,1,6,6,106,27,Matchs
443,Seán Maguire,ie IRL,"MT,DF",Coventry City,28,1994,1.2,63,1,7,36,20,5,63,5,3,60.0,1,20.0,42,203,105,4,0,2,6,6,48,8,Matchs
444,Connor Mahoney,eng ENG,"MT,AT",Huddersfield,25,1997,2.0,115,5,26,53,37,2,115,1,0,0.0,1,100.0,54,411,167,6,4,0,4,6,68,14,Matchs
445,Jovan Malcolm,eng ENG,AT,West Brom,19,2002,0.0,1,0,0,1,0,0,1,0,0,,0,,2,6,0,0,0,0,0,1,2,1,Matchs
446,Scott Malone,eng ENG,DF,Millwall,31,1991,16.1,1005,31,202,441,372,28,1005,28,16,57.1,10,35.7,382,1635,837,22,11,6,22,8,431,73,Matchs
447,Rey Manaj,al ALB,AT,Watford,25,1997,2.1,64,1,5,32,28,12,64,3,1,33.3,2,66.7,40,242,99,4,2,5,9,3,51,11,Matchs
448,Ryan Manning,ie IRL,DF,Swansea City,26,1996,41.1,3307,98,809,1272,1257,95,3307,57,25,43.9,18,31.6,1635,8271,4397,101,69,27,44,29,2131,340,Matchs
449,Benson Manuel,be BEL,AT,Burnley,25,1997,16.6,945,5,51,310,598,96,945,84,36,42.9,36,42.9,749,6306,3197,118,52,51,47,32,784,196,Matchs
450,Dilan Markanday,eng ENG,AT,Blackburn,20,2001,0.4,22,0,2,13,8,5,22,7,3,42.9,3,42.9,14,102,43,1,0,1,1,0,13,2,Matchs
Clt,Joueur,Nation,Pos,Équipe,Âge,Naissance,90,Touches,SurfRépDéf,ZDéf,MilTer,ZOff,SurfRépOff,Action de jeu,Att,Succ,Succ%,Tkld,Tkld%,Balle au pied,TotDist,DistBut,PrgC,1/3,CSR,Manqué,Perte,Rec,PrgR,Matchs
451,Marquinhos,br BRA,"AT,MT",Norwich City,19,2003,7.0,294,10,57,129,113,18,294,16,7,43.8,5,31.3,186,1006,405,9,6,6,13,19,206,39,Matchs
452,Chris Martin,sct SCO,AT,Bristol City,33,1988,5.7,222,12,33,104,85,19,222,4,2,50.0,2,50.0,91,436,120,4,2,0,7,4,168,29,Matchs
453,Chris Martin,sct SCO,AT,QPR,33,1988,11.6,356,16,27,144,186,46,356,8,2,25.0,6,75.0,153,496,118,2,6,0,11,20,288,58,Matchs
454,Matheus Martins,br BRA,"MT,AT",Watford,19,2003,3.9,167,1,20,53,99,24,167,17,5,29.4,8,47.1,95,817,273,12,3,9,19,9,105,33,Matchs
455,Han-Noah Massengo,fr FRA,MT,Bristol City,21,2001,5.5,272,3,62,155,60,5,272,9,3,33.3,5,55.6,164,975,404,6,6,1,10,8,180,8,Matchs
456,Conor Masterson,ie IRL,MT,QPR,23,1998,0.0,3,0,0,1,2,0,3,0,0,,0,,0,0,0,0,0,0,0,0,0,0,Matchs
457,Jay Matete,eng ENG,"MT,AT",Sunderland,21,2001,1.8,102,6,26,65,16,1,102,7,3,42.9,4,57.1,57,333,169,2,2,0,2,3,58,1,Matchs
458,Noah Mawene,eng ENG,MT,Preston,17,2005,0.0,0,0,0,0,0,0,0,0,0,,0,,0,0,0,0,0,0,0,0,0,0,Matchs
459,Chris Maxwell,wls WAL,GB,Blackpool,32,1990,28.0,932,730,917,16,0,0,932,0,0,,0,,419,2711,1646,0,0,0,0,0,257,0,Matchs
460,Amadou Mbengue,sn SEN,DF,Reading,20,2002,18.8,1004,100,440,452,121,7,1004,11,4,36.4,4,36.4,406,1918,842,10,7,0,17,11,434,31,Matchs
461,Luke Mbete-Tatu,eng ENG,DF,Huddersfield,18,2003,2.3,144,19,73,69,2,0,144,0,0,,0,,81,424,260,1,1,0,3,0,96,0,Matchs
462,James Mcatee,eng ENG,MT,Sheffield Utd,19,2002,21.1,996,8,97,422,491,87,996,82,39,47.6,29,35.4,568,3932,2169,82,49,25,46,33,635,121,Matchs
463,Oliver McBurnie,sct SCO,AT,Sheffield Utd,26,1996,24.7,1027,50,84,439,506,158,1027,44,18,40.9,25,56.8,420,1654,504,13,21,6,56,27,729,154,Matchs
464,Sam McCallum,eng ENG,DF,Norwich City,21,2000,12.6,962,47,385,375,214,9,962,21,5,23.8,11,52.4,444,2054,1049,14,15,0,13,6,495,47,Matchs
465,Alistair McCann,nir NIR,MT,Preston,22,1999,21.1,1065,34,229,590,260,23,1065,19,5,26.3,7,36.8,475,1837,671,12,14,1,30,18,588,46,Matchs
466,Jamie McCart,sct SCO,DF,Rotherham Utd,25,1997,2.0,147,8,60,68,19,1,147,0,0,,0,,60,238,144,1,2,0,1,0,72,1,Matchs
467,James McClean,ie IRL,"DF,AT",Wigan Athletic,33,1989,44.5,2565,116,732,980,879,69,2564,78,43,55.1,24,30.8,1213,6764,3243,88,43,13,62,22,1370,200,Matchs
468,Kyle McFadzean,sct SCO,DF,Coventry City,35,1987,32.4,1683,275,1007,649,47,25,1683,6,4,66.7,2,33.3,761,3338,1337,3,1,1,11,5,758,4,Matchs
469,Riley McGree,au AUS,"AT,MT",Middlesbrough,23,1998,33.5,1971,27,199,886,907,132,1971,69,30,43.5,33,47.8,1109,5506,2359,76,69,18,80,45,1484,243,Matchs
470,Mark McGuinness,ie IRL,DF,Cardiff City,21,2001,19.0,933,134,478,409,53,19,933,10,7,70.0,1,10.0,407,2051,952,8,5,0,7,4,423,7,Matchs
471,Tom McIntyre,sct SCO,"DF,MT",Reading,23,1998,34.6,1847,153,707,931,219,46,1847,25,12,48.0,11,44.0,819,4242,2418,33,18,6,27,12,975,31,Matchs
472,Kenny McLean,sct SCO,"MT,DF",Norwich City,30,1992,34.0,2480,89,749,1342,419,54,2480,34,16,47.1,11,32.4,1487,9089,5185,70,63,2,31,24,1697,59,Matchs
473,Sean McLoughlin,ie IRL,DF,Hull City,25,1996,23.8,1744,270,1029,684,35,11,1744,7,5,71.4,1,14.3,983,4843,2868,4,9,0,10,2,1135,2,Matchs
474,Paddy McNair,nir NIR,"DF,MT",Middlesbrough,27,1995,24.9,1847,149,734,897,228,30,1847,5,1,20.0,2,40.0,1166,7050,3561,42,44,3,18,6,1249,42,Matchs
475,Luke McNally,ie IRL,"DF,MT",Burnley,22,1999,0.0,3,1,2,0,1,1,3,0,0,,0,,1,0,0,0,0,0,0,0,2,0,Matchs
Clt,Joueur,Nation,Pos,Équipe,Âge,Naissance,90,Touches,SurfRépDéf,ZDéf,MilTer,ZOff,SurfRépOff,Action de jeu,Att,Succ,Succ%,Tkld,Tkld%,Balle au pied,TotDist,DistBut,PrgC,1/3,CSR,Manqué,Perte,Rec,PrgR,Matchs
476,Luke McNally,ie IRL,DF,Coventry City,22,1999,19.0,991,145,540,406,50,17,991,11,7,63.6,2,18.2,469,3068,1869,15,11,1,4,4,481,2,Matchs
477,Dan McNamara,ie IRL,DF,Millwall,23,1998,39.8,2225,101,668,1074,498,18,2225,32,13,40.6,12,37.5,909,4811,2584,77,56,3,43,22,1039,138,Matchs
478,Anis Mehmeti,al ALB,AT,Bristol City,21,2001,8.1,354,4,37,106,221,53,354,52,25,48.1,24,46.2,225,1990,1104,47,20,23,20,22,234,68,Matchs
479,Yakou Méïte,ci CIV,AT,Reading,26,1996,15.8,455,19,49,160,248,79,454,43,12,27.9,21,48.8,235,1591,663,31,16,16,50,17,313,94,Matchs
480,Hannibal Mejbri,tn TUN,"MT,AT",Birmingham City,19,2003,21.6,1074,21,154,485,454,30,1074,63,18,28.6,30,47.6,516,3175,1541,46,33,15,69,43,594,87,Matchs
481,Edouard Michut,fr FRA,MT,Sunderland,19,2003,12.6,662,18,144,414,116,10,662,40,17,42.5,16,40.0,397,2140,1083,18,15,1,20,12,445,18,Matchs
482,Billy Mitchell,eng ENG,MT,Millwall,22,2000,33.3,1808,67,321,1098,421,10,1808,27,15,55.6,9,33.3,937,5406,2162,44,38,2,39,24,1116,40,Matchs
483,Clinton Mola,eng ENG,DF,Blackburn,21,2001,2.1,136,9,65,47,24,3,136,1,0,0.0,0,0.0,61,278,131,0,2,0,1,2,82,3,Matchs
484,Jayson Molumby,ie IRL,MT,West Brom,22,1999,32.3,1921,65,345,1146,446,52,1921,35,13,37.1,18,51.4,968,4557,2027,47,38,4,47,19,1226,81,Matchs
485,Liam Moore,jm JAM,DF,Reading,29,1993,0.7,45,2,15,24,6,1,45,0,0,,0,,19,91,55,1,0,1,0,0,24,0,Matchs
486,Simon Moore,eng ENG,GB,Coventry City,32,1990,3.0,97,79,96,2,0,0,97,0,0,,0,,50,205,139,0,0,0,1,0,38,0,Matchs
487,Carlton Morris,eng ENG,AT,Luton Town,26,1995,37.4,1464,55,132,519,825,205,1463,75,38,50.7,27,36.0,772,4153,1432,71,31,35,128,63,1121,290,Matchs
488,James Morris,eng ENG,DF,Watford,20,2001,5.9,413,8,120,186,110,5,413,6,3,50.0,2,33.3,212,1120,646,24,8,2,8,2,229,47,Matchs
489,Sean Morrison,eng ENG,DF,Rotherham Utd,31,1991,1.9,45,13,27,15,4,3,45,0,0,,0,,4,13,7,0,0,0,0,0,6,0,Matchs
490,Tyler Morton,eng ENG,MT,Blackburn,19,2002,30.9,2202,69,577,1273,366,20,2202,34,17,50.0,14,41.2,1177,4346,1966,24,21,6,46,20,1494,49,Matchs
491,Alex Mowatt,eng ENG,MT,West Brom,27,1995,0.0,2,0,0,0,2,0,2,0,0,,0,,0,0,0,0,0,0,0,0,1,0,Matchs
492,Alex Mowatt,eng ENG,MT,Middlesbrough,27,1995,12.7,895,21,148,542,210,8,895,10,4,40.0,3,30.0,538,2128,844,7,15,1,7,2,673,20,Matchs
493,Rodrigo Muniz,br BRA,AT,Middlesbrough,21,2001,9.9,216,11,15,78,124,41,216,15,6,40.0,7,46.7,110,475,158,8,3,5,25,16,155,42,Matchs
494,Arijanet Muric,xk KVX,GB,Burnley,23,1998,40.2,1654,1220,1615,41,0,0,1654,2,2,100.0,0,0.0,1122,5225,2782,0,0,0,1,1,1017,0,Matchs
495,Admiral Muskwe,zw ZIM,AT,Luton Town,23,1998,1.2,37,2,4,12,23,2,37,3,1,33.3,1,33.3,28,245,67,3,2,1,1,1,26,9,Matchs
496,Kal Naismith,sct SCO,"DF,MT",Bristol City,30,1992,21.9,1754,181,763,826,181,17,1754,33,22,66.7,6,18.2,888,4844,2737,18,20,1,26,9,961,12,Matchs
497,Marvelous Nakamba,zw ZIM,MT,Luton Town,28,1994,15.8,755,22,183,464,119,6,755,24,12,50.0,10,41.7,323,1625,631,9,14,1,22,19,329,5,Matchs
498,Yuta Nakayama,jp JPN,DF,Huddersfield,25,1997,12.0,814,60,385,349,85,15,814,7,2,28.6,4,57.1,357,1777,965,13,14,0,16,7,442,13,Matchs
499,Kyle Naughton,eng ENG,DF,Swansea City,33,1988,16.9,1421,118,530,728,170,11,1421,11,2,18.2,7,63.6,809,4294,2520,31,22,2,7,9,1019,25,Matchs
500,Tom Naylor,eng ENG,MT,Wigan Athletic,31,1991,22.3,1047,87,319,607,134,32,1047,12,4,33.3,3,25.0,508,2660,1102,19,19,0,10,10,562,16,Matchs
Clt,Joueur,Nation,Pos,Équipe,Âge,Naissance,90,Touches,SurfRépDéf,ZDéf,MilTer,ZOff,SurfRépOff,Action de jeu,Att,Succ,Succ%,Tkld,Tkld%,Balle au pied,TotDist,DistBut,PrgC,1/3,CSR,Manqué,Perte,Rec,PrgR,Matchs
501,Iliman Ndiaye,sn SEN,"AT,MT",Sheffield Utd,22,2000,41.1,1635,12,127,696,854,174,1635,203,112,55.2,71,35.0,1008,6549,2691,93,58,50,151,82,1123,280,Matchs
502,Daniel Neil,eng ENG,MT,Sunderland,21,2001,39.8,2346,60,521,1443,414,35,2346,62,26,41.9,32,51.6,1351,6065,3079,51,53,7,62,46,1647,75,Matchs
503,Curtis Nelson,eng ENG,DF,Cardiff City,29,1993,5.3,275,51,133,128,14,5,275,0,0,,0,,110,569,319,5,1,0,2,0,144,2,Matchs
504,Curtis Nelson,eng ENG,DF,Blackpool,29,1993,17.0,879,146,512,335,39,19,879,3,2,66.7,1,33.3,342,1586,897,6,1,0,4,2,363,5,Matchs
505,Perry Ng,eng ENG,DF,Cardiff City,26,1996,41.3,2522,247,1078,1164,296,24,2522,29,15,51.7,13,44.8,1238,5842,3437,27,32,4,23,13,1364,25,Matchs
506,Jeremy Ngakia,eng ENG,DF,Watford,21,2000,9.2,523,29,182,184,162,12,523,29,18,62.1,9,31.0,260,1497,808,20,10,4,19,6,265,42,Matchs
507,Lee Nicholls,eng ENG,GB,Huddersfield,29,1992,28.0,955,817,936,19,0,0,955,0,0,,0,,475,3268,2060,0,0,0,1,0,326,0,Matchs
508,Niels Nkounkou,fr FRA,DF,Cardiff City,21,2000,13.6,889,46,274,412,219,12,889,54,25,46.3,24,44.4,432,3241,1964,51,28,10,26,13,457,28,Matchs
509,Rhys Norrington-Davies,wls WAL,DF,Sheffield Utd,23,1999,14.0,940,55,289,425,235,20,940,12,4,33.3,5,41.7,477,3355,1942,52,25,5,19,8,528,64,Matchs
510,Brooke Norton-Cuffy,eng ENG,"AT,DF",Rotherham Utd,18,2004,14.4,560,28,117,220,245,11,560,75,28,37.3,38,50.7,317,2453,1222,46,31,6,27,24,329,76,Matchs
511,Brooke Norton-Cuffy,eng ENG,"DF,AT",Coventry City,18,2004,14.6,729,30,205,270,268,24,729,73,29,39.7,37,50.7,323,2607,1339,53,30,12,34,29,309,63,Matchs
512,Oliver Norwood,nir NIR,MT,Sheffield Utd,31,1991,39.2,3172,119,666,1813,714,14,3171,14,8,57.1,6,42.9,1340,4807,2095,12,28,5,25,11,1887,36,Matchs
513,Olivier Ntcham,cm CMR,"MT,AT",Swansea City,26,1996,22.9,1585,26,178,830,588,39,1585,56,36,64.3,15,26.8,1023,6863,3408,126,92,12,41,25,1300,149,Matchs
514,Marcelino Núñez,cl CHI,MT,Norwich City,22,2000,22.7,1473,25,225,777,489,38,1473,56,25,44.6,28,50.0,850,4116,1636,25,35,3,50,33,978,75,Matchs
515,Ryan Nyambe,na NAM,DF,Wigan Athletic,24,1997,24.5,1392,86,563,565,267,11,1392,39,12,30.8,21,53.8,633,3166,1384,29,30,3,41,17,687,67,Matchs
516,Callum O'Dowda,ie IRL,"DF,AT",Cardiff City,27,1995,34.1,1829,84,457,793,601,88,1829,73,34,46.6,29,39.7,831,5638,2788,107,51,28,54,24,979,171,Matchs
517,Callum O'Hare,eng ENG,"MT,AT",Coventry City,24,1998,7.0,407,3,22,161,226,37,407,28,6,21.4,20,71.4,248,1272,596,21,18,9,19,16,311,73,Matchs
518,Max O'Leary,ie IRL,GB,Bristol City,25,1996,33.0,1346,1006,1313,33,1,0,1346,0,0,,0,,731,3773,2440,0,0,0,2,0,620,0,Matchs
519,Mikey O'Neill,eng ENG,"MT,DF",Preston,18,2004,0.2,10,0,0,2,8,0,10,0,0,,0,,6,4,0,0,0,0,3,0,9,0,Matchs
520,Luke O'Nien,eng ENG,DF,Sunderland,27,1994,35.4,2590,291,1324,1113,170,33,2590,13,7,53.8,5,38.5,1344,6804,4047,27,17,1,17,8,1578,22,Matchs
521,Dara O'Shea,ie IRL,DF,West Brom,23,1999,37.0,2772,278,1395,1250,145,50,2772,13,8,61.5,4,30.8,1563,8233,4865,23,22,0,11,5,1768,8,Matchs
522,Michael Obafemi,ie IRL,"AT,MT",Burnley,22,2000,2.0,82,2,8,30,44,9,82,2,1,50.0,1,50.0,54,226,74,2,1,1,4,3,58,18,Matchs
523,Michael Obafemi,ie IRL,AT,Swansea City,22,2000,12.9,260,7,33,65,170,38,260,22,5,22.7,15,68.2,147,1019,403,14,13,10,31,17,181,64,Matchs
524,Hakeem Odoffin,eng ENG,MT,Rotherham Utd,24,1998,13.7,566,38,137,245,185,34,566,8,3,37.5,3,37.5,171,698,199,5,10,1,27,11,245,33,Matchs
525,Chiedozie Ogbene,ie IRL,AT,Rotherham Utd,25,1997,36.0,1260,32,147,393,746,114,1260,155,58,37.4,62,40.0,784,5995,2932,107,74,35,140,59,840,244,Matchs
Clt,Joueur,Nation,Pos,Équipe,Âge,Naissance,90,Touches,SurfRépDéf,ZDéf,MilTer,ZOff,SurfRépOff,Action de jeu,Att,Succ,Succ%,Tkld,Tkld%,Balle au pied,TotDist,DistBut,PrgC,1/3,CSR,Manqué,Perte,Rec,PrgR,Matchs
526,Sheyi Ojo,eng ENG,"AT,MT",Cardiff City,25,1997,21.4,801,16,108,309,400,55,801,83,26,31.3,33,39.8,508,4165,1926,75,51,18,66,37,560,124,Matchs
527,Armstrong Okoflex,ie IRL,"DF,AT",Swansea City,20,2002,3.3,179,5,17,54,111,18,179,23,5,21.7,10,43.5,125,906,428,20,8,8,7,3,131,34,Matchs
528,Isaac Olaofe,eng ENG,AT,Millwall,22,1999,0.1,8,0,0,3,5,2,8,0,0,,0,,5,15,14,1,0,1,3,0,8,4,Matchs
529,Andrew Omobamidele,ie IRL,DF,Norwich City,20,2002,28.5,2134,226,1068,980,97,14,2134,13,6,46.2,2,15.4,1334,7959,4870,32,18,1,18,6,1449,8,Matchs
530,Charles Ondo,gq EQG,AT,Huddersfield,18,2003,0.1,2,0,0,0,2,0,2,0,0,,0,,2,2,0,0,0,0,1,1,2,0,Matchs
531,Josh Onomah,eng ENG,MT,Preston,25,1997,4.9,188,6,21,92,75,12,188,14,8,57.1,5,35.7,101,522,284,7,7,0,5,14,119,18,Matchs
532,Fred Onyedinma,eng ENG,"DF,MT",Luton Town,25,1996,7.2,352,21,84,130,145,21,352,34,9,26.5,17,50.0,182,1496,607,27,12,15,25,10,191,35,Matchs
533,Ben Osborn,eng ENG,"MT,DF",Sheffield Utd,27,1994,11.9,721,28,138,306,286,26,721,17,9,52.9,4,23.5,360,1664,712,22,20,0,17,14,437,73,Matchs
534,Gabriel Osho,ng NGA,DF,Luton Town,23,1998,21.9,1049,98,479,474,112,28,1049,21,10,47.6,7,33.3,478,2666,1505,16,23,1,19,7,445,10,Matchs
535,William Osula,dk DEN,AT,Sheffield Utd,18,2003,0.6,19,0,0,7,14,5,19,2,1,50.0,1,50.0,10,50,18,1,0,1,2,0,12,5,Matchs
536,Kenneth Paal,sr SUR,DF,QPR,25,1997,39.1,2481,118,845,1013,635,28,2481,33,14,42.4,10,30.3,1003,4037,1860,33,29,4,41,17,1211,132,Matchs
537,Alex Palmer,eng ENG,GB,West Brom,25,1996,23.0,803,649,795,8,0,0,803,0,0,,0,,404,1910,1160,0,0,0,1,1,383,0,Matchs
538,Kasey Palmer,jm JAM,"MT,AT",Coventry City,25,1996,19.1,927,21,81,474,385,57,927,68,34,50.0,22,32.4,466,2497,1106,42,26,15,74,43,603,104,Matchs
539,Jonathan Panzo,eng ENG,DF,Coventry City,21,2000,24.9,1390,124,617,685,104,17,1390,12,5,41.7,5,41.7,817,5125,2966,25,23,0,17,7,833,7,Matchs
540,Troy Parrott,ie IRL,AT,Preston,20,2002,21.7,846,16,79,338,443,89,845,60,25,41.7,25,41.7,540,3124,1186,50,36,28,70,53,630,158,Matchs
541,Jamie Paterson,eng ENG,"AT,MT",Swansea City,30,1991,10.5,583,3,41,201,347,48,583,37,16,43.2,19,51.4,371,1992,808,32,22,15,26,14,444,123,Matchs
542,Charlie Patino,eng ENG,MT,Blackpool,18,2003,27.0,1570,65,397,843,348,20,1570,45,21,46.7,13,28.9,766,3977,1640,30,22,6,53,31,833,42,Matchs
543,Anthony Patterson,eng ENG,GB,Sunderland,22,2000,46.0,1610,1391,1601,9,1,1,1610,1,1,100.0,0,0.0,876,4818,2702,1,0,0,3,0,673,0,Matchs
544,Bailey Peacock-Farrell,nir NIR,GB,Burnley,25,1996,5.8,238,182,234,4,0,0,238,0,0,,0,,134,639,376,0,0,0,0,0,134,0,Matchs
545,Tom Pearce,eng ENG,"DF,MT",Wigan Athletic,24,1998,4.4,243,20,101,95,48,5,243,6,3,50.0,2,33.3,125,780,554,9,7,1,3,1,130,17,Matchs
546,Aynsley Pears,eng ENG,GB,Blackburn,24,1998,18.0,685,596,680,6,0,0,685,0,0,,0,,386,1910,1114,0,0,0,0,0,342,0,Matchs
547,Ben Pearson,eng ENG,MT,Stoke City,27,1995,13.0,775,34,187,499,97,4,775,14,7,50.0,5,35.7,404,2081,1060,15,9,2,11,5,437,8,Matchs
548,Matty Pearson,eng ENG,DF,Huddersfield,28,1993,15.6,737,71,321,319,100,18,737,5,2,40.0,2,40.0,267,972,394,3,6,0,7,4,284,9,Matchs
549,Dimitris Pelkas,gr GRE,"MT,AT",Hull City,28,1993,14.3,624,2,77,318,236,37,624,31,13,41.9,16,51.6,342,2125,1163,35,28,7,28,11,393,72,Matchs
550,Lee Peltier,eng ENG,DF,Rotherham Utd,35,1986,27.4,1523,157,499,757,271,15,1523,9,6,66.7,2,22.2,494,1794,564,8,6,1,14,8,541,13,Matchs
Clt,Joueur,Nation,Pos,Équipe,Âge,Naissance,90,Touches,SurfRépDéf,ZDéf,MilTer,ZOff,SurfRépOff,Action de jeu,Att,Succ,Succ%,Tkld,Tkld%,Balle au pied,TotDist,DistBut,PrgC,1/3,CSR,Manqué,Perte,Rec,PrgR,Matchs
551,Ashley Phillips,wls WAL,DF,Blackburn,17,2005,5.0,265,43,152,108,6,3,265,2,1,50.0,1,50.0,169,694,364,1,1,0,4,1,174,2,Matchs
552,Matt Phillips,sct SCO,"AT,MT",West Brom,31,1991,13.3,697,16,124,285,304,29,697,33,15,45.5,18,54.5,389,2408,1149,46,24,10,29,12,434,102,Matchs
553,Jaden Philogene Bidace,eng ENG,"AT,MT",Cardiff City,20,2002,24.9,987,15,148,378,478,86,987,128,62,48.4,51,39.8,626,4180,1746,74,39,34,65,68,621,139,Matchs
554,Harry Pickering,eng ENG,DF,Blackburn,23,1998,38.4,2614,114,985,1183,467,23,2614,23,10,43.5,11,47.8,1243,5021,2625,43,22,5,28,8,1502,76,Matchs
555,Erik Pieters,nl NED,DF,West Brom,33,1988,32.9,2104,229,997,1004,110,6,2104,4,3,75.0,0,0.0,1134,6175,4057,37,15,3,8,7,1267,7,Matchs
556,Joël Piroe,nl NED,"AT,MT",Swansea City,22,1999,42.1,1475,46,150,630,707,181,1472,80,39,48.8,35,43.8,838,3936,1905,63,44,25,88,46,1122,237,Matchs
557,Matthew Pollock,eng ENG,"DF,AT",Watford,20,2001,1.4,113,10,65,46,3,2,113,1,1,100.0,0,0.0,65,317,154,0,0,0,0,0,74,0,Matchs
558,Ryan Porteous,sct SCO,DF,Watford,23,1999,16.7,1056,138,593,435,39,14,1056,6,3,50.0,2,33.3,504,2417,1263,10,8,0,4,0,591,3,Matchs
559,Brad Potts,eng ENG,"DF,AT",Preston,28,1994,34.9,2025,88,442,953,653,68,2025,32,15,46.9,10,31.3,954,5304,2446,65,50,6,50,27,1160,154,Matchs
560,Dan Potts,eng ENG,DF,Luton Town,28,1994,22.3,1089,119,494,501,97,43,1089,3,3,100.0,0,0.0,424,1830,790,6,1,0,9,5,476,9,Matchs
561,Nick Powell,eng ENG,"AT,MT",Stoke City,28,1994,11.7,556,18,58,275,233,49,556,16,5,31.3,8,50.0,275,1212,422,10,12,2,34,15,383,70,Matchs
562,Max Power,eng ENG,MT,Wigan Athletic,29,1993,44.7,3077,74,626,1591,886,28,3076,33,14,42.4,12,36.4,1639,7841,4071,74,46,5,38,31,1989,90,Matchs
563,Cameron Pring,eng ENG,DF,Bristol City,24,1998,29.7,1923,148,742,892,320,41,1923,90,49,54.4,31,34.4,904,6187,3308,61,41,13,31,23,973,55,Matchs
564,Alex Pritchard,eng ENG,"MT,AT",Sunderland,29,1993,27.0,1497,36,193,668,647,60,1497,45,17,37.8,19,42.2,800,3785,1518,56,46,15,44,42,961,126,Matchs
565,Teemu Pukki,fi FIN,AT,Norwich City,32,1990,32.6,841,5,26,302,521,211,840,94,35,37.2,52,55.3,477,3273,1324,66,23,49,68,46,579,229,Matchs
566,Przemysław Płacheta,pl POL,"DF,AT",Birmingham City,24,1998,4.9,263,8,78,87,104,9,263,17,13,76.5,3,17.6,124,1068,564,21,15,4,9,4,131,21,Matchs
567,Domingos Quina,pt POR,MT,Rotherham Utd,22,1999,3.6,179,5,27,66,92,5,179,12,3,25.0,8,66.7,100,647,201,5,11,0,11,9,98,16,Matchs
568,Baba Rahman,gh GHA,"DF,AT",Reading,28,1994,13.5,696,42,180,304,220,16,696,23,7,30.4,14,60.9,314,1406,704,24,13,4,22,13,330,38,Matchs
569,Joe Ralls,eng ENG,MT,Cardiff City,28,1993,27.7,1583,44,327,766,502,28,1582,19,9,47.4,7,36.8,675,2952,1305,24,32,4,24,20,884,58,Matchs
570,Aaron Ramsey,eng ENG,"MT,AT",Norwich City,19,2003,11.5,561,9,61,256,253,43,561,27,8,29.6,15,55.6,340,1967,818,23,13,10,25,12,416,87,Matchs
571,Aaron Ramsey,eng ENG,"AT,MT",Middlesbrough,19,2003,7.4,388,3,43,160,192,30,388,28,20,71.4,8,28.6,262,1848,957,26,24,9,13,19,301,38,Matchs
572,Joe Rankin-Costello,eng ENG,DF,Blackburn,23,1999,22.2,1435,72,527,593,330,72,1435,49,24,49.0,21,42.9,702,3129,1461,28,20,12,42,21,741,74,Matchs
573,Milot Rashica,xk KVX,AT,Norwich City,26,1996,2.5,98,1,11,34,56,10,98,8,4,50.0,3,37.5,72,462,225,8,2,4,5,5,76,26,Matchs
574,Oliver Rathbone,eng ENG,MT,Rotherham Utd,25,1996,30.3,1352,68,224,673,474,44,1352,48,32,66.7,9,18.8,630,3876,1542,50,43,9,55,36,728,99,Matchs
575,Adam Reach,eng ENG,"AT,MT",West Brom,29,1993,5.0,311,8,50,139,126,13,311,10,3,30.0,4,40.0,163,901,471,14,8,1,7,4,206,36,Matchs
Clt,Joueur,Nation,Pos,Équipe,Âge,Naissance,90,Touches,SurfRépDéf,ZDéf,MilTer,ZOff,SurfRépOff,Action de jeu,Att,Succ,Succ%,Tkld,Tkld%,Balle au pied,TotDist,DistBut,PrgC,1/3,CSR,Manqué,Perte,Rec,PrgR,Matchs
576,Omar Rekik,tn TUN,DF,Wigan Athletic,20,2001,8.3,551,54,293,229,34,2,551,7,3,42.9,4,57.1,347,2607,1513,16,10,0,9,2,357,2,Matchs
577,Jordan Rhodes,sct SCO,AT,Huddersfield,32,1990,16.2,525,24,56,248,221,64,524,10,1,10.0,7,70.0,215,840,179,5,2,3,35,12,365,79,Matchs
578,Rico Richards,eng ENG,DF,West Brom,18,2003,0.1,3,0,0,0,3,0,3,0,0,,0,,2,0,0,0,0,0,0,0,2,1,Matchs
579,Taylor Richards,eng ENG,"MT,AT",QPR,21,2000,2.9,222,1,23,135,69,9,222,15,8,53.3,7,46.7,141,910,392,8,8,1,16,9,157,19,Matchs
580,Emil Riis Jakobsen,dk DEN,AT,Preston,24,1998,18.3,531,3,33,193,313,84,531,39,11,28.2,21,53.8,309,1791,636,27,19,24,55,30,416,126,Matchs
581,Andy Rinomhota,zw ZIM,MT,Cardiff City,25,1997,26.7,1055,37,213,556,302,23,1055,42,13,31.0,16,38.1,487,2518,1013,27,30,4,40,21,616,53,Matchs
582,Connor Roberts,wls WAL,DF,Burnley,26,1995,39.2,3393,103,914,1661,826,51,3393,17,6,35.3,10,58.8,1934,9110,5396,71,61,5,20,19,2359,145,Matchs
583,Liam Roberts,eng ENG,GB,Middlesbrough,27,1994,4.0,140,106,138,2,0,0,140,0,0,,0,,81,384,161,0,0,0,0,0,61,0,Matchs
584,Marc Roberts,eng ENG,DF,Birmingham City,32,1990,19.4,1042,168,525,413,111,31,1042,2,1,50.0,0,0.0,356,1557,485,1,1,0,13,2,367,8,Matchs
585,Patrick Roberts,eng ENG,"AT,MT",Sunderland,25,1997,29.4,1848,24,223,782,879,114,1848,231,101,43.7,114,49.4,1171,8675,4261,132,82,58,82,45,1354,216,Matchs
586,Tyler Roberts,wls WAL,"AT,MT",QPR,23,1999,13.0,537,12,59,250,238,43,537,19,10,52.6,6,31.6,340,1956,952,30,23,4,36,13,388,58,Matchs
587,Callum Robinson,ie IRL,MT,West Brom,27,1995,0.9,48,0,2,23,23,3,48,2,0,0.0,1,50.0,24,76,17,0,0,1,3,0,39,5,Matchs
588,Callum Robinson,ie IRL,"AT,MT",Cardiff City,27,1995,17.3,620,12,43,233,348,76,618,49,19,38.8,26,53.1,388,1957,913,36,17,16,46,35,463,99,Matchs
589,Jack Robinson,eng ENG,DF,Sheffield Utd,28,1993,23.7,1570,119,657,726,197,28,1570,6,3,50.0,1,16.7,665,2959,1711,25,6,2,13,8,729,12,Matchs
590,Jay Rodriguez,eng ENG,AT,Burnley,33,1989,20.2,665,33,76,329,263,70,663,13,4,30.8,8,61.5,305,1182,432,12,7,0,43,19,449,68,Matchs
591,Morgan Rogers,eng ENG,"AT,MT",Blackpool,20,2002,13.9,622,25,91,260,286,62,622,70,34,48.6,32,45.7,351,2105,794,29,22,12,61,34,393,70,Matchs
592,Tom Rogić,au AUS,"MT,AT",West Brom,29,1992,6.6,278,4,39,131,111,18,278,14,5,35.7,8,57.1,138,784,333,12,8,1,20,13,172,27,Matchs
593,Mahlon Romeo,ag ATG,DF,Cardiff City,26,1995,28.5,1676,58,402,760,527,23,1676,62,18,29.0,32,51.6,794,4901,2571,79,59,9,46,21,909,93,Matchs
594,Michael Rose,sct SCO,DF,Coventry City,26,1995,18.9,1022,115,539,455,30,10,1022,3,1,33.3,2,66.7,481,2489,1510,11,2,0,5,1,561,4,Matchs
595,Aaron Rowe,eng ENG,"DF,MT",Huddersfield,21,2000,0.3,21,1,7,12,2,0,21,1,0,0.0,0,0.0,8,70,45,0,0,0,0,1,5,1,Matchs
596,Jon Rowe,eng ENG,AT,Norwich City,19,2003,1.1,50,1,11,21,20,2,50,2,2,100.0,0,0.0,35,241,145,3,2,0,2,1,34,5,Matchs
597,Pelly Ruddock Mpanzu,cd COD,MT,Luton Town,29,1993,23.5,1125,52,209,601,340,29,1125,51,24,47.1,18,35.3,552,2784,1101,23,25,6,59,26,572,61,Matchs
598,John Ruddy,eng ENG,GB,Birmingham City,35,1986,42.4,1480,1157,1443,35,2,1,1480,1,1,100.0,0,0.0,687,4667,3197,0,0,0,1,0,444,0,Matchs
599,Jack Rudoni,eng ENG,MT,Huddersfield,22,2000,41.2,2000,70,357,998,686,76,2000,116,47,40.5,55,47.4,993,6323,2322,87,50,18,99,63,1148,169,Matchs
600,Josh Ruffels,eng ENG,"DF,MT",Huddersfield,28,1993,28.6,1505,110,519,662,333,22,1505,12,2,16.7,9,75.0,542,2770,1536,38,28,6,24,10,669,54,Matchs
Clt,Joueur,Nation,Pos,Équipe,Âge,Naissance,90,Touches,SurfRépDéf,ZDéf,MilTer,ZOff,SurfRépOff,Action de jeu,Att,Succ,Succ%,Tkld,Tkld%,Balle au pied,TotDist,DistBut,PrgC,1/3,CSR,Manqué,Perte,Rec,PrgR,Matchs
601,Jonathan Russell,jm JAM,MT,Huddersfield,21,2000,5.8,282,8,59,197,30,6,282,7,7,100.0,0,0.0,154,675,322,5,2,1,5,5,205,2,Matchs
602,Sai Sachdev,eng ENG,DF,Sheffield Utd,17,2005,0.2,11,0,0,4,7,0,11,1,0,0.0,1,100.0,4,25,4,0,0,0,0,0,8,1,Matchs
603,Dion Sanderson,eng ENG,DF,Birmingham City,22,1999,30.0,1248,148,627,566,70,19,1248,16,5,31.3,7,43.8,656,3522,1768,12,8,2,19,13,689,8,Matchs
604,Thomas Sang,eng ENG,"DF,MT",Cardiff City,23,1999,4.5,309,18,85,142,86,1,309,8,4,50.0,4,50.0,155,765,297,9,2,0,5,4,171,15,Matchs
605,Josh Sargent,us USA,"AT,MT",Norwich City,22,2000,35.0,1215,34,142,488,603,159,1215,71,30,42.3,36,50.7,670,3750,1515,55,34,27,110,52,844,218,Matchs
606,Matija Šarkić,me MNE,GB,Stoke City,25,1997,7.5,308,261,305,3,0,0,308,0,0,,0,,166,861,472,0,0,0,1,0,151,0,Matchs
607,Ismaila Sarr,sn SEN,"AT,MT",Watford,24,1998,35.2,1284,41,153,483,678,163,1282,143,54,37.8,71,49.7,846,5671,2901,105,68,45,92,41,958,262,Matchs
608,Mouhamadou-Naby Sarr,fr FRA,DF,Reading,28,1993,22.7,1064,166,553,470,47,25,1064,7,2,28.6,2,28.6,499,2464,1130,7,8,0,6,5,536,3,Matchs
609,George Saville,nir NIR,MT,Millwall,29,1993,34.4,1755,89,373,955,454,42,1755,26,11,42.3,10,38.5,652,3475,1460,21,28,4,39,21,794,41,Matchs
610,Romaine Sawyers,kn SKN,MT,Cardiff City,30,1991,22.7,1233,48,226,702,320,16,1233,31,14,45.2,15,48.4,644,2928,1026,11,30,3,25,26,755,39,Matchs
611,Allahyar Sayyadmanesh,ir IRN,"AT,MT",Hull City,21,2001,14.3,535,23,97,164,279,45,535,46,19,41.3,24,52.2,307,2309,941,41,17,22,30,23,334,108,Matchs
612,Alex Scott,eng ENG,MT,Bristol City,18,2003,37.6,1970,65,344,1019,652,55,1970,115,46,40.0,46,40.0,1020,6683,2907,88,59,20,64,45,1162,93,Matchs
613,Anthony Scully,ie IRL,"AT,DF",Wigan Athletic,23,1999,1.1,55,0,8,22,26,2,55,7,3,42.9,3,42.9,32,170,34,2,3,0,7,3,35,7,Matchs
614,Ken Sema,se SWE,"AT,DF",Watford,28,1993,34.8,1641,59,316,617,723,63,1641,101,37,36.6,51,50.5,793,4783,2094,77,42,12,66,43,937,214,Matchs
615,Antoine Semenyo,gh GHA,"AT,MT",Bristol City,22,2000,13.9,505,10,46,185,288,87,505,42,22,52.4,17,40.5,316,2116,813,31,16,15,68,30,396,108,Matchs
616,Jack Senga-Ngoyi,be BEL,MT,Reading,18,2004,0.2,7,0,1,4,2,0,7,0,0,,0,,4,23,1,0,0,0,0,0,5,1,Matchs
617,Jean Seri,ci CIV,MT,Hull City,31,1991,31.3,2339,105,620,1403,329,6,2339,39,16,41.0,15,38.5,1261,5201,2228,22,24,2,41,32,1618,20,Matchs
618,Jamie Shackleton,eng ENG,"MT,DF",Millwall,22,1999,17.5,805,34,164,441,212,17,805,31,15,48.4,14,45.2,377,1898,943,20,16,1,19,4,415,40,Matchs
619,Abdi Shariif,so SOM,"MT,AT",Wigan Athletic,21,2001,0.2,13,0,0,6,8,0,13,0,0,,0,,12,64,39,1,0,0,0,1,12,2,Matchs
620,Billy Sharp,eng ENG,AT,Sheffield Utd,36,1986,16.4,473,25,45,155,275,75,473,14,2,14.3,11,78.6,270,1192,360,15,4,7,47,27,359,118,Matchs
621,James Shea,eng ENG,GB,Luton Town,31,1991,1.0,40,35,40,0,0,0,40,0,0,,0,,22,85,52,0,0,0,0,0,24,0,Matchs
622,Ben Sheaf,eng ENG,MT,Coventry City,24,1998,32.1,2002,75,451,1170,410,40,2002,64,34,53.1,22,34.4,1076,5120,2691,51,48,8,46,27,1223,46,Matchs
623,Graeme Shinnie,sct SCO,MT,Wigan Athletic,30,1991,9.8,513,17,112,314,88,14,513,25,12,48.0,9,36.0,291,1666,809,19,9,4,15,6,301,10,Matchs
624,Olamide Shodipo,ie IRL,"AT,MT",QPR,25,1997,3.8,165,1,13,66,91,18,165,17,7,41.2,8,47.1,118,1084,586,27,13,6,8,10,129,34,Matchs
625,Francisco Sierralta,cl CHI,DF,Watford,25,1997,15.9,908,157,596,298,17,12,908,3,2,66.7,1,33.3,503,2467,1302,1,0,0,6,3,539,1,Matchs
Clt,Joueur,Nation,Pos,Équipe,Âge,Naissance,90,Touches,SurfRépDéf,ZDéf,MilTer,ZOff,SurfRépOff,Action de jeu,Att,Succ,Succ%,Tkld,Tkld%,Balle au pied,TotDist,DistBut,PrgC,1/3,CSR,Manqué,Perte,Rec,PrgR,Matchs
626,Ellis Simms,eng ENG,AT,Sunderland,21,2001,12.5,394,15,28,161,211,58,394,26,6,23.1,18,69.2,197,1049,454,24,14,8,38,9,293,73,Matchs
627,Xavier Simons,eng ENG,MT,Hull City,19,2003,4.8,255,15,102,134,22,0,255,5,3,60.0,1,20.0,111,449,168,1,0,0,3,4,160,1,Matchs
628,Jack Simpson,eng ENG,DF,Cardiff City,25,1996,12.8,666,81,336,286,49,10,666,8,4,50.0,4,50.0,323,1537,827,9,5,0,9,5,353,11,Matchs
629,Tyreece Simpson,eng ENG,"AT,MT",Huddersfield,20,2002,1.4,56,3,4,17,37,9,56,3,2,66.7,1,33.3,44,210,108,4,4,4,6,8,49,15,Matchs
630,Danel Sinani,lu LUX,"AT,MT",Norwich City,25,1997,7.0,467,8,51,208,210,16,467,9,8,88.9,1,11.1,257,1316,560,18,14,8,11,11,316,48,Matchs
631,Danel Sinani,lu LUX,"MT,AT",Wigan Athletic,25,1997,6.7,371,3,53,193,128,9,371,7,5,71.4,2,28.6,196,1277,649,23,16,0,16,5,246,38,Matchs
632,Doğukan Sınık,tr TUR,"AT,MT",Hull City,23,1999,3.9,207,5,26,94,89,5,207,30,9,30.0,20,66.7,128,838,379,9,7,2,14,6,132,34,Matchs
633,Jacob Slater,eng ENG,DF,Preston,17,2004,0.0,0,0,0,0,0,0,0,0,0,,0,,0,0,0,0,0,0,0,0,0,0,Matchs
634,Regan Slater,eng ENG,"MT,AT",Hull City,22,1999,41.3,1735,56,366,878,517,53,1735,70,26,37.1,37,52.9,993,5593,2385,56,55,8,57,26,1213,120,Matchs
635,William Smallbone,ie IRL,MT,Stoke City,22,2000,35.9,1918,27,252,887,794,61,1918,27,6,22.2,14,51.9,847,3617,1713,45,40,7,43,16,1056,144,Matchs
636,Scott Smith,wls WAL,MT,Wigan Athletic,21,2001,0.2,15,0,3,11,1,0,15,0,0,,0,,4,1,0,0,0,0,2,0,10,0,Matchs
637,Tommy Smith,eng ENG,DF,Middlesbrough,30,1992,31.1,2573,91,736,1297,555,25,2573,10,3,30.0,6,60.0,1272,4760,2390,49,33,9,18,8,1601,88,Matchs
638,Tyler Smith,eng ENG,AT,Hull City,23,1998,5.2,115,1,16,40,59,12,115,8,2,25.0,5,62.5,77,344,108,5,3,2,7,5,86,34,Matchs
639,Matthew Sorinola,eng ENG,"DF,MT",Swansea City,21,2001,18.7,1002,22,227,359,418,53,1002,23,8,34.8,11,47.8,525,3043,1266,48,15,16,39,22,612,164,Matchs
640,Harry Souttar,au AUS,DF,Stoke City,23,1998,7.0,426,66,231,186,13,5,426,1,1,100.0,0,0.0,192,935,580,6,3,0,2,2,203,1,Matchs
641,Tom Sparrow,wls WAL,DF,Stoke City,19,2003,1.0,65,0,21,26,18,1,65,0,0,,0,,44,205,87,2,2,0,2,1,43,10,Matchs
642,Tony Springett,ie IRL,DF,Norwich City,19,2002,0.2,12,0,8,4,0,0,12,1,1,100.0,0,0.0,8,71,37,1,0,0,1,0,6,0,Matchs
643,Zack Steffen,us USA,GB,Middlesbrough,27,1995,42.0,1610,1155,1593,17,1,1,1610,0,0,,0,,901,4198,2655,0,0,0,0,1,824,0,Matchs
644,Dujon Sterling,eng ENG,DF,Stoke City,22,1999,23.0,1383,45,352,664,388,19,1383,37,17,45.9,14,37.8,637,3734,1861,55,30,5,27,17,689,73,Matchs
645,Enda Stevens,ie IRL,DF,Sheffield Utd,32,1990,8.8,459,21,109,181,173,27,459,9,3,33.3,5,55.6,210,1055,548,16,10,2,16,9,250,45,Matchs
646,Finley Stevens,wls WAL,"DF,MT",Swansea City,19,2003,0.8,34,3,9,11,14,0,34,0,0,,0,,13,64,7,0,0,0,2,1,20,1,Matchs
647,Ross Stewart,sct SCO,AT,Sunderland,26,1996,11.6,510,28,60,220,235,66,507,19,7,36.8,10,52.6,243,1149,469,14,9,11,33,9,374,56,Matchs
648,Ryan Stirk,wls WAL,MT,Birmingham City,21,2000,0.3,12,0,4,8,1,0,12,0,0,,0,,7,27,17,1,1,0,0,0,6,0,Matchs
649,Jordan Storey,eng ENG,DF,Preston,24,1997,41.1,2178,221,1028,1006,165,28,2178,20,14,70.0,2,10.0,1010,5191,2874,31,23,1,14,10,1127,17,Matchs
650,Callum Styles,hu HUN,"MT,AT",Millwall,22,2000,13.4,698,21,126,370,212,19,698,37,18,48.6,14,37.8,343,2058,979,26,22,4,33,13,375,46,Matchs
Clt,Joueur,Nation,Pos,Équipe,Âge,Naissance,90,Touches,SurfRépDéf,ZDéf,MilTer,ZOff,SurfRépOff,Action de jeu,Att,Succ,Succ%,Tkld,Tkld%,Balle au pied,TotDist,DistBut,PrgC,1/3,CSR,Manqué,Perte,Rec,PrgR,Matchs
651,John Swift,eng ENG,"MT,AT",West Brom,27,1995,35.6,2052,22,191,953,927,86,2049,78,35,44.9,26,33.3,1103,5687,2621,75,47,11,75,50,1376,169,Matchs
652,Mark Sykes,ie IRL,"DF,AT",Bristol City,24,1997,27.6,1512,67,328,628,572,76,1512,80,23,28.8,47,58.8,697,4429,2024,72,41,20,42,30,781,180,Matchs
653,Chris Sze,eng ENG,AT,Wigan Athletic,18,2003,0.3,6,0,1,4,1,0,6,0,0,,0,,6,9,0,0,0,0,1,0,5,0,Matchs
654,Sammie Szmodics,ie IRL,"MT,AT",Blackburn,26,1995,24.1,987,11,154,499,340,69,987,37,13,35.1,20,54.1,560,2907,1182,45,20,14,50,28,711,131,Matchs
655,Jakob Sørensen,dk DEN,"DF,MT",Norwich City,24,1998,12.8,916,75,395,410,116,7,916,11,5,45.5,4,36.4,502,2538,1275,12,7,1,13,6,583,22,Matchs
656,George Tanner,eng ENG,DF,Bristol City,22,1999,22.7,1466,65,392,732,349,11,1466,26,8,30.8,14,53.8,670,3124,1648,36,23,3,22,10,765,55,Matchs
657,Fabio Tavares,eng ENG,"AT,DF",Coventry City,21,2001,1.2,60,1,5,29,30,5,60,9,3,33.3,6,66.7,38,238,154,5,6,1,5,2,38,14,Matchs
658,Charlie Taylor,eng ENG,DF,Burnley,28,1993,19.2,1652,154,822,759,77,7,1652,14,4,28.6,6,42.9,1086,6872,3593,12,14,1,10,3,1153,8,Matchs
659,Connor Taylor,eng ENG,DF,Stoke City,20,2001,10.8,707,65,309,372,31,8,707,9,4,44.4,3,33.3,398,2784,1778,19,5,0,14,3,425,1,Matchs
660,Joseph Taylor,wls WAL,AT,Luton Town,19,2002,1.3,38,1,6,13,19,4,38,3,0,0.0,3,100.0,19,136,35,1,1,0,6,0,27,5,Matchs
661,Omar Taylor-Clarke,wls WAL,"MT,AT",Bristol City,18,2003,2.2,79,2,16,50,13,1,79,0,0,,0,,37,118,70,0,1,0,3,1,43,0,Matchs
662,Nathan Tella,ng NGA,"AT,MT",Burnley,23,1999,27.7,1095,13,70,429,618,127,1095,115,35,30.4,53,46.1,802,5265,2349,88,59,47,110,74,859,265,Matchs
663,Benjamin Tetteh,gh GHA,"AT,MT",Hull City,25,1997,8.5,269,16,49,117,105,33,269,21,8,38.1,11,52.4,142,760,228,8,4,2,19,11,174,39,Matchs
664,Emre Tezgel,eng ENG,AT,Stoke City,16,2005,0.3,16,0,1,7,8,0,16,1,0,0.0,0,0.0,7,26,17,0,0,0,3,0,11,2,Matchs
665,George Thomas,wls WAL,"AT,DF",QPR,25,1997,0.8,33,1,10,11,12,1,33,0,0,,0,,13,82,52,2,1,0,0,0,21,5,Matchs
666,Sorba Thomas,wls WAL,"AT,DF",Blackburn,22,1999,10.0,528,7,73,196,267,25,528,24,11,45.8,13,54.2,318,1735,773,27,10,6,35,18,340,86,Matchs
667,Sorba Thomas,wls WAL,"AT,MT",Huddersfield,22,1999,20.3,915,19,125,370,433,34,915,59,11,18.6,41,69.5,457,3314,1659,58,35,12,47,25,518,129,Matchs
668,Brandon Thomas-Asante,gh GHA,AT,West Brom,23,1998,21.1,621,8,44,265,327,94,619,58,27,46.6,25,43.1,386,2307,967,41,25,18,74,42,450,117,Matchs
669,Dominic Thompson,eng ENG,"DF,MT",Blackpool,22,2000,22.0,1388,100,545,623,234,9,1388,29,11,37.9,16,55.2,567,3478,1808,35,26,2,19,13,607,44,Matchs
670,Jordan Thompson,nir NIR,"MT,DF",Stoke City,25,1997,20.2,1038,37,224,615,208,2,1038,11,4,36.4,4,36.4,480,1885,914,10,10,0,16,6,564,22,Matchs
671,Jordan Thorniley,eng ENG,DF,Blackpool,25,1996,25.1,1235,209,732,462,47,23,1235,2,1,50.0,1,50.0,584,2937,1725,3,5,1,7,2,614,5,Matchs
672,Elliot Thorpe,wls WAL,"DF,MT",Luton Town,21,2000,0.8,29,2,5,7,18,0,29,1,0,0.0,1,100.0,13,150,91,2,2,0,0,3,16,4,Matchs
673,Sam Tickle,eng ENG,GB,Wigan Athletic,20,2002,1.0,40,33,40,0,0,0,40,1,1,100.0,0,0.0,24,92,56,0,0,0,0,0,21,0,Matchs
674,Christ Tiéhi,ci CIV,MT,Wigan Athletic,24,1998,14.7,781,33,241,425,132,10,781,34,19,55.9,12,35.3,428,2670,1079,24,16,1,22,11,455,11,Matchs
675,Curtis Tilt,jm JAM,DF,Wigan Athletic,30,1991,24.9,1166,175,696,439,47,17,1166,13,7,53.8,2,15.4,621,2821,1279,11,11,2,22,15,645,6,Matchs
Clt,Joueur,Nation,Pos,Équipe,Âge,Naissance,90,Touches,SurfRépDéf,ZDéf,MilTer,ZOff,SurfRépOff,Action de jeu,Att,Succ,Succ%,Tkld,Tkld%,Balle au pied,TotDist,DistBut,PrgC,1/3,CSR,Manqué,Perte,Rec,PrgR,Matchs
676,Jonathan Tomkinson,us USA,DF,Norwich City,20,2002,1.0,50,10,35,15,0,0,50,0,0,,0,,24,114,64,0,0,0,0,0,35,0,Matchs
677,Conor Townsend,eng ENG,DF,West Brom,29,1993,43.4,2904,125,904,1269,756,79,2904,53,22,41.5,20,37.7,1294,7106,4247,110,89,7,40,18,1567,170,Matchs
678,Adama Traoré,ml MLI,"AT,MT",Hull City,27,1995,8.8,390,2,49,201,145,12,390,26,14,53.8,6,23.1,247,1173,443,13,9,0,16,16,296,23,Matchs
679,Lewis Travis,eng ENG,"MT,DF",Blackburn,24,1997,38.1,2263,93,629,1208,453,30,2263,40,20,50.0,16,40.0,1283,5350,2635,49,33,6,55,43,1389,76,Matchs
680,William Troost-Ekong,ng NGA,DF,Watford,28,1993,12.2,765,100,413,338,14,5,765,2,2,100.0,0,0.0,446,2502,1645,2,2,0,4,2,491,0,Matchs
681,Auston Trusty,us USA,DF,Birmingham City,23,1998,43.7,2211,245,1039,953,235,45,2211,27,13,48.1,11,40.7,822,4006,2041,39,27,5,43,14,874,53,Matchs
682,Tom Trybull,de GER,MT,Blackpool,29,1993,2.0,79,2,20,50,10,0,79,1,0,0.0,1,100.0,19,76,24,1,0,0,1,1,17,0,Matchs
683,Axel Tuanzebe,eng ENG,DF,Stoke City,24,1997,2.8,191,15,102,85,6,4,191,1,1,100.0,0,0.0,113,741,457,4,1,0,5,1,130,0,Matchs
684,Ozan Tufan,tr TUR,"MT,AT",Hull City,27,1995,26.9,1199,19,173,652,394,59,1196,49,20,40.8,24,49.0,670,3600,1615,46,32,9,41,41,843,114,Matchs
685,Oliver Turton,eng ENG,DF,Huddersfield,29,1992,13.7,741,37,288,355,103,6,741,8,4,50.0,1,12.5,328,1632,766,9,12,0,11,4,392,21,Matchs
686,Scott Twine,eng ENG,MT,Burnley,23,1999,6.2,293,8,41,109,144,26,293,11,2,18.2,5,45.5,176,736,392,7,13,3,10,4,198,32,Matchs
687,Josh Tymon,eng ENG,DF,Stoke City,23,1999,18.3,1030,31,222,458,356,21,1030,29,12,41.4,16,55.2,517,2849,1493,36,21,3,19,16,615,116,Matchs
688,Christos Tzolis,gr GRE,"AT,MT",Norwich City,20,2002,3.6,171,2,41,59,72,19,171,1,1,100.0,0,0.0,82,443,182,3,3,1,10,7,105,22,Matchs
689,Tomáš Vaclík,cz CZE,GB,Huddersfield,33,1989,12.7,390,326,385,5,0,0,390,0,0,,0,,157,1085,705,0,0,0,0,0,89,0,Matchs
690,Harvey Vale,eng ENG,AT,Hull City,18,2003,0.8,42,1,4,17,21,5,42,6,2,33.3,2,33.3,28,137,87,4,2,1,4,0,31,7,Matchs
691,Jack Vale,wls WAL,AT,Blackburn,21,2001,6.1,255,8,34,114,110,17,255,17,6,35.3,8,47.1,133,723,267,13,6,4,27,18,178,40,Matchs
692,Harry Vaughan,ie IRL,"MT,AT",Hull City,18,2004,4.5,127,3,21,48,62,8,127,9,2,22.2,6,66.7,89,757,451,15,13,4,9,3,94,23,Matchs
693,Josh Vickers,eng ENG,GB,Rotherham Utd,26,1995,2.5,82,60,80,2,0,0,82,0,0,,0,,27,186,70,0,0,0,0,0,14,0,Matchs
694,Matty Virtue,eng ENG,MT,Blackpool,25,1997,1.2,52,1,9,26,17,3,52,0,0,,0,,33,107,37,1,1,0,0,3,40,8,Matchs
695,Vitinho,br BRA,"DF,AT",Burnley,23,1999,23.3,1305,46,341,525,452,52,1305,60,17,28.3,36,60.0,741,4487,2133,67,45,15,41,26,800,161,Matchs
696,Andreas Voglsammer,de GER,AT,Millwall,30,1992,25.0,891,21,152,323,423,65,890,22,5,22.7,16,72.7,435,2374,621,34,12,8,44,32,563,153,Matchs
697,Zak Vyner,eng ENG,DF,Bristol City,25,1997,44.4,2880,246,1383,1403,114,20,2880,10,7,70.0,2,20.0,1551,6505,3737,33,19,1,25,6,1796,13,Matchs
698,Martyn Waghorn,eng ENG,AT,Huddersfield,32,1990,7.0,208,9,28,88,93,14,208,11,2,18.2,7,63.6,96,352,83,3,2,2,14,7,124,18,Matchs
699,Martyn Waghorn,eng ENG,"MT,AT",Coventry City,32,1990,3.3,136,3,12,68,58,16,135,6,2,33.3,2,33.3,55,233,104,4,0,2,9,2,82,17,Matchs
700,Tyler Walker,eng ENG,AT,Coventry City,25,1996,4.6,130,8,18,42,70,19,130,3,0,0.0,1,33.3,70,243,94,3,4,3,12,11,102,34,Matchs
Clt,Joueur,Nation,Pos,Équipe,Âge,Naissance,90,Touches,SurfRépDéf,ZDéf,MilTer,ZOff,SurfRépOff,Action de jeu,Att,Succ,Succ%,Tkld,Tkld%,Balle au pied,TotDist,DistBut,PrgC,1/3,CSR,Manqué,Perte,Rec,PrgR,Matchs
701,Jed Wallace,eng ENG,"AT,MT",West Brom,28,1994,44.0,2100,23,228,796,1118,128,2100,169,62,36.7,85,50.3,1255,8686,3711,166,77,33,99,50,1431,381,Matchs
702,Murray Wallace,sct SCO,DF,Millwall,29,1993,35.3,2101,133,717,1075,334,68,2101,53,29,54.7,18,34.0,834,5350,3360,71,44,4,28,13,959,46,Matchs
703,Liam Walsh,eng ENG,"MT,AT",Swansea City,24,1997,3.7,247,1,21,151,78,5,247,7,2,28.6,5,71.4,143,544,211,5,2,0,4,3,186,18,Matchs
704,Danny Ward,eng ENG,AT,Huddersfield,30,1991,28.2,720,43,81,348,302,86,720,31,12,38.7,15,48.4,324,1323,385,14,12,6,63,13,494,111,Matchs
705,Grant Ward,eng ENG,"DF,MT",Blackpool,27,1994,1.8,81,3,20,43,19,2,81,0,0,,0,,28,137,70,1,2,0,2,1,46,1,Matchs
706,Conor Washington,nir NIR,AT,Rotherham Utd,30,1992,19.0,387,7,29,109,252,84,387,27,4,14.8,21,77.8,242,1366,485,21,11,12,39,24,272,96,Matchs
707,Duncan Watmore,eng ENG,"AT,MT",Middlesbrough,28,1994,9.4,263,4,14,95,159,56,263,38,15,39.5,20,52.6,186,1494,601,25,13,14,26,22,196,66,Matchs
708,Duncan Watmore,eng ENG,AT,Millwall,28,1994,6.8,230,6,33,75,128,30,230,43,16,37.2,23,53.5,138,1377,476,16,17,5,23,19,146,36,Matchs
709,Louie Watson,ie IRL,MT,Luton Town,21,2001,2.4,133,3,45,69,20,0,133,3,2,66.7,1,33.3,81,233,113,1,2,0,2,1,95,1,Matchs
710,Tom Watson,eng ENG,AT,Sunderland,16,2006,0.0,0,0,0,0,0,0,0,0,0,,0,,1,1,0,0,0,0,0,1,1,1,Matchs
711,Max Watters,eng ENG,AT,Cardiff City,23,1999,5.8,126,3,6,54,68,17,126,6,2,33.3,4,66.7,73,339,79,4,7,5,11,4,100,32,Matchs
712,Andreas Weimann,at AUT,"MT,AT",Bristol City,30,1991,33.2,1222,51,163,577,496,101,1222,41,22,53.7,15,36.6,605,3464,1447,44,32,12,44,22,743,163,Matchs
713,Nahki Wells,bm BER,AT,Bristol City,32,1990,31.3,1027,13,99,411,529,127,1025,76,22,28.9,45,59.2,575,2939,840,42,17,20,95,42,718,200,Matchs
714,Adam Wharton,eng ENG,MT,Blackburn,18,2004,11.7,796,28,191,435,181,13,796,25,8,32.0,11,44.0,420,1794,893,13,15,1,29,8,536,31,Matchs
715,Scott Wharton,eng ENG,DF,Blackburn,24,1997,17.7,1143,123,658,460,33,15,1143,4,2,50.0,2,50.0,627,2729,1888,10,2,0,12,5,722,3,Matchs
716,Jack Whatmough,eng ENG,DF,Wigan Athletic,25,1996,33.8,2072,398,1395,620,66,34,2072,6,3,50.0,2,33.3,1128,4956,2470,2,3,0,9,1,1296,2,Matchs
717,Ben Whiteman,eng ENG,MT,Preston,26,1996,33.0,1862,123,491,1042,343,14,1861,10,6,60.0,2,20.0,803,3130,1383,14,13,1,20,7,926,10,Matchs
718,Morgan Whittaker,eng ENG,"AT,MT",Swansea City,21,2001,4.9,190,4,18,67,107,20,190,11,5,45.5,5,45.5,117,811,321,15,6,9,14,8,144,38,Matchs
719,Gavin Whyte,nir NIR,"AT,MT",Cardiff City,26,1996,4.0,159,3,28,69,62,6,159,10,4,40.0,3,30.0,96,591,214,4,5,2,8,3,102,26,Matchs
720,Connor Wickham,eng ENG,AT,Cardiff City,29,1993,5.3,163,4,7,86,70,13,163,4,4,100.0,0,0.0,92,317,100,2,7,0,18,11,123,26,Matchs
721,Ben Wiles,eng ENG,"MT,AT",Rotherham Utd,23,1999,23.3,815,36,124,430,274,50,815,39,15,38.5,15,38.5,385,2246,948,29,20,7,37,24,485,69,Matchs
722,Mallik Wilks,eng ENG,AT,Hull City,23,1998,0.3,13,1,2,4,7,3,13,1,0,0.0,1,100.0,5,21,12,3,0,3,5,0,7,2,Matchs
723,Joe Williams,eng ENG,MT,Bristol City,25,1996,22.1,1444,61,257,912,288,15,1444,28,15,53.6,10,35.7,671,3081,1176,20,22,2,45,27,868,35,Matchs
724,Josh Williams,eng ENG,DF,Birmingham City,19,2002,5.9,284,10,77,117,96,6,284,16,7,43.8,7,43.8,145,1204,533,20,16,1,15,10,152,22,Matchs
725,Randell Williams,eng ENG,"AT,DF",Hull City,25,1996,2.4,126,6,37,59,33,2,126,10,6,60.0,4,40.0,71,416,235,5,4,0,6,0,67,8,Matchs
Clt,Joueur,Nation,Pos,Équipe,Âge,Naissance,90,Touches,SurfRépDéf,ZDéf,MilTer,ZOff,SurfRépOff,Action de jeu,Att,Succ,Succ%,Tkld,Tkld%,Balle au pied,TotDist,DistBut,PrgC,1/3,CSR,Manqué,Perte,Rec,PrgR,Matchs
726,Rhys Williams,eng ENG,DF,Blackpool,21,2001,12.8,619,85,362,247,13,7,619,1,0,0.0,1,100.0,309,1268,504,1,1,0,4,0,339,0,Matchs
727,Pharrell Willis,eng ENG,AT,Middlesbrough,19,2003,0.1,7,1,3,3,3,2,7,1,1,100.0,0,0.0,6,65,37,1,0,1,1,1,4,1,Matchs
728,Chris Willock,eng ENG,"AT,MT",QPR,24,1998,18.4,875,3,51,365,476,68,875,82,43,52.4,26,31.7,633,4221,1896,67,47,31,60,49,735,140,Matchs
729,Ben Wilmot,eng ENG,DF,Stoke City,22,1999,37.2,2665,214,1222,1225,245,61,2665,24,14,58.3,8,33.3,1440,8706,5141,61,33,5,27,4,1488,34,Matchs
730,Ben Wilson,eng ENG,GB,Coventry City,29,1992,43.0,1386,1239,1381,4,1,1,1386,1,1,100.0,0,0.0,692,3890,2504,0,0,0,0,0,472,0,Matchs
731,Kane Wilson,eng ENG,DF,Bristol City,22,2000,1.0,83,6,19,27,38,3,83,11,1,9.1,8,72.7,46,345,155,5,2,1,4,1,47,11,Matchs
732,Josh Wilson-Esbrand,eng ENG,"DF,MT",Coventry City,19,2002,7.2,390,8,80,145,171,15,390,42,19,45.2,16,38.1,207,1738,974,34,23,7,18,10,214,43,Matchs
733,Ryan Wintle,eng ENG,MT,Cardiff City,25,1997,44.0,2366,106,548,1346,492,16,2366,31,20,64.5,10,32.3,963,4288,1743,22,27,1,24,11,1183,39,Matchs
734,Harry Wood,eng ENG,"MT,AT",Hull City,19,2002,0.1,1,0,0,1,0,0,1,1,1,100.0,0,0.0,1,9,0,0,0,0,0,0,1,0,Matchs
735,Richard Wood,eng ENG,DF,Rotherham Utd,37,1985,21.9,774,132,382,340,56,42,774,1,0,0.0,1,100.0,226,933,325,1,2,2,8,2,274,9,Matchs
736,Nathan Wood-Gordon,eng ENG,DF,Swansea City,20,2002,37.8,3033,267,1380,1500,171,22,3033,30,18,60.0,9,30.0,2004,11766,7154,67,50,4,27,20,2318,16,Matchs
737,Ben Woodburn,wls WAL,"MT,AT",Preston,22,1999,14.5,636,11,100,325,221,27,636,37,18,48.6,14,37.8,332,1671,760,24,19,3,41,8,374,69,Matchs
738,Freddie Woodman,eng ENG,GB,Preston,25,1997,46.0,1559,1262,1535,25,1,0,1559,0,0,,0,,732,4610,2501,0,0,0,1,0,514,0,Matchs
739,Cauley Woodrow,eng ENG,"AT,MT",Luton Town,27,1994,8.4,431,6,42,171,221,41,430,21,11,52.4,9,42.9,244,1209,433,19,15,6,18,21,309,64,Matchs
740,Ryan Woods,eng ENG,MT,Hull City,28,1993,14.2,963,25,228,578,165,5,963,7,4,57.1,2,28.6,540,1982,724,8,10,2,12,10,685,5,Matchs
741,Ryan Woods,eng ENG,MT,Birmingham City,28,1993,2.0,92,5,25,55,12,1,92,0,0,,0,,59,236,40,1,1,1,0,0,58,0,Matchs
742,Bailey Wright,au AUS,DF,Rotherham Utd,30,1992,4.5,183,30,88,86,9,5,183,1,1,100.0,0,0.0,56,177,56,0,0,0,1,1,60,1,Matchs
743,Bailey Wright,au AUS,DF,Sunderland,30,1992,7.6,491,63,307,175,12,2,491,0,0,,0,,240,1143,650,1,0,0,3,1,290,3,Matchs
744,Callum Wright,eng ENG,MT,Blackpool,22,2000,4.8,200,6,37,82,87,10,200,16,8,50.0,8,50.0,89,534,192,7,6,1,9,7,110,15,Matchs
745,D'Margio Wright-Phillips,eng ENG,"AT,DF",Stoke City,20,2001,0.7,34,1,4,9,21,5,34,2,1,50.0,1,50.0,20,83,12,0,0,0,4,3,26,6,Matchs
746,Charlie Wyke,eng ENG,AT,Wigan Athletic,29,1992,8.6,271,7,18,114,141,35,271,5,0,0.0,1,20.0,137,404,114,3,3,2,29,11,209,49,Matchs
747,Jerry Yates,eng ENG,AT,Blackpool,25,1996,37.4,1104,40,148,430,542,133,1100,67,33,49.3,29,43.3,625,2888,1101,31,25,16,90,56,751,202,Matchs
748,Andy Yiadom,gh GHA,DF,Reading,30,1991,39.5,2141,136,718,987,454,48,2141,102,40,39.2,35,34.3,1012,5552,2790,55,37,8,42,36,1123,101,Matchs
749,Okay Yokuşlu,tr TUR,MT,West Brom,28,1994,31.9,1908,96,490,1187,250,41,1908,39,28,71.8,8,20.5,925,4336,1989,21,30,2,41,32,1105,30,Matchs
750,Anass Zaroury,ma MAR,AT,Burnley,21,2000,26.1,1220,13,113,446,674,83,1220,118,53,44.9,49,41.5,842,6383,3527,143,69,38,55,21,964,282,Matchs
Clt,Joueur,Nation,Pos,Équipe,Âge,Naissance,90,Touches,SurfRépDéf,ZDéf,MilTer,ZOff,SurfRépOff,Action de jeu,Att,Succ,Succ%,Tkld,Tkld%,Balle au pied,TotDist,DistBut,PrgC,1/3,CSR,Manqué,Perte,Rec,PrgR,Matchs