Touches,Dribbles,Balle au pied,Recevant,,,,,,,,,,,,,,,,,,,,,,,,,,,,
Clt,Joueur,Nation,Pos,Équipe,Comp,Âge,Naissance,90,Touches,SurfRépDéf,ZDéf,MilTer,ZOff,SurfRépOff,Action de jeu,Att,Succ,Succ%,Tkld,Tkld%,Balle au pied,TotDist,DistBut,PrgC,1/3,CSR,Manqué,Perte,Rec,PrgR,Matchs
1,Brenden Aaronson,us USA,"MT,AT",Leeds United,eng Premier League,21,2000,26.4,43.3,0.45,4.39,18.8,21.0,2.73,43.3,3.79,1.29,34.0,1.82,48.0,26.0,138.1,58.0,1.63,1.29,0.49,2.69,3.11,29.1,5.72,Matchs
2,Paxten Aaronson,us USA,"MT,DF",Eint Frankfurt,de Bundesliga,18,2003,1.9,52.1,01.05,3.16,21.6,27.9,8.95,52.1,3.16,1.58,50.0,1.58,50.0,28.9,165.3,75.3,4.21,01.05,01.05,2.63,01.05,34.2,7.89,Matchs
3,James Abankwah,ie IRL,DF,Udinese,it Serie A,18,2004,0.7,55.7,11.4,37.1,18.6,0.00,0.00,55.7,1.43,1.43,100.0,0.00,0.0,25.7,68.6,27.1,0.00,0.00,0.00,1.43,1.43,30.0,0.00,Matchs
4,George Abbott,eng ENG,MT,Tottenham,eng Premier League,16,2005,0.0,2,1,1,1,0,0,2,0,0,,0,,0,0,0,0,0,0,0,0,1,0,Matchs
5,Yunis Abdelhamid,ma MAR,DF,Reims,fr Ligue 1,34,1987,37.0,66.5,6.51,29.4,34.5,3.32,01.05,66.5,1.00,0.57,56.8,0.38,37.8,46.6,293.8,165.5,01.08,0.57,0.08,0.73,0.62,40.5,0.27,Matchs
6,Himad Abdelli,dz ALG,"MT,AT",Angers,fr Ligue 1,22,1999,23.7,64.0,1.10,10.0,38.6,17.3,0.97,64.0,3.21,1.81,56.6,1.18,36.8,50.0,289.5,139.0,2.45,2.53,0.30,1.52,0.84,45.0,4.68,Matchs
7,Salis Abdul Samed,gh GHA,MT,Lens,fr Ligue 1,22,2000,32.2,69.1,02.05,12.5,46.6,10.6,0.50,69.1,1.52,0.90,59.2,0.40,26.5,57.4,299.5,107.4,01.02,1.74,0.09,1.21,0.99,53.0,1.37,Matchs
8,Laurent Abergel,fr FRA,MT,Lorient,fr Ligue 1,29,1993,26.0,68.4,2.92,22.3,41.1,5.81,0.15,68.4,1.58,0.88,56.1,0.54,34.1,53.2,233.4,99.9,0.50,1.12,0.00,1.12,0.73,48.3,0.54,Matchs
9,Oliver Abildgaard,dk DEN,MT,Hellas Verona,it Serie A,26,1996,6.6,38.9,2.27,12.4,20.8,06.06,1.97,38.9,0.15,0.15,100.0,0.00,0.0,15.0,60.8,23.6,0.30,0.45,0.00,0.91,0.15,17.6,1.21,Matchs
10,Matthis Abline,fr FRA,"AT,MT",Auxerre,fr Ligue 1,19,2003,9.0,23.3,0.33,1.22,11.2,11.4,4.56,23.1,2.56,1.33,52.2,1.22,47.8,15.7,102.0,35.4,1.56,0.56,0.78,4.78,1.89,17.2,5.44,Matchs
11,Matthis Abline,fr FRA,"AT,MT",Rennes,fr Ligue 1,19,2003,1.2,30.8,0.83,0.83,12.5,18.3,12.5,30.8,0.00,0.00,,0.00,,22.5,145.0,87.5,3.33,0.83,1.67,8.33,0.83,22.5,9.17,Matchs
12,Abner,br BRA,DF,Betis,es La Liga,22,2000,6.7,63.4,3.73,19.1,28.2,16.9,1.64,63.4,1.49,0.45,30.0,01.04,70.0,30.4,128.1,70.0,1.19,01.04,0.60,1.49,0.60,34.5,3.73,Matchs
13,Zakaria Aboukhlal,ma MAR,"AT,MT",Toulouse,fr Ligue 1,22,2000,27.5,42.3,1.16,5.67,16.6,20.8,5.49,42.3,3.96,1.53,38.5,02.07,52.3,32.8,218.3,96.8,3.64,1.75,1.60,03.02,1.31,30.7,10.0,Matchs
14,Tammy Abraham,eng ENG,AT,Roma,it Serie A,24,1997,24.3,32.3,0.78,02.06,16.1,14.6,5.14,32.3,2.80,0.91,32.4,1.52,54.4,17.3,88.6,35.2,1.44,0.82,0.66,2.55,1.28,25.6,5.80,Matchs
15,Christian Acella,it ITA,MT,Cremonese,it Serie A,20,2002,0.2,55.0,0.00,5.00,45.0,5.00,0.00,55.0,0.00,0.00,,0.00,,35.0,95.0,35.0,0.00,0.00,0.00,5.00,0.00,40.0,0.00,Matchs
16,Francesco Acerbi,it ITA,DF,Inter,it Serie A,34,1988,26.9,70.3,8.40,31.9,32.7,6.21,1.00,70.3,0.45,0.26,58.3,0.15,33.3,38.7,189.9,106.6,1.45,1.23,0.07,0.48,0.26,46.5,1.19,Matchs
17,Álvaro Aceves,es ESP,GB,Valladolid,es La Liga,19,2003,0.1,80.0,60.0,80.0,0.00,0.00,0.00,80.0,0.00,0.00,,0.00,,80.0,420.0,340.0,0.00,0.00,0.00,0.00,0.00,20.0,0.00,Matchs
18,Mohamed Achi,fr FRA,AT,Nantes,fr Ligue 1,20,2002,0.4,62.5,0.00,10.0,27.5,25.0,0.00,62.5,2.50,0.00,0.0,2.50,100.0,52.5,335.0,187.5,5.00,5.00,0.00,0.00,2.50,47.5,2.50,Matchs
19,Marcos Acuña,ar ARG,DF,Sevilla,es La Liga,30,1991,21.2,71.8,3.25,19.2,31.6,22.0,1.23,71.8,2.55,1.23,48.1,01.08,42.6,38.8,192.0,102.7,2.31,02.03,0.24,1.37,0.94,42.6,4.43,Matchs
20,Che Adams,sct SCO,AT,Southampton,eng Premier League,26,1996,22.1,32.4,1.31,2.99,12.9,17.1,4.66,32.4,1.54,0.77,50.0,0.59,38.2,18.4,73.4,21.3,0.77,0.50,0.41,2.99,1.27,25.2,5.20,Matchs
21,Tyler Adams,us USA,MT,Leeds United,eng Premier League,23,1999,24.0,67.8,1.83,15.7,42.1,10.6,0.21,67.8,0.92,0.29,31.8,0.50,54.5,34.1,139.3,64.8,0.79,0.88,0.00,1.17,0.75,38.3,0.83,Matchs
22,Sargis Adamyan,am ARM,"AT,MT",Köln,de Bundesliga,29,1993,7.2,43.1,0.83,5.00,18.6,20.4,6.67,43.1,3.75,0.83,22.2,2.22,59.3,23.1,128.3,48.9,1.67,1.11,0.69,3.89,2.22,26.5,08.06,Matchs
23,Tosin Adarabioyo,eng ENG,DF,Fulham,eng Premier League,24,1997,23.2,66.6,9.96,33.4,31.6,1.98,0.82,66.6,0.34,0.26,75.0,0.09,25.0,35.9,192.7,117.8,0.69,0.52,0.04,0.17,0.17,42.0,0.13,Matchs
24,Martin Adeline,fr FRA,"MT,AT",Reims,fr Ligue 1,18,2003,1.2,49.2,3.33,18.3,18.3,13.3,0.83,49.2,2.50,0.83,33.3,1.67,66.7,25.8,144.2,69.2,0.83,0.00,0.00,3.33,1.67,22.5,0.83,Matchs
25,Karim Adeyemi,de GER,"AT,MT",Dortmund,de Bundesliga,20,2002,15.4,43.9,0.71,4.42,15.6,24.9,4.22,43.8,6.10,2.21,36.2,3.12,51.1,29.5,205.4,96.7,3.18,02.08,1.36,2.79,1.69,31.0,8.51,Matchs
Clt,Joueur,Nation,Pos,Équipe,Comp,Âge,Naissance,90,Touches,SurfRépDéf,ZDéf,MilTer,ZOff,SurfRépOff,Action de jeu,Att,Succ,Succ%,Tkld,Tkld%,Balle au pied,TotDist,DistBut,PrgC,1/3,CSR,Manqué,Perte,Rec,PrgR,Matchs
26,Amine Adli,ma MAR,"AT,MT",Leverkusen,de Bundesliga,22,2000,15.9,49.4,0.57,4.65,24.8,20.6,4.21,49.4,3.65,1.64,44.8,1.38,37.9,29.4,164.2,86.0,2.89,1.82,0.94,3.27,1.13,37.6,8.62,Matchs
27,Yacine Adli,fr FRA,"MT,AT",Milan,it Serie A,22,2000,1.6,60.6,0.63,8.75,28.1,26.3,1.25,60.6,3.75,2.50,66.7,1.25,33.3,34.4,218.1,106.9,4.38,3.13,0.00,1.88,3.13,41.9,5.00,Matchs
28,Michel Aebischer,ch SUI,"AT,MT",Bologna,it Serie A,25,1997,17.1,46.3,0.82,8.60,23.4,14.4,1.64,46.3,0.76,0.35,46.2,0.41,53.8,29.5,116.5,49.2,0.82,0.70,0.23,1.75,0.99,36.1,4.97,Matchs
29,Felix Afena-Gyan,gh GHA,"AT,MT",Cremonese,it Serie A,19,2003,9.1,34.9,0.77,4.40,14.2,17.1,03.08,34.9,2.75,0.77,28.0,1.32,48.0,22.2,127.5,50.9,2.42,1.43,0.33,3.74,2.31,23.8,5.93,Matchs
30,Emmanuel Agbadou,ci CIV,DF,Reims,fr Ligue 1,25,1997,26.5,67.8,08.04,32.1,33.1,3.28,0.79,67.8,0.53,0.30,57.1,0.23,42.9,48.6,289.5,145.9,0.57,0.72,0.08,0.87,0.49,41.0,0.30,Matchs
31,Julen Agirrezabala,es ESP,GB,Athletic Club,es La Liga,21,2000,7.5,33.7,27.1,33.2,0.53,0.00,0.00,33.7,0.00,0.00,,0.00,,20.0,107.2,73.5,0.00,0.00,0.00,0.00,0.00,14.0,0.00,Matchs
32,Lucien Agoume,fr FRA,MT,Troyes,fr Ligue 1,20,2002,12.2,73.2,3.69,22.6,39.3,11.7,01.07,73.2,01.07,0.41,38.5,0.41,38.5,53.0,259.0,100.6,0.74,0.82,0.00,0.74,0.90,48.4,0.82,Matchs
33,Felix Agu,de GER,"DF,AT",Werder Bremen,de Bundesliga,22,1999,0.5,66.0,2.00,14.0,26.0,28.0,4.00,66.0,6.00,0.00,0.0,4.00,66.7,38.0,330.0,48.0,0.00,4.00,0.00,2.00,4.00,38.0,4.00,Matchs
34,Álvaro Aguado,es ESP,MT,Valladolid,es La Liga,26,1996,21.0,61.5,1.71,12.1,35.3,15.0,0.86,61.5,1.48,0.62,41.9,0.43,29.0,39.7,260.8,119.4,1.38,02.05,0.14,1.14,0.43,43.2,2.38,Matchs
35,Kevin Agudelo,co COL,"MT,AT",Spezia,it Serie A,23,1998,23.7,45.7,0.46,07.09,21.1,19.3,2.28,45.7,4.60,2.11,45.9,2.11,45.9,27.9,209.4,115.6,3.42,3.00,0.80,2.49,2.32,29.5,4.22,Matchs
36,Nayef Aguerd,ma MAR,DF,West Ham,eng Premier League,26,1996,17.7,53.6,9.10,31.8,20.2,1.98,1.30,53.6,0.34,0.23,66.7,0.00,0.0,29.5,120.2,64.2,0.11,0.06,0.00,0.45,0.40,31.9,0.23,Matchs
37,Ruben Aguilar,fr FRA,DF,Monaco,fr Ligue 1,29,1993,13.0,75.0,3.38,16.2,35.6,23.5,1.85,75.0,01.08,0.54,50.0,0.46,42.9,49.0,250.5,115.5,2.23,1.77,0.23,01.08,0.31,44.1,6.00,Matchs
38,Naouirou Ahamada,fr FRA,"MT,AT",Crystal Palace,eng Premier League,20,2002,1.0,63.0,0.00,12.0,35.0,16.0,4.00,63.0,2.00,1.00,50.0,1.00,50.0,32.0,179.0,70.0,1.00,2.00,1.00,5.00,1.00,39.0,11.0,Matchs
39,Naouirou Ahamada,fr FRA,MT,Stuttgart,de Bundesliga,20,2002,15.5,43.5,1.16,8.97,25.0,10.3,1.42,43.5,2.84,1.29,45.5,1.29,45.5,26.3,192.8,97.5,2.77,1.74,0.39,2.19,0.71,29.2,3.48,Matchs
40,Amar Ahmed,se SWE,AT,Troyes,fr Ligue 1,18,2004,0.2,90.0,0.00,15.0,40.0,35.0,0.00,90.0,5.00,5.00,100.0,0.00,0.0,60.0,370.0,105.0,0.00,5.00,0.00,20.0,10.0,60.0,10.0,Matchs
41,Jean-Eudes Aholou,ci CIV,MT,Strasbourg,fr Ligue 1,28,1994,14.4,55.5,1.81,9.10,33.5,13.5,1.88,55.5,2.36,0.97,41.2,0.97,41.2,37.4,201.8,84.7,1.74,1.25,0.63,2.36,01.04,33.1,2.57,Matchs
42,Joseph Aidoo,gh GHA,DF,Celta Vigo,es La Liga,26,1995,34.7,60.0,8.67,32.1,27.0,1.33,0.43,60.0,0.37,0.23,61.5,0.06,15.4,37.6,178.4,93.0,0.43,0.17,0.00,0.35,0.26,38.1,0.06,Matchs
43,Ola Aina,ng NGA,DF,Torino,it Serie A,25,1996,9.7,70.0,02.06,15.1,30.3,25.8,1.34,70.0,05.05,2.37,46.9,02.06,40.8,37.2,233.8,114.6,3.61,2.68,0.41,1.55,0.82,40.2,4.43,Matchs
44,Rayan Aït Nouri,dz ALG,DF,Wolves,eng Premier League,21,2001,12.0,61.7,3.33,20.0,23.3,19.4,2.33,61.7,4.17,2.33,56.0,1.50,36.0,32.9,188.3,103.7,2.50,01.08,0.83,2.33,1.00,37.8,6.33,Matchs
45,Emanuel Aiwum,at AUT,DF,Cremonese,it Serie A,21,2000,18.4,54.2,5.71,27.5,24.6,2.77,0.27,54.2,0.54,0.16,30.0,0.27,50.0,27.2,171.0,85.3,01.03,0.60,0.00,0.33,0.27,28.3,0.38,Matchs
46,Kristoffer Ajer,no NOR,DF,Brentford,eng Premier League,24,1998,8.5,48.5,5.29,21.6,19.6,7.53,01.06,48.5,0.82,0.12,14.3,0.47,57.1,25.1,132.1,72.1,1.18,0.59,0.00,0.35,0.94,27.2,1.41,Matchs
47,Ludovic Ajorque,fr FRA,AT,Strasbourg,fr Ligue 1,28,1994,8.6,39.1,0.93,3.72,20.0,15.8,5.81,39.0,0.58,0.35,60.0,0.23,40.0,26.2,104.8,23.5,0.23,0.81,0.12,2.21,1.16,30.5,6.40,Matchs
48,Ludovic Ajorque,fr FRA,"AT,MT",Mainz 05,de Bundesliga,28,1994,13.5,41.1,0.59,2.52,21.6,17.5,5.63,41.1,0.89,0.52,58.3,0.30,33.3,18.7,73.3,19.8,0.37,0.81,0.07,3.41,0.96,30.7,6.30,Matchs
49,Manuel Akanji,ch SUI,DF,Manchester City,eng Premier League,27,1995,25.4,87.8,4.76,32.1,49.1,6.93,1.34,87.8,0.47,0.24,50.0,0.12,25.0,60.8,332.4,198.4,0.94,1.57,0.04,0.47,0.12,68.3,0.67,Matchs
50,Nathan Aké,nl NED,DF,Manchester City,eng Premier League,27,1995,20.8,94.2,4.13,29.6,52.7,12.3,1.54,94.2,0.24,0.14,60.0,0.05,20.0,58.8,262.3,159.3,1.20,0.91,0.19,0.77,0.00,71.7,1.44,Matchs
Clt,Joueur,Nation,Pos,Équipe,Comp,Âge,Naissance,90,Touches,SurfRépDéf,ZDéf,MilTer,ZOff,SurfRépOff,Action de jeu,Att,Succ,Succ%,Tkld,Tkld%,Balle au pied,TotDist,DistBut,PrgC,1/3,CSR,Manqué,Perte,Rec,PrgR,Matchs
51,Sergio Akieme,es ESP,DF,Almería,es La Liga,24,1997,25.5,50.3,03.06,17.0,22.1,12.0,1.37,50.3,2.00,01.06,52.9,0.71,35.3,25.9,164.7,87.5,2.35,1.33,0.43,1.14,0.98,27.8,3.29,Matchs
52,Babatunde Akinsola,ng NGA,AT,Valladolid,es La Liga,19,2003,0.1,40.0,0.00,10.0,20.0,10.0,0.00,40.0,0.00,0.00,,0.00,,40.0,290.0,140.0,10.0,10.0,0.00,20.0,10.0,50.0,30.0,Matchs
53,Maghnes Akliouche,fr FRA,"MT,AT",Monaco,fr Ligue 1,20,2002,4.5,46.7,0.89,5.11,18.9,23.3,3.78,46.7,2.89,1.33,46.2,1.56,53.8,38.2,199.3,78.0,2.00,1.11,0.44,1.78,1.56,35.8,9.33,Matchs
54,Paul Akouokou,ci CIV,"MT,DF",Betis,es La Liga,24,1997,5.0,46.6,6.60,20.4,23.4,3.20,0.20,46.6,1.00,0.60,60.0,0.40,40.0,23.2,73.8,24.4,0.20,0.40,0.00,1.00,0.00,27.2,0.20,Matchs
55,Jean-Daniel Akpa-Akpro,ci CIV,"MT,AT",Empoli,it Serie A,29,1992,15.1,41.7,1.59,10.8,22.4,9.47,1.59,41.7,3.64,02.05,56.4,1.26,34.5,21.5,118.4,49.5,1.26,1.52,0.53,1.66,0.99,23.2,2.45,Matchs
56,Kevin Akpoguma,ng NGA,DF,Hoffenheim,de Bundesliga,27,1995,21.7,60.2,6.59,28.2,28.1,4.29,0.74,60.2,01.01,0.32,31.8,0.60,59.1,31.8,157.7,70.8,0.78,0.60,0.14,0.74,0.32,34.2,01.06,Matchs
57,David Alaba,at AUT,DF,Real Madrid,es La Liga,30,1992,20.4,63.4,6.72,26.0,26.0,11.8,01.08,63.4,0.20,0.15,75.0,0.05,25.0,38.2,174.8,101.5,0.78,1.18,0.10,0.34,0.25,46.0,2.94,Matchs
58,Ángel Alarcón,es ESP,AT,Barcelona,es La Liga,18,2004,0.3,,,,,,,,,,,,,,,,,,,,,,,Matchs
59,Tomás Alarcón,cl CHI,MT,Cádiz,es La Liga,23,1999,2.5,45.2,1.20,8.00,27.2,10.0,0.40,45.2,0.00,0.00,,0.00,,24.8,106.8,32.4,0.80,0.00,0.00,1.20,1.60,29.6,2.40,Matchs
60,Lucas Alario,ar ARG,"AT,MT",Eint Frankfurt,de Bundesliga,29,1992,3.7,35.4,3.51,5.95,13.8,16.5,6.49,35.4,2.16,1.35,62.5,0.81,37.5,14.3,63.2,31.4,0.54,1.62,0.27,01.08,2.16,24.6,4.59,Matchs
61,Jordi Alba,es ESP,DF,Barcelona,es La Liga,33,1989,15.8,98.6,2.15,18.9,48.4,32.0,2.47,98.6,0.51,0.25,50.0,0.25,50.0,60.6,245.6,131.6,2.66,1.71,0.38,0.44,0.44,70.9,9.94,Matchs
62,Luis Alberto,es ESP,MT,Lazio,it Serie A,29,1992,27.1,81.8,01.07,9.93,47.4,25.1,1.59,81.7,1.51,0.70,46.3,0.74,48.8,45.9,207.8,118.6,2.69,2.80,0.37,1.22,1.14,60.2,3.47,Matchs
63,Raúl Albiol,es ESP,DF,Villarreal,es La Liga,36,1985,23.5,71.8,9.49,36.4,33.9,1.87,0.38,71.8,0.30,0.17,57.1,0.13,42.9,44.6,294.8,196.4,0.51,0.43,0.00,0.47,0.21,49.0,0.13,Matchs
64,Marc Albrighton,eng ENG,"AT,MT",Leicester City,eng Premier League,32,1989,2.6,66.5,2.31,12.7,23.5,30.4,1.92,66.5,0.77,0.77,100.0,0.00,0.0,31.9,150.4,56.5,1.54,1.54,0.00,1.54,0.77,44.6,6.92,Matchs
65,Thiago Alcántara,es ESP,MT,Liverpool,eng Premier League,31,1991,13.9,90.0,3.24,19.6,57.3,13.5,0.58,90.0,2.16,1.51,70.0,0.29,13.3,51.7,261.8,123.8,0.94,1.51,0.00,0.94,1.58,65.5,1.73,Matchs
66,Carlos Alcaraz,ar ARG,"MT,AT",Southampton,eng Premier League,19,2002,11.4,37.7,1.23,6.40,20.5,11.4,02.02,37.7,2.46,1.14,46.4,0.96,39.3,22.6,113.3,59.2,1.75,1.49,0.18,2.63,2.11,26.0,2.81,Matchs
67,Rubén Alcaraz,es ESP,MT,Cádiz,es La Liga,31,1991,22.7,56.7,2.82,13.6,33.8,9.87,0.97,56.5,01.06,0.53,50.0,0.44,41.7,31.5,163.6,69.9,1.32,1.19,0.13,1.50,1.37,34.1,0.88,Matchs
68,Omar Alderete,py PAR,DF,Getafe,es La Liga,25,1996,22.7,49.1,5.20,20.2,26.0,3.57,1.10,49.1,0.97,0.75,77.3,0.22,22.7,23.3,125.2,85.3,1.23,0.66,0.09,0.66,0.35,23.5,0.35,Matchs
69,Iván Alejo,es ESP,"MT,AT",Cádiz,es La Liga,27,1995,14.6,40.4,1.58,8.97,12.7,19.4,1.51,40.4,3.22,0.82,25.5,1.71,53.2,24.4,178.9,87.3,3.56,2.19,0.14,2.60,1.58,25.9,07.05,Matchs
70,Doğan Alemdar,tr TUR,GB,Rennes,fr Ligue 1,19,2002,4.5,34.2,26.0,34.2,0.00,0.00,0.00,34.2,0.00,0.00,,0.00,,22.7,108.9,50.9,0.00,0.00,0.00,0.22,0.00,14.9,0.00,Matchs
71,Carles Aleñá,es ESP,"MT,AT",Getafe,es La Liga,24,1998,23.5,43.6,0.72,6.34,24.6,13.3,1.19,43.6,1.83,01.02,55.8,0.55,30.2,25.9,119.0,52.6,01.02,0.98,0.09,2.00,01.02,31.0,3.32,Matchs
72,Trent Alexander-Arnold,eng ENG,DF,Liverpool,eng Premier League,23,1998,32.5,97.8,2.74,22.7,50.2,25.8,1.35,97.8,1.38,0.92,66.7,0.40,28.9,54.7,210.7,101.9,1.32,1.20,0.25,01.08,0.65,62.8,4.28,Matchs
73,Alejandro Alfaro,es ESP,MT,Elche,es La Liga,20,2002,0.2,10.0,0.00,0.00,5.00,5.00,0.00,10.0,5.00,0.00,0.0,5.00,100.0,5.00,30.0,0.00,0.00,5.00,0.00,0.00,0.00,10.0,0.00,Matchs
74,Ángel Algobia,es ESP,MT,Getafe,es La Liga,23,1999,12.6,49.7,1.11,11.7,31.0,7.30,0.71,49.7,0.48,0.32,66.7,0.16,33.3,26.2,122.4,56.8,0.79,0.32,0.24,0.95,0.56,30.7,0.87,Matchs
75,Mohamed Ali Cho,fr FRA,"AT,MT",Real Sociedad,es La Liga,18,2004,6.5,43.2,0.62,05.08,16.3,23.2,4.46,43.2,6.00,2.46,41.0,2.77,46.2,29.5,199.8,108.3,4.62,0.92,2.15,4.46,1.38,31.4,9.69,Matchs
Clt,Joueur,Nation,Pos,Équipe,Comp,Âge,Naissance,90,Touches,SurfRépDéf,ZDéf,MilTer,ZOff,SurfRépOff,Action de jeu,Att,Succ,Succ%,Tkld,Tkld%,Balle au pied,TotDist,DistBut,PrgC,1/3,CSR,Manqué,Perte,Rec,PrgR,Matchs
76,Faride Alidou,de GER,"DF,MT",Eint Frankfurt,de Bundesliga,21,2001,2.0,69.5,1.50,11.5,32.5,26.0,2.50,69.5,5.00,1.00,20.0,4.00,80.0,31.5,206.5,111.5,4.00,2.00,2.00,2.50,2.50,35.5,12.0,Matchs
77,Alisson,br BRA,GB,Liverpool,eng Premier League,29,1992,37.0,41.5,30.4,40.5,01.05,0.00,0.00,41.5,0.05,0.05,100.0,0.00,0.0,26.6,125.8,80.1,0.00,0.00,0.00,0.03,0.00,24.4,0.00,Matchs
78,Jim Allevinah,ga GAB,"DF,AT",Clermont Foot,fr Ligue 1,27,1995,24.9,45.5,1.57,10.3,20.2,15.9,2.61,45.5,3.53,1.37,38.6,1.81,51.1,34.2,245.5,107.8,3.29,2.49,0.56,1.85,1.61,30.0,5.66,Matchs
79,Dele Alli,eng ENG,MT,Everton,eng Premier League,26,1996,0.4,50.0,0.00,2.50,20.0,27.5,5.00,50.0,2.50,0.00,0.0,2.50,100.0,27.5,75.0,7.50,0.00,0.00,0.00,7.50,2.50,35.0,2.50,Matchs
80,Domingos André Ribeiro Almeida,pt POR,MT,Valencia,es La Liga,22,2000,28.2,59.8,1.17,8.65,29.1,23.1,0.85,59.8,3.19,1.63,51.1,1.10,34.4,37.2,221.4,113.3,2.62,2.52,0.11,1.49,1.74,39.5,2.52,Matchs
81,Miguel Almirón,py PAR,AT,Newcastle Utd,eng Premier League,28,1994,27.7,46.9,0.90,5.31,15.1,27.4,4.98,46.9,2.85,1.23,43.0,1.19,41.8,30.4,194.5,84.5,2.78,1.66,0.90,1.84,01.01,33.4,9.53,Matchs
82,Marcos Alonso,es ESP,DF,Barcelona,es La Liga,31,1990,13.0,85.7,7.54,30.9,48.0,7.23,0.85,85.7,0.15,0.15,100.0,0.00,0.0,55.9,347.4,205.7,2.00,0.85,0.00,0.62,0.08,62.8,0.92,Matchs
83,Mickaël Alphonse,gp GLP,DF,Ajaccio,fr Ligue 1,33,1989,15.1,58.2,3.58,16.9,30.3,11.8,0.86,58.2,1.26,0.66,52.6,0.53,42.1,31.3,197.9,101.2,1.99,1.66,0.00,0.99,0.93,26.7,2.25,Matchs
84,Éder Álvarez Balanta,co COL,"MT,AT",Schalke 04,de Bundesliga,29,1993,2.6,43.8,1.54,14.6,23.1,6.54,0.77,43.8,1.54,1.15,75.0,0.38,25.0,21.2,90.0,50.0,1.15,0.38,0.00,0.38,0.77,20.4,0.00,Matchs
85,Carlos Álvarez,es ESP,MT,Sevilla,es La Liga,18,2003,0.1,60.0,0.00,0.00,30.0,30.0,0.00,60.0,0.00,0.00,,0.00,,20.0,180.0,10.0,0.00,0.00,0.00,10.0,0.00,50.0,10.0,Matchs
86,Gastón Álvarez,uy URU,DF,Getafe,es La Liga,22,2000,16.7,43.8,2.51,13.1,22.5,8.62,0.48,43.8,1.14,0.48,42.1,0.54,47.4,15.2,55.9,26.2,0.66,0.48,0.00,0.78,0.18,19.0,1.62,Matchs
87,Julián Álvarez,ar ARG,"AT,MT",Manchester City,eng Premier League,22,2000,16.3,40.1,0.49,2.82,15.6,22.1,5.46,40.1,2.33,1.29,55.3,0.86,36.8,24.9,134.2,55.7,2.33,1.10,01.04,1.72,1.47,31.0,06.07,Matchs
88,Agustín Álvarez Martínez,uy URU,"AT,MT",Sassuolo,it Serie A,21,2001,4.1,37.8,0.98,2.93,18.5,17.3,3.90,37.8,4.15,1.71,41.2,1.95,47.1,19.5,71.7,23.2,0.49,0.24,0.49,3.90,2.93,23.4,4.63,Matchs
89,Yeray Álvarez,es ESP,DF,Athletic Club,es La Liga,27,1995,25.9,63.7,6.22,26.9,34.6,2.86,0.62,63.7,0.42,0.23,54.5,0.04,9.1,34.7,234.9,157.3,1.24,0.66,0.04,0.31,0.04,35.3,0.31,Matchs
90,Ibrahim Amadou,fr FRA,"DF,MT",Angers,fr Ligue 1,29,1993,4.7,51.9,11.5,31.3,18.9,1.91,0.43,51.9,0.43,0.21,50.0,0.21,50.0,35.5,181.1,83.8,0.00,0.64,0.00,0.43,0.64,30.4,01.06,Matchs
91,Selim Amallah,ma MAR,"MT,AT",Valladolid,es La Liga,25,1996,3.0,46.0,0.67,7.00,25.7,14.7,3.67,46.0,8.33,3.67,44.0,4.00,48.0,26.7,169.0,84.7,3.67,2.33,1.00,2.00,3.33,28.0,3.00,Matchs
92,Daniel Amartey,gh GHA,DF,Leicester City,eng Premier League,27,1994,17.9,71.5,10.3,36.8,32.3,2.57,0.50,71.5,0.28,0.11,40.0,0.11,40.0,43.5,207.8,127.1,1.28,0.61,0.00,0.45,0.22,50.8,0.28,Matchs
93,Amath,sn SEN,"MT,AT",Mallorca,es La Liga,26,1996,13.6,34.1,0.88,5.15,12.6,16.8,2.94,34.1,2.50,01.03,41.2,1.10,44.1,19.2,122.5,61.8,2.43,1.69,0.88,03.01,1.62,20.8,05.07,Matchs
94,Jordan Amavi,fr FRA,DF,Getafe,es La Liga,28,1994,2.2,54.1,3.64,15.0,29.5,10.5,0.45,54.1,0.45,0.00,0.0,0.45,100.0,19.1,115.9,55.0,1.82,2.27,0.45,0.91,0.00,20.0,2.27,Matchs
95,Lukáš Ambros,cz CZE,MT,Wolfsburg,de Bundesliga,18,2004,0.2,45.0,5.00,15.0,25.0,5.00,0.00,45.0,5.00,0.00,0.0,5.00,100.0,20.0,140.0,35.0,0.00,0.00,0.00,0.00,0.00,20.0,0.00,Matchs
96,Kelvin Amian,fr FRA,DF,Spezia,it Serie A,24,1998,26.4,52.8,4.17,19.2,19.4,14.5,1.78,52.8,1.14,0.61,53.3,0.42,36.7,23.6,144.8,79.2,02.01,1.17,0.11,0.95,0.68,27.3,2.73,Matchs
97,Bruno Amione,ar ARG,DF,Hellas Verona,it Serie A,20,2002,0.6,33.3,15.0,28.3,6.67,0.00,0.00,33.3,0.00,0.00,,0.00,,11.7,36.7,13.3,0.00,0.00,0.00,0.00,0.00,6.67,0.00,Matchs
98,Bruno Amione,ar ARG,DF,Sampdoria,it Serie A,20,2002,23.2,54.4,5.99,30.8,20.6,3.58,01.03,54.4,0.43,0.09,20.0,0.26,60.0,28.6,120.9,50.2,0.47,0.69,0.00,0.86,0.04,29.8,0.39,Matchs
99,Nadiem Amiri,de GER,"MT,AT",Leverkusen,de Bundesliga,25,1996,10.9,57.2,1.47,10.9,31.1,16.0,1.38,57.2,3.49,1.65,47.4,1.28,36.8,32.3,195.8,98.1,2.75,2.39,0.64,1.28,0.92,39.4,2.75,Matchs
100,Samuel Amo-Ameyaw,eng ENG,MT,Southampton,eng Premier League,16,2006,0.0,8,0,1,5,3,0,8,4,3,75.0,1,25.0,4,70,64,2,0,0,0,0,5,0,Matchs
Clt,Joueur,Nation,Pos,Équipe,Comp,Âge,Naissance,90,Touches,SurfRépDéf,ZDéf,MilTer,ZOff,SurfRépOff,Action de jeu,Att,Succ,Succ%,Tkld,Tkld%,Balle au pied,TotDist,DistBut,PrgC,1/3,CSR,Manqué,Perte,Rec,PrgR,Matchs
101,Ethan Ampadu,wls WAL,"DF,MT",Spezia,it Serie A,21,2000,29.3,64.5,7.82,31.7,28.7,4.78,0.65,64.5,0.41,0.31,75.0,0.03,8.3,34.4,201.6,102.9,0.96,0.72,0.00,0.61,0.24,37.2,0.34,Matchs
102,Sofyan Amrabat,ma MAR,MT,Fiorentina,it Serie A,25,1996,22.2,73.9,02.03,13.4,49.8,11.5,0.27,73.9,0.77,0.54,70.6,0.18,23.5,47.5,275.1,129.5,1.62,1.26,0.05,0.90,0.72,53.9,01.08,Matchs
103,Ayoub Amraoui,ma MAR,"DF,AT",Nice,fr Ligue 1,18,2004,3.3,63.6,03.03,20.9,28.2,15.2,0.30,63.6,1.21,0.61,50.0,0.30,25.0,50.0,230.6,120.0,1.82,1.52,0.00,0.91,0.30,47.3,5.45,Matchs
104,Joachim Andersen,dk DEN,DF,Crystal Palace,eng Premier League,26,1996,30.9,74.5,11.5,39.9,32.2,2.88,1.26,74.5,0.29,0.16,55.6,0.13,44.4,42.7,222.9,122.6,0.52,0.26,0.06,0.26,0.10,48.5,0.23,Matchs
105,Elliot Anderson,sct SCO,"MT,AT",Newcastle Utd,eng Premier League,19,2002,4.6,62.2,1.52,9.57,21.5,32.8,8.48,62.2,6.30,2.17,34.5,2.83,44.8,34.8,210.9,113.5,5.00,3.26,2.61,1.96,2.17,39.6,7.61,Matchs
106,Felipe Anderson,br BRA,AT,Lazio,it Serie A,29,1993,32.9,55.7,0.97,7.17,25.2,24.0,3.92,55.7,3.19,1.64,51.4,1.28,40.0,29.4,160.2,72.0,2.52,1.88,0.94,2.58,1.34,41.6,6.81,Matchs
107,Benjamin André,fr FRA,MT,Lille,fr Ligue 1,31,1990,32.4,84.7,3.70,19.3,54.8,11.2,01.08,84.7,1.11,0.59,52.8,0.43,38.9,63.5,326.0,142.1,1.27,1.45,0.00,1.17,01.05,58.4,1.42,Matchs
108,Marcos André,br BRA,"AT,MT",Valencia,es La Liga,25,1996,5.0,25.0,0.20,1.60,10.0,13.8,4.60,25.0,3.40,1.80,52.9,0.80,23.5,15.6,70.6,24.8,0.40,0.60,0.00,4.20,1.00,18.8,4.00,Matchs
109,Komnen Andrić,rs SRB,AT,Clermont Foot,fr Ligue 1,27,1995,16.1,37.1,0.87,2.73,21.5,13.0,3.23,37.0,0.93,0.37,40.0,0.43,46.7,26.8,133.5,29.6,0.50,0.81,0.25,2.92,1.93,29.8,5.47,Matchs
110,Robert Andrich,de GER,MT,Leverkusen,de Bundesliga,27,1994,26.7,64.6,4.23,20.2,38.2,6.40,0.71,64.6,0.26,0.19,71.4,0.04,14.3,27.8,131.1,62.2,0.45,0.67,0.04,0.75,0.15,40.2,0.30,Matchs
111,Angeliño,es ESP,DF,Hoffenheim,de Bundesliga,25,1997,29.1,61.8,2.68,17.4,26.5,18.3,1.10,61.8,0.96,0.45,46.4,0.38,39.3,28.1,107.7,50.1,0.82,0.89,0.14,0.93,0.52,33.2,4.12,Matchs
112,Fabrizio Angileri,ar ARG,DF,Getafe,es La Liga,28,1994,6.5,49.8,2.62,13.5,24.2,12.3,0.46,49.8,1.69,0.62,36.4,0.92,54.5,18.9,85.2,33.8,0.62,01.08,0.00,0.62,0.62,22.3,2.15,Matchs
113,Jaidon Anthony,eng ENG,"MT,AT",Bournemouth,eng Premier League,22,1999,14.0,51.2,1.64,10.7,19.4,21.7,2.36,51.2,3.36,01.07,31.9,2.14,63.8,30.2,174.9,73.7,2.21,1.79,0.93,1.79,1.93,33.1,5.14,Matchs
114,Janis Antiste,fr FRA,AT,Sassuolo,it Serie A,19,2002,0.6,38.3,0.00,11.7,15.0,11.7,1.67,38.3,1.67,0.00,0.0,1.67,100.0,23.3,81.7,15.0,0.00,0.00,0.00,1.67,0.00,26.7,3.33,Matchs
115,Waldemar Anton,de GER,DF,Stuttgart,de Bundesliga,26,1996,32.6,74.7,7.48,34.6,33.2,7.64,1.10,74.7,1.17,0.58,50.0,0.55,47.4,42.4,254.0,139.8,1.72,01.04,0.12,0.74,0.52,47.0,1.60,Matchs
116,Josep Antoni Gayá,es ESP,"DF,MT",Mallorca,es La Liga,22,2000,1.1,17.3,09.09,13.6,2.73,0.91,0.00,17.3,0.00,0.00,,0.00,,5.45,29.1,1.82,0.00,0.00,0.00,0.91,0.91,3.64,0.00,Matchs
117,José Antonio,es ESP,"MT,DF",Cádiz,es La Liga,18,2004,0.5,30.0,0.00,4.00,8.00,18.0,0.00,30.0,8.00,2.00,25.0,2.00,25.0,26.0,90.0,72.0,4.00,4.00,0.00,4.00,2.00,22.0,4.00,Matchs
118,Marcos Antônio,br BRA,MT,Lazio,it Serie A,22,2000,6.6,74.7,4.39,17.7,50.2,7.42,0.15,74.7,0.76,0.61,80.0,0.00,0.0,44.8,181.4,51.4,0.15,1.36,0.15,0.91,0.61,56.1,1.21,Matchs
119,Michail Antonio,jm JAM,AT,West Ham,eng Premier League,32,1990,20.3,29.4,0.74,1.92,12.9,15.2,3.94,29.4,3.25,1.33,40.9,1.43,43.9,18.5,127.3,60.9,2.41,1.28,0.89,3.74,2.22,23.4,5.91,Matchs
120,Antony,br BRA,AT,Manchester Utd,eng Premier League,22,2000,20.0,53.3,0.60,6.70,17.4,30.4,4.25,53.3,3.85,1.50,39.0,1.90,49.4,38.1,239.2,128.4,4.75,3.00,1.60,1.85,0.60,40.6,8.40,Matchs
121,Valentin Antov,bg BUL,DF,Monza,it Serie A,21,2000,3.4,78.5,10.0,37.4,35.6,5.59,0.00,78.5,0.29,0.29,100.0,0.00,0.0,40.6,176.5,92.1,0.59,0.59,0.00,0.88,0.59,51.2,0.88,Matchs
122,Christopher Antwi-Adjei,gh GHA,"AT,MT",Bochum,de Bundesliga,28,1994,22.0,45.3,0.32,4.64,13.8,27.5,2.86,45.3,3.64,1.41,38.8,1.77,48.8,23.9,171.2,67.5,03.05,2.23,0.91,04.05,1.45,25.5,10.5,Matchs
123,Anuar,ma MAR,"MT,AT",Valladolid,es La Liga,27,1995,2.3,30.4,3.48,8.70,13.0,8.70,3.48,30.4,1.74,0.87,50.0,0.00,0.0,16.1,113.5,55.2,2.61,0.87,1.30,03.04,1.74,17.8,1.74,Matchs
124,Houssem Aouar,dz ALG,MT,Lyon,fr Ligue 1,24,1998,5.8,79.5,01.03,8.79,48.1,23.1,4.83,79.5,3.97,1.72,43.5,1.90,47.8,62.9,318.6,127.4,02.07,3.28,0.69,1.38,2.24,60.2,6.21,Matchs
125,Adil Aouchiche,fr FRA,MT,Lorient,fr Ligue 1,20,2002,2.8,68.6,2.50,10.7,37.1,21.8,2.86,68.6,2.50,0.71,28.6,01.07,42.9,53.2,355.7,199.6,5.71,3.57,0.36,2.14,2.86,48.9,7.14,Matchs
Clt,Joueur,Nation,Pos,Équipe,Comp,Âge,Naissance,90,Touches,SurfRépDéf,ZDéf,MilTer,ZOff,SurfRépOff,Action de jeu,Att,Succ,Succ%,Tkld,Tkld%,Balle au pied,TotDist,DistBut,PrgC,1/3,CSR,Manqué,Perte,Rec,PrgR,Matchs
126,Dennis Appiah,fr FRA,"DF,MT",Nantes,fr Ligue 1,30,1992,8.8,63.0,4.20,18.0,33.2,12.8,0.45,63.0,02.05,0.68,33.3,1.14,55.6,42.3,249.2,133.3,1.70,1.48,0.00,1.36,1.14,38.5,5.80,Matchs
127,Stredair Appuah,fr FRA,"DF,MT",Nantes,fr Ligue 1,18,2004,0.7,61.4,0.00,5.71,30.0,28.6,2.86,61.4,7.14,5.71,80.0,1.43,20.0,38.6,515.7,281.4,10.0,8.57,2.86,5.71,2.86,37.1,14.3,Matchs
128,Mauro Arambarri,uy URU,MT,Getafe,es La Liga,26,1995,11.0,46.7,2.73,10.7,27.6,9.27,0.27,46.7,0.36,0.36,100.0,0.00,0.0,21.3,105.6,45.7,0.73,0.91,0.00,1.18,0.36,22.5,0.64,Matchs
129,Charles Aránguiz,cl CHI,MT,Leverkusen,de Bundesliga,33,1989,5.5,66.9,1.64,15.3,40.9,11.1,1.45,66.9,1.27,0.73,57.1,0.18,14.3,31.3,123.8,50.5,0.55,0.55,0.00,1.45,0.36,44.4,1.27,Matchs
130,Ronald Araújo,uy URU,DF,Barcelona,es La Liga,23,1999,20.0,71.8,5.45,24.4,44.1,3.85,1.45,71.8,0.70,0.50,71.4,0.15,21.4,47.9,296.9,186.3,1.45,0.65,0.05,0.45,0.30,51.1,0.55,Matchs
131,Cameron Archer,eng ENG,"AT,MT",Aston Villa,eng Premier League,21,2001,0.5,30.0,0.00,2.00,16.0,14.0,6.00,30.0,2.00,2.00,100.0,0.00,0.0,30.0,228.0,144.0,6.00,2.00,2.00,4.00,6.00,26.0,6.00,Matchs
132,Taïryk Arconte,fr FRA,AT,Brest,fr Ligue 1,18,2003,1.4,25.0,0.71,2.86,7.14,15.7,3.57,25.0,3.57,2.14,60.0,1.43,40.0,15.7,122.1,22.9,0.71,0.71,1.43,2.86,1.43,16.4,5.71,Matchs
133,Alphonse Areola,fr FRA,GB,West Ham,eng Premier League,29,1993,3.4,28.8,26.8,28.8,0.00,0.00,0.00,28.8,0.00,0.00,,0.00,,15.6,74.4,45.0,0.00,0.00,0.00,0.00,0.00,12.4,0.00,Matchs
134,Adu Ares,es ESP,"AT,MT",Athletic Club,es La Liga,20,2001,0.9,76.7,2.22,5.56,20.0,51.1,3.33,76.7,10.0,5.56,55.6,2.22,22.2,56.7,455.6,273.3,8.89,4.44,1.11,1.11,3.33,54.4,21.1,Matchs
135,Joe Aribo,ng NGA,"MT,AT",Southampton,eng Premier League,26,1996,13.6,41.6,01.03,6.40,19.8,16.3,3.38,41.6,2.87,1.25,43.6,1.54,53.8,21.6,95.1,45.2,1.40,0.74,0.51,2.57,1.62,26.0,4.71,Matchs
136,Adam Armstrong,eng ENG,"AT,MT",Southampton,eng Premier League,25,1997,14.8,30.9,0.74,4.80,11.9,15.0,3.11,30.9,2.91,0.88,30.2,1.69,58.1,17.2,158.0,67.3,2.64,1.96,0.74,1.62,1.49,18.4,4.73,Matchs
137,Stuart Armstrong,sct SCO,"MT,AT",Southampton,eng Premier League,30,1992,15.6,55.4,1.35,8.53,25.8,21.9,2.37,55.4,3.33,1.41,42.3,1.35,40.4,34.6,247.4,122.4,3.91,2.88,0.64,1.79,1.79,38.2,5.64,Matchs
138,Marko Arnautović,at AUT,AT,Bologna,it Serie A,33,1989,17.0,36.4,0.82,2.59,19.1,15.0,3.35,36.2,1.59,0.76,48.1,0.65,40.7,21.2,95.1,30.8,0.76,0.71,0.35,2.47,1.12,29.2,6.82,Matchs
139,Maximilian Arnold,de GER,MT,Wolfsburg,de Bundesliga,28,1994,30.7,62.8,3.68,15.3,36.1,11.9,0.36,62.6,0.55,0.26,47.1,0.16,29.4,31.7,150.4,75.9,0.94,0.81,0.03,0.59,0.72,34.7,0.62,Matchs
140,Mohamed El Arouch,fr FRA,MT,Lyon,fr Ligue 1,18,2004,0.0,4,0,3,1,1,0,4,1,0,0.0,1,100.0,2,34,33,1,0,0,0,0,0,0,Matchs
141,Sergio Arribas,es ESP,"MT,AT",Real Madrid,es La Liga,20,2001,0.2,65.0,5.00,5.00,30.0,30.0,5.00,65.0,0.00,0.00,,0.00,,20.0,130.0,85.0,0.00,0.00,0.00,0.00,0.00,40.0,0.00,Matchs
142,Kepa Arrizabalaga,es ESP,GB,Chelsea,eng Premier League,27,1994,28.5,39.3,31.3,38.7,0.56,0.00,0.00,39.3,0.04,0.04,100.0,0.00,0.0,22.9,101.5,59.1,0.00,0.00,0.00,0.04,0.00,21.2,0.00,Matchs
143,Roberto Arroyo,es ESP,MT,Valladolid,es La Liga,18,2003,0.2,35.0,0.00,5.00,15.0,15.0,5.00,35.0,5.00,5.00,100.0,0.00,0.0,40.0,190.0,125.0,5.00,0.00,5.00,5.00,10.0,40.0,20.0,Matchs
144,Tolgay Arslan,de GER,MT,Udinese,it Serie A,31,1990,13.5,57.0,0.96,10.7,29.5,17.3,1.93,57.0,2.67,1.11,41.7,0.96,36.1,35.0,218.1,113.3,3.33,2.30,0.81,1.93,1.26,37.3,2.74,Matchs
145,Ricard Artero,es ESP,"MT,AT",Girona,es La Liga,19,2003,1.5,45.3,1.33,9.33,24.0,13.3,4.00,45.3,2.67,2.00,75.0,0.00,0.0,30.0,144.7,70.7,2.67,2.67,0.00,2.67,2.00,36.0,6.00,Matchs
146,Arthur,br BRA,AT,Fiorentina,it Serie A,24,1998,15.9,30.8,0.88,2.26,10.6,18.2,6.42,30.6,2.20,0.94,42.9,01.07,48.6,17.0,90.4,25.0,0.69,0.88,0.57,3.77,1.51,22.7,5.41,Matchs
147,Santiago Arzamendia,py PAR,"DF,MT",Cádiz,es La Liga,24,1998,5.4,53.7,4.26,16.7,25.0,13.0,0.93,53.7,1.11,0.37,33.3,0.74,66.7,25.9,123.7,64.6,1.48,1.67,0.37,1.48,0.74,26.3,04.07,Matchs
148,Takuma Asano,jp JPN,"AT,MT",Bochum,de Bundesliga,27,1994,19.0,29.3,0.63,3.42,11.2,15.2,4.21,29.3,1.84,0.68,37.1,0.84,45.7,18.1,123.9,48.4,1.68,1.00,0.84,3.26,1.63,20.6,6.26,Matchs
149,Santiago Ascacíbar,ar ARG,MT,Cremonese,it Serie A,25,1997,8.1,68.3,3.21,21.9,34.6,12.3,0.49,68.3,1.11,0.49,44.4,0.49,44.4,31.4,120.5,54.6,0.12,0.37,0.00,0.99,0.49,38.8,0.74,Matchs
150,Sergio Asenjo,es ESP,GB,Valladolid,es La Liga,33,1989,10.0,38.4,32.7,38.4,0.00,0.00,0.00,38.4,0.00,0.00,,0.00,,19.8,91.0,55.6,0.00,0.00,0.00,0.20,0.00,15.3,0.00,Matchs
Clt,Joueur,Nation,Pos,Équipe,Comp,Âge,Naissance,90,Touches,SurfRépDéf,ZDéf,MilTer,ZOff,SurfRépOff,Action de jeu,Att,Succ,Succ%,Tkld,Tkld%,Balle au pied,TotDist,DistBut,PrgC,1/3,CSR,Manqué,Perte,Rec,PrgR,Matchs
151,Marco Asensio,es ESP,"AT,MT",Real Madrid,es La Liga,26,1996,16.0,59.4,0.69,4.13,23.4,32.3,4.44,59.4,02.06,1.44,69.7,0.44,21.2,38.1,230.5,116.0,3.50,2.44,0.69,1.19,0.81,45.3,6.75,Matchs
152,Kristoffer Askildsen,no NOR,MT,Lecce,it Serie A,21,2001,8.1,43.3,2.10,8.40,23.5,12.0,0.99,43.3,0.74,0.37,50.0,0.12,16.7,16.2,82.1,41.5,1.23,0.25,0.25,1.60,0.37,21.7,2.10,Matchs
153,Fisnik Asllani,xk KVX,AT,Hoffenheim,de Bundesliga,19,2002,1.9,50.0,1.58,4.21,18.9,27.9,8.42,50.0,1.58,0.53,33.3,01.05,66.7,29.5,95.8,54.2,2.11,1.58,1.58,3.68,01.05,39.5,10.0,Matchs
154,Kristjan Asllani,al ALB,MT,Inter,it Serie A,20,2002,6.6,76.8,1.21,17.4,46.8,13.2,0.30,76.8,0.76,0.30,40.0,0.45,60.0,50.2,240.6,96.1,0.91,1.36,0.15,0.45,0.30,58.9,0.91,Matchs
155,Iago Aspas,es ESP,AT,Celta Vigo,es La Liga,34,1987,31.9,46.6,0.82,3.48,20.2,23.4,4.55,46.5,1.76,0.69,39.3,0.78,44.6,32.3,160.3,74.3,2.51,1.82,0.94,1.63,1.44,37.6,7.49,Matchs
156,Lorenz Assignon,tg TOG,DF,Rennes,fr Ligue 1,22,2000,2.9,69.0,5.17,17.6,37.9,14.5,02.07,69.0,1.72,0.34,20.0,01.03,60.0,42.1,250.7,141.7,3.45,2.41,0.69,1.38,0.69,36.2,4.48,Matchs
157,Youcef Atal,dz ALG,"DF,MT",Nice,fr Ligue 1,26,1996,8.7,72.6,2.53,17.1,33.9,23.2,02.07,72.6,4.94,2.18,44.2,2.53,51.2,50.9,331.3,184.5,4.37,3.33,0.92,1.15,0.57,46.2,7.24,Matchs
158,Valentin Atangana Edoa,fr FRA,MT,Reims,fr Ligue 1,16,2005,1.9,40.0,2.63,11.1,16.8,12.6,4.21,40.0,2.63,0.00,0.0,1.58,60.0,26.3,167.9,71.1,2.63,1.58,01.05,1.58,2.11,23.7,3.16,Matchs
159,Pierre-Emerick Aubameyang,ga GAB,AT,Chelsea,eng Premier League,33,1989,6.2,26.0,1.13,2.58,11.1,12.7,3.71,26.0,0.81,0.48,60.0,0.32,40.0,13.9,85.3,41.8,1.45,0.97,0.65,1.77,0.65,18.7,4.68,Matchs
160,Pierre-Emerick Aubameyang,ga GAB,AT,Barcelona,es La Liga,33,1989,0.1,40.0,0.00,10.0,20.0,10.0,10.0,40.0,0.00,0.00,,0.00,,20.0,80.0,10.0,0.00,0.00,0.00,0.00,0.00,20.0,0.00,Matchs
161,Emil Audero,it ITA,GB,Sampdoria,it Serie A,25,1997,25.0,39.3,32.4,38.7,0.68,0.00,0.00,39.3,0.00,0.00,,0.00,,21.9,119.9,73.1,0.00,0.00,0.00,0.04,0.00,16.6,0.00,Matchs
162,Tommaso Augello,it ITA,DF,Sampdoria,it Serie A,27,1994,34.0,58.3,2.59,18.1,25.2,16.0,0.62,58.3,1.88,01.06,56.3,0.68,35.9,30.6,171.7,93.4,2.47,1.26,0.15,0.62,0.50,34.3,4.50,Matchs
163,Ludwig Augustinsson,se SWE,DF,Aston Villa,eng Premier League,28,1994,0.9,56.7,3.33,21.1,16.7,18.9,2.22,56.7,1.11,0.00,0.0,1.11,100.0,32.2,200.0,30.0,0.00,2.22,0.00,0.00,0.00,23.3,3.33,Matchs
164,Ludwig Augustinsson,se SWE,DF,Mallorca,es La Liga,28,1994,1.5,53.3,4.00,18.7,21.3,13.3,1.33,53.3,0.00,0.00,,0.00,,26.0,88.0,41.3,0.00,0.67,0.00,0.00,0.00,26.0,4.00,Matchs
165,Serge Aurier,ci CIV,DF,Nott'ham Forest,eng Premier League,29,1992,21.6,57.3,4.95,22.4,23.4,12.2,0.60,57.3,1.48,0.74,50.0,0.51,34.4,24.1,110.8,64.7,1.71,1.20,0.09,1.44,0.83,26.6,2.31,Matchs
166,Mathias Autret,fr FRA,"MT,AT",Auxerre,fr Ligue 1,31,1991,14.3,50.5,1.68,8.60,25.6,16.7,1.68,50.4,1.75,0.70,40.0,0.98,56.0,35.8,195.9,66.4,1.40,0.84,0.21,1.26,0.28,32.9,04.06,Matchs
167,Ezequiel Ávila,ar ARG,"AT,MT",Osasuna,es La Liga,28,1994,19.0,38.9,0.95,4.37,14.5,20.2,3.21,38.7,1.79,0.89,50.0,0.74,41.2,22.2,101.2,37.4,1.21,0.95,0.32,02.05,0.95,26.8,05.05,Matchs
168,Cédric Avinel,gp GLP,DF,Ajaccio,fr Ligue 1,35,1986,19.9,44.0,5.98,25.5,18.5,0.25,0.10,44.0,0.05,0.00,0.0,0.00,0.0,28.9,162.6,75.1,0.15,0.05,0.00,0.15,0.00,25.5,0.05,Matchs
169,Taiwo Awoniyi,ng NGA,AT,Nott'ham Forest,eng Premier League,24,1997,15.6,27.9,1.41,3.97,11.3,13.0,3.53,27.9,1.41,0.45,31.8,0.77,54.5,15.8,81.3,34.0,1.15,0.83,0.58,4.36,1.86,18.2,3.53,Matchs
170,Yasin Ayari,se SWE,MT,Brighton,eng Premier League,18,2003,0.7,42.9,0.00,7.14,25.7,11.4,1.43,42.9,1.43,0.00,0.0,0.00,0.0,27.1,108.6,62.9,0.00,0.00,0.00,2.86,0.00,35.7,2.86,Matchs
171,Mehmet Aydin,de GER,"DF,AT",Schalke 04,de Bundesliga,20,2002,6.3,60.3,3.81,20.3,26.2,15.4,0.79,60.3,2.22,0.63,28.6,1.11,50.0,26.3,152.9,66.0,1.43,1.90,0.32,02.06,0.48,25.1,3.33,Matchs
172,André Ayew,gh GHA,"AT,MT",Nott'ham Forest,eng Premier League,32,1989,3.5,30.3,3.14,4.29,14.0,12.0,2.29,30.0,1.71,0.29,16.7,1.14,66.7,11.4,77.4,29.1,0.86,0.86,0.57,0.86,1.14,17.7,4.57,Matchs
173,Jordan Ayew,gh GHA,"AT,MT",Crystal Palace,eng Premier League,30,1991,30.2,43.9,1.52,6.36,20.2,18.5,3.25,43.9,4.93,2.15,43.6,1.95,39.6,26.5,172.0,78.5,2.75,1.66,01.03,3.54,2.75,30.9,5.76,Matchs
174,Kaan Ayhan,tr TUR,DF,Sassuolo,it Serie A,27,1994,6.1,63.1,8.85,32.5,29.8,0.98,0.00,63.1,0.00,0.00,,0.00,,38.5,191.5,122.0,1.31,0.82,0.00,0.00,0.16,43.3,0.00,Matchs
175,Luke Ayling,eng ENG,DF,Leeds United,eng Premier League,30,1991,22.8,62.0,3.46,20.4,25.4,17.1,2.46,62.0,1.45,0.57,39.4,0.75,51.5,28.4,130.0,64.9,1.23,0.88,0.18,01.01,0.53,30.7,4.39,Matchs
Clt,Joueur,Nation,Pos,Équipe,Comp,Âge,Naissance,90,Touches,SurfRépDéf,ZDéf,MilTer,ZOff,SurfRépOff,Action de jeu,Att,Succ,Succ%,Tkld,Tkld%,Balle au pied,TotDist,DistBut,PrgC,1/3,CSR,Manqué,Perte,Rec,PrgR,Matchs
176,Ayman Azhil,ma MAR,MT,Leverkusen,de Bundesliga,21,2001,0.0,0,0,0,0,0,0,0,0,0,,0,,0,0,0,0,0,0,0,0,0,0,Matchs
177,Sardar Azmoun,ir IRN,"AT,MT",Leverkusen,de Bundesliga,27,1995,10.3,33.4,1.26,4.17,17.0,13.1,4.66,33.4,01.07,0.58,54.5,0.49,45.5,16.2,74.7,33.3,01.07,0.78,0.78,2.23,0.97,24.9,4.37,Matchs
178,César Azpilicueta,es ESP,DF,Chelsea,eng Premier League,32,1989,17.0,73.2,4.94,24.9,30.0,18.8,1.47,73.2,0.76,0.41,53.8,0.29,38.5,36.0,158.3,92.5,1.35,1.12,0.00,0.71,0.29,44.3,4.76,Matchs
179,Sanoussy Ba,de GER,DF,RB Leipzig,de Bundesliga,18,2004,0.0,0,0,0,0,0,0,0,0,0,,0,,0,0,0,0,0,0,0,0,0,0,Matchs
180,Iddrisu Baba,gh GHA,"MT,DF",Mallorca,es La Liga,26,1996,18.9,40.9,3.23,13.4,25.2,3.17,0.42,40.9,01.01,0.58,57.9,0.26,26.3,21.9,101.9,26.3,0.16,0.26,0.00,1.48,0.79,21.1,0.42,Matchs
181,Srđan Babić,rs SRB,DF,Almería,es La Liga,26,1996,33.3,49.2,7.12,29.3,19.0,1.29,0.48,49.2,0.24,0.12,50.0,0.12,50.0,26.8,145.1,83.8,0.63,0.39,0.03,0.30,0.09,30.4,0.15,Matchs
182,Loïc Bade,fr FRA,DF,Sevilla,es La Liga,22,2000,16.1,64.0,7.27,35.5,26.8,2.11,0.62,64.0,0.56,0.37,66.7,0.12,22.2,37.8,168.7,79.3,0.43,0.31,0.00,0.37,0.12,40.2,0.12,Matchs
183,Loïc Bade,fr FRA,DF,Rennes,fr Ligue 1,22,2000,1.0,67.0,7.00,35.0,31.0,2.00,2.00,67.0,0.00,0.00,,0.00,,51.0,277.0,100.0,0.00,0.00,0.00,0.00,0.00,51.0,0.00,Matchs
184,Édgar Badía,es ESP,GB,Elche,es La Liga,30,1992,36.0,33.0,30.8,33.0,0.06,0.00,0.00,33.0,0.00,0.00,,0.00,,16.6,89.7,53.8,0.00,0.00,0.00,0.06,0.00,11.1,0.00,Matchs
185,Benoît Badiashile,fr FRA,DF,Chelsea,eng Premier League,21,2001,10.1,93.6,9.41,46.4,45.3,2.48,01.09,93.6,0.30,0.10,33.3,0.20,66.7,62.4,299.0,175.6,01.09,0.20,0.00,0.20,0.30,68.2,0.20,Matchs
186,Benoît Badiashile,fr FRA,DF,Monaco,fr Ligue 1,21,2001,9.3,61.1,8.82,25.8,34.8,1.40,0.75,61.1,0.11,0.00,0.0,0.11,100.0,43.2,227.7,119.8,0.32,0.32,0.11,0.32,0.00,37.5,0.00,Matchs
187,Alex Baena,es ESP,"MT,AT",Villarreal,es La Liga,21,2001,21.6,51.1,1.30,07.04,23.7,21.0,03.06,51.1,2.87,1.25,43.5,1.16,40.3,34.8,183.4,85.5,2.31,1.94,0.65,1.90,1.57,40.4,05.09,Matchs
188,Jaime Báez,uy URU,DF,Cremonese,it Serie A,27,1995,1.1,56.4,2.73,09.09,33.6,14.5,1.82,56.4,1.82,0.91,50.0,0.00,0.0,30.9,179.1,112.7,4.55,2.73,0.00,0.91,0.00,30.9,7.27,Matchs
189,Leon Bailey,jm JAM,"AT,MT",Aston Villa,eng Premier League,24,1997,21.9,37.1,0.73,4.16,12.9,20.8,04.06,37.1,05.07,1.83,36.0,2.51,49.5,23.7,183.7,77.8,3.88,1.51,1.74,2.19,2.42,25.6,8.31,Matchs
190,Eric Bailly,ci CIV,DF,Marseille,fr Ligue 1,28,1994,6.0,59.5,6.67,26.5,30.2,3.33,1.67,59.5,0.67,0.33,50.0,0.33,50.0,36.3,225.8,103.2,0.67,0.33,0.00,1.33,0.50,30.3,0.67,Matchs
191,Dénys Bain,fr FRA,DF,Auxerre,fr Ligue 1,29,1993,1.4,50.0,10.7,30.0,20.0,0.00,0.00,50.0,0.71,0.71,100.0,0.00,0.0,34.3,210.0,97.9,0.00,0.00,0.00,0.00,0.00,31.4,0.00,Matchs
192,Brandon Baiye,be BEL,MT,Clermont Foot,fr Ligue 1,21,2000,0.6,70.0,8.33,16.7,40.0,13.3,1.67,70.0,1.67,1.67,100.0,0.00,0.0,45.0,265.0,90.0,0.00,0.00,0.00,1.67,1.67,40.0,0.00,Matchs
193,Stefan Bajcetic,es ESP,MT,Liverpool,eng Premier League,17,2004,5.8,55.9,01.03,11.4,32.6,12.8,0.86,55.9,2.76,1.21,43.8,0.69,25.0,30.2,170.7,77.6,1.72,1.21,0.00,1.21,01.03,35.2,0.17,Matchs
194,Nedim Bajrami,al ALB,"MT,AT",Empoli,it Serie A,23,1999,10.4,43.9,0.10,6.35,17.8,21.1,2.60,43.9,2.98,01.06,35.5,1.73,58.1,25.7,185.4,78.5,2.12,02.02,0.96,2.31,1.63,29.2,4.52,Matchs
195,Nedim Bajrami,al ALB,"AT,MT",Sassuolo,it Serie A,23,1999,9.1,49.6,0.88,6.92,16.5,27.1,3.19,49.6,3.52,1.98,56.3,1.32,37.5,30.5,181.5,81.2,2.53,1.76,1.32,2.20,0.99,32.4,10.5,Matchs
196,Cédric Bakambu,cd COD,MT,Marseille,fr Ligue 1,31,1991,0.7,47.1,0.00,8.57,21.4,17.1,4.29,47.1,2.86,0.00,0.0,2.86,100.0,31.4,192.9,84.3,1.43,4.29,1.43,2.86,1.43,28.6,5.71,Matchs
197,Tiemoué Bakayoko,fr FRA,MT,Milan,it Serie A,27,1994,0.5,60.0,6.00,32.0,24.0,4.00,0.00,60.0,6.00,2.00,33.3,4.00,66.7,32.0,192.0,112.0,0.00,2.00,0.00,2.00,2.00,30.0,2.00,Matchs
198,Mitchel Bakker,nl NED,"DF,MT",Leverkusen,de Bundesliga,22,2000,18.4,61.9,1.74,18.0,31.0,13.6,1.58,61.9,2.12,0.60,28.2,1.14,53.8,31.3,147.1,73.5,1.52,0.92,0.43,1.25,0.82,38.2,3.53,Matchs
199,Ridle Baku,de GER,"DF,AT",Wolfsburg,de Bundesliga,24,1998,28.7,65.8,2.79,18.2,30.7,17.4,1.57,65.8,2.13,0.80,37.7,0.94,44.3,36.7,171.3,83.0,1.74,0.80,0.28,02.06,0.70,40.2,5.47,Matchs
200,Tommaso Baldanzi,it ITA,MT,Empoli,it Serie A,19,2003,19.7,42.7,0.56,5.53,20.7,17.0,2.34,42.7,03.05,1.17,38.3,1.52,50.0,27.8,177.7,89.9,2.89,2.59,0.71,1.68,0.76,30.5,4.77,Matchs
Clt,Joueur,Nation,Pos,Équipe,Comp,Âge,Naissance,90,Touches,SurfRépDéf,ZDéf,MilTer,ZOff,SurfRépOff,Action de jeu,Att,Succ,Succ%,Tkld,Tkld%,Balle au pied,TotDist,DistBut,PrgC,1/3,CSR,Manqué,Perte,Rec,PrgR,Matchs
201,Alejandro Balde,es ESP,DF,Barcelona,es La Liga,18,2003,27.5,70.5,1.45,15.2,31.8,24.4,2.84,70.5,3.49,1.82,52.1,1.31,37.5,46.2,264.6,149.1,3.49,2.51,1.27,1.49,0.87,49.0,8.51,Matchs
202,Thierno Balde,fr FRA,"DF,MT",Troyes,fr Ligue 1,20,2002,23.9,47.6,3.56,16.5,17.8,14.2,1.42,47.6,2.80,1.51,53.7,0.92,32.8,32.0,243.0,125.4,2.76,2.13,0.46,1.59,0.63,27.2,4.94,Matchs
203,Carlos Baleba,cm CMR,MT,Lille,fr Ligue 1,18,2004,5.3,72.5,1.89,9.25,48.3,15.7,0.94,72.5,5.28,2.83,53.6,1.70,32.1,57.0,359.1,193.8,03.02,03.02,0.38,2.26,3.21,53.6,2.26,Matchs
204,Mikel Balenziaga,es ESP,DF,Athletic Club,es La Liga,34,1988,1.3,59.2,1.54,10.8,30.0,19.2,0.00,59.2,0.77,0.77,100.0,0.00,0.0,22.3,76.9,38.5,0.00,1.54,0.00,0.00,0.77,31.5,4.62,Matchs
205,Leonardo Balerdi,ar ARG,DF,Marseille,fr Ligue 1,23,1999,29.3,68.2,7.61,29.7,35.1,3.86,0.55,68.2,0.48,0.31,64.3,0.14,28.6,48.2,283.5,146.5,0.51,0.65,0.00,0.78,0.10,42.0,0.65,Matchs
206,Dominic Ballard,eng ENG,"AT,MT",Southampton,eng Premier League,17,2005,0.3,36.7,0.00,6.67,13.3,16.7,0.00,36.7,6.67,0.00,0.0,3.33,50.0,20.0,83.3,33.3,3.33,0.00,0.00,10.0,3.33,23.3,3.33,Matchs
207,Iván Balliu,al ALB,DF,Rayo Vallecano,es La Liga,30,1992,35.9,58.9,2.45,14.0,25.8,19.4,0.72,58.9,0.86,0.31,35.5,0.33,38.7,28.4,142.9,80.2,02.09,1.42,0.11,0.61,0.25,32.0,04.09,Matchs
208,Fodé Ballo-Touré,sn SEN,DF,Milan,it Serie A,25,1997,5.8,60.7,1.21,13.3,29.0,19.0,1.55,60.7,2.59,0.86,33.3,1.55,60.0,26.2,131.4,73.6,1.90,1.21,0.00,01.03,01.03,32.4,5.34,Matchs
209,Folarin Balogun,us USA,AT,Reims,fr Ligue 1,21,2001,33.3,29.1,0.48,2.16,11.6,15.8,5.95,28.9,2.61,01.05,40.2,1.32,50.6,22.3,137.0,51.0,1.68,0.81,1.35,2.82,2.22,22.3,8.50,Matchs
210,Abdoulaye Bamba,ci CIV,DF,Angers,fr Ligue 1,32,1990,15.2,54.7,3.42,20.9,29.1,5.33,0.13,54.7,0.59,0.26,44.4,0.26,44.4,39.3,174.1,73.2,0.53,0.33,0.00,0.59,0.26,35.6,1.25,Matchs
211,Jonathan Bamba,ci CIV,AT,Lille,fr Ligue 1,26,1996,30.9,58.3,0.71,5.50,25.9,27.8,4.53,58.3,3.20,1.13,35.4,1.75,54.5,46.5,281.0,112.5,3.59,2.72,0.94,2.14,1.97,43.8,11.2,Matchs
212,Patrick Bamford,eng ENG,AT,Leeds United,eng Premier League,28,1993,16.8,32.7,1.13,02.02,15.3,15.8,4.94,32.6,02.02,0.65,32.4,1.13,55.9,17.3,70.6,26.6,01.01,01.01,0.77,3.33,1.25,23.0,5.71,Matchs
213,Lameck Banda,zm ZAM,"AT,MT",Lecce,it Serie A,21,2001,18.2,39.6,0.71,4.12,14.6,22.1,04.07,39.6,6.15,2.64,42.9,2.64,42.9,27.7,251.8,122.9,4.73,03.02,02.09,3.68,1.98,28.0,8.79,Matchs
214,Filippo Bandinelli,it ITA,MT,Empoli,it Serie A,27,1995,25.1,53.1,2.63,12.6,26.2,15.0,1.16,53.1,1.67,0.60,35.7,0.84,50.0,29.7,155.3,69.2,1.59,1.63,0.28,1.67,1.20,34.4,3.55,Matchs
215,Léo Baptistão,br BRA,"AT,MT",Almería,es La Liga,29,1992,19.2,41.1,0.83,8.23,20.4,13.6,3.18,41.1,1.88,0.73,38.9,0.83,44.4,24.2,136.0,77.3,1.98,1.61,0.47,2.92,0.89,27.3,4.32,Matchs
216,Shandon Baptiste,gd GRN,MT,Brentford,eng Premier League,24,1998,6.9,54.1,1.74,12.6,28.4,14.1,01.01,54.1,1.88,0.87,46.2,0.43,23.1,34.8,159.0,73.5,1.16,1.74,0.43,2.32,1.16,35.8,3.33,Matchs
217,Antonín Barák,cz CZE,MT,Hellas Verona,it Serie A,27,1994,0.3,53.3,0.00,0.00,33.3,20.0,0.00,53.3,6.67,3.33,50.0,3.33,50.0,40.0,226.7,83.3,0.00,0.00,0.00,3.33,3.33,36.7,3.33,Matchs
218,Antonín Barák,cz CZE,MT,Fiorentina,it Serie A,27,1994,20.0,45.2,0.95,4.20,23.5,18.1,3.35,45.2,1.95,0.95,48.7,0.85,43.6,27.8,168.2,71.8,2.25,1.55,0.40,1.70,1.40,32.5,4.65,Matchs
219,Andrea Barberis,it ITA,MT,Monza,it Serie A,28,1993,3.8,51.1,1.58,10.0,33.2,8.16,0.53,51.1,0.00,0.00,,0.00,,26.3,128.2,66.6,0.79,1.84,0.26,0.79,1.58,36.1,0.00,Matchs
220,Tommaso Barbieri,it ITA,DF,Juventus,it Serie A,19,2002,1.2,65.0,0.83,23.3,24.2,17.5,1.67,65.0,2.50,0.83,33.3,0.83,33.3,33.3,229.2,104.2,4.17,1.67,0.00,4.17,0.00,41.7,3.33,Matchs
221,Bradley Barcola,fr FRA,"AT,MT",Lyon,fr Ligue 1,19,2002,16.0,41.6,0.63,05.06,15.2,22.2,6.75,41.6,5.00,2.50,50.0,2.38,47.5,30.1,200.1,87.7,3.19,1.88,1.88,2.25,0.50,27.8,9.75,Matchs
222,Melvin Bard,fr FRA,DF,Nice,fr Ligue 1,21,2000,27.3,66.7,3.41,22.1,30.7,15.0,0.95,66.7,1.98,0.84,42.6,0.92,46.3,43.6,248.6,117.5,2.23,2.20,0.29,0.84,0.59,38.5,4.62,Matchs
223,Francesco Bardi,it ITA,GB,Bologna,it Serie A,30,1992,1.0,25.0,23.0,25.0,0.00,0.00,0.00,25.0,0.00,0.00,,0.00,,10.0,46.0,35.0,0.00,0.00,0.00,0.00,1.00,7.00,0.00,Matchs
224,Keidi Bare,al ALB,MT,Espanyol,es La Liga,24,1997,5.6,60.0,2.68,12.0,37.0,11.1,0.89,60.0,01.07,0.36,33.3,0.54,50.0,32.3,180.7,78.4,01.07,2.32,0.18,01.07,0.54,38.2,1.96,Matchs
225,Nicolò Barella,it ITA,MT,Inter,it Serie A,25,1997,29.0,65.2,1.48,10.4,33.2,22.6,1.97,65.2,2.41,1.38,57.1,0.59,24.3,43.2,252.7,118.3,2.62,2.38,0.34,1.79,1.34,49.2,5.59,Matchs
Clt,Joueur,Nation,Pos,Équipe,Comp,Âge,Naissance,90,Touches,SurfRépDéf,ZDéf,MilTer,ZOff,SurfRépOff,Action de jeu,Att,Succ,Succ%,Tkld,Tkld%,Balle au pied,TotDist,DistBut,PrgC,1/3,CSR,Manqué,Perte,Rec,PrgR,Matchs
226,Kike Barja,es ESP,"AT,MT",Osasuna,es La Liga,25,1997,14.6,46.2,0.41,4.45,13.6,28.3,3.77,46.2,6.10,2.67,43.8,03.01,49.4,31.4,216.0,102.7,4.18,1.92,1.23,03.01,1.71,34.1,12.7,Matchs
227,Ross Barkley,eng ENG,"MT,AT",Nice,fr Ligue 1,28,1993,10.7,56.6,0.93,8.50,27.7,21.3,2.43,56.6,1.96,1.12,57.1,0.75,38.1,42.7,240.5,114.9,2.80,2.80,0.65,1.12,2.24,40.6,4.30,Matchs
228,Aymen Barkok,ma MAR,MT,Mainz 05,de Bundesliga,24,1998,6.5,55.4,1.85,8.15,24.0,24.3,2.46,55.4,03.08,1.38,45.0,1.69,55.0,28.5,214.8,111.7,2.62,2.46,0.62,2.46,1.38,33.2,4.31,Matchs
229,Harvey Barnes,eng ENG,"AT,MT",Leicester City,eng Premier League,24,1997,30.1,38.0,0.56,4.25,14.5,19.9,4.42,38.0,03.02,0.90,29.7,1.76,58.2,24.4,171.9,91.3,3.32,2.39,1.59,2.49,1.40,29.9,8.54,Matchs
230,Leandro Barreiro Martins,lu LUX,MT,Mainz 05,de Bundesliga,22,2000,23.8,36.6,2.31,9.29,18.2,9.71,2.44,36.6,0.80,0.21,26.3,0.38,47.4,15.0,65.7,26.9,0.71,0.67,0.08,1.64,0.55,15.6,02.06,Matchs
231,Enzo Barrenechea,ar ARG,MT,Juventus,it Serie A,21,2001,1.8,76.7,1.67,20.0,50.0,7.22,1.11,76.7,0.56,0.00,0.0,0.56,100.0,43.9,190.6,95.0,0.56,0.56,0.00,0.56,0.56,51.7,1.11,Matchs
232,Ander Barrenetxea,es ESP,"AT,DF",Real Sociedad,es La Liga,20,2001,9.8,55.5,1.43,11.2,21.7,23.7,4.18,55.5,6.43,3.47,54.0,2.55,39.7,33.5,214.2,101.4,3.67,1.53,1.73,3.67,1.84,35.5,7.35,Matchs
233,Mickaël Barreto,fr FRA,MT,Ajaccio,fr Ligue 1,31,1991,14.7,59.1,1.22,10.8,34.1,15.4,0.61,59.1,3.33,1.56,46.9,1.63,49.0,40.9,249.7,107.2,1.77,02.04,0.00,2.31,1.29,36.3,3.61,Matchs
234,Pablo Barrios,es ESP,MT,Atlético Madrid,es La Liga,19,2003,8.0,69.3,1.50,13.3,39.3,17.5,1.50,69.3,3.75,1.88,50.0,1.50,40.0,40.0,224.4,86.3,2.00,1.25,0.38,1.88,1.25,50.6,3.38,Matchs
235,Musa Barrow,gm GAM,"AT,MT",Bologna,it Serie A,23,1998,21.8,48.8,0.23,5.60,20.8,23.0,2.11,48.8,3.26,1.10,33.8,1.88,57.7,30.6,198.5,89.9,3.12,2.71,0.87,2.29,1.42,36.3,6.47,Matchs
236,Federico Baschirotto,it ITA,DF,Lecce,it Serie A,25,1996,37.0,49.3,6.43,26.2,20.8,2.59,0.97,49.3,0.14,0.08,60.0,0.03,20.0,22.9,121.1,63.6,0.32,0.11,0.00,0.27,0.05,24.8,0.32,Matchs
237,Toma Bašić,hr CRO,MT,Lazio,it Serie A,25,1996,5.7,64.4,2.11,13.2,31.4,20.2,2.98,64.4,1.40,0.53,37.5,0.70,50.0,38.9,186.7,83.7,2.46,1.40,0.18,2.28,01.05,43.9,05.09,Matchs
238,Alberto Basso,it ITA,MT,Cremonese,it Serie A,18,2004,0.2,15.0,0.00,0.00,0.00,15.0,5.00,15.0,0.00,0.00,,0.00,,10.0,135.0,55.0,0.00,0.00,0.00,0.00,5.00,15.0,10.0,Matchs
239,Gil Bastião Dias,pt POR,AT,Stuttgart,de Bundesliga,25,1996,4.4,55.9,0.91,10.5,25.2,22.0,2.95,55.9,4.32,2.27,52.6,1.82,42.1,35.7,245.2,120.7,3.64,1.14,0.91,3.86,2.50,37.3,7.50,Matchs
240,Alessandro Bastoni,it ITA,DF,Inter,it Serie A,23,1999,24.0,77.4,8.38,33.2,34.2,10.4,1.25,77.4,0.63,0.33,53.3,0.25,40.0,47.4,241.5,153.7,1.96,1.29,0.13,0.54,0.25,54.6,1.83,Matchs
241,Simone Bastoni,it ITA,"MT,DF",Spezia,it Serie A,25,1996,13.2,56.7,2.35,13.9,23.2,20.7,1.82,56.7,1.52,0.53,35.0,0.76,50.0,25.8,130.6,64.6,1.52,1.21,0.15,1.52,01.06,30.4,4.92,Matchs
242,Rodrigo Battaglia,ar ARG,MT,Mallorca,es La Liga,31,1991,7.6,40.8,3.68,15.0,22.4,3.55,0.79,40.8,0.39,0.00,0.0,0.13,33.3,17.9,87.5,35.3,0.39,0.53,0.00,0.66,0.79,21.6,0.39,Matchs
243,Maximilian Bauer,de GER,DF,Augsburg,de Bundesliga,22,2000,20.5,47.9,6.59,28.8,17.7,1.76,0.63,47.9,0.24,0.10,40.0,0.05,20.0,22.5,110.6,62.0,0.54,0.39,0.00,0.49,0.24,24.4,0.10,Matchs
244,Oliver Baumann,de GER,GB,Hoffenheim,de Bundesliga,32,1990,34.0,44.2,35.9,43.8,0.44,0.00,0.00,44.2,0.00,0.00,,0.00,,26.6,120.1,66.4,0.00,0.00,0.00,0.00,0.00,22.3,0.00,Matchs
245,Timo Baumgartl,de GER,DF,Union Berlin,de Bundesliga,26,1996,6.2,60.0,5.32,25.8,30.2,4.19,1.45,60.0,0.00,0.00,,0.00,,34.2,177.3,101.0,0.65,0.65,0.00,0.48,0.00,36.6,0.32,Matchs
246,Julian Baumgartlinger,at AUT,MT,Augsburg,de Bundesliga,34,1988,6.2,47.1,03.06,15.0,25.2,7.10,0.48,47.1,0.65,0.16,25.0,0.32,50.0,23.1,74.5,32.7,0.16,0.32,0.00,1.13,0.48,24.4,0.48,Matchs
247,Christoph Baumgartner,at AUT,"MT,AT",Hoffenheim,de Bundesliga,22,1999,28.5,47.0,1.37,7.16,23.0,17.7,4.14,47.0,04.07,1.89,46.6,1.65,40.5,26.9,173.6,87.3,2.67,02.07,1.16,2.84,1.26,31.6,05.09,Matchs
248,Cyrille Bayala,bf BFA,MT,Ajaccio,fr Ligue 1,26,1996,22.3,42.5,1.21,7.22,19.3,16.7,02.02,42.5,03.05,1.12,36.8,1.70,55.9,27.8,180.2,73.1,02.06,1.52,0.63,2.51,1.57,24.3,4.89,Matchs
249,Brian Bayeye,,DF,Torino,it Serie A,22,2000,0.7,91.4,8.57,41.4,34.3,15.7,4.29,91.4,2.86,2.86,100.0,0.00,0.0,32.9,198.6,132.9,4.29,2.86,2.86,4.29,2.86,41.4,7.14,Matchs
250,Noah Joel Sarenren Bazee,ng NGA,"MT,AT",Augsburg,de Bundesliga,25,1996,0.2,40.0,0.00,5.00,20.0,20.0,5.00,40.0,10.0,5.00,50.0,5.00,50.0,20.0,225.0,75.0,0.00,5.00,0.00,5.00,0.00,25.0,5.00,Matchs
Clt,Joueur,Nation,Pos,Équipe,Comp,Âge,Naissance,90,Touches,SurfRépDéf,ZDéf,MilTer,ZOff,SurfRépOff,Action de jeu,Att,Succ,Succ%,Tkld,Tkld%,Balle au pied,TotDist,DistBut,PrgC,1/3,CSR,Manqué,Perte,Rec,PrgR,Matchs
251,Gavin Bazunu,ie IRL,GB,Southampton,eng Premier League,20,2002,32.0,39.2,28.4,38.6,0.59,0.00,0.00,39.2,0.00,0.00,,0.00,,23.3,115.6,64.8,0.00,0.00,0.00,0.00,0.00,18.7,0.00,Matchs
252,Bebé,cv CPV,AT,Rayo Vallecano,es La Liga,32,1990,0.7,74.3,0.00,1.43,27.1,51.4,0.00,74.3,11.4,4.29,37.5,5.71,50.0,52.9,491.4,220.0,7.14,11.4,0.00,8.57,4.29,48.6,14.3,Matchs
253,Ihlas Bebou,tg TOG,"AT,DF",Hoffenheim,de Bundesliga,28,1994,15.7,36.7,1.40,04.01,15.0,18.3,4.39,36.6,3.69,1.66,44.8,1.91,51.7,19.6,105.4,43.3,1.72,1.21,0.96,3.89,01.08,23.9,7.39,Matchs
254,Rodrigo Becão,br BRA,DF,Udinese,it Serie A,26,1996,27.6,60.4,4.89,29.2,25.4,6.23,1.56,60.4,0.36,0.18,50.0,0.18,50.0,30.8,133.4,80.4,0.69,0.54,0.11,0.58,0.07,34.3,1.74,Matchs
255,Mads Bech Sørensen,dk DEN,"DF,MT",Brentford,eng Premier League,23,1999,0.2,70.0,5.00,20.0,40.0,10.0,0.00,70.0,0.00,0.00,,0.00,,10.0,15.0,0.00,0.00,0.00,0.00,0.00,0.00,25.0,0.00,Matchs
256,Julius Beck,dk DEN,MT,Spezia,it Serie A,17,2005,0.1,80.0,0.00,20.0,50.0,10.0,0.00,80.0,0.00,0.00,,0.00,,50.0,270.0,50.0,0.00,0.00,0.00,10.0,10.0,60.0,0.00,Matchs
257,Sheraldo Becker,sr SUR,AT,Union Berlin,de Bundesliga,27,1995,28.4,32.0,0.25,02.01,9.26,21.2,4.12,32.0,02.08,0.92,44.1,0.99,47.5,21.7,154.2,71.9,3.70,1.69,1.58,2.18,1.23,23.9,8.45,Matchs
258,Jan Bednarek,pl POL,DF,Southampton,eng Premier League,26,1996,18.6,60.6,11.0,34.1,24.7,1.99,0.75,60.6,0.11,0.05,50.0,0.05,50.0,31.1,143.6,84.9,0.43,0.05,0.00,0.11,0.05,32.5,0.11,Matchs
259,Jan Bednarek,pl POL,DF,Aston Villa,eng Premier League,26,1996,1.1,71.8,8.18,35.5,36.4,0.91,0.00,71.8,0.00,0.00,,0.00,,42.7,264.5,160.9,0.91,0.00,0.00,0.00,0.00,48.2,0.00,Matchs
260,Donny van de Beek,nl NED,MT,Manchester Utd,eng Premier League,25,1997,1.9,37.9,0.53,1.58,12.1,24.2,5.79,37.9,1.58,01.05,66.7,0.53,33.3,20.5,77.9,44.7,01.05,1.58,0.00,01.05,01.05,27.9,10.5,Matchs
261,Asmir Begović,ba BIH,GB,Everton,eng Premier League,35,1987,1.0,33.0,31.0,33.0,0.00,0.00,0.00,33.0,0.00,0.00,,0.00,,19.0,75.0,47.0,0.00,0.00,0.00,0.00,0.00,13.0,0.00,Matchs
262,Yanis Begraoui,ma MAR,"AT,MT",Toulouse,fr Ligue 1,21,2001,0.7,41.4,0.00,10.0,15.7,15.7,2.86,41.4,2.86,1.43,50.0,1.43,50.0,31.4,130.0,45.7,1.43,1.43,0.00,8.57,1.43,30.0,4.29,Matchs
263,Kevin Behrens,de GER,AT,Union Berlin,de Bundesliga,31,1991,17.1,40.2,1.75,3.10,18.2,19.1,4.85,40.2,1.40,0.70,50.0,0.47,33.3,17.9,73.3,20.5,0.64,0.47,0.35,2.63,1.17,29.9,5.38,Matchs
264,Alexis Beka Beka,fr FRA,"MT,DF",Nice,fr Ligue 1,21,2001,6.1,63.4,2.30,13.4,35.9,15.2,0.82,63.4,2.79,1.31,47.1,1.31,47.1,48.4,313.3,141.6,2.13,1.97,0.49,1.97,1.31,43.0,3.77,Matchs
265,Jérémie Bela,ao ANG,"DF,MT",Clermont Foot,fr Ligue 1,29,1993,8.3,42.8,1.81,8.67,15.9,18.9,1.81,42.8,3.25,01.08,33.3,1.69,51.9,28.9,192.8,77.6,2.65,1.69,0.60,2.29,0.96,27.0,6.51,Matchs
266,Reda Belahyane,fr FRA,MT,Nice,fr Ligue 1,18,2004,2.0,67.5,1.50,20.5,46.0,4.50,0.50,67.5,2.50,2.50,100.0,0.00,0.0,56.5,321.5,159.0,1.50,2.00,0.50,1.50,2.50,48.5,0.50,Matchs
267,Youcef Belaïli,dz ALG,"MT,AT",Ajaccio,fr Ligue 1,30,1992,12.8,49.3,0.47,5.16,25.0,20.1,3.98,48.8,5.00,2.27,45.3,1.88,37.5,37.2,243.4,103.0,2.50,1.88,1.41,3.28,2.11,33.7,5.31,Matchs
268,Youcef Belaïli,dz ALG,"AT,MT",Brest,fr Ligue 1,30,1992,4.0,53.0,0.50,5.50,21.0,27.5,3.25,53.0,3.75,1.00,26.7,1.75,46.7,37.3,255.8,121.0,4.00,2.50,1.00,4.00,1.00,36.0,7.75,Matchs
269,Haris Belkebla,dz ALG,MT,Brest,fr Ligue 1,28,1994,29.5,51.7,1.97,12.0,33.2,7.25,0.51,51.6,1.15,0.37,32.4,0.51,44.1,37.2,194.1,82.4,0.64,0.85,0.14,1.25,0.92,32.1,1.25,Matchs
270,Stefan Bell,de GER,DF,Mainz 05,de Bundesliga,30,1991,26.6,58.3,6.77,31.9,24.5,2.22,0.68,58.3,0.26,0.23,85.7,0.00,0.0,28.8,126.0,60.3,0.34,0.23,0.00,0.49,0.15,28.6,0.38,Matchs
271,Armel Bella Kotchap,de GER,DF,Southampton,eng Premier League,20,2001,20.9,57.9,10.0,31.3,24.8,2.20,01.05,57.9,0.53,0.19,36.4,0.14,27.3,33.3,170.8,90.9,0.43,0.57,0.10,0.43,0.29,32.6,0.10,Matchs
272,Raoul Bellanova,it ITA,DF,Inter,it Serie A,22,2000,5.5,67.8,4.36,20.9,23.1,24.5,2.36,67.8,2.18,1.27,58.3,0.36,16.7,41.8,320.4,165.1,4.55,2.18,0.55,0.73,0.91,44.7,6.73,Matchs
273,Karim Bellarabi,de GER,"AT,MT",Leverkusen,de Bundesliga,32,1990,0.9,75.6,1.11,10.0,27.8,38.9,4.44,75.6,5.56,1.11,20.0,4.44,80.0,45.6,203.3,100.0,4.44,3.33,2.22,1.11,2.22,61.1,12.2,Matchs
274,Jean-Ricner Bellegarde,fr FRA,"MT,AT",Strasbourg,fr Ligue 1,24,1998,26.9,59.1,1.12,8.14,31.0,21.2,1.67,59.1,4.13,2.12,51.4,1.19,28.8,42.0,307.6,157.2,3.87,3.61,0.59,2.38,1.64,38.5,04.09,Matchs
275,Héctor Bellerín,es ESP,DF,Barcelona,es La Liga,27,1995,1.6,66.9,0.63,10.6,31.3,25.6,3.13,66.9,2.50,1.88,75.0,0.63,25.0,33.8,169.4,99.4,1.25,1.88,0.63,0.63,0.00,41.3,3.75,Matchs
Clt,Joueur,Nation,Pos,Équipe,Comp,Âge,Naissance,90,Touches,SurfRépDéf,ZDéf,MilTer,ZOff,SurfRépOff,Action de jeu,Att,Succ,Succ%,Tkld,Tkld%,Balle au pied,TotDist,DistBut,PrgC,1/3,CSR,Manqué,Perte,Rec,PrgR,Matchs
276,Jude Bellingham,eng ENG,MT,Dortmund,de Bundesliga,19,2003,29.9,69.9,1.61,11.4,39.2,20.3,3.51,69.9,05.05,2.88,57.0,1.40,27.8,44.9,263.8,130.8,3.24,1.67,0.80,2.11,1.94,52.4,4.65,Matchs
277,Jeanöel Belocian,fr FRA,DF,Rennes,fr Ligue 1,17,2005,5.6,63.0,4.29,22.0,34.1,7.32,0.71,63.0,0.71,0.36,50.0,0.18,25.0,44.3,221.8,97.0,1.43,0.89,0.18,0.71,0.36,39.8,3.75,Matchs
278,Andrea Belotti,it ITA,AT,Roma,it Serie A,28,1993,12.7,31.8,0.55,2.68,12.9,16.5,04.09,31.7,2.60,0.55,21.2,1.42,54.5,17.8,97.2,35.6,1.65,1.10,0.87,2.68,1.18,25.4,7.40,Matchs
279,Fran Beltrán,es ESP,MT,Celta Vigo,es La Liga,23,1999,31.7,65.0,1.96,14.3,39.5,11.5,0.35,65.0,0.69,0.50,72.7,0.19,27.3,39.1,194.3,84.7,0.85,1.42,0.13,0.82,0.54,42.7,01.04,Matchs
280,Eliesse Ben Seghir,fr FRA,"AT,MT",Monaco,fr Ligue 1,17,2005,11.7,49.8,0.17,3.25,24.3,23.2,3.42,49.8,03.08,1.20,38.9,1.20,38.9,39.2,253.7,103.5,2.65,2.39,0.68,3.33,1.88,37.6,7.95,Matchs
281,Salim Ben Seghir,fr FRA,MT,Marseille,fr Ligue 1,19,2003,0.0,4,0,0,2,2,0,4,0,0,,0,,3,13,6,0,0,0,1,2,3,0,Matchs
282,Wissam Ben Yedder,fr FRA,AT,Monaco,fr Ligue 1,31,1990,23.5,34.0,0.00,0.94,13.8,19.5,6.43,33.7,2.17,0.98,45.1,01.06,49.0,26.0,138.3,55.5,02.04,1.36,1.11,1.49,1.36,25.5,8.43,Matchs
283,Marco Benassi,it ITA,DF,Fiorentina,it Serie A,27,1994,1.0,112.0,1.00,25.0,64.0,24.0,3.00,112.0,1.00,0.00,0.0,0.00,0.0,81.0,284.0,120.0,0.00,4.00,0.00,1.00,1.00,85.0,6.00,Matchs
284,Marco Benassi,it ITA,MT,Cremonese,it Serie A,27,1994,11.1,41.5,1.80,9.82,19.9,12.3,1.53,41.5,0.81,0.72,88.9,0.00,0.0,20.3,107.5,39.5,0.90,1.26,0.00,01.08,0.90,20.2,2.70,Matchs
285,Iker Benito,es ESP,"AT,MT",Osasuna,es La Liga,19,2002,2.0,33.0,2.00,9.50,12.0,13.0,1.50,33.0,4.50,1.50,33.3,2.50,55.6,17.0,185.5,122.5,4.50,3.00,1.00,1.50,1.00,17.5,7.50,Matchs
286,Ismaël Bennacer,dz ALG,MT,Milan,it Serie A,24,1997,22.3,74.7,1.35,13.5,45.9,16.5,0.45,74.7,2.20,1.21,55.1,0.58,26.5,44.2,230.2,90.2,1.35,1.35,0.18,1.88,01.03,49.2,2.33,Matchs
287,Saïd Benrahma,dz ALG,"AT,MT",West Ham,eng Premier League,26,1995,23.0,47.4,0.70,5.70,17.3,25.3,04.09,47.3,5.35,2.22,41.5,2.43,45.5,30.4,229.6,117.6,4.74,2.35,1.91,2.30,1.83,34.8,10.3,Matchs
288,Ramy Bensebaini,dz ALG,DF,M'Gladbach,de Bundesliga,27,1995,27.6,68.3,5.00,24.8,31.5,12.5,1.96,68.2,1.16,0.43,37.5,0.58,50.0,34.1,153.4,72.9,1.45,0.87,0.40,1.27,0.65,38.4,3.55,Matchs
289,Nabil Bentaleb,dz ALG,MT,Angers,fr Ligue 1,27,1994,27.7,78.9,2.53,18.4,49.3,12.9,0.54,78.8,04.01,2.27,56.8,1.12,27.9,58.8,329.1,151.3,1.66,2.24,0.22,1.62,1.34,53.1,01.01,Matchs
290,Rodrigo Bentancur,uy URU,MT,Tottenham,eng Premier League,25,1997,16.7,64.1,3.11,17.7,36.6,10.5,1.14,64.1,02.04,1.26,61.8,0.66,32.4,34.8,179.7,86.5,1.56,0.84,0.06,1.32,01.02,43.8,1.14,Matchs
291,Daniel Bentley,eng ENG,GB,Wolves,eng Premier League,29,1993,2.0,43.5,41.5,43.5,0.00,0.00,0.00,43.5,0.00,0.00,,0.00,,14.5,96.5,66.5,0.00,0.00,0.00,0.00,0.00,17.0,0.00,Matchs
292,Karim Benzema,fr FRA,AT,Real Madrid,es La Liga,34,1987,22.6,56.8,0.31,2.48,20.2,34.3,7.74,56.5,1.95,0.88,45.5,0.97,50.0,35.2,165.2,84.1,3.19,1.90,1.37,1.42,1.24,48.3,6.95,Matchs
293,Domenico Berardi,it ITA,AT,Sassuolo,it Serie A,27,1994,20.7,57.0,0.82,4.93,22.4,30.3,5.36,56.6,2.42,01.06,44.0,0.97,40.0,37.0,184.4,76.6,2.75,1.40,1.50,2.90,1.11,43.7,10.3,Matchs
294,Yuri Berchiche,es ESP,DF,Athletic Club,es La Liga,32,1990,26.7,69.9,3.45,17.9,33.7,19.0,0.90,69.9,1.12,0.45,40.0,0.56,50.0,36.2,180.9,95.0,2.21,1.69,0.11,0.82,0.52,39.2,3.56,Matchs
295,Álex Berenguer,es ESP,AT,Athletic Club,es La Liga,27,1995,25.5,50.9,0.86,5.29,15.3,31.1,4.59,50.9,3.33,1.45,43.5,1.73,51.8,28.1,174.5,79.4,2.86,2.12,1.37,2.47,1.53,33.3,9.76,Matchs
296,Bartosz Bereszyński,pl POL,DF,Sampdoria,it Serie A,30,1992,13.3,57.1,3.61,19.2,23.8,14.9,0.98,57.1,1.13,0.30,26.7,0.83,73.3,24.7,123.5,64.7,1.50,1.20,0.08,0.90,0.38,26.6,03.01,Matchs
297,Bartosz Bereszyński,pl POL,DF,Napoli,it Serie A,30,1992,1.8,68.9,3.33,18.3,33.3,17.8,0.56,68.9,1.67,0.56,33.3,1.11,66.7,33.9,190.0,96.1,4.44,3.89,0.00,0.56,0.56,36.7,3.89,Matchs
298,Patrick Berg,no NOR,"MT,AT",Lens,fr Ligue 1,24,1997,0.3,76.7,0.00,16.7,50.0,10.0,0.00,76.7,3.33,0.00,0.0,3.33,100.0,56.7,276.7,96.7,0.00,0.00,0.00,3.33,0.00,53.3,13.3,Matchs
299,Mitchell van Bergen,nl NED,"AT,DF",Reims,fr Ligue 1,22,1999,10.1,43.3,0.99,5.64,15.6,23.7,3.66,43.3,3.76,1.39,36.8,2.28,60.5,31.1,290.2,147.4,05.05,4.36,1.49,2.38,01.09,27.2,8.81,Matchs
300,Mergim Berisha,de GER,AT,Augsburg,de Bundesliga,24,1998,18.7,29.5,1.23,2.94,9.84,17.2,4.33,29.3,1.66,0.27,16.1,01.07,64.5,14.1,68.2,25.7,01.07,0.80,0.59,2.25,1.44,17.3,5.29,Matchs
Clt,Joueur,Nation,Pos,Équipe,Comp,Âge,Naissance,90,Touches,SurfRépDéf,ZDéf,MilTer,ZOff,SurfRépOff,Action de jeu,Att,Succ,Succ%,Tkld,Tkld%,Balle au pied,TotDist,DistBut,PrgC,1/3,CSR,Manqué,Perte,Rec,PrgR,Matchs
301,Quentin Bernard,fr FRA,DF,Auxerre,fr Ligue 1,33,1989,7.0,67.6,4.57,21.7,34.6,11.7,0.29,67.6,0.57,0.14,25.0,0.14,25.0,46.3,223.9,103.1,0.57,2.14,0.00,0.29,0.14,41.4,2.00,Matchs
302,Paul Bernardoni,fr FRA,GB,Angers,fr Ligue 1,25,1997,27.0,27.5,22.9,27.4,0.11,0.00,0.00,27.5,0.00,0.00,,0.00,,16.5,79.3,49.9,0.00,0.00,0.00,0.00,0.00,9.15,0.00,Matchs
303,Juan Bernat,es ESP,"DF,MT",Paris S-G,fr Ligue 1,29,1993,18.3,63.9,2.35,15.6,29.7,19.0,3.50,63.9,2.19,1.15,52.5,0.93,42.5,49.8,242.2,104.7,1.31,1.15,0.77,0.38,0.49,46.4,7.81,Matchs
304,Victor Bernth Kristiansen,dk DEN,DF,Leicester City,eng Premier League,19,2002,9.9,61.3,3.33,23.6,25.8,12.4,0.40,61.3,1.52,0.71,46.7,0.51,33.3,28.1,150.9,72.1,1.72,0.81,0.00,01.01,01.01,30.5,2.42,Matchs
305,Jason Berthomier,fr FRA,MT,Clermont Foot,fr Ligue 1,32,1990,0.3,66.7,0.00,3.33,43.3,20.0,0.00,66.7,0.00,0.00,,0.00,,53.3,230.0,66.7,0.00,0.00,0.00,0.00,0.00,56.7,6.67,Matchs
306,Marco Bertini,it ITA,MT,Lazio,it Serie A,19,2002,0.0,0,0,0,0,0,0,0,0,0,,0,,0,0,0,0,0,0,0,0,0,0,Matchs
307,Beto,gw GNB,AT,Udinese,it Serie A,24,1998,23.7,27.5,1.43,02.07,11.6,14.2,5.49,27.5,3.21,1.35,42.1,1.69,52.6,15.4,77.0,25.1,01.05,0.63,0.59,4.81,1.81,20.0,5.11,Matchs
308,Owen Bevan,wls WAL,DF,Bournemouth,eng Premier League,18,2003,0.1,30.0,0.00,30.0,0.00,0.00,0.00,30.0,0.00,0.00,,0.00,,10.0,0.00,0.00,0.00,0.00,0.00,0.00,0.00,10.0,0.00,Matchs
309,Matteo Bianchetti,it ITA,DF,Cremonese,it Serie A,29,1993,23.7,49.3,7.93,29.2,18.9,1.56,0.55,49.3,0.13,0.08,66.7,0.04,33.3,23.3,110.2,58.1,0.25,0.08,0.00,0.25,0.13,24.7,0.17,Matchs
310,Alessandro Bianco,it ITA,MT,Fiorentina,it Serie A,19,2002,1.7,53.5,1.18,10.6,34.7,8.24,0.59,53.5,1.18,0.00,0.0,0.00,0.0,28.8,141.2,84.7,2.35,0.59,0.00,1.18,2.94,40.0,1.18,Matchs
311,Giulian Biancone,fr FRA,DF,Nott'ham Forest,eng Premier League,22,2000,0.2,125.0,10.0,95.0,25.0,5.00,0.00,125.0,0.00,0.00,,0.00,,50.0,380.0,305.0,10.0,5.00,0.00,0.00,0.00,65.0,5.00,Matchs
312,Ermin Bičakčić,ba BIH,DF,Hoffenheim,de Bundesliga,32,1990,2.9,47.2,11.0,26.2,14.8,6.21,1.38,47.2,0.00,0.00,,0.00,,20.3,71.4,31.4,0.00,0.69,0.00,0.69,0.00,21.4,01.03,Matchs
313,Pedro Bigas,es ESP,DF,Elche,es La Liga,31,1990,22.4,58.1,7.77,30.4,25.4,2.81,0.85,58.1,0.36,0.22,62.5,0.13,37.5,32.2,174.1,101.5,0.85,0.58,0.00,0.58,0.18,34.2,0.13,Matchs
314,Jaka Bijol,si SVN,DF,Udinese,it Serie A,23,1999,30.3,57.1,9.77,35.2,20.2,1.75,1.32,57.1,0.17,0.07,40.0,0.10,60.0,32.1,156.2,79.7,0.10,0.23,0.07,0.33,0.13,34.1,0.23,Matchs
315,El Bilal Touré,ml MLI,AT,Almería,es La Liga,20,2001,14.0,29.1,1.86,3.29,14.0,12.3,3.79,29.1,1.21,0.43,35.3,0.64,52.9,14.4,81.1,37.1,1.29,1.14,0.64,3.14,0.64,18.6,3.64,Matchs
316,El Bilal Touré,ml MLI,AT,Reims,fr Ligue 1,20,2001,1.0,29.0,1.00,3.00,13.0,13.0,3.00,29.0,2.00,1.00,50.0,1.00,50.0,13.0,61.0,15.0,0.00,0.00,0.00,1.00,2.00,17.0,1.00,Matchs
317,Philip Billing,dk DEN,"MT,AT",Bournemouth,eng Premier League,26,1996,30.7,45.9,2.48,10.9,21.7,13.9,2.31,45.9,1.53,0.85,55.3,0.49,31.9,23.7,120.4,55.0,1.21,01.01,0.20,1.37,1.14,29.3,3.29,Matchs
318,Jean-Claude Billong,cm CMR,MT,Clermont Foot,fr Ligue 1,28,1993,0.3,116.7,13.3,33.3,80.0,3.33,0.00,116.7,0.00,0.00,,0.00,,96.7,526.7,186.7,0.00,0.00,0.00,0.00,0.00,86.7,0.00,Matchs
319,Cristiano Biraghi,it ITA,DF,Fiorentina,it Serie A,29,1992,28.3,78.2,2.54,18.9,31.9,28.0,0.92,78.2,0.71,0.25,35.0,0.32,45.0,35.7,169.7,98.9,2.44,1.80,0.35,0.57,0.21,42.9,3.99,Matchs
320,Samuele Birindelli,it ITA,DF,Monza,it Serie A,23,1999,15.6,61.3,3.27,17.8,23.8,20.6,1.92,61.3,1.28,0.71,55.0,0.51,40.0,32.6,207.3,105.4,3.53,2.24,0.45,1.54,0.96,38.8,7.76,Matchs
321,Veljko Birmančević,rs SRB,"AT,MT",Toulouse,fr Ligue 1,24,1998,4.9,49.0,1.43,7.55,18.4,23.7,4.29,49.0,4.49,01.02,22.7,2.45,54.5,37.1,223.5,106.3,4.29,2.65,2.24,2.65,0.61,34.5,10.2,Matchs
322,Tom Bischof,de GER,"MT,AT",Hoffenheim,de Bundesliga,17,2005,3.5,52.0,0.57,10.0,22.0,21.1,2.29,52.0,2.57,0.29,11.1,1.71,66.7,28.9,123.1,50.9,2.29,3.14,0.57,2.86,1.71,30.0,3.43,Matchs
323,Yves Bissouma,ml MLI,MT,Tottenham,eng Premier League,25,1996,11.2,73.8,02.05,14.6,47.9,11.3,0.18,73.8,0.80,0.63,77.8,0.18,22.2,45.0,246.5,102.1,1.25,1.16,0.09,1.43,0.71,54.7,0.89,Matchs
324,Kristijan Bistrović,hr CRO,MT,Lecce,it Serie A,24,1998,5.1,32.9,0.98,5.69,16.5,10.8,0.59,32.9,0.20,0.20,100.0,0.00,0.0,16.3,74.1,23.3,0.78,0.20,0.00,0.59,0.98,19.4,1.57,Matchs
325,Leonardo Bittencourt,de GER,"MT,DF",Werder Bremen,de Bundesliga,28,1993,18.1,57.0,01.05,9.72,31.4,16.7,2.10,57.0,3.54,1.44,40.6,1.66,46.9,33.8,203.9,91.1,2.82,2.65,0.39,2.32,0.55,39.0,5.14,Matchs
Clt,Joueur,Nation,Pos,Équipe,Comp,Âge,Naissance,90,Touches,SurfRépDéf,ZDéf,MilTer,ZOff,SurfRépOff,Action de jeu,Att,Succ,Succ%,Tkld,Tkld%,Balle au pied,TotDist,DistBut,PrgC,1/3,CSR,Manqué,Perte,Rec,PrgR,Matchs
326,Marco Bizot,nl NED,GB,Brest,fr Ligue 1,31,1991,37.0,32.4,28.6,32.4,0.03,0.00,0.00,32.4,0.00,0.00,,0.00,,20.2,108.7,54.8,0.00,0.00,0.00,0.00,0.00,12.8,0.00,Matchs
327,Lautaro Blanco,ar ARG,"DF,MT",Elche,es La Liga,23,1999,9.7,50.9,1.24,13.1,16.8,21.5,0.62,50.9,2.37,01.03,43.5,1.34,56.5,26.9,192.7,91.8,4.23,02.06,0.10,1.24,0.31,29.0,7.84,Matchs
328,Rubén Blanco,es ESP,GB,Marseille,fr Ligue 1,27,1995,5.5,39.3,30.7,39.3,0.00,0.00,0.00,39.3,0.00,0.00,,0.00,,30.4,161.5,89.1,0.00,0.00,0.00,0.00,0.00,21.6,0.00,Matchs
329,Ludovic Blas,fr FRA,"MT,AT",Nantes,fr Ligue 1,24,1997,31.3,52.0,0.32,4.92,25.1,23.1,3.29,51.9,5.50,2.62,47.7,2.36,43.0,39.5,287.2,123.0,3.90,2.20,1.25,2.88,2.43,36.0,7.92,Matchs
330,Janis Blaswich,de GER,GB,RB Leipzig,de Bundesliga,31,1991,26.0,45.8,32.5,44.6,1.19,0.00,0.00,45.8,0.04,0.04,100.0,0.00,0.0,30.2,109.2,57.4,0.00,0.00,0.00,0.00,0.00,28.9,0.00,Matchs
331,Miha Blažič,si SVN,DF,Angers,fr Ligue 1,29,1993,22.0,61.2,8.50,31.6,29.1,0.55,0.36,61.2,0.05,0.00,0.0,0.00,0.0,44.4,204.1,98.0,0.00,0.00,0.00,0.14,0.00,40.6,0.00,Matchs
332,Joaquín Blázquez,ar ARG,GB,Brest,fr Ligue 1,21,2001,1.0,32.0,26.0,32.0,0.00,0.00,0.00,32.0,0.00,0.00,,0.00,,15.0,104.0,55.0,0.00,0.00,0.00,0.00,0.00,6.00,0.00,Matchs
333,Alexis Blin,fr FRA,MT,Lecce,it Serie A,25,1996,26.4,49.2,3.26,13.3,26.4,9.73,1.25,49.2,0.42,0.19,45.5,0.23,54.5,20.3,88.3,41.5,0.49,0.64,0.04,1.29,0.57,25.2,1.21,Matchs
334,Daley Blind,nl NED,"DF,MT",Bayern Munich,de Bundesliga,32,1990,1.5,78.0,6.67,29.3,43.3,6.00,0.00,78.0,0.00,0.00,,0.00,,41.3,172.0,89.3,0.00,0.00,0.00,0.67,0.00,49.3,0.00,Matchs
335,Myron Boadu,nl NED,AT,Monaco,fr Ligue 1,21,2001,3.3,29.7,0.30,2.12,11.8,16.1,6.97,29.7,1.21,0.30,25.0,0.91,75.0,19.7,101.8,41.8,1.52,0.30,0.91,5.15,2.12,22.7,6.36,Matchs
336,Jérôme Boateng,de GER,DF,Lyon,fr Ligue 1,33,1988,4.8,54.4,9.79,28.8,25.4,0.21,0.00,54.4,0.00,0.00,,0.00,,37.5,154.6,62.9,0.00,0.00,0.00,0.00,0.00,34.8,0.00,Matchs
337,Kevin-Prince Boateng,gh GHA,MT,Hertha BSC,de Bundesliga,35,1987,5.2,61.5,2.12,12.7,33.1,16.3,2.88,61.5,0.77,0.19,25.0,0.58,75.0,30.0,99.8,32.5,0.38,0.19,0.38,1.92,1.54,39.0,3.85,Matchs
338,Antonin Bobichon,fr FRA,MT,Angers,fr Ligue 1,26,1995,0.2,115.0,0.00,10.0,45.0,65.0,15.0,115.0,0.00,0.00,,0.00,,80.0,385.0,240.0,10.0,5.00,0.00,0.00,0.00,75.0,40.0,Matchs
339,Jean-Paul Boëtius,nl NED,MT,Hertha BSC,de Bundesliga,28,1994,11.7,48.2,2.14,13.0,26.8,9.23,0.60,48.2,1.45,0.60,41.2,0.60,41.2,23.5,89.7,35.3,0.34,0.43,0.00,1.79,01.03,27.6,1.97,Matchs
340,Jeremie Boga,ci CIV,"MT,AT",Atalanta,it Serie A,25,1997,8.7,69.0,0.11,4.94,26.2,39.5,4.25,69.0,10.9,5.52,50.5,3.79,34.7,48.0,422.2,218.9,7.36,5.40,2.30,3.56,1.26,56.2,8.97,Matchs
341,Emil Bohinen,no NOR,MT,Salernitana,it Serie A,23,1999,9.2,66.3,3.91,18.7,36.4,12.0,0.65,66.3,1.96,0.87,44.4,0.76,38.9,34.8,185.0,94.3,1.30,1.30,0.00,01.09,0.98,38.6,1.74,Matchs
342,Quentin Boisgard,fr FRA,MT,Lorient,fr Ligue 1,25,1997,2.0,67.5,1.00,10.5,29.0,29.0,4.00,67.5,2.00,0.50,25.0,1.00,50.0,45.0,283.0,131.5,3.50,2.00,0.50,2.50,1.00,42.0,7.50,Matchs
343,Willy Boly,ci CIV,DF,Nott'ham Forest,eng Premier League,31,1991,7.6,46.4,09.08,31.4,13.3,1.97,1.18,46.4,0.26,0.13,50.0,0.00,0.0,22.5,101.2,46.7,0.13,0.13,0.00,0.26,0.00,23.9,0.00,Matchs
344,Giacomo Bonaventura,it ITA,MT,Fiorentina,it Serie A,32,1989,21.2,53.5,0.66,6.23,27.0,21.5,3.25,53.5,2.55,01.08,42.6,0.90,35.2,33.3,198.5,106.6,03.02,2.83,0.47,01.08,1.37,37.9,4.29,Matchs
345,Federico Bonazzoli,it ITA,"AT,MT",Salernitana,it Serie A,25,1997,12.4,39.3,0.00,2.66,21.7,15.4,2.50,39.3,1.85,0.97,52.2,0.73,39.1,24.5,91.8,35.1,0.89,0.81,0.24,3.39,0.97,30.5,5.40,Matchs
346,Warren Bondo,fr FRA,MT,Monza,it Serie A,18,2003,0.7,85.7,0.00,11.4,57.1,18.6,0.00,85.7,5.71,4.29,75.0,1.43,25.0,64.3,450.0,210.0,4.29,4.29,0.00,1.43,1.43,72.9,2.86,Matchs
347,Theo Bongonda,cd COD,"MT,AT",Cádiz,es La Liga,26,1995,21.5,35.6,0.79,5.49,13.1,18.0,2.56,35.6,4.56,1.86,40.8,1.95,42.9,22.3,185.3,97.1,3.44,2.19,0.93,2.65,1.21,23.1,4.88,Matchs
348,Kevin Bonifazi,it ITA,DF,Bologna,it Serie A,26,1996,10.0,82.8,12.7,44.8,36.4,2.20,0.40,82.8,0.70,0.50,71.4,0.20,28.6,54.9,318.8,182.3,0.40,0.30,0.00,0.90,0.50,61.3,0.00,Matchs
349,Leonardo Bonucci,it ITA,DF,Juventus,it Serie A,35,1987,9.8,67.1,10.4,33.3,33.3,01.02,0.71,67.0,0.10,0.10,100.0,0.00,0.0,41.3,166.3,87.1,0.20,0.20,0.00,0.31,0.10,46.9,0.10,Matchs
350,Neto Borges,br BRA,DF,Clermont Foot,fr Ligue 1,25,1996,31.5,59.3,3.30,18.0,24.1,18.3,2.19,59.3,2.98,1.49,50.0,1.27,42.6,38.0,221.8,106.9,2.19,1.81,0.41,1.40,0.67,33.3,6.00,Matchs
Clt,Joueur,Nation,Pos,Équipe,Comp,Âge,Naissance,90,Touches,SurfRépDéf,ZDéf,MilTer,ZOff,SurfRépOff,Action de jeu,Att,Succ,Succ%,Tkld,Tkld%,Balle au pied,TotDist,DistBut,PrgC,1/3,CSR,Manqué,Perte,Rec,PrgR,Matchs
351,Yvandro Borges Sanches,lu LUX,"AT,MT",M'Gladbach,de Bundesliga,18,2004,0.3,50.0,6.67,10.0,23.3,20.0,0.00,50.0,6.67,6.67,100.0,0.00,0.0,30.0,233.3,143.3,3.33,3.33,0.00,6.67,13.3,30.0,16.7,Matchs
352,Sebastiaan Bornauw,be BEL,DF,Wolfsburg,de Bundesliga,23,1999,21.4,67.0,7.94,32.4,32.5,2.52,0.75,67.0,0.19,0.09,50.0,0.09,50.0,40.7,176.0,94.9,0.28,0.14,0.00,0.23,0.14,44.3,0.28,Matchs
353,Rafael Borré,co COL,"MT,AT",Eint Frankfurt,de Bundesliga,26,1995,12.0,47.6,1.00,4.58,21.7,21.7,5.58,47.5,2.67,1.33,50.0,1.17,43.8,29.1,141.2,52.8,2.17,01.08,1.25,3.67,1.17,35.7,8.50,Matchs
354,Erik Botheim,no NOR,"MT,AT",Salernitana,it Serie A,22,2000,9.6,31.3,0.73,3.96,15.2,12.3,2.40,31.3,0.73,0.21,28.6,0.42,57.1,17.3,67.4,27.0,1.15,0.52,0.31,1.98,1.25,24.0,6.35,Matchs
355,Sven Botman,nl NED,DF,Newcastle Utd,eng Premier League,22,2000,34.7,59.8,9.74,34.2,23.1,2.74,1.53,59.8,0.03,0.03,100.0,0.00,0.0,33.7,151.6,81.0,0.23,0.14,0.06,0.29,0.06,38.8,0.14,Matchs
356,Kenji-Van Boto,mg MAD,DF,Auxerre,fr Ligue 1,26,1996,2.0,41.5,2.50,12.0,20.0,10.0,1.00,41.5,0.00,0.00,,0.00,,26.5,178.0,114.5,2.00,2.50,0.00,1.00,0.00,25.0,5.00,Matchs
357,Kouamé Botué,bf BFA,"AT,MT",Ajaccio,fr Ligue 1,19,2002,2.5,33.6,0.40,2.80,12.4,19.6,5.20,33.6,2.00,0.40,20.0,1.60,80.0,21.6,154.0,52.8,1.60,1.20,1.20,4.00,0.40,22.8,6.40,Matchs
358,Badredine Bouanani,dz ALG,"AT,MT",Nice,fr Ligue 1,17,2004,9.6,51.9,0.10,6.35,21.1,25.3,3.65,51.9,5.31,2.81,52.9,02.08,39.2,42.3,315.9,160.5,4.90,2.60,1.67,2.40,1.35,40.5,10.2,Matchs
359,Hicham Boudaoui,dz ALG,MT,Nice,fr Ligue 1,22,1999,20.8,72.6,2.31,16.9,42.3,14.3,1.20,72.6,3.22,1.39,43.3,1.54,47.8,56.1,337.7,148.9,1.88,2.60,0.34,1.30,0.82,51.4,2.64,Matchs
360,Franci Bouebari,fr FRA,DF,Strasbourg,fr Ligue 1,18,2003,0.8,45.0,1.25,16.3,15.0,13.8,0.00,45.0,1.25,1.25,100.0,0.00,0.0,17.5,57.5,13.8,0.00,0.00,0.00,1.25,2.50,16.3,2.50,Matchs
361,Sofiane Boufal,ma MAR,"AT,MT",Angers,fr Ligue 1,28,1993,9.3,65.9,0.11,4.62,32.0,30.6,04.09,65.7,8.60,4.19,48.8,3.87,45.0,53.7,364.9,169.1,5.27,3.55,1.83,03.01,02.04,52.5,10.1,Matchs
362,Yassine Bounou,ma MAR,GB,Sevilla,es La Liga,31,1991,23.9,42.3,32.1,41.6,0.71,0.00,0.00,42.3,0.04,0.04,100.0,0.00,0.0,24.9,112.2,57.5,0.00,0.00,0.00,0.17,0.00,23.7,0.00,Matchs
363,Ismaëlben Boura,fr FRA,"DF,AT",Lens,fr Ligue 1,21,2000,1.0,88.0,5.00,21.0,40.0,27.0,1.00,88.0,6.00,4.00,66.7,2.00,33.3,58.0,372.0,159.0,6.00,4.00,1.00,6.00,0.00,50.0,11.0,Matchs
364,Mehdi Bourabia,ma MAR,MT,Spezia,it Serie A,30,1991,30.8,53.2,3.18,13.7,27.0,13.3,0.68,53.2,02.08,0.91,43.8,01.04,50.0,26.3,121.1,57.7,1.20,0.97,0.16,1.75,0.88,31.0,1.88,Matchs
365,Benjamin Bourigeaud,fr FRA,"MT,AT",Rennes,fr Ligue 1,28,1994,34.1,67.6,1.55,08.04,33.7,26.5,2.35,67.5,0.97,0.41,42.4,0.50,51.5,50.3,237.2,90.0,1.17,2.11,0.12,0.94,0.53,47.0,7.33,Matchs
366,Edoardo Bove,it ITA,MT,Roma,it Serie A,20,2002,11.0,48.4,01.09,9.73,27.4,11.9,1.82,48.4,1.18,0.45,38.5,0.36,30.8,23.9,92.3,36.7,0.82,0.82,0.18,2.27,1.55,26.3,2.36,Matchs
367,Jarrod Bowen,eng ENG,"AT,MT",West Ham,eng Premier League,25,1996,35.9,36.7,0.89,5.18,12.6,19.3,4.37,36.7,3.29,1.00,30.5,1.53,46.6,20.4,155.0,61.3,2.81,1.23,1.56,1.95,1.53,22.1,5.93,Matchs
368,Lucas Boyé,ar ARG,AT,Elche,es La Liga,26,1996,27.4,40.9,1.82,3.91,21.4,16.6,4.23,40.9,4.74,2.85,60.0,1.75,36.9,26.3,128.0,52.3,2.12,1.20,0.91,05.07,3.10,29.6,5.84,Matchs
369,Jayden Braaf,nl NED,"MT,AT",Hellas Verona,it Serie A,19,2002,3.2,40.3,0.31,5.00,19.7,16.9,5.00,40.3,7.50,4.69,62.5,2.50,33.3,27.8,216.9,91.9,3.13,2.81,1.56,04.06,4.69,28.4,09.06,Matchs
370,Domagoj Bradarić,hr CRO,DF,Salernitana,it Serie A,22,1999,25.0,54.1,2.00,15.9,24.4,14.7,0.88,54.1,2.00,0.68,34.0,1.12,56.0,28.2,171.8,95.8,2.52,1.84,0.32,01.08,0.40,29.8,4.28,Matchs
371,Bilal Brahimi,dz ALG,"AT,MT",Nice,fr Ligue 1,22,2000,8.9,54.7,0.11,05.06,22.2,28.1,03.03,54.7,3.82,02.02,52.9,1.46,38.2,43.3,326.5,152.1,4.61,2.58,01.01,03.03,1.35,43.0,11.2,Matchs
372,Martin Braithwaite,dk DEN,"AT,MT",Espanyol,es La Liga,31,1991,27.3,25.5,0.37,02.01,10.5,13.3,2.75,25.5,1.94,0.62,32.1,0.95,49.1,15.0,75.9,36.0,1.17,01.06,0.40,1.90,0.70,18.8,4.62,Matchs
373,Juan Brandáriz,es ESP,DF,Almería,es La Liga,23,1999,16.5,58.8,6.36,31.5,22.0,5.64,0.48,58.8,0.97,0.42,43.8,0.55,56.3,32.2,147.2,64.1,0.79,0.36,0.06,0.67,0.48,35.0,0.61,Matchs
374,Julian Brandt,de GER,"MT,AT",Dortmund,de Bundesliga,26,1996,26.6,61.4,0.53,6.47,25.1,30.6,03.01,61.4,03.05,1.54,50.6,1.32,43.2,37.2,200.6,88.5,2.52,1.58,01.02,1.88,1.32,44.6,8.20,Matchs
375,Darko Brašanac,rs SRB,MT,Osasuna,es La Liga,30,1992,11.6,42.2,01.03,6.81,21.1,14.7,2.41,42.2,0.86,0.34,40.0,0.26,30.0,21.2,108.1,57.6,1.55,1.21,0.00,1.72,0.86,25.2,3.10,Matchs
Clt,Joueur,Nation,Pos,Équipe,Comp,Âge,Naissance,90,Touches,SurfRépDéf,ZDéf,MilTer,ZOff,SurfRépOff,Action de jeu,Att,Succ,Succ%,Tkld,Tkld%,Balle au pied,TotDist,DistBut,PrgC,1/3,CSR,Manqué,Perte,Rec,PrgR,Matchs
376,Lilian Brassier,fr FRA,DF,Brest,fr Ligue 1,22,1999,34.4,57.4,07.03,27.6,25.3,5.15,0.81,57.4,0.84,0.38,44.8,0.35,41.4,38.1,229.1,110.6,0.58,0.64,0.00,0.67,0.44,33.3,0.84,Matchs
377,Claudio Bravo,cl CHI,GB,Betis,es La Liga,39,1983,12.0,34.5,27.8,34.3,0.25,0.00,0.00,34.5,0.00,0.00,,0.00,,17.3,97.9,60.3,0.00,0.00,0.00,0.00,0.00,12.0,0.00,Matchs
378,Fabian Bredlow,de GER,GB,Stuttgart,de Bundesliga,27,1995,15.0,41.7,34.9,41.5,0.13,0.00,0.00,41.7,0.00,0.00,,0.00,,25.5,127.9,61.9,0.00,0.00,0.00,0.00,0.00,22.6,0.00,Matchs
379,James Bree,eng ENG,DF,Southampton,eng Premier League,24,1997,4.1,52.0,4.39,17.3,16.3,18.3,0.49,52.0,0.73,0.49,66.7,0.24,33.3,22.7,85.9,32.0,0.98,0.98,0.00,0.73,0.49,27.1,2.93,Matchs
380,Josip Brekalo,hr CRO,"AT,MT",Fiorentina,it Serie A,24,1998,2.5,50.8,0.00,4.00,19.6,28.4,3.20,50.8,4.00,2.40,60.0,0.80,20.0,32.8,329.2,136.8,4.40,4.00,0.80,2.80,2.40,39.2,12.4,Matchs
381,Josip Brekalo,hr CRO,"MT,AT",Wolfsburg,de Bundesliga,24,1998,3.0,56.0,0.00,7.00,34.3,16.0,1.00,56.0,2.67,1.67,62.5,0.67,25.0,35.3,250.7,98.7,3.00,2.33,0.67,1.00,2.00,44.7,5.67,Matchs
382,Gleison Bremer,br BRA,DF,Juventus,it Serie A,25,1997,29.3,68.1,9.80,37.5,28.2,2.59,1.71,68.1,0.24,0.10,42.9,0.14,57.1,39.1,161.3,78.4,0.27,0.20,0.00,0.61,0.27,44.5,0.14,Matchs
383,Armando Broja,al ALB,AT,Chelsea,eng Premier League,20,2001,3.3,33.3,0.61,2.12,12.4,19.1,4.85,33.3,4.55,2.42,53.3,1.52,33.3,16.4,120.9,60.3,2.42,0.30,1.52,4.55,2.73,21.5,5.15,Matchs
384,Dylan Bronn,tn TUN,DF,Salernitana,it Serie A,27,1995,18.7,64.0,5.67,30.1,31.6,2.57,0.53,64.0,0.59,0.32,54.5,0.16,27.3,34.1,141.8,79.5,0.53,0.32,0.00,0.37,0.11,40.6,0.27,Matchs
385,David Brooks,wls WAL,"AT,MT",Bournemouth,eng Premier League,25,1997,1.9,48.9,4.21,10.0,18.4,20.5,4.74,48.9,4.74,01.05,22.2,3.68,77.8,32.1,142.1,63.2,2.63,01.05,01.05,2.11,2.11,34.2,5.26,Matchs
386,John Brooks,us USA,DF,Hoffenheim,de Bundesliga,29,1993,15.0,63.4,10.6,37.1,26.2,0.73,0.47,63.4,0.33,0.13,40.0,0.07,20.0,31.9,144.6,66.1,0.13,0.20,0.00,0.07,0.07,32.9,0.07,Matchs
387,Moritz Broschinski,de GER,"AT,MT",Bochum,de Bundesliga,21,2000,2.4,36.7,02.08,5.00,13.8,17.9,07.08,36.7,1.25,0.00,0.0,0.83,66.7,20.8,108.3,42.9,2.92,0.00,02.08,5.42,02.08,22.9,07.08,Matchs
388,Marcelo Brozović,hr CRO,MT,Inter,it Serie A,29,1992,19.7,86.1,4.11,22.3,50.1,14.8,1.12,86.1,1.37,0.81,59.3,0.46,33.3,55.1,290.8,116.5,1.47,1.47,0.36,0.96,0.30,61.8,1.78,Matchs
389,Cédric Brunner,ch SUI,DF,Schalke 04,de Bundesliga,28,1994,25.7,54.6,4.12,20.4,23.7,10.9,0.39,54.6,0.58,0.35,60.0,0.04,6.7,24.2,124.0,56.5,1.25,1.25,0.08,0.54,0.51,25.0,01.05,Matchs
390,Lewis Brunt,eng ENG,DF,Leicester City,eng Premier League,21,2000,0.3,76.7,3.33,26.7,40.0,10.0,0.00,76.7,0.00,0.00,,0.00,,30.0,100.0,13.3,0.00,0.00,0.00,0.00,0.00,43.3,6.67,Matchs
391,Jacob Bruun Larsen,dk DEN,AT,Hoffenheim,de Bundesliga,23,1998,3.6,34.4,0.28,2.50,14.4,18.1,4.44,34.4,1.94,0.56,28.6,1.39,71.4,20.6,137.2,48.3,2.78,1.39,1.39,2.50,1.67,23.6,6.67,Matchs
392,Andreas Bruus,dk DEN,"DF,AT",Troyes,fr Ligue 1,23,1999,18.1,42.9,2.21,11.2,16.7,15.4,1.33,42.9,2.10,0.88,42.1,0.99,47.4,28.0,170.5,69.8,2.60,1.27,0.44,1.27,0.17,25.0,6.46,Matchs
393,Joe Bryan,eng ENG,"MT,DF",Nice,fr Ligue 1,28,1993,2.0,59.5,2.00,13.5,29.0,18.0,2.50,59.5,1.00,0.00,0.0,1.00,100.0,41.0,219.0,91.0,1.00,3.00,0.00,1.50,0.00,36.5,8.00,Matchs
394,Lee Buchanan,eng ENG,"DF,AT",Werder Bremen,de Bundesliga,21,2001,5.2,67.3,5.58,24.0,27.9,16.5,1.73,67.3,1.35,0.00,0.0,1.15,85.7,32.3,139.2,66.9,1.92,0.77,0.19,1.35,0.58,35.6,3.85,Matchs
395,Ante Budimir,hr CRO,AT,Osasuna,es La Liga,31,1991,20.0,28.1,0.90,1.80,12.7,14.1,5.90,28.1,1.70,0.80,47.1,0.70,41.2,12.9,60.0,22.4,1.15,0.80,0.50,3.10,1.35,19.9,4.90,Matchs
396,Emi Buendía,ar ARG,"MT,AT",Aston Villa,eng Premier League,25,1996,26.8,49.9,1.42,7.54,23.7,19.3,3.47,49.9,2.20,01.01,45.8,0.97,44.1,30.9,147.6,73.5,2.24,1.72,0.71,2.35,2.16,35.6,5.11,Matchs
397,Hugo Bueno,es ESP,DF,Wolves,eng Premier League,19,2002,14.6,57.2,3.63,21.8,18.8,17.1,0.96,57.2,2.26,0.89,39.4,0.96,42.4,27.1,185.9,97.4,3.56,1.99,0.27,1.10,0.75,30.5,4.38,Matchs
398,Santiago Bueno,uy URU,DF,Girona,es La Liga,23,1998,33.4,62.8,5.81,30.4,31.1,1.62,0.51,62.8,0.12,0.06,50.0,0.00,0.0,39.1,221.4,141.3,0.90,0.39,0.00,0.18,0.03,43.3,0.12,Matchs
399,Adam Buksa,pl POL,"AT,MT",Lens,fr Ligue 1,26,1996,1.1,31.8,0.00,0.91,17.3,13.6,6.36,31.8,0.00,0.00,,0.00,,24.5,104.5,22.7,0.91,0.00,0.91,6.36,1.82,26.4,8.18,Matchs
400,Marius Bülter,de GER,"AT,MT",Schalke 04,de Bundesliga,29,1993,28.9,38.7,0.73,4.50,14.5,20.2,4.71,38.5,3.32,1.11,33.3,1.83,55.2,22.8,150.5,70.5,2.70,1.66,0.83,2.80,0.97,26.7,6.89,Matchs
Clt,Joueur,Nation,Pos,Équipe,Comp,Âge,Naissance,90,Touches,SurfRépDéf,ZDéf,MilTer,ZOff,SurfRépOff,Action de jeu,Att,Succ,Succ%,Tkld,Tkld%,Balle au pied,TotDist,DistBut,PrgC,1/3,CSR,Manqué,Perte,Rec,PrgR,Matchs
401,Cristian Buonaiuto,it ITA,"MT,AT",Cremonese,it Serie A,29,1992,10.9,59.8,01.01,5.69,25.9,29.3,4.50,59.7,4.31,1.83,42.6,2.11,48.9,36.2,202.6,89.4,3.21,2.66,0.83,3.30,2.57,38.6,8.17,Matchs
402,Facundo Buonanotte,ar ARG,"AT,MT",Brighton,eng Premier League,17,2004,6.3,41.0,1.27,5.24,18.1,18.3,03.02,41.0,03.02,1.11,36.8,1.43,47.4,28.9,161.6,67.3,1.43,0.79,0.32,1.59,0.32,32.1,6.67,Matchs
403,Alessandro Buongiorno,it ITA,DF,Torino,it Serie A,23,1999,30.2,64.2,5.33,28.5,32.3,3.64,01.09,64.2,0.53,0.20,37.5,0.23,43.8,32.6,154.3,77.0,0.43,0.53,0.07,01.09,0.20,39.1,0.63,Matchs
404,Delano Burgzorg,nl NED,"AT,MT",Mainz 05,de Bundesliga,23,1998,2.7,34.4,0.37,1.48,9.63,23.7,04.07,34.4,4.81,2.22,46.2,2.59,53.8,24.8,151.9,51.1,1.48,0.74,1.48,4.81,2.22,27.8,8.89,Matchs
405,Jonathan Burkardt,de GER,"MT,AT",Mainz 05,de Bundesliga,22,2000,5.9,30.5,0.34,3.22,11.0,16.8,6.27,30.3,3.39,1.86,55.0,1.36,40.0,21.7,108.8,43.6,1.53,1.19,01.02,2.88,1.53,23.6,7.80,Matchs
406,Oliver Burke,sct SCO,"AT,MT",Werder Bremen,de Bundesliga,25,1997,3.0,39.3,0.00,1.33,13.7,24.3,4.33,39.3,2.00,0.67,33.3,1.33,66.7,25.7,122.0,51.0,3.67,1.00,1.67,4.00,1.33,31.0,12.0,Matchs
407,Dan Burn,eng ENG,DF,Newcastle Utd,eng Premier League,30,1992,34.6,59.9,4.57,22.7,27.2,10.3,1.79,59.9,0.72,0.32,44.0,0.35,48.0,26.8,125.1,63.5,0.84,0.64,0.14,0.98,0.26,32.3,1.33,Matchs
408,Maxime Busi,be BEL,DF,Reims,fr Ligue 1,22,1999,11.6,62.8,3.53,15.9,31.8,15.5,0.86,62.8,2.16,0.60,28.0,1.21,56.0,39.8,248.7,124.3,2.16,1.81,0.26,1.38,0.43,35.1,3.79,Matchs
409,Sergio Busquets,es ESP,MT,Barcelona,es La Liga,34,1988,26.0,83.5,2.38,14.9,54.9,14.3,0.54,83.5,0.62,0.42,68.8,0.12,18.8,49.2,195.2,99.8,1.00,1.23,0.04,0.73,0.46,59.7,1.23,Matchs
410,Aurélio Buta,pt POR,DF,Eint Frankfurt,de Bundesliga,25,1997,14.6,63.6,2.67,13.0,27.1,24.1,3.22,63.6,02.05,0.68,33.3,0.82,40.0,29.0,172.8,75.1,03.08,1.30,1.16,1.58,0.62,34.7,08.08,Matchs
411,Leonardo Buta,pt POR,DF,Udinese,it Serie A,20,2002,0.2,70.0,0.00,10.0,35.0,25.0,0.00,70.0,0.00,0.00,,0.00,,50.0,330.0,215.0,5.00,0.00,0.00,0.00,0.00,60.0,5.00,Matchs
412,Marcin Bułka,pl POL,GB,Nice,fr Ligue 1,22,1999,2.0,35.0,32.0,35.0,0.00,0.00,0.00,35.0,0.00,0.00,,0.00,,23.0,105.0,36.0,0.00,0.00,0.00,0.00,0.00,14.5,0.00,Matchs
413,Jamie Bynoe-Gittens,eng ENG,"AT,MT",Dortmund,de Bundesliga,17,2004,5.9,42.5,0.85,5.42,13.6,24.9,6.27,42.5,9.32,3.39,36.4,4.75,50.9,30.3,241.0,121.0,04.07,2.20,03.05,3.73,0.85,32.5,6.44,Matchs
414,Juan Cabal,co COL,DF,Hellas Verona,it Serie A,21,2001,4.9,56.9,5.92,27.3,27.8,3.27,0.20,56.9,0.82,0.61,75.0,0.00,0.0,28.4,131.0,73.1,0.82,01.02,0.00,0.82,0.61,28.8,1.63,Matchs
415,Rémy Cabella,fr FRA,"MT,AT",Lille,fr Ligue 1,32,1990,28.1,72.2,0.57,5.77,32.8,34.4,4.84,72.2,2.78,1.42,51.3,0.93,33.3,55.1,330.9,146.2,04.02,3.27,0.78,1.71,1.25,52.6,8.61,Matchs
416,Jimmy Cabot,fr FRA,"DF,MT",Lens,fr Ligue 1,28,1994,5.7,75.8,2.28,15.4,28.4,33.9,3.33,75.8,4.21,2.11,50.0,1.93,45.8,49.5,351.2,155.6,4.56,2.98,1.40,4.56,01.05,43.3,11.4,Matchs
417,Leandro Cabrera,uy URU,DF,Espanyol,es La Liga,31,1991,29.7,55.3,6.67,24.3,27.0,4.21,1.35,55.3,0.30,0.20,66.7,0.07,22.2,25.7,106.3,47.3,0.44,0.30,0.03,0.30,0.17,30.1,0.27,Matchs
418,Liberato Cacace,nz NZL,DF,Empoli,it Serie A,21,2000,6.5,80.8,05.08,25.5,37.4,18.8,1.85,80.8,03.08,1.23,40.0,1.54,50.0,37.2,232.2,125.2,3.23,2.15,0.62,0.92,01.08,44.9,4.77,Matchs
419,Anthony Caci,fr FRA,DF,Mainz 05,de Bundesliga,25,1997,22.6,60.6,3.58,20.3,29.5,11.5,0.88,60.6,0.93,0.40,42.9,0.49,52.4,29.5,133.8,65.0,0.88,0.71,0.04,0.62,0.35,30.1,1.81,Matchs
420,Cafú,pt POR,MT,Nott'ham Forest,eng Premier League,29,1993,0.1,30.0,10.0,20.0,10.0,0.00,0.00,30.0,0.00,0.00,,0.00,,20.0,120.0,70.0,0.00,0.00,0.00,0.00,0.00,10.0,0.00,Matchs
421,Moisés Caicedo,ec ECU,MT,Brighton,eng Premier League,20,2001,34.9,74.6,2.61,15.9,43.6,16.0,0.80,74.6,1.55,0.80,51.9,0.60,38.9,43.2,178.2,82.4,01.09,0.92,0.17,1.12,0.66,54.2,1.75,Matchs
422,Tom Cairney,sct SCO,MT,Fulham,eng Premier League,31,1991,11.0,79.3,0.91,11.5,38.7,30.2,2.82,79.3,1.91,0.82,42.9,0.73,38.1,52.1,284.0,137.8,03.09,2.45,0.55,02.09,1.91,60.6,5.18,Matchs
423,Jens Cajuste,se SWE,MT,Reims,fr Ligue 1,22,1999,17.0,57.0,2.41,13.1,31.4,13.6,2.35,57.0,4.65,2.29,49.4,1.76,38.0,42.8,248.6,140.4,2.71,2.12,0.59,1.65,1.35,39.0,2.35,Matchs
424,Cala,es ESP,DF,Cádiz,es La Liga,32,1989,1.5,39.3,8.67,24.7,14.0,0.67,0.67,39.3,0.00,0.00,,0.00,,12.7,39.3,5.33,0.00,0.00,0.00,0.00,0.67,14.7,0.00,Matchs
425,Davide Calabria,it ITA,DF,Milan,it Serie A,25,1996,18.8,78.4,3.14,22.0,40.9,16.3,0.85,78.4,0.74,0.16,21.4,0.43,57.1,40.2,175.7,104.6,1.38,1.22,0.11,0.74,0.37,48.7,4.26,Matchs
Clt,Joueur,Nation,Pos,Équipe,Comp,Âge,Naissance,90,Touches,SurfRépDéf,ZDéf,MilTer,ZOff,SurfRépOff,Action de jeu,Att,Succ,Succ%,Tkld,Tkld%,Balle au pied,TotDist,DistBut,PrgC,1/3,CSR,Manqué,Perte,Rec,PrgR,Matchs
426,Mattia Caldara,it ITA,DF,Spezia,it Serie A,28,1994,13.9,56.9,10.4,32.4,21.9,3.31,1.22,56.9,0.36,0.14,40.0,0.14,40.0,27.3,135.6,59.7,0.36,0.29,0.00,0.65,0.29,26.0,0.29,Matchs
427,Luca Caldirola,it ITA,DF,Monza,it Serie A,31,1991,26.1,62.7,8.39,34.1,25.8,2.87,0.46,62.7,0.11,0.04,33.3,0.04,33.3,37.5,184.0,100.5,0.46,0.42,0.00,0.19,0.04,45.1,0.50,Matchs
428,Fernando Calero,es ESP,"DF,MT",Espanyol,es La Liga,26,1995,17.9,52.7,4.64,21.1,27.9,4.30,0.78,52.7,0.17,0.06,33.3,0.11,66.7,25.4,108.0,53.1,0.50,0.45,0.06,0.67,0.34,28.9,0.22,Matchs
429,Duje Ćaleta-Car,hr CRO,DF,Southampton,eng Premier League,25,1996,10.5,66.2,13.0,39.6,25.5,1.43,0.86,66.2,0.19,0.19,100.0,0.00,0.0,36.9,174.2,94.6,0.48,0.10,0.00,0.10,0.19,40.9,0.00,Matchs
430,Duje Ćaleta-Car,hr CRO,DF,Marseille,fr Ligue 1,25,1996,0.1,30.0,10.0,20.0,10.0,0.00,0.00,30.0,0.00,0.00,,0.00,,20.0,50.0,30.0,0.00,0.00,0.00,0.00,0.00,20.0,0.00,Matchs
431,Hakan Çalhanoğlu,tr TUR,MT,Inter,it Serie A,28,1994,26.3,73.8,1.29,14.0,38.6,22.1,0.99,73.8,0.91,0.30,33.3,0.38,41.7,44.4,209.7,98.9,1.75,02.09,0.23,1.22,0.46,50.3,2.59,Matchs
432,Kerim Calhanoglu,de GER,DF,Schalke 04,de Bundesliga,19,2002,0.7,82.9,4.29,31.4,24.3,27.1,1.43,82.9,4.29,0.00,0.0,4.29,100.0,24.3,112.9,64.3,4.29,4.29,0.00,4.29,0.00,30.0,4.29,Matchs
433,Daniel Caligiuri,it ITA,"DF,MT",Augsburg,de Bundesliga,34,1988,3.2,62.5,3.75,20.3,27.5,16.3,1.56,62.5,3.44,1.56,45.5,1.25,36.4,25.6,137.8,73.1,2.19,1.56,0.31,1.56,1.25,25.9,2.50,Matchs
434,Alexander Callens,pe PER,DF,Girona,es La Liga,30,1992,1.3,85.4,8.46,40.8,40.8,3.85,0.00,85.4,0.00,0.00,,0.00,,58.5,277.7,163.8,3.85,2.31,0.00,1.54,0.77,55.4,0.77,Matchs
435,Dominic Calvert-Lewin,eng ENG,AT,Everton,eng Premier League,25,1997,12.9,29.1,1.55,03.02,11.1,15.5,4.57,29.1,2.17,1.16,53.6,0.78,35.7,14.4,75.3,31.4,1.40,0.85,0.78,3.10,0.93,22.2,4.34,Matchs
436,Mahdi Camara,fr FRA,MT,Brest,fr Ligue 1,24,1998,20.2,47.3,1.49,9.55,28.2,10.4,1.78,47.3,2.23,1.19,53.3,0.79,35.6,31.3,184.5,79.0,1.58,1.24,0.10,1.34,0.84,27.2,2.18,Matchs
437,Mohamed Camara,gn GUI,MT,Roma,it Serie A,25,1997,7.7,51.0,1.30,7.92,34.0,10.5,01.04,51.0,1.69,0.91,53.8,0.65,38.5,30.3,164.7,76.0,1.69,1.30,0.26,1.43,0.78,31.3,1.82,Matchs
438,Mohamed Camara,ml MLI,MT,Monaco,fr Ligue 1,22,2000,24.4,64.5,1.80,14.1,42.1,9.14,0.25,64.5,02.01,0.94,46.9,0.61,30.6,50.7,253.4,116.0,1.15,1.19,0.04,1.48,01.07,45.3,0.78,Matchs
439,Ousmane Camara,gn GUI,"AT,MT",Auxerre,fr Ligue 1,20,2001,0.3,36.7,0.00,0.00,10.0,26.7,3.33,36.7,3.33,0.00,0.0,0.00,0.0,23.3,236.7,116.7,6.67,6.67,0.00,0.00,0.00,16.7,3.33,Matchs
440,Ousmane Camara,fr FRA,DF,Angers,fr Ligue 1,19,2003,5.8,71.7,7.24,32.8,39.7,0.52,0.17,71.7,0.52,0.34,66.7,0.17,33.3,57.9,380.5,234.1,0.52,0.17,0.00,0.69,0.17,52.9,0.00,Matchs
441,Eduardo Camavinga,fr FRA,"MT,DF",Real Madrid,es La Liga,19,2002,22.3,79.4,2.29,16.7,42.2,21.7,1.75,79.4,3.18,1.70,53.5,1.12,35.2,52.1,295.5,165.2,03.09,3.45,0.54,1.75,1.26,59.5,4.44,Matchs
442,Nicolò Cambiaghi,it ITA,"AT,MT",Empoli,it Serie A,21,2000,14.3,44.6,0.63,06.08,17.8,21.7,3.92,44.6,3.99,1.54,38.6,1.40,35.1,30.9,262.0,112.1,5.10,2.10,1.61,03.08,1.47,32.4,6.92,Matchs
443,Andrea Cambiaso,it ITA,DF,Bologna,it Serie A,22,2000,24.1,74.3,2.90,25.7,32.0,17.6,1.66,74.3,2.49,1.29,51.7,1.00,40.0,42.7,228.0,117.1,2.66,2.45,0.71,1.74,0.75,47.6,4.36,Matchs
444,Axel Camblan,fr FRA,"AT,MT",Brest,fr Ligue 1,18,2003,0.8,57.5,0.00,7.50,21.3,30.0,11.3,57.5,5.00,1.25,25.0,3.75,75.0,35.0,352.5,101.3,2.50,3.75,1.25,5.00,3.75,37.5,11.3,Matchs
445,Sergio Camello,es ESP,AT,Rayo Vallecano,es La Liga,21,2001,26.7,29.3,01.09,1.91,12.6,15.2,3.78,29.3,1.72,0.67,39.1,0.90,52.2,18.1,98.5,39.4,1.50,1.35,0.64,2.66,1.31,21.0,4.57,Matchs
446,Chem Campbell,wls WAL,"AT,MT",Wolves,eng Premier League,19,2002,0.8,58.8,1.25,7.50,23.8,28.8,6.25,58.8,5.00,2.50,50.0,2.50,50.0,48.8,378.8,87.5,2.50,7.50,1.25,3.75,7.50,45.0,12.5,Matchs
447,Emre Can,de GER,MT,Dortmund,de Bundesliga,28,1994,21.1,71.6,3.89,21.2,41.3,9.57,0.85,71.5,1.18,0.62,52.0,0.33,28.0,43.9,236.8,111.7,1.61,1.23,0.05,0.71,0.52,48.1,0.57,Matchs
448,Sergio Canales,es ESP,"AT,MT",Betis,es La Liga,31,1991,26.7,62.8,0.49,6.74,27.9,29.3,02.02,62.8,02.02,01.05,51.9,0.71,35.2,39.4,242.5,118.4,03.07,2.58,0.19,02.06,1.54,47.8,5.62,Matchs
449,Matteo Cancellieri,it ITA,AT,Lazio,it Serie A,20,2002,2.8,47.9,0.71,7.14,17.9,23.6,5.71,47.9,3.21,01.07,33.3,1.43,44.4,31.4,225.0,123.6,5.36,2.86,3.21,4.64,01.07,34.6,11.8,Matchs
450,João Cancelo,pt POR,DF,Manchester City,eng Premier League,28,1994,14.2,96.0,1.41,15.8,48.3,32.5,3.31,96.0,4.30,2.18,50.8,1.62,37.7,59.2,346.5,201.5,5.14,2.82,1.48,1.27,0.99,71.8,8.80,Matchs
Clt,Joueur,Nation,Pos,Équipe,Comp,Âge,Naissance,90,Touches,SurfRépDéf,ZDéf,MilTer,ZOff,SurfRépOff,Action de jeu,Att,Succ,Succ%,Tkld,Tkld%,Balle au pied,TotDist,DistBut,PrgC,1/3,CSR,Manqué,Perte,Rec,PrgR,Matchs
451,João Cancelo,pt POR,"DF,AT",Bayern Munich,de Bundesliga,28,1994,11.2,90.5,2.77,20.0,45.2,26.4,3.39,90.5,5.80,03.04,52.3,2.32,40.0,56.8,333.2,179.6,4.55,2.14,1.70,1.79,0.80,62.6,08.04,Matchs
452,Antonio Candreva,it ITA,"MT,DF",Salernitana,it Serie A,35,1987,30.3,59.5,1.58,11.0,25.8,23.4,1.52,59.5,1.12,0.26,23.5,0.46,41.2,36.1,188.0,74.1,2.34,1.65,0.33,0.83,0.43,42.8,5.64,Matchs
453,Thomas Cannon,ie IRL,AT,Everton,eng Premier League,19,2002,0.3,26.7,0.00,0.00,6.67,20.0,13.3,26.7,3.33,0.00,0.0,0.00,0.0,20.0,113.3,23.3,3.33,0.00,0.00,0.00,0.00,23.3,6.67,Matchs
454,Sergi Canós,es ESP,"AT,DF",Brentford,eng Premier League,25,1997,0.9,63.3,1.11,14.4,27.8,22.2,2.22,63.3,6.67,4.44,66.7,2.22,33.3,32.2,228.9,123.3,4.44,2.22,0.00,0.00,0.00,40.0,7.78,Matchs
455,Ander Capa,es ESP,DF,Athletic Club,es La Liga,30,1992,1.2,91.7,1.67,20.0,41.7,30.8,1.67,91.7,2.50,1.67,66.7,0.83,33.3,44.2,338.3,160.8,4.17,7.50,0.83,2.50,1.67,46.7,5.83,Matchs
456,Pierrick Capelle,fr FRA,"MT,DF",Angers,fr Ligue 1,35,1987,15.9,56.5,2.39,12.2,30.5,14.3,1.19,56.5,1.82,0.88,48.3,0.88,48.3,38.2,214.7,75.2,01.01,1.51,0.25,2.14,1.26,34.5,2.52,Matchs
457,Étienne Capoue,fr FRA,MT,Villarreal,es La Liga,34,1988,21.7,55.8,1.84,9.17,33.5,13.9,1.11,55.8,2.86,1.43,50.0,01.01,35.5,36.0,191.2,93.8,02.07,1.24,0.46,1.20,0.60,43.7,3.32,Matchs
458,Gianluca Caprari,it ITA,"MT,AT",Monza,it Serie A,29,1993,27.1,50.3,0.26,4.72,24.6,21.3,3.80,50.3,3.36,1.48,44.0,1.59,47.3,32.6,204.2,98.2,3.69,1.85,1.55,2.92,1.18,40.2,6.94,Matchs
459,Francesco Caputo,it ITA,AT,Sampdoria,it Serie A,34,1987,12.2,25.3,0.33,0.90,10.3,14.1,04.02,25.3,0.74,0.25,33.3,0.41,55.6,14.8,57.0,15.7,0.49,0.33,0.57,1.72,1.15,19.9,6.23,Matchs
460,Francesco Caputo,it ITA,AT,Empoli,it Serie A,34,1987,19.0,25.2,0.53,1.79,10.9,12.6,5.42,25.1,0.63,0.05,8.3,0.42,66.7,15.2,64.1,23.6,0.84,0.37,0.37,2.37,1.26,20.8,6.74,Matchs
461,Maxence Caqueret,fr FRA,MT,Lyon,fr Ligue 1,22,2000,30.7,70.4,1.95,10.8,39.0,21.3,2.38,70.4,2.83,1.34,47.1,1.24,43.7,53.7,275.8,113.4,1.50,2.64,0.36,2.28,1.56,49.3,3.71,Matchs
462,Andrea Carboni,it ITA,DF,Monza,it Serie A,21,2001,1.9,54.7,2.11,21.6,22.6,10.5,2.11,54.7,1.58,0.53,33.3,01.05,66.7,26.3,149.5,100.0,2.11,01.05,0.00,0.00,0.00,34.7,01.05,Matchs
463,Franco Carboni,it ITA,"DF,AT",Monza,it Serie A,19,2003,0.7,87.1,2.86,24.3,40.0,30.0,1.43,87.1,10.0,4.29,42.9,5.71,57.1,48.6,418.6,241.4,10.0,4.29,1.43,0.00,0.00,51.4,11.4,Matchs
464,Valentin Carboni,ar ARG,"MT,DF",Inter,it Serie A,17,2005,0.3,83.3,0.00,13.3,40.0,33.3,3.33,83.3,6.67,3.33,50.0,3.33,50.0,53.3,606.7,276.7,6.67,0.00,0.00,6.67,3.33,50.0,10.0,Matchs
465,Isaac Carcelen,es ESP,DF,Cádiz,es La Liga,29,1993,24.4,49.7,4.88,18.0,22.5,9.80,0.49,49.7,0.86,0.57,66.7,0.25,28.6,20.2,97.8,57.8,1.35,0.74,0.12,0.74,0.74,22.5,2.54,Matchs
466,Irvin Cardona,fr FRA,"AT,MT",Brest,fr Ligue 1,24,1997,2.6,32.7,0.77,2.69,15.8,14.2,4.62,32.7,1.92,0.38,20.0,1.15,60.0,21.5,111.5,35.4,1.15,0.38,0.77,2.69,1.15,21.9,5.38,Matchs
467,Irvin Cardona,fr FRA,"MT,AT",Augsburg,de Bundesliga,24,1997,3.5,34.3,2.00,4.57,11.4,18.3,4.57,34.3,2.00,1.14,57.1,0.86,42.9,19.4,102.6,63.4,2.57,1.71,0.29,3.71,1.14,20.6,4.86,Matchs
468,Igor Carioca,br BRA,DF,Lorient,fr Ligue 1,25,1996,5.1,68.2,3.73,22.5,31.8,14.5,1.57,68.2,2.94,1.18,40.0,1.37,46.7,44.5,248.8,129.8,1.57,2.55,0.20,1.57,0.20,39.2,4.51,Matchs
469,Carlos,br BRA,DF,Monza,it Serie A,23,1999,34.3,60.4,3.24,19.7,26.7,14.5,02.07,60.4,1.78,0.96,54.1,0.70,39.3,30.1,172.7,89.6,2.54,1.81,0.44,1.31,0.82,36.9,4.40,Matchs
470,Diego Carlos,br BRA,DF,Aston Villa,eng Premier League,29,1993,2.3,67.8,4.78,23.5,40.9,4.78,1.74,67.8,0.00,0.00,,0.00,,43.5,151.3,83.9,0.43,1.30,0.00,0.87,0.00,48.3,0.00,Matchs
471,Juan Carlos,es ESP,GB,Girona,es La Liga,34,1988,10.0,35.6,32.4,35.5,0.10,0.00,0.00,35.6,0.00,0.00,,0.00,,21.2,90.3,47.6,0.00,0.00,0.00,0.00,0.00,18.8,0.00,Matchs
472,José Carlos Lazo,es ESP,"MT,AT",Almería,es La Liga,26,1996,0.2,40.0,0.00,5.00,10.0,25.0,5.00,40.0,5.00,5.00,100.0,0.00,0.0,35.0,220.0,45.0,0.00,0.00,0.00,10.0,0.00,35.0,15.0,Matchs
473,José Carlos Lazo,es ESP,"MT,AT",Espanyol,es La Liga,26,1996,1.8,38.9,3.33,13.3,7.78,17.8,2.22,38.9,2.78,0.56,20.0,2.22,80.0,18.9,119.4,57.2,1.11,2.78,0.00,1.67,2.22,18.3,5.56,Matchs
474,Carmona,es ESP,"MT,DF",Elche,es La Liga,20,2002,6.5,40.8,03.08,12.8,14.3,14.2,2.15,40.8,03.08,1.38,45.0,1.23,40.0,22.0,125.2,52.0,1.23,1.54,0.92,1.85,0.62,17.8,4.15,Matchs
475,Carmona,es ESP,DF,Sevilla,es La Liga,20,2002,5.9,67.8,5.59,24.9,33.2,10.2,01.02,67.8,01.02,0.34,33.3,0.51,50.0,38.5,158.5,89.2,1.53,1.86,0.34,1.86,0.34,42.2,1.36,Matchs
Clt,Joueur,Nation,Pos,Équipe,Comp,Âge,Naissance,90,Touches,SurfRépDéf,ZDéf,MilTer,ZOff,SurfRépOff,Action de jeu,Att,Succ,Succ%,Tkld,Tkld%,Balle au pied,TotDist,DistBut,PrgC,1/3,CSR,Manqué,Perte,Rec,PrgR,Matchs
476,Marco Carnesecchi,it ITA,GB,Cremonese,it Serie A,22,2000,27.0,38.4,33.6,38.4,0.00,0.00,0.00,38.4,0.00,0.00,,0.00,,21.0,109.8,59.3,0.00,0.00,0.00,0.00,0.00,15.1,0.00,Matchs
477,Yannick Carrasco,be BEL,"DF,MT",Atlético Madrid,es La Liga,28,1993,25.7,54.6,1.25,8.95,17.7,29.0,6.23,54.6,4.82,2.33,48.4,1.98,41.1,32.0,244.3,139.2,5.68,2.26,2.76,02.02,1.32,35.9,10.3,Matchs
478,Dani Carvajal,es ESP,DF,Real Madrid,es La Liga,30,1992,19.8,76.4,4.29,20.8,29.3,26.6,1.97,76.4,0.86,0.45,52.9,0.25,29.4,43.6,156.8,78.1,1.11,1.52,0.15,1.16,0.35,53.0,7.42,Matchs
479,Fabio Carvalho,pt POR,"MT,AT",Liverpool,eng Premier League,19,2002,3.9,49.5,0.51,7.95,19.2,23.3,6.67,49.5,1.54,0.51,33.3,0.77,50.0,31.3,145.6,65.4,2.31,2.31,0.51,2.82,3.85,37.2,6.67,Matchs
480,Matis Carvalho,pt POR,GB,Montpellier,fr Ligue 1,23,1999,1.5,37.3,29.3,37.3,0.00,0.00,0.00,37.3,0.00,0.00,,0.00,,21.3,140.7,74.7,0.00,0.00,0.00,0.00,0.00,12.7,0.00,Matchs
481,William Carvalho,pt POR,MT,Betis,es La Liga,30,1992,27.1,73.0,1.48,11.2,48.8,13.7,1.37,73.0,1.92,01.07,55.8,0.63,32.7,47.1,211.0,98.4,1.70,1.59,0.26,0.85,1.00,58.7,1.92,Matchs
482,Nicolò Casale,it ITA,DF,Lazio,it Serie A,24,1998,27.1,66.5,7.93,32.1,33.8,1.00,0.52,66.5,0.11,0.04,33.3,0.07,66.7,40.7,251.4,139.6,0.41,0.11,0.00,0.18,0.04,46.0,0.11,Matchs
483,Casemiro,br BRA,MT,Manchester Utd,eng Premier League,30,1992,23.6,74.5,4.66,22.5,40.2,12.4,01.02,74.5,0.85,0.38,45.0,0.34,40.0,36.0,119.8,59.5,0.59,0.72,0.04,0.76,0.59,46.7,1.44,Matchs
484,Casemiro,br BRA,MT,Real Madrid,es La Liga,30,1992,0.1,110.0,10.0,30.0,80.0,0.00,0.00,110.0,0.00,0.00,,0.00,,70.0,200.0,60.0,0.00,0.00,0.00,10.0,0.00,70.0,0.00,Matchs
485,Matty Cash,pl POL,DF,Aston Villa,eng Premier League,24,1997,20.2,60.1,3.76,20.9,27.0,12.8,0.54,60.1,1.63,0.79,48.5,0.45,27.3,30.2,155.6,83.0,02.08,1.63,0.20,1.19,0.35,32.3,2.82,Matchs
486,Tommaso Cassandro,it ITA,DF,Lecce,it Serie A,22,2000,0.1,80.0,10.0,40.0,30.0,10.0,0.00,80.0,0.00,0.00,,0.00,,20.0,50.0,40.0,0.00,0.00,0.00,0.00,0.00,30.0,0.00,Matchs
487,Timothy Castagne,be BEL,DF,Leicester City,eng Premier League,26,1995,36.2,61.8,4.36,22.7,25.4,14.0,1.44,61.8,0.83,0.30,36.7,0.39,46.7,27.3,110.8,55.1,01.08,0.64,0.14,0.88,0.47,34.4,4.12,Matchs
488,Michele Castagnetti,it ITA,MT,Cremonese,it Serie A,32,1989,15.7,59.9,2.10,13.3,35.7,11.7,0.57,59.9,0.76,0.51,66.7,0.19,25.0,28.6,119.2,61.8,0.89,0.70,0.00,0.96,0.19,35.1,0.64,Matchs
489,Koen Casteels,be BEL,GB,Wolfsburg,de Bundesliga,30,1992,34.0,48.6,35.2,48.1,0.50,0.03,0.03,48.6,0.00,0.00,,0.00,,30.3,145.5,78.9,0.00,0.03,0.03,0.00,0.00,26.0,0.00,Matchs
490,Valentín Castellanos,ar ARG,AT,Girona,es La Liga,23,1998,28.9,23.3,0.97,2.25,9.62,11.9,4.26,23.2,1.49,0.48,32.6,0.73,48.8,12.5,65.8,31.9,01.04,0.93,0.38,1.59,0.76,16.5,4.43,Matchs
491,Jean-Charles Castelletto,cm CMR,DF,Nantes,fr Ligue 1,27,1995,28.5,57.9,5.75,24.2,30.7,3.12,0.84,57.9,0.63,0.39,61.1,0.18,27.8,39.0,203.2,107.6,0.67,0.77,0.00,0.70,0.25,33.6,0.70,Matchs
492,Samu Castillejo,es ESP,"AT,MT",Valencia,es La Liga,27,1995,15.1,55.6,0.13,5.36,22.8,27.9,3.25,55.6,4.30,1.52,35.4,2.19,50.8,37.2,217.1,112.6,3.58,2.72,0.73,2.85,1.85,40.0,7.62,Matchs
493,Jonny Castro,es ESP,DF,Wolves,eng Premier League,28,1994,14.0,71.7,3.79,24.5,31.7,16.2,0.93,71.7,2.29,1.00,43.8,01.07,46.9,35.6,187.4,106.8,1.71,1.29,0.29,1.14,0.93,42.9,3.29,Matchs
494,Gaetano Castrovilli,it ITA,MT,Fiorentina,it Serie A,25,1997,8.0,40.5,1.88,7.00,18.5,15.9,2.75,40.5,2.00,0.88,43.8,0.63,31.3,22.0,127.4,58.4,1.50,1.63,0.00,1.38,1.13,25.0,2.00,Matchs
495,Danilo Cataldi,it ITA,MT,Lazio,it Serie A,27,1994,21.3,69.8,3.76,17.4,44.8,8.17,0.00,69.8,0.85,0.28,33.3,0.38,44.4,35.3,134.8,52.0,0.38,0.42,0.00,0.33,0.38,49.0,0.66,Matchs
496,Catena,es ESP,DF,Rayo Vallecano,es La Liga,27,1994,34.5,61.4,8.17,33.6,27.0,1.19,0.70,61.4,0.06,0.06,100.0,0.00,0.0,35.4,162.9,84.4,0.23,0.14,0.00,0.32,0.17,39.1,0.06,Matchs
497,Yoann Cathline,fr FRA,"AT,MT",Lorient,fr Ligue 1,20,2002,12.1,45.3,1.32,10.1,14.0,22.1,2.40,45.3,5.21,1.90,36.5,2.56,49.2,33.9,239.3,116.9,3.80,2.48,0.83,3.14,2.23,30.5,8.76,Matchs
498,Maximiliano Caufriez,be BEL,DF,Clermont Foot,fr Ligue 1,25,1997,24.7,55.3,8.34,27.9,24.1,3.77,0.57,55.3,0.53,0.20,38.5,0.24,46.2,40.7,272.3,139.3,1.34,1.42,0.04,0.57,0.28,35.3,0.53,Matchs
499,Edinson Cavani,uy URU,AT,Valencia,es La Liga,35,1987,16.1,29.6,0.81,3.35,13.5,12.9,3.35,29.4,0.62,0.25,40.0,0.31,50.0,14.3,56.1,19.6,0.50,0.43,0.19,1.86,0.56,22.1,3.29,Matchs
500,Dani Ceballos,es ESP,MT,Real Madrid,es La Liga,25,1996,17.4,97.1,1.67,14.8,56.7,26.7,1.95,97.1,3.79,2.30,60.6,1.26,33.3,71.4,395.7,190.7,3.45,2.99,0.40,01.09,1.49,78.5,3.45,Matchs
Clt,Joueur,Nation,Pos,Équipe,Comp,Âge,Naissance,90,Touches,SurfRépDéf,ZDéf,MilTer,ZOff,SurfRépOff,Action de jeu,Att,Succ,Succ%,Tkld,Tkld%,Balle au pied,TotDist,DistBut,PrgC,1/3,CSR,Manqué,Perte,Rec,PrgR,Matchs
501,Pietro Ceccaroni,it ITA,DF,Lecce,it Serie A,26,1995,0.5,44.0,8.00,18.0,20.0,6.00,2.00,44.0,0.00,0.00,,0.00,,14.0,60.0,32.0,0.00,0.00,0.00,0.00,0.00,14.0,2.00,Matchs
502,Federico Ceccherini,it ITA,DF,Hellas Verona,it Serie A,30,1992,15.7,49.7,5.48,19.6,24.6,6.11,0.96,49.7,0.19,0.13,66.7,0.06,33.3,23.4,122.8,71.5,1.59,0.89,0.13,0.83,0.51,26.1,1.27,Matchs
503,Assan Ceesay,gm GAM,AT,Lecce,it Serie A,28,1994,20.1,31.9,1.39,3.43,13.4,15.5,3.53,31.9,1.79,01.09,61.1,0.60,33.3,15.1,72.4,29.4,01.04,0.75,0.40,3.18,1.24,20.7,5.52,Matchs
504,Emil Ceide,no NOR,AT,Sassuolo,it Serie A,20,2001,5.7,40.9,0.18,5.26,14.0,21.8,6.84,40.9,4.39,1.40,32.0,2.46,56.0,28.1,193.5,124.4,6.49,2.28,04.04,2.63,1.40,31.9,8.25,Matchs
505,Zeki Çelik,tr TUR,DF,Roma,it Serie A,25,1997,16.7,66.0,2.57,21.0,29.4,16.5,01.08,66.0,0.96,0.36,37.5,0.60,62.5,31.3,162.2,86.5,02.04,1.86,0.36,01.02,0.78,36.2,4.55,Matchs
506,Álex Centelles,es ESP,DF,Almería,es La Liga,24,1997,12.5,54.9,4.40,21.5,19.5,14.4,0.56,54.9,1.12,0.48,42.9,0.56,50.0,27.3,124.9,68.3,1.36,0.88,0.08,0.88,0.48,29.4,3.84,Matchs
507,Fabien Centonze,fr FRA,DF,Nantes,fr Ligue 1,26,1996,18.8,64.7,4.63,17.6,30.0,17.7,0.69,64.7,3.51,02.02,57.6,1.17,33.3,40.3,248.7,109.3,2.23,02.07,0.27,1.33,0.59,35.7,6.65,Matchs
508,Michele Cerofolini,it ITA,GB,Fiorentina,it Serie A,23,1999,5.0,40.4,33.0,40.2,0.20,0.00,0.00,40.4,0.00,0.00,,0.00,,24.6,123.0,74.0,0.00,0.00,0.00,0.00,0.00,24.2,0.00,Matchs
509,Franco Cervi,ar ARG,"MT,DF",Celta Vigo,es La Liga,28,1994,21.0,54.4,0.76,10.4,23.6,20.8,2.38,54.4,2.43,1.00,41.2,01.05,43.1,30.3,163.3,72.7,2.14,1.81,0.38,1.43,0.76,31.0,5.38,Matchs
510,Julio César Enciso,py PAR,"AT,MT",Brighton,eng Premier League,18,2004,9.0,44.0,0.22,2.44,17.2,25.3,5.44,44.0,7.11,3.56,50.0,2.78,39.1,26.8,196.4,112.6,4.33,3.22,1.89,2.11,2.22,32.4,8.22,Matchs
511,Julian Chabot,de GER,DF,Köln,de Bundesliga,24,1998,20.0,71.7,11.4,41.5,28.6,1.75,0.85,71.7,0.40,0.20,50.0,0.05,12.5,38.3,154.5,71.9,0.25,0.30,0.05,0.20,0.10,41.3,0.10,Matchs
512,Florian Chabrolle,fr FRA,MT,Ajaccio,fr Ligue 1,24,1998,3.7,45.9,1.62,5.41,30.5,10.5,0.00,45.9,0.27,0.00,0.0,0.27,100.0,32.7,153.2,63.8,0.27,01.08,0.00,1.35,01.08,29.2,2.16,Matchs
513,El Chadaille Bitshiabu,fr FRA,DF,Paris S-G,fr Ligue 1,17,2005,6.5,79.2,8.62,32.9,43.5,3.23,0.31,79.2,0.31,0.15,50.0,0.15,50.0,65.8,252.6,93.8,0.15,0.46,0.00,0.31,0.31,60.9,1.23,Matchs
514,Fares Chaïbi,dz ALG,"AT,MT",Toulouse,fr Ligue 1,19,2002,26.0,50.5,1.85,7.46,23.3,20.4,3.31,50.5,1.38,0.46,33.3,0.81,58.3,38.3,204.5,92.8,2.73,1.58,0.69,02.08,0.92,37.3,8.15,Matchs
515,Nathaniel Chalobah,eng ENG,MT,Fulham,eng Premier League,27,1994,0.1,110.0,40.0,50.0,30.0,30.0,10.0,110.0,0.00,0.00,,0.00,,60.0,160.0,80.0,0.00,10.0,0.00,10.0,10.0,80.0,0.00,Matchs
516,Trevoh Chalobah,eng ENG,DF,Chelsea,eng Premier League,23,1999,17.9,76.5,7.54,33.6,33.7,9.33,1.28,76.5,0.56,0.45,80.0,0.06,10.0,43.8,149.7,77.8,0.95,0.73,0.06,0.34,0.28,54.4,1.51,Matchs
517,Muhammed Cham,at AUT,MT,Clermont Foot,fr Ligue 1,21,2000,21.9,57.9,0.55,6.76,28.0,24.1,2.79,57.8,2.97,1.42,47.7,1.19,40.0,46.1,279.7,132.2,3.24,3.38,0.50,1.78,2.56,44.2,5.48,Matchs
518,Calum Chambers,eng ENG,"DF,MT",Aston Villa,eng Premier League,27,1995,3.9,62.8,7.69,30.5,24.6,8.21,0.51,62.8,0.00,0.00,,0.00,,35.6,203.6,138.5,1.54,01.03,0.00,0.51,0.26,38.2,0.51,Matchs
519,Timothy Chandler,us USA,DF,Eint Frankfurt,de Bundesliga,32,1990,1.0,71.0,2.00,14.0,32.0,25.0,2.00,71.0,4.00,1.00,25.0,3.00,75.0,28.0,99.0,59.0,2.00,0.00,1.00,2.00,0.00,37.0,6.00,Matchs
520,Gaëtan Charbonnier,fr FRA,"AT,MT",Auxerre,fr Ligue 1,33,1988,2.8,42.9,1.79,3.93,23.9,15.4,5.00,42.9,1.43,0.71,50.0,0.36,25.0,32.5,154.6,49.6,0.71,01.07,0.00,2.86,2.14,32.9,6.43,Matchs
521,Brendan Chardonnet,fr FRA,DF,Brest,fr Ligue 1,27,1994,27.7,57.3,6.32,30.2,25.5,1.99,0.97,57.3,0.11,0.11,100.0,0.00,0.0,38.7,204.2,108.5,0.32,0.18,0.00,0.25,0.14,34.3,0.25,Matchs
522,Shea Charles,nir NIR,DF,Manchester City,eng Premier League,18,2003,0.3,106.7,16.7,46.7,60.0,0.00,0.00,106.7,0.00,0.00,,0.00,,66.7,386.7,143.3,3.33,0.00,0.00,0.00,3.33,63.3,0.00,Matchs
523,Xavier Chavalerin,fr FRA,MT,Troyes,fr Ligue 1,31,1991,27.0,49.5,2.67,15.8,25.1,8.89,1.41,49.5,0.63,0.33,52.9,0.19,29.4,34.8,161.7,57.1,0.67,0.78,0.19,0.89,0.44,31.1,1.81,Matchs
524,Pep Chavarría,es ESP,"AT,MT",Rayo Vallecano,es La Liga,24,1998,4.1,55.9,1.95,09.02,18.3,29.3,1.95,55.9,3.90,1.71,43.8,1.95,50.0,27.6,160.5,89.0,3.17,1.46,0.24,1.71,0.98,29.8,6.10,Matchs
525,Ivane Chegra,fr FRA,"MT,AT",Ajaccio,fr Ligue 1,18,2004,2.1,31.9,0.00,8.10,14.3,10.5,0.48,31.9,3.81,1.43,37.5,1.90,50.0,21.0,169.0,75.7,3.33,0.95,0.48,3.33,2.38,18.1,2.38,Matchs
Clt,Joueur,Nation,Pos,Équipe,Comp,Âge,Naissance,90,Touches,SurfRépDéf,ZDéf,MilTer,ZOff,SurfRépOff,Action de jeu,Att,Succ,Succ%,Tkld,Tkld%,Balle au pied,TotDist,DistBut,PrgC,1/3,CSR,Manqué,Perte,Rec,PrgR,Matchs
526,Pape Cheikh Diop,sn SEN,MT,Elche,es La Liga,24,1997,0.4,50.0,5.00,17.5,32.5,0.00,0.00,50.0,2.50,0.00,0.0,2.50,100.0,32.5,167.5,65.0,0.00,0.00,0.00,0.00,2.50,35.0,0.00,Matchs
527,Rayan Cherki,fr FRA,"MT,AT",Lyon,fr Ligue 1,18,2003,20.8,65.6,0.14,3.99,26.5,36.4,6.78,65.6,7.55,3.80,50.3,3.13,41.4,55.0,400.2,201.1,6.39,4.38,2.93,03.03,2.36,53.2,12.5,Matchs
528,Ilyes Cheti,dz ALG,DF,Angers,fr Ligue 1,27,1995,2.3,65.2,06.09,27.0,29.1,9.57,0.43,65.2,0.87,0.00,0.0,0.87,100.0,43.0,232.6,89.1,0.87,0.43,0.00,2.17,0.43,34.3,03.04,Matchs
529,Lucas Chevalier,fr FRA,GB,Lille,fr Ligue 1,20,2001,32.0,33.1,26.0,33.0,0.09,0.00,0.00,33.1,0.00,0.00,,0.00,,26.8,139.3,93.4,0.00,0.00,0.00,0.03,0.00,19.9,0.00,Matchs
530,Fabio Chiarodia,it ITA,DF,Werder Bremen,de Bundesliga,17,2005,0.7,41.4,8.57,22.9,15.7,2.86,1.43,41.4,0.00,0.00,,0.00,,12.9,62.9,18.6,0.00,0.00,0.00,0.00,0.00,17.1,0.00,Matchs
531,Federico Chiesa,it ITA,"DF,MT",Juventus,it Serie A,24,1997,9.5,50.1,0.42,5.89,17.5,27.9,5.16,50.1,4.74,2.53,53.3,2.00,42.2,30.8,229.1,125.6,4.84,2.95,1.68,2.74,2.00,34.8,9.26,Matchs
532,Ben Chilwell,eng ENG,"DF,MT",Chelsea,eng Premier League,25,1996,15.6,72.6,1.47,18.2,27.3,27.3,2.31,72.6,1.47,0.51,34.8,0.77,52.2,40.3,218.0,118.7,2.76,2.31,0.51,1.60,1.15,46.3,8.40,Matchs
533,Vlad Chiricheș,ro ROU,DF,Cremonese,it Serie A,32,1989,10.9,50.8,11.0,32.8,17.8,0.55,0.18,50.8,0.37,0.28,75.0,0.00,0.0,22.9,118.3,60.9,0.18,0.18,0.00,0.18,0.37,25.7,0.09,Matchs
534,Pedro Chirivella,es ESP,MT,Nantes,fr Ligue 1,25,1997,22.5,66.4,0.98,10.0,47.6,9.16,0.44,66.4,0.67,0.36,53.3,0.27,40.0,53.2,261.1,105.6,0.67,0.80,0.04,0.22,0.27,49.0,0.98,Matchs
535,Joris Chotard,fr FRA,MT,Montpellier,fr Ligue 1,20,2001,27.3,49.0,3.59,15.0,28.0,6.52,0.51,49.0,0.95,0.48,50.0,0.33,34.6,32.2,149.8,56.4,0.29,0.55,0.07,0.73,0.44,27.6,01.03,Matchs
536,Andreas Christensen,dk DEN,DF,Barcelona,es La Liga,26,1996,19.6,84.3,6.48,32.9,49.1,2.55,0.66,84.3,0.10,0.00,0.0,0.10,100.0,59.7,298.0,164.9,0.92,0.77,0.00,0.51,0.05,64.1,0.26,Matchs
537,Oliver Christensen,dk DEN,GB,Hertha BSC,de Bundesliga,23,1999,33.0,39.6,30.3,39.2,0.36,0.00,0.00,39.6,0.06,0.03,50.0,0.03,50.0,21.5,118.2,63.3,0.00,0.00,0.00,0.03,0.03,16.4,0.00,Matchs
538,Ryan Christie,sct SCO,"MT,AT",Bournemouth,eng Premier League,27,1995,20.4,46.1,1.91,9.17,20.6,17.2,2.99,46.1,4.22,1.81,43.0,02.06,48.8,27.4,166.5,71.7,1.91,1.67,0.64,2.40,1.62,29.0,3.48,Matchs
539,Carney Chukwuemeka,eng ENG,"MT,AT",Chelsea,eng Premier League,18,2003,3.9,67.2,1.28,12.1,27.2,28.7,4.36,67.2,2.82,1.54,54.5,1.28,45.5,39.5,298.7,184.1,5.38,3.59,0.77,2.82,0.77,47.2,5.38,Matchs
540,Samuel Chukwueze,ng NGA,"AT,MT",Villarreal,es La Liga,23,1999,26.0,47.7,0.58,05.04,16.8,26.8,5.50,47.7,6.85,3.31,48.3,2.92,42.7,33.7,238.3,140.0,5.12,2.42,2.73,2.54,1.12,37.5,10.0,Matchs
541,Darko Churlinov,mk MKD,AT,Stuttgart,de Bundesliga,22,2000,0.3,16.7,3.33,6.67,10.0,0.00,0.00,16.7,0.00,0.00,,0.00,,3.33,3.33,0.00,0.00,0.00,0.00,3.33,3.33,3.33,0.00,Matchs
542,Víctor Chust,es ESP,DF,Cádiz,es La Liga,22,2000,10.7,49.8,6.64,27.2,22.1,1.21,0.56,49.8,0.28,0.09,33.3,0.19,66.7,23.0,136.6,67.1,0.37,0.19,0.09,0.19,0.09,28.5,0.19,Matchs
543,Tolga Ciğerci,tr TUR,MT,Hertha BSC,de Bundesliga,30,1992,7.5,66.4,2.27,17.1,39.1,10.8,0.00,66.4,1.33,0.67,50.0,0.53,40.0,25.9,105.1,37.5,0.40,0.53,0.00,1.33,0.80,35.6,0.27,Matchs
544,Yanis Cimignani,fr FRA,"MT,DF",Ajaccio,fr Ligue 1,20,2002,3.1,47.7,1.61,7.42,20.6,19.7,0.65,47.7,1.94,0.65,33.3,1.29,66.7,29.4,151.9,63.5,0.97,2.58,0.00,1.29,1.61,28.1,5.48,Matchs
545,Daniel Ciofani,it ITA,AT,Cremonese,it Serie A,37,1985,11.8,26.0,1.19,2.12,10.1,13.8,4.32,25.7,0.34,0.00,0.0,0.34,100.0,12.9,36.8,12.6,0.42,0.93,0.08,02.03,0.85,18.4,03.05,Matchs
546,Tio Cipot,si SVN,"AT,MT",Spezia,it Serie A,19,2003,1.5,55.3,1.33,10.7,21.3,28.0,3.33,55.3,4.67,2.00,42.9,2.67,57.1,31.3,207.3,104.7,3.33,2.67,0.67,3.33,4.00,36.0,11.3,Matchs
547,Pathé Ciss,sn SEN,"MT,DF",Rayo Vallecano,es La Liga,28,1994,14.2,62.7,04.01,17.1,38.2,08.03,1.34,62.7,0.77,0.35,45.5,0.35,45.5,33.8,160.5,72.7,0.70,1.13,0.07,0.99,0.92,36.5,0.35,Matchs
548,Souleymane Cissé,fr FRA,DF,Clermont Foot,fr Ligue 1,19,2002,0.4,47.5,10.0,27.5,15.0,5.00,2.50,47.5,2.50,0.00,0.0,2.50,100.0,32.5,152.5,17.5,0.00,0.00,0.00,2.50,2.50,25.0,2.50,Matchs
549,Patrick Ciurria,it ITA,"DF,MT",Monza,it Serie A,27,1995,30.6,52.4,1.50,12.9,22.7,17.5,1.67,52.4,1.76,0.59,33.3,0.92,51.9,28.7,164.0,77.2,2.19,1.57,0.29,1.54,0.52,34.7,5.49,Matchs
550,Bobby Clark,eng ENG,MT,Liverpool,eng Premier League,17,2005,0.1,70.0,0.00,0.00,0.00,70.0,10.0,70.0,10.0,0.00,0.0,10.0,100.0,30.0,30.0,0.00,0.00,0.00,0.00,20.0,0.00,30.0,20.0,Matchs
Clt,Joueur,Nation,Pos,Équipe,Comp,Âge,Naissance,90,Touches,SurfRépDéf,ZDéf,MilTer,ZOff,SurfRépOff,Action de jeu,Att,Succ,Succ%,Tkld,Tkld%,Balle au pied,TotDist,DistBut,PrgC,1/3,CSR,Manqué,Perte,Rec,PrgR,Matchs
551,Alexis Claude-Maurice,fr FRA,AT,Nice,fr Ligue 1,24,1998,0.7,55.7,5.71,12.9,25.7,17.1,0.00,55.7,0.00,0.00,,0.00,,34.3,184.3,48.6,0.00,1.43,0.00,4.29,2.86,35.7,1.43,Matchs
552,Alexis Claude-Maurice,fr FRA,"MT,AT",Lens,fr Ligue 1,24,1998,6.7,49.6,01.04,6.57,25.1,18.5,04.03,49.6,4.48,1.79,40.0,02.09,46.7,38.7,228.8,86.6,1.64,0.90,01.04,2.69,1.94,39.3,6.42,Matchs
553,Jonathan Clauss,fr FRA,DF,Marseille,fr Ligue 1,29,1992,28.8,61.0,1.98,11.3,25.6,25.0,3.96,61.0,2.19,1.11,50.8,0.94,42.9,42.2,233.4,115.1,2.88,1.77,0.76,1.63,0.56,37.5,8.33,Matchs
554,Carlos Clerc,es ESP,"DF,MT",Elche,es La Liga,30,1992,29.3,58.5,4.47,20.3,26.0,12.6,0.85,58.5,1.91,0.89,46.4,0.78,41.1,30.2,160.2,75.2,1.74,1.37,0.07,0.96,0.34,32.4,3.11,Matchs
555,Nathaniel Clyne,eng ENG,DF,Crystal Palace,eng Premier League,31,1991,18.2,53.4,2.42,17.2,26.1,10.2,0.16,53.4,0.66,0.27,41.7,0.27,41.7,23.2,97.7,49.2,0.77,0.55,0.05,0.66,0.16,29.2,1.59,Matchs
556,Conor Coady,eng ENG,DF,Everton,eng Premier League,29,1993,23.3,58.5,10.2,34.1,23.5,1.24,0.43,58.5,0.13,0.00,0.0,0.09,66.7,37.9,178.3,103.6,0.17,0.17,0.00,0.26,0.09,42.2,0.04,Matchs
557,Nicolò Cocetta,it ITA,DF,Udinese,it Serie A,18,2003,0.4,35.0,10.0,20.0,15.0,0.00,0.00,35.0,0.00,0.00,,0.00,,15.0,42.5,10.0,0.00,0.00,0.00,0.00,0.00,15.0,0.00,Matchs
558,Marcus Coco,fr FRA,"AT,MT",Nantes,fr Ligue 1,26,1996,7.1,48.9,1.83,10.4,21.4,18.5,3.10,48.9,2.11,0.99,46.7,1.13,53.3,32.7,203.5,103.2,3.24,1.27,0.56,2.39,1.55,29.6,7.89,Matchs
559,Alexandre Coeff,fr FRA,DF,Auxerre,fr Ligue 1,30,1992,6.5,65.8,9.54,34.5,27.1,4.77,0.15,65.8,0.31,0.00,0.0,0.31,100.0,47.5,261.4,117.2,0.46,0.62,0.00,0.46,0.46,44.6,1.38,Matchs
560,Jack Colback,eng ENG,MT,Nott'ham Forest,eng Premier League,32,1989,5.5,34.4,2.91,11.8,18.2,4.91,0.18,34.4,0.73,0.55,75.0,0.00,0.0,13.6,73.5,38.2,0.91,0.91,0.00,0.91,0.18,16.0,0.55,Matchs
561,Séamus Coleman,ie IRL,DF,Everton,eng Premier League,33,1988,18.4,53.8,4.40,18.2,22.6,13.4,1.14,53.8,1.96,0.87,44.4,0.82,41.7,24.8,111.4,50.3,0.71,0.54,0.16,1.63,0.33,26.1,02.01,Matchs
562,David Čolina,hr CRO,"DF,AT",Augsburg,de Bundesliga,22,2000,1.8,60.6,3.89,15.6,28.3,18.9,1.11,60.6,7.22,2.22,30.8,3.89,53.8,25.0,123.9,57.8,1.11,2.22,0.00,2.78,1.11,18.3,3.89,Matchs
563,Álex Collado,es ESP,MT,Elche,es La Liga,23,1999,8.1,54.6,1.23,7.16,24.9,23.3,2.35,54.6,3.83,1.85,48.4,1.85,48.4,36.3,253.3,116.4,2.96,2.84,0.74,1.98,1.11,41.2,5.31,Matchs
564,Diego Collado,es ESP,AT,Villarreal,es La Liga,21,2001,0.1,80.0,0.00,0.00,20.0,60.0,10.0,80.0,0.00,0.00,,0.00,,30.0,90.0,40.0,0.00,0.00,0.00,0.00,0.00,60.0,30.0,Matchs
565,Omar Colley,gm GAM,DF,Sampdoria,it Serie A,29,1992,15.4,55.8,6.95,29.3,25.3,1.30,0.58,55.8,0.13,0.13,100.0,0.00,0.0,33.2,139.1,66.2,0.19,0.06,0.00,0.26,0.13,33.6,0.13,Matchs
566,Nathan Collins,ie IRL,DF,Wolves,eng Premier League,21,2001,20.2,66.3,10.3,39.7,24.8,2.23,0.64,66.3,0.40,0.35,87.5,0.00,0.0,35.8,171.8,89.1,0.54,0.45,0.10,0.45,0.40,45.6,0.25,Matchs
567,Lorenzo Colombo,it ITA,AT,Lecce,it Serie A,20,2002,16.8,35.0,0.36,1.43,15.8,18.1,4.40,34.9,2.20,0.65,29.7,1.31,59.5,18.3,79.2,24.3,0.83,0.71,0.36,4.70,2.26,24.9,07.08,Matchs
568,Andrea Colpani,it ITA,MT,Monza,it Serie A,23,1999,10.5,51.2,0.76,5.24,25.4,22.1,2.95,51.2,3.90,1.90,48.8,1.24,31.7,35.3,221.6,105.7,2.95,03.05,0.76,2.10,1.62,39.2,6.57,Matchs
569,Levi Colwill,eng ENG,DF,Brighton,eng Premier League,19,2003,13.6,92.9,10.6,41.8,47.5,3.75,0.81,92.9,0.07,0.07,100.0,0.00,0.0,62.1,341.6,217.1,1.18,0.74,0.00,0.51,0.29,67.7,0.22,Matchs
570,Kingsley Coman,fr FRA,"AT,MT",Bayern Munich,de Bundesliga,26,1996,15.7,64.1,0.57,4.78,21.3,39.2,5.99,64.1,5.86,2.99,51.1,2.10,35.9,46.1,301.7,162.7,6.24,3.12,2.80,03.06,1.27,51.5,18.9,Matchs
571,Eray Cömert,ch SUI,DF,Valencia,es La Liga,24,1998,18.6,60.7,8.71,32.2,27.4,1.77,0.54,60.7,0.11,0.11,100.0,0.00,0.0,36.6,200.0,113.9,0.32,0.48,0.05,0.05,0.00,37.2,0.05,Matchs
572,Santi Comesaña,es ESP,MT,Rayo Vallecano,es La Liga,25,1996,27.2,56.8,1.25,8.42,34.1,14.9,2.13,56.8,2.13,1.29,60.3,0.66,31.0,30.5,155.7,84.3,1.47,1.58,0.29,1.40,1.25,37.1,2.13,Matchs
573,Andrea Consigli,it ITA,GB,Sassuolo,it Serie A,35,1987,35.0,42.3,34.1,41.9,0.31,0.03,0.00,42.3,0.00,0.00,,0.00,,24.9,124.4,77.4,0.00,0.00,0.00,0.03,0.00,21.7,0.00,Matchs
574,Abdu Conté,pt POR,DF,Troyes,fr Ligue 1,24,1998,14.6,59.5,3.29,19.5,26.4,14.1,1.30,59.5,1.16,0.14,11.8,0.96,82.4,40.5,225.6,111.2,2.19,1.44,0.41,0.62,0.41,37.1,6.23,Matchs
575,Andrea Conti,it ITA,DF,Sampdoria,it Serie A,28,1994,0.3,36.7,0.00,0.00,26.7,10.0,0.00,36.7,0.00,0.00,,0.00,,13.3,33.3,16.7,0.00,0.00,0.00,0.00,3.33,20.0,6.67,Matchs
Clt,Joueur,Nation,Pos,Équipe,Comp,Âge,Naissance,90,Touches,SurfRépDéf,ZDéf,MilTer,ZOff,SurfRépOff,Action de jeu,Att,Succ,Succ%,Tkld,Tkld%,Balle au pied,TotDist,DistBut,PrgC,1/3,CSR,Manqué,Perte,Rec,PrgR,Matchs
576,Lewis Cook,eng ENG,MT,Bournemouth,eng Premier League,25,1997,19.1,49.0,3.51,15.2,24.7,9.63,0.47,49.0,0.99,0.37,36.8,0.52,52.6,22.3,115.1,42.9,0.47,0.94,0.05,0.79,0.84,27.1,0.52,Matchs
577,Steve Cook,eng ENG,DF,Nott'ham Forest,eng Premier League,31,1991,10.6,52.7,9.43,30.3,20.8,1.79,0.94,52.7,0.09,0.09,100.0,0.00,0.0,26.8,122.0,54.4,0.09,0.28,0.00,0.28,0.19,33.0,0.00,Matchs
578,Liam Cooper,sct SCO,DF,Leeds United,eng Premier League,30,1991,15.8,61.4,6.52,31.6,27.8,2.34,1.33,61.4,0.25,0.06,25.0,0.06,25.0,30.2,137.5,57.8,0.19,0.19,0.06,0.57,0.06,31.7,0.13,Matchs
579,Copete,es ESP,DF,Mallorca,es La Liga,22,1999,24.5,47.6,6.33,23.5,22.0,2.73,0.69,47.6,0.86,0.78,90.5,0.08,9.5,24.1,101.0,58.9,0.57,0.53,0.04,0.41,0.24,25.8,0.12,Matchs
580,Diego Coppola,it ITA,DF,Hellas Verona,it Serie A,18,2003,13.1,52.9,05.04,25.7,23.1,4.66,0.69,52.9,0.31,0.15,50.0,0.15,50.0,23.8,123.5,60.1,0.69,0.69,0.00,0.61,0.15,24.4,0.61,Matchs
581,Francis Coquelin,fr FRA,MT,Villarreal,es La Liga,31,1991,8.3,47.1,02.05,7.59,27.0,12.9,2.17,47.1,0.72,0.24,33.3,0.24,33.3,24.1,106.6,48.1,1.33,1.33,0.12,2.17,1.69,34.5,3.25,Matchs
582,Sébastien Corchia,fr FRA,DF,Nantes,fr Ligue 1,31,1990,8.7,53.8,3.10,13.3,23.0,18.6,1.15,53.8,1.26,0.34,27.3,0.23,18.2,33.1,178.2,73.4,2.41,1.15,0.46,1.61,0.80,28.9,7.47,Matchs
583,Alex Cordaz,it ITA,GB,Inter,it Serie A,39,1983,0.3,70.0,63.3,70.0,0.00,0.00,0.00,70.0,0.00,0.00,,0.00,,43.3,140.0,46.7,0.00,0.00,0.00,0.00,0.00,36.7,0.00,Matchs
584,Maxwel Cornet,ci CIV,AT,West Ham,eng Premier League,25,1996,2.7,51.9,1.11,6.67,18.5,26.7,04.07,51.9,1.85,0.74,40.0,1.11,60.0,30.7,114.8,51.9,3.33,0.74,1.85,3.33,1.85,38.1,9.63,Matchs
585,Jesús Corona,mx MEX,AT,Sevilla,es La Liga,29,1993,1.2,48.3,0.83,8.33,18.3,22.5,5.83,48.3,5.83,2.50,42.9,3.33,57.1,36.7,182.5,90.8,2.50,2.50,0.83,4.17,1.67,39.2,7.50,Matchs
586,Ángel Correa,ar ARG,"AT,MT",Atlético Madrid,es La Liga,27,1995,16.2,45.6,0.68,5.19,17.5,23.4,7.35,45.6,3.64,1.42,39.0,02.04,55.9,29.1,138.5,59.9,2.72,1.23,1.48,3.58,1.91,35.1,8.77,Matchs
587,Joaquín Correa,ar ARG,AT,Inter,it Serie A,27,1994,10.6,36.2,0.19,2.36,17.3,17.3,3.49,36.2,03.02,1.32,43.8,1.23,40.6,24.5,142.9,60.9,1.79,1.23,0.85,2.74,1.51,28.4,5.75,Matchs
588,Thierry Correia,pt POR,DF,Valencia,es La Liga,23,1999,22.3,72.5,3.45,22.0,30.8,20.5,01.03,72.5,1.52,0.58,38.2,0.67,44.1,38.6,198.8,113.8,2.69,02.06,0.40,1.61,0.49,42.8,5.47,Matchs
589,Alessandro Cortinovis,it ITA,MT,Hellas Verona,it Serie A,21,2001,0.1,80.0,0.00,30.0,0.00,50.0,0.00,80.0,0.00,0.00,,0.00,,50.0,100.0,40.0,0.00,0.00,0.00,0.00,0.00,50.0,20.0,Matchs
590,Danny da Costa,de GER,DF,Mainz 05,de Bundesliga,29,1993,13.7,56.0,2.12,12.0,26.4,18.0,1.75,56.0,02.04,0.80,39.3,1.17,57.1,25.3,136.8,66.6,2.34,1.39,0.80,1.82,0.80,28.2,5.40,Matchs
591,David Pereira da Costa,pt POR,"MT,AT",Lens,fr Ligue 1,21,2001,15.6,58.1,0.32,3.72,28.3,26.9,2.88,58.1,03.08,1.73,56.3,01.03,33.3,49.6,336.5,162.6,3.91,4.68,0.58,02.05,1.79,47.2,8.53,Matchs
592,Diego Costa,es ESP,AT,Wolves,eng Premier League,33,1988,13.8,24.3,1.38,2.68,10.1,11.7,4.28,24.3,0.72,0.36,50.0,0.36,50.0,13.0,73.8,24.8,1.38,0.65,0.80,1.67,1.88,17.8,4.35,Matchs
593,Jaume Costa,es ESP,DF,Mallorca,es La Liga,34,1988,28.9,47.2,2.15,12.5,20.9,14.4,1.28,47.2,0.87,0.35,40.0,0.42,48.0,23.8,120.9,68.5,02.08,1.31,0.35,0.80,0.28,28.0,4.26,Matchs
594,Logan Costa,cv CPV,DF,Toulouse,fr Ligue 1,21,2001,4.6,60.9,8.70,32.6,25.9,3.26,1.74,60.9,0.65,0.22,33.3,0.22,33.3,45.0,247.4,137.4,01.09,0.65,0.22,01.09,0.00,40.4,0.00,Matchs
595,Nuno da Costa,cv CPV,"AT,MT",Auxerre,fr Ligue 1,31,1991,22.3,32.6,0.90,3.86,15.0,14.5,3.50,32.6,4.89,02.06,42.2,2.11,43.1,21.9,150.0,47.9,1.35,0.81,0.67,4.13,1.79,22.2,5.83,Matchs
596,Samu Costa,pt POR,MT,Almería,es La Liga,21,2000,22.1,63.1,4.34,21.6,35.0,6.92,0.72,63.1,1.00,0.41,40.9,0.54,54.5,32.4,125.9,50.4,0.41,0.36,0.05,1.40,0.59,38.7,01.09,Matchs
597,Benoît Costil,fr FRA,GB,Auxerre,fr Ligue 1,35,1987,19.0,33.6,27.9,33.4,0.16,0.00,0.00,33.6,0.05,0.05,100.0,0.00,0.0,19.8,99.9,51.3,0.00,0.00,0.00,0.00,0.00,13.4,0.00,Matchs
598,Vladimír Coufal,cz CZE,DF,West Ham,eng Premier League,29,1992,23.7,60.5,4.39,18.4,24.5,17.9,0.89,60.5,0.72,0.13,17.6,0.25,35.3,24.4,138.6,72.2,2.24,1.39,0.08,01.05,0.89,28.1,4.60,Matchs
599,Lassana Coulibaly,ml MLI,MT,Salernitana,it Serie A,26,1996,32.1,48.0,2.68,12.4,29.1,7.63,0.53,48.0,2.90,1.50,51.6,1.21,41.9,28.6,181.0,80.1,1.62,1.21,0.22,1.90,01.03,30.0,1.84,Matchs
600,Soumaïla Coulibaly,fr FRA,DF,Dortmund,de Bundesliga,18,2003,0.5,96.0,2.00,14.0,80.0,2.00,0.00,96.0,0.00,0.00,,0.00,,80.0,400.0,182.0,0.00,0.00,0.00,0.00,0.00,86.0,0.00,Matchs
Clt,Joueur,Nation,Pos,Équipe,Comp,Âge,Naissance,90,Touches,SurfRépDéf,ZDéf,MilTer,ZOff,SurfRépOff,Action de jeu,Att,Succ,Succ%,Tkld,Tkld%,Balle au pied,TotDist,DistBut,PrgC,1/3,CSR,Manqué,Perte,Rec,PrgR,Matchs
601,Tanguy Coulibaly,fr FRA,"AT,DF",Stuttgart,de Bundesliga,21,2001,3.6,57.2,0.56,8.33,22.5,28.1,4.72,56.9,6.11,03.06,50.0,03.06,50.0,35.0,225.3,115.3,3.89,2.50,1.39,1.94,2.50,34.2,10.6,Matchs
602,Thibaut Courtois,be BEL,GB,Real Madrid,es La Liga,30,1992,31.0,39.0,32.9,38.9,0.16,0.00,0.00,39.0,0.06,0.06,100.0,0.00,0.0,26.6,136.2,84.5,0.00,0.00,0.00,0.06,0.00,22.7,0.00,Matchs
603,Mathieu Coutadeur,fr FRA,MT,Ajaccio,fr Ligue 1,36,1986,21.6,61.5,02.04,12.0,41.8,8.15,0.19,61.5,0.65,0.23,35.7,0.28,42.9,45.3,219.9,93.1,0.93,0.65,0.09,0.88,0.37,41.2,01.02,Matchs
604,Philippe Coutinho,br BRA,"MT,AT",Aston Villa,eng Premier League,30,1992,8.8,56.8,0.23,3.86,29.4,24.2,2.73,56.8,3.86,1.59,41.2,1.70,44.1,35.1,198.5,84.0,02.05,3.18,0.57,2.61,1.93,41.9,7.73,Matchs
605,Yan Couto,br BRA,"DF,MT",Girona,es La Liga,20,2002,12.9,56.9,1.55,14.3,22.9,20.6,1.55,56.9,4.65,2.17,46.7,02.09,45.0,34.7,260.1,141.6,4.34,2.40,0.93,02.02,01.01,37.4,6.90,Matchs
606,Conor Coventry,ie IRL,"MT,AT",West Ham,eng Premier League,22,2000,0.0,0,0,0,0,0,0,0,0,0,,0,,0,0,0,0,0,0,0,0,0,0,Matchs
607,Nicolas Cozza,fr FRA,DF,Montpellier,fr Ligue 1,23,1999,14.2,52.6,4.65,20.4,23.2,9.37,1.34,52.6,01.06,0.35,33.3,0.56,53.3,31.5,193.0,96.3,1.41,1.13,0.21,1.27,0.28,28.7,2.39,Matchs
608,Nicolas Cozza,fr FRA,DF,Wolfsburg,de Bundesliga,23,1999,1.1,48.2,1.82,23.6,23.6,2.73,0.00,48.2,0.91,0.00,0.0,0.00,0.0,32.7,223.6,77.3,1.82,0.00,0.00,0.91,1.82,31.8,1.82,Matchs
609,Alessio Cragno,it ITA,GB,Monza,it Serie A,28,1994,1.0,32.0,26.0,32.0,0.00,0.00,0.00,32.0,0.00,0.00,,0.00,,19.0,101.0,61.0,0.00,0.00,0.00,0.00,0.00,17.0,0.00,Matchs
610,Matthew Craig,sct SCO,MT,Tottenham,eng Premier League,19,2003,0.2,50.0,5.00,15.0,25.0,10.0,0.00,50.0,0.00,0.00,,0.00,,25.0,100.0,30.0,0.00,5.00,0.00,0.00,0.00,30.0,0.00,Matchs
611,Aaron Cresswell,eng ENG,DF,West Ham,eng Premier League,32,1989,24.8,64.8,3.91,20.4,26.9,17.7,0.52,64.8,0.28,0.08,28.6,0.16,57.1,30.9,141.0,70.6,1.41,01.05,0.04,0.24,0.24,38.7,3.31,Matchs
612,Bryan Cristante,it ITA,"MT,DF",Roma,it Serie A,27,1995,32.6,61.2,03.04,17.1,38.6,06.01,1.20,61.1,0.40,0.28,69.2,0.09,23.1,32.0,141.3,63.3,0.49,0.40,0.12,0.77,0.34,39.6,0.83,Matchs
613,Domen Črnigoj,si SVN,MT,Salernitana,it Serie A,26,1995,3.3,48.5,1.52,10.9,28.8,9.70,1.82,48.5,1.21,0.61,50.0,0.61,50.0,19.4,77.3,21.5,0.61,0.61,0.30,3.94,0.30,27.0,2.73,Matchs
614,Juan Cruz Armada,es ESP,DF,Osasuna,es La Liga,30,1992,22.9,50.8,4.50,17.6,24.5,9.00,0.17,50.8,0.66,0.26,40.0,0.22,33.3,23.7,117.2,61.1,0.66,0.66,0.04,0.74,0.17,27.1,2.40,Matchs
615,Juan Cruz,es ESP,AT,Betis,es La Liga,22,2000,2.0,31.5,0.00,3.00,9.50,19.5,4.00,31.5,3.50,1.50,42.9,1.50,42.9,19.0,154.0,97.0,3.50,2.00,1.50,2.00,1.00,19.5,7.50,Matchs
616,Juan Cuadrado,co COL,"DF,AT",Juventus,it Serie A,34,1988,23.1,68.4,1.77,17.3,32.8,18.7,2.16,68.4,2.55,01.08,42.4,0.95,37.3,39.6,203.6,110.0,02.08,1.52,0.87,1.52,0.61,45.8,5.41,Matchs
617,Marc Cucurella,es ESP,DF,Chelsea,eng Premier League,24,1998,18.6,80.1,3.39,25.3,36.1,19.2,0.65,80.1,0.75,0.27,35.7,0.32,42.9,42.3,172.3,96.6,1.61,01.08,0.11,0.75,0.32,48.7,3.49,Matchs
618,Jorge Cuenca,es ESP,DF,Villarreal,es La Liga,22,1999,5.6,82.3,11.6,41.4,39.1,1.79,0.89,82.3,0.00,0.00,,0.00,,50.0,259.8,183.9,1.25,0.18,0.00,0.36,0.00,55.0,0.18,Matchs
619,Braian Cufré,ar ARG,DF,Mallorca,es La Liga,25,1996,2.4,45.8,02.08,11.7,22.5,11.7,0.83,45.8,1.25,0.83,66.7,0.00,0.0,23.8,99.2,59.2,1.25,0.83,0.00,0.83,0.42,24.6,3.75,Matchs
620,Mickaël Cuisance,fr FRA,MT,Sampdoria,it Serie A,22,1999,6.9,42.0,1.45,6.96,20.0,15.8,1.59,42.0,1.74,1.16,66.7,0.43,25.0,26.4,137.7,55.9,1.59,02.03,0.43,2.17,2.32,25.9,4.49,Matchs
621,Matheus Cunha,br BRA,AT,Wolves,eng Premier League,23,1999,10.7,34.8,1.31,6.17,15.9,13.7,4.21,34.8,3.64,2.43,66.7,0.75,20.5,18.2,104.6,42.9,1.50,0.56,0.65,2.90,1.21,20.9,04.02,Matchs
622,Matheus Cunha,br BRA,"AT,MT",Atlético Madrid,es La Liga,23,1999,4.2,31.2,0.95,04.05,14.5,13.8,5.24,31.2,1.67,1.43,85.7,0.24,14.3,17.6,112.6,52.6,1.43,1.67,0.95,2.14,1.19,21.2,4.52,Matchs
623,Curro,es ESP,MT,Almería,es La Liga,26,1996,0.5,68.0,0.00,6.00,36.0,26.0,2.00,68.0,0.00,0.00,,0.00,,30.0,126.0,72.0,2.00,6.00,0.00,2.00,0.00,44.0,2.00,Matchs
624,Marco D'Alessandro,it ITA,"DF,AT",Monza,it Serie A,31,1991,3.2,44.1,0.31,11.6,17.2,16.3,3.13,44.1,1.56,0.31,20.0,0.94,60.0,25.0,222.8,102.8,4.38,1.25,1.56,1.25,1.56,27.8,5.94,Matchs
625,Danilo D'Ambrosio,it ITA,DF,Inter,it Serie A,33,1988,8.1,78.4,7.16,37.4,33.2,7.90,1.48,78.4,0.74,0.12,16.7,0.37,50.0,52.3,227.5,122.0,0.99,0.86,0.25,0.86,0.25,57.7,2.10,Matchs
Clt,Joueur,Nation,Pos,Équipe,Comp,Âge,Naissance,90,Touches,SurfRépDéf,ZDéf,MilTer,ZOff,SurfRépOff,Action de jeu,Att,Succ,Succ%,Tkld,Tkld%,Balle au pied,TotDist,DistBut,PrgC,1/3,CSR,Manqué,Perte,Rec,PrgR,Matchs
626,Luca D'Andrea,it ITA,AT,Sassuolo,it Serie A,17,2004,3.5,36.9,0.00,4.86,17.4,15.1,3.43,36.9,3.43,1.14,33.3,1.71,50.0,23.1,152.9,89.7,3.14,1.14,1.43,3.14,2.00,26.0,8.29,Matchs
627,Damien Da Silva,fr FRA,DF,Lyon,fr Ligue 1,34,1988,3.8,77.6,4.47,27.6,43.7,6.58,0.79,77.6,0.53,0.26,50.0,0.26,50.0,54.2,285.3,116.1,0.53,1.58,0.00,0.53,0.26,52.6,0.26,Matchs
628,Moanes Dabbur,il ISR,AT,Hoffenheim,de Bundesliga,30,1992,10.4,39.2,0.19,2.60,18.8,18.4,04.04,39.2,2.79,1.25,44.8,1.54,55.2,24.6,91.3,33.8,0.96,0.58,0.58,2.69,02.02,29.2,5.87,Matchs
629,Andréa Dacourt,fr FRA,MT,Nice,fr Ligue 1,17,2005,0.0,0,0,0,0,0,0,0,0,0,,0,,0,0,0,0,0,0,0,0,0,0,Matchs
630,Colin Dagba,fr FRA,"DF,MT",Strasbourg,fr Ligue 1,23,1998,10.6,58.2,02.08,14.0,24.3,20.8,1.89,58.2,2.36,01.04,44.0,1.13,48.0,37.9,224.9,121.3,2.45,1.98,0.47,0.85,0.94,34.1,4.53,Matchs
631,Finn Dahmen,de GER,GB,Mainz 05,de Bundesliga,24,1998,8.0,36.8,28.3,36.0,0.88,0.00,0.00,36.8,0.00,0.00,,0.00,,23.8,143.9,79.8,0.00,0.00,0.00,0.00,0.00,13.9,0.00,Matchs
632,Mahmoud Dahoud,de GER,MT,Dortmund,de Bundesliga,26,1996,3.7,81.6,2.43,17.3,49.5,15.1,0.54,81.6,1.35,0.81,60.0,0.54,40.0,41.4,198.9,82.4,1.35,1.62,0.27,1.62,01.08,58.9,01.08,Matchs
633,Patson Daka,zm ZAM,AT,Leicester City,eng Premier League,23,1998,13.2,33.6,0.98,3.18,13.3,17.4,4.39,33.6,1.36,0.53,38.9,0.61,44.4,15.7,82.6,34.9,1.36,0.61,0.83,3.48,1.44,21.8,6.21,Matchs
634,Thijs Dallinga,nl NED,AT,Toulouse,fr Ligue 1,21,2000,26.1,27.5,0.92,1.65,13.1,13.1,4.21,27.5,0.92,0.38,41.7,0.34,37.5,19.8,103.4,28.4,0.88,0.80,0.31,1.53,0.69,22.0,6.67,Matchs
635,Diogo Dalot,pt POR,DF,Manchester Utd,eng Premier League,23,1999,23.9,70.0,5.23,24.3,29.9,16.3,1.59,70.0,1.46,0.88,60.0,0.29,20.0,36.7,178.2,90.4,1.92,1.34,0.50,0.75,0.21,41.6,3.56,Matchs
636,Muhammed Damar,de GER,MT,Hoffenheim,de Bundesliga,18,2004,1.8,52.2,0.56,9.44,27.2,16.1,3.33,52.2,3.33,0.00,0.0,2.78,83.3,27.2,151.7,80.6,1.11,1.67,0.56,5.00,1.11,36.1,3.89,Matchs
637,Mikkel Damsgaard,dk DEN,"MT,AT",Brentford,eng Premier League,22,2000,11.0,48.1,0.82,9.45,24.4,15.1,2.45,48.1,02.09,0.82,39.1,0.82,39.1,25.4,97.7,52.2,0.82,0.82,0.09,1.36,0.55,27.9,04.09,Matchs
638,Flavius Daniliuc,at AUT,DF,Salernitana,it Serie A,21,2001,24.4,56.3,8.20,31.0,23.4,2.38,0.66,56.3,0.20,0.08,40.0,0.12,60.0,29.8,151.3,72.5,0.57,0.41,0.00,0.57,0.16,34.5,0.20,Matchs
639,Flavius Daniliuc,at AUT,DF,Nice,fr Ligue 1,21,2001,1.0,71.0,3.00,23.0,28.0,20.0,1.00,71.0,0.00,0.00,,0.00,,45.0,234.0,129.0,2.00,2.00,0.00,1.00,0.00,43.0,3.00,Matchs
640,Danilo,br BRA,MT,Nott'ham Forest,eng Premier League,21,2001,10.8,35.5,2.41,10.9,16.9,8.52,1.94,35.5,1.76,1.30,73.7,0.37,21.1,15.8,75.5,40.6,1.20,0.83,0.56,1.85,0.74,15.8,02.04,Matchs
641,Danilo,br BRA,DF,Juventus,it Serie A,31,1991,35.4,73.4,7.66,29.8,36.8,7.26,1.27,73.4,0.65,0.20,30.4,0.25,39.1,39.0,178.8,98.3,1.10,0.73,0.03,0.62,0.25,47.6,1.21,Matchs
642,Arnaut Danjuma,nl NED,"AT,MT",Tottenham,eng Premier League,25,1997,1.9,37.9,0.53,2.63,18.4,16.8,4.21,37.9,3.16,1.58,50.0,1.58,50.0,23.2,122.6,67.4,2.63,01.05,01.05,0.53,1.58,30.5,10.0,Matchs
643,Arnaut Danjuma,nl NED,AT,Villarreal,es La Liga,25,1997,5.3,25.5,0.38,02.08,7.36,16.2,4.34,25.3,1.51,0.57,37.5,0.75,50.0,16.6,92.5,49.1,2.26,0.57,1.51,02.08,1.13,19.4,6.60,Matchs
644,Kévin Danois,fr FRA,MT,Auxerre,fr Ligue 1,18,2004,0.0,3,0,0,3,0,0,3,0,0,,0,,0,0,0,0,0,0,0,0,0,0,Matchs
645,Kevin Danso,at AUT,DF,Lens,fr Ligue 1,23,1998,35.9,74.8,6.85,28.9,43.6,2.92,0.89,74.8,01.03,0.53,51.4,0.33,32.4,55.9,365.3,205.5,0.95,0.89,0.03,0.47,0.47,50.7,0.06,Matchs
646,Dante,br BRA,DF,Nice,fr Ligue 1,38,1983,36.7,81.5,9.43,38.9,41.0,02.04,0.84,81.5,0.35,0.22,61.5,0.14,38.5,64.7,323.6,167.7,0.33,0.30,0.00,0.41,0.25,59.3,0.08,Matchs
647,Márton Dárdai,de GER,"DF,MT",Hertha BSC,de Bundesliga,20,2002,10.5,46.2,5.33,24.5,20.7,1.71,0.48,46.2,0.38,0.29,75.0,0.00,0.0,20.9,99.2,57.9,0.19,0.10,0.00,0.38,0.38,22.5,0.00,Matchs
648,Sergi Darder,es ESP,MT,Espanyol,es La Liga,28,1993,36.9,53.7,1.17,7.48,31.0,16.4,01.06,53.7,3.66,1.84,50.4,1.46,40.0,32.9,237.2,127.9,03.01,2.57,0.24,1.17,0.70,34.5,02.03,Matchs
649,Achraf Dari,ma MAR,DF,Brest,fr Ligue 1,23,1999,14.6,57.9,9.25,32.9,24.4,1.10,0.62,57.9,0.07,0.07,100.0,0.00,0.0,38.4,202.3,86.8,0.21,0.07,0.00,0.27,0.21,33.8,0.07,Matchs
650,Vladimír Darida,cz CZE,MT,Hertha BSC,de Bundesliga,31,1990,0.3,66.7,0.00,16.7,20.0,30.0,0.00,66.7,3.33,3.33,100.0,0.00,0.0,23.3,126.7,63.3,3.33,3.33,0.00,13.3,3.33,26.7,3.33,Matchs
Clt,Joueur,Nation,Pos,Équipe,Comp,Âge,Naissance,90,Touches,SurfRépDéf,ZDéf,MilTer,ZOff,SurfRépOff,Action de jeu,Att,Succ,Succ%,Tkld,Tkld%,Balle au pied,TotDist,DistBut,PrgC,1/3,CSR,Manqué,Perte,Rec,PrgR,Matchs
651,Matteo Darmian,it ITA,DF,Inter,it Serie A,32,1989,22.5,69.5,4.18,25.8,33.5,10.7,01.02,69.5,1.11,0.40,36.0,0.40,36.0,40.6,161.2,88.2,0.98,0.80,0.18,0.62,0.44,48.3,4.27,Matchs
652,Josh Dasilva,eng ENG,MT,Brentford,eng Premier League,23,1998,15.4,50.0,1.10,9.35,22.2,19.4,02.08,50.0,3.64,02.08,57.1,0.97,26.8,34.8,220.3,105.9,3.90,2.79,0.58,1.82,1.82,36.5,4.48,Matchs
653,David Datro Fofana,ci CIV,AT,Chelsea,eng Premier League,19,2002,0.8,41.3,1.25,2.50,12.5,27.5,8.75,41.3,10.0,6.25,62.5,2.50,25.0,30.0,148.8,56.3,2.50,2.50,3.75,11.3,3.75,28.8,11.3,Matchs
654,Jonathan David,ca CAN,AT,Lille,fr Ligue 1,22,2000,35.2,34.8,0.65,2.47,15.0,17.7,06.08,34.5,2.22,0.82,37.2,01.08,48.7,27.6,147.6,53.9,1.90,1.25,1.11,2.47,1.48,26.9,8.44,Matchs
655,Alphonso Davies,ca CAN,DF,Bayern Munich,de Bundesliga,21,2000,22.7,81.9,2.25,19.6,40.2,24.0,3.70,81.9,6.17,03.08,50.0,2.42,39.3,54.0,337.9,194.6,5.15,2.91,1.63,2.20,1.19,54.1,6.96,Matchs
656,Ben Davies,wls WAL,DF,Tottenham,eng Premier League,29,1993,25.4,58.3,3.74,20.2,29.5,8.78,1.14,58.3,0.59,0.20,33.3,0.28,46.7,32.9,172.7,106.0,1.54,1.30,0.16,0.43,0.20,39.8,2.72,Matchs
657,Tom Davies,eng ENG,MT,Everton,eng Premier League,24,1998,6.0,51.5,2.17,12.3,30.5,9.00,2.50,51.5,1.00,0.50,50.0,0.50,50.0,25.0,102.7,42.2,0.33,0.17,0.00,2.83,0.67,33.5,2.17,Matchs
658,Paweł Dawidowicz,pl POL,DF,Hellas Verona,it Serie A,27,1995,18.1,56.3,05.03,26.7,24.9,5.30,0.94,56.3,0.44,0.06,12.5,0.22,50.0,25.6,125.4,70.8,1.10,0.72,0.06,0.44,0.22,27.5,0.94,Matchs
659,Craig Dawson,eng ENG,DF,West Ham,eng Premier League,32,1990,8.0,47.5,6.63,26.4,17.8,3.50,1.75,47.5,0.13,0.00,0.0,0.13,100.0,24.1,130.3,75.0,0.00,0.63,0.00,0.25,0.50,27.0,0.13,Matchs
660,Craig Dawson,eng ENG,DF,Wolves,eng Premier League,32,1990,15.7,69.0,11.6,39.4,27.8,02.04,0.96,69.0,0.25,0.19,75.0,0.00,0.0,40.0,166.6,84.3,0.32,0.19,0.00,0.32,0.13,47.6,0.06,Matchs
661,Kevin De Bruyne,be BEL,MT,Manchester City,eng Premier League,31,1991,26.9,69.1,0.48,3.72,27.6,38.7,3.72,69.1,2.27,1.19,52.5,0.71,31.1,42.0,212.7,127.0,3.72,03.01,0.59,1.56,01.08,53.7,9.11,Matchs
662,Charles De Ketelaere,be BEL,"MT,AT",Milan,it Serie A,21,2001,12.4,43.0,0.81,04.03,19.4,20.3,4.84,43.0,4.76,2.90,61.0,1.29,27.1,25.2,175.6,92.7,3.63,2.10,1.13,02.02,2.42,28.3,5.56,Matchs
663,Manuel De Luca,it ITA,"AT,MT",Sampdoria,it Serie A,24,1998,0.5,28.0,0.00,0.00,18.0,10.0,4.00,28.0,0.00,0.00,,0.00,,28.0,104.0,14.0,0.00,0.00,0.00,4.00,4.00,28.0,8.00,Matchs
664,Tommaso De Nipoti,it ITA,MT,Atalanta,it Serie A,19,2003,0.0,6,0,0,5,2,1,6,1,1,100.0,0,0.0,3,24,23,1,1,0,0,0,3,0,Matchs
665,Rodrigo De Paul,ar ARG,MT,Atlético Madrid,es La Liga,28,1994,21.4,74.7,0.65,12.2,43.1,19.9,0.84,74.7,1.50,0.75,50.0,0.51,34.4,47.9,244.9,135.4,2.57,1.92,0.14,1.50,0.70,59.8,3.18,Matchs
666,Mattia De Sciglio,it ITA,DF,Juventus,it Serie A,29,1992,11.6,56.2,2.59,16.4,29.1,10.9,0.34,56.2,0.78,0.17,22.2,0.26,33.3,29.6,138.8,65.1,1.38,01.03,0.00,0.69,0.60,35.0,3.45,Matchs
667,Lorenzo De Silvestri,it ITA,DF,Bologna,it Serie A,34,1988,7.5,64.5,3.60,22.9,31.6,10.8,0.93,64.5,0.53,0.27,50.0,0.13,25.0,34.8,182.8,106.7,2.40,1.60,0.00,0.80,0.67,38.5,2.27,Matchs
668,Thibault De Smet,be BEL,DF,Reims,fr Ligue 1,24,1998,19.5,65.6,3.49,18.4,33.8,14.2,0.26,65.6,0.72,0.26,35.7,0.41,57.1,41.7,227.3,103.5,2.00,1.64,0.05,0.97,0.41,37.1,4.56,Matchs
669,Koni De Winter,be BEL,DF,Empoli,it Serie A,20,2002,11.4,53.9,10.4,35.5,18.2,0.53,0.00,53.9,0.18,0.09,50.0,0.09,50.0,30.4,162.6,71.8,0.18,0.09,0.00,0.70,0.26,32.5,0.00,Matchs
670,Grégoire Defrel,mq MTQ,AT,Sassuolo,it Serie A,31,1991,13.0,27.8,0.54,2.62,13.5,12.2,2.62,27.8,1.62,0.54,33.3,01.08,66.7,16.6,77.2,25.5,0.85,0.92,0.15,2.15,1.31,19.5,5.77,Matchs
671,Duccio Degl'Innocenti,it ITA,MT,Empoli,it Serie A,19,2003,0.0,1,0,0,1,0,0,1,0,0,,0,,1,10,0,0,0,0,0,0,0,0,Matchs
672,Brecht Dejaegere,be BEL,MT,Toulouse,fr Ligue 1,31,1991,20.1,43.7,01.04,5.67,23.8,15.1,2.14,43.7,2.49,0.95,38.0,1.24,50.0,32.3,190.6,75.7,1.79,1.29,0.25,1.74,0.90,30.5,4.78,Matchs
673,Romain Del Castillo,fr FRA,"MT,AT",Brest,fr Ligue 1,26,1996,15.8,56.5,0.38,5.19,26.1,26.3,2.85,56.1,4.43,1.77,40.0,02.03,45.7,39.1,250.3,101.5,2.97,2.28,0.76,2.85,1.84,37.1,7.91,Matchs
674,Alberto Del Moral,es ESP,MT,Villarreal,es La Liga,22,2000,0.1,10.0,0.00,0.00,10.0,0.00,0.00,10.0,0.00,0.00,,0.00,,10.0,20.0,10.0,0.00,0.00,0.00,0.00,0.00,10.0,0.00,Matchs
675,Thomas Delaine,fr FRA,"DF,MT",Strasbourg,fr Ligue 1,30,1992,11.9,53.9,2.35,12.4,22.4,20.1,1.68,53.9,2.27,01.01,44.4,0.92,40.7,34.9,232.8,104.1,3.19,2.27,0.76,1.51,0.42,31.4,7.73,Matchs
Clt,Joueur,Nation,Pos,Équipe,Comp,Âge,Naissance,90,Touches,SurfRépDéf,ZDéf,MilTer,ZOff,SurfRépOff,Action de jeu,Att,Succ,Succ%,Tkld,Tkld%,Balle au pied,TotDist,DistBut,PrgC,1/3,CSR,Manqué,Perte,Rec,PrgR,Matchs
676,Thomas Delaney,dk DEN,MT,Sevilla,es La Liga,30,1991,3.4,55.3,2.35,15.3,31.8,8.24,02.06,55.3,0.00,0.00,,0.00,,33.2,106.2,32.4,0.29,0.00,0.29,1.18,0.88,40.6,0.88,Matchs
677,Thomas Delaney,dk DEN,MT,Hoffenheim,de Bundesliga,30,1991,3.3,57.9,03.03,24.2,27.3,6.67,0.00,57.9,1.82,0.61,33.3,0.91,50.0,31.8,97.3,40.0,0.00,0.00,0.00,0.30,0.61,33.9,0.91,Matchs
678,Sacha Delaye,fr FRA,"AT,MT",Montpellier,fr Ligue 1,20,2002,0.2,95.0,0.00,30.0,45.0,20.0,5.00,95.0,0.00,0.00,,0.00,,45.0,150.0,40.0,5.00,0.00,5.00,0.00,0.00,40.0,0.00,Matchs
679,Fran Delgado,es ESP,DF,Betis,es La Liga,21,2001,0.1,80.0,0.00,10.0,30.0,40.0,10.0,80.0,0.00,0.00,,0.00,,30.0,90.0,50.0,0.00,10.0,0.00,0.00,0.00,70.0,30.0,Matchs
680,Andy Delort,dz ALG,AT,Nice,fr Ligue 1,30,1991,8.7,35.5,0.80,2.41,17.2,16.2,4.25,35.2,1.38,0.46,33.3,0.80,58.3,25.7,125.6,42.8,0.80,0.80,0.11,2.64,01.03,28.3,5.52,Matchs
681,Andy Delort,dz ALG,AT,Nantes,fr Ligue 1,30,1991,5.2,37.1,0.38,1.92,15.0,20.2,6.15,37.1,1.73,1.15,66.7,0.38,22.2,24.0,102.3,26.5,0.38,0.38,0.19,2.69,1.54,25.2,8.46,Matchs
682,Karamoko Dembele,sct SCO,"AT,MT",Brest,fr Ligue 1,19,2003,2.0,57.5,0.50,4.00,24.0,30.5,5.00,57.5,3.00,1.00,33.3,1.00,33.3,45.0,348.5,177.5,3.50,3.50,1.50,3.50,3.50,43.0,13.0,Matchs
683,Moussa Dembélé,fr FRA,"AT,MT",Lyon,fr Ligue 1,26,1996,9.7,30.8,0.93,2.47,13.9,14.7,5.15,30.8,1.24,0.41,33.3,0.82,66.7,20.6,107.5,24.7,01.03,0.41,0.52,3.30,1.65,22.2,6.80,Matchs
684,Ousmane Dembélé,fr FRA,AT,Barcelona,es La Liga,25,1997,15.7,66.3,0.13,1.91,19.8,45.8,6.56,66.3,7.26,3.31,45.6,3.18,43.9,48.1,383.7,212.0,7.90,4.78,3.57,1.72,1.15,53.6,13.3,Matchs
685,Siriki Dembélé,ci CIV,"AT,MT",Bournemouth,eng Premier League,25,1996,1.2,59.2,0.83,8.33,25.0,27.5,2.50,59.2,8.33,5.00,60.0,2.50,30.0,39.2,259.2,133.3,4.17,1.67,0.83,7.50,4.17,41.7,9.17,Matchs
686,Siriki Dembélé,ci CIV,"MT,AT",Auxerre,fr Ligue 1,25,1996,4.1,38.8,0.00,6.10,13.9,20.0,3.17,38.8,7.56,4.63,61.3,2.20,29.0,31.0,242.7,98.8,3.41,2.20,1.95,3.17,3.90,27.8,07.07,Matchs
687,Merih Demiral,tr TUR,DF,Atalanta,it Serie A,24,1998,17.1,48.7,8.19,28.9,18.7,1.64,0.82,48.7,0.53,0.12,22.2,0.29,55.6,20.4,97.2,33.0,0.18,0.29,0.06,0.35,0.12,21.9,0.23,Matchs
688,Kerem Demirbay,de GER,MT,Leverkusen,de Bundesliga,29,1993,17.2,72.8,2.44,14.4,40.7,18.2,0.93,72.8,1.40,0.47,33.3,0.70,50.0,36.3,185.1,87.8,1.28,1.16,0.23,1.45,1.22,47.5,1.22,Matchs
689,Ermedin Demirović,ba BIH,"AT,MT",Augsburg,de Bundesliga,24,1998,26.3,33.0,1.60,4.64,12.4,16.3,4.64,32.9,02.02,0.72,35.8,01.06,52.8,14.9,73.5,30.3,0.99,0.84,0.42,02.02,1.22,19.6,4.56,Matchs
690,Diego Demme,de GER,MT,Napoli,it Serie A,30,1991,1.6,128.1,3.75,18.8,95.6,13.8,0.00,128.1,2.50,1.25,50.0,0.63,25.0,89.4,382.5,168.8,1.88,0.63,0.00,1.88,0.63,114.4,0.63,Matchs
691,Sepp van den Berg,nl NED,DF,Schalke 04,de Bundesliga,20,2001,7.7,54.4,6.49,32.5,19.7,2.47,1.56,54.4,0.52,0.13,25.0,0.39,75.0,29.0,137.9,68.6,0.13,0.00,0.00,01.04,0.13,28.2,0.39,Matchs
692,Branco van den Boomen,nl NED,MT,Toulouse,fr Ligue 1,27,1995,32.1,76.5,1.34,12.0,42.4,22.6,1.18,76.4,1.18,0.59,50.0,0.44,36.8,54.8,275.8,118.7,1.50,1.68,0.22,1.00,0.37,52.4,3.18,Matchs
693,Leander Dendoncker,be BEL,MT,Aston Villa,eng Premier League,27,1995,7.7,47.4,2.73,13.2,28.4,5.97,0.91,47.4,0.65,0.39,60.0,0.26,40.0,22.2,110.6,35.2,0.13,0.78,0.13,01.04,0.39,26.9,0.26,Matchs
694,Leander Dendoncker,be BEL,MT,Wolves,eng Premier League,27,1995,2.4,53.3,2.50,13.8,31.3,8.75,02.08,53.3,0.83,0.42,50.0,0.42,50.0,25.0,85.4,32.1,0.42,0.00,0.00,0.83,0.83,32.1,1.25,Matchs
695,Emmanuel Dennis,ng NGA,"AT,MT",Nott'ham Forest,eng Premier League,24,1997,8.0,41.9,0.63,6.88,14.8,22.1,5.00,41.9,6.63,2.25,34.0,3.25,49.1,26.4,189.0,105.0,3.00,1.88,1.00,4.00,3.13,27.4,7.88,Matchs
696,Fabio Depaoli,it ITA,DF,Hellas Verona,it Serie A,25,1997,24.1,39.5,2.12,9.88,17.1,13.2,1.45,39.5,1.91,0.46,23.9,1.12,58.7,16.9,82.5,40.3,1.16,0.58,0.17,1.58,0.75,17.5,3.15,Matchs
697,Fabio Depaoli,it ITA,"DF,MT",Sampdoria,it Serie A,25,1997,1.5,78.0,4.00,18.7,37.3,22.7,2.00,78.0,4.67,2.00,42.9,1.33,28.6,48.7,231.3,122.7,1.33,2.00,0.00,1.33,0.67,46.7,4.00,Matchs
698,Kastriot Dermaku,al ALB,DF,Lecce,it Serie A,30,1992,0.4,5.00,0.00,0.00,5.00,0.00,0.00,5.00,0.00,0.00,,0.00,,0.00,0.00,0.00,0.00,0.00,0.00,0.00,0.00,0.00,0.00,Matchs
699,Halil Dervişoğlu,tr TUR,MT,Brentford,eng Premier League,22,1999,0.1,10.0,0.00,0.00,0.00,10.0,0.00,10.0,0.00,0.00,,0.00,,20.0,130.0,0.00,0.00,0.00,10.0,0.00,10.0,20.0,0.00,Matchs
700,Rémy Descamps,fr FRA,GB,Nantes,fr Ligue 1,26,1996,1.0,28.0,26.0,28.0,0.00,0.00,0.00,28.0,0.00,0.00,,0.00,,18.0,149.0,124.0,0.00,0.00,0.00,0.00,0.00,5.00,0.00,Matchs
Clt,Joueur,Nation,Pos,Équipe,Comp,Âge,Naissance,90,Touches,SurfRépDéf,ZDéf,MilTer,ZOff,SurfRépOff,Action de jeu,Att,Succ,Succ%,Tkld,Tkld%,Balle au pied,TotDist,DistBut,PrgC,1/3,CSR,Manqué,Perte,Rec,PrgR,Matchs
701,Mikkel Desler,dk DEN,DF,Toulouse,fr Ligue 1,27,1995,25.1,73.9,3.75,18.2,37.3,19.0,1.31,73.9,02.03,01.08,52.9,0.64,31.4,50.6,277.0,128.2,2.35,2.23,0.36,1.59,0.68,45.7,05.06,Matchs
702,Cyriel Dessers,ng NGA,AT,Cremonese,it Serie A,27,1994,17.6,26.5,0.45,01.02,9.20,16.4,6.53,26.4,02.05,0.74,36.1,1.25,61.1,15.2,74.0,30.1,1.19,0.57,1.36,3.47,1.19,19.3,6.25,Matchs
703,Sergiño Dest,us USA,DF,Milan,it Serie A,21,2000,3.7,66.5,1.89,20.3,31.4,16.5,0.81,66.5,4.86,2.16,44.4,2.43,50.0,36.2,223.5,127.0,2.97,0.81,0.00,0.81,1.35,37.0,3.24,Matchs
704,Mattia Destro,it ITA,"AT,MT",Empoli,it Serie A,31,1991,6.4,21.7,0.94,1.88,9.22,10.6,04.06,21.7,1.25,0.63,50.0,0.63,50.0,12.3,44.7,16.9,0.63,0.16,0.47,2.19,0.78,15.9,3.13,Matchs
705,Gerard Deulofeu,es ESP,AT,Udinese,it Serie A,28,1994,13.5,53.7,0.37,3.26,21.9,29.6,06.07,53.7,3.33,1.48,44.4,1.56,46.7,33.7,235.3,148.5,5.33,2.89,2.44,1.63,1.33,37.5,8.74,Matchs
706,Kiernan Dewsbury-Hall,eng ENG,MT,Leicester City,eng Premier League,23,1998,25.6,58.2,1.88,10.9,31.1,17.3,1.95,58.2,2.89,1.56,54.1,01.02,35.1,35.3,203.8,100.0,2.66,1.41,0.63,2.85,1.25,40.5,3.55,Matchs
707,Samuel Di Carmine,it ITA,"AT,MT",Cremonese,it Serie A,33,1988,0.3,30.0,0.00,0.00,13.3,16.7,6.67,30.0,3.33,3.33,100.0,0.00,0.0,20.0,103.3,20.0,3.33,0.00,0.00,0.00,0.00,20.0,6.67,Matchs
708,Federico Di Francesco,it ITA,"AT,MT",Lecce,it Serie A,28,1994,22.6,33.0,0.62,3.89,12.7,16.9,3.63,33.0,2.17,0.75,34.7,1.19,55.1,19.8,121.5,61.4,2.21,1.19,0.80,2.48,1.24,22.1,7.83,Matchs
709,Michele Di Gregorio,it ITA,GB,Monza,it Serie A,25,1997,37.0,43.4,35.8,43.2,0.19,0.00,0.00,43.4,0.05,0.05,100.0,0.00,0.0,26.3,143.5,95.1,0.00,0.00,0.00,0.03,0.03,22.7,0.00,Matchs
710,Giovanni Di Lorenzo,it ITA,DF,Napoli,it Serie A,28,1993,36.2,81.7,2.87,19.8,40.8,21.8,2.60,81.7,0.91,0.33,36.4,0.47,51.5,50.9,219.6,121.9,02.02,1.71,0.11,0.58,0.47,58.5,05.03,Matchs
711,Ángel Di María,ar ARG,"AT,MT",Juventus,it Serie A,34,1988,15.1,56.4,0.13,4.70,24.6,28.2,03.05,56.3,5.30,2.12,40.0,2.72,51.3,36.6,254.2,120.1,3.71,2.85,0.86,2.12,1.72,42.4,6.29,Matchs
712,Boulaye Dia,sn SEN,"AT,MT",Salernitana,it Serie A,25,1996,28.0,31.6,1.11,04.04,15.3,13.0,2.68,31.6,3.14,1.25,39.8,1.39,44.3,21.8,144.0,55.2,1.71,1.68,0.46,2.54,2.18,24.0,5.00,Matchs
713,Moussa Diaby,fr FRA,"AT,MT",Leverkusen,de Bundesliga,23,1999,30.0,42.6,0.10,2.93,18.0,22.2,4.63,42.6,3.50,1.70,48.6,1.50,42.9,28.3,191.2,105.9,4.17,2.43,1.83,2.13,1.40,34.7,8.60,Matchs
714,Mouctar Diakhaby,gn GUI,DF,Valencia,es La Liga,25,1996,27.2,53.4,6.91,26.1,24.2,3.31,1.91,53.4,0.37,0.18,50.0,0.15,40.0,30.3,152.1,79.0,0.70,0.51,0.04,0.51,0.11,31.9,0.40,Matchs
715,Mamadou Diakhon,fr FRA,AT,Reims,fr Ligue 1,16,2005,0.2,50.0,0.00,10.0,20.0,20.0,5.00,50.0,10.0,5.00,50.0,5.00,50.0,30.0,175.0,120.0,5.00,0.00,0.00,10.0,0.00,20.0,5.00,Matchs
716,Bafodé Diakité,fr FRA,DF,Lille,fr Ligue 1,21,2001,29.5,74.2,2.85,18.5,42.4,13.9,1.32,74.2,01.02,0.64,63.3,0.27,26.7,53.2,256.7,126.0,1.46,1.49,0.24,0.95,0.51,49.5,2.27,Matchs
717,Ibrahim Diakité,gn GUI,DF,Reims,fr Ligue 1,18,2003,1.5,55.3,2.67,20.0,21.3,15.3,0.67,55.3,2.00,0.67,33.3,0.67,33.3,30.7,176.0,64.0,0.00,0.67,0.00,0.67,0.67,24.7,4.00,Matchs
718,Abdou Diallo,sn SEN,"DF,MT",RB Leipzig,de Bundesliga,26,1996,5.3,83.6,10.8,38.3,40.8,05.09,1.51,83.6,0.94,0.57,60.0,0.19,20.0,52.3,286.6,177.7,02.08,0.57,0.19,0.57,1.13,57.5,0.57,Matchs
719,Baila Diallo,fr FRA,"DF,MT",Clermont Foot,fr Ligue 1,21,2001,1.0,55.0,3.00,13.0,18.0,24.0,4.00,55.0,1.00,0.00,0.0,1.00,100.0,25.0,160.0,59.0,3.00,2.00,2.00,1.00,1.00,26.0,9.00,Matchs
720,Habib Diallo,sn SEN,AT,Strasbourg,fr Ligue 1,27,1995,32.0,31.5,01.06,2.81,13.4,15.4,6.00,31.3,2.22,0.91,40.8,1.22,54.9,20.8,121.2,40.2,1.25,0.88,0.63,3.69,01.09,24.0,6.34,Matchs
721,Ibrahima Diallo,fr FRA,MT,Southampton,eng Premier League,23,1999,9.1,54.8,1.98,14.1,33.8,8.13,0.44,54.8,1.43,0.88,61.5,0.55,38.5,31.5,158.8,78.0,0.99,0.44,0.00,1.76,0.99,32.3,0.66,Matchs
722,Ismael Diallo,ci CIV,DF,Ajaccio,fr Ligue 1,25,1997,24.2,54.1,3.93,21.4,26.2,7.31,0.12,54.1,1.40,0.58,41.2,0.58,41.2,34.4,199.2,91.4,1.49,1.36,0.00,1.45,0.41,28.2,1.49,Matchs
723,Mamady Diarra,ml MLI,"MT,DF",Cádiz,es La Liga,22,2000,0.7,30.0,0.00,8.57,12.9,8.57,4.29,30.0,4.29,1.43,33.3,2.86,66.7,20.0,120.0,78.6,4.29,0.00,1.43,1.43,1.43,12.9,0.00,Matchs
724,Mouhamadou Diarra,fr FRA,"MT,AT",Strasbourg,fr Ligue 1,18,2004,18.1,47.9,0.66,7.29,22.8,18.6,2.27,47.9,3.43,1.38,40.3,1.38,40.3,35.9,235.9,118.5,3.76,2.43,0.99,02.04,1.16,31.7,4.92,Matchs
725,Moussa Diarra,ml MLI,DF,Toulouse,fr Ligue 1,21,2000,13.6,58.0,4.12,21.8,25.3,11.3,0.59,58.0,1.76,0.66,37.5,0.96,54.2,40.1,234.4,108.8,1.54,1.62,0.07,1.69,0.37,36.0,3.16,Matchs
Clt,Joueur,Nation,Pos,Équipe,Comp,Âge,Naissance,90,Touches,SurfRépDéf,ZDéf,MilTer,ZOff,SurfRépOff,Action de jeu,Att,Succ,Succ%,Tkld,Tkld%,Balle au pied,TotDist,DistBut,PrgC,1/3,CSR,Manqué,Perte,Rec,PrgR,Matchs
726,Stéphane Diarra,fr FRA,"AT,MT",Lorient,fr Ligue 1,23,1998,11.8,44.5,1.61,10.4,17.3,18.5,3.39,44.5,6.61,02.03,30.8,3.81,57.7,32.3,245.8,128.5,3.39,2.12,1.69,2.71,1.19,25.9,7.20,Matchs
727,Youba Diarra,ml MLI,MT,Cádiz,es La Liga,24,1998,1.1,60.0,09.09,24.5,37.3,0.91,0.00,60.0,0.00,0.00,,0.00,,30.0,114.5,65.5,0.91,0.00,0.00,1.82,3.64,30.0,0.91,Matchs
728,Rúben Dias,pt POR,DF,Manchester City,eng Premier League,25,1997,22.2,100.8,7.93,39.7,57.7,3.74,0.99,100.8,0.45,0.36,80.0,0.05,10.0,67.4,369.1,226.4,0.63,0.99,0.05,0.05,0.18,80.7,0.09,Matchs
729,Krépin Diatta,sn SEN,"MT,AT",Monaco,fr Ligue 1,23,1999,23.0,44.0,0.57,04.04,16.0,24.3,3.83,44.0,2.65,1.39,52.5,0.78,29.5,32.4,197.0,88.5,3.48,2.22,1.22,1.96,0.87,31.3,9.96,Matchs
730,Mory Diaw,sn SEN,GB,Clermont Foot,fr Ligue 1,29,1993,37.0,42.2,34.2,41.9,0.32,0.00,0.00,42.2,0.03,0.03,100.0,0.00,0.0,28.8,154.2,102.3,0.00,0.00,0.00,0.00,0.00,18.9,0.00,Matchs
731,Brahim Díaz,es ESP,"MT,AT",Milan,it Serie A,22,1999,21.4,46.3,0.28,2.94,25.1,19.3,03.04,46.3,04.02,1.82,45.3,1.87,46.5,32.3,216.0,117.4,3.74,3.18,0.79,3.46,2.24,35.7,5.42,Matchs
732,Luis Díaz,co COL,AT,Liverpool,eng Premier League,25,1997,11.1,55.7,0.36,4.23,22.3,30.3,6.94,55.7,5.86,2.88,49.2,2.25,38.5,39.6,265.2,117.4,3.51,2.79,1.98,2.70,3.33,45.0,10.5,Matchs
733,Justin Diehl,de GER,"MT,AT",Köln,de Bundesliga,17,2004,0.2,15.0,0.00,0.00,0.00,15.0,0.00,15.0,5.00,0.00,0.0,5.00,100.0,15.0,85.0,60.0,0.00,0.00,0.00,0.00,0.00,20.0,5.00,Matchs
734,Bamba Dieng,sn SEN,"AT,MT",Marseille,fr Ligue 1,22,2000,2.2,34.5,0.45,1.82,17.7,15.5,6.82,34.5,1.36,0.91,66.7,0.45,33.3,24.5,137.7,50.9,2.27,0.45,0.91,3.18,1.82,26.4,10.5,Matchs
735,Bamba Dieng,sn SEN,AT,Lorient,fr Ligue 1,22,2000,8.3,31.2,0.72,3.13,15.8,12.7,4.34,31.1,3.73,01.08,29.0,1.69,45.2,23.3,119.2,35.1,0.48,0.60,0.48,2.53,1.81,23.5,5.78,Matchs
736,Eric Dier,eng ENG,DF,Tottenham,eng Premier League,28,1994,31.3,72.7,11.8,42.6,27.7,2.68,0.80,72.7,0.19,0.10,50.0,0.06,33.3,43.7,197.5,91.1,0.29,0.29,0.03,0.32,0.10,51.1,0.45,Matchs
737,Florian Dietz,de GER,AT,Köln,de Bundesliga,23,1998,4.4,31.1,0.68,0.91,14.1,16.4,5.68,31.1,1.59,0.23,14.3,0.91,57.1,15.5,75.2,34.8,1.82,0.91,0.91,04.09,02.05,22.5,5.00,Matchs
738,Lucas Digne,fr FRA,DF,Aston Villa,eng Premier League,29,1993,16.7,65.6,3.83,21.9,23.7,20.5,1.44,65.6,01.08,0.18,16.7,0.66,61.1,33.1,141.5,75.6,1.74,0.84,0.12,0.96,0.72,37.4,5.33,Matchs
739,Federico Dimarco,it ITA,DF,Inter,it Serie A,24,1997,23.0,63.1,1.74,13.6,24.0,26.1,3.13,63.1,0.87,0.22,25.0,0.57,65.0,33.7,150.3,80.3,1.96,1.26,0.26,0.78,0.48,41.5,8.22,Matchs
740,Stole Dimitrievski,mk MKD,GB,Rayo Vallecano,es La Liga,28,1993,36.9,32.4,26.9,32.1,0.24,0.00,0.00,32.4,0.00,0.00,,0.00,,16.8,102.1,65.8,0.00,0.00,0.00,0.00,0.00,11.5,0.03,Matchs
741,Junior Dina Ebimbe,fr FRA,"DF,MT",Eint Frankfurt,de Bundesliga,21,2000,11.8,58.4,2.80,14.8,29.9,14.8,3.22,58.4,3.73,1.44,38.6,1.86,50.0,29.2,184.2,95.1,3.22,1.86,0.68,2.29,1.27,33.7,3.56,Matchs
742,Tristan Dingomé,cm CMR,MT,Troyes,fr Ligue 1,31,1991,1.1,80.0,0.00,8.18,37.3,34.5,4.55,80.0,1.82,0.91,50.0,0.91,50.0,60.0,239.1,111.8,0.91,0.91,0.91,0.91,0.91,55.5,3.64,Matchs
743,Eren Dinkçi,de GER,"AT,MT",Werder Bremen,de Bundesliga,20,2001,2.6,50.4,0.77,03.08,19.6,28.8,7.69,50.4,5.38,1.54,28.6,3.85,71.4,30.4,144.6,55.0,1.92,2.31,1.15,6.15,1.54,35.4,9.23,Matchs
744,Sinaly Diomande,ci CIV,DF,Lyon,fr Ligue 1,21,2001,21.7,78.8,5.53,31.9,41.6,5.53,0.65,78.8,0.92,0.46,50.0,0.23,25.0,57.2,293.8,153.3,0.46,0.92,0.00,0.92,0.23,52.9,0.37,Matchs
745,Lois Diony,fr FRA,AT,Angers,fr Ligue 1,29,1992,5.6,35.0,0.18,0.71,15.2,19.6,5.36,35.0,1.96,0.54,27.3,01.07,54.5,25.2,133.4,40.0,2.50,1.43,0.54,2.86,1.43,29.1,11.4,Matchs
746,Edan Diop,fr FRA,"DF,AT",Monaco,fr Ligue 1,17,2004,2.5,66.8,0.80,8.00,27.2,33.2,6.40,66.8,4.40,1.20,27.3,3.20,72.7,47.6,254.4,110.0,3.20,4.40,0.80,1.60,1.20,44.4,11.6,Matchs
747,Issa Diop,fr FRA,DF,Fulham,eng Premier League,25,1997,22.4,71.7,8.53,37.0,34.0,1.25,0.40,71.7,0.22,0.13,60.0,0.04,20.0,45.8,298.9,187.2,0.58,0.22,0.00,0.45,0.04,49.8,0.18,Matchs
748,Sofiane Diop,fr FRA,"MT,AT",Nice,fr Ligue 1,22,2000,13.6,64.4,01.03,9.78,31.7,23.8,2.50,64.4,3.60,1.62,44.9,1.76,49.0,51.1,330.1,138.8,04.04,2.57,0.74,2.87,1.54,46.9,6.69,Matchs
749,Sofiane Diop,fr FRA,MT,Monaco,fr Ligue 1,22,2000,0.7,68.6,0.00,0.00,20.0,50.0,7.14,68.6,7.14,1.43,20.0,4.29,60.0,47.1,364.3,181.4,7.14,7.14,4.29,4.29,4.29,45.7,14.3,Matchs
750,Yehvann Diouf,fr FRA,GB,Reims,fr Ligue 1,22,1999,31.0,36.7,29.5,36.5,0.23,0.00,0.00,36.7,0.06,0.06,100.0,0.00,0.0,27.2,132.2,75.7,0.00,0.00,0.00,0.06,0.00,17.5,0.00,Matchs
Clt,Joueur,Nation,Pos,Équipe,Comp,Âge,Naissance,90,Touches,SurfRépDéf,ZDéf,MilTer,ZOff,SurfRépOff,Action de jeu,Att,Succ,Succ%,Tkld,Tkld%,Balle au pied,TotDist,DistBut,PrgC,1/3,CSR,Manqué,Perte,Rec,PrgR,Matchs
751,Axel Disasi,fr FRA,DF,Monaco,fr Ligue 1,24,1998,37.0,62.0,6.32,22.5,35.8,4.35,1.38,61.9,0.78,0.57,72.4,0.22,27.6,44.9,306.2,183.2,1.73,1.22,0.14,0.49,0.46,40.1,0.46,Matchs
752,Tiago Djaló,pt POR,DF,Lille,fr Ligue 1,22,2000,22.4,79.5,7.72,34.1,43.6,2.54,0.80,79.5,0.63,0.22,35.7,0.27,42.9,62.9,328.1,175.6,0.40,0.67,0.04,0.22,0.36,56.8,0.18,Matchs
753,Djené,tg TOG,DF,Getafe,es La Liga,30,1991,31.6,44.9,3.70,19.0,22.7,3.80,0.35,44.9,0.89,0.57,64.3,0.09,10.7,23.9,113.4,54.6,0.35,0.54,0.00,0.70,0.47,23.6,0.63,Matchs
754,Moussa Djenepo,ml MLI,"DF,AT",Southampton,eng Premier League,24,1998,7.9,45.3,02.03,13.0,20.0,12.9,02.03,45.3,5.32,2.41,45.2,2.15,40.5,24.9,180.1,91.9,3.42,1.39,0.76,1.90,0.89,23.0,4.94,Matchs
755,Koffi Djidji,ci CIV,DF,Torino,it Serie A,29,1992,26.9,62.4,4.80,28.0,31.4,3.35,0.30,62.4,0.19,0.15,80.0,0.04,20.0,34.2,123.3,55.2,0.41,0.37,0.00,0.26,0.22,41.7,0.48,Matchs
756,Alexander Djiku,gh GHA,DF,Strasbourg,fr Ligue 1,27,1994,29.7,63.1,8.11,29.6,31.4,2.49,0.88,63.1,0.20,0.13,66.7,0.07,33.3,39.5,207.3,99.5,0.13,0.30,0.03,0.27,0.24,34.8,0.13,Matchs
757,Berat Djimsiti,al ALB,DF,Atalanta,it Serie A,29,1993,20.0,64.7,7.00,32.4,29.4,3.20,0.75,64.7,0.35,0.20,57.1,0.10,28.6,35.0,154.9,69.8,0.35,0.35,0.05,0.50,0.25,40.9,0.45,Matchs
758,Moussa Djitte,sn SEN,AT,Ajaccio,fr Ligue 1,22,1999,1.5,33.3,0.67,3.33,16.7,14.0,1.33,33.3,2.67,0.00,0.0,1.33,50.0,24.0,137.3,25.3,0.00,0.00,0.00,5.33,1.33,25.3,8.00,Matchs
759,Ouparine Djoco,gw GNB,GB,Clermont Foot,fr Ligue 1,24,1998,1.0,41.0,26.0,39.0,2.00,0.00,0.00,41.0,0.00,0.00,,0.00,,27.0,159.0,114.0,0.00,0.00,0.00,0.00,0.00,22.0,0.00,Matchs
760,Marko Dmitrović,rs SRB,GB,Sevilla,es La Liga,30,1992,14.1,38.3,32.3,38.2,0.07,0.00,0.00,38.3,0.00,0.00,,0.00,,19.0,103.1,56.2,0.00,0.07,0.00,0.07,0.00,14.8,0.00,Matchs
761,Alan Do Marcolino,ga GAB,AT,Rennes,fr Ligue 1,20,2002,0.2,15.0,5.00,5.00,10.0,0.00,0.00,15.0,0.00,0.00,,0.00,,20.0,75.0,10.0,0.00,0.00,0.00,0.00,5.00,20.0,0.00,Matchs
762,Ben Doak,sct SCO,AT,Liverpool,eng Premier League,16,2005,0.3,73.3,0.00,13.3,33.3,33.3,6.67,73.3,13.3,0.00,0.0,13.3,100.0,53.3,606.7,170.0,3.33,10.0,6.67,3.33,0.00,50.0,13.3,Matchs
763,Ritsu Doan,jp JPN,"MT,AT",Freiburg,de Bundesliga,24,1998,26.9,38.6,0.67,4.65,16.0,18.9,3.83,38.6,4.80,1.86,38.8,2.30,48.1,23.6,149.3,74.1,03.09,1.86,1.30,2.79,1.93,25.7,6.21,Matchs
764,Dodô,br BRA,DF,Fiorentina,it Serie A,23,1998,25.9,66.4,02.01,17.9,31.4,17.8,0.93,66.4,2.39,1.31,54.8,0.81,33.9,39.7,256.8,140.0,2.78,2.24,0.27,1.35,0.58,41.8,04.02,Matchs
765,Danilho Doekhi,nl NED,DF,Union Berlin,de Bundesliga,24,1998,24.6,49.1,4.72,22.9,22.5,04.02,1.10,49.1,0.28,0.12,42.9,0.04,14.3,26.0,121.7,59.8,0.61,0.37,0.04,0.33,0.12,28.6,0.85,Matchs
766,Matt Doherty,ie IRL,"DF,MT",Tottenham,eng Premier League,30,1992,7.4,67.6,3.65,19.5,24.9,23.2,3.24,67.6,1.62,0.68,41.7,0.54,33.3,33.4,128.8,59.9,2.16,0.68,0.27,1.62,0.41,41.4,7.70,Matchs
767,Matt Doherty,ie IRL,DF,Atlético Madrid,es La Liga,30,1992,0.2,55.0,0.00,30.0,15.0,10.0,0.00,55.0,0.00,0.00,,0.00,,30.0,75.0,25.0,0.00,0.00,0.00,0.00,0.00,30.0,5.00,Matchs
768,Josh Doig,sct SCO,DF,Hellas Verona,it Serie A,20,2002,15.0,47.0,1.80,12.7,18.4,17.1,1.80,47.0,3.60,1.53,42.6,1.47,40.7,22.4,155.0,70.9,2.73,1.60,0.33,2.20,01.07,24.0,04.07,Matchs
769,Jeremy Doku,be BEL,"MT,AT",Rennes,fr Ligue 1,20,2002,14.3,52.0,0.35,4.97,20.4,29.3,6.22,52.0,11.1,6.71,60.4,3.43,30.8,45.0,403.8,210.5,07.06,4.90,3.29,03.08,1.68,40.3,10.9,Matchs
770,Kasper Dolberg,dk DEN,AT,Sevilla,es La Liga,24,1997,2.2,20.9,2.27,3.18,10.5,7.73,2.27,20.9,1.36,0.45,33.3,0.00,0.0,12.7,91.8,34.1,0.91,0.91,0.00,1.36,0.91,14.1,04.09,Matchs
771,Kasper Dolberg,dk DEN,"AT,MT",Hoffenheim,de Bundesliga,24,1997,4.5,32.9,2.22,5.11,12.4,15.8,3.56,32.9,1.78,0.67,37.5,0.89,50.0,18.2,98.7,35.1,0.89,1.56,0.44,5.33,1.33,21.3,4.44,Matchs
772,Carlos Dominguez,es ESP,DF,Celta Vigo,es La Liga,21,2001,1.2,38.3,9.17,26.7,12.5,0.83,0.00,38.3,0.83,0.83,100.0,0.00,0.0,16.7,75.8,25.0,0.00,0.00,0.00,0.00,0.83,15.0,0.00,Matchs
773,Nicolás Domínguez,ar ARG,MT,Bologna,it Serie A,24,1998,25.6,66.5,1.84,12.0,38.7,16.4,1.45,66.5,1.45,0.90,62.2,0.47,32.4,35.5,152.7,70.4,1.52,1.60,0.20,1.95,0.82,45.7,3.28,Matchs
774,John Donald,es ESP,"MT,DF",Elche,es La Liga,21,2000,12.1,44.8,04.05,19.5,22.6,2.73,0.58,44.8,0.58,0.41,71.4,0.17,28.6,25.9,121.2,50.3,0.25,0.17,0.00,1.16,0.25,26.3,0.17,Matchs
775,Giulio Donati,it ITA,DF,Monza,it Serie A,32,1990,4.7,74.3,5.53,32.1,33.8,9.36,0.21,74.3,0.64,0.21,33.3,0.43,66.7,46.6,217.4,98.3,0.85,1.28,0.00,0.64,0.21,55.1,1.70,Matchs
Clt,Joueur,Nation,Pos,Équipe,Comp,Âge,Naissance,90,Touches,SurfRépDéf,ZDéf,MilTer,ZOff,SurfRépOff,Action de jeu,Att,Succ,Succ%,Tkld,Tkld%,Balle au pied,TotDist,DistBut,PrgC,1/3,CSR,Manqué,Perte,Rec,PrgR,Matchs
776,Kyliane Dong,fr FRA,"MT,AT",Troyes,fr Ligue 1,17,2004,2.4,32.1,0.00,2.92,13.3,17.1,3.33,32.1,4.58,02.08,45.5,1.67,36.4,25.4,225.4,116.7,5.00,3.33,1.67,3.75,1.67,25.0,7.50,Matchs
777,Jordan Dongmo,cm CMR,MT,Troyes,fr Ligue 1,21,2001,0.2,65.0,0.00,0.00,45.0,20.0,0.00,65.0,5.00,0.00,0.0,5.00,100.0,55.0,185.0,35.0,0.00,0.00,0.00,5.00,5.00,55.0,0.00,Matchs
778,Gianluigi Donnarumma,it ITA,GB,Paris S-G,fr Ligue 1,23,1999,37.9,26.9,24.0,26.8,0.16,0.00,0.00,26.9,0.03,0.03,100.0,0.00,0.0,18.3,81.2,50.0,0.00,0.00,0.00,0.00,0.00,11.8,0.00,Matchs
779,Niklas Dorsch,de GER,MT,Augsburg,de Bundesliga,24,1998,5.4,43.9,4.44,17.6,22.4,5.00,0.00,43.9,1.48,0.93,62.5,0.56,37.5,18.3,97.4,41.3,0.37,0.19,0.00,0.19,0.93,18.5,0.00,Matchs
780,Gabriel Dos Santos,br BRA,DF,Arsenal,eng Premier League,24,1997,37.9,73.2,8.10,30.4,37.4,5.67,1.40,73.2,0.08,0.05,66.7,0.00,0.0,46.1,231.7,144.4,0.47,1.13,0.08,0.50,0.11,51.0,0.42,Matchs
781,Jodel Dossou,bj BEN,"MT,DF",Clermont Foot,fr Ligue 1,30,1992,2.9,34.8,0.34,4.48,13.8,17.6,3.10,34.8,7.24,2.76,38.1,3.45,47.6,23.1,153.8,73.8,2.76,1.38,0.69,2.76,1.72,22.1,7.93,Matchs
782,Lohann Doucet,fr FRA,"MT,AT",Nantes,fr Ligue 1,19,2002,1.0,92.0,5.00,20.0,59.0,14.0,1.00,92.0,2.00,1.00,50.0,1.00,50.0,63.0,355.0,201.0,2.00,3.00,0.00,0.00,0.00,54.0,1.00,Matchs
783,Abdoulaye Doucouré,ml MLI,MT,Everton,eng Premier League,29,1993,17.0,41.9,01.06,9.18,19.2,14.2,2.65,41.9,1.94,1.18,60.6,0.65,33.3,21.8,99.4,52.7,1.35,0.94,0.41,1.59,0.76,25.9,3.88,Matchs
784,Cheick Doucouré,ml MLI,MT,Crystal Palace,eng Premier League,22,2000,30.8,51.2,03.05,14.4,29.0,8.28,0.49,51.2,0.68,0.49,71.4,0.19,28.6,24.7,122.1,57.2,0.58,0.81,0.03,0.91,0.65,28.7,0.55,Matchs
785,Ckene Doucouré,ml MLI,"AT,MT",Lorient,fr Ligue 1,20,2002,1.5,57.3,0.00,5.33,23.3,29.3,8.00,57.3,10.0,4.67,46.7,4.00,40.0,43.3,340.7,129.3,3.33,1.33,0.67,9.33,4.00,47.3,13.3,Matchs
786,Désiré Doué,fr FRA,"MT,AT",Rennes,fr Ligue 1,17,2005,12.4,52.5,0.81,4.92,28.3,20.5,2.74,52.5,6.37,3.87,60.8,1.85,29.1,40.5,273.9,121.6,3.15,2.66,0.73,2.66,2.58,37.3,6.69,Matchs
787,Guela Doué,fr FRA,"AT,MT",Rennes,fr Ligue 1,19,2002,0.1,110.0,0.00,20.0,60.0,30.0,0.00,110.0,0.00,0.00,,0.00,,80.0,360.0,90.0,0.00,0.00,0.00,0.00,0.00,80.0,0.00,Matchs
788,Ismaël Doukouré,fr FRA,"DF,MT",Strasbourg,fr Ligue 1,19,2003,25.5,52.5,3.33,18.3,30.7,4.24,0.12,52.5,1.76,1.14,64.4,0.47,26.7,37.4,225.0,105.2,01.06,0.98,0.08,0.82,0.78,32.5,0.78,Matchs
789,Kamory Doumbia,ml MLI,MT,Reims,fr Ligue 1,19,2003,12.8,55.3,01.09,7.27,28.8,19.8,2.89,55.2,2.81,1.41,50.0,1.25,44.4,41.9,242.0,103.0,2.27,1.64,0.23,2.66,1.56,38.0,6.41,Matchs
790,Souleyman Doumbia,ci CIV,"DF,AT",Angers,fr Ligue 1,25,1996,19.9,59.4,2.61,17.1,29.4,13.9,01.01,59.4,3.87,1.36,35.1,1.91,49.4,39.5,255.1,128.4,2.61,2.16,0.55,1.41,0.50,35.3,4.77,Matchs
791,Flynn Downes,eng ENG,MT,West Ham,eng Premier League,23,1999,8.5,47.6,1.65,8.71,31.2,8.00,0.59,47.6,0.24,0.12,50.0,0.00,0.0,26.4,122.5,42.8,0.35,0.59,0.12,1.29,0.71,32.5,1.29,Matchs
792,Kami Doyle,eng ENG,MT,Southampton,eng Premier League,16,2005,0.1,60.0,0.00,20.0,30.0,10.0,0.00,60.0,10.0,0.00,0.0,10.0,100.0,40.0,120.0,10.0,0.00,0.00,0.00,0.00,10.0,70.0,0.00,Matchs
793,Bartłomiej Drągowski,pl POL,GB,Spezia,it Serie A,24,1997,32.7,38.7,31.4,38.5,0.21,0.00,0.00,38.7,0.00,0.00,,0.00,,23.1,123.6,75.6,0.00,0.00,0.00,0.00,0.00,19.8,0.00,Matchs
794,Cody Drameh,eng ENG,DF,Leeds United,eng Premier League,20,2001,0.8,55.0,1.25,8.75,32.5,13.8,0.00,55.0,1.25,1.25,100.0,0.00,0.0,21.3,60.0,12.5,0.00,1.25,0.00,1.25,1.25,28.8,3.75,Matchs
795,Dion Drena Beljo,hr CRO,AT,Augsburg,de Bundesliga,20,2002,12.5,29.7,1.44,3.60,15.2,11.2,2.32,29.7,1.20,0.56,46.7,0.48,40.0,14.7,76.1,23.3,1.12,0.56,0.32,2.64,1.84,22.0,3.36,Matchs
796,Dominick Drexler,de GER,"MT,AT",Schalke 04,de Bundesliga,32,1990,15.2,41.3,1.32,7.43,20.0,14.7,2.70,41.3,1.38,0.66,47.6,0.59,42.9,21.3,102.4,45.8,1.12,1.12,0.13,1.45,1.18,24.6,4.54,Matchs
797,Domingos Duarte,pt POR,DF,Getafe,es La Liga,27,1995,29.5,42.2,06.03,22.9,18.2,1.19,0.75,42.2,0.20,0.17,83.3,0.03,16.7,19.8,91.7,41.7,0.20,0.07,0.00,0.20,0.10,21.1,0.00,Matchs
798,Martin Dúbravka,sk SVK,GB,Newcastle Utd,eng Premier League,33,1989,1.7,34.7,32.4,34.7,0.00,0.00,0.00,34.7,0.00,0.00,,0.00,,22.4,111.8,60.6,0.00,0.00,0.00,0.00,0.00,13.5,0.00,Matchs
799,Marvin Ducksch,de GER,AT,Werder Bremen,de Bundesliga,28,1994,31.7,39.5,1.58,3.66,14.6,21.3,4.70,39.4,1.20,0.47,39.5,0.63,52.6,18.2,64.2,26.8,0.98,0.47,0.76,1.99,0.50,24.0,6.78,Matchs
800,Ondrej Duda,sk SVK,MT,Hellas Verona,it Serie A,27,1994,11.8,48.6,1.69,7.29,30.8,11.1,0.93,48.6,2.88,1.69,58.8,0.68,23.5,26.4,156.8,59.4,1.27,1.19,0.00,1.19,1.44,25.6,1.86,Matchs
Clt,Joueur,Nation,Pos,Équipe,Comp,Âge,Naissance,90,Touches,SurfRépDéf,ZDéf,MilTer,ZOff,SurfRépOff,Action de jeu,Att,Succ,Succ%,Tkld,Tkld%,Balle au pied,TotDist,DistBut,PrgC,1/3,CSR,Manqué,Perte,Rec,PrgR,Matchs
801,Ondrej Duda,sk SVK,MT,Köln,de Bundesliga,27,1994,7.7,46.8,0.65,4.81,26.6,15.6,1.82,46.8,2.73,1.17,42.9,1.43,52.4,28.6,150.3,58.4,1.56,1.17,0.39,02.08,1.69,31.3,4.29,Matchs
802,Shane Duffy,ie IRL,"DF,AT",Fulham,eng Premier League,30,1992,0.2,110.0,15.0,65.0,45.0,5.00,5.00,110.0,5.00,5.00,100.0,0.00,0.0,45.0,205.0,90.0,0.00,0.00,0.00,5.00,0.00,60.0,0.00,Matchs
803,Rémy Dugimont,fr FRA,"AT,MT",Auxerre,fr Ligue 1,36,1986,1.3,63.1,3.85,10.8,20.8,32.3,03.08,63.1,0.77,0.00,0.0,0.77,100.0,46.2,256.2,100.0,1.54,1.54,0.00,1.54,0.77,46.2,9.23,Matchs
804,Denzel Dumfries,nl NED,DF,Inter,it Serie A,26,1996,24.6,51.3,1.71,10.8,22.4,19.0,04.02,51.3,2.11,0.73,34.6,0.93,44.2,27.4,160.2,78.4,2.52,1.30,0.93,1.59,0.81,31.9,6.99,Matchs
805,Alfred Duncan,gh GHA,MT,Fiorentina,it Serie A,29,1993,12.3,51.5,0.81,7.48,30.2,14.6,0.73,51.5,1.87,0.98,52.2,0.65,34.8,28.3,138.6,63.9,1.46,1.30,0.33,1.38,1.14,35.3,2.44,Matchs
806,Lewis Dunk,eng ENG,DF,Brighton,eng Premier League,30,1991,36.0,96.1,11.9,46.3,47.6,2.69,0.94,96.1,0.14,0.11,80.0,0.00,0.0,63.7,316.9,175.8,0.53,0.58,0.00,0.36,0.14,71.8,0.14,Matchs
807,Maxime Dupé,fr FRA,GB,Toulouse,fr Ligue 1,29,1993,38.0,36.1,28.0,35.9,0.18,0.03,0.03,36.1,0.05,0.05,100.0,0.00,0.0,24.8,135.5,88.5,0.00,0.00,0.00,0.05,0.00,18.1,0.00,Matchs
808,Jhon Durán,co COL,"AT,MT",Aston Villa,eng Premier League,18,2003,1.5,38.0,2.00,2.00,17.3,19.3,4.00,38.0,1.33,0.67,50.0,0.67,50.0,22.0,136.7,82.0,2.67,3.33,0.67,5.33,2.00,27.3,8.67,Matchs
809,Pablo Durán,es ESP,"MT,DF",Celta Vigo,es La Liga,21,2001,0.4,72.5,7.50,20.0,25.0,27.5,0.00,72.5,7.50,2.50,33.3,5.00,66.7,35.0,135.0,12.5,0.00,0.00,0.00,0.00,0.00,40.0,7.50,Matchs
810,Julien Duranville,be BEL,MT,Dortmund,de Bundesliga,16,2006,0.3,66.7,0.00,6.67,10.0,50.0,0.00,66.7,10.0,10.0,100.0,0.00,0.0,53.3,770.0,253.3,13.3,0.00,0.00,3.33,0.00,56.7,13.3,Matchs
811,Hugo Duro,es ESP,AT,Valencia,es La Liga,22,1999,15.4,28.0,0.71,1.88,12.1,14.1,4.74,27.9,0.84,0.13,15.4,0.52,61.5,14.9,45.7,23.2,0.58,0.39,0.39,02.01,1.23,20.7,4.35,Matchs
812,Jean-Kevin Duverne,ht HAI,DF,Brest,fr Ligue 1,25,1997,27.9,63.6,3.44,17.4,31.8,15.6,0.65,63.6,2.33,0.93,40.0,01.08,46.2,39.4,257.8,141.9,2.87,2.54,0.36,1.40,0.72,35.1,4.80,Matchs
813,Paulo Dybala,ar ARG,"MT,AT",Roma,it Serie A,28,1993,19.3,56.4,0.10,4.40,28.1,24.8,04.04,56.2,3.32,1.40,42.2,1.40,42.2,35.7,214.6,94.1,2.90,2.23,01.04,3.21,1.66,40.7,5.65,Matchs
814,Edin Džeko,ba BIH,AT,Inter,it Serie A,36,1986,19.2,39.0,1.56,3.49,18.3,17.8,5.89,39.0,1.35,0.42,30.8,0.73,53.8,20.8,106.6,37.8,1.67,0.63,0.78,2.50,0.83,30.6,7.81,Matchs
815,Malcolm Ebiowei,eng ENG,"MT,AT",Crystal Palace,eng Premier League,18,2003,0.4,52.5,0.00,2.50,20.0,30.0,5.00,52.5,12.5,5.00,40.0,7.50,60.0,35.0,267.5,75.0,5.00,2.50,0.00,12.5,0.00,37.5,22.5,Matchs
816,Festy Ebosele,ie IRL,DF,Udinese,it Serie A,19,2002,4.6,50.7,3.48,13.9,17.8,21.1,2.83,50.7,7.83,4.13,52.8,2.83,36.1,28.0,270.0,140.0,5.87,3.91,1.30,3.70,1.96,27.2,4.78,Matchs
817,Enzo Ebosse,cm CMR,DF,Udinese,it Serie A,23,1999,10.3,64.8,4.95,28.3,29.7,6.99,0.00,64.8,0.68,0.39,57.1,0.10,14.3,32.8,154.7,84.3,01.07,0.68,0.10,0.78,0.29,37.2,1.94,Matchs
818,Tyronne Ebuehi,ng NGA,DF,Empoli,it Serie A,26,1995,21.4,50.9,4.91,21.1,20.4,9.81,1.31,50.9,1.21,0.51,42.3,0.42,34.6,26.1,139.1,69.3,1.45,0.98,0.23,0.75,0.65,28.2,1.96,Matchs
819,Ederson,br BRA,GB,Manchester City,eng Premier League,28,1993,35.0,37.2,30.0,37.0,0.26,0.00,0.00,37.2,0.00,0.00,,0.00,,24.8,116.0,69.4,0.00,0.00,0.00,0.00,0.00,23.8,0.00,Matchs
820,Éderson,br BRA,MT,Atalanta,it Serie A,23,1999,24.6,59.1,02.03,13.8,31.6,14.4,1.87,59.1,2.68,1.50,56.1,0.98,36.4,34.2,168.0,82.4,1.50,1.42,0.45,1.95,1.22,39.2,2.52,Matchs
821,Odsonne Édouard,fr FRA,AT,Crystal Palace,eng Premier League,24,1998,20.0,33.6,1.25,3.40,15.8,14.7,4.75,33.6,2.30,0.80,34.8,1.40,60.9,17.7,81.8,31.6,1.45,01.05,01.05,3.00,2.55,23.9,5.00,Matchs
822,Samuel Edozie,eng ENG,"AT,MT",Southampton,eng Premier League,19,2003,6.3,44.1,0.63,7.62,13.7,23.5,05.08,44.1,5.87,1.90,32.4,2.54,43.2,29.0,246.2,117.6,4.13,3.33,02.06,3.81,1.90,29.8,6.19,Matchs
823,Maximilian Eggestein,de GER,MT,Freiburg,de Bundesliga,25,1996,27.2,40.4,1.40,8.64,22.0,10.1,1.25,40.4,0.59,0.33,56.3,0.18,31.3,18.2,88.1,36.4,0.74,0.85,0.07,0.77,0.85,21.4,1.69,Matchs
824,Lilian Egloff,de GER,"MT,AT",Stuttgart,de Bundesliga,19,2002,2.7,41.9,0.37,5.56,14.8,21.5,5.19,41.9,1.85,1.11,60.0,0.37,20.0,23.0,120.4,48.5,2.96,1.11,1.11,3.70,1.85,25.2,8.15,Matchs
825,Íñigo Eguaras,es ESP,MT,Almería,es La Liga,30,1992,10.7,57.4,2.43,16.3,34.5,07.01,0.28,57.4,0.47,0.37,80.0,0.09,20.0,33.1,137.9,66.0,0.75,0.75,0.00,0.65,0.37,40.5,0.65,Matchs
Clt,Joueur,Nation,Pos,Équipe,Comp,Âge,Naissance,90,Touches,SurfRépDéf,ZDéf,MilTer,ZOff,SurfRépOff,Action de jeu,Att,Succ,Succ%,Tkld,Tkld%,Balle au pied,TotDist,DistBut,PrgC,1/3,CSR,Manqué,Perte,Rec,PrgR,Matchs
826,Kingsley Ehizibue,nl NED,DF,Udinese,it Serie A,27,1995,17.1,45.6,2.98,15.6,16.5,13.8,1.81,45.6,2.51,0.82,32.6,1.11,44.2,23.4,135.8,59.6,1.70,0.94,0.41,1.17,0.64,23.8,04.04,Matchs
827,Kingsley Ehizibue,nl NED,DF,Köln,de Bundesliga,27,1995,0.7,47.1,1.43,17.1,20.0,10.0,0.00,47.1,1.43,0.00,0.0,1.43,100.0,21.4,94.3,44.3,1.43,2.86,0.00,2.86,0.00,25.7,4.29,Matchs
828,Julian Eitschberger,de GER,AT,Hertha BSC,de Bundesliga,18,2004,0.0,2,0,1,0,1,0,2,0,0,,0,,0,0,0,0,0,0,0,0,0,0,Matchs
829,Chidera Ejuke,ng NGA,"AT,MT",Hertha BSC,de Bundesliga,24,1998,9.9,43.8,0.20,3.43,22.8,19.8,3.23,43.8,9.80,4.75,48.5,04.04,41.2,30.6,255.9,112.4,3.84,2.12,1.82,3.23,02.02,31.1,6.77,Matchs
830,Albin Ekdal,se SWE,MT,Spezia,it Serie A,33,1989,19.3,51.8,2.54,13.3,28.5,10.8,1.76,51.8,0.98,0.62,63.2,0.26,26.3,25.7,123.4,48.1,0.78,1.24,0.10,1.66,0.88,29.3,1.81,Matchs
831,Hugo Ekitike,fr FRA,AT,Paris S-G,fr Ligue 1,20,2002,12.8,37.0,0.39,2.50,15.8,19.5,4.92,37.0,03.05,1.25,41.0,1.41,46.2,27.6,173.8,59.7,1.80,1.48,0.55,2.19,1.41,26.3,6.56,Matchs
832,Emmanuel Ekong,se SWE,"AT,MT",Empoli,it Serie A,20,2002,0.2,30.0,0.00,5.00,20.0,10.0,0.00,30.0,5.00,0.00,0.0,5.00,100.0,15.0,280.0,215.0,5.00,5.00,0.00,0.00,0.00,15.0,5.00,Matchs
833,Anthony Elanga,se SWE,AT,Manchester Utd,eng Premier League,20,2002,4.7,41.9,0.85,5.53,15.1,21.3,5.96,41.9,3.19,01.06,33.3,1.49,46.7,23.2,139.6,58.7,2.55,0.64,1.49,2.77,1.49,29.6,5.96,Matchs
834,Alberth Elis,hn HON,"MT,AT",Brest,fr Ligue 1,26,1996,2.9,27.9,1.72,6.21,11.0,12.8,02.07,27.9,3.79,0.69,18.2,2.41,63.6,20.7,207.9,94.8,2.76,3.10,01.03,1.38,1.72,16.9,6.55,Matchs
835,Mikael Ellertsson,is ISL,"MT,DF",Spezia,it Serie A,20,2002,1.9,31.6,1.58,5.79,16.3,10.0,0.00,31.6,1.58,0.53,33.3,0.53,33.3,11.1,110.0,42.1,1.58,01.05,0.00,01.05,01.05,13.2,2.11,Matchs
836,Harvey Elliott,eng ENG,"MT,AT",Liverpool,eng Premier League,19,2003,17.9,66.7,0.78,8.21,31.6,27.4,2.79,66.7,2.35,01.06,45.2,0.84,35.7,42.4,222.4,108.5,03.02,2.23,0.56,1.45,1.28,48.4,7.21,Matchs
837,Elif Elmas,mk MKD,"AT,MT",Napoli,it Serie A,22,1999,18.1,66.1,0.55,7.18,32.2,27.5,2.60,66.0,2.87,1.27,44.2,1.22,42.3,41.6,219.4,110.2,2.32,2.27,0.72,1.82,1.22,53.1,5.69,Matchs
838,Mohamed Elneny,eg EGY,MT,Arsenal,eng Premier League,30,1992,1.3,48.5,1.54,8.46,32.3,8.46,0.00,48.5,0.00,0.00,,0.00,,29.2,103.1,28.5,0.77,0.00,0.00,0.00,0.00,37.7,0.77,Matchs
839,Aritz Elustondo,es ESP,DF,Real Sociedad,es La Liga,28,1994,16.1,59.1,4.22,22.4,30.3,6.65,0.87,59.1,0.50,0.31,62.5,0.19,37.5,29.2,140.6,72.0,1.30,0.75,0.06,0.81,0.43,34.0,1.18,Matchs
840,Nico Elvedi,ch SUI,DF,M'Gladbach,de Bundesliga,25,1996,31.4,79.4,11.7,44.5,33.2,1.94,0.86,79.4,0.10,0.03,33.3,0.06,66.7,48.3,244.8,128.0,0.64,0.61,0.03,0.25,0.10,55.7,0.16,Matchs
841,Rodrigo Ely,br BRA,DF,Almería,es La Liga,28,1993,35.1,52.9,10.7,33.2,18.4,1.54,0.85,52.9,0.20,0.14,71.4,0.03,14.3,27.5,108.5,55.8,0.17,0.23,0.03,0.46,0.06,30.9,0.11,Matchs
842,Mohamed Elyounoussi,no NOR,"MT,AT",Southampton,eng Premier League,27,1994,24.1,39.5,2.49,8.46,16.6,15.0,2.24,39.5,1.99,01.04,52.1,0.83,41.7,20.1,130.3,60.7,2.32,1.70,0.50,1.58,1.58,22.1,04.07,Matchs
843,Adri Embarba,es ESP,"AT,MT",Almería,es La Liga,30,1992,16.4,52.7,0.85,7.62,19.8,26.5,2.56,52.7,07.07,2.87,40.5,3.41,48.3,31.0,236.9,111.6,3.78,2.87,0.85,2.99,1.89,31.5,07.01,Matchs
844,Adri Embarba,es ESP,AT,Espanyol,es La Liga,30,1992,0.4,37.5,5.00,5.00,20.0,15.0,2.50,37.5,12.5,7.50,60.0,2.50,20.0,17.5,122.5,90.0,2.50,2.50,0.00,5.00,0.00,15.0,5.00,Matchs
845,Breel Embolo,ch SUI,AT,Monaco,fr Ligue 1,25,1997,20.7,34.2,0.97,02.03,14.4,18.3,4.83,34.2,3.53,1.55,43.8,1.69,47.9,25.2,135.2,43.8,1.16,1.30,0.63,3.19,2.22,26.7,7.68,Matchs
846,Emerson,br BRA,DF,Tottenham,eng Premier League,23,1999,19.3,68.5,5.23,24.9,26.2,17.9,2.38,68.5,1.61,0.78,48.4,0.47,29.0,34.8,189.7,106.1,2.44,1.66,0.31,1.14,0.98,40.2,5.34,Matchs
847,Youssef En-Nesyri,ma MAR,AT,Sevilla,es La Liga,25,1997,18.5,23.7,01.03,2.38,10.1,11.4,5.57,23.7,1.24,0.22,17.4,0.86,69.6,10.3,50.1,19.9,0.86,0.27,0.76,2.49,0.49,15.5,3.84,Matchs
848,Wataru Endo,jp JPN,MT,Stuttgart,de Bundesliga,29,1993,32.5,57.6,3.32,15.6,31.2,11.7,1.69,57.6,1.69,0.86,50.9,0.62,36.4,30.6,137.5,67.4,0.98,1.17,0.15,1.69,1.60,37.4,02.06,Matchs
849,Arne Engels,be BEL,MT,Augsburg,de Bundesliga,18,2003,16.0,46.2,1.31,9.88,23.8,12.8,0.31,46.2,0.56,0.25,44.4,0.25,44.4,20.1,87.7,47.6,0.56,0.44,0.00,0.44,0.50,24.9,1.56,Matchs
850,Christian Eriksen,dk DEN,MT,Manchester Utd,eng Premier League,30,1992,22.8,72.1,1.89,11.8,40.1,20.4,1.54,72.1,0.75,0.35,47.1,0.39,52.9,42.4,153.5,77.0,01.01,01.05,0.13,01.05,0.83,53.5,2.89,Matchs
Clt,Joueur,Nation,Pos,Équipe,Comp,Âge,Naissance,90,Touches,SurfRépDéf,ZDéf,MilTer,ZOff,SurfRépOff,Action de jeu,Att,Succ,Succ%,Tkld,Tkld%,Balle au pied,TotDist,DistBut,PrgC,1/3,CSR,Manqué,Perte,Rec,PrgR,Matchs
851,Martin Erlic,hr CRO,DF,Sassuolo,it Serie A,24,1998,25.9,60.3,7.68,33.0,26.8,0.81,0.39,60.3,0.08,0.04,50.0,0.04,50.0,35.2,160.1,82.3,0.27,0.08,0.04,0.50,0.04,37.2,0.04,Matchs
852,Tjark Ernst,de GER,GB,Hertha BSC,de Bundesliga,19,2003,1.0,42.0,38.0,42.0,0.00,0.00,0.00,42.0,0.00,0.00,,0.00,,16.0,66.0,54.0,0.00,0.00,0.00,1.00,0.00,11.0,0.00,Matchs
853,Gonzalo Escalante,ar ARG,MT,Cremonese,it Serie A,29,1993,6.2,56.8,2.58,16.6,32.1,09.03,1.13,56.8,0.81,0.16,20.0,0.48,60.0,28.1,106.5,55.0,0.48,0.65,0.00,1.13,1.13,36.5,1.29,Matchs
854,Gonzalo Escalante,ar ARG,MT,Cádiz,es La Liga,29,1993,12.5,46.8,3.60,12.9,25.3,9.20,1.92,46.8,0.80,0.56,70.0,0.16,20.0,20.1,86.8,41.8,0.24,0.56,0.00,1.12,0.64,23.1,0.96,Matchs
855,Sergio Escudero,es ESP,DF,Valladolid,es La Liga,32,1989,16.0,58.6,3.81,20.0,23.2,15.9,1.00,58.6,01.06,0.44,41.2,0.56,52.9,22.7,104.5,50.9,01.06,1.00,0.19,0.81,0.50,27.2,2.31,Matchs
856,Alfonso Espino,uy URU,DF,Cádiz,es La Liga,30,1992,34.7,57.5,3.63,19.4,25.1,13.8,0.95,57.5,1.50,0.72,48.1,0.66,44.2,23.6,109.4,61.9,1.53,0.98,0.20,1.50,0.66,24.8,3.72,Matchs
857,Bernardo Espinosa,co COL,DF,Girona,es La Liga,33,1989,13.6,77.0,12.1,39.0,36.5,2.13,1.25,77.0,0.29,0.22,75.0,0.07,25.0,46.8,246.6,138.6,0.59,0.22,0.07,0.29,0.29,52.9,0.22,Matchs
858,Salvatore Esposito,it ITA,MT,Spezia,it Serie A,21,2000,10.8,68.2,1.94,16.2,37.9,14.4,0.65,68.2,1.30,0.56,42.9,0.37,28.6,32.8,120.0,54.1,0.37,0.28,0.09,0.93,0.37,43.1,01.02,Matchs
859,Maxime Estève,fr FRA,DF,Montpellier,fr Ligue 1,20,2002,18.3,51.6,7.98,28.1,22.3,1.48,0.66,51.6,0.33,0.22,66.7,0.11,33.3,33.2,172.3,91.1,0.49,0.22,0.00,0.22,0.22,28.5,0.05,Matchs
860,Pervis Estupiñán,ec ECU,DF,Brighton,eng Premier League,24,1998,29.7,74.4,2.76,17.0,36.2,21.9,2.39,74.4,1.41,0.64,45.2,0.61,42.9,43.5,206.5,115.8,03.06,1.85,0.51,1.28,0.98,48.3,6.16,Matchs
861,Jonny Evans,nir NIR,DF,Leicester City,eng Premier League,34,1988,11.7,77.4,11.7,40.5,36.2,0.77,0.17,77.4,0.00,0.00,,0.00,,45.2,189.6,103.1,0.51,0.34,0.00,0.43,0.00,53.8,0.00,Matchs
862,Edu Expósito,es ESP,MT,Espanyol,es La Liga,25,1996,12.9,53.4,2.17,9.61,25.5,18.8,1.55,53.4,1.78,0.85,47.8,0.54,30.4,27.8,136.0,69.8,1.47,1.16,0.16,1.94,01.01,33.2,4.57,Matchs
863,Eberechi Eze,eng ENG,"MT,AT",Crystal Palace,eng Premier League,24,1998,29.3,51.7,0.68,7.24,25.1,20.5,2.87,51.7,4.16,2.42,58.2,1.40,33.6,30.3,171.2,81.8,2.35,1.95,0.96,2.42,1.84,34.1,4.40,Matchs
864,Kimberly Ezekwem,de GER,DF,Freiburg,de Bundesliga,21,2001,0.1,90.0,10.0,30.0,60.0,0.00,0.00,90.0,0.00,0.00,,0.00,,50.0,510.0,170.0,0.00,0.00,0.00,0.00,0.00,40.0,20.0,Matchs
865,Nicolás Ezequiel Fernández,ar ARG,"MT,DF",Elche,es La Liga,22,2000,5.7,55.1,1.23,10.7,21.6,23.5,2.28,55.1,2.11,0.53,25.0,1.23,58.3,34.2,214.2,121.1,3.68,1.75,0.70,1.75,1.93,34.2,9.30,Matchs
866,Abdessamad Ezzalzouli,ma MAR,"AT,MT",Osasuna,es La Liga,20,2001,16.7,48.7,0.24,4.37,17.2,28.3,3.95,48.7,07.01,3.53,50.4,2.51,35.9,33.2,278.5,151.6,5.57,3.59,2.69,3.83,2.28,36.3,8.14,Matchs
867,Łukasz Fabiański,pl POL,GB,West Ham,eng Premier League,37,1985,34.6,29.0,25.2,28.9,0.14,0.00,0.00,29.0,0.00,0.00,,0.00,,14.6,96.2,62.0,0.00,0.00,0.00,0.09,0.00,10.1,0.00,Matchs
868,Fabinho,br BRA,MT,Liverpool,eng Premier League,28,1993,29.7,70.4,2.79,15.4,44.2,10.9,0.71,70.4,0.51,0.24,46.7,0.13,26.7,39.9,157.2,64.4,0.51,0.94,0.03,0.57,0.40,50.3,1.31,Matchs
869,Fábio,br BRA,"DF,MT",Nantes,fr Ligue 1,32,1990,2.5,59.6,4.00,12.8,25.6,21.2,1.60,59.6,1.60,0.40,25.0,1.20,75.0,34.8,163.6,76.4,1.60,2.40,0.00,1.60,0.40,32.0,7.20,Matchs
870,Noah Fadiga,sn SEN,DF,Brest,fr Ligue 1,22,1999,14.5,54.5,2.69,15.0,27.8,12.1,1.31,54.5,2.76,1.24,45.0,1.45,52.5,33.7,221.5,121.0,2.97,02.07,0.55,1.59,0.41,29.2,2.48,Matchs
871,Wout Faes,be BEL,DF,Leicester City,eng Premier League,24,1998,31.0,70.2,11.5,39.7,29.5,1.42,0.61,70.2,0.39,0.29,75.0,0.10,25.0,40.7,208.9,116.3,0.35,0.23,0.00,0.48,0.16,46.3,0.06,Matchs
872,Wout Faes,be BEL,DF,Reims,fr Ligue 1,24,1998,3.0,50.0,12.7,28.3,21.3,0.67,0.33,50.0,0.67,0.33,50.0,0.33,50.0,30.3,134.0,70.0,0.33,0.00,0.00,0.33,0.33,25.3,0.33,Matchs
873,Nicolò Fagioli,it ITA,MT,Juventus,it Serie A,21,2001,16.9,44.3,01.01,7.34,24.3,13.1,0.89,44.3,1.12,0.47,42.1,0.47,42.1,27.9,131.7,54.5,1.60,1.12,0.30,1.95,1.66,31.7,3.31,Matchs
874,Ralf Fährmann,de GER,GB,Schalke 04,de Bundesliga,33,1988,11.4,42.5,34.8,41.8,0.88,0.00,0.00,42.5,0.00,0.00,,0.00,,23.7,122.0,78.9,0.00,0.00,0.00,0.00,0.00,19.4,0.00,Matchs
875,Romain Faivre,fr FRA,"MT,AT",Lorient,fr Ligue 1,24,1998,13.8,49.9,0.36,5.14,24.8,20.9,3.12,49.9,6.38,3.48,54.5,1.96,30.7,40.4,327.8,167.4,5.58,04.06,1.23,2.17,0.65,37.7,4.78,Matchs
Clt,Joueur,Nation,Pos,Équipe,Comp,Âge,Naissance,90,Touches,SurfRépDéf,ZDéf,MilTer,ZOff,SurfRépOff,Action de jeu,Att,Succ,Succ%,Tkld,Tkld%,Balle au pied,TotDist,DistBut,PrgC,1/3,CSR,Manqué,Perte,Rec,PrgR,Matchs
876,Romain Faivre,fr FRA,MT,Lyon,fr Ligue 1,24,1998,3.3,65.5,0.30,4.55,33.9,28.8,1.82,65.5,06.06,0.91,15.0,4.85,80.0,48.5,363.0,164.5,4.24,3.64,0.30,1.21,0.91,46.4,4.85,Matchs
877,Radamel Falcao,co COL,"AT,MT",Rayo Vallecano,es La Liga,36,1986,6.8,39.9,1.76,03.09,15.6,21.5,5.59,39.7,2.35,0.29,12.5,1.91,81.3,22.1,80.7,17.9,0.29,0.74,0.29,4.26,1.32,30.0,7.79,Matchs
878,Wladimiro Falcone,it ITA,GB,Lecce,it Serie A,27,1995,38.0,33.5,27.8,33.3,0.13,0.00,0.00,33.5,0.00,0.00,,0.00,,17.4,111.9,60.6,0.00,0.00,0.00,0.03,0.00,11.4,0.00,Matchs
879,Fali,es ESP,"DF,MT",Cádiz,es La Liga,28,1993,19.0,40.3,5.74,20.0,18.5,02.05,0.79,40.3,0.26,0.11,40.0,0.11,40.0,20.6,114.2,70.4,0.47,0.16,0.00,0.42,0.05,21.5,0.53,Matchs
880,Fallou Fall,sn SEN,DF,Reims,fr Ligue 1,18,2004,0.4,50.0,15.0,45.0,5.00,0.00,0.00,50.0,0.00,0.00,,0.00,,30.0,315.0,47.5,0.00,2.50,0.00,0.00,0.00,27.5,0.00,Matchs
881,Mamadou Fall,sn SEN,DF,Villarreal,es La Liga,19,2002,0.3,73.3,6.67,26.7,33.3,13.3,0.00,73.3,3.33,0.00,0.0,3.33,100.0,33.3,130.0,53.3,0.00,0.00,0.00,3.33,0.00,26.7,0.00,Matchs
882,Davide Faraoni,it ITA,DF,Hellas Verona,it Serie A,30,1991,16.5,46.7,3.33,13.7,20.3,12.9,1.64,46.7,0.97,0.42,43.8,0.55,56.3,19.5,73.8,33.3,0.67,0.55,0.12,0.73,0.24,20.7,2.00,Matchs
883,Ansu Fati,es ESP,AT,Barcelona,es La Liga,19,2002,15.5,51.9,0.65,4.13,17.9,30.3,8.26,51.9,03.03,1.48,48.9,1.35,44.7,35.9,192.5,90.3,03.03,1.81,2.00,2.26,1.94,41.2,11.5,Matchs
884,Khalil Fayad,fr FRA,MT,Montpellier,fr Ligue 1,18,2004,8.0,54.8,1.38,12.4,34.3,9.13,0.63,54.8,2.00,1.00,50.0,0.50,25.0,39.8,215.5,82.4,1.13,1.50,0.13,1.88,0.88,34.8,1.38,Matchs
885,Cheikh Faye,sn SEN,AT,Montpellier,fr Ligue 1,23,1999,0.4,37.5,0.00,2.50,22.5,12.5,2.50,37.5,2.50,0.00,0.0,2.50,100.0,25.0,137.5,12.5,0.00,0.00,0.00,5.00,7.50,30.0,7.50,Matchs
886,Federico Fazio,ar ARG,DF,Salernitana,it Serie A,35,1987,11.9,57.1,07.06,26.7,26.0,4.87,1.43,57.1,0.67,0.34,50.0,0.34,50.0,29.2,126.6,73.7,01.09,0.92,0.08,0.92,0.42,30.1,0.34,Matchs
887,Jacopo Fazzini,it ITA,MT,Empoli,it Serie A,19,2003,9.2,51.7,2.17,14.7,23.5,14.3,1.63,51.7,3.37,1.41,41.9,1.63,48.4,27.7,147.3,60.0,1.20,1.52,0.00,2.50,2.61,31.7,4.35,Matchs
888,Zouhair Feddal,ma MAR,DF,Valladolid,es La Liga,33,1989,4.2,59.3,11.4,38.6,20.2,0.71,0.48,59.3,0.00,0.00,,0.00,,29.5,141.7,66.2,0.00,0.00,0.00,0.00,0.24,35.0,0.00,Matchs
889,Nabil Fekir,fr FRA,MT,Betis,es La Liga,29,1993,10.7,56.7,0.19,3.46,23.7,30.0,04.02,56.6,4.11,1.59,38.6,1.78,43.2,37.9,217.9,100.2,3.93,2.52,1.21,3.18,02.06,45.7,7.10,Matchs
890,Felipe,br BRA,DF,Nott'ham Forest,eng Premier League,33,1989,15.8,50.5,10.3,30.2,17.4,3.73,2.28,50.5,1.14,0.89,77.8,0.19,16.7,24.7,135.3,74.8,0.19,0.19,0.00,0.76,0.25,24.4,0.25,Matchs
891,Felipe,br BRA,DF,Atlético Madrid,es La Liga,33,1989,2.2,67.7,04.09,25.5,40.9,2.27,0.91,67.7,0.91,0.45,50.0,0.45,50.0,46.4,264.1,150.9,0.91,0.00,0.00,0.00,0.00,44.5,0.45,Matchs
892,Luiz Felipe,it ITA,DF,Betis,es La Liga,25,1997,19.6,57.7,9.29,30.7,25.9,1.17,0.36,57.7,0.46,0.26,55.6,0.20,44.4,29.9,133.9,61.8,0.05,0.05,0.00,0.46,0.00,33.9,0.00,Matchs
893,João Félix,pt POR,"AT,MT",Chelsea,eng Premier League,22,1999,10.5,47.3,0.00,2.86,21.2,23.7,4.38,47.3,5.71,2.10,36.7,2.67,46.7,31.0,199.2,104.7,3.24,3.81,0.86,2.10,0.76,38.0,7.52,Matchs
894,João Félix,pt POR,"AT,MT",Atlético Madrid,es La Liga,22,1999,7.2,44.7,0.42,3.19,21.9,19.7,2.92,44.7,3.33,0.83,25.0,1.94,58.3,29.3,149.7,76.9,2.36,2.22,0.28,2.78,1.67,36.1,5.83,Matchs
895,Ohis Felix Uduokhai,de GER,DF,Augsburg,de Bundesliga,24,1997,16.1,57.6,6.21,30.6,25.7,1.68,0.75,57.6,0.75,0.31,41.7,0.31,41.7,29.2,151.7,72.4,0.75,0.06,0.00,0.62,0.31,30.2,0.31,Matchs
896,Kiko Femenía,es ESP,DF,Villarreal,es La Liga,31,1991,12.6,69.6,3.25,23.7,29.9,16.7,0.63,69.6,01.03,0.48,46.2,0.32,30.8,40.3,219.3,116.0,2.86,2.14,0.08,0.63,0.71,45.2,3.73,Matchs
897,Evan Ferguson,ie IRL,AT,Brighton,eng Premier League,17,2004,10.6,32.5,0.94,2.55,15.6,14.6,3.68,32.5,1.32,0.75,57.1,0.47,35.7,19.2,83.4,29.2,01.04,0.38,0.75,2.74,1.89,24.2,5.47,Matchs
898,Lewis Ferguson,sct SCO,"MT,AT",Bologna,it Serie A,22,1999,25.7,57.3,1.71,10.6,30.9,16.1,2.68,57.3,0.97,0.35,36.0,0.47,48.0,32.3,135.7,56.8,1.21,1.44,0.27,1.28,0.62,43.9,4.44,Matchs
899,Bruno Fernandes,pt POR,"MT,AT",Manchester Utd,eng Premier League,27,1994,36.8,65.4,1.85,10.5,26.3,29.3,04.05,65.4,1.79,0.87,48.5,0.76,42.4,37.6,168.8,88.9,2.42,1.85,0.76,1.14,1.14,45.9,6.28,Matchs
900,Edimilson Fernandes,ch SUI,DF,Mainz 05,de Bundesliga,26,1996,27.1,54.8,5.83,24.8,24.6,6.13,0.22,54.8,0.92,0.63,68.0,0.15,16.0,28.3,134.1,66.1,0.55,0.44,0.11,0.55,0.52,27.3,0.85,Matchs
Clt,Joueur,Nation,Pos,Équipe,Comp,Âge,Naissance,90,Touches,SurfRépDéf,ZDéf,MilTer,ZOff,SurfRépOff,Action de jeu,Att,Succ,Succ%,Tkld,Tkld%,Balle au pied,TotDist,DistBut,PrgC,1/3,CSR,Manqué,Perte,Rec,PrgR,Matchs
901,Aitor Fernández,es ESP,GB,Osasuna,es La Liga,31,1991,21.0,40.3,33.4,39.8,0.52,0.00,0.00,40.3,0.00,0.00,,0.00,,21.1,105.6,72.1,0.00,0.00,0.00,0.05,0.00,16.0,0.00,Matchs
902,Álex Fernández,es ESP,"MT,AT",Cádiz,es La Liga,29,1992,17.5,48.6,2.17,9.94,27.5,11.3,1.43,48.5,0.63,0.29,45.5,0.23,36.4,27.5,127.2,56.2,01.09,1.20,0.17,01.03,1.37,33.3,1.49,Matchs
903,Álvaro Fernández,es ESP,GB,Espanyol,es La Liga,24,1998,11.0,34.7,26.9,34.1,0.64,0.00,0.00,34.7,0.00,0.00,,0.00,,15.8,95.7,64.9,0.00,0.00,0.00,0.00,0.09,11.3,0.00,Matchs
904,Carlos Fernández,es ESP,AT,Real Sociedad,es La Liga,26,1996,7.0,33.0,0.71,3.57,13.1,17.1,6.00,33.0,2.86,1.86,65.0,0.71,25.0,20.1,114.0,40.6,1.29,1.14,0.57,2.71,1.71,25.9,7.71,Matchs
905,Enzo Fernández,ar ARG,MT,Chelsea,eng Premier League,21,2001,17.2,94.0,2.62,20.4,58.1,16.3,0.52,94.0,1.86,0.99,53.1,0.76,40.6,63.8,276.6,117.6,1.28,1.63,0.06,1.45,0.76,73.1,01.05,Matchs
906,Federico Fernández,ar ARG,DF,Elche,es La Liga,33,1989,1.0,30.0,11.0,24.0,5.00,1.00,0.00,30.0,0.00,0.00,,0.00,,5.00,11.0,6.00,0.00,0.00,0.00,1.00,0.00,2.00,0.00,Matchs
907,Joaquín Fernández,es ESP,DF,Valladolid,es La Liga,26,1996,24.0,51.2,6.96,28.0,21.5,1.71,0.71,51.2,0.08,0.04,50.0,0.04,50.0,28.0,130.7,68.4,0.25,0.29,0.04,0.38,0.04,31.6,0.13,Matchs
908,Valery Fernández,es ESP,"MT,DF",Girona,es La Liga,22,1999,10.7,43.1,1.87,08.04,16.7,18.6,2.62,43.1,2.52,1.21,48.1,0.93,37.0,25.6,151.1,59.5,1.68,0.65,0.84,1.68,0.93,28.5,7.85,Matchs
909,Fernando,es ESP,GB,Almería,es La Liga,32,1990,36.5,38.6,34.8,38.4,0.16,0.00,0.00,38.6,0.03,0.03,100.0,0.00,0.0,19.3,104.0,64.2,0.00,0.00,0.00,0.00,0.00,14.7,0.00,Matchs
910,Fernando,br BRA,"MT,DF",Sevilla,es La Liga,35,1987,17.5,58.6,4.74,21.1,30.4,7.49,0.29,58.6,0.29,0.17,60.0,0.06,20.0,33.4,139.5,59.9,0.34,0.97,0.00,0.74,0.69,37.5,0.74,Matchs
911,Alex Ferrari,it ITA,DF,Sampdoria,it Serie A,28,1994,9.6,58.3,5.31,28.8,27.6,2.60,0.52,58.3,0.63,0.31,50.0,0.31,50.0,31.7,165.7,88.4,0.73,0.10,0.00,01.04,0.31,32.1,0.31,Matchs
912,Alex Ferrari,it ITA,DF,Cremonese,it Serie A,28,1994,11.2,53.9,4.82,26.9,23.9,3.66,0.09,53.9,0.71,0.36,50.0,0.36,50.0,25.5,108.7,44.0,0.18,0.27,0.00,0.71,0.09,24.5,0.45,Matchs
913,Salvador Ferrer,es ESP,DF,Spezia,it Serie A,24,1998,1.5,75.3,8.00,33.3,33.3,8.67,0.00,75.3,0.00,0.00,,0.00,,36.7,140.7,58.7,0.00,0.00,0.00,1.33,0.67,47.3,1.33,Matchs
914,Jordan Ferri,fr FRA,MT,Montpellier,fr Ligue 1,30,1992,30.4,73.6,1.94,17.8,46.1,10.6,0.33,73.6,1.81,0.66,36.4,0.72,40.0,58.7,300.8,137.3,1.22,1.55,0.07,1.41,1.45,53.0,1.38,Matchs
915,Fidel,es ESP,"MT,AT",Elche,es La Liga,32,1989,19.0,56.7,0.95,9.37,29.3,19.2,2.26,56.7,4.00,1.68,42.1,1.84,46.1,39.3,212.9,117.3,2.79,1.95,0.37,2.16,1.26,43.3,4.74,Matchs
916,Karol Fila,pl POL,DF,Strasbourg,fr Ligue 1,24,1998,0.5,92.0,2.00,6.00,38.0,50.0,10.0,92.0,0.00,0.00,,0.00,,72.0,474.0,382.0,8.00,2.00,4.00,2.00,0.00,64.0,8.00,Matchs
917,Vincenzo Fiorillo,it ITA,GB,Salernitana,it Serie A,32,1990,1.0,25.0,20.0,25.0,0.00,0.00,0.00,25.0,0.00,0.00,,0.00,,16.0,86.0,66.0,0.00,0.00,0.00,0.00,0.00,13.0,0.00,Matchs
918,Roberto Firmino,br BRA,"AT,MT",Liverpool,eng Premier League,30,1991,13.5,54.4,0.22,5.11,27.8,21.9,6.22,54.4,1.78,0.96,54.2,0.74,41.7,31.3,130.1,55.0,1.19,01.04,0.52,2.81,1.70,41.9,7.11,Matchs
919,Junior Firpo,es ESP,DF,Leeds United,eng Premier League,25,1996,15.2,52.1,3.16,18.8,24.2,9.61,0.86,52.1,0.99,0.39,40.0,0.59,60.0,23.2,96.4,51.6,1.32,01.05,0.07,0.59,0.59,24.1,2.24,Matchs
920,Kilian Fischer,de GER,"DF,AT",Wolfsburg,de Bundesliga,21,2000,5.6,58.4,2.86,20.2,24.5,13.9,1.25,58.4,01.07,0.54,50.0,0.54,50.0,28.6,129.6,63.4,01.07,0.89,0.36,0.71,0.18,31.6,3.75,Matchs
921,Mark Flekken,nl NED,GB,Freiburg,de Bundesliga,29,1993,34.0,45.6,36.3,45.2,0.50,0.00,0.00,45.6,0.09,0.09,100.0,0.00,0.0,27.7,165.8,92.9,0.00,0.00,0.00,0.00,0.00,21.7,0.00,Matchs
922,Florian Flick,de GER,MT,Schalke 04,de Bundesliga,22,2000,5.7,42.8,4.91,15.1,23.7,4.56,0.18,42.8,0.35,0.18,50.0,0.18,50.0,16.5,78.1,32.6,0.35,0.70,0.00,0.53,0.35,17.4,0.35,Matchs
923,Alexis Flips,fr FRA,"AT,MT",Reims,fr Ligue 1,22,2000,22.0,60.5,1.45,10.6,26.8,23.9,2.45,60.5,1.91,0.55,28.6,01.09,57.1,41.2,198.8,81.1,01.05,2.00,0.14,2.64,01.05,36.5,7.36,Matchs
924,Alessandro Florenzi,it ITA,DF,Milan,it Serie A,31,1991,2.3,84.8,1.30,18.3,35.7,30.9,4.35,84.8,0.43,0.00,0.0,0.43,100.0,44.8,147.8,56.1,0.43,0.43,0.00,1.30,0.00,49.1,8.26,Matchs
925,Phil Foden,eng ENG,AT,Manchester City,eng Premier League,22,2000,20.5,64.6,0.98,5.66,21.1,38.5,6.39,64.6,3.95,1.95,49.4,1.51,38.3,43.5,223.3,104.4,3.32,2.10,1.22,1.66,1.41,51.3,13.4,Matchs
Clt,Joueur,Nation,Pos,Équipe,Comp,Âge,Naissance,90,Touches,SurfRépDéf,ZDéf,MilTer,ZOff,SurfRépOff,Action de jeu,Att,Succ,Succ%,Tkld,Tkld%,Balle au pied,TotDist,DistBut,PrgC,1/3,CSR,Manqué,Perte,Rec,PrgR,Matchs
926,Seko Fofana,ci CIV,MT,Lens,fr Ligue 1,27,1995,34.1,63.4,0.94,7.10,36.3,20.8,3.17,63.4,3.20,1.73,54.1,1.17,36.7,54.9,340.3,139.7,3.43,2.79,0.94,1.79,1.23,51.7,6.83,Matchs
927,Wesley Fofana,fr FRA,DF,Leicester City,eng Premier League,21,2000,2.0,84.5,5.50,34.0,48.5,3.50,1.50,84.5,1.50,1.00,66.7,0.00,0.0,58.0,323.5,182.5,1.50,2.50,1.00,1.50,0.00,57.5,0.50,Matchs
928,Wesley Fofana,fr FRA,DF,Chelsea,eng Premier League,21,2000,13.1,77.3,7.40,32.4,38.9,6.49,0.76,77.3,0.99,0.61,61.5,0.08,7.7,52.4,320.4,190.0,2.21,1.53,0.08,0.69,0.46,56.1,0.92,Matchs
929,Yahia Fofana,ci CIV,GB,Angers,fr Ligue 1,21,2000,11.0,32.1,28.1,31.9,0.18,0.00,0.00,32.1,0.09,0.09,100.0,0.00,0.0,21.7,126.0,89.9,0.00,0.09,0.09,0.00,0.00,11.3,0.00,Matchs
930,Youssouf Fofana,fr FRA,MT,Monaco,fr Ligue 1,23,1999,34.3,61.7,1.72,10.3,39.1,13.2,01.08,61.7,2.65,1.34,50.5,1.17,44.0,46.6,272.0,138.6,2.36,2.62,0.26,1.40,1.20,41.3,02.07,Matchs
931,Thomas Foket,be BEL,DF,Reims,fr Ligue 1,27,1994,22.0,65.5,2.77,16.7,29.9,19.5,1.59,65.5,0.95,0.41,42.9,0.41,42.9,43.9,245.5,109.1,2.55,1.73,0.18,1.32,0.91,39.0,7.00,Matchs
932,José Fonte,pt POR,DF,Lille,fr Ligue 1,38,1983,28.8,76.6,09.03,33.9,39.6,3.30,01.01,76.6,0.14,0.10,75.0,0.00,0.0,57.9,296.7,158.5,0.24,0.63,0.00,0.28,0.07,54.6,0.28,Matchs
933,Pablo Fornals,es ESP,"AT,MT",West Ham,eng Premier League,26,1996,16.7,54.9,0.96,8.62,25.4,21.6,2.16,54.9,1.38,0.72,52.2,0.60,43.5,29.9,148.5,75.1,1.98,1.44,0.72,1.26,0.90,36.9,06.05,Matchs
934,Emil Forsberg,se SWE,"MT,AT",RB Leipzig,de Bundesliga,30,1991,16.5,40.7,0.30,2.73,20.1,18.2,1.70,40.6,1.76,0.91,51.7,0.79,44.8,26.1,119.9,51.8,1.21,1.76,0.18,1.70,0.73,30.1,4.67,Matchs
935,Adam Forshaw,eng ENG,MT,Leeds United,eng Premier League,30,1991,5.3,55.3,1.32,12.1,32.3,11.7,0.19,55.3,02.08,1.51,72.7,0.57,27.3,33.8,204.7,67.9,0.75,1.51,0.00,1.13,1.51,35.1,1.32,Matchs
936,Fraser Forster,eng ENG,GB,Tottenham,eng Premier League,34,1988,13.5,29.3,26.1,29.0,0.22,0.00,0.00,29.3,0.00,0.00,,0.00,,15.0,81.3,45.6,0.00,0.00,0.00,0.07,0.00,11.0,0.00,Matchs
937,Philipp Förster,de GER,MT,Bochum,de Bundesliga,27,1995,14.5,47.9,0.83,5.52,24.2,18.7,1.59,47.9,1.38,0.41,30.0,0.90,65.0,21.5,115.2,53.4,1.31,1.24,0.21,1.59,01.03,26.7,3.24,Matchs
938,Steven Fortes,cv CPV,DF,Lens,fr Ligue 1,30,1992,0.1,30.0,0.00,20.0,10.0,0.00,0.00,30.0,0.00,0.00,,0.00,,10.0,20.0,20.0,0.00,0.00,0.00,0.00,0.00,10.0,0.00,Matchs
939,Timothy Fosu-Mensah,nl NED,DF,Leverkusen,de Bundesliga,24,1998,2.1,65.7,1.43,16.2,31.0,18.6,1.43,65.7,0.48,0.00,0.0,0.48,100.0,20.0,82.9,51.9,1.43,0.95,0.00,1.43,0.48,41.4,3.81,Matchs
940,Dimitri Foulquier,fr FRA,DF,Valencia,es La Liga,29,1993,19.3,57.8,03.06,15.9,25.4,17.2,01.04,57.8,2.18,0.98,45.2,1.14,52.4,28.9,180.3,106.1,2.64,1.76,0.36,1.71,0.47,30.6,4.35,Matchs
941,Juan Foyth,ar ARG,DF,Villarreal,es La Liga,24,1998,21.8,70.9,5.00,23.7,35.9,12.1,0.96,70.9,2.20,1.24,56.3,0.83,37.5,35.7,208.1,121.9,2.16,1.65,0.05,0.96,0.69,41.1,0.83,Matchs
942,Raphael Framberger,de GER,"DF,AT",Augsburg,de Bundesliga,26,1995,2.0,44.0,4.00,16.0,18.5,10.5,0.00,44.0,0.50,0.00,0.0,0.50,100.0,13.0,57.0,27.0,0.00,0.00,0.00,1.50,1.50,16.0,1.50,Matchs
943,Tyrese Francois,au AUS,AT,Fulham,eng Premier League,22,2000,0.0,5,0,1,3,1,0,5,0,0,,0,,1,0,0,0,0,0,1,0,2,1,Matchs
944,Bartol Franjić,hr CRO,MT,Wolfsburg,de Bundesliga,22,2000,2.5,45.6,3.20,14.0,25.6,6.80,1.20,45.6,0.80,0.40,50.0,0.40,50.0,20.4,88.8,35.2,1.20,0.80,0.00,2.40,0.00,24.8,0.40,Matchs
945,Przemysław Frankowski,pl POL,"DF,MT",Lens,fr Ligue 1,27,1995,31.5,67.6,2.51,13.6,25.9,28.7,1.81,67.5,01.02,0.41,40.6,0.48,46.9,43.3,230.4,85.2,1.62,1.56,0.32,0.95,0.48,39.4,7.52,Matchs
946,Ryan Fraser,sct SCO,AT,Newcastle Utd,eng Premier League,28,1994,3.5,42.0,0.29,5.14,14.6,22.9,2.57,42.0,0.57,0.29,50.0,0.00,0.0,26.9,171.4,92.0,2.29,2.00,0.29,2.00,0.29,30.6,6.57,Matchs
947,Davide Frattesi,it ITA,MT,Sassuolo,it Serie A,22,1999,31.9,44.4,2.13,8.78,22.1,14.3,3.42,44.4,2.32,01.07,45.9,0.85,36.5,25.4,152.5,74.4,2.29,1.69,0.66,1.76,1.38,31.1,2.95,Matchs
948,Oscar Fraulo,dk DEN,"AT,MT",M'Gladbach,de Bundesliga,18,2003,0.1,160.0,10.0,30.0,90.0,40.0,0.00,160.0,10.0,10.0,100.0,0.00,0.0,70.0,750.0,190.0,0.00,10.0,0.00,0.00,0.00,100.0,0.00,Matchs
949,Fred,br BRA,MT,Manchester Utd,eng Premier League,29,1993,13.9,71.9,2.73,18.0,34.7,20.1,2.66,71.9,2.30,0.86,37.5,01.08,46.9,38.6,155.3,74.4,0.72,1.22,0.22,1.87,1.15,44.2,3.60,Matchs
950,Ryan Fredericks,eng ENG,DF,Bournemouth,eng Premier League,29,1992,5.9,47.3,5.59,14.9,18.5,14.2,1.19,47.3,1.69,0.51,30.0,0.85,50.0,20.3,122.9,66.9,2.20,1.53,0.34,0.68,0.51,25.8,4.75,Matchs
Clt,Joueur,Nation,Pos,Équipe,Comp,Âge,Naissance,90,Touches,SurfRépDéf,ZDéf,MilTer,ZOff,SurfRépOff,Action de jeu,Att,Succ,Succ%,Tkld,Tkld%,Balle au pied,TotDist,DistBut,PrgC,1/3,CSR,Manqué,Perte,Rec,PrgR,Matchs
951,Iván Fresneda,es ESP,DF,Valladolid,es La Liga,17,2004,19.4,59.9,4.48,20.1,25.6,14.6,0.82,59.9,2.16,0.77,35.7,0.98,45.2,29.0,165.9,86.2,2.47,1.34,0.36,1.13,0.93,32.2,5.21,Matchs
952,Remo Freuler,ch SUI,MT,Nott'ham Forest,eng Premier League,30,1992,24.0,44.1,2.96,15.0,22.4,6.96,0.54,44.1,0.50,0.25,50.0,0.17,33.3,20.5,91.3,40.0,0.29,0.46,0.00,0.83,0.33,23.2,0.46,Matchs
953,Michael Frey,ch SUI,AT,Schalke 04,de Bundesliga,28,1994,9.6,36.1,0.10,1.35,16.9,18.4,5.83,36.1,02.08,0.52,25.0,1.25,60.0,20.9,81.9,24.1,01.04,0.83,0.31,4.17,1.25,29.2,6.77,Matchs
954,Marco Friedl,at AUT,DF,Werder Bremen,de Bundesliga,24,1998,28.8,72.0,7.57,36.5,32.4,3.51,0.24,72.0,0.56,0.35,62.5,0.17,31.3,41.2,186.7,88.2,0.49,0.38,0.00,0.66,0.31,43.1,0.38,Matchs
955,Marvin Friedrich,de GER,DF,M'Gladbach,de Bundesliga,26,1995,13.9,78.7,8.71,46.0,30.6,2.73,1.51,78.7,0.14,0.14,100.0,0.00,0.0,46.8,206.5,99.8,0.22,0.22,0.00,0.43,0.14,56.8,0.43,Matchs
956,Jeremie Frimpong,nl NED,"DF,MT",Leverkusen,de Bundesliga,21,2000,30.1,53.9,1.56,11.6,22.3,21.1,04.05,53.9,5.48,2.82,51.5,1.69,30.9,30.2,241.7,149.3,5.15,3.42,1.53,2.92,1.63,33.5,8.31,Matchs
957,Chris Führich,de GER,"AT,MT",Stuttgart,de Bundesliga,24,1998,20.9,45.4,0.77,6.27,18.0,22.1,3.30,45.3,05.07,2.39,47.2,2.15,42.5,27.5,213.9,115.0,4.45,2.87,1.48,1.72,1.39,30.7,6.79,Matchs
958,Angelo Fulgini,fr FRA,"MT,AT",Lens,fr Ligue 1,25,1996,9.5,63.2,0.63,5.47,29.5,29.1,2.00,63.2,3.37,1.37,40.6,1.68,50.0,49.6,269.7,109.4,2.11,3.47,0.53,1.89,1.16,46.8,7.37,Matchs
959,Angelo Fulgini,fr FRA,MT,Mainz 05,de Bundesliga,25,1996,5.8,55.2,01.03,6.21,30.5,19.0,2.41,55.2,4.31,1.38,32.0,2.41,56.0,34.3,137.9,56.2,0.52,01.03,0.34,02.07,1.21,39.3,7.41,Matchs
960,Niclas Füllkrug,de GER,AT,Werder Bremen,de Bundesliga,29,1993,27.5,44.6,1.13,2.55,23.1,19.4,4.76,44.4,2.18,1.13,51.7,0.80,36.7,24.3,103.8,44.2,1.49,1.20,0.76,2.69,1.85,36.5,7.27,Matchs
961,Matteo Gabbia,it ITA,DF,Milan,it Serie A,22,1999,6.8,62.8,7.94,37.9,24.0,01.03,0.15,62.8,0.00,0.00,,0.00,,27.5,121.6,58.5,0.15,0.00,0.15,0.15,0.00,36.5,0.15,Matchs
962,Manolo Gabbiadini,it ITA,"AT,MT",Sampdoria,it Serie A,30,1991,26.2,33.8,1.15,4.27,14.8,15.0,3.17,33.8,0.95,0.23,24.0,0.61,64.0,20.4,94.7,39.0,1.22,0.92,0.38,1.98,1.15,26.1,4.24,Matchs
963,Gianluca Gaetano,it ITA,MT,Napoli,it Serie A,22,2000,0.8,98.8,0.00,3.75,48.8,47.5,10.0,98.8,3.75,2.50,66.7,0.00,0.0,66.3,300.0,153.8,5.00,2.50,2.50,2.50,5.00,80.0,11.3,Matchs
964,Roberto Gagliardini,it ITA,MT,Inter,it Serie A,28,1994,8.7,52.2,2.41,12.1,26.3,14.4,2.76,52.2,0.57,0.00,0.0,0.46,80.0,28.0,164.9,90.5,2.30,1.15,0.11,01.03,0.23,36.2,2.53,Matchs
965,Adolfo Gaich,ar ARG,AT,Hellas Verona,it Serie A,23,1999,8.1,32.5,1.23,2.59,15.9,14.3,3.21,32.5,2.10,1.36,64.7,0.62,29.4,17.8,78.6,22.3,0.74,0.49,0.49,2.72,1.11,24.4,04.07,Matchs
966,Cody Gakpo,nl NED,"AT,MT",Liverpool,eng Premier League,23,1999,16.2,36.5,0.37,2.59,16.4,18.4,4.69,36.5,2.96,1.42,47.9,0.80,27.1,23.1,127.7,70.0,2.22,1.98,0.74,2.65,2.22,27.7,6.73,Matchs
967,Javi Galán,es ESP,DF,Celta Vigo,es La Liga,27,1994,35.1,71.4,2.48,20.3,29.8,22.5,1.00,71.4,4.39,02.05,46.8,1.74,39.6,41.2,261.3,156.9,04.02,2.96,0.54,1.82,1.17,42.5,6.95,Matchs
968,Iñigo Ruiz de Galarreta,es ESP,MT,Mallorca,es La Liga,28,1993,27.2,53.2,1.18,12.1,32.5,09.08,0.18,53.2,1.43,0.70,48.7,0.48,33.3,28.9,118.1,47.6,0.74,0.48,0.00,0.59,0.55,33.5,0.77,Matchs
969,Pablo Galdames Millán,cl CHI,MT,Cremonese,it Serie A,25,1996,8.2,47.4,2.20,11.3,25.7,10.9,0.73,47.4,1.22,0.24,20.0,0.85,70.0,23.4,87.9,41.2,0.61,0.73,0.00,1.46,0.61,27.9,02.07,Matchs
970,Conor Gallagher,eng ENG,MT,Chelsea,eng Premier League,22,2000,18.0,63.0,1.78,11.0,29.4,23.4,3.28,63.0,03.06,1.33,43.6,1.28,41.8,38.9,195.7,77.4,2.22,2.22,0.67,2.00,2.00,43.2,5.78,Matchs
971,Antonino Gallo,it ITA,DF,Lecce,it Serie A,22,2000,27.6,54.7,3.30,17.1,23.4,15.0,0.51,54.7,01.05,0.54,51.7,0.36,34.5,24.7,155.8,90.6,2.57,1.59,0.18,0.80,0.25,25.6,2.36,Matchs
972,Gauthier Gallon,fr FRA,GB,Troyes,fr Ligue 1,29,1993,29.6,35.6,32.2,35.6,0.07,0.00,0.00,35.6,0.00,0.00,,0.00,,20.9,103.0,57.6,0.00,0.03,0.03,0.00,0.00,13.0,0.00,Matchs
973,Cristian Gamboa,cr CRC,DF,Bochum,de Bundesliga,32,1989,16.4,50.6,3.78,18.0,24.0,8.96,0.12,50.6,0.85,0.37,42.9,0.37,42.9,20.7,92.4,43.8,0.61,0.55,0.06,0.61,0.24,25.3,1.28,Matchs
974,Kévin Gameiro,fr FRA,AT,Strasbourg,fr Ligue 1,35,1987,23.3,40.6,0.30,03.05,18.5,19.5,4.38,40.5,2.10,0.82,38.8,01.03,49.0,31.0,182.1,72.6,02.06,2.19,0.73,02.02,1.16,29.7,6.78,Matchs
975,Idrissa Gana Gueye,sn SEN,MT,Everton,eng Premier League,32,1989,28.6,54.7,2.69,15.8,31.2,8.29,0.38,54.7,1.22,0.66,54.3,0.31,25.7,28.7,137.8,64.0,0.94,0.91,0.10,01.08,0.63,29.5,0.66,Matchs
Clt,Joueur,Nation,Pos,Équipe,Comp,Âge,Naissance,90,Touches,SurfRépDéf,ZDéf,MilTer,ZOff,SurfRépOff,Action de jeu,Att,Succ,Succ%,Tkld,Tkld%,Balle au pied,TotDist,DistBut,PrgC,1/3,CSR,Manqué,Perte,Rec,PrgR,Matchs
976,Ignatius Ganago,cm CMR,"AT,MT",Nantes,fr Ligue 1,23,1999,16.9,30.0,0.77,3.14,13.4,14.0,4.73,30.0,1.78,0.59,33.3,01.07,60.0,20.2,120.7,39.6,1.60,0.53,0.59,2.37,1.12,21.2,5.98,Matchs
977,Ignatius Ganago,cm CMR,AT,Lens,fr Ligue 1,23,1999,0.7,24.3,0.00,2.86,18.6,4.29,0.00,24.3,1.43,0.00,0.0,1.43,100.0,18.6,171.4,42.9,0.00,1.43,0.00,2.86,2.86,15.7,4.29,Matchs
978,Silvère Ganvoula M'Boussy,cg CGO,"AT,MT",Bochum,de Bundesliga,26,1996,2.7,43.7,1.11,1.85,16.7,25.6,6.67,43.7,2.59,1.11,42.9,1.48,57.1,18.9,91.1,29.3,1.85,0.74,2.22,2.59,0.37,34.1,07.04,Matchs
979,Aleix García,es ESP,MT,Girona,es La Liga,25,1997,26.0,71.8,2.62,14.8,38.6,18.8,0.88,71.8,1.00,0.50,50.0,0.35,34.6,40.0,187.2,87.2,1.58,1.35,0.27,0.73,0.46,50.1,2.92,Matchs
980,Álvaro García,es ESP,"AT,MT",Rayo Vallecano,es La Liga,29,1992,31.9,42.2,0.94,6.52,10.8,25.4,3.70,42.2,1.63,0.66,40.4,0.78,48.1,24.6,137.9,70.1,3.64,0.88,1.41,1.63,0.53,26.1,9.18,Matchs
981,Borja García,es ESP,"MT,AT",Girona,es La Liga,31,1990,7.5,46.3,01.07,9.20,24.8,12.3,1.33,46.3,1.87,0.80,42.9,0.67,35.7,30.3,137.3,52.5,0.93,1.20,0.00,0.80,1.47,33.7,4.27,Matchs
982,Carlos García,es ESP,DF,Cádiz,es La Liga,22,2000,0.3,93.3,6.67,40.0,50.0,3.33,3.33,93.3,3.33,3.33,100.0,0.00,0.0,50.0,166.7,90.0,0.00,0.00,0.00,0.00,0.00,56.7,0.00,Matchs
983,Dani García,es ESP,MT,Athletic Club,es La Liga,32,1990,16.5,52.6,2.61,11.1,33.9,7.88,0.30,52.6,0.12,0.12,100.0,0.00,0.0,24.9,78.1,31.2,0.36,0.36,0.00,0.36,0.24,30.1,0.48,Matchs
984,David García,es ESP,DF,Osasuna,es La Liga,28,1994,29.8,58.5,6.64,27.9,28.9,1.78,0.74,58.5,0.13,0.13,100.0,0.00,0.0,30.5,151.2,84.1,0.54,0.27,0.03,0.27,0.07,34.2,0.13,Matchs
985,Eric García,es ESP,"DF,MT",Barcelona,es La Liga,21,2001,15.7,89.0,6.18,34.3,49.7,5.35,0.32,89.0,0.25,0.13,50.0,0.13,50.0,58.5,289.1,171.1,1.59,1.40,0.00,0.64,0.13,66.8,0.38,Matchs
986,Fran Garcia,es ESP,DF,Rayo Vallecano,es La Liga,22,1999,37.9,64.4,2.69,17.0,29.3,19.2,0.69,64.4,1.79,0.82,45.6,0.79,44.1,35.6,256.8,166.1,4.83,3.75,0.32,1.24,0.29,37.4,4.41,Matchs
987,Joan García,es ESP,GB,Espanyol,es La Liga,21,2001,1.0,31.0,23.0,30.0,1.00,0.00,0.00,31.0,0.00,0.00,,0.00,,20.0,85.0,41.0,0.00,0.00,0.00,0.00,0.00,16.0,0.00,Matchs
988,Raúl García,es ESP,"AT,MT",Athletic Club,es La Liga,36,1986,10.7,41.7,0.84,2.99,17.9,20.9,6.36,41.7,1.12,0.56,50.0,0.47,41.7,21.5,87.9,42.3,1.12,1.40,0.19,1.21,0.75,30.0,5.79,Matchs
989,Rubén García,es ESP,"AT,MT",Osasuna,es La Liga,29,1993,12.9,55.1,1.40,7.75,21.5,26.3,02.02,55.1,1.24,0.47,37.5,0.70,56.3,29.8,137.4,50.9,1.24,01.01,0.23,02.09,0.78,36.0,7.13,Matchs
990,Unai García,es ESP,DF,Osasuna,es La Liga,30,1992,19.0,50.4,4.68,24.0,25.2,1.68,0.42,50.4,0.42,0.26,62.5,0.11,25.0,27.1,132.5,76.7,0.58,0.32,0.00,0.26,0.26,30.1,0.16,Matchs
991,Alejandro Garnacho,ar ARG,"AT,MT",Manchester Utd,eng Premier League,18,2004,6.3,48.4,0.48,4.60,13.3,31.1,9.37,48.4,6.98,1.90,27.3,4.29,61.4,34.9,264.4,142.2,5.24,4.29,4.44,4.29,2.22,37.3,13.5,Matchs
992,James Garner,eng ENG,"MT,DF",Everton,eng Premier League,21,2001,8.9,49.6,2.47,10.9,22.6,16.9,01.01,49.6,1.57,0.79,50.0,0.67,42.9,24.3,133.1,63.4,0.90,01.01,0.11,1.24,0.34,25.3,02.02,Matchs
993,Felix Garreta,es ESP,DF,Betis,es La Liga,18,2004,1.0,47.0,7.00,25.0,22.0,0.00,0.00,47.0,0.00,0.00,,0.00,,30.0,98.0,47.0,0.00,0.00,0.00,0.00,0.00,30.0,0.00,Matchs
994,Aleix Garrido,es ESP,AT,Barcelona,es La Liga,18,2004,0.1,70.0,0.00,40.0,0.00,30.0,10.0,70.0,10.0,0.00,0.0,10.0,100.0,40.0,300.0,180.0,0.00,0.00,0.00,0.00,0.00,30.0,0.00,Matchs
995,Sékou Gassama,sn SEN,AT,Valladolid,es La Liga,27,1995,0.4,30.0,2.50,2.50,10.0,17.5,10.0,30.0,0.00,0.00,,0.00,,17.5,62.5,40.0,2.50,0.00,2.50,2.50,0.00,20.0,2.50,Matchs
996,Johan Gastien,fr FRA,MT,Clermont Foot,fr Ligue 1,34,1988,28.9,81.6,2.77,21.7,49.3,11.2,0.21,81.6,0.87,0.31,36.0,0.48,56.0,62.2,290.8,120.8,0.45,01.04,0.03,0.90,0.42,57.0,0.93,Matchs
997,Federico Gatti,it ITA,DF,Juventus,it Serie A,24,1998,16.1,69.3,6.21,32.7,33.0,4.41,1.43,69.3,0.68,0.50,72.7,0.12,18.2,44.8,245.5,137.1,1.12,0.87,0.06,0.50,0.37,50.1,0.81,Matchs
998,Gavi,es ESP,"MT,AT",Barcelona,es La Liga,17,2004,28.1,53.7,0.96,5.27,28.4,20.6,2.53,53.7,2.24,0.96,42.9,0.93,41.3,35.7,190.3,89.1,1.74,2.42,0.28,1.99,1.17,40.3,5.44,Matchs
999,Paulo Gazzaniga,ar ARG,GB,Girona,es La Liga,30,1992,28.0,40.7,35.0,40.5,0.25,0.00,0.00,40.7,0.04,0.04,100.0,0.00,0.0,23.8,116.5,59.4,0.00,0.00,0.00,0.11,0.07,18.0,0.00,Matchs
1000,David de Gea,es ESP,GB,Manchester Utd,eng Premier League,31,1990,38.0,34.3,29.4,34.1,0.13,0.00,0.00,34.3,0.00,0.00,,0.00,,20.6,94.4,56.5,0.00,0.00,0.00,0.00,0.00,20.6,0.00,Matchs
Clt,Joueur,Nation,Pos,Équipe,Comp,Âge,Naissance,90,Touches,SurfRépDéf,ZDéf,MilTer,ZOff,SurfRépOff,Action de jeu,Att,Succ,Succ%,Tkld,Tkld%,Balle au pied,TotDist,DistBut,PrgC,1/3,CSR,Manqué,Perte,Rec,PrgR,Matchs
1001,Dario Gebuhr,de GER,DF,Eint Frankfurt,de Bundesliga,19,2003,0.2,65.0,0.00,25.0,30.0,10.0,0.00,65.0,0.00,0.00,,0.00,,30.0,155.0,75.0,0.00,0.00,0.00,0.00,0.00,55.0,0.00,Matchs
1002,Dennis Geiger,de GER,MT,Hoffenheim,de Bundesliga,24,1998,21.7,47.3,1.66,10.0,28.5,9.31,0.32,47.3,0.74,0.41,56.3,0.23,31.3,24.2,132.4,58.4,0.97,0.51,0.00,01.01,0.37,26.8,01.01,Matchs
1003,Joe Gelhardt,eng ENG,AT,Leeds United,eng Premier League,20,2002,2.4,47.9,1.67,4.17,21.7,22.5,5.83,47.9,3.75,0.42,11.1,2.92,77.8,28.3,78.8,27.5,0.83,0.83,0.83,3.75,2.92,35.0,8.75,Matchs
1004,Valentin Gendrey,fr FRA,DF,Lecce,it Serie A,22,2000,34.5,52.5,03.07,17.9,22.6,12.6,0.46,52.5,01.01,0.41,40.0,0.49,48.6,21.9,119.4,69.0,1.36,0.99,0.12,1.39,0.35,22.8,3.10,Matchs
1005,Denis Genreau,au AUS,MT,Toulouse,fr Ligue 1,23,1999,7.3,59.6,2.47,14.5,28.5,17.3,2.19,59.6,3.15,1.10,34.8,1.92,60.9,39.6,218.6,92.7,1.23,1.92,0.27,1.92,0.82,36.0,4.66,Matchs
1006,Yannick Gerhardt,de GER,MT,Wolfsburg,de Bundesliga,28,1994,20.7,41.4,1.64,7.78,21.5,12.3,2.66,41.4,0.77,0.19,25.0,0.53,68.8,22.6,100.9,40.7,0.58,0.53,0.14,01.06,0.48,26.9,4.25,Matchs
1007,Valère Germain,fr FRA,"AT,MT",Montpellier,fr Ligue 1,32,1990,7.6,41.2,1.45,4.34,19.3,17.8,4.61,41.2,0.26,0.13,50.0,0.13,50.0,24.1,98.0,25.8,0.79,0.92,0.26,2.76,1.18,26.6,06.05,Matchs
1008,Gerson,br BRA,MT,Marseille,fr Ligue 1,25,1997,4.6,53.0,0.87,6.74,24.6,22.4,2.39,53.0,1.52,0.43,28.6,0.65,42.9,43.3,228.7,88.7,1.96,1.52,0.65,03.04,3.26,43.3,6.30,Matchs
1009,Ismaël Gharbi,es ESP,"MT,AT",Paris S-G,fr Ligue 1,18,2004,0.6,78.3,1.67,5.00,41.7,33.3,3.33,78.3,10.0,8.33,83.3,1.67,16.7,70.0,496.7,266.7,5.00,1.67,0.00,1.67,1.67,65.0,13.3,Matchs
1010,Paolo Ghiglione,it ITA,DF,Cremonese,it Serie A,25,1997,7.9,45.4,02.03,13.4,17.1,15.4,1.14,45.4,1.39,0.25,18.2,1.14,81.8,19.4,93.2,48.2,0.63,0.89,0.13,0.76,0.51,22.5,4.43,Matchs
1011,Saman Ghoddos,ir IRN,"MT,AT",Brentford,eng Premier League,28,1993,1.5,65.3,4.67,15.3,25.3,26.7,2.00,65.3,1.33,0.00,0.0,1.33,100.0,28.0,109.3,61.3,0.67,1.33,0.00,2.00,0.67,29.3,4.00,Matchs
1012,Faouzi Ghoulam,dz ALG,DF,Angers,fr Ligue 1,31,1991,5.3,68.7,05.09,21.5,30.6,16.8,0.19,68.7,0.94,0.57,60.0,0.00,0.0,41.7,206.2,99.2,0.75,1.13,0.00,0.19,0.38,41.1,3.77,Matchs
1013,Morgan Gibbs-White,eng ENG,"AT,MT",Wolves,eng Premier League,22,2000,2.0,59.5,0.50,9.00,26.5,24.5,2.00,59.5,4.00,1.00,25.0,2.50,62.5,31.0,128.5,68.5,2.00,1.50,0.50,1.50,0.50,41.0,6.00,Matchs
1014,Morgan Gibbs-White,eng ENG,"MT,AT",Nott'ham Forest,eng Premier League,22,2000,33.0,43.8,0.61,5.12,19.0,20.6,2.30,43.8,2.91,1.42,49.0,1.30,44.8,23.2,135.2,66.3,02.09,1.88,0.58,2.76,1.33,27.3,4.76,Matchs
1015,Niko Gießelmann,de GER,DF,Union Berlin,de Bundesliga,30,1991,14.5,61.3,2.55,17.5,22.2,22.0,1.52,61.3,0.97,0.28,28.6,0.55,57.1,24.1,90.3,40.9,0.97,0.55,0.00,1.17,0.41,28.7,3.45,Matchs
1016,Samuel Gigot,fr FRA,DF,Marseille,fr Ligue 1,28,1993,20.9,65.7,7.61,27.4,33.7,5.12,1.44,65.7,0.43,0.19,44.4,0.19,44.4,44.9,277.3,160.1,1.58,1.39,0.00,0.53,0.14,40.9,0.91,Matchs
1017,Rafał Gikiewicz,pl POL,GB,Augsburg,de Bundesliga,34,1987,23.0,53.1,41.7,52.7,0.43,0.00,0.00,53.1,0.00,0.00,,0.00,,31.0,175.6,98.9,0.00,0.00,0.00,0.09,0.00,24.0,0.00,Matchs
1018,Bryan Gil,es ESP,"MT,AT",Tottenham,eng Premier League,21,2001,1.6,50.0,0.63,8.13,18.8,23.1,1.25,50.0,3.13,1.25,40.0,1.88,60.0,34.4,210.6,90.6,2.50,1.88,0.00,3.13,1.88,38.1,9.38,Matchs
1019,Bryan Gil,es ESP,"AT,DF",Sevilla,es La Liga,21,2001,10.2,50.5,0.98,7.94,18.4,24.9,2.45,50.5,4.41,1.86,42.2,1.67,37.8,33.2,176.7,72.8,2.75,02.06,0.39,03.04,1.76,33.0,7.35,Matchs
1020,David Gil,es ESP,GB,Cádiz,es La Liga,28,1994,4.0,36.0,30.8,36.0,0.00,0.00,0.00,36.0,0.00,0.00,,0.00,,17.0,113.3,58.8,0.00,0.00,0.00,0.00,0.00,9.00,0.00,Matchs
1021,Óscar Gil,es ESP,DF,Espanyol,es La Liga,25,1997,28.4,47.0,3.10,14.3,20.1,13.1,0.95,47.0,1.73,0.81,46.9,0.77,44.9,20.3,103.2,45.2,1.37,0.85,0.18,1.83,0.49,21.2,3.91,Matchs
1022,Mario Gila,es ESP,DF,Lazio,it Serie A,21,2000,1.0,71.0,6.00,36.0,33.0,2.00,0.00,71.0,0.00,0.00,,0.00,,42.0,247.0,99.0,1.00,1.00,0.00,1.00,1.00,46.0,2.00,Matchs
1023,Billy Gilmour,sct SCO,MT,Brighton,eng Premier League,21,2001,5.6,80.9,2.68,20.0,49.3,12.7,0.71,80.9,01.07,0.36,33.3,0.36,33.3,44.3,206.6,104.1,0.89,1.43,0.18,01.07,0.89,62.5,0.71,Matchs
1024,Álvaro Giménez,es ESP,AT,Cádiz,es La Liga,31,1991,0.2,25.0,0.00,0.00,10.0,15.0,0.00,25.0,5.00,0.00,0.0,5.00,100.0,15.0,30.0,0.00,0.00,0.00,0.00,5.00,0.00,15.0,10.0,Matchs
1025,Gvidas Gineitis,lt LTU,MT,Torino,it Serie A,18,2004,1.5,68.0,0.67,6.00,49.3,12.7,2.00,68.0,2.00,0.67,33.3,1.33,66.7,38.7,170.0,94.7,2.00,2.00,0.67,0.67,0.67,50.0,4.67,Matchs
Clt,Joueur,Nation,Pos,Équipe,Comp,Âge,Naissance,90,Touches,SurfRépDéf,ZDéf,MilTer,ZOff,SurfRépOff,Action de jeu,Att,Succ,Succ%,Tkld,Tkld%,Balle au pied,TotDist,DistBut,PrgC,1/3,CSR,Manqué,Perte,Rec,PrgR,Matchs
1026,Matthias Ginter,de GER,DF,Freiburg,de Bundesliga,28,1994,34.0,65.6,07.06,33.9,29.2,2.76,1.35,65.6,0.12,0.06,50.0,0.06,50.0,38.4,216.0,124.4,0.68,0.35,0.00,0.35,0.12,41.5,0.32,Matchs
1027,Andrei Girotto,br BRA,"DF,MT",Nantes,fr Ligue 1,30,1992,35.0,64.6,8.66,28.1,33.1,3.74,0.89,64.6,0.29,0.09,30.0,0.17,60.0,42.1,210.5,102.8,0.40,0.37,0.00,0.31,0.17,38.3,0.20,Matchs
1028,Olivier Giroud,fr FRA,AT,Milan,it Serie A,35,1986,23.8,33.7,1.22,2.48,14.6,16.9,6.64,33.5,0.59,0.29,50.0,0.25,42.9,14.7,39.2,15.1,0.50,0.42,0.29,2.65,0.67,25.7,6.39,Matchs
1029,Serge Gnabry,de GER,"AT,MT",Bayern Munich,de Bundesliga,27,1995,21.6,53.2,0.32,5.74,21.9,26.2,6.76,53.1,2.96,1.30,43.8,1.39,46.9,34.6,197.9,93.1,3.43,2.31,1.90,2.36,1.20,40.7,10.0,Matchs
1030,Degnand Gnonto,it ITA,"AT,MT",Leeds United,eng Premier League,18,2003,15.0,47.9,0.80,6.33,16.5,26.2,2.87,47.9,5.13,1.40,27.3,2.87,55.8,32.3,223.7,114.3,4.40,2.47,1.13,2.00,1.27,33.9,09.07,Matchs
1031,Ben Godfrey,eng ENG,DF,Everton,eng Premier League,24,1998,8.9,43.9,6.18,17.9,19.7,07.08,0.90,43.9,0.90,0.34,37.5,0.34,37.5,18.2,93.3,47.9,01.01,0.90,0.00,1.35,0.34,17.9,0.79,Matchs
1032,Pierluigi Gollini,it ITA,GB,Fiorentina,it Serie A,27,1995,3.0,43.7,38.7,43.7,0.00,0.00,0.00,43.7,0.00,0.00,,0.00,,34.7,141.0,72.3,0.00,0.00,0.00,0.00,0.00,30.3,0.00,Matchs
1033,Pierluigi Gollini,it ITA,GB,Napoli,it Serie A,27,1995,4.0,41.5,35.5,41.5,0.00,0.00,0.00,41.5,0.00,0.00,,0.00,,27.8,129.3,84.3,0.00,0.00,0.00,0.00,0.00,24.0,0.00,Matchs
1034,Aleksandr Golovin,ru RUS,"MT,AT",Monaco,fr Ligue 1,26,1996,27.4,50.4,0.80,6.72,20.9,24.1,3.10,50.4,1.79,0.99,55.1,0.51,28.6,35.9,244.7,119.4,3.25,2.23,01.02,1.75,1.17,32.4,7.66,Matchs
1035,André Gomes,pt POR,MT,Lille,fr Ligue 1,29,1993,18.1,84.0,02.04,14.4,55.8,14.9,0.94,84.0,2.32,1.60,69.0,0.55,23.8,69.3,328.4,126.6,1.44,1.93,0.22,1.66,1.44,64.8,1.82,Matchs
1036,Angel Gomes,eng ENG,MT,Lille,fr Ligue 1,21,2000,31.3,64.4,0.93,10.1,37.9,16.8,1.57,64.3,1.79,0.96,53.6,0.51,28.6,54.5,261.8,111.6,1.25,1.82,0.32,1.31,0.83,52.6,3.67,Matchs
1037,João Gomes,br BRA,MT,Wolves,eng Premier League,21,2001,7.3,56.0,2.60,16.2,29.0,11.0,0.68,56.0,2.60,1.10,42.1,0.96,36.8,25.3,126.3,57.0,0.96,0.82,0.14,0.96,0.68,30.5,1.10,Matchs
1038,Toti Gomes,pt POR,DF,Wolves,eng Premier League,23,1999,10.9,63.1,7.89,28.7,25.5,9.17,1.38,63.1,1.47,0.83,56.3,0.55,37.5,30.5,139.5,84.8,0.37,01.01,0.00,0.55,0.28,36.9,2.11,Matchs
1039,Dani Gómez,es ESP,"MT,AT",Espanyol,es La Liga,24,1998,1.0,32.0,0.00,4.00,12.0,17.0,4.00,32.0,3.00,1.00,33.3,2.00,66.7,20.0,124.0,22.0,1.00,2.00,0.00,3.00,2.00,21.0,9.00,Matchs
1040,Joe Gomez,eng ENG,DF,Liverpool,eng Premier League,25,1997,16.3,93.3,6.99,36.9,52.2,4.66,0.37,93.3,0.31,0.25,80.0,0.06,20.0,61.7,296.1,160.5,0.92,0.74,0.00,0.80,0.31,63.8,0.31,Matchs
1041,Maxi Gómez,uy URU,AT,Valencia,es La Liga,25,1996,1.2,22.5,1.67,1.67,7.50,13.3,6.67,22.5,1.67,0.00,0.0,1.67,100.0,15.8,77.5,53.3,0.83,0.00,2.50,2.50,0.83,17.5,0.83,Matchs
1042,Moi Gómez,es ESP,"MT,AT",Osasuna,es La Liga,28,1994,27.3,62.7,0.84,8.68,37.1,17.9,0.84,62.7,1.47,0.99,67.5,0.40,27.5,42.1,236.3,100.4,1.36,1.76,0.26,1.21,0.66,45.7,2.45,Matchs
1043,Papu Gómez,ar ARG,"AT,MT",Sevilla,es La Liga,34,1988,11.8,54.0,0.68,5.85,26.5,22.4,2.29,54.0,03.05,1.27,41.7,1.19,38.9,39.8,253.0,114.7,2.88,03.05,0.51,1.78,1.10,43.5,5.68,Matchs
1044,Sergi Gómez,es ESP,DF,Espanyol,es La Liga,30,1992,26.0,53.0,7.23,28.3,23.8,1.27,0.73,53.0,0.00,0.00,,0.00,,27.7,117.1,56.3,0.08,0.08,0.00,0.19,0.00,31.8,0.04,Matchs
1045,Sergio Gómez,es ESP,"DF,MT",Manchester City,eng Premier League,21,2000,3.9,91.8,4.10,19.2,50.8,22.3,2.56,91.8,0.77,0.00,0.0,0.77,100.0,52.1,261.0,133.3,2.56,2.56,0.26,1.79,0.77,70.3,5.13,Matchs
1046,Antonio Gomis,es ESP,GB,Atlético Madrid,es La Liga,19,2003,0.1,30.0,30.0,30.0,0.00,0.00,0.00,30.0,0.00,0.00,,0.00,,10.0,190.0,70.0,0.00,0.00,0.00,0.00,0.00,0.00,0.00,Matchs
1047,Maxime Gonalons,fr FRA,MT,Clermont Foot,fr Ligue 1,33,1989,16.1,61.9,1.68,16.1,40.8,06.02,0.19,61.9,1.74,0.93,53.6,0.68,39.3,46.1,244.9,102.5,0.62,0.99,0.00,1.24,0.62,41.4,0.19,Matchs
1048,Diego González,es ESP,DF,Elche,es La Liga,27,1995,10.6,45.9,7.45,30.3,14.2,1.60,0.75,45.9,0.28,0.09,33.3,0.19,66.7,22.6,119.4,65.0,0.09,0.00,0.00,0.19,0.28,25.0,0.19,Matchs
1049,Édgar González,es ESP,DF,Betis,es La Liga,25,1997,19.7,56.1,8.68,32.3,22.7,1.42,0.86,56.1,0.25,0.10,40.0,0.00,0.0,30.5,121.5,58.6,0.36,0.25,0.05,0.30,0.05,35.7,0.10,Matchs
1050,Giovanni González,uy URU,DF,Mallorca,es La Liga,27,1994,10.3,49.1,3.11,16.5,22.1,10.8,1.36,49.1,1.55,0.78,50.0,0.58,37.5,22.7,97.4,48.0,0.97,0.68,0.29,0.68,0.19,26.7,3.79,Matchs
Clt,Joueur,Nation,Pos,Équipe,Comp,Âge,Naissance,90,Touches,SurfRépDéf,ZDéf,MilTer,ZOff,SurfRépOff,Action de jeu,Att,Succ,Succ%,Tkld,Tkld%,Balle au pied,TotDist,DistBut,PrgC,1/3,CSR,Manqué,Perte,Rec,PrgR,Matchs
1051,Joan Gonzàlez,es ESP,MT,Lecce,it Serie A,20,2002,24.4,44.3,1.80,9.26,23.4,12.3,1.52,44.3,02.01,0.74,36.7,01.02,51.0,22.0,105.0,43.2,0.74,0.78,0.25,02.05,01.02,25.7,2.75,Matchs
1052,Nicolás González,ar ARG,"AT,MT",Fiorentina,it Serie A,24,1998,15.0,54.1,0.53,4.73,25.4,24.8,4.87,53.9,4.87,1.67,34.2,02.07,42.5,33.7,213.4,94.7,2.47,02.07,0.60,3.00,0.93,41.5,7.47,Matchs
1053,Nicolás González,es ESP,MT,Valencia,es La Liga,20,2002,15.6,59.0,1.92,10.5,35.6,13.4,1.22,59.0,2.50,1.79,71.8,0.38,15.4,33.8,168.5,81.9,1.35,1.67,0.06,0.77,0.96,38.8,01.09,Matchs
1054,Oumar Gonzalez,cm CMR,DF,Ajaccio,fr Ligue 1,24,1998,28.6,48.3,5.52,23.8,22.9,1.89,0.91,48.3,0.52,0.21,40.0,0.17,33.3,31.4,190.6,94.7,0.42,0.21,0.03,0.70,0.35,26.4,0.17,Matchs
1055,Roberto González,es ESP,"AT,MT",Betis,es La Liga,21,2001,0.6,58.3,0.00,0.00,35.0,23.3,1.67,58.3,3.33,0.00,0.0,1.67,50.0,28.3,158.3,51.7,1.67,1.67,1.67,1.67,0.00,41.7,1.67,Matchs
1056,Jacek Góralski,pl POL,MT,Bochum,de Bundesliga,29,1992,1.6,36.9,3.13,13.8,20.6,2.50,0.00,36.9,0.00,0.00,,0.00,,15.6,76.9,40.6,0.63,1.88,0.00,0.63,0.00,18.1,0.00,Matchs
1057,Anthony Gordon,eng ENG,"AT,MT",Newcastle Utd,eng Premier League,21,2001,5.4,50.9,0.93,5.56,20.7,25.0,5.00,50.9,3.89,1.30,33.3,2.41,61.9,31.3,220.7,95.6,3.70,2.41,02.04,3.52,0.93,36.3,8.33,Matchs
1058,Anthony Gordon,eng ENG,AT,Everton,eng Premier League,21,2001,12.2,38.0,01.07,7.13,13.5,17.9,3.85,38.0,3.69,0.90,24.4,2.38,64.4,20.7,153.7,57.7,2.30,1.89,01.07,2.62,1.89,23.8,5.49,Matchs
1059,Leon Goretzka,de GER,MT,Bayern Munich,de Bundesliga,27,1995,19.2,66.3,2.92,15.4,35.3,16.3,2.24,66.3,0.89,0.47,52.9,0.31,35.3,33.6,160.8,92.4,2.19,1.67,0.31,01.04,0.57,42.6,3.23,Matchs
1060,Andoni Gorosabel,es ESP,DF,Real Sociedad,es La Liga,25,1996,19.0,63.4,1.84,15.2,31.0,17.6,0.89,63.4,1.00,0.47,47.4,0.32,31.6,31.5,148.9,78.1,2.21,1.58,0.05,0.74,0.42,37.1,3.95,Matchs
1061,Robin Gosens,de GER,DF,Inter,it Serie A,28,1994,13.2,61.6,02.05,14.7,23.4,23.8,3.64,61.6,1.29,0.53,41.2,0.61,47.1,31.6,132.8,65.5,2.20,1.36,0.38,1.29,0.23,39.8,7.73,Matchs
1062,Mario Götze,de GER,MT,Eint Frankfurt,de Bundesliga,30,1992,30.4,59.9,0.63,07.04,30.3,23.2,2.57,59.9,2.47,0.82,33.3,1.48,60.0,34.3,143.7,65.4,1.88,1.61,0.49,1.84,1.51,43.6,6.97,Matchs
1063,Amine Gouiri,dz ALG,"AT,MT",Nice,fr Ligue 1,22,2000,2.5,39.6,1.20,4.80,14.0,20.8,2.80,39.6,1.20,0.00,0.0,0.80,66.7,30.0,188.0,71.6,3.20,1.20,0.80,2.80,2.00,31.6,7.20,Matchs
1064,Amine Gouiri,dz ALG,"AT,MT",Rennes,fr Ligue 1,22,2000,28.0,38.3,0.43,2.64,15.7,20.6,5.18,38.3,2.86,1.18,41.3,1.57,55.0,28.8,169.6,64.8,2.25,1.43,0.93,2.57,1.29,28.0,7.32,Matchs
1065,Jeffrey Gouweleeuw,nl NED,DF,Augsburg,de Bundesliga,31,1991,31.1,58.8,7.59,34.5,21.6,3.12,0.74,58.8,0.61,0.42,68.4,0.19,31.6,29.3,156.7,84.7,0.58,0.39,0.00,0.80,0.23,30.4,0.32,Matchs
1066,Jonathan Gradit,fr FRA,DF,Lens,fr Ligue 1,29,1992,31.4,75.4,05.06,23.9,46.2,5.83,0.22,75.4,0.83,0.38,46.2,0.38,46.2,59.2,350.1,203.8,1.31,2.17,0.06,0.57,0.29,55.9,0.29,Matchs
1067,José Gragera,es ESP,"MT,DF",Espanyol,es La Liga,21,2000,5.1,53.3,3.92,22.9,26.9,3.73,1.18,53.3,0.00,0.00,,0.00,,23.9,93.1,32.9,0.00,0.20,0.00,0.20,0.20,29.4,0.59,Matchs
1068,Alberto Grassi,it ITA,MT,Empoli,it Serie A,27,1995,13.3,55.2,5.94,19.6,30.1,06.02,0.98,55.2,0.60,0.30,50.0,0.30,50.0,22.7,100.0,35.6,0.38,0.45,0.08,1.35,0.90,29.9,0.75,Matchs
1069,Ryan Gravenberch,nl NED,MT,Bayern Munich,de Bundesliga,20,2002,6.4,75.5,1.88,10.6,42.0,24.2,1.72,75.5,2.97,1.72,57.9,0.94,31.6,47.0,255.0,113.9,1.72,2.81,0.16,3.28,02.03,53.8,4.84,Matchs
1070,Andrew Gravillon,gp GLP,DF,Torino,it Serie A,24,1998,3.5,60.6,7.14,34.6,22.0,4.00,0.00,60.6,0.57,0.29,50.0,0.29,50.0,32.0,122.3,69.1,0.29,0.57,0.00,0.86,0.29,37.4,0.00,Matchs
1071,Andrew Gravillon,gp GLP,DF,Reims,fr Ligue 1,24,1998,11.5,49.2,05.04,20.5,22.6,6.96,0.52,49.2,01.04,0.61,58.3,0.26,25.0,32.2,192.4,102.9,1.57,01.04,0.09,0.96,0.35,26.7,1.22,Matchs
1072,Demarai Gray,jm JAM,"AT,MT",Everton,eng Premier League,26,1996,27.9,42.3,0.79,3.94,15.8,23.4,3.73,42.3,3.30,1.18,35.9,1.51,45.7,25.8,182.8,88.4,3.37,2.22,1.72,03.08,2.37,28.0,7.13,Matchs
1073,Adrian Grbić,at AUT,"MT,AT",Lorient,fr Ligue 1,25,1996,0.3,36.7,0.00,3.33,10.0,23.3,0.00,36.7,0.00,0.00,,0.00,,20.0,103.3,56.7,3.33,3.33,0.00,0.00,0.00,20.0,6.67,Matchs
1074,Ivo Grbić,hr CRO,GB,Atlético Madrid,es La Liga,26,1996,10.2,35.4,32.4,35.3,0.10,0.00,0.00,35.4,0.00,0.00,,0.00,,17.7,99.6,66.8,0.00,0.00,0.00,0.00,0.00,12.1,0.00,Matchs
1075,Jack Grealish,eng ENG,AT,Manchester City,eng Premier League,26,1995,22.8,57.4,0.88,6.18,18.5,33.9,5.96,57.4,4.82,1.97,40.9,1.23,25.5,42.0,373.1,174.6,6.27,3.64,2.76,1.58,1.27,46.7,13.6,Matchs
Clt,Joueur,Nation,Pos,Équipe,Comp,Âge,Naissance,90,Touches,SurfRépDéf,ZDéf,MilTer,ZOff,SurfRépOff,Action de jeu,Att,Succ,Succ%,Tkld,Tkld%,Balle au pied,TotDist,DistBut,PrgC,1/3,CSR,Manqué,Perte,Rec,PrgR,Matchs
1076,Sam Greenwood,eng ENG,"MT,AT",Leeds United,eng Premier League,20,2002,4.7,54.3,1.49,9.57,23.8,21.9,01.06,54.3,1.70,0.64,37.5,0.85,50.0,24.9,123.0,64.9,1.49,1.70,0.21,1.28,1.49,25.3,2.13,Matchs
1077,Michael Gregoritsch,at AUT,AT,Freiburg,de Bundesliga,28,1994,23.9,33.2,0.54,2.38,13.1,17.8,5.44,33.2,1.55,0.46,29.7,0.75,48.6,15.7,56.0,24.1,0.92,0.50,0.63,02.09,0.92,25.1,5.19,Matchs
1078,Dominik Greif,sk SVK,GB,Mallorca,es La Liga,25,1997,1.0,40.0,37.0,40.0,0.00,0.00,0.00,40.0,0.00,0.00,,0.00,,16.0,125.0,50.0,0.00,0.00,0.00,0.00,0.00,12.0,0.00,Matchs
1079,Leo Greiml,at AUT,DF,Schalke 04,de Bundesliga,21,2001,4.0,60.3,9.00,33.8,25.3,1.25,0.25,60.3,0.25,0.25,100.0,0.00,0.0,33.8,149.5,89.3,1.00,0.25,0.00,0.75,0.00,35.8,0.25,Matchs
1080,Clément Grenier,fr FRA,MT,Mallorca,es La Liga,31,1991,8.0,54.0,1.38,7.75,30.0,16.4,0.50,54.0,0.88,0.38,42.9,0.25,28.6,27.0,100.9,39.3,0.50,0.63,0.13,2.13,0.88,34.6,3.25,Matchs
1081,Antoine Griezmann,fr FRA,"AT,MT",Atlético Madrid,es La Liga,31,1991,31.8,62.0,1.42,7.77,29.3,25.7,4.81,61.9,2.61,1.48,56.6,0.88,33.7,34.7,188.6,97.1,3.11,02.08,0.79,1.29,1.10,45.4,6.35,Matchs
1082,Vincenzo Grifo,it ITA,"MT,AT",Freiburg,de Bundesliga,29,1993,26.8,59.5,1.16,08.06,29.0,23.1,2.43,59.2,2.76,1.57,56.8,0.78,28.4,34.1,181.9,84.9,2.43,1.64,0.67,1.57,01.04,39.6,4.63,Matchs
1083,Lennart Grill,de GER,GB,Union Berlin,de Bundesliga,23,1999,5.0,45.0,32.6,44.0,1.00,0.00,0.00,45.0,0.00,0.00,,0.00,,30.0,146.8,87.4,0.00,0.00,0.00,0.00,0.00,25.6,0.00,Matchs
1084,Christian Groß,de GER,MT,Werder Bremen,de Bundesliga,33,1989,21.0,50.8,2.81,13.8,32.0,5.43,0.33,50.8,1.10,0.71,65.2,0.38,34.8,22.0,101.6,49.4,01.05,0.76,0.10,0.86,0.38,24.8,0.81,Matchs
1085,Pascal Groß,de GER,"MT,DF",Brighton,eng Premier League,31,1991,36.0,72.3,2.14,12.9,34.0,25.7,2.72,72.3,0.92,0.47,51.5,0.36,39.4,40.4,186.8,86.8,1.72,1.44,0.22,01.08,0.50,50.9,5.81,Matchs
1086,Brajan Gruda,de GER,MT,Mainz 05,de Bundesliga,18,2004,0.0,8,0,0,2,6,1,8,2,0,0.0,2,100.0,4,29,0,0,0,0,0,1,3,0,Matchs
1087,Ilia Gruev,bg BUL,MT,Werder Bremen,de Bundesliga,22,2000,17.6,54.3,2.27,14.0,35.0,06.02,0.34,54.3,0.57,0.28,50.0,0.23,40.0,27.7,136.3,66.9,1.48,0.97,0.00,01.02,0.68,31.2,0.68,Matchs
1088,Carlos Gruezo,ec ECU,MT,Augsburg,de Bundesliga,27,1995,10.7,33.6,2.52,12.3,18.3,3.46,0.09,33.6,0.65,0.47,71.4,0.19,28.6,14.4,75.5,29.8,0.19,0.56,0.00,0.65,0.28,13.5,0.47,Matchs
1089,Vicente Guaita,es ESP,GB,Crystal Palace,eng Premier League,35,1987,27.0,33.1,29.1,33.1,0.07,0.00,0.00,33.1,0.00,0.00,,0.00,,18.8,98.4,63.1,0.00,0.00,0.00,0.04,0.00,14.2,0.00,Matchs
1090,Andrés Guardado,mx MEX,MT,Betis,es La Liga,35,1986,15.3,66.8,2.22,18.1,39.9,9.87,0.39,66.8,0.65,0.33,50.0,0.26,40.0,38.6,183.4,88.9,0.92,01.05,0.00,1.18,0.39,43.1,0.85,Matchs
1091,Sergi Guardiola,es ESP,AT,Valladolid,es La Liga,31,1991,5.6,34.1,1.25,4.82,16.3,13.2,03.04,34.1,1.25,0.00,0.0,01.07,85.7,17.7,66.6,25.7,1.25,01.07,0.36,3.21,0.71,22.3,3.57,Matchs
1092,Sergi Guardiola,es ESP,AT,Cádiz,es La Liga,31,1991,12.9,32.0,0.62,2.64,13.5,16.1,3.18,32.0,1.86,0.93,50.0,0.78,41.7,18.7,78.7,26.7,0.93,0.78,0.39,02.09,1.86,23.5,4.26,Matchs
1093,Nemanja Gudelj,rs SRB,"DF,MT",Sevilla,es La Liga,30,1991,30.9,61.8,6.67,27.1,29.4,5.47,0.58,61.8,0.16,0.10,60.0,0.06,40.0,35.7,190.2,109.8,0.94,1.20,0.00,0.45,0.06,41.4,0.19,Matchs
1094,Gabriel Gudmundsson,se SWE,"DF,AT",Lille,fr Ligue 1,23,1999,9.3,60.5,2.80,15.3,26.6,19.4,2.58,60.5,3.44,1.94,56.3,0.97,28.1,38.2,269.7,139.6,4.73,2.69,01.08,1.40,0.75,34.7,6.13,Matchs
1095,Gonçalo Guedes,pt POR,"AT,MT",Wolves,eng Premier League,25,1996,7.9,35.4,0.38,3.54,13.3,19.4,3.80,35.4,1.90,0.63,33.3,0.89,46.7,22.0,164.9,81.5,2.53,1.52,0.89,2.15,0.89,25.2,6.84,Matchs
1096,Axel Gueguin,fr FRA,"AT,MT",Montpellier,fr Ligue 1,17,2005,0.3,43.3,0.00,3.33,3.33,36.7,0.00,43.3,0.00,0.00,,0.00,,26.7,83.3,36.7,0.00,3.33,0.00,3.33,0.00,30.0,20.0,Matchs
1097,Marc Guéhi,eng ENG,DF,Crystal Palace,eng Premier League,22,2000,37.0,69.1,9.97,38.2,29.1,2.00,0.76,69.1,0.57,0.38,66.7,0.08,14.3,40.8,194.1,109.0,0.46,0.38,0.00,0.46,0.19,45.7,0.08,Matchs
1098,Mattéo Guendouzi,fr FRA,MT,Marseille,fr Ligue 1,23,1999,23.4,61.6,1.37,8.25,34.9,19.4,2.69,61.5,1.24,0.60,48.3,0.47,37.9,49.8,315.1,165.0,2.14,2.61,0.38,01.07,0.60,45.9,4.27,Matchs
1099,Javier Guerra,es ESP,MT,Valencia,es La Liga,19,2003,6.7,50.9,1.79,8.51,27.8,15.4,2.24,50.9,4.18,02.09,50.0,1.94,46.4,31.3,207.6,106.1,2.54,1.49,0.75,1.19,2.99,32.5,2.39,Matchs
1100,Raphaël Guerreiro,pt POR,"DF,MT",Dortmund,de Bundesliga,28,1993,25.4,79.8,2.13,17.0,37.4,26.2,2.68,79.8,1.85,01.06,57.4,0.75,40.4,46.3,238.8,135.4,3.35,2.32,0.71,1.10,0.71,52.8,6.42,Matchs
Clt,Joueur,Nation,Pos,Équipe,Comp,Âge,Naissance,90,Touches,SurfRépDéf,ZDéf,MilTer,ZOff,SurfRépOff,Action de jeu,Att,Succ,Succ%,Tkld,Tkld%,Balle au pied,TotDist,DistBut,PrgC,1/3,CSR,Manqué,Perte,Rec,PrgR,Matchs
1101,Axel Guessand,fr FRA,DF,Udinese,it Serie A,17,2004,0.9,35.6,10.0,22.2,13.3,0.00,0.00,35.6,0.00,0.00,,0.00,,14.4,45.6,31.1,0.00,0.00,0.00,1.11,0.00,22.2,0.00,Matchs
1102,Evann Guessand,fr FRA,"AT,MT",Nantes,fr Ligue 1,21,2001,14.0,36.4,0.71,5.21,16.6,15.6,3.43,36.4,5.50,2.64,48.1,2.36,42.9,27.2,220.8,93.8,3.29,1.71,0.57,3.50,2.21,25.3,6.93,Matchs
1103,Ander Guevara,es ESP,MT,Real Sociedad,es La Liga,25,1997,2.5,80.0,0.80,11.2,50.8,19.6,0.00,80.0,1.60,1.20,75.0,0.40,25.0,48.8,230.8,124.4,1.60,1.60,0.00,0.40,0.40,58.8,1.20,Matchs
1104,Pape Gueye,sn SEN,MT,Sevilla,es La Liga,23,1999,13.0,53.8,1.85,11.1,32.5,10.8,1.62,53.8,1.77,01.08,60.9,0.46,26.1,31.0,148.2,62.9,0.69,1.00,0.15,1.46,0.85,33.7,02.08,Matchs
1105,Pape Gueye,sn SEN,"MT,DF",Marseille,fr Ligue 1,23,1999,5.5,70.5,1.64,13.1,44.7,13.3,1.27,70.5,1.27,0.18,14.3,0.73,57.1,54.0,306.7,160.2,1.64,0.73,0.18,1.27,01.09,49.3,2.36,Matchs
1106,Josuha Guilavogui,fr FRA,"DF,MT",Wolfsburg,de Bundesliga,31,1990,13.1,72.4,7.63,27.0,41.4,4.20,0.76,72.4,0.38,0.23,60.0,0.00,0.0,39.9,161.6,81.8,0.31,0.38,0.00,0.61,0.46,44.0,0.46,Matchs
1107,Frederic Guilbert,fr FRA,DF,Strasbourg,fr Ligue 1,27,1994,16.2,65.7,3.15,15.5,35.2,16.3,0.49,65.7,2.16,0.93,42.9,0.99,45.7,38.1,209.1,91.5,1.30,1.54,0.06,1.42,0.37,32.6,3.21,Matchs
1108,Bruno Guimarães,br BRA,MT,Newcastle Utd,eng Premier League,24,1997,30.3,66.5,1.95,12.9,35.5,19.0,1.65,66.5,03.04,1.49,48.9,0.86,28.3,43.6,239.2,96.1,1.35,1.55,0.17,1.52,1.98,49.6,1.39,Matchs
1109,Serhou Guirassy,gn GUI,MT,Rennes,fr Ligue 1,26,1996,0.3,43.3,3.33,3.33,10.0,30.0,16.7,43.3,0.00,0.00,,0.00,,30.0,143.3,0.00,0.00,0.00,0.00,0.00,3.33,26.7,20.0,Matchs
1110,Serhou Guirassy,gn GUI,AT,Stuttgart,de Bundesliga,26,1996,18.3,35.4,0.93,2.19,18.2,15.2,4.86,35.2,1.91,0.77,40.0,0.71,37.1,20.7,91.6,36.9,01.09,01.04,0.77,2.90,01.09,28.7,5.30,Matchs
1111,Rafik Guitane,fr FRA,AT,Reims,fr Ligue 1,23,1999,0.0,3,1,2,1,0,0,3,0,0,,0,,1,7,0,0,0,0,0,1,0,0,Matchs
1112,Péter Gulácsi,hu HUN,GB,RB Leipzig,de Bundesliga,32,1990,6.0,37.5,30.0,37.5,0.00,0.00,0.00,37.5,0.00,0.00,,0.00,,23.7,104.2,50.5,0.00,0.00,0.00,0.00,0.00,19.8,0.00,Matchs
1113,Manuel Gulde,de GER,DF,Freiburg,de Bundesliga,31,1991,7.1,69.2,5.49,29.4,36.1,3.94,0.70,69.2,0.00,0.00,,0.00,,34.4,162.5,90.6,0.85,0.99,0.00,0.56,0.14,41.5,0.70,Matchs
1114,Gerard Gumbau,es ESP,MT,Elche,es La Liga,27,1994,30.4,56.2,1.97,11.1,31.4,14.2,0.92,56.2,0.66,0.23,35.0,0.30,45.0,30.1,129.7,61.6,0.59,0.69,0.07,0.89,0.39,34.5,1.71,Matchs
1115,Robert Gumny,pl POL,DF,Augsburg,de Bundesliga,24,1998,22.4,46.3,3.62,17.1,19.3,10.4,01.03,46.3,0.94,0.31,33.3,0.45,47.6,16.6,75.3,39.6,01.03,0.89,0.04,0.76,0.58,18.4,2.63,Matchs
1116,İlkay Gündoğan,de GER,MT,Manchester City,eng Premier League,31,1990,26.1,69.2,1.19,9.31,37.4,22.8,3.37,69.2,1.61,0.61,38.1,0.69,42.9,41.1,209.1,100.7,02.03,1.69,0.27,01.07,01.03,54.6,4.75,Matchs
1117,Christian Günter,de GER,"DF,MT",Freiburg,de Bundesliga,29,1993,30.5,51.9,1.93,11.0,22.3,18.9,1.61,51.9,0.52,0.33,62.5,0.16,31.3,23.8,106.2,46.4,1.41,01.08,0.20,0.59,0.39,29.1,4.20,Matchs
1118,Koray Günter,de GER,DF,Hellas Verona,it Serie A,27,1994,11.1,50.2,7.39,25.5,22.7,2.61,0.90,50.2,0.36,0.27,75.0,0.09,25.0,19.9,109.8,66.0,0.63,0.54,0.00,0.27,0.09,20.7,0.27,Matchs
1119,Koray Günter,de GER,DF,Sampdoria,it Serie A,27,1994,8.6,59.2,7.79,27.1,29.8,2.67,0.81,59.2,0.12,0.12,100.0,0.00,0.0,28.7,124.4,69.5,0.47,0.70,0.00,0.35,0.00,33.1,0.23,Matchs
1120,Gorka Guruzeta,es ESP,AT,Athletic Club,es La Liga,25,1996,15.8,37.2,0.82,03.04,17.3,16.9,4.68,37.2,1.27,0.63,50.0,0.63,50.0,18.7,73.5,28.5,0.95,0.63,0.25,2.53,1.39,26.1,5.89,Matchs
1121,Malo Gusto,fr FRA,DF,Lyon,fr Ligue 1,19,2003,17.7,91.4,2.77,19.8,43.6,29.0,1.47,91.4,2.82,1.13,40.0,1.13,40.0,67.5,381.1,176.3,3.73,4.12,0.56,0.96,0.68,60.7,8.31,Matchs
1122,Raúl Guti,es ESP,MT,Elche,es La Liga,25,1996,12.4,42.0,0.97,9.68,22.8,9.92,1.45,42.0,01.05,0.40,38.5,0.65,61.5,24.8,97.6,35.9,0.32,01.05,0.16,1.13,1.45,28.9,1.37,Matchs
1123,Miguel Gutiérrez,es ESP,DF,Girona,es La Liga,21,2001,26.6,61.2,2.48,17.5,26.2,18.1,1.47,61.2,2.82,1.32,46.7,1.20,42.7,36.1,216.7,105.4,03.05,1.62,0.64,1.35,0.94,39.0,5.56,Matchs
1124,Joško Gvardiol,hr CRO,DF,RB Leipzig,de Bundesliga,20,2002,24.1,98.3,10.1,45.6,50.3,2.95,0.91,98.3,0.75,0.66,88.9,0.08,11.1,71.0,335.6,179.9,1.12,0.54,0.12,0.37,0.25,74.5,0.17,Matchs
1125,Darko Gyabi,eng ENG,AT,Leeds United,eng Premier League,18,2004,0.1,80.0,0.00,10.0,40.0,30.0,10.0,80.0,10.0,0.00,0.0,0.00,0.0,40.0,50.0,30.0,0.00,0.00,0.00,10.0,0.00,20.0,0.00,Matchs
Clt,Joueur,Nation,Pos,Équipe,Comp,Âge,Naissance,90,Touches,SurfRépDéf,ZDéf,MilTer,ZOff,SurfRépOff,Action de jeu,Att,Succ,Succ%,Tkld,Tkld%,Balle au pied,TotDist,DistBut,PrgC,1/3,CSR,Manqué,Perte,Rec,PrgR,Matchs
1126,Emmanuel Gyasi,gh GHA,"AT,DF",Spezia,it Serie A,28,1994,31.2,35.4,1.25,6.28,14.2,15.1,2.95,35.4,1.25,0.22,17.9,0.93,74.4,20.1,105.0,38.8,1.12,01.06,0.48,2.31,1.35,23.9,4.94,Matchs
1127,Norbert Gyömbér,sk SVK,DF,Salernitana,it Serie A,30,1992,19.3,49.5,07.05,27.8,20.8,1.14,0.47,49.5,0.16,0.10,66.7,0.05,33.3,23.0,114.0,43.9,0.26,0.05,0.00,0.10,0.05,24.9,0.10,Matchs
1128,Christian Gytkjær,dk DEN,"AT,MT",Monza,it Serie A,32,1990,6.2,26.0,0.81,1.29,12.9,11.8,4.35,25.8,0.81,0.48,60.0,0.32,40.0,13.5,44.2,8.55,0.16,0.32,0.32,2.74,0.81,19.2,5.16,Matchs
1129,Erling Haaland,no NOR,AT,Manchester City,eng Premier League,22,2000,30.8,24.8,0.58,1.27,9.42,14.1,07.05,24.5,01.04,0.36,34.4,0.58,56.3,13.1,65.6,24.7,1.14,0.32,0.81,1.66,0.84,18.9,4.90,Matchs
1130,Nicolas Haas,ch SUI,MT,Empoli,it Serie A,26,1996,12.8,43.3,3.36,14.6,19.8,8.98,1.25,43.3,0.47,0.08,16.7,0.31,66.7,20.5,73.9,35.1,0.78,01.02,0.16,1.33,0.70,26.3,1.80,Matchs
1131,Janik Haberer,de GER,MT,Union Berlin,de Bundesliga,28,1994,24.3,38.1,01.07,6.95,19.3,12.5,1.98,38.1,1.28,0.45,35.5,0.58,45.2,19.3,79.4,36.9,0.86,0.62,0.21,1.48,0.78,22.2,3.46,Matchs
1132,Alexander Hack,de GER,DF,Mainz 05,de Bundesliga,28,1993,12.6,58.3,5.87,27.8,29.1,2.14,01.03,58.3,0.16,0.16,100.0,0.00,0.0,27.3,116.9,64.9,0.08,0.32,0.00,0.24,0.08,26.7,0.00,Matchs
1133,Munir El Haddadi,ma MAR,"MT,AT",Getafe,es La Liga,26,1995,12.8,48.0,0.63,5.16,19.8,23.4,3.75,48.0,2.66,0.94,35.3,1.25,47.1,26.9,119.5,43.9,1.56,01.02,0.55,3.52,1.95,30.5,6.56,Matchs
1134,Jaouen Hadjam,dz ALG,DF,Nantes,fr Ligue 1,19,2003,8.9,66.6,3.37,18.1,34.0,15.8,1.46,66.6,4.94,3.26,65.9,1.35,27.3,42.7,303.0,146.3,2.47,2.25,0.67,1.69,1.57,37.0,4.38,Matchs
1135,Dennis Hadzikadunic,ba BIH,DF,Mallorca,es La Liga,24,1998,6.8,35.6,4.56,16.0,17.2,2.35,0.88,35.6,0.00,0.00,,0.00,,15.7,90.4,41.6,0.15,0.44,0.00,0.29,0.00,17.8,0.00,Matchs
1136,André Hahn,de GER,"AT,MT",Augsburg,de Bundesliga,31,1990,4.3,36.3,3.26,8.84,14.7,13.5,1.63,36.3,1.40,0.23,16.7,0.93,66.7,13.3,59.5,26.7,0.70,1.16,0.00,03.02,0.23,16.3,2.33,Matchs
1137,Amadou Haidara,ml MLI,MT,RB Leipzig,de Bundesliga,24,1998,15.9,61.6,02.01,12.0,38.9,10.9,0.44,61.6,0.75,0.57,75.0,0.13,16.7,35.3,156.9,74.8,0.63,1.19,0.00,0.69,0.82,40.0,0.50,Matchs
1138,Massadio Haïdara,ml MLI,"DF,MT",Lens,fr Ligue 1,29,1992,18.6,63.9,04.09,18.5,32.8,12.7,1.56,63.9,01.08,0.43,40.0,0.32,30.0,44.2,244.0,121.1,1.24,1.56,0.27,1.34,0.27,40.4,3.12,Matchs
1139,Achraf Hakimi,ma MAR,"DF,MT",Paris S-G,fr Ligue 1,23,1998,22.8,77.7,2.15,15.8,31.4,31.3,3.60,77.7,3.25,1.27,39.2,1.40,43.2,62.0,337.7,187.8,3.73,2.89,0.96,1.27,01.01,58.2,10.0,Matchs
1140,Lewis Hall,eng ENG,DF,Chelsea,eng Premier League,17,2004,7.3,73.0,03.01,22.6,28.4,22.9,2.88,73.0,3.70,1.51,40.7,1.78,48.1,43.8,222.9,116.2,2.60,1.23,0.82,2.19,0.96,48.1,5.48,Matchs
1141,Sébastien Haller,ci CIV,AT,Dortmund,de Bundesliga,28,1994,13.6,30.7,0.66,2.50,13.6,14.9,5.00,30.6,1.18,0.66,56.3,0.51,43.8,14.9,57.9,22.1,0.81,0.22,0.29,1.32,1.10,22.4,4.78,Matchs
1142,Marcel Halstenberg,de GER,DF,RB Leipzig,de Bundesliga,30,1991,17.3,76.9,2.20,23.6,37.7,16.3,1.21,76.9,0.98,0.58,58.8,0.40,41.2,41.4,176.2,86.6,1.27,1.10,0.23,1.10,0.40,47.3,3.82,Matchs
1143,Mathis Hamdi,fr FRA,DF,Troyes,fr Ligue 1,18,2003,0.8,55.0,2.50,17.5,20.0,17.5,0.00,55.0,1.25,0.00,0.0,1.25,100.0,35.0,232.5,35.0,0.00,0.00,0.00,2.50,0.00,33.8,8.75,Matchs
1144,Ben Hamed Touré,ci CIV,AT,Ajaccio,fr Ligue 1,18,2003,2.3,27.0,1.74,5.22,13.9,8.26,0.00,27.0,1.74,1.30,75.0,0.43,25.0,15.7,114.3,34.3,0.87,0.87,0.00,2.61,1.30,15.7,3.48,Matchs
1145,Romain Hamouma,fr FRA,"AT,MT",Ajaccio,fr Ligue 1,35,1987,12.0,40.8,0.33,1.92,19.1,20.3,3.50,40.8,3.17,1.33,42.1,1.75,55.3,30.0,193.8,76.5,2.42,1.33,0.92,3.17,1.17,29.6,9.17,Matchs
1146,Saïd Hamulic,ba BIH,AT,Toulouse,fr Ligue 1,21,2000,1.2,20.0,0.00,0.00,12.5,8.33,0.83,20.0,4.17,2.50,60.0,1.67,40.0,18.3,156.7,22.5,0.83,0.83,0.00,2.50,3.33,16.7,2.50,Matchs
1147,Andreas Hanche-Olsen,no NOR,DF,Mainz 05,de Bundesliga,25,1997,16.6,57.2,6.69,30.8,23.0,3.92,0.96,57.2,0.30,0.24,80.0,0.06,20.0,29.3,138.3,67.3,0.36,0.66,0.00,0.72,0.36,29.5,0.60,Matchs
1148,Samir Handanović,si SVN,GB,Inter,it Serie A,38,1984,13.7,44.6,36.4,44.3,0.22,0.07,0.00,44.6,0.00,0.00,,0.00,,28.0,149.6,122.6,0.00,0.00,0.00,0.07,0.00,29.6,0.00,Matchs
1149,Genki Haraguchi,jp JPN,MT,Stuttgart,de Bundesliga,31,1991,8.3,45.9,1.57,7.95,26.4,12.0,01.08,45.9,1.81,01.08,60.0,0.60,33.3,28.7,138.3,64.9,1.93,1.20,0.36,1.81,0.60,31.6,3.37,Matchs
1150,Genki Haraguchi,jp JPN,MT,Union Berlin,de Bundesliga,31,1991,5.5,38.9,2.18,6.18,21.6,11.6,1.82,38.9,01.09,0.91,83.3,0.18,16.7,19.8,106.5,49.5,01.09,1.45,0.36,0.91,0.55,22.0,3.27,Matchs
Clt,Joueur,Nation,Pos,Équipe,Comp,Âge,Naissance,90,Touches,SurfRépDéf,ZDéf,MilTer,ZOff,SurfRépOff,Action de jeu,Att,Succ,Succ%,Tkld,Tkld%,Balle au pied,TotDist,DistBut,PrgC,1/3,CSR,Manqué,Perte,Rec,PrgR,Matchs
1151,Amine Harit,ma MAR,"MT,AT",Marseille,fr Ligue 1,25,1997,5.7,59.8,1.75,5.79,24.4,30.9,5.26,59.8,6.32,2.28,36.1,3.16,50.0,49.8,323.2,138.8,3.33,2.28,1.58,3.16,2.98,47.9,9.47,Matchs
1152,Luke Harris,wls WAL,"MT,AT",Fulham,eng Premier League,17,2005,0.1,140.0,0.00,0.00,80.0,60.0,0.00,140.0,0.00,0.00,,0.00,,90.0,460.0,140.0,0.00,0.00,0.00,0.00,10.0,130.0,0.00,Matchs
1153,Jack Harrison,eng ENG,"AT,MT",Leeds United,eng Premier League,25,1996,30.1,51.7,01.03,6.38,18.2,27.8,2.69,51.7,3.92,1.59,40.7,1.96,50.0,31.9,175.1,85.8,3.42,1.86,0.80,03.06,02.03,34.5,8.47,Matchs
1154,Abdou Harroui,nl NED,MT,Sassuolo,it Serie A,24,1998,7.2,54.9,2.22,9.44,29.3,17.5,02.08,54.9,02.08,1.53,73.3,0.56,26.7,31.7,191.5,87.8,2.92,2.78,0.42,1.67,1.81,38.8,4.44,Matchs
1155,Makoto Hasebe,jp JPN,DF,Eint Frankfurt,de Bundesliga,38,1984,14.5,78.0,9.59,37.4,39.2,1.66,0.00,78.0,0.00,0.00,,0.00,,49.2,258.2,145.4,0.62,0.48,0.07,0.21,0.07,51.3,0.14,Matchs
1156,Haissem Hassan,fr FRA,"AT,MT",Villarreal,es La Liga,20,2002,0.6,41.7,1.67,10.0,16.7,18.3,1.67,41.7,6.67,3.33,50.0,1.67,25.0,35.0,373.3,100.0,5.00,1.67,1.67,3.33,0.00,35.0,5.00,Matchs
1157,Hans Hateboer,nl NED,DF,Atalanta,it Serie A,28,1994,15.5,53.1,2.39,14.2,22.1,17.0,1.87,53.1,0.58,0.26,44.4,0.19,33.3,25.7,116.4,58.3,01.03,0.90,0.06,0.52,0.45,32.6,4.71,Matchs
1158,Kai Havertz,de GER,"AT,MT",Chelsea,eng Premier League,23,1999,28.5,44.1,1.61,3.79,18.2,22.5,5.79,44.1,2.14,0.63,29.5,1.33,62.3,25.5,131.3,52.0,02.07,1.16,01.05,2.77,1.26,33.2,7.65,Matchs
1159,Eden Hazard,be BEL,AT,Real Madrid,es La Liga,31,1991,2.2,58.2,0.00,2.27,20.0,37.3,5.91,57.7,2.73,0.91,33.3,0.91,33.3,43.2,234.5,121.8,2.73,3.64,0.45,04.09,0.91,50.9,11.4,Matchs
1160,Thorgan Hazard,be BEL,"AT,DF",Dortmund,de Bundesliga,29,1993,5.2,74.2,2.31,14.6,28.5,32.5,3.46,74.2,2.88,0.58,20.0,1.73,60.0,40.2,196.0,109.0,04.04,2.12,0.96,1.35,0.00,42.9,9.62,Matchs
1161,Rhys Healey,wls WAL,AT,Toulouse,fr Ligue 1,27,1994,0.7,34.3,0.00,2.86,10.0,21.4,11.4,34.3,0.00,0.00,,0.00,,27.1,134.3,30.0,1.43,0.00,1.43,4.29,2.86,32.9,10.0,Matchs
1162,Jan Paul van Hecke,nl NED,DF,Brighton,eng Premier League,22,2000,3.3,87.3,8.18,36.4,47.0,3.94,0.61,87.3,0.00,0.00,,0.00,,56.7,334.5,192.4,0.91,1.52,0.00,0.30,0.00,64.5,0.00,Matchs
1163,Jonas Hector,de GER,DF,Köln,de Bundesliga,32,1990,31.4,71.6,04.04,21.3,33.8,17.4,1.78,71.6,1.88,01.05,55.9,0.48,25.4,35.8,183.5,82.1,1.72,1.40,0.29,1.15,0.61,39.0,3.89,Matchs
1164,Hwang Hee-chan,kr KOR,"AT,MT",Wolves,eng Premier League,26,1996,12.6,33.7,01.03,5.24,14.1,14.9,03.02,33.7,2.54,01.03,40.6,01.03,40.6,17.6,120.6,55.7,1.98,0.87,0.56,1.98,1.59,21.2,4.76,Matchs
1165,Gauthier Hein,fr FRA,"MT,AT",Auxerre,fr Ligue 1,25,1996,20.8,45.7,0.67,5.96,22.1,18.4,2.69,45.7,2.36,0.91,38.8,1.35,57.1,34.8,238.6,103.5,2.93,1.73,1.15,1.68,1.15,32.1,6.83,Matchs
1166,Dominique Heintz,de GER,DF,Bochum,de Bundesliga,28,1993,8.8,45.9,5.80,21.8,21.7,2.73,0.45,45.9,0.45,0.45,100.0,0.00,0.0,21.9,102.3,44.0,0.34,0.57,0.00,0.00,0.45,21.8,0.23,Matchs
1167,Dean Henderson,eng ENG,GB,Nott'ham Forest,eng Premier League,25,1997,18.0,39.7,33.3,39.5,0.28,0.00,0.00,39.7,0.00,0.00,,0.00,,22.1,124.6,69.2,0.00,0.00,0.00,0.06,0.00,17.7,0.00,Matchs
1168,Jordan Henderson,eng ENG,MT,Liverpool,eng Premier League,32,1990,23.0,77.5,1.48,12.0,44.0,22.0,1.96,77.5,1.00,0.52,52.2,0.35,34.8,46.1,210.3,89.0,1.61,2.13,0.04,0.78,0.39,57.3,3.91,Matchs
1169,Liam Henderson,sct SCO,MT,Empoli,it Serie A,26,1996,11.2,55.5,1.70,12.1,31.5,12.7,1.25,55.5,0.45,0.00,0.0,0.45,100.0,32.9,149.0,63.3,0.98,0.80,0.00,0.98,0.54,39.3,3.39,Matchs
1170,Jack Hendry,sct SCO,DF,Cremonese,it Serie A,27,1995,2.4,61.7,5.42,29.6,30.4,2.92,0.00,61.7,0.42,0.00,0.0,0.42,100.0,39.2,237.9,150.4,0.42,0.83,0.00,0.00,0.00,37.5,0.00,Matchs
1171,Wayne Hennessey,wls WAL,GB,Nott'ham Forest,eng Premier League,35,1987,3.0,36.0,30.3,36.0,0.00,0.00,0.00,36.0,0.00,0.00,,0.00,,18.7,106.0,60.3,0.00,0.00,0.00,0.00,0.00,15.7,0.00,Matchs
1172,Benjamin Henrichs,de GER,"DF,MT",RB Leipzig,de Bundesliga,25,1997,24.3,76.4,2.67,21.4,35.9,19.7,02.02,76.4,1.56,0.82,52.6,0.53,34.2,44.3,205.7,96.5,1.98,1.48,0.33,1.32,0.70,47.6,6.13,Matchs
1173,Henrique,br BRA,"DF,AT",Lyon,fr Ligue 1,28,1994,4.0,65.0,1.75,16.5,37.5,11.5,0.25,65.0,1.50,0.25,16.7,0.75,50.0,44.3,221.8,71.3,0.75,1.00,0.00,0.75,0.50,42.0,1.00,Matchs
1174,Luiz Henrique,br BRA,AT,Betis,es La Liga,21,2001,20.1,43.8,0.85,7.96,18.4,18.7,2.99,43.8,6.22,2.79,44.8,2.49,40.0,28.1,200.2,82.8,03.03,02.04,1.19,2.89,2.94,29.7,6.82,Matchs
1175,Matheus Henrique,br BRA,MT,Sassuolo,it Serie A,24,1997,21.6,47.5,1.34,07.08,26.1,14.9,1.44,47.5,2.45,1.57,64.2,0.46,18.9,32.2,183.6,90.3,1.85,1.81,0.14,1.30,0.74,35.5,3.15,Matchs
Clt,Joueur,Nation,Pos,Équipe,Comp,Âge,Naissance,90,Touches,SurfRépDéf,ZDéf,MilTer,ZOff,SurfRépOff,Action de jeu,Att,Succ,Succ%,Tkld,Tkld%,Balle au pied,TotDist,DistBut,PrgC,1/3,CSR,Manqué,Perte,Rec,PrgR,Matchs
1176,Rico Henry,eng ENG,DF,Brentford,eng Premier League,25,1997,36.0,43.9,3.19,13.3,18.0,13.4,0.83,43.9,1.39,0.72,52.0,0.47,34.0,21.7,105.3,50.9,1.53,1.14,0.25,1.39,1.22,22.6,03.08,Matchs
1177,Thomas Henry,fr FRA,AT,Hellas Verona,it Serie A,27,1994,11.4,32.8,1.32,2.19,14.0,16.8,4.21,32.8,1.23,0.26,21.4,0.96,78.6,16.9,54.2,15.9,0.26,0.61,0.09,4.56,2.19,26.6,05.09,Matchs
1178,Christophe Hérelle,mq MTQ,DF,Brest,fr Ligue 1,29,1992,11.8,46.8,7.20,27.4,17.8,2.12,0.42,46.8,0.17,0.08,50.0,0.08,50.0,32.0,159.2,66.7,0.17,0.17,0.00,0.25,0.08,27.3,0.17,Matchs
1179,Mario Hermoso,es ESP,DF,Atlético Madrid,es La Liga,27,1995,23.4,73.4,5.94,30.6,35.9,7.31,0.90,73.4,0.94,0.60,63.6,0.30,31.8,37.9,151.9,84.6,0.98,0.68,0.00,0.85,0.38,48.9,0.73,Matchs
1180,Javi Hernández,es ESP,DF,Girona,es La Liga,24,1998,12.4,70.2,4.35,23.3,34.8,12.7,01.05,70.2,1.29,0.89,68.8,0.40,31.3,40.4,234.4,148.5,3.31,1.94,0.08,0.56,0.65,44.8,02.02,Matchs
1181,Aridane Hernández,es ESP,DF,Osasuna,es La Liga,33,1989,19.9,54.3,7.89,28.5,24.9,1.31,0.55,54.3,0.35,0.30,85.7,0.00,0.0,29.8,140.8,70.7,0.30,0.25,0.05,0.30,0.15,30.9,0.00,Matchs
1182,Lucas Hernández,fr FRA,DF,Bayern Munich,de Bundesliga,26,1996,5.3,76.8,3.77,28.9,41.9,6.23,0.38,76.8,0.57,0.19,33.3,0.19,33.3,50.4,217.2,124.0,0.57,0.57,0.00,0.19,0.00,57.0,0.75,Matchs
1183,Luis Hernández,es ESP,DF,Cádiz,es La Liga,33,1989,35.0,51.1,6.23,23.8,20.9,6.57,0.40,51.1,0.11,0.09,75.0,0.00,0.0,22.4,98.5,58.1,0.29,0.14,0.00,0.14,0.06,25.5,0.23,Matchs
1184,Mario Hernández,es ESP,DF,Rayo Vallecano,es La Liga,23,1999,1.1,43.6,1.82,8.18,24.5,10.9,0.91,43.6,0.91,0.00,0.0,0.91,100.0,26.4,127.3,83.6,3.64,0.00,0.91,0.00,1.82,24.5,0.00,Matchs
1185,Theo Hernández,fr FRA,DF,Milan,it Serie A,24,1997,30.8,67.5,2.24,16.1,33.3,19.0,2.24,67.4,2.21,0.62,27.9,1.17,52.9,38.1,249.0,145.7,3.51,2.60,0.52,1.49,0.62,41.6,4.74,Matchs
1186,Jorge Herrando,es ESP,DF,Osasuna,es La Liga,21,2001,0.3,30.0,13.3,23.3,6.67,0.00,0.00,30.0,0.00,0.00,,0.00,,3.33,6.67,0.00,0.00,0.00,0.00,0.00,0.00,10.0,0.00,Matchs
1187,Ander Herrera,es ESP,MT,Athletic Club,es La Liga,32,1989,7.7,70.1,2.34,12.9,39.2,18.3,2.21,70.1,1.30,0.65,50.0,0.52,40.0,41.0,131.0,58.7,01.04,01.04,0.13,0.78,01.04,50.3,1.82,Matchs
1188,Sergio Herrera,es ESP,GB,Osasuna,es La Liga,29,1993,17.0,38.4,30.3,37.9,0.47,0.00,0.00,38.4,0.12,0.12,100.0,0.00,0.0,19.8,117.1,72.4,0.00,0.00,0.00,0.12,0.00,15.6,0.00,Matchs
1189,Yangel Herrera,ve VEN,"MT,AT",Girona,es La Liga,24,1998,10.7,52.0,1.59,7.66,28.1,16.8,2.99,52.0,2.15,1.12,52.2,0.75,34.8,32.3,150.6,64.1,1.68,1.31,0.28,2.34,02.06,39.0,5.23,Matchs
1190,Patrick Herrmann,de GER,"AT,MT",M'Gladbach,de Bundesliga,31,1991,1.8,83.3,1.67,19.4,27.2,37.8,8.33,83.3,2.22,0.00,0.0,2.22,100.0,41.7,206.1,98.3,3.89,4.44,1.67,0.56,2.22,47.2,10.6,Matchs
1191,Son Heung-min,kr KOR,"MT,AT",Tottenham,eng Premier League,30,1992,32.1,37.9,0.37,4.45,14.2,20.0,3.30,37.9,2.59,01.03,39.8,1.25,48.2,22.7,153.5,73.4,2.55,1.87,0.97,1.99,1.71,26.8,6.11,Matchs
1192,Aaron Hickey,sct SCO,DF,Brentford,eng Premier League,20,2002,21.3,48.3,2.21,15.4,23.4,9.91,0.99,48.3,2.11,0.80,37.8,0.85,40.0,28.9,154.7,84.6,1.92,0.80,0.14,0.75,0.61,29.3,2.21,Matchs
1193,Isak Hien,se SWE,DF,Hellas Verona,it Serie A,23,1999,29.0,46.5,5.79,27.4,18.1,1.62,0.45,46.5,01.07,0.55,51.6,0.38,35.5,20.9,94.3,44.6,0.59,0.34,0.00,0.90,0.34,19.9,0.07,Matchs
1194,Omar El Hilali,ma MAR,"DF,MT",Espanyol,es La Liga,18,2003,1.0,55.0,6.00,30.0,15.0,10.0,1.00,55.0,1.00,0.00,0.0,1.00,100.0,19.0,44.0,5.00,0.00,0.00,0.00,4.00,0.00,20.0,5.00,Matchs
1195,Piero Hincapié,ec ECU,DF,Leverkusen,de Bundesliga,20,2002,27.3,77.4,6.34,31.6,39.1,7.14,01.03,77.4,1.14,0.51,45.2,0.55,48.4,43.0,220.5,132.1,1.68,1.32,0.29,0.77,0.33,51.1,1.54,Matchs
1196,Jack Hinshelwood,eng ENG,AT,Brighton,eng Premier League,17,2005,0.0,5,0,2,2,1,1,5,0,0,,0,,2,2,2,0,0,0,0,0,3,1,Matchs
1197,Morten Hjulmand,dk DEN,MT,Lecce,it Serie A,23,1999,32.9,50.6,03.07,14.3,29.8,6.84,0.18,50.6,0.79,0.52,65.4,0.09,11.5,22.8,102.7,40.2,0.27,0.49,0.00,0.88,0.58,24.0,0.49,Matchs
1198,Adam Hložek,cz CZE,"AT,MT",Leverkusen,de Bundesliga,20,2002,14.3,34.3,0.77,3.43,16.5,14.7,2.94,34.3,1.54,0.63,40.9,0.49,31.8,17.6,78.7,37.4,1.54,1.19,0.63,03.01,1.54,24.9,4.90,Matchs
1199,Joseph Hodge,ie IRL,MT,Wolves,eng Premier League,19,2002,1.9,62.1,2.63,13.7,29.5,18.9,2.11,62.1,0.00,0.00,,0.00,,29.5,91.6,46.8,0.53,01.05,0.00,0.53,01.05,40.5,2.63,Matchs
1200,Nicolas Höfler,de GER,MT,Freiburg,de Bundesliga,32,1990,31.3,54.0,3.19,15.1,32.8,6.45,0.99,54.0,0.89,0.54,60.7,0.32,35.7,25.7,119.3,46.3,0.38,0.35,0.06,01.05,0.42,28.6,0.32,Matchs
Clt,Joueur,Nation,Pos,Équipe,Comp,Âge,Naissance,90,Touches,SurfRépDéf,ZDéf,MilTer,ZOff,SurfRépOff,Action de jeu,Att,Succ,Succ%,Tkld,Tkld%,Balle au pied,TotDist,DistBut,PrgC,1/3,CSR,Manqué,Perte,Rec,PrgR,Matchs
1201,Jonas Hofmann,de GER,"AT,MT",M'Gladbach,de Bundesliga,30,1992,29.8,59.7,0.91,8.83,26.9,24.6,3.19,59.7,01.07,0.47,43.8,0.54,50.0,34.2,168.0,82.0,2.45,1.68,0.81,1.41,1.14,40.8,6.61,Matchs
1202,Philipp Hofmann,de GER,AT,Bochum,de Bundesliga,29,1993,29.2,34.0,02.02,2.81,17.0,14.3,04.01,34.0,0.72,0.31,42.9,0.34,47.6,13.8,41.2,11.0,0.24,0.27,0.10,1.71,1.27,25.6,04.01,Matchs
1203,Rob Holding,eng ENG,DF,Arsenal,eng Premier League,26,1995,6.3,79.2,9.21,38.1,38.9,2.38,1.11,79.2,0.16,0.16,100.0,0.00,0.0,50.6,232.7,139.8,0.48,0.16,0.16,0.48,0.00,53.8,0.32,Matchs
1204,Lucas Höler,de GER,"AT,MT",Freiburg,de Bundesliga,28,1994,16.7,40.2,1.50,5.93,17.1,17.7,3.89,40.2,1.26,0.66,52.4,0.42,33.3,18.4,85.7,37.7,1.14,0.66,0.24,1.74,0.84,28.0,5.21,Matchs
1205,Mason Holgate,eng ENG,DF,Everton,eng Premier League,25,1996,5.6,51.1,6.25,21.4,24.8,4.82,0.89,51.1,0.54,0.54,100.0,0.00,0.0,17.9,80.4,49.8,0.71,0.54,0.00,01.07,0.00,25.2,0.89,Matchs
1206,Emil Holm,se SWE,DF,Spezia,it Serie A,22,2000,15.5,51.9,2.71,11.5,20.5,20.5,2.58,51.9,2.84,1.16,40.9,1.35,47.7,21.8,161.9,72.8,2.65,1.55,0.65,03.03,1.42,27.7,5.29,Matchs
1207,Noah Holm,no NOR,"AT,MT",Reims,fr Ligue 1,21,2001,2.2,39.1,2.73,7.73,22.3,9.55,2.27,39.1,04.09,1.36,33.3,2.73,66.7,27.3,147.7,49.5,0.45,0.91,0.00,2.27,2.73,26.4,3.64,Matchs
1208,Gerrit Holtmann,ph PHI,"AT,MT",Bochum,de Bundesliga,27,1995,10.5,40.4,0.19,4.19,13.9,23.0,3.62,40.4,3.90,1.52,39.0,2.19,56.1,21.9,181.0,83.0,3.52,2.10,0.76,2.95,1.52,25.9,7.90,Matchs
1209,Martin Hongla,cm CMR,MT,Hellas Verona,it Serie A,24,1998,5.8,44.5,02.07,11.4,24.5,9.31,0.52,44.5,2.41,1.38,57.1,01.03,42.9,22.6,117.2,59.5,01.03,0.69,0.17,0.69,0.52,24.3,1.72,Matchs
1210,Martin Hongla,cm CMR,"DF,MT",Valladolid,es La Liga,24,1998,14.5,51.4,5.79,23.0,25.6,3.17,0.07,51.4,0.76,0.62,81.8,0.14,18.2,31.4,169.5,89.8,0.41,0.48,0.07,0.97,0.07,31.9,0.34,Matchs
1211,Franck Honorat,fr FRA,"AT,MT",Brest,fr Ligue 1,25,1996,28.2,46.7,0.71,6.10,16.5,25.0,3.48,46.7,1.95,0.53,27.3,1.24,63.6,32.6,216.6,97.8,3.48,2.23,01.06,1.99,0.74,30.1,9.26,Matchs
1212,Jannes Horn,de GER,"DF,AT",Bochum,de Bundesliga,25,1997,0.7,38.6,4.29,31.4,4.29,2.86,0.00,38.6,0.00,0.00,,0.00,,15.7,70.0,22.9,0.00,0.00,0.00,0.00,0.00,17.1,0.00,Matchs
1213,Cédric Hountondji,bj BEN,DF,Angers,fr Ligue 1,28,1994,34.4,51.6,6.83,26.9,23.7,1.13,0.67,51.6,0.06,0.03,50.0,0.03,50.0,35.4,175.6,86.6,0.15,0.26,0.06,0.23,0.09,31.3,0.03,Matchs
1214,Ilyes Housni,fr FRA,AT,Paris S-G,fr Ligue 1,17,2005,0.1,50.0,0.00,10.0,20.0,20.0,0.00,50.0,0.00,0.00,,0.00,,60.0,250.0,130.0,0.00,0.00,0.00,10.0,20.0,60.0,10.0,Matchs
1215,Lukáš Hrádecký,fi FIN,GB,Leverkusen,de Bundesliga,32,1989,33.0,35.2,30.5,34.9,0.30,0.00,0.00,35.2,0.00,0.00,,0.00,,20.2,112.6,65.9,0.00,0.00,0.00,0.09,0.00,16.6,0.00,Matchs
1216,Petko Hristov,bg BUL,DF,Spezia,it Serie A,23,1999,4.1,61.2,4.63,24.6,29.8,07.07,0.73,61.2,0.73,0.00,0.0,0.73,100.0,27.3,124.4,65.9,0.49,0.49,0.00,0.73,0.00,32.4,0.73,Matchs
1217,Ajdin Hrustic,au AUS,MT,Hellas Verona,it Serie A,26,1996,2.5,48.4,1.60,6.80,23.6,18.8,2.40,48.4,4.80,1.60,33.3,3.20,66.7,25.2,165.6,68.4,2.80,2.40,0.80,3.20,1.20,30.8,4.80,Matchs
1218,Timo Hübers,de GER,DF,Köln,de Bundesliga,26,1996,28.4,71.1,9.58,41.9,27.7,02.01,0.85,71.1,0.21,0.21,100.0,0.00,0.0,40.4,193.9,99.7,0.35,0.25,0.00,0.35,0.07,42.9,0.07,Matchs
1219,Callum Hudson-Odoi,eng ENG,"AT,MT",Leverkusen,de Bundesliga,21,2000,6.7,43.0,0.90,4.78,21.6,17.5,1.49,43.0,4.18,02.09,50.0,1.49,35.7,28.8,240.3,133.3,4.48,3.43,0.90,01.04,02.09,35.8,6.57,Matchs
1220,Will Hughes,eng ENG,MT,Crystal Palace,eng Premier League,27,1995,9.4,50.4,2.87,10.7,26.6,13.9,1.38,50.4,0.74,0.32,42.9,0.43,57.1,24.9,123.6,67.7,1.49,01.06,0.32,1.49,01.06,27.9,2.45,Matchs
1221,Mats Hummels,de GER,DF,Dortmund,de Bundesliga,33,1988,22.4,87.1,8.26,39.2,44.3,3.97,1.38,87.1,0.45,0.27,60.0,0.18,40.0,55.2,306.3,179.0,0.94,0.80,0.00,0.18,0.36,58.5,0.27,Matchs
1222,Adrien Hunou,fr FRA,"MT,AT",Angers,fr Ligue 1,28,1994,24.8,40.6,0.40,5.56,20.5,15.1,2.78,40.6,1.37,0.52,38.2,0.65,47.1,31.0,165.6,61.1,1.37,1.45,0.40,2.34,0.93,28.9,06.01,Matchs
1223,Denis Huseinbasic,de GER,"MT,AT",Köln,de Bundesliga,21,2001,8.8,46.5,01.02,7.39,20.6,19.1,2.95,46.5,2.16,0.68,31.6,1.36,63.2,26.0,137.3,57.3,1.36,1.14,0.23,2.73,02.05,27.4,5.11,Matchs
1224,Omari Hutchinson,eng ENG,AT,Chelsea,eng Premier League,18,2003,0.3,53.3,0.00,0.00,13.3,40.0,10.0,53.3,0.00,0.00,,0.00,,36.7,203.3,76.7,3.33,0.00,3.33,3.33,3.33,40.0,6.67,Matchs
1225,Elseid Hysaj,al ALB,DF,Lazio,it Serie A,28,1994,22.2,71.6,2.75,24.4,37.2,10.6,0.45,71.6,0.95,0.27,28.6,0.45,47.6,37.0,159.1,82.7,1.62,1.22,0.18,0.86,0.59,45.9,2.70,Matchs
Clt,Joueur,Nation,Pos,Équipe,Comp,Âge,Naissance,90,Touches,SurfRépDéf,ZDéf,MilTer,ZOff,SurfRépOff,Action de jeu,Att,Succ,Succ%,Tkld,Tkld%,Balle au pied,TotDist,DistBut,PrgC,1/3,CSR,Manqué,Perte,Rec,PrgR,Matchs
1226,Pierre Højbjerg,dk DEN,MT,Tottenham,eng Premier League,26,1995,34.8,75.7,3.51,19.3,44.2,12.9,0.95,75.7,1.29,0.86,66.7,0.34,26.7,43.3,196.7,92.4,1.32,1.18,0.23,1.12,01.01,55.3,1.90,Matchs
1227,Rasmus Højlund,dk DEN,AT,Atalanta,it Serie A,19,2003,20.4,34.3,0.29,0.83,12.3,21.5,6.52,34.3,3.68,1.37,37.3,1.52,41.3,22.3,123.7,41.9,1.96,1.27,1.52,4.61,2.75,27.9,11.0,Matchs
1228,Iago,br BRA,"DF,MT",Augsburg,de Bundesliga,25,1997,17.8,53.3,3.71,16.9,22.2,14.6,1.46,53.3,2.13,0.84,39.5,01.07,50.0,20.5,125.3,59.2,1.52,0.67,0.28,1.46,0.56,22.2,2.75,Matchs
1229,Pablo Ibáñez,es ESP,MT,Osasuna,es La Liga,23,1998,11.8,44.7,2.63,9.83,25.2,10.2,2.37,44.7,1.27,0.68,53.3,0.51,40.0,24.1,126.9,59.8,1.27,0.85,0.25,1.36,1.19,28.2,3.56,Matchs
1230,Roger Ibanez,br BRA,DF,Roma,it Serie A,23,1998,31.1,64.7,6.72,31.9,31.3,2.57,01.06,64.7,0.71,0.42,59.1,0.23,31.8,39.1,214.7,117.8,0.77,0.51,0.06,0.80,0.58,40.9,0.29,Matchs
1231,Arijon Ibrahimović,de GER,MT,Bayern Munich,de Bundesliga,16,2005,0.2,65.0,0.00,15.0,30.0,20.0,10.0,65.0,5.00,0.00,0.0,0.00,0.0,30.0,45.0,40.0,0.00,5.00,0.00,0.00,0.00,45.0,10.0,Matchs
1232,Zlatan Ibrahimović,se SWE,AT,Milan,it Serie A,40,1981,1.6,45.0,1.88,3.13,19.4,22.5,4.38,44.4,1.88,0.00,0.0,1.25,66.7,23.8,90.6,33.1,0.00,0.63,0.63,3.13,1.25,34.4,6.25,Matchs
1233,Mounaim El Idrissy,fr FRA,AT,Ajaccio,fr Ligue 1,23,1999,27.7,33.4,0.94,2.60,17.4,13.7,3.54,33.4,0.97,0.40,40.7,0.43,44.4,20.9,111.9,27.1,0.76,0.65,0.14,3.25,1.30,23.0,6.25,Matchs
1234,Antonio Iervolino,it ITA,MT,Salernitana,it Serie A,19,2003,0.1,80.0,0.00,0.00,50.0,30.0,0.00,80.0,0.00,0.00,,0.00,,70.0,170.0,60.0,0.00,0.00,0.00,0.00,0.00,60.0,20.0,Matchs
1235,Iglesias,es ESP,"DF,MT",Getafe,es La Liga,24,1998,23.8,52.9,3.28,16.0,22.9,14.7,0.97,52.9,1.26,0.55,43.3,0.55,43.3,21.3,116.8,57.3,1.64,1.43,0.25,1.26,0.42,22.2,4.20,Matchs
1236,Borja Iglesias,es ESP,AT,Betis,es La Liga,29,1993,26.3,29.5,0.68,1.48,13.6,14.7,4.49,29.3,1.22,0.46,37.5,0.53,43.8,17.8,81.1,26.3,0.76,0.53,0.76,03.08,1.44,24.3,5.59,Matchs
1237,Igor,br BRA,DF,Fiorentina,it Serie A,24,1998,22.9,66.5,5.33,29.2,35.8,02.01,0.52,66.5,0.57,0.39,69.2,0.09,15.4,39.3,233.6,140.0,0.83,0.57,0.00,0.39,0.48,42.5,0.09,Matchs
1238,Kelechi Iheanacho,ng NGA,"AT,MT",Leicester City,eng Premier League,25,1996,12.5,37.1,0.80,2.24,15.8,19.5,4.64,37.0,3.12,1.60,51.3,1.36,43.6,23.4,132.9,57.9,2.64,01.04,1.44,3.28,2.88,30.4,7.92,Matchs
1239,Jonathan Ikone,fr FRA,AT,Fiorentina,it Serie A,24,1998,22.3,41.3,0.31,3.50,16.7,22.0,4.89,41.3,04.04,2.15,53.3,1.35,33.3,29.3,227.4,106.1,3.72,02.02,2.24,2.74,2.11,32.0,7.98,Matchs
1240,Ivan Ilić,rs SRB,MT,Hellas Verona,it Serie A,21,2001,9.5,51.5,2.74,10.3,26.2,15.7,1.16,51.5,1.79,0.84,47.1,0.74,41.2,23.1,150.2,64.1,1.89,1.37,0.42,1.79,0.53,25.1,2.11,Matchs
1241,Ivan Ilić,rs SRB,MT,Torino,it Serie A,21,2001,13.1,71.0,1.45,11.5,46.8,13.7,0.61,71.0,1.15,0.53,46.7,0.23,20.0,39.5,243.4,120.4,2.21,2.14,0.23,1.45,0.38,50.8,2.14,Matchs
1242,Rareş Ilie,ro ROU,"MT,AT",Nice,fr Ligue 1,19,2003,1.6,46.9,0.63,8.13,17.5,22.5,3.13,46.9,3.75,3.13,83.3,0.63,16.7,36.3,236.3,103.1,4.38,6.88,0.63,1.88,6.25,33.8,3.75,Matchs
1243,Samuel Iling-Junior,eng ENG,"DF,AT",Juventus,it Serie A,18,2003,3.5,50.0,1.14,10.0,14.3,26.6,2.86,50.0,4.00,1.43,35.7,1.43,35.7,28.3,210.9,96.0,3.14,4.57,0.86,2.57,1.14,32.6,10.3,Matchs
1244,Emirhan İlkhan,tr TUR,MT,Torino,it Serie A,18,2004,1.0,58.0,4.00,12.0,34.0,12.0,0.00,58.0,2.00,1.00,50.0,1.00,50.0,39.0,240.0,86.0,2.00,4.00,0.00,2.00,2.00,38.0,3.00,Matchs
1245,Emirhan İlkhan,tr TUR,MT,Sampdoria,it Serie A,18,2004,1.3,69.2,4.62,12.3,40.8,16.2,0.77,69.2,2.31,0.77,33.3,1.54,66.7,38.5,166.2,56.9,0.77,0.77,0.00,3.85,0.00,44.6,6.15,Matchs
1246,Asier Illarramendi,es ESP,MT,Real Sociedad,es La Liga,32,1990,12.0,65.8,2.75,13.3,39.8,13.0,1.00,65.8,0.58,0.58,100.0,0.00,0.0,35.5,159.8,66.6,0.83,1.50,0.08,1.25,0.67,43.0,2.00,Matchs
1247,Ciro Immobile,it ITA,AT,Lazio,it Serie A,32,1990,24.7,35.1,0.73,2.23,15.0,18.3,6.44,34.9,1.74,0.73,41.9,0.81,46.5,20.4,118.0,45.9,1.62,0.85,01.09,2.55,0.89,28.1,07.04,Matchs
1248,Danny Ings,eng ENG,AT,West Ham,eng Premier League,30,1992,8.6,26.6,0.93,2.56,12.2,12.2,4.30,26.6,02.09,0.58,27.8,1.40,66.7,15.0,64.4,30.2,01.05,0.93,0.35,1.28,1.16,18.3,5.12,Matchs
1249,Danny Ings,eng ENG,AT,Aston Villa,eng Premier League,30,1992,9.2,29.0,1.30,2.83,11.5,15.1,5.33,28.8,1.74,01.09,62.5,0.65,37.5,17.7,78.0,28.3,1.63,0.65,0.98,2.17,1.85,20.2,5.00,Matchs
1250,Marcus Ingvartsen,dk DEN,"AT,MT",Mainz 05,de Bundesliga,26,1996,14.6,36.9,0.89,4.11,17.5,15.7,4.52,36.6,2.47,0.82,33.3,1.37,55.6,20.2,89.6,25.5,1.10,0.41,0.62,3.70,1.30,27.5,5.55,Matchs
Clt,Joueur,Nation,Pos,Équipe,Comp,Âge,Naissance,90,Touches,SurfRépDéf,ZDéf,MilTer,ZOff,SurfRépOff,Action de jeu,Att,Succ,Succ%,Tkld,Tkld%,Balle au pied,TotDist,DistBut,PrgC,1/3,CSR,Manqué,Perte,Rec,PrgR,Matchs
1251,Bonke Innocent,ng NGA,MT,Lorient,fr Ligue 1,26,1996,13.1,54.8,4.58,19.2,32.4,3.59,0.15,54.8,0.61,0.46,75.0,0.00,0.0,38.4,166.3,56.6,0.23,0.61,0.00,0.53,0.31,33.7,0.00,Matchs
1252,Alexander Isak,se SWE,AT,Newcastle Utd,eng Premier League,22,1999,16.9,34.5,0.65,02.01,12.0,21.2,5.80,34.4,4.26,1.89,44.4,1.78,41.7,22.0,150.8,76.9,2.43,2.13,1.30,2.31,1.48,25.5,7.22,Matchs
1253,Alexander Isak,se SWE,AT,Real Sociedad,es La Liga,22,1999,1.7,27.1,1.76,2.94,11.2,12.9,6.47,27.1,2.94,1.18,40.0,1.76,60.0,17.1,125.9,42.4,1.76,1.18,1.18,1.76,1.18,19.4,6.47,Matchs
1254,Isco,es ESP,"MT,AT",Sevilla,es La Liga,30,1992,8.9,57.2,01.01,7.87,30.9,19.3,2.25,57.2,3.26,1.24,37.9,01.01,31.0,38.1,230.3,91.9,1.80,2.58,0.11,2.36,2.47,43.5,04.04,Matchs
1255,Ismaily,br BRA,DF,Lille,fr Ligue 1,32,1990,19.8,68.6,2.68,16.4,33.7,19.1,2.32,68.6,1.97,0.86,43.6,0.86,43.6,45.5,239.9,113.8,02.02,2.27,0.45,1.26,1.46,41.7,5.86,Matchs
1256,Ardian Ismajli,al ALB,DF,Empoli,it Serie A,25,1996,23.3,55.8,10.4,33.7,21.2,01.07,0.77,55.8,0.09,0.09,100.0,0.00,0.0,29.8,150.5,75.2,0.43,0.09,0.00,0.13,0.09,32.7,0.00,Matchs
1257,Ko Itakura,jp JPN,DF,M'Gladbach,de Bundesliga,25,1997,22.0,81.2,9.00,40.7,38.4,2.45,0.73,81.2,0.50,0.36,72.7,0.05,9.1,53.4,253.9,139.4,0.86,0.86,0.00,0.45,0.09,60.7,0.18,Matchs
1258,Hiroki Ito,jp JPN,DF,Stuttgart,de Bundesliga,23,1999,28.5,83.1,7.86,37.8,40.6,5.61,0.39,83.1,0.42,0.18,41.7,0.21,50.0,49.7,247.2,140.8,01.02,0.95,0.07,0.74,0.21,54.5,01.02,Matchs
1259,Junya Ito,jp JPN,AT,Reims,fr Ligue 1,29,1993,32.4,45.4,0.25,04.01,16.6,25.7,3.46,45.4,4.35,1.91,44.0,1.91,44.0,34.7,255.6,125.3,4.10,2.75,1.33,2.75,1.36,33.2,10.4,Matchs
1260,Diego Iturralde,es ESP,DF,Sevilla,es La Liga,19,2003,0.5,32.0,4.00,18.0,14.0,2.00,0.00,32.0,0.00,0.00,,0.00,,16.0,48.0,18.0,0.00,0.00,0.00,0.00,0.00,16.0,2.00,Matchs
1261,Andreas Ivan,ro ROU,MT,Schalke 04,de Bundesliga,27,1995,0.5,28.0,0.00,6.00,16.0,6.00,0.00,28.0,2.00,0.00,0.0,2.00,100.0,16.0,70.0,38.0,0.00,0.00,0.00,0.00,2.00,20.0,2.00,Matchs
1262,Mihailo Ivanović,rs SRB,AT,Sampdoria,it Serie A,17,2004,0.0,0,0,0,0,0,0,0,0,0,,0,,0,0,0,0,0,0,0,0,0,0,Matchs
1263,Daniel Iversen,dk DEN,GB,Leicester City,eng Premier League,25,1997,12.0,34.3,28.7,33.8,0.42,0.00,0.00,34.3,0.00,0.00,,0.00,,14.8,84.3,47.6,0.00,0.00,0.00,0.00,0.00,11.3,0.00,Matchs
1264,Alex Iwobi,ng NGA,"MT,AT",Everton,eng Premier League,26,1996,37.5,51.0,1.39,9.57,23.8,18.9,1.57,51.0,2.93,1.47,50.0,1.33,45.5,31.2,184.3,91.6,2.40,2.11,0.40,1.81,1.12,34.3,3.87,Matchs
1265,Armando Izzo,it ITA,DF,Monza,it Serie A,30,1992,27.4,69.0,6.97,35.1,29.6,4.74,01.02,69.0,0.80,0.40,50.0,0.33,40.9,38.0,177.2,90.7,0.80,0.36,0.04,0.40,0.29,46.7,01.06,Matchs
1266,Nicolas Jackson,sn SEN,AT,Villarreal,es La Liga,21,2001,17.8,29.4,0.51,1.97,11.8,16.3,5.22,29.4,02.08,1.29,62.2,0.62,29.7,19.5,140.5,69.2,2.75,1.46,01.07,03.09,2.19,21.1,6.57,Matchs
1267,Lee Jae-sung,kr KOR,MT,Mainz 05,de Bundesliga,29,1992,21.0,49.0,1.38,8.48,23.0,17.9,3.67,49.0,1.76,1.19,67.6,0.29,16.2,25.6,115.5,49.4,1.38,1.14,0.43,2.10,1.19,30.9,4.90,Matchs
1268,Paul Jaeckel,de GER,DF,Union Berlin,de Bundesliga,24,1998,13.3,56.2,4.51,27.7,26.1,03.01,0.30,56.2,0.68,0.53,77.8,0.15,22.2,32.0,139.7,72.6,0.45,0.30,0.00,0.45,0.15,35.4,0.60,Matchs
1269,Mato Jajalo,ba BIH,MT,Udinese,it Serie A,34,1988,0.7,51.4,5.71,10.0,20.0,22.9,1.43,51.4,2.86,1.43,50.0,1.43,50.0,24.3,95.7,57.1,0.00,2.86,0.00,1.43,0.00,31.4,1.43,Matchs
1270,Kristijan Jakić,hr CRO,"DF,MT",Eint Frankfurt,de Bundesliga,25,1997,16.2,69.7,5.49,29.0,34.0,7.47,0.86,69.7,0.93,0.49,53.3,0.43,46.7,35.7,138.9,65.1,0.99,0.80,0.12,0.80,0.37,40.2,1.17,Matchs
1271,Ismail Jakobs,sn SEN,"DF,AT",Monaco,fr Ligue 1,22,1999,12.4,60.4,1.94,11.7,25.1,24.1,3.31,60.4,0.97,0.40,41.7,0.48,50.0,39.0,240.8,107.4,3.15,2.50,0.65,1.37,0.56,39.8,8.79,Matchs
1272,Marin Jakoliš,hr CRO,AT,Angers,fr Ligue 1,25,1996,0.3,46.7,0.00,3.33,10.0,33.3,10.0,46.7,6.67,0.00,0.0,6.67,100.0,36.7,263.3,113.3,6.67,0.00,3.33,3.33,3.33,36.7,6.67,Matchs
1273,Daniel James,wls WAL,AT,Leeds United,eng Premier League,24,1997,2.2,30.0,0.45,04.09,11.8,14.5,2.73,30.0,2.73,0.45,16.7,0.91,33.3,15.9,105.9,50.9,2.73,0.91,1.36,1.36,0.45,17.7,04.09,Matchs
1274,Daniel James,wls WAL,AT,Fulham,eng Premier League,24,1997,6.9,36.8,1.30,3.91,11.3,22.6,4.20,36.8,02.03,0.72,35.7,0.43,21.4,22.6,178.1,89.6,3.48,1.59,1.16,1.45,1.88,25.1,6.96,Matchs
1275,Reece James,eng ENG,"DF,MT",Chelsea,eng Premier League,22,1999,13.8,86.0,2.83,18.6,39.3,28.6,1.81,86.0,2.90,1.59,55.0,0.72,25.0,51.4,269.7,146.2,3.77,1.88,0.65,0.94,01.01,58.9,8.33,Matchs
Clt,Joueur,Nation,Pos,Équipe,Comp,Âge,Naissance,90,Touches,SurfRépDéf,ZDéf,MilTer,ZOff,SurfRépOff,Action de jeu,Att,Succ,Succ%,Tkld,Tkld%,Balle au pied,TotDist,DistBut,PrgC,1/3,CSR,Manqué,Perte,Rec,PrgR,Matchs
1276,Vitaly Janelt,de GER,"MT,DF",Brentford,eng Premier League,24,1998,24.5,50.8,2.69,13.7,27.6,9.88,1.47,50.8,0.98,0.37,37.5,0.57,58.3,27.1,114.4,50.9,0.57,0.73,0.08,0.73,0.45,30.1,1.14,Matchs
1277,Saidy Janko,gm GAM,DF,Bochum,de Bundesliga,26,1995,12.6,47.6,4.60,16.2,24.2,7.94,0.08,47.6,1.83,1.11,60.9,0.40,21.7,18.2,128.2,62.5,1.83,1.75,0.08,1.43,0.79,21.0,2.14,Matchs
1278,Pontus Jansson,se SWE,DF,Brentford,eng Premier League,31,1991,8.0,49.1,9.13,30.4,17.1,1.63,1.00,49.1,0.25,0.25,100.0,0.00,0.0,24.0,91.8,38.8,0.13,0.13,0.00,0.25,0.13,27.1,0.00,Matchs
1279,Tony Jantschke,de GER,"DF,MT",M'Gladbach,de Bundesliga,32,1990,1.1,90.0,10.0,51.8,35.5,2.73,0.00,90.0,0.00,0.00,,0.00,,53.6,197.3,63.6,0.00,0.00,0.00,0.00,0.00,67.3,0.91,Matchs
1280,Adnan Januzaj,be BEL,AT,Sevilla,es La Liga,27,1995,0.5,60.0,0.00,4.00,24.0,32.0,2.00,60.0,16.0,8.00,50.0,6.00,37.5,38.0,342.0,64.0,0.00,2.00,0.00,2.00,2.00,44.0,12.0,Matchs
1281,Léo Jardim,br BRA,GB,Lille,fr Ligue 1,27,1995,6.0,26.5,22.7,26.5,0.00,0.00,0.00,26.5,0.00,0.00,,0.00,,21.7,92.8,46.5,0.00,0.00,0.00,0.00,0.00,16.2,0.00,Matchs
1282,Luis Javier Suárez,co COL,AT,Almería,es La Liga,24,1997,16.6,34.8,0.84,3.31,18.6,13.6,3.61,34.8,2.65,1.14,43.2,1.27,47.7,19.9,110.4,48.7,1.75,1.20,0.90,2.53,1.51,25.1,5.24,Matchs
1283,Luis Javier Suárez,co COL,AT,Marseille,fr Ligue 1,24,1997,3.3,36.1,2.12,4.55,16.1,16.1,06.06,36.1,1.21,1.21,100.0,0.00,0.0,23.6,133.3,54.8,1.52,1.52,0.00,2.12,0.30,24.2,5.15,Matchs
1284,Dany Jean,ht HAI,"DF,MT",Strasbourg,fr Ligue 1,19,2002,0.1,130.0,0.00,10.0,40.0,80.0,0.00,130.0,10.0,0.00,0.0,10.0,100.0,90.0,740.0,210.0,10.0,10.0,0.00,10.0,10.0,80.0,20.0,Matchs
1285,Julian Jeanvier,gn GUI,DF,Auxerre,fr Ligue 1,30,1992,19.6,51.1,8.57,28.5,21.6,1.17,0.61,51.1,0.15,0.10,66.7,0.05,33.3,34.4,179.0,89.5,0.20,0.20,0.00,0.41,0.10,31.0,0.31,Matchs
1286,Jefferson,br BRA,AT,Lyon,fr Ligue 1,22,1999,5.0,51.6,0.60,4.20,20.0,29.4,6.40,51.6,7.40,3.00,40.5,3.60,48.6,41.4,323.2,175.4,5.40,5.60,2.80,4.20,2.40,40.2,10.4,Matchs
1287,Fredrik Jensen,fi FIN,"AT,MT",Augsburg,de Bundesliga,24,1997,10.3,39.8,2.14,6.50,16.1,17.3,3.40,39.8,1.17,0.39,33.3,0.78,66.7,20.0,82.8,29.7,0.29,0.87,0.19,2.23,1.84,23.6,06.02,Matchs
1288,Mathias Jensen,dk DEN,MT,Brentford,eng Premier League,26,1996,31.1,60.8,1.38,11.8,27.9,21.5,0.93,60.8,1.96,0.77,39.3,0.90,45.9,28.9,112.5,44.4,0.68,0.77,0.03,1.74,01.03,32.5,2.48,Matchs
1289,Moritz Jenz,de GER,DF,Schalke 04,de Bundesliga,23,1999,10.5,58.5,9.52,36.3,20.7,2.29,1.33,58.5,0.19,0.10,50.0,0.10,50.0,30.2,162.4,97.0,0.57,0.10,0.00,0.86,0.19,31.7,0.10,Matchs
1290,Jesé,es ESP,AT,Sampdoria,it Serie A,29,1993,2.3,40.0,1.30,2.17,20.4,17.8,2.61,40.0,2.17,1.30,60.0,0.43,20.0,21.3,136.1,32.2,0.43,1.74,0.00,2.17,1.30,26.1,6.52,Matchs
1291,Gabriel Jesus,br BRA,AT,Arsenal,eng Premier League,25,1997,22.9,47.2,1.14,4.80,17.7,25.0,8.34,47.1,4.85,1.92,39.6,2.14,44.1,28.0,151.4,66.2,1.92,1.35,1.22,3.84,2.84,34.9,8.47,Matchs
1292,Juan Jesus,br BRA,DF,Napoli,it Serie A,31,1991,10.4,80.2,5.38,28.8,49.8,02.02,0.67,80.2,0.00,0.00,,0.00,,51.2,315.6,201.1,1.35,0.87,0.00,0.48,0.10,55.3,0.29,Matchs
1293,Raúl Jiménez,mx MEX,AT,Wolves,eng Premier League,31,1991,9.4,31.2,1.17,2.98,14.8,13.5,4.68,31.2,01.06,0.53,50.0,0.43,40.0,15.5,66.6,25.6,0.53,0.32,0.21,2.45,1.49,23.3,4.79,Matchs
1294,Joaquín,es ESP,"MT,AT",Betis,es La Liga,41,1981,5.5,68.5,1.27,7.64,27.6,33.8,03.09,68.5,3.45,2.00,57.9,01.09,31.6,41.3,233.8,129.8,4.18,2.91,01.09,2.36,01.09,50.0,6.73,Matchs
1295,Joelinton,br BRA,"MT,AT",Newcastle Utd,eng Premier League,25,1996,29.6,57.5,2.40,10.5,28.8,19.0,3.24,57.5,3.75,1.79,47.7,1.42,37.8,30.3,164.0,77.2,2.16,1.52,0.44,2.43,1.72,37.7,05.07,Matchs
1296,Þórir Jóhann Helgason,is ISL,MT,Lecce,it Serie A,21,2000,2.5,38.4,3.20,10.0,16.8,12.4,1.20,38.4,0.40,0.00,0.0,0.40,100.0,16.4,72.4,35.2,0.80,0.80,0.40,1.60,0.80,20.0,2.00,Matchs
1297,Ben Johnson,eng ENG,DF,West Ham,eng Premier League,22,2000,9.6,65.3,4.48,26.7,30.1,09.06,0.21,65.3,1.77,0.83,47.1,0.63,35.3,28.8,150.9,67.7,1.56,0.63,0.10,0.73,0.73,34.9,2.29,Matchs
1298,Brennan Johnson,wls WAL,"AT,MT",Nott'ham Forest,eng Premier League,21,2001,32.6,24.7,0.28,2.76,9.48,13.3,3.56,24.6,2.70,01.01,37.5,1.26,46.6,13.8,118.0,64.8,2.70,1.41,1.29,2.33,0.77,15.6,4.75,Matchs
1299,Sam Johnstone,eng ENG,GB,Crystal Palace,eng Premier League,29,1993,9.0,33.1,26.9,33.0,0.11,0.00,0.00,33.1,0.00,0.00,,0.00,,20.9,113.1,73.6,0.00,0.00,0.00,0.11,0.00,17.3,0.00,Matchs
1300,Paul Joly,fr FRA,DF,Auxerre,fr Ligue 1,22,2000,9.6,81.6,5.63,29.5,34.2,18.6,0.42,81.6,2.92,1.35,46.4,0.83,28.6,54.1,322.3,157.4,1.98,2.81,0.10,0.94,1.25,46.4,5.00,Matchs
Clt,Joueur,Nation,Pos,Équipe,Comp,Âge,Naissance,90,Touches,SurfRépDéf,ZDéf,MilTer,ZOff,SurfRépOff,Action de jeu,Att,Succ,Succ%,Tkld,Tkld%,Balle au pied,TotDist,DistBut,PrgC,1/3,CSR,Manqué,Perte,Rec,PrgR,Matchs
1301,Curtis Jones,eng ENG,MT,Liverpool,eng Premier League,21,2001,11.5,71.4,1.22,9.13,36.3,26.4,3.48,71.4,2.61,0.96,36.7,1.13,43.3,47.8,230.0,87.9,2.70,1.30,0.96,1.91,2.52,54.5,6.52,Matchs
1302,Frenkie de Jong,nl NED,MT,Barcelona,es La Liga,25,1997,28.2,89.6,1.60,13.9,55.1,21.5,1.67,89.6,2.13,1.24,58.3,0.71,33.3,63.7,390.7,227.4,3.26,3.37,0.32,0.85,0.78,72.2,2.94,Matchs
1303,Joan Jordán,es ESP,MT,Sevilla,es La Liga,28,1994,17.7,69.0,1.69,14.0,41.5,13.7,0.45,69.0,0.56,0.28,50.0,0.23,40.0,39.0,151.1,62.8,0.51,01.07,0.00,0.90,0.28,51.0,1.24,Matchs
1304,Jorginho,it ITA,MT,Arsenal,eng Premier League,30,1991,9.5,84.9,2.84,16.7,50.1,18.4,0.84,84.9,01.05,0.32,30.0,0.53,50.0,55.1,252.5,131.8,1.58,1.26,0.00,0.84,0.84,66.2,0.84,Matchs
1305,Jorginho,it ITA,MT,Chelsea,eng Premier League,30,1991,14.2,72.3,2.54,19.2,40.6,12.5,0.56,72.1,0.85,0.35,41.7,0.28,33.3,38.5,164.2,76.8,0.92,1.90,0.07,0.99,0.63,49.7,0.70,Matchs
1306,Josan,es ESP,"DF,MT",Elche,es La Liga,32,1989,12.0,54.4,1.67,17.6,23.0,14.8,1.33,54.4,3.00,1.75,58.3,0.83,27.8,33.9,216.6,116.6,03.08,1.58,0.67,02.08,1.75,33.8,05.08,Matchs
1307,Willian José,br BRA,AT,Betis,es La Liga,30,1991,8.1,41.9,1.85,6.42,20.0,15.6,1.98,41.7,0.86,0.25,28.6,0.49,57.1,21.0,87.2,30.0,0.74,1.11,0.25,2.10,1.23,28.9,3.33,Matchs
1308,Joselu,es ESP,AT,Espanyol,es La Liga,32,1990,33.2,33.5,1.33,2.71,15.1,15.8,4.58,33.3,1.27,0.54,42.9,0.66,52.4,15.7,55.7,18.6,0.69,0.63,0.48,2.53,1.30,25.1,4.43,Matchs
1309,Mateo Joseph,eng ENG,"AT,MT",Leeds United,eng Premier League,18,2003,0.3,30.0,3.33,3.33,16.7,10.0,3.33,30.0,3.33,0.00,0.0,3.33,100.0,16.7,43.3,0.00,0.00,0.00,0.00,3.33,10.0,20.0,6.67,Matchs
1310,Diogo Jota,pt POR,AT,Liverpool,eng Premier League,25,1996,12.6,43.7,1.67,5.63,18.7,20.0,5.79,43.7,3.10,1.11,35.9,1.67,53.8,26.9,153.8,84.7,2.70,02.06,1.11,2.70,1.51,32.0,8.25,Matchs
1311,Stevan Jovetić,me MNE,"AT,MT",Hertha BSC,de Bundesliga,32,1989,9.9,42.0,1.21,4.14,21.6,16.6,3.94,42.0,2.12,01.01,47.6,0.71,33.3,26.4,119.4,47.6,1.41,01.01,0.81,2.12,0.91,32.6,4.44,Matchs
1312,Luka Jović,rs SRB,"AT,MT",Fiorentina,it Serie A,24,1997,17.0,25.7,0.65,1.59,11.5,12.9,4.65,25.6,1.29,0.88,68.2,0.35,27.3,12.6,60.2,18.6,0.47,0.47,0.24,1.47,0.94,19.2,4.41,Matchs
1313,Juanmi,es ESP,AT,Betis,es La Liga,29,1993,10.3,35.2,0.68,5.44,17.9,12.4,3.69,35.2,3.11,1.17,37.5,1.46,46.9,20.3,111.1,44.1,0.97,1.55,0.39,2.23,1.26,24.4,3.59,Matchs
1314,Juanpe,es ESP,DF,Girona,es La Liga,31,1991,15.8,62.8,10.7,36.3,25.0,1.96,01.01,62.8,0.06,0.06,100.0,0.00,0.0,37.7,192.1,107.6,0.51,0.13,0.00,0.00,0.13,43.9,0.19,Matchs
1315,Jubal,br BRA,DF,Auxerre,fr Ligue 1,28,1993,35.7,49.7,8.54,27.4,21.0,1.60,0.87,49.7,0.20,0.06,28.6,0.06,28.6,31.0,164.8,78.3,0.20,0.31,0.00,0.64,0.11,27.2,0.03,Matchs
1316,Christopher Jullien,fr FRA,DF,Montpellier,fr Ligue 1,29,1993,29.9,45.5,7.99,24.9,19.2,1.57,01.07,45.5,0.17,0.17,100.0,0.00,0.0,28.4,139.7,63.2,0.07,0.13,0.03,0.50,0.13,25.3,0.20,Matchs
1317,Anthony Jung,de GER,"DF,AT",Werder Bremen,de Bundesliga,30,1991,29.1,58.0,3.16,19.6,26.4,12.4,1.17,58.0,0.82,0.45,54.2,0.38,45.8,27.8,122.5,53.6,0.96,0.72,0.03,01.03,0.58,33.2,3.75,Matchs
1318,Eli Junior Kroupi,fr FRA,"AT,MT",Lorient,fr Ligue 1,16,2006,0.1,50.0,0.00,10.0,40.0,0.00,0.00,50.0,0.00,0.00,,0.00,,30.0,270.0,60.0,0.00,0.00,0.00,0.00,0.00,30.0,0.00,Matchs
1319,Lago Junior,ci CIV,"AT,MT",Mallorca,es La Liga,31,1990,0.6,45.0,0.00,6.67,15.0,25.0,1.67,45.0,1.67,1.67,100.0,0.00,0.0,30.0,125.0,56.7,3.33,3.33,0.00,5.00,1.67,33.3,8.33,Matchs
1320,Hamed Junior Traorè,ci CIV,"AT,MT",Bournemouth,eng Premier League,22,2000,4.7,52.3,0.43,6.17,23.2,24.7,2.34,52.3,5.32,3.40,64.0,1.70,32.0,30.4,187.4,93.0,04.04,2.77,0.21,3.19,2.77,30.2,4.47,Matchs
1321,Hamed Junior Traorè,ci CIV,"MT,AT",Sassuolo,it Serie A,22,2000,6.6,46.7,0.45,6.52,21.5,19.2,3.64,46.7,2.27,0.61,26.7,1.36,60.0,29.4,198.8,90.9,2.12,01.06,01.06,2.42,3.48,34.2,5.45,Matchs
1322,Vinicius Júnior,br BRA,AT,Real Madrid,es La Liga,22,2000,31.4,54.4,0.10,2.99,14.1,37.9,8.28,54.4,9.75,3.57,36.6,4.87,50.0,43.2,345.7,180.2,07.04,3.15,4.46,3.28,1.94,46.5,15.8,Matchs
1323,Josip Juranović,hr CRO,DF,Union Berlin,de Bundesliga,26,1995,10.4,53.2,3.17,14.8,20.7,18.7,0.96,53.1,01.06,0.67,63.6,0.38,36.4,20.8,95.8,41.8,01.06,0.29,0.19,0.58,0.29,21.5,3.17,Matchs
1324,James Justin,eng ENG,DF,Leicester City,eng Premier League,24,1998,13.9,70.5,3.45,21.3,34.2,15.5,0.58,70.5,1.37,0.29,21.1,0.79,57.9,30.0,131.7,60.0,1.44,1.37,0.29,01.08,0.43,41.3,3.60,Matchs
1325,Filip Jørgensen,dk DEN,GB,Villarreal,es La Liga,20,2002,2.0,28.0,24.5,28.0,0.00,0.00,0.00,28.0,0.00,0.00,,0.00,,17.5,65.5,39.5,0.00,0.00,0.00,0.00,0.00,15.0,0.00,Matchs
Clt,Joueur,Nation,Pos,Équipe,Comp,Âge,Naissance,90,Touches,SurfRépDéf,ZDéf,MilTer,ZOff,SurfRépOff,Action de jeu,Att,Succ,Succ%,Tkld,Tkld%,Balle au pied,TotDist,DistBut,PrgC,1/3,CSR,Manqué,Perte,Rec,PrgR,Matchs
1326,Mathias Jørgensen,dk DEN,DF,Brentford,eng Premier League,32,1990,12.3,49.8,07.07,23.7,22.8,3.41,0.98,49.8,0.08,0.00,0.0,0.08,100.0,24.0,86.3,50.1,0.08,0.16,0.00,0.24,0.08,26.1,0.08,Matchs
1327,Ozan Kabak,tr TUR,DF,Hoffenheim,de Bundesliga,22,2000,26.5,59.9,6.34,29.1,28.2,3.51,0.98,59.9,1.13,0.57,50.0,0.42,36.7,33.9,175.6,91.0,0.87,0.60,0.00,0.94,0.26,36.5,0.49,Matchs
1328,Issa Kaboré,bf BFA,DF,Marseille,fr Ligue 1,21,2001,11.4,64.4,2.54,13.6,25.4,26.2,3.42,64.4,4.74,02.02,42.6,02.02,42.6,44.7,281.1,134.3,3.42,2.37,0.88,2.89,1.14,40.7,11.4,Matchs
1329,Abdoul Kader Bamba,fr FRA,"AT,MT",Nantes,fr Ligue 1,28,1994,0.9,60.0,0.00,8.89,25.6,25.6,2.22,60.0,1.11,0.00,0.0,0.00,0.0,46.7,262.2,87.8,1.11,1.11,1.11,1.11,4.44,44.4,13.3,Matchs
1330,Pavel Kadeřábek,cz CZE,DF,Hoffenheim,de Bundesliga,30,1992,18.5,55.4,2.43,12.5,23.2,20.1,2.11,55.4,0.70,0.16,23.1,0.43,61.5,23.7,110.6,59.9,1.62,1.35,0.22,0.70,0.38,30.5,6.16,Matchs
1331,Tino Kadewere,zw ZIM,"AT,MT",Mallorca,es La Liga,26,1996,6.0,37.3,0.50,3.67,19.0,15.7,4.67,37.3,2.33,1.33,57.1,0.67,28.6,20.3,118.3,55.5,2.33,0.83,1.50,2.50,1.83,27.2,4.83,Matchs
1332,Kaiky,br BRA,DF,Almería,es La Liga,18,2004,6.5,45.2,9.38,28.3,16.6,0.46,0.15,45.2,0.46,0.31,66.7,0.15,33.3,25.7,136.3,78.9,01.08,0.31,0.00,0.77,0.00,27.7,0.31,Matchs
1333,Florian Kainz,at AUT,"MT,AT",Köln,de Bundesliga,29,1992,26.0,57.5,0.92,7.96,24.7,25.9,1.73,57.4,3.15,1.27,40.2,1.35,42.7,31.2,188.7,82.8,2.46,02.08,0.31,1.50,1.38,33.7,5.65,Matchs
1334,Gaël Kakuta,cd COD,AT,Lens,fr Ligue 1,31,1991,0.2,90.0,0.00,20.0,55.0,20.0,0.00,90.0,0.00,0.00,,0.00,,80.0,515.0,265.0,10.0,10.0,0.00,0.00,0.00,80.0,5.00,Matchs
1335,Sasa Kalajdzic,at AUT,AT,Wolves,eng Premier League,25,1997,0.5,14.0,0.00,4.00,2.00,8.00,4.00,14.0,0.00,0.00,,0.00,,4.00,12.0,6.00,0.00,0.00,0.00,2.00,0.00,10.0,2.00,Matchs
1336,Sasa Kalajdzic,at AUT,AT,Stuttgart,de Bundesliga,25,1997,2.6,32.7,0.00,1.54,16.9,14.2,6.92,32.7,0.38,0.00,0.0,0.38,100.0,11.9,27.3,5.38,0.00,0.00,0.00,1.92,1.15,25.4,5.00,Matchs
1337,Arnaud Kalimuendo,fr FRA,AT,Rennes,fr Ligue 1,20,2002,20.5,32.1,0.59,2.34,13.6,16.7,05.07,32.1,2.68,1.22,45.5,1.27,47.3,23.9,136.7,40.2,1.76,01.02,1.22,2.83,1.80,23.9,9.41,Matchs
1338,Yayah Kallon,sl SLE,"MT,AT",Hellas Verona,it Serie A,21,2001,9.6,37.1,0.73,3.23,13.2,21.6,4.48,37.1,3.13,0.83,26.7,1.46,46.7,24.3,183.8,79.6,3.44,02.08,1.46,2.92,1.56,24.7,6.67,Matchs
1339,Gedeon Kalulu,cd COD,DF,Lorient,fr Ligue 1,24,1997,27.1,61.0,5.17,22.5,27.5,11.6,1.48,61.0,1.51,0.77,51.2,0.55,36.6,40.3,259.4,120.4,2.14,1.77,0.22,1.14,0.66,35.6,03.03,Matchs
1340,Pierre Kalulu,fr FRA,DF,Milan,it Serie A,22,2000,28.3,74.2,4.17,31.4,37.3,06.08,0.64,74.2,0.64,0.35,55.6,0.18,27.8,45.4,266.0,146.6,1.84,0.88,0.00,0.88,0.18,49.8,1.52,Matchs
1341,Justin-Noël Kalumba,fr FRA,DF,Angers,fr Ligue 1,17,2004,6.1,36.1,1.48,8.20,15.2,13.4,0.98,36.1,3.11,1.64,52.6,1.15,36.8,28.4,179.2,82.0,1.48,1.64,0.16,2.30,1.15,25.2,05.08,Matchs
1342,Daichi Kamada,jp JPN,MT,Eint Frankfurt,de Bundesliga,25,1996,25.2,59.6,0.95,8.17,35.6,16.3,2.74,59.5,1.43,0.60,41.7,0.75,52.8,34.6,164.8,76.3,1.87,1.47,0.52,1.27,0.95,41.3,4.17,Matchs
1343,Waren Kamanzi,no NOR,DF,Toulouse,fr Ligue 1,21,2000,7.4,58.2,3.78,18.6,25.3,14.7,0.95,58.2,2.43,1.35,55.6,0.68,27.8,39.6,231.8,136.1,2.97,2.97,0.54,0.81,0.81,34.1,3.78,Matchs
1344,Bingourou Kamara,sn SEN,GB,Montpellier,fr Ligue 1,25,1996,4.5,31.8,26.7,31.8,0.00,0.00,0.00,31.8,0.00,0.00,,0.00,,19.1,92.4,54.2,0.00,0.00,0.00,0.00,0.00,12.7,0.00,Matchs
1345,Boubacar Kamara,fr FRA,MT,Aston Villa,eng Premier League,22,1999,19.7,58.1,3.30,18.4,33.6,6.70,0.51,58.1,1.78,0.81,45.7,0.61,34.3,31.6,130.5,59.5,0.81,0.56,0.05,01.02,0.71,36.2,0.41,Matchs
1346,Jakub Kamiński,pl POL,"AT,DF",Wolfsburg,de Bundesliga,20,2002,22.9,41.1,0.92,6.33,14.6,20.5,3.41,41.1,2.88,1.22,42.4,1.48,51.5,24.0,125.9,63.9,02.05,1.31,0.79,2.49,1.40,26.5,7.47,Matchs
1347,Marcin Kamiński,pl POL,DF,Schalke 04,de Bundesliga,30,1992,7.0,54.3,6.86,29.4,21.7,3.43,0.57,54.3,0.14,0.14,100.0,0.00,0.0,24.4,91.9,55.3,0.29,0.14,0.00,0.57,0.14,27.3,0.43,Matchs
1348,Kevin Kampl,si SVN,MT,RB Leipzig,de Bundesliga,31,1990,15.2,66.8,1.71,13.2,43.2,11.1,0.26,66.8,0.79,0.59,75.0,0.13,16.7,42.9,223.4,109.7,1.51,1.51,0.13,1.25,0.66,46.5,0.99,Matchs
1349,Nordine Kandil,fr FRA,"MT,AT",Strasbourg,fr Ligue 1,20,2001,1.1,79.1,0.91,10.0,30.0,41.8,4.55,79.1,11.8,5.45,46.2,6.36,53.8,62.7,487.3,267.3,8.18,09.09,2.73,4.55,2.73,55.5,8.18,Matchs
1350,Harry Kane,eng ENG,AT,Tottenham,eng Premier League,29,1993,37.8,35.1,0.74,2.80,17.1,15.8,4.42,35.0,2.86,01.06,37.0,1.40,49.1,22.1,120.3,48.7,1.59,1.32,0.56,1.96,1.53,27.3,5.11,Matchs
Clt,Joueur,Nation,Pos,Équipe,Comp,Âge,Naissance,90,Touches,SurfRépDéf,ZDéf,MilTer,ZOff,SurfRépOff,Action de jeu,Att,Succ,Succ%,Tkld,Tkld%,Balle au pied,TotDist,DistBut,PrgC,1/3,CSR,Manqué,Perte,Rec,PrgR,Matchs
1351,Lee Kang-in,kr KOR,"MT,AT",Mallorca,es La Liga,21,2001,31.4,45.4,0.48,5.38,22.1,19.0,1.34,45.4,4.27,2.87,67.2,01.08,25.4,26.5,180.1,93.5,3.41,1.85,0.45,2.20,1.37,28.6,4.43,Matchs
1352,Wilfried Kanga,ci CIV,AT,Hertha BSC,de Bundesliga,24,1998,15.7,25.5,0.96,1.85,10.2,13.7,4.39,25.5,1.53,0.51,33.3,0.89,58.3,11.7,49.9,18.3,0.70,0.32,0.32,2.42,1.15,18.7,4.59,Matchs
1353,N'Golo Kanté,fr FRA,MT,Chelsea,eng Premier League,31,1991,5.8,69.7,1.90,9.14,33.6,28.1,2.76,69.7,3.10,02.07,66.7,0.69,22.2,39.7,242.8,137.9,3.28,2.59,0.34,2.24,0.86,48.1,6.21,Matchs
1354,Kenan Karaman,tr TUR,AT,Schalke 04,de Bundesliga,28,1994,10.8,31.4,01.02,4.17,12.6,15.3,3.89,31.4,3.61,01.02,28.2,1.30,35.9,19.1,129.7,61.3,2.13,1.20,0.65,2.69,1.67,23.4,05.09,Matchs
1355,Yann Karamoh,fr FRA,"MT,AT",Torino,it Serie A,24,1998,8.0,43.4,0.50,2.75,17.4,24.0,4.38,43.4,7.13,3.25,45.6,3.13,43.9,27.6,186.6,80.8,3.38,1.25,1.38,4.13,1.63,32.1,9.25,Matchs
1356,Atakan Karazor,de GER,MT,Stuttgart,de Bundesliga,25,1996,21.8,61.9,3.62,19.0,36.8,6.74,0.32,61.9,01.06,0.64,60.9,0.23,21.7,27.4,103.3,40.7,0.23,0.46,0.00,0.92,0.78,35.9,0.55,Matchs
1357,Ayman Kari,fr FRA,"MT,DF",Lorient,fr Ligue 1,17,2004,1.1,85.5,0.00,29.1,34.5,24.5,5.45,85.5,6.36,3.64,57.1,1.82,28.6,63.6,364.5,195.5,4.55,3.64,0.91,2.73,0.91,58.2,2.73,Matchs
1358,Jon Karrikaburu,es ESP,AT,Real Sociedad,es La Liga,19,2002,1.0,38.0,0.00,0.00,18.0,20.0,3.00,38.0,0.00,0.00,,0.00,,22.0,127.0,38.0,2.00,1.00,1.00,4.00,3.00,28.0,2.00,Matchs
1359,Rick Karsdorp,nl NED,DF,Roma,it Serie A,27,1995,7.9,56.2,3.80,19.7,23.4,13.9,1.14,56.2,0.76,0.00,0.0,0.63,83.3,29.9,145.3,72.8,02.03,01.01,0.25,1.39,0.76,32.9,4.18,Matchs
1360,Denso Kasius,nl NED,DF,Bologna,it Serie A,19,2002,3.8,63.9,1.58,19.7,27.6,17.1,0.79,63.9,2.63,1.58,60.0,0.79,30.0,33.4,191.6,98.4,2.37,2.63,0.26,2.89,1.84,37.9,5.53,Matchs
1361,Thomas Kastanaras,gr GRE,"AT,DF",Stuttgart,de Bundesliga,19,2003,0.8,36.3,1.25,6.25,16.3,13.8,3.75,36.3,1.25,0.00,0.0,1.25,100.0,18.8,56.3,28.8,1.25,0.00,0.00,6.25,0.00,21.3,7.50,Matchs
1362,Grigoris Kastanos,cy CYP,"MT,DF",Salernitana,it Serie A,24,1998,14.3,53.8,1.40,11.0,25.5,18.0,1.75,53.8,2.38,0.91,38.2,0.98,41.2,32.0,157.8,77.7,1.89,1.33,0.21,1.12,1.33,35.5,4.13,Matchs
1363,Silas Katompa,cd COD,"AT,MT",Stuttgart,de Bundesliga,23,1998,22.1,30.5,0.32,2.81,12.3,16.5,4.62,30.5,05.02,2.17,43.2,2.49,49.5,20.6,168.0,74.9,3.21,1.81,1.76,03.08,1.99,21.2,7.47,Matchs
1364,Moise Kean,it ITA,AT,Juventus,it Serie A,22,2000,11.1,30.0,0.27,2.88,13.2,14.9,5.14,30.0,3.69,1.26,34.1,02.07,56.1,19.8,134.0,60.1,2.70,1.35,1.80,2.61,2.61,22.7,6.85,Matchs
1365,Michael Keane,eng ENG,DF,Everton,eng Premier League,29,1993,10.9,51.8,7.61,25.2,21.9,05.05,2.20,51.8,0.64,0.37,57.1,0.18,28.6,23.6,117.6,66.0,0.18,0.18,0.00,0.55,0.18,25.2,0.37,Matchs
1366,Neeskens Kebano,cd COD,AT,Fulham,eng Premier League,30,1992,8.5,37.9,1.18,5.76,10.8,22.2,3.53,37.9,3.53,1.18,33.3,1.65,46.7,23.5,176.7,98.9,4.59,1.65,1.29,1.88,1.41,25.4,8.00,Matchs
1367,Kévin Keben Biakolo,cm CMR,DF,Toulouse,fr Ligue 1,18,2004,4.0,49.5,3.25,17.3,21.0,12.3,0.75,49.5,2.50,0.25,10.0,1.75,70.0,29.5,154.8,56.3,1.25,2.50,0.25,2.00,1.25,24.0,4.50,Matchs
1368,Thilo Kehrer,de GER,DF,West Ham,eng Premier League,25,1996,24.8,53.8,5.44,24.2,24.0,5.93,0.69,53.8,0.44,0.32,72.7,0.12,27.3,27.3,116.3,61.8,0.60,0.48,0.04,0.69,0.24,30.6,1.17,Matchs
1369,Check Keita,fr FRA,DF,Reims,fr Ligue 1,19,2003,7.6,48.9,4.21,22.5,25.0,1.84,0.66,48.9,0.39,0.26,66.7,0.00,0.0,35.3,247.5,130.8,01.05,0.66,0.00,0.53,0.13,31.2,0.00,Matchs
1370,Naby Keïta,gn GUI,MT,Liverpool,eng Premier League,27,1995,3.3,62.4,1.52,10.3,34.5,17.9,3.33,62.4,1.21,0.91,75.0,0.00,0.0,33.6,162.4,66.7,1.52,1.82,0.00,3.64,2.12,42.4,6.36,Matchs
1371,Yannik Keitel,de GER,MT,Freiburg,de Bundesliga,22,2000,7.6,41.2,1.32,8.95,23.3,9.61,1.32,41.2,1.18,0.53,44.4,0.39,33.3,20.9,113.2,52.8,1.58,1.18,0.13,0.92,0.66,22.9,2.11,Matchs
1372,Caoimhín Kelleher,ie IRL,GB,Liverpool,eng Premier League,23,1998,1.0,26.0,18.0,26.0,0.00,0.00,0.00,26.0,0.00,0.00,,0.00,,18.0,89.0,62.0,0.00,0.00,0.00,0.00,0.00,13.0,0.00,Matchs
1373,Lloyd Kelly,eng ENG,DF,Bournemouth,eng Premier League,23,1998,22.7,61.4,8.15,33.1,23.2,5.46,0.40,61.4,0.31,0.04,14.3,0.22,71.4,31.1,146.1,82.8,0.62,0.18,0.00,0.70,0.18,35.5,0.44,Matchs
1374,Marc-Oliver Kempf,de GER,DF,Hertha BSC,de Bundesliga,27,1995,30.1,54.6,7.67,30.1,23.3,1.73,01.06,54.6,0.56,0.37,64.7,0.13,23.5,25.7,124.2,61.6,0.37,0.07,0.00,0.47,0.23,26.8,0.03,Matchs
1375,Kenedy,br BRA,"AT,DF",Valladolid,es La Liga,26,1996,3.1,42.3,0.00,5.81,19.0,18.7,4.19,42.3,4.19,1.29,30.8,2.90,69.2,27.4,118.4,45.8,1.29,0.32,0.97,4.52,2.26,30.3,6.77,Matchs
Clt,Joueur,Nation,Pos,Équipe,Comp,Âge,Naissance,90,Touches,SurfRépDéf,ZDéf,MilTer,ZOff,SurfRépOff,Action de jeu,Att,Succ,Succ%,Tkld,Tkld%,Balle au pied,TotDist,DistBut,PrgC,1/3,CSR,Manqué,Perte,Rec,PrgR,Matchs
1376,Jonjoe Kenny,eng ENG,DF,Hertha BSC,de Bundesliga,25,1997,24.9,59.3,3.69,20.4,28.8,10.8,0.48,59.3,0.92,0.48,52.2,0.28,30.4,26.5,117.7,58.9,1.20,0.96,0.20,1.00,0.32,28.5,2.37,Matchs
1377,Franck Kessié,ci CIV,MT,Barcelona,es La Liga,25,1996,11.0,52.3,2.27,10.0,30.5,12.1,2.27,52.3,1.64,0.82,50.0,0.55,33.3,31.7,157.5,61.3,1.27,1.00,0.18,02.09,0.91,38.7,3.91,Matchs
1378,Saîf-Eddine Khaoui,tn TUN,MT,Clermont Foot,fr Ligue 1,27,1995,22.5,42.8,0.71,6.53,22.7,14.7,2.13,42.8,2.31,01.07,46.2,0.93,40.4,29.6,160.3,68.3,01.02,1.24,0.18,1.91,01.02,26.3,3.91,Matchs
1379,Wahbi Khazri,tn TUN,"AT,MT",Montpellier,fr Ligue 1,31,1991,18.2,39.2,1.26,5.55,19.8,14.9,3.52,39.2,3.35,1.54,45.9,1.32,39.3,28.4,193.5,84.1,2.20,0.93,1.21,2.69,1.65,25.9,5.00,Matchs
1380,Rani Khedira,de GER,MT,Union Berlin,de Bundesliga,28,1994,32.0,40.9,1.69,11.5,23.1,6.81,0.59,40.9,0.56,0.31,55.6,0.22,38.9,17.5,77.7,23.8,0.44,0.34,0.03,0.78,0.53,21.5,0.81,Matchs
1381,Anthony Khelifa,fr FRA,DF,Ajaccio,fr Ligue 1,16,2005,0.1,120.0,0.00,40.0,80.0,0.00,0.00,120.0,0.00,0.00,,0.00,,100.0,430.0,150.0,10.0,0.00,0.00,0.00,0.00,80.0,0.00,Matchs
1382,Kiké,es ESP,AT,Osasuna,es La Liga,32,1989,11.3,37.3,1.33,2.48,15.9,19.2,06.02,37.3,1.77,01.06,60.0,0.53,30.0,22.7,98.8,34.8,1.42,1.33,0.53,5.13,1.50,29.6,5.13,Matchs
1383,Luca Kilian,de GER,DF,Köln,de Bundesliga,22,1999,12.5,64.1,6.96,35.4,26.1,2.96,0.56,64.1,0.32,0.16,50.0,0.08,25.0,40.8,230.2,129.7,1.12,0.64,0.00,0.32,0.24,42.2,0.32,Matchs
1384,Max Kilman,eng ENG,DF,Wolves,eng Premier League,25,1997,36.7,67.3,11.8,39.8,25.9,02.04,0.71,67.3,0.68,0.52,76.0,0.16,24.0,39.3,209.2,125.7,0.82,0.41,0.05,0.41,0.25,46.3,0.14,Matchs
1385,Joshua Kimmich,de GER,MT,Bayern Munich,de Bundesliga,27,1995,31.2,98.5,3.69,19.8,53.5,25.9,0.64,98.5,0.80,0.42,52.0,0.26,32.0,56.5,286.0,110.4,1.35,0.99,0.13,0.83,0.83,66.2,1.79,Matchs
1386,Presnel Kimpembe,fr FRA,DF,Paris S-G,fr Ligue 1,26,1995,8.1,70.0,7.28,25.1,40.4,4.81,0.86,70.0,0.37,0.25,66.7,0.00,0.0,53.1,247.0,134.6,0.49,0.99,0.00,0.49,0.62,50.2,0.49,Matchs
1387,Jakub Kiwior,pl POL,DF,Arsenal,eng Premier League,22,2000,4.7,52.8,6.60,26.4,21.9,4.68,0.64,52.8,0.21,0.21,100.0,0.00,0.0,30.0,112.8,36.4,0.00,0.64,0.00,0.00,0.00,31.5,1.28,Matchs
1388,Jakub Kiwior,pl POL,DF,Spezia,it Serie A,22,2000,16.0,59.6,11.1,37.1,19.2,3.63,0.94,59.6,0.44,0.31,71.4,0.13,28.6,29.0,171.8,87.2,0.81,0.19,0.06,0.50,0.31,31.1,0.38,Matchs
1389,Simon Kjær,dk DEN,DF,Milan,it Serie A,33,1989,11.2,67.9,8.48,38.6,28.8,0.98,0.18,67.9,0.00,0.00,,0.00,,40.9,174.6,104.1,0.27,0.18,0.00,0.09,0.00,47.8,0.09,Matchs
1390,Pascal Klemens,de GER,DF,Hertha BSC,de Bundesliga,17,2005,1.0,40.0,12.0,30.0,10.0,0.00,0.00,40.0,0.00,0.00,,0.00,,22.0,61.0,40.0,0.00,0.00,0.00,0.00,0.00,22.0,0.00,Matchs
1391,Mateusz Klich,pl POL,"MT,AT",Leeds United,eng Premier League,32,1990,3.1,61.0,0.97,08.06,26.5,27.4,2.90,61.0,1.94,0.65,33.3,1.29,66.7,35.5,124.2,48.1,1.61,1.61,0.65,3.55,0.32,40.0,6.77,Matchs
1392,Lukas Klostermann,de GER,DF,RB Leipzig,de Bundesliga,26,1996,10.1,86.4,5.35,36.8,45.3,4.75,0.50,86.4,0.20,0.10,50.0,0.10,50.0,54.4,231.7,108.1,0.50,0.79,0.00,0.30,0.40,62.8,1.19,Matchs
1393,Justin Kluivert,nl NED,"AT,MT",Valencia,es La Liga,23,1999,16.1,36.2,0.43,2.98,9.50,24.9,04.04,36.1,3.91,1.86,47.6,1.86,47.6,22.2,189.1,96.5,3.60,02.05,1.37,2.42,1.37,24.3,7.83,Matchs
1394,Ansgar Knauff,de GER,DF,Eint Frankfurt,de Bundesliga,20,2002,14.3,61.5,2.17,18.4,26.1,18.5,03.01,61.5,4.41,1.54,34.9,2.31,52.4,28.7,201.3,117.3,3.29,1.82,01.05,2.17,0.63,30.3,5.17,Matchs
1395,Robin Knoche,de GER,DF,Union Berlin,de Bundesliga,30,1992,31.9,61.6,7.34,32.8,27.8,1.41,0.72,61.5,0.41,0.34,84.6,0.03,7.7,34.3,167.8,89.3,0.38,0.09,0.03,0.47,0.22,34.8,0.19,Matchs
1396,Gregor Kobel,ch SUI,GB,Dortmund,de Bundesliga,24,1997,27.0,41.3,31.7,41.0,0.30,0.00,0.00,41.3,0.04,0.04,100.0,0.00,0.0,24.9,110.4,52.7,0.00,0.00,0.00,0.04,0.00,22.7,0.00,Matchs
1397,Robin Koch,de GER,DF,Leeds United,eng Premier League,26,1996,35.3,55.6,7.45,29.8,23.2,3.00,0.91,55.6,0.08,0.03,33.3,0.06,66.7,28.7,133.1,73.2,0.31,0.23,0.00,0.42,0.03,31.2,0.31,Matchs
1398,Samuel Koeberlé,fr FRA,MT,Reims,fr Ligue 1,17,2004,0.0,9,0,8,0,1,0,9,2,1,50.0,1,50.0,7,12,3,0,0,0,1,0,3,1,Matchs
1399,Rudy Kohon,fr FRA,DF,Troyes,fr Ligue 1,18,2004,0.7,55.7,8.57,40.0,15.7,0.00,0.00,55.7,1.43,0.00,0.0,1.43,100.0,35.7,280.0,102.9,0.00,0.00,0.00,1.43,0.00,32.9,0.00,Matchs
1400,Dominik Kohr,de GER,MT,Mainz 05,de Bundesliga,28,1994,25.5,56.7,2.24,13.5,34.0,9.80,1.25,56.7,0.86,0.39,45.5,0.39,45.5,26.7,110.0,43.7,0.67,0.59,0.12,0.75,0.31,30.5,1.53,Matchs
Clt,Joueur,Nation,Pos,Équipe,Comp,Âge,Naissance,90,Touches,SurfRépDéf,ZDéf,MilTer,ZOff,SurfRépOff,Action de jeu,Att,Succ,Succ%,Tkld,Tkld%,Balle au pied,TotDist,DistBut,PrgC,1/3,CSR,Manqué,Perte,Rec,PrgR,Matchs
1401,Koke,es ESP,MT,Atlético Madrid,es La Liga,30,1992,28.3,79.3,2.47,19.2,47.2,13.3,0.74,79.3,0.78,0.46,59.1,0.28,36.4,44.0,157.2,73.1,0.53,0.88,0.00,0.74,0.64,61.3,1.31,Matchs
1402,Sead Kolašinac,ba BIH,DF,Marseille,fr Ligue 1,29,1993,24.6,62.9,2.72,16.6,33.8,13.1,1.95,62.9,0.49,0.12,25.0,0.28,58.3,46.3,253.3,137.9,1.99,1.50,0.24,01.02,0.24,40.4,3.50,Matchs
1403,Luca Koleosho,it ITA,"AT,DF",Espanyol,es La Liga,17,2004,0.7,57.1,0.00,2.86,18.6,37.1,7.14,57.1,11.4,5.71,50.0,5.71,50.0,38.6,254.3,125.7,5.71,0.00,4.29,8.57,0.00,38.6,21.4,Matchs
1404,Randal Kolo Muani,fr FRA,AT,Eint Frankfurt,de Bundesliga,23,1998,29.2,36.2,0.58,1.82,14.6,20.4,6.71,36.1,5.51,2.43,44.1,2.33,42.2,21.6,154.5,78.3,3.32,1.85,2.26,3.70,2.23,28.2,8.22,Matchs
1405,Timothée Kolodziejczak,fr FRA,DF,Schalke 04,de Bundesliga,30,1991,0.3,66.7,0.00,36.7,20.0,10.0,3.33,66.7,0.00,0.00,,0.00,,20.0,46.7,10.0,0.00,0.00,0.00,0.00,0.00,43.3,0.00,Matchs
1406,Cheick Konaté,ci CIV,DF,Clermont Foot,fr Ligue 1,18,2004,6.4,58.9,2.66,24.4,29.4,7.19,0.78,58.9,4.84,3.91,80.6,0.78,16.1,39.4,256.7,137.8,1.88,2.34,0.31,0.78,1.25,34.7,1.41,Matchs
1407,Ibrahima Konaté,fr FRA,DF,Liverpool,eng Premier League,23,1999,17.2,76.6,6.22,34.2,40.2,2.50,1.28,76.6,0.81,0.58,71.4,0.12,14.3,48.2,210.9,108.8,0.41,0.41,0.00,0.70,0.23,53.4,0.29,Matchs
1408,Geoffrey Kondogbia,cf CTA,MT,Atlético Madrid,es La Liga,29,1993,11.2,67.1,2.59,17.5,44.5,5.89,0.71,67.1,0.89,0.45,50.0,0.18,20.0,36.9,129.4,56.9,0.54,0.63,0.09,0.54,0.89,45.6,0.45,Matchs
1409,Ibrahima Koné,ml MLI,AT,Lorient,fr Ligue 1,23,1999,17.5,32.3,0.97,3.37,15.0,14.1,3.89,32.1,1.26,0.80,63.6,0.34,27.3,21.7,107.0,33.0,0.86,0.74,0.57,3.71,1.54,24.1,6.23,Matchs
1410,Kouadio Koné,fr FRA,MT,M'Gladbach,de Bundesliga,21,2001,29.0,61.9,2.10,13.9,38.9,10.4,0.83,61.9,04.07,1.97,48.3,1.31,32.2,40.1,216.7,114.0,02.03,1.79,0.21,2.79,1.72,43.7,1.90,Matchs
1411,Youssouf Koné,ml MLI,DF,Ajaccio,fr Ligue 1,27,1995,10.2,52.1,5.10,21.4,26.0,5.29,0.10,52.1,1.86,0.78,42.1,0.39,21.1,33.8,169.3,79.7,1.37,0.98,0.10,1.37,0.39,28.5,1.57,Matchs
1412,Ezri Konsa,eng ENG,DF,Aston Villa,eng Premier League,24,1997,36.9,59.4,9.46,34.7,23.0,1.90,0.60,59.4,0.41,0.14,33.3,0.08,20.0,37.3,168.7,97.5,0.19,0.24,0.00,0.41,0.14,41.5,0.30,Matchs
1413,Teun Koopmeiners,nl NED,MT,Atalanta,it Serie A,24,1998,31.8,64.7,2.67,15.0,28.8,21.7,1.98,64.5,1.70,0.88,51.9,0.72,42.6,35.7,181.1,96.0,1.89,02.01,0.35,1.51,01.01,43.9,3.33,Matchs
1414,Odilon Kossonou,ci CIV,DF,Leverkusen,de Bundesliga,21,2001,16.9,67.7,6.21,27.4,36.3,4.44,0.24,67.7,0.71,0.41,58.3,0.24,33.3,37.9,202.1,120.7,1.54,0.89,0.00,0.95,0.77,42.4,0.95,Matchs
1415,Filip Kostić,rs SRB,"DF,AT",Juventus,it Serie A,29,1992,28.5,52.2,1.44,8.32,20.9,23.6,2.18,52.2,1.82,0.81,44.2,0.84,46.2,28.4,171.3,90.8,3.54,1.89,0.77,1.75,0.70,33.1,08.07,Matchs
1416,Filip Kostić,rs SRB,"DF,MT",Eint Frankfurt,de Bundesliga,29,1992,0.8,56.3,0.00,12.5,20.0,25.0,3.75,56.3,3.75,1.25,33.3,1.25,33.3,28.8,215.0,131.3,3.75,1.25,1.25,0.00,1.25,28.8,3.75,Matchs
1417,Christian Kouamé,ci CIV,AT,Fiorentina,it Serie A,24,1997,20.7,45.5,0.39,3.57,15.7,27.0,5.36,45.5,3.19,01.01,31.8,1.74,54.5,27.2,137.4,62.9,2.42,1.55,1.16,3.86,02.03,34.0,9.81,Matchs
1418,Rominigue Kouamé,ml MLI,MT,Troyes,fr Ligue 1,25,1996,29.6,57.4,3.82,17.1,33.9,7.77,0.64,57.4,2.40,1.69,70.4,0.51,21.1,45.3,282.5,122.5,1.99,1.59,0.14,1.28,0.84,39.9,1.22,Matchs
1419,Tomáš Koubek,cz CZE,GB,Augsburg,de Bundesliga,29,1992,11.0,49.6,39.2,49.0,0.64,0.00,0.00,49.6,0.00,0.00,,0.00,,29.2,169.1,90.6,0.00,0.00,0.00,0.00,0.00,23.9,0.00,Matchs
1420,Kalidou Koulibaly,sn SEN,DF,Chelsea,eng Premier League,31,1991,20.0,84.3,8.70,39.6,41.9,3.15,0.95,84.3,0.30,0.20,66.7,0.10,33.3,54.1,236.4,123.0,0.50,0.40,0.00,0.50,0.10,60.5,0.20,Matchs
1421,Jules Koundé,fr FRA,DF,Barcelona,es La Liga,23,1998,27.0,82.7,4.33,25.0,45.0,13.4,1.67,82.7,01.04,0.56,53.6,0.33,32.1,54.7,274.1,169.9,2.15,1.93,0.19,0.85,0.67,59.7,2.26,Matchs
1422,Boubakar Kouyaté,ml MLI,DF,Montpellier,fr Ligue 1,25,1997,14.0,56.9,8.14,31.4,23.9,2.14,1.50,56.9,0.29,0.21,75.0,0.00,0.0,36.6,221.5,108.5,0.21,0.21,0.07,0.21,0.00,32.8,0.07,Matchs
1423,Cheikhou Kouyaté,sn SEN,MT,Nott'ham Forest,eng Premier League,32,1989,9.8,37.0,3.98,13.9,16.9,6.53,1.43,37.0,0.92,0.61,66.7,0.10,11.1,16.3,74.0,29.8,0.61,0.41,0.31,1.53,0.92,17.9,1.43,Matchs
1424,Mateo Kovačić,hr CRO,MT,Chelsea,eng Premier League,28,1994,19.0,78.5,1.63,14.7,49.4,15.2,0.63,78.5,1.79,1.00,55.9,0.53,29.4,53.2,290.4,136.4,1.95,02.05,0.11,1.37,1.37,60.2,1.58,Matchs
1425,Viktor Kovalenko,ua UKR,MT,Spezia,it Serie A,26,1996,6.1,50.7,1.64,9.18,24.6,17.2,3.11,50.7,0.82,0.66,80.0,0.16,20.0,25.9,112.1,41.6,0.66,0.49,0.33,1.48,0.33,31.3,4.59,Matchs
Clt,Joueur,Nation,Pos,Équipe,Comp,Âge,Naissance,90,Touches,SurfRépDéf,ZDéf,MilTer,ZOff,SurfRépOff,Action de jeu,Att,Succ,Succ%,Tkld,Tkld%,Balle au pied,TotDist,DistBut,PrgC,1/3,CSR,Manqué,Perte,Rec,PrgR,Matchs
1426,Soichiro Kozuki,jp JPN,"AT,MT",Schalke 04,de Bundesliga,21,2000,4.2,37.4,1.19,6.90,12.6,18.1,3.81,37.4,3.81,1.43,37.5,2.14,56.3,23.3,146.4,65.7,3.57,1.43,0.95,2.14,1.90,25.2,8.81,Matchs
1427,Emil Krafth,se SWE,DF,Newcastle Utd,eng Premier League,27,1994,0.0,1,0,1,0,0,0,1,0,0,,0,,0,0,0,0,0,0,0,0,0,0,Matchs
1428,Alex Král,cz CZE,MT,Schalke 04,de Bundesliga,24,1998,26.2,42.3,2.75,10.4,23.3,9.20,1.79,42.3,1.95,0.88,45.1,0.84,43.1,21.1,113.0,52.1,1.56,0.80,0.15,1.15,0.80,22.9,2.67,Matchs
1429,Andrej Kramarić,hr CRO,"MT,AT",Hoffenheim,de Bundesliga,31,1991,26.5,46.9,0.57,4.79,24.0,18.6,4.00,46.7,2.19,01.06,48.3,0.83,37.9,31.1,158.6,63.2,1.85,1.28,0.60,2.30,1.25,35.7,7.21,Matchs
1430,Christoph Kramer,de GER,MT,M'Gladbach,de Bundesliga,31,1991,24.7,60.0,2.75,18.2,31.1,11.2,1.66,60.0,1.94,0.85,43.8,0.97,50.0,31.3,133.1,63.0,01.05,1.13,0.24,01.05,1.21,41.0,2.43,Matchs
1431,Tom Krauß,de GER,MT,Schalke 04,de Bundesliga,21,2001,27.9,40.9,1.97,11.2,21.9,8.64,0.57,40.9,1.18,0.72,60.6,0.43,36.4,16.7,94.3,45.6,1.25,0.93,0.07,0.93,1.11,15.4,1.36,Matchs
1432,Julian Kristoffersen,no NOR,AT,Salernitana,it Serie A,25,1997,0.2,20.0,0.00,0.00,10.0,10.0,0.00,20.0,0.00,0.00,,0.00,,5.00,10.0,0.00,0.00,0.00,0.00,5.00,0.00,10.0,10.0,Matchs
1433,Raimonds Krollis,lv LVA,"AT,DF",Spezia,it Serie A,20,2001,0.4,40.0,0.00,5.00,12.5,22.5,5.00,40.0,2.50,0.00,0.0,2.50,100.0,20.0,135.0,27.5,2.50,0.00,0.00,2.50,2.50,27.5,10.0,Matchs
1434,Toni Kroos,de GER,MT,Real Madrid,es La Liga,32,1990,23.9,110.2,2.43,22.2,67.7,21.2,0.75,110.2,01.09,0.38,34.6,0.42,38.5,75.1,335.4,183.4,2.13,1.72,0.13,0.42,0.50,88.1,1.59,Matchs
1435,Rade Krunić,ba BIH,MT,Milan,it Serie A,28,1993,18.4,60.6,2.34,15.4,36.6,9.29,1.30,60.6,1.41,01.03,73.1,0.22,15.4,35.8,193.6,103.8,1.68,1.47,0.11,0.54,0.43,39.6,1.14,Matchs
1436,Max Kruse,de GER,"MT,AT",Wolfsburg,de Bundesliga,34,1988,3.0,48.0,0.67,3.67,20.7,24.0,6.00,48.0,1.33,0.67,50.0,0.67,50.0,22.7,105.7,48.7,1.33,1.00,0.33,1.33,1.00,35.0,10.0,Matchs
1437,Lukas Kübler,de GER,DF,Freiburg,de Bundesliga,29,1992,18.2,55.9,4.29,19.0,26.7,10.5,1.10,55.9,0.44,0.27,62.5,0.16,37.5,23.0,97.7,42.6,0.60,0.55,0.05,0.71,0.11,28.3,2.75,Matchs
1438,Takefusa Kubo,jp JPN,"AT,MT",Real Sociedad,es La Liga,21,2001,27.1,45.8,0.22,3.47,15.9,27.2,5.20,45.8,4.32,1.81,41.9,1.85,42.7,31.0,217.5,121.1,4.32,2.21,2.44,3.32,1.55,34.3,8.82,Matchs
1439,Dejan Kulusevski,se SWE,"MT,AT",Tottenham,eng Premier League,22,2000,23.0,45.6,1.13,6.78,17.1,23.0,4.65,45.6,4.87,2.26,46.4,2.26,46.4,29.4,213.3,109.2,3.78,2.00,02.09,3.39,2.26,30.9,8.48,Matchs
1440,Sael Kumbedi,fr FRA,DF,Lyon,fr Ligue 1,17,2005,14.7,67.4,2.45,18.4,31.5,17.8,1.50,67.4,2.86,01.09,38.1,1.63,57.1,43.8,230.6,106.6,01.09,2.11,0.20,01.09,0.95,38.8,5.71,Matchs
1441,Marash Kumbulla,al ALB,DF,Roma,it Serie A,22,2000,2.9,70.3,5.17,35.2,34.5,1.72,0.69,70.3,0.00,0.00,,0.00,,46.9,212.1,109.0,0.69,0.34,0.00,0.69,0.00,53.4,0.34,Matchs
1442,Pierre Kunde,cm CMR,"MT,AT",Bochum,de Bundesliga,27,1995,4.2,63.1,2.62,14.3,36.9,13.6,0.71,63.1,2.14,1.19,55.6,0.95,44.4,29.3,159.8,74.3,1.43,1.67,0.00,2.62,0.48,29.0,0.24,Matchs
1443,Alou Kuol,au AUS,AT,Stuttgart,de Bundesliga,21,2000,0.1,10.0,0.00,0.00,10.0,0.00,0.00,10.0,0.00,0.00,,0.00,,0.00,0.00,0.00,0.00,0.00,0.00,0.00,10.0,0.00,0.00,Matchs
1444,Layvin Kurzawa,fr FRA,DF,Fulham,eng Premier League,29,1992,1.5,42.7,5.33,23.3,12.0,7.33,0.00,42.7,2.67,1.33,50.0,1.33,50.0,19.3,66.7,13.3,0.67,0.00,0.00,2.00,0.67,16.0,1.33,Matchs
1445,Khvicha Kvaratskhelia,ge GEO,AT,Napoli,it Serie A,21,2001,28.0,55.3,0.29,3.93,17.4,34.9,6.25,55.2,7.11,2.68,37.7,3.82,53.8,37.6,247.7,132.1,4.96,2.21,3.00,2.25,1.71,43.6,10.4,Matchs
1446,Grejohn Kyei,fr FRA,AT,Clermont Foot,fr Ligue 1,26,1995,24.8,33.9,1.13,2.42,18.4,13.4,3.95,33.6,2.94,1.57,53.4,1.25,42.5,24.9,136.0,40.5,01.09,0.81,0.52,3.83,1.94,27.0,6.45,Matchs
1447,Daniel Kyereh,gh GHA,"MT,AT",Freiburg,de Bundesliga,26,1996,6.2,42.1,1.29,5.81,18.2,18.5,2.58,42.1,1.77,0.48,27.3,1.13,63.6,23.7,103.5,29.5,0.81,0.97,0.16,3.39,1.94,28.7,3.87,Matchs
1448,Giorgos Kyriakopoulos,gr GRE,"DF,AT",Bologna,it Serie A,26,1996,7.8,62.8,2.56,17.6,24.9,20.9,1.15,62.8,2.18,1.41,64.7,0.51,23.5,37.6,222.4,130.9,2.69,1.92,0.13,1.67,01.03,42.4,6.41,Matchs
1449,Giorgos Kyriakopoulos,gr GRE,"AT,DF",Sassuolo,it Serie A,26,1996,8.5,59.4,1.65,16.5,22.0,21.9,1.88,59.4,3.65,1.65,45.2,1.76,48.4,36.7,220.6,124.8,2.00,1.76,0.59,1.65,2.12,39.2,5.41,Matchs
1450,César de la Hoz,es ESP,MT,Almería,es La Liga,30,1992,18.6,38.9,2.90,13.3,23.0,2.74,0.54,38.9,0.43,0.22,50.0,0.22,50.0,17.4,66.3,29.2,0.16,0.27,0.00,0.65,0.22,21.0,0.32,Matchs
Clt,Joueur,Nation,Pos,Équipe,Comp,Âge,Naissance,90,Touches,SurfRépDéf,ZDéf,MilTer,ZOff,SurfRépOff,Action de jeu,Att,Succ,Succ%,Tkld,Tkld%,Balle au pied,TotDist,DistBut,PrgC,1/3,CSR,Manqué,Perte,Rec,PrgR,Matchs
1451,Luca de la Torre,us USA,MT,Celta Vigo,es La Liga,24,1998,16.5,46.9,0.79,7.39,22.5,17.6,1.88,46.9,1.27,0.73,57.1,0.48,38.1,31.5,196.9,95.0,3.33,2.91,0.24,1.94,0.73,32.8,4.42,Matchs
1452,Rémy Labeau Lascary,gp GLP,"AT,MT",Lens,fr Ligue 1,19,2003,1.4,39.3,0.71,6.43,10.7,22.1,8.57,39.3,5.00,1.43,28.6,3.57,71.4,28.6,210.0,70.0,2.14,0.71,0.00,5.71,2.14,28.6,11.4,Matchs
1453,Gaëtan Laborde,fr FRA,AT,Nice,fr Ligue 1,28,1994,27.8,37.1,0.76,3.92,15.2,18.2,5.50,37.1,1.98,0.94,47.3,0.97,49.1,25.2,144.6,62.0,1.94,1.44,0.76,2.48,01.04,25.0,07.05,Matchs
1454,Gaëtan Laborde,fr FRA,AT,Rennes,fr Ligue 1,28,1994,2.8,32.9,0.71,01.07,14.6,18.2,8.57,32.9,0.71,0.71,100.0,0.00,0.0,21.8,124.6,53.6,2.86,1.43,1.43,3.93,1.43,21.1,7.14,Matchs
1455,Alexandre Lacazette,fr FRA,AT,Lyon,fr Ligue 1,31,1991,32.5,39.1,0.40,2.49,15.2,21.7,6.46,38.9,2.34,1.17,50.0,0.86,36.8,29.2,133.5,45.1,1.23,0.77,0.55,2.00,1.42,28.6,6.98,Matchs
1456,Qazim Laçi,al ALB,MT,Ajaccio,fr Ligue 1,26,1996,2.4,71.3,1.25,8.33,45.4,18.3,0.42,71.3,1.67,0.83,50.0,0.42,25.0,49.2,243.8,86.3,0.00,1.25,0.00,0.42,0.00,45.4,1.67,Matchs
1457,Maxence Lacroix,fr FRA,DF,Wolfsburg,de Bundesliga,22,2000,18.1,71.7,8.84,38.1,32.4,1.60,0.50,71.7,0.44,0.39,87.5,0.06,12.5,42.9,217.5,124.3,0.83,0.50,0.00,0.55,0.33,46.0,0.22,Matchs
1458,Alban Lafont,fr FRA,GB,Nantes,fr Ligue 1,23,1999,37.0,35.5,30.1,35.4,0.11,0.00,0.00,35.5,0.08,0.03,33.3,0.05,66.7,23.4,122.4,67.5,0.03,0.00,0.00,0.05,0.00,14.8,0.00,Matchs
1459,Aïssa Laïdouni,tn TUN,MT,Union Berlin,de Bundesliga,25,1996,9.7,44.6,1.65,9.69,22.7,13.3,0.82,44.6,03.09,1.44,46.7,1.44,46.7,28.9,118.0,53.8,01.03,0.82,0.00,2.27,0.82,27.5,2.58,Matchs
1460,Konrad Laimer,at AUT,MT,RB Leipzig,de Bundesliga,25,1997,16.3,60.4,1.60,12.5,33.9,15.3,2.33,60.4,3.44,1.96,57.1,1.10,32.1,37.5,204.8,116.3,3.13,1.78,0.61,2.15,1.35,39.6,3.19,Matchs
1461,Stefan Lainer,at AUT,DF,M'Gladbach,de Bundesliga,29,1992,9.1,79.1,04.07,22.3,42.1,14.9,2.20,79.1,1.21,0.22,18.2,0.88,72.7,42.0,196.9,99.8,2.53,0.88,0.55,1.32,0.44,52.4,4.29,Matchs
1462,Kenny Lala,fr FRA,DF,Brest,fr Ligue 1,30,1991,15.7,65.5,3.95,23.4,29.5,13.7,0.51,65.5,1.59,0.76,48.0,0.76,48.0,39.7,222.5,102.7,1.53,1.40,0.00,0.76,0.64,33.1,1.91,Matchs
1463,Adam Lallana,eng ENG,"MT,AT",Brighton,eng Premier League,34,1988,8.0,46.6,0.75,5.38,22.5,18.9,4.13,46.6,0.75,0.38,50.0,0.38,50.0,25.8,104.9,52.5,1.25,0.50,0.50,1.88,1.38,36.9,5.38,Matchs
1464,Vassilis Lambropoulos,gr GRE,DF,Bochum,de Bundesliga,32,1990,7.0,47.0,7.29,24.9,20.1,2.71,1.86,47.0,0.14,0.00,0.0,0.00,0.0,17.3,81.0,33.3,0.14,0.14,0.00,0.57,0.14,18.4,0.00,Matchs
1465,Érik Lamela,ar ARG,"AT,MT",Sevilla,es La Liga,30,1992,20.5,50.6,0.15,5.12,19.4,26.8,5.27,50.6,3.66,1.61,44.0,1.66,45.3,32.0,198.7,93.0,3.22,2.49,1.37,2.68,2.44,36.6,7.90,Matchs
1466,Mohamed Lamine Bayo,gn GUI,"AT,MT",Lille,fr Ligue 1,24,1998,7.2,26.5,0.28,0.97,9.72,16.3,5.42,26.5,02.08,1.39,66.7,0.42,20.0,19.4,106.8,37.6,1.11,0.97,0.69,2.92,1.81,20.8,6.67,Matchs
1467,Sam Lammers,nl NED,AT,Sampdoria,it Serie A,25,1997,12.2,33.5,1.23,3.11,17.5,13.4,3.61,33.5,2.38,1.31,55.2,0.98,41.4,21.3,91.2,42.2,1.39,0.90,0.49,4.34,1.48,27.5,5.33,Matchs
1468,Sam Lammers,nl NED,AT,Empoli,it Serie A,25,1997,9.8,36.5,1.22,3.57,15.4,18.3,5.00,36.5,2.35,01.02,43.5,1.22,52.2,19.7,108.6,36.1,0.92,1.22,0.61,3.78,1.43,27.3,6.84,Matchs
1469,Tariq Lamptey,gh GHA,DF,Brighton,eng Premier League,21,2000,5.0,75.2,3.00,16.0,27.6,32.2,3.40,75.2,5.60,1.60,28.6,2.60,46.4,46.4,290.2,161.6,5.60,2.40,1.40,3.20,0.40,51.2,11.6,Matchs
1470,Manuel Lanzini,ar ARG,"MT,AT",West Ham,eng Premier League,29,1993,2.8,68.6,01.07,11.4,39.6,17.9,01.07,68.6,01.07,0.36,33.3,0.00,0.0,41.4,187.1,72.5,0.71,2.14,0.00,0.71,01.07,53.6,2.14,Matchs
1471,Aymeric Laporte,es ESP,DF,Manchester City,eng Premier League,28,1994,11.0,94.2,7.73,30.5,48.9,15.1,1.18,94.2,0.36,0.18,50.0,0.09,25.0,63.8,365.0,262.0,2.73,4.00,0.00,0.27,0.00,73.3,1.00,Matchs
1472,Julien Laporte,fr FRA,DF,Lorient,fr Ligue 1,28,1993,18.4,54.6,12.5,31.4,22.3,0.92,0.33,54.6,0.05,0.05,100.0,0.00,0.0,38.5,213.9,110.1,0.22,0.27,0.00,0.27,0.11,36.5,0.00,Matchs
1473,Cyle Larin,ca CAN,AT,Valladolid,es La Liga,27,1995,16.3,29.0,1.29,2.94,11.6,14.8,5.46,28.8,1.60,0.61,38.5,0.92,57.7,18.7,94.4,37.2,1.53,0.92,0.67,3.99,2.21,22.7,4.42,Matchs
1474,Juan Larios,es ESP,DF,Southampton,eng Premier League,18,2004,1.7,62.4,5.88,18.8,32.4,11.8,1.18,62.4,2.35,1.76,75.0,0.59,25.0,22.4,198.8,118.2,5.88,1.18,0.59,1.76,1.18,27.6,0.59,Matchs
1475,Yasser Larouci,dz ALG,"DF,MT",Troyes,fr Ligue 1,21,2001,20.0,53.6,3.60,16.2,24.3,14.4,1.30,53.6,4.35,1.90,43.7,2.10,48.3,36.5,255.9,128.4,3.60,2.45,0.70,2.15,1.85,32.1,5.65,Matchs
Clt,Joueur,Nation,Pos,Équipe,Comp,Âge,Naissance,90,Touches,SurfRépDéf,ZDéf,MilTer,ZOff,SurfRépOff,Action de jeu,Att,Succ,Succ%,Tkld,Tkld%,Balle au pied,TotDist,DistBut,PrgC,1/3,CSR,Manqué,Perte,Rec,PrgR,Matchs
1476,Jordan Larsson,se SWE,"AT,MT",Schalke 04,de Bundesliga,25,1997,5.1,33.9,0.39,3.92,17.6,13.1,2.35,33.9,2.55,0.78,30.8,1.37,53.8,17.8,99.6,32.2,0.98,0.59,0.20,0.78,1.37,20.8,5.69,Matchs
1477,Kevin Lasagna,it ITA,"AT,MT",Hellas Verona,it Serie A,29,1992,17.5,27.5,0.86,3.54,10.4,14.2,3.83,27.5,2.17,0.74,34.2,01.03,47.4,15.3,99.2,42.7,02.06,1.31,0.80,03.03,1.94,18.1,6.00,Matchs
1478,Jamaal Lascelles,eng ENG,DF,Newcastle Utd,eng Premier League,28,1993,2.4,49.2,11.3,28.3,19.6,1.67,1.67,49.2,0.00,0.00,,0.00,,26.7,112.1,42.9,0.00,0.00,0.00,0.00,0.00,31.3,0.00,Matchs
1479,Juanmi Latasa,es ESP,AT,Getafe,es La Liga,21,2001,5.0,48.0,1.60,3.20,23.0,22.0,5.40,48.0,1.40,0.40,28.6,0.80,57.1,21.4,64.6,10.4,0.00,0.40,0.00,4.80,1.80,35.6,6.60,Matchs
1480,Toni Lato,es ESP,"DF,MT",Valencia,es La Liga,24,1997,10.2,57.2,2.16,14.6,24.2,18.7,1.76,57.2,0.98,0.69,70.0,0.20,20.0,27.5,137.5,77.8,1.76,1.47,0.20,0.78,0.20,33.9,4.61,Matchs
1481,Danny Latza,de GER,MT,Schalke 04,de Bundesliga,32,1989,9.5,52.9,1.68,14.9,27.1,11.7,1.58,52.9,1.37,0.42,30.8,0.84,61.5,25.7,113.7,59.1,1.16,0.32,0.11,0.74,0.84,29.7,1.58,Matchs
1482,Armand Lauriente,fr FRA,AT,Sassuolo,it Serie A,23,1998,24.2,45.5,0.29,3.35,16.2,27.0,4.38,45.4,5.79,2.64,45.7,2.44,42.1,31.5,251.9,131.7,5.25,2.81,02.07,2.31,2.19,33.7,10.9,Matchs
1483,Armand Lauriente,fr FRA,AT,Lorient,fr Ligue 1,23,1998,3.0,45.3,0.00,8.67,17.3,21.3,6.33,45.3,5.67,4.67,82.4,0.33,5.9,34.3,266.7,148.3,4.67,1.67,1.67,1.33,1.33,29.0,7.00,Matchs
1484,Roméo Lavia,be BEL,MT,Southampton,eng Premier League,18,2004,24.7,52.1,2.35,12.1,33.5,7.17,0.04,52.1,02.02,1.13,56.0,0.53,26.0,32.6,173.1,77.0,0.89,0.85,0.00,0.97,1.26,32.1,0.57,Matchs
1485,Lázaro,br BRA,"AT,MT",Almería,es La Liga,20,2002,8.0,40.1,0.50,3.38,17.3,20.3,4.75,40.1,3.50,1.88,53.6,1.63,46.4,26.0,178.0,83.1,2.88,2.63,0.38,2.25,1.38,29.5,7.38,Matchs
1486,Valentino Lazaro,at AUT,DF,Torino,it Serie A,26,1996,15.3,66.5,2.48,13.1,28.3,25.8,1.50,66.5,2.29,01.05,45.7,0.85,37.1,32.4,158.7,82.5,2.88,1.63,0.52,01.05,0.26,39.7,5.49,Matchs
1487,Marko Lazetić,rs SRB,AT,Milan,it Serie A,18,2004,0.1,40.0,0.00,0.00,20.0,20.0,10.0,40.0,0.00,0.00,,0.00,,20.0,50.0,0.00,0.00,0.00,0.00,10.0,20.0,30.0,30.0,Matchs
1488,Darko Lazović,rs SRB,"MT,DF",Hellas Verona,it Serie A,31,1990,24.9,42.2,01.04,7.91,16.5,18.5,2.69,42.2,2.17,0.76,35.2,1.20,55.6,21.8,135.2,78.0,2.89,1.49,0.84,1.53,0.56,24.9,6.71,Matchs
1489,Manuel Lazzari,it ITA,DF,Lazio,it Serie A,28,1993,20.9,66.0,2.49,20.7,31.4,14.8,1.29,66.0,1.96,0.86,43.9,0.86,43.9,37.8,283.5,188.2,4.69,2.97,0.72,1.20,0.14,44.1,3.54,Matchs
1490,Théo Le Bris,fr FRA,"MT,DF",Lorient,fr Ligue 1,19,2002,16.1,49.2,2.11,13.1,20.1,16.5,2.98,49.2,2.36,0.93,39.5,1.43,60.5,34.5,213.4,97.3,3.17,1.93,1.24,1.30,0.62,31.2,6.40,Matchs
1491,Julien Le Cardinal,fr FRA,DF,Lens,fr Ligue 1,24,1997,1.8,85.0,4.44,15.6,38.3,31.7,2.78,85.0,2.22,1.11,50.0,0.56,25.0,57.2,329.4,128.9,2.22,5.00,0.00,2.22,1.11,53.3,7.22,Matchs
1492,Jérémy Le Douaron,fr FRA,"MT,AT",Brest,fr Ligue 1,24,1998,23.0,31.2,1.17,4.00,13.0,14.8,3.74,31.2,3.22,0.96,29.7,1.74,54.1,21.3,146.0,42.4,1.65,0.96,0.57,3.17,1.48,22.3,5.74,Matchs
1493,Enzo Le Fée,fr FRA,MT,Lorient,fr Ligue 1,22,2000,33.6,77.7,2.65,16.6,42.3,20.1,01.04,77.7,4.61,02.02,43.9,1.99,43.2,58.6,360.6,161.1,2.86,2.68,0.39,2.20,1.64,53.5,3.13,Matchs
1494,Vincent Le Goff,fr FRA,DF,Lorient,fr Ligue 1,32,1989,37.0,63.7,4.68,22.9,31.3,10.0,0.84,63.7,0.86,0.32,37.5,0.38,43.8,42.8,239.8,126.7,1.86,1.54,0.11,0.49,0.32,38.5,2.27,Matchs
1495,Maxime Le Marchand,fr FRA,DF,Strasbourg,fr Ligue 1,32,1989,22.4,62.7,7.90,28.0,32.1,3.30,0.54,62.7,0.76,0.67,88.2,0.04,5.9,43.3,233.9,121.7,0.45,0.85,0.00,0.49,0.18,38.1,0.18,Matchs
1496,Robin Le Normand,es ESP,DF,Real Sociedad,es La Liga,25,1996,31.1,63.5,7.78,30.4,31.8,1.70,0.68,63.5,0.06,0.06,100.0,0.00,0.0,38.6,213.2,120.9,0.84,0.35,0.00,0.26,0.29,40.9,0.06,Matchs
1497,Rafael Leão,pt POR,"AT,MT",Milan,it Serie A,23,1999,26.9,44.4,0.37,2.45,18.1,25.0,5.35,44.4,6.36,2.86,45.0,2.83,44.4,29.9,277.5,141.6,05.06,4.20,2.38,2.57,1.41,34.3,8.74,Matchs
1498,Paolo Lebas,fr FRA,MT,Ajaccio,fr Ligue 1,19,2003,0.6,30.0,0.00,3.33,20.0,6.67,0.00,30.0,1.67,1.67,100.0,0.00,0.0,21.7,73.3,25.0,0.00,0.00,0.00,1.67,0.00,18.3,0.00,Matchs
1499,Jean-Louis Leca,fr FRA,GB,Lens,fr Ligue 1,36,1985,1.0,42.0,40.0,42.0,0.00,0.00,0.00,42.0,0.00,0.00,,0.00,,29.0,130.0,31.0,0.00,0.00,0.00,0.00,0.00,19.0,0.00,Matchs
1500,Benjamin Lecomte,fr FRA,GB,Espanyol,es La Liga,31,1991,10.0,29.8,22.8,29.0,0.80,0.00,0.00,29.8,0.00,0.00,,0.00,,12.4,74.6,50.6,0.00,0.00,0.00,0.00,0.00,8.70,0.00,Matchs
Clt,Joueur,Nation,Pos,Équipe,Comp,Âge,Naissance,90,Touches,SurfRépDéf,ZDéf,MilTer,ZOff,SurfRépOff,Action de jeu,Att,Succ,Succ%,Tkld,Tkld%,Balle au pied,TotDist,DistBut,PrgC,1/3,CSR,Manqué,Perte,Rec,PrgR,Matchs
1501,Benjamin Lecomte,fr FRA,GB,Montpellier,fr Ligue 1,31,1991,19.0,36.7,29.8,36.5,0.26,0.00,0.00,36.7,0.05,0.05,100.0,0.00,0.0,22.4,132.4,83.9,0.00,0.00,0.00,0.00,0.00,15.5,0.00,Matchs
1502,Jeremías Ledesma,ar ARG,GB,Cádiz,es La Liga,29,1993,34.0,35.9,29.4,35.6,0.26,0.09,0.09,35.9,0.12,0.12,100.0,0.00,0.0,17.7,116.4,82.0,0.00,0.03,0.00,0.03,0.00,10.9,0.00,Matchs
1503,Pierre Lees-Melou,fr FRA,MT,Brest,fr Ligue 1,29,1993,30.7,59.9,3.78,18.8,32.6,9.77,0.62,59.9,1.43,0.72,50.0,0.39,27.3,42.6,257.4,115.8,01.07,1.43,0.23,0.98,0.65,35.5,1.47,Matchs
1504,Diogo Leite,pt POR,DF,Union Berlin,de Bundesliga,23,1999,25.0,65.0,8.00,30.6,30.6,4.40,0.80,65.0,0.20,0.04,20.0,0.04,20.0,35.8,171.2,97.2,0.76,0.72,0.04,0.80,0.40,38.5,0.56,Matchs
1505,Maxim Leitsch,de GER,DF,Mainz 05,de Bundesliga,24,1998,7.4,54.7,5.68,25.4,27.7,1.62,0.27,54.7,0.14,0.00,0.0,0.14,100.0,27.4,129.3,59.9,0.68,0.00,0.14,0.68,0.14,30.4,0.14,Matchs
1506,Florian Lejeune,fr FRA,DF,Rayo Vallecano,es La Liga,31,1991,28.5,58.5,6.56,28.2,27.7,03.02,0.74,58.5,0.25,0.14,57.1,0.07,28.6,33.5,151.8,88.3,0.28,0.32,0.00,0.21,0.04,36.9,0.11,Matchs
1507,Iñigo Lekue,es ESP,DF,Athletic Club,es La Liga,29,1993,14.7,64.7,03.06,18.0,30.6,16.9,0.88,64.7,1.50,0.75,50.0,0.61,40.9,35.4,194.3,111.8,2.86,1.70,0.41,1.16,0.20,34.4,04.01,Matchs
1508,Thomas Lemar,fr FRA,MT,Atlético Madrid,es La Liga,26,1995,13.9,67.3,1.22,10.6,34.7,22.7,1.65,67.3,3.17,1.51,47.7,01.08,34.1,43.7,227.7,116.5,2.59,2.59,0.22,1.44,1.37,53.5,5.68,Matchs
1509,Félix Lemaréchal,fr FRA,MT,Brest,fr Ligue 1,18,2003,3.2,44.7,0.00,6.56,20.9,18.1,1.56,44.7,3.13,0.94,30.0,1.88,60.0,30.6,232.5,83.1,1.56,04.06,0.94,1.56,3.13,29.1,2.81,Matchs
1510,Dexter Lembikisa,jm JAM,DF,Wolves,eng Premier League,18,2003,0.3,43.3,0.00,10.0,23.3,10.0,0.00,43.3,0.00,0.00,,0.00,,23.3,96.7,70.0,6.67,0.00,0.00,0.00,0.00,26.7,10.0,Matchs
1511,Mario Lemina,ga GAB,MT,Wolves,eng Premier League,28,1993,14.4,55.1,4.65,20.3,29.9,5.63,0.28,55.1,1.25,0.76,61.1,0.21,16.7,28.8,133.6,65.9,0.42,0.42,0.00,0.90,0.56,36.2,0.63,Matchs
1512,Mario Lemina,ga GAB,"MT,DF",Nice,fr Ligue 1,28,1993,9.3,77.8,4.19,21.9,48.5,7.85,0.65,77.8,1.72,1.18,68.8,0.54,31.3,62.3,320.8,137.4,1.51,1.51,0.00,0.43,0.11,59.0,01.08,Matchs
1513,Tim Lemperle,de GER,"AT,MT",Köln,de Bundesliga,20,2002,1.5,56.7,2.67,8.67,24.7,25.3,6.00,56.7,5.33,2.00,37.5,3.33,62.5,32.7,156.0,54.7,0.67,1.33,1.33,4.00,4.00,35.3,10.7,Matchs
1514,Clément Lenglet,fr FRA,DF,Tottenham,eng Premier League,27,1995,22.4,74.4,7.95,35.9,34.0,4.78,0.76,74.4,0.54,0.31,58.3,0.18,33.3,51.0,252.9,159.0,1.47,1.21,0.04,0.54,0.36,56.1,0.31,Matchs
1515,Bernd Leno,de GER,GB,Fulham,eng Premier League,30,1992,36.0,41.6,33.0,41.4,0.19,0.00,0.00,41.6,0.00,0.00,,0.00,,23.8,112.8,65.4,0.00,0.00,0.00,0.03,0.00,20.9,0.00,Matchs
1516,Christopher Lenz,de GER,DF,Eint Frankfurt,de Bundesliga,27,1994,14.3,67.6,3.57,17.4,30.7,20.1,1.33,67.6,0.98,0.77,78.6,0.14,14.3,32.5,164.1,90.7,2.10,1.68,0.21,0.77,0.35,36.2,4.69,Matchs
1517,Donovan Léon,gf GUF,GB,Auxerre,fr Ligue 1,29,1992,2.0,43.0,40.0,43.0,0.00,0.00,0.00,43.0,0.50,0.50,100.0,0.00,0.0,25.5,152.5,71.0,0.00,0.00,0.00,0.00,0.00,14.0,0.00,Matchs
1518,Sergio León,es ESP,AT,Valladolid,es La Liga,33,1989,14.8,23.3,0.34,1.76,10.7,11.5,3.31,23.2,02.03,0.68,33.3,1.15,56.7,14.2,75.8,38.0,1.42,01.08,0.41,03.04,1.15,16.4,05.07,Matchs
1519,Johann Lepenant,fr FRA,MT,Lyon,fr Ligue 1,19,2002,21.5,71.8,1.63,14.7,43.3,14.4,0.84,71.8,2.23,0.98,43.8,0.98,43.8,57.0,263.3,99.7,0.93,1.72,0.09,1.86,1.30,51.5,02.05,Matchs
1520,Mehdi Léris,dz ALG,"MT,DF",Sampdoria,it Serie A,24,1998,27.3,47.5,1.87,9.63,21.7,17.0,2.86,47.5,2.53,01.06,42.0,1.14,44.9,27.2,138.5,60.3,02.05,1.14,0.48,2.93,1.76,32.0,06.04,Matchs
1521,Jefferson Lerma,co COL,MT,Bournemouth,eng Premier League,27,1994,36.1,53.6,4.57,16.3,28.5,9.36,1.22,53.6,0.64,0.36,56.5,0.25,39.1,26.2,104.2,51.6,0.61,0.89,0.03,0.66,0.47,32.2,0.83,Matchs
1522,Benjamin Leroy,fr FRA,GB,Ajaccio,fr Ligue 1,33,1989,31.1,30.6,24.0,30.5,0.06,0.00,0.00,30.6,0.00,0.00,,0.00,,17.1,105.2,52.9,0.00,0.00,0.00,0.10,0.00,10.1,0.00,Matchs
1523,Léo Leroy,fr FRA,MT,Montpellier,fr Ligue 1,22,2000,13.2,52.4,1.74,13.9,30.4,9.32,1.44,52.4,2.27,0.83,36.7,1.14,50.0,35.4,190.9,89.1,01.06,1.14,0.23,02.05,01.06,30.2,1.89,Matchs
1524,Alexandre Letellier,fr FRA,GB,Paris S-G,fr Ligue 1,31,1990,0.1,40.0,40.0,40.0,0.00,0.00,0.00,40.0,0.00,0.00,,0.00,,30.0,130.0,10.0,0.00,0.00,0.00,0.00,0.00,30.0,0.00,Matchs
1525,Ruan Levine,br BRA,"MT,AT",Ajaccio,fr Ligue 1,23,1999,0.3,76.7,0.00,13.3,30.0,33.3,10.0,76.7,6.67,6.67,100.0,0.00,0.0,66.7,343.3,130.0,0.00,6.67,0.00,6.67,6.67,53.3,13.3,Matchs
Clt,Joueur,Nation,Pos,Équipe,Comp,Âge,Naissance,90,Touches,SurfRépDéf,ZDéf,MilTer,ZOff,SurfRépOff,Action de jeu,Att,Succ,Succ%,Tkld,Tkld%,Balle au pied,TotDist,DistBut,PrgC,1/3,CSR,Manqué,Perte,Rec,PrgR,Matchs
1526,Robert Lewandowski,pl POL,AT,Barcelona,es La Liga,33,1988,31.6,36.6,0.54,1.30,13.7,22.0,6.65,36.5,1.87,0.95,50.8,0.82,44.1,24.7,118.9,43.1,1.65,1.20,0.79,2.97,1.58,31.6,7.85,Matchs
1527,Jamie Leweling,de GER,"AT,MT",Union Berlin,de Bundesliga,21,2001,2.9,42.4,0.00,4.14,11.4,28.3,6.21,42.4,8.62,1.72,20.0,5.86,68.0,30.0,250.7,57.6,2.76,3.79,0.69,4.83,2.76,30.7,8.28,Matchs
1528,Jamal Lewis,nir NIR,"DF,AT",Newcastle Utd,eng Premier League,24,1998,0.1,150.0,0.00,60.0,40.0,50.0,20.0,150.0,0.00,0.00,,0.00,,100.0,400.0,100.0,0.00,10.0,0.00,0.00,0.00,130.0,10.0,Matchs
1529,Rico Lewis,eng ENG,"DF,MT",Manchester City,eng Premier League,17,2004,10.0,74.2,2.60,13.3,41.6,19.9,1.20,74.2,1.40,0.80,57.1,0.30,21.4,51.1,255.5,139.0,2.20,2.40,0.30,0.70,1.30,59.3,2.60,Matchs
1530,Keane Lewis-Potter,eng ENG,"AT,MT",Brentford,eng Premier League,21,2001,3.6,38.3,1.11,6.67,13.3,19.2,5.00,38.3,3.89,1.11,28.6,2.78,71.4,25.8,181.1,93.3,2.22,1.67,0.83,03.06,2.22,25.3,10.8,Matchs
1531,Dimitri Liénard,fr FRA,"DF,MT",Strasbourg,fr Ligue 1,34,1988,17.1,68.4,02.05,17.0,30.1,22.2,0.53,68.4,1.58,0.58,37.0,0.88,55.6,42.9,217.8,88.7,1.40,2.28,0.12,1.64,0.58,38.8,6.49,Matchs
1532,Philipp Lienhart,at AUT,DF,Freiburg,de Bundesliga,26,1996,27.8,67.1,7.91,35.9,29.2,2.27,0.72,67.1,0.29,0.14,50.0,0.00,0.0,40.5,258.6,128.8,0.58,0.43,0.07,0.68,0.04,43.4,0.14,Matchs
1533,Matthijs de Ligt,nl NED,DF,Bayern Munich,de Bundesliga,22,1999,26.7,87.0,7.68,38.1,44.3,4.94,1.46,87.0,0.15,0.00,0.0,0.15,100.0,59.6,280.6,147.6,0.64,0.45,0.00,0.41,0.11,63.8,0.52,Matchs
1534,Dimitris Limnios,gr GRE,AT,Köln,de Bundesliga,24,1998,0.4,70.0,0.00,5.00,25.0,40.0,7.50,70.0,5.00,5.00,100.0,0.00,0.0,45.0,245.0,135.0,5.00,0.00,0.00,0.00,2.50,45.0,17.5,Matchs
1535,Victor Lindelöf,se SWE,DF,Manchester Utd,eng Premier League,28,1994,15.2,70.7,9.54,36.2,32.3,2.30,0.33,70.7,0.20,0.13,66.7,0.07,33.3,42.9,203.6,100.6,0.20,0.26,0.00,0.07,0.13,48.6,0.07,Matchs
1536,Jesper Lindstrøm,dk DEN,"MT,AT",Eint Frankfurt,de Bundesliga,22,2000,18.7,42.3,0.64,5.67,16.9,20.5,05.03,42.3,4.60,1.50,32.6,2.78,60.5,23.5,157.8,78.8,3.48,2.19,2.14,3.48,1.82,27.1,7.27,Matchs
1537,Karol Linetty,pl POL,MT,Torino,it Serie A,27,1995,21.0,56.0,1.76,10.1,33.7,12.4,1.00,56.0,01.05,0.33,31.8,0.62,59.1,29.8,149.1,78.9,1.29,1.14,0.14,1.29,0.52,36.5,1.52,Matchs
1538,Jesse Lingard,eng ENG,"AT,MT",Nott'ham Forest,eng Premier League,29,1992,10.3,36.0,0.68,4.27,19.6,12.8,1.55,36.0,0.97,0.58,60.0,0.39,40.0,20.8,97.4,51.2,01.07,1.17,0.00,1.55,0.97,25.5,3.69,Matchs
1539,Samuel Lino,br BRA,"AT,MT",Valencia,es La Liga,22,1999,32.1,50.2,0.47,5.55,18.1,27.4,05.05,50.2,3.77,1.65,43.8,1.56,41.3,33.4,222.1,125.4,4.49,3.12,1.87,2.65,1.78,36.3,8.10,Matchs
1540,Pol Lirola,es ESP,DF,Elche,es La Liga,24,1997,7.0,56.6,2.57,18.0,22.7,16.7,1.14,56.6,2.71,1.00,36.8,1.43,52.6,30.4,180.6,103.9,3.00,2.57,0.14,1.14,0.71,30.0,5.00,Matchs
1541,Mateusz Lis,pl POL,GB,Troyes,fr Ligue 1,25,1997,8.3,41.2,32.7,40.8,0.36,0.00,0.00,41.2,0.00,0.00,,0.00,,25.5,136.4,87.6,0.00,0.00,0.00,0.12,0.00,15.9,0.00,Matchs
1542,Marcin Listkowski,pl POL,"MT,AT",Lecce,it Serie A,24,1998,0.9,37.8,2.22,11.1,12.2,14.4,1.11,37.8,0.00,0.00,,0.00,,18.9,174.4,90.0,6.67,1.11,0.00,1.11,1.11,22.2,4.44,Matchs
1543,Valentino Livramento,eng ENG,"DF,AT",Southampton,eng Premier League,19,2002,0.3,123.3,16.7,63.3,53.3,10.0,0.00,123.3,10.0,6.67,66.7,0.00,0.0,33.3,160.0,56.7,0.00,0.00,0.00,3.33,0.00,53.3,0.00,Matchs
1544,Dejan Ljubicic,at AUT,"MT,AT",Köln,de Bundesliga,24,1997,19.0,42.6,0.79,6.11,19.8,17.6,03.05,42.5,2.47,1.00,40.4,1.32,53.2,25.1,141.2,67.9,1.95,1.68,0.53,02.05,0.84,27.9,5.00,Matchs
1545,Javier Llabrés,es ESP,AT,Mallorca,es La Liga,19,2002,0.2,25.0,5.00,10.0,10.0,5.00,0.00,25.0,0.00,0.00,,0.00,,15.0,15.0,10.0,0.00,0.00,0.00,0.00,0.00,15.0,0.00,Matchs
1546,Diego Llorente,es ESP,DF,Leeds United,eng Premier League,28,1993,7.2,70.3,8.19,39.3,29.2,02.08,0.83,70.3,0.42,0.28,66.7,0.14,33.3,42.1,217.5,100.1,0.28,0.14,0.00,0.83,0.14,43.3,0.14,Matchs
1547,Diego Llorente,es ESP,DF,Roma,it Serie A,28,1993,6.4,55.5,7.66,32.0,21.1,2.50,1.25,55.5,0.31,0.16,50.0,0.16,50.0,34.4,163.3,85.8,0.31,0.00,0.00,0.31,0.16,37.2,0.47,Matchs
1548,Marcos Llorente,es ESP,"MT,DF",Atlético Madrid,es La Liga,27,1995,18.9,52.8,1.85,11.4,20.0,22.0,3.39,52.8,1.43,0.63,44.4,0.69,48.1,29.5,175.7,102.8,3.39,2.38,0.79,1.22,0.58,35.0,7.35,Matchs
1549,Hugo Lloris,fr FRA,GB,Tottenham,eng Premier League,35,1986,24.5,32.4,29.5,32.3,0.08,0.00,0.00,32.4,0.00,0.00,,0.00,,17.6,98.0,61.1,0.00,0.00,0.00,0.08,0.00,14.4,0.00,Matchs
1550,Giovani Lo Celso,ar ARG,"MT,AT",Villarreal,es La Liga,26,1996,12.5,68.3,0.80,09.04,29.4,31.0,3.36,68.3,3.76,1.76,46.8,1.20,31.9,44.4,262.9,128.0,2.80,2.24,0.80,2.48,1.84,52.1,5.60,Matchs
Clt,Joueur,Nation,Pos,Équipe,Comp,Âge,Naissance,90,Touches,SurfRépDéf,ZDéf,MilTer,ZOff,SurfRépOff,Action de jeu,Att,Succ,Succ%,Tkld,Tkld%,Balle au pied,TotDist,DistBut,PrgC,1/3,CSR,Manqué,Perte,Rec,PrgR,Matchs
1551,Stanislav Lobotka,sk SVK,MT,Napoli,it Serie A,27,1994,34.5,73.5,1.91,15.2,47.9,11.0,0.41,73.5,0.78,0.52,66.7,0.14,18.5,47.2,224.7,90.9,1.48,1.97,0.26,0.72,0.46,56.5,1.13,Matchs
1552,Manuel Locatelli,it ITA,MT,Juventus,it Serie A,24,1998,27.2,61.4,3.68,17.1,34.5,10.4,0.74,61.4,0.99,0.55,55.6,0.40,40.7,29.6,117.8,54.2,0.92,0.66,0.15,01.07,0.70,39.8,1.36,Matchs
1553,Luka Lochoshvili,ge GEO,DF,Cremonese,it Serie A,24,1998,20.4,50.0,6.52,27.5,20.3,2.65,0.44,50.0,0.44,0.29,66.7,0.15,33.3,26.7,139.8,80.5,0.83,0.69,0.00,0.54,0.25,28.9,0.25,Matchs
1554,Bradley Locko,fr FRA,DF,Reims,fr Ligue 1,20,2002,11.8,53.3,3.73,18.3,24.6,11.7,0.68,53.3,03.05,1.27,41.7,1.53,50.0,31.7,234.8,130.3,2.63,1.27,0.25,2.29,1.27,25.8,3.31,Matchs
1555,Bradley Locko,fr FRA,DF,Brest,fr Ligue 1,20,2002,3.0,53.3,4.00,19.3,25.0,9.67,1.00,53.3,4.67,3.00,64.3,1.33,28.6,33.7,280.7,158.0,3.67,1.33,0.33,0.67,0.67,27.7,1.67,Matchs
1556,Renan Lodi,br BRA,DF,Nott'ham Forest,eng Premier League,24,1998,24.6,46.5,3.90,19.4,17.0,10.7,0.85,46.5,1.59,0.65,41.0,0.57,35.9,22.2,115.2,56.1,0.98,0.61,0.08,0.73,0.53,21.7,2.85,Matchs
1557,Ruben Loftus-Cheek,eng ENG,"MT,DF",Chelsea,eng Premier League,26,1996,17.1,62.5,2.34,10.8,33.7,18.8,2.46,62.5,3.51,1.75,50.0,1.29,36.7,38.1,219.5,129.2,3.27,1.70,0.58,1.29,1.35,45.3,05.03,Matchs
1558,Sean Longstaff,eng ENG,MT,Newcastle Utd,eng Premier League,24,1997,28.0,51.2,1.61,9.93,26.5,15.0,2.71,51.2,0.96,0.29,29.6,0.64,66.7,26.9,106.8,42.5,0.75,0.57,0.29,1.32,01.04,34.0,4.11,Matchs
1559,Ademola Lookman,ng NGA,"AT,MT",Atalanta,it Serie A,24,1997,19.2,45.2,0.10,03.02,18.2,24.5,5.78,45.0,4.17,1.77,42.5,1.93,46.3,29.8,180.8,90.8,3.80,1.46,1.72,2.45,2.40,35.2,9.64,Matchs
1560,Anthony Lopes,pt POR,GB,Lyon,fr Ligue 1,31,1990,31.3,35.1,29.5,34.9,0.22,0.00,0.00,35.1,0.06,0.00,0.0,0.06,100.0,24.4,128.5,81.7,0.00,0.00,0.00,0.03,0.00,16.9,0.00,Matchs
1561,Rony Lopes,pt POR,"MT,AT",Troyes,fr Ligue 1,26,1995,26.1,43.1,0.73,5.90,20.6,17.4,2.18,43.1,3.26,1.72,52.9,1.26,38.8,30.8,203.3,86.8,2.34,1.88,0.50,1.76,1.42,28.9,4.48,Matchs
1562,David López,es ESP,DF,Girona,es La Liga,32,1989,18.4,74.9,11.3,43.2,30.1,02.01,0.87,74.9,0.33,0.33,100.0,0.00,0.0,44.7,232.7,139.9,0.98,0.27,0.00,0.43,0.05,52.1,0.22,Matchs
1563,Diego López,es ESP,GB,Rayo Vallecano,es La Liga,40,1981,1.1,26.4,20.9,26.4,0.00,0.00,0.00,26.4,0.00,0.00,,0.00,,12.7,83.6,58.2,0.00,0.00,0.00,0.00,0.00,10.9,0.00,Matchs
1564,Diego López,es ESP,"AT,MT",Valencia,es La Liga,20,2002,5.0,43.0,0.80,7.40,15.6,20.8,5.40,43.0,3.80,1.80,47.4,1.60,42.1,27.0,222.6,119.6,4.20,1.80,1.00,2.60,1.20,29.2,9.20,Matchs
1565,Maxime Lopez,fr FRA,MT,Sassuolo,it Serie A,24,1997,25.5,72.7,2.35,17.9,42.0,13.5,0.55,72.7,01.06,0.43,40.7,0.59,55.6,47.6,258.2,123.8,2.12,2.27,0.08,0.67,0.47,55.2,1.57,Matchs
1566,Pau López,es ESP,GB,Marseille,fr Ligue 1,27,1994,32.5,36.1,23.1,35.0,1.14,0.00,0.00,36.1,0.00,0.00,,0.00,,27.1,141.7,84.0,0.00,0.00,0.00,0.00,0.00,19.5,0.00,Matchs
1567,Unai López,es ESP,MT,Rayo Vallecano,es La Liga,26,1995,13.9,77.4,0.65,10.2,45.5,22.4,1.58,77.4,1.94,0.86,44.4,01.01,51.9,45.7,201.2,76.8,1.22,1.29,0.36,1.94,1.37,54.5,03.09,Matchs
1568,Dion Lopy,sn SEN,MT,Reims,fr Ligue 1,20,2002,15.3,61.1,2.68,13.7,34.8,13.8,0.78,61.1,2.35,01.05,44.4,0.98,41.7,45.5,277.0,112.2,1.11,1.44,0.07,1.96,1.11,40.0,2.48,Matchs
1569,Anthony Losilla,fr FRA,MT,Bochum,de Bundesliga,36,1986,30.2,42.6,2.98,12.1,23.3,7.75,1.29,42.6,0.66,0.30,45.0,0.33,50.0,13.6,56.8,21.4,0.43,0.46,0.03,0.79,0.33,18.2,1.39,Matchs
1570,Jordan Lotomba,ch SUI,DF,Nice,fr Ligue 1,23,1998,27.3,63.0,3.41,18.5,31.4,14.1,0.73,63.0,2.67,1.39,52.1,0.95,35.6,41.4,287.6,154.2,3.00,2.64,0.22,1.47,0.88,37.9,3.63,Matchs
1571,Matteo Lovato,it ITA,DF,Salernitana,it Serie A,22,2000,9.0,45.7,6.44,25.9,19.1,1.00,0.00,45.7,0.00,0.00,,0.00,,23.3,88.2,42.9,0.11,0.11,0.11,0.56,0.33,25.2,0.11,Matchs
1572,Dejan Lovren,hr CRO,DF,Lyon,fr Ligue 1,33,1989,16.2,78.6,8.52,33.1,42.9,2.96,01.05,78.6,0.12,0.06,50.0,0.06,50.0,58.0,346.5,190.8,0.74,0.80,0.06,0.31,0.19,52.5,0.06,Matchs
1573,Sandi Lovrić,si SVN,MT,Udinese,it Serie A,24,1998,25.9,49.1,1.35,8.11,24.9,16.9,2.12,49.1,1.47,0.54,36.8,0.77,52.6,28.3,146.9,69.2,1.62,1.31,0.39,1.97,0.85,31.6,3.47,Matchs
1574,Jamal Lowe,jm JAM,"MT,AT",Bournemouth,eng Premier League,28,1994,0.1,40.0,0.00,0.00,30.0,10.0,0.00,40.0,0.00,0.00,,0.00,,20.0,70.0,10.0,0.00,0.00,0.00,0.00,0.00,30.0,0.00,Matchs
1575,Anthony Lozano,hn HON,AT,Cádiz,es La Liga,29,1993,16.0,30.9,1.25,3.81,15.4,12.4,2.94,30.9,2.75,01.06,38.6,1.38,50.0,19.6,105.8,41.1,1.19,0.94,0.44,3.88,2.31,24.8,3.63,Matchs
Clt,Joueur,Nation,Pos,Équipe,Comp,Âge,Naissance,90,Touches,SurfRépDéf,ZDéf,MilTer,ZOff,SurfRépOff,Action de jeu,Att,Succ,Succ%,Tkld,Tkld%,Balle au pied,TotDist,DistBut,PrgC,1/3,CSR,Manqué,Perte,Rec,PrgR,Matchs
1576,Hirving Lozano,mx MEX,AT,Napoli,it Serie A,27,1995,17.8,45.6,0.51,4.10,16.0,26.2,4.33,45.5,4.38,2.13,48.7,1.74,39.7,32.0,227.5,128.4,4.83,1.63,1.24,2.19,0.73,34.1,10.7,Matchs
1577,Pol Lozano,es ESP,MT,Espanyol,es La Liga,22,1999,0.2,60.0,10.0,35.0,20.0,5.00,0.00,60.0,0.00,0.00,,0.00,,35.0,145.0,0.00,0.00,0.00,0.00,5.00,0.00,30.0,0.00,Matchs
1578,Jean Lucas,br BRA,MT,Monaco,fr Ligue 1,24,1998,3.2,59.7,2.50,09.06,42.5,10.0,1.56,59.7,4.38,2.81,64.3,0.94,21.4,45.9,302.5,124.4,1.56,1.88,0.31,0.94,0.31,39.1,1.88,Matchs
1579,Jhon Lucumí,co COL,DF,Bologna,it Serie A,24,1998,32.2,70.1,9.44,38.0,31.0,1.58,0.50,70.1,0.19,0.12,66.7,0.06,33.3,43.8,237.7,138.4,1.15,0.47,0.06,0.59,0.19,47.7,0.19,Matchs
1580,José Luis Gayà,es ESP,DF,Valencia,es La Liga,27,1995,30.1,66.0,2.56,18.9,24.4,23.4,1.63,65.9,1.20,0.83,69.4,0.37,30.6,33.4,167.0,99.4,2.46,2.29,0.27,0.63,0.40,37.6,6.64,Matchs
1581,José Luis Morales,es ESP,"AT,MT",Villarreal,es La Liga,35,1987,13.5,29.8,0.15,2.59,10.5,17.3,5.85,29.8,3.78,1.33,35.3,2.00,52.9,17.3,115.9,57.0,2.96,1.63,1.93,1.78,0.81,21.0,6.81,Matchs
1582,José Luis Palomino,ar ARG,DF,Atalanta,it Serie A,32,1990,8.4,72.3,5.71,31.1,37.3,4.64,01.07,72.3,0.36,0.24,66.7,0.12,33.3,36.7,180.2,76.0,0.36,0.12,0.12,0.36,0.36,40.4,0.36,Matchs
1583,Douglas Luiz,br BRA,MT,Aston Villa,eng Premier League,24,1998,32.5,65.2,2.31,16.4,35.7,13.6,0.58,65.1,1.35,0.74,54.5,0.43,31.8,35.1,193.8,89.9,1.48,1.20,0.12,1.11,01.02,40.8,01.08,Matchs
1584,Romelu Lukaku,be BEL,AT,Inter,it Serie A,29,1993,18.4,31.3,0.98,1.41,11.5,18.4,5.43,31.1,1.58,0.82,51.7,0.71,44.8,17.8,96.0,42.3,1.85,1.14,0.65,2.55,1.52,26.2,8.64,Matchs
1585,Castello Lukeba,fr FRA,DF,Lyon,fr Ligue 1,19,2002,33.2,77.7,07.05,33.6,42.1,2.56,0.84,77.7,0.51,0.33,64.7,0.15,29.4,62.2,336.2,182.1,0.72,0.87,0.09,0.60,0.24,56.8,0.27,Matchs
1586,Dodi Lukebakio,be BEL,"AT,MT",Hertha BSC,de Bundesliga,24,1997,26.6,36.8,0.75,4.17,15.5,18.1,3.87,36.6,5.30,2.52,47.5,2.41,45.4,24.2,202.0,94.5,3.61,2.22,1.80,03.08,1.80,25.7,6.69,Matchs
1587,Saša Lukić,rs SRB,MT,Fulham,eng Premier League,25,1996,4.6,55.0,1.96,10.7,33.7,11.3,0.65,55.0,01.09,0.87,80.0,0.22,20.0,31.7,190.2,89.8,1.74,1.52,0.22,0.65,0.22,37.2,01.09,Matchs
1588,Saša Lukić,rs SRB,MT,Torino,it Serie A,25,1996,13.3,63.9,2.18,9.70,40.4,14.3,1.73,63.8,0.53,0.08,14.3,0.30,57.1,33.7,177.4,79.5,1.95,1.35,0.30,1.28,0.60,41.8,2.48,Matchs
1589,Andriy Lunin,ua UKR,GB,Real Madrid,es La Liga,23,1999,7.0,33.4,26.6,33.1,0.29,0.00,0.00,33.4,0.00,0.00,,0.00,,20.6,92.1,36.7,0.00,0.00,0.00,0.00,0.00,20.3,0.00,Matchs
1590,Andrey Lunyov,ru RUS,GB,Leverkusen,de Bundesliga,30,1991,1.0,45.0,34.0,44.0,1.00,0.00,0.00,45.0,0.00,0.00,,0.00,,35.0,177.0,134.0,0.00,0.00,0.00,0.00,0.00,29.0,0.00,Matchs
1591,Sebastiano Luperto,it ITA,DF,Empoli,it Serie A,25,1996,34.8,59.1,11.9,35.5,22.5,1.49,0.66,59.1,0.06,0.06,100.0,0.00,0.0,32.3,144.9,74.7,0.37,0.17,0.03,0.17,0.09,34.2,0.09,Matchs
1592,Lyanco,br BRA,DF,Southampton,eng Premier League,25,1997,13.1,55.0,9.39,28.1,22.7,4.89,0.92,55.0,0.84,0.61,72.7,0.15,18.2,28.1,144.4,78.9,0.99,0.61,0.08,0.84,0.31,26.9,0.31,Matchs
1593,Charalambos Lykogiannis,gr GRE,DF,Bologna,it Serie A,28,1993,12.3,69.5,2.52,18.4,32.8,19.0,0.41,69.5,0.89,0.33,36.4,0.57,63.6,37.9,166.3,92.8,2.60,1.54,0.00,0.81,0.08,44.2,3.82,Matchs
1594,Youssouf M'Changama,km COM,MT,Auxerre,fr Ligue 1,31,1990,12.0,51.8,1.58,12.0,26.9,13.3,1.25,51.8,1.92,0.83,43.5,0.92,47.8,36.3,181.2,67.6,1.42,0.92,0.08,1.50,0.75,33.4,2.92,Matchs
1595,Awer Mabil,au AUS,"MT,AT",Cádiz,es La Liga,26,1995,1.8,42.8,1.11,6.11,17.2,20.0,1.11,42.8,2.22,1.11,50.0,1.11,50.0,26.1,130.6,73.3,2.78,1.11,0.00,3.89,0.56,31.7,7.78,Matchs
1596,Alexis Mac Allister,ar ARG,MT,Brighton,eng Premier League,23,1998,32.1,68.0,1.50,11.4,37.2,20.1,1.96,67.8,2.24,1.31,58.3,0.65,29.2,41.1,191.1,95.7,2.15,2.31,0.25,1.46,1.12,51.2,2.40,Matchs
1597,Deiver Machado,co COL,"DF,MT",Lens,fr Ligue 1,28,1993,24.3,45.5,1.89,11.1,19.9,15.0,1.23,45.5,2.22,0.70,31.5,0.95,42.6,30.3,192.1,84.1,2.43,1.69,0.41,1.23,0.45,26.7,5.39,Matchs
1598,Darwin Machís,ve VEN,AT,Valladolid,es La Liga,29,1993,6.7,44.0,01.04,6.12,16.4,22.1,4.78,44.0,4.48,1.64,36.7,2.39,53.3,29.7,197.9,87.8,4.33,2.54,1.64,3.13,0.90,30.4,7.91,Matchs
1599,James Maddison,eng ENG,"MT,AT",Leicester City,eng Premier League,25,1996,27.6,52.4,0.62,5.80,23.4,23.7,3.73,52.4,3.88,1.67,43.0,1.41,36.4,34.9,204.8,96.8,2.79,1.59,1.12,1.63,1.12,38.9,5.62,Matchs
1600,Noni Madueke,eng ENG,AT,Chelsea,eng Premier League,20,2002,7.1,57.0,1.55,6.34,18.7,32.8,8.73,57.0,8.87,4.65,52.4,3.38,38.1,39.2,294.4,169.4,6.76,2.96,3.66,2.39,1.83,44.4,14.1,Matchs
Clt,Joueur,Nation,Pos,Équipe,Comp,Âge,Naissance,90,Touches,SurfRépDéf,ZDéf,MilTer,ZOff,SurfRépOff,Action de jeu,Att,Succ,Succ%,Tkld,Tkld%,Balle au pied,TotDist,DistBut,PrgC,1/3,CSR,Manqué,Perte,Rec,PrgR,Matchs
1601,Pablo Maffeo,es ESP,DF,Mallorca,es La Liga,25,1997,33.1,48.3,3.14,14.0,19.9,15.1,1.69,48.3,2.57,01.06,41.2,01.06,41.2,24.3,145.5,64.0,02.02,1.57,0.42,1.87,01.09,26.0,04.05,Matchs
1602,Lisandro Magallán,ar ARG,DF,Elche,es La Liga,28,1993,10.0,48.0,7.70,30.2,16.3,2.00,1.10,48.0,0.10,0.10,100.0,0.00,0.0,24.9,133.7,53.3,0.20,0.10,0.00,0.30,0.00,25.0,0.00,Matchs
1603,Soungoutou Magassa,fr FRA,MT,Monaco,fr Ligue 1,18,2003,0.9,52.2,1.11,13.3,34.4,5.56,0.00,52.2,2.22,1.11,50.0,1.11,50.0,32.2,163.3,75.6,0.00,1.11,0.00,1.11,0.00,25.6,1.11,Matchs
1604,Giulio Maggiore,it ITA,MT,Salernitana,it Serie A,24,1998,9.9,58.6,1.82,13.9,35.5,9.39,0.81,58.6,0.40,0.10,25.0,0.20,50.0,30.3,112.8,43.1,0.71,0.30,0.10,1.82,0.40,36.9,1.31,Matchs
1605,Giangiacomo Magnani,it ITA,DF,Hellas Verona,it Serie A,26,1995,17.0,40.2,6.00,20.1,19.0,1.59,0.41,40.2,0.29,0.18,60.0,0.12,40.0,18.6,81.5,35.6,0.29,0.29,0.06,0.35,0.18,18.1,0.29,Matchs
1606,Hugo Magnetti,fr FRA,MT,Brest,fr Ligue 1,24,1998,18.8,49.5,1.54,11.4,28.8,9.89,0.53,49.5,1.86,1.22,65.7,0.59,31.4,35.0,218.0,94.0,1.70,1.86,0.05,1.12,0.80,30.2,1.44,Matchs
1607,Yohann Magnin,fr FRA,MT,Clermont Foot,fr Ligue 1,25,1997,26.7,61.5,2.25,16.1,37.4,8.46,01.05,61.5,1.20,0.26,21.9,0.71,59.4,43.7,198.8,80.6,0.52,01.05,0.07,0.75,0.41,40.1,2.10,Matchs
1608,Harry Maguire,eng ENG,DF,Manchester Utd,eng Premier League,29,1993,8.5,79.1,09.06,41.5,34.2,3.76,01.06,79.1,0.35,0.24,66.7,0.12,33.3,48.7,268.9,170.5,0.94,0.71,0.12,0.12,0.00,52.7,0.47,Matchs
1609,Jon Magunacelaya,es ESP,"MT,AT",Real Sociedad,es La Liga,22,2000,0.7,40.0,1.43,12.9,5.71,21.4,2.86,40.0,1.43,1.43,100.0,0.00,0.0,25.7,158.6,100.0,2.86,1.43,0.00,4.29,0.00,21.4,4.29,Matchs
1610,Riyad Mahrez,dz ALG,"AT,MT",Manchester City,eng Premier League,31,1991,21.3,65.4,0.66,4.93,23.2,37.7,5.16,65.3,3.43,1.17,34.2,1.27,37.0,43.8,242.2,110.8,3.66,2.21,2.11,1.64,1.27,48.9,11.4,Matchs
1611,Arne Maier,de GER,MT,Augsburg,de Bundesliga,23,1999,21.8,39.5,01.06,7.66,17.4,14.7,1.74,39.5,1.70,0.73,43.2,0.78,45.9,19.2,105.8,46.8,1.47,0.69,0.69,1.79,1.19,22.2,3.53,Matchs
1612,Mike Maignan,fr FRA,GB,Milan,it Serie A,27,1995,22.0,38.8,29.0,38.1,0.68,0.00,0.00,38.8,0.00,0.00,,0.00,,28.1,151.0,96.9,0.00,0.00,0.00,0.00,0.00,23.9,0.00,Matchs
1613,Linton Maina,de GER,"AT,MT",Köln,de Bundesliga,23,1999,24.9,37.4,0.44,3.25,14.0,21.0,3.98,37.4,2.73,0.88,32.4,1.53,55.9,24.0,201.4,97.2,3.61,2.13,1.49,2.21,01.04,25.1,6.95,Matchs
1614,Kobbie Mainoo,eng ENG,MT,Manchester Utd,eng Premier League,17,2005,0.1,110.0,0.00,20.0,40.0,50.0,30.0,110.0,10.0,0.00,0.0,10.0,100.0,50.0,640.0,480.0,20.0,0.00,0.00,0.00,0.00,60.0,10.0,Matchs
1615,Ainsley Maitland-Niles,eng ENG,"DF,MT",Southampton,eng Premier League,24,1997,15.6,58.5,4.68,21.0,28.2,9.94,0.45,58.5,1.41,01.09,77.3,0.32,22.7,26.1,130.5,56.7,0.96,0.83,0.13,1.67,0.83,32.6,2.24,Matchs
1616,Jordan Majchrzak,pl POL,AT,Roma,it Serie A,17,2004,0.2,20.0,0.00,0.00,10.0,10.0,0.00,20.0,0.00,0.00,,0.00,,15.0,20.0,0.00,0.00,0.00,0.00,0.00,0.00,20.0,5.00,Matchs
1617,Lovro Majer,hr CRO,"MT,AT",Rennes,fr Ligue 1,24,1998,18.5,64.2,0.97,7.68,30.9,26.6,3.35,64.1,2.43,1.51,62.2,0.70,28.9,50.2,340.4,163.7,3.57,3.46,0.43,2.49,1.68,45.5,6.22,Matchs
1618,Jean-Victor Makengo,fr FRA,MT,Udinese,it Serie A,24,1998,8.9,44.2,1.24,7.19,25.1,12.6,0.67,44.2,1.69,1.24,73.3,0.11,6.7,29.1,170.6,77.3,02.02,1.91,0.00,1.69,1.24,32.6,3.48,Matchs
1619,Jean-Victor Makengo,fr FRA,MT,Lorient,fr Ligue 1,24,1998,11.8,55.3,2.29,12.9,34.3,9.24,0.51,55.3,2.97,1.78,60.0,0.68,22.9,46.3,294.9,129.7,1.95,2.12,0.08,1.36,1.95,42.1,2.54,Matchs
1620,Béni Makouana,cg CGO,"AT,MT",Montpellier,fr Ligue 1,19,2002,2.2,30.5,0.91,2.73,12.7,16.4,5.00,30.5,04.09,0.91,22.2,3.18,77.8,22.3,192.7,82.3,04.09,1.82,0.00,1.82,2.27,20.9,7.73,Matchs
1621,Nemanja Maksimović,rs SRB,MT,Getafe,es La Liga,27,1995,22.8,34.8,1.93,8.29,19.2,7.63,1.54,34.8,0.39,0.13,33.3,0.26,66.7,13.2,54.9,23.9,0.57,0.53,0.18,0.75,0.31,15.2,1.27,Matchs
1622,Tyrell Malacia,nl NED,DF,Manchester Utd,eng Premier League,22,1999,15.5,63.8,3.48,24.4,25.3,14.5,01.03,63.8,1.23,0.39,31.6,0.84,68.4,30.5,137.2,66.0,1.23,1.10,0.19,1.10,0.52,35.9,2.13,Matchs
1623,Lorenzo Malagrida,it ITA,"MT,DF",Sampdoria,it Serie A,18,2003,1.2,42.5,0.00,5.00,22.5,15.0,4.17,42.5,1.67,1.67,100.0,0.00,0.0,18.3,88.3,44.2,0.83,0.00,0.83,0.00,0.83,28.3,8.33,Matchs
1624,Daniel Maldini,it ITA,"AT,MT",Spezia,it Serie A,20,2001,7.0,41.3,1.00,5.71,17.3,18.9,2.14,41.3,6.57,3.29,50.0,2.57,39.1,22.6,139.7,59.6,1.86,1.14,0.57,3.43,1.14,26.1,4.86,Matchs
1625,Youssef Maleh,ma MAR,MT,Fiorentina,it Serie A,23,1998,3.3,45.5,1.21,5.45,23.9,16.1,3.33,45.5,0.91,0.30,33.3,0.61,66.7,28.2,97.3,43.6,0.91,1.21,0.30,1.82,1.82,29.1,5.15,Matchs
Clt,Joueur,Nation,Pos,Équipe,Comp,Âge,Naissance,90,Touches,SurfRépDéf,ZDéf,MilTer,ZOff,SurfRépOff,Action de jeu,Att,Succ,Succ%,Tkld,Tkld%,Balle au pied,TotDist,DistBut,PrgC,1/3,CSR,Manqué,Perte,Rec,PrgR,Matchs
1626,Youssef Maleh,ma MAR,MT,Lecce,it Serie A,23,1998,7.5,39.5,1.47,9.60,18.4,11.6,2.00,39.5,01.07,0.27,25.0,0.67,62.5,19.1,74.8,35.5,1.20,0.93,0.40,1.20,1.33,22.3,2.53,Matchs
1627,Donyell Malen,nl NED,AT,Dortmund,de Bundesliga,23,1999,19.0,45.7,0.53,3.37,16.9,26.2,5.32,45.7,06.05,2.68,44.3,2.68,44.3,33.1,211.5,112.5,4.58,1.95,2.00,2.00,2.11,37.6,9.58,Matchs
1628,Ruslan Malinovskyi,ua UKR,"MT,AT",Atalanta,it Serie A,29,1993,6.1,69.7,0.33,10.0,36.1,24.9,1.31,69.7,3.44,1.48,42.9,1.64,47.6,45.7,242.8,105.4,3.11,2.79,0.49,3.44,1.48,49.7,5.90,Matchs
1629,Ruslan Malinovskyi,ua UKR,"MT,AT",Marseille,fr Ligue 1,29,1993,13.6,51.3,0.88,5.88,22.9,23.8,1.91,51.3,03.09,1.99,64.3,0.96,31.0,39.2,246.3,116.4,2.57,2.21,0.37,2.21,1.47,37.4,5.96,Matchs
1630,Hugo Mallo,es ESP,DF,Celta Vigo,es La Liga,31,1991,24.0,70.6,3.75,22.9,31.0,17.3,2.13,70.6,0.71,0.21,29.4,0.38,52.9,35.5,145.8,74.3,1.13,0.92,0.08,0.79,0.29,41.6,4.50,Matchs
1631,Mickael Malsa,mq MTQ,MT,Valladolid,es La Liga,26,1995,0.8,38.8,5.00,15.0,22.5,1.25,0.00,38.8,1.25,1.25,100.0,0.00,0.0,21.3,96.3,11.3,0.00,0.00,0.00,2.50,2.50,18.8,0.00,Matchs
1632,Giorgi Mamardashvili,ge GEO,GB,Valencia,es La Liga,21,2000,38.0,31.1,25.6,30.3,0.79,0.00,0.00,31.1,0.00,0.00,,0.00,,15.9,83.6,48.2,0.00,0.00,0.00,0.05,0.03,12.4,0.00,Matchs
1633,Hianga Mananga Mbock,fr FRA,MT,Brest,fr Ligue 1,22,1999,0.2,65.0,5.00,5.00,35.0,25.0,0.00,65.0,5.00,5.00,100.0,0.00,0.0,50.0,365.0,180.0,10.0,10.0,0.00,5.00,5.00,45.0,5.00,Matchs
1634,Gianluca Mancini,it ITA,DF,Roma,it Serie A,26,1996,31.8,58.6,5.94,26.9,27.8,4.37,0.94,58.6,0.44,0.19,42.9,0.16,35.7,35.3,158.8,97.1,0.53,0.66,0.00,0.50,0.22,41.6,0.60,Matchs
1635,Steve Mandanda,fr FRA,GB,Rennes,fr Ligue 1,37,1985,33.5,37.8,27.5,37.3,0.51,0.00,0.00,37.8,0.03,0.03,100.0,0.00,0.0,27.3,122.4,74.0,0.00,0.00,0.00,0.06,0.00,19.4,0.00,Matchs
1636,Reinildo Mandava,mz MOZ,DF,Atlético Madrid,es La Liga,28,1994,20.6,63.0,4.95,24.3,31.9,6.94,0.73,63.0,1.17,0.29,25.0,0.58,50.0,34.4,156.0,88.3,1.36,0.97,0.44,0.97,0.44,37.4,1.99,Matchs
1637,Aïssa Mandi,dz ALG,DF,Villarreal,es La Liga,30,1991,16.2,64.9,8.83,35.4,26.5,3.15,0.37,64.9,0.19,0.06,33.3,0.06,33.3,37.9,177.4,93.6,0.43,0.43,0.00,0.19,0.12,44.8,0.56,Matchs
1638,Rolando Mandragora,it ITA,MT,Fiorentina,it Serie A,25,1997,21.7,54.8,1.52,08.06,30.9,16.4,1.71,54.8,0.74,0.23,31.3,0.41,56.3,27.6,114.7,57.3,0.83,1.15,0.14,0.60,0.37,33.2,2.72,Matchs
1639,Sadio Mané,sn SEN,"AT,MT",Bayern Munich,de Bundesliga,30,1992,15.8,39.4,0.57,2.47,13.8,23.7,8.23,39.2,3.35,1.52,45.3,1.58,47.2,25.9,164.7,82.0,3.73,1.65,02.09,3.35,0.89,30.8,10.4,Matchs
1640,Orel Mangala,be BEL,MT,Nott'ham Forest,eng Premier League,24,1998,17.2,38.1,1.80,10.6,22.1,5.76,0.47,38.1,1.98,0.93,47.1,0.70,35.3,19.4,101.3,47.0,0.81,0.35,0.12,0.64,0.52,22.3,0.47,Matchs
1641,Thomas Mangani,fr FRA,MT,Ajaccio,fr Ligue 1,35,1987,14.8,71.1,3.45,15.7,43.8,11.8,0.20,70.9,0.41,0.27,66.7,0.07,16.7,43.2,205.7,86.7,0.61,1.15,0.07,0.61,0.20,39.5,01.01,Matchs
1642,Vito Mannone,it ITA,GB,Lorient,fr Ligue 1,34,1988,17.9,34.5,30.4,34.4,0.11,0.00,0.00,34.5,0.00,0.00,,0.00,,24.4,113.8,75.9,0.00,0.00,0.00,0.00,0.00,15.6,0.00,Matchs
1643,Javier Manquillo,es ESP,DF,Newcastle Utd,eng Premier League,28,1994,0.4,90.0,5.00,27.5,40.0,22.5,2.50,90.0,0.00,0.00,,0.00,,50.0,205.0,95.0,5.00,0.00,0.00,0.00,0.00,50.0,2.50,Matchs
1644,Myziane Maolida,km COM,"MT,AT",Reims,fr Ligue 1,23,1999,2.6,53.1,0.00,6.54,21.5,26.2,03.08,53.1,4.23,03.08,72.7,0.77,18.2,40.4,281.5,144.2,5.00,1.54,1.15,3.46,1.54,36.2,10.0,Matchs
1645,Myziane Maolida,km COM,"AT,MT",Hertha BSC,de Bundesliga,23,1999,1.1,23.6,0.00,2.73,11.8,09.09,2.73,23.6,3.64,1.82,50.0,1.82,50.0,19.1,99.1,23.6,0.91,0.91,0.00,2.73,4.55,18.2,8.18,Matchs
1646,Faitout Maouassa,fr FRA,"AT,DF",Montpellier,fr Ligue 1,24,1998,21.4,43.2,1.45,10.4,17.9,15.6,1.92,43.2,2.90,1.17,40.3,1.50,51.6,26.3,169.6,80.5,1.73,1.92,0.56,1.50,01.03,24.0,05.05,Matchs
1647,Sekou Mara,fr FRA,"AT,MT",Southampton,eng Premier League,20,2002,6.2,35.6,0.81,4.35,16.0,16.6,4.19,35.6,4.68,2.10,44.8,2.58,55.2,20.8,117.3,46.5,1.13,1.45,0.32,4.52,2.90,24.4,4.35,Matchs
1648,Marcão,br BRA,DF,Sevilla,es La Liga,26,1996,4.2,60.7,6.19,28.6,31.0,1.19,0.00,60.7,0.24,0.24,100.0,0.00,0.0,35.7,196.2,100.5,0.24,0.00,0.00,1.90,0.00,44.3,0.00,Matchs
1649,Solly March,eng ENG,"AT,DF",Brighton,eng Premier League,28,1994,30.2,54.9,1.52,6.32,17.3,31.9,4.57,54.9,3.77,1.92,50.9,1.16,30.7,33.9,225.5,101.8,3.64,1.59,1.56,1.82,01.06,37.2,11.8,Matchs
1650,Agustín Marchesín,ar ARG,GB,Celta Vigo,es La Liga,34,1988,19.0,35.6,28.9,35.4,0.32,0.00,0.00,35.6,0.00,0.00,,0.00,,20.6,91.0,59.1,0.00,0.00,0.00,0.00,0.00,17.1,0.00,Matchs
Clt,Joueur,Nation,Pos,Équipe,Comp,Âge,Naissance,90,Touches,SurfRépDéf,ZDéf,MilTer,ZOff,SurfRépOff,Action de jeu,Att,Succ,Succ%,Tkld,Tkld%,Balle au pied,TotDist,DistBut,PrgC,1/3,CSR,Manqué,Perte,Rec,PrgR,Matchs
1651,Federico Marchetti,it ITA,GB,Spezia,it Serie A,39,1983,0.7,25.7,24.3,25.7,0.00,0.00,0.00,25.7,0.00,0.00,,0.00,,10.0,32.9,18.6,0.00,0.00,0.00,0.00,0.00,8.57,0.00,Matchs
1652,Vincent Marchetti,fr FRA,MT,Ajaccio,fr Ligue 1,25,1997,27.2,50.3,2.28,9.34,30.9,11.3,01.03,50.3,2.90,1.65,57.0,0.99,34.2,36.9,242.8,123.2,2.43,2.17,0.33,1.84,1.43,33.1,2.13,Matchs
1653,Riccardo Marchizza,it ITA,DF,Sassuolo,it Serie A,24,1998,3.1,66.1,3.55,16.5,34.2,15.5,0.32,66.1,1.61,0.32,20.0,1.29,80.0,41.6,181.6,109.0,0.97,1.94,0.00,0.65,0.97,43.5,4.84,Matchs
1654,Gian Marco Ferrari,it ITA,DF,Sassuolo,it Serie A,30,1992,24.7,59.8,8.50,30.3,27.2,2.67,0.57,59.8,0.08,0.00,0.0,0.04,50.0,34.7,183.4,113.3,0.45,0.40,0.00,0.40,0.08,38.0,0.16,Matchs
1655,Emiliano Marcondes,dk DEN,MT,Bournemouth,eng Premier League,27,1995,0.1,30.0,10.0,10.0,20.0,0.00,0.00,30.0,10.0,0.00,0.0,0.00,0.0,20.0,110.0,70.0,0.00,0.00,0.00,0.00,0.00,20.0,0.00,Matchs
1656,Óscar de Marcos,es ESP,DF,Athletic Club,es La Liga,33,1989,31.3,70.9,2.97,16.8,33.3,21.4,01.09,70.9,0.99,0.38,38.7,0.54,54.8,35.8,152.9,91.1,2.43,2.17,0.26,0.83,0.61,39.8,4.89,Matchs
1657,Alberto Marí,es ESP,"AT,MT",Valencia,es La Liga,21,2001,1.0,30.0,0.00,3.00,12.0,15.0,7.00,30.0,4.00,1.00,25.0,3.00,75.0,21.0,71.0,27.0,1.00,0.00,1.00,2.00,1.00,26.0,6.00,Matchs
1658,José Mari,es ESP,MT,Cádiz,es La Liga,34,1987,4.4,59.1,3.41,18.6,34.8,6.59,0.45,59.1,1.36,0.68,50.0,0.68,50.0,29.3,157.7,73.0,1.14,0.23,0.00,1.36,1.59,33.2,0.91,Matchs
1659,Pablo Marí,es ESP,DF,Monza,it Serie A,28,1993,27.6,67.9,10.8,39.5,27.2,1.34,0.54,67.9,0.14,0.07,50.0,0.07,50.0,38.0,193.3,102.2,0.22,0.29,0.04,0.36,0.18,46.1,0.11,Matchs
1660,José María Giménez,uy URU,DF,Atlético Madrid,es La Liga,27,1995,26.9,60.3,10.3,35.0,23.9,1.86,1.12,60.3,0.37,0.22,60.0,0.15,40.0,32.0,135.0,69.4,0.33,0.19,0.00,0.33,0.04,38.7,0.11,Matchs
1661,Mariano,do DOM,AT,Real Madrid,es La Liga,28,1993,1.7,30.6,0.00,1.76,12.4,17.1,4.71,30.6,0.59,0.00,0.0,0.59,100.0,18.2,109.4,55.3,1.76,1.18,0.00,1.18,1.76,24.7,07.06,Matchs
1662,Pablo Marín,es ESP,"MT,AT",Real Sociedad,es La Liga,19,2003,4.0,53.8,1.00,9.50,22.3,22.3,2.50,53.8,2.25,1.25,55.6,0.75,33.3,33.0,157.3,75.5,2.25,2.00,0.75,2.00,1.25,38.8,6.00,Matchs
1663,Răzvan Marin,ro ROU,MT,Empoli,it Serie A,26,1996,28.2,64.0,2.70,15.2,34.4,15.1,0.57,64.0,1.38,0.78,56.4,0.53,38.5,37.3,193.6,90.8,1.24,1.45,0.11,0.85,0.78,41.3,0.96,Matchs
1664,Diego Mariño,es ESP,GB,Almería,es La Liga,32,1990,0.5,20.0,20.0,20.0,0.00,0.00,0.00,20.0,0.00,0.00,,0.00,,4.00,24.0,24.0,0.00,0.00,0.00,0.00,0.00,0.00,0.00,Matchs
1665,Guillermo Maripán,cl CHI,DF,Monaco,fr Ligue 1,28,1994,24.0,59.1,7.63,27.4,30.6,1.54,01.04,59.1,0.25,0.04,16.7,0.17,66.7,41.7,198.1,96.3,0.25,0.25,0.00,0.38,0.25,37.0,0.00,Matchs
1666,Marlon,br BRA,DF,Monza,it Serie A,26,1995,17.7,66.8,6.50,31.2,33.2,2.66,0.62,66.8,0.28,0.11,40.0,0.17,60.0,38.6,196.2,105.9,01.07,0.51,0.06,0.34,0.06,48.1,0.68,Matchs
1667,Omar Marmoush,eg EGY,AT,Wolfsburg,de Bundesliga,23,1999,16.4,45.4,0.61,4.82,17.7,23.9,5.55,45.4,06.04,2.32,38.4,3.17,52.5,28.8,166.9,65.6,2.20,1.89,1.34,4.57,2.56,34.3,9.76,Matchs
1668,Marquinhos,br BRA,MT,Arsenal,eng Premier League,19,2003,0.0,3,0,0,2,1,0,3,0,0,,0,,2,6,1,0,0,0,0,0,3,0,Matchs
1669,Marquinhos,br BRA,DF,Paris S-G,fr Ligue 1,28,1994,30.2,79.8,9.74,31.3,45.0,3.87,1.29,79.8,0.07,0.00,0.0,0.07,100.0,65.4,307.3,157.2,0.13,0.60,0.07,0.40,0.20,61.9,0.50,Matchs
1670,Luca Marrone,it ITA,DF,Monza,it Serie A,32,1990,1.5,62.0,8.00,44.0,16.7,1.33,0.67,62.0,0.00,0.00,,0.00,,39.3,143.3,63.3,0.00,0.00,0.00,0.00,0.00,42.7,0.00,Matchs
1671,Eric Martel,de GER,MT,Köln,de Bundesliga,20,2002,22.4,53.4,3.21,14.9,29.5,9.51,1.56,53.4,0.58,0.31,53.8,0.22,38.5,26.6,114.2,37.5,0.76,0.89,0.04,1.56,1.12,29.1,02.05,Matchs
1672,Roger Martí,es ESP,AT,Elche,es La Liga,31,1991,7.3,31.0,1.10,3.70,14.7,12.7,2.60,31.0,0.96,0.41,42.9,0.55,57.1,18.5,84.7,29.5,1.10,0.82,0.82,3.42,1.37,21.0,6.85,Matchs
1673,Roger Martí,es ESP,AT,Cádiz,es La Liga,31,1991,7.1,29.7,1.13,3.10,14.9,12.1,2.96,29.7,0.99,0.70,71.4,0.14,14.3,16.9,59.4,16.6,0.99,0.70,0.42,04.08,1.13,19.2,4.79,Matchs
1674,Anthony Martial,fr FRA,AT,Manchester Utd,eng Premier League,26,1995,10.9,40.6,0.92,2.84,15.2,22.8,4.50,40.6,2.39,1.28,53.8,0.83,34.6,27.2,118.9,52.3,1.65,1.19,0.73,03.03,1.83,34.0,7.98,Matchs
1675,Aarón Martín,es ESP,DF,Mainz 05,de Bundesliga,25,1997,20.5,58.1,2.29,14.8,25.5,18.5,0.68,58.1,01.02,0.49,47.6,0.39,38.1,28.4,137.3,59.4,1.22,0.93,0.15,0.73,0.68,30.3,2.98,Matchs
Clt,Joueur,Nation,Pos,Équipe,Comp,Âge,Naissance,90,Touches,SurfRépDéf,ZDéf,MilTer,ZOff,SurfRépOff,Action de jeu,Att,Succ,Succ%,Tkld,Tkld%,Balle au pied,TotDist,DistBut,PrgC,1/3,CSR,Manqué,Perte,Rec,PrgR,Matchs
1676,Ander Martin,es ESP,"MT,AT",Real Sociedad,es La Liga,21,2000,0.5,58.0,4.00,14.0,14.0,30.0,0.00,58.0,2.00,2.00,100.0,0.00,0.0,20.0,108.0,46.0,2.00,2.00,0.00,0.00,0.00,28.0,0.00,Matchs
1677,Andrés Martín,es ESP,"AT,MT",Rayo Vallecano,es La Liga,23,1999,2.3,44.3,1.30,9.57,13.9,20.9,2.17,44.3,2.61,1.30,50.0,0.87,33.3,23.0,81.7,41.3,1.30,1.30,0.43,03.04,0.87,27.0,9.57,Matchs
1678,Carlos Martín,es ESP,"AT,MT",Atlético Madrid,es La Liga,20,2002,0.3,46.7,0.00,0.00,30.0,16.7,3.33,46.7,0.00,0.00,,0.00,,20.0,66.7,26.7,0.00,0.00,0.00,0.00,0.00,30.0,10.0,Matchs
1679,Iván Martín,es ESP,MT,Girona,es La Liga,23,1999,17.6,46.7,1.31,7.50,24.1,15.6,02.05,46.7,2.73,1.48,54.2,01.02,37.5,30.7,191.9,68.9,1.70,01.08,0.34,1.82,2.10,35.9,4.66,Matchs
1680,Jonas Martin,fr FRA,MT,Lille,fr Ligue 1,32,1990,3.1,84.5,1.94,18.1,57.4,9.35,0.97,84.5,0.32,0.00,0.0,0.32,100.0,65.2,318.1,124.8,1.29,1.94,0.00,0.65,1.29,61.6,1.29,Matchs
1681,Gabriel Martinelli,br BRA,AT,Arsenal,eng Premier League,21,2001,31.0,48.1,0.61,4.16,13.5,31.1,7.19,48.1,4.26,1.90,44.7,1.77,41.7,32.9,231.6,106.4,4.00,2.10,2.26,2.68,1.81,36.0,11.3,Matchs
1682,Arnau Martinez,es ESP,DF,Girona,es La Liga,19,2003,30.4,62.6,3.22,20.8,28.3,14.0,1.74,62.6,1.58,0.79,50.0,0.63,39.6,31.8,172.4,99.2,2.11,01.02,0.30,1.18,0.56,36.7,3.22,Matchs
1683,Emiliano Martínez,ar ARG,GB,Aston Villa,eng Premier League,29,1992,34.9,42.4,34.9,41.9,0.49,0.00,0.00,42.4,0.00,0.00,,0.00,,24.4,128.2,75.3,0.00,0.00,0.00,0.06,0.00,20.3,0.00,Matchs
1684,Iñigo Martínez,es ESP,DF,Athletic Club,es La Liga,31,1991,14.9,61.3,7.85,30.3,28.9,2.55,01.01,61.3,0.00,0.00,,0.00,,33.2,213.0,145.3,0.74,0.67,0.00,0.27,0.13,35.5,0.27,Matchs
1685,Lautaro Martínez,ar ARG,AT,Inter,it Serie A,24,1997,28.6,37.9,0.80,3.15,16.6,18.7,5.98,37.9,2.52,01.01,40.3,01.08,43.1,21.6,99.8,46.7,1.71,1.15,0.77,2.62,1.68,27.7,06.01,Matchs
1686,Lisandro Martínez,ar ARG,DF,Manchester Utd,eng Premier League,24,1998,23.5,77.0,12.0,39.7,35.3,2.55,0.47,77.0,0.68,0.60,87.5,0.00,0.0,45.1,223.7,127.1,0.51,0.68,0.00,0.47,0.38,48.4,0.09,Matchs
1687,Lucas Martínez Quarta,ar ARG,DF,Fiorentina,it Serie A,26,1996,24.1,76.1,5.77,35.4,36.9,4.61,1.45,76.1,0.66,0.50,75.0,0.12,18.8,45.1,277.6,135.1,0.79,01.04,0.04,0.46,0.25,46.9,0.25,Matchs
1688,Roger Martínez,es ESP,DF,Espanyol,es La Liga,18,2004,0.1,60.0,0.00,0.00,10.0,50.0,10.0,60.0,0.00,0.00,,0.00,,30.0,100.0,40.0,0.00,0.00,0.00,0.00,0.00,40.0,0.00,Matchs
1689,Gelson Martins,pt POR,"MT,AT",Monaco,fr Ligue 1,27,1995,3.8,57.4,0.79,7.89,19.5,31.1,5.79,57.4,3.42,01.05,30.8,2.11,61.5,44.2,276.3,139.2,3.95,2.37,1.58,2.63,1.84,40.5,12.4,Matchs
1690,Adam Marušić,me MNE,DF,Lazio,it Serie A,29,1992,30.7,66.7,3.26,25.9,32.7,8.47,0.55,66.7,0.49,0.33,66.7,0.10,20.0,34.7,153.2,86.9,1.24,1.27,0.13,0.42,0.42,43.5,1.40,Matchs
1691,Omar Mascarell,es ESP,"MT,DF",Elche,es La Liga,29,1993,27.2,56.6,4.12,19.1,32.4,5.51,0.18,56.6,1.21,0.77,63.6,0.37,30.3,30.8,194.9,85.9,0.99,0.77,0.04,0.51,0.40,34.2,0.22,Matchs
1692,Adam Masina,ma MAR,DF,Udinese,it Serie A,28,1994,8.8,56.4,6.25,27.6,24.9,4.66,0.68,56.4,0.45,0.34,75.0,0.00,0.0,33.8,167.8,81.1,0.45,0.34,0.11,0.45,0.11,34.9,0.68,Matchs
1693,Jordi Masip,es ESP,GB,Valladolid,es La Liga,33,1989,27.9,36.7,33.9,36.7,0.00,0.00,0.00,36.7,0.00,0.00,,0.00,,19.3,100.0,64.0,0.00,0.00,0.00,0.00,0.00,15.3,0.00,Matchs
1694,Erhan Mašović,rs SRB,"DF,MT",Bochum,de Bundesliga,23,1998,24.2,44.5,5.25,23.1,19.2,2.52,1.16,44.5,0.21,0.08,40.0,0.12,60.0,21.6,91.3,37.6,0.17,0.04,0.00,0.41,0.12,22.4,0.21,Matchs
1695,Han-Noah Massengo,fr FRA,MT,Auxerre,fr Ligue 1,21,2001,12.4,47.4,0.89,8.63,28.9,10.8,1.61,47.4,03.06,1.37,44.7,1.13,36.8,36.0,219.8,95.5,1.69,2.10,0.48,1.53,0.65,32.5,2.34,Matchs
1696,Yanis Massolin,fr FRA,MT,Clermont Foot,fr Ligue 1,19,2002,0.7,71.4,1.43,24.3,35.7,12.9,1.43,71.4,4.29,0.00,0.0,4.29,100.0,52.9,257.1,97.1,0.00,1.43,0.00,0.00,0.00,42.9,0.00,Matchs
1697,Jaime Mata,es ESP,"AT,MT",Getafe,es La Liga,33,1988,4.9,38.8,1.63,5.92,14.9,18.4,04.08,38.8,01.02,0.41,40.0,0.61,60.0,20.8,75.3,21.2,0.41,1.22,0.00,3.27,1.43,26.7,6.73,Matchs
1698,Pape Matar Sarr,sn SEN,"MT,AT",Tottenham,eng Premier League,19,2002,2.4,79.2,6.25,27.1,43.3,8.75,0.42,79.2,02.08,0.83,40.0,0.42,20.0,50.8,240.4,90.0,0.42,0.00,0.00,02.08,0.83,52.1,0.00,Matchs
1699,Eliot Matazo,be BEL,MT,Monaco,fr Ligue 1,20,2002,13.1,46.3,2.29,10.2,30.5,6.18,0.08,46.3,1.22,0.31,25.0,0.69,56.3,32.9,169.3,67.9,0.38,0.99,0.00,0.69,0.92,27.7,0.76,Matchs
1700,Jean-Philippe Mateta,fr FRA,AT,Crystal Palace,eng Premier League,25,1997,8.6,30.9,02.09,4.30,13.0,13.8,4.42,30.9,0.93,0.35,37.5,0.58,62.5,16.9,78.4,29.2,01.05,01.05,0.58,3.14,02.09,21.5,5.00,Matchs
Clt,Joueur,Nation,Pos,Équipe,Comp,Âge,Naissance,90,Touches,SurfRépDéf,ZDéf,MilTer,ZOff,SurfRépOff,Action de jeu,Att,Succ,Succ%,Tkld,Tkld%,Balle au pied,TotDist,DistBut,PrgC,1/3,CSR,Manqué,Perte,Rec,PrgR,Matchs
1701,Nemanja Matić,rs SRB,MT,Roma,it Serie A,33,1988,20.6,71.6,2.48,15.7,45.7,11.2,1.21,71.6,1.60,1.17,72.7,0.24,15.2,44.3,264.1,148.5,2.43,2.14,0.34,01.07,0.92,48.8,0.83,Matchs
1702,Joël Matip,cm CMR,DF,Liverpool,eng Premier League,30,1991,12.1,83.0,9.17,39.8,38.7,5.12,1.40,83.0,0.58,0.33,57.1,0.25,42.9,54.3,342.1,240.2,2.31,1.82,0.08,1.16,0.08,59.5,0.17,Matchs
1703,Henning Matriciani,de GER,DF,Schalke 04,de Bundesliga,22,2000,20.7,52.6,4.88,24.4,22.4,6.62,0.29,52.6,0.72,0.29,40.0,0.43,60.0,22.9,109.3,52.0,01.01,0.82,0.05,0.82,0.48,23.4,0.48,Matchs
1704,Chrislain Matsima,fr FRA,"DF,MT",Lorient,fr Ligue 1,20,2002,2.5,58.0,10.0,36.0,20.4,1.60,1.20,58.0,0.00,0.00,,0.00,,45.6,239.6,124.0,0.00,0.80,0.00,0.80,0.00,43.2,0.00,Matchs
1705,Chrislain Matsima,fr FRA,DF,Monaco,fr Ligue 1,20,2002,5.0,55.2,6.20,20.2,27.6,7.60,1.20,55.2,0.20,0.20,100.0,0.00,0.0,36.4,148.2,52.4,0.40,0.40,0.00,0.00,0.20,30.2,1.80,Matchs
1706,Jean Mattéo Bahoya,fr FRA,"AT,MT",Angers,fr Ligue 1,17,2005,3.0,39.0,0.33,2.33,15.3,22.0,3.00,39.0,4.33,1.33,30.8,2.00,46.2,31.0,206.7,80.0,3.00,2.67,0.67,3.00,1.67,29.0,6.67,Matchs
1707,Azor Matusiwa,nl NED,MT,Reims,fr Ligue 1,24,1998,27.6,69.4,3.62,19.6,41.2,9.42,0.07,69.4,0.83,0.58,69.6,0.18,21.7,50.1,247.9,113.1,0.54,0.94,0.00,0.87,0.43,43.6,0.65,Matchs
1708,Neal Maupay,fr FRA,AT,Everton,eng Premier League,25,1996,12.4,31.2,0.08,2.18,13.9,15.6,3.95,31.2,1.53,0.56,36.8,0.97,63.2,17.7,69.7,24.7,0.65,0.56,0.24,03.06,1.29,22.6,4.92,Matchs
1709,Aïman Maurer,ma MAR,MT,Clermont Foot,fr Ligue 1,17,2004,5.6,34.8,0.71,5.18,14.5,16.1,4.29,34.8,5.36,03.04,56.7,1.79,33.3,26.4,217.9,105.7,3.75,1.61,1.79,3.75,0.89,23.8,7.14,Matchs
1710,Stephy Mavididi,eng ENG,AT,Montpellier,fr Ligue 1,24,1998,14.3,37.1,01.05,5.45,16.2,17.1,3.57,37.1,5.17,2.24,43.2,2.59,50.0,27.4,199.4,82.2,2.38,2.59,0.77,2.73,2.24,24.9,6.36,Matchs
1711,Konstantinos Mavropanos,gr GRE,DF,Stuttgart,de Bundesliga,24,1997,25.4,73.8,8.54,34.4,34.4,6.18,1.85,73.8,1.57,0.63,40.0,0.63,40.0,38.7,195.2,104.8,1.34,01.02,0.08,1.22,0.20,43.3,0.51,Matchs
1712,Christian Mawissa,fr FRA,DF,Toulouse,fr Ligue 1,17,2005,1.1,50.9,4.55,10.0,30.9,10.0,0.00,50.9,0.91,0.00,0.0,0.91,100.0,35.5,177.3,102.7,0.91,1.82,0.00,0.00,0.00,31.8,0.91,Matchs
1713,Philipp Max,de GER,DF,Eint Frankfurt,de Bundesliga,28,1993,7.7,70.3,2.60,13.9,29.9,26.8,02.08,70.3,0.91,0.39,42.9,0.39,42.9,35.7,150.5,70.9,1.82,0.91,0.00,01.04,0.39,42.7,6.75,Matchs
1714,Eric Maxim Choupo-Moting,cm CMR,AT,Bayern Munich,de Bundesliga,33,1989,12.4,32.8,0.48,1.53,14.1,17.3,5.48,32.7,2.34,1.61,69.0,0.48,20.7,20.3,77.4,19.9,0.89,0.40,0.56,2.58,1.29,25.6,6.21,Matchs
1715,Luís Maximiano,pt POR,GB,Lazio,it Serie A,23,1999,0.1,40.0,40.0,40.0,0.00,0.00,0.00,40.0,0.00,0.00,,0.00,,30.0,40.0,0.00,0.00,0.00,0.00,0.00,0.00,30.0,0.00,Matchs
1716,Keke Maximilian Topp,de GER,AT,Schalke 04,de Bundesliga,18,2004,0.2,50.0,0.00,0.00,10.0,40.0,5.00,50.0,10.0,0.00,0.0,10.0,100.0,25.0,260.0,190.0,5.00,5.00,0.00,0.00,0.00,30.0,5.00,Matchs
1717,Fernand Mayembo,cg CGO,DF,Ajaccio,fr Ligue 1,26,1996,7.9,49.9,8.48,29.5,19.4,1.27,0.76,49.9,0.76,0.51,66.7,0.13,16.7,32.3,164.7,79.7,0.25,0.13,0.00,0.51,0.13,27.5,0.13,Matchs
1718,Borja Mayoral,es ESP,AT,Getafe,es La Liga,25,1997,30.7,33.9,0.49,3.45,16.1,14.6,3.84,33.8,2.28,0.88,38.6,1.14,50.0,20.8,108.4,49.9,1.89,1.14,0.81,02.05,1.76,24.9,5.41,Matchs
1719,Ibrahim Maza,de GER,"MT,AT",Hertha BSC,de Bundesliga,16,2005,0.8,30.0,1.25,13.8,7.50,10.0,3.75,30.0,1.25,0.00,0.0,0.00,0.0,15.0,87.5,65.0,2.50,1.25,1.25,2.50,0.00,15.0,1.25,Matchs
1720,Derek Mazou-Sacko,fr FRA,MT,Troyes,fr Ligue 1,17,2004,0.2,40.0,10.0,15.0,20.0,5.00,5.00,40.0,0.00,0.00,,0.00,,25.0,150.0,80.0,5.00,0.00,0.00,0.00,5.00,20.0,5.00,Matchs
1721,Noussair Mazraoui,ma MAR,DF,Bayern Munich,de Bundesliga,24,1997,11.9,82.1,2.18,21.2,37.7,23.7,2.27,82.1,2.27,1.51,66.7,0.50,22.2,47.8,225.5,124.2,3.28,2.18,0.67,0.92,0.42,57.1,6.81,Matchs
1722,Pasquale Mazzocchi,it ITA,DF,Salernitana,it Serie A,27,1995,21.8,54.9,2.71,16.0,21.5,18.3,1.65,54.9,4.72,2.66,56.3,1.65,35.0,30.0,206.2,106.9,3.21,2.52,0.69,2.48,1.56,31.2,4.68,Matchs
1723,Kevin Mbabu,ch SUI,"DF,AT",Fulham,eng Premier League,27,1995,1.6,71.3,2.50,23.8,25.0,23.8,0.00,71.3,3.75,2.50,66.7,1.25,33.3,35.6,170.6,99.4,2.50,1.25,0.00,0.63,1.25,36.9,6.88,Matchs
1724,Noah Mbamba,be BEL,MT,Leverkusen,de Bundesliga,17,2005,0.0,0,0,0,0,0,0,0,0,0,,0,,0,0,0,0,0,0,0,0,0,0,Matchs
1725,Kylian Mbappé,fr FRA,AT,Paris S-G,fr Ligue 1,23,1998,31.3,56.6,0.32,1.47,19.0,36.7,9.65,56.4,6.42,2.36,36.8,3.48,54.2,50.6,313.4,151.0,5.27,04.03,2.75,02.01,1.34,50.3,15.0,Matchs
Clt,Joueur,Nation,Pos,Équipe,Comp,Âge,Naissance,90,Touches,SurfRépDéf,ZDéf,MilTer,ZOff,SurfRépOff,Action de jeu,Att,Succ,Succ%,Tkld,Tkld%,Balle au pied,TotDist,DistBut,PrgC,1/3,CSR,Manqué,Perte,Rec,PrgR,Matchs
1726,Mamadou Mbaye,sn SEN,DF,Cádiz,es La Liga,24,1998,8.4,46.8,8.10,27.6,17.9,1.79,1.31,46.8,0.60,0.60,100.0,0.00,0.0,21.0,92.5,35.6,0.24,0.24,0.00,0.71,0.12,24.3,0.12,Matchs
1727,Chancel Mbemba,cd COD,DF,Marseille,fr Ligue 1,27,1994,31.7,64.4,5.39,21.1,32.9,10.7,1.42,64.4,0.76,0.44,58.3,0.16,20.8,47.2,260.2,140.1,1.48,02.08,0.32,0.76,0.32,43.3,1.55,Matchs
1728,Bryan Mbeumo,cm CMR,AT,Brentford,eng Premier League,22,1999,32.3,41.3,0.74,5.48,13.2,23.4,3.87,41.3,2.72,1.39,51.1,1.15,42.0,24.0,132.9,57.6,02.04,01.02,0.80,2.23,1.67,26.7,7.28,Matchs
1729,Jason Mbock,fr FRA,"MT,AT",Angers,fr Ligue 1,22,1999,0.3,36.7,0.00,0.00,16.7,20.0,0.00,36.7,3.33,0.00,0.0,3.33,100.0,23.3,113.3,16.7,0.00,0.00,0.00,0.00,0.00,23.3,6.67,Matchs
1730,Jean-Manuel Mbom,de GER,MT,Werder Bremen,de Bundesliga,22,2000,0.1,30.0,0.00,0.00,30.0,0.00,0.00,30.0,0.00,0.00,,0.00,,10.0,20.0,0.00,0.00,0.00,0.00,0.00,0.00,30.0,0.00,Matchs
1731,Nathanael Mbuku,fr FRA,"AT,MT",Reims,fr Ligue 1,20,2002,0.7,52.9,2.86,10.0,24.3,20.0,2.86,52.9,2.86,1.43,50.0,1.43,50.0,42.9,294.3,175.7,5.71,2.86,2.86,2.86,1.43,37.1,8.57,Matchs
1732,Nathanael Mbuku,fr FRA,"MT,AT",Augsburg,de Bundesliga,20,2002,0.4,30.0,0.00,2.50,17.5,10.0,2.50,30.0,0.00,0.00,,0.00,,12.5,112.5,50.0,2.50,0.00,0.00,5.00,2.50,10.0,0.00,Matchs
1733,James McArthur,sct SCO,MT,Crystal Palace,eng Premier League,34,1987,0.6,100.0,8.33,36.7,48.3,15.0,0.00,100.0,3.33,1.67,50.0,0.00,0.0,60.0,280.0,140.0,0.00,3.33,0.00,1.67,5.00,66.7,0.00,Matchs
1734,Alex McCarthy,eng ENG,GB,Southampton,eng Premier League,32,1989,6.0,43.5,34.2,43.3,0.17,0.00,0.00,43.5,0.00,0.00,,0.00,,23.2,91.0,44.0,0.00,0.00,0.00,0.00,0.00,22.2,0.00,Matchs
1735,John McGinn,sct SCO,"MT,AT",Aston Villa,eng Premier League,27,1994,29.9,45.1,1.24,7.29,25.3,13.0,1.51,45.1,2.34,1.51,64.3,0.47,20.0,26.9,136.2,60.2,1.14,1.17,0.27,1.94,1.17,29.7,2.21,Matchs
1736,Scott McKenna,sct SCO,DF,Nott'ham Forest,eng Premier League,25,1996,17.5,50.1,8.63,28.6,19.0,2.57,1.20,50.1,0.40,0.29,71.4,0.06,14.3,24.6,107.7,53.1,0.29,0.06,0.00,0.11,0.11,29.0,0.11,Matchs
1737,Weston McKennie,us USA,MT,Leeds United,eng Premier League,23,1998,16.0,50.4,2.56,11.8,25.1,14.3,01.06,50.4,1.00,0.69,68.8,0.25,25.0,25.0,108.6,49.4,0.88,1.00,0.00,1.75,1.56,27.8,02.06,Matchs
1738,Weston McKennie,us USA,"MT,DF",Juventus,it Serie A,23,1998,11.7,45.0,2.14,9.83,21.3,14.0,1.88,45.0,0.77,0.60,77.8,0.17,22.2,19.7,100.1,57.9,1.62,0.94,0.17,1.71,01.03,29.8,4.62,Matchs
1739,Dwight McNeil,eng ENG,"AT,MT",Everton,eng Premier League,22,1999,27.8,48.8,1.87,9.57,18.2,22.1,2.19,48.8,3.88,1.94,50.0,1.83,47.2,26.5,195.4,77.1,2.73,1.58,0.58,1.91,1.62,27.4,4.60,Matchs
1740,Scott McTominay,sct SCO,MT,Manchester Utd,eng Premier League,25,1996,12.9,47.9,5.35,15.9,22.2,10.2,1.94,47.9,02.02,01.01,50.0,0.70,34.6,24.4,124.8,60.6,1.55,1.24,0.23,1.86,1.47,27.8,1.47,Matchs
1741,Gary Medel,cl CHI,"MT,DF",Bologna,it Serie A,34,1987,16.4,74.8,7.50,31.7,40.0,3.66,0.00,74.8,0.37,0.24,66.7,0.12,33.3,39.2,140.5,59.9,0.06,0.18,0.00,0.37,0.24,49.0,0.30,Matchs
1742,Facundo Medina,ar ARG,DF,Lens,fr Ligue 1,23,1999,30.9,88.3,5.31,26.1,55.5,7.67,0.74,88.3,1.23,0.78,63.2,0.29,23.7,73.7,467.0,267.3,2.62,02.04,0.03,0.71,0.68,68.0,0.97,Matchs
1743,Fernando Medrano,es ESP,DF,Celta Vigo,es La Liga,22,2000,0.1,60.0,10.0,50.0,10.0,0.00,0.00,60.0,0.00,0.00,,0.00,,40.0,340.0,90.0,0.00,0.00,0.00,0.00,0.00,20.0,0.00,Matchs
1744,Ben Mee,eng ENG,DF,Brentford,eng Premier League,32,1989,36.3,58.5,7.49,30.0,24.4,4.30,1.96,58.5,0.36,0.33,92.3,0.03,7.7,31.6,132.0,71.1,0.22,0.30,0.08,0.50,0.06,32.5,0.39,Matchs
1745,Bamo Meïté,ci CIV,DF,Lorient,fr Ligue 1,21,2001,16.7,66.3,11.0,36.8,28.3,1.32,0.54,66.3,0.66,0.48,72.7,0.12,18.2,51.4,293.5,158.6,0.60,0.12,0.00,0.84,0.24,48.0,0.06,Matchs
1746,Soualiho Meïté,fr FRA,MT,Cremonese,it Serie A,28,1994,26.3,48.7,2.74,13.8,28.9,6.69,0.49,48.7,2.28,01.06,46.7,0.68,30.0,27.3,134.1,61.3,0.99,0.76,0.15,1.14,1.14,30.8,0.84,Matchs
1747,Farid El Melali,dz ALG,"DF,AT",Angers,fr Ligue 1,25,1997,9.0,46.9,1.44,10.1,22.0,17.0,2.44,46.9,6.00,2.89,48.1,2.44,40.7,32.8,281.6,139.2,4.67,2.89,1.56,3.00,1.56,27.9,6.00,Matchs
1748,Gonzalo Melero,es ESP,MT,Almería,es La Liga,28,1994,20.6,45.8,2.14,9.90,25.5,10.7,1.70,45.7,1.75,0.83,47.2,0.87,50.0,27.8,145.6,68.3,1.50,1.36,0.19,1.80,0.92,32.6,1.80,Matchs
1749,Birger Meling,no NOR,DF,Rennes,fr Ligue 1,27,1994,13.4,69.0,2.76,14.6,35.8,18.9,1.49,69.0,1.64,0.37,22.7,1.12,68.2,46.9,311.4,152.7,2.76,02.01,0.30,0.82,0.67,42.2,5.52,Matchs
1750,Memphis,nl NED,AT,Atlético Madrid,es La Liga,28,1994,3.0,46.3,0.00,2.33,15.7,28.7,9.00,46.3,3.67,1.33,36.4,2.00,54.5,29.0,122.7,60.3,1.33,0.67,1.33,5.33,3.00,40.7,7.33,Matchs
Clt,Joueur,Nation,Pos,Équipe,Comp,Âge,Naissance,90,Touches,SurfRépDéf,ZDéf,MilTer,ZOff,SurfRépOff,Action de jeu,Att,Succ,Succ%,Tkld,Tkld%,Balle au pied,TotDist,DistBut,PrgC,1/3,CSR,Manqué,Perte,Rec,PrgR,Matchs
1751,Memphis,nl NED,AT,Barcelona,es La Liga,28,1994,1.3,64.6,0.00,3.85,19.2,42.3,10.0,64.6,5.38,2.31,42.9,2.31,42.9,38.5,179.2,70.0,1.54,1.54,2.31,5.38,03.08,53.1,14.6,Matchs
1752,Houboulang Mendes,gw GNB,DF,Almería,es La Liga,24,1998,9.8,44.5,2.96,16.3,18.7,9.90,0.10,44.5,2.14,0.92,42.9,0.92,42.9,20.5,129.6,71.8,1.84,01.02,0.10,1.63,01.02,23.2,03.06,Matchs
1753,Nuno Mendes,pt POR,DF,Paris S-G,fr Ligue 1,20,2002,17.2,66.2,2.73,14.1,24.2,28.8,3.37,66.2,3.84,1.57,40.9,1.98,51.5,50.9,284.5,143.4,2.97,02.03,1.10,1.74,0.99,46.2,11.3,Matchs
1754,Pedro Mendes,pt POR,DF,Montpellier,fr Ligue 1,31,1990,0.1,40.0,10.0,20.0,20.0,0.00,0.00,40.0,0.00,0.00,,0.00,,20.0,200.0,160.0,0.00,0.00,0.00,10.0,0.00,10.0,0.00,Matchs
1755,Thiago Mendes,br BRA,"MT,DF",Lyon,fr Ligue 1,30,1992,22.9,83.5,4.89,21.9,53.5,8.21,0.39,83.5,0.48,0.26,54.5,0.22,45.5,65.5,312.9,147.5,0.44,0.96,0.09,01.09,0.70,60.4,0.87,Matchs
1756,Brais Méndez,es ESP,MT,Real Sociedad,es La Liga,25,1997,26.7,60.2,0.94,6.37,29.1,25.3,2.25,60.2,1.99,0.56,28.3,1.27,64.2,33.2,140.6,61.9,1.54,1.65,0.19,1.84,01.09,40.9,5.17,Matchs
1757,Diego Méndez,es ESP,MT,Rayo Vallecano,es La Liga,18,2003,0.0,3,0,2,1,0,0,3,0,0,,0,,1,0,0,0,0,0,0,0,2,0,Matchs
1758,Antoine Mendy,fr FRA,DF,Nice,fr Ligue 1,18,2004,5.8,67.9,3.79,21.0,32.1,15.2,1.55,67.9,0.69,0.52,75.0,0.17,25.0,45.9,218.8,100.0,0.34,0.86,0.00,1.90,0.86,40.5,6.38,Matchs
1759,Arial Mendy,sn SEN,DF,Clermont Foot,fr Ligue 1,27,1994,2.5,58.8,2.80,18.0,22.8,18.4,2.00,58.8,2.00,0.00,0.0,0.80,40.0,36.8,199.6,84.4,2.40,1.60,0.00,0.80,0.80,32.4,8.80,Matchs
1760,Batista Mendy,fr FRA,"MT,DF",Angers,fr Ligue 1,22,2000,31.8,53.5,2.17,13.0,32.5,8.71,0.50,53.5,1.92,1.19,62.3,0.57,29.5,41.6,225.2,100.5,0.85,1.32,0.06,0.75,0.85,37.8,1.54,Matchs
1761,Edouard Mendy,sn SEN,GB,Chelsea,eng Premier League,30,1992,9.5,32.3,27.9,32.0,0.32,0.00,0.00,32.3,0.11,0.00,0.0,0.11,100.0,18.0,83.2,44.5,0.00,0.00,0.00,0.00,0.00,16.5,0.00,Matchs
1762,Ferland Mendy,fr FRA,DF,Real Madrid,es La Liga,27,1995,15.0,64.7,2.80,17.7,28.4,19.1,0.53,64.7,1.93,1.27,65.5,0.53,27.6,39.4,203.9,95.1,1.53,1.67,0.13,1.33,1.13,46.5,4.87,Matchs
1763,Nampalys Mendy,sn SEN,MT,Leicester City,eng Premier League,30,1992,8.4,58.3,1.43,16.5,36.9,5.36,0.24,58.3,1.31,0.83,63.6,0.36,27.3,33.7,161.0,55.7,0.24,0.60,0.00,0.83,0.12,39.6,0.48,Matchs
1764,Gideon Mensah,gh GHA,DF,Auxerre,fr Ligue 1,24,1998,25.1,69.1,3.59,21.2,33.9,15.3,0.36,69.1,2.35,01.04,44.1,1.12,47.5,45.4,294.4,132.8,2.23,2.51,0.04,1.75,0.52,37.6,4.38,Matchs
1765,Chris Mepham,wls WAL,DF,Bournemouth,eng Premier League,24,1997,24.4,54.8,11.7,34.9,18.6,1.48,0.57,54.8,0.29,0.12,42.9,0.12,42.9,26.6,127.0,66.7,0.08,0.25,0.08,0.16,0.12,32.3,0.04,Matchs
1766,Jorge Meré,es ESP,DF,Cádiz,es La Liga,25,1997,6.7,42.2,6.72,22.1,19.0,1.64,0.90,42.2,0.00,0.00,,0.00,,21.2,70.7,27.2,0.15,0.00,0.00,0.45,0.15,21.8,0.00,Matchs
1767,Alex Meret,it ITA,GB,Napoli,it Serie A,25,1997,34.0,28.6,24.4,28.6,0.06,0.00,0.00,28.6,0.00,0.00,,0.00,,16.0,66.4,35.0,0.00,0.00,0.00,0.00,0.00,14.0,0.00,Matchs
1768,Mikel Merino,es ESP,MT,Real Sociedad,es La Liga,26,1996,27.7,67.2,3.10,12.9,37.0,17.9,2.85,67.1,1.52,0.79,52.4,0.58,38.1,36.8,142.0,63.6,01.08,1.52,0.14,1.73,1.34,45.6,3.86,Matchs
1769,Quentin Merlin,fr FRA,DF,Nantes,fr Ligue 1,20,2002,19.9,68.1,2.71,16.4,33.4,19.4,0.80,68.1,1.96,1.11,56.4,0.70,35.9,44.5,253.8,123.5,2.16,02.01,0.35,1.26,0.50,39.8,4.82,Matchs
1770,Yıldırım Mert Çetin,tr TUR,DF,Lecce,it Serie A,25,1997,0.2,40.0,10.0,25.0,15.0,0.00,0.00,40.0,0.00,0.00,,0.00,,15.0,60.0,5.00,0.00,0.00,0.00,10.0,0.00,10.0,0.00,Matchs
1771,Roque Mesa,es ESP,MT,Valladolid,es La Liga,33,1989,18.0,63.0,3.44,15.9,37.9,10.1,0.50,63.0,1.72,0.83,48.4,0.78,45.2,41.6,262.1,122.3,1.61,1.28,0.17,1.17,1.17,42.9,1.33,Matchs
1772,Illan Meslier,fr FRA,GB,Leeds United,eng Premier League,22,2000,34.0,33.0,26.6,32.8,0.15,0.06,0.03,33.0,0.00,0.00,,0.00,,17.5,99.9,57.9,0.00,0.00,0.00,0.03,0.03,12.5,0.00,Matchs
1773,Lionel Messi,ar ARG,"AT,MT",Paris S-G,fr Ligue 1,35,1987,31.5,76.2,0.16,3.11,38.1,35.9,05.05,76.2,5.84,3.24,55.4,2.25,38.6,65.2,364.5,160.7,3.62,4.00,1.33,1.65,2.44,64.8,6.98,Matchs
1774,Junior Messias,br BRA,"AT,DF",Milan,it Serie A,31,1991,16.6,46.1,1.93,7.35,20.2,19.5,3.25,46.1,4.10,02.05,50.0,1.27,30.9,28.1,184.3,99.9,2.71,2.53,01.08,1.93,0.84,31.9,8.25,Matchs
1775,Amine Messoussa,fr FRA,AT,Lille,fr Ligue 1,17,2004,0.0,1,0,0,0,1,0,1,0,0,,0,,1,4,0,0,0,0,1,0,1,1,Matchs
Clt,Joueur,Nation,Pos,Équipe,Comp,Âge,Naissance,90,Touches,SurfRépDéf,ZDéf,MilTer,ZOff,SurfRépOff,Action de jeu,Att,Succ,Succ%,Tkld,Tkld%,Balle au pied,TotDist,DistBut,PrgC,1/3,CSR,Manqué,Perte,Rec,PrgR,Matchs
1776,Thomas Meunier,be BEL,DF,Dortmund,de Bundesliga,30,1991,6.5,77.4,3.85,20.2,32.8,24.9,1.69,77.4,1.54,0.62,40.0,0.62,40.0,42.0,176.9,85.5,1.38,01.08,0.15,1.23,0.77,47.1,6.92,Matchs
1777,Alexander Meyer,de GER,GB,Dortmund,de Bundesliga,31,1991,7.0,47.9,32.9,46.7,1.00,0.14,0.14,47.9,0.00,0.00,,0.00,,30.9,170.4,95.6,0.00,0.00,0.00,0.00,0.00,26.6,0.00,Matchs
1778,Sven Michel,de GER,"AT,MT",Union Berlin,de Bundesliga,32,1990,5.5,47.1,0.91,4.55,15.5,27.6,3.64,46.9,2.18,0.55,25.0,1.64,75.0,22.0,106.4,29.8,1.64,0.55,0.18,3.64,1.27,33.3,09.09,Matchs
1779,Alex Mighten,eng ENG,AT,Nott'ham Forest,eng Premier League,20,2002,0.1,40.0,0.00,10.0,0.00,30.0,0.00,40.0,30.0,0.00,0.0,20.0,66.7,40.0,270.0,100.0,0.00,0.00,0.00,0.00,0.00,40.0,10.0,Matchs
1780,Tommaso Milanese,it ITA,MT,Cremonese,it Serie A,20,2002,0.3,63.3,0.00,3.33,23.3,40.0,6.67,63.3,6.67,3.33,50.0,3.33,50.0,43.3,236.7,126.7,6.67,3.33,0.00,10.0,3.33,46.7,3.33,Matchs
1781,Nikola Milenković,rs SRB,DF,Fiorentina,it Serie A,24,1997,23.7,64.1,06.03,31.4,30.0,3.12,1.48,64.1,0.00,0.00,,0.00,,34.4,149.7,75.2,0.38,0.42,0.00,0.30,0.00,38.1,0.13,Matchs
1782,Lewis Miley,eng ENG,MT,Newcastle Utd,eng Premier League,16,2006,0.2,45.0,5.00,15.0,20.0,10.0,0.00,45.0,0.00,0.00,,0.00,,15.0,75.0,5.00,0.00,0.00,0.00,0.00,0.00,15.0,0.00,Matchs
1783,Arkadiusz Milik,pl POL,AT,Juventus,it Serie A,28,1994,17.6,35.4,0.91,2.56,18.3,14.8,4.26,35.3,1.25,0.63,50.0,0.51,40.9,19.5,74.8,26.9,0.57,01.02,0.11,2.84,0.91,27.4,4.83,Matchs
1784,Arkadiusz Milik,pl POL,AT,Marseille,fr Ligue 1,28,1994,1.4,33.6,2.14,3.57,19.3,10.7,0.71,33.6,0.71,0.00,0.0,0.71,100.0,23.6,122.1,37.9,0.71,2.14,0.00,0.71,0.71,25.7,6.43,Matchs
1785,Sergej Milinković-Savić,rs SRB,MT,Lazio,it Serie A,27,1995,33.6,71.8,2.17,13.2,39.9,19.4,2.59,71.8,2.38,1.16,48.8,0.92,38.8,41.8,174.3,64.3,1.40,0.95,0.33,3.15,1.96,57.3,3.84,Matchs
1786,Vanja Milinković-Savić,rs SRB,GB,Torino,it Serie A,25,1997,38.0,49.5,35.3,49.0,0.55,0.03,0.03,49.5,0.00,0.00,,0.00,,31.2,203.3,121.9,0.00,0.00,0.00,0.05,0.03,26.3,0.00,Matchs
1787,Éder Militão,br BRA,DF,Real Madrid,es La Liga,24,1998,30.0,73.9,10.5,36.3,32.8,5.23,01.03,73.9,0.63,0.37,57.9,0.20,31.6,45.9,233.7,129.2,0.93,0.67,0.03,0.53,0.20,50.2,0.53,Matchs
1788,Luka Milivojević,rs SRB,MT,Crystal Palace,eng Premier League,31,1991,5.7,56.3,4.91,20.5,26.8,9.65,0.18,56.3,0.18,0.18,100.0,0.00,0.0,28.4,122.3,46.1,0.35,0.53,0.00,0.70,01.05,31.2,0.35,Matchs
1789,Luis Milla,es ESP,MT,Getafe,es La Liga,27,1994,20.6,55.0,02.09,11.6,34.2,9.81,0.24,55.0,0.73,0.58,80.0,0.10,13.3,27.8,126.4,58.4,0.73,0.53,0.05,0.97,0.58,30.5,0.34,Matchs
1790,Pere Milla,es ESP,"AT,MT",Elche,es La Liga,29,1992,20.5,40.1,1.37,7.22,21.7,12.0,2.88,40.0,2.15,0.83,38.6,1.12,52.3,23.5,100.9,47.0,1.12,1.32,0.24,2.29,01.07,27.2,04.05,Matchs
1791,Enzo Millot,fr FRA,MT,Stuttgart,de Bundesliga,20,2002,9.9,55.1,1.52,9.49,26.7,19.8,3.54,55.1,4.65,2.12,45.7,1.92,41.3,28.8,180.3,73.6,2.32,1.41,0.71,1.82,1.31,35.8,5.86,Matchs
1792,James Milner,eng ENG,"MT,DF",Liverpool,eng Premier League,36,1986,10.1,84.0,2.38,19.4,38.6,26.1,2.38,84.0,02.08,01.09,52.4,0.79,38.1,44.3,185.0,87.7,02.08,1.68,0.50,1.88,1.39,54.6,7.72,Matchs
1793,Marko Milovanović,rs SRB,AT,Almería,es La Liga,18,2003,0.2,60.0,0.00,5.00,25.0,30.0,5.00,60.0,0.00,0.00,,0.00,,25.0,100.0,40.0,0.00,5.00,0.00,0.00,15.0,50.0,15.0,Matchs
1794,Kim Min-jae,kr KOR,DF,Napoli,it Serie A,25,1996,33.9,92.7,8.79,39.2,50.8,03.07,0.80,92.7,0.21,0.12,57.1,0.09,42.9,57.3,253.9,146.4,1.24,0.62,0.06,0.38,0.21,69.3,0.24,Matchs
1795,Yerry Mina,co COL,DF,Everton,eng Premier League,27,1994,6.6,60.9,8.79,30.0,26.7,4.55,2.42,60.9,0.30,0.15,50.0,0.00,0.0,32.9,165.0,94.2,0.15,0.61,0.15,0.61,0.00,38.6,0.45,Matchs
1796,Takumi Minamino,jp JPN,"MT,AT",Monaco,fr Ligue 1,27,1995,8.0,47.8,1.00,5.38,19.1,24.1,5.38,47.8,2.25,1.00,44.4,1.25,55.6,33.0,210.5,87.0,3.25,1.50,1.38,3.63,1.38,30.5,8.25,Matchs
1797,Tyrone Mings,eng ENG,DF,Aston Villa,eng Premier League,29,1993,35.0,63.7,11.0,36.5,25.1,2.31,0.60,63.7,0.34,0.17,50.0,0.09,25.0,39.4,228.4,130.2,0.57,0.60,0.09,0.23,0.20,42.5,0.20,Matchs
1798,Óscar Mingueza,es ESP,DF,Celta Vigo,es La Liga,23,1999,14.3,72.2,3.50,24.5,34.3,14.6,1.19,72.2,1.96,0.98,50.0,0.49,25.0,41.7,226.4,122.4,1.68,1.33,0.14,1.26,0.77,45.4,2.80,Matchs
1799,Rafa Mir,es ESP,AT,Sevilla,es La Liga,25,1997,14.4,27.5,0.83,2.50,11.8,13.3,4.93,27.5,0.97,0.00,0.0,0.90,92.9,13.1,59.7,23.1,0.83,0.35,0.56,1.67,0.83,19.2,3.75,Matchs
1800,Aleksei Miranchuk,ru RUS,MT,Torino,it Serie A,26,1995,23.2,43.5,0.43,2.84,22.7,18.3,1.81,43.5,1.98,0.65,32.6,01.08,54.3,28.8,157.0,70.4,02.03,1.90,0.34,02.03,1.16,34.6,4.53,Matchs
Clt,Joueur,Nation,Pos,Équipe,Comp,Âge,Naissance,90,Touches,SurfRépDéf,ZDéf,MilTer,ZOff,SurfRépOff,Action de jeu,Att,Succ,Succ%,Tkld,Tkld%,Balle au pied,TotDist,DistBut,PrgC,1/3,CSR,Manqué,Perte,Rec,PrgR,Matchs
1801,Juan Miranda,es ESP,DF,Betis,es La Liga,22,2000,16.4,61.8,04.09,18.2,25.5,18.7,02.01,61.8,1.10,0.55,50.0,0.43,38.9,29.1,138.0,72.4,1.59,1.34,0.00,01.04,0.49,34.1,5.30,Matchs
1802,Antonio Mirante,it ITA,GB,Milan,it Serie A,39,1983,0.0,4,4,4,0,0,0,4,0,0,,0,,2,9,8,0,0,0,0,0,3,0,Matchs
1803,Fabio Miretti,it ITA,"MT,AT",Juventus,it Serie A,18,2003,13.7,50.7,01.09,7.96,25.3,18.2,3.28,50.7,3.14,1.39,44.2,1.31,41.9,29.8,147.2,78.5,2.41,1.53,0.44,2.99,1.90,34.7,6.20,Matchs
1804,Filippo Missori,it ITA,DF,Roma,it Serie A,18,2004,2.0,41.0,2.00,20.5,12.5,8.00,0.00,41.0,1.00,0.00,0.0,1.00,100.0,10.0,36.0,8.50,0.50,0.00,0.00,1.50,0.50,13.5,1.50,Matchs
1805,Tyrick Mitchell,eng ENG,DF,Crystal Palace,eng Premier League,22,1999,32.1,59.2,3.58,20.4,26.0,13.4,01.09,59.2,0.93,0.53,56.7,0.28,30.0,25.8,98.1,44.6,0.72,0.59,0.12,01.09,0.53,29.8,2.80,Matchs
1806,Kaoru Mitoma,jp JPN,"AT,MT",Brighton,eng Premier League,25,1997,25.8,50.9,0.70,5.66,18.1,27.8,6.86,50.9,05.04,2.29,45.4,2.13,42.3,34.5,266.7,148.4,5.54,3.18,3.29,2.33,1.28,38.2,10.1,Matchs
1807,Aleksandar Mitrović,rs SRB,AT,Fulham,eng Premier League,27,1994,22.3,36.5,1.21,3.54,17.6,15.7,6.46,36.1,2.11,01.03,48.9,0.99,46.8,20.2,84.0,32.1,01.08,0.67,0.45,2.91,2.60,29.0,4.35,Matchs
1808,Stefan Mitrović,rs SRB,DF,Getafe,es La Liga,32,1990,18.7,35.5,5.88,21.2,13.9,0.59,0.43,35.5,0.05,0.00,0.0,0.05,100.0,16.7,77.2,32.9,0.05,0.00,0.00,0.11,0.00,17.7,0.05,Matchs
1809,Maximilian Mittelstädt,de GER,"DF,MT",Hertha BSC,de Bundesliga,25,1997,9.4,65.5,3.51,23.7,29.9,13.4,0.85,65.5,3.51,02.02,57.6,1.28,36.4,27.8,190.3,104.5,03.09,02.02,0.43,1.28,0.96,26.9,03.09,Matchs
1810,Henrikh Mkhitaryan,am ARM,MT,Inter,it Serie A,33,1989,22.1,58.3,1.40,8.82,32.1,18.2,1.72,58.3,1.58,0.63,40.0,0.72,45.7,34.1,185.4,91.6,2.17,2.13,0.45,1.99,0.90,40.7,3.35,Matchs
1811,Anthony Modeste,fr FRA,AT,Dortmund,de Bundesliga,34,1988,9.0,24.3,2.44,3.78,10.9,9.78,3.78,24.3,0.44,0.00,0.0,0.44,100.0,10.1,33.2,10.4,0.33,0.11,0.22,2.00,1.00,15.8,4.00,Matchs
1812,Luka Modrić,hr CRO,MT,Real Madrid,es La Liga,36,1985,19.4,86.6,0.98,11.0,45.6,30.5,2.42,86.6,2.42,0.98,40.4,01.08,44.7,58.4,292.8,130.5,2.58,2.53,0.72,1.60,0.98,70.2,4.48,Matchs
1813,Terem Moffi,ng NGA,AT,Nice,fr Ligue 1,23,1999,14.8,24.0,0.34,01.08,9.93,13.8,4.93,24.0,2.84,1.69,59.5,0.95,33.3,15.8,104.9,42.7,1.69,01.01,0.95,1.69,1.35,16.2,5.20,Matchs
1814,Terem Moffi,ng NGA,AT,Lorient,fr Ligue 1,23,1999,15.4,23.6,0.65,02.08,12.5,9.87,04.09,23.5,2.47,1.30,52.6,0.84,34.2,17.4,116.8,52.7,1.88,1.49,0.71,2.66,0.84,17.1,3.96,Matchs
1815,Mostafa Mohamed,eg EGY,AT,Nantes,fr Ligue 1,24,1997,21.5,28.2,1.72,2.98,12.0,13.4,4.98,28.2,1.81,0.98,53.8,0.70,38.5,16.5,91.7,25.7,0.60,0.60,0.51,2.47,01.07,19.0,05.07,Matchs
1816,Tobias Mohr,de GER,"DF,MT",Schalke 04,de Bundesliga,26,1995,9.3,63.9,3.23,21.3,23.5,19.7,1.40,63.9,0.75,0.43,57.1,0.22,28.6,28.3,164.1,85.3,2.15,0.75,0.11,0.86,0.86,31.2,4.19,Matchs
1817,Johan Mojica,co COL,DF,Villarreal,es La Liga,29,1992,7.1,64.5,2.39,19.3,24.5,21.3,1.27,64.5,1.97,0.85,42.9,0.85,42.9,40.3,256.3,124.5,3.80,2.11,0.70,1.41,0.70,38.9,5.35,Matchs
1818,Johan Mojica,co COL,"DF,MT",Elche,es La Liga,29,1992,3.0,69.7,4.00,21.7,25.3,23.3,1.33,69.7,3.00,1.33,44.4,1.33,44.4,41.7,216.3,118.7,4.67,3.67,0.67,1.67,1.33,37.3,3.67,Matchs
1819,Clinton Mola,eng ENG,DF,Stuttgart,de Bundesliga,21,2001,0.2,70.0,20.0,45.0,20.0,10.0,0.00,70.0,0.00,0.00,,0.00,,5.00,55.0,0.00,0.00,0.00,0.00,0.00,0.00,0.00,0.00,Matchs
1820,Nahuel Molina,ar ARG,DF,Atlético Madrid,es La Liga,24,1998,31.9,69.9,2.73,21.8,26.1,22.2,1.47,69.9,1.60,0.66,41.2,0.75,47.1,33.9,152.2,91.8,2.29,1.35,0.28,1.00,0.31,43.4,7.81,Matchs
1821,Salvatore Molina,it ITA,DF,Monza,it Serie A,30,1992,2.5,55.6,2.40,11.6,18.8,26.0,0.40,55.6,1.60,0.80,50.0,0.40,25.0,31.6,166.4,110.0,3.60,2.00,0.00,1.60,0.80,34.0,8.80,Matchs
1822,Florent Mollet,fr FRA,MT,Nantes,fr Ligue 1,30,1991,12.1,57.0,1.16,8.26,28.5,20.7,1.65,57.0,2.23,0.83,37.0,01.07,48.1,40.0,234.4,95.1,02.07,0.91,0.17,1.57,01.07,37.1,5.54,Matchs
1823,Florent Mollet,fr FRA,MT,Schalke 04,de Bundesliga,30,1991,4.6,44.8,0.43,5.00,23.9,16.3,1.96,44.8,01.09,0.43,40.0,0.65,60.0,23.7,137.4,67.2,1.30,1.74,0.00,2.39,1.74,28.3,5.22,Matchs
1824,Jon Moncayola,es ESP,"MT,DF",Osasuna,es La Liga,24,1998,27.2,62.4,2.17,14.2,34.9,13.9,0.51,62.4,0.29,0.15,50.0,0.11,37.5,31.9,143.4,77.2,1.25,01.07,0.04,0.96,0.40,39.0,1.84,Matchs
1825,Monchu,es ESP,MT,Valladolid,es La Liga,22,1999,22.6,56.5,2.12,14.1,30.7,11.9,01.06,56.5,0.88,0.44,50.0,0.31,35.0,28.1,123.6,55.4,0.75,0.80,0.13,1.50,0.66,33.1,1.11,Matchs
Clt,Joueur,Nation,Pos,Équipe,Comp,Âge,Naissance,90,Touches,SurfRépDéf,ZDéf,MilTer,ZOff,SurfRépOff,Action de jeu,Att,Succ,Succ%,Tkld,Tkld%,Balle au pied,TotDist,DistBut,PrgC,1/3,CSR,Manqué,Perte,Rec,PrgR,Matchs
1826,César Montes,mx MEX,DF,Espanyol,es La Liga,25,1997,17.7,55.9,8.70,28.9,23.8,3.73,1.64,55.9,0.28,0.11,40.0,0.17,60.0,28.2,133.6,84.0,0.73,0.28,0.00,0.28,0.17,31.1,0.23,Matchs
1827,Daniele Montevago,it ITA,AT,Sampdoria,it Serie A,19,2003,2.6,30.4,0.77,1.54,11.9,16.9,6.92,30.4,1.54,0.00,0.0,1.54,100.0,16.2,54.2,16.9,0.38,0.38,0.38,3.46,1.54,23.5,3.85,Matchs
1828,Gonzalo Montiel,ar ARG,DF,Sevilla,es La Liga,25,1997,16.9,60.5,3.20,17.2,25.6,18.3,1.95,60.5,1.36,0.59,43.5,0.71,52.2,31.5,163.8,93.7,02.01,1.66,0.30,1.36,0.53,34.1,5.15,Matchs
1829,Lorenzo Montipò,it ITA,GB,Hellas Verona,it Serie A,26,1996,37.0,35.4,28.4,35.1,0.38,0.00,0.00,35.4,0.00,0.00,,0.00,,16.8,110.1,58.6,0.00,0.03,0.00,0.16,0.00,12.5,0.00,Matchs
1830,Martín Montoya,es ESP,DF,Betis,es La Liga,31,1991,5.0,60.4,4.40,19.0,32.2,9.60,1.00,60.4,1.00,0.40,40.0,0.60,60.0,30.2,118.8,61.8,1.20,0.40,0.00,1.40,0.80,33.4,2.40,Matchs
1831,Kieffer Moore,wls WAL,AT,Bournemouth,eng Premier League,29,1992,14.2,36.8,2.54,4.15,20.1,12.5,3.45,36.8,0.92,0.14,15.4,0.49,53.8,17.7,66.2,21.3,0.70,0.56,0.14,2.96,2.18,27.9,3.94,Matchs
1832,Andrew Moran,ie IRL,AT,Brighton,eng Premier League,18,2003,0.1,60.0,0.00,0.00,50.0,10.0,0.00,60.0,0.00,0.00,,0.00,,30.0,20.0,10.0,0.00,0.00,0.00,20.0,0.00,30.0,10.0,Matchs
1833,Álvaro Morata,es ESP,AT,Atlético Madrid,es La Liga,29,1992,21.1,31.0,1.37,3.22,14.1,14.2,4.98,31.0,1.94,0.95,48.8,0.76,39.0,18.3,101.5,44.0,1.56,0.90,0.76,2.61,1.14,25.0,4.83,Matchs
1834,Jon Morcillo,es ESP,"AT,MT",Athletic Club,es La Liga,23,1998,0.8,63.8,0.00,11.3,16.3,37.5,3.75,63.8,6.25,3.75,60.0,0.00,0.0,46.3,415.0,247.5,7.50,7.50,1.25,0.00,2.50,47.5,18.8,Matchs
1835,Alberto Moreno,es ESP,DF,Villarreal,es La Liga,30,1992,14.4,60.6,1.88,17.2,20.7,23.0,1.94,60.6,1.11,0.42,37.5,0.56,50.0,34.0,178.4,92.6,2.85,2.22,0.49,1.18,0.42,38.1,6.74,Matchs
1836,Álex Moreno,es ESP,DF,Aston Villa,eng Premier League,29,1993,14.8,64.1,04.05,22.1,22.8,19.8,2.91,64.1,3.85,1.55,40.4,1.82,47.4,34.5,220.3,110.9,4.39,1.96,01.08,2.57,01.01,38.5,8.24,Matchs
1837,Álex Moreno,es ESP,DF,Betis,es La Liga,29,1993,15.0,58.9,3.93,19.4,24.3,15.8,2.40,58.9,2.67,0.93,35.0,1.40,52.5,26.7,175.2,99.7,3.27,2.40,0.80,1.87,0.40,31.0,05.07,Matchs
1838,Diego Moreno,es ESP,DF,Osasuna,es La Liga,21,2001,7.1,54.8,4.93,18.9,24.8,11.4,0.99,54.8,1.55,0.42,27.3,1.13,72.7,24.9,122.1,55.4,1.27,0.70,0.28,1.13,0.42,25.9,2.68,Matchs
1839,Gerard Moreno,es ESP,AT,Villarreal,es La Liga,30,1992,13.7,46.3,1.17,4.16,20.6,22.6,4.89,46.1,04.09,2.12,51.8,1.46,35.7,29.3,145.0,60.4,1.53,1.46,0.80,2.34,1.39,37.1,7.88,Matchs
1840,Marlos Moreno,co COL,"MT,DF",Troyes,fr Ligue 1,25,1996,0.1,80.0,0.00,40.0,30.0,10.0,0.00,80.0,10.0,0.00,0.0,0.00,0.0,50.0,300.0,0.00,0.00,0.00,0.00,0.00,20.0,50.0,0.00,Matchs
1841,Tete Morente,es ESP,"MT,DF",Elche,es La Liga,25,1996,23.0,46.4,1.74,8.26,16.5,22.1,2.61,46.4,3.22,1.39,43.2,1.74,54.1,27.8,163.1,77.1,2.61,1.70,0.65,1.74,0.91,30.6,8.39,Matchs
1842,Ilaix Moriba,gn GUI,MT,Valencia,es La Liga,19,2003,11.2,58.4,1.61,11.0,30.3,17.6,1.34,58.4,2.68,01.07,40.0,0.89,33.3,34.2,169.2,78.8,1.43,1.16,0.18,1.88,1.16,39.7,2.68,Matchs
1843,Manu Morlanes,es ESP,MT,Villarreal,es La Liga,23,1999,1.8,33.3,2.78,8.33,18.9,6.11,0.00,33.3,0.00,0.00,,0.00,,17.2,70.6,27.2,0.56,0.56,0.00,0.00,0.56,20.0,0.56,Matchs
1844,Manu Morlanes,es ESP,MT,Mallorca,es La Liga,23,1999,7.8,38.8,1.92,10.8,20.9,7.69,0.51,38.8,1.79,1.15,64.3,0.38,21.4,20.5,117.1,51.9,1.28,01.03,0.13,0.77,0.38,21.5,0.77,Matchs
1845,Nikola Moro,hr CRO,MT,Bologna,it Serie A,24,1998,13.6,68.5,2.13,15.4,40.4,13.3,1.32,68.5,1.91,1.32,69.2,0.51,26.9,40.7,193.2,86.8,1.76,1.62,0.07,0.96,0.66,48.1,2.57,Matchs
1846,Loren Morón,es ESP,AT,Betis,es La Liga,28,1993,0.2,55.0,5.00,10.0,25.0,20.0,0.00,55.0,0.00,0.00,,0.00,,20.0,40.0,0.00,0.00,0.00,0.00,10.0,0.00,30.0,0.00,Matchs
1847,Cristhian Mosquera,co COL,DF,Valencia,es La Liga,18,2004,1.6,50.6,6.88,28.8,16.3,5.63,1.25,50.6,0.00,0.00,,0.00,,23.8,112.5,38.1,0.00,0.63,0.00,1.25,0.00,23.8,0.63,Matchs
1848,Dany Mota,pt POR,"AT,MT",Monza,it Serie A,24,1998,21.2,39.4,1.18,3.58,19.1,17.2,4.43,39.4,3.44,1.65,47.9,1.18,34.2,24.5,167.1,66.5,3.11,1.65,1.46,3.58,1.70,30.1,7.83,Matchs
1849,Lebo Mothiba,za RSA,"AT,MT",Strasbourg,fr Ligue 1,26,1996,4.8,32.7,01.04,2.29,15.8,14.8,2.50,32.7,1.88,0.63,33.3,0.83,44.4,22.9,128.8,41.3,1.46,0.83,0.42,3.13,1.46,24.2,6.25,Matchs
1850,Youssoufa Moukoko,de GER,AT,Dortmund,de Bundesliga,17,2004,12.7,27.2,0.08,1.89,10.8,15.0,4.88,27.2,3.54,1.34,37.8,02.05,57.8,16.5,87.5,33.1,0.71,0.55,0.47,2.36,1.57,16.9,4.80,Matchs
Clt,Joueur,Nation,Pos,Équipe,Comp,Âge,Naissance,90,Touches,SurfRépDéf,ZDéf,MilTer,ZOff,SurfRépOff,Action de jeu,Att,Succ,Succ%,Tkld,Tkld%,Balle au pied,TotDist,DistBut,PrgC,1/3,CSR,Manqué,Perte,Rec,PrgR,Matchs
1851,Steve Mounié,bj BEN,AT,Brest,fr Ligue 1,27,1994,18.4,36.7,1.58,3.64,17.7,15.8,5.16,36.6,1.14,0.54,47.6,0.49,42.9,22.5,120.9,38.9,1.25,0.49,0.49,2.93,1.52,28.9,4.84,Matchs
1852,Mason Mount,eng ENG,"MT,AT",Chelsea,eng Premier League,23,1999,18.3,53.0,0.93,06.01,22.7,24.9,03.06,53.0,1.69,0.82,48.4,0.71,41.9,29.0,150.0,78.1,2.62,1.86,0.60,1.97,1.58,37.0,6.23,Matchs
1853,Lucas Moura,br BRA,"MT,DF",Tottenham,eng Premier League,29,1992,1.7,69.4,0.00,8.82,27.6,34.1,07.06,69.4,6.47,2.94,45.5,3.53,54.5,38.2,227.6,99.4,2.35,4.71,1.18,3.53,2.94,48.8,8.82,Matchs
1854,Bevic Moussiti-Oko,cg CGO,AT,Ajaccio,fr Ligue 1,27,1995,7.8,33.5,1.41,2.95,15.3,15.6,4.74,33.5,3.33,1.67,50.0,1.67,50.0,20.4,127.7,40.5,1.28,01.03,0.77,3.21,1.41,24.4,5.77,Matchs
1855,João Moutinho,pt POR,MT,Wolves,eng Premier League,35,1986,19.8,61.5,2.12,12.3,33.2,16.4,0.76,61.5,0.76,0.40,53.3,0.35,46.7,31.1,129.0,68.2,1.16,1.16,0.00,0.71,0.35,38.8,1.62,Matchs
1856,João Moutinho,pt POR,"DF,AT",Spezia,it Serie A,24,1998,0.6,85.0,5.00,18.3,33.3,33.3,0.00,85.0,0.00,0.00,,0.00,,30.0,91.7,33.3,0.00,1.67,0.00,0.00,0.00,40.0,3.33,Matchs
1857,Samuel Moutoussamy,cd COD,MT,Nantes,fr Ligue 1,25,1996,26.7,54.6,1.61,10.3,35.6,9.51,1.24,54.6,01.09,0.60,55.2,0.41,37.9,40.4,211.6,102.4,1.54,01.09,0.15,0.90,0.71,36.2,1.69,Matchs
1858,Divin Mubama,eng ENG,AT,West Ham,eng Premier League,17,2004,0.4,27.5,2.50,5.00,15.0,7.50,0.00,27.5,5.00,2.50,50.0,2.50,50.0,17.5,122.5,7.50,0.00,0.00,0.00,0.00,5.00,20.0,2.50,Matchs
1859,Mykhailo Mudryk,ua UKR,"AT,MT",Chelsea,eng Premier League,21,2001,7.3,44.2,0.96,5.48,15.3,24.0,3.84,44.2,5.34,1.78,33.3,2.74,51.3,26.6,197.0,94.4,3.42,2.74,0.96,3.97,1.51,28.4,5.89,Matchs
1860,François Mughe,cm CMR,MT,Marseille,fr Ligue 1,18,2004,0.1,10.0,0.00,0.00,0.00,10.0,10.0,10.0,0.00,0.00,,0.00,,0.00,0.00,0.00,0.00,0.00,0.00,0.00,0.00,0.00,0.00,Matchs
1861,Nordi Mukiele,fr FRA,DF,Paris S-G,fr Ligue 1,24,1997,12.6,63.6,3.97,18.7,30.7,15.0,2.30,63.6,1.90,0.48,25.0,0.95,50.0,46.7,243.4,108.2,1.51,0.79,0.24,0.95,0.95,43.5,4.52,Matchs
1862,Mert Müldür,tr TUR,"AT,DF",Sassuolo,it Serie A,23,1999,0.1,30.0,0.00,20.0,10.0,0.00,0.00,30.0,0.00,0.00,,0.00,,30.0,60.0,40.0,0.00,0.00,0.00,0.00,0.00,30.0,0.00,Matchs
1863,Florian Müller,de GER,GB,Stuttgart,de Bundesliga,24,1997,19.0,40.8,33.1,40.1,0.84,0.00,0.00,40.8,0.00,0.00,,0.00,,23.5,117.7,67.3,0.00,0.00,0.00,0.00,0.00,22.1,0.00,Matchs
1864,Thomas Müller,de GER,"AT,MT",Bayern Munich,de Bundesliga,32,1989,18.5,55.1,0.97,05.03,22.1,28.2,6.16,55.1,0.97,0.49,50.0,0.49,50.0,31.0,108.8,54.6,1.78,1.30,0.59,2.65,01.08,42.8,9.84,Matchs
1865,Abdul Mumin,gh GHA,DF,Rayo Vallecano,es La Liga,24,1998,10.2,48.3,5.78,24.3,22.6,1.86,0.78,48.3,0.88,0.49,55.6,0.39,44.4,26.3,130.2,63.3,0.49,0.59,0.00,0.39,0.49,26.5,0.10,Matchs
1866,Marshall Munetsi,zw ZIM,MT,Reims,fr Ligue 1,26,1996,30.0,41.4,2.43,8.53,21.4,12.1,3.13,41.4,1.47,0.67,45.5,0.60,40.9,27.3,138.8,59.7,1.10,0.57,0.30,1.77,0.53,24.4,2.90,Matchs
1867,Iker Muniain,es ESP,"MT,AT",Athletic Club,es La Liga,29,1992,18.8,66.8,0.27,4.57,32.6,30.6,2.13,66.8,3.51,02.07,59.1,0.80,22.7,43.8,215.4,99.3,2.66,2.93,0.48,1.60,1.60,51.1,5.48,Matchs
1868,Aihen Muñoz,es ESP,DF,Real Sociedad,es La Liga,24,1997,19.5,62.9,2.00,17.4,27.2,18.8,0.46,62.9,02.05,0.97,47.5,0.92,45.0,32.0,155.8,71.5,1.90,1.64,0.10,1.28,0.92,36.1,4.46,Matchs
1869,Álvaro Muñoz,uy URU,AT,Real Madrid,es La Liga,18,2004,0.9,25.6,1.11,2.22,10.0,13.3,4.44,25.6,0.00,0.00,,0.00,,18.9,52.2,6.67,0.00,0.00,0.00,5.56,3.33,18.9,3.33,Matchs
1870,Iker Muñoz,es ESP,MT,Osasuna,es La Liga,19,2002,2.8,47.9,3.21,15.4,27.9,4.64,0.00,47.9,0.71,0.36,50.0,0.00,0.0,22.5,118.2,59.3,0.00,0.71,0.00,0.36,0.71,29.6,1.43,Matchs
1871,Pablo Muñoz,es ESP,MT,Rayo Vallecano,es La Liga,18,2003,0.1,60.0,0.00,10.0,20.0,30.0,0.00,60.0,10.0,0.00,0.0,10.0,100.0,60.0,170.0,0.00,0.00,0.00,0.00,20.0,10.0,60.0,10.0,Matchs
1872,Luis Muriel,co COL,"AT,MT",Atalanta,it Serie A,31,1991,11.9,59.8,0.25,3.11,21.1,36.0,5.88,59.7,5.88,2.86,48.6,2.77,47.1,35.0,234.6,114.9,4.45,3.19,1.85,4.12,2.27,45.8,10.4,Matchs
1873,Jeison Murillo,co COL,DF,Sampdoria,it Serie A,30,1992,11.7,57.4,6.92,27.6,27.8,2.39,0.34,57.4,0.34,0.17,50.0,0.09,25.0,28.7,129.0,77.2,0.68,0.34,0.00,0.60,0.09,32.9,0.26,Matchs
1874,Vedat Muriqi,xk KVX,AT,Mallorca,es La Liga,28,1994,32.6,36.6,2.76,4.91,18.2,13.8,3.44,36.5,0.95,0.37,38.7,0.46,48.4,18.4,78.5,26.5,0.86,0.86,0.31,2.45,1.41,27.5,4.66,Matchs
1875,Jacob Murphy,eng ENG,AT,Newcastle Utd,eng Premier League,27,1995,13.9,42.4,0.79,4.17,15.4,23.7,5.40,42.4,03.09,01.01,32.6,1.51,48.8,26.2,178.3,107.7,4.75,2.30,02.09,1.22,1.65,30.3,10.1,Matchs
Clt,Joueur,Nation,Pos,Équipe,Comp,Âge,Naissance,90,Touches,SurfRépDéf,ZDéf,MilTer,ZOff,SurfRépOff,Action de jeu,Att,Succ,Succ%,Tkld,Tkld%,Balle au pied,TotDist,DistBut,PrgC,1/3,CSR,Manqué,Perte,Rec,PrgR,Matchs
1876,Nicola Murru,it ITA,DF,Sampdoria,it Serie A,27,1994,8.7,48.0,5.52,20.5,21.3,6.67,0.23,48.0,0.11,0.00,0.0,0.11,100.0,24.1,91.0,43.8,0.80,0.69,0.00,0.80,0.11,26.8,1.49,Matchs
1877,Yunus Musah,us USA,MT,Valencia,es La Liga,19,2002,23.4,44.0,1.15,6.58,20.8,17.3,2.18,44.0,2.99,1.15,38.6,1.50,50.0,27.6,205.6,103.3,03.08,2.65,0.47,2.22,0.94,31.2,4.32,Matchs
1878,Jamal Musiala,de GER,"MT,AT",Bayern Munich,de Bundesliga,19,2003,24.4,57.4,0.78,5.82,27.3,25.2,5.90,57.4,6.23,3.16,50.7,2.58,41.4,41.7,247.0,114.8,3.65,2.50,1.35,3.24,2.87,44.6,08.03,Matchs
1879,Juan Musso,ar ARG,GB,Atalanta,it Serie A,28,1994,23.1,32.3,28.3,32.1,0.13,0.00,0.00,32.3,0.00,0.00,,0.00,,18.9,125.2,70.1,0.00,0.04,0.04,0.09,0.00,13.7,0.00,Matchs
1880,Marlon Mustapha,at AUT,"AT,MT",Mainz 05,de Bundesliga,21,2001,0.8,56.3,0.00,2.50,27.5,27.5,6.25,56.3,3.75,2.50,66.7,1.25,33.3,30.0,271.3,166.3,6.25,5.00,2.50,8.75,2.50,37.5,11.3,Matchs
1881,Yvon Mvogo,ch SUI,GB,Lorient,fr Ligue 1,28,1994,20.1,32.9,29.9,32.8,0.10,0.00,0.00,32.9,0.05,0.05,100.0,0.00,0.0,22.4,123.9,83.1,0.00,0.00,0.00,0.05,0.00,13.6,0.00,Matchs
1882,Enock Mwepu,zm ZAM,"AT,MT",Brighton,eng Premier League,24,1998,2.4,48.3,0.42,5.00,22.5,22.1,2.92,48.3,02.08,0.42,20.0,1.67,80.0,24.2,132.5,58.8,02.08,0.83,0.42,4.17,02.08,33.3,07.08,Matchs
1883,Francisco Mwepu,zm ZAM,AT,Cádiz,es La Liga,22,2000,0.2,25.0,0.00,0.00,25.0,0.00,0.00,25.0,0.00,0.00,,0.00,,20.0,125.0,25.0,0.00,0.00,0.00,0.00,0.00,20.0,10.0,Matchs
1884,Vitaliy Mykolenko,ua UKR,DF,Everton,eng Premier League,23,1999,29.5,55.1,4.20,19.5,23.5,12.5,0.88,55.1,0.85,0.37,44.0,0.47,56.0,23.8,105.2,50.5,01.05,1.12,0.24,01.08,0.27,27.1,2.44,Matchs
1885,Joakim Mæhle,dk DEN,"DF,MT",Atalanta,it Serie A,25,1997,24.5,69.7,1.76,14.2,28.4,27.9,2.37,69.7,2.16,0.73,34.0,1.31,60.4,38.0,201.3,114.3,3.31,2.61,0.45,1.59,0.98,45.3,7.59,Matchs
1886,Obite N'Dicka,ci CIV,DF,Eint Frankfurt,de Bundesliga,22,1999,29.9,72.2,7.83,36.1,33.5,03.01,0.84,72.2,0.33,0.20,60.0,0.10,30.0,42.3,194.7,104.2,0.54,0.47,0.07,0.60,0.17,46.6,0.17,Matchs
1887,Nathan N'Goumou,fr FRA,AT,Toulouse,fr Ligue 1,22,2000,1.0,40.0,0.00,6.00,14.0,20.0,0.00,40.0,3.00,1.00,33.3,2.00,66.7,27.0,167.0,27.0,1.00,2.00,0.00,0.00,2.00,25.0,7.00,Matchs
1888,Nathan N'Goumou,fr FRA,AT,M'Gladbach,de Bundesliga,22,2000,7.7,40.0,01.04,7.66,12.3,20.5,3.51,40.0,3.51,0.91,25.9,1.82,51.9,21.8,151.6,71.6,2.99,1.56,1.56,2.34,0.52,26.2,8.18,Matchs
1889,Stanley N'Soki,fr FRA,DF,Hoffenheim,de Bundesliga,23,1999,14.3,65.1,4.55,29.0,33.6,03.01,0.49,65.1,1.47,0.84,57.1,0.49,33.3,41.8,189.4,100.9,1.19,0.42,0.00,0.98,0.28,42.0,0.70,Matchs
1890,Herculano Nabian,pt POR,MT,Empoli,it Serie A,18,2004,0.0,1,0,0,1,0,0,1,1,0,0.0,1,100.0,1,13,13,0,0,0,0,0,1,0,Matchs
1891,Nacho,es ESP,DF,Real Madrid,es La Liga,32,1990,18.2,72.9,5.22,27.6,34.6,11.3,01.04,72.9,0.93,0.60,64.7,0.22,23.5,41.9,177.1,104.3,0.99,0.55,0.22,0.82,0.49,51.5,1.87,Matchs
1892,Nikolas Nartey,dk DEN,"DF,MT",Stuttgart,de Bundesliga,22,2000,5.3,64.2,1.89,19.4,32.5,13.2,0.75,64.2,1.51,0.75,50.0,0.57,37.5,30.8,135.5,67.2,1.32,0.94,0.19,0.75,1.70,38.7,3.77,Matchs
1893,Juanjo Narváez,co COL,"MT,AT",Valladolid,es La Liga,27,1995,1.6,31.9,0.63,5.63,10.6,15.6,3.75,31.9,1.88,0.63,33.3,0.63,33.3,18.1,68.8,16.9,0.00,1.25,0.00,1.25,3.13,23.8,5.63,Matchs
1894,Matija Nastasić,rs SRB,DF,Mallorca,es La Liga,29,1993,10.1,38.8,5.84,21.7,16.0,1.29,0.59,38.8,0.00,0.00,,0.00,,20.0,82.5,42.8,0.40,0.20,0.00,0.20,0.00,21.9,0.10,Matchs
1895,Roberto Navarro,es ESP,"MT,AT",Real Sociedad,es La Liga,20,2002,3.9,54.4,0.51,6.41,19.5,30.3,5.13,54.4,4.62,1.79,38.9,2.31,50.0,32.8,227.2,99.7,4.36,3.85,2.31,5.38,4.10,33.6,7.18,Matchs
1896,Jesús Navas,es ESP,"DF,AT",Sevilla,es La Liga,36,1985,22.0,68.5,2.68,16.3,24.4,28.2,1.32,68.5,1.00,0.50,50.0,0.27,27.3,39.4,205.2,95.5,02.09,1.50,0.41,0.77,0.45,44.4,9.41,Matchs
1897,Keylor Navas,cr CRC,GB,Nott'ham Forest,eng Premier League,35,1986,17.0,34.0,30.3,33.9,0.12,0.00,0.00,34.0,0.06,0.06,100.0,0.00,0.0,15.7,101.1,69.1,0.00,0.00,0.00,0.06,0.00,10.3,0.00,Matchs
1898,Michel Ndary Adopo,fr FRA,"MT,DF",Torino,it Serie A,22,2000,2.9,59.3,2.41,12.4,38.6,8.62,0.69,59.3,02.07,01.03,50.0,01.03,50.0,29.0,130.0,66.6,0.69,0.34,0.00,1.38,01.03,35.5,1.38,Matchs
1899,Youssouf Ndayishimiye,bi BDI,"MT,DF",Nice,fr Ligue 1,23,1998,6.3,70.8,4.92,25.2,39.7,6.83,1.11,70.8,0.79,0.48,60.0,0.16,20.0,55.7,280.6,148.7,1.11,1.59,0.16,1.43,0.48,50.8,0.79,Matchs
1900,Papa Ndiaga Yade,sn SEN,"DF,MT",Troyes,fr Ligue 1,22,2000,6.3,66.8,2.54,14.4,29.7,23.2,1.75,66.8,2.70,0.95,35.3,1.43,52.9,46.3,299.2,163.8,4.60,3.17,0.48,1.43,0.79,43.3,7.14,Matchs
Clt,Joueur,Nation,Pos,Équipe,Comp,Âge,Naissance,90,Touches,SurfRépDéf,ZDéf,MilTer,ZOff,SurfRépOff,Action de jeu,Att,Succ,Succ%,Tkld,Tkld%,Balle au pied,TotDist,DistBut,PrgC,1/3,CSR,Manqué,Perte,Rec,PrgR,Matchs
1901,Wilfred Ndidi,ng NGA,MT,Leicester City,eng Premier League,25,1996,18.7,60.4,4.44,21.7,34.9,4.92,0.27,60.4,0.80,0.53,66.7,0.21,26.7,30.2,131.8,57.5,0.59,0.75,0.00,0.75,0.53,35.2,0.37,Matchs
1902,Tanguy Ndombele,fr FRA,MT,Napoli,it Serie A,25,1996,9.0,76.1,1.33,8.67,47.1,21.0,3.11,76.1,4.11,2.11,51.4,1.33,32.4,51.2,225.3,108.6,3.00,2.11,0.44,2.89,2.00,64.2,3.67,Matchs
1903,Álvaro Negredo,es ESP,AT,Cádiz,es La Liga,36,1985,8.4,29.3,1.19,2.74,16.1,10.8,3.45,29.3,1.19,0.60,50.0,0.48,40.0,13.7,52.7,18.6,0.48,0.60,0.00,2.14,0.83,20.7,2.62,Matchs
1904,Reiss Nelson,eng ENG,AT,Arsenal,eng Premier League,22,1999,2.4,65.4,02.08,10.4,14.6,41.3,9.58,65.4,3.75,2.92,77.8,0.83,22.2,41.3,295.8,182.9,7.92,02.08,3.33,1.25,3.75,46.7,14.2,Matchs
1905,Ilija Nestorovski,mk MKD,"AT,MT",Udinese,it Serie A,32,1990,7.1,32.1,1.41,2.54,17.6,12.1,04.08,32.1,0.70,0.42,60.0,0.14,20.0,16.6,53.4,18.0,0.14,0.14,0.14,1.97,0.42,23.8,04.08,Matchs
1906,Neto,br BRA,GB,Bournemouth,eng Premier League,33,1989,26.5,33.8,29.0,33.6,0.23,0.00,0.00,33.8,0.04,0.04,100.0,0.00,0.0,16.8,106.2,76.6,0.00,0.00,0.00,0.04,0.00,10.2,0.00,Matchs
1907,Pedro Neto,pt POR,"AT,MT",Wolves,eng Premier League,22,2000,10.7,48.3,0.56,5.70,15.5,27.9,4.30,48.3,05.05,1.68,33.3,2.80,55.6,30.4,221.8,110.4,3.46,2.24,1.68,2.71,1.21,33.9,10.4,Matchs
1908,Luca Netz,de GER,DF,M'Gladbach,de Bundesliga,19,2003,7.8,57.2,3.72,19.9,23.6,14.5,1.41,57.2,1.67,1.28,76.9,0.38,23.1,25.5,114.2,59.4,1.54,1.28,0.38,1.67,0.77,31.3,4.10,Matchs
1909,Manuel Neuer,de GER,GB,Bayern Munich,de Bundesliga,36,1986,12.0,44.0,36.3,43.3,0.67,0.17,0.17,44.0,0.00,0.00,,0.00,,28.2,127.8,75.8,0.00,0.00,0.00,0.08,0.00,26.5,0.00,Matchs
1910,Florian Neuhaus,de GER,MT,M'Gladbach,de Bundesliga,25,1997,15.6,51.5,1.41,8.53,28.7,14.9,2.63,51.5,2.18,0.77,35.3,0.96,44.1,31.3,140.0,79.4,1.67,1.67,0.26,1.41,0.90,38.3,3.59,Matchs
1911,Rúben Neves,pt POR,MT,Wolves,eng Premier League,25,1997,33.5,74.2,5.28,24.2,39.0,11.8,0.75,74.1,0.93,0.57,61.3,0.27,29.0,39.3,179.3,89.0,0.84,0.87,0.03,0.66,0.39,48.4,0.54,Matchs
1912,Neymar,br BRA,"MT,AT",Paris S-G,fr Ligue 1,30,1992,17.2,85.5,0.17,7.21,45.0,34.4,4.24,85.3,5.58,2.21,39.6,2.67,47.9,74.9,439.8,197.2,04.01,4.48,0.70,2.91,2.15,73.3,7.38,Matchs
1913,Jessic Ngankam,de GER,"AT,MT",Hertha BSC,de Bundesliga,22,2000,9.2,25.3,0.54,3.37,11.1,11.6,3.70,25.2,03.04,01.09,35.7,1.74,57.1,15.1,84.9,29.9,0.98,0.76,0.65,2.83,1.96,16.5,4.57,Matchs
1914,Cyril Ngonge,be BEL,"MT,AT",Hellas Verona,it Serie A,22,2000,8.3,36.1,0.60,3.37,16.3,17.2,2.41,36.1,4.22,1.45,34.3,2.41,57.1,21.8,119.6,57.0,2.17,1.33,01.08,2.77,1.45,24.3,4.82,Matchs
1915,Moussa Niakhate,sn SEN,DF,Nott'ham Forest,eng Premier League,26,1996,12.9,40.9,7.44,23.3,12.3,5.35,0.54,40.9,0.31,0.00,0.0,0.31,100.0,14.3,71.6,33.7,0.16,0.00,0.00,0.39,0.08,14.7,0.23,Matchs
1916,Ibrahima Niane,sn SEN,AT,Angers,fr Ligue 1,23,1999,12.6,29.1,1.11,2.30,15.1,12.0,3.17,29.1,2.30,0.63,27.6,1.43,62.1,20.6,109.2,34.5,0.87,0.87,0.32,2.86,1.67,21.3,4.52,Matchs
1917,M'Baye Niang,sn SEN,AT,Auxerre,fr Ligue 1,27,1994,16.5,32.7,1.76,2.91,16.9,13.2,4.12,32.5,2.48,0.55,22.0,1.64,65.9,20.8,118.2,36.7,01.03,01.09,0.73,4.36,1.27,24.0,5.27,Matchs
1918,Tanguy Nianzou,fr FRA,DF,Sevilla,es La Liga,20,2002,15.2,58.8,4.80,24.2,32.8,2.30,0.72,58.8,0.79,0.66,83.3,0.13,16.7,36.0,159.7,91.0,0.26,0.39,0.00,0.26,0.20,41.3,0.00,Matchs
1919,Rasmus Nicolaisen,dk DEN,DF,Toulouse,fr Ligue 1,25,1997,33.3,64.0,9.85,33.7,28.8,1.65,0.99,64.0,0.45,0.27,60.0,0.09,20.0,45.0,252.8,143.8,0.63,0.27,0.06,0.21,0.18,40.6,0.12,Matchs
1920,Hans Nicolussi Caviglia,it ITA,MT,Salernitana,it Serie A,22,2000,6.5,48.2,2.31,12.8,28.3,7.23,0.62,48.2,1.23,0.62,50.0,0.31,25.0,21.4,107.2,35.1,0.62,0.46,0.00,1.69,0.92,25.7,0.31,Matchs
1921,Florian Niederlechner,de GER,"AT,MT",Augsburg,de Bundesliga,31,1990,10.1,32.9,1.29,3.96,14.2,15.0,3.86,32.9,1.98,0.50,25.0,1.19,60.0,14.1,48.2,17.3,0.10,0.50,0.10,1.58,01.09,18.7,05.05,Matchs
1922,Florian Niederlechner,de GER,AT,Hertha BSC,de Bundesliga,31,1990,8.7,28.6,1.15,3.10,13.1,12.8,3.68,28.6,2.53,1.26,50.0,01.03,40.9,12.4,52.1,25.9,01.03,0.69,0.46,1.26,0.69,16.8,3.22,Matchs
1923,Saúl Ñíguez,es ESP,"MT,DF",Atlético Madrid,es La Liga,27,1994,12.2,57.0,3.44,14.9,27.5,14.8,2.54,57.0,1.15,0.98,85.7,0.16,14.3,24.7,117.9,50.9,0.98,0.82,0.33,1.80,0.49,36.6,3.85,Matchs
1924,Dimitris Nikolaou,gr GRE,DF,Spezia,it Serie A,23,1998,32.9,58.5,7.39,30.1,24.7,4.13,0.43,58.5,0.43,0.30,71.4,0.06,14.3,34.6,161.9,87.5,0.61,0.58,0.00,0.55,0.30,37.8,0.46,Matchs
1925,Fernando Niño,es ESP,"MT,AT",Villarreal,es La Liga,21,2000,0.2,45.0,0.00,0.00,15.0,30.0,5.00,45.0,5.00,0.00,0.0,5.00,100.0,40.0,140.0,5.00,0.00,0.00,0.00,10.0,0.00,45.0,20.0,Matchs
Clt,Joueur,Nation,Pos,Équipe,Comp,Âge,Naissance,90,Touches,SurfRépDéf,ZDéf,MilTer,ZOff,SurfRépOff,Action de jeu,Att,Succ,Succ%,Tkld,Tkld%,Balle au pied,TotDist,DistBut,PrgC,1/3,CSR,Manqué,Perte,Rec,PrgR,Matchs
1926,Rasmus Nissen,dk DEN,DF,Leeds United,eng Premier League,25,1997,21.8,58.5,4.13,21.6,24.3,12.9,01.06,58.5,0.69,0.32,46.7,0.32,46.7,25.1,79.1,38.2,0.69,0.46,0.18,0.28,0.23,29.0,3.21,Matchs
1927,Justin Njinmah,de GER,AT,Dortmund,de Bundesliga,21,2000,0.2,20.0,0.00,0.00,5.00,15.0,5.00,20.0,5.00,0.00,0.0,5.00,100.0,30.0,130.0,40.0,5.00,0.00,0.00,0.00,10.0,25.0,20.0,Matchs
1928,Eddie Nketiah,eng ENG,AT,Arsenal,eng Premier League,23,1999,12.1,33.6,0.83,2.89,13.0,18.3,7.19,33.6,2.81,1.24,44.1,01.07,38.2,21.4,139.0,49.8,2.64,1.32,1.82,2.48,1.65,25.2,6.78,Matchs
1929,Christopher Nkunku,fr FRA,"AT,MT",RB Leipzig,de Bundesliga,24,1997,21.1,40.5,0.81,2.70,16.9,21.2,06.07,40.3,3.65,1.80,49.4,1.28,35.1,27.9,138.8,58.1,02.04,01.09,01.09,2.13,1.80,31.8,8.34,Matchs
1930,Felix Nmecha,de GER,MT,Wolfsburg,de Bundesliga,21,2000,20.4,47.4,1.86,8.97,26.3,12.6,1.96,47.4,2.25,1.27,56.5,0.64,28.3,26.5,115.5,60.5,1.13,01.08,0.10,02.01,0.64,30.1,2.65,Matchs
1931,Lukas Nmecha,de GER,AT,Wolfsburg,de Bundesliga,23,1998,10.0,31.7,0.60,1.90,13.1,16.9,3.40,31.7,2.60,1.00,38.5,0.80,30.8,18.9,105.0,30.4,1.50,0.70,0.50,3.80,1.10,25.1,7.00,Matchs
1932,Arnaud Nordin,fr FRA,AT,Montpellier,fr Ligue 1,24,1998,26.7,35.7,0.52,4.61,14.6,17.4,04.08,35.7,3.67,1.42,38.8,1.12,30.6,27.8,207.7,104.2,04.08,2.36,1.39,2.32,1.57,25.8,6.78,Matchs
1933,Riad Nouri,fr FRA,"MT,AT",Ajaccio,fr Ligue 1,37,1985,18.8,41.5,0.90,5.59,20.2,16.2,1.38,41.5,02.02,0.69,34.2,1.17,57.9,30.5,179.7,65.1,1.76,1.54,0.32,1.60,0.96,27.9,7.66,Matchs
1934,Hugo Novoa,es ESP,"DF,AT",RB Leipzig,de Bundesliga,19,2003,2.0,67.5,0.50,10.5,29.0,29.0,5.50,67.5,5.00,2.50,50.0,2.00,40.0,35.5,230.0,62.0,2.50,0.50,1.50,0.50,3.50,43.0,10.0,Matchs
1935,Samuel Ntanda,be BEL,MT,Sampdoria,it Serie A,17,2005,0.0,2,0,0,1,1,1,2,1,1,100.0,0,0.0,1,7,4,0,0,0,0,0,2,1,Matchs
1936,Randy Ntekja,fr FRA,"AT,MT",Elche,es La Liga,24,1997,8.1,35.8,2.22,5.31,17.3,13.6,3.95,35.8,2.96,1.48,50.0,1.36,45.8,21.6,103.3,42.7,1.60,0.74,0.74,2.59,2.10,23.5,5.31,Matchs
1937,Randy Ntekja,fr FRA,"AT,MT",Rayo Vallecano,es La Liga,24,1997,1.3,73.1,1.54,10.8,36.9,26.2,4.62,73.1,5.38,0.77,14.3,03.08,57.1,47.7,243.8,121.5,2.31,0.00,1.54,1.54,3.85,50.8,5.38,Matchs
1938,Alexander Nübel,de GER,GB,Monaco,fr Ligue 1,25,1996,38.0,32.0,27.2,31.8,0.21,0.00,0.00,32.0,0.00,0.00,,0.00,,22.3,108.2,66.0,0.00,0.00,0.00,0.03,0.00,12.7,0.00,Matchs
1939,Matheus Nunes,pt POR,MT,Wolves,eng Premier League,23,1998,27.4,49.4,2.34,11.9,23.9,14.5,1.90,49.4,3.10,1.61,51.8,01.02,32.9,31.1,201.2,96.4,2.15,1.97,0.36,1.50,1.42,34.4,4.71,Matchs
1940,Darwin Núñez,uy URU,AT,Liverpool,eng Premier League,23,1999,18.8,33.7,0.64,2.71,9.52,21.9,8.19,33.7,2.34,0.96,40.9,01.01,43.2,20.6,148.7,74.9,3.24,1.76,1.65,2.18,1.44,26.1,9.63,Matchs
1941,Unai Núñez,es ESP,DF,Celta Vigo,es La Liga,25,1997,35.0,67.6,7.66,34.2,31.4,2.37,0.63,67.6,0.37,0.31,84.6,0.06,15.4,43.0,229.3,127.7,0.89,0.71,0.03,0.49,0.06,45.3,0.14,Matchs
1942,Bram Nuytinck,nl NED,DF,Udinese,it Serie A,32,1990,4.3,43.0,8.60,27.2,15.1,0.93,0.47,43.0,0.23,0.23,100.0,0.00,0.0,20.9,98.8,43.5,0.23,0.00,0.00,0.23,0.00,20.5,0.00,Matchs
1943,Bram Nuytinck,nl NED,DF,Sampdoria,it Serie A,32,1990,16.6,52.9,9.64,34.6,17.5,0.90,0.72,52.9,0.06,0.00,0.0,0.06,100.0,28.4,127.9,56.4,0.24,0.00,0.00,0.24,0.12,29.3,0.18,Matchs
1944,Ethan Nwaneri,eng ENG,AT,Arsenal,eng Premier League,15,2007,0.0,1,0,0,0,1,0,1,0,0,,0,,0,0,0,0,0,0,0,0,0,0,Matchs
1945,Gerzino Nyamsi,fr FRA,DF,Strasbourg,fr Ligue 1,25,1997,17.5,57.6,7.31,27.0,28.7,2.46,01.03,57.6,0.86,0.57,66.7,0.23,26.7,41.1,256.7,141.7,0.74,0.51,0.00,0.63,0.11,36.2,0.17,Matchs
1946,Ørjan Nyland,no NOR,GB,RB Leipzig,de Bundesliga,31,1990,2.0,51.5,39.5,51.5,0.00,0.00,0.00,51.5,0.00,0.00,,0.00,,39.0,211.0,98.0,0.00,0.00,0.00,0.00,0.00,30.0,0.00,Matchs
1947,M'Bala Nzola,ao ANG,AT,Spezia,it Serie A,25,1996,29.5,32.7,01.08,2.17,11.9,19.1,4.85,32.6,2.71,01.02,37.5,1.32,48.8,21.0,113.4,33.7,1.69,0.88,0.95,4.17,2.34,26.1,7.29,Matchs
1948,Christian Nørgaard,dk DEN,MT,Brentford,eng Premier League,28,1994,19.6,53.6,3.98,17.2,28.3,8.42,2.14,53.6,0.97,0.41,42.1,0.51,52.6,23.2,77.4,34.2,0.20,0.56,0.10,0.71,0.51,26.8,0.41,Matchs
1949,Lewis O'Brien,eng ENG,MT,Nott'ham Forest,eng Premier League,23,1998,6.5,45.7,2.92,11.1,24.8,10.9,0.46,45.7,2.62,01.08,41.2,0.46,17.6,24.2,145.7,79.7,2.00,1.38,0.31,1.85,01.08,25.5,0.46,Matchs
1950,Pedro Obiang,gq EQG,MT,Sassuolo,it Serie A,30,1992,9.7,54.3,3.51,14.2,34.9,5.46,0.21,54.3,0.82,0.31,37.5,0.41,50.0,27.0,105.4,34.5,0.00,0.72,0.00,0.62,0.21,33.5,0.62,Matchs
Clt,Joueur,Nation,Pos,Équipe,Comp,Âge,Naissance,90,Touches,SurfRépDéf,ZDéf,MilTer,ZOff,SurfRépOff,Action de jeu,Att,Succ,Succ%,Tkld,Tkld%,Balle au pied,TotDist,DistBut,PrgC,1/3,CSR,Manqué,Perte,Rec,PrgR,Matchs
1951,Jan Oblak,si SVN,GB,Atlético Madrid,es La Liga,29,1993,27.7,31.1,28.3,30.9,0.14,0.00,0.00,31.1,0.04,0.04,100.0,0.00,0.0,15.0,80.9,44.0,0.00,0.04,0.04,0.00,0.00,12.5,0.00,Matchs
1952,Brian Ocampo,uy URU,"MT,AT",Cádiz,es La Liga,23,1999,12.4,39.8,0.97,7.34,15.5,18.4,1.53,39.8,3.63,1.53,42.2,1.45,40.0,26.6,190.2,105.0,3.23,2.34,0.81,2.42,2.26,28.1,6.53,Matchs
1953,Lucas Ocampos,ar ARG,"AT,MT",Sevilla,es La Liga,28,1994,12.9,49.0,01.01,4.96,20.5,24.3,4.96,48.8,4.73,1.94,41.0,2.64,55.7,32.6,187.3,84.9,2.56,02.09,1.24,3.10,1.32,35.7,8.76,Matchs
1954,Guillermo Ochoa,mx MEX,GB,Salernitana,it Serie A,37,1985,20.0,41.2,34.6,41.0,0.25,0.00,0.00,41.2,0.00,0.00,,0.00,,19.8,105.8,71.3,0.00,0.00,0.00,0.05,0.00,16.3,0.00,Matchs
1955,Wilson Odobert,fr FRA,"MT,AT",Troyes,fr Ligue 1,17,2004,19.6,39.0,0.56,5.71,16.6,18.0,2.65,39.0,4.85,1.68,34.7,2.91,60.0,31.1,263.3,129.1,3.67,2.50,1.28,2.40,1.38,28.8,6.73,Matchs
1956,Álvaro Odriozola,es ESP,DF,Real Madrid,es La Liga,26,1995,0.4,80.0,0.00,17.5,37.5,25.0,5.00,80.0,5.00,0.00,0.0,0.00,0.0,50.0,355.0,185.0,10.0,0.00,0.00,0.00,0.00,62.5,12.5,Matchs
1957,Tim Oermann,de GER,DF,Bochum,de Bundesliga,18,2003,2.2,31.4,7.27,23.2,8.18,0.00,0.00,31.4,0.00,0.00,,0.00,,14.5,81.4,37.3,0.00,0.00,0.00,0.45,0.00,17.3,0.00,Matchs
1958,Odeluga Offiah,eng ENG,DF,Brighton,eng Premier League,19,2002,0.3,116.7,0.00,36.7,70.0,10.0,0.00,116.7,3.33,3.33,100.0,0.00,0.0,56.7,300.0,146.7,3.33,0.00,0.00,3.33,0.00,63.3,3.33,Matchs
1959,Angelo Ogbonna,it ITA,DF,West Ham,eng Premier League,34,1988,13.7,39.8,8.10,24.2,14.4,1.24,0.51,39.8,0.00,0.00,,0.00,,18.6,94.0,31.8,0.00,0.00,0.00,0.07,0.22,20.5,0.15,Matchs
1960,Florent Ogier,fr FRA,DF,Clermont Foot,fr Ligue 1,33,1989,18.9,58.1,7.88,31.0,25.2,02.06,0.48,58.1,0.42,0.21,50.0,0.16,37.5,39.6,195.2,94.0,0.21,0.26,0.00,0.37,0.05,36.1,0.16,Matchs
1961,Marios Oikonomou,gr GRE,DF,Sampdoria,it Serie A,29,1992,2.4,49.2,12.1,33.3,14.6,1.25,0.83,49.2,0.00,0.00,,0.00,,22.9,75.8,22.9,0.00,0.42,0.00,1.25,0.00,25.0,0.00,Matchs
1962,David Okereke,ng NGA,"AT,MT",Cremonese,it Serie A,24,1997,25.2,31.3,0.79,2.58,12.9,16.3,3.61,31.2,3.29,1.55,47.0,1.39,42.2,18.7,124.1,61.7,2.22,1.79,0.67,2.50,1.39,23.1,5.71,Matchs
1963,Caleb Okoli,it ITA,DF,Atalanta,it Serie A,21,2001,10.7,55.9,5.79,30.7,21.4,4.49,1.12,55.9,0.09,0.00,0.0,0.09,100.0,24.8,99.0,43.3,0.37,0.47,0.00,1.12,0.47,26.7,1.12,Matchs
1964,Olasagasti,es ESP,"MT,DF",Real Sociedad,es La Liga,21,2000,0.7,87.1,1.43,18.6,58.6,11.4,1.43,87.1,0.00,0.00,,0.00,,42.9,185.7,117.1,2.86,1.43,0.00,2.86,0.00,52.9,4.29,Matchs
1965,Lucas Olaza,uy URU,DF,Valladolid,es La Liga,28,1994,16.6,56.0,3.31,15.8,24.3,16.1,0.66,56.0,0.66,0.24,36.4,0.42,63.6,24.9,86.0,42.6,0.72,0.90,0.06,0.84,0.42,28.9,5.42,Matchs
1966,Finn Ole Becker,de GER,MT,Hoffenheim,de Bundesliga,22,2000,5.7,46.0,1.75,10.2,20.4,15.4,1.58,46.0,1.58,0.70,44.4,0.88,55.6,21.8,120.4,51.9,01.05,1.75,0.35,0.88,0.88,22.5,2.63,Matchs
1967,Mathias Olesen,lu LUX,MT,Köln,de Bundesliga,21,2001,5.3,36.4,0.94,8.49,21.3,7.17,0.57,36.4,0.75,0.38,50.0,0.19,25.0,18.9,96.8,40.0,0.38,0.94,0.00,0.75,1.70,21.5,02.08,Matchs
1968,Michael Olise,fr FRA,"AT,MT",Crystal Palace,eng Premier League,20,2001,30.5,60.3,0.82,7.97,23.2,29.9,2.82,60.3,4.62,1.77,38.3,1.93,41.8,34.4,218.5,110.4,3.64,2.43,1.25,2.79,1.54,39.8,7.97,Matchs
1969,Brian Oliván,es ESP,DF,Espanyol,es La Liga,28,1994,26.7,49.7,3.22,14.6,20.3,15.1,1.35,49.7,0.41,0.15,36.4,0.22,54.5,22.9,107.9,56.9,1.80,0.71,0.34,0.86,0.22,25.5,5.21,Matchs
1970,Lucas Oliveira Rosa,br BRA,DF,Valladolid,es La Liga,22,2000,10.3,55.5,2.43,16.3,21.2,18.5,0.97,55.5,02.04,0.87,42.9,0.97,47.6,25.5,158.0,73.9,2.33,1.65,0.68,1.26,0.68,26.2,5.92,Matchs
1971,Mathías Olivera,uy URU,DF,Napoli,it Serie A,24,1997,18.3,86.8,2.57,19.7,44.0,23.6,2.19,86.8,1.64,0.55,33.3,0.71,43.3,50.9,223.0,130.0,3.28,2.40,0.49,1.20,1.31,56.8,3.72,Matchs
1972,Dani Olmo,es ESP,"MT,AT",RB Leipzig,de Bundesliga,24,1998,14.2,56.5,0.42,5.00,27.1,25.4,3.73,56.5,5.21,2.68,51.4,1.69,32.4,35.8,184.5,95.6,2.39,2.54,01.06,3.17,2.11,42.2,06.06,Matchs
1973,Jan Olschowsky,de GER,GB,M'Gladbach,de Bundesliga,20,2001,4.0,44.3,37.8,44.3,0.00,0.00,0.00,44.3,0.00,0.00,,0.00,,20.8,132.0,75.0,0.00,0.00,0.00,0.00,0.00,19.8,0.00,Matchs
1974,Robin Olsen,se SWE,GB,Aston Villa,eng Premier League,32,1990,3.1,45.5,38.4,44.8,0.65,0.00,0.00,45.5,0.00,0.00,,0.00,,25.8,130.6,63.9,0.00,0.00,0.00,0.32,0.00,18.4,0.00,Matchs
1975,Warmed Omari,fr FRA,DF,Rennes,fr Ligue 1,22,2000,15.1,73.2,5.83,31.5,40.6,1.79,0.53,73.2,0.26,0.20,75.0,0.00,0.0,57.4,339.9,172.3,0.26,0.60,0.00,0.46,0.26,54.3,0.00,Matchs
Clt,Joueur,Nation,Pos,Équipe,Comp,Âge,Naissance,90,Touches,SurfRépDéf,ZDéf,MilTer,ZOff,SurfRépOff,Action de jeu,Att,Succ,Succ%,Tkld,Tkld%,Balle au pied,TotDist,DistBut,PrgC,1/3,CSR,Manqué,Perte,Rec,PrgR,Matchs
1976,Jonas Omlin,ch SUI,GB,Montpellier,fr Ligue 1,28,1994,13.0,34.6,28.1,34.5,0.15,0.00,0.00,34.6,0.08,0.00,0.0,0.08,100.0,22.9,130.2,78.8,0.00,0.00,0.00,0.00,0.00,13.2,0.00,Matchs
1977,Jonas Omlin,ch SUI,GB,M'Gladbach,de Bundesliga,28,1994,14.3,54.1,42.5,53.8,0.28,0.00,0.00,54.1,0.00,0.00,,0.00,,31.6,148.4,88.3,0.00,0.00,0.00,0.00,0.00,32.1,0.00,Matchs
1978,Ado Onaiwu,jp JPN,AT,Toulouse,fr Ligue 1,26,1995,12.0,36.5,0.58,3.50,16.8,16.5,2.92,36.5,1.25,0.50,40.0,0.67,53.3,27.8,150.8,51.6,0.92,0.92,0.50,2.00,2.17,29.6,7.17,Matchs
1979,Amadou Onana,be BEL,MT,Everton,eng Premier League,20,2001,27.6,47.5,2.10,10.4,27.0,10.7,1.88,47.5,1.88,0.65,34.6,0.83,44.2,24.8,129.1,52.0,0.98,01.09,0.14,1.78,0.62,31.6,1.78,Matchs
1980,André Onana,cm CMR,GB,Inter,it Serie A,26,1996,24.0,44.6,37.1,44.1,0.54,0.00,0.00,44.6,0.00,0.00,,0.00,,30.3,148.4,96.4,0.00,0.00,0.00,0.04,0.00,27.4,0.00,Matchs
1981,Jean Onana,cm CMR,"MT,DF",Lens,fr Ligue 1,22,2000,9.0,64.8,4.33,15.3,41.4,8.44,1.00,64.8,0.78,0.78,100.0,0.00,0.0,48.1,272.4,111.9,1.33,1.56,0.22,1.00,1.00,44.1,2.00,Matchs
1982,Karim Onisiwo,at AUT,"AT,MT",Mainz 05,de Bundesliga,30,1992,28.2,34.7,0.28,1.49,13.7,20.2,5.57,34.7,3.69,1.31,35.6,1.95,52.9,20.2,122.6,48.4,2.55,1.38,1.17,3.94,1.77,24.6,7.80,Matchs
1983,Josh Onomah,eng ENG,MT,Fulham,eng Premier League,25,1997,0.2,55.0,0.00,15.0,20.0,20.0,0.00,55.0,5.00,0.00,0.0,5.00,100.0,25.0,190.0,120.0,5.00,0.00,0.00,5.00,5.00,25.0,0.00,Matchs
1984,Paul Onuachu,ng NGA,AT,Southampton,eng Premier League,28,1994,4.5,34.0,1.11,3.78,14.7,16.2,5.56,34.0,3.11,2.00,64.3,0.89,28.6,16.0,60.9,17.3,0.22,0.22,0.00,4.89,2.00,25.6,4.89,Matchs
1985,Frank Onyeka,ng NGA,MT,Brentford,eng Premier League,24,1998,9.4,39.7,2.77,9.89,18.7,11.6,2.13,39.7,2.77,1.17,42.3,1.17,42.3,21.1,90.6,39.1,0.96,0.85,0.32,1.17,01.06,21.8,2.23,Matchs
1986,Loïs Openda,be BEL,AT,Lens,fr Ligue 1,22,2000,28.0,25.4,0.25,0.86,8.82,16.4,5.93,25.4,1.93,0.68,35.2,1.00,51.9,17.9,129.9,53.8,2.18,1.43,1.39,2.11,0.86,17.5,7.36,Matchs
1987,Willi Orban,hu HUN,DF,RB Leipzig,de Bundesliga,29,1992,32.8,91.5,10.1,44.9,43.9,03.02,1.68,91.5,0.52,0.24,47.1,0.18,35.3,62.0,295.7,145.6,0.49,0.64,0.03,0.40,0.24,66.1,0.27,Matchs
1988,Ivan Ordets,ua UKR,DF,Bochum,de Bundesliga,30,1992,27.2,49.1,6.76,26.3,19.1,3.79,2.43,49.1,0.11,0.07,66.7,0.04,33.3,19.5,63.9,23.8,0.11,0.15,0.04,0.33,0.15,22.1,0.51,Matchs
1989,Divock Origi,be BEL,AT,Milan,it Serie A,27,1995,11.4,29.5,1.23,2.98,11.5,16.1,4.30,29.5,2.89,1.32,45.5,0.79,27.3,17.6,122.0,61.8,2.11,1.58,1.14,3.42,2.19,21.3,6.93,Matchs
1990,Aimar Oroz,es ESP,"MT,AT",Osasuna,es La Liga,20,2001,22.4,46.9,0.31,5.00,22.6,20.0,2.46,46.9,2.77,1.38,50.0,0.98,35.5,29.1,139.2,60.7,1.56,1.52,0.36,1.88,2.28,34.3,6.43,Matchs
1991,Mislav Oršić,hr CRO,MT,Southampton,eng Premier League,29,1992,0.1,40.0,0.00,20.0,0.00,20.0,0.00,40.0,0.00,0.00,,0.00,,20.0,100.0,70.0,0.00,0.00,0.00,0.00,0.00,10.0,0.00,Matchs
1992,Riccardo Orsolini,it ITA,AT,Bologna,it Serie A,25,1997,23.6,51.5,0.93,8.18,20.6,23.1,4.28,51.4,3.60,1.40,38.8,1.86,51.8,30.3,185.1,80.2,2.25,1.57,1.44,2.92,1.53,37.3,8.98,Matchs
1993,Stefan Ortega,de GER,GB,Manchester City,eng Premier League,29,1992,3.0,58.0,44.0,57.7,0.33,0.00,0.00,58.0,0.00,0.00,,0.00,,38.7,130.7,81.7,0.00,0.00,0.00,0.00,0.00,39.7,0.00,Matchs
1994,Pedro Ortiz,es ESP,MT,Sevilla,es La Liga,21,2000,0.0,2,0,1,1,0,0,2,0,0,,0,,2,1,0,0,0,0,1,0,1,0,Matchs
1995,Jordi Osei-Tutu,eng ENG,"DF,AT",Bochum,de Bundesliga,23,1998,8.3,42.2,1.93,11.4,15.1,16.3,2.53,42.2,2.89,1.20,41.7,1.45,50.0,22.8,197.5,91.3,03.01,1.57,0.96,03.01,1.33,20.4,4.70,Matchs
1996,Victor Osimhen,ng NGA,AT,Napoli,it Serie A,23,1998,28.5,27.7,01.09,1.58,7.86,18.8,8.14,27.6,2.63,0.88,33.3,1.26,48.0,16.5,90.8,29.3,1.51,0.81,0.95,3.37,1.72,20.8,6.88,Matchs
1997,Patrick Osterhage,de GER,MT,Bochum,de Bundesliga,22,2000,11.4,41.2,2.89,11.8,21.2,8.95,01.05,41.2,1.23,0.44,35.7,0.61,50.0,20.5,95.3,33.9,0.53,0.96,0.09,1.49,01.05,21.8,02.02,Matchs
1998,Paulo Otávio,br BRA,DF,Wolfsburg,de Bundesliga,27,1994,22.7,66.4,3.66,22.4,29.8,14.9,1.28,66.4,02.07,0.97,46.8,0.84,40.4,32.8,174.8,99.7,1.81,01.06,0.09,1.23,0.31,35.6,3.70,Matchs
1999,Dango Ouattara,bf BFA,"MT,AT",Bournemouth,eng Premier League,20,2002,13.8,41.0,03.04,9.86,15.2,17.0,4.64,41.0,5.36,2.25,41.9,2.68,50.0,21.8,160.8,78.5,2.83,1.67,1.23,2.83,01.01,24.3,6.30,Matchs
2000,Dango Ouattara,bf BFA,"AT,MT",Lorient,fr Ligue 1,20,2002,17.2,41.9,2.15,8.43,14.6,19.7,4.88,41.9,4.59,1.63,35.4,02.03,44.3,29.2,218.3,102.7,3.72,1.63,1.98,2.62,1.28,26.6,8.78,Matchs
Clt,Joueur,Nation,Pos,Équipe,Comp,Âge,Naissance,90,Touches,SurfRépDéf,ZDéf,MilTer,ZOff,SurfRépOff,Action de jeu,Att,Succ,Succ%,Tkld,Tkld%,Balle au pied,TotDist,DistBut,PrgC,1/3,CSR,Manqué,Perte,Rec,PrgR,Matchs
2001,Remi Oudin,fr FRA,"AT,MT",Lecce,it Serie A,25,1996,14.7,52.8,1.56,8.50,23.2,21.8,2.18,52.8,1.50,0.68,45.5,0.68,45.5,28.8,161.2,59.1,1.63,1.50,0.34,1.43,0.75,30.5,3.67,Matchs
2002,Zinédine Ould Khaled,fr FRA,"MT,AT",Angers,fr Ligue 1,22,2000,0.6,71.7,1.67,6.67,51.7,13.3,1.67,71.7,3.33,0.00,0.0,3.33,100.0,55.0,266.7,68.3,0.00,0.00,0.00,1.67,3.33,43.3,3.33,Matchs
2003,Azzedine Ounahi,ma MAR,"MT,AT",Marseille,fr Ligue 1,22,2000,1.3,84.6,0.00,6.15,45.4,34.6,2.31,84.6,6.15,4.62,75.0,0.77,12.5,76.2,500.0,196.9,4.62,3.85,0.77,1.54,3.85,70.8,6.15,Matchs
2004,Azzedine Ounahi,ma MAR,"MT,AT",Angers,fr Ligue 1,22,2000,12.5,63.0,0.56,8.48,36.6,19.2,3.36,63.0,5.92,3.20,54.1,2.24,37.8,51.8,358.4,171.9,4.24,3.60,1.36,02.08,0.96,49.2,6.16,Matchs
2005,Adam Ounas,dz ALG,AT,Napoli,it Serie A,25,1996,0.2,95.0,0.00,20.0,60.0,25.0,5.00,95.0,10.0,10.0,100.0,0.00,0.0,70.0,605.0,540.0,15.0,10.0,0.00,0.00,0.00,85.0,5.00,Matchs
2006,Adam Ounas,dz ALG,"AT,MT",Lille,fr Ligue 1,25,1996,11.8,61.6,0.51,4.75,22.9,35.6,3.14,61.6,6.95,3.14,45.1,2.63,37.8,47.8,342.6,170.7,4.66,3.64,0.93,2.12,2.12,45.1,10.6,Matchs
2007,Thomas Ouwejan,nl NED,DF,Schalke 04,de Bundesliga,25,1996,10.0,60.4,3.20,17.2,24.5,19.6,0.90,60.4,0.50,0.10,20.0,0.40,80.0,23.8,129.7,52.5,1.40,1.30,0.10,0.90,0.40,25.1,2.10,Matchs
2008,Reece Oxford,eng ENG,DF,Augsburg,de Bundesliga,23,1998,1.0,67.0,10.0,47.0,19.0,2.00,0.00,67.0,0.00,0.00,,0.00,,24.0,140.0,70.0,0.00,0.00,0.00,1.00,0.00,26.0,0.00,Matchs
2009,Alex Oxlade-Chamberlain,eng ENG,"AT,MT",Liverpool,eng Premier League,28,1993,3.7,41.4,01.08,5.41,18.6,18.1,4.59,41.4,3.78,1.35,35.7,2.16,57.1,24.3,194.3,69.7,2.97,2.16,0.81,3.24,2.70,29.7,7.57,Matchs
2010,Mikel Oyarzabal,es ESP,"AT,MT",Real Sociedad,es La Liga,25,1997,13.5,39.4,1.11,5.26,13.8,20.6,4.00,39.2,1.93,0.52,26.9,1.11,57.7,23.5,102.0,49.9,2.00,1.11,0.89,2.00,1.41,28.6,09.04,Matchs
2011,Salih Özcan,tr TUR,MT,Dortmund,de Bundesliga,24,1998,17.5,66.9,2.23,16.3,44.2,6.57,0.40,66.9,0.69,0.34,50.0,0.29,41.7,37.9,147.3,57.9,0.34,0.57,0.00,01.03,1.20,43.4,1.31,Matchs
2012,Cenk Özkacar,tr TUR,DF,Valencia,es La Liga,21,2000,15.2,59.7,5.59,26.9,30.4,2.96,01.05,59.7,0.66,0.66,100.0,0.00,0.0,34.3,210.1,140.3,1.51,1.18,0.00,0.53,0.26,36.1,0.13,Matchs
2013,David Ozoh,eng ENG,AT,Crystal Palace,eng Premier League,17,2005,0.0,4,0,0,0,4,0,4,0,0,,0,,2,1,1,0,0,0,1,0,4,0,Matchs
2014,Levin Öztunalı,de GER,MT,Union Berlin,de Bundesliga,26,1996,0.1,20.0,0.00,0.00,20.0,10.0,0.00,20.0,0.00,0.00,,0.00,,10.0,410.0,410.0,10.0,10.0,0.00,0.00,0.00,0.00,0.00,Matchs
2015,Fernando Pacheco,es ESP,GB,Almería,es La Liga,30,1992,1.0,34.0,30.0,34.0,0.00,0.00,0.00,34.0,0.00,0.00,,0.00,,20.0,109.0,89.0,0.00,0.00,0.00,0.00,0.00,13.0,0.00,Matchs
2016,Fernando Pacheco,es ESP,GB,Espanyol,es La Liga,30,1992,16.0,37.4,31.5,36.9,0.44,0.00,0.00,37.4,0.00,0.00,,0.00,,19.8,113.6,73.7,0.00,0.00,0.00,0.00,0.00,14.6,0.00,Matchs
2017,Jon Pacheco,es ESP,DF,Real Sociedad,es La Liga,21,2001,13.3,74.7,7.37,31.8,42.2,0.98,0.23,74.7,0.23,0.15,66.7,0.08,33.3,48.2,258.8,158.2,1.35,0.30,0.00,0.30,0.15,52.9,0.00,Matchs
2018,Gonçalo Paciência,pt POR,"AT,MT",Celta Vigo,es La Liga,27,1994,7.4,40.1,0.54,2.97,14.9,22.8,6.76,40.1,2.97,0.81,27.3,1.76,59.1,25.1,93.5,30.4,0.95,0.68,0.68,5.68,1.89,31.8,5.81,Matchs
2019,Simone Pafundi,it ITA,"MT,AT",Udinese,it Serie A,16,2006,0.9,100.0,0.00,8.89,61.1,33.3,1.11,100.0,7.78,2.22,28.6,3.33,42.9,73.3,445.6,187.8,3.33,1.11,0.00,2.22,3.33,75.6,10.0,Matchs
2020,Exequiel Palacios,ar ARG,MT,Leverkusen,de Bundesliga,23,1998,18.4,77.7,2.93,19.8,46.8,12.0,0.87,77.6,0.87,0.54,62.5,0.27,31.3,40.5,160.4,73.3,0.65,0.82,0.11,01.03,1.30,52.1,1.47,Matchs
2021,Helibelton Palacios,co COL,DF,Elche,es La Liga,29,1993,21.3,48.4,3.85,20.0,23.3,5.73,0.42,48.4,1.31,0.66,50.0,0.47,35.7,23.8,119.0,71.1,1.17,0.80,0.00,0.47,0.33,24.2,1.17,Matchs
2022,Ante Palaversa,hr CRO,MT,Troyes,fr Ligue 1,22,2000,0.3,66.7,3.33,10.0,40.0,16.7,3.33,66.7,0.00,0.00,,0.00,,40.0,160.0,53.3,0.00,0.00,0.00,0.00,0.00,26.7,0.00,Matchs
2023,Isaac Palazón Camacho,es ESP,"AT,MT",Rayo Vallecano,es La Liga,27,1994,32.9,55.6,1.22,5.96,22.1,28.4,1.98,55.5,3.40,1.52,44.6,1.55,45.5,33.8,178.2,64.9,1.49,1.98,0.27,2.37,1.98,37.5,5.50,Matchs
2024,João Palhinha,pt POR,MT,Fulham,eng Premier League,27,1995,34.5,49.7,2.35,12.6,30.6,7.16,0.96,49.7,1.13,0.41,35.9,0.43,38.5,22.1,80.4,27.1,0.23,0.29,0.09,01.07,0.81,26.6,0.52,Matchs
2025,Nicolas Pallois,fr FRA,DF,Nantes,fr Ligue 1,34,1987,24.6,60.0,7.40,28.0,31.3,1.42,0.57,60.0,0.37,0.28,77.8,0.08,22.2,40.9,204.3,101.1,0.33,0.33,0.04,0.73,0.37,34.4,0.12,Matchs
Clt,Joueur,Nation,Pos,Équipe,Comp,Âge,Naissance,90,Touches,SurfRépDéf,ZDéf,MilTer,ZOff,SurfRépOff,Action de jeu,Att,Succ,Succ%,Tkld,Tkld%,Balle au pied,TotDist,DistBut,PrgC,1/3,CSR,Manqué,Perte,Rec,PrgR,Matchs
2026,Cole Palmer,eng ENG,"MT,AT",Manchester City,eng Premier League,20,2002,4.1,60.5,1.46,5.37,20.7,34.9,7.80,60.5,6.34,3.66,57.7,1.71,26.9,43.7,298.0,155.9,07.07,1.95,3.66,3.17,1.95,49.3,9.76,Matchs
2027,Erik Palmer-Brown,us USA,DF,Troyes,fr Ligue 1,25,1997,35.5,50.3,10.6,30.2,19.3,1.13,0.45,50.3,0.42,0.20,46.7,0.11,26.7,35.4,188.2,89.4,0.17,0.20,0.06,0.34,0.42,30.9,0.00,Matchs
2028,Emerson Palmieri,it ITA,DF,West Ham,eng Premier League,27,1994,14.7,60.8,04.08,16.4,26.3,18.6,1.70,60.8,1.97,0.41,20.7,0.95,48.3,28.0,162.6,92.8,2.65,1.77,0.48,0.61,0.75,36.2,3.88,Matchs
2029,Miloš Pantović,rs SRB,MT,Union Berlin,de Bundesliga,26,1996,2.3,47.0,2.17,14.8,17.8,14.3,03.04,46.5,0.43,0.00,0.0,0.00,0.0,22.6,80.0,35.2,0.87,0.00,0.00,1.30,0.87,27.0,1.74,Matchs
2030,Flavio Paoletti,it ITA,MT,Sampdoria,it Serie A,19,2003,3.2,59.7,3.75,16.6,35.0,8.44,0.31,59.7,0.94,0.63,66.7,0.31,33.3,37.8,247.8,105.6,2.19,1.25,0.00,1.56,0.00,41.6,2.50,Matchs
2031,Antonios Papadopoulos,de GER,DF,Dortmund,de Bundesliga,22,1999,0.1,210.0,0.00,80.0,120.0,10.0,10.0,210.0,0.00,0.00,,0.00,,140.0,970.0,560.0,10.0,0.00,0.00,0.00,0.00,170.0,0.00,Matchs
2032,Lucas Paquetá,br BRA,MT,West Ham,eng Premier League,24,1997,23.9,61.8,1.92,10.0,35.1,17.5,02.05,61.7,2.72,1.46,53.8,0.92,33.8,32.3,144.4,62.2,01.05,1.42,0.25,02.01,1.84,40.3,2.64,Matchs
2033,Lucas Paquetá,br BRA,MT,Lyon,fr Ligue 1,24,1997,1.8,81.1,2.78,12.2,51.1,18.3,4.44,81.1,1.67,0.56,33.3,1.11,66.7,67.2,324.4,112.8,1.67,1.11,1.11,1.11,0.56,65.0,5.56,Matchs
2034,Aitor Paredes,es ESP,DF,Athletic Club,es La Liga,22,2000,9.5,63.2,5.58,29.2,31.2,3.16,01.05,63.2,0.11,0.00,0.0,0.11,100.0,36.1,176.6,94.2,0.42,0.21,0.00,0.32,0.00,39.7,0.84,Matchs
2035,Kevin Paredes,us USA,"AT,MT",Wolfsburg,de Bundesliga,19,2003,5.9,46.9,1.53,8.81,17.8,20.7,2.54,46.9,2.54,0.68,26.7,1.19,46.7,30.0,184.7,110.3,04.07,1.19,1.19,1.53,0.68,30.5,6.78,Matchs
2036,Leandro Paredes,ar ARG,MT,Juventus,it Serie A,28,1994,10.9,79.6,3.76,19.8,45.3,14.8,0.37,79.6,0.55,0.37,66.7,0.09,16.7,43.4,182.5,94.4,01.01,0.92,0.18,0.46,0.37,53.9,01.01,Matchs
2037,Leandro Paredes,ar ARG,MT,Paris S-G,fr Ligue 1,28,1994,0.6,125.0,3.33,16.7,95.0,13.3,0.00,125.0,0.00,0.00,,0.00,,106.7,533.3,338.3,1.67,5.00,0.00,0.00,0.00,103.3,0.00,Matchs
2038,Daniel Parejo,es ESP,MT,Villarreal,es La Liga,33,1989,36.5,78.2,2.90,17.3,42.9,18.7,0.38,78.1,1.12,0.79,70.7,0.25,22.0,43.8,177.0,82.3,0.71,1.29,0.00,0.85,0.96,54.2,0.88,Matchs
2039,Fabiano Parisi,it ITA,DF,Empoli,it Serie A,21,2000,31.4,66.7,05.06,23.2,29.6,15.4,0.83,66.7,4.11,02.04,49.6,1.50,36.4,35.2,223.9,129.4,3.25,2.39,0.41,1.75,1.24,35.4,2.17,Matchs
2040,Moises Parra Gutierrez,es ESP,AT,Getafe,es La Liga,20,2002,0.1,60.0,0.00,10.0,20.0,30.0,0.00,60.0,0.00,0.00,,0.00,,10.0,20.0,10.0,0.00,0.00,0.00,0.00,0.00,10.0,0.00,Matchs
2041,Raúl Parra,es ESP,DF,Cádiz,es La Liga,22,1999,3.4,41.8,4.71,17.1,19.7,5.00,0.00,41.8,0.29,0.00,0.0,0.29,100.0,15.3,58.5,30.6,0.00,0.59,0.00,1.18,0.00,17.4,1.18,Matchs
2042,Thomas Partey,gh GHA,MT,Arsenal,eng Premier League,29,1993,27.6,82.1,2.83,15.1,50.9,16.9,01.05,82.1,1.63,1.27,77.8,0.29,17.8,50.7,248.8,139.4,1.23,1.38,0.11,1.20,0.69,59.9,1.27,Matchs
2043,Marco Pašalić,hr CRO,MT,Dortmund,de Bundesliga,21,2000,0.1,90.0,0.00,20.0,30.0,50.0,0.00,90.0,10.0,10.0,100.0,0.00,0.0,70.0,600.0,530.0,20.0,10.0,0.00,10.0,10.0,80.0,20.0,Matchs
2044,Mario Pašalić,hr CRO,"MT,AT",Atalanta,it Serie A,27,1995,19.7,45.6,01.07,6.85,24.9,14.2,2.89,45.6,1.27,0.41,32.0,0.76,60.0,27.7,144.1,57.7,1.22,1.12,0.15,1.78,1.32,33.5,4.21,Matchs
2045,Pascu,es ESP,"DF,AT",Villarreal,es La Liga,19,2003,0.1,120.0,0.00,0.00,70.0,50.0,20.0,120.0,20.0,0.00,0.0,20.0,100.0,80.0,510.0,310.0,10.0,10.0,0.00,10.0,0.00,80.0,20.0,Matchs
2046,Felix Passlack,de GER,DF,Dortmund,de Bundesliga,24,1998,0.7,67.1,2.86,18.6,35.7,14.3,1.43,67.1,1.43,1.43,100.0,0.00,0.0,34.3,97.1,61.4,1.43,1.43,0.00,1.43,1.43,38.6,4.29,Matchs
2047,Javier Pastore,ar ARG,MT,Elche,es La Liga,33,1989,0.1,100.0,0.00,0.00,30.0,70.0,20.0,100.0,0.00,0.00,,0.00,,90.0,910.0,270.0,20.0,10.0,0.00,10.0,10.0,90.0,20.0,Matchs
2048,Patric,es ESP,DF,Lazio,it Serie A,29,1993,15.7,75.2,13.6,45.2,29.9,0.51,0.00,75.2,0.19,0.13,66.7,0.06,33.3,41.3,191.5,83.7,0.00,0.00,0.00,0.25,0.00,51.8,0.19,Matchs
2049,Rui Patrício,pt POR,GB,Roma,it Serie A,34,1988,35.0,26.6,24.0,26.6,0.06,0.00,0.00,26.6,0.00,0.00,,0.00,,14.2,77.9,42.4,0.00,0.00,0.00,0.06,0.00,10.9,0.00,Matchs
2050,Nathan Patterson,sct SCO,"DF,MT",Everton,eng Premier League,20,2001,14.2,58.9,5.00,21.8,20.8,16.8,1.34,58.9,1.69,0.77,45.8,0.85,50.0,24.6,136.6,59.9,1.13,0.85,0.21,1.55,0.63,30.4,3.59,Matchs
Clt,Joueur,Nation,Pos,Équipe,Comp,Âge,Naissance,90,Touches,SurfRépDéf,ZDéf,MilTer,ZOff,SurfRépOff,Action de jeu,Att,Succ,Succ%,Tkld,Tkld%,Balle au pied,TotDist,DistBut,PrgC,1/3,CSR,Manqué,Perte,Rec,PrgR,Matchs
2051,Paulinho,br BRA,AT,Leverkusen,de Bundesliga,22,2000,0.9,42.2,2.22,4.44,20.0,18.9,3.33,42.2,4.44,2.22,50.0,2.22,50.0,24.4,194.4,64.4,3.33,2.22,3.33,2.22,1.11,28.9,8.89,Matchs
2052,Gabriel Paulista,br BRA,DF,Valencia,es La Liga,31,1990,16.7,57.4,9.70,28.4,26.7,2.51,1.20,57.4,0.00,0.00,,0.00,,27.2,163.1,114.7,0.72,0.60,0.00,0.30,0.06,30.9,0.06,Matchs
2053,Benjamin Pavard,fr FRA,DF,Bayern Munich,de Bundesliga,26,1996,27.0,100.0,6.15,37.7,50.0,12.5,1.74,100.0,0.22,0.00,0.0,0.04,16.7,61.5,275.4,151.7,1.37,0.78,0.07,0.41,0.07,72.1,2.41,Matchs
2054,Jiří Pavlenka,cz CZE,GB,Werder Bremen,de Bundesliga,30,1992,32.3,39.6,35.2,39.5,0.15,0.00,0.00,39.6,0.03,0.00,0.0,0.03,100.0,20.5,120.1,66.8,0.00,0.06,0.06,0.03,0.00,16.1,0.00,Matchs
2055,Dimitri Payet,fr FRA,"MT,AT",Marseille,fr Ligue 1,35,1987,9.3,65.1,0.65,5.70,25.7,34.5,4.19,64.9,3.44,1.94,56.3,1.18,34.4,51.0,281.0,133.5,2.37,1.83,0.75,1.61,0.97,49.4,09.03,Matchs
2056,Ben Pearson,eng ENG,MT,Bournemouth,eng Premier League,27,1995,3.2,50.6,2.50,17.5,28.1,5.31,0.00,50.6,0.31,0.00,0.0,0.00,0.0,22.5,75.6,32.2,0.63,0.00,0.00,1.88,0.00,31.3,1.25,Matchs
2057,Kristian Pedersen,dk DEN,DF,Köln,de Bundesliga,27,1994,3.1,69.4,7.10,30.3,29.4,10.0,0.65,69.4,2.26,0.65,28.6,1.61,71.4,27.7,155.5,71.6,1.94,0.00,0.00,0.32,0.32,32.3,0.97,Matchs
2058,Mads Pedersen,dk DEN,"DF,MT",Augsburg,de Bundesliga,25,1996,20.4,45.6,3.33,15.9,17.8,12.8,0.64,45.6,1.91,0.83,43.6,01.03,53.8,17.9,119.0,56.7,1.72,1.42,0.25,1.67,0.69,17.9,2.50,Matchs
2059,Alfonso Pedraza,es ESP,DF,Villarreal,es La Liga,26,1996,18.1,58.0,2.43,15.9,19.5,23.4,2.60,58.0,3.26,1.16,35.6,1.77,54.2,30.7,226.1,125.1,3.76,2.54,0.77,1.66,0.77,33.5,08.01,Matchs
2060,Pedri,es ESP,MT,Barcelona,es La Liga,19,2002,22.0,75.1,0.59,7.32,43.4,25.3,2.64,75.1,2.77,1.64,59.0,1.00,36.1,54.6,317.6,154.0,03.05,3.68,0.64,1.45,1.41,60.6,4.50,Matchs
2061,Pedro,es ESP,AT,Lazio,it Serie A,35,1987,21.1,55.5,0.52,6.87,27.9,21.3,3.74,55.5,3.22,1.52,47.1,1.28,39.7,35.5,199.4,92.5,03.03,1.99,0.95,2.27,1.33,44.2,6.82,Matchs
2062,Adrià Pedrosa,es ESP,"DF,MT",Espanyol,es La Liga,24,1998,2.5,46.0,2.80,12.0,15.2,19.6,2.00,46.0,3.60,0.40,11.1,3.20,88.9,30.4,216.8,88.0,2.80,2.40,1.20,2.40,0.40,26.4,8.40,Matchs
2063,Jordan Pefok,us USA,AT,Union Berlin,de Bundesliga,26,1996,15.1,32.5,1.59,3.64,12.9,16.2,4.70,32.3,01.06,0.60,56.3,0.46,43.8,14.2,46.6,11.7,0.26,0.20,0.07,2.78,1.72,22.3,3.51,Matchs
2064,Gianluca Pegolo,it ITA,GB,Sassuolo,it Serie A,41,1981,2.0,40.5,35.5,40.5,0.00,0.00,0.00,40.5,0.00,0.00,,0.00,,23.0,99.0,61.0,0.00,0.00,0.00,0.00,0.00,21.5,0.00,Matchs
2065,Dženan Pejčinović,de GER,AT,Wolfsburg,de Bundesliga,17,2005,0.1,10.0,0.00,0.00,0.00,10.0,10.0,10.0,0.00,0.00,,0.00,,0.00,0.00,0.00,0.00,0.00,0.00,0.00,0.00,10.0,0.00,Matchs
2066,Peter Pekarík,sk SVK,DF,Hertha BSC,de Bundesliga,35,1986,2.3,59.6,4.35,25.2,28.7,6.52,0.00,59.6,0.00,0.00,,0.00,,27.0,166.5,92.6,0.87,0.00,0.00,0.43,0.43,29.6,0.43,Matchs
2067,Pietro Pellegri,it ITA,AT,Torino,it Serie A,21,2001,5.2,30.6,0.58,1.73,11.2,17.7,3.85,30.6,03.08,0.58,18.8,2.12,68.8,19.4,102.3,21.3,0.77,0.38,0.58,4.62,3.65,24.0,9.62,Matchs
2068,Lorenzo Pellegrini,it ITA,MT,Roma,it Serie A,26,1996,28.3,51.6,1.13,6.57,26.3,19.4,1.84,51.5,2.69,1.13,42.1,1.20,44.7,27.8,167.6,71.4,02.05,1.38,0.18,1.87,1.27,32.3,3.99,Matchs
2069,Luca Pellegrini,it ITA,DF,Lazio,it Serie A,23,1999,2.0,99.0,1.50,20.0,44.0,35.5,0.50,99.0,4.00,1.50,37.5,2.00,50.0,61.0,303.0,136.5,3.50,1.50,0.00,2.00,1.00,65.0,5.50,Matchs
2070,Luca Pellegrini,it ITA,DF,Eint Frankfurt,de Bundesliga,23,1999,6.2,82.9,1.77,20.5,36.1,27.4,1.61,82.9,4.19,1.77,42.3,1.94,46.2,38.7,191.6,108.7,03.06,2.74,0.32,1.13,0.81,43.1,4.52,Matchs
2071,Théo Pellenard,fr FRA,DF,Auxerre,fr Ligue 1,28,1994,1.1,32.7,8.18,20.9,10.0,1.82,0.91,32.7,0.00,0.00,,0.00,,11.8,43.6,11.8,0.00,0.00,0.00,0.00,0.00,13.6,0.00,Matchs
2072,Facundo Pellistri,uy URU,"AT,MT",Manchester Utd,eng Premier League,20,2001,0.7,34.3,0.00,12.9,10.0,11.4,1.43,34.3,4.29,2.86,66.7,1.43,33.3,17.1,211.4,64.3,1.43,0.00,0.00,2.86,1.43,20.0,2.86,Matchs
2073,Timothee Pembele,fr FRA,DF,Paris S-G,fr Ligue 1,19,2002,2.9,39.0,1.38,10.3,14.8,14.1,2.41,39.0,1.72,1.38,80.0,0.34,20.0,24.8,136.9,78.3,1.38,0.69,0.69,1.38,0.34,23.4,6.90,Matchs
2074,Iñaki Peña,es ESP,GB,Barcelona,es La Liga,23,1999,0.8,33.8,26.3,33.8,0.00,0.00,0.00,33.8,0.00,0.00,,0.00,,23.8,116.3,43.8,0.00,0.00,0.00,0.00,0.00,17.5,0.00,Matchs
2075,Rubén Peña,es ESP,"DF,MT",Osasuna,es La Liga,31,1991,14.2,57.3,3.38,14.9,25.4,18.0,1.48,57.3,2.25,1.34,59.4,0.70,31.3,28.7,168.1,82.1,2.25,1.97,0.42,2.25,0.99,28.9,4.15,Matchs
Clt,Joueur,Nation,Pos,Équipe,Comp,Âge,Naissance,90,Touches,SurfRépDéf,ZDéf,MilTer,ZOff,SurfRépOff,Action de jeu,Att,Succ,Succ%,Tkld,Tkld%,Balle au pied,TotDist,DistBut,PrgC,1/3,CSR,Manqué,Perte,Rec,PrgR,Matchs
2076,Patrick Pentz,at AUT,GB,Reims,fr Ligue 1,25,1997,7.0,31.6,27.3,31.6,0.00,0.00,0.00,31.6,0.00,0.00,,0.00,,20.6,120.7,71.9,0.00,0.14,0.14,0.00,0.00,13.0,0.00,Matchs
2077,Nicolas Pépé,ci CIV,"AT,MT",Nice,fr Ligue 1,27,1995,16.6,55.3,0.18,5.30,23.6,27.4,5.42,55.1,4.58,02.05,44.7,1.99,43.4,45.3,269.6,112.8,2.89,1.75,1.57,2.71,3.13,43.6,9.10,Matchs
2078,Ricardo Pepi,us USA,AT,Augsburg,de Bundesliga,19,2003,1.1,36.4,0.91,5.45,19.1,12.7,1.82,36.4,4.55,2.73,60.0,1.82,40.0,17.3,130.9,51.8,1.82,1.82,0.91,3.64,0.00,20.0,3.64,Matchs
2079,Pepín,gq EQG,MT,Monza,it Serie A,25,1996,12.5,62.9,1.84,12.9,37.5,13.1,0.80,62.9,1.60,0.56,35.0,0.88,55.0,38.2,228.4,102.6,1.52,1.84,0.32,1.12,0.96,46.5,2.24,Matchs
2080,Alberto Perea,es ESP,MT,Cádiz,es La Liga,31,1990,0.5,40.0,0.00,14.0,12.0,14.0,0.00,40.0,12.0,4.00,33.3,6.00,50.0,10.0,72.0,14.0,0.00,0.00,0.00,0.00,2.00,26.0,4.00,Matchs
2081,Juan Perea,co COL,AT,Stuttgart,de Bundesliga,22,2000,4.6,31.5,0.65,03.04,14.1,14.3,2.61,31.5,3.48,0.87,25.0,2.61,75.0,19.3,144.3,35.9,1.96,0.87,0.43,3.70,2.17,20.7,6.30,Matchs
2082,Andreas Pereira,br BRA,MT,Fulham,eng Premier League,26,1996,29.9,43.9,0.47,3.55,20.3,20.5,2.17,43.8,1.71,0.57,33.3,0.87,51.0,24.1,132.1,55.6,1.77,1.47,0.30,1.71,1.71,28.5,4.45,Matchs
2083,Brayann Pereira,fr FRA,DF,Auxerre,fr Ligue 1,19,2003,2.0,56.0,5.00,20.0,19.5,17.0,0.50,56.0,6.50,3.00,46.2,2.50,38.5,36.5,172.0,68.0,2.00,1.00,0.50,3.00,0.00,33.0,4.00,Matchs
2084,Danilo Pereira,pt POR,"DF,MT",Paris S-G,fr Ligue 1,30,1991,26.8,85.0,7.20,25.9,53.8,06.04,01.08,85.0,0.56,0.37,66.7,0.19,33.3,70.4,371.4,194.2,0.97,1.31,0.07,0.52,0.37,65.2,0.41,Matchs
2085,Mathias Pereira Lage,pt POR,"MT,AT",Brest,fr Ligue 1,25,1996,14.0,38.5,1.14,5.79,18.8,14.5,2.93,38.5,1.86,0.64,34.6,0.93,50.0,27.6,164.0,65.1,1.43,0.93,0.50,1.71,1.29,25.7,7.00,Matchs
2086,Ricardo Pereira,pt POR,"DF,MT",Leicester City,eng Premier League,28,1993,5.0,76.6,4.60,23.2,36.6,18.0,0.80,76.6,1.40,1.00,71.4,0.20,14.3,34.8,121.0,64.6,1.00,1.80,0.40,1.40,0.60,43.4,2.80,Matchs
2087,Roberto Pereyra,ar ARG,"DF,MT",Udinese,it Serie A,31,1991,31.3,51.2,1.69,10.3,23.1,18.6,3.26,51.2,3.23,1.25,38.6,1.63,50.5,31.4,181.9,83.0,2.11,1.37,0.51,1.69,1.18,35.2,5.94,Matchs
2088,Ayoze Pérez,es ESP,"MT,AT",Leicester City,eng Premier League,29,1993,4.2,58.1,0.71,09.05,24.8,25.7,04.05,58.1,5.00,1.43,28.6,2.86,57.1,31.4,165.7,84.8,04.05,1.43,1.43,2.86,2.62,36.9,10.2,Matchs
2089,Ayoze Pérez,es ESP,"AT,MT",Betis,es La Liga,29,1993,15.4,39.8,0.45,5.39,16.5,18.8,4.87,39.8,5.00,2.73,54.5,1.95,39.0,25.3,168.8,88.8,3.31,2.27,1.23,2.53,1.69,28.0,6.62,Matchs
2090,Carles Pérez,es ESP,"MT,AT",Celta Vigo,es La Liga,24,1998,23.8,42.1,0.59,4.33,15.4,23.4,2.98,42.1,4.62,1.85,40.0,2.18,47.3,28.4,236.8,122.8,3.91,3.24,1.72,2.35,1.18,30.3,7.77,Matchs
2091,Francisco Perez,es ESP,"AT,MT",Valencia,es La Liga,19,2002,1.6,62.5,0.63,9.38,22.5,31.3,1.88,62.5,5.63,3.13,55.6,1.88,33.3,47.5,395.6,130.6,4.38,3.13,1.88,3.13,5.00,46.9,9.38,Matchs
2092,Kike Pérez,es ESP,MT,Valladolid,es La Liga,25,1997,25.6,60.4,02.03,13.2,32.7,16.1,1.76,60.4,2.70,1.17,43.5,01.09,40.6,35.6,216.5,110.4,2.11,1.80,0.31,1.91,1.33,40.2,3.20,Matchs
2093,Lucas Pérez,es ESP,AT,Cádiz,es La Liga,33,1988,7.0,40.9,0.43,3.57,17.3,20.0,2.29,40.9,1.43,0.57,40.0,0.86,60.0,21.6,105.9,47.3,1.14,0.86,0.43,1.57,1.14,26.3,3.43,Matchs
2094,Luis Pérez,es ESP,DF,Valladolid,es La Liga,27,1995,13.5,53.6,2.81,15.3,24.4,14.5,0.30,53.6,1.48,0.59,40.0,0.74,50.0,27.8,142.2,69.1,1.78,1.19,0.07,1.19,0.37,29.4,6.22,Matchs
2095,Nehuén Pérez,ar ARG,DF,Udinese,it Serie A,22,2000,31.3,68.2,7.92,33.6,30.3,4.89,0.67,68.2,0.35,0.16,45.5,0.19,54.5,38.9,198.9,116.2,0.73,0.77,0.03,0.48,0.29,44.1,0.83,Matchs
2096,Simone Perilli,it ITA,GB,Hellas Verona,it Serie A,27,1995,1.0,38.0,35.0,38.0,0.00,0.00,0.00,38.0,0.00,0.00,,0.00,,20.0,136.0,87.0,0.00,0.00,0.00,0.00,0.00,9.00,0.00,Matchs
2097,Mattia Perin,it ITA,GB,Juventus,it Serie A,29,1992,10.5,34.5,31.3,34.2,0.29,0.00,0.00,34.5,0.00,0.00,,0.00,,21.9,109.7,76.3,0.00,0.00,0.00,0.00,0.00,17.6,0.00,Matchs
2098,Samuele Perisan,it ITA,GB,Empoli,it Serie A,24,1997,7.0,34.6,31.1,34.6,0.00,0.00,0.00,34.6,0.00,0.00,,0.00,,14.7,71.7,46.1,0.00,0.00,0.00,0.00,0.00,12.6,0.00,Matchs
2099,Ivan Perišić,hr CRO,"DF,MT",Tottenham,eng Premier League,33,1989,23.4,58.5,3.12,15.3,18.9,24.9,04.02,58.5,1.71,0.77,45.0,0.81,47.5,26.1,158.3,88.7,3.72,1.24,1.50,1.41,0.60,31.3,7.74,Matchs
2100,Romain Perraud,fr FRA,DF,Southampton,eng Premier League,24,1997,20.4,56.5,2.65,17.6,19.9,19.4,1.91,56.5,1.86,0.49,26.3,1.23,65.8,29.9,147.0,68.0,1.62,1.72,0.25,1.32,0.69,30.7,5.98,Matchs
Clt,Joueur,Nation,Pos,Équipe,Comp,Âge,Naissance,90,Touches,SurfRépDéf,ZDéf,MilTer,ZOff,SurfRépOff,Action de jeu,Att,Succ,Succ%,Tkld,Tkld%,Balle au pied,TotDist,DistBut,PrgC,1/3,CSR,Manqué,Perte,Rec,PrgR,Matchs
2101,Gaëtan Perrin,fr FRA,"MT,AT",Auxerre,fr Ligue 1,26,1996,15.5,40.5,01.03,6.45,18.5,16.7,2.39,40.5,6.00,3.81,63.4,2.00,33.3,31.7,241.7,121.7,3.55,2.32,0.97,3.16,2.71,28.1,5.23,Matchs
2102,Lucas Perrin,fr FRA,DF,Strasbourg,fr Ligue 1,23,1998,19.6,51.3,4.59,21.6,25.6,4.54,0.92,51.3,0.61,0.31,50.0,0.15,25.0,35.8,206.0,114.4,0.66,0.61,0.05,0.31,0.20,31.0,0.71,Matchs
2103,Máximo Perrone,ar ARG,MT,Manchester City,eng Premier League,19,2003,0.2,110.0,0.00,20.0,60.0,30.0,10.0,110.0,0.00,0.00,,0.00,,40.0,100.0,35.0,0.00,0.00,0.00,0.00,0.00,95.0,5.00,Matchs
2104,Matteo Pessina,it ITA,MT,Monza,it Serie A,25,1997,32.6,72.9,2.67,18.0,40.9,14.8,1.56,72.9,1.78,01.04,58.6,0.58,32.8,44.0,251.7,117.6,2.36,1.38,0.18,1.90,01.07,52.3,2.70,Matchs
2105,Andrea Petagna,it ITA,AT,Monza,it Serie A,27,1995,18.5,34.6,1.14,2.54,18.5,13.8,4.76,34.6,2.00,01.08,54.1,0.59,29.7,20.2,117.8,35.5,1.24,0.70,0.59,3.46,2.32,26.9,7.14,Matchs
2106,Nils Petersen,de GER,AT,Freiburg,de Bundesliga,33,1988,3.1,44.5,2.58,5.81,17.7,21.0,4.84,44.5,1.61,0.00,0.0,1.29,80.0,17.4,46.8,16.8,0.32,0.32,0.32,5.16,1.29,28.4,3.87,Matchs
2107,Lukas Petkov,bg BUL,"MT,AT",Augsburg,de Bundesliga,21,2000,1.6,38.8,1.88,10.0,17.5,11.3,4.38,38.8,2.50,0.63,25.0,1.88,75.0,12.5,60.6,10.0,0.63,0.00,0.00,3.75,1.88,16.3,1.25,Matchs
2108,Cameron Peupion,au AUS,MT,Brighton,eng Premier League,19,2002,0.1,60.0,0.00,0.00,30.0,30.0,10.0,60.0,0.00,0.00,,0.00,,30.0,80.0,0.00,0.00,0.00,0.00,10.0,0.00,50.0,20.0,Matchs
2109,Germán Pezzella,ar ARG,DF,Betis,es La Liga,31,1991,27.9,57.6,6.67,31.6,24.8,1.58,0.68,57.6,0.25,0.14,57.1,0.07,28.6,31.3,131.3,65.1,0.29,0.32,0.04,0.43,0.04,36.3,0.11,Matchs
2110,Giuseppe Pezzella,it ITA,DF,Lecce,it Serie A,24,1997,10.2,63.6,04.02,21.3,24.8,18.1,01.08,63.6,1.86,0.69,36.8,0.88,47.4,31.4,202.0,112.8,2.75,1.57,0.29,1.18,01.08,32.7,4.71,Matchs
2111,Luca Pfeiffer,de GER,AT,Stuttgart,de Bundesliga,25,1996,7.8,32.7,0.64,02.05,20.0,10.9,3.72,32.7,0.77,0.26,33.3,0.38,50.0,17.4,72.4,32.6,1.15,01.03,0.00,1.67,0.77,25.0,4.87,Matchs
2112,Maximilian Philipp,de GER,AT,Wolfsburg,de Bundesliga,28,1994,1.3,39.2,0.00,2.31,14.6,22.3,03.08,39.2,1.54,0.00,0.0,1.54,100.0,23.8,86.9,23.8,2.31,0.00,1.54,0.77,0.77,26.2,4.62,Matchs
2113,Maximilian Philipp,de GER,"AT,MT",Werder Bremen,de Bundesliga,28,1994,4.9,40.0,1.22,6.73,20.8,13.5,03.06,40.0,02.04,01.02,50.0,01.02,50.0,22.2,84.7,19.6,0.61,0.82,0.41,02.04,1.63,26.9,4.90,Matchs
2114,Kalvin Phillips,eng ENG,MT,Manchester City,eng Premier League,26,1995,3.3,107.3,4.85,19.4,73.6,14.8,1.82,107.3,0.61,0.30,50.0,0.00,0.0,69.1,309.4,100.3,0.30,1.21,0.00,0.61,0.30,86.1,0.61,Matchs
2115,Nathaniel Phillips,eng ENG,DF,Liverpool,eng Premier League,25,1997,0.7,127.1,4.29,37.1,90.0,2.86,1.43,127.1,0.00,0.00,,0.00,,98.6,820.0,561.4,0.00,1.43,0.00,2.86,0.00,85.7,0.00,Matchs
2116,Krzysztof Piątek,pl POL,AT,Salernitana,it Serie A,27,1995,23.8,35.6,1.89,3.49,18.2,14.3,3.53,35.6,01.01,0.42,41.7,0.42,41.7,18.5,86.1,26.1,1.13,0.71,0.46,3.28,1.47,25.8,05.08,Matchs
2117,Roberto Piccoli,it ITA,AT,Hellas Verona,it Serie A,21,2001,2.1,26.2,1.43,3.81,7.62,14.8,5.24,26.2,1.43,0.48,33.3,0.95,66.7,17.1,93.8,33.3,0.95,1.43,0.48,3.33,1.90,19.5,3.81,Matchs
2118,Roberto Piccoli,it ITA,AT,Empoli,it Serie A,21,2001,5.7,29.8,1.58,4.74,13.7,12.8,3.16,29.8,3.33,1.40,42.1,1.75,52.6,16.8,120.4,49.5,1.40,0.53,0.18,2.98,1.93,20.7,4.39,Matchs
2119,Charles Pickel,cd COD,MT,Cremonese,it Serie A,25,1997,27.6,45.7,1.81,9.78,25.9,10.4,1.59,45.7,0.65,0.14,22.2,0.36,55.6,21.2,84.5,38.7,0.65,0.76,0.04,1.23,0.65,25.0,2.21,Matchs
2120,Jordan Pickford,eng ENG,GB,Everton,eng Premier League,28,1994,37.0,38.2,27.8,36.7,1.54,0.00,0.00,38.2,0.00,0.00,,0.00,,19.8,130.0,87.1,0.00,0.00,0.00,0.03,0.03,14.8,0.00,Matchs
2121,Amos Pieper,de GER,DF,Werder Bremen,de Bundesliga,24,1998,21.7,66.7,5.76,28.9,34.2,3.82,01.01,66.7,0.14,0.05,33.3,0.00,0.0,34.6,175.8,89.2,0.65,0.55,0.00,0.41,0.37,41.2,0.18,Matchs
2122,Ronaël Pierre-Gabriel,fr FRA,DF,Espanyol,es La Liga,24,1998,2.6,59.2,5.38,23.5,17.7,19.2,2.31,59.2,3.46,1.54,44.4,1.54,44.4,26.5,166.5,81.2,2.69,1.15,0.77,1.92,0.77,26.2,6.15,Matchs
2123,Ronaël Pierre-Gabriel,fr FRA,DF,Strasbourg,fr Ligue 1,24,1998,7.3,63.6,4.66,18.1,30.1,15.6,1.23,63.6,2.19,1.51,68.8,0.68,31.3,39.6,228.1,106.0,2.19,2.33,0.14,1.37,0.82,34.5,4.79,Matchs
2124,Andrea Pinamonti,it ITA,AT,Sassuolo,it Serie A,23,1999,24.0,30.8,0.46,01.08,14.6,15.3,5.00,30.7,1.25,0.42,33.3,0.71,56.7,16.0,61.3,18.5,0.71,0.46,0.46,2.50,2.33,23.6,6.92,Matchs
2125,Ethan Pinnock,jm JAM,DF,Brentford,eng Premier League,29,1993,30.0,51.8,10.9,30.9,16.6,4.47,1.83,51.8,0.20,0.07,33.3,0.03,16.7,21.7,90.2,50.0,0.07,0.07,0.00,0.20,0.23,24.8,0.53,Matchs
Clt,Joueur,Nation,Pos,Équipe,Comp,Âge,Naissance,90,Touches,SurfRépDéf,ZDéf,MilTer,ZOff,SurfRépOff,Action de jeu,Att,Succ,Succ%,Tkld,Tkld%,Balle au pied,TotDist,DistBut,PrgC,1/3,CSR,Manqué,Perte,Rec,PrgR,Matchs
2126,Yeremi Pino,es ESP,"AT,MT",Villarreal,es La Liga,19,2002,27.2,43.1,1.36,6.32,14.4,23.1,5.48,43.1,3.46,1.76,51.1,1.25,36.2,27.1,145.2,68.9,2.39,1.25,1.40,2.10,1.43,31.3,9.41,Matchs
2127,Gerard Piqué,es ESP,DF,Barcelona,es La Liga,35,1987,4.3,98.6,8.84,29.3,67.4,02.09,1.16,98.6,0.23,0.23,100.0,0.00,0.0,66.0,416.0,278.4,0.70,0.47,0.00,0.47,0.23,74.4,0.23,Matchs
2128,Lorenzo Pirola,it ITA,DF,Salernitana,it Serie A,20,2002,21.6,57.2,7.82,33.3,21.9,2.36,0.88,57.2,0.37,0.23,62.5,0.14,37.5,29.7,117.6,59.3,0.60,0.56,0.00,0.56,0.09,35.7,0.19,Matchs
2129,Niccolò Pisilli,it ITA,MT,Roma,it Serie A,17,2004,0.0,0,0,0,0,0,0,0,0,0,,0,,0,0,0,0,0,0,0,0,0,0,Matchs
2130,Marko Pjaca,hr CRO,"MT,AT",Empoli,it Serie A,27,1995,5.8,55.3,0.52,5.86,26.6,23.4,2.93,55.3,6.55,3.97,60.5,02.07,31.6,34.8,232.8,119.1,3.79,1.38,1.55,2.76,3.28,42.2,5.69,Matchs
2131,Óscar Plano,es ESP,"AT,MT",Valladolid,es La Liga,31,1991,22.6,39.4,1.28,6.68,18.7,14.4,02.04,39.4,1.46,0.58,39.4,0.62,42.4,21.9,106.6,43.3,1.33,1.33,0.18,1.64,01.02,25.2,4.20,Matchs
2132,Gonzalo Plata,ec ECU,AT,Valladolid,es La Liga,21,2000,25.6,47.0,0.51,7.15,18.0,22.6,3.98,47.0,6.72,2.58,38.4,3.36,50.0,27.5,206.1,96.3,3.79,2.50,1.76,2.66,1.52,29.8,8.32,Matchs
2133,Marvin Plattenhardt,de GER,DF,Hertha BSC,de Bundesliga,30,1992,26.7,54.1,3.52,16.9,24.3,13.3,0.26,54.1,0.67,0.11,16.7,0.37,55.6,20.9,82.8,42.1,0.90,0.79,0.19,0.60,0.22,23.3,1.95,Matchs
2134,Alassane Pléa,fr FRA,AT,M'Gladbach,de Bundesliga,29,1993,19.7,48.1,0.91,4.77,23.5,20.3,2.89,48.0,1.57,0.81,51.6,0.66,41.9,28.8,142.3,67.1,02.08,1.62,0.66,1.98,1.12,36.9,7.92,Matchs
2135,Tommaso Pobega,it ITA,MT,Milan,it Serie A,23,1999,9.8,50.7,1.53,10.9,28.9,11.4,1.73,50.7,0.51,0.20,40.0,0.31,60.0,21.5,112.8,54.7,0.82,1.22,0.00,01.02,0.61,31.4,2.24,Matchs
2136,Daniel Podence,pt POR,"AT,MT",Wolves,eng Premier League,26,1995,19.7,45.1,0.56,06.09,16.6,23.1,3.55,45.1,3.10,1.22,39.3,1.73,55.7,26.8,135.5,62.4,2.18,1.42,01.02,2.49,1.52,31.6,7.51,Matchs
2137,Paul Pogba,fr FRA,"MT,AT",Juventus,it Serie A,29,1993,1.2,69.2,3.33,9.17,31.7,29.2,8.33,69.2,6.67,5.00,75.0,0.83,12.5,43.3,222.5,110.0,4.17,1.67,3.33,1.67,3.33,58.3,12.5,Matchs
2138,Joel Pohjanpalo,fi FIN,"AT,MT",Leverkusen,de Bundesliga,27,1994,0.0,1,0,0,1,0,0,1,0,0,,0,,1,6,2,0,0,0,0,0,1,0,Matchs
2139,Matteo Politano,it ITA,AT,Napoli,it Serie A,28,1993,13.0,61.4,0.77,7.92,20.5,33.8,4.38,61.2,4.23,1.77,41.8,1.92,45.5,40.2,314.0,172.1,6.23,2.92,02.08,2.38,0.85,45.2,10.6,Matchs
2140,Sebastian Polter,de GER,AT,Schalke 04,de Bundesliga,31,1991,7.0,32.9,1.14,3.00,14.9,15.4,6.14,32.9,0.57,0.29,50.0,0.29,50.0,15.3,53.3,18.7,0.57,0.57,0.29,3.71,1.57,24.0,4.57,Matchs
2141,Ezequiel Ponce,ar ARG,"AT,MT",Elche,es La Liga,25,1997,12.5,33.7,1.44,3.36,18.6,12.1,3.76,33.7,1.28,0.40,31.3,0.72,56.3,20.7,81.5,25.4,0.80,0.32,0.40,2.40,2.32,25.9,04.08,Matchs
2142,Julien Ponceau,fr FRA,MT,Lorient,fr Ligue 1,21,2000,18.4,55.1,1.74,9.13,29.0,17.8,2.34,55.1,1.63,0.54,33.3,0.92,56.7,42.4,261.7,122.0,2.88,2.88,0.38,2.12,0.98,38.4,5.60,Matchs
2143,Marin Pongračić,hr CRO,DF,Lecce,it Serie A,24,1997,8.8,49.4,5.45,26.4,22.8,1.25,0.45,49.4,0.23,0.23,100.0,0.00,0.0,25.3,169.4,85.7,0.34,0.11,0.00,0.57,0.00,23.9,0.11,Matchs
2144,Nick Pope,eng ENG,GB,Newcastle Utd,eng Premier League,30,1992,36.2,26.9,22.7,26.7,0.19,0.00,0.00,26.9,0.00,0.00,,0.00,,13.9,81.5,47.6,0.00,0.00,0.00,0.06,0.00,9.50,0.00,Matchs
2145,Łukasz Poręba,pl POL,MT,Lens,fr Ligue 1,22,2000,2.9,58.6,1.38,6.90,32.1,19.7,0.34,58.6,0.69,0.34,50.0,0.34,50.0,43.4,215.5,76.9,01.03,2.76,0.00,1.72,0.69,41.4,6.21,Matchs
2146,Jackson Porozo,ec ECU,DF,Troyes,fr Ligue 1,21,2000,18.0,47.3,6.56,25.7,19.3,2.61,1.22,47.3,0.61,0.39,63.6,0.22,36.4,30.3,158.1,67.9,0.33,0.28,0.06,0.56,0.39,26.9,0.22,Matchs
2147,Pedro Porro,es ESP,"DF,MT",Tottenham,eng Premier League,22,1999,12.6,64.8,3.57,19.5,23.3,22.6,1.98,64.8,3.25,1.11,34.1,1.83,56.1,33.6,181.2,107.9,2.70,1.35,0.32,1.19,0.56,38.1,7.54,Matchs
2148,Francisco Portillo,es ESP,"MT,AT",Almería,es La Liga,32,1990,8.0,64.9,1.38,11.9,33.5,20.3,1.63,64.9,2.13,1.13,52.9,0.88,41.2,40.9,222.1,116.3,2.00,2.88,0.00,1.25,1.13,46.6,4.63,Matchs
2149,Portu,es ESP,"MT,DF",Getafe,es La Liga,30,1992,19.7,46.4,0.86,09.09,19.2,18.6,1.78,46.4,2.18,0.66,30.2,1.12,51.2,23.9,135.0,71.3,2.13,1.32,0.20,1.47,0.41,27.0,6.60,Matchs
2150,Stefan Posch,at AUT,DF,Bologna,it Serie A,25,1997,28.1,76.3,4.52,30.3,34.0,12.9,1.28,76.3,1.25,0.46,37.1,0.57,45.7,39.8,196.7,110.0,1.60,1.46,0.11,1.39,0.39,45.8,2.31,Matchs
Clt,Joueur,Nation,Pos,Équipe,Comp,Âge,Naissance,90,Touches,SurfRépDéf,ZDéf,MilTer,ZOff,SurfRépOff,Action de jeu,Att,Succ,Succ%,Tkld,Tkld%,Balle au pied,TotDist,DistBut,PrgC,1/3,CSR,Manqué,Perte,Rec,PrgR,Matchs
2151,Stefan Posch,at AUT,DF,Hoffenheim,de Bundesliga,25,1997,0.2,60.0,10.0,35.0,25.0,0.00,0.00,60.0,0.00,0.00,,0.00,,30.0,115.0,55.0,0.00,0.00,0.00,0.00,0.00,35.0,0.00,Matchs
2152,Yussuf Poulsen,dk DEN,AT,RB Leipzig,de Bundesliga,28,1994,4.6,43.0,1.30,3.70,22.2,17.4,06.09,43.0,1.96,1.30,66.7,0.65,33.3,27.2,133.9,58.9,2.17,0.65,0.65,5.87,2.17,35.9,8.70,Matchs
2153,José Pozo,es ESP,"MT,AT",Rayo Vallecano,es La Liga,26,1996,1.0,66.0,1.00,6.00,30.0,33.0,3.00,66.0,6.00,2.00,33.3,4.00,66.7,48.0,318.0,130.0,5.00,2.00,1.00,5.00,3.00,51.0,7.00,Matchs
2154,Manuel Pozo,es ESP,AT,Valladolid,es La Liga,20,2001,0.2,70.0,0.00,10.0,40.0,20.0,0.00,70.0,15.0,5.00,33.3,10.0,66.7,50.0,210.0,85.0,0.00,0.00,0.00,0.00,5.00,35.0,5.00,Matchs
2155,Alejandro Pozo Pozo,es ESP,DF,Almería,es La Liga,23,1999,20.9,63.3,2.63,21.1,27.6,15.3,1.44,63.3,1.15,0.57,50.0,0.48,41.7,29.9,135.1,74.8,2.11,1.48,0.48,1.29,0.43,34.5,4.31,Matchs
2156,Dennis Praet,be BEL,"MT,AT",Leicester City,eng Premier League,28,1994,7.2,47.5,1.53,9.31,22.6,16.4,1.94,47.5,1.94,0.83,42.9,0.97,50.0,24.6,125.3,49.6,02.08,0.97,0.14,1.53,1.39,30.1,5.83,Matchs
2157,Abdón Prats,es ESP,"AT,MT",Mallorca,es La Liga,29,1992,4.6,30.7,0.87,2.17,17.0,11.7,3.48,30.7,1.96,0.65,33.3,01.09,55.6,15.7,59.3,12.2,0.22,0.22,0.65,1.74,03.04,21.7,3.26,Matchs
2158,Sanjin Prcić,ba BIH,MT,Strasbourg,fr Ligue 1,28,1993,18.1,67.3,2.98,16.1,39.1,13.0,0.39,67.3,1.10,0.77,70.0,0.28,25.0,49.3,259.6,106.1,0.77,1.93,0.06,0.50,0.39,43.7,0.77,Matchs
2159,Isaac Price,nir NIR,MT,Everton,eng Premier League,18,2003,0.4,42.5,2.50,12.5,25.0,5.00,0.00,42.5,2.50,2.50,100.0,0.00,0.0,25.0,100.0,30.0,2.50,0.00,0.00,2.50,0.00,32.5,0.00,Matchs
2160,Grischa Prömel,de GER,MT,Hoffenheim,de Bundesliga,27,1995,16.2,40.2,2.16,9.81,20.2,10.5,2.41,40.2,0.86,0.31,35.7,0.37,42.9,20.3,96.8,41.6,1.17,0.74,0.37,1.48,0.80,24.8,2.84,Matchs
2161,Ivan Provedel,it ITA,GB,Lazio,it Serie A,28,1994,37.9,37.1,31.8,36.9,0.24,0.00,0.00,37.1,0.03,0.03,100.0,0.00,0.0,22.3,120.7,72.1,0.00,0.00,0.00,0.03,0.00,19.7,0.00,Matchs
2162,Javi Puado,es ESP,"AT,MT",Espanyol,es La Liga,24,1998,26.0,32.6,0.88,5.19,12.3,16.0,3.50,32.6,2.15,0.88,41.1,1.00,46.4,20.3,137.0,57.3,2.31,1.42,0.81,2.65,1.15,22.2,4.50,Matchs
2163,Mehdi Puch Herrantz,fr FRA,MT,Ajaccio,fr Ligue 1,18,2004,0.5,74.0,0.00,14.0,34.0,26.0,4.00,74.0,2.00,2.00,100.0,0.00,0.0,60.0,286.0,124.0,6.00,2.00,4.00,6.00,4.00,48.0,2.00,Matchs
2164,Tymoteusz Puchacz,pl POL,DF,Union Berlin,de Bundesliga,23,1999,0.6,73.3,1.67,8.33,31.7,33.3,0.00,73.3,3.33,0.00,0.0,1.67,50.0,35.0,136.7,51.7,0.00,0.00,0.00,6.67,0.00,40.0,15.0,Matchs
2165,Arnau Puigmal,es ESP,"MT,AT",Almería,es La Liga,21,2001,8.5,46.2,0.82,8.94,18.9,18.8,3.18,46.2,3.53,1.18,33.3,2.00,56.7,26.8,162.9,81.3,2.82,1.29,01.06,3.29,0.94,28.6,6.71,Matchs
2166,Christian Pulisic,us USA,"AT,DF",Chelsea,eng Premier League,23,1998,9.1,47.1,0.44,5.82,18.5,23.7,4.73,47.1,4.84,1.43,29.5,2.42,50.0,32.9,233.6,114.7,3.85,3.30,1.54,2.86,1.43,36.0,8.35,Matchs
2167,Ignacio Pussetto,ar ARG,"MT,DF",Sampdoria,it Serie A,26,1995,1.7,47.6,1.18,6.47,13.5,27.6,2.94,47.6,1.76,0.59,33.3,1.18,66.7,20.0,88.2,20.0,1.18,0.59,0.00,4.12,0.59,30.0,10.0,Matchs
2168,Niklas Pyyhtiä,fi FIN,MT,Bologna,it Serie A,18,2003,1.2,59.2,3.33,16.7,30.8,12.5,3.33,59.2,0.00,0.00,,0.00,,33.3,110.0,42.5,1.67,0.83,0.00,0.83,2.50,38.3,4.17,Matchs
2169,Fabio Quagliarella,it ITA,AT,Sampdoria,it Serie A,39,1983,8.9,38.2,1.12,3.82,16.0,18.7,5.17,38.2,01.01,0.45,44.4,0.34,33.3,23.6,84.8,23.1,0.56,0.45,0.34,2.58,0.56,28.9,08.09,Matchs
2170,Giacomo Quagliata,it ITA,DF,Cremonese,it Serie A,22,2000,7.8,54.0,1.92,13.7,19.7,21.9,1.67,54.0,3.21,1.28,40.0,1.41,44.0,24.7,152.4,98.7,2.44,2.31,0.26,1.28,0.77,26.5,5.77,Matchs
2171,Eduardo Quaresma,pt POR,DF,Hoffenheim,de Bundesliga,20,2002,1.0,81.0,4.00,25.0,53.0,4.00,1.00,81.0,2.00,1.00,50.0,0.00,0.0,56.0,228.0,133.0,4.00,1.00,0.00,1.00,0.00,51.0,0.00,Matchs
2172,Joshua Quarshie,de GER,MT,Hoffenheim,de Bundesliga,18,2004,0.0,3,0,0,0,3,1,3,0,0,,0,,2,10,6,0,0,0,0,0,2,0,Matchs
2173,Ghjuvanni Quilichini,fr FRA,GB,Ajaccio,fr Ligue 1,19,2002,0.9,41.1,34.4,41.1,0.00,0.00,0.00,41.1,0.00,0.00,,0.00,,22.2,154.4,124.4,0.00,0.00,0.00,0.00,0.00,13.3,0.00,Matchs
2174,Domingos Quina,pt POR,MT,Elche,es La Liga,22,1999,3.1,61.6,1.94,12.6,33.5,17.1,1.29,61.6,3.23,1.61,50.0,0.97,30.0,44.8,350.0,148.4,3.87,2.58,0.97,2.26,3.23,40.0,2.26,Matchs
2175,Rubén Quintanilla,es ESP,DF,Mallorca,es La Liga,20,2002,0.0,3,0,1,2,0,0,3,0,0,,0,,1,10,0,0,0,0,0,0,2,0,Matchs
Clt,Joueur,Nation,Pos,Équipe,Comp,Âge,Naissance,90,Touches,SurfRépDéf,ZDéf,MilTer,ZOff,SurfRépOff,Action de jeu,Att,Succ,Succ%,Tkld,Tkld%,Balle au pied,TotDist,DistBut,PrgC,1/3,CSR,Manqué,Perte,Rec,PrgR,Matchs
2176,Adrien Rabiot,fr FRA,MT,Juventus,it Serie A,27,1995,30.5,51.0,2.23,10.5,26.3,15.0,2.72,51.0,1.80,0.89,49.1,0.59,32.7,29.1,197.2,100.6,2.36,2.26,0.16,1.84,1.15,33.1,3.57,Matchs
2177,Nemanja Radonjić,rs SRB,"MT,AT",Torino,it Serie A,26,1996,16.2,44.1,0.12,2.90,14.6,27.4,5.56,44.1,7.41,03.09,41.7,3.70,50.0,32.1,270.7,130.2,5.31,2.96,3.21,3.27,2.10,35.1,10.1,Matchs
2178,Ivan Radovanović,rs SRB,"MT,DF",Salernitana,it Serie A,33,1988,7.5,43.1,4.00,17.3,24.3,1.87,0.27,43.1,0.13,0.00,0.0,0.13,100.0,23.3,108.7,58.5,0.27,0.13,0.00,0.80,0.00,27.1,0.27,Matchs
2179,Ionuț Radu,ro ROU,GB,Cremonese,it Serie A,25,1997,9.0,40.7,33.9,40.7,0.00,0.00,0.00,40.7,0.00,0.00,,0.00,,22.8,121.0,85.8,0.00,0.00,0.00,0.00,0.00,18.9,0.00,Matchs
2180,Ionuț Radu,ro ROU,GB,Auxerre,fr Ligue 1,25,1997,17.0,37.1,31.6,36.8,0.24,0.00,0.00,37.1,0.06,0.06,100.0,0.00,0.0,25.4,131.6,84.9,0.00,0.00,0.00,0.06,0.00,14.9,0.00,Matchs
2181,Ștefan Radu,ro ROU,AT,Lazio,it Serie A,35,1986,0.0,7,0,1,6,0,0,7,0,0,,0,,3,12,9,0,0,0,0,0,5,0,Matchs
2182,Antonio Raillo,es ESP,DF,Mallorca,es La Liga,30,1991,30.7,46.0,08.05,26.0,18.9,1.73,1.11,46.0,0.10,0.07,66.7,0.03,33.3,23.0,143.6,82.1,0.26,0.13,0.00,0.29,0.10,23.2,0.16,Matchs
2183,Antonio Raimondo,it ITA,AT,Bologna,it Serie A,18,2004,0.2,30.0,0.00,5.00,10.0,15.0,5.00,30.0,0.00,0.00,,0.00,,20.0,110.0,20.0,5.00,5.00,0.00,5.00,5.00,25.0,15.0,Matchs
2184,Predrag Rajković,rs SRB,GB,Mallorca,es La Liga,26,1995,36.0,35.7,28.4,35.2,0.50,0.00,0.00,35.7,0.17,0.14,83.3,0.03,16.7,18.2,125.4,78.3,0.00,0.00,0.00,0.06,0.00,12.7,0.00,Matchs
2185,Ivan Rakitić,hr CRO,MT,Sevilla,es La Liga,34,1988,19.9,72.1,1.41,10.7,39.2,22.7,1.66,72.0,0.55,0.20,36.4,0.20,36.4,42.8,187.6,100.7,2.11,1.76,0.10,1.21,0.65,50.4,4.22,Matchs
2186,Diant Ramaj,de GER,GB,Eint Frankfurt,de Bundesliga,20,2001,1.0,28.0,27.0,28.0,0.00,0.00,0.00,28.0,0.00,0.00,,0.00,,18.0,95.0,66.0,0.00,0.00,0.00,0.00,0.00,8.00,0.00,Matchs
2187,Largie Ramazani,be BEL,"AT,MT",Almería,es La Liga,21,2001,15.6,31.2,0.71,4.94,11.5,15.4,3.27,31.1,4.36,02.05,47.1,02.05,47.1,20.2,170.6,85.1,3.78,1.99,1.54,2.50,1.54,21.3,06.03,Matchs
2188,Simon Ramet,fr FRA,DF,Lille,fr Ligue 1,19,2003,0.0,0,0,0,0,0,0,0,0,0,,0,,0,0,0,0,0,0,0,0,0,0,Matchs
2189,Adil Rami,fr FRA,DF,Troyes,fr Ligue 1,36,1985,17.7,51.4,10.3,29.4,20.7,1.75,0.51,51.4,0.56,0.23,40.0,0.23,40.0,35.8,175.0,80.6,0.23,0.40,0.00,0.40,0.00,31.1,0.11,Matchs
2190,Chris Ramos,es ESP,AT,Cádiz,es La Liga,25,1997,7.9,34.9,2.66,5.19,12.0,17.8,07.09,34.9,2.78,01.01,36.4,1.39,50.0,13.9,60.9,24.2,1.14,0.38,0.51,03.04,0.38,22.2,4.43,Matchs
2191,Sergio Ramos,es ESP,DF,Paris S-G,fr Ligue 1,36,1986,30.0,92.5,10.3,35.4,52.2,5.30,1.00,92.5,0.47,0.17,35.7,0.20,42.9,77.1,385.0,189.9,0.50,0.67,0.10,0.27,0.20,72.9,0.33,Matchs
2192,Aaron Ramsdale,eng ENG,GB,Arsenal,eng Premier League,24,1998,38.0,31.5,22.9,30.8,0.74,0.00,0.00,31.5,0.03,0.03,100.0,0.00,0.0,19.0,103.5,64.7,0.00,0.03,0.00,0.00,0.00,16.6,0.00,Matchs
2193,Aaron Ramsey,wls WAL,MT,Nice,fr Ligue 1,31,1990,17.6,72.7,2.44,11.8,41.1,20.5,2.84,72.7,1.36,0.80,58.3,0.28,20.8,55.7,276.5,109.9,1.65,1.93,0.45,1.36,1.82,51.2,4.77,Matchs
2194,Jacob Ramsey,eng ENG,"MT,AT",Aston Villa,eng Premier League,21,2001,29.3,42.5,1.95,8.12,20.8,14.4,2.90,42.5,2.63,01.06,40.3,01.06,40.3,25.7,181.6,90.6,3.21,2.12,0.72,2.12,1.26,28.0,04.06,Matchs
2195,Luca Ranieri,it ITA,DF,Fiorentina,it Serie A,23,1999,5.6,68.0,5.89,34.3,32.0,2.68,0.54,68.0,0.36,0.18,50.0,0.18,50.0,37.1,168.6,86.6,0.71,0.36,0.00,0.71,0.18,46.1,0.00,Matchs
2196,Andrea Ranocchia,it ITA,DF,Monza,it Serie A,34,1988,0.5,70.0,26.0,56.0,14.0,0.00,0.00,70.0,0.00,0.00,,0.00,,22.0,126.0,44.0,0.00,0.00,0.00,0.00,0.00,26.0,0.00,Matchs
2197,Filippo Ranocchia,it ITA,MT,Monza,it Serie A,21,2001,5.9,55.6,2.37,11.9,29.5,15.3,0.68,55.6,2.54,1.36,53.3,0.51,20.0,36.1,231.4,111.2,2.20,03.05,0.00,1.69,1.69,40.0,2.54,Matchs
2198,Lilian Raolisoa,fr FRA,"DF,MT",Angers,fr Ligue 1,22,2000,1.9,79.5,4.21,17.9,26.8,35.3,2.11,79.5,2.63,1.58,60.0,0.53,20.0,56.8,357.9,153.2,2.63,5.79,0.53,1.58,2.63,48.9,8.42,Matchs
2199,Raphinha,br BRA,AT,Barcelona,es La Liga,25,1996,23.0,69.4,0.74,3.65,23.8,42.6,5.70,69.4,4.61,1.96,42.5,2.26,49.1,43.4,244.2,121.5,4.22,2.91,2.30,2.39,01.04,49.9,14.7,Matchs
2200,Nicolai Rapp,de GER,"MT,DF",Werder Bremen,de Bundesliga,25,1996,0.8,85.0,2.50,30.0,45.0,10.0,3.75,85.0,1.25,0.00,0.0,1.25,100.0,41.3,167.5,57.5,1.25,0.00,1.25,0.00,0.00,48.8,0.00,Matchs
Clt,Joueur,Nation,Pos,Équipe,Comp,Âge,Naissance,90,Touches,SurfRépDéf,ZDéf,MilTer,ZOff,SurfRépOff,Action de jeu,Att,Succ,Succ%,Tkld,Tkld%,Balle au pied,TotDist,DistBut,PrgC,1/3,CSR,Manqué,Perte,Rec,PrgR,Matchs
2201,Elba Rashani,xk KVX,"MT,AT",Clermont Foot,fr Ligue 1,29,1993,24.0,41.4,1.17,07.04,18.2,16.9,3.88,41.4,2.33,0.92,39.3,01.08,46.4,29.7,182.9,71.4,2.29,1.63,0.92,02.04,01.04,27.7,7.17,Matchs
2202,Marcus Rashford,eng ENG,AT,Manchester Utd,eng Premier League,24,1997,32.0,37.9,0.69,3.19,13.4,22.0,5.72,37.9,4.31,1.69,39.1,2.28,52.9,23.9,150.9,73.3,2.66,1.59,1.72,2.50,1.38,29.0,7.66,Matchs
2203,Giacomo Raspadori,it ITA,AT,Sassuolo,it Serie A,22,2000,0.5,30.0,0.00,0.00,14.0,16.0,4.00,30.0,0.00,0.00,,0.00,,20.0,66.0,12.0,0.00,2.00,0.00,4.00,2.00,24.0,8.00,Matchs
2204,Giacomo Raspadori,it ITA,"AT,MT",Napoli,it Serie A,22,2000,10.1,57.1,0.40,4.95,23.6,28.7,5.45,57.1,02.08,0.79,38.1,0.99,47.6,34.5,141.0,53.4,1.29,0.99,0.50,03.07,1.39,44.1,8.71,Matchs
2205,Rafael Ratão,br BRA,"AT,MT",Toulouse,fr Ligue 1,26,1995,20.6,52.6,0.83,7.77,23.2,22.5,3.50,52.6,4.13,1.84,44.7,1.80,43.5,41.6,267.6,106.6,2.96,1.94,0.78,2.77,1.50,38.0,10.5,Matchs
2206,David Raum,de GER,"DF,MT",RB Leipzig,de Bundesliga,24,1998,18.7,73.1,2.19,19.5,29.3,25.2,1.82,73.1,1.82,0.43,23.5,1.12,61.8,38.6,165.3,83.6,2.35,1.23,0.53,0.91,0.48,43.7,6.79,Matchs
2207,Nicola Ravaglia,it ITA,GB,Sampdoria,it Serie A,33,1988,9.0,40.3,35.8,40.0,0.33,0.00,0.00,40.3,0.00,0.00,,0.00,,19.3,111.3,60.6,0.00,0.00,0.00,0.00,0.00,13.7,0.00,Matchs
2208,Rayan Raveloson,mg MAD,"DF,MT",Auxerre,fr Ligue 1,25,1997,27.0,52.6,4.81,17.9,25.4,9.89,1.44,52.6,1.00,0.30,29.6,0.41,40.7,34.3,202.0,100.2,1.33,1.41,0.22,1.52,0.59,29.2,2.26,Matchs
2209,David Raya,es ESP,GB,Brentford,eng Premier League,26,1995,38.0,45.3,33.1,42.5,2.84,0.03,0.03,45.3,0.03,0.03,100.0,0.00,0.0,27.1,155.0,99.9,0.00,0.00,0.00,0.00,0.00,21.3,0.00,Matchs
2210,Tim Ream,us USA,DF,Fulham,eng Premier League,34,1987,32.2,68.1,9.69,34.9,31.7,1.89,0.43,68.1,0.50,0.34,68.8,0.09,18.8,42.3,239.7,157.4,0.87,0.40,0.00,0.47,0.16,45.0,0.06,Matchs
2211,Ante Rebić,hr CRO,"AT,MT",Milan,it Serie A,28,1993,10.9,40.1,0.46,02.02,12.5,26.0,5.14,40.1,2.84,1.38,48.4,1.28,45.2,23.3,111.3,35.8,1.56,0.92,0.46,2.39,1.38,31.3,8.44,Matchs
2212,Arkadiusz Reca,pl POL,DF,Spezia,it Serie A,27,1995,24.1,61.5,3.73,19.5,25.1,17.6,1.33,61.5,2.53,0.79,31.1,1.49,59.0,30.5,212.4,124.5,3.40,02.07,0.33,1.58,0.41,34.1,3.90,Matchs
2213,Nathan Redmond,eng ENG,DF,Southampton,eng Premier League,28,1994,0.0,1,0,0,0,1,0,1,0,0,,0,,1,1,1,0,0,0,0,0,1,1,Matchs
2214,Harrison Reed,eng ENG,MT,Fulham,eng Premier League,27,1995,31.8,49.8,1.79,9.18,26.5,14.6,1.57,49.8,0.88,0.31,35.7,0.50,57.1,24.1,107.9,35.9,0.94,0.69,0.13,1.38,0.79,30.6,3.36,Matchs
2215,Sergio Reguilón,es ESP,DF,Atlético Madrid,es La Liga,25,1996,3.4,52.4,02.06,12.9,21.2,19.4,2.94,52.4,1.76,0.88,50.0,0.29,16.7,29.7,222.9,130.6,4.71,3.53,1.47,1.47,0.88,33.8,8.82,Matchs
2216,Bobby Reid,jm JAM,"AT,DF",Fulham,eng Premier League,29,1993,27.5,43.3,2.00,8.29,17.7,17.8,2.80,43.3,1.93,0.65,34.0,0.95,49.1,23.6,107.5,48.5,1.67,1.20,0.40,1.93,1.16,27.6,6.76,Matchs
2217,Pepe Reina,es ESP,GB,Villarreal,es La Liga,39,1982,22.0,40.9,33.8,40.5,0.36,0.00,0.00,40.9,0.05,0.05,100.0,0.00,0.0,24.6,132.7,83.4,0.00,0.00,0.00,0.00,0.00,20.7,0.00,Matchs
2218,Jeff Reine-Adélaïde,fr FRA,MT,Troyes,fr Ligue 1,24,1998,2.6,61.2,0.77,12.7,36.9,13.8,0.38,61.2,6.54,3.85,58.8,2.69,41.2,48.5,365.0,199.2,3.85,5.00,0.00,1.15,5.00,46.5,03.08,Matchs
2219,Jeff Reine-Adélaïde,fr FRA,MT,Lyon,fr Ligue 1,24,1998,3.7,101.9,0.54,8.38,56.8,38.9,2.97,101.9,5.95,3.24,54.5,1.62,27.3,85.4,551.9,259.2,5.41,7.30,0.81,3.24,2.43,81.1,6.76,Matchs
2220,Reinier,br BRA,"MT,AT",Girona,es La Liga,20,2002,7.2,45.7,0.83,6.39,21.8,17.8,2.78,45.7,2.36,1.25,52.9,1.11,47.1,29.2,158.2,68.1,1.81,2.50,0.14,2.64,2.64,35.8,3.75,Matchs
2221,Rocco Reitz,de GER,MT,M'Gladbach,de Bundesliga,20,2002,0.0,2,0,0,2,0,0,2,0,0,,0,,2,10,2,0,0,0,0,0,2,0,Matchs
2222,Karim Rekik,nl NED,DF,Sevilla,es La Liga,27,1994,13.1,61.0,4.27,24.7,32.7,3.97,0.84,61.0,0.46,0.23,50.0,0.23,50.0,40.0,183.6,99.9,0.99,0.76,0.08,0.53,0.38,43.4,0.53,Matchs
2223,Álex Remiro,es ESP,GB,Real Sociedad,es La Liga,27,1995,38.0,36.6,30.9,36.4,0.18,0.00,0.00,36.6,0.00,0.00,,0.00,,21.2,118.0,71.1,0.00,0.00,0.00,0.05,0.00,17.1,0.00,Matchs
2224,Panagiotis Retsos,gr GRE,DF,Hellas Verona,it Serie A,23,1998,1.4,54.3,5.71,22.1,27.1,5.00,0.71,54.3,0.71,0.71,100.0,0.00,0.0,25.0,177.9,89.3,1.43,0.00,0.00,0.00,0.71,23.6,0.00,Matchs
2225,Marco Reus,de GER,"MT,AT",Dortmund,de Bundesliga,33,1989,15.0,48.7,1.00,07.07,21.9,20.5,04.07,48.7,1.67,0.60,36.0,0.87,52.0,28.4,139.9,67.1,2.20,1.67,0.73,1.93,01.07,34.0,5.20,Matchs
Clt,Joueur,Nation,Pos,Équipe,Comp,Âge,Naissance,90,Touches,SurfRépDéf,ZDéf,MilTer,ZOff,SurfRépOff,Action de jeu,Att,Succ,Succ%,Tkld,Tkld%,Balle au pied,TotDist,DistBut,PrgC,1/3,CSR,Manqué,Perte,Rec,PrgR,Matchs
2226,Alejandro Revuelta Montero,es ESP,DF,Getafe,es La Liga,22,2000,0.0,1,0,1,0,0,0,1,0,0,,0,,0,0,0,0,0,0,0,0,0,0,Matchs
2227,Elvis Rexhbeçaj,de GER,MT,Augsburg,de Bundesliga,24,1997,28.0,42.0,2.96,13.2,22.5,6.93,0.29,42.0,0.68,0.21,31.6,0.32,47.4,18.8,94.8,51.8,0.50,0.54,0.00,1.25,0.46,20.9,0.71,Matchs
2228,Gio Reyna,us USA,"AT,MT",Dortmund,de Bundesliga,19,2002,6.9,60.9,0.87,5.22,24.3,31.9,6.67,60.7,3.33,1.16,34.8,1.74,52.2,39.7,233.3,110.0,3.33,2.75,01.01,1.88,2.17,47.0,8.26,Matchs
2229,Chadi Riad,ma MAR,MT,Barcelona,es La Liga,19,2003,0.0,1,0,1,0,0,0,1,0,0,,0,,1,8,0,0,0,0,0,0,1,0,Matchs
2230,Nico Ribaudo,es ESP,"MT,AT",Espanyol,es La Liga,21,2001,13.9,45.0,0.22,03.02,22.1,20.7,2.81,45.0,3.81,1.44,37.7,1.87,49.1,28.0,170.4,84.4,2.88,2.81,0.72,2.52,1.73,31.2,6.62,Matchs
2231,Alexsandro Ribeiro,br BRA,DF,Lille,fr Ligue 1,22,1999,17.9,80.9,8.38,35.9,43.0,2.46,1.28,80.9,1.12,0.78,70.0,0.34,30.0,60.9,323.9,161.5,0.50,0.28,0.00,0.61,0.28,56.4,0.39,Matchs
2232,Franck Ribéry,fr FRA,MT,Salernitana,it Serie A,39,1983,0.4,70.0,0.00,7.50,40.0,25.0,0.00,70.0,7.50,0.00,0.0,7.50,100.0,37.5,302.5,167.5,2.50,2.50,0.00,0.00,2.50,60.0,10.0,Matchs
2233,Samuele Ricci,it ITA,MT,Torino,it Serie A,20,2001,23.0,59.8,2.17,10.1,39.1,11.2,0.65,59.8,1.13,0.35,30.8,0.52,46.2,37.7,212.9,90.6,1.87,1.30,0.22,0.91,0.74,42.3,1.35,Matchs
2234,Declan Rice,eng ENG,MT,West Ham,eng Premier League,23,1999,36.4,68.0,3.38,18.4,39.0,11.9,0.66,68.0,1.79,01.02,56.9,0.63,35.4,40.0,251.9,135.1,2.45,02.09,0.16,0.77,0.71,45.1,01.02,Matchs
2235,Chris Richards,us USA,DF,Crystal Palace,eng Premier League,22,2000,5.0,54.8,9.40,26.2,23.8,4.80,1.40,54.8,0.00,0.00,,0.00,,24.0,110.0,53.8,0.80,0.20,0.00,0.60,0.40,29.8,0.60,Matchs
2236,Richarlison,br BRA,"MT,AT",Tottenham,eng Premier League,25,1997,11.2,39.4,0.98,6.96,15.4,17.9,5.54,39.4,03.04,01.07,35.3,1.61,52.9,23.2,142.7,69.9,2.95,1.70,1.16,3.57,1.61,27.3,6.70,Matchs
2237,Marco Richter,de GER,"MT,AT",Hertha BSC,de Bundesliga,24,1997,20.4,52.6,1.52,9.90,23.6,20.2,2.16,52.6,4.31,1.76,40.9,2.11,48.9,26.5,136.7,57.5,1.86,1.37,0.39,2.79,1.67,27.1,5.00,Matchs
2238,Diego Rico,es ESP,DF,Real Sociedad,es La Liga,29,1993,18.3,64.8,3.72,21.0,28.1,16.2,0.44,64.8,1.48,0.71,48.1,0.49,33.3,29.2,145.3,69.7,1.75,1.42,0.05,1.31,0.55,34.3,3.93,Matchs
2239,Jaïro Riedewald,nl NED,"DF,MT",Crystal Palace,eng Premier League,25,1996,0.7,77.1,8.57,27.1,32.9,20.0,1.43,77.1,0.00,0.00,,0.00,,32.9,158.6,98.6,1.43,1.43,0.00,0.00,0.00,40.0,1.43,Matchs
2240,Manuel Riemann,de GER,GB,Bochum,de Bundesliga,33,1988,34.0,55.3,35.1,51.1,4.35,0.03,0.03,55.3,0.00,0.00,,0.00,,31.5,169.8,110.4,0.03,0.00,0.00,0.03,0.00,26.1,0.00,Matchs
2241,Tomás Rincón,ve VEN,MT,Sampdoria,it Serie A,34,1988,28.4,52.7,1.65,11.7,32.7,9.12,0.70,52.7,1.65,0.95,57.4,0.60,36.2,30.8,138.2,59.4,0.95,0.99,0.21,0.92,01.02,34.8,1.23,Matchs
2242,Rémy Riou,fr FRA,GB,Lyon,fr Ligue 1,34,1987,6.7,36.0,30.4,35.8,0.15,0.00,0.00,36.0,0.00,0.00,,0.00,,24.3,98.8,60.1,0.00,0.00,0.00,0.00,0.00,17.2,0.00,Matchs
2243,Renaud Ripart,fr FRA,"AT,MT",Troyes,fr Ligue 1,29,1993,14.7,46.9,0.88,5.78,22.9,18.9,3.74,46.9,2.86,0.75,26.2,1.77,61.9,32.0,188.2,76.3,1.90,1.16,0.54,2.11,1.36,32.7,07.07,Matchs
2244,Rodrigo Riquelme,es ESP,"MT,AT",Girona,es La Liga,22,2000,24.2,42.2,0.58,5.62,15.7,21.8,3.68,42.2,5.91,2.36,39.9,2.93,49.7,29.6,256.9,138.6,4.79,04.01,1.74,2.56,1.24,31.6,07.07,Matchs
2245,Matt Ritchie,sct SCO,"AT,MT",Newcastle Utd,eng Premier League,32,1989,0.4,87.5,2.50,20.0,30.0,40.0,2.50,87.5,2.50,2.50,100.0,0.00,0.0,57.5,252.5,120.0,2.50,7.50,0.00,2.50,0.00,67.5,22.5,Matchs
2246,Sergi Roberto,es ESP,"DF,MT",Barcelona,es La Liga,30,1992,14.5,72.5,02.07,12.3,39.0,21.5,2.14,72.5,0.90,0.34,38.5,0.28,30.8,45.4,205.2,122.3,3.24,2.21,0.41,0.62,0.21,53.9,4.97,Matchs
2247,Lucas Robertone,ar ARG,MT,Almería,es La Liga,25,1997,31.6,54.1,2.12,10.9,29.1,15.2,1.20,54.1,2.15,0.85,39.7,0.95,44.1,29.4,155.8,79.4,1.49,1.52,0.22,1.39,0.60,34.2,03.07,Matchs
2248,Andrew Robertson,sct SCO,DF,Liverpool,eng Premier League,28,1994,28.7,86.5,2.75,24.1,37.8,25.3,02.06,86.5,1.46,0.59,40.5,0.80,54.8,48.3,233.5,137.1,2.79,02.09,0.35,01.08,0.24,57.0,6.76,Matchs
2249,Antonee Robinson,us USA,DF,Fulham,eng Premier League,24,1997,34.3,65.9,3.64,22.7,27.3,16.9,0.85,65.9,2.16,1.14,52.7,0.76,35.1,34.2,227.9,123.8,3.27,2.51,0.29,1.17,0.58,36.8,4.46,Matchs
2250,Joel Robles,es ESP,GB,Leeds United,eng Premier League,32,1990,4.0,34.0,25.3,32.3,2.00,0.00,0.00,34.0,0.00,0.00,,0.00,,14.3,84.3,62.8,0.00,0.00,0.00,0.00,0.00,11.0,0.00,Matchs
Clt,Joueur,Nation,Pos,Équipe,Comp,Âge,Naissance,90,Touches,SurfRépDéf,ZDéf,MilTer,ZOff,SurfRépOff,Action de jeu,Att,Succ,Succ%,Tkld,Tkld%,Balle au pied,TotDist,DistBut,PrgC,1/3,CSR,Manqué,Perte,Rec,PrgR,Matchs
2251,Joel Roca,es ESP,"MT,AT",Girona,es La Liga,17,2005,0.9,76.7,2.22,13.3,26.7,37.8,5.56,76.7,15.6,5.56,35.7,8.89,57.1,51.1,275.6,113.3,3.33,2.22,2.22,4.44,2.22,52.2,15.6,Matchs
2252,Marc Roca,es ESP,MT,Leeds United,eng Premier League,25,1996,25.7,61.1,1.83,13.0,35.6,13.0,01.01,61.1,1.17,0.66,56.7,0.39,33.3,32.0,141.1,74.5,0.97,0.70,0.23,01.01,01.01,36.9,01.09,Matchs
2253,Enzo Roco,cl CHI,DF,Elche,es La Liga,29,1992,18.4,48.4,6.14,26.4,20.4,02.01,0.82,48.4,0.27,0.16,60.0,0.11,40.0,25.8,128.3,66.7,0.33,0.33,0.00,0.38,0.00,26.8,0.11,Matchs
2254,Marek Rodák,sk SVK,GB,Fulham,eng Premier League,25,1996,2.0,32.5,29.0,32.5,0.00,0.00,0.00,32.5,0.00,0.00,,0.00,,18.0,103.0,47.0,0.00,0.00,0.00,0.50,0.00,10.5,0.00,Matchs
2255,Sebastian Rode,de GER,MT,Eint Frankfurt,de Bundesliga,31,1990,15.7,63.5,1.85,10.4,42.1,11.3,1.34,63.5,0.89,0.45,50.0,0.25,28.6,33.7,151.6,84.1,1.46,01.02,0.19,0.76,0.38,43.8,2.48,Matchs
2256,Joe Rodon,wls WAL,DF,Rennes,fr Ligue 1,24,1997,15.7,74.8,6.11,31.0,42.5,1.59,0.83,74.8,0.19,0.19,100.0,0.00,0.0,58.6,296.7,147.0,0.32,0.19,0.00,0.32,0.13,55.0,0.00,Matchs
2257,Rodri,es ESP,MT,Manchester City,eng Premier League,26,1996,32.3,101.3,3.68,21.9,61.7,18.3,1.92,101.3,1.15,0.77,67.6,0.25,21.6,62.0,318.7,174.1,2.35,2.23,0.09,0.65,0.59,77.7,1.15,Matchs
2258,Rodri,es ESP,"AT,MT",Betis,es La Liga,22,2000,17.8,57.1,0.34,6.74,26.6,24.6,2.98,57.1,3.99,1.63,40.8,1.74,43.7,41.5,233.0,104.6,3.20,02.02,01.07,1.97,1.12,46.4,5.84,Matchs
2259,Rodrigo,es ESP,"AT,MT",Leeds United,eng Premier League,31,1991,21.5,37.4,1.21,4.37,17.3,15.9,5.12,37.3,1.35,0.56,41.4,0.70,51.7,21.0,103.1,38.4,1.86,0.79,1.12,2.65,1.12,25.4,6.65,Matchs
2260,Ángel Rodríguez,es ESP,"AT,MT",Mallorca,es La Liga,35,1987,4.4,29.1,0.91,3.41,13.9,11.8,4.77,29.1,1.36,0.45,33.3,0.91,66.7,20.7,91.4,27.5,0.91,0.68,0.91,2.73,0.91,22.5,4.32,Matchs
2261,Óscar Rodríguez Arnaiz,es ESP,MT,Celta Vigo,es La Liga,24,1998,19.7,63.3,1.17,10.1,34.6,19.2,1.22,63.3,1.32,0.56,42.3,0.66,50.0,36.8,162.0,67.5,1.47,1.42,0.30,1.22,0.76,44.3,1.88,Matchs
2262,Dani Rodríguez,es ESP,MT,Mallorca,es La Liga,34,1988,23.3,40.8,1.16,7.98,20.6,12.8,1.80,40.8,2.36,1.20,50.9,01.03,43.6,24.0,147.1,65.5,1.85,1.24,0.34,02.02,1.59,25.9,2.75,Matchs
2263,Guido Rodríguez,ar ARG,MT,Betis,es La Liga,28,1994,31.9,64.7,3.70,19.0,39.1,7.18,0.56,64.7,1.10,0.69,62.9,0.25,22.9,32.4,122.5,54.5,0.34,0.44,0.09,0.53,0.66,40.8,0.56,Matchs
2264,Miguel Rodríguez,es ESP,"MT,AT",Celta Vigo,es La Liga,19,2003,2.8,47.1,0.71,8.93,16.4,22.9,4.64,47.1,4.64,01.07,23.1,2.14,46.2,31.8,185.7,106.4,3.57,2.14,1.43,2.14,1.43,31.8,7.86,Matchs
2265,Pablo Rodríguez,es ESP,"AT,MT",Lecce,it Serie A,20,2001,0.6,53.3,0.00,6.67,30.0,18.3,0.00,53.3,1.67,0.00,0.0,0.00,0.0,35.0,161.7,90.0,3.33,3.33,0.00,1.67,3.33,36.7,11.7,Matchs
2266,Ricardo Rodríguez,ch SUI,DF,Torino,it Serie A,29,1992,29.7,67.1,04.01,23.3,33.6,10.6,0.40,67.1,0.44,0.24,53.8,0.17,38.5,38.2,198.8,104.7,1.65,1.95,0.17,0.44,0.37,44.7,1.72,Matchs
2267,Rodrygo,br BRA,"AT,MT",Real Madrid,es La Liga,21,2001,26.4,53.0,0.11,2.12,20.3,31.2,7.73,53.0,6.40,03.07,47.9,2.58,40.2,39.2,250.5,138.6,5.53,03.07,2.99,2.42,1.14,45.4,10.2,Matchs
2268,Mads Roerslev,dk DEN,DF,Brentford,eng Premier League,23,1999,12.3,34.6,04.07,14.5,11.4,8.86,01.06,34.6,0.57,0.24,42.9,0.24,42.9,15.1,66.4,22.6,0.65,0.57,0.16,1.14,0.73,17.1,2.93,Matchs
2269,Agustín Rogel,uy URU,DF,Hertha BSC,de Bundesliga,24,1997,15.8,45.9,6.96,27.5,17.4,1.27,0.70,45.9,0.00,0.00,,0.00,,19.3,82.3,42.3,0.06,0.06,0.00,0.76,0.00,22.1,0.13,Matchs
2270,Rogério,br BRA,DF,Sassuolo,it Serie A,24,1998,33.3,69.3,2.82,23.4,31.0,15.7,0.93,69.3,1.23,0.69,56.1,0.33,26.8,38.2,234.3,137.7,3.30,1.95,0.39,0.84,0.24,42.6,3.45,Matchs
2271,Merlin Röhl,de GER,"MT,AT",Freiburg,de Bundesliga,20,2002,0.6,50.0,0.00,10.0,26.7,13.3,5.00,50.0,1.67,0.00,0.0,0.00,0.0,33.3,145.0,65.0,3.33,1.67,0.00,3.33,6.67,33.3,6.67,Matchs
2272,Tony Rölke,de GER,AT,Hertha BSC,de Bundesliga,19,2003,0.2,55.0,0.00,15.0,35.0,5.00,0.00,55.0,0.00,0.00,,0.00,,15.0,30.0,0.00,0.00,0.00,0.00,5.00,0.00,45.0,0.00,Matchs
2273,Filippo Romagna,it ITA,DF,Sassuolo,it Serie A,25,1997,0.5,80.0,16.0,58.0,22.0,0.00,0.00,80.0,0.00,0.00,,0.00,,60.0,248.0,132.0,2.00,0.00,0.00,0.00,0.00,58.0,0.00,Matchs
2274,Alessio Romagnoli,it ITA,DF,Lazio,it Serie A,27,1995,32.5,64.8,9.42,33.5,30.4,01.05,0.52,64.8,0.03,0.03,100.0,0.00,0.0,33.4,137.5,63.2,0.09,0.22,0.06,0.31,0.09,42.6,0.09,Matchs
2275,Simone Romagnoli,it ITA,DF,Lecce,it Serie A,32,1990,1.9,52.6,10.5,29.5,22.6,01.05,01.05,52.6,0.00,0.00,,0.00,,23.2,83.7,36.3,0.00,0.00,0.00,0.00,0.00,24.7,0.00,Matchs
Clt,Joueur,Nation,Pos,Équipe,Comp,Âge,Naissance,90,Touches,SurfRépDéf,ZDéf,MilTer,ZOff,SurfRépOff,Action de jeu,Att,Succ,Succ%,Tkld,Tkld%,Balle au pied,TotDist,DistBut,PrgC,1/3,CSR,Manqué,Perte,Rec,PrgR,Matchs
2276,Leonardo Román,es ESP,GB,Mallorca,es La Liga,22,2000,1.0,45.0,42.0,45.0,0.00,0.00,0.00,45.0,0.00,0.00,,0.00,,21.0,105.0,67.0,0.00,0.00,0.00,0.00,0.00,16.0,0.00,Matchs
2277,Cristian Romero,ar ARG,DF,Tottenham,eng Premier League,24,1998,26.3,73.1,11.4,37.1,32.3,4.22,0.65,73.1,0.84,0.49,59.1,0.30,36.4,43.7,198.3,113.8,0.72,0.95,0.04,0.72,0.38,46.6,0.34,Matchs
2278,Iván Romero,es ESP,MT,Sevilla,es La Liga,21,2001,0.1,50.0,0.00,0.00,30.0,20.0,0.00,50.0,0.00,0.00,,0.00,,40.0,190.0,10.0,0.00,0.00,0.00,10.0,10.0,40.0,0.00,Matchs
2279,Luka Romero,ar ARG,AT,Lazio,it Serie A,17,2004,1.7,65.9,1.18,8.24,29.4,28.2,4.12,65.9,5.88,1.18,20.0,4.12,70.0,49.4,291.8,93.5,2.35,1.76,1.18,2.94,2.35,53.5,12.4,Matchs
2280,Oriol Romeu,es ESP,MT,Southampton,eng Premier League,30,1991,0.8,46.3,2.50,6.25,23.8,17.5,1.25,46.3,1.25,1.25,100.0,0.00,0.0,22.5,160.0,82.5,2.50,1.25,0.00,1.25,0.00,25.0,0.00,Matchs
2281,Oriol Romeu,es ESP,MT,Girona,es La Liga,30,1991,32.8,59.5,3.32,18.0,34.1,7.90,0.85,59.5,0.73,0.61,83.3,0.03,4.2,35.0,135.6,63.0,0.46,0.88,0.03,0.79,0.85,40.2,0.49,Matchs
2282,Cristiano Ronaldo,pt POR,AT,Manchester Utd,eng Premier League,37,1985,5.8,37.9,1.38,4.31,15.7,18.3,5.52,37.9,1.55,0.69,44.4,0.52,33.3,16.2,82.2,49.7,1.55,01.03,0.52,1.21,0.52,28.8,5.69,Matchs
2283,Connor Ronan,ie IRL,MT,Wolves,eng Premier League,24,1998,0.0,4,0,0,3,1,0,4,1,1,100.0,0,0.0,1,4,2,0,0,0,0,0,3,1,Matchs
2284,Salomón Rondón,ve VEN,AT,Everton,eng Premier League,32,1989,1.2,30.0,0.83,1.67,12.5,15.8,3.33,30.0,0.83,0.83,100.0,0.00,0.0,13.3,27.5,2.50,0.00,0.83,0.00,0.83,0.83,26.7,5.83,Matchs
2285,Valentin Rongier,fr FRA,MT,Marseille,fr Ligue 1,27,1994,33.7,72.8,2.55,15.0,43.4,15.0,1.22,72.8,1.34,0.86,64.4,0.45,33.3,56.1,338.1,162.0,1.69,1.54,0.27,0.92,0.89,50.7,2.14,Matchs
2286,Marten de Roon,nl NED,MT,Atalanta,it Serie A,31,1991,32.9,67.1,3.62,19.3,37.4,10.8,0.64,67.1,0.30,0.12,40.0,0.15,50.0,34.3,142.9,66.7,0.55,0.91,0.06,0.49,0.46,42.2,0.70,Matchs
2287,Pablo Rosario,nl NED,"MT,DF",Nice,fr Ligue 1,25,1997,19.6,62.6,3.62,18.2,35.4,9.39,0.82,62.6,0.97,0.36,36.8,0.51,52.6,48.0,230.8,113.9,0.92,0.97,0.00,1.12,0.56,45.2,2.14,Matchs
2288,Francesco Rossi,it ITA,GB,Atalanta,it Serie A,31,1991,0.0,5,3,5,0,0,0,5,0,0,,0,,3,3,1,0,0,0,0,0,3,0,Matchs
2289,Tom Rothe,de GER,DF,Dortmund,de Bundesliga,17,2004,0.3,73.3,10.0,26.7,23.3,23.3,3.33,73.3,3.33,3.33,100.0,0.00,0.0,40.0,86.7,46.7,0.00,0.00,0.00,0.00,0.00,33.3,6.67,Matchs
2290,Joe Rothwell,eng ENG,MT,Bournemouth,eng Premier League,27,1995,11.3,47.6,1.68,11.6,27.3,9.29,0.44,47.6,02.04,1.42,69.6,0.62,30.4,25.2,145.1,69.9,01.06,01.06,0.18,0.71,0.35,28.2,01.06,Matchs
2291,Anthony Rouault,fr FRA,DF,Toulouse,fr Ligue 1,21,2001,36.8,66.6,10.0,34.8,30.2,1.88,0.90,66.6,0.27,0.08,30.0,0.14,50.0,45.7,231.8,125.9,0.27,0.22,0.03,0.63,0.14,41.1,0.16,Matchs
2292,Jérôme Roussillon,fr FRA,"MT,DF",Wolfsburg,de Bundesliga,29,1993,0.2,55.0,0.00,0.00,20.0,35.0,0.00,55.0,5.00,0.00,0.0,5.00,100.0,35.0,105.0,25.0,0.00,0.00,0.00,10.0,10.0,35.0,10.0,Matchs
2293,Jérôme Roussillon,fr FRA,DF,Union Berlin,de Bundesliga,29,1993,10.6,52.0,2.45,13.4,20.9,18.2,1.23,52.0,2.64,01.04,39.3,1.32,50.0,23.6,113.8,52.0,1.70,01.04,0.38,1.13,0.75,25.6,3.96,Matchs
2294,Nicolò Rovella,it ITA,MT,Monza,it Serie A,20,2001,19.3,80.6,2.38,19.4,49.2,12.8,0.52,80.6,0.78,0.31,40.0,0.41,53.3,49.2,260.3,117.0,1.35,1.55,0.10,01.04,0.36,58.8,0.98,Matchs
2295,Nicolò Rovella,it ITA,MT,Juventus,it Serie A,20,2001,0.3,96.7,0.00,13.3,56.7,30.0,0.00,96.7,6.67,6.67,100.0,0.00,0.0,70.0,416.7,220.0,3.33,3.33,0.00,3.33,0.00,80.0,6.67,Matchs
2296,Amir Rrahmani,xk KVX,DF,Napoli,it Serie A,28,1994,27.2,87.2,8.38,35.1,48.8,3.75,01.07,87.2,0.22,0.11,50.0,0.07,33.3,57.8,301.5,184.7,0.85,0.85,0.04,0.33,0.11,65.0,0.18,Matchs
2297,Ruan,br BRA,DF,Sassuolo,it Serie A,23,1999,19.0,59.8,10.1,35.8,22.7,1.47,0.68,59.8,0.21,0.16,75.0,0.05,25.0,31.6,142.3,64.3,0.32,0.26,0.00,0.21,0.26,34.7,0.16,Matchs
2298,Rubén,es ESP,"DF,MT",Espanyol,es La Liga,21,2001,9.9,47.8,2.42,13.1,19.7,16.2,2.12,47.8,2.42,1.21,50.0,01.01,41.7,22.6,162.8,84.6,3.43,1.52,01.01,1.72,0.91,23.2,5.76,Matchs
2299,Antonio Rüdiger,de GER,DF,Real Madrid,es La Liga,29,1993,26.8,67.7,7.24,33.8,31.3,2.95,0.93,67.7,0.15,0.11,75.0,0.04,25.0,45.4,223.5,139.2,0.78,0.41,0.00,0.30,0.07,50.0,0.37,Matchs
2300,Sebastian Rudy,de GER,MT,Hoffenheim,de Bundesliga,32,1990,8.8,62.2,2.84,16.0,33.6,12.7,0.45,62.2,0.34,0.00,0.0,0.34,100.0,28.1,115.6,52.4,0.80,0.57,0.00,1.36,0.91,34.8,0.80,Matchs
Clt,Joueur,Nation,Pos,Équipe,Comp,Âge,Naissance,90,Touches,SurfRépDéf,ZDéf,MilTer,ZOff,SurfRépOff,Action de jeu,Att,Succ,Succ%,Tkld,Tkld%,Balle au pied,TotDist,DistBut,PrgC,1/3,CSR,Manqué,Perte,Rec,PrgR,Matchs
2301,Daniele Rugani,it ITA,DF,Juventus,it Serie A,28,1994,6.3,51.6,9.68,32.4,17.8,1.43,0.63,51.6,0.16,0.16,100.0,0.00,0.0,29.7,134.0,78.7,0.32,0.00,0.00,0.16,0.00,33.8,0.00,Matchs
2302,Matteo Ruggeri,it ITA,"DF,MT",Atalanta,it Serie A,20,2002,9.2,78.5,2.61,21.5,33.0,24.3,1.85,78.5,0.98,0.43,44.4,0.54,55.6,37.2,163.9,84.5,2.39,1.52,0.33,0.76,0.54,48.3,07.07,Matchs
2303,Mário Rui,pt POR,DF,Napoli,it Serie A,31,1991,19.4,96.1,1.86,19.6,48.8,28.5,0.57,96.1,0.82,0.41,50.0,0.26,31.3,56.8,242.8,153.4,2.68,2.89,0.10,0.52,0.36,64.1,5.00,Matchs
2304,Aitor Ruibal,es ESP,"DF,AT",Betis,es La Liga,26,1996,16.2,65.6,2.72,20.9,28.9,17.2,1.48,65.6,4.14,2.16,52.2,1.91,46.3,34.5,181.2,112.2,2.35,1.67,0.49,1.48,0.80,36.9,4.32,Matchs
2305,Kays Ruiz,ma MAR,MT,Auxerre,fr Ligue 1,19,2002,0.7,58.6,0.00,27.1,27.1,5.71,1.43,58.6,1.43,1.43,100.0,0.00,0.0,44.3,228.6,97.1,1.43,0.00,1.43,2.86,1.43,32.9,2.86,Matchs
2306,Fabián Ruiz Peña,es ESP,MT,Paris S-G,fr Ligue 1,26,1996,21.0,93.9,2.52,19.6,55.3,19.5,1.95,93.9,1.43,0.86,60.0,0.57,40.0,80.0,344.3,150.6,1.52,1.67,0.19,1.10,0.76,75.2,4.10,Matchs
2307,Víctor Ruiz,es ESP,DF,Betis,es La Liga,33,1989,6.2,50.8,08.06,29.0,20.6,1.29,0.65,50.8,0.00,0.00,,0.00,,26.9,141.5,72.1,0.65,0.48,0.16,0.16,0.00,29.5,0.00,Matchs
2308,Gerónimo Rulli,ar ARG,GB,Villarreal,es La Liga,30,1992,14.0,41.4,34.0,41.2,0.21,0.00,0.00,41.4,0.00,0.00,,0.00,,23.9,113.6,75.8,0.00,0.00,0.00,0.00,0.00,20.2,0.00,Matchs
2309,Alessandro Russo,it ITA,GB,Sassuolo,it Serie A,21,2001,1.0,55.0,47.0,55.0,0.00,0.00,0.00,55.0,0.00,0.00,,0.00,,33.0,125.0,68.0,0.00,0.00,0.00,0.00,0.00,33.0,0.00,Matchs
2310,Franco Russo,ar ARG,DF,Mallorca,es La Liga,27,1994,1.6,48.8,7.50,29.4,17.5,1.88,0.00,48.8,0.00,0.00,,0.00,,26.9,101.9,39.4,0.00,0.00,0.00,0.00,0.63,25.6,0.00,Matchs
2311,Georginio Rutter,fr FRA,"AT,MT",Leeds United,eng Premier League,20,2002,3.0,41.3,1.33,4.33,15.7,21.7,6.67,41.3,8.33,3.00,36.0,4.33,52.0,25.3,117.0,42.0,1.67,0.33,1.00,5.00,4.67,28.7,7.00,Matchs
2312,Georginio Rutter,fr FRA,AT,Hoffenheim,de Bundesliga,20,2002,11.2,30.2,0.80,2.41,8.75,19.6,5.98,30.2,6.34,03.04,47.9,03.04,47.9,21.0,137.6,64.6,2.86,0.98,2.14,4.11,2.23,23.2,6.70,Matchs
2313,Julian Ryerson,no NOR,DF,Union Berlin,de Bundesliga,24,1997,11.5,54.5,2.52,15.3,21.4,18.7,01.04,54.5,3.30,1.57,47.4,1.30,39.5,25.4,143.7,60.0,1.74,1.39,0.35,0.96,1.22,25.5,2.78,Matchs
2314,Julian Ryerson,no NOR,DF,Dortmund,de Bundesliga,24,1997,15.7,74.0,2.48,19.9,34.9,19.8,0.76,74.0,2.99,01.08,36.2,1.40,46.8,41.1,210.9,112.0,3.44,1.66,0.38,1.15,1.15,46.1,4.39,Matchs
2315,Frederik Rønnow,dk DEN,GB,Union Berlin,de Bundesliga,29,1992,29.0,46.2,30.4,45.4,0.79,0.00,0.00,46.2,0.00,0.00,,0.00,,29.7,162.4,107.1,0.00,0.00,0.00,0.00,0.00,25.1,0.00,Matchs
2316,José Sá,pt POR,GB,Wolves,eng Premier League,29,1993,36.0,35.5,32.0,35.3,0.19,0.00,0.00,35.5,0.06,0.06,100.0,0.00,0.0,20.3,126.8,83.1,0.00,0.00,0.00,0.11,0.00,16.3,0.00,Matchs
2317,Youssouf Sabaly,sn SEN,DF,Betis,es La Liga,29,1993,18.7,63.0,4.44,20.7,27.9,15.2,0.86,63.0,02.09,01.02,48.7,0.70,33.3,33.1,165.8,93.8,2.19,1.93,0.16,1.34,1.34,35.9,3.42,Matchs
2318,Halid Šabanović,ba BIH,DF,Angers,fr Ligue 1,22,1999,7.1,49.6,3.24,11.8,25.1,13.2,0.85,49.6,1.69,0.56,33.3,1.13,66.7,32.7,178.6,73.1,0.70,1.41,0.14,1.69,0.42,28.6,4.23,Matchs
2319,Abdelhamid Sabiri,ma MAR,"MT,AT",Sampdoria,it Serie A,25,1996,11.9,51.9,1.26,5.38,25.5,21.6,2.61,51.8,3.28,1.18,35.9,1.43,43.6,30.5,126.3,45.0,0.59,1.68,0.42,2.86,2.35,35.5,4.54,Matchs
2320,Marcel Sabitzer,at AUT,MT,Manchester Utd,eng Premier League,28,1994,7.0,53.9,2.57,9.86,28.6,15.7,2.86,53.9,0.43,0.14,33.3,0.14,33.3,29.9,107.3,51.6,1.14,0.86,0.00,1.29,0.71,35.3,3.71,Matchs
2321,Marcel Sabitzer,at AUT,MT,Bayern Munich,de Bundesliga,28,1994,7.0,78.3,1.43,12.6,46.1,20.1,1.29,78.3,0.43,0.14,33.3,0.29,66.7,44.6,183.3,81.7,1.00,1.14,0.00,0.86,0.43,52.6,2.71,Matchs
2322,Falaye Sacko,ml MLI,DF,Montpellier,fr Ligue 1,27,1995,28.7,52.4,4.70,18.1,24.1,11.0,01.01,52.4,1.25,0.59,47.2,0.52,41.7,33.5,211.4,100.1,1.74,1.25,0.21,1.15,0.45,28.6,2.44,Matchs
2323,Umar Sadiq,ng NGA,AT,Almería,es La Liga,25,1997,2.7,27.4,1.11,2.22,11.5,14.4,6.67,27.4,4.44,1.48,33.3,2.96,66.7,17.4,144.4,78.1,1.85,2.96,2.22,2.59,04.07,19.6,2.59,Matchs
2324,Umar Sadiq,ng NGA,AT,Real Sociedad,es La Liga,25,1997,0.9,28.9,1.11,2.22,10.0,16.7,2.22,28.9,3.33,2.22,66.7,0.00,0.0,17.8,68.9,10.0,0.00,0.00,1.11,6.67,2.22,23.3,6.67,Matchs
2325,Alexis Saelemaekers,be BEL,"AT,DF",Milan,it Serie A,23,1999,15.6,53.6,0.83,6.73,21.6,26.1,3.21,53.6,4.62,1.99,43.1,02.05,44.4,32.2,207.0,100.2,3.33,1.47,0.96,2.44,1.35,36.4,9.17,Matchs
Clt,Joueur,Nation,Pos,Équipe,Comp,Âge,Naissance,90,Touches,SurfRépDéf,ZDéf,MilTer,ZOff,SurfRépOff,Action de jeu,Att,Succ,Succ%,Tkld,Tkld%,Balle au pied,TotDist,DistBut,PrgC,1/3,CSR,Manqué,Perte,Rec,PrgR,Matchs
2326,Wesley Saïd,fr FRA,"AT,MT",Lens,fr Ligue 1,27,1995,7.2,37.5,0.28,1.53,20.1,16.8,5.69,37.5,3.61,2.36,65.4,1.25,34.6,30.6,184.7,68.2,2.64,1.67,0.83,2.50,0.83,30.1,9.31,Matchs
2327,Allan Saint-Maximin,fr FRA,AT,Newcastle Utd,eng Premier League,25,1997,12.4,48.2,0.40,5.56,16.0,28.1,6.21,48.2,7.98,4.60,57.6,2.66,33.3,35.1,333.6,202.6,7.50,4.11,3.31,2.50,2.42,36.8,8.95,Matchs
2328,Théo Sainte-Luce,fr FRA,DF,Montpellier,fr Ligue 1,23,1998,5.9,55.3,3.22,15.8,27.1,12.9,01.02,55.3,2.20,1.36,61.5,0.85,38.5,34.1,174.9,70.7,0.85,1.53,0.17,1.53,0.68,31.0,6.10,Matchs
2329,Samuel Sáiz,es ESP,MT,Girona,es La Liga,31,1991,2.7,71.1,0.00,7.78,36.3,27.8,2.59,70.4,3.70,1.48,40.0,2.22,60.0,48.5,264.1,90.4,1.85,1.85,0.74,3.70,1.48,57.0,6.67,Matchs
2330,Bukayo Saka,eng ENG,AT,Arsenal,eng Premier League,20,2001,35.3,53.3,0.59,4.53,13.4,36.0,6.71,53.2,4.56,1.73,37.9,1.95,42.9,33.7,238.0,129.1,05.07,2.61,2.38,2.21,1.67,38.6,14.7,Matchs
2331,Hamza Sakhi,fr FRA,MT,Auxerre,fr Ligue 1,26,1996,18.4,60.4,01.09,9.29,33.4,18.6,1.52,60.4,1.47,0.82,55.6,0.33,22.2,45.3,273.0,114.7,2.34,02.01,0.16,01.09,0.71,42.3,04.08,Matchs
2332,Mamadou Sakho,fr FRA,DF,Montpellier,fr Ligue 1,32,1990,8.5,63.4,8.71,28.1,34.5,0.94,0.59,63.4,0.24,0.12,50.0,0.12,50.0,44.9,228.2,134.6,0.00,0.00,0.00,0.12,0.00,42.0,0.24,Matchs
2333,Jacopo Sala,it ITA,MT,Spezia,it Serie A,30,1991,1.2,47.5,1.67,11.7,23.3,13.3,1.67,47.5,2.50,0.00,0.0,1.67,66.7,26.7,99.2,56.7,1.67,0.00,0.00,0.83,0.00,28.3,2.50,Matchs
2334,Ibrahim Salah,ma MAR,"AT,MT",Rennes,fr Ligue 1,20,2001,2.5,61.6,0.80,9.60,23.6,30.0,2.00,61.6,7.20,5.20,72.2,2.00,27.8,48.4,434.4,187.6,5.20,4.40,0.40,2.00,1.60,43.6,10.8,Matchs
2335,Mohamed Salah,eg EGY,AT,Liverpool,eng Premier League,30,1992,36.6,44.6,0.11,2.27,14.7,28.1,8.22,44.5,3.66,1.37,37.3,1.97,53.7,30.2,174.4,83.0,3.28,1.80,2.38,03.01,2.16,35.7,11.5,Matchs
2336,Amine Salama,fr FRA,"AT,MT",Angers,fr Ligue 1,22,2000,13.9,34.8,0.43,3.67,16.7,15.5,3.45,34.8,04.03,1.58,39.3,2.23,55.4,25.9,198.3,76.3,2.52,1.37,1.15,3.45,1.37,25.3,6.76,Matchs
2337,Kike Salas,es ESP,DF,Sevilla,es La Liga,20,2002,4.1,62.2,9.51,32.4,27.3,2.44,0.73,62.2,0.00,0.00,,0.00,,36.3,129.3,55.4,0.73,0.24,0.00,0.49,0.24,43.2,0.00,Matchs
2338,William Saliba,fr FRA,DF,Arsenal,eng Premier League,21,2001,26.8,76.7,6.49,33.8,40.8,2.39,0.56,76.7,0.41,0.30,72.7,0.04,9.1,49.4,248.4,145.8,0.49,0.52,0.04,0.56,0.22,53.1,0.07,Matchs
2339,Dikeni Salifou,tg TOG,MT,Werder Bremen,de Bundesliga,19,2003,0.0,0,0,0,0,0,0,0,0,0,,0,,0,0,0,0,0,0,0,0,0,0,Matchs
2340,Mohammed Salisu,gh GHA,DF,Southampton,eng Premier League,23,1999,21.9,68.7,10.0,34.5,29.0,5.66,1.14,68.7,0.50,0.37,72.7,0.14,27.3,33.1,154.8,71.1,0.23,0.50,0.00,0.23,0.41,34.6,0.18,Matchs
2341,Roland Sallai,hu HUN,"MT,AT",Freiburg,de Bundesliga,25,1997,11.1,41.9,0.99,6.49,17.5,18.2,3.60,41.9,2.43,01.08,44.4,01.08,44.4,24.7,129.3,52.2,1.98,0.99,0.27,1.89,0.90,29.5,6.40,Matchs
2342,Yoann Salmier,gf GUF,DF,Troyes,fr Ligue 1,29,1992,29.4,60.0,8.57,29.6,27.9,03.03,0.68,60.0,0.44,0.20,46.2,0.17,38.5,42.0,244.8,121.4,0.82,0.78,0.10,0.31,0.24,36.8,0.31,Matchs
2343,Salvi,es ESP,"AT,MT",Rayo Vallecano,es La Liga,31,1991,5.4,47.0,0.74,5.74,15.0,26.9,3.33,47.0,1.67,0.56,33.3,1.11,66.7,25.7,170.4,85.0,5.00,2.59,0.56,1.67,1.11,30.0,9.44,Matchs
2344,Lazar Samardzic,rs SRB,MT,Udinese,it Serie A,20,2002,20.5,53.6,0.98,7.80,27.9,18.6,1.85,53.6,3.12,1.37,43.8,1.66,53.1,30.2,174.4,76.5,1.66,1.61,0.34,1.41,0.98,34.9,3.17,Matchs
2345,Diadie Samassékou,ml MLI,"MT,AT",Hoffenheim,de Bundesliga,26,1996,0.4,57.5,2.50,12.5,37.5,7.50,0.00,57.5,2.50,2.50,100.0,0.00,0.0,22.5,97.5,32.5,0.00,0.00,0.00,0.00,0.00,32.5,2.50,Matchs
2346,Mama Samba Baldé,gw GNB,AT,Troyes,fr Ligue 1,26,1995,29.6,34.1,0.71,04.05,16.8,14.3,4.22,34.0,4.19,1.89,45.2,1.82,43.5,23.2,155.3,58.3,1.72,0.98,0.84,4.12,2.30,23.0,06.05,Matchs
2347,Brice Samba,fr FRA,GB,Lens,fr Ligue 1,28,1994,37.0,35.3,25.5,34.9,0.49,0.00,0.00,35.3,0.03,0.03,100.0,0.00,0.0,26.7,143.1,84.2,0.00,0.00,0.00,0.03,0.00,19.2,0.00,Matchs
2348,Albert Sambi Lokonga,be BEL,MT,Arsenal,eng Premier League,22,1999,2.2,70.0,2.73,14.5,43.2,13.2,0.00,70.0,0.91,0.45,50.0,0.00,0.0,43.6,178.6,65.9,0.00,2.73,0.00,0.45,0.45,51.4,0.91,Matchs
2349,Albert Sambi Lokonga,be BEL,MT,Crystal Palace,eng Premier League,22,1999,6.0,54.2,3.67,18.2,28.3,7.83,0.33,54.2,0.83,0.17,20.0,0.33,40.0,28.7,134.0,61.3,0.33,0.33,0.00,0.50,1.00,35.2,0.33,Matchs
2350,Junior Sambia,fr FRA,DF,Salernitana,it Serie A,25,1996,7.7,65.5,2.73,14.8,28.7,22.3,1.69,65.5,3.77,1.30,34.5,2.21,58.6,33.5,187.4,104.3,2.99,2.86,0.78,1.69,1.17,39.1,4.94,Matchs
Clt,Joueur,Nation,Pos,Équipe,Comp,Âge,Naissance,90,Touches,SurfRépDéf,ZDéf,MilTer,ZOff,SurfRépOff,Action de jeu,Att,Succ,Succ%,Tkld,Tkld%,Balle au pied,TotDist,DistBut,PrgC,1/3,CSR,Manqué,Perte,Rec,PrgR,Matchs
2351,Fede San Emeterio,es ESP,MT,Cádiz,es La Liga,25,1997,20.5,40.7,3.12,12.2,24.3,4.44,0.39,40.7,0.24,0.10,40.0,0.10,40.0,19.1,73.5,29.5,0.05,0.34,0.05,0.54,0.39,21.3,0.54,Matchs
2352,Antonio Sanabria,py PAR,AT,Torino,it Serie A,26,1996,27.0,35.0,0.41,1.81,16.9,16.7,4.33,35.0,1.52,0.85,56.1,0.41,26.8,18.4,84.6,19.9,0.63,0.70,0.41,03.07,01.07,27.0,5.15,Matchs
2353,Leandro Sanca,gw GNB,"AT,MT",Spezia,it Serie A,22,2000,0.4,42.5,0.00,2.50,15.0,27.5,0.00,42.5,12.5,7.50,60.0,5.00,40.0,25.0,165.0,37.5,2.50,2.50,0.00,2.50,2.50,27.5,7.50,Matchs
2354,Oihan Sancet,es ESP,MT,Athletic Club,es La Liga,22,2000,28.1,45.2,0.60,04.06,22.2,20.0,2.85,45.1,2.95,1.64,55.4,0.89,30.1,30.1,188.1,99.9,3.24,2.53,0.60,2.92,2.17,34.9,5.55,Matchs
2355,Renato Sanches,pt POR,MT,Paris S-G,fr Ligue 1,24,1997,8.0,94.1,2.13,13.3,59.9,22.4,2.25,94.1,2.75,1.63,59.1,0.88,31.8,81.0,468.9,269.3,3.75,3.25,0.50,1.63,1.00,78.1,3.13,Matchs
2356,Alexis Sánchez,cl CHI,"AT,MT",Marseille,fr Ligue 1,33,1988,29.8,41.4,0.23,2.32,17.2,22.2,4.87,41.3,2.75,1.44,52.4,01.07,39.0,31.9,165.0,46.9,1.41,0.81,0.67,2.85,02.08,32.2,7.79,Matchs
2357,Antonio Sánchez,es ESP,"MT,DF",Mallorca,es La Liga,25,1997,12.0,50.2,1.50,12.5,23.3,15.6,1.33,50.2,2.17,1.00,46.2,1.17,53.8,29.1,182.0,70.8,1.83,1.58,0.17,02.08,1.58,28.5,4.67,Matchs
2358,Davinson Sánchez,co COL,DF,Tottenham,eng Premier League,26,1996,9.5,75.7,10.4,38.3,32.6,4.84,01.05,75.7,0.63,0.21,33.3,0.32,50.0,42.7,169.2,82.9,0.53,0.21,0.00,0.32,0.21,49.8,0.42,Matchs
2359,Iván Sánchez,es ESP,"MT,AT",Valladolid,es La Liga,29,1992,12.8,48.1,0.70,7.73,22.8,18.8,02.03,48.1,4.92,2.81,57.1,1.25,25.4,35.1,282.1,154.2,4.53,2.42,0.94,1.64,1.17,36.9,4.77,Matchs
2360,Javi Sánchez,es ESP,DF,Valladolid,es La Liga,25,1997,26.6,54.3,8.23,31.5,21.7,1.54,0.56,54.3,0.26,0.26,100.0,0.00,0.0,30.1,167.9,106.0,0.79,0.34,0.04,0.26,0.15,34.1,0.19,Matchs
2361,Manu Sánchez,es ESP,DF,Osasuna,es La Liga,21,2000,23.6,58.7,2.71,14.0,26.2,19.1,1.82,58.7,1.74,0.68,39.0,0.97,56.1,29.2,146.7,81.8,1.78,1.14,0.13,1.14,0.59,33.1,4.45,Matchs
2362,Robert Sánchez,es ESP,GB,Brighton,eng Premier League,24,1997,23.0,35.9,30.1,35.7,0.17,0.00,0.00,35.9,0.00,0.00,,0.00,,22.7,105.1,63.4,0.00,0.00,0.00,0.00,0.00,20.9,0.00,Matchs
2363,Jadon Sancho,eng ENG,"AT,MT",Manchester Utd,eng Premier League,22,2000,18.7,52.2,0.86,6.31,18.1,28.7,5.67,52.2,4.17,1.76,42.3,2.14,51.3,34.2,204.5,117.3,4.71,02.09,2.41,2.67,01.07,38.2,9.25,Matchs
2364,Alex Sandro,br BRA,DF,Juventus,it Serie A,31,1991,19.9,73.1,5.93,26.2,37.7,9.85,0.65,73.1,1.41,0.95,67.9,0.20,14.3,38.3,213.9,125.1,2.56,1.81,0.15,1.31,0.85,45.3,1.26,Matchs
2365,Leroy Sané,de GER,"MT,AT",Bayern Munich,de Bundesliga,26,1996,22.3,61.8,0.45,4.98,27.6,30.6,4.53,61.8,6.10,3.36,55.1,2.51,41.2,42.2,275.8,118.8,3.45,03.09,1.35,2.69,2.69,50.9,8.88,Matchs
2366,Sidi Sané,de GER,AT,Schalke 04,de Bundesliga,19,2003,0.3,33.3,3.33,3.33,13.3,16.7,0.00,33.3,3.33,0.00,0.0,0.00,0.0,16.7,50.0,40.0,0.00,0.00,0.00,3.33,0.00,20.0,0.00,Matchs
2367,Morgan Sanson,fr FRA,MT,Aston Villa,eng Premier League,27,1994,0.1,90.0,10.0,10.0,40.0,40.0,0.00,90.0,0.00,0.00,,0.00,,50.0,110.0,90.0,0.00,0.00,0.00,10.0,0.00,50.0,0.00,Matchs
2368,Morgan Sanson,fr FRA,MT,Strasbourg,fr Ligue 1,27,1994,15.8,53.4,0.70,7.28,30.3,16.8,2.28,53.4,2.91,01.08,37.0,1.20,41.3,40.6,264.3,119.0,2.72,3.10,0.76,2.15,1.46,37.0,4.43,Matchs
2369,Nicola Sansone,it ITA,AT,Bologna,it Serie A,30,1991,8.2,38.3,0.49,3.17,17.0,19.0,3.54,38.3,2.32,0.49,21.1,1.34,57.9,25.5,135.9,54.4,02.07,1.71,0.85,2.80,1.71,30.0,8.78,Matchs
2370,Baptiste Santamaria,fr FRA,MT,Rennes,fr Ligue 1,27,1995,20.1,74.6,02.04,13.5,50.9,10.8,0.80,74.6,0.85,0.45,52.9,0.35,41.2,55.8,285.0,135.6,0.85,1.84,0.05,1.49,0.55,50.9,01.04,Matchs
2371,Riccardo Saponara,it ITA,AT,Fiorentina,it Serie A,30,1991,13.4,45.2,0.90,4.93,17.5,23.7,4.55,45.2,3.13,1.34,42.9,1.42,45.2,30.5,214.2,116.9,4.18,2.76,1.19,2.16,1.42,35.1,9.33,Matchs
2372,Pablo Sarabia,es ESP,"AT,MT",Wolves,eng Premier League,30,1992,8.5,52.9,01.06,8.00,22.2,23.4,2.59,52.9,1.41,0.24,16.7,01.06,75.0,31.4,140.6,61.4,2.00,1.76,0.47,01.06,1.65,36.7,6.35,Matchs
2373,Pablo Sarabia,es ESP,"AT,MT",Paris S-G,fr Ligue 1,30,1992,4.1,54.9,0.24,9.76,22.2,22.9,3.66,54.9,1.22,0.24,20.0,0.73,60.0,44.1,232.4,99.0,2.20,1.95,0.00,2.68,1.71,43.4,09.02,Matchs
2374,Jeremy Sarmiento,ec ECU,MT,Brighton,eng Premier League,20,2002,2.0,50.0,0.00,6.50,19.5,24.0,5.00,50.0,5.50,3.00,54.5,2.00,36.4,34.5,193.0,64.5,2.50,1.50,0.50,3.00,3.50,38.5,10.0,Matchs
2375,Amin Sarr,se SWE,AT,Lyon,fr Ligue 1,21,2001,6.0,33.8,0.50,2.17,16.0,16.2,3.33,33.8,2.33,0.67,28.6,1.33,57.1,24.0,143.8,57.3,2.00,2.50,0.83,3.33,0.83,23.0,7.83,Matchs
Clt,Joueur,Nation,Pos,Équipe,Comp,Âge,Naissance,90,Touches,SurfRépDéf,ZDéf,MilTer,ZOff,SurfRépOff,Action de jeu,Att,Succ,Succ%,Tkld,Tkld%,Balle au pied,TotDist,DistBut,PrgC,1/3,CSR,Manqué,Perte,Rec,PrgR,Matchs
2376,Bouna Sarr,sn SEN,AT,Bayern Munich,de Bundesliga,30,1992,0.0,2,0,1,1,0,0,2,0,0,,0,,0,0,0,0,0,0,0,0,0,0,Matchs
2377,Malang Sarr,fr FRA,DF,Monaco,fr Ligue 1,23,1999,8.0,73.8,6.75,26.3,45.8,2.13,0.13,73.8,0.50,0.25,50.0,0.25,50.0,57.1,323.9,207.0,0.63,0.88,0.25,0.50,0.25,51.3,0.25,Matchs
2378,Mamadou Sarr,fr FRA,MT,Lyon,fr Ligue 1,16,2005,0.1,90.0,0.00,60.0,30.0,0.00,0.00,90.0,0.00,0.00,,0.00,,80.0,390.0,60.0,0.00,0.00,0.00,0.00,0.00,80.0,0.00,Matchs
2379,Mouhamadou Sarr,sn SEN,GB,Cremonese,it Serie A,25,1997,2.0,44.5,37.0,44.0,0.50,0.00,0.00,44.5,0.00,0.00,,0.00,,16.0,66.5,37.5,0.00,0.00,0.00,0.00,0.00,24.5,0.00,Matchs
2380,Martin Satriano,uy URU,AT,Empoli,it Serie A,21,2001,18.9,31.6,01.01,3.54,13.2,15.4,04.07,31.6,2.54,01.01,39.6,1.43,56.3,18.3,97.4,39.0,1.53,1.16,0.63,2.86,2.38,24.7,6.72,Matchs
2381,Téji Savanier,fr FRA,MT,Montpellier,fr Ligue 1,30,1991,28.3,73.0,1.45,10.2,40.2,23.9,1.20,72.8,4.88,2.54,52.2,1.48,30.4,52.8,300.4,125.3,1.70,2.23,0.14,2.51,1.77,48.7,4.13,Matchs
2382,Esteban Saveljich,me MNE,AT,Rayo Vallecano,es La Liga,31,1991,0.0,0,0,0,0,0,0,0,0,0,,0,,0,0,0,0,0,0,0,0,0,0,Matchs
2383,Stefan Savić,me MNE,DF,Atlético Madrid,es La Liga,31,1991,21.6,61.0,7.69,30.0,29.4,1.62,0.28,61.0,0.23,0.19,80.0,0.00,0.0,36.0,183.7,117.4,0.93,0.23,0.05,0.09,0.14,41.3,0.28,Matchs
2384,Joe Scally,us USA,DF,M'Gladbach,de Bundesliga,19,2002,24.5,56.0,3.43,18.6,27.1,10.7,0.82,56.0,1.14,0.45,39.3,0.53,46.4,28.7,134.6,63.0,1.18,0.94,0.04,0.90,0.57,32.8,2.45,Matchs
2385,Giorgio Scalvini,it ITA,DF,Atalanta,it Serie A,18,2003,25.9,68.0,4.79,26.5,33.2,8.73,1.24,68.0,1.00,0.46,46.2,0.42,42.3,35.4,137.1,76.8,0.85,0.85,0.23,0.77,0.31,44.2,1.31,Matchs
2386,Gianluca Scamacca,it ITA,AT,West Ham,eng Premier League,23,1999,10.3,26.4,0.49,1.26,13.1,12.3,3.69,26.4,1.36,0.58,42.9,0.58,42.9,13.9,64.1,27.4,1.26,0.68,0.29,2.23,1.84,19.7,4.66,Matchs
2387,Gustavo Scarpa,br BRA,"MT,AT",Nott'ham Forest,eng Premier League,28,1994,2.0,54.0,1.50,12.0,29.0,13.5,0.50,54.0,2.00,0.50,25.0,1.00,50.0,33.5,257.5,156.5,4.50,2.50,0.00,0.50,0.00,35.5,2.00,Matchs
2388,Kevin Schade,de GER,AT,Brentford,eng Premier League,20,2001,8.1,35.9,0.86,4.69,11.6,20.4,5.93,35.9,4.32,1.48,34.3,2.22,51.4,18.1,148.0,61.9,2.96,1.48,1.85,03.09,1.11,23.0,07.04,Matchs
2389,Kevin Schade,de GER,"AT,MT",Freiburg,de Bundesliga,20,2001,2.0,50.0,1.50,6.00,18.5,26.0,6.50,50.0,6.00,1.50,25.0,4.00,66.7,24.0,159.5,64.5,3.50,1.50,2.50,4.00,3.00,34.0,10.0,Matchs
2390,András Schäfer,hu HUN,MT,Union Berlin,de Bundesliga,23,1999,9.6,40.7,1.56,9.38,19.7,13.0,1.46,40.7,3.33,0.94,28.1,1.46,43.8,21.1,120.5,54.5,1.56,1.25,0.42,2.19,1.35,22.1,1.88,Matchs
2391,Fabian Schär,ch SUI,DF,Newcastle Utd,eng Premier League,30,1991,35.6,62.8,6.97,30.9,26.3,5.98,02.05,62.8,0.37,0.11,30.8,0.20,53.8,34.1,178.0,115.6,0.76,0.73,0.08,0.56,0.20,37.7,0.90,Matchs
2392,Derry Scherhant,de GER,"AT,MT",Hertha BSC,de Bundesliga,19,2002,3.2,31.6,1.56,6.56,14.7,11.6,2.19,31.6,5.00,1.88,37.5,3.13,62.5,19.4,88.4,21.3,1.25,0.31,1.25,2.50,2.50,20.3,5.00,Matchs
2393,Patrik Schick,cz CZE,AT,Leverkusen,de Bundesliga,26,1996,10.5,34.1,0.76,2.10,16.0,16.4,4.57,34.1,1.52,0.67,43.8,0.76,50.0,18.6,66.4,22.3,0.76,0.86,0.29,2.67,1.24,28.4,6.48,Matchs
2394,Kingsley Schindler,gh GHA,"DF,MT",Köln,de Bundesliga,29,1993,12.1,57.8,03.06,13.6,25.2,19.3,02.07,57.8,1.82,0.66,36.4,0.91,50.0,28.5,135.7,56.5,1.65,1.16,0.41,2.23,1.24,31.6,6.20,Matchs
2395,Xaver Schlager,at AUT,MT,RB Leipzig,de Bundesliga,24,1997,16.7,65.3,2.10,16.5,40.5,9.58,0.18,65.3,1.44,0.78,54.2,0.48,33.3,40.7,203.1,109.5,1.38,1.32,0.06,1.26,0.84,44.0,0.72,Matchs
2396,Keven Schlotterbeck,de GER,DF,Freiburg,de Bundesliga,25,1997,0.2,55.0,10.0,40.0,15.0,0.00,0.00,55.0,0.00,0.00,,0.00,,10.0,15.0,15.0,0.00,0.00,0.00,0.00,0.00,10.0,0.00,Matchs
2397,Keven Schlotterbeck,de GER,DF,Bochum,de Bundesliga,25,1997,8.2,53.3,10.1,27.8,22.0,3.78,2.20,53.3,0.12,0.00,0.0,0.12,100.0,19.1,85.4,48.3,0.12,0.00,0.00,0.49,0.37,20.4,0.37,Matchs
2398,Nico Schlotterbeck,de GER,DF,Dortmund,de Bundesliga,22,1999,25.0,86.9,08.08,39.5,43.9,4.44,0.92,86.9,0.76,0.44,57.9,0.16,21.1,53.7,263.9,166.3,1.56,1.56,0.04,0.56,0.32,60.4,0.56,Matchs
2399,Jeffrey Schlupp,gh GHA,"MT,AT",Crystal Palace,eng Premier League,29,1992,28.1,42.5,2.24,10.0,22.8,10.4,1.71,42.5,1.99,01.07,53.6,0.68,33.9,21.4,108.0,43.8,1.14,0.89,0.39,1.17,1.17,25.2,2.38,Matchs
2400,Kasper Schmeichel,dk DEN,GB,Nice,fr Ligue 1,35,1986,36.0,34.9,31.1,34.8,0.14,0.00,0.00,34.9,0.00,0.00,,0.00,,23.9,110.4,56.0,0.00,0.00,0.00,0.06,0.00,16.8,0.00,Matchs
Clt,Joueur,Nation,Pos,Équipe,Comp,Âge,Naissance,90,Touches,SurfRépDéf,ZDéf,MilTer,ZOff,SurfRépOff,Action de jeu,Att,Succ,Succ%,Tkld,Tkld%,Balle au pied,TotDist,DistBut,PrgC,1/3,CSR,Manqué,Perte,Rec,PrgR,Matchs
2401,Jonathan Schmid,fr FRA,DF,Freiburg,de Bundesliga,32,1990,0.5,68.0,4.00,16.0,30.0,22.0,4.00,68.0,2.00,2.00,100.0,0.00,0.0,20.0,78.0,32.0,2.00,0.00,2.00,2.00,0.00,36.0,12.0,Matchs
2402,Romano Schmid,at AUT,"MT,AT",Werder Bremen,de Bundesliga,22,2000,16.9,56.1,01.01,8.22,29.3,19.2,02.01,56.1,2.78,0.95,34.0,1.48,53.2,32.0,154.2,78.3,02.01,1.78,0.41,2.78,1.48,39.1,4.97,Matchs
2403,Kenneth Schmidt,de GER,DF,Freiburg,de Bundesliga,20,2002,2.8,74.3,5.71,28.2,42.5,4.29,0.00,74.3,01.07,0.71,66.7,0.36,33.3,42.9,258.9,131.4,1.79,01.07,0.00,1.79,0.00,51.4,0.00,Matchs
2404,Niklas Schmidt,de GER,MT,Werder Bremen,de Bundesliga,24,1998,12.1,59.3,1.57,9.34,36.4,15.0,1.57,59.3,3.80,2.73,71.7,0.83,21.7,35.7,191.9,88.7,2.15,1.82,0.33,1.40,01.07,40.0,04.05,Matchs
2405,Benno Schmitz,de GER,DF,Köln,de Bundesliga,27,1994,26.9,65.3,03.09,18.0,29.7,18.0,0.82,65.3,0.41,0.11,27.3,0.26,63.6,28.9,125.0,71.3,1.78,1.45,0.11,0.89,0.30,34.0,4.68,Matchs
2406,Jerdy Schouten,nl NED,MT,Bologna,it Serie A,25,1997,27.9,64.8,2.90,17.6,40.8,6.92,0.36,64.8,1.72,0.97,56.3,0.47,27.1,37.0,153.6,59.0,0.54,0.47,0.04,1.54,0.90,44.4,01.04,Matchs
2407,Perr Schuurs,nl NED,DF,Torino,it Serie A,22,1999,25.8,57.3,5.62,29.4,26.0,2.60,0.66,57.3,0.54,0.39,71.4,0.12,21.4,29.8,144.6,70.2,0.54,0.62,0.04,0.81,0.27,31.6,0.08,Matchs
2408,Marvin Schwäbe,de GER,GB,Köln,de Bundesliga,27,1995,34.0,42.9,30.1,42.3,0.59,0.00,0.00,42.9,0.00,0.00,,0.00,,27.6,130.7,78.8,0.00,0.03,0.03,0.03,0.00,26.8,0.00,Matchs
2409,Alexander Schwolow,de GER,GB,Schalke 04,de Bundesliga,30,1992,22.6,40.5,33.3,40.3,0.22,0.04,0.04,40.5,0.00,0.00,,0.00,,21.9,101.2,49.7,0.00,0.00,0.00,0.00,0.00,19.6,0.00,Matchs
2410,Manuel Sebastián,es ESP,MT,Sevilla,es La Liga,18,2004,1.7,50.6,1.76,14.7,30.6,5.88,0.00,50.6,1.76,0.59,33.3,1.18,66.7,28.2,153.5,40.6,0.00,1.18,0.00,0.59,0.00,28.8,0.59,Matchs
2411,Demba Seck,sn SEN,"MT,AT",Torino,it Serie A,21,2001,5.8,41.0,0.34,3.79,18.4,20.2,4.66,41.0,5.17,2.76,53.3,1.55,30.0,28.3,240.5,129.7,5.00,3.28,02.07,4.14,2.24,31.9,7.24,Matchs
2412,Haris Seferović,ch SUI,AT,Celta Vigo,es La Liga,30,1992,9.9,28.7,0.81,2.32,14.1,12.5,03.03,28.7,1.62,0.81,50.0,0.71,43.8,16.1,64.7,29.3,1.21,0.81,0.91,1.52,0.71,20.2,4.44,Matchs
2413,Telasco Segovia,ve VEN,MT,Sampdoria,it Serie A,19,2003,0.0,3,0,0,3,0,0,3,0,0,,0,,1,1,0,0,0,0,0,0,3,0,Matchs
2414,Jacopo Segre,it ITA,DF,Torino,it Serie A,25,1997,0.2,60.0,0.00,20.0,40.0,0.00,0.00,60.0,0.00,0.00,,0.00,,40.0,165.0,60.0,0.00,0.00,0.00,0.00,0.00,35.0,0.00,Matchs
2415,Paul Seguin,de GER,MT,Union Berlin,de Bundesliga,27,1995,7.7,54.2,0.91,10.5,24.3,19.5,1.43,54.2,1.82,0.91,50.0,0.78,42.9,28.4,133.8,59.5,1.69,1.30,0.13,01.04,0.78,32.5,3.64,Matchs
2416,Alidu Seidu,gh GHA,DF,Clermont Foot,fr Ligue 1,22,2000,27.3,60.3,3.99,26.0,29.5,5.79,0.11,60.3,2.23,1.14,50.8,0.33,14.8,42.8,270.7,130.9,0.99,1.25,0.07,1.25,0.55,35.5,1.28,Matchs
2417,Davie Selke,de GER,AT,Hertha BSC,de Bundesliga,27,1995,3.1,34.8,2.26,4.52,15.8,15.2,3.87,34.5,1.29,0.32,25.0,0.97,75.0,17.4,83.9,44.2,0.97,1.29,0.65,2.58,1.29,26.5,7.10,Matchs
2418,Davie Selke,de GER,AT,Köln,de Bundesliga,27,1995,9.7,30.7,1.75,2.89,15.2,13.0,5.46,30.7,0.93,0.41,44.4,0.52,55.6,13.5,52.0,26.2,0.72,0.62,0.00,1.24,0.93,24.2,4.12,Matchs
2419,Matz Sels,be BEL,GB,Strasbourg,fr Ligue 1,30,1992,38.0,28.5,24.6,28.3,0.21,0.00,0.00,28.5,0.00,0.00,,0.00,,18.0,98.9,60.0,0.00,0.00,0.00,0.03,0.00,11.4,0.00,Matchs
2420,Nélson Semedo,pt POR,DF,Wolves,eng Premier League,28,1993,29.2,63.6,4.76,20.2,28.7,15.4,0.99,63.6,2.50,1.13,45.2,1.13,45.2,34.2,181.8,92.2,1.71,1.44,0.17,1.44,0.65,37.2,05.03,Matchs
2421,Vivaldo Semedo,pt POR,"AT,MT",Udinese,it Serie A,17,2005,0.4,27.5,2.50,2.50,10.0,17.5,5.00,27.5,0.00,0.00,,0.00,,25.0,67.5,22.5,0.00,2.50,0.00,5.00,2.50,25.0,7.50,Matchs
2422,Antoine Semenyo,gh GHA,"AT,MT",Bournemouth,eng Premier League,22,2000,2.9,35.2,2.76,8.28,14.8,13.4,1.72,35.2,02.07,01.03,50.0,0.69,33.3,20.0,175.2,82.4,1.72,3.10,1.38,4.14,02.07,22.1,3.79,Matchs
2423,Marvin Senaya,tg TOG,DF,Strasbourg,fr Ligue 1,21,2001,0.1,70.0,20.0,40.0,10.0,20.0,0.00,70.0,0.00,0.00,,0.00,,40.0,300.0,110.0,10.0,0.00,0.00,0.00,0.00,30.0,0.00,Matchs
2424,Marcos Senesi,ar ARG,DF,Bournemouth,eng Premier League,25,1997,27.7,59.5,12.3,37.4,20.5,02.06,0.58,59.5,0.47,0.29,61.5,0.14,30.8,33.5,158.2,86.1,0.32,0.43,0.04,0.54,0.14,35.5,0.11,Matchs
2425,Stefano Sensi,it ITA,MT,Monza,it Serie A,26,1995,18.0,80.1,1.22,15.3,48.9,16.6,0.61,80.1,1.61,0.61,37.9,0.50,31.0,50.2,250.6,107.4,1.50,1.78,0.11,1.78,0.83,61.3,02.06,Matchs
Clt,Joueur,Nation,Pos,Équipe,Comp,Âge,Naissance,90,Touches,SurfRépDéf,ZDéf,MilTer,ZOff,SurfRépOff,Action de jeu,Att,Succ,Succ%,Tkld,Tkld%,Balle au pied,TotDist,DistBut,PrgC,1/3,CSR,Manqué,Perte,Rec,PrgR,Matchs
2426,Jaime Seoane,es ESP,"MT,AT",Getafe,es La Liga,25,1997,3.6,43.1,1.11,7.22,22.8,13.1,0.56,43.1,1.39,0.56,40.0,0.83,60.0,23.3,120.6,57.8,1.67,0.83,0.28,1.11,1.67,26.1,1.94,Matchs
2427,Luigi Sepe,it ITA,GB,Salernitana,it Serie A,31,1991,17.0,40.7,35.6,40.7,0.00,0.00,0.00,40.7,0.00,0.00,,0.00,,20.4,100.5,74.1,0.00,0.00,0.00,0.06,0.00,16.1,0.00,Matchs
2428,Suat Serdar,de GER,MT,Hertha BSC,de Bundesliga,25,1997,22.5,41.6,1.42,8.40,24.4,9.73,1.42,41.6,3.29,1.60,48.6,1.38,41.9,20.6,116.6,54.5,1.47,01.02,0.13,1.56,1.42,20.7,2.13,Matchs
2429,Leonardo Sernicola,it ITA,DF,Cremonese,it Serie A,25,1997,25.7,47.5,2.61,13.7,19.4,15.1,0.93,47.5,2.22,0.93,42.1,0.86,38.6,23.0,144.6,79.6,2.33,1.75,0.19,01.09,0.82,23.7,3.70,Matchs
2430,Ryan Sessegnon,eng ENG,DF,Tottenham,eng Premier League,22,2000,9.0,54.8,3.22,17.4,18.9,18.7,3.00,54.8,1.22,0.56,45.5,0.44,36.4,25.9,159.4,90.6,2.67,1.22,0.56,1.22,1.11,30.0,7.11,Matchs
2431,Stephan El Shaarawy,it ITA,"DF,MT",Roma,it Serie A,29,1992,16.9,61.1,0.95,10.9,27.6,23.4,3.73,61.1,4.14,1.54,37.1,2.31,55.7,36.6,226.9,109.0,3.43,2.43,1.18,02.07,0.65,40.3,08.05,Matchs
2432,Eniss Shabani,al ALB,MT,Mainz 05,de Bundesliga,19,2003,0.1,70.0,0.00,20.0,40.0,10.0,0.00,70.0,0.00,0.00,,0.00,,60.0,180.0,90.0,0.00,0.00,0.00,10.0,0.00,60.0,0.00,Matchs
2433,Luke Shaw,eng ENG,DF,Manchester Utd,eng Premier League,27,1995,28.4,84.1,6.16,28.5,39.6,16.7,0.77,84.1,1.37,0.49,35.9,0.60,43.6,45.7,223.8,118.0,1.87,1.55,0.11,0.85,0.28,51.4,2.68,Matchs
2434,Jonjo Shelvey,eng ENG,MT,Newcastle Utd,eng Premier League,30,1992,0.4,70.0,0.00,20.0,45.0,5.00,0.00,70.0,0.00,0.00,,0.00,,25.0,157.5,47.5,0.00,0.00,0.00,0.00,0.00,42.5,0.00,Matchs
2435,Jonjo Shelvey,eng ENG,MT,Nott'ham Forest,eng Premier League,30,1992,6.0,57.5,3.83,17.0,34.8,5.83,0.17,57.5,0.67,0.67,100.0,0.00,0.0,29.7,163.0,73.7,0.17,0.50,0.00,0.50,0.67,35.7,0.00,Matchs
2436,Eldor Shomurodov,uz UZB,AT,Spezia,it Serie A,27,1995,9.0,35.1,0.44,3.44,15.6,16.8,3.78,35.1,2.78,0.89,32.0,1.44,52.0,18.9,99.9,37.4,0.78,0.44,0.33,4.11,1.89,24.7,5.89,Matchs
2437,Eldor Shomurodov,uz UZB,AT,Roma,it Serie A,27,1995,1.3,40.8,0.77,03.08,12.3,26.2,8.46,40.8,03.08,0.77,25.0,2.31,75.0,26.2,185.4,79.2,2.31,03.08,1.54,03.08,3.85,33.1,11.5,Matchs
2438,Kaj Sierhuis,nl NED,"AT,MT",Reims,fr Ligue 1,24,1998,2.4,37.9,1.25,4.17,11.7,22.5,6.25,37.9,02.08,0.83,40.0,0.83,40.0,29.6,146.7,54.2,02.08,1.67,0.42,02.08,02.08,29.2,12.1,Matchs
2439,Vincent Sierro,ch SUI,MT,Toulouse,fr Ligue 1,26,1995,7.4,65.5,2.16,13.5,40.0,12.4,0.81,65.5,01.08,0.81,75.0,0.14,12.5,46.4,232.0,90.0,0.95,1.35,0.27,0.81,0.95,42.3,1.76,Matchs
2440,Kiliann Sildillia,fr FRA,"DF,MT",Freiburg,de Bundesliga,20,2002,22.0,59.4,03.05,15.3,32.1,12.3,0.82,59.4,1.23,0.55,44.4,0.64,51.9,29.5,143.6,70.3,0.91,01.09,0.09,0.95,0.68,31.5,2.14,Matchs
2441,André Silva,pt POR,AT,RB Leipzig,de Bundesliga,26,1995,19.3,37.2,0.41,02.02,14.6,21.2,6.22,37.2,3.16,01.09,34.4,1.50,47.5,24.8,123.6,51.0,1.81,01.09,1.19,3.37,2.23,28.8,7.36,Matchs
2442,Bernardo Silva,pt POR,"MT,AT",Manchester City,eng Premier League,27,1994,24.5,72.3,1.27,11.5,32.5,28.9,3.76,72.3,2.61,1.14,43.8,1.18,45.3,45.5,289.5,143.8,3.67,2.98,1.18,1.22,1.27,54.0,7.67,Matchs
2443,Caio Henrique Oliveira Silva,br BRA,DF,Monaco,fr Ligue 1,25,1997,32.2,68.9,3.26,19.3,31.8,18.5,1.12,68.9,01.02,0.59,57.6,0.25,24.2,43.9,256.8,133.5,1.74,1.52,0.28,0.84,0.31,38.9,4.38,Matchs
2444,David Silva,es ESP,MT,Real Sociedad,es La Liga,36,1986,21.5,64.1,1.12,6.33,32.6,26.0,3.63,64.1,2.19,0.88,40.4,0.88,40.4,41.0,229.4,107.8,3.26,3.16,0.88,1.72,1.12,48.6,5.63,Matchs
2445,Rui Silva,pt POR,GB,Betis,es La Liga,28,1994,26.0,36.0,30.1,35.8,0.19,0.00,0.00,36.0,0.04,0.04,100.0,0.00,0.0,17.8,91.1,49.3,0.00,0.00,0.00,0.00,0.00,13.8,0.00,Matchs
2446,Thiago Silva,br BRA,DF,Chelsea,eng Premier League,37,1984,26.1,88.2,13.3,44.7,41.4,2.22,0.92,88.2,0.15,0.11,75.0,0.00,0.0,55.9,253.2,148.9,0.31,0.54,0.00,0.23,0.04,64.1,0.08,Matchs
2447,Marco Silvestri,it ITA,GB,Udinese,it Serie A,31,1991,38.0,33.3,30.0,33.3,0.00,0.00,0.00,33.3,0.00,0.00,,0.00,,16.4,78.0,55.5,0.00,0.00,0.00,0.00,0.00,14.3,0.00,Matchs
2448,Abdallah Sima,sn SEN,AT,Angers,fr Ligue 1,21,2001,20.4,28.9,1.13,2.65,13.3,13.8,3.82,28.9,2.45,01.03,42.0,1.23,50.0,19.8,140.0,44.9,1.86,1.23,0.83,2.94,1.52,20.8,6.86,Matchs
2449,Mohamed Simakan,fr FRA,DF,RB Leipzig,de Bundesliga,22,2000,16.2,80.3,5.49,26.8,41.2,13.0,1.73,80.3,1.91,0.74,38.7,0.93,48.4,47.4,232.4,134.0,1.98,1.42,0.12,1.36,0.37,53.6,4.44,Matchs
2450,Giovanni Simeone,ar ARG,AT,Napoli,it Serie A,27,1995,4.5,43.1,0.89,3.56,19.3,20.4,5.56,43.1,3.33,1.56,46.7,1.11,33.3,32.0,160.4,50.0,2.44,2.00,0.67,6.00,2.89,35.3,7.56,Matchs
Clt,Joueur,Nation,Pos,Équipe,Comp,Âge,Naissance,90,Touches,SurfRépDéf,ZDéf,MilTer,ZOff,SurfRépOff,Action de jeu,Att,Succ,Succ%,Tkld,Tkld%,Balle au pied,TotDist,DistBut,PrgC,1/3,CSR,Manqué,Perte,Rec,PrgR,Matchs
2451,Ellis Simms,eng ENG,AT,Everton,eng Premier League,21,2001,2.5,33.6,0.40,0.80,14.4,18.8,4.40,33.6,0.80,0.80,100.0,0.00,0.0,14.8,62.4,22.0,0.80,0.80,0.80,2.40,0.80,26.0,7.60,Matchs
2452,Simo,es ESP,DF,Espanyol,es La Liga,17,2005,1.6,49.4,8.75,20.0,28.8,1.25,0.00,49.4,0.00,0.00,,0.00,,28.8,150.6,89.4,1.25,0.00,0.00,0.00,1.25,29.4,0.63,Matchs
2453,Moses Simon,ng NGA,"AT,MT",Nantes,fr Ligue 1,27,1995,26.1,37.0,0.19,3.95,12.3,21.7,3.98,37.0,3.64,1.30,35.8,1.92,52.6,27.9,243.5,120.7,5.29,2.34,1.65,1.88,1.38,25.6,8.35,Matchs
2454,Unai Simón,es ESP,GB,Athletic Club,es La Liga,25,1997,30.5,33.0,26.6,32.8,0.23,0.00,0.00,33.0,0.00,0.00,,0.00,,19.6,103.8,59.8,0.00,0.00,0.00,0.03,0.00,15.7,0.00,Matchs
2455,Lassine Sinayoko,ml MLI,"MT,AT",Auxerre,fr Ligue 1,22,1999,17.4,45.2,1.55,7.18,18.9,20.4,4.37,45.2,3.45,1.61,46.7,1.38,40.0,33.3,226.4,102.4,2.82,1.90,1.26,2.41,1.90,29.9,8.62,Matchs
2456,Wilfried Singo,ci CIV,DF,Torino,it Serie A,21,2000,22.7,59.6,02.03,13.2,28.6,18.5,2.60,59.6,2.38,1.32,55.6,0.57,24.1,31.2,165.2,78.8,2.38,1.50,0.40,1.45,0.75,37.4,4.10,Matchs
2457,Luis Sinisterra,co COL,AT,Leeds United,eng Premier League,23,1999,9.6,48.9,0.73,5.21,22.1,22.4,3.33,48.9,4.38,1.98,45.2,1.77,40.5,29.3,181.3,97.0,3.13,1.77,0.83,1.67,2.40,35.5,8.75,Matchs
2458,Daley Sinkgraven,nl NED,"DF,MT",Leverkusen,de Bundesliga,27,1995,3.8,68.4,3.42,21.3,31.3,16.1,1.84,68.4,1.58,0.79,50.0,0.79,50.0,33.9,159.5,78.9,2.11,1.58,0.26,01.05,1.84,42.4,4.47,Matchs
2459,Tobias Sippel,de GER,GB,M'Gladbach,de Bundesliga,34,1988,5.7,47.7,40.2,47.7,0.00,0.00,0.00,47.7,0.00,0.00,,0.00,,24.7,111.4,77.4,0.00,0.00,0.00,0.00,0.00,25.8,0.00,Matchs
2460,Hugo Siquet,be BEL,DF,Freiburg,de Bundesliga,20,2002,0.2,55.0,10.0,20.0,35.0,0.00,0.00,55.0,0.00,0.00,,0.00,,15.0,40.0,0.00,0.00,0.00,0.00,5.00,5.00,25.0,0.00,Matchs
2461,Salvatore Sirigu,it ITA,GB,Fiorentina,it Serie A,35,1987,1.0,40.0,38.0,40.0,0.00,0.00,0.00,40.0,0.00,0.00,,0.00,,26.0,237.0,118.0,0.00,0.00,0.00,0.00,0.00,16.0,0.00,Matchs
2462,Ibrahima Sissoko,ml MLI,MT,Strasbourg,fr Ligue 1,24,1997,14.6,55.0,2.74,12.1,31.8,12.1,1.92,55.0,1.16,0.55,47.1,0.55,47.1,37.2,191.5,79.4,1.23,1.58,0.07,1.51,1.30,32.9,2.81,Matchs
2463,Moussa Sissoko,fr FRA,MT,Nantes,fr Ligue 1,32,1989,21.3,45.2,1.50,8.87,26.4,11.3,1.17,45.2,1.69,0.70,41.7,0.89,52.8,32.9,204.6,100.5,1.55,1.41,0.19,1.36,0.85,29.0,3.29,Matchs
2464,Tim Skarke,de GER,"DF,MT",Union Berlin,de Bundesliga,25,1996,0.6,83.3,1.67,6.67,25.0,51.7,8.33,83.3,3.33,1.67,50.0,1.67,50.0,55.0,265.0,81.7,5.00,0.00,1.67,5.00,6.67,56.7,16.7,Matchs
2465,Tim Skarke,de GER,"AT,MT",Schalke 04,de Bundesliga,25,1996,4.9,43.3,0.82,5.10,16.3,22.0,02.04,43.3,2.24,0.41,18.2,1.84,81.8,20.2,103.9,37.1,0.82,02.04,0.20,3.27,01.02,21.8,5.31,Matchs
2466,Ellyes Skhiri,tn TUN,MT,Köln,de Bundesliga,27,1995,31.7,64.9,3.31,18.4,38.1,09.05,1.70,64.9,01.01,0.76,75.0,0.25,25.0,35.4,213.3,109.2,1.58,1.10,0.22,0.85,0.63,39.8,1.92,Matchs
2467,Oliver Skipp,eng ENG,MT,Tottenham,eng Premier League,21,2000,16.6,55.1,2.71,14.8,33.4,7.47,0.42,55.1,0.90,0.66,73.3,0.18,20.0,29.9,129.3,56.7,0.84,0.90,0.12,01.02,0.96,38.2,1.51,Matchs
2468,Leo Skiri Østigård,no NOR,DF,Napoli,it Serie A,22,1999,4.7,85.3,7.45,37.4,44.5,3.62,0.43,85.3,0.00,0.00,,0.00,,55.1,344.5,199.8,01.06,01.06,0.00,0.85,0.00,57.7,0.21,Matchs
2469,Łukasz Skorupski,pl POL,GB,Bologna,it Serie A,31,1991,37.0,35.4,32.1,35.3,0.14,0.00,0.00,35.4,0.00,0.00,,0.00,,19.1,94.9,60.9,0.00,0.00,0.00,0.03,0.00,14.9,0.00,Matchs
2470,Robert Skov,dk DEN,DF,Hoffenheim,de Bundesliga,26,1996,15.0,60.4,2.13,14.0,24.9,22.3,2.47,60.3,1.80,0.47,25.9,01.07,59.3,30.2,158.5,79.2,2.87,1.73,0.80,1.40,0.73,32.1,6.47,Matchs
2471,Milan Škriniar,sk SVK,DF,Inter,it Serie A,27,1995,19.7,78.5,7.66,37.6,36.6,4.57,0.66,78.5,0.15,0.15,100.0,0.00,0.0,49.5,227.3,108.3,0.81,0.56,0.00,0.71,0.15,57.7,0.51,Matchs
2472,Naatan Skyttä,fi FIN,MT,Toulouse,fr Ligue 1,20,2002,0.3,46.7,3.33,6.67,23.3,16.7,10.0,46.7,0.00,0.00,,0.00,,36.7,310.0,163.3,3.33,0.00,0.00,3.33,0.00,33.3,6.67,Matchs
2473,Islam Slimani,dz ALG,AT,Brest,fr Ligue 1,34,1988,11.0,42.5,1.18,2.73,24.5,15.5,04.09,42.4,1.18,0.36,30.8,0.73,61.5,32.5,140.5,42.5,1.00,1.00,0.18,3.27,1.55,34.3,5.55,Matchs
2474,Chris Smalling,eng ENG,DF,Roma,it Serie A,32,1989,31.2,53.1,8.14,31.3,20.4,1.67,01.09,53.1,0.13,0.06,50.0,0.03,25.0,28.1,123.7,60.5,0.16,0.22,0.00,0.32,0.06,32.1,0.22,Matchs
2475,Adam Smith,eng ENG,DF,Bournemouth,eng Premier League,31,1991,32.7,46.7,3.43,18.4,19.9,09.05,0.52,46.7,0.92,0.18,20.0,0.52,56.7,19.8,84.5,41.8,0.86,0.64,0.09,0.64,0.12,23.6,1.65,Matchs
Clt,Joueur,Nation,Pos,Équipe,Comp,Âge,Naissance,90,Touches,SurfRépDéf,ZDéf,MilTer,ZOff,SurfRépOff,Action de jeu,Att,Succ,Succ%,Tkld,Tkld%,Balle au pied,TotDist,DistBut,PrgC,1/3,CSR,Manqué,Perte,Rec,PrgR,Matchs
2476,Emile Smith Rowe,eng ENG,"MT,AT",Arsenal,eng Premier League,22,2000,1.9,53.7,0.53,7.37,19.5,26.8,4.74,53.7,2.63,01.05,40.0,1.58,60.0,35.8,159.5,62.6,01.05,0.53,0.00,0.00,2.11,37.4,5.79,Matchs
2477,Hrvoje Smolčić,hr CRO,DF,Eint Frankfurt,de Bundesliga,21,2000,5.2,83.1,13.8,45.0,36.2,2.31,0.77,83.1,0.38,0.38,100.0,0.00,0.0,44.4,211.3,117.1,0.00,0.58,0.00,0.58,0.19,48.8,0.19,Matchs
2478,Cédric Soares,pt POR,DF,Arsenal,eng Premier League,30,1991,0.3,90.0,6.67,26.7,30.0,33.3,0.00,90.0,0.00,0.00,,0.00,,46.7,290.0,223.3,3.33,6.67,0.00,0.00,0.00,66.7,0.00,Matchs
2479,Cédric Soares,pt POR,DF,Fulham,eng Premier League,30,1991,2.2,96.8,4.55,26.4,40.5,30.0,1.36,96.8,0.91,0.91,100.0,0.00,0.0,54.5,225.5,110.0,1.82,0.91,0.45,0.91,0.91,63.6,5.45,Matchs
2480,Danilo Soares,br BRA,DF,Bochum,de Bundesliga,30,1991,19.6,63.8,4.59,23.9,32.8,7.86,0.10,63.8,1.12,0.41,36.4,0.61,54.5,25.9,111.6,46.3,0.87,0.92,0.10,0.87,0.66,26.6,1.22,Matchs
2481,Eduard Sobol,ua UKR,DF,Strasbourg,fr Ligue 1,27,1995,9.7,49.4,1.96,10.0,23.7,16.1,0.82,49.4,2.58,1.13,44.0,0.93,36.0,30.9,183.6,79.5,1.65,1.55,0.21,1.24,0.72,28.6,5.57,Matchs
2482,Rubén Sobrino,es ESP,"MT,AT",Cádiz,es La Liga,30,1992,27.4,34.7,1.35,7.63,14.6,13.1,2.74,34.7,2.74,01.06,38.7,1.31,48.0,19.8,129.6,58.7,1.64,1.50,0.44,02.04,1.53,21.1,2.96,Matchs
2483,Alex Sola,es ESP,DF,Real Sociedad,es La Liga,23,1999,3.9,64.6,03.08,18.7,25.4,21.5,1.54,64.6,4.10,1.79,43.8,1.28,31.3,29.7,189.5,76.4,02.05,0.77,0.26,0.51,1.54,33.6,4.87,Matchs
2484,Dominic Solanke,eng ENG,"AT,MT",Bournemouth,eng Premier League,24,1997,31.8,31.8,1.70,4.94,13.3,14.3,5.00,31.8,3.46,1.42,40.9,1.70,49.1,20.0,140.8,54.2,2.20,1.26,1.13,4.21,2.33,23.0,5.25,Matchs
2485,Augusto Solari,ar ARG,MT,Celta Vigo,es La Liga,30,1992,2.9,55.2,0.34,9.66,30.3,15.5,02.07,55.2,1.72,0.34,20.0,01.03,60.0,30.3,116.2,53.4,1.72,0.69,0.34,0.69,1.38,36.2,4.83,Matchs
2486,Ola Solbakken,no NOR,"MT,AT",Roma,it Serie A,23,1998,5.6,40.5,1.43,5.00,16.8,19.5,3.57,40.5,2.50,0.89,35.7,01.07,42.9,23.9,109.5,39.3,0.89,1.96,1.25,2.86,2.32,27.9,6.25,Matchs
2487,Nikola Soldo,hr CRO,DF,Köln,de Bundesliga,21,2001,6.6,63.8,7.12,34.8,27.6,1.97,01.06,63.8,0.45,0.00,0.0,0.45,100.0,35.8,180.8,109.4,0.45,0.30,0.00,0.15,0.00,39.5,0.00,Matchs
2488,Carlos Soler,es ESP,MT,Valencia,es La Liga,25,1997,2.7,53.0,0.74,4.81,23.0,25.2,1.48,52.6,0.74,0.37,50.0,0.00,0.0,30.7,188.1,82.6,1.11,1.48,0.00,0.74,0.37,36.3,2.59,Matchs
2489,Carlos Soler,es ESP,MT,Paris S-G,fr Ligue 1,25,1997,13.2,56.7,01.06,7.95,27.2,22.0,1.89,56.7,0.91,0.38,41.7,0.30,33.3,47.4,218.5,84.8,1.36,2.12,0.15,1.52,0.98,45.0,05.08,Matchs
2490,François-Joseph Sollacaro,fr FRA,GB,Ajaccio,fr Ligue 1,28,1994,6.0,25.0,20.2,25.0,0.00,0.00,0.00,25.0,0.00,0.00,,0.00,,13.8,96.3,53.7,0.00,0.00,0.00,0.00,0.00,7.50,0.00,Matchs
2491,Manor Solomon,il ISR,AT,Fulham,eng Premier League,23,1999,6.4,45.6,1.41,9.69,14.2,23.0,1.72,45.6,5.78,2.97,51.4,2.34,40.5,29.8,243.0,113.0,2.50,2.50,0.31,02.03,1.72,29.1,7.97,Matchs
2492,Yann Sommer,ch SUI,GB,M'Gladbach,de Bundesliga,33,1988,10.0,63.8,44.4,63.6,0.20,0.00,0.00,63.8,0.00,0.00,,0.00,,42.0,180.3,98.1,0.00,0.00,0.00,0.00,0.00,40.5,0.00,Matchs
2493,Yann Sommer,ch SUI,GB,Bayern Munich,de Bundesliga,33,1988,19.0,41.0,31.7,40.5,0.47,0.00,0.00,41.0,0.11,0.11,100.0,0.00,0.0,27.6,125.1,64.5,0.00,0.00,0.00,0.00,0.05,26.6,0.00,Matchs
2494,Brandon Soppy,fr FRA,DF,Udinese,it Serie A,20,2002,1.0,48.0,2.00,8.00,19.0,21.0,3.00,48.0,6.00,1.00,16.7,4.00,66.7,33.0,272.0,137.0,4.00,4.00,0.00,0.00,0.00,27.0,4.00,Matchs
2495,Brandon Soppy,fr FRA,DF,Atalanta,it Serie A,20,2002,7.1,58.2,1.13,12.7,26.1,20.1,3.10,58.2,3.66,0.85,23.1,1.83,50.0,31.0,173.2,95.6,3.24,1.69,0.85,2.25,1.13,33.9,4.93,Matchs
2496,David Soria,es ESP,GB,Getafe,es La Liga,29,1993,38.0,32.2,26.6,32.0,0.29,0.00,0.00,32.2,0.00,0.00,,0.00,,14.2,91.9,61.1,0.00,0.00,0.00,0.00,0.00,7.66,0.00,Matchs
2497,Roberto Soriano,it ITA,"AT,MT",Bologna,it Serie A,31,1991,14.7,50.3,1.70,7.48,26.7,16.9,1.84,50.3,0.95,0.41,42.9,0.34,35.7,32.0,178.2,79.6,02.04,2.31,0.00,1.50,01.02,38.6,4.49,Matchs
2498,Borna Sosa,hr CRO,DF,Stuttgart,de Bundesliga,24,1998,21.7,75.1,2.35,17.8,29.1,29.0,0.92,75.1,1.52,0.78,51.5,0.60,39.4,41.0,218.9,111.2,2.67,2.49,0.37,0.92,0.74,46.0,7.00,Matchs
2499,Joaquin Sosa,uy URU,DF,Bologna,it Serie A,20,2002,7.6,58.6,6.45,32.0,25.7,01.05,0.39,58.6,0.53,0.39,75.0,0.00,0.0,37.0,209.6,126.1,0.79,0.39,0.00,0.66,0.26,38.9,0.13,Matchs
2500,Hugo Sotelo,es ESP,MT,Celta Vigo,es La Liga,18,2003,0.2,120.0,0.00,25.0,80.0,15.0,0.00,120.0,0.00,0.00,,0.00,,100.0,260.0,95.0,0.00,0.00,0.00,0.00,0.00,120.0,0.00,Matchs
Clt,Joueur,Nation,Pos,Équipe,Comp,Âge,Naissance,90,Touches,SurfRépDéf,ZDéf,MilTer,ZOff,SurfRépOff,Action de jeu,Att,Succ,Succ%,Tkld,Tkld%,Balle au pied,TotDist,DistBut,PrgC,1/3,CSR,Manqué,Perte,Rec,PrgR,Matchs
2501,Florian Sotoca,fr FRA,"MT,AT",Lens,fr Ligue 1,31,1990,33.9,55.7,1.62,6.25,27.0,22.9,4.13,55.6,1.18,0.47,40.0,0.53,45.0,42.7,217.5,75.1,1.56,1.80,0.47,1.30,0.74,42.3,8.91,Matchs
2502,Riccardo Sottil,it ITA,AT,Fiorentina,it Serie A,23,1999,9.3,39.6,0.11,1.83,9.46,28.8,5.59,39.6,05.05,1.40,27.7,2.26,44.7,32.5,303.4,166.5,6.99,3.76,03.01,03.01,1.40,34.0,13.2,Matchs
2503,Tomáš Souček,cz CZE,MT,West Ham,eng Premier League,27,1995,31.3,43.6,3.96,13.8,20.8,9.20,2.27,43.6,0.54,0.06,11.8,0.38,70.6,17.4,66.7,22.2,0.35,0.54,0.00,0.73,0.58,23.7,1.66,Matchs
2504,Matìas Soulé,ar ARG,"MT,AT",Juventus,it Serie A,19,2003,4.7,50.0,0.85,9.57,19.8,21.1,3.40,50.0,5.32,2.55,48.0,2.34,44.0,30.4,210.6,96.4,2.55,2.55,0.85,2.13,1.49,33.6,07.02,Matchs
2505,Moussa Soumano,fr FRA,AT,Ajaccio,fr Ligue 1,17,2005,5.5,18.4,0.18,0.73,9.82,7.82,1.82,18.4,1.27,0.91,71.4,0.36,28.6,12.5,71.6,18.2,0.91,0.55,0.73,2.91,1.27,13.1,3.45,Matchs
2506,Adama Soumaoro,fr FRA,DF,Bologna,it Serie A,30,1992,20.7,59.2,7.63,31.4,26.9,1.11,0.34,59.2,0.14,0.10,66.7,0.00,0.0,34.8,171.6,86.3,0.34,0.24,0.00,0.29,0.05,40.1,0.05,Matchs
2507,Boubakary Soumaré,fr FRA,MT,Leicester City,eng Premier League,23,1999,18.1,60.3,2.49,17.6,37.3,6.19,0.11,60.3,1.22,0.66,54.5,0.33,27.3,32.5,162.4,65.3,0.94,0.66,0.00,1.44,1.22,40.5,1.10,Matchs
2508,Arnaud Souquet,fr FRA,"DF,AT",Montpellier,fr Ligue 1,30,1992,4.0,46.3,4.25,14.3,23.3,9.25,0.75,46.3,1.75,0.50,28.6,1.00,57.1,24.5,133.0,61.3,1.25,0.25,0.00,1.25,0.25,21.5,3.50,Matchs
2509,Dyego Sousa,pt POR,AT,Almería,es La Liga,32,1989,5.9,43.4,2.71,5.76,18.6,19.3,5.93,43.4,2.20,0.85,38.5,1.19,53.8,22.2,103.6,36.3,1.69,1.36,0.68,4.75,1.86,32.2,6.61,Matchs
2510,Harry Souttar,au AUS,DF,Leicester City,eng Premier League,23,1998,11.0,60.3,9.45,33.2,25.6,1.82,1.36,60.3,0.45,0.27,60.0,0.00,0.0,35.5,170.7,86.2,0.55,0.18,0.09,0.27,0.00,38.2,0.36,Matchs
2511,Vinicius Souza,br BRA,MT,Espanyol,es La Liga,23,1999,27.0,46.0,2.93,12.5,27.6,06.07,0.74,46.0,0.70,0.37,52.6,0.26,36.8,20.1,94.5,36.0,0.48,0.41,0.07,1.11,0.48,22.7,0.52,Matchs
2512,Djibril Sow,ch SUI,MT,Eint Frankfurt,de Bundesliga,25,1997,29.4,61.6,1.70,12.3,40.5,9.39,0.85,61.6,0.71,0.37,52.4,0.20,28.6,37.4,171.9,83.2,1.19,1.22,0.14,0.82,0.54,42.0,0.99,Matchs
2513,Çağlar Söyüncü,tr TUR,DF,Leicester City,eng Premier League,26,1996,5.9,64.7,12.0,38.3,24.9,02.03,1.19,64.7,0.17,0.17,100.0,0.00,0.0,31.4,185.8,101.9,0.85,0.17,0.00,0.34,0.00,34.4,0.00,Matchs
2514,Kevin Spadanuda,ch SUI,"MT,AT",Ajaccio,fr Ligue 1,25,1997,11.8,34.3,01.02,6.27,14.6,14.2,2.29,34.3,3.73,1.95,52.3,1.44,38.6,23.7,167.0,64.2,1.44,01.02,0.68,2.46,1.78,20.9,4.75,Matchs
2515,Djed Spence,eng ENG,"AT,DF",Tottenham,eng Premier League,21,2000,0.1,120.0,0.00,30.0,10.0,80.0,20.0,120.0,10.0,0.00,0.0,0.00,0.0,80.0,920.0,660.0,20.0,10.0,10.0,0.00,20.0,100.0,20.0,Matchs
2516,Djed Spence,eng ENG,DF,Rennes,fr Ligue 1,21,2000,6.4,61.6,3.59,15.9,31.9,15.3,1.25,61.6,4.22,2.34,55.6,1.41,33.3,41.9,276.1,142.0,3.28,2.50,0.78,2.19,0.63,37.5,2.81,Matchs
2517,Stijn Spierings,nl NED,MT,Toulouse,fr Ligue 1,26,1996,34.7,70.0,2.77,16.8,44.1,9.80,0.58,70.0,1.15,0.46,40.0,0.37,32.5,53.1,249.4,108.3,0.89,1.18,0.12,0.78,0.72,46.6,0.86,Matchs
2518,Leonardo Spinazzola,it ITA,DF,Roma,it Serie A,29,1993,18.4,62.9,1.96,16.1,30.4,17.3,2.23,62.9,3.21,1.36,42.4,1.52,47.5,37.9,289.5,173.5,5.82,2.83,1.30,1.41,0.60,40.5,4.73,Matchs
2519,Marco Sportiello,it ITA,GB,Atalanta,it Serie A,30,1992,14.9,32.6,28.8,32.3,0.34,0.00,0.00,32.6,0.00,0.00,,0.00,,18.6,91.7,57.9,0.00,0.00,0.00,0.00,0.07,13.6,0.00,Matchs
2520,Jack Stacey,eng ENG,DF,Bournemouth,eng Premier League,26,1996,3.3,52.7,5.15,20.3,18.8,14.2,0.61,52.7,2.42,0.91,37.5,1.52,62.5,22.4,140.0,67.0,2.73,1.21,0.30,0.91,1.21,23.6,4.55,Matchs
2521,Anton Stach,de GER,MT,Mainz 05,de Bundesliga,23,1998,23.0,51.0,1.48,9.22,28.0,15.0,2.17,51.0,2.22,01.09,49.0,0.91,41.2,23.9,134.3,66.0,1.61,1.22,0.30,1.96,0.70,28.5,3.35,Matchs
2522,Kostas Stafylidis,gr GRE,"DF,MT",Bochum,de Bundesliga,28,1993,11.6,48.6,3.71,16.1,24.8,7.93,0.26,48.6,1.21,0.69,57.1,0.34,28.6,20.7,98.2,44.8,0.78,0.60,0.09,0.95,0.26,23.0,1.21,Matchs
2523,Jens Stage,dk DEN,MT,Werder Bremen,de Bundesliga,25,1996,20.6,40.5,2.28,9.71,20.8,10.3,2.77,40.5,0.78,0.44,56.3,0.24,31.3,17.9,73.9,31.8,0.92,0.83,0.29,1.21,0.53,23.5,2.67,Matchs
2524,Veit Stange,de GER,MT,Hertha BSC,de Bundesliga,18,2004,0.1,30.0,0.00,20.0,10.0,0.00,0.00,30.0,10.0,10.0,100.0,0.00,0.0,10.0,290.0,0.00,0.00,0.00,0.00,10.0,0.00,10.0,0.00,Matchs
2525,Josip Stanišić,hr CRO,DF,Bayern Munich,de Bundesliga,22,2000,6.4,107.7,4.53,32.2,57.8,18.3,0.78,107.7,1.41,0.78,55.6,0.31,22.2,70.6,330.6,184.4,1.88,2.34,0.16,01.09,0.47,79.1,5.47,Matchs
Clt,Joueur,Nation,Pos,Équipe,Comp,Âge,Naissance,90,Touches,SurfRépDéf,ZDéf,MilTer,ZOff,SurfRépOff,Action de jeu,Att,Succ,Succ%,Tkld,Tkld%,Balle au pied,TotDist,DistBut,PrgC,1/3,CSR,Manqué,Perte,Rec,PrgR,Matchs
2526,Junior Stanislas,eng ENG,MT,Bournemouth,eng Premier League,32,1989,0.7,48.6,0.00,4.29,21.4,22.9,4.29,48.6,0.00,0.00,,0.00,,25.7,131.4,18.6,0.00,1.43,0.00,1.43,1.43,38.6,7.14,Matchs
2527,Jay Stansfield,eng ENG,AT,Fulham,eng Premier League,19,2002,1.0,35.0,2.00,7.00,14.0,15.0,7.00,35.0,0.00,0.00,,0.00,,13.0,88.0,35.0,2.00,2.00,0.00,2.00,2.00,23.0,4.00,Matchs
2528,Niklas Stark,de GER,DF,Werder Bremen,de Bundesliga,27,1995,23.1,65.6,7.53,35.2,29.1,1.69,0.48,65.6,0.09,0.09,100.0,0.00,0.0,36.3,201.2,106.1,0.39,0.26,0.00,0.48,0.17,39.4,0.13,Matchs
2529,Jason Steele,eng ENG,GB,Brighton,eng Premier League,31,1990,15.0,38.3,31.3,38.0,0.27,0.00,0.00,38.3,0.07,0.07,100.0,0.00,0.0,25.1,111.7,57.9,0.00,0.00,0.00,0.00,0.00,23.6,0.00,Matchs
2530,Calvin Stengs,nl NED,AT,Nice,fr Ligue 1,23,1998,2.4,49.6,0.00,5.83,19.6,25.4,2.50,49.6,4.17,2.50,60.0,1.25,30.0,43.8,302.9,138.3,4.17,4.58,0.42,2.50,1.25,41.7,6.67,Matchs
2531,Pascal Stenzel,de GER,DF,Stuttgart,de Bundesliga,26,1996,3.7,70.0,3.78,24.3,31.6,14.6,0.54,70.0,01.08,0.00,0.0,0.81,75.0,29.5,110.8,59.7,0.81,1.35,0.54,1.35,0.00,35.4,1.35,Matchs
2532,Jack Stephens,eng ENG,DF,Southampton,eng Premier League,28,1994,0.5,66.0,8.00,16.0,34.0,16.0,0.00,66.0,0.00,0.00,,0.00,,32.0,270.0,172.0,6.00,4.00,0.00,0.00,2.00,50.0,0.00,Matchs
2533,Jack Stephens,eng ENG,DF,Bournemouth,eng Premier League,28,1994,13.0,51.2,9.62,28.0,21.2,2.15,0.54,51.2,0.23,0.23,100.0,0.00,0.0,28.3,128.8,66.4,0.54,0.23,0.00,0.38,0.08,30.6,0.23,Matchs
2534,Raheem Sterling,eng ENG,"AT,MT",Chelsea,eng Premier League,27,1994,21.0,43.3,0.38,3.00,13.2,27.8,5.76,43.3,4.43,1.86,41.9,2.19,49.5,31.0,190.6,102.5,3.86,2.67,1.86,2.19,2.38,35.7,8.86,Matchs
2535,Angelo Stiller,de GER,MT,Hoffenheim,de Bundesliga,21,2001,7.8,59.7,2.18,13.6,31.2,15.5,1.41,59.7,0.90,0.38,42.9,0.38,42.9,29.0,121.9,45.8,0.51,0.90,0.00,1.92,1.41,34.1,02.05,Matchs
2536,Lars Stindl,de GER,"AT,MT",M'Gladbach,de Bundesliga,33,1988,19.3,50.8,1.14,6.58,28.7,15.6,2.44,50.8,1.14,0.41,36.4,0.57,50.0,28.6,106.2,46.8,1.14,01.09,0.10,1.71,1.40,39.9,4.61,Matchs
2537,Kevin Stöger,at AUT,MT,Bochum,de Bundesliga,28,1993,28.9,66.3,1.11,9.72,37.4,19.8,1.28,66.2,1.80,0.76,42.3,0.73,40.4,31.2,150.1,71.1,1.49,1.38,0.10,1.49,1.21,39.2,3.39,Matchs
2538,Petar Stojanović,si SVN,DF,Empoli,it Serie A,26,1995,17.0,71.2,3.53,22.8,31.7,17.2,0.88,71.2,02.06,0.76,37.1,01.06,51.4,39.0,233.9,133.2,2.94,1.59,0.29,0.65,0.82,41.8,3.00,Matchs
2539,John Stones,eng ENG,"DF,MT",Manchester City,eng Premier League,28,1994,20.5,82.4,4.93,26.5,46.0,10.2,1.32,82.4,0.49,0.29,60.0,0.05,10.0,52.7,302.5,158.5,1.37,1.56,0.05,0.39,0.20,64.0,1.66,Matchs
2540,Jørgen Strand Larsen,no NOR,AT,Celta Vigo,es La Liga,22,2000,18.9,30.5,1.53,2.96,14.7,13.1,4.44,30.5,1.64,0.74,45.2,0.79,48.4,18.4,70.2,24.3,0.90,0.32,0.48,3.92,1.27,23.2,3.86,Matchs
2541,Tony Strata,fr FRA,"MT,DF",Ajaccio,fr Ligue 1,17,2004,1.5,34.0,4.67,20.0,14.7,0.00,0.00,34.0,0.00,0.00,,0.00,,20.7,113.3,70.0,0.67,0.00,0.00,0.67,0.00,14.7,0.00,Matchs
2542,Gabriel Strefezza,br BRA,"AT,MT",Lecce,it Serie A,25,1997,27.1,47.4,0.52,4.83,19.6,23.9,2.51,47.3,3.39,1.33,39.1,1.55,45.7,31.0,184.6,83.0,2.66,2.14,0.70,03.03,2.55,34.5,6.53,Matchs
2543,Dávid Strelec,sk SVK,AT,Spezia,it Serie A,21,2001,1.9,31.6,0.00,01.05,15.3,15.3,6.32,31.6,1.58,0.00,0.0,1.58,100.0,16.8,71.1,28.4,01.05,1.58,0.00,1.58,2.11,23.7,7.37,Matchs
2544,Pascal Struijk,nl NED,DF,Leeds United,eng Premier League,22,1999,24.4,66.4,3.77,22.0,29.0,15.5,1.27,66.4,0.74,0.37,50.0,0.29,38.9,28.7,115.0,60.0,0.98,01.02,0.04,01.02,0.49,32.9,2.17,Matchs
2545,Cristhian Stuani,uy URU,AT,Girona,es La Liga,35,1986,12.1,23.2,0.41,2.31,11.0,10.0,4.63,22.7,0.33,0.00,0.0,0.25,75.0,11.3,33.6,12.0,0.17,0.08,0.08,1.90,0.50,16.0,2.15,Matchs
2546,Damián Suárez,uy URU,"DF,MT",Getafe,es La Liga,34,1988,21.6,54.1,1.94,13.8,26.9,14.2,0.69,54.1,1.57,0.60,38.2,0.97,61.8,21.4,82.5,44.4,0.97,01.06,0.23,01.06,0.28,25.1,3.33,Matchs
2547,Denis Suárez,es ESP,"MT,AT",Espanyol,es La Liga,28,1994,10.5,51.5,0.86,7.52,28.8,15.9,1.14,51.5,2.67,1.81,67.9,0.86,32.1,29.6,191.8,90.0,2.48,1.90,0.19,1.24,01.05,34.6,3.24,Matchs
2548,Mario Suárez,es ESP,"MT,DF",Rayo Vallecano,es La Liga,35,1987,0.1,40.0,0.00,10.0,30.0,0.00,0.00,40.0,0.00,0.00,,0.00,,20.0,280.0,210.0,0.00,0.00,0.00,0.00,0.00,20.0,0.00,Matchs
2549,Gabriel Suazo,cl CHI,DF,Toulouse,fr Ligue 1,24,1997,14.0,69.7,04.07,21.9,34.5,14.2,01.07,69.7,2.43,1.57,64.7,0.79,32.4,49.8,290.9,150.7,1.86,2.43,0.14,1.14,0.71,43.6,4.71,Matchs
2550,Isaac Success,ng NGA,AT,Udinese,it Serie A,26,1996,20.2,41.1,0.99,2.38,17.6,21.7,5.00,41.1,3.17,1.49,46.9,1.44,45.3,28.2,128.0,45.2,1.83,1.29,0.64,4.70,2.18,36.4,9.90,Matchs
Clt,Joueur,Nation,Pos,Équipe,Comp,Âge,Naissance,90,Touches,SurfRépDéf,ZDéf,MilTer,ZOff,SurfRépOff,Action de jeu,Att,Succ,Succ%,Tkld,Tkld%,Balle au pied,TotDist,DistBut,PrgC,1/3,CSR,Manqué,Perte,Rec,PrgR,Matchs
2551,Niklas Süle,de GER,DF,Dortmund,de Bundesliga,26,1995,23.5,86.4,7.57,34.5,43.1,9.23,1.70,86.4,0.43,0.38,90.0,0.04,10.0,56.2,268.0,148.9,1.57,1.53,0.04,0.43,0.34,65.0,2.43,Matchs
2552,Ibrahim Sulemana,gh GHA,MT,Hellas Verona,it Serie A,19,2003,7.2,39.0,3.61,12.4,21.0,6.81,1.11,39.0,1.81,0.69,38.5,1.11,61.5,18.2,94.3,28.1,0.56,0.97,0.00,1.39,1.25,16.4,0.69,Matchs
2553,Kamaldeen Sulemana,gh GHA,"AT,MT",Southampton,eng Premier League,20,2002,10.7,40.3,0.65,4.39,16.4,20.7,4.11,40.3,6.36,3.36,52.9,2.90,45.6,25.9,216.4,90.9,2.99,2.52,1.68,3.27,1.50,27.5,7.48,Matchs
2554,Kamaldeen Sulemana,gh GHA,"AT,MT",Rennes,fr Ligue 1,20,2002,3.6,63.9,0.56,5.28,22.8,36.9,6.94,63.9,8.89,4.17,46.9,3.89,43.8,52.5,412.8,150.0,4.72,2.78,2.78,3.61,3.33,47.2,15.8,Matchs
2555,Crysencio Summerville,nl NED,AT,Leeds United,eng Premier League,20,2001,15.8,40.3,0.63,6.27,15.3,19.7,4.43,40.3,3.80,1.52,40.0,1.39,36.7,26.6,165.6,83.9,3.23,1.71,1.20,2.85,2.28,27.7,5.82,Matchs
2556,Ivan Šunjić,hr CRO,MT,Hertha BSC,de Bundesliga,25,1996,11.0,43.5,2.82,11.5,27.7,4.91,0.64,43.5,0.55,0.00,0.0,0.45,83.3,18.1,70.7,29.2,0.55,0.45,0.18,0.64,0.55,21.8,0.55,Matchs
2557,Sam Surridge,eng ENG,AT,Nott'ham Forest,eng Premier League,24,1998,3.6,38.1,2.50,7.50,15.3,16.4,4.17,38.1,1.39,0.56,40.0,0.56,40.0,19.7,100.3,38.9,0.56,1.39,0.28,3.61,1.11,25.8,4.72,Matchs
2558,Suso,es ESP,"MT,AT",Sevilla,es La Liga,28,1993,11.8,57.2,0.51,5.00,19.9,33.2,1.95,57.2,3.56,2.12,59.5,1.10,31.0,39.1,230.0,104.9,2.29,2.29,0.59,1.44,1.61,44.2,8.14,Matchs
2559,Yuito Suzuki,jp JPN,"AT,MT",Strasbourg,fr Ligue 1,20,2001,0.4,57.5,2.50,5.00,25.0,30.0,10.0,57.5,7.50,5.00,66.7,2.50,33.3,35.0,337.5,130.0,7.50,2.50,5.00,7.50,0.00,40.0,15.0,Matchs
2560,Mattias Svanberg,se SWE,"MT,AT",Wolfsburg,de Bundesliga,23,1999,20.4,39.8,1.42,6.72,19.3,14.7,2.89,39.8,2.21,0.83,37.8,01.08,48.9,21.1,103.9,50.2,1.42,01.03,0.39,2.35,0.93,23.7,4.17,Matchs
2561,Mile Svilar,rs SRB,GB,Roma,it Serie A,22,1999,3.0,26.3,23.3,26.3,0.00,0.00,0.00,26.3,0.00,0.00,,0.00,,15.3,124.3,81.0,0.00,0.00,0.00,0.00,0.00,8.67,0.00,Matchs
2562,Williot Swedberg,se SWE,MT,Celta Vigo,es La Liga,18,2004,0.6,45.0,3.33,8.33,20.0,18.3,1.67,45.0,3.33,1.67,50.0,1.67,50.0,26.7,151.7,110.0,1.67,3.33,0.00,1.67,0.00,25.0,8.33,Matchs
2563,Issiaga Sylla,gn GUI,DF,Montpellier,fr Ligue 1,28,1994,14.5,67.9,4.41,19.4,32.6,16.5,0.97,67.9,2.00,0.62,31.0,1.17,58.6,43.4,251.6,127.0,1.93,2.28,0.21,1.17,0.62,37.0,4.48,Matchs
2564,Issiaga Sylla,gn GUI,DF,Toulouse,fr Ligue 1,28,1994,15.2,67.6,3.68,17.2,29.5,21.8,1.12,67.6,2.24,0.66,29.4,1.45,64.7,43.9,278.0,138.0,3.36,2.89,0.33,1.51,2.24,37.9,07.04,Matchs
2565,Wojciech Szczęsny,pl POL,GB,Juventus,it Serie A,32,1990,27.5,30.4,26.6,30.3,0.15,0.00,0.00,30.4,0.04,0.04,100.0,0.00,0.0,18.1,93.7,57.9,0.00,0.00,0.00,0.04,0.00,14.8,0.00,Matchs
2566,Dominik Szoboszlai,hu HUN,"MT,AT",RB Leipzig,de Bundesliga,21,2000,27.2,70.1,01.03,8.64,35.0,27.6,02.06,70.1,3.86,1.95,50.5,1.51,39.0,41.7,220.7,107.0,2.76,2.50,0.44,2.10,1.21,47.6,5.77,Matchs
2567,Alexander Sørloth,no NOR,AT,Real Sociedad,es La Liga,26,1995,26.5,30.5,01.09,2.42,12.5,16.3,04.04,30.5,2.83,01.09,38.7,1.58,56.0,17.3,107.3,47.7,1.55,1.13,0.72,3.17,2.30,22.3,4.98,Matchs
2568,Alexander Sørloth,no NOR,AT,RB Leipzig,de Bundesliga,26,1995,0.1,30.0,0.00,0.00,0.00,30.0,30.0,30.0,10.0,0.00,0.0,10.0,100.0,10.0,20.0,0.00,0.00,0.00,0.00,0.00,0.00,10.0,10.0,Matchs
2569,Nicolás Tagliafico,ar ARG,DF,Lyon,fr Ligue 1,29,1992,33.2,67.4,2.59,15.9,33.7,18.4,1.45,67.4,1.14,0.30,26.3,0.57,50.0,46.4,224.8,95.8,1.14,1.33,0.15,1.39,0.48,42.3,5.15,Matchs
2570,Jonathan Tah,de GER,DF,Leverkusen,de Bundesliga,26,1996,27.6,68.7,08.08,34.5,33.2,1.45,0.69,68.7,0.33,0.25,77.8,0.04,11.1,38.9,218.6,107.3,0.29,0.14,0.00,0.18,0.36,46.0,0.14,Matchs
2571,Benjamin Tahirovic,ba BIH,MT,Roma,it Serie A,19,2003,3.9,49.7,2.56,14.9,28.7,6.67,0.26,49.7,0.51,0.26,50.0,0.26,50.0,23.3,116.2,47.4,0.00,0.77,0.00,0.51,0.26,30.0,0.77,Matchs
2572,Waniss Taibi,fr FRA,MT,Angers,fr Ligue 1,20,2002,2.1,81.4,1.90,16.7,46.7,18.6,0.95,81.4,1.43,0.95,66.7,0.48,33.3,59.5,347.6,151.0,3.81,1.43,0.48,2.38,0.00,56.2,3.33,Matchs
2573,Flavien Tait,fr FRA,MT,Rennes,fr Ligue 1,29,1993,18.7,67.8,1.55,7.65,42.9,18.0,2.35,67.8,2.41,1.18,48.9,0.91,37.8,56.5,327.2,149.7,2.78,2.46,0.70,1.34,1.55,51.4,2.99,Matchs
2574,Montassar Talbi,tn TUN,DF,Lorient,fr Ligue 1,24,1998,38.0,62.2,12.7,39.5,22.3,0.74,0.42,62.2,0.29,0.18,63.6,0.11,36.4,44.2,285.3,156.8,0.34,0.18,0.00,0.37,0.21,40.7,0.00,Matchs
2575,Thibault Tamas,fr FRA,DF,Montpellier,fr Ligue 1,21,2001,0.1,90.0,10.0,30.0,30.0,30.0,0.00,90.0,0.00,0.00,,0.00,,70.0,420.0,80.0,0.00,0.00,0.00,10.0,0.00,60.0,10.0,Matchs
Clt,Joueur,Nation,Pos,Équipe,Comp,Âge,Naissance,90,Touches,SurfRépDéf,ZDéf,MilTer,ZOff,SurfRépOff,Action de jeu,Att,Succ,Succ%,Tkld,Tkld%,Balle au pied,TotDist,DistBut,PrgC,1/3,CSR,Manqué,Perte,Rec,PrgR,Matchs
2576,Adrien Tameze,cm CMR,MT,Hellas Verona,it Serie A,28,1994,33.7,42.4,2.88,11.3,24.6,7.24,0.62,42.4,1.57,0.77,49.1,0.65,41.5,21.2,117.3,48.0,0.95,01.01,0.12,1.16,01.01,21.9,1.72,Matchs
2577,Japhet Tanganga,eng ENG,DF,Tottenham,eng Premier League,23,1999,1.6,68.1,3.13,30.0,36.9,1.88,0.00,68.1,1.25,0.63,50.0,0.63,50.0,42.5,192.5,83.1,0.63,1.25,0.00,1.88,0.63,44.4,1.25,Matchs
2578,Renato Tapia,pe PER,"MT,DF",Celta Vigo,es La Liga,27,1995,16.1,61.7,04.04,19.8,35.0,7.45,0.56,61.7,1.18,0.68,57.9,0.43,36.8,36.1,163.0,76.5,0.75,0.87,0.06,0.68,0.87,40.2,0.50,Matchs
2579,Edmond Tapsoba,bf BFA,DF,Leverkusen,de Bundesliga,23,1999,31.9,79.1,7.96,35.8,40.3,3.42,0.63,79.0,0.78,0.50,64.0,0.06,8.0,47.5,283.5,166.9,1.25,0.44,0.00,0.47,0.38,52.3,0.31,Matchs
2580,Florian Tardieu,fr FRA,MT,Troyes,fr Ligue 1,30,1992,11.2,77.7,3.21,19.5,44.9,14.1,0.98,77.4,01.07,0.63,58.3,0.27,25.0,58.0,278.6,123.7,1.79,1.96,0.36,01.07,01.07,52.1,1.52,Matchs
2581,Matt Targett,eng ENG,DF,Newcastle Utd,eng Premier League,26,1995,6.8,68.1,2.94,21.9,27.4,19.3,0.00,68.1,0.29,0.29,100.0,0.00,0.0,29.0,99.0,60.1,0.44,0.74,0.00,0.74,0.88,35.4,1.91,Matchs
2582,James Tarkowski,eng ENG,DF,Everton,eng Premier League,29,1992,38.0,55.8,9.71,28.7,24.4,2.97,2.13,55.8,0.26,0.24,90.0,0.03,10.0,25.8,116.1,60.4,0.34,0.08,0.03,0.58,0.13,31.8,0.29,Matchs
2583,Ciprian Tătărușanu,ro ROU,GB,Milan,it Serie A,36,1986,16.0,36.7,31.8,36.7,0.00,0.00,0.00,36.7,0.00,0.00,,0.00,,22.4,122.7,80.3,0.00,0.00,0.00,0.00,0.00,19.7,0.00,Matchs
2584,Niklas Tauer,de GER,"DF,MT",Mainz 05,de Bundesliga,21,2001,1.0,70.0,5.00,23.0,38.0,10.0,1.00,70.0,0.00,0.00,,0.00,,40.0,205.0,100.0,1.00,2.00,0.00,1.00,1.00,47.0,4.00,Matchs
2585,Nuno Tavares,pt POR,"DF,MT",Marseille,fr Ligue 1,22,2000,26.1,68.2,1.72,13.8,26.2,29.3,3.37,68.2,5.29,02.07,39.1,2.84,53.6,46.5,309.4,149.9,3.68,2.61,0.73,2.87,2.57,42.7,9.39,Matchs
2586,Marcus Tavernier,eng ENG,"MT,AT",Bournemouth,eng Premier League,23,1999,19.4,52.0,1.91,10.3,20.1,23.2,03.04,52.0,4.95,2.32,46.9,2.32,46.9,30.5,209.3,104.5,3.45,2.22,01.08,2.37,02.06,32.8,07.06,Matchs
2587,Enzo Tchato,cm CMR,DF,Montpellier,fr Ligue 1,19,2002,12.2,56.3,3.77,15.6,24.7,16.7,0.74,56.3,01.07,0.33,30.8,0.57,53.8,32.7,194.5,98.2,02.05,2.13,0.16,1.15,0.57,30.9,4.67,Matchs
2588,Aurélien Tchouaméni,fr FRA,MT,Real Madrid,es La Liga,22,2000,23.5,84.7,4.00,20.0,52.5,12.7,1.23,84.7,1.66,1.19,71.8,0.34,20.5,54.9,291.1,142.3,1.74,1.83,0.17,01.02,0.51,65.2,0.98,Matchs
2589,Mathys Tel,fr FRA,AT,Bayern Munich,de Bundesliga,17,2005,4.6,52.2,0.87,2.39,21.3,28.7,08.04,52.2,6.52,2.17,33.3,3.91,60.0,35.7,206.1,80.9,2.61,1.52,1.30,5.22,2.39,41.1,12.8,Matchs
2590,Semir Telalovic,de GER,"MT,AT",M'Gladbach,de Bundesliga,22,1999,0.1,40.0,0.00,0.00,10.0,30.0,0.00,40.0,0.00,0.00,,0.00,,30.0,190.0,60.0,0.00,0.00,0.00,10.0,10.0,40.0,0.00,Matchs
2591,Alex Telles,br BRA,DF,Sevilla,es La Liga,29,1992,15.9,55.3,3.58,18.1,21.9,15.8,0.69,55.3,1.76,0.88,50.0,0.82,46.4,25.2,122.4,58.9,1.32,0.69,0.25,0.69,0.06,29.0,05.03,Matchs
2592,Marc-André ter Stegen,de GER,GB,Barcelona,es La Liga,30,1992,37.2,39.2,28.9,38.6,0.59,0.00,0.00,39.2,0.00,0.00,,0.00,,25.9,131.4,92.1,0.00,0.00,0.00,0.03,0.03,22.9,0.00,Matchs
2593,Simon Terodde,de GER,AT,Schalke 04,de Bundesliga,34,1988,20.3,24.9,0.49,1.92,12.0,11.0,4.29,24.8,0.64,0.10,15.4,0.39,61.5,10.7,33.1,9.41,0.25,0.10,0.15,2.12,0.79,17.8,3.35,Matchs
2594,Filippo Terracciano,it ITA,"DF,MT",Hellas Verona,it Serie A,19,2003,9.1,48.2,2.31,12.1,24.6,12.4,0.99,48.2,1.32,0.66,50.0,0.33,25.0,23.8,139.2,67.9,1.76,1.43,0.00,1.87,0.44,26.6,2.64,Matchs
2595,Pietro Terracciano,it ITA,GB,Fiorentina,it Serie A,32,1990,29.0,39.1,30.8,38.8,0.34,0.00,0.00,39.1,0.03,0.03,100.0,0.00,0.0,20.8,108.8,68.4,0.00,0.00,0.00,0.03,0.00,21.1,0.00,Matchs
2596,Ramón Terrats,es ESP,MT,Villarreal,es La Liga,21,2000,9.1,58.0,1.98,10.4,31.2,16.6,1.76,58.0,3.19,1.65,51.7,1.43,44.8,36.3,171.5,90.8,2.31,1.32,0.22,2.53,1.21,43.8,3.52,Matchs
2597,Ramón Terrats,es ESP,MT,Girona,es La Liga,21,2000,2.4,53.8,3.33,15.8,29.2,9.58,0.83,53.8,02.08,0.83,40.0,1.25,60.0,30.4,172.5,79.6,1.67,1.67,0.00,0.83,02.08,36.3,1.67,Matchs
2598,Martin Terrier,fr FRA,"AT,MT",Rennes,fr Ligue 1,25,1997,14.7,53.2,0.82,4.42,24.6,24.6,5.78,53.2,1.77,0.61,34.6,0.95,53.8,39.5,223.3,85.3,2.31,2.24,0.61,1.77,01.02,40.2,9.32,Matchs
2599,Aleksa Terzić,rs SRB,DF,Fiorentina,it Serie A,22,1999,10.4,79.2,2.50,21.2,32.8,26.2,0.87,79.2,2.60,1.54,59.3,0.77,29.6,46.5,332.0,188.6,4.71,2.69,0.38,1.35,0.67,49.1,5.87,Matchs
2600,Tetê,br BRA,AT,Leicester City,eng Premier League,22,2000,8.2,42.7,0.61,7.20,20.1,16.3,3.66,42.7,04.02,2.44,60.6,1.22,30.3,25.9,198.0,86.3,2.68,1.34,1.83,2.32,1.59,28.9,6.71,Matchs
Clt,Joueur,Nation,Pos,Équipe,Comp,Âge,Naissance,90,Touches,SurfRépDéf,ZDéf,MilTer,ZOff,SurfRépOff,Action de jeu,Att,Succ,Succ%,Tkld,Tkld%,Balle au pied,TotDist,DistBut,PrgC,1/3,CSR,Manqué,Perte,Rec,PrgR,Matchs
2601,Tetê,br BRA,"AT,MT",Lyon,fr Ligue 1,22,2000,12.3,52.8,0.24,4.72,20.5,28.5,4.88,52.8,4.39,1.71,38.9,2.28,51.9,41.1,258.0,107.5,3.98,2.28,2.20,2.52,1.22,39.2,10.6,Matchs
2602,Kenny Tete,nl NED,DF,Fulham,eng Premier League,26,1995,28.5,66.5,3.75,19.5,30.8,17.2,01.05,66.5,1.30,0.74,56.8,0.42,32.4,28.8,160.1,84.2,2.63,1.93,0.14,0.77,0.84,33.2,2.42,Matchs
2603,Florian Thauvin,fr FRA,"AT,MT",Udinese,it Serie A,29,1993,6.1,47.9,0.66,2.46,22.6,23.6,3.11,47.9,5.41,1.64,30.3,3.44,63.6,30.7,198.2,84.9,3.11,3.11,0.82,3.11,1.31,35.4,08.03,Matchs
2604,Arthur Theate,be BEL,DF,Rennes,fr Ligue 1,22,2000,34.7,82.3,6.40,31.2,47.4,04.06,1.15,82.3,0.40,0.20,50.0,0.20,50.0,66.7,408.5,232.9,01.07,01.01,0.00,0.43,0.14,62.3,0.12,Matchs
2605,Malick Thiaw,de GER,DF,Milan,it Serie A,20,2001,15.1,79.2,7.15,36.2,40.6,2.91,0.99,79.2,0.26,0.07,25.0,0.13,50.0,48.5,226.8,125.6,0.40,0.66,0.00,0.26,0.26,54.6,0.13,Matchs
2606,Malick Thiaw,de GER,DF,Schalke 04,de Bundesliga,20,2001,3.0,57.0,12.0,35.0,20.7,1.33,1.00,57.0,0.67,0.33,50.0,0.33,50.0,25.3,81.0,39.0,0.33,0.00,0.00,0.00,0.00,30.3,0.00,Matchs
2607,Jan Thielmann,de GER,AT,Köln,de Bundesliga,20,2002,9.7,38.5,0.72,4.74,15.1,19.8,3.20,38.5,3.61,1.96,54.3,1.34,37.1,23.7,166.6,67.4,2.78,1.55,0.93,3.92,1.24,25.3,6.80,Matchs
2608,Sada Thioub,sn SEN,"DF,AT",Angers,fr Ligue 1,27,1995,11.8,54.2,1.19,9.83,25.5,19.8,1.78,54.2,2.97,1.36,45.7,1.36,45.7,40.2,245.7,109.2,1.95,1.86,0.42,1.27,1.69,37.9,6.61,Matchs
2609,Luke Thomas,eng ENG,DF,Leicester City,eng Premier League,21,2001,11.9,66.1,3.28,26.8,30.2,9.66,0.25,66.1,01.01,0.50,50.0,0.42,41.7,29.8,115.5,51.3,0.84,0.67,0.08,0.76,0.67,34.8,01.09,Matchs
2610,Adrien Thomasson,fr FRA,MT,Strasbourg,fr Ligue 1,28,1993,10.4,61.5,0.87,8.46,29.3,23.9,4.81,61.5,1.54,0.77,50.0,0.58,37.5,46.3,226.6,89.4,1.44,1.63,0.29,02.02,1.73,43.6,07.02,Matchs
2611,Adrien Thomasson,fr FRA,"MT,AT",Lens,fr Ligue 1,28,1993,14.2,49.8,1.69,8.73,24.1,17.3,3.31,49.8,1.27,0.85,66.7,0.14,11.1,39.0,191.5,67.3,1.20,1.27,0.14,1.83,1.20,36.5,6.90,Matchs
2612,Morten Thorsby,no NOR,MT,Union Berlin,de Bundesliga,26,1996,9.3,31.9,03.01,9.14,12.7,10.1,2.47,31.9,0.22,0.00,0.0,0.22,100.0,12.4,41.4,12.5,0.00,0.22,0.00,1.61,1.61,13.7,2.26,Matchs
2613,Kristian Thorstvedt,no NOR,MT,Sassuolo,it Serie A,23,1999,12.6,49.9,1.59,7.70,29.0,14.1,2.86,49.9,1.19,0.56,46.7,0.16,13.3,26.9,141.1,70.8,2.46,1.51,0.56,1.59,0.87,35.3,4.29,Matchs
2614,Khéphren Thuram,fr FRA,MT,Nice,fr Ligue 1,21,2001,28.3,58.9,2.26,12.9,33.4,14.0,2.16,58.9,2.72,1.63,59.7,0.85,31.2,46.7,307.1,155.5,3.25,2.76,0.64,1.10,1.24,43.2,2.72,Matchs
2615,Marcus Thuram,fr FRA,AT,M'Gladbach,de Bundesliga,24,1997,27.9,33.9,1.25,03.08,15.1,16.3,6.27,33.9,3.30,1.47,44.6,1.15,34.8,21.6,134.9,66.8,2.69,1.47,1.68,04.01,1.79,25.7,06.09,Matchs
2616,Alexis Tibidi,fr FRA,"AT,MT",Troyes,fr Ligue 1,18,2003,0.8,31.3,0.00,2.50,16.3,13.8,0.00,31.3,3.75,2.50,66.7,0.00,0.0,25.0,151.3,57.5,1.25,1.25,0.00,1.25,1.25,28.8,5.00,Matchs
2617,Youri Tielemans,be BEL,MT,Leicester City,eng Premier League,25,1997,26.0,72.2,2.38,16.8,41.5,14.7,0.54,72.1,1.35,1.00,74.3,0.19,14.3,36.6,155.5,80.3,1.35,0.96,0.04,1.27,0.58,50.3,2.15,Matchs
2618,Kieran Tierney,sct SCO,DF,Arsenal,eng Premier League,25,1997,8.8,65.8,2.61,17.4,27.7,20.8,1.70,65.8,1.36,0.34,25.0,0.34,25.0,35.9,204.8,95.1,2.84,1.36,0.34,0.80,0.00,38.4,3.52,Matchs
2619,Steffen Tigges,de GER,AT,Köln,de Bundesliga,24,1998,17.7,30.0,1.13,2.54,14.6,13.0,4.80,30.0,1.30,0.56,43.5,0.68,52.2,14.0,71.3,29.7,1.13,0.40,0.56,1.81,1.19,19.2,4.58,Matchs
2620,Jean-Clair Todibo,fr FRA,DF,Nice,fr Ligue 1,22,1999,31.9,78.8,9.53,39.7,38.3,1.79,0.75,78.8,0.88,0.63,71.4,0.19,21.4,62.1,346.1,185.9,0.66,0.41,0.00,0.72,0.31,55.2,0.19,Matchs
2621,Harry Toffolo,eng ENG,DF,Nott'ham Forest,eng Premier League,26,1995,10.4,47.9,4.62,16.8,17.2,14.5,1.15,47.9,0.87,0.29,33.3,0.48,55.6,18.4,69.3,32.9,0.77,0.58,0.38,0.96,0.58,21.4,4.13,Matchs
2622,Umut Tohumcu,de GER,"MT,DF",Hoffenheim,de Bundesliga,17,2004,3.0,41.7,2.00,8.67,22.3,11.0,0.33,41.7,2.00,0.33,16.7,1.67,83.3,19.7,95.0,35.3,0.67,1.33,0.00,2.00,0.67,20.0,1.33,Matchs
2623,Karl Toko Ekambi,cm CMR,"AT,MT",Rennes,fr Ligue 1,29,1992,10.8,35.0,0.46,2.13,16.9,16.3,4.72,35.0,1.76,1.11,63.2,0.65,36.8,27.3,176.4,70.7,2.78,2.13,1.48,1.67,1.39,27.3,08.06,Matchs
2624,Karl Toko Ekambi,cm CMR,"AT,MT",Lyon,fr Ligue 1,29,1992,15.0,51.9,0.73,4.60,20.5,27.4,5.67,51.9,3.53,1.73,49.1,1.40,39.6,43.1,266.7,102.7,3.87,2.33,1.60,2.53,1.60,41.7,12.5,Matchs
2625,Corentin Tolisso,fr FRA,MT,Lyon,fr Ligue 1,27,1994,22.6,95.8,3.10,18.1,60.6,17.7,01.02,95.8,0.80,0.31,38.9,0.31,38.9,77.3,380.5,151.8,1.42,1.90,0.09,0.93,0.75,72.4,2.30,Matchs
Clt,Joueur,Nation,Pos,Équipe,Comp,Âge,Naissance,90,Touches,SurfRépDéf,ZDéf,MilTer,ZOff,SurfRépOff,Action de jeu,Att,Succ,Succ%,Tkld,Tkld%,Balle au pied,TotDist,DistBut,PrgC,1/3,CSR,Manqué,Perte,Rec,PrgR,Matchs
2626,Jeremy Toljan,de GER,DF,Sassuolo,it Serie A,27,1994,29.7,61.2,2.66,21.2,29.2,11.0,0.77,61.2,0.44,0.24,53.8,0.20,46.2,32.7,170.6,95.4,1.89,1.38,0.10,0.84,0.47,37.2,3.33,Matchs
2627,Rafael Tolói,it ITA,DF,Atalanta,it Serie A,31,1990,30.9,65.7,5.21,27.0,29.8,9.61,1.39,65.7,0.49,0.19,40.0,0.29,60.0,35.4,148.7,81.4,0.68,1.36,0.00,0.68,0.16,41.8,0.94,Matchs
2628,Raúl de Tomás,es ESP,AT,Rayo Vallecano,es La Liga,27,1994,8.9,30.9,1.35,2.36,11.9,17.1,4.83,30.7,3.26,1.91,58.6,0.90,27.6,23.0,103.0,37.3,1.46,0.79,0.56,3.26,2.13,26.0,5.73,Matchs
2629,Tiago Tomás,pt POR,"AT,MT",Stuttgart,de Bundesliga,20,2002,14.3,35.7,0.56,3.99,13.9,18.1,3.85,35.7,04.06,1.33,32.8,02.03,50.0,22.5,117.3,56.8,2.17,1.19,1.12,03.01,1.75,26.7,6.64,Matchs
2630,Takehiro Tomiyasu,jp JPN,DF,Arsenal,eng Premier League,23,1998,7.4,75.3,3.51,18.6,39.6,17.6,2.30,75.3,0.54,0.14,25.0,0.27,50.0,42.0,186.5,84.3,1.89,0.95,0.14,0.95,0.54,46.5,3.78,Matchs
2631,James Tomkins,eng ENG,DF,Crystal Palace,eng Premier League,33,1989,3.8,54.7,8.95,37.4,15.5,1.84,0.79,54.7,0.26,0.26,100.0,0.00,0.0,30.8,112.9,57.9,0.26,0.26,0.00,0.53,0.26,34.2,0.26,Matchs
2632,Fikayo Tomori,eng ENG,DF,Milan,it Serie A,24,1997,30.7,72.2,7.92,35.5,35.1,02.05,0.46,72.2,0.20,0.10,50.0,0.03,16.7,41.0,205.7,109.0,0.85,0.20,0.00,0.29,0.10,46.4,0.33,Matchs
2633,Sandro Tonali,it ITA,MT,Milan,it Serie A,22,2000,30.1,61.0,1.59,11.8,33.5,16.3,1.10,61.0,0.76,0.30,39.1,0.33,43.5,31.1,187.4,93.3,02.03,1.33,0.07,1.36,0.30,38.3,2.86,Matchs
2634,Lorenzo Tonelli,it ITA,DF,Empoli,it Serie A,32,1990,0.2,40.0,0.00,20.0,20.0,0.00,0.00,40.0,0.00,0.00,,0.00,,20.0,145.0,25.0,0.00,0.00,0.00,0.00,0.00,20.0,0.00,Matchs
2635,Ivan Toney,eng ENG,AT,Brentford,eng Premier League,26,1996,32.8,37.2,1.52,4.30,16.1,17.0,4.76,37.0,1.65,0.49,29.6,0.88,53.7,19.1,75.1,22.1,0.43,0.64,0.24,03.05,1.43,27.1,05.03,Matchs
2636,Pablo Torre,es ESP,"AT,MT",Barcelona,es La Liga,19,2003,1.6,71.3,1.88,7.50,30.6,34.4,0.63,71.3,4.38,1.88,42.9,1.25,28.6,43.1,195.6,101.3,2.50,3.75,0.00,3.13,2.50,54.4,10.0,Matchs
2637,David Torres,es ESP,DF,Valladolid,es La Liga,19,2003,4.3,59.1,4.42,24.4,31.9,3.26,0.23,59.1,0.23,0.23,100.0,0.00,0.0,35.3,139.3,78.6,0.47,0.70,0.00,0.93,0.00,40.9,0.47,Matchs
2638,Ferrán Torres,es ESP,"AT,MT",Barcelona,es La Liga,22,2000,15.5,48.8,0.65,4.32,16.5,28.5,5.61,48.7,4.39,1.94,44.1,1.68,38.2,31.5,177.3,77.4,2.77,2.19,1.48,3.10,1.48,38.6,11.6,Matchs
2639,Óliver Torres,es ESP,"MT,AT",Sevilla,es La Liga,27,1994,23.7,55.4,0.42,6.58,26.5,23.2,2.32,55.4,1.77,0.63,35.7,0.72,40.5,37.4,173.1,76.2,1.60,1.98,0.25,1.43,1.98,41.4,6.58,Matchs
2640,Pau Torres,es ESP,DF,Villarreal,es La Liga,25,1997,33.9,73.6,10.6,35.0,34.6,4.54,0.94,73.6,01.03,0.77,74.3,0.21,20.0,46.4,321.0,224.9,2.24,1.42,0.00,0.65,0.12,50.4,0.35,Matchs
2641,Roberto Torres,es ESP,"AT,MT",Osasuna,es La Liga,33,1989,0.1,140.0,0.00,10.0,60.0,80.0,0.00,140.0,20.0,10.0,50.0,10.0,50.0,120.0,1070.0,780.0,20.0,30.0,0.00,0.00,10.0,120.0,10.0,Matchs
2642,Lucas Torró,es ESP,MT,Osasuna,es La Liga,28,1994,27.5,53.1,3.31,13.3,31.7,8.47,1.16,53.1,0.76,0.40,52.4,0.25,33.3,22.9,93.3,35.0,0.44,0.58,0.04,1.13,0.51,28.0,0.62,Matchs
2643,Nabil Touaizi,ma MAR,MT,Espanyol,es La Liga,21,2001,0.0,2,0,0,0,2,1,2,0,0,,0,,1,12,3,0,0,0,0,0,1,1,Matchs
2644,Almamy Touré,ml MLI,DF,Eint Frankfurt,de Bundesliga,26,1996,4.4,65.0,3.18,25.9,33.2,5.91,1.14,65.0,1.82,1.36,75.0,0.45,25.0,34.5,132.7,61.1,0.45,0.45,0.45,0.91,0.00,40.5,1.82,Matchs
2645,Birama Touré,ml MLI,MT,Auxerre,fr Ligue 1,30,1992,37.8,50.4,2.49,13.6,31.4,5.66,0.37,50.3,0.61,0.29,47.8,0.21,34.8,33.9,160.1,58.5,0.26,0.56,0.03,01.03,0.40,29.6,0.66,Matchs
2646,Mohamed Toure,au AUS,"AT,MT",Reims,fr Ligue 1,18,2004,0.3,43.3,0.00,3.33,6.67,33.3,23.3,43.3,13.3,6.67,50.0,6.67,50.0,30.0,233.3,76.7,3.33,0.00,10.0,6.67,0.00,30.0,16.7,Matchs
2647,Souleymane Touré,fr FRA,DF,Marseille,fr Ligue 1,19,2003,0.8,61.3,7.50,28.8,31.3,2.50,0.00,61.3,1.25,0.00,0.0,1.25,100.0,38.8,201.3,56.3,1.25,0.00,0.00,1.25,0.00,36.3,1.25,Matchs
2648,Souleymane Touré,fr FRA,DF,Auxerre,fr Ligue 1,19,2003,17.6,54.7,7.78,27.7,24.8,2.84,0.97,54.7,01.02,0.45,44.4,0.40,38.9,38.6,218.3,109.2,0.63,0.40,0.00,0.40,0.11,34.9,0.34,Matchs
2649,Lucas Tousart,fr FRA,MT,Hertha BSC,de Bundesliga,25,1997,32.7,41.2,2.60,10.7,22.0,09.05,2.48,41.2,1.62,0.70,43.4,0.73,45.3,16.6,95.5,41.0,1.13,0.49,0.21,1.47,0.80,19.3,2.42,Matchs
2650,Yoann Touzghar,tn TUN,AT,Ajaccio,fr Ligue 1,35,1986,5.0,28.6,1.00,2.40,15.8,10.4,2.00,28.6,1.20,0.40,33.3,0.60,50.0,18.6,97.2,18.4,0.60,0.60,0.20,2.00,0.80,20.2,4.80,Matchs
Clt,Joueur,Nation,Pos,Équipe,Comp,Âge,Naissance,90,Touches,SurfRépDéf,ZDéf,MilTer,ZOff,SurfRépOff,Action de jeu,Att,Succ,Succ%,Tkld,Tkld%,Balle au pied,TotDist,DistBut,PrgC,1/3,CSR,Manqué,Perte,Rec,PrgR,Matchs
2651,Adama Traoré,es ESP,"AT,MT",Wolves,eng Premier League,26,1996,16.6,43.0,01.08,6.14,15.1,22.8,3.37,43.0,6.27,2.95,47.1,02.05,32.7,27.8,242.0,126.9,5.12,2.47,1.51,3.55,1.63,33.4,9.40,Matchs
2652,Bertrand Traoré,bf BFA,"AT,MT",Aston Villa,eng Premier League,26,1995,2.6,43.8,0.00,03.08,15.8,25.4,5.00,43.8,1.54,0.38,25.0,1.15,75.0,31.2,177.7,94.6,3.46,1.15,1.92,03.08,2.69,34.2,10.8,Matchs
2653,Boubacar Traoré,ml MLI,MT,Wolves,eng Premier League,20,2001,4.6,40.2,1.30,11.1,23.9,5.65,0.43,40.2,1.96,0.87,44.4,0.87,44.4,19.6,115.0,58.0,0.87,0.65,0.00,0.65,0.65,22.6,0.43,Matchs
2654,Charles Traore,ml MLI,DF,Nantes,fr Ligue 1,30,1992,5.4,53.3,5.56,22.8,23.9,07.04,0.37,53.3,0.37,0.00,0.0,0.00,0.0,29.4,135.0,61.5,0.37,0.56,0.00,0.56,0.00,24.8,1.48,Matchs
2655,Hamari Traoré,ml MLI,DF,Rennes,fr Ligue 1,30,1992,28.1,74.1,3.20,15.2,40.2,19.1,2.28,74.1,0.64,0.32,50.0,0.32,50.0,53.8,272.3,121.5,1.96,2.24,0.28,0.93,0.32,49.8,5.77,Matchs
2656,Kevin Trapp,de GER,GB,Eint Frankfurt,de Bundesliga,32,1990,33.0,29.0,25.9,28.8,0.18,0.00,0.00,29.0,0.00,0.00,,0.00,,14.9,68.4,40.1,0.00,0.00,0.00,0.00,0.00,12.6,0.00,Matchs
2657,Mark Travers,ie IRL,GB,Bournemouth,eng Premier League,23,1999,11.5,35.0,32.4,34.9,0.09,0.00,0.00,35.0,0.00,0.00,,0.00,,15.8,76.9,39.7,0.00,0.00,0.00,0.00,0.00,12.6,0.00,Matchs
2658,Óscar Trejo,ar ARG,"MT,AT",Rayo Vallecano,es La Liga,34,1988,23.8,56.2,0.71,05.04,29.2,23.1,03.03,56.1,4.96,2.39,48.3,1.81,36.4,35.1,193.2,84.2,2.35,2.48,0.55,2.77,3.87,41.8,4.62,Matchs
2659,Manu Trigueros,es ESP,MT,Villarreal,es La Liga,30,1991,9.2,65.1,1.52,8.26,38.5,18.8,0.76,65.1,0.54,0.22,40.0,0.33,60.0,40.0,155.4,69.2,1.30,01.09,0.00,0.76,0.98,52.9,2.39,Matchs
2660,Christopher Trimmel,at AUT,DF,Union Berlin,de Bundesliga,35,1987,20.1,59.2,3.13,16.1,23.4,20.1,1.39,59.2,0.80,0.40,50.0,0.25,31.3,22.5,114.4,56.9,1.69,0.60,0.40,0.60,0.40,25.9,3.98,Matchs
2661,Théo Trinker,fr FRA,MT,Nice,fr Ligue 1,21,2001,0.0,0,0,0,0,0,0,0,0,0,,0,,0,0,0,0,0,0,0,0,0,0,Matchs
2662,Kieran Trippier,eng ENG,DF,Newcastle Utd,eng Premier League,31,1990,37.1,83.6,3.34,20.9,34.6,28.7,0.70,83.6,0.94,0.51,54.3,0.32,34.3,35.0,124.0,64.5,1.21,1.24,0.03,0.73,0.24,42.9,04.07,Matchs
2663,William Troost-Ekong,ng NGA,DF,Salernitana,it Serie A,28,1993,4.9,46.1,5.51,26.1,19.2,01.02,0.61,46.1,0.00,0.00,,0.00,,25.9,123.7,40.8,0.20,0.20,0.00,0.41,0.00,26.5,0.00,Matchs
2664,Leandro Trossard,be BEL,AT,Arsenal,eng Premier League,27,1994,10.3,55.0,0.87,6.21,17.4,32.1,4.17,55.0,2.52,1.46,57.7,0.58,23.1,36.3,231.7,107.5,3.50,1.55,0.97,1.75,2.23,40.5,9.90,Matchs
2665,Leandro Trossard,be BEL,"AT,MT",Brighton,eng Premier League,27,1994,14.6,47.7,0.21,4.25,19.0,25.2,6.16,47.7,2.74,0.96,35.0,1.30,47.5,29.4,167.3,81.6,2.74,1.85,1.64,2.60,1.78,36.4,08.08,Matchs
2666,Adrien Truffert,fr FRA,DF,Rennes,fr Ligue 1,20,2001,21.7,76.3,3.00,18.9,36.4,21.5,1.38,76.3,2.12,0.97,45.7,0.88,41.3,49.4,275.8,122.5,2.53,2.44,0.41,1.24,0.65,45.1,7.65,Matchs
2667,Frank Tsadjout,it ITA,AT,Cremonese,it Serie A,23,1999,11.7,34.5,0.94,2.99,16.8,15.0,4.19,34.5,1.62,01.03,63.2,0.17,10.5,17.9,85.8,35.5,1.28,0.85,0.43,3.16,0.85,25.6,5.38,Matchs
2668,Kostas Tsimikas,gr GRE,DF,Liverpool,eng Premier League,26,1996,8.6,82.9,2.67,19.8,32.7,31.2,2.56,82.9,1.74,0.47,26.7,0.93,53.3,41.3,213.1,101.6,2.67,01.05,0.58,1.51,0.81,47.6,8.95,Matchs
2669,Theocharis Tsingaras,gr GRE,MT,Toulouse,fr Ligue 1,21,2000,0.1,50.0,0.00,0.00,40.0,10.0,0.00,50.0,0.00,0.00,,0.00,,30.0,90.0,30.0,0.00,0.00,0.00,0.00,0.00,30.0,0.00,Matchs
2670,Viktor Tsyhankov,ua UKR,MT,Girona,es La Liga,24,1997,16.5,44.7,01.03,6.67,18.8,20.1,2.97,44.7,1.88,01.03,54.8,0.61,32.3,28.1,189.8,101.3,3.82,2.36,1.15,0.97,0.91,31.8,7.27,Matchs
2671,Alessandro Tuia,it ITA,DF,Lecce,it Serie A,32,1990,5.7,46.8,4.56,23.9,22.3,1.23,0.35,46.8,0.70,0.35,50.0,0.18,25.0,18.6,89.5,46.3,0.18,0.18,0.00,0.18,0.00,21.6,0.00,Matchs
2672,Martin Turk,si SVN,GB,Sampdoria,it Serie A,18,2003,4.0,39.0,35.5,39.0,0.00,0.00,0.00,39.0,0.00,0.00,,0.00,,20.5,108.3,67.8,0.00,0.00,0.00,0.00,0.00,14.8,0.00,Matchs
2673,Beñat Turrientes,es ESP,"MT,AT",Real Sociedad,es La Liga,20,2002,1.2,50.8,2.50,14.2,24.2,12.5,0.00,50.8,2.50,0.83,33.3,0.83,33.3,25.0,94.2,42.5,0.00,0.00,0.00,3.33,1.67,28.3,3.33,Matchs
2674,Tuta,br BRA,DF,Eint Frankfurt,de Bundesliga,23,1999,30.2,74.4,7.85,34.7,36.8,3.77,0.89,74.4,0.66,0.36,55.0,0.30,45.0,44.1,223.8,115.1,0.76,0.60,0.07,0.89,0.43,45.7,0.56,Matchs
2675,Destiny Udogie,it ITA,DF,Udinese,it Serie A,19,2002,30.0,50.1,2.23,11.5,21.7,18.2,2.53,50.1,04.07,1.70,41.8,1.67,41.0,30.1,219.0,114.0,3.63,2.37,01.03,1.93,1.20,30.1,5.17,Matchs
Clt,Joueur,Nation,Pos,Équipe,Comp,Âge,Naissance,90,Touches,SurfRépDéf,ZDéf,MilTer,ZOff,SurfRépOff,Action de jeu,Att,Succ,Succ%,Tkld,Tkld%,Balle au pied,TotDist,DistBut,PrgC,1/3,CSR,Manqué,Perte,Rec,PrgR,Matchs
2676,Ike Ugbo,ca CAN,"AT,MT",Troyes,fr Ligue 1,23,1998,9.9,22.4,0.71,1.92,12.6,7.98,2.22,22.4,1.72,0.61,35.3,1.11,64.7,13.9,76.6,27.4,0.91,0.40,0.61,1.82,0.71,15.4,3.43,Matchs
2677,Lesley Ugochukwu,fr FRA,MT,Rennes,fr Ligue 1,18,2004,14.8,53.4,2.43,11.6,36.9,5.41,0.47,53.4,1.49,0.95,63.6,0.41,27.3,41.3,231.4,98.2,0.74,01.08,0.27,0.41,0.74,37.6,0.74,Matchs
2678,Samir Ujkani,xk KVX,GB,Empoli,it Serie A,34,1988,0.1,30.0,30.0,30.0,0.00,0.00,0.00,30.0,0.00,0.00,,0.00,,20.0,260.0,170.0,0.00,0.00,0.00,0.00,0.00,10.0,0.00,Matchs
2679,Sven Ulreich,de GER,GB,Bayern Munich,de Bundesliga,33,1988,3.0,46.3,41.0,46.3,0.33,0.00,0.00,46.3,0.00,0.00,,0.00,,32.3,147.0,72.3,0.00,0.00,0.00,0.00,0.00,26.7,0.00,Matchs
2680,Lauren Ulrich,de GER,MT,Stuttgart,de Bundesliga,17,2005,0.1,80.0,0.00,0.00,10.0,70.0,10.0,80.0,0.00,0.00,,0.00,,10.0,160.0,160.0,10.0,0.00,0.00,20.0,0.00,30.0,0.00,Matchs
2681,Samuel Umtiti,fr FRA,DF,Lecce,it Serie A,28,1993,23.5,47.1,5.23,22.9,23.1,1.57,0.43,47.1,0.55,0.26,46.2,0.21,38.5,22.5,105.7,57.1,0.51,0.38,0.00,0.30,0.21,22.6,0.09,Matchs
2682,Enes Ünal,tr TUR,AT,Getafe,es La Liga,25,1997,33.0,33.8,1.30,2.76,15.3,16.2,4.18,33.7,1.30,0.64,48.8,0.58,44.2,18.7,67.8,27.3,0.88,0.79,0.45,2.67,1.52,27.1,4.48,Matchs
2683,Deniz Undav,de GER,"AT,MT",Brighton,eng Premier League,26,1996,7.0,33.0,0.57,2.71,13.9,16.6,6.00,33.0,0.86,0.57,66.7,0.29,33.3,17.1,74.0,50.0,1.71,0.86,0.57,1.86,1.14,25.6,5.71,Matchs
2684,Cengiz Ünder,tr TUR,"MT,DF",Marseille,fr Ligue 1,25,1997,27.7,52.0,0.65,05.02,19.1,28.6,4.69,51.9,3.47,1.41,40.6,1.81,52.1,38.6,233.4,90.0,2.49,1.70,01.08,2.17,1.12,35.6,9.46,Matchs
2685,Dayot Upamecano,fr FRA,DF,Bayern Munich,de Bundesliga,23,1998,26.1,98.4,8.97,45.1,50.3,3.52,0.69,98.4,0.57,0.38,66.7,0.19,33.3,70.7,358.9,199.0,1.19,01.07,0.08,0.73,0.38,72.6,0.27,Matchs
2686,Filip Uremović,hr CRO,DF,Hertha BSC,de Bundesliga,25,1997,19.2,45.9,5.68,26.8,17.6,1.72,0.89,45.9,0.10,0.10,100.0,0.00,0.0,20.0,105.9,39.0,0.16,0.16,0.00,0.52,0.21,20.5,0.05,Matchs
2687,Oscar Ureña,es ESP,MT,Girona,es La Liga,19,2003,1.1,37.3,0.00,6.36,12.7,20.0,3.64,37.3,4.55,3.64,80.0,0.00,0.0,25.5,136.4,40.9,0.91,0.00,0.91,3.64,3.64,26.4,09.09,Matchs
2688,Jere Uronen,fi FIN,DF,Brest,fr Ligue 1,28,1994,3.3,58.2,3.33,18.5,27.6,12.4,0.30,58.2,0.61,0.61,100.0,0.00,0.0,40.0,190.6,76.1,0.91,1.21,0.00,0.61,0.00,36.1,4.24,Matchs
2689,Jere Uronen,fi FIN,DF,Schalke 04,de Bundesliga,28,1994,7.5,59.6,03.07,15.1,30.5,14.5,0.13,59.6,1.33,0.13,10.0,01.07,80.0,24.8,104.0,47.2,1.20,0.67,0.00,1.60,0.40,28.0,2.27,Matchs
2690,Mark Uth,de GER,"MT,AT",Köln,de Bundesliga,30,1991,0.5,40.0,0.00,0.00,24.0,16.0,6.00,40.0,4.00,2.00,50.0,2.00,50.0,16.0,68.0,38.0,0.00,0.00,0.00,4.00,0.00,24.0,2.00,Matchs
2691,Josha Vagnoman,de GER,DF,Stuttgart,de Bundesliga,21,2000,16.4,46.6,2.32,12.2,17.9,17.1,2.93,46.6,2.13,1.34,62.9,0.73,34.3,23.6,126.3,61.4,1.65,1.46,0.43,02.07,1.10,28.4,5.67,Matchs
2692,Diego Valencia,cl CHI,"MT,AT",Salernitana,it Serie A,22,2000,2.6,41.9,1.54,9.23,17.7,15.8,1.54,41.9,0.77,0.00,0.0,0.38,50.0,22.7,81.2,31.5,0.38,0.00,0.00,2.69,1.15,25.4,08.08,Matchs
2693,Óscar Valentín,es ESP,MT,Rayo Vallecano,es La Liga,27,1994,28.4,52.9,2.36,11.9,34.4,07.04,0.60,52.9,0.70,0.25,35.0,0.39,55.0,26.8,147.3,71.2,0.74,0.85,0.04,0.77,0.46,29.2,0.60,Matchs
2694,Emanuele Valeri,it ITA,DF,Cremonese,it Serie A,23,1998,30.9,52.1,02.07,13.5,20.8,18.9,1.81,52.1,2.30,0.58,25.4,1.29,56.3,26.1,182.7,103.1,3.59,1.88,0.65,02.07,0.84,27.1,5.11,Matchs
2695,Yan Valery,tn TUN,DF,Southampton,eng Premier League,23,1999,0.5,56.0,6.00,14.0,36.0,6.00,0.00,56.0,0.00,0.00,,0.00,,34.0,182.0,36.0,0.00,2.00,0.00,2.00,6.00,40.0,0.00,Matchs
2696,Yan Valery,tn TUN,DF,Angers,fr Ligue 1,23,1999,27.7,57.9,04.04,18.1,26.9,13.7,0.51,57.9,2.49,1.19,47.8,01.01,40.6,37.7,254.6,126.9,2.60,2.56,0.22,1.26,1.12,33.2,2.67,Matchs
2697,Martin Valjent,sk SVK,DF,Mallorca,es La Liga,26,1995,29.5,47.6,6.98,25.7,20.1,2.10,0.17,47.6,0.17,0.00,0.0,0.07,40.0,24.4,120.0,59.4,0.51,0.54,0.07,0.20,0.03,26.0,0.10,Matchs
2698,Jesús Vallejo,es ESP,DF,Real Madrid,es La Liga,25,1997,0.2,70.0,20.0,45.0,15.0,10.0,10.0,70.0,0.00,0.00,,0.00,,50.0,135.0,65.0,0.00,0.00,0.00,0.00,0.00,55.0,0.00,Matchs
2699,Manu Vallejo,es ESP,"AT,MT",Girona,es La Liga,25,1997,2.3,47.8,0.43,5.22,19.6,23.5,3.48,47.8,1.74,0.43,25.0,1.30,75.0,29.1,148.3,90.9,03.04,1.74,0.87,1.30,1.74,37.0,10.9,Matchs
2700,Mattia Valoti,it ITA,"MT,AT",Monza,it Serie A,28,1993,5.0,46.2,1.80,10.6,26.6,9.60,1.00,46.2,2.00,0.60,30.0,0.80,40.0,22.8,134.6,56.2,1.40,0.80,0.00,2.00,1.00,30.4,1.80,Matchs
Clt,Joueur,Nation,Pos,Équipe,Comp,Âge,Naissance,90,Touches,SurfRépDéf,ZDéf,MilTer,ZOff,SurfRépOff,Action de jeu,Att,Succ,Succ%,Tkld,Tkld%,Balle au pied,TotDist,DistBut,PrgC,1/3,CSR,Manqué,Perte,Rec,PrgR,Matchs
2701,Federico Valverde,uy URU,"MT,AT",Real Madrid,es La Liga,24,1998,27.8,67.3,1.26,8.24,30.8,28.8,1.94,67.3,1.58,1.12,70.5,0.36,22.7,42.8,238.6,120.5,2.52,2.45,0.29,0.76,0.25,53.4,4.86,Matchs
2702,Virgil van Dijk,nl NED,DF,Liverpool,eng Premier League,31,1991,31.5,91.3,11.5,42.1,45.3,04.06,2.10,91.3,0.03,0.03,100.0,0.00,0.0,55.9,210.9,100.1,0.32,0.44,0.06,0.22,0.00,66.2,0.25,Matchs
2703,Vanderson,br BRA,"DF,MT",Monaco,fr Ligue 1,21,2001,24.6,68.7,2.44,14.2,31.1,23.7,02.07,68.7,2.72,1.10,40.3,1.30,47.8,44.6,247.2,111.6,02.03,1.50,0.37,1.50,0.85,39.3,7.11,Matchs
2704,Raphaël Varane,fr FRA,DF,Manchester Utd,eng Premier League,29,1993,21.2,61.0,7.22,28.8,29.8,2.55,0.85,61.0,0.47,0.28,60.0,0.19,40.0,37.6,252.7,142.9,0.80,0.71,0.00,0.09,0.05,40.1,0.19,Matchs
2705,Jamie Vardy,eng ENG,AT,Leicester City,eng Premier League,35,1987,20.6,21.3,1.55,2.86,8.54,10.0,3.45,21.2,1.41,0.58,41.4,0.68,48.3,9.32,45.0,17.4,0.78,0.44,0.63,1.60,0.78,12.7,4.90,Matchs
2706,Ruben Vargas,ch SUI,"MT,AT",Augsburg,de Bundesliga,23,1998,12.6,41.1,1.90,7.30,15.7,19.1,2.62,41.1,3.73,1.67,44.7,1.75,46.8,22.0,169.7,72.5,2.54,1.83,0.24,2.30,0.79,24.2,5.40,Matchs
2707,Johan Vásquez,mx MEX,DF,Cremonese,it Serie A,23,1998,20.1,52.7,08.01,29.2,20.0,04.08,1.14,52.7,0.70,0.55,78.6,0.15,21.4,25.1,119.6,65.2,0.90,0.55,0.05,0.70,0.30,27.0,0.60,Matchs
2708,Jesus Vazquez,es ESP,"DF,MT",Valencia,es La Liga,19,2003,3.4,67.9,02.06,17.1,27.6,23.5,02.06,67.9,4.71,1.76,37.5,2.65,56.3,38.8,206.2,86.5,1.18,2.65,0.59,2.65,1.18,36.8,5.00,Matchs
2709,Kevin Vázquez,es ESP,"DF,MT",Celta Vigo,es La Liga,29,1993,4.9,54.9,3.27,20.6,23.9,10.4,0.41,54.9,0.41,0.41,100.0,0.00,0.0,25.5,108.8,60.4,01.02,0.41,0.00,0.20,0.82,29.6,2.86,Matchs
2710,Lucas Vázquez,es ESP,DF,Real Madrid,es La Liga,31,1991,12.7,83.4,1.97,20.7,33.2,29.7,3.62,83.4,1.97,1.10,56.0,0.39,20.0,52.9,240.9,125.8,2.44,01.02,1.26,1.57,0.55,60.7,11.4,Matchs
2711,Matías Vecino,uy URU,MT,Lazio,it Serie A,30,1991,18.8,62.0,3.46,14.8,37.9,9.79,1.33,62.0,0.32,0.16,50.0,0.16,50.0,30.0,123.9,57.9,1.17,0.53,0.16,0.96,0.16,43.5,0.90,Matchs
2712,Gabriel Veiga,es ESP,MT,Celta Vigo,es La Liga,20,2002,25.5,41.6,0.75,5.37,22.2,15.2,2.63,41.6,2.94,1.53,52.0,1.33,45.3,25.7,162.4,93.4,2.67,1.69,0.59,2.51,0.86,27.2,3.45,Matchs
2713,Renato Veiga,pt POR,DF,Augsburg,de Bundesliga,19,2003,7.1,58.6,08.03,29.0,24.1,6.62,0.99,58.6,2.11,1.41,66.7,0.56,26.7,28.0,150.7,74.4,1.55,0.42,0.42,0.99,0.56,28.0,0.85,Matchs
2714,Miloš Veljković,rs SRB,DF,Werder Bremen,de Bundesliga,26,1995,25.2,65.3,7.70,37.1,26.9,1.55,0.60,65.3,0.16,0.12,75.0,0.04,25.0,35.9,174.4,100.6,0.20,0.08,0.00,0.08,0.00,40.8,0.12,Matchs
2715,Miguel Veloso,pt POR,MT,Hellas Verona,it Serie A,36,1986,12.9,56.0,2.40,13.0,31.2,13.0,0.54,56.0,0.62,0.31,50.0,0.16,25.0,24.0,146.0,68.2,1.32,01.01,0.08,0.54,0.54,25.4,1.71,Matchs
2716,Joël Veltman,nl NED,DF,Brighton,eng Premier League,30,1992,24.3,71.6,3.79,23.2,36.8,12.1,0.95,71.6,0.82,0.21,25.0,0.33,40.0,39.2,182.6,91.9,1.77,1.32,0.08,0.82,0.41,43.8,02.02,Matchs
2717,Micky van de Ven,nl NED,DF,Wolfsburg,de Bundesliga,21,2001,33.0,61.9,5.70,29.7,28.3,4.27,0.64,61.9,0.97,0.58,59.4,0.24,25.0,37.3,200.8,114.5,1.30,01.03,0.15,0.39,0.33,40.3,0.70,Matchs
2718,Unai Vencedor Paris,es ESP,MT,Athletic Club,es La Liga,21,2000,2.1,71.0,2.38,13.3,44.3,13.8,1.90,71.0,0.95,0.48,50.0,0.48,50.0,36.2,163.3,85.2,0.95,0.95,0.48,1.90,1.90,44.8,1.43,Matchs
2719,Lorenzo Venuti,it ITA,DF,Fiorentina,it Serie A,27,1995,10.3,67.5,2.43,19.6,32.2,16.0,0.97,67.5,0.58,0.29,50.0,0.19,33.3,35.3,177.1,90.6,2.33,1.84,0.19,1.17,0.10,42.8,4.17,Matchs
2720,Daniele Verde,it ITA,"AT,MT",Spezia,it Serie A,26,1996,11.1,48.5,0.99,5.68,19.7,23.5,2.70,48.4,1.53,0.54,35.3,0.63,41.2,27.1,141.4,53.3,1.62,0.81,0.72,1.53,01.08,31.1,5.14,Matchs
2721,Simone Verdi,it ITA,"MT,AT",Hellas Verona,it Serie A,30,1992,12.2,46.5,0.49,4.10,23.0,20.5,02.05,46.4,5.16,2.87,55.6,1.56,30.2,26.8,184.5,84.3,2.79,1.89,0.25,2.87,2.62,29.3,4.67,Matchs
2722,Gonzalo Verdú,es ESP,DF,Elche,es La Liga,33,1988,7.8,53.6,7.95,30.5,21.4,02.05,1.54,53.6,0.00,0.00,,0.00,,28.6,137.8,62.6,0.00,0.13,0.00,0.38,0.00,32.2,0.00,Matchs
2723,Jordan Veretout,fr FRA,MT,Marseille,fr Ligue 1,29,1993,31.8,74.7,2.80,12.5,46.8,16.1,01.04,74.7,0.57,0.38,66.7,0.16,27.8,58.5,331.0,157.2,1.86,1.95,0.19,0.88,0.41,53.5,2.30,Matchs
2724,Marco Verratti,it ITA,MT,Paris S-G,fr Ligue 1,29,1992,24.4,114.1,2.83,21.6,71.4,22.0,01.07,114.1,2.17,1.19,54.7,0.57,26.4,97.4,458.3,226.6,1.64,3.24,0.20,0.70,1.35,93.2,2.13,Matchs
2725,Valerio Verre,it ITA,MT,Sampdoria,it Serie A,28,1994,7.5,65.7,01.07,8.53,38.0,20.4,2.13,65.7,2.67,1.33,50.0,1.20,45.0,37.9,180.1,76.7,2.13,1.73,0.80,2.93,2.67,44.0,3.60,Matchs
Clt,Joueur,Nation,Pos,Équipe,Comp,Âge,Naissance,90,Touches,SurfRépDéf,ZDéf,MilTer,ZOff,SurfRépOff,Action de jeu,Att,Succ,Succ%,Tkld,Tkld%,Balle au pied,TotDist,DistBut,PrgC,1/3,CSR,Manqué,Perte,Rec,PrgR,Matchs
2726,Mikel Vesga,es ESP,MT,Athletic Club,es La Liga,29,1993,28.6,62.9,2.31,11.8,39.1,12.4,1.12,62.8,0.63,0.35,55.6,0.28,44.4,33.6,146.0,69.8,0.91,01.01,0.14,1.33,0.56,40.3,01.08,Matchs
2727,Guglielmo Vicario,it ITA,GB,Empoli,it Serie A,25,1996,30.9,44.2,36.2,44.1,0.06,0.00,0.00,44.2,0.00,0.00,,0.00,,26.5,130.3,81.8,0.00,0.00,0.00,0.00,0.00,23.8,0.00,Matchs
2728,João Victor,br BRA,DF,Nantes,fr Ligue 1,24,1998,9.4,57.3,4.36,20.0,29.9,8.51,0.64,57.3,1.17,0.64,54.5,0.32,27.3,36.0,237.3,130.5,1.81,2.34,0.11,01.06,0.85,31.2,1.49,Matchs
2729,Aleix Vidal,es ESP,"MT,AT",Espanyol,es La Liga,32,1989,11.4,42.9,1.67,8.68,18.0,16.5,1.32,42.9,1.67,0.61,36.8,0.96,57.9,20.9,106.9,40.1,1.40,0.44,0.26,1.32,0.61,21.9,4.65,Matchs
2730,Clément Vidal,fr FRA,"DF,MT",Ajaccio,fr Ligue 1,22,2000,21.1,46.0,6.16,23.6,21.3,1.56,0.76,46.0,0.05,0.05,100.0,0.00,0.0,29.6,167.8,92.2,0.14,0.14,0.00,0.24,0.24,26.4,0.14,Matchs
2731,Nacho Vidal,es ESP,DF,Osasuna,es La Liga,27,1995,13.9,55.8,4.17,16.8,22.5,16.8,1.15,55.8,1.94,0.94,48.1,0.86,44.4,22.4,102.2,44.6,1.44,0.72,0.29,1.29,0.94,26.1,3.74,Matchs
2732,Gabriel Vidovic,hr CRO,AT,Bayern Munich,de Bundesliga,18,2003,0.2,70.0,0.00,5.00,30.0,35.0,10.0,70.0,0.00,0.00,,0.00,,35.0,105.0,40.0,0.00,0.00,0.00,0.00,0.00,60.0,10.0,Matchs
2733,Fabio Vieira,pt POR,"MT,AT",Arsenal,eng Premier League,22,2000,5.7,62.5,01.05,4.74,28.4,29.8,4.74,62.5,3.16,01.05,33.3,1.93,61.1,37.7,152.3,57.4,1.40,1.40,0.18,2.28,1.40,44.7,07.02,Matchs
2734,Ronaldo Vieira,eng ENG,MT,Torino,it Serie A,24,1998,0.2,65.0,15.0,15.0,25.0,25.0,5.00,65.0,0.00,0.00,,0.00,,10.0,25.0,0.00,0.00,0.00,0.00,10.0,5.00,25.0,0.00,Matchs
2735,Ronaldo Vieira,eng ENG,MT,Sampdoria,it Serie A,24,1998,9.1,57.4,3.74,15.2,37.0,5.49,0.33,57.4,0.33,0.22,66.7,0.11,33.3,31.6,140.8,50.0,0.66,0.33,0.11,0.77,0.66,34.6,0.55,Matchs
2736,Emanuel Vignato,it ITA,"MT,AT",Bologna,it Serie A,21,2000,2.7,43.0,0.00,8.52,21.1,13.7,0.74,43.0,0.74,0.37,50.0,0.00,0.0,28.1,138.5,44.1,1.11,1.11,0.00,0.74,1.48,33.0,1.48,Matchs
2737,Emanuel Vignato,it ITA,"MT,AT",Empoli,it Serie A,21,2000,0.6,100.0,1.67,15.0,46.7,38.3,5.00,100.0,1.67,1.67,100.0,0.00,0.0,55.0,430.0,70.0,1.67,1.67,1.67,3.33,0.00,71.7,8.33,Matchs
2738,Samuele Vignato,it ITA,"MT,AT",Monza,it Serie A,18,2004,0.7,64.3,0.00,2.86,27.1,34.3,11.4,64.3,5.71,4.29,75.0,1.43,25.0,44.3,380.0,152.9,5.71,1.43,4.29,2.86,0.00,55.7,8.57,Matchs
2739,Tonny Vilhena,nl NED,MT,Salernitana,it Serie A,27,1995,25.2,43.3,1.27,08.02,24.2,11.7,0.75,43.3,1.55,0.67,43.6,0.75,48.7,23.5,121.5,51.7,1.19,1.39,0.12,1.47,0.95,27.1,2.34,Matchs
2740,Toni Villa,es ESP,MT,Valladolid,es La Liga,27,1995,1.0,45.0,0.00,7.00,17.0,22.0,1.00,45.0,5.00,1.00,20.0,3.00,60.0,27.0,126.0,56.0,2.00,2.00,0.00,1.00,1.00,27.0,5.00,Matchs
2741,Toni Villa,es ESP,"MT,AT",Girona,es La Liga,27,1995,9.9,49.1,0.30,06.06,16.9,27.4,4.44,49.1,7.17,2.42,33.8,4.34,60.6,32.6,230.4,122.0,3.74,2.83,02.02,02.02,2.22,35.1,9.19,Matchs
2742,Asier Villalibre,es ESP,AT,Athletic Club,es La Liga,24,1997,1.1,24.5,0.91,0.91,6.36,17.3,6.36,24.5,0.00,0.00,,0.00,,12.7,43.6,12.7,0.00,0.00,0.00,0.00,1.82,20.0,8.18,Matchs
2743,Gonzalo Villar,es ESP,MT,Sampdoria,it Serie A,24,1998,7.7,58.8,2.47,13.2,37.4,8.44,0.13,58.8,0.78,0.39,50.0,0.26,33.3,32.1,157.9,78.4,1.17,0.78,0.00,1.30,0.52,35.6,0.26,Matchs
2744,Gonzalo Villar,es ESP,MT,Getafe,es La Liga,24,1998,5.1,61.2,1.57,9.41,41.0,12.2,0.98,61.2,3.92,2.55,65.0,0.78,20.0,34.5,236.5,119.2,2.55,1.96,0.39,1.76,1.18,36.1,1.76,Matchs
2745,Iván Villar,es ESP,GB,Celta Vigo,es La Liga,25,1997,19.0,33.2,29.1,32.9,0.26,0.00,0.00,33.2,0.00,0.00,,0.00,,16.7,78.7,47.3,0.00,0.00,0.00,0.00,0.00,13.2,0.00,Matchs
2746,Matías Viña,uy URU,DF,Bournemouth,eng Premier League,24,1997,5.1,56.7,5.29,22.4,20.6,14.5,2.16,56.7,4.71,1.96,41.7,2.16,45.8,23.9,134.5,85.1,1.96,1.18,0.98,2.16,1.18,26.7,3.73,Matchs
2747,Matías Viña,uy URU,DF,Roma,it Serie A,24,1997,0.6,81.7,5.00,28.3,30.0,23.3,1.67,81.7,1.67,1.67,100.0,0.00,0.0,31.7,138.3,43.3,3.33,1.67,1.67,5.00,0.00,23.3,6.67,Matchs
2748,Rúben Vinagre,pt POR,"DF,MT",Everton,eng Premier League,23,1999,0.3,103.3,3.33,23.3,53.3,30.0,0.00,103.3,10.0,3.33,33.3,0.00,0.0,50.0,326.7,173.3,6.67,3.33,0.00,3.33,3.33,56.7,3.33,Matchs
2749,Carlos Vinícius,br BRA,AT,Fulham,eng Premier League,27,1995,12.3,26.8,0.89,1.95,11.1,14.1,4.63,26.8,1.30,0.41,31.3,0.65,50.0,14.9,71.5,24.5,0.73,0.81,0.49,3.90,1.87,20.2,3.74,Matchs
2750,Alan Virginius,fr FRA,AT,Lille,fr Ligue 1,19,2003,2.9,42.1,0.34,2.76,10.3,29.3,7.93,42.1,2.41,0.00,0.0,02.07,85.7,29.7,219.3,100.3,4.14,02.07,2.76,2.41,02.07,27.9,11.0,Matchs
Clt,Joueur,Nation,Pos,Équipe,Comp,Âge,Naissance,90,Touches,SurfRépDéf,ZDéf,MilTer,ZOff,SurfRépOff,Action de jeu,Att,Succ,Succ%,Tkld,Tkld%,Balle au pied,TotDist,DistBut,PrgC,1/3,CSR,Manqué,Perte,Rec,PrgR,Matchs
2751,Mattia Viti,it ITA,DF,Nice,fr Ligue 1,20,2002,7.0,60.6,8.14,31.7,27.0,2.14,0.29,60.6,1.71,0.71,41.7,0.71,41.7,45.7,221.0,107.0,0.14,0.71,0.00,0.29,0.29,42.3,0.14,Matchs
2752,Vitinha,pt POR,AT,Marseille,fr Ligue 1,22,2000,5.2,38.1,1.15,2.69,15.8,20.6,08.08,38.1,2.12,0.96,45.5,1.15,54.5,25.6,118.3,36.7,0.58,1.15,0.38,3.46,1.54,23.3,7.88,Matchs
2753,Vitinha,pt POR,MT,Paris S-G,fr Ligue 1,22,2000,27.2,80.5,1.51,11.9,47.8,21.5,1.40,80.5,1.95,1.14,58.5,0.63,32.1,68.8,365.1,167.4,1.84,2.72,0.18,1.21,1.21,65.7,3.46,Matchs
2754,Daniel Vivian,es ESP,DF,Athletic Club,es La Liga,23,1999,26.4,65.1,5.42,30.5,32.5,2.69,0.98,65.1,0.42,0.15,36.4,0.23,54.5,38.9,219.8,144.7,0.95,0.45,0.00,0.80,0.53,39.4,0.19,Matchs
2755,Dušan Vlahović,rs SRB,AT,Juventus,it Serie A,22,2000,21.4,28.5,0.56,1.64,13.7,13.6,4.77,28.4,1.54,0.65,42.4,0.84,54.5,16.2,77.0,28.5,01.03,01.03,0.56,2.85,1.73,21.5,5.47,Matchs
2756,Nikola Vlašić,hr CRO,"MT,AT",Torino,it Serie A,24,1997,30.3,42.8,0.53,4.32,18.1,21.2,3.83,42.8,2.11,0.99,46.9,0.86,40.6,25.8,157.3,74.8,2.81,1.95,0.92,3.10,1.62,31.9,6.93,Matchs
2757,Joel Voelkerling Persson,se SWE,"AT,MT",Lecce,it Serie A,19,2003,1.1,44.5,0.91,0.91,23.6,20.9,2.73,44.5,0.91,0.91,100.0,0.00,0.0,20.0,100.0,34.5,0.91,0.91,0.00,4.55,2.73,30.9,09.09,Matchs
2758,Kevin Vogt,de GER,DF,Hoffenheim,de Bundesliga,30,1991,19.7,68.6,8.78,35.2,32.3,1.42,0.00,68.6,0.10,0.10,100.0,0.00,0.0,43.1,266.0,166.1,0.81,0.25,0.00,0.51,0.15,43.6,0.15,Matchs
2759,Mërgim Vojvoda,xk KVX,DF,Torino,it Serie A,27,1995,19.1,68.3,1.94,15.8,32.8,20.4,02.04,68.3,1.15,0.63,54.5,0.42,36.4,35.9,178.5,84.1,1.57,1.41,0.52,01.05,0.89,44.0,4.24,Matchs
2760,Kevin Volland,de GER,"AT,MT",Monaco,fr Ligue 1,30,1992,7.1,37.6,0.28,2.11,17.2,18.7,5.21,37.6,0.70,0.14,20.0,0.42,60.0,29.6,145.1,38.0,0.85,0.85,0.70,2.68,0.99,30.0,8.45,Matchs
2761,Cristian Volpato,it ITA,MT,Roma,it Serie A,18,2003,2.5,55.2,0.80,5.20,25.6,25.2,4.40,55.2,3.60,1.60,44.4,2.00,55.6,40.0,289.2,127.6,3.20,3.20,1.20,4.80,2.40,44.8,9.60,Matchs
2762,Lukáš Vorlický,cz CZE,"MT,AT",Atalanta,it Serie A,20,2002,0.3,120.0,0.00,16.7,46.7,63.3,6.67,120.0,23.3,13.3,57.1,10.0,42.9,100.0,853.3,400.0,6.67,13.3,6.67,3.33,3.33,86.7,10.0,Matchs
2763,Aster Vranckx,be BEL,MT,Milan,it Serie A,19,2002,2.7,57.8,0.00,8.52,39.3,10.0,1.48,57.8,2.59,1.11,42.9,1.11,42.9,37.8,192.6,65.6,0.74,0.37,0.37,1.48,2.96,43.7,1.85,Matchs
2764,Aster Vranckx,be BEL,MT,Wolfsburg,de Bundesliga,19,2002,0.1,40.0,20.0,20.0,10.0,10.0,0.00,40.0,0.00,0.00,,0.00,,20.0,50.0,30.0,0.00,0.00,0.00,0.00,0.00,0.00,0.00,Matchs
2765,Stefan de Vrij,nl NED,DF,Inter,it Serie A,30,1992,21.6,65.9,7.36,32.8,31.5,1.62,1.11,65.9,0.23,0.19,80.0,0.05,20.0,36.9,169.6,99.8,0.60,0.09,0.00,0.14,0.19,43.4,0.00,Matchs
2766,Robert Wagner,de GER,MT,Freiburg,de Bundesliga,19,2003,0.4,65.0,7.50,15.0,25.0,25.0,5.00,65.0,2.50,0.00,0.0,2.50,100.0,17.5,75.0,30.0,0.00,5.00,0.00,2.50,2.50,25.0,5.00,Matchs
2767,Elye Wahi,fr FRA,AT,Montpellier,fr Ligue 1,19,2003,27.9,25.7,0.18,1.29,11.0,13.7,4.48,25.7,2.72,01.04,38.2,1.33,48.7,19.2,133.4,51.7,02.04,1.43,1.29,3.12,1.65,19.5,6.81,Matchs
2768,Walace,br BRA,MT,Udinese,it Serie A,27,1995,35.4,60.8,3.42,18.3,35.8,7.34,0.42,60.8,0.79,0.31,39.3,0.37,46.4,34.5,180.1,83.8,1.33,0.90,0.00,1.10,0.82,36.6,01.02,Matchs
2769,Theo Walcott,eng ENG,"AT,MT",Southampton,eng Premier League,33,1989,12.5,30.7,01.04,6.00,12.1,13.5,3.52,30.7,1.92,0.96,50.0,0.80,41.7,17.9,110.7,59.9,1.68,0.96,0.80,1.92,0.96,20.5,4.96,Matchs
2770,Luca Waldschmidt,de GER,"AT,MT",Wolfsburg,de Bundesliga,26,1996,5.8,34.8,0.69,4.83,19.0,11.0,2.59,34.7,0.34,0.17,50.0,0.17,50.0,18.3,77.4,32.9,0.86,0.17,0.00,02.07,0.52,25.2,4.48,Matchs
2771,Kyle Walker,eng ENG,DF,Manchester City,eng Premier League,32,1990,21.8,91.6,2.61,20.1,55.0,17.0,0.69,91.6,0.87,0.60,68.4,0.18,21.1,54.5,250.2,133.0,2.29,1.83,0.09,0.64,0.28,70.7,3.44,Matchs
2772,Kyle Walker-Peters,eng ENG,DF,Southampton,eng Premier League,25,1997,29.4,57.6,03.06,16.0,24.9,17.7,1.70,57.6,3.50,1.67,47.6,1.33,37.9,29.8,199.4,110.1,3.47,2.59,0.65,1.33,1.46,31.2,3.88,Matchs
2773,Sebastian Walukiewicz,pl POL,DF,Empoli,it Serie A,22,2000,6.7,68.5,12.2,44.5,23.3,0.90,0.45,68.5,0.60,0.60,100.0,0.00,0.0,39.4,232.5,135.7,0.90,0.30,0.00,0.15,0.15,48.7,0.00,Matchs
2774,Aaron Wan-Bissaka,eng ENG,DF,Manchester Utd,eng Premier League,24,1997,15.9,64.5,4.72,21.8,25.2,18.0,2.77,64.5,2.20,01.07,48.6,1.13,51.4,33.0,164.4,86.2,2.58,1.51,0.25,0.88,0.63,37.7,04.03,Matchs
2775,Paul Wanner,de GER,MT,Bayern Munich,de Bundesliga,16,2005,0.3,43.3,3.33,10.0,20.0,13.3,6.67,43.3,6.67,6.67,100.0,0.00,0.0,33.3,223.3,73.3,3.33,3.33,3.33,0.00,13.3,36.7,13.3,Matchs
Clt,Joueur,Nation,Pos,Équipe,Comp,Âge,Naissance,90,Touches,SurfRépDéf,ZDéf,MilTer,ZOff,SurfRépOff,Action de jeu,Att,Succ,Succ%,Tkld,Tkld%,Balle au pied,TotDist,DistBut,PrgC,1/3,CSR,Manqué,Perte,Rec,PrgR,Matchs
2776,Danny Ward,wls WAL,GB,Leicester City,eng Premier League,29,1993,26.0,38.5,31.0,38.3,0.19,0.00,0.00,38.5,0.00,0.00,,0.00,,21.5,108.9,64.0,0.00,0.00,0.00,0.00,0.00,18.5,0.00,Matchs
2777,Joel Ward,eng ENG,DF,Crystal Palace,eng Premier League,32,1989,25.1,58.5,4.74,21.8,25.4,11.6,0.84,58.5,0.36,0.28,77.8,0.04,11.1,24.7,94.9,48.9,0.88,0.60,0.04,1.00,0.40,30.3,1.83,Matchs
2778,James Ward-Prowse,eng ENG,MT,Southampton,eng Premier League,27,1994,37.5,66.2,2.59,11.9,36.8,17.8,0.75,66.1,0.53,0.19,35.0,0.32,60.0,31.3,116.4,53.7,0.51,0.72,0.03,0.69,0.59,39.0,1.55,Matchs
2779,Ollie Watkins,eng ENG,AT,Aston Villa,eng Premier League,26,1995,34.7,26.7,1.35,2.48,10.5,14.1,4.73,26.7,1.87,0.52,27.7,01.04,55.4,13.7,72.6,33.5,1.44,0.69,0.92,2.36,1.12,19.7,5.65,Matchs
2780,Timothy Weah,us USA,"DF,AT",Lille,fr Ligue 1,22,2000,19.4,61.0,1.24,11.6,29.4,20.8,1.96,61.0,1.91,01.03,54.1,0.67,35.1,45.3,288.6,140.4,3.56,2.47,0.67,1.24,0.52,42.5,8.71,Matchs
2781,Adam Webster,eng ENG,DF,Brighton,eng Premier League,27,1995,22.1,85.4,7.69,37.1,43.8,4.89,1.22,85.4,0.36,0.14,37.5,0.18,50.0,55.6,285.3,169.2,0.86,0.81,0.00,0.50,0.23,61.9,0.41,Matchs
2782,Wout Weghorst,nl NED,"AT,MT",Manchester Utd,eng Premier League,29,1992,8.9,32.7,1.80,05.06,17.0,10.9,2.92,32.7,1.35,0.45,33.3,0.79,58.3,18.1,51.9,17.5,0.34,0.79,0.00,1.69,1.35,23.1,4.61,Matchs
2783,Julian Weigl,de GER,MT,M'Gladbach,de Bundesliga,26,1995,21.0,64.2,2.52,17.8,42.6,4.14,0.57,64.1,0.62,0.43,69.2,0.05,7.7,35.5,142.4,69.6,0.33,0.52,0.00,0.10,0.10,46.6,0.33,Matchs
2784,Nelson Weiper,de GER,"AT,DF",Mainz 05,de Bundesliga,17,2005,1.1,55.5,0.91,3.64,12.7,40.0,10.9,55.5,6.36,0.00,0.0,4.55,71.4,30.0,200.0,78.2,4.55,2.73,1.82,1.82,0.91,40.9,17.3,Matchs
2785,Mitchell Weiser,de GER,"DF,AT",Werder Bremen,de Bundesliga,28,1994,28.0,63.9,2.36,13.9,30.8,20.2,2.79,63.9,4.32,1.54,35.5,02.07,47.9,32.4,158.6,73.4,2.21,1.64,0.64,2.89,1.46,35.6,06.04,Matchs
2786,Noah Weißhaupt,de GER,"MT,DF",Freiburg,de Bundesliga,20,2001,4.7,45.5,2.98,12.6,20.9,12.3,1.70,45.5,3.40,1.49,43.8,01.06,31.3,28.1,162.3,76.4,2.98,0.85,0.85,2.55,0.64,28.9,6.60,Matchs
2787,Shon Weissman,il ISR,AT,Valladolid,es La Liga,26,1996,8.3,19.3,0.72,2.29,10.4,6.87,03.01,19.3,0.60,0.24,40.0,0.24,40.0,9.16,34.1,12.5,0.84,0.24,0.36,2.65,0.84,11.0,1.81,Matchs
2788,Danny Welbeck,eng ENG,AT,Brighton,eng Premier League,31,1990,20.6,33.6,1.12,2.14,13.6,18.3,5.68,33.6,2.18,01.07,48.9,0.87,40.0,19.8,90.2,42.6,1.50,0.87,0.49,2.91,1.12,25.2,6.50,Matchs
2789,Marcel Wenig,de GER,MT,Eint Frankfurt,de Bundesliga,18,2004,0.0,13,0,2,8,3,1,13,0,0,,0,,7,27,2,0,0,1,1,0,11,0,Matchs
2790,Axel Werner,ar ARG,GB,Elche,es La Liga,26,1996,2.0,37.0,28.5,36.0,1.00,0.00,0.00,37.0,0.50,0.50,100.0,0.00,0.0,19.0,97.0,62.5,0.00,0.00,0.00,0.00,0.00,18.5,0.00,Matchs
2791,Timo Werner,de GER,"AT,MT",RB Leipzig,de Bundesliga,26,1996,21.5,42.0,0.28,03.02,17.1,22.3,6.19,42.0,2.98,1.26,42.2,1.49,50.0,26.9,153.6,68.9,03.02,0.93,02.05,2.47,0.98,33.3,9.72,Matchs
2792,Ben White,eng ENG,DF,Arsenal,eng Premier League,24,1997,33.9,74.7,03.04,16.3,38.5,20.2,1.42,74.7,0.86,0.24,27.6,0.44,51.7,42.7,191.9,105.2,1.89,1.36,0.09,0.80,0.21,50.1,3.66,Matchs
2793,Harvey White,eng ENG,MT,Tottenham,eng Premier League,20,2001,0.1,80.0,0.00,0.00,40.0,40.0,0.00,80.0,0.00,0.00,,0.00,,50.0,110.0,40.0,0.00,0.00,0.00,0.00,0.00,50.0,10.0,Matchs
2794,Joseph Whitworth,eng ENG,GB,Crystal Palace,eng Premier League,18,2004,2.0,43.5,39.5,43.5,0.00,0.00,0.00,43.5,0.00,0.00,,0.00,,26.0,104.0,54.5,0.00,0.00,0.00,0.00,0.00,25.0,0.00,Matchs
2795,Silvan Widmer,ch SUI,DF,Mainz 05,de Bundesliga,29,1993,18.8,55.8,02.02,14.1,26.8,15.3,2.66,55.8,0.74,0.43,57.1,0.32,42.9,24.7,96.8,45.1,0.74,0.48,0.16,1.17,0.64,27.0,4.84,Matchs
2796,Mateusz Wieteska,pl POL,DF,Clermont Foot,fr Ligue 1,25,1997,34.6,55.6,7.40,29.4,25.1,1.65,0.90,55.6,0.38,0.32,84.6,0.00,0.0,39.2,236.7,130.5,0.43,0.29,0.00,0.32,0.17,35.0,0.23,Matchs
2797,Georginio Wijnaldum,nl NED,MT,Roma,it Serie A,31,1990,8.5,32.2,01.06,4.35,17.8,10.6,3.53,32.2,2.47,1.29,52.4,1.18,47.6,18.1,126.0,59.6,1.88,1.29,0.59,1.29,0.82,21.3,3.88,Matchs
2798,Iñaki Williams,gh GHA,AT,Athletic Club,es La Liga,28,1994,31.5,37.5,1.21,3.27,12.3,22.4,5.75,37.5,3.33,1.49,44.8,1.52,45.7,24.0,164.4,86.4,04.03,1.68,1.81,2.32,1.33,29.0,10.8,Matchs
2799,Neco Williams,wls WAL,DF,Nott'ham Forest,eng Premier League,21,2001,20.9,55.2,3.92,21.3,20.2,14.8,1.10,55.2,2.63,0.91,34.5,1.48,56.4,26.6,173.2,98.8,2.44,1.58,0.24,1.48,0.81,25.5,3.21,Matchs
2800,Nico Williams,es ESP,AT,Athletic Club,es La Liga,20,2002,29.5,46.8,0.37,4.47,12.7,30.4,05.02,46.8,6.78,2.81,41.5,03.08,45.5,30.2,238.6,135.5,5.90,2.34,2.17,2.95,1.53,32.6,10.9,Matchs
Clt,Joueur,Nation,Pos,Équipe,Comp,Âge,Naissance,90,Touches,SurfRépDéf,ZDéf,MilTer,ZOff,SurfRépOff,Action de jeu,Att,Succ,Succ%,Tkld,Tkld%,Balle au pied,TotDist,DistBut,PrgC,1/3,CSR,Manqué,Perte,Rec,PrgR,Matchs
2801,Willian,br BRA,AT,Fulham,eng Premier League,33,1988,23.6,47.5,0.42,5.00,17.8,25.5,3.31,47.5,03.01,1.57,52.1,0.93,31.0,31.7,228.6,115.6,4.11,2.92,1.23,1.86,01.06,35.2,6.44,Matchs
2802,Joe Willock,eng ENG,MT,Newcastle Utd,eng Premier League,22,1999,28.4,46.6,1.30,7.11,20.6,19.6,04.01,46.6,3.27,1.30,39.8,1.51,46.2,27.6,183.6,100.9,3.42,2.18,1.16,2.29,0.95,31.5,5.35,Matchs
2803,Callum Wilson,eng ENG,AT,Newcastle Utd,eng Premier League,30,1992,20.9,23.1,0.38,1.20,8.56,13.4,5.93,22.9,1.72,0.57,33.3,0.91,52.8,14.5,71.0,32.2,1.29,0.67,0.77,3.44,1.72,17.2,5.65,Matchs
2804,Harry Wilson,wls WAL,AT,Fulham,eng Premier League,25,1997,12.2,45.2,1.48,7.30,17.5,20.7,03.03,45.2,2.70,0.98,36.4,1.15,42.4,28.1,163.0,63.9,1.48,1.31,0.66,1.89,1.23,32.5,7.13,Matchs
2805,Patrick Wimmer,at AUT,"AT,MT",Wolfsburg,de Bundesliga,21,2001,18.3,44.8,0.87,5.46,16.9,23.2,3.66,44.8,3.61,1.42,39.4,1.80,50.0,24.4,146.5,65.8,2.30,0.93,0.71,2.73,1.64,26.2,7.27,Matchs
2806,Jonas Wind,dk DEN,AT,Wolfsburg,de Bundesliga,23,1999,14.3,37.5,1.12,2.94,18.7,16.2,4.34,37.4,1.40,0.49,35.0,0.91,65.0,21.1,65.8,22.7,0.49,0.91,0.07,3.22,1.26,28.4,6.22,Matchs
2807,Harry Winks,eng ENG,MT,Sampdoria,it Serie A,26,1996,19.1,58.5,2.57,14.3,35.9,8.95,0.21,58.5,1.41,0.89,63.0,0.26,18.5,35.3,175.8,82.5,0.99,01.05,0.00,1.31,0.79,38.4,0.89,Matchs
2808,Frederik Winther,dk DEN,DF,Augsburg,de Bundesliga,21,2001,1.0,49.0,11.0,31.0,16.0,2.00,0.00,49.0,0.00,0.00,,0.00,,15.0,94.0,50.0,0.00,0.00,0.00,0.00,0.00,18.0,0.00,Matchs
2809,Florian Wirtz,de GER,"AT,MT",Leverkusen,de Bundesliga,19,2003,12.1,65.0,0.50,06.03,34.0,26.0,2.89,65.0,07.02,3.97,56.5,2.81,40.0,40.2,218.0,110.0,2.98,2.15,0.74,3.31,2.31,47.9,7.11,Matchs
2810,Przemysław Wiśniewski,pl POL,DF,Spezia,it Serie A,24,1998,11.1,57.2,8.92,35.0,19.4,2.97,0.63,57.2,0.45,0.18,40.0,0.27,60.0,29.0,148.0,69.5,0.18,0.09,0.00,0.54,0.36,33.6,0.09,Matchs
2811,Yoane Wissa,cd COD,AT,Brentford,eng Premier League,25,1996,17.8,29.0,0.79,3.76,10.8,15.1,3.48,29.0,2.47,1.12,45.5,0.84,34.1,17.5,88.4,37.0,1.35,0.67,0.62,2.30,1.40,19.4,5.84,Matchs
2812,Axel Witsel,be BEL,"DF,MT",Atlético Madrid,es La Liga,33,1989,25.1,60.6,6.69,25.3,32.3,3.27,0.72,60.6,0.28,0.24,85.7,0.04,14.3,37.8,163.2,78.3,0.24,0.36,0.00,0.32,0.12,42.2,0.44,Matchs
2813,Maximilian Wöber,at AUT,DF,Leeds United,eng Premier League,24,1998,14.1,60.9,7.80,27.0,28.4,5.74,1.21,60.9,0.07,0.00,0.0,0.07,100.0,30.2,160.6,93.0,01.06,0.64,0.00,0.43,0.14,31.1,01.06,Matchs
2814,Hannes Wolf,at AUT,AT,M'Gladbach,de Bundesliga,23,1999,5.0,50.2,1.60,8.20,23.8,19.0,3.40,50.2,4.80,1.20,25.0,3.00,62.5,29.8,144.6,76.4,2.40,1.40,1.00,1.60,2.60,37.0,7.40,Matchs
2815,Marius Wolf,de GER,DF,Dortmund,de Bundesliga,27,1995,17.4,72.7,2.41,20.1,30.0,23.6,2.87,72.7,3.56,1.95,54.8,1.26,35.5,40.9,205.7,112.6,3.45,2.59,0.75,1.55,0.69,47.5,8.68,Matchs
2816,Jeong Woo-yeong,kr KOR,"MT,AT",Freiburg,de Bundesliga,22,1999,7.3,43.7,0.68,6.44,18.6,19.2,3.70,43.7,3.15,1.10,34.8,1.64,52.2,26.0,161.1,75.3,2.47,1.10,0.68,1.64,0.96,30.8,4.93,Matchs
2817,Chris Wood,nz NZL,AT,Newcastle Utd,eng Premier League,30,1991,5.0,29.8,1.60,3.80,14.0,12.0,3.20,29.6,0.40,0.20,50.0,0.00,0.0,10.4,31.8,12.4,0.20,0.20,0.00,2.40,1.00,20.2,4.60,Matchs
2818,Chris Wood,nz NZL,AT,Nott'ham Forest,eng Premier League,30,1991,4.1,24.1,0.98,2.93,13.9,7.56,1.95,24.1,0.49,0.00,0.0,0.49,100.0,12.2,46.1,17.1,0.49,0.49,0.00,2.68,1.46,19.3,2.93,Matchs
2819,Christopher Wooh,cm CMR,DF,Rennes,fr Ligue 1,20,2001,11.2,64.5,6.25,25.9,37.4,1.34,0.71,64.5,0.18,0.18,100.0,0.00,0.0,51.1,286.4,158.4,0.54,0.18,0.00,0.63,0.09,48.3,0.00,Matchs
2820,Christopher Wooh,cm CMR,MT,Lens,fr Ligue 1,20,2001,0.0,3,0,1,2,0,0,3,0,0,,0,,2,4,2,0,0,0,0,0,2,0,Matchs
2821,Joe Worrall,eng ENG,DF,Nott'ham Forest,eng Premier League,25,1997,24.7,57.0,8.62,32.9,21.2,03.04,1.17,57.0,0.16,0.12,75.0,0.04,25.0,27.7,119.4,64.9,0.20,0.20,0.04,0.24,0.16,32.2,0.04,Matchs
2822,Xeka,pt POR,MT,Rennes,fr Ligue 1,27,1994,6.1,62.3,1.97,12.1,40.7,10.0,0.98,62.3,0.98,0.16,16.7,0.49,50.0,45.2,210.7,91.6,0.82,1.31,0.00,2.13,0.49,39.7,2.13,Matchs
2823,Granit Xhaka,ch SUI,MT,Arsenal,eng Premier League,29,1992,33.3,56.8,2.52,10.2,27.0,19.8,3.18,56.8,0.84,0.45,53.6,0.30,35.7,33.4,127.4,64.9,1.26,1.14,0.27,01.05,0.75,42.0,5.26,Matchs
2824,Lamine Yamal,es ESP,AT,Barcelona,es La Liga,15,2007,0.1,120.0,0.00,0.00,10.0,110.0,10.0,120.0,20.0,0.00,0.0,20.0,100.0,90.0,230.0,90.0,0.00,10.0,0.00,0.00,0.00,100.0,20.0,Matchs
2825,Jawad El Yamiq,ma MAR,DF,Valladolid,es La Liga,30,1992,17.9,65.0,9.89,34.2,29.0,2.51,01.06,65.0,0.78,0.56,71.4,0.17,21.4,33.9,191.3,99.3,1.17,0.50,0.17,0.78,0.28,36.9,0.17,Matchs
Clt,Joueur,Nation,Pos,Équipe,Comp,Âge,Naissance,90,Touches,SurfRépDéf,ZDéf,MilTer,ZOff,SurfRépOff,Action de jeu,Att,Succ,Succ%,Tkld,Tkld%,Balle au pied,TotDist,DistBut,PrgC,1/3,CSR,Manqué,Perte,Rec,PrgR,Matchs
2826,Ryan Yates,eng ENG,MT,Nott'ham Forest,eng Premier League,24,1997,20.4,38.7,3.24,11.5,20.5,07.01,1.67,38.7,0.44,0.20,44.4,0.15,33.3,14.9,61.8,28.3,0.54,0.20,0.15,0.88,0.74,18.8,1.32,Matchs
2827,Yusuf Yazıcı,tr TUR,MT,Lille,fr Ligue 1,25,1997,2.2,52.7,0.45,6.82,21.8,24.5,2.73,52.7,2.73,0.45,16.7,2.27,83.3,43.2,259.1,104.5,2.27,2.73,0.00,0.91,0.91,40.9,8.18,Matchs
2828,Kelvin Yeboah,it ITA,"AT,MT",Augsburg,de Bundesliga,22,2000,3.9,35.6,0.77,4.36,12.1,21.0,5.64,35.6,7.18,3.85,53.6,2.56,35.7,19.5,137.4,76.7,3.33,1.54,1.54,3.59,2.56,21.5,6.41,Matchs
2829,Gerard Yepes,es ESP,MT,Sampdoria,it Serie A,19,2002,2.2,58.2,2.73,09.09,40.9,8.64,0.91,58.2,0.45,0.00,0.0,0.45,100.0,26.8,112.7,48.2,1.36,1.36,0.45,1.36,0.45,32.7,2.73,Matchs
2830,Darlin Yongwa,cm CMR,DF,Lorient,fr Ligue 1,21,2000,8.7,51.8,2.30,11.3,19.2,21.8,3.22,51.8,5.52,1.49,27.1,3.68,66.7,35.7,214.0,92.0,3.33,1.84,0.92,1.49,1.15,31.4,08.05,Matchs
2831,Leny Yoro,fr FRA,DF,Lille,fr Ligue 1,16,2005,8.5,75.4,6.00,34.5,40.9,0.47,0.35,75.4,0.35,0.35,100.0,0.00,0.0,58.6,296.0,140.9,0.00,0.12,0.00,0.59,0.12,54.1,0.12,Matchs
2832,Maya Yoshida,jp JPN,DF,Schalke 04,de Bundesliga,33,1988,28.4,60.4,8.63,35.1,23.9,1.97,0.77,60.4,0.28,0.21,75.0,0.07,25.0,29.5,127.6,57.0,0.25,0.28,0.04,0.42,0.07,32.4,0.14,Matchs
2833,Ashley Young,eng ENG,DF,Aston Villa,eng Premier League,37,1985,22.6,62.4,3.81,22.2,29.9,11.2,0.44,62.4,0.97,0.35,36.4,0.44,45.5,31.0,143.1,68.8,1.28,0.88,0.18,0.80,0.22,33.9,1.46,Matchs
2834,Mohamed Youssouf,km COM,DF,Ajaccio,fr Ligue 1,34,1988,27.3,58.4,3.44,17.9,28.1,12.6,0.18,58.4,1.21,0.40,33.3,0.66,54.5,32.5,193.5,84.8,1.76,1.28,0.00,1.10,0.51,28.2,03.04,Matchs
2835,Illia Zabarnyi,ua UKR,DF,Bournemouth,eng Premier League,19,2002,3.3,70.9,11.2,48.2,22.4,0.61,0.00,70.9,0.61,0.30,50.0,0.00,0.0,50.3,307.0,198.2,0.30,0.30,0.00,0.91,0.61,52.7,0.00,Matchs
2836,Mattia Zaccagni,it ITA,AT,Lazio,it Serie A,27,1995,30.8,45.5,0.52,5.26,20.4,20.6,3.90,45.5,04.09,1.95,47.6,1.14,27.8,31.7,220.7,115.6,3.83,02.01,1.36,1.59,1.14,36.9,9.16,Matchs
2837,Dan-Axel Zagadou,fr FRA,DF,Stuttgart,de Bundesliga,23,1999,14.1,81.6,11.0,44.8,35.2,1.99,1.42,81.6,0.07,0.07,100.0,0.00,0.0,47.7,206.5,92.8,0.21,0.07,0.00,0.35,0.21,55.8,0.00,Matchs
2838,Wilfried Zaha,ci CIV,"AT,MT",Crystal Palace,eng Premier League,29,1992,25.4,40.9,0.47,3.94,15.3,22.3,5.63,40.9,5.39,2.17,40.1,2.56,47.4,28.7,190.9,84.2,3.39,1.69,2.32,3.74,3.23,32.3,9.37,Matchs
2839,Warren Zaire-Emery,fr FRA,"MT,DF",Paris S-G,fr Ligue 1,16,2006,10.3,70.5,2.52,11.9,41.4,18.6,02.04,70.5,2.82,1.55,55.2,01.07,37.9,56.7,331.3,147.8,2.23,2.14,0.39,01.07,1.36,52.9,5.24,Matchs
2840,Denis Zakaria,ch SUI,MT,Chelsea,eng Premier League,25,1996,4.6,47.4,2.61,14.3,24.6,9.57,0.43,47.4,1.96,1.30,66.7,0.65,33.3,30.4,140.4,63.3,1.96,0.65,0.43,0.87,1.96,34.6,0.65,Matchs
2841,Denis Zakaria,ch SUI,MT,Juventus,it Serie A,25,1996,1.4,36.4,1.43,10.0,21.4,6.43,0.71,36.4,0.00,0.00,,0.00,,19.3,106.4,74.3,1.43,2.14,0.00,0.71,0.71,25.7,2.14,Matchs
2842,Rodrigo Zalazar,uy URU,"MT,AT",Schalke 04,de Bundesliga,22,1999,14.7,45.4,0.61,6.39,20.7,20.1,2.72,45.4,5.65,2.38,42.2,2.45,43.4,23.6,155.9,53.4,1.77,1.36,0.27,3.54,2.11,23.9,3.20,Matchs
2843,Joseba Zaldúa,es ESP,DF,Cádiz,es La Liga,30,1992,7.1,50.1,05.07,18.0,19.6,12.7,0.56,50.1,1.41,0.42,30.0,0.70,50.0,18.9,111.3,63.4,1.83,1.83,0.28,0.99,0.42,23.4,2.82,Matchs
2844,Nicola Zalewski,pl POL,DF,Roma,it Serie A,20,2002,24.4,62.4,1.43,17.0,28.7,17.4,1.35,62.4,2.91,1.19,40.8,1.23,42.3,34.4,215.1,124.1,3.77,2.30,0.86,1.19,0.57,38.6,04.06,Matchs
2845,Andre-Frank Zambo Anguissa,cm CMR,MT,Napoli,it Serie A,26,1995,33.9,78.1,1.39,12.0,44.8,22.4,2.60,78.1,02.09,0.97,46.5,0.97,46.5,51.4,225.6,89.9,1.71,1.65,0.27,2.12,1.47,62.2,4.13,Matchs
2846,Oliver Zandén,se SWE,"DF,MT",Toulouse,fr Ligue 1,20,2001,1.6,55.6,5.00,15.6,19.4,20.6,1.88,55.6,3.75,1.88,50.0,1.25,33.3,31.9,156.9,75.6,2.50,0.00,0.00,1.88,0.00,28.1,7.50,Matchs
2847,Luca Zanimacchia,it ITA,"MT,AT",Cremonese,it Serie A,24,1998,8.3,50.1,0.96,6.51,18.8,25.4,3.98,50.1,1.69,0.60,35.7,0.96,57.1,25.1,163.4,71.7,2.65,2.41,0.96,2.41,1.45,29.2,8.43,Matchs
2848,Nicolò Zaniolo,it ITA,"MT,AT",Roma,it Serie A,23,1999,9.9,34.7,0.10,3.64,15.5,16.7,4.55,34.7,4.75,01.01,21.3,2.93,61.7,24.8,171.2,84.7,3.43,2.73,01.01,3.94,3.54,27.0,6.97,Matchs
2849,Alessandro Zanoli,it ITA,DF,Sampdoria,it Serie A,21,2000,17.1,50.4,4.33,19.1,19.8,12.5,1.29,50.4,2.63,1.58,60.0,0.70,26.7,26.6,162.6,97.1,2.92,1.35,0.58,0.88,0.53,30.5,3.51,Matchs
2850,Alessandro Zanoli,it ITA,DF,Napoli,it Serie A,21,2000,0.1,140.0,0.00,50.0,60.0,30.0,10.0,140.0,0.00,0.00,,0.00,,70.0,550.0,450.0,10.0,10.0,10.0,0.00,0.00,110.0,20.0,Matchs
Clt,Joueur,Nation,Pos,Équipe,Comp,Âge,Naissance,90,Touches,SurfRépDéf,ZDéf,MilTer,ZOff,SurfRépOff,Action de jeu,Att,Succ,Succ%,Tkld,Tkld%,Balle au pied,TotDist,DistBut,PrgC,1/3,CSR,Manqué,Perte,Rec,PrgR,Matchs
2851,Mattia Zanotti,it ITA,DF,Inter,it Serie A,19,2003,0.3,43.3,0.00,13.3,10.0,23.3,3.33,43.3,0.00,0.00,,0.00,,16.7,56.7,43.3,3.33,3.33,0.00,3.33,0.00,13.3,6.67,Matchs
2852,Duván Zapata,co COL,AT,Atalanta,it Serie A,31,1991,15.4,38.8,1.10,02.08,16.4,20.7,06.04,38.8,2.92,1.30,44.4,01.04,35.6,25.9,142.6,48.8,2.27,1.30,1.36,3.44,2.92,31.9,09.09,Matchs
2853,Davide Zappacosta,it ITA,DF,Atalanta,it Serie A,30,1992,16.3,68.8,1.90,16.0,25.5,28.0,3.44,68.8,3.50,01.04,29.8,02.02,57.9,37.2,224.5,116.1,2.94,2.39,1.10,1.60,0.86,42.5,6.20,Matchs
2854,Oier Zarraga,es ESP,MT,Athletic Club,es La Liga,23,1999,9.5,47.1,0.74,6.32,24.1,17.7,1.26,47.1,0.74,0.53,71.4,0.21,28.6,28.5,163.1,80.6,1.26,1.58,0.21,0.63,0.95,32.0,3.37,Matchs
2855,Akim Zedadka,dz ALG,DF,Auxerre,fr Ligue 1,27,1995,17.8,51.7,3.93,16.7,22.4,13.0,1.18,51.7,1.97,0.51,25.7,1.24,62.9,30.7,184.7,75.8,1.40,0.90,0.22,1.52,0.96,26.5,3.99,Matchs
2856,Akim Zedadka,dz ALG,"DF,MT",Lille,fr Ligue 1,27,1995,3.9,64.6,2.56,18.2,29.5,17.7,1.79,64.6,02.05,0.77,37.5,01.03,50.0,48.2,245.6,133.1,1.54,02.05,0.26,01.03,0.77,44.4,4.62,Matchs
2857,Karim Zedadka,fr FRA,AT,Napoli,it Serie A,22,2000,0.2,100.0,5.00,20.0,50.0,30.0,10.0,100.0,5.00,0.00,0.0,0.00,0.0,65.0,315.0,140.0,5.00,0.00,5.00,5.00,0.00,75.0,20.0,Matchs
2858,Deyovaisio Zeefuik,nl NED,DF,Hellas Verona,it Serie A,24,1998,0.1,100.0,0.00,20.0,60.0,30.0,20.0,100.0,10.0,0.00,0.0,10.0,100.0,60.0,240.0,40.0,10.0,0.00,10.0,0.00,0.00,50.0,10.0,Matchs
2859,Marvin Zeegelaar,nl NED,DF,Udinese,it Serie A,31,1990,3.9,57.2,3.33,23.1,23.1,12.1,1.79,57.2,2.56,02.05,80.0,0.26,10.0,32.3,127.4,60.0,1.54,0.51,0.26,02.05,01.03,35.6,2.82,Matchs
2860,Mehdi Zeffane,dz ALG,"DF,MT",Clermont Foot,fr Ligue 1,30,1992,7.3,49.3,2.60,10.8,24.4,15.1,1.51,49.3,1.23,0.55,44.4,0.68,55.6,35.9,164.5,70.0,1.23,1.10,0.41,1.78,0.14,30.5,4.25,Matchs
2861,Aaron Zehnter,de GER,DF,Augsburg,de Bundesliga,17,2004,0.0,3,0,1,2,0,0,3,0,0,,0,,0,0,0,0,0,0,0,0,0,0,Matchs
2862,Jordan Zemura,zw ZIM,DF,Bournemouth,eng Premier League,22,1999,16.2,49.9,2.84,18.6,18.3,13.7,1.91,49.9,2.47,1.11,45.0,1.11,45.0,23.1,144.8,76.2,2.41,1.79,0.62,2.16,0.99,25.2,2.96,Matchs
2863,Arber Zeneli,xk KVX,"AT,MT",Reims,fr Ligue 1,27,1995,11.1,54.2,0.63,4.95,19.8,30.5,05.05,54.2,5.41,1.53,28.3,3.42,63.3,38.7,282.6,121.4,04.05,2.52,2.61,4.23,02.07,35.9,10.6,Matchs
2864,Robin Zentner,de GER,GB,Mainz 05,de Bundesliga,27,1994,26.0,36.2,28.0,35.3,0.73,0.19,0.15,36.2,0.00,0.00,,0.00,,20.0,114.0,64.5,0.00,0.00,0.00,0.04,0.00,12.8,0.04,Matchs
2865,Alessio Zerbin,it ITA,AT,Napoli,it Serie A,23,1999,2.2,52.3,2.27,7.27,28.6,16.4,04.09,52.3,2.27,0.91,40.0,1.36,60.0,32.3,146.4,56.4,2.27,0.00,1.36,2.27,2.27,38.2,09.09,Matchs
2866,Michael Zetterer,de GER,GB,Werder Bremen,de Bundesliga,27,1995,1.7,38.8,32.9,38.8,0.00,0.00,0.00,38.8,0.00,0.00,,0.00,,21.8,151.2,91.2,0.00,0.00,0.00,0.00,0.00,15.9,0.00,Matchs
2867,Nathan Zeze,fr FRA,DF,Nantes,fr Ligue 1,17,2005,0.7,42.9,1.43,21.4,21.4,0.00,0.00,42.9,0.00,0.00,,0.00,,28.6,147.1,70.0,0.00,0.00,0.00,0.00,0.00,25.7,0.00,Matchs
2868,Edon Zhegrova,xk KVX,"AT,MT",Lille,fr Ligue 1,23,1999,11.7,67.4,0.17,3.59,19.1,45.6,6.75,67.4,9.49,4.53,47.7,4.62,48.6,53.8,399.4,200.6,6.32,4.53,2.99,2.82,1.45,50.1,16.6,Matchs
2869,Piotr Zieliński,pl POL,MT,Napoli,it Serie A,28,1994,25.4,69.1,0.75,7.20,32.4,30.1,2.13,69.1,2.28,0.87,37.9,1.14,50.0,42.8,211.5,97.8,2.44,2.95,0.35,01.06,0.59,53.6,05.08,Matchs
2870,David Zima,cz CZE,DF,Torino,it Serie A,21,2000,4.5,54.4,4.44,25.3,26.9,2.67,1.11,54.4,0.22,0.22,100.0,0.00,0.0,24.7,120.2,62.0,0.67,0.44,0.00,0.22,0.44,28.7,1.11,Matchs
2871,Oleksandr Zinchenko,ua UKR,DF,Arsenal,eng Premier League,25,1996,23.5,89.9,3.28,19.7,45.0,26.0,1.40,89.9,01.06,0.64,60.0,0.38,36.0,53.7,293.6,161.1,2.85,2.81,0.34,0.68,0.64,59.5,2.89,Matchs
2872,Joshua Zirkzee,nl NED,AT,Bologna,it Serie A,21,2001,9.1,41.6,0.88,2.31,19.5,20.3,3.63,41.6,04.07,1.76,43.2,02.09,51.4,25.9,129.5,44.7,1.10,1.76,0.55,3.96,2.75,34.0,8.13,Matchs
2873,Hakim Ziyech,ma MAR,"AT,MT",Chelsea,eng Premier League,29,1993,7.3,69.2,1.64,10.1,25.2,34.4,2.33,69.2,4.52,1.92,42.4,02.05,45.5,41.5,206.2,90.0,2.74,2.33,0.96,1.64,1.78,48.5,9.45,Matchs
2874,Jeroen Zoet,nl NED,GB,Spezia,it Serie A,31,1991,3.7,38.1,33.2,37.8,0.27,0.00,0.00,38.1,0.27,0.27,100.0,0.00,0.0,22.7,144.3,74.9,0.00,0.00,0.00,0.00,0.00,15.9,0.00,Matchs
2875,Simon Zoller,de GER,AT,Bochum,de Bundesliga,31,1991,16.2,28.4,1.36,3.89,13.5,11.2,3.40,28.4,0.43,0.12,28.6,0.12,28.6,12.4,43.6,14.7,0.62,0.06,0.37,1.17,0.37,16.5,3.77,Matchs
Clt,Joueur,Nation,Pos,Équipe,Comp,Âge,Naissance,90,Touches,SurfRépDéf,ZDéf,MilTer,ZOff,SurfRépOff,Action de jeu,Att,Succ,Succ%,Tkld,Tkld%,Balle au pied,TotDist,DistBut,PrgC,1/3,CSR,Manqué,Perte,Rec,PrgR,Matchs
2876,Nadir Zortea,it ITA,"DF,MT",Atalanta,it Serie A,23,1999,2.5,61.2,2.80,18.0,20.0,24.0,2.80,61.2,8.40,4.00,47.6,4.00,47.6,31.2,192.0,106.8,4.40,2.80,0.80,2.40,0.80,32.8,5.20,Matchs
2877,Nadir Zortea,it ITA,DF,Sassuolo,it Serie A,23,1999,7.3,69.3,3.70,21.9,31.5,16.2,1.10,69.3,2.74,0.82,30.0,1.23,45.0,37.8,221.5,127.9,3.29,2.60,0.41,1.64,0.68,41.4,3.42,Matchs
2878,Tanguy Zoukrou,fr FRA,DF,Troyes,fr Ligue 1,19,2003,5.7,51.1,9.82,32.6,16.7,2.11,0.18,51.1,0.53,0.35,66.7,0.18,33.3,34.0,134.4,61.9,0.00,0.35,0.00,0.18,0.35,29.3,0.53,Matchs
2879,Kurt Zouma,fr FRA,DF,West Ham,eng Premier League,27,1994,22.1,47.5,10.4,29.6,16.4,1.58,1.31,47.5,0.23,0.09,40.0,0.14,60.0,23.7,97.3,46.1,0.14,0.05,0.00,0.23,0.09,28.1,0.05,Matchs
2880,Petar Zovko,ba BIH,GB,Spezia,it Serie A,20,2002,0.8,47.5,36.3,45.0,2.50,0.00,0.00,47.5,0.00,0.00,,0.00,,22.5,96.3,55.0,0.00,0.00,0.00,0.00,0.00,16.3,0.00,Matchs
2881,Igor Zubeldia,es ESP,DF,Real Sociedad,es La Liga,25,1997,28.2,62.8,6.38,29.1,32.3,1.70,0.35,62.8,0.28,0.28,100.0,0.00,0.0,38.3,219.0,134.9,0.50,0.11,0.04,0.21,0.04,40.7,0.14,Matchs
2882,Martín Zubimendi,es ESP,MT,Real Sociedad,es La Liga,23,1999,34.5,60.6,3.13,14.8,39.1,7.51,0.52,60.6,0.70,0.26,37.5,0.29,41.7,36.7,199.9,106.6,1.25,1.13,0.09,0.67,0.49,41.8,0.84,Matchs
2883,Szymon Żurkowski,pl POL,MT,Fiorentina,it Serie A,24,1997,0.4,62.5,0.00,2.50,20.0,40.0,7.50,62.5,2.50,0.00,0.0,2.50,100.0,40.0,287.5,150.0,7.50,2.50,2.50,2.50,2.50,45.0,10.0,Matchs
2884,Szymon Żurkowski,pl POL,MT,Spezia,it Serie A,24,1997,4.7,36.0,3.40,9.57,17.0,9.79,0.85,36.0,2.34,1.70,72.7,0.43,18.2,18.1,126.6,57.0,1.91,0.85,0.43,2.98,0.64,18.5,2.13,Matchs
2885,Martin Ødegaard,no NOR,MT,Arsenal,eng Premier League,23,1998,34.7,60.5,0.78,5.73,24.9,30.5,3.52,60.5,2.39,1.38,57.8,0.84,34.9,37.0,199.7,87.1,2.39,1.73,0.75,1.21,1.30,44.7,5.56,Matchs
2886,Milan Đurić,ba BIH,AT,Hellas Verona,it Serie A,32,1990,15.2,42.4,2.11,04.08,20.7,17.8,3.95,42.4,0.39,0.13,33.3,0.20,50.0,17.2,57.2,13.9,0.13,0.33,0.20,1.71,0.99,36.3,4.74,Matchs
2887,Filip Đuričić,rs SRB,"MT,AT",Sampdoria,it Serie A,30,1992,24.1,41.2,0.62,06.02,20.2,15.8,1.41,41.2,2.90,1.29,44.3,1.24,42.9,24.5,138.7,66.3,1.62,1.74,0.12,2.45,1.95,28.6,3.44,Matchs
2888,Blanco,,MT,Cádiz,es La Liga,22,2000,1.8,,,,,,,,,,,,,,,,,,,,,,,Matchs
2889,Hugo Guillamón,,"DF,MT",Valencia,es La Liga,22,2000,18.1,,,,,,,,,,,,,,,,,,,,,,,Matchs