Clt,Joueur,Nation,Pos,Équipe,Âge,Naissance,90,AMT,AMT90,PassLive,PassDead,TO,Tirs,Ftp,Déf,AMB,AMB90,PassLive,PassDead,TO,Tirs,Ftp,Déf,Matchs
1,Rodrigo Abascal,uy URU,DF,Boavista,28,1994,25.5,28,1.10,26,2,0,0,0,0,5,0.20,5,0,0,0,0,0,Matchs
2,Giorgi Aburjania,ge GEO,MT,Gil Vicente FC,27,1995,17.9,40,2.23,37,1,0,1,1,0,1,0.06,1,0,0,0,0,0,Matchs
3,Elias Achouri,tn TUN,MT,Estoril,23,1999,0.1,0,0.00,0,0,0,0,0,0,0,0.00,0,0,0,0,0,0,Matchs
4,Antonio Adán,es ESP,GB,Sporting CP,35,1987,31.0,5,0.16,3,2,0,0,0,0,1,0.03,0,1,0,0,0,0,Matchs
5,Adriano,br BRA,"MT,DF",Santa Clara,22,1999,24.5,40,1.63,35,0,1,2,1,1,3,0.12,2,0,0,1,0,0,Matchs
6,João Afonso Crispim,br BRA,MT,Marítimo,27,1995,16.3,17,01.04,15,0,0,0,0,2,1,0.06,1,0,0,0,0,0,Matchs
7,Lucas Áfrico,br BRA,DF,Estoril,27,1995,3.9,1,0.25,1,0,0,0,0,0,0,0.00,0,0,0,0,0,0,Matchs
8,Martin Agirregabiria,es ESP,"DF,AT",Famalicão,26,1996,4.5,5,1.12,5,0,0,0,0,0,1,0.22,1,0,0,0,0,0,Matchs
9,Salvador Agra,pt POR,"AT,MT",Boavista,30,1991,18.3,56,03.05,38,12,3,1,2,0,6,0.33,3,1,1,0,1,0,Matchs
10,Mohamed Aidara,ci CIV,"DF,AT",Vizela,25,1996,2.7,0,0.00,0,0,0,0,0,0,0,0.00,0,0,0,0,0,0,Matchs
11,Alemão,br BRA,DF,Portimonense,19,2002,4.0,2,0.50,1,0,0,0,0,1,0,0.00,0,0,0,0,0,0,Matchs
12,Sotiris Alexandropoulos,gr GRE,MT,Sporting CP,20,2001,1.2,3,2.65,2,0,0,0,0,1,0,0.00,0,0,0,0,0,0,Matchs
13,Ali Alipour,ir IRN,"AT,MT",Gil Vicente FC,26,1995,5.9,11,1.87,8,0,1,1,0,1,2,0.34,2,0,0,0,0,0,Matchs
14,Allano,br BRA,"AT,MT",Santa Clara,27,1995,12.6,25,1.98,15,2,4,0,4,0,0,0.00,0,0,0,0,0,0,Matchs
15,Domingos André Ribeiro Almeida,pt POR,MT,Vitória,22,2000,2.6,9,3.42,7,0,0,1,1,0,2,0.76,2,0,0,0,0,0,Matchs
16,Jordi Almeida,br BRA,GB,Paços,28,1993,6.0,0,0.00,0,0,0,0,0,0,0,0.00,0,0,0,0,0,0,Matchs
17,Alejandro Alvarado Jr.,us USA,"AT,MT",Vizela,19,2003,0.8,1,1.30,1,0,0,0,0,0,0,0.00,0,0,0,0,0,0,Matchs
18,Pedro Álvaro,pt POR,DF,Estoril,22,2000,28.6,18,0.63,14,1,0,2,0,1,0,0.00,0,0,0,0,0,0,Matchs
19,Luís Alves,pt POR,DF,Paços,20,2001,4.1,4,0.98,3,1,0,0,0,0,0,0.00,0,0,0,0,0,0,Matchs
20,Pedro Amaral,pt POR,DF,Rio Ave,24,1997,11.0,22,02.01,14,7,1,0,0,0,4,0.36,2,1,1,0,0,0,Matchs
21,André Amaro,pt POR,DF,Vitória,19,2002,26.2,18,0.69,17,0,0,1,0,0,2,0.08,2,0,0,0,0,0,Matchs
22,Anderson,br BRA,AT,Vitória,24,1997,15.0,27,1.79,10,0,5,8,3,1,2,0.13,0,0,0,1,1,0,Matchs
23,Anderson,br BRA,"AT,MT",Portimonense,24,1998,4.2,19,4.55,14,0,2,3,0,0,0,0.00,0,0,0,0,0,0,Matchs
24,Anderson,br BRA,"MT,AT",Casa Pia,23,1998,0.3,0,0.00,0,0,0,0,0,0,0,0.00,0,0,0,0,0,0,Matchs
25,Léo Andrade,br BRA,DF,Marítimo,24,1998,11.8,9,0.76,6,1,0,1,1,0,1,0.08,0,0,0,1,0,0,Matchs
Clt,Joueur,Nation,Pos,Équipe,Âge,Naissance,90,AMT,AMT90,PassLive,PassDead,TO,Tirs,Ftp,Déf,AMB,AMB90,PassLive,PassDead,TO,Tirs,Ftp,Déf,Matchs
26,André André,pt POR,MT,Vitória,32,1989,15.0,43,2.86,35,1,0,1,4,2,4,0.27,2,0,0,0,1,1,Matchs
27,Andrew,br BRA,GB,Gil Vicente FC,21,2001,23.7,4,0.17,4,0,0,0,0,0,1,0.04,1,0,0,0,0,0,Matchs
28,Andrezinho,pt POR,"AT,MT",Santa Clara,25,1996,6.0,29,4.84,15,5,2,2,4,1,1,0.17,0,0,0,0,1,0,Matchs
29,Paulo Vítor Fagundes dos Anjos,br BRA,GB,Chaves,33,1988,30.0,13,0.43,8,4,0,0,1,0,2,0.07,1,0,0,0,1,0,Matchs
30,Carnejy Antoine,ht HAI,"AT,MT",Casa Pia,31,1991,1.4,5,3.72,4,0,0,0,0,1,0,0.00,0,0,0,0,0,0,Matchs
31,Antony,br BRA,"AT,MT",Arouca,20,2001,26.4,65,2.46,45,0,10,6,2,2,9,0.34,4,0,4,0,1,0,Matchs
32,Vitorino Antunes,pt POR,DF,Paços,35,1987,29.6,58,1.96,38,13,1,4,1,1,3,0.10,2,0,0,1,0,0,Matchs
33,Bilel Aouacheria,fr FRA,"AT,MT",Gil Vicente FC,28,1994,8.3,25,03.02,15,0,4,1,3,2,3,0.36,3,0,0,0,0,0,Matchs
34,Wilinton Aponzá,co COL,MT,Portimonense,22,2000,0.0,0,0.00,0,0,0,0,0,0,0,0.00,0,0,0,0,0,0,Matchs
35,Mizuki Arai,jp JPN,"AT,MT",Gil Vicente FC,25,1997,3.3,6,1.84,6,0,0,0,0,0,0,0.00,0,0,0,0,0,0,Matchs
36,Henrique Araújo,pt POR,"MT,AT",Benfica,20,2002,0.8,2,2.57,2,0,0,0,0,0,0,0.00,0,0,0,0,0,0,Matchs
37,Tiago Araújo,pt POR,"DF,AT",Estoril,21,2001,9.8,25,2.56,18,2,2,2,1,0,1,0.10,1,0,0,0,0,0,Matchs
38,Tomás Araújo,pt POR,DF,Gil Vicente FC,20,2002,20.8,30,1.44,26,1,0,3,0,0,1,0.05,1,0,0,0,0,0,Matchs
39,Arthur,br BRA,"AT,MT",Estoril,24,1998,3.1,8,2.61,5,0,2,1,0,0,5,1.63,4,0,1,0,0,0,Matchs
40,Arthur,br BRA,"MT,DF",Sporting CP,24,1998,8.9,29,3.23,21,2,3,1,2,0,2,0.22,2,0,0,0,0,0,Matchs
41,Gustavo Assuncao,pt POR,MT,Famalicão,22,2000,10.6,15,1.41,13,1,1,0,0,0,1,0.09,1,0,0,0,0,0,Matchs
42,Otavio Ataide,br BRA,DF,Famalicão,20,2002,7.9,10,1.27,5,2,1,1,1,0,1,0.13,0,0,0,0,1,0,Matchs
43,Leo Augusto Pereira,br BRA,"MT,AT",Marítimo,22,2000,5.9,13,2.20,8,2,1,1,1,0,2,0.34,1,0,0,1,0,0,Matchs
44,Fredrik Aursnes,no NOR,"AT,MT",Benfica,26,1995,23.9,75,3.13,62,5,0,5,3,0,9,0.38,8,0,0,1,0,0,Matchs
45,Matheus Babi,br BRA,AT,Santa Clara,25,1997,15.1,31,02.06,19,0,1,3,7,1,3,0.20,1,0,1,1,0,0,Matchs
46,Miguel Baeza,es ESP,"MT,AT",Rio Ave,22,2000,12.0,31,2.59,20,8,1,1,1,0,4,0.33,3,1,0,0,0,0,Matchs
47,Alexander Bah,dk DEN,DF,Benfica,24,1997,20.9,65,3.11,54,4,2,0,3,2,7,0.34,6,0,0,0,1,0,Matchs
48,Jason Bahamboula,cg CGO,MT,Vitória,21,2001,0.1,0,0.00,0,0,0,0,0,0,0,0.00,0,0,0,0,0,0,Matchs
49,Ibrahima Bamba,ci CIV,"DF,MT",Vitória,20,2002,25.8,17,0.66,13,0,0,0,2,2,2,0.08,2,0,0,0,0,0,Matchs
50,Daniel Bandeira,pt POR,MT,Vitória,22,2000,18.3,49,2.69,39,3,0,4,2,1,2,0.11,1,1,0,0,0,0,Matchs
Clt,Joueur,Nation,Pos,Équipe,Âge,Naissance,90,AMT,AMT90,PassLive,PassDead,TO,Tirs,Ftp,Déf,AMB,AMB90,PassLive,PassDead,TO,Tirs,Ftp,Déf,Matchs
51,Simon Banza,cd COD,AT,Braga,25,1996,16.1,35,2.17,23,0,1,5,6,0,5,0.31,4,0,0,0,1,0,Matchs
52,Romário Baró,pt POR,"MT,AT",Casa Pia,22,2000,10.4,31,2.99,27,0,1,1,2,0,3,0.29,2,0,0,0,1,0,Matchs
53,Gabriel Batista,br BRA,GB,Santa Clara,24,1998,26.0,9,0.35,6,3,0,0,0,0,1,0.04,1,0,0,0,0,0,Matchs
54,Ricardo Batista,pt POR,GB,Casa Pia,35,1986,31.0,2,0.06,2,0,0,0,0,0,0,0.00,0,0,0,0,0,0,Matchs
55,Dylan Batubinsika,cd COD,DF,Famalicão,26,1996,2.0,2,1.00,2,0,0,0,0,0,0,0.00,0,0,0,0,0,0,Matchs
56,Batxi,ao ANG,"AT,MT",Chaves,24,1998,3.6,20,5.52,13,4,1,1,0,1,1,0.28,0,1,0,0,0,0,Matchs
57,Clésio Baúque,mz MOZ,"MT,DF",Marítimo,27,1994,0.7,1,1.50,0,0,0,0,1,0,0,0.00,0,0,0,0,0,0,Matchs
58,Héctor Bellerín,es ESP,"DF,MT",Sporting CP,27,1995,4.9,12,2.44,9,0,2,1,0,0,1,0.20,0,0,1,0,0,0,Matchs
59,Stefano Beltrame,it ITA,MT,Marítimo,29,1993,11.7,41,3.49,27,2,7,1,4,0,1,0.09,0,0,0,1,0,0,Matchs
60,Gilson Benchimol,cv CPV,AT,Estoril,20,2001,3.4,7,02.04,6,0,0,0,1,0,2,0.58,2,0,0,0,0,0,Matchs
61,Beni,ao ANG,MT,Casa Pia,20,2002,10.4,30,2.88,26,0,2,0,1,1,1,0.10,1,0,0,0,0,0,Matchs
62,Benny,pt POR,"AT,MT",Chaves,22,2000,13.6,47,3.45,36,3,3,1,4,0,4,0.29,4,0,0,0,0,0,Matchs
63,Berna,pt POR,MT,Boavista,18,2003,0.1,0,0.00,0,0,0,0,0,0,0,0.00,0,0,0,0,0,0,Matchs
64,Paulo Bernardo,pt POR,MT,Paços,20,2002,8.4,14,1.67,12,1,0,0,1,0,2,0.24,2,0,0,0,0,0,Matchs
65,Celton Biai,pt POR,GB,Vitória,21,2000,5.0,0,0.00,0,0,0,0,0,0,0,0.00,0,0,0,0,0,0,Matchs
66,Pedro Bicalho,br BRA,"MT,AT",Santa Clara,21,2001,2.1,1,0.48,1,0,0,0,0,0,0,0.00,0,0,0,0,0,0,Matchs
67,Emmanuel Boateng,gh GHA,"AT,MT",Rio Ave,26,1996,20.7,40,1.93,25,0,1,6,8,0,3,0.14,1,0,0,0,2,0,Matchs
68,Kennedy Boateng,tg TOG,DF,Santa Clara,25,1996,25.7,12,0.47,11,1,0,0,0,0,1,0.04,1,0,0,0,0,0,Matchs
69,Victor Bobsin,br BRA,MT,Santa Clara,22,2000,17.9,30,1.68,27,0,0,1,2,0,2,0.11,2,0,0,0,0,0,Matchs
70,Bolgado,br BRA,DF,Casa Pia,23,1998,5.4,3,0.56,2,0,0,0,0,1,0,0.00,0,0,0,0,0,0,Matchs
71,Kiko Bondoso,pt POR,"AT,MT",Vizela,26,1995,31.6,95,03.01,75,1,10,2,6,1,7,0.22,6,0,1,0,0,0,Matchs
72,Eduardo Borges,pt POR,MT,Chaves,22,2000,0.4,0,0.00,0,0,0,0,0,0,0,0.00,0,0,0,0,0,0,Matchs
73,Gonçalo Borges,pt POR,"AT,MT",Porto,21,2001,1.3,5,3.95,4,0,1,0,0,0,0,0.00,0,0,0,0,0,0,Matchs
74,Cristian Borja,co COL,DF,Braga,29,1993,7.6,17,2.26,15,1,0,0,1,0,0,0.00,0,0,0,0,0,0,Matchs
75,Róbert Boženík,sk SVK,AT,Boavista,22,1999,10.8,27,2.51,20,0,3,2,2,0,3,0.28,1,0,0,1,1,0,Matchs
Clt,Joueur,Nation,Pos,Équipe,Âge,Naissance,90,AMT,AMT90,PassLive,PassDead,TO,Tirs,Ftp,Déf,AMB,AMB90,PassLive,PassDead,TO,Tirs,Ftp,Déf,Matchs
76,Rafael Bracalli,br BRA,GB,Boavista,41,1981,28.0,3,0.11,3,0,0,0,0,0,2,0.07,2,0,0,0,0,0,Matchs
77,Pedro Brazão,pt POR,"MT,AT",Famalicão,19,2002,3.4,15,4.44,10,0,3,2,0,0,0,0.00,0,0,0,0,0,0,Matchs
78,Yan Brice Eteki,cm CMR,MT,Casa Pia,24,1997,6.6,9,1.36,8,0,0,0,0,1,1,0.15,1,0,0,0,0,0,Matchs
79,Rafael Brito,pt POR,"MT,DF",Marítimo,20,2002,7.1,16,2.26,14,0,0,1,1,0,0,0.00,0,0,0,0,0,0,Matchs
80,John Brooks,us USA,"MT,DF",Benfica,29,1993,0.0,1,22.50,1,0,0,0,0,0,0,0.00,0,0,0,0,0,0,Matchs
81,Bruma,pt POR,"MT,AT",Braga,27,1994,11.3,51,4.50,36,0,12,2,0,1,11,0.97,7,0,4,0,0,0,Matchs
82,Bruninho,br BRA,AT,Arouca,23,1999,2.5,7,2.76,3,0,0,2,2,0,0,0.00,0,0,0,0,0,0,Matchs
83,Matheus Bueno,br BRA,MT,Gil Vicente FC,24,1998,6.2,22,3.52,15,3,2,0,2,0,2,0.32,1,0,0,0,1,0,Matchs
84,André Bukia,cd COD,"AT,MT",Arouca,27,1995,11.4,24,02.09,17,0,4,1,2,0,3,0.26,2,0,1,0,0,0,Matchs
85,Fabijan Buntić,hr CRO,GB,Vizela,25,1997,33.0,6,0.18,4,2,0,0,0,0,0,0.00,0,0,0,0,0,0,Matchs
86,Oriol Busquets,es ESP,MT,Arouca,23,1999,12.9,20,1.55,18,1,1,0,0,0,1,0.08,1,0,0,0,0,0,Matchs
87,Adrián Butzke,es ESP,AT,Paços,23,1999,14.8,29,1.96,26,0,0,2,1,0,2,0.13,1,0,0,0,1,0,Matchs
88,Jovane Cabral,cv CPV,MT,Sporting CP,24,1998,0.6,3,5.00,2,0,0,0,0,1,0,0.00,0,0,0,0,0,0,Matchs
89,Paulo Henrique Rodrigues Cabral,pt POR,DF,Santa Clara,25,1996,15.9,16,01.01,13,2,1,0,0,0,0,0.00,0,0,0,0,0,0,Matchs
90,Jhonder Cádiz,ve VEN,AT,Famalicão,27,1995,14.7,37,2.52,24,0,1,8,4,0,3,0.20,2,0,0,1,0,0,Matchs
91,Diogo Calila,pt POR,"DF,MT",Santa Clara,23,1998,7.2,6,0.83,2,2,0,1,1,0,0,0.00,0,0,0,0,0,0,Matchs
92,Ibrahima Camará,gn GUI,MT,Boavista,23,1999,11.5,31,2.71,27,3,0,1,0,0,6,0.53,5,0,0,1,0,0,Matchs
93,Francis Cann,gh GHA,AT,Vizela,24,1998,0.4,0,0.00,0,0,0,0,0,0,0,0.00,0,0,0,0,0,0,Matchs
94,Reggie Cannon,us USA,DF,Boavista,24,1998,25.7,10,0.39,7,1,0,1,0,1,0,0.00,0,0,0,0,0,0,Matchs
95,Fábio Cardoso,pt POR,DF,Porto,28,1994,13.7,9,0.65,7,0,1,1,0,0,0,0.00,0,0,0,0,0,0,Matchs
96,Felippe Cardoso,br BRA,AT,Casa Pia,23,1998,5.6,15,2.60,10,0,2,0,3,0,3,0.52,0,0,1,0,2,0,Matchs
97,Yago Cariello,br BRA,AT,Portimonense,23,1999,15.2,30,1.97,20,0,2,4,3,1,3,0.20,1,0,0,0,1,1,Matchs
98,Carlinhos,br BRA,MT,Portimonense,28,1994,7.6,17,2.24,13,4,0,0,0,0,2,0.26,2,0,0,0,0,0,Matchs
99,João Carlos,br BRA,AT,Estoril,27,1995,7.9,10,1.27,7,0,1,1,1,0,1,0.13,1,0,0,0,0,0,Matchs
100,José Carlos,pt POR,DF,Gil Vicente FC,24,1998,4.4,7,1.59,3,3,0,0,1,0,1,0.23,1,0,0,0,0,0,Matchs
Clt,Joueur,Nation,Pos,Équipe,Âge,Naissance,90,AMT,AMT90,PassLive,PassDead,TO,Tirs,Ftp,Déf,AMB,AMB90,PassLive,PassDead,TO,Tirs,Ftp,Déf,Matchs
101,Luíz Carlos,br BRA,MT,Paços,37,1985,12.6,31,2.45,27,1,1,1,0,1,2,0.16,2,0,0,0,0,0,Matchs
102,José Carlos Marafona,pt POR,GB,Paços,35,1987,15.8,2,0.13,2,0,0,0,0,0,0,0.00,0,0,0,0,0,0,Matchs
103,Zé Carlos,pt POR,"MT,DF",Vitória,20,2001,9.5,23,2.41,14,3,1,1,4,0,2,0.21,2,0,0,0,0,0,Matchs
104,David Carmo,ao ANG,DF,Porto,23,1999,7.1,2,0.28,2,0,0,0,0,0,0,0.00,0,0,0,0,0,0,Matchs
105,Marcelo Carné,br BRA,GB,Marítimo,32,1990,14.0,2,0.14,1,1,0,0,0,0,0,0.00,0,0,0,0,0,0,Matchs
106,Carraça,pt POR,DF,Gil Vicente FC,29,1993,20.6,71,3.44,47,21,1,2,0,0,4,0.19,2,2,0,0,0,0,Matchs
107,Anderson Carvalho,br BRA,MT,Santa Clara,32,1990,5.5,11,02.01,9,0,2,0,0,0,0,0.00,0,0,0,0,0,0,Matchs
108,João Carvalho,pt POR,MT,Estoril,25,1997,25.6,65,2.53,45,12,2,2,3,1,6,0.23,6,0,0,0,0,0,Matchs
109,Vitor Carvalho,br BRA,MT,Gil Vicente FC,25,1997,30.0,58,1.93,45,3,1,2,4,3,1,0.03,1,0,0,0,0,0,Matchs
110,Cassiano,br BRA,AT,Estoril,33,1989,10.0,9,0.90,5,0,1,0,2,1,0,0.00,0,0,0,0,0,0,Matchs
111,Moises Castillo,co COL,DF,Marítimo,21,2001,17.5,13,0.74,10,1,0,1,1,0,1,0.06,1,0,0,0,0,0,Matchs
112,André Castro,pt POR,MT,Braga,34,1988,6.9,8,1.16,7,0,0,1,0,0,2,0.29,1,0,0,1,0,0,Matchs
113,Geny Catamo,mz MOZ,"AT,MT",Marítimo,21,2001,3.8,24,6.33,15,0,6,1,1,1,0,0.00,0,0,0,0,0,0,Matchs
114,César,br BRA,GB,Boavista,30,1992,5.0,1,0.20,0,1,0,0,0,0,0,0.00,0,0,0,0,0,0,Matchs
115,Kayky Chagas,br BRA,"MT,AT",Paços,19,2003,3.0,3,0.99,2,1,0,0,0,0,0,0.00,0,0,0,0,0,0,Matchs
116,Youssef Chermiti,pt POR,AT,Sporting CP,18,2004,9.4,11,1.17,9,0,0,1,0,1,2,0.21,2,0,0,0,0,0,Matchs
117,Fábio China,pt POR,"DF,MT",Marítimo,30,1992,4.4,12,2.73,8,2,0,1,1,0,0,0.00,0,0,0,0,0,0,Matchs
118,Chiquinho,pt POR,MT,Benfica,27,1995,15.2,50,3.28,37,11,0,2,0,0,5,0.33,5,0,0,0,0,0,Matchs
119,Clayton,br BRA,AT,Casa Pia,23,1999,13.2,19,1.46,9,0,2,4,2,2,0,0.00,0,0,0,0,0,0,Matchs
120,Sebastián Coates,uy URU,DF,Sporting CP,31,1990,28.4,37,1.30,32,1,0,3,1,0,2,0.07,0,1,0,0,1,0,Matchs
121,Dylan Collard,mu MRI,DF,Marítimo,22,2000,0.0,0,0.00,0,0,0,0,0,0,0,0.00,0,0,0,0,0,0,Matchs
122,Santiago Colombatto,ar ARG,MT,Famalicão,25,1997,29.0,104,3.58,55,43,1,4,1,0,11,0.38,5,3,0,3,0,0,Matchs
123,Fábio Conceição,pt POR,"DF,MT",Rio Ave,21,2001,22.0,60,2.73,41,1,3,4,8,3,6,0.27,5,0,0,0,1,0,Matchs
124,Rodrigo Conceição,pt POR,DF,Porto,22,2000,6.1,14,2.31,12,0,1,0,1,0,0,0.00,0,0,0,0,0,0,Matchs
125,Sérgio Conceição,pt POR,"DF,AT",Portimonense,25,1996,1.3,1,0.75,1,0,0,0,0,0,0,0.00,0,0,0,0,0,0,Matchs
Clt,Joueur,Nation,Pos,Équipe,Âge,Naissance,90,AMT,AMT90,PassLive,PassDead,TO,Tirs,Ftp,Déf,AMB,AMB90,PassLive,PassDead,TO,Tirs,Ftp,Déf,Matchs
126,Félix Correia,pt POR,AT,Marítimo,21,2001,8.4,39,4.64,28,1,6,0,3,1,5,0.60,4,0,1,0,0,0,Matchs
127,João Pedro Araújo Correia,cv CPV,"DF,AT",Chaves,25,1996,19.9,50,2.52,41,1,3,1,4,0,2,0.10,2,0,0,0,0,0,Matchs
128,Antonio Cortés,es ESP,AT,Vitória,22,2000,0.6,2,3.46,2,0,0,0,0,0,0,0.00,0,0,0,0,0,0,Matchs
129,Bruno Xavier Almeida Costa,pt POR,MT,Porto,25,1997,2.9,10,3.40,3,7,0,0,0,0,1,0.34,0,1,0,0,0,0,Matchs
130,Diogo Costa,pt POR,GB,Porto,22,1999,33.0,6,0.18,5,1,0,0,0,0,0,0.00,0,0,0,0,0,0,Matchs
131,Edgar Costa,pt POR,"AT,MT",Marítimo,35,1987,5.3,17,3.25,4,8,0,4,1,0,3,0.57,0,1,0,2,0,0,Matchs
132,Gonçalo Costa,pt POR,"DF,AT",Portimonense,22,2000,2.6,6,2.34,4,0,2,0,0,0,0,0.00,0,0,0,0,0,0,Matchs
133,Matheus Costa,br BRA,DF,Marítimo,27,1995,12.0,15,1.24,14,0,0,0,1,0,0,0.00,0,0,0,0,0,0,Matchs
134,Murilo Costa,br BRA,AT,Gil Vicente FC,27,1994,24.2,90,3.72,60,10,10,7,1,2,5,0.21,3,0,0,2,0,0,Matchs
135,Rui Costa,pt POR,MT,Santa Clara,26,1996,0.5,0,0.00,0,0,0,0,0,0,0,0.00,0,0,0,0,0,0,Matchs
136,Tomás Costa Silva,pt POR,DF,Vizela,22,1999,13.1,36,2.76,31,1,1,1,1,1,2,0.15,2,0,0,0,0,0,Matchs
137,Vitor Costa,br BRA,"DF,MT",Marítimo,28,1994,26.7,77,2.89,62,6,3,2,3,1,2,0.07,2,0,0,0,0,0,Matchs
138,Costinha,pt POR,"DF,MT",Rio Ave,22,2000,31.1,60,1.93,45,4,6,5,0,0,5,0.16,5,0,0,0,0,0,Matchs
139,Costinha,pt POR,"MT,AT",Santa Clara,29,1992,7.5,18,2.40,9,6,1,2,0,0,1,0.13,1,0,0,0,0,0,Matchs
140,Sandro Cruz,pt POR,"DF,AT",Chaves,21,2001,5.9,13,2.20,9,0,2,1,1,0,3,0.51,2,0,0,1,0,0,Matchs
141,Cuca,cv CPV,MT,Casa Pia,31,1991,4.3,12,2.76,10,0,0,1,1,0,1,0.23,1,0,0,0,0,0,Matchs
142,Lucas Cunha,br BRA,DF,Gil Vicente FC,25,1997,15.0,14,0.93,13,0,0,1,0,0,1,0.07,0,0,0,1,0,0,Matchs
143,Oday Dabbagh,ps PLE,AT,Arouca,23,1998,10.2,28,2.76,21,0,2,3,1,1,2,0.20,1,0,1,0,0,0,Matchs
144,Júlio Dabo,pt POR,"DF,AT",Boavista,18,2004,0.1,0,0.00,0,0,0,0,0,0,0,0.00,0,0,0,0,0,0,Matchs
145,Ignacio De Arruabarrena,uy URU,GB,Arouca,25,1997,30.0,4,0.13,2,2,0,0,0,0,1,0.03,1,0,0,0,0,0,Matchs
146,Hernán De La Fuente,ar ARG,DF,Famalicão,25,1997,6.0,14,2.33,11,1,2,0,0,0,0,0.00,0,0,0,0,0,0,Matchs
147,Juan Delgado,cl CHI,DF,Paços,29,1993,29.9,74,2.48,56,6,2,1,5,4,7,0.23,7,0,0,0,0,0,Matchs
148,Shaquil Delos,fr FRA,DF,Estoril,23,1999,4.6,7,1.54,6,1,0,0,0,0,1,0.22,1,0,0,0,0,0,Matchs
149,Denílson,br BRA,AT,Famalicão,27,1995,4.0,2,0.50,2,0,0,0,0,0,0,0.00,0,0,0,0,0,0,Matchs
150,Depú,ao ANG,"AT,MT",Gil Vicente FC,22,2000,0.9,5,5.56,2,0,1,1,1,0,2,2.22,1,0,0,1,0,0,Matchs
Clt,Joueur,Nation,Pos,Équipe,Âge,Naissance,90,AMT,AMT90,PassLive,PassDead,TO,Tirs,Ftp,Déf,AMB,AMB90,PassLive,PassDead,TO,Tirs,Ftp,Déf,Matchs
151,Derick,br BRA,"MT,DF",Casa Pia,28,1993,16.0,30,1.87,20,7,0,1,1,1,2,0.12,2,0,0,0,0,0,Matchs
152,Lamine Diaby,fr FRA,MT,Portimonense,25,1996,15.7,20,1.28,14,0,2,3,0,1,2,0.13,2,0,0,0,0,0,Matchs
153,Ousmane Diomande,ci CIV,DF,Sporting CP,18,2003,9.8,11,1.12,11,0,0,0,0,0,2,0.20,2,0,0,0,0,0,Matchs
154,Álvaro djaló,es ESP,"AT,MT",Braga,22,1999,7.1,33,4.67,23,0,7,2,1,0,6,0.85,6,0,0,0,0,0,Matchs
155,Matchoi Djaló,pt POR,"MT,AT",Paços,19,2003,14.5,56,3.89,23,5,7,7,13,1,1,0.07,0,0,0,0,1,0,Matchs
156,Mihai Dobre,ro ROU,"AT,DF",Famalicão,23,1998,10.4,35,3.28,25,0,4,5,0,1,6,0.56,5,0,1,0,0,0,Matchs
157,Julian Draxler,de GER,"MT,AT",Benfica,28,1993,4.5,21,4.64,20,0,0,1,0,0,2,0.44,2,0,0,0,0,0,Matchs
158,Carlos Eduardo,br BRA,"AT,MT",Estoril,25,1996,8.0,12,1.50,7,0,1,0,3,1,0,0.00,0,0,0,0,0,0,Matchs
159,Marcus Edwards,eng ENG,"AT,MT",Sporting CP,23,1998,25.0,127,05.08,87,11,16,6,6,1,18,0.72,12,0,3,2,1,0,Matchs
160,Erison,br BRA,AT,Estoril,23,1999,7.6,12,1.59,10,0,0,2,0,0,0,0.00,0,0,0,0,0,0,Matchs
161,Ricardo Esgaio,pt POR,"DF,MT",Sporting CP,29,1993,14.6,36,2.46,35,0,0,1,0,0,5,0.34,5,0,0,0,0,0,Matchs
162,Tiago Esgaio,pt POR,DF,Arouca,26,1995,25.4,27,01.07,21,3,1,1,1,0,3,0.12,2,1,0,0,0,0,Matchs
163,Dario Essugo,pt POR,MT,Sporting CP,17,2005,2.2,6,2.69,3,0,0,0,1,2,0,0.00,0,0,0,0,0,0,Matchs
164,Gonçalo Esteves,pt POR,DF,Estoril,18,2004,2.0,2,01.02,2,0,0,0,0,0,0,0.00,0,0,0,0,0,0,Matchs
165,Paulo Estrela Moreira,pt POR,MT,Portimonense,23,1999,16.8,57,3.39,30,26,0,0,1,0,3,0.18,2,1,0,0,0,0,Matchs
166,Friday Etim,ng NGA,AT,Vizela,20,2002,4.9,17,3.45,12,0,1,2,2,0,1,0.20,1,0,0,0,0,0,Matchs
167,Euller,br BRA,"AT,MT",Chaves,27,1995,11.8,51,4.31,30,5,6,5,5,0,5,0.42,1,1,2,1,0,0,Matchs
168,Stephen Eustáquio,ca CAN,MT,Porto,25,1996,18.6,63,3.37,42,11,0,6,1,3,10,0.53,6,1,0,2,0,1,Matchs
169,Evanilson,br BRA,AT,Porto,22,1999,15.0,31,02.04,22,0,2,2,5,0,8,0.53,5,0,0,2,1,0,Matchs
170,Ewerton,br BRA,MT,Portimonense,29,1992,6.5,13,02.01,9,0,0,3,0,1,1,0.15,1,0,0,0,0,0,Matchs
171,Fabiano,br BRA,DF,Braga,22,2000,10.7,32,2.98,27,0,0,1,3,1,1,0.09,1,0,0,0,0,0,Matchs
172,Fábio,br BRA,"AT,MT",Paços,25,1997,3.0,6,1.99,5,0,1,0,0,0,0,0.00,0,0,0,0,0,0,Matchs
173,Abdul Fatawu Issahaku,gh GHA,"DF,MT",Sporting CP,18,2004,1.3,6,4.58,3,0,2,0,1,0,2,1.53,0,0,1,0,1,0,Matchs
174,Luiz Felipe,br BRA,GB,Vizela,25,1997,1.0,0,0.00,0,0,0,0,0,0,0,0.00,0,0,0,0,0,0,Matchs
175,Volnei Feltes,br BRA,DF,Estoril,22,2000,0.1,0,0.00,0,0,0,0,0,0,0,0.00,0,0,0,0,0,0,Matchs
Clt,Joueur,Nation,Pos,Équipe,Âge,Naissance,90,AMT,AMT90,PassLive,PassDead,TO,Tirs,Ftp,Déf,AMB,AMB90,PassLive,PassDead,TO,Tirs,Ftp,Déf,Matchs
176,Eduardo Fereira,ve VEN,"AT,MT",Casa Pia,21,2000,0.6,0,0.00,0,0,0,0,0,0,0,0.00,0,0,0,0,0,0,Matchs
177,Erick Ferigra,ec ECU,DF,Paços,23,1999,12.9,6,0.47,5,1,0,0,0,0,2,0.16,1,1,0,0,0,0,Matchs
178,Ivanildo Fernandes,cv CPV,DF,Vizela,26,1996,16.5,2,0.12,2,0,0,0,0,0,0,0.00,0,0,0,0,0,0,Matchs
179,Jorge Filipe Oliveira Fernandes,pt POR,DF,Vitória,25,1997,2.3,3,1.28,3,0,0,0,0,0,0,0.00,0,0,0,0,0,0,Matchs
180,Mateus Fernandes,pt POR,MT,Sporting CP,18,2004,1.0,3,03.03,3,0,0,0,0,0,0,0.00,0,0,0,0,0,0,Matchs
181,Rafael Fernandes,pt POR,"DF,AT",Arouca,20,2002,1.5,1,0.67,0,0,0,1,0,0,0,0.00,0,0,0,0,0,0,Matchs
182,Rúben Fernandes,pt POR,DF,Gil Vicente FC,36,1986,24.2,17,0.70,16,0,0,1,0,0,1,0.04,1,0,0,0,0,0,Matchs
183,Vasco Fernandes,pt POR,DF,Casa Pia,35,1986,27.5,20,0.73,17,0,0,1,2,0,0,0.00,0,0,0,0,0,0,Matchs
184,Enzo Fernández,ar ARG,MT,Benfica,21,2001,15.4,68,4.42,55,10,0,1,2,0,11,0.72,10,1,0,0,0,0,Matchs
185,Diogo Ferreira,pt POR,MT,Vitória,20,2001,0.0,0,0.00,0,0,0,0,0,0,0,0.00,0,0,0,0,0,0,Matchs
186,Filipe Ferreira,pt POR,"DF,MT",Boavista,31,1990,3.4,8,2.36,8,0,0,0,0,0,2,0.59,2,0,0,0,0,0,Matchs
187,Fernando Ferreira Fonseca,pt POR,"DF,AT",Paços,25,1997,1.8,0,0.00,0,0,0,0,0,0,0,0.00,0,0,0,0,0,0,Matchs
188,João Ferreira,pt POR,"DF,MT",Rio Ave,21,2001,1.8,8,4.56,8,0,0,0,0,0,1,0.57,1,0,0,0,0,0,Matchs
189,Vitó Ferreira,pt POR,"MT,AT",Casa Pia,24,1997,0.8,1,1.30,1,0,0,0,0,0,0,0.00,0,0,0,0,0,0,Matchs
190,Gonçalo Filipe,pt POR,GB,Chaves,22,2000,0.0,0,0.00,0,0,0,0,0,0,0,0.00,0,0,0,0,0,0,Matchs
191,Bernardo Folha,pt POR,"MT,AT",Porto,20,2002,0.6,2,03.05,1,0,0,1,0,0,0,0.00,0,0,0,0,0,0,Matchs
192,Tiago Fonseca Morais,pt POR,AT,Boavista,18,2003,0.3,2,6.92,2,0,0,0,0,0,0,0.00,0,0,0,0,0,0,Matchs
193,Théo Fonseca,fr FRA,"MT,AT",Famalicão,22,2000,1.2,2,1.58,2,0,0,0,0,0,0,0.00,0,0,0,0,0,0,Matchs
194,Rui Fonte,pt POR,"AT,MT",Famalicão,32,1990,5.1,8,1.57,7,0,1,0,0,0,0,0.00,0,0,0,0,0,0,Matchs
195,Hernâni Fortes,pt POR,"AT,MT",Rio Ave,30,1991,7.5,23,03.08,10,8,2,1,2,0,3,0.40,3,0,0,0,0,0,Matchs
196,André Franco,pt POR,"MT,AT",Porto,24,1998,7.7,24,03.05,16,4,0,0,4,0,2,0.25,0,0,0,0,2,0,Matchs
197,Afonso freitas,pt POR,"DF,MT",Vitória,22,2000,21.4,35,1.63,30,2,0,1,2,0,4,0.19,4,0,0,0,0,0,Matchs
198,Kanya Fujimoto,jp JPN,MT,Gil Vicente FC,23,1999,29.1,91,3.12,81,0,2,3,4,1,3,0.10,3,0,0,0,0,0,Matchs
199,Nicolás Gaitán,ar ARG,"AT,MT",Paços,34,1988,19.9,75,3.76,42,22,2,6,2,1,6,0.30,6,0,0,0,0,0,Matchs
200,Galeno,br BRA,"MT,AT",Porto,24,1997,22.2,105,4.73,68,6,16,6,8,1,12,0.54,8,0,1,2,1,0,Matchs
Clt,Joueur,Nation,Pos,Équipe,Âge,Naissance,90,AMT,AMT90,PassLive,PassDead,TO,Tirs,Ftp,Déf,AMB,AMB90,PassLive,PassDead,TO,Tirs,Ftp,Déf,Matchs
201,Nino Galović,hr CRO,DF,Arouca,30,1992,14.5,5,0.35,4,0,0,0,1,0,2,0.14,2,0,0,0,0,0,Matchs
202,João Gamboa,pt POR,MT,Estoril,25,1996,11.6,15,1.29,15,0,0,0,0,0,0,0.00,0,0,0,0,0,0,Matchs
203,Pedro Ganchas,pt POR,DF,Paços,22,2000,3.0,3,1.00,2,0,0,0,0,1,0,0.00,0,0,0,0,0,0,Matchs
204,Bruno Gaspar,ao ANG,"DF,MT",Vitória,29,1993,2.4,8,3.36,3,5,0,0,0,0,1,0.42,1,0,0,0,0,0,Matchs
205,Francisco Geraldes,pt POR,MT,Estoril,27,1995,20.3,84,4.13,49,14,9,5,4,3,8,0.39,5,2,0,1,0,0,Matchs
206,Gilberto,br BRA,DF,Benfica,29,1993,8.9,29,3.27,24,0,1,2,1,1,2,0.23,1,0,0,1,0,0,Matchs
207,Paulo Godinho,br BRA,DF,Santa Clara,20,2002,5.3,2,0.37,1,0,0,1,0,0,0,0.00,0,0,0,0,0,0,Matchs
208,Saviour Godwin,ng NGA,"AT,MT",Casa Pia,25,1996,26.7,80,2.98,52,0,12,9,5,2,8,0.30,5,0,1,1,1,0,Matchs
209,Eulânio Ângelo Chipela Gomes,gw GNB,DF,Santa Clara,28,1994,6.4,10,1.57,9,0,1,0,0,0,2,0.31,1,0,1,0,0,0,Matchs
210,Henrique Gomes,pt POR,DF,Gil Vicente FC,26,1995,5.3,5,0.95,5,0,0,0,0,0,0,0.00,0,0,0,0,0,0,Matchs
211,Nito Gomes,gw GNB,MT,Marítimo,20,2002,0.8,0,0.00,0,0,0,0,0,0,0,0.00,0,0,0,0,0,0,Matchs
212,Rodrigo Gomes,pt POR,"AT,MT",Braga,19,2003,3.8,10,2.68,7,0,0,1,2,0,1,0.27,1,0,0,0,0,0,Matchs
213,Rui Gomes,pt POR,"MT,AT",Portimonense,24,1997,11.9,52,4.37,37,9,2,4,0,0,4,0.34,2,0,1,1,0,0,Matchs
214,Vítor Gomes,pt POR,MT,Rio Ave,34,1987,8.4,19,2.25,17,1,0,0,1,0,2,0.24,2,0,0,0,0,0,Matchs
215,Victor Gomez,es ESP,DF,Braga,22,2000,22.9,54,2.35,49,2,1,0,2,0,6,0.26,5,0,0,0,1,0,Matchs
216,Nuno Gonçalo Moreira,pt POR,"AT,MT",Vizela,23,1999,20.4,66,3.23,41,10,3,5,6,1,3,0.15,2,0,0,0,1,0,Matchs
217,Diogo Gonçalves,pt POR,AT,Benfica,25,1997,3.4,15,4.50,11,2,0,2,0,0,2,0.60,2,0,0,0,0,0,Matchs
218,João Gonçalves,pt POR,GB,Boavista,21,2000,1.0,0,0.00,0,0,0,0,0,0,0,0.00,0,0,0,0,0,0,Matchs
219,Pedro Gonçalves,pt POR,"MT,AT",Sporting CP,24,1998,31.2,142,4.55,95,21,9,7,8,2,17,0.54,12,3,0,1,1,0,Matchs
220,Cristian González,uy URU,DF,Santa Clara,26,1996,11.7,2,0.17,2,0,0,0,0,0,0,0.00,0,0,0,0,0,0,Matchs
221,Walter González,py PAR,AT,Santa Clara,27,1995,4.4,3,0.68,3,0,0,0,0,0,1,0.23,1,0,0,0,0,0,Matchs
222,Yony González,co COL,"AT,MT",Portimonense,28,1994,10.8,23,2.13,19,0,1,1,2,0,0,0.00,0,0,0,0,0,0,Matchs
223,Jean Gorby,fr FRA,MT,Braga,20,2002,1.3,3,2.37,3,0,0,0,0,0,0,0.00,0,0,0,0,0,0,Matchs
224,Kenji Gorré,cw CUW,"AT,MT",Boavista,27,1994,16.4,77,4.70,47,9,14,3,4,0,11,0.67,8,0,1,1,1,0,Matchs
225,Tiago Gouveia,pt POR,"AT,MT",Estoril,21,2001,26.5,68,2.57,50,0,8,6,3,1,12,0.45,9,0,3,0,0,0,Matchs
Clt,Joueur,Nation,Pos,Équipe,Âge,Naissance,90,AMT,AMT90,PassLive,PassDead,TO,Tirs,Ftp,Déf,AMB,AMB90,PassLive,PassDead,TO,Tirs,Ftp,Déf,Matchs
226,João Graça,pt POR,"MT,AT",Rio Ave,27,1995,12.8,25,1.95,21,1,1,1,1,0,2,0.16,2,0,0,0,0,0,Matchs
227,Álex Grimaldo,es ESP,DF,Benfica,26,1995,32.7,121,3.70,105,9,0,6,1,0,18,0.55,15,1,0,1,1,0,Matchs
228,Marko Grujić,rs SRB,MT,Porto,26,1996,12.5,31,2.51,26,0,2,3,0,0,2,0.16,2,0,0,0,0,0,Matchs
229,Alexandre Guedes,pt POR,AT,Paços,28,1994,8.8,18,02.05,11,0,2,2,3,0,1,0.11,1,0,0,0,0,0,Matchs
230,Gonçalo Guedes,pt POR,"AT,MT",Benfica,25,1996,4.5,20,4.40,15,0,3,1,1,0,4,0.88,2,0,1,0,1,0,Matchs
231,Ricardo Guimarães,mz MOZ,MT,Chaves,26,1995,21.8,47,2.15,36,0,3,1,4,3,4,0.18,2,0,0,0,2,0,Matchs
232,Rafik Guitane,fr FRA,"MT,AT",Estoril,23,1999,8.7,25,2.87,16,3,3,1,1,1,3,0.34,3,0,0,0,0,0,Matchs
233,Raphael Guzzo,pt POR,MT,Vizela,27,1995,26.2,46,1.76,32,9,0,2,2,1,4,0.15,2,1,0,0,0,1,Matchs
234,Emmanuel Hackman,tg TOG,DF,Gil Vicente FC,27,1995,1.5,1,0.67,0,1,0,0,0,0,0,0.00,0,0,0,0,0,0,Matchs
235,Yanis Hamache,dz ALG,MT,Boavista,23,1999,2.0,9,4.50,8,0,0,1,0,0,1,0.50,1,0,0,0,0,0,Matchs
236,Tomás Händel,pt POR,MT,Vitória,21,2000,4.8,13,2.70,10,0,0,1,1,1,1,0.21,1,0,0,0,0,0,Matchs
237,Boubacar Hanne,pt POR,"AT,DF",Gil Vicente FC,23,1999,0.4,1,2.73,1,0,0,0,0,0,0,0.00,0,0,0,0,0,0,Matchs
238,Héctor,es ESP,AT,Chaves,26,1995,16.4,15,0.91,10,0,0,2,3,0,1,0.06,0,0,0,1,0,0,Matchs
239,Jordan Holsgrove,sct SCO,MT,Paços,22,1999,19.8,62,3.12,46,1,3,5,4,3,6,0.30,4,0,1,0,1,0,Matchs
240,Lukáš Horníček,cz CZE,GB,Braga,20,2002,0.2,0,0.00,0,0,0,0,0,0,0,0.00,0,0,0,0,0,0,Matchs
241,André Horta,pt POR,MT,Braga,25,1996,23.1,109,4.72,76,28,1,4,0,0,12,0.52,9,3,0,0,0,0,Matchs
242,Ricardo Horta,pt POR,"MT,AT",Braga,27,1994,29.0,153,5.27,122,6,2,10,11,2,18,0.62,14,1,1,0,1,1,Matchs
243,Abbas Ibrahim,ng NGA,"MT,DF",Paços,24,1998,3.6,8,2.19,8,0,0,0,0,0,0,0.00,0,0,0,0,0,0,Matchs
244,Tiago Ilori,pt POR,DF,Paços,29,1993,2.3,0,0.00,0,0,0,0,0,0,0,0.00,0,0,0,0,0,0,Matchs
245,Gonçalo Inácio,pt POR,DF,Sporting CP,20,2001,26.3,52,1.98,44,2,2,1,1,2,4,0.15,4,0,0,0,0,0,Matchs
246,Índio,br BRA,MT,Vitória,22,1999,0.8,2,2.47,1,0,0,0,1,0,0,0.00,0,0,0,0,0,0,Matchs
247,Hernani Infande,pt POR,"MT,AT",Braga,21,2001,0.9,1,1.10,0,0,1,0,0,0,0,0.00,0,0,0,0,0,0,Matchs
248,Hernani Infande,pt POR,"AT,MT",Paços,21,2001,3.9,12,03.06,10,0,1,0,1,0,1,0.25,0,0,1,0,0,0,Matchs
249,Bamidele Isa Yusuf,ng NGA,"AT,MT",Estoril,21,2001,0.9,1,1.15,1,0,0,0,0,0,0,0.00,0,0,0,0,0,0,Matchs
250,Carlos Isaac,es ESP,DF,Vizela,24,1998,3.9,6,1.55,6,0,0,0,0,0,0,0.00,0,0,0,0,0,0,Matchs
Clt,Joueur,Nation,Pos,Équipe,Âge,Naissance,90,AMT,AMT90,PassLive,PassDead,TO,Tirs,Ftp,Déf,AMB,AMB90,PassLive,PassDead,TO,Tirs,Ftp,Déf,Matchs
251,Franco Israel,uy URU,GB,Sporting CP,22,2000,3.0,0,0.00,0,0,0,0,0,0,0,0.00,0,0,0,0,0,0,Matchs
252,Abass Issah,gh GHA,"AT,MT",Chaves,23,1998,15.2,36,2.35,18,0,6,6,6,0,4,0.26,1,0,0,3,0,0,Matchs
253,Ítalo,br BRA,DF,Santa Clara,20,2002,11.9,2,0.17,1,1,0,0,0,0,0,0.00,0,0,0,0,0,0,Matchs
254,Ivan Jaime Pajuelo,es ESP,"AT,MT",Famalicão,21,2000,20.8,96,4.62,51,6,14,15,10,0,7,0.34,3,1,1,0,2,0,Matchs
255,Nicolas Janvier,fr FRA,MT,Vitória,23,1998,7.0,19,2.71,13,6,0,0,0,0,1,0.14,1,0,0,0,0,0,Matchs
256,Anderson Jesus,br BRA,DF,Vizela,27,1995,29.6,13,0.44,10,1,0,2,0,0,2,0.07,2,0,0,0,0,0,Matchs
257,Jhonatan,br BRA,GB,Rio Ave,31,1991,32.0,5,0.16,2,3,0,0,0,0,1,0.03,1,0,0,0,0,0,Matchs
258,Park Ji-soo,kr KOR,DF,Portimonense,28,1994,13.3,10,0.75,8,1,0,0,0,1,1,0.07,1,0,0,0,0,0,Matchs
259,Jo,br BRA,"AT,MT",Chaves,27,1995,3.3,8,2.39,2,0,2,2,2,0,1,0.30,0,0,0,0,1,0,Matchs
260,João,br BRA,GB,Casa Pia,24,1998,1.0,1,1.00,1,0,0,0,0,0,0,0.00,0,0,0,0,0,0,Matchs
261,Joãozinho,pt POR,DF,Estoril,33,1989,28.6,42,1.47,29,8,1,0,3,1,6,0.21,4,2,0,0,0,0,Matchs
262,Joca,pt POR,"MT,AT",Rio Ave,26,1996,4.6,8,1.73,4,1,1,2,0,0,1,0.22,1,0,0,0,0,0,Matchs
263,Henrique Jocú,pt POR,"MT,AT",Portimonense,20,2001,5.1,7,1.39,5,1,0,0,0,1,1,0.20,0,0,0,0,0,1,Matchs
264,Diederrick Joel,cm CMR,AT,Marítimo,28,1993,10.5,27,2.57,16,0,2,8,1,0,0,0.00,0,0,0,0,0,0,Matchs
265,Michael Johnston,ie IRL,"AT,MT",Vitória,23,1999,15.2,55,3.63,35,7,9,2,2,0,6,0.40,4,1,1,0,0,0,Matchs
266,Bruno Jordão,pt POR,MT,Santa Clara,23,1998,9.4,21,2.24,16,0,3,2,0,0,0,0.00,0,0,0,0,0,0,Matchs
267,Igor Julião,br BRA,DF,Vizela,27,1994,17.9,22,1.23,16,3,0,0,3,0,1,0.06,0,1,0,0,0,0,Matchs
268,Juninho,br BRA,AT,Chaves,25,1996,20.1,50,2.49,30,0,5,6,7,2,5,0.25,1,0,1,1,2,0,Matchs
269,Luiz Lúcio Reis Júnior,br BRA,GB,Famalicão,21,2001,33.0,5,0.15,2,2,0,0,1,0,2,0.06,2,0,0,0,0,0,Matchs
270,Welinton Júnior,br BRA,AT,Portimonense,29,1993,22.9,51,2.23,28,0,4,13,6,0,4,0.17,2,0,0,1,1,0,Matchs
271,Zainadine Júnior,mz MOZ,DF,Marítimo,34,1988,23.1,16,0.69,14,0,1,1,0,0,0,0.00,0,0,0,0,0,0,Matchs
272,Junior Kadile,fr FRA,"AT,MT",Famalicão,19,2002,7.4,15,02.05,9,0,4,2,0,0,2,0.27,1,0,1,0,0,0,Matchs
273,Stanley Kanu,ng NGA,"AT,DF",Marítimo,23,1999,0.8,4,5.22,2,0,1,1,0,0,0,0.00,0,0,0,0,0,0,Matchs
274,Jorge Karse,pt POR,"MT,DF",Rio Ave,17,2005,0.2,1,5.00,1,0,0,0,0,0,0,0.00,0,0,0,0,0,0,Matchs
275,Francisco Kiki,pt POR,MT,Casa Pia,24,1998,0.1,0,0.00,0,0,0,0,0,0,0,0.00,0,0,0,0,0,0,Matchs
Clt,Joueur,Nation,Pos,Équipe,Âge,Naissance,90,AMT,AMT90,PassLive,PassDead,TO,Tirs,Ftp,Déf,AMB,AMB90,PassLive,PassDead,TO,Tirs,Ftp,Déf,Matchs
276,Gustavo Klismahn,br BRA,MT,Portimonense,22,1999,7.8,8,01.03,6,1,1,0,0,0,1,0.13,1,0,0,0,0,0,Matchs
277,Philippe Koffi,ci CIV,AT,Paços,20,2002,7.4,9,1.22,5,0,2,0,1,1,1,0.14,1,0,0,0,0,0,Matchs
278,Stanislav Kritsyuk,ru RUS,GB,Gil Vicente FC,31,1990,10.3,3,0.29,0,3,0,0,0,0,0,0.00,0,0,0,0,0,0,Matchs
279,Takahiro Kunimoto,jp JPN,"AT,MT",Casa Pia,24,1997,14.1,44,3.12,25,13,3,3,0,0,5,0.35,4,1,0,0,0,0,Matchs
280,Matías Lacava,ve VEN,"AT,MT",Vizela,19,2002,3.9,5,1.28,1,0,1,1,2,0,0,0.00,0,0,0,0,0,0,Matchs
281,Diego Lainez,mx MEX,MT,Braga,22,2000,1.7,11,6.31,9,0,0,1,1,0,4,2.29,3,0,0,1,0,0,Matchs
282,Chico Lamba,pt POR,DF,Sporting CP,19,2003,0.5,2,4.00,2,0,0,0,0,0,0,0.00,0,0,0,0,0,0,Matchs
283,Rúben Lameiras,pt POR,"AT,MT",Vitória,27,1994,12.6,46,3.67,29,4,6,1,5,1,3,0.24,2,1,0,0,0,0,Matchs
284,Bruno Langa,mz MOZ,DF,Chaves,24,1997,27.5,70,2.55,52,3,9,1,4,1,4,0.15,2,0,1,0,1,0,Matchs
285,Yusuf Lawal,ng NGA,"MT,AT",Arouca,24,1998,0.9,3,3.29,3,0,0,0,0,0,0,0.00,0,0,0,0,0,0,Matchs
286,James Lea Siliki,cm CMR,"MT,AT",Estoril,26,1996,8.9,25,2.80,19,4,1,0,1,0,0,0.00,0,0,0,0,0,0,Matchs
287,Daniel Leite,pt POR,GB,Estoril,24,1998,31.7,2,0.06,2,0,0,0,0,0,1,0.03,1,0,0,0,0,0,Matchs
288,Leonardo Lelo,pt POR,"MT,DF",Casa Pia,22,2000,25.4,50,1.97,38,5,3,1,1,2,7,0.28,5,0,0,1,0,1,Matchs
289,Nuno Lima,pt POR,DF,Paços,21,2001,27.2,15,0.55,14,0,0,1,0,0,1,0.04,0,0,0,1,0,0,Matchs
290,Rúben Lima,pt POR,DF,Famalicão,32,1989,13.2,15,1.14,10,1,1,1,1,1,0,0.00,0,0,0,0,0,0,Matchs
291,Percy Liza,pe PER,"AT,MT",Marítimo,22,2000,4.7,5,01.07,3,0,0,0,2,0,1,0.21,0,0,0,0,1,0,Matchs
292,Danny Loader,eng ENG,"AT,MT",Porto,21,2000,5.0,22,4.47,18,0,2,2,0,0,4,0.81,1,0,1,2,0,0,Matchs
293,Julien Lomboto,,MT,Rio Ave,20,2002,0.1,0,0.00,0,0,0,0,0,0,0,0.00,0,0,0,0,0,0,Matchs
294,Né lopes,pt POR,DF,Gil Vicente FC,22,2000,5.0,5,1.00,1,0,0,4,0,0,1,0.20,0,0,0,1,0,0,Matchs
295,Bruno Lourenço,pt POR,"MT,AT",Boavista,24,1998,20.9,57,2.73,45,7,2,0,3,0,5,0.24,3,1,0,0,1,0,Matchs
296,Lucão,br BRA,DF,Portimonense,30,1992,5.9,3,0.51,3,0,0,0,0,0,0,0.00,0,0,0,0,0,0,Matchs
297,Florentino Luís,pt POR,MT,Benfica,22,1999,23.6,37,1.57,29,1,1,3,1,2,5,0.21,5,0,0,0,0,0,Matchs
298,José Luis Rodríguez,pa PAN,"AT,MT",Famalicão,24,1998,5.6,16,2.85,10,0,3,1,2,0,3,0.53,3,0,0,0,0,0,Matchs
299,Luquinha,br BRA,"MT,AT",Portimonense,21,2000,13.0,57,4.38,41,8,2,4,1,1,3,0.23,2,0,0,0,1,0,Matchs
300,Tiago Machado,pt POR,"MT,AT",Boavista,18,2004,0.1,0,0.00,0,0,0,0,0,0,0,0.00,0,0,0,0,0,0,Matchs
Clt,Joueur,Nation,Pos,Équipe,Âge,Naissance,90,AMT,AMT90,PassLive,PassDead,TO,Tirs,Ftp,Déf,AMB,AMB90,PassLive,PassDead,TO,Tirs,Ftp,Déf,Matchs
301,Maga,pt POR,DF,Vitória,23,1999,2.2,,,,,,,,,,,,,,,,,Matchs
302,Miguel Magalhães,pt POR,"DF,MT",Vitória,19,2002,19.5,47,2.16,37,6,0,1,1,2,5,0.23,3,0,0,0,1,1,Matchs
303,Magrão,br BRA,GB,Rio Ave,22,2000,2.0,0,0.00,0,0,0,0,0,0,0,0.00,0,0,0,0,0,0,Matchs
304,Giorgi Makaridze,ge GEO,GB,Marítimo,32,1990,6.0,0,0.00,0,0,0,0,0,0,0,0.00,0,0,0,0,0,0,Matchs
305,Gaius Makouta,cg CGO,MT,Boavista,25,1997,30.4,48,1.58,36,2,3,4,2,1,12,0.39,10,0,1,1,0,0,Matchs
306,Pedro Malheiro,pt POR,"DF,MT",Boavista,21,2001,31.0,46,1.48,35,6,0,3,0,2,6,0.19,4,2,0,0,0,0,Matchs
307,Wilson Manafá,pt POR,DF,Porto,28,1994,3.4,7,02.05,7,0,0,0,0,0,2,0.58,2,0,0,0,0,0,Matchs
308,Ricardo Mangas,pt POR,"MT,AT",Boavista,24,1998,20.6,43,02.09,35,0,3,3,2,0,5,0.24,4,0,1,0,0,0,Matchs
309,Manuel Manu,pt POR,DF,Vitória,21,2001,0.8,2,2.50,2,0,0,0,0,0,0,0.00,0,0,0,0,0,0,Matchs
310,Juan Manuel Boselli,uy URU,AT,Gil Vicente FC,22,1999,13.8,45,3.26,19,8,9,3,3,3,4,0.29,0,0,1,2,1,0,Matchs
311,José Manuel Velázquez,ve VEN,"DF,MT",Arouca,31,1990,0.1,0,0.00,0,0,0,0,0,0,0,0.00,0,0,0,0,0,0,Matchs
312,Zé Manuel,pt POR,AT,Rio Ave,31,1990,0.3,0,0.00,0,0,0,0,0,0,0,0.00,0,0,0,0,0,0,Matchs
313,Maracás,br BRA,DF,Paços,28,1994,15.8,4,0.25,2,0,0,1,0,1,0,0.00,0,0,0,0,0,0,Matchs
314,Iván Marcano,es ESP,DF,Porto,35,1987,24.4,13,0.53,12,0,0,1,0,0,1,0.04,1,0,0,0,0,0,Matchs
315,Joao Marcos,br BRA,"AT,MT",Santa Clara,22,2000,1.8,1,0.56,0,0,0,1,0,0,0,0.00,0,0,0,0,0,0,Matchs
316,Abraham Marcus,ng NGA,AT,Porto,22,2000,0.0,0,0.00,0,0,0,0,0,0,0,0.00,0,0,0,0,0,0,Matchs
317,Adrián Marín,es ESP,DF,Gil Vicente FC,25,1997,28.6,61,2.14,55,3,2,1,0,0,2,0.07,2,0,0,0,0,0,Matchs
318,João Mário,pt POR,AT,Benfica,29,1993,29.4,135,4.60,103,10,5,7,9,1,16,0.55,14,0,1,1,0,0,Matchs
319,João Mário Lopes,pt POR,DF,Porto,22,2000,13.2,45,3.41,36,1,6,0,2,0,6,0.45,5,0,0,0,1,0,Matchs
320,Marlon,br BRA,AT,Gil Vicente FC,24,1997,4.2,10,2.40,7,2,1,0,0,0,0,0.00,0,0,0,0,0,0,Matchs
321,Alejandro Marqués,ve VEN,AT,Estoril,21,2000,7.3,6,0.82,4,0,0,1,1,0,1,0.14,0,0,0,1,0,0,Matchs
322,João Marques,pt POR,MT,Estoril,20,2002,4.3,8,1.84,7,0,0,1,0,0,1,0.23,1,0,0,0,0,0,Matchs
323,Rúben Marques,pt POR,AT,Marítimo,19,2002,0.7,1,1.34,1,0,0,0,0,0,0,0.00,0,0,0,0,0,0,Matchs
324,José Marsà,es ESP,DF,Sporting CP,20,2002,1.3,0,0.00,0,0,0,0,0,0,0,0.00,0,0,0,0,0,0,Matchs
325,Toni Martínez,es ESP,AT,Porto,25,1997,12.8,33,2.61,18,0,1,9,3,2,7,0.55,3,0,1,2,1,0,Matchs
Clt,Joueur,Nation,Pos,Équipe,Âge,Naissance,90,AMT,AMT90,PassLive,PassDead,TO,Tirs,Ftp,Déf,AMB,AMB90,PassLive,PassDead,TO,Tirs,Ftp,Déf,Matchs
326,Rafael Martins,br BRA,AT,Casa Pia,33,1989,15.9,27,1.71,17,0,0,6,2,2,3,0.19,1,0,0,1,1,0,Matchs
327,Rodrigo Martins,pt POR,"AT,MT",Estoril,23,1998,15.4,34,2.20,20,1,3,6,4,0,2,0.13,1,0,0,1,0,0,Matchs
328,Matheus,br BRA,GB,Braga,30,1992,31.9,8,0.25,6,2,0,0,0,0,0,0.00,0,0,0,0,0,0,Matchs
329,Ricardo Matos,pt POR,"AT,MT",Portimonense,22,2000,3.3,7,2.14,3,0,0,4,0,0,1,0.31,0,0,0,1,0,0,Matchs
330,Maurício,br BRA,MT,Portimonense,33,1988,11.0,21,1.90,16,0,0,1,3,1,1,0.09,0,0,0,0,1,0,Matchs
331,Iuri Medeiros,pt POR,"MT,AT",Braga,28,1994,22.9,122,5.33,78,20,11,9,4,0,18,0.79,11,0,3,3,1,0,Matchs
332,Kevin Medina,es ESP,"AT,MT",Gil Vicente FC,21,2001,8.2,37,4.52,15,5,4,5,8,0,2,0.24,1,1,0,0,0,0,Matchs
333,Mauro Meireles Couto,pt POR,"MT,AT",Paços,16,2005,1.4,5,3.49,4,1,0,0,0,0,0,0.00,0,0,0,0,0,0,Matchs
334,Diogo Mendes,,MT,Marítimo,24,1998,13.7,20,1.46,14,0,0,0,5,1,0,0.00,0,0,0,0,0,0,Matchs
335,João Mendes,pt POR,MT,Chaves,27,1994,25.9,103,3.97,79,4,5,4,10,1,6,0.23,5,0,0,0,1,0,Matchs
336,Joe Mendes,se SWE,"DF,MT",Braga,19,2002,2.1,2,0.96,2,0,0,0,0,0,0,0.00,0,0,0,0,0,0,Matchs
337,Alexis Méndez,us USA,"MT,AT",Vizela,21,2000,15.8,46,2.93,35,4,2,3,0,2,4,0.25,3,0,0,1,0,0,Matchs
338,Bruno Messi,pt POR,"MT,AT",Santa Clara,25,1996,14.0,44,3.14,25,12,0,2,4,1,5,0.36,3,1,0,0,1,0,Matchs
339,Mexer,mz MOZ,DF,Estoril,33,1988,10.8,5,0.46,5,0,0,0,0,0,1,0.09,1,0,0,0,0,0,Matchs
340,Benji Michel,us USA,AT,Arouca,24,1997,3.1,5,1.61,3,0,0,0,2,0,3,0.97,1,0,0,0,2,0,Matchs
341,Enea Mihaj,al ALB,DF,Famalicão,24,1998,24.7,9,0.36,8,0,0,1,0,0,2,0.08,2,0,0,0,0,0,Matchs
342,Álex Millán,es ESP,AT,Famalicão,22,1999,8.6,22,2.56,16,0,2,2,2,0,2,0.23,1,0,0,0,1,0,Matchs
343,Bogdan Milovanov,ua UKR,DF,Arouca,24,1998,11.0,11,1.00,8,2,0,1,0,0,0,0.00,0,0,0,0,0,0,Matchs
344,Kento Misao,jp JPN,MT,Santa Clara,26,1996,11.7,18,1.54,15,1,0,0,2,0,0,0.00,0,0,0,0,0,0,Matchs
345,Zié Mohamed Ouattara,ci CIV,"AT,MT",Portimonense,22,2000,12.9,30,2.32,24,2,1,3,0,0,2,0.15,0,0,0,2,0,0,Matchs
346,Jonathan Monroy,es ESP,"AT,MT",Chaves,20,2001,7.4,13,1.76,13,0,0,0,0,0,1,0.14,1,0,0,0,0,0,Matchs
347,Nélson Monte,pt POR,DF,Chaves,27,1995,28.7,20,0.70,18,0,0,2,0,0,1,0.03,1,0,0,0,0,0,Matchs
348,Miguel Monteiro,pt POR,AT,Gil Vicente FC,19,2003,0.1,1,11.25,0,0,0,0,1,0,0,0.00,0,0,0,0,0,0,Matchs
349,Morato,br BRA,DF,Benfica,21,2001,7.2,5,0.69,5,0,0,0,0,0,0,0.00,0,0,0,0,0,0,Matchs
350,Pablo Moreno,es ESP,"AT,MT",Marítimo,20,2002,9.9,27,2.72,13,5,2,1,6,0,6,0.61,4,0,1,0,1,0,Matchs
Clt,Joueur,Nation,Pos,Équipe,Âge,Naissance,90,AMT,AMT90,PassLive,PassDead,TO,Tirs,Ftp,Déf,AMB,AMB90,PassLive,PassDead,TO,Tirs,Ftp,Déf,Matchs
351,Hélder Morim,pt POR,"MT,AT",Chaves,21,2001,1.0,7,6.85,1,2,0,2,2,0,0,0.00,0,0,0,0,0,0,Matchs
352,Hidemasa Morita,jp JPN,MT,Sporting CP,27,1995,21.8,50,2.30,45,1,2,1,0,1,3,0.14,3,0,0,0,0,0,Matchs
353,Mosquito,br BRA,GB,Arouca,26,1996,1.0,0,0.00,0,0,0,0,0,0,0,0.00,0,0,0,0,0,0,Matchs
354,Fahd Moufi,ma MAR,DF,Portimonense,26,1996,29.3,69,2.36,49,8,6,1,4,1,5,0.17,5,0,0,0,0,0,Matchs
355,Moura,pt POR,DF,Famalicão,22,1999,23.6,56,2.38,42,8,2,0,1,3,5,0.21,5,0,0,0,0,0,Matchs
356,MT,br BRA,"DF,MT",Santa Clara,21,2001,12.6,13,01.03,9,2,0,1,1,0,1,0.08,0,0,0,0,1,0,Matchs
357,Rafa Mújica,es ESP,AT,Arouca,23,1998,18.1,31,1.71,15,1,3,9,1,2,3,0.17,1,0,1,1,0,0,Matchs
358,Petar Musa,hr CRO,AT,Benfica,24,1998,7.4,35,4.73,26,0,2,4,1,2,5,0.68,3,0,0,1,1,0,Matchs
359,Almoatasem Al Musrati,ly LBY,MT,Braga,26,1996,25.7,51,1.99,42,2,0,3,1,3,5,0.19,4,0,0,1,0,0,Matchs
360,Kosuke Nakamura,jp JPN,GB,Portimonense,27,1995,30.0,5,0.17,4,1,0,0,0,0,1,0.03,1,0,0,0,0,0,Matchs
361,Rodrigo Nascimento,br BRA,GB,Chaves,26,1996,4.0,0,0.00,0,0,0,0,0,0,0,0.00,0,0,0,0,0,0,Matchs
362,Léo Natel,br BRA,AT,Casa Pia,25,1997,0.6,3,4.82,2,0,0,1,0,0,0,0.00,0,0,0,0,0,0,Matchs
363,Fran Navarro,es ESP,AT,Gil Vicente FC,24,1998,33.7,51,1.51,24,0,6,13,7,1,9,0.27,4,0,2,1,2,0,Matchs
364,Flávio Nazinho,pt POR,DF,Sporting CP,19,2003,1.1,5,4.41,4,1,0,0,0,0,0,0.00,0,0,0,0,0,0,Matchs
365,Mor Ndiaye,sn SEN,MT,Estoril,21,2000,15.6,15,0.96,14,0,0,0,0,1,0,0.00,0,0,0,0,0,0,Matchs
366,Cher Ndour,it ITA,MT,Benfica,18,2004,0.0,0,0.00,0,0,0,0,0,0,0,0.00,0,0,0,0,0,0,Matchs
367,Christian Neiva Afonso,pt POR,DF,Vizela,27,1994,24.7,60,2.43,39,13,4,1,3,0,2,0.08,1,0,0,0,1,0,Matchs
368,Nelson,ao ANG,"AT,MT",Vitória,24,1998,12.9,33,2.56,18,0,6,4,2,3,1,0.08,1,0,0,0,0,0,Matchs
369,David Neres,br BRA,"AT,MT",Benfica,25,1997,21.8,104,4.79,73,10,13,8,0,0,15,0.69,12,0,2,1,0,0,Matchs
370,Neto,br BRA,MT,Casa Pia,30,1991,17.0,48,2.82,32,11,0,1,3,1,3,0.18,3,0,0,0,0,0,Matchs
371,Luís Neto,pt POR,DF,Sporting CP,34,1988,3.0,1,0.33,1,0,0,0,0,0,0,0.00,0,0,0,0,0,0,Matchs
372,João Neves,pt POR,"MT,AT",Benfica,17,2004,6.8,19,2.80,14,0,1,2,1,1,2,0.29,1,0,0,1,0,0,Matchs
373,Sikou Niakaté,ml MLI,DF,Braga,23,1999,23.6,13,0.55,10,1,1,0,1,0,3,0.13,1,0,1,0,1,0,Matchs
374,Yusupha Njie,gm GAM,AT,Boavista,28,1994,23.6,47,1.99,27,0,5,7,5,3,3,0.13,1,0,0,1,1,0,Matchs
375,Miguel Nóbrega,pt POR,DF,Rio Ave,22,2000,6.2,5,0.80,4,0,0,1,0,0,1,0.16,1,0,0,0,0,0,Matchs
Clt,Joueur,Nation,Pos,Équipe,Âge,Naissance,90,AMT,AMT90,PassLive,PassDead,TO,Tirs,Ftp,Déf,AMB,AMB90,PassLive,PassDead,TO,Tirs,Ftp,Déf,Matchs
376,Gonçalo Nogueira,pt POR,MT,Vitória,18,2003,0.2,0,0.00,0,0,0,0,0,0,0,0.00,0,0,0,0,0,0,Matchs
377,Ygor Nogueira,br BRA,DF,Santa Clara,27,1995,11.3,10,0.88,7,0,0,3,0,0,0,0.00,0,0,0,0,0,0,Matchs
378,Nonoca,br BRA,MT,Portimonense,24,1998,6.3,16,2.55,7,3,0,2,1,3,0,0.00,0,0,0,0,0,0,Matchs
379,Arsénio Martins Lafuente Nunes,pt POR,"AT,MT",Arouca,32,1989,10.8,31,2.86,24,3,3,0,1,0,2,0.18,2,0,0,0,0,0,Matchs
380,João Nunes,pt POR,DF,Casa Pia,26,1995,18.3,13,0.71,11,0,0,1,1,0,1,0.05,0,0,0,0,1,0,Matchs
381,Matheus Nunes,pt POR,MT,Sporting CP,23,1998,2.0,7,3.50,5,0,1,0,1,0,3,1.50,2,0,1,0,0,0,Matchs
382,Nwankwo Obiora,ng NGA,MT,Chaves,31,1991,6.9,7,01.01,6,0,0,0,1,0,0,0.00,0,0,0,0,0,0,Matchs
383,Ryoya Ogawa,jp JPN,"DF,MT",Vitória,25,1996,2.3,3,1.29,3,0,0,0,0,0,0,0.00,0,0,0,0,0,0,Matchs
384,Hugo Oliveira,pt POR,DF,Vizela,20,2002,0.1,0,0.00,0,0,0,0,0,0,0,0.00,0,0,0,0,0,0,Matchs
385,José Oliveira,pt POR,GB,Paços,20,2002,3.0,0,0.00,0,0,0,0,0,0,0,0.00,0,0,0,0,0,0,Matchs
386,Paulo Oliveira,pt POR,DF,Braga,30,1992,16.4,6,0.37,5,0,0,1,0,0,0,0.00,0,0,0,0,0,0,Matchs
387,Rúben Alexandre Gomes Oliveira,pt POR,MT,Santa Clara,27,1994,0.2,0,0.00,0,0,0,0,0,0,0,0.00,0,0,0,0,0,0,Matchs
388,Bruno Onyemaechi,ng NGA,DF,Boavista,23,1999,28.1,54,1.92,41,6,1,2,3,1,5,0.18,4,1,0,0,0,0,Matchs
389,Monsuru Opeyemi,ng NGA,AT,Vizela,18,2003,0.5,1,2.00,1,0,0,0,0,0,0,0.00,0,0,0,0,0,0,Matchs
390,Jerome Opoku,gh GHA,DF,Arouca,23,1998,21.3,10,0.47,8,1,0,0,0,1,1,0.05,1,0,0,0,0,0,Matchs
391,Pedro Ortiz,es ESP,MT,Vizela,21,2000,5.3,6,1.12,5,0,0,0,0,1,1,0.19,1,0,0,0,0,0,Matchs
392,Milutin Osmajić,me MNE,AT,Vizela,23,1999,22.7,43,1.89,25,0,4,7,4,3,4,0.18,2,0,0,0,1,1,Matchs
393,Nicolás Otamendi,ar ARG,DF,Benfica,34,1988,30.8,31,01.01,21,1,0,6,1,2,2,0.06,1,1,0,0,0,0,Matchs
394,Otávio,pt POR,MT,Porto,27,1995,25.2,134,5.33,93,21,5,5,8,2,18,0.72,15,1,0,0,2,0,Matchs
395,João Othavio Basso,br BRA,DF,Arouca,25,1997,31.6,21,0.66,20,0,0,0,0,1,1,0.03,1,0,0,0,0,0,Matchs
396,Amine Oudrhiri,ma MAR,MT,Rio Ave,29,1992,8.7,14,1.61,14,0,0,0,0,0,1,0.12,1,0,0,0,0,0,Matchs
397,Pablo,br BRA,AT,Famalicão,18,2004,7.9,20,2.55,13,0,3,2,2,0,1,0.13,1,0,0,0,0,0,Matchs
398,Lucas Paes,br BRA,GB,Casa Pia,24,1997,2.0,1,0.50,1,0,0,0,0,0,0,0.00,0,0,0,0,0,0,Matchs
399,Renato Pantalon,hr CRO,DF,Rio Ave,24,1997,19.9,11,0.55,10,0,0,1,0,0,0,0.00,0,0,0,0,0,0,Matchs
400,David Pastor,br BRA,MT,Portimonense,22,2000,0.0,1,45.00,1,0,0,0,0,0,0,0.00,0,0,0,0,0,0,Matchs
Clt,Joueur,Nation,Pos,Équipe,Âge,Naissance,90,AMT,AMT90,PassLive,PassDead,TO,Tirs,Ftp,Déf,AMB,AMB90,PassLive,PassDead,TO,Tirs,Ftp,Déf,Matchs
401,Patrick,cv CPV,"AT,MT",Chaves,28,1993,0.6,1,1.55,1,0,0,0,0,0,0,0.00,0,0,0,0,0,0,Matchs
402,Patrick,br BRA,DF,Rio Ave,25,1997,21.1,40,1.89,35,2,0,2,1,0,3,0.14,3,0,0,0,0,0,Matchs
403,Paulinho,pt POR,AT,Sporting CP,29,1992,15.1,37,2.45,20,0,2,9,5,1,8,0.53,3,0,0,2,3,0,Matchs
404,Pedrão,br BRA,DF,Portimonense,25,1997,28.7,36,1.25,31,0,2,1,1,1,0,0.00,0,0,0,0,0,0,Matchs
405,João Pedro,pt POR,MT,Chaves,29,1993,6.6,9,1.36,7,1,0,0,1,0,0,0.00,0,0,0,0,0,0,Matchs
406,Pelé,gw GNB,MT,Famalicão,30,1991,6.8,4,0.59,4,0,0,0,0,0,0,0.00,0,0,0,0,0,0,Matchs
407,Alexandre Penetra,pt POR,DF,Famalicão,20,2001,27.9,50,1.79,39,4,0,1,4,2,9,0.32,8,0,0,0,1,0,Matchs
408,Pepe,pt POR,DF,Porto,39,1983,21.8,18,0.82,17,0,1,0,0,0,1,0.05,1,0,0,0,0,0,Matchs
409,Pepê,br BRA,"MT,DF",Porto,25,1997,29.4,95,3.23,77,2,10,2,3,1,16,0.54,12,1,2,1,0,0,Matchs
410,André Pereira,pt POR,AT,Rio Ave,27,1995,11.1,31,2.78,21,0,1,6,3,0,5,0.45,2,0,1,2,0,0,Matchs
411,Gabriel Pereira,br BRA,DF,Gil Vicente FC,22,2000,4.6,5,01.08,5,0,0,0,0,0,1,0.22,1,0,0,0,0,0,Matchs
412,Marco André Rocha Pereira,pt POR,GB,Santa Clara,35,1987,8.0,2,0.25,1,1,0,0,0,0,0,0.00,0,0,0,0,0,0,Matchs
413,Matheus Pereira,br BRA,DF,Vizela,21,2000,9.0,16,1.78,10,2,2,0,2,0,2,0.22,2,0,0,0,0,0,Matchs
414,Sebastián Pérez Cardona,co COL,MT,Boavista,29,1993,27.3,39,1.43,35,0,0,1,1,2,2,0.07,2,0,0,0,0,0,Matchs
415,Kevin Pina,cv CPV,MT,Chaves,24,1997,4.1,12,2.91,11,0,1,0,0,0,2,0.49,2,0,0,0,0,0,Matchs
416,Rodrigo Pinho,br BRA,AT,Benfica,31,1991,0.5,1,1.96,1,0,0,0,0,0,0,0.00,0,0,0,0,0,0,Matchs
417,Dinis Pinto,pt POR,DF,Braga,21,2000,0.1,1,11.25,1,0,0,0,0,0,0,0.00,0,0,0,0,0,0,Matchs
418,Diogo Pinto,pt POR,"AT,MT",Casa Pia,23,1999,5.1,16,3.12,12,2,0,2,0,0,3,0.58,1,1,0,1,0,0,Matchs
419,Rui Pires,pt POR,MT,Paços,24,1998,26.8,49,1.83,44,0,1,1,2,1,2,0.07,2,0,0,0,0,0,Matchs
420,Pizzi,pt POR,"MT,AT",Braga,32,1989,5.4,25,4.62,17,3,2,1,1,1,3,0.55,1,0,0,0,1,1,Matchs
421,Carlos Ponck,cv CPV,DF,Chaves,27,1995,20.0,12,0.60,9,1,0,2,0,0,1,0.05,0,0,0,1,0,0,Matchs
422,Pedro Porro,es ESP,"DF,MT",Sporting CP,22,1999,11.9,53,4.45,34,9,4,2,4,0,9,0.76,7,0,0,2,0,0,Matchs
423,Samuel Portugal,br BRA,GB,Portimonense,28,1994,4.0,2,0.50,1,1,0,0,0,0,0,0.00,0,0,0,0,0,0,Matchs
424,Quaresma,br BRA,DF,Arouca,25,1996,30.4,53,1.74,39,4,4,2,3,1,7,0.23,6,0,0,1,0,0,Matchs
425,Diogo Queirós,pt POR,AT,Famalicão,23,1999,0.1,0,0.00,0,0,0,0,0,0,0,0.00,0,0,0,0,0,0,Matchs
Clt,Joueur,Nation,Pos,Équipe,Âge,Naissance,90,AMT,AMT90,PassLive,PassDead,TO,Tirs,Ftp,Déf,AMB,AMB90,PassLive,PassDead,TO,Tirs,Ftp,Déf,Matchs
426,João Queirós,pt POR,DF,Chaves,24,1998,2.9,1,0.34,1,0,0,0,0,0,0,0.00,0,0,0,0,0,0,Matchs
427,Xavi Quintillà,es ESP,DF,Santa Clara,25,1996,8.0,20,2.49,8,10,0,0,1,1,1,0.12,0,1,0,0,0,0,Matchs
428,Uroš Račić,rs SRB,MT,Braga,24,1998,12.4,29,2.33,23,0,2,2,1,1,0,0.00,0,0,0,0,0,0,Matchs
429,Rafa,pt POR,GB,Vitória,18,2003,2.0,1,0.50,0,1,0,0,0,0,1,0.50,0,1,0,0,0,0,Matchs
430,Jesús Ramírez,ve VEN,"AT,MT",Marítimo,24,1998,6.5,12,1.87,7,0,1,3,1,0,0,0.00,0,0,0,0,0,0,Matchs
431,Cláudio Ramos,pt POR,GB,Porto,30,1991,1.0,0,0.00,0,0,0,0,0,0,0,0.00,0,0,0,0,0,0,Matchs
432,Flávio Ramos,br BRA,DF,Paços,28,1994,8.3,6,0.72,5,0,0,1,0,0,1,0.12,1,0,0,0,0,0,Matchs
433,Gonçalo Ramos,pt POR,AT,Benfica,21,2001,25.4,46,1.81,23,0,7,9,6,1,8,0.32,3,0,2,2,1,0,Matchs
434,Osama Rashid,iq IRQ,"MT,AT",Vizela,30,1992,4.2,14,3.35,8,4,0,1,0,1,0,0.00,0,0,0,0,0,0,Matchs
435,Bruno Reis,pt POR,"MT,DF",Portimonense,23,1999,0.8,0,0.00,0,0,0,0,0,0,0,0.00,0,0,0,0,0,0,Matchs
436,Matheus Reis,br BRA,DF,Sporting CP,27,1995,25.4,62,2.44,56,2,1,2,1,0,5,0.20,5,0,0,0,0,0,Matchs
437,Miguel Reisinho,pt POR,"DF,MT",Boavista,23,1999,0.2,1,4.50,1,0,0,0,0,0,0,0.00,0,0,0,0,0,0,Matchs
438,Filipe Relvas,pt POR,DF,Portimonense,22,1999,31.9,41,1.29,30,3,0,4,2,2,3,0.09,3,0,0,0,0,0,Matchs
439,Brayan Riascos,co COL,"AT,MT",Marítimo,27,1994,9.7,31,3.20,21,0,4,1,5,0,4,0.41,2,0,2,0,0,0,Matchs
440,Rodrigo Ribeiro,pt POR,AT,Sporting CP,17,2005,0.3,1,3.10,1,0,0,0,0,0,0,0.00,0,0,0,0,0,0,Matchs
441,Tiago Ribeiro,pt POR,MT,Paços,20,2002,2.0,5,2.54,3,0,0,1,1,0,1,0.51,0,0,0,0,1,0,Matchs
442,Ricardinho,pt POR,"AT,MT",Santa Clara,23,1998,20.0,52,2.59,40,0,3,4,4,1,9,0.45,6,0,0,0,2,1,Matchs
443,Riccieli,br BRA,DF,Famalicão,23,1998,28.7,14,0.49,12,0,0,2,0,0,2,0.07,1,0,0,1,0,0,Matchs
444,Rildo,br BRA,"AT,MT",Santa Clara,22,2000,9.1,22,2.41,10,0,7,4,1,0,4,0.44,1,0,3,0,0,0,Matchs
445,Mihailo Ristić,rs SRB,DF,Benfica,26,1995,1.3,4,3.10,4,0,0,0,0,0,1,0.78,1,0,0,0,0,0,Matchs
446,Robson,br BRA,DF,Boavista,22,2000,1.4,0,0.00,0,0,0,0,0,0,0,0.00,0,0,0,0,0,0,Matchs
447,Bryan Róchez,hn HON,"AT,MT",Portimonense,27,1995,9.9,22,2.22,16,0,0,1,5,0,3,0.30,2,0,0,0,1,0,Matchs
448,Rochinha,pt POR,"AT,MT",Sporting CP,27,1995,4.8,14,2.91,8,1,1,2,2,0,3,0.62,2,0,1,0,0,0,Matchs
449,Bruno Rodrigues,pt POR,DF,Braga,21,2001,1.0,2,2.00,1,0,0,1,0,0,0,0.00,0,0,0,0,0,0,Matchs
450,Gonçalo Rodrigues,pt POR,MT,Rio Ave,25,1997,32.2,116,3.60,74,25,3,4,7,3,6,0.19,2,1,1,0,2,0,Matchs
Clt,Joueur,Nation,Pos,Équipe,Âge,Naissance,90,AMT,AMT90,PassLive,PassDead,TO,Tirs,Ftp,Déf,AMB,AMB90,PassLive,PassDead,TO,Tirs,Ftp,Déf,Matchs
451,Ivo Rodrigues,pt POR,"MT,AT",Famalicão,27,1995,26.3,91,3.46,64,6,5,6,7,3,9,0.34,8,1,0,0,0,0,Matchs
452,Diego Rosa,br BRA,"MT,AT",Vizela,19,2002,2.9,3,01.05,0,3,0,0,0,0,0,0.00,0,0,0,0,0,0,Matchs
453,Loreintz Rosier,fr FRA,MT,Estoril,23,1998,11.5,15,1.30,11,0,0,2,1,1,1,0.09,1,0,0,0,0,0,Matchs
454,Mabrouk Rouai,fr FRA,"AT,MT",Estoril,21,2000,0.4,1,2.65,1,0,0,0,0,0,0,0.00,0,0,0,0,0,0,Matchs
455,Abel Ruiz,es ESP,AT,Braga,22,2000,23.0,64,2.78,56,1,2,4,0,1,14,0.61,11,0,2,1,0,0,Matchs
456,Alan Ruiz,ar ARG,MT,Arouca,28,1993,27.7,86,3.10,67,5,6,1,6,1,8,0.29,6,0,1,1,0,0,Matchs
457,Leonardo Ruíz,co COL,AT,Rio Ave,26,1996,10.3,20,1.94,18,0,1,0,1,0,1,0.10,1,0,0,0,0,0,Matchs
458,Gustavo sá,pt POR,"MT,AT",Famalicão,17,2004,4.3,10,2.34,8,0,0,1,1,0,0,0.00,0,0,0,0,0,0,Matchs
459,Helder Sá,pt POR,"DF,MT",Vitória,19,2002,8.9,22,2.48,18,3,1,0,0,0,1,0.11,1,0,0,0,0,0,Matchs
460,Josué Sá,pt POR,DF,Rio Ave,30,1992,15.0,16,01.07,16,0,0,0,0,0,1,0.07,1,0,0,0,0,0,Matchs
461,Pedro Sá,pt POR,MT,Portimonense,28,1993,8.2,11,1.34,5,1,1,0,4,0,1,0.12,1,0,0,0,0,0,Matchs
462,Tiago Sá,pt POR,GB,Braga,27,1995,1.9,0,0.00,0,0,0,0,0,0,0,0.00,0,0,0,0,0,0,Matchs
463,Serdar Saatçı,tr TUR,DF,Braga,19,2003,2.4,1,0.42,0,0,0,0,0,1,0,0.00,0,0,0,0,0,0,Matchs
464,Safira,br BRA,AT,Vitória,27,1995,9.1,20,2.22,8,0,1,5,5,1,3,0.33,1,0,0,0,2,0,Matchs
465,Pierre Sagna,sn SEN,DF,Santa Clara,31,1990,19.5,38,1.95,24,9,2,1,1,1,1,0.05,0,1,0,0,0,0,Matchs
466,Arthur Sales,br BRA,"AT,MT",Paços,20,2002,4.0,8,1.99,5,0,0,1,2,0,0,0.00,0,0,0,0,0,0,Matchs
467,Andreas Samaris,gr GRE,MT,Rio Ave,33,1989,15.6,29,1.86,25,1,1,0,2,0,2,0.13,2,0,0,0,0,0,Matchs
468,Samu,pt POR,MT,Vizela,26,1996,29.8,94,3.15,75,9,1,6,2,1,9,0.30,7,0,1,1,0,0,Matchs
469,Leandro Sanca,gw GNB,"AT,MT",Famalicão,22,2000,4.9,16,3.25,9,0,5,1,1,0,1,0.20,1,0,0,0,0,0,Matchs
470,Elder Santana,br BRA,"MT,AT",Gil Vicente FC,29,1993,0.5,2,04.09,2,0,0,0,0,0,1,02.05,1,0,0,0,0,0,Matchs
471,Aderlan Santos,br BRA,DF,Rio Ave,33,1989,31.3,25,0.80,22,0,0,3,0,0,2,0.06,2,0,0,0,0,0,Matchs
472,Luís Santos,pt POR,"AT,MT",Boavista,22,2000,3.2,3,0.95,3,0,0,0,0,0,0,0.00,0,0,0,0,0,0,Matchs
473,Nuno Santos,pt POR,"DF,MT",Sporting CP,27,1995,25.2,91,3.62,75,9,2,3,1,1,7,0.28,5,1,0,1,0,0,Matchs
474,Pedro Santos,pt POR,"AT,MT",Braga,21,2000,0.1,2,22.50,2,0,0,0,0,0,0,0.00,0,0,0,0,0,0,Matchs
475,Rene Santos,br BRA,"DF,MT",Marítimo,30,1992,12.1,11,0.90,8,0,1,1,0,1,0,0.00,0,0,0,0,0,0,Matchs
Clt,Joueur,Nation,Pos,Équipe,Âge,Naissance,90,AMT,AMT90,PassLive,PassDead,TO,Tirs,Ftp,Déf,AMB,AMB90,PassLive,PassDead,TO,Tirs,Ftp,Déf,Matchs
476,Tiago santos,pt POR,DF,Estoril,20,2002,26.9,58,2.16,35,10,3,1,7,2,7,0.26,6,0,0,0,1,0,Matchs
477,Zaidu Sanusi,ng NGA,DF,Porto,25,1997,11.7,23,1.97,14,8,0,1,0,0,0,0.00,0,0,0,0,0,0,Matchs
478,Adewele Sapara,ng NGA,"AT,MT",Portimonense,27,1995,1.3,3,2.29,3,0,0,0,0,0,0,0.00,0,0,0,0,0,0,Matchs
479,Andrés Sarmiento,co COL,"AT,MT",Vizela,24,1998,0.4,2,5.81,1,0,1,0,0,0,0,0.00,0,0,0,0,0,0,Matchs
480,Sidy Sarr,sn SEN,MT,Chaves,26,1996,1.3,1,0.76,1,0,0,0,0,0,0,0.00,0,0,0,0,0,0,Matchs
481,Vincent Sasso,fr FRA,DF,Boavista,31,1991,21.9,14,0.64,9,0,0,2,1,2,1,0.05,1,0,0,0,0,0,Matchs
482,Savio,br BRA,DF,Rio Ave,27,1995,3.6,11,03.07,7,4,0,0,0,0,1,0.28,1,0,0,0,0,0,Matchs
483,Andreas Schjelderup,no NOR,AT,Benfica,18,2004,0.0,0,0.00,0,0,0,0,0,0,0,0.00,0,0,0,0,0,0,Matchs
484,Alexander Schmidt,at AUT,AT,Vizela,24,1998,3.6,11,03.08,7,0,0,2,1,1,0,0.00,0,0,0,0,0,0,Matchs
485,Moustapha Seck,sn SEN,"DF,AT",Portimonense,26,1996,24.9,49,1.96,32,10,2,1,2,2,3,0.12,3,0,0,0,0,0,Matchs
486,Alfa Semedo,gw GNB,MT,Vitória,24,1997,0.3,1,3.33,1,0,0,0,0,0,0,0.00,0,0,0,0,0,0,Matchs
487,Nuno Sequeira,pt POR,DF,Braga,31,1990,22.9,71,3.10,60,7,0,1,2,1,3,0.13,2,1,0,0,0,0,Matchs
488,Serginho,,"AT,MT",Estoril,21,2001,1.5,2,1.29,1,0,0,1,0,0,0,0.00,0,0,0,0,0,0,Matchs
489,Paulo Sérgio Mota,pt POR,"DF,MT",Marítimo,31,1991,8.0,20,2.51,15,3,0,2,0,0,4,0.50,3,0,0,1,0,0,Matchs
490,André Silva,br BRA,"AT,MT",Vitória,25,1997,19.4,41,2.11,27,0,1,7,6,0,1,0.05,1,0,0,0,0,0,Matchs
491,António Silva,pt POR,DF,Benfica,18,2003,29.9,19,0.63,17,0,0,0,2,0,4,0.13,4,0,0,0,0,0,Matchs
492,Guilherme Silva,br BRA,"DF,MT",Chaves,21,2000,0.2,0,0.00,0,0,0,0,0,0,0,0.00,0,0,0,0,0,0,Matchs
493,João Miguel Macedo Silva,pt POR,GB,Marítimo,27,1995,8.0,1,0.12,0,1,0,0,0,0,0,0.00,0,0,0,0,0,0,Matchs
494,Joel silva,pt POR,MT,Boavista,19,2003,1.1,3,2.65,3,0,0,0,0,0,1,0.88,1,0,0,0,0,0,Matchs
495,Jorge Fernando Santos Silva,pt POR,"DF,MT",Paços,26,1996,5.2,13,2.51,7,3,0,0,2,1,0,0.00,0,0,0,0,0,0,Matchs
496,Jota Silva,pt POR,"AT,MT",Vitória,22,1999,17.8,45,2.54,28,3,5,2,5,2,5,0.28,2,1,1,0,1,0,Matchs
497,Lucas Silva,br BRA,AT,Paços,24,1998,0.2,0,0.00,0,0,0,0,0,0,0,0.00,0,0,0,0,0,0,Matchs
498,Pedro Manuel da Silva Moreira,pt POR,MT,Arouca,33,1989,0.8,2,2.47,2,0,0,0,0,0,0,0.00,0,0,0,0,0,0,Matchs
499,Pedro José Moreira Silva,pt POR,GB,Estoril,25,1997,2.3,0,0.00,0,0,0,0,0,0,0,0.00,0,0,0,0,0,0,Matchs
500,Rafa Silva,pt POR,"MT,AT",Benfica,29,1993,24.2,113,4.67,73,0,18,7,13,2,18,0.74,11,0,2,2,3,0,Matchs
Clt,Joueur,Nation,Pos,Équipe,Âge,Naissance,90,AMT,AMT90,PassLive,PassDead,TO,Tirs,Ftp,Déf,AMB,AMB90,PassLive,PassDead,TO,Tirs,Ftp,Déf,Matchs
501,Tiago Silva,pt POR,MT,Vitória,29,1993,23.3,69,2.96,35,27,0,4,2,1,5,0.21,2,1,0,1,1,0,Matchs
502,David Simão,pt POR,MT,Arouca,32,1990,28.7,58,02.02,42,14,0,1,1,0,3,0.10,1,2,0,0,0,0,Matchs
503,André Simões,pt POR,MT,Famalicão,32,1989,1.9,5,2.57,4,1,0,0,0,0,0,0.00,0,0,0,0,0,0,Matchs
504,André Simões,pt POR,"MT,AT",Gil Vicente FC,18,2003,0.2,2,11.25,2,0,0,0,0,0,0,0.00,0,0,0,0,0,0,Matchs
505,Luther Singh,za RSA,"AT,MT",Chaves,24,1997,7.0,13,1.86,12,0,0,0,1,0,1,0.14,1,0,0,0,0,0,Matchs
506,Lucas Soares,br BRA,"MT,DF",Casa Pia,24,1998,24.2,50,02.07,33,7,6,3,1,0,3,0.12,3,0,0,0,0,0,Matchs
507,Samuel Soares,pt POR,GB,Benfica,20,2002,0.0,0,0.00,0,0,0,0,0,0,0,0.00,0,0,0,0,0,0,Matchs
508,Val Soares,br BRA,MT,Marítimo,25,1997,13.5,44,3.26,36,2,2,2,2,0,0,0.00,0,0,0,0,0,0,Matchs
509,Yuki Soma,jp JPN,"AT,MT",Casa Pia,25,1997,13.5,41,03.03,14,15,5,3,4,0,1,0.07,0,1,0,0,0,0,Matchs
510,Joel Soñora,us USA,MT,Marítimo,25,1996,2.0,8,04.07,6,1,0,1,0,0,0,0.00,0,0,0,0,0,0,Matchs
511,Ismaila Soro,ci CIV,MT,Arouca,24,1998,16.9,20,1.18,18,0,0,1,0,1,0,0.00,0,0,0,0,0,0,Matchs
512,Miguel Sousa,pt POR,MT,Marítimo,23,1998,2.0,3,1.47,2,0,0,1,0,0,0,0.00,0,0,0,0,0,0,Matchs
513,Vasco Sousa,pt POR,MT,Porto,19,2003,0.0,1,30.00,1,0,0,0,0,0,0,0.00,0,0,0,0,0,0,Matchs
514,Claudemir de Souza,br BRA,MT,Vizela,34,1988,15.1,25,1.65,20,4,0,1,0,0,1,0.07,1,0,0,0,0,0,Matchs
515,Jerry St. Juste,nl NED,DF,Sporting CP,25,1996,10.1,24,2.38,21,0,2,1,0,0,2,0.20,1,0,0,1,0,0,Matchs
516,Filip Stevanovic,rs SRB,"AT,MT",Santa Clara,19,2002,1.7,4,2.38,4,0,0,0,0,0,1,0.60,1,0,0,0,0,0,Matchs
517,Habib sylla,ci CIV,DF,Chaves,23,1999,6.9,4,0.58,3,0,0,1,0,0,0,0.00,0,0,0,0,0,0,Matchs
518,Morlaye Sylla,gn GUI,"AT,MT",Arouca,24,1998,25.3,75,2.96,60,6,1,4,1,3,9,0.36,7,1,0,0,1,0,Matchs
519,Kyosuke Tagawa,jp JPN,AT,Santa Clara,23,1999,13.2,18,1.36,10,0,2,2,3,1,1,0.08,0,0,0,1,0,0,Matchs
520,Afonso Taira,pt POR,MT,Casa Pia,30,1992,23.3,61,2.62,50,1,2,2,2,4,4,0.17,3,1,0,0,0,0,Matchs
521,Mateo Tanlongo,ar ARG,MT,Sporting CP,18,2003,1.6,2,1.29,1,0,0,0,0,1,1,0.64,1,0,0,0,0,0,Matchs
522,Mehdi Taremi,ir IRN,AT,Porto,30,1992,29.0,92,3.16,73,0,5,8,5,1,18,0.62,13,0,3,0,1,1,Matchs
523,David Tavares,cv CPV,"MT,AT",Famalicão,23,1999,0.5,0,0.00,0,0,0,0,0,0,0,0.00,0,0,0,0,0,0,Matchs
524,Heriberto Tavares,pt POR,"MT,AT",Famalicão,25,1997,2.4,9,3.72,6,2,1,0,0,0,0,0.00,0,0,0,0,0,0,Matchs
525,Martim Tavares,pt POR,"AT,MT",Boavista,18,2003,4.0,9,2.26,5,0,0,1,3,0,2,0.50,0,0,0,0,2,0,Matchs
Clt,Joueur,Nation,Pos,Équipe,Âge,Naissance,90,AMT,AMT90,PassLive,PassDead,TO,Tirs,Ftp,Déf,AMB,AMB90,PassLive,PassDead,TO,Tirs,Ftp,Déf,Matchs
526,Duplexe Tchamba,cm CMR,DF,Casa Pia,24,1998,4.3,3,0.72,2,1,0,0,0,0,0,0.00,0,0,0,0,0,0,Matchs
527,João Teixeira,pt POR,MT,Chaves,28,1994,30.4,145,4.78,84,45,2,8,6,0,7,0.23,1,6,0,0,0,0,Matchs
528,André Teles,pt POR,MT,Marítimo,25,1997,0.7,0,0.00,0,0,0,0,0,0,0,0.00,0,0,0,0,0,0,Matchs
529,Casper Tengstedt,dk DEN,"AT,MT",Benfica,22,2000,0.3,1,3.75,1,0,0,0,0,0,0,0.00,0,0,0,0,0,0,Matchs
530,Nigel Thomas,nl NED,"AT,MT",Paços,21,2001,22.5,71,3.15,39,16,4,6,6,0,2,0.09,1,1,0,0,0,0,Matchs
531,Pedro Tiba,pt POR,MT,Gil Vicente FC,33,1988,13.9,38,2.73,29,0,5,1,1,2,2,0.14,2,0,0,0,0,0,Matchs
532,Bastien Toma,ch SUI,MT,Paços,23,1999,4.8,15,3.15,11,1,0,2,1,0,1,0.21,1,0,0,0,0,0,Matchs
533,Vítor Tormena,br BRA,DF,Braga,26,1996,26.1,23,0.88,19,0,0,2,1,1,1,0.04,0,0,0,1,0,0,Matchs
534,Mamadou Tounkara,fr FRA,DF,Vitória,20,2001,11.6,5,0.43,5,0,0,0,0,0,0,0.00,0,0,0,0,0,0,Matchs
535,Francisco Trincão,pt POR,"MT,AT",Sporting CP,22,1999,24.5,94,3.83,70,1,11,7,4,1,13,0.53,5,0,6,1,1,0,Matchs
536,Matouš Trmal,cz CZE,GB,Marítimo,23,1998,6.0,1,0.17,0,1,0,0,0,0,0,0.00,0,0,0,0,0,0,Matchs
537,Manuel Ugarte Ribeiro,uy URU,MT,Sporting CP,21,2001,26.1,54,02.07,44,1,0,1,1,7,4,0.15,4,0,0,0,0,0,Matchs
538,Zé Uilton,br BRA,"AT,MT",Paços,30,1992,15.3,37,2.43,31,0,1,1,3,1,2,0.13,1,0,0,1,0,0,Matchs
539,Ukra,pt POR,"AT,MT",Rio Ave,34,1988,4.1,16,3.95,13,1,0,0,2,0,3,0.74,3,0,0,0,0,0,Matchs
540,Mateus Uribe,co COL,MT,Porto,31,1991,27.3,62,2.27,48,5,0,5,1,3,8,0.29,5,0,0,1,0,2,Matchs
541,Rodrigo Valente,pt POR,"MT,AT",Santa Clara,21,2001,1.1,4,3.79,4,0,0,0,0,0,0,0.00,0,0,0,0,0,0,Matchs
542,João Valido,pt POR,GB,Arouca,22,2000,0.0,0,0.00,0,0,0,0,0,0,0,0.00,0,0,0,0,0,0,Matchs
543,Bruno Varela,cv CPV,GB,Vitória,27,1994,27.0,8,0.30,7,1,0,0,0,0,1,0.04,1,0,0,0,0,0,Matchs
544,Fernando Varela,cv CPV,DF,Casa Pia,34,1987,22.6,15,0.66,11,1,0,2,1,0,1,0.04,0,0,0,1,0,0,Matchs
545,Luciano Vega,ar ARG,"MT,AT",Marítimo,23,1999,2.1,5,2.43,3,1,0,1,0,0,0,0.00,0,0,0,0,0,0,Matchs
546,Danilo Veiga,pt POR,DF,Gil Vicente FC,19,2002,7.6,18,2.39,14,0,0,0,3,1,1,0.13,0,0,0,0,0,1,Matchs
547,Igor Vekič,si SVN,GB,Paços,24,1998,9.1,1,0.11,0,1,0,0,0,0,0,0.00,0,0,0,0,0,0,Matchs
548,Bruno Ventura,pt POR,AT,Rio Ave,21,2001,1.1,4,3.75,3,0,0,1,0,0,0,0.00,0,0,0,0,0,0,Matchs
549,Lucas Veríssimo,br BRA,DF,Benfica,27,1995,0.1,0,0.00,0,0,0,0,0,0,0,0.00,0,0,0,0,0,0,Matchs
550,Gabriel Veron,br BRA,"MT,AT",Porto,19,2002,4.5,23,5.27,15,0,1,2,4,1,5,1.15,3,0,0,2,0,0,Matchs
Clt,Joueur,Nation,Pos,Équipe,Âge,Naissance,90,AMT,AMT90,PassLive,PassDead,TO,Tirs,Ftp,Déf,AMB,AMB90,PassLive,PassDead,TO,Tirs,Ftp,Déf,Matchs
551,Jan Vertonghen,be BEL,DF,Benfica,35,1987,0.0,0,0.00,0,0,0,0,0,0,0,0.00,0,0,0,0,0,0,Matchs
552,André Vidigal,pt POR,"AT,MT",Marítimo,23,1998,28.6,63,2.20,47,1,6,4,3,2,7,0.24,5,0,1,0,1,0,Matchs
553,Gabriel Vieira,br BRA,"AT,MT",Santa Clara,20,2002,24.4,79,3.24,33,23,6,5,11,1,5,0.21,1,1,1,0,2,0,Matchs
554,João Vigário,pt POR,DF,Paços,26,1995,0.2,0,0.00,0,0,0,0,0,0,0,0.00,0,0,0,0,0,0,Matchs
555,Mikel Villanueva,ve VEN,DF,Vitória,29,1993,28.2,24,0.85,21,1,0,1,0,1,4,0.14,3,0,0,1,0,0,Matchs
556,Bernardo Vital,pt POR,DF,Estoril,21,2000,25.1,10,0.40,10,0,0,0,0,0,0,0.00,0,0,0,0,0,0,Matchs
557,Vitinha,pt POR,AT,Braga,22,2000,12.2,41,3.36,25,0,3,8,4,1,8,0.66,5,0,0,2,1,0,Matchs
558,Vitinho,br BRA,"MT,AT",Arouca,22,2000,2.7,13,4.80,8,4,0,0,1,0,2,0.74,2,0,0,0,0,0,Matchs
559,Paulo Vitor,br BRA,"MT,DF",Rio Ave,23,1999,12.3,25,02.03,17,1,2,2,3,0,2,0.16,2,0,0,0,0,0,Matchs
560,Steven Vitória,ca CAN,DF,Chaves,35,1987,29.4,18,0.61,12,0,1,4,0,1,0,0.00,0,0,0,0,0,0,Matchs
561,Odisseas Vlachodimos,gr GRE,GB,Benfica,28,1994,34.0,2,0.06,2,0,0,0,0,0,0,0.00,0,0,0,0,0,0,Matchs
562,Ilija Vukotić,me MNE,MT,Boavista,23,1999,4.5,8,1.78,5,1,0,1,0,1,2,0.44,2,0,0,0,0,0,Matchs
563,Wagner,br BRA,DF,Portimonense,23,1999,1.0,0,0.00,0,0,0,0,0,0,0,0.00,0,0,0,0,0,0,Matchs
564,Masaki Watai,jp JPN,"MT,AT",Boavista,23,1999,5.8,19,3.28,16,1,0,1,0,1,2,0.35,2,0,0,0,0,0,Matchs
565,Julian Weigl,de GER,MT,Benfica,26,1995,0.6,2,3.10,2,0,0,0,0,0,0,0.00,0,0,0,0,0,0,Matchs
566,Wendell,br BRA,DF,Porto,29,1993,21.8,38,1.74,29,7,1,1,0,0,2,0.09,2,0,0,0,0,0,Matchs
567,Weverson,br BRA,"DF,AT",Arouca,22,2000,0.8,1,1.30,1,0,0,0,0,0,0,0.00,0,0,0,0,0,0,Matchs
568,Willyan,br BRA,"DF,MT",Portimonense,27,1995,4.0,5,1.25,4,0,0,1,0,0,0,0.00,0,0,0,0,0,0,Matchs
569,Bruno Wilson,pt POR,DF,Vizela,25,1996,22.8,13,0.57,7,1,1,4,0,0,2,0.09,1,0,0,1,0,0,Matchs
570,Roan Wilson,cr CRC,MT,Gil Vicente FC,20,2002,1.3,3,2.31,3,0,0,0,0,0,0,0.00,0,0,0,0,0,0,Matchs
571,Cláudio Winck,br BRA,"DF,MT",Marítimo,28,1994,26.9,78,2.90,57,5,4,2,8,2,5,0.19,3,0,0,1,1,0,Matchs
572,Xadas,pt POR,"MT,AT",Marítimo,24,1997,26.3,119,4.51,58,42,6,11,1,1,8,0.30,5,2,1,0,0,0,Matchs
573,Abdul-Aziz Yakubu,gh GHA,AT,Rio Ave,23,1998,14.2,17,1.19,13,0,2,1,1,0,5,0.35,3,0,1,1,0,0,Matchs
574,Roman Yaremchuk,ua UKR,AT,Benfica,26,1995,0.6,4,7.20,3,0,0,0,1,0,1,1.80,1,0,0,0,0,0,Matchs
575,Moses Yaw,gh GHA,MT,Arouca,23,1999,3.5,2,0.58,1,0,0,0,0,1,0,0.00,0,0,0,0,0,0,Matchs
Clt,Joueur,Nation,Pos,Équipe,Âge,Naissance,90,AMT,AMT90,PassLive,PassDead,TO,Tirs,Ftp,Déf,AMB,AMB90,PassLive,PassDead,TO,Tirs,Ftp,Déf,Matchs
576,Zaydou Youssouf,fr FRA,MT,Famalicão,23,1999,23.8,43,1.80,36,1,4,0,1,1,2,0.08,1,0,1,0,0,0,Matchs
577,Antonio Zarzana,es ESP,"MT,AT",Marítimo,20,2002,3.2,9,2.81,6,0,0,1,2,0,0,0.00,0,0,0,0,0,0,Matchs
578,Ivan Zlobin,ru RUS,GB,Famalicão,25,1997,1.0,1,1.00,1,0,0,0,0,0,0,0.00,0,0,0,0,0,0,Matchs
579,Kévin Zohi,ml MLI,"AT,MT",Vizela,25,1996,10.0,31,3.10,19,0,5,5,2,0,4,0.40,2,0,1,1,0,0,Matchs
580,Nermin Zolotić,ba BIH,DF,Casa Pia,29,1993,24.3,25,01.02,21,2,1,0,1,0,1,0.04,1,0,0,0,0,0,Matchs
581,Emilijus Zubas,lt LTU,GB,Arouca,32,1990,3.0,0,0.00,0,0,0,0,0,0,0,0.00,0,0,0,0,0,0,Matchs
Clt,Joueur,Nation,Pos,Équipe,Âge,Naissance,90,AMT,AMT90,PassLive,PassDead,TO,Tirs,Ftp,Déf,AMB,AMB90,PassLive,PassDead,TO,Tirs,Ftp,Déf,Matchs
1,Patrick van Aanholt,nl NED,DF,PSV Eindhoven,31,1990,13.1,36,2.75,29,5,1,1,0,0,7,0.54,7,0,0,0,0,0,Matchs
2,Dirk Abels,nl NED,DF,Sparta R'dam,25,1997,14.7,30,02.04,19,6,0,1,3,1,4,0.27,3,0,0,0,1,0,Matchs
3,Paulos Abraham,se SWE,"AT,MT",Groningen,20,2002,5.4,15,2.76,12,0,1,2,0,0,1,0.18,1,0,0,0,0,0,Matchs
4,Bobby Adekanye,nl NED,"AT,MT",Go Ahead Eag,23,1999,23.8,81,3.39,53,1,11,8,8,0,9,0.38,8,0,0,1,0,0,Matchs
5,Shawn Adewoye,be BEL,DF,RKC Waalwijk,22,2000,32.6,18,0.55,14,0,2,1,0,1,2,0.06,2,0,0,0,0,0,Matchs
6,Luuk Admiraal,nl NED,AT,Excelsior,20,2002,0.0,1,90.00,0,0,0,0,1,0,0,0.00,0,0,0,0,0,0,Matchs
7,Nikolas Agrafiotis,nl NED,"AT,MT",Excelsior,22,2000,6.3,14,2.23,5,0,1,7,1,0,2,0.32,1,0,0,1,0,0,Matchs
8,Joost van Aken,nl NED,DF,Heerenveen,28,1994,11.0,7,0.64,7,0,0,0,0,0,0,0.00,0,0,0,0,0,0,Matchs
9,Norbert Alblas,nl NED,GB,Excelsior,27,1994,0.3,0,0.00,0,0,0,0,0,0,0,0.00,0,0,0,0,0,0,Matchs
10,Pedro Alemañ,es ESP,MT,Sparta R'dam,20,2002,0.5,5,9.18,2,0,2,1,0,0,0,0.00,0,0,0,0,0,0,Matchs
11,Hussein Ali,iq IRQ,"DF,MT",Heerenveen,20,2002,0.3,1,3.00,1,0,0,0,0,0,0,0.00,0,0,0,0,0,0,Matchs
12,Edson Álvarez,mx MEX,"MT,DF",Ajax,24,1997,28.7,58,02.02,47,0,1,8,2,0,8,0.28,6,0,0,2,0,0,Matchs
13,Pelle van Amersfoort,nl NED,"MT,AT",Heerenveen,26,1996,13.2,26,1.97,21,0,0,3,2,0,4,0.30,1,0,0,2,1,0,Matchs
14,Jamal Amofa,nl NED,DF,Go Ahead Eag,23,1998,26.8,22,0.82,20,1,0,0,0,1,2,0.07,2,0,0,0,0,0,Matchs
15,Fredrik André Bjørkan,no NOR,DF,Feyenoord,23,1998,0.8,0,0.00,0,0,0,0,0,0,0,0.00,0,0,0,0,0,0,Matchs
16,Vurnon Anita,cw CUW,MT,RKC Waalwijk,33,1989,30.8,44,1.43,42,0,1,1,0,0,7,0.23,6,0,0,1,0,0,Matchs
17,Oliver Antman,fi FIN,"AT,MT",Groningen,20,2001,7.4,18,2.42,15,0,3,0,0,0,1,0.13,1,0,0,0,0,0,Matchs
18,Joey Antonioli,nl NED,MT,Volendam,18,2003,0.4,1,2.73,1,0,0,0,0,0,0,0.00,0,0,0,0,0,0,Matchs
19,Jeremy Antonisse,cw CUW,"AT,MT",Emmen,20,2002,8.9,26,2.92,13,0,6,4,2,1,1,0.11,1,0,0,0,0,0,Matchs
20,Francesco Antonucci,be BEL,"MT,AT",Volendam,23,1999,10.0,29,2.90,22,0,4,2,1,0,2,0.20,2,0,0,0,0,0,Matchs
21,Antony,br BRA,AT,Ajax,22,2000,2.0,10,5.00,5,0,3,1,1,0,2,1.00,2,0,0,0,0,0,Matchs
22,Miguel Araujo,pe PER,DF,Emmen,27,1994,29.9,7,0.23,6,1,0,0,0,0,0,0.00,0,0,0,0,0,0,Matchs
23,Carlens Arcus,ht HAI,DF,Vitesse,26,1996,28.0,76,2.72,62,5,0,5,3,1,3,0.11,3,0,0,0,0,0,Matchs
24,Jasin Assehnoun,fi FIN,AT,Emmen,23,1998,8.1,27,3.32,23,2,0,1,1,0,3,0.37,2,0,0,0,1,0,Matchs
25,Adil Auassar,nl NED,DF,Sparta R'dam,35,1986,21.3,6,0.28,5,1,0,0,0,0,1,0.05,1,0,0,0,0,0,Matchs
Clt,Joueur,Nation,Pos,Équipe,Âge,Naissance,90,AMT,AMT90,PassLive,PassDead,TO,Tirs,Ftp,Déf,AMB,AMB90,PassLive,PassDead,TO,Tirs,Ftp,Déf,Matchs
26,Sebbe Augustijns,be BEL,"MT,AT",RKC Waalwijk,22,1999,0.8,1,1.30,1,0,0,0,0,0,0,0.00,0,0,0,0,0,0,Matchs
27,Fredrik Aursnes,no NOR,MT,Feyenoord,26,1995,2.0,10,5.00,10,0,0,0,0,0,2,1.00,2,0,0,0,0,0,Matchs
28,Aventis Aventisian,am ARM,"MT,DF",Go Ahead Eag,19,2002,0.1,0,0.00,0,0,0,0,0,0,0,0.00,0,0,0,0,0,0,Matchs
29,Maxime Awoudja,de GER,DF,Excelsior,24,1998,2.8,2,0.72,1,0,0,0,1,0,0,0.00,0,0,0,0,0,0,Matchs
30,Yassin Ayoub,nl NED,MT,Excelsior,28,1994,8.0,24,3.00,12,8,1,1,2,0,1,0.12,1,0,0,0,0,0,Matchs
31,Marouan Azarkan,nl NED,"AT,MT",Excelsior,20,2001,20.4,78,3.83,49,13,7,4,4,1,10,0.49,7,2,1,0,0,0,Matchs
32,Julian Baas,nl NED,"MT,AT",Excelsior,20,2002,27.3,57,02.09,23,30,0,0,4,0,5,0.18,1,4,0,0,0,0,Matchs
33,Youri Baas,nl NED,DF,Ajax,19,2003,2.1,5,2.38,4,0,0,1,0,0,1,0.48,1,0,0,0,0,0,Matchs
34,Nikolai Baden Frederiksen,dk DEN,AT,Vitesse,22,2000,5.8,13,2.23,6,0,0,4,3,0,2,0.34,1,0,0,0,1,0,Matchs
35,Saïd Bakari,km COM,"DF,MT",RKC Waalwijk,27,1994,8.4,16,1.90,13,0,2,1,0,0,2,0.24,2,0,0,0,0,0,Matchs
36,Johan Bakayoko,be BEL,AT,PSV Eindhoven,19,2003,15.3,74,4.85,57,3,8,4,1,1,13,0.85,10,0,1,2,0,0,Matchs
37,Zakaria Bakkali,be BEL,"AT,DF",RKC Waalwijk,26,1996,4.9,14,2.81,9,3,0,2,0,0,0,0.00,0,0,0,0,0,0,Matchs
38,Justin Bakker,nl NED,DF,Go Ahead Eag,24,1998,2.5,0,0.00,0,0,0,0,0,0,0,0.00,0,0,0,0,0,0,Matchs
39,Remco Balk,nl NED,"AT,MT",Cambuur,21,2001,13.2,29,2.20,20,0,1,3,5,0,1,0.08,0,0,0,0,1,0,Matchs
40,Radinio Balker,sr SUR,DF,Groningen,23,1998,29.4,30,01.02,27,0,2,0,0,1,1,0.03,0,0,1,0,0,0,Matchs
41,Alex Bangura,sl SLE,DF,Cambuur,23,1999,27.2,46,1.69,42,3,0,0,1,0,6,0.22,5,1,0,0,0,0,Matchs
42,Yusuf Barasi,tr TUR,"AT,MT",AZ Alkmaar,19,2003,2.1,4,1.93,4,0,0,0,0,0,0,0.00,0,0,0,0,0,0,Matchs
43,Vasilios Barkas,gr GRE,GB,Utrecht,28,1994,32.0,3,0.09,3,0,0,0,0,0,0,0.00,0,0,0,0,0,0,Matchs
44,Cole Bassett,us USA,"MT,AT",Fortuna Sittard,21,2001,2.2,7,3.18,5,1,0,1,0,0,0,0.00,0,0,0,0,0,0,Matchs
45,Cole Bassett,us USA,AT,Feyenoord,21,2001,0.1,0,0.00,0,0,0,0,0,0,0,0.00,0,0,0,0,0,0,Matchs
46,Calvin Bassey,ng NGA,DF,Ajax,22,1999,20.1,36,1.80,29,1,3,0,3,0,8,0.40,7,0,1,0,0,0,Matchs
47,Riechedly Bazoer,nl NED,"MT,DF",AZ Alkmaar,25,1996,3.7,9,2.40,3,0,2,0,4,0,3,0.80,1,0,1,0,1,0,Matchs
48,Mads Bech Sørensen,dk DEN,DF,Groningen,23,1999,10.1,6,0.60,4,1,0,1,0,0,0,0.00,0,0,0,0,0,0,Matchs
49,Sven van Beek,nl NED,DF,Heerenveen,28,1994,15.0,13,0.87,11,0,1,0,0,1,1,0.07,1,0,0,0,0,0,Matchs
50,Mike van Beijnen,nl NED,DF,Fortuna Sittard,23,1999,0.1,1,10.00,1,0,0,0,0,0,0,0.00,0,0,0,0,0,0,Matchs
Clt,Joueur,Nation,Pos,Équipe,Âge,Naissance,90,AMT,AMT90,PassLive,PassDead,TO,Tirs,Ftp,Déf,AMB,AMB90,PassLive,PassDead,TO,Tirs,Ftp,Déf,Matchs
51,Jan Bekkema,nl NED,GB,Heerenveen,26,1996,0.0,0,0.00,0,0,0,0,0,0,0,0.00,0,0,0,0,0,0,Matchs
52,Iliass Bel Hassani,ma MAR,"MT,AT",RKC Waalwijk,29,1992,14.9,70,4.71,51,8,5,3,1,2,7,0.47,6,1,0,0,0,0,Matchs
53,Benaissa Benamar,ma MAR,"DF,MT",Volendam,25,1997,22.8,21,0.92,18,0,1,0,0,2,3,0.13,3,0,0,0,0,0,Matchs
54,Mimeirhel Benita,nl NED,DF,Feyenoord,18,2003,0.6,1,1.76,0,0,0,0,0,1,0,0.00,0,0,0,0,0,0,Matchs
55,Walter Benítez,ar ARG,GB,PSV Eindhoven,29,1993,30.0,3,0.10,2,1,0,0,0,0,0,0.00,0,0,0,0,0,0,Matchs
56,Martijn Berden,nl NED,"AT,MT",Go Ahead Eag,25,1997,0.9,2,2.17,2,0,0,0,0,0,1,01.08,1,0,0,0,0,0,Matchs
57,Thom van Bergen,nl NED,"AT,DF",Groningen,18,2004,4.1,6,1.47,3,0,0,2,1,0,0,0.00,0,0,0,0,0,0,Matchs
58,Steven Berghuis,nl NED,"MT,AT",Ajax,30,1991,23.3,116,4.98,88,17,1,8,1,1,22,0.94,16,1,1,4,0,0,Matchs
59,Leon Bergsma,nl NED,DF,Cambuur,25,1997,20.4,13,0.64,12,1,0,0,0,0,0,0.00,0,0,0,0,0,0,Matchs
60,Steven Bergwijn,nl NED,"AT,MT",Ajax,24,1997,26.0,122,4.69,90,7,7,13,4,1,12,0.46,8,0,2,1,1,0,Matchs
61,Lucas Bernadou,fr FRA,MT,Emmen,21,2000,21.0,45,2.15,38,0,4,2,0,1,8,0.38,6,0,2,0,0,0,Matchs
62,Matúš Bero,sk SVK,"MT,AT",Vitesse,26,1995,30.5,87,2.85,63,2,2,12,8,0,8,0.26,4,0,1,3,0,0,Matchs
63,Vicente Besuijen,nl NED,"AT,MT",Excelsior,21,2001,0.7,0,0.00,0,0,0,0,0,0,0,0.00,0,0,0,0,0,0,Matchs
64,Sam Beukema,nl NED,DF,AZ Alkmaar,23,1998,24.4,18,0.74,17,0,0,0,0,1,0,0.00,0,0,0,0,0,0,Matchs
65,Bartosz Białek,pl POL,AT,Vitesse,20,2001,17.0,43,2.53,25,1,4,6,7,0,4,0.23,3,0,0,1,0,0,Matchs
66,Mika Biereth,dk DEN,"AT,MT",RKC Waalwijk,19,2003,3.4,7,02.07,6,0,0,1,0,0,1,0.30,1,0,0,0,0,0,Matchs
67,Justin Bijlow,nl NED,GB,Feyenoord,24,1998,25.0,5,0.20,5,0,0,0,0,0,1,0.04,1,0,0,0,0,0,Matchs
68,Kristijan Bistrović,hr CRO,MT,Fortuna Sittard,24,1998,12.8,46,3.58,22,16,5,2,1,0,3,0.23,1,0,2,0,0,0,Matchs
69,Daley Blind,nl NED,DF,Ajax,32,1990,10.5,40,3.82,36,1,0,1,1,1,8,0.76,6,0,0,0,1,1,Matchs
70,Thijmen Blokzijl,nl NED,DF,Groningen,17,2005,13.1,11,0.84,9,0,1,1,0,0,1,0.08,1,0,0,0,0,0,Matchs
71,Jordi Blom,nl NED,AT,Volendam,20,2002,0.5,0,0.00,0,0,0,0,0,0,0,0.00,0,0,0,0,0,0,Matchs
72,Xander Blomme,be BEL,MT,Go Ahead Eag,20,2002,4.2,2,0.48,2,0,0,0,0,0,0,0.00,0,0,0,0,0,0,Matchs
73,Paweł Bochniewicz,pl POL,DF,Heerenveen,26,1996,32.3,21,0.65,19,0,0,1,0,1,3,0.09,3,0,0,0,0,0,Matchs
74,Jan de Boer,nl NED,GB,Groningen,22,2000,2.5,0,0.00,0,0,0,0,0,0,0,0.00,0,0,0,0,0,0,Matchs
75,Tom Boere,nl NED,AT,Cambuur,29,1992,6.8,9,1.31,8,0,0,0,1,0,1,0.15,1,0,0,0,0,0,Matchs
Clt,Joueur,Nation,Pos,Équipe,Âge,Naissance,90,AMT,AMT90,PassLive,PassDead,TO,Tirs,Ftp,Déf,AMB,AMB90,PassLive,PassDead,TO,Tirs,Ftp,Déf,Matchs
76,Taylor Booth,us USA,"AT,MT",Utrecht,21,2001,17.3,52,03.01,33,11,3,4,1,0,6,0.35,3,2,1,0,0,0,Matchs
77,Olivier Boscagli,fr FRA,DF,PSV Eindhoven,24,1997,2.4,4,1.64,4,0,0,0,0,0,2,0.82,2,0,0,0,0,0,Matchs
78,Mohamed Bouchouari,be BEL,DF,Emmen,21,2000,19.3,45,2.33,32,1,0,3,6,3,6,0.31,4,0,0,0,2,0,Matchs
79,Othman Boussaid,be BEL,"AT,MT",Utrecht,22,2000,23.2,86,3.71,60,5,8,8,5,0,12,0.52,6,2,0,2,2,0,Matchs
80,Can Bozdogan,de GER,MT,Utrecht,21,2001,17.3,43,2.48,25,11,3,3,1,0,8,0.46,3,4,0,1,0,0,Matchs
81,Wout Brama,nl NED,MT,Twente,35,1986,2.3,3,1.32,3,0,0,0,0,0,0,0.00,0,0,0,0,0,0,Matchs
82,Mattijs Branderhorst,nl NED,GB,NEC Nijmegen,28,1993,2.0,1,0.50,1,0,0,0,0,0,0,0.00,0,0,0,0,0,0,Matchs
83,Jarrad Branthwaite,eng ENG,DF,PSV Eindhoven,20,2002,22.1,15,0.68,14,0,0,1,0,0,2,0.09,1,0,0,1,0,0,Matchs
84,Myron van Brederode,nl NED,AT,AZ Alkmaar,19,2003,13.3,61,4.58,45,2,6,1,4,3,7,0.53,5,1,0,0,1,0,Matchs
85,Michael Breij,nl NED,"AT,MT",Cambuur,25,1997,16.2,45,2.78,32,6,2,2,2,1,6,0.37,5,1,0,0,0,0,Matchs
86,Joshua Brenet,nl NED,DF,Twente,28,1994,27.9,91,3.26,81,0,6,3,1,0,8,0.29,7,0,1,0,0,0,Matchs
87,Brian Brobbey,nl NED,AT,Ajax,20,2002,18.3,42,2.29,27,0,2,10,3,0,4,0.22,2,0,0,1,1,0,Matchs
88,Ilias Bronkhorst,nl NED,"AT,DF",NEC Nijmegen,25,1997,0.6,0,0.00,0,0,0,0,0,0,0,0.00,0,0,0,0,0,0,Matchs
89,Patrick Brouwer,nl NED,"AT,MT",Sparta R'dam,21,2001,0.0,0,0.00,0,0,0,0,0,0,0,0.00,0,0,0,0,0,0,Matchs
90,Luuk Brouwers,nl NED,MT,Utrecht,24,1998,18.0,33,1.83,31,0,0,1,1,0,2,0.11,2,0,0,0,0,0,Matchs
91,Jordy Bruijn,nl NED,"MT,AT",NEC Nijmegen,26,1996,6.4,22,3.43,17,0,1,3,0,1,2,0.31,2,0,0,0,0,0,Matchs
92,Jeffrey Bruma,nl NED,DF,Heerenveen,30,1991,7.3,11,1.51,9,0,0,0,0,2,0,0.00,0,0,0,0,0,0,Matchs
93,Max Bruns,nl NED,"DF,MT",Twente,19,2002,4.8,4,0.83,3,0,0,1,0,0,1,0.21,1,0,0,0,0,0,Matchs
94,Charles-Andréas Brym,ca CAN,"AT,DF",Sparta R'dam,23,1998,0.1,1,8.18,1,0,0,0,0,0,0,0.00,0,0,0,0,0,0,Matchs
95,Thomas Buitink,nl NED,"AT,DF",Vitesse,22,2000,1.4,6,4.22,5,0,1,0,0,0,0,0.00,0,0,0,0,0,0,Matchs
96,Thomas Buitink,nl NED,"AT,MT",Fortuna Sittard,22,2000,4.1,9,2.18,7,0,1,1,0,0,0,0.00,0,0,0,0,0,0,Matchs
97,Ezequiel Bullaude,ar ARG,"MT,AT",Feyenoord,21,2000,1.7,8,4.71,6,0,0,1,1,0,1,0.59,1,0,0,0,0,0,Matchs
98,Lorenzo Burnet,nl NED,DF,Emmen,31,1991,14.7,17,1.15,14,2,0,0,1,0,0,0.00,0,0,0,0,0,0,Matchs
99,Oskar Buur,dk DEN,"DF,MT",Volendam,24,1998,9.1,16,1.76,14,2,0,0,0,0,2,0.22,1,1,0,0,0,0,Matchs
100,Zico Buurmeester,nl NED,MT,AZ Alkmaar,20,2002,0.7,1,1.45,1,0,0,0,0,0,0,0.00,0,0,0,0,0,0,Matchs
Clt,Joueur,Nation,Pos,Équipe,Âge,Naissance,90,AMT,AMT90,PassLive,PassDead,TO,Tirs,Ftp,Déf,AMB,AMB90,PassLive,PassDead,TO,Tirs,Ftp,Déf,Matchs
101,Gianmarco Cangiano,it ITA,"MT,AT",Fortuna Sittard,20,2001,0.6,2,3.21,2,0,0,0,0,0,0,0.00,0,0,0,0,0,0,Matchs
102,Joel Castro Pereira,pt POR,GB,RKC Waalwijk,26,1996,2.0,0,0.00,0,0,0,0,0,0,0,0.00,0,0,0,0,0,0,Matchs
103,Václav Černý,cz CZE,AT,Twente,24,1997,26.5,153,5.77,107,20,12,10,3,1,14,0.53,9,3,1,1,0,0,Matchs
104,Matěj Chaluš,cz CZE,DF,Groningen,24,1998,4.4,6,1.37,5,0,0,1,0,0,1,0.23,0,0,0,1,0,0,Matchs
105,Jasper Cillessen,nl NED,GB,NEC Nijmegen,33,1989,32.0,4,0.12,4,0,0,0,0,0,2,0.06,2,0,0,0,0,0,Matchs
106,Ibrahim Cissoko,nl NED,AT,NEC Nijmegen,19,2003,9.5,38,3.98,21,0,6,4,7,0,1,0.10,0,0,0,0,1,0,Matchs
107,Jordy Clasie,nl NED,MT,AZ Alkmaar,31,1991,32.2,80,2.49,72,4,2,2,0,0,9,0.28,8,0,1,0,0,0,Matchs
108,Pelle Clement,nl NED,MT,RKC Waalwijk,26,1996,26.3,71,2.70,54,4,5,2,3,3,9,0.34,7,0,1,1,0,0,Matchs
109,Denilho Cleonise,nl NED,AT,Twente,20,2001,2.7,7,2.65,6,0,0,0,1,0,1,0.38,1,0,0,0,0,0,Matchs
110,Antoine Colassin,be BEL,"AT,MT",Heerenveen,21,2001,8.3,26,3.14,19,0,1,4,2,0,1,0.12,0,0,1,0,0,0,Matchs
111,Francisco Conceição,pt POR,"AT,MT",Ajax,19,2002,5.8,20,3.44,16,0,1,1,2,0,4,0.69,4,0,0,0,0,0,Matchs
112,Iñigo Córdoba,es ESP,"AT,MT",Fortuna Sittard,25,1997,25.4,57,2.24,41,1,7,4,4,0,5,0.20,4,0,0,1,0,0,Matchs
113,Enzo Cornelisse,nl NED,DF,Vitesse,19,2003,14.9,8,0.54,6,1,0,1,0,0,1,0.07,0,0,0,1,0,0,Matchs
114,George Cox,eng ENG,DF,Fortuna Sittard,24,1998,23.9,43,1.80,18,21,0,4,0,0,3,0.13,1,1,0,1,0,0,Matchs
115,Vito van Crooy,nl NED,AT,Sparta R'dam,26,1996,31.7,129,04.06,62,53,7,4,3,0,24,0.76,11,9,3,1,0,0,Matchs
116,Lennerd Daneels,be BEL,AT,RKC Waalwijk,24,1998,2.0,7,3.56,5,1,0,0,1,0,0,0.00,0,0,0,0,0,0,Matchs
117,Danilo,br BRA,AT,Feyenoord,23,1999,14.8,44,2.96,32,0,3,3,4,2,5,0.34,4,0,0,1,0,0,Matchs
118,Damil Dankerlui,sr SUR,DF,Groningen,25,1996,8.7,13,1.49,13,0,0,0,0,0,1,0.11,1,0,0,0,0,0,Matchs
119,Oussama Darfalou,dz ALG,"AT,MT",Emmen,28,1993,1.9,7,3.60,4,0,1,2,0,0,2,01.03,1,0,1,0,0,0,Matchs
120,Jeffrey De Lange,nl NED,GB,Go Ahead Eag,24,1998,34.0,8,0.24,6,2,0,0,0,0,1,0.03,0,1,0,0,0,0,Matchs
121,Mats Deijl,nl NED,DF,Go Ahead Eag,25,1997,31.2,52,1.67,40,8,0,1,3,0,5,0.16,5,0,0,0,0,0,Matchs
122,Maxim Dekker,nl NED,DF,AZ Alkmaar,18,2004,9.4,6,0.64,6,0,0,0,0,0,1,0.11,1,0,0,0,0,0,Matchs
123,Mickey van der Hart,nl NED,GB,Emmen,28,1994,25.0,3,0.12,3,0,0,0,0,0,0,0.00,0,0,0,0,0,0,Matchs
124,Mike van der Hoorn,nl NED,DF,Utrecht,29,1992,23.2,29,1.25,21,0,1,5,2,0,4,0.17,3,0,0,1,0,0,Matchs
125,Djevencio van der Kust,sr SUR,DF,Utrecht,21,2001,6.4,15,2.34,13,2,0,0,0,0,1,0.16,1,0,0,0,0,0,Matchs
Clt,Joueur,Nation,Pos,Équipe,Âge,Naissance,90,AMT,AMT90,PassLive,PassDead,TO,Tirs,Ftp,Déf,AMB,AMB90,PassLive,PassDead,TO,Tirs,Ftp,Déf,Matchs
126,Mark van der Maarel,nl NED,DF,Utrecht,32,1989,24.3,25,01.03,20,4,0,1,0,0,3,0.12,3,0,0,0,0,0,Matchs
127,Silvester van der Water,nl NED,"AT,MT",Cambuur,25,1996,13.2,39,2.95,27,5,3,1,2,1,0,0.00,0,0,0,0,0,0,Matchs
128,Anthony Descotte,be BEL,"AT,MT",Utrecht,18,2003,1.2,1,0.84,0,0,0,0,1,0,0,0.00,0,0,0,0,0,0,Matchs
129,Mark Diemers,nl NED,"MT,AT",Emmen,28,1993,30.2,113,3.75,67,27,6,6,6,1,7,0.23,2,4,0,1,0,0,Matchs
130,Mitchell Dijks,nl NED,DF,Vitesse,29,1993,3.3,3,0.90,3,0,0,0,0,0,0,0.00,0,0,0,0,0,0,Matchs
131,Javairô Dilrosun,nl NED,"AT,MT",Feyenoord,24,1998,20.9,84,04.02,64,6,6,3,5,0,9,0.43,9,0,0,0,0,0,Matchs
132,Landry Dimata,be BEL,AT,NEC Nijmegen,24,1997,24.4,60,2.45,42,0,3,5,9,1,5,0.20,5,0,0,0,0,0,Matchs
133,Julius Dirksen,nl NED,DF,Emmen,19,2003,15.6,26,1.66,23,0,0,2,0,1,1,0.06,1,0,0,0,0,0,Matchs
134,Toni Domgjoni,xk KVX,MT,Vitesse,23,1998,3.3,2,0.60,1,0,0,1,0,0,0,0.00,0,0,0,0,0,0,Matchs
135,Jacky Donkor,be BEL,"AT,MT",Excelsior,23,1998,0.7,2,2.69,1,0,1,0,0,0,0,0.00,0,0,0,0,0,0,Matchs
136,Bas Dost,nl NED,AT,Utrecht,33,1989,15.0,44,2.93,38,1,1,3,1,0,5,0.33,3,0,1,1,0,0,Matchs
137,Achraf Douiri,nl NED,"DF,AT",Volendam,22,1999,4.2,7,1.64,6,0,0,1,0,0,1,0.23,1,0,0,0,0,0,Matchs
138,Anastasios Douvikas,gr GRE,AT,Utrecht,22,1999,23.8,49,02.06,31,0,5,6,6,1,5,0.21,2,0,2,1,0,0,Matchs
139,Couhaib Driouech,ma MAR,"AT,MT",Excelsior,20,2002,26.0,52,2.00,40,0,3,8,1,0,6,0.23,5,0,0,1,0,0,Matchs
140,Joel Drommel,nl NED,GB,PSV Eindhoven,25,1996,4.0,1,0.25,1,0,0,0,0,0,0,0.00,0,0,0,0,0,0,Matchs
141,Deroy Duarte,cv CPV,MT,Fortuna Sittard,23,1999,15.9,27,1.69,26,0,0,0,1,0,1,0.06,1,0,0,0,0,0,Matchs
142,Laros Duarte,cv CPV,MT,Groningen,25,1997,20.0,46,2.29,30,8,1,2,4,1,3,0.15,1,1,0,1,0,0,Matchs
143,Mikkel Duelund,dk DEN,"MT,AT",NEC Nijmegen,25,1997,10.3,28,2.71,20,0,1,2,5,0,2,0.19,2,0,0,0,0,0,Matchs
144,Billy van Duijl,nl NED,DF,Volendam,16,2005,1.7,3,1.81,3,0,0,0,0,0,0,0.00,0,0,0,0,0,0,Matchs
145,Mike van Duinen,nl NED,"AT,MT",Excelsior,30,1991,11.1,11,0.99,7,0,0,2,2,0,0,0.00,0,0,0,0,0,0,Matchs
146,Jorge Eduardo Sánchez,mx MEX,DF,Ajax,24,1997,12.3,23,1.87,19,1,2,1,0,0,4,0.32,4,0,0,0,0,0,Matchs
147,Oliver Edvardsen,no NOR,"AT,MT",Go Ahead Eag,23,1999,22.6,57,2.53,36,1,4,6,10,0,8,0.35,2,1,1,2,2,0,Matchs
148,Mike Eerdhuijzen,nl NED,DF,Sparta R'dam,22,2000,13.1,19,1.44,15,0,0,2,1,1,4,0.30,3,0,0,1,0,0,Matchs
149,Joshua Eijgenraam,nl NED,MT,Excelsior,21,2001,6.6,6,0.90,4,0,1,1,0,0,1,0.15,1,0,0,0,0,0,Matchs
150,Carel Eiting,nl NED,MT,Volendam,24,1998,33.7,134,3.98,73,52,5,1,1,2,14,0.42,3,10,1,0,0,0,Matchs
Clt,Joueur,Nation,Pos,Équipe,Âge,Naissance,90,AMT,AMT90,PassLive,PassDead,TO,Tirs,Ftp,Déf,AMB,AMB90,PassLive,PassDead,TO,Tirs,Ftp,Déf,Matchs
151,Úmaro Embaló,pt POR,"AT,MT",Fortuna Sittard,21,2001,16.3,36,2.20,23,1,5,3,3,1,4,0.24,2,1,1,0,0,0,Matchs
152,Mario Engels,de GER,"AT,DF",Sparta R'dam,28,1993,0.6,3,5.19,2,0,0,0,1,0,2,3.46,1,0,0,0,1,0,Matchs
153,Doğan Erdoğan,tr TUR,"MT,DF",Fortuna Sittard,25,1996,18.8,21,1.11,21,0,0,0,0,0,1,0.05,1,0,0,0,0,0,Matchs
154,Luca Everink,nl NED,"DF,AT",Twente,21,2001,0.6,2,3.21,2,0,0,0,0,0,0,0.00,0,0,0,0,0,0,Matchs
155,Håkon Evjen,no NOR,AT,AZ Alkmaar,22,2000,5.7,22,3.87,15,5,0,1,0,1,3,0.53,3,0,0,0,0,0,Matchs
156,Milan van Ewijk,nl NED,DF,Heerenveen,21,2000,34.0,70,02.06,47,10,2,5,4,2,6,0.18,3,2,1,0,0,0,Matchs
157,Raphaël Eyongo,nl NED,"AT,MT",Excelsior,19,2003,0.9,1,01.08,1,0,0,0,0,0,0,0.00,0,0,0,0,0,0,Matchs
158,Andri Fannar Baldursson,is ISL,MT,NEC Nijmegen,20,2002,2.4,2,0.85,2,0,0,0,0,0,0,0.00,0,0,0,0,0,0,Matchs
159,Adrian Fein,de GER,MT,Excelsior,23,1999,8.1,9,1.11,9,0,0,0,0,0,0,0.00,0,0,0,0,0,0,Matchs
160,Kevin Felida,cw CUW,MT,RKC Waalwijk,22,1999,0.8,1,1.22,1,0,0,0,0,0,0,0.00,0,0,0,0,0,0,Matchs
161,Arianit Ferati,xk KVX,MT,Fortuna Sittard,24,1997,16.4,40,2.44,33,1,2,1,2,1,4,0.24,3,0,0,0,1,0,Matchs
162,Derensili Fernandes,nl NED,"AT,DF",Utrecht,21,2001,0.5,1,1.87,1,0,0,0,0,0,0,0.00,0,0,0,0,0,0,Matchs
163,Rashaan Fernandes,nl NED,"MT,AT",Go Ahead Eag,23,1998,8.0,32,04.01,25,3,1,1,1,1,6,0.75,5,1,0,0,0,0,Matchs
164,Kian Fitz-Jim,nl NED,"MT,DF",Ajax,19,2003,0.2,4,21.18,4,0,0,0,0,0,0,0.00,0,0,0,0,0,0,Matchs
165,Ryan Flamingo,nl NED,"DF,MT",Vitesse,19,2002,29.8,37,1.24,29,0,0,5,2,1,1,0.03,1,0,0,0,0,0,Matchs
166,Josh Flint,eng ENG,DF,Volendam,21,2000,7.8,5,0.64,5,0,0,0,0,0,1,0.13,1,0,0,0,0,0,Matchs
167,Fodé Fofana,nl NED,AT,PSV Eindhoven,19,2002,0.2,0,0.00,0,0,0,0,0,0,0,0.00,0,0,0,0,0,0,Matchs
168,José Fontán,es ESP,DF,Go Ahead Eag,22,2000,12.3,17,1.38,17,0,0,0,0,0,3,0.24,3,0,0,0,0,0,Matchs
169,Navarone Foor,nl NED,"MT,AT",Cambuur,30,1992,13.8,51,3.69,32,7,5,3,3,1,4,0.29,4,0,0,0,0,0,Matchs
170,Juriën Gaari,cw CUW,DF,RKC Waalwijk,28,1993,32.4,37,1.14,34,0,1,0,1,1,1,0.03,1,0,0,0,0,0,Matchs
171,Cody Gakpo,nl NED,AT,PSV Eindhoven,23,1999,12.5,101,8.10,39,34,9,11,8,0,17,1.36,10,4,2,1,0,0,Matchs
172,Stijn van Gassel,nl NED,GB,Excelsior,25,1996,33.7,5,0.15,5,0,0,0,0,0,0,0.00,0,0,0,0,0,0,Matchs
173,Lutsharel Geertruida,nl NED,"DF,MT",Feyenoord,22,2000,28.6,66,2.31,60,2,1,1,2,0,7,0.25,6,0,1,0,0,0,Matchs
174,Liam van Gelderen,nl NED,"DF,MT",Groningen,21,2001,11.9,18,1.52,13,0,1,2,1,1,1,0.08,1,0,0,0,0,0,Matchs
175,Anwar El Ghazi,nl NED,AT,PSV Eindhoven,27,1995,13.1,30,2.28,14,6,1,3,5,1,0,0.00,0,0,0,0,0,0,Matchs
Clt,Joueur,Nation,Pos,Équipe,Âge,Naissance,90,AMT,AMT90,PassLive,PassDead,TO,Tirs,Ftp,Déf,AMB,AMB90,PassLive,PassDead,TO,Tirs,Ftp,Déf,Matchs
176,Santiago Giménez,mx MEX,AT,Feyenoord,21,2001,21.4,47,2.20,30,0,4,4,9,0,7,0.33,3,0,1,1,2,0,Matchs
177,Marco van Ginkel,nl NED,MT,Vitesse,29,1992,11.9,20,1.68,19,0,0,0,1,0,3,0.25,2,0,0,0,1,0,Matchs
178,Marco van Ginkel,nl NED,DF,PSV Eindhoven,29,1992,0.1,0,0.00,0,0,0,0,0,0,0,0.00,0,0,0,0,0,0,Matchs
179,Paul Gladon,nl NED,"AT,MT",Fortuna Sittard,30,1992,15.4,35,2.26,21,0,0,8,6,0,4,0.26,2,0,0,1,1,0,Matchs
180,Mika Godts,be BEL,AT,Ajax,17,2005,0.2,3,16.88,2,0,0,1,0,0,1,5.63,1,0,0,0,0,0,Matchs
181,Wouter Goes,nl NED,DF,AZ Alkmaar,18,2004,7.3,6,0.82,5,0,0,0,0,1,0,0.00,0,0,0,0,0,0,Matchs
182,Kenzo Goudmijn,nl NED,MT,Excelsior,20,2001,31.2,72,2.31,54,0,2,5,9,2,8,0.26,5,0,0,1,1,1,Matchs
183,Florian Grillitsch,at AUT,"MT,DF",Ajax,26,1995,4.7,13,2.77,12,1,0,0,0,0,1,0.21,1,0,0,0,0,0,Matchs
184,Metehan Güçlü,tr TUR,AT,Emmen,23,1999,0.1,0,0.00,0,0,0,0,0,0,0,0.00,0,0,0,0,0,0,Matchs
185,Rodrigo Guth,br BRA,DF,Fortuna Sittard,21,2000,33.4,22,0.66,19,0,1,1,0,1,0,0.00,0,0,0,0,0,0,Matchs
186,Erick Gutiérrez,mx MEX,MT,PSV Eindhoven,27,1995,16.2,28,1.72,27,0,0,1,0,0,3,0.18,2,0,0,1,0,0,Matchs
187,Jonathan de Guzmán,nl NED,MT,Sparta R'dam,34,1987,15.5,34,2.19,30,2,0,1,1,0,3,0.19,3,0,0,0,0,0,Matchs
188,Tomáš Hájek,,"DF,AT",Vitesse,30,1991,1.9,2,01.06,1,0,0,1,0,0,0,0.00,0,0,0,0,0,0,Matchs
189,Rami Al Hajj,se SWE,"MT,AT",Heerenveen,20,2001,7.6,38,4.96,27,2,4,2,3,0,3,0.39,2,1,0,0,0,0,Matchs
190,Tibor Halilović,hr CRO,MT,Heerenveen,27,1995,7.6,16,2.11,12,0,0,2,1,1,0,0.00,0,0,0,0,0,0,Matchs
191,Dávid Hancko,sk SVK,DF,Feyenoord,24,1997,30.5,65,2.13,52,2,2,6,3,0,6,0.20,3,0,0,3,0,0,Matchs
192,Jeff Hardeveld,nl NED,DF,Emmen,27,1995,3.9,8,02.03,3,1,1,2,0,1,2,0.51,1,0,0,1,0,0,Matchs
193,Quilindschy Hartman,nl NED,DF,Feyenoord,20,2001,18.5,45,2.43,42,2,0,0,0,1,7,0.38,6,0,0,0,0,1,Matchs
194,Jorrel Hato,nl NED,DF,Ajax,16,2006,6.8,16,2.36,13,1,1,1,0,0,1,0.15,1,0,0,0,0,0,Matchs
195,Pantelis Hatzidiakos,gr GRE,DF,AZ Alkmaar,25,1997,30.9,47,1.52,44,2,0,0,0,1,7,0.23,6,0,0,0,0,1,Matchs
196,Thom Haye,id IDN,MT,Heerenveen,27,1995,30.2,99,3.28,59,33,1,4,0,2,6,0.20,5,1,0,0,0,0,Matchs
197,Thorgan Hazard,be BEL,"AT,MT",PSV Eindhoven,29,1993,2.7,9,3.32,8,1,0,0,0,0,0,0.00,0,0,0,0,0,0,Matchs
198,Ramon Hendriks,nl NED,DF,Utrecht,21,2001,3.3,6,1.81,4,0,2,0,0,0,0,0.00,0,0,0,0,0,0,Matchs
199,Sam Hendriks,nl NED,MT,Cambuur,27,1995,0.1,0,0.00,0,0,0,0,0,0,0,0.00,0,0,0,0,0,0,Matchs
200,Michaël Heylen,be BEL,"DF,MT",Emmen,28,1994,3.7,3,0.81,3,0,0,0,0,0,0,0.00,0,0,0,0,0,0,Matchs
Clt,Joueur,Nation,Pos,Équipe,Âge,Naissance,90,AMT,AMT90,PassLive,PassDead,TO,Tirs,Ftp,Déf,AMB,AMB90,PassLive,PassDead,TO,Tirs,Ftp,Déf,Matchs
201,Mees Hilgers,nl NED,DF,Twente,21,2001,22.6,20,0.88,18,0,0,2,0,0,2,0.09,2,0,0,0,0,0,Matchs
202,Mees Hoedemakers,nl NED,MT,Cambuur,24,1998,24.0,54,2.26,43,7,0,2,0,2,3,0.13,3,0,0,0,0,0,Matchs
203,Danny Hoesen,nl NED,AT,Emmen,31,1991,1.2,1,0.85,1,0,0,0,0,0,0,0.00,0,0,0,0,0,0,Matchs
204,Ki-Jana Hoever,nl NED,DF,PSV Eindhoven,20,2002,2.3,9,3.82,7,0,2,0,0,0,2,0.85,2,0,0,0,0,0,Matchs
205,Elias Hoff Melkersen,no NOR,AT,Sparta R'dam,19,2002,0.1,1,8.18,1,0,0,0,0,0,0,0.00,0,0,0,0,0,0,Matchs
206,Sydney van Hooijdonk,nl NED,AT,Heerenveen,22,2000,28.9,58,2.00,42,1,2,7,6,0,3,0.10,3,0,0,0,0,0,Matchs
207,Siebe Horemans,be BEL,DF,Excelsior,24,1998,32.4,56,1.73,46,3,1,4,2,0,6,0.19,2,1,0,1,2,0,Matchs
208,Jeroen Houwen,nl NED,GB,Vitesse,26,1996,2.2,1,0.46,1,0,0,0,0,0,0,0.00,0,0,0,0,0,0,Matchs
209,Johan Hove,no NOR,MT,Groningen,21,2000,16.3,45,2.76,36,6,2,1,0,0,3,0.18,3,0,0,0,0,0,Matchs
210,Daan Huisman,nl NED,MT,Vitesse,20,2002,0.4,0,0.00,0,0,0,0,0,0,0,0.00,0,0,0,0,0,0,Matchs
211,Oussama Idrissi,ma MAR,AT,Feyenoord,26,1996,15.9,96,06.05,70,9,10,4,1,2,11,0.69,9,1,1,0,0,0,Matchs
212,Jay Idzes,id IDN,"DF,MT",Go Ahead Eag,22,2000,31.7,24,0.76,22,0,0,2,0,0,2,0.06,1,0,0,1,0,0,Matchs
213,Daleho Irandust,sy SYR,"AT,MT",Groningen,24,1998,8.3,26,3.14,17,0,2,2,3,2,4,0.48,4,0,0,0,0,0,Matchs
214,Nicolas Isimat-Mirin,fr FRA,DF,Vitesse,30,1991,12.7,15,1.18,13,0,0,2,0,0,3,0.24,3,0,0,0,0,0,Matchs
215,Jamie Jacobs,nl NED,MT,Cambuur,24,1997,16.7,43,2.57,30,2,3,4,1,3,4,0.24,1,0,1,1,0,1,Matchs
216,Alireza Jahanbakhsh,ir IRN,AT,Feyenoord,28,1993,13.6,85,6.27,65,3,5,7,4,1,10,0.74,9,0,1,0,0,0,Matchs
217,Dean James,nl NED,DF,Volendam,22,2000,4.8,7,1.46,7,0,0,0,0,0,0,0.00,0,0,0,0,0,0,Matchs
218,Roel Janssen,nl NED,DF,Fortuna Sittard,32,1990,0.7,0,0.00,0,0,0,0,0,0,0,0.00,0,0,0,0,0,0,Matchs
219,Victor Jensen,dk DEN,"AT,MT",Utrecht,22,2000,5.4,9,1.68,7,0,0,1,1,0,3,0.56,2,0,0,1,0,0,Matchs
220,Bjørn Johnsen,no NOR,AT,Cambuur,30,1991,9.7,14,1.44,12,1,0,1,0,0,0,0.00,0,0,0,0,0,0,Matchs
221,Darius Johnson,gd GRN,"AT,MT",Volendam,22,2000,0.1,1,6.92,1,0,0,0,0,0,0,0.00,0,0,0,0,0,0,Matchs
222,Miliano Jonathans,nl NED,"AT,MT",Vitesse,18,2004,1.5,19,12.95,15,0,1,3,0,0,0,0.00,0,0,0,0,0,0,Matchs
223,Fedde de Jong,nl NED,DF,AZ Alkmaar,19,2003,0.8,1,1.20,1,0,0,0,0,0,0,0.00,0,0,0,0,0,0,Matchs
224,Luuk de Jong,nl NED,AT,PSV Eindhoven,31,1990,19.4,50,2.58,41,1,0,4,3,1,8,0.41,6,0,0,2,0,0,Matchs
225,Patrick Joosten,nl NED,AT,Groningen,26,1996,0.3,0,0.00,0,0,0,0,0,0,0,0.00,0,0,0,0,0,0,Matchs
Clt,Joueur,Nation,Pos,Équipe,Âge,Naissance,90,AMT,AMT90,PassLive,PassDead,TO,Tirs,Ftp,Déf,AMB,AMB90,PassLive,PassDead,TO,Tirs,Ftp,Déf,Matchs
226,Florian Jozefzoon,sr SUR,"AT,MT",RKC Waalwijk,31,1991,10.4,28,2.68,14,3,7,1,1,2,7,0.67,3,1,2,0,1,0,Matchs
227,Mauro Júnior,br BRA,"DF,MT",PSV Eindhoven,23,1999,3.0,12,3.97,11,0,1,0,0,0,2,0.66,1,0,1,0,0,0,Matchs
228,Daniël van Kaam,nl NED,MT,Cambuur,22,2000,25.6,43,1.68,39,0,1,3,0,0,2,0.08,2,0,0,0,0,0,Matchs
229,Ibrahim El Kadiri,nl NED,"AT,MT",Volendam,20,2002,8.5,40,4.69,28,6,4,2,0,0,4,0.47,4,0,0,0,0,0,Matchs
230,Rami Kaib,tn TUN,"DF,AT",Heerenveen,25,1997,6.5,15,2.32,9,3,1,1,1,0,1,0.15,0,1,0,0,0,0,Matchs
231,Yahya Kalley,se SWE,"DF,MT",Groningen,21,2001,1.4,3,02.08,1,0,0,0,1,1,0,0.00,0,0,0,0,0,0,Matchs
232,Daniel Karlsbakk,no NOR,"AT,MT",Heerenveen,19,2003,2.0,5,2.53,2,0,1,1,1,0,0,0.00,0,0,0,0,0,0,Matchs
233,Jesper Karlsson,se SWE,AT,AZ Alkmaar,24,1998,19.7,78,3.95,62,10,4,2,0,0,9,0.46,7,1,0,1,0,0,Matchs
234,Souffian El Karouani,ma MAR,DF,NEC Nijmegen,21,2000,32.1,65,02.03,49,2,8,5,1,0,3,0.09,3,0,0,0,0,0,Matchs
235,Neraysho Kasanwirjo,nl NED,"DF,MT",Groningen,20,2002,13.7,20,1.47,19,0,0,0,0,1,3,0.22,3,0,0,0,0,0,Matchs
236,Neraysho Kasanwirjo,nl NED,DF,Feyenoord,20,2002,1.6,5,3.12,5,0,0,0,0,0,1,0.62,1,0,0,0,0,0,Matchs
237,Fabian de Keijzer,nl NED,GB,Utrecht,22,2000,2.0,0,0.00,0,0,0,0,0,0,0,0.00,0,0,0,0,0,0,Matchs
238,Milos Kerkez,hu HUN,DF,AZ Alkmaar,18,2003,29.7,72,2.43,54,2,5,3,5,3,3,0.10,2,0,1,0,0,0,Matchs
239,Reda Kharchouch,nl NED,AT,Excelsior,26,1995,13.7,27,1.97,23,0,1,3,0,0,2,0.15,2,0,0,0,0,0,Matchs
240,Maikel Kieftenbeld,nl NED,MT,Emmen,32,1990,1.0,1,1.00,1,0,0,0,0,0,0,0.00,0,0,0,0,0,0,Matchs
241,Joshua Kitolano,no NOR,MT,Sparta R'dam,20,2001,29.5,66,2.24,48,1,4,7,4,2,5,0.17,2,0,1,2,0,0,Matchs
242,Mathias Kjølø,no NOR,MT,Twente,21,2001,11.2,26,2.33,24,0,0,0,2,0,2,0.18,2,0,0,0,0,0,Matchs
243,Davy Klaassen,nl NED,MT,Ajax,29,1993,22.7,64,2.81,55,0,0,6,2,1,9,0.40,7,0,0,1,1,0,Matchs
244,Sean Klaiber,sr SUR,DF,Utrecht,28,1994,24.8,59,2.38,52,4,2,1,0,0,8,0.32,6,0,1,1,0,0,Matchs
245,Flip Klomp,nl NED,MT,Volendam,20,2001,0.1,0,0.00,0,0,0,0,0,0,0,0.00,0,0,0,0,0,0,Matchs
246,Ruben Kluivert,nl NED,DF,Utrecht,21,2001,4.8,3,0.63,3,0,0,0,0,0,0,0.00,0,0,0,0,0,0,Matchs
247,Mats Köhlert,de GER,DF,Heerenveen,24,1998,29.9,93,3.11,85,3,2,1,2,0,7,0.23,7,0,0,0,0,0,Matchs
248,Orkun Kökçü,tr TUR,MT,Feyenoord,21,2000,30.0,196,6.55,131,43,7,11,4,0,15,0.50,9,1,2,2,1,0,Matchs
249,Peer Koopmeiners,nl NED,"MT,AT",AZ Alkmaar,22,2000,1.1,3,2.70,3,0,0,0,0,0,1,0.90,1,0,0,0,0,0,Matchs
250,Peer Koopmeiners,nl NED,MT,Excelsior,22,2000,16.1,23,1.43,22,1,0,0,0,0,0,0.00,0,0,0,0,0,0,Matchs
Clt,Joueur,Nation,Pos,Équipe,Âge,Naissance,90,AMT,AMT90,PassLive,PassDead,TO,Tirs,Ftp,Déf,AMB,AMB90,PassLive,PassDead,TO,Tirs,Ftp,Déf,Matchs
251,Kacper Kozłowski,pl POL,"MT,AT",Vitesse,18,2003,23.2,80,3.45,53,6,4,4,9,4,11,0.48,6,0,2,0,2,1,Matchs
252,Joris Kramer,nl NED,DF,NEC Nijmegen,25,1996,12.9,12,0.93,11,0,1,0,0,0,2,0.16,2,0,0,0,0,0,Matchs
253,Michiel Kramer,nl NED,AT,RKC Waalwijk,33,1988,22.2,46,02.07,39,1,1,2,2,1,9,0.41,9,0,0,0,0,0,Matchs
254,Florian Krüger,de GER,"AT,MT",Groningen,23,1999,12.4,20,1.62,15,0,1,1,2,1,3,0.24,2,0,0,1,0,0,Matchs
255,Mohammed Kudus,gh GHA,"AT,MT",Ajax,21,2000,19.9,68,3.41,43,1,11,9,4,0,8,0.40,6,0,1,1,0,0,Matchs
256,Roy Kuijpers,nl NED,"AT,MT",RKC Waalwijk,22,2000,4.2,23,5.51,17,0,2,1,3,0,2,0.48,1,0,0,0,1,0,Matchs
257,Bas Kuipers,nl NED,DF,Go Ahead Eag,27,1994,21.2,51,2.41,38,7,0,4,1,1,3,0.14,2,0,0,1,0,0,Matchs
258,Zakaria Labyad,ma MAR,"AT,MT",Utrecht,29,1993,2.8,8,2.90,7,1,0,0,0,0,0,0.00,0,0,0,0,0,0,Matchs
259,Mayckel Lahdo,se SWE,AT,AZ Alkmaar,19,2002,6.2,20,3.21,15,0,3,1,0,1,3,0.48,2,0,1,0,0,0,Matchs
260,Lazaros Lamprou,gr GRE,"AT,MT",Excelsior,24,1997,16.4,46,2.81,24,8,7,1,5,1,2,0.12,1,1,0,0,0,0,Matchs
261,Maurilio de Lannoy,nl NED,DF,Emmen,18,2003,0.2,0,0.00,0,0,0,0,0,0,0,0.00,0,0,0,0,0,0,Matchs
262,Terry Lartey Sanniez,nl NED,"DF,AT",NEC Nijmegen,25,1996,1.7,0,0.00,0,0,0,0,0,0,0,0.00,0,0,0,0,0,0,Matchs
263,Tobias Lauritsen,no NOR,AT,Sparta R'dam,24,1997,32.8,77,2.35,51,0,7,7,12,0,11,0.34,9,0,1,0,1,0,Matchs
264,Barry Lauwers,nl NED,GB,Volendam,22,1999,1.0,0,0.00,0,0,0,0,0,0,0,0.00,0,0,0,0,0,0,Matchs
265,Richy Ledezma,us USA,MT,PSV Eindhoven,21,2000,1.5,3,02.03,2,0,1,0,0,0,0,0.00,0,0,0,0,0,0,Matchs
266,Peter Leeuwenburgh,nl NED,GB,Groningen,28,1994,7.5,2,0.27,1,1,0,0,0,0,0,0.00,0,0,0,0,0,0,Matchs
267,Julian Lelieveld,nl NED,DF,RKC Waalwijk,24,1997,29.2,61,02.09,56,1,0,2,2,0,9,0.31,7,1,0,0,1,0,Matchs
268,Isac Lidberg,se SWE,AT,Go Ahead Eag,23,1998,30.7,68,2.22,49,0,4,11,4,0,14,0.46,8,0,1,4,1,0,Matchs
269,Evert Linthorst,nl NED,MT,Go Ahead Eag,22,2000,16.1,33,02.05,28,0,0,1,0,4,5,0.31,4,0,0,0,0,1,Matchs
270,Enric Llansana,nl NED,MT,Go Ahead Eag,21,2001,12.5,26,02.08,23,0,3,0,0,0,1,0.08,1,0,0,0,0,0,Matchs
271,Julen Lobete,es ESP,"AT,MT",RKC Waalwijk,21,2000,14.8,42,2.85,29,0,1,4,7,1,8,0.54,6,0,0,1,1,0,Matchs
272,Chris Lokesa,be BEL,MT,RKC Waalwijk,17,2004,0.1,1,9.00,1,0,0,0,0,0,0,0.00,0,0,0,0,0,0,Matchs
273,Jason Lokilo,be BEL,AT,Sparta R'dam,23,1998,3.0,8,2.66,7,0,0,0,1,0,0,0.00,0,0,0,0,0,0,Matchs
274,Marcos López,pe PER,DF,Feyenoord,22,1999,8.9,25,2.82,19,2,0,1,1,2,1,0.11,1,0,0,0,0,0,Matchs
275,Albert Lottin,fr FRA,MT,Utrecht,20,2001,0.2,1,5.63,1,0,0,0,0,0,0,0.00,0,0,0,0,0,0,Matchs
Clt,Joueur,Nation,Pos,Équipe,Âge,Naissance,90,AMT,AMT90,PassLive,PassDead,TO,Tirs,Ftp,Déf,AMB,AMB90,PassLive,PassDead,TO,Tirs,Ftp,Déf,Matchs
276,Dano Lourens,nl NED,MT,Sparta R'dam,18,2004,0.0,0,0.00,0,0,0,0,0,0,0,0.00,0,0,0,0,0,0,Matchs
277,Lorenzo Lucca,it ITA,"AT,MT",Ajax,21,2000,1.7,4,2.37,3,0,0,1,0,0,0,0.00,0,0,0,0,0,0,Matchs
278,Ramon Lundqvist,se SWE,MT,Groningen,25,1997,3.8,16,4.21,13,0,0,2,1,0,1,0.26,1,0,0,0,0,0,Matchs
279,Thierry Lutonda,be BEL,DF,RKC Waalwijk,21,2000,27.8,37,1.33,32,0,1,1,3,0,4,0.14,4,0,0,0,0,0,Matchs
280,Arnaud Luzayadio,fr FRA,AT,Emmen,23,1999,0.5,0,0.00,0,0,0,0,0,0,0,0.00,0,0,0,0,0,0,Matchs
281,Isak Määttä,no NOR,"DF,AT",Groningen,20,2001,29.9,50,1.67,36,1,5,5,2,1,3,0.10,2,0,0,1,0,0,Matchs
282,Calvin Mac-Intosch,sr SUR,DF,Cambuur,32,1989,7.6,4,0.53,3,0,1,0,0,0,0,0.00,0,0,0,0,0,0,Matchs
283,Noni Madueke,eng ENG,"AT,MT",PSV Eindhoven,20,2002,3.1,31,9.96,26,0,3,1,1,0,3,0.96,3,0,0,0,0,0,Matchs
284,Naoki Maeda,jp JPN,AT,Utrecht,27,1994,2.9,10,3.38,6,0,2,2,0,0,2,0.68,1,0,0,1,0,0,Matchs
285,Lisandro Magallán,ar ARG,DF,Ajax,28,1993,0.2,0,0.00,0,0,0,0,0,0,0,0.00,0,0,0,0,0,0,Matchs
286,Mimoun Mahi,ma MAR,"MT,AT",Utrecht,28,1994,0.4,0,0.00,0,0,0,0,0,0,0,0.00,0,0,0,0,0,0,Matchs
287,Mimoun Mahi,ma MAR,"AT,MT",Cambuur,28,1994,5.9,20,3.42,14,4,0,1,1,0,3,0.51,3,0,0,0,0,0,Matchs
288,Felix Mambimbi,ch SUI,"AT,MT",Cambuur,21,2001,3.3,8,2.39,5,1,1,0,1,0,1,0.30,1,0,0,0,0,0,Matchs
289,Million Manhoef,nl NED,"AT,MT",Vitesse,20,2002,25.8,97,3.76,61,2,18,11,5,0,10,0.39,7,0,1,2,0,0,Matchs
290,Elvis Manu,nl NED,AT,Groningen,28,1993,6.8,22,3.25,13,1,4,2,1,1,1,0.15,1,0,0,0,0,0,Matchs
291,Jahnoah Markelo,nl NED,"MT,AT",Go Ahead Eag,19,2003,1.1,3,2.81,3,0,0,0,0,0,0,0.00,0,0,0,0,0,0,Matchs
292,Nathan Markelo,cw CUW,"DF,MT",Excelsior,23,1999,4.1,4,0.97,4,0,0,0,0,0,0,0.00,0,0,0,0,0,0,Matchs
293,Pedro David Rosendo Marques,pt POR,"AT,MT",NEC Nijmegen,24,1998,9.1,26,2.86,17,0,2,2,5,0,7,0.77,4,0,1,0,2,0,Matchs
294,Iván Márquez,es ESP,DF,NEC Nijmegen,28,1994,30.4,27,0.89,21,0,0,3,2,1,4,0.13,3,0,0,1,0,0,Matchs
295,Bruno Martins Indi,nl NED,DF,AZ Alkmaar,30,1992,3.5,3,0.86,3,0,0,0,0,0,0,0.00,0,0,0,0,0,0,Matchs
296,Federico Mattiello,it ITA,"DF,MT",Go Ahead Eag,27,1995,1.1,4,3.71,3,0,0,0,1,0,1,0.93,0,0,0,0,1,0,Matchs
297,Magnus Mattsson,dk DEN,"AT,MT",NEC Nijmegen,23,1999,20.0,64,3.20,43,0,7,6,6,2,6,0.30,3,0,1,1,1,0,Matchs
298,Robin Maulun,fr FRA,"MT,AT",Cambuur,25,1996,3.9,24,6.21,20,1,2,0,1,0,1,0.26,1,0,0,0,0,0,Matchs
299,Philipp Max,de GER,DF,PSV Eindhoven,28,1993,11.3,32,2.83,28,2,1,1,0,0,3,0.27,2,0,0,1,0,0,Matchs
300,Xavier Mbuyamba,nl NED,DF,Volendam,20,2001,27.8,26,0.94,24,0,0,1,1,0,3,0.11,3,0,0,0,0,0,Matchs
Clt,Joueur,Nation,Pos,Équipe,Âge,Naissance,90,AMT,AMT90,PassLive,PassDead,TO,Tirs,Ftp,Déf,AMB,AMB90,PassLive,PassDead,TO,Tirs,Ftp,Déf,Matchs
301,Mexx Meerdink,nl NED,"AT,MT",AZ Alkmaar,19,2003,2.0,2,0.99,1,0,0,0,1,0,0,0.00,0,0,0,0,0,0,Matchs
302,Aaron Meijers,nl NED,DF,Sparta R'dam,34,1987,3.3,8,2.44,7,1,0,0,0,0,1,0.31,1,0,0,0,0,0,Matchs
303,Rick Meijssen,nl NED,DF,Sparta R'dam,20,2002,0.5,2,4.29,1,0,0,0,0,1,1,2.14,1,0,0,0,0,0,Matchs
304,Rui Mendes,de GER,"AT,MT",Emmen,22,1999,15.7,56,3.57,46,0,5,2,1,2,3,0.19,3,0,0,0,0,0,Matchs
305,Ahmed El Messaoudi,ma MAR,"MT,AT",Emmen,26,1995,15.6,38,2.43,26,1,6,2,2,1,2,0.13,2,0,0,0,0,0,Matchs
306,Melle Meulensteen,nl NED,"MT,DF",Vitesse,23,1999,30.0,65,2.17,55,1,1,6,1,1,6,0.20,5,0,0,1,0,0,Matchs
307,Daryl van Mieghem,nl NED,"AT,MT",Volendam,32,1989,20.9,53,2.54,39,4,5,4,1,0,6,0.29,2,1,2,0,1,0,Matchs
308,Djordje Mihailovic,us USA,"MT,AT",AZ Alkmaar,23,1998,6.0,20,3.35,17,1,0,2,0,0,2,0.33,2,0,0,0,0,0,Matchs
309,Sven Mijnans,nl NED,"MT,AT",Sparta R'dam,22,2000,16.4,43,2.62,32,2,1,0,4,4,9,0.55,5,1,1,0,1,1,Matchs
310,Sven Mijnans,nl NED,"MT,AT",AZ Alkmaar,22,2000,12.9,41,3.18,32,4,1,2,1,1,4,0.31,3,0,1,0,0,0,Matchs
311,Antoni Milambo,nl NED,MT,Feyenoord,17,2005,0.2,0,0.00,0,0,0,0,0,0,0,0.00,0,0,0,0,0,0,Matchs
312,Brett Minnema,nl NED,GB,Cambuur,20,2002,1.0,0,0.00,0,0,0,0,0,0,0,0.00,0,0,0,0,0,0,Matchs
313,Damon Mirani,nl NED,"DF,MT",Volendam,26,1996,29.0,43,1.48,38,0,0,3,2,0,5,0.17,4,0,0,1,0,0,Matchs
314,Virgil Misidjan,sr SUR,AT,Twente,29,1993,24.4,111,4.55,81,4,10,11,5,0,12,0.49,7,1,0,2,2,0,Matchs
315,Xavier Mous,nl NED,GB,Heerenveen,26,1995,16.0,4,0.25,2,2,0,0,0,0,0,0.00,0,0,0,0,0,0,Matchs
316,Robert Mühren,nl NED,"AT,MT",Volendam,33,1989,19.0,44,2.32,37,1,1,5,0,0,2,0.11,1,0,0,1,0,0,Matchs
317,Hans Mulder,nl NED,"MT,DF",RKC Waalwijk,35,1987,0.3,0,0.00,0,0,0,0,0,0,0,0.00,0,0,0,0,0,0,Matchs
318,Jeremy van Mullem,nl NED,MT,Sparta R'dam,23,1999,10.5,7,0.67,6,0,0,0,1,0,1,0.10,0,0,0,0,1,0,Matchs
319,Derry Murkin,eng ENG,DF,Volendam,23,1999,31.8,71,2.23,45,7,7,5,3,4,6,0.19,5,0,0,0,1,0,Matchs
320,Anthony Musaba,nl NED,AT,NEC Nijmegen,21,2000,3.7,13,3.53,10,0,3,0,0,0,0,0.00,0,0,0,0,0,0,Matchs
321,Nordin Musampa,nl NED,DF,Groningen,20,2001,5.6,5,0.90,3,2,0,0,0,0,1,0.18,1,0,0,0,0,0,Matchs
322,Phillipp Mwene,at AUT,DF,PSV Eindhoven,28,1994,18.8,40,2.13,34,0,0,4,1,1,2,0.11,1,0,0,1,0,0,Matchs
323,Younes Namli,dk DEN,"MT,AT",Sparta R'dam,28,1994,16.1,51,3.17,40,3,3,3,2,0,9,0.56,7,0,1,1,0,0,Matchs
324,Gerrit Nauber,de GER,DF,Go Ahead Eag,30,1992,12.5,9,0.72,5,0,0,4,0,0,0,0.00,0,0,0,0,0,0,Matchs
325,Noah Naujoks,nl NED,"MT,AT",Excelsior,20,2002,4.4,11,2.51,8,0,1,0,2,0,0,0.00,0,0,0,0,0,0,Matchs
Clt,Joueur,Nation,Pos,Équipe,Âge,Naissance,90,AMT,AMT90,PassLive,PassDead,TO,Tirs,Ftp,Déf,AMB,AMB90,PassLive,PassDead,TO,Tirs,Ftp,Déf,Matchs
326,Noah Naujoks,nl NED,"AT,MT",Feyenoord,20,2002,0.2,1,5.00,1,0,0,0,0,0,0,0.00,0,0,0,0,0,0,Matchs
327,Ximo Navarro,es ESP,DF,Fortuna Sittard,32,1990,13.4,8,0.60,5,0,1,2,0,0,0,0.00,0,0,0,0,0,0,Matchs
328,Imran Nazih,ma MAR,MT,Volendam,16,2006,0.6,3,4.91,3,0,0,0,0,0,0,0.00,0,0,0,0,0,0,Matchs
329,Cyril Ngonge,be BEL,AT,Groningen,22,2000,7.3,25,3.44,16,1,1,3,3,1,4,0.55,2,0,1,1,0,0,Matchs
330,Lars Nieuwpoort,nl NED,DF,RKC Waalwijk,27,1994,5.4,2,0.37,1,0,0,1,0,0,0,0.00,0,0,0,0,0,0,Matchs
331,Sven Nieuwpoort,nl NED,DF,Excelsior,29,1993,18.8,5,0.27,3,0,0,2,0,0,1,0.05,1,0,0,0,0,0,Matchs
332,Andries Noppert,nl NED,GB,Heerenveen,28,1994,18.0,3,0.17,3,0,0,0,0,0,1,0.06,1,0,0,0,0,0,Matchs
333,Tijjani Noslin,nl NED,"AT,MT",Fortuna Sittard,23,1999,17.9,51,2.86,35,0,10,3,3,0,8,0.45,4,0,3,1,0,0,Matchs
334,Ché Nunnely,nl NED,"AT,MT",Heerenveen,23,1999,6.0,19,3.15,15,0,1,2,1,0,1,0.17,0,0,0,1,0,0,Matchs
335,Armando Obispo,nl NED,DF,PSV Eindhoven,23,1999,19.1,18,0.94,13,0,0,4,0,1,3,0.16,3,0,0,0,0,0,Matchs
336,Lucas Ocampos,ar ARG,AT,Ajax,28,1994,1.1,4,3.56,3,0,0,0,1,0,0,0.00,0,0,0,0,0,0,Matchs
337,Jens Odgaard,dk DEN,AT,AZ Alkmaar,23,1999,24.1,78,3.24,47,2,12,9,6,2,10,0.42,7,0,0,3,0,0,Matchs
338,Eric Oelschlägel,de GER,GB,Emmen,26,1995,9.0,0,0.00,0,0,0,0,0,0,0,0.00,0,0,0,0,0,0,Matchs
339,Nick Olij,nl NED,GB,Sparta R'dam,26,1995,32.0,13,0.41,11,2,0,0,0,0,1,0.03,1,0,0,0,0,0,Matchs
340,Simon Olsson,se SWE,"MT,AT",Heerenveen,24,1997,24.0,61,2.54,51,0,5,2,2,1,7,0.29,4,0,1,1,1,0,Matchs
341,Fredrik Oppegard,no NOR,DF,PSV Eindhoven,19,2002,1.7,3,1.71,1,1,0,0,1,0,0,0.00,0,0,0,0,0,0,Matchs
342,Fredrik Oppegard,no NOR,DF,Go Ahead Eag,19,2002,4.4,4,0.91,3,0,1,0,0,0,0,0.00,0,0,0,0,0,0,Matchs
343,Ragnar Oratmangoen,id IDN,"MT,AT",Groningen,24,1998,12.3,32,2.60,31,0,1,0,0,0,3,0.24,3,0,0,0,0,0,Matchs
344,Gaetano Oristanio,it ITA,"MT,AT",Volendam,19,2002,21.6,60,2.78,26,2,10,7,14,1,9,0.42,3,0,1,1,3,1,Matchs
345,Alois Oroz,hr CRO,DF,Vitesse,21,2000,11.3,4,0.35,4,0,0,0,0,0,0,0.00,0,0,0,0,0,0,Matchs
346,Yanick van Osch,nl NED,GB,Fortuna Sittard,25,1997,3.0,2,0.67,1,1,0,0,0,0,1,0.33,0,1,0,0,0,0,Matchs
347,Yassin Oukili,nl NED,MT,RKC Waalwijk,21,2001,20.5,24,1.17,18,0,3,2,0,1,2,0.10,2,0,0,0,0,0,Matchs
348,Bilal Ould-Chikh,ma MAR,"AT,MT",Volendam,25,1997,10.5,34,3.24,21,2,7,3,1,0,1,0.10,0,0,1,0,0,0,Matchs
349,Walid Ould-Chikh,ma MAR,"MT,AT",Volendam,22,1999,7.7,26,3.35,16,0,5,3,0,2,3,0.39,2,0,1,0,0,0,Matchs
350,Sékou Oumar Sylla,gn GUI,DF,Cambuur,23,1999,2.5,6,2.41,6,0,0,0,0,0,0,0.00,0,0,0,0,0,0,Matchs
Clt,Joueur,Nation,Pos,Équipe,Âge,Naissance,90,AMT,AMT90,PassLive,PassDead,TO,Tirs,Ftp,Déf,AMB,AMB90,PassLive,PassDead,TO,Tirs,Ftp,Déf,Matchs
351,Oğuzhan Özyakup,tr TUR,MT,Fortuna Sittard,29,1992,17.5,44,2.52,37,6,0,0,0,1,0,0.00,0,0,0,0,0,0,Matchs
352,Fernando Pacheco Rivas,pe PER,"AT,MT",Emmen,23,1999,0.9,6,6.51,4,0,0,1,1,0,0,0.00,0,0,0,0,0,0,Matchs
353,Igor Paixão,br BRA,AT,Feyenoord,22,2000,14.0,59,4.21,42,1,5,6,4,1,9,0.64,7,0,1,1,0,0,Matchs
354,Ivor Pandur,hr CRO,GB,Fortuna Sittard,22,2000,31.0,11,0.35,5,6,0,0,0,0,0,0.00,0,0,0,0,0,0,Matchs
355,Remko Pasveer,nl NED,GB,Ajax,38,1983,15.0,2,0.13,2,0,0,0,0,0,1,0.07,1,0,0,0,0,0,Matchs
356,Mitchell Paulissen,nl NED,MT,Cambuur,29,1993,21.7,63,2.90,49,6,2,3,1,2,3,0.14,3,0,0,0,0,0,Matchs
357,Vangelis Pavlidis,gr GRE,AT,AZ Alkmaar,23,1998,20.8,71,3.42,53,1,6,6,3,2,13,0.63,8,0,1,3,1,0,Matchs
358,Deron Payne,nl NED,DF,Volendam,19,2002,1.2,0,0.00,0,0,0,0,0,0,0,0.00,0,0,0,0,0,0,Matchs
359,Marcus Pedersen,no NOR,DF,Feyenoord,22,2000,23.5,59,2.51,52,0,5,1,0,1,5,0.21,4,0,1,0,0,0,Matchs
360,Joey Pelupessy,nl NED,MT,Groningen,29,1993,14.8,21,1.42,19,0,1,1,0,0,1,0.07,1,0,0,0,0,0,Matchs
361,Ricardo Pepi,us USA,AT,Groningen,19,2003,27.3,55,02.02,47,1,4,2,0,1,6,0.22,4,0,1,1,0,0,Matchs
362,Vincent Pichel,nl NED,"MT,AT",Cambuur,20,2001,0.8,0,0.00,0,0,0,0,0,0,0,0.00,0,0,0,0,0,0,Matchs
363,Kik Pierie,nl NED,DF,Excelsior,22,2000,6.5,8,1.23,6,0,0,2,0,0,1,0.15,0,0,0,1,0,0,Matchs
364,Ivo Pinto,pt POR,DF,Fortuna Sittard,32,1990,25.7,48,1.87,32,9,3,0,4,0,7,0.27,5,0,1,0,1,0,Matchs
365,Michael Pinto,lu LUX,DF,Sparta R'dam,29,1993,30.7,64,02.08,57,2,4,0,1,0,7,0.23,6,0,1,0,0,0,Matchs
366,Brian Plat,nl NED,DF,Volendam,22,2000,24.4,20,0.82,14,1,1,2,1,1,0,0.00,0,0,0,0,0,0,Matchs
367,Julio Pleguezuelo,es ESP,DF,Twente,25,1997,13.3,17,1.28,13,1,0,2,0,1,0,0.00,0,0,0,0,0,0,Matchs
368,Romano Postema,nl NED,"MT,AT",Groningen,20,2002,0.4,2,5.14,2,0,0,0,0,0,0,0.00,0,0,0,0,0,0,Matchs
369,Dirk Proper,nl NED,MT,NEC Nijmegen,20,2002,30.6,63,02.06,58,0,4,1,0,0,4,0.13,3,0,1,0,0,0,Matchs
370,Davy Pröpper,nl NED,MT,Vitesse,30,1991,1.0,5,4.79,2,3,0,0,0,0,1,0.96,1,0,0,0,0,0,Matchs
371,Robin Pröpper,nl NED,DF,Twente,28,1993,27.5,40,1.45,37,1,0,2,0,0,3,0.11,3,0,0,0,0,0,Matchs
372,Stipe Radić,hr CRO,DF,Fortuna Sittard,22,2000,3.1,2,0.64,1,0,0,0,0,1,0,0.00,0,0,0,0,0,0,Matchs
373,André Ramalho,br BRA,DF,PSV Eindhoven,30,1992,20.4,15,0.74,13,1,0,1,0,0,1,0.05,1,0,0,0,0,0,Matchs
374,Bart Ramselaar,nl NED,AT,Utrecht,26,1996,3.8,9,2.33,6,0,0,3,0,0,0,0.00,0,0,0,0,0,0,Matchs
375,Christian Rasmussen,dk DEN,AT,Ajax,19,2003,0.0,1,45.00,0,0,0,1,0,0,0,0.00,0,0,0,0,0,0,Matchs
Clt,Joueur,Nation,Pos,Équipe,Âge,Naissance,90,AMT,AMT90,PassLive,PassDead,TO,Tirs,Ftp,Déf,AMB,AMB90,PassLive,PassDead,TO,Tirs,Ftp,Déf,Matchs
376,Jacob Rasmussen,dk DEN,DF,Feyenoord,25,1997,7.4,8,01.09,8,0,0,0,0,0,1,0.14,1,0,0,0,0,0,Matchs
377,Givairo Read,,DF,Volendam,,,0.1,0,0.00,0,0,0,0,0,0,0,0.00,0,0,0,0,0,0,Matchs
378,Daishawn Redan,nl NED,AT,Utrecht,21,2001,8.1,17,02.09,14,0,0,2,1,0,0,0.00,0,0,0,0,0,0,Matchs
379,Youri Regeer,nl NED,"DF,MT",Ajax,18,2003,0.1,1,7.50,1,0,0,0,0,0,0,0.00,0,0,0,0,0,0,Matchs
380,Gyan de Regt,nl NED,"AT,MT",Vitesse,19,2002,0.1,0,0.00,0,0,0,0,0,0,0,0.00,0,0,0,0,0,0,Matchs
381,Tijjani Reijnders,nl NED,MT,AZ Alkmaar,24,1998,33.8,156,4.61,116,15,13,6,2,4,18,0.53,12,2,0,0,0,4,Matchs
382,Francisco Reis Ferreira,pt POR,DF,Vitesse,25,1997,6.2,8,1.29,8,0,0,0,0,0,0,0.00,0,0,0,0,0,0,Matchs
383,Daan Reiziger,nl NED,GB,Vitesse,21,2001,6.4,3,0.47,2,1,0,0,0,0,0,0.00,0,0,0,0,0,0,Matchs
384,Omar Rekik,tn TUN,"DF,MT",Sparta R'dam,20,2001,0.4,1,2.73,1,0,0,0,0,0,0,0.00,0,0,0,0,0,0,Matchs
385,Devyne Rensch,nl NED,DF,Ajax,19,2003,22.5,45,2.00,37,2,1,3,2,0,7,0.31,6,0,1,0,0,0,Matchs
386,Ben Rienstra,nl NED,"MT,DF",Cambuur,32,1990,1.7,5,3.00,3,0,1,0,0,1,0,0.00,0,0,0,0,0,0,Matchs
387,Rocco Robert Shein,ee EST,MT,Utrecht,19,2003,1.3,4,3.16,4,0,0,0,0,0,0,0.00,0,0,0,0,0,0,Matchs
388,Ole Romeny,nl NED,"AT,MT",Emmen,22,2000,27.7,58,02.09,38,1,5,3,10,1,4,0.14,2,0,0,0,2,0,Matchs
389,Philippe Rommens,be BEL,MT,Go Ahead Eag,24,1997,27.5,109,3.96,52,49,2,5,1,0,5,0.18,2,1,0,2,0,0,Matchs
390,Bart van Rooij,nl NED,DF,NEC Nijmegen,21,2001,33.0,57,1.73,47,7,3,0,0,0,2,0.06,2,0,0,0,0,0,Matchs
391,Rayvien Rosario,cw CUW,AT,Sparta R'dam,18,2004,0.0,0,0.00,0,0,0,0,0,0,0,0.00,0,0,0,0,0,0,Matchs
392,Daan Rots,nl NED,"AT,MT",Twente,21,2001,7.5,22,2.92,18,1,1,0,2,0,1,0.13,1,0,0,0,0,0,Matchs
393,Robbin Ruiter,nl NED,GB,Cambuur,35,1987,16.0,6,0.37,5,1,0,0,0,0,1,0.06,1,0,0,0,0,0,Matchs
394,Gerónimo Rulli,ar ARG,GB,Ajax,30,1992,19.0,2,0.11,2,0,0,0,0,0,0,0.00,0,0,0,0,0,0,Matchs
395,Mathew Ryan,au AUS,GB,AZ Alkmaar,30,1992,18.0,4,0.22,4,0,0,0,0,0,1,0.06,1,0,0,0,0,0,Matchs
396,Pim Saathof,nl NED,"MT,DF",Go Ahead Eag,18,2003,0.3,0,0.00,0,0,0,0,0,0,0,0.00,0,0,0,0,0,0,Matchs
397,Michal Sadílek,cz CZE,MT,Twente,23,1999,11.2,36,3.22,30,4,0,1,1,0,2,0.18,2,0,0,0,0,0,Matchs
398,Modibo Sagnan,ml MLI,DF,Utrecht,23,1999,20.1,12,0.60,10,0,1,0,0,1,4,0.20,2,0,1,0,0,1,Matchs
399,Osame Sahraoui,no NOR,"AT,MT",Heerenveen,21,2001,12.4,64,5.18,45,0,9,2,7,1,9,0.73,7,0,1,1,0,0,Matchs
400,Ismael Saibari,ma MAR,AT,PSV Eindhoven,21,2001,4.6,26,5.63,19,0,2,5,0,0,2,0.43,1,0,0,1,0,0,Matchs
Clt,Joueur,Nation,Pos,Équipe,Âge,Naissance,90,AMT,AMT90,PassLive,PassDead,TO,Tirs,Ftp,Déf,AMB,AMB90,PassLive,PassDead,TO,Tirs,Ftp,Déf,Matchs
401,Koki Saito,jp JPN,AT,Sparta R'dam,20,2001,18.0,53,2.95,31,1,10,3,7,1,13,0.72,6,0,4,1,2,0,Matchs
402,Anass Salah-Eddine,nl NED,"MT,DF",Twente,20,2002,7.1,27,3.79,19,2,3,0,2,1,3,0.42,2,0,0,0,1,0,Matchs
403,David Sambissa,ga GAB,"AT,MT",Cambuur,26,1996,5.6,27,4.81,22,2,0,0,3,0,2,0.36,2,0,0,0,0,0,Matchs
404,Shurandy Sambo,nl NED,DF,Sparta R'dam,20,2001,25.6,35,1.36,25,2,1,2,3,2,5,0.19,3,0,1,1,0,0,Matchs
405,Alfons Sampsted,is ISL,DF,Twente,24,1998,5.1,11,2.17,10,1,0,0,0,0,0,0.00,0,0,0,0,0,0,Matchs
406,Philippe Sandler,nl NED,DF,NEC Nijmegen,25,1997,18.1,18,0.99,15,0,0,3,0,0,3,0.17,2,0,0,1,0,0,Matchs
407,Ibrahim Sangaré,ci CIV,MT,PSV Eindhoven,24,1997,25.6,64,2.50,56,0,2,6,0,0,4,0.16,4,0,0,0,0,0,Matchs
408,Mohamed Sankoh,nl NED,AT,Vitesse,18,2003,8.5,19,2.24,14,0,4,0,1,0,3,0.35,2,0,1,0,0,0,Matchs
409,Amin Sarr,se SWE,AT,Heerenveen,21,2001,18.2,64,3.53,40,0,11,8,4,1,10,0.55,4,0,2,4,0,0,Matchs
410,Sávio,br BRA,"AT,MT",PSV Eindhoven,18,2004,1.1,7,6.30,4,1,2,0,0,0,4,3.60,2,0,2,0,0,0,Matchs
411,Kjell Scherpen,nl NED,GB,Vitesse,22,2000,25.4,6,0.24,3,3,0,0,0,0,0,0.00,0,0,0,0,0,0,Matchs
412,Doke Schmidt,nl NED,DF,Cambuur,30,1992,18.5,24,1.30,20,2,0,1,1,0,2,0.11,2,0,0,0,0,0,Matchs
413,Ben Scholte,nl NED,MT,Emmen,20,2001,1.8,3,1.64,2,0,1,0,0,0,1,0.55,1,0,0,0,0,0,Matchs
414,Lasse Schöne,dk DEN,MT,NEC Nijmegen,36,1986,30.8,91,2.96,58,31,1,0,0,1,3,0.10,3,0,0,0,0,0,Matchs
415,Youri Schoonderwaldt,nl NED,GB,Sparta R'dam,22,2000,2.0,0,0.00,0,0,0,0,0,0,0,0.00,0,0,0,0,0,0,Matchs
416,Jorg Schreuders,nl NED,DF,Groningen,17,2004,3.8,6,1.60,6,0,0,0,0,0,0,0.00,0,0,0,0,0,0,Matchs
417,Perr Schuurs,nl NED,DF,Ajax,22,1999,0.6,0,0.00,0,0,0,0,0,0,0,0.00,0,0,0,0,0,0,Matchs
418,Darío Serra,es ESP,AT,Go Ahead Eag,19,2003,0.5,0,0.00,0,0,0,0,0,0,0,0.00,0,0,0,0,0,0,Matchs
419,Mats Seuntjens,nl NED,AT,RKC Waalwijk,30,1992,17.4,66,3.80,40,7,12,3,3,1,13,0.75,8,0,3,2,0,0,Matchs
420,Mats Seuntjens,nl NED,"MT,AT",Fortuna Sittard,30,1992,10.7,36,3.36,19,14,0,1,2,0,3,0.28,1,2,0,0,0,0,Matchs
421,Serano Seymor,nl NED,DF,Excelsior,20,2002,12.5,5,0.40,4,1,0,0,0,0,0,0.00,0,0,0,0,0,0,Matchs
422,Aimar Sher,se SWE,"MT,AT",Groningen,19,2002,1.5,5,3.36,4,0,1,0,0,0,0,0.00,0,0,0,0,0,0,Matchs
423,Fábio Silva,pt POR,AT,PSV Eindhoven,20,2002,6.7,29,4.30,23,0,2,4,0,0,4,0.59,2,0,0,2,0,0,Matchs
424,Florent da Silva,fr FRA,MT,Volendam,19,2003,8.0,12,1.50,11,0,0,0,1,0,1,0.12,1,0,0,0,0,0,Matchs
425,Xavi Simons,nl NED,"AT,MT",PSV Eindhoven,19,2003,31.1,166,5.33,118,1,17,15,14,1,33,01.06,16,1,5,5,5,1,Matchs
Clt,Joueur,Nation,Pos,Équipe,Âge,Naissance,90,AMT,AMT90,PassLive,PassDead,TO,Tirs,Ftp,Déf,AMB,AMB90,PassLive,PassDead,TO,Tirs,Ftp,Déf,Matchs
426,Dimitris Siovas,gr GRE,DF,Fortuna Sittard,33,1988,21.2,16,0.75,13,1,0,1,1,0,1,0.05,0,0,0,0,1,0,Matchs
427,Gijs Smal,nl NED,DF,Twente,24,1997,33.0,125,3.79,97,16,2,3,6,1,18,0.55,15,2,1,0,0,0,Matchs
428,Floris Smand,nl NED,DF,Cambuur,19,2003,19.5,11,0.56,7,2,0,0,0,2,0,0.00,0,0,0,0,0,0,Matchs
429,Milan Smit,nl NED,"AT,MT",Cambuur,19,2003,4.4,8,1.80,6,0,0,0,1,1,2,0.45,1,0,0,0,0,1,Matchs
430,Vasileios Sourlis,gr GRE,MT,Fortuna Sittard,19,2002,0.2,0,0.00,0,0,0,0,0,0,0,0.00,0,0,0,0,0,0,Matchs
431,Sylla Sow,nl NED,"AT,MT",Go Ahead Eag,25,1996,5.9,24,04.04,16,0,3,2,1,2,0,0.00,0,0,0,0,0,0,Matchs
432,Filip Stankovic,rs SRB,GB,Volendam,20,2002,33.0,3,0.09,2,1,0,0,0,0,0,0.00,0,0,0,0,0,0,Matchs
433,Casper Staring,nl NED,MT,Twente,21,2001,0.0,0,0.00,0,0,0,0,0,0,0,0.00,0,0,0,0,0,0,Matchs
434,Sem Steijn,nl NED,MT,Twente,20,2001,13.4,37,2.76,31,5,0,1,0,0,5,0.37,3,2,0,0,0,0,Matchs
435,Finn Stokkers,nl NED,"AT,MT",Go Ahead Eag,26,1996,13.0,49,3.78,35,0,1,11,1,1,5,0.39,5,0,0,0,0,0,Matchs
436,Jørgen Strand Larsen,no NOR,AT,Groningen,22,2000,4.0,10,2.50,7,0,2,0,1,0,2,0.50,1,0,0,0,1,0,Matchs
437,Sander van de Streek,nl NED,MT,Utrecht,29,1993,24.6,61,2.48,47,0,0,7,5,2,7,0.28,5,0,0,1,1,0,Matchs
438,Yukinari Sugawara,jp JPN,"DF,AT",AZ Alkmaar,22,2000,26.6,68,2.55,56,8,2,1,0,1,13,0.49,12,0,1,0,0,0,Matchs
439,Tomáš Suslov,sk SVK,"MT,AT",Groningen,20,2002,23.6,74,3.14,36,11,11,5,9,2,4,0.17,3,0,0,0,1,0,Matchs
440,Marin Šverko,hr CRO,DF,Groningen,24,1998,2.5,3,1.20,3,0,0,0,0,0,0,0.00,0,0,0,0,0,0,Matchs
441,Sander Sybrandy,nl NED,MT,Twente,18,2004,0.0,1,90.00,1,0,0,0,0,0,0,0.00,0,0,0,0,0,0,Matchs
442,Moussa Sylla,fr FRA,"AT,MT",Utrecht,22,1999,5.9,21,3.56,16,0,1,2,2,0,1,0.17,1,0,0,0,0,0,Matchs
443,Sebastian Szymański,pl POL,"MT,AT",Feyenoord,23,1999,21.8,107,4.90,62,32,4,3,3,3,12,0.55,9,1,0,1,1,0,Matchs
444,Mohamed Taabouni,nl NED,MT,Feyenoord,20,2002,1.1,11,9.71,10,0,0,1,0,0,0,0.00,0,0,0,0,0,0,Matchs
445,Dušan Tadić,rs SRB,"AT,MT",Ajax,33,1988,32.9,250,7.59,166,72,3,5,3,1,23,0.70,17,5,0,0,1,0,Matchs
446,Anas Tahiri,be BEL,MT,Heerenveen,27,1995,29.0,65,2.24,56,6,1,2,0,0,10,0.35,10,0,0,0,0,0,Matchs
447,Mohammed Tahiri,nl NED,"AT,MT",Sparta R'dam,22,2000,0.2,0,0.00,0,0,0,0,0,0,0,0.00,0,0,0,0,0,0,Matchs
448,Oussama Tannane,ma MAR,MT,NEC Nijmegen,28,1994,23.8,127,5.33,68,28,10,7,14,0,16,0.67,11,2,2,0,1,0,Matchs
449,Elayis Tavsan,nl NED,AT,NEC Nijmegen,21,2001,28.2,82,2.91,39,8,18,6,11,0,9,0.32,5,0,1,1,2,0,Matchs
450,Kenneth Taylor,nl NED,MT,Ajax,20,2002,27.7,72,2.60,59,2,6,5,0,0,9,0.32,8,0,0,1,0,0,Matchs
Clt,Joueur,Nation,Pos,Équipe,Âge,Naissance,90,AMT,AMT90,PassLive,PassDead,TO,Tirs,Ftp,Déf,AMB,AMB90,PassLive,PassDead,TO,Tirs,Ftp,Déf,Matchs
451,Mike te Wierik,nl NED,DF,Emmen,30,1992,13.3,7,0.53,5,1,0,1,0,0,1,0.08,1,0,0,0,0,0,Matchs
452,Mike te Wierik,nl NED,DF,Groningen,30,1992,13.2,5,0.38,4,1,0,0,0,0,0,0.00,0,0,0,0,0,0,Matchs
453,Tesfaldet Tekie,se SWE,MT,Go Ahead Eag,25,1997,3.9,5,1.29,5,0,0,0,0,0,0,0.00,0,0,0,0,0,0,Matchs
454,Hidde ter Avest,nl NED,DF,Utrecht,25,1997,9.7,21,2.17,16,4,1,0,0,0,2,0.21,1,1,0,0,0,0,Matchs
455,Jasper Ter Heide,nl NED,"MT,AT",Cambuur,23,1999,1.0,0,0.00,0,0,0,0,0,0,0,0.00,0,0,0,0,0,0,Matchs
456,Jordan Teze,nl NED,DF,PSV Eindhoven,22,1999,22.4,46,02.05,45,0,0,1,0,0,4,0.18,4,0,0,0,0,0,Matchs
457,Guus Til,nl NED,"MT,AT",PSV Eindhoven,24,1997,19.5,59,03.02,50,0,0,6,3,0,9,0.46,7,0,0,1,1,0,Matchs
458,Jurriën Timber,nl NED,DF,Ajax,21,2001,33.7,58,1.72,47,2,1,4,2,2,11,0.33,9,0,0,2,0,0,Matchs
459,Quinten Timber,nl NED,MT,Feyenoord,21,2001,18.2,72,3.96,61,0,3,1,5,2,6,0.33,5,0,0,0,0,1,Matchs
460,Alex Timossi Andersson,se SWE,"AT,MT",Heerenveen,21,2001,2.9,5,1.73,4,0,0,1,0,0,0,0.00,0,0,0,0,0,0,Matchs
461,Mickaël Tirpan,be BEL,DF,Fortuna Sittard,28,1993,4.3,4,0.94,3,0,0,0,1,0,0,0.00,0,0,0,0,0,0,Matchs
462,Nathan Tjoe-A-On,id IDN,DF,Excelsior,20,2001,25.3,34,1.35,31,1,0,0,1,1,4,0.16,4,0,0,0,0,0,Matchs
463,Marco Tol,nl NED,DF,Cambuur,24,1998,21.3,9,0.42,9,0,0,0,0,0,1,0.05,1,0,0,0,0,0,Matchs
464,Jens Toornstra,nl NED,MT,Utrecht,33,1989,25.9,97,3.75,59,33,3,2,0,0,11,0.42,10,1,0,0,0,0,Matchs
465,Jens Toornstra,nl NED,"MT,DF",Feyenoord,33,1989,0.9,4,4.68,3,1,0,0,0,0,2,2.34,2,0,0,0,0,0,Matchs
466,Azzeddine Toufiqui,fr FRA,"MT,AT",Emmen,23,1999,0.7,2,3.00,2,0,0,0,0,0,0,0.00,0,0,0,0,0,0,Matchs
467,Gernot Trauner,at AUT,DF,Feyenoord,30,1992,17.8,21,1.18,18,0,0,2,0,1,2,0.11,2,0,0,0,0,0,Matchs
468,Sondre Tronstad,no NOR,MT,Vitesse,26,1995,21.1,52,2.47,46,0,1,2,1,2,1,0.05,1,0,0,0,0,0,Matchs
469,Muhammet Tunahan Taşçı,tr TUR,"AT,MT",Fortuna Sittard,20,2002,1.4,6,4.22,1,1,1,0,2,1,1,0.70,0,1,0,0,0,0,Matchs
470,Calvin Twigt,nl NED,MT,Volendam,19,2003,14.4,27,1.87,21,0,0,0,2,4,4,0.28,2,0,0,0,1,1,Matchs
471,Przemysław Tytoń,pl POL,GB,Twente,35,1987,1.0,0,0.00,0,0,0,0,0,0,0,0.00,0,0,0,0,0,0,Matchs
472,Christos Tzolis,gr GRE,AT,Twente,20,2002,4.7,15,3.21,7,0,1,2,5,0,3,0.64,1,0,0,1,1,0,Matchs
473,Manfred Ugalde,cr CRC,AT,Twente,20,2002,9.7,30,03.09,19,0,1,5,5,0,4,0.41,3,0,0,0,1,0,Matchs
474,Roberts Uldriķis,lv LVA,AT,Cambuur,24,1998,14.8,33,2.23,24,0,3,4,1,1,2,0.14,0,0,0,1,0,1,Matchs
475,Lars Unnerstall,de GER,GB,Twente,32,1990,33.0,9,0.27,8,1,0,0,0,0,1,0.03,1,0,0,0,0,0,Matchs
Clt,Joueur,Nation,Pos,Équipe,Âge,Naissance,90,AMT,AMT90,PassLive,PassDead,TO,Tirs,Ftp,Déf,AMB,AMB90,PassLive,PassDead,TO,Tirs,Ftp,Déf,Matchs
476,Etienne Vaessen,sr SUR,GB,RKC Waalwijk,27,1995,32.0,7,0.22,5,2,0,0,0,0,1,0.03,1,0,0,0,0,0,Matchs
477,Luciano Valente,it ITA,MT,Groningen,18,2003,9.7,16,1.65,14,1,0,1,0,0,0,0.00,0,0,0,0,0,0,Matchs
478,Dario Van den Buijs,be BEL,DF,RKC Waalwijk,26,1995,20.8,29,1.39,14,13,0,2,0,0,1,0.05,0,1,0,0,0,0,Matchs
479,Simon Van Duivenbooden,nl NED,AT,Vitesse,20,2002,1.8,6,3.29,6,0,0,0,0,0,0,0.00,0,0,0,0,0,0,Matchs
480,Syb Van Ottele,nl NED,DF,Heerenveen,20,2002,13.1,8,0.61,7,1,0,0,0,0,1,0.08,0,1,0,0,0,0,Matchs
481,Zinho Vanheusden,be BEL,DF,AZ Alkmaar,23,1999,2.5,0,0.00,0,0,0,0,0,0,0,0.00,0,0,0,0,0,0,Matchs
482,Keziah Veendorp,nl NED,"MT,DF",Emmen,25,1997,31.8,50,1.58,48,1,0,0,0,1,9,0.28,9,0,0,0,0,0,Matchs
483,Henk Veerman,nl NED,AT,Volendam,29,1993,14.8,23,1.55,17,0,3,3,0,0,5,0.34,3,0,1,1,0,0,Matchs
484,Joey Veerman,nl NED,MT,PSV Eindhoven,23,1998,27.6,171,6.21,107,46,6,8,0,4,18,0.65,13,3,0,1,0,1,Matchs
485,Jeroen Veldmate,nl NED,DF,Emmen,33,1988,22.1,19,0.86,17,0,0,2,0,0,1,0.05,1,0,0,0,0,0,Matchs
486,Calvin Verdonk,nl NED,DF,NEC Nijmegen,25,1997,10.7,24,2.25,21,1,1,0,1,0,5,0.47,4,1,0,0,0,0,Matchs
487,Hobie Verhulst,nl NED,GB,AZ Alkmaar,29,1993,16.0,4,0.25,3,1,0,0,0,0,1,0.06,1,0,0,0,0,0,Matchs
488,Michael Verrips,nl NED,GB,Groningen,25,1996,24.0,4,0.17,3,1,0,0,0,0,1,0.04,1,0,0,0,0,0,Matchs
489,Arno Verschueren,be BEL,MT,Sparta R'dam,25,1997,27.2,76,2.79,59,0,2,11,3,1,8,0.29,4,0,1,3,0,0,Matchs
490,Yorbe Vertessen,be BEL,"AT,MT",PSV Eindhoven,21,2001,1.7,6,3.53,5,0,0,0,1,0,1,0.59,1,0,0,0,0,0,Matchs
491,Gabriel Vidovic,hr CRO,"AT,MT",Vitesse,18,2003,13.5,41,03.03,27,0,6,2,6,0,2,0.15,1,0,1,0,0,0,Matchs
492,Nick Viergever,nl NED,DF,Utrecht,32,1989,18.1,13,0.72,10,2,0,0,0,1,2,0.11,1,0,0,0,0,1,Matchs
493,Carlos Vinícius,br BRA,AT,PSV Eindhoven,27,1995,0.5,3,6.00,3,0,0,0,0,0,0,0.00,0,0,0,0,0,0,Matchs
494,João Virgínia,pt POR,GB,Cambuur,22,1999,17.0,4,0.24,2,2,0,0,0,0,0,0.00,0,0,0,0,0,0,Matchs
495,Rémy Vita,mg MAD,"DF,MT",Fortuna Sittard,21,2001,13.2,18,1.36,12,1,1,1,2,1,2,0.15,1,0,0,0,1,0,Matchs
496,Jari Vlak,nl NED,MT,Emmen,23,1998,18.7,30,1.60,23,1,0,4,1,1,3,0.16,1,0,0,2,0,0,Matchs
497,Michel Vlap,nl NED,MT,Twente,25,1997,24.7,87,3.53,65,5,3,9,4,1,11,0.45,6,1,0,3,1,0,Matchs
498,Dennis Vos,nl NED,DF,Emmen,20,2001,4.0,3,0.74,2,1,0,0,0,0,0,0.00,0,0,0,0,0,0,Matchs
499,Silvano Vos,nl NED,MT,Ajax,17,2005,0.2,2,9.00,1,0,1,0,0,0,0,0.00,0,0,0,0,0,0,Matchs
500,Bart Vriends,nl NED,DF,Sparta R'dam,31,1991,27.2,15,0.55,14,0,0,1,0,0,1,0.04,1,0,0,0,0,0,Matchs
Clt,Joueur,Nation,Pos,Équipe,Âge,Naissance,90,AMT,AMT90,PassLive,PassDead,TO,Tirs,Ftp,Déf,AMB,AMB90,PassLive,PassDead,TO,Tirs,Ftp,Déf,Matchs
501,Patrick Vroegh,nl NED,"MT,DF",RKC Waalwijk,22,1999,6.3,18,2.85,17,0,0,1,0,0,3,0.47,3,0,0,0,0,0,Matchs
502,Dylan van Wageningen,nl NED,AT,Sparta R'dam,19,2003,0.0,0,0.00,0,0,0,0,0,0,0,0.00,0,0,0,0,0,0,Matchs
503,Patrik Wålemark,se SWE,"AT,MT",Feyenoord,20,2001,6.6,32,4.86,20,2,2,5,3,0,4,0.61,2,0,0,0,2,0,Matchs
504,Django Warmerdam,nl NED,DF,Utrecht,26,1995,2.8,0,0.00,0,0,0,0,0,0,0,0.00,0,0,0,0,0,0,Matchs
505,Timon Wellenreuther,de GER,GB,Feyenoord,26,1995,9.0,1,0.11,1,0,0,0,0,0,0,0.00,0,0,0,0,0,0,Matchs
506,Sai van Wermeskerken,jp JPN,DF,Cambuur,28,1994,18.7,31,1.66,25,3,0,2,0,1,0,0.00,0,0,0,0,0,0,Matchs
507,Mats Wieffer,nl NED,MT,Feyenoord,22,1999,18.6,64,3.45,57,0,2,1,1,3,9,0.48,9,0,0,0,0,0,Matchs
508,Owen Wijndal,nl NED,DF,Ajax,22,1999,14.8,39,2.63,29,2,1,3,4,0,4,0.27,3,0,0,0,1,0,Matchs
509,Jetro Willems,nl NED,DF,Groningen,28,1994,4.3,11,2.54,9,1,1,0,0,0,0,0.00,0,0,0,0,0,0,Matchs
510,Dani de Wit,nl NED,MT,AZ Alkmaar,24,1998,13.2,22,1.67,20,0,0,0,2,0,1,0.08,1,0,0,0,0,0,Matchs
511,Mees de Wit,nl NED,"DF,AT",AZ Alkmaar,24,1998,5.9,16,2.70,13,0,0,2,0,1,3,0.51,3,0,0,0,0,0,Matchs
512,Aslak Witry,no NOR,DF,AZ Alkmaar,26,1996,0.6,5,8.33,5,0,0,0,0,0,2,3.33,2,0,0,0,0,0,Matchs
513,Maximilian Wittek,de GER,DF,Vitesse,26,1995,30.2,147,4.87,47,77,4,13,3,3,12,0.40,4,5,0,1,1,1,Matchs
514,Ricky van Wolfswinkel,nl NED,AT,Twente,33,1989,28.1,76,2.70,61,2,2,8,2,1,10,0.36,8,0,0,2,0,0,Matchs
515,Luuk Wouters,nl NED,DF,RKC Waalwijk,23,1999,2.0,1,0.51,1,0,0,0,0,0,0,0.00,0,0,0,0,0,0,Matchs
516,Redouan El Yaakoubi,nl NED,DF,Excelsior,26,1996,32.5,22,0.68,18,0,1,2,0,1,2,0.06,2,0,0,0,0,0,Matchs
517,Romaric Yapi,fr FRA,"AT,DF",Vitesse,22,2000,4.0,5,1.26,5,0,0,0,0,0,0,0.00,0,0,0,0,0,0,Matchs
518,Burak Yılmaz,tr TUR,AT,Fortuna Sittard,37,1985,24.6,74,3.00,47,1,3,12,11,0,18,0.73,7,0,1,5,5,0,Matchs
519,Amin Younes,de GER,"AT,MT",Utrecht,28,1993,3.7,13,3.47,12,1,0,0,0,0,3,0.80,3,0,0,0,0,0,Matchs
520,Timo Zaal,nl NED,MT,Heerenveen,18,2004,0.0,0,0.00,0,0,0,0,0,0,0,0.00,0,0,0,0,0,0,Matchs
521,Arthur Zagre,fr FRA,"AT,MT",Utrecht,20,2001,0.8,2,2.65,2,0,0,0,0,0,0,0.00,0,0,0,0,0,0,Matchs
522,Arthur Zagre,fr FRA,DF,Excelsior,20,2001,6.9,3,0.44,3,0,0,0,0,0,0,0.00,0,0,0,0,0,0,Matchs
523,Lequincio Zeefuik,nl NED,"AT,MT",Volendam,17,2004,3.7,10,2.65,5,0,2,1,2,0,1,0.27,0,0,1,0,0,0,Matchs
524,Ramiz Zerrouki,dz ALG,MT,Twente,24,1998,31.2,104,3.34,81,16,0,2,3,2,11,0.35,9,2,0,0,0,0,Matchs
525,Richairo Živković,cw CUW,AT,Emmen,25,1996,26.7,32,1.20,21,0,1,5,5,0,1,0.04,0,0,0,1,0,0,Matchs
Clt,Joueur,Nation,Pos,Équipe,Âge,Naissance,90,AMT,AMT90,PassLive,PassDead,TO,Tirs,Ftp,Déf,AMB,AMB90,PassLive,PassDead,TO,Tirs,Ftp,Déf,Matchs
526,Willum Þór Willumsson,is ISL,"MT,AT",Go Ahead Eag,23,1998,24.3,74,03.05,66,0,2,3,2,1,6,0.25,4,0,0,1,1,0,Matchs
Clt,Joueur,Nation,Pos,Équipe,Âge,Naissance,90,AMT,AMT90,PassLive,PassDead,TO,Tirs,Ftp,Déf,AMB,AMB90,PassLive,PassDead,TO,Tirs,Ftp,Déf,Matchs
1,Nicolás Acevedo,uy URU,MT,Bahia,23,1999,21.9,43,1.96,33,1,2,4,2,1,0,0.00,0,0,0,0,0,0,Matchs
2,Luiz Adriano,br BRA,AT,Internacional,35,1987,14.8,23,1.56,17,0,0,4,2,0,2,0.14,1,0,0,1,0,0,Matchs
3,Adriel,br BRA,GB,Grêmio,22,2001,2.0,0,0.00,0,0,0,0,0,0,0,0.00,0,0,0,0,0,0,Matchs
4,Adryelson,br BRA,DF,Botafogo (RJ),24,1998,33.3,13,0.39,12,0,0,0,0,1,2,0.06,1,0,0,0,0,1,Matchs
5,Adson,br BRA,"AT,MT",Corinthians,22,2000,9.5,33,3.47,25,0,5,1,1,1,3,0.32,2,0,1,0,0,0,Matchs
6,Adyson,br BRA,"AT,MT",América (MG),17,2005,2.7,16,5.88,14,2,0,0,0,0,0,0.00,0,0,0,0,0,0,Matchs
7,Washington Aguerre,uy URU,GB,América (MG),29,1993,2.0,0,0.00,0,0,0,0,0,0,0,0.00,0,0,0,0,0,0,Matchs
8,Carlos Alberto,br BRA,"AT,MT",Botafogo (RJ),20,2002,3.3,9,2.73,6,0,1,0,2,0,3,0.91,1,0,1,0,1,0,Matchs
9,Yuri Alberto,br BRA,AT,Corinthians,21,2001,30.2,56,1.85,34,1,3,8,8,2,9,0.30,4,0,0,3,2,0,Matchs
10,Ale,br BRA,MT,América (MG),32,1990,15.8,35,2.21,34,0,1,0,0,0,0,0.00,0,0,0,0,0,0,Matchs
11,Alexandre Alemão,br BRA,AT,Internacional,24,1998,3.8,14,3.70,10,0,0,0,4,0,1,0.26,1,0,0,0,0,0,Matchs
12,Alerrandro,br BRA,"AT,MT",Red Bull Bragantino,23,2000,4.5,7,1.56,6,0,1,0,0,0,1,0.22,1,0,0,0,0,0,Matchs
13,Alesson,br BRA,"AT,MT",Goiás,23,1999,7.3,18,2.47,13,0,3,1,1,0,1,0.14,1,0,0,0,0,0,Matchs
14,Alex,br BRA,DF,Santos,23,1999,5.1,5,0.99,2,0,0,2,0,1,1,0.20,0,0,0,1,0,0,Matchs
15,Caio Alexandre,br BRA,MT,Fortaleza,23,1999,29.2,86,2.95,76,2,1,1,4,2,6,0.21,6,0,0,0,0,0,Matchs
16,Matheus Alexandre,br BRA,DF,Cuiabá,23,1999,33.1,43,1.30,35,4,0,1,1,2,3,0.09,2,1,0,0,0,0,Matchs
17,Alexsander,br BRA,"MT,DF",Fluminense,19,2003,13.3,34,2.57,31,0,1,1,1,0,2,0.15,2,0,0,0,0,0,Matchs
18,Alison,br BRA,MT,Santos,29,1993,1.5,0,0.00,0,0,0,0,0,0,0,0.00,0,0,0,0,0,0,Matchs
19,Alisson,br BRA,"MT,DF",Atlético Mineiro,17,2005,0.5,4,7.35,3,0,1,0,0,0,0,0.00,0,0,0,0,0,0,Matchs
20,Alisson,br BRA,"MT,AT",São Paulo,29,1993,23.9,65,2.72,42,12,2,2,5,2,7,0.29,6,0,0,0,1,0,Matchs
21,Allan,br BRA,MT,Flamengo,25,1997,5.4,13,2.42,12,0,0,0,1,0,2,0.37,1,0,0,0,1,0,Matchs
22,Allano,br BRA,AT,Goiás,27,1995,13.7,30,2.18,20,0,1,1,7,1,2,0.15,2,0,0,0,0,0,Matchs
23,Henrique Almeida,br BRA,AT,América (MG),31,1991,1.7,7,04.04,4,0,2,1,0,0,0,0.00,0,0,0,0,0,0,Matchs
24,Rodrigo Alves,br BRA,MT,Vasco da Gama,20,2002,3.9,1,0.26,1,0,0,0,0,0,0,0.00,0,0,0,0,0,0,Matchs
25,Anderson,br BRA,GB,Cruzeiro,24,1998,1.0,0,0.00,0,0,0,0,0,0,0,0.00,0,0,0,0,0,0,Matchs
Clt,Joueur,Nation,Pos,Équipe,Âge,Naissance,90,AMT,AMT90,PassLive,PassDead,TO,Tirs,Ftp,Déf,AMB,AMB90,PassLive,PassDead,TO,Tirs,Ftp,Déf,Matchs
26,Anderson,br BRA,"AT,MT",Goiás,24,1998,14.3,37,2.58,24,2,5,3,3,0,2,0.14,2,0,0,0,0,0,Matchs
27,André,br BRA,DF,Bahia,19,2003,1.4,4,2.88,3,0,1,0,0,0,0,0.00,0,0,0,0,0,0,Matchs
28,André,br BRA,"MT,DF",Fluminense,21,2001,29.4,58,1.97,51,0,3,1,2,1,4,0.14,4,0,0,0,0,0,Matchs
29,Maurício Antônio,br BRA,DF,Coritiba,30,1992,2.0,2,1.00,2,0,0,0,0,0,0,0.00,0,0,0,0,0,0,Matchs
30,Apodi,br BRA,"AT,MT",Goiás,36,1986,4.2,5,1.18,3,0,1,0,1,0,3,0.71,1,0,1,0,1,0,Matchs
31,Guilherme Arana,br BRA,DF,Atlético Mineiro,25,1997,26.5,54,02.04,45,2,2,3,1,1,4,0.15,4,0,0,0,0,0,Matchs
32,Charles Aránguiz,cl CHI,MT,Internacional,33,1989,14.1,30,2.13,26,1,0,1,1,1,2,0.14,2,0,0,0,0,0,Matchs
33,João Araújo,br BRA,MT,Grêmio,17,2005,0.1,0,0.00,0,0,0,0,0,0,0,0.00,0,0,0,0,0,0,Matchs
34,Luiz Araújo,br BRA,"AT,MT",Flamengo,26,1996,8.7,37,4.24,24,4,4,2,3,0,5,0.57,2,0,1,0,2,0,Matchs
35,Matheus Araújo,br BRA,"MT,AT",Corinthians,20,2002,6.5,24,3.71,21,1,2,0,0,0,4,0.62,3,0,1,0,0,0,Matchs
36,Michel Araujo,uy URU,"AT,MT",São Paulo,26,1996,19.6,71,3.61,46,9,6,4,5,1,3,0.15,3,0,0,0,0,0,Matchs
37,Robert Arboleda,ec ECU,DF,São Paulo,31,1991,19.1,11,0.58,5,0,0,6,0,0,1,0.05,0,0,0,1,0,0,Matchs
38,Jhon Arias,co COL,"AT,MT",Fluminense,25,1997,26.5,133,05.02,102,8,10,6,7,0,11,0.42,9,0,1,1,0,0,Matchs
39,Luciano Arriagada,cl CHI,"AT,MT",Ath Paranaense,20,2002,2.1,7,3.32,4,0,0,1,1,1,0,0.00,0,0,0,0,0,0,Matchs
40,Arthur,br BRA,"AT,MT",Cruzeiro,24,1998,15.0,37,2.46,24,1,5,2,5,0,1,0.07,1,0,0,0,0,0,Matchs
41,Arthur,br BRA,DF,América (MG),19,2003,1.0,2,2.00,2,0,0,0,0,0,0,0.00,0,0,0,0,0,0,Matchs
42,Arthur,br BRA,"DF,AT",Fluminense,18,2004,0.2,4,18.00,4,0,0,0,0,0,0,0.00,0,0,0,0,0,0,Matchs
43,Artur,br BRA,AT,Palmeiras,24,1998,21.1,89,4.23,66,5,9,3,5,1,4,0.19,4,0,0,0,0,0,Matchs
44,Eduard Atuesta,co COL,MT,Palmeiras,25,1997,0.1,0,0.00,0,0,0,0,0,0,0,0.00,0,0,0,0,0,0,Matchs
45,Felipe Augusto,br BRA,"AT,MT",Corinthians,18,2004,3.6,4,1.11,2,0,1,0,1,0,0,0.00,0,0,0,0,0,0,Matchs
46,Filipe Augusto,br BRA,MT,Cuiabá,29,1993,11.8,23,1.94,14,7,1,0,1,0,1,0.08,1,0,0,0,0,0,Matchs
47,Renato Augusto,br BRA,MT,Corinthians,34,1988,14.2,79,5.54,51,15,1,6,4,2,7,0.49,5,1,0,0,1,0,Matchs
48,Danilo Avelar,br BRA,DF,América (MG),33,1989,22.0,29,1.32,21,3,0,4,0,1,4,0.18,3,1,0,0,0,0,Matchs
49,Felipe Azevedo,br BRA,"AT,MT",América (MG),36,1987,19.4,57,2.90,41,3,2,5,4,2,4,0.20,2,0,1,0,0,1,Matchs
50,Matheus Babi,br BRA,AT,Goiás,25,1997,9.8,17,1.74,7,0,0,3,7,0,1,0.10,0,0,0,0,1,0,Matchs
Clt,Joueur,Nation,Pos,Équipe,Âge,Naissance,90,AMT,AMT90,PassLive,PassDead,TO,Tirs,Ftp,Déf,AMB,AMB90,PassLive,PassDead,TO,Tirs,Ftp,Déf,Matchs
51,Matheus Bahia,br BRA,"DF,MT",Bahia,23,1999,5.5,13,2.24,11,1,0,0,1,0,0,0.00,0,0,0,0,0,0,Matchs
52,Fabián Balbuena,py PAR,DF,Corinthians,31,1991,1.0,0,0.00,0,0,0,0,0,0,0,0.00,0,0,0,0,0,0,Matchs
53,Robson Bambu,br BRA,DF,Vasco da Gama,25,1997,14.2,9,0.63,7,1,0,0,0,1,0,0.00,0,0,0,0,0,0,Matchs
54,Gabriel Baralhas,br BRA,MT,Internacional,24,1998,2.6,3,1.15,3,0,0,0,0,0,0,0.00,0,0,0,0,0,0,Matchs
55,Danilo Barbosa,br BRA,"MT,DF",Botafogo (RJ),26,1996,11.2,13,1.16,13,0,0,0,0,0,3,0.27,3,0,0,0,0,0,Matchs
56,Diogo Barbosa,br BRA,DF,Fluminense,30,1992,12.4,28,2.26,24,1,3,0,0,0,2,0.16,2,0,0,0,0,0,Matchs
57,Diogo Barbosa,br BRA,DF,Grêmio,30,1992,4.3,12,2.79,7,1,3,0,1,0,0,0.00,0,0,0,0,0,0,Matchs
58,Gabriel Barbosa,br BRA,AT,Flamengo,26,1996,17.1,46,2.69,33,6,0,7,0,0,5,0.29,3,0,0,2,0,0,Matchs
59,Lucas Barbosa,br BRA,"AT,MT",Santos,21,2001,1.1,2,1.75,1,0,1,0,0,0,0,0.00,0,0,0,0,0,0,Matchs
60,Lucas Barbosa,br BRA,"MT,AT",Coritiba,21,2001,1.1,5,4.41,5,0,0,0,0,0,0,0.00,0,0,0,0,0,0,Matchs
61,Chrystian Barletta,br BRA,MT,Corinthians,21,2001,1.4,,,,,,,,,,,,,,,,,Matchs
62,Cauan Barros,br BRA,MT,Vasco da Gama,18,2004,2.6,5,1.90,3,0,0,0,1,1,0,0.00,0,0,0,0,0,0,Matchs
63,Gabriel Barros,br BRA,"AT,MT",Internacional,21,2001,2.0,6,03.07,6,0,0,0,0,0,1,0.51,1,0,0,0,0,0,Matchs
64,Bastos,ao ANG,DF,Botafogo (RJ),31,1991,1.3,0,0.00,0,0,0,0,0,0,0,0.00,0,0,0,0,0,0,Matchs
65,Fellipe Bastos,br BRA,MT,Goiás,32,1990,0.4,1,2.50,0,1,0,0,0,0,0,0.00,0,0,0,0,0,0,Matchs
66,Diogo Batista,br BRA,"DF,MT",Coritiba,19,2003,5.9,15,2.54,12,1,0,1,1,0,1,0.17,1,0,0,0,0,0,Matchs
67,Rodrigo Battaglia,ar ARG,MT,Atlético Mineiro,31,1991,19.2,18,0.94,17,0,0,1,0,0,0,0.00,0,0,0,0,0,0,Matchs
68,José Luis Rodríguez Bebanz,uy URU,DF,Vasco da Gama,25,1997,22.2,59,2.66,40,9,4,4,1,1,3,0.14,3,0,0,0,0,0,Matchs
69,Matheus Belém,br BRA,DF,São Paulo,19,2003,1.9,1,0.53,1,0,0,0,0,0,0,0.00,0,0,0,0,0,0,Matchs
70,Lucas Belezi,br BRA,DF,Ath Paranaense,19,2003,0.5,0,0.00,0,0,0,0,0,0,0,0.00,0,0,0,0,0,0,Matchs
71,Ramiro Benetti,br BRA,MT,Cruzeiro,29,1993,4.5,8,1.77,7,0,0,1,0,0,1,0.22,1,0,0,0,0,0,Matchs
72,Martín Benítez,ar ARG,"MT,AT",América (MG),28,1994,12.4,75,06.03,39,14,9,3,10,0,6,0.48,4,1,0,1,0,0,Matchs
73,Bento,br BRA,GB,Ath Paranaense,23,1999,33.0,6,0.18,4,2,0,0,0,0,2,0.06,2,0,0,0,0,0,Matchs
74,Lucas Beraldo,br BRA,DF,São Paulo,19,2003,24.0,19,0.79,19,0,0,0,0,0,0,0.00,0,0,0,0,0,0,Matchs
75,Lucas Besozzi,ar ARG,"AT,MT",Grêmio,20,2003,4.4,14,3.16,10,0,2,1,1,0,2,0.45,2,0,0,0,0,0,Matchs
Clt,Joueur,Nation,Pos,Équipe,Âge,Naissance,90,AMT,AMT90,PassLive,PassDead,TO,Tirs,Ftp,Déf,AMB,AMB90,PassLive,PassDead,TO,Tirs,Ftp,Déf,Matchs
76,Matheus Bianqui,br BRA,MT,Coritiba,25,1998,15.8,23,1.46,20,0,1,2,0,0,3,0.19,2,0,0,1,0,0,Matchs
77,Raul Bicalho,br BRA,DF,Bahia,23,1999,3.6,2,0.56,0,0,0,1,1,0,1,0.28,0,0,0,1,0,0,Matchs
78,Matheus Bidu,br BRA,DF,Corinthians,23,1999,18.4,46,2.50,32,9,2,0,2,1,4,0.22,2,0,0,0,1,1,Matchs
79,Biel,br BRA,"AT,MT",Bahia,21,2001,15.1,89,5.88,47,12,10,6,13,1,4,0.26,0,1,0,2,1,0,Matchs
80,Rafael Bilu,br BRA,AT,Cruzeiro,23,1999,1.0,7,7.33,3,0,3,1,0,0,0,0.00,0,0,0,0,0,0,Matchs
81,Guilherme Biro,br BRA,"AT,MT",Corinthians,18,2004,6.4,20,3.16,14,0,2,2,2,0,1,0.16,1,0,0,0,0,0,Matchs
82,Bitelo,br BRA,"MT,AT",Grêmio,23,2000,17.2,71,4.12,50,10,6,3,1,1,6,0.35,6,0,0,0,0,0,Matchs
83,Paulinho Bóia,br BRA,AT,América (MG),24,1998,1.5,7,4.63,6,0,0,0,1,0,0,0.00,0,0,0,0,0,0,Matchs
84,Thiago Borbas,uy URU,AT,Red Bull Bragantino,20,2002,15.9,33,02.08,25,0,3,3,2,0,4,0.25,3,0,0,0,1,0,Matchs
85,Ângelo Borges,br BRA,"AT,MT",Santos,18,2004,6.0,21,3.49,17,0,3,0,1,0,2,0.33,1,0,1,0,0,0,Matchs
86,Daniel Borges,br BRA,DF,América (MG),29,1993,8.9,22,2.48,18,2,2,0,0,0,2,0.23,2,0,0,0,0,0,Matchs
87,Daniel Borges,br BRA,DF,Botafogo (RJ),29,1993,0.5,0,0.00,0,0,0,0,0,0,0,0.00,0,0,0,0,0,0,Matchs
88,Marllon Borges,br BRA,DF,Cuiabá,30,1992,36.0,10,0.28,8,0,0,2,0,0,1,0.03,0,0,0,1,0,0,Matchs
89,Pedro Borges,br BRA,"MT,AT",Fortaleza,25,1997,6.3,12,1.91,9,0,0,1,0,2,2,0.32,1,0,0,1,0,0,Matchs
90,Gabriel Boschilia,br BRA,"MT,AT",Coritiba,26,1996,3.8,11,2.88,6,2,2,1,0,0,1,0.26,1,0,0,0,0,0,Matchs
91,Lucas Braga,br BRA,"DF,AT",Santos,26,1996,22.1,41,1.84,28,5,5,1,2,0,2,0.09,1,0,0,0,1,0,Matchs
92,David Braz,br BRA,DF,Fluminense,35,1987,9.6,10,01.04,8,0,0,2,0,0,0,0.00,0,0,0,0,0,0,Matchs
93,Brenno,br BRA,GB,Grêmio,23,1999,1.0,0,0.00,0,0,0,0,0,0,0,0.00,0,0,0,0,0,0,Matchs
94,Breno,br BRA,MT,Botafogo (RJ),22,2000,0.1,0,0.00,0,0,0,0,0,0,0,0.00,0,0,0,0,0,0,Matchs
95,Breno,br BRA,AT,Palmeiras,27,1996,15.2,37,2.44,23,0,1,1,10,2,6,0.40,3,0,0,1,2,0,Matchs
96,Emanuel Brítez,ar ARG,DF,Fortaleza,30,1992,30.7,36,1.17,29,1,0,4,0,2,2,0.07,2,0,0,0,0,0,Matchs
97,Bruninho,br BRA,"AT,MT",Red Bull Bragantino,19,2003,7.9,37,4.66,22,4,4,4,3,0,2,0.25,1,0,1,0,0,0,Matchs
98,Fabrício Bruno,br BRA,DF,Flamengo,26,1996,34.0,27,0.79,21,1,0,5,0,0,4,0.12,4,0,0,0,0,0,Matchs
99,Vitor Bueno,br BRA,"MT,AT",Ath Paranaense,28,1994,23.1,137,5.95,88,34,6,5,3,1,14,0.61,10,1,0,1,1,1,Matchs
100,Esteban Burgos,ar ARG,DF,América (MG),31,1992,3.3,1,0.31,1,0,0,0,0,0,0,0.00,0,0,0,0,0,0,Matchs
Clt,Joueur,Nation,Pos,Équipe,Âge,Naissance,90,AMT,AMT90,PassLive,PassDead,TO,Tirs,Ftp,Déf,AMB,AMB90,PassLive,PassDead,TO,Tirs,Ftp,Déf,Matchs
101,Fabricio Bustos,ar ARG,DF,Internacional,26,1996,27.8,66,2.38,54,3,1,5,2,1,6,0.22,6,0,0,0,0,0,Matchs
102,Rafael Cabral,br BRA,GB,Cruzeiro,32,1990,37.0,5,0.14,5,0,0,0,0,0,2,0.05,2,0,0,0,0,0,Matchs
103,Cacá,br BRA,DF,Ath Paranaense,23,1999,18.8,12,0.64,11,0,0,1,0,0,0,0.00,0,0,0,0,0,0,Matchs
104,Cadu,br BRA,DF,Santos,20,2002,0.2,0,0.00,0,0,0,0,0,0,0,0.00,0,0,0,0,0,0,Matchs
105,Caetano,br BRA,DF,Corinthians,23,1999,13.4,8,0.60,7,0,0,1,0,0,1,0.07,1,0,0,0,0,0,Matchs
106,Jonathan Cafu,br BRA,"AT,MT",Cuiabá,31,1991,19.0,55,2.90,45,1,4,2,3,0,6,0.32,4,0,0,0,2,0,Matchs
107,Júnior Caiçara,br BRA,DF,Santos,33,1989,1.9,0,0.00,0,0,0,0,0,0,0,0.00,0,0,0,0,0,0,Matchs
108,Rodrigo Caio,br BRA,"MT,DF",Flamengo,29,1993,0.7,0,0.00,0,0,0,0,0,0,0,0.00,0,0,0,0,0,0,Matchs
109,Caíque,br BRA,GB,Grêmio,25,1997,4.0,1,0.25,1,0,0,0,0,0,0,0.00,0,0,0,0,0,0,Matchs
110,Calebe,br BRA,"MT,AT",Fortaleza,22,2000,16.4,78,4.75,52,6,10,3,6,1,8,0.49,7,0,1,0,0,0,Matchs
111,Jonathan Calleri,ar ARG,AT,São Paulo,29,1993,15.0,37,2.47,27,0,0,5,5,0,4,0.27,3,0,0,0,1,0,Matchs
112,Patric Calmon PK,br BRA,DF,Cuiabá,28,1994,5.8,16,2.77,14,1,1,0,0,0,0,0.00,0,0,0,0,0,0,Matchs
113,Guilherme Camacho,br BRA,MT,Santos,32,1990,5.0,6,1.21,6,0,0,0,0,0,0,0.00,0,0,0,0,0,0,Matchs
114,Nathan Camargo,br BRA,MT,Red Bull Bragantino,17,2005,0.1,1,7.50,1,0,0,0,0,0,0,0.00,0,0,0,0,0,0,Matchs
115,Gustavo Campanharo,br BRA,MT,Internacional,30,1992,7.7,13,1.68,10,0,1,0,1,1,0,0.00,0,0,0,0,0,0,Matchs
116,Camilo Cándido,uy URU,DF,Bahia,27,1995,13.8,38,2.75,33,1,2,2,0,0,4,0.29,2,0,1,1,0,0,Matchs
117,Luan Cândido,br BRA,DF,Red Bull Bragantino,21,2001,12.0,24,1.99,18,2,1,1,2,0,1,0.08,1,0,0,0,0,0,Matchs
118,Germán Cano,ar ARG,AT,Fluminense,34,1988,27.4,36,1.31,27,0,1,8,0,0,5,0.18,3,0,0,2,0,0,Matchs
119,Agustín Canobbio,uy URU,"AT,MT",Ath Paranaense,24,1998,23.5,107,4.56,75,4,8,7,12,1,9,0.38,8,0,0,0,1,0,Matchs
120,Víctor Cantillo,co COL,MT,Corinthians,29,1993,3.0,5,1.69,5,0,0,0,0,0,1,0.34,1,0,0,0,0,0,Matchs
121,Manuel Capasso,ar ARG,DF,Vasco da Gama,26,1996,6.2,7,1.14,7,0,0,0,0,0,0,0.00,0,0,0,0,0,0,Matchs
122,Juninho Capixaba,br BRA,DF,Red Bull Bragantino,25,1997,31.9,111,3.47,80,9,3,9,6,4,3,0.09,2,0,0,1,0,0,Matchs
123,Gabriel Carabajal,ar ARG,MT,Vasco da Gama,31,1991,1.4,11,8.11,9,0,2,0,0,0,1,0.74,1,0,0,0,0,0,Matchs
124,Felipe Carballo,uy URU,MT,Grêmio,26,1996,17.1,33,1.93,28,1,0,4,0,0,3,0.18,2,0,0,1,0,0,Matchs
125,Johnny Cardoso,us USA,MT,Internacional,21,2001,17.9,34,1.91,29,0,1,2,0,2,7,0.39,4,0,0,2,0,1,Matchs
Clt,Joueur,Nation,Pos,Équipe,Âge,Naissance,90,AMT,AMT90,PassLive,PassDead,TO,Tirs,Ftp,Déf,AMB,AMB90,PassLive,PassDead,TO,Tirs,Ftp,Déf,Matchs
126,Ed Carlos,br BRA,"MT,AT",Santos,21,2001,0.4,3,7.30,2,1,0,0,0,0,0,0.00,0,0,0,0,0,0,Matchs
127,João Carlos,br BRA,GB,Cuiabá,34,1988,3.0,1,0.33,0,1,0,0,0,0,0,0.00,0,0,0,0,0,0,Matchs
128,Ryan Carlos,br BRA,DF,Bahia,20,2002,6.4,16,2.49,12,1,2,1,0,0,2,0.31,2,0,0,0,0,0,Matchs
129,Alan Carvalho,cn CHN,MT,Fluminense,33,1989,0.5,0,0.00,0,0,0,0,0,0,0,0.00,0,0,0,0,0,0,Matchs
130,Breno Cascardo,br BRA,MT,América (MG),19,2003,12.9,27,02.09,21,0,2,3,0,1,2,0.16,1,0,0,1,0,0,Matchs
131,Cássio,br BRA,GB,Corinthians,35,1987,36.8,4,0.11,3,1,0,0,0,0,0,0.00,0,0,0,0,0,0,Matchs
132,Luciano Castán,br BRA,DF,Cruzeiro,33,1989,35.7,26,0.73,22,1,0,3,0,0,1,0.03,1,0,0,0,0,0,Matchs
133,Iury de Castilho,br BRA,AT,Cuiabá,27,1995,4.4,8,1.81,5,0,2,0,1,0,0,0.00,0,0,0,0,0,0,Matchs
134,Matheus Cavichioli,br BRA,GB,América (MG),36,1986,15.0,4,0.27,3,1,0,0,0,0,0,0.00,0,0,0,0,0,0,Matchs
135,Juan Cazares,ec ECU,"MT,AT",América (MG),30,1992,3.1,16,05.07,12,3,0,1,0,0,3,0.95,2,0,0,1,0,0,Matchs
136,Brayan Ceballos,co COL,DF,Fortaleza,21,2001,2.3,1,0.44,0,1,0,0,0,0,0,0.00,0,0,0,0,0,0,Matchs
137,Pablo Ceppelini,uy URU,MT,Cuiabá,31,1991,11.1,51,4.62,19,27,1,3,1,0,3,0.27,0,3,0,0,0,0,Matchs
138,Murilo Cerqueira,br BRA,DF,Palmeiras,25,1997,24.1,26,01.08,21,0,1,2,0,2,3,0.12,3,0,0,0,0,0,Matchs
139,Ricardo Cerqueira,br BRA,MT,Cuiabá,20,2002,0.1,1,11.25,0,0,0,0,1,0,0,0.00,0,0,0,0,0,0,Matchs
140,Júlio César,br BRA,DF,América (MG),19,2003,6.6,4,0.61,3,0,1,0,0,0,2,0.30,1,0,1,0,0,0,Matchs
141,Reynaldo Cesar Moraes,br BRA,DF,Cruzeiro,26,1997,0.7,0,0.00,0,0,0,0,0,0,0,0.00,0,0,0,0,0,0,Matchs
142,Reynaldo Cesar Moraes,br BRA,DF,Coritiba,26,1997,2.7,1,0.37,1,0,0,0,0,0,0,0.00,0,0,0,0,0,0,Matchs
143,Kayky Chagas,br BRA,"AT,MT",Bahia,19,2003,4.6,14,03.07,7,3,3,1,0,0,2,0.44,1,0,1,0,0,0,Matchs
144,Jhon Chancellor,ve VEN,DF,Coritiba,31,1992,3.4,0,0.00,0,0,0,0,0,0,0,0.00,0,0,0,0,0,0,Matchs
145,Gabriel Chapecó,br BRA,GB,Grêmio,22,2000,31.0,5,0.16,4,1,0,0,0,0,0,0.00,0,0,0,0,0,0,Matchs
146,Gabriel Chaves,br BRA,"AT,MT",Vasco da Gama,21,2001,29.0,84,2.90,46,10,11,5,12,0,8,0.28,4,1,1,0,2,0,Matchs
147,Jhoanner Chávez,ec ECU,"DF,MT",Bahia,20,2002,6.5,18,2.75,17,0,1,0,0,0,0,0.00,0,0,0,0,0,0,Matchs
148,Chiqueti,br BRA,MT,Ath Paranaense,17,2005,0.2,,,,,,,,,,,,,,,,,Matchs
149,Christian,br BRA,"MT,AT",Ath Paranaense,22,2000,15.1,49,3.24,28,5,5,5,2,4,1,0.07,1,0,0,0,0,0,Matchs
150,Cicinho,bg BUL,DF,Bahia,34,1988,8.4,15,1.80,11,2,1,0,1,0,0,0.00,0,0,0,0,0,0,Matchs
Clt,Joueur,Nation,Pos,Équipe,Âge,Naissance,90,AMT,AMT90,PassLive,PassDead,TO,Tirs,Ftp,Déf,AMB,AMB90,PassLive,PassDead,TO,Tirs,Ftp,Déf,Matchs
151,Cipriano,br BRA,DF,Red Bull Bragantino,20,2002,0.8,1,1.18,1,0,0,0,0,0,0,0.00,0,0,0,0,0,0,Matchs
152,Marcelo Cirino,br BRA,"AT,MT",Ath Paranaense,31,1992,1.1,1,0.88,1,0,0,0,0,0,0,0.00,0,0,0,0,0,0,Matchs
153,Léo Cittadini,br BRA,MT,Bahia,28,1994,1.5,3,1.91,1,0,1,1,0,0,0,0.00,0,0,0,0,0,0,Matchs
154,Léo Cittadini,br BRA,"MT,AT",Ath Paranaense,28,1994,2.2,6,2.69,5,1,0,0,0,0,0,0.00,0,0,0,0,0,0,Matchs
155,Mateus Claus,br BRA,GB,Bahia,28,1994,0.6,0,0.00,0,0,0,0,0,0,0,0.00,0,0,0,0,0,0,Matchs
156,Clayson,br BRA,"AT,MT",Cuiabá,27,1995,18.2,62,3.41,29,15,4,4,8,2,5,0.27,2,1,0,0,1,1,Matchs
157,Mateus Cocão,br BRA,MT,Vasco da Gama,20,2002,3.9,11,2.85,10,0,0,0,0,1,0,0.00,0,0,0,0,0,0,Matchs
158,Diego Costa,es ESP,AT,Botafogo (RJ),34,1988,5.7,12,02.09,7,0,1,1,3,0,2,0.35,1,0,0,1,0,0,Matchs
159,Philippe Costa,br BRA,AT,Goiás,22,2000,1.2,5,4.13,2,0,1,2,0,0,0,0.00,0,0,0,0,0,0,Matchs
160,Talles Costa,br BRA,"MT,AT",São Paulo,20,2002,1.5,6,4.00,4,0,0,1,1,0,0,0.00,0,0,0,0,0,0,Matchs
161,Lucas Crispim,br BRA,"MT,DF",Fortaleza,28,1994,5.4,26,4.80,23,2,0,0,1,0,1,0.18,0,0,0,0,1,0,Matchs
162,Franco Cristaldo,ar ARG,"MT,AT",Grêmio,26,1996,23.7,98,4.14,62,28,1,2,5,0,12,0.51,7,3,0,1,1,0,Matchs
163,Tomás Cuello,ar ARG,"MT,AT",Ath Paranaense,22,2000,22.8,77,3.37,46,7,10,2,7,5,8,0.35,7,0,0,0,1,0,Matchs
164,Víctor Cuesta,ar ARG,DF,Botafogo (RJ),34,1988,35.0,26,0.74,23,0,0,2,0,1,2,0.06,1,0,0,1,0,0,Matchs
165,Cuiabano,br BRA,"DF,MT",Grêmio,19,2003,5.4,13,2.39,9,1,1,1,1,0,0,0.00,0,0,0,0,0,0,Matchs
166,Lucas Cunha,br BRA,DF,Red Bull Bragantino,26,1997,0.8,2,2.57,2,0,0,0,0,0,0,0.00,0,0,0,0,0,0,Matchs
167,Matheus Cunha,br BRA,GB,Flamengo,21,2001,17.6,2,0.11,2,0,0,0,0,0,0,0.00,0,0,0,0,0,0,Matchs
168,Ian Custódio,br BRA,DF,Palmeiras,19,2003,0.2,0,0.00,0,0,0,0,0,0,0,0.00,0,0,0,0,0,0,Matchs
169,João Dalla Corte,br BRA,DF,Internacional,16,2006,0.2,0,0.00,0,0,0,0,0,0,0,0.00,0,0,0,0,0,0,Matchs
170,Danielzinho,br BRA,"AT,MT",Bahia,27,1996,0.9,9,10.13,8,0,0,1,0,0,1,1.13,0,0,0,1,0,0,Matchs
171,Danielzinho,br BRA,AT,Ath Paranaense,20,2002,0.0,0,0.00,0,0,0,0,0,0,0,0.00,0,0,0,0,0,0,Matchs
172,Danielzinho,br BRA,MT,Fluminense,27,1996,6.8,36,5.29,31,2,2,0,1,0,1,0.15,1,0,0,0,0,0,Matchs
173,David,br BRA,"AT,MT",São Paulo,27,1995,8.1,29,3.56,21,0,3,2,2,1,2,0.25,2,0,0,0,0,0,Matchs
174,Giorgian De Arrascaeta,uy URU,"MT,AT",Flamengo,28,1994,20.5,105,5.13,65,17,7,6,8,2,12,0.59,5,2,3,0,2,0,Matchs
175,Sergio Antonio De Luiz Junior,br BRA,"MT,DF",Vasco da Gama,27,1995,4.0,8,02.02,6,0,0,0,2,0,0,0.00,0,0,0,0,0,0,Matchs
Clt,Joueur,Nation,Pos,Équipe,Âge,Naissance,90,AMT,AMT90,PassLive,PassDead,TO,Tirs,Ftp,Déf,AMB,AMB90,PassLive,PassDead,TO,Tirs,Ftp,Déf,Matchs
176,Denilson,br BRA,MT,Cuiabá,21,2001,21.2,89,4.20,59,12,9,4,3,2,6,0.28,5,1,0,0,0,0,Matchs
177,Denzel,br BRA,AT,Goiás,20,2003,0.3,0,0.00,0,0,0,0,0,0,0,0.00,0,0,0,0,0,0,Matchs
178,Deyverson,br BRA,AT,Cuiabá,31,1991,32.3,57,1.77,43,0,2,8,2,2,8,0.25,6,0,0,1,1,0,Matchs
179,Leonel Di Plácido,ar ARG,DF,Botafogo (RJ),29,1994,26.2,83,3.17,56,12,9,1,1,4,7,0.27,5,1,1,0,0,0,Matchs
180,Gabriel Dias,br BRA,DF,Vasco da Gama,28,1994,0.1,0,0.00,0,0,0,0,0,0,0,0.00,0,0,0,0,0,0,Matchs
181,Jean Dias,br BRA,"AT,MT",Internacional,32,1990,3.6,5,1.40,1,2,1,1,0,0,0,0.00,0,0,0,0,0,0,Matchs
182,Luan Dias,br BRA,"MT,AT",Santos,25,1997,2.1,2,0.94,0,2,0,0,0,0,0,0.00,0,0,0,0,0,0,Matchs
183,Matheus Dias,br BRA,"MT,AT",Internacional,25,1997,4.5,9,2.00,9,0,0,0,0,0,1,0.22,1,0,0,0,0,0,Matchs
184,Diego,br BRA,DF,São Paulo,23,1999,19.4,16,0.83,15,0,0,1,0,0,0,0.00,0,0,0,0,0,0,Matchs
185,Dieguinho,br BRA,"DF,AT",Goiás,27,1995,12.0,37,03.09,19,7,5,3,2,1,1,0.08,1,0,0,0,0,0,Matchs
186,Diogo,br BRA,"AT,MT",Coritiba,26,1996,8.4,15,1.78,12,0,0,1,2,0,2,0.24,1,0,0,0,1,0,Matchs
187,Dodi,br BRA,MT,Santos,26,1996,19.1,16,0.84,8,4,0,1,3,0,1,0.05,0,0,0,0,1,0,Matchs
188,Dodô,br BRA,DF,Atlético Mineiro,30,1992,0.7,3,4.58,1,1,0,0,1,0,1,1.53,0,0,0,0,1,0,Matchs
189,Dodô,br BRA,DF,Santos,30,1992,15.8,27,1.70,20,5,0,2,0,0,1,0.06,0,0,0,1,0,0,Matchs
190,Dodô,br BRA,"MT,AT",Goiás,21,2001,3.6,23,6.41,10,7,1,0,4,1,0,0.00,0,0,0,0,0,0,Matchs
191,Thiago Dombroski,br BRA,DF,Coritiba,20,2002,5.6,2,0.36,1,0,0,0,0,1,0,0.00,0,0,0,0,0,0,Matchs
192,Halerrandrio dos Santos,br BRA,MT,Goiás,16,2006,0.3,0,0.00,0,0,0,0,0,0,0,0.00,0,0,0,0,0,0,Matchs
193,Thiago dos Santos,br BRA,"DF,MT",Fluminense,33,1989,9.1,8,0.88,7,1,0,0,0,0,0,0.00,0,0,0,0,0,0,Matchs
194,Henrique Dourado,br BRA,AT,Cruzeiro,33,1989,3.8,7,1.83,3,0,1,2,0,1,0,0.00,0,0,0,0,0,0,Matchs
195,David Duarte,br BRA,DF,Bahia,28,1995,9.6,5,0.52,4,0,0,1,0,0,0,0.00,0,0,0,0,0,0,Matchs
196,Dudu,br BRA,MT,Ath Paranaense,17,2006,0.0,0,0.00,0,0,0,0,0,0,0,0.00,0,0,0,0,0,0,Matchs
197,Dudu,br BRA,AT,Palmeiras,31,1992,12.0,62,5.18,48,2,9,0,1,2,5,0.42,4,0,0,0,0,1,Matchs
198,Éberth,br BRA,AT,Coritiba,19,2003,0.3,1,3.60,0,0,0,1,0,0,0,0.00,0,0,0,0,0,0,Matchs
199,Edenílson,br BRA,"MT,AT",Atlético Mineiro,33,1989,15.2,39,2.57,34,1,0,1,2,1,4,0.26,3,0,0,1,0,0,Matchs
200,Eder,br BRA,DF,América (MG),27,1995,17.4,11,0.63,11,0,0,0,0,0,0,0.00,0,0,0,0,0,0,Matchs
Clt,Joueur,Nation,Pos,Équipe,Âge,Naissance,90,AMT,AMT90,PassLive,PassDead,TO,Tirs,Ftp,Déf,AMB,AMB90,PassLive,PassDead,TO,Tirs,Ftp,Déf,Matchs
201,EDU,br BRA,DF,Goiás,22,2000,4.8,3,0.62,3,0,0,0,0,0,0,0.00,0,0,0,0,0,0,Matchs
202,Edu,br BRA,"AT,MT",Coritiba,29,1993,3.6,7,1.97,6,0,0,0,1,0,0,0.00,0,0,0,0,0,0,Matchs
203,Carlos Eduardo,br BRA,"MT,AT",Atlético Mineiro,18,2004,0.1,0,0.00,0,0,0,0,0,0,0,0.00,0,0,0,0,0,0,Matchs
204,Carlos Eduardo,br BRA,MT,Botafogo (RJ),33,1989,29.7,84,2.83,57,10,5,3,9,0,10,0.34,7,3,0,0,0,0,Matchs
205,Eguinaldo,br BRA,"AT,MT",Vasco da Gama,18,2004,0.7,1,1.34,1,0,0,0,0,0,0,0.00,0,0,0,0,0,0,Matchs
206,Rafael Elias,br BRA,AT,Cruzeiro,23,1999,6.0,15,2.50,8,0,2,4,1,0,0,0.00,0,0,0,0,0,0,Matchs
207,Rodrigo Ely,br BRA,DF,Grêmio,29,1993,7.4,1,0.14,1,0,0,0,0,0,0,0.00,0,0,0,0,0,0,Matchs
208,Lucas Emmanuel,br BRA,AT,Goiás,22,2000,0.6,0,0.00,0,0,0,0,0,0,0,0.00,0,0,0,0,0,0,Matchs
209,Leandro Emmanuel Martínez,ar ARG,MT,América (MG),28,1994,28.2,120,4.25,83,22,3,3,5,4,9,0.32,6,2,0,0,1,0,Matchs
210,Alan Empereur,br BRA,DF,Cuiabá,28,1994,32.8,25,0.76,23,2,0,0,0,0,1,0.03,1,0,0,0,0,0,Matchs
211,Endrick,br BRA,AT,Palmeiras,16,2006,17.3,54,3.12,31,0,11,5,7,0,9,0.52,3,0,4,1,1,0,Matchs
212,Erick,br BRA,MT,Ath Paranaense,25,1997,27.8,61,2.20,51,0,2,5,1,2,7,0.25,6,0,1,0,0,0,Matchs
213,Erison,br BRA,"AT,MT",São Paulo,23,1999,4.3,7,1.61,2,0,2,2,1,0,1,0.23,0,0,0,1,0,0,Matchs
214,Gonzalo Escobar,ar ARG,DF,Fortaleza,25,1997,6.4,16,2.49,11,2,2,0,0,1,1,0.16,0,0,0,0,0,1,Matchs
215,Lucas Esquivel,ar ARG,DF,Ath Paranaense,21,2001,18.3,41,2.24,21,13,1,1,3,2,3,0.16,2,1,0,0,0,0,Matchs
216,Estevão,br BRA,MT,Internacional,20,2002,0.1,0,0.00,0,0,0,0,0,0,0,0.00,0,0,0,0,0,0,Matchs
217,Estevão,br BRA,DF,Palmeiras,16,2006,0.1,0,0.00,0,0,0,0,0,0,0,0.00,0,0,0,0,0,0,Matchs
218,Vitor Eudes,br BRA,GB,Fluminense,24,1998,1.0,0,0.00,0,0,0,0,0,0,0,0.00,0,0,0,0,0,0,Matchs
219,Lucas Evangelista,br BRA,MT,Red Bull Bragantino,27,1995,30.2,159,5.26,107,28,5,8,9,2,12,0.40,7,3,0,2,0,0,Matchs
220,Everaldo,br BRA,"AT,MT",América (MG),28,1994,13.7,50,3.65,35,3,1,4,7,0,6,0.44,6,0,0,0,0,0,Matchs
221,Éverson,br BRA,GB,Atlético Mineiro,32,1990,36.0,8,0.22,6,2,0,0,0,0,1,0.03,0,1,0,0,0,0,Matchs
222,Everton,br BRA,"AT,MT",Grêmio,25,1997,13.5,44,3.26,31,2,3,5,2,1,5,0.37,4,0,1,0,0,0,Matchs
223,Bruno Fabiano Alves,br BRA,DF,Grêmio,31,1991,27.2,5,0.18,4,0,0,1,0,0,1,0.04,1,0,0,0,0,0,Matchs
224,Fabinho,br BRA,MT,Palmeiras,20,2002,6.5,15,2.30,12,0,0,1,1,1,2,0.31,1,0,0,1,0,0,Matchs
225,Fábio,br BRA,GB,Fluminense,42,1980,35.0,4,0.11,4,0,0,0,0,0,0,0.00,0,0,0,0,0,0,Matchs
Clt,Joueur,Nation,Pos,Équipe,Âge,Naissance,90,AMT,AMT90,PassLive,PassDead,TO,Tirs,Ftp,Déf,AMB,AMB90,PassLive,PassDead,TO,Tirs,Ftp,Déf,Matchs
226,Fábio,br BRA,"DF,MT",Grêmio,32,1990,9.7,24,2.48,19,0,0,2,2,1,3,0.31,2,0,0,0,0,1,Matchs
227,Fagner,br BRA,DF,Corinthians,33,1989,23.3,69,2.96,38,26,1,0,3,1,5,0.21,4,1,0,0,0,0,Matchs
228,Willian Farias,br BRA,MT,Coritiba,33,1989,10.7,14,1.31,11,0,1,1,0,1,0,0.00,0,0,0,0,0,0,Matchs
229,Luiz Felipe,br BRA,DF,Santos,29,1993,0.0,0,0.00,0,0,0,0,0,0,0,0.00,0,0,0,0,0,0,Matchs
230,Marcos Felipe,br BRA,GB,Bahia,26,1996,37.0,5,0.14,2,3,0,0,0,0,1,0.03,1,0,0,0,0,0,Matchs
231,Matheus Felipe,br BRA,DF,Ath Paranaense,24,1998,5.9,3,0.51,3,0,0,0,0,0,0,0.00,0,0,0,0,0,0,Matchs
232,Danilo Fernandes,br BRA,GB,Bahia,34,1988,0.4,0,0.00,0,0,0,0,0,0,0,0.00,0,0,0,0,0,0,Matchs
233,Lucas Fernandes,br BRA,MT,Botafogo (RJ),25,1997,5.3,19,3.62,7,7,0,4,1,0,1,0.19,1,0,0,0,0,0,Matchs
234,Matheus Fernandes,br BRA,MT,Red Bull Bragantino,24,1998,26.0,74,2.85,69,0,0,2,1,2,4,0.15,3,0,0,0,0,1,Matchs
235,Nathan Fernandes,br BRA,"AT,MT",Grêmio,17,2005,4.2,16,3.82,9,0,4,3,0,0,1,0.24,1,0,0,0,0,0,Matchs
236,Gatito Fernández,py PAR,GB,Botafogo (RJ),34,1988,0.5,0,0.00,0,0,0,0,0,0,0,0.00,0,0,0,0,0,0,Matchs
237,Leonardo Fernández,uy URU,"MT,AT",Fluminense,24,1998,7.3,32,4.39,17,7,3,1,4,0,2,0.27,0,0,1,0,1,0,Matchs
238,Rodrigo Fernández,uy URU,MT,Santos,27,1996,22.4,21,0.94,17,0,1,0,3,0,1,0.04,1,0,0,0,0,0,Matchs
239,Fernandinho,br BRA,MT,Ath Paranaense,37,1985,21.5,71,3.31,61,3,1,0,5,1,12,0.56,11,0,0,0,1,0,Matchs
240,Fernando,br BRA,DF,Ath Paranaense,23,1999,5.3,14,2.64,13,1,0,0,0,0,4,0.75,4,0,0,0,0,0,Matchs
241,Nahuel Ferraresi,ve VEN,AT,São Paulo,24,1998,0.0,0,0.00,0,0,0,0,0,0,0,0.00,0,0,0,0,0,0,Matchs
242,Ferreira,br BRA,"AT,MT",Grêmio,25,1997,12.7,51,04.01,34,2,8,3,4,0,9,0.71,4,1,2,1,1,0,Matchs
243,Sebastián Ferreira,py PAR,"AT,MT",Vasco da Gama,24,1998,4.9,15,03.07,13,0,0,1,1,0,2,0.41,1,0,0,1,0,0,Matchs
244,Figueiredo,br BRA,"AT,MT",Vasco da Gama,21,2001,7.3,21,2.88,15,1,1,0,4,0,1,0.14,0,0,0,0,1,0,Matchs
245,Tobias Figueiredo,pt POR,DF,Fortaleza,28,1994,3.8,3,0.79,2,0,0,0,1,0,0,0.00,0,0,0,0,0,0,Matchs
246,Matheus França,br BRA,"MT,AT",Flamengo,18,2004,4.1,16,3.90,11,1,3,0,1,0,1,0.24,0,0,0,0,1,0,Matchs
247,Alan Franco,ec ECU,"MT,AT",Atlético Mineiro,24,1998,9.3,13,1.39,11,0,0,1,0,1,1,0.11,0,0,0,1,0,0,Matchs
248,Alan Franco,ar ARG,DF,São Paulo,26,1996,12.5,10,0.80,10,0,0,0,0,0,1,0.08,1,0,0,0,0,0,Matchs
249,Fransérgio,br BRA,MT,Coritiba,32,1990,5.9,8,1.35,7,0,0,1,0,0,1,0.17,1,0,0,0,0,0,Matchs
250,Marlon Freitas,br BRA,MT,Botafogo (RJ),27,1995,32.3,80,2.48,70,1,1,6,1,1,5,0.15,4,0,0,1,0,0,Matchs
Clt,Joueur,Nation,Pos,Équipe,Âge,Naissance,90,AMT,AMT90,PassLive,PassDead,TO,Tirs,Ftp,Déf,AMB,AMB90,PassLive,PassDead,TO,Tirs,Ftp,Déf,Matchs
251,Bruno Fuchs,br BRA,DF,Atlético Mineiro,23,1999,12.1,10,0.83,10,0,0,0,0,0,2,0.17,2,0,0,0,0,0,Matchs
252,Julio Furch,ar ARG,"AT,MT",Santos,33,1989,6.8,17,2.50,11,0,2,3,1,0,0,0.00,0,0,0,0,0,0,Matchs
253,Gabriel,br BRA,DF,Bahia,21,2001,10.9,6,0.55,3,0,0,3,0,0,0,0.00,0,0,0,0,0,0,Matchs
254,Gabriel,br BRA,MT,Internacional,30,1992,8.5,17,2.00,15,1,0,0,0,1,0,0.00,0,0,0,0,0,0,Matchs
255,Gabriel,br BRA,GB,Coritiba,30,1992,30.7,5,0.16,4,1,0,0,0,0,0,0.00,0,0,0,0,0,0,Matchs
256,Gabriel,br BRA,MT,Botafogo (RJ),29,1993,9.6,33,3.30,24,1,3,3,0,2,2,0.20,2,0,0,0,0,0,Matchs
257,Eduardo Gabriel,br BRA,DF,Santos,26,1996,3.0,2,0.67,1,0,0,1,0,0,0,0.00,0,0,0,0,0,0,Matchs
258,Thalisson Gabriel,br BRA,DF,Coritiba,21,2002,10.5,2,0.19,1,0,0,1,0,0,0,0.00,0,0,0,0,0,0,Matchs
259,Zé Gabriel,br BRA,MT,Vasco da Gama,24,1999,21.5,26,1.21,22,0,1,1,1,1,0,0.00,0,0,0,0,0,0,Matchs
260,Ighor Gabryel,br BRA,AT,América (MG),20,2003,0.3,1,3.46,1,0,0,0,0,0,0,0.00,0,0,0,0,0,0,Matchs
261,Matías Galarza,py PAR,MT,Vasco da Gama,20,2002,4.5,5,1.12,5,0,0,0,0,0,0,0.00,0,0,0,0,0,0,Matchs
262,Thiago Galhardo,br BRA,"AT,MT",Fortaleza,33,1989,20.8,58,2.78,41,0,3,8,4,2,6,0.29,6,0,0,0,0,0,Matchs
263,JP Galvão,br BRA,DF,Botafogo (RJ),21,2001,2.2,6,2.69,4,2,0,0,0,0,0,0.00,0,0,0,0,0,0,Matchs
264,Ganso,br BRA,MT,Fluminense,33,1989,19.3,68,3.52,53,11,0,4,0,0,8,0.41,6,2,0,0,0,0,Matchs
265,Maurício Garcez,br BRA,"MT,AT",Coritiba,25,1997,6.6,12,1.81,6,0,1,1,3,1,0,0.00,0,0,0,0,0,0,Matchs
266,García,br BRA,DF,Palmeiras,21,2002,3.3,5,1.54,4,1,0,0,0,0,1,0.31,1,0,0,0,0,0,Matchs
267,Bryan García,ec ECU,MT,Ath Paranaense,22,2001,0.0,0,0.00,0,0,0,0,0,0,0,0.00,0,0,0,0,0,0,Matchs
268,Luan Garcia,br BRA,DF,Palmeiras,29,1993,20.2,25,1.24,23,0,1,1,0,0,4,0.20,2,0,1,1,0,0,Matchs
269,Rafael Gava,br BRA,MT,Cuiabá,29,1993,0.2,2,10.00,1,1,0,0,0,0,0,0.00,0,0,0,0,0,0,Matchs
270,Pedro Geromel,br BRA,DF,Grêmio,37,1985,5.2,2,0.38,1,0,0,1,0,0,0,0.00,0,0,0,0,0,0,Matchs
271,Gerson,br BRA,MT,Flamengo,25,1997,29.9,122,04.09,101,0,8,4,8,1,15,0.50,13,0,1,0,1,0,Matchs
272,Gil,br BRA,DF,Corinthians,35,1987,32.0,24,0.75,17,0,0,5,1,1,4,0.12,2,0,0,2,0,0,Matchs
273,Gilberto,br BRA,AT,Cruzeiro,33,1989,12.1,22,1.81,18,0,1,2,0,1,3,0.25,3,0,0,0,0,0,Matchs
274,Gilberto,br BRA,DF,Bahia,29,1993,20.6,62,03.01,48,5,4,1,3,1,8,0.39,6,0,1,0,1,0,Matchs
275,Giovane,br BRA,AT,Corinthians,19,2003,1.5,0,0.00,0,0,0,0,0,0,0,0.00,0,0,0,0,0,0,Matchs
Clt,Joueur,Nation,Pos,Équipe,Âge,Naissance,90,AMT,AMT90,PassLive,PassDead,TO,Tirs,Ftp,Déf,AMB,AMB90,PassLive,PassDead,TO,Tirs,Ftp,Déf,Matchs
276,Giovani,br BRA,AT,Palmeiras,19,2004,0.2,0,0.00,0,0,0,0,0,0,0,0.00,0,0,0,0,0,0,Matchs
277,Giovanni,br BRA,"MT,DF",Fluminense,21,2002,1.1,6,5.63,4,0,0,1,1,0,0,0.00,0,0,0,0,0,0,Matchs
278,Bruno Gomes,br BRA,MT,Coritiba,21,2001,24.4,71,2.91,44,6,5,3,11,2,6,0.25,3,1,0,1,1,0,Matchs
279,Igor Gomes,br BRA,"MT,AT",Atlético Mineiro,23,1999,15.3,52,3.41,38,9,4,0,1,0,6,0.39,5,0,1,0,0,0,Matchs
280,Igor Gomes,br BRA,DF,Internacional,21,2001,16.3,15,0.92,11,0,1,2,1,0,1,0.06,1,0,0,0,0,0,Matchs
281,Marlon Gomes,br BRA,MT,Vasco da Gama,19,2003,12.7,,,,,,,,,,,,,,,,,Matchs
282,William Gomes,br BRA,AT,São Paulo,16,2006,0.8,5,5.92,4,0,0,0,0,1,0,0.00,0,0,0,0,0,0,Matchs
283,Gustavo Gómez,py PAR,DF,Palmeiras,29,1993,30.7,31,01.01,24,0,0,5,0,2,5,0.16,3,0,0,2,0,0,Matchs
284,Sebastián Gómez,co COL,MT,Coritiba,26,1996,15.9,19,1.20,14,2,0,1,1,1,3,0.19,1,0,0,1,1,0,Matchs
285,Aloísio dos Santos Gonçalves,cn CHN,"AT,MT",América (MG),34,1988,8.0,26,3.26,16,0,5,3,2,0,4,0.50,2,0,0,2,0,0,Matchs
286,Diego Gonçalves,br BRA,"AT,MT",Goiás,28,1994,4.0,11,2.78,9,0,0,1,1,0,0,0.00,0,0,0,0,0,0,Matchs
287,Mateus Gonçalves Martins,br BRA,"MT,AT",América (MG),28,1994,0.7,0,0.00,0,0,0,0,0,0,0,0.00,0,0,0,0,0,0,Matchs
288,Matheus Gonçalves,br BRA,"AT,MT",Flamengo,17,2005,0.2,2,11.25,2,0,0,0,0,0,0,0.00,0,0,0,0,0,0,Matchs
289,Matheus Gonçalves,br BRA,"AT,MT",Red Bull Bragantino,17,2005,5.1,31,06.04,19,3,3,2,4,0,4,0.78,1,0,1,0,2,0,Matchs
290,Yony González,co COL,"AT,MT",Fluminense,28,1994,6.4,11,1.72,10,0,0,0,0,1,1,0.16,1,0,0,0,0,0,Matchs
291,Roger Guedes,br BRA,"AT,MT",Corinthians,26,1996,15.0,46,03.07,34,2,2,4,4,0,3,0.20,3,0,0,0,0,0,Matchs
292,Guga,br BRA,DF,Fluminense,24,1998,16.8,42,2.50,36,4,0,0,1,1,5,0.30,5,0,0,0,0,0,Matchs
293,Guilherme,br BRA,MT,Goiás,31,1991,20.6,99,4.81,41,49,2,4,2,1,8,0.39,1,6,0,1,0,0,Matchs
294,Guilherme,br BRA,"AT,MT",Fortaleza,27,1995,15.7,48,03.06,30,4,4,6,3,1,4,0.25,4,0,0,0,0,0,Matchs
295,Guilherme,br BRA,"DF,MT",Red Bull Bragantino,20,2002,2.9,2,0.69,1,1,0,0,0,0,0,0.00,0,0,0,0,0,0,Matchs
296,Luis Guilherme,br BRA,"AT,MT",Palmeiras,16,2006,6.4,30,4.70,17,4,4,0,4,1,2,0.31,1,0,0,0,1,0,Matchs
297,Gustavinho,br BRA,"AT,MT",Grêmio,21,2001,0.4,1,2.81,1,0,0,0,0,0,0,0.00,0,0,0,0,0,0,Matchs
298,Gustavinho,br BRA,"MT,AT",Red Bull Bragantino,18,2004,7.4,14,1.90,10,0,2,1,1,0,1,0.14,0,0,0,1,0,0,Matchs
299,Raphael Guzzo,pt POR,MT,Goiás,28,1995,6.4,21,3.28,14,3,0,3,0,1,0,0.00,0,0,0,0,0,0,Matchs
300,Lucas Halter,br BRA,DF,Goiás,22,2000,28.7,28,0.98,23,2,0,2,0,1,2,0.07,2,0,0,0,0,0,Matchs
Clt,Joueur,Nation,Pos,Équipe,Âge,Naissance,90,AMT,AMT90,PassLive,PassDead,TO,Tirs,Ftp,Déf,AMB,AMB90,PassLive,PassDead,TO,Tirs,Ftp,Déf,Matchs
301,Hayner,br BRA,"DF,MT",Coritiba,27,1995,3.4,7,02.07,6,0,0,0,1,0,1,0.30,1,0,0,0,0,0,Matchs
302,Thiago Heleno,br BRA,DF,Ath Paranaense,34,1988,30.9,20,0.65,19,1,0,0,0,0,2,0.06,2,0,0,0,0,0,Matchs
303,Helinho,br BRA,AT,Red Bull Bragantino,22,2000,15.4,80,5.20,52,9,9,3,6,1,6,0.39,4,1,0,0,1,0,Matchs
304,Henrique,br BRA,DF,Coritiba,36,1986,22.5,11,0.49,7,1,0,1,0,2,0,0.00,0,0,0,0,0,0,Matchs
305,Bruno Henrique,br BRA,"AT,MT",Flamengo,32,1990,17.1,46,2.68,33,0,6,4,3,0,6,0.35,2,0,3,0,1,0,Matchs
306,Bruno Henrique,br BRA,MT,Internacional,33,1989,11.7,44,3.77,32,6,0,2,4,0,2,0.17,2,0,0,0,0,0,Matchs
307,Dalbert Henrique,br BRA,DF,Internacional,29,1993,5.5,9,1.63,6,2,0,0,1,0,1,0.18,0,1,0,0,0,0,Matchs
308,Fernando Henrique,br BRA,MT,Cruzeiro,21,2001,1.5,7,4.77,4,0,0,2,1,0,1,0.68,1,0,0,0,0,0,Matchs
309,Luis Henrique,br BRA,"AT,MT",Botafogo (RJ),21,2001,15.3,61,3.96,50,0,9,1,1,0,8,0.52,4,0,3,0,1,0,Matchs
310,Mateus Henrique,br BRA,DF,América (MG),20,2002,6.0,12,02.01,11,0,1,0,0,0,3,0.50,2,0,1,0,0,0,Matchs
311,Paulo Henrique,br BRA,DF,Vasco da Gama,26,1996,9.5,29,03.07,22,3,3,1,0,0,2,0.21,2,0,0,0,0,0,Matchs
312,Pedro Henrique,br BRA,DF,Ath Paranaense,27,1995,9.5,5,0.53,4,0,0,0,0,1,1,0.11,1,0,0,0,0,0,Matchs
313,Pedro Henrique,br BRA,"AT,MT",Internacional,32,1990,14.1,47,3.33,27,1,5,6,7,1,6,0.43,3,0,1,0,1,1,Matchs
314,Breno Herculano,br BRA,"AT,MT",Goiás,23,1999,0.9,1,1.15,1,0,0,0,0,0,0,0.00,0,0,0,0,0,0,Matchs
315,Hércules,br BRA,MT,Fortaleza,22,2000,8.6,17,1.98,13,0,1,1,0,2,1,0.12,0,0,0,0,0,1,Matchs
316,Diego Hernández,uy URU,AT,Botafogo (RJ),22,2000,0.5,1,2.20,0,0,0,1,0,0,0,0.00,0,0,0,0,0,0,Matchs
317,Nicolás Hernández,co COL,DF,Internacional,25,1998,14.4,12,0.83,10,0,0,1,1,0,3,0.21,3,0,0,0,0,0,Matchs
318,Lucca Holanda,br BRA,AT,Internacional,19,2003,6.1,19,3.10,13,0,1,2,2,1,1,0.16,1,0,0,0,0,0,Matchs
319,Hugo,br BRA,DF,Goiás,25,1997,15.8,33,02.09,25,7,1,0,0,0,1,0.06,1,0,0,0,0,0,Matchs
320,Hugo,br BRA,DF,Botafogo (RJ),21,2001,15.5,36,2.32,25,11,0,0,0,0,2,0.13,2,0,0,0,0,0,Matchs
321,Victor Hugo,br BRA,"MT,AT",Flamengo,18,2004,14.2,33,2.33,24,1,4,4,0,0,3,0.21,3,0,0,0,0,0,Matchs
322,Vitor Hugo,br BRA,DF,Bahia,31,1991,23.7,14,0.59,12,0,0,1,0,1,1,0.04,1,0,0,0,0,0,Matchs
323,Hulk,br BRA,AT,Atlético Mineiro,36,1986,32.7,158,4.84,72,14,21,15,34,2,22,0.67,13,1,3,1,4,0,Matchs
324,José Hurtado,ec ECU,DF,Red Bull Bragantino,21,2001,18.0,34,1.89,26,4,4,0,0,0,0,0.00,0,0,0,0,0,0,Matchs
325,Hyoran,br BRA,"MT,AT",Atlético Mineiro,29,1993,7.7,31,04.04,20,6,1,3,1,0,1,0.13,1,0,0,0,0,0,Matchs
Clt,Joueur,Nation,Pos,Équipe,Âge,Naissance,90,AMT,AMT90,PassLive,PassDead,TO,Tirs,Ftp,Déf,AMB,AMB90,PassLive,PassDead,TO,Tirs,Ftp,Déf,Matchs
326,Igor,br BRA,MT,Flamengo,19,2003,0.9,1,1.15,1,0,0,0,0,0,0,0.00,0,0,0,0,0,0,Matchs
327,André Inácio,br BRA,AT,Flamengo,20,2002,0.2,0,0.00,0,0,0,0,0,0,0,0.00,0,0,0,0,0,0,Matchs
328,Gabriel Inocêncio,br BRA,DF,Santos,28,1994,14.2,23,1.62,18,2,1,1,0,1,0,0.00,0,0,0,0,0,0,Matchs
329,Isaac,br BRA,AT,Atlético Mineiro,18,2004,0.2,1,11.25,1,0,0,0,0,0,0,0.00,0,0,0,0,0,0,Matchs
330,Isaac,br BRA,"MT,DF",Fluminense,18,2004,1.5,9,6.18,5,0,2,0,1,1,1,0.69,1,0,0,0,0,0,Matchs
331,Juan Iturbe,py PAR,"AT,MT",Grêmio,29,1993,0.8,1,1.32,0,0,0,0,0,1,1,1.32,0,0,0,0,0,1,Matchs
332,Zé Ivaldo,br BRA,DF,Ath Paranaense,25,1997,11.3,8,0.71,7,0,1,0,0,0,2,0.18,2,0,0,0,0,0,Matchs
333,Ivonei,br BRA,MT,Santos,20,2002,0.0,0,0.00,0,0,0,0,0,0,0,0.00,0,0,0,0,0,0,Matchs
334,Vítor Jacaré,br BRA,"DF,MT",Bahia,23,1999,9.5,26,2.83,18,2,1,2,1,2,2,0.22,0,0,1,0,0,1,Matchs
335,Jadsom,br BRA,MT,Red Bull Bragantino,21,2001,21.1,55,2.61,48,2,0,3,1,1,2,0.10,2,0,0,0,0,0,Matchs
336,Jair,br BRA,MT,Vasco da Gama,28,1994,17.7,53,3.00,45,1,2,1,4,0,4,0.23,2,0,1,0,1,0,Matchs
337,Jamerson,br BRA,"DF,AT",Coritiba,24,1998,21.0,43,02.05,29,4,7,2,0,1,4,0.19,2,1,1,0,0,0,Matchs
338,Janderson,br BRA,"AT,MT",Botafogo (RJ),23,1999,4.6,17,3.70,15,0,2,0,0,0,2,0.43,2,0,0,0,0,0,Matchs
339,Jandrei,br BRA,GB,São Paulo,29,1993,5.0,1,0.20,1,0,0,0,0,0,0,0.00,0,0,0,0,0,0,Matchs
340,Léo Jardim,br BRA,GB,Vasco da Gama,27,1995,38.0,1,0.03,1,0,0,0,0,0,0,0.00,0,0,0,0,0,0,Matchs
341,Jemerson,br BRA,DF,Atlético Mineiro,30,1992,27.5,15,0.55,11,0,0,4,0,0,2,0.07,1,0,0,1,0,0,Matchs
342,Jesé,es ESP,MT,Coritiba,29,1993,1.1,4,3.75,4,0,0,0,0,0,0,0.00,0,0,0,0,0,0,Matchs
343,Alexandre Jesus,br BRA,DF,Fluminense,21,2001,0.1,0,0.00,0,0,0,0,0,0,0,0.00,0,0,0,0,0,0,Matchs
344,Jhow,br BRA,DF,América (MG),19,2003,0.2,0,0.00,0,0,0,0,0,0,0,0.00,0,0,0,0,0,0,Matchs
345,Joaquim,br BRA,DF,Santos,24,1998,30.3,29,0.96,20,0,1,5,1,2,5,0.16,2,0,0,2,1,0,Matchs
346,John,br BRA,GB,Internacional,26,1996,9.0,0,0.00,0,0,0,0,0,0,0,0.00,0,0,0,0,0,0,Matchs
347,Felipe Jonatan,br BRA,DF,Santos,24,1998,1.0,2,2.00,2,0,0,0,0,0,0,0.00,0,0,0,0,0,0,Matchs
348,Jori,br BRA,GB,América (MG),26,1996,11.0,2,0.18,1,1,0,0,0,0,0,0.00,0,0,0,0,0,0,Matchs
349,Josué,br BRA,MT,Grêmio,17,2005,1.3,0,0.00,0,0,0,0,0,0,0,0.00,0,0,0,0,0,0,Matchs
350,Jhonatan Jowjow,br BRA,"MT,AT",Palmeiras,20,2002,9.9,37,3.73,26,3,3,3,2,0,3,0.30,3,0,0,0,0,0,Matchs
Clt,Joueur,Nation,Pos,Équipe,Âge,Naissance,90,AMT,AMT90,PassLive,PassDead,TO,Tirs,Ftp,Déf,AMB,AMB90,PassLive,PassDead,TO,Tirs,Ftp,Déf,Matchs
351,Daniel Jr,br BRA,MT,Cruzeiro,20,2002,0.3,6,22.50,4,0,1,0,1,0,0,0.00,0,0,0,0,0,0,Matchs
352,Luciano Juba,br BRA,"DF,MT",Bahia,23,1999,7.2,32,4.45,13,18,0,1,0,0,2,0.28,1,1,0,0,0,0,Matchs
353,Juninho,br BRA,MT,América (MG),35,1987,32.5,97,2.99,78,1,5,8,3,2,9,0.28,8,0,0,0,1,0,Matchs
354,Jussa,br BRA,MT,Cruzeiro,26,1996,19.6,22,1.12,20,0,1,0,0,1,0,0.00,0,0,0,0,0,0,Matchs
355,Justen,br BRA,DF,Fluminense,19,2003,0.6,0,0.00,0,0,0,0,0,0,0,0.00,0,0,0,0,0,0,Matchs
356,Kaiki,br BRA,"DF,AT",Cruzeiro,19,2003,2.5,5,1.97,3,0,1,0,1,0,2,0.79,0,0,1,0,1,0,Matchs
357,Kaio,br BRA,"MT,AT",Coritiba,18,2004,9.8,31,3.16,15,2,3,0,11,0,1,0.10,1,0,0,0,0,0,Matchs
358,Lucas Kal,br BRA,MT,América (MG),26,1996,13.7,29,2.11,29,0,0,0,0,0,1,0.07,1,0,0,0,0,0,Matchs
359,Walter Kannemann,ar ARG,DF,Grêmio,31,1991,26.2,18,0.69,16,0,0,1,0,1,1,0.04,0,0,0,0,0,1,Matchs
360,Kanu,br BRA,DF,Bahia,25,1997,32.3,24,0.74,19,0,0,5,0,0,2,0.06,0,0,0,2,0,0,Matchs
361,Alan Kardec,br BRA,"AT,MT",Atlético Mineiro,34,1989,2.9,8,2.70,7,0,0,0,1,0,1,0.34,1,0,0,0,0,0,Matchs
362,Kauan,br BRA,AT,Fortaleza,17,2005,0.1,0,0.00,0,0,0,0,0,0,0,0.00,0,0,0,0,0,0,Matchs
363,Vinicius Kaue,br BRA,"DF,MT",Ath Paranaense,19,2003,3.8,3,0.79,2,0,1,0,0,0,0,0.00,0,0,0,0,0,0,Matchs
364,Kayque,br BRA,MT,Botafogo (RJ),22,2000,0.3,2,6.67,2,0,0,0,0,0,1,3.33,1,0,0,0,0,0,Matchs
365,Renato Kayser,br BRA,"AT,MT",América (MG),26,1996,0.4,1,2.31,0,0,0,1,0,0,0,0.00,0,0,0,0,0,0,Matchs
366,Keiller,br BRA,GB,Internacional,26,1996,10.0,1,0.10,1,0,0,0,0,0,0,0.00,0,0,0,0,0,0,Matchs
367,John Kennedy,br BRA,"AT,MT",Fluminense,20,2002,15.2,57,3.74,25,0,19,6,6,1,3,0.20,0,0,2,0,1,0,Matchs
368,Keno,br BRA,"AT,MT",Fluminense,33,1989,17.9,72,04.01,52,2,12,3,3,0,10,0.56,7,0,2,0,1,0,Matchs
369,Kevin,br BRA,"AT,DF",Palmeiras,20,2003,2.6,6,2.32,3,0,1,1,1,0,1,0.39,0,0,0,0,1,0,Matchs
370,Kevyson,br BRA,DF,Santos,18,2004,10.8,20,1.85,15,0,3,1,1,0,1,0.09,1,0,0,0,0,0,Matchs
371,Khellven,br BRA,DF,Ath Paranaense,21,2001,11.1,26,2.35,16,8,1,1,0,0,4,0.36,4,0,0,0,0,0,Matchs
372,Maurício Kozlinski,br BRA,GB,Fortaleza,31,1991,1.0,0,0.00,0,0,0,0,0,0,0,0.00,0,0,0,0,0,0,Matchs
373,Benjamín Kuscevic,cl CHI,DF,Coritiba,26,1996,22.5,8,0.36,8,0,0,0,0,0,0,0.00,0,0,0,0,0,0,Matchs
374,Derik Lacerda,br BRA,"AT,MT",Cuiabá,23,1999,7.3,25,3.41,13,0,5,2,4,1,5,0.68,2,0,1,0,2,0,Matchs
375,Ignacio Laquintana,uy URU,AT,Red Bull Bragantino,23,1999,2.0,3,1.48,2,0,0,1,0,0,1,0.49,0,0,0,1,0,0,Matchs
Clt,Joueur,Nation,Pos,Équipe,Âge,Naissance,90,AMT,AMT90,PassLive,PassDead,TO,Tirs,Ftp,Déf,AMB,AMB90,PassLive,PassDead,TO,Tirs,Ftp,Déf,Matchs
376,Thauan Lara,br BRA,"DF,MT",Internacional,19,2004,3.7,10,2.68,8,0,1,1,0,0,1,0.27,1,0,0,0,0,0,Matchs
377,Lelê,br BRA,"AT,MT",Fluminense,25,1997,12.7,29,2.28,20,0,3,4,2,0,4,0.31,2,0,1,1,0,0,Matchs
378,Mauricio Lemos,uy URU,DF,Atlético Mineiro,27,1995,24.6,12,0.49,11,0,0,1,0,0,3,0.12,3,0,0,0,0,0,Matchs
379,Marcos Leonardo,br BRA,AT,Santos,19,2003,28.8,71,2.47,45,1,6,9,9,1,6,0.21,4,0,1,0,1,0,Matchs
380,Lian,br BRA,MT,Grêmio,17,2005,0.1,0,0.00,0,0,0,0,0,0,0,0.00,0,0,0,0,0,0,Matchs
381,Lima,br BRA,"MT,AT",Fluminense,26,1996,28.1,69,2.45,51,5,5,5,2,1,10,0.36,3,1,2,3,1,0,Matchs
382,Lucas Lima,br BRA,"MT,AT",Santos,32,1990,24.5,127,5.19,66,43,2,3,5,8,7,0.29,4,2,0,1,0,0,Matchs
383,Leonardo Linck,br BRA,GB,Ath Paranaense,21,2001,5.0,1,0.20,1,0,0,0,0,0,0,0.00,0,0,0,0,0,0,Matchs
384,Liziero,br BRA,MT,Coritiba,24,1998,6.5,13,2.00,11,1,1,0,0,0,0,0.00,0,0,0,0,0,0,Matchs
385,Marcelo Lomba,br BRA,GB,Palmeiras,36,1986,3.0,1,0.33,1,0,0,0,0,0,0,0.00,0,0,0,0,0,0,Matchs
386,José López,ar ARG,"AT,MT",Palmeiras,22,2000,6.6,24,3.65,15,0,2,2,4,1,1,0.15,1,0,0,0,0,0,Matchs
387,Lucão,br BRA,DF,Red Bull Bragantino,24,1998,2.2,0,0.00,0,0,0,0,0,0,0,0.00,0,0,0,0,0,0,Matchs
388,Lucão,br BRA,GB,Red Bull Bragantino,21,2001,5.0,0,0.00,0,0,0,0,0,0,0,0.00,0,0,0,0,0,0,Matchs
389,Lucas,br BRA,DF,Santos,21,2001,6.8,11,1.62,8,0,2,0,1,0,0,0.00,0,0,0,0,0,0,Matchs
390,Ayrton Lucas,br BRA,DF,Flamengo,25,1997,28.8,47,1.63,34,0,7,2,3,1,8,0.28,4,0,2,1,1,0,Matchs
391,Jean Lucas,br BRA,MT,Santos,24,1998,20.1,85,4.23,52,20,7,5,1,0,6,0.30,4,1,0,1,0,0,Matchs
392,Jhonny Lucas,br BRA,MT,Goiás,22,2000,0.2,1,5.00,1,0,0,0,0,0,0,0.00,0,0,0,0,0,0,Matchs
393,João Lucas,br BRA,DF,Santos,24,1998,9.0,11,1.23,4,4,0,2,0,1,2,0.22,1,1,0,0,0,0,Matchs
394,Ruan Lucas,br BRA,"MT,AT",Coritiba,18,2004,0.3,1,3.10,1,0,0,0,0,0,1,3.10,1,0,0,0,0,0,Matchs
395,Ian Luccas,br BRA,MT,Cruzeiro,19,2003,5.3,10,1.87,7,0,0,1,1,1,1,0.19,1,0,0,0,0,0,Matchs
396,Pedro Luccas,br BRA,GB,Coritiba,19,2004,3.0,1,0.33,1,0,0,0,0,0,0,0.00,0,0,0,0,0,0,Matchs
397,Luciano,br BRA,"MT,AT",São Paulo,29,1993,23.5,81,3.45,56,1,8,10,5,1,5,0.21,2,0,0,3,0,0,Matchs
398,Thomas Luciano,br BRA,DF,Grêmio,21,2002,3.5,3,0.87,2,1,0,0,0,0,0,0.00,0,0,0,0,0,0,Matchs
399,Luis,br BRA,AT,Cruzeiro,17,2005,0.1,1,18.00,1,0,0,0,0,0,0,0.00,0,0,0,0,0,0,Matchs
400,Filipe Luís,br BRA,DF,Flamengo,37,1985,5.9,11,1.88,11,0,0,0,0,0,2,0.34,2,0,0,0,0,0,Matchs
Clt,Joueur,Nation,Pos,Équipe,Âge,Naissance,90,AMT,AMT90,PassLive,PassDead,TO,Tirs,Ftp,Déf,AMB,AMB90,PassLive,PassDead,TO,Tirs,Ftp,Déf,Matchs
401,Victor Luis,br BRA,DF,Coritiba,29,1993,17.4,40,2.30,26,11,0,0,3,0,4,0.23,2,2,0,0,0,0,Matchs
402,David Luiz,br BRA,DF,Flamengo,35,1987,11.0,9,0.81,8,1,0,0,0,0,1,0.09,1,0,0,0,0,0,Matchs
403,Wallisson Luiz,br BRA,MT,Cruzeiro,25,1997,4.4,13,2.98,9,0,4,0,0,0,1,0.23,1,0,0,0,0,0,Matchs
404,Machado,br BRA,MT,Cruzeiro,27,1996,25.3,64,2.53,42,16,0,3,1,2,4,0.16,3,1,0,0,0,0,Matchs
405,Imanol Machuca,ar ARG,AT,Fortaleza,23,2000,7.5,36,4.76,20,8,5,2,1,0,0,0.00,0,0,0,0,0,0,Matchs
406,Mádson,br BRA,"DF,MT",Ath Paranaense,31,1992,14.8,40,2.71,29,5,1,4,1,0,5,0.34,5,0,0,0,0,0,Matchs
407,João Magno,br BRA,AT,Goiás,25,1997,10.9,20,1.83,11,1,0,5,3,0,4,0.37,1,0,0,2,1,0,Matchs
408,Maguinho,br BRA,DF,Goiás,30,1993,31.7,47,1.48,35,1,2,1,6,2,4,0.13,2,0,0,0,2,0,Matchs
409,Pablo Maia,br BRA,MT,São Paulo,21,2002,28.7,59,02.05,50,0,1,5,1,2,3,0.10,0,0,1,2,0,0,Matchs
410,Thiago Maia,br BRA,MT,Flamengo,25,1997,23.3,33,1.41,30,1,0,1,0,1,2,0.09,2,0,0,0,0,0,Matchs
411,Maicon,br BRA,DF,Santos,34,1988,0.5,0,0.00,0,0,0,0,0,0,0,0.00,0,0,0,0,0,0,Matchs
412,Maicon,br BRA,DF,Vasco da Gama,34,1988,13.9,13,0.93,11,1,0,1,0,0,3,0.22,2,0,0,1,0,0,Matchs
413,Iago Maidana,br BRA,DF,América (MG),26,1996,24.0,10,0.42,8,0,0,1,0,1,1,0.04,1,0,0,0,0,0,Matchs
414,Hugo Mallo,es ESP,DF,Internacional,31,1991,3.6,3,0.83,2,0,0,1,0,0,0,0.00,0,0,0,0,0,0,Matchs
415,Léo Mana,br BRA,DF,Corinthians,18,2004,1.5,1,0.67,1,0,0,0,0,0,0,0.00,0,0,0,0,0,0,Matchs
416,Alef Manga,br BRA,"AT,MT",Coritiba,28,1994,8.9,40,4.48,26,1,7,5,1,0,7,0.78,4,0,3,0,0,0,Matchs
417,Manoel,br BRA,DF,Fluminense,32,1990,3.2,0,0.00,0,0,0,0,0,0,0,0.00,0,0,0,0,0,0,Matchs
418,Fernando Marçal,br BRA,DF,Botafogo (RJ),33,1989,18.1,51,2.82,21,28,0,1,0,1,7,0.39,3,4,0,0,0,0,Matchs
419,Marcelo,br BRA,DF,Fluminense,34,1988,14.7,82,5.57,50,16,6,5,3,2,7,0.48,4,1,0,2,0,0,Matchs
420,Marcelo,br BRA,DF,Fortaleza,27,1996,12.0,8,0.67,7,0,0,0,1,0,0,0.00,0,0,0,0,0,0,Matchs
421,João Marcelo,br BRA,DF,Cruzeiro,22,2000,1.8,2,1.10,2,0,0,0,0,0,0,0.00,0,0,0,0,0,0,Matchs
422,Marcinho,br BRA,DF,América (MG),26,1996,8.9,18,02.03,14,2,1,1,0,0,0,0.00,0,0,0,0,0,0,Matchs
423,Erick Marcus,br BRA,"MT,AT",Vasco da Gama,18,2004,4.4,22,4.96,15,1,1,1,4,0,2,0.45,2,0,0,0,0,0,Matchs
424,Mariano,br BRA,DF,Atlético Mineiro,36,1986,17.4,22,1.27,19,3,0,0,0,0,1,0.06,1,0,0,0,0,0,Matchs
425,Marinho,br BRA,"AT,DF",Flamengo,32,1990,0.9,3,3.29,2,1,0,0,0,0,0,0.00,0,0,0,0,0,0,Matchs
Clt,Joueur,Nation,Pos,Équipe,Âge,Naissance,90,AMT,AMT90,PassLive,PassDead,TO,Tirs,Ftp,Déf,AMB,AMB90,PassLive,PassDead,TO,Tirs,Ftp,Déf,Matchs
426,Marinho,br BRA,"AT,MT",Fortaleza,32,1990,12.7,48,3.78,25,8,6,2,7,0,4,0.31,1,0,0,0,3,0,Matchs
427,Marlon,br BRA,DF,Cruzeiro,25,1997,35.5,94,2.65,75,16,1,0,0,2,4,0.11,4,0,0,0,0,0,Matchs
428,Marlon,br BRA,DF,América (MG),28,1994,18.6,41,2.21,29,8,1,0,2,1,2,0.11,1,1,0,0,0,0,Matchs
429,Marlon,br BRA,DF,Fluminense,27,1995,10.4,9,0.87,9,0,0,0,0,0,0,0.00,0,0,0,0,0,0,Matchs
430,Igor Marques,br BRA,DF,Cruzeiro,24,1999,1.3,6,4.54,6,0,0,0,0,0,1,0.76,1,0,0,0,0,0,Matchs
431,Renato Marques,br BRA,"AT,MT",América (MG),19,2003,5.7,9,1.57,8,0,1,0,0,0,2,0.35,2,0,0,0,0,0,Matchs
432,Juan Martín Lucero,ar ARG,AT,Fortaleza,31,1991,23.0,49,2.13,30,1,2,7,9,0,2,0.09,1,0,0,0,1,0,Matchs
433,Martinelli,br BRA,"MT,DF",Fluminense,21,2001,20.9,50,2.39,40,1,3,2,1,3,7,0.33,7,0,0,0,0,0,Matchs
434,Andre Martins,br BRA,"AT,MT",Grêmio,21,2001,4.1,11,2.69,7,0,1,2,0,1,0,0.00,0,0,0,0,0,0,Matchs
435,Gustavo Martins Santos,br BRA,"DF,MT",Grêmio,20,2002,7.7,4,0.52,3,0,0,0,1,0,1,0.13,1,0,0,0,0,0,Matchs
436,Gonzalo Mastriani,uy URU,AT,América (MG),29,1993,19.9,33,1.66,25,0,0,2,6,0,3,0.15,3,0,0,0,0,0,Matchs
437,Matheusinho,br BRA,"MT,AT",América (MG),24,1998,2.5,11,4.30,11,0,0,0,0,0,0,0.00,0,0,0,0,0,0,Matchs
438,Matheusinho,br BRA,DF,Cuiabá,24,1998,4.8,11,2.29,7,1,0,1,2,0,0,0.00,0,0,0,0,0,0,Matchs
439,Matheuzinho,br BRA,DF,Flamengo,22,2000,6.9,10,1.45,9,1,0,0,0,0,0,0.00,0,0,0,0,0,0,Matchs
440,Mauricio,br BRA,"AT,MT",Internacional,21,2001,19.6,65,3.31,52,1,4,4,4,0,10,0.51,8,0,0,1,1,0,Matchs
441,Maycon,br BRA,MT,Corinthians,25,1997,26.7,47,1.76,41,3,0,2,0,1,6,0.22,5,1,0,0,0,0,Matchs
442,Mayke,br BRA,"DF,AT",Palmeiras,30,1992,27.8,74,2.67,69,2,2,1,0,0,8,0.29,8,0,0,0,0,0,Matchs
443,Gary Medel,cl CHI,"DF,MT",Vasco da Gama,35,1987,19.2,16,0.84,14,1,0,0,1,0,0,0.00,0,0,0,0,0,0,Matchs
444,Bruno Melo,br BRA,DF,Goiás,30,1992,32.1,31,0.97,23,1,0,5,2,0,4,0.12,3,0,0,0,1,0,Matchs
445,Felipe Melo,br BRA,DF,Fluminense,39,1983,11.0,11,0.98,11,0,0,0,0,0,0,0.00,0,0,0,0,0,0,Matchs
446,Darlan Mendes,br BRA,MT,Grêmio,24,1998,0.5,1,2.00,1,0,0,0,0,0,0,0.00,0,0,0,0,0,0,Matchs
447,Matheus Mendes,br BRA,GB,Atlético Mineiro,23,1999,2.0,1,0.50,1,0,0,0,0,0,0,0.00,0,0,0,0,0,0,Matchs
448,Nathan Mendes,br BRA,DF,São Paulo,20,2002,13.1,15,1.15,12,0,2,1,0,0,1,0.08,0,0,1,0,0,0,Matchs
449,Vitor Mendes,br BRA,DF,Fluminense,23,1999,1.2,2,1.67,2,0,0,0,0,0,0,0.00,0,0,0,0,0,0,Matchs
450,Bruno Méndez,uy URU,DF,Corinthians,23,1999,18.3,17,0.93,16,1,0,0,0,0,0,0.00,0,0,0,0,0,0,Matchs
Clt,Joueur,Nation,Pos,Équipe,Âge,Naissance,90,AMT,AMT90,PassLive,PassDead,TO,Tirs,Ftp,Déf,AMB,AMB90,PassLive,PassDead,TO,Tirs,Ftp,Déf,Matchs
451,Jhegson Méndez,ec ECU,MT,São Paulo,25,1997,4.1,7,1.70,7,0,0,0,0,0,0,0.00,0,0,0,0,0,0,Matchs
452,Óscar Méndez,uy URU,MT,América (MG),28,1994,2.9,1,0.35,1,0,0,0,0,0,0,0.00,0,0,0,0,0,0,Matchs
453,Stiven Mendoza,co COL,"AT,MT",Santos,30,1992,18.6,46,2.48,34,1,1,1,8,1,5,0.27,4,0,0,0,1,0,Matchs
454,Gabriel Menino,br BRA,MT,Palmeiras,22,2000,17.7,78,4.41,53,11,4,4,4,2,7,0.40,2,4,1,0,0,0,Matchs
455,Gabriel Mercado,ar ARG,DF,Internacional,35,1987,24.2,8,0.33,6,0,0,1,1,0,1,0.04,1,0,0,0,0,0,Matchs
456,Higor Meritão,br BRA,MT,Goiás,28,1994,2.5,1,0.40,1,0,0,0,0,0,0,0.00,0,0,0,0,0,0,Matchs
457,Messias,br BRA,DF,Santos,28,1994,26.6,5,0.19,3,0,0,2,0,0,1,0.04,0,0,0,1,0,0,Matchs
458,Bruno Mezenga,br BRA,"AT,MT",Santos,34,1988,1.9,2,01.07,1,0,0,1,0,0,0,0.00,0,0,0,0,0,0,Matchs
459,Carlos Miguel,br BRA,GB,Corinthians,24,1998,1.2,0,0.00,0,0,0,0,0,0,0,0.00,0,0,0,0,0,0,Matchs
460,Fernando Miguel,br BRA,GB,Fortaleza,37,1985,5.1,0,0.00,0,0,0,0,0,0,0,0.00,0,0,0,0,0,0,Matchs
461,Mikael,br BRA,AT,América (MG),23,1999,1.7,6,3.51,3,0,3,0,0,0,0,0.00,0,0,0,0,0,0,Matchs
462,Lucas Milla,br BRA,MT,Grêmio,20,2003,3.4,4,1.18,2,0,2,0,0,0,0,0.00,0,0,0,0,0,0,Matchs
463,Mina,br BRA,DF,Goiás,19,2003,0.5,1,2.00,0,0,0,1,0,0,0,0.00,0,0,0,0,0,0,Matchs
464,Lucas Mineiro,br BRA,MT,Cuiabá,26,1996,6.8,14,02.06,13,0,0,1,0,0,0,0.00,0,0,0,0,0,0,Matchs
465,Vinicius Mingotti,br BRA,AT,Bahia,23,2000,7.3,12,1.64,9,0,0,2,1,0,1,0.14,0,0,0,1,0,0,Matchs
466,Miranda,br BRA,DF,Vasco da Gama,23,2000,4.3,7,1.63,7,0,0,0,0,0,0,0.00,0,0,0,0,0,0,Matchs
467,Moises,br BRA,"MT,AT",Fortaleza,26,1996,4.1,15,3.68,7,0,4,4,0,0,4,0.98,0,0,2,2,0,0,Matchs
468,Rodrigo Moledo,br BRA,DF,Internacional,35,1987,5.3,5,0.94,4,1,0,0,0,0,0,0.00,0,0,0,0,0,0,Matchs
469,Rafael Monteiro,br BRA,MT,Fluminense,18,2004,0.0,0,0.00,0,0,0,0,0,0,0,0.00,0,0,0,0,0,0,Matchs
470,Júnior Moraes,ua UKR,DF,Corinthians,35,1987,0.0,0,0.00,0,0,0,0,0,0,0,0.00,0,0,0,0,0,0,Matchs
471,João Moreira,pt POR,DF,São Paulo,18,2004,0.8,0,0.00,0,0,0,0,0,0,0,0.00,0,0,0,0,0,0,Matchs
472,Everton Morelli,br BRA,MT,Goiás,25,1997,28.7,48,1.67,37,1,1,3,6,0,3,0.10,1,0,1,1,0,0,Matchs
473,Alfredo Morelos,co COL,"AT,MT",Santos,26,1996,0.9,5,5.84,5,0,0,0,0,0,0,0.00,0,0,0,0,0,0,Matchs
474,Marcelino Moreno,ar ARG,MT,Coritiba,28,1994,25.6,126,4.92,76,25,13,5,5,2,16,0.62,10,2,1,2,1,0,Matchs
475,Gabriel Moscardo,br BRA,MT,Corinthians,17,2005,12.6,14,1.11,10,0,2,1,0,1,3,0.24,1,0,1,1,0,0,Matchs
Clt,Joueur,Nation,Pos,Équipe,Âge,Naissance,90,AMT,AMT90,PassLive,PassDead,TO,Tirs,Ftp,Déf,AMB,AMB90,PassLive,PassDead,TO,Tirs,Ftp,Déf,Matchs
476,Henry Mosquera,co COL,"AT,MT",Red Bull Bragantino,21,2001,11.8,58,4.92,38,0,11,6,3,0,7,0.59,3,0,2,2,0,0,Matchs
477,Gustavo Mosquito,br BRA,"AT,MT",Corinthians,25,1997,3.4,7,02.05,6,0,1,0,0,0,0,0.00,0,0,0,0,0,0,Matchs
478,Hugo Moura,br BRA,MT,Ath Paranaense,25,1998,14.7,11,0.74,10,0,0,0,0,1,0,0.00,0,0,0,0,0,0,Matchs
479,Lucas Moura,br BRA,"AT,MT",São Paulo,30,1992,9.6,34,3.53,19,4,4,0,7,0,0,0.00,0,0,0,0,0,0,Matchs
480,Neto Moura,br BRA,MT,Cruzeiro,26,1996,5.5,15,2.71,12,0,2,0,1,0,0,0.00,0,0,0,0,0,0,Matchs
481,Lucas Mugni,ar ARG,"MT,AT",Bahia,31,1992,4.0,13,3.27,11,2,0,0,0,0,0,0.00,0,0,0,0,0,0,Matchs
482,Murillo,br BRA,DF,Corinthians,20,2002,12.9,14,01.08,10,0,2,2,0,0,0,0.00,0,0,0,0,0,0,Matchs
483,Andrey Ramos do Nascimento,br BRA,MT,Coritiba,24,1998,12.5,32,2.56,25,3,2,0,2,0,0,0.00,0,0,0,0,0,0,Matchs
484,Bruno Nascimento,br BRA,"AT,MT",Cruzeiro,25,1997,31.3,119,3.80,76,9,15,8,11,0,8,0.26,4,0,3,0,1,0,Matchs
485,Matheus Nascimento,br BRA,"AT,MT",Botafogo (RJ),18,2004,1.1,2,1.84,2,0,0,0,0,0,0,0.00,0,0,0,0,0,0,Matchs
486,Nata,br BRA,"AT,DF",Grêmio,21,2001,0.2,0,0.00,0,0,0,0,0,0,0,0.00,0,0,0,0,0,0,Matchs
487,Natan,br BRA,DF,Red Bull Bragantino,21,2001,9.3,3,0.32,3,0,0,0,0,0,0,0.00,0,0,0,0,0,0,Matchs
488,Natanael,br BRA,DF,Coritiba,21,2002,27.8,40,1.44,33,5,1,1,0,0,3,0.11,3,0,0,0,0,0,Matchs
489,Nathan,br BRA,DF,Santos,21,2001,5.5,10,1.83,9,0,0,1,0,0,1,0.18,1,0,0,0,0,0,Matchs
490,Nathan,br BRA,"MT,AT",Grêmio,26,1996,7.6,29,3.81,22,1,1,2,1,2,4,0.53,2,0,0,1,0,1,Matchs
491,Rafael Navarro,br BRA,AT,Palmeiras,22,2000,1.4,5,3.60,5,0,0,0,0,0,0,0.00,0,0,0,0,0,0,Matchs
492,Kaiky Naves,br BRA,"DF,AT",Palmeiras,20,2002,5.8,5,0.85,5,0,0,0,0,0,1,0.17,1,0,0,0,0,0,Matchs
493,Felipe Negrucci,br BRA,MT,São Paulo,18,2004,0.2,1,6.00,1,0,0,0,0,0,0,0.00,0,0,0,0,0,0,Matchs
494,Emerson Negueba,br BRA,AT,Cuiabá,22,2000,5.4,10,1.86,6,0,2,1,1,0,1,0.19,1,0,0,0,0,0,Matchs
495,Neris,br BRA,DF,Cruzeiro,30,1992,23.5,14,0.60,12,0,0,2,0,0,2,0.09,1,0,0,1,0,0,Matchs
496,Rodrigo Nestor,br BRA,"MT,AT",São Paulo,22,2000,16.1,56,3.48,38,1,10,3,3,1,3,0.19,1,0,1,1,0,0,Matchs
497,João Neto,br BRA,"MT,DF",Fluminense,19,2003,0.6,1,1.73,1,0,0,0,0,0,1,1.73,1,0,0,0,0,0,Matchs
498,Gabriel Neves,uy URU,MT,São Paulo,25,1997,10.7,25,2.33,23,1,0,0,0,1,3,0.28,3,0,0,0,0,0,Matchs
499,Newton,br BRA,MT,Botafogo (RJ),22,2000,0.1,1,11.25,1,0,0,0,0,0,0,0.00,0,0,0,0,0,0,Matchs
500,Nicolas,br BRA,DF,América (MG),25,1997,8.0,15,1.87,9,5,0,1,0,0,1,0.12,1,0,0,0,0,0,Matchs
Clt,Joueur,Nation,Pos,Équipe,Âge,Naissance,90,AMT,AMT90,PassLive,PassDead,TO,Tirs,Ftp,Déf,AMB,AMB90,PassLive,PassDead,TO,Tirs,Ftp,Déf,Matchs
501,Nikão,br BRA,"AT,MT",Cruzeiro,30,1992,8.9,46,5.19,34,7,3,0,2,0,5,0.56,4,1,0,0,0,0,Matchs
502,Nino,br BRA,DF,Fluminense,25,1997,23.9,24,1.00,18,0,0,4,1,1,0,0.00,0,0,0,0,0,0,Matchs
503,Freddy Noguera,py PAR,AT,Grêmio,19,2004,0.3,0,0.00,0,0,0,0,0,0,0,0.00,0,0,0,0,0,0,Matchs
504,Nonato,br BRA,MT,Santos,24,1998,7.3,14,1.91,9,0,1,0,3,1,0,0.00,0,0,0,0,0,0,Matchs
505,Gabriel Novaes,br BRA,AT,Goiás,23,1999,1.1,1,0.95,0,0,0,1,0,0,0,0.00,0,0,0,0,0,0,Matchs
506,Ruan Oliveira Ferreira,br BRA,"MT,AT",Corinthians,22,2000,9.8,30,03.05,17,7,3,1,1,1,3,0.31,2,0,0,0,1,0,Matchs
507,Lucas Oliveira,br BRA,DF,Cruzeiro,26,1996,14.6,13,0.89,13,0,0,0,0,0,0,0.00,0,0,0,0,0,0,Matchs
508,Pedro Oliveira,br BRA,"AT,MT",Goiás,18,2004,2.2,8,3.69,6,0,1,0,0,1,1,0.46,1,0,0,0,0,0,Matchs
509,Cauly Oliveira Souza,br BRA,"MT,AT",Bahia,27,1995,28.3,171,06.05,111,29,18,8,2,3,17,0.60,13,2,1,1,0,0,Matchs
510,Luca Orellano,ar ARG,"AT,MT",Vasco da Gama,22,2000,6.9,28,04.03,17,3,4,0,4,0,4,0.58,2,0,2,0,0,0,Matchs
511,Leo Ortiz,br BRA,DF,Red Bull Bragantino,27,1996,17.8,28,1.57,26,0,0,2,0,0,2,0.11,2,0,0,0,0,0,Matchs
512,Otávio,br BRA,MT,Atlético Mineiro,28,1994,25.6,37,1.44,34,0,0,1,2,0,0,0.00,0,0,0,0,0,0,Matchs
513,João Othavio Basso,br BRA,DF,Santos,26,1997,12.8,8,0.63,6,0,1,1,0,0,0,0.00,0,0,0,0,0,0,Matchs
514,Luis Oyama,br BRA,MT,Goiás,26,1997,6.2,9,1.44,8,0,0,1,0,0,0,0.00,0,0,0,0,0,0,Matchs
515,Pablinho,br BRA,AT,Cuiabá,19,2003,0.4,1,2.65,0,0,0,0,1,0,0,0.00,0,0,0,0,0,0,Matchs
516,Pablo,br BRA,AT,Ath Paranaense,30,1992,15.5,43,2.77,31,1,3,8,0,0,3,0.19,2,0,0,1,0,0,Matchs
517,Pablo,br BRA,DF,Flamengo,31,1991,4.7,1,0.21,1,0,0,0,0,0,0,0.00,0,0,0,0,0,0,Matchs
518,Bruno Pacheco,br BRA,DF,Fortaleza,31,1991,29.7,59,1.99,39,10,1,2,6,1,7,0.24,5,1,0,1,0,0,Matchs
519,Helibelton Palacios,co COL,DF,Cruzeiro,29,1993,7.0,6,0.86,5,0,0,1,0,0,0,0.00,0,0,0,0,0,0,Matchs
520,Julián Palacios,ar ARG,"AT,MT",Goiás,23,1999,18.1,95,5.24,58,18,5,4,10,0,8,0.44,4,1,0,1,2,0,Matchs
521,Nino Paraíba,br BRA,DF,América (MG),37,1986,2.2,8,3.64,7,0,1,0,0,0,0,0.00,0,0,0,0,0,0,Matchs
522,Mateus Pasinato,br BRA,GB,América (MG),30,1992,10.0,1,0.10,1,0,0,0,0,0,0,0.00,0,0,0,0,0,0,Matchs
523,Weslley Patati,br BRA,"AT,MT",Santos,19,2003,1.5,6,3.94,3,1,0,2,0,0,0,0.00,0,0,0,0,0,0,Matchs
524,Alexandre Pato,br BRA,"AT,MT",São Paulo,33,1989,1.8,4,2.22,3,0,0,1,0,0,2,1.11,1,0,0,1,0,0,Matchs
525,Patrick,br BRA,"MT,AT",Atlético Mineiro,30,1992,6.2,14,2.26,6,1,3,0,3,1,1,0.16,0,0,0,0,1,0,Matchs
Clt,Joueur,Nation,Pos,Équipe,Âge,Naissance,90,AMT,AMT90,PassLive,PassDead,TO,Tirs,Ftp,Déf,AMB,AMB90,PassLive,PassDead,TO,Tirs,Ftp,Déf,Matchs
526,Alan Patrick,br BRA,"MT,AT",Internacional,31,1991,27.2,112,4.11,81,17,6,2,3,3,11,0.40,8,1,0,1,1,0,Matchs
527,Luan Patrick,br BRA,DF,Red Bull Bragantino,21,2002,12.4,11,0.89,9,0,0,1,0,1,1,0.08,1,0,0,0,0,0,Matchs
528,Patryck,br BRA,DF,São Paulo,20,2003,4.2,6,1.44,3,1,1,0,1,0,0,0.00,0,0,0,0,0,0,Matchs
529,Giuliano de Paula,br BRA,"MT,AT",Corinthians,32,1990,18.1,40,2.21,35,1,0,3,1,0,3,0.17,3,0,0,0,0,0,Matchs
530,Jair Paula,br BRA,DF,Santos,17,2005,0.4,1,2.81,1,0,0,0,0,0,0,0.00,0,0,0,0,0,0,Matchs
531,Paulinho,br BRA,DF,América (MG),18,2004,0.3,0,0.00,0,0,0,0,0,0,0,0.00,0,0,0,0,0,0,Matchs
532,Paulinho,br BRA,"AT,MT",Atlético Mineiro,22,2000,33.2,81,2.44,73,0,2,4,2,0,8,0.24,8,0,0,0,0,0,Matchs
533,Paulinho,br BRA,MT,Vasco da Gama,26,1997,18.2,62,3.32,45,7,6,2,2,0,6,0.32,3,1,2,0,0,0,Matchs
534,Paulinho,br BRA,DF,Vasco da Gama,17,2005,0.5,,,,,,,,,,,,,,,,,Matchs
535,Paulinho,br BRA,"MT,AT",Corinthians,34,1988,1.6,6,3.65,4,0,1,1,0,0,0,0.00,0,0,0,0,0,0,Matchs
536,Caio Paulista,br BRA,DF,São Paulo,24,1998,23.1,64,2.77,44,2,17,0,1,0,9,0.39,5,1,2,0,1,0,Matchs
537,Wellington Paulista,br BRA,AT,América (MG),38,1984,2.5,7,2.78,4,0,1,2,0,0,1,0.40,0,0,0,1,0,0,Matchs
538,João Paulo,br BRA,GB,Santos,27,1995,35.7,9,0.25,5,4,0,0,0,0,1,0.03,0,1,0,0,0,0,Matchs
539,Marcos Paulo,br BRA,"AT,MT",São Paulo,21,2001,5.9,35,5.95,22,3,5,3,0,2,2,0.34,1,0,1,0,0,0,Matchs
540,Cristian Pavón,ar ARG,"AT,MT",Atlético Mineiro,27,1996,21.5,84,3.89,58,5,9,6,5,1,11,0.51,10,0,1,0,0,0,Matchs
541,Dimitri Payet,fr FRA,"MT,AT",Vasco da Gama,35,1987,8.9,34,3.83,25,6,1,1,1,0,4,0.45,3,1,0,0,0,0,Matchs
542,Pedrinho,br BRA,"AT,MT",América (MG),23,1999,4.6,12,2.63,10,0,1,0,1,0,1,0.22,0,0,0,0,1,0,Matchs
543,Pedrinho,br BRA,"DF,MT",Ath Paranaense,20,2002,4.0,3,0.75,3,0,0,0,0,0,0,0.00,0,0,0,0,0,0,Matchs
544,Pedrinho,br BRA,"MT,AT",Atlético Mineiro,24,1998,7.0,37,5.29,32,0,2,0,3,0,4,0.57,3,0,0,0,1,0,Matchs
545,Pedrinho,br BRA,AT,Flamengo,19,2003,0.2,1,4.74,1,0,0,0,0,0,0,0.00,0,0,0,0,0,0,Matchs
546,Pedro,br BRA,AT,Flamengo,25,1997,23.9,47,1.97,33,0,2,8,3,1,5,0.21,5,0,0,0,0,0,Matchs
547,João Pedro,br BRA,AT,Cruzeiro,19,2003,0.1,0,0.00,0,0,0,0,0,0,0,0.00,0,0,0,0,0,0,Matchs
548,João Pedro,it ITA,AT,Grêmio,30,1992,6.8,10,1.46,5,0,1,1,1,2,3,0.44,2,0,0,1,0,0,Matchs
549,João Pedro,br BRA,DF,Grêmio,26,1996,23.1,45,1.95,34,6,4,0,1,0,2,0.09,2,0,0,0,0,0,Matchs
550,João Pedro Pepê,br BRA,MT,Grêmio,25,1998,15.5,27,1.74,24,0,1,0,2,0,4,0.26,4,0,0,0,0,0,Matchs
Clt,Joueur,Nation,Pos,Équipe,Âge,Naissance,90,AMT,AMT90,PassLive,PassDead,TO,Tirs,Ftp,Déf,AMB,AMB90,PassLive,PassDead,TO,Tirs,Ftp,Déf,Matchs
551,Jean Pedroso,br BRA,DF,Coritiba,19,2004,6.5,6,0.92,5,1,0,0,0,0,0,0.00,0,0,0,0,0,0,Matchs
552,Matheus Peixoto,br BRA,AT,Goiás,27,1995,9.8,15,1.54,9,0,1,3,0,2,2,0.20,1,0,0,1,0,0,Matchs
553,Léo Pelé,br BRA,DF,Vasco da Gama,26,1996,30.2,29,0.96,27,0,1,0,1,0,1,0.03,1,0,0,0,0,0,Matchs
554,Carlos de Pena,uy URU,"MT,AT",Internacional,30,1992,15.8,37,2.34,24,6,0,7,0,0,1,0.06,1,0,0,0,0,0,Matchs
555,Léo Pereira,br BRA,DF,Flamengo,27,1996,29.4,29,0.99,27,0,0,2,0,0,2,0.07,1,0,0,1,0,0,Matchs
556,Matheus Pereira,pt POR,"AT,MT",Cruzeiro,26,1996,11.4,41,3.61,29,7,0,3,2,0,3,0.26,3,0,0,0,0,0,Matchs
557,Bruno Peres,br BRA,"DF,MT",Ath Paranaense,32,1990,1.7,1,0.57,1,0,0,0,0,0,0,0.00,0,0,0,0,0,0,Matchs
558,Lucas Perri,br BRA,GB,Botafogo (RJ),25,1997,37.5,4,0.11,4,0,0,0,0,0,0,0.00,0,0,0,0,0,0,Matchs
559,Lucas Piazon,br BRA,AT,Botafogo (RJ),29,1994,0.2,0,0.00,0,0,0,0,0,0,0,0.00,0,0,0,0,0,0,Matchs
560,Yago Pikachu,br BRA,"AT,MT",Fortaleza,30,1992,19.5,68,3.49,48,5,4,7,4,0,4,0.21,1,0,2,1,0,0,Matchs
561,Rodrigo Pinho,br BRA,AT,Coritiba,31,1991,4.3,11,2.57,4,0,0,3,4,0,0,0.00,0,0,0,0,0,0,Matchs
562,Joaquín Piquerez,uy URU,DF,Palmeiras,24,1998,28.1,69,2.46,48,9,4,5,1,2,9,0.32,7,0,0,1,1,0,Matchs
563,Gabriel Pirani,br BRA,"MT,AT",Fluminense,20,2002,4.4,7,1.59,5,0,1,0,1,0,1,0.23,1,0,0,0,0,0,Matchs
564,Rafael Pires,br BRA,GB,São Paulo,33,1989,33.0,1,0.03,1,0,0,0,0,0,0,0.00,0,0,0,0,0,0,Matchs
565,Lucas Piton,br BRA,DF,Vasco da Gama,22,2000,36.5,105,2.88,83,12,8,2,0,0,6,0.16,5,0,0,1,0,0,Matchs
566,Isidro Pitta,py PAR,AT,Cuiabá,23,1999,9.1,26,2.84,18,0,2,1,5,0,3,0.33,3,0,0,0,0,0,Matchs
567,Tomas Pochettino,ar ARG,"MT,AT",Fortaleza,26,1996,22.1,74,3.34,52,13,1,3,3,2,4,0.18,4,0,0,0,0,0,Matchs
568,Luan Polli,br BRA,GB,Coritiba,29,1993,4.3,1,0.23,0,1,0,0,0,0,0,0.00,0,0,0,0,0,0,Matchs
569,Wesley Pombo,br BRA,MT,Coritiba,20,2002,0.6,3,5.40,3,0,0,0,0,0,0,0.00,0,0,0,0,0,0,Matchs
570,Mateo Ponte,uy URU,DF,Botafogo (RJ),19,2003,0.2,0,0.00,0,0,0,0,0,0,0,0.00,0,0,0,0,0,0,Matchs
571,William Pottker,br BRA,"AT,MT",Coritiba,29,1993,1.3,1,0.78,0,1,0,0,0,0,0,0.00,0,0,0,0,0,0,Matchs
572,Bruno Praxedes,br BRA,MT,Vasco da Gama,20,2002,14.9,26,1.75,19,0,1,5,1,0,3,0.20,3,0,0,0,0,0,Matchs
573,Bruno Praxedes,br BRA,MT,Red Bull Bragantino,20,2002,0.1,0,0.00,0,0,0,0,0,0,0,0.00,0,0,0,0,0,0,Matchs
574,Erick Pulgar,cl CHI,MT,Flamengo,29,1994,22.2,36,1.62,33,0,0,2,1,0,4,0.18,4,0,0,0,0,0,Matchs
575,Nicolás Quagliata,uy URU,"AT,MT",Cuiabá,23,1999,2.6,13,4.98,8,2,0,3,0,0,0,0.00,0,0,0,0,0,0,Matchs
Clt,Joueur,Nation,Pos,Équipe,Âge,Naissance,90,AMT,AMT90,PassLive,PassDead,TO,Tirs,Ftp,Déf,AMB,AMB90,PassLive,PassDead,TO,Tirs,Ftp,Déf,Matchs
576,Du Queiroz,br BRA,"MT,DF",Corinthians,23,2000,2.0,3,1.53,2,0,0,0,0,1,0,0.00,0,0,0,0,0,0,Matchs
577,Yani Quintero,co COL,MT,Red Bull Bragantino,20,2002,1.1,0,0.00,0,0,0,0,0,0,0,0.00,0,0,0,0,0,0,Matchs
578,Igor Rabello,br BRA,DF,Atlético Mineiro,27,1995,7.7,5,0.65,5,0,0,0,0,0,0,0.00,0,0,0,0,0,0,Matchs
579,Rafael,br BRA,DF,Botafogo (RJ),32,1990,5.4,7,1.31,6,1,0,0,0,0,0,0.00,0,0,0,0,0,0,Matchs
580,Zé Rafael,br BRA,MT,Palmeiras,29,1993,28.5,65,2.28,49,1,2,5,7,1,6,0.21,4,0,0,1,1,0,Matchs
581,Rafinha,br BRA,DF,São Paulo,37,1985,22.5,55,2.44,49,5,0,0,1,0,2,0.09,2,0,0,0,0,0,Matchs
582,Rai,br BRA,MT,Botafogo (RJ),20,2002,0.0,0,0.00,0,0,0,0,0,0,0,0.00,0,0,0,0,0,0,Matchs
583,Eric Ramires,br BRA,MT,Red Bull Bragantino,22,2000,15.3,47,03.07,38,1,1,5,2,0,5,0.33,4,0,0,1,0,0,Matchs
584,Lucas Ramos,br BRA,AT,Internacional,22,2001,0.0,0,0.00,0,0,0,0,0,0,0,0.00,0,0,0,0,0,0,Matchs
585,Raí Ramos,br BRA,DF,São Paulo,28,1994,3.1,4,1.28,3,1,0,0,0,0,0,0.00,0,0,0,0,0,0,Matchs
586,Marcelo Rangel,br BRA,GB,Goiás,34,1988,3.0,0,0.00,0,0,0,0,0,0,0,0.00,0,0,0,0,0,0,Matchs
587,Pedro Rangel,br BRA,GB,Fluminense,22,2000,2.0,0,0.00,0,0,0,0,0,0,0,0.00,0,0,0,0,0,0,Matchs
588,Raniele,br BRA,"MT,DF",Cuiabá,26,1996,32.1,41,1.28,27,0,0,4,6,4,5,0.16,1,0,0,2,2,0,Matchs
589,Rafael Ratão,br BRA,"AT,MT",Bahia,27,1995,8.7,23,2.66,18,0,1,4,0,0,4,0.46,1,0,0,3,0,0,Matchs
590,Wellington Rato,br BRA,"AT,MT",São Paulo,30,1992,19.6,87,4.44,49,25,5,7,0,1,7,0.36,5,2,0,0,0,0,Matchs
591,Raul,br BRA,"MT,DF",Red Bull Bragantino,26,1996,1.2,2,1.68,2,0,0,0,0,0,0,0.00,0,0,0,0,0,0,Matchs
592,Pedro Raul,br BRA,AT,Vasco da Gama,26,1996,9.3,17,1.83,12,0,0,3,2,0,1,0.11,0,0,0,1,0,0,Matchs
593,Leonardo Realpe,ec ECU,DF,Red Bull Bragantino,21,2001,18.7,14,0.75,12,0,0,2,0,0,1,0.05,0,0,0,1,0,0,Matchs
594,Reinaldo,br BRA,AT,Ath Paranaense,21,2001,0.2,0,0.00,0,0,0,0,0,0,0,0.00,0,0,0,0,0,0,Matchs
595,Reinaldo,br BRA,DF,Grêmio,33,1989,29.8,109,3.66,50,44,7,4,4,0,12,0.40,5,5,0,1,1,0,Matchs
596,Renê,br BRA,DF,Internacional,30,1992,25.4,68,2.68,58,5,2,1,0,2,8,0.32,6,1,0,0,0,1,Matchs
597,Réver,br BRA,"DF,AT",Atlético Mineiro,38,1985,1.3,0,0.00,0,0,0,0,0,0,0,0.00,0,0,0,0,0,0,Matchs
598,Rezende,br BRA,"MT,DF",Bahia,28,1995,30.1,41,1.36,34,0,0,5,1,1,6,0.20,4,0,0,1,0,1,Matchs
599,Everton Ribeiro,br BRA,"AT,MT",Flamengo,33,1989,16.4,63,3.84,49,10,0,1,1,2,8,0.49,5,2,0,0,1,0,Matchs
600,Wesley Ribeiro,br BRA,"AT,MT",Corinthians,17,2005,9.6,35,3.65,23,1,10,0,1,0,4,0.42,2,0,1,0,1,0,Matchs
Clt,Joueur,Nation,Pos,Équipe,Âge,Naissance,90,AMT,AMT90,PassLive,PassDead,TO,Tirs,Ftp,Déf,AMB,AMB90,PassLive,PassDead,TO,Tirs,Ftp,Déf,Matchs
601,João Ricardo Riedi,br BRA,GB,Fortaleza,34,1988,31.9,4,0.13,2,2,0,0,0,0,0,0.00,0,0,0,0,0,0,Matchs
602,Zé Ricardo,br BRA,MT,Goiás,23,1999,11.9,39,3.28,30,0,4,1,3,1,2,0.17,2,0,0,0,0,0,Matchs
603,Richard,br BRA,MT,Cruzeiro,28,1994,3.8,6,1.57,5,0,0,1,0,0,0,0.00,0,0,0,0,0,0,Matchs
604,Rikelme,br BRA,DF,Cuiabá,19,2003,26.0,47,1.81,35,5,0,6,1,0,5,0.19,4,0,0,1,0,0,Matchs
605,Tomás Rincón,ve VEN,MT,Santos,35,1988,13.2,24,1.82,19,1,1,3,0,0,4,0.30,3,0,0,1,0,0,Matchs
606,Richard Ríos,co COL,MT,Palmeiras,22,2000,20.6,50,2.43,33,2,6,4,4,1,2,0.10,1,0,0,1,0,0,Matchs
607,Robert,br BRA,"MT,AT",Cruzeiro,17,2005,2.1,2,0.97,1,0,1,0,0,0,0,0.00,0,0,0,0,0,0,Matchs
608,Zé Roberto,br BRA,"AT,MT",Coritiba,29,1993,5.8,12,02.07,10,0,0,0,1,1,1,0.17,1,0,0,0,0,0,Matchs
609,Robson,br BRA,"MT,AT",Coritiba,31,1991,26.1,59,2.26,42,2,2,4,9,0,11,0.42,6,1,0,1,3,0,Matchs
610,Kaique Rocha,br BRA,DF,Ath Paranaense,21,2001,7.2,3,0.42,3,0,0,0,0,0,0,0.00,0,0,0,0,0,0,Matchs
611,Marcos Rocha,br BRA,DF,Palmeiras,34,1988,14.0,50,3.56,40,8,1,0,0,1,3,0.21,3,0,0,0,0,0,Matchs
612,Pedro Rocha Neves,br BRA,AT,Fortaleza,28,1994,0.4,2,5.29,1,0,0,0,1,0,0,0.00,0,0,0,0,0,0,Matchs
613,Sergio Rochet,uy URU,GB,Internacional,29,1993,19.0,2,0.11,0,2,0,0,0,0,0,0.00,0,0,0,0,0,0,Matchs
614,Rodrigo,br BRA,"MT,AT",São Paulo,18,2004,2.6,5,1.94,5,0,0,0,0,0,1,0.39,1,0,0,0,0,0,Matchs
615,James Rodríguez,co COL,"MT,AT",São Paulo,31,1991,7.1,32,4.54,21,6,1,4,0,0,3,0.43,1,1,0,1,0,0,Matchs
616,Rodriguinho,br BRA,"DF,MT",América (MG),19,2003,13.9,30,2.17,22,7,1,0,0,0,3,0.22,3,0,0,0,0,0,Matchs
617,Matías Rojas,py PAR,"MT,AT",Corinthians,27,1995,7.0,22,3.12,11,8,1,2,0,0,3,0.43,0,2,0,1,0,0,Matchs
618,Romarinho,br BRA,"AT,MT",Fortaleza,28,1994,3.2,19,5.94,14,0,3,1,1,0,1,0.31,1,0,0,0,0,0,Matchs
619,Ángel Romero,py PAR,AT,Corinthians,30,1992,13.3,43,3.24,35,0,5,2,1,0,2,0.15,2,0,0,0,0,0,Matchs
620,Silvio Romero,ar ARG,AT,Fortaleza,34,1988,4.4,14,3.17,11,0,0,1,2,0,2,0.45,2,0,0,0,0,0,Matchs
621,Rômulo,br BRA,"AT,MT",Ath Paranaense,20,2002,5.7,11,1.95,6,0,3,0,2,0,1,0.18,0,0,0,0,1,0,Matchs
622,Romulo,br BRA,"MT,DF",Internacional,22,2000,13.5,14,01.04,11,0,0,0,2,1,0,0.00,0,0,0,0,0,0,Matchs
623,Ronald,br BRA,MT,Grêmio,19,2003,4.6,9,1.94,9,0,0,0,0,0,0,0.00,0,0,0,0,0,0,Matchs
624,Ronald,br BRA,MT,Cuiabá,25,1997,6.5,19,2.92,14,2,1,0,1,1,2,0.31,2,0,0,0,0,0,Matchs
625,Budiga Roni,br BRA,MT,Corinthians,23,1999,7.5,12,1.60,12,0,0,0,0,0,1,0.13,1,0,0,0,0,0,Matchs
Clt,Joueur,Nation,Pos,Équipe,Âge,Naissance,90,AMT,AMT90,PassLive,PassDead,TO,Tirs,Ftp,Déf,AMB,AMB90,PassLive,PassDead,TO,Tirs,Ftp,Déf,Matchs
626,Lucas Ronier,br BRA,"AT,MT",Coritiba,18,2004,0.6,2,3.27,2,0,0,0,0,0,0,0.00,0,0,0,0,0,0,Matchs
627,Rony,br BRA,AT,Palmeiras,27,1995,18.2,47,2.58,31,2,2,7,4,1,5,0.27,1,0,0,2,2,0,Matchs
628,Vitor Roque,br BRA,AT,Ath Paranaense,17,2005,19.0,62,3.26,32,0,10,7,12,1,8,0.42,5,0,0,2,1,0,Matchs
629,Diego Rosa,br BRA,"MT,DF",Bahia,20,2002,2.7,3,1.10,1,0,0,1,0,1,0,0.00,0,0,0,0,0,0,Matchs
630,Rossi,br BRA,"MT,AT",Vasco da Gama,29,1993,4.4,24,05.07,17,5,1,0,1,0,7,1.48,5,1,1,0,0,0,Matchs
631,Agustín Rossi,ar ARG,GB,Flamengo,27,1995,15.0,1,0.07,0,1,0,0,0,0,1,0.07,0,1,0,0,0,0,Matchs
632,Rubens,br BRA,"DF,MT",Atlético Mineiro,21,2001,15.0,24,1.60,17,1,3,1,1,1,2,0.13,2,0,0,0,0,0,Matchs
633,Daniel Ruiz Rivera,co COL,"AT,MT",Santos,21,2001,2.7,16,5.83,7,8,0,1,0,0,1,0.36,1,0,0,0,0,0,Matchs
634,Rwan,br BRA,"MT,AT",Vasco da Gama,21,2001,0.4,2,5.29,2,0,0,0,0,0,0,0.00,0,0,0,0,0,0,Matchs
635,João Victor Santos Sá,br BRA,AT,Botafogo (RJ),28,1994,23.6,72,03.05,54,1,8,3,5,1,11,0.47,5,1,2,1,2,0,Matchs
636,Arthur Sales,br BRA,"AT,MT",Bahia,20,2002,3.2,8,2.47,5,0,0,2,1,0,1,0.31,0,0,0,0,1,0,Matchs
637,Andreas Samaris,gr GRE,MT,Coritiba,33,1989,2.0,1,0.49,1,0,0,0,0,0,0,0.00,0,0,0,0,0,0,Matchs
638,Philipe Sampaio,br BRA,DF,Botafogo (RJ),28,1994,5.5,1,0.18,1,0,0,0,0,0,0,0.00,0,0,0,0,0,0,Matchs
639,Sander,br BRA,DF,Goiás,32,1990,17.1,43,2.51,28,13,1,1,0,0,4,0.23,2,2,0,0,0,0,Matchs
640,Sandry,br BRA,MT,Santos,20,2002,2.1,3,1.42,2,1,0,0,0,0,0,0.00,0,0,0,0,0,0,Matchs
641,Alex Santana,br BRA,MT,Ath Paranaense,27,1995,11.1,25,2.25,21,0,2,2,0,0,0,0.00,0,0,0,0,0,0,Matchs
642,Santos,br BRA,GB,Flamengo,32,1990,5.4,0,0.00,0,0,0,0,0,0,0,0.00,0,0,0,0,0,0,Matchs
643,Ademir Santos,br BRA,"AT,MT",Bahia,27,1995,19.3,69,3.57,40,7,9,3,9,1,5,0.26,2,0,1,0,2,0,Matchs
644,Allyson Aires dos Santos,br BRA,DF,Cuiabá,32,1990,12.6,3,0.24,3,0,0,0,0,0,0,0.00,0,0,0,0,0,0,Matchs
645,Andrey Santos,br BRA,MT,Vasco da Gama,18,2004,4.7,8,1.71,5,0,0,1,1,1,0,0.00,0,0,0,0,0,0,Matchs
646,Bruno Araújo dos Santos,br BRA,DF,Goiás,29,1993,5.0,11,2.18,7,0,1,2,1,0,1,0.20,1,0,0,0,0,0,Matchs
647,Eduardo Santos,br BRA,DF,Red Bull Bragantino,25,1997,11.3,4,0.35,2,0,0,2,0,0,1,0.09,1,0,0,0,0,0,Matchs
648,Fábio Santos,br BRA,DF,Corinthians,37,1985,18.6,27,1.45,19,5,0,1,1,1,3,0.16,2,0,0,1,0,0,Matchs
649,Juan Santos,br BRA,AT,São Paulo,20,2002,14.2,44,3.10,33,0,4,1,4,2,4,0.28,2,0,0,0,1,1,Matchs
650,Júnior Santos,br BRA,AT,Botafogo (RJ),28,1994,24.0,74,03.08,42,1,16,8,7,0,7,0.29,2,0,2,1,2,0,Matchs
Clt,Joueur,Nation,Pos,Équipe,Âge,Naissance,90,AMT,AMT90,PassLive,PassDead,TO,Tirs,Ftp,Déf,AMB,AMB90,PassLive,PassDead,TO,Tirs,Ftp,Déf,Matchs
651,Kauan Santos,br BRA,AT,Palmeiras,18,2004,0.0,0,0.00,0,0,0,0,0,0,0,0.00,0,0,0,0,0,0,Matchs
652,Luis Eduardo Marques dos Santos,br BRA,DF,Fortaleza,25,1997,4.3,9,2.10,8,0,1,0,0,0,1,0.23,0,0,1,0,0,0,Matchs
653,Matheus Santos,br BRA,"AT,MT",Goiás,24,1998,2.2,5,2.30,2,0,2,0,1,0,0,0.00,0,0,0,0,0,0,Matchs
654,Pedrinho Santos,br BRA,"AT,MT",Corinthians,16,2006,6.9,19,2.77,13,0,2,0,4,0,1,0.15,1,0,0,0,0,0,Matchs
655,Renzo Saravia,ar ARG,DF,Atlético Mineiro,29,1993,19.0,37,1.95,23,5,2,2,3,2,6,0.32,4,0,0,0,1,1,Matchs
656,Eduardo Sasha,br BRA,"AT,MT",Red Bull Bragantino,30,1992,24.8,86,3.47,71,0,4,8,3,0,7,0.28,6,0,1,0,0,0,Matchs
657,Lucas Sasha,br BRA,MT,Fortaleza,32,1990,11.3,25,2.21,22,0,0,1,1,1,2,0.18,2,0,0,0,0,0,Matchs
658,Gustavo Sauer,br BRA,"AT,MT",Botafogo (RJ),29,1993,2.9,12,4.17,8,2,1,0,1,0,2,0.69,0,1,0,0,1,0,Matchs
659,Cleiton Schwengber,br BRA,GB,Red Bull Bragantino,25,1997,33.0,2,0.06,2,0,0,0,0,0,1,0.03,1,0,0,0,0,0,Matchs
660,Luis Segovia,ec ECU,DF,Botafogo (RJ),25,1997,1.1,0,0.00,0,0,0,0,0,0,0,0.00,0,0,0,0,0,0,Matchs
661,Matias Segovia,py PAR,AT,Botafogo (RJ),20,2003,7.2,31,4.29,26,1,2,1,1,0,3,0.42,3,0,0,0,0,0,Matchs
662,Sidimar,br BRA,DF,Goiás,30,1992,11.2,9,0.80,6,1,0,2,0,0,1,0.09,1,0,0,0,0,0,Matchs
663,Aderlan Silva,br BRA,DF,Red Bull Bragantino,32,1990,15.8,42,2.66,31,4,1,3,1,2,2,0.13,1,0,0,1,0,0,Matchs
664,Gabriel Silva,br BRA,"AT,MT",Coritiba,20,2002,1.0,1,0.99,1,0,0,0,0,0,0,0.00,0,0,0,0,0,0,Matchs
665,Luan Silva,br BRA,MT,São Paulo,23,1999,6.8,6,0.89,4,0,0,0,2,0,0,0.00,0,0,0,0,0,0,Matchs
666,Lucas Silva,br BRA,MT,Cruzeiro,29,1993,16.4,86,5.26,56,25,3,1,1,0,4,0.24,2,1,1,0,0,0,Matchs
667,Lucas Silva,br BRA,MT,Grêmio,29,1993,2.5,3,1.22,3,0,0,0,0,0,0,0.00,0,0,0,0,0,0,Matchs
668,Nathan Silva,br BRA,DF,Atlético Mineiro,25,1997,4.0,3,0.75,3,0,0,0,0,0,1,0.25,1,0,0,0,0,0,Matchs
669,Ricardo Silva,br BRA,DF,América (MG),30,1992,17.9,9,0.50,8,0,1,0,0,0,0,0.00,0,0,0,0,0,0,Matchs
670,Wellington Silva,br BRA,AT,Cuiabá,30,1993,14.8,64,4.31,47,0,6,3,8,0,4,0.27,2,0,1,0,1,0,Matchs
671,Maximiliano Silvera,uy URU,"MT,AT",Santos,25,1997,5.0,11,2.21,7,0,1,2,1,0,1,0.20,1,0,0,0,0,0,Matchs
672,Simioni,br BRA,MT,Goiás,19,2003,0.5,0,0.00,0,0,0,0,0,0,0,0.00,0,0,0,0,0,0,Matchs
673,Jailson Siqueira,br BRA,"MT,DF",Palmeiras,27,1995,1.8,7,3.89,7,0,0,0,0,0,2,1.11,2,0,0,0,0,0,Matchs
674,Islam Slimani,dz ALG,AT,Coritiba,34,1988,9.1,15,1.65,10,0,0,3,2,0,2,0.22,2,0,0,0,0,0,Matchs
675,Everton Soares,br BRA,"AT,MT",Flamengo,26,1996,19.3,93,4.81,58,7,19,5,2,2,12,0.62,7,1,3,0,1,0,Matchs
Clt,Joueur,Nation,Pos,Équipe,Âge,Naissance,90,AMT,AMT90,PassLive,PassDead,TO,Tirs,Ftp,Déf,AMB,AMB90,PassLive,PassDead,TO,Tirs,Ftp,Déf,Matchs
676,Tiquinho Soares,br BRA,AT,Botafogo (RJ),32,1991,27.1,80,2.96,46,2,5,15,10,2,10,0.37,5,0,0,5,0,0,Matchs
677,Fernando Sobral,br BRA,MT,Cuiabá,28,1994,21.1,58,2.74,35,6,7,1,6,3,4,0.19,3,0,1,0,0,0,Matchs
678,Yeferson Soteldo,ve VEN,"AT,MT",Santos,25,1997,17.3,105,06.07,60,14,11,6,14,0,11,0.64,7,2,0,0,2,0,Matchs
679,Yago Souza,br BRA,MT,América (MG),16,2006,0.2,0,0.00,0,0,0,0,0,0,0,0.00,0,0,0,0,0,0,Matchs
680,Everaldo Stum,br BRA,AT,Bahia,31,1991,24.2,57,2.36,42,0,4,9,2,0,5,0.21,3,0,1,1,0,0,Matchs
681,Luis Suárez,uy URU,AT,Grêmio,36,1987,32.0,136,4.25,94,2,14,15,11,0,24,0.75,19,0,2,1,2,0,Matchs
682,Bruno Tabata,br BRA,"MT,AT",Palmeiras,25,1997,1.4,4,2.93,4,0,0,0,0,0,0,0.00,0,0,0,0,0,0,Matchs
683,Tadeu,br BRA,GB,Goiás,30,1992,35.0,10,0.29,8,2,0,0,0,0,1,0.03,1,0,0,0,0,0,Matchs
684,Talisson,br BRA,AT,Red Bull Bragantino,20,2002,1.7,5,2.98,0,0,3,0,2,0,1,0.60,0,0,1,0,0,0,Matchs
685,Tchê Tchê,br BRA,"MT,DF",Botafogo (RJ),30,1992,29.5,93,3.15,66,8,7,6,6,0,10,0.34,8,1,1,0,0,0,Matchs
686,Alex Teixeira,br BRA,"AT,MT",Vasco da Gama,33,1990,12.6,32,2.54,22,5,0,3,2,0,3,0.24,2,0,0,1,0,0,Matchs
687,David Terans,uy URU,"MT,AT",Ath Paranaense,28,1994,4.4,15,3.44,9,4,0,1,1,0,0,0.00,0,0,0,0,0,0,Matchs
688,Miguel Terceros,bo BOL,"MT,AT",Santos,18,2004,0.4,2,5.29,1,1,0,0,0,0,0,0.00,0,0,0,0,0,0,Matchs
689,Thaciano,br BRA,"MT,AT",Bahia,27,1995,32.1,64,1.99,49,1,6,6,1,1,9,0.28,8,0,1,0,0,0,Matchs
690,Thiago,br BRA,"AT,MT",Ath Paranaense,22,2000,2.5,9,3.60,9,0,0,0,0,0,1,0.40,1,0,0,0,0,0,Matchs
691,Guilherme Tinga,br BRA,DF,Fortaleza,29,1993,28.7,69,2.40,57,9,0,2,0,1,4,0.14,4,0,0,0,0,0,Matchs
692,Titi,br BRA,DF,Fortaleza,34,1988,31.6,25,0.79,21,1,0,1,0,2,3,0.09,1,1,0,0,0,1,Matchs
693,Stênio Toledo,br BRA,"AT,MT",Cruzeiro,19,2003,3.2,13,04.01,11,0,1,0,1,0,1,0.31,1,0,0,0,0,0,Matchs
694,Uendel,br BRA,DF,Cuiabá,34,1988,4.0,3,0.76,3,0,0,0,0,0,0,0.00,0,0,0,0,0,0,Matchs
695,Júnior Urso,br BRA,MT,Coritiba,33,1989,3.3,4,1.20,2,0,1,1,0,0,0,0.00,0,0,0,0,0,0,Matchs
696,Bruno Uvini,br BRA,DF,Grêmio,31,1991,16.1,6,0.37,3,0,0,2,0,1,0,0.00,0,0,0,0,0,0,Matchs
697,Enner Valencia,ec ECU,AT,Internacional,33,1989,16.0,39,2.44,21,0,4,9,5,0,5,0.31,2,0,0,2,1,0,Matchs
698,Vanderlan,br BRA,DF,Palmeiras,20,2002,10.1,19,1.88,13,1,4,1,0,0,3,0.30,2,0,1,0,0,0,Matchs
699,Rodrigo Varanda,br BRA,"AT,MT",América (MG),20,2003,5.7,25,4.35,19,0,2,3,0,1,5,0.87,5,0,0,0,0,0,Matchs
700,Guillermo Varela,uy URU,DF,Flamengo,29,1993,2.6,3,1.16,3,0,0,0,0,0,0,0.00,0,0,0,0,0,0,Matchs
Clt,Joueur,Nation,Pos,Équipe,Âge,Naissance,90,AMT,AMT90,PassLive,PassDead,TO,Tirs,Ftp,Déf,AMB,AMB90,PassLive,PassDead,TO,Tirs,Ftp,Déf,Matchs
701,Eduardo Vargas,cl CHI,AT,Atlético Mineiro,33,1989,5.2,17,3.25,15,0,1,0,1,0,2,0.38,1,0,0,0,1,0,Matchs
702,Pablo Vegetti,ar ARG,AT,Vasco da Gama,34,1988,19.9,26,1.31,12,0,2,8,4,0,4,0.20,1,0,0,1,2,0,Matchs
703,Raphael Veiga,br BRA,MT,Palmeiras,27,1995,27.3,154,5.65,74,62,3,9,6,0,13,0.48,5,5,1,2,0,0,Matchs
704,Fausto Vera,ar ARG,MT,Corinthians,22,2000,15.3,29,1.89,21,0,4,2,2,0,3,0.20,3,0,0,0,0,0,Matchs
705,Patrick Verhon,br BRA,AT,Bahia,18,2004,0.0,0,0.00,0,0,0,0,0,0,0,0.00,0,0,0,0,0,0,Matchs
706,Lucas Veríssimo,br BRA,DF,Corinthians,27,1995,14.5,12,0.83,11,1,0,0,0,0,2,0.14,2,0,0,0,0,0,Matchs
707,Bruno Viana,br BRA,DF,Coritiba,27,1995,9.0,3,0.33,3,0,0,0,0,0,0,0.00,0,0,0,0,0,0,Matchs
708,Marcos Victor,br BRA,DF,Bahia,21,2001,0.1,0,0.00,0,0,0,0,0,0,0,0.00,0,0,0,0,0,0,Matchs
709,Paulo Victor,br BRA,DF,Vasco da Gama,21,2001,0.1,0,0.00,0,0,0,0,0,0,0,0.00,0,0,0,0,0,0,Matchs
710,Arturo Vidal,cl CHI,MT,Ath Paranaense,35,1987,4.2,12,2.84,9,0,0,0,2,1,0,0.00,0,0,0,0,0,0,Matchs
711,Arturo Vidal,cl CHI,"MT,DF",Flamengo,35,1987,2.8,9,3.20,9,0,0,0,0,0,0,0.00,0,0,0,0,0,0,Matchs
712,Felipe Vieira,,DF,Fluminense,,,2.3,4,1.76,3,0,0,0,0,1,0,0.00,0,0,0,0,0,0,Matchs
713,Luan Vieira,br BRA,"AT,MT",Grêmio,29,1993,0.6,0,0.00,0,0,0,0,0,0,0,0.00,0,0,0,0,0,0,Matchs
714,Gustavo Vilar,br BRA,DF,Coritiba,22,2000,1.0,0,0.00,0,0,0,0,0,0,0,0.00,0,0,0,0,0,0,Matchs
715,Pedro Vilhena,br BRA,AT,São Paulo,20,2002,0.2,0,0.00,0,0,0,0,0,0,0,0.00,0,0,0,0,0,0,Matchs
716,Mathías Villasanti,py PAR,MT,Grêmio,26,1997,29.4,67,2.28,54,0,4,3,4,2,11,0.37,9,0,1,1,0,0,Matchs
717,Marcos Vinicios Sorriso,br BRA,"AT,DF",Red Bull Bragantino,21,2001,10.4,43,4.12,24,7,3,6,3,0,2,0.19,1,0,0,1,0,0,Matchs
718,Vinicius,br BRA,MT,Santos,23,1999,0.3,0,0.00,0,0,0,0,0,0,0,0.00,0,0,0,0,0,0,Matchs
719,Vinícius,br BRA,AT,Goiás,29,1993,13.0,48,3.69,36,1,6,5,0,0,3,0.23,2,0,1,0,0,0,Matchs
720,Vinícius,br BRA,AT,Grêmio,31,1991,7.3,25,3.45,20,0,2,2,1,0,1,0.14,1,0,0,0,0,0,Matchs
721,Marcos Vinicius,br BRA,"DF,MT",Coritiba,25,1997,1.9,3,1.55,2,1,0,0,0,0,0,0.00,0,0,0,0,0,0,Matchs
722,Mateus Vital,br BRA,MT,Cruzeiro,24,1998,20.9,71,3.39,58,2,2,3,6,0,5,0.24,4,0,0,1,0,0,Matchs
723,Vitão,br BRA,DF,Internacional,22,2000,22.7,16,0.71,13,0,0,3,0,0,0,0.00,0,0,0,0,0,0,Matchs
724,Vitão,br BRA,DF,Cuiabá,22,2000,0.1,0,0.00,0,0,0,0,0,0,0,0.00,0,0,0,0,0,0,Matchs
725,Vitinho,br BRA,"AT,MT",Red Bull Bragantino,23,1999,22.8,85,3.74,55,8,8,9,4,1,9,0.40,6,0,1,2,0,0,Matchs
Clt,Joueur,Nation,Pos,Équipe,Âge,Naissance,90,AMT,AMT90,PassLive,PassDead,TO,Tirs,Ftp,Déf,AMB,AMB90,PassLive,PassDead,TO,Tirs,Ftp,Déf,Matchs
726,José Vitor,br BRA,DF,Vasco da Gama,20,2002,1.2,2,1.64,2,0,0,0,0,0,0,0.00,0,0,0,0,0,0,Matchs
727,Paulo Vitor,br BRA,"MT,DF",Cruzeiro,23,1999,1.4,4,2.88,3,0,0,0,1,0,0,0.00,0,0,0,0,0,0,Matchs
728,Paulo Vitor,br BRA,MT,Atlético Mineiro,18,2004,0.2,0,0.00,0,0,0,0,0,0,0,0.00,0,0,0,0,0,0,Matchs
729,Rayan Vitor,br BRA,"AT,MT",Vasco da Gama,16,2006,2.9,8,2.72,5,0,1,2,0,0,0,0.00,0,0,0,0,0,0,Matchs
730,Vladimir,br BRA,GB,Santos,33,1989,2.3,0,0.00,0,0,0,0,0,0,0,0.00,0,0,0,0,0,0,Matchs
731,Walter,br BRA,GB,Cuiabá,35,1987,35.0,3,0.09,1,2,0,0,0,0,0,0.00,0,0,0,0,0,0,Matchs
732,Talles Wander,br BRA,"AT,MT",São Paulo,19,2003,0.2,1,4.74,1,0,0,0,0,0,0,0.00,0,0,0,0,0,0,Matchs
733,Wanderson,br BRA,DF,América (MG),31,1991,5.6,1,0.18,1,0,0,0,0,0,0,0.00,0,0,0,0,0,0,Matchs
734,Wanderson,br BRA,"AT,MT",Internacional,28,1994,26.0,70,2.70,50,5,9,3,2,1,9,0.35,8,0,1,0,0,0,Matchs
735,Deivid Washington,br BRA,AT,Santos,17,2005,4.7,12,2.53,4,0,2,3,3,0,3,0.63,1,0,0,1,1,0,Matchs
736,Welington,br BRA,DF,São Paulo,21,2001,10.4,21,02.02,19,0,1,0,1,0,0,0.00,0,0,0,0,0,0,Matchs
737,José Welison,br BRA,MT,Fortaleza,27,1995,18.6,40,2.15,31,0,4,2,0,3,3,0.16,3,0,0,0,0,0,Matchs
738,João Wellington,br BRA,MT,Cruzeiro,19,2004,4.1,4,0.98,1,1,0,0,2,0,0,0.00,0,0,0,0,0,0,Matchs
739,Wesley,br BRA,"AT,MT",Cruzeiro,23,1999,19.7,64,3.25,39,0,11,5,9,0,5,0.25,3,0,2,0,0,0,Matchs
740,Wesley,br BRA,DF,Flamengo,19,2003,27.9,61,2.18,52,0,3,0,6,0,4,0.14,2,0,0,0,2,0,Matchs
741,Wesley,br BRA,DF,Grêmio,19,2004,1.0,0,0.00,0,0,0,0,0,0,0,0.00,0,0,0,0,0,0,Matchs
742,Wéverton,br BRA,GB,Palmeiras,35,1987,35.0,10,0.29,9,1,0,0,0,0,1,0.03,0,1,0,0,0,0,Matchs
743,William,br BRA,DF,Cruzeiro,27,1995,29.4,74,2.52,56,8,2,4,3,1,5,0.17,4,0,0,0,0,1,Matchs
744,Willian,br BRA,"AT,MT",Ath Paranaense,36,1986,6.4,17,2.67,11,0,1,2,2,1,0,0.00,0,0,0,0,0,0,Matchs
745,Willian,br BRA,MT,Goiás,29,1993,24.4,38,1.56,34,0,0,1,2,1,2,0.08,2,0,0,0,0,0,Matchs
746,Xavier,br BRA,DF,Goiás,22,2000,0.7,,,,,,,,,,,,,,,,,Matchs
747,Samuel Xavier,br BRA,DF,Fluminense,32,1990,23.4,54,2.31,44,5,2,2,1,0,5,0.21,3,0,1,1,0,0,Matchs
748,Yago,br BRA,MT,Bahia,27,1995,15.1,34,2.25,28,3,1,0,2,0,1,0.07,1,0,0,0,0,0,Matchs
749,Vinícius Zanocelo,br BRA,"MT,AT",Fortaleza,22,2001,0.9,2,2.22,2,0,0,0,0,0,1,1.11,1,0,0,0,0,0,Matchs
750,Bruno Zapelli,ar ARG,"MT,AT",Ath Paranaense,20,2002,12.7,60,4.73,38,13,5,3,1,0,7,0.55,4,2,0,1,0,0,Matchs
Clt,Joueur,Nation,Pos,Équipe,Âge,Naissance,90,AMT,AMT90,PassLive,PassDead,TO,Tirs,Ftp,Déf,AMB,AMB90,PassLive,PassDead,TO,Tirs,Ftp,Déf,Matchs
751,Federico Zaracho,ar ARG,"MT,AT",Atlético Mineiro,24,1998,21.6,46,2.13,34,1,3,2,4,2,4,0.18,4,0,0,0,0,0,Matchs
752,Zinho,br BRA,"AT,MT",Grêmio,19,2003,2.7,5,1.86,4,0,0,0,0,1,1,0.37,1,0,0,0,0,0,Matchs
Clt,Joueur,Nation,Pos,Équipe,Âge,Naissance,90,AMT,AMT90,PassLive,PassDead,TO,Tirs,Ftp,Déf,AMB,AMB90,PassLive,PassDead,TO,Tirs,Ftp,Déf,Matchs
1,Luis Abram,pe PER,DF,Atlanta Utd,26,1996,16.2,3,0.19,2,0,0,1,0,0,0,0.00,0,0,0,0,0,0,Matchs
2,Lalas Abubakar,gh GHA,DF,Rapids,28,1994,21.3,6,0.28,6,0,0,0,0,0,0,0.00,0,0,0,0,0,0,Matchs
3,Daniel Aceves,mx MEX,DF,Fire,21,2001,9.5,14,1.48,14,0,0,0,0,0,1,0.11,1,0,0,0,0,0,Matchs
4,Bryan Acosta,hn HON,MT,Rapids,29,1993,12.4,40,3.23,22,12,4,0,1,1,2,0.16,1,0,1,0,0,0,Matchs
5,Bryan Acosta,hn HON,MT,Portland Timbers,29,1993,5.1,7,1.38,4,1,0,0,0,2,1,0.20,1,0,0,0,0,0,Matchs
6,Kellyn Acosta,us USA,MT,LAFC,27,1995,16.6,37,2.22,21,13,1,0,2,0,2,0.12,1,1,0,0,0,0,Matchs
7,Luciano Acosta,ar ARG,MT,FC Cincinnati,28,1994,28.9,205,07.08,125,32,22,7,16,3,29,1.00,20,1,4,0,3,1,Matchs
8,Sam Adekugbe,ca CAN,"AT,DF",Vancouver W'caps,28,1995,4.5,10,2.21,9,1,0,0,0,0,1,0.22,1,0,0,0,0,0,Matchs
9,Samuel Adeniran,us USA,AT,St. Louis,24,1998,10.5,19,1.80,13,0,3,2,0,1,2,0.19,1,0,0,0,0,1,Matchs
10,Harrison Afful,gh GHA,DF,Charlotte,36,1986,10.6,24,2.27,21,0,2,1,0,0,7,0.66,5,0,2,0,0,0,Matchs
11,Stephen Afrifa,ca CAN,AT,Sporting KC,21,2001,0.6,1,1.76,1,0,0,0,0,0,0,0.00,0,0,0,0,0,0,Matchs
12,William Agada,ng NGA,AT,Sporting KC,23,1999,7.6,21,2.75,13,1,2,4,1,0,0,0.00,0,0,0,0,0,0,Matchs
13,Giovanni Aguilar,us USA,MT,Vancouver W'caps,24,1998,0.1,0,0.00,0,0,0,0,0,0,0,0.00,0,0,0,0,0,0,Matchs
14,Daniel Aguirre,us USA,"MT,AT",LA Galaxy,23,1999,6.4,27,4.25,19,2,1,2,3,0,3,0.47,1,0,1,0,1,0,Matchs
15,Patrick Agyemang,us USA,AT,Charlotte,22,2000,2.1,5,2.36,1,0,3,0,1,0,0,0.00,0,0,0,0,0,0,Matchs
16,Ali Ahmed,ca CAN,"MT,DF",Vancouver W'caps,22,2000,12.5,49,3.92,37,0,3,1,7,1,4,0.32,3,0,0,0,0,1,Matchs
17,Carlos Akapo,gq EQG,DF,SJ Earthquakes,29,1993,23.8,45,1.89,36,2,3,1,2,1,6,0.25,5,0,0,0,0,1,Matchs
18,Matai Akinmboni,us USA,DF,D.C. United,16,2006,2.0,1,0.49,1,0,0,0,0,0,0,0.00,0,0,0,0,0,0,Matchs
19,Ayo Akinola,ca CAN,AT,Toronto FC,23,2000,6.2,13,2.10,8,0,2,1,2,0,2,0.32,1,0,0,1,0,0,Matchs
20,Ayo Akinola,ca CAN,"AT,MT",SJ Earthquakes,23,2000,0.6,0,0.00,0,0,0,0,0,0,0,0.00,0,0,0,0,0,0,Matchs
21,Joey Akpunonu,us USA,DF,FC Cincinnati,21,2001,0.1,1,10.00,1,0,0,0,0,0,0,0.00,0,0,0,0,0,0,Matchs
22,Jordi Alba,es ESP,DF,Inter Miami,33,1989,4.9,7,1.44,6,1,0,0,0,0,0,0.00,0,0,0,0,0,0,Matchs
23,Tony Alfaro,us USA,DF,NYCFC,29,1993,4.2,2,0.48,2,0,0,0,0,0,0,0.00,0,0,0,0,0,0,Matchs
24,Tony Alfaro,us USA,DF,LA Galaxy,29,1993,4.2,0,0.00,0,0,0,0,0,0,0,0.00,0,0,0,0,0,0,Matchs
25,Noah Allen,us USA,DF,Inter Miami,18,2004,13.9,19,1.36,14,3,1,1,0,0,4,0.29,4,0,0,0,0,0,Matchs
Clt,Joueur,Nation,Pos,Équipe,Âge,Naissance,90,AMT,AMT90,PassLive,PassDead,TO,Tirs,Ftp,Déf,AMB,AMB90,PassLive,PassDead,TO,Tirs,Ftp,Déf,Matchs
26,Rasmus Alm,se SWE,"MT,AT",St. Louis,27,1995,12.2,36,2.96,28,3,1,1,3,0,6,0.49,4,1,0,0,1,0,Matchs
27,Thiago Almada,ar ARG,MT,Atlanta Utd,21,2001,30.3,207,6.83,138,22,21,14,10,2,33,01.09,20,3,2,6,2,0,Matchs
28,Osvaldo Alonso,cu CUB,MT,Atlanta Utd,37,1985,1.1,1,0.93,1,0,0,0,0,0,0,0.00,0,0,0,0,0,0,Matchs
29,Jozy Altidore,us USA,AT,NE Revolution,33,1989,2.3,2,0.88,2,0,0,0,0,0,0,0.00,0,0,0,0,0,0,Matchs
30,Efrain Alvarez,mx MEX,"MT,AT",LA Galaxy,20,2002,4.2,20,4.77,15,3,0,2,0,0,3,0.72,3,0,0,0,0,0,Matchs
31,Fernando Álvarez,co COL,DF,CF Montréal,19,2003,2.8,3,01.06,1,0,0,1,0,1,0,0.00,0,0,0,0,0,0,Matchs
32,Luis Amarilla,py PAR,AT,Minnesota Utd,27,1995,8.2,21,2.55,16,0,3,1,1,0,1,0.12,0,0,0,0,1,0,Matchs
33,Frankie Amaya,us USA,MT,NY Red Bulls,22,2000,21.3,75,3.52,52,15,3,2,0,3,7,0.33,6,1,0,0,0,0,Matchs
34,Malte Amundsen,dk DEN,DF,Crew,24,1998,21.0,24,1.14,22,0,0,2,0,0,4,0.19,4,0,0,0,0,0,Matchs
35,Sebastian Anderson,us USA,DF,Rapids,20,2002,3.0,3,1.00,3,0,0,0,0,0,0,0.00,0,0,0,0,0,0,Matchs
36,José Andrés Martínez,ve VEN,MT,Philadelphia,28,1994,20.3,45,2.22,32,2,5,3,3,0,8,0.40,5,1,2,0,0,0,Matchs
37,Iván Angulo,co COL,"AT,DF",Orlando City,23,1999,27.6,74,2.69,59,0,11,4,0,0,11,0.40,8,0,2,1,0,0,Matchs
38,Marco Angulo,ec ECU,MT,FC Cincinnati,20,2002,8.7,10,1.15,10,0,0,0,0,0,2,0.23,2,0,0,0,0,0,Matchs
39,Eugene Ansah,gh GHA,AT,FC Dallas,28,1994,2.0,1,0.50,0,0,0,1,0,0,0,0.00,0,0,0,0,0,0,Matchs
40,Themi Antonoglou,ca CAN,"DF,MT",Toronto FC,21,2001,5.3,6,1.12,5,0,1,0,0,0,0,0.00,0,0,0,0,0,0,Matchs
41,Antony,br BRA,"AT,MT",Portland Timbers,21,2001,2.8,11,3.90,9,0,1,0,1,0,0,0.00,0,0,0,0,0,0,Matchs
42,Brian Anunga,cm CMR,MT,Nashville,26,1996,6.3,4,0.64,4,0,0,0,0,0,1,0.16,1,0,0,0,0,0,Matchs
43,Cristian Arango,co COL,AT,RSL,27,1995,8.4,24,2.85,18,1,1,1,1,2,4,0.47,2,0,1,0,1,0,Matchs
44,César Araujo,uy URU,MT,Orlando City,21,2001,30.3,62,02.04,48,2,2,3,5,2,9,0.30,5,1,0,1,2,0,Matchs
45,Luiz Araújo,br BRA,AT,Atlanta Utd,26,1996,14.1,57,04.05,39,2,7,4,5,0,4,0.28,3,0,1,0,0,0,Matchs
46,Miguel Araujo,pe PER,DF,Portland Timbers,28,1994,1.9,2,01.05,1,0,0,0,0,1,0,0.00,0,0,0,0,0,0,Matchs
47,Scott Arfield,ca CAN,"MT,AT",Charlotte,34,1988,4.6,11,2.39,8,0,1,2,0,0,1,0.22,1,0,0,0,0,0,Matchs
48,Maximilian Arfsten,us USA,"DF,MT",Crew,21,2001,3.1,7,2.29,4,0,0,1,1,1,1,0.33,1,0,0,0,0,0,Matchs
49,Santiago Arias,co COL,DF,FC Cincinnati,31,1992,18.4,38,02.07,28,2,1,4,3,0,3,0.16,2,0,0,0,1,0,Matchs
50,Xavier Arreaga,ec ECU,"DF,MT",Seattle,28,1994,3.9,3,0.76,1,0,0,2,0,0,0,0.00,0,0,0,0,0,0,Matchs
Clt,Joueur,Nation,Pos,Équipe,Âge,Naissance,90,AMT,AMT90,PassLive,PassDead,TO,Tirs,Ftp,Déf,AMB,AMB90,PassLive,PassDead,TO,Tirs,Ftp,Déf,Matchs
51,Kervin Arriaga,hn HON,MT,Minnesota Utd,25,1998,13.0,20,1.54,18,0,0,2,0,0,4,0.31,4,0,0,0,0,0,Matchs
52,Paul Arriola,us USA,"AT,MT",FC Dallas,27,1995,18.4,45,2.45,40,0,1,2,2,0,5,0.27,4,0,0,1,0,0,Matchs
53,Dixon Arroyo,ec ECU,MT,Inter Miami,30,1992,19.9,25,1.26,19,1,0,4,0,1,2,0.10,1,0,0,1,0,0,Matchs
54,Artur,br BRA,MT,Dynamo FC,26,1996,30.3,39,1.29,30,0,1,4,0,4,4,0.13,4,0,0,0,0,0,Matchs
55,Yamil Asad,ar ARG,"MT,AT",D.C. United,28,1994,5.8,18,03.09,15,1,0,0,2,0,2,0.34,2,0,0,0,0,0,Matchs
56,Dairon Asprilla,co COL,"AT,MT",Portland Timbers,30,1992,16.1,40,2.49,28,0,5,2,4,1,8,0.50,6,0,2,0,0,0,Matchs
57,Joshua Atencio,us USA,MT,Seattle,21,2002,10.9,23,2.11,21,0,1,0,0,1,1,0.09,1,0,0,0,0,0,Matchs
58,Julián Aude,ar ARG,DF,LA Galaxy,19,2003,13.3,24,1.81,22,0,1,1,0,0,2,0.15,2,0,0,0,0,0,Matchs
59,Tomás Avilés,ar ARG,DF,Inter Miami,18,2004,9.7,5,0.51,4,0,0,1,0,0,2,0.21,1,0,0,1,0,0,Matchs
60,David Ayala,ar ARG,MT,Portland Timbers,20,2002,1.8,3,1.69,2,0,0,1,0,0,0,0.00,0,0,0,0,0,0,Matchs
61,Edison Azcona,do DOM,"MT,DF",Inter Miami,19,2003,0.6,3,5.29,0,0,2,0,1,0,0,0.00,0,0,0,0,0,0,Matchs
62,Dominique Badji,sn SEN,AT,FC Cincinnati,30,1992,10.2,30,2.94,20,0,3,2,5,0,6,0.59,3,0,1,0,2,0,Matchs
63,Corey Baird,us USA,AT,Dynamo FC,27,1996,25.9,52,02.01,39,1,5,5,2,0,14,0.54,9,0,2,1,2,0,Matchs
64,Esmir Bajraktarevic,us USA,"AT,MT",NE Revolution,17,2005,5.5,7,1.27,5,2,0,0,0,0,0,0.00,0,0,0,0,0,0,Matchs
65,Cody Baker,us USA,DF,Seattle,19,2004,7.6,10,1.32,8,2,0,0,0,0,0,0.00,0,0,0,0,0,0,Matchs
66,Reed Baker-Whiting,us USA,"DF,AT",Seattle,17,2005,7.1,13,1.82,11,0,1,1,0,0,2,0.28,1,0,1,0,0,0,Matchs
67,Monsef Bakrar,dz ALG,AT,NYCFC,22,2001,8.4,11,1.31,9,0,0,2,0,0,1,0.12,1,0,0,0,0,0,Matchs
68,Michael Baldisimo,ph PHI,MT,SJ Earthquakes,22,2000,3.3,2,0.61,2,0,0,0,0,0,0,0.00,0,0,0,0,0,0,Matchs
69,Thai Baribo,il ISR,"AT,MT",Philadelphia,25,1998,1.7,0,0.00,0,0,0,0,0,0,0,0.00,0,0,0,0,0,0,Matchs
70,Tom Barlow,us USA,AT,NY Red Bulls,27,1995,20.5,33,1.61,25,0,3,5,0,0,2,0.10,2,0,0,0,0,0,Matchs
71,Luis Barraza,us USA,GB,NYCFC,26,1996,24.0,2,0.08,2,0,0,0,0,0,0,0.00,0,0,0,0,0,0,Matchs
72,Álvaro Barreal,ar ARG,DF,FC Cincinnati,22,2000,31.3,116,3.71,73,29,6,5,3,0,12,0.38,7,2,1,1,1,0,Matchs
73,Michael Barrios,co COL,"AT,MT",Rapids,31,1991,9.3,21,2.25,15,0,2,2,2,0,3,0.32,2,0,1,0,0,0,Matchs
74,Michael Barrios,co COL,"AT,MT",LA Galaxy,31,1991,1.3,5,3.95,5,0,0,0,0,0,1,0.79,1,0,0,0,0,0,Matchs
75,Lucas Bartlett,us USA,DF,St. Louis,25,1997,11.9,9,0.76,7,0,0,1,0,1,1,0.08,1,0,0,0,0,0,Matchs
Clt,Joueur,Nation,Pos,Équipe,Âge,Naissance,90,AMT,AMT90,PassLive,PassDead,TO,Tirs,Ftp,Déf,AMB,AMB90,PassLive,PassDead,TO,Tirs,Ftp,Déf,Matchs
76,Ethan Bartlow,us USA,DF,Dynamo FC,22,2000,22.1,19,0.86,16,0,1,1,1,0,2,0.09,1,0,0,1,0,0,Matchs
77,Cole Bassett,us USA,"MT,AT",Rapids,21,2001,21.1,56,2.65,45,4,5,1,1,0,4,0.19,2,0,1,1,0,0,Matchs
78,Amine Bassi,fr FRA,"MT,AT",Dynamo FC,25,1997,22.2,95,4.28,76,6,3,2,7,1,9,0.41,7,0,0,1,0,1,Matchs
79,Jesús Batiz,us USA,"MT,AT",Toronto FC,23,1999,0.7,1,1.41,0,0,1,0,0,0,0,0.00,0,0,0,0,0,0,Matchs
80,Josh Bauer,us USA,DF,Nashville,24,1998,5.8,2,0.35,2,0,0,0,0,0,0,0.00,0,0,0,0,0,0,Matchs
81,Tanner Beason,us USA,DF,SJ Earthquakes,25,1997,15.6,4,0.26,2,0,0,2,0,0,1,0.06,0,0,0,1,0,0,Matchs
82,Gavin Beavers,us USA,GB,RSL,17,2005,6.5,1,0.15,0,1,0,0,0,0,0,0.00,0,0,0,0,0,0,Matchs
83,Simon Becher,us USA,"AT,MT",Vancouver W'caps,23,1999,6.8,19,2.79,12,0,1,3,2,1,2,0.29,1,0,0,1,0,0,Matchs
84,Alejandro Bedoya,us USA,MT,Philadelphia,35,1987,22.3,75,3.36,61,1,2,10,0,1,9,0.40,6,0,0,3,0,0,Matchs
85,Steven Beitashour,ir IRN,DF,Rapids,35,1987,6.7,4,0.59,4,0,0,0,0,0,0,0.00,0,0,0,0,0,0,Matchs
86,Jon Bell,jm JAM,DF,St. Louis,25,1997,1.6,1,0.64,1,0,0,0,0,0,0,0.00,0,0,0,0,0,0,Matchs
87,Zaydan Bello,au AUS,MT,Minnesota Utd,20,2002,0.2,2,12.00,1,0,1,0,0,0,0,0.00,0,0,0,0,0,0,Matchs
88,Nico Benalcázar,us USA,MT,NYCFC,21,2001,0.1,0,0.00,0,0,0,0,0,0,0,0.00,0,0,0,0,0,0,Matchs
89,Ben Bender,us USA,"MT,AT",Charlotte,21,2001,10.1,35,3.48,27,1,4,2,0,1,4,0.40,3,0,1,0,0,0,Matchs
90,Joe Bendik,us USA,GB,Philadelphia,33,1989,7.6,0,0.00,0,0,0,0,0,0,0,0.00,0,0,0,0,0,0,Matchs
91,Christian Benteke,be BEL,AT,D.C. United,32,1990,31.0,89,2.87,58,0,9,14,8,0,8,0.26,4,0,1,2,1,0,Matchs
92,Sebastian Berhalter,us USA,MT,Vancouver W'caps,21,2001,14.4,39,2.70,28,10,0,1,0,0,2,0.14,1,1,0,0,0,0,Matchs
93,Federico Bernardeschi,it ITA,"AT,MT",Toronto FC,28,1994,28.9,111,3.84,68,11,13,13,6,0,9,0.31,5,1,1,2,0,0,Matchs
94,Miguel Berry,es ESP,AT,Atlanta Utd,25,1997,11.5,20,1.73,15,0,1,0,3,1,2,0.17,2,0,0,0,0,0,Matchs
95,Aaron Bibout,cm CMR,AT,LA Galaxy,18,2004,0.3,2,8.18,2,0,0,0,0,0,0,0.00,0,0,0,0,0,0,Matchs
96,David Bingham,us USA,GB,Portland Timbers,33,1989,19.0,4,0.21,3,1,0,0,0,0,0,0.00,0,0,0,0,0,0,Matchs
97,Steve Birnbaum,us USA,DF,D.C. United,32,1991,17.9,16,0.89,11,0,0,4,1,0,1,0.06,0,0,0,1,0,0,Matchs
98,Stipe Biuk,hr CRO,AT,LAFC,20,2002,14.9,48,3.20,34,0,5,5,3,1,2,0.13,0,0,0,1,0,1,Matchs
99,Tristan Blackmon,us USA,DF,Vancouver W'caps,26,1996,28.0,22,0.79,17,0,0,5,0,0,0,0.00,0,0,0,0,0,0,Matchs
100,Andre Blake,jm JAM,GB,Philadelphia,32,1990,26.4,2,0.08,2,0,0,0,0,0,1,0.04,1,0,0,0,0,0,Matchs
Clt,Joueur,Nation,Pos,Équipe,Âge,Naissance,90,AMT,AMT90,PassLive,PassDead,TO,Tirs,Ftp,Déf,AMB,AMB90,PassLive,PassDead,TO,Tirs,Ftp,Déf,Matchs
101,Sebastián Blanco,ar ARG,"AT,MT",Portland Timbers,34,1988,4.9,12,2.46,10,0,0,1,1,0,2,0.41,1,0,0,1,0,0,Matchs
102,Latif Blessing,gh GHA,"AT,MT",Toronto FC,26,1996,1.7,5,2.92,5,0,0,0,0,0,0,0.00,0,0,0,0,0,0,Matchs
103,Latif Blessing,gh GHA,MT,NE Revolution,26,1996,11.5,17,1.48,17,0,0,0,0,0,2,0.17,2,0,0,0,0,0,Matchs
104,Njabulo Blom,za RSA,MT,St. Louis,23,1999,21.3,29,1.36,25,0,0,1,1,2,3,0.14,3,0,0,0,0,0,Matchs
105,Emmanuel Boateng,gh GHA,"AT,MT",NE Revolution,29,1994,16.0,42,2.63,37,2,1,2,0,0,3,0.19,2,1,0,0,0,0,Matchs
106,Israel Boatwright,do DOM,"MT,DF",Inter Miami,17,2005,0.8,2,2.37,1,0,0,0,1,0,1,1.18,0,0,0,0,1,0,Matchs
107,Mateusz Bogusz,pl POL,"MT,AT",LAFC,21,2001,19.3,67,3.46,43,12,6,3,2,1,5,0.26,4,0,0,1,0,0,Matchs
108,Franck Boli,ci CIV,AT,Portland Timbers,29,1993,16.2,44,2.72,27,0,5,7,4,1,6,0.37,3,0,1,2,0,0,Matchs
109,Joshua Bolma,gh GHA,MT,NE Revolution,20,2002,0.3,1,3.33,1,0,0,0,0,0,0,0.00,0,0,0,0,0,0,Matchs
110,Moïse Bombito,ca CAN,DF,Rapids,22,2000,8.3,15,1.80,12,1,1,0,1,0,2,0.24,2,0,0,0,0,0,Matchs
111,Jonathan Bond,eng ENG,GB,LA Galaxy,29,1993,22.8,1,0.04,0,1,0,0,0,0,0,0.00,0,0,0,0,0,0,Matchs
112,Pablo Bonilla,ve VEN,DF,Portland Timbers,23,1999,0.8,1,1.20,1,0,0,0,0,0,0,0.00,0,0,0,0,0,0,Matchs
113,Alex Bono,us USA,GB,D.C. United,28,1994,9.5,3,0.32,1,2,0,0,0,0,0,0.00,0,0,0,0,0,0,Matchs
114,Shanyder Borgelin,ht HAI,AT,Inter Miami,21,2001,1.6,4,2.52,3,0,0,1,0,0,1,0.63,0,0,0,1,0,0,Matchs
115,Dylan Borrero,co COL,"AT,MT",NE Revolution,21,2002,5.7,13,2.29,12,0,1,0,0,0,1,0.18,1,0,0,0,0,0,Matchs
116,Gustavo Bou,ar ARG,"AT,MT",NE Revolution,32,1990,14.0,53,3.78,41,2,4,3,2,1,6,0.43,4,1,1,0,0,0,Matchs
117,Denis Bouanga,ga GAB,AT,LAFC,28,1994,28.1,118,4.20,72,2,18,16,10,0,15,0.53,9,0,1,3,2,0,Matchs
118,Ousseni Bouda,bf BFA,"AT,MT",SJ Earthquakes,22,2000,1.7,3,1.81,1,0,0,2,0,0,0,0.00,0,0,0,0,0,0,Matchs
119,Aaron Boupendza,ga GAB,AT,FC Cincinnati,26,1996,6.7,33,4.90,19,0,8,4,2,0,3,0.45,1,0,1,1,0,0,Matchs
120,Michael Boxall,nz NZL,DF,Minnesota Utd,34,1988,31.7,22,0.69,16,0,2,2,0,2,3,0.09,1,0,0,1,0,1,Matchs
121,Tyler Boyd,us USA,"AT,MT",LA Galaxy,28,1994,25.8,100,3.88,71,8,8,6,6,1,10,0.39,6,0,1,2,1,0,Matchs
122,Michael Bradley,us USA,"MT,DF",Toronto FC,35,1987,16.0,12,0.75,8,2,0,1,0,1,2,0.12,2,0,0,0,0,0,Matchs
123,Christopher Brady,us USA,GB,Fire,18,2004,29.3,0,0.00,0,0,0,0,0,0,0,0.00,0,0,0,0,0,0,Matchs
124,Zachary Brault-Guillard,ca CAN,"DF,MT",CF Montréal,24,1998,14.5,46,3.17,44,0,0,1,1,0,3,0.21,3,0,0,0,0,0,Matchs
125,Claudio Bravo,ar ARG,DF,Portland Timbers,25,1997,25.9,50,1.93,41,4,2,1,0,2,5,0.19,5,0,0,0,0,0,Matchs
Clt,Joueur,Nation,Pos,Équipe,Âge,Naissance,90,AMT,AMT90,PassLive,PassDead,TO,Tirs,Ftp,Déf,AMB,AMB90,PassLive,PassDead,TO,Tirs,Ftp,Déf,Matchs
126,Luke Brennan,us USA,MT,Atlanta Utd,17,2005,0.0,0,0.00,0,0,0,0,0,0,0,0.00,0,0,0,0,0,0,Matchs
127,Brenner,br BRA,AT,FC Cincinnati,23,2000,5.9,21,3.54,15,0,2,3,1,0,3,0.51,2,0,0,1,0,0,Matchs
128,Ethan Bristow,kn SKN,DF,Minnesota Utd,21,2001,6.0,5,0.83,4,0,0,0,1,0,0,0.00,0,0,0,0,0,0,Matchs
129,Andrew Brody,us USA,DF,RSL,27,1995,25.2,67,2.66,58,2,4,1,0,2,5,0.20,5,0,0,0,0,0,Matchs
130,Brandt Bronico,us USA,MT,Charlotte,27,1995,28.8,47,1.63,43,1,0,1,1,1,6,0.21,5,0,0,1,0,0,Matchs
131,Javain Brown,jm JAM,DF,Vancouver W'caps,23,1999,19.6,32,1.63,25,4,0,1,2,0,2,0.10,2,0,0,0,0,0,Matchs
132,Gastón Brugman,uy URU,MT,LA Galaxy,30,1992,21.1,63,2.99,50,2,6,3,2,0,2,0.09,2,0,0,0,0,0,Matchs
133,Will Bruin,us USA,AT,Austin,33,1989,3.9,6,1.53,3,0,1,1,1,0,0,0.00,0,0,0,0,0,0,Matchs
134,Noel Buck,eng ENG,"MT,AT",NE Revolution,17,2005,19.5,38,1.95,32,0,3,0,1,2,3,0.15,2,0,0,0,0,1,Matchs
135,Teal Bunbury,us USA,AT,Nashville,32,1990,18.3,29,1.58,16,0,2,4,6,1,3,0.16,2,0,0,0,1,0,Matchs
136,Cory Burke,jm JAM,AT,NY Red Bulls,31,1991,10.8,33,03.04,19,0,9,2,2,1,3,0.28,0,0,1,2,0,0,Matchs
137,Roman Bürki,ch SUI,GB,St. Louis,32,1990,33.0,11,0.33,8,3,0,0,0,0,2,0.06,0,2,0,0,0,0,Matchs
138,Kendall Burks,us USA,"DF,MT",Fire,23,1999,5.7,2,0.35,1,0,0,1,0,0,0,0.00,0,0,0,0,0,0,Matchs
139,Sergio Busquets,es ESP,MT,Inter Miami,34,1988,10.3,22,2.13,19,2,0,0,0,1,2,0.19,1,1,0,0,0,0,Matchs
140,Brandon Bye,us USA,DF,NE Revolution,27,1995,18.5,37,2.00,33,1,1,1,1,0,2,0.11,2,0,0,0,0,0,Matchs
141,Nathan Byrne,eng ENG,DF,Charlotte,30,1992,28.9,30,01.04,30,0,0,0,0,0,3,0.10,3,0,0,0,0,0,Matchs
142,Jorge Cabezas,co COL,"AT,MT",NY Red Bulls,19,2003,1.3,3,2.25,2,0,0,1,0,0,0,0.00,0,0,0,0,0,0,Matchs
143,Kevin Cabral,fr FRA,"AT,MT",Rapids,23,1999,13.1,24,1.83,13,0,6,1,2,2,0,0.00,0,0,0,0,0,0,Matchs
144,Rémi Cabral,fr FRA,DF,Rapids,23,1999,0.1,1,7.50,0,0,0,0,1,0,0,0.00,0,0,0,0,0,0,Matchs
145,Martín Cáceres,uy URU,DF,LA Galaxy,35,1987,14.5,7,0.48,5,0,0,2,0,0,1,0.07,1,0,0,0,0,0,Matchs
146,Deiber Caicedo,co COL,"MT,AT",Vancouver W'caps,22,2000,2.2,8,3.67,4,1,0,1,1,1,3,1.38,1,0,0,1,1,0,Matchs
147,Luís Caicedo,co COL,MT,Dynamo FC,26,1996,13.5,12,0.89,11,0,0,0,1,0,0,0.00,0,0,0,0,0,0,Matchs
148,Scott Caldwell,us USA,MT,RSL,31,1991,1.9,0,0.00,0,0,0,0,0,0,0,0.00,0,0,0,0,0,0,Matchs
149,Lucas Calegari,br BRA,DF,LA Galaxy,20,2002,21.5,44,02.05,37,0,2,1,4,0,3,0.14,2,0,0,1,0,0,Matchs
150,Noel Caliskan,de GER,MT,Portland Timbers,22,2000,2.9,6,02.05,2,0,0,1,3,0,2,0.68,1,0,0,1,0,0,Matchs
Clt,Joueur,Nation,Pos,Équipe,Âge,Naissance,90,AMT,AMT90,PassLive,PassDead,TO,Tirs,Ftp,Déf,AMB,AMB90,PassLive,PassDead,TO,Tirs,Ftp,Déf,Matchs
151,Drake Callender,us USA,GB,Inter Miami,25,1997,33.0,2,0.06,2,0,0,0,0,0,0,0.00,0,0,0,0,0,0,Matchs
152,Rudy Camacho,fr FRA,DF,Crew,31,1991,8.8,5,0.57,5,0,0,0,0,0,0,0.00,0,0,0,0,0,0,Matchs
153,Rudy Camacho,fr FRA,"DF,MT",CF Montréal,31,1991,17.9,11,0.61,10,0,0,1,0,0,0,0.00,0,0,0,0,0,0,Matchs
154,Brandon Cambridge,us USA,"AT,DF",Charlotte,20,2002,1.5,6,3.97,2,0,1,1,2,0,0,0.00,0,0,0,0,0,0,Matchs
155,Leonardo Campana,ec ECU,AT,Inter Miami,22,2000,18.2,42,2.31,24,0,4,9,5,0,7,0.38,3,0,2,0,2,0,Matchs
156,George Campbell,us USA,DF,CF Montréal,21,2001,20.6,16,0.78,11,1,2,1,1,0,3,0.15,1,0,1,1,0,0,Matchs
157,Russell Canouse,us USA,MT,D.C. United,27,1995,24.6,33,1.35,29,1,0,1,2,0,2,0.08,2,0,0,0,0,0,Matchs
158,Antonio Carlos,br BRA,DF,Orlando City,29,1993,15.7,11,0.70,7,2,0,1,0,1,3,0.19,2,0,0,0,0,1,Matchs
159,Wikelman Carmona,ve VEN,"AT,MT",NY Red Bulls,19,2003,7.4,22,2.97,11,2,2,3,4,0,3,0.40,1,0,0,1,1,0,Matchs
160,Julián Carranza,ar ARG,AT,Philadelphia,22,2000,27.6,73,2.64,50,1,1,8,12,1,14,0.51,10,0,0,0,4,0,Matchs
161,Adalberto Carrasquilla,pa PAN,"AT,MT",Dynamo FC,24,1998,22.6,83,3.66,59,3,12,4,5,0,14,0.62,11,0,1,1,1,0,Matchs
162,Wilder Cartagena,pe PER,MT,Orlando City,28,1994,21.1,32,1.51,26,0,1,3,1,1,4,0.19,4,0,0,0,0,0,Matchs
163,Javier Casas,us USA,MT,Fire,19,2003,0.6,2,3.27,2,0,0,0,0,0,1,1.64,1,0,0,0,0,0,Matchs
164,Julio Cascante,cr CRC,DF,Austin,29,1993,22.9,29,1.27,21,0,0,7,1,0,7,0.31,5,0,0,2,0,0,Matchs
165,Cristian Cásseres Jr.,ve VEN,MT,NY Red Bulls,23,2000,16.0,65,04.06,35,16,2,3,8,1,3,0.19,2,0,1,0,0,0,Matchs
166,Robert Castellanos,us USA,DF,Sporting KC,24,1998,7.8,3,0.39,3,0,0,0,0,0,0,0.00,0,0,0,0,0,0,Matchs
167,Roman Celentano,us USA,GB,FC Cincinnati,22,2000,33.0,5,0.15,4,1,0,0,0,0,0,0.00,0,0,0,0,0,0,Matchs
168,Edwin Cerrillo,us USA,MT,FC Dallas,22,2000,15.1,19,1.25,14,1,0,0,2,2,4,0.26,3,0,0,0,1,0,Matchs
169,Edwin Cerrillo,us USA,MT,LA Galaxy,22,2000,9.0,17,1.90,17,0,0,0,0,0,1,0.11,1,0,0,0,0,0,Matchs
170,Tomás Chancalay,ar ARG,"AT,MT",NE Revolution,24,1999,9.5,22,2.31,10,1,4,4,2,1,1,0.10,1,0,0,0,0,0,Matchs
171,Maikel Chang,cu CUB,"MT,AT",RSL,31,1991,11.3,46,04.08,33,10,2,0,1,0,5,0.44,3,1,0,0,1,0,Matchs
172,Maxime Chanot,lu LUX,DF,NYCFC,33,1989,19.0,4,0.21,3,0,0,0,0,1,1,0.05,1,0,0,0,0,0,Matchs
173,Diego Chará,co COL,MT,Portland Timbers,36,1986,28.5,47,1.65,44,0,1,1,0,1,6,0.21,6,0,0,0,0,0,Matchs
174,Yimmi Chará,co COL,AT,Portland Timbers,31,1991,8.2,23,2.80,19,1,1,0,2,0,5,0.61,5,0,0,0,0,0,Matchs
175,Yevhen Cheberko,ua UKR,DF,Crew,25,1998,2.2,0,0.00,0,0,0,0,0,0,0,0.00,0,0,0,0,0,0,Matchs
Clt,Joueur,Nation,Pos,Équipe,Âge,Naissance,90,AMT,AMT90,PassLive,PassDead,TO,Tirs,Ftp,Déf,AMB,AMB90,PassLive,PassDead,TO,Tirs,Ftp,Déf,Matchs
176,Giorgio Chiellini,it ITA,DF,LAFC,38,1984,15.2,29,1.91,23,2,0,2,2,0,3,0.20,2,0,0,1,0,0,Matchs
177,Mathieu Choiniere,ca CAN,"MT,DF",CF Montréal,23,1999,27.0,89,3.29,67,12,2,3,3,2,10,0.37,8,0,0,2,0,0,Matchs
178,Léo Chú,br BRA,AT,Seattle,22,2000,22.8,73,3.21,55,0,10,4,3,1,10,0.44,9,0,0,1,0,0,Matchs
179,José Cifuentes,ec ECU,MT,LAFC,23,1999,15.1,67,4.43,62,0,1,1,3,0,6,0.40,5,0,0,0,1,0,Matchs
180,Cam Cilley,us USA,"AT,MT",SJ Earthquakes,22,2000,0.0,1,45.00,1,0,0,0,0,0,0,0.00,0,0,0,0,0,0,Matchs
181,Abdoulaye Cissoko,fr FRA,DF,Seattle,23,1999,1.0,0,0.00,0,0,0,0,0,0,0,0.00,0,0,0,0,0,0,Matchs
182,Steve Clark,us USA,GB,Dynamo FC,36,1986,33.0,6,0.18,2,3,0,0,1,0,3,0.09,1,2,0,0,0,0,Matchs
183,Stefan Cleveland,us USA,GB,Seattle,28,1994,2.0,0,0.00,0,0,0,0,0,0,0,0.00,0,0,0,0,0,0,Matchs
184,Noah Cobb,us USA,DF,Atlanta Utd,17,2005,2.2,0,0.00,0,0,0,0,0,0,0,0.00,0,0,0,0,0,0,Matchs
185,Alonso Coello,es ESP,MT,Toronto FC,23,1999,14.3,25,1.74,23,0,2,0,0,0,2,0.14,2,0,0,0,0,0,Matchs
186,Jackson Conway,us USA,AT,Atlanta Utd,21,2001,0.6,2,3.27,1,0,1,0,0,0,0,0.00,0,0,0,0,0,0,Matchs
187,Enzo Copetti,ar ARG,AT,Charlotte,27,1996,22.0,40,1.82,26,0,2,2,9,1,3,0.14,1,0,0,0,2,0,Matchs
188,Gabriele Corbo,it ITA,DF,CF Montréal,23,2000,25.4,25,0.98,24,0,0,1,0,0,2,0.08,2,0,0,0,0,0,Matchs
189,Sergio Córdova,ve VEN,"AT,MT",Vancouver W'caps,25,1997,9.4,28,3.00,12,0,8,3,5,0,5,0.54,1,0,2,1,1,0,Matchs
190,Carlos Coronel,py PAR,GB,NY Red Bulls,26,1996,34.0,8,0.24,6,2,0,0,0,0,0,0.00,0,0,0,0,0,0,Matchs
191,Guzmán Corujo,uy URU,DF,Charlotte,26,1996,3.9,1,0.25,1,0,0,0,0,0,0,0.00,0,0,0,0,0,0,Matchs
192,Douglas Costa,br BRA,"AT,MT",LA Galaxy,32,1990,13.5,68,05.02,40,17,5,4,2,0,12,0.89,5,4,1,1,1,0,Matchs
193,Séga Coulibaly,fr FRA,DF,LA Galaxy,26,1996,1.0,0,0.00,0,0,0,0,0,0,0,0.00,0,0,0,0,0,0,Matchs
194,Cade Cowell,us USA,AT,SJ Earthquakes,19,2003,17.1,30,1.76,15,0,9,3,2,1,6,0.35,4,0,0,0,2,0,Matchs
195,Ben Cremaschi,us USA,"MT,AT",Inter Miami,17,2005,19.9,53,2.66,40,1,2,7,1,2,8,0.40,7,0,0,1,0,0,Matchs
196,Maxime Crépeau,ca CAN,GB,LAFC,28,1994,7.0,1,0.14,1,0,0,0,0,0,0,0.00,0,0,0,0,0,0,Matchs
197,Daniel Crisostomo,us USA,MT,LAFC,26,1997,3.1,5,1.61,4,0,0,0,1,0,0,0.00,0,0,0,0,0,0,Matchs
198,Andrés Cubas,py PAR,MT,Vancouver W'caps,26,1996,23.8,26,01.09,22,1,0,0,2,1,4,0.17,4,0,0,0,0,0,Matchs
199,Cucho,co COL,AT,Crew,23,1999,26.3,127,4.83,82,1,16,21,5,2,20,0.76,14,0,2,3,1,0,Matchs
200,Mauricio Cuevas,us USA,DF,LA Galaxy,19,2003,4.7,10,2.12,9,0,0,0,1,0,1,0.21,1,0,0,0,0,0,Matchs
Clt,Joueur,Nation,Pos,Équipe,Âge,Naissance,90,AMT,AMT90,PassLive,PassDead,TO,Tirs,Ftp,Déf,AMB,AMB90,PassLive,PassDead,TO,Tirs,Ftp,Déf,Matchs
201,Braian Cufré,ar ARG,DF,NYCFC,26,1996,20.7,49,2.37,42,2,1,2,2,0,5,0.24,4,0,0,0,1,0,Matchs
202,Antony Curic,ca CAN,DF,Toronto FC,22,2001,0.0,0,0.00,0,0,0,0,0,0,0,0.00,0,0,0,0,0,0,Matchs
203,Rafael Czichos,de GER,DF,Fire,32,1990,27.9,14,0.50,12,1,0,1,0,0,0,0.00,0,0,0,0,0,0,Matchs
204,Cristián Dajome,co COL,"AT,DF",D.C. United,29,1994,8.7,31,3.57,22,0,1,4,3,1,4,0.46,3,0,0,1,0,0,Matchs
205,Cristián Dajome,co COL,"MT,AT",Vancouver W'caps,29,1994,3.3,8,2.42,6,0,2,0,0,0,0,0.00,0,0,0,0,0,0,Matchs
206,Dagur Dan Þórhallsson,is ISL,"DF,MT",Orlando City,22,2000,13.4,28,02.08,21,1,5,0,1,0,6,0.45,3,0,2,0,1,0,Matchs
207,Daniel,br BRA,GB,SJ Earthquakes,28,1994,21.6,0,0.00,0,0,0,0,0,0,0,0.00,0,0,0,0,0,0,Matchs
208,Jesús Daniel Bueno,ve VEN,MT,Philadelphia,23,1999,10.7,22,02.06,19,1,0,2,0,0,1,0.09,1,0,0,0,0,0,Matchs
209,Juan David Mosquera,co COL,DF,Portland Timbers,20,2002,26.7,68,2.54,56,2,2,2,2,4,7,0.26,6,0,0,0,0,1,Matchs
210,Bode Davis,us USA,DF,RSL,20,2002,13.1,34,2.59,29,3,2,0,0,0,3,0.23,3,0,0,0,0,0,Matchs
211,Erick Davis,pa PAN,DF,D.C. United,31,1991,6.0,14,2.34,10,3,0,0,1,0,0,0.00,0,0,0,0,0,0,Matchs
212,Jake Davis,us USA,DF,Sporting KC,21,2002,22.6,31,1.37,26,2,2,0,1,0,3,0.13,2,0,1,0,0,0,Matchs
213,Sean Davis,us USA,MT,Nashville,29,1993,20.8,19,0.91,18,0,0,1,0,0,2,0.10,2,0,0,0,0,0,Matchs
214,Jonathan Dean,us USA,DF,Fire,25,1997,15.3,27,1.76,25,1,0,0,1,0,4,0.26,2,1,0,0,1,0,Matchs
215,Miloš Degenek,au AUS,DF,Crew,28,1994,9.5,6,0.63,6,0,0,0,0,0,1,0.10,1,0,0,0,0,0,Matchs
216,Brecht Dejaegere,be BEL,"AT,MT",Charlotte,31,1991,5.3,18,3.36,13,0,2,0,3,0,2,0.37,2,0,0,0,0,0,Matchs
217,Marky Delgado,us USA,MT,LA Galaxy,27,1995,25.7,97,3.77,90,0,2,1,1,3,6,0.23,6,0,0,0,0,0,Matchs
218,Luis Díaz,cr CRC,AT,Rapids,24,1998,1.0,2,1.94,1,0,0,0,1,0,0,0.00,0,0,0,0,0,0,Matchs
219,Luis Díaz,cr CRC,"DF,MT",Crew,24,1998,0.9,1,01.08,1,0,0,0,0,0,1,01.08,1,0,0,0,0,0,Matchs
220,Bakaye Dibassy,ml MLI,DF,Minnesota Utd,33,1989,5.3,2,0.37,1,0,0,0,1,0,1,0.19,0,0,0,0,1,0,Matchs
221,Adama Diomande,no NOR,AT,Toronto FC,32,1990,1.8,3,1.63,3,0,0,0,0,0,0,0.00,0,0,0,0,0,0,Matchs
222,Clément Diop,sn SEN,GB,Atlanta Utd,29,1993,1.5,0,0.00,0,0,0,0,0,0,0,0.00,0,0,0,0,0,0,Matchs
223,Hamady Diop,sn SEN,"DF,MT",Charlotte,20,2002,0.4,0,0.00,0,0,0,0,0,0,0,0.00,0,0,0,0,0,0,Matchs
224,Sofiane Djeffal,fr FRA,MT,Austin,23,1999,3.5,7,02.01,4,0,2,0,1,0,1,0.29,1,0,0,0,0,0,Matchs
225,Ethan Dobbelaere,us USA,AT,Seattle,20,2002,1.1,2,1.84,1,0,0,0,1,0,1,0.92,0,0,0,0,1,0,Matchs
Clt,Joueur,Nation,Pos,Équipe,Âge,Naissance,90,AMT,AMT90,PassLive,PassDead,TO,Tirs,Ftp,Déf,AMB,AMB90,PassLive,PassDead,TO,Tirs,Ftp,Déf,Matchs
226,Ronald Donkor,ml MLI,"MT,DF",NY Red Bulls,18,2004,0.5,2,3.83,2,0,0,0,0,0,1,1.91,1,0,0,0,0,0,Matchs
227,Christopher Donovan,us USA,AT,Philadelphia,22,2000,4.3,8,1.84,8,0,0,0,0,0,2,0.46,2,0,0,0,0,0,Matchs
228,Griffin Dorsey,us USA,DF,Dynamo FC,23,1999,11.4,27,2.37,20,1,1,1,4,0,3,0.26,2,0,0,0,1,0,Matchs
229,C.J. dos Santos,us USA,GB,Inter Miami,22,2000,1.0,0,0.00,0,0,0,0,0,0,0,0.00,0,0,0,0,0,0,Matchs
230,Hassani Dotson,us USA,"MT,AT",Minnesota Utd,25,1997,28.6,90,3.15,73,0,4,8,4,1,11,0.39,7,0,0,2,1,1,Matchs
231,Ousmane Doumbia,ci CIV,MT,Fire,30,1992,9.0,15,1.66,14,0,0,0,0,1,3,0.33,3,0,0,0,0,0,Matchs
232,Sebastián Driussi,ar ARG,"MT,AT",Austin,26,1996,25.6,72,2.81,47,1,7,12,4,1,12,0.47,7,0,1,3,1,0,Matchs
233,Erik Duenas,us USA,"MT,DF",LAFC,18,2004,8.4,25,2.98,21,1,2,0,1,0,2,0.24,2,0,0,0,0,0,Matchs
234,Bryce Duke,us USA,MT,Inter Miami,21,2001,4.9,10,02.05,6,1,1,1,1,0,1,0.21,1,0,0,0,0,0,Matchs
235,Bryce Duke,us USA,"MT,AT",CF Montréal,21,2001,16.3,62,3.81,38,13,1,3,5,2,2,0.12,1,1,0,0,0,0,Matchs
236,Cameron Duke,us USA,DF,Sporting KC,21,2001,1.5,2,1.33,2,0,0,0,0,0,0,0.00,0,0,0,0,0,0,Matchs
237,Cameron Dunbar,us USA,"MT,AT",Minnesota Utd,20,2002,1.3,3,2.39,2,1,0,0,0,0,0,0.00,0,0,0,0,0,0,Matchs
238,Kyle Duncan,us USA,DF,NY Red Bulls,25,1997,20.5,49,2.39,29,6,4,2,5,3,5,0.24,2,0,0,2,1,0,Matchs
239,Chris Durkin,us USA,MT,D.C. United,22,2000,21.9,61,2.78,47,1,4,1,3,5,6,0.27,3,0,2,0,0,1,Matchs
240,Jeremy Ebobisse,us USA,AT,SJ Earthquakes,25,1997,32.9,75,2.28,53,0,2,7,12,1,9,0.27,6,0,0,0,3,0,Matchs
241,Daniel Edelman,us USA,MT,NY Red Bulls,19,2003,20.6,40,1.94,33,3,0,2,0,2,1,0.05,1,0,0,0,0,0,Matchs
242,Earl Edwards Jr.,us USA,GB,NE Revolution,31,1992,10.0,3,0.30,2,1,0,0,0,0,0,0.00,0,0,0,0,0,0,Matchs
243,Raheem Edwards,ca CAN,DF,LA Galaxy,27,1995,20.8,53,2.55,37,2,5,2,3,4,7,0.34,3,0,1,2,1,0,Matchs
244,Jack Elliott,eng ENG,DF,Philadelphia,27,1995,31.0,26,0.84,18,1,0,7,0,0,1,0.03,1,0,0,0,0,0,Matchs
245,Herbert Endeley,us USA,"MT,AT",FC Dallas,21,2001,2.4,5,2.12,3,0,0,1,1,0,0,0.00,0,0,0,0,0,0,Matchs
246,Emeka Eneli,us USA,"DF,MT",RSL,23,1999,14.7,33,2.24,26,0,1,0,6,0,0,0.00,0,0,0,0,0,0,Matchs
247,Ramiro Enrique,ar ARG,AT,Orlando City,21,2001,11.5,18,1.56,8,0,4,4,2,0,3,0.26,3,0,0,0,0,0,Matchs
248,Franco Escobar,ar ARG,DF,Dynamo FC,27,1995,24.7,34,1.38,22,1,4,3,2,2,2,0.08,2,0,0,0,0,0,Matchs
249,Cristian Espinoza,ar ARG,"AT,MT",SJ Earthquakes,27,1995,33.7,176,5.23,93,57,15,7,0,4,15,0.45,9,3,2,1,0,0,Matchs
250,Roger Espinoza,hn HON,MT,Sporting KC,36,1986,8.1,17,2.10,16,0,0,0,0,1,2,0.25,2,0,0,0,0,0,Matchs
Clt,Joueur,Nation,Pos,Équipe,Âge,Naissance,90,AMT,AMT90,PassLive,PassDead,TO,Tirs,Ftp,Déf,AMB,AMB90,PassLive,PassDead,TO,Tirs,Ftp,Déf,Matchs
251,Derrick Etienne,ht HAI,"AT,MT",Atlanta Utd,26,1996,11.6,32,2.76,28,0,0,1,3,0,4,0.34,2,0,0,0,2,0,Matchs
252,Evander,br BRA,"MT,AT",Portland Timbers,24,1998,24.5,110,4.48,50,32,9,8,8,3,8,0.33,6,0,1,0,0,1,Matchs
253,Diego Fagúndez,uy URU,"AT,MT",Austin,27,1995,11.4,43,3.79,25,13,3,0,2,0,3,0.26,3,0,0,0,0,0,Matchs
254,Diego Fagúndez,uy URU,"AT,MT",LA Galaxy,27,1995,6.4,24,3.76,16,6,0,0,2,0,3,0.47,2,1,0,0,0,0,Matchs
255,José Fajardo,pa PAN,"AT,MT",D.C. United,29,1993,2.7,5,1.84,5,0,0,0,0,0,0,0.00,0,0,0,0,0,0,Matchs
256,Mamadou Fall,sn SEN,DF,LAFC,20,2002,1.0,2,2.00,2,0,0,0,0,0,0,0.00,0,0,0,0,0,0,Matchs
257,Marco Farfan,us USA,DF,FC Dallas,24,1998,29.8,30,01.01,26,3,0,0,1,0,3,0.10,3,0,0,0,0,0,Matchs
258,Jordan Faria,ca CAN,AT,Toronto FC,22,2000,0.3,0,0.00,0,0,0,0,0,0,0,0.00,0,0,0,0,0,0,Matchs
259,Facundo Farías,ar ARG,"AT,MT",Inter Miami,20,2002,9.3,33,3.55,25,2,3,3,0,0,4,0.43,4,0,0,0,0,0,Matchs
260,Andrew Farrell,us USA,DF,NE Revolution,30,1992,21.5,15,0.70,14,0,0,0,0,1,2,0.09,2,0,0,0,0,0,Matchs
261,Mohamed Farsi,ca CAN,"DF,MT",Crew,23,1999,24.0,47,1.96,39,1,4,1,1,1,8,0.33,7,0,1,0,0,0,Matchs
262,Felipe,br BRA,MT,Orlando City,32,1990,6.3,15,2.39,13,0,0,0,1,1,2,0.32,2,0,0,0,0,0,Matchs
263,Julián Fernández,ar ARG,"AT,MT",NYCFC,19,2004,3.6,23,6.43,17,4,2,0,0,0,1,0.28,1,0,0,0,0,0,Matchs
264,Omir Fernandez,us USA,"MT,AT",NY Red Bulls,23,1999,19.4,58,2.99,38,0,7,7,6,0,6,0.31,4,0,0,2,0,0,Matchs
265,Jesús Ferreira,us USA,AT,FC Dallas,22,2000,25.2,108,4.29,60,30,7,9,0,2,13,0.52,7,1,3,2,0,0,Matchs
266,Sebastián Ferreira,py PAR,AT,Dynamo FC,24,1998,3.4,7,02.09,4,0,1,1,1,0,0,0.00,0,0,0,0,0,0,Matchs
267,Ethan Finlay,us USA,"AT,MT",Austin,32,1990,18.8,35,1.86,28,1,2,3,1,0,6,0.32,5,0,0,1,0,0,Matchs
268,Nicolas Firmino,us USA,MT,Atlanta Utd,22,2001,0.0,1,22.50,0,0,0,0,0,1,0,0.00,0,0,0,0,0,0,Matchs
269,Leon Flach,us USA,MT,Philadelphia,21,2001,19.9,29,1.46,25,0,0,2,0,2,3,0.15,2,0,0,1,0,0,Matchs
270,Kristian Fletcher,us USA,"AT,MT",D.C. United,17,2005,1.5,4,2.75,4,0,0,0,0,0,2,1.37,2,0,0,0,0,0,Matchs
271,Danny Flores,us USA,MT,Sporting KC,20,2002,0.1,0,0.00,0,0,0,0,0,0,0,0.00,0,0,0,0,0,0,Matchs
272,CJ Fodrey,us USA,"DF,AT",Austin,18,2004,0.4,1,2.81,1,0,0,0,0,0,0,0.00,0,0,0,0,0,0,Matchs
273,Nathan Fogaça,br BRA,AT,Portland Timbers,23,1999,6.3,19,03.02,12,0,4,3,0,0,4,0.64,1,0,2,1,0,0,Matchs
274,Andreu Fontàs,es ESP,DF,Sporting KC,33,1989,26.6,25,0.94,21,0,0,3,0,1,3,0.11,3,0,0,0,0,0,Matchs
275,Ajani Fortune,tt TRI,MT,Atlanta Utd,20,2002,4.2,3,0.72,2,0,1,0,0,0,0,0.00,0,0,0,0,0,0,Matchs
Clt,Joueur,Nation,Pos,Équipe,Âge,Naissance,90,AMT,AMT90,PassLive,PassDead,TO,Tirs,Ftp,Déf,AMB,AMB90,PassLive,PassDead,TO,Tirs,Ftp,Déf,Matchs
276,Taxiarchis Fountas,gr GRE,"AT,MT",D.C. United,27,1995,12.2,35,2.87,22,0,3,3,5,2,3,0.25,1,0,0,1,1,0,Matchs
277,Franco Fragapane,ar ARG,"MT,AT",Minnesota Utd,29,1993,14.8,62,4.19,46,9,1,3,3,0,4,0.27,1,1,0,1,1,0,Matchs
278,Iván Franco,py PAR,"AT,MT",Dynamo FC,22,2000,11.8,30,2.53,21,0,3,3,3,0,3,0.25,3,0,0,0,0,0,Matchs
279,Kobe Franklin,ca CAN,"DF,MT",Toronto FC,19,2003,24.1,42,1.74,35,3,1,1,1,1,3,0.12,3,0,0,0,0,0,Matchs
280,Liam Fraser,ca CAN,MT,FC Dallas,24,1998,4.1,2,0.49,2,0,0,0,0,0,1,0.24,1,0,0,0,0,0,Matchs
281,Ian Fray,us USA,"DF,MT",Inter Miami,20,2002,7.3,16,2.20,12,1,1,1,0,1,2,0.28,2,0,0,0,0,0,Matchs
282,Alexander Freeman,us USA,DF,Orlando City,18,2004,0.0,0,0.00,0,0,0,0,0,0,0,0.00,0,0,0,0,0,0,Matchs
283,Matt Freese,us USA,GB,NYCFC,24,1998,10.0,0,0.00,0,0,0,0,0,0,0,0.00,0,0,0,0,0,0,Matchs
284,Stefan Frei,ch SUI,GB,Seattle,36,1986,32.0,3,0.09,3,0,0,0,0,0,0,0.00,0,0,0,0,0,0,Matchs
285,Ray Gaddis,us USA,DF,FC Cincinnati,33,1990,13.9,12,0.86,11,0,0,1,0,0,0,0.00,0,0,0,0,0,0,Matchs
286,Julian Gaines,us USA,DF,LAFC,20,2002,0.7,0,0.00,0,0,0,0,0,0,0,0.00,0,0,0,0,0,0,Matchs
287,McKinze Gaines,us USA,"AT,MT",Charlotte,24,1998,8.2,26,3.18,13,1,8,2,1,1,1,0.12,1,0,0,0,0,0,Matchs
288,Jon Gallagher,ie IRL,"DF,MT",Austin,26,1996,31.0,66,2.13,56,2,4,2,2,0,11,0.36,10,0,0,0,1,0,Matchs
289,Pedro Gallese,pe PER,GB,Orlando City,32,1990,30.0,7,0.23,4,3,0,0,0,0,1,0.03,0,1,0,0,0,0,Matchs
290,Braian Galván,ar ARG,"AT,DF",Rapids,22,2000,7.4,21,2.85,16,0,1,0,3,1,1,0.14,0,0,0,0,1,0,Matchs
291,Mender García,co COL,"AT,MT",Minnesota Utd,24,1998,11.4,29,2.53,23,0,2,2,1,1,2,0.17,2,0,0,0,0,0,Matchs
292,Chase Gasper,us USA,DF,Dynamo FC,27,1996,2.3,2,0.86,1,1,0,0,0,0,0,0.00,0,0,0,0,0,0,Matchs
293,Ryan Gauld,sct SCO,"AT,MT",Vancouver W'caps,27,1995,29.2,140,4.79,92,28,1,14,3,2,19,0.65,11,3,0,4,1,0,Matchs
294,Luka Gavran,ca CAN,GB,Toronto FC,22,2000,4.0,1,0.25,1,0,0,0,0,0,0,0.00,0,0,0,0,0,0,Matchs
295,Dániel Gazdag,hu HUN,MT,Philadelphia,26,1996,30.3,109,3.59,84,7,3,6,8,1,19,0.63,15,0,1,1,2,0,Matchs
296,Geovane,br BRA,DF,FC Dallas,21,2001,11.0,22,02.01,14,1,2,1,3,1,3,0.27,2,0,1,0,0,0,Matchs
297,Alex Gersbach,au AUS,"DF,MT",Rapids,25,1997,2.9,3,01.03,2,0,0,1,0,0,0,0.00,0,0,0,0,0,0,Matchs
298,Giorgos Giakoumakis,gr GRE,AT,Atlanta Utd,28,1994,19.8,37,1.87,28,0,2,0,6,1,6,0.30,3,0,2,0,1,0,Matchs
299,Carles Gil,es ESP,MT,NE Revolution,30,1992,29.1,201,6.91,131,33,15,9,11,2,29,1.00,20,3,1,4,0,1,Matchs
300,Nacho Gil,es ESP,"AT,DF",NE Revolution,27,1995,5.8,16,2.74,14,1,0,0,1,0,3,0.51,3,0,0,0,0,0,Matchs
Clt,Joueur,Nation,Pos,Équipe,Âge,Naissance,90,AMT,AMT90,PassLive,PassDead,TO,Tirs,Ftp,Déf,AMB,AMB90,PassLive,PassDead,TO,Tirs,Ftp,Déf,Matchs
301,Gastón Giménez,py PAR,MT,Fire,31,1991,24.4,44,1.80,30,8,0,3,0,3,4,0.16,3,0,0,0,0,1,Matchs
302,Nicholas Gioacchini,us USA,"AT,MT",St. Louis,22,2000,23.3,69,2.96,47,0,2,7,12,1,8,0.34,4,0,0,3,1,0,Matchs
303,Justen Glad,us USA,DF,RSL,25,1997,30.2,21,0.70,19,0,0,1,0,1,0,0.00,0,0,0,0,0,0,Matchs
304,Jakob Glesnes,no NOR,DF,Philadelphia,28,1994,31.0,34,1.10,27,2,1,3,0,1,4,0.13,2,1,0,1,0,0,Matchs
305,Caden Glover,us USA,MT,St. Louis,15,2007,0.2,0,0.00,0,0,0,0,0,0,0,0.00,0,0,0,0,0,0,Matchs
306,Aníbal Godoy,pa PAN,MT,Nashville,32,1990,18.5,26,1.41,23,0,0,2,1,0,1,0.05,0,0,0,1,0,0,Matchs
307,Yeimar Gómez Andrade,co COL,DF,Seattle,30,1992,32.1,14,0.44,11,0,0,1,0,2,0,0.00,0,0,0,0,0,0,Matchs
308,Carlos Gómez,co COL,"MT,AT",RSL,20,2002,15.5,69,4.44,48,5,11,2,1,2,8,0.51,7,0,1,0,0,0,Matchs
309,Diego Gómez,py PAR,"MT,AT",Inter Miami,19,2003,4.6,9,1.95,7,0,0,0,1,1,2,0.43,2,0,0,0,0,0,Matchs
310,Gaston Gonzalez,ar ARG,"AT,DF",Orlando City,21,2001,8.0,11,1.38,8,1,0,0,1,1,2,0.25,2,0,0,0,0,0,Matchs
311,Mario González,es ESP,AT,LAFC,26,1996,4.3,7,1.63,5,0,1,1,0,0,2,0.47,1,0,1,0,0,0,Matchs
312,Omar Gonzalez,us USA,DF,NE Revolution,34,1988,9.6,3,0.31,2,1,0,0,0,0,1,0.10,0,1,0,0,0,0,Matchs
313,Zavier Gozo,us USA,AT,RSL,15,2007,0.1,0,0.00,0,0,0,0,0,0,0,0.00,0,0,0,0,0,0,Matchs
314,Alejandro Granados,es ESP,AT,Orlando City,16,2006,0.0,0,0.00,0,0,0,0,0,0,0,0.00,0,0,0,0,0,0,Matchs
315,Tayvon Gray,us USA,DF,NYCFC,20,2002,22.7,30,1.32,24,2,2,1,1,0,1,0.04,0,1,0,0,0,0,Matchs
316,Jacob Greene,us USA,DF,D.C. United,19,2003,5.4,5,0.94,4,0,0,0,1,0,0,0.00,0,0,0,0,0,0,Matchs
317,Gregore,br BRA,MT,Inter Miami,28,1994,4.3,4,0.94,4,0,0,0,0,0,1,0.23,1,0,0,0,0,0,Matchs
318,Ján Greguš,sk SVK,MT,Nashville,32,1991,2.5,7,2.79,7,0,0,0,0,0,1,0.40,1,0,0,0,0,0,Matchs
319,Ján Greguš,sk SVK,MT,Minnesota Utd,32,1991,10.0,23,2.29,16,4,1,1,1,0,1,0.10,0,0,0,1,0,0,Matchs
320,Julian Gressel,us USA,"DF,MT",Crew,29,1993,8.2,44,5.36,30,13,1,0,0,0,1,0.12,0,1,0,0,0,0,Matchs
321,Julian Gressel,us USA,MT,Vancouver W'caps,29,1993,15.1,77,5.11,54,16,3,2,0,2,8,0.53,5,3,0,0,0,0,Matchs
322,Victor Griffith,pa PAN,MT,Portland Timbers,22,2000,1.0,1,1.00,1,0,0,0,0,0,0,0.00,0,0,0,0,0,0,Matchs
323,Carlos Gruezo,ec ECU,MT,SJ Earthquakes,27,1995,23.9,27,1.13,25,0,0,0,1,1,3,0.13,3,0,0,0,0,0,Matchs
324,Brian Gutiérrez,us USA,"AT,MT",Fire,19,2003,26.5,99,3.74,71,3,9,3,13,0,12,0.45,10,0,0,0,2,0,Matchs
325,Cristián Gutiérrez,cl CHI,DF,Toronto FC,25,1997,2.7,3,1.11,3,0,0,0,0,0,1,0.37,1,0,0,0,0,0,Matchs
Clt,Joueur,Nation,Pos,Équipe,Âge,Naissance,90,AMT,AMT90,PassLive,PassDead,TO,Tirs,Ftp,Déf,AMB,AMB90,PassLive,PassDead,TO,Tirs,Ftp,Déf,Matchs
326,Diego Gutierrez,us USA,"AT,MT",Portland Timbers,23,1999,2.7,4,1.46,4,0,0,0,0,0,1,0.37,1,0,0,0,0,0,Matchs
327,Felipe Gutiérrez,cl CHI,MT,Sporting KC,32,1990,3.3,12,3.69,7,1,1,1,1,1,1,0.31,0,0,0,1,0,0,Matchs
328,Andrew Gutman,us USA,DF,Atlanta Utd,26,1996,15.4,39,2.53,33,0,2,3,0,1,7,0.45,5,0,1,1,0,0,Matchs
329,Andrew Gutman,us USA,DF,Rapids,26,1996,11.2,25,2.23,16,0,5,1,1,2,2,0.18,1,0,0,0,1,0,Matchs
330,Brad Guzan,us USA,GB,Atlanta Utd,38,1984,27.0,2,0.07,2,0,0,0,0,0,0,0.00,0,0,0,0,0,0,Matchs
331,Justin Haak,us USA,"DF,MT",NYCFC,21,2001,10.1,6,0.59,6,0,0,0,0,0,0,0.00,0,0,0,0,0,0,Matchs
332,Luke Haakenson,us USA,"MT,AT",Nashville,25,1997,3.0,4,1.32,4,0,0,0,0,0,0,0.00,0,0,0,0,0,0,Matchs
333,Teenage Hadebe,zw ZIM,DF,Dynamo FC,27,1995,11.5,3,0.26,2,0,0,0,0,1,0,0.00,0,0,0,0,0,0,Matchs
334,Nick Hagglund,us USA,DF,FC Cincinnati,30,1992,23.9,12,0.50,12,0,0,0,0,0,1,0.04,1,0,0,0,0,0,Matchs
335,Maren Haile-Selassie,ch SUI,"AT,DF",Fire,23,1999,21.2,67,3.16,52,4,5,4,1,1,7,0.33,5,0,0,1,1,0,Matchs
336,Julian Hall,us USA,AT,NY Red Bulls,14,2008,0.1,0,0.00,0,0,0,0,0,0,0,0.00,0,0,0,0,0,0,Matchs
337,Michael Halliday,us USA,DF,Orlando City,20,2003,9.5,16,1.69,13,2,0,0,1,0,2,0.21,2,0,0,0,0,0,Matchs
338,Bret Halsey,us USA,DF,FC Cincinnati,22,2000,2.6,9,3.51,6,1,0,2,0,0,2,0.78,0,1,0,1,0,0,Matchs
339,Ahmed Hamdi,eg EGY,"MT,AT",CF Montréal,24,1998,5.3,14,2.65,14,0,0,0,0,0,0,0.00,0,0,0,0,0,0,Matchs
340,Yosuke Hanya,jp JPN,"AT,MT",Rapids,24,1999,0.5,0,0.00,0,0,0,0,0,0,0,0.00,0,0,0,0,0,0,Matchs
341,Ian Harkes,us USA,MT,NE Revolution,27,1995,6.7,14,02.09,12,0,2,0,0,0,1,0.15,1,0,0,0,0,0,Matchs
342,Cameron Harper,us USA,"DF,MT",NY Red Bulls,21,2001,23.9,48,02.01,38,1,3,3,1,2,2,0.08,1,1,0,0,0,0,Matchs
343,Nathan Harriel,us USA,DF,Philadelphia,21,2001,18.6,30,1.62,19,1,2,4,1,3,2,0.11,2,0,0,0,0,0,Matchs
344,Calvin Harris,eng ENG,AT,Rapids,22,2000,10.0,14,1.40,11,0,1,2,0,0,3,0.30,2,0,1,0,0,0,Matchs
345,Thomas Hasal,ca CAN,GB,Vancouver W'caps,23,1999,1.0,0,0.00,0,0,0,0,0,0,0,0.00,0,0,0,0,0,0,Matchs
346,Héber,br BRA,"AT,MT",Seattle,31,1991,11.8,32,2.71,27,0,3,1,1,0,2,0.17,2,0,0,0,0,0,Matchs
347,Matt Hedges,us USA,DF,Toronto FC,32,1990,11.9,1,0.08,1,0,0,0,0,0,0,0.00,0,0,0,0,0,0,Matchs
348,Matt Hedges,us USA,DF,Austin,32,1990,3.4,3,0.88,3,0,0,0,0,0,0,0.00,0,0,0,0,0,0,Matchs
349,Chris Hegardt,us USA,"AT,MT",Charlotte,21,2002,0.6,3,4.74,2,1,0,0,0,0,0,0.00,0,0,0,0,0,0,Matchs
350,Fabian Herbers,de GER,"MT,AT",Fire,29,1993,21.9,43,1.96,42,1,0,0,0,0,5,0.23,5,0,0,0,0,0,Matchs
Clt,Joueur,Nation,Pos,Équipe,Âge,Naissance,90,AMT,AMT90,PassLive,PassDead,TO,Tirs,Ftp,Déf,AMB,AMB90,PassLive,PassDead,TO,Tirs,Ftp,Déf,Matchs
351,Felipe Hernandez,us USA,MT,Sporting KC,24,1998,3.6,4,1.12,1,2,0,0,0,1,0,0.00,0,0,0,0,0,0,Matchs
352,Javier Hernández,mx MEX,AT,LA Galaxy,34,1988,7.6,21,2.75,17,0,1,2,1,0,0,0.00,0,0,0,0,0,0,Matchs
353,Ronald Hernández,ve VEN,DF,Atlanta Utd,25,1997,7.8,11,1.41,8,1,1,0,1,0,1,0.13,1,0,0,0,0,0,Matchs
354,Aaron Herrera,gt GUA,"DF,MT",CF Montréal,25,1997,15.6,33,2.11,29,0,0,2,2,0,3,0.19,3,0,0,0,0,0,Matchs
355,Héctor Herrera,mx MEX,MT,Dynamo FC,32,1990,28.1,145,5.16,89,33,13,2,8,0,22,0.78,16,4,0,0,2,0,Matchs
356,Kyle Hiebert,ca CAN,DF,St. Louis,25,1997,23.6,21,0.89,17,3,0,0,0,1,2,0.08,2,0,0,0,0,0,Matchs
357,Brendan Hines-Ike,us USA,DF,D.C. United,28,1994,10.4,5,0.48,3,1,0,0,1,0,0,0.00,0,0,0,0,0,0,Matchs
358,Bongokuhle Hlongwane,za RSA,AT,Minnesota Utd,22,2000,27.6,105,3.80,64,0,17,13,10,1,14,0.51,9,0,1,3,1,0,Matchs
359,Junior Hoilett,ca CAN,"AT,MT",Vancouver W'caps,32,1990,2.6,11,4.27,7,2,1,1,0,0,0,0.00,0,0,0,0,0,0,Matchs
360,Ryan Hollingshead,us USA,DF,LAFC,31,1991,26.1,47,1.81,36,4,2,1,2,2,3,0.12,2,0,0,1,0,0,Matchs
361,Erik Holt,us USA,DF,RSL,26,1996,0.6,0,0.00,0,0,0,0,0,0,0,0.00,0,0,0,0,0,0,Matchs
362,Jackson Hopkins,us USA,MT,D.C. United,18,2004,2.2,4,1.85,4,0,0,0,0,0,0,0.00,0,0,0,0,0,0,Matchs
363,Matthew Hoppe,us USA,"AT,MT",SJ Earthquakes,21,2001,4.7,8,1.71,7,0,0,1,0,0,0,0.00,0,0,0,0,0,0,Matchs
364,Keegan Hughes,us USA,DF,Crew,22,2000,0.0,0,0.00,0,0,0,0,0,0,0,0.00,0,0,0,0,0,0,Matchs
365,Erik Hurtado,us USA,"AT,MT",D.C. United,32,1990,3.0,8,2.63,7,0,0,1,0,0,0,0.00,0,0,0,0,0,0,Matchs
366,Franco Ibarra,ar ARG,MT,Toronto FC,21,2001,4.9,4,0.82,4,0,0,0,0,0,0,0.00,0,0,0,0,0,0,Matchs
367,Franco Ibarra,ar ARG,MT,Atlanta Utd,21,2001,14.2,13,0.92,10,0,1,0,1,1,0,0.00,0,0,0,0,0,0,Matchs
368,Sebastien Ibeagha,us USA,DF,FC Dallas,31,1992,26.5,11,0.42,9,1,0,1,0,0,2,0.08,2,0,0,0,0,0,Matchs
369,Aliyu Ibrahim,ng NGA,AT,Dynamo FC,21,2002,13.4,21,1.57,17,0,1,3,0,0,2,0.15,2,0,0,0,0,0,Matchs
370,Sunusi Ibrahim,ng NGA,"AT,MT",CF Montréal,20,2002,13.0,38,2.92,31,0,2,2,2,1,4,0.31,3,0,0,0,0,1,Matchs
371,Tega Ikoba,us USA,AT,Portland Timbers,19,2003,1.0,5,5.23,3,0,0,1,1,0,0,0.00,0,0,0,0,0,0,Matchs
372,Mitja Ilenič,si SVN,DF,NYCFC,18,2004,13.2,20,1.51,20,0,0,0,0,0,3,0.23,3,0,0,0,0,0,Matchs
373,Ilias Iliadis,gr GRE,"DF,MT",CF Montréal,21,2001,2.8,7,2.51,5,1,0,1,0,0,0,0.00,0,0,0,0,0,0,Matchs
374,Marko Ilić,rs SRB,GB,Rapids,24,1998,13.0,2,0.15,1,1,0,0,0,0,0,0.00,0,0,0,0,0,0,Matchs
375,Asier Illarramendi,es ESP,MT,FC Dallas,32,1990,7.7,11,1.42,9,0,0,0,2,0,2,0.26,2,0,0,0,0,0,Matchs
Clt,Joueur,Nation,Pos,Équipe,Âge,Naissance,90,AMT,AMT90,PassLive,PassDead,TO,Tirs,Ftp,Déf,AMB,AMB90,PassLive,PassDead,TO,Tirs,Ftp,Déf,Matchs
376,Lorenzo Insigne,it ITA,"AT,MT",Toronto FC,31,1991,16.9,75,4.44,52,10,9,2,1,1,6,0.36,5,1,0,0,0,0,Matchs
377,Clint Irwin,us USA,GB,Minnesota Utd,33,1989,4.0,0,0.00,0,0,0,0,0,0,0,0.00,0,0,0,0,0,0,Matchs
378,Aljaž Ivačič,si SVN,GB,Portland Timbers,29,1993,15.0,2,0.13,1,1,0,0,0,0,0,0.00,0,0,0,0,0,0,Matchs
379,Emmanuel Iwe,us USA,AT,Minnesota Utd,22,2000,0.6,2,3.40,1,0,1,0,0,0,0,0.00,0,0,0,0,0,0,Matchs
380,Ousman jabang,us USA,DF,CF Montréal,21,2001,0.9,1,1.17,1,0,0,0,0,0,0,0.00,0,0,0,0,0,0,Matchs
381,Aziel Jackson,us USA,"MT,AT",St. Louis,21,2001,12.4,52,4.19,33,3,4,3,7,2,9,0.73,3,2,1,1,2,0,Matchs
382,Jacob Jackson,us USA,GB,NE Revolution,22,2000,2.0,1,0.50,1,0,0,0,0,0,0,0.00,0,0,0,0,0,0,Matchs
383,Bertin Jacquesson,fr FRA,"AT,MT",RSL,22,2001,4.0,7,1.76,5,0,0,2,0,0,1,0.25,1,0,0,0,0,0,Matchs
384,Eldin Jakupović,ch SUI,GB,LAFC,38,1984,2.0,0,0.00,0,0,0,0,0,0,0,0.00,0,0,0,0,0,0,Matchs
385,Robin Jansson,se SWE,DF,Orlando City,31,1991,32.0,20,0.62,17,1,0,0,1,1,2,0.06,1,0,0,0,1,0,Matchs
386,Andres Jasson,us USA,AT,NYCFC,21,2002,9.0,28,3.11,13,2,4,5,4,0,3,0.33,1,0,0,1,1,0,Matchs
387,Mohanad Jeahze,iq IRQ,DF,D.C. United,25,1997,4.0,8,1.98,7,0,0,0,1,0,2,0.49,2,0,0,0,0,0,Matchs
388,Corentin Jean,fr FRA,"AT,MT",Inter Miami,27,1995,9.2,34,3.69,28,1,0,3,2,0,3,0.33,1,0,0,2,0,0,Matchs
389,Isak Jensen,dk DEN,"MT,AT",St. Louis,19,2003,1.6,5,3.15,3,0,1,0,1,0,1,0.63,1,0,0,0,0,0,Matchs
390,Hector Jiménez,us USA,MT,Austin,34,1988,0.6,2,3.53,2,0,0,0,0,0,0,0.00,0,0,0,0,0,0,Matchs
391,Jesús Jiménez,es ESP,"AT,MT",FC Dallas,29,1993,7.6,13,1.69,12,0,0,1,0,0,2,0.26,2,0,0,0,0,0,Matchs
392,Stiven Jimenez,us USA,AT,FC Cincinnati,15,2007,0.0,0,0.00,0,0,0,0,0,0,0,0.00,0,0,0,0,0,0,Matchs
393,Levonte Johnson,ca CAN,"AT,DF",Vancouver W'caps,23,1999,2.2,7,3.13,5,0,1,0,1,0,1,0.45,0,0,0,0,1,0,Matchs
394,Sean Johnson,us USA,GB,Toronto FC,33,1989,20.0,3,0.15,3,0,0,0,0,0,0,0.00,0,0,0,0,0,0,Matchs
395,DeJuan Jones,us USA,DF,NE Revolution,25,1997,24.1,63,2.62,50,4,6,0,1,2,8,0.33,7,0,0,0,0,1,Matchs
396,Derrick Jones,us USA,"MT,DF",Charlotte,25,1997,20.5,8,0.39,7,0,1,0,0,0,1,0.05,1,0,0,0,0,0,Matchs
397,Juan José Sánchez,co COL,DF,Atlanta Utd,25,1998,23.7,17,0.72,11,1,0,5,0,0,2,0.08,2,0,0,0,0,0,Matchs
398,Dejan Joveljić,rs SRB,AT,LA Galaxy,23,1999,18.1,53,2.93,43,0,4,2,3,1,8,0.44,7,0,0,0,0,1,Matchs
399,Kamil Jóźwiak,pl POL,"AT,MT",Charlotte,24,1998,15.3,50,3.26,37,1,5,1,5,1,10,0.65,8,0,0,0,2,0,Matchs
400,Preston Judd,us USA,AT,LA Galaxy,23,1999,7.1,19,2.66,12,0,4,1,2,0,3,0.42,2,0,0,0,1,0,Matchs
Clt,Joueur,Nation,Pos,Équipe,Âge,Naissance,90,AMT,AMT90,PassLive,PassDead,TO,Tirs,Ftp,Déf,AMB,AMB90,PassLive,PassDead,TO,Tirs,Ftp,Déf,Matchs
401,Judson,br BRA,MT,SJ Earthquakes,29,1993,5.2,5,0.96,4,0,0,0,1,0,1,0.19,1,0,0,0,0,0,Matchs
402,Anderson Julio,ec ECU,AT,RSL,26,1996,12.8,32,2.50,18,0,7,3,1,3,2,0.16,0,0,1,0,0,1,Matchs
403,Juninho,br BRA,MT,Orlando City,22,2001,0.0,0,0.00,0,0,0,0,0,0,0,0.00,0,0,0,0,0,0,Matchs
404,Sam Junqua,us USA,"DF,MT",FC Dallas,26,1996,11.4,12,01.06,10,1,1,0,0,0,1,0.09,1,0,0,0,0,0,Matchs
405,Kristijan Kahlina,hr CRO,GB,Charlotte,30,1992,24.0,1,0.04,1,0,0,0,0,0,1,0.04,1,0,0,0,0,0,Matchs
406,Brent Kallman,us USA,"DF,AT",Minnesota Utd,32,1990,2.2,0,0.00,0,0,0,0,0,0,0,0.00,0,0,0,0,0,0,Matchs
407,Kei Kamara,sl SLE,AT,Fire,38,1984,16.9,27,1.60,21,0,0,5,1,0,1,0.06,1,0,0,0,0,0,Matchs
408,Bernard Kamungo,us USA,"AT,MT",FC Dallas,21,2002,5.6,17,03.06,8,0,5,2,1,1,1,0.18,1,0,0,0,0,0,Matchs
409,Alec Kann,us USA,GB,FC Cincinnati,32,1990,1.0,0,0.00,0,0,0,0,0,0,0,0.00,0,0,0,0,0,0,Matchs
410,Ercan Kara,at AUT,AT,Orlando City,27,1996,9.4,15,1.59,12,0,0,1,2,0,4,0.43,3,0,0,0,1,0,Matchs
411,Ibrahim Kasule,ug UGA,MT,NY Red Bulls,18,2004,0.3,1,3.33,0,0,0,0,1,0,0,0.00,0,0,0,0,0,0,Matchs
412,Mark-Anthony Kaye,ca CAN,MT,Toronto FC,28,1994,20.4,34,1.66,29,0,3,0,1,1,1,0.05,1,0,0,0,0,0,Matchs
413,Mark-Anthony Kaye,ca CAN,MT,NE Revolution,28,1994,8.7,18,02.08,17,0,0,0,1,0,3,0.35,3,0,0,0,0,0,Matchs
414,Axel Kei,us USA,AT,RSL,15,2007,0.1,1,12.86,0,0,0,1,0,0,0,0.00,0,0,0,0,0,0,Matchs
415,Kipp Keller,us USA,DF,Austin,22,2000,4.9,2,0.41,2,0,0,0,0,0,1,0.21,1,0,0,0,0,0,Matchs
416,Deandre Kerr,ca CAN,"AT,MT",Toronto FC,20,2002,13.5,29,2.15,17,0,4,4,3,1,3,0.22,2,0,1,0,0,0,Matchs
417,Henry Kessler,us USA,DF,NE Revolution,24,1998,7.7,5,0.65,4,0,0,1,0,0,0,0.00,0,0,0,0,0,0,Matchs
418,Benjamin Kikanovic,us USA,"AT,MT",SJ Earthquakes,23,2000,7.8,14,1.79,9,0,3,0,2,0,1,0.13,1,0,0,0,0,0,Matchs
419,Gadi Kinda,il ISR,MT,Sporting KC,28,1994,9.3,39,4.19,25,4,5,2,3,0,9,0.97,5,0,2,0,2,0,Matchs
420,Sota Kitahara,us USA,DF,Seattle,20,2003,0.0,0,0.00,0,0,0,0,0,0,0,0.00,0,0,0,0,0,0,Matchs
421,Klauss,br BRA,AT,St. Louis,25,1997,14.6,38,2.60,25,0,2,6,2,3,4,0.27,2,0,2,0,0,0,Matchs
422,John Klein,us USA,MT,St. Louis,23,1999,0.3,0,0.00,0,0,0,0,0,0,0,0.00,0,0,0,0,0,0,Matchs
423,Mateusz Klich,pl POL,"MT,AT",D.C. United,32,1990,30.2,143,4.74,79,50,3,7,4,0,13,0.43,9,3,0,1,0,0,Matchs
424,Jonathan Klinsmann,us USA,GB,LA Galaxy,25,1997,9.2,0,0.00,0,0,0,0,0,0,0,0.00,0,0,0,0,0,0,Matchs
425,Žan Kolmanič,si SVN,DF,Austin,22,2000,4.7,8,1.69,7,0,1,0,0,0,1,0.21,1,0,0,0,0,0,Matchs
Clt,Joueur,Nation,Pos,Équipe,Âge,Naissance,90,AMT,AMT90,PassLive,PassDead,TO,Tirs,Ftp,Déf,AMB,AMB90,PassLive,PassDead,TO,Tirs,Ftp,Déf,Matchs
426,Amet Korca,us USA,DF,FC Dallas,22,2000,1.7,1,0.58,1,0,0,0,0,0,0,0.00,0,0,0,0,0,0,Matchs
427,Georgios Koutsias,gr GRE,"AT,MT",Fire,18,2004,11.3,12,01.06,6,0,4,1,1,0,4,0.35,2,0,2,0,0,0,Matchs
428,Sebastian Kowalczyk,pl POL,"AT,MT",Dynamo FC,24,1998,3.9,9,2.30,7,1,0,0,1,0,3,0.77,3,0,0,0,0,0,Matchs
429,Filip Krastev,bg BUL,MT,LAFC,21,2001,1.8,7,3.99,4,1,0,1,0,1,0,0.00,0,0,0,0,0,0,Matchs
430,Damir Kreilach,hr CRO,"AT,MT",RSL,33,1989,14.6,24,1.64,14,0,1,5,4,0,5,0.34,1,0,0,4,0,0,Matchs
431,Serhiy Kryvtsov,ua UKR,DF,Inter Miami,31,1991,23.5,13,0.55,12,0,0,0,0,1,3,0.13,3,0,0,0,0,0,Matchs
432,Theodore Ku-Dipietro,us USA,"AT,MT",D.C. United,21,2002,13.0,45,3.47,28,0,12,3,1,1,5,0.39,3,0,1,0,0,1,Matchs
433,Yuya Kubo,jp JPN,"MT,AT",FC Cincinnati,29,1993,11.9,34,2.85,23,2,2,5,1,1,4,0.34,3,0,0,1,0,0,Matchs
434,Jojea Kwizera,cg CGO,DF,CF Montréal,24,1999,1.5,5,3.38,4,1,0,0,0,0,0,0.00,0,0,0,0,0,0,Matchs
435,Mathías Laborda,uy URU,DF,Vancouver W'caps,23,1999,17.1,23,1.35,16,2,1,3,0,1,1,0.06,0,0,0,0,0,1,Matchs
436,Kevon Lambert,jm JAM,DF,RSL,25,1997,0.3,0,0.00,0,0,0,0,0,0,0,0.00,0,0,0,0,0,0,Matchs
437,Lassi Lappalainen,fi FIN,"DF,AT",CF Montréal,24,1998,11.5,34,2.97,28,1,1,1,1,2,5,0.44,3,0,1,0,1,0,Matchs
438,Jesús David Murillo Largacha,co COL,DF,LAFC,28,1994,15.8,14,0.88,14,0,0,0,0,0,1,0.06,1,0,0,0,0,0,Matchs
439,Oliver Larraz,us USA,MT,Rapids,21,2001,0.2,0,0.00,0,0,0,0,0,0,0,0.00,0,0,0,0,0,0,Matchs
440,Richie Laryea,ca CAN,DF,Toronto FC,28,1995,17.9,38,2.12,20,0,7,2,8,1,6,0.34,4,0,0,0,2,0,Matchs
441,Richie Laryea,ca CAN,"AT,DF",Vancouver W'caps,28,1995,10.5,31,2.94,18,1,1,3,8,0,6,0.57,4,0,0,1,1,0,Matchs
442,Ariel Lassiter,cr CRC,"AT,MT",Inter Miami,28,1994,1.7,9,5.40,4,0,1,1,2,1,0,0.00,0,0,0,0,0,0,Matchs
443,Ariel Lassiter,cr CRC,"DF,MT",CF Montréal,28,1994,17.7,43,2.42,26,9,3,3,1,1,5,0.28,3,0,0,2,0,0,Matchs
444,Kemar Lawrence,jm JAM,DF,Minnesota Utd,30,1992,12.4,16,1.29,14,2,0,0,0,0,0,0.00,0,0,0,0,0,0,Matchs
445,Randall Leal,cr CRC,"MT,AT",Nashville,26,1997,12.7,32,2.52,26,2,3,0,0,1,2,0.16,0,0,2,0,0,0,Matchs
446,Richy Ledezma,us USA,"MT,AT",NYCFC,22,2000,13.2,49,3.72,38,5,1,3,2,0,7,0.53,4,1,0,1,1,0,Matchs
447,Kelvin Leerdam,sr SUR,DF,LA Galaxy,32,1990,13.4,13,0.97,11,2,0,0,0,0,2,0.15,2,0,0,0,0,0,Matchs
448,Tim Leibold,de GER,DF,Sporting KC,29,1993,9.7,41,4.24,36,0,2,2,1,0,6,0.62,6,0,0,0,0,0,Matchs
449,Brooks Lennon,us USA,DF,Atlanta Utd,25,1997,32.0,99,03.09,62,33,3,1,0,0,13,0.41,9,4,0,0,0,0,Matchs
450,Jonathan Lewis,us USA,"AT,MT",Rapids,25,1997,13.2,35,2.64,23,0,5,2,5,0,2,0.15,2,0,0,0,0,0,Matchs
Clt,Joueur,Nation,Pos,Équipe,Âge,Naissance,90,AMT,AMT90,PassLive,PassDead,TO,Tirs,Ftp,Déf,AMB,AMB90,PassLive,PassDead,TO,Tirs,Ftp,Déf,Matchs
451,Danny Leyva,us USA,MT,Rapids,19,2003,7.1,20,2.83,16,0,0,0,3,1,0,0.00,0,0,0,0,0,0,Matchs
452,Danny Leyva,us USA,"MT,AT",Seattle,19,2003,0.2,0,0.00,0,0,0,0,0,0,0,0.00,0,0,0,0,0,0,Matchs
453,Nick Lima,us USA,DF,Austin,28,1994,27.0,66,2.45,46,15,0,2,3,0,8,0.30,5,2,0,1,0,0,Matchs
454,Jaylin Lindsey,us USA,DF,Charlotte,22,2000,14.5,21,1.45,18,2,0,0,0,1,5,0.34,5,0,0,0,0,0,Matchs
455,Sebastian Lletget,us USA,"MT,AT",FC Dallas,30,1992,12.9,31,2.41,25,2,0,0,3,1,3,0.23,3,0,0,0,0,0,Matchs
456,Saba Lobzhanidze,ge GEO,AT,Atlanta Utd,28,1994,5.2,20,3.88,18,1,0,1,0,0,6,1.16,6,0,0,0,0,0,Matchs
457,Robin Lod,fi FIN,"MT,AT",Minnesota Utd,29,1993,10.0,34,3.41,24,0,7,2,1,0,3,0.30,2,0,0,1,0,0,Matchs
458,Nicolás Lodeiro,uy URU,"MT,AT",Seattle,33,1989,27.5,135,4.90,91,34,1,1,7,1,12,0.44,11,1,0,0,0,0,Matchs
459,Jasper Löffelsend,de GER,MT,RSL,25,1997,12.6,28,2.23,24,0,1,0,1,2,4,0.32,4,0,0,0,0,0,Matchs
460,Aaron Long,us USA,DF,LAFC,30,1992,16.9,14,0.83,12,0,0,1,0,1,2,0.12,2,0,0,0,0,0,Matchs
461,Erik López,py PAR,"AT,MT",Atlanta Utd,21,2001,0.3,0,0.00,0,0,0,0,0,0,0,0.00,0,0,0,0,0,0,Matchs
462,Marvin Loría,cr CRC,"AT,MT",Portland Timbers,25,1997,8.4,12,1.42,10,0,1,0,0,1,1,0.12,1,0,0,0,0,0,Matchs
463,Daniel Lovitz,us USA,DF,Nashville,31,1991,31.6,64,02.03,49,12,1,1,0,1,6,0.19,4,2,0,0,0,0,Matchs
464,Damion Lowe,jm JAM,DF,Philadelphia,29,1993,13.7,8,0.58,7,0,0,1,0,0,0,0.00,0,0,0,0,0,0,Matchs
465,Eduard Löwen,de GER,MT,St. Louis,26,1997,25.6,132,5.14,71,31,10,9,10,1,19,0.74,12,6,1,0,0,0,Matchs
466,Favian Loyola,us USA,MT,Orlando City,17,2005,0.0,1,90.00,1,0,0,0,0,0,0,0.00,0,0,0,0,0,0,Matchs
467,Diego Luna,us USA,"MT,AT",RSL,19,2003,13.3,65,4.89,53,4,7,0,0,1,4,0.30,4,0,0,0,0,0,Matchs
468,Adam Lundqvist,se SWE,"DF,MT",Austin,28,1994,9.6,18,1.88,10,5,1,1,0,1,2,0.21,2,0,0,0,0,0,Matchs
469,Benjamin Lundt,de GER,GB,St. Louis,27,1995,1.0,0,0.00,0,0,0,0,0,0,0,0.00,0,0,0,0,0,0,Matchs
470,Luquinhas,br BRA,"MT,AT",NY Red Bulls,26,1996,22.2,87,3.91,61,1,8,4,12,1,7,0.31,5,0,0,1,1,0,Matchs
471,Jack Lynn,us USA,"MT,AT",Orlando City,23,2000,0.4,2,5.00,2,0,0,0,0,0,0,0.00,0,0,0,0,0,0,Matchs
472,Larrys Mabiala,cd COD,DF,Portland Timbers,35,1987,9.8,3,0.31,1,0,0,2,0,0,1,0.10,0,0,0,1,0,0,Matchs
473,Aimé Mabika,zm ZAM,DF,Toronto FC,24,1998,16.8,4,0.24,4,0,0,0,0,0,0,0.00,0,0,0,0,0,0,Matchs
474,Zac MacMath,us USA,GB,RSL,31,1991,27.5,10,0.36,10,0,0,0,0,0,3,0.11,3,0,0,0,0,0,Matchs
475,Lukas MacNaughton,ca CAN,DF,Toronto FC,27,1995,2.0,0,0.00,0,0,0,0,0,0,0,0.00,0,0,0,0,0,0,Matchs
Clt,Joueur,Nation,Pos,Équipe,Âge,Naissance,90,AMT,AMT90,PassLive,PassDead,TO,Tirs,Ftp,Déf,AMB,AMB90,PassLive,PassDead,TO,Tirs,Ftp,Déf,Matchs
476,Lukas MacNaughton,ca CAN,DF,Nashville,27,1995,11.9,12,1.00,4,5,0,2,1,0,1,0.08,0,0,0,0,1,0,Matchs
477,Talles Magno,br BRA,AT,NYCFC,20,2002,21.2,64,03.02,48,0,4,7,4,1,6,0.28,4,0,0,1,1,0,Matchs
478,Jack Maher,us USA,DF,Nashville,23,1999,32.0,15,0.47,12,0,0,2,0,1,0,0.00,0,0,0,0,0,0,Matchs
479,Cassius Mailula,za RSA,"AT,MT",Toronto FC,21,2001,0.8,1,1.27,1,0,0,0,0,0,0,0.00,0,0,0,0,0,0,Matchs
480,Christian Makoun,ve VEN,"DF,MT",NE Revolution,22,2000,5.4,5,0.92,3,1,1,0,0,0,1,0.18,1,0,0,0,0,0,Matchs
481,Adilson Malanda,fr FRA,DF,Charlotte,21,2001,28.5,11,0.39,10,0,0,1,0,0,2,0.07,2,0,0,0,0,0,Matchs
482,Denil Maldonado,hn HON,DF,LAFC,24,1998,18.6,15,0.81,11,2,0,0,0,2,2,0.11,2,0,0,0,0,0,Matchs
483,Machop Malual,ss SSD,"AT,MT",Atlanta Utd,24,1998,5.2,18,3.45,10,0,5,1,2,0,2,0.38,1,0,0,1,0,0,Matchs
484,Elias Manoel,br BRA,AT,NY Red Bulls,21,2001,18.4,41,2.23,29,0,6,4,1,1,6,0.33,5,0,1,0,0,0,Matchs
485,J.T. Marcinkowski,us USA,GB,SJ Earthquakes,25,1997,12.4,2,0.16,2,0,0,0,0,0,0,0.00,0,0,0,0,0,0,Matchs
486,Paul Marie,fr FRA,DF,SJ Earthquakes,27,1995,22.3,38,1.71,28,1,4,2,3,0,3,0.13,3,0,0,0,0,0,Matchs
487,Anthony Markanich,ph PHI,DF,Rapids,23,1999,3.8,9,2.38,6,1,0,2,0,0,0,0.00,0,0,0,0,0,0,Matchs
488,Anthony Markanich,ph PHI,DF,St. Louis,23,1999,7.3,13,1.78,11,1,0,1,0,0,1,0.14,1,0,0,0,0,0,Matchs
489,George Marks,us USA,GB,Charlotte,23,1999,7.0,2,0.29,1,1,0,0,0,0,0,0.00,0,0,0,0,0,0,Matchs
490,Mikael Marques,se SWE,MT,Minnesota Utd,21,2001,0.1,0,0.00,0,0,0,0,0,0,0,0.00,0,0,0,0,0,0,Matchs
491,Jahkeele Marshall-Rutty,ca CAN,"MT,DF",Toronto FC,18,2004,12.8,24,1.88,18,0,1,2,2,1,1,0.08,1,0,0,0,0,0,Matchs
492,Alonso Martínez,cr CRC,"AT,DF",NYCFC,24,1998,0.4,0,0.00,0,0,0,0,0,0,0,0.00,0,0,0,0,0,0,Matchs
493,José Martínez,es ESP,DF,FC Dallas,29,1993,15.9,8,0.50,6,1,0,1,0,0,2,0.13,2,0,0,0,0,0,Matchs
494,Josef Martínez,ve VEN,AT,Inter Miami,29,1993,19.3,28,1.45,19,0,0,7,2,0,3,0.16,1,0,0,2,0,0,Matchs
495,Luís Martins,pt POR,DF,Vancouver W'caps,30,1992,18.0,31,1.72,19,8,1,2,0,1,1,0.06,1,0,0,0,0,0,Matchs
496,Thiago Martins,br BRA,DF,NYCFC,27,1995,24.3,17,0.70,16,0,0,1,0,0,2,0.08,2,0,0,0,0,0,Matchs
497,Alexandru Mățan,ro ROU,"MT,AT",Crew,23,1999,25.2,84,3.34,54,9,7,6,6,2,13,0.52,10,1,1,0,1,0,Matchs
498,Jimmy Maurer,us USA,GB,FC Dallas,34,1988,4.8,1,0.21,1,0,0,0,0,0,1,0.21,1,0,0,0,0,0,Matchs
499,Chris Mavinga,cd COD,DF,LA Galaxy,31,1991,12.5,7,0.56,5,0,0,2,0,0,0,0.00,0,0,0,0,0,0,Matchs
500,Max,br BRA,"MT,AT",Rapids,21,2001,7.4,17,2.31,16,0,0,0,1,0,0,0.00,0,0,0,0,0,0,Matchs
Clt,Joueur,Nation,Pos,Équipe,Âge,Naissance,90,AMT,AMT90,PassLive,PassDead,TO,Tirs,Ftp,Déf,AMB,AMB90,PassLive,PassDead,TO,Tirs,Ftp,Déf,Matchs
501,Andreas Maxsø,dk DEN,DF,Rapids,28,1994,32.5,10,0.31,8,1,0,0,0,1,0,0.00,0,0,0,0,0,0,Matchs
502,Olivier Mbaizo,cm CMR,DF,Philadelphia,25,1997,20.4,39,1.91,30,5,2,0,2,0,3,0.15,2,0,0,0,1,0,Matchs
503,Hugo-Hilaire Mbongue Mbongue,ca CAN,"AT,MT",Toronto FC,18,2004,2.9,7,2.43,6,0,1,0,0,0,0,0.00,0,0,0,0,0,0,Matchs
504,John McCarthy,us USA,GB,LAFC,30,1992,25.0,5,0.20,4,1,0,0,0,0,1,0.04,1,0,0,0,0,0,Matchs
505,Dax McCarty,us USA,MT,Nashville,35,1987,21.0,46,2.19,37,3,1,1,1,3,4,0.19,2,0,0,0,1,1,Matchs
506,Jack McGlynn,us USA,MT,Philadelphia,19,2003,18.0,64,3.55,48,10,2,3,1,0,5,0.28,5,0,0,0,0,0,Matchs
507,Zac McGraw,ca CAN,DF,Portland Timbers,25,1997,26.9,10,0.37,9,0,0,0,0,1,1,0.04,1,0,0,0,0,0,Matchs
508,Duncan McGuire,us USA,AT,Orlando City,21,2001,15.4,32,02.07,19,0,5,3,3,2,5,0.32,2,0,2,1,0,0,Matchs
509,Kendall McIntosh,us USA,GB,Sporting KC,29,1994,13.2,2,0.15,1,1,0,0,0,0,0,0.00,0,0,0,0,0,0,Matchs
510,Thomas McNamara,us USA,"MT,AT",NE Revolution,31,1991,2.1,4,1.88,4,0,0,0,0,0,0,0.00,0,0,0,0,0,0,Matchs
511,Christopher McVey,se SWE,DF,Inter Miami,25,1997,13.5,10,0.74,9,0,0,0,0,1,0,0.00,0,0,0,0,0,0,Matchs
512,Jimmy Medranda,co COL,"MT,DF",Crew,28,1994,1.2,5,4.29,5,0,0,0,0,0,0,0.00,0,0,0,0,0,0,Matchs
513,Tim Melia,us USA,GB,Sporting KC,36,1986,15.8,3,0.19,1,2,0,0,0,0,0,0.00,0,0,0,0,0,0,Matchs
514,Vinicius Mello,br BRA,AT,Charlotte,20,2002,0.6,2,3.16,1,0,0,0,1,0,0,0.00,0,0,0,0,0,0,Matchs
515,Jonathan Mensah,gh GHA,DF,SJ Earthquakes,32,1990,21.7,14,0.65,11,0,0,3,0,0,0,0.00,0,0,0,0,0,0,Matchs
516,Justin Meram,iq IRQ,"AT,MT",Charlotte,34,1988,14.8,42,2.84,31,7,4,0,0,0,6,0.41,4,2,0,0,0,0,Matchs
517,Justin Meram,iq IRQ,"AT,MT",RSL,34,1988,2.0,6,2.93,6,0,0,0,0,0,1,0.49,1,0,0,0,0,0,Matchs
518,Lionel Messi,ar ARG,"AT,MT",Inter Miami,35,1987,4.1,27,6.51,14,1,5,1,6,0,3,0.72,3,0,0,0,0,0,Matchs
519,Matt Miazga,us USA,DF,FC Cincinnati,27,1995,26.5,19,0.72,17,0,0,2,0,0,2,0.08,2,0,0,0,0,0,Matchs
520,Micael,br BRA,DF,Dynamo FC,22,2000,21.9,9,0.41,8,0,0,1,0,0,0,0.00,0,0,0,0,0,0,Matchs
521,Novak Mićović,rs SRB,GB,LA Galaxy,21,2001,2.0,0,0.00,0,0,0,0,0,0,0,0.00,0,0,0,0,0,0,Matchs
522,Matko Miljevic,us USA,"MT,AT",CF Montréal,21,2001,1.5,5,3.46,2,0,1,1,1,0,1,0.69,1,0,0,0,0,0,Matchs
523,Eric Miller,us USA,DF,Portland Timbers,30,1993,13.4,9,0.67,7,2,0,0,0,0,1,0.07,0,1,0,0,0,0,Matchs
524,Kamal Miller,ca CAN,DF,Inter Miami,25,1997,20.5,16,0.78,15,0,0,0,0,1,0,0.00,0,0,0,0,0,0,Matchs
525,Kamal Miller,ca CAN,DF,CF Montréal,25,1997,5.3,1,0.19,0,0,0,0,0,1,0,0.00,0,0,0,0,0,0,Matchs
Clt,Joueur,Nation,Pos,Équipe,Âge,Naissance,90,AMT,AMT90,PassLive,PassDead,TO,Tirs,Ftp,Déf,AMB,AMB90,PassLive,PassDead,TO,Tirs,Ftp,Déf,Matchs
526,Tyler Miller,us USA,GB,D.C. United,29,1993,24.5,10,0.41,8,2,0,0,0,0,0,0.00,0,0,0,0,0,0,Matchs
527,Kevin Molino,tt TRI,"MT,AT",Crew,32,1990,0.7,5,7.26,3,1,0,0,1,0,0,0.00,0,0,0,0,0,0,Matchs
528,Alex Monis,us USA,AT,Fire,19,2003,0.1,0,0.00,0,0,0,0,0,0,0,0.00,0,0,0,0,0,0,Matchs
529,Jamiro Monteiro,cv CPV,MT,SJ Earthquakes,29,1993,23.6,72,03.05,60,1,1,6,3,1,9,0.38,8,0,0,1,0,0,Matchs
530,Fredy Montero,co COL,"AT,MT",Seattle,35,1987,4.8,16,3.30,9,1,0,3,1,2,2,0.41,1,0,0,0,1,0,Matchs
531,Shaquell Moore,us USA,DF,Nashville,26,1996,30.8,59,1.92,43,6,4,0,5,1,5,0.16,5,0,0,0,0,0,Matchs
532,Felipe Mora,cl CHI,AT,Portland Timbers,29,1993,9.1,21,2.31,14,0,1,2,4,0,2,0.22,1,0,1,0,0,0,Matchs
533,Joseph Mora,cr CRC,DF,Charlotte,30,1993,2.1,3,1.41,3,0,0,0,0,0,0,0.00,0,0,0,0,0,0,Matchs
534,Alfredo Morales,us USA,MT,NYCFC,32,1990,12.9,14,01.08,13,0,0,1,0,0,2,0.15,2,0,0,0,0,0,Matchs
535,Maximiliano Moralez,ar ARG,"MT,AT",NYCFC,35,1987,3.5,19,5.45,16,1,0,0,1,1,1,0.29,1,0,0,0,0,0,Matchs
536,Steven Moreira,cv CPV,DF,Crew,28,1994,32.5,50,1.54,43,3,3,0,1,0,8,0.25,6,1,1,0,0,0,Matchs
537,Junior Moreno,ve VEN,MT,FC Cincinnati,29,1993,25.0,41,1.64,33,2,1,1,4,0,5,0.20,5,0,0,0,0,0,Matchs
538,Santiago Moreno,co COL,"AT,MT",Portland Timbers,22,2000,25.9,94,3.63,75,6,7,5,1,0,12,0.46,9,0,1,2,0,0,Matchs
539,Lewis Morgan,sct SCO,"MT,AT",NY Red Bulls,26,1996,3.3,13,3.94,6,2,2,2,1,0,0,0.00,0,0,0,0,0,0,Matchs
540,Aidan Morris,us USA,MT,Crew,21,2001,28.7,81,2.83,70,0,4,2,1,4,10,0.35,9,0,0,0,0,1,Matchs
541,Jordan Morris,us USA,AT,Seattle,28,1994,22.0,35,1.59,27,0,1,4,3,0,2,0.09,1,0,0,1,0,0,Matchs
542,Edwin Mosquera,co COL,"AT,MT",Atlanta Utd,21,2001,4.9,19,3.89,12,0,3,0,3,1,4,0.82,3,0,0,0,1,0,Matchs
543,Yerson Mosquera,co COL,DF,FC Cincinnati,21,2001,25.0,17,0.68,12,0,0,0,3,2,3,0.12,2,0,0,0,1,0,Matchs
544,Jean Mota,br BRA,MT,Inter Miami,29,1993,10.1,31,03.05,20,11,0,0,0,0,4,0.39,2,2,0,0,0,0,Matchs
545,Chris Mueller,us USA,"AT,MT",Fire,26,1996,7.9,21,2.67,13,2,3,1,1,1,3,0.38,2,0,0,0,1,0,Matchs
546,Hany Mukhtar,de GER,"AT,MT",Nashville,27,1995,31.5,155,4.92,68,35,17,23,11,1,24,0.76,10,4,4,4,2,0,Matchs
547,José Mulato,co COL,"AT,MT",FC Dallas,20,2003,1.2,0,0.00,0,0,0,0,0,0,0,0.00,0,0,0,0,0,0,Matchs
548,O'Vonte Mullings,ca CAN,"MT,DF",NY Red Bulls,22,2000,0.5,1,2.00,1,0,0,0,0,0,0,0.00,0,0,0,0,0,0,Matchs
549,Daniel Munie,us USA,DF,SJ Earthquakes,22,2000,1.2,1,0.82,1,0,0,0,0,0,0,0.00,0,0,0,0,0,0,Matchs
550,Ian Murphy,us USA,DF,FC Cincinnati,23,2000,16.9,8,0.47,7,0,0,0,0,1,2,0.12,1,0,0,0,0,1,Matchs
Clt,Joueur,Nation,Pos,Équipe,Âge,Naissance,90,AMT,AMT90,PassLive,PassDead,TO,Tirs,Ftp,Déf,AMB,AMB90,PassLive,PassDead,TO,Tirs,Ftp,Déf,Matchs
551,Daniel Musovski,us USA,AT,RSL,27,1995,13.4,20,1.50,19,0,1,0,0,0,5,0.37,5,0,0,0,0,0,Matchs
552,Alex Muyl,us USA,"MT,DF",Nashville,27,1995,22.7,38,1.68,30,0,1,2,4,1,5,0.22,5,0,0,0,0,0,Matchs
553,Tristan Muyumba,,MT,Atlanta Utd,25,1997,9.1,26,2.87,24,0,0,1,1,0,2,0.22,1,0,0,1,0,0,Matchs
554,Darlington Nagbe,us USA,MT,Crew,32,1990,31.0,71,2.29,56,0,1,3,6,5,6,0.19,4,0,0,2,0,0,Matchs
555,Andy Najar,hn HON,DF,D.C. United,29,1993,12.3,32,2.61,28,0,2,1,1,0,2,0.16,2,0,0,0,0,0,Matchs
556,Federico Navarro,ar ARG,MT,Fire,22,2000,12.2,13,01.06,10,0,3,0,0,0,0,0.00,0,0,0,0,0,0,Matchs
557,Miguel Navarro,ve VEN,DF,Fire,23,1999,21.9,28,1.28,25,0,1,2,0,0,5,0.23,4,0,0,1,0,0,Matchs
558,Rafael Navarro,br BRA,AT,Rapids,22,2000,9.8,28,2.85,18,1,4,4,1,0,1,0.10,1,0,0,0,0,0,Matchs
559,Hassan Ndam,cm CMR,DF,NY Red Bulls,24,1998,7.8,2,0.25,2,0,0,0,0,0,0,0.00,0,0,0,0,0,0,Matchs
560,Logan Ndenbe,be BEL,DF,Sporting KC,22,2000,17.1,37,2.17,30,1,2,0,3,1,6,0.35,5,0,0,0,1,0,Matchs
561,Jalen Neal,us USA,DF,LA Galaxy,19,2003,14.3,8,0.56,8,0,0,0,0,0,0,0.00,0,0,0,0,0,0,Matchs
562,Dylan Nealis,us USA,DF,NY Red Bulls,24,1998,11.5,16,1.40,12,2,0,1,0,1,1,0.09,1,0,0,0,0,0,Matchs
563,Sean Nealis,us USA,DF,NY Red Bulls,26,1997,30.2,15,0.50,10,0,0,5,0,0,1,0.03,1,0,0,0,0,0,Matchs
564,Franco Negri,ar ARG,DF,Inter Miami,27,1995,14.8,25,1.70,20,1,2,2,0,0,2,0.14,1,0,1,0,0,0,Matchs
565,John Nelson,us USA,DF,St. Louis,24,1998,14.1,23,1.64,18,0,3,1,1,0,1,0.07,1,0,0,0,0,0,Matchs
566,Jake Nerwinski,us USA,DF,St. Louis,28,1994,24.6,35,1.43,30,3,1,0,1,0,3,0.12,3,0,0,0,0,0,Matchs
567,Harvey Neville,ie IRL,"DF,MT",Inter Miami,20,2002,2.2,4,1.86,1,3,0,0,0,0,0,0.00,0,0,0,0,0,0,Matchs
568,Jean-Claude Ngando,cm CMR,"MT,AT",Vancouver W'caps,23,1999,0.9,3,3.42,2,0,1,0,0,0,0,0.00,0,0,0,0,0,0,Matchs
569,Sam Nicholson,sct SCO,"MT,DF",Rapids,28,1995,16.6,31,1.87,24,0,4,0,3,0,2,0.12,2,0,0,0,0,0,Matchs
570,Jarosław Niezgoda,pl POL,AT,Portland Timbers,27,1995,7.3,5,0.70,4,0,0,0,1,0,0,0.00,0,0,0,0,0,0,Matchs
571,Joakim Nilsson,se SWE,DF,St. Louis,28,1994,6.6,2,0.30,2,0,0,0,0,0,0,0.00,0,0,0,0,0,0,Matchs
572,Matt Nocita,us USA,DF,NY Red Bulls,22,2000,0.3,0,0.00,0,0,0,0,0,0,0,0.00,0,0,0,0,0,0,Matchs
573,Nolan Norris,us USA,MT,FC Dallas,17,2005,1.5,1,0.67,1,0,0,0,0,0,0,0.00,0,0,0,0,0,0,Matchs
574,Tsiki Ntsabeleng,za RSA,"MT,AT",FC Dallas,24,1998,3.9,7,1.78,6,0,0,0,1,0,3,0.76,3,0,0,0,0,0,Matchs
575,Obinna Nwobodo,ng NGA,MT,FC Cincinnati,26,1996,28.7,55,1.92,46,2,3,0,1,3,5,0.17,2,1,1,0,0,1,Matchs
Clt,Joueur,Nation,Pos,Équipe,Âge,Naissance,90,AMT,AMT90,PassLive,PassDead,TO,Tirs,Ftp,Déf,AMB,AMB90,PassLive,PassDead,TO,Tirs,Ftp,Déf,Matchs
576,Moses Nyeman,us USA,MT,RSL,19,2003,0.3,0,0.00,0,0,0,0,0,0,0,0.00,0,0,0,0,0,0,Matchs
577,Lewis O'Brien,eng ENG,MT,D.C. United,24,1998,16.8,49,2.91,32,3,5,0,5,4,3,0.18,2,1,0,0,0,0,Matchs
578,Shane O'Neill,us USA,DF,Toronto FC,29,1993,10.4,4,0.38,4,0,0,0,0,0,0,0.00,0,0,0,0,0,0,Matchs
579,Kevin O'Toole,us USA,"DF,MT",NYCFC,24,1998,13.3,26,1.95,20,1,1,1,3,0,0,0.00,0,0,0,0,0,0,Matchs
580,Jáder Obrian,co COL,"AT,MT",FC Dallas,27,1995,21.0,59,2.81,45,0,6,3,5,0,8,0.38,5,0,2,0,1,0,Matchs
581,Chinonso Offor,ng NGA,AT,CF Montréal,22,2000,16.8,23,1.36,14,0,2,3,4,0,2,0.12,0,0,0,2,0,0,Matchs
582,Braian Ojeda,py PAR,MT,RSL,22,2000,24.0,66,2.74,52,0,4,4,5,1,6,0.25,4,0,0,0,2,0,Matchs
583,Martín Ojeda,ar ARG,"AT,MT",Orlando City,24,1998,19.5,79,04.05,46,23,2,6,0,2,10,0.51,10,0,0,0,0,0,Matchs
584,Cristian Olivera,uy URU,AT,LAFC,20,2002,6.7,18,2.70,11,0,3,2,2,0,2,0.30,0,0,1,0,1,0,Matchs
585,Tani Oluwaseyi,us USA,AT,Minnesota Utd,22,2000,0.1,0,0.00,0,0,0,0,0,0,0,0.00,0,0,0,0,0,0,Matchs
586,Wyatt Omsberg,us USA,DF,Fire,27,1995,7.9,1,0.13,1,0,0,0,0,0,0,0.00,0,0,0,0,0,0,Matchs
587,Kwadwo Opoku,gh GHA,AT,LAFC,21,2001,13.1,39,2.98,29,0,4,0,6,0,3,0.23,2,0,0,0,1,0,Matchs
588,Kwadwo Opoku,gh GHA,AT,CF Montréal,21,2001,10.3,31,03.01,23,3,2,3,0,0,3,0.29,3,0,0,0,0,0,Matchs
589,Nathan Ordaz,sv SLV,AT,LAFC,19,2004,2.9,8,2.75,8,0,0,0,0,0,1,0.34,1,0,0,0,0,0,Matchs
590,Arquimides Ordonez,gt GUA,AT,FC Cincinnati,19,2003,3.1,11,3.57,5,0,4,0,2,0,0,0.00,0,0,0,0,0,0,Matchs
591,Prince Osei Owusu,de GER,AT,Toronto FC,26,1997,2.9,5,1.74,4,0,0,0,1,0,0,0.00,0,0,0,0,0,0,Matchs
592,Jonathan Osorio,ca CAN,"MT,AT",Toronto FC,30,1992,20.8,56,2.69,48,0,4,0,3,1,8,0.38,8,0,0,0,0,0,Matchs
593,Tomáš Ostrák,cz CZE,"MT,AT",St. Louis,22,2000,12.8,38,2.98,26,1,4,5,2,0,5,0.39,3,0,0,2,0,0,Matchs
594,Bryan Oviedo,cr CRC,DF,RSL,32,1990,19.9,56,2.81,47,2,1,1,2,3,4,0.20,4,0,0,0,0,0,Matchs
595,Devin Padelford,us USA,DF,Minnesota Utd,20,2003,1.7,3,1.74,2,1,0,0,0,0,0,0.00,0,0,0,0,0,0,Matchs
596,Maarten Paes,nl NED,GB,FC Dallas,24,1998,29.1,4,0.14,3,1,0,0,0,0,0,0.00,0,0,0,0,0,0,Matchs
597,Nelson Palacio,co COL,MT,RSL,21,2001,9.6,9,0.94,7,0,0,0,2,0,1,0.10,1,0,0,0,0,0,Matchs
598,Diego Palacios,ec ECU,DF,LAFC,23,1999,27.0,64,2.37,55,3,0,2,4,0,3,0.11,3,0,0,0,0,0,Matchs
599,Sergi Palencia,es ESP,DF,LAFC,26,1996,14.0,37,2.64,30,2,1,1,1,2,3,0.21,2,0,1,0,0,0,Matchs
600,Victor Pálsson,is ISL,"DF,MT",D.C. United,31,1991,17.5,15,0.86,14,1,0,0,0,0,4,0.23,4,0,0,0,0,0,Matchs
Clt,Joueur,Nation,Pos,Équipe,Âge,Naissance,90,AMT,AMT90,PassLive,PassDead,TO,Tirs,Ftp,Déf,AMB,AMB90,PassLive,PassDead,TO,Tirs,Ftp,Déf,Matchs
601,Jack Panayotou,us USA,"MT,DF",NE Revolution,18,2004,3.6,8,2.24,5,1,0,1,0,1,0,0.00,0,0,0,0,0,0,Matchs
602,Elliot Panicco,us USA,GB,Nashville,26,1996,2.0,1,0.50,0,1,0,0,0,0,0,0.00,0,0,0,0,0,0,Matchs
603,James Pantemis,ca CAN,GB,CF Montréal,25,1997,1.9,0,0.00,0,0,0,0,0,0,0,0.00,0,0,0,0,0,0,Matchs
604,Cristhian Paredes,py PAR,MT,Portland Timbers,24,1998,21.2,59,2.78,49,0,3,2,3,2,3,0.14,3,0,0,0,0,0,Matchs
605,Isaiah Parente,us USA,"MT,AT",Crew,22,2000,0.5,2,3.91,1,0,0,1,0,0,0,0.00,0,0,0,0,0,0,Matchs
606,Tim Parker,us USA,DF,St. Louis,29,1993,28.5,18,0.63,15,1,0,0,0,2,3,0.11,3,0,0,0,0,0,Matchs
607,Keaton Parks,us USA,MT,NYCFC,25,1997,27.9,65,2.33,58,0,3,4,0,0,4,0.14,4,0,0,0,0,0,Matchs
608,Ilijah Paul,us USA,"AT,MT",RSL,20,2002,1.2,4,3.21,2,0,0,1,0,1,1,0.80,0,0,0,1,0,0,Matchs
609,João Paulo Mior,br BRA,MT,Seattle,31,1991,27.3,75,2.75,55,9,4,4,1,2,4,0.15,4,0,0,0,0,0,Matchs
610,Adam Pearlman,ca CAN,DF,Toronto FC,17,2005,0.1,0,0.00,0,0,0,0,0,0,0,0.00,0,0,0,0,0,0,Matchs
611,Matías Pellegrini,ar ARG,"AT,MT",NYCFC,22,2000,12.8,31,2.42,20,7,0,2,2,0,1,0.08,0,1,0,0,0,0,Matchs
612,Andrés Perea,us USA,MT,Philadelphia,22,2000,1.7,8,4.77,3,0,0,2,3,0,1,0.60,0,0,0,1,0,0,Matchs
613,Andrés Perea,us USA,MT,NYCFC,22,2000,8.6,16,1.86,13,0,2,0,1,0,0,0.00,0,0,0,0,0,0,Matchs
614,Daniel Pereira,ve VEN,MT,Austin,22,2000,28.1,78,2.78,62,2,4,2,8,0,11,0.39,10,0,0,1,0,0,Matchs
615,Gabriel Pereira,br BRA,"AT,MT",NYCFC,21,2001,17.1,72,4.21,41,10,10,4,7,0,4,0.23,2,1,0,1,0,0,Matchs
616,Mauricio Pereyra,uy URU,MT,Orlando City,32,1990,23.5,102,4.35,77,15,3,2,3,2,13,0.55,11,1,1,0,0,0,Matchs
617,Jonathan Perez,mx MEX,"DF,MT",LA Galaxy,20,2003,1.3,13,10.35,9,2,1,0,1,0,2,1.59,2,0,0,0,0,0,Matchs
618,Miguel Perez,us USA,MT,St. Louis,17,2005,6.8,17,2.51,16,0,0,1,0,0,0,0.00,0,0,0,0,0,0,Matchs
619,Jordan Perruzza,ca CAN,"AT,MT",Toronto FC,22,2001,1.4,3,2.16,1,0,1,1,0,0,0,0.00,0,0,0,0,0,0,Matchs
620,Luca Petrasso,ca CAN,"DF,AT",Orlando City,22,2000,4.8,7,1.45,7,0,0,0,0,0,0,0.00,0,0,0,0,0,0,Matchs
621,Raoul Petretta,it ITA,DF,Toronto FC,25,1997,19.4,22,1.14,18,3,0,1,0,0,2,0.10,2,0,0,0,0,0,Matchs
622,Đorđe Petrović,rs SRB,GB,NE Revolution,23,1999,22.0,4,0.18,2,2,0,0,0,0,2,0.09,1,1,0,0,0,0,Matchs
623,Fafà Picault,ht HAI,"AT,MT",Nashville,31,1991,18.0,36,2.00,18,0,5,7,5,1,4,0.22,1,0,0,1,2,0,Matchs
624,Selmir Pidro,ba BIH,DF,St. Louis,24,1998,0.5,2,4.19,2,0,0,0,0,0,0,0.00,0,0,0,0,0,0,Matchs
625,Kayden Pierre,us USA,DF,Sporting KC,19,2003,0.1,0,0.00,0,0,0,0,0,0,0,0.00,0,0,0,0,0,0,Matchs
Clt,Joueur,Nation,Pos,Équipe,Âge,Naissance,90,AMT,AMT90,PassLive,PassDead,TO,Tirs,Ftp,Déf,AMB,AMB90,PassLive,PassDead,TO,Tirs,Ftp,Déf,Matchs
626,Samuel Piette,ca CAN,MT,CF Montréal,28,1994,12.1,17,1.40,15,1,0,0,1,0,0,0.00,0,0,0,0,0,0,Matchs
627,Mauricio Pineda,us USA,"DF,MT",Fire,25,1997,17.4,10,0.57,5,0,0,3,1,1,0,0.00,0,0,0,0,0,0,Matchs
628,Donovan Pines,us USA,DF,D.C. United,24,1998,20.5,19,0.93,9,0,1,5,2,2,2,0.10,0,0,0,2,0,0,Matchs
629,Malik Pinto,us USA,MT,FC Cincinnati,20,2002,4.4,6,1.37,5,0,0,0,1,0,0,0.00,0,0,0,0,0,0,Matchs
630,Gabriel Pirani,br BRA,MT,D.C. United,20,2002,9.2,23,2.49,21,0,1,0,1,0,0,0.00,0,0,0,0,0,0,Matchs
631,Rodolfo Pizarro,mx MEX,"MT,AT",Inter Miami,28,1994,10.3,42,04.09,34,2,2,2,2,0,0,0.00,0,0,0,0,0,0,Matchs
632,Matt Polster,us USA,"MT,DF",NE Revolution,29,1993,30.4,46,1.51,39,2,0,2,1,2,7,0.23,5,0,0,1,1,0,Matchs
633,Célio Pompeu,br BRA,"AT,MT",St. Louis,23,1999,10.8,53,4.89,33,2,11,2,5,0,4,0.37,3,0,0,0,1,0,Matchs
634,Paxton Pomykal,us USA,MT,FC Dallas,23,1999,17.8,38,2.14,27,2,4,1,4,0,5,0.28,4,0,0,0,1,0,Matchs
635,Alvas Powell,jm JAM,DF,FC Cincinnati,28,1994,10.6,16,1.50,12,0,1,2,1,0,2,0.19,1,0,0,1,0,0,Matchs
636,Jack Price,eng ENG,MT,Rapids,30,1992,0.4,2,4.74,0,2,0,0,0,0,0,0.00,0,0,0,0,0,0,Matchs
637,Ralph Priso-Mbongue,ca CAN,MT,Rapids,20,2002,11.5,22,1.91,21,0,1,0,0,0,3,0.26,3,0,0,0,0,0,Matchs
638,Andrew Privett,us USA,DF,Charlotte,22,2000,11.6,6,0.52,6,0,0,0,0,0,1,0.09,1,0,0,0,0,0,Matchs
639,Kacper Przybyłko,pl POL,AT,Fire,29,1993,10.8,31,2.86,21,1,1,5,3,0,5,0.46,2,0,0,3,0,0,Matchs
640,Riqui Puig,es ESP,"MT,AT",LA Galaxy,23,1999,28.1,150,5.35,115,4,9,9,10,3,12,0.43,8,1,1,1,1,0,Matchs
641,Teemu Pukki,fi FIN,AT,Minnesota Utd,32,1990,11.5,18,1.57,17,0,0,1,0,0,2,0.17,2,0,0,0,0,0,Matchs
642,Alan Pulido,mx MEX,AT,Sporting KC,31,1991,24.5,58,2.37,40,0,6,7,4,1,5,0.20,2,0,1,2,0,0,Matchs
643,John Pulskamp,us USA,GB,Sporting KC,21,2001,5.0,1,0.20,0,1,0,0,0,0,0,0.00,0,0,0,0,0,0,Matchs
644,Facundo Quignon,ar ARG,MT,FC Dallas,29,1993,21.3,29,1.36,22,1,1,3,2,0,3,0.14,2,0,0,1,0,0,Matchs
645,Nelson Quiñones,co COL,"AT,MT",Dynamo FC,20,2002,16.4,36,2.20,22,2,1,5,5,1,4,0.24,2,0,0,0,2,0,Matchs
646,Philip Quinton,us USA,DF,Crew,23,1999,10.4,4,0.38,4,0,0,0,0,0,0,0.00,0,0,0,0,0,0,Matchs
647,Romell Quioto,hn HON,AT,CF Montréal,31,1991,8.9,17,1.92,12,0,3,2,0,0,1,0.11,1,0,0,0,0,0,Matchs
648,Nemanja Radoja,rs SRB,MT,Sporting KC,29,1993,19.0,32,1.68,25,2,1,2,2,0,4,0.21,4,0,0,0,0,0,Matchs
649,Aleksandar Radovanović,rs SRB,DF,Austin,29,1993,3.9,4,01.03,3,0,0,1,0,0,0,0.00,0,0,0,0,0,0,Matchs
650,Jeremy Rafanello,us USA,MT,Philadelphia,22,2000,0.1,0,0.00,0,0,0,0,0,0,0,0.00,0,0,0,0,0,0,Matchs
Clt,Joueur,Nation,Pos,Équipe,Âge,Naissance,90,AMT,AMT90,PassLive,PassDead,TO,Tirs,Ftp,Déf,AMB,AMB90,PassLive,PassDead,TO,Tirs,Ftp,Déf,Matchs
651,Jackson Ragen,us USA,DF,Seattle,24,1998,31.6,18,0.57,11,1,0,6,0,0,6,0.19,1,1,0,4,0,0,Matchs
652,Brooklyn Raines,us USA,"MT,AT",Dynamo FC,17,2005,2.2,1,0.45,1,0,0,0,0,0,0,0.00,0,0,0,0,0,0,Matchs
653,Christian Ramirez,us USA,"AT,MT",Crew,31,1991,17.9,43,2.40,34,1,1,5,2,0,6,0.33,5,0,1,0,0,0,Matchs
654,Greg Ranjitsingh,tt TRI,GB,Toronto FC,29,1993,4.0,1,0.25,1,0,0,0,0,0,0,0.00,0,0,0,0,0,0,Matchs
655,Ryan Raposo,ca CAN,"DF,AT",Vancouver W'caps,23,1999,14.8,35,2.36,22,5,3,2,1,2,2,0.14,1,1,0,0,0,0,Matchs
656,Justin Rasmussen,us USA,DF,Portland Timbers,24,1998,3.7,4,01.08,2,1,0,0,0,1,0,0.00,0,0,0,0,0,0,Matchs
657,Sean Rea,ca CAN,"MT,AT",CF Montréal,20,2002,8.3,21,2.53,14,5,0,2,0,0,2,0.24,2,0,0,0,0,0,Matchs
658,Matthew Real,us USA,"DF,MT",Philadelphia,23,1999,5.5,7,1.27,7,0,0,0,0,0,1,0.18,1,0,0,0,0,0,Matchs
659,Rodney Redes,py PAR,"MT,AT",Austin,22,2000,5.4,11,02.05,7,2,0,0,2,0,1,0.19,1,0,0,0,0,0,Matchs
660,Jayden Reid,us USA,MT,NY Red Bulls,21,2001,0.0,0,0.00,0,0,0,0,0,0,0,0.00,0,0,0,0,0,0,Matchs
661,Justin Rennicks,us USA,"AT,MT",NE Revolution,23,1999,4.3,11,2.53,8,0,2,1,0,0,0,0.00,0,0,0,0,0,0,Matchs
662,Andrés Reyes,co COL,DF,NY Red Bulls,23,1999,26.5,25,0.94,21,0,0,3,0,1,1,0.04,1,0,0,0,0,0,Matchs
663,Emanuel Reynoso,ar ARG,MT,Minnesota Utd,27,1995,15.2,127,8.38,77,20,15,3,10,2,10,0.66,5,1,3,0,1,0,Matchs
664,Spencer Richey,us USA,GB,Fire,30,1992,4.7,0,0.00,0,0,0,0,0,0,0,0.00,0,0,0,0,0,0,Matchs
665,Emiliano Rigoni,ar ARG,"AT,MT",Austin,29,1993,24.3,70,2.87,36,26,5,2,0,1,6,0.25,3,3,0,0,0,0,Matchs
666,Chris Rindov,us USA,DF,Sporting KC,21,2001,0.1,0,0.00,0,0,0,0,0,0,0,0.00,0,0,0,0,0,0,Matchs
667,Alexander Ring,fi FIN,"DF,MT",Austin,31,1991,23.9,39,1.63,35,2,1,0,1,0,4,0.17,4,0,0,0,0,0,Matchs
668,Birk Risa,no NOR,DF,NYCFC,24,1998,9.6,7,0.73,7,0,0,0,0,0,1,0.10,1,0,0,0,0,0,Matchs
669,Damien Rivera,cr CRC,"AT,MT",NE Revolution,20,2002,2.0,6,2.97,2,1,1,2,0,0,0,0.00,0,0,0,0,0,0,Matchs
670,Nigel Robertha,nl NED,"AT,MT",D.C. United,24,1998,3.4,5,1.46,1,0,2,1,1,0,1,0.29,1,0,0,0,0,0,Matchs
671,Miles Robinson,us USA,DF,Atlanta Utd,25,1997,26.3,8,0.30,8,0,0,0,0,0,1,0.04,1,0,0,0,0,0,Matchs
672,Robbie Robinson,us USA,"AT,MT",Inter Miami,24,1998,3.8,17,4.47,8,0,5,3,1,0,0,0.00,0,0,0,0,0,0,Matchs
673,Rodrigues,br BRA,DF,SJ Earthquakes,25,1997,33.3,28,0.84,23,0,1,3,1,0,3,0.09,1,0,1,1,0,0,Matchs
674,Abraham Rodriguez,us USA,GB,Rapids,20,2002,1.0,0,0.00,0,0,0,0,0,0,0,0.00,0,0,0,0,0,0,Matchs
675,Memo Rodriguez,us USA,"AT,MT",Austin,27,1995,2.7,8,3.00,2,3,0,3,0,0,1,0.37,0,1,0,0,0,0,Matchs
Clt,Joueur,Nation,Pos,Équipe,Âge,Naissance,90,AMT,AMT90,PassLive,PassDead,TO,Tirs,Ftp,Déf,AMB,AMB90,PassLive,PassDead,TO,Tirs,Ftp,Déf,Matchs
676,Memo Rodriguez,us USA,"MT,AT",LA Galaxy,27,1995,7.4,18,2.44,10,3,3,0,2,0,2,0.27,0,1,1,0,0,0,Matchs
677,Missael Rodriguez,us USA,AT,Fire,19,2003,0.2,0,0.00,0,0,0,0,0,0,0,0.00,0,0,0,0,0,0,Matchs
678,Santiago Rodríguez,uy URU,"MT,AT",NYCFC,23,2000,28.7,131,4.57,62,37,8,9,14,1,10,0.35,8,0,1,1,0,0,Matchs
679,Alex Roldan,sv SLV,DF,Seattle,26,1996,26.9,70,2.60,55,8,2,4,1,0,6,0.22,3,2,0,1,0,0,Matchs
680,Cristian Roldan,us USA,"AT,DF",Seattle,27,1995,13.9,55,3.96,40,0,3,4,8,0,6,0.43,4,0,1,1,0,0,Matchs
681,Tomas Romero,sv SLV,GB,Toronto FC,22,2000,6.0,2,0.33,1,1,0,0,0,0,0,0.00,0,0,0,0,0,0,Matchs
682,David Romney,us USA,DF,NE Revolution,29,1993,34.0,17,0.50,14,0,0,1,0,2,6,0.18,5,0,0,1,0,0,Matchs
683,Connor Ronan,ie IRL,MT,Rapids,24,1998,31.6,116,3.67,65,46,2,1,1,1,11,0.35,4,7,0,0,0,0,Matchs
684,Eloy Room,cw CUW,GB,Crew,33,1989,3.0,1,0.33,1,0,0,0,0,0,0,0.00,0,0,0,0,0,0,Matchs
685,Joseph Rosales,hn HON,"AT,MT",Minnesota Utd,22,2000,12.1,26,2.15,18,3,2,0,2,1,0,0.00,0,0,0,0,0,0,Matchs
686,Oriol Rosell,es ESP,MT,LA Galaxy,30,1992,9.4,17,1.81,15,0,0,1,1,0,1,0.11,1,0,0,0,0,0,Matchs
687,Keegan Rosenberry,us USA,DF,Rapids,29,1993,25.2,36,1.43,30,2,1,3,0,0,0,0.00,0,0,0,0,0,0,Matchs
688,Daniel Rosero,co COL,DF,Sporting KC,29,1993,25.1,16,0.64,12,0,1,0,0,3,0,0.00,0,0,0,0,0,0,Matchs
689,Matheus Rossetto,br BRA,MT,Atlanta Utd,26,1996,20.3,41,02.01,35,0,2,2,1,1,6,0.29,4,0,0,1,1,0,Matchs
690,Diego Rossi,uy URU,"MT,AT",Crew,24,1998,8.6,38,4.44,27,5,1,2,2,1,4,0.47,2,1,0,0,1,0,Matchs
691,Sigurd Rosted,no NOR,DF,Toronto FC,28,1994,18.3,7,0.38,6,0,0,1,0,0,0,0.00,0,0,0,0,0,0,Matchs
692,Paul Rothrock,us USA,AT,Seattle,24,1999,0.5,0,0.00,0,0,0,0,0,0,0,0.00,0,0,0,0,0,0,Matchs
693,Kelyn Rowe,us USA,DF,Seattle,31,1991,3.8,7,1.85,7,0,0,0,0,0,0,0.00,0,0,0,0,0,0,Matchs
694,Ruan,br BRA,"DF,MT",D.C. United,27,1995,15.8,51,3.23,40,1,2,4,3,1,7,0.44,6,0,0,1,0,0,Matchs
695,Rubio Rubin,gt GUA,"AT,MT",RSL,26,1996,14.4,39,2.71,32,0,1,4,1,1,5,0.35,4,0,0,1,0,0,Matchs
696,Diego Rubio,cl CHI,"MT,AT",Rapids,29,1993,11.9,38,3.19,25,0,3,6,4,0,7,0.59,5,0,1,0,1,0,Matchs
697,Raúl Ruidíaz,pe PER,AT,Seattle,32,1990,11.7,19,1.62,11,1,2,5,0,0,1,0.09,0,0,1,0,0,0,Matchs
698,David Ruiz,hn HON,MT,Inter Miami,18,2004,13.2,18,1.36,15,0,1,0,2,0,5,0.38,3,0,1,0,1,0,Matchs
699,Pablo Ruíz,ar ARG,MT,RSL,24,1998,15.3,59,3.86,40,16,2,1,0,0,6,0.39,4,2,0,0,0,0,Matchs
700,Albert Rusnák,sk SVK,"MT,AT",Seattle,28,1994,29.1,100,3.44,75,17,2,6,0,0,4,0.14,4,0,0,0,0,0,Matchs
Clt,Joueur,Nation,Pos,Équipe,Âge,Naissance,90,AMT,AMT90,PassLive,PassDead,TO,Tirs,Ftp,Déf,AMB,AMB90,PassLive,PassDead,TO,Tirs,Ftp,Déf,Matchs
701,Johnny Russell,sct SCO,AT,Sporting KC,32,1990,18.7,55,2.93,27,12,8,4,4,0,5,0.27,3,0,2,0,0,0,Matchs
702,Jacen Russell-Rowe,ca CAN,"AT,MT",Crew,20,2002,6.0,23,3.85,19,0,2,1,0,1,2,0.33,2,0,0,0,0,0,Matchs
703,Ryan Sailor,us USA,"DF,AT",Inter Miami,24,1998,3.4,2,0.58,2,0,0,0,0,0,0,0.00,0,0,0,0,0,0,Matchs
704,Nathan-Dylan Saliba,ca CAN,MT,CF Montréal,18,2004,19.7,30,1.52,28,1,0,0,0,1,1,0.05,1,0,0,0,0,0,Matchs
705,Abdi Salim,so SOM,DF,Orlando City,21,2001,1.6,0,0.00,0,0,0,0,0,0,0,0.00,0,0,0,0,0,0,Matchs
706,Dániel Sallói,hu HUN,AT,Sporting KC,26,1996,31.9,125,3.93,84,23,6,8,2,2,10,0.31,6,3,0,1,0,0,Matchs
707,Gaoussou Samaké,ci CIV,"MT,DF",D.C. United,25,1997,4.0,5,1.26,4,0,0,0,1,0,0,0.00,0,0,0,0,0,0,Matchs
708,Ilie Sánchez,es ESP,MT,LAFC,32,1990,28.8,48,1.66,41,0,0,2,1,4,6,0.21,6,0,0,0,0,0,Matchs
709,James Sands,us USA,"MT,DF",NYCFC,22,2000,24.1,23,0.96,18,0,1,0,3,1,3,0.12,3,0,0,0,0,0,Matchs
710,William Sands,us USA,"DF,MT",Crew,22,2000,5.4,7,1.30,5,0,2,0,0,0,3,0.56,2,0,1,0,0,0,Matchs
711,Jeong Sangbin,kr KOR,"AT,MT",Minnesota Utd,20,2002,10.7,31,2.90,20,3,3,1,3,1,2,0.19,2,0,0,0,0,0,Matchs
712,Sergio Santos Gomes,br BRA,"AT,MT",FC Cincinnati,28,1994,10.0,26,2.59,15,0,2,8,1,0,3,0.30,0,0,0,3,0,0,Matchs
713,Nuno Santos,pt POR,MT,Charlotte,23,1999,2.4,6,2.48,3,1,1,1,0,0,0,0.00,0,0,0,0,0,0,Matchs
714,Pedro Santos,pt POR,"DF,MT",D.C. United,34,1988,16.7,28,1.68,20,5,0,1,2,0,2,0.12,2,0,0,0,0,0,Matchs
715,Rafael Santos,br BRA,DF,Orlando City,24,1998,22.1,35,1.58,29,3,0,2,0,1,7,0.32,6,0,0,1,0,0,Matchs
716,C.J. Sapong,us USA,AT,Toronto FC,34,1988,14.1,23,1.63,17,0,2,1,2,1,1,0.07,1,0,0,0,0,0,Matchs
717,C.J. Sapong,us USA,AT,Nashville,34,1988,4.2,10,2.37,6,1,1,1,1,0,0,0.00,0,0,0,0,0,0,Matchs
718,Hayden Sargis,us USA,DF,D.C. United,20,2002,0.2,0,0.00,0,0,0,0,0,0,0,0.00,0,0,0,0,0,0,Matchs
719,Jefferson Savarino,ve VEN,"MT,AT",RSL,26,1996,21.6,106,4.90,66,19,12,4,5,0,11,0.51,6,2,2,0,1,0,Matchs
720,Rodrigo Schlegel,ar ARG,DF,Orlando City,25,1997,21.9,9,0.41,7,0,1,1,0,0,1,0.05,0,0,1,0,0,0,Matchs
721,Tate Schmitt,us USA,DF,Dynamo FC,25,1997,4.4,9,02.05,8,0,0,1,0,0,0,0.00,0,0,0,0,0,0,Matchs
722,Alessandro Schöpf,at AUT,MT,Vancouver W'caps,28,1994,19.7,42,2.13,36,0,1,3,2,0,4,0.20,3,0,0,1,0,0,Matchs
723,Patrick Schulte,us USA,GB,Crew,21,2001,31.0,2,0.06,2,0,0,0,0,0,1,0.03,1,0,0,0,0,0,Matchs
724,Dante Sealy,us USA,"MT,DF",FC Dallas,19,2003,3.2,7,2.20,4,0,2,0,0,1,1,0.31,1,0,0,0,0,0,Matchs
725,Gabe Segal,us USA,AT,NYCFC,21,2001,4.6,14,03.01,12,0,0,0,1,1,2,0.43,2,0,0,0,0,0,Matchs
Clt,Joueur,Nation,Pos,Équipe,Âge,Naissance,90,AMT,AMT90,PassLive,PassDead,TO,Tirs,Ftp,Déf,AMB,AMB90,PassLive,PassDead,TO,Tirs,Ftp,Déf,Matchs
726,Amar Sejdic,us USA,MT,Atlanta Utd,26,1996,11.8,19,1.61,17,0,0,0,0,2,1,0.08,0,0,0,0,0,1,Matchs
727,Brandon Servania,us USA,"MT,AT",Toronto FC,23,1999,18.9,40,2.12,27,8,0,3,1,1,2,0.11,1,1,0,0,0,0,Matchs
728,Jacob Shaffelburg,ca CAN,"AT,MT",Nashville,23,1999,14.6,37,2.53,25,1,4,3,4,0,5,0.34,1,0,1,0,3,0,Matchs
729,Xherdan Shaqiri,ch SUI,MT,Fire,31,1991,22.8,84,3.68,55,19,3,1,6,0,7,0.31,3,4,0,0,0,0,Matchs
730,Billy Sharp,eng ENG,AT,LA Galaxy,36,1986,7.9,16,02.03,13,0,1,1,1,0,2,0.25,2,0,0,0,0,0,Matchs
731,Khiry Shelton,us USA,"AT,MT",Sporting KC,29,1993,9.4,15,1.60,12,0,2,0,0,1,0,0.00,0,0,0,0,0,0,Matchs
732,Andre Shinyashiki,br BRA,"MT,AT",Charlotte,27,1995,2.1,7,3.28,5,0,1,0,1,0,0,0.00,0,0,0,0,0,0,Matchs
733,Marcelo Silva,uy URU,DF,RSL,33,1989,16.0,4,0.25,2,0,0,2,0,0,0,0.00,0,0,0,0,0,0,Matchs
734,Xande Silva,pt POR,AT,Atlanta Utd,25,1997,7.1,26,3.68,22,0,3,1,0,0,4,0.57,3,0,1,0,0,0,Matchs
735,Jonathan Sirois,ca CAN,GB,CF Montréal,21,2001,32.1,4,0.12,4,0,0,0,0,0,0,0.00,0,0,0,0,0,0,Matchs
736,Pablo Sisniega,mx MEX,GB,Charlotte,27,1995,3.0,0,0.00,0,0,0,0,0,0,0,0.00,0,0,0,0,0,0,Matchs
737,Jack Skahan,us USA,"AT,MT",SJ Earthquakes,24,1998,4.0,12,2.99,9,0,1,0,1,1,3,0.75,2,0,0,0,0,1,Matchs
738,Brad Smith,au AUS,"DF,AT",Dynamo FC,28,1994,5.3,8,1.49,6,1,0,1,0,0,2,0.37,2,0,0,0,0,0,Matchs
739,Collin Smith,us USA,"DF,MT",FC Dallas,19,2003,1.2,0,0.00,0,0,0,0,0,0,0,0.00,0,0,0,0,0,0,Matchs
740,Kyle Smith,us USA,DF,Orlando City,31,1992,16.6,18,01.09,17,0,0,1,0,0,3,0.18,3,0,0,0,0,0,Matchs
741,Jan Sobociński,pl POL,DF,Charlotte,23,1999,7.2,5,0.70,5,0,0,0,0,0,1,0.14,1,0,0,0,0,0,Matchs
742,Santiago Sosa,ar ARG,MT,Atlanta Utd,23,1999,10.2,18,1.77,14,0,0,1,1,2,1,0.10,1,0,0,0,0,0,Matchs
743,Arnaud Souquet,fr FRA,DF,Fire,30,1992,20.3,32,1.58,26,1,2,1,2,0,3,0.15,3,0,0,0,0,0,Matchs
744,Ryan Spaulding,us USA,DF,NE Revolution,24,1998,6.9,10,1.44,8,0,1,0,1,0,3,0.43,2,0,0,0,1,0,Matchs
745,Dayne St. Clair,ca CAN,GB,Minnesota Utd,25,1997,30.0,3,0.10,3,0,0,0,0,0,1,0.03,1,0,0,0,0,0,Matchs
746,Mason Stajduhar,us USA,GB,Orlando City,25,1997,4.0,1,0.25,1,0,0,0,0,0,1,0.25,1,0,0,0,0,0,Matchs
747,Nicolás Stefanelli,ar ARG,"AT,MT",Inter Miami,28,1994,14.8,33,2.23,25,3,2,2,1,0,1,0.07,1,0,0,0,0,0,Matchs
748,Lazar Stefanovic,ca CAN,DF,Toronto FC,16,2006,0.9,0,0.00,0,0,0,0,0,0,0,0.00,0,0,0,0,0,0,Matchs
749,Daniel Steres,us USA,DF,Dynamo FC,32,1990,20.7,15,0.72,15,0,0,0,0,0,1,0.05,1,0,0,0,0,0,Matchs
750,Benjamin Stitz,us USA,AT,FC Cincinnati,22,2000,0.2,0,0.00,0,0,0,0,0,0,0,0.00,0,0,0,0,0,0,Matchs
Clt,Joueur,Nation,Pos,Équipe,Âge,Naissance,90,AMT,AMT90,PassLive,PassDead,TO,Tirs,Ftp,Déf,AMB,AMB90,PassLive,PassDead,TO,Tirs,Ftp,Déf,Matchs
751,Jared Stroud,us USA,"MT,AT",St. Louis,26,1996,21.9,47,2.14,36,3,0,2,3,3,10,0.46,7,0,0,1,2,0,Matchs
752,Peter Stroud,us USA,MT,NY Red Bulls,20,2002,11.3,22,1.94,17,1,0,1,3,0,0,0.00,0,0,0,0,0,0,Matchs
753,Brad Stuver,us USA,GB,Austin,31,1991,34.0,2,0.06,2,0,0,0,0,0,0,0.00,0,0,0,0,0,0,Matchs
754,Yekeson Subah,lr LBR,AT,LAFC,18,2004,0.2,0,0.00,0,0,0,0,0,0,0,0.00,0,0,0,0,0,0,Matchs
755,Quinn Sullivan,us USA,"AT,MT",Philadelphia,18,2004,7.7,20,2.62,16,0,1,3,0,0,3,0.39,3,0,0,0,0,0,Matchs
756,Lawson Sunderland,us USA,"MT,AT",Inter Miami,21,2001,0.7,1,1.48,1,0,0,0,0,0,0,0.00,0,0,0,0,0,0,Matchs
757,Sam Surridge,eng ENG,AT,Nashville,24,1998,5.5,15,2.71,12,1,1,1,0,0,1,0.18,0,0,0,1,0,0,Matchs
758,Erik Sviatchenko,dk DEN,DF,Dynamo FC,31,1991,15.0,10,0.66,6,0,0,4,0,0,3,0.20,2,0,0,1,0,0,Matchs
759,Ben Sweat,us USA,DF,NE Revolution,31,1991,3.7,9,2.45,5,1,2,0,0,1,0,0.00,0,0,0,0,0,0,Matchs
760,Ben Sweat,us USA,DF,Sporting KC,31,1991,3.5,8,2.29,7,0,0,0,0,1,1,0.29,1,0,0,0,0,0,Matchs
761,Karol Świderski,pl POL,"AT,MT",Charlotte,26,1997,26.8,53,1.97,39,3,3,5,3,0,8,0.30,6,0,1,1,0,0,Matchs
762,Nkosi Tafari,us USA,DF,FC Dallas,25,1997,27.7,18,0.65,12,0,1,4,0,1,4,0.14,3,0,0,0,0,1,Matchs
763,Ismael Tajouri-Shradi,ly LBY,AT,Minnesota Utd,28,1994,3.9,17,4.41,7,2,1,7,0,0,4,01.04,2,1,0,1,0,0,Matchs
764,Yohei Takaoka,jp JPN,GB,Vancouver W'caps,26,1996,33.0,4,0.12,2,2,0,0,0,0,2,0.06,0,2,0,0,0,0,Matchs
765,Miguel Tapias,mx MEX,DF,Minnesota Utd,26,1997,31.8,20,0.63,13,2,0,5,0,0,0,0.00,0,0,0,0,0,0,Matchs
766,Andrew Tarbell,us USA,GB,Dynamo FC,29,1993,1.0,0,0.00,0,0,0,0,0,0,0,0.00,0,0,0,0,0,0,Matchs
767,Sidnei Tavares,pt POR,MT,Rapids,21,2001,3.3,5,1.51,2,1,1,0,1,0,0,0.00,0,0,0,0,0,0,Matchs
768,D.J. Taylor,us USA,DF,Minnesota Utd,25,1997,27.9,62,2.22,52,6,1,2,0,1,2,0.07,2,0,0,0,0,0,Matchs
769,Robert Taylor,fi FIN,"AT,DF",Inter Miami,28,1994,16.2,47,2.90,31,12,2,0,0,2,10,0.62,8,2,0,0,0,0,Matchs
770,Russell Teibert,ca CAN,MT,Vancouver W'caps,30,1992,1.7,2,1.18,2,0,0,0,0,0,1,0.59,1,0,0,0,0,0,Matchs
771,Carlos Terán,co COL,DF,Fire,22,2000,17.5,9,0.51,5,2,0,2,0,0,2,0.11,1,0,0,1,0,0,Matchs
772,Dylan Teves,us USA,AT,Seattle,22,2000,4.3,6,1.41,6,0,0,0,0,0,0,0.00,0,0,0,0,0,0,Matchs
773,Thiago,br BRA,"AT,MT",NYCFC,22,2000,1.5,4,2.63,4,0,0,0,0,0,0,0.00,0,0,0,0,0,0,Matchs
774,Jamal Thiaré,sn SEN,AT,Atlanta Utd,29,1993,0.6,1,1.87,0,0,0,0,1,0,0,0.00,0,0,0,0,0,0,Matchs
775,Erik Thommy,de GER,"MT,AT",Sporting KC,28,1994,28.7,116,04.05,66,21,7,17,5,0,15,0.52,8,1,2,3,1,0,Matchs
Clt,Joueur,Nation,Pos,Équipe,Âge,Naissance,90,AMT,AMT90,PassLive,PassDead,TO,Tirs,Ftp,Déf,AMB,AMB90,PassLive,PassDead,TO,Tirs,Ftp,Déf,Matchs
776,Kosi Thompson,ca CAN,"MT,AT",Toronto FC,20,2003,6.5,7,01.08,6,0,0,1,0,0,0,0.00,0,0,0,0,0,0,Matchs
777,Tommy Thompson,us USA,"MT,DF",SJ Earthquakes,27,1995,3.9,15,3.80,9,1,1,3,1,0,1,0.25,0,0,0,1,0,0,Matchs
778,Timmy Tillman,de GER,MT,LAFC,24,1999,18.3,43,2.35,34,3,1,0,5,0,3,0.16,1,1,0,0,1,0,Matchs
779,John Tolkin,us USA,DF,NY Red Bulls,20,2002,26.4,80,03.03,36,34,2,5,3,0,7,0.27,2,4,0,0,1,0,Matchs
780,Nouhou Tolo,cm CMR,DF,Seattle,25,1997,22.8,32,1.41,26,3,1,0,0,2,0,0.00,0,0,0,0,0,0,Matchs
781,Facundo Torres,uy URU,"AT,MT",Orlando City,22,2000,26.3,110,4.18,77,12,4,9,7,1,11,0.42,4,2,0,3,2,0,Matchs
782,Jairo Torres,mx MEX,"MT,AT",Fire,22,2000,8.5,19,2.24,13,3,0,1,2,0,1,0.12,1,0,0,0,0,0,Matchs
783,Joaquín Torres,ar ARG,"MT,AT",Philadelphia,26,1997,3.9,14,3.56,11,0,1,1,0,1,2,0.51,1,0,1,0,0,0,Matchs
784,Mason Toye,us USA,AT,CF Montréal,24,1998,7.5,17,2.28,10,0,4,1,1,1,3,0.40,1,0,2,0,0,0,Matchs
785,Wil Trapp,us USA,MT,Minnesota Utd,30,1993,26.9,58,2.16,52,3,0,1,1,1,3,0.11,3,0,0,0,0,0,Matchs
786,Miguel Trauco,pe PER,DF,SJ Earthquakes,30,1992,22.3,47,2.11,36,6,1,4,0,0,1,0.04,0,0,0,1,0,0,Matchs
787,Niko Tsakiris,us USA,MT,SJ Earthquakes,17,2005,6.8,22,3.25,16,0,1,1,4,0,1,0.15,0,0,0,0,1,0,Matchs
788,Bill Tuiloma,nz NZL,DF,Charlotte,27,1995,15.0,9,0.60,7,2,0,0,0,0,2,0.13,2,0,0,0,0,0,Matchs
789,Stephen Turnbull,us USA,"DF,MT",NYCFC,24,1998,5.4,12,2.23,10,2,0,0,0,0,1,0.19,0,1,0,0,0,0,Matchs
790,Ema Twumasi,gh GHA,DF,FC Dallas,25,1997,17.5,26,1.48,20,2,3,0,1,0,2,0.11,1,1,0,0,0,0,Matchs
791,Marinos Tzionis,cy CYP,"AT,MT",Sporting KC,21,2001,8.1,22,2.73,13,1,1,1,6,0,1,0.12,1,0,0,0,0,0,Matchs
792,Mikael Uhre,dk DEN,AT,Philadelphia,28,1994,23.8,67,2.81,39,1,2,13,10,2,8,0.34,4,1,0,0,3,0,Matchs
793,Þorleifur Úlfarsson,is ISL,"AT,MT",Dynamo FC,22,2000,5.3,16,03.01,12,0,0,2,2,0,2,0.38,2,0,0,0,0,0,Matchs
794,Victor Ulloa,us USA,MT,Inter Miami,30,1992,1.8,1,0.56,1,0,0,0,0,0,0,0.00,0,0,0,0,0,0,Matchs
795,Jere Uronen,fi FIN,DF,Charlotte,28,1994,6.8,8,1.18,5,3,0,0,0,0,1,0.15,1,0,0,0,0,0,Matchs
796,Maximiliano Urruti,ar ARG,AT,Austin,31,1991,10.8,15,1.39,7,2,1,2,2,1,0,0.00,0,0,0,0,0,0,Matchs
797,Júnior Urso,br BRA,"MT,AT",Orlando City,33,1989,2.8,2,0.70,0,0,1,1,0,0,0,0.00,0,0,0,0,0,0,Matchs
798,Leo Väisänen,fi FIN,DF,Austin,25,1997,19.6,17,0.87,15,0,0,2,0,0,2,0.10,1,0,0,1,0,0,Matchs
799,Jhojan Valencia,co COL,MT,Austin,26,1996,15.9,18,1.13,16,0,1,1,0,0,1,0.06,1,0,0,0,0,0,Matchs
800,Zarek Valentin,pr PUR,DF,Minnesota Utd,31,1991,14.7,24,1.64,21,3,0,0,0,0,2,0.14,2,0,0,0,0,0,Matchs
Clt,Joueur,Nation,Pos,Équipe,Âge,Naissance,90,AMT,AMT90,PassLive,PassDead,TO,Tirs,Ftp,Déf,AMB,AMB90,PassLive,PassDead,TO,Tirs,Ftp,Déf,Matchs
801,Gerardo Valenzuela,us USA,MT,FC Cincinnati,18,2004,0.1,0,0.00,0,0,0,0,0,0,0,0.00,0,0,0,0,0,0,Matchs
802,Gustavo Vallecilla,ec ECU,DF,Crew,23,1999,9.4,5,0.53,5,0,0,0,0,0,0,0.00,0,0,0,0,0,0,Matchs
803,Dante Vanzeir,be BEL,"AT,MT",NY Red Bulls,24,1998,8.3,19,2.28,16,0,0,2,0,1,1,0.12,1,0,0,0,0,0,Matchs
804,Kerwin Vargas,co COL,"AT,MT",Charlotte,21,2002,16.5,50,03.02,32,9,3,2,4,0,5,0.30,5,0,0,0,0,0,Matchs
805,Marlon Vargas,sv SLV,MT,Rapids,22,2001,0.1,0,0.00,0,0,0,0,0,0,0,0.00,0,0,0,0,0,0,Matchs
806,Obed Vargas,us USA,MT,Seattle,17,2005,14.7,24,1.64,17,1,0,2,4,0,4,0.27,2,0,0,1,1,0,Matchs
807,Indiana Vassilev,us USA,MT,St. Louis,21,2001,23.5,87,3.70,54,15,4,3,10,1,10,0.43,3,2,1,1,3,0,Matchs
808,Brandon Vazquez,us USA,AT,FC Cincinnati,24,1998,26.4,50,1.90,30,0,6,7,6,1,7,0.27,5,0,1,1,0,0,Matchs
809,Víctor Vázquez,es ESP,"MT,AT",Toronto FC,36,1987,2.7,9,3.36,8,1,0,0,0,0,0,0.00,0,0,0,0,0,0,Matchs
810,Carlos Vela,mx MEX,AT,LAFC,33,1989,23.0,126,5.50,81,28,3,4,8,2,16,0.70,11,3,1,0,0,1,Matchs
811,Alan Velasco,ar ARG,"AT,MT",FC Dallas,20,2002,25.1,81,3.23,41,14,13,5,6,2,6,0.24,5,0,1,0,0,0,Matchs
812,Brayan Vera,co COL,DF,RSL,24,1999,22.7,35,1.54,23,3,2,3,1,3,3,0.13,2,0,0,1,0,0,Matchs
813,Ranko Veselinović,rs SRB,DF,Vancouver W'caps,23,1999,31.4,22,0.70,19,0,1,1,1,0,3,0.10,3,0,0,0,0,0,Matchs
814,Jules-Anthony Vilsaint,ca CAN,AT,CF Montréal,20,2003,4.6,7,1.53,4,0,0,2,0,1,2,0.44,0,0,0,1,0,1,Matchs
815,Pedro Vite,ec ECU,"MT,AT",Vancouver W'caps,20,2002,23.9,64,2.68,56,2,0,2,2,2,5,0.21,5,0,0,0,0,0,Matchs
816,Gino Vivi,cr CRC,"MT,DF",LA Galaxy,22,2000,0.9,1,1.11,1,0,0,0,0,0,0,0.00,0,0,0,0,0,0,Matchs
817,Robert Voloder,ba BIH,DF,Sporting KC,21,2001,11.4,10,0.87,10,0,0,0,0,0,2,0.17,2,0,0,0,0,0,Matchs
818,Giacomo Vrioni,al ALB,AT,NE Revolution,24,1998,14.6,20,1.37,13,0,2,2,3,0,4,0.27,2,0,1,1,0,0,Matchs
819,Kai Wagner,de GER,DF,Philadelphia,25,1997,27.1,102,3.76,42,52,1,2,3,2,8,0.29,3,4,0,1,0,0,Matchs
820,Rémi Walter,fr FRA,MT,Sporting KC,27,1995,30.4,59,1.94,51,1,1,2,3,1,7,0.23,5,0,1,1,0,0,Matchs
821,Victor Wanyama,ke KEN,MT,CF Montréal,31,1991,19.9,22,1.11,18,1,1,1,1,0,1,0.05,1,0,0,0,0,0,Matchs
822,Taylor Washington,us USA,"DF,MT",Nashville,29,1993,5.4,5,0.93,2,0,0,2,1,0,0,0.00,0,0,0,0,0,0,Matchs
823,Joel Waterman,ca CAN,DF,CF Montréal,27,1996,26.4,28,01.06,23,3,0,0,1,1,3,0.11,3,0,0,0,0,0,Matchs
824,Akil Watts,us USA,"DF,MT",St. Louis,22,2000,9.8,16,1.63,15,0,0,0,0,1,1,0.10,1,0,0,0,0,0,Matchs
825,Quentin Westberg,us USA,GB,Atlanta Utd,36,1986,5.5,1,0.18,1,0,0,0,0,0,0,0.00,0,0,0,0,0,0,Matchs
Clt,Joueur,Nation,Pos,Équipe,Âge,Naissance,90,AMT,AMT90,PassLive,PassDead,TO,Tirs,Ftp,Déf,AMB,AMB90,PassLive,PassDead,TO,Tirs,Ftp,Déf,Matchs
826,Ashley Westwood,eng ENG,MT,Charlotte,32,1990,28.1,75,2.67,57,14,1,1,2,0,11,0.39,9,0,1,0,1,0,Matchs
827,Brian White,us USA,AT,Vancouver W'caps,26,1996,28.2,68,2.41,49,0,4,6,6,3,10,0.35,4,0,0,2,3,1,Matchs
828,Caleb Wiley,us USA,"DF,AT",Atlanta Utd,18,2004,25.9,45,1.74,41,2,1,0,1,0,6,0.23,6,0,0,0,0,0,Matchs
829,Derrick Williams,ie IRL,DF,D.C. United,30,1993,20.5,20,0.97,15,1,0,2,1,1,1,0.05,0,0,0,1,0,0,Matchs
830,Eryk Williamson,us USA,MT,Portland Timbers,25,1997,5.9,16,2.72,8,6,1,0,1,0,3,0.51,1,2,0,0,0,0,Matchs
831,Joe Willis,us USA,GB,Nashville,34,1988,32.0,11,0.34,8,3,0,0,0,0,2,0.06,2,0,0,0,0,0,Matchs
832,Danny Wilson,sct SCO,DF,Rapids,31,1991,25.7,18,0.70,12,0,0,5,1,0,1,0.04,1,0,0,0,0,0,Matchs
833,Owen Wolff,us USA,MT,Austin,18,2004,20.9,42,02.01,35,0,6,0,1,0,4,0.19,4,0,0,0,0,0,Matchs
834,Tyler Wolff,us USA,"AT,MT",Atlanta Utd,19,2003,7.2,15,02.08,12,0,1,1,0,1,4,0.56,3,0,0,0,0,1,Matchs
835,Bobby Wood,us USA,AT,NE Revolution,30,1992,16.5,30,1.82,17,0,6,4,3,0,7,0.43,4,0,1,2,0,0,Matchs
836,Karifa Yao,ca CAN,MT,Vancouver W'caps,22,2000,0.0,0,0.00,0,0,0,0,0,0,0,0.00,0,0,0,0,0,0,Matchs
837,Darren Yapi,us USA,"AT,MT",Rapids,18,2004,9.9,21,2.12,12,0,3,2,3,1,1,0.10,1,0,0,0,0,0,Matchs
838,William Yarbrough,us USA,GB,Rapids,33,1989,20.0,1,0.05,1,0,0,0,0,0,0,0.00,0,0,0,0,0,0,Matchs
839,Joshua Yaro,gh GHA,DF,St. Louis,28,1994,10.1,9,0.89,7,0,0,0,0,2,0,0.00,0,0,0,0,0,0,Matchs
840,Dru Yearwood,eng ENG,MT,NY Red Bulls,22,2000,9.2,23,2.51,18,1,1,0,1,2,0,0.00,0,0,0,0,0,0,Matchs
841,Yaw Yeboah,gh GHA,"DF,MT",Crew,25,1997,22.0,72,3.27,55,3,7,3,3,1,7,0.32,5,0,1,0,1,0,Matchs
842,DeAndre Yedlin,us USA,DF,Inter Miami,29,1993,25.8,34,1.32,30,2,1,0,1,0,4,0.16,3,0,1,0,0,0,Matchs
843,Maya Yoshida,jp JPN,DF,LA Galaxy,34,1988,12.0,4,0.33,2,0,0,2,0,0,2,0.17,1,0,0,1,0,0,Matchs
844,Jackson Yueill,us USA,MT,SJ Earthquakes,25,1997,30.2,73,2.42,60,3,4,3,2,1,5,0.17,5,0,0,0,0,0,Matchs
845,Gyasi Zardes,us USA,AT,Austin,31,1991,16.3,25,1.53,20,0,1,1,2,1,4,0.25,3,0,0,1,0,0,Matchs
846,Eriq Zavaleta,sv SLV,DF,LA Galaxy,30,1992,5.4,1,0.18,0,0,0,1,0,0,0,0.00,0,0,0,0,0,0,Matchs
847,Sean Zawadzki,us USA,"DF,MT",Crew,22,2000,17.5,18,01.03,18,0,0,0,0,0,1,0.06,1,0,0,0,0,0,Matchs
848,Lucas Zelarayán,am ARM,"MT,AT",Crew,30,1992,18.9,109,5.76,64,21,14,4,5,1,11,0.58,6,1,3,0,1,0,Matchs
849,Walker Zimmerman,us USA,DF,Nashville,29,1993,20.5,19,0.93,14,0,1,4,0,0,3,0.15,2,0,1,0,0,0,Matchs
850,Rida Zouhir,ca CAN,"MT,AT",CF Montréal,19,2003,2.5,1,0.41,1,0,0,0,0,0,0,0.00,0,0,0,0,0,0,Matchs
Clt,Joueur,Nation,Pos,Équipe,Âge,Naissance,90,AMT,AMT90,PassLive,PassDead,TO,Tirs,Ftp,Déf,AMB,AMB90,PassLive,PassDead,TO,Tirs,Ftp,Déf,Matchs
851,Ethan Zubak,us USA,AT,Nashville,24,1998,1.6,5,3.17,5,0,0,0,0,0,0,0.00,0,0,0,0,0,0,Matchs
852,Dario Župarić,ba BIH,DF,Portland Timbers,30,1992,31.0,10,0.32,6,0,0,2,1,1,1,0.03,1,0,0,0,0,0,Matchs
853,Graham Zusi,us USA,DF,Sporting KC,36,1986,9.6,26,2.71,18,3,1,1,3,0,1,0.10,1,0,0,0,0,0,Matchs
854,Nökkvi Þórisson,is ISL,"AT,MT",St. Louis,23,1999,3.0,7,2.35,6,0,0,0,1,0,0,0.00,0,0,0,0,0,0,Matchs
855,Róbert Þorkelsson,is ISL,DF,CF Montréal,20,2002,2.5,2,0.80,2,0,0,0,0,0,0,0.00,0,0,0,0,0,0,Matchs
Clt,Joueur,Nation,Pos,Équipe,Âge,Naissance,90,AMT,AMT90,PassLive,PassDead,TO,Tirs,Ftp,Déf,AMB,AMB90,PassLive,PassDead,TO,Tirs,Ftp,Déf,Matchs
1,Max Aarons,eng ENG,DF,Norwich City,22,2000,42.8,93,2.17,82,2,4,2,3,0,2,0.05,2,0,0,0,0,0,Matchs
2,Thelo Aasgaard,no NOR,"AT,MT",Wigan Athletic,20,2002,17.6,43,2.44,34,1,2,4,2,0,6,0.34,5,0,0,1,0,0,Matchs
3,Nelson Abbey,eng ENG,DF,Reading,18,2003,0.2,0,0.00,0,0,0,0,0,0,0,0.00,0,0,0,0,0,0,Matchs
4,Kelvin Abrefa,eng ENG,"MT,DF",Reading,18,2003,1.4,2,1.42,2,0,0,0,0,0,0,0.00,0,0,0,0,0,0,Matchs
5,Finlay Adair,eng ENG,"AT,MT",Preston,17,2005,0.7,0,0.00,0,0,0,0,0,0,0,0.00,0,0,0,0,0,0,Matchs
6,Elijah Adebayo,eng ENG,AT,Luton Town,24,1998,35.7,78,2.18,54,0,9,6,9,0,8,0.22,4,0,2,1,1,0,Matchs
7,Toby Adeyemo,eng ENG,"MT,AT",Watford,17,2005,1.1,4,3.75,4,0,0,0,0,0,0,0.00,0,0,0,0,0,0,Matchs
8,Albert Adomah,gh GHA,"AT,MT",QPR,34,1987,14.1,48,3.40,33,6,4,2,3,0,1,0.07,0,0,0,0,1,0,Matchs
9,Michael Adu-Poku,eng ENG,AT,Watford,16,2005,0.1,0,0.00,0,0,0,0,0,0,0,0.00,0,0,0,0,0,0,Matchs
10,Benik Afobe,cd COD,AT,Millwall,29,1993,10.3,21,02.04,11,0,5,3,2,0,4,0.39,2,0,1,0,1,0,Matchs
11,Anel Ahmedhodžić,ba BIH,DF,Sheffield Utd,23,1999,31.8,45,1.42,34,0,0,6,2,3,2,0.06,1,0,0,1,0,0,Matchs
12,Semi Ajayi,ng NGA,DF,West Brom,28,1993,16.2,10,0.62,7,1,0,2,0,0,0,0.00,0,0,0,0,0,0,Matchs
13,Chuba Akpom,eng ENG,"MT,AT",Middlesbrough,26,1995,34.5,72,02.08,46,0,9,12,4,1,17,0.49,14,0,1,2,0,0,Matchs
14,Marc Albrighton,eng ENG,"AT,MT",West Brom,32,1989,7.5,25,3.34,22,2,1,0,0,0,1,0.13,1,0,0,0,0,0,Matchs
15,Ajibola Alese,eng ENG,DF,Sunderland,21,2001,15.6,22,1.41,17,1,3,1,0,0,0,0.00,0,0,0,0,0,0,Matchs
16,Jamie Allen,eng ENG,MT,Coventry City,27,1995,31.3,62,1.98,54,0,3,4,1,0,6,0.19,4,0,0,2,0,0,Matchs
17,Joe Allen,wls WAL,MT,Swansea City,32,1990,13.7,36,2.57,27,6,0,1,2,0,3,0.21,3,0,0,0,0,0,Matchs
18,Ryan Allsop,eng ENG,GB,Cardiff City,30,1992,42.7,12,0.28,7,5,0,0,0,0,1,0.02,0,1,0,0,0,0,Matchs
19,Jak Alnwick,eng ENG,GB,Cardiff City,29,1993,3.3,2,0.61,1,1,0,0,0,0,0,0.00,0,0,0,0,0,0,Matchs
20,Jordan Amissah,gh GHA,GB,Sheffield Utd,20,2001,0.1,0,0.00,0,0,0,0,0,0,0,0.00,0,0,0,0,0,0,Matchs
21,Ben Amos,eng ENG,GB,Wigan Athletic,32,1990,28.6,5,0.17,4,1,0,0,0,0,0,0.00,0,0,0,0,0,0,Matchs
22,Luke Amos,eng ENG,"MT,AT",QPR,25,1997,9.9,23,2.32,17,0,3,1,0,2,1,0.10,1,0,0,0,0,0,Matchs
23,Joe Anderson,eng ENG,"DF,MT",Sunderland,21,2001,0.5,0,0.00,0,0,0,0,0,0,0,0.00,0,0,0,0,0,0,Matchs
24,Keshi Anderson,eng ENG,MT,Blackpool,27,1995,4.8,21,4.37,16,0,2,1,0,2,3,0.62,2,0,0,0,0,1,Matchs
25,Ryan Andrews,eng ENG,DF,Watford,17,2004,5.4,11,02.05,7,0,3,1,0,0,0,0.00,0,0,0,0,0,0,Matchs
Clt,Joueur,Nation,Pos,Équipe,Âge,Naissance,90,AMT,AMT90,PassLive,PassDead,TO,Tirs,Ftp,Déf,AMB,AMB90,PassLive,PassDead,TO,Tirs,Ftp,Déf,Matchs
26,Faustino Anjorin,eng ENG,"MT,AT",Huddersfield,20,2001,4.9,8,1.64,5,1,0,1,1,0,0,0.00,0,0,0,0,0,0,Matchs
27,Robert Apter,sct SCO,MT,Blackpool,19,2003,0.2,1,4.29,1,0,0,0,0,0,0,0.00,0,0,0,0,0,0,Matchs
28,Henrique Araújo,pt POR,AT,Watford,20,2002,3.8,6,1.58,4,0,0,0,2,0,1,0.26,1,0,0,0,0,0,Matchs
29,Oliver Arblaster,eng ENG,MT,Sheffield Utd,18,2004,0.8,1,1.22,1,0,0,0,0,0,0,0.00,0,0,0,0,0,0,Matchs
30,Cameron Archer,eng ENG,AT,Middlesbrough,21,2001,15.2,44,2.89,30,0,9,4,1,0,16,01.05,8,0,7,0,1,0,Matchs
31,Sinclair Armstrong,ie IRL,"AT,MT",QPR,19,2003,6.1,16,2.65,8,0,1,3,4,0,3,0.50,0,0,0,1,2,0,Matchs
32,Yaser Asprilla,co COL,"MT,AT",Watford,18,2003,16.7,50,2.98,37,2,6,3,1,1,4,0.24,2,0,1,1,0,0,Matchs
33,Britt Assombalonga,cd COD,"AT,MT",Watford,29,1992,2.1,3,1.47,2,0,0,1,0,0,1,0.49,0,0,0,1,0,0,Matchs
34,Robert Atkinson,eng ENG,DF,Bristol City,24,1998,23.8,23,0.97,20,0,0,1,2,0,4,0.17,4,0,0,0,0,0,Matchs
35,Daniel Ayala,es ESP,DF,Blackburn,31,1990,22.0,9,0.41,7,0,0,2,0,0,1,0.05,0,0,0,1,0,0,Matchs
36,Femi Azeez,eng ENG,"MT,AT",Reading,21,2001,7.3,35,4.78,18,8,5,3,1,0,5,0.68,2,3,0,0,0,0,Matchs
37,Miguel Azeez,eng ENG,MT,Wigan Athletic,19,2002,1.2,4,3.46,3,0,0,0,0,1,0,0.00,0,0,0,0,0,0,Matchs
38,Abdoullah Ba,fr FRA,"MT,AT",Sunderland,19,2003,8.9,29,3.28,26,0,1,1,1,0,2,0.23,2,0,0,0,0,0,Matchs
39,Daniel Bachmann,at AUT,GB,Watford,28,1994,45.0,2,0.04,1,1,0,0,0,0,0,0.00,0,0,0,0,0,0,Matchs
40,Juninho Bacuna,cw CUW,MT,Birmingham City,24,1997,32.2,98,03.05,55,21,9,6,6,1,11,0.34,9,1,0,0,1,0,Matchs
41,Leandro Bacuna,cw CUW,MT,Watford,30,1991,8.8,6,0.68,4,2,0,0,0,0,0,0.00,0,0,0,0,0,0,Matchs
42,Joel Bagan,ie IRL,DF,Cardiff City,22,2000,0.1,0,0.00,0,0,0,0,0,0,0,0.00,0,0,0,0,0,0,Matchs
43,Lewis Baker,eng ENG,MT,Stoke City,27,1995,30.7,73,2.38,37,27,1,5,1,2,7,0.23,4,3,0,0,0,0,Matchs
44,George Baldock,gr GRE,DF,Sheffield Utd,29,1993,32.0,60,1.88,48,4,3,2,1,2,5,0.16,2,0,0,2,0,1,Matchs
45,Daniel Ballard,nir NIR,DF,Sunderland,22,1999,17.9,7,0.39,4,1,0,1,0,1,3,0.17,1,0,0,1,0,1,Matchs
46,Leon Balogun,ng NGA,DF,QPR,34,1988,13.7,3,0.22,3,0,0,0,0,0,0,0.00,0,0,0,0,0,0,Matchs
47,Daniel Barlaser,tr TUR,MT,Rotherham Utd,25,1997,26.9,93,3.45,60,26,2,1,3,1,14,0.52,10,2,1,0,0,1,Matchs
48,Daniel Barlaser,tr TUR,MT,Middlesbrough,25,1997,4.6,15,3.28,9,4,0,1,1,0,1,0.22,1,0,0,0,0,0,Matchs
49,Ashley Barnes,eng ENG,"AT,MT",Burnley,32,1989,21.2,41,1.94,34,0,1,4,0,2,3,0.14,2,0,0,1,0,0,Matchs
50,Kyle Bartley,eng ENG,DF,West Brom,31,1991,7.4,3,0.41,2,0,0,0,1,0,1,0.14,0,0,0,0,1,0,Matchs
Clt,Joueur,Nation,Pos,Équipe,Âge,Naissance,90,AMT,AMT90,PassLive,PassDead,TO,Tirs,Ftp,Déf,AMB,AMB90,PassLive,PassDead,TO,Tirs,Ftp,Déf,Matchs
51,Chris Basham,eng ENG,DF,Sheffield Utd,34,1988,19.3,32,1.66,26,0,3,1,2,0,6,0.31,5,0,0,0,1,0,Matchs
52,Samuel Bastien,cd COD,"MT,AT",Burnley,25,1996,6.1,13,2.13,12,0,0,1,0,0,1,0.16,1,0,0,0,0,0,Matchs
53,Danny Batth,eng ENG,DF,Sunderland,31,1990,38.5,8,0.21,6,0,0,2,0,0,3,0.08,2,0,0,1,0,0,Matchs
54,Patrick Bauer,de GER,DF,Preston,29,1992,3.9,4,01.04,3,0,0,0,0,1,0,0.00,0,0,0,0,0,0,Matchs
55,Nathan Baxter,eng ENG,GB,Hull City,23,1998,12.0,0,0.00,0,0,0,0,0,0,0,0.00,0,0,0,0,0,0,Matchs
56,Jake Beesley,eng ENG,"MT,AT",Blackpool,25,1996,2.2,4,1.85,1,0,0,0,2,1,1,0.46,0,0,0,0,0,1,Matchs
57,Amari'i Bell,jm JAM,DF,Luton Town,28,1994,42.9,80,1.86,62,8,2,1,6,1,6,0.14,6,0,0,0,0,0,Matchs
58,Sam Bell,eng ENG,AT,Bristol City,20,2002,12.8,18,1.41,14,1,1,1,1,0,2,0.16,1,0,0,1,0,0,Matchs
59,Jobe Bellingham,eng ENG,"MT,AT",Birmingham City,16,2005,6.8,12,1.76,11,0,0,1,0,0,0,0.00,0,0,0,0,0,0,Matchs
60,Steven Benda,de GER,GB,Swansea City,23,1998,20.7,1,0.05,0,1,0,0,0,0,0,0.00,0,0,0,0,0,0,Matchs
61,Joe Bennett,eng ENG,DF,Wigan Athletic,32,1990,8.3,17,02.06,15,0,1,0,0,1,0,0.00,0,0,0,0,0,0,Matchs
62,Mason Bennett,eng ENG,AT,Millwall,26,1996,6.3,20,3.20,16,0,2,2,0,0,2,0.32,1,0,1,0,0,0,Matchs
63,Jewison Bennette,cr CRC,"AT,MT",Sunderland,18,2004,2.8,10,3.60,7,1,1,1,0,0,1,0.36,1,0,0,0,0,0,Matchs
64,Daniel Bentley,eng ENG,GB,Bristol City,29,1993,13.0,3,0.23,3,0,0,0,0,0,0,0.00,0,0,0,0,0,0,Matchs
65,Jóhann Berg Guðmundsson,is ISL,"MT,AT",Burnley,31,1990,21.8,83,3.81,48,31,0,3,1,0,9,0.41,5,4,0,0,0,0,Matchs
66,Sander Berge,no NOR,MT,Sheffield Utd,24,1998,34.5,83,2.41,69,0,9,4,1,0,7,0.20,4,0,2,1,0,0,Matchs
67,Luke Berry,eng ENG,MT,Luton Town,30,1992,7.5,12,1.60,10,0,0,1,0,1,0,0.00,0,0,0,0,0,0,Matchs
68,Jordan Beyer,de GER,DF,Burnley,22,2000,28.1,28,1.00,24,0,1,1,1,1,5,0.18,3,0,0,1,1,0,Matchs
69,Bartosz Białkowski,pl POL,GB,Millwall,35,1987,10.0,4,0.40,1,3,0,0,0,0,0,0.00,0,0,0,0,0,0,Matchs
70,Jake Bidwell,eng ENG,DF,Coventry City,29,1993,38.7,70,1.81,49,13,0,4,2,2,6,0.15,5,0,0,1,0,0,Matchs
71,Krystian Bielik,pl POL,MT,Birmingham City,24,1998,32.3,43,1.33,32,0,0,2,8,1,4,0.12,2,0,0,1,1,0,Matchs
72,Nicholas Bilokapic,au AUS,GB,Huddersfield,19,2002,5.3,2,0.38,2,0,0,0,0,0,1,0.19,1,0,0,0,0,0,Matchs
73,Tyler Blackett,eng ENG,DF,Rotherham Utd,28,1994,3.5,1,0.28,1,0,0,0,0,0,0,0.00,0,0,0,0,0,0,Matchs
74,Adrian Blake,eng ENG,MT,Watford,17,2005,0.1,0,0.00,0,0,0,0,0,0,0,0.00,0,0,0,0,0,0,Matchs
75,Jayden Bogle,eng ENG,DF,Sheffield Utd,22,2000,15.4,49,3.18,34,3,4,4,2,2,5,0.32,4,0,1,0,0,0,Matchs
Clt,Joueur,Nation,Pos,Équipe,Âge,Naissance,90,AMT,AMT90,PassLive,PassDead,TO,Tirs,Ftp,Déf,AMB,AMB90,PassLive,PassDead,TO,Tirs,Ftp,Déf,Matchs
76,Marc Bola,eng ENG,"DF,AT",Middlesbrough,24,1997,11.3,25,2.20,24,0,0,0,1,0,0,0.00,0,0,0,0,0,0,Matchs
77,Tolaji Bola,eng ENG,AT,Rotherham Utd,23,1999,0.4,2,4.74,2,0,0,0,0,0,1,2.37,1,0,0,0,0,0,Matchs
78,Jack Bonham,ie IRL,GB,Stoke City,28,1993,22.5,3,0.13,2,1,0,0,0,0,0,0.00,0,0,0,0,0,0,Matchs
79,Macauley Bonne,zw ZIM,"AT,DF",QPR,26,1995,0.7,4,5.37,3,0,0,1,0,0,0,0.00,0,0,0,0,0,0,Matchs
80,Dean Bouzanis,au AUS,GB,Reading,31,1990,4.7,1,0.21,0,1,0,0,0,0,0,0.00,0,0,0,0,0,0,Matchs
81,Josh Bowler,eng ENG,"AT,MT",Blackpool,23,1999,19.4,57,2.94,29,1,12,8,6,1,5,0.26,3,0,0,2,0,0,Matchs
82,Coniah Boyce-Clarke,jm JAM,GB,Reading,19,2003,1.0,0,0.00,0,0,0,0,0,0,0,0.00,0,0,0,0,0,0,Matchs
83,Caolan Boyd-Munce,nir NIR,MT,Middlesbrough,22,2000,0.0,0,0.00,0,0,0,0,0,0,0,0.00,0,0,0,0,0,0,Matchs
84,Will Boyle,eng ENG,DF,Huddersfield,26,1995,9.0,3,0.33,3,0,0,0,0,0,0,0.00,0,0,0,0,0,0,Matchs
85,Sonny Bradley,eng ENG,DF,Luton Town,30,1991,13.6,10,0.74,8,1,0,1,0,0,1,0.07,1,0,0,0,0,0,Matchs
86,Tom Bradshaw,wls WAL,AT,Millwall,30,1992,33.9,71,02.09,45,0,6,8,11,1,12,0.35,5,0,1,2,4,0,Matchs
87,Robbie Brady,ie IRL,"AT,DF",Preston,30,1992,23.3,90,3.86,59,24,0,3,2,2,9,0.39,7,1,0,1,0,0,Matchs
88,Cohen Bramall,eng ENG,"DF,AT",Rotherham Utd,26,1996,28.6,40,1.40,23,14,1,2,0,0,1,0.03,0,1,0,0,0,0,Matchs
89,James Bree,eng ENG,DF,Luton Town,24,1997,27.0,97,3.59,52,38,2,2,2,1,8,0.30,5,2,1,0,0,0,Matchs
90,Ben Brereton,cl CHI,"AT,MT",Blackburn,23,1999,38.4,89,2.32,65,0,6,12,5,1,9,0.23,7,0,1,1,0,0,Matchs
91,Rhian Brewster,eng ENG,AT,Sheffield Utd,22,2000,6.3,10,1.58,7,0,1,0,2,0,2,0.32,1,0,1,0,0,0,Matchs
92,Liam Bridcutt,sct SCO,MT,Blackpool,33,1989,2.0,4,1.97,4,0,0,0,0,0,0,0.00,0,0,0,0,0,0,Matchs
93,Callum Brittain,eng ENG,DF,Blackburn,24,1998,15.8,23,1.45,17,0,1,4,1,0,3,0.19,2,0,0,1,0,0,Matchs
94,Nathan Broadhead,wls WAL,"AT,MT",Wigan Athletic,24,1998,11.9,17,1.43,10,0,3,4,0,0,4,0.34,2,0,1,1,0,0,Matchs
95,Andre Brooks,eng ENG,MT,Sheffield Utd,18,2003,0.0,0,0.00,0,0,0,0,0,0,0,0.00,0,0,0,0,0,0,Matchs
96,Jacob Brown,sct SCO,"AT,DF",Stoke City,24,1998,30.8,64,02.08,45,1,3,5,10,0,8,0.26,4,0,1,1,2,0,Matchs
97,Alan Browne,ie IRL,"MT,DF",Preston,27,1995,29.2,66,2.26,56,5,2,0,3,0,5,0.17,4,1,0,0,0,0,Matchs
98,Josh Brownhill,eng ENG,MT,Burnley,26,1995,39.7,147,3.70,110,23,3,6,1,4,19,0.48,12,2,1,3,0,1,Matchs
99,John Buckley,eng ENG,MT,Blackburn,22,1999,16.3,34,02.09,28,3,0,1,2,0,2,0.12,2,0,0,0,0,0,Matchs
100,Tyler Burey,eng ENG,AT,Millwall,20,2001,10.2,34,3.32,18,0,11,3,2,0,3,0.29,2,0,0,1,0,0,Matchs
Clt,Joueur,Nation,Pos,Équipe,Âge,Naissance,90,AMT,AMT90,PassLive,PassDead,TO,Tirs,Ftp,Déf,AMB,AMB90,PassLive,PassDead,TO,Tirs,Ftp,Déf,Matchs
101,Oliver Burke,sct SCO,AT,Millwall,25,1997,8.5,18,2.11,13,0,5,0,0,0,2,0.23,1,0,1,0,0,0,Matchs
102,Reece Burke,eng ENG,DF,Luton Town,25,1996,14.5,18,1.24,17,0,0,0,1,0,1,0.07,1,0,0,0,0,0,Matchs
103,Jack Burroughs,sct SCO,"DF,MT",Coventry City,21,2001,4.9,15,03.08,11,2,0,0,1,1,0,0.00,0,0,0,0,0,0,Matchs
104,Josef Bursik,eng ENG,GB,Stoke City,22,2000,16.0,5,0.31,2,3,0,0,0,0,0,0.00,0,0,0,0,0,0,Matchs
105,David Button,eng ENG,GB,West Brom,33,1989,13.0,1,0.08,1,0,0,0,0,0,0,0.00,0,0,0,0,0,0,Matchs
106,Jili Buyabu,eng ENG,DF,Sheffield Utd,20,2001,0.2,0,0.00,0,0,0,0,0,0,0,0.00,0,0,0,0,0,0,Matchs
107,Sam Byram,eng ENG,DF,Norwich City,28,1993,12.0,15,1.25,14,0,0,1,0,0,1,0.08,0,0,0,1,0,0,Matchs
108,Ben Cabango,wls WAL,DF,Swansea City,22,2000,41.6,35,0.84,29,0,0,5,1,0,2,0.05,1,0,0,1,0,0,Matchs
109,Etienne Camara,fr FRA,MT,Huddersfield,19,2003,13.9,18,1.30,17,0,1,0,0,0,0,0.00,0,0,0,0,0,0,Matchs
110,Mamadi Camará,gw GNB,MT,Reading,18,2003,1.2,1,0.84,1,0,0,0,0,0,0,0.00,0,0,0,0,0,0,Matchs
111,Allan Campbell,sct SCO,MT,Luton Town,24,1998,36.1,44,1.22,31,1,2,6,3,1,5,0.14,5,0,0,0,0,0,Matchs
112,Tate Campbell,eng ENG,DF,Birmingham City,20,2002,0.0,0,0.00,0,0,0,0,0,0,0,0.00,0,0,0,0,0,0,Matchs
113,Tyrese Campbell,eng ENG,AT,Stoke City,22,1999,29.5,84,2.85,59,0,9,10,5,1,12,0.41,8,0,0,4,0,0,Matchs
114,Andy Cannon,eng ENG,MT,Hull City,26,1996,2.1,3,1.41,3,0,0,0,0,0,1,0.47,1,0,0,0,0,0,Matchs
115,Thomas Cannon,ie IRL,AT,Preston,19,2002,18.6,36,1.94,20,0,8,4,2,2,3,0.16,2,0,1,0,0,0,Matchs
116,Todd Cantwell,eng ENG,"AT,MT",Norwich City,24,1998,9.6,35,3.66,21,9,1,4,0,0,0,0.00,0,0,0,0,0,0,Matchs
117,Sonny Carey,eng ENG,MT,Blackpool,21,2001,27.2,63,2.32,40,8,4,9,2,0,6,0.22,4,1,1,0,0,0,Matchs
118,Ian Carlo Poveda,eng ENG,"AT,MT",Blackpool,22,2000,11.5,30,2.60,16,0,7,3,4,0,3,0.26,1,0,1,1,0,0,Matchs
119,Álvaro Carreras,es ESP,"DF,AT",Preston,19,2003,29.5,68,2.31,54,0,4,2,4,4,9,0.31,6,0,0,0,2,1,Matchs
120,Andy Carroll,eng ENG,AT,Reading,33,1989,21.6,38,1.76,28,0,2,5,3,0,4,0.19,2,0,0,2,0,0,Matchs
121,Hayden Carter,eng ENG,DF,Blackburn,22,1999,25.0,20,0.80,18,0,0,0,0,2,2,0.08,2,0,0,0,0,0,Matchs
122,Cesare Casadei,it ITA,MT,Reading,19,2003,12.3,21,1.71,15,1,1,1,3,0,3,0.24,2,0,1,0,0,0,Matchs
123,Craig Cathcart,nir NIR,DF,Watford,33,1989,25.2,18,0.71,17,0,0,1,0,0,1,0.04,1,0,0,0,0,0,Matchs
124,Steven Caulker,sl SLE,DF,Wigan Athletic,30,1991,5.5,4,0.72,2,0,0,2,0,0,0,0.00,0,0,0,0,0,0,Matchs
125,Bersant Celina,xk KVX,AT,Stoke City,25,1996,2.9,7,2.40,5,0,2,0,0,0,0,0.00,0,0,0,0,0,0,Matchs
Clt,Joueur,Nation,Pos,Équipe,Âge,Naissance,90,AMT,AMT90,PassLive,PassDead,TO,Tirs,Ftp,Déf,AMB,AMB90,PassLive,PassDead,TO,Tirs,Ftp,Déf,Matchs
126,Ilias Chair,ma MAR,"MT,AT",QPR,24,1997,36.3,185,05.09,117,40,10,12,5,1,15,0.41,12,2,0,1,0,0,Matchs
127,Nathaniel Chalobah,eng ENG,MT,West Brom,27,1994,6.8,8,1.18,6,0,0,1,1,0,0,0.00,0,0,0,0,0,0,Matchs
128,Alfie Chang,eng ENG,MT,Birmingham City,19,2002,7.7,10,1.30,7,1,1,1,0,0,2,0.26,2,0,0,0,0,0,Matchs
129,Ismaila Cheick Coulibaly,ml MLI,MT,Sheffield Utd,21,2000,0.0,0,0.00,0,0,0,0,0,0,0,0.00,0,0,0,0,0,0,Matchs
130,Youssef Chentouf,eng ENG,DF,Wigan Athletic,18,2004,0.0,0,0.00,0,0,0,0,0,0,0,0.00,0,0,0,0,0,0,Matchs
131,Tahith Chong,nl NED,"MT,AT",Birmingham City,22,1999,31.5,106,3.36,61,22,7,5,10,1,12,0.38,7,4,0,0,1,0,Matchs
132,Hamza Choudhury,eng ENG,MT,Watford,24,1997,33.7,31,0.92,28,1,0,1,0,1,1,0.03,1,0,0,0,0,0,Matchs
133,Cyrus Christie,ie IRL,"DF,AT",Hull City,29,1992,23.1,46,1.99,36,1,4,3,1,1,3,0.13,2,0,0,1,0,0,Matchs
134,Darko Churlinov,mk MKD,AT,Burnley,22,2000,2.2,8,3.56,5,0,2,0,1,0,1,0.45,1,0,0,0,0,0,Matchs
135,Dennis Cirkin,eng ENG,DF,Sunderland,20,2002,20.5,23,1.12,18,0,2,1,2,0,3,0.15,3,0,0,0,0,0,Matchs
136,Ciaran Clark,ie IRL,DF,Sheffield Utd,32,1989,7.4,5,0.68,3,1,0,0,1,0,0,0.00,0,0,0,0,0,0,Matchs
137,Jordan Clark,eng ENG,MT,Luton Town,28,1993,34.4,99,2.87,63,11,7,12,6,0,15,0.44,8,1,3,3,0,0,Matchs
138,Harry Clarke,eng ENG,DF,Stoke City,21,2001,10.9,26,2.38,18,3,1,2,1,1,1,0.09,1,0,0,0,0,0,Matchs
139,Jack Clarke,eng ENG,"AT,DF",Sunderland,21,2000,42.1,147,3.49,98,12,13,10,14,0,16,0.38,11,0,2,2,1,0,Matchs
140,John Clarke,ie IRL,"DF,AT",Reading,18,2004,0.3,1,3.75,0,0,0,0,1,0,0,0.00,0,0,0,0,0,0,Matchs
141,Matthew Clarke,eng ENG,DF,Middlesbrough,25,1996,5.1,6,1.18,5,1,0,0,0,0,2,0.39,2,0,0,0,0,0,Matchs
142,Jake Clarke-Salter,eng ENG,DF,QPR,24,1997,12.6,14,1.11,12,0,0,1,1,0,0,0.00,0,0,0,0,0,0,Matchs
143,Reyes Cleary,eng ENG,AT,West Brom,18,2004,0.6,1,1.58,1,0,0,0,0,0,0,0.00,0,0,0,0,0,0,Matchs
144,Tom Cleverley,eng ENG,MT,Watford,32,1989,2.7,4,1.47,4,0,0,0,0,0,0,0.00,0,0,0,0,0,0,Matchs
145,Sam Clucas,eng ENG,MT,Stoke City,31,1990,5.4,9,1.68,6,1,0,1,0,1,0,0.00,0,0,0,0,0,0,Matchs
146,Josh Coburn,eng ENG,AT,Middlesbrough,19,2002,0.3,1,3.21,0,0,0,1,0,0,0,0.00,0,0,0,0,0,0,Matchs
147,Maxime Colin,fr FRA,"DF,AT",Birmingham City,30,1991,42.7,61,1.43,49,4,2,2,2,2,7,0.16,5,0,0,1,0,1,Matchs
148,Jamilu Collins,ng NGA,DF,Cardiff City,27,1994,3.1,2,0.65,2,0,0,0,0,0,0,0.00,0,0,0,0,0,0,Matchs
149,Rubin Colwill,wls WAL,"AT,MT",Cardiff City,20,2002,6.7,22,3.29,18,1,3,0,0,0,2,0.30,2,0,0,0,0,0,Matchs
150,Cameron Congreve,wls WAL,"MT,AT",Swansea City,18,2004,1.4,6,4.35,4,0,2,0,0,0,0,0.00,0,0,0,0,0,0,Matchs
Clt,Joueur,Nation,Pos,Équipe,Âge,Naissance,90,AMT,AMT90,PassLive,PassDead,TO,Tirs,Ftp,Déf,AMB,AMB90,PassLive,PassDead,TO,Tirs,Ftp,Déf,Matchs
151,Aaron Connolly,ie IRL,"AT,MT",Hull City,22,2000,3.8,6,1.59,4,0,0,1,1,0,0,0.00,0,0,0,0,0,0,Matchs
152,Callum Connolly,eng ENG,"DF,MT",Blackpool,24,1997,38.4,55,1.43,42,3,1,5,3,1,3,0.08,3,0,0,0,0,0,Matchs
153,Tommy Conway,sct SCO,"AT,MT",Bristol City,19,2002,21.1,42,1.99,29,0,2,4,6,1,5,0.24,4,0,0,0,1,0,Matchs
154,Jake Cooper,eng ENG,DF,Millwall,27,1995,44.4,47,01.06,39,0,0,7,1,0,4,0.09,4,0,0,0,0,0,Matchs
155,Oliver Cooper,wls WAL,"MT,AT",Swansea City,22,1999,25.6,69,2.70,54,0,2,7,5,1,7,0.27,7,0,0,0,0,0,Matchs
156,Theo Corbeanu,ca CAN,"AT,MT",Blackpool,20,2002,9.4,22,2.34,11,0,6,1,3,1,2,0.21,1,0,0,0,0,1,Matchs
157,Jack Cork,eng ENG,MT,Burnley,33,1989,27.1,34,1.25,31,0,1,0,2,0,7,0.26,5,0,1,0,1,0,Matchs
158,Harry Cornick,eng ENG,AT,Bristol City,27,1995,8.6,10,1.16,6,0,0,1,2,1,1,0.12,1,0,0,0,0,0,Matchs
159,Harry Cornick,eng ENG,"AT,MT",Luton Town,27,1995,8.3,17,02.05,12,2,1,1,0,1,5,0.60,3,0,1,0,0,1,Matchs
160,Sam Cosgrove,eng ENG,"AT,MT",Birmingham City,25,1996,0.4,2,5.14,2,0,0,0,0,0,0,0.00,0,0,0,0,0,0,Matchs
161,Dara Costelloe,ie IRL,AT,Burnley,19,2002,2.3,5,2.16,3,0,1,0,1,0,0,0.00,0,0,0,0,0,0,Matchs
162,Jordan Cousins,eng ENG,MT,Wigan Athletic,28,1994,7.1,9,1.26,9,0,0,0,0,0,0,0.00,0,0,0,0,0,0,Matchs
163,Conor Coventry,ie IRL,MT,Rotherham Utd,22,2000,14.5,26,1.79,18,7,1,0,0,0,5,0.34,3,2,0,0,0,0,Matchs
164,Vaughn Covil,eng ENG,"MT,AT",Hull City,19,2003,1.1,0,0.00,0,0,0,0,0,0,0,0.00,0,0,0,0,0,0,Matchs
165,Lewie Coyle,eng ENG,DF,Hull City,26,1995,26.9,53,1.97,44,4,2,2,1,0,5,0.19,4,1,0,0,0,0,Matchs
166,Michael Craig,sct SCO,"MT,AT",Reading,19,2003,0.2,0,0.00,0,0,0,0,0,0,0,0.00,0,0,0,0,0,0,Matchs
167,Charlie Cresswell,eng ENG,DF,Millwall,19,2002,25.1,25,1.00,18,1,0,6,0,0,5,0.20,1,1,0,3,0,0,Matchs
168,Matt Crooks,eng ENG,"MT,AT",Middlesbrough,28,1994,20.1,44,2.19,34,1,3,6,0,0,8,0.40,7,0,1,0,0,0,Matchs
169,Josh Cullen,ie IRL,MT,Burnley,26,1996,42.7,111,2.60,100,1,0,2,4,4,12,0.28,10,0,0,0,1,1,Matchs
170,Liam Cullen,wls WAL,"AT,MT",Swansea City,23,1999,13.5,24,1.78,16,1,0,5,2,0,4,0.30,2,0,0,1,1,0,Matchs
171,Luke Cundle,eng ENG,"MT,AT",Swansea City,20,2002,19.8,50,2.53,46,1,0,3,0,0,5,0.25,5,0,0,0,0,0,Matchs
172,Greg Cunningham,ie IRL,DF,Preston,31,1991,19.8,10,0.50,9,0,0,0,1,0,2,0.10,2,0,0,0,0,0,Matchs
173,Fankaty Dabo,eng ENG,DF,Coventry City,26,1995,18.5,30,1.62,22,2,4,2,0,0,3,0.16,3,0,0,0,0,0,Matchs
174,Bradley Dack,eng ENG,"MT,AT",Blackburn,28,1993,13.5,20,1.49,16,0,0,3,1,0,1,0.07,1,0,0,0,0,0,Matchs
175,Leon Dajaku,de GER,"AT,MT",Sunderland,21,2001,2.2,4,1.85,4,0,0,0,0,0,0,0.00,0,0,0,0,0,0,Matchs
Clt,Joueur,Nation,Pos,Équipe,Âge,Naissance,90,AMT,AMT90,PassLive,PassDead,TO,Tirs,Ftp,Déf,AMB,AMB90,PassLive,PassDead,TO,Tirs,Ftp,Déf,Matchs
176,Ameen Al-Dakhil,be BEL,DF,Burnley,20,2002,7.5,9,1.21,8,0,0,1,0,0,1,0.13,1,0,0,0,0,0,Matchs
177,Vontae Daley Campbell,eng ENG,DF,Cardiff City,21,2001,0.7,2,2.86,1,1,0,0,0,0,0,0.00,0,0,0,0,0,0,Matchs
178,Scott Dann,eng ENG,DF,Reading,35,1987,7.3,1,0.14,1,0,0,0,0,0,0,0.00,0,0,0,0,0,0,Matchs
179,Tendayi Darikwa,zw ZIM,DF,Wigan Athletic,30,1991,30.8,56,1.82,49,2,2,2,0,1,5,0.16,3,0,0,1,0,1,Matchs
180,Harry Darling,eng ENG,DF,Swansea City,22,1999,25.5,39,1.53,32,2,0,4,1,0,3,0.12,1,1,0,1,0,0,Matchs
181,Karl Darlow,eng ENG,GB,Hull City,31,1990,12.0,2,0.17,2,0,0,0,0,0,0,0.00,0,0,0,0,0,0,Matchs
182,Jay Dasilva,eng ENG,DF,Bristol City,24,1998,29.0,69,2.38,55,5,4,2,2,1,7,0.24,5,0,1,0,1,0,Matchs
183,Adam Davies,wls WAL,GB,Sheffield Utd,30,1992,6.8,2,0.29,2,0,0,0,0,0,0,0.00,0,0,0,0,0,0,Matchs
184,Isaak Davies,wls WAL,"AT,MT",Cardiff City,20,2001,3.1,4,1.28,4,0,0,0,0,0,0,0.00,0,0,0,0,0,0,Matchs
185,Keinan Davis,eng ENG,AT,Watford,24,1998,26.6,56,2.11,43,0,3,8,0,2,6,0.23,5,0,0,1,0,0,Matchs
186,Harlee Dean,eng ENG,DF,Birmingham City,31,1991,13.5,8,0.59,6,0,0,2,0,0,0,0.00,0,0,0,0,0,0,Matchs
187,Troy Deeney,eng ENG,AT,Birmingham City,34,1988,23.2,43,1.86,33,2,0,3,4,1,7,0.30,5,1,0,0,1,0,Matchs
188,Liam Delap,eng ENG,AT,Stoke City,19,2003,14.0,29,02.07,14,0,5,5,5,0,3,0.21,2,0,0,0,1,0,Matchs
189,Liam Delap,eng ENG,AT,Preston,19,2003,6.9,7,01.02,3,0,1,1,2,0,1,0.15,0,0,0,1,0,0,Matchs
190,Tom Dele-Bashiru,ng NGA,MT,Watford,22,1999,3.9,3,0.76,3,0,0,0,0,0,1,0.25,1,0,0,0,0,0,Matchs
191,Emmanuel Dennis,ng NGA,"MT,AT",Watford,24,1997,1.9,5,2.62,4,0,1,0,0,0,1,0.52,1,0,0,0,0,0,Matchs
192,Halil Dervişoğlu,tr TUR,"MT,AT",Burnley,22,1999,0.8,5,6.25,4,0,0,0,0,1,0,0.00,0,0,0,0,0,0,Matchs
193,Bambo Diaby,sn SEN,DF,Preston,24,1997,10.6,4,0.38,4,0,0,0,0,0,1,0.09,1,0,0,0,0,0,Matchs
194,Amad Diallo,ci CIV,"AT,MT",Sunderland,20,2002,28.7,119,4.14,88,4,8,10,9,0,20,0.70,16,0,2,0,2,0,Matchs
195,Jack Diamond,eng ENG,MT,Sunderland,22,2000,0.1,0,0.00,0,0,0,0,0,0,0,0.00,0,0,0,0,0,0,Matchs
196,Grady Diangana,cd COD,AT,West Brom,24,1998,21.5,81,3.78,59,5,7,3,5,2,7,0.33,6,0,1,0,0,0,Matchs
197,Brahima Diarra,ml MLI,"MT,AT",Huddersfield,19,2003,9.0,36,3.99,25,1,9,1,0,0,4,0.44,3,0,1,0,0,0,Matchs
198,Robert Dickie,eng ENG,DF,QPR,26,1996,33.7,16,0.47,15,0,0,1,0,0,2,0.06,2,0,0,0,0,0,Matchs
199,Seny Dieng,sn SEN,GB,QPR,27,1994,46.0,8,0.17,4,4,0,0,0,0,1,0.02,0,1,0,0,0,0,Matchs
200,Anfernee Dijksteel,sr SUR,DF,Middlesbrough,25,1996,10.4,14,1.34,11,0,1,0,2,0,1,0.10,1,0,0,0,0,0,Matchs
Clt,Joueur,Nation,Pos,Équipe,Âge,Naissance,90,AMT,AMT90,PassLive,PassDead,TO,Tirs,Ftp,Déf,AMB,AMB90,PassLive,PassDead,TO,Tirs,Ftp,Déf,Matchs
201,Daryl Dike,us USA,AT,West Brom,22,2000,13.4,25,1.87,12,0,2,7,4,0,3,0.22,1,0,0,2,0,0,Matchs
202,Elijah Dixon-Bonner,eng ENG,MT,QPR,21,2001,0.1,1,10.00,0,0,0,0,1,0,0,0.00,0,0,0,0,0,0,Matchs
203,Greg Docherty,sct SCO,"MT,AT",Hull City,25,1996,21.7,50,2.30,44,0,1,3,0,2,3,0.14,3,0,0,0,0,0,Matchs
204,Tyrhys Dolan,eng ENG,"AT,MT",Blackburn,20,2001,21.9,60,2.74,43,0,6,6,4,1,9,0.41,7,0,1,1,0,0,Matchs
205,Kenneth Dougall,au AUS,MT,Blackpool,29,1993,28.6,73,2.55,32,38,0,1,2,0,4,0.14,3,1,0,0,0,0,Matchs
206,Alfie Doughty,eng ENG,"DF,AT",Luton Town,22,1999,24.1,98,04.06,55,30,8,3,1,1,9,0.37,6,2,1,0,0,0,Matchs
207,Kieran Dowell,eng ENG,"MT,AT",Norwich City,24,1997,12.3,47,3.80,38,3,4,2,0,0,6,0.49,5,0,1,0,0,0,Matchs
208,Callum Doyle,eng ENG,DF,Coventry City,18,2003,37.8,39,01.03,35,0,1,2,1,0,4,0.11,3,0,0,1,0,0,Matchs
209,Tommy Doyle,eng ENG,MT,Sheffield Utd,20,2001,20.6,73,3.55,50,19,1,2,1,0,12,0.58,10,2,0,0,0,0,Matchs
210,Andre Dozzell,eng ENG,"MT,AT",QPR,23,1999,20.4,25,1.23,21,2,0,1,1,0,0,0.00,0,0,0,0,0,0,Matchs
211,Cody Drameh,eng ENG,DF,Luton Town,20,2001,14.4,52,3.62,35,10,3,3,1,0,5,0.35,3,1,0,1,0,0,Matchs
212,Aaron Drewe,eng ENG,"DF,AT",QPR,21,2001,5.1,3,0.59,2,0,1,0,0,0,0,0.00,0,0,0,0,0,0,Matchs
213,Jimmy Dunne,ie IRL,DF,QPR,24,1997,37.6,19,0.50,15,1,0,1,1,1,1,0.03,1,0,0,0,0,0,Matchs
214,Lyndon Dykes,sct SCO,AT,QPR,26,1995,32.8,65,1.98,47,0,2,11,3,2,6,0.18,3,0,1,2,0,0,Matchs
215,Tom Eaves,eng ENG,AT,Rotherham Utd,30,1992,6.4,6,0.94,4,0,1,1,0,0,1,0.16,1,0,0,0,0,0,Matchs
216,Malcolm Ebiowei,eng ENG,"AT,MT",Hull City,18,2003,5.8,22,3.77,11,1,8,1,1,0,0,0.00,0,0,0,0,0,0,Matchs
217,Josh Eccles,eng ENG,"MT,DF",Coventry City,22,2000,26.9,40,1.49,34,1,3,0,0,2,3,0.11,3,0,0,0,0,0,Matchs
218,Rarmani Edmonds-Green,eng ENG,DF,Wigan Athletic,23,1999,2.7,0,0.00,0,0,0,0,0,0,0,0.00,0,0,0,0,0,0,Matchs
219,Rarmani Edmonds-Green,eng ENG,"DF,MT",Huddersfield,23,1999,9.3,3,0.32,3,0,0,0,0,0,0,0.00,0,0,0,0,0,0,Matchs
220,Tayo Edun,eng ENG,"DF,MT",Blackburn,24,1998,2.2,5,2.28,4,0,1,0,0,0,1,0.46,1,0,0,0,0,0,Matchs
221,Gwion Edwards,wls WAL,"AT,MT",Wigan Athletic,29,1993,0.3,1,3.46,1,0,0,0,0,0,0,0.00,0,0,0,0,0,0,Matchs
222,John Egan,ie IRL,DF,Sheffield Utd,29,1992,43.9,43,0.98,36,0,0,6,0,1,1,0.02,1,0,0,0,0,0,Matchs
223,CJ Egan-Riley,eng ENG,"MT,DF",Burnley,19,2003,0.2,1,4.29,1,0,0,0,0,0,0,0.00,0,0,0,0,0,0,Matchs
224,Kelvin Ehibhatiomhan,eng ENG,AT,Reading,19,2003,2.2,3,1.36,2,0,0,0,1,0,0,0.00,0,0,0,0,0,0,Matchs
225,Ovie Ejaria,eng ENG,MT,Reading,24,1997,4.7,13,2.79,9,0,1,0,1,2,1,0.21,1,0,0,0,0,0,Matchs
Clt,Joueur,Nation,Pos,Équipe,Âge,Naissance,90,AMT,AMT90,PassLive,PassDead,TO,Tirs,Ftp,Déf,AMB,AMB90,PassLive,PassDead,TO,Tirs,Ftp,Déf,Matchs
226,Hjalmar Ekdal,se SWE,DF,Burnley,23,1998,8.5,9,01.06,7,1,0,0,1,0,3,0.35,2,1,0,0,0,0,Matchs
227,Marvin Ekpiteta,eng ENG,DF,Blackpool,26,1995,22.9,19,0.83,17,1,0,0,1,0,0,0.00,0,0,0,0,0,0,Matchs
228,Pierre Ekwah Elimby,fr FRA,MT,Sunderland,20,2002,5.0,10,02.01,10,0,0,0,0,0,2,0.40,2,0,0,0,0,0,Matchs
229,Callum Elder,au AUS,DF,Hull City,27,1995,21.1,47,2.22,30,14,0,2,1,0,6,0.28,5,1,0,0,0,0,Matchs
230,Aidomo Emakhu,ie IRL,MT,Millwall,18,2003,0.0,0,0.00,0,0,0,0,0,0,0,0.00,0,0,0,0,0,0,Matchs
231,Elliot Embleton,eng ENG,"MT,AT",Sunderland,23,1999,11.8,27,2.30,22,0,2,2,1,0,1,0.09,1,0,0,0,0,0,Matchs
232,Romain Esse,eng ENG,"AT,MT",Millwall,17,2005,1.9,10,5.20,8,0,1,1,0,0,0,0.00,0,0,0,0,0,0,Matchs
233,Oscar Estupiñan,co COL,AT,Hull City,25,1996,28.2,34,1.20,18,0,2,11,1,2,3,0.11,3,0,0,0,0,0,Matchs
234,Kion Etete,eng ENG,AT,Cardiff City,20,2001,13.6,24,1.76,10,0,5,3,6,0,2,0.15,1,0,1,0,0,0,Matchs
235,Neil Etheridge,ph PHI,GB,Birmingham City,32,1990,3.6,0,0.00,0,0,0,0,0,0,0,0.00,0,0,0,0,0,0,Matchs
236,Ched Evans,wls WAL,AT,Preston,33,1988,14.4,37,2.56,21,1,2,5,8,0,2,0.14,1,0,0,1,0,0,Matchs
237,Corry Evans,nir NIR,MT,Sunderland,32,1990,20.2,24,1.19,18,1,1,1,1,2,1,0.05,1,0,0,0,0,0,Matchs
238,George Evans,eng ENG,MT,Millwall,27,1994,0.8,4,4.74,3,0,0,0,1,0,0,0.00,0,0,0,0,0,0,Matchs
239,Mo Faal,eng ENG,MT,West Brom,19,2003,0.0,1,90.00,1,0,0,0,0,0,0,0.00,0,0,0,0,0,0,Matchs
240,Shane Ferguson,nir NIR,"AT,MT",Rotherham Utd,31,1991,16.3,29,1.78,21,7,1,0,0,0,6,0.37,4,2,0,0,0,0,Matchs
241,João Ferreira,pt POR,DF,Watford,21,2001,3.0,2,0.67,2,0,0,0,0,0,0,0.00,0,0,0,0,0,0,Matchs
242,Sam Field,eng ENG,MT,QPR,24,1998,44.8,75,1.67,65,0,0,3,3,4,4,0.09,4,0,0,0,0,0,Matchs
243,Tobias Figueiredo,pt POR,DF,Hull City,28,1994,18.3,13,0.71,12,0,0,1,0,0,3,0.16,2,0,0,1,0,0,Matchs
244,Sonny Finch,eng ENG,AT,Middlesbrough,16,2005,0.1,0,0.00,0,0,0,0,0,0,0,0.00,0,0,0,0,0,0,Matchs
245,Lewis Fiorini,sct SCO,MT,Blackpool,20,2002,10.9,26,2.39,14,8,0,2,1,1,3,0.28,1,1,0,0,0,1,Matchs
246,Andy Fisher,eng ENG,GB,Swansea City,24,1998,25.3,4,0.16,3,1,0,0,0,0,0,0.00,0,0,0,0,0,0,Matchs
247,Darnell Fisher,eng ENG,DF,Middlesbrough,28,1994,0.0,0,0.00,0,0,0,0,0,0,0,0.00,0,0,0,0,0,0,Matchs
248,John Fleck,sct SCO,MT,Sheffield Utd,30,1991,12.3,33,2.67,23,8,1,0,1,0,4,0.32,3,0,0,0,1,0,Matchs
249,Brandon Fleming,eng ENG,"DF,AT",Hull City,22,1999,1.6,3,1.93,2,1,0,0,0,0,1,0.64,1,0,0,0,0,0,Matchs
250,Zian Flemming,nl NED,"MT,AT",Millwall,23,1998,39.9,121,03.03,76,10,9,12,12,2,12,0.30,6,2,3,0,1,0,Matchs
Clt,Joueur,Nation,Pos,Équipe,Âge,Naissance,90,AMT,AMT90,PassLive,PassDead,TO,Tirs,Ftp,Déf,AMB,AMB90,PassLive,PassDead,TO,Tirs,Ftp,Déf,Matchs
251,Ashley Fletcher,eng ENG,AT,Wigan Athletic,26,1995,13.3,22,1.66,16,0,0,4,2,0,1,0.08,0,0,0,1,0,0,Matchs
252,Aden Flint,eng ENG,DF,Stoke City,33,1989,9.0,11,1.22,8,0,0,3,0,0,2,0.22,2,0,0,0,0,0,Matchs
253,Wes Foderingham,eng ENG,GB,Sheffield Utd,31,1991,39.0,6,0.15,4,2,0,0,0,0,3,0.08,2,1,0,0,0,0,Matchs
254,Tyrese Fornah,sl SLE,MT,Reading,22,1999,21.7,29,1.34,23,3,0,2,0,1,6,0.28,5,0,0,0,0,1,Matchs
255,Marcus Forss,fi FIN,AT,Middlesbrough,23,1999,21.8,42,1.92,31,0,1,4,5,1,10,0.46,5,0,1,0,3,1,Matchs
256,Lyle Foster,za RSA,AT,Burnley,21,2000,4.1,5,1.23,4,0,0,1,0,0,1,0.25,0,0,0,1,0,0,Matchs
257,Tariqe Fosu,gh GHA,"DF,AT",Stoke City,26,1995,13.7,35,2.55,26,3,1,2,2,1,3,0.22,2,0,0,0,0,1,Matchs
258,Tariqe Fosu,gh GHA,"MT,AT",Rotherham Utd,26,1995,16.3,50,03.07,31,1,11,4,2,1,7,0.43,5,0,1,1,0,0,Matchs
259,Morgan Fox,wls WAL,DF,Stoke City,28,1993,36.4,53,1.46,41,3,3,5,1,0,6,0.17,5,0,0,1,0,0,Matchs
260,Luke Freeman,eng ENG,"MT,AT",Luton Town,30,1992,11.0,33,3.00,18,9,2,3,1,0,0,0.00,0,0,0,0,0,0,Matchs
261,George Friend,eng ENG,DF,Birmingham City,34,1987,2.5,3,1.21,3,0,0,0,0,0,0,0.00,0,0,0,0,0,0,Matchs
262,Dael Fry,eng ENG,DF,Middlesbrough,24,1997,25.4,15,0.59,12,0,0,2,0,1,1,0.04,0,0,0,1,0,0,Matchs
263,Leo Fuhr Hjelde,no NOR,DF,Rotherham Utd,18,2003,9.8,13,1.32,9,0,0,3,0,1,1,0.10,1,0,0,0,0,0,Matchs
264,Jay Fulton,sct SCO,MT,Swansea City,28,1994,30.3,72,2.37,60,2,1,8,0,1,8,0.26,6,0,0,2,0,0,Matchs
265,Darnell Furlong,eng ENG,DF,West Brom,26,1995,37.5,58,1.55,42,10,0,3,2,1,2,0.05,1,1,0,0,0,0,Matchs
266,Gabriel,br BRA,MT,Norwich City,23,1999,31.2,134,4.29,82,37,4,7,3,1,11,0.35,7,2,0,2,0,0,Matchs
267,Jordan Gabriel,eng ENG,"DF,MT",Blackpool,23,1998,15.1,26,1.72,17,2,3,0,3,1,3,0.20,2,0,1,0,0,0,Matchs
268,Sam Gallagher,eng ENG,AT,Blackburn,26,1995,25.7,39,1.52,26,0,6,6,0,1,5,0.19,4,0,1,0,0,0,Matchs
269,Luke Garbutt,eng ENG,"DF,AT",Blackpool,29,1993,6.1,10,1.63,3,6,0,1,0,0,0,0.00,0,0,0,0,0,0,Matchs
270,Gary Gardner,eng ENG,MT,Birmingham City,30,1992,2.8,3,01.08,2,0,0,1,0,0,0,0.00,0,0,0,0,0,0,Matchs
271,Taylor Gardner-Hickman,eng ENG,"MT,DF",West Brom,20,2001,13.0,24,1.85,18,2,2,0,1,1,2,0.15,1,0,0,0,0,1,Matchs
272,Jake Garrett,eng ENG,MT,Blackburn,19,2003,4.4,7,1.60,7,0,0,0,0,0,1,0.23,1,0,0,0,0,0,Matchs
273,Mario Gaspar,es ESP,"DF,MT",Watford,31,1990,19.7,33,1.67,21,4,2,4,1,1,5,0.25,3,0,0,2,0,0,Matchs
274,Dwight Gayle,eng ENG,AT,Stoke City,31,1990,26.5,67,2.53,48,2,1,10,4,2,7,0.26,6,0,0,0,1,0,Matchs
275,Joe Gelhardt,eng ENG,AT,Sunderland,20,2002,13.3,40,03.01,26,0,4,4,5,1,3,0.23,3,0,0,0,0,0,Matchs
Clt,Joueur,Nation,Pos,Équipe,Âge,Naissance,90,AMT,AMT90,PassLive,PassDead,TO,Tirs,Ftp,Déf,AMB,AMB90,PassLive,PassDead,TO,Tirs,Ftp,Déf,Matchs
276,Dimitris Giannoulis,gr GRE,DF,Norwich City,26,1995,18.5,41,2.22,34,1,4,0,2,0,3,0.16,3,0,0,0,0,0,Matchs
277,Liam Gibbs,eng ENG,MT,Norwich City,19,2002,18.8,46,2.45,37,4,1,2,1,1,0,0.00,0,0,0,0,0,0,Matchs
278,Ben Gibson,eng ENG,DF,Norwich City,29,1993,19.7,17,0.86,16,0,0,1,0,0,4,0.20,4,0,0,0,0,0,Matchs
279,Brodie Gilmore,nir NIR,DF,Huddersfield,18,2004,2.7,2,0.75,2,0,0,0,0,0,0,0.00,0,0,0,0,0,0,Matchs
280,Matthew Godden,eng ENG,AT,Coventry City,31,1991,22.0,35,1.59,25,0,1,5,4,0,5,0.23,4,0,0,1,0,0,Matchs
281,Lynden Gooch,us USA,DF,Sunderland,26,1995,26.3,50,1.90,39,2,7,2,0,0,5,0.19,4,0,1,0,0,0,Matchs
282,Charlie Goode,eng ENG,DF,Blackpool,26,1995,1.3,2,1.54,0,0,0,1,1,0,0,0.00,0,0,0,0,0,0,Matchs
283,Kyron Gordon,eng ENG,DF,Sheffield Utd,20,2002,0.8,0,0.00,0,0,0,0,0,0,0,0.00,0,0,0,0,0,0,Matchs
284,Dan Gosling,eng ENG,"DF,MT",Watford,32,1990,9.8,13,1.32,10,0,1,1,1,0,2,0.20,2,0,0,0,0,0,Matchs
285,Jordan Graham,eng ENG,DF,Birmingham City,27,1995,13.6,43,3.17,27,8,0,3,4,1,4,0.30,4,0,0,0,0,0,Matchs
286,Karlan Grant,eng ENG,"AT,MT",West Brom,24,1997,19.1,34,1.78,17,0,2,12,3,0,2,0.10,0,0,0,1,1,0,Matchs
287,Jacob Greaves,eng ENG,DF,Hull City,21,2000,39.6,42,01.06,35,1,0,3,3,0,5,0.13,4,0,0,1,0,0,Matchs
288,Jack Grieves,eng ENG,MT,Watford,17,2004,0.1,0,0.00,0,0,0,0,0,0,0,0.00,0,0,0,0,0,0,Matchs
289,Joshua Griffiths,eng ENG,GB,West Brom,20,2001,10.0,0,0.00,0,0,0,0,0,0,0,0.00,0,0,0,0,0,0,Matchs
290,Matt Grimes,eng ENG,MT,Swansea City,27,1995,44.0,113,2.57,101,8,1,1,1,1,13,0.30,11,1,0,1,0,0,Matchs
291,Daniel Grimshaw,eng ENG,GB,Blackpool,24,1998,18.0,6,0.33,4,2,0,0,0,0,0,0.00,0,0,0,0,0,0,Matchs
292,Nesta Guinness-Walker,eng ENG,"DF,AT",Reading,22,1999,18.3,41,2.24,18,11,3,1,7,1,4,0.22,1,1,0,0,2,0,Matchs
293,Angus Gunn,sct SCO,GB,Norwich City,26,1996,30.0,0,0.00,0,0,0,0,0,0,0,0.00,0,0,0,0,0,0,Matchs
294,Viktor Gyökeres,se SWE,AT,Coventry City,24,1998,44.7,191,4.27,121,1,30,13,23,3,21,0.47,12,0,6,0,3,0,Matchs
295,Hayden Hackney,eng ENG,MT,Middlesbrough,20,2002,30.4,68,2.24,56,1,5,5,0,1,10,0.33,9,0,1,0,0,0,Matchs
296,George Hall,eng ENG,MT,Birmingham City,18,2004,14.1,30,2.13,21,1,6,0,2,0,1,0.07,1,0,0,0,0,0,Matchs
297,Grant Hall,eng ENG,DF,Rotherham Utd,30,1991,16.2,12,0.74,11,0,1,0,0,0,3,0.19,3,0,0,0,0,0,Matchs
298,Niko Hämäläinen,fi FIN,DF,QPR,25,1997,1.0,2,1.96,2,0,0,0,0,0,0,0.00,0,0,0,0,0,0,Matchs
299,Ben Hamer,eng ENG,GB,Watford,34,1987,1.0,1,1.00,0,1,0,0,0,0,0,0.00,0,0,0,0,0,0,Matchs
300,Gustavo Hamer,nl NED,MT,Coventry City,25,1997,38.6,181,4.69,101,44,10,16,6,4,25,0.65,16,4,2,1,1,1,Matchs
Clt,Joueur,Nation,Pos,Équipe,Âge,Naissance,90,AMT,AMT90,PassLive,PassDead,TO,Tirs,Ftp,Déf,AMB,AMB90,PassLive,PassDead,TO,Tirs,Ftp,Déf,Matchs
301,CJ Hamilton,ie IRL,"AT,MT",Blackpool,27,1995,19.9,39,1.96,28,0,5,2,2,2,8,0.40,6,0,0,1,1,0,Matchs
302,Grant Hanley,sct SCO,DF,Norwich City,30,1991,38.3,28,0.73,26,0,0,2,0,0,4,0.10,4,0,0,0,0,0,Matchs
303,Wes Harding,jm JAM,"DF,AT",Rotherham Utd,25,1996,35.1,39,1.11,28,5,0,3,3,0,5,0.14,4,0,0,1,0,0,Matchs
304,Kian Harratt,eng ENG,"AT,MT",Huddersfield,20,2002,0.2,0,0.00,0,0,0,0,0,0,0,0.00,0,0,0,0,0,0,Matchs
305,Mark Harris,wls WAL,AT,Cardiff City,23,1998,17.9,47,2.63,31,0,6,5,2,3,0,0.00,0,0,0,0,0,0,Matchs
306,Taylor Harwood-Bellis,eng ENG,DF,Burnley,20,2002,30.7,35,1.14,30,2,0,2,1,0,8,0.26,8,0,0,0,0,0,Matchs
307,Kortney Hause,eng ENG,DF,Watford,27,1995,2.1,1,0.47,1,0,0,0,0,0,0,0.00,0,0,0,0,0,0,Matchs
308,Isaac Hayden,eng ENG,MT,Norwich City,27,1995,9.0,6,0.66,3,0,1,1,0,1,0,0.00,0,0,0,0,0,0,Matchs
309,Jaheim Headley,eng ENG,"DF,AT",Huddersfield,20,2001,7.5,12,1.59,6,0,2,1,3,0,2,0.27,1,0,1,0,0,0,Matchs
310,Ryan Hedges,wls WAL,"AT,DF",Blackburn,27,1995,27.7,80,2.89,60,10,6,3,1,0,10,0.36,6,1,1,1,1,0,Matchs
311,Michał Helik,pl POL,DF,Huddersfield,26,1995,35.9,21,0.59,15,1,0,2,0,3,2,0.06,2,0,0,0,0,0,Matchs
312,Robbie Hemfrey,sct SCO,GB,Rotherham Utd,20,2002,0.5,0,0.00,0,0,0,0,0,0,0,0.00,0,0,0,0,0,0,Matchs
313,Jeff Hendrick,ie IRL,MT,Reading,30,1992,44.7,49,1.10,36,2,3,8,0,0,5,0.11,2,0,1,2,0,0,Matchs
314,Onel Hernández,cu CUB,"AT,MT",Norwich City,29,1993,20.7,93,4.49,70,1,13,4,3,2,6,0.29,6,0,0,0,0,0,Matchs
315,Scott High,sct SCO,"MT,AT",Rotherham Utd,21,2001,4.0,3,0.75,2,1,0,0,0,0,0,0.00,0,0,0,0,0,0,Matchs
316,Scott High,sct SCO,MT,Huddersfield,21,2001,5.7,8,1.41,6,0,1,0,1,0,0,0.00,0,0,0,0,0,0,Matchs
317,George Hirst,eng ENG,AT,Blackburn,23,1999,3.1,3,0.98,3,0,0,0,0,0,0,0.00,0,0,0,0,0,0,Matchs
318,Wesley Hoedt,nl NED,DF,Watford,28,1994,13.8,11,0.80,8,0,2,0,0,1,0,0.00,0,0,0,0,0,0,Matchs
319,Ki-Jana Hoever,nl NED,DF,Stoke City,20,2002,11.6,26,2.25,18,3,2,1,1,1,3,0.26,2,0,1,0,0,0,Matchs
320,Scott Hogan,ie IRL,AT,Birmingham City,30,1992,30.2,42,1.39,29,1,5,5,1,1,4,0.13,3,0,0,1,0,0,Matchs
321,Jonathan Hogg,eng ENG,MT,Huddersfield,33,1988,26.5,22,0.83,17,1,2,1,1,0,1,0.04,1,0,0,0,0,0,Matchs
322,Junior Hoilett,ca CAN,"DF,AT",Reading,32,1990,28.3,89,3.14,56,20,4,4,5,0,3,0.11,1,1,0,1,0,0,Matchs
323,Bradley Holmes,eng ENG,MT,Blackpool,19,2002,0.4,0,0.00,0,0,0,0,0,0,0,0.00,0,0,0,0,0,0,Matchs
324,Duane Holmes,us USA,"MT,AT",Huddersfield,27,1994,18.1,56,03.09,43,2,3,4,3,1,3,0.17,2,0,0,0,1,0,Matchs
325,Tom Holmes,eng ENG,DF,Reading,22,2000,37.9,26,0.69,23,1,0,2,0,0,0,0.00,0,0,0,0,0,0,Matchs
Clt,Joueur,Nation,Pos,Équipe,Âge,Naissance,90,AMT,AMT90,PassLive,PassDead,TO,Tirs,Ftp,Déf,AMB,AMB90,PassLive,PassDead,TO,Tirs,Ftp,Déf,Matchs
326,Joel Holvey,,MT,Rotherham Utd,,,0.1,0,0.00,0,0,0,0,0,0,0,0.00,0,0,0,0,0,0,Matchs
327,George Honeyman,eng ENG,"AT,MT",Millwall,27,1994,23.8,99,4.16,55,31,0,6,7,0,6,0.25,4,1,0,0,1,0,Matchs
328,Matthew Hoppe,us USA,AT,Middlesbrough,21,2001,0.8,1,1.32,1,0,0,0,0,0,0,0.00,0,0,0,0,0,0,Matchs
329,Ethan Horvath,us USA,GB,Luton Town,27,1995,44.0,8,0.18,3,5,0,0,0,0,0,0.00,0,0,0,0,0,0,Matchs
330,Ryan Howley,wls WAL,MT,Coventry City,18,2003,2.0,5,2.53,2,0,1,0,2,0,0,0.00,0,0,0,0,0,0,Matchs
331,Jonny Howson,eng ENG,MT,Middlesbrough,34,1988,41.2,98,2.38,79,16,1,0,2,0,10,0.24,10,0,0,0,0,0,Matchs
332,Niall Huggins,wls WAL,DF,Sunderland,21,2000,1.0,1,1.00,0,1,0,0,0,0,0,0.00,0,0,0,0,0,0,Matchs
333,Andrew Hughes,wls WAL,DF,Preston,30,1992,25.8,36,1.40,29,3,1,3,0,0,1,0.04,1,0,0,0,0,0,Matchs
334,Charlie Hughes,eng ENG,DF,Wigan Athletic,18,2003,16.8,18,01.07,16,0,0,1,1,0,0,0.00,0,0,0,0,0,0,Matchs
335,Jordan Hugill,eng ENG,"AT,MT",Norwich City,30,1992,0.8,2,2.65,1,0,0,1,0,0,0,0.00,0,0,0,0,0,0,Matchs
336,Jordan Hugill,eng ENG,AT,Rotherham Utd,30,1992,15.7,21,1.34,11,0,0,3,7,0,4,0.25,0,0,0,0,4,0,Matchs
337,Trai Hume,nir NIR,DF,Sunderland,20,2002,24.2,29,1.20,23,0,1,5,0,0,3,0.12,1,0,0,2,0,0,Matchs
338,Cameron Humphreys,eng ENG,DF,Rotherham Utd,23,1998,34.6,12,0.35,10,0,0,0,0,2,1,0.03,1,0,0,0,0,0,Matchs
339,Stephen Humphrys,eng ENG,AT,Wigan Athletic,24,1997,0.4,1,2.65,1,0,0,0,0,0,0,0.00,0,0,0,0,0,0,Matchs
340,Joseph Hungbo,eng ENG,AT,Watford,22,2000,1.1,4,3.79,1,1,1,0,1,0,0,0.00,0,0,0,0,0,0,Matchs
341,Joseph Hungbo,eng ENG,"AT,MT",Huddersfield,22,2000,7.4,17,2.30,8,0,3,2,4,0,2,0.27,1,0,0,1,0,0,Matchs
342,James Husband,eng ENG,DF,Blackpool,28,1994,23.9,24,01.01,23,0,0,1,0,0,3,0.13,3,0,0,0,0,0,Matchs
343,Sam Hutchinson,eng ENG,"DF,MT",Reading,32,1989,8.7,4,0.46,3,0,0,1,0,0,2,0.23,1,0,0,1,0,0,Matchs
344,Shaun Hutchinson,eng ENG,DF,Millwall,31,1990,21.7,18,0.83,14,2,0,1,0,1,0,0.00,0,0,0,0,0,0,Matchs
345,Dominic Hyam,sct SCO,DF,Blackburn,26,1995,36.1,25,0.69,20,0,0,3,1,1,2,0.06,1,0,0,1,0,0,Matchs
346,Dominic Hyam,sct SCO,DF,Coventry City,26,1995,2.0,1,0.50,1,0,0,0,0,0,0,0.00,0,0,0,0,0,0,Matchs
347,Adam Idah,ie IRL,"AT,MT",Norwich City,21,2001,12.9,30,2.32,21,0,2,5,1,1,2,0.15,2,0,0,0,0,0,Matchs
348,Tom Ince,eng ENG,"MT,AT",Reading,30,1992,36.3,151,4.16,86,41,6,4,12,2,11,0.30,3,5,0,1,2,0,Matchs
349,Matt Ingram,eng ENG,GB,Hull City,28,1993,22.0,5,0.23,5,0,0,0,0,0,2,0.09,2,0,0,0,0,0,Matchs
350,Tim Iroegbunam,eng ENG,"MT,AT",QPR,19,2003,25.3,61,2.42,40,0,6,6,8,1,3,0.12,1,0,1,0,1,0,Matchs
Clt,Joueur,Nation,Pos,Équipe,Âge,Naissance,90,AMT,AMT90,PassLive,PassDead,TO,Tirs,Ftp,Déf,AMB,AMB90,PassLive,PassDead,TO,Tirs,Ftp,Déf,Matchs
351,Vakoun Issouf Bayo,ci CIV,AT,Watford,25,1997,10.4,27,2.60,22,0,1,3,1,0,1,0.10,1,0,0,0,0,0,Matchs
352,Harvey Isted,eng ENG,GB,Luton Town,25,1997,1.0,0,0.00,0,0,0,0,0,0,0,0.00,0,0,0,0,0,0,Matchs
353,Ben Jackson,eng ENG,"AT,DF",Huddersfield,21,2001,13.6,23,1.69,15,4,1,0,3,0,2,0.15,2,0,0,0,0,0,Matchs
354,Phil Jagielka,eng ENG,DF,Stoke City,39,1982,26.4,18,0.68,14,1,0,3,0,0,3,0.11,3,0,0,0,0,0,Matchs
355,Jordan James,wls WAL,MT,Birmingham City,18,2004,11.6,18,1.55,11,0,2,3,2,0,1,0.09,0,0,0,1,0,0,Matchs
356,Matty James,eng ENG,MT,Bristol City,31,1991,32.9,46,1.40,29,16,0,0,0,1,4,0.12,3,1,0,0,0,0,Matchs
357,William Jarvis,eng ENG,MT,Hull City,19,2002,0.4,0,0.00,0,0,0,0,0,0,0,0.00,0,0,0,0,0,0,Matchs
358,Daniel Jebbison,eng ENG,AT,Sheffield Utd,18,2003,5.5,19,3.48,10,0,3,3,3,0,4,0.73,2,0,1,0,1,0,Matchs
359,Cameron Jerome,eng ENG,AT,Luton Town,35,1986,3.9,9,2.33,8,0,1,0,0,0,3,0.78,3,0,0,0,0,0,Matchs
360,Lucas João,ao ANG,AT,Reading,28,1993,20.9,44,2.11,30,0,1,3,9,1,5,0.24,2,0,0,1,2,0,Matchs
361,João Pedro,br BRA,"MT,AT",Watford,20,2001,31.0,114,3.68,67,9,16,6,13,3,7,0.23,6,0,1,0,0,0,Matchs
362,Stefan Johansen,no NOR,MT,QPR,31,1991,19.0,53,2.79,27,21,0,1,0,4,8,0.42,3,3,0,0,0,2,Matchs
363,Viktor Johansson,se SWE,GB,Rotherham Utd,23,1998,43.0,7,0.16,5,2,0,0,0,0,0,0.00,0,0,0,0,0,0,Matchs
364,Ryan John Giles,eng ENG,DF,Middlesbrough,22,2000,42.6,124,2.91,89,28,2,0,2,3,16,0.38,13,2,1,0,0,0,Matchs
365,Daniel Johnson,jm JAM,"MT,AT",Preston,29,1992,23.7,79,3.34,60,11,1,3,3,1,6,0.25,4,0,0,1,1,0,Matchs
366,Joseph Johnson,eng ENG,DF,Luton Town,16,2006,0.4,1,2.31,1,0,0,0,0,0,0,0.00,0,0,0,0,0,0,Matchs
367,Alfie Jones,eng ENG,DF,Hull City,24,1997,39.1,26,0.66,22,0,0,4,0,0,4,0.10,3,0,0,1,0,0,Matchs
368,Callum Jones,wls WAL,AT,Hull City,21,2001,0.1,0,0.00,0,0,0,0,0,0,0,0.00,0,0,0,0,0,0,Matchs
369,Isaiah Jones,eng ENG,"AT,DF",Middlesbrough,23,1999,26.3,85,3.23,67,2,5,0,9,2,10,0.38,8,1,0,0,1,0,Matchs
370,Jamie Jones,eng ENG,GB,Wigan Athletic,33,1989,16.4,2,0.12,0,2,0,0,0,0,0,0.00,0,0,0,0,0,0,Matchs
371,Patrick Jones,wls WAL,"MT,AT",Huddersfield,19,2003,1.9,12,6.43,8,0,1,1,1,1,1,0.54,1,0,0,0,0,0,Matchs
372,Lukas Jutkiewicz,eng ENG,AT,Birmingham City,33,1989,20.6,41,1.98,29,0,4,3,4,1,4,0.19,2,0,1,0,1,0,Matchs
373,Sory Kaba,gn GUI,AT,Cardiff City,27,1995,12.7,21,1.65,14,0,4,0,3,0,2,0.16,1,0,1,0,0,0,Matchs
374,Christian Kabasele,be BEL,DF,Watford,31,1991,20.7,6,0.29,4,0,0,1,0,1,0,0.00,0,0,0,0,0,0,Matchs
375,Dylan Kadji,eng ENG,"MT,DF",Bristol City,18,2003,0.3,0,0.00,0,0,0,0,0,0,0,0.00,0,0,0,0,0,0,Matchs
Clt,Joueur,Nation,Pos,Équipe,Âge,Naissance,90,AMT,AMT90,PassLive,PassDead,TO,Tirs,Ftp,Déf,AMB,AMB90,PassLive,PassDead,TO,Tirs,Ftp,Déf,Matchs
376,Osman Kakay,sl SLE,"DF,AT",QPR,24,1997,13.8,28,02.03,20,4,2,0,2,0,1,0.07,1,0,0,0,0,0,Matchs
377,Tomáš Kalas,cz CZE,DF,Bristol City,29,1993,3.5,0,0.00,0,0,0,0,0,0,0,0.00,0,0,0,0,0,0,Matchs
378,Samuel Kalu,ng NGA,"AT,MT",Watford,24,1997,2.6,13,05.06,8,2,1,1,0,1,1,0.39,0,0,1,0,0,0,Matchs
379,Abu Kamara,eng ENG,AT,Norwich City,19,2003,0.4,0,0.00,0,0,0,0,0,0,0,0.00,0,0,0,0,0,0,Matchs
380,Hassane Kamara,ci CIV,DF,Watford,28,1994,29.0,54,1.86,46,1,3,1,1,2,3,0.10,3,0,0,0,0,0,Matchs
381,Florian Kamberi,ch SUI,AT,Huddersfield,27,1995,0.2,0,0.00,0,0,0,0,0,0,0,0.00,0,0,0,0,0,0,Matchs
382,Thomas Kaminski,be BEL,GB,Blackburn,29,1992,28.0,3,0.11,3,0,0,0,0,0,0,0.00,0,0,0,0,0,0,Matchs
383,Todd Kane,eng ENG,"DF,MT",Coventry City,28,1993,2.7,5,1.89,5,0,0,0,0,0,0,0.00,0,0,0,0,0,0,Matchs
384,David Kasumu,eng ENG,"MT,DF",Huddersfield,22,1999,24.6,38,1.54,26,0,3,1,5,3,3,0.12,2,0,0,0,1,0,Matchs
385,Edo Kayembe,cd COD,MT,Watford,24,1998,19.7,27,1.37,22,1,2,1,0,1,4,0.20,3,1,0,0,0,0,Matchs
386,Will Keane,ie IRL,"MT,AT",Wigan Athletic,29,1993,36.4,52,1.43,37,0,5,6,2,2,7,0.19,4,0,1,2,0,0,Matchs
387,Georgie Kelly,ie IRL,AT,Rotherham Utd,25,1996,7.8,18,2.31,11,0,0,3,2,2,1,0.13,0,0,0,1,0,0,Matchs
388,Liam Kelly,sct SCO,MT,Coventry City,32,1990,4.2,8,1.91,7,1,0,0,0,0,2,0.48,2,0,0,0,0,0,Matchs
389,Martin Kelly,eng ENG,DF,West Brom,32,1990,4.1,0,0.00,0,0,0,0,0,0,0,0.00,0,0,0,0,0,0,Matchs
390,Martin Kelly,eng ENG,DF,Wigan Athletic,32,1990,0.8,1,1.22,1,0,0,0,0,0,0,0.00,0,0,0,0,0,0,Matchs
391,Jason Kerr,sct SCO,DF,Wigan Athletic,25,1997,13.3,10,0.75,8,0,0,1,1,0,1,0.07,1,0,0,0,0,0,Matchs
392,Kaine Kesler-Hayden,eng ENG,"DF,MT",Huddersfield,19,2002,9.8,18,1.83,13,3,0,0,1,1,1,0.10,1,0,0,0,0,0,Matchs
393,Reda Khadra,de GER,"AT,DF",Sheffield Utd,21,2001,4.3,17,3.94,17,0,0,0,0,0,0,0.00,0,0,0,0,0,0,Matchs
394,Reda Khadra,de GER,"AT,MT",Birmingham City,21,2001,9.9,18,1.82,11,1,4,1,1,0,4,0.40,3,0,0,0,1,0,Matchs
395,Gavin Kilkenny,ie IRL,"MT,DF",Stoke City,22,2000,1.1,4,3.79,4,0,0,0,0,0,0,0.00,0,0,0,0,0,0,Matchs
396,Andy King,wls WAL,"MT,DF",Bristol City,33,1988,15.3,26,1.70,26,0,0,0,0,0,1,0.07,1,0,0,0,0,0,Matchs
397,Eli King,wls WAL,MT,Cardiff City,19,2002,0.0,0,0.00,0,0,0,0,0,0,0,0.00,0,0,0,0,0,0,Matchs
398,Peter Kioso,,"DF,AT",Rotherham Utd,23,1998,3.9,3,0.77,3,0,0,0,0,0,1,0.26,1,0,0,0,0,0,Matchs
399,Cédric Kipré,ci CIV,DF,Cardiff City,25,1996,41.2,38,0.92,31,1,1,4,1,0,4,0.10,4,0,0,0,0,0,Matchs
400,Timm Klose,ch SUI,DF,Bristol City,34,1988,5.4,6,1.11,6,0,0,0,0,0,0,0.00,0,0,0,0,0,0,Matchs
Clt,Joueur,Nation,Pos,Équipe,Âge,Naissance,90,AMT,AMT90,PassLive,PassDead,TO,Tirs,Ftp,Déf,AMB,AMB90,PassLive,PassDead,TO,Tirs,Ftp,Déf,Matchs
401,Anthony Knockaert,fr FRA,"AT,MT",Huddersfield,30,1991,2.6,6,2.32,5,1,0,0,0,0,1,0.39,1,0,0,0,0,0,Matchs
402,Ismaël Koné,ca CAN,MT,Watford,20,2002,11.3,32,2.84,24,1,2,2,2,1,5,0.44,4,0,0,1,0,0,Matchs
403,Josh Koroma,eng ENG,"AT,MT",Huddersfield,23,1998,13.4,42,3.14,19,3,9,8,2,1,3,0.22,2,0,1,0,0,0,Matchs
404,Tim Krul,nl NED,GB,Norwich City,34,1988,16.0,3,0.19,3,0,0,0,0,0,0,0.00,0,0,0,0,0,0,Matchs
405,Ethan Laird,eng ENG,DF,QPR,21,2001,28.1,68,2.42,45,2,4,5,11,1,4,0.14,3,0,0,1,0,0,Matchs
406,Callum Lang,eng ENG,"AT,MT",Wigan Athletic,23,1998,28.5,72,2.52,42,1,4,5,19,1,5,0.18,3,0,0,0,2,0,Matchs
407,Alex Lankshear,eng ENG,DF,Blackpool,19,2002,0.1,0,0.00,0,0,0,0,0,0,0,0.00,0,0,0,0,0,0,Matchs
408,Henri Lansbury,eng ENG,MT,Luton Town,31,1990,5.1,19,3.75,16,3,0,0,0,0,0,0.00,0,0,0,0,0,0,Matchs
409,Joël Latibeaudière,jm JAM,DF,Swansea City,22,2000,28.9,65,2.25,54,2,3,3,3,0,10,0.35,9,0,1,0,0,0,Matchs
410,Josh Laurent,eng ENG,MT,Stoke City,27,1995,29.1,70,2.40,51,1,7,5,5,1,9,0.31,6,0,2,1,0,0,Matchs
411,Shayne Lavery,nir NIR,"AT,MT",Blackpool,23,1998,14.0,18,1.28,11,1,1,1,4,0,3,0.21,2,0,1,0,0,0,Matchs
412,Ryan Ledson,eng ENG,MT,Preston,24,1997,24.3,41,1.69,30,5,1,1,3,1,5,0.21,3,1,0,1,0,0,Matchs
413,Tom Lees,eng ENG,DF,Huddersfield,31,1990,41.5,27,0.65,19,3,0,4,0,1,1,0.02,0,1,0,0,0,0,Matchs
414,Lewis Leigh,eng ENG,AT,Preston,18,2003,0.0,0,0.00,0,0,0,0,0,0,0,0.00,0,0,0,0,0,0,Matchs
415,Jonathan Leko,eng ENG,"DF,MT",Birmingham City,23,1999,1.4,4,2.95,4,0,0,0,0,0,1,0.74,1,0,0,0,0,0,Matchs
416,Darragh Lenihan,ie IRL,DF,Middlesbrough,28,1994,39.8,39,0.98,35,0,0,3,1,0,6,0.15,5,0,0,1,0,0,Matchs
417,Harry Leonard,eng ENG,"MT,AT",Blackburn,18,2003,0.5,1,1.80,1,0,0,0,0,0,0,0.00,0,0,0,0,0,0,Matchs
418,Ryan Leonard,eng ENG,"MT,DF",Millwall,30,1992,11.2,18,1.60,8,5,2,1,2,0,2,0.18,1,0,0,1,0,0,Matchs
419,Isaac Lihadji,fr FRA,"AT,MT",Sunderland,20,2002,0.9,2,2.12,2,0,0,0,0,0,0,0.00,0,0,0,0,0,0,Matchs
420,Jamie Lindsay,sct SCO,MT,Rotherham Utd,26,1995,21.4,20,0.93,18,0,0,1,0,1,2,0.09,2,0,0,0,0,0,Matchs
421,Liam Lindsay,sct SCO,DF,Preston,26,1995,35.4,14,0.40,11,1,1,1,0,0,4,0.11,3,1,0,0,0,0,Matchs
422,Jake Livermore,eng ENG,MT,West Brom,32,1989,9.0,7,0.78,7,0,0,0,0,0,2,0.22,2,0,0,0,0,0,Matchs
423,Tom Lockyer,wls WAL,DF,Luton Town,27,1994,38.3,42,1.10,33,3,0,6,0,0,4,0.10,3,0,0,1,0,0,Matchs
424,George Long,eng ENG,GB,Millwall,28,1993,36.0,17,0.47,12,5,0,0,0,0,2,0.06,1,1,0,0,0,0,Matchs
425,Kevin Long,ie IRL,DF,Birmingham City,31,1990,16.7,5,0.30,3,0,0,2,0,0,0,0.00,0,0,0,0,0,0,Matchs
Clt,Joueur,Nation,Pos,Équipe,Âge,Naissance,90,AMT,AMT90,PassLive,PassDead,TO,Tirs,Ftp,Déf,AMB,AMB90,PassLive,PassDead,TO,Tirs,Ftp,Déf,Matchs
426,Shane Long,ie IRL,AT,Reading,35,1987,15.9,25,1.57,19,0,0,1,3,2,3,0.19,2,0,0,0,1,0,Matchs
427,Emmanuel Longelo,eng ENG,"DF,AT",Birmingham City,21,2000,18.7,48,2.57,32,7,3,1,5,0,4,0.21,3,0,0,0,1,0,Matchs
428,Ryan Longman,eng ENG,"AT,MT",Hull City,21,2000,20.9,46,2.20,32,1,7,3,2,1,3,0.14,3,0,0,0,0,0,Matchs
429,Mamadou Loum,sn SEN,MT,Reading,25,1996,22.6,22,0.97,17,0,1,3,1,0,1,0.04,0,0,0,1,0,0,Matchs
430,Imran Louza,ma MAR,MT,Watford,23,1999,15.9,59,3.70,33,22,0,1,0,3,7,0.44,3,3,0,1,0,0,Matchs
431,Joseph Low,wls WAL,DF,Bristol City,20,2002,0.1,0,0.00,0,0,0,0,0,0,0,0.00,0,0,0,0,0,0,Matchs
432,Jamal Lowe,jm JAM,"AT,MT",QPR,28,1994,15.3,26,1.70,18,0,4,0,3,1,2,0.13,2,0,0,0,0,0,Matchs
433,Max Lowe,eng ENG,DF,Sheffield Utd,25,1997,22.3,34,1.52,30,1,0,1,0,2,8,0.36,6,1,0,1,0,0,Matchs
434,Nathan Lowe,eng ENG,MT,Stoke City,16,2005,0.0,0,0.00,0,0,0,0,0,0,0,0.00,0,0,0,0,0,0,Matchs
435,Matthew Lowton,eng ENG,DF,Huddersfield,33,1989,6.8,12,1.76,11,0,0,1,0,0,2,0.29,2,0,0,0,0,0,Matchs
436,Joe Lumley,eng ENG,GB,Reading,27,1995,40.3,7,0.17,4,3,0,0,0,0,2,0.05,2,0,0,0,0,0,Matchs
437,Rohan Luthra,eng ENG,GB,Cardiff City,21,2001,0.0,0,0.00,0,0,0,0,0,0,0,0.00,0,0,0,0,0,0,Matchs
438,Andy Lyons,ie IRL,"DF,AT",Blackpool,21,2000,14.5,19,1.31,10,1,1,5,1,1,3,0.21,0,0,1,2,0,0,Matchs
439,Ian Maatsen,nl NED,DF,Burnley,20,2002,36.5,93,2.55,78,5,2,2,2,4,11,0.30,10,0,0,1,0,0,Matchs
440,Gary Madine,eng ENG,AT,Blackpool,31,1990,19.6,36,1.83,26,0,2,6,2,0,4,0.20,3,0,0,1,0,0,Matchs
441,Josh Magennis,nir NIR,AT,Wigan Athletic,31,1990,14.3,26,1.82,19,0,1,3,3,0,0,0.00,0,0,0,0,0,0,Matchs
442,Seán Maguire,ie IRL,AT,Preston,28,1994,3.6,7,1.96,5,0,0,1,1,0,0,0.00,0,0,0,0,0,0,Matchs
443,Seán Maguire,ie IRL,"MT,DF",Coventry City,28,1994,1.2,3,2.45,2,0,1,0,0,0,0,0.00,0,0,0,0,0,0,Matchs
444,Connor Mahoney,eng ENG,"MT,AT",Huddersfield,25,1997,2.0,2,0.99,1,0,0,0,0,1,0,0.00,0,0,0,0,0,0,Matchs
445,Jovan Malcolm,eng ENG,AT,West Brom,19,2002,0.0,0,0.00,0,0,0,0,0,0,0,0.00,0,0,0,0,0,0,Matchs
446,Scott Malone,eng ENG,DF,Millwall,31,1991,16.1,72,4.48,25,36,4,3,3,1,11,0.68,2,8,0,0,1,0,Matchs
447,Rey Manaj,al ALB,AT,Watford,25,1997,2.1,2,0.97,2,0,0,0,0,0,0,0.00,0,0,0,0,0,0,Matchs
448,Ryan Manning,ie IRL,DF,Swansea City,26,1996,41.1,179,4.35,96,61,2,9,10,1,21,0.51,13,4,0,2,2,0,Matchs
449,Benson Manuel,be BEL,AT,Burnley,25,1997,16.6,75,4.53,59,3,5,7,1,0,8,0.48,6,0,0,2,0,0,Matchs
450,Dilan Markanday,eng ENG,AT,Blackburn,20,2001,0.4,0,0.00,0,0,0,0,0,0,0,0.00,0,0,0,0,0,0,Matchs
Clt,Joueur,Nation,Pos,Équipe,Âge,Naissance,90,AMT,AMT90,PassLive,PassDead,TO,Tirs,Ftp,Déf,AMB,AMB90,PassLive,PassDead,TO,Tirs,Ftp,Déf,Matchs
451,Marquinhos,br BRA,"AT,MT",Norwich City,19,2003,7.0,15,2.14,13,0,0,2,0,0,1,0.14,1,0,0,0,0,0,Matchs
452,Chris Martin,sct SCO,AT,Bristol City,33,1988,5.7,7,1.23,5,0,0,0,2,0,1,0.18,1,0,0,0,0,0,Matchs
453,Chris Martin,sct SCO,AT,QPR,33,1988,11.6,18,1.56,13,0,0,2,3,0,0,0.00,0,0,0,0,0,0,Matchs
454,Matheus Martins,br BRA,"MT,AT",Watford,19,2003,3.9,22,5.59,12,4,0,2,3,1,3,0.76,0,1,0,1,1,0,Matchs
455,Han-Noah Massengo,fr FRA,MT,Bristol City,21,2001,5.5,5,0.91,2,0,0,1,2,0,0,0.00,0,0,0,0,0,0,Matchs
456,Conor Masterson,ie IRL,MT,QPR,23,1998,0.0,0,0.00,0,0,0,0,0,0,0,0.00,0,0,0,0,0,0,Matchs
457,Jay Matete,eng ENG,"MT,AT",Sunderland,21,2001,1.8,4,2.18,1,0,1,0,0,2,1,0.55,0,0,0,0,0,1,Matchs
458,Noah Mawene,eng ENG,MT,Preston,17,2005,0.0,0,0.00,0,0,0,0,0,0,0,0.00,0,0,0,0,0,0,Matchs
459,Chris Maxwell,wls WAL,GB,Blackpool,32,1990,28.0,5,0.18,5,0,0,0,0,0,1,0.04,1,0,0,0,0,0,Matchs
460,Amadou Mbengue,sn SEN,DF,Reading,20,2002,18.8,19,01.01,11,5,0,1,1,1,1,0.05,0,0,0,0,0,1,Matchs
461,Luke Mbete-Tatu,eng ENG,DF,Huddersfield,18,2003,2.3,1,0.44,1,0,0,0,0,0,0,0.00,0,0,0,0,0,0,Matchs
462,James Mcatee,eng ENG,MT,Sheffield Utd,19,2002,21.1,72,3.42,48,3,12,3,5,1,10,0.47,5,0,4,0,1,0,Matchs
463,Oliver McBurnie,sct SCO,AT,Sheffield Utd,26,1996,24.7,55,2.23,31,0,8,10,5,1,5,0.20,1,0,1,3,0,0,Matchs
464,Sam McCallum,eng ENG,DF,Norwich City,21,2000,12.6,23,1.82,19,1,1,2,0,0,1,0.08,1,0,0,0,0,0,Matchs
465,Alistair McCann,nir NIR,MT,Preston,22,1999,21.1,41,1.94,34,0,1,1,4,1,2,0.09,2,0,0,0,0,0,Matchs
466,Jamie McCart,sct SCO,DF,Rotherham Utd,25,1997,2.0,4,02.02,4,0,0,0,0,0,0,0.00,0,0,0,0,0,0,Matchs
467,James McClean,ie IRL,"DF,AT",Wigan Athletic,33,1989,44.5,123,2.77,71,37,6,6,2,1,8,0.18,3,5,0,0,0,0,Matchs
468,Kyle McFadzean,sct SCO,DF,Coventry City,35,1987,32.4,19,0.59,13,2,0,1,0,3,0,0.00,0,0,0,0,0,0,Matchs
469,Riley McGree,au AUS,"AT,MT",Middlesbrough,23,1998,33.5,120,3.58,99,6,3,6,5,1,14,0.42,13,0,0,0,1,0,Matchs
470,Mark McGuinness,ie IRL,DF,Cardiff City,21,2001,19.0,7,0.37,5,0,0,2,0,0,0,0.00,0,0,0,0,0,0,Matchs
471,Tom McIntyre,sct SCO,"DF,MT",Reading,23,1998,34.6,35,01.01,25,0,1,3,3,3,2,0.06,1,0,0,1,0,0,Matchs
472,Kenny McLean,sct SCO,"MT,DF",Norwich City,30,1992,34.0,71,02.09,55,3,1,5,4,3,8,0.24,5,1,0,1,0,1,Matchs
473,Sean McLoughlin,ie IRL,DF,Hull City,25,1996,23.8,11,0.46,9,0,0,2,0,0,3,0.13,2,0,0,1,0,0,Matchs
474,Paddy McNair,nir NIR,"DF,MT",Middlesbrough,27,1995,24.9,29,1.16,24,3,0,2,0,0,1,0.04,1,0,0,0,0,0,Matchs
475,Luke McNally,ie IRL,"DF,MT",Burnley,22,1999,0.0,0,0.00,0,0,0,0,0,0,0,0.00,0,0,0,0,0,0,Matchs
Clt,Joueur,Nation,Pos,Équipe,Âge,Naissance,90,AMT,AMT90,PassLive,PassDead,TO,Tirs,Ftp,Déf,AMB,AMB90,PassLive,PassDead,TO,Tirs,Ftp,Déf,Matchs
476,Luke McNally,ie IRL,DF,Coventry City,22,1999,19.0,11,0.58,6,0,0,3,0,2,1,0.05,0,0,0,0,0,1,Matchs
477,Dan McNamara,ie IRL,DF,Millwall,23,1998,39.8,60,1.51,48,3,2,1,6,0,2,0.05,2,0,0,0,0,0,Matchs
478,Anis Mehmeti,al ALB,AT,Bristol City,21,2001,8.1,31,3.82,16,1,7,2,4,1,2,0.25,1,0,1,0,0,0,Matchs
479,Yakou Méïte,ci CIV,AT,Reading,26,1996,15.8,35,2.22,19,0,2,5,7,2,7,0.44,3,0,1,0,2,1,Matchs
480,Hannibal Mejbri,tn TUN,"MT,AT",Birmingham City,19,2003,21.6,68,3.14,42,17,1,1,6,1,8,0.37,3,5,0,0,0,0,Matchs
481,Edouard Michut,fr FRA,MT,Sunderland,19,2003,12.6,10,0.80,10,0,0,0,0,0,1,0.08,1,0,0,0,0,0,Matchs
482,Billy Mitchell,eng ENG,MT,Millwall,22,2000,33.3,71,2.13,64,1,1,2,2,1,2,0.06,2,0,0,0,0,0,Matchs
483,Clinton Mola,eng ENG,DF,Blackburn,21,2001,2.1,2,0.97,1,1,0,0,0,0,0,0.00,0,0,0,0,0,0,Matchs
484,Jayson Molumby,ie IRL,MT,West Brom,22,1999,32.3,68,2.11,46,0,4,10,5,3,9,0.28,7,0,0,2,0,0,Matchs
485,Liam Moore,jm JAM,DF,Reading,29,1993,0.7,0,0.00,0,0,0,0,0,0,0,0.00,0,0,0,0,0,0,Matchs
486,Simon Moore,eng ENG,GB,Coventry City,32,1990,3.0,1,0.33,1,0,0,0,0,0,0,0.00,0,0,0,0,0,0,Matchs
487,Carlton Morris,eng ENG,AT,Luton Town,26,1995,37.4,102,2.72,79,0,9,7,6,1,14,0.37,11,0,1,0,1,1,Matchs
488,James Morris,eng ENG,DF,Watford,20,2001,5.9,8,1.35,8,0,0,0,0,0,0,0.00,0,0,0,0,0,0,Matchs
489,Sean Morrison,eng ENG,DF,Rotherham Utd,31,1991,1.9,0,0.00,0,0,0,0,0,0,0,0.00,0,0,0,0,0,0,Matchs
490,Tyler Morton,eng ENG,MT,Blackburn,19,2002,30.9,82,2.65,56,23,1,0,1,1,9,0.29,8,0,0,0,1,0,Matchs
491,Alex Mowatt,eng ENG,MT,West Brom,27,1995,0.0,0,0.00,0,0,0,0,0,0,0,0.00,0,0,0,0,0,0,Matchs
492,Alex Mowatt,eng ENG,MT,Middlesbrough,27,1995,12.7,35,2.76,26,3,0,4,0,2,5,0.39,4,0,0,1,0,0,Matchs
493,Rodrigo Muniz,br BRA,AT,Middlesbrough,21,2001,9.9,13,1.31,5,0,1,3,4,0,1,0.10,0,0,0,1,0,0,Matchs
494,Arijanet Muric,xk KVX,GB,Burnley,23,1998,40.2,10,0.25,9,1,0,0,0,0,1,0.02,1,0,0,0,0,0,Matchs
495,Admiral Muskwe,zw ZIM,AT,Luton Town,23,1998,1.2,2,1.73,0,0,1,1,0,0,0,0.00,0,0,0,0,0,0,Matchs
496,Kal Naismith,sct SCO,"DF,MT",Bristol City,30,1992,21.9,44,02.01,22,16,1,5,0,0,6,0.27,2,3,0,1,0,0,Matchs
497,Marvelous Nakamba,zw ZIM,MT,Luton Town,28,1994,15.8,19,1.20,16,1,1,1,0,0,2,0.13,2,0,0,0,0,0,Matchs
498,Yuta Nakayama,jp JPN,DF,Huddersfield,25,1997,12.0,15,1.25,9,3,0,3,0,0,1,0.08,0,0,0,1,0,0,Matchs
499,Kyle Naughton,eng ENG,DF,Swansea City,33,1988,16.9,29,1.72,26,0,0,1,2,0,3,0.18,2,0,0,0,1,0,Matchs
500,Tom Naylor,eng ENG,MT,Wigan Athletic,31,1991,22.3,28,1.26,20,0,1,4,2,1,3,0.13,1,0,0,1,0,1,Matchs
Clt,Joueur,Nation,Pos,Équipe,Âge,Naissance,90,AMT,AMT90,PassLive,PassDead,TO,Tirs,Ftp,Déf,AMB,AMB90,PassLive,PassDead,TO,Tirs,Ftp,Déf,Matchs
501,Iliman Ndiaye,sn SEN,"AT,MT",Sheffield Utd,22,2000,41.1,142,3.45,92,0,22,9,16,3,21,0.51,10,0,7,1,2,1,Matchs
502,Daniel Neil,eng ENG,MT,Sunderland,21,2001,39.8,72,1.81,58,0,1,4,5,4,7,0.18,6,0,0,1,0,0,Matchs
503,Curtis Nelson,eng ENG,DF,Cardiff City,29,1993,5.3,5,0.94,5,0,0,0,0,0,0,0.00,0,0,0,0,0,0,Matchs
504,Curtis Nelson,eng ENG,DF,Blackpool,29,1993,17.0,15,0.88,13,0,0,2,0,0,0,0.00,0,0,0,0,0,0,Matchs
505,Perry Ng,eng ENG,DF,Cardiff City,26,1996,41.3,63,1.53,53,6,1,2,1,0,5,0.12,5,0,0,0,0,0,Matchs
506,Jeremy Ngakia,eng ENG,DF,Watford,21,2000,9.2,20,2.18,16,1,1,2,0,0,0,0.00,0,0,0,0,0,0,Matchs
507,Lee Nicholls,eng ENG,GB,Huddersfield,29,1992,28.0,4,0.14,1,3,0,0,0,0,0,0.00,0,0,0,0,0,0,Matchs
508,Niels Nkounkou,fr FRA,DF,Cardiff City,21,2000,13.6,20,1.47,18,0,2,0,0,0,4,0.29,4,0,0,0,0,0,Matchs
509,Rhys Norrington-Davies,wls WAL,DF,Sheffield Utd,23,1999,14.0,27,1.93,25,0,0,2,0,0,1,0.07,1,0,0,0,0,0,Matchs
510,Brooke Norton-Cuffy,eng ENG,"AT,DF",Rotherham Utd,18,2004,14.4,25,1.74,18,1,3,1,1,1,2,0.14,2,0,0,0,0,0,Matchs
511,Brooke Norton-Cuffy,eng ENG,"DF,AT",Coventry City,18,2004,14.6,12,0.82,9,0,2,0,1,0,1,0.07,1,0,0,0,0,0,Matchs
512,Oliver Norwood,nir NIR,MT,Sheffield Utd,31,1991,39.2,161,4.10,96,60,0,3,1,1,13,0.33,8,4,0,1,0,0,Matchs
513,Olivier Ntcham,cm CMR,"MT,AT",Swansea City,26,1996,22.9,81,3.54,67,1,3,5,2,3,8,0.35,5,0,3,0,0,0,Matchs
514,Marcelino Núñez,cl CHI,MT,Norwich City,22,2000,22.7,93,04.09,58,17,2,9,4,3,6,0.26,4,0,0,2,0,0,Matchs
515,Ryan Nyambe,na NAM,DF,Wigan Athletic,24,1997,24.5,30,1.22,24,2,1,2,1,0,5,0.20,2,2,0,1,0,0,Matchs
516,Callum O'Dowda,ie IRL,"DF,AT",Cardiff City,27,1995,34.1,70,02.05,46,3,8,6,7,0,6,0.18,3,0,1,0,2,0,Matchs
517,Callum O'Hare,eng ENG,"MT,AT",Coventry City,24,1998,7.0,36,5.11,31,0,1,2,2,0,6,0.85,5,0,0,0,1,0,Matchs
518,Max O'Leary,ie IRL,GB,Bristol City,25,1996,33.0,3,0.09,2,1,0,0,0,0,1,0.03,1,0,0,0,0,0,Matchs
519,Mikey O'Neill,eng ENG,"MT,DF",Preston,18,2004,0.2,0,0.00,0,0,0,0,0,0,0,0.00,0,0,0,0,0,0,Matchs
520,Luke O'Nien,eng ENG,DF,Sunderland,27,1994,35.4,33,0.93,29,1,0,1,0,2,3,0.08,2,1,0,0,0,0,Matchs
521,Dara O'Shea,ie IRL,DF,West Brom,23,1999,37.0,22,0.59,21,1,0,0,0,0,4,0.11,4,0,0,0,0,0,Matchs
522,Michael Obafemi,ie IRL,"AT,MT",Burnley,22,2000,2.0,4,02.02,4,0,0,0,0,0,1,0.51,1,0,0,0,0,0,Matchs
523,Michael Obafemi,ie IRL,AT,Swansea City,22,2000,12.9,20,1.56,17,0,2,0,0,1,4,0.31,3,0,1,0,0,0,Matchs
524,Hakeem Odoffin,eng ENG,MT,Rotherham Utd,24,1998,13.7,12,0.88,6,0,1,2,3,0,0,0.00,0,0,0,0,0,0,Matchs
525,Chiedozie Ogbene,ie IRL,AT,Rotherham Utd,25,1997,36.0,76,2.11,40,0,11,11,14,0,8,0.22,4,0,2,2,0,0,Matchs
Clt,Joueur,Nation,Pos,Équipe,Âge,Naissance,90,AMT,AMT90,PassLive,PassDead,TO,Tirs,Ftp,Déf,AMB,AMB90,PassLive,PassDead,TO,Tirs,Ftp,Déf,Matchs
526,Sheyi Ojo,eng ENG,"AT,MT",Cardiff City,25,1997,21.4,48,2.24,32,1,5,3,5,2,4,0.19,2,0,0,1,1,0,Matchs
527,Armstrong Okoflex,ie IRL,"DF,AT",Swansea City,20,2002,3.3,15,4.55,7,0,2,2,4,0,3,0.91,2,0,0,1,0,0,Matchs
528,Isaac Olaofe,eng ENG,AT,Millwall,22,1999,0.1,1,7.50,0,0,0,0,1,0,0,0.00,0,0,0,0,0,0,Matchs
529,Andrew Omobamidele,ie IRL,DF,Norwich City,20,2002,28.5,14,0.49,13,0,0,0,1,0,0,0.00,0,0,0,0,0,0,Matchs
530,Charles Ondo,gq EQG,AT,Huddersfield,18,2003,0.1,0,0.00,0,0,0,0,0,0,0,0.00,0,0,0,0,0,0,Matchs
531,Josh Onomah,eng ENG,MT,Preston,25,1997,4.9,17,3.47,12,0,2,2,1,0,3,0.61,3,0,0,0,0,0,Matchs
532,Fred Onyedinma,eng ENG,"DF,MT",Luton Town,25,1996,7.2,10,1.40,6,0,3,0,1,0,2,0.28,1,0,0,0,1,0,Matchs
533,Ben Osborn,eng ENG,"MT,DF",Sheffield Utd,27,1994,11.9,42,3.52,33,1,1,5,2,0,2,0.17,0,0,0,2,0,0,Matchs
534,Gabriel Osho,ng NGA,DF,Luton Town,23,1998,21.9,18,0.82,13,0,1,1,2,1,0,0.00,0,0,0,0,0,0,Matchs
535,William Osula,dk DEN,AT,Sheffield Utd,18,2003,0.6,4,6.92,2,0,0,0,1,1,0,0.00,0,0,0,0,0,0,Matchs
536,Kenneth Paal,sr SUR,DF,QPR,25,1997,39.1,57,1.46,41,14,0,0,2,0,8,0.20,6,0,0,0,2,0,Matchs
537,Alex Palmer,eng ENG,GB,West Brom,25,1996,23.0,3,0.13,3,0,0,0,0,0,1,0.04,1,0,0,0,0,0,Matchs
538,Kasey Palmer,jm JAM,"MT,AT",Coventry City,25,1996,19.1,69,3.61,46,7,10,2,4,0,8,0.42,6,0,1,0,1,0,Matchs
539,Jonathan Panzo,eng ENG,DF,Coventry City,21,2000,24.9,21,0.84,18,0,0,3,0,0,1,0.04,1,0,0,0,0,0,Matchs
540,Troy Parrott,ie IRL,AT,Preston,20,2002,21.7,57,2.62,35,0,7,6,8,1,5,0.23,2,0,0,2,1,0,Matchs
541,Jamie Paterson,eng ENG,"AT,MT",Swansea City,30,1991,10.5,40,3.81,24,6,5,1,4,0,4,0.38,4,0,0,0,0,0,Matchs
542,Charlie Patino,eng ENG,MT,Blackpool,18,2003,27.0,62,2.30,40,13,0,0,7,2,5,0.19,3,2,0,0,0,0,Matchs
543,Anthony Patterson,eng ENG,GB,Sunderland,22,2000,46.0,4,0.09,3,0,0,1,0,0,1,0.02,1,0,0,0,0,0,Matchs
544,Bailey Peacock-Farrell,nir NIR,GB,Burnley,25,1996,5.8,0,0.00,0,0,0,0,0,0,0,0.00,0,0,0,0,0,0,Matchs
545,Tom Pearce,eng ENG,"DF,MT",Wigan Athletic,24,1998,4.4,12,2.73,8,0,1,1,1,1,0,0.00,0,0,0,0,0,0,Matchs
546,Aynsley Pears,eng ENG,GB,Blackburn,24,1998,18.0,1,0.06,0,1,0,0,0,0,0,0.00,0,0,0,0,0,0,Matchs
547,Ben Pearson,eng ENG,MT,Stoke City,27,1995,13.0,17,1.31,14,0,1,1,0,1,1,0.08,1,0,0,0,0,0,Matchs
548,Matty Pearson,eng ENG,DF,Huddersfield,28,1993,15.6,6,0.39,4,1,0,0,1,0,1,0.06,1,0,0,0,0,0,Matchs
549,Dimitris Pelkas,gr GRE,"MT,AT",Hull City,28,1993,14.3,38,2.66,21,7,3,3,3,1,3,0.21,1,1,0,1,0,0,Matchs
550,Lee Peltier,eng ENG,DF,Rotherham Utd,35,1986,27.4,20,0.73,19,1,0,0,0,0,0,0.00,0,0,0,0,0,0,Matchs
Clt,Joueur,Nation,Pos,Équipe,Âge,Naissance,90,AMT,AMT90,PassLive,PassDead,TO,Tirs,Ftp,Déf,AMB,AMB90,PassLive,PassDead,TO,Tirs,Ftp,Déf,Matchs
551,Ashley Phillips,wls WAL,DF,Blackburn,17,2005,5.0,1,0.20,1,0,0,0,0,0,0,0.00,0,0,0,0,0,0,Matchs
552,Matt Phillips,sct SCO,"AT,MT",West Brom,31,1991,13.3,39,2.93,23,5,5,4,0,2,4,0.30,3,0,1,0,0,0,Matchs
553,Jaden Philogene Bidace,eng ENG,"AT,MT",Cardiff City,20,2002,24.9,85,3.42,38,0,23,4,16,4,7,0.28,3,0,2,2,0,0,Matchs
554,Harry Pickering,eng ENG,DF,Blackburn,23,1998,38.4,53,1.38,47,2,0,0,2,2,5,0.13,5,0,0,0,0,0,Matchs
555,Erik Pieters,nl NED,DF,West Brom,33,1988,32.9,27,0.82,24,2,0,1,0,0,3,0.09,3,0,0,0,0,0,Matchs
556,Joël Piroe,nl NED,"AT,MT",Swansea City,22,1999,42.1,95,2.25,63,0,11,20,1,0,8,0.19,4,0,0,4,0,0,Matchs
557,Matthew Pollock,eng ENG,"DF,AT",Watford,20,2001,1.4,0,0.00,0,0,0,0,0,0,0,0.00,0,0,0,0,0,0,Matchs
558,Ryan Porteous,sct SCO,DF,Watford,23,1999,16.7,10,0.60,8,0,0,0,1,1,3,0.18,2,0,0,0,1,0,Matchs
559,Brad Potts,eng ENG,"DF,AT",Preston,28,1994,34.9,62,1.78,50,4,2,5,1,0,3,0.09,2,0,0,1,0,0,Matchs
560,Dan Potts,eng ENG,DF,Luton Town,28,1994,22.3,14,0.63,9,2,0,2,1,0,1,0.04,0,1,0,0,0,0,Matchs
561,Nick Powell,eng ENG,"AT,MT",Stoke City,28,1994,11.7,34,2.91,28,0,0,0,5,1,0,0.00,0,0,0,0,0,0,Matchs
562,Max Power,eng ENG,MT,Wigan Athletic,29,1993,44.7,146,3.26,97,41,0,0,5,3,9,0.20,8,1,0,0,0,0,Matchs
563,Cameron Pring,eng ENG,DF,Bristol City,24,1998,29.7,39,1.31,30,0,5,4,0,0,9,0.30,6,0,2,1,0,0,Matchs
564,Alex Pritchard,eng ENG,"MT,AT",Sunderland,29,1993,27.0,119,4.40,69,35,3,7,3,2,14,0.52,11,1,0,2,0,0,Matchs
565,Teemu Pukki,fi FIN,AT,Norwich City,32,1990,32.6,101,3.10,58,0,15,19,7,2,16,0.49,8,0,3,4,0,1,Matchs
566,Przemysław Płacheta,pl POL,"DF,AT",Birmingham City,24,1998,4.9,11,2.26,7,1,2,0,1,0,0,0.00,0,0,0,0,0,0,Matchs
567,Domingos Quina,pt POR,MT,Rotherham Utd,22,1999,3.6,9,2.50,5,3,0,0,1,0,0,0.00,0,0,0,0,0,0,Matchs
568,Baba Rahman,gh GHA,"DF,AT",Reading,28,1994,13.5,11,0.82,9,0,0,0,1,1,0,0.00,0,0,0,0,0,0,Matchs
569,Joe Ralls,eng ENG,MT,Cardiff City,28,1993,27.7,96,3.46,63,20,0,8,1,4,3,0.11,1,1,0,0,0,1,Matchs
570,Aaron Ramsey,eng ENG,"MT,AT",Norwich City,19,2003,11.5,42,3.66,38,0,1,0,3,0,4,0.35,4,0,0,0,0,0,Matchs
571,Aaron Ramsey,eng ENG,"AT,MT",Middlesbrough,19,2003,7.4,28,3.77,23,0,4,1,0,0,5,0.67,4,0,0,1,0,0,Matchs
572,Joe Rankin-Costello,eng ENG,DF,Blackburn,23,1999,22.2,46,02.07,30,6,5,4,0,1,9,0.40,6,0,1,2,0,0,Matchs
573,Milot Rashica,xk KVX,AT,Norwich City,26,1996,2.5,9,3.63,8,1,0,0,0,0,1,0.40,1,0,0,0,0,0,Matchs
574,Oliver Rathbone,eng ENG,MT,Rotherham Utd,25,1996,30.3,53,1.75,45,1,5,0,2,0,6,0.20,5,0,1,0,0,0,Matchs
575,Adam Reach,eng ENG,"AT,MT",West Brom,29,1993,5.0,11,2.22,10,0,0,1,0,0,0,0.00,0,0,0,0,0,0,Matchs
Clt,Joueur,Nation,Pos,Équipe,Âge,Naissance,90,AMT,AMT90,PassLive,PassDead,TO,Tirs,Ftp,Déf,AMB,AMB90,PassLive,PassDead,TO,Tirs,Ftp,Déf,Matchs
576,Omar Rekik,tn TUN,DF,Wigan Athletic,20,2001,8.3,5,0.60,5,0,0,0,0,0,0,0.00,0,0,0,0,0,0,Matchs
577,Jordan Rhodes,sct SCO,AT,Huddersfield,32,1990,16.2,21,1.30,13,0,0,7,0,1,2,0.12,1,0,0,1,0,0,Matchs
578,Rico Richards,eng ENG,DF,West Brom,18,2003,0.1,0,0.00,0,0,0,0,0,0,0,0.00,0,0,0,0,0,0,Matchs
579,Taylor Richards,eng ENG,"MT,AT",QPR,21,2000,2.9,7,2.44,5,2,0,0,0,0,1,0.35,1,0,0,0,0,0,Matchs
580,Emil Riis Jakobsen,dk DEN,AT,Preston,24,1998,18.3,34,1.86,24,0,4,4,2,0,1,0.05,0,0,0,0,1,0,Matchs
581,Andy Rinomhota,zw ZIM,MT,Cardiff City,25,1997,26.7,59,2.21,42,1,1,1,12,2,5,0.19,3,0,0,0,1,1,Matchs
582,Connor Roberts,wls WAL,DF,Burnley,26,1995,39.2,107,2.73,87,14,1,3,2,0,15,0.38,15,0,0,0,0,0,Matchs
583,Liam Roberts,eng ENG,GB,Middlesbrough,27,1994,4.0,1,0.25,1,0,0,0,0,0,0,0.00,0,0,0,0,0,0,Matchs
584,Marc Roberts,eng ENG,DF,Birmingham City,32,1990,19.4,17,0.88,9,5,0,3,0,0,2,0.10,2,0,0,0,0,0,Matchs
585,Patrick Roberts,eng ENG,"AT,MT",Sunderland,25,1997,29.4,140,4.77,93,17,19,4,6,1,18,0.61,12,0,3,0,2,1,Matchs
586,Tyler Roberts,wls WAL,"AT,MT",QPR,23,1999,13.0,35,2.69,27,2,2,2,2,0,3,0.23,2,0,0,0,1,0,Matchs
587,Callum Robinson,ie IRL,MT,West Brom,27,1995,0.9,5,5.70,4,0,0,0,1,0,0,0.00,0,0,0,0,0,0,Matchs
588,Callum Robinson,ie IRL,"AT,MT",Cardiff City,27,1995,17.3,50,2.90,33,1,7,7,1,1,8,0.46,7,0,1,0,0,0,Matchs
589,Jack Robinson,eng ENG,DF,Sheffield Utd,28,1993,23.7,33,1.39,19,11,0,3,0,0,2,0.08,1,1,0,0,0,0,Matchs
590,Jay Rodriguez,eng ENG,AT,Burnley,33,1989,20.2,29,1.44,23,0,0,5,0,1,3,0.15,2,0,0,1,0,0,Matchs
591,Morgan Rogers,eng ENG,"AT,MT",Blackpool,20,2002,13.9,49,3.52,28,0,11,3,6,1,6,0.43,2,0,0,1,3,0,Matchs
592,Tom Rogić,au AUS,"MT,AT",West Brom,29,1992,6.6,12,1.83,12,0,0,0,0,0,3,0.46,3,0,0,0,0,0,Matchs
593,Mahlon Romeo,ag ATG,DF,Cardiff City,26,1995,28.5,53,1.86,44,3,2,2,1,1,7,0.25,6,0,0,1,0,0,Matchs
594,Michael Rose,sct SCO,DF,Coventry City,26,1995,18.9,8,0.42,7,0,0,1,0,0,2,0.11,1,0,0,1,0,0,Matchs
595,Aaron Rowe,eng ENG,"DF,MT",Huddersfield,21,2000,0.3,0,0.00,0,0,0,0,0,0,0,0.00,0,0,0,0,0,0,Matchs
596,Jon Rowe,eng ENG,AT,Norwich City,19,2003,1.1,0,0.00,0,0,0,0,0,0,0,0.00,0,0,0,0,0,0,Matchs
597,Pelly Ruddock Mpanzu,cd COD,MT,Luton Town,29,1993,23.5,46,1.96,38,0,2,2,3,1,4,0.17,3,0,0,0,1,0,Matchs
598,John Ruddy,eng ENG,GB,Birmingham City,35,1986,42.4,17,0.40,15,2,0,0,0,0,1,0.02,1,0,0,0,0,0,Matchs
599,Jack Rudoni,eng ENG,MT,Huddersfield,22,2000,41.2,119,2.89,62,29,8,9,8,3,13,0.32,9,3,0,1,0,0,Matchs
600,Josh Ruffels,eng ENG,"DF,MT",Huddersfield,28,1993,28.6,32,1.12,23,6,1,1,0,1,5,0.17,4,0,1,0,0,0,Matchs
Clt,Joueur,Nation,Pos,Équipe,Âge,Naissance,90,AMT,AMT90,PassLive,PassDead,TO,Tirs,Ftp,Déf,AMB,AMB90,PassLive,PassDead,TO,Tirs,Ftp,Déf,Matchs
601,Jonathan Russell,jm JAM,MT,Huddersfield,21,2000,5.8,7,1.20,5,0,0,2,0,0,1,0.17,1,0,0,0,0,0,Matchs
602,Sai Sachdev,eng ENG,DF,Sheffield Utd,17,2005,0.2,0,0.00,0,0,0,0,0,0,0,0.00,0,0,0,0,0,0,Matchs
603,Dion Sanderson,eng ENG,DF,Birmingham City,22,1999,30.0,27,0.90,20,1,0,4,0,2,2,0.07,1,0,0,1,0,0,Matchs
604,Thomas Sang,eng ENG,"DF,MT",Cardiff City,23,1999,4.5,6,1.34,5,0,0,1,0,0,0,0.00,0,0,0,0,0,0,Matchs
605,Josh Sargent,us USA,"AT,MT",Norwich City,22,2000,35.0,90,2.57,54,0,8,13,12,3,9,0.26,5,0,1,2,1,0,Matchs
606,Matija Šarkić,me MNE,GB,Stoke City,25,1997,7.5,1,0.13,0,1,0,0,0,0,0,0.00,0,0,0,0,0,0,Matchs
607,Ismaila Sarr,sn SEN,"AT,MT",Watford,24,1998,35.2,99,2.81,61,1,14,10,12,1,11,0.31,8,0,2,0,1,0,Matchs
608,Mouhamadou-Naby Sarr,fr FRA,DF,Reading,28,1993,22.7,10,0.44,7,0,0,3,0,0,1,0.04,0,0,0,1,0,0,Matchs
609,George Saville,nir NIR,MT,Millwall,29,1993,34.4,113,3.28,59,33,4,3,12,2,3,0.09,3,0,0,0,0,0,Matchs
610,Romaine Sawyers,kn SKN,MT,Cardiff City,30,1991,22.7,60,2.64,55,2,0,1,1,1,1,0.04,1,0,0,0,0,0,Matchs
611,Allahyar Sayyadmanesh,ir IRN,"AT,MT",Hull City,21,2001,14.3,30,02.09,24,0,3,2,1,0,3,0.21,3,0,0,0,0,0,Matchs
612,Alex Scott,eng ENG,MT,Bristol City,18,2003,37.6,87,2.32,58,12,6,1,9,1,7,0.19,6,1,0,0,0,0,Matchs
613,Anthony Scully,ie IRL,"AT,DF",Wigan Athletic,23,1999,1.1,2,1.75,1,1,0,0,0,0,0,0.00,0,0,0,0,0,0,Matchs
614,Ken Sema,se SWE,"AT,DF",Watford,28,1993,34.8,100,2.88,63,23,7,4,3,0,15,0.43,9,2,2,2,0,0,Matchs
615,Antoine Semenyo,gh GHA,"AT,MT",Bristol City,22,2000,13.9,26,1.87,16,0,4,0,6,0,3,0.22,3,0,0,0,0,0,Matchs
616,Jack Senga-Ngoyi,be BEL,MT,Reading,18,2004,0.2,0,0.00,0,0,0,0,0,0,0,0.00,0,0,0,0,0,0,Matchs
617,Jean Seri,ci CIV,MT,Hull City,31,1991,31.3,108,3.45,80,26,0,1,0,1,9,0.29,7,2,0,0,0,0,Matchs
618,Jamie Shackleton,eng ENG,"MT,DF",Millwall,22,1999,17.5,26,1.49,24,0,1,0,1,0,2,0.11,2,0,0,0,0,0,Matchs
619,Abdi Shariif,so SOM,"MT,AT",Wigan Athletic,21,2001,0.2,3,12.27,2,0,0,0,1,0,0,0.00,0,0,0,0,0,0,Matchs
620,Billy Sharp,eng ENG,AT,Sheffield Utd,36,1986,16.4,30,1.83,23,1,0,4,2,0,3,0.18,2,0,0,1,0,0,Matchs
621,James Shea,eng ENG,GB,Luton Town,31,1991,1.0,0,0.00,0,0,0,0,0,0,0,0.00,0,0,0,0,0,0,Matchs
622,Ben Sheaf,eng ENG,MT,Coventry City,24,1998,32.1,80,2.49,67,0,2,7,3,1,3,0.09,3,0,0,0,0,0,Matchs
623,Graeme Shinnie,sct SCO,MT,Wigan Athletic,30,1991,9.8,18,1.83,15,0,0,1,2,0,1,0.10,1,0,0,0,0,0,Matchs
624,Olamide Shodipo,ie IRL,"AT,MT",QPR,25,1997,3.8,10,2.65,6,2,0,0,1,1,0,0.00,0,0,0,0,0,0,Matchs
625,Francisco Sierralta,cl CHI,DF,Watford,25,1997,15.9,4,0.25,3,0,0,1,0,0,1,0.06,0,0,0,1,0,0,Matchs
Clt,Joueur,Nation,Pos,Équipe,Âge,Naissance,90,AMT,AMT90,PassLive,PassDead,TO,Tirs,Ftp,Déf,AMB,AMB90,PassLive,PassDead,TO,Tirs,Ftp,Déf,Matchs
626,Ellis Simms,eng ENG,AT,Sunderland,21,2001,12.5,25,1.99,19,0,3,2,1,0,6,0.48,2,0,3,1,0,0,Matchs
627,Xavier Simons,eng ENG,MT,Hull City,19,2003,4.8,3,0.62,3,0,0,0,0,0,0,0.00,0,0,0,0,0,0,Matchs
628,Jack Simpson,eng ENG,DF,Cardiff City,25,1996,12.8,12,0.93,8,0,1,2,1,0,1,0.08,0,0,0,0,1,0,Matchs
629,Tyreece Simpson,eng ENG,"AT,MT",Huddersfield,20,2002,1.4,6,4.22,6,0,0,0,0,0,0,0.00,0,0,0,0,0,0,Matchs
630,Danel Sinani,lu LUX,"AT,MT",Norwich City,25,1997,7.0,27,3.87,20,6,1,0,0,0,2,0.29,2,0,0,0,0,0,Matchs
631,Danel Sinani,lu LUX,"MT,AT",Wigan Athletic,25,1997,6.7,19,2.84,11,1,3,3,1,0,2,0.30,1,0,0,0,1,0,Matchs
632,Doğukan Sınık,tr TUR,"AT,MT",Hull City,23,1999,3.9,8,02.05,7,0,0,1,0,0,2,0.51,2,0,0,0,0,0,Matchs
633,Jacob Slater,eng ENG,DF,Preston,17,2004,0.0,0,0.00,0,0,0,0,0,0,0,0.00,0,0,0,0,0,0,Matchs
634,Regan Slater,eng ENG,"MT,AT",Hull City,22,1999,41.3,73,1.77,56,0,5,5,5,2,9,0.22,6,0,0,0,2,1,Matchs
635,William Smallbone,ie IRL,MT,Stoke City,22,2000,35.9,127,3.54,79,37,0,5,3,3,8,0.22,5,3,0,0,0,0,Matchs
636,Scott Smith,wls WAL,MT,Wigan Athletic,21,2001,0.2,0,0.00,0,0,0,0,0,0,0,0.00,0,0,0,0,0,0,Matchs
637,Tommy Smith,eng ENG,DF,Middlesbrough,30,1992,31.1,50,1.61,47,0,0,1,1,1,5,0.16,5,0,0,0,0,0,Matchs
638,Tyler Smith,eng ENG,AT,Hull City,23,1998,5.2,8,1.53,7,0,1,0,0,0,2,0.38,1,0,1,0,0,0,Matchs
639,Matthew Sorinola,eng ENG,"DF,MT",Swansea City,21,2001,18.7,33,1.77,29,2,1,1,0,0,5,0.27,4,0,0,1,0,0,Matchs
640,Harry Souttar,au AUS,DF,Stoke City,23,1998,7.0,2,0.29,2,0,0,0,0,0,0,0.00,0,0,0,0,0,0,Matchs
641,Tom Sparrow,wls WAL,DF,Stoke City,19,2003,1.0,1,0.98,1,0,0,0,0,0,0,0.00,0,0,0,0,0,0,Matchs
642,Tony Springett,ie IRL,DF,Norwich City,19,2002,0.2,1,4.50,1,0,0,0,0,0,0,0.00,0,0,0,0,0,0,Matchs
643,Zack Steffen,us USA,GB,Middlesbrough,27,1995,42.0,2,0.05,1,1,0,0,0,0,1,0.02,1,0,0,0,0,0,Matchs
644,Dujon Sterling,eng ENG,DF,Stoke City,22,1999,23.0,36,1.56,26,2,2,2,3,1,1,0.04,1,0,0,0,0,0,Matchs
645,Enda Stevens,ie IRL,DF,Sheffield Utd,32,1990,8.8,18,02.05,14,1,0,2,0,1,2,0.23,1,0,0,1,0,0,Matchs
646,Finley Stevens,wls WAL,"DF,MT",Swansea City,19,2003,0.8,1,1.32,1,0,0,0,0,0,0,0.00,0,0,0,0,0,0,Matchs
647,Ross Stewart,sct SCO,AT,Sunderland,26,1996,11.6,36,3.11,17,0,2,11,5,1,5,0.43,2,0,0,1,1,1,Matchs
648,Ryan Stirk,wls WAL,MT,Birmingham City,21,2000,0.3,0,0.00,0,0,0,0,0,0,0,0.00,0,0,0,0,0,0,Matchs
649,Jordan Storey,eng ENG,DF,Preston,24,1997,41.1,22,0.53,20,1,0,1,0,0,1,0.02,1,0,0,0,0,0,Matchs
650,Callum Styles,hu HUN,"MT,AT",Millwall,22,2000,13.4,39,2.91,23,6,2,5,3,0,3,0.22,1,1,0,1,0,0,Matchs
Clt,Joueur,Nation,Pos,Équipe,Âge,Naissance,90,AMT,AMT90,PassLive,PassDead,TO,Tirs,Ftp,Déf,AMB,AMB90,PassLive,PassDead,TO,Tirs,Ftp,Déf,Matchs
651,John Swift,eng ENG,"MT,AT",West Brom,27,1995,35.6,190,5.34,99,67,3,11,8,2,14,0.39,8,3,0,1,2,0,Matchs
652,Mark Sykes,ie IRL,"DF,AT",Bristol City,24,1997,27.6,60,2.18,46,2,4,3,3,2,5,0.18,4,0,1,0,0,0,Matchs
653,Chris Sze,eng ENG,AT,Wigan Athletic,18,2003,0.3,1,3.00,1,0,0,0,0,0,0,0.00,0,0,0,0,0,0,Matchs
654,Sammie Szmodics,ie IRL,"MT,AT",Blackburn,26,1995,24.1,46,1.91,41,0,1,2,1,1,7,0.29,6,0,1,0,0,0,Matchs
655,Jakob Sørensen,dk DEN,"DF,MT",Norwich City,24,1998,12.8,25,1.95,21,3,0,0,0,1,2,0.16,2,0,0,0,0,0,Matchs
656,George Tanner,eng ENG,DF,Bristol City,22,1999,22.7,18,0.79,16,1,0,0,0,1,0,0.00,0,0,0,0,0,0,Matchs
657,Fabio Tavares,eng ENG,"AT,DF",Coventry City,21,2001,1.2,4,3.27,2,0,2,0,0,0,0,0.00,0,0,0,0,0,0,Matchs
658,Charlie Taylor,eng ENG,DF,Burnley,28,1993,19.2,11,0.57,9,0,0,1,0,1,1,0.05,1,0,0,0,0,0,Matchs
659,Connor Taylor,eng ENG,DF,Stoke City,20,2001,10.8,9,0.83,8,0,0,0,1,0,1,0.09,1,0,0,0,0,0,Matchs
660,Joseph Taylor,wls WAL,AT,Luton Town,19,2002,1.3,0,0.00,0,0,0,0,0,0,0,0.00,0,0,0,0,0,0,Matchs
661,Omar Taylor-Clarke,wls WAL,"MT,AT",Bristol City,18,2003,2.2,2,0.92,0,0,0,1,1,0,0,0.00,0,0,0,0,0,0,Matchs
662,Nathan Tella,ng NGA,"AT,MT",Burnley,23,1999,27.7,80,2.89,47,0,7,9,14,3,8,0.29,5,0,1,0,2,0,Matchs
663,Benjamin Tetteh,gh GHA,"AT,MT",Hull City,25,1997,8.5,19,2.24,12,0,3,1,3,0,6,0.71,4,0,1,0,1,0,Matchs
664,Emre Tezgel,eng ENG,AT,Stoke City,16,2005,0.3,1,2.90,1,0,0,0,0,0,0,0.00,0,0,0,0,0,0,Matchs
665,George Thomas,wls WAL,"AT,DF",QPR,25,1997,0.8,1,1.18,1,0,0,0,0,0,0,0.00,0,0,0,0,0,0,Matchs
666,Sorba Thomas,wls WAL,"AT,DF",Blackburn,22,1999,10.0,32,3.20,15,14,1,2,0,0,2,0.20,1,1,0,0,0,0,Matchs
667,Sorba Thomas,wls WAL,"AT,MT",Huddersfield,22,1999,20.3,72,3.55,36,31,1,1,3,0,8,0.39,2,4,0,1,1,0,Matchs
668,Brandon Thomas-Asante,gh GHA,AT,West Brom,23,1998,21.1,50,2.37,28,0,6,10,5,1,7,0.33,3,0,0,3,1,0,Matchs
669,Dominic Thompson,eng ENG,"DF,MT",Blackpool,22,2000,22.0,26,1.18,20,5,0,1,0,0,3,0.14,3,0,0,0,0,0,Matchs
670,Jordan Thompson,nir NIR,"MT,DF",Stoke City,25,1997,20.2,53,2.63,31,17,0,1,3,1,4,0.20,2,0,0,0,1,1,Matchs
671,Jordan Thorniley,eng ENG,DF,Blackpool,25,1996,25.1,18,0.72,12,1,0,3,1,1,1,0.04,0,0,0,1,0,0,Matchs
672,Elliot Thorpe,wls WAL,"DF,MT",Luton Town,21,2000,0.8,3,3.80,3,0,0,0,0,0,0,0.00,0,0,0,0,0,0,Matchs
673,Sam Tickle,eng ENG,GB,Wigan Athletic,20,2002,1.0,0,0.00,0,0,0,0,0,0,0,0.00,0,0,0,0,0,0,Matchs
674,Christ Tiéhi,ci CIV,MT,Wigan Athletic,24,1998,14.7,32,2.17,28,0,1,1,0,2,3,0.20,3,0,0,0,0,0,Matchs
675,Curtis Tilt,jm JAM,DF,Wigan Athletic,30,1991,24.9,13,0.52,10,0,0,0,2,1,0,0.00,0,0,0,0,0,0,Matchs
Clt,Joueur,Nation,Pos,Équipe,Âge,Naissance,90,AMT,AMT90,PassLive,PassDead,TO,Tirs,Ftp,Déf,AMB,AMB90,PassLive,PassDead,TO,Tirs,Ftp,Déf,Matchs
676,Jonathan Tomkinson,us USA,DF,Norwich City,20,2002,1.0,0,0.00,0,0,0,0,0,0,0,0.00,0,0,0,0,0,0,Matchs
677,Conor Townsend,eng ENG,DF,West Brom,29,1993,43.4,99,2.28,73,8,1,8,9,0,10,0.23,2,0,1,3,4,0,Matchs
678,Adama Traoré,ml MLI,"AT,MT",Hull City,27,1995,8.8,34,3.84,27,4,0,0,3,0,4,0.45,3,1,0,0,0,0,Matchs
679,Lewis Travis,eng ENG,"MT,DF",Blackburn,24,1997,38.1,59,1.55,47,1,0,3,6,2,5,0.13,4,0,0,0,1,0,Matchs
680,William Troost-Ekong,ng NGA,DF,Watford,28,1993,12.2,4,0.33,2,0,0,2,0,0,1,0.08,0,0,0,1,0,0,Matchs
681,Auston Trusty,us USA,DF,Birmingham City,23,1998,43.7,37,0.85,30,3,0,4,0,0,1,0.02,0,0,0,1,0,0,Matchs
682,Tom Trybull,de GER,MT,Blackpool,29,1993,2.0,2,0.99,2,0,0,0,0,0,0,0.00,0,0,0,0,0,0,Matchs
683,Axel Tuanzebe,eng ENG,DF,Stoke City,24,1997,2.8,1,0.35,1,0,0,0,0,0,0,0.00,0,0,0,0,0,0,Matchs
684,Ozan Tufan,tr TUR,"MT,AT",Hull City,27,1995,26.9,52,1.93,42,5,0,2,3,0,0,0.00,0,0,0,0,0,0,Matchs
685,Oliver Turton,eng ENG,DF,Huddersfield,29,1992,13.7,11,0.80,8,2,0,0,1,0,1,0.07,1,0,0,0,0,0,Matchs
686,Scott Twine,eng ENG,MT,Burnley,23,1999,6.2,24,3.86,19,2,0,1,2,0,3,0.48,1,0,0,1,1,0,Matchs
687,Josh Tymon,eng ENG,DF,Stoke City,23,1999,18.3,46,2.51,38,2,0,5,1,0,6,0.33,5,1,0,0,0,0,Matchs
688,Christos Tzolis,gr GRE,"AT,MT",Norwich City,20,2002,3.6,10,2.74,8,0,1,1,0,0,0,0.00,0,0,0,0,0,0,Matchs
689,Tomáš Vaclík,cz CZE,GB,Huddersfield,33,1989,12.7,0,0.00,0,0,0,0,0,0,0,0.00,0,0,0,0,0,0,Matchs
690,Harvey Vale,eng ENG,AT,Hull City,18,2003,0.8,0,0.00,0,0,0,0,0,0,0,0.00,0,0,0,0,0,0,Matchs
691,Jack Vale,wls WAL,AT,Blackburn,21,2001,6.1,12,1.97,11,0,0,1,0,0,0,0.00,0,0,0,0,0,0,Matchs
692,Harry Vaughan,ie IRL,"MT,AT",Hull City,18,2004,4.5,9,2.00,9,0,0,0,0,0,1,0.22,1,0,0,0,0,0,Matchs
693,Josh Vickers,eng ENG,GB,Rotherham Utd,26,1995,2.5,1,0.40,0,1,0,0,0,0,0,0.00,0,0,0,0,0,0,Matchs
694,Matty Virtue,eng ENG,MT,Blackpool,25,1997,1.2,2,1.62,1,0,0,1,0,0,0,0.00,0,0,0,0,0,0,Matchs
695,Vitinho,br BRA,"DF,AT",Burnley,23,1999,23.3,59,2.53,44,1,4,5,5,0,5,0.21,2,0,2,1,0,0,Matchs
696,Andreas Voglsammer,de GER,AT,Millwall,30,1992,25.0,68,2.72,42,7,2,11,5,1,8,0.32,4,1,0,1,2,0,Matchs
697,Zak Vyner,eng ENG,DF,Bristol City,25,1997,44.4,30,0.68,23,1,3,3,0,0,4,0.09,2,0,0,2,0,0,Matchs
698,Martyn Waghorn,eng ENG,AT,Huddersfield,32,1990,7.0,10,1.43,6,0,0,0,3,1,2,0.29,1,0,0,0,1,0,Matchs
699,Martyn Waghorn,eng ENG,"MT,AT",Coventry City,32,1990,3.3,14,4.30,9,3,1,1,0,0,1,0.31,1,0,0,0,0,0,Matchs
700,Tyler Walker,eng ENG,AT,Coventry City,25,1996,4.6,11,2.39,7,0,0,0,4,0,2,0.43,1,0,0,0,1,0,Matchs
Clt,Joueur,Nation,Pos,Équipe,Âge,Naissance,90,AMT,AMT90,PassLive,PassDead,TO,Tirs,Ftp,Déf,AMB,AMB90,PassLive,PassDead,TO,Tirs,Ftp,Déf,Matchs
701,Jed Wallace,eng ENG,"AT,MT",West Brom,28,1994,44.0,148,3.36,107,9,10,15,3,4,12,0.27,11,0,0,1,0,0,Matchs
702,Murray Wallace,sct SCO,DF,Millwall,29,1993,35.3,61,1.73,42,7,4,4,2,2,3,0.08,1,0,1,0,1,0,Matchs
703,Liam Walsh,eng ENG,"MT,AT",Swansea City,24,1997,3.7,12,3.21,9,1,0,2,0,0,2,0.54,2,0,0,0,0,0,Matchs
704,Danny Ward,eng ENG,AT,Huddersfield,30,1991,28.2,47,1.67,30,0,4,11,2,0,7,0.25,4,0,2,1,0,0,Matchs
705,Grant Ward,eng ENG,"DF,MT",Blackpool,27,1994,1.8,1,0.56,0,0,0,1,0,0,0,0.00,0,0,0,0,0,0,Matchs
706,Conor Washington,nir NIR,AT,Rotherham Utd,30,1992,19.0,21,1.10,14,0,1,6,0,0,1,0.05,0,0,0,1,0,0,Matchs
707,Duncan Watmore,eng ENG,"AT,MT",Middlesbrough,28,1994,9.4,29,03.09,19,0,7,2,1,0,2,0.21,2,0,0,0,0,0,Matchs
708,Duncan Watmore,eng ENG,AT,Millwall,28,1994,6.8,17,2.50,10,0,1,1,5,0,2,0.29,1,0,0,0,1,0,Matchs
709,Louie Watson,ie IRL,MT,Luton Town,21,2001,2.4,6,2.45,4,1,0,0,1,0,0,0.00,0,0,0,0,0,0,Matchs
710,Tom Watson,eng ENG,AT,Sunderland,16,2006,0.0,0,0.00,0,0,0,0,0,0,0,0.00,0,0,0,0,0,0,Matchs
711,Max Watters,eng ENG,AT,Cardiff City,23,1999,5.8,9,1.56,6,0,2,1,0,0,1,0.17,1,0,0,0,0,0,Matchs
712,Andreas Weimann,at AUT,"MT,AT",Bristol City,30,1991,33.2,62,1.87,53,2,3,3,1,0,15,0.45,13,0,2,0,0,0,Matchs
713,Nahki Wells,bm BER,AT,Bristol City,32,1990,31.3,70,2.23,52,1,1,12,2,2,9,0.29,8,0,0,1,0,0,Matchs
714,Adam Wharton,eng ENG,MT,Blackburn,18,2004,11.7,38,3.24,31,3,1,0,3,0,4,0.34,4,0,0,0,0,0,Matchs
715,Scott Wharton,eng ENG,DF,Blackburn,24,1997,17.7,9,0.51,7,0,0,2,0,0,2,0.11,2,0,0,0,0,0,Matchs
716,Jack Whatmough,eng ENG,DF,Wigan Athletic,25,1996,33.8,19,0.56,17,0,0,1,0,1,1,0.03,0,0,0,1,0,0,Matchs
717,Ben Whiteman,eng ENG,MT,Preston,26,1996,33.0,61,1.85,35,19,0,4,0,3,5,0.15,1,2,0,2,0,0,Matchs
718,Morgan Whittaker,eng ENG,"AT,MT",Swansea City,21,2001,4.9,18,3.72,12,0,3,2,1,0,0,0.00,0,0,0,0,0,0,Matchs
719,Gavin Whyte,nir NIR,"AT,MT",Cardiff City,26,1996,4.0,8,2.00,5,0,0,1,2,0,1,0.25,1,0,0,0,0,0,Matchs
720,Connor Wickham,eng ENG,AT,Cardiff City,29,1993,5.3,8,1.50,6,0,1,1,0,0,1,0.19,1,0,0,0,0,0,Matchs
721,Ben Wiles,eng ENG,"MT,AT",Rotherham Utd,23,1999,23.3,33,1.41,23,1,2,6,1,0,3,0.13,2,0,0,0,1,0,Matchs
722,Mallik Wilks,eng ENG,AT,Hull City,23,1998,0.3,0,0.00,0,0,0,0,0,0,0,0.00,0,0,0,0,0,0,Matchs
723,Joe Williams,eng ENG,MT,Bristol City,25,1996,22.1,46,02.09,34,2,6,1,2,1,4,0.18,3,0,0,0,0,1,Matchs
724,Josh Williams,eng ENG,DF,Birmingham City,19,2002,5.9,7,1.18,6,0,1,0,0,0,0,0.00,0,0,0,0,0,0,Matchs
725,Randell Williams,eng ENG,"AT,DF",Hull City,25,1996,2.4,3,1.23,2,0,0,1,0,0,0,0.00,0,0,0,0,0,0,Matchs
Clt,Joueur,Nation,Pos,Équipe,Âge,Naissance,90,AMT,AMT90,PassLive,PassDead,TO,Tirs,Ftp,Déf,AMB,AMB90,PassLive,PassDead,TO,Tirs,Ftp,Déf,Matchs
726,Rhys Williams,eng ENG,DF,Blackpool,21,2001,12.8,3,0.23,2,0,0,0,1,0,0,0.00,0,0,0,0,0,0,Matchs
727,Pharrell Willis,eng ENG,AT,Middlesbrough,19,2003,0.1,0,0.00,0,0,0,0,0,0,0,0.00,0,0,0,0,0,0,Matchs
728,Chris Willock,eng ENG,"AT,MT",QPR,24,1998,18.4,74,04.02,57,1,5,7,3,1,10,0.54,6,0,1,2,0,1,Matchs
729,Ben Wilmot,eng ENG,DF,Stoke City,22,1999,37.2,64,1.72,52,2,1,7,1,1,2,0.05,2,0,0,0,0,0,Matchs
730,Ben Wilson,eng ENG,GB,Coventry City,29,1992,43.0,4,0.09,3,1,0,0,0,0,0,0.00,0,0,0,0,0,0,Matchs
731,Kane Wilson,eng ENG,DF,Bristol City,22,2000,1.0,3,03.07,3,0,0,0,0,0,0,0.00,0,0,0,0,0,0,Matchs
732,Josh Wilson-Esbrand,eng ENG,"DF,MT",Coventry City,19,2002,7.2,27,3.77,17,5,4,1,0,0,0,0.00,0,0,0,0,0,0,Matchs
733,Ryan Wintle,eng ENG,MT,Cardiff City,25,1997,44.0,104,2.37,59,33,5,5,2,0,10,0.23,5,3,1,1,0,0,Matchs
734,Harry Wood,eng ENG,"MT,AT",Hull City,19,2002,0.1,0,0.00,0,0,0,0,0,0,0,0.00,0,0,0,0,0,0,Matchs
735,Richard Wood,eng ENG,DF,Rotherham Utd,37,1985,21.9,11,0.50,9,0,0,2,0,0,2,0.09,1,0,0,1,0,0,Matchs
736,Nathan Wood-Gordon,eng ENG,DF,Swansea City,20,2002,37.8,28,0.74,25,0,1,0,2,0,3,0.08,3,0,0,0,0,0,Matchs
737,Ben Woodburn,wls WAL,"MT,AT",Preston,22,1999,14.5,46,3.17,30,1,4,4,5,2,5,0.34,3,0,1,0,1,0,Matchs
738,Freddie Woodman,eng ENG,GB,Preston,25,1997,46.0,7,0.15,2,4,0,0,1,0,0,0.00,0,0,0,0,0,0,Matchs
739,Cauley Woodrow,eng ENG,"AT,MT",Luton Town,27,1994,8.4,28,3.33,21,1,2,3,1,0,3,0.36,1,0,1,1,0,0,Matchs
740,Ryan Woods,eng ENG,MT,Hull City,28,1993,14.2,27,1.90,20,3,1,1,1,1,3,0.21,3,0,0,0,0,0,Matchs
741,Ryan Woods,eng ENG,MT,Birmingham City,28,1993,2.0,0,0.00,0,0,0,0,0,0,0,0.00,0,0,0,0,0,0,Matchs
742,Bailey Wright,au AUS,DF,Rotherham Utd,30,1992,4.5,2,0.45,2,0,0,0,0,0,1,0.22,1,0,0,0,0,0,Matchs
743,Bailey Wright,au AUS,DF,Sunderland,30,1992,7.6,1,0.13,1,0,0,0,0,0,0,0.00,0,0,0,0,0,0,Matchs
744,Callum Wright,eng ENG,MT,Blackpool,22,2000,4.8,13,2.74,9,0,1,2,0,1,0,0.00,0,0,0,0,0,0,Matchs
745,D'Margio Wright-Phillips,eng ENG,"AT,DF",Stoke City,20,2001,0.7,3,4.15,0,0,0,3,0,0,0,0.00,0,0,0,0,0,0,Matchs
746,Charlie Wyke,eng ENG,AT,Wigan Athletic,29,1992,8.6,14,1.62,12,0,0,0,2,0,2,0.23,2,0,0,0,0,0,Matchs
747,Jerry Yates,eng ENG,AT,Blackpool,25,1996,37.4,77,02.06,62,0,3,11,1,0,6,0.16,5,0,0,1,0,0,Matchs
748,Andy Yiadom,gh GHA,DF,Reading,30,1991,39.5,76,1.92,49,3,5,7,10,2,6,0.15,3,0,1,1,1,0,Matchs
749,Okay Yokuşlu,tr TUR,MT,West Brom,28,1994,31.9,55,1.72,41,0,4,5,2,3,4,0.13,3,0,0,1,0,0,Matchs
750,Anass Zaroury,ma MAR,AT,Burnley,21,2000,26.1,65,2.49,54,2,7,2,0,0,10,0.38,9,0,1,0,0,0,Matchs
Clt,Joueur,Nation,Pos,Équipe,Âge,Naissance,90,AMT,AMT90,PassLive,PassDead,TO,Tirs,Ftp,Déf,AMB,AMB90,PassLive,PassDead,TO,Tirs,Ftp,Déf,Matchs