Clt,Joueur,Nation,Pos,Équipe,Âge,Naissance,90,Buts,Tirs,TC,TC%,Tir/90,TC/90,B/Tir,B/TC,Dist,CF,PénM,PénT,xG,npxG,npxG/Sh,G-xG,np:G-xG,Matchs
1,Rodrigo Abascal,uy URU,DF,Boavista,28,1994,25.5,0,8,1,12.5,0.31,0.04,0.00,0.00,34.1,3,0,0,0.8,0.8,0.10,-0.8,-0.8,Matchs
2,Giorgi Aburjania,ge GEO,MT,Gil Vicente FC,27,1995,17.9,0,13,2,15.4,0.73,0.11,0.00,0.00,23.2,0,0,0,0.5,0.5,0.04,-0.5,-0.5,Matchs
3,Elias Achouri,tn TUN,MT,Estoril,23,1999,0.1,0,0,0,,0.00,0.00,,,,0,0,0,0.0,0.0,,0.0,0.0,Matchs
4,Antonio Adán,es ESP,GB,Sporting CP,35,1987,31.0,0,1,0,0.0,0.03,0.00,0.00,,7.3,0,0,0,0.2,0.2,0.22,-0.2,-0.2,Matchs
5,Adriano,br BRA,"MT,DF",Santa Clara,22,1999,24.5,1,9,2,22.2,0.37,0.08,0.11,0.50,22.5,0,0,0,0.8,0.8,0.09,#ERROR!,#ERROR!,Matchs
6,João Afonso Crispim,br BRA,MT,Marítimo,27,1995,16.3,0,1,0,0.0,0.06,0.00,0.00,,4.5,0,0,0,0.2,0.2,0.19,-0.2,-0.2,Matchs
7,Lucas Áfrico,br BRA,DF,Estoril,27,1995,3.9,0,1,0,0.0,0.25,0.00,0.00,,8.6,0,0,0,0.0,0.0,0.03,0.0,0.0,Matchs
8,Martin Agirregabiria,es ESP,"DF,AT",Famalicão,26,1996,4.5,0,0,0,,0.00,0.00,,,,0,0,0,0.0,0.0,,0.0,0.0,Matchs
9,Salvador Agra,pt POR,"AT,MT",Boavista,30,1991,18.3,3,17,5,29.4,0.93,0.27,0.18,0.60,21.6,1,0,0,1.4,1.4,0.08,#ERROR!,#ERROR!,Matchs
10,Mohamed Aidara,ci CIV,"DF,AT",Vizela,25,1996,2.7,0,0,0,,0.00,0.00,,,,0,0,0,0.0,0.0,,0.0,0.0,Matchs
11,Alemão,br BRA,DF,Portimonense,19,2002,4.0,0,0,0,,0.00,0.00,,,,0,0,0,0.0,0.0,,0.0,0.0,Matchs
12,Sotiris Alexandropoulos,gr GRE,MT,Sporting CP,20,2001,1.2,0,1,0,0.0,0.87,0.00,0.00,,16.5,0,0,0,0.2,0.2,0.17,-0.2,-0.2,Matchs
13,Ali Alipour,ir IRN,"AT,MT",Gil Vicente FC,26,1995,5.9,2,15,10,66.7,2.56,1.71,0.13,0.20,13.0,0,0,0,2.0,2.0,0.14,0.0,0.0,Matchs
14,Allano,br BRA,"AT,MT",Santa Clara,27,1995,12.6,1,10,3,30.0,0.80,0.24,0.00,0.00,18.7,1,1,1,1.5,0.7,0.07,-0.5,-0.7,Matchs
15,Domingos André Ribeiro Almeida,pt POR,MT,Vitória,22,2000,2.6,0,4,2,50.0,1.52,0.76,0.00,0.00,21.6,0,0,0,0.3,0.3,0.07,-0.3,-0.3,Matchs
16,Jordi Almeida,br BRA,GB,Paços,28,1993,6.0,0,0,0,,0.00,0.00,,,,0,0,0,0.0,0.0,,0.0,0.0,Matchs
17,Alejandro Alvarado Jr.,us USA,"AT,MT",Vizela,19,2003,0.8,0,3,2,66.7,3.80,2.54,0.00,0.00,9.2,0,0,0,0.8,0.8,0.27,-0.8,-0.8,Matchs
18,Pedro Álvaro,pt POR,DF,Estoril,22,2000,28.6,1,11,5,45.5,0.38,0.17,0.09,0.20,11.5,0,0,0,0.9,0.9,0.09,#ERROR!,#ERROR!,Matchs
19,Luís Alves,pt POR,DF,Paços,20,2001,4.1,0,1,0,0.0,0.25,0.00,0.00,,34.5,0,0,0,0.0,0.0,0.01,0.0,0.0,Matchs
20,Pedro Amaral,pt POR,DF,Rio Ave,24,1997,11.0,1,7,1,14.3,0.64,0.09,0.14,1.00,25.2,1,0,0,0.5,0.5,0.07,#ERROR!,#ERROR!,Matchs
21,André Amaro,pt POR,DF,Vitória,19,2002,26.2,1,13,4,30.8,0.50,0.15,0.08,0.25,11.8,0,0,0,1.9,1.9,0.15,-0.9,-0.9,Matchs
22,Anderson,br BRA,AT,Vitória,24,1997,15.0,4,56,20,35.7,3.73,1.33,0.07,0.20,16.8,1,0,0,5.1,5.1,0.09,-1.1,-1.1,Matchs
23,Anderson,br BRA,"AT,MT",Portimonense,24,1998,4.2,0,9,3,33.3,2.15,0.72,0.00,0.00,20.0,0,0,0,0.5,0.5,0.06,-0.5,-0.5,Matchs
24,Anderson,br BRA,"MT,AT",Casa Pia,23,1998,0.3,0,0,0,,0.00,0.00,,,,0,0,0,0.0,0.0,,0.0,0.0,Matchs
25,Léo Andrade,br BRA,DF,Marítimo,24,1998,11.8,1,7,2,28.6,0.59,0.17,0.14,0.50,6.3,0,0,0,1.3,1.1,0.17,-0.3,-0.1,Matchs
Clt,Joueur,Nation,Pos,Équipe,Âge,Naissance,90,Buts,Tirs,TC,TC%,Tir/90,TC/90,B/Tir,B/TC,Dist,CF,PénM,PénT,xG,npxG,npxG/Sh,G-xG,np:G-xG,Matchs
26,André André,pt POR,MT,Vitória,32,1989,15.0,1,7,2,28.6,0.47,0.13,0.14,0.50,14.8,0,0,0,0.8,0.8,0.12,#ERROR!,#ERROR!,Matchs
27,Andrew,br BRA,GB,Gil Vicente FC,21,2001,23.7,0,0,0,,0.00,0.00,,,,0,0,0,0.0,0.0,,0.0,0.0,Matchs
28,Andrezinho,pt POR,"AT,MT",Santa Clara,25,1996,6.0,1,9,3,33.3,1.50,0.50,0.11,0.33,11.4,0,0,0,2.0,2.0,0.22,-1.0,-1.0,Matchs
29,Paulo Vítor Fagundes dos Anjos,br BRA,GB,Chaves,33,1988,30.0,0,0,0,,0.00,0.00,,,,0,0,0,0.0,0.0,,0.0,0.0,Matchs
30,Carnejy Antoine,ht HAI,"AT,MT",Casa Pia,31,1991,1.4,1,4,1,25.0,2.95,0.74,0.25,1.00,15.6,0,0,0,0.5,0.5,0.13,#ERROR!,#ERROR!,Matchs
31,Antony,br BRA,"AT,MT",Arouca,20,2001,26.4,6,52,16,30.8,1.97,0.61,0.12,0.38,18.5,0,0,0,8.9,8.9,0.17,-2.9,-2.9,Matchs
32,Vitorino Antunes,pt POR,DF,Paços,35,1987,29.6,1,26,7,26.9,0.88,0.24,0.00,0.00,26.7,7,1,1,1.6,0.9,0.03,-0.6,-0.9,Matchs
33,Bilel Aouacheria,fr FRA,"AT,MT",Gil Vicente FC,28,1994,8.3,1,24,7,29.2,2.89,0.84,0.04,0.14,21.7,0,0,0,1.2,1.2,0.05,-0.2,-0.2,Matchs
34,Wilinton Aponzá,co COL,MT,Portimonense,22,2000,0.0,0,0,0,,0.00,0.00,,,,0,0,0,0.0,0.0,,0.0,0.0,Matchs
35,Mizuki Arai,jp JPN,"AT,MT",Gil Vicente FC,25,1997,3.3,0,7,2,28.6,2.13,0.61,0.00,0.00,17.0,0,0,0,0.5,0.5,0.07,-0.5,-0.5,Matchs
36,Henrique Araújo,pt POR,"MT,AT",Benfica,20,2002,0.8,0,3,1,33.3,3.80,1.27,0.00,0.00,8.9,0,0,0,0.6,0.6,0.19,-0.6,-0.6,Matchs
37,Tiago Araújo,pt POR,"DF,AT",Estoril,21,2001,9.8,1,14,5,35.7,1.43,0.51,0.07,0.20,21.9,0,0,0,0.7,0.7,0.05,#ERROR!,#ERROR!,Matchs
38,Tomás Araújo,pt POR,DF,Gil Vicente FC,20,2002,20.8,1,13,3,23.1,0.63,0.14,0.08,0.33,9.5,0,0,0,1.0,1.0,0.07,0.0,0.0,Matchs
39,Arthur,br BRA,"AT,MT",Estoril,24,1998,3.1,1,6,4,66.7,1.96,1.31,0.17,0.25,16.7,1,0,0,1.4,1.4,0.24,-0.4,-0.4,Matchs
40,Arthur,br BRA,"MT,DF",Sporting CP,24,1998,8.9,1,16,3,18.8,1.79,0.34,0.06,0.33,20.8,1,0,0,1.1,1.1,0.07,-0.1,-0.1,Matchs
41,Gustavo Assuncao,pt POR,MT,Famalicão,22,2000,10.6,1,3,2,66.7,0.28,0.19,0.33,0.50,28.6,1,0,0,0.1,0.1,0.02,#ERROR!,#ERROR!,Matchs
42,Otavio Ataide,br BRA,DF,Famalicão,20,2002,7.9,0,7,1,14.3,0.89,0.13,0.00,0.00,10.3,0,0,0,0.4,0.4,0.05,-0.4,-0.4,Matchs
43,Leo Augusto Pereira,br BRA,"MT,AT",Marítimo,22,2000,5.9,0,6,1,16.7,01.02,0.17,0.00,0.00,19.9,0,0,0,0.3,0.3,0.05,-0.3,-0.3,Matchs
44,Fredrik Aursnes,no NOR,"AT,MT",Benfica,26,1995,23.9,2,22,9,40.9,0.92,0.38,0.09,0.22,16.1,0,0,1,4.2,3.4,0.15,-2.2,-1.4,Matchs
45,Matheus Babi,br BRA,AT,Santa Clara,25,1997,15.1,5,30,10,33.3,1.99,0.66,0.07,0.20,15.7,0,3,3,5.4,3.1,0.10,-0.4,-1.1,Matchs
46,Miguel Baeza,es ESP,"MT,AT",Rio Ave,22,2000,12.0,0,14,3,21.4,1.17,0.25,0.00,0.00,24.1,1,0,0,0.8,0.8,0.06,-0.8,-0.8,Matchs
47,Alexander Bah,dk DEN,DF,Benfica,24,1997,20.9,1,9,2,22.2,0.43,0.10,0.11,0.50,22.8,0,0,0,0.4,0.4,0.05,#ERROR!,#ERROR!,Matchs
48,Jason Bahamboula,cg CGO,MT,Vitória,21,2001,0.1,0,1,0,0.0,10.00,0.00,0.00,,8.0,0,0,0,0.3,0.3,0.29,-0.3,-0.3,Matchs
49,Ibrahima Bamba,ci CIV,"DF,MT",Vitória,20,2002,25.8,0,15,0,0.0,0.58,0.00,0.00,,21.4,0,0,0,0.8,0.8,0.06,-0.8,-0.8,Matchs
50,Daniel Bandeira,pt POR,MT,Vitória,22,2000,18.3,1,16,2,12.5,0.88,0.11,0.06,0.50,20.5,0,0,0,0.9,0.9,0.06,#ERROR!,#ERROR!,Matchs
Clt,Joueur,Nation,Pos,Équipe,Âge,Naissance,90,Buts,Tirs,TC,TC%,Tir/90,TC/90,B/Tir,B/TC,Dist,CF,PénM,PénT,xG,npxG,npxG/Sh,G-xG,np:G-xG,Matchs
51,Simon Banza,cd COD,AT,Braga,25,1996,16.1,11,47,21,44.7,2.92,1.30,0.23,0.52,11.8,0,0,0,8.6,8.6,0.18,#ERROR!,#ERROR!,Matchs
52,Romário Baró,pt POR,"MT,AT",Casa Pia,22,2000,10.4,0,12,1,8.3,1.16,0.10,0.00,0.00,26.9,0,0,0,0.6,0.6,0.05,-0.6,-0.6,Matchs
53,Gabriel Batista,br BRA,GB,Santa Clara,24,1998,26.0,0,0,0,,0.00,0.00,,,,0,0,0,0.0,0.0,,0.0,0.0,Matchs
54,Ricardo Batista,pt POR,GB,Casa Pia,35,1986,31.0,0,0,0,,0.00,0.00,,,,0,0,0,0.0,0.0,,0.0,0.0,Matchs
55,Dylan Batubinsika,cd COD,DF,Famalicão,26,1996,2.0,0,1,0,0.0,0.50,0.00,0.00,,9.2,0,0,0,0.2,0.2,0.21,-0.2,-0.2,Matchs
56,Batxi,ao ANG,"AT,MT",Chaves,24,1998,3.6,1,3,2,66.7,0.83,0.55,0.33,0.50,19.0,0,0,0,0.4,0.4,0.14,#ERROR!,#ERROR!,Matchs
57,Clésio Baúque,mz MOZ,"MT,DF",Marítimo,27,1994,0.7,0,1,0,0.0,1.48,0.00,0.00,,21.3,0,0,0,0.0,0.0,0.03,0.0,0.0,Matchs
58,Héctor Bellerín,es ESP,"DF,MT",Sporting CP,27,1995,4.9,1,4,2,50.0,0.81,0.41,0.25,0.50,20.8,0,0,0,0.5,0.5,0.12,#ERROR!,#ERROR!,Matchs
59,Stefano Beltrame,it ITA,MT,Marítimo,29,1993,11.7,0,17,4,23.5,1.45,0.34,0.00,0.00,25.3,2,0,0,0.5,0.5,0.03,-0.5,-0.5,Matchs
60,Gilson Benchimol,cv CPV,AT,Estoril,20,2001,3.4,0,4,0,0.0,1.17,0.00,0.00,,15.1,0,0,0,0.2,0.2,0.06,-0.2,-0.2,Matchs
61,Beni,ao ANG,MT,Casa Pia,20,2002,10.4,0,4,0,0.0,0.38,0.00,0.00,,22.7,0,0,0,0.2,0.2,0.04,-0.2,-0.2,Matchs
62,Benny,pt POR,"AT,MT",Chaves,22,2000,13.6,0,18,5,27.8,1.33,0.37,0.00,0.00,23.4,1,0,0,0.9,0.9,0.05,-0.9,-0.9,Matchs
63,Berna,pt POR,MT,Boavista,18,2003,0.1,0,0,0,,0.00,0.00,,,,0,0,0,0.0,0.0,,0.0,0.0,Matchs
64,Paulo Bernardo,pt POR,MT,Paços,20,2002,8.4,2,14,5,35.7,1.67,0.60,0.14,0.40,19.9,0,0,0,1.4,1.4,0.10,#ERROR!,#ERROR!,Matchs
65,Celton Biai,pt POR,GB,Vitória,21,2000,5.0,0,0,0,,0.00,0.00,,,,0,0,0,0.0,0.0,,0.0,0.0,Matchs
66,Pedro Bicalho,br BRA,"MT,AT",Santa Clara,21,2001,2.1,0,3,2,66.7,1.43,0.95,0.00,0.00,21.0,0,0,0,0.2,0.2,0.07,-0.2,-0.2,Matchs
67,Emmanuel Boateng,gh GHA,"AT,MT",Rio Ave,26,1996,20.7,6,46,16,34.8,2.22,0.77,0.13,0.38,14.0,0,0,1,6.6,5.6,0.12,-0.6,#ERROR!,Matchs
68,Kennedy Boateng,tg TOG,DF,Santa Clara,25,1996,25.7,3,19,9,47.4,0.74,0.35,0.16,0.33,8.9,0,0,0,2.9,2.9,0.15,#ERROR!,#ERROR!,Matchs
69,Victor Bobsin,br BRA,MT,Santa Clara,22,2000,17.9,0,11,3,27.3,0.61,0.17,0.00,0.00,20.3,0,0,0,0.5,0.5,0.05,-0.5,-0.5,Matchs
70,Bolgado,br BRA,DF,Casa Pia,23,1998,5.4,1,2,1,50.0,0.37,0.18,0.50,1.00,16.0,0,0,0,0.3,0.3,0.17,#ERROR!,#ERROR!,Matchs
71,Kiko Bondoso,pt POR,"AT,MT",Vizela,26,1995,31.6,2,34,15,44.1,01.08,0.48,0.06,0.13,17.1,0,0,0,3.1,3.1,0.09,-1.1,-1.1,Matchs
72,Eduardo Borges,pt POR,MT,Chaves,22,2000,0.4,0,0,0,,0.00,0.00,,,,0,0,0,0.0,0.0,,0.0,0.0,Matchs
73,Gonçalo Borges,pt POR,"AT,MT",Porto,21,2001,1.3,0,6,2,33.3,4.74,1.58,0.00,0.00,19.1,0,0,0,0.3,0.3,0.04,-0.3,-0.3,Matchs
74,Cristian Borja,co COL,DF,Braga,29,1993,7.6,0,1,0,0.0,0.13,0.00,0.00,,25.1,0,0,0,0.1,0.1,0.07,-0.1,-0.1,Matchs
75,Róbert Boženík,sk SVK,AT,Boavista,22,1999,10.8,4,35,10,28.6,3.25,0.93,0.11,0.40,15.7,0,0,0,3.4,3.4,0.10,#ERROR!,#ERROR!,Matchs
Clt,Joueur,Nation,Pos,Équipe,Âge,Naissance,90,Buts,Tirs,TC,TC%,Tir/90,TC/90,B/Tir,B/TC,Dist,CF,PénM,PénT,xG,npxG,npxG/Sh,G-xG,np:G-xG,Matchs
76,Rafael Bracalli,br BRA,GB,Boavista,41,1981,28.0,0,0,0,,0.00,0.00,,,,0,0,0,0.0,0.0,,0.0,0.0,Matchs
77,Pedro Brazão,pt POR,"MT,AT",Famalicão,19,2002,3.4,0,7,0,0.0,02.07,0.00,0.00,,23.8,0,0,0,0.2,0.2,0.03,-0.2,-0.2,Matchs
78,Yan Brice Eteki,cm CMR,MT,Casa Pia,24,1997,6.6,0,4,0,0.0,0.61,0.00,0.00,,25.1,0,0,0,0.2,0.2,0.04,-0.2,-0.2,Matchs
79,Rafael Brito,pt POR,"MT,DF",Marítimo,20,2002,7.1,0,4,0,0.0,0.57,0.00,0.00,,22.9,0,0,0,0.1,0.1,0.03,-0.1,-0.1,Matchs
80,John Brooks,us USA,"MT,DF",Benfica,29,1993,0.0,0,0,0,,0.00,0.00,,,,0,0,0,0.0,0.0,,0.0,0.0,Matchs
81,Bruma,pt POR,"MT,AT",Braga,27,1994,11.3,4,30,15,50.0,2.65,1.32,0.13,0.27,16.0,0,0,0,3.5,3.5,0.12,#ERROR!,#ERROR!,Matchs
82,Bruninho,br BRA,AT,Arouca,23,1999,2.5,1,14,3,21.4,5.60,1.20,0.07,0.33,13.9,0,0,0,1.3,1.3,0.09,-0.3,-0.3,Matchs
83,Matheus Bueno,br BRA,MT,Gil Vicente FC,24,1998,6.2,0,5,1,20.0,0.80,0.16,0.00,0.00,24.7,0,0,0,0.2,0.2,0.04,-0.2,-0.2,Matchs
84,André Bukia,cd COD,"AT,MT",Arouca,27,1995,11.4,2,19,8,42.1,1.66,0.70,0.11,0.25,24.3,0,0,0,1.3,1.3,0.07,#ERROR!,#ERROR!,Matchs
85,Fabijan Buntić,hr CRO,GB,Vizela,25,1997,33.0,0,0,0,,0.00,0.00,,,,0,0,0,0.0,0.0,,0.0,0.0,Matchs
86,Oriol Busquets,es ESP,MT,Arouca,23,1999,12.9,0,2,0,0.0,0.16,0.00,0.00,,19.8,0,0,0,0.1,0.1,0.06,-0.1,-0.1,Matchs
87,Adrián Butzke,es ESP,AT,Paços,23,1999,14.8,6,54,16,29.6,3.64,01.08,0.09,0.31,13.1,0,1,1,6.4,5.6,0.10,-0.4,-0.6,Matchs
88,Jovane Cabral,cv CPV,MT,Sporting CP,24,1998,0.6,0,0,0,,0.00,0.00,,,,0,0,0,0.0,0.0,,0.0,0.0,Matchs
89,Paulo Henrique Rodrigues Cabral,pt POR,DF,Santa Clara,25,1996,15.9,0,8,1,12.5,0.50,0.06,0.00,0.00,11.7,1,0,0,0.6,0.6,0.07,-0.6,-0.6,Matchs
90,Jhonder Cádiz,ve VEN,AT,Famalicão,27,1995,14.7,4,46,20,43.5,3.12,1.36,0.09,0.20,12.9,0,0,0,5.7,5.7,0.13,-1.7,-1.7,Matchs
91,Diogo Calila,pt POR,"DF,MT",Santa Clara,23,1998,7.2,0,2,0,0.0,0.28,0.00,0.00,,14.6,0,0,0,0.1,0.1,0.05,-0.1,-0.1,Matchs
92,Ibrahima Camará,gn GUI,MT,Boavista,23,1999,11.5,0,13,4,30.8,1.13,0.35,0.00,0.00,22.3,0,0,0,0.8,0.8,0.06,-0.8,-0.8,Matchs
93,Francis Cann,gh GHA,AT,Vizela,24,1998,0.4,0,1,1,100.0,2.50,2.50,0.00,0.00,15.3,0,0,0,0.0,0.0,0.04,0.0,0.0,Matchs
94,Reggie Cannon,us USA,DF,Boavista,24,1998,25.7,0,2,0,0.0,0.08,0.00,0.00,,15.7,0,0,0,0.1,0.1,0.06,-0.1,-0.1,Matchs
95,Fábio Cardoso,pt POR,DF,Porto,28,1994,13.7,2,11,3,27.3,0.80,0.22,0.18,0.67,10.7,0,0,0,1.3,1.3,0.12,#ERROR!,#ERROR!,Matchs
96,Felippe Cardoso,br BRA,AT,Casa Pia,23,1998,5.6,4,15,5,33.3,2.66,0.89,0.20,0.60,14.6,0,1,1,3.6,2.8,0.19,#ERROR!,#ERROR!,Matchs
97,Yago Cariello,br BRA,AT,Portimonense,23,1999,15.2,3,43,15,34.9,2.82,0.98,0.07,0.20,14.6,0,0,0,5.9,5.9,0.14,-2.9,-2.9,Matchs
98,Carlinhos,br BRA,MT,Portimonense,28,1994,7.6,0,13,3,23.1,1.71,0.40,0.00,0.00,29.3,1,0,0,0.4,0.4,0.03,-0.4,-0.4,Matchs
99,João Carlos,br BRA,AT,Estoril,27,1995,7.9,2,24,10,41.7,03.04,1.27,0.08,0.20,16.2,1,0,0,3.4,3.4,0.14,-1.4,-1.4,Matchs
100,José Carlos,pt POR,DF,Gil Vicente FC,24,1998,4.4,0,2,0,0.0,0.45,0.00,0.00,,21.3,0,0,0,0.2,0.0,0.01,-0.2,0.0,Matchs
Clt,Joueur,Nation,Pos,Équipe,Âge,Naissance,90,Buts,Tirs,TC,TC%,Tir/90,TC/90,B/Tir,B/TC,Dist,CF,PénM,PénT,xG,npxG,npxG/Sh,G-xG,np:G-xG,Matchs
101,Luíz Carlos,br BRA,MT,Paços,37,1985,12.6,0,8,1,12.5,0.63,0.08,0.00,0.00,28.8,0,0,0,0.3,0.3,0.03,-0.3,-0.3,Matchs
102,José Carlos Marafona,pt POR,GB,Paços,35,1987,15.8,0,0,0,,0.00,0.00,,,,0,0,0,0.0,0.0,,0.0,0.0,Matchs
103,Zé Carlos,pt POR,"MT,DF",Vitória,20,2001,9.5,0,3,1,33.3,0.32,0.11,0.00,0.00,28.5,0,0,0,0.1,0.1,0.03,-0.1,-0.1,Matchs
104,David Carmo,ao ANG,DF,Porto,23,1999,7.1,0,4,1,25.0,0.57,0.14,0.00,0.00,7.6,0,0,0,0.9,0.9,0.23,-0.9,-0.9,Matchs
105,Marcelo Carné,br BRA,GB,Marítimo,32,1990,14.0,0,0,0,,0.00,0.00,,,,0,0,0,0.0,0.0,,0.0,0.0,Matchs
106,Carraça,pt POR,DF,Gil Vicente FC,29,1993,20.6,0,19,4,21.1,0.92,0.19,0.00,0.00,28.8,6,0,0,0.5,0.5,0.03,-0.5,-0.5,Matchs
107,Anderson Carvalho,br BRA,MT,Santa Clara,32,1990,5.5,0,7,3,42.9,1.28,0.55,0.00,0.00,21.0,0,0,0,0.3,0.3,0.04,-0.3,-0.3,Matchs
108,João Carvalho,pt POR,MT,Estoril,25,1997,25.6,1,29,7,24.1,1.13,0.27,0.03,0.14,27.9,5,0,0,1.4,1.4,0.05,-0.4,-0.4,Matchs
109,Vitor Carvalho,br BRA,MT,Gil Vicente FC,25,1997,30.0,3,33,9,27.3,1.10,0.30,0.09,0.33,20.0,0,0,0,3.2,3.2,0.10,-0.2,-0.2,Matchs
110,Cassiano,br BRA,AT,Estoril,33,1989,10.0,2,13,5,38.5,1.30,0.50,0.15,0.40,12.8,0,0,0,2.7,2.7,0.21,-0.7,-0.7,Matchs
111,Moises Castillo,co COL,DF,Marítimo,21,2001,17.5,0,12,2,16.7,0.68,0.11,0.00,0.00,16.9,0,0,0,0.7,0.7,0.05,-0.7,-0.7,Matchs
112,André Castro,pt POR,MT,Braga,34,1988,6.9,1,5,2,40.0,0.72,0.29,0.20,0.50,21.5,0,0,0,0.7,0.7,0.13,#ERROR!,#ERROR!,Matchs
113,Geny Catamo,mz MOZ,"AT,MT",Marítimo,21,2001,3.8,1,14,7,50.0,3.68,1.84,0.07,0.14,19.7,0,0,0,0.8,0.8,0.06,#ERROR!,#ERROR!,Matchs
114,César,br BRA,GB,Boavista,30,1992,5.0,0,0,0,,0.00,0.00,,,,0,0,0,0.0,0.0,,0.0,0.0,Matchs
115,Kayky Chagas,br BRA,"MT,AT",Paços,19,2003,3.0,0,5,3,60.0,1.65,0.99,0.00,0.00,15.3,0,0,0,0.5,0.5,0.09,-0.5,-0.5,Matchs
116,Youssef Chermiti,pt POR,AT,Sporting CP,18,2004,9.4,3,28,12,42.9,2.99,1.28,0.11,0.25,10.9,0,0,1,5.8,5.1,0.18,-2.8,-2.1,Matchs
117,Fábio China,pt POR,"DF,MT",Marítimo,30,1992,4.4,0,1,0,0.0,0.23,0.00,0.00,,18.2,0,0,0,0.1,0.1,0.06,-0.1,-0.1,Matchs
118,Chiquinho,pt POR,MT,Benfica,27,1995,15.2,1,13,3,23.1,0.85,0.20,0.08,0.33,15.8,0,0,0,1.2,1.2,0.09,-0.2,-0.2,Matchs
119,Clayton,br BRA,AT,Casa Pia,23,1999,13.2,4,41,16,39.0,3.12,1.22,0.10,0.25,17.0,0,0,0,5.9,5.9,0.14,-1.9,-1.9,Matchs
120,Sebastián Coates,uy URU,DF,Sporting CP,31,1990,28.4,1,17,5,29.4,0.60,0.18,0.06,0.20,9.2,0,0,0,2.4,2.4,0.14,-1.4,-1.4,Matchs
121,Dylan Collard,mu MRI,DF,Marítimo,22,2000,0.0,0,0,0,,0.00,0.00,,,,0,0,0,0.0,0.0,,0.0,0.0,Matchs
122,Santiago Colombatto,ar ARG,MT,Famalicão,25,1997,29.0,3,29,8,27.6,1.00,0.28,0.07,0.25,23.0,7,1,2,3.3,1.8,0.06,-0.3,#ERROR!,Matchs
123,Fábio Conceição,pt POR,"DF,MT",Rio Ave,21,2001,22.0,3,28,10,35.7,1.27,0.46,0.11,0.30,16.7,0,0,0,4.0,3.2,0.12,-1.0,-0.2,Matchs
124,Rodrigo Conceição,pt POR,DF,Porto,22,2000,6.1,0,1,0,0.0,0.16,0.00,0.00,,32.9,0,0,0,0.0,0.0,0.01,0.0,0.0,Matchs
125,Sérgio Conceição,pt POR,"DF,AT",Portimonense,25,1996,1.3,0,0,0,,0.00,0.00,,,,0,0,0,0.0,0.0,,0.0,0.0,Matchs
Clt,Joueur,Nation,Pos,Équipe,Âge,Naissance,90,Buts,Tirs,TC,TC%,Tir/90,TC/90,B/Tir,B/TC,Dist,CF,PénM,PénT,xG,npxG,npxG/Sh,G-xG,np:G-xG,Matchs
126,Félix Correia,pt POR,AT,Marítimo,21,2001,8.4,2,17,7,41.2,02.02,0.83,0.12,0.29,16.1,1,0,0,1.9,1.9,0.11,#ERROR!,#ERROR!,Matchs
127,João Pedro Araújo Correia,cv CPV,"DF,AT",Chaves,25,1996,19.9,0,21,3,14.3,01.06,0.15,0.00,0.00,18.9,0,0,0,1.6,1.6,0.08,-1.6,-1.6,Matchs
128,Antonio Cortés,es ESP,AT,Vitória,22,2000,0.6,0,0,0,,0.00,0.00,,,,0,0,0,0.0,0.0,,0.0,0.0,Matchs
129,Bruno Xavier Almeida Costa,pt POR,MT,Porto,25,1997,2.9,0,5,2,40.0,1.70,0.68,0.00,0.00,18.4,1,0,0,0.6,0.6,0.13,-0.6,-0.6,Matchs
130,Diogo Costa,pt POR,GB,Porto,22,1999,33.0,0,0,0,,0.00,0.00,,,,0,0,0,0.0,0.0,,0.0,0.0,Matchs
131,Edgar Costa,pt POR,"AT,MT",Marítimo,35,1987,5.3,0,11,1,9.1,02.08,0.19,0.00,0.00,23.6,2,0,0,1.0,1.0,0.09,-1.0,-1.0,Matchs
132,Gonçalo Costa,pt POR,"DF,AT",Portimonense,22,2000,2.6,0,0,0,,0.00,0.00,,,,0,0,0,0.0,0.0,,0.0,0.0,Matchs
133,Matheus Costa,br BRA,DF,Marítimo,27,1995,12.0,0,6,2,33.3,0.50,0.17,0.00,0.00,14.4,0,0,0,0.3,0.3,0.06,-0.3,-0.3,Matchs
134,Murilo Costa,br BRA,AT,Gil Vicente FC,27,1994,24.2,5,48,19,39.6,1.99,0.79,0.06,0.16,21.9,3,2,2,4.3,2.7,0.06,#ERROR!,#ERROR!,Matchs
135,Rui Costa,pt POR,MT,Santa Clara,26,1996,0.5,0,0,0,,0.00,0.00,,,,0,0,0,0.0,0.0,,0.0,0.0,Matchs
136,Tomás Costa Silva,pt POR,DF,Vizela,22,1999,13.1,1,6,3,50.0,0.46,0.23,0.17,0.33,15.3,0,0,0,0.5,0.5,0.08,#ERROR!,#ERROR!,Matchs
137,Vitor Costa,br BRA,"DF,MT",Marítimo,28,1994,26.7,2,16,5,31.3,0.60,0.19,0.13,0.40,22.6,0,0,0,1.1,1.1,0.07,#ERROR!,#ERROR!,Matchs
138,Costinha,pt POR,"DF,MT",Rio Ave,22,2000,31.1,3,26,15,57.7,0.84,0.48,0.12,0.20,17.3,0,0,0,3.5,3.5,0.13,-0.5,-0.5,Matchs
139,Costinha,pt POR,"MT,AT",Santa Clara,29,1992,7.5,0,14,3,21.4,1.86,0.40,0.00,0.00,21.8,1,0,0,0.8,0.8,0.06,-0.8,-0.8,Matchs
140,Sandro Cruz,pt POR,"DF,AT",Chaves,21,2001,5.9,0,3,2,66.7,0.51,0.34,0.00,0.00,16.4,0,0,0,0.8,0.8,0.26,-0.8,-0.8,Matchs
141,Cuca,cv CPV,MT,Casa Pia,31,1991,4.3,0,3,0,0.0,0.69,0.00,0.00,,26.2,0,0,0,0.1,0.1,0.04,-0.1,-0.1,Matchs
142,Lucas Cunha,br BRA,DF,Gil Vicente FC,25,1997,15.0,0,4,0,0.0,0.27,0.00,0.00,,22.6,0,0,0,0.1,0.1,0.03,-0.1,-0.1,Matchs
143,Oday Dabbagh,ps PLE,AT,Arouca,23,1998,10.2,7,23,14,60.9,2.26,1.38,0.30,0.50,12.8,0,0,0,5.7,5.7,0.25,#ERROR!,#ERROR!,Matchs
144,Júlio Dabo,pt POR,"DF,AT",Boavista,18,2004,0.1,0,0,0,,0.00,0.00,,,,0,0,0,0.0,0.0,,0.0,0.0,Matchs
145,Ignacio De Arruabarrena,uy URU,GB,Arouca,25,1997,30.0,0,0,0,,0.00,0.00,,,,0,0,0,0.0,0.0,,0.0,0.0,Matchs
146,Hernán De La Fuente,ar ARG,DF,Famalicão,25,1997,6.0,0,6,1,16.7,1.00,0.17,0.00,0.00,18.7,0,0,0,0.6,0.6,0.10,-0.6,-0.6,Matchs
147,Juan Delgado,cl CHI,DF,Paços,29,1993,29.9,0,14,6,42.9,0.47,0.20,0.00,0.00,15.4,0,0,0,0.7,0.7,0.05,-0.7,-0.7,Matchs
148,Shaquil Delos,fr FRA,DF,Estoril,23,1999,4.6,0,2,0,0.0,0.44,0.00,0.00,,28.3,0,0,0,0.1,0.1,0.03,-0.1,-0.1,Matchs
149,Denílson,br BRA,AT,Famalicão,27,1995,4.0,0,7,2,28.6,1.74,0.50,0.00,0.00,19.7,0,0,0,0.7,0.7,0.10,-0.7,-0.7,Matchs
150,Depú,ao ANG,"AT,MT",Gil Vicente FC,22,2000,0.9,0,3,1,33.3,3.33,1.11,0.00,0.00,13.6,0,0,0,0.2,0.2,0.07,-0.2,-0.2,Matchs
Clt,Joueur,Nation,Pos,Équipe,Âge,Naissance,90,Buts,Tirs,TC,TC%,Tir/90,TC/90,B/Tir,B/TC,Dist,CF,PénM,PénT,xG,npxG,npxG/Sh,G-xG,np:G-xG,Matchs
151,Derick,br BRA,"MT,DF",Casa Pia,28,1993,16.0,0,15,3,20.0,0.94,0.19,0.00,0.00,22.6,0,0,0,0.9,0.9,0.06,-0.9,-0.9,Matchs
152,Lamine Diaby,fr FRA,MT,Portimonense,25,1996,15.7,1,17,4,23.5,01.08,0.26,0.06,0.25,18.1,0,0,0,1.2,1.2,0.07,-0.2,-0.2,Matchs
153,Ousmane Diomande,ci CIV,DF,Sporting CP,18,2003,9.8,1,11,2,18.2,1.12,0.20,0.09,0.50,19.1,0,0,0,0.8,0.8,0.07,#ERROR!,#ERROR!,Matchs
154,Álvaro djaló,es ESP,"AT,MT",Braga,22,1999,7.1,2,27,9,33.3,3.81,1.27,0.07,0.22,19.6,0,0,0,1.8,1.8,0.07,#ERROR!,#ERROR!,Matchs
155,Matchoi Djaló,pt POR,"MT,AT",Paços,19,2003,14.5,1,37,11,29.7,2.56,0.76,0.03,0.09,24.8,7,0,0,1.5,1.5,0.04,-0.5,-0.5,Matchs
156,Mihai Dobre,ro ROU,"AT,DF",Famalicão,23,1998,10.4,2,25,9,36.0,2.40,0.86,0.08,0.22,14.6,0,0,0,3.0,3.0,0.12,-1.0,-1.0,Matchs
157,Julian Draxler,de GER,"MT,AT",Benfica,28,1993,4.5,1,11,3,27.3,2.43,0.66,0.09,0.33,17.1,0,0,0,1.5,1.5,0.14,-0.5,-0.5,Matchs
158,Carlos Eduardo,br BRA,"AT,MT",Estoril,25,1996,8.0,2,9,3,33.3,1.12,0.37,0.11,0.33,27.0,0,1,1,1.1,0.3,0.04,#ERROR!,#ERROR!,Matchs
159,Marcus Edwards,eng ENG,"AT,MT",Sporting CP,23,1998,25.0,7,52,17,32.7,02.08,0.68,0.13,0.41,15.9,1,0,0,6.5,6.5,0.13,#ERROR!,#ERROR!,Matchs
160,Erison,br BRA,AT,Estoril,23,1999,7.6,2,14,6,42.9,1.85,0.79,0.14,0.33,13.1,0,0,0,1.3,1.3,0.09,#ERROR!,#ERROR!,Matchs
161,Ricardo Esgaio,pt POR,"DF,MT",Sporting CP,29,1993,14.6,1,12,8,66.7,0.82,0.55,0.08,0.13,14.2,0,0,0,1.9,1.9,0.16,-0.9,-0.9,Matchs
162,Tiago Esgaio,pt POR,DF,Arouca,26,1995,25.4,0,11,2,18.2,0.43,0.08,0.00,0.00,15.8,0,0,0,0.8,0.8,0.07,-0.8,-0.8,Matchs
163,Dario Essugo,pt POR,MT,Sporting CP,17,2005,2.2,0,2,0,0.0,0.90,0.00,0.00,,28.8,0,0,0,0.0,0.0,0.02,0.0,0.0,Matchs
164,Gonçalo Esteves,pt POR,DF,Estoril,18,2004,2.0,0,1,1,100.0,0.51,0.51,0.00,0.00,21.4,0,0,0,0.0,0.0,0.05,0.0,0.0,Matchs
165,Paulo Estrela Moreira,pt POR,MT,Portimonense,23,1999,16.8,2,9,3,33.3,0.54,0.18,0.11,0.33,29.7,2,1,2,1.9,0.3,0.04,#ERROR!,#ERROR!,Matchs
166,Friday Etim,ng NGA,AT,Vizela,20,2002,4.9,2,21,10,47.6,4.25,02.02,0.10,0.20,13.2,0,0,0,2.7,2.7,0.13,-0.7,-0.7,Matchs
167,Euller,br BRA,"AT,MT",Chaves,27,1995,11.8,1,18,5,27.8,1.52,0.42,0.06,0.20,20.1,3,0,0,2.6,2.6,0.15,-1.6,-1.6,Matchs
168,Stephen Eustáquio,ca CAN,MT,Porto,25,1996,18.6,2,26,7,26.9,1.40,0.38,0.08,0.29,20.0,2,0,0,2.1,2.1,0.08,-0.1,-0.1,Matchs
169,Evanilson,br BRA,AT,Porto,22,1999,15.0,7,34,13,38.2,2.26,0.86,0.21,0.54,11.3,0,0,0,9.1,9.1,0.27,-2.1,-2.1,Matchs
170,Ewerton,br BRA,MT,Portimonense,29,1992,6.5,1,9,5,55.6,1.39,0.77,0.11,0.20,16.1,0,0,0,1.0,1.0,0.12,0.0,0.0,Matchs
171,Fabiano,br BRA,DF,Braga,22,2000,10.7,0,4,1,25.0,0.37,0.09,0.00,0.00,22.5,0,0,0,0.2,0.2,0.05,-0.2,-0.2,Matchs
172,Fábio,br BRA,"AT,MT",Paços,25,1997,3.0,0,8,0,0.0,2.66,0.00,0.00,,12.7,0,0,0,1.2,1.2,0.15,-1.2,-1.2,Matchs
173,Abdul Fatawu Issahaku,gh GHA,"DF,MT",Sporting CP,18,2004,1.3,0,4,1,25.0,03.05,0.76,0.00,0.00,21.6,0,0,0,0.4,0.4,0.10,-0.4,-0.4,Matchs
174,Luiz Felipe,br BRA,GB,Vizela,25,1997,1.0,0,0,0,,0.00,0.00,,,,0,0,0,0.0,0.0,,0.0,0.0,Matchs
175,Volnei Feltes,br BRA,DF,Estoril,22,2000,0.1,0,0,0,,0.00,0.00,,,,0,0,0,0.0,0.0,,0.0,0.0,Matchs
Clt,Joueur,Nation,Pos,Équipe,Âge,Naissance,90,Buts,Tirs,TC,TC%,Tir/90,TC/90,B/Tir,B/TC,Dist,CF,PénM,PénT,xG,npxG,npxG/Sh,G-xG,np:G-xG,Matchs
176,Eduardo Fereira,ve VEN,"AT,MT",Casa Pia,21,2000,0.6,0,1,0,0.0,1.67,0.00,0.00,,36.8,0,0,0,0.0,0.0,0.02,0.0,0.0,Matchs
177,Erick Ferigra,ec ECU,DF,Paços,23,1999,12.9,0,3,1,33.3,0.23,0.08,0.00,0.00,8.7,0,0,0,0.3,0.3,0.10,-0.3,-0.3,Matchs
178,Ivanildo Fernandes,cv CPV,DF,Vizela,26,1996,16.5,0,7,1,14.3,0.42,0.06,0.00,0.00,11.9,0,0,0,0.6,0.6,0.09,-0.6,-0.6,Matchs
179,Jorge Filipe Oliveira Fernandes,pt POR,DF,Vitória,25,1997,2.3,0,0,0,,0.00,0.00,,,,0,0,0,0.0,0.0,,0.0,0.0,Matchs
180,Mateus Fernandes,pt POR,MT,Sporting CP,18,2004,1.0,0,1,0,0.0,1.00,0.00,0.00,,16.7,0,0,0,0.1,0.1,0.05,-0.1,-0.1,Matchs
181,Rafael Fernandes,pt POR,"DF,AT",Arouca,20,2002,1.5,0,2,1,50.0,1.33,0.67,0.00,0.00,6.5,0,0,0,0.4,0.4,0.18,-0.4,-0.4,Matchs
182,Rúben Fernandes,pt POR,DF,Gil Vicente FC,36,1986,24.2,0,11,0,0.0,0.46,0.00,0.00,,9.5,0,0,0,1.1,1.1,0.10,-1.1,-1.1,Matchs
183,Vasco Fernandes,pt POR,DF,Casa Pia,35,1986,27.5,0,5,1,20.0,0.18,0.04,0.00,0.00,9.2,0,0,0,0.6,0.6,0.11,-0.6,-0.6,Matchs
184,Enzo Fernández,ar ARG,MT,Benfica,21,2001,15.4,1,29,3,10.3,1.89,0.20,0.03,0.33,24.6,5,0,0,2.1,2.1,0.07,-1.1,-1.1,Matchs
185,Diogo Ferreira,pt POR,MT,Vitória,20,2001,0.0,0,0,0,,0.00,0.00,,,,0,0,0,0.0,0.0,,0.0,0.0,Matchs
186,Filipe Ferreira,pt POR,"DF,MT",Boavista,31,1990,3.4,0,0,0,,0.00,0.00,,,,0,0,0,0.0,0.0,,0.0,0.0,Matchs
187,Fernando Ferreira Fonseca,pt POR,"DF,AT",Paços,25,1997,1.8,0,0,0,,0.00,0.00,,,,0,0,0,0.0,0.0,,0.0,0.0,Matchs
188,João Ferreira,pt POR,"DF,MT",Rio Ave,21,2001,1.8,0,1,0,0.0,0.57,0.00,0.00,,28.2,0,0,0,0.0,0.0,0.02,0.0,0.0,Matchs
189,Vitó Ferreira,pt POR,"MT,AT",Casa Pia,24,1997,0.8,0,1,1,100.0,1.29,1.29,0.00,0.00,28.6,0,0,0,0.0,0.0,0.03,0.0,0.0,Matchs
190,Gonçalo Filipe,pt POR,GB,Chaves,22,2000,0.0,0,0,0,,0.00,0.00,,,,0,0,0,0.0,0.0,,0.0,0.0,Matchs
191,Bernardo Folha,pt POR,"MT,AT",Porto,20,2002,0.6,0,2,0,0.0,3.10,0.00,0.00,,13.7,0,0,0,0.1,0.1,0.07,-0.1,-0.1,Matchs
192,Tiago Fonseca Morais,pt POR,AT,Boavista,18,2003,0.3,0,0,0,,0.00,0.00,,,,0,0,0,0.0,0.0,,0.0,0.0,Matchs
193,Théo Fonseca,fr FRA,"MT,AT",Famalicão,22,2000,1.2,0,0,0,,0.00,0.00,,,,0,0,0,0.0,0.0,,0.0,0.0,Matchs
194,Rui Fonte,pt POR,"AT,MT",Famalicão,32,1990,5.1,1,7,2,28.6,1.37,0.39,0.14,0.50,9.9,0,0,0,0.7,0.7,0.10,#ERROR!,#ERROR!,Matchs
195,Hernâni Fortes,pt POR,"AT,MT",Rio Ave,30,1991,7.5,2,26,6,23.1,3.48,0.80,0.08,0.33,21.2,0,0,1,2.6,1.8,0.07,-0.6,#ERROR!,Matchs
196,André Franco,pt POR,"MT,AT",Porto,24,1998,7.7,2,11,4,36.4,1.42,0.52,0.18,0.50,16.6,1,0,0,2.1,2.1,0.19,-0.1,-0.1,Matchs
197,Afonso freitas,pt POR,"DF,MT",Vitória,22,2000,21.4,1,9,4,44.4,0.42,0.19,0.11,0.25,16.5,0,0,0,0.5,0.5,0.06,#ERROR!,#ERROR!,Matchs
198,Kanya Fujimoto,jp JPN,MT,Gil Vicente FC,23,1999,29.1,0,24,4,16.7,0.82,0.14,0.00,0.00,20.0,0,0,0,1.6,1.6,0.07,-1.6,-1.6,Matchs
199,Nicolás Gaitán,ar ARG,"AT,MT",Paços,34,1988,19.9,3,36,12,33.3,1.81,0.60,0.08,0.25,19.3,2,0,0,3.3,3.3,0.09,-0.3,-0.3,Matchs
200,Galeno,br BRA,"MT,AT",Porto,24,1997,22.2,8,71,30,42.3,3.20,1.35,0.10,0.23,19.6,0,1,1,9.2,8.5,0.12,-1.2,-1.5,Matchs
Clt,Joueur,Nation,Pos,Équipe,Âge,Naissance,90,Buts,Tirs,TC,TC%,Tir/90,TC/90,B/Tir,B/TC,Dist,CF,PénM,PénT,xG,npxG,npxG/Sh,G-xG,np:G-xG,Matchs
201,Nino Galović,hr CRO,DF,Arouca,30,1992,14.5,0,2,1,50.0,0.14,0.07,0.00,0.00,9.7,0,0,0,0.2,0.2,0.09,-0.2,-0.2,Matchs
202,João Gamboa,pt POR,MT,Estoril,25,1996,11.6,0,6,1,16.7,0.52,0.09,0.00,0.00,19.8,0,0,0,0.4,0.4,0.06,-0.4,-0.4,Matchs
203,Pedro Ganchas,pt POR,DF,Paços,22,2000,3.0,0,2,0,0.0,0.67,0.00,0.00,,9.4,0,0,0,0.4,0.4,0.18,-0.4,-0.4,Matchs
204,Bruno Gaspar,ao ANG,"DF,MT",Vitória,29,1993,2.4,0,1,0,0.0,0.42,0.00,0.00,,14.0,0,0,0,0.1,0.1,0.08,-0.1,-0.1,Matchs
205,Francisco Geraldes,pt POR,MT,Estoril,27,1995,20.3,4,35,12,34.3,1.72,0.59,0.06,0.17,21.4,2,2,3,5.4,3.1,0.09,-1.4,-1.1,Matchs
206,Gilberto,br BRA,DF,Benfica,29,1993,8.9,2,6,4,66.7,0.68,0.45,0.33,0.50,14.7,0,0,0,1.1,1.1,0.19,#ERROR!,#ERROR!,Matchs
207,Paulo Godinho,br BRA,DF,Santa Clara,20,2002,5.3,0,1,0,0.0,0.19,0.00,0.00,,9.7,0,0,0,0.1,0.1,0.07,-0.1,-0.1,Matchs
208,Saviour Godwin,ng NGA,"AT,MT",Casa Pia,25,1996,26.7,4,80,22,27.5,2.99,0.82,0.04,0.14,20.1,0,1,1,7.0,6.2,0.08,-3.0,-3.2,Matchs
209,Eulânio Ângelo Chipela Gomes,gw GNB,DF,Santa Clara,28,1994,6.4,0,2,0,0.0,0.31,0.00,0.00,,25.8,0,0,0,0.1,0.1,0.04,-0.1,-0.1,Matchs
210,Henrique Gomes,pt POR,DF,Gil Vicente FC,26,1995,5.3,0,3,0,0.0,0.57,0.00,0.00,,18.0,0,0,0,0.1,0.1,0.04,-0.1,-0.1,Matchs
211,Nito Gomes,gw GNB,MT,Marítimo,20,2002,0.8,0,1,0,0.0,1.27,0.00,0.00,,34.8,0,0,0,0.0,0.0,0.02,0.0,0.0,Matchs
212,Rodrigo Gomes,pt POR,"AT,MT",Braga,19,2003,3.8,1,6,2,33.3,1.58,0.53,0.17,0.50,14.8,0,0,0,0.5,0.5,0.08,#ERROR!,#ERROR!,Matchs
213,Rui Gomes,pt POR,"MT,AT",Portimonense,24,1997,11.9,1,23,8,34.8,1.93,0.67,0.04,0.13,20.5,1,0,0,1.4,1.4,0.06,-0.4,-0.4,Matchs
214,Vítor Gomes,pt POR,MT,Rio Ave,34,1987,8.4,0,4,1,25.0,0.47,0.12,0.00,0.00,30.8,0,0,0,0.7,0.7,0.17,-0.7,-0.7,Matchs
215,Victor Gomez,es ESP,DF,Braga,22,2000,22.9,0,4,1,25.0,0.17,0.04,0.00,0.00,27.3,0,0,0,0.1,0.1,0.02,-0.1,-0.1,Matchs
216,Nuno Gonçalo Moreira,pt POR,"AT,MT",Vizela,23,1999,20.4,1,53,17,32.1,2.60,0.83,0.02,0.06,23.0,1,0,0,3.0,3.0,0.06,-2.0,-2.0,Matchs
217,Diogo Gonçalves,pt POR,AT,Benfica,25,1997,3.4,0,15,5,33.3,4.47,1.49,0.00,0.00,17.9,1,0,0,1.0,1.0,0.06,-1.0,-1.0,Matchs
218,João Gonçalves,pt POR,GB,Boavista,21,2000,1.0,0,0,0,,0.00,0.00,,,,0,0,0,0.0,0.0,,0.0,0.0,Matchs
219,Pedro Gonçalves,pt POR,"MT,AT",Sporting CP,24,1998,31.2,15,96,34,35.4,03.08,01.09,0.09,0.26,19.7,6,6,8,16.2,9.9,0.10,-1.2,-0.9,Matchs
220,Cristian González,uy URU,DF,Santa Clara,26,1996,11.7,1,10,3,30.0,0.85,0.26,0.10,0.33,12.7,0,0,0,1.3,1.3,0.13,-0.3,-0.3,Matchs
221,Walter González,py PAR,AT,Santa Clara,27,1995,4.4,0,7,2,28.6,1.58,0.45,0.00,0.00,12.6,0,0,0,0.6,0.6,0.08,-0.6,-0.6,Matchs
222,Yony González,co COL,"AT,MT",Portimonense,28,1994,10.8,0,11,3,27.3,01.02,0.28,0.00,0.00,16.6,0,0,0,0.6,0.6,0.06,-0.6,-0.6,Matchs
223,Jean Gorby,fr FRA,MT,Braga,20,2002,1.3,0,2,0,0.0,1.55,0.00,0.00,,27.2,0,0,0,0.1,0.1,0.04,-0.1,-0.1,Matchs
224,Kenji Gorré,cw CUW,"AT,MT",Boavista,27,1994,16.4,2,44,15,34.1,2.68,0.91,0.05,0.13,20.1,1,0,0,3.0,3.0,0.07,-1.0,-1.0,Matchs
225,Tiago Gouveia,pt POR,"AT,MT",Estoril,21,2001,26.5,5,44,14,31.8,1.66,0.53,0.11,0.36,17.6,0,0,0,3.1,3.1,0.07,#ERROR!,#ERROR!,Matchs
Clt,Joueur,Nation,Pos,Équipe,Âge,Naissance,90,Buts,Tirs,TC,TC%,Tir/90,TC/90,B/Tir,B/TC,Dist,CF,PénM,PénT,xG,npxG,npxG/Sh,G-xG,np:G-xG,Matchs
226,João Graça,pt POR,"MT,AT",Rio Ave,27,1995,12.8,1,13,4,30.8,01.02,0.31,0.08,0.25,22.9,0,0,0,0.9,0.9,0.07,#ERROR!,#ERROR!,Matchs
227,Álex Grimaldo,es ESP,DF,Benfica,26,1995,32.7,5,38,16,42.1,1.16,0.49,0.08,0.19,26.1,17,2,2,3.9,2.3,0.06,#ERROR!,#ERROR!,Matchs
228,Marko Grujić,rs SRB,MT,Porto,26,1996,12.5,1,17,3,17.6,1.36,0.24,0.06,0.33,17.0,0,0,0,1.2,1.2,0.07,-0.2,-0.2,Matchs
229,Alexandre Guedes,pt POR,AT,Paços,28,1994,8.8,1,19,5,26.3,2.16,0.57,0.00,0.00,13.9,0,1,1,2.5,1.8,0.09,-1.5,-1.8,Matchs
230,Gonçalo Guedes,pt POR,"AT,MT",Benfica,25,1996,4.5,1,15,5,33.3,3.30,1.10,0.07,0.20,18.2,0,0,0,0.9,0.9,0.06,#ERROR!,#ERROR!,Matchs
231,Ricardo Guimarães,mz MOZ,MT,Chaves,26,1995,21.8,0,19,4,21.1,0.87,0.18,0.00,0.00,26.6,0,0,0,0.7,0.7,0.04,-0.7,-0.7,Matchs
232,Rafik Guitane,fr FRA,"MT,AT",Estoril,23,1999,8.7,0,5,2,40.0,0.57,0.23,0.00,0.00,24.6,0,0,0,0.2,0.2,0.04,-0.2,-0.2,Matchs
233,Raphael Guzzo,pt POR,MT,Vizela,27,1995,26.2,2,25,9,36.0,0.96,0.34,0.08,0.22,19.8,3,0,0,2.9,2.9,0.12,-0.9,-0.9,Matchs
234,Emmanuel Hackman,tg TOG,DF,Gil Vicente FC,27,1995,1.5,0,1,0,0.0,0.67,0.00,0.00,,5.7,0,0,0,0.4,0.4,0.36,-0.4,-0.4,Matchs
235,Yanis Hamache,dz ALG,MT,Boavista,23,1999,2.0,0,2,1,50.0,1.00,0.50,0.00,0.00,20.0,0,0,0,0.1,0.1,0.03,-0.1,-0.1,Matchs
236,Tomás Händel,pt POR,MT,Vitória,21,2000,4.8,1,5,1,20.0,01.04,0.21,0.20,1.00,17.3,0,0,0,0.6,0.6,0.12,#ERROR!,#ERROR!,Matchs
237,Boubacar Hanne,pt POR,"AT,DF",Gil Vicente FC,23,1999,0.4,0,2,0,0.0,5.45,0.00,0.00,,21.3,0,0,0,0.1,0.1,0.03,-0.1,-0.1,Matchs
238,Héctor,es ESP,AT,Chaves,26,1995,16.4,7,40,20,50.0,2.43,1.22,0.18,0.35,13.7,0,0,0,5.9,5.9,0.15,#ERROR!,#ERROR!,Matchs
239,Jordan Holsgrove,sct SCO,MT,Paços,22,1999,19.8,2,36,10,27.8,1.82,0.51,0.06,0.20,22.7,0,0,0,1.9,1.9,0.05,#ERROR!,#ERROR!,Matchs
240,Lukáš Horníček,cz CZE,GB,Braga,20,2002,0.2,0,0,0,,0.00,0.00,,,,0,0,0,0.0,0.0,,0.0,0.0,Matchs
241,André Horta,pt POR,MT,Braga,25,1996,23.1,1,40,12,30.0,1.73,0.52,0.03,0.08,24.6,0,0,0,1.9,1.9,0.05,-0.9,-0.9,Matchs
242,Ricardo Horta,pt POR,"MT,AT",Braga,27,1994,29.0,14,91,42,46.2,3.14,1.45,0.14,0.31,20.3,5,1,3,13.0,10.7,0.12,#ERROR!,#ERROR!,Matchs
243,Abbas Ibrahim,ng NGA,"MT,DF",Paços,24,1998,3.6,0,1,0,0.0,0.27,0.00,0.00,,34.0,0,0,0,0.0,0.0,0.01,0.0,0.0,Matchs
244,Tiago Ilori,pt POR,DF,Paços,29,1993,2.3,0,1,0,0.0,0.44,0.00,0.00,,9.7,0,0,0,0.1,0.1,0.08,-0.1,-0.1,Matchs
245,Gonçalo Inácio,pt POR,DF,Sporting CP,20,2001,26.3,1,15,4,26.7,0.57,0.15,0.07,0.25,13.2,0,0,0,1.8,1.8,0.12,-0.8,-0.8,Matchs
246,Índio,br BRA,MT,Vitória,22,1999,0.8,0,1,0,0.0,1.22,0.00,0.00,,25.4,0,0,0,0.0,0.0,0.03,0.0,0.0,Matchs
247,Hernani Infande,pt POR,"MT,AT",Braga,21,2001,0.9,0,3,0,0.0,3.29,0.00,0.00,,20.1,0,0,0,0.2,0.2,0.06,-0.2,-0.2,Matchs
248,Hernani Infande,pt POR,"AT,MT",Paços,21,2001,3.9,1,4,4,100.0,01.02,01.02,0.25,0.25,11.4,0,0,0,0.9,0.9,0.23,#ERROR!,#ERROR!,Matchs
249,Bamidele Isa Yusuf,ng NGA,"AT,MT",Estoril,21,2001,0.9,1,3,1,33.3,3.46,1.15,0.33,1.00,16.6,0,0,0,0.4,0.4,0.12,#ERROR!,#ERROR!,Matchs
250,Carlos Isaac,es ESP,DF,Vizela,24,1998,3.9,0,0,0,,0.00,0.00,,,,0,0,0,0.0,0.0,,0.0,0.0,Matchs
Clt,Joueur,Nation,Pos,Équipe,Âge,Naissance,90,Buts,Tirs,TC,TC%,Tir/90,TC/90,B/Tir,B/TC,Dist,CF,PénM,PénT,xG,npxG,npxG/Sh,G-xG,np:G-xG,Matchs
251,Franco Israel,uy URU,GB,Sporting CP,22,2000,3.0,0,0,0,,0.00,0.00,,,,0,0,0,0.0,0.0,,0.0,0.0,Matchs
252,Abass Issah,gh GHA,"AT,MT",Chaves,23,1998,15.2,4,35,15,42.9,2.30,0.98,0.11,0.27,17.1,0,0,0,3.5,3.5,0.10,#ERROR!,#ERROR!,Matchs
253,Ítalo,br BRA,DF,Santa Clara,20,2002,11.9,0,3,0,0.0,0.25,0.00,0.00,,15.4,0,0,0,0.3,0.3,0.09,-0.3,-0.3,Matchs
254,Ivan Jaime Pajuelo,es ESP,"AT,MT",Famalicão,21,2000,20.8,9,71,17,23.9,3.42,0.82,0.11,0.47,19.5,3,1,1,5.8,5.0,0.07,#ERROR!,#ERROR!,Matchs
255,Nicolas Janvier,fr FRA,MT,Vitória,23,1998,7.0,1,16,2,12.5,2.28,0.29,0.06,0.50,26.6,2,0,0,0.6,0.6,0.04,#ERROR!,#ERROR!,Matchs
256,Anderson Jesus,br BRA,DF,Vizela,27,1995,29.6,3,14,8,57.1,0.47,0.27,0.21,0.38,11.9,0,0,0,3.5,3.5,0.25,-0.5,-0.5,Matchs
257,Jhonatan,br BRA,GB,Rio Ave,31,1991,32.0,0,0,0,,0.00,0.00,,,,0,0,0,0.0,0.0,,0.0,0.0,Matchs
258,Park Ji-soo,kr KOR,DF,Portimonense,28,1994,13.3,0,2,1,50.0,0.15,0.07,0.00,0.00,12.2,0,0,0,0.1,0.1,0.05,-0.1,-0.1,Matchs
259,Jo,br BRA,"AT,MT",Chaves,27,1995,3.3,1,12,6,50.0,3.59,1.79,0.08,0.17,14.5,0,0,0,1.4,1.4,0.12,-0.4,-0.4,Matchs
260,João,br BRA,GB,Casa Pia,24,1998,1.0,0,0,0,,0.00,0.00,,,,0,0,0,0.0,0.0,,0.0,0.0,Matchs
261,Joãozinho,pt POR,DF,Estoril,33,1989,28.6,1,6,2,33.3,0.21,0.07,0.17,0.50,25.2,1,0,0,0.3,0.3,0.05,#ERROR!,#ERROR!,Matchs
262,Joca,pt POR,"MT,AT",Rio Ave,26,1996,4.6,0,8,0,0.0,1.73,0.00,0.00,,23.2,0,0,0,0.3,0.3,0.04,-0.3,-0.3,Matchs
263,Henrique Jocú,pt POR,"MT,AT",Portimonense,20,2001,5.1,0,1,0,0.0,0.20,0.00,0.00,,28.4,0,0,0,0.0,0.0,0.03,0.0,0.0,Matchs
264,Diederrick Joel,cm CMR,AT,Marítimo,28,1993,10.5,1,32,10,31.3,03.05,0.95,0.03,0.10,16.2,0,0,2,4.3,2.8,0.09,-3.3,-1.8,Matchs
265,Michael Johnston,ie IRL,"AT,MT",Vitória,23,1999,15.2,1,29,9,31.0,1.91,0.59,0.03,0.11,22.1,0,0,0,1.7,1.7,0.06,-0.7,-0.7,Matchs
266,Bruno Jordão,pt POR,MT,Santa Clara,23,1998,9.4,1,13,4,30.8,1.39,0.43,0.08,0.25,19.9,0,0,0,1.6,1.6,0.12,-0.6,-0.6,Matchs
267,Igor Julião,br BRA,DF,Vizela,27,1994,17.9,1,7,1,14.3,0.39,0.06,0.14,1.00,18.7,0,0,0,0.3,0.3,0.04,#ERROR!,#ERROR!,Matchs
268,Juninho,br BRA,AT,Chaves,25,1996,20.1,4,45,20,44.4,2.24,1.00,0.09,0.20,14.9,0,0,0,5.8,5.8,0.13,-1.8,-1.8,Matchs
269,Luiz Lúcio Reis Júnior,br BRA,GB,Famalicão,21,2001,33.0,0,0,0,,0.00,0.00,,,,0,0,0,0.0,0.0,,0.0,0.0,Matchs
270,Welinton Júnior,br BRA,AT,Portimonense,29,1993,22.9,6,93,28,30.1,04.06,1.22,0.05,0.18,18.8,1,1,2,8.9,7.3,0.08,-2.9,-2.3,Matchs
271,Zainadine Júnior,mz MOZ,DF,Marítimo,34,1988,23.1,0,15,5,33.3,0.65,0.22,0.00,0.00,13.8,0,0,0,1.0,1.0,0.06,-1.0,-1.0,Matchs
272,Junior Kadile,fr FRA,"AT,MT",Famalicão,19,2002,7.4,1,17,5,29.4,2.31,0.68,0.06,0.20,19.4,0,0,0,1.5,1.3,0.08,-0.5,-0.3,Matchs
273,Stanley Kanu,ng NGA,"AT,DF",Marítimo,23,1999,0.8,0,3,0,0.0,3.80,0.00,0.00,,19.8,0,0,0,0.1,0.1,0.04,-0.1,-0.1,Matchs
274,Jorge Karse,pt POR,"MT,DF",Rio Ave,17,2005,0.2,0,1,0,0.0,5.00,0.00,0.00,,21.4,1,0,0,0.1,0.1,0.09,-0.1,-0.1,Matchs
275,Francisco Kiki,pt POR,MT,Casa Pia,24,1998,0.1,0,0,0,,0.00,0.00,,,,0,0,0,0.0,0.0,,0.0,0.0,Matchs
Clt,Joueur,Nation,Pos,Équipe,Âge,Naissance,90,Buts,Tirs,TC,TC%,Tir/90,TC/90,B/Tir,B/TC,Dist,CF,PénM,PénT,xG,npxG,npxG/Sh,G-xG,np:G-xG,Matchs
276,Gustavo Klismahn,br BRA,MT,Portimonense,22,1999,7.8,0,5,0,0.0,0.64,0.00,0.00,,23.1,1,0,0,0.4,0.4,0.09,-0.4,-0.4,Matchs
277,Philippe Koffi,ci CIV,AT,Paços,20,2002,7.4,2,13,6,46.2,1.76,0.81,0.15,0.33,15.7,0,0,0,2.0,2.0,0.15,0.0,0.0,Matchs
278,Stanislav Kritsyuk,ru RUS,GB,Gil Vicente FC,31,1990,10.3,0,0,0,,0.00,0.00,,,,0,0,0,0.0,0.0,,0.0,0.0,Matchs
279,Takahiro Kunimoto,jp JPN,"AT,MT",Casa Pia,24,1997,14.1,1,15,6,40.0,01.06,0.43,0.07,0.17,18.0,0,0,0,1.2,1.2,0.08,-0.2,-0.2,Matchs
280,Matías Lacava,ve VEN,"AT,MT",Vizela,19,2002,3.9,1,10,3,30.0,2.55,0.76,0.10,0.33,18.4,0,0,0,1.7,1.7,0.17,-0.7,-0.7,Matchs
281,Diego Lainez,mx MEX,MT,Braga,22,2000,1.7,1,8,3,37.5,4.62,1.73,0.13,0.33,18.0,1,0,0,0.7,0.7,0.08,#ERROR!,#ERROR!,Matchs
282,Chico Lamba,pt POR,DF,Sporting CP,19,2003,0.5,0,0,0,,0.00,0.00,,,,0,0,0,0.0,0.0,,0.0,0.0,Matchs
283,Rúben Lameiras,pt POR,"AT,MT",Vitória,27,1994,12.6,1,32,9,28.1,2.55,0.72,0.00,0.00,21.9,0,1,1,2.2,1.4,0.04,-1.2,-1.4,Matchs
284,Bruno Langa,mz MOZ,DF,Chaves,24,1997,27.5,0,18,2,11.1,0.66,0.07,0.00,0.00,29.6,1,0,0,0.5,0.5,0.03,-0.5,-0.5,Matchs
285,Yusuf Lawal,ng NGA,"MT,AT",Arouca,24,1998,0.9,0,0,0,,0.00,0.00,,,,0,0,0,0.0,0.0,,0.0,0.0,Matchs
286,James Lea Siliki,cm CMR,"MT,AT",Estoril,26,1996,8.9,3,16,6,37.5,1.79,0.67,0.19,0.50,22.2,1,0,0,0.9,0.9,0.06,#ERROR!,#ERROR!,Matchs
287,Daniel Leite,pt POR,GB,Estoril,24,1998,31.7,0,0,0,,0.00,0.00,,,,0,0,0,0.0,0.0,,0.0,0.0,Matchs
288,Leonardo Lelo,pt POR,"MT,DF",Casa Pia,22,2000,25.4,1,13,1,7.7,0.51,0.04,0.00,0.00,20.2,0,1,2,2.4,0.8,0.06,-1.4,-0.8,Matchs
289,Nuno Lima,pt POR,DF,Paços,21,2001,27.2,1,9,5,55.6,0.33,0.18,0.11,0.20,11.5,0,0,0,1.2,1.2,0.16,-0.2,-0.2,Matchs
290,Rúben Lima,pt POR,DF,Famalicão,32,1989,13.2,1,4,2,50.0,0.30,0.15,0.25,0.50,21.6,0,0,0,0.1,0.1,0.03,#ERROR!,#ERROR!,Matchs
291,Percy Liza,pe PER,"AT,MT",Marítimo,22,2000,4.7,1,4,1,25.0,0.86,0.21,0.25,1.00,11.2,0,0,0,0.9,0.9,0.23,#ERROR!,#ERROR!,Matchs
292,Danny Loader,eng ENG,"AT,MT",Porto,21,2000,5.0,3,15,7,46.7,2.98,1.39,0.20,0.43,15.8,0,0,0,2.2,2.2,0.15,#ERROR!,#ERROR!,Matchs
293,Julien Lomboto,,MT,Rio Ave,20,2002,0.1,0,0,0,,0.00,0.00,,,,0,0,0,0.0,0.0,,0.0,0.0,Matchs
294,Né lopes,pt POR,DF,Gil Vicente FC,22,2000,5.0,0,6,0,0.0,1.20,0.00,0.00,,7.9,0,0,0,0.6,0.6,0.11,-0.6,-0.6,Matchs
295,Bruno Lourenço,pt POR,"MT,AT",Boavista,24,1998,20.9,4,27,7,25.9,1.29,0.34,0.11,0.43,21.2,0,1,1,3.3,2.5,0.09,#ERROR!,#ERROR!,Matchs
296,Lucão,br BRA,DF,Portimonense,30,1992,5.9,0,2,1,50.0,0.34,0.17,0.00,0.00,9.7,0,0,0,0.2,0.2,0.09,-0.2,-0.2,Matchs
297,Florentino Luís,pt POR,MT,Benfica,22,1999,23.6,0,12,3,25.0,0.51,0.13,0.00,0.00,14.5,0,0,0,1.3,1.3,0.11,-1.3,-1.3,Matchs
298,José Luis Rodríguez,pa PAN,"AT,MT",Famalicão,24,1998,5.6,1,14,3,21.4,2.50,0.54,0.07,0.33,20.1,0,0,0,1.3,1.3,0.09,-0.3,-0.3,Matchs
299,Luquinha,br BRA,"MT,AT",Portimonense,21,2000,13.0,2,16,4,25.0,1.23,0.31,0.06,0.25,19.2,0,1,1,1.9,1.1,0.07,#ERROR!,-0.1,Matchs
300,Tiago Machado,pt POR,"MT,AT",Boavista,18,2004,0.1,0,0,0,,0.00,0.00,,,,0,0,0,0.0,0.0,,0.0,0.0,Matchs
Clt,Joueur,Nation,Pos,Équipe,Âge,Naissance,90,Buts,Tirs,TC,TC%,Tir/90,TC/90,B/Tir,B/TC,Dist,CF,PénM,PénT,xG,npxG,npxG/Sh,G-xG,np:G-xG,Matchs
301,Maga,pt POR,DF,Vitória,23,1999,2.2,0,0,0,,0.00,0.00,,,,,0,0,,,,,,Matchs
302,Miguel Magalhães,pt POR,"DF,MT",Vitória,19,2002,19.5,0,4,0,0.0,0.21,0.00,0.00,,14.1,0,0,0,0.6,0.6,0.16,-0.6,-0.6,Matchs
303,Magrão,br BRA,GB,Rio Ave,22,2000,2.0,0,0,0,,0.00,0.00,,,,0,0,0,0.0,0.0,,0.0,0.0,Matchs
304,Giorgi Makaridze,ge GEO,GB,Marítimo,32,1990,6.0,0,0,0,,0.00,0.00,,,,0,0,0,0.0,0.0,,0.0,0.0,Matchs
305,Gaius Makouta,cg CGO,MT,Boavista,25,1997,30.4,2,35,8,22.9,1.15,0.26,0.06,0.25,20.6,5,0,0,2.4,2.4,0.07,-0.4,-0.4,Matchs
306,Pedro Malheiro,pt POR,"DF,MT",Boavista,21,2001,31.0,0,16,3,18.8,0.52,0.10,0.00,0.00,24.6,0,0,0,0.9,0.9,0.06,-0.9,-0.9,Matchs
307,Wilson Manafá,pt POR,DF,Porto,28,1994,3.4,0,0,0,,0.00,0.00,,,,0,0,0,0.0,0.0,,0.0,0.0,Matchs
308,Ricardo Mangas,pt POR,"MT,AT",Boavista,24,1998,20.6,4,27,12,44.4,1.31,0.58,0.15,0.33,13.0,1,0,0,5.0,5.0,0.19,-1.0,-1.0,Matchs
309,Manuel Manu,pt POR,DF,Vitória,21,2001,0.8,0,1,1,100.0,1.25,1.25,0.00,0.00,31.0,0,0,0,0.0,0.0,0.03,0.0,0.0,Matchs
310,Juan Manuel Boselli,uy URU,AT,Gil Vicente FC,22,1999,13.8,1,39,15,38.5,2.82,01.08,0.03,0.07,21.0,6,0,0,3.1,3.1,0.08,-2.1,-2.1,Matchs
311,José Manuel Velázquez,ve VEN,"DF,MT",Arouca,31,1990,0.1,0,0,0,,0.00,0.00,,,,0,0,0,0.0,0.0,,0.0,0.0,Matchs
312,Zé Manuel,pt POR,AT,Rio Ave,31,1990,0.3,0,0,0,,0.00,0.00,,,,0,0,0,0.0,0.0,,0.0,0.0,Matchs
313,Maracás,br BRA,DF,Paços,28,1994,15.8,0,5,0,0.0,0.32,0.00,0.00,,8.6,0,0,0,0.3,0.3,0.05,-0.3,-0.3,Matchs
314,Iván Marcano,es ESP,DF,Porto,35,1987,24.4,4,15,4,26.7,0.62,0.16,0.27,1.00,9.2,0,0,0,2.8,2.6,0.18,#ERROR!,#ERROR!,Matchs
315,Joao Marcos,br BRA,"AT,MT",Santa Clara,22,2000,1.8,0,2,1,50.0,1.10,0.55,0.00,0.00,24.8,0,0,0,0.0,0.0,0.02,0.0,0.0,Matchs
316,Abraham Marcus,ng NGA,AT,Porto,22,2000,0.0,0,0,0,,0.00,0.00,,,,0,0,0,0.0,0.0,,0.0,0.0,Matchs
317,Adrián Marín,es ESP,DF,Gil Vicente FC,25,1997,28.6,0,7,0,0.0,0.25,0.00,0.00,,16.1,0,0,0,0.4,0.4,0.06,-0.4,-0.4,Matchs
318,João Mário,pt POR,AT,Benfica,29,1993,29.4,17,66,22,33.3,2.25,0.75,0.15,0.45,19.3,1,7,10,18.5,10.6,0.16,-1.5,-0.6,Matchs
319,João Mário Lopes,pt POR,DF,Porto,22,2000,13.2,1,11,2,18.2,0.83,0.15,0.09,0.50,18.1,0,0,0,0.7,0.7,0.07,#ERROR!,#ERROR!,Matchs
320,Marlon,br BRA,AT,Gil Vicente FC,24,1997,4.2,0,7,2,28.6,1.68,0.48,0.00,0.00,18.4,0,0,0,1.0,1.0,0.15,-1.0,-1.0,Matchs
321,Alejandro Marqués,ve VEN,AT,Estoril,21,2000,7.3,3,10,3,30.0,1.37,0.41,0.30,1.00,10.9,0,0,0,2.2,2.2,0.23,#ERROR!,#ERROR!,Matchs
322,João Marques,pt POR,MT,Estoril,20,2002,4.3,0,5,1,20.0,1.15,0.23,0.00,0.00,15.2,0,0,0,0.5,0.5,0.10,-0.5,-0.5,Matchs
323,Rúben Marques,pt POR,AT,Marítimo,19,2002,0.7,0,0,0,,0.00,0.00,,,,0,0,0,0.0,0.0,,0.0,0.0,Matchs
324,José Marsà,es ESP,DF,Sporting CP,20,2002,1.3,0,0,0,,0.00,0.00,,,,0,0,0,0.0,0.0,,0.0,0.0,Matchs
325,Toni Martínez,es ESP,AT,Porto,25,1997,12.8,5,51,23,45.1,3.99,1.80,0.10,0.22,13.2,0,0,0,7.0,7.0,0.14,-2.0,-2.0,Matchs
Clt,Joueur,Nation,Pos,Équipe,Âge,Naissance,90,Buts,Tirs,TC,TC%,Tir/90,TC/90,B/Tir,B/TC,Dist,CF,PénM,PénT,xG,npxG,npxG/Sh,G-xG,np:G-xG,Matchs
326,Rafael Martins,br BRA,AT,Casa Pia,33,1989,15.9,6,37,10,27.0,2.33,0.63,0.16,0.60,15.6,0,0,0,5.0,5.0,0.15,#ERROR!,#ERROR!,Matchs
327,Rodrigo Martins,pt POR,"AT,MT",Estoril,23,1998,15.4,3,39,12,30.8,2.53,0.78,0.08,0.25,18.0,0,0,0,3.8,3.8,0.10,-0.8,-0.8,Matchs
328,Matheus,br BRA,GB,Braga,30,1992,31.9,0,0,0,,0.00,0.00,,,,0,0,0,0.0,0.0,,0.0,0.0,Matchs
329,Ricardo Matos,pt POR,"AT,MT",Portimonense,22,2000,3.3,1,9,1,11.1,2.75,0.31,0.11,1.00,16.9,0,0,1,2.0,1.2,0.13,-1.0,-0.2,Matchs
330,Maurício,br BRA,MT,Portimonense,33,1988,11.0,3,8,3,37.5,0.73,0.27,0.38,1.00,25.5,1,0,0,0.6,0.6,0.08,#ERROR!,#ERROR!,Matchs
331,Iuri Medeiros,pt POR,"MT,AT",Braga,28,1994,22.9,10,80,32,40.0,3.50,1.40,0.10,0.25,20.8,6,2,2,7.8,6.2,0.08,#ERROR!,#ERROR!,Matchs
332,Kevin Medina,es ESP,"AT,MT",Gil Vicente FC,21,2001,8.2,0,25,6,24.0,03.06,0.73,0.00,0.00,22.4,2,0,0,1.1,1.1,0.04,-1.1,-1.1,Matchs
333,Mauro Meireles Couto,pt POR,"MT,AT",Paços,16,2005,1.4,0,1,1,100.0,0.70,0.70,0.00,0.00,9.8,0,0,0,0.2,0.2,0.20,-0.2,-0.2,Matchs
334,Diogo Mendes,,MT,Marítimo,24,1998,13.7,0,5,0,0.0,0.37,0.00,0.00,,12.7,0,0,0,0.3,0.3,0.07,-0.3,-0.3,Matchs
335,João Mendes,pt POR,MT,Chaves,27,1994,25.9,2,45,15,33.3,1.73,0.58,0.04,0.13,21.2,2,0,0,4.5,4.5,0.10,-2.5,-2.5,Matchs
336,Joe Mendes,se SWE,"DF,MT",Braga,19,2002,2.1,1,1,1,100.0,0.48,0.48,1.00,1.00,14.7,0,0,0,0.1,0.1,0.10,#ERROR!,#ERROR!,Matchs
337,Alexis Méndez,us USA,"MT,AT",Vizela,21,2000,15.8,1,28,10,35.7,1.78,0.63,0.04,0.10,23.5,4,0,0,1.5,1.5,0.06,-0.5,-0.5,Matchs
338,Bruno Messi,pt POR,"MT,AT",Santa Clara,25,1996,14.0,1,31,11,35.5,2.22,0.79,0.03,0.09,24.0,3,0,0,1.6,1.6,0.05,-0.6,-0.6,Matchs
339,Mexer,mz MOZ,DF,Estoril,33,1988,10.8,0,11,2,18.2,01.02,0.19,0.00,0.00,17.6,0,0,0,0.6,0.6,0.06,-0.6,-0.6,Matchs
340,Benji Michel,us USA,AT,Arouca,24,1997,3.1,1,4,1,25.0,1.28,0.32,0.25,1.00,10.8,0,0,0,0.4,0.4,0.11,#ERROR!,#ERROR!,Matchs
341,Enea Mihaj,al ALB,DF,Famalicão,24,1998,24.7,0,11,0,0.0,0.44,0.00,0.00,,12.4,0,0,0,1.2,1.2,0.11,-1.2,-1.2,Matchs
342,Álex Millán,es ESP,AT,Famalicão,22,1999,8.6,2,10,6,60.0,1.17,0.70,0.20,0.33,14.2,0,0,1,2.8,2.0,0.20,-0.8,0.0,Matchs
343,Bogdan Milovanov,ua UKR,DF,Arouca,24,1998,11.0,0,2,0,0.0,0.18,0.00,0.00,,18.4,0,0,0,0.1,0.1,0.04,-0.1,-0.1,Matchs
344,Kento Misao,jp JPN,MT,Santa Clara,26,1996,11.7,0,6,1,16.7,0.51,0.09,0.00,0.00,27.3,0,0,0,0.2,0.2,0.03,-0.2,-0.2,Matchs
345,Zié Mohamed Ouattara,ci CIV,"AT,MT",Portimonense,22,2000,12.9,1,8,3,37.5,0.62,0.23,0.13,0.33,14.6,0,0,0,0.7,0.7,0.09,#ERROR!,#ERROR!,Matchs
346,Jonathan Monroy,es ESP,"AT,MT",Chaves,20,2001,7.4,1,16,5,31.3,2.15,0.67,0.06,0.20,18.2,1,0,0,1.6,1.6,0.10,-0.6,-0.6,Matchs
347,Nélson Monte,pt POR,DF,Chaves,27,1995,28.7,0,6,3,50.0,0.21,0.10,0.00,0.00,14.4,0,0,0,0.7,0.7,0.12,-0.7,-0.7,Matchs
348,Miguel Monteiro,pt POR,AT,Gil Vicente FC,19,2003,0.1,0,2,1,50.0,25.71,12.86,0.00,0.00,14.9,0,0,0,0.4,0.4,0.19,-0.4,-0.4,Matchs
349,Morato,br BRA,DF,Benfica,21,2001,7.2,1,3,2,66.7,0.42,0.28,0.33,0.50,13.8,0,0,0,0.3,0.3,0.11,#ERROR!,#ERROR!,Matchs
350,Pablo Moreno,es ESP,"AT,MT",Marítimo,20,2002,9.9,0,8,2,25.0,0.81,0.20,0.00,0.00,16.6,0,0,0,0.5,0.5,0.06,-0.5,-0.5,Matchs
Clt,Joueur,Nation,Pos,Équipe,Âge,Naissance,90,Buts,Tirs,TC,TC%,Tir/90,TC/90,B/Tir,B/TC,Dist,CF,PénM,PénT,xG,npxG,npxG/Sh,G-xG,np:G-xG,Matchs
351,Hélder Morim,pt POR,"MT,AT",Chaves,21,2001,1.0,0,3,0,0.0,2.93,0.00,0.00,,27.2,0,0,0,0.1,0.1,0.03,-0.1,-0.1,Matchs
352,Hidemasa Morita,jp JPN,MT,Sporting CP,27,1995,21.8,6,28,9,32.1,1.29,0.41,0.21,0.67,13.0,0,0,0,4.8,4.8,0.17,#ERROR!,#ERROR!,Matchs
353,Mosquito,br BRA,GB,Arouca,26,1996,1.0,0,0,0,,0.00,0.00,,,,0,0,0,0.0,0.0,,0.0,0.0,Matchs
354,Fahd Moufi,ma MAR,DF,Portimonense,26,1996,29.3,1,17,3,17.6,0.58,0.10,0.06,0.33,15.0,0,0,0,1.3,1.3,0.08,-0.3,-0.3,Matchs
355,Moura,pt POR,DF,Famalicão,22,1999,23.6,2,12,3,25.0,0.51,0.13,0.17,0.67,15.9,0,0,0,1.1,1.1,0.09,#ERROR!,#ERROR!,Matchs
356,MT,br BRA,"DF,MT",Santa Clara,21,2001,12.6,0,13,3,23.1,01.03,0.24,0.00,0.00,25.2,0,0,0,0.4,0.4,0.03,-0.4,-0.4,Matchs
357,Rafa Mújica,es ESP,AT,Arouca,23,1998,18.1,8,57,28,49.1,3.14,1.54,0.14,0.29,16.8,0,0,0,8.1,8.1,0.14,-0.1,-0.1,Matchs
358,Petar Musa,hr CRO,AT,Benfica,24,1998,7.4,7,38,15,39.5,5.14,02.03,0.18,0.47,11.9,0,0,0,7.0,7.0,0.18,0.0,0.0,Matchs
359,Almoatasem Al Musrati,ly LBY,MT,Braga,26,1996,25.7,3,27,10,37.0,01.05,0.39,0.11,0.30,18.5,0,0,0,1.5,1.5,0.06,#ERROR!,#ERROR!,Matchs
360,Kosuke Nakamura,jp JPN,GB,Portimonense,27,1995,30.0,0,0,0,,0.00,0.00,,,,0,0,0,0.0,0.0,,0.0,0.0,Matchs
361,Rodrigo Nascimento,br BRA,GB,Chaves,26,1996,4.0,0,0,0,,0.00,0.00,,,,0,0,0,0.0,0.0,,0.0,0.0,Matchs
362,Léo Natel,br BRA,AT,Casa Pia,25,1997,0.6,0,3,0,0.0,4.74,0.00,0.00,,14.7,0,0,0,0.3,0.3,0.08,-0.3,-0.3,Matchs
363,Fran Navarro,es ESP,AT,Gil Vicente FC,24,1998,33.7,17,89,43,48.3,2.64,1.28,0.16,0.33,12.8,0,3,6,20.8,16.1,0.18,-3.8,-2.1,Matchs
364,Flávio Nazinho,pt POR,DF,Sporting CP,19,2003,1.1,0,2,0,0.0,1.76,0.00,0.00,,14.3,0,0,0,0.1,0.1,0.07,-0.1,-0.1,Matchs
365,Mor Ndiaye,sn SEN,MT,Estoril,21,2000,15.6,0,12,3,25.0,0.77,0.19,0.00,0.00,18.2,0,0,0,0.8,0.8,0.07,-0.8,-0.8,Matchs
366,Cher Ndour,it ITA,MT,Benfica,18,2004,0.0,0,0,0,,0.00,0.00,,,,0,0,0,0.0,0.0,,0.0,0.0,Matchs
367,Christian Neiva Afonso,pt POR,DF,Vizela,27,1994,24.7,1,20,4,20.0,0.81,0.16,0.05,0.25,19.6,0,0,0,1.2,1.2,0.06,-0.2,-0.2,Matchs
368,Nelson,ao ANG,"AT,MT",Vitória,24,1998,12.9,3,25,10,40.0,1.94,0.78,0.12,0.30,19.7,0,0,0,1.7,1.7,0.07,#ERROR!,#ERROR!,Matchs
369,David Neres,br BRA,"AT,MT",Benfica,25,1997,21.8,6,50,19,38.0,2.30,0.87,0.12,0.32,17.8,1,0,0,5.4,5.4,0.11,#ERROR!,#ERROR!,Matchs
370,Neto,br BRA,MT,Casa Pia,30,1991,17.0,2,14,4,28.6,0.82,0.23,0.14,0.50,27.9,3,0,0,0.7,0.7,0.05,#ERROR!,#ERROR!,Matchs
371,Luís Neto,pt POR,DF,Sporting CP,34,1988,3.0,0,1,0,0.0,0.33,0.00,0.00,,10.3,0,0,0,0.0,0.0,0.01,0.0,0.0,Matchs
372,João Neves,pt POR,"MT,AT",Benfica,17,2004,6.8,1,13,4,30.8,1.91,0.59,0.08,0.25,17.1,0,0,0,1.8,1.8,0.15,-0.8,-0.8,Matchs
373,Sikou Niakaté,ml MLI,DF,Braga,23,1999,23.6,3,10,4,40.0,0.42,0.17,0.30,0.75,12.5,0,0,0,0.7,0.7,0.07,#ERROR!,#ERROR!,Matchs
374,Yusupha Njie,gm GAM,AT,Boavista,28,1994,23.6,13,71,24,33.8,03.01,01.02,0.17,0.50,15.8,1,1,3,13.1,10.7,0.16,-0.1,#ERROR!,Matchs
375,Miguel Nóbrega,pt POR,DF,Rio Ave,22,2000,6.2,0,3,2,66.7,0.48,0.32,0.00,0.00,15.5,0,0,0,0.2,0.2,0.05,-0.2,-0.2,Matchs
Clt,Joueur,Nation,Pos,Équipe,Âge,Naissance,90,Buts,Tirs,TC,TC%,Tir/90,TC/90,B/Tir,B/TC,Dist,CF,PénM,PénT,xG,npxG,npxG/Sh,G-xG,np:G-xG,Matchs
376,Gonçalo Nogueira,pt POR,MT,Vitória,18,2003,0.2,0,0,0,,0.00,0.00,,,,0,0,0,0.0,0.0,,0.0,0.0,Matchs
377,Ygor Nogueira,br BRA,DF,Santa Clara,27,1995,11.3,1,11,4,36.4,0.97,0.35,0.09,0.25,9.5,0,0,0,1.2,1.2,0.11,-0.2,-0.2,Matchs
378,Nonoca,br BRA,MT,Portimonense,24,1998,6.3,0,6,2,33.3,0.95,0.32,0.00,0.00,20.8,0,0,0,0.3,0.3,0.05,-0.3,-0.3,Matchs
379,Arsénio Martins Lafuente Nunes,pt POR,"AT,MT",Arouca,32,1989,10.8,0,10,3,30.0,0.92,0.28,0.00,0.00,20.9,0,0,0,0.6,0.6,0.06,-0.6,-0.6,Matchs
380,João Nunes,pt POR,DF,Casa Pia,26,1995,18.3,1,8,6,75.0,0.44,0.33,0.13,0.17,10.8,0,0,0,0.6,0.6,0.07,#ERROR!,#ERROR!,Matchs
381,Matheus Nunes,pt POR,MT,Sporting CP,23,1998,2.0,1,2,1,50.0,1.00,0.50,0.50,1.00,32.3,0,0,0,0.0,0.0,0.02,#ERROR!,#ERROR!,Matchs
382,Nwankwo Obiora,ng NGA,MT,Chaves,31,1991,6.9,1,5,1,20.0,0.73,0.15,0.20,1.00,15.3,0,0,0,0.5,0.5,0.11,#ERROR!,#ERROR!,Matchs
383,Ryoya Ogawa,jp JPN,"DF,MT",Vitória,25,1996,2.3,0,1,0,0.0,0.43,0.00,0.00,,19.4,0,0,0,0.0,0.0,0.04,0.0,0.0,Matchs
384,Hugo Oliveira,pt POR,DF,Vizela,20,2002,0.1,0,0,0,,0.00,0.00,,,,0,0,0,0.0,0.0,,0.0,0.0,Matchs
385,José Oliveira,pt POR,GB,Paços,20,2002,3.0,0,0,0,,0.00,0.00,,,,0,0,0,0.0,0.0,,0.0,0.0,Matchs
386,Paulo Oliveira,pt POR,DF,Braga,30,1992,16.4,0,4,2,50.0,0.24,0.12,0.00,0.00,9.8,0,0,0,0.3,0.3,0.08,-0.3,-0.3,Matchs
387,Rúben Alexandre Gomes Oliveira,pt POR,MT,Santa Clara,27,1994,0.2,0,0,0,,0.00,0.00,,,,0,0,0,0.0,0.0,,0.0,0.0,Matchs
388,Bruno Onyemaechi,ng NGA,DF,Boavista,23,1999,28.1,1,22,5,22.7,0.78,0.18,0.05,0.20,24.8,0,0,0,1.4,1.4,0.06,-0.4,-0.4,Matchs
389,Monsuru Opeyemi,ng NGA,AT,Vizela,18,2003,0.5,0,1,1,100.0,2.00,2.00,0.00,0.00,13.5,0,0,0,0.1,0.1,0.12,-0.1,-0.1,Matchs
390,Jerome Opoku,gh GHA,DF,Arouca,23,1998,21.3,0,3,1,33.3,0.14,0.05,0.00,0.00,27.9,0,0,0,0.2,0.2,0.07,-0.2,-0.2,Matchs
391,Pedro Ortiz,es ESP,MT,Vizela,21,2000,5.3,0,2,0,0.0,0.37,0.00,0.00,,15.1,0,0,0,0.1,0.1,0.05,-0.1,-0.1,Matchs
392,Milutin Osmajić,me MNE,AT,Vizela,23,1999,22.7,8,46,22,47.8,02.03,0.97,0.17,0.36,15.4,0,0,1,9.2,8.4,0.18,-1.2,-0.4,Matchs
393,Nicolás Otamendi,ar ARG,DF,Benfica,34,1988,30.8,1,31,9,29.0,01.01,0.29,0.03,0.11,10.0,0,0,0,2.3,2.3,0.08,-1.3,-1.3,Matchs
394,Otávio,pt POR,MT,Porto,27,1995,25.2,5,37,12,32.4,1.47,0.48,0.14,0.42,17.7,2,0,1,4.4,3.6,0.10,#ERROR!,#ERROR!,Matchs
395,João Othavio Basso,br BRA,DF,Arouca,25,1997,31.6,3,11,2,18.2,0.35,0.06,0.09,0.50,14.8,0,2,3,3.6,1.2,0.11,-0.6,-0.2,Matchs
396,Amine Oudrhiri,ma MAR,MT,Rio Ave,29,1992,8.7,0,2,0,0.0,0.23,0.00,0.00,,22.2,0,0,0,0.1,0.1,0.05,-0.1,-0.1,Matchs
397,Pablo,br BRA,AT,Famalicão,18,2004,7.9,2,15,3,20.0,1.91,0.38,0.13,0.67,14.6,0,0,0,1.8,1.8,0.12,#ERROR!,#ERROR!,Matchs
398,Lucas Paes,br BRA,GB,Casa Pia,24,1997,2.0,0,0,0,,0.00,0.00,,,,0,0,0,0.0,0.0,,0.0,0.0,Matchs
399,Renato Pantalon,hr CRO,DF,Rio Ave,24,1997,19.9,1,5,2,40.0,0.25,0.10,0.20,0.50,9.3,0,0,0,0.5,0.5,0.10,#ERROR!,#ERROR!,Matchs
400,David Pastor,br BRA,MT,Portimonense,22,2000,0.0,0,0,0,,0.00,0.00,,,,0,0,0,0.0,0.0,,0.0,0.0,Matchs
Clt,Joueur,Nation,Pos,Équipe,Âge,Naissance,90,Buts,Tirs,TC,TC%,Tir/90,TC/90,B/Tir,B/TC,Dist,CF,PénM,PénT,xG,npxG,npxG/Sh,G-xG,np:G-xG,Matchs
401,Patrick,cv CPV,"AT,MT",Chaves,28,1993,0.6,0,2,0,0.0,3.16,0.00,0.00,,16.7,0,0,0,0.1,0.1,0.03,-0.1,-0.1,Matchs
402,Patrick,br BRA,DF,Rio Ave,25,1997,21.1,2,19,2,10.5,0.90,0.09,0.11,1.00,19.3,2,0,0,1.3,1.3,0.07,#ERROR!,#ERROR!,Matchs
403,Paulinho,pt POR,AT,Sporting CP,29,1992,15.1,5,44,16,36.4,2.91,01.06,0.11,0.31,11.7,0,0,0,8.2,8.2,0.19,-3.2,-3.2,Matchs
404,Pedrão,br BRA,DF,Portimonense,25,1997,28.7,2,22,6,27.3,0.77,0.21,0.09,0.33,13.3,0,0,0,2.7,2.7,0.12,-0.7,-0.7,Matchs
405,João Pedro,pt POR,MT,Chaves,29,1993,6.6,0,2,0,0.0,0.30,0.00,0.00,,23.9,0,0,0,0.0,0.0,0.02,0.0,0.0,Matchs
406,Pelé,gw GNB,MT,Famalicão,30,1991,6.8,0,2,0,0.0,0.29,0.00,0.00,,24.0,0,0,0,0.1,0.1,0.06,-0.1,-0.1,Matchs
407,Alexandre Penetra,pt POR,DF,Famalicão,20,2001,27.9,2,19,4,21.1,0.68,0.14,0.11,0.50,16.0,0,0,0,1.2,1.2,0.06,#ERROR!,#ERROR!,Matchs
408,Pepe,pt POR,DF,Porto,39,1983,21.8,0,7,2,28.6,0.32,0.09,0.00,0.00,16.0,0,0,0,0.3,0.3,0.04,-0.3,-0.3,Matchs
409,Pepê,br BRA,"MT,DF",Porto,25,1997,29.4,4,34,8,23.5,1.16,0.27,0.12,0.50,20.2,0,0,0,5.1,5.1,0.15,-1.1,-1.1,Matchs
410,André Pereira,pt POR,AT,Rio Ave,27,1995,11.1,1,20,5,25.0,1.80,0.45,0.00,0.00,18.5,0,1,2,3.8,2.3,0.11,-2.8,-2.3,Matchs
411,Gabriel Pereira,br BRA,DF,Gil Vicente FC,22,2000,4.6,0,2,0,0.0,0.43,0.00,0.00,,11.4,0,0,0,0.1,0.1,0.03,-0.1,-0.1,Matchs
412,Marco André Rocha Pereira,pt POR,GB,Santa Clara,35,1987,8.0,0,0,0,,0.00,0.00,,,,0,0,0,0.0,0.0,,0.0,0.0,Matchs
413,Matheus Pereira,br BRA,DF,Vizela,21,2000,9.0,1,2,1,50.0,0.22,0.11,0.50,1.00,17.3,0,0,0,0.2,0.2,0.10,#ERROR!,#ERROR!,Matchs
414,Sebastián Pérez Cardona,co COL,MT,Boavista,29,1993,27.3,3,13,7,53.8,0.48,0.26,0.23,0.43,20.9,0,0,0,1.1,1.1,0.09,#ERROR!,#ERROR!,Matchs
415,Kevin Pina,cv CPV,MT,Chaves,24,1997,4.1,0,8,1,12.5,1.94,0.24,0.00,0.00,26.0,0,0,0,0.2,0.2,0.02,-0.2,-0.2,Matchs
416,Rodrigo Pinho,br BRA,AT,Benfica,31,1991,0.5,0,2,0,0.0,3.91,0.00,0.00,,14.6,0,0,0,0.2,0.2,0.09,-0.2,-0.2,Matchs
417,Dinis Pinto,pt POR,DF,Braga,21,2000,0.1,0,0,0,,0.00,0.00,,,,0,0,0,0.0,0.0,,0.0,0.0,Matchs
418,Diogo Pinto,pt POR,"AT,MT",Casa Pia,23,1999,5.1,0,4,4,100.0,0.78,0.78,0.00,0.00,13.8,0,0,0,0.7,0.7,0.17,-0.7,-0.7,Matchs
419,Rui Pires,pt POR,MT,Paços,24,1998,26.8,0,5,0,0.0,0.19,0.00,0.00,,17.5,0,0,0,0.5,0.5,0.09,-0.5,-0.5,Matchs
420,Pizzi,pt POR,"MT,AT",Braga,32,1989,5.4,2,11,5,45.5,02.02,0.92,0.18,0.40,16.8,0,0,0,1.1,1.1,0.10,#ERROR!,#ERROR!,Matchs
421,Carlos Ponck,cv CPV,DF,Chaves,27,1995,20.0,0,14,2,14.3,0.70,0.10,0.00,0.00,14.0,0,0,0,0.7,0.7,0.05,-0.7,-0.7,Matchs
422,Pedro Porro,es ESP,"DF,MT",Sporting CP,22,1999,11.9,2,35,9,25.7,2.93,0.75,0.03,0.11,23.7,5,1,1,2.3,1.5,0.04,-0.3,-0.5,Matchs
423,Samuel Portugal,br BRA,GB,Portimonense,28,1994,4.0,0,0,0,,0.00,0.00,,,,0,0,0,0.0,0.0,,0.0,0.0,Matchs
424,Quaresma,br BRA,DF,Arouca,25,1996,30.4,1,13,3,23.1,0.43,0.10,0.08,0.33,28.5,0,0,0,0.3,0.3,0.03,#ERROR!,#ERROR!,Matchs
425,Diogo Queirós,pt POR,AT,Famalicão,23,1999,0.1,0,0,0,,0.00,0.00,,,,0,0,0,0.0,0.0,,0.0,0.0,Matchs
Clt,Joueur,Nation,Pos,Équipe,Âge,Naissance,90,Buts,Tirs,TC,TC%,Tir/90,TC/90,B/Tir,B/TC,Dist,CF,PénM,PénT,xG,npxG,npxG/Sh,G-xG,np:G-xG,Matchs
426,João Queirós,pt POR,DF,Chaves,24,1998,2.9,0,0,0,,0.00,0.00,,,,0,0,0,0.0,0.0,,0.0,0.0,Matchs
427,Xavi Quintillà,es ESP,DF,Santa Clara,25,1996,8.0,1,3,0,0.0,0.37,0.00,0.00,,29.1,2,1,1,0.9,0.1,0.03,#ERROR!,-0.1,Matchs
428,Uroš Račić,rs SRB,MT,Braga,24,1998,12.4,1,26,4,15.4,02.09,0.32,0.00,0.00,22.0,3,1,1,2.2,1.4,0.05,-1.2,-1.4,Matchs
429,Rafa,pt POR,GB,Vitória,18,2003,2.0,0,0,0,,0.00,0.00,,,,0,0,0,0.0,0.0,,0.0,0.0,Matchs
430,Jesús Ramírez,ve VEN,"AT,MT",Marítimo,24,1998,6.5,1,21,9,42.9,3.24,1.39,0.05,0.11,14.6,0,0,0,1.8,1.8,0.09,-0.8,-0.8,Matchs
431,Cláudio Ramos,pt POR,GB,Porto,30,1991,1.0,0,0,0,,0.00,0.00,,,,0,0,0,0.0,0.0,,0.0,0.0,Matchs
432,Flávio Ramos,br BRA,DF,Paços,28,1994,8.3,0,3,0,0.0,0.36,0.00,0.00,,18.6,1,0,0,0.2,0.2,0.05,-0.2,-0.2,Matchs
433,Gonçalo Ramos,pt POR,AT,Benfica,21,2001,25.4,19,98,37,37.8,3.87,1.46,0.19,0.51,11.0,0,0,0,20.3,20.3,0.21,-1.3,-1.3,Matchs
434,Osama Rashid,iq IRQ,"MT,AT",Vizela,30,1992,4.2,1,10,4,40.0,2.39,0.95,0.10,0.25,26.0,2,0,0,0.3,0.3,0.03,#ERROR!,#ERROR!,Matchs
435,Bruno Reis,pt POR,"MT,DF",Portimonense,23,1999,0.8,0,1,0,0.0,1.27,0.00,0.00,,2.6,0,0,0,1.0,1.0,0.95,-1.0,-1.0,Matchs
436,Matheus Reis,br BRA,DF,Sporting CP,27,1995,25.4,1,12,4,33.3,0.47,0.16,0.08,0.25,16.4,0,0,0,0.8,0.8,0.07,#ERROR!,#ERROR!,Matchs
437,Miguel Reisinho,pt POR,"DF,MT",Boavista,23,1999,0.2,0,1,1,100.0,4.50,4.50,0.00,0.00,18.3,0,0,0,0.1,0.1,0.14,-0.1,-0.1,Matchs
438,Filipe Relvas,pt POR,DF,Portimonense,22,1999,31.9,0,17,4,23.5,0.53,0.13,0.00,0.00,9.5,0,0,0,2.0,2.0,0.12,-2.0,-2.0,Matchs
439,Brayan Riascos,co COL,"AT,MT",Marítimo,27,1994,9.7,3,35,6,17.1,3.61,0.62,0.09,0.50,13.4,0,0,0,6.1,6.1,0.18,-3.1,-3.1,Matchs
440,Rodrigo Ribeiro,pt POR,AT,Sporting CP,17,2005,0.3,0,3,1,33.3,9.00,3.00,0.00,0.00,18.4,0,0,0,0.2,0.2,0.05,-0.2,-0.2,Matchs
441,Tiago Ribeiro,pt POR,MT,Paços,20,2002,2.0,0,3,0,0.0,1.53,0.00,0.00,,28.1,0,0,0,0.1,0.1,0.03,-0.1,-0.1,Matchs
442,Ricardinho,pt POR,"AT,MT",Santa Clara,23,1998,20.0,0,20,9,45.0,1.00,0.45,0.00,0.00,18.3,0,0,0,1.3,1.3,0.06,-1.3,-1.3,Matchs
443,Riccieli,br BRA,DF,Famalicão,23,1998,28.7,0,12,1,8.3,0.42,0.03,0.00,0.00,11.1,0,0,0,0.5,0.5,0.04,-0.5,-0.5,Matchs
444,Rildo,br BRA,"AT,MT",Santa Clara,22,2000,9.1,3,22,10,45.5,2.41,01.09,0.14,0.30,18.0,1,0,0,2.1,2.1,0.10,#ERROR!,#ERROR!,Matchs
445,Mihailo Ristić,rs SRB,DF,Benfica,26,1995,1.3,1,4,1,25.0,03.08,0.77,0.25,1.00,22.9,1,0,0,0.2,0.2,0.06,#ERROR!,#ERROR!,Matchs
446,Robson,br BRA,DF,Boavista,22,2000,1.4,0,1,0,0.0,0.74,0.00,0.00,,10.9,0,0,0,0.0,0.0,0.03,0.0,0.0,Matchs
447,Bryan Róchez,hn HON,"AT,MT",Portimonense,27,1995,9.9,1,28,8,28.6,2.83,0.81,0.04,0.13,13.7,0,0,1,4.9,4.1,0.15,-3.9,-3.1,Matchs
448,Rochinha,pt POR,"AT,MT",Sporting CP,27,1995,4.8,1,16,6,37.5,3.33,1.25,0.06,0.17,16.1,0,0,0,1.7,1.7,0.11,-0.7,-0.7,Matchs
449,Bruno Rodrigues,pt POR,DF,Braga,21,2001,1.0,0,1,0,0.0,1.00,0.00,0.00,,14.5,0,0,0,0.0,0.0,0.03,0.0,0.0,Matchs
450,Gonçalo Rodrigues,pt POR,MT,Rio Ave,25,1997,32.2,2,51,19,37.3,1.58,0.59,0.04,0.11,24.5,7,0,0,2.6,2.6,0.05,-0.6,-0.6,Matchs
Clt,Joueur,Nation,Pos,Équipe,Âge,Naissance,90,Buts,Tirs,TC,TC%,Tir/90,TC/90,B/Tir,B/TC,Dist,CF,PénM,PénT,xG,npxG,npxG/Sh,G-xG,np:G-xG,Matchs
451,Ivo Rodrigues,pt POR,"MT,AT",Famalicão,27,1995,26.3,2,45,11,24.4,1.71,0.42,0.02,0.09,23.4,7,1,1,3.1,2.3,0.05,-1.1,-1.3,Matchs
452,Diego Rosa,br BRA,"MT,AT",Vizela,19,2002,2.9,0,6,1,16.7,2.10,0.35,0.00,0.00,32.1,1,0,0,0.2,0.2,0.03,-0.2,-0.2,Matchs
453,Loreintz Rosier,fr FRA,MT,Estoril,23,1998,11.5,0,11,2,18.2,0.96,0.17,0.00,0.00,15.2,0,0,0,0.8,0.8,0.07,-0.8,-0.8,Matchs
454,Mabrouk Rouai,fr FRA,"AT,MT",Estoril,21,2000,0.4,0,0,0,,0.00,0.00,,,,0,0,0,0.0,0.0,,0.0,0.0,Matchs
455,Abel Ruiz,es ESP,AT,Braga,22,2000,23.0,8,50,20,40.0,2.17,0.87,0.16,0.40,13.6,0,0,0,7.6,7.6,0.15,#ERROR!,#ERROR!,Matchs
456,Alan Ruiz,ar ARG,MT,Arouca,28,1993,27.7,3,67,19,28.4,2.42,0.69,0.04,0.16,26.9,6,0,0,2.8,2.8,0.04,#ERROR!,#ERROR!,Matchs
457,Leonardo Ruíz,co COL,AT,Rio Ave,26,1996,10.3,4,22,7,31.8,2.13,0.68,0.18,0.57,14.4,0,0,0,2.0,2.0,0.09,#ERROR!,#ERROR!,Matchs
458,Gustavo sá,pt POR,"MT,AT",Famalicão,17,2004,4.3,0,6,1,16.7,1.41,0.23,0.00,0.00,18.3,0,0,0,0.2,0.2,0.04,-0.2,-0.2,Matchs
459,Helder Sá,pt POR,"DF,MT",Vitória,19,2002,8.9,0,4,1,25.0,0.45,0.11,0.00,0.00,22.3,0,0,0,0.1,0.1,0.04,-0.1,-0.1,Matchs
460,Josué Sá,pt POR,DF,Rio Ave,30,1992,15.0,0,1,1,100.0,0.07,0.07,0.00,0.00,15.5,0,0,0,0.1,0.1,0.07,-0.1,-0.1,Matchs
461,Pedro Sá,pt POR,MT,Portimonense,28,1993,8.2,0,2,0,0.0,0.24,0.00,0.00,,28.1,0,0,0,0.1,0.1,0.03,-0.1,-0.1,Matchs
462,Tiago Sá,pt POR,GB,Braga,27,1995,1.9,0,0,0,,0.00,0.00,,,,0,0,0,0.0,0.0,,0.0,0.0,Matchs
463,Serdar Saatçı,tr TUR,DF,Braga,19,2003,2.4,0,0,0,,0.00,0.00,,,,0,0,0,0.0,0.0,,0.0,0.0,Matchs
464,Safira,br BRA,AT,Vitória,27,1995,9.1,5,24,10,41.7,2.65,1.10,0.21,0.50,15.4,1,0,0,2.6,2.6,0.11,#ERROR!,#ERROR!,Matchs
465,Pierre Sagna,sn SEN,DF,Santa Clara,31,1990,19.5,0,7,0,0.0,0.36,0.00,0.00,,28.9,1,0,0,0.2,0.2,0.03,-0.2,-0.2,Matchs
466,Arthur Sales,br BRA,"AT,MT",Paços,20,2002,4.0,0,5,1,20.0,1.24,0.25,0.00,0.00,16.2,0,0,0,0.3,0.3,0.05,-0.3,-0.3,Matchs
467,Andreas Samaris,gr GRE,MT,Rio Ave,33,1989,15.6,0,15,1,6.7,0.96,0.06,0.00,0.00,27.5,5,0,0,0.4,0.4,0.03,-0.4,-0.4,Matchs
468,Samu,pt POR,MT,Vizela,26,1996,29.8,3,47,13,27.7,1.58,0.44,0.04,0.15,20.9,3,1,2,5.4,3.8,0.08,-2.4,-1.8,Matchs
469,Leandro Sanca,gw GNB,"AT,MT",Famalicão,22,2000,4.9,2,16,4,25.0,3.25,0.81,0.13,0.50,19.8,1,0,0,0.7,0.7,0.05,#ERROR!,#ERROR!,Matchs
470,Elder Santana,br BRA,"MT,AT",Gil Vicente FC,29,1993,0.5,0,1,0,0.0,1.96,0.00,0.00,,4.4,0,0,0,0.1,0.1,0.13,-0.1,-0.1,Matchs
471,Aderlan Santos,br BRA,DF,Rio Ave,33,1989,31.3,1,21,6,28.6,0.67,0.19,0.05,0.17,19.5,1,0,0,1.6,1.6,0.08,-0.6,-0.6,Matchs
472,Luís Santos,pt POR,"AT,MT",Boavista,22,2000,3.2,0,8,4,50.0,2.54,1.27,0.00,0.00,20.9,0,0,0,1.0,1.0,0.12,-1.0,-1.0,Matchs
473,Nuno Santos,pt POR,"DF,MT",Sporting CP,27,1995,25.2,8,50,18,36.0,1.99,0.71,0.16,0.44,18.2,1,0,0,4.7,4.7,0.09,#ERROR!,#ERROR!,Matchs
474,Pedro Santos,pt POR,"AT,MT",Braga,21,2000,0.1,0,0,0,,0.00,0.00,,,,0,0,0,0.0,0.0,,0.0,0.0,Matchs
475,Rene Santos,br BRA,"DF,MT",Marítimo,30,1992,12.1,1,7,1,14.3,0.58,0.08,0.14,1.00,15.4,0,0,0,0.5,0.5,0.07,#ERROR!,#ERROR!,Matchs
Clt,Joueur,Nation,Pos,Équipe,Âge,Naissance,90,Buts,Tirs,TC,TC%,Tir/90,TC/90,B/Tir,B/TC,Dist,CF,PénM,PénT,xG,npxG,npxG/Sh,G-xG,np:G-xG,Matchs
476,Tiago santos,pt POR,DF,Estoril,20,2002,26.9,0,13,3,23.1,0.48,0.11,0.00,0.00,22.1,0,0,0,0.7,0.7,0.06,-0.7,-0.7,Matchs
477,Zaidu Sanusi,ng NGA,DF,Porto,25,1997,11.7,0,6,1,16.7,0.51,0.09,0.00,0.00,21.0,0,0,0,0.3,0.3,0.05,-0.3,-0.3,Matchs
478,Adewele Sapara,ng NGA,"AT,MT",Portimonense,27,1995,1.3,0,1,0,0.0,0.77,0.00,0.00,,9.4,0,0,0,0.1,0.1,0.11,-0.1,-0.1,Matchs
479,Andrés Sarmiento,co COL,"AT,MT",Vizela,24,1998,0.4,0,1,0,0.0,2.81,0.00,0.00,,15.7,0,0,0,0.1,0.1,0.09,-0.1,-0.1,Matchs
480,Sidy Sarr,sn SEN,MT,Chaves,26,1996,1.3,0,0,0,,0.00,0.00,,,,0,0,0,0.0,0.0,,0.0,0.0,Matchs
481,Vincent Sasso,fr FRA,DF,Boavista,31,1991,21.9,4,12,5,41.7,0.55,0.23,0.33,0.80,11.1,0,0,0,1.8,1.8,0.15,#ERROR!,#ERROR!,Matchs
482,Savio,br BRA,DF,Rio Ave,27,1995,3.6,0,0,0,,0.00,0.00,,,,0,0,0,0.0,0.0,,0.0,0.0,Matchs
483,Andreas Schjelderup,no NOR,AT,Benfica,18,2004,0.0,0,0,0,,0.00,0.00,,,,0,0,0,0.0,0.0,,0.0,0.0,Matchs
484,Alexander Schmidt,at AUT,AT,Vizela,24,1998,3.6,0,14,6,42.9,3.93,1.68,0.00,0.00,14.1,0,0,0,1.3,1.3,0.09,-1.3,-1.3,Matchs
485,Moustapha Seck,sn SEN,"DF,AT",Portimonense,26,1996,24.9,0,13,4,30.8,0.52,0.16,0.00,0.00,22.0,2,0,0,0.5,0.5,0.04,-0.5,-0.5,Matchs
486,Alfa Semedo,gw GNB,MT,Vitória,24,1997,0.3,0,0,0,,0.00,0.00,,,,0,0,0,0.0,0.0,,0.0,0.0,Matchs
487,Nuno Sequeira,pt POR,DF,Braga,31,1990,22.9,1,11,4,36.4,0.48,0.17,0.09,0.25,24.9,1,0,0,0.3,0.3,0.03,#ERROR!,#ERROR!,Matchs
488,Serginho,,"AT,MT",Estoril,21,2001,1.5,1,3,1,33.3,1.94,0.65,0.33,1.00,14.1,0,0,0,0.1,0.1,0.04,#ERROR!,#ERROR!,Matchs
489,Paulo Sérgio Mota,pt POR,"DF,MT",Marítimo,31,1991,8.0,0,8,2,25.0,1.00,0.25,0.00,0.00,15.4,0,0,0,0.8,0.8,0.09,-0.8,-0.8,Matchs
490,André Silva,br BRA,"AT,MT",Vitória,25,1997,19.4,6,51,18,35.3,2.62,0.93,0.12,0.33,18.1,0,0,0,4.8,4.8,0.10,#ERROR!,#ERROR!,Matchs
491,António Silva,pt POR,DF,Benfica,18,2003,29.9,3,18,7,38.9,0.60,0.23,0.17,0.43,7.8,0,0,0,4.1,3.9,0.22,-1.1,-0.9,Matchs
492,Guilherme Silva,br BRA,"DF,MT",Chaves,21,2000,0.2,0,0,0,,0.00,0.00,,,,0,0,0,0.0,0.0,,0.0,0.0,Matchs
493,João Miguel Macedo Silva,pt POR,GB,Marítimo,27,1995,8.0,0,0,0,,0.00,0.00,,,,0,0,0,0.0,0.0,,0.0,0.0,Matchs
494,Joel silva,pt POR,MT,Boavista,19,2003,1.1,0,0,0,,0.00,0.00,,,,0,0,0,0.0,0.0,,0.0,0.0,Matchs
495,Jorge Fernando Santos Silva,pt POR,"DF,MT",Paços,26,1996,5.2,0,1,0,0.0,0.19,0.00,0.00,,27.5,0,0,0,0.0,0.0,0.03,0.0,0.0,Matchs
496,Jota Silva,pt POR,"AT,MT",Vitória,22,1999,17.8,2,42,11,26.2,2.36,0.62,0.05,0.18,16.8,0,0,0,4.3,4.3,0.10,-2.3,-2.3,Matchs
497,Lucas Silva,br BRA,AT,Paços,24,1998,0.2,0,1,1,100.0,4.29,4.29,0.00,0.00,24.2,0,0,0,0.0,0.0,0.03,0.0,0.0,Matchs
498,Pedro Manuel da Silva Moreira,pt POR,MT,Arouca,33,1989,0.8,0,0,0,,0.00,0.00,,,,0,0,0,0.0,0.0,,0.0,0.0,Matchs
499,Pedro José Moreira Silva,pt POR,GB,Estoril,25,1997,2.3,0,0,0,,0.00,0.00,,,,0,0,0,0.0,0.0,,0.0,0.0,Matchs
500,Rafa Silva,pt POR,"MT,AT",Benfica,29,1993,24.2,8,68,22,32.4,2.82,0.91,0.12,0.36,15.3,0,0,0,11.8,11.0,0.16,-3.8,-3.0,Matchs
Clt,Joueur,Nation,Pos,Équipe,Âge,Naissance,90,Buts,Tirs,TC,TC%,Tir/90,TC/90,B/Tir,B/TC,Dist,CF,PénM,PénT,xG,npxG,npxG/Sh,G-xG,np:G-xG,Matchs
501,Tiago Silva,pt POR,MT,Vitória,29,1993,23.3,5,25,5,20.0,01.07,0.21,0.04,0.20,30.6,9,4,4,4.2,1.1,0.04,#ERROR!,-0.1,Matchs
502,David Simão,pt POR,MT,Arouca,32,1990,28.7,0,16,3,18.8,0.56,0.10,0.00,0.00,29.0,0,0,0,0.5,0.5,0.03,-0.5,-0.5,Matchs
503,André Simões,pt POR,MT,Famalicão,32,1989,1.9,0,4,1,25.0,02.06,0.51,0.00,0.00,17.4,0,0,0,0.4,0.4,0.11,-0.4,-0.4,Matchs
504,André Simões,pt POR,"MT,AT",Gil Vicente FC,18,2003,0.2,0,0,0,,0.00,0.00,,,,0,0,0,0.0,0.0,,0.0,0.0,Matchs
505,Luther Singh,za RSA,"AT,MT",Chaves,24,1997,7.0,0,8,3,37.5,1.15,0.43,0.00,0.00,19.6,0,0,0,0.5,0.5,0.06,-0.5,-0.5,Matchs
506,Lucas Soares,br BRA,"MT,DF",Casa Pia,24,1998,24.2,1,26,8,30.8,01.08,0.33,0.04,0.13,17.7,0,0,0,1.9,1.9,0.07,-0.9,-0.9,Matchs
507,Samuel Soares,pt POR,GB,Benfica,20,2002,0.0,0,0,0,,0.00,0.00,,,,0,0,0,0.0,0.0,,0.0,0.0,Matchs
508,Val Soares,br BRA,MT,Marítimo,25,1997,13.5,1,19,6,31.6,1.41,0.44,0.05,0.17,29.1,0,0,0,0.6,0.6,0.03,#ERROR!,#ERROR!,Matchs
509,Yuki Soma,jp JPN,"AT,MT",Casa Pia,25,1997,13.5,2,32,13,40.6,2.37,0.96,0.06,0.15,18.9,4,0,0,3.0,3.0,0.09,-1.0,-1.0,Matchs
510,Joel Soñora,us USA,MT,Marítimo,25,1996,2.0,0,2,0,0.0,01.01,0.00,0.00,,30.4,0,0,0,0.0,0.0,0.02,0.0,0.0,Matchs
511,Ismaila Soro,ci CIV,MT,Arouca,24,1998,16.9,0,4,0,0.0,0.24,0.00,0.00,,27.1,0,0,0,0.1,0.1,0.02,-0.1,-0.1,Matchs
512,Miguel Sousa,pt POR,MT,Marítimo,23,1998,2.0,0,4,3,75.0,1.96,1.47,0.00,0.00,16.0,0,0,0,0.6,0.6,0.16,-0.6,-0.6,Matchs
513,Vasco Sousa,pt POR,MT,Porto,19,2003,0.0,0,0,0,,0.00,0.00,,,,0,0,0,0.0,0.0,,0.0,0.0,Matchs
514,Claudemir de Souza,br BRA,MT,Vizela,34,1988,15.1,0,10,4,40.0,0.66,0.26,0.00,0.00,13.6,0,0,0,0.6,0.6,0.06,-0.6,-0.6,Matchs
515,Jerry St. Juste,nl NED,DF,Sporting CP,25,1996,10.1,1,7,1,14.3,0.69,0.10,0.14,1.00,17.4,0,0,0,0.7,0.7,0.09,#ERROR!,#ERROR!,Matchs
516,Filip Stevanovic,rs SRB,"AT,MT",Santa Clara,19,2002,1.7,0,4,2,50.0,2.38,1.19,0.00,0.00,21.5,2,0,0,0.2,0.2,0.06,-0.2,-0.2,Matchs
517,Habib sylla,ci CIV,DF,Chaves,23,1999,6.9,0,3,0,0.0,0.44,0.00,0.00,,25.5,0,0,0,0.1,0.1,0.04,-0.1,-0.1,Matchs
518,Morlaye Sylla,gn GUI,"AT,MT",Arouca,24,1998,25.3,4,36,11,30.6,1.42,0.43,0.03,0.09,26.0,1,3,3,4.4,2.0,0.06,-0.4,-1.0,Matchs
519,Kyosuke Tagawa,jp JPN,AT,Santa Clara,23,1999,13.2,2,13,5,38.5,0.98,0.38,0.15,0.40,16.3,0,0,0,1.6,1.6,0.13,#ERROR!,#ERROR!,Matchs
520,Afonso Taira,pt POR,MT,Casa Pia,30,1992,23.3,0,13,2,15.4,0.56,0.09,0.00,0.00,25.2,0,0,0,0.4,0.4,0.03,-0.4,-0.4,Matchs
521,Mateo Tanlongo,ar ARG,MT,Sporting CP,18,2003,1.6,0,2,1,50.0,1.28,0.64,0.00,0.00,17.6,0,0,0,0.2,0.2,0.08,-0.2,-0.2,Matchs
522,Mehdi Taremi,ir IRN,AT,Porto,30,1992,29.0,22,88,41,46.6,03.03,1.41,0.17,0.37,15.5,3,7,8,20.1,13.8,0.16,#ERROR!,#ERROR!,Matchs
523,David Tavares,cv CPV,"MT,AT",Famalicão,23,1999,0.5,0,0,0,,0.00,0.00,,,,0,0,0,0.0,0.0,,0.0,0.0,Matchs
524,Heriberto Tavares,pt POR,"MT,AT",Famalicão,25,1997,2.4,0,5,3,60.0,02.06,1.24,0.00,0.00,20.9,0,0,0,0.2,0.2,0.03,-0.2,-0.2,Matchs
525,Martim Tavares,pt POR,"AT,MT",Boavista,18,2003,4.0,2,5,3,60.0,1.25,0.75,0.40,0.67,6.1,0,0,0,1.6,1.6,0.32,#ERROR!,#ERROR!,Matchs
Clt,Joueur,Nation,Pos,Équipe,Âge,Naissance,90,Buts,Tirs,TC,TC%,Tir/90,TC/90,B/Tir,B/TC,Dist,CF,PénM,PénT,xG,npxG,npxG/Sh,G-xG,np:G-xG,Matchs
526,Duplexe Tchamba,cm CMR,DF,Casa Pia,24,1998,4.3,0,5,0,0.0,1.16,0.00,0.00,,16.3,0,0,0,0.2,0.2,0.04,-0.2,-0.2,Matchs
527,João Teixeira,pt POR,MT,Chaves,28,1994,30.4,5,75,20,26.7,2.47,0.66,0.04,0.15,26.3,15,2,4,6.7,3.6,0.05,-1.7,-0.6,Matchs
528,André Teles,pt POR,MT,Marítimo,25,1997,0.7,0,0,0,,0.00,0.00,,,,0,0,0,0.0,0.0,,0.0,0.0,Matchs
529,Casper Tengstedt,dk DEN,"AT,MT",Benfica,22,2000,0.3,0,1,1,100.0,3.75,3.75,0.00,0.00,16.8,0,0,0,0.0,0.0,0.04,0.0,0.0,Matchs
530,Nigel Thomas,nl NED,"AT,MT",Paços,21,2001,22.5,4,51,19,37.3,2.26,0.84,0.08,0.21,23.7,5,0,0,3.2,3.2,0.06,#ERROR!,#ERROR!,Matchs
531,Pedro Tiba,pt POR,MT,Gil Vicente FC,33,1988,13.9,1,28,7,25.0,02.01,0.50,0.04,0.14,23.7,0,0,0,1.4,1.4,0.05,-0.4,-0.4,Matchs
532,Bastien Toma,ch SUI,MT,Paços,23,1999,4.8,0,10,1,10.0,02.09,0.21,0.00,0.00,25.2,0,0,0,0.5,0.5,0.05,-0.5,-0.5,Matchs
533,Vítor Tormena,br BRA,DF,Braga,26,1996,26.1,1,15,7,46.7,0.58,0.27,0.07,0.14,10.2,0,0,0,1.6,1.6,0.11,-0.6,-0.6,Matchs
534,Mamadou Tounkara,fr FRA,DF,Vitória,20,2001,11.6,0,2,1,50.0,0.17,0.09,0.00,0.00,9.5,0,0,0,0.2,0.2,0.11,-0.2,-0.2,Matchs
535,Francisco Trincão,pt POR,"MT,AT",Sporting CP,22,1999,24.5,10,63,28,44.4,2.57,1.14,0.16,0.36,16.6,1,0,0,8.7,8.7,0.14,#ERROR!,#ERROR!,Matchs
536,Matouš Trmal,cz CZE,GB,Marítimo,23,1998,6.0,0,0,0,,0.00,0.00,,,,0,0,0,0.0,0.0,,0.0,0.0,Matchs
537,Manuel Ugarte Ribeiro,uy URU,MT,Sporting CP,21,2001,26.1,0,19,3,15.8,0.73,0.11,0.00,0.00,27.1,0,0,0,0.7,0.7,0.04,-0.7,-0.7,Matchs
538,Zé Uilton,br BRA,"AT,MT",Paços,30,1992,15.3,1,18,6,33.3,1.18,0.39,0.06,0.17,23.1,0,0,0,1.5,1.5,0.09,-0.5,-0.5,Matchs
539,Ukra,pt POR,"AT,MT",Rio Ave,34,1988,4.1,0,2,1,50.0,0.49,0.25,0.00,0.00,21.8,0,0,0,0.1,0.1,0.04,-0.1,-0.1,Matchs
540,Mateus Uribe,co COL,MT,Porto,31,1991,27.3,4,29,6,20.7,01.06,0.22,0.07,0.33,17.6,2,2,2,4.7,3.1,0.11,-0.7,-1.1,Matchs
541,Rodrigo Valente,pt POR,"MT,AT",Santa Clara,21,2001,1.1,0,3,0,0.0,2.84,0.00,0.00,,16.5,0,0,0,0.3,0.3,0.11,-0.3,-0.3,Matchs
542,João Valido,pt POR,GB,Arouca,22,2000,0.0,0,0,0,,0.00,0.00,,,,0,0,0,0.0,0.0,,0.0,0.0,Matchs
543,Bruno Varela,cv CPV,GB,Vitória,27,1994,27.0,0,0,0,,0.00,0.00,,,,0,0,0,0.0,0.0,,0.0,0.0,Matchs
544,Fernando Varela,cv CPV,DF,Casa Pia,34,1987,22.6,1,15,5,33.3,0.67,0.22,0.07,0.20,9.2,0,0,0,1.6,1.6,0.12,-0.6,-0.6,Matchs
545,Luciano Vega,ar ARG,"MT,AT",Marítimo,23,1999,2.1,0,4,1,25.0,1.94,0.48,0.00,0.00,16.1,0,0,0,0.3,0.3,0.07,-0.3,-0.3,Matchs
546,Danilo Veiga,pt POR,DF,Gil Vicente FC,19,2002,7.6,0,2,0,0.0,0.26,0.00,0.00,,12.5,0,0,0,0.1,0.1,0.07,-0.1,-0.1,Matchs
547,Igor Vekič,si SVN,GB,Paços,24,1998,9.1,0,0,0,,0.00,0.00,,,,0,0,0,0.0,0.0,,0.0,0.0,Matchs
548,Bruno Ventura,pt POR,AT,Rio Ave,21,2001,1.1,0,2,0,0.0,1.87,0.00,0.00,,25.5,0,0,0,0.1,0.1,0.03,-0.1,-0.1,Matchs
549,Lucas Veríssimo,br BRA,DF,Benfica,27,1995,0.1,0,0,0,,0.00,0.00,,,,0,0,0,0.0,0.0,,0.0,0.0,Matchs
550,Gabriel Veron,br BRA,"MT,AT",Porto,19,2002,4.5,0,16,6,37.5,3.56,1.33,0.00,0.00,16.3,0,0,0,1.3,1.3,0.08,-1.3,-1.3,Matchs
Clt,Joueur,Nation,Pos,Équipe,Âge,Naissance,90,Buts,Tirs,TC,TC%,Tir/90,TC/90,B/Tir,B/TC,Dist,CF,PénM,PénT,xG,npxG,npxG/Sh,G-xG,np:G-xG,Matchs
551,Jan Vertonghen,be BEL,DF,Benfica,35,1987,0.0,0,0,0,,0.00,0.00,,,,0,0,0,0.0,0.0,,0.0,0.0,Matchs
552,André Vidigal,pt POR,"AT,MT",Marítimo,23,1998,28.6,8,68,16,23.5,2.38,0.56,0.12,0.50,18.7,1,0,0,8.1,8.1,0.12,-0.1,-0.1,Matchs
553,Gabriel Vieira,br BRA,"AT,MT",Santa Clara,20,2002,24.4,5,60,17,28.3,2.46,0.70,0.07,0.24,22.3,4,1,2,6.4,4.9,0.08,-1.4,-0.9,Matchs
554,João Vigário,pt POR,DF,Paços,26,1995,0.2,0,0,0,,0.00,0.00,,,,0,0,0,0.0,0.0,,0.0,0.0,Matchs
555,Mikel Villanueva,ve VEN,DF,Vitória,29,1993,28.2,1,9,2,22.2,0.32,0.07,0.11,0.50,9.2,0,0,0,1.1,1.1,0.12,-0.1,-0.1,Matchs
556,Bernardo Vital,pt POR,DF,Estoril,21,2000,25.1,0,4,0,0.0,0.16,0.00,0.00,,9.9,0,0,0,0.3,0.3,0.07,-0.3,-0.3,Matchs
557,Vitinha,pt POR,AT,Braga,22,2000,12.2,7,48,20,41.7,3.94,1.64,0.15,0.35,15.5,0,0,0,6.1,6.1,0.13,#ERROR!,#ERROR!,Matchs
558,Vitinho,br BRA,"MT,AT",Arouca,22,2000,2.7,0,6,2,33.3,2.20,0.73,0.00,0.00,27.6,2,0,0,0.2,0.2,0.03,-0.2,-0.2,Matchs
559,Paulo Vitor,br BRA,"MT,DF",Rio Ave,23,1999,12.3,1,23,2,8.7,1.87,0.16,0.04,0.50,27.5,0,0,0,0.7,0.7,0.03,#ERROR!,#ERROR!,Matchs
560,Steven Vitória,ca CAN,DF,Chaves,35,1987,29.4,7,24,6,25.0,0.82,0.20,0.08,0.33,15.5,1,5,6,6.1,1.4,0.06,#ERROR!,#ERROR!,Matchs
561,Odisseas Vlachodimos,gr GRE,GB,Benfica,28,1994,34.0,0,0,0,,0.00,0.00,,,,0,0,0,0.0,0.0,,0.0,0.0,Matchs
562,Ilija Vukotić,me MNE,MT,Boavista,23,1999,4.5,0,2,1,50.0,0.45,0.22,0.00,0.00,16.1,1,0,0,0.1,0.1,0.05,-0.1,-0.1,Matchs
563,Wagner,br BRA,DF,Portimonense,23,1999,1.0,0,0,0,,0.00,0.00,,,,0,0,0,0.0,0.0,,0.0,0.0,Matchs
564,Masaki Watai,jp JPN,"MT,AT",Boavista,23,1999,5.8,1,4,2,50.0,0.69,0.35,0.25,0.50,18.1,0,0,0,0.3,0.3,0.06,#ERROR!,#ERROR!,Matchs
565,Julian Weigl,de GER,MT,Benfica,26,1995,0.6,0,1,0,0.0,1.55,0.00,0.00,,22.4,0,0,0,0.0,0.0,0.03,0.0,0.0,Matchs
566,Wendell,br BRA,DF,Porto,29,1993,21.8,1,12,3,25.0,0.55,0.14,0.08,0.33,20.5,3,0,0,0.6,0.6,0.05,#ERROR!,#ERROR!,Matchs
567,Weverson,br BRA,"DF,AT",Arouca,22,2000,0.8,0,0,0,,0.00,0.00,,,,0,0,0,0.0,0.0,,0.0,0.0,Matchs
568,Willyan,br BRA,"DF,MT",Portimonense,27,1995,4.0,0,4,2,50.0,1.00,0.50,0.00,0.00,14.6,0,0,0,0.1,0.1,0.02,-0.1,-0.1,Matchs
569,Bruno Wilson,pt POR,DF,Vizela,25,1996,22.8,0,12,3,25.0,0.53,0.13,0.00,0.00,9.4,0,0,0,1.2,1.2,0.10,-1.2,-1.2,Matchs
570,Roan Wilson,cr CRC,MT,Gil Vicente FC,20,2002,1.3,0,1,0,0.0,0.77,0.00,0.00,,29.9,0,0,0,0.0,0.0,0.02,0.0,0.0,Matchs
571,Cláudio Winck,br BRA,"DF,MT",Marítimo,28,1994,26.9,6,37,5,13.5,1.38,0.19,0.05,0.40,22.7,1,4,4,6.1,3.0,0.08,-0.1,-1.0,Matchs
572,Xadas,pt POR,"MT,AT",Marítimo,24,1997,26.3,3,74,26,35.1,2.81,0.99,0.04,0.12,27.0,10,0,1,4.2,3.4,0.05,-1.2,-0.4,Matchs
573,Abdul-Aziz Yakubu,gh GHA,AT,Rio Ave,23,1998,14.2,7,20,12,60.0,1.41,0.84,0.25,0.42,16.8,0,2,2,3.8,2.2,0.11,#ERROR!,#ERROR!,Matchs
574,Roman Yaremchuk,ua UKR,AT,Benfica,26,1995,0.6,0,2,0,0.0,3.60,0.00,0.00,,14.7,0,0,0,0.1,0.1,0.07,-0.1,-0.1,Matchs
575,Moses Yaw,gh GHA,MT,Arouca,23,1999,3.5,0,1,1,100.0,0.29,0.29,0.00,0.00,33.0,0,0,0,0.0,0.0,0.02,0.0,0.0,Matchs
Clt,Joueur,Nation,Pos,Équipe,Âge,Naissance,90,Buts,Tirs,TC,TC%,Tir/90,TC/90,B/Tir,B/TC,Dist,CF,PénM,PénT,xG,npxG,npxG/Sh,G-xG,np:G-xG,Matchs
576,Zaydou Youssouf,fr FRA,MT,Famalicão,23,1999,23.8,2,24,6,25.0,01.01,0.25,0.08,0.33,25.1,0,0,0,1.2,1.2,0.05,#ERROR!,#ERROR!,Matchs
577,Antonio Zarzana,es ESP,"MT,AT",Marítimo,20,2002,3.2,0,5,1,20.0,1.56,0.31,0.00,0.00,23.7,0,0,0,0.2,0.2,0.04,-0.2,-0.2,Matchs
578,Ivan Zlobin,ru RUS,GB,Famalicão,25,1997,1.0,0,0,0,,0.00,0.00,,,,0,0,0,0.0,0.0,,0.0,0.0,Matchs
579,Kévin Zohi,ml MLI,"AT,MT",Vizela,25,1996,10.0,2,26,9,34.6,2.60,0.90,0.08,0.22,17.4,0,0,0,2.6,2.6,0.10,-0.6,-0.6,Matchs
580,Nermin Zolotić,ba BIH,DF,Casa Pia,29,1993,24.3,0,6,2,33.3,0.25,0.08,0.00,0.00,12.9,0,0,0,0.2,0.2,0.04,-0.2,-0.2,Matchs
581,Emilijus Zubas,lt LTU,GB,Arouca,32,1990,3.0,0,0,0,,0.00,0.00,,,,0,0,0,0.0,0.0,,0.0,0.0,Matchs
Clt,Joueur,Nation,Pos,Équipe,Âge,Naissance,90,Buts,Tirs,TC,TC%,Tir/90,TC/90,B/Tir,B/TC,Dist,CF,PénM,PénT,xG,npxG,npxG/Sh,G-xG,np:G-xG,Matchs
1,Patrick van Aanholt,nl NED,DF,PSV Eindhoven,31,1990,13.1,1,11,4,36.4,0.84,0.31,0.09,0.25,21.9,0,0,0,0.4,0.4,0.04,#ERROR!,#ERROR!,Matchs
2,Dirk Abels,nl NED,DF,Sparta R'dam,25,1997,14.7,1,10,2,20.0,0.68,0.14,0.10,0.50,27.2,0,0,0,0.3,0.3,0.03,#ERROR!,#ERROR!,Matchs
3,Paulos Abraham,se SWE,"AT,MT",Groningen,20,2002,5.4,0,11,5,45.5,02.02,0.92,0.00,0.00,17.3,0,0,0,1.1,1.1,0.10,-1.1,-1.1,Matchs
4,Bobby Adekanye,nl NED,"AT,MT",Go Ahead Eag,23,1999,23.8,6,46,15,32.6,1.93,0.63,0.13,0.40,18.4,0,0,0,4.0,4.0,0.09,#ERROR!,#ERROR!,Matchs
5,Shawn Adewoye,be BEL,DF,RKC Waalwijk,22,2000,32.6,1,11,2,18.2,0.34,0.06,0.09,0.50,9.2,0,0,0,1.7,1.7,0.15,-0.7,-0.7,Matchs
6,Luuk Admiraal,nl NED,AT,Excelsior,20,2002,0.0,0,0,0,,0.00,0.00,,,,0,0,0,0.0,0.0,,0.0,0.0,Matchs
7,Nikolas Agrafiotis,nl NED,"AT,MT",Excelsior,22,2000,6.3,2,15,5,33.3,2.39,0.80,0.13,0.40,11.4,0,0,1,2.8,2.1,0.15,-0.8,-0.1,Matchs
8,Joost van Aken,nl NED,DF,Heerenveen,28,1994,11.0,0,7,1,14.3,0.64,0.09,0.00,0.00,14.6,1,0,0,0.6,0.6,0.09,-0.6,-0.6,Matchs
9,Norbert Alblas,nl NED,GB,Excelsior,27,1994,0.3,0,0,0,,0.00,0.00,,,,0,0,0,0.0,0.0,,0.0,0.0,Matchs
10,Pedro Alemañ,es ESP,MT,Sparta R'dam,20,2002,0.5,0,2,1,50.0,3.75,1.87,0.00,0.00,16.6,0,0,0,0.2,0.2,0.12,-0.2,-0.2,Matchs
11,Hussein Ali,iq IRQ,"DF,MT",Heerenveen,20,2002,0.3,0,0,0,,0.00,0.00,,,,0,0,0,0.0,0.0,,0.0,0.0,Matchs
12,Edson Álvarez,mx MEX,"MT,DF",Ajax,24,1997,28.7,3,63,18,28.6,2.19,0.63,0.05,0.17,15.1,0,0,0,3.4,3.4,0.05,-0.4,-0.4,Matchs
13,Pelle van Amersfoort,nl NED,"MT,AT",Heerenveen,26,1996,13.2,3,35,12,34.3,2.64,0.91,0.09,0.25,13.1,0,0,0,3.8,3.8,0.11,-0.8,-0.8,Matchs
14,Jamal Amofa,nl NED,DF,Go Ahead Eag,23,1998,26.8,0,4,0,0.0,0.15,0.00,0.00,,12.1,0,0,0,0.4,0.4,0.09,-0.4,-0.4,Matchs
15,Fredrik André Bjørkan,no NOR,DF,Feyenoord,23,1998,0.8,0,1,0,0.0,1.32,0.00,0.00,,21.3,0,0,0,0.0,0.0,0.04,0.0,0.0,Matchs
16,Vurnon Anita,cw CUW,MT,RKC Waalwijk,33,1989,30.8,2,9,2,22.2,0.29,0.07,0.22,1.00,20.1,0,0,0,0.7,0.7,0.07,#ERROR!,#ERROR!,Matchs
17,Oliver Antman,fi FIN,"AT,MT",Groningen,20,2001,7.4,2,12,4,33.3,1.61,0.54,0.17,0.50,18.5,0,0,0,1.3,1.3,0.11,#ERROR!,#ERROR!,Matchs
18,Joey Antonioli,nl NED,MT,Volendam,18,2003,0.4,0,0,0,,0.00,0.00,,,,0,0,0,0.0,0.0,,0.0,0.0,Matchs
19,Jeremy Antonisse,cw CUW,"AT,MT",Emmen,20,2002,8.9,1,23,7,30.4,2.58,0.79,0.04,0.14,19.7,0,0,0,2.5,2.5,0.11,-1.5,-1.5,Matchs
20,Francesco Antonucci,be BEL,"MT,AT",Volendam,23,1999,10.0,2,28,14,50.0,2.79,1.40,0.07,0.14,24.0,0,0,0,1.1,1.1,0.04,#ERROR!,#ERROR!,Matchs
21,Antony,br BRA,AT,Ajax,22,2000,2.0,1,9,2,22.2,4.50,1.00,0.11,0.50,20.0,0,0,0,0.4,0.4,0.04,#ERROR!,#ERROR!,Matchs
22,Miguel Araujo,pe PER,DF,Emmen,27,1994,29.9,1,13,3,23.1,0.43,0.10,0.08,0.33,12.5,0,0,0,1.8,1.8,0.14,-0.8,-0.8,Matchs
23,Carlens Arcus,ht HAI,DF,Vitesse,26,1996,28.0,1,21,5,23.8,0.75,0.18,0.05,0.20,22.7,0,0,0,1.0,1.0,0.05,0.0,0.0,Matchs
24,Jasin Assehnoun,fi FIN,AT,Emmen,23,1998,8.1,1,17,6,35.3,02.09,0.74,0.06,0.17,19.6,0,0,0,1.5,1.5,0.09,-0.5,-0.5,Matchs
25,Adil Auassar,nl NED,DF,Sparta R'dam,35,1986,21.3,0,4,2,50.0,0.19,0.09,0.00,0.00,13.9,0,0,0,0.2,0.2,0.06,-0.2,-0.2,Matchs
Clt,Joueur,Nation,Pos,Équipe,Âge,Naissance,90,Buts,Tirs,TC,TC%,Tir/90,TC/90,B/Tir,B/TC,Dist,CF,PénM,PénT,xG,npxG,npxG/Sh,G-xG,np:G-xG,Matchs
26,Sebbe Augustijns,be BEL,"MT,AT",RKC Waalwijk,22,1999,0.8,0,1,0,0.0,1.30,0.00,0.00,,7.3,0,0,0,0.1,0.1,0.10,-0.1,-0.1,Matchs
27,Fredrik Aursnes,no NOR,MT,Feyenoord,26,1995,2.0,0,2,1,50.0,1.00,0.50,0.00,0.00,19.4,0,0,0,0.1,0.1,0.03,-0.1,-0.1,Matchs
28,Aventis Aventisian,am ARM,"MT,DF",Go Ahead Eag,19,2002,0.1,0,0,0,,0.00,0.00,,,,0,0,0,0.0,0.0,,0.0,0.0,Matchs
29,Maxime Awoudja,de GER,DF,Excelsior,24,1998,2.8,0,2,1,50.0,0.72,0.36,0.00,0.00,11.1,0,0,0,0.2,0.2,0.11,-0.2,-0.2,Matchs
30,Yassin Ayoub,nl NED,MT,Excelsior,28,1994,8.0,0,8,1,12.5,1.00,0.12,0.00,0.00,23.0,1,0,0,0.3,0.3,0.04,-0.3,-0.3,Matchs
31,Marouan Azarkan,nl NED,"AT,MT",Excelsior,20,2001,20.4,3,28,9,32.1,1.38,0.44,0.11,0.33,14.1,1,0,0,3.5,3.5,0.12,-0.5,-0.5,Matchs
32,Julian Baas,nl NED,"MT,AT",Excelsior,20,2002,27.3,3,23,5,21.7,0.84,0.18,0.13,0.60,20.2,4,0,0,2.3,2.3,0.10,#ERROR!,#ERROR!,Matchs
33,Youri Baas,nl NED,DF,Ajax,19,2003,2.1,0,2,0,0.0,0.96,0.00,0.00,,23.3,0,0,0,0.1,0.1,0.04,-0.1,-0.1,Matchs
34,Nikolai Baden Frederiksen,dk DEN,AT,Vitesse,22,2000,5.8,2,25,8,32.0,4.29,1.37,0.08,0.25,22.8,7,0,0,2.1,2.1,0.08,-0.1,-0.1,Matchs
35,Saïd Bakari,km COM,"DF,MT",RKC Waalwijk,27,1994,8.4,0,10,1,10.0,1.19,0.12,0.00,0.00,18.8,0,0,0,0.7,0.7,0.07,-0.7,-0.7,Matchs
36,Johan Bakayoko,be BEL,AT,PSV Eindhoven,19,2003,15.3,5,45,19,42.2,2.95,1.25,0.11,0.26,18.5,0,0,0,3.8,3.8,0.08,#ERROR!,#ERROR!,Matchs
37,Zakaria Bakkali,be BEL,"AT,DF",RKC Waalwijk,26,1996,4.9,3,15,4,26.7,03.03,0.81,0.20,0.75,19.2,0,0,0,1.4,1.4,0.09,#ERROR!,#ERROR!,Matchs
38,Justin Bakker,nl NED,DF,Go Ahead Eag,24,1998,2.5,0,0,0,,0.00,0.00,,,,0,0,0,0.0,0.0,,0.0,0.0,Matchs
39,Remco Balk,nl NED,"AT,MT",Cambuur,21,2001,13.2,1,20,11,55.0,1.52,0.84,0.05,0.09,18.7,0,0,0,1.6,1.6,0.08,-0.6,-0.6,Matchs
40,Radinio Balker,sr SUR,DF,Groningen,23,1998,29.4,1,8,1,12.5,0.27,0.03,0.13,1.00,18.7,0,0,0,0.8,0.8,0.10,#ERROR!,#ERROR!,Matchs
41,Alex Bangura,sl SLE,DF,Cambuur,23,1999,27.2,1,9,2,22.2,0.33,0.07,0.11,0.50,15.8,0,0,0,0.5,0.5,0.06,#ERROR!,#ERROR!,Matchs
42,Yusuf Barasi,tr TUR,"AT,MT",AZ Alkmaar,19,2003,2.1,0,6,2,33.3,2.89,0.96,0.00,0.00,10.8,0,0,0,1.2,1.2,0.19,-1.2,-1.2,Matchs
43,Vasilios Barkas,gr GRE,GB,Utrecht,28,1994,32.0,0,0,0,,0.00,0.00,,,,0,0,0,0.0,0.0,,0.0,0.0,Matchs
44,Cole Bassett,us USA,"MT,AT",Fortuna Sittard,21,2001,2.2,0,4,1,25.0,1.82,0.45,0.00,0.00,12.1,0,0,0,0.4,0.4,0.11,-0.4,-0.4,Matchs
45,Cole Bassett,us USA,AT,Feyenoord,21,2001,0.1,0,1,0,0.0,12.86,0.00,0.00,,15.5,0,0,0,0.2,0.2,0.17,-0.2,-0.2,Matchs
46,Calvin Bassey,ng NGA,DF,Ajax,22,1999,20.1,1,7,2,28.6,0.35,0.10,0.14,0.50,10.6,0,0,0,0.7,0.7,0.11,#ERROR!,#ERROR!,Matchs
47,Riechedly Bazoer,nl NED,"MT,DF",AZ Alkmaar,25,1996,3.7,0,6,2,33.3,1.61,0.54,0.00,0.00,20.8,0,0,0,0.3,0.3,0.05,-0.3,-0.3,Matchs
48,Mads Bech Sørensen,dk DEN,DF,Groningen,23,1999,10.1,0,3,0,0.0,0.30,0.00,0.00,,11.3,0,0,0,0.2,0.2,0.08,-0.2,-0.2,Matchs
49,Sven van Beek,nl NED,DF,Heerenveen,28,1994,15.0,0,9,0,0.0,0.60,0.00,0.00,,18.1,0,0,0,0.4,0.4,0.04,-0.4,-0.4,Matchs
50,Mike van Beijnen,nl NED,DF,Fortuna Sittard,23,1999,0.1,0,0,0,,0.00,0.00,,,,0,0,0,0.0,0.0,,0.0,0.0,Matchs
Clt,Joueur,Nation,Pos,Équipe,Âge,Naissance,90,Buts,Tirs,TC,TC%,Tir/90,TC/90,B/Tir,B/TC,Dist,CF,PénM,PénT,xG,npxG,npxG/Sh,G-xG,np:G-xG,Matchs
51,Jan Bekkema,nl NED,GB,Heerenveen,26,1996,0.0,0,0,0,,0.00,0.00,,,,0,0,0,0.0,0.0,,0.0,0.0,Matchs
52,Iliass Bel Hassani,ma MAR,"MT,AT",RKC Waalwijk,29,1992,14.9,5,40,16,40.0,2.69,01.07,0.13,0.31,22.1,4,0,0,3.0,3.0,0.08,#ERROR!,#ERROR!,Matchs
53,Benaissa Benamar,ma MAR,"DF,MT",Volendam,25,1997,22.8,2,9,3,33.3,0.39,0.13,0.22,0.67,16.1,0,0,0,0.9,0.9,0.10,#ERROR!,#ERROR!,Matchs
54,Mimeirhel Benita,nl NED,DF,Feyenoord,18,2003,0.6,0,0,0,,0.00,0.00,,,,0,0,0,0.0,0.0,,0.0,0.0,Matchs
55,Walter Benítez,ar ARG,GB,PSV Eindhoven,29,1993,30.0,0,0,0,,0.00,0.00,,,,0,0,0,0.0,0.0,,0.0,0.0,Matchs
56,Martijn Berden,nl NED,"AT,MT",Go Ahead Eag,25,1997,0.9,0,3,1,33.3,3.21,01.07,0.00,0.00,17.8,0,0,0,0.1,0.1,0.05,-0.1,-0.1,Matchs
57,Thom van Bergen,nl NED,"AT,DF",Groningen,18,2004,4.1,0,5,2,40.0,1.23,0.49,0.00,0.00,9.9,0,0,0,0.5,0.5,0.11,-0.5,-0.5,Matchs
58,Steven Berghuis,nl NED,"MT,AT",Ajax,30,1991,23.3,9,74,22,29.7,3.17,0.94,0.11,0.36,20.4,3,1,1,5.9,5.1,0.07,#ERROR!,#ERROR!,Matchs
59,Leon Bergsma,nl NED,DF,Cambuur,25,1997,20.4,0,7,2,28.6,0.34,0.10,0.00,0.00,8.8,0,0,0,1.3,1.3,0.18,-1.3,-1.3,Matchs
60,Steven Bergwijn,nl NED,"AT,MT",Ajax,24,1997,26.0,12,86,36,41.9,3.31,1.38,0.14,0.33,17.1,0,0,0,10.2,10.2,0.12,#ERROR!,#ERROR!,Matchs
61,Lucas Bernadou,fr FRA,MT,Emmen,21,2000,21.0,2,10,3,30.0,0.48,0.14,0.20,0.67,20.7,0,0,0,0.5,0.5,0.05,#ERROR!,#ERROR!,Matchs
62,Matúš Bero,sk SVK,"MT,AT",Vitesse,26,1995,30.5,5,58,19,32.8,1.90,0.62,0.07,0.21,18.4,0,1,1,5.4,4.8,0.08,-0.4,-0.8,Matchs
63,Vicente Besuijen,nl NED,"AT,MT",Excelsior,21,2001,0.7,0,1,0,0.0,1.38,0.00,0.00,,9.6,0,0,0,0.1,0.1,0.10,-0.1,-0.1,Matchs
64,Sam Beukema,nl NED,DF,AZ Alkmaar,23,1998,24.4,2,11,4,36.4,0.45,0.16,0.18,0.50,9.4,0,0,0,1.2,1.2,0.11,#ERROR!,#ERROR!,Matchs
65,Bartosz Białek,pl POL,AT,Vitesse,20,2001,17.0,5,35,11,31.4,02.05,0.65,0.14,0.45,13.9,0,0,0,4.7,4.7,0.14,#ERROR!,#ERROR!,Matchs
66,Mika Biereth,dk DEN,"AT,MT",RKC Waalwijk,19,2003,3.4,2,14,7,50.0,4.10,02.05,0.14,0.29,13.2,0,0,0,1.8,1.8,0.13,#ERROR!,#ERROR!,Matchs
67,Justin Bijlow,nl NED,GB,Feyenoord,24,1998,25.0,0,0,0,,0.00,0.00,,,,0,0,0,0.0,0.0,,0.0,0.0,Matchs
68,Kristijan Bistrović,hr CRO,MT,Fortuna Sittard,24,1998,12.8,1,20,8,40.0,1.56,0.62,0.05,0.13,21.2,2,0,0,1.7,1.7,0.09,-0.7,-0.7,Matchs
69,Daley Blind,nl NED,DF,Ajax,32,1990,10.5,0,9,0,0.0,0.86,0.00,0.00,,18.9,0,0,0,0.5,0.5,0.05,-0.5,-0.5,Matchs
70,Thijmen Blokzijl,nl NED,DF,Groningen,17,2005,13.1,0,6,1,16.7,0.46,0.08,0.00,0.00,18.6,0,0,0,0.4,0.4,0.07,-0.4,-0.4,Matchs
71,Jordi Blom,nl NED,AT,Volendam,20,2002,0.5,0,0,0,,0.00,0.00,,,,0,0,0,0.0,0.0,,0.0,0.0,Matchs
72,Xander Blomme,be BEL,MT,Go Ahead Eag,20,2002,4.2,1,3,1,33.3,0.72,0.24,0.33,1.00,22.8,0,0,0,0.2,0.2,0.06,#ERROR!,#ERROR!,Matchs
73,Paweł Bochniewicz,pl POL,DF,Heerenveen,26,1996,32.3,2,21,8,38.1,0.65,0.25,0.10,0.25,11.0,0,0,0,2.3,2.3,0.11,-0.3,-0.3,Matchs
74,Jan de Boer,nl NED,GB,Groningen,22,2000,2.5,0,0,0,,0.00,0.00,,,,0,0,0,0.0,0.0,,0.0,0.0,Matchs
75,Tom Boere,nl NED,AT,Cambuur,29,1992,6.8,0,9,2,22.2,1.31,0.29,0.00,0.00,13.2,0,0,0,1.3,1.3,0.14,-1.3,-1.3,Matchs
Clt,Joueur,Nation,Pos,Équipe,Âge,Naissance,90,Buts,Tirs,TC,TC%,Tir/90,TC/90,B/Tir,B/TC,Dist,CF,PénM,PénT,xG,npxG,npxG/Sh,G-xG,np:G-xG,Matchs
76,Taylor Booth,us USA,"AT,MT",Utrecht,21,2001,17.3,2,27,13,48.1,1.56,0.75,0.07,0.15,20.1,0,0,0,2.2,2.2,0.08,-0.2,-0.2,Matchs
77,Olivier Boscagli,fr FRA,DF,PSV Eindhoven,24,1997,2.4,1,1,1,100.0,0.41,0.41,1.00,1.00,3.4,0,0,0,0.8,0.8,0.77,#ERROR!,#ERROR!,Matchs
78,Mohamed Bouchouari,be BEL,DF,Emmen,21,2000,19.3,1,29,7,24.1,1.50,0.36,0.03,0.14,24.3,1,0,0,1.1,1.1,0.04,-0.1,-0.1,Matchs
79,Othman Boussaid,be BEL,"AT,MT",Utrecht,22,2000,23.2,3,40,8,20.0,1.73,0.35,0.08,0.38,20.5,0,0,0,2.8,2.8,0.07,#ERROR!,#ERROR!,Matchs
80,Can Bozdogan,de GER,MT,Utrecht,21,2001,17.3,1,34,16,47.1,1.96,0.92,0.03,0.06,23.4,2,0,0,2.2,2.2,0.06,-1.2,-1.2,Matchs
81,Wout Brama,nl NED,MT,Twente,35,1986,2.3,0,1,0,0.0,0.44,0.00,0.00,,11.9,0,0,0,0.1,0.1,0.05,-0.1,-0.1,Matchs
82,Mattijs Branderhorst,nl NED,GB,NEC Nijmegen,28,1993,2.0,0,0,0,,0.00,0.00,,,,0,0,0,0.0,0.0,,0.0,0.0,Matchs
83,Jarrad Branthwaite,eng ENG,DF,PSV Eindhoven,20,2002,22.1,2,18,4,22.2,0.81,0.18,0.11,0.50,12.4,0,0,0,1.6,1.6,0.09,#ERROR!,#ERROR!,Matchs
84,Myron van Brederode,nl NED,AT,AZ Alkmaar,19,2003,13.3,4,14,6,42.9,01.05,0.45,0.29,0.67,17.3,1,0,0,1.5,1.5,0.11,#ERROR!,#ERROR!,Matchs
85,Michael Breij,nl NED,"AT,MT",Cambuur,25,1997,16.2,2,28,10,35.7,1.73,0.62,0.07,0.20,18.6,0,0,0,3.0,3.0,0.11,-1.0,-1.0,Matchs
86,Joshua Brenet,nl NED,DF,Twente,28,1994,27.9,7,34,14,41.2,1.22,0.50,0.21,0.50,13.4,0,0,0,5.6,5.6,0.16,#ERROR!,#ERROR!,Matchs
87,Brian Brobbey,nl NED,AT,Ajax,20,2002,18.3,13,65,31,47.7,3.55,1.69,0.20,0.42,10.1,0,0,0,14.4,14.4,0.22,-1.4,-1.4,Matchs
88,Ilias Bronkhorst,nl NED,"AT,DF",NEC Nijmegen,25,1997,0.6,0,1,0,0.0,1.76,0.00,0.00,,32.1,0,0,0,0.0,0.0,0.01,0.0,0.0,Matchs
89,Patrick Brouwer,nl NED,"AT,MT",Sparta R'dam,21,2001,0.0,0,0,0,,0.00,0.00,,,,0,0,0,0.0,0.0,,0.0,0.0,Matchs
90,Luuk Brouwers,nl NED,MT,Utrecht,24,1998,18.0,0,9,4,44.4,0.50,0.22,0.00,0.00,20.2,0,0,0,0.8,0.8,0.09,-0.8,-0.8,Matchs
91,Jordy Bruijn,nl NED,"MT,AT",NEC Nijmegen,26,1996,6.4,2,13,4,30.8,02.04,0.63,0.08,0.25,19.2,1,1,1,2.3,1.5,0.12,-0.3,-0.5,Matchs
92,Jeffrey Bruma,nl NED,DF,Heerenveen,30,1991,7.3,0,1,0,0.0,0.14,0.00,0.00,,13.3,0,0,0,0.0,0.0,0.02,0.0,0.0,Matchs
93,Max Bruns,nl NED,"DF,MT",Twente,19,2002,4.8,0,1,0,0.0,0.21,0.00,0.00,,7.7,0,0,0,0.1,0.1,0.14,-0.1,-0.1,Matchs
94,Charles-Andréas Brym,ca CAN,"AT,DF",Sparta R'dam,23,1998,0.1,0,0,0,,0.00,0.00,,,,0,0,0,0.0,0.0,,0.0,0.0,Matchs
95,Thomas Buitink,nl NED,"AT,DF",Vitesse,22,2000,1.4,0,1,0,0.0,0.71,0.00,0.00,,30.2,0,0,0,0.0,0.0,0.03,0.0,0.0,Matchs
96,Thomas Buitink,nl NED,"AT,MT",Fortuna Sittard,22,2000,4.1,0,11,6,54.5,2.66,1.45,0.00,0.00,17.0,0,0,0,0.9,0.9,0.09,-0.9,-0.9,Matchs
97,Ezequiel Bullaude,ar ARG,"MT,AT",Feyenoord,21,2000,1.7,0,7,2,28.6,4.14,1.18,0.00,0.00,12.8,0,0,0,0.7,0.7,0.10,-0.7,-0.7,Matchs
98,Lorenzo Burnet,nl NED,DF,Emmen,31,1991,14.7,0,3,1,33.3,0.20,0.07,0.00,0.00,22.1,0,0,0,0.2,0.2,0.06,-0.2,-0.2,Matchs
99,Oskar Buur,dk DEN,"DF,MT",Volendam,24,1998,9.1,1,4,1,25.0,0.44,0.11,0.25,1.00,13.3,0,0,0,0.3,0.3,0.07,#ERROR!,#ERROR!,Matchs
100,Zico Buurmeester,nl NED,MT,AZ Alkmaar,20,2002,0.7,1,1,1,100.0,1.45,1.45,1.00,1.00,15.9,0,0,0,0.2,0.2,0.17,#ERROR!,#ERROR!,Matchs
Clt,Joueur,Nation,Pos,Équipe,Âge,Naissance,90,Buts,Tirs,TC,TC%,Tir/90,TC/90,B/Tir,B/TC,Dist,CF,PénM,PénT,xG,npxG,npxG/Sh,G-xG,np:G-xG,Matchs
101,Gianmarco Cangiano,it ITA,"MT,AT",Fortuna Sittard,20,2001,0.6,0,1,0,0.0,1.64,0.00,0.00,,28.9,0,0,0,0.0,0.0,0.03,0.0,0.0,Matchs
102,Joel Castro Pereira,pt POR,GB,RKC Waalwijk,26,1996,2.0,0,0,0,,0.00,0.00,,,,0,0,0,0.0,0.0,,0.0,0.0,Matchs
103,Václav Černý,cz CZE,AT,Twente,24,1997,26.5,13,97,30,30.9,3.66,1.13,0.13,0.43,20.8,4,0,0,7.4,7.4,0.08,#ERROR!,#ERROR!,Matchs
104,Matěj Chaluš,cz CZE,DF,Groningen,24,1998,4.4,0,3,0,0.0,0.68,0.00,0.00,,16.2,0,0,0,0.1,0.1,0.03,-0.1,-0.1,Matchs
105,Jasper Cillessen,nl NED,GB,NEC Nijmegen,33,1989,32.0,0,0,0,,0.00,0.00,,,,0,0,0,0.0,0.0,,0.0,0.0,Matchs
106,Ibrahim Cissoko,nl NED,AT,NEC Nijmegen,19,2003,9.5,2,24,5,20.8,2.51,0.52,0.08,0.40,15.9,0,0,0,2.4,2.4,0.10,-0.4,-0.4,Matchs
107,Jordy Clasie,nl NED,MT,AZ Alkmaar,31,1991,32.2,3,22,6,27.3,0.68,0.19,0.14,0.50,24.7,0,0,0,1.5,1.5,0.07,#ERROR!,#ERROR!,Matchs
108,Pelle Clement,nl NED,MT,RKC Waalwijk,26,1996,26.3,2,28,8,28.6,01.06,0.30,0.07,0.25,17.5,0,0,0,3.2,3.2,0.11,-1.2,-1.2,Matchs
109,Denilho Cleonise,nl NED,AT,Twente,20,2001,2.7,1,3,1,33.3,1.13,0.38,0.33,1.00,17.6,0,0,0,0.5,0.5,0.18,#ERROR!,#ERROR!,Matchs
110,Antoine Colassin,be BEL,"AT,MT",Heerenveen,21,2001,8.3,3,23,9,39.1,2.77,01.08,0.13,0.33,19.5,0,0,0,1.3,1.3,0.06,#ERROR!,#ERROR!,Matchs
111,Francisco Conceição,pt POR,"AT,MT",Ajax,19,2002,5.8,0,19,6,31.6,3.26,01.03,0.00,0.00,16.4,0,0,0,1.9,1.9,0.10,-1.9,-1.9,Matchs
112,Iñigo Córdoba,es ESP,"AT,MT",Fortuna Sittard,25,1997,25.4,5,51,16,31.4,2.00,0.63,0.10,0.31,17.9,0,0,0,4.1,4.1,0.08,#ERROR!,#ERROR!,Matchs
113,Enzo Cornelisse,nl NED,DF,Vitesse,19,2003,14.9,0,8,2,25.0,0.54,0.13,0.00,0.00,12.5,1,0,0,1.1,1.1,0.14,-1.1,-1.1,Matchs
114,George Cox,eng ENG,DF,Fortuna Sittard,24,1998,23.9,0,18,3,16.7,0.75,0.13,0.00,0.00,24.6,2,0,0,0.6,0.6,0.04,-0.6,-0.6,Matchs
115,Vito van Crooy,nl NED,AT,Sparta R'dam,26,1996,31.7,12,62,28,45.2,1.95,0.88,0.13,0.29,22.0,12,4,5,9.5,5.6,0.09,#ERROR!,#ERROR!,Matchs
116,Lennerd Daneels,be BEL,AT,RKC Waalwijk,24,1998,2.0,0,0,0,,0.00,0.00,,,,0,0,0,0.0,0.0,,0.0,0.0,Matchs
117,Danilo,br BRA,AT,Feyenoord,23,1999,14.8,10,63,25,39.7,4.24,1.68,0.14,0.36,14.2,1,1,1,10.2,9.4,0.15,-0.2,-0.4,Matchs
118,Damil Dankerlui,sr SUR,DF,Groningen,25,1996,8.7,0,3,1,33.3,0.34,0.11,0.00,0.00,16.4,0,0,0,0.4,0.4,0.13,-0.4,-0.4,Matchs
119,Oussama Darfalou,dz ALG,"AT,MT",Emmen,28,1993,1.9,0,6,2,33.3,03.09,01.03,0.00,0.00,12.1,0,0,0,0.8,0.8,0.13,-0.8,-0.8,Matchs
120,Jeffrey De Lange,nl NED,GB,Go Ahead Eag,24,1998,34.0,0,0,0,,0.00,0.00,,,,0,0,0,0.0,0.0,,0.0,0.0,Matchs
121,Mats Deijl,nl NED,DF,Go Ahead Eag,25,1997,31.2,2,14,4,28.6,0.45,0.13,0.14,0.50,16.6,0,0,0,0.8,0.8,0.06,#ERROR!,#ERROR!,Matchs
122,Maxim Dekker,nl NED,DF,AZ Alkmaar,18,2004,9.4,1,2,1,50.0,0.21,0.11,0.50,1.00,7.6,0,0,0,0.3,0.3,0.13,#ERROR!,#ERROR!,Matchs
123,Mickey van der Hart,nl NED,GB,Emmen,28,1994,25.0,0,0,0,,0.00,0.00,,,,0,0,0,0.0,0.0,,0.0,0.0,Matchs
124,Mike van der Hoorn,nl NED,DF,Utrecht,29,1992,23.2,1,23,4,17.4,0.99,0.17,0.04,0.25,9.6,0,0,0,2.0,2.0,0.09,-1.0,-1.0,Matchs
125,Djevencio van der Kust,sr SUR,DF,Utrecht,21,2001,6.4,0,3,0,0.0,0.47,0.00,0.00,,12.1,0,0,0,0.3,0.3,0.11,-0.3,-0.3,Matchs
Clt,Joueur,Nation,Pos,Équipe,Âge,Naissance,90,Buts,Tirs,TC,TC%,Tir/90,TC/90,B/Tir,B/TC,Dist,CF,PénM,PénT,xG,npxG,npxG/Sh,G-xG,np:G-xG,Matchs
126,Mark van der Maarel,nl NED,DF,Utrecht,32,1989,24.3,0,7,1,14.3,0.29,0.04,0.00,0.00,13.5,0,0,0,0.7,0.7,0.09,-0.7,-0.7,Matchs
127,Silvester van der Water,nl NED,"AT,MT",Cambuur,25,1996,13.2,1,17,10,58.8,1.29,0.76,0.06,0.10,18.5,0,0,0,1.9,1.9,0.11,-0.9,-0.9,Matchs
128,Anthony Descotte,be BEL,"AT,MT",Utrecht,18,2003,1.2,1,4,2,50.0,3.27,1.64,0.25,0.50,17.4,0,0,0,0.3,0.3,0.07,#ERROR!,#ERROR!,Matchs
129,Mark Diemers,nl NED,"MT,AT",Emmen,28,1993,30.2,2,66,21,31.8,2.18,0.69,0.03,0.10,23.7,9,0,0,4.2,4.2,0.06,-2.2,-2.2,Matchs
130,Mitchell Dijks,nl NED,DF,Vitesse,29,1993,3.3,0,0,0,,0.00,0.00,,,,0,0,0,0.0,0.0,,0.0,0.0,Matchs
131,Javairô Dilrosun,nl NED,"AT,MT",Feyenoord,24,1998,20.9,5,53,16,30.2,2.54,0.77,0.09,0.31,20.4,2,0,0,3.3,3.3,0.06,#ERROR!,#ERROR!,Matchs
132,Landry Dimata,be BEL,AT,NEC Nijmegen,24,1997,24.4,10,55,20,36.4,2.25,0.82,0.13,0.35,13.2,0,3,3,10.6,8.3,0.15,-0.6,-1.3,Matchs
133,Julius Dirksen,nl NED,DF,Emmen,19,2003,15.6,0,10,4,40.0,0.64,0.26,0.00,0.00,20.2,0,0,0,0.7,0.7,0.07,-0.7,-0.7,Matchs
134,Toni Domgjoni,xk KVX,MT,Vitesse,23,1998,3.3,0,5,1,20.0,1.51,0.30,0.00,0.00,16.5,0,0,0,0.5,0.5,0.10,-0.5,-0.5,Matchs
135,Jacky Donkor,be BEL,"AT,MT",Excelsior,23,1998,0.7,0,3,1,33.3,04.03,1.34,0.00,0.00,26.6,0,0,0,0.2,0.2,0.05,-0.2,-0.2,Matchs
136,Bas Dost,nl NED,AT,Utrecht,33,1989,15.0,9,36,18,50.0,2.40,1.20,0.25,0.50,10.6,0,0,0,6.1,6.1,0.17,#ERROR!,#ERROR!,Matchs
137,Achraf Douiri,nl NED,"DF,AT",Volendam,22,1999,4.2,0,3,0,0.0,0.71,0.00,0.00,,21.2,0,0,0,0.1,0.1,0.04,-0.1,-0.1,Matchs
138,Anastasios Douvikas,gr GRE,AT,Utrecht,22,1999,23.8,19,76,35,46.1,3.20,1.47,0.21,0.46,12.6,0,3,4,15.7,12.5,0.16,#ERROR!,#ERROR!,Matchs
139,Couhaib Driouech,ma MAR,"AT,MT",Excelsior,20,2002,26.0,3,50,20,40.0,1.92,0.77,0.06,0.15,18.0,0,0,0,5.6,5.6,0.11,-2.6,-2.6,Matchs
140,Joel Drommel,nl NED,GB,PSV Eindhoven,25,1996,4.0,0,0,0,,0.00,0.00,,,,0,0,0,0.0,0.0,,0.0,0.0,Matchs
141,Deroy Duarte,cv CPV,MT,Fortuna Sittard,23,1999,15.9,1,6,2,33.3,0.38,0.13,0.17,0.50,23.4,0,0,0,0.3,0.3,0.04,#ERROR!,#ERROR!,Matchs
142,Laros Duarte,cv CPV,MT,Groningen,25,1997,20.0,2,29,8,27.6,1.45,0.40,0.07,0.25,27.2,10,0,0,1.0,1.0,0.03,#ERROR!,#ERROR!,Matchs
143,Mikkel Duelund,dk DEN,"MT,AT",NEC Nijmegen,25,1997,10.3,1,18,4,22.2,1.74,0.39,0.06,0.25,16.2,0,0,0,1.5,1.5,0.08,-0.5,-0.5,Matchs
144,Billy van Duijl,nl NED,DF,Volendam,16,2005,1.7,0,0,0,,0.00,0.00,,,,0,0,0,0.0,0.0,,0.0,0.0,Matchs
145,Mike van Duinen,nl NED,"AT,MT",Excelsior,30,1991,11.1,0,24,6,25.0,2.17,0.54,0.00,0.00,13.8,0,0,0,2.1,2.1,0.09,-2.1,-2.1,Matchs
146,Jorge Eduardo Sánchez,mx MEX,DF,Ajax,24,1997,12.3,2,15,6,40.0,1.22,0.49,0.13,0.33,16.0,0,0,0,1.5,1.5,0.10,#ERROR!,#ERROR!,Matchs
147,Oliver Edvardsen,no NOR,"AT,MT",Go Ahead Eag,23,1999,22.6,7,41,19,46.3,1.82,0.84,0.17,0.37,17.1,1,0,0,5.3,5.3,0.14,#ERROR!,#ERROR!,Matchs
148,Mike Eerdhuijzen,nl NED,DF,Sparta R'dam,22,2000,13.1,0,6,0,0.0,0.46,0.00,0.00,,17.1,0,0,0,0.2,0.2,0.04,-0.2,-0.2,Matchs
149,Joshua Eijgenraam,nl NED,MT,Excelsior,21,2001,6.6,0,4,0,0.0,0.60,0.00,0.00,,26.2,0,0,0,0.2,0.2,0.05,-0.2,-0.2,Matchs
150,Carel Eiting,nl NED,MT,Volendam,24,1998,33.7,3,27,8,29.6,0.80,0.24,0.11,0.38,18.9,1,0,0,1.8,1.8,0.07,#ERROR!,#ERROR!,Matchs
Clt,Joueur,Nation,Pos,Équipe,Âge,Naissance,90,Buts,Tirs,TC,TC%,Tir/90,TC/90,B/Tir,B/TC,Dist,CF,PénM,PénT,xG,npxG,npxG/Sh,G-xG,np:G-xG,Matchs
151,Úmaro Embaló,pt POR,"AT,MT",Fortuna Sittard,21,2001,16.3,3,21,9,42.9,1.29,0.55,0.14,0.33,17.6,0,0,0,1.6,1.6,0.08,#ERROR!,#ERROR!,Matchs
152,Mario Engels,de GER,"AT,DF",Sparta R'dam,28,1993,0.6,1,1,1,100.0,1.73,1.73,1.00,1.00,10.3,0,0,0,0.2,0.2,0.25,#ERROR!,#ERROR!,Matchs
153,Doğan Erdoğan,tr TUR,"MT,DF",Fortuna Sittard,25,1996,18.8,0,2,0,0.0,0.11,0.00,0.00,,28.8,0,0,0,0.0,0.0,0.02,0.0,0.0,Matchs
154,Luca Everink,nl NED,"DF,AT",Twente,21,2001,0.6,0,0,0,,0.00,0.00,,,,0,0,0,0.0,0.0,,0.0,0.0,Matchs
155,Håkon Evjen,no NOR,AT,AZ Alkmaar,22,2000,5.7,0,14,3,21.4,2.46,0.53,0.00,0.00,21.4,0,0,0,0.9,0.9,0.07,-0.9,-0.9,Matchs
156,Milan van Ewijk,nl NED,DF,Heerenveen,21,2000,34.0,6,37,19,51.4,01.09,0.56,0.16,0.32,20.9,2,0,0,3.9,3.9,0.11,#ERROR!,#ERROR!,Matchs
157,Raphaël Eyongo,nl NED,"AT,MT",Excelsior,19,2003,0.9,0,1,1,100.0,1.10,1.10,0.00,0.00,11.9,0,0,0,0.1,0.1,0.10,-0.1,-0.1,Matchs
158,Andri Fannar Baldursson,is ISL,MT,NEC Nijmegen,20,2002,2.4,0,1,1,100.0,0.42,0.42,0.00,0.00,15.9,0,0,0,0.2,0.2,0.21,-0.2,-0.2,Matchs
159,Adrian Fein,de GER,MT,Excelsior,23,1999,8.1,0,3,1,33.3,0.37,0.12,0.00,0.00,26.3,0,0,0,0.1,0.1,0.04,-0.1,-0.1,Matchs
160,Kevin Felida,cw CUW,MT,RKC Waalwijk,22,1999,0.8,0,1,0,0.0,1.22,0.00,0.00,,17.9,0,0,0,0.1,0.1,0.06,-0.1,-0.1,Matchs
161,Arianit Ferati,xk KVX,MT,Fortuna Sittard,24,1997,16.4,1,16,2,12.5,0.97,0.12,0.06,0.50,26.1,0,0,0,0.6,0.6,0.04,#ERROR!,#ERROR!,Matchs
162,Derensili Fernandes,nl NED,"AT,DF",Utrecht,21,2001,0.5,0,0,0,,0.00,0.00,,,,0,0,0,0.0,0.0,,0.0,0.0,Matchs
163,Rashaan Fernandes,nl NED,"MT,AT",Go Ahead Eag,23,1998,8.0,0,11,4,36.4,1.37,0.50,0.00,0.00,17.4,0,0,0,0.8,0.8,0.07,-0.8,-0.8,Matchs
164,Kian Fitz-Jim,nl NED,"MT,DF",Ajax,19,2003,0.2,0,2,0,0.0,10.00,0.00,0.00,,24.8,0,0,0,0.1,0.1,0.03,-0.1,-0.1,Matchs
165,Ryan Flamingo,nl NED,"DF,MT",Vitesse,19,2002,29.8,3,32,6,18.8,01.07,0.20,0.09,0.50,11.4,0,0,0,3.0,3.0,0.09,0.0,0.0,Matchs
166,Josh Flint,eng ENG,DF,Volendam,21,2000,7.8,0,3,1,33.3,0.39,0.13,0.00,0.00,8.7,0,0,0,0.3,0.3,0.10,-0.3,-0.3,Matchs
167,Fodé Fofana,nl NED,AT,PSV Eindhoven,19,2002,0.2,0,0,0,,0.00,0.00,,,,0,0,0,0.0,0.0,,0.0,0.0,Matchs
168,José Fontán,es ESP,DF,Go Ahead Eag,22,2000,12.3,1,7,2,28.6,0.57,0.16,0.14,0.50,18.9,0,0,0,0.5,0.5,0.07,#ERROR!,#ERROR!,Matchs
169,Navarone Foor,nl NED,"MT,AT",Cambuur,30,1992,13.8,2,27,7,25.9,1.95,0.51,0.07,0.29,21.5,4,0,0,2.5,2.5,0.09,-0.5,-0.5,Matchs
170,Juriën Gaari,cw CUW,DF,RKC Waalwijk,28,1993,32.4,0,8,2,25.0,0.25,0.06,0.00,0.00,17.5,0,0,0,0.9,0.9,0.12,-0.9,-0.9,Matchs
171,Cody Gakpo,nl NED,AT,PSV Eindhoven,23,1999,12.5,9,49,24,49.0,3.93,1.93,0.14,0.29,16.1,2,2,2,6.3,4.7,0.10,#ERROR!,#ERROR!,Matchs
172,Stijn van Gassel,nl NED,GB,Excelsior,25,1996,33.7,0,0,0,,0.00,0.00,,,,0,0,0,0.0,0.0,,0.0,0.0,Matchs
173,Lutsharel Geertruida,nl NED,"DF,MT",Feyenoord,22,2000,28.6,3,26,8,30.8,0.91,0.28,0.12,0.38,17.7,0,0,0,3.2,3.2,0.12,-0.2,-0.2,Matchs
174,Liam van Gelderen,nl NED,"DF,MT",Groningen,21,2001,11.9,1,8,2,25.0,0.67,0.17,0.13,0.50,22.9,0,0,0,0.7,0.7,0.08,#ERROR!,#ERROR!,Matchs
175,Anwar El Ghazi,nl NED,AT,PSV Eindhoven,27,1995,13.1,8,39,15,38.5,2.97,1.14,0.21,0.53,16.0,4,0,0,4.6,4.6,0.12,#ERROR!,#ERROR!,Matchs
Clt,Joueur,Nation,Pos,Équipe,Âge,Naissance,90,Buts,Tirs,TC,TC%,Tir/90,TC/90,B/Tir,B/TC,Dist,CF,PénM,PénT,xG,npxG,npxG/Sh,G-xG,np:G-xG,Matchs
176,Santiago Giménez,mx MEX,AT,Feyenoord,21,2001,21.4,15,86,29,33.7,04.02,1.36,0.17,0.52,12.8,0,0,0,14.7,14.7,0.17,#ERROR!,#ERROR!,Matchs
177,Marco van Ginkel,nl NED,MT,Vitesse,29,1992,11.9,2,19,4,21.1,1.60,0.34,0.11,0.50,18.2,2,0,0,1.7,1.7,0.09,#ERROR!,#ERROR!,Matchs
178,Marco van Ginkel,nl NED,DF,PSV Eindhoven,29,1992,0.1,0,0,0,,0.00,0.00,,,,0,0,0,0.0,0.0,,0.0,0.0,Matchs
179,Paul Gladon,nl NED,"AT,MT",Fortuna Sittard,30,1992,15.4,7,45,13,28.9,2.92,0.84,0.13,0.46,12.8,0,1,1,5.6,4.8,0.11,#ERROR!,#ERROR!,Matchs
180,Mika Godts,be BEL,AT,Ajax,17,2005,0.2,0,1,0,0.0,5.63,0.00,0.00,,13.0,0,0,0,0.0,0.0,0.02,0.0,0.0,Matchs
181,Wouter Goes,nl NED,DF,AZ Alkmaar,18,2004,7.3,1,2,1,50.0,0.27,0.14,0.50,1.00,6.2,0,0,0,0.6,0.6,0.32,#ERROR!,#ERROR!,Matchs
182,Kenzo Goudmijn,nl NED,MT,Excelsior,20,2001,31.2,4,36,13,36.1,1.16,0.42,0.11,0.31,18.3,1,0,0,3.3,3.3,0.09,#ERROR!,#ERROR!,Matchs
183,Florian Grillitsch,at AUT,"MT,DF",Ajax,26,1995,4.7,0,1,0,0.0,0.21,0.00,0.00,,13.1,0,0,0,0.0,0.0,0.02,0.0,0.0,Matchs
184,Metehan Güçlü,tr TUR,AT,Emmen,23,1999,0.1,0,1,0,0.0,10.00,0.00,0.00,,4.0,0,0,0,0.1,0.1,0.13,-0.1,-0.1,Matchs
185,Rodrigo Guth,br BRA,DF,Fortuna Sittard,21,2000,33.4,1,13,4,30.8,0.39,0.12,0.08,0.25,10.8,0,0,0,1.2,1.2,0.09,-0.2,-0.2,Matchs
186,Erick Gutiérrez,mx MEX,MT,PSV Eindhoven,27,1995,16.2,2,18,6,33.3,1.11,0.37,0.11,0.33,15.8,0,0,0,1.4,1.4,0.08,#ERROR!,#ERROR!,Matchs
187,Jonathan de Guzmán,nl NED,MT,Sparta R'dam,34,1987,15.5,2,8,2,25.0,0.52,0.13,0.25,1.00,26.4,1,0,0,0.4,0.4,0.05,#ERROR!,#ERROR!,Matchs
188,Tomáš Hájek,,"DF,AT",Vitesse,30,1991,1.9,0,1,0,0.0,0.53,0.00,0.00,,13.8,0,0,0,0.1,0.1,0.08,-0.1,-0.1,Matchs
189,Rami Al Hajj,se SWE,"MT,AT",Heerenveen,20,2001,7.6,0,20,8,40.0,2.62,01.05,0.00,0.00,18.0,0,0,0,1.5,1.5,0.08,-1.5,-1.5,Matchs
190,Tibor Halilović,hr CRO,MT,Heerenveen,27,1995,7.6,0,20,5,25.0,2.64,0.66,0.00,0.00,22.9,0,0,0,1.0,0.9,0.05,-1.0,-0.9,Matchs
191,Dávid Hancko,sk SVK,DF,Feyenoord,24,1997,30.5,2,42,11,26.2,1.38,0.36,0.05,0.18,13.1,0,0,0,3.1,3.1,0.08,-1.1,-1.1,Matchs
192,Jeff Hardeveld,nl NED,DF,Emmen,27,1995,3.9,0,3,1,33.3,0.76,0.25,0.00,0.00,12.7,0,0,0,0.1,0.1,0.05,-0.1,-0.1,Matchs
193,Quilindschy Hartman,nl NED,DF,Feyenoord,20,2001,18.5,2,11,5,45.5,0.59,0.27,0.18,0.40,20.6,0,0,0,0.4,0.4,0.03,#ERROR!,#ERROR!,Matchs
194,Jorrel Hato,nl NED,DF,Ajax,16,2006,6.8,0,1,1,100.0,0.15,0.15,0.00,0.00,11.5,0,0,0,0.1,0.1,0.12,-0.1,-0.1,Matchs
195,Pantelis Hatzidiakos,gr GRE,DF,AZ Alkmaar,25,1997,30.9,0,19,2,10.5,0.61,0.06,0.00,0.00,16.1,0,0,0,2.1,2.1,0.11,-2.1,-2.1,Matchs
196,Thom Haye,id IDN,MT,Heerenveen,27,1995,30.2,2,39,8,20.5,1.29,0.26,0.05,0.25,27.9,8,0,0,1.5,1.5,0.04,#ERROR!,#ERROR!,Matchs
197,Thorgan Hazard,be BEL,"AT,MT",PSV Eindhoven,29,1993,2.7,1,5,2,40.0,1.85,0.74,0.20,0.50,21.0,0,0,0,0.3,0.3,0.06,#ERROR!,#ERROR!,Matchs
198,Ramon Hendriks,nl NED,DF,Utrecht,21,2001,3.3,0,1,0,0.0,0.30,0.00,0.00,,11.4,0,0,0,0.0,0.0,0.04,0.0,0.0,Matchs
199,Sam Hendriks,nl NED,MT,Cambuur,27,1995,0.1,0,0,0,,0.00,0.00,,,,0,0,0,0.0,0.0,,0.0,0.0,Matchs
200,Michaël Heylen,be BEL,"DF,MT",Emmen,28,1994,3.7,0,0,0,,0.00,0.00,,,,0,0,0,0.0,0.0,,0.0,0.0,Matchs
Clt,Joueur,Nation,Pos,Équipe,Âge,Naissance,90,Buts,Tirs,TC,TC%,Tir/90,TC/90,B/Tir,B/TC,Dist,CF,PénM,PénT,xG,npxG,npxG/Sh,G-xG,np:G-xG,Matchs
201,Mees Hilgers,nl NED,DF,Twente,21,2001,22.6,1,7,1,14.3,0.31,0.04,0.14,1.00,15.7,0,0,0,0.7,0.7,0.09,#ERROR!,#ERROR!,Matchs
202,Mees Hoedemakers,nl NED,MT,Cambuur,24,1998,24.0,3,31,11,35.5,1.29,0.46,0.10,0.27,23.7,3,0,0,1.8,1.8,0.06,#ERROR!,#ERROR!,Matchs
203,Danny Hoesen,nl NED,AT,Emmen,31,1991,1.2,0,0,0,,0.00,0.00,,,,0,0,0,0.0,0.0,,0.0,0.0,Matchs
204,Ki-Jana Hoever,nl NED,DF,PSV Eindhoven,20,2002,2.3,0,4,0,0.0,1.71,0.00,0.00,,8.5,0,0,0,0.5,0.5,0.12,-0.5,-0.5,Matchs
205,Elias Hoff Melkersen,no NOR,AT,Sparta R'dam,19,2002,0.1,0,0,0,,0.00,0.00,,,,0,0,0,0.0,0.0,,0.0,0.0,Matchs
206,Sydney van Hooijdonk,nl NED,AT,Heerenveen,22,2000,28.9,16,90,34,37.8,3.11,1.17,0.17,0.44,14.5,7,1,1,14.0,13.1,0.15,#ERROR!,#ERROR!,Matchs
207,Siebe Horemans,be BEL,DF,Excelsior,24,1998,32.4,3,25,7,28.0,0.77,0.22,0.12,0.43,13.6,0,0,0,2.4,2.4,0.09,#ERROR!,#ERROR!,Matchs
208,Jeroen Houwen,nl NED,GB,Vitesse,26,1996,2.2,0,0,0,,0.00,0.00,,,,0,0,0,0.0,0.0,,0.0,0.0,Matchs
209,Johan Hove,no NOR,MT,Groningen,21,2000,16.3,2,23,4,17.4,1.41,0.24,0.09,0.50,21.1,2,0,0,1.6,1.6,0.07,#ERROR!,#ERROR!,Matchs
210,Daan Huisman,nl NED,MT,Vitesse,20,2002,0.4,0,0,0,,0.00,0.00,,,,0,0,0,0.0,0.0,,0.0,0.0,Matchs
211,Oussama Idrissi,ma MAR,AT,Feyenoord,26,1996,15.9,4,39,23,59.0,2.46,1.45,0.10,0.17,20.4,1,0,0,2.6,2.6,0.07,#ERROR!,#ERROR!,Matchs
212,Jay Idzes,id IDN,"DF,MT",Go Ahead Eag,22,2000,31.7,1,22,5,22.7,0.69,0.16,0.05,0.20,12.7,0,0,0,1.8,1.8,0.08,-0.8,-0.8,Matchs
213,Daleho Irandust,sy SYR,"AT,MT",Groningen,24,1998,8.3,0,12,3,25.0,1.45,0.36,0.00,0.00,21.1,1,0,0,1.2,1.2,0.10,-1.2,-1.2,Matchs
214,Nicolas Isimat-Mirin,fr FRA,DF,Vitesse,30,1991,12.7,0,9,1,11.1,0.71,0.08,0.00,0.00,11.2,0,0,0,1.0,1.0,0.11,-1.0,-1.0,Matchs
215,Jamie Jacobs,nl NED,MT,Cambuur,24,1997,16.7,2,47,12,25.5,2.82,0.72,0.04,0.17,17.3,0,0,0,7.3,7.3,0.16,-5.3,-5.3,Matchs
216,Alireza Jahanbakhsh,ir IRN,AT,Feyenoord,28,1993,13.6,5,53,16,30.2,3.91,1.18,0.09,0.31,18.8,1,0,0,3.2,3.2,0.06,#ERROR!,#ERROR!,Matchs
217,Dean James,nl NED,DF,Volendam,22,2000,4.8,0,1,0,0.0,0.21,0.00,0.00,,16.6,0,0,0,0.1,0.1,0.06,-0.1,-0.1,Matchs
218,Roel Janssen,nl NED,DF,Fortuna Sittard,32,1990,0.7,0,0,0,,0.00,0.00,,,,0,0,0,0.0,0.0,,0.0,0.0,Matchs
219,Victor Jensen,dk DEN,"AT,MT",Utrecht,22,2000,5.4,1,9,2,22.2,1.68,0.37,0.11,0.50,15.3,0,0,0,0.6,0.6,0.07,#ERROR!,#ERROR!,Matchs
220,Bjørn Johnsen,no NOR,AT,Cambuur,30,1991,9.7,3,22,8,36.4,2.26,0.82,0.09,0.25,14.0,0,1,1,5.4,4.7,0.21,-2.4,-2.7,Matchs
221,Darius Johnson,gd GRN,"AT,MT",Volendam,22,2000,0.1,0,0,0,,0.00,0.00,,,,0,0,0,0.0,0.0,,0.0,0.0,Matchs
222,Miliano Jonathans,nl NED,"AT,MT",Vitesse,18,2004,1.5,0,8,3,37.5,5.50,02.06,0.00,0.00,22.2,0,0,0,0.7,0.7,0.09,-0.7,-0.7,Matchs
223,Fedde de Jong,nl NED,DF,AZ Alkmaar,19,2003,0.8,0,0,0,,0.00,0.00,,,,0,0,0,0.0,0.0,,0.0,0.0,Matchs
224,Luuk de Jong,nl NED,AT,PSV Eindhoven,31,1990,19.4,14,61,29,47.5,3.15,1.50,0.21,0.45,10.0,0,1,2,17.1,15.6,0.26,-3.1,-2.6,Matchs
225,Patrick Joosten,nl NED,AT,Groningen,26,1996,0.3,0,0,0,,0.00,0.00,,,,0,0,0,0.0,0.0,,0.0,0.0,Matchs
Clt,Joueur,Nation,Pos,Équipe,Âge,Naissance,90,Buts,Tirs,TC,TC%,Tir/90,TC/90,B/Tir,B/TC,Dist,CF,PénM,PénT,xG,npxG,npxG/Sh,G-xG,np:G-xG,Matchs
226,Florian Jozefzoon,sr SUR,"AT,MT",RKC Waalwijk,31,1991,10.4,5,29,10,34.5,2.79,0.96,0.17,0.50,13.5,1,0,0,5.7,5.7,0.19,-0.7,-0.7,Matchs
227,Mauro Júnior,br BRA,"DF,MT",PSV Eindhoven,23,1999,3.0,0,3,1,33.3,0.99,0.33,0.00,0.00,22.8,0,0,0,0.2,0.2,0.07,-0.2,-0.2,Matchs
228,Daniël van Kaam,nl NED,MT,Cambuur,22,2000,25.6,1,14,2,14.3,0.55,0.08,0.07,0.50,17.0,0,0,0,1.5,1.5,0.11,-0.5,-0.5,Matchs
229,Ibrahim El Kadiri,nl NED,"AT,MT",Volendam,20,2002,8.5,0,20,4,20.0,2.35,0.47,0.00,0.00,19.9,0,0,0,1.0,1.0,0.05,-1.0,-1.0,Matchs
230,Rami Kaib,tn TUN,"DF,AT",Heerenveen,25,1997,6.5,1,7,1,14.3,01.08,0.15,0.14,1.00,18.7,1,0,0,0.6,0.6,0.08,#ERROR!,#ERROR!,Matchs
231,Yahya Kalley,se SWE,"DF,MT",Groningen,21,2001,1.4,0,1,0,0.0,0.69,0.00,0.00,,36.2,0,0,0,0.0,0.0,0.03,0.0,0.0,Matchs
232,Daniel Karlsbakk,no NOR,"AT,MT",Heerenveen,19,2003,2.0,0,1,0,0.0,0.51,0.00,0.00,,10.8,0,0,0,0.2,0.2,0.15,-0.2,-0.2,Matchs
233,Jesper Karlsson,se SWE,AT,AZ Alkmaar,24,1998,19.7,9,47,19,40.4,2.38,0.96,0.17,0.42,23.7,5,1,2,4.6,3.0,0.06,#ERROR!,#ERROR!,Matchs
234,Souffian El Karouani,ma MAR,DF,NEC Nijmegen,21,2000,32.1,2,30,9,30.0,0.94,0.28,0.07,0.22,22.0,0,0,0,1.3,1.3,0.04,#ERROR!,#ERROR!,Matchs
235,Neraysho Kasanwirjo,nl NED,"DF,MT",Groningen,20,2002,13.7,0,6,0,0.0,0.44,0.00,0.00,,25.2,0,0,0,0.2,0.2,0.03,-0.2,-0.2,Matchs
236,Neraysho Kasanwirjo,nl NED,DF,Feyenoord,20,2002,1.6,0,2,1,50.0,1.26,0.63,0.00,0.00,17.0,0,0,0,0.1,0.1,0.06,-0.1,-0.1,Matchs
237,Fabian de Keijzer,nl NED,GB,Utrecht,22,2000,2.0,0,0,0,,0.00,0.00,,,,0,0,0,0.0,0.0,,0.0,0.0,Matchs
238,Milos Kerkez,hu HUN,DF,AZ Alkmaar,18,2003,29.7,3,25,9,36.0,0.84,0.30,0.12,0.33,20.0,0,0,0,2.3,2.3,0.09,#ERROR!,#ERROR!,Matchs
239,Reda Kharchouch,nl NED,AT,Excelsior,26,1995,13.7,2,28,7,25.0,02.04,0.51,0.07,0.29,15.1,0,0,1,3.9,3.1,0.11,-1.9,-1.1,Matchs
240,Maikel Kieftenbeld,nl NED,MT,Emmen,32,1990,1.0,0,0,0,,0.00,0.00,,,,0,0,0,0.0,0.0,,0.0,0.0,Matchs
241,Joshua Kitolano,no NOR,MT,Sparta R'dam,20,2001,29.5,4,37,13,35.1,1.26,0.44,0.11,0.31,18.2,0,0,0,3.6,3.6,0.10,#ERROR!,#ERROR!,Matchs
242,Mathias Kjølø,no NOR,MT,Twente,21,2001,11.2,0,9,3,33.3,0.81,0.27,0.00,0.00,19.5,0,0,0,0.8,0.8,0.09,-0.8,-0.8,Matchs
243,Davy Klaassen,nl NED,MT,Ajax,29,1993,22.7,8,38,16,42.1,1.67,0.70,0.21,0.50,12.2,0,0,0,7.2,7.2,0.19,#ERROR!,#ERROR!,Matchs
244,Sean Klaiber,sr SUR,DF,Utrecht,28,1994,24.8,1,22,4,18.2,0.89,0.16,0.05,0.25,21.9,0,0,0,1.2,1.2,0.05,-0.2,-0.2,Matchs
245,Flip Klomp,nl NED,MT,Volendam,20,2001,0.1,0,0,0,,0.00,0.00,,,,0,0,0,0.0,0.0,,0.0,0.0,Matchs
246,Ruben Kluivert,nl NED,DF,Utrecht,21,2001,4.8,0,1,1,100.0,0.21,0.21,0.00,0.00,23.9,0,0,0,0.0,0.0,0.03,0.0,0.0,Matchs
247,Mats Köhlert,de GER,DF,Heerenveen,24,1998,29.9,1,15,4,26.7,0.50,0.13,0.07,0.25,22.8,0,0,0,0.6,0.6,0.04,#ERROR!,#ERROR!,Matchs
248,Orkun Kökçü,tr TUR,MT,Feyenoord,21,2000,30.0,8,82,29,35.4,2.74,0.97,0.07,0.21,25.5,21,2,2,5.6,4.1,0.05,#ERROR!,#ERROR!,Matchs
249,Peer Koopmeiners,nl NED,"MT,AT",AZ Alkmaar,22,2000,1.1,0,1,0,0.0,0.90,0.00,0.00,,18.6,0,0,0,0.0,0.0,0.01,0.0,0.0,Matchs
250,Peer Koopmeiners,nl NED,MT,Excelsior,22,2000,16.1,0,8,1,12.5,0.50,0.06,0.00,0.00,24.5,0,0,0,0.4,0.4,0.05,-0.4,-0.4,Matchs
Clt,Joueur,Nation,Pos,Équipe,Âge,Naissance,90,Buts,Tirs,TC,TC%,Tir/90,TC/90,B/Tir,B/TC,Dist,CF,PénM,PénT,xG,npxG,npxG/Sh,G-xG,np:G-xG,Matchs
251,Kacper Kozłowski,pl POL,"MT,AT",Vitesse,18,2003,23.2,2,38,17,44.7,1.64,0.73,0.05,0.12,18.9,0,0,0,3.0,3.0,0.08,-1.0,-1.0,Matchs
252,Joris Kramer,nl NED,DF,NEC Nijmegen,25,1996,12.9,0,5,1,20.0,0.39,0.08,0.00,0.00,12.3,0,0,0,0.2,0.2,0.03,-0.2,-0.2,Matchs
253,Michiel Kramer,nl NED,AT,RKC Waalwijk,33,1988,22.2,12,41,21,51.2,1.85,0.95,0.24,0.48,14.4,1,2,2,9.4,7.8,0.19,#ERROR!,#ERROR!,Matchs
254,Florian Krüger,de GER,"AT,MT",Groningen,23,1999,12.4,4,17,8,47.1,1.37,0.65,0.24,0.50,12.3,0,0,0,4.1,4.1,0.24,-0.1,-0.1,Matchs
255,Mohammed Kudus,gh GHA,"AT,MT",Ajax,21,2000,19.9,11,69,27,39.1,3.46,1.36,0.16,0.41,14.3,1,0,0,11.5,11.5,0.17,-0.5,-0.5,Matchs
256,Roy Kuijpers,nl NED,"AT,MT",RKC Waalwijk,22,2000,4.2,0,3,1,33.3,0.72,0.24,0.00,0.00,21.4,0,0,0,0.1,0.1,0.03,-0.1,-0.1,Matchs
257,Bas Kuipers,nl NED,DF,Go Ahead Eag,27,1994,21.2,3,25,12,48.0,1.18,0.57,0.12,0.25,13.2,0,0,0,3.0,3.0,0.12,0.0,0.0,Matchs
258,Zakaria Labyad,ma MAR,"AT,MT",Utrecht,29,1993,2.8,1,4,3,75.0,1.45,01.08,0.25,0.33,17.5,1,0,0,0.3,0.3,0.08,#ERROR!,#ERROR!,Matchs
259,Mayckel Lahdo,se SWE,AT,AZ Alkmaar,19,2002,6.2,2,12,7,58.3,1.93,1.12,0.17,0.29,15.2,0,0,0,1.8,1.8,0.15,#ERROR!,#ERROR!,Matchs
260,Lazaros Lamprou,gr GRE,"AT,MT",Excelsior,24,1997,16.4,4,32,9,28.1,1.96,0.55,0.13,0.44,16.9,3,0,0,3.6,3.6,0.11,#ERROR!,#ERROR!,Matchs
261,Maurilio de Lannoy,nl NED,DF,Emmen,18,2003,0.2,0,0,0,,0.00,0.00,,,,0,0,0,0.0,0.0,,0.0,0.0,Matchs
262,Terry Lartey Sanniez,nl NED,"DF,AT",NEC Nijmegen,25,1996,1.7,0,0,0,,0.00,0.00,,,,0,0,0,0.0,0.0,,0.0,0.0,Matchs
263,Tobias Lauritsen,no NOR,AT,Sparta R'dam,24,1997,32.8,12,90,37,41.1,2.74,1.13,0.13,0.32,13.3,0,0,0,11.2,11.2,0.12,#ERROR!,#ERROR!,Matchs
264,Barry Lauwers,nl NED,GB,Volendam,22,1999,1.0,0,0,0,,0.00,0.00,,,,0,0,0,0.0,0.0,,0.0,0.0,Matchs
265,Richy Ledezma,us USA,MT,PSV Eindhoven,21,2000,1.5,0,0,0,,0.00,0.00,,,,0,0,0,0.0,0.0,,0.0,0.0,Matchs
266,Peter Leeuwenburgh,nl NED,GB,Groningen,28,1994,7.5,0,0,0,,0.00,0.00,,,,0,0,0,0.0,0.0,,0.0,0.0,Matchs
267,Julian Lelieveld,nl NED,DF,RKC Waalwijk,24,1997,29.2,2,11,4,36.4,0.38,0.14,0.18,0.50,12.1,0,0,0,1.7,1.7,0.16,#ERROR!,#ERROR!,Matchs
268,Isac Lidberg,se SWE,AT,Go Ahead Eag,23,1998,30.7,7,78,26,33.3,2.54,0.85,0.09,0.27,13.9,0,0,0,9.9,9.9,0.13,-2.9,-2.9,Matchs
269,Evert Linthorst,nl NED,MT,Go Ahead Eag,22,2000,16.1,1,9,1,11.1,0.56,0.06,0.11,1.00,19.0,0,0,0,0.8,0.8,0.09,#ERROR!,#ERROR!,Matchs
270,Enric Llansana,nl NED,MT,Go Ahead Eag,21,2001,12.5,0,9,3,33.3,0.72,0.24,0.00,0.00,22.2,0,0,0,0.5,0.5,0.05,-0.5,-0.5,Matchs
271,Julen Lobete,es ESP,"AT,MT",RKC Waalwijk,21,2000,14.8,4,34,15,44.1,2.30,01.02,0.12,0.27,12.9,0,0,0,5.3,5.3,0.16,-1.3,-1.3,Matchs
272,Chris Lokesa,be BEL,MT,RKC Waalwijk,17,2004,0.1,0,0,0,,0.00,0.00,,,,0,0,0,0.0,0.0,,0.0,0.0,Matchs
273,Jason Lokilo,be BEL,AT,Sparta R'dam,23,1998,3.0,0,3,2,66.7,1.00,0.66,0.00,0.00,19.5,0,0,0,0.2,0.2,0.08,-0.2,-0.2,Matchs
274,Marcos López,pe PER,DF,Feyenoord,22,1999,8.9,0,8,5,62.5,0.90,0.56,0.00,0.00,22.2,0,0,0,0.3,0.3,0.04,-0.3,-0.3,Matchs
275,Albert Lottin,fr FRA,MT,Utrecht,20,2001,0.2,0,1,1,100.0,5.63,5.63,0.00,0.00,17.2,0,0,0,0.1,0.1,0.10,-0.1,-0.1,Matchs
Clt,Joueur,Nation,Pos,Équipe,Âge,Naissance,90,Buts,Tirs,TC,TC%,Tir/90,TC/90,B/Tir,B/TC,Dist,CF,PénM,PénT,xG,npxG,npxG/Sh,G-xG,np:G-xG,Matchs
276,Dano Lourens,nl NED,MT,Sparta R'dam,18,2004,0.0,0,0,0,,0.00,0.00,,,,0,0,0,0.0,0.0,,0.0,0.0,Matchs
277,Lorenzo Lucca,it ITA,"AT,MT",Ajax,21,2000,1.7,2,15,7,46.7,9.00,4.20,0.13,0.29,10.8,0,0,0,2.1,2.1,0.14,-0.1,-0.1,Matchs
278,Ramon Lundqvist,se SWE,MT,Groningen,25,1997,3.8,0,6,0,0.0,1.58,0.00,0.00,,16.2,1,0,0,0.5,0.5,0.08,-0.5,-0.5,Matchs
279,Thierry Lutonda,be BEL,DF,RKC Waalwijk,21,2000,27.8,1,17,5,29.4,0.61,0.18,0.06,0.20,15.0,0,0,0,1.6,1.6,0.09,-0.6,-0.6,Matchs
280,Arnaud Luzayadio,fr FRA,AT,Emmen,23,1999,0.5,0,0,0,,0.00,0.00,,,,0,0,0,0.0,0.0,,0.0,0.0,Matchs
281,Isak Määttä,no NOR,"DF,AT",Groningen,20,2001,29.9,0,9,2,22.2,0.30,0.07,0.00,0.00,16.0,0,0,0,0.6,0.6,0.06,-0.6,-0.6,Matchs
282,Calvin Mac-Intosch,sr SUR,DF,Cambuur,32,1989,7.6,0,4,1,25.0,0.53,0.13,0.00,0.00,17.9,0,0,0,0.4,0.4,0.09,-0.4,-0.4,Matchs
283,Noni Madueke,eng ENG,"AT,MT",PSV Eindhoven,20,2002,3.1,1,17,6,35.3,5.48,1.94,0.06,0.17,13.5,0,0,0,2.4,2.4,0.14,-1.4,-1.4,Matchs
284,Naoki Maeda,jp JPN,AT,Utrecht,27,1994,2.9,0,6,2,33.3,02.04,0.68,0.00,0.00,15.3,0,0,0,0.7,0.7,0.11,-0.7,-0.7,Matchs
285,Lisandro Magallán,ar ARG,DF,Ajax,28,1993,0.2,0,1,0,0.0,04.09,0.00,0.00,,11.3,0,0,0,0.1,0.1,0.05,-0.1,-0.1,Matchs
286,Mimoun Mahi,ma MAR,"MT,AT",Utrecht,28,1994,0.4,0,0,0,,0.00,0.00,,,,0,0,0,0.0,0.0,,0.0,0.0,Matchs
287,Mimoun Mahi,ma MAR,"AT,MT",Cambuur,28,1994,5.9,1,11,3,27.3,1.87,0.51,0.09,0.33,22.2,1,0,0,0.6,0.6,0.06,#ERROR!,#ERROR!,Matchs
288,Felix Mambimbi,ch SUI,"AT,MT",Cambuur,21,2001,3.3,0,4,1,25.0,1.20,0.30,0.00,0.00,17.5,0,0,0,0.3,0.3,0.08,-0.3,-0.3,Matchs
289,Million Manhoef,nl NED,"AT,MT",Vitesse,20,2002,25.8,9,78,36,46.2,03.02,1.40,0.12,0.25,19.1,3,0,0,6.1,6.1,0.08,#ERROR!,#ERROR!,Matchs
290,Elvis Manu,nl NED,AT,Groningen,28,1993,6.8,0,14,4,28.6,02.07,0.59,0.00,0.00,17.4,0,0,0,0.9,0.9,0.07,-0.9,-0.9,Matchs
291,Jahnoah Markelo,nl NED,"MT,AT",Go Ahead Eag,19,2003,1.1,0,1,0,0.0,0.94,0.00,0.00,,28.9,0,0,0,0.0,0.0,0.02,0.0,0.0,Matchs
292,Nathan Markelo,cw CUW,"DF,MT",Excelsior,23,1999,4.1,0,1,0,0.0,0.24,0.00,0.00,,16.8,0,0,0,0.0,0.0,0.01,0.0,0.0,Matchs
293,Pedro David Rosendo Marques,pt POR,"AT,MT",NEC Nijmegen,24,1998,9.1,5,21,13,61.9,2.31,1.43,0.24,0.38,11.7,0,0,0,3.9,3.9,0.19,#ERROR!,#ERROR!,Matchs
294,Iván Márquez,es ESP,DF,NEC Nijmegen,28,1994,30.4,3,30,12,40.0,0.99,0.39,0.10,0.25,10.5,0,0,0,4.2,4.2,0.14,-1.2,-1.2,Matchs
295,Bruno Martins Indi,nl NED,DF,AZ Alkmaar,30,1992,3.5,0,2,0,0.0,0.57,0.00,0.00,,21.2,0,0,0,0.1,0.1,0.07,-0.1,-0.1,Matchs
296,Federico Mattiello,it ITA,"DF,MT",Go Ahead Eag,27,1995,1.1,0,2,0,0.0,1.87,0.00,0.00,,13.7,0,0,0,0.2,0.2,0.08,-0.2,-0.2,Matchs
297,Magnus Mattsson,dk DEN,"AT,MT",NEC Nijmegen,23,1999,20.0,4,37,16,43.2,1.85,0.80,0.11,0.25,13.8,0,0,0,6.4,6.4,0.17,-2.4,-2.4,Matchs
298,Robin Maulun,fr FRA,"MT,AT",Cambuur,25,1996,3.9,0,8,3,37.5,02.07,0.78,0.00,0.00,27.4,0,0,0,0.3,0.3,0.04,-0.3,-0.3,Matchs
299,Philipp Max,de GER,DF,PSV Eindhoven,28,1993,11.3,0,4,1,25.0,0.35,0.09,0.00,0.00,15.9,1,0,0,0.3,0.3,0.07,-0.3,-0.3,Matchs
300,Xavier Mbuyamba,nl NED,DF,Volendam,20,2001,27.8,5,20,10,50.0,0.72,0.36,0.25,0.50,9.5,0,0,0,2.0,2.0,0.10,#ERROR!,#ERROR!,Matchs
Clt,Joueur,Nation,Pos,Équipe,Âge,Naissance,90,Buts,Tirs,TC,TC%,Tir/90,TC/90,B/Tir,B/TC,Dist,CF,PénM,PénT,xG,npxG,npxG/Sh,G-xG,np:G-xG,Matchs
301,Mexx Meerdink,nl NED,"AT,MT",AZ Alkmaar,19,2003,2.0,0,5,1,20.0,2.51,0.50,0.00,0.00,9.5,0,0,0,0.8,0.8,0.16,-0.8,-0.8,Matchs
302,Aaron Meijers,nl NED,DF,Sparta R'dam,34,1987,3.3,0,1,1,100.0,0.31,0.31,0.00,0.00,22.0,0,0,0,0.0,0.0,0.03,0.0,0.0,Matchs
303,Rick Meijssen,nl NED,DF,Sparta R'dam,20,2002,0.5,0,1,0,0.0,2.14,0.00,0.00,,9.6,0,0,0,0.1,0.1,0.08,-0.1,-0.1,Matchs
304,Rui Mendes,de GER,"AT,MT",Emmen,22,1999,15.7,1,18,4,22.2,1.15,0.26,0.06,0.25,17.0,0,0,0,1.5,1.5,0.08,-0.5,-0.5,Matchs
305,Ahmed El Messaoudi,ma MAR,"MT,AT",Emmen,26,1995,15.6,2,27,10,37.0,1.73,0.64,0.07,0.20,16.3,0,0,0,2.6,2.6,0.10,-0.6,-0.6,Matchs
306,Melle Meulensteen,nl NED,"MT,DF",Vitesse,23,1999,30.0,1,32,7,21.9,01.07,0.23,0.03,0.14,19.0,0,0,0,2.3,2.3,0.08,-1.3,-1.3,Matchs
307,Daryl van Mieghem,nl NED,"AT,MT",Volendam,32,1989,20.9,8,42,17,40.5,02.01,0.81,0.19,0.47,18.3,2,0,0,6.1,6.1,0.15,#ERROR!,#ERROR!,Matchs
308,Djordje Mihailovic,us USA,"MT,AT",AZ Alkmaar,23,1998,6.0,1,10,4,40.0,1.67,0.67,0.10,0.25,15.6,0,0,0,1.9,1.9,0.19,-0.9,-0.9,Matchs
309,Sven Mijnans,nl NED,"MT,AT",Sparta R'dam,22,2000,16.4,3,38,7,18.4,2.32,0.43,0.08,0.43,18.4,1,0,0,2.4,2.4,0.06,#ERROR!,#ERROR!,Matchs
310,Sven Mijnans,nl NED,"MT,AT",AZ Alkmaar,22,2000,12.9,4,23,9,39.1,1.78,0.70,0.17,0.44,16.5,0,0,0,3.4,3.4,0.15,#ERROR!,#ERROR!,Matchs
311,Antoni Milambo,nl NED,MT,Feyenoord,17,2005,0.2,0,1,1,100.0,4.74,4.74,0.00,0.00,22.9,0,0,0,0.0,0.0,0.04,0.0,0.0,Matchs
312,Brett Minnema,nl NED,GB,Cambuur,20,2002,1.0,0,0,0,,0.00,0.00,,,,0,0,0,0.0,0.0,,0.0,0.0,Matchs
313,Damon Mirani,nl NED,"DF,MT",Volendam,26,1996,29.0,3,16,6,37.5,0.55,0.21,0.19,0.50,9.7,0,0,0,2.6,2.6,0.17,#ERROR!,#ERROR!,Matchs
314,Virgil Misidjan,sr SUR,AT,Twente,29,1993,24.4,7,71,26,36.6,2.91,01.06,0.10,0.27,20.4,0,0,0,5.4,5.4,0.08,#ERROR!,#ERROR!,Matchs
315,Xavier Mous,nl NED,GB,Heerenveen,26,1995,16.0,0,0,0,,0.00,0.00,,,,0,0,0,0.0,0.0,,0.0,0.0,Matchs
316,Robert Mühren,nl NED,"AT,MT",Volendam,33,1989,19.0,5,57,18,31.6,3.00,0.95,0.09,0.28,14.8,1,0,0,7.7,7.7,0.14,-2.7,-2.7,Matchs
317,Hans Mulder,nl NED,"MT,DF",RKC Waalwijk,35,1987,0.3,0,0,0,,0.00,0.00,,,,0,0,0,0.0,0.0,,0.0,0.0,Matchs
318,Jeremy van Mullem,nl NED,MT,Sparta R'dam,23,1999,10.5,0,9,3,33.3,0.86,0.29,0.00,0.00,27.0,0,0,0,0.5,0.5,0.06,-0.5,-0.5,Matchs
319,Derry Murkin,eng ENG,DF,Volendam,23,1999,31.8,0,26,9,34.6,0.82,0.28,0.00,0.00,20.7,0,0,0,1.8,1.8,0.07,-1.8,-1.8,Matchs
320,Anthony Musaba,nl NED,AT,NEC Nijmegen,21,2000,3.7,1,11,6,54.5,3.00,1.64,0.09,0.17,17.5,0,0,0,0.5,0.5,0.05,#ERROR!,#ERROR!,Matchs
321,Nordin Musampa,nl NED,DF,Groningen,20,2001,5.6,0,1,1,100.0,0.18,0.18,0.00,0.00,8.5,0,0,0,0.0,0.0,0.04,0.0,0.0,Matchs
322,Phillipp Mwene,at AUT,DF,PSV Eindhoven,28,1994,18.8,0,11,3,27.3,0.59,0.16,0.00,0.00,19.8,0,0,0,0.7,0.7,0.07,-0.7,-0.7,Matchs
323,Younes Namli,dk DEN,"MT,AT",Sparta R'dam,28,1994,16.1,1,27,6,22.2,1.68,0.37,0.04,0.17,22.8,1,0,0,1.9,1.9,0.07,-0.9,-0.9,Matchs
324,Gerrit Nauber,de GER,DF,Go Ahead Eag,30,1992,12.5,0,8,1,12.5,0.64,0.08,0.00,0.00,14.5,0,0,0,0.5,0.5,0.06,-0.5,-0.5,Matchs
325,Noah Naujoks,nl NED,"MT,AT",Excelsior,20,2002,4.4,0,4,1,25.0,0.91,0.23,0.00,0.00,14.3,0,0,0,0.3,0.3,0.09,-0.3,-0.3,Matchs
Clt,Joueur,Nation,Pos,Équipe,Âge,Naissance,90,Buts,Tirs,TC,TC%,Tir/90,TC/90,B/Tir,B/TC,Dist,CF,PénM,PénT,xG,npxG,npxG/Sh,G-xG,np:G-xG,Matchs
326,Noah Naujoks,nl NED,"AT,MT",Feyenoord,20,2002,0.2,0,0,0,,0.00,0.00,,,,0,0,0,0.0,0.0,,0.0,0.0,Matchs
327,Ximo Navarro,es ESP,DF,Fortuna Sittard,32,1990,13.4,0,7,1,14.3,0.52,0.07,0.00,0.00,16.1,0,0,0,0.3,0.3,0.05,-0.3,-0.3,Matchs
328,Imran Nazih,ma MAR,MT,Volendam,16,2006,0.6,0,0,0,,0.00,0.00,,,,0,0,0,0.0,0.0,,0.0,0.0,Matchs
329,Cyril Ngonge,be BEL,AT,Groningen,22,2000,7.3,3,30,7,23.3,4.12,0.96,0.10,0.43,20.4,2,0,0,2.3,2.3,0.08,#ERROR!,#ERROR!,Matchs
330,Lars Nieuwpoort,nl NED,DF,RKC Waalwijk,27,1994,5.4,0,1,0,0.0,0.19,0.00,0.00,,9.6,0,0,0,0.1,0.1,0.09,-0.1,-0.1,Matchs
331,Sven Nieuwpoort,nl NED,DF,Excelsior,29,1993,18.8,0,6,0,0.0,0.32,0.00,0.00,,10.0,0,0,0,0.5,0.5,0.08,-0.5,-0.5,Matchs
332,Andries Noppert,nl NED,GB,Heerenveen,28,1994,18.0,0,0,0,,0.00,0.00,,,,0,0,0,0.0,0.0,,0.0,0.0,Matchs
333,Tijjani Noslin,nl NED,"AT,MT",Fortuna Sittard,23,1999,17.9,5,39,14,35.9,2.18,0.78,0.13,0.36,17.0,0,0,0,2.9,2.9,0.07,#ERROR!,#ERROR!,Matchs
334,Ché Nunnely,nl NED,"AT,MT",Heerenveen,23,1999,6.0,1,11,3,27.3,1.83,0.50,0.09,0.33,13.2,0,0,0,1.3,1.3,0.12,-0.3,-0.3,Matchs
335,Armando Obispo,nl NED,DF,PSV Eindhoven,23,1999,19.1,2,18,4,22.2,0.94,0.21,0.11,0.50,11.9,1,0,0,1.4,1.4,0.08,#ERROR!,#ERROR!,Matchs
336,Lucas Ocampos,ar ARG,AT,Ajax,28,1994,1.1,0,5,0,0.0,4.41,0.00,0.00,,18.7,0,0,0,0.2,0.2,0.04,-0.2,-0.2,Matchs
337,Jens Odgaard,dk DEN,AT,AZ Alkmaar,23,1999,24.1,9,92,38,41.3,3.82,1.58,0.10,0.24,17.5,4,0,0,9.0,9.0,0.10,0.0,0.0,Matchs
338,Eric Oelschlägel,de GER,GB,Emmen,26,1995,9.0,0,0,0,,0.00,0.00,,,,0,0,0,0.0,0.0,,0.0,0.0,Matchs
339,Nick Olij,nl NED,GB,Sparta R'dam,26,1995,32.0,0,0,0,,0.00,0.00,,,,0,0,0,0.0,0.0,,0.0,0.0,Matchs
340,Simon Olsson,se SWE,"MT,AT",Heerenveen,24,1997,24.0,0,13,5,38.5,0.54,0.21,0.00,0.00,16.1,0,0,0,1.8,1.8,0.14,-1.8,-1.8,Matchs
341,Fredrik Oppegard,no NOR,DF,PSV Eindhoven,19,2002,1.7,0,1,0,0.0,0.57,0.00,0.00,,15.6,0,0,0,0.0,0.0,0.04,0.0,0.0,Matchs
342,Fredrik Oppegard,no NOR,DF,Go Ahead Eag,19,2002,4.4,0,1,1,100.0,0.23,0.23,0.00,0.00,11.6,0,0,0,0.1,0.1,0.07,-0.1,-0.1,Matchs
343,Ragnar Oratmangoen,id IDN,"MT,AT",Groningen,24,1998,12.3,0,15,1,6.7,1.22,0.08,0.00,0.00,23.3,0,0,0,0.8,0.8,0.05,-0.8,-0.8,Matchs
344,Gaetano Oristanio,it ITA,"MT,AT",Volendam,19,2002,21.6,1,55,19,34.5,2.54,0.88,0.02,0.05,17.2,2,0,0,4.8,4.8,0.09,-3.8,-3.8,Matchs
345,Alois Oroz,hr CRO,DF,Vitesse,21,2000,11.3,1,7,1,14.3,0.62,0.09,0.14,1.00,9.3,0,0,0,1.0,1.0,0.14,0.0,0.0,Matchs
346,Yanick van Osch,nl NED,GB,Fortuna Sittard,25,1997,3.0,0,0,0,,0.00,0.00,,,,0,0,0,0.0,0.0,,0.0,0.0,Matchs
347,Yassin Oukili,nl NED,MT,RKC Waalwijk,21,2001,20.5,3,34,13,38.2,1.66,0.63,0.09,0.23,23.9,0,0,0,2.2,2.2,0.06,#ERROR!,#ERROR!,Matchs
348,Bilal Ould-Chikh,ma MAR,"AT,MT",Volendam,25,1997,10.5,2,18,5,27.8,1.72,0.48,0.11,0.40,21.9,0,0,0,1.2,1.2,0.07,#ERROR!,#ERROR!,Matchs
349,Walid Ould-Chikh,ma MAR,"MT,AT",Volendam,22,1999,7.7,1,16,5,31.3,02.07,0.65,0.06,0.20,22.8,0,0,0,1.2,1.2,0.07,-0.2,-0.2,Matchs
350,Sékou Oumar Sylla,gn GUI,DF,Cambuur,23,1999,2.5,0,1,0,0.0,0.40,0.00,0.00,,30.7,0,0,0,0.0,0.0,0.02,0.0,0.0,Matchs
Clt,Joueur,Nation,Pos,Équipe,Âge,Naissance,90,Buts,Tirs,TC,TC%,Tir/90,TC/90,B/Tir,B/TC,Dist,CF,PénM,PénT,xG,npxG,npxG/Sh,G-xG,np:G-xG,Matchs
351,Oğuzhan Özyakup,tr TUR,MT,Fortuna Sittard,29,1992,17.5,3,11,5,45.5,0.63,0.29,0.27,0.60,19.7,1,0,0,0.7,0.7,0.06,#ERROR!,#ERROR!,Matchs
352,Fernando Pacheco Rivas,pe PER,"AT,MT",Emmen,23,1999,0.9,0,2,1,50.0,2.14,01.07,0.00,0.00,18.1,0,0,0,0.2,0.2,0.12,-0.2,-0.2,Matchs
353,Igor Paixão,br BRA,AT,Feyenoord,22,2000,14.0,7,33,18,54.5,2.36,1.28,0.21,0.39,14.4,1,0,0,4.0,4.0,0.12,#ERROR!,#ERROR!,Matchs
354,Ivor Pandur,hr CRO,GB,Fortuna Sittard,22,2000,31.0,0,0,0,,0.00,0.00,,,,0,0,0,0.0,0.0,,0.0,0.0,Matchs
355,Remko Pasveer,nl NED,GB,Ajax,38,1983,15.0,0,0,0,,0.00,0.00,,,,0,0,0,0.0,0.0,,0.0,0.0,Matchs
356,Mitchell Paulissen,nl NED,MT,Cambuur,29,1993,21.7,2,33,10,30.3,1.52,0.46,0.06,0.20,20.9,5,0,0,2.1,2.1,0.06,-0.1,-0.1,Matchs
357,Vangelis Pavlidis,gr GRE,AT,AZ Alkmaar,23,1998,20.8,12,63,30,47.6,03.03,1.44,0.17,0.37,12.4,0,1,1,10.9,10.1,0.16,#ERROR!,#ERROR!,Matchs
358,Deron Payne,nl NED,DF,Volendam,19,2002,1.2,0,0,0,,0.00,0.00,,,,0,0,0,0.0,0.0,,0.0,0.0,Matchs
359,Marcus Pedersen,no NOR,DF,Feyenoord,22,2000,23.5,1,19,4,21.1,0.81,0.17,0.05,0.25,17.5,0,0,0,1.5,1.5,0.08,-0.5,-0.5,Matchs
360,Joey Pelupessy,nl NED,MT,Groningen,29,1993,14.8,1,10,3,30.0,0.68,0.20,0.10,0.33,22.3,0,0,0,0.7,0.7,0.07,#ERROR!,#ERROR!,Matchs
361,Ricardo Pepi,us USA,AT,Groningen,19,2003,27.3,12,57,18,31.6,02.09,0.66,0.19,0.61,13.8,0,1,1,7.2,6.4,0.11,#ERROR!,#ERROR!,Matchs
362,Vincent Pichel,nl NED,"MT,AT",Cambuur,20,2001,0.8,0,1,0,0.0,1.22,0.00,0.00,,23.7,0,0,0,0.0,0.0,0.05,0.0,0.0,Matchs
363,Kik Pierie,nl NED,DF,Excelsior,22,2000,6.5,1,5,2,40.0,0.77,0.31,0.20,0.50,7.5,0,0,0,1.0,1.0,0.20,0.0,0.0,Matchs
364,Ivo Pinto,pt POR,DF,Fortuna Sittard,32,1990,25.7,0,6,2,33.3,0.23,0.08,0.00,0.00,22.3,0,0,0,0.4,0.4,0.07,-0.4,-0.4,Matchs
365,Michael Pinto,lu LUX,DF,Sparta R'dam,29,1993,30.7,3,13,5,38.5,0.42,0.16,0.23,0.60,21.4,1,0,0,0.5,0.5,0.04,#ERROR!,#ERROR!,Matchs
366,Brian Plat,nl NED,DF,Volendam,22,2000,24.4,0,12,3,25.0,0.49,0.12,0.00,0.00,18.0,0,0,0,0.7,0.7,0.06,-0.7,-0.7,Matchs
367,Julio Pleguezuelo,es ESP,DF,Twente,25,1997,13.3,2,11,3,27.3,0.83,0.23,0.18,0.67,15.3,0,0,0,1.2,1.2,0.11,#ERROR!,#ERROR!,Matchs
368,Romano Postema,nl NED,"MT,AT",Groningen,20,2002,0.4,0,1,1,100.0,2.57,2.57,0.00,0.00,11.3,0,0,0,0.1,0.1,0.10,-0.1,-0.1,Matchs
369,Dirk Proper,nl NED,MT,NEC Nijmegen,20,2002,30.6,1,19,3,15.8,0.62,0.10,0.05,0.33,13.8,0,0,0,2.2,2.2,0.11,-1.2,-1.2,Matchs
370,Davy Pröpper,nl NED,MT,Vitesse,30,1991,1.0,0,0,0,,0.00,0.00,,,,0,0,0,0.0,0.0,,0.0,0.0,Matchs
371,Robin Pröpper,nl NED,DF,Twente,28,1993,27.5,1,31,8,25.8,1.13,0.29,0.03,0.13,17.9,0,0,0,2.5,2.5,0.08,-1.5,-1.5,Matchs
372,Stipe Radić,hr CRO,DF,Fortuna Sittard,22,2000,3.1,0,0,0,,0.00,0.00,,,,0,0,0,0.0,0.0,,0.0,0.0,Matchs
373,André Ramalho,br BRA,DF,PSV Eindhoven,30,1992,20.4,0,14,2,14.3,0.69,0.10,0.00,0.00,14.1,0,0,0,1.0,1.0,0.07,-1.0,-1.0,Matchs
374,Bart Ramselaar,nl NED,AT,Utrecht,26,1996,3.8,0,8,0,0.0,02.08,0.00,0.00,,20.2,0,0,0,0.5,0.5,0.07,-0.5,-0.5,Matchs
375,Christian Rasmussen,dk DEN,AT,Ajax,19,2003,0.0,0,1,0,0.0,45.00,0.00,0.00,,19.3,0,0,0,0.0,0.0,0.02,0.0,0.0,Matchs
Clt,Joueur,Nation,Pos,Équipe,Âge,Naissance,90,Buts,Tirs,TC,TC%,Tir/90,TC/90,B/Tir,B/TC,Dist,CF,PénM,PénT,xG,npxG,npxG/Sh,G-xG,np:G-xG,Matchs
376,Jacob Rasmussen,dk DEN,DF,Feyenoord,25,1997,7.4,1,2,1,50.0,0.27,0.14,0.50,1.00,7.4,0,0,0,0.4,0.4,0.21,#ERROR!,#ERROR!,Matchs
377,Givairo Read,,DF,Volendam,,,0.1,0,0,0,,0.00,0.00,,,,0,0,0,0.0,0.0,,0.0,0.0,Matchs
378,Daishawn Redan,nl NED,AT,Utrecht,21,2001,8.1,1,16,8,50.0,1.97,0.98,0.06,0.13,13.2,0,0,0,3.3,3.3,0.20,-2.3,-2.3,Matchs
379,Youri Regeer,nl NED,"DF,MT",Ajax,18,2003,0.1,0,0,0,,0.00,0.00,,,,0,0,0,0.0,0.0,,0.0,0.0,Matchs
380,Gyan de Regt,nl NED,"AT,MT",Vitesse,19,2002,0.1,0,0,0,,0.00,0.00,,,,0,0,0,0.0,0.0,,0.0,0.0,Matchs
381,Tijjani Reijnders,nl NED,MT,AZ Alkmaar,24,1998,33.8,3,70,21,30.0,02.07,0.62,0.04,0.14,21.9,4,0,0,5.6,5.6,0.08,-2.6,-2.6,Matchs
382,Francisco Reis Ferreira,pt POR,DF,Vitesse,25,1997,6.2,0,5,2,40.0,0.81,0.32,0.00,0.00,21.0,0,0,0,0.2,0.2,0.05,-0.2,-0.2,Matchs
383,Daan Reiziger,nl NED,GB,Vitesse,21,2001,6.4,0,0,0,,0.00,0.00,,,,0,0,0,0.0,0.0,,0.0,0.0,Matchs
384,Omar Rekik,tn TUN,"DF,MT",Sparta R'dam,20,2001,0.4,0,0,0,,0.00,0.00,,,,0,0,0,0.0,0.0,,0.0,0.0,Matchs
385,Devyne Rensch,nl NED,DF,Ajax,19,2003,22.5,3,13,3,23.1,0.58,0.13,0.23,1.00,16.7,0,0,0,1.9,1.9,0.15,#ERROR!,#ERROR!,Matchs
386,Ben Rienstra,nl NED,"MT,DF",Cambuur,32,1990,1.7,0,1,0,0.0,0.60,0.00,0.00,,21.7,0,0,0,0.1,0.1,0.06,-0.1,-0.1,Matchs
387,Rocco Robert Shein,ee EST,MT,Utrecht,19,2003,1.3,0,2,1,50.0,1.58,0.79,0.00,0.00,30.2,0,0,0,0.0,0.0,0.02,0.0,0.0,Matchs
388,Ole Romeny,nl NED,"AT,MT",Emmen,22,2000,27.7,11,50,26,52.0,1.80,0.94,0.22,0.42,13.9,0,0,0,8.3,8.3,0.17,#ERROR!,#ERROR!,Matchs
389,Philippe Rommens,be BEL,MT,Go Ahead Eag,24,1997,27.5,3,42,12,28.6,1.53,0.44,0.07,0.25,23.5,7,0,0,2.1,2.1,0.05,#ERROR!,#ERROR!,Matchs
390,Bart van Rooij,nl NED,DF,NEC Nijmegen,21,2001,33.0,0,16,5,31.3,0.48,0.15,0.00,0.00,21.7,0,0,0,1.1,1.1,0.07,-1.1,-1.1,Matchs
391,Rayvien Rosario,cw CUW,AT,Sparta R'dam,18,2004,0.0,0,0,0,,0.00,0.00,,,,0,0,0,0.0,0.0,,0.0,0.0,Matchs
392,Daan Rots,nl NED,"AT,MT",Twente,21,2001,7.5,0,12,1,8.3,1.60,0.13,0.00,0.00,15.7,0,0,0,1.1,1.1,0.09,-1.1,-1.1,Matchs
393,Robbin Ruiter,nl NED,GB,Cambuur,35,1987,16.0,0,0,0,,0.00,0.00,,,,0,0,0,0.0,0.0,,0.0,0.0,Matchs
394,Gerónimo Rulli,ar ARG,GB,Ajax,30,1992,19.0,0,0,0,,0.00,0.00,,,,0,0,0,0.0,0.0,,0.0,0.0,Matchs
395,Mathew Ryan,au AUS,GB,AZ Alkmaar,30,1992,18.0,0,1,0,0.0,0.06,0.00,0.00,,13.9,0,0,0,0.0,0.0,0.02,0.0,0.0,Matchs
396,Pim Saathof,nl NED,"MT,DF",Go Ahead Eag,18,2003,0.3,0,1,1,100.0,3.46,3.46,0.00,0.00,13.9,0,0,0,0.0,0.0,0.04,0.0,0.0,Matchs
397,Michal Sadílek,cz CZE,MT,Twente,23,1999,11.2,2,16,4,25.0,1.43,0.36,0.13,0.50,20.0,0,0,0,2.0,2.0,0.12,0.0,0.0,Matchs
398,Modibo Sagnan,ml MLI,DF,Utrecht,23,1999,20.1,1,7,1,14.3,0.35,0.05,0.14,1.00,14.9,0,0,0,0.6,0.6,0.09,#ERROR!,#ERROR!,Matchs
399,Osame Sahraoui,no NOR,"AT,MT",Heerenveen,21,2001,12.4,1,19,8,42.1,1.54,0.65,0.05,0.13,16.2,0,0,0,1.7,1.7,0.09,-0.7,-0.7,Matchs
400,Ismael Saibari,ma MAR,AT,PSV Eindhoven,21,2001,4.6,0,18,6,33.3,3.88,1.29,0.00,0.00,16.4,0,0,0,2.2,2.2,0.12,-2.2,-2.2,Matchs
Clt,Joueur,Nation,Pos,Équipe,Âge,Naissance,90,Buts,Tirs,TC,TC%,Tir/90,TC/90,B/Tir,B/TC,Dist,CF,PénM,PénT,xG,npxG,npxG/Sh,G-xG,np:G-xG,Matchs
401,Koki Saito,jp JPN,AT,Sparta R'dam,20,2001,18.0,7,33,13,39.4,1.83,0.72,0.21,0.54,16.8,0,0,0,3.6,3.6,0.11,#ERROR!,#ERROR!,Matchs
402,Anass Salah-Eddine,nl NED,"MT,DF",Twente,20,2002,7.1,0,6,3,50.0,0.84,0.42,0.00,0.00,23.9,0,0,0,0.3,0.3,0.05,-0.3,-0.3,Matchs
403,David Sambissa,ga GAB,"AT,MT",Cambuur,26,1996,5.6,1,8,4,50.0,1.43,0.71,0.13,0.25,14.8,0,0,0,0.7,0.7,0.09,#ERROR!,#ERROR!,Matchs
404,Shurandy Sambo,nl NED,DF,Sparta R'dam,20,2001,25.6,2,17,6,35.3,0.66,0.23,0.12,0.33,21.5,0,0,0,1.0,1.0,0.06,#ERROR!,#ERROR!,Matchs
405,Alfons Sampsted,is ISL,DF,Twente,24,1998,5.1,0,2,1,50.0,0.39,0.20,0.00,0.00,33.7,0,0,0,0.0,0.0,0.02,0.0,0.0,Matchs
406,Philippe Sandler,nl NED,DF,NEC Nijmegen,25,1997,18.1,1,9,2,22.2,0.50,0.11,0.11,0.50,12.7,0,0,0,0.6,0.6,0.07,#ERROR!,#ERROR!,Matchs
407,Ibrahim Sangaré,ci CIV,MT,PSV Eindhoven,24,1997,25.6,5,38,12,31.6,1.49,0.47,0.13,0.42,18.4,0,0,0,4.0,4.0,0.11,#ERROR!,#ERROR!,Matchs
408,Mohamed Sankoh,nl NED,AT,Vitesse,18,2003,8.5,2,20,7,35.0,2.36,0.83,0.10,0.29,10.2,0,0,0,4.1,4.1,0.20,-2.1,-2.1,Matchs
409,Amin Sarr,se SWE,AT,Heerenveen,21,2001,18.2,5,52,18,34.6,2.86,0.99,0.10,0.28,18.4,2,0,2,7.0,5.4,0.10,-2.0,-0.4,Matchs
410,Sávio,br BRA,"AT,MT",PSV Eindhoven,18,2004,1.1,0,1,0,0.0,0.90,0.00,0.00,,21.1,0,0,0,0.0,0.0,0.04,0.0,0.0,Matchs
411,Kjell Scherpen,nl NED,GB,Vitesse,22,2000,25.4,0,0,0,,0.00,0.00,,,,0,0,0,0.0,0.0,,0.0,0.0,Matchs
412,Doke Schmidt,nl NED,DF,Cambuur,30,1992,18.5,0,5,1,20.0,0.27,0.05,0.00,0.00,31.6,0,0,0,0.1,0.1,0.02,-0.1,-0.1,Matchs
413,Ben Scholte,nl NED,MT,Emmen,20,2001,1.8,0,3,1,33.3,1.64,0.55,0.00,0.00,21.2,0,0,0,0.1,0.1,0.03,-0.1,-0.1,Matchs
414,Lasse Schöne,dk DEN,MT,NEC Nijmegen,36,1986,30.8,1,20,3,15.0,0.65,0.10,0.05,0.33,25.9,7,0,0,1.0,1.0,0.05,0.0,0.0,Matchs
415,Youri Schoonderwaldt,nl NED,GB,Sparta R'dam,22,2000,2.0,0,0,0,,0.00,0.00,,,,0,0,0,0.0,0.0,,0.0,0.0,Matchs
416,Jorg Schreuders,nl NED,DF,Groningen,17,2004,3.8,0,3,1,33.3,0.80,0.27,0.00,0.00,23.4,0,0,0,0.1,0.1,0.03,-0.1,-0.1,Matchs
417,Perr Schuurs,nl NED,DF,Ajax,22,1999,0.6,0,0,0,,0.00,0.00,,,,0,0,0,0.0,0.0,,0.0,0.0,Matchs
418,Darío Serra,es ESP,AT,Go Ahead Eag,19,2003,0.5,1,2,2,100.0,4.39,4.39,0.50,0.50,12.3,0,0,0,0.5,0.5,0.25,#ERROR!,#ERROR!,Matchs
419,Mats Seuntjens,nl NED,AT,RKC Waalwijk,30,1992,17.4,4,39,15,38.5,2.24,0.86,0.10,0.27,20.9,1,0,0,4.1,4.1,0.11,-0.1,-0.1,Matchs
420,Mats Seuntjens,nl NED,"MT,AT",Fortuna Sittard,30,1992,10.7,0,14,4,28.6,1.31,0.37,0.00,0.00,25.6,2,0,0,0.4,0.4,0.03,-0.4,-0.4,Matchs
421,Serano Seymor,nl NED,DF,Excelsior,20,2002,12.5,1,2,2,100.0,0.16,0.16,0.50,0.50,8.8,0,0,0,0.2,0.2,0.12,#ERROR!,#ERROR!,Matchs
422,Aimar Sher,se SWE,"MT,AT",Groningen,19,2002,1.5,0,4,0,0.0,2.69,0.00,0.00,,23.5,0,0,0,0.2,0.2,0.04,-0.2,-0.2,Matchs
423,Fábio Silva,pt POR,AT,PSV Eindhoven,20,2002,6.7,4,18,11,61.1,2.67,1.63,0.17,0.27,11.9,0,1,1,4.0,3.2,0.18,0.0,-0.2,Matchs
424,Florent da Silva,fr FRA,MT,Volendam,19,2003,8.0,1,5,1,20.0,0.62,0.12,0.20,1.00,17.1,0,0,0,0.9,0.9,0.18,#ERROR!,#ERROR!,Matchs
425,Xavi Simons,nl NED,"AT,MT",PSV Eindhoven,19,2003,31.1,19,91,37,40.7,2.92,1.19,0.19,0.46,17.3,0,2,2,14.9,13.3,0.15,#ERROR!,#ERROR!,Matchs
Clt,Joueur,Nation,Pos,Équipe,Âge,Naissance,90,Buts,Tirs,TC,TC%,Tir/90,TC/90,B/Tir,B/TC,Dist,CF,PénM,PénT,xG,npxG,npxG/Sh,G-xG,np:G-xG,Matchs
426,Dimitris Siovas,gr GRE,DF,Fortuna Sittard,33,1988,21.2,1,13,4,30.8,0.61,0.19,0.08,0.25,9.1,0,0,0,1.1,1.1,0.08,-0.1,-0.1,Matchs
427,Gijs Smal,nl NED,DF,Twente,24,1997,33.0,2,43,15,34.9,1.30,0.45,0.05,0.13,23.9,6,0,0,2.1,2.1,0.05,-0.1,-0.1,Matchs
428,Floris Smand,nl NED,DF,Cambuur,19,2003,19.5,0,4,0,0.0,0.21,0.00,0.00,,15.0,0,0,0,0.1,0.1,0.03,-0.1,-0.1,Matchs
429,Milan Smit,nl NED,"AT,MT",Cambuur,19,2003,4.4,1,8,4,50.0,1.81,0.90,0.13,0.25,13.7,0,0,0,0.7,0.7,0.08,#ERROR!,#ERROR!,Matchs
430,Vasileios Sourlis,gr GRE,MT,Fortuna Sittard,19,2002,0.2,0,1,0,0.0,4.74,0.00,0.00,,9.1,0,0,0,0.1,0.1,0.12,-0.1,-0.1,Matchs
431,Sylla Sow,nl NED,"AT,MT",Go Ahead Eag,25,1996,5.9,1,14,3,21.4,2.36,0.51,0.07,0.33,15.7,0,0,0,2.2,2.2,0.16,-1.2,-1.2,Matchs
432,Filip Stankovic,rs SRB,GB,Volendam,20,2002,33.0,0,0,0,,0.00,0.00,,,,0,0,0,0.0,0.0,,0.0,0.0,Matchs
433,Casper Staring,nl NED,MT,Twente,21,2001,0.0,0,0,0,,0.00,0.00,,,,0,0,0,0.0,0.0,,0.0,0.0,Matchs
434,Sem Steijn,nl NED,MT,Twente,20,2001,13.4,6,40,15,37.5,2.98,1.12,0.15,0.40,17.6,4,0,0,6.1,6.1,0.15,-0.1,-0.1,Matchs
435,Finn Stokkers,nl NED,"AT,MT",Go Ahead Eag,26,1996,13.0,3,40,10,25.0,03.08,0.77,0.08,0.30,13.4,1,0,0,5.1,5.1,0.13,-2.1,-2.1,Matchs
436,Jørgen Strand Larsen,no NOR,AT,Groningen,22,2000,4.0,1,10,5,50.0,2.50,1.25,0.10,0.20,13.1,0,0,0,1.3,1.3,0.13,-0.3,-0.3,Matchs
437,Sander van de Streek,nl NED,MT,Utrecht,29,1993,24.6,9,53,25,47.2,2.15,01.01,0.17,0.36,13.6,0,0,0,6.4,6.4,0.12,#ERROR!,#ERROR!,Matchs
438,Yukinari Sugawara,jp JPN,"DF,AT",AZ Alkmaar,22,2000,26.6,3,27,13,48.1,01.01,0.49,0.11,0.23,18.3,1,0,0,3.1,3.1,0.11,-0.1,-0.1,Matchs
439,Tomáš Suslov,sk SVK,"MT,AT",Groningen,20,2002,23.6,1,55,17,30.9,2.33,0.72,0.02,0.06,25.5,6,0,0,2.3,2.3,0.04,-1.3,-1.3,Matchs
440,Marin Šverko,hr CRO,DF,Groningen,24,1998,2.5,0,0,0,,0.00,0.00,,,,0,0,0,0.0,0.0,,0.0,0.0,Matchs
441,Sander Sybrandy,nl NED,MT,Twente,18,2004,0.0,0,0,0,,0.00,0.00,,,,0,0,0,0.0,0.0,,0.0,0.0,Matchs
442,Moussa Sylla,fr FRA,"AT,MT",Utrecht,22,1999,5.9,1,10,3,30.0,1.69,0.51,0.10,0.33,14.2,0,0,0,0.7,0.7,0.07,#ERROR!,#ERROR!,Matchs
443,Sebastian Szymański,pl POL,"MT,AT",Feyenoord,23,1999,21.8,9,59,23,39.0,2.70,01.05,0.15,0.39,19.4,4,0,0,6.0,6.0,0.10,#ERROR!,#ERROR!,Matchs
444,Mohamed Taabouni,nl NED,MT,Feyenoord,20,2002,1.1,0,2,0,0.0,1.76,0.00,0.00,,15.4,0,0,0,0.2,0.2,0.08,-0.2,-0.2,Matchs
445,Dušan Tadić,rs SRB,"AT,MT",Ajax,33,1988,32.9,11,42,15,35.7,1.28,0.46,0.17,0.47,17.8,8,4,4,9.3,6.1,0.15,#ERROR!,#ERROR!,Matchs
446,Anas Tahiri,be BEL,MT,Heerenveen,27,1995,29.0,1,13,4,30.8,0.45,0.14,0.08,0.25,25.1,0,0,0,0.5,0.5,0.04,#ERROR!,#ERROR!,Matchs
447,Mohammed Tahiri,nl NED,"AT,MT",Sparta R'dam,22,2000,0.2,0,1,0,0.0,4.74,0.00,0.00,,13.3,0,0,0,0.0,0.0,0.04,0.0,0.0,Matchs
448,Oussama Tannane,ma MAR,MT,NEC Nijmegen,28,1994,23.8,6,76,29,38.2,3.19,1.22,0.08,0.21,27.0,20,0,1,4.5,3.7,0.05,#ERROR!,#ERROR!,Matchs
449,Elayis Tavsan,nl NED,AT,NEC Nijmegen,21,2001,28.2,3,71,16,22.5,2.52,0.57,0.04,0.19,18.9,2,0,0,5.2,5.2,0.07,-2.2,-2.2,Matchs
450,Kenneth Taylor,nl NED,MT,Ajax,20,2002,27.7,8,48,16,33.3,1.73,0.58,0.17,0.50,20.7,0,0,0,4.1,4.1,0.08,#ERROR!,#ERROR!,Matchs
Clt,Joueur,Nation,Pos,Équipe,Âge,Naissance,90,Buts,Tirs,TC,TC%,Tir/90,TC/90,B/Tir,B/TC,Dist,CF,PénM,PénT,xG,npxG,npxG/Sh,G-xG,np:G-xG,Matchs
451,Mike te Wierik,nl NED,DF,Emmen,30,1992,13.3,0,4,0,0.0,0.30,0.00,0.00,,12.1,0,0,0,0.3,0.3,0.07,-0.3,-0.3,Matchs
452,Mike te Wierik,nl NED,DF,Groningen,30,1992,13.2,0,2,0,0.0,0.15,0.00,0.00,,12.2,0,0,0,0.3,0.3,0.14,-0.3,-0.3,Matchs
453,Tesfaldet Tekie,se SWE,MT,Go Ahead Eag,25,1997,3.9,0,3,0,0.0,0.77,0.00,0.00,,29.3,0,0,0,0.1,0.1,0.03,-0.1,-0.1,Matchs
454,Hidde ter Avest,nl NED,DF,Utrecht,25,1997,9.7,0,4,3,75.0,0.41,0.31,0.00,0.00,15.8,0,0,0,0.1,0.1,0.04,-0.1,-0.1,Matchs
455,Jasper Ter Heide,nl NED,"MT,AT",Cambuur,23,1999,1.0,1,1,1,100.0,1.00,1.00,1.00,1.00,24.3,0,0,0,0.1,0.1,0.05,#ERROR!,#ERROR!,Matchs
456,Jordan Teze,nl NED,DF,PSV Eindhoven,22,1999,22.4,0,15,3,20.0,0.67,0.13,0.00,0.00,22.1,0,0,0,1.3,1.3,0.09,-1.3,-1.3,Matchs
457,Guus Til,nl NED,"MT,AT",PSV Eindhoven,24,1997,19.5,9,50,20,40.0,2.56,01.03,0.18,0.45,11.5,0,0,0,9.2,9.2,0.18,-0.2,-0.2,Matchs
458,Jurriën Timber,nl NED,DF,Ajax,21,2001,33.7,2,29,9,31.0,0.86,0.27,0.07,0.22,9.9,0,0,0,4.9,4.9,0.17,-2.9,-2.9,Matchs
459,Quinten Timber,nl NED,MT,Feyenoord,21,2001,18.2,2,24,11,45.8,1.32,0.60,0.08,0.18,22.5,0,0,0,2.4,2.4,0.10,-0.4,-0.4,Matchs
460,Alex Timossi Andersson,se SWE,"AT,MT",Heerenveen,21,2001,2.9,0,5,1,20.0,1.73,0.35,0.00,0.00,14.3,0,0,0,0.6,0.6,0.12,-0.6,-0.6,Matchs
461,Mickaël Tirpan,be BEL,DF,Fortuna Sittard,28,1993,4.3,0,2,0,0.0,0.47,0.00,0.00,,11.1,0,0,0,0.2,0.2,0.09,-0.2,-0.2,Matchs
462,Nathan Tjoe-A-On,id IDN,DF,Excelsior,20,2001,25.3,1,5,1,20.0,0.20,0.04,0.20,1.00,23.1,0,0,0,0.2,0.2,0.04,#ERROR!,#ERROR!,Matchs
463,Marco Tol,nl NED,DF,Cambuur,24,1998,21.3,1,6,2,33.3,0.28,0.09,0.17,0.50,10.1,0,0,0,0.7,0.6,0.11,#ERROR!,#ERROR!,Matchs
464,Jens Toornstra,nl NED,MT,Utrecht,33,1989,25.9,1,19,5,26.3,0.73,0.19,0.05,0.20,23.6,3,0,0,1.1,1.1,0.06,-0.1,-0.1,Matchs
465,Jens Toornstra,nl NED,"MT,DF",Feyenoord,33,1989,0.9,0,2,2,100.0,2.34,2.34,0.00,0.00,18.9,0,0,0,0.3,0.3,0.16,-0.3,-0.3,Matchs
466,Azzeddine Toufiqui,fr FRA,"MT,AT",Emmen,23,1999,0.7,0,1,0,0.0,1.50,0.00,0.00,,10.9,0,0,0,0.1,0.1,0.08,-0.1,-0.1,Matchs
467,Gernot Trauner,at AUT,DF,Feyenoord,30,1992,17.8,0,11,2,18.2,0.62,0.11,0.00,0.00,13.4,0,0,0,0.8,0.8,0.08,-0.8,-0.8,Matchs
468,Sondre Tronstad,no NOR,MT,Vitesse,26,1995,21.1,2,19,6,31.6,0.90,0.28,0.11,0.33,22.4,0,0,0,1.3,1.3,0.07,#ERROR!,#ERROR!,Matchs
469,Muhammet Tunahan Taşçı,tr TUR,"AT,MT",Fortuna Sittard,20,2002,1.4,0,3,0,0.0,2.13,0.00,0.00,,18.8,0,0,0,0.1,0.1,0.04,-0.1,-0.1,Matchs
470,Calvin Twigt,nl NED,MT,Volendam,19,2003,14.4,1,6,1,16.7,0.42,0.07,0.17,1.00,18.4,0,0,0,0.9,0.9,0.16,#ERROR!,#ERROR!,Matchs
471,Przemysław Tytoń,pl POL,GB,Twente,35,1987,1.0,0,0,0,,0.00,0.00,,,,0,0,0,0.0,0.0,,0.0,0.0,Matchs
472,Christos Tzolis,gr GRE,AT,Twente,20,2002,4.7,1,11,4,36.4,2.35,0.85,0.09,0.25,20.2,0,0,0,0.6,0.6,0.06,#ERROR!,#ERROR!,Matchs
473,Manfred Ugalde,cr CRC,AT,Twente,20,2002,9.7,8,43,14,32.6,4.43,1.44,0.19,0.57,12.7,0,0,0,6.8,6.8,0.16,#ERROR!,#ERROR!,Matchs
474,Roberts Uldriķis,lv LVA,AT,Cambuur,24,1998,14.8,1,42,12,28.6,2.84,0.81,0.02,0.08,12.6,0,0,1,6.6,5.8,0.14,-5.6,-4.8,Matchs
475,Lars Unnerstall,de GER,GB,Twente,32,1990,33.0,0,0,0,,0.00,0.00,,,,0,0,0,0.0,0.0,,0.0,0.0,Matchs
Clt,Joueur,Nation,Pos,Équipe,Âge,Naissance,90,Buts,Tirs,TC,TC%,Tir/90,TC/90,B/Tir,B/TC,Dist,CF,PénM,PénT,xG,npxG,npxG/Sh,G-xG,np:G-xG,Matchs
476,Etienne Vaessen,sr SUR,GB,RKC Waalwijk,27,1995,32.0,0,0,0,,0.00,0.00,,,,0,0,0,0.0,0.0,,0.0,0.0,Matchs
477,Luciano Valente,it ITA,MT,Groningen,18,2003,9.7,0,8,2,25.0,0.82,0.21,0.00,0.00,19.9,0,0,0,1.1,1.1,0.13,-1.1,-1.1,Matchs
478,Dario Van den Buijs,be BEL,DF,RKC Waalwijk,26,1995,20.8,3,16,5,31.3,0.77,0.24,0.06,0.20,25.5,4,2,2,2.3,0.7,0.05,#ERROR!,#ERROR!,Matchs
479,Simon Van Duivenbooden,nl NED,AT,Vitesse,20,2002,1.8,1,3,1,33.3,1.65,0.55,0.33,1.00,10.5,0,0,0,0.5,0.5,0.18,#ERROR!,#ERROR!,Matchs
480,Syb Van Ottele,nl NED,DF,Heerenveen,20,2002,13.1,1,7,1,14.3,0.53,0.08,0.14,1.00,15.6,1,0,0,0.6,0.6,0.09,#ERROR!,#ERROR!,Matchs
481,Zinho Vanheusden,be BEL,DF,AZ Alkmaar,23,1999,2.5,0,3,1,33.3,1.20,0.40,0.00,0.00,18.6,0,0,0,0.1,0.1,0.05,-0.1,-0.1,Matchs
482,Keziah Veendorp,nl NED,"MT,DF",Emmen,25,1997,31.8,0,9,2,22.2,0.28,0.06,0.00,0.00,29.5,1,0,0,0.4,0.4,0.04,-0.4,-0.4,Matchs
483,Henk Veerman,nl NED,AT,Volendam,29,1993,14.8,4,34,12,35.3,2.29,0.81,0.12,0.33,12.5,0,0,0,5.8,5.8,0.17,-1.8,-1.8,Matchs
484,Joey Veerman,nl NED,MT,PSV Eindhoven,23,1998,27.6,4,58,22,37.9,2.10,0.80,0.07,0.18,22.6,3,0,0,3.7,3.7,0.06,#ERROR!,#ERROR!,Matchs
485,Jeroen Veldmate,nl NED,DF,Emmen,33,1988,22.1,3,11,2,18.2,0.50,0.09,0.18,1.00,19.5,5,1,1,1.5,0.7,0.07,#ERROR!,#ERROR!,Matchs
486,Calvin Verdonk,nl NED,DF,NEC Nijmegen,25,1997,10.7,0,4,1,25.0,0.37,0.09,0.00,0.00,17.3,0,0,0,0.5,0.5,0.14,-0.5,-0.5,Matchs
487,Hobie Verhulst,nl NED,GB,AZ Alkmaar,29,1993,16.0,0,0,0,,0.00,0.00,,,,0,0,0,0.0,0.0,,0.0,0.0,Matchs
488,Michael Verrips,nl NED,GB,Groningen,25,1996,24.0,0,0,0,,0.00,0.00,,,,0,0,0,0.0,0.0,,0.0,0.0,Matchs
489,Arno Verschueren,be BEL,MT,Sparta R'dam,25,1997,27.2,9,52,19,36.5,1.91,0.70,0.17,0.47,15.4,0,0,0,5.3,5.3,0.10,#ERROR!,#ERROR!,Matchs
490,Yorbe Vertessen,be BEL,"AT,MT",PSV Eindhoven,21,2001,1.7,0,3,3,100.0,1.75,1.75,0.00,0.00,12.2,0,0,0,0.3,0.3,0.11,-0.3,-0.3,Matchs
491,Gabriel Vidovic,hr CRO,"AT,MT",Vitesse,18,2003,13.5,4,22,10,45.5,1.63,0.74,0.18,0.40,18.0,0,0,0,1.4,1.4,0.07,#ERROR!,#ERROR!,Matchs
492,Nick Viergever,nl NED,DF,Utrecht,32,1989,18.1,2,3,2,66.7,0.17,0.11,0.67,1.00,6.9,0,0,0,0.9,0.9,0.31,#ERROR!,#ERROR!,Matchs
493,Carlos Vinícius,br BRA,AT,PSV Eindhoven,27,1995,0.5,0,1,0,0.0,2.00,0.00,0.00,,4.1,0,0,0,0.7,0.7,0.69,-0.7,-0.7,Matchs
494,João Virgínia,pt POR,GB,Cambuur,22,1999,17.0,0,0,0,,0.00,0.00,,,,0,0,0,0.0,0.0,,0.0,0.0,Matchs
495,Rémy Vita,mg MAD,"DF,MT",Fortuna Sittard,21,2001,13.2,2,9,3,33.3,0.68,0.23,0.22,0.67,16.4,0,0,0,1.3,1.3,0.14,#ERROR!,#ERROR!,Matchs
496,Jari Vlak,nl NED,MT,Emmen,23,1998,18.7,1,18,10,55.6,0.96,0.53,0.06,0.10,23.3,0,0,0,0.9,0.9,0.05,#ERROR!,#ERROR!,Matchs
497,Michel Vlap,nl NED,MT,Twente,25,1997,24.7,3,63,17,27.0,2.55,0.69,0.05,0.18,18.2,4,0,0,6.4,6.4,0.10,-3.4,-3.4,Matchs
498,Dennis Vos,nl NED,DF,Emmen,20,2001,4.0,0,1,0,0.0,0.25,0.00,0.00,,8.5,0,0,0,0.1,0.1,0.13,-0.1,-0.1,Matchs
499,Silvano Vos,nl NED,MT,Ajax,17,2005,0.2,0,2,0,0.0,8.57,0.00,0.00,,21.2,0,0,0,0.1,0.1,0.06,-0.1,-0.1,Matchs
500,Bart Vriends,nl NED,DF,Sparta R'dam,31,1991,27.2,2,8,2,25.0,0.29,0.07,0.25,1.00,8.7,0,0,0,0.9,0.9,0.11,#ERROR!,#ERROR!,Matchs
Clt,Joueur,Nation,Pos,Équipe,Âge,Naissance,90,Buts,Tirs,TC,TC%,Tir/90,TC/90,B/Tir,B/TC,Dist,CF,PénM,PénT,xG,npxG,npxG/Sh,G-xG,np:G-xG,Matchs
501,Patrick Vroegh,nl NED,"MT,DF",RKC Waalwijk,22,1999,6.3,0,10,0,0.0,1.58,0.00,0.00,,22.0,0,0,0,0.5,0.5,0.05,-0.5,-0.5,Matchs
502,Dylan van Wageningen,nl NED,AT,Sparta R'dam,19,2003,0.0,0,0,0,,0.00,0.00,,,,0,0,0,0.0,0.0,,0.0,0.0,Matchs
503,Patrik Wålemark,se SWE,"AT,MT",Feyenoord,20,2001,6.6,2,25,11,44.0,3.80,1.67,0.08,0.18,17.1,0,0,0,1.7,1.7,0.07,#ERROR!,#ERROR!,Matchs
504,Django Warmerdam,nl NED,DF,Utrecht,26,1995,2.8,0,0,0,,0.00,0.00,,,,0,0,0,0.0,0.0,,0.0,0.0,Matchs
505,Timon Wellenreuther,de GER,GB,Feyenoord,26,1995,9.0,0,0,0,,0.00,0.00,,,,0,0,0,0.0,0.0,,0.0,0.0,Matchs
506,Sai van Wermeskerken,jp JPN,DF,Cambuur,28,1994,18.7,1,15,5,33.3,0.80,0.27,0.07,0.20,27.2,0,0,0,0.6,0.6,0.04,#ERROR!,#ERROR!,Matchs
507,Mats Wieffer,nl NED,MT,Feyenoord,22,1999,18.6,1,23,3,13.0,1.24,0.16,0.04,0.33,15.5,0,0,0,1.8,1.8,0.08,-0.8,-0.8,Matchs
508,Owen Wijndal,nl NED,DF,Ajax,22,1999,14.8,0,8,3,37.5,0.54,0.20,0.00,0.00,17.2,0,0,0,0.8,0.8,0.10,-0.8,-0.8,Matchs
509,Jetro Willems,nl NED,DF,Groningen,28,1994,4.3,0,5,0,0.0,1.15,0.00,0.00,,17.5,0,0,0,0.2,0.2,0.04,-0.2,-0.2,Matchs
510,Dani de Wit,nl NED,MT,AZ Alkmaar,24,1998,13.2,5,22,13,59.1,1.67,0.99,0.23,0.38,11.9,0,0,0,3.0,3.0,0.14,#ERROR!,#ERROR!,Matchs
511,Mees de Wit,nl NED,"DF,AT",AZ Alkmaar,24,1998,5.9,2,8,2,25.0,1.35,0.34,0.25,1.00,17.4,0,0,0,0.6,0.6,0.08,#ERROR!,#ERROR!,Matchs
512,Aslak Witry,no NOR,DF,AZ Alkmaar,26,1996,0.6,0,0,0,,0.00,0.00,,,,0,0,0,0.0,0.0,,0.0,0.0,Matchs
513,Maximilian Wittek,de GER,DF,Vitesse,26,1995,30.2,3,75,19,25.3,2.49,0.63,0.04,0.16,25.6,14,0,0,3.0,3.0,0.04,0.0,0.0,Matchs
514,Ricky van Wolfswinkel,nl NED,AT,Twente,33,1989,28.1,10,72,24,33.3,2.56,0.85,0.10,0.29,12.8,0,3,3,13.0,10.7,0.15,-3.0,-3.7,Matchs
515,Luuk Wouters,nl NED,DF,RKC Waalwijk,23,1999,2.0,0,0,0,,0.00,0.00,,,,0,0,0,0.0,0.0,,0.0,0.0,Matchs
516,Redouan El Yaakoubi,nl NED,DF,Excelsior,26,1996,32.5,3,28,11,39.3,0.86,0.34,0.11,0.27,16.8,0,0,0,2.3,2.3,0.08,#ERROR!,#ERROR!,Matchs
517,Romaric Yapi,fr FRA,"AT,DF",Vitesse,22,2000,4.0,0,7,4,57.1,1.76,01.01,0.00,0.00,13.3,0,0,0,0.6,0.6,0.08,-0.6,-0.6,Matchs
518,Burak Yılmaz,tr TUR,AT,Fortuna Sittard,37,1985,24.6,9,69,19,27.5,2.80,0.77,0.04,0.16,19.7,10,6,6,12.1,7.6,0.11,-3.1,-4.6,Matchs
519,Amin Younes,de GER,"AT,MT",Utrecht,28,1993,3.7,0,3,0,0.0,0.80,0.00,0.00,,17.7,0,0,0,0.2,0.2,0.06,-0.2,-0.2,Matchs
520,Timo Zaal,nl NED,MT,Heerenveen,18,2004,0.0,0,0,0,,0.00,0.00,,,,0,0,0,0.0,0.0,,0.0,0.0,Matchs
521,Arthur Zagre,fr FRA,"AT,MT",Utrecht,20,2001,0.8,0,5,1,20.0,6.62,1.32,0.00,0.00,15.1,0,0,0,0.4,0.4,0.08,-0.4,-0.4,Matchs
522,Arthur Zagre,fr FRA,DF,Excelsior,20,2001,6.9,0,1,0,0.0,0.15,0.00,0.00,,13.0,0,0,0,0.1,0.1,0.14,-0.1,-0.1,Matchs
523,Lequincio Zeefuik,nl NED,"AT,MT",Volendam,17,2004,3.7,2,13,7,53.8,3.47,1.87,0.15,0.29,10.9,0,0,0,1.8,1.8,0.14,#ERROR!,#ERROR!,Matchs
524,Ramiz Zerrouki,dz ALG,MT,Twente,24,1998,31.2,1,31,8,25.8,0.99,0.26,0.03,0.13,24.2,0,0,0,1.6,1.6,0.05,-0.6,-0.6,Matchs
525,Richairo Živković,cw CUW,AT,Emmen,25,1996,26.7,5,49,17,34.7,1.83,0.64,0.10,0.29,13.3,0,0,0,7.5,7.5,0.15,-2.5,-2.5,Matchs
Clt,Joueur,Nation,Pos,Équipe,Âge,Naissance,90,Buts,Tirs,TC,TC%,Tir/90,TC/90,B/Tir,B/TC,Dist,CF,PénM,PénT,xG,npxG,npxG/Sh,G-xG,np:G-xG,Matchs
526,Willum Þór Willumsson,is ISL,"MT,AT",Go Ahead Eag,23,1998,24.3,8,40,10,25.0,1.65,0.41,0.15,0.60,16.7,1,2,4,7.5,4.3,0.11,#ERROR!,#ERROR!,Matchs
Clt,Joueur,Nation,Pos,Équipe,Âge,Naissance,90,Buts,Tirs,TC,TC%,Tir/90,TC/90,B/Tir,B/TC,Dist,CF,PénM,PénT,xG,npxG,npxG/Sh,G-xG,np:G-xG,Matchs
1,Nicolás Acevedo,uy URU,MT,Bahia,23,1999,21.9,0,23,4,17.4,01.05,0.18,0.00,0.00,25.3,0,0,0,0.9,0.9,0.04,-0.9,-0.9,Matchs
2,Luiz Adriano,br BRA,AT,Internacional,35,1987,14.8,3,24,11,45.8,1.62,0.74,0.13,0.27,14.4,0,0,0,2.6,2.6,0.11,#ERROR!,#ERROR!,Matchs
3,Adriel,br BRA,GB,Grêmio,22,2001,2.0,0,0,0,,0.00,0.00,,,,0,0,0,0.0,0.0,,0.0,0.0,Matchs
4,Adryelson,br BRA,DF,Botafogo (RJ),24,1998,33.3,1,12,5,41.7,0.36,0.15,0.08,0.20,9.9,0,0,0,1.1,1.1,0.09,-0.1,-0.1,Matchs
5,Adson,br BRA,"AT,MT",Corinthians,22,2000,9.5,0,10,3,30.0,01.05,0.32,0.00,0.00,24.1,0,0,0,0.4,0.4,0.04,-0.4,-0.4,Matchs
6,Adyson,br BRA,"AT,MT",América (MG),17,2005,2.7,0,4,1,25.0,1.47,0.37,0.00,0.00,17.9,0,0,0,0.2,0.2,0.05,-0.2,-0.2,Matchs
7,Washington Aguerre,uy URU,GB,América (MG),29,1993,2.0,0,0,0,,0.00,0.00,,,,0,0,0,0.0,0.0,,0.0,0.0,Matchs
8,Carlos Alberto,br BRA,"AT,MT",Botafogo (RJ),20,2002,3.3,2,7,3,42.9,2.13,0.91,0.29,0.67,12.5,0,0,0,1.1,1.1,0.16,#ERROR!,#ERROR!,Matchs
9,Yuri Alberto,br BRA,AT,Corinthians,21,2001,30.2,8,86,28,32.6,2.84,0.93,0.09,0.29,14.6,0,0,0,10.0,10.0,0.12,-2.0,-2.0,Matchs
10,Ale,br BRA,MT,América (MG),32,1990,15.8,1,13,1,7.7,0.82,0.06,0.08,1.00,14.2,0,0,0,1.8,1.8,0.14,-0.8,-0.8,Matchs
11,Alexandre Alemão,br BRA,AT,Internacional,24,1998,3.8,1,14,3,21.4,3.71,0.79,0.07,0.33,14.6,0,0,0,1.2,1.2,0.09,-0.2,-0.2,Matchs
12,Alerrandro,br BRA,"AT,MT",Red Bull Bragantino,23,2000,4.5,1,13,3,23.1,2.89,0.67,0.08,0.33,14.3,0,0,0,3.1,3.1,0.24,-2.1,-2.1,Matchs
13,Alesson,br BRA,"AT,MT",Goiás,23,1999,7.3,2,16,3,18.8,2.20,0.41,0.13,0.67,16.3,0,0,0,1.1,1.1,0.07,#ERROR!,#ERROR!,Matchs
14,Alex,br BRA,DF,Santos,23,1999,5.1,0,4,2,50.0,0.79,0.40,0.00,0.00,11.4,0,0,0,0.1,0.1,0.03,-0.1,-0.1,Matchs
15,Caio Alexandre,br BRA,MT,Fortaleza,23,1999,29.2,2,19,5,26.3,0.65,0.17,0.11,0.40,21.9,0,0,0,2.0,2.0,0.11,0.0,0.0,Matchs
16,Matheus Alexandre,br BRA,DF,Cuiabá,23,1999,33.1,1,8,2,25.0,0.24,0.06,0.13,0.50,18.9,0,0,0,0.8,0.8,0.10,#ERROR!,#ERROR!,Matchs
17,Alexsander,br BRA,"MT,DF",Fluminense,19,2003,13.3,0,9,2,22.2,0.68,0.15,0.00,0.00,21.0,0,0,0,0.3,0.3,0.04,-0.3,-0.3,Matchs
18,Alison,br BRA,MT,Santos,29,1993,1.5,0,0,0,,0.00,0.00,,,,0,0,0,0.0,0.0,,0.0,0.0,Matchs
19,Alisson,br BRA,"MT,DF",Atlético Mineiro,17,2005,0.5,0,1,0,0.0,1.84,0.00,0.00,,33.9,0,0,0,0.0,0.0,0.01,0.0,0.0,Matchs
20,Alisson,br BRA,"MT,AT",São Paulo,29,1993,23.9,0,24,4,16.7,1.00,0.17,0.00,0.00,21.6,1,0,0,1.1,1.1,0.05,-1.1,-1.1,Matchs
21,Allan,br BRA,MT,Flamengo,25,1997,5.4,0,6,2,33.3,1.12,0.37,0.00,0.00,29.2,0,0,0,0.1,0.1,0.02,-0.1,-0.1,Matchs
22,Allano,br BRA,AT,Goiás,27,1995,13.7,1,30,12,40.0,2.18,0.87,0.03,0.08,18.9,0,0,0,2.1,2.1,0.07,-1.1,-1.1,Matchs
23,Henrique Almeida,br BRA,AT,América (MG),31,1991,1.7,0,6,2,33.3,3.46,1.15,0.00,0.00,20.3,0,0,0,0.4,0.4,0.06,-0.4,-0.4,Matchs
24,Rodrigo Alves,br BRA,MT,Vasco da Gama,20,2002,3.9,0,0,0,,0.00,0.00,,,,0,0,0,0.0,0.0,,0.0,0.0,Matchs
25,Anderson,br BRA,GB,Cruzeiro,24,1998,1.0,0,0,0,,0.00,0.00,,,,0,0,0,0.0,0.0,,0.0,0.0,Matchs
Clt,Joueur,Nation,Pos,Équipe,Âge,Naissance,90,Buts,Tirs,TC,TC%,Tir/90,TC/90,B/Tir,B/TC,Dist,CF,PénM,PénT,xG,npxG,npxG/Sh,G-xG,np:G-xG,Matchs
26,Anderson,br BRA,"AT,MT",Goiás,24,1998,14.3,0,17,2,11.8,1.19,0.14,0.00,0.00,21.7,0,0,0,0.7,0.7,0.04,-0.7,-0.7,Matchs
27,André,br BRA,DF,Bahia,19,2003,1.4,0,0,0,,0.00,0.00,,,,0,0,0,0.0,0.0,,0.0,0.0,Matchs
28,André,br BRA,"MT,DF",Fluminense,21,2001,29.4,0,12,3,25.0,0.41,0.10,0.00,0.00,28.5,0,0,0,0.4,0.4,0.03,-0.4,-0.4,Matchs
29,Maurício Antônio,br BRA,DF,Coritiba,30,1992,2.0,0,2,0,0.0,1.00,0.00,0.00,,30.7,0,0,0,0.0,0.0,0.02,0.0,0.0,Matchs
30,Apodi,br BRA,"AT,MT",Goiás,36,1986,4.2,1,8,5,62.5,1.88,1.18,0.13,0.20,18.5,0,0,0,0.8,0.8,0.10,#ERROR!,#ERROR!,Matchs
31,Guilherme Arana,br BRA,DF,Atlético Mineiro,25,1997,26.5,2,28,7,25.0,01.06,0.26,0.07,0.29,23.9,0,0,0,1.0,1.0,0.04,#ERROR!,#ERROR!,Matchs
32,Charles Aránguiz,cl CHI,MT,Internacional,33,1989,14.1,0,15,1,6.7,01.07,0.07,0.00,0.00,21.4,1,0,0,1.0,1.0,0.07,-1.0,-1.0,Matchs
33,João Araújo,br BRA,MT,Grêmio,17,2005,0.1,0,0,0,,0.00,0.00,,,,0,0,0,0.0,0.0,,0.0,0.0,Matchs
34,Luiz Araújo,br BRA,"AT,MT",Flamengo,26,1996,8.7,3,24,8,33.3,2.75,0.92,0.13,0.38,17.0,0,0,0,1.6,1.6,0.06,#ERROR!,#ERROR!,Matchs
35,Matheus Araújo,br BRA,"MT,AT",Corinthians,20,2002,6.5,1,6,2,33.3,0.92,0.31,0.17,0.50,15.1,0,0,0,1.2,1.2,0.20,-0.2,-0.2,Matchs
36,Michel Araujo,uy URU,"AT,MT",São Paulo,26,1996,19.6,2,36,11,30.6,1.83,0.56,0.06,0.18,18.8,1,0,0,4.8,4.8,0.13,-2.8,-2.8,Matchs
37,Robert Arboleda,ec ECU,DF,São Paulo,31,1991,19.1,0,15,4,26.7,0.78,0.21,0.00,0.00,14.7,0,0,0,0.9,0.9,0.06,-0.9,-0.9,Matchs
38,Jhon Arias,co COL,"AT,MT",Fluminense,25,1997,26.5,7,50,23,46.0,1.89,0.87,0.10,0.22,19.6,6,2,2,5.8,4.2,0.08,#ERROR!,#ERROR!,Matchs
39,Luciano Arriagada,cl CHI,"AT,MT",Ath Paranaense,20,2002,2.1,0,4,1,25.0,1.89,0.47,0.00,0.00,15.9,0,0,0,0.9,0.9,0.22,-0.9,-0.9,Matchs
40,Arthur,br BRA,"AT,MT",Cruzeiro,24,1998,15.0,3,33,12,36.4,2.20,0.80,0.09,0.25,19.5,0,0,0,3.6,3.6,0.11,-0.6,-0.6,Matchs
41,Arthur,br BRA,DF,América (MG),19,2003,1.0,0,0,0,,0.00,0.00,,,,0,0,0,0.0,0.0,,0.0,0.0,Matchs
42,Arthur,br BRA,"DF,AT",Fluminense,18,2004,0.2,0,0,0,,0.00,0.00,,,,0,0,0,0.0,0.0,,0.0,0.0,Matchs
43,Artur,br BRA,AT,Palmeiras,24,1998,21.1,5,47,17,36.2,2.23,0.81,0.11,0.29,16.8,1,0,0,5.0,5.0,0.11,0.0,0.0,Matchs
44,Eduard Atuesta,co COL,MT,Palmeiras,25,1997,0.1,0,0,0,,0.00,0.00,,,,0,0,0,0.0,0.0,,0.0,0.0,Matchs
45,Felipe Augusto,br BRA,"AT,MT",Corinthians,18,2004,3.6,0,7,3,42.9,1.96,0.84,0.00,0.00,23.3,0,0,0,0.3,0.3,0.04,-0.3,-0.3,Matchs
46,Filipe Augusto,br BRA,MT,Cuiabá,29,1993,11.8,0,9,2,22.2,0.76,0.17,0.00,0.00,30.7,3,0,0,0.3,0.3,0.03,-0.3,-0.3,Matchs
47,Renato Augusto,br BRA,MT,Corinthians,34,1988,14.2,2,26,12,46.2,1.83,0.84,0.08,0.17,22.8,0,0,0,1.1,1.1,0.04,#ERROR!,#ERROR!,Matchs
48,Danilo Avelar,br BRA,DF,América (MG),33,1989,22.0,3,34,9,26.5,1.54,0.41,0.06,0.22,13.5,0,1,1,4.0,3.2,0.10,-1.0,-1.2,Matchs
49,Felipe Azevedo,br BRA,"AT,MT",América (MG),36,1987,19.4,4,45,15,33.3,2.32,0.77,0.09,0.27,17.3,0,0,0,3.7,3.7,0.09,#ERROR!,#ERROR!,Matchs
50,Matheus Babi,br BRA,AT,Goiás,25,1997,9.8,4,27,10,37.0,2.76,01.02,0.15,0.40,12.6,0,0,0,2.6,2.6,0.09,#ERROR!,#ERROR!,Matchs
Clt,Joueur,Nation,Pos,Équipe,Âge,Naissance,90,Buts,Tirs,TC,TC%,Tir/90,TC/90,B/Tir,B/TC,Dist,CF,PénM,PénT,xG,npxG,npxG/Sh,G-xG,np:G-xG,Matchs
51,Matheus Bahia,br BRA,"DF,MT",Bahia,23,1999,5.5,0,5,1,20.0,0.91,0.18,0.00,0.00,23.4,0,0,0,0.1,0.1,0.02,-0.1,-0.1,Matchs
52,Fabián Balbuena,py PAR,DF,Corinthians,31,1991,1.0,0,1,0,0.0,01.01,0.00,0.00,,11.2,0,0,0,0.0,0.0,0.03,0.0,0.0,Matchs
53,Robson Bambu,br BRA,DF,Vasco da Gama,25,1997,14.2,0,4,1,25.0,0.28,0.07,0.00,0.00,8.8,0,0,0,0.5,0.5,0.12,-0.5,-0.5,Matchs
54,Gabriel Baralhas,br BRA,MT,Internacional,24,1998,2.6,0,4,1,25.0,1.53,0.38,0.00,0.00,28.6,0,0,0,0.1,0.1,0.02,-0.1,-0.1,Matchs
55,Danilo Barbosa,br BRA,"MT,DF",Botafogo (RJ),26,1996,11.2,3,10,4,40.0,0.89,0.36,0.30,0.75,14.9,0,0,0,1.0,1.0,0.10,#ERROR!,#ERROR!,Matchs
56,Diogo Barbosa,br BRA,DF,Fluminense,30,1992,12.4,1,6,3,50.0,0.48,0.24,0.17,0.33,22.0,0,0,0,0.3,0.3,0.05,#ERROR!,#ERROR!,Matchs
57,Diogo Barbosa,br BRA,DF,Grêmio,30,1992,4.3,0,1,0,0.0,0.23,0.00,0.00,,26.6,0,0,0,0.0,0.0,0.03,0.0,0.0,Matchs
58,Gabriel Barbosa,br BRA,AT,Flamengo,26,1996,17.1,5,43,14,32.6,2.51,0.82,0.02,0.07,18.0,0,4,5,9.5,5.6,0.13,-4.5,-4.6,Matchs
59,Lucas Barbosa,br BRA,"AT,MT",Santos,21,2001,1.1,0,1,1,100.0,0.87,0.87,0.00,0.00,6.4,0,0,0,0.3,0.3,0.29,-0.3,-0.3,Matchs
60,Lucas Barbosa,br BRA,"MT,AT",Coritiba,21,2001,1.1,0,4,1,25.0,3.53,0.88,0.00,0.00,16.4,0,0,0,0.1,0.1,0.03,-0.1,-0.1,Matchs
61,Chrystian Barletta,br BRA,MT,Corinthians,21,2001,1.4,0,3,1,33.3,2.13,0.71,0.00,0.00,,,0,0,,,,,,Matchs
62,Cauan Barros,br BRA,MT,Vasco da Gama,18,2004,2.6,1,5,1,20.0,1.90,0.38,0.20,1.00,13.3,0,0,0,0.3,0.3,0.07,#ERROR!,#ERROR!,Matchs
63,Gabriel Barros,br BRA,"AT,MT",Internacional,21,2001,2.0,0,2,0,0.0,01.02,0.00,0.00,,16.7,0,0,0,0.2,0.2,0.11,-0.2,-0.2,Matchs
64,Bastos,ao ANG,DF,Botafogo (RJ),31,1991,1.3,0,1,0,0.0,0.76,0.00,0.00,,8.9,0,0,0,0.0,0.0,0.04,0.0,0.0,Matchs
65,Fellipe Bastos,br BRA,MT,Goiás,32,1990,0.4,0,0,0,,0.00,0.00,,,,0,0,0,0.0,0.0,,0.0,0.0,Matchs
66,Diogo Batista,br BRA,"DF,MT",Coritiba,19,2003,5.9,0,6,2,33.3,01.02,0.34,0.00,0.00,29.8,0,0,0,0.2,0.2,0.03,-0.2,-0.2,Matchs
67,Rodrigo Battaglia,ar ARG,MT,Atlético Mineiro,31,1991,19.2,0,17,3,17.6,0.89,0.16,0.00,0.00,18.7,0,0,0,0.9,0.9,0.05,-0.9,-0.9,Matchs
68,José Luis Rodríguez Bebanz,uy URU,DF,Vasco da Gama,25,1997,22.2,2,38,13,34.2,1.71,0.59,0.05,0.15,18.7,5,0,0,2.8,2.8,0.08,-0.8,-0.8,Matchs
69,Matheus Belém,br BRA,DF,São Paulo,19,2003,1.9,0,0,0,,0.00,0.00,,,,0,0,0,0.0,0.0,,0.0,0.0,Matchs
70,Lucas Belezi,br BRA,DF,Ath Paranaense,19,2003,0.5,0,1,0,0.0,2.00,0.00,0.00,,15.7,0,0,0,0.0,0.0,0.01,0.0,0.0,Matchs
71,Ramiro Benetti,br BRA,MT,Cruzeiro,29,1993,4.5,1,6,2,33.3,1.33,0.44,0.17,0.50,18.5,0,0,0,0.8,0.8,0.13,#ERROR!,#ERROR!,Matchs
72,Martín Benítez,ar ARG,"MT,AT",América (MG),28,1994,12.4,3,36,10,27.8,2.89,0.80,0.08,0.30,24.5,6,0,0,2.6,2.6,0.08,#ERROR!,#ERROR!,Matchs
73,Bento,br BRA,GB,Ath Paranaense,23,1999,33.0,0,0,0,,0.00,0.00,,,,0,0,0,0.0,0.0,,0.0,0.0,Matchs
74,Lucas Beraldo,br BRA,DF,São Paulo,19,2003,24.0,1,14,6,42.9,0.58,0.25,0.07,0.17,15.2,0,0,0,1.0,1.0,0.07,0.0,0.0,Matchs
75,Lucas Besozzi,ar ARG,"AT,MT",Grêmio,20,2003,4.4,1,6,5,83.3,1.35,1.13,0.17,0.20,18.6,0,0,0,0.3,0.3,0.05,#ERROR!,#ERROR!,Matchs
Clt,Joueur,Nation,Pos,Équipe,Âge,Naissance,90,Buts,Tirs,TC,TC%,Tir/90,TC/90,B/Tir,B/TC,Dist,CF,PénM,PénT,xG,npxG,npxG/Sh,G-xG,np:G-xG,Matchs
76,Matheus Bianqui,br BRA,MT,Coritiba,25,1998,15.8,2,29,8,27.6,1.84,0.51,0.07,0.25,20.3,0,0,0,1.7,1.7,0.06,#ERROR!,#ERROR!,Matchs
77,Raul Bicalho,br BRA,DF,Bahia,23,1999,3.6,0,4,0,0.0,1.12,0.00,0.00,,10.4,0,0,0,0.3,0.3,0.08,-0.3,-0.3,Matchs
78,Matheus Bidu,br BRA,DF,Corinthians,23,1999,18.4,0,16,6,37.5,0.87,0.33,0.00,0.00,24.1,0,0,0,0.4,0.4,0.03,-0.4,-0.4,Matchs
79,Biel,br BRA,"AT,MT",Bahia,21,2001,15.1,5,46,15,32.6,03.04,0.99,0.11,0.33,17.8,1,0,0,5.2,5.2,0.11,-0.2,-0.2,Matchs
80,Rafael Bilu,br BRA,AT,Cruzeiro,23,1999,1.0,0,4,0,0.0,4.19,0.00,0.00,,19.0,0,0,0,0.7,0.7,0.17,-0.7,-0.7,Matchs
81,Guilherme Biro,br BRA,"AT,MT",Corinthians,18,2004,6.4,0,14,3,21.4,2.20,0.47,0.00,0.00,20.6,0,0,0,0.7,0.7,0.05,-0.7,-0.7,Matchs
82,Bitelo,br BRA,"MT,AT",Grêmio,23,2000,17.2,4,31,7,22.6,1.80,0.41,0.13,0.57,18.8,1,0,0,3.6,3.6,0.12,#ERROR!,#ERROR!,Matchs
83,Paulinho Bóia,br BRA,AT,América (MG),24,1998,1.5,0,1,0,0.0,0.66,0.00,0.00,,63.5,0,0,0,0.0,0.0,0.02,0.0,0.0,Matchs
84,Thiago Borbas,uy URU,AT,Red Bull Bragantino,20,2002,15.9,9,55,26,47.3,3.47,1.64,0.16,0.35,13.8,1,0,0,9.2,9.2,0.17,-0.2,-0.2,Matchs
85,Ângelo Borges,br BRA,"AT,MT",Santos,18,2004,6.0,2,6,3,50.0,1.00,0.50,0.33,0.67,16.9,0,0,0,1.1,1.1,0.18,#ERROR!,#ERROR!,Matchs
86,Daniel Borges,br BRA,DF,América (MG),29,1993,8.9,0,3,0,0.0,0.34,0.00,0.00,,25.8,0,0,0,0.1,0.1,0.02,-0.1,-0.1,Matchs
87,Daniel Borges,br BRA,DF,Botafogo (RJ),29,1993,0.5,0,1,1,100.0,2.00,2.00,0.00,0.00,26.5,0,0,0,0.0,0.0,0.03,0.0,0.0,Matchs
88,Marllon Borges,br BRA,DF,Cuiabá,30,1992,36.0,1,13,4,30.8,0.36,0.11,0.08,0.25,9.0,0,0,0,1.5,1.5,0.11,-0.5,-0.5,Matchs
89,Pedro Borges,br BRA,"MT,AT",Fortaleza,25,1997,6.3,0,5,1,20.0,0.80,0.16,0.00,0.00,16.0,0,0,0,0.5,0.5,0.09,-0.5,-0.5,Matchs
90,Gabriel Boschilia,br BRA,"MT,AT",Coritiba,26,1996,3.8,1,15,5,33.3,3.92,1.31,0.07,0.20,24.1,2,0,0,1.1,1.1,0.07,-0.1,-0.1,Matchs
91,Lucas Braga,br BRA,"DF,AT",Santos,26,1996,22.1,0,11,1,9.1,0.50,0.05,0.00,0.00,15.9,0,0,0,0.4,0.4,0.04,-0.4,-0.4,Matchs
92,David Braz,br BRA,DF,Fluminense,35,1987,9.6,0,10,3,30.0,01.04,0.31,0.00,0.00,18.7,3,0,0,0.7,0.7,0.07,-0.7,-0.7,Matchs
93,Brenno,br BRA,GB,Grêmio,23,1999,1.0,0,0,0,,0.00,0.00,,,,0,0,0,0.0,0.0,,0.0,0.0,Matchs
94,Breno,br BRA,MT,Botafogo (RJ),22,2000,0.1,0,0,0,,0.00,0.00,,,,0,0,0,0.0,0.0,,0.0,0.0,Matchs
95,Breno,br BRA,AT,Palmeiras,27,1996,15.2,5,49,24,49.0,3.23,1.58,0.10,0.21,14.8,0,0,0,6.8,6.8,0.14,-1.8,-1.8,Matchs
96,Emanuel Brítez,ar ARG,DF,Fortaleza,30,1992,30.7,0,20,3,15.0,0.65,0.10,0.00,0.00,17.5,0,0,0,1.0,1.0,0.05,-1.0,-1.0,Matchs
97,Bruninho,br BRA,"AT,MT",Red Bull Bragantino,19,2003,7.9,2,21,6,28.6,2.64,0.76,0.10,0.33,17.1,3,0,0,2.7,2.7,0.13,-0.7,-0.7,Matchs
98,Fabrício Bruno,br BRA,DF,Flamengo,26,1996,34.0,0,16,4,25.0,0.47,0.12,0.00,0.00,15.2,0,0,0,0.7,0.7,0.05,-0.7,-0.7,Matchs
99,Vitor Bueno,br BRA,"MT,AT",Ath Paranaense,28,1994,23.1,5,63,17,27.0,2.73,0.74,0.03,0.12,26.8,11,3,3,5.3,3.1,0.05,-0.3,-1.1,Matchs
100,Esteban Burgos,ar ARG,DF,América (MG),31,1992,3.3,0,0,0,,0.00,0.00,,,,0,0,0,0.0,0.0,,0.0,0.0,Matchs
Clt,Joueur,Nation,Pos,Équipe,Âge,Naissance,90,Buts,Tirs,TC,TC%,Tir/90,TC/90,B/Tir,B/TC,Dist,CF,PénM,PénT,xG,npxG,npxG/Sh,G-xG,np:G-xG,Matchs
101,Fabricio Bustos,ar ARG,DF,Internacional,26,1996,27.8,3,17,6,35.3,0.61,0.22,0.18,0.50,23.6,0,0,0,1.0,1.0,0.06,#ERROR!,#ERROR!,Matchs
102,Rafael Cabral,br BRA,GB,Cruzeiro,32,1990,37.0,0,0,0,,0.00,0.00,,,,0,0,0,0.0,0.0,,0.0,0.0,Matchs
103,Cacá,br BRA,DF,Ath Paranaense,23,1999,18.8,2,9,2,22.2,0.48,0.11,0.22,1.00,11.6,0,0,0,1.1,1.1,0.12,#ERROR!,#ERROR!,Matchs
104,Cadu,br BRA,DF,Santos,20,2002,0.2,0,0,0,,0.00,0.00,,,,0,0,0,0.0,0.0,,0.0,0.0,Matchs
105,Caetano,br BRA,DF,Corinthians,23,1999,13.4,0,3,0,0.0,0.22,0.00,0.00,,8.2,0,0,0,0.2,0.2,0.05,-0.2,-0.2,Matchs
106,Jonathan Cafu,br BRA,"AT,MT",Cuiabá,31,1991,19.0,0,17,5,29.4,0.90,0.26,0.00,0.00,16.1,0,0,0,1.5,1.5,0.09,-1.5,-1.5,Matchs
107,Júnior Caiçara,br BRA,DF,Santos,33,1989,1.9,0,0,0,,0.00,0.00,,,,0,0,0,0.0,0.0,,0.0,0.0,Matchs
108,Rodrigo Caio,br BRA,"MT,DF",Flamengo,29,1993,0.7,0,0,0,,0.00,0.00,,,,0,0,0,0.0,0.0,,0.0,0.0,Matchs
109,Caíque,br BRA,GB,Grêmio,25,1997,4.0,0,0,0,,0.00,0.00,,,,0,0,0,0.0,0.0,,0.0,0.0,Matchs
110,Calebe,br BRA,"MT,AT",Fortaleza,22,2000,16.4,2,39,15,38.5,2.37,0.91,0.05,0.13,21.0,7,0,0,3.0,3.0,0.08,-1.0,-1.0,Matchs
111,Jonathan Calleri,ar ARG,AT,São Paulo,29,1993,15.0,9,44,20,45.5,2.93,1.33,0.16,0.35,11.4,0,2,2,8.5,6.9,0.16,#ERROR!,#ERROR!,Matchs
112,Patric Calmon PK,br BRA,DF,Cuiabá,28,1994,5.8,0,2,1,50.0,0.35,0.17,0.00,0.00,21.3,0,0,0,0.2,0.2,0.08,-0.2,-0.2,Matchs
113,Guilherme Camacho,br BRA,MT,Santos,32,1990,5.0,0,0,0,,0.00,0.00,,,,0,0,0,0.0,0.0,,0.0,0.0,Matchs
114,Nathan Camargo,br BRA,MT,Red Bull Bragantino,17,2005,0.1,0,0,0,,0.00,0.00,,,,0,0,0,0.0,0.0,,0.0,0.0,Matchs
115,Gustavo Campanharo,br BRA,MT,Internacional,30,1992,7.7,0,4,3,75.0,0.52,0.39,0.00,0.00,28.5,0,0,0,0.1,0.1,0.03,-0.1,-0.1,Matchs
116,Camilo Cándido,uy URU,DF,Bahia,27,1995,13.8,1,10,4,40.0,0.72,0.29,0.10,0.25,25.1,1,0,0,0.4,0.4,0.04,#ERROR!,#ERROR!,Matchs
117,Luan Cândido,br BRA,DF,Red Bull Bragantino,21,2001,12.0,1,29,12,41.4,2.41,1.00,0.03,0.08,20.6,6,0,0,1.8,1.8,0.06,-0.8,-0.8,Matchs
118,Germán Cano,ar ARG,AT,Fluminense,34,1988,27.4,10,81,33,40.7,2.96,1.20,0.12,0.30,20.3,0,0,1,10.0,9.2,0.11,0.0,#ERROR!,Matchs
119,Agustín Canobbio,uy URU,"AT,MT",Ath Paranaense,24,1998,23.5,3,67,29,43.3,2.85,1.23,0.04,0.10,20.1,4,0,0,5.5,5.5,0.08,-2.5,-2.5,Matchs
120,Víctor Cantillo,co COL,MT,Corinthians,29,1993,3.0,0,3,2,66.7,01.02,0.68,0.00,0.00,30.2,0,0,0,0.1,0.1,0.02,-0.1,-0.1,Matchs
121,Manuel Capasso,ar ARG,DF,Vasco da Gama,26,1996,6.2,0,1,0,0.0,0.16,0.00,0.00,,10.4,0,0,0,0.1,0.1,0.06,-0.1,-0.1,Matchs
122,Juninho Capixaba,br BRA,DF,Red Bull Bragantino,25,1997,31.9,2,51,21,41.2,1.60,0.66,0.04,0.10,20.2,2,0,0,2.9,2.9,0.06,-0.9,-0.9,Matchs
123,Gabriel Carabajal,ar ARG,MT,Vasco da Gama,31,1991,1.4,0,4,0,0.0,2.95,0.00,0.00,,23.5,1,0,0,0.2,0.2,0.04,-0.2,-0.2,Matchs
124,Felipe Carballo,uy URU,MT,Grêmio,26,1996,17.1,1,19,5,26.3,1.11,0.29,0.05,0.20,16.8,0,0,0,1.5,1.5,0.08,-0.5,-0.5,Matchs
125,Johnny Cardoso,us USA,MT,Internacional,21,2001,17.9,2,15,8,53.3,0.84,0.45,0.13,0.25,18.6,0,0,0,1.1,1.1,0.08,#ERROR!,#ERROR!,Matchs
Clt,Joueur,Nation,Pos,Équipe,Âge,Naissance,90,Buts,Tirs,TC,TC%,Tir/90,TC/90,B/Tir,B/TC,Dist,CF,PénM,PénT,xG,npxG,npxG/Sh,G-xG,np:G-xG,Matchs
126,Ed Carlos,br BRA,"MT,AT",Santos,21,2001,0.4,0,1,0,0.0,2.50,0.00,0.00,,31.5,0,0,0,0.0,0.0,0.02,0.0,0.0,Matchs
127,João Carlos,br BRA,GB,Cuiabá,34,1988,3.0,0,0,0,,0.00,0.00,,,,0,0,0,0.0,0.0,,0.0,0.0,Matchs
128,Ryan Carlos,br BRA,DF,Bahia,20,2002,6.4,0,2,1,50.0,0.31,0.16,0.00,0.00,20.6,0,0,0,0.1,0.1,0.03,-0.1,-0.1,Matchs
129,Alan Carvalho,cn CHN,MT,Fluminense,33,1989,0.5,1,1,1,100.0,2.00,2.00,1.00,1.00,5.1,0,0,0,0.6,0.6,0.63,#ERROR!,#ERROR!,Matchs
130,Breno Cascardo,br BRA,MT,América (MG),19,2003,12.9,1,22,5,22.7,1.70,0.39,0.05,0.20,22.9,0,0,0,1.3,1.3,0.06,-0.3,-0.3,Matchs
131,Cássio,br BRA,GB,Corinthians,35,1987,36.8,0,0,0,,0.00,0.00,,,,0,0,0,0.0,0.0,,0.0,0.0,Matchs
132,Luciano Castán,br BRA,DF,Cruzeiro,33,1989,35.7,1,24,8,33.3,0.67,0.22,0.04,0.13,11.7,0,0,0,1.3,1.3,0.05,-0.3,-0.3,Matchs
133,Iury de Castilho,br BRA,AT,Cuiabá,27,1995,4.4,0,12,4,33.3,2.71,0.90,0.00,0.00,18.2,0,0,0,0.6,0.6,0.05,-0.6,-0.6,Matchs
134,Matheus Cavichioli,br BRA,GB,América (MG),36,1986,15.0,0,0,0,,0.00,0.00,,,,0,0,0,0.0,0.0,,0.0,0.0,Matchs
135,Juan Cazares,ec ECU,"MT,AT",América (MG),30,1992,3.1,0,6,2,33.3,1.91,0.64,0.00,0.00,26.4,0,0,0,0.3,0.3,0.05,-0.3,-0.3,Matchs
136,Brayan Ceballos,co COL,DF,Fortaleza,21,2001,2.3,0,2,1,50.0,0.87,0.44,0.00,0.00,10.7,0,0,0,0.1,0.1,0.06,-0.1,-0.1,Matchs
137,Pablo Ceppelini,uy URU,MT,Cuiabá,31,1991,11.1,0,20,8,40.0,1.81,0.72,0.00,0.00,22.3,2,0,0,1.1,1.1,0.06,-1.1,-1.1,Matchs
138,Murilo Cerqueira,br BRA,DF,Palmeiras,25,1997,24.1,3,12,7,58.3,0.50,0.29,0.25,0.43,11.1,0,0,0,1.0,1.0,0.08,#ERROR!,#ERROR!,Matchs
139,Ricardo Cerqueira,br BRA,MT,Cuiabá,20,2002,0.1,0,0,0,,0.00,0.00,,,,0,0,0,0.0,0.0,,0.0,0.0,Matchs
140,Júlio César,br BRA,DF,América (MG),19,2003,6.6,0,4,0,0.0,0.61,0.00,0.00,,14.9,0,0,0,0.2,0.2,0.05,-0.2,-0.2,Matchs
141,Reynaldo Cesar Moraes,br BRA,DF,Cruzeiro,26,1997,0.7,0,0,0,,0.00,0.00,,,,0,0,0,0.0,0.0,,0.0,0.0,Matchs
142,Reynaldo Cesar Moraes,br BRA,DF,Coritiba,26,1997,2.7,0,0,0,,0.00,0.00,,,,0,0,0,0.0,0.0,,0.0,0.0,Matchs
143,Kayky Chagas,br BRA,"AT,MT",Bahia,19,2003,4.6,2,10,3,30.0,2.20,0.66,0.20,0.67,13.7,0,0,0,1.5,1.5,0.15,#ERROR!,#ERROR!,Matchs
144,Jhon Chancellor,ve VEN,DF,Coritiba,31,1992,3.4,0,1,0,0.0,0.30,0.00,0.00,,14.7,0,0,0,0.0,0.0,0.02,0.0,0.0,Matchs
145,Gabriel Chapecó,br BRA,GB,Grêmio,22,2000,31.0,0,0,0,,0.00,0.00,,,,0,0,0,0.0,0.0,,0.0,0.0,Matchs
146,Gabriel Chaves,br BRA,"AT,MT",Vasco da Gama,21,2001,29.0,8,66,24,36.4,2.27,0.83,0.12,0.33,17.8,5,0,0,9.1,9.1,0.14,-1.1,-1.1,Matchs
147,Jhoanner Chávez,ec ECU,"DF,MT",Bahia,20,2002,6.5,0,4,1,25.0,0.61,0.15,0.00,0.00,24.7,0,0,0,0.2,0.2,0.05,-0.2,-0.2,Matchs
148,Chiqueti,br BRA,MT,Ath Paranaense,17,2005,0.2,0,0,0,,0.00,0.00,,,,,0,0,,,,,,Matchs
149,Christian,br BRA,"MT,AT",Ath Paranaense,22,2000,15.1,4,26,7,26.9,1.72,0.46,0.15,0.57,20.1,0,0,0,2.7,2.7,0.10,#ERROR!,#ERROR!,Matchs
150,Cicinho,bg BUL,DF,Bahia,34,1988,8.4,0,5,2,40.0,0.60,0.24,0.00,0.00,13.1,0,0,0,0.4,0.4,0.09,-0.4,-0.4,Matchs
Clt,Joueur,Nation,Pos,Équipe,Âge,Naissance,90,Buts,Tirs,TC,TC%,Tir/90,TC/90,B/Tir,B/TC,Dist,CF,PénM,PénT,xG,npxG,npxG/Sh,G-xG,np:G-xG,Matchs
151,Cipriano,br BRA,DF,Red Bull Bragantino,20,2002,0.8,0,0,0,,0.00,0.00,,,,0,0,0,0.0,0.0,,0.0,0.0,Matchs
152,Marcelo Cirino,br BRA,"AT,MT",Ath Paranaense,31,1992,1.1,0,2,0,0.0,1.76,0.00,0.00,,10.8,0,0,0,0.4,0.4,0.19,-0.4,-0.4,Matchs
153,Léo Cittadini,br BRA,MT,Bahia,28,1994,1.5,0,2,1,50.0,1.29,0.65,0.00,0.00,20.3,0,0,0,0.1,0.1,0.03,-0.1,-0.1,Matchs
154,Léo Cittadini,br BRA,"MT,AT",Ath Paranaense,28,1994,2.2,0,3,1,33.3,1.34,0.45,0.00,0.00,23.0,0,0,0,0.1,0.1,0.05,-0.1,-0.1,Matchs
155,Mateus Claus,br BRA,GB,Bahia,28,1994,0.6,0,0,0,,0.00,0.00,,,,0,0,0,0.0,0.0,,0.0,0.0,Matchs
156,Clayson,br BRA,"AT,MT",Cuiabá,27,1995,18.2,7,31,6,19.4,1.70,0.33,0.13,0.67,21.4,1,3,3,4.5,2.1,0.07,#ERROR!,#ERROR!,Matchs
157,Mateus Cocão,br BRA,MT,Vasco da Gama,20,2002,3.9,0,2,0,0.0,0.52,0.00,0.00,,8.9,0,0,0,0.4,0.4,0.19,-0.4,-0.4,Matchs
158,Diego Costa,es ESP,AT,Botafogo (RJ),34,1988,5.7,3,16,7,43.8,2.79,1.22,0.19,0.43,12.8,1,0,0,1.9,1.9,0.12,#ERROR!,#ERROR!,Matchs
159,Philippe Costa,br BRA,AT,Goiás,22,2000,1.2,0,4,1,25.0,3.30,0.83,0.00,0.00,16.7,0,0,0,0.2,0.2,0.06,-0.2,-0.2,Matchs
160,Talles Costa,br BRA,"MT,AT",São Paulo,20,2002,1.5,0,4,2,50.0,2.67,1.33,0.00,0.00,16.2,0,0,0,0.2,0.2,0.06,-0.2,-0.2,Matchs
161,Lucas Crispim,br BRA,"MT,DF",Fortaleza,28,1994,5.4,0,8,1,12.5,1.48,0.18,0.00,0.00,27.7,3,0,0,0.2,0.2,0.03,-0.2,-0.2,Matchs
162,Franco Cristaldo,ar ARG,"MT,AT",Grêmio,26,1996,23.7,8,37,19,51.4,1.56,0.80,0.14,0.26,19.1,1,3,4,6.6,3.6,0.10,#ERROR!,#ERROR!,Matchs
163,Tomás Cuello,ar ARG,"MT,AT",Ath Paranaense,22,2000,22.8,0,30,8,26.7,1.31,0.35,0.00,0.00,22.4,0,0,0,1.5,1.5,0.05,-1.5,-1.5,Matchs
164,Víctor Cuesta,ar ARG,DF,Botafogo (RJ),34,1988,35.0,1,22,5,22.7,0.63,0.14,0.05,0.20,13.8,3,0,0,2.4,2.2,0.10,-1.4,-1.2,Matchs
165,Cuiabano,br BRA,"DF,MT",Grêmio,19,2003,5.4,1,10,5,50.0,1.84,0.92,0.10,0.20,19.8,0,0,0,0.7,0.7,0.07,#ERROR!,#ERROR!,Matchs
166,Lucas Cunha,br BRA,DF,Red Bull Bragantino,26,1997,0.8,0,0,0,,0.00,0.00,,,,0,0,0,0.0,0.0,,0.0,0.0,Matchs
167,Matheus Cunha,br BRA,GB,Flamengo,21,2001,17.6,0,0,0,,0.00,0.00,,,,0,0,0,0.0,0.0,,0.0,0.0,Matchs
168,Ian Custódio,br BRA,DF,Palmeiras,19,2003,0.2,0,0,0,,0.00,0.00,,,,0,0,0,0.0,0.0,,0.0,0.0,Matchs
169,João Dalla Corte,br BRA,DF,Internacional,16,2006,0.2,0,0,0,,0.00,0.00,,,,0,0,0,0.0,0.0,,0.0,0.0,Matchs
170,Danielzinho,br BRA,"AT,MT",Bahia,27,1996,0.9,0,1,1,100.0,1.14,1.14,0.00,0.00,18.9,0,0,0,0.0,0.0,0.04,0.0,0.0,Matchs
171,Danielzinho,br BRA,AT,Ath Paranaense,20,2002,0.0,0,0,0,,0.00,0.00,,,,0,0,0,0.0,0.0,,0.0,0.0,Matchs
172,Danielzinho,br BRA,MT,Fluminense,27,1996,6.8,0,5,1,20.0,0.74,0.15,0.00,0.00,19.5,0,0,0,0.4,0.4,0.07,-0.4,-0.4,Matchs
173,David,br BRA,"AT,MT",São Paulo,27,1995,8.1,2,22,9,40.9,2.70,1.11,0.09,0.22,14.5,0,0,0,3.1,3.1,0.14,-1.1,-1.1,Matchs
174,Giorgian De Arrascaeta,uy URU,"MT,AT",Flamengo,28,1994,20.5,7,54,16,29.6,2.64,0.78,0.13,0.44,19.1,4,0,0,4.9,4.9,0.09,#ERROR!,#ERROR!,Matchs
175,Sergio Antonio De Luiz Junior,br BRA,"MT,DF",Vasco da Gama,27,1995,4.0,2,6,3,50.0,1.50,0.75,0.33,0.67,9.6,0,0,0,1.4,1.4,0.23,#ERROR!,#ERROR!,Matchs
Clt,Joueur,Nation,Pos,Équipe,Âge,Naissance,90,Buts,Tirs,TC,TC%,Tir/90,TC/90,B/Tir,B/TC,Dist,CF,PénM,PénT,xG,npxG,npxG/Sh,G-xG,np:G-xG,Matchs
176,Denilson,br BRA,MT,Cuiabá,21,2001,21.2,1,32,9,28.1,1.51,0.42,0.03,0.11,25.3,1,0,0,1.3,1.3,0.04,-0.3,-0.3,Matchs
177,Denzel,br BRA,AT,Goiás,20,2003,0.3,0,0,0,,0.00,0.00,,,,0,0,0,0.0,0.0,,0.0,0.0,Matchs
178,Deyverson,br BRA,AT,Cuiabá,31,1991,32.3,12,66,29,43.9,02.04,0.90,0.14,0.31,13.3,3,3,4,12.3,9.4,0.14,-0.3,-0.4,Matchs
179,Leonel Di Plácido,ar ARG,DF,Botafogo (RJ),29,1994,26.2,1,10,3,30.0,0.38,0.11,0.10,0.33,27.8,0,0,0,0.2,0.2,0.02,#ERROR!,#ERROR!,Matchs
180,Gabriel Dias,br BRA,DF,Vasco da Gama,28,1994,0.1,0,0,0,,0.00,0.00,,,,0,0,0,0.0,0.0,,0.0,0.0,Matchs
181,Jean Dias,br BRA,"AT,MT",Internacional,32,1990,3.6,1,7,2,28.6,1.96,0.56,0.14,0.50,20.3,2,0,0,1.0,1.0,0.14,0.0,0.0,Matchs
182,Luan Dias,br BRA,"MT,AT",Santos,25,1997,2.1,0,0,0,,0.00,0.00,,,,0,0,0,0.0,0.0,,0.0,0.0,Matchs
183,Matheus Dias,br BRA,"MT,AT",Internacional,25,1997,4.5,0,1,0,0.0,0.22,0.00,0.00,,12.9,0,0,0,0.1,0.1,0.15,-0.1,-0.1,Matchs
184,Diego,br BRA,DF,São Paulo,23,1999,19.4,0,9,4,44.4,0.46,0.21,0.00,0.00,12.7,0,0,0,0.6,0.6,0.06,-0.6,-0.6,Matchs
185,Dieguinho,br BRA,"DF,AT",Goiás,27,1995,12.0,0,10,0,0.0,0.83,0.00,0.00,,25.3,0,0,0,0.4,0.4,0.04,-0.4,-0.4,Matchs
186,Diogo,br BRA,"AT,MT",Coritiba,26,1996,8.4,1,17,7,41.2,02.02,0.83,0.06,0.14,12.2,0,0,0,2.7,2.7,0.16,-1.7,-1.7,Matchs
187,Dodi,br BRA,MT,Santos,26,1996,19.1,0,12,4,33.3,0.63,0.21,0.00,0.00,25.9,2,0,0,0.9,0.9,0.07,-0.9,-0.9,Matchs
188,Dodô,br BRA,DF,Atlético Mineiro,30,1992,0.7,0,1,0,0.0,1.53,0.00,0.00,,25.0,0,0,0,0.0,0.0,0.02,0.0,0.0,Matchs
189,Dodô,br BRA,DF,Santos,30,1992,15.8,0,7,0,0.0,0.44,0.00,0.00,,11.0,0,0,0,0.5,0.5,0.08,-0.5,-0.5,Matchs
190,Dodô,br BRA,"MT,AT",Goiás,21,2001,3.6,2,6,2,33.3,1.67,0.56,0.33,1.00,19.4,0,0,0,1.2,1.2,0.20,#ERROR!,#ERROR!,Matchs
191,Thiago Dombroski,br BRA,DF,Coritiba,20,2002,5.6,0,2,0,0.0,0.36,0.00,0.00,,12.5,0,0,0,0.1,0.1,0.05,-0.1,-0.1,Matchs
192,Halerrandrio dos Santos,br BRA,MT,Goiás,16,2006,0.3,0,2,0,0.0,6.21,0.00,0.00,,22.3,0,0,0,0.0,0.0,0.01,0.0,0.0,Matchs
193,Thiago dos Santos,br BRA,"DF,MT",Fluminense,33,1989,9.1,0,6,1,16.7,0.66,0.11,0.00,0.00,23.0,0,0,0,0.2,0.2,0.04,-0.2,-0.2,Matchs
194,Henrique Dourado,br BRA,AT,Cruzeiro,33,1989,3.8,1,14,3,21.4,3.68,0.79,0.07,0.33,13.6,0,0,0,2.3,2.3,0.17,-1.3,-1.3,Matchs
195,David Duarte,br BRA,DF,Bahia,28,1995,9.6,1,7,2,28.6,0.73,0.21,0.14,0.50,13.2,0,0,0,0.6,0.6,0.08,#ERROR!,#ERROR!,Matchs
196,Dudu,br BRA,MT,Ath Paranaense,17,2006,0.0,0,0,0,,0.00,0.00,,,,0,0,0,0.0,0.0,,0.0,0.0,Matchs
197,Dudu,br BRA,AT,Palmeiras,31,1992,12.0,3,35,10,28.6,2.93,0.84,0.09,0.30,19.0,0,0,0,2.4,2.4,0.07,#ERROR!,#ERROR!,Matchs
198,Éberth,br BRA,AT,Coritiba,19,2003,0.3,0,1,0,0.0,3.60,0.00,0.00,,18.3,0,0,0,0.0,0.0,0.03,0.0,0.0,Matchs
199,Edenílson,br BRA,"MT,AT",Atlético Mineiro,33,1989,15.2,1,8,3,37.5,0.53,0.20,0.13,0.33,20.3,0,0,0,0.5,0.5,0.06,#ERROR!,#ERROR!,Matchs
200,Eder,br BRA,DF,América (MG),27,1995,17.4,0,7,2,28.6,0.40,0.11,0.00,0.00,12.7,0,0,0,0.4,0.4,0.05,-0.4,-0.4,Matchs
Clt,Joueur,Nation,Pos,Équipe,Âge,Naissance,90,Buts,Tirs,TC,TC%,Tir/90,TC/90,B/Tir,B/TC,Dist,CF,PénM,PénT,xG,npxG,npxG/Sh,G-xG,np:G-xG,Matchs
201,EDU,br BRA,DF,Goiás,22,2000,4.8,0,2,1,50.0,0.41,0.21,0.00,0.00,6.7,0,0,0,0.4,0.4,0.20,-0.4,-0.4,Matchs
202,Edu,br BRA,"AT,MT",Coritiba,29,1993,3.6,2,10,4,40.0,2.81,1.13,0.20,0.50,13.4,0,0,0,2.5,2.5,0.25,-0.5,-0.5,Matchs
203,Carlos Eduardo,br BRA,"MT,AT",Atlético Mineiro,18,2004,0.1,0,1,0,0.0,7.50,0.00,0.00,,28.8,0,0,0,0.0,0.0,0.01,0.0,0.0,Matchs
204,Carlos Eduardo,br BRA,MT,Botafogo (RJ),33,1989,29.7,6,43,18,41.9,1.45,0.61,0.14,0.33,16.0,8,0,0,5.5,5.5,0.13,#ERROR!,#ERROR!,Matchs
205,Eguinaldo,br BRA,"AT,MT",Vasco da Gama,18,2004,0.7,0,2,0,0.0,2.69,0.00,0.00,,22.3,0,0,0,0.1,0.1,0.03,-0.1,-0.1,Matchs
206,Rafael Elias,br BRA,AT,Cruzeiro,23,1999,6.0,1,17,7,41.2,2.83,1.17,0.06,0.14,15.1,0,0,0,2.5,2.5,0.15,-1.5,-1.5,Matchs
207,Rodrigo Ely,br BRA,DF,Grêmio,29,1993,7.4,0,0,0,,0.00,0.00,,,,0,0,0,0.0,0.0,,0.0,0.0,Matchs
208,Lucas Emmanuel,br BRA,AT,Goiás,22,2000,0.6,0,0,0,,0.00,0.00,,,,0,0,0,0.0,0.0,,0.0,0.0,Matchs
209,Leandro Emmanuel Martínez,ar ARG,MT,América (MG),28,1994,28.2,1,37,11,29.7,1.31,0.39,0.03,0.09,22.8,3,0,0,3.3,3.3,0.09,-2.3,-2.3,Matchs
210,Alan Empereur,br BRA,DF,Cuiabá,28,1994,32.8,1,12,4,33.3,0.37,0.12,0.08,0.25,19.5,0,0,0,0.5,0.5,0.04,#ERROR!,#ERROR!,Matchs
211,Endrick,br BRA,AT,Palmeiras,16,2006,17.3,11,49,25,51.0,2.83,1.44,0.22,0.44,17.4,1,0,1,8.1,7.3,0.15,#ERROR!,#ERROR!,Matchs
212,Erick,br BRA,MT,Ath Paranaense,25,1997,27.8,4,56,15,26.8,02.02,0.54,0.07,0.27,13.4,0,0,0,5.4,5.4,0.10,-1.4,-1.4,Matchs
213,Erison,br BRA,"AT,MT",São Paulo,23,1999,4.3,1,17,3,17.6,3.91,0.69,0.00,0.00,18.0,1,1,1,1.8,1.0,0.06,-0.8,-1.0,Matchs
214,Gonzalo Escobar,ar ARG,DF,Fortaleza,25,1997,6.4,0,7,1,14.3,01.09,0.16,0.00,0.00,17.4,0,0,0,0.3,0.3,0.04,-0.3,-0.3,Matchs
215,Lucas Esquivel,ar ARG,DF,Ath Paranaense,21,2001,18.3,0,8,2,25.0,0.44,0.11,0.00,0.00,22.1,3,0,0,0.2,0.2,0.03,-0.2,-0.2,Matchs
216,Estevão,br BRA,MT,Internacional,20,2002,0.1,0,1,1,100.0,8.18,8.18,0.00,0.00,26.5,0,0,0,0.0,0.0,0.02,0.0,0.0,Matchs
217,Estevão,br BRA,DF,Palmeiras,16,2006,0.1,0,0,0,,0.00,0.00,,,,0,0,0,0.0,0.0,,0.0,0.0,Matchs
218,Vitor Eudes,br BRA,GB,Fluminense,24,1998,1.0,0,0,0,,0.00,0.00,,,,0,0,0,0.0,0.0,,0.0,0.0,Matchs
219,Lucas Evangelista,br BRA,MT,Red Bull Bragantino,27,1995,30.2,1,67,13,19.4,2.22,0.43,0.01,0.08,21.2,4,0,0,3.7,3.7,0.06,-2.7,-2.7,Matchs
220,Everaldo,br BRA,"AT,MT",América (MG),28,1994,13.7,1,20,4,20.0,1.46,0.29,0.05,0.25,20.4,0,0,0,1.2,1.2,0.06,-0.2,-0.2,Matchs
221,Éverson,br BRA,GB,Atlético Mineiro,32,1990,36.0,0,0,0,,0.00,0.00,,,,0,0,0,0.0,0.0,,0.0,0.0,Matchs
222,Everton,br BRA,"AT,MT",Grêmio,25,1997,13.5,6,38,14,36.8,2.82,01.04,0.16,0.43,22.6,0,0,0,3.5,3.5,0.09,#ERROR!,#ERROR!,Matchs
223,Bruno Fabiano Alves,br BRA,DF,Grêmio,31,1991,27.2,0,9,1,11.1,0.33,0.04,0.00,0.00,10.5,0,0,0,0.5,0.5,0.06,-0.5,-0.5,Matchs
224,Fabinho,br BRA,MT,Palmeiras,20,2002,6.5,0,6,1,16.7,0.92,0.15,0.00,0.00,18.4,0,0,0,0.7,0.7,0.11,-0.7,-0.7,Matchs
225,Fábio,br BRA,GB,Fluminense,42,1980,35.0,0,0,0,,0.00,0.00,,,,0,0,0,0.0,0.0,,0.0,0.0,Matchs
Clt,Joueur,Nation,Pos,Équipe,Âge,Naissance,90,Buts,Tirs,TC,TC%,Tir/90,TC/90,B/Tir,B/TC,Dist,CF,PénM,PénT,xG,npxG,npxG/Sh,G-xG,np:G-xG,Matchs
226,Fábio,br BRA,"DF,MT",Grêmio,32,1990,9.7,0,6,0,0.0,0.62,0.00,0.00,,18.5,0,0,0,0.2,0.2,0.03,-0.2,-0.2,Matchs
227,Fagner,br BRA,DF,Corinthians,33,1989,23.3,0,10,1,10.0,0.43,0.04,0.00,0.00,26.4,2,0,0,0.3,0.3,0.03,-0.3,-0.3,Matchs
228,Willian Farias,br BRA,MT,Coritiba,33,1989,10.7,0,7,0,0.0,0.66,0.00,0.00,,25.6,0,0,0,0.2,0.2,0.04,-0.2,-0.2,Matchs
229,Luiz Felipe,br BRA,DF,Santos,29,1993,0.0,0,0,0,,0.00,0.00,,,,0,0,0,0.0,0.0,,0.0,0.0,Matchs
230,Marcos Felipe,br BRA,GB,Bahia,26,1996,37.0,0,0,0,,0.00,0.00,,,,0,0,0,0.0,0.0,,0.0,0.0,Matchs
231,Matheus Felipe,br BRA,DF,Ath Paranaense,24,1998,5.9,0,2,1,50.0,0.34,0.17,0.00,0.00,35.2,0,0,0,0.0,0.0,0.02,0.0,0.0,Matchs
232,Danilo Fernandes,br BRA,GB,Bahia,34,1988,0.4,0,0,0,,0.00,0.00,,,,0,0,0,0.0,0.0,,0.0,0.0,Matchs
233,Lucas Fernandes,br BRA,MT,Botafogo (RJ),25,1997,5.3,0,17,5,29.4,3.23,0.95,0.00,0.00,18.9,1,0,0,1.1,1.1,0.07,-1.1,-1.1,Matchs
234,Matheus Fernandes,br BRA,MT,Red Bull Bragantino,24,1998,26.0,1,24,6,25.0,0.92,0.23,0.04,0.17,28.0,0,0,0,0.8,0.8,0.03,#ERROR!,#ERROR!,Matchs
235,Nathan Fernandes,br BRA,"AT,MT",Grêmio,17,2005,4.2,1,12,5,41.7,2.86,1.19,0.08,0.20,18.0,0,0,0,1.0,1.0,0.08,0.0,0.0,Matchs
236,Gatito Fernández,py PAR,GB,Botafogo (RJ),34,1988,0.5,0,0,0,,0.00,0.00,,,,0,0,0,0.0,0.0,,0.0,0.0,Matchs
237,Leonardo Fernández,uy URU,"MT,AT",Fluminense,24,1998,7.3,1,24,13,54.2,3.28,1.78,0.04,0.08,28.8,5,0,1,1.5,0.7,0.03,-0.5,#ERROR!,Matchs
238,Rodrigo Fernández,uy URU,MT,Santos,27,1996,22.4,1,14,3,21.4,0.63,0.13,0.07,0.33,23.1,0,0,0,1.0,1.0,0.07,0.0,0.0,Matchs
239,Fernandinho,br BRA,MT,Ath Paranaense,37,1985,21.5,1,15,4,26.7,0.70,0.19,0.00,0.00,27.8,0,1,1,1.2,0.4,0.03,-0.2,-0.4,Matchs
240,Fernando,br BRA,DF,Ath Paranaense,23,1999,5.3,0,2,0,0.0,0.38,0.00,0.00,,26.4,0,0,0,0.1,0.1,0.03,-0.1,-0.1,Matchs
241,Nahuel Ferraresi,ve VEN,AT,São Paulo,24,1998,0.0,0,0,0,,0.00,0.00,,,,0,0,0,0.0,0.0,,0.0,0.0,Matchs
242,Ferreira,br BRA,"AT,MT",Grêmio,25,1997,12.7,4,28,11,39.3,2.20,0.86,0.14,0.36,18.0,1,0,0,3.0,3.0,0.11,#ERROR!,#ERROR!,Matchs
243,Sebastián Ferreira,py PAR,"AT,MT",Vasco da Gama,24,1998,4.9,0,10,2,20.0,02.05,0.41,0.00,0.00,10.2,0,0,0,1.7,1.7,0.17,-1.7,-1.7,Matchs
244,Figueiredo,br BRA,"AT,MT",Vasco da Gama,21,2001,7.3,0,28,8,28.6,3.84,1.10,0.00,0.00,22.2,4,0,0,1.8,1.8,0.06,-1.8,-1.8,Matchs
245,Tobias Figueiredo,pt POR,DF,Fortaleza,28,1994,3.8,0,2,0,0.0,0.52,0.00,0.00,,18.9,0,0,0,0.0,0.0,0.02,0.0,0.0,Matchs
246,Matheus França,br BRA,"MT,AT",Flamengo,18,2004,4.1,1,17,1,5.9,4.15,0.24,0.06,1.00,17.1,0,0,0,1.3,1.3,0.08,-0.3,-0.3,Matchs
247,Alan Franco,ec ECU,"MT,AT",Atlético Mineiro,24,1998,9.3,0,4,1,25.0,0.43,0.11,0.00,0.00,22.2,0,0,0,0.2,0.2,0.05,-0.2,-0.2,Matchs
248,Alan Franco,ar ARG,DF,São Paulo,26,1996,12.5,1,7,1,14.3,0.56,0.08,0.14,1.00,11.1,0,0,0,0.9,0.9,0.13,#ERROR!,#ERROR!,Matchs
249,Fransérgio,br BRA,MT,Coritiba,32,1990,5.9,0,8,1,12.5,1.35,0.17,0.00,0.00,21.2,0,0,0,0.6,0.6,0.08,-0.6,-0.6,Matchs
250,Marlon Freitas,br BRA,MT,Botafogo (RJ),27,1995,32.3,1,41,5,12.2,1.27,0.15,0.02,0.20,26.0,0,0,0,2.1,2.1,0.05,-1.1,-1.1,Matchs
Clt,Joueur,Nation,Pos,Équipe,Âge,Naissance,90,Buts,Tirs,TC,TC%,Tir/90,TC/90,B/Tir,B/TC,Dist,CF,PénM,PénT,xG,npxG,npxG/Sh,G-xG,np:G-xG,Matchs
251,Bruno Fuchs,br BRA,DF,Atlético Mineiro,23,1999,12.1,0,0,0,,0.00,0.00,,,,0,0,0,0.0,0.0,,0.0,0.0,Matchs
252,Julio Furch,ar ARG,"AT,MT",Santos,33,1989,6.8,3,19,9,47.4,2.81,1.33,0.16,0.33,12.8,0,0,0,2.8,2.8,0.15,#ERROR!,#ERROR!,Matchs
253,Gabriel,br BRA,DF,Bahia,21,2001,10.9,0,7,3,42.9,0.64,0.28,0.00,0.00,13.7,0,0,0,0.3,0.3,0.05,-0.3,-0.3,Matchs
254,Gabriel,br BRA,MT,Internacional,30,1992,8.5,0,4,0,0.0,0.47,0.00,0.00,,30.7,0,0,0,0.0,0.0,0.01,0.0,0.0,Matchs
255,Gabriel,br BRA,GB,Coritiba,30,1992,30.7,0,0,0,,0.00,0.00,,,,0,0,0,0.0,0.0,,0.0,0.0,Matchs
256,Gabriel,br BRA,MT,Botafogo (RJ),29,1993,9.6,0,15,4,26.7,1.56,0.42,0.00,0.00,23.3,3,0,0,0.7,0.7,0.05,-0.7,-0.7,Matchs
257,Eduardo Gabriel,br BRA,DF,Santos,26,1996,3.0,1,8,2,25.0,2.68,0.67,0.13,0.50,12.1,0,0,0,0.4,0.4,0.05,#ERROR!,#ERROR!,Matchs
258,Thalisson Gabriel,br BRA,DF,Coritiba,21,2002,10.5,0,3,2,66.7,0.29,0.19,0.00,0.00,10.7,0,0,0,0.2,0.2,0.08,-0.2,-0.2,Matchs
259,Zé Gabriel,br BRA,MT,Vasco da Gama,24,1999,21.5,1,13,3,23.1,0.60,0.14,0.08,0.33,28.3,0,0,0,0.5,0.5,0.04,#ERROR!,#ERROR!,Matchs
260,Ighor Gabryel,br BRA,AT,América (MG),20,2003,0.3,0,0,0,,0.00,0.00,,,,0,0,0,0.0,0.0,,0.0,0.0,Matchs
261,Matías Galarza,py PAR,MT,Vasco da Gama,20,2002,4.5,1,9,2,22.2,02.02,0.45,0.11,0.50,21.2,0,0,0,0.6,0.6,0.07,#ERROR!,#ERROR!,Matchs
262,Thiago Galhardo,br BRA,"AT,MT",Fortaleza,33,1989,20.8,5,60,19,31.7,2.88,0.91,0.05,0.16,16.9,0,2,2,7.2,5.6,0.09,-2.2,-2.6,Matchs
263,JP Galvão,br BRA,DF,Botafogo (RJ),21,2001,2.2,0,0,0,,0.00,0.00,,,,0,0,0,0.0,0.0,,0.0,0.0,Matchs
264,Ganso,br BRA,MT,Fluminense,33,1989,19.3,3,22,7,31.8,1.14,0.36,0.14,0.43,19.1,1,0,0,2.3,2.3,0.10,#ERROR!,#ERROR!,Matchs
265,Maurício Garcez,br BRA,"MT,AT",Coritiba,25,1997,6.6,1,13,2,15.4,1.96,0.30,0.08,0.50,17.5,0,0,0,1.2,1.2,0.09,-0.2,-0.2,Matchs
266,García,br BRA,DF,Palmeiras,21,2002,3.3,0,2,0,0.0,0.61,0.00,0.00,,23.4,0,0,0,0.0,0.0,0.02,0.0,0.0,Matchs
267,Bryan García,ec ECU,MT,Ath Paranaense,22,2001,0.0,0,0,0,,0.00,0.00,,,,0,0,0,0.0,0.0,,0.0,0.0,Matchs
268,Luan Garcia,br BRA,DF,Palmeiras,29,1993,20.2,1,19,6,31.6,0.94,0.30,0.05,0.17,10.5,0,0,0,1.9,1.9,0.10,-0.9,-0.9,Matchs
269,Rafael Gava,br BRA,MT,Cuiabá,29,1993,0.2,0,0,0,,0.00,0.00,,,,0,0,0,0.0,0.0,,0.0,0.0,Matchs
270,Pedro Geromel,br BRA,DF,Grêmio,37,1985,5.2,0,1,0,0.0,0.19,0.00,0.00,,11.6,0,0,0,0.0,0.0,0.03,0.0,0.0,Matchs
271,Gerson,br BRA,MT,Flamengo,25,1997,29.9,5,31,12,38.7,01.04,0.40,0.16,0.42,19.8,0,0,0,2.9,2.9,0.10,#ERROR!,#ERROR!,Matchs
272,Gil,br BRA,DF,Corinthians,35,1987,32.0,2,28,13,46.4,0.87,0.41,0.07,0.15,11.0,0,0,0,2.2,2.2,0.08,-0.2,-0.2,Matchs
273,Gilberto,br BRA,AT,Cruzeiro,33,1989,12.1,3,35,9,25.7,2.88,0.74,0.09,0.33,15.3,0,0,0,3.7,3.7,0.10,-0.7,-0.7,Matchs
274,Gilberto,br BRA,DF,Bahia,29,1993,20.6,1,18,4,22.2,0.87,0.19,0.06,0.25,26.1,1,0,0,0.6,0.6,0.04,#ERROR!,#ERROR!,Matchs
275,Giovane,br BRA,AT,Corinthians,19,2003,1.5,1,4,1,25.0,2.71,0.68,0.25,1.00,11.6,0,0,0,0.9,0.9,0.21,#ERROR!,#ERROR!,Matchs
Clt,Joueur,Nation,Pos,Équipe,Âge,Naissance,90,Buts,Tirs,TC,TC%,Tir/90,TC/90,B/Tir,B/TC,Dist,CF,PénM,PénT,xG,npxG,npxG/Sh,G-xG,np:G-xG,Matchs
276,Giovani,br BRA,AT,Palmeiras,19,2004,0.2,0,1,0,0.0,6.00,0.00,0.00,,14.0,0,0,0,0.1,0.1,0.08,-0.1,-0.1,Matchs
277,Giovanni,br BRA,"MT,DF",Fluminense,21,2002,1.1,0,4,0,0.0,3.75,0.00,0.00,,24.6,0,0,0,0.1,0.1,0.02,-0.1,-0.1,Matchs
278,Bruno Gomes,br BRA,MT,Coritiba,21,2001,24.4,3,40,13,32.5,1.64,0.53,0.08,0.23,23.1,7,0,0,2.3,2.3,0.06,#ERROR!,#ERROR!,Matchs
279,Igor Gomes,br BRA,"MT,AT",Atlético Mineiro,23,1999,15.3,2,19,5,26.3,1.24,0.33,0.11,0.40,21.0,0,0,0,1.8,1.8,0.09,#ERROR!,#ERROR!,Matchs
280,Igor Gomes,br BRA,DF,Internacional,21,2001,16.3,0,11,2,18.2,0.68,0.12,0.00,0.00,19.6,0,0,0,0.6,0.6,0.06,-0.6,-0.6,Matchs
281,Marlon Gomes,br BRA,MT,Vasco da Gama,19,2003,12.7,0,11,0,0.0,0.87,0.00,0.00,,,,0,0,,,,,,Matchs
282,William Gomes,br BRA,AT,São Paulo,16,2006,0.8,0,2,0,0.0,2.37,0.00,0.00,,13.3,0,0,0,0.1,0.1,0.04,-0.1,-0.1,Matchs
283,Gustavo Gómez,py PAR,DF,Palmeiras,29,1993,30.7,2,25,6,24.0,0.82,0.20,0.08,0.33,10.9,0,0,0,2.2,2.2,0.09,-0.2,-0.2,Matchs
284,Sebastián Gómez,co COL,MT,Coritiba,26,1996,15.9,2,13,4,30.8,0.82,0.25,0.15,0.50,19.9,1,0,0,0.8,0.8,0.06,#ERROR!,#ERROR!,Matchs
285,Aloísio dos Santos Gonçalves,cn CHN,"AT,MT",América (MG),34,1988,8.0,3,34,10,29.4,4.27,1.26,0.03,0.10,20.5,2,2,2,4.1,2.7,0.08,-1.1,-1.7,Matchs
286,Diego Gonçalves,br BRA,"AT,MT",Goiás,28,1994,4.0,0,6,2,33.3,1.52,0.51,0.00,0.00,20.7,0,0,0,0.5,0.5,0.08,-0.5,-0.5,Matchs
287,Mateus Gonçalves Martins,br BRA,"MT,AT",América (MG),28,1994,0.7,0,0,0,,0.00,0.00,,,,0,0,0,0.0,0.0,,0.0,0.0,Matchs
288,Matheus Gonçalves,br BRA,"AT,MT",Flamengo,17,2005,0.2,0,1,0,0.0,5.63,0.00,0.00,,21.0,0,0,0,0.1,0.1,0.05,-0.1,-0.1,Matchs
289,Matheus Gonçalves,br BRA,"AT,MT",Red Bull Bragantino,17,2005,5.1,0,16,2,12.5,3.12,0.39,0.00,0.00,19.0,0,0,0,0.9,0.9,0.06,-0.9,-0.9,Matchs
290,Yony González,co COL,"AT,MT",Fluminense,28,1994,6.4,1,13,5,38.5,02.03,0.78,0.08,0.20,12.0,0,0,0,2.1,2.1,0.16,-1.1,-1.1,Matchs
291,Roger Guedes,br BRA,"AT,MT",Corinthians,26,1996,15.0,7,45,16,35.6,3.00,01.07,0.11,0.31,17.8,7,2,2,6.6,5.1,0.11,#ERROR!,-0.1,Matchs
292,Guga,br BRA,DF,Fluminense,24,1998,16.8,1,8,2,25.0,0.48,0.12,0.13,0.50,18.5,0,0,0,0.8,0.8,0.10,#ERROR!,#ERROR!,Matchs
293,Guilherme,br BRA,MT,Goiás,31,1991,20.6,6,31,10,32.3,1.51,0.49,0.06,0.20,21.3,5,4,4,5.6,2.4,0.08,#ERROR!,-0.4,Matchs
294,Guilherme,br BRA,"AT,MT",Fortaleza,27,1995,15.7,3,37,14,37.8,2.36,0.89,0.08,0.21,17.0,2,0,0,4.4,4.4,0.12,-1.4,-1.4,Matchs
295,Guilherme,br BRA,"DF,MT",Red Bull Bragantino,20,2002,2.9,0,3,1,33.3,01.03,0.34,0.00,0.00,28.3,0,0,0,0.1,0.1,0.02,-0.1,-0.1,Matchs
296,Luis Guilherme,br BRA,"AT,MT",Palmeiras,16,2006,6.4,0,15,3,20.0,2.34,0.47,0.00,0.00,21.4,0,0,0,0.7,0.7,0.05,-0.7,-0.7,Matchs
297,Gustavinho,br BRA,"AT,MT",Grêmio,21,2001,0.4,0,1,0,0.0,2.73,0.00,0.00,,3.3,0,0,0,0.4,0.4,0.38,-0.4,-0.4,Matchs
298,Gustavinho,br BRA,"MT,AT",Red Bull Bragantino,18,2004,7.4,1,11,3,27.3,1.49,0.41,0.09,0.33,22.9,0,0,0,0.6,0.6,0.05,#ERROR!,#ERROR!,Matchs
299,Raphael Guzzo,pt POR,MT,Goiás,28,1995,6.4,1,12,3,25.0,1.87,0.47,0.08,0.33,15.9,0,0,0,1.0,1.0,0.08,0.0,0.0,Matchs
300,Lucas Halter,br BRA,DF,Goiás,22,2000,28.7,3,20,6,30.0,0.70,0.21,0.15,0.50,11.5,0,0,0,0.9,0.9,0.04,#ERROR!,#ERROR!,Matchs
Clt,Joueur,Nation,Pos,Équipe,Âge,Naissance,90,Buts,Tirs,TC,TC%,Tir/90,TC/90,B/Tir,B/TC,Dist,CF,PénM,PénT,xG,npxG,npxG/Sh,G-xG,np:G-xG,Matchs
301,Hayner,br BRA,"DF,MT",Coritiba,27,1995,3.4,0,0,0,,0.00,0.00,,,,0,0,0,0.0,0.0,,0.0,0.0,Matchs
302,Thiago Heleno,br BRA,DF,Ath Paranaense,34,1988,30.9,0,19,5,26.3,0.62,0.16,0.00,0.00,10.9,0,0,0,0.8,0.8,0.04,-0.8,-0.8,Matchs
303,Helinho,br BRA,AT,Red Bull Bragantino,22,2000,15.4,3,43,17,39.5,2.80,1.11,0.07,0.18,23.1,6,0,0,3.2,3.2,0.07,-0.2,-0.2,Matchs
304,Henrique,br BRA,DF,Coritiba,36,1986,22.5,0,6,3,50.0,0.27,0.13,0.00,0.00,15.6,0,0,0,0.5,0.5,0.08,-0.5,-0.5,Matchs
305,Bruno Henrique,br BRA,"AT,MT",Flamengo,32,1990,17.1,2,38,16,42.1,2.22,0.93,0.05,0.13,16.2,0,0,0,3.8,3.8,0.10,-1.8,-1.8,Matchs
306,Bruno Henrique,br BRA,MT,Internacional,33,1989,11.7,2,19,7,36.8,1.63,0.60,0.11,0.29,25.0,3,0,0,1.2,1.2,0.06,#ERROR!,#ERROR!,Matchs
307,Dalbert Henrique,br BRA,DF,Internacional,29,1993,5.5,0,2,0,0.0,0.36,0.00,0.00,,23.2,0,0,0,0.0,0.0,0.02,0.0,0.0,Matchs
308,Fernando Henrique,br BRA,MT,Cruzeiro,21,2001,1.5,0,4,1,25.0,2.75,0.69,0.00,0.00,20.2,0,0,0,1.0,1.0,0.24,-1.0,-1.0,Matchs
309,Luis Henrique,br BRA,"AT,MT",Botafogo (RJ),21,2001,15.3,4,27,13,48.1,1.76,0.85,0.15,0.31,20.2,0,0,0,3.3,3.3,0.12,#ERROR!,#ERROR!,Matchs
310,Mateus Henrique,br BRA,DF,América (MG),20,2002,6.0,0,3,0,0.0,0.50,0.00,0.00,,13.5,0,0,0,0.2,0.2,0.07,-0.2,-0.2,Matchs
311,Paulo Henrique,br BRA,DF,Vasco da Gama,26,1996,9.5,1,10,6,60.0,01.06,0.63,0.10,0.17,24.1,0,0,0,0.3,0.3,0.03,#ERROR!,#ERROR!,Matchs
312,Pedro Henrique,br BRA,DF,Ath Paranaense,27,1995,9.5,1,7,2,28.6,0.74,0.21,0.14,0.50,15.5,0,0,0,0.6,0.6,0.08,#ERROR!,#ERROR!,Matchs
313,Pedro Henrique,br BRA,"AT,MT",Internacional,32,1990,14.1,3,36,9,25.0,2.55,0.64,0.06,0.22,17.2,0,1,1,4.4,3.6,0.10,-1.4,-1.6,Matchs
314,Breno Herculano,br BRA,"AT,MT",Goiás,23,1999,0.9,0,4,0,0.0,4.56,0.00,0.00,,14.4,0,0,0,0.2,0.2,0.06,-0.2,-0.2,Matchs
315,Hércules,br BRA,MT,Fortaleza,22,2000,8.6,1,15,5,33.3,1.75,0.58,0.07,0.20,27.8,0,0,0,1.2,1.2,0.08,-0.2,-0.2,Matchs
316,Diego Hernández,uy URU,AT,Botafogo (RJ),22,2000,0.5,0,3,2,66.7,6.59,4.39,0.00,0.00,22.2,0,0,0,0.2,0.2,0.07,-0.2,-0.2,Matchs
317,Nicolás Hernández,co COL,DF,Internacional,25,1998,14.4,0,4,0,0.0,0.28,0.00,0.00,,10.0,0,0,0,0.2,0.2,0.05,-0.2,-0.2,Matchs
318,Lucca Holanda,br BRA,AT,Internacional,19,2003,6.1,0,12,3,25.0,1.96,0.49,0.00,0.00,17.2,0,0,0,0.6,0.6,0.05,-0.6,-0.6,Matchs
319,Hugo,br BRA,DF,Goiás,25,1997,15.8,1,16,6,37.5,01.02,0.38,0.06,0.17,28.2,3,0,0,0.4,0.4,0.02,#ERROR!,#ERROR!,Matchs
320,Hugo,br BRA,DF,Botafogo (RJ),21,2001,15.5,0,8,2,25.0,0.52,0.13,0.00,0.00,27.4,0,0,0,0.2,0.2,0.03,-0.2,-0.2,Matchs
321,Victor Hugo,br BRA,"MT,AT",Flamengo,18,2004,14.2,1,15,3,20.0,01.06,0.21,0.07,0.33,17.5,0,0,0,1.1,1.1,0.07,-0.1,-0.1,Matchs
322,Vitor Hugo,br BRA,DF,Bahia,31,1991,23.7,1,14,3,21.4,0.59,0.13,0.07,0.33,12.5,0,0,0,0.7,0.7,0.05,#ERROR!,#ERROR!,Matchs
323,Hulk,br BRA,AT,Atlético Mineiro,36,1986,32.7,15,117,43,36.8,3.58,1.32,0.09,0.23,25.2,34,5,5,11.9,8.4,0.07,#ERROR!,#ERROR!,Matchs
324,José Hurtado,ec ECU,DF,Red Bull Bragantino,21,2001,18.0,0,7,2,28.6,0.39,0.11,0.00,0.00,26.9,0,0,0,0.3,0.3,0.04,-0.3,-0.3,Matchs
325,Hyoran,br BRA,"MT,AT",Atlético Mineiro,29,1993,7.7,2,19,5,26.3,2.47,0.65,0.11,0.40,20.9,3,0,0,2.1,2.1,0.11,-0.1,-0.1,Matchs
Clt,Joueur,Nation,Pos,Équipe,Âge,Naissance,90,Buts,Tirs,TC,TC%,Tir/90,TC/90,B/Tir,B/TC,Dist,CF,PénM,PénT,xG,npxG,npxG/Sh,G-xG,np:G-xG,Matchs
326,Igor,br BRA,MT,Flamengo,19,2003,0.9,0,4,0,0.0,4.62,0.00,0.00,,30.1,0,0,0,0.3,0.3,0.06,-0.3,-0.3,Matchs
327,André Inácio,br BRA,AT,Flamengo,20,2002,0.2,0,0,0,,0.00,0.00,,,,0,0,0,0.0,0.0,,0.0,0.0,Matchs
328,Gabriel Inocêncio,br BRA,DF,Santos,28,1994,14.2,0,11,4,36.4,0.78,0.28,0.00,0.00,22.1,0,0,0,0.5,0.5,0.04,-0.5,-0.5,Matchs
329,Isaac,br BRA,AT,Atlético Mineiro,18,2004,0.2,0,0,0,,0.00,0.00,,,,0,0,0,0.0,0.0,,0.0,0.0,Matchs
330,Isaac,br BRA,"MT,DF",Fluminense,18,2004,1.5,0,4,0,0.0,2.75,0.00,0.00,,13.5,0,0,0,0.3,0.3,0.06,-0.3,-0.3,Matchs
331,Juan Iturbe,py PAR,"AT,MT",Grêmio,29,1993,0.8,0,0,0,,0.00,0.00,,,,0,0,0,0.0,0.0,,0.0,0.0,Matchs
332,Zé Ivaldo,br BRA,DF,Ath Paranaense,25,1997,11.3,0,3,1,33.3,0.27,0.09,0.00,0.00,26.6,1,0,0,0.1,0.1,0.03,-0.1,-0.1,Matchs
333,Ivonei,br BRA,MT,Santos,20,2002,0.0,0,0,0,,0.00,0.00,,,,0,0,0,0.0,0.0,,0.0,0.0,Matchs
334,Vítor Jacaré,br BRA,"DF,MT",Bahia,23,1999,9.5,1,23,7,30.4,2.42,0.74,0.04,0.14,22.2,3,0,0,1.1,1.1,0.05,-0.1,-0.1,Matchs
335,Jadsom,br BRA,MT,Red Bull Bragantino,21,2001,21.1,1,23,6,26.1,01.09,0.28,0.04,0.17,27.7,0,0,0,1.2,1.2,0.05,-0.2,-0.2,Matchs
336,Jair,br BRA,MT,Vasco da Gama,28,1994,17.7,3,13,4,30.8,0.74,0.23,0.08,0.25,18.5,0,2,2,2.2,0.6,0.05,#ERROR!,#ERROR!,Matchs
337,Jamerson,br BRA,"DF,AT",Coritiba,24,1998,21.0,0,17,6,35.3,0.81,0.29,0.00,0.00,27.7,3,0,0,0.5,0.5,0.03,-0.5,-0.5,Matchs
338,Janderson,br BRA,"AT,MT",Botafogo (RJ),23,1999,4.6,1,14,4,28.6,03.04,0.87,0.07,0.25,16.8,0,0,0,1.7,1.7,0.12,-0.7,-0.7,Matchs
339,Jandrei,br BRA,GB,São Paulo,29,1993,5.0,0,0,0,,0.00,0.00,,,,0,0,0,0.0,0.0,,0.0,0.0,Matchs
340,Léo Jardim,br BRA,GB,Vasco da Gama,27,1995,38.0,0,0,0,,0.00,0.00,,,,0,0,0,0.0,0.0,,0.0,0.0,Matchs
341,Jemerson,br BRA,DF,Atlético Mineiro,30,1992,27.5,0,10,2,20.0,0.36,0.07,0.00,0.00,10.2,0,0,0,1.0,1.0,0.10,-1.0,-1.0,Matchs
342,Jesé,es ESP,MT,Coritiba,29,1993,1.1,1,4,2,50.0,3.75,1.87,0.25,0.50,16.1,0,0,0,0.3,0.3,0.07,#ERROR!,#ERROR!,Matchs
343,Alexandre Jesus,br BRA,DF,Fluminense,21,2001,0.1,0,1,0,0.0,7.50,0.00,0.00,,29.0,0,0,0,0.0,0.0,0.03,0.0,0.0,Matchs
344,Jhow,br BRA,DF,América (MG),19,2003,0.2,0,0,0,,0.00,0.00,,,,0,0,0,0.0,0.0,,0.0,0.0,Matchs
345,Joaquim,br BRA,DF,Santos,24,1998,30.3,1,35,9,25.7,1.15,0.30,0.03,0.11,12.2,0,0,0,2.3,2.3,0.07,-1.3,-1.3,Matchs
346,John,br BRA,GB,Internacional,26,1996,9.0,0,0,0,,0.00,0.00,,,,0,0,0,0.0,0.0,,0.0,0.0,Matchs
347,Felipe Jonatan,br BRA,DF,Santos,24,1998,1.0,0,0,0,,0.00,0.00,,,,0,0,0,0.0,0.0,,0.0,0.0,Matchs
348,Jori,br BRA,GB,América (MG),26,1996,11.0,0,0,0,,0.00,0.00,,,,0,0,0,0.0,0.0,,0.0,0.0,Matchs
349,Josué,br BRA,MT,Grêmio,17,2005,1.3,0,1,0,0.0,0.77,0.00,0.00,,31.4,0,0,0,0.0,0.0,0.01,0.0,0.0,Matchs
350,Jhonatan Jowjow,br BRA,"MT,AT",Palmeiras,20,2002,9.9,0,12,6,50.0,1.21,0.61,0.00,0.00,16.0,1,0,0,1.2,1.2,0.10,-1.2,-1.2,Matchs
Clt,Joueur,Nation,Pos,Équipe,Âge,Naissance,90,Buts,Tirs,TC,TC%,Tir/90,TC/90,B/Tir,B/TC,Dist,CF,PénM,PénT,xG,npxG,npxG/Sh,G-xG,np:G-xG,Matchs
351,Daniel Jr,br BRA,MT,Cruzeiro,20,2002,0.3,0,2,0,0.0,7.50,0.00,0.00,,24.6,0,0,0,0.1,0.1,0.03,-0.1,-0.1,Matchs
352,Luciano Juba,br BRA,"DF,MT",Bahia,23,1999,7.2,1,14,3,21.4,1.95,0.42,0.07,0.33,24.4,2,0,0,1.1,1.1,0.08,-0.1,-0.1,Matchs
353,Juninho,br BRA,MT,América (MG),35,1987,32.5,3,28,10,35.7,0.86,0.31,0.11,0.30,15.7,0,0,0,2.4,2.4,0.09,#ERROR!,#ERROR!,Matchs
354,Jussa,br BRA,MT,Cruzeiro,26,1996,19.6,1,21,9,42.9,01.07,0.46,0.05,0.11,23.0,0,0,0,1.2,1.2,0.06,-0.2,-0.2,Matchs
355,Justen,br BRA,DF,Fluminense,19,2003,0.6,0,0,0,,0.00,0.00,,,,0,0,0,0.0,0.0,,0.0,0.0,Matchs
356,Kaiki,br BRA,"DF,AT",Cruzeiro,19,2003,2.5,0,1,0,0.0,0.39,0.00,0.00,,17.5,0,0,0,0.0,0.0,0.04,0.0,0.0,Matchs
357,Kaio,br BRA,"MT,AT",Coritiba,18,2004,9.8,0,9,4,44.4,0.92,0.41,0.00,0.00,21.2,0,0,0,0.4,0.4,0.05,-0.4,-0.4,Matchs
358,Lucas Kal,br BRA,MT,América (MG),26,1996,13.7,0,11,2,18.2,0.80,0.15,0.00,0.00,27.0,0,0,0,0.3,0.3,0.03,-0.3,-0.3,Matchs
359,Walter Kannemann,ar ARG,DF,Grêmio,31,1991,26.2,0,10,4,40.0,0.38,0.15,0.00,0.00,13.6,0,0,0,1.0,1.0,0.10,-1.0,-1.0,Matchs
360,Kanu,br BRA,DF,Bahia,25,1997,32.3,1,20,5,25.0,0.62,0.15,0.05,0.20,13.0,0,0,0,1.7,1.7,0.09,-0.7,-0.7,Matchs
361,Alan Kardec,br BRA,"AT,MT",Atlético Mineiro,34,1989,2.9,1,7,1,14.3,2.38,0.34,0.14,1.00,10.5,0,0,0,0.9,0.9,0.13,#ERROR!,#ERROR!,Matchs
362,Kauan,br BRA,AT,Fortaleza,17,2005,0.1,0,0,0,,0.00,0.00,,,,0,0,0,0.0,0.0,,0.0,0.0,Matchs
363,Vinicius Kaue,br BRA,"DF,MT",Ath Paranaense,19,2003,3.8,0,0,0,,0.00,0.00,,,,0,0,0,0.0,0.0,,0.0,0.0,Matchs
364,Kayque,br BRA,MT,Botafogo (RJ),22,2000,0.3,0,1,0,0.0,3.33,0.00,0.00,,25.3,0,0,0,0.0,0.0,0.04,0.0,0.0,Matchs
365,Renato Kayser,br BRA,"AT,MT",América (MG),26,1996,0.4,0,3,0,0.0,6.92,0.00,0.00,,9.0,0,0,0,0.4,0.4,0.12,-0.4,-0.4,Matchs
366,Keiller,br BRA,GB,Internacional,26,1996,10.0,0,0,0,,0.00,0.00,,,,0,0,0,0.0,0.0,,0.0,0.0,Matchs
367,John Kennedy,br BRA,"AT,MT",Fluminense,20,2002,15.2,6,51,22,43.1,3.35,1.44,0.12,0.27,16.3,0,0,0,6.3,6.3,0.12,-0.3,-0.3,Matchs
368,Keno,br BRA,"AT,MT",Fluminense,33,1989,17.9,2,42,18,42.9,2.34,1.00,0.02,0.06,20.7,0,1,1,2.8,2.0,0.05,-0.8,-1.0,Matchs
369,Kevin,br BRA,"AT,DF",Palmeiras,20,2003,2.6,0,6,1,16.7,2.33,0.39,0.00,0.00,18.2,0,0,0,0.6,0.6,0.10,-0.6,-0.6,Matchs
370,Kevyson,br BRA,DF,Santos,18,2004,10.8,0,7,3,42.9,0.65,0.28,0.00,0.00,24.2,0,0,0,0.2,0.2,0.02,-0.2,-0.2,Matchs
371,Khellven,br BRA,DF,Ath Paranaense,21,2001,11.1,0,10,2,20.0,0.90,0.18,0.00,0.00,21.0,3,0,0,1.0,1.0,0.12,-1.0,-1.0,Matchs
372,Maurício Kozlinski,br BRA,GB,Fortaleza,31,1991,1.0,0,0,0,,0.00,0.00,,,,0,0,0,0.0,0.0,,0.0,0.0,Matchs
373,Benjamín Kuscevic,cl CHI,DF,Coritiba,26,1996,22.5,2,12,2,16.7,0.53,0.09,0.17,1.00,12.0,0,0,0,1.0,1.0,0.08,#ERROR!,#ERROR!,Matchs
374,Derik Lacerda,br BRA,"AT,MT",Cuiabá,23,1999,7.3,1,19,3,15.8,2.60,0.41,0.05,0.33,14.8,0,0,0,2.2,2.2,0.11,-1.2,-1.2,Matchs
375,Ignacio Laquintana,uy URU,AT,Red Bull Bragantino,23,1999,2.0,0,4,2,50.0,1.97,0.98,0.00,0.00,26.2,0,0,0,0.2,0.2,0.04,-0.2,-0.2,Matchs
Clt,Joueur,Nation,Pos,Équipe,Âge,Naissance,90,Buts,Tirs,TC,TC%,Tir/90,TC/90,B/Tir,B/TC,Dist,CF,PénM,PénT,xG,npxG,npxG/Sh,G-xG,np:G-xG,Matchs
376,Thauan Lara,br BRA,"DF,MT",Internacional,19,2004,3.7,0,5,1,20.0,1.34,0.27,0.00,0.00,27.6,1,0,0,0.1,0.1,0.02,-0.1,-0.1,Matchs
377,Lelê,br BRA,"AT,MT",Fluminense,25,1997,12.7,2,43,16,37.2,3.38,1.26,0.05,0.13,12.9,0,0,0,6.0,6.0,0.14,-4.0,-4.0,Matchs
378,Mauricio Lemos,uy URU,DF,Atlético Mineiro,27,1995,24.6,1,21,7,33.3,0.85,0.28,0.05,0.14,20.2,5,0,0,1.1,1.1,0.05,-0.1,-0.1,Matchs
379,Marcos Leonardo,br BRA,AT,Santos,19,2003,28.8,13,76,27,35.5,2.64,0.94,0.12,0.33,16.2,7,4,4,12.4,9.2,0.12,#ERROR!,-0.2,Matchs
380,Lian,br BRA,MT,Grêmio,17,2005,0.1,0,0,0,,0.00,0.00,,,,0,0,0,0.0,0.0,,0.0,0.0,Matchs
381,Lima,br BRA,"MT,AT",Fluminense,26,1996,28.1,6,47,17,36.2,1.67,0.60,0.13,0.35,21.9,1,0,0,3.0,3.0,0.06,#ERROR!,#ERROR!,Matchs
382,Lucas Lima,br BRA,"MT,AT",Santos,32,1990,24.5,1,23,5,21.7,0.94,0.20,0.04,0.20,21.0,6,0,0,1.7,1.7,0.08,-0.7,-0.7,Matchs
383,Leonardo Linck,br BRA,GB,Ath Paranaense,21,2001,5.0,0,0,0,,0.00,0.00,,,,0,0,0,0.0,0.0,,0.0,0.0,Matchs
384,Liziero,br BRA,MT,Coritiba,24,1998,6.5,0,0,0,,0.00,0.00,,,,0,0,0,0.0,0.0,,0.0,0.0,Matchs
385,Marcelo Lomba,br BRA,GB,Palmeiras,36,1986,3.0,0,0,0,,0.00,0.00,,,,0,0,0,0.0,0.0,,0.0,0.0,Matchs
386,José López,ar ARG,"AT,MT",Palmeiras,22,2000,6.6,5,22,10,45.5,3.35,1.52,0.23,0.50,13.7,0,0,0,3.5,3.5,0.16,#ERROR!,#ERROR!,Matchs
387,Lucão,br BRA,DF,Red Bull Bragantino,24,1998,2.2,0,1,1,100.0,0.45,0.45,0.00,0.00,13.5,0,0,0,0.0,0.0,0.02,0.0,0.0,Matchs
388,Lucão,br BRA,GB,Red Bull Bragantino,21,2001,5.0,0,0,0,,0.00,0.00,,,,0,0,0,0.0,0.0,,0.0,0.0,Matchs
389,Lucas,br BRA,DF,Santos,21,2001,6.8,0,4,3,75.0,0.59,0.44,0.00,0.00,21.2,0,0,0,0.1,0.1,0.02,-0.1,-0.1,Matchs
390,Ayrton Lucas,br BRA,DF,Flamengo,25,1997,28.8,4,26,8,30.8,0.90,0.28,0.15,0.50,20.7,0,0,0,2.7,2.7,0.10,#ERROR!,#ERROR!,Matchs
391,Jean Lucas,br BRA,MT,Santos,24,1998,20.1,0,45,11,24.4,2.24,0.55,0.00,0.00,23.8,7,0,0,2.2,2.2,0.05,-2.2,-2.2,Matchs
392,Jhonny Lucas,br BRA,MT,Goiás,22,2000,0.2,0,2,0,0.0,10.59,0.00,0.00,,16.9,0,0,0,0.1,0.1,0.07,-0.1,-0.1,Matchs
393,João Lucas,br BRA,DF,Santos,24,1998,9.0,0,8,1,12.5,0.89,0.11,0.00,0.00,19.4,0,0,0,0.2,0.2,0.03,-0.2,-0.2,Matchs
394,Ruan Lucas,br BRA,"MT,AT",Coritiba,18,2004,0.3,0,1,1,100.0,3.10,3.10,0.00,0.00,25.6,0,0,0,0.0,0.0,0.03,0.0,0.0,Matchs
395,Ian Luccas,br BRA,MT,Cruzeiro,19,2003,5.3,0,5,2,40.0,0.94,0.37,0.00,0.00,17.8,0,0,0,0.7,0.7,0.13,-0.7,-0.7,Matchs
396,Pedro Luccas,br BRA,GB,Coritiba,19,2004,3.0,0,0,0,,0.00,0.00,,,,0,0,0,0.0,0.0,,0.0,0.0,Matchs
397,Luciano,br BRA,"MT,AT",São Paulo,29,1993,23.5,9,72,24,33.3,03.07,01.02,0.10,0.29,20.3,0,2,3,8.4,5.9,0.08,#ERROR!,#ERROR!,Matchs
398,Thomas Luciano,br BRA,DF,Grêmio,21,2002,3.5,0,4,0,0.0,1.15,0.00,0.00,,12.0,0,0,0,0.2,0.2,0.04,-0.2,-0.2,Matchs
399,Luis,br BRA,AT,Cruzeiro,17,2005,0.1,0,0,0,,0.00,0.00,,,,0,0,0,0.0,0.0,,0.0,0.0,Matchs
400,Filipe Luís,br BRA,DF,Flamengo,37,1985,5.9,0,2,1,50.0,0.34,0.17,0.00,0.00,13.6,0,0,0,0.1,0.1,0.05,-0.1,-0.1,Matchs
Clt,Joueur,Nation,Pos,Équipe,Âge,Naissance,90,Buts,Tirs,TC,TC%,Tir/90,TC/90,B/Tir,B/TC,Dist,CF,PénM,PénT,xG,npxG,npxG/Sh,G-xG,np:G-xG,Matchs
401,Victor Luis,br BRA,DF,Coritiba,29,1993,17.4,2,15,2,13.3,0.86,0.11,0.13,1.00,26.9,5,0,0,1.0,1.0,0.06,#ERROR!,#ERROR!,Matchs
402,David Luiz,br BRA,DF,Flamengo,35,1987,11.0,1,6,3,50.0,0.54,0.27,0.17,0.33,22.7,0,0,0,0.3,0.3,0.05,#ERROR!,#ERROR!,Matchs
403,Wallisson Luiz,br BRA,MT,Cruzeiro,25,1997,4.4,0,13,3,23.1,2.98,0.69,0.00,0.00,16.3,0,0,0,1.5,1.5,0.11,-1.5,-1.5,Matchs
404,Machado,br BRA,MT,Cruzeiro,27,1996,25.3,1,33,11,33.3,1.30,0.43,0.03,0.09,25.4,7,0,0,2.1,2.1,0.07,-1.1,-1.1,Matchs
405,Imanol Machuca,ar ARG,AT,Fortaleza,23,2000,7.5,2,14,8,57.1,1.86,01.06,0.14,0.25,19.7,1,0,0,1.3,1.3,0.09,#ERROR!,#ERROR!,Matchs
406,Mádson,br BRA,"DF,MT",Ath Paranaense,31,1992,14.8,2,12,7,58.3,0.81,0.47,0.17,0.29,11.1,0,0,0,1.3,1.3,0.11,#ERROR!,#ERROR!,Matchs
407,João Magno,br BRA,AT,Goiás,25,1997,10.9,3,25,8,32.0,2.29,0.73,0.12,0.38,14.8,0,0,0,2.8,2.8,0.11,#ERROR!,#ERROR!,Matchs
408,Maguinho,br BRA,DF,Goiás,30,1993,31.7,2,27,4,14.8,0.85,0.13,0.07,0.50,15.0,0,0,0,2.2,2.2,0.08,-0.2,-0.2,Matchs
409,Pablo Maia,br BRA,MT,São Paulo,21,2002,28.7,4,45,14,31.1,1.57,0.49,0.09,0.29,27.5,0,0,0,1.5,1.5,0.03,#ERROR!,#ERROR!,Matchs
410,Thiago Maia,br BRA,MT,Flamengo,25,1997,23.3,0,5,0,0.0,0.21,0.00,0.00,,25.0,0,0,0,0.2,0.2,0.03,-0.2,-0.2,Matchs
411,Maicon,br BRA,DF,Santos,34,1988,0.5,0,1,1,100.0,2.00,2.00,0.00,0.00,10.3,0,0,0,0.1,0.1,0.06,-0.1,-0.1,Matchs
412,Maicon,br BRA,DF,Vasco da Gama,34,1988,13.9,0,4,1,25.0,0.29,0.07,0.00,0.00,16.0,1,0,0,0.1,0.1,0.04,-0.1,-0.1,Matchs
413,Iago Maidana,br BRA,DF,América (MG),26,1996,24.0,0,15,4,26.7,0.62,0.17,0.00,0.00,13.6,0,0,0,0.8,0.8,0.05,-0.8,-0.8,Matchs
414,Hugo Mallo,es ESP,DF,Internacional,31,1991,3.6,0,5,0,0.0,1.38,0.00,0.00,,11.5,0,0,0,0.3,0.3,0.07,-0.3,-0.3,Matchs
415,Léo Mana,br BRA,DF,Corinthians,18,2004,1.5,0,0,0,,0.00,0.00,,,,0,0,0,0.0,0.0,,0.0,0.0,Matchs
416,Alef Manga,br BRA,"AT,MT",Coritiba,28,1994,8.9,4,26,11,42.3,2.91,1.23,0.12,0.27,18.1,0,1,1,3.8,3.0,0.12,#ERROR!,0.0,Matchs
417,Manoel,br BRA,DF,Fluminense,32,1990,3.2,0,0,0,,0.00,0.00,,,,0,0,0,0.0,0.0,,0.0,0.0,Matchs
418,Fernando Marçal,br BRA,DF,Botafogo (RJ),33,1989,18.1,0,8,1,12.5,0.44,0.06,0.00,0.00,23.3,1,0,0,0.2,0.2,0.03,-0.2,-0.2,Matchs
419,Marcelo,br BRA,DF,Fluminense,34,1988,14.7,1,28,8,28.6,1.90,0.54,0.04,0.13,22.5,2,0,0,1.4,1.4,0.05,-0.4,-0.4,Matchs
420,Marcelo,br BRA,DF,Fortaleza,27,1996,12.0,0,3,0,0.0,0.25,0.00,0.00,,11.1,0,0,0,0.1,0.1,0.04,-0.1,-0.1,Matchs
421,João Marcelo,br BRA,DF,Cruzeiro,22,2000,1.8,0,0,0,,0.00,0.00,,,,0,0,0,0.0,0.0,,0.0,0.0,Matchs
422,Marcinho,br BRA,DF,América (MG),26,1996,8.9,0,8,1,12.5,0.90,0.11,0.00,0.00,28.0,0,0,0,0.2,0.2,0.03,-0.2,-0.2,Matchs
423,Erick Marcus,br BRA,"MT,AT",Vasco da Gama,18,2004,4.4,1,8,2,25.0,1.80,0.45,0.13,0.50,16.2,0,0,0,0.6,0.6,0.08,#ERROR!,#ERROR!,Matchs
424,Mariano,br BRA,DF,Atlético Mineiro,36,1986,17.4,0,1,1,100.0,0.06,0.06,0.00,0.00,14.4,0,0,0,0.0,0.0,0.04,0.0,0.0,Matchs
425,Marinho,br BRA,"AT,DF",Flamengo,32,1990,0.9,0,4,1,25.0,4.39,1.10,0.00,0.00,17.8,0,0,0,0.3,0.3,0.08,-0.3,-0.3,Matchs
Clt,Joueur,Nation,Pos,Équipe,Âge,Naissance,90,Buts,Tirs,TC,TC%,Tir/90,TC/90,B/Tir,B/TC,Dist,CF,PénM,PénT,xG,npxG,npxG/Sh,G-xG,np:G-xG,Matchs
426,Marinho,br BRA,"AT,MT",Fortaleza,32,1990,12.7,2,37,12,32.4,2.91,0.94,0.05,0.17,23.9,6,0,1,3.3,2.5,0.07,-1.3,-0.5,Matchs
427,Marlon,br BRA,DF,Cruzeiro,25,1997,35.5,3,23,5,21.7,0.65,0.14,0.13,0.60,24.6,6,0,0,1.3,1.2,0.05,#ERROR!,#ERROR!,Matchs
428,Marlon,br BRA,DF,América (MG),28,1994,18.6,1,11,3,27.3,0.59,0.16,0.09,0.33,24.2,0,0,0,0.5,0.5,0.04,#ERROR!,#ERROR!,Matchs
429,Marlon,br BRA,DF,Fluminense,27,1995,10.4,0,3,1,33.3,0.29,0.10,0.00,0.00,20.0,0,0,0,0.1,0.1,0.03,-0.1,-0.1,Matchs
430,Igor Marques,br BRA,DF,Cruzeiro,24,1999,1.3,0,0,0,,0.00,0.00,,,,0,0,0,0.0,0.0,,0.0,0.0,Matchs
431,Renato Marques,br BRA,"AT,MT",América (MG),19,2003,5.7,3,14,6,42.9,2.45,01.05,0.21,0.50,18.1,0,0,0,1.3,1.3,0.09,#ERROR!,#ERROR!,Matchs
432,Juan Martín Lucero,ar ARG,AT,Fortaleza,31,1991,23.0,9,52,21,40.4,2.26,0.91,0.12,0.29,16.2,0,3,3,9.2,6.8,0.13,-0.2,-0.8,Matchs
433,Martinelli,br BRA,"MT,DF",Fluminense,21,2001,20.9,2,20,5,25.0,0.96,0.24,0.10,0.40,20.6,0,0,0,1.2,1.2,0.06,#ERROR!,#ERROR!,Matchs
434,Andre Martins,br BRA,"AT,MT",Grêmio,21,2001,4.1,3,14,4,28.6,3.42,0.98,0.21,0.75,12.3,0,0,0,1.3,1.3,0.09,#ERROR!,#ERROR!,Matchs
435,Gustavo Martins Santos,br BRA,"DF,MT",Grêmio,20,2002,7.7,1,7,3,42.9,0.91,0.39,0.14,0.33,9.5,0,0,0,1.0,1.0,0.15,0.0,0.0,Matchs
436,Gonzalo Mastriani,uy URU,AT,América (MG),29,1993,19.9,11,54,23,42.6,2.71,1.15,0.19,0.43,14.3,0,1,2,10.7,9.2,0.17,#ERROR!,#ERROR!,Matchs
437,Matheusinho,br BRA,"MT,AT",América (MG),24,1998,2.5,0,6,4,66.7,2.36,1.57,0.00,0.00,19.4,0,0,0,0.6,0.6,0.10,-0.6,-0.6,Matchs
438,Matheusinho,br BRA,DF,Cuiabá,24,1998,4.8,1,5,2,40.0,01.04,0.42,0.20,0.50,21.3,0,0,0,0.8,0.8,0.15,#ERROR!,#ERROR!,Matchs
439,Matheuzinho,br BRA,DF,Flamengo,22,2000,6.9,0,4,1,25.0,0.58,0.15,0.00,0.00,17.9,0,0,0,0.2,0.2,0.06,-0.2,-0.2,Matchs
440,Mauricio,br BRA,"AT,MT",Internacional,21,2001,19.6,6,45,13,28.9,2.29,0.66,0.13,0.46,20.8,1,0,0,4.8,4.8,0.11,#ERROR!,#ERROR!,Matchs
441,Maycon,br BRA,MT,Corinthians,25,1997,26.7,2,22,8,36.4,0.82,0.30,0.09,0.25,22.7,0,0,0,1.4,1.4,0.06,#ERROR!,#ERROR!,Matchs
442,Mayke,br BRA,"DF,AT",Palmeiras,30,1992,27.8,1,8,2,25.0,0.29,0.07,0.13,0.50,17.7,0,0,0,0.9,0.9,0.11,#ERROR!,#ERROR!,Matchs
443,Gary Medel,cl CHI,"DF,MT",Vasco da Gama,35,1987,19.2,0,0,0,,0.00,0.00,,,,0,0,0,0.0,0.0,,0.0,0.0,Matchs
444,Bruno Melo,br BRA,DF,Goiás,30,1992,32.1,2,30,6,20.0,0.93,0.19,0.07,0.33,16.2,8,0,0,2.5,2.5,0.08,-0.5,-0.5,Matchs
445,Felipe Melo,br BRA,DF,Fluminense,39,1983,11.0,2,4,2,50.0,0.37,0.18,0.50,1.00,15.9,0,0,0,0.4,0.4,0.09,#ERROR!,#ERROR!,Matchs
446,Darlan Mendes,br BRA,MT,Grêmio,24,1998,0.5,0,0,0,,0.00,0.00,,,,0,0,0,0.0,0.0,,0.0,0.0,Matchs
447,Matheus Mendes,br BRA,GB,Atlético Mineiro,23,1999,2.0,0,0,0,,0.00,0.00,,,,0,0,0,0.0,0.0,,0.0,0.0,Matchs
448,Nathan Mendes,br BRA,DF,São Paulo,20,2002,13.1,1,3,2,66.7,0.23,0.15,0.33,0.50,10.0,0,0,0,0.5,0.5,0.15,#ERROR!,#ERROR!,Matchs
449,Vitor Mendes,br BRA,DF,Fluminense,23,1999,1.2,0,1,1,100.0,0.83,0.83,0.00,0.00,7.5,0,0,0,0.1,0.1,0.11,-0.1,-0.1,Matchs
450,Bruno Méndez,uy URU,DF,Corinthians,23,1999,18.3,0,4,0,0.0,0.22,0.00,0.00,,18.4,0,0,0,0.2,0.2,0.06,-0.2,-0.2,Matchs
Clt,Joueur,Nation,Pos,Équipe,Âge,Naissance,90,Buts,Tirs,TC,TC%,Tir/90,TC/90,B/Tir,B/TC,Dist,CF,PénM,PénT,xG,npxG,npxG/Sh,G-xG,np:G-xG,Matchs
451,Jhegson Méndez,ec ECU,MT,São Paulo,25,1997,4.1,0,1,0,0.0,0.24,0.00,0.00,,33.6,0,0,0,0.0,0.0,0.02,0.0,0.0,Matchs
452,Óscar Méndez,uy URU,MT,América (MG),28,1994,2.9,0,1,0,0.0,0.35,0.00,0.00,,34.0,0,0,0,0.0,0.0,0.01,0.0,0.0,Matchs
453,Stiven Mendoza,co COL,"AT,MT",Santos,30,1992,18.6,6,41,13,31.7,2.21,0.70,0.10,0.31,19.1,0,2,2,5.0,3.4,0.08,#ERROR!,#ERROR!,Matchs
454,Gabriel Menino,br BRA,MT,Palmeiras,22,2000,17.7,2,34,7,20.6,1.92,0.40,0.06,0.29,25.2,3,0,0,1.7,1.7,0.05,#ERROR!,#ERROR!,Matchs
455,Gabriel Mercado,ar ARG,DF,Internacional,35,1987,24.2,0,9,1,11.1,0.37,0.04,0.00,0.00,10.3,0,0,0,0.6,0.6,0.06,-0.6,-0.6,Matchs
456,Higor Meritão,br BRA,MT,Goiás,28,1994,2.5,0,5,0,0.0,02.02,0.00,0.00,,19.6,0,0,0,0.4,0.4,0.08,-0.4,-0.4,Matchs
457,Messias,br BRA,DF,Santos,28,1994,26.6,2,18,8,44.4,0.68,0.30,0.11,0.25,12.2,0,0,0,1.6,1.6,0.09,#ERROR!,#ERROR!,Matchs
458,Bruno Mezenga,br BRA,"AT,MT",Santos,34,1988,1.9,0,5,1,20.0,2.68,0.54,0.00,0.00,13.7,0,0,0,0.3,0.3,0.07,-0.3,-0.3,Matchs
459,Carlos Miguel,br BRA,GB,Corinthians,24,1998,1.2,0,0,0,,0.00,0.00,,,,0,0,0,0.0,0.0,,0.0,0.0,Matchs
460,Fernando Miguel,br BRA,GB,Fortaleza,37,1985,5.1,0,0,0,,0.00,0.00,,,,0,0,0,0.0,0.0,,0.0,0.0,Matchs
461,Mikael,br BRA,AT,América (MG),23,1999,1.7,0,8,2,25.0,4.71,1.18,0.00,0.00,23.7,2,0,0,0.8,0.8,0.10,-0.8,-0.8,Matchs
462,Lucas Milla,br BRA,MT,Grêmio,20,2003,3.4,0,3,0,0.0,0.89,0.00,0.00,,19.4,0,0,0,0.3,0.3,0.09,-0.3,-0.3,Matchs
463,Mina,br BRA,DF,Goiás,19,2003,0.5,0,2,0,0.0,4.00,0.00,0.00,,8.5,0,0,0,0.2,0.2,0.10,-0.2,-0.2,Matchs
464,Lucas Mineiro,br BRA,MT,Cuiabá,26,1996,6.8,0,5,0,0.0,0.74,0.00,0.00,,21.0,0,0,0,0.2,0.2,0.03,-0.2,-0.2,Matchs
465,Vinicius Mingotti,br BRA,AT,Bahia,23,2000,7.3,2,12,6,50.0,1.64,0.82,0.17,0.33,13.3,0,0,0,1.9,1.9,0.16,#ERROR!,#ERROR!,Matchs
466,Miranda,br BRA,DF,Vasco da Gama,23,2000,4.3,0,4,1,25.0,0.93,0.23,0.00,0.00,11.4,0,0,0,0.2,0.2,0.05,-0.2,-0.2,Matchs
467,Moises,br BRA,"MT,AT",Fortaleza,26,1996,4.1,3,17,12,70.6,4.17,2.94,0.18,0.25,15.3,0,0,0,2.5,2.5,0.15,#ERROR!,#ERROR!,Matchs
468,Rodrigo Moledo,br BRA,DF,Internacional,35,1987,5.3,0,1,1,100.0,0.19,0.19,0.00,0.00,14.7,0,0,0,0.0,0.0,0.03,0.0,0.0,Matchs
469,Rafael Monteiro,br BRA,MT,Fluminense,18,2004,0.0,0,0,0,,0.00,0.00,,,,0,0,0,0.0,0.0,,0.0,0.0,Matchs
470,Júnior Moraes,ua UKR,DF,Corinthians,35,1987,0.0,0,0,0,,0.00,0.00,,,,0,0,0,0.0,0.0,,0.0,0.0,Matchs
471,João Moreira,pt POR,DF,São Paulo,18,2004,0.8,0,1,1,100.0,1.29,1.29,0.00,0.00,24.7,0,0,0,0.0,0.0,0.02,0.0,0.0,Matchs
472,Everton Morelli,br BRA,MT,Goiás,25,1997,28.7,3,32,6,18.8,1.11,0.21,0.09,0.50,21.4,0,0,0,1.6,1.6,0.05,#ERROR!,#ERROR!,Matchs
473,Alfredo Morelos,co COL,"AT,MT",Santos,26,1996,0.9,0,3,2,66.7,3.51,2.34,0.00,0.00,18.1,0,0,0,0.1,0.1,0.04,-0.1,-0.1,Matchs
474,Marcelino Moreno,ar ARG,MT,Coritiba,28,1994,25.6,2,35,13,37.1,1.37,0.51,0.06,0.15,21.2,5,0,0,1.9,1.9,0.05,#ERROR!,#ERROR!,Matchs
475,Gabriel Moscardo,br BRA,MT,Corinthians,17,2005,12.6,1,9,2,22.2,0.72,0.16,0.11,0.50,25.2,0,0,0,0.3,0.3,0.03,#ERROR!,#ERROR!,Matchs
Clt,Joueur,Nation,Pos,Équipe,Âge,Naissance,90,Buts,Tirs,TC,TC%,Tir/90,TC/90,B/Tir,B/TC,Dist,CF,PénM,PénT,xG,npxG,npxG/Sh,G-xG,np:G-xG,Matchs
476,Henry Mosquera,co COL,"AT,MT",Red Bull Bragantino,21,2001,11.8,2,28,7,25.0,2.38,0.59,0.07,0.29,20.6,0,0,0,1.9,1.9,0.07,#ERROR!,#ERROR!,Matchs
477,Gustavo Mosquito,br BRA,"AT,MT",Corinthians,25,1997,3.4,1,3,2,66.7,0.88,0.58,0.33,0.50,16.1,0,0,0,0.2,0.2,0.06,#ERROR!,#ERROR!,Matchs
478,Hugo Moura,br BRA,MT,Ath Paranaense,25,1998,14.7,0,11,1,9.1,0.75,0.07,0.00,0.00,28.3,0,0,0,0.3,0.3,0.03,-0.3,-0.3,Matchs
479,Lucas Moura,br BRA,"AT,MT",São Paulo,30,1992,9.6,1,15,5,33.3,1.56,0.52,0.07,0.20,21.8,5,0,0,1.0,1.0,0.07,0.0,0.0,Matchs
480,Neto Moura,br BRA,MT,Cruzeiro,26,1996,5.5,0,7,1,14.3,1.26,0.18,0.00,0.00,22.2,0,0,0,0.4,0.4,0.06,-0.4,-0.4,Matchs
481,Lucas Mugni,ar ARG,"MT,AT",Bahia,31,1992,4.0,0,4,2,50.0,1.00,0.50,0.00,0.00,24.2,1,0,0,0.2,0.2,0.04,-0.2,-0.2,Matchs
482,Murillo,br BRA,DF,Corinthians,20,2002,12.9,0,7,1,14.3,0.54,0.08,0.00,0.00,16.0,0,0,0,0.3,0.3,0.04,-0.3,-0.3,Matchs
483,Andrey Ramos do Nascimento,br BRA,MT,Coritiba,24,1998,12.5,1,20,6,30.0,1.60,0.48,0.05,0.17,30.8,6,0,0,0.6,0.6,0.03,#ERROR!,#ERROR!,Matchs
484,Bruno Nascimento,br BRA,"AT,MT",Cruzeiro,25,1997,31.3,8,76,27,35.5,2.43,0.86,0.08,0.22,21.2,8,2,4,9.4,6.2,0.08,-1.4,-0.2,Matchs
485,Matheus Nascimento,br BRA,"AT,MT",Botafogo (RJ),18,2004,1.1,1,3,2,66.7,2.76,1.84,0.33,0.50,9.4,0,0,0,0.8,0.8,0.28,#ERROR!,#ERROR!,Matchs
486,Nata,br BRA,"AT,DF",Grêmio,21,2001,0.2,0,0,0,,0.00,0.00,,,,0,0,0,0.0,0.0,,0.0,0.0,Matchs
487,Natan,br BRA,DF,Red Bull Bragantino,21,2001,9.3,0,5,1,20.0,0.54,0.11,0.00,0.00,11.0,0,0,0,0.3,0.3,0.05,-0.3,-0.3,Matchs
488,Natanael,br BRA,DF,Coritiba,21,2002,27.8,0,17,8,47.1,0.61,0.29,0.00,0.00,21.3,0,0,0,0.7,0.7,0.04,-0.7,-0.7,Matchs
489,Nathan,br BRA,DF,Santos,21,2001,5.5,0,2,0,0.0,0.37,0.00,0.00,,19.9,0,0,0,0.1,0.1,0.03,-0.1,-0.1,Matchs
490,Nathan,br BRA,"MT,AT",Grêmio,26,1996,7.6,1,18,6,33.3,2.37,0.79,0.06,0.17,21.3,1,0,0,1.1,1.1,0.06,-0.1,-0.1,Matchs
491,Rafael Navarro,br BRA,AT,Palmeiras,22,2000,1.4,1,4,2,50.0,2.88,1.44,0.25,0.50,8.2,0,0,0,1.2,1.2,0.30,-0.2,-0.2,Matchs
492,Kaiky Naves,br BRA,"DF,AT",Palmeiras,20,2002,5.8,0,2,0,0.0,0.34,0.00,0.00,,9.3,0,0,0,0.1,0.1,0.06,-0.1,-0.1,Matchs
493,Felipe Negrucci,br BRA,MT,São Paulo,18,2004,0.2,0,0,0,,0.00,0.00,,,,0,0,0,0.0,0.0,,0.0,0.0,Matchs
494,Emerson Negueba,br BRA,AT,Cuiabá,22,2000,5.4,0,12,4,33.3,2.23,0.74,0.00,0.00,20.2,0,0,0,0.5,0.5,0.04,-0.5,-0.5,Matchs
495,Neris,br BRA,DF,Cruzeiro,30,1992,23.5,0,15,4,26.7,0.64,0.17,0.00,0.00,11.5,0,0,0,0.7,0.7,0.05,-0.7,-0.7,Matchs
496,Rodrigo Nestor,br BRA,"MT,AT",São Paulo,22,2000,16.1,1,35,12,34.3,2.17,0.74,0.03,0.08,19.4,0,0,0,3.2,3.2,0.09,-2.2,-2.2,Matchs
497,João Neto,br BRA,"MT,DF",Fluminense,19,2003,0.6,1,1,1,100.0,1.73,1.73,1.00,1.00,7.0,0,0,0,0.4,0.4,0.41,#ERROR!,#ERROR!,Matchs
498,Gabriel Neves,uy URU,MT,São Paulo,25,1997,10.7,1,1,1,100.0,0.09,0.09,1.00,1.00,13.6,0,0,0,0.1,0.1,0.10,#ERROR!,#ERROR!,Matchs
499,Newton,br BRA,MT,Botafogo (RJ),22,2000,0.1,0,1,0,0.0,11.25,0.00,0.00,,30.4,0,0,0,0.0,0.0,0.01,0.0,0.0,Matchs
500,Nicolas,br BRA,DF,América (MG),25,1997,8.0,1,8,5,62.5,1.00,0.62,0.13,0.20,29.5,4,0,0,0.2,0.2,0.03,#ERROR!,#ERROR!,Matchs
Clt,Joueur,Nation,Pos,Équipe,Âge,Naissance,90,Buts,Tirs,TC,TC%,Tir/90,TC/90,B/Tir,B/TC,Dist,CF,PénM,PénT,xG,npxG,npxG/Sh,G-xG,np:G-xG,Matchs
501,Nikão,br BRA,"AT,MT",Cruzeiro,30,1992,8.9,2,16,4,25.0,1.80,0.45,0.13,0.50,21.3,0,0,0,0.6,0.6,0.04,#ERROR!,#ERROR!,Matchs
502,Nino,br BRA,DF,Fluminense,25,1997,23.9,2,14,6,42.9,0.58,0.25,0.14,0.33,12.9,0,0,0,1.2,1.2,0.09,#ERROR!,#ERROR!,Matchs
503,Freddy Noguera,py PAR,AT,Grêmio,19,2004,0.3,0,0,0,,0.00,0.00,,,,0,0,0,0.0,0.0,,0.0,0.0,Matchs
504,Nonato,br BRA,MT,Santos,24,1998,7.3,1,9,3,33.3,1.23,0.41,0.11,0.33,24.5,0,0,0,0.4,0.4,0.04,#ERROR!,#ERROR!,Matchs
505,Gabriel Novaes,br BRA,AT,Goiás,23,1999,1.1,0,1,1,100.0,0.95,0.95,0.00,0.00,21.5,0,0,0,0.4,0.4,0.42,-0.4,-0.4,Matchs
506,Ruan Oliveira Ferreira,br BRA,"MT,AT",Corinthians,22,2000,9.8,2,15,6,40.0,1.53,0.61,0.13,0.33,28.6,3,0,0,0.5,0.5,0.03,#ERROR!,#ERROR!,Matchs
507,Lucas Oliveira,br BRA,DF,Cruzeiro,26,1996,14.6,1,4,1,25.0,0.27,0.07,0.25,1.00,14.3,0,0,0,0.4,0.4,0.10,#ERROR!,#ERROR!,Matchs
508,Pedro Oliveira,br BRA,"AT,MT",Goiás,18,2004,2.2,0,2,1,50.0,0.92,0.46,0.00,0.00,12.9,0,0,0,0.2,0.2,0.11,-0.2,-0.2,Matchs
509,Cauly Oliveira Souza,br BRA,"MT,AT",Bahia,27,1995,28.3,4,65,18,27.7,2.30,0.64,0.06,0.22,19.9,4,0,0,5.4,5.4,0.08,-1.4,-1.4,Matchs
510,Luca Orellano,ar ARG,"AT,MT",Vasco da Gama,22,2000,6.9,1,17,5,29.4,2.46,0.72,0.06,0.20,23.1,3,0,0,1.1,1.1,0.07,-0.1,-0.1,Matchs
511,Leo Ortiz,br BRA,DF,Red Bull Bragantino,27,1996,17.8,2,14,6,42.9,0.79,0.34,0.14,0.33,10.7,0,0,0,1.9,1.9,0.14,#ERROR!,#ERROR!,Matchs
512,Otávio,br BRA,MT,Atlético Mineiro,28,1994,25.6,0,8,2,25.0,0.31,0.08,0.00,0.00,25.0,0,0,0,0.4,0.4,0.04,-0.4,-0.4,Matchs
513,João Othavio Basso,br BRA,DF,Santos,26,1997,12.8,0,7,0,0.0,0.55,0.00,0.00,,18.9,0,0,0,0.5,0.5,0.06,-0.5,-0.5,Matchs
514,Luis Oyama,br BRA,MT,Goiás,26,1997,6.2,1,6,2,33.3,0.96,0.32,0.17,0.50,23.2,0,0,0,0.4,0.4,0.07,#ERROR!,#ERROR!,Matchs
515,Pablinho,br BRA,AT,Cuiabá,19,2003,0.4,0,0,0,,0.00,0.00,,,,0,0,0,0.0,0.0,,0.0,0.0,Matchs
516,Pablo,br BRA,AT,Ath Paranaense,30,1992,15.5,7,43,15,34.9,2.77,0.97,0.16,0.47,16.5,0,0,0,6.1,6.1,0.14,#ERROR!,#ERROR!,Matchs
517,Pablo,br BRA,DF,Flamengo,31,1991,4.7,0,2,2,100.0,0.43,0.43,0.00,0.00,11.5,0,0,0,0.1,0.1,0.04,-0.1,-0.1,Matchs
518,Bruno Pacheco,br BRA,DF,Fortaleza,31,1991,29.7,2,16,6,37.5,0.54,0.20,0.13,0.33,16.6,0,0,0,0.9,0.9,0.06,#ERROR!,#ERROR!,Matchs
519,Helibelton Palacios,co COL,DF,Cruzeiro,29,1993,7.0,0,2,0,0.0,0.29,0.00,0.00,,14.1,0,0,0,0.3,0.3,0.14,-0.3,-0.3,Matchs
520,Julián Palacios,ar ARG,"AT,MT",Goiás,23,1999,18.1,1,32,10,31.3,1.76,0.55,0.03,0.10,25.3,2,0,0,1.4,1.4,0.04,-0.4,-0.4,Matchs
521,Nino Paraíba,br BRA,DF,América (MG),37,1986,2.2,0,2,1,50.0,0.91,0.46,0.00,0.00,28.2,0,0,0,0.1,0.1,0.03,-0.1,-0.1,Matchs
522,Mateus Pasinato,br BRA,GB,América (MG),30,1992,10.0,0,0,0,,0.00,0.00,,,,0,0,0,0.0,0.0,,0.0,0.0,Matchs
523,Weslley Patati,br BRA,"AT,MT",Santos,19,2003,1.5,0,11,1,9.1,7.28,0.66,0.00,0.00,20.1,0,0,0,0.8,0.8,0.07,-0.8,-0.8,Matchs
524,Alexandre Pato,br BRA,"AT,MT",São Paulo,33,1989,1.8,2,4,2,50.0,2.24,1.12,0.50,1.00,21.3,0,0,1,1.3,0.3,0.09,#ERROR!,#ERROR!,Matchs
525,Patrick,br BRA,"MT,AT",Atlético Mineiro,30,1992,6.2,0,6,1,16.7,0.97,0.16,0.00,0.00,11.0,0,0,0,0.9,0.9,0.16,-0.9,-0.9,Matchs
Clt,Joueur,Nation,Pos,Équipe,Âge,Naissance,90,Buts,Tirs,TC,TC%,Tir/90,TC/90,B/Tir,B/TC,Dist,CF,PénM,PénT,xG,npxG,npxG/Sh,G-xG,np:G-xG,Matchs
526,Alan Patrick,br BRA,"MT,AT",Internacional,31,1991,27.2,4,47,12,25.5,1.73,0.44,0.06,0.25,23.3,7,1,1,4.4,3.6,0.08,-0.4,-0.6,Matchs
527,Luan Patrick,br BRA,DF,Red Bull Bragantino,21,2002,12.4,0,4,1,25.0,0.32,0.08,0.00,0.00,7.6,0,0,0,0.6,0.6,0.14,-0.6,-0.6,Matchs
528,Patryck,br BRA,DF,São Paulo,20,2003,4.2,0,2,0,0.0,0.48,0.00,0.00,,24.8,0,0,0,0.1,0.1,0.04,-0.1,-0.1,Matchs
529,Giuliano de Paula,br BRA,"MT,AT",Corinthians,32,1990,18.1,2,23,7,30.4,1.27,0.39,0.09,0.29,19.3,0,0,0,1.5,1.5,0.06,#ERROR!,#ERROR!,Matchs
530,Jair Paula,br BRA,DF,Santos,17,2005,0.4,0,0,0,,0.00,0.00,,,,0,0,0,0.0,0.0,,0.0,0.0,Matchs
531,Paulinho,br BRA,DF,América (MG),18,2004,0.3,0,0,0,,0.00,0.00,,,,0,0,0,0.0,0.0,,0.0,0.0,Matchs
532,Paulinho,br BRA,"AT,MT",Atlético Mineiro,22,2000,33.2,20,90,47,52.2,2.71,1.41,0.22,0.43,13.3,0,0,0,14.9,14.9,0.17,#ERROR!,#ERROR!,Matchs
533,Paulinho,br BRA,MT,Vasco da Gama,26,1997,18.2,1,10,2,20.0,0.55,0.11,0.10,0.50,22.3,2,0,0,0.6,0.6,0.05,#ERROR!,#ERROR!,Matchs
534,Paulinho,br BRA,DF,Vasco da Gama,17,2005,0.5,0,2,0,0.0,4.00,0.00,0.00,,,,0,0,,,,,,Matchs
535,Paulinho,br BRA,"MT,AT",Corinthians,34,1988,1.6,0,2,0,0.0,1.22,0.00,0.00,,16.7,0,0,0,0.2,0.2,0.11,-0.2,-0.2,Matchs
536,Caio Paulista,br BRA,DF,São Paulo,24,1998,23.1,1,34,14,41.2,1.47,0.61,0.03,0.07,20.4,0,0,0,2.0,2.0,0.06,-1.0,-1.0,Matchs
537,Wellington Paulista,br BRA,AT,América (MG),38,1984,2.5,1,12,1,8.3,4.76,0.40,0.08,1.00,16.0,0,0,1,1.9,1.0,0.08,-0.9,0.0,Matchs
538,João Paulo,br BRA,GB,Santos,27,1995,35.7,0,0,0,,0.00,0.00,,,,0,0,0,0.0,0.0,,0.0,0.0,Matchs
539,Marcos Paulo,br BRA,"AT,MT",São Paulo,21,2001,5.9,2,12,4,33.3,02.05,0.68,0.17,0.50,16.0,0,0,0,0.8,0.8,0.06,#ERROR!,#ERROR!,Matchs
540,Cristian Pavón,ar ARG,"AT,MT",Atlético Mineiro,27,1996,21.5,3,53,17,32.1,2.47,0.79,0.04,0.12,20.5,1,1,1,4.1,3.3,0.06,-1.1,-1.3,Matchs
541,Dimitri Payet,fr FRA,"MT,AT",Vasco da Gama,35,1987,8.9,2,11,5,45.5,1.24,0.56,0.18,0.40,22.0,4,0,0,0.7,0.7,0.06,#ERROR!,#ERROR!,Matchs
542,Pedrinho,br BRA,"AT,MT",América (MG),23,1999,4.6,0,14,4,28.6,03.07,0.88,0.00,0.00,17.1,0,0,0,0.7,0.7,0.05,-0.7,-0.7,Matchs
543,Pedrinho,br BRA,"DF,MT",Ath Paranaense,20,2002,4.0,0,0,0,,0.00,0.00,,,,0,0,0,0.0,0.0,,0.0,0.0,Matchs
544,Pedrinho,br BRA,"MT,AT",Atlético Mineiro,24,1998,7.0,0,10,2,20.0,1.43,0.29,0.00,0.00,27.4,0,0,0,0.3,0.3,0.03,-0.3,-0.3,Matchs
545,Pedrinho,br BRA,AT,Flamengo,19,2003,0.2,0,0,0,,0.00,0.00,,,,0,0,0,0.0,0.0,,0.0,0.0,Matchs
546,Pedro,br BRA,AT,Flamengo,25,1997,23.9,13,59,25,42.4,2.47,01.05,0.15,0.36,16.2,0,4,4,11.1,7.9,0.13,#ERROR!,#ERROR!,Matchs
547,João Pedro,br BRA,AT,Cruzeiro,19,2003,0.1,0,0,0,,0.00,0.00,,,,0,0,0,0.0,0.0,,0.0,0.0,Matchs
548,João Pedro,it ITA,AT,Grêmio,30,1992,6.8,0,10,1,10.0,1.46,0.15,0.00,0.00,12.8,0,0,0,1.0,1.0,0.10,-1.0,-1.0,Matchs
549,João Pedro,br BRA,DF,Grêmio,26,1996,23.1,3,12,4,33.3,0.52,0.17,0.25,0.75,20.6,0,0,0,0.7,0.7,0.06,#ERROR!,#ERROR!,Matchs
550,João Pedro Pepê,br BRA,MT,Grêmio,25,1998,15.5,1,9,2,22.2,0.58,0.13,0.11,0.50,21.7,0,0,0,1.1,1.1,0.12,-0.1,-0.1,Matchs
Clt,Joueur,Nation,Pos,Équipe,Âge,Naissance,90,Buts,Tirs,TC,TC%,Tir/90,TC/90,B/Tir,B/TC,Dist,CF,PénM,PénT,xG,npxG,npxG/Sh,G-xG,np:G-xG,Matchs
551,Jean Pedroso,br BRA,DF,Coritiba,19,2004,6.5,0,1,0,0.0,0.15,0.00,0.00,,11.1,0,0,0,0.0,0.0,0.04,0.0,0.0,Matchs
552,Matheus Peixoto,br BRA,AT,Goiás,27,1995,9.8,2,20,6,30.0,02.05,0.61,0.05,0.17,16.0,0,1,1,2.2,1.4,0.07,-0.2,-0.4,Matchs
553,Léo Pelé,br BRA,DF,Vasco da Gama,26,1996,30.2,0,6,2,33.3,0.20,0.07,0.00,0.00,15.9,0,0,0,0.3,0.3,0.05,-0.3,-0.3,Matchs
554,Carlos de Pena,uy URU,"MT,AT",Internacional,30,1992,15.8,2,31,9,29.0,1.96,0.57,0.06,0.22,23.6,4,0,0,1.4,1.4,0.04,#ERROR!,#ERROR!,Matchs
555,Léo Pereira,br BRA,DF,Flamengo,27,1996,29.4,3,17,5,29.4,0.58,0.17,0.18,0.60,12.1,3,0,0,1.8,1.8,0.11,#ERROR!,#ERROR!,Matchs
556,Matheus Pereira,pt POR,"AT,MT",Cruzeiro,26,1996,11.4,1,19,8,42.1,1.67,0.70,0.05,0.13,21.6,4,0,0,1.9,1.9,0.10,-0.9,-0.9,Matchs
557,Bruno Peres,br BRA,"DF,MT",Ath Paranaense,32,1990,1.7,0,1,0,0.0,0.57,0.00,0.00,,24.7,0,0,0,0.0,0.0,0.02,0.0,0.0,Matchs
558,Lucas Perri,br BRA,GB,Botafogo (RJ),25,1997,37.5,0,0,0,,0.00,0.00,,,,0,0,0,0.0,0.0,,0.0,0.0,Matchs
559,Lucas Piazon,br BRA,AT,Botafogo (RJ),29,1994,0.2,0,0,0,,0.00,0.00,,,,0,0,0,0.0,0.0,,0.0,0.0,Matchs
560,Yago Pikachu,br BRA,"AT,MT",Fortaleza,30,1992,19.5,7,44,16,36.4,2.26,0.82,0.16,0.44,17.1,3,0,1,5.5,4.7,0.11,#ERROR!,#ERROR!,Matchs
561,Rodrigo Pinho,br BRA,AT,Coritiba,31,1991,4.3,0,11,5,45.5,2.57,1.17,0.00,0.00,16.8,1,0,0,0.9,0.9,0.08,-0.9,-0.9,Matchs
562,Joaquín Piquerez,uy URU,DF,Palmeiras,24,1998,28.1,3,32,6,18.8,1.14,0.21,0.06,0.33,26.1,3,1,1,2.0,1.3,0.04,#ERROR!,#ERROR!,Matchs
563,Gabriel Pirani,br BRA,"MT,AT",Fluminense,20,2002,4.4,1,8,4,50.0,1.82,0.91,0.13,0.25,12.6,0,0,0,1.6,1.6,0.20,-0.6,-0.6,Matchs
564,Rafael Pires,br BRA,GB,São Paulo,33,1989,33.0,0,0,0,,0.00,0.00,,,,0,0,0,0.0,0.0,,0.0,0.0,Matchs
565,Lucas Piton,br BRA,DF,Vasco da Gama,22,2000,36.5,0,25,4,16.0,0.69,0.11,0.00,0.00,22.4,4,0,0,1.0,1.0,0.04,-1.0,-1.0,Matchs
566,Isidro Pitta,py PAR,AT,Cuiabá,23,1999,9.1,5,20,6,30.0,2.19,0.66,0.20,0.67,18.2,0,1,1,3.5,2.7,0.14,#ERROR!,#ERROR!,Matchs
567,Tomas Pochettino,ar ARG,"MT,AT",Fortaleza,26,1996,22.1,2,51,20,39.2,2.31,0.90,0.04,0.10,22.3,4,0,0,2.9,2.9,0.06,-0.9,-0.9,Matchs
568,Luan Polli,br BRA,GB,Coritiba,29,1993,4.3,0,0,0,,0.00,0.00,,,,0,0,0,0.0,0.0,,0.0,0.0,Matchs
569,Wesley Pombo,br BRA,MT,Coritiba,20,2002,0.6,0,0,0,,0.00,0.00,,,,0,0,0,0.0,0.0,,0.0,0.0,Matchs
570,Mateo Ponte,uy URU,DF,Botafogo (RJ),19,2003,0.2,0,0,0,,0.00,0.00,,,,0,0,0,0.0,0.0,,0.0,0.0,Matchs
571,William Pottker,br BRA,"AT,MT",Coritiba,29,1993,1.3,0,1,1,100.0,0.78,0.78,0.00,0.00,22.4,0,0,0,0.2,0.2,0.15,-0.2,-0.2,Matchs
572,Bruno Praxedes,br BRA,MT,Vasco da Gama,20,2002,14.9,1,23,7,30.4,1.54,0.47,0.04,0.14,17.7,0,0,0,1.8,1.8,0.08,-0.8,-0.8,Matchs
573,Bruno Praxedes,br BRA,MT,Red Bull Bragantino,20,2002,0.1,0,0,0,,0.00,0.00,,,,0,0,0,0.0,0.0,,0.0,0.0,Matchs
574,Erick Pulgar,cl CHI,MT,Flamengo,29,1994,22.2,2,18,5,27.8,0.81,0.23,0.11,0.40,22.4,4,0,0,0.9,0.9,0.05,#ERROR!,#ERROR!,Matchs
575,Nicolás Quagliata,uy URU,"AT,MT",Cuiabá,23,1999,2.6,0,6,0,0.0,2.32,0.00,0.00,,18.5,0,0,0,0.2,0.2,0.04,-0.2,-0.2,Matchs
Clt,Joueur,Nation,Pos,Équipe,Âge,Naissance,90,Buts,Tirs,TC,TC%,Tir/90,TC/90,B/Tir,B/TC,Dist,CF,PénM,PénT,xG,npxG,npxG/Sh,G-xG,np:G-xG,Matchs
576,Du Queiroz,br BRA,"MT,DF",Corinthians,23,2000,2.0,0,0,0,,0.00,0.00,,,,0,0,0,0.0,0.0,,0.0,0.0,Matchs
577,Yani Quintero,co COL,MT,Red Bull Bragantino,20,2002,1.1,0,0,0,,0.00,0.00,,,,0,0,0,0.0,0.0,,0.0,0.0,Matchs
578,Igor Rabello,br BRA,DF,Atlético Mineiro,27,1995,7.7,0,2,1,50.0,0.26,0.13,0.00,0.00,9.6,0,0,0,0.0,0.0,0.02,0.0,0.0,Matchs
579,Rafael,br BRA,DF,Botafogo (RJ),32,1990,5.4,0,1,1,100.0,0.19,0.19,0.00,0.00,28.2,0,0,0,0.0,0.0,0.03,0.0,0.0,Matchs
580,Zé Rafael,br BRA,MT,Palmeiras,29,1993,28.5,3,35,11,31.4,1.23,0.39,0.09,0.27,21.3,2,0,0,2.1,2.1,0.06,#ERROR!,#ERROR!,Matchs
581,Rafinha,br BRA,DF,São Paulo,37,1985,22.5,0,4,1,25.0,0.18,0.04,0.00,0.00,26.1,0,0,0,0.1,0.1,0.03,-0.1,-0.1,Matchs
582,Rai,br BRA,MT,Botafogo (RJ),20,2002,0.0,0,0,0,,0.00,0.00,,,,0,0,0,0.0,0.0,,0.0,0.0,Matchs
583,Eric Ramires,br BRA,MT,Red Bull Bragantino,22,2000,15.3,3,21,7,33.3,1.37,0.46,0.14,0.43,17.7,0,0,0,2.5,2.5,0.12,#ERROR!,#ERROR!,Matchs
584,Lucas Ramos,br BRA,AT,Internacional,22,2001,0.0,0,0,0,,0.00,0.00,,,,0,0,0,0.0,0.0,,0.0,0.0,Matchs
585,Raí Ramos,br BRA,DF,São Paulo,28,1994,3.1,0,5,2,40.0,1.60,0.64,0.00,0.00,27.0,0,0,0,0.1,0.1,0.02,-0.1,-0.1,Matchs
586,Marcelo Rangel,br BRA,GB,Goiás,34,1988,3.0,0,0,0,,0.00,0.00,,,,0,0,0,0.0,0.0,,0.0,0.0,Matchs
587,Pedro Rangel,br BRA,GB,Fluminense,22,2000,2.0,0,0,0,,0.00,0.00,,,,0,0,0,0.0,0.0,,0.0,0.0,Matchs
588,Raniele,br BRA,"MT,DF",Cuiabá,26,1996,32.1,3,52,13,25.0,1.62,0.41,0.06,0.23,24.1,0,0,0,2.8,2.8,0.05,#ERROR!,#ERROR!,Matchs
589,Rafael Ratão,br BRA,"AT,MT",Bahia,27,1995,8.7,4,24,11,45.8,2.77,1.27,0.17,0.36,17.1,0,0,0,2.9,2.9,0.12,#ERROR!,#ERROR!,Matchs
590,Wellington Rato,br BRA,"AT,MT",São Paulo,30,1992,19.6,0,36,4,11.1,1.84,0.20,0.00,0.00,23.9,6,0,1,3.0,2.2,0.06,-3.0,-2.2,Matchs
591,Raul,br BRA,"MT,DF",Red Bull Bragantino,26,1996,1.2,0,1,0,0.0,0.84,0.00,0.00,,29.0,0,0,0,0.0,0.0,0.02,0.0,0.0,Matchs
592,Pedro Raul,br BRA,AT,Vasco da Gama,26,1996,9.3,2,22,9,40.9,2.37,0.97,0.09,0.22,14.1,1,0,0,2.6,2.6,0.12,-0.6,-0.6,Matchs
593,Leonardo Realpe,ec ECU,DF,Red Bull Bragantino,21,2001,18.7,0,5,1,20.0,0.27,0.05,0.00,0.00,10.7,0,0,0,0.5,0.5,0.11,-0.5,-0.5,Matchs
594,Reinaldo,br BRA,AT,Ath Paranaense,21,2001,0.2,0,1,0,0.0,5.63,0.00,0.00,,24.8,0,0,0,0.1,0.1,0.05,-0.1,-0.1,Matchs
595,Reinaldo,br BRA,DF,Grêmio,33,1989,29.8,2,31,14,45.2,01.04,0.47,0.03,0.07,21.8,2,1,1,2.7,1.9,0.06,-0.7,-0.9,Matchs
596,Renê,br BRA,DF,Internacional,30,1992,25.4,1,9,2,22.2,0.35,0.08,0.11,0.50,20.2,1,0,0,0.6,0.6,0.06,#ERROR!,#ERROR!,Matchs
597,Réver,br BRA,"DF,AT",Atlético Mineiro,38,1985,1.3,0,0,0,,0.00,0.00,,,,0,0,0,0.0,0.0,,0.0,0.0,Matchs
598,Rezende,br BRA,"MT,DF",Bahia,28,1995,30.1,2,22,4,18.2,0.73,0.13,0.09,0.50,16.5,0,0,0,0.9,0.9,0.04,#ERROR!,#ERROR!,Matchs
599,Everton Ribeiro,br BRA,"AT,MT",Flamengo,33,1989,16.4,3,22,9,40.9,1.34,0.55,0.14,0.33,21.9,1,0,0,1.5,1.5,0.07,#ERROR!,#ERROR!,Matchs
600,Wesley Ribeiro,br BRA,"AT,MT",Corinthians,17,2005,9.6,1,15,5,33.3,1.57,0.52,0.07,0.20,20.7,0,0,0,0.5,0.5,0.03,#ERROR!,#ERROR!,Matchs
Clt,Joueur,Nation,Pos,Équipe,Âge,Naissance,90,Buts,Tirs,TC,TC%,Tir/90,TC/90,B/Tir,B/TC,Dist,CF,PénM,PénT,xG,npxG,npxG/Sh,G-xG,np:G-xG,Matchs
601,João Ricardo Riedi,br BRA,GB,Fortaleza,34,1988,31.9,0,0,0,,0.00,0.00,,,,0,0,0,0.0,0.0,,0.0,0.0,Matchs
602,Zé Ricardo,br BRA,MT,Goiás,23,1999,11.9,0,16,7,43.8,1.35,0.59,0.00,0.00,29.7,0,0,0,0.3,0.3,0.02,-0.3,-0.3,Matchs
603,Richard,br BRA,MT,Cruzeiro,28,1994,3.8,0,4,1,25.0,01.04,0.26,0.00,0.00,13.4,0,0,0,0.4,0.4,0.10,-0.4,-0.4,Matchs
604,Rikelme,br BRA,DF,Cuiabá,19,2003,26.0,1,24,6,25.0,0.92,0.23,0.04,0.17,22.1,0,0,0,0.8,0.8,0.03,#ERROR!,#ERROR!,Matchs
605,Tomás Rincón,ve VEN,MT,Santos,35,1988,13.2,2,11,3,27.3,0.83,0.23,0.18,0.67,14.4,0,0,0,1.4,1.4,0.13,#ERROR!,#ERROR!,Matchs
606,Richard Ríos,co COL,MT,Palmeiras,22,2000,20.6,2,38,10,26.3,1.85,0.49,0.05,0.20,25.2,1,0,0,1.2,1.2,0.03,#ERROR!,#ERROR!,Matchs
607,Robert,br BRA,"MT,AT",Cruzeiro,17,2005,2.1,1,10,4,40.0,4.84,1.94,0.10,0.25,15.5,0,0,0,1.0,1.0,0.10,0.0,0.0,Matchs
608,Zé Roberto,br BRA,"AT,MT",Coritiba,29,1993,5.8,1,8,3,37.5,1.38,0.52,0.13,0.33,16.2,0,0,0,0.4,0.4,0.04,#ERROR!,#ERROR!,Matchs
609,Robson,br BRA,"MT,AT",Coritiba,31,1991,26.1,12,35,14,40.0,1.34,0.54,0.14,0.36,19.6,0,7,8,10.6,4.2,0.12,#ERROR!,#ERROR!,Matchs
610,Kaique Rocha,br BRA,DF,Ath Paranaense,21,2001,7.2,1,4,1,25.0,0.55,0.14,0.25,1.00,11.6,0,0,0,0.2,0.2,0.05,#ERROR!,#ERROR!,Matchs
611,Marcos Rocha,br BRA,DF,Palmeiras,34,1988,14.0,1,4,1,25.0,0.28,0.07,0.25,1.00,19.7,0,0,0,0.4,0.4,0.09,#ERROR!,#ERROR!,Matchs
612,Pedro Rocha Neves,br BRA,AT,Fortaleza,28,1994,0.4,0,0,0,,0.00,0.00,,,,0,0,0,0.0,0.0,,0.0,0.0,Matchs
613,Sergio Rochet,uy URU,GB,Internacional,29,1993,19.0,0,0,0,,0.00,0.00,,,,0,0,0,0.0,0.0,,0.0,0.0,Matchs
614,Rodrigo,br BRA,"MT,AT",São Paulo,18,2004,2.6,0,3,1,33.3,1.16,0.39,0.00,0.00,19.6,0,0,0,0.1,0.1,0.04,-0.1,-0.1,Matchs
615,James Rodríguez,co COL,"MT,AT",São Paulo,31,1991,7.1,1,14,3,21.4,1.98,0.43,0.07,0.33,27.3,6,0,1,2.0,0.7,0.05,-1.0,#ERROR!,Matchs
616,Rodriguinho,br BRA,"DF,MT",América (MG),19,2003,13.9,2,12,4,33.3,0.87,0.29,0.17,0.50,21.0,0,0,0,0.5,0.5,0.04,#ERROR!,#ERROR!,Matchs
617,Matías Rojas,py PAR,"MT,AT",Corinthians,27,1995,7.0,0,23,8,34.8,3.26,1.14,0.00,0.00,32.3,6,0,0,0.8,0.8,0.03,-0.8,-0.8,Matchs
618,Romarinho,br BRA,"AT,MT",Fortaleza,28,1994,3.2,0,8,3,37.5,2.50,0.94,0.00,0.00,18.3,0,0,0,0.5,0.5,0.07,-0.5,-0.5,Matchs
619,Ángel Romero,py PAR,AT,Corinthians,30,1992,13.3,8,24,11,45.8,1.81,0.83,0.33,0.73,15.2,0,0,0,3.8,3.8,0.16,#ERROR!,#ERROR!,Matchs
620,Silvio Romero,ar ARG,AT,Fortaleza,34,1988,4.4,2,10,4,40.0,2.26,0.90,0.20,0.50,12.0,0,0,0,1.6,1.6,0.16,#ERROR!,#ERROR!,Matchs
621,Rômulo,br BRA,"AT,MT",Ath Paranaense,20,2002,5.7,0,12,3,25.0,2.12,0.53,0.00,0.00,15.4,0,0,0,1.5,1.5,0.13,-1.5,-1.5,Matchs
622,Romulo,br BRA,"MT,DF",Internacional,22,2000,13.5,1,13,3,23.1,0.96,0.22,0.08,0.33,23.5,0,0,0,1.0,1.0,0.08,0.0,0.0,Matchs
623,Ronald,br BRA,MT,Grêmio,19,2003,4.6,1,4,1,25.0,0.86,0.22,0.25,1.00,9.9,0,0,0,0.6,0.6,0.14,#ERROR!,#ERROR!,Matchs
624,Ronald,br BRA,MT,Cuiabá,25,1997,6.5,2,14,5,35.7,2.15,0.77,0.14,0.40,26.9,3,0,0,0.8,0.8,0.06,#ERROR!,#ERROR!,Matchs
625,Budiga Roni,br BRA,MT,Corinthians,23,1999,7.5,0,3,1,33.3,0.40,0.13,0.00,0.00,24.3,0,0,0,0.1,0.1,0.03,-0.1,-0.1,Matchs
Clt,Joueur,Nation,Pos,Équipe,Âge,Naissance,90,Buts,Tirs,TC,TC%,Tir/90,TC/90,B/Tir,B/TC,Dist,CF,PénM,PénT,xG,npxG,npxG/Sh,G-xG,np:G-xG,Matchs
626,Lucas Ronier,br BRA,"AT,MT",Coritiba,18,2004,0.6,0,0,0,,0.00,0.00,,,,0,0,0,0.0,0.0,,0.0,0.0,Matchs
627,Rony,br BRA,AT,Palmeiras,27,1995,18.2,5,51,18,35.3,2.80,0.99,0.10,0.28,13.1,1,0,0,6.1,6.1,0.12,-1.1,-1.1,Matchs
628,Vitor Roque,br BRA,AT,Ath Paranaense,17,2005,19.0,12,51,23,45.1,2.68,1.21,0.24,0.52,14.0,0,0,0,8.8,8.8,0.17,#ERROR!,#ERROR!,Matchs
629,Diego Rosa,br BRA,"MT,DF",Bahia,20,2002,2.7,0,8,2,25.0,2.93,0.73,0.00,0.00,25.5,2,0,0,0.3,0.3,0.04,-0.3,-0.3,Matchs
630,Rossi,br BRA,"MT,AT",Vasco da Gama,29,1993,4.4,1,2,1,50.0,0.45,0.23,0.50,1.00,9.3,0,0,0,1.0,1.0,0.50,0.0,0.0,Matchs
631,Agustín Rossi,ar ARG,GB,Flamengo,27,1995,15.0,0,0,0,,0.00,0.00,,,,0,0,0,0.0,0.0,,0.0,0.0,Matchs
632,Rubens,br BRA,"DF,MT",Atlético Mineiro,21,2001,15.0,1,18,5,27.8,1.20,0.33,0.06,0.20,22.3,0,0,0,1.1,1.1,0.06,-0.1,-0.1,Matchs
633,Daniel Ruiz Rivera,co COL,"AT,MT",Santos,21,2001,2.7,0,2,0,0.0,0.73,0.00,0.00,,23.1,1,0,0,0.1,0.1,0.06,-0.1,-0.1,Matchs
634,Rwan,br BRA,"MT,AT",Vasco da Gama,21,2001,0.4,0,1,0,0.0,2.65,0.00,0.00,,21.7,0,0,0,0.1,0.1,0.07,-0.1,-0.1,Matchs
635,João Victor Santos Sá,br BRA,AT,Botafogo (RJ),28,1994,23.6,4,47,20,42.6,1.99,0.85,0.09,0.20,18.5,0,0,0,5.0,5.0,0.11,-1.0,-1.0,Matchs
636,Arthur Sales,br BRA,"AT,MT",Bahia,20,2002,3.2,1,7,3,42.9,2.17,0.93,0.14,0.33,15.6,0,0,0,0.9,0.9,0.13,#ERROR!,#ERROR!,Matchs
637,Andreas Samaris,gr GRE,MT,Coritiba,33,1989,2.0,0,1,1,100.0,0.49,0.49,0.00,0.00,13.5,0,0,0,0.1,0.1,0.07,-0.1,-0.1,Matchs
638,Philipe Sampaio,br BRA,DF,Botafogo (RJ),28,1994,5.5,0,2,0,0.0,0.36,0.00,0.00,,10.0,0,0,0,0.1,0.1,0.07,-0.1,-0.1,Matchs
639,Sander,br BRA,DF,Goiás,32,1990,17.1,0,19,6,31.6,1.11,0.35,0.00,0.00,24.9,1,0,0,0.8,0.8,0.04,-0.8,-0.8,Matchs
640,Sandry,br BRA,MT,Santos,20,2002,2.1,0,0,0,,0.00,0.00,,,,0,0,0,0.0,0.0,,0.0,0.0,Matchs
641,Alex Santana,br BRA,MT,Ath Paranaense,27,1995,11.1,3,22,6,27.3,1.98,0.54,0.14,0.50,22.8,0,0,0,1.2,1.2,0.05,#ERROR!,#ERROR!,Matchs
642,Santos,br BRA,GB,Flamengo,32,1990,5.4,0,0,0,,0.00,0.00,,,,0,0,0,0.0,0.0,,0.0,0.0,Matchs
643,Ademir Santos,br BRA,"AT,MT",Bahia,27,1995,19.3,6,43,16,37.2,2.22,0.83,0.14,0.38,17.1,1,0,0,8.1,8.1,0.19,-2.1,-2.1,Matchs
644,Allyson Aires dos Santos,br BRA,DF,Cuiabá,32,1990,12.6,0,3,0,0.0,0.24,0.00,0.00,,6.7,0,0,0,0.4,0.4,0.14,-0.4,-0.4,Matchs
645,Andrey Santos,br BRA,MT,Vasco da Gama,18,2004,4.7,1,5,2,40.0,01.07,0.43,0.20,0.50,8.0,0,0,0,1.2,1.2,0.24,-0.2,-0.2,Matchs
646,Bruno Araújo dos Santos,br BRA,DF,Goiás,29,1993,5.0,0,2,1,50.0,0.40,0.20,0.00,0.00,13.7,0,0,0,0.1,0.1,0.05,-0.1,-0.1,Matchs
647,Eduardo Santos,br BRA,DF,Red Bull Bragantino,25,1997,11.3,1,9,3,33.3,0.79,0.26,0.11,0.33,11.8,0,0,0,0.9,0.9,0.10,#ERROR!,#ERROR!,Matchs
648,Fábio Santos,br BRA,DF,Corinthians,37,1985,18.6,4,3,1,33.3,0.16,0.05,0.00,0.00,35.3,0,4,5,4.0,0.1,0.03,0.0,-0.1,Matchs
649,Juan Santos,br BRA,AT,São Paulo,20,2002,14.2,1,18,8,44.4,1.27,0.56,0.06,0.13,13.2,0,0,0,2.7,2.7,0.15,-1.7,-1.7,Matchs
650,Júnior Santos,br BRA,AT,Botafogo (RJ),28,1994,24.0,7,69,21,30.4,2.87,0.87,0.10,0.33,18.2,1,0,0,6.6,6.6,0.10,#ERROR!,#ERROR!,Matchs
Clt,Joueur,Nation,Pos,Équipe,Âge,Naissance,90,Buts,Tirs,TC,TC%,Tir/90,TC/90,B/Tir,B/TC,Dist,CF,PénM,PénT,xG,npxG,npxG/Sh,G-xG,np:G-xG,Matchs
651,Kauan Santos,br BRA,AT,Palmeiras,18,2004,0.0,0,1,0,0.0,45.00,0.00,0.00,,20.9,0,0,0,0.0,0.0,0.04,0.0,0.0,Matchs
652,Luis Eduardo Marques dos Santos,br BRA,DF,Fortaleza,25,1997,4.3,0,2,1,50.0,0.47,0.23,0.00,0.00,26.9,0,0,0,0.0,0.0,0.02,0.0,0.0,Matchs
653,Matheus Santos,br BRA,"AT,MT",Goiás,24,1998,2.2,0,4,0,0.0,1.85,0.00,0.00,,21.4,0,0,0,0.2,0.2,0.05,-0.2,-0.2,Matchs
654,Pedrinho Santos,br BRA,"AT,MT",Corinthians,16,2006,6.9,1,9,5,55.6,1.31,0.73,0.11,0.20,13.3,0,0,0,1.1,1.1,0.12,-0.1,-0.1,Matchs
655,Renzo Saravia,ar ARG,DF,Atlético Mineiro,29,1993,19.0,0,10,3,30.0,0.53,0.16,0.00,0.00,25.2,0,0,0,0.5,0.5,0.05,-0.5,-0.5,Matchs
656,Eduardo Sasha,br BRA,"AT,MT",Red Bull Bragantino,30,1992,24.8,11,62,23,37.1,2.50,0.93,0.13,0.35,16.2,0,3,3,11.4,9.0,0.15,-0.4,-1.0,Matchs
657,Lucas Sasha,br BRA,MT,Fortaleza,32,1990,11.3,0,8,1,12.5,0.71,0.09,0.00,0.00,18.1,0,0,0,0.6,0.6,0.08,-0.6,-0.6,Matchs
658,Gustavo Sauer,br BRA,"AT,MT",Botafogo (RJ),29,1993,2.9,2,5,2,40.0,1.74,0.70,0.40,1.00,19.7,0,0,0,0.2,0.2,0.05,#ERROR!,#ERROR!,Matchs
659,Cleiton Schwengber,br BRA,GB,Red Bull Bragantino,25,1997,33.0,0,2,0,0.0,0.06,0.00,0.00,,12.3,0,0,0,0.1,0.1,0.06,-0.1,-0.1,Matchs
660,Luis Segovia,ec ECU,DF,Botafogo (RJ),25,1997,1.1,0,0,0,,0.00,0.00,,,,0,0,0,0.0,0.0,,0.0,0.0,Matchs
661,Matias Segovia,py PAR,AT,Botafogo (RJ),20,2003,7.2,0,11,4,36.4,1.52,0.55,0.00,0.00,22.5,1,0,0,0.9,0.9,0.08,-0.9,-0.9,Matchs
662,Sidimar,br BRA,DF,Goiás,30,1992,11.2,0,10,2,20.0,0.89,0.18,0.00,0.00,11.6,0,0,0,0.7,0.7,0.07,-0.7,-0.7,Matchs
663,Aderlan Silva,br BRA,DF,Red Bull Bragantino,32,1990,15.8,0,12,1,8.3,0.76,0.06,0.00,0.00,25.4,0,0,0,0.4,0.4,0.03,-0.4,-0.4,Matchs
664,Gabriel Silva,br BRA,"AT,MT",Coritiba,20,2002,1.0,0,3,0,0.0,2.97,0.00,0.00,,21.7,0,0,0,0.1,0.1,0.04,-0.1,-0.1,Matchs
665,Luan Silva,br BRA,MT,São Paulo,23,1999,6.8,0,6,0,0.0,0.89,0.00,0.00,,27.9,0,0,0,0.1,0.1,0.02,-0.1,-0.1,Matchs
666,Lucas Silva,br BRA,MT,Cruzeiro,29,1993,16.4,0,19,4,21.1,1.16,0.24,0.00,0.00,27.7,3,0,0,0.9,0.9,0.05,-0.9,-0.9,Matchs
667,Lucas Silva,br BRA,MT,Grêmio,29,1993,2.5,0,0,0,,0.00,0.00,,,,0,0,0,0.0,0.0,,0.0,0.0,Matchs
668,Nathan Silva,br BRA,DF,Atlético Mineiro,25,1997,4.0,0,2,1,50.0,0.50,0.25,0.00,0.00,10.4,0,0,0,0.1,0.1,0.07,-0.1,-0.1,Matchs
669,Ricardo Silva,br BRA,DF,América (MG),30,1992,17.9,1,7,4,57.1,0.39,0.22,0.14,0.25,13.1,0,0,0,0.7,0.7,0.10,#ERROR!,#ERROR!,Matchs
670,Wellington Silva,br BRA,AT,Cuiabá,30,1993,14.8,1,20,6,30.0,1.35,0.40,0.05,0.17,18.3,0,0,0,1.0,1.0,0.05,0.0,0.0,Matchs
671,Maximiliano Silvera,uy URU,"MT,AT",Santos,25,1997,5.0,1,13,8,61.5,2.61,1.61,0.08,0.13,14.4,0,0,0,2.5,2.5,0.20,-1.5,-1.5,Matchs
672,Simioni,br BRA,MT,Goiás,19,2003,0.5,0,0,0,,0.00,0.00,,,,0,0,0,0.0,0.0,,0.0,0.0,Matchs
673,Jailson Siqueira,br BRA,"MT,DF",Palmeiras,27,1995,1.8,0,4,1,25.0,2.21,0.55,0.00,0.00,19.4,0,0,0,0.4,0.4,0.09,-0.4,-0.4,Matchs
674,Islam Slimani,dz ALG,AT,Coritiba,34,1988,9.1,3,18,8,44.4,1.98,0.88,0.17,0.38,12.8,0,0,0,2.2,2.2,0.12,#ERROR!,#ERROR!,Matchs
675,Everton Soares,br BRA,"AT,MT",Flamengo,26,1996,19.3,4,55,25,45.5,2.84,1.29,0.07,0.16,18.8,3,0,0,3.3,3.3,0.06,#ERROR!,#ERROR!,Matchs
Clt,Joueur,Nation,Pos,Équipe,Âge,Naissance,90,Buts,Tirs,TC,TC%,Tir/90,TC/90,B/Tir,B/TC,Dist,CF,PénM,PénT,xG,npxG,npxG/Sh,G-xG,np:G-xG,Matchs
676,Tiquinho Soares,br BRA,AT,Botafogo (RJ),32,1991,27.1,17,76,24,31.6,2.81,0.89,0.16,0.50,17.5,1,5,7,13.1,7.6,0.10,#ERROR!,#ERROR!,Matchs
677,Fernando Sobral,br BRA,MT,Cuiabá,28,1994,21.1,2,38,12,31.6,1.80,0.57,0.05,0.17,26.2,3,0,0,1.6,1.6,0.04,#ERROR!,#ERROR!,Matchs
678,Yeferson Soteldo,ve VEN,"AT,MT",Santos,25,1997,17.3,1,30,11,36.7,1.74,0.64,0.03,0.09,21.0,6,0,0,2.0,2.0,0.07,-1.0,-1.0,Matchs
679,Yago Souza,br BRA,MT,América (MG),16,2006,0.2,0,0,0,,0.00,0.00,,,,0,0,0,0.0,0.0,,0.0,0.0,Matchs
680,Everaldo Stum,br BRA,AT,Bahia,31,1991,24.2,9,57,22,38.6,2.36,0.91,0.12,0.32,15.3,0,2,2,6.8,5.2,0.09,#ERROR!,#ERROR!,Matchs
681,Luis Suárez,uy URU,AT,Grêmio,36,1987,32.0,17,126,54,42.9,3.94,1.69,0.13,0.30,17.6,12,1,2,13.8,12.2,0.10,#ERROR!,#ERROR!,Matchs
682,Bruno Tabata,br BRA,"MT,AT",Palmeiras,25,1997,1.4,0,4,0,0.0,2.90,0.00,0.00,,17.7,0,0,0,0.4,0.4,0.09,-0.4,-0.4,Matchs
683,Tadeu,br BRA,GB,Goiás,30,1992,35.0,0,0,0,,0.00,0.00,,,,0,0,0,0.0,0.0,,0.0,0.0,Matchs
684,Talisson,br BRA,AT,Red Bull Bragantino,20,2002,1.7,3,6,4,66.7,3.58,2.38,0.50,0.75,15.9,0,0,0,1.3,1.3,0.22,#ERROR!,#ERROR!,Matchs
685,Tchê Tchê,br BRA,"MT,DF",Botafogo (RJ),30,1992,29.5,2,45,12,26.7,1.52,0.41,0.04,0.17,25.0,1,0,0,1.9,1.9,0.04,#ERROR!,#ERROR!,Matchs
686,Alex Teixeira,br BRA,"AT,MT",Vasco da Gama,33,1990,12.6,1,24,7,29.2,1.91,0.56,0.04,0.14,15.2,0,0,0,3.1,3.1,0.13,-2.1,-2.1,Matchs
687,David Terans,uy URU,"MT,AT",Ath Paranaense,28,1994,4.4,0,12,2,16.7,2.75,0.46,0.00,0.00,27.5,1,0,0,0.9,0.9,0.07,-0.9,-0.9,Matchs
688,Miguel Terceros,bo BOL,"MT,AT",Santos,18,2004,0.4,0,1,0,0.0,2.65,0.00,0.00,,34.2,0,0,0,0.0,0.0,0.02,0.0,0.0,Matchs
689,Thaciano,br BRA,"MT,AT",Bahia,27,1995,32.1,6,64,16,25.0,2.00,0.50,0.06,0.25,17.3,0,2,2,9.4,7.8,0.12,-3.4,-3.8,Matchs
690,Thiago,br BRA,"AT,MT",Ath Paranaense,22,2000,2.5,0,4,1,25.0,1.61,0.40,0.00,0.00,17.7,0,0,0,0.2,0.2,0.06,-0.2,-0.2,Matchs
691,Guilherme Tinga,br BRA,DF,Fortaleza,29,1993,28.7,1,24,6,25.0,0.84,0.21,0.04,0.17,11.9,0,0,0,2.0,2.0,0.08,-1.0,-1.0,Matchs
692,Titi,br BRA,DF,Fortaleza,34,1988,31.6,0,7,0,0.0,0.22,0.00,0.00,,18.7,0,0,0,0.3,0.3,0.04,-0.3,-0.3,Matchs
693,Stênio Toledo,br BRA,"AT,MT",Cruzeiro,19,2003,3.2,0,7,4,57.1,2.16,1.23,0.00,0.00,15.5,0,0,0,1.0,1.0,0.14,-1.0,-1.0,Matchs
694,Uendel,br BRA,DF,Cuiabá,34,1988,4.0,0,0,0,,0.00,0.00,,,,0,0,0,0.0,0.0,,0.0,0.0,Matchs
695,Júnior Urso,br BRA,MT,Coritiba,33,1989,3.3,0,7,1,14.3,2.11,0.30,0.00,0.00,19.2,0,0,0,0.3,0.3,0.04,-0.3,-0.3,Matchs
696,Bruno Uvini,br BRA,DF,Grêmio,31,1991,16.1,1,14,6,42.9,0.87,0.37,0.07,0.17,11.4,0,0,0,0.8,0.8,0.06,#ERROR!,#ERROR!,Matchs
697,Enner Valencia,ec ECU,AT,Internacional,33,1989,16.0,9,52,24,46.2,3.25,1.50,0.15,0.33,15.0,3,1,2,9.0,7.3,0.15,0.0,#ERROR!,Matchs
698,Vanderlan,br BRA,DF,Palmeiras,20,2002,10.1,0,6,1,16.7,0.59,0.10,0.00,0.00,18.4,0,0,0,0.3,0.3,0.05,-0.3,-0.3,Matchs
699,Rodrigo Varanda,br BRA,"AT,MT",América (MG),20,2003,5.7,2,19,8,42.1,3.31,1.40,0.11,0.25,19.0,0,0,0,1.6,1.6,0.08,#ERROR!,#ERROR!,Matchs
700,Guillermo Varela,uy URU,DF,Flamengo,29,1993,2.6,0,0,0,,0.00,0.00,,,,0,0,0,0.0,0.0,,0.0,0.0,Matchs
Clt,Joueur,Nation,Pos,Équipe,Âge,Naissance,90,Buts,Tirs,TC,TC%,Tir/90,TC/90,B/Tir,B/TC,Dist,CF,PénM,PénT,xG,npxG,npxG/Sh,G-xG,np:G-xG,Matchs
701,Eduardo Vargas,cl CHI,AT,Atlético Mineiro,33,1989,5.2,1,6,4,66.7,1.15,0.77,0.17,0.25,18.2,0,0,0,0.3,0.3,0.05,#ERROR!,#ERROR!,Matchs
702,Pablo Vegetti,ar ARG,AT,Vasco da Gama,34,1988,19.9,10,78,29,37.2,3.92,1.46,0.10,0.28,12.2,0,2,2,11.4,9.8,0.13,-1.4,-1.8,Matchs
703,Raphael Veiga,br BRA,MT,Palmeiras,27,1995,27.3,9,86,31,36.0,3.16,1.14,0.09,0.26,23.1,13,1,2,7.2,5.7,0.07,#ERROR!,#ERROR!,Matchs
704,Fausto Vera,ar ARG,MT,Corinthians,22,2000,15.3,1,19,5,26.3,1.24,0.33,0.05,0.20,26.2,0,0,0,0.7,0.7,0.04,#ERROR!,#ERROR!,Matchs
705,Patrick Verhon,br BRA,AT,Bahia,18,2004,0.0,0,0,0,,0.00,0.00,,,,0,0,0,0.0,0.0,,0.0,0.0,Matchs
706,Lucas Veríssimo,br BRA,DF,Corinthians,27,1995,14.5,1,12,3,25.0,0.83,0.21,0.08,0.33,10.3,0,0,0,0.7,0.7,0.06,#ERROR!,#ERROR!,Matchs
707,Bruno Viana,br BRA,DF,Coritiba,27,1995,9.0,0,2,0,0.0,0.22,0.00,0.00,,16.0,0,0,0,0.3,0.3,0.14,-0.3,-0.3,Matchs
708,Marcos Victor,br BRA,DF,Bahia,21,2001,0.1,0,0,0,,0.00,0.00,,,,0,0,0,0.0,0.0,,0.0,0.0,Matchs
709,Paulo Victor,br BRA,DF,Vasco da Gama,21,2001,0.1,0,0,0,,0.00,0.00,,,,0,0,0,0.0,0.0,,0.0,0.0,Matchs
710,Arturo Vidal,cl CHI,MT,Ath Paranaense,35,1987,4.2,0,2,0,0.0,0.47,0.00,0.00,,14.2,0,0,0,0.1,0.1,0.06,-0.1,-0.1,Matchs
711,Arturo Vidal,cl CHI,"MT,DF",Flamengo,35,1987,2.8,0,7,2,28.6,2.50,0.71,0.00,0.00,13.7,0,0,0,0.8,0.8,0.11,-0.8,-0.8,Matchs
712,Felipe Vieira,,DF,Fluminense,,,2.3,0,3,1,33.3,1.33,0.44,0.00,0.00,16.6,0,0,0,0.2,0.2,0.06,-0.2,-0.2,Matchs
713,Luan Vieira,br BRA,"AT,MT",Grêmio,29,1993,0.6,0,0,0,,0.00,0.00,,,,0,0,0,0.0,0.0,,0.0,0.0,Matchs
714,Gustavo Vilar,br BRA,DF,Coritiba,22,2000,1.0,0,0,0,,0.00,0.00,,,,0,0,0,0.0,0.0,,0.0,0.0,Matchs
715,Pedro Vilhena,br BRA,AT,São Paulo,20,2002,0.2,0,0,0,,0.00,0.00,,,,0,0,0,0.0,0.0,,0.0,0.0,Matchs
716,Mathías Villasanti,py PAR,MT,Grêmio,26,1997,29.4,4,19,9,47.4,0.65,0.31,0.21,0.44,19.0,0,0,0,1.6,1.6,0.08,#ERROR!,#ERROR!,Matchs
717,Marcos Vinicios Sorriso,br BRA,"AT,DF",Red Bull Bragantino,21,2001,10.4,2,31,13,41.9,2.97,1.25,0.06,0.15,18.2,5,0,0,3.1,3.1,0.10,-1.1,-1.1,Matchs
718,Vinicius,br BRA,MT,Santos,23,1999,0.3,0,0,0,,0.00,0.00,,,,0,0,0,0.0,0.0,,0.0,0.0,Matchs
719,Vinícius,br BRA,AT,Goiás,29,1993,13.0,0,33,8,24.2,2.53,0.61,0.00,0.00,19.1,1,0,0,1.6,1.6,0.05,-1.6,-1.6,Matchs
720,Vinícius,br BRA,AT,Grêmio,31,1991,7.3,1,14,5,35.7,1.93,0.69,0.07,0.20,19.8,0,0,0,1.9,1.9,0.13,-0.9,-0.9,Matchs
721,Marcos Vinicius,br BRA,"DF,MT",Coritiba,25,1997,1.9,0,0,0,,0.00,0.00,,,,0,0,0,0.0,0.0,,0.0,0.0,Matchs
722,Mateus Vital,br BRA,MT,Cruzeiro,24,1998,20.9,0,35,10,28.6,1.67,0.48,0.00,0.00,20.6,0,0,0,1.9,1.9,0.05,-1.9,-1.9,Matchs
723,Vitão,br BRA,DF,Internacional,22,2000,22.7,0,12,3,25.0,0.53,0.13,0.00,0.00,12.2,0,0,0,0.7,0.7,0.06,-0.7,-0.7,Matchs
724,Vitão,br BRA,DF,Cuiabá,22,2000,0.1,0,0,0,,0.00,0.00,,,,0,0,0,0.0,0.0,,0.0,0.0,Matchs
725,Vitinho,br BRA,"AT,MT",Red Bull Bragantino,23,1999,22.8,2,67,20,29.9,2.94,0.88,0.03,0.10,18.9,0,0,0,3.8,3.8,0.06,-1.8,-1.8,Matchs
Clt,Joueur,Nation,Pos,Équipe,Âge,Naissance,90,Buts,Tirs,TC,TC%,Tir/90,TC/90,B/Tir,B/TC,Dist,CF,PénM,PénT,xG,npxG,npxG/Sh,G-xG,np:G-xG,Matchs
726,José Vitor,br BRA,DF,Vasco da Gama,20,2002,1.2,0,1,1,100.0,0.82,0.82,0.00,0.00,15.7,0,0,0,0.1,0.1,0.07,-0.1,-0.1,Matchs
727,Paulo Vitor,br BRA,"MT,DF",Cruzeiro,23,1999,1.4,0,1,1,100.0,0.72,0.72,0.00,0.00,26.1,0,0,0,0.0,0.0,0.02,0.0,0.0,Matchs
728,Paulo Vitor,br BRA,MT,Atlético Mineiro,18,2004,0.2,0,0,0,,0.00,0.00,,,,0,0,0,0.0,0.0,,0.0,0.0,Matchs
729,Rayan Vitor,br BRA,"AT,MT",Vasco da Gama,16,2006,2.9,1,11,3,27.3,3.74,01.02,0.09,0.33,15.5,0,0,0,0.8,0.8,0.07,#ERROR!,#ERROR!,Matchs
730,Vladimir,br BRA,GB,Santos,33,1989,2.3,0,0,0,,0.00,0.00,,,,0,0,0,0.0,0.0,,0.0,0.0,Matchs
731,Walter,br BRA,GB,Cuiabá,35,1987,35.0,0,0,0,,0.00,0.00,,,,0,0,0,0.0,0.0,,0.0,0.0,Matchs
732,Talles Wander,br BRA,"AT,MT",São Paulo,19,2003,0.2,0,0,0,,0.00,0.00,,,,0,0,0,0.0,0.0,,0.0,0.0,Matchs
733,Wanderson,br BRA,DF,América (MG),31,1991,5.6,0,2,1,50.0,0.36,0.18,0.00,0.00,12.3,0,0,0,0.1,0.1,0.04,-0.1,-0.1,Matchs
734,Wanderson,br BRA,"AT,MT",Internacional,28,1994,26.0,7,38,20,52.6,1.46,0.77,0.18,0.35,20.6,0,0,0,4.1,4.1,0.11,#ERROR!,#ERROR!,Matchs
735,Deivid Washington,br BRA,AT,Santos,17,2005,4.7,2,17,7,41.2,3.58,1.48,0.12,0.29,17.8,0,0,0,1.7,1.7,0.10,#ERROR!,#ERROR!,Matchs
736,Welington,br BRA,DF,São Paulo,21,2001,10.4,0,8,0,0.0,0.77,0.00,0.00,,25.4,0,0,0,0.3,0.3,0.04,-0.3,-0.3,Matchs
737,José Welison,br BRA,MT,Fortaleza,27,1995,18.6,1,30,5,16.7,1.62,0.27,0.03,0.20,27.4,4,0,0,1.2,1.2,0.04,-0.2,-0.2,Matchs
738,João Wellington,br BRA,MT,Cruzeiro,19,2004,4.1,0,6,1,16.7,1.48,0.25,0.00,0.00,24.0,0,0,0,0.6,0.6,0.10,-0.6,-0.6,Matchs
739,Wesley,br BRA,"AT,MT",Cruzeiro,23,1999,19.7,4,48,17,35.4,2.43,0.86,0.08,0.24,14.9,0,0,0,4.7,4.7,0.10,-0.7,-0.7,Matchs
740,Wesley,br BRA,DF,Flamengo,19,2003,27.9,1,14,5,35.7,0.50,0.18,0.07,0.20,17.3,0,0,0,1.1,1.1,0.08,-0.1,-0.1,Matchs
741,Wesley,br BRA,DF,Grêmio,19,2004,1.0,0,0,0,,0.00,0.00,,,,0,0,0,0.0,0.0,,0.0,0.0,Matchs
742,Wéverton,br BRA,GB,Palmeiras,35,1987,35.0,0,0,0,,0.00,0.00,,,,0,0,0,0.0,0.0,,0.0,0.0,Matchs
743,William,br BRA,DF,Cruzeiro,27,1995,29.4,0,21,3,14.3,0.71,0.10,0.00,0.00,21.8,0,0,0,1.2,1.2,0.06,-1.2,-1.2,Matchs
744,Willian,br BRA,"AT,MT",Ath Paranaense,36,1986,6.4,4,17,7,41.2,2.67,1.10,0.24,0.57,16.2,0,0,0,1.9,1.9,0.11,#ERROR!,#ERROR!,Matchs
745,Willian,br BRA,MT,Goiás,29,1993,24.4,0,13,2,15.4,0.53,0.08,0.00,0.00,17.0,0,0,0,0.9,0.9,0.07,-0.9,-0.9,Matchs
746,Xavier,br BRA,DF,Goiás,22,2000,0.7,0,0,0,,0.00,0.00,,,,,0,0,,,,,,Matchs
747,Samuel Xavier,br BRA,DF,Fluminense,32,1990,23.4,1,24,3,12.5,01.02,0.13,0.04,0.33,21.0,0,0,0,0.9,0.9,0.04,#ERROR!,#ERROR!,Matchs
748,Yago,br BRA,MT,Bahia,27,1995,15.1,0,14,4,28.6,0.92,0.26,0.00,0.00,27.4,0,0,0,0.4,0.4,0.03,-0.4,-0.4,Matchs
749,Vinícius Zanocelo,br BRA,"MT,AT",Fortaleza,22,2001,0.9,0,3,1,33.3,3.33,1.11,0.00,0.00,12.7,0,0,0,0.3,0.3,0.10,-0.3,-0.3,Matchs
750,Bruno Zapelli,ar ARG,"MT,AT",Ath Paranaense,20,2002,12.7,2,32,5,15.6,2.52,0.39,0.06,0.40,21.6,0,0,0,2.5,2.5,0.08,-0.5,-0.5,Matchs
Clt,Joueur,Nation,Pos,Équipe,Âge,Naissance,90,Buts,Tirs,TC,TC%,Tir/90,TC/90,B/Tir,B/TC,Dist,CF,PénM,PénT,xG,npxG,npxG/Sh,G-xG,np:G-xG,Matchs
751,Federico Zaracho,ar ARG,"MT,AT",Atlético Mineiro,24,1998,21.6,2,21,4,19.0,0.97,0.18,0.10,0.50,16.6,0,0,0,3.0,3.0,0.14,-1.0,-1.0,Matchs
752,Zinho,br BRA,"AT,MT",Grêmio,19,2003,2.7,0,5,1,20.0,1.84,0.37,0.00,0.00,21.9,0,0,0,0.2,0.2,0.04,-0.2,-0.2,Matchs
Clt,Joueur,Nation,Pos,Équipe,Âge,Naissance,90,Buts,Tirs,TC,TC%,Tir/90,TC/90,B/Tir,B/TC,Dist,CF,PénM,PénT,xG,npxG,npxG/Sh,G-xG,np:G-xG,Matchs
1,Luis Abram,pe PER,DF,Atlanta Utd,26,1996,16.2,0,2,0,0.0,0.12,0.00,0.00,,10.1,0,0,0,0.1,0.1,0.04,-0.1,-0.1,Matchs
2,Lalas Abubakar,gh GHA,DF,Rapids,28,1994,21.3,2,8,5,62.5,0.37,0.23,0.25,0.40,11.0,0,0,0,0.8,0.8,0.10,#ERROR!,#ERROR!,Matchs
3,Daniel Aceves,mx MEX,DF,Fire,21,2001,9.5,0,3,0,0.0,0.32,0.00,0.00,,14.1,0,0,0,0.3,0.3,0.11,-0.3,-0.3,Matchs
4,Bryan Acosta,hn HON,MT,Rapids,29,1993,12.4,0,14,5,35.7,1.13,0.40,0.00,0.00,22.1,0,0,0,0.9,0.9,0.06,-0.9,-0.9,Matchs
5,Bryan Acosta,hn HON,MT,Portland Timbers,29,1993,5.1,0,2,0,0.0,0.39,0.00,0.00,,32.4,0,0,0,0.0,0.0,0.01,0.0,0.0,Matchs
6,Kellyn Acosta,us USA,MT,LAFC,27,1995,16.6,0,14,4,28.6,0.84,0.24,0.00,0.00,24.6,4,0,0,0.6,0.6,0.05,-0.6,-0.6,Matchs
7,Luciano Acosta,ar ARG,MT,FC Cincinnati,28,1994,28.9,17,75,31,41.3,2.59,01.07,0.13,0.32,22.5,10,7,8,12.9,6.6,0.09,#ERROR!,#ERROR!,Matchs
8,Sam Adekugbe,ca CAN,"AT,DF",Vancouver W'caps,28,1995,4.5,0,2,0,0.0,0.44,0.00,0.00,,17.6,1,0,0,0.2,0.2,0.08,-0.2,-0.2,Matchs
9,Samuel Adeniran,us USA,AT,St. Louis,24,1998,10.5,8,34,12,35.3,3.22,1.14,0.21,0.58,16.7,0,1,1,3.9,3.1,0.09,#ERROR!,#ERROR!,Matchs
10,Harrison Afful,gh GHA,DF,Charlotte,36,1986,10.6,0,4,1,25.0,0.38,0.09,0.00,0.00,24.4,0,0,0,0.2,0.2,0.04,-0.2,-0.2,Matchs
11,Stephen Afrifa,ca CAN,AT,Sporting KC,21,2001,0.6,0,0,0,,0.00,0.00,,,,0,0,0,0.0,0.0,,0.0,0.0,Matchs
12,William Agada,ng NGA,AT,Sporting KC,23,1999,7.6,3,27,8,29.6,3.53,01.05,0.11,0.38,15.4,0,0,0,3.0,2.9,0.11,0.0,#ERROR!,Matchs
13,Giovanni Aguilar,us USA,MT,Vancouver W'caps,24,1998,0.1,0,0,0,,0.00,0.00,,,,0,0,0,0.0,0.0,,0.0,0.0,Matchs
14,Daniel Aguirre,us USA,"MT,AT",LA Galaxy,23,1999,6.4,1,14,5,35.7,2.20,0.79,0.07,0.20,15.0,0,0,0,1.7,1.7,0.12,-0.7,-0.7,Matchs
15,Patrick Agyemang,us USA,AT,Charlotte,22,2000,2.1,1,7,2,28.6,3.30,0.94,0.14,0.50,13.1,0,0,0,0.4,0.4,0.06,#ERROR!,#ERROR!,Matchs
16,Ali Ahmed,ca CAN,"MT,DF",Vancouver W'caps,22,2000,12.5,2,15,9,60.0,1.20,0.72,0.13,0.22,15.2,0,0,0,2.7,2.7,0.18,-0.7,-0.7,Matchs
17,Carlos Akapo,gq EQG,DF,SJ Earthquakes,29,1993,23.8,2,27,3,11.1,1.13,0.13,0.07,0.67,17.2,0,0,0,1.3,1.3,0.05,#ERROR!,#ERROR!,Matchs
18,Matai Akinmboni,us USA,DF,D.C. United,16,2006,2.0,0,1,0,0.0,0.49,0.00,0.00,,8.0,0,0,0,0.1,0.1,0.10,-0.1,-0.1,Matchs
19,Ayo Akinola,ca CAN,AT,Toronto FC,23,2000,6.2,0,11,3,27.3,1.77,0.48,0.00,0.00,17.3,0,0,0,1.0,1.0,0.10,-1.0,-1.0,Matchs
20,Ayo Akinola,ca CAN,"AT,MT",SJ Earthquakes,23,2000,0.6,0,1,0,0.0,1.64,0.00,0.00,,17.5,0,0,0,0.1,0.1,0.07,-0.1,-0.1,Matchs
21,Joey Akpunonu,us USA,DF,FC Cincinnati,21,2001,0.1,0,0,0,,0.00,0.00,,,,0,0,0,0.0,0.0,,0.0,0.0,Matchs
22,Jordi Alba,es ESP,DF,Inter Miami,33,1989,4.9,1,1,1,100.0,0.21,0.21,1.00,1.00,12.5,0,0,0,0.6,0.6,0.58,#ERROR!,#ERROR!,Matchs
23,Tony Alfaro,us USA,DF,NYCFC,29,1993,4.2,0,1,0,0.0,0.24,0.00,0.00,,11.9,0,0,0,0.0,0.0,0.03,0.0,0.0,Matchs
24,Tony Alfaro,us USA,DF,LA Galaxy,29,1993,4.2,0,0,0,,0.00,0.00,,,,0,0,0,0.0,0.0,,0.0,0.0,Matchs
25,Noah Allen,us USA,DF,Inter Miami,18,2004,13.9,1,9,4,44.4,0.65,0.29,0.11,0.25,21.4,1,0,0,0.8,0.8,0.09,#ERROR!,#ERROR!,Matchs
Clt,Joueur,Nation,Pos,Équipe,Âge,Naissance,90,Buts,Tirs,TC,TC%,Tir/90,TC/90,B/Tir,B/TC,Dist,CF,PénM,PénT,xG,npxG,npxG/Sh,G-xG,np:G-xG,Matchs
26,Rasmus Alm,se SWE,"MT,AT",St. Louis,27,1995,12.2,3,13,8,61.5,01.07,0.66,0.23,0.38,15.5,0,0,0,1.7,1.7,0.13,#ERROR!,#ERROR!,Matchs
27,Thiago Almada,ar ARG,MT,Atlanta Utd,21,2001,30.3,11,106,41,38.7,3.50,1.35,0.08,0.22,23.5,19,2,3,9.5,7.2,0.07,#ERROR!,#ERROR!,Matchs
28,Osvaldo Alonso,cu CUB,MT,Atlanta Utd,37,1985,1.1,0,2,0,0.0,1.86,0.00,0.00,,19.3,0,0,0,0.1,0.1,0.06,-0.1,-0.1,Matchs
29,Jozy Altidore,us USA,AT,NE Revolution,33,1989,2.3,1,4,2,50.0,1.77,0.89,0.25,0.50,9.0,0,0,0,1.2,1.2,0.30,-0.2,-0.2,Matchs
30,Efrain Alvarez,mx MEX,"MT,AT",LA Galaxy,20,2002,4.2,0,8,2,25.0,1.91,0.48,0.00,0.00,17.6,0,0,0,0.4,0.4,0.05,-0.4,-0.4,Matchs
31,Fernando Álvarez,co COL,DF,CF Montréal,19,2003,2.8,0,1,0,0.0,0.35,0.00,0.00,,6.8,0,0,0,0.0,0.0,0.03,0.0,0.0,Matchs
32,Luis Amarilla,py PAR,AT,Minnesota Utd,27,1995,8.2,2,20,6,30.0,2.43,0.73,0.00,0.00,16.4,0,2,2,3.2,1.7,0.08,-1.2,-1.7,Matchs
33,Frankie Amaya,us USA,MT,NY Red Bulls,22,2000,21.3,5,38,9,23.7,1.78,0.42,0.13,0.56,22.2,0,0,0,2.0,2.0,0.05,#ERROR!,#ERROR!,Matchs
34,Malte Amundsen,dk DEN,DF,Crew,24,1998,21.0,3,12,3,25.0,0.57,0.14,0.25,1.00,12.5,0,0,0,1.2,1.2,0.10,#ERROR!,#ERROR!,Matchs
35,Sebastian Anderson,us USA,DF,Rapids,20,2002,3.0,0,1,0,0.0,0.33,0.00,0.00,,20.9,0,0,0,0.0,0.0,0.04,0.0,0.0,Matchs
36,José Andrés Martínez,ve VEN,MT,Philadelphia,28,1994,20.3,3,22,4,18.2,01.09,0.20,0.14,0.75,30.9,0,0,0,0.8,0.8,0.04,#ERROR!,#ERROR!,Matchs
37,Iván Angulo,co COL,"AT,DF",Orlando City,23,1999,27.6,5,45,15,33.3,1.63,0.54,0.11,0.33,16.6,0,0,0,4.9,4.9,0.11,#ERROR!,#ERROR!,Matchs
38,Marco Angulo,ec ECU,MT,FC Cincinnati,20,2002,8.7,0,8,0,0.0,0.92,0.00,0.00,,23.7,0,0,0,0.5,0.5,0.07,-0.5,-0.5,Matchs
39,Eugene Ansah,gh GHA,AT,FC Dallas,28,1994,2.0,1,8,4,50.0,4.00,2.00,0.13,0.25,13.1,0,0,0,1.2,1.2,0.15,-0.2,-0.2,Matchs
40,Themi Antonoglou,ca CAN,"DF,MT",Toronto FC,21,2001,5.3,0,2,1,50.0,0.37,0.19,0.00,0.00,17.6,0,0,0,0.2,0.2,0.10,-0.2,-0.2,Matchs
41,Antony,br BRA,"AT,MT",Portland Timbers,21,2001,2.8,1,4,2,50.0,1.42,0.71,0.25,0.50,11.7,0,0,0,0.4,0.4,0.10,#ERROR!,#ERROR!,Matchs
42,Brian Anunga,cm CMR,MT,Nashville,26,1996,6.3,0,1,1,100.0,0.16,0.16,0.00,0.00,31.4,0,0,0,0.0,0.0,0.03,0.0,0.0,Matchs
43,Cristian Arango,co COL,AT,RSL,27,1995,8.4,6,26,14,53.8,03.09,1.66,0.23,0.43,14.5,1,0,0,3.0,3.0,0.11,#ERROR!,#ERROR!,Matchs
44,César Araujo,uy URU,MT,Orlando City,21,2001,30.3,1,21,6,28.6,0.69,0.20,0.05,0.17,18.2,0,0,0,1.4,1.4,0.07,-0.4,-0.4,Matchs
45,Luiz Araújo,br BRA,AT,Atlanta Utd,26,1996,14.1,3,40,12,30.0,2.84,0.85,0.08,0.25,22.1,0,0,1,3.1,2.3,0.06,-0.1,#ERROR!,Matchs
46,Miguel Araujo,pe PER,DF,Portland Timbers,28,1994,1.9,0,1,0,0.0,0.52,0.00,0.00,,9.2,0,0,0,0.1,0.1,0.05,-0.1,-0.1,Matchs
47,Scott Arfield,ca CAN,"MT,AT",Charlotte,34,1988,4.6,2,11,3,27.3,2.39,0.65,0.18,0.67,19.7,0,0,0,0.9,0.9,0.08,#ERROR!,#ERROR!,Matchs
48,Maximilian Arfsten,us USA,"DF,MT",Crew,21,2001,3.1,2,6,3,50.0,1.96,0.98,0.33,0.67,12.1,0,0,0,1.0,1.0,0.16,#ERROR!,#ERROR!,Matchs
49,Santiago Arias,co COL,DF,FC Cincinnati,31,1992,18.4,2,23,11,47.8,1.25,0.60,0.09,0.18,17.2,0,0,0,3.0,3.0,0.13,-1.0,-1.0,Matchs
50,Xavier Arreaga,ec ECU,"DF,MT",Seattle,28,1994,3.9,0,5,0,0.0,1.27,0.00,0.00,,6.2,0,0,0,0.9,0.9,0.20,-0.9,-0.9,Matchs
Clt,Joueur,Nation,Pos,Équipe,Âge,Naissance,90,Buts,Tirs,TC,TC%,Tir/90,TC/90,B/Tir,B/TC,Dist,CF,PénM,PénT,xG,npxG,npxG/Sh,G-xG,np:G-xG,Matchs
51,Kervin Arriaga,hn HON,MT,Minnesota Utd,25,1998,13.0,2,17,3,17.6,1.31,0.23,0.12,0.67,23.5,6,0,0,0.9,0.9,0.05,#ERROR!,#ERROR!,Matchs
52,Paul Arriola,us USA,"AT,MT",FC Dallas,27,1995,18.4,2,28,9,32.1,1.52,0.49,0.07,0.22,14.5,0,0,0,3.7,3.7,0.13,-1.7,-1.7,Matchs
53,Dixon Arroyo,ec ECU,MT,Inter Miami,30,1992,19.9,1,13,4,30.8,0.65,0.20,0.08,0.25,24.7,0,0,0,0.7,0.7,0.05,#ERROR!,#ERROR!,Matchs
54,Artur,br BRA,MT,Dynamo FC,26,1996,30.3,2,19,5,26.3,0.63,0.17,0.11,0.40,24.1,0,0,0,1.0,1.0,0.05,#ERROR!,#ERROR!,Matchs
55,Yamil Asad,ar ARG,"MT,AT",D.C. United,28,1994,5.8,0,11,4,36.4,1.89,0.69,0.00,0.00,22.6,1,0,0,0.6,0.6,0.05,-0.6,-0.6,Matchs
56,Dairon Asprilla,co COL,"AT,MT",Portland Timbers,30,1992,16.1,5,35,9,25.7,2.17,0.56,0.14,0.56,16.0,0,0,0,2.9,2.9,0.08,#ERROR!,#ERROR!,Matchs
57,Joshua Atencio,us USA,MT,Seattle,21,2002,10.9,1,11,3,27.3,01.01,0.27,0.09,0.33,20.8,0,0,0,0.9,0.9,0.08,#ERROR!,#ERROR!,Matchs
58,Julián Aude,ar ARG,DF,LA Galaxy,19,2003,13.3,0,11,1,9.1,0.83,0.08,0.00,0.00,22.2,0,0,0,0.5,0.5,0.04,-0.5,-0.5,Matchs
59,Tomás Avilés,ar ARG,DF,Inter Miami,18,2004,9.7,1,6,2,33.3,0.62,0.21,0.17,0.50,17.7,0,0,0,0.4,0.4,0.07,#ERROR!,#ERROR!,Matchs
60,David Ayala,ar ARG,MT,Portland Timbers,20,2002,1.8,0,4,1,25.0,2.25,0.56,0.00,0.00,17.4,0,0,0,0.3,0.3,0.09,-0.3,-0.3,Matchs
61,Edison Azcona,do DOM,"MT,DF",Inter Miami,19,2003,0.6,0,2,2,100.0,3.53,3.53,0.00,0.00,15.3,0,0,0,0.1,0.1,0.04,-0.1,-0.1,Matchs
62,Dominique Badji,sn SEN,AT,FC Cincinnati,30,1992,10.2,5,21,12,57.1,02.06,1.18,0.24,0.42,12.9,0,0,0,3.9,3.9,0.19,#ERROR!,#ERROR!,Matchs
63,Corey Baird,us USA,AT,Dynamo FC,27,1996,25.9,8,36,17,47.2,1.39,0.66,0.22,0.47,14.0,0,0,0,7.3,7.3,0.22,#ERROR!,#ERROR!,Matchs
64,Esmir Bajraktarevic,us USA,"AT,MT",NE Revolution,17,2005,5.5,0,15,5,33.3,2.73,0.91,0.00,0.00,14.5,0,0,0,1.8,1.8,0.12,-1.8,-1.8,Matchs
65,Cody Baker,us USA,DF,Seattle,19,2004,7.6,0,1,0,0.0,0.13,0.00,0.00,,25.0,0,0,0,0.0,0.0,0.02,0.0,0.0,Matchs
66,Reed Baker-Whiting,us USA,"DF,AT",Seattle,17,2005,7.1,0,3,1,33.3,0.42,0.14,0.00,0.00,16.7,0,0,0,0.2,0.2,0.05,-0.2,-0.2,Matchs
67,Monsef Bakrar,dz ALG,AT,NYCFC,22,2001,8.4,3,27,8,29.6,3.22,0.95,0.11,0.38,14.7,0,0,1,5.8,5.2,0.19,-2.8,-2.2,Matchs
68,Michael Baldisimo,ph PHI,MT,SJ Earthquakes,22,2000,3.3,0,0,0,,0.00,0.00,,,,0,0,0,0.0,0.0,,0.0,0.0,Matchs
69,Thai Baribo,il ISR,"AT,MT",Philadelphia,25,1998,1.7,0,2,1,50.0,1.18,0.59,0.00,0.00,12.6,0,0,0,0.1,0.1,0.05,-0.1,-0.1,Matchs
70,Tom Barlow,us USA,AT,NY Red Bulls,27,1995,20.5,3,32,15,46.9,1.56,0.73,0.09,0.20,12.1,0,0,0,6.9,6.9,0.22,-3.9,-3.9,Matchs
71,Luis Barraza,us USA,GB,NYCFC,26,1996,24.0,0,0,0,,0.00,0.00,,,,0,0,0,0.0,0.0,,0.0,0.0,Matchs
72,Álvaro Barreal,ar ARG,DF,FC Cincinnati,22,2000,31.3,5,58,13,22.4,1.86,0.42,0.09,0.38,21.7,7,0,0,3.0,3.0,0.05,#ERROR!,#ERROR!,Matchs
73,Michael Barrios,co COL,"AT,MT",Rapids,31,1991,9.3,2,18,9,50.0,1.93,0.97,0.11,0.22,16.3,0,0,0,2.7,2.7,0.15,-0.7,-0.7,Matchs
74,Michael Barrios,co COL,"AT,MT",LA Galaxy,31,1991,1.3,1,5,3,60.0,3.95,2.37,0.20,0.33,13.6,0,0,0,0.6,0.6,0.11,#ERROR!,#ERROR!,Matchs
75,Lucas Bartlett,us USA,DF,St. Louis,25,1997,11.9,0,6,2,33.3,0.51,0.17,0.00,0.00,7.2,0,0,0,0.8,0.8,0.13,-0.8,-0.8,Matchs
Clt,Joueur,Nation,Pos,Équipe,Âge,Naissance,90,Buts,Tirs,TC,TC%,Tir/90,TC/90,B/Tir,B/TC,Dist,CF,PénM,PénT,xG,npxG,npxG/Sh,G-xG,np:G-xG,Matchs
76,Ethan Bartlow,us USA,DF,Dynamo FC,22,2000,22.1,0,11,2,18.2,0.50,0.09,0.00,0.00,13.6,0,0,0,0.9,0.9,0.08,-0.9,-0.9,Matchs
77,Cole Bassett,us USA,"MT,AT",Rapids,21,2001,21.1,6,39,14,35.9,1.85,0.66,0.15,0.43,16.5,2,0,0,3.9,3.9,0.10,#ERROR!,#ERROR!,Matchs
78,Amine Bassi,fr FRA,"MT,AT",Dynamo FC,25,1997,22.2,10,35,11,31.4,1.58,0.50,0.11,0.36,22.5,1,6,6,9.1,4.4,0.13,#ERROR!,-0.4,Matchs
79,Jesús Batiz,us USA,"MT,AT",Toronto FC,23,1999,0.7,0,1,0,0.0,1.41,0.00,0.00,,17.5,0,0,0,0.1,0.1,0.07,-0.1,-0.1,Matchs
80,Josh Bauer,us USA,DF,Nashville,24,1998,5.8,0,2,0,0.0,0.35,0.00,0.00,,9.0,0,0,0,0.3,0.3,0.14,-0.3,-0.3,Matchs
81,Tanner Beason,us USA,DF,SJ Earthquakes,25,1997,15.6,0,8,1,12.5,0.51,0.06,0.00,0.00,10.3,0,0,0,0.8,0.8,0.10,-0.8,-0.8,Matchs
82,Gavin Beavers,us USA,GB,RSL,17,2005,6.5,0,0,0,,0.00,0.00,,,,0,0,0,0.0,0.0,,0.0,0.0,Matchs
83,Simon Becher,us USA,"AT,MT",Vancouver W'caps,23,1999,6.8,4,17,7,41.2,2.50,01.03,0.24,0.57,11.4,0,0,0,2.4,2.4,0.14,#ERROR!,#ERROR!,Matchs
84,Alejandro Bedoya,us USA,MT,Philadelphia,35,1987,22.3,0,28,11,39.3,1.26,0.49,0.00,0.00,12.0,0,0,0,2.2,2.2,0.08,-2.2,-2.2,Matchs
85,Steven Beitashour,ir IRN,DF,Rapids,35,1987,6.7,0,0,0,,0.00,0.00,,,,0,0,0,0.0,0.0,,0.0,0.0,Matchs
86,Jon Bell,jm JAM,DF,St. Louis,25,1997,1.6,0,0,0,,0.00,0.00,,,,0,0,0,0.0,0.0,,0.0,0.0,Matchs
87,Zaydan Bello,au AUS,MT,Minnesota Utd,20,2002,0.2,0,0,0,,0.00,0.00,,,,0,0,0,0.0,0.0,,0.0,0.0,Matchs
88,Nico Benalcázar,us USA,MT,NYCFC,21,2001,0.1,0,0,0,,0.00,0.00,,,,0,0,0,0.0,0.0,,0.0,0.0,Matchs
89,Ben Bender,us USA,"MT,AT",Charlotte,21,2001,10.1,3,17,5,29.4,1.69,0.50,0.18,0.60,17.6,0,0,0,1.5,1.5,0.09,#ERROR!,#ERROR!,Matchs
90,Joe Bendik,us USA,GB,Philadelphia,33,1989,7.6,0,0,0,,0.00,0.00,,,,0,0,0,0.0,0.0,,0.0,0.0,Matchs
91,Christian Benteke,be BEL,AT,D.C. United,32,1990,31.0,14,106,37,34.9,3.42,1.19,0.12,0.35,11.9,0,1,1,16.3,15.5,0.15,-2.3,-2.5,Matchs
92,Sebastian Berhalter,us USA,MT,Vancouver W'caps,21,2001,14.4,2,16,6,37.5,1.11,0.42,0.13,0.33,25.2,2,0,0,0.9,0.9,0.06,#ERROR!,#ERROR!,Matchs
93,Federico Bernardeschi,it ITA,"AT,MT",Toronto FC,28,1994,28.9,5,79,31,39.2,2.73,01.07,0.05,0.13,22.1,14,1,1,5.0,4.3,0.05,0.0,-0.3,Matchs
94,Miguel Berry,es ESP,AT,Atlanta Utd,25,1997,11.5,1,9,3,33.3,0.78,0.26,0.11,0.33,15.9,0,0,0,0.6,0.6,0.06,#ERROR!,#ERROR!,Matchs
95,Aaron Bibout,cm CMR,AT,LA Galaxy,18,2004,0.3,0,1,0,0.0,3.91,0.00,0.00,,14.6,0,0,0,0.1,0.1,0.06,-0.1,-0.1,Matchs
96,David Bingham,us USA,GB,Portland Timbers,33,1989,19.0,0,0,0,,0.00,0.00,,,,0,0,0,0.0,0.0,,0.0,0.0,Matchs
97,Steve Birnbaum,us USA,DF,D.C. United,32,1991,17.9,1,15,4,26.7,0.84,0.22,0.07,0.25,9.6,0,0,0,1.1,1.1,0.08,-0.1,-0.1,Matchs
98,Stipe Biuk,hr CRO,AT,LAFC,20,2002,14.9,3,29,12,41.4,1.94,0.80,0.10,0.25,15.0,0,0,0,3.5,3.5,0.12,-0.5,-0.5,Matchs
99,Tristan Blackmon,us USA,DF,Vancouver W'caps,26,1996,28.0,2,16,4,25.0,0.57,0.14,0.13,0.50,9.8,0,0,0,1.5,1.5,0.09,#ERROR!,#ERROR!,Matchs
100,Andre Blake,jm JAM,GB,Philadelphia,32,1990,26.4,0,0,0,,0.00,0.00,,,,0,0,0,0.0,0.0,,0.0,0.0,Matchs
Clt,Joueur,Nation,Pos,Équipe,Âge,Naissance,90,Buts,Tirs,TC,TC%,Tir/90,TC/90,B/Tir,B/TC,Dist,CF,PénM,PénT,xG,npxG,npxG/Sh,G-xG,np:G-xG,Matchs
101,Sebastián Blanco,ar ARG,"AT,MT",Portland Timbers,34,1988,4.9,1,6,1,16.7,1.23,0.21,0.17,1.00,14.9,0,0,0,0.7,0.7,0.12,#ERROR!,#ERROR!,Matchs
102,Latif Blessing,gh GHA,"AT,MT",Toronto FC,26,1996,1.7,0,1,0,0.0,0.58,0.00,0.00,,10.1,0,0,0,0.3,0.3,0.27,-0.3,-0.3,Matchs
103,Latif Blessing,gh GHA,MT,NE Revolution,26,1996,11.5,0,5,2,40.0,0.44,0.17,0.00,0.00,22.4,0,0,0,0.4,0.4,0.08,-0.4,-0.4,Matchs
104,Njabulo Blom,za RSA,MT,St. Louis,23,1999,21.3,1,13,3,23.1,0.61,0.14,0.08,0.33,26.1,0,0,0,0.4,0.4,0.03,#ERROR!,#ERROR!,Matchs
105,Emmanuel Boateng,gh GHA,"AT,MT",NE Revolution,29,1994,16.0,2,17,6,35.3,01.06,0.38,0.12,0.33,16.6,0,0,0,3.3,3.3,0.22,-1.3,-1.3,Matchs
106,Israel Boatwright,do DOM,"MT,DF",Inter Miami,17,2005,0.8,0,1,1,100.0,1.18,1.18,0.00,0.00,21.1,0,0,0,0.0,0.0,0.04,0.0,0.0,Matchs
107,Mateusz Bogusz,pl POL,"MT,AT",LAFC,21,2001,19.3,3,58,24,41.4,3.00,1.24,0.03,0.08,22.2,7,1,1,3.9,3.1,0.05,-0.9,-1.1,Matchs
108,Franck Boli,ci CIV,AT,Portland Timbers,29,1993,16.2,7,52,20,38.5,3.21,1.24,0.13,0.35,15.3,0,0,0,6.6,6.6,0.13,#ERROR!,#ERROR!,Matchs
109,Joshua Bolma,gh GHA,MT,NE Revolution,20,2002,0.3,0,1,0,0.0,3.33,0.00,0.00,,26.9,0,0,0,0.0,0.0,0.02,0.0,0.0,Matchs
110,Moïse Bombito,ca CAN,DF,Rapids,22,2000,8.3,0,8,2,25.0,0.96,0.24,0.00,0.00,12.5,0,0,0,1.4,1.4,0.18,-1.4,-1.4,Matchs
111,Jonathan Bond,eng ENG,GB,LA Galaxy,29,1993,22.8,0,0,0,,0.00,0.00,,,,0,0,0,0.0,0.0,,0.0,0.0,Matchs
112,Pablo Bonilla,ve VEN,DF,Portland Timbers,23,1999,0.8,0,0,0,,0.00,0.00,,,,0,0,0,0.0,0.0,,0.0,0.0,Matchs
113,Alex Bono,us USA,GB,D.C. United,28,1994,9.5,0,0,0,,0.00,0.00,,,,0,0,0,0.0,0.0,,0.0,0.0,Matchs
114,Shanyder Borgelin,ht HAI,AT,Inter Miami,21,2001,1.6,1,9,4,44.4,5.63,2.50,0.11,0.25,11.8,0,0,0,1.3,1.3,0.18,-0.3,-0.3,Matchs
115,Dylan Borrero,co COL,"AT,MT",NE Revolution,21,2002,5.7,2,16,7,43.8,2.82,1.24,0.13,0.29,18.5,0,0,0,1.0,1.0,0.06,#ERROR!,#ERROR!,Matchs
116,Gustavo Bou,ar ARG,"AT,MT",NE Revolution,32,1990,14.0,7,54,19,35.2,3.85,1.35,0.11,0.32,19.4,3,1,1,4.8,4.0,0.07,#ERROR!,#ERROR!,Matchs
117,Denis Bouanga,ga GAB,AT,LAFC,28,1994,28.1,20,134,51,38.1,4.77,1.81,0.13,0.33,18.6,11,3,3,14.4,12.0,0.09,#ERROR!,#ERROR!,Matchs
118,Ousseni Bouda,bf BFA,"AT,MT",SJ Earthquakes,22,2000,1.7,1,8,1,12.5,4.80,0.60,0.13,1.00,8.8,0,0,0,0.9,0.9,0.11,#ERROR!,#ERROR!,Matchs
119,Aaron Boupendza,ga GAB,AT,FC Cincinnati,26,1996,6.7,5,28,14,50.0,4.16,02.08,0.18,0.36,14.1,0,0,0,5.5,5.5,0.20,-0.5,-0.5,Matchs
120,Michael Boxall,nz NZL,DF,Minnesota Utd,34,1988,31.7,2,13,3,23.1,0.41,0.09,0.15,0.67,12.6,0,0,0,1.7,1.7,0.13,#ERROR!,#ERROR!,Matchs
121,Tyler Boyd,us USA,"AT,MT",LA Galaxy,28,1994,25.8,7,66,27,40.9,2.56,01.05,0.11,0.26,19.1,2,0,0,4.2,4.2,0.06,#ERROR!,#ERROR!,Matchs
122,Michael Bradley,us USA,"MT,DF",Toronto FC,35,1987,16.0,1,6,4,66.7,0.37,0.25,0.17,0.25,19.7,0,0,0,0.8,0.8,0.13,#ERROR!,#ERROR!,Matchs
123,Christopher Brady,us USA,GB,Fire,18,2004,29.3,0,0,0,,0.00,0.00,,,,0,0,0,0.0,0.0,,0.0,0.0,Matchs
124,Zachary Brault-Guillard,ca CAN,"DF,MT",CF Montréal,24,1998,14.5,1,15,3,20.0,01.03,0.21,0.07,0.33,15.6,0,0,0,1.4,1.4,0.09,-0.4,-0.4,Matchs
125,Claudio Bravo,ar ARG,DF,Portland Timbers,25,1997,25.9,2,22,6,27.3,0.85,0.23,0.09,0.33,23.1,0,0,0,0.8,0.8,0.04,#ERROR!,#ERROR!,Matchs
Clt,Joueur,Nation,Pos,Équipe,Âge,Naissance,90,Buts,Tirs,TC,TC%,Tir/90,TC/90,B/Tir,B/TC,Dist,CF,PénM,PénT,xG,npxG,npxG/Sh,G-xG,np:G-xG,Matchs
126,Luke Brennan,us USA,MT,Atlanta Utd,17,2005,0.0,0,0,0,,0.00,0.00,,,,0,0,0,0.0,0.0,,0.0,0.0,Matchs
127,Brenner,br BRA,AT,FC Cincinnati,23,2000,5.9,1,19,9,47.4,3.20,1.52,0.05,0.11,20.6,0,0,0,2.2,2.2,0.12,-1.2,-1.2,Matchs
128,Ethan Bristow,kn SKN,DF,Minnesota Utd,21,2001,6.0,0,0,0,,0.00,0.00,,,,0,0,0,0.0,0.0,,0.0,0.0,Matchs
129,Andrew Brody,us USA,DF,RSL,27,1995,25.2,0,6,3,50.0,0.24,0.12,0.00,0.00,13.7,0,0,0,1.1,1.1,0.19,-1.1,-1.1,Matchs
130,Brandt Bronico,us USA,MT,Charlotte,27,1995,28.8,1,18,4,22.2,0.63,0.14,0.06,0.25,18.2,0,0,0,1.3,1.3,0.07,-0.3,-0.3,Matchs
131,Javain Brown,jm JAM,DF,Vancouver W'caps,23,1999,19.6,1,20,4,20.0,01.02,0.20,0.05,0.25,11.6,0,0,0,1.5,1.4,0.07,-0.5,-0.4,Matchs
132,Gastón Brugman,uy URU,MT,LA Galaxy,30,1992,21.1,2,27,7,25.9,1.28,0.33,0.04,0.14,25.8,6,1,1,1.9,1.1,0.04,#ERROR!,-0.1,Matchs
133,Will Bruin,us USA,AT,Austin,33,1989,3.9,3,8,4,50.0,02.04,01.02,0.38,0.75,9.6,0,0,0,2.1,2.1,0.28,#ERROR!,#ERROR!,Matchs
134,Noel Buck,eng ENG,"MT,AT",NE Revolution,17,2005,19.5,3,17,6,35.3,0.87,0.31,0.18,0.50,22.2,0,0,0,0.7,0.7,0.04,#ERROR!,#ERROR!,Matchs
135,Teal Bunbury,us USA,AT,Nashville,32,1990,18.3,3,42,8,19.0,2.29,0.44,0.07,0.38,14.3,0,0,0,6.3,6.3,0.15,-3.3,-3.3,Matchs
136,Cory Burke,jm JAM,AT,NY Red Bulls,31,1991,10.8,2,33,9,27.3,03.05,0.83,0.06,0.22,14.8,0,0,0,4.8,4.8,0.14,-2.8,-2.8,Matchs
137,Roman Bürki,ch SUI,GB,St. Louis,32,1990,33.0,0,0,0,,0.00,0.00,,,,0,0,0,0.0,0.0,,0.0,0.0,Matchs
138,Kendall Burks,us USA,"DF,MT",Fire,23,1999,5.7,0,3,0,0.0,0.53,0.00,0.00,,6.9,0,0,0,0.4,0.4,0.12,-0.4,-0.4,Matchs
139,Sergio Busquets,es ESP,MT,Inter Miami,34,1988,10.3,0,1,0,0.0,0.10,0.00,0.00,,30.0,1,0,0,0.0,0.0,0.03,0.0,0.0,Matchs
140,Brandon Bye,us USA,DF,NE Revolution,27,1995,18.5,2,11,2,18.2,0.59,0.11,0.18,1.00,12.6,0,0,0,1.6,1.6,0.15,#ERROR!,#ERROR!,Matchs
141,Nathan Byrne,eng ENG,DF,Charlotte,30,1992,28.9,0,6,4,66.7,0.21,0.14,0.00,0.00,20.0,0,0,0,0.4,0.4,0.07,-0.4,-0.4,Matchs
142,Jorge Cabezas,co COL,"AT,MT",NY Red Bulls,19,2003,1.3,0,6,3,50.0,4.50,2.25,0.00,0.00,19.0,0,0,0,0.3,0.3,0.05,-0.3,-0.3,Matchs
143,Kevin Cabral,fr FRA,"AT,MT",Rapids,23,1999,13.1,2,18,12,66.7,1.38,0.92,0.11,0.17,12.4,0,0,0,3.5,3.5,0.19,-1.5,-1.5,Matchs
144,Rémi Cabral,fr FRA,DF,Rapids,23,1999,0.1,0,1,0,0.0,7.50,0.00,0.00,,25.0,0,0,0,0.0,0.0,0.04,0.0,0.0,Matchs
145,Martín Cáceres,uy URU,DF,LA Galaxy,35,1987,14.5,2,5,2,40.0,0.34,0.14,0.40,1.00,20.7,0,0,0,0.5,0.5,0.10,#ERROR!,#ERROR!,Matchs
146,Deiber Caicedo,co COL,"MT,AT",Vancouver W'caps,22,2000,2.2,0,5,2,40.0,2.30,0.92,0.00,0.00,16.0,0,0,0,1.0,1.0,0.21,-1.0,-1.0,Matchs
147,Luís Caicedo,co COL,MT,Dynamo FC,26,1996,13.5,0,3,0,0.0,0.22,0.00,0.00,,31.6,0,0,0,0.1,0.1,0.02,-0.1,-0.1,Matchs
148,Scott Caldwell,us USA,MT,RSL,31,1991,1.9,0,0,0,,0.00,0.00,,,,0,0,0,0.0,0.0,,0.0,0.0,Matchs
149,Lucas Calegari,br BRA,DF,LA Galaxy,20,2002,21.5,0,11,3,27.3,0.51,0.14,0.00,0.00,22.1,0,0,0,0.7,0.7,0.07,-0.7,-0.7,Matchs
150,Noel Caliskan,de GER,MT,Portland Timbers,22,2000,2.9,0,3,0,0.0,01.02,0.00,0.00,,23.2,0,0,0,0.1,0.1,0.04,-0.1,-0.1,Matchs
Clt,Joueur,Nation,Pos,Équipe,Âge,Naissance,90,Buts,Tirs,TC,TC%,Tir/90,TC/90,B/Tir,B/TC,Dist,CF,PénM,PénT,xG,npxG,npxG/Sh,G-xG,np:G-xG,Matchs
151,Drake Callender,us USA,GB,Inter Miami,25,1997,33.0,0,0,0,,0.00,0.00,,,,0,0,0,0.0,0.0,,0.0,0.0,Matchs
152,Rudy Camacho,fr FRA,DF,Crew,31,1991,8.8,0,2,0,0.0,0.23,0.00,0.00,,9.6,0,0,0,0.1,0.1,0.03,-0.1,-0.1,Matchs
153,Rudy Camacho,fr FRA,"DF,MT",CF Montréal,31,1991,17.9,1,8,4,50.0,0.45,0.22,0.13,0.25,11.9,0,0,0,0.6,0.6,0.07,#ERROR!,#ERROR!,Matchs
154,Brandon Cambridge,us USA,"AT,DF",Charlotte,20,2002,1.5,2,4,2,50.0,2.65,1.32,0.50,1.00,11.0,0,0,0,0.8,0.8,0.20,#ERROR!,#ERROR!,Matchs
155,Leonardo Campana,ec ECU,AT,Inter Miami,22,2000,18.2,9,52,22,42.3,2.86,1.21,0.13,0.32,16.2,0,2,3,8.8,6.4,0.13,#ERROR!,#ERROR!,Matchs
156,George Campbell,us USA,DF,CF Montréal,21,2001,20.6,1,5,1,20.0,0.24,0.05,0.20,1.00,12.1,0,0,0,0.5,0.5,0.10,#ERROR!,#ERROR!,Matchs
157,Russell Canouse,us USA,MT,D.C. United,27,1995,24.6,0,11,2,18.2,0.45,0.08,0.00,0.00,21.4,0,0,0,0.4,0.4,0.04,-0.4,-0.4,Matchs
158,Antonio Carlos,br BRA,DF,Orlando City,29,1993,15.7,1,12,6,50.0,0.76,0.38,0.08,0.17,10.1,0,0,0,0.9,0.9,0.07,#ERROR!,#ERROR!,Matchs
159,Wikelman Carmona,ve VEN,"AT,MT",NY Red Bulls,19,2003,7.4,1,19,7,36.8,2.57,0.95,0.05,0.14,22.5,3,0,0,1.3,1.3,0.07,-0.3,-0.3,Matchs
160,Julián Carranza,ar ARG,AT,Philadelphia,22,2000,27.6,14,84,32,38.1,03.04,1.16,0.17,0.44,15.9,1,0,0,12.2,12.2,0.15,#ERROR!,#ERROR!,Matchs
161,Adalberto Carrasquilla,pa PAN,"AT,MT",Dynamo FC,24,1998,22.6,3,35,10,28.6,1.55,0.44,0.09,0.30,18.9,0,0,0,2.9,2.9,0.08,#ERROR!,#ERROR!,Matchs
162,Wilder Cartagena,pe PER,MT,Orlando City,28,1994,21.1,1,11,4,36.4,0.52,0.19,0.09,0.25,22.6,0,0,0,0.7,0.7,0.06,#ERROR!,#ERROR!,Matchs
163,Javier Casas,us USA,MT,Fire,19,2003,0.6,0,1,0,0.0,1.64,0.00,0.00,,28.6,0,0,0,0.0,0.0,0.03,0.0,0.0,Matchs
164,Julio Cascante,cr CRC,DF,Austin,29,1993,22.9,2,26,7,26.9,1.13,0.31,0.08,0.29,9.4,0,0,0,1.8,1.8,0.07,#ERROR!,#ERROR!,Matchs
165,Cristian Cásseres Jr.,ve VEN,MT,NY Red Bulls,23,2000,16.0,1,24,10,41.7,1.50,0.62,0.04,0.10,23.3,6,0,0,1.2,1.2,0.05,-0.2,-0.2,Matchs
166,Robert Castellanos,us USA,DF,Sporting KC,24,1998,7.8,1,3,1,33.3,0.39,0.13,0.33,1.00,9.3,0,0,0,0.3,0.3,0.10,#ERROR!,#ERROR!,Matchs
167,Roman Celentano,us USA,GB,FC Cincinnati,22,2000,33.0,0,0,0,,0.00,0.00,,,,0,0,0,0.0,0.0,,0.0,0.0,Matchs
168,Edwin Cerrillo,us USA,MT,FC Dallas,22,2000,15.1,0,12,1,8.3,0.79,0.07,0.00,0.00,25.6,0,0,0,0.6,0.6,0.05,-0.6,-0.6,Matchs
169,Edwin Cerrillo,us USA,MT,LA Galaxy,22,2000,9.0,0,5,2,40.0,0.56,0.22,0.00,0.00,21.7,0,0,0,0.2,0.2,0.04,-0.2,-0.2,Matchs
170,Tomás Chancalay,ar ARG,"AT,MT",NE Revolution,24,1999,9.5,6,41,12,29.3,4.30,1.26,0.15,0.50,21.9,1,0,0,2.4,2.4,0.06,#ERROR!,#ERROR!,Matchs
171,Maikel Chang,cu CUB,"MT,AT",RSL,31,1991,11.3,0,14,5,35.7,1.24,0.44,0.00,0.00,19.8,2,0,0,0.7,0.7,0.05,-0.7,-0.7,Matchs
172,Maxime Chanot,lu LUX,DF,NYCFC,33,1989,19.0,1,15,4,26.7,0.79,0.21,0.07,0.25,14.5,0,0,0,2.1,2.1,0.14,-1.1,-1.1,Matchs
173,Diego Chará,co COL,MT,Portland Timbers,36,1986,28.5,0,2,0,0.0,0.07,0.00,0.00,,29.5,0,0,0,0.0,0.0,0.02,0.0,0.0,Matchs
174,Yimmi Chará,co COL,AT,Portland Timbers,31,1991,8.2,1,8,1,12.5,0.97,0.12,0.13,1.00,14.2,0,0,0,0.6,0.6,0.08,#ERROR!,#ERROR!,Matchs
175,Yevhen Cheberko,ua UKR,DF,Crew,25,1998,2.2,0,0,0,,0.00,0.00,,,,0,0,0,0.0,0.0,,0.0,0.0,Matchs
Clt,Joueur,Nation,Pos,Équipe,Âge,Naissance,90,Buts,Tirs,TC,TC%,Tir/90,TC/90,B/Tir,B/TC,Dist,CF,PénM,PénT,xG,npxG,npxG/Sh,G-xG,np:G-xG,Matchs
176,Giorgio Chiellini,it ITA,DF,LAFC,38,1984,15.2,1,8,2,25.0,0.53,0.13,0.13,0.50,8.9,0,0,0,0.9,0.9,0.11,#ERROR!,#ERROR!,Matchs
177,Mathieu Choiniere,ca CAN,"MT,DF",CF Montréal,23,1999,27.0,5,38,16,42.1,1.41,0.59,0.11,0.25,20.1,0,1,1,3.3,2.5,0.06,#ERROR!,#ERROR!,Matchs
178,Léo Chú,br BRA,AT,Seattle,22,2000,22.8,5,42,16,38.1,1.84,0.70,0.12,0.31,17.6,0,0,0,4.7,4.7,0.11,#ERROR!,#ERROR!,Matchs
179,José Cifuentes,ec ECU,MT,LAFC,23,1999,15.1,1,29,4,13.8,1.92,0.26,0.03,0.25,20.5,3,0,0,1.9,1.9,0.06,-0.9,-0.9,Matchs
180,Cam Cilley,us USA,"AT,MT",SJ Earthquakes,22,2000,0.0,0,0,0,,0.00,0.00,,,,0,0,0,0.0,0.0,,0.0,0.0,Matchs
181,Abdoulaye Cissoko,fr FRA,DF,Seattle,23,1999,1.0,0,0,0,,0.00,0.00,,,,0,0,0,0.0,0.0,,0.0,0.0,Matchs
182,Steve Clark,us USA,GB,Dynamo FC,36,1986,33.0,0,0,0,,0.00,0.00,,,,0,0,0,0.0,0.0,,0.0,0.0,Matchs
183,Stefan Cleveland,us USA,GB,Seattle,28,1994,2.0,0,0,0,,0.00,0.00,,,,0,0,0,0.0,0.0,,0.0,0.0,Matchs
184,Noah Cobb,us USA,DF,Atlanta Utd,17,2005,2.2,0,0,0,,0.00,0.00,,,,0,0,0,0.0,0.0,,0.0,0.0,Matchs
185,Alonso Coello,es ESP,MT,Toronto FC,23,1999,14.3,0,6,1,16.7,0.42,0.07,0.00,0.00,22.6,1,0,0,0.3,0.3,0.05,-0.3,-0.3,Matchs
186,Jackson Conway,us USA,AT,Atlanta Utd,21,2001,0.6,0,1,1,100.0,1.64,1.64,0.00,0.00,22.5,0,0,0,0.0,0.0,0.03,0.0,0.0,Matchs
187,Enzo Copetti,ar ARG,AT,Charlotte,27,1996,22.0,6,35,14,40.0,1.59,0.64,0.14,0.36,11.9,0,1,1,5.9,5.1,0.15,#ERROR!,-0.1,Matchs
188,Gabriele Corbo,it ITA,DF,CF Montréal,23,2000,25.4,0,17,3,17.6,0.67,0.12,0.00,0.00,29.0,1,0,0,0.6,0.6,0.03,-0.6,-0.6,Matchs
189,Sergio Córdova,ve VEN,"AT,MT",Vancouver W'caps,25,1997,9.4,2,19,8,42.1,02.03,0.86,0.11,0.25,16.4,0,0,0,2.8,2.8,0.15,-0.8,-0.8,Matchs
190,Carlos Coronel,py PAR,GB,NY Red Bulls,26,1996,34.0,0,0,0,,0.00,0.00,,,,0,0,0,0.0,0.0,,0.0,0.0,Matchs
191,Guzmán Corujo,uy URU,DF,Charlotte,26,1996,3.9,0,3,0,0.0,0.76,0.00,0.00,,13.0,0,0,0,0.1,0.1,0.03,-0.1,-0.1,Matchs
192,Douglas Costa,br BRA,"AT,MT",LA Galaxy,32,1990,13.5,3,39,10,25.6,2.88,0.74,0.08,0.30,23.9,9,0,0,3.5,3.5,0.09,-0.5,-0.5,Matchs
193,Séga Coulibaly,fr FRA,DF,LA Galaxy,26,1996,1.0,0,0,0,,0.00,0.00,,,,0,0,0,0.0,0.0,,0.0,0.0,Matchs
194,Cade Cowell,us USA,AT,SJ Earthquakes,19,2003,17.1,1,40,10,25.0,2.34,0.59,0.03,0.10,16.8,0,0,0,4.8,4.8,0.12,-3.8,-3.8,Matchs
195,Ben Cremaschi,us USA,"MT,AT",Inter Miami,17,2005,19.9,2,25,7,28.0,1.25,0.35,0.08,0.29,16.9,0,0,0,2.2,2.2,0.09,-0.2,-0.2,Matchs
196,Maxime Crépeau,ca CAN,GB,LAFC,28,1994,7.0,0,0,0,,0.00,0.00,,,,0,0,0,0.0,0.0,,0.0,0.0,Matchs
197,Daniel Crisostomo,us USA,MT,LAFC,26,1997,3.1,0,1,0,0.0,0.32,0.00,0.00,,15.7,0,0,0,0.0,0.0,0.02,0.0,0.0,Matchs
198,Andrés Cubas,py PAR,MT,Vancouver W'caps,26,1996,23.8,0,5,2,40.0,0.21,0.08,0.00,0.00,31.6,0,0,0,0.1,0.1,0.02,-0.1,-0.1,Matchs
199,Cucho,co COL,AT,Crew,23,1999,26.3,16,160,53,33.1,06.08,02.01,0.07,0.21,18.2,6,5,5,20.2,16.3,0.10,-4.2,-5.3,Matchs
200,Mauricio Cuevas,us USA,DF,LA Galaxy,19,2003,4.7,0,0,0,,0.00,0.00,,,,0,0,0,0.0,0.0,,0.0,0.0,Matchs
Clt,Joueur,Nation,Pos,Équipe,Âge,Naissance,90,Buts,Tirs,TC,TC%,Tir/90,TC/90,B/Tir,B/TC,Dist,CF,PénM,PénT,xG,npxG,npxG/Sh,G-xG,np:G-xG,Matchs
201,Braian Cufré,ar ARG,DF,NYCFC,26,1996,20.7,2,24,6,25.0,1.16,0.29,0.08,0.33,19.2,2,0,0,1.3,1.3,0.05,#ERROR!,#ERROR!,Matchs
202,Antony Curic,ca CAN,DF,Toronto FC,22,2001,0.0,0,0,0,,0.00,0.00,,,,0,0,0,0.0,0.0,,0.0,0.0,Matchs
203,Rafael Czichos,de GER,DF,Fire,32,1990,27.9,2,15,7,46.7,0.54,0.25,0.07,0.14,8.9,0,1,1,3.7,2.9,0.19,-1.7,-1.9,Matchs
204,Cristián Dajome,co COL,"AT,DF",D.C. United,29,1994,8.7,2,11,6,54.5,1.27,0.69,0.18,0.33,15.6,0,0,0,1.2,1.2,0.11,#ERROR!,#ERROR!,Matchs
205,Cristián Dajome,co COL,"MT,AT",Vancouver W'caps,29,1994,3.3,0,8,2,25.0,2.42,0.61,0.00,0.00,19.3,0,0,0,0.5,0.5,0.06,-0.5,-0.5,Matchs
206,Dagur Dan Þórhallsson,is ISL,"DF,MT",Orlando City,22,2000,13.4,2,13,3,23.1,0.97,0.22,0.15,0.67,21.4,0,0,0,1.8,1.8,0.14,#ERROR!,#ERROR!,Matchs
207,Daniel,br BRA,GB,SJ Earthquakes,28,1994,21.6,0,0,0,,0.00,0.00,,,,0,0,0,0.0,0.0,,0.0,0.0,Matchs
208,Jesús Daniel Bueno,ve VEN,MT,Philadelphia,23,1999,10.7,0,12,5,41.7,1.12,0.47,0.00,0.00,22.7,0,0,0,0.7,0.7,0.06,-0.7,-0.7,Matchs
209,Juan David Mosquera,co COL,DF,Portland Timbers,20,2002,26.7,2,25,10,40.0,0.94,0.37,0.08,0.20,19.3,0,0,0,2.1,2.1,0.08,-0.1,-0.1,Matchs
210,Bode Davis,us USA,DF,RSL,20,2002,13.1,0,8,1,12.5,0.61,0.08,0.00,0.00,24.1,0,0,0,0.7,0.7,0.09,-0.7,-0.7,Matchs
211,Erick Davis,pa PAN,DF,D.C. United,31,1991,6.0,0,3,0,0.0,0.50,0.00,0.00,,24.7,2,0,0,0.2,0.2,0.05,-0.2,-0.2,Matchs
212,Jake Davis,us USA,DF,Sporting KC,21,2002,22.6,0,7,1,14.3,0.31,0.04,0.00,0.00,29.5,0,0,0,0.1,0.1,0.02,-0.1,-0.1,Matchs
213,Sean Davis,us USA,MT,Nashville,29,1993,20.8,0,12,1,8.3,0.58,0.05,0.00,0.00,18.6,0,0,0,0.8,0.8,0.06,-0.8,-0.8,Matchs
214,Jonathan Dean,us USA,DF,Fire,25,1997,15.3,0,0,0,,0.00,0.00,,,,0,0,0,0.0,0.0,,0.0,0.0,Matchs
215,Miloš Degenek,au AUS,DF,Crew,28,1994,9.5,0,3,0,0.0,0.31,0.00,0.00,,17.7,0,0,0,0.1,0.1,0.04,-0.1,-0.1,Matchs
216,Brecht Dejaegere,be BEL,"AT,MT",Charlotte,31,1991,5.3,1,12,3,25.0,2.25,0.56,0.08,0.33,14.6,0,0,0,1.1,1.1,0.09,-0.1,-0.1,Matchs
217,Marky Delgado,us USA,MT,LA Galaxy,27,1995,25.7,2,21,5,23.8,0.82,0.19,0.10,0.40,19.6,0,0,0,1.8,1.8,0.09,#ERROR!,#ERROR!,Matchs
218,Luis Díaz,cr CRC,AT,Rapids,24,1998,1.0,0,5,3,60.0,4.89,2.93,0.00,0.00,19.9,0,0,0,0.3,0.3,0.06,-0.3,-0.3,Matchs
219,Luis Díaz,cr CRC,"DF,MT",Crew,24,1998,0.9,0,0,0,,0.00,0.00,,,,0,0,0,0.0,0.0,,0.0,0.0,Matchs
220,Bakaye Dibassy,ml MLI,DF,Minnesota Utd,33,1989,5.3,0,3,1,33.3,0.56,0.19,0.00,0.00,21.2,0,0,0,0.1,0.1,0.03,-0.1,-0.1,Matchs
221,Adama Diomande,no NOR,AT,Toronto FC,32,1990,1.8,0,1,0,0.0,0.54,0.00,0.00,,17.1,0,0,0,0.1,0.1,0.07,-0.1,-0.1,Matchs
222,Clément Diop,sn SEN,GB,Atlanta Utd,29,1993,1.5,0,0,0,,0.00,0.00,,,,0,0,0,0.0,0.0,,0.0,0.0,Matchs
223,Hamady Diop,sn SEN,"DF,MT",Charlotte,20,2002,0.4,0,0,0,,0.00,0.00,,,,0,0,0,0.0,0.0,,0.0,0.0,Matchs
224,Sofiane Djeffal,fr FRA,MT,Austin,23,1999,3.5,0,1,0,0.0,0.29,0.00,0.00,,15.9,0,0,0,0.1,0.1,0.06,-0.1,-0.1,Matchs
225,Ethan Dobbelaere,us USA,AT,Seattle,20,2002,1.1,0,1,0,0.0,0.93,0.00,0.00,,15.4,0,0,0,0.0,0.0,0.04,0.0,0.0,Matchs
Clt,Joueur,Nation,Pos,Équipe,Âge,Naissance,90,Buts,Tirs,TC,TC%,Tir/90,TC/90,B/Tir,B/TC,Dist,CF,PénM,PénT,xG,npxG,npxG/Sh,G-xG,np:G-xG,Matchs
226,Ronald Donkor,ml MLI,"MT,DF",NY Red Bulls,18,2004,0.5,0,0,0,,0.00,0.00,,,,0,0,0,0.0,0.0,,0.0,0.0,Matchs
227,Christopher Donovan,us USA,AT,Philadelphia,22,2000,4.3,1,7,3,42.9,1.62,0.69,0.14,0.33,13.7,0,0,0,1.4,1.4,0.19,-0.4,-0.4,Matchs
228,Griffin Dorsey,us USA,DF,Dynamo FC,23,1999,11.4,3,11,5,45.5,0.96,0.44,0.27,0.60,15.6,0,0,0,0.5,0.5,0.05,#ERROR!,#ERROR!,Matchs
229,C.J. dos Santos,us USA,GB,Inter Miami,22,2000,1.0,0,0,0,,0.00,0.00,,,,0,0,0,0.0,0.0,,0.0,0.0,Matchs
230,Hassani Dotson,us USA,"MT,AT",Minnesota Utd,25,1997,28.6,3,49,15,30.6,1.71,0.52,0.06,0.20,18.4,2,0,0,5.1,5.1,0.10,-2.1,-2.1,Matchs
231,Ousmane Doumbia,ci CIV,MT,Fire,30,1992,9.0,0,4,0,0.0,0.44,0.00,0.00,,22.6,0,0,0,0.2,0.2,0.04,-0.2,-0.2,Matchs
232,Sebastián Driussi,ar ARG,"MT,AT",Austin,26,1996,25.6,11,74,29,39.2,2.89,1.13,0.12,0.31,18.3,4,2,2,10.3,8.8,0.12,#ERROR!,#ERROR!,Matchs
233,Erik Duenas,us USA,"MT,DF",LAFC,18,2004,8.4,0,10,1,10.0,1.19,0.12,0.00,0.00,24.7,0,0,0,0.6,0.6,0.06,-0.6,-0.6,Matchs
234,Bryce Duke,us USA,MT,Inter Miami,21,2001,4.9,0,3,1,33.3,0.62,0.21,0.00,0.00,18.3,0,0,0,0.3,0.3,0.08,-0.3,-0.3,Matchs
235,Bryce Duke,us USA,"MT,AT",CF Montréal,21,2001,16.3,2,25,9,36.0,1.54,0.55,0.08,0.22,23.5,2,0,0,1.7,1.7,0.07,#ERROR!,#ERROR!,Matchs
236,Cameron Duke,us USA,DF,Sporting KC,21,2001,1.5,0,0,0,,0.00,0.00,,,,0,0,0,0.0,0.0,,0.0,0.0,Matchs
237,Cameron Dunbar,us USA,"MT,AT",Minnesota Utd,20,2002,1.3,0,2,0,0.0,1.59,0.00,0.00,,16.9,0,0,0,0.2,0.2,0.08,-0.2,-0.2,Matchs
238,Kyle Duncan,us USA,DF,NY Red Bulls,25,1997,20.5,0,13,4,30.8,0.63,0.19,0.00,0.00,22.1,0,0,0,0.8,0.8,0.06,-0.8,-0.8,Matchs
239,Chris Durkin,us USA,MT,D.C. United,22,2000,21.9,3,20,5,25.0,0.91,0.23,0.15,0.60,23.4,0,0,0,1.3,1.3,0.06,#ERROR!,#ERROR!,Matchs
240,Jeremy Ebobisse,us USA,AT,SJ Earthquakes,25,1997,32.9,10,62,20,32.3,1.88,0.61,0.15,0.45,16.1,3,1,1,9.5,8.7,0.14,#ERROR!,#ERROR!,Matchs
241,Daniel Edelman,us USA,MT,NY Red Bulls,19,2003,20.6,1,10,2,20.0,0.49,0.10,0.10,0.50,26.7,0,0,0,0.3,0.3,0.03,#ERROR!,#ERROR!,Matchs
242,Earl Edwards Jr.,us USA,GB,NE Revolution,31,1992,10.0,0,0,0,,0.00,0.00,,,,0,0,0,0.0,0.0,,0.0,0.0,Matchs
243,Raheem Edwards,ca CAN,DF,LA Galaxy,27,1995,20.8,2,17,6,35.3,0.82,0.29,0.12,0.33,17.1,0,0,0,1.1,1.1,0.06,#ERROR!,#ERROR!,Matchs
244,Jack Elliott,eng ENG,DF,Philadelphia,27,1995,31.0,0,32,3,9.4,01.03,0.10,0.00,0.00,12.7,3,0,0,2.8,2.8,0.09,-2.8,-2.8,Matchs
245,Herbert Endeley,us USA,"MT,AT",FC Dallas,21,2001,2.4,0,1,1,100.0,0.42,0.42,0.00,0.00,15.5,0,0,0,0.0,0.0,0.04,0.0,0.0,Matchs
246,Emeka Eneli,us USA,"DF,MT",RSL,23,1999,14.7,0,3,1,33.3,0.20,0.07,0.00,0.00,22.3,0,0,0,0.2,0.2,0.06,-0.2,-0.2,Matchs
247,Ramiro Enrique,ar ARG,AT,Orlando City,21,2001,11.5,4,35,8,22.9,03.03,0.69,0.11,0.50,14.4,0,0,0,4.1,4.1,0.12,-0.1,-0.1,Matchs
248,Franco Escobar,ar ARG,DF,Dynamo FC,27,1995,24.7,2,18,10,55.6,0.73,0.40,0.11,0.20,14.4,0,0,0,1.6,1.6,0.09,#ERROR!,#ERROR!,Matchs
249,Cristian Espinoza,ar ARG,"AT,MT",SJ Earthquakes,27,1995,33.7,13,59,27,45.8,1.75,0.80,0.15,0.33,22.4,6,4,4,7.9,4.7,0.08,#ERROR!,#ERROR!,Matchs
250,Roger Espinoza,hn HON,MT,Sporting KC,36,1986,8.1,0,12,5,41.7,1.48,0.62,0.00,0.00,20.1,0,0,0,0.6,0.6,0.05,-0.6,-0.6,Matchs
Clt,Joueur,Nation,Pos,Équipe,Âge,Naissance,90,Buts,Tirs,TC,TC%,Tir/90,TC/90,B/Tir,B/TC,Dist,CF,PénM,PénT,xG,npxG,npxG/Sh,G-xG,np:G-xG,Matchs
251,Derrick Etienne,ht HAI,"AT,MT",Atlanta Utd,26,1996,11.6,0,10,2,20.0,0.86,0.17,0.00,0.00,14.9,0,0,0,1.4,1.4,0.14,-1.4,-1.4,Matchs
252,Evander,br BRA,"MT,AT",Portland Timbers,24,1998,24.5,9,72,29,40.3,2.93,1.18,0.11,0.28,23.3,17,1,1,7.0,6.2,0.09,#ERROR!,#ERROR!,Matchs
253,Diego Fagúndez,uy URU,"AT,MT",Austin,27,1995,11.4,2,19,7,36.8,1.67,0.62,0.11,0.29,20.1,5,0,0,1.4,1.4,0.08,#ERROR!,#ERROR!,Matchs
254,Diego Fagúndez,uy URU,"AT,MT",LA Galaxy,27,1995,6.4,1,5,3,60.0,0.78,0.47,0.20,0.33,13.9,0,0,0,0.3,0.3,0.06,#ERROR!,#ERROR!,Matchs
255,José Fajardo,pa PAN,"AT,MT",D.C. United,29,1993,2.7,0,7,1,14.3,2.57,0.37,0.00,0.00,12.0,0,0,0,0.7,0.7,0.10,-0.7,-0.7,Matchs
256,Mamadou Fall,sn SEN,DF,LAFC,20,2002,1.0,0,1,0,0.0,1.00,0.00,0.00,,11.6,0,0,0,0.1,0.1,0.06,-0.1,-0.1,Matchs
257,Marco Farfan,us USA,DF,FC Dallas,24,1998,29.8,1,11,3,27.3,0.37,0.10,0.09,0.33,13.0,0,0,0,0.8,0.8,0.08,#ERROR!,#ERROR!,Matchs
258,Jordan Faria,ca CAN,AT,Toronto FC,22,2000,0.3,0,0,0,,0.00,0.00,,,,0,0,0,0.0,0.0,,0.0,0.0,Matchs
259,Facundo Farías,ar ARG,"AT,MT",Inter Miami,20,2002,9.3,3,23,6,26.1,2.48,0.65,0.13,0.50,19.9,0,0,0,1.7,1.7,0.07,#ERROR!,#ERROR!,Matchs
260,Andrew Farrell,us USA,DF,NE Revolution,30,1992,21.5,0,1,0,0.0,0.05,0.00,0.00,,9.7,0,0,0,0.1,0.1,0.06,-0.1,-0.1,Matchs
261,Mohamed Farsi,ca CAN,"DF,MT",Crew,23,1999,24.0,0,8,2,25.0,0.33,0.08,0.00,0.00,13.6,0,0,0,1.0,1.0,0.13,-1.0,-1.0,Matchs
262,Felipe,br BRA,MT,Orlando City,32,1990,6.3,0,9,3,33.3,1.43,0.48,0.00,0.00,19.2,1,0,0,0.8,0.8,0.08,-0.8,-0.8,Matchs
263,Julián Fernández,ar ARG,"AT,MT",NYCFC,19,2004,3.6,2,15,6,40.0,4.18,1.67,0.13,0.33,17.8,1,0,0,1.1,1.1,0.07,#ERROR!,#ERROR!,Matchs
264,Omir Fernandez,us USA,"MT,AT",NY Red Bulls,23,1999,19.4,6,38,15,39.5,1.96,0.77,0.11,0.27,15.8,0,2,2,5.8,4.2,0.11,#ERROR!,-0.2,Matchs
265,Jesús Ferreira,us USA,AT,FC Dallas,22,2000,25.2,12,61,23,37.7,2.42,0.91,0.18,0.48,15.4,4,1,1,9.6,8.8,0.15,#ERROR!,#ERROR!,Matchs
266,Sebastián Ferreira,py PAR,AT,Dynamo FC,24,1998,3.4,0,7,3,42.9,02.09,0.89,0.00,0.00,14.1,0,0,0,0.8,0.8,0.12,-0.8,-0.8,Matchs
267,Ethan Finlay,us USA,"AT,MT",Austin,32,1990,18.8,5,25,10,40.0,1.33,0.53,0.20,0.50,13.1,0,0,0,4.0,4.0,0.16,#ERROR!,#ERROR!,Matchs
268,Nicolas Firmino,us USA,MT,Atlanta Utd,22,2001,0.0,1,1,1,100.0,22.50,22.50,1.00,1.00,9.5,0,0,0,0.1,0.1,0.12,#ERROR!,#ERROR!,Matchs
269,Leon Flach,us USA,MT,Philadelphia,21,2001,19.9,1,9,1,11.1,0.45,0.05,0.11,1.00,18.8,0,0,0,0.5,0.5,0.06,#ERROR!,#ERROR!,Matchs
270,Kristian Fletcher,us USA,"AT,MT",D.C. United,17,2005,1.5,0,2,1,50.0,1.35,0.68,0.00,0.00,17.2,0,0,0,0.1,0.1,0.06,-0.1,-0.1,Matchs
271,Danny Flores,us USA,MT,Sporting KC,20,2002,0.1,0,0,0,,0.00,0.00,,,,0,0,0,0.0,0.0,,0.0,0.0,Matchs
272,CJ Fodrey,us USA,"DF,AT",Austin,18,2004,0.4,0,0,0,,0.00,0.00,,,,0,0,0,0.0,0.0,,0.0,0.0,Matchs
273,Nathan Fogaça,br BRA,AT,Portland Timbers,23,1999,6.3,1,14,5,35.7,2.23,0.80,0.07,0.20,14.0,0,0,0,1.5,1.5,0.11,-0.5,-0.5,Matchs
274,Andreu Fontàs,es ESP,DF,Sporting KC,33,1989,26.6,0,13,1,7.7,0.49,0.04,0.00,0.00,13.0,0,0,0,0.7,0.7,0.05,-0.7,-0.7,Matchs
275,Ajani Fortune,tt TRI,MT,Atlanta Utd,20,2002,4.2,0,5,0,0.0,1.20,0.00,0.00,,18.3,0,0,0,0.7,0.7,0.15,-0.7,-0.7,Matchs
Clt,Joueur,Nation,Pos,Équipe,Âge,Naissance,90,Buts,Tirs,TC,TC%,Tir/90,TC/90,B/Tir,B/TC,Dist,CF,PénM,PénT,xG,npxG,npxG/Sh,G-xG,np:G-xG,Matchs
276,Taxiarchis Fountas,gr GRE,"AT,MT",D.C. United,27,1995,12.2,6,51,18,35.3,4.18,1.47,0.10,0.28,20.6,3,1,1,5.6,4.8,0.09,#ERROR!,#ERROR!,Matchs
277,Franco Fragapane,ar ARG,"MT,AT",Minnesota Utd,29,1993,14.8,1,19,9,47.4,1.29,0.61,0.05,0.11,13.4,0,0,0,2.5,2.5,0.13,-1.5,-1.5,Matchs
278,Iván Franco,py PAR,"AT,MT",Dynamo FC,22,2000,11.8,3,27,12,44.4,2.28,01.01,0.11,0.25,11.5,0,0,0,3.4,3.4,0.13,-0.4,-0.4,Matchs
279,Kobe Franklin,ca CAN,"DF,MT",Toronto FC,19,2003,24.1,0,10,1,10.0,0.41,0.04,0.00,0.00,20.4,0,0,0,0.5,0.5,0.05,-0.5,-0.5,Matchs
280,Liam Fraser,ca CAN,MT,FC Dallas,24,1998,4.1,0,3,0,0.0,0.73,0.00,0.00,,17.4,0,0,0,0.2,0.2,0.07,-0.2,-0.2,Matchs
281,Ian Fray,us USA,"DF,MT",Inter Miami,20,2002,7.3,1,6,4,66.7,0.82,0.55,0.17,0.25,19.0,0,0,0,0.2,0.2,0.04,#ERROR!,#ERROR!,Matchs
282,Alexander Freeman,us USA,DF,Orlando City,18,2004,0.0,0,0,0,,0.00,0.00,,,,0,0,0,0.0,0.0,,0.0,0.0,Matchs
283,Matt Freese,us USA,GB,NYCFC,24,1998,10.0,0,0,0,,0.00,0.00,,,,0,0,0,0.0,0.0,,0.0,0.0,Matchs
284,Stefan Frei,ch SUI,GB,Seattle,36,1986,32.0,0,0,0,,0.00,0.00,,,,0,0,0,0.0,0.0,,0.0,0.0,Matchs
285,Ray Gaddis,us USA,DF,FC Cincinnati,33,1990,13.9,0,2,0,0.0,0.14,0.00,0.00,,16.6,0,0,0,0.1,0.1,0.03,-0.1,-0.1,Matchs
286,Julian Gaines,us USA,DF,LAFC,20,2002,0.7,0,0,0,,0.00,0.00,,,,0,0,0,0.0,0.0,,0.0,0.0,Matchs
287,McKinze Gaines,us USA,"AT,MT",Charlotte,24,1998,8.2,1,7,3,42.9,0.85,0.37,0.14,0.33,17.8,0,0,0,0.5,0.5,0.07,#ERROR!,#ERROR!,Matchs
288,Jon Gallagher,ie IRL,"DF,MT",Austin,26,1996,31.0,5,26,9,34.6,0.84,0.29,0.19,0.56,20.2,0,0,0,2.5,2.5,0.10,#ERROR!,#ERROR!,Matchs
289,Pedro Gallese,pe PER,GB,Orlando City,32,1990,30.0,0,0,0,,0.00,0.00,,,,0,0,0,0.0,0.0,,0.0,0.0,Matchs
290,Braian Galván,ar ARG,"AT,DF",Rapids,22,2000,7.4,1,9,2,22.2,1.22,0.27,0.00,0.00,27.9,3,1,1,1.1,0.3,0.04,-0.1,-0.3,Matchs
291,Mender García,co COL,"AT,MT",Minnesota Utd,24,1998,11.4,3,25,8,32.0,2.19,0.70,0.12,0.38,12.7,0,0,0,4.3,4.3,0.17,-1.3,-1.3,Matchs
292,Chase Gasper,us USA,DF,Dynamo FC,27,1996,2.3,0,0,0,,0.00,0.00,,,,0,0,0,0.0,0.0,,0.0,0.0,Matchs
293,Ryan Gauld,sct SCO,"AT,MT",Vancouver W'caps,27,1995,29.2,11,68,20,29.4,2.33,0.68,0.07,0.25,18.7,3,6,8,14.0,7.7,0.11,-3.0,-2.7,Matchs
294,Luka Gavran,ca CAN,GB,Toronto FC,22,2000,4.0,0,0,0,,0.00,0.00,,,,0,0,0,0.0,0.0,,0.0,0.0,Matchs
295,Dániel Gazdag,hu HUN,MT,Philadelphia,26,1996,30.3,14,54,18,33.3,1.78,0.59,0.06,0.17,23.8,0,11,11,13.6,4.9,0.09,#ERROR!,-1.9,Matchs
296,Geovane,br BRA,DF,FC Dallas,21,2001,11.0,0,11,4,36.4,1.00,0.36,0.00,0.00,18.9,0,0,0,0.4,0.4,0.04,-0.4,-0.4,Matchs
297,Alex Gersbach,au AUS,"DF,MT",Rapids,25,1997,2.9,0,1,0,0.0,0.34,0.00,0.00,,25.8,1,0,0,0.1,0.1,0.06,-0.1,-0.1,Matchs
298,Giorgos Giakoumakis,gr GRE,AT,Atlanta Utd,28,1994,19.8,17,66,31,47.0,3.34,1.57,0.26,0.55,13.9,0,0,0,12.6,12.6,0.19,#ERROR!,#ERROR!,Matchs
299,Carles Gil,es ESP,MT,NE Revolution,30,1992,29.1,11,75,29,38.7,2.58,1.00,0.12,0.31,23.7,13,2,2,7.6,6.0,0.08,#ERROR!,#ERROR!,Matchs
300,Nacho Gil,es ESP,"AT,DF",NE Revolution,27,1995,5.8,0,4,1,25.0,0.68,0.17,0.00,0.00,15.6,0,0,0,0.2,0.2,0.04,-0.2,-0.2,Matchs
Clt,Joueur,Nation,Pos,Équipe,Âge,Naissance,90,Buts,Tirs,TC,TC%,Tir/90,TC/90,B/Tir,B/TC,Dist,CF,PénM,PénT,xG,npxG,npxG/Sh,G-xG,np:G-xG,Matchs
301,Gastón Giménez,py PAR,MT,Fire,31,1991,24.4,1,26,4,15.4,01.06,0.16,0.04,0.25,22.8,2,0,0,1.6,1.6,0.06,-0.6,-0.6,Matchs
302,Nicholas Gioacchini,us USA,"AT,MT",St. Louis,22,2000,23.3,10,43,20,46.5,1.85,0.86,0.21,0.45,11.2,0,1,1,7.5,6.7,0.17,#ERROR!,#ERROR!,Matchs
303,Justen Glad,us USA,DF,RSL,25,1997,30.2,5,15,7,46.7,0.50,0.23,0.33,0.71,10.0,0,0,0,2.3,2.3,0.15,#ERROR!,#ERROR!,Matchs
304,Jakob Glesnes,no NOR,DF,Philadelphia,28,1994,31.0,2,22,7,31.8,0.71,0.23,0.09,0.29,20.9,2,0,0,1.2,1.2,0.06,#ERROR!,#ERROR!,Matchs
305,Caden Glover,us USA,MT,St. Louis,15,2007,0.2,0,0,0,,0.00,0.00,,,,0,0,0,0.0,0.0,,0.0,0.0,Matchs
306,Aníbal Godoy,pa PAN,MT,Nashville,32,1990,18.5,0,7,3,42.9,0.38,0.16,0.00,0.00,17.6,0,0,0,0.6,0.6,0.08,-0.6,-0.6,Matchs
307,Yeimar Gómez Andrade,co COL,DF,Seattle,30,1992,32.1,2,18,4,22.2,0.56,0.12,0.11,0.50,10.6,0,0,0,1.6,1.6,0.09,#ERROR!,#ERROR!,Matchs
308,Carlos Gómez,co COL,"MT,AT",RSL,20,2002,15.5,1,44,19,43.2,2.83,1.22,0.02,0.05,21.3,0,0,0,2.6,2.6,0.06,-1.6,-1.6,Matchs
309,Diego Gómez,py PAR,"MT,AT",Inter Miami,19,2003,4.6,1,5,1,20.0,01.08,0.22,0.20,1.00,13.6,0,0,0,0.8,0.8,0.15,#ERROR!,#ERROR!,Matchs
310,Gaston Gonzalez,ar ARG,"AT,DF",Orlando City,21,2001,8.0,0,6,3,50.0,0.75,0.37,0.00,0.00,15.7,0,0,0,0.4,0.4,0.06,-0.4,-0.4,Matchs
311,Mario González,es ESP,AT,LAFC,26,1996,4.3,1,8,4,50.0,1.87,0.93,0.13,0.25,12.5,0,0,0,2.5,2.5,0.32,-1.5,-1.5,Matchs
312,Omar Gonzalez,us USA,DF,NE Revolution,34,1988,9.6,1,2,1,50.0,0.21,0.10,0.50,1.00,7.9,0,0,0,0.2,0.2,0.12,#ERROR!,#ERROR!,Matchs
313,Zavier Gozo,us USA,AT,RSL,15,2007,0.1,0,0,0,,0.00,0.00,,,,0,0,0,0.0,0.0,,0.0,0.0,Matchs
314,Alejandro Granados,es ESP,AT,Orlando City,16,2006,0.0,0,1,0,0.0,90.00,0.00,0.00,,32.9,0,0,0,0.0,0.0,0.02,0.0,0.0,Matchs
315,Tayvon Gray,us USA,DF,NYCFC,20,2002,22.7,0,6,3,50.0,0.26,0.13,0.00,0.00,22.8,0,0,0,0.1,0.1,0.02,-0.1,-0.1,Matchs
316,Jacob Greene,us USA,DF,D.C. United,19,2003,5.4,1,2,1,50.0,0.37,0.19,0.50,1.00,19.7,0,0,0,0.3,0.3,0.13,#ERROR!,#ERROR!,Matchs
317,Gregore,br BRA,MT,Inter Miami,28,1994,4.3,0,1,0,0.0,0.23,0.00,0.00,,6.8,0,0,0,0.3,0.3,0.25,-0.3,-0.3,Matchs
318,Ján Greguš,sk SVK,MT,Nashville,32,1991,2.5,0,1,0,0.0,0.40,0.00,0.00,,16.1,0,0,0,0.1,0.1,0.13,-0.1,-0.1,Matchs
319,Ján Greguš,sk SVK,MT,Minnesota Utd,32,1991,10.0,1,10,1,10.0,1.00,0.10,0.10,1.00,23.8,1,0,0,0.5,0.5,0.05,#ERROR!,#ERROR!,Matchs
320,Julian Gressel,us USA,"DF,MT",Crew,29,1993,8.2,1,8,2,25.0,0.97,0.24,0.13,0.50,13.9,0,0,0,1.2,1.2,0.15,-0.2,-0.2,Matchs
321,Julian Gressel,us USA,MT,Vancouver W'caps,29,1993,15.1,3,32,10,31.3,2.12,0.66,0.09,0.30,22.8,7,0,0,2.6,2.6,0.08,#ERROR!,#ERROR!,Matchs
322,Victor Griffith,pa PAN,MT,Portland Timbers,22,2000,1.0,0,0,0,,0.00,0.00,,,,0,0,0,0.0,0.0,,0.0,0.0,Matchs
323,Carlos Gruezo,ec ECU,MT,SJ Earthquakes,27,1995,23.9,0,11,3,27.3,0.46,0.13,0.00,0.00,27.7,0,0,1,1.2,0.4,0.04,-1.2,-0.4,Matchs
324,Brian Gutiérrez,us USA,"AT,MT",Fire,19,2003,26.5,2,46,12,26.1,1.73,0.45,0.04,0.17,17.9,1,0,0,4.1,4.1,0.09,-2.1,-2.1,Matchs
325,Cristián Gutiérrez,cl CHI,DF,Toronto FC,25,1997,2.7,0,1,0,0.0,0.37,0.00,0.00,,14.4,0,0,0,0.0,0.0,0.02,0.0,0.0,Matchs
Clt,Joueur,Nation,Pos,Équipe,Âge,Naissance,90,Buts,Tirs,TC,TC%,Tir/90,TC/90,B/Tir,B/TC,Dist,CF,PénM,PénT,xG,npxG,npxG/Sh,G-xG,np:G-xG,Matchs
326,Diego Gutierrez,us USA,"AT,MT",Portland Timbers,23,1999,2.7,0,1,1,100.0,0.37,0.37,0.00,0.00,20.5,0,0,0,0.0,0.0,0.04,0.0,0.0,Matchs
327,Felipe Gutiérrez,cl CHI,MT,Sporting KC,32,1990,3.3,0,7,3,42.9,2.15,0.92,0.00,0.00,28.8,2,0,0,0.3,0.3,0.05,-0.3,-0.3,Matchs
328,Andrew Gutman,us USA,DF,Atlanta Utd,26,1996,15.4,3,15,6,40.0,0.97,0.39,0.20,0.50,15.4,0,0,0,1.7,1.7,0.11,#ERROR!,#ERROR!,Matchs
329,Andrew Gutman,us USA,DF,Rapids,26,1996,11.2,1,16,3,18.8,1.43,0.27,0.06,0.33,19.4,0,0,0,0.7,0.7,0.04,#ERROR!,#ERROR!,Matchs
330,Brad Guzan,us USA,GB,Atlanta Utd,38,1984,27.0,0,0,0,,0.00,0.00,,,,0,0,0,0.0,0.0,,0.0,0.0,Matchs
331,Justin Haak,us USA,"DF,MT",NYCFC,21,2001,10.1,1,1,1,100.0,0.10,0.10,1.00,1.00,18.4,0,0,0,0.1,0.1,0.10,#ERROR!,#ERROR!,Matchs
332,Luke Haakenson,us USA,"MT,AT",Nashville,25,1997,3.0,0,2,0,0.0,0.66,0.00,0.00,,9.2,0,0,0,0.2,0.2,0.10,-0.2,-0.2,Matchs
333,Teenage Hadebe,zw ZIM,DF,Dynamo FC,27,1995,11.5,1,1,1,100.0,0.09,0.09,1.00,1.00,5.5,0,0,0,0.3,0.3,0.32,#ERROR!,#ERROR!,Matchs
334,Nick Hagglund,us USA,DF,FC Cincinnati,30,1992,23.9,1,8,1,12.5,0.33,0.04,0.13,1.00,10.0,0,0,0,0.7,0.7,0.08,#ERROR!,#ERROR!,Matchs
335,Maren Haile-Selassie,ch SUI,"AT,DF",Fire,23,1999,21.2,6,26,12,46.2,1.23,0.57,0.23,0.50,15.6,2,0,0,3.8,3.8,0.15,#ERROR!,#ERROR!,Matchs
336,Julian Hall,us USA,AT,NY Red Bulls,14,2008,0.1,0,0,0,,0.00,0.00,,,,0,0,0,0.0,0.0,,0.0,0.0,Matchs
337,Michael Halliday,us USA,DF,Orlando City,20,2003,9.5,0,3,0,0.0,0.32,0.00,0.00,,14.9,0,0,0,0.4,0.4,0.13,-0.4,-0.4,Matchs
338,Bret Halsey,us USA,DF,FC Cincinnati,22,2000,2.6,0,3,1,33.3,1.17,0.39,0.00,0.00,12.1,0,0,0,0.2,0.2,0.08,-0.2,-0.2,Matchs
339,Ahmed Hamdi,eg EGY,"MT,AT",CF Montréal,24,1998,5.3,1,5,3,60.0,0.95,0.57,0.20,0.33,19.0,0,0,0,0.4,0.4,0.07,#ERROR!,#ERROR!,Matchs
340,Yosuke Hanya,jp JPN,"AT,MT",Rapids,24,1999,0.5,0,1,0,0.0,1.87,0.00,0.00,,5.3,0,0,0,0.2,0.2,0.15,-0.2,-0.2,Matchs
341,Ian Harkes,us USA,MT,NE Revolution,27,1995,6.7,2,6,4,66.7,0.90,0.60,0.33,0.50,21.0,0,0,0,0.7,0.7,0.12,#ERROR!,#ERROR!,Matchs
342,Cameron Harper,us USA,"DF,MT",NY Red Bulls,21,2001,23.9,2,32,9,28.1,1.34,0.38,0.06,0.22,18.1,0,0,0,2.9,2.9,0.09,-0.9,-0.9,Matchs
343,Nathan Harriel,us USA,DF,Philadelphia,21,2001,18.6,1,13,4,30.8,0.70,0.22,0.08,0.25,14.9,0,0,0,1.3,1.3,0.10,-0.3,-0.3,Matchs
344,Calvin Harris,eng ENG,AT,Rapids,22,2000,10.0,1,11,6,54.5,1.10,0.60,0.09,0.17,17.4,0,0,0,1.0,1.0,0.09,0.0,0.0,Matchs
345,Thomas Hasal,ca CAN,GB,Vancouver W'caps,23,1999,1.0,0,0,0,,0.00,0.00,,,,0,0,0,0.0,0.0,,0.0,0.0,Matchs
346,Héber,br BRA,"AT,MT",Seattle,31,1991,11.8,2,38,12,31.6,3.22,01.02,0.05,0.17,10.0,0,0,0,7.3,7.3,0.19,-5.3,-5.3,Matchs
347,Matt Hedges,us USA,DF,Toronto FC,32,1990,11.9,0,3,0,0.0,0.25,0.00,0.00,,8.5,0,0,0,0.4,0.4,0.14,-0.4,-0.4,Matchs
348,Matt Hedges,us USA,DF,Austin,32,1990,3.4,1,4,1,25.0,1.17,0.29,0.25,1.00,9.9,0,0,0,0.3,0.3,0.07,#ERROR!,#ERROR!,Matchs
349,Chris Hegardt,us USA,"AT,MT",Charlotte,21,2002,0.6,0,0,0,,0.00,0.00,,,,0,0,0,0.0,0.0,,0.0,0.0,Matchs
350,Fabian Herbers,de GER,"MT,AT",Fire,29,1993,21.9,4,26,9,34.6,1.19,0.41,0.15,0.44,16.5,0,0,0,3.8,3.8,0.15,#ERROR!,#ERROR!,Matchs
Clt,Joueur,Nation,Pos,Équipe,Âge,Naissance,90,Buts,Tirs,TC,TC%,Tir/90,TC/90,B/Tir,B/TC,Dist,CF,PénM,PénT,xG,npxG,npxG/Sh,G-xG,np:G-xG,Matchs
351,Felipe Hernandez,us USA,MT,Sporting KC,24,1998,3.6,1,7,3,42.9,1.96,0.84,0.14,0.33,17.5,0,0,0,0.8,0.8,0.11,#ERROR!,#ERROR!,Matchs
352,Javier Hernández,mx MEX,AT,LA Galaxy,34,1988,7.6,1,24,10,41.7,3.14,1.31,0.04,0.10,14.3,0,0,0,4.0,4.0,0.17,-3.0,-3.0,Matchs
353,Ronald Hernández,ve VEN,DF,Atlanta Utd,25,1997,7.8,0,6,1,16.7,0.77,0.13,0.00,0.00,22.3,0,0,0,0.2,0.2,0.04,-0.2,-0.2,Matchs
354,Aaron Herrera,gt GUA,"DF,MT",CF Montréal,25,1997,15.6,0,5,1,20.0,0.32,0.06,0.00,0.00,22.6,0,0,0,0.6,0.6,0.11,-0.6,-0.6,Matchs
355,Héctor Herrera,mx MEX,MT,Dynamo FC,32,1990,28.1,4,65,24,36.9,2.31,0.85,0.06,0.17,22.6,15,0,0,4.4,4.4,0.07,-0.4,-0.4,Matchs
356,Kyle Hiebert,ca CAN,DF,St. Louis,25,1997,23.6,2,11,3,27.3,0.47,0.13,0.18,0.67,11.4,0,0,0,1.2,1.2,0.11,#ERROR!,#ERROR!,Matchs
357,Brendan Hines-Ike,us USA,DF,D.C. United,28,1994,10.4,0,4,0,0.0,0.39,0.00,0.00,,13.1,0,0,0,0.4,0.4,0.10,-0.4,-0.4,Matchs
358,Bongokuhle Hlongwane,za RSA,AT,Minnesota Utd,22,2000,27.6,8,85,34,40.0,03.07,1.23,0.09,0.24,13.7,0,0,0,13.0,13.0,0.16,-5.0,-5.0,Matchs
359,Junior Hoilett,ca CAN,"AT,MT",Vancouver W'caps,32,1990,2.6,0,5,0,0.0,1.93,0.00,0.00,,19.1,0,0,0,0.4,0.4,0.07,-0.4,-0.4,Matchs
360,Ryan Hollingshead,us USA,DF,LAFC,31,1991,26.1,4,21,7,33.3,0.81,0.27,0.19,0.57,13.5,0,0,0,2.4,2.4,0.12,#ERROR!,#ERROR!,Matchs
361,Erik Holt,us USA,DF,RSL,26,1996,0.6,0,0,0,,0.00,0.00,,,,0,0,0,0.0,0.0,,0.0,0.0,Matchs
362,Jackson Hopkins,us USA,MT,D.C. United,18,2004,2.2,0,5,2,40.0,2.31,0.92,0.00,0.00,18.4,0,0,0,0.4,0.4,0.08,-0.4,-0.4,Matchs
363,Matthew Hoppe,us USA,"AT,MT",SJ Earthquakes,21,2001,4.7,2,10,3,30.0,2.14,0.64,0.20,0.67,12.9,0,0,0,2.2,2.2,0.22,-0.2,-0.2,Matchs
364,Keegan Hughes,us USA,DF,Crew,22,2000,0.0,0,0,0,,0.00,0.00,,,,0,0,0,0.0,0.0,,0.0,0.0,Matchs
365,Erik Hurtado,us USA,"AT,MT",D.C. United,32,1990,3.0,0,8,5,62.5,2.63,1.64,0.00,0.00,14.2,0,0,0,0.8,0.8,0.11,-0.8,-0.8,Matchs
366,Franco Ibarra,ar ARG,MT,Toronto FC,21,2001,4.9,0,3,1,33.3,0.61,0.20,0.00,0.00,26.1,0,0,0,0.1,0.1,0.03,-0.1,-0.1,Matchs
367,Franco Ibarra,ar ARG,MT,Atlanta Utd,21,2001,14.2,0,6,0,0.0,0.42,0.00,0.00,,21.2,0,0,0,0.2,0.2,0.03,-0.2,-0.2,Matchs
368,Sebastien Ibeagha,us USA,DF,FC Dallas,31,1992,26.5,1,10,3,30.0,0.38,0.11,0.10,0.33,13.7,0,0,0,0.6,0.6,0.06,#ERROR!,#ERROR!,Matchs
369,Aliyu Ibrahim,ng NGA,AT,Dynamo FC,21,2002,13.4,3,20,10,50.0,1.49,0.75,0.15,0.30,11.3,0,0,0,5.4,5.4,0.27,-2.4,-2.4,Matchs
370,Sunusi Ibrahim,ng NGA,"AT,MT",CF Montréal,20,2002,13.0,3,33,10,30.3,2.53,0.77,0.09,0.30,13.8,0,0,0,4.9,4.9,0.15,-1.9,-1.9,Matchs
371,Tega Ikoba,us USA,AT,Portland Timbers,19,2003,1.0,1,3,2,66.7,3.14,02.09,0.33,0.50,15.2,0,0,0,0.3,0.3,0.08,#ERROR!,#ERROR!,Matchs
372,Mitja Ilenič,si SVN,DF,NYCFC,18,2004,13.2,0,7,2,28.6,0.53,0.15,0.00,0.00,20.3,0,0,0,0.3,0.3,0.04,-0.3,-0.3,Matchs
373,Ilias Iliadis,gr GRE,"DF,MT",CF Montréal,21,2001,2.8,0,2,0,0.0,0.72,0.00,0.00,,24.0,0,0,0,0.1,0.1,0.05,-0.1,-0.1,Matchs
374,Marko Ilić,rs SRB,GB,Rapids,24,1998,13.0,0,0,0,,0.00,0.00,,,,0,0,0,0.0,0.0,,0.0,0.0,Matchs
375,Asier Illarramendi,es ESP,MT,FC Dallas,32,1990,7.7,0,3,0,0.0,0.39,0.00,0.00,,31.1,0,0,0,0.0,0.0,0.02,0.0,0.0,Matchs
Clt,Joueur,Nation,Pos,Équipe,Âge,Naissance,90,Buts,Tirs,TC,TC%,Tir/90,TC/90,B/Tir,B/TC,Dist,CF,PénM,PénT,xG,npxG,npxG/Sh,G-xG,np:G-xG,Matchs
376,Lorenzo Insigne,it ITA,"AT,MT",Toronto FC,31,1991,16.9,4,65,22,33.8,3.85,1.30,0.06,0.18,21.8,10,0,0,5.4,5.4,0.08,-1.4,-1.4,Matchs
377,Clint Irwin,us USA,GB,Minnesota Utd,33,1989,4.0,0,0,0,,0.00,0.00,,,,0,0,0,0.0,0.0,,0.0,0.0,Matchs
378,Aljaž Ivačič,si SVN,GB,Portland Timbers,29,1993,15.0,0,0,0,,0.00,0.00,,,,0,0,0,0.0,0.0,,0.0,0.0,Matchs
379,Emmanuel Iwe,us USA,AT,Minnesota Utd,22,2000,0.6,0,4,1,25.0,6.79,1.70,0.00,0.00,10.8,0,0,0,0.5,0.5,0.13,-0.5,-0.5,Matchs
380,Ousman jabang,us USA,DF,CF Montréal,21,2001,0.9,0,1,1,100.0,1.17,1.17,0.00,0.00,6.5,0,0,0,0.1,0.1,0.12,-0.1,-0.1,Matchs
381,Aziel Jackson,us USA,"MT,AT",St. Louis,21,2001,12.4,1,30,14,46.7,2.41,1.13,0.03,0.07,21.3,0,0,0,1.8,1.8,0.06,-0.8,-0.8,Matchs
382,Jacob Jackson,us USA,GB,NE Revolution,22,2000,2.0,0,0,0,,0.00,0.00,,,,0,0,0,0.0,0.0,,0.0,0.0,Matchs
383,Bertin Jacquesson,fr FRA,"AT,MT",RSL,22,2001,4.0,0,12,4,33.3,03.02,01.01,0.00,0.00,18.5,0,0,0,0.8,0.8,0.06,-0.8,-0.8,Matchs
384,Eldin Jakupović,ch SUI,GB,LAFC,38,1984,2.0,0,0,0,,0.00,0.00,,,,0,0,0,0.0,0.0,,0.0,0.0,Matchs
385,Robin Jansson,se SWE,DF,Orlando City,31,1991,32.0,0,4,0,0.0,0.12,0.00,0.00,,22.0,0,0,0,0.3,0.3,0.08,-0.3,-0.3,Matchs
386,Andres Jasson,us USA,AT,NYCFC,21,2002,9.0,3,17,5,29.4,1.89,0.56,0.18,0.60,14.1,0,0,0,2.3,2.3,0.14,#ERROR!,#ERROR!,Matchs
387,Mohanad Jeahze,iq IRQ,DF,D.C. United,25,1997,4.0,0,4,0,0.0,0.99,0.00,0.00,,25.0,0,0,0,0.1,0.1,0.03,-0.1,-0.1,Matchs
388,Corentin Jean,fr FRA,"AT,MT",Inter Miami,27,1995,9.2,1,14,7,50.0,1.52,0.76,0.07,0.14,19.5,0,0,0,1.1,1.1,0.08,-0.1,-0.1,Matchs
389,Isak Jensen,dk DEN,"MT,AT",St. Louis,19,2003,1.6,0,5,2,40.0,3.12,1.25,0.00,0.00,17.2,0,0,0,0.4,0.4,0.07,-0.4,-0.4,Matchs
390,Hector Jiménez,us USA,MT,Austin,34,1988,0.6,0,0,0,,0.00,0.00,,,,0,0,0,0.0,0.0,,0.0,0.0,Matchs
391,Jesús Jiménez,es ESP,"AT,MT",FC Dallas,29,1993,7.6,0,17,7,41.2,2.22,0.92,0.00,0.00,11.2,0,0,0,2.3,2.3,0.13,-2.3,-2.3,Matchs
392,Stiven Jimenez,us USA,AT,FC Cincinnati,15,2007,0.0,0,0,0,,0.00,0.00,,,,0,0,0,0.0,0.0,,0.0,0.0,Matchs
393,Levonte Johnson,ca CAN,"AT,DF",Vancouver W'caps,23,1999,2.2,0,2,0,0.0,0.90,0.00,0.00,,14.1,0,0,0,0.1,0.1,0.06,-0.1,-0.1,Matchs
394,Sean Johnson,us USA,GB,Toronto FC,33,1989,20.0,0,0,0,,0.00,0.00,,,,0,0,0,0.0,0.0,,0.0,0.0,Matchs
395,DeJuan Jones,us USA,DF,NE Revolution,25,1997,24.1,1,10,7,70.0,0.42,0.29,0.10,0.14,12.2,0,0,0,1.8,1.8,0.18,-0.8,-0.8,Matchs
396,Derrick Jones,us USA,"MT,DF",Charlotte,25,1997,20.5,0,17,4,23.5,0.83,0.19,0.00,0.00,13.7,0,0,0,1.9,1.9,0.11,-1.9,-1.9,Matchs
397,Juan José Sánchez,co COL,DF,Atlanta Utd,25,1998,23.7,1,20,4,20.0,0.84,0.17,0.05,0.25,14.4,0,0,0,1.3,1.3,0.07,-0.3,-0.3,Matchs
398,Dejan Joveljić,rs SRB,AT,LA Galaxy,23,1999,18.1,6,48,22,45.8,2.66,1.22,0.10,0.23,11.7,0,1,1,8.7,7.9,0.17,-2.7,-2.9,Matchs
399,Kamil Jóźwiak,pl POL,"AT,MT",Charlotte,24,1998,15.3,2,12,4,33.3,0.78,0.26,0.17,0.50,12.6,0,0,0,1.5,1.5,0.12,#ERROR!,#ERROR!,Matchs
400,Preston Judd,us USA,AT,LA Galaxy,23,1999,7.1,3,30,10,33.3,4.20,1.40,0.10,0.30,14.4,0,0,0,4.0,4.0,0.13,-1.0,-1.0,Matchs
Clt,Joueur,Nation,Pos,Équipe,Âge,Naissance,90,Buts,Tirs,TC,TC%,Tir/90,TC/90,B/Tir,B/TC,Dist,CF,PénM,PénT,xG,npxG,npxG/Sh,G-xG,np:G-xG,Matchs
401,Judson,br BRA,MT,SJ Earthquakes,29,1993,5.2,0,1,0,0.0,0.19,0.00,0.00,,25.5,0,0,0,0.0,0.0,0.05,0.0,0.0,Matchs
402,Anderson Julio,ec ECU,AT,RSL,26,1996,12.8,5,37,21,56.8,2.88,1.64,0.14,0.24,16.6,0,0,0,5.6,5.6,0.15,-0.6,-0.6,Matchs
403,Juninho,br BRA,MT,Orlando City,22,2001,0.0,0,1,0,0.0,90.00,0.00,0.00,,27.0,0,0,0,0.0,0.0,0.03,0.0,0.0,Matchs
404,Sam Junqua,us USA,"DF,MT",FC Dallas,26,1996,11.4,2,9,3,33.3,0.79,0.26,0.22,0.67,18.1,0,0,0,0.6,0.6,0.07,#ERROR!,#ERROR!,Matchs
405,Kristijan Kahlina,hr CRO,GB,Charlotte,30,1992,24.0,0,0,0,,0.00,0.00,,,,0,0,0,0.0,0.0,,0.0,0.0,Matchs
406,Brent Kallman,us USA,"DF,AT",Minnesota Utd,32,1990,2.2,0,0,0,,0.00,0.00,,,,0,0,0,0.0,0.0,,0.0,0.0,Matchs
407,Kei Kamara,sl SLE,AT,Fire,38,1984,16.9,5,52,22,42.3,03.08,1.30,0.10,0.23,13.5,0,0,0,4.6,4.6,0.09,#ERROR!,#ERROR!,Matchs
408,Bernard Kamungo,us USA,"AT,MT",FC Dallas,21,2002,5.6,6,20,8,40.0,3.60,1.44,0.30,0.75,18.7,0,0,0,3.8,3.8,0.19,#ERROR!,#ERROR!,Matchs
409,Alec Kann,us USA,GB,FC Cincinnati,32,1990,1.0,0,0,0,,0.00,0.00,,,,0,0,0,0.0,0.0,,0.0,0.0,Matchs
410,Ercan Kara,at AUT,AT,Orlando City,27,1996,9.4,5,23,10,43.5,2.44,01.06,0.22,0.50,12.3,1,0,0,2.8,2.8,0.12,#ERROR!,#ERROR!,Matchs
411,Ibrahim Kasule,ug UGA,MT,NY Red Bulls,18,2004,0.3,0,0,0,,0.00,0.00,,,,0,0,0,0.0,0.0,,0.0,0.0,Matchs
412,Mark-Anthony Kaye,ca CAN,MT,Toronto FC,28,1994,20.4,2,10,5,50.0,0.49,0.24,0.20,0.40,13.8,0,0,0,1.2,1.2,0.12,#ERROR!,#ERROR!,Matchs
413,Mark-Anthony Kaye,ca CAN,MT,NE Revolution,28,1994,8.7,0,3,0,0.0,0.35,0.00,0.00,,16.0,0,0,0,0.1,0.1,0.04,-0.1,-0.1,Matchs
414,Axel Kei,us USA,AT,RSL,15,2007,0.1,0,3,1,33.3,38.57,12.86,0.00,0.00,17.4,0,0,0,0.3,0.3,0.09,-0.3,-0.3,Matchs
415,Kipp Keller,us USA,DF,Austin,22,2000,4.9,0,4,0,0.0,0.82,0.00,0.00,,10.0,0,0,0,0.3,0.3,0.09,-0.3,-0.3,Matchs
416,Deandre Kerr,ca CAN,"AT,MT",Toronto FC,20,2002,13.5,5,21,11,52.4,1.56,0.82,0.24,0.45,13.7,0,0,0,4.1,4.1,0.20,#ERROR!,#ERROR!,Matchs
417,Henry Kessler,us USA,DF,NE Revolution,24,1998,7.7,1,4,1,25.0,0.52,0.13,0.25,1.00,9.3,0,0,0,0.5,0.5,0.11,#ERROR!,#ERROR!,Matchs
418,Benjamin Kikanovic,us USA,"AT,MT",SJ Earthquakes,23,2000,7.8,1,14,2,14.3,1.79,0.26,0.07,0.50,13.8,0,0,0,2.8,2.8,0.20,-1.8,-1.8,Matchs
419,Gadi Kinda,il ISR,MT,Sporting KC,28,1994,9.3,3,14,6,42.9,1.51,0.65,0.21,0.50,18.0,0,0,0,2.6,2.6,0.18,#ERROR!,#ERROR!,Matchs
420,Sota Kitahara,us USA,DF,Seattle,20,2003,0.0,0,0,0,,0.00,0.00,,,,0,0,0,0.0,0.0,,0.0,0.0,Matchs
421,Klauss,br BRA,AT,St. Louis,25,1997,14.6,10,42,19,45.2,2.87,1.30,0.24,0.53,14.1,0,0,0,5.8,5.8,0.14,#ERROR!,#ERROR!,Matchs
422,John Klein,us USA,MT,St. Louis,23,1999,0.3,0,0,0,,0.00,0.00,,,,0,0,0,0.0,0.0,,0.0,0.0,Matchs
423,Mateusz Klich,pl POL,"MT,AT",D.C. United,32,1990,30.2,4,43,16,37.2,1.42,0.53,0.09,0.25,22.8,5,0,0,3.0,3.0,0.07,#ERROR!,#ERROR!,Matchs
424,Jonathan Klinsmann,us USA,GB,LA Galaxy,25,1997,9.2,0,0,0,,0.00,0.00,,,,0,0,0,0.0,0.0,,0.0,0.0,Matchs
425,Žan Kolmanič,si SVN,DF,Austin,22,2000,4.7,0,3,0,0.0,0.63,0.00,0.00,,20.6,0,0,0,0.1,0.1,0.05,-0.1,-0.1,Matchs
Clt,Joueur,Nation,Pos,Équipe,Âge,Naissance,90,Buts,Tirs,TC,TC%,Tir/90,TC/90,B/Tir,B/TC,Dist,CF,PénM,PénT,xG,npxG,npxG/Sh,G-xG,np:G-xG,Matchs
426,Amet Korca,us USA,DF,FC Dallas,22,2000,1.7,0,0,0,,0.00,0.00,,,,0,0,0,0.0,0.0,,0.0,0.0,Matchs
427,Georgios Koutsias,gr GRE,"AT,MT",Fire,18,2004,11.3,3,18,6,33.3,1.59,0.53,0.17,0.50,13.0,0,0,0,3.2,3.2,0.18,-0.2,-0.2,Matchs
428,Sebastian Kowalczyk,pl POL,"AT,MT",Dynamo FC,24,1998,3.9,0,2,1,50.0,0.51,0.26,0.00,0.00,17.3,0,0,0,0.4,0.4,0.19,-0.4,-0.4,Matchs
429,Filip Krastev,bg BUL,MT,LAFC,21,2001,1.8,1,7,4,57.1,3.99,2.28,0.14,0.25,21.2,0,0,0,0.6,0.6,0.09,#ERROR!,#ERROR!,Matchs
430,Damir Kreilach,hr CRO,"AT,MT",RSL,33,1989,14.6,4,37,11,29.7,2.53,0.75,0.11,0.36,14.9,0,0,0,3.6,3.6,0.10,#ERROR!,#ERROR!,Matchs
431,Serhiy Kryvtsov,ua UKR,DF,Inter Miami,31,1991,23.5,1,5,1,20.0,0.21,0.04,0.20,1.00,12.4,0,0,0,1.2,1.2,0.24,-0.2,-0.2,Matchs
432,Theodore Ku-Dipietro,us USA,"AT,MT",D.C. United,21,2002,13.0,5,30,13,43.3,2.31,1.00,0.17,0.38,15.3,0,0,0,4.5,4.5,0.15,#ERROR!,#ERROR!,Matchs
433,Yuya Kubo,jp JPN,"MT,AT",FC Cincinnati,29,1993,11.9,0,25,7,28.0,2.10,0.59,0.00,0.00,19.3,1,0,0,2.5,2.5,0.10,-2.5,-2.5,Matchs
434,Jojea Kwizera,cg CGO,DF,CF Montréal,24,1999,1.5,0,2,1,50.0,1.35,0.68,0.00,0.00,25.7,0,0,0,0.0,0.0,0.02,0.0,0.0,Matchs
435,Mathías Laborda,uy URU,DF,Vancouver W'caps,23,1999,17.1,1,15,4,26.7,0.88,0.23,0.07,0.25,13.0,0,0,0,1.3,1.3,0.09,-0.3,-0.3,Matchs
436,Kevon Lambert,jm JAM,DF,RSL,25,1997,0.3,0,0,0,,0.00,0.00,,,,0,0,0,0.0,0.0,,0.0,0.0,Matchs
437,Lassi Lappalainen,fi FIN,"DF,AT",CF Montréal,24,1998,11.5,2,18,4,22.2,1.57,0.35,0.11,0.50,16.5,0,0,0,2.2,2.2,0.12,-0.2,-0.2,Matchs
438,Jesús David Murillo Largacha,co COL,DF,LAFC,28,1994,15.8,0,9,0,0.0,0.57,0.00,0.00,,11.6,0,0,0,0.7,0.7,0.07,-0.7,-0.7,Matchs
439,Oliver Larraz,us USA,MT,Rapids,21,2001,0.2,0,0,0,,0.00,0.00,,,,0,0,0,0.0,0.0,,0.0,0.0,Matchs
440,Richie Laryea,ca CAN,DF,Toronto FC,28,1995,17.9,2,12,7,58.3,0.67,0.39,0.17,0.29,15.8,0,0,0,0.8,0.8,0.07,#ERROR!,#ERROR!,Matchs
441,Richie Laryea,ca CAN,"AT,DF",Vancouver W'caps,28,1995,10.5,1,11,4,36.4,01.04,0.38,0.09,0.25,16.7,0,0,0,1.2,1.2,0.11,-0.2,-0.2,Matchs
442,Ariel Lassiter,cr CRC,"AT,MT",Inter Miami,28,1994,1.7,0,4,1,25.0,2.40,0.60,0.00,0.00,16.1,0,0,0,0.3,0.3,0.08,-0.3,-0.3,Matchs
443,Ariel Lassiter,cr CRC,"DF,MT",CF Montréal,28,1994,17.7,1,37,18,48.6,02.09,01.01,0.03,0.06,20.1,0,0,1,3.4,2.6,0.07,-2.4,-1.6,Matchs
444,Kemar Lawrence,jm JAM,DF,Minnesota Utd,30,1992,12.4,0,3,1,33.3,0.24,0.08,0.00,0.00,15.2,0,0,0,0.2,0.2,0.07,-0.2,-0.2,Matchs
445,Randall Leal,cr CRC,"MT,AT",Nashville,26,1997,12.7,3,18,5,27.8,1.42,0.39,0.17,0.60,23.9,0,0,0,1.6,1.6,0.09,#ERROR!,#ERROR!,Matchs
446,Richy Ledezma,us USA,"MT,AT",NYCFC,22,2000,13.2,0,20,7,35.0,1.52,0.53,0.00,0.00,18.7,0,0,0,2.8,2.8,0.14,-2.8,-2.8,Matchs
447,Kelvin Leerdam,sr SUR,DF,LA Galaxy,32,1990,13.4,1,2,1,50.0,0.15,0.07,0.50,1.00,14.0,0,0,0,0.7,0.7,0.34,#ERROR!,#ERROR!,Matchs
448,Tim Leibold,de GER,DF,Sporting KC,29,1993,9.7,0,8,3,37.5,0.83,0.31,0.00,0.00,20.7,0,0,0,0.4,0.4,0.05,-0.4,-0.4,Matchs
449,Brooks Lennon,us USA,DF,Atlanta Utd,25,1997,32.0,4,19,8,42.1,0.59,0.25,0.21,0.50,17.3,2,0,0,2.5,2.5,0.13,#ERROR!,#ERROR!,Matchs
450,Jonathan Lewis,us USA,"AT,MT",Rapids,25,1997,13.2,1,25,10,40.0,1.89,0.76,0.04,0.10,15.5,0,0,0,3.0,3.0,0.14,-2.0,-2.0,Matchs
Clt,Joueur,Nation,Pos,Équipe,Âge,Naissance,90,Buts,Tirs,TC,TC%,Tir/90,TC/90,B/Tir,B/TC,Dist,CF,PénM,PénT,xG,npxG,npxG/Sh,G-xG,np:G-xG,Matchs
451,Danny Leyva,us USA,MT,Rapids,19,2003,7.1,0,5,3,60.0,0.71,0.42,0.00,0.00,24.2,0,0,0,0.2,0.2,0.04,-0.2,-0.2,Matchs
452,Danny Leyva,us USA,"MT,AT",Seattle,19,2003,0.2,0,0,0,,0.00,0.00,,,,0,0,0,0.0,0.0,,0.0,0.0,Matchs
453,Nick Lima,us USA,DF,Austin,28,1994,27.0,1,15,5,33.3,0.56,0.19,0.07,0.20,24.5,0,0,0,0.9,0.9,0.06,#ERROR!,#ERROR!,Matchs
454,Jaylin Lindsey,us USA,DF,Charlotte,22,2000,14.5,1,6,1,16.7,0.41,0.07,0.17,1.00,12.2,0,0,0,1.0,1.0,0.17,0.0,0.0,Matchs
455,Sebastian Lletget,us USA,"MT,AT",FC Dallas,30,1992,12.9,0,12,3,25.0,0.93,0.23,0.00,0.00,13.5,0,0,0,1.0,1.0,0.08,-1.0,-1.0,Matchs
456,Saba Lobzhanidze,ge GEO,AT,Atlanta Utd,28,1994,5.2,3,12,8,66.7,2.33,1.55,0.25,0.38,13.7,0,0,0,1.8,1.8,0.15,#ERROR!,#ERROR!,Matchs
457,Robin Lod,fi FIN,"MT,AT",Minnesota Utd,29,1993,10.0,0,19,5,26.3,1.90,0.50,0.00,0.00,17.9,2,0,0,1.4,1.4,0.08,-1.4,-1.4,Matchs
458,Nicolás Lodeiro,uy URU,"MT,AT",Seattle,33,1989,27.5,1,47,12,25.5,1.71,0.44,0.00,0.00,21.4,5,1,1,4.3,3.5,0.07,-3.3,-3.5,Matchs
459,Jasper Löffelsend,de GER,MT,RSL,25,1997,12.6,1,14,6,42.9,1.12,0.48,0.07,0.17,26.2,0,0,0,0.8,0.8,0.06,#ERROR!,#ERROR!,Matchs
460,Aaron Long,us USA,DF,LAFC,30,1992,16.9,0,8,1,12.5,0.47,0.06,0.00,0.00,14.9,0,0,0,0.6,0.6,0.07,-0.6,-0.6,Matchs
461,Erik López,py PAR,"AT,MT",Atlanta Utd,21,2001,0.3,0,0,0,,0.00,0.00,,,,0,0,0,0.0,0.0,,0.0,0.0,Matchs
462,Marvin Loría,cr CRC,"AT,MT",Portland Timbers,25,1997,8.4,0,13,6,46.2,1.54,0.71,0.00,0.00,23.4,1,0,0,1.1,1.1,0.08,-1.1,-1.1,Matchs
463,Daniel Lovitz,us USA,DF,Nashville,31,1991,31.6,0,19,3,15.8,0.60,0.09,0.00,0.00,20.6,2,0,0,0.8,0.8,0.04,-0.8,-0.8,Matchs
464,Damion Lowe,jm JAM,DF,Philadelphia,29,1993,13.7,2,11,3,27.3,0.80,0.22,0.18,0.67,16.9,0,0,0,1.0,1.0,0.09,#ERROR!,#ERROR!,Matchs
465,Eduard Löwen,de GER,MT,St. Louis,26,1997,25.6,6,76,24,31.6,2.96,0.94,0.04,0.13,27.6,21,3,3,5.3,2.9,0.04,#ERROR!,#ERROR!,Matchs
466,Favian Loyola,us USA,MT,Orlando City,17,2005,0.0,0,0,0,,0.00,0.00,,,,0,0,0,0.0,0.0,,0.0,0.0,Matchs
467,Diego Luna,us USA,"MT,AT",RSL,19,2003,13.3,5,23,10,43.5,1.73,0.75,0.22,0.50,18.1,0,0,0,2.7,2.7,0.12,#ERROR!,#ERROR!,Matchs
468,Adam Lundqvist,se SWE,"DF,MT",Austin,28,1994,9.6,0,6,3,50.0,0.63,0.31,0.00,0.00,22.0,0,0,0,0.3,0.3,0.05,-0.3,-0.3,Matchs
469,Benjamin Lundt,de GER,GB,St. Louis,27,1995,1.0,0,0,0,,0.00,0.00,,,,0,0,0,0.0,0.0,,0.0,0.0,Matchs
470,Luquinhas,br BRA,"MT,AT",NY Red Bulls,26,1996,22.2,3,40,12,30.0,1.80,0.54,0.08,0.25,18.9,0,0,0,3.5,3.5,0.09,-0.5,-0.5,Matchs
471,Jack Lynn,us USA,"MT,AT",Orlando City,23,2000,0.4,0,1,1,100.0,2.50,2.50,0.00,0.00,11.6,0,0,0,0.1,0.1,0.07,-0.1,-0.1,Matchs
472,Larrys Mabiala,cd COD,DF,Portland Timbers,35,1987,9.8,1,7,1,14.3,0.72,0.10,0.14,1.00,8.5,0,0,0,1.6,1.6,0.23,-0.6,-0.6,Matchs
473,Aimé Mabika,zm ZAM,DF,Toronto FC,24,1998,16.8,0,6,1,16.7,0.36,0.06,0.00,0.00,8.4,0,0,0,0.7,0.7,0.11,-0.7,-0.7,Matchs
474,Zac MacMath,us USA,GB,RSL,31,1991,27.5,0,0,0,,0.00,0.00,,,,0,0,0,0.0,0.0,,0.0,0.0,Matchs
475,Lukas MacNaughton,ca CAN,DF,Toronto FC,27,1995,2.0,0,0,0,,0.00,0.00,,,,0,0,0,0.0,0.0,,0.0,0.0,Matchs
Clt,Joueur,Nation,Pos,Équipe,Âge,Naissance,90,Buts,Tirs,TC,TC%,Tir/90,TC/90,B/Tir,B/TC,Dist,CF,PénM,PénT,xG,npxG,npxG/Sh,G-xG,np:G-xG,Matchs
476,Lukas MacNaughton,ca CAN,DF,Nashville,27,1995,11.9,1,8,2,25.0,0.67,0.17,0.13,0.50,7.8,0,0,0,1.5,1.5,0.19,-0.5,-0.5,Matchs
477,Talles Magno,br BRA,AT,NYCFC,20,2002,21.2,4,51,28,54.9,2.41,1.32,0.08,0.14,14.6,0,0,0,6.2,6.2,0.12,-2.2,-2.2,Matchs
478,Jack Maher,us USA,DF,Nashville,23,1999,32.0,1,11,4,36.4,0.34,0.12,0.09,0.25,9.5,0,0,0,1.0,1.0,0.09,0.0,0.0,Matchs
479,Cassius Mailula,za RSA,"AT,MT",Toronto FC,21,2001,0.8,0,3,1,33.3,3.80,1.27,0.00,0.00,17.3,0,0,0,0.2,0.2,0.08,-0.2,-0.2,Matchs
480,Christian Makoun,ve VEN,"DF,MT",NE Revolution,22,2000,5.4,0,6,2,33.3,1.11,0.37,0.00,0.00,26.7,0,0,0,0.2,0.2,0.03,-0.2,-0.2,Matchs
481,Adilson Malanda,fr FRA,DF,Charlotte,21,2001,28.5,0,9,2,22.2,0.32,0.07,0.00,0.00,9.8,0,0,0,0.8,0.8,0.08,-0.8,-0.8,Matchs
482,Denil Maldonado,hn HON,DF,LAFC,24,1998,18.6,1,6,2,33.3,0.32,0.11,0.17,0.50,9.0,0,0,0,0.9,0.9,0.14,#ERROR!,#ERROR!,Matchs
483,Machop Malual,ss SSD,"AT,MT",Atlanta Utd,24,1998,5.2,2,13,4,30.8,2.49,0.77,0.15,0.50,13.7,0,0,0,1.2,1.2,0.09,#ERROR!,#ERROR!,Matchs
484,Elias Manoel,br BRA,AT,NY Red Bulls,21,2001,18.4,3,40,16,40.0,2.17,0.87,0.08,0.19,15.2,0,0,1,5.9,5.1,0.13,-2.9,-2.1,Matchs
485,J.T. Marcinkowski,us USA,GB,SJ Earthquakes,25,1997,12.4,0,0,0,,0.00,0.00,,,,0,0,0,0.0,0.0,,0.0,0.0,Matchs
486,Paul Marie,fr FRA,DF,SJ Earthquakes,27,1995,22.3,1,23,5,21.7,01.03,0.22,0.04,0.20,21.3,0,0,0,1.4,1.4,0.06,-0.4,-0.4,Matchs
487,Anthony Markanich,ph PHI,DF,Rapids,23,1999,3.8,0,8,0,0.0,2.12,0.00,0.00,,13.2,0,0,0,0.7,0.7,0.09,-0.7,-0.7,Matchs
488,Anthony Markanich,ph PHI,DF,St. Louis,23,1999,7.3,1,6,3,50.0,0.82,0.41,0.17,0.33,22.8,0,0,0,0.3,0.3,0.05,#ERROR!,#ERROR!,Matchs
489,George Marks,us USA,GB,Charlotte,23,1999,7.0,0,0,0,,0.00,0.00,,,,0,0,0,0.0,0.0,,0.0,0.0,Matchs
490,Mikael Marques,se SWE,MT,Minnesota Utd,21,2001,0.1,0,0,0,,0.00,0.00,,,,0,0,0,0.0,0.0,,0.0,0.0,Matchs
491,Jahkeele Marshall-Rutty,ca CAN,"MT,DF",Toronto FC,18,2004,12.8,0,23,9,39.1,1.80,0.71,0.00,0.00,20.9,0,0,0,1.3,1.3,0.06,-1.3,-1.3,Matchs
492,Alonso Martínez,cr CRC,"AT,DF",NYCFC,24,1998,0.4,0,2,0,0.0,5.45,0.00,0.00,,22.5,0,0,0,0.0,0.0,0.02,0.0,0.0,Matchs
493,José Martínez,es ESP,DF,FC Dallas,29,1993,15.9,1,6,1,16.7,0.38,0.06,0.17,1.00,9.9,0,0,0,0.6,0.6,0.11,#ERROR!,#ERROR!,Matchs
494,Josef Martínez,ve VEN,AT,Inter Miami,29,1993,19.3,7,41,13,31.7,2.12,0.67,0.10,0.31,15.5,2,3,3,7.2,4.9,0.12,-0.2,-0.9,Matchs
495,Luís Martins,pt POR,DF,Vancouver W'caps,30,1992,18.0,0,6,2,33.3,0.33,0.11,0.00,0.00,22.8,1,0,0,0.3,0.3,0.05,-0.3,-0.3,Matchs
496,Thiago Martins,br BRA,DF,NYCFC,27,1995,24.3,0,7,3,42.9,0.29,0.12,0.00,0.00,11.7,0,0,0,0.5,0.5,0.07,-0.5,-0.5,Matchs
497,Alexandru Mățan,ro ROU,"MT,AT",Crew,23,1999,25.2,1,30,8,26.7,1.19,0.32,0.03,0.13,15.5,0,0,0,3.0,3.0,0.10,-2.0,-2.0,Matchs
498,Jimmy Maurer,us USA,GB,FC Dallas,34,1988,4.8,0,0,0,,0.00,0.00,,,,0,0,0,0.0,0.0,,0.0,0.0,Matchs
499,Chris Mavinga,cd COD,DF,LA Galaxy,31,1991,12.5,0,5,1,20.0,0.40,0.08,0.00,0.00,9.5,0,0,0,0.6,0.6,0.13,-0.6,-0.6,Matchs
500,Max,br BRA,"MT,AT",Rapids,21,2001,7.4,1,14,4,28.6,1.90,0.54,0.07,0.25,23.2,0,0,0,1.1,1.1,0.08,-0.1,-0.1,Matchs
Clt,Joueur,Nation,Pos,Équipe,Âge,Naissance,90,Buts,Tirs,TC,TC%,Tir/90,TC/90,B/Tir,B/TC,Dist,CF,PénM,PénT,xG,npxG,npxG/Sh,G-xG,np:G-xG,Matchs
501,Andreas Maxsø,dk DEN,DF,Rapids,28,1994,32.5,2,15,6,40.0,0.46,0.18,0.13,0.33,8.7,0,0,0,2.2,2.2,0.14,-0.2,-0.2,Matchs
502,Olivier Mbaizo,cm CMR,DF,Philadelphia,25,1997,20.4,0,10,1,10.0,0.49,0.05,0.00,0.00,21.8,0,0,0,0.2,0.2,0.02,-0.2,-0.2,Matchs
503,Hugo-Hilaire Mbongue Mbongue,ca CAN,"AT,MT",Toronto FC,18,2004,2.9,0,1,1,100.0,0.35,0.35,0.00,0.00,16.9,0,0,0,0.0,0.0,0.03,0.0,0.0,Matchs
504,John McCarthy,us USA,GB,LAFC,30,1992,25.0,0,0,0,,0.00,0.00,,,,0,0,0,0.0,0.0,,0.0,0.0,Matchs
505,Dax McCarty,us USA,MT,Nashville,35,1987,21.0,1,9,1,11.1,0.43,0.05,0.11,1.00,23.0,0,0,0,0.5,0.5,0.06,#ERROR!,#ERROR!,Matchs
506,Jack McGlynn,us USA,MT,Philadelphia,19,2003,18.0,2,28,5,17.9,1.55,0.28,0.07,0.40,25.8,1,0,0,1.2,1.2,0.04,#ERROR!,#ERROR!,Matchs
507,Zac McGraw,ca CAN,DF,Portland Timbers,25,1997,26.9,1,23,6,26.1,0.85,0.22,0.04,0.17,11.7,0,0,0,1.5,1.5,0.07,-0.5,-0.5,Matchs
508,Duncan McGuire,us USA,AT,Orlando City,21,2001,15.4,13,33,24,72.7,2.14,1.56,0.39,0.54,13.9,0,0,0,5.3,5.3,0.16,#ERROR!,#ERROR!,Matchs
509,Kendall McIntosh,us USA,GB,Sporting KC,29,1994,13.2,0,0,0,,0.00,0.00,,,,0,0,0,0.0,0.0,,0.0,0.0,Matchs
510,Thomas McNamara,us USA,"MT,AT",NE Revolution,31,1991,2.1,0,1,0,0.0,0.47,0.00,0.00,,12.3,0,0,0,0.1,0.1,0.09,-0.1,-0.1,Matchs
511,Christopher McVey,se SWE,DF,Inter Miami,25,1997,13.5,0,0,0,,0.00,0.00,,,,0,0,0,0.0,0.0,,0.0,0.0,Matchs
512,Jimmy Medranda,co COL,"MT,DF",Crew,28,1994,1.2,1,3,1,33.3,2.57,0.86,0.33,1.00,23.9,0,0,0,0.2,0.2,0.07,#ERROR!,#ERROR!,Matchs
513,Tim Melia,us USA,GB,Sporting KC,36,1986,15.8,0,0,0,,0.00,0.00,,,,0,0,0,0.0,0.0,,0.0,0.0,Matchs
514,Vinicius Mello,br BRA,AT,Charlotte,20,2002,0.6,0,1,0,0.0,1.58,0.00,0.00,,6.9,0,0,0,0.1,0.1,0.09,-0.1,-0.1,Matchs
515,Jonathan Mensah,gh GHA,DF,SJ Earthquakes,32,1990,21.7,0,17,2,11.8,0.78,0.09,0.00,0.00,13.1,0,0,0,0.7,0.7,0.04,-0.7,-0.7,Matchs
516,Justin Meram,iq IRQ,"AT,MT",Charlotte,34,1988,14.8,4,18,10,55.6,1.22,0.68,0.22,0.40,16.1,1,0,0,2.6,2.6,0.14,#ERROR!,#ERROR!,Matchs
517,Justin Meram,iq IRQ,"AT,MT",RSL,34,1988,2.0,0,6,3,50.0,2.93,1.47,0.00,0.00,21.0,0,0,0,0.2,0.2,0.03,-0.2,-0.2,Matchs
518,Lionel Messi,ar ARG,"AT,MT",Inter Miami,35,1987,4.1,1,20,7,35.0,4.83,1.69,0.05,0.14,21.8,7,0,0,2.6,2.6,0.14,-1.6,-1.6,Matchs
519,Matt Miazga,us USA,DF,FC Cincinnati,27,1995,26.5,0,16,2,12.5,0.60,0.08,0.00,0.00,10.1,0,0,0,1.6,1.6,0.10,-1.6,-1.6,Matchs
520,Micael,br BRA,DF,Dynamo FC,22,2000,21.9,1,8,1,12.5,0.36,0.05,0.13,1.00,7.3,0,0,0,1.0,1.0,0.12,0.0,0.0,Matchs
521,Novak Mićović,rs SRB,GB,LA Galaxy,21,2001,2.0,0,0,0,,0.00,0.00,,,,0,0,0,0.0,0.0,,0.0,0.0,Matchs
522,Matko Miljevic,us USA,"MT,AT",CF Montréal,21,2001,1.5,0,6,1,16.7,4.12,0.69,0.00,0.00,22.0,0,0,0,0.3,0.3,0.05,-0.3,-0.3,Matchs
523,Eric Miller,us USA,DF,Portland Timbers,30,1993,13.4,0,2,0,0.0,0.15,0.00,0.00,,16.1,0,0,0,0.1,0.1,0.03,-0.1,-0.1,Matchs
524,Kamal Miller,ca CAN,DF,Inter Miami,25,1997,20.5,0,1,0,0.0,0.05,0.00,0.00,,16.5,0,0,0,0.0,0.0,0.03,0.0,0.0,Matchs
525,Kamal Miller,ca CAN,DF,CF Montréal,25,1997,5.3,0,1,0,0.0,0.19,0.00,0.00,,29.1,0,0,0,0.0,0.0,0.03,0.0,0.0,Matchs
Clt,Joueur,Nation,Pos,Équipe,Âge,Naissance,90,Buts,Tirs,TC,TC%,Tir/90,TC/90,B/Tir,B/TC,Dist,CF,PénM,PénT,xG,npxG,npxG/Sh,G-xG,np:G-xG,Matchs
526,Tyler Miller,us USA,GB,D.C. United,29,1993,24.5,0,0,0,,0.00,0.00,,,,0,0,0,0.0,0.0,,0.0,0.0,Matchs
527,Kevin Molino,tt TRI,"MT,AT",Crew,32,1990,0.7,0,1,0,0.0,1.45,0.00,0.00,,28.4,0,0,0,0.0,0.0,0.05,0.0,0.0,Matchs
528,Alex Monis,us USA,AT,Fire,19,2003,0.1,0,0,0,,0.00,0.00,,,,0,0,0,0.0,0.0,,0.0,0.0,Matchs
529,Jamiro Monteiro,cv CPV,MT,SJ Earthquakes,29,1993,23.6,1,30,9,30.0,1.27,0.38,0.03,0.11,19.5,3,0,0,3.9,3.9,0.13,-2.9,-2.9,Matchs
530,Fredy Montero,co COL,"AT,MT",Seattle,35,1987,4.8,1,16,4,25.0,3.31,0.83,0.06,0.25,22.0,1,0,0,1.2,1.2,0.07,-0.2,-0.2,Matchs
531,Shaquell Moore,us USA,DF,Nashville,26,1996,30.8,0,9,0,0.0,0.29,0.00,0.00,,22.4,0,0,0,0.3,0.3,0.03,-0.3,-0.3,Matchs
532,Felipe Mora,cl CHI,AT,Portland Timbers,29,1993,9.1,6,26,10,38.5,2.86,1.10,0.23,0.60,12.7,0,0,0,4.5,4.5,0.18,#ERROR!,#ERROR!,Matchs
533,Joseph Mora,cr CRC,DF,Charlotte,30,1993,2.1,0,0,0,,0.00,0.00,,,,0,0,0,0.0,0.0,,0.0,0.0,Matchs
534,Alfredo Morales,us USA,MT,NYCFC,32,1990,12.9,0,11,1,9.1,0.85,0.08,0.00,0.00,17.1,0,0,0,0.6,0.6,0.05,-0.6,-0.6,Matchs
535,Maximiliano Moralez,ar ARG,"MT,AT",NYCFC,35,1987,3.5,0,7,2,28.6,02.01,0.57,0.00,0.00,19.6,1,0,0,0.7,0.7,0.10,-0.7,-0.7,Matchs
536,Steven Moreira,cv CPV,DF,Crew,28,1994,32.5,0,6,2,33.3,0.18,0.06,0.00,0.00,16.7,0,0,0,0.5,0.5,0.09,-0.5,-0.5,Matchs
537,Junior Moreno,ve VEN,MT,FC Cincinnati,29,1993,25.0,4,13,4,30.8,0.52,0.16,0.31,1.00,19.8,0,0,0,1.3,1.3,0.10,#ERROR!,#ERROR!,Matchs
538,Santiago Moreno,co COL,"AT,MT",Portland Timbers,22,2000,25.9,3,42,18,42.9,1.62,0.69,0.07,0.17,16.5,1,0,0,4.9,4.9,0.12,-1.9,-1.9,Matchs
539,Lewis Morgan,sct SCO,"MT,AT",NY Red Bulls,26,1996,3.3,0,14,4,28.6,4.23,1.21,0.00,0.00,22.3,2,0,0,1.4,1.4,0.10,-1.4,-1.4,Matchs
540,Aidan Morris,us USA,MT,Crew,21,2001,28.7,4,27,11,40.7,0.94,0.38,0.15,0.36,19.9,0,0,0,3.0,3.0,0.11,#ERROR!,#ERROR!,Matchs
541,Jordan Morris,us USA,AT,Seattle,28,1994,22.0,11,43,17,39.5,1.96,0.77,0.26,0.65,10.7,0,0,0,9.3,9.3,0.22,#ERROR!,#ERROR!,Matchs
542,Edwin Mosquera,co COL,"AT,MT",Atlanta Utd,21,2001,4.9,3,9,5,55.6,1.84,01.02,0.33,0.60,16.3,0,0,0,1.0,1.0,0.12,#ERROR!,#ERROR!,Matchs
543,Yerson Mosquera,co COL,DF,FC Cincinnati,21,2001,25.0,2,17,3,17.6,0.68,0.12,0.12,0.67,15.6,0,0,0,2.1,2.1,0.12,-0.1,-0.1,Matchs
544,Jean Mota,br BRA,MT,Inter Miami,29,1993,10.1,0,16,6,37.5,1.58,0.59,0.00,0.00,26.3,2,0,0,0.8,0.8,0.05,-0.8,-0.8,Matchs
545,Chris Mueller,us USA,"AT,MT",Fire,26,1996,7.9,2,15,3,20.0,1.91,0.38,0.13,0.67,13.1,0,0,0,1.7,1.7,0.11,#ERROR!,#ERROR!,Matchs
546,Hany Mukhtar,de GER,"AT,MT",Nashville,27,1995,31.5,15,112,42,37.5,3.56,1.33,0.09,0.24,19.8,8,5,5,13.9,10.2,0.09,#ERROR!,-0.2,Matchs
547,José Mulato,co COL,"AT,MT",FC Dallas,20,2003,1.2,0,1,0,0.0,0.84,0.00,0.00,,21.6,0,0,0,0.1,0.1,0.08,-0.1,-0.1,Matchs
548,O'Vonte Mullings,ca CAN,"MT,DF",NY Red Bulls,22,2000,0.5,0,0,0,,0.00,0.00,,,,0,0,0,0.0,0.0,,0.0,0.0,Matchs
549,Daniel Munie,us USA,DF,SJ Earthquakes,22,2000,1.2,0,1,0,0.0,0.82,0.00,0.00,,11.0,0,0,0,0.1,0.1,0.07,-0.1,-0.1,Matchs
550,Ian Murphy,us USA,DF,FC Cincinnati,23,2000,16.9,0,2,0,0.0,0.12,0.00,0.00,,9.5,0,0,0,0.2,0.2,0.10,-0.2,-0.2,Matchs
Clt,Joueur,Nation,Pos,Équipe,Âge,Naissance,90,Buts,Tirs,TC,TC%,Tir/90,TC/90,B/Tir,B/TC,Dist,CF,PénM,PénT,xG,npxG,npxG/Sh,G-xG,np:G-xG,Matchs
551,Daniel Musovski,us USA,AT,RSL,27,1995,13.4,5,26,13,50.0,1.95,0.97,0.19,0.38,15.2,0,0,0,4.5,4.5,0.17,#ERROR!,#ERROR!,Matchs
552,Alex Muyl,us USA,"MT,DF",Nashville,27,1995,22.7,1,23,5,21.7,01.02,0.22,0.04,0.20,16.6,0,0,0,1.6,1.6,0.07,-0.6,-0.6,Matchs
553,Tristan Muyumba,,MT,Atlanta Utd,25,1997,9.1,1,6,3,50.0,0.66,0.33,0.17,0.33,15.5,0,0,0,1.1,1.1,0.18,-0.1,-0.1,Matchs
554,Darlington Nagbe,us USA,MT,Crew,32,1990,31.0,3,18,7,38.9,0.58,0.23,0.17,0.43,18.5,0,0,0,2.4,2.4,0.13,#ERROR!,#ERROR!,Matchs
555,Andy Najar,hn HON,DF,D.C. United,29,1993,12.3,0,11,1,9.1,0.90,0.08,0.00,0.00,22.5,0,0,0,0.4,0.4,0.04,-0.4,-0.4,Matchs
556,Federico Navarro,ar ARG,MT,Fire,22,2000,12.2,0,5,1,20.0,0.41,0.08,0.00,0.00,30.9,0,0,0,0.2,0.2,0.03,-0.2,-0.2,Matchs
557,Miguel Navarro,ve VEN,DF,Fire,23,1999,21.9,0,7,0,0.0,0.32,0.00,0.00,,22.0,0,0,0,0.3,0.3,0.05,-0.3,-0.3,Matchs
558,Rafael Navarro,br BRA,AT,Rapids,22,2000,9.8,1,21,9,42.9,2.14,0.92,0.05,0.11,14.6,0,0,0,2.5,2.5,0.12,-1.5,-1.5,Matchs
559,Hassan Ndam,cm CMR,DF,NY Red Bulls,24,1998,7.8,0,8,3,37.5,01.02,0.38,0.00,0.00,16.2,0,0,0,0.7,0.7,0.09,-0.7,-0.7,Matchs
560,Logan Ndenbe,be BEL,DF,Sporting KC,22,2000,17.1,0,10,2,20.0,0.59,0.12,0.00,0.00,21.1,0,0,0,0.3,0.3,0.03,-0.3,-0.3,Matchs
561,Jalen Neal,us USA,DF,LA Galaxy,19,2003,14.3,1,3,1,33.3,0.21,0.07,0.33,1.00,7.1,0,0,0,0.5,0.5,0.15,#ERROR!,#ERROR!,Matchs
562,Dylan Nealis,us USA,DF,NY Red Bulls,24,1998,11.5,0,10,1,10.0,0.87,0.09,0.00,0.00,14.2,0,0,0,0.5,0.5,0.05,-0.5,-0.5,Matchs
563,Sean Nealis,us USA,DF,NY Red Bulls,26,1997,30.2,1,14,5,35.7,0.46,0.17,0.07,0.20,9.9,0,0,0,1.7,1.7,0.12,-0.7,-0.7,Matchs
564,Franco Negri,ar ARG,DF,Inter Miami,27,1995,14.8,1,17,4,23.5,1.15,0.27,0.06,0.25,26.5,1,0,0,0.5,0.5,0.03,#ERROR!,#ERROR!,Matchs
565,John Nelson,us USA,DF,St. Louis,24,1998,14.1,0,5,2,40.0,0.36,0.14,0.00,0.00,20.5,0,0,0,0.4,0.4,0.08,-0.4,-0.4,Matchs
566,Jake Nerwinski,us USA,DF,St. Louis,28,1994,24.6,0,5,1,20.0,0.20,0.04,0.00,0.00,27.5,0,0,0,0.1,0.1,0.02,-0.1,-0.1,Matchs
567,Harvey Neville,ie IRL,"DF,MT",Inter Miami,20,2002,2.2,0,0,0,,0.00,0.00,,,,0,0,0,0.0,0.0,,0.0,0.0,Matchs
568,Jean-Claude Ngando,cm CMR,"MT,AT",Vancouver W'caps,23,1999,0.9,0,2,0,0.0,2.25,0.00,0.00,,24.1,0,0,0,0.0,0.0,0.02,0.0,0.0,Matchs
569,Sam Nicholson,sct SCO,"MT,DF",Rapids,28,1995,16.6,1,18,2,11.1,01.09,0.12,0.06,0.50,19.1,0,0,0,2.1,2.1,0.11,-1.1,-1.1,Matchs
570,Jarosław Niezgoda,pl POL,AT,Portland Timbers,27,1995,7.3,1,8,3,37.5,01.09,0.41,0.13,0.33,11.9,0,0,0,1.7,1.7,0.21,-0.7,-0.7,Matchs
571,Joakim Nilsson,se SWE,DF,St. Louis,28,1994,6.6,0,0,0,,0.00,0.00,,,,0,0,0,0.0,0.0,,0.0,0.0,Matchs
572,Matt Nocita,us USA,DF,NY Red Bulls,22,2000,0.3,0,1,0,0.0,3.33,0.00,0.00,,6.8,0,0,0,0.1,0.1,0.06,-0.1,-0.1,Matchs
573,Nolan Norris,us USA,MT,FC Dallas,17,2005,1.5,0,0,0,,0.00,0.00,,,,0,0,0,0.0,0.0,,0.0,0.0,Matchs
574,Tsiki Ntsabeleng,za RSA,"MT,AT",FC Dallas,24,1998,3.9,0,3,0,0.0,0.76,0.00,0.00,,13.9,0,0,0,0.3,0.3,0.11,-0.3,-0.3,Matchs
575,Obinna Nwobodo,ng NGA,MT,FC Cincinnati,26,1996,28.7,2,13,7,53.8,0.45,0.24,0.15,0.29,22.3,0,0,0,0.9,0.9,0.07,#ERROR!,#ERROR!,Matchs
Clt,Joueur,Nation,Pos,Équipe,Âge,Naissance,90,Buts,Tirs,TC,TC%,Tir/90,TC/90,B/Tir,B/TC,Dist,CF,PénM,PénT,xG,npxG,npxG/Sh,G-xG,np:G-xG,Matchs
576,Moses Nyeman,us USA,MT,RSL,19,2003,0.3,0,1,1,100.0,3.75,3.75,0.00,0.00,32.5,0,0,0,0.0,0.0,0.03,0.0,0.0,Matchs
577,Lewis O'Brien,eng ENG,MT,D.C. United,24,1998,16.8,1,20,5,25.0,1.19,0.30,0.05,0.20,23.1,0,0,0,1.1,1.1,0.05,-0.1,-0.1,Matchs
578,Shane O'Neill,us USA,DF,Toronto FC,29,1993,10.4,0,3,0,0.0,0.29,0.00,0.00,,16.5,0,0,0,0.1,0.1,0.03,-0.1,-0.1,Matchs
579,Kevin O'Toole,us USA,"DF,MT",NYCFC,24,1998,13.3,0,6,3,50.0,0.45,0.23,0.00,0.00,16.0,0,0,0,0.4,0.4,0.06,-0.4,-0.4,Matchs
580,Jáder Obrian,co COL,"AT,MT",FC Dallas,27,1995,21.0,6,24,10,41.7,1.14,0.48,0.25,0.60,11.8,0,0,0,5.7,5.7,0.24,#ERROR!,#ERROR!,Matchs
581,Chinonso Offor,ng NGA,AT,CF Montréal,22,2000,16.8,4,37,15,40.5,2.20,0.89,0.11,0.27,12.9,0,0,0,5.2,5.2,0.14,-1.2,-1.2,Matchs
582,Braian Ojeda,py PAR,MT,RSL,22,2000,24.0,0,33,9,27.3,1.37,0.37,0.00,0.00,22.2,0,0,0,1.7,1.7,0.05,-1.7,-1.7,Matchs
583,Martín Ojeda,ar ARG,"AT,MT",Orlando City,24,1998,19.5,6,65,26,40.0,3.33,1.33,0.09,0.23,24.5,7,0,0,4.7,4.7,0.07,#ERROR!,#ERROR!,Matchs
584,Cristian Olivera,uy URU,AT,LAFC,20,2002,6.7,2,25,12,48.0,3.74,1.80,0.08,0.17,16.3,0,0,0,4.0,4.0,0.16,-2.0,-2.0,Matchs
585,Tani Oluwaseyi,us USA,AT,Minnesota Utd,22,2000,0.1,0,1,0,0.0,6.92,0.00,0.00,,12.0,0,0,0,0.1,0.1,0.14,-0.1,-0.1,Matchs
586,Wyatt Omsberg,us USA,DF,Fire,27,1995,7.9,0,0,0,,0.00,0.00,,,,0,0,0,0.0,0.0,,0.0,0.0,Matchs
587,Kwadwo Opoku,gh GHA,AT,LAFC,21,2001,13.1,2,29,13,44.8,2.22,0.99,0.07,0.15,20.1,0,0,0,3.3,3.3,0.11,-1.3,-1.3,Matchs
588,Kwadwo Opoku,gh GHA,AT,CF Montréal,21,2001,10.3,4,24,6,25.0,2.33,0.58,0.17,0.67,15.0,0,0,0,3.6,3.6,0.15,#ERROR!,#ERROR!,Matchs
589,Nathan Ordaz,sv SLV,AT,LAFC,19,2004,2.9,0,4,2,50.0,1.37,0.69,0.00,0.00,8.5,0,0,0,0.7,0.7,0.18,-0.7,-0.7,Matchs
590,Arquimides Ordonez,gt GUA,AT,FC Cincinnati,19,2003,3.1,0,5,0,0.0,1.62,0.00,0.00,,16.2,0,0,0,0.4,0.4,0.08,-0.4,-0.4,Matchs
591,Prince Osei Owusu,de GER,AT,Toronto FC,26,1997,2.9,0,4,1,25.0,1.40,0.35,0.00,0.00,12.3,0,0,0,0.4,0.4,0.10,-0.4,-0.4,Matchs
592,Jonathan Osorio,ca CAN,"MT,AT",Toronto FC,30,1992,20.8,4,12,7,58.3,0.58,0.34,0.33,0.57,13.0,0,0,0,3.1,3.1,0.26,#ERROR!,#ERROR!,Matchs
593,Tomáš Ostrák,cz CZE,"MT,AT",St. Louis,22,2000,12.8,3,32,12,37.5,2.50,0.94,0.09,0.25,19.7,0,0,0,2.3,2.3,0.07,#ERROR!,#ERROR!,Matchs
594,Bryan Oviedo,cr CRC,DF,RSL,32,1990,19.9,0,12,7,58.3,0.60,0.35,0.00,0.00,20.4,0,0,0,0.5,0.5,0.04,-0.5,-0.5,Matchs
595,Devin Padelford,us USA,DF,Minnesota Utd,20,2003,1.7,1,2,1,50.0,1.17,0.58,0.50,1.00,5.0,0,0,0,0.3,0.3,0.16,#ERROR!,#ERROR!,Matchs
596,Maarten Paes,nl NED,GB,FC Dallas,24,1998,29.1,0,0,0,,0.00,0.00,,,,0,0,0,0.0,0.0,,0.0,0.0,Matchs
597,Nelson Palacio,co COL,MT,RSL,21,2001,9.6,0,8,3,37.5,0.83,0.31,0.00,0.00,27.1,0,0,0,0.3,0.3,0.04,-0.3,-0.3,Matchs
598,Diego Palacios,ec ECU,DF,LAFC,23,1999,27.0,0,16,3,18.8,0.59,0.11,0.00,0.00,22.7,0,0,0,0.7,0.7,0.04,-0.7,-0.7,Matchs
599,Sergi Palencia,es ESP,DF,LAFC,26,1996,14.0,0,7,1,14.3,0.50,0.07,0.00,0.00,25.4,0,0,0,0.2,0.2,0.04,-0.2,-0.2,Matchs
600,Victor Pálsson,is ISL,"DF,MT",D.C. United,31,1991,17.5,0,9,0,0.0,0.51,0.00,0.00,,12.3,0,0,0,0.7,0.7,0.08,-0.7,-0.7,Matchs
Clt,Joueur,Nation,Pos,Équipe,Âge,Naissance,90,Buts,Tirs,TC,TC%,Tir/90,TC/90,B/Tir,B/TC,Dist,CF,PénM,PénT,xG,npxG,npxG/Sh,G-xG,np:G-xG,Matchs
601,Jack Panayotou,us USA,"MT,DF",NE Revolution,18,2004,3.6,0,3,0,0.0,0.84,0.00,0.00,,20.6,0,0,0,0.1,0.1,0.04,-0.1,-0.1,Matchs
602,Elliot Panicco,us USA,GB,Nashville,26,1996,2.0,0,0,0,,0.00,0.00,,,,0,0,0,0.0,0.0,,0.0,0.0,Matchs
603,James Pantemis,ca CAN,GB,CF Montréal,25,1997,1.9,0,0,0,,0.00,0.00,,,,0,0,0,0.0,0.0,,0.0,0.0,Matchs
604,Cristhian Paredes,py PAR,MT,Portland Timbers,24,1998,21.2,2,25,6,24.0,1.18,0.28,0.08,0.33,19.1,0,0,0,2.5,2.5,0.10,-0.5,-0.5,Matchs
605,Isaiah Parente,us USA,"MT,AT",Crew,22,2000,0.5,0,4,1,25.0,8.00,2.00,0.00,0.00,9.8,0,0,0,1.0,1.0,0.26,-1.0,-1.0,Matchs
606,Tim Parker,us USA,DF,St. Louis,29,1993,28.5,4,15,4,26.7,0.53,0.14,0.27,1.00,9.0,0,0,0,1.5,1.5,0.10,#ERROR!,#ERROR!,Matchs
607,Keaton Parks,us USA,MT,NYCFC,25,1997,27.9,2,43,16,37.2,1.54,0.57,0.05,0.13,17.8,0,0,0,3.3,3.3,0.08,-1.3,-1.3,Matchs
608,Ilijah Paul,us USA,"AT,MT",RSL,20,2002,1.2,0,3,1,33.3,2.41,0.80,0.00,0.00,16.1,0,0,0,0.8,0.8,0.26,-0.8,-0.8,Matchs
609,João Paulo Mior,br BRA,MT,Seattle,31,1991,27.3,0,20,1,5.0,0.73,0.04,0.00,0.00,24.2,0,0,0,1.0,1.0,0.05,-1.0,-1.0,Matchs
610,Adam Pearlman,ca CAN,DF,Toronto FC,17,2005,0.1,0,0,0,,0.00,0.00,,,,0,0,0,0.0,0.0,,0.0,0.0,Matchs
611,Matías Pellegrini,ar ARG,"AT,MT",NYCFC,22,2000,12.8,1,17,3,17.6,1.33,0.23,0.06,0.33,20.5,1,0,0,1.2,1.2,0.07,-0.2,-0.2,Matchs
612,Andrés Perea,us USA,MT,Philadelphia,22,2000,1.7,1,9,2,22.2,5.36,1.19,0.11,0.50,15.0,0,0,0,0.7,0.7,0.08,#ERROR!,#ERROR!,Matchs
613,Andrés Perea,us USA,MT,NYCFC,22,2000,8.6,1,19,5,26.3,2.21,0.58,0.05,0.20,14.3,0,0,0,1.6,1.6,0.08,-0.6,-0.6,Matchs
614,Daniel Pereira,ve VEN,MT,Austin,22,2000,28.1,0,16,5,31.3,0.57,0.18,0.00,0.00,28.5,0,0,0,0.4,0.4,0.02,-0.4,-0.4,Matchs
615,Gabriel Pereira,br BRA,"AT,MT",NYCFC,21,2001,17.1,6,49,22,44.9,2.87,1.29,0.12,0.27,18.2,2,0,0,4.4,4.4,0.09,#ERROR!,#ERROR!,Matchs
616,Mauricio Pereyra,uy URU,MT,Orlando City,32,1990,23.5,0,16,4,25.0,0.68,0.17,0.00,0.00,16.0,2,0,0,2.4,2.4,0.15,-2.4,-2.4,Matchs
617,Jonathan Perez,mx MEX,"DF,MT",LA Galaxy,20,2003,1.3,0,5,1,20.0,3.98,0.80,0.00,0.00,21.2,0,0,0,0.2,0.2,0.03,-0.2,-0.2,Matchs
618,Miguel Perez,us USA,MT,St. Louis,17,2005,6.8,1,10,2,20.0,1.48,0.30,0.10,0.50,18.0,0,0,0,1.2,1.2,0.12,-0.2,-0.2,Matchs
619,Jordan Perruzza,ca CAN,"AT,MT",Toronto FC,22,2001,1.4,0,4,0,0.0,2.88,0.00,0.00,,16.4,0,0,0,0.4,0.4,0.11,-0.4,-0.4,Matchs
620,Luca Petrasso,ca CAN,"DF,AT",Orlando City,22,2000,4.8,0,2,0,0.0,0.41,0.00,0.00,,12.4,0,0,0,0.2,0.2,0.09,-0.2,-0.2,Matchs
621,Raoul Petretta,it ITA,DF,Toronto FC,25,1997,19.4,0,6,2,33.3,0.31,0.10,0.00,0.00,16.6,0,0,0,0.4,0.4,0.06,-0.4,-0.4,Matchs
622,Đorđe Petrović,rs SRB,GB,NE Revolution,23,1999,22.0,0,0,0,,0.00,0.00,,,,0,0,0,0.0,0.0,,0.0,0.0,Matchs
623,Fafà Picault,ht HAI,"AT,MT",Nashville,31,1991,18.0,5,34,16,47.1,1.89,0.89,0.15,0.31,14.1,0,0,0,3.9,3.9,0.12,#ERROR!,#ERROR!,Matchs
624,Selmir Pidro,ba BIH,DF,St. Louis,24,1998,0.5,0,0,0,,0.00,0.00,,,,0,0,0,0.0,0.0,,0.0,0.0,Matchs
625,Kayden Pierre,us USA,DF,Sporting KC,19,2003,0.1,0,0,0,,0.00,0.00,,,,0,0,0,0.0,0.0,,0.0,0.0,Matchs
Clt,Joueur,Nation,Pos,Équipe,Âge,Naissance,90,Buts,Tirs,TC,TC%,Tir/90,TC/90,B/Tir,B/TC,Dist,CF,PénM,PénT,xG,npxG,npxG/Sh,G-xG,np:G-xG,Matchs
626,Samuel Piette,ca CAN,MT,CF Montréal,28,1994,12.1,0,2,0,0.0,0.16,0.00,0.00,,19.5,0,0,0,0.1,0.1,0.03,-0.1,-0.1,Matchs
627,Mauricio Pineda,us USA,"DF,MT",Fire,25,1997,17.4,1,9,2,22.2,0.52,0.11,0.11,0.50,17.2,0,0,0,0.4,0.4,0.05,#ERROR!,#ERROR!,Matchs
628,Donovan Pines,us USA,DF,D.C. United,24,1998,20.5,3,12,5,41.7,0.59,0.24,0.25,0.60,7.9,0,0,0,1.4,1.4,0.15,#ERROR!,#ERROR!,Matchs
629,Malik Pinto,us USA,MT,FC Cincinnati,20,2002,4.4,0,1,0,0.0,0.23,0.00,0.00,,21.8,0,0,0,0.1,0.1,0.05,-0.1,-0.1,Matchs
630,Gabriel Pirani,br BRA,MT,D.C. United,20,2002,9.2,1,19,8,42.1,02.06,0.87,0.05,0.13,18.9,0,0,0,1.6,1.6,0.08,-0.6,-0.6,Matchs
631,Rodolfo Pizarro,mx MEX,"MT,AT",Inter Miami,28,1994,10.3,0,13,4,30.8,1.27,0.39,0.00,0.00,18.9,1,0,0,0.7,0.7,0.06,-0.7,-0.7,Matchs
632,Matt Polster,us USA,"MT,DF",NE Revolution,29,1993,30.4,2,19,5,26.3,0.63,0.16,0.11,0.40,19.1,0,0,0,1.4,1.4,0.07,#ERROR!,#ERROR!,Matchs
633,Célio Pompeu,br BRA,"AT,MT",St. Louis,23,1999,10.8,1,22,7,31.8,02.03,0.65,0.05,0.14,17.7,0,0,0,1.9,1.9,0.09,-0.9,-0.9,Matchs
634,Paxton Pomykal,us USA,MT,FC Dallas,23,1999,17.8,0,10,3,30.0,0.56,0.17,0.00,0.00,20.8,0,0,0,0.4,0.4,0.04,-0.4,-0.4,Matchs
635,Alvas Powell,jm JAM,DF,FC Cincinnati,28,1994,10.6,0,6,1,16.7,0.56,0.09,0.00,0.00,14.8,0,0,0,0.5,0.5,0.08,-0.5,-0.5,Matchs
636,Jack Price,eng ENG,MT,Rapids,30,1992,0.4,0,0,0,,0.00,0.00,,,,0,0,0,0.0,0.0,,0.0,0.0,Matchs
637,Ralph Priso-Mbongue,ca CAN,MT,Rapids,20,2002,11.5,0,3,0,0.0,0.26,0.00,0.00,,21.4,0,0,0,0.2,0.2,0.07,-0.2,-0.2,Matchs
638,Andrew Privett,us USA,DF,Charlotte,22,2000,11.6,0,5,1,20.0,0.43,0.09,0.00,0.00,18.9,0,0,0,0.2,0.2,0.04,-0.2,-0.2,Matchs
639,Kacper Przybyłko,pl POL,AT,Fire,29,1993,10.8,4,21,9,42.9,1.94,0.83,0.19,0.44,13.7,0,0,0,3.7,3.7,0.20,#ERROR!,#ERROR!,Matchs
640,Riqui Puig,es ESP,"MT,AT",LA Galaxy,23,1999,28.1,7,86,31,36.0,03.07,1.10,0.06,0.16,23.9,4,2,2,7.7,6.1,0.07,-0.7,-1.1,Matchs
641,Teemu Pukki,fi FIN,AT,Minnesota Utd,32,1990,11.5,10,38,19,50.0,3.32,1.66,0.24,0.47,15.7,0,1,1,6.3,5.5,0.14,#ERROR!,#ERROR!,Matchs
642,Alan Pulido,mx MEX,AT,Sporting KC,31,1991,24.5,14,50,25,50.0,02.04,01.02,0.22,0.44,16.4,1,3,4,8.4,5.1,0.10,#ERROR!,#ERROR!,Matchs
643,John Pulskamp,us USA,GB,Sporting KC,21,2001,5.0,0,0,0,,0.00,0.00,,,,0,0,0,0.0,0.0,,0.0,0.0,Matchs
644,Facundo Quignon,ar ARG,MT,FC Dallas,29,1993,21.3,1,20,9,45.0,0.94,0.42,0.05,0.11,15.3,1,0,0,2.4,2.4,0.12,-1.4,-1.4,Matchs
645,Nelson Quiñones,co COL,"AT,MT",Dynamo FC,20,2002,16.4,4,26,13,50.0,1.59,0.79,0.15,0.31,17.4,1,0,0,2.3,2.3,0.09,#ERROR!,#ERROR!,Matchs
646,Philip Quinton,us USA,DF,Crew,23,1999,10.4,1,2,1,50.0,0.19,0.10,0.50,1.00,9.2,0,0,0,0.2,0.2,0.12,#ERROR!,#ERROR!,Matchs
647,Romell Quioto,hn HON,AT,CF Montréal,31,1991,8.9,3,21,8,38.1,2.37,0.90,0.10,0.25,17.1,1,1,1,3.1,2.3,0.11,-0.1,-0.3,Matchs
648,Nemanja Radoja,rs SRB,MT,Sporting KC,29,1993,19.0,0,10,1,10.0,0.53,0.05,0.00,0.00,22.7,0,0,0,0.8,0.8,0.08,-0.8,-0.8,Matchs
649,Aleksandar Radovanović,rs SRB,DF,Austin,29,1993,3.9,0,2,0,0.0,0.51,0.00,0.00,,12.8,0,0,0,0.1,0.1,0.05,-0.1,-0.1,Matchs
650,Jeremy Rafanello,us USA,MT,Philadelphia,22,2000,0.1,0,0,0,,0.00,0.00,,,,0,0,0,0.0,0.0,,0.0,0.0,Matchs
Clt,Joueur,Nation,Pos,Équipe,Âge,Naissance,90,Buts,Tirs,TC,TC%,Tir/90,TC/90,B/Tir,B/TC,Dist,CF,PénM,PénT,xG,npxG,npxG/Sh,G-xG,np:G-xG,Matchs
651,Jackson Ragen,us USA,DF,Seattle,24,1998,31.6,0,13,3,23.1,0.41,0.09,0.00,0.00,9.1,0,0,0,0.8,0.8,0.06,-0.8,-0.8,Matchs
652,Brooklyn Raines,us USA,"MT,AT",Dynamo FC,17,2005,2.2,0,2,0,0.0,0.89,0.00,0.00,,13.1,0,0,0,0.1,0.1,0.06,-0.1,-0.1,Matchs
653,Christian Ramirez,us USA,"AT,MT",Crew,31,1991,17.9,8,47,14,29.8,2.62,0.78,0.17,0.57,14.0,0,0,0,6.7,6.7,0.14,#ERROR!,#ERROR!,Matchs
654,Greg Ranjitsingh,tt TRI,GB,Toronto FC,29,1993,4.0,0,0,0,,0.00,0.00,,,,0,0,0,0.0,0.0,,0.0,0.0,Matchs
655,Ryan Raposo,ca CAN,"DF,AT",Vancouver W'caps,23,1999,14.8,0,16,4,25.0,01.08,0.27,0.00,0.00,19.1,0,0,0,0.8,0.8,0.05,-0.8,-0.8,Matchs
656,Justin Rasmussen,us USA,DF,Portland Timbers,24,1998,3.7,0,1,0,0.0,0.27,0.00,0.00,,20.6,0,0,0,0.1,0.1,0.13,-0.1,-0.1,Matchs
657,Sean Rea,ca CAN,"MT,AT",CF Montréal,20,2002,8.3,0,5,2,40.0,0.60,0.24,0.00,0.00,22.3,0,0,0,0.3,0.3,0.07,-0.3,-0.3,Matchs
658,Matthew Real,us USA,"DF,MT",Philadelphia,23,1999,5.5,0,3,1,33.3,0.54,0.18,0.00,0.00,11.1,0,0,0,0.3,0.3,0.11,-0.3,-0.3,Matchs
659,Rodney Redes,py PAR,"MT,AT",Austin,22,2000,5.4,1,5,3,60.0,0.93,0.56,0.20,0.33,16.2,0,0,0,0.6,0.6,0.11,#ERROR!,#ERROR!,Matchs
660,Jayden Reid,us USA,MT,NY Red Bulls,21,2001,0.0,0,0,0,,0.00,0.00,,,,0,0,0,0.0,0.0,,0.0,0.0,Matchs
661,Justin Rennicks,us USA,"AT,MT",NE Revolution,23,1999,4.3,0,3,1,33.3,0.69,0.23,0.00,0.00,14.9,0,0,0,0.5,0.5,0.18,-0.5,-0.5,Matchs
662,Andrés Reyes,co COL,DF,NY Red Bulls,23,1999,26.5,2,24,4,16.7,0.91,0.15,0.08,0.50,10.1,0,0,0,2.1,2.1,0.09,-0.1,-0.1,Matchs
663,Emanuel Reynoso,ar ARG,MT,Minnesota Utd,27,1995,15.2,6,46,16,34.8,03.04,01.06,0.11,0.31,22.1,9,1,1,5.4,4.6,0.10,#ERROR!,#ERROR!,Matchs
664,Spencer Richey,us USA,GB,Fire,30,1992,4.7,0,0,0,,0.00,0.00,,,,0,0,0,0.0,0.0,,0.0,0.0,Matchs
665,Emiliano Rigoni,ar ARG,"AT,MT",Austin,29,1993,24.3,5,47,22,46.8,1.93,0.90,0.11,0.23,15.1,3,0,0,5.6,5.6,0.12,-0.6,-0.6,Matchs
666,Chris Rindov,us USA,DF,Sporting KC,21,2001,0.1,0,0,0,,0.00,0.00,,,,0,0,0,0.0,0.0,,0.0,0.0,Matchs
667,Alexander Ring,fi FIN,"DF,MT",Austin,31,1991,23.9,2,19,6,31.6,0.79,0.25,0.11,0.33,18.2,0,0,0,1.5,1.5,0.08,#ERROR!,#ERROR!,Matchs
668,Birk Risa,no NOR,DF,NYCFC,24,1998,9.6,0,3,1,33.3,0.31,0.10,0.00,0.00,23.5,2,0,0,0.1,0.1,0.03,-0.1,-0.1,Matchs
669,Damien Rivera,cr CRC,"AT,MT",NE Revolution,20,2002,2.0,0,6,2,33.3,2.97,0.99,0.00,0.00,14.5,0,0,0,0.7,0.7,0.11,-0.7,-0.7,Matchs
670,Nigel Robertha,nl NED,"AT,MT",D.C. United,24,1998,3.4,1,7,4,57.1,02.04,1.17,0.14,0.25,14.3,0,0,0,1.3,1.3,0.19,-0.3,-0.3,Matchs
671,Miles Robinson,us USA,DF,Atlanta Utd,25,1997,26.3,2,12,5,41.7,0.46,0.19,0.17,0.40,9.2,0,0,0,1.5,1.5,0.13,#ERROR!,#ERROR!,Matchs
672,Robbie Robinson,us USA,"AT,MT",Inter Miami,24,1998,3.8,1,16,4,25.0,4.21,01.05,0.06,0.25,16.7,0,0,0,2.5,2.5,0.15,-1.5,-1.5,Matchs
673,Rodrigues,br BRA,DF,SJ Earthquakes,25,1997,33.3,1,25,5,20.0,0.75,0.15,0.04,0.20,9.5,0,0,0,2.9,2.9,0.12,-1.9,-1.9,Matchs
674,Abraham Rodriguez,us USA,GB,Rapids,20,2002,1.0,0,0,0,,0.00,0.00,,,,0,0,0,0.0,0.0,,0.0,0.0,Matchs
675,Memo Rodriguez,us USA,"AT,MT",Austin,27,1995,2.7,0,7,5,71.4,2.62,1.87,0.00,0.00,23.5,1,0,0,0.9,0.9,0.12,-0.9,-0.9,Matchs
Clt,Joueur,Nation,Pos,Équipe,Âge,Naissance,90,Buts,Tirs,TC,TC%,Tir/90,TC/90,B/Tir,B/TC,Dist,CF,PénM,PénT,xG,npxG,npxG/Sh,G-xG,np:G-xG,Matchs
676,Memo Rodriguez,us USA,"MT,AT",LA Galaxy,27,1995,7.4,1,15,4,26.7,02.03,0.54,0.07,0.25,22.0,2,0,0,0.7,0.7,0.05,#ERROR!,#ERROR!,Matchs
677,Missael Rodriguez,us USA,AT,Fire,19,2003,0.2,0,0,0,,0.00,0.00,,,,0,0,0,0.0,0.0,,0.0,0.0,Matchs
678,Santiago Rodríguez,uy URU,"MT,AT",NYCFC,23,2000,28.7,5,45,15,33.3,1.57,0.52,0.09,0.27,21.2,7,1,2,4.9,3.3,0.07,#ERROR!,#ERROR!,Matchs
679,Alex Roldan,sv SLV,DF,Seattle,26,1996,26.9,1,19,4,21.1,0.71,0.15,0.05,0.25,18.7,0,0,0,0.9,0.9,0.05,#ERROR!,#ERROR!,Matchs
680,Cristian Roldan,us USA,"AT,DF",Seattle,27,1995,13.9,3,22,10,45.5,1.58,0.72,0.14,0.30,12.7,0,0,0,3.3,3.3,0.17,-0.3,-0.3,Matchs
681,Tomas Romero,sv SLV,GB,Toronto FC,22,2000,6.0,0,0,0,,0.00,0.00,,,,0,0,0,0.0,0.0,,0.0,0.0,Matchs
682,David Romney,us USA,DF,NE Revolution,29,1993,34.0,1,14,3,21.4,0.41,0.09,0.07,0.33,10.8,0,0,0,1.0,1.0,0.07,0.0,0.0,Matchs
683,Connor Ronan,ie IRL,MT,Rapids,24,1998,31.6,1,25,5,20.0,0.79,0.16,0.00,0.00,27.5,1,1,2,2.5,0.9,0.04,-1.5,-0.9,Matchs
684,Eloy Room,cw CUW,GB,Crew,33,1989,3.0,0,0,0,,0.00,0.00,,,,0,0,0,0.0,0.0,,0.0,0.0,Matchs
685,Joseph Rosales,hn HON,"AT,MT",Minnesota Utd,22,2000,12.1,1,16,4,25.0,1.32,0.33,0.06,0.25,21.1,0,0,0,1.3,1.3,0.08,-0.3,-0.3,Matchs
686,Oriol Rosell,es ESP,MT,LA Galaxy,30,1992,9.4,0,3,0,0.0,0.32,0.00,0.00,,20.3,0,0,0,0.1,0.1,0.04,-0.1,-0.1,Matchs
687,Keegan Rosenberry,us USA,DF,Rapids,29,1993,25.2,0,18,6,33.3,0.71,0.24,0.00,0.00,22.0,0,0,0,0.7,0.7,0.04,-0.7,-0.7,Matchs
688,Daniel Rosero,co COL,DF,Sporting KC,29,1993,25.1,2,20,7,35.0,0.80,0.28,0.10,0.29,11.4,0,0,0,1.9,1.9,0.09,#ERROR!,#ERROR!,Matchs
689,Matheus Rossetto,br BRA,MT,Atlanta Utd,26,1996,20.3,1,15,7,46.7,0.74,0.34,0.07,0.14,23.7,0,0,0,1.0,1.0,0.07,0.0,0.0,Matchs
690,Diego Rossi,uy URU,"MT,AT",Crew,24,1998,8.6,3,26,10,38.5,03.04,1.17,0.12,0.30,18.1,1,0,0,2.6,2.6,0.10,#ERROR!,#ERROR!,Matchs
691,Sigurd Rosted,no NOR,DF,Toronto FC,28,1994,18.3,0,5,0,0.0,0.27,0.00,0.00,,11.4,0,0,0,0.3,0.3,0.07,-0.3,-0.3,Matchs
692,Paul Rothrock,us USA,AT,Seattle,24,1999,0.5,1,1,1,100.0,02.05,02.05,1.00,1.00,3.7,0,0,0,0.8,0.8,0.75,#ERROR!,#ERROR!,Matchs
693,Kelyn Rowe,us USA,DF,Seattle,31,1991,3.8,0,3,1,33.3,0.79,0.26,0.00,0.00,17.4,0,0,0,0.2,0.2,0.06,-0.2,-0.2,Matchs
694,Ruan,br BRA,"DF,MT",D.C. United,27,1995,15.8,0,9,2,22.2,0.57,0.13,0.00,0.00,16.7,0,0,0,0.8,0.8,0.09,-0.8,-0.8,Matchs
695,Rubio Rubin,gt GUA,"AT,MT",RSL,26,1996,14.4,2,29,8,27.6,02.02,0.56,0.07,0.25,13.4,0,0,0,4.0,4.0,0.14,-2.0,-2.0,Matchs
696,Diego Rubio,cl CHI,"MT,AT",Rapids,29,1993,11.9,3,30,14,46.7,2.52,1.17,0.10,0.21,21.2,3,0,1,2.6,1.8,0.06,#ERROR!,#ERROR!,Matchs
697,Raúl Ruidíaz,pe PER,AT,Seattle,32,1990,11.7,5,41,20,48.8,3.50,1.71,0.12,0.25,16.1,2,0,0,5.7,5.7,0.14,-0.7,-0.7,Matchs
698,David Ruiz,hn HON,MT,Inter Miami,18,2004,13.2,2,8,3,37.5,0.61,0.23,0.25,0.67,14.0,0,0,0,1.1,1.1,0.14,#ERROR!,#ERROR!,Matchs
699,Pablo Ruíz,ar ARG,MT,RSL,24,1998,15.3,4,28,10,35.7,1.83,0.65,0.14,0.40,31.5,2,0,0,1.2,1.2,0.04,#ERROR!,#ERROR!,Matchs
700,Albert Rusnák,sk SVK,"MT,AT",Seattle,28,1994,29.1,5,68,12,17.6,2.34,0.41,0.07,0.42,20.3,6,0,0,4.3,4.3,0.06,#ERROR!,#ERROR!,Matchs
Clt,Joueur,Nation,Pos,Équipe,Âge,Naissance,90,Buts,Tirs,TC,TC%,Tir/90,TC/90,B/Tir,B/TC,Dist,CF,PénM,PénT,xG,npxG,npxG/Sh,G-xG,np:G-xG,Matchs
701,Johnny Russell,sct SCO,AT,Sporting KC,32,1990,18.7,8,39,16,41.0,02.08,0.85,0.18,0.44,16.0,0,1,1,4.7,3.9,0.10,#ERROR!,#ERROR!,Matchs
702,Jacen Russell-Rowe,ca CAN,"AT,MT",Crew,20,2002,6.0,4,19,10,52.6,3.18,1.67,0.21,0.40,13.0,0,0,0,3.0,3.0,0.16,#ERROR!,#ERROR!,Matchs
703,Ryan Sailor,us USA,"DF,AT",Inter Miami,24,1998,3.4,0,0,0,,0.00,0.00,,,,0,0,0,0.0,0.0,,0.0,0.0,Matchs
704,Nathan-Dylan Saliba,ca CAN,MT,CF Montréal,18,2004,19.7,0,20,3,15.0,01.02,0.15,0.00,0.00,23.6,0,0,0,1.0,1.0,0.05,-1.0,-1.0,Matchs
705,Abdi Salim,so SOM,DF,Orlando City,21,2001,1.6,0,0,0,,0.00,0.00,,,,0,0,0,0.0,0.0,,0.0,0.0,Matchs
706,Dániel Sallói,hu HUN,AT,Sporting KC,26,1996,31.9,7,74,32,43.2,2.32,1.00,0.09,0.22,18.5,0,0,0,7.0,7.0,0.10,0.0,0.0,Matchs
707,Gaoussou Samaké,ci CIV,"MT,DF",D.C. United,25,1997,4.0,0,3,0,0.0,0.75,0.00,0.00,,20.5,0,0,0,0.1,0.1,0.03,-0.1,-0.1,Matchs
708,Ilie Sánchez,es ESP,MT,LAFC,32,1990,28.8,1,12,4,33.3,0.42,0.14,0.08,0.25,18.8,0,0,0,0.5,0.5,0.04,#ERROR!,#ERROR!,Matchs
709,James Sands,us USA,"MT,DF",NYCFC,22,2000,24.1,0,7,2,28.6,0.29,0.08,0.00,0.00,19.0,0,0,0,0.6,0.6,0.08,-0.6,-0.6,Matchs
710,William Sands,us USA,"DF,MT",Crew,22,2000,5.4,0,2,0,0.0,0.37,0.00,0.00,,20.1,0,0,0,0.1,0.1,0.05,-0.1,-0.1,Matchs
711,Jeong Sangbin,kr KOR,"AT,MT",Minnesota Utd,20,2002,10.7,1,20,6,30.0,1.87,0.56,0.05,0.17,18.6,0,0,1,3.8,3.0,0.15,-2.8,-2.0,Matchs
712,Sergio Santos Gomes,br BRA,"AT,MT",FC Cincinnati,28,1994,10.0,4,28,10,35.7,2.79,1.00,0.14,0.40,13.5,0,0,0,4.6,4.6,0.16,-0.6,-0.6,Matchs
713,Nuno Santos,pt POR,MT,Charlotte,23,1999,2.4,0,5,2,40.0,02.06,0.83,0.00,0.00,15.1,1,0,0,0.9,0.9,0.17,-0.9,-0.9,Matchs
714,Pedro Santos,pt POR,"DF,MT",D.C. United,34,1988,16.7,1,18,6,33.3,01.08,0.36,0.06,0.17,23.3,3,0,0,0.8,0.8,0.05,#ERROR!,#ERROR!,Matchs
715,Rafael Santos,br BRA,DF,Orlando City,24,1998,22.1,1,19,3,15.8,0.86,0.14,0.05,0.33,24.9,0,0,0,0.6,0.6,0.03,#ERROR!,#ERROR!,Matchs
716,C.J. Sapong,us USA,AT,Toronto FC,34,1988,14.1,1,23,3,13.0,1.63,0.21,0.04,0.33,13.1,0,0,0,2.7,2.7,0.12,-1.7,-1.7,Matchs
717,C.J. Sapong,us USA,AT,Nashville,34,1988,4.2,0,6,2,33.3,1.41,0.47,0.00,0.00,11.0,0,0,0,0.9,0.9,0.15,-0.9,-0.9,Matchs
718,Hayden Sargis,us USA,DF,D.C. United,20,2002,0.2,0,0,0,,0.00,0.00,,,,0,0,0,0.0,0.0,,0.0,0.0,Matchs
719,Jefferson Savarino,ve VEN,"MT,AT",RSL,26,1996,21.6,7,70,24,34.3,3.24,1.11,0.10,0.29,21.4,2,0,0,5.2,5.2,0.07,#ERROR!,#ERROR!,Matchs
720,Rodrigo Schlegel,ar ARG,DF,Orlando City,25,1997,21.9,0,7,2,28.6,0.32,0.09,0.00,0.00,11.1,0,0,0,0.3,0.3,0.04,-0.3,-0.3,Matchs
721,Tate Schmitt,us USA,DF,Dynamo FC,25,1997,4.4,1,3,2,66.7,0.68,0.45,0.33,0.50,8.9,0,0,0,0.3,0.3,0.10,#ERROR!,#ERROR!,Matchs
722,Alessandro Schöpf,at AUT,MT,Vancouver W'caps,28,1994,19.7,1,19,7,36.8,0.96,0.36,0.05,0.14,21.3,0,0,0,1.4,1.4,0.07,-0.4,-0.4,Matchs
723,Patrick Schulte,us USA,GB,Crew,21,2001,31.0,0,0,0,,0.00,0.00,,,,0,0,0,0.0,0.0,,0.0,0.0,Matchs
724,Dante Sealy,us USA,"MT,DF",FC Dallas,19,2003,3.2,0,2,1,50.0,0.63,0.32,0.00,0.00,14.1,0,0,0,0.5,0.5,0.23,-0.5,-0.5,Matchs
725,Gabe Segal,us USA,AT,NYCFC,21,2001,4.6,2,14,4,28.6,03.01,0.86,0.14,0.50,15.7,0,0,0,2.0,2.0,0.14,0.0,0.0,Matchs
Clt,Joueur,Nation,Pos,Équipe,Âge,Naissance,90,Buts,Tirs,TC,TC%,Tir/90,TC/90,B/Tir,B/TC,Dist,CF,PénM,PénT,xG,npxG,npxG/Sh,G-xG,np:G-xG,Matchs
726,Amar Sejdic,us USA,MT,Atlanta Utd,26,1996,11.8,0,9,2,22.2,0.76,0.17,0.00,0.00,21.1,0,0,0,0.4,0.4,0.04,-0.4,-0.4,Matchs
727,Brandon Servania,us USA,"MT,AT",Toronto FC,23,1999,18.9,1,18,6,33.3,0.95,0.32,0.06,0.17,21.8,1,0,0,1.0,1.0,0.06,0.0,0.0,Matchs
728,Jacob Shaffelburg,ca CAN,"AT,MT",Nashville,23,1999,14.6,3,30,9,30.0,02.05,0.62,0.10,0.33,15.4,0,0,0,4.1,4.1,0.14,-1.1,-1.1,Matchs
729,Xherdan Shaqiri,ch SUI,MT,Fire,31,1991,22.8,5,35,12,34.3,1.54,0.53,0.11,0.33,21.8,7,1,1,4.0,3.2,0.09,#ERROR!,#ERROR!,Matchs
730,Billy Sharp,eng ENG,AT,LA Galaxy,36,1986,7.9,6,22,13,59.1,2.78,1.65,0.23,0.38,10.8,0,1,1,6.0,5.2,0.24,0.0,-0.2,Matchs
731,Khiry Shelton,us USA,"AT,MT",Sporting KC,29,1993,9.4,1,6,3,50.0,0.64,0.32,0.17,0.33,12.8,0,0,0,1.2,1.2,0.20,-0.2,-0.2,Matchs
732,Andre Shinyashiki,br BRA,"MT,AT",Charlotte,27,1995,2.1,0,3,1,33.3,1.41,0.47,0.00,0.00,18.0,0,0,0,0.2,0.2,0.06,-0.2,-0.2,Matchs
733,Marcelo Silva,uy URU,DF,RSL,33,1989,16.0,0,12,1,8.3,0.75,0.06,0.00,0.00,11.8,0,0,0,0.5,0.5,0.04,-0.5,-0.5,Matchs
734,Xande Silva,pt POR,AT,Atlanta Utd,25,1997,7.1,2,16,7,43.8,2.27,0.99,0.13,0.29,18.0,0,0,0,1.4,1.4,0.09,#ERROR!,#ERROR!,Matchs
735,Jonathan Sirois,ca CAN,GB,CF Montréal,21,2001,32.1,0,0,0,,0.00,0.00,,,,0,0,0,0.0,0.0,,0.0,0.0,Matchs
736,Pablo Sisniega,mx MEX,GB,Charlotte,27,1995,3.0,0,0,0,,0.00,0.00,,,,0,0,0,0.0,0.0,,0.0,0.0,Matchs
737,Jack Skahan,us USA,"AT,MT",SJ Earthquakes,24,1998,4.0,1,4,1,25.0,0.99,0.25,0.25,1.00,13.8,0,0,0,1.0,1.0,0.24,0.0,0.0,Matchs
738,Brad Smith,au AUS,"DF,AT",Dynamo FC,28,1994,5.3,1,8,4,50.0,1.50,0.75,0.13,0.25,15.6,0,0,0,0.4,0.4,0.05,#ERROR!,#ERROR!,Matchs
739,Collin Smith,us USA,"DF,MT",FC Dallas,19,2003,1.2,0,0,0,,0.00,0.00,,,,0,0,0,0.0,0.0,,0.0,0.0,Matchs
740,Kyle Smith,us USA,DF,Orlando City,31,1992,16.6,1,7,2,28.6,0.42,0.12,0.14,0.50,18.2,0,0,0,0.4,0.4,0.06,#ERROR!,#ERROR!,Matchs
741,Jan Sobociński,pl POL,DF,Charlotte,23,1999,7.2,0,3,1,33.3,0.42,0.14,0.00,0.00,10.7,0,0,0,0.2,0.2,0.07,-0.2,-0.2,Matchs
742,Santiago Sosa,ar ARG,MT,Atlanta Utd,23,1999,10.2,0,12,3,25.0,1.18,0.29,0.00,0.00,15.2,0,0,0,0.7,0.7,0.06,-0.7,-0.7,Matchs
743,Arnaud Souquet,fr FRA,DF,Fire,30,1992,20.3,0,9,2,22.2,0.44,0.10,0.00,0.00,25.0,0,0,0,0.4,0.4,0.04,-0.4,-0.4,Matchs
744,Ryan Spaulding,us USA,DF,NE Revolution,24,1998,6.9,0,3,1,33.3,0.43,0.14,0.00,0.00,19.6,0,0,0,0.3,0.3,0.09,-0.3,-0.3,Matchs
745,Dayne St. Clair,ca CAN,GB,Minnesota Utd,25,1997,30.0,0,0,0,,0.00,0.00,,,,0,0,0,0.0,0.0,,0.0,0.0,Matchs
746,Mason Stajduhar,us USA,GB,Orlando City,25,1997,4.0,0,0,0,,0.00,0.00,,,,0,0,0,0.0,0.0,,0.0,0.0,Matchs
747,Nicolás Stefanelli,ar ARG,"AT,MT",Inter Miami,28,1994,14.8,2,26,8,30.8,1.76,0.54,0.08,0.25,18.2,0,0,0,2.3,2.3,0.09,-0.3,-0.3,Matchs
748,Lazar Stefanovic,ca CAN,DF,Toronto FC,16,2006,0.9,0,0,0,,0.00,0.00,,,,0,0,0,0.0,0.0,,0.0,0.0,Matchs
749,Daniel Steres,us USA,DF,Dynamo FC,32,1990,20.7,2,10,2,20.0,0.48,0.10,0.20,1.00,12.1,0,0,0,1.4,1.4,0.14,#ERROR!,#ERROR!,Matchs
750,Benjamin Stitz,us USA,AT,FC Cincinnati,22,2000,0.2,0,0,0,,0.00,0.00,,,,0,0,0,0.0,0.0,,0.0,0.0,Matchs
Clt,Joueur,Nation,Pos,Équipe,Âge,Naissance,90,Buts,Tirs,TC,TC%,Tir/90,TC/90,B/Tir,B/TC,Dist,CF,PénM,PénT,xG,npxG,npxG/Sh,G-xG,np:G-xG,Matchs
751,Jared Stroud,us USA,"MT,AT",St. Louis,26,1996,21.9,5,44,17,38.6,02.01,0.78,0.11,0.29,19.4,0,0,0,4.1,4.1,0.09,#ERROR!,#ERROR!,Matchs
752,Peter Stroud,us USA,MT,NY Red Bulls,20,2002,11.3,0,4,0,0.0,0.35,0.00,0.00,,19.8,0,0,0,0.2,0.2,0.05,-0.2,-0.2,Matchs
753,Brad Stuver,us USA,GB,Austin,31,1991,34.0,0,0,0,,0.00,0.00,,,,0,0,0,0.0,0.0,,0.0,0.0,Matchs
754,Yekeson Subah,lr LBR,AT,LAFC,18,2004,0.2,0,0,0,,0.00,0.00,,,,0,0,0,0.0,0.0,,0.0,0.0,Matchs
755,Quinn Sullivan,us USA,"AT,MT",Philadelphia,18,2004,7.7,2,14,7,50.0,1.83,0.91,0.14,0.29,18.6,0,0,0,1.5,1.5,0.10,#ERROR!,#ERROR!,Matchs
756,Lawson Sunderland,us USA,"MT,AT",Inter Miami,21,2001,0.7,0,0,0,,0.00,0.00,,,,0,0,0,0.0,0.0,,0.0,0.0,Matchs
757,Sam Surridge,eng ENG,AT,Nashville,24,1998,5.5,2,13,5,38.5,2.34,0.90,0.15,0.40,13.6,0,0,0,2.1,2.1,0.16,-0.1,-0.1,Matchs
758,Erik Sviatchenko,dk DEN,DF,Dynamo FC,31,1991,15.0,0,16,1,6.3,01.06,0.07,0.00,0.00,15.5,0,0,0,0.8,0.8,0.05,-0.8,-0.8,Matchs
759,Ben Sweat,us USA,DF,NE Revolution,31,1991,3.7,0,2,0,0.0,0.55,0.00,0.00,,17.2,0,0,0,0.1,0.1,0.06,-0.1,-0.1,Matchs
760,Ben Sweat,us USA,DF,Sporting KC,31,1991,3.5,0,1,0,0.0,0.29,0.00,0.00,,21.5,0,0,0,0.1,0.1,0.06,-0.1,-0.1,Matchs
761,Karol Świderski,pl POL,"AT,MT",Charlotte,26,1997,26.8,12,76,23,30.3,2.83,0.86,0.11,0.35,17.7,12,4,4,11.8,8.7,0.11,#ERROR!,-0.7,Matchs
762,Nkosi Tafari,us USA,DF,FC Dallas,25,1997,27.7,3,13,3,23.1,0.47,0.11,0.23,1.00,14.4,0,0,0,0.7,0.7,0.05,#ERROR!,#ERROR!,Matchs
763,Ismael Tajouri-Shradi,ly LBY,AT,Minnesota Utd,28,1994,3.9,1,17,8,47.1,4.41,02.07,0.06,0.13,21.4,0,0,0,1.6,1.6,0.09,-0.6,-0.6,Matchs
764,Yohei Takaoka,jp JPN,GB,Vancouver W'caps,26,1996,33.0,0,0,0,,0.00,0.00,,,,0,0,0,0.0,0.0,,0.0,0.0,Matchs
765,Miguel Tapias,mx MEX,DF,Minnesota Utd,26,1997,31.8,1,14,3,21.4,0.44,0.09,0.07,0.33,16.6,0,0,0,0.6,0.6,0.04,#ERROR!,#ERROR!,Matchs
766,Andrew Tarbell,us USA,GB,Dynamo FC,29,1993,1.0,0,0,0,,0.00,0.00,,,,0,0,0,0.0,0.0,,0.0,0.0,Matchs
767,Sidnei Tavares,pt POR,MT,Rapids,21,2001,3.3,0,2,0,0.0,0.60,0.00,0.00,,27.4,0,0,0,0.0,0.0,0.02,0.0,0.0,Matchs
768,D.J. Taylor,us USA,DF,Minnesota Utd,25,1997,27.9,0,14,3,21.4,0.50,0.11,0.00,0.00,18.7,0,0,0,0.8,0.8,0.06,-0.8,-0.8,Matchs
769,Robert Taylor,fi FIN,"AT,DF",Inter Miami,28,1994,16.2,4,18,8,44.4,1.11,0.49,0.22,0.50,20.2,0,0,0,1.0,1.0,0.06,#ERROR!,#ERROR!,Matchs
770,Russell Teibert,ca CAN,MT,Vancouver W'caps,30,1992,1.7,0,3,1,33.3,1.76,0.59,0.00,0.00,20.9,0,0,0,0.1,0.1,0.05,-0.1,-0.1,Matchs
771,Carlos Terán,co COL,DF,Fire,22,2000,17.5,1,10,3,30.0,0.57,0.17,0.10,0.33,15.3,0,0,0,0.5,0.5,0.05,#ERROR!,#ERROR!,Matchs
772,Dylan Teves,us USA,AT,Seattle,22,2000,4.3,0,4,1,25.0,0.94,0.23,0.00,0.00,8.8,0,0,0,0.9,0.9,0.22,-0.9,-0.9,Matchs
773,Thiago,br BRA,"AT,MT",NYCFC,22,2000,1.5,1,1,1,100.0,0.66,0.66,1.00,1.00,9.4,0,0,0,0.3,0.3,0.30,#ERROR!,#ERROR!,Matchs
774,Jamal Thiaré,sn SEN,AT,Atlanta Utd,29,1993,0.6,0,2,0,0.0,3.60,0.00,0.00,,7.1,0,0,0,0.4,0.4,0.19,-0.4,-0.4,Matchs
775,Erik Thommy,de GER,"MT,AT",Sporting KC,28,1994,28.7,5,80,25,31.3,2.79,0.87,0.06,0.20,21.9,11,0,1,5.5,4.7,0.06,-0.5,#ERROR!,Matchs
Clt,Joueur,Nation,Pos,Équipe,Âge,Naissance,90,Buts,Tirs,TC,TC%,Tir/90,TC/90,B/Tir,B/TC,Dist,CF,PénM,PénT,xG,npxG,npxG/Sh,G-xG,np:G-xG,Matchs
776,Kosi Thompson,ca CAN,"MT,AT",Toronto FC,20,2003,6.5,1,5,3,60.0,0.77,0.46,0.20,0.33,13.6,0,0,0,0.6,0.6,0.13,#ERROR!,#ERROR!,Matchs
777,Tommy Thompson,us USA,"MT,DF",SJ Earthquakes,27,1995,3.9,0,8,1,12.5,02.03,0.25,0.00,0.00,14.7,0,0,0,0.8,0.8,0.09,-0.8,-0.8,Matchs
778,Timmy Tillman,de GER,MT,LAFC,24,1999,18.3,4,25,9,36.0,1.37,0.49,0.16,0.44,20.3,0,0,0,2.2,2.2,0.09,#ERROR!,#ERROR!,Matchs
779,John Tolkin,us USA,DF,NY Red Bulls,20,2002,26.4,3,33,9,27.3,1.25,0.34,0.06,0.22,22.8,10,1,1,2.8,2.0,0.06,#ERROR!,0.0,Matchs
780,Nouhou Tolo,cm CMR,DF,Seattle,25,1997,22.8,0,8,2,25.0,0.35,0.09,0.00,0.00,19.0,0,0,0,0.4,0.4,0.05,-0.4,-0.4,Matchs
781,Facundo Torres,uy URU,"AT,MT",Orlando City,22,2000,26.3,14,60,21,35.0,2.28,0.80,0.15,0.43,20.0,1,5,5,10.2,6.3,0.10,#ERROR!,#ERROR!,Matchs
782,Jairo Torres,mx MEX,"MT,AT",Fire,22,2000,8.5,0,18,4,22.2,2.12,0.47,0.00,0.00,17.2,1,0,0,1.9,1.9,0.11,-1.9,-1.9,Matchs
783,Joaquín Torres,ar ARG,"MT,AT",Philadelphia,26,1997,3.9,1,13,2,15.4,3.32,0.51,0.08,0.50,23.0,0,0,0,0.5,0.5,0.04,#ERROR!,#ERROR!,Matchs
784,Mason Toye,us USA,AT,CF Montréal,24,1998,7.5,3,18,5,27.8,2.40,0.67,0.17,0.60,17.6,0,0,0,2.1,2.1,0.12,#ERROR!,#ERROR!,Matchs
785,Wil Trapp,us USA,MT,Minnesota Utd,30,1993,26.9,0,23,3,13.0,0.86,0.11,0.00,0.00,27.4,0,0,0,0.7,0.7,0.03,-0.7,-0.7,Matchs
786,Miguel Trauco,pe PER,DF,SJ Earthquakes,30,1992,22.3,3,23,5,21.7,01.03,0.22,0.13,0.60,24.8,0,0,0,0.9,0.9,0.04,#ERROR!,#ERROR!,Matchs
787,Niko Tsakiris,us USA,MT,SJ Earthquakes,17,2005,6.8,0,6,1,16.7,0.89,0.15,0.00,0.00,20.1,0,0,0,0.4,0.4,0.06,-0.4,-0.4,Matchs
788,Bill Tuiloma,nz NZL,DF,Charlotte,27,1995,15.0,0,6,2,33.3,0.40,0.13,0.00,0.00,20.4,2,0,0,0.4,0.4,0.06,-0.4,-0.4,Matchs
789,Stephen Turnbull,us USA,"DF,MT",NYCFC,24,1998,5.4,0,1,0,0.0,0.19,0.00,0.00,,19.0,0,0,0,0.0,0.0,0.03,0.0,0.0,Matchs
790,Ema Twumasi,gh GHA,DF,FC Dallas,25,1997,17.5,1,1,1,100.0,0.06,0.06,1.00,1.00,18.6,0,0,0,0.1,0.1,0.10,#ERROR!,#ERROR!,Matchs
791,Marinos Tzionis,cy CYP,"AT,MT",Sporting KC,21,2001,8.1,0,16,3,18.8,1.99,0.37,0.00,0.00,21.0,0,0,0,1.0,1.0,0.06,-1.0,-1.0,Matchs
792,Mikael Uhre,dk DEN,AT,Philadelphia,28,1994,23.8,9,58,21,36.2,2.44,0.88,0.16,0.43,14.1,0,0,0,7.8,7.8,0.14,#ERROR!,#ERROR!,Matchs
793,Þorleifur Úlfarsson,is ISL,"AT,MT",Dynamo FC,22,2000,5.3,3,16,9,56.3,03.02,1.70,0.19,0.33,15.7,1,0,0,1.3,1.3,0.08,#ERROR!,#ERROR!,Matchs
794,Victor Ulloa,us USA,MT,Inter Miami,30,1992,1.8,0,0,0,,0.00,0.00,,,,0,0,0,0.0,0.0,,0.0,0.0,Matchs
795,Jere Uronen,fi FIN,DF,Charlotte,28,1994,6.8,0,5,0,0.0,0.74,0.00,0.00,,23.1,0,0,0,0.2,0.2,0.04,-0.2,-0.2,Matchs
796,Maximiliano Urruti,ar ARG,AT,Austin,31,1991,10.8,1,23,3,13.0,2.13,0.28,0.04,0.33,13.5,0,0,0,2.9,2.9,0.13,-1.9,-1.9,Matchs
797,Júnior Urso,br BRA,"MT,AT",Orlando City,33,1989,2.8,0,3,0,0.0,01.05,0.00,0.00,,23.8,0,0,0,0.1,0.1,0.04,-0.1,-0.1,Matchs
798,Leo Väisänen,fi FIN,DF,Austin,25,1997,19.6,1,11,2,18.2,0.56,0.10,0.09,0.50,9.3,0,0,0,1.1,1.1,0.10,-0.1,-0.1,Matchs
799,Jhojan Valencia,co COL,MT,Austin,26,1996,15.9,0,11,0,0.0,0.69,0.00,0.00,,27.8,0,0,0,0.3,0.3,0.03,-0.3,-0.3,Matchs
800,Zarek Valentin,pr PUR,DF,Minnesota Utd,31,1991,14.7,0,0,0,,0.00,0.00,,,,0,0,0,0.0,0.0,,0.0,0.0,Matchs
Clt,Joueur,Nation,Pos,Équipe,Âge,Naissance,90,Buts,Tirs,TC,TC%,Tir/90,TC/90,B/Tir,B/TC,Dist,CF,PénM,PénT,xG,npxG,npxG/Sh,G-xG,np:G-xG,Matchs
801,Gerardo Valenzuela,us USA,MT,FC Cincinnati,18,2004,0.1,0,0,0,,0.00,0.00,,,,0,0,0,0.0,0.0,,0.0,0.0,Matchs
802,Gustavo Vallecilla,ec ECU,DF,Crew,23,1999,9.4,0,3,1,33.3,0.32,0.11,0.00,0.00,17.9,0,0,0,0.1,0.1,0.03,-0.1,-0.1,Matchs
803,Dante Vanzeir,be BEL,"AT,MT",NY Red Bulls,24,1998,8.3,2,24,5,20.8,2.88,0.60,0.08,0.40,16.0,2,0,0,2.3,2.3,0.09,-0.3,-0.3,Matchs
804,Kerwin Vargas,co COL,"AT,MT",Charlotte,21,2002,16.5,4,35,13,37.1,2.12,0.79,0.11,0.31,21.8,1,0,0,1.6,1.6,0.05,#ERROR!,#ERROR!,Matchs
805,Marlon Vargas,sv SLV,MT,Rapids,22,2001,0.1,0,0,0,,0.00,0.00,,,,0,0,0,0.0,0.0,,0.0,0.0,Matchs
806,Obed Vargas,us USA,MT,Seattle,17,2005,14.7,0,4,1,25.0,0.27,0.07,0.00,0.00,19.6,0,0,0,0.2,0.2,0.05,-0.2,-0.2,Matchs
807,Indiana Vassilev,us USA,MT,St. Louis,21,2001,23.5,2,34,10,29.4,1.45,0.43,0.06,0.20,22.8,5,0,0,2.2,2.2,0.06,-0.2,-0.2,Matchs
808,Brandon Vazquez,us USA,AT,FC Cincinnati,24,1998,26.4,8,68,29,42.6,2.58,1.10,0.10,0.24,14.1,0,1,1,11.2,10.4,0.15,-3.2,-3.4,Matchs
809,Víctor Vázquez,es ESP,"MT,AT",Toronto FC,36,1987,2.7,0,2,1,50.0,0.75,0.37,0.00,0.00,28.0,1,0,0,0.1,0.1,0.04,-0.1,-0.1,Matchs
810,Carlos Vela,mx MEX,AT,LAFC,33,1989,23.0,9,56,21,37.5,2.44,0.91,0.11,0.29,18.4,4,3,5,11.2,7.3,0.13,-2.2,-1.3,Matchs
811,Alan Velasco,ar ARG,"AT,MT",FC Dallas,20,2002,25.1,4,54,18,33.3,2.15,0.72,0.07,0.22,23.7,9,0,0,2.8,2.8,0.05,#ERROR!,#ERROR!,Matchs
812,Brayan Vera,co COL,DF,RSL,24,1999,22.7,3,26,6,23.1,1.15,0.26,0.12,0.50,27.6,4,0,0,0.9,0.9,0.04,#ERROR!,#ERROR!,Matchs
813,Ranko Veselinović,rs SRB,DF,Vancouver W'caps,23,1999,31.4,2,18,2,11.1,0.57,0.06,0.11,1.00,9.9,0,0,0,1.2,1.2,0.07,#ERROR!,#ERROR!,Matchs
814,Jules-Anthony Vilsaint,ca CAN,AT,CF Montréal,20,2003,4.6,1,13,6,46.2,2.85,1.32,0.08,0.17,16.2,0,0,0,1.7,1.7,0.13,-0.7,-0.7,Matchs
815,Pedro Vite,ec ECU,"MT,AT",Vancouver W'caps,20,2002,23.9,4,28,9,32.1,1.17,0.38,0.14,0.44,19.5,1,0,0,2.9,2.9,0.10,#ERROR!,#ERROR!,Matchs
816,Gino Vivi,cr CRC,"MT,DF",LA Galaxy,22,2000,0.9,0,0,0,,0.00,0.00,,,,0,0,0,0.0,0.0,,0.0,0.0,Matchs
817,Robert Voloder,ba BIH,DF,Sporting KC,21,2001,11.4,0,2,0,0.0,0.17,0.00,0.00,,5.9,0,0,0,0.3,0.3,0.13,-0.3,-0.3,Matchs
818,Giacomo Vrioni,al ALB,AT,NE Revolution,24,1998,14.6,6,40,18,45.0,2.74,1.23,0.15,0.33,14.4,0,0,0,5.1,5.1,0.13,#ERROR!,#ERROR!,Matchs
819,Kai Wagner,de GER,DF,Philadelphia,25,1997,27.1,1,13,3,23.1,0.48,0.11,0.08,0.33,26.3,3,0,0,0.4,0.4,0.03,#ERROR!,#ERROR!,Matchs
820,Rémi Walter,fr FRA,MT,Sporting KC,27,1995,30.4,2,25,8,32.0,0.82,0.26,0.08,0.25,22.9,0,0,0,1.8,1.8,0.07,#ERROR!,#ERROR!,Matchs
821,Victor Wanyama,ke KEN,MT,CF Montréal,31,1991,19.9,0,11,3,27.3,0.55,0.15,0.00,0.00,20.2,0,0,0,0.8,0.8,0.08,-0.8,-0.8,Matchs
822,Taylor Washington,us USA,"DF,MT",Nashville,29,1993,5.4,1,5,2,40.0,0.93,0.37,0.20,0.50,14.4,0,0,0,0.4,0.4,0.08,#ERROR!,#ERROR!,Matchs
823,Joel Waterman,ca CAN,DF,CF Montréal,27,1996,26.4,1,4,2,50.0,0.15,0.08,0.25,0.50,15.1,0,0,0,1.0,1.0,0.25,0.0,0.0,Matchs
824,Akil Watts,us USA,"DF,MT",St. Louis,22,2000,9.8,0,4,0,0.0,0.41,0.00,0.00,,28.7,0,0,0,0.1,0.1,0.02,-0.1,-0.1,Matchs
825,Quentin Westberg,us USA,GB,Atlanta Utd,36,1986,5.5,0,0,0,,0.00,0.00,,,,0,0,0,0.0,0.0,,0.0,0.0,Matchs
Clt,Joueur,Nation,Pos,Équipe,Âge,Naissance,90,Buts,Tirs,TC,TC%,Tir/90,TC/90,B/Tir,B/TC,Dist,CF,PénM,PénT,xG,npxG,npxG/Sh,G-xG,np:G-xG,Matchs
826,Ashley Westwood,eng ENG,MT,Charlotte,32,1990,28.1,3,16,3,18.8,0.57,0.11,0.19,1.00,19.6,1,0,0,0.9,0.9,0.06,#ERROR!,#ERROR!,Matchs
827,Brian White,us USA,AT,Vancouver W'caps,26,1996,28.2,15,95,44,46.3,3.36,1.56,0.16,0.34,12.1,0,0,0,15.5,15.5,0.16,-0.5,-0.5,Matchs
828,Caleb Wiley,us USA,"DF,AT",Atlanta Utd,18,2004,25.9,4,11,6,54.5,0.43,0.23,0.36,0.67,16.4,0,0,0,2.2,2.2,0.20,#ERROR!,#ERROR!,Matchs
829,Derrick Williams,ie IRL,DF,D.C. United,30,1993,20.5,1,14,2,14.3,0.68,0.10,0.07,0.50,12.3,0,0,0,1.3,1.3,0.09,-0.3,-0.3,Matchs
830,Eryk Williamson,us USA,MT,Portland Timbers,25,1997,5.9,0,1,0,0.0,0.17,0.00,0.00,,30.1,0,0,0,0.0,0.0,0.02,0.0,0.0,Matchs
831,Joe Willis,us USA,GB,Nashville,34,1988,32.0,0,0,0,,0.00,0.00,,,,0,0,0,0.0,0.0,,0.0,0.0,Matchs
832,Danny Wilson,sct SCO,DF,Rapids,31,1991,25.7,1,12,4,33.3,0.47,0.16,0.08,0.25,7.9,0,0,0,1.5,1.5,0.13,-0.5,-0.5,Matchs
833,Owen Wolff,us USA,MT,Austin,18,2004,20.9,2,15,6,40.0,0.72,0.29,0.13,0.33,21.2,0,0,0,0.8,0.8,0.05,#ERROR!,#ERROR!,Matchs
834,Tyler Wolff,us USA,"AT,MT",Atlanta Utd,19,2003,7.2,5,11,8,72.7,1.53,1.11,0.45,0.63,11.9,0,0,0,2.5,2.5,0.23,#ERROR!,#ERROR!,Matchs
835,Bobby Wood,us USA,AT,NE Revolution,30,1992,16.5,7,31,12,38.7,1.88,0.73,0.23,0.58,11.6,0,0,0,5.4,5.4,0.17,#ERROR!,#ERROR!,Matchs
836,Karifa Yao,ca CAN,MT,Vancouver W'caps,22,2000,0.0,0,0,0,,0.00,0.00,,,,0,0,0,0.0,0.0,,0.0,0.0,Matchs
837,Darren Yapi,us USA,"AT,MT",Rapids,18,2004,9.9,0,13,4,30.8,1.31,0.40,0.00,0.00,13.5,0,0,0,2.3,2.3,0.18,-2.3,-2.3,Matchs
838,William Yarbrough,us USA,GB,Rapids,33,1989,20.0,0,0,0,,0.00,0.00,,,,0,0,0,0.0,0.0,,0.0,0.0,Matchs
839,Joshua Yaro,gh GHA,DF,St. Louis,28,1994,10.1,0,0,0,,0.00,0.00,,,,0,0,0,0.0,0.0,,0.0,0.0,Matchs
840,Dru Yearwood,eng ENG,MT,NY Red Bulls,22,2000,9.2,0,8,1,12.5,0.87,0.11,0.00,0.00,24.1,0,0,0,0.3,0.3,0.04,-0.3,-0.3,Matchs
841,Yaw Yeboah,gh GHA,"DF,MT",Crew,25,1997,22.0,3,31,12,38.7,1.41,0.54,0.10,0.25,18.4,2,0,0,3.6,3.6,0.12,-0.6,-0.6,Matchs
842,DeAndre Yedlin,us USA,DF,Inter Miami,29,1993,25.8,0,3,0,0.0,0.12,0.00,0.00,,22.5,0,0,0,0.1,0.1,0.04,-0.1,-0.1,Matchs
843,Maya Yoshida,jp JPN,DF,LA Galaxy,34,1988,12.0,1,9,3,33.3,0.75,0.25,0.11,0.33,12.5,0,0,0,0.7,0.7,0.07,#ERROR!,#ERROR!,Matchs
844,Jackson Yueill,us USA,MT,SJ Earthquakes,25,1997,30.2,1,28,7,25.0,0.93,0.23,0.04,0.14,22.5,2,0,0,1.6,1.6,0.06,-0.6,-0.6,Matchs
845,Gyasi Zardes,us USA,AT,Austin,31,1991,16.3,6,30,12,40.0,1.84,0.74,0.20,0.50,10.4,0,0,0,5.0,5.0,0.17,#ERROR!,#ERROR!,Matchs
846,Eriq Zavaleta,sv SLV,DF,LA Galaxy,30,1992,5.4,2,4,2,50.0,0.74,0.37,0.50,1.00,7.7,0,0,0,0.6,0.6,0.16,#ERROR!,#ERROR!,Matchs
847,Sean Zawadzki,us USA,"DF,MT",Crew,22,2000,17.5,3,14,6,42.9,0.80,0.34,0.21,0.50,13.8,0,0,0,0.9,0.9,0.07,#ERROR!,#ERROR!,Matchs
848,Lucas Zelarayán,am ARM,"MT,AT",Crew,30,1992,18.9,10,64,22,34.4,3.38,1.16,0.13,0.36,23.3,12,2,2,6.7,5.1,0.08,#ERROR!,#ERROR!,Matchs
849,Walker Zimmerman,us USA,DF,Nashville,29,1993,20.5,2,12,4,33.3,0.59,0.20,0.17,0.50,10.5,0,0,0,1.6,1.6,0.14,#ERROR!,#ERROR!,Matchs
850,Rida Zouhir,ca CAN,"MT,AT",CF Montréal,19,2003,2.5,0,2,0,0.0,0.81,0.00,0.00,,29.1,0,0,0,0.1,0.1,0.03,-0.1,-0.1,Matchs
Clt,Joueur,Nation,Pos,Équipe,Âge,Naissance,90,Buts,Tirs,TC,TC%,Tir/90,TC/90,B/Tir,B/TC,Dist,CF,PénM,PénT,xG,npxG,npxG/Sh,G-xG,np:G-xG,Matchs
851,Ethan Zubak,us USA,AT,Nashville,24,1998,1.6,0,2,0,0.0,1.28,0.00,0.00,,7.7,0,0,0,0.4,0.4,0.20,-0.4,-0.4,Matchs
852,Dario Župarić,ba BIH,DF,Portland Timbers,30,1992,31.0,1,8,2,25.0,0.26,0.06,0.13,0.50,14.1,0,0,0,0.7,0.7,0.09,#ERROR!,#ERROR!,Matchs
853,Graham Zusi,us USA,DF,Sporting KC,36,1986,9.6,0,9,2,22.2,0.94,0.21,0.00,0.00,29.3,0,0,0,0.2,0.2,0.02,-0.2,-0.2,Matchs
854,Nökkvi Þórisson,is ISL,"AT,MT",St. Louis,23,1999,3.0,1,5,2,40.0,1.68,0.67,0.20,0.50,18.5,0,0,0,0.3,0.3,0.07,#ERROR!,#ERROR!,Matchs
855,Róbert Þorkelsson,is ISL,DF,CF Montréal,20,2002,2.5,0,0,0,,0.00,0.00,,,,0,0,0,0.0,0.0,,0.0,0.0,Matchs
Clt,Joueur,Nation,Pos,Équipe,Âge,Naissance,90,Buts,Tirs,TC,TC%,Tir/90,TC/90,B/Tir,B/TC,Dist,CF,PénM,PénT,xG,npxG,npxG/Sh,G-xG,np:G-xG,Matchs
1,Max Aarons,eng ENG,DF,Norwich City,22,2000,42.8,1,20,6,30.0,0.47,0.14,0.05,0.17,19.0,0,0,0,1.1,1.1,0.06,-0.1,-0.1,Matchs
2,Thelo Aasgaard,no NOR,"AT,MT",Wigan Athletic,20,2002,17.6,3,40,12,30.0,2.27,0.68,0.08,0.25,20.2,0,0,0,3.2,3.2,0.08,-0.2,-0.2,Matchs
3,Nelson Abbey,eng ENG,DF,Reading,18,2003,0.2,0,0,0,,0.00,0.00,,,,0,0,0,0.0,0.0,,0.0,0.0,Matchs
4,Kelvin Abrefa,eng ENG,"MT,DF",Reading,18,2003,1.4,0,2,0,0.0,1.42,0.00,0.00,,24.9,0,0,0,0.1,0.1,0.03,-0.1,-0.1,Matchs
5,Finlay Adair,eng ENG,"AT,MT",Preston,17,2005,0.7,0,0,0,,0.00,0.00,,,,0,0,0,0.0,0.0,,0.0,0.0,Matchs
6,Elijah Adebayo,eng ENG,AT,Luton Town,24,1998,35.7,7,82,25,30.5,2.29,0.70,0.09,0.28,12.5,0,0,1,12.9,12.1,0.15,-5.9,-5.1,Matchs
7,Toby Adeyemo,eng ENG,"MT,AT",Watford,17,2005,1.1,1,4,2,50.0,3.75,1.87,0.25,0.50,13.1,0,0,0,0.5,0.5,0.12,#ERROR!,#ERROR!,Matchs
8,Albert Adomah,gh GHA,"AT,MT",QPR,34,1987,14.1,2,23,5,21.7,1.63,0.35,0.09,0.40,16.4,1,0,0,2.2,2.2,0.10,-0.2,-0.2,Matchs
9,Michael Adu-Poku,eng ENG,AT,Watford,16,2005,0.1,0,0,0,,0.00,0.00,,,,0,0,0,0.0,0.0,,0.0,0.0,Matchs
10,Benik Afobe,cd COD,AT,Millwall,29,1993,10.3,2,23,4,17.4,2.23,0.39,0.09,0.50,12.8,0,0,1,4.1,3.3,0.14,-2.1,-1.3,Matchs
11,Anel Ahmedhodžić,ba BIH,DF,Sheffield Utd,23,1999,31.8,6,39,12,30.8,1.23,0.38,0.15,0.50,13.9,0,0,0,4.4,4.4,0.11,#ERROR!,#ERROR!,Matchs
12,Semi Ajayi,ng NGA,DF,West Brom,28,1993,16.2,2,14,6,42.9,0.86,0.37,0.14,0.33,11.3,0,0,0,1.9,1.9,0.13,#ERROR!,#ERROR!,Matchs
13,Chuba Akpom,eng ENG,"MT,AT",Middlesbrough,26,1995,34.5,28,93,43,46.2,2.69,1.25,0.26,0.56,13.8,0,4,6,21.9,17.1,0.18,#ERROR!,#ERROR!,Matchs
14,Marc Albrighton,eng ENG,"AT,MT",West Brom,32,1989,7.5,0,5,1,20.0,0.67,0.13,0.00,0.00,22.7,0,0,0,0.3,0.3,0.07,-0.3,-0.3,Matchs
15,Ajibola Alese,eng ENG,DF,Sunderland,21,2001,15.6,1,11,4,36.4,0.70,0.26,0.09,0.25,16.0,0,0,0,0.7,0.7,0.07,#ERROR!,#ERROR!,Matchs
16,Jamie Allen,eng ENG,MT,Coventry City,27,1995,31.3,6,37,19,51.4,1.18,0.61,0.16,0.32,15.7,0,0,0,4.8,4.8,0.13,#ERROR!,#ERROR!,Matchs
17,Joe Allen,wls WAL,MT,Swansea City,32,1990,13.7,1,13,4,30.8,0.95,0.29,0.08,0.25,19.2,0,0,0,0.9,0.9,0.07,#ERROR!,#ERROR!,Matchs
18,Ryan Allsop,eng ENG,GB,Cardiff City,30,1992,42.7,0,0,0,,0.00,0.00,,,,0,0,0,0.0,0.0,,0.0,0.0,Matchs
19,Jak Alnwick,eng ENG,GB,Cardiff City,29,1993,3.3,0,0,0,,0.00,0.00,,,,0,0,0,0.0,0.0,,0.0,0.0,Matchs
20,Jordan Amissah,gh GHA,GB,Sheffield Utd,20,2001,0.1,0,0,0,,0.00,0.00,,,,0,0,0,0.0,0.0,,0.0,0.0,Matchs
21,Ben Amos,eng ENG,GB,Wigan Athletic,32,1990,28.6,0,0,0,,0.00,0.00,,,,0,0,0,0.0,0.0,,0.0,0.0,Matchs
22,Luke Amos,eng ENG,"MT,AT",QPR,25,1997,9.9,0,12,0,0.0,1.21,0.00,0.00,,21.7,1,0,0,0.7,0.7,0.06,-0.7,-0.7,Matchs
23,Joe Anderson,eng ENG,"DF,MT",Sunderland,21,2001,0.5,0,0,0,,0.00,0.00,,,,0,0,0,0.0,0.0,,0.0,0.0,Matchs
24,Keshi Anderson,eng ENG,MT,Blackpool,27,1995,4.8,0,8,2,25.0,1.66,0.42,0.00,0.00,18.4,0,0,0,0.5,0.5,0.07,-0.5,-0.5,Matchs
25,Ryan Andrews,eng ENG,DF,Watford,17,2004,5.4,0,5,1,20.0,0.93,0.19,0.00,0.00,21.6,0,0,0,0.3,0.3,0.06,-0.3,-0.3,Matchs
Clt,Joueur,Nation,Pos,Équipe,Âge,Naissance,90,Buts,Tirs,TC,TC%,Tir/90,TC/90,B/Tir,B/TC,Dist,CF,PénM,PénT,xG,npxG,npxG/Sh,G-xG,np:G-xG,Matchs
26,Faustino Anjorin,eng ENG,"MT,AT",Huddersfield,20,2001,4.9,2,7,3,42.9,1.44,0.62,0.29,0.67,18.2,0,0,0,0.5,0.5,0.07,#ERROR!,#ERROR!,Matchs
27,Robert Apter,sct SCO,MT,Blackpool,19,2003,0.2,0,1,1,100.0,4.29,4.29,0.00,0.00,13.8,0,0,0,0.1,0.1,0.12,-0.1,-0.1,Matchs
28,Henrique Araújo,pt POR,AT,Watford,20,2002,3.8,0,4,2,50.0,01.05,0.53,0.00,0.00,10.8,0,0,0,0.5,0.5,0.12,-0.5,-0.5,Matchs
29,Oliver Arblaster,eng ENG,MT,Sheffield Utd,18,2004,0.8,0,0,0,,0.00,0.00,,,,0,0,0,0.0,0.0,,0.0,0.0,Matchs
30,Cameron Archer,eng ENG,AT,Middlesbrough,21,2001,15.2,11,37,17,45.9,2.43,1.12,0.30,0.65,13.8,0,0,0,6.4,6.4,0.17,#ERROR!,#ERROR!,Matchs
31,Sinclair Armstrong,ie IRL,"AT,MT",QPR,19,2003,6.1,0,11,6,54.5,1.82,0.99,0.00,0.00,14.6,0,0,0,1.0,1.0,0.09,-1.0,-1.0,Matchs
32,Yaser Asprilla,co COL,"MT,AT",Watford,18,2003,16.7,1,28,7,25.0,1.67,0.42,0.04,0.14,19.8,1,0,0,3.1,3.1,0.11,-2.1,-2.1,Matchs
33,Britt Assombalonga,cd COD,"AT,MT",Watford,29,1992,2.1,2,5,3,60.0,2.43,1.46,0.40,0.67,15.0,0,0,0,0.7,0.7,0.15,#ERROR!,#ERROR!,Matchs
34,Robert Atkinson,eng ENG,DF,Bristol City,24,1998,23.8,4,15,6,40.0,0.63,0.25,0.27,0.67,11.6,0,0,0,2.0,2.0,0.13,#ERROR!,#ERROR!,Matchs
35,Daniel Ayala,es ESP,DF,Blackburn,31,1990,22.0,1,11,2,18.2,0.50,0.09,0.09,0.50,12.8,0,0,0,0.8,0.8,0.07,#ERROR!,#ERROR!,Matchs
36,Femi Azeez,eng ENG,"MT,AT",Reading,21,2001,7.3,0,13,4,30.8,1.78,0.55,0.00,0.00,19.8,1,0,0,0.7,0.7,0.06,-0.7,-0.7,Matchs
37,Miguel Azeez,eng ENG,MT,Wigan Athletic,19,2002,1.2,0,3,0,0.0,2.60,0.00,0.00,,14.8,0,0,0,0.5,0.5,0.18,-0.5,-0.5,Matchs
38,Abdoullah Ba,fr FRA,"MT,AT",Sunderland,19,2003,8.9,1,9,3,33.3,01.02,0.34,0.11,0.33,22.5,0,0,0,0.6,0.6,0.06,#ERROR!,#ERROR!,Matchs
39,Daniel Bachmann,at AUT,GB,Watford,28,1994,45.0,0,0,0,,0.00,0.00,,,,0,0,0,0.0,0.0,,0.0,0.0,Matchs
40,Juninho Bacuna,cw CUW,MT,Birmingham City,24,1997,32.2,2,66,14,21.2,02.05,0.44,0.03,0.14,24.3,8,0,0,3.1,3.1,0.05,-1.1,-1.1,Matchs
41,Leandro Bacuna,cw CUW,MT,Watford,30,1991,8.8,0,2,0,0.0,0.23,0.00,0.00,,23.6,0,0,0,0.1,0.1,0.03,-0.1,-0.1,Matchs
42,Joel Bagan,ie IRL,DF,Cardiff City,22,2000,0.1,0,0,0,,0.00,0.00,,,,0,0,0,0.0,0.0,,0.0,0.0,Matchs
43,Lewis Baker,eng ENG,MT,Stoke City,27,1995,30.7,7,58,23,39.7,1.89,0.75,0.09,0.22,27.4,12,2,3,4.9,2.5,0.04,#ERROR!,#ERROR!,Matchs
44,George Baldock,gr GRE,DF,Sheffield Utd,29,1993,32.0,1,15,2,13.3,0.47,0.06,0.07,0.50,17.3,0,0,0,1.0,1.0,0.07,0.0,0.0,Matchs
45,Daniel Ballard,nir NIR,DF,Sunderland,22,1999,17.9,0,10,2,20.0,0.56,0.11,0.00,0.00,8.6,0,0,0,2.0,2.0,0.20,-2.0,-2.0,Matchs
46,Leon Balogun,ng NGA,DF,QPR,34,1988,13.7,1,5,1,20.0,0.36,0.07,0.20,1.00,12.0,0,0,0,0.4,0.4,0.08,#ERROR!,#ERROR!,Matchs
47,Daniel Barlaser,tr TUR,MT,Rotherham Utd,25,1997,26.9,2,12,5,41.7,0.45,0.19,0.08,0.20,24.6,3,1,2,2.2,0.6,0.05,-0.2,#ERROR!,Matchs
48,Daniel Barlaser,tr TUR,MT,Middlesbrough,25,1997,4.6,0,4,1,25.0,0.88,0.22,0.00,0.00,25.4,0,0,0,0.2,0.2,0.05,-0.2,-0.2,Matchs
49,Ashley Barnes,eng ENG,"AT,MT",Burnley,32,1989,21.2,6,59,21,35.6,2.79,0.99,0.08,0.24,12.3,0,1,1,8.6,7.8,0.13,-2.6,-2.8,Matchs
50,Kyle Bartley,eng ENG,DF,West Brom,31,1991,7.4,2,13,4,30.8,1.76,0.54,0.15,0.50,9.2,0,0,0,1.1,1.1,0.09,#ERROR!,#ERROR!,Matchs
Clt,Joueur,Nation,Pos,Équipe,Âge,Naissance,90,Buts,Tirs,TC,TC%,Tir/90,TC/90,B/Tir,B/TC,Dist,CF,PénM,PénT,xG,npxG,npxG/Sh,G-xG,np:G-xG,Matchs
51,Chris Basham,eng ENG,DF,Sheffield Utd,34,1988,19.3,0,10,6,60.0,0.52,0.31,0.00,0.00,11.1,0,0,0,1.4,1.4,0.14,-1.4,-1.4,Matchs
52,Samuel Bastien,cd COD,"MT,AT",Burnley,25,1996,6.1,1,7,2,28.6,1.14,0.33,0.14,0.50,16.4,0,0,0,0.8,0.8,0.11,#ERROR!,#ERROR!,Matchs
53,Danny Batth,eng ENG,DF,Sunderland,31,1990,38.5,0,20,4,20.0,0.52,0.10,0.00,0.00,11.7,0,0,0,1.5,1.5,0.08,-1.5,-1.5,Matchs
54,Patrick Bauer,de GER,DF,Preston,29,1992,3.9,0,2,1,50.0,0.52,0.26,0.00,0.00,8.0,0,0,0,0.3,0.3,0.13,-0.3,-0.3,Matchs
55,Nathan Baxter,eng ENG,GB,Hull City,23,1998,12.0,0,0,0,,0.00,0.00,,,,0,0,0,0.0,0.0,,0.0,0.0,Matchs
56,Jake Beesley,eng ENG,"MT,AT",Blackpool,25,1996,2.2,0,4,1,25.0,1.85,0.46,0.00,0.00,12.3,0,0,0,0.3,0.3,0.06,-0.3,-0.3,Matchs
57,Amari'i Bell,jm JAM,DF,Luton Town,28,1994,42.9,1,15,5,33.3,0.35,0.12,0.07,0.20,20.3,0,0,0,1.1,1.1,0.07,-0.1,-0.1,Matchs
58,Sam Bell,eng ENG,AT,Bristol City,20,2002,12.8,3,12,5,41.7,0.94,0.39,0.25,0.60,13.9,0,0,0,2.4,2.4,0.20,#ERROR!,#ERROR!,Matchs
59,Jobe Bellingham,eng ENG,"MT,AT",Birmingham City,16,2005,6.8,0,10,4,40.0,1.47,0.59,0.00,0.00,17.8,0,0,0,1.3,1.3,0.13,-1.3,-1.3,Matchs
60,Steven Benda,de GER,GB,Swansea City,23,1998,20.7,0,0,0,,0.00,0.00,,,,0,0,0,0.0,0.0,,0.0,0.0,Matchs
61,Joe Bennett,eng ENG,DF,Wigan Athletic,32,1990,8.3,0,4,1,25.0,0.48,0.12,0.00,0.00,24.4,1,0,0,0.1,0.1,0.03,-0.1,-0.1,Matchs
62,Mason Bennett,eng ENG,AT,Millwall,26,1996,6.3,0,16,3,18.8,2.55,0.48,0.00,0.00,17.1,0,0,0,1.0,1.0,0.06,-1.0,-1.0,Matchs
63,Jewison Bennette,cr CRC,"AT,MT",Sunderland,18,2004,2.8,1,6,5,83.3,2.16,1.80,0.17,0.20,15.9,0,0,0,0.4,0.4,0.07,#ERROR!,#ERROR!,Matchs
64,Daniel Bentley,eng ENG,GB,Bristol City,29,1993,13.0,0,0,0,,0.00,0.00,,,,0,0,0,0.0,0.0,,0.0,0.0,Matchs
65,Jóhann Berg Guðmundsson,is ISL,"MT,AT",Burnley,31,1990,21.8,4,44,19,43.2,02.02,0.87,0.09,0.21,22.0,9,0,0,3.0,3.0,0.07,#ERROR!,#ERROR!,Matchs
66,Sander Berge,no NOR,MT,Sheffield Utd,24,1998,34.5,6,54,14,25.9,1.57,0.41,0.11,0.43,19.0,1,0,0,4.9,4.7,0.09,#ERROR!,#ERROR!,Matchs
67,Luke Berry,eng ENG,MT,Luton Town,30,1992,7.5,3,18,5,27.8,2.40,0.67,0.17,0.60,15.3,1,0,0,2.2,2.2,0.13,#ERROR!,#ERROR!,Matchs
68,Jordan Beyer,de GER,DF,Burnley,22,2000,28.1,1,13,4,30.8,0.46,0.14,0.08,0.25,16.7,0,0,0,0.9,0.9,0.07,#ERROR!,#ERROR!,Matchs
69,Bartosz Białkowski,pl POL,GB,Millwall,35,1987,10.0,0,0,0,,0.00,0.00,,,,0,0,0,0.0,0.0,,0.0,0.0,Matchs
70,Jake Bidwell,eng ENG,DF,Coventry City,29,1993,38.7,1,25,8,32.0,0.65,0.21,0.04,0.13,13.8,0,0,0,3.2,3.2,0.16,-2.2,-2.2,Matchs
71,Krystian Bielik,pl POL,MT,Birmingham City,24,1998,32.3,1,18,4,22.2,0.56,0.12,0.06,0.25,16.5,1,0,0,1.3,1.3,0.07,-0.3,-0.3,Matchs
72,Nicholas Bilokapic,au AUS,GB,Huddersfield,19,2002,5.3,0,0,0,,0.00,0.00,,,,0,0,0,0.0,0.0,,0.0,0.0,Matchs
73,Tyler Blackett,eng ENG,DF,Rotherham Utd,28,1994,3.5,0,0,0,,0.00,0.00,,,,0,0,0,0.0,0.0,,0.0,0.0,Matchs
74,Adrian Blake,eng ENG,MT,Watford,17,2005,0.1,0,0,0,,0.00,0.00,,,,0,0,0,0.0,0.0,,0.0,0.0,Matchs
75,Jayden Bogle,eng ENG,DF,Sheffield Utd,22,2000,15.4,2,21,5,23.8,1.36,0.32,0.10,0.40,18.7,0,0,0,1.7,1.7,0.08,#ERROR!,#ERROR!,Matchs
Clt,Joueur,Nation,Pos,Équipe,Âge,Naissance,90,Buts,Tirs,TC,TC%,Tir/90,TC/90,B/Tir,B/TC,Dist,CF,PénM,PénT,xG,npxG,npxG/Sh,G-xG,np:G-xG,Matchs
76,Marc Bola,eng ENG,"DF,AT",Middlesbrough,24,1997,11.3,0,10,2,20.0,0.88,0.18,0.00,0.00,21.9,0,0,0,0.7,0.7,0.07,-0.7,-0.7,Matchs
77,Tolaji Bola,eng ENG,AT,Rotherham Utd,23,1999,0.4,0,0,0,,0.00,0.00,,,,0,0,0,0.0,0.0,,0.0,0.0,Matchs
78,Jack Bonham,ie IRL,GB,Stoke City,28,1993,22.5,0,0,0,,0.00,0.00,,,,0,0,0,0.0,0.0,,0.0,0.0,Matchs
79,Macauley Bonne,zw ZIM,"AT,DF",QPR,26,1995,0.7,0,2,0,0.0,2.69,0.00,0.00,,11.4,0,0,0,0.1,0.1,0.07,-0.1,-0.1,Matchs
80,Dean Bouzanis,au AUS,GB,Reading,31,1990,4.7,0,0,0,,0.00,0.00,,,,0,0,0,0.0,0.0,,0.0,0.0,Matchs
81,Josh Bowler,eng ENG,"AT,MT",Blackpool,23,1999,19.4,4,53,21,39.6,2.74,01.08,0.08,0.19,18.7,3,0,0,4.0,4.0,0.08,0.0,0.0,Matchs
82,Coniah Boyce-Clarke,jm JAM,GB,Reading,19,2003,1.0,0,0,0,,0.00,0.00,,,,0,0,0,0.0,0.0,,0.0,0.0,Matchs
83,Caolan Boyd-Munce,nir NIR,MT,Middlesbrough,22,2000,0.0,0,0,0,,0.00,0.00,,,,0,0,0,0.0,0.0,,0.0,0.0,Matchs
84,Will Boyle,eng ENG,DF,Huddersfield,26,1995,9.0,0,4,0,0.0,0.45,0.00,0.00,,6.8,0,0,0,0.6,0.6,0.15,-0.6,-0.6,Matchs
85,Sonny Bradley,eng ENG,DF,Luton Town,30,1991,13.6,0,8,2,25.0,0.59,0.15,0.00,0.00,9.5,0,0,0,0.5,0.5,0.07,-0.5,-0.5,Matchs
86,Tom Bradshaw,wls WAL,AT,Millwall,30,1992,33.9,17,87,36,41.4,2.57,01.06,0.20,0.47,11.6,0,0,0,13.9,13.9,0.16,#ERROR!,#ERROR!,Matchs
87,Robbie Brady,ie IRL,"AT,DF",Preston,30,1992,23.3,0,28,7,25.0,1.20,0.30,0.00,0.00,23.2,4,0,0,1.2,1.2,0.04,-1.2,-1.2,Matchs
88,Cohen Bramall,eng ENG,"DF,AT",Rotherham Utd,26,1996,28.6,1,16,4,25.0,0.56,0.14,0.06,0.25,22.5,7,0,0,1.1,1.1,0.07,-0.1,-0.1,Matchs
89,James Bree,eng ENG,DF,Luton Town,24,1997,27.0,0,17,3,17.6,0.63,0.11,0.00,0.00,24.7,6,0,0,0.6,0.6,0.04,-0.6,-0.6,Matchs
90,Ben Brereton,cl CHI,"AT,MT",Blackburn,23,1999,38.4,14,106,40,37.7,2.76,01.04,0.12,0.33,18.7,5,1,1,11.9,11.1,0.10,#ERROR!,#ERROR!,Matchs
91,Rhian Brewster,eng ENG,AT,Sheffield Utd,22,2000,6.3,1,20,6,30.0,3.16,0.95,0.05,0.17,15.8,0,0,1,2.9,2.1,0.11,-1.9,-1.1,Matchs
92,Liam Bridcutt,sct SCO,MT,Blackpool,33,1989,2.0,0,0,0,,0.00,0.00,,,,0,0,0,0.0,0.0,,0.0,0.0,Matchs
93,Callum Brittain,eng ENG,DF,Blackburn,24,1998,15.8,0,6,3,50.0,0.38,0.19,0.00,0.00,12.9,0,0,0,1.2,1.2,0.19,-1.2,-1.2,Matchs
94,Nathan Broadhead,wls WAL,"AT,MT",Wigan Athletic,24,1998,11.9,5,20,10,50.0,1.68,0.84,0.25,0.50,13.6,0,0,0,2.6,2.6,0.13,#ERROR!,#ERROR!,Matchs
95,Andre Brooks,eng ENG,MT,Sheffield Utd,18,2003,0.0,0,0,0,,0.00,0.00,,,,0,0,0,0.0,0.0,,0.0,0.0,Matchs
96,Jacob Brown,sct SCO,"AT,DF",Stoke City,24,1998,30.8,7,63,30,47.6,02.05,0.98,0.11,0.23,12.6,0,0,0,9.6,9.3,0.15,-2.6,-2.3,Matchs
97,Alan Browne,ie IRL,"MT,DF",Preston,27,1995,29.2,1,30,14,46.7,01.03,0.48,0.03,0.07,16.9,2,0,0,2.1,2.1,0.07,-1.1,-1.1,Matchs
98,Josh Brownhill,eng ENG,MT,Burnley,26,1995,39.7,7,57,22,38.6,1.44,0.55,0.12,0.32,19.1,7,0,0,5.7,5.7,0.10,#ERROR!,#ERROR!,Matchs
99,John Buckley,eng ENG,MT,Blackburn,22,1999,16.3,0,4,1,25.0,0.25,0.06,0.00,0.00,26.8,0,0,0,0.1,0.1,0.04,-0.1,-0.1,Matchs
100,Tyler Burey,eng ENG,AT,Millwall,20,2001,10.2,1,22,7,31.8,2.15,0.68,0.05,0.14,17.4,0,0,0,2.0,2.0,0.09,-1.0,-1.0,Matchs
Clt,Joueur,Nation,Pos,Équipe,Âge,Naissance,90,Buts,Tirs,TC,TC%,Tir/90,TC/90,B/Tir,B/TC,Dist,CF,PénM,PénT,xG,npxG,npxG/Sh,G-xG,np:G-xG,Matchs
101,Oliver Burke,sct SCO,AT,Millwall,25,1997,8.5,2,22,6,27.3,2.58,0.70,0.09,0.33,14.3,0,0,0,2.5,2.5,0.11,-0.5,-0.5,Matchs
102,Reece Burke,eng ENG,DF,Luton Town,25,1996,14.5,2,2,2,100.0,0.14,0.14,1.00,1.00,18.3,0,0,0,0.2,0.2,0.12,#ERROR!,#ERROR!,Matchs
103,Jack Burroughs,sct SCO,"DF,MT",Coventry City,21,2001,4.9,0,2,1,50.0,0.41,0.21,0.00,0.00,16.1,0,0,0,0.1,0.1,0.03,-0.1,-0.1,Matchs
104,Josef Bursik,eng ENG,GB,Stoke City,22,2000,16.0,0,0,0,,0.00,0.00,,,,0,0,0,0.0,0.0,,0.0,0.0,Matchs
105,David Button,eng ENG,GB,West Brom,33,1989,13.0,0,0,0,,0.00,0.00,,,,0,0,0,0.0,0.0,,0.0,0.0,Matchs
106,Jili Buyabu,eng ENG,DF,Sheffield Utd,20,2001,0.2,0,1,0,0.0,5.29,0.00,0.00,,20.2,0,0,0,0.0,0.0,0.03,0.0,0.0,Matchs
107,Sam Byram,eng ENG,DF,Norwich City,28,1993,12.0,1,6,2,33.3,0.50,0.17,0.17,0.50,14.9,0,0,0,0.7,0.7,0.11,#ERROR!,#ERROR!,Matchs
108,Ben Cabango,wls WAL,DF,Swansea City,22,2000,41.6,2,35,11,31.4,0.84,0.26,0.06,0.18,10.9,0,0,0,3.6,3.6,0.10,-1.6,-1.6,Matchs
109,Etienne Camara,fr FRA,MT,Huddersfield,19,2003,13.9,0,3,1,33.3,0.22,0.07,0.00,0.00,16.7,0,0,0,0.3,0.3,0.10,-0.3,-0.3,Matchs
110,Mamadi Camará,gw GNB,MT,Reading,18,2003,1.2,0,1,1,100.0,0.84,0.84,0.00,0.00,9.9,0,0,0,0.2,0.2,0.24,-0.2,-0.2,Matchs
111,Allan Campbell,sct SCO,MT,Luton Town,24,1998,36.1,3,31,12,38.7,0.86,0.33,0.10,0.25,15.5,0,0,0,3.1,3.1,0.10,-0.1,-0.1,Matchs
112,Tate Campbell,eng ENG,DF,Birmingham City,20,2002,0.0,0,0,0,,0.00,0.00,,,,0,0,0,0.0,0.0,,0.0,0.0,Matchs
113,Tyrese Campbell,eng ENG,AT,Stoke City,22,1999,29.5,9,83,37,44.6,2.81,1.25,0.11,0.24,16.4,0,0,0,8.9,8.9,0.11,#ERROR!,#ERROR!,Matchs
114,Andy Cannon,eng ENG,MT,Hull City,26,1996,2.1,0,1,0,0.0,0.47,0.00,0.00,,26.7,0,0,0,0.0,0.0,0.02,0.0,0.0,Matchs
115,Thomas Cannon,ie IRL,AT,Preston,19,2002,18.6,8,45,21,46.7,2.42,1.13,0.18,0.38,16.3,1,0,0,5.1,5.1,0.11,#ERROR!,#ERROR!,Matchs
116,Todd Cantwell,eng ENG,"AT,MT",Norwich City,24,1998,9.6,0,13,4,30.8,1.36,0.42,0.00,0.00,19.9,0,0,0,0.9,0.9,0.07,-0.9,-0.9,Matchs
117,Sonny Carey,eng ENG,MT,Blackpool,21,2001,27.2,3,44,9,20.5,1.62,0.33,0.07,0.33,19.4,3,0,0,3.1,3.1,0.07,-0.1,-0.1,Matchs
118,Ian Carlo Poveda,eng ENG,"AT,MT",Blackpool,22,2000,11.5,2,19,5,26.3,1.65,0.43,0.11,0.40,18.6,1,0,0,2.4,2.4,0.12,-0.4,-0.4,Matchs
119,Álvaro Carreras,es ESP,"DF,AT",Preston,19,2003,29.5,0,28,5,17.9,0.95,0.17,0.00,0.00,20.4,0,0,0,2.0,2.0,0.07,-2.0,-2.0,Matchs
120,Andy Carroll,eng ENG,AT,Reading,33,1989,21.6,9,39,15,38.5,1.81,0.70,0.15,0.40,16.4,1,3,3,4.6,2.2,0.06,#ERROR!,#ERROR!,Matchs
121,Hayden Carter,eng ENG,DF,Blackburn,22,1999,25.0,1,8,3,37.5,0.32,0.12,0.13,0.33,17.7,0,0,0,0.4,0.4,0.05,#ERROR!,#ERROR!,Matchs
122,Cesare Casadei,it ITA,MT,Reading,19,2003,12.3,1,14,4,28.6,1.14,0.32,0.07,0.25,19.0,2,0,0,1.0,1.0,0.07,0.0,0.0,Matchs
123,Craig Cathcart,nir NIR,DF,Watford,33,1989,25.2,0,5,0,0.0,0.20,0.00,0.00,,10.4,0,0,0,0.4,0.4,0.08,-0.4,-0.4,Matchs
124,Steven Caulker,sl SLE,DF,Wigan Athletic,30,1991,5.5,0,5,1,20.0,0.91,0.18,0.00,0.00,8.3,0,0,0,0.4,0.4,0.07,-0.4,-0.4,Matchs
125,Bersant Celina,xk KVX,AT,Stoke City,25,1996,2.9,0,9,3,33.3,03.06,01.02,0.00,0.00,24.4,0,0,0,0.5,0.5,0.05,-0.5,-0.5,Matchs
Clt,Joueur,Nation,Pos,Équipe,Âge,Naissance,90,Buts,Tirs,TC,TC%,Tir/90,TC/90,B/Tir,B/TC,Dist,CF,PénM,PénT,xG,npxG,npxG/Sh,G-xG,np:G-xG,Matchs
126,Ilias Chair,ma MAR,"MT,AT",QPR,24,1997,36.3,5,96,29,30.2,2.64,0.80,0.05,0.17,22.7,10,0,1,7.1,6.3,0.07,-2.1,-1.3,Matchs
127,Nathaniel Chalobah,eng ENG,MT,West Brom,27,1994,6.8,0,7,1,14.3,01.03,0.15,0.00,0.00,17.5,0,0,0,0.6,0.6,0.08,-0.6,-0.6,Matchs
128,Alfie Chang,eng ENG,MT,Birmingham City,19,2002,7.7,0,5,2,40.0,0.65,0.26,0.00,0.00,32.3,0,0,0,0.2,0.2,0.04,-0.2,-0.2,Matchs
129,Ismaila Cheick Coulibaly,ml MLI,MT,Sheffield Utd,21,2000,0.0,0,0,0,,0.00,0.00,,,,0,0,0,0.0,0.0,,0.0,0.0,Matchs
130,Youssef Chentouf,eng ENG,DF,Wigan Athletic,18,2004,0.0,0,0,0,,0.00,0.00,,,,0,0,0,0.0,0.0,,0.0,0.0,Matchs
131,Tahith Chong,nl NED,"MT,AT",Birmingham City,22,1999,31.5,4,58,19,32.8,1.84,0.60,0.07,0.21,18.5,2,0,0,5.0,5.0,0.09,-1.0,-1.0,Matchs
132,Hamza Choudhury,eng ENG,MT,Watford,24,1997,33.7,0,11,2,18.2,0.33,0.06,0.00,0.00,24.8,0,0,0,0.8,0.8,0.07,-0.8,-0.8,Matchs
133,Cyrus Christie,ie IRL,"DF,AT",Hull City,29,1992,23.1,3,27,9,33.3,1.17,0.39,0.11,0.33,18.0,0,0,0,1.7,1.7,0.06,#ERROR!,#ERROR!,Matchs
134,Darko Churlinov,mk MKD,AT,Burnley,22,2000,2.2,0,6,1,16.7,2.67,0.45,0.00,0.00,15.4,0,0,0,0.7,0.7,0.12,-0.7,-0.7,Matchs
135,Dennis Cirkin,eng ENG,DF,Sunderland,20,2002,20.5,5,15,5,33.3,0.73,0.24,0.33,1.00,12.7,0,0,0,2.3,2.3,0.15,#ERROR!,#ERROR!,Matchs
136,Ciaran Clark,ie IRL,DF,Sheffield Utd,32,1989,7.4,2,5,2,40.0,0.68,0.27,0.40,1.00,9.1,0,0,0,1.6,1.6,0.32,#ERROR!,#ERROR!,Matchs
137,Jordan Clark,eng ENG,MT,Luton Town,28,1993,34.4,2,58,12,20.7,1.68,0.35,0.03,0.17,19.2,0,0,0,5.3,5.3,0.09,-3.3,-3.3,Matchs
138,Harry Clarke,eng ENG,DF,Stoke City,21,2001,10.9,2,10,4,40.0,0.91,0.37,0.20,0.50,14.0,0,0,0,1.2,1.2,0.12,#ERROR!,#ERROR!,Matchs
139,Jack Clarke,eng ENG,"AT,DF",Sunderland,21,2000,42.1,9,63,26,41.3,1.50,0.62,0.14,0.35,16.6,3,0,0,5.5,5.5,0.09,#ERROR!,#ERROR!,Matchs
140,John Clarke,ie IRL,"DF,AT",Reading,18,2004,0.3,0,0,0,,0.00,0.00,,,,0,0,0,0.0,0.0,,0.0,0.0,Matchs
141,Matthew Clarke,eng ENG,DF,Middlesbrough,25,1996,5.1,0,5,2,40.0,0.98,0.39,0.00,0.00,11.0,0,0,0,0.6,0.6,0.11,-0.6,-0.6,Matchs
142,Jake Clarke-Salter,eng ENG,DF,QPR,24,1997,12.6,0,3,1,33.3,0.24,0.08,0.00,0.00,10.3,0,0,0,0.4,0.4,0.15,-0.4,-0.4,Matchs
143,Reyes Cleary,eng ENG,AT,West Brom,18,2004,0.6,0,0,0,,0.00,0.00,,,,0,0,0,0.0,0.0,,0.0,0.0,Matchs
144,Tom Cleverley,eng ENG,MT,Watford,32,1989,2.7,1,1,1,100.0,0.37,0.37,1.00,1.00,13.9,0,0,0,0.2,0.2,0.19,#ERROR!,#ERROR!,Matchs
145,Sam Clucas,eng ENG,MT,Stoke City,31,1990,5.4,0,5,0,0.0,0.93,0.00,0.00,,17.5,0,0,0,0.4,0.4,0.09,-0.4,-0.4,Matchs
146,Josh Coburn,eng ENG,AT,Middlesbrough,19,2002,0.3,0,2,0,0.0,6.43,0.00,0.00,,13.8,0,0,0,0.1,0.1,0.04,-0.1,-0.1,Matchs
147,Maxime Colin,fr FRA,"DF,AT",Birmingham City,30,1991,42.7,2,17,5,29.4,0.40,0.12,0.12,0.40,15.8,0,0,0,2.7,2.7,0.16,-0.7,-0.7,Matchs
148,Jamilu Collins,ng NGA,DF,Cardiff City,27,1994,3.1,0,1,0,0.0,0.32,0.00,0.00,,31.0,0,0,0,0.0,0.0,0.03,0.0,0.0,Matchs
149,Rubin Colwill,wls WAL,"AT,MT",Cardiff City,20,2002,6.7,0,13,2,15.4,1.95,0.30,0.00,0.00,22.3,2,0,0,0.6,0.6,0.05,-0.6,-0.6,Matchs
150,Cameron Congreve,wls WAL,"MT,AT",Swansea City,18,2004,1.4,0,1,1,100.0,0.72,0.72,0.00,0.00,28.8,0,0,0,0.0,0.0,0.02,0.0,0.0,Matchs
Clt,Joueur,Nation,Pos,Équipe,Âge,Naissance,90,Buts,Tirs,TC,TC%,Tir/90,TC/90,B/Tir,B/TC,Dist,CF,PénM,PénT,xG,npxG,npxG/Sh,G-xG,np:G-xG,Matchs
151,Aaron Connolly,ie IRL,"AT,MT",Hull City,22,2000,3.8,2,10,4,40.0,2.66,01.07,0.20,0.50,17.3,0,0,0,1.6,1.6,0.16,#ERROR!,#ERROR!,Matchs
152,Callum Connolly,eng ENG,"DF,MT",Blackpool,24,1997,38.4,1,31,4,12.9,0.81,0.10,0.03,0.25,14.7,1,0,0,2.7,2.7,0.09,-1.7,-1.7,Matchs
153,Tommy Conway,sct SCO,"AT,MT",Bristol City,19,2002,21.1,9,40,20,50.0,1.89,0.95,0.23,0.45,12.9,0,0,0,6.1,6.1,0.15,#ERROR!,#ERROR!,Matchs
154,Jake Cooper,eng ENG,DF,Millwall,27,1995,44.4,3,38,11,28.9,0.86,0.25,0.08,0.27,12.5,0,0,0,2.7,2.7,0.07,#ERROR!,#ERROR!,Matchs
155,Oliver Cooper,wls WAL,"MT,AT",Swansea City,22,1999,25.6,5,39,12,30.8,1.53,0.47,0.13,0.42,16.9,0,0,0,4.3,4.3,0.11,#ERROR!,#ERROR!,Matchs
156,Theo Corbeanu,ca CAN,"AT,MT",Blackpool,20,2002,9.4,3,26,10,38.5,2.77,01.07,0.12,0.30,20.8,2,0,0,2.0,2.0,0.08,#ERROR!,#ERROR!,Matchs
157,Jack Cork,eng ENG,MT,Burnley,33,1989,27.1,0,9,2,22.2,0.33,0.07,0.00,0.00,20.9,0,0,0,0.4,0.4,0.05,-0.4,-0.4,Matchs
158,Harry Cornick,eng ENG,AT,Bristol City,27,1995,8.6,1,15,8,53.3,1.74,0.93,0.07,0.13,13.5,0,0,0,3.4,3.4,0.23,-2.4,-2.4,Matchs
159,Harry Cornick,eng ENG,"AT,MT",Luton Town,27,1995,8.3,1,13,2,15.4,1.57,0.24,0.08,0.50,16.8,0,0,0,1.2,1.2,0.09,-0.2,-0.2,Matchs
160,Sam Cosgrove,eng ENG,"AT,MT",Birmingham City,25,1996,0.4,0,2,1,50.0,5.14,2.57,0.00,0.00,15.4,0,0,0,0.1,0.1,0.06,-0.1,-0.1,Matchs
161,Dara Costelloe,ie IRL,AT,Burnley,19,2002,2.3,0,3,0,0.0,1.30,0.00,0.00,,18.6,0,0,0,0.3,0.3,0.10,-0.3,-0.3,Matchs
162,Jordan Cousins,eng ENG,MT,Wigan Athletic,28,1994,7.1,0,5,1,20.0,0.70,0.14,0.00,0.00,22.5,0,0,0,0.2,0.2,0.04,-0.2,-0.2,Matchs
163,Conor Coventry,ie IRL,MT,Rotherham Utd,22,2000,14.5,0,7,2,28.6,0.48,0.14,0.00,0.00,25.6,0,0,0,0.2,0.2,0.03,-0.2,-0.2,Matchs
164,Vaughn Covil,eng ENG,"MT,AT",Hull City,19,2003,1.1,0,0,0,,0.00,0.00,,,,0,0,0,0.0,0.0,,0.0,0.0,Matchs
165,Lewie Coyle,eng ENG,DF,Hull City,26,1995,26.9,0,17,2,11.8,0.63,0.07,0.00,0.00,28.6,0,0,0,0.5,0.5,0.03,-0.5,-0.5,Matchs
166,Michael Craig,sct SCO,"MT,AT",Reading,19,2003,0.2,0,0,0,,0.00,0.00,,,,0,0,0,0.0,0.0,,0.0,0.0,Matchs
167,Charlie Cresswell,eng ENG,DF,Millwall,19,2002,25.1,4,34,12,35.3,1.35,0.48,0.12,0.33,11.9,0,0,0,2.3,2.3,0.07,#ERROR!,#ERROR!,Matchs
168,Matt Crooks,eng ENG,"MT,AT",Middlesbrough,28,1994,20.1,7,40,14,35.0,1.99,0.70,0.18,0.50,11.0,0,0,0,6.8,6.8,0.17,#ERROR!,#ERROR!,Matchs
169,Josh Cullen,ie IRL,MT,Burnley,26,1996,42.7,1,29,5,17.2,0.68,0.12,0.03,0.20,18.8,0,0,0,2.1,2.1,0.07,-1.1,-1.1,Matchs
170,Liam Cullen,wls WAL,"AT,MT",Swansea City,23,1999,13.5,8,29,14,48.3,2.15,01.04,0.28,0.57,11.3,0,0,0,8.1,8.1,0.28,-0.1,-0.1,Matchs
171,Luke Cundle,eng ENG,"MT,AT",Swansea City,20,2002,19.8,3,19,9,47.4,0.96,0.46,0.16,0.33,14.9,0,0,0,3.1,3.1,0.17,-0.1,-0.1,Matchs
172,Greg Cunningham,ie IRL,DF,Preston,31,1991,19.8,2,7,4,57.1,0.35,0.20,0.29,0.50,16.5,0,0,0,0.4,0.4,0.05,#ERROR!,#ERROR!,Matchs
173,Fankaty Dabo,eng ENG,DF,Coventry City,26,1995,18.5,0,8,2,25.0,0.43,0.11,0.00,0.00,18.1,0,0,0,0.7,0.7,0.08,-0.7,-0.7,Matchs
174,Bradley Dack,eng ENG,"MT,AT",Blackburn,28,1993,13.5,4,23,10,43.5,1.71,0.74,0.17,0.40,15.6,0,0,0,3.1,3.1,0.13,#ERROR!,#ERROR!,Matchs
175,Leon Dajaku,de GER,"AT,MT",Sunderland,21,2001,2.2,0,4,0,0.0,1.86,0.00,0.00,,16.0,0,0,0,0.3,0.3,0.07,-0.3,-0.3,Matchs
Clt,Joueur,Nation,Pos,Équipe,Âge,Naissance,90,Buts,Tirs,TC,TC%,Tir/90,TC/90,B/Tir,B/TC,Dist,CF,PénM,PénT,xG,npxG,npxG/Sh,G-xG,np:G-xG,Matchs
176,Ameen Al-Dakhil,be BEL,DF,Burnley,20,2002,7.5,0,5,0,0.0,0.67,0.00,0.00,,12.6,0,0,0,0.5,0.5,0.09,-0.5,-0.5,Matchs
177,Vontae Daley Campbell,eng ENG,DF,Cardiff City,21,2001,0.7,0,0,0,,0.00,0.00,,,,0,0,0,0.0,0.0,,0.0,0.0,Matchs
178,Scott Dann,eng ENG,DF,Reading,35,1987,7.3,0,1,0,0.0,0.14,0.00,0.00,,11.8,0,0,0,0.0,0.0,0.03,0.0,0.0,Matchs
179,Tendayi Darikwa,zw ZIM,DF,Wigan Athletic,30,1991,30.8,0,14,1,7.1,0.46,0.03,0.00,0.00,19.6,0,0,0,1.0,1.0,0.07,-1.0,-1.0,Matchs
180,Harry Darling,eng ENG,DF,Swansea City,22,1999,25.5,4,43,17,39.5,1.69,0.67,0.09,0.24,14.8,0,0,0,3.7,3.7,0.09,#ERROR!,#ERROR!,Matchs
181,Karl Darlow,eng ENG,GB,Hull City,31,1990,12.0,0,0,0,,0.00,0.00,,,,0,0,0,0.0,0.0,,0.0,0.0,Matchs
182,Jay Dasilva,eng ENG,DF,Bristol City,24,1998,29.0,0,14,2,14.3,0.48,0.07,0.00,0.00,14.2,0,0,0,1.0,1.0,0.07,-1.0,-1.0,Matchs
183,Adam Davies,wls WAL,GB,Sheffield Utd,30,1992,6.8,0,0,0,,0.00,0.00,,,,0,0,0,0.0,0.0,,0.0,0.0,Matchs
184,Isaak Davies,wls WAL,"AT,MT",Cardiff City,20,2001,3.1,1,5,1,20.0,1.60,0.32,0.20,1.00,12.1,0,0,0,0.9,0.9,0.17,#ERROR!,#ERROR!,Matchs
185,Keinan Davis,eng ENG,AT,Watford,24,1998,26.6,7,56,24,42.9,2.11,0.90,0.13,0.29,12.7,0,0,0,7.0,7.0,0.13,0.0,0.0,Matchs
186,Harlee Dean,eng ENG,DF,Birmingham City,31,1991,13.5,1,4,2,50.0,0.30,0.15,0.25,0.50,9.3,0,0,0,0.4,0.4,0.09,#ERROR!,#ERROR!,Matchs
187,Troy Deeney,eng ENG,AT,Birmingham City,34,1988,23.2,7,28,8,28.6,1.21,0.35,0.14,0.50,15.4,0,3,4,6.8,3.6,0.13,#ERROR!,#ERROR!,Matchs
188,Liam Delap,eng ENG,AT,Stoke City,19,2003,14.0,3,37,12,32.4,2.65,0.86,0.08,0.25,13.6,0,0,0,4.2,4.2,0.11,-1.2,-1.2,Matchs
189,Liam Delap,eng ENG,AT,Preston,19,2003,6.9,1,10,4,40.0,1.45,0.58,0.10,0.25,13.0,0,0,0,3.6,3.6,0.36,-2.6,-2.6,Matchs
190,Tom Dele-Bashiru,ng NGA,MT,Watford,22,1999,3.9,0,1,1,100.0,0.25,0.25,0.00,0.00,28.4,0,0,0,0.0,0.0,0.02,0.0,0.0,Matchs
191,Emmanuel Dennis,ng NGA,"MT,AT",Watford,24,1997,1.9,0,3,1,33.3,1.57,0.52,0.00,0.00,17.2,0,0,0,0.3,0.3,0.09,-0.3,-0.3,Matchs
192,Halil Dervişoğlu,tr TUR,"MT,AT",Burnley,22,1999,0.8,1,2,2,100.0,2.50,2.50,0.50,0.50,12.1,0,0,0,0.6,0.6,0.29,#ERROR!,#ERROR!,Matchs
193,Bambo Diaby,sn SEN,DF,Preston,24,1997,10.6,0,4,0,0.0,0.38,0.00,0.00,,9.3,0,0,0,0.4,0.4,0.11,-0.4,-0.4,Matchs
194,Amad Diallo,ci CIV,"AT,MT",Sunderland,20,2002,28.7,13,64,25,39.1,2.23,0.87,0.16,0.40,20.2,3,3,3,8.1,5.7,0.09,#ERROR!,#ERROR!,Matchs
195,Jack Diamond,eng ENG,MT,Sunderland,22,2000,0.1,0,0,0,,0.00,0.00,,,,0,0,0,0.0,0.0,,0.0,0.0,Matchs
196,Grady Diangana,cd COD,AT,West Brom,24,1998,21.5,4,39,9,23.1,1.82,0.42,0.10,0.44,15.9,0,0,0,4.9,4.9,0.12,-0.9,-0.9,Matchs
197,Brahima Diarra,ml MLI,"MT,AT",Huddersfield,19,2003,9.0,0,11,2,18.2,1.22,0.22,0.00,0.00,22.7,0,0,0,0.5,0.5,0.05,-0.5,-0.5,Matchs
198,Robert Dickie,eng ENG,DF,QPR,26,1996,33.7,0,23,2,8.7,0.68,0.06,0.00,0.00,12.9,0,0,0,2.2,2.2,0.10,-2.2,-2.2,Matchs
199,Seny Dieng,sn SEN,GB,QPR,27,1994,46.0,1,2,1,50.0,0.04,0.02,0.50,1.00,10.1,0,0,0,0.1,0.1,0.07,#ERROR!,#ERROR!,Matchs
200,Anfernee Dijksteel,sr SUR,DF,Middlesbrough,25,1996,10.4,0,1,0,0.0,0.10,0.00,0.00,,5.8,0,0,0,0.3,0.3,0.27,-0.3,-0.3,Matchs
Clt,Joueur,Nation,Pos,Équipe,Âge,Naissance,90,Buts,Tirs,TC,TC%,Tir/90,TC/90,B/Tir,B/TC,Dist,CF,PénM,PénT,xG,npxG,npxG/Sh,G-xG,np:G-xG,Matchs
201,Daryl Dike,us USA,AT,West Brom,22,2000,13.4,7,44,18,40.9,3.29,1.35,0.16,0.39,11.8,0,0,0,6.0,6.0,0.14,#ERROR!,#ERROR!,Matchs
202,Elijah Dixon-Bonner,eng ENG,MT,QPR,21,2001,0.1,0,0,0,,0.00,0.00,,,,0,0,0,0.0,0.0,,0.0,0.0,Matchs
203,Greg Docherty,sct SCO,"MT,AT",Hull City,25,1996,21.7,1,30,9,30.0,1.38,0.41,0.03,0.11,19.2,0,0,0,2.0,2.0,0.07,-1.0,-1.0,Matchs
204,Tyrhys Dolan,eng ENG,"AT,MT",Blackburn,20,2001,21.9,4,44,14,31.8,02.01,0.64,0.09,0.29,15.3,0,0,0,4.9,4.9,0.11,-0.9,-0.9,Matchs
205,Kenneth Dougall,au AUS,MT,Blackpool,29,1993,28.6,3,18,4,22.2,0.63,0.14,0.17,0.75,18.9,1,0,0,1.9,1.9,0.10,#ERROR!,#ERROR!,Matchs
206,Alfie Doughty,eng ENG,"DF,AT",Luton Town,22,1999,24.1,2,28,10,35.7,1.16,0.41,0.07,0.20,21.0,1,0,0,1.3,1.3,0.05,#ERROR!,#ERROR!,Matchs
207,Kieran Dowell,eng ENG,"MT,AT",Norwich City,24,1997,12.3,5,21,11,52.4,1.70,0.89,0.24,0.45,16.4,0,0,0,2.9,2.9,0.14,#ERROR!,#ERROR!,Matchs
208,Callum Doyle,eng ENG,DF,Coventry City,18,2003,37.8,0,13,7,53.8,0.34,0.19,0.00,0.00,22.4,1,0,0,0.6,0.6,0.05,-0.6,-0.6,Matchs
209,Tommy Doyle,eng ENG,MT,Sheffield Utd,20,2001,20.6,3,44,16,36.4,2.14,0.78,0.07,0.19,23.7,7,0,0,2.8,2.8,0.06,#ERROR!,#ERROR!,Matchs
210,Andre Dozzell,eng ENG,"MT,AT",QPR,23,1999,20.4,0,7,0,0.0,0.34,0.00,0.00,,22.2,0,0,0,0.3,0.3,0.05,-0.3,-0.3,Matchs
211,Cody Drameh,eng ENG,DF,Luton Town,20,2001,14.4,0,6,1,16.7,0.42,0.07,0.00,0.00,17.0,0,0,0,0.4,0.4,0.07,-0.4,-0.4,Matchs
212,Aaron Drewe,eng ENG,"DF,AT",QPR,21,2001,5.1,0,0,0,,0.00,0.00,,,,0,0,0,0.0,0.0,,0.0,0.0,Matchs
213,Jimmy Dunne,ie IRL,DF,QPR,24,1997,37.6,2,26,5,19.2,0.69,0.13,0.08,0.40,10.6,0,0,0,3.6,3.6,0.14,-1.6,-1.6,Matchs
214,Lyndon Dykes,sct SCO,AT,QPR,26,1995,32.8,8,78,26,33.3,2.38,0.79,0.08,0.23,14.3,0,2,3,12.6,10.2,0.13,-4.6,-4.2,Matchs
215,Tom Eaves,eng ENG,AT,Rotherham Utd,30,1992,6.4,0,12,4,33.3,1.87,0.62,0.00,0.00,13.0,0,0,0,0.6,0.6,0.05,-0.6,-0.6,Matchs
216,Malcolm Ebiowei,eng ENG,"AT,MT",Hull City,18,2003,5.8,0,13,3,23.1,2.23,0.52,0.00,0.00,21.2,1,0,0,0.9,0.9,0.07,-0.9,-0.9,Matchs
217,Josh Eccles,eng ENG,"MT,DF",Coventry City,22,2000,26.9,1,24,4,16.7,0.89,0.15,0.04,0.25,21.8,0,0,0,1.2,1.2,0.05,-0.2,-0.2,Matchs
218,Rarmani Edmonds-Green,eng ENG,DF,Wigan Athletic,23,1999,2.7,0,0,0,,0.00,0.00,,,,0,0,0,0.0,0.0,,0.0,0.0,Matchs
219,Rarmani Edmonds-Green,eng ENG,"DF,MT",Huddersfield,23,1999,9.3,0,1,0,0.0,0.11,0.00,0.00,,32.0,0,0,0,0.0,0.0,0.03,0.0,0.0,Matchs
220,Tayo Edun,eng ENG,"DF,MT",Blackburn,24,1998,2.2,0,1,0,0.0,0.46,0.00,0.00,,21.5,0,0,0,0.1,0.1,0.08,-0.1,-0.1,Matchs
221,Gwion Edwards,wls WAL,"AT,MT",Wigan Athletic,29,1993,0.3,0,0,0,,0.00,0.00,,,,0,0,0,0.0,0.0,,0.0,0.0,Matchs
222,John Egan,ie IRL,DF,Sheffield Utd,29,1992,43.9,2,47,13,27.7,01.07,0.30,0.04,0.15,11.0,0,0,0,4.5,4.5,0.10,-2.5,-2.5,Matchs
223,CJ Egan-Riley,eng ENG,"MT,DF",Burnley,19,2003,0.2,0,1,0,0.0,4.29,0.00,0.00,,12.3,0,0,0,0.0,0.0,0.02,0.0,0.0,Matchs
224,Kelvin Ehibhatiomhan,eng ENG,AT,Reading,19,2003,2.2,1,4,2,50.0,1.82,0.91,0.25,0.50,11.9,0,0,0,0.3,0.3,0.09,#ERROR!,#ERROR!,Matchs
225,Ovie Ejaria,eng ENG,MT,Reading,24,1997,4.7,0,2,1,50.0,0.43,0.21,0.00,0.00,17.0,0,0,0,0.1,0.1,0.07,-0.1,-0.1,Matchs
Clt,Joueur,Nation,Pos,Équipe,Âge,Naissance,90,Buts,Tirs,TC,TC%,Tir/90,TC/90,B/Tir,B/TC,Dist,CF,PénM,PénT,xG,npxG,npxG/Sh,G-xG,np:G-xG,Matchs
226,Hjalmar Ekdal,se SWE,DF,Burnley,23,1998,8.5,1,1,1,100.0,0.12,0.12,1.00,1.00,3.1,0,0,0,0.5,0.5,0.52,#ERROR!,#ERROR!,Matchs
227,Marvin Ekpiteta,eng ENG,DF,Blackpool,26,1995,22.9,1,9,3,33.3,0.39,0.13,0.11,0.33,9.6,0,0,0,1.4,1.4,0.15,-0.4,-0.4,Matchs
228,Pierre Ekwah Elimby,fr FRA,MT,Sunderland,20,2002,5.0,0,5,2,40.0,1.00,0.40,0.00,0.00,23.1,0,0,0,0.4,0.4,0.09,-0.4,-0.4,Matchs
229,Callum Elder,au AUS,DF,Hull City,27,1995,21.1,0,4,2,50.0,0.19,0.09,0.00,0.00,11.2,0,0,0,0.2,0.2,0.06,-0.2,-0.2,Matchs
230,Aidomo Emakhu,ie IRL,MT,Millwall,18,2003,0.0,0,0,0,,0.00,0.00,,,,0,0,0,0.0,0.0,,0.0,0.0,Matchs
231,Elliot Embleton,eng ENG,"MT,AT",Sunderland,23,1999,11.8,2,24,9,37.5,02.04,0.77,0.08,0.22,18.9,4,0,0,1.8,1.8,0.08,#ERROR!,#ERROR!,Matchs
232,Romain Esse,eng ENG,"AT,MT",Millwall,17,2005,1.9,0,7,0,0.0,3.64,0.00,0.00,,13.4,0,0,0,0.6,0.6,0.08,-0.6,-0.6,Matchs
233,Oscar Estupiñan,co COL,AT,Hull City,25,1996,28.2,13,64,25,39.1,2.27,0.89,0.20,0.52,14.4,0,0,1,11.2,10.4,0.16,#ERROR!,#ERROR!,Matchs
234,Kion Etete,eng ENG,AT,Cardiff City,20,2001,13.6,3,36,13,36.1,2.65,0.96,0.08,0.23,14.7,0,0,0,3.2,3.2,0.09,-0.2,-0.2,Matchs
235,Neil Etheridge,ph PHI,GB,Birmingham City,32,1990,3.6,0,0,0,,0.00,0.00,,,,0,0,0,0.0,0.0,,0.0,0.0,Matchs
236,Ched Evans,wls WAL,AT,Preston,33,1988,14.4,9,43,17,39.5,2.98,1.18,0.21,0.53,14.5,0,0,0,5.5,5.5,0.13,#ERROR!,#ERROR!,Matchs
237,Corry Evans,nir NIR,MT,Sunderland,32,1990,20.2,0,17,5,29.4,0.84,0.25,0.00,0.00,25.1,0,0,0,0.6,0.6,0.03,-0.6,-0.6,Matchs
238,George Evans,eng ENG,MT,Millwall,27,1994,0.8,0,1,0,0.0,1.18,0.00,0.00,,21.7,0,0,0,0.1,0.1,0.08,-0.1,-0.1,Matchs
239,Mo Faal,eng ENG,MT,West Brom,19,2003,0.0,0,1,1,100.0,90.00,90.00,0.00,0.00,10.7,0,0,0,0.1,0.1,0.13,-0.1,-0.1,Matchs
240,Shane Ferguson,nir NIR,"AT,MT",Rotherham Utd,31,1991,16.3,3,12,5,41.7,0.74,0.31,0.25,0.60,19.3,2,0,0,1.1,1.1,0.10,#ERROR!,#ERROR!,Matchs
241,João Ferreira,pt POR,DF,Watford,21,2001,3.0,1,4,2,50.0,1.34,0.67,0.25,0.50,22.6,0,0,0,0.2,0.2,0.04,#ERROR!,#ERROR!,Matchs
242,Sam Field,eng ENG,MT,QPR,24,1998,44.8,2,20,4,20.0,0.45,0.09,0.10,0.50,16.6,0,0,0,1.6,1.6,0.08,#ERROR!,#ERROR!,Matchs
243,Tobias Figueiredo,pt POR,DF,Hull City,28,1994,18.3,0,4,3,75.0,0.22,0.16,0.00,0.00,15.5,0,0,0,0.4,0.4,0.09,-0.4,-0.4,Matchs
244,Sonny Finch,eng ENG,AT,Middlesbrough,16,2005,0.1,0,0,0,,0.00,0.00,,,,0,0,0,0.0,0.0,,0.0,0.0,Matchs
245,Lewis Fiorini,sct SCO,MT,Blackpool,20,2002,10.9,1,18,3,16.7,1.65,0.28,0.06,0.33,26.7,1,0,0,0.5,0.5,0.03,#ERROR!,#ERROR!,Matchs
246,Andy Fisher,eng ENG,GB,Swansea City,24,1998,25.3,0,0,0,,0.00,0.00,,,,0,0,0,0.0,0.0,,0.0,0.0,Matchs
247,Darnell Fisher,eng ENG,DF,Middlesbrough,28,1994,0.0,0,0,0,,0.00,0.00,,,,0,0,0,0.0,0.0,,0.0,0.0,Matchs
248,John Fleck,sct SCO,MT,Sheffield Utd,30,1991,12.3,1,7,1,14.3,0.57,0.08,0.14,1.00,22.7,0,0,0,0.4,0.4,0.05,#ERROR!,#ERROR!,Matchs
249,Brandon Fleming,eng ENG,"DF,AT",Hull City,22,1999,1.6,0,0,0,,0.00,0.00,,,,0,0,0,0.0,0.0,,0.0,0.0,Matchs
250,Zian Flemming,nl NED,"MT,AT",Millwall,23,1998,39.9,15,129,42,32.6,3.23,01.05,0.11,0.33,22.2,21,1,1,9.6,8.9,0.07,#ERROR!,#ERROR!,Matchs
Clt,Joueur,Nation,Pos,Équipe,Âge,Naissance,90,Buts,Tirs,TC,TC%,Tir/90,TC/90,B/Tir,B/TC,Dist,CF,PénM,PénT,xG,npxG,npxG/Sh,G-xG,np:G-xG,Matchs
251,Ashley Fletcher,eng ENG,AT,Wigan Athletic,26,1995,13.3,2,21,8,38.1,1.58,0.60,0.10,0.25,14.0,0,0,0,2.4,2.4,0.11,-0.4,-0.4,Matchs
252,Aden Flint,eng ENG,DF,Stoke City,33,1989,9.0,0,12,2,16.7,1.33,0.22,0.00,0.00,8.7,0,0,0,1.5,1.5,0.12,-1.5,-1.5,Matchs
253,Wes Foderingham,eng ENG,GB,Sheffield Utd,31,1991,39.0,0,0,0,,0.00,0.00,,,,0,0,0,0.0,0.0,,0.0,0.0,Matchs
254,Tyrese Fornah,sl SLE,MT,Reading,22,1999,21.7,2,22,5,22.7,01.01,0.23,0.09,0.40,22.2,1,0,0,1.1,1.1,0.05,#ERROR!,#ERROR!,Matchs
255,Marcus Forss,fi FIN,AT,Middlesbrough,23,1999,21.8,10,42,18,42.9,1.92,0.82,0.19,0.44,14.6,0,2,2,7.0,5.4,0.13,#ERROR!,#ERROR!,Matchs
256,Lyle Foster,za RSA,AT,Burnley,21,2000,4.1,1,10,3,30.0,2.47,0.74,0.10,0.33,9.4,0,0,0,2.0,2.0,0.20,-1.0,-1.0,Matchs
257,Tariqe Fosu,gh GHA,"DF,AT",Stoke City,26,1995,13.7,0,21,5,23.8,1.53,0.36,0.00,0.00,21.6,0,0,0,1.0,1.0,0.05,-1.0,-1.0,Matchs
258,Tariqe Fosu,gh GHA,"MT,AT",Rotherham Utd,26,1995,16.3,1,21,6,28.6,1.29,0.37,0.05,0.17,20.6,1,0,0,2.5,2.5,0.12,-1.5,-1.5,Matchs
259,Morgan Fox,wls WAL,DF,Stoke City,28,1993,36.4,0,21,4,19.0,0.58,0.11,0.00,0.00,15.6,0,0,0,1.4,1.4,0.07,-1.4,-1.4,Matchs
260,Luke Freeman,eng ENG,"MT,AT",Luton Town,30,1992,11.0,2,21,7,33.3,1.91,0.64,0.10,0.29,20.5,0,0,0,1.7,1.7,0.08,#ERROR!,#ERROR!,Matchs
261,George Friend,eng ENG,DF,Birmingham City,34,1987,2.5,0,1,0,0.0,0.40,0.00,0.00,,16.3,0,0,0,0.0,0.0,0.05,0.0,0.0,Matchs
262,Dael Fry,eng ENG,DF,Middlesbrough,24,1997,25.4,0,11,1,9.1,0.43,0.04,0.00,0.00,10.1,0,0,0,1.2,1.2,0.11,-1.2,-1.2,Matchs
263,Leo Fuhr Hjelde,no NOR,DF,Rotherham Utd,18,2003,9.8,0,7,1,14.3,0.71,0.10,0.00,0.00,24.5,0,0,0,0.3,0.3,0.04,-0.3,-0.3,Matchs
264,Jay Fulton,sct SCO,MT,Swansea City,28,1994,30.3,3,30,8,26.7,0.99,0.26,0.10,0.38,19.3,2,0,0,2.4,2.4,0.08,#ERROR!,#ERROR!,Matchs
265,Darnell Furlong,eng ENG,DF,West Brom,26,1995,37.5,2,34,6,17.6,0.91,0.16,0.06,0.33,12.7,0,0,0,3.2,3.2,0.09,-1.2,-1.2,Matchs
266,Gabriel,br BRA,MT,Norwich City,23,1999,31.2,7,62,18,29.0,1.99,0.58,0.11,0.39,21.8,5,0,0,4.7,4.7,0.08,#ERROR!,#ERROR!,Matchs
267,Jordan Gabriel,eng ENG,"DF,MT",Blackpool,23,1998,15.1,0,6,0,0.0,0.40,0.00,0.00,,16.7,0,0,0,0.2,0.2,0.03,-0.2,-0.2,Matchs
268,Sam Gallagher,eng ENG,AT,Blackburn,26,1995,25.7,8,44,22,50.0,1.71,0.86,0.18,0.36,13.9,0,0,0,6.7,6.7,0.15,#ERROR!,#ERROR!,Matchs
269,Luke Garbutt,eng ENG,"DF,AT",Blackpool,29,1993,6.1,0,6,1,16.7,0.98,0.16,0.00,0.00,28.5,2,0,0,0.2,0.2,0.03,-0.2,-0.2,Matchs
270,Gary Gardner,eng ENG,MT,Birmingham City,30,1992,2.8,0,7,1,14.3,2.51,0.36,0.00,0.00,19.9,0,0,0,0.5,0.5,0.07,-0.5,-0.5,Matchs
271,Taylor Gardner-Hickman,eng ENG,"MT,DF",West Brom,20,2001,13.0,2,11,5,45.5,0.85,0.38,0.18,0.40,25.8,0,0,0,0.6,0.6,0.06,#ERROR!,#ERROR!,Matchs
272,Jake Garrett,eng ENG,MT,Blackburn,19,2003,4.4,0,1,0,0.0,0.23,0.00,0.00,,24.6,0,0,0,0.0,0.0,0.02,0.0,0.0,Matchs
273,Mario Gaspar,es ESP,"DF,MT",Watford,31,1990,19.7,0,21,2,9.5,01.06,0.10,0.00,0.00,17.1,0,0,0,1.7,1.7,0.08,-1.7,-1.7,Matchs
274,Dwight Gayle,eng ENG,AT,Stoke City,31,1990,26.5,3,46,17,37.0,1.74,0.64,0.07,0.18,14.0,1,0,0,6.3,6.3,0.14,-3.3,-3.3,Matchs
275,Joe Gelhardt,eng ENG,AT,Sunderland,20,2002,13.3,3,33,10,30.3,2.48,0.75,0.09,0.30,15.8,0,0,0,4.3,4.3,0.13,-1.3,-1.3,Matchs
Clt,Joueur,Nation,Pos,Équipe,Âge,Naissance,90,Buts,Tirs,TC,TC%,Tir/90,TC/90,B/Tir,B/TC,Dist,CF,PénM,PénT,xG,npxG,npxG/Sh,G-xG,np:G-xG,Matchs
276,Dimitris Giannoulis,gr GRE,DF,Norwich City,26,1995,18.5,0,8,2,25.0,0.43,0.11,0.00,0.00,25.8,0,0,0,0.3,0.3,0.03,-0.3,-0.3,Matchs
277,Liam Gibbs,eng ENG,MT,Norwich City,19,2002,18.8,1,14,2,14.3,0.74,0.11,0.07,0.50,28.5,0,0,0,0.6,0.6,0.05,#ERROR!,#ERROR!,Matchs
278,Ben Gibson,eng ENG,DF,Norwich City,29,1993,19.7,0,7,3,42.9,0.36,0.15,0.00,0.00,15.6,0,0,0,0.4,0.4,0.06,-0.4,-0.4,Matchs
279,Brodie Gilmore,nir NIR,DF,Huddersfield,18,2004,2.7,0,0,0,,0.00,0.00,,,,0,0,0,0.0,0.0,,0.0,0.0,Matchs
280,Matthew Godden,eng ENG,AT,Coventry City,31,1991,22.0,8,47,14,29.8,2.14,0.64,0.13,0.43,13.6,0,2,2,8.8,7.2,0.16,-0.8,-1.2,Matchs
281,Lynden Gooch,us USA,DF,Sunderland,26,1995,26.3,1,19,6,31.6,0.72,0.23,0.05,0.17,22.4,0,0,0,0.8,0.8,0.04,#ERROR!,#ERROR!,Matchs
282,Charlie Goode,eng ENG,DF,Blackpool,26,1995,1.3,0,1,0,0.0,0.77,0.00,0.00,,7.3,0,0,0,0.1,0.1,0.09,-0.1,-0.1,Matchs
283,Kyron Gordon,eng ENG,DF,Sheffield Utd,20,2002,0.8,0,1,0,0.0,1.22,0.00,0.00,,5.4,0,0,0,0.2,0.2,0.19,-0.2,-0.2,Matchs
284,Dan Gosling,eng ENG,"DF,MT",Watford,32,1990,9.8,0,3,0,0.0,0.31,0.00,0.00,,20.2,0,0,0,0.2,0.2,0.05,-0.2,-0.2,Matchs
285,Jordan Graham,eng ENG,DF,Birmingham City,27,1995,13.6,0,12,1,8.3,0.89,0.07,0.00,0.00,18.8,0,0,0,0.7,0.7,0.05,-0.7,-0.7,Matchs
286,Karlan Grant,eng ENG,"AT,MT",West Brom,24,1997,19.1,3,43,16,37.2,2.25,0.84,0.05,0.13,13.6,0,1,2,6.5,4.9,0.11,-3.5,-2.9,Matchs
287,Jacob Greaves,eng ENG,DF,Hull City,21,2000,39.6,4,23,6,26.1,0.58,0.15,0.17,0.67,11.4,0,0,0,1.4,1.4,0.06,#ERROR!,#ERROR!,Matchs
288,Jack Grieves,eng ENG,MT,Watford,17,2004,0.1,0,0,0,,0.00,0.00,,,,0,0,0,0.0,0.0,,0.0,0.0,Matchs
289,Joshua Griffiths,eng ENG,GB,West Brom,20,2001,10.0,0,0,0,,0.00,0.00,,,,0,0,0,0.0,0.0,,0.0,0.0,Matchs
290,Matt Grimes,eng ENG,MT,Swansea City,27,1995,44.0,1,29,6,20.7,0.66,0.14,0.03,0.17,25.7,0,0,0,1.4,1.4,0.05,-0.4,-0.4,Matchs
291,Daniel Grimshaw,eng ENG,GB,Blackpool,24,1998,18.0,0,0,0,,0.00,0.00,,,,0,0,0,0.0,0.0,,0.0,0.0,Matchs
292,Nesta Guinness-Walker,eng ENG,"DF,AT",Reading,22,1999,18.3,0,8,1,12.5,0.44,0.05,0.00,0.00,17.9,0,0,0,0.5,0.5,0.06,-0.5,-0.5,Matchs
293,Angus Gunn,sct SCO,GB,Norwich City,26,1996,30.0,0,0,0,,0.00,0.00,,,,0,0,0,0.0,0.0,,0.0,0.0,Matchs
294,Viktor Gyökeres,se SWE,AT,Coventry City,24,1998,44.7,21,133,52,39.1,2.98,1.16,0.14,0.35,17.1,2,3,4,19.5,16.4,0.12,#ERROR!,#ERROR!,Matchs
295,Hayden Hackney,eng ENG,MT,Middlesbrough,20,2002,30.4,3,34,6,17.6,1.12,0.20,0.09,0.50,22.4,0,0,0,1.7,1.7,0.05,#ERROR!,#ERROR!,Matchs
296,George Hall,eng ENG,MT,Birmingham City,18,2004,14.1,2,13,6,46.2,0.92,0.43,0.15,0.33,14.2,0,0,0,2.1,2.1,0.16,-0.1,-0.1,Matchs
297,Grant Hall,eng ENG,DF,Rotherham Utd,30,1991,16.2,0,6,1,16.7,0.37,0.06,0.00,0.00,8.7,0,0,0,0.8,0.8,0.13,-0.8,-0.8,Matchs
298,Niko Hämäläinen,fi FIN,DF,QPR,25,1997,1.0,0,1,0,0.0,0.98,0.00,0.00,,27.5,0,0,0,0.0,0.0,0.04,0.0,0.0,Matchs
299,Ben Hamer,eng ENG,GB,Watford,34,1987,1.0,0,0,0,,0.00,0.00,,,,0,0,0,0.0,0.0,,0.0,0.0,Matchs
300,Gustavo Hamer,nl NED,MT,Coventry City,25,1997,38.6,9,105,39,37.1,2.72,01.01,0.09,0.23,24.8,19,0,0,7.2,7.2,0.07,#ERROR!,#ERROR!,Matchs
Clt,Joueur,Nation,Pos,Équipe,Âge,Naissance,90,Buts,Tirs,TC,TC%,Tir/90,TC/90,B/Tir,B/TC,Dist,CF,PénM,PénT,xG,npxG,npxG/Sh,G-xG,np:G-xG,Matchs
301,CJ Hamilton,ie IRL,"AT,MT",Blackpool,27,1995,19.9,1,23,9,39.1,1.15,0.45,0.04,0.11,15.7,0,0,0,2.1,2.1,0.09,-1.1,-1.1,Matchs
302,Grant Hanley,sct SCO,DF,Norwich City,30,1991,38.3,1,22,3,13.6,0.57,0.08,0.05,0.33,10.0,0,0,0,2.2,2.2,0.10,-1.2,-1.2,Matchs
303,Wes Harding,jm JAM,"DF,AT",Rotherham Utd,25,1996,35.1,1,14,3,21.4,0.40,0.09,0.07,0.33,11.9,0,0,0,2.5,2.5,0.18,-1.5,-1.5,Matchs
304,Kian Harratt,eng ENG,"AT,MT",Huddersfield,20,2002,0.2,1,2,1,50.0,9.47,4.74,0.50,1.00,16.2,0,0,0,0.2,0.2,0.11,#ERROR!,#ERROR!,Matchs
305,Mark Harris,wls WAL,AT,Cardiff City,23,1998,17.9,3,30,13,43.3,1.68,0.73,0.10,0.23,14.9,0,0,0,3.1,3.1,0.10,-0.1,-0.1,Matchs
306,Taylor Harwood-Bellis,eng ENG,DF,Burnley,20,2002,30.7,1,17,7,41.2,0.55,0.23,0.06,0.14,8.4,0,0,0,2.0,2.0,0.12,-1.0,-1.0,Matchs
307,Kortney Hause,eng ENG,DF,Watford,27,1995,2.1,0,1,0,0.0,0.47,0.00,0.00,,9.3,0,0,0,0.1,0.1,0.08,-0.1,-0.1,Matchs
308,Isaac Hayden,eng ENG,MT,Norwich City,27,1995,9.0,0,9,2,22.2,1.00,0.22,0.00,0.00,20.5,0,0,0,0.5,0.5,0.06,-0.5,-0.5,Matchs
309,Jaheim Headley,eng ENG,"DF,AT",Huddersfield,20,2001,7.5,1,10,3,30.0,1.33,0.40,0.10,0.33,16.1,0,0,0,1.3,1.3,0.13,-0.3,-0.3,Matchs
310,Ryan Hedges,wls WAL,"AT,DF",Blackburn,27,1995,27.7,4,37,15,40.5,1.34,0.54,0.11,0.27,21.8,0,0,0,4.0,4.0,0.11,0.0,0.0,Matchs
311,Michał Helik,pl POL,DF,Huddersfield,26,1995,35.9,2,22,4,18.2,0.61,0.11,0.09,0.50,11.0,0,0,0,3.2,3.2,0.15,-1.2,-1.2,Matchs
312,Robbie Hemfrey,sct SCO,GB,Rotherham Utd,20,2002,0.5,0,0,0,,0.00,0.00,,,,0,0,0,0.0,0.0,,0.0,0.0,Matchs
313,Jeff Hendrick,ie IRL,MT,Reading,30,1992,44.7,4,51,11,21.6,1.14,0.25,0.08,0.36,22.0,0,0,0,4.5,4.5,0.10,-0.5,-0.5,Matchs
314,Onel Hernández,cu CUB,"AT,MT",Norwich City,29,1993,20.7,2,36,7,19.4,1.74,0.34,0.06,0.29,17.3,0,0,0,3.2,3.2,0.09,-1.2,-1.2,Matchs
315,Scott High,sct SCO,"MT,AT",Rotherham Utd,21,2001,4.0,0,2,1,50.0,0.50,0.25,0.00,0.00,22.7,0,0,0,0.1,0.1,0.04,-0.1,-0.1,Matchs
316,Scott High,sct SCO,MT,Huddersfield,21,2001,5.7,0,4,1,25.0,0.70,0.18,0.00,0.00,20.6,0,0,0,0.2,0.2,0.04,-0.2,-0.2,Matchs
317,George Hirst,eng ENG,AT,Blackburn,23,1999,3.1,0,5,0,0.0,1.63,0.00,0.00,,18.3,0,0,1,1.2,0.4,0.07,-1.2,-0.4,Matchs
318,Wesley Hoedt,nl NED,DF,Watford,28,1994,13.8,1,6,3,50.0,0.44,0.22,0.17,0.33,21.2,0,0,0,0.5,0.5,0.08,#ERROR!,#ERROR!,Matchs
319,Ki-Jana Hoever,nl NED,DF,Stoke City,20,2002,11.6,4,14,7,50.0,1.21,0.61,0.29,0.57,18.0,0,0,0,1.9,1.9,0.13,#ERROR!,#ERROR!,Matchs
320,Scott Hogan,ie IRL,AT,Birmingham City,30,1992,30.2,10,55,24,43.6,1.82,0.79,0.16,0.38,12.6,0,1,2,10.0,8.4,0.15,0.0,#ERROR!,Matchs
321,Jonathan Hogg,eng ENG,MT,Huddersfield,33,1988,26.5,0,8,0,0.0,0.30,0.00,0.00,,17.4,0,0,0,0.5,0.5,0.07,-0.5,-0.5,Matchs
322,Junior Hoilett,ca CAN,"DF,AT",Reading,32,1990,28.3,1,33,13,39.4,1.16,0.46,0.03,0.08,18.3,2,0,0,2.1,2.1,0.06,-1.1,-1.1,Matchs
323,Bradley Holmes,eng ENG,MT,Blackpool,19,2002,0.4,0,1,0,0.0,2.65,0.00,0.00,,9.9,0,0,0,0.1,0.1,0.10,-0.1,-0.1,Matchs
324,Duane Holmes,us USA,"MT,AT",Huddersfield,27,1994,18.1,2,25,12,48.0,1.38,0.66,0.08,0.17,20.9,2,0,0,1.7,1.7,0.07,#ERROR!,#ERROR!,Matchs
325,Tom Holmes,eng ENG,DF,Reading,22,2000,37.9,0,19,6,31.6,0.50,0.16,0.00,0.00,14.6,0,0,0,1.1,1.1,0.06,-1.1,-1.1,Matchs
Clt,Joueur,Nation,Pos,Équipe,Âge,Naissance,90,Buts,Tirs,TC,TC%,Tir/90,TC/90,B/Tir,B/TC,Dist,CF,PénM,PénT,xG,npxG,npxG/Sh,G-xG,np:G-xG,Matchs
326,Joel Holvey,,MT,Rotherham Utd,,,0.1,0,0,0,,0.00,0.00,,,,0,0,0,0.0,0.0,,0.0,0.0,Matchs
327,George Honeyman,eng ENG,"AT,MT",Millwall,27,1994,23.8,1,15,5,33.3,0.63,0.21,0.07,0.20,14.9,1,0,0,2.0,2.0,0.13,-1.0,-1.0,Matchs
328,Matthew Hoppe,us USA,AT,Middlesbrough,21,2001,0.8,0,4,1,25.0,5.22,1.30,0.00,0.00,14.1,0,0,0,0.2,0.2,0.06,-0.2,-0.2,Matchs
329,Ethan Horvath,us USA,GB,Luton Town,27,1995,44.0,0,0,0,,0.00,0.00,,,,0,0,0,0.0,0.0,,0.0,0.0,Matchs
330,Ryan Howley,wls WAL,MT,Coventry City,18,2003,2.0,0,1,0,0.0,0.51,0.00,0.00,,26.7,0,0,0,0.0,0.0,0.04,0.0,0.0,Matchs
331,Jonny Howson,eng ENG,MT,Middlesbrough,34,1988,41.2,0,10,0,0.0,0.24,0.00,0.00,,26.3,0,0,0,0.3,0.3,0.03,-0.3,-0.3,Matchs
332,Niall Huggins,wls WAL,DF,Sunderland,21,2000,1.0,0,0,0,,0.00,0.00,,,,0,0,0,0.0,0.0,,0.0,0.0,Matchs
333,Andrew Hughes,wls WAL,DF,Preston,30,1992,25.8,2,15,4,26.7,0.58,0.16,0.13,0.50,13.1,0,0,0,1.6,1.6,0.11,#ERROR!,#ERROR!,Matchs
334,Charlie Hughes,eng ENG,DF,Wigan Athletic,18,2003,16.8,1,9,2,22.2,0.54,0.12,0.11,0.50,12.0,0,0,0,1.0,1.0,0.11,0.0,0.0,Matchs
335,Jordan Hugill,eng ENG,"AT,MT",Norwich City,30,1992,0.8,0,2,2,100.0,2.65,2.65,0.00,0.00,11.7,0,0,0,0.2,0.2,0.08,-0.2,-0.2,Matchs
336,Jordan Hugill,eng ENG,AT,Rotherham Utd,30,1992,15.7,5,21,8,38.1,1.34,0.51,0.14,0.38,12.6,0,2,2,4.9,3.3,0.16,#ERROR!,-0.3,Matchs
337,Trai Hume,nir NIR,DF,Sunderland,20,2002,24.2,1,21,9,42.9,0.87,0.37,0.05,0.11,14.0,0,0,0,2.2,2.2,0.11,-1.2,-1.2,Matchs
338,Cameron Humphreys,eng ENG,DF,Rotherham Utd,23,1998,34.6,0,2,0,0.0,0.06,0.00,0.00,,19.1,0,0,0,0.0,0.0,0.02,0.0,0.0,Matchs
339,Stephen Humphrys,eng ENG,AT,Wigan Athletic,24,1997,0.4,0,0,0,,0.00,0.00,,,,0,0,0,0.0,0.0,,0.0,0.0,Matchs
340,Joseph Hungbo,eng ENG,AT,Watford,22,2000,1.1,0,4,1,25.0,3.79,0.95,0.00,0.00,16.8,0,0,0,0.2,0.2,0.05,-0.2,-0.2,Matchs
341,Joseph Hungbo,eng ENG,"AT,MT",Huddersfield,22,2000,7.4,3,12,7,58.3,1.62,0.95,0.25,0.43,20.9,3,0,0,0.7,0.7,0.06,#ERROR!,#ERROR!,Matchs
342,James Husband,eng ENG,DF,Blackpool,28,1994,23.9,0,8,2,25.0,0.34,0.08,0.00,0.00,18.7,0,0,0,0.7,0.7,0.09,-0.7,-0.7,Matchs
343,Sam Hutchinson,eng ENG,"DF,MT",Reading,32,1989,8.7,0,1,0,0.0,0.11,0.00,0.00,,12.4,0,0,0,0.0,0.0,0.02,0.0,0.0,Matchs
344,Shaun Hutchinson,eng ENG,DF,Millwall,31,1990,21.7,0,14,2,14.3,0.64,0.09,0.00,0.00,11.2,0,0,0,1.0,1.0,0.07,-1.0,-1.0,Matchs
345,Dominic Hyam,sct SCO,DF,Blackburn,26,1995,36.1,1,11,3,27.3,0.30,0.08,0.09,0.33,10.3,0,0,0,0.9,0.9,0.08,#ERROR!,#ERROR!,Matchs
346,Dominic Hyam,sct SCO,DF,Coventry City,26,1995,2.0,0,1,0,0.0,0.50,0.00,0.00,,12.4,0,0,0,0.1,0.1,0.10,-0.1,-0.1,Matchs
347,Adam Idah,ie IRL,"AT,MT",Norwich City,21,2001,12.9,2,31,4,12.9,2.40,0.31,0.06,0.50,16.4,1,0,0,3.5,3.5,0.11,-1.5,-1.5,Matchs
348,Tom Ince,eng ENG,"MT,AT",Reading,30,1992,36.3,9,65,20,30.8,1.79,0.55,0.12,0.40,23.3,12,1,1,5.1,4.3,0.07,#ERROR!,#ERROR!,Matchs
349,Matt Ingram,eng ENG,GB,Hull City,28,1993,22.0,0,0,0,,0.00,0.00,,,,0,0,0,0.0,0.0,,0.0,0.0,Matchs
350,Tim Iroegbunam,eng ENG,"MT,AT",QPR,19,2003,25.3,2,39,11,28.2,1.54,0.44,0.05,0.18,20.0,0,0,0,2.4,2.4,0.06,-0.4,-0.4,Matchs
Clt,Joueur,Nation,Pos,Équipe,Âge,Naissance,90,Buts,Tirs,TC,TC%,Tir/90,TC/90,B/Tir,B/TC,Dist,CF,PénM,PénT,xG,npxG,npxG/Sh,G-xG,np:G-xG,Matchs
351,Vakoun Issouf Bayo,ci CIV,AT,Watford,25,1997,10.4,4,29,12,41.4,2.79,1.16,0.14,0.33,10.2,0,0,0,4.9,4.9,0.18,-0.9,-0.9,Matchs
352,Harvey Isted,eng ENG,GB,Luton Town,25,1997,1.0,0,0,0,,0.00,0.00,,,,0,0,0,0.0,0.0,,0.0,0.0,Matchs
353,Ben Jackson,eng ENG,"AT,DF",Huddersfield,21,2001,13.6,1,14,4,28.6,01.03,0.29,0.07,0.25,22.8,0,0,0,0.6,0.6,0.04,#ERROR!,#ERROR!,Matchs
354,Phil Jagielka,eng ENG,DF,Stoke City,39,1982,26.4,2,17,4,23.5,0.64,0.15,0.12,0.50,13.5,0,0,0,1.0,1.0,0.06,#ERROR!,#ERROR!,Matchs
355,Jordan James,wls WAL,MT,Birmingham City,18,2004,11.6,0,11,1,9.1,0.94,0.09,0.00,0.00,21.7,0,0,0,0.6,0.6,0.05,-0.6,-0.6,Matchs
356,Matty James,eng ENG,MT,Bristol City,31,1991,32.9,0,10,5,50.0,0.30,0.15,0.00,0.00,22.3,0,0,0,0.4,0.4,0.04,-0.4,-0.4,Matchs
357,William Jarvis,eng ENG,MT,Hull City,19,2002,0.4,0,0,0,,0.00,0.00,,,,0,0,0,0.0,0.0,,0.0,0.0,Matchs
358,Daniel Jebbison,eng ENG,AT,Sheffield Utd,18,2003,5.5,1,16,9,56.3,2.93,1.65,0.06,0.11,12.7,0,0,0,3.3,3.3,0.21,-2.3,-2.3,Matchs
359,Cameron Jerome,eng ENG,AT,Luton Town,35,1986,3.9,1,5,2,40.0,1.29,0.52,0.20,0.50,13.3,0,0,0,0.6,0.6,0.11,#ERROR!,#ERROR!,Matchs
360,Lucas João,ao ANG,AT,Reading,28,1993,20.9,7,29,10,34.5,1.39,0.48,0.17,0.50,15.5,0,2,2,5.7,4.1,0.14,#ERROR!,#ERROR!,Matchs
361,João Pedro,br BRA,"MT,AT",Watford,20,2001,31.0,11,82,27,32.9,2.65,0.87,0.12,0.37,17.3,4,1,1,8.8,8.0,0.10,#ERROR!,#ERROR!,Matchs
362,Stefan Johansen,no NOR,MT,QPR,31,1991,19.0,2,14,4,28.6,0.74,0.21,0.14,0.50,22.3,2,0,0,1.1,1.1,0.08,#ERROR!,#ERROR!,Matchs
363,Viktor Johansson,se SWE,GB,Rotherham Utd,23,1998,43.0,0,0,0,,0.00,0.00,,,,0,0,0,0.0,0.0,,0.0,0.0,Matchs
364,Ryan John Giles,eng ENG,DF,Middlesbrough,22,2000,42.6,0,16,4,25.0,0.38,0.09,0.00,0.00,21.4,1,0,0,0.9,0.9,0.05,-0.9,-0.9,Matchs
365,Daniel Johnson,jm JAM,"MT,AT",Preston,29,1992,23.7,1,19,2,10.5,0.80,0.08,0.00,0.00,19.3,0,1,1,2.0,1.3,0.07,-1.0,-1.3,Matchs
366,Joseph Johnson,eng ENG,DF,Luton Town,16,2006,0.4,0,0,0,,0.00,0.00,,,,0,0,0,0.0,0.0,,0.0,0.0,Matchs
367,Alfie Jones,eng ENG,DF,Hull City,24,1997,39.1,0,17,2,11.8,0.43,0.05,0.00,0.00,11.1,0,0,0,2.1,2.1,0.12,-2.1,-2.1,Matchs
368,Callum Jones,wls WAL,AT,Hull City,21,2001,0.1,0,0,0,,0.00,0.00,,,,0,0,0,0.0,0.0,,0.0,0.0,Matchs
369,Isaiah Jones,eng ENG,"AT,DF",Middlesbrough,23,1999,26.3,3,23,8,34.8,0.87,0.30,0.13,0.38,15.6,0,0,0,2.8,2.8,0.12,#ERROR!,#ERROR!,Matchs
370,Jamie Jones,eng ENG,GB,Wigan Athletic,33,1989,16.4,0,0,0,,0.00,0.00,,,,0,0,0,0.0,0.0,,0.0,0.0,Matchs
371,Patrick Jones,wls WAL,"MT,AT",Huddersfield,19,2003,1.9,1,5,2,40.0,2.68,01.07,0.20,0.50,12.3,0,0,0,0.5,0.5,0.11,#ERROR!,#ERROR!,Matchs
372,Lukas Jutkiewicz,eng ENG,AT,Birmingham City,33,1989,20.6,5,58,19,32.8,2.81,0.92,0.09,0.26,14.7,0,0,0,5.3,5.3,0.09,-0.3,-0.3,Matchs
373,Sory Kaba,gn GUI,AT,Cardiff City,27,1995,12.7,8,31,14,45.2,2.44,1.10,0.23,0.50,14.2,0,1,3,8.6,6.2,0.20,-0.6,#ERROR!,Matchs
374,Christian Kabasele,be BEL,DF,Watford,31,1991,20.7,1,8,2,25.0,0.39,0.10,0.13,0.50,12.5,0,0,0,0.6,0.6,0.08,#ERROR!,#ERROR!,Matchs
375,Dylan Kadji,eng ENG,"MT,DF",Bristol City,18,2003,0.3,0,0,0,,0.00,0.00,,,,0,0,0,0.0,0.0,,0.0,0.0,Matchs
Clt,Joueur,Nation,Pos,Équipe,Âge,Naissance,90,Buts,Tirs,TC,TC%,Tir/90,TC/90,B/Tir,B/TC,Dist,CF,PénM,PénT,xG,npxG,npxG/Sh,G-xG,np:G-xG,Matchs
376,Osman Kakay,sl SLE,"DF,AT",QPR,24,1997,13.8,0,12,2,16.7,0.87,0.14,0.00,0.00,21.8,0,0,0,0.5,0.5,0.05,-0.5,-0.5,Matchs
377,Tomáš Kalas,cz CZE,DF,Bristol City,29,1993,3.5,0,1,0,0.0,0.28,0.00,0.00,,14.1,0,0,0,0.1,0.1,0.07,-0.1,-0.1,Matchs
378,Samuel Kalu,ng NGA,"AT,MT",Watford,24,1997,2.6,0,5,0,0.0,1.95,0.00,0.00,,16.8,0,0,0,0.4,0.4,0.08,-0.4,-0.4,Matchs
379,Abu Kamara,eng ENG,AT,Norwich City,19,2003,0.4,0,1,0,0.0,2.31,0.00,0.00,,4.1,0,0,0,0.4,0.4,0.36,-0.4,-0.4,Matchs
380,Hassane Kamara,ci CIV,DF,Watford,28,1994,29.0,0,16,4,25.0,0.55,0.14,0.00,0.00,21.8,0,0,0,0.7,0.7,0.04,-0.7,-0.7,Matchs
381,Florian Kamberi,ch SUI,AT,Huddersfield,27,1995,0.2,0,0,0,,0.00,0.00,,,,0,0,0,0.0,0.0,,0.0,0.0,Matchs
382,Thomas Kaminski,be BEL,GB,Blackburn,29,1992,28.0,0,0,0,,0.00,0.00,,,,0,0,0,0.0,0.0,,0.0,0.0,Matchs
383,Todd Kane,eng ENG,"DF,MT",Coventry City,28,1993,2.7,0,3,0,0.0,1.13,0.00,0.00,,25.6,0,0,0,0.1,0.1,0.02,-0.1,-0.1,Matchs
384,David Kasumu,eng ENG,"MT,DF",Huddersfield,22,1999,24.6,0,14,0,0.0,0.57,0.00,0.00,,22.6,0,0,0,0.6,0.6,0.04,-0.6,-0.6,Matchs
385,Edo Kayembe,cd COD,MT,Watford,24,1998,19.7,0,20,2,10.0,01.02,0.10,0.00,0.00,24.1,1,0,0,0.8,0.8,0.04,-0.8,-0.8,Matchs
386,Will Keane,ie IRL,"MT,AT",Wigan Athletic,29,1993,36.4,12,61,22,36.1,1.68,0.61,0.16,0.45,12.7,0,2,2,12.5,10.9,0.18,-0.5,-0.9,Matchs
387,Georgie Kelly,ie IRL,AT,Rotherham Utd,25,1996,7.8,4,26,13,50.0,3.33,1.67,0.15,0.31,11.5,0,0,0,3.7,3.7,0.15,#ERROR!,#ERROR!,Matchs
388,Liam Kelly,sct SCO,MT,Coventry City,32,1990,4.2,0,4,0,0.0,0.96,0.00,0.00,,25.9,0,0,0,0.2,0.2,0.04,-0.2,-0.2,Matchs
389,Martin Kelly,eng ENG,DF,West Brom,32,1990,4.1,0,0,0,,0.00,0.00,,,,0,0,0,0.0,0.0,,0.0,0.0,Matchs
390,Martin Kelly,eng ENG,DF,Wigan Athletic,32,1990,0.8,0,1,0,0.0,1.22,0.00,0.00,,10.4,0,0,0,0.1,0.1,0.08,-0.1,-0.1,Matchs
391,Jason Kerr,sct SCO,DF,Wigan Athletic,25,1997,13.3,0,7,1,14.3,0.52,0.07,0.00,0.00,9.6,0,0,0,0.9,0.9,0.13,-0.9,-0.9,Matchs
392,Kaine Kesler-Hayden,eng ENG,"DF,MT",Huddersfield,19,2002,9.8,1,8,3,37.5,0.81,0.31,0.13,0.33,22.3,0,0,0,0.9,0.9,0.11,#ERROR!,#ERROR!,Matchs
393,Reda Khadra,de GER,"AT,DF",Sheffield Utd,21,2001,4.3,1,5,3,60.0,1.16,0.70,0.20,0.33,15.7,0,0,0,0.3,0.3,0.07,#ERROR!,#ERROR!,Matchs
394,Reda Khadra,de GER,"AT,MT",Birmingham City,21,2001,9.9,3,14,8,57.1,1.42,0.81,0.21,0.38,23.2,1,0,0,0.8,0.8,0.06,#ERROR!,#ERROR!,Matchs
395,Gavin Kilkenny,ie IRL,"MT,DF",Stoke City,22,2000,1.1,0,0,0,,0.00,0.00,,,,0,0,0,0.0,0.0,,0.0,0.0,Matchs
396,Andy King,wls WAL,"MT,DF",Bristol City,33,1988,15.3,0,9,1,11.1,0.59,0.07,0.00,0.00,11.7,0,0,0,1.0,1.0,0.11,-1.0,-1.0,Matchs
397,Eli King,wls WAL,MT,Cardiff City,19,2002,0.0,0,0,0,,0.00,0.00,,,,0,0,0,0.0,0.0,,0.0,0.0,Matchs
398,Peter Kioso,,"DF,AT",Rotherham Utd,23,1998,3.9,0,4,2,50.0,01.02,0.51,0.00,0.00,9.9,0,0,0,0.5,0.5,0.13,-0.5,-0.5,Matchs
399,Cédric Kipré,ci CIV,DF,Cardiff City,25,1996,41.2,3,18,4,22.2,0.44,0.10,0.17,0.75,10.5,0,0,0,1.6,1.6,0.09,#ERROR!,#ERROR!,Matchs
400,Timm Klose,ch SUI,DF,Bristol City,34,1988,5.4,0,2,0,0.0,0.37,0.00,0.00,,11.2,0,0,0,0.0,0.0,0.02,0.0,0.0,Matchs
Clt,Joueur,Nation,Pos,Équipe,Âge,Naissance,90,Buts,Tirs,TC,TC%,Tir/90,TC/90,B/Tir,B/TC,Dist,CF,PénM,PénT,xG,npxG,npxG/Sh,G-xG,np:G-xG,Matchs
401,Anthony Knockaert,fr FRA,"AT,MT",Huddersfield,30,1991,2.6,0,3,2,66.7,1.15,0.77,0.00,0.00,29.7,1,0,0,0.1,0.1,0.04,-0.1,-0.1,Matchs
402,Ismaël Koné,ca CAN,MT,Watford,20,2002,11.3,0,12,3,25.0,01.07,0.27,0.00,0.00,23.1,1,0,0,0.8,0.8,0.07,-0.8,-0.8,Matchs
403,Josh Koroma,eng ENG,"AT,MT",Huddersfield,23,1998,13.4,4,28,10,35.7,02.09,0.75,0.14,0.40,20.5,0,0,0,1.5,1.5,0.05,#ERROR!,#ERROR!,Matchs
404,Tim Krul,nl NED,GB,Norwich City,34,1988,16.0,0,0,0,,0.00,0.00,,,,0,0,0,0.0,0.0,,0.0,0.0,Matchs
405,Ethan Laird,eng ENG,DF,QPR,21,2001,28.1,1,23,7,30.4,0.82,0.25,0.04,0.14,17.7,0,0,0,2.0,2.0,0.09,-1.0,-1.0,Matchs
406,Callum Lang,eng ENG,"AT,MT",Wigan Athletic,23,1998,28.5,1,54,18,33.3,1.89,0.63,0.02,0.06,17.0,2,0,0,4.1,4.1,0.08,-3.1,-3.1,Matchs
407,Alex Lankshear,eng ENG,DF,Blackpool,19,2002,0.1,0,0,0,,0.00,0.00,,,,0,0,0,0.0,0.0,,0.0,0.0,Matchs
408,Henri Lansbury,eng ENG,MT,Luton Town,31,1990,5.1,1,6,2,33.3,1.18,0.39,0.17,0.50,24.1,0,0,0,0.4,0.4,0.06,#ERROR!,#ERROR!,Matchs
409,Joël Latibeaudière,jm JAM,DF,Swansea City,22,2000,28.9,2,17,3,17.6,0.59,0.10,0.12,0.67,17.3,0,0,0,1.6,1.6,0.10,#ERROR!,#ERROR!,Matchs
410,Josh Laurent,eng ENG,MT,Stoke City,27,1995,29.1,4,30,7,23.3,01.03,0.24,0.13,0.57,20.8,0,0,0,2.3,2.3,0.08,#ERROR!,#ERROR!,Matchs
411,Shayne Lavery,nir NIR,"AT,MT",Blackpool,23,1998,14.0,2,15,4,26.7,01.07,0.29,0.13,0.50,12.3,0,0,0,2.0,2.0,0.14,0.0,0.0,Matchs
412,Ryan Ledson,eng ENG,MT,Preston,24,1997,24.3,1,10,3,30.0,0.41,0.12,0.10,0.33,29.0,0,0,0,0.3,0.3,0.03,#ERROR!,#ERROR!,Matchs
413,Tom Lees,eng ENG,DF,Huddersfield,31,1990,41.5,2,24,7,29.2,0.58,0.17,0.08,0.29,8.4,0,0,0,3.7,3.7,0.16,-1.7,-1.7,Matchs
414,Lewis Leigh,eng ENG,AT,Preston,18,2003,0.0,0,0,0,,0.00,0.00,,,,0,0,0,0.0,0.0,,0.0,0.0,Matchs
415,Jonathan Leko,eng ENG,"DF,MT",Birmingham City,23,1999,1.4,0,2,0,0.0,1.46,0.00,0.00,,27.4,0,0,0,0.1,0.1,0.03,-0.1,-0.1,Matchs
416,Darragh Lenihan,ie IRL,DF,Middlesbrough,28,1994,39.8,0,31,7,22.6,0.78,0.18,0.00,0.00,10.2,0,0,0,2.5,2.5,0.08,-2.5,-2.5,Matchs
417,Harry Leonard,eng ENG,"MT,AT",Blackburn,18,2003,0.5,0,1,1,100.0,1.84,1.84,0.00,0.00,15.2,0,0,0,0.2,0.2,0.23,-0.2,-0.2,Matchs
418,Ryan Leonard,eng ENG,"MT,DF",Millwall,30,1992,11.2,0,8,4,50.0,0.71,0.36,0.00,0.00,26.1,0,0,0,0.2,0.2,0.03,-0.2,-0.2,Matchs
419,Isaac Lihadji,fr FRA,"AT,MT",Sunderland,20,2002,0.9,0,0,0,,0.00,0.00,,,,0,0,0,0.0,0.0,,0.0,0.0,Matchs
420,Jamie Lindsay,sct SCO,MT,Rotherham Utd,26,1995,21.4,2,14,5,35.7,0.65,0.23,0.14,0.40,17.2,0,0,0,0.8,0.8,0.06,#ERROR!,#ERROR!,Matchs
421,Liam Lindsay,sct SCO,DF,Preston,26,1995,35.4,0,15,1,6.7,0.42,0.03,0.00,0.00,10.5,0,0,0,1.4,1.4,0.10,-1.4,-1.4,Matchs
422,Jake Livermore,eng ENG,MT,West Brom,32,1989,9.0,1,7,3,42.9,0.78,0.33,0.14,0.33,16.8,0,0,0,0.5,0.5,0.07,#ERROR!,#ERROR!,Matchs
423,Tom Lockyer,wls WAL,DF,Luton Town,27,1994,38.3,3,28,8,28.6,0.73,0.21,0.11,0.38,12.5,1,0,0,3.4,3.4,0.12,-0.4,-0.4,Matchs
424,George Long,eng ENG,GB,Millwall,28,1993,36.0,0,0,0,,0.00,0.00,,,,0,0,0,0.0,0.0,,0.0,0.0,Matchs
425,Kevin Long,ie IRL,DF,Birmingham City,31,1990,16.7,1,8,1,12.5,0.48,0.06,0.13,1.00,9.1,0,0,0,1.3,1.3,0.16,-0.3,-0.3,Matchs
Clt,Joueur,Nation,Pos,Équipe,Âge,Naissance,90,Buts,Tirs,TC,TC%,Tir/90,TC/90,B/Tir,B/TC,Dist,CF,PénM,PénT,xG,npxG,npxG/Sh,G-xG,np:G-xG,Matchs
426,Shane Long,ie IRL,AT,Reading,35,1987,15.9,1,14,2,14.3,0.88,0.13,0.00,0.00,12.9,0,1,1,3.1,2.3,0.17,-2.1,-2.3,Matchs
427,Emmanuel Longelo,eng ENG,"DF,AT",Birmingham City,21,2000,18.7,1,20,2,10.0,01.07,0.11,0.05,0.50,21.9,2,0,0,0.8,0.8,0.04,#ERROR!,#ERROR!,Matchs
428,Ryan Longman,eng ENG,"AT,MT",Hull City,21,2000,20.9,2,41,11,26.8,1.96,0.53,0.05,0.18,18.2,0,0,0,4.1,4.1,0.10,-2.1,-2.1,Matchs
429,Mamadou Loum,sn SEN,MT,Reading,25,1996,22.6,1,24,5,20.8,01.06,0.22,0.04,0.20,22.6,0,0,0,1.2,1.2,0.05,-0.2,-0.2,Matchs
430,Imran Louza,ma MAR,MT,Watford,23,1999,15.9,5,23,12,52.2,1.44,0.75,0.22,0.42,21.5,3,0,1,2.7,1.9,0.08,#ERROR!,#ERROR!,Matchs
431,Joseph Low,wls WAL,DF,Bristol City,20,2002,0.1,0,0,0,,0.00,0.00,,,,0,0,0,0.0,0.0,,0.0,0.0,Matchs
432,Jamal Lowe,jm JAM,"AT,MT",QPR,28,1994,15.3,3,15,6,40.0,0.98,0.39,0.13,0.33,18.9,0,1,1,2.2,1.4,0.09,#ERROR!,#ERROR!,Matchs
433,Max Lowe,eng ENG,DF,Sheffield Utd,25,1997,22.3,1,10,4,40.0,0.45,0.18,0.10,0.25,17.6,0,0,0,1.0,1.0,0.10,0.0,0.0,Matchs
434,Nathan Lowe,eng ENG,MT,Stoke City,16,2005,0.0,0,1,0,0.0,90.00,0.00,0.00,,14.7,0,0,0,0.0,0.0,0.03,0.0,0.0,Matchs
435,Matthew Lowton,eng ENG,DF,Huddersfield,33,1989,6.8,0,3,2,66.7,0.44,0.29,0.00,0.00,12.3,0,0,0,0.2,0.2,0.08,-0.2,-0.2,Matchs
436,Joe Lumley,eng ENG,GB,Reading,27,1995,40.3,0,1,0,0.0,0.02,0.00,0.00,,8.9,0,0,0,0.1,0.1,0.07,-0.1,-0.1,Matchs
437,Rohan Luthra,eng ENG,GB,Cardiff City,21,2001,0.0,0,0,0,,0.00,0.00,,,,0,0,0,0.0,0.0,,0.0,0.0,Matchs
438,Andy Lyons,ie IRL,"DF,AT",Blackpool,21,2000,14.5,4,14,7,50.0,0.97,0.48,0.29,0.57,13.8,0,0,0,1.9,1.9,0.14,#ERROR!,#ERROR!,Matchs
439,Ian Maatsen,nl NED,DF,Burnley,20,2002,36.5,4,36,10,27.8,0.99,0.27,0.11,0.40,22.9,2,0,0,1.8,1.8,0.05,#ERROR!,#ERROR!,Matchs
440,Gary Madine,eng ENG,AT,Blackpool,31,1990,19.6,4,40,11,27.5,02.04,0.56,0.10,0.36,12.0,0,0,0,4.4,4.4,0.11,-0.4,-0.4,Matchs
441,Josh Magennis,nir NIR,AT,Wigan Athletic,31,1990,14.3,1,26,6,23.1,1.82,0.42,0.04,0.17,12.6,0,0,0,3.0,3.0,0.12,-2.0,-2.0,Matchs
442,Seán Maguire,ie IRL,AT,Preston,28,1994,3.6,0,8,1,12.5,2.23,0.28,0.00,0.00,16.2,0,0,0,0.9,0.9,0.11,-0.9,-0.9,Matchs
443,Seán Maguire,ie IRL,"MT,DF",Coventry City,28,1994,1.2,0,1,0,0.0,0.82,0.00,0.00,,6.7,0,0,0,0.3,0.3,0.25,-0.3,-0.3,Matchs
444,Connor Mahoney,eng ENG,"MT,AT",Huddersfield,25,1997,2.0,0,1,0,0.0,0.50,0.00,0.00,,31.5,0,0,0,0.0,0.0,0.01,0.0,0.0,Matchs
445,Jovan Malcolm,eng ENG,AT,West Brom,19,2002,0.0,0,0,0,,0.00,0.00,,,,0,0,0,0.0,0.0,,0.0,0.0,Matchs
446,Scott Malone,eng ENG,DF,Millwall,31,1991,16.1,0,19,6,31.6,1.18,0.37,0.00,0.00,23.2,0,0,0,0.8,0.8,0.04,-0.8,-0.8,Matchs
447,Rey Manaj,al ALB,AT,Watford,25,1997,2.1,1,9,3,33.3,4.35,1.45,0.11,0.33,14.1,0,0,0,1.4,1.4,0.15,-0.4,-0.4,Matchs
448,Ryan Manning,ie IRL,DF,Swansea City,26,1996,41.1,5,58,20,34.5,1.41,0.49,0.09,0.25,19.3,7,0,0,3.9,3.9,0.07,#ERROR!,#ERROR!,Matchs
449,Benson Manuel,be BEL,AT,Burnley,25,1997,16.6,11,60,18,30.0,3.62,01.09,0.18,0.61,20.6,2,0,0,4.0,4.0,0.07,#ERROR!,#ERROR!,Matchs
450,Dilan Markanday,eng ENG,AT,Blackburn,20,2001,0.4,0,0,0,,0.00,0.00,,,,0,0,0,0.0,0.0,,0.0,0.0,Matchs
Clt,Joueur,Nation,Pos,Équipe,Âge,Naissance,90,Buts,Tirs,TC,TC%,Tir/90,TC/90,B/Tir,B/TC,Dist,CF,PénM,PénT,xG,npxG,npxG/Sh,G-xG,np:G-xG,Matchs
451,Marquinhos,br BRA,"AT,MT",Norwich City,19,2003,7.0,1,15,5,33.3,2.14,0.71,0.07,0.20,19.9,1,0,0,1.1,1.1,0.07,-0.1,-0.1,Matchs
452,Chris Martin,sct SCO,AT,Bristol City,33,1988,5.7,1,8,2,25.0,1.41,0.35,0.13,0.50,12.8,1,0,0,1.2,1.2,0.15,-0.2,-0.2,Matchs
453,Chris Martin,sct SCO,AT,QPR,33,1988,11.6,4,21,6,28.6,1.82,0.52,0.19,0.67,11.3,0,0,0,3.0,3.0,0.14,#ERROR!,#ERROR!,Matchs
454,Matheus Martins,br BRA,"MT,AT",Watford,19,2003,3.9,0,8,2,25.0,02.03,0.51,0.00,0.00,16.2,0,0,0,0.8,0.8,0.10,-0.8,-0.8,Matchs
455,Han-Noah Massengo,fr FRA,MT,Bristol City,21,2001,5.5,0,8,0,0.0,1.46,0.00,0.00,,22.7,0,0,0,0.4,0.4,0.05,-0.4,-0.4,Matchs
456,Conor Masterson,ie IRL,MT,QPR,23,1998,0.0,0,0,0,,0.00,0.00,,,,0,0,0,0.0,0.0,,0.0,0.0,Matchs
457,Jay Matete,eng ENG,"MT,AT",Sunderland,21,2001,1.8,0,4,0,0.0,2.18,0.00,0.00,,25.8,0,0,0,0.1,0.1,0.03,-0.1,-0.1,Matchs
458,Noah Mawene,eng ENG,MT,Preston,17,2005,0.0,0,0,0,,0.00,0.00,,,,0,0,0,0.0,0.0,,0.0,0.0,Matchs
459,Chris Maxwell,wls WAL,GB,Blackpool,32,1990,28.0,0,0,0,,0.00,0.00,,,,0,0,0,0.0,0.0,,0.0,0.0,Matchs
460,Amadou Mbengue,sn SEN,DF,Reading,20,2002,18.8,1,5,1,20.0,0.27,0.05,0.20,1.00,20.3,0,0,0,0.5,0.5,0.09,#ERROR!,#ERROR!,Matchs
461,Luke Mbete-Tatu,eng ENG,DF,Huddersfield,18,2003,2.3,0,0,0,,0.00,0.00,,,,0,0,0,0.0,0.0,,0.0,0.0,Matchs
462,James Mcatee,eng ENG,MT,Sheffield Utd,19,2002,21.1,9,43,15,34.9,02.04,0.71,0.21,0.60,16.8,0,0,0,6.3,6.3,0.15,#ERROR!,#ERROR!,Matchs
463,Oliver McBurnie,sct SCO,AT,Sheffield Utd,26,1996,24.7,13,85,39,45.9,3.44,1.58,0.15,0.33,11.4,0,0,0,11.1,11.1,0.14,#ERROR!,#ERROR!,Matchs
464,Sam McCallum,eng ENG,DF,Norwich City,21,2000,12.6,0,12,3,25.0,0.95,0.24,0.00,0.00,26.7,0,0,0,0.4,0.4,0.03,-0.4,-0.4,Matchs
465,Alistair McCann,nir NIR,MT,Preston,22,1999,21.1,0,22,5,22.7,01.04,0.24,0.00,0.00,20.5,0,0,0,1.4,1.4,0.07,-1.4,-1.4,Matchs
466,Jamie McCart,sct SCO,DF,Rotherham Utd,25,1997,2.0,0,0,0,,0.00,0.00,,,,0,0,0,0.0,0.0,,0.0,0.0,Matchs
467,James McClean,ie IRL,"DF,AT",Wigan Athletic,33,1989,44.5,3,58,10,17.2,1.30,0.22,0.05,0.30,19.9,3,0,0,3.4,3.4,0.06,-0.4,-0.4,Matchs
468,Kyle McFadzean,sct SCO,DF,Coventry City,35,1987,32.4,2,15,3,20.0,0.46,0.09,0.13,0.67,13.6,0,0,0,0.9,0.9,0.06,#ERROR!,#ERROR!,Matchs
469,Riley McGree,au AUS,"AT,MT",Middlesbrough,23,1998,33.5,6,75,24,32.0,2.24,0.72,0.08,0.25,17.2,2,0,0,7.2,7.2,0.10,-1.2,-1.2,Matchs
470,Mark McGuinness,ie IRL,DF,Cardiff City,21,2001,19.0,0,12,4,33.3,0.63,0.21,0.00,0.00,14.8,0,0,0,1.0,1.0,0.08,-1.0,-1.0,Matchs
471,Tom McIntyre,sct SCO,"DF,MT",Reading,23,1998,34.6,2,20,4,20.0,0.58,0.12,0.10,0.50,14.7,0,0,0,2.0,2.0,0.10,0.0,0.0,Matchs
472,Kenny McLean,sct SCO,"MT,DF",Norwich City,30,1992,34.0,1,38,9,23.7,1.12,0.27,0.03,0.11,16.5,0,0,0,3.0,3.0,0.08,-2.0,-2.0,Matchs
473,Sean McLoughlin,ie IRL,DF,Hull City,25,1996,23.8,0,11,1,9.1,0.46,0.04,0.00,0.00,18.1,0,0,0,0.7,0.7,0.06,-0.7,-0.7,Matchs
474,Paddy McNair,nir NIR,"DF,MT",Middlesbrough,27,1995,24.9,1,15,3,20.0,0.60,0.12,0.07,0.33,14.6,2,0,0,1.7,1.7,0.11,-0.7,-0.7,Matchs
475,Luke McNally,ie IRL,"DF,MT",Burnley,22,1999,0.0,0,1,1,100.0,30.00,30.00,0.00,0.00,14.0,0,0,0,0.1,0.1,0.11,-0.1,-0.1,Matchs
Clt,Joueur,Nation,Pos,Équipe,Âge,Naissance,90,Buts,Tirs,TC,TC%,Tir/90,TC/90,B/Tir,B/TC,Dist,CF,PénM,PénT,xG,npxG,npxG/Sh,G-xG,np:G-xG,Matchs
476,Luke McNally,ie IRL,DF,Coventry City,22,1999,19.0,0,12,2,16.7,0.63,0.11,0.00,0.00,10.0,0,0,0,1.0,1.0,0.08,-1.0,-1.0,Matchs
477,Dan McNamara,ie IRL,DF,Millwall,23,1998,39.8,0,8,0,0.0,0.20,0.00,0.00,,23.5,0,0,0,0.5,0.5,0.06,-0.5,-0.5,Matchs
478,Anis Mehmeti,al ALB,AT,Bristol City,21,2001,8.1,1,29,7,24.1,3.58,0.86,0.03,0.14,17.4,2,0,0,2.6,2.6,0.09,-1.6,-1.6,Matchs
479,Yakou Méïte,ci CIV,AT,Reading,26,1996,15.8,4,38,13,34.2,2.41,0.83,0.11,0.31,15.0,0,0,1,6.1,5.3,0.14,-2.1,-1.3,Matchs
480,Hannibal Mejbri,tn TUN,"MT,AT",Birmingham City,19,2003,21.6,1,14,4,28.6,0.65,0.18,0.07,0.25,20.8,4,0,0,1.2,1.2,0.09,-0.2,-0.2,Matchs
481,Edouard Michut,fr FRA,MT,Sunderland,19,2003,12.6,1,8,1,12.5,0.64,0.08,0.13,1.00,20.6,0,0,0,0.6,0.6,0.07,#ERROR!,#ERROR!,Matchs
482,Billy Mitchell,eng ENG,MT,Millwall,22,2000,33.3,0,23,5,21.7,0.69,0.15,0.00,0.00,23.8,0,0,0,1.1,1.1,0.05,-1.1,-1.1,Matchs
483,Clinton Mola,eng ENG,DF,Blackburn,21,2001,2.1,0,0,0,,0.00,0.00,,,,0,0,0,0.0,0.0,,0.0,0.0,Matchs
484,Jayson Molumby,ie IRL,MT,West Brom,22,1999,32.3,4,41,11,26.8,1.27,0.34,0.10,0.36,17.9,0,0,0,3.8,3.8,0.09,#ERROR!,#ERROR!,Matchs
485,Liam Moore,jm JAM,DF,Reading,29,1993,0.7,0,0,0,,0.00,0.00,,,,0,0,0,0.0,0.0,,0.0,0.0,Matchs
486,Simon Moore,eng ENG,GB,Coventry City,32,1990,3.0,0,0,0,,0.00,0.00,,,,0,0,0,0.0,0.0,,0.0,0.0,Matchs
487,Carlton Morris,eng ENG,AT,Luton Town,26,1995,37.4,20,114,38,33.3,03.05,01.02,0.17,0.50,14.0,0,1,1,15.0,14.2,0.13,#ERROR!,#ERROR!,Matchs
488,James Morris,eng ENG,DF,Watford,20,2001,5.9,0,1,0,0.0,0.17,0.00,0.00,,25.0,0,0,0,0.0,0.0,0.02,0.0,0.0,Matchs
489,Sean Morrison,eng ENG,DF,Rotherham Utd,31,1991,1.9,0,0,0,,0.00,0.00,,,,0,0,0,0.0,0.0,,0.0,0.0,Matchs
490,Tyler Morton,eng ENG,MT,Blackburn,19,2002,30.9,0,17,4,23.5,0.55,0.13,0.00,0.00,26.1,2,0,0,1.1,1.1,0.06,-1.1,-1.1,Matchs
491,Alex Mowatt,eng ENG,MT,West Brom,27,1995,0.0,0,1,0,0.0,90.00,0.00,0.00,,30.7,0,0,0,0.0,0.0,0.01,0.0,0.0,Matchs
492,Alex Mowatt,eng ENG,MT,Middlesbrough,27,1995,12.7,0,15,2,13.3,1.18,0.16,0.00,0.00,24.3,4,0,0,0.8,0.8,0.06,-0.8,-0.8,Matchs
493,Rodrigo Muniz,br BRA,AT,Middlesbrough,21,2001,9.9,2,28,6,21.4,2.83,0.61,0.07,0.33,16.3,0,0,0,3.1,3.1,0.11,-1.1,-1.1,Matchs
494,Arijanet Muric,xk KVX,GB,Burnley,23,1998,40.2,0,0,0,,0.00,0.00,,,,0,0,0,0.0,0.0,,0.0,0.0,Matchs
495,Admiral Muskwe,zw ZIM,AT,Luton Town,23,1998,1.2,0,2,1,50.0,1.73,0.87,0.00,0.00,17.0,0,0,0,0.1,0.1,0.07,-0.1,-0.1,Matchs
496,Kal Naismith,sct SCO,"DF,MT",Bristol City,30,1992,21.9,0,16,2,12.5,0.73,0.09,0.00,0.00,26.3,3,0,0,0.6,0.6,0.04,-0.6,-0.6,Matchs
497,Marvelous Nakamba,zw ZIM,MT,Luton Town,28,1994,15.8,0,6,0,0.0,0.38,0.00,0.00,,19.1,0,0,0,0.4,0.4,0.06,-0.4,-0.4,Matchs
498,Yuta Nakayama,jp JPN,DF,Huddersfield,25,1997,12.0,2,14,8,57.1,1.16,0.67,0.14,0.25,16.7,2,0,0,1.7,1.7,0.13,#ERROR!,#ERROR!,Matchs
499,Kyle Naughton,eng ENG,DF,Swansea City,33,1988,16.9,0,6,1,16.7,0.36,0.06,0.00,0.00,21.0,0,0,0,0.5,0.5,0.08,-0.5,-0.5,Matchs
500,Tom Naylor,eng ENG,MT,Wigan Athletic,31,1991,22.3,2,29,8,27.6,1.30,0.36,0.07,0.25,16.8,0,0,0,2.3,2.3,0.08,-0.3,-0.3,Matchs
Clt,Joueur,Nation,Pos,Équipe,Âge,Naissance,90,Buts,Tirs,TC,TC%,Tir/90,TC/90,B/Tir,B/TC,Dist,CF,PénM,PénT,xG,npxG,npxG/Sh,G-xG,np:G-xG,Matchs
501,Iliman Ndiaye,sn SEN,"AT,MT",Sheffield Utd,22,2000,41.1,14,70,30,42.9,1.70,0.73,0.20,0.47,13.2,0,0,0,12.8,12.8,0.18,#ERROR!,#ERROR!,Matchs
502,Daniel Neil,eng ENG,MT,Sunderland,21,2001,39.8,2,32,7,21.9,0.80,0.18,0.06,0.29,23.7,0,0,0,1.7,1.7,0.05,#ERROR!,#ERROR!,Matchs
503,Curtis Nelson,eng ENG,DF,Cardiff City,29,1993,5.3,0,1,0,0.0,0.19,0.00,0.00,,9.3,0,0,0,0.1,0.1,0.08,-0.1,-0.1,Matchs
504,Curtis Nelson,eng ENG,DF,Blackpool,29,1993,17.0,1,12,4,33.3,0.70,0.23,0.08,0.25,11.0,0,0,0,1.5,1.5,0.13,-0.5,-0.5,Matchs
505,Perry Ng,eng ENG,DF,Cardiff City,26,1996,41.3,2,23,7,30.4,0.56,0.17,0.09,0.29,22.5,7,0,0,1.5,1.5,0.06,#ERROR!,#ERROR!,Matchs
506,Jeremy Ngakia,eng ENG,DF,Watford,21,2000,9.2,0,7,1,14.3,0.76,0.11,0.00,0.00,20.1,0,0,0,0.3,0.3,0.04,-0.3,-0.3,Matchs
507,Lee Nicholls,eng ENG,GB,Huddersfield,29,1992,28.0,0,0,0,,0.00,0.00,,,,0,0,0,0.0,0.0,,0.0,0.0,Matchs
508,Niels Nkounkou,fr FRA,DF,Cardiff City,21,2000,13.6,0,10,2,20.0,0.74,0.15,0.00,0.00,24.6,0,0,0,0.5,0.5,0.05,-0.5,-0.5,Matchs
509,Rhys Norrington-Davies,wls WAL,DF,Sheffield Utd,23,1999,14.0,0,6,1,16.7,0.43,0.07,0.00,0.00,11.2,0,0,0,0.6,0.6,0.10,-0.6,-0.6,Matchs
510,Brooke Norton-Cuffy,eng ENG,"AT,DF",Rotherham Utd,18,2004,14.4,0,7,1,14.3,0.49,0.07,0.00,0.00,23.2,0,0,0,0.2,0.2,0.02,-0.2,-0.2,Matchs
511,Brooke Norton-Cuffy,eng ENG,"DF,AT",Coventry City,18,2004,14.6,0,3,1,33.3,0.21,0.07,0.00,0.00,16.1,0,0,0,0.2,0.2,0.06,-0.2,-0.2,Matchs
512,Oliver Norwood,nir NIR,MT,Sheffield Utd,31,1991,39.2,2,49,14,28.6,1.25,0.36,0.04,0.14,29.4,11,0,1,2.8,2.0,0.04,-0.8,0.0,Matchs
513,Olivier Ntcham,cm CMR,"MT,AT",Swansea City,26,1996,22.9,8,59,19,32.2,2.58,0.83,0.14,0.42,22.8,1,0,0,3.9,3.9,0.07,#ERROR!,#ERROR!,Matchs
514,Marcelino Núñez,cl CHI,MT,Norwich City,22,2000,22.7,3,62,14,22.6,2.73,0.62,0.05,0.21,24.3,13,0,0,3.7,3.7,0.06,-0.7,-0.7,Matchs
515,Ryan Nyambe,na NAM,DF,Wigan Athletic,24,1997,24.5,0,5,0,0.0,0.20,0.00,0.00,,21.6,0,0,0,0.2,0.2,0.03,-0.2,-0.2,Matchs
516,Callum O'Dowda,ie IRL,"DF,AT",Cardiff City,27,1995,34.1,3,32,11,34.4,0.94,0.32,0.09,0.27,15.7,2,0,0,2.7,2.7,0.08,#ERROR!,#ERROR!,Matchs
517,Callum O'Hare,eng ENG,"MT,AT",Coventry City,24,1998,7.0,0,18,5,27.8,2.56,0.71,0.00,0.00,19.2,0,0,0,1.3,1.3,0.07,-1.3,-1.3,Matchs
518,Max O'Leary,ie IRL,GB,Bristol City,25,1996,33.0,0,0,0,,0.00,0.00,,,,0,0,0,0.0,0.0,,0.0,0.0,Matchs
519,Mikey O'Neill,eng ENG,"MT,DF",Preston,18,2004,0.2,0,0,0,,0.00,0.00,,,,0,0,0,0.0,0.0,,0.0,0.0,Matchs
520,Luke O'Nien,eng ENG,DF,Sunderland,27,1994,35.4,2,17,5,29.4,0.48,0.14,0.12,0.40,14.4,0,0,0,1.7,1.7,0.10,#ERROR!,#ERROR!,Matchs
521,Dara O'Shea,ie IRL,DF,West Brom,23,1999,37.0,2,25,6,24.0,0.68,0.16,0.08,0.33,10.8,0,0,0,2.5,2.5,0.10,-0.5,-0.5,Matchs
522,Michael Obafemi,ie IRL,"AT,MT",Burnley,22,2000,2.0,2,3,2,66.7,1.52,01.01,0.67,1.00,8.5,0,0,0,1.2,1.2,0.39,#ERROR!,#ERROR!,Matchs
523,Michael Obafemi,ie IRL,AT,Swansea City,22,2000,12.9,3,20,10,50.0,1.56,0.78,0.15,0.30,18.2,0,0,0,2.3,2.3,0.12,#ERROR!,#ERROR!,Matchs
524,Hakeem Odoffin,eng ENG,MT,Rotherham Utd,24,1998,13.7,4,23,9,39.1,1.68,0.66,0.17,0.44,16.5,0,0,0,2.2,2.2,0.10,#ERROR!,#ERROR!,Matchs
525,Chiedozie Ogbene,ie IRL,AT,Rotherham Utd,25,1997,36.0,8,56,21,37.5,1.56,0.58,0.14,0.38,15.9,0,0,0,6.7,6.7,0.12,#ERROR!,#ERROR!,Matchs
Clt,Joueur,Nation,Pos,Équipe,Âge,Naissance,90,Buts,Tirs,TC,TC%,Tir/90,TC/90,B/Tir,B/TC,Dist,CF,PénM,PénT,xG,npxG,npxG/Sh,G-xG,np:G-xG,Matchs
526,Sheyi Ojo,eng ENG,"AT,MT",Cardiff City,25,1997,21.4,1,42,11,26.2,1.96,0.51,0.02,0.09,21.1,2,0,0,3.0,3.0,0.07,-2.0,-2.0,Matchs
527,Armstrong Okoflex,ie IRL,"DF,AT",Swansea City,20,2002,3.3,0,5,1,20.0,1.52,0.30,0.00,0.00,17.5,0,0,0,0.6,0.6,0.11,-0.6,-0.6,Matchs
528,Isaac Olaofe,eng ENG,AT,Millwall,22,1999,0.1,0,1,1,100.0,7.50,7.50,0.00,0.00,11.8,0,0,0,0.1,0.1,0.08,-0.1,-0.1,Matchs
529,Andrew Omobamidele,ie IRL,DF,Norwich City,20,2002,28.5,1,6,1,16.7,0.21,0.04,0.17,1.00,13.9,0,0,0,0.5,0.5,0.09,#ERROR!,#ERROR!,Matchs
530,Charles Ondo,gq EQG,AT,Huddersfield,18,2003,0.1,0,0,0,,0.00,0.00,,,,0,0,0,0.0,0.0,,0.0,0.0,Matchs
531,Josh Onomah,eng ENG,MT,Preston,25,1997,4.9,0,7,3,42.9,1.43,0.61,0.00,0.00,20.5,0,0,0,0.4,0.4,0.06,-0.4,-0.4,Matchs
532,Fred Onyedinma,eng ENG,"DF,MT",Luton Town,25,1996,7.2,0,3,1,33.3,0.42,0.14,0.00,0.00,18.9,0,0,0,0.1,0.1,0.04,-0.1,-0.1,Matchs
533,Ben Osborn,eng ENG,"MT,DF",Sheffield Utd,27,1994,11.9,1,16,4,25.0,1.34,0.33,0.06,0.25,17.7,0,0,0,1.6,1.6,0.10,-0.6,-0.6,Matchs
534,Gabriel Osho,ng NGA,DF,Luton Town,23,1998,21.9,2,18,4,22.2,0.82,0.18,0.11,0.50,17.0,0,0,0,2.3,2.3,0.13,-0.3,-0.3,Matchs
535,William Osula,dk DEN,AT,Sheffield Utd,18,2003,0.6,0,3,0,0.0,5.19,0.00,0.00,,11.9,0,0,0,0.3,0.3,0.11,-0.3,-0.3,Matchs
536,Kenneth Paal,sr SUR,DF,QPR,25,1997,39.1,1,12,3,25.0,0.31,0.08,0.08,0.33,23.4,1,0,0,0.5,0.5,0.04,#ERROR!,#ERROR!,Matchs
537,Alex Palmer,eng ENG,GB,West Brom,25,1996,23.0,0,0,0,,0.00,0.00,,,,0,0,0,0.0,0.0,,0.0,0.0,Matchs
538,Kasey Palmer,jm JAM,"MT,AT",Coventry City,25,1996,19.1,3,42,9,21.4,2.20,0.47,0.07,0.33,19.1,3,0,0,3.7,3.7,0.09,-0.7,-0.7,Matchs
539,Jonathan Panzo,eng ENG,DF,Coventry City,21,2000,24.9,1,15,4,26.7,0.60,0.16,0.07,0.25,12.7,0,0,0,1.9,1.9,0.13,-0.9,-0.9,Matchs
540,Troy Parrott,ie IRL,AT,Preston,20,2002,21.7,3,47,15,31.9,2.16,0.69,0.04,0.13,17.9,1,1,1,5.6,4.8,0.10,-2.6,-2.8,Matchs
541,Jamie Paterson,eng ENG,"AT,MT",Swansea City,30,1991,10.5,0,21,5,23.8,2.00,0.48,0.00,0.00,17.6,1,0,0,1.4,1.4,0.06,-1.4,-1.4,Matchs
542,Charlie Patino,eng ENG,MT,Blackpool,18,2003,27.0,2,15,4,26.7,0.56,0.15,0.13,0.50,23.8,0,0,0,0.9,0.9,0.06,#ERROR!,#ERROR!,Matchs
543,Anthony Patterson,eng ENG,GB,Sunderland,22,2000,46.0,0,1,0,0.0,0.02,0.00,0.00,,11.3,0,0,0,0.1,0.1,0.06,-0.1,-0.1,Matchs
544,Bailey Peacock-Farrell,nir NIR,GB,Burnley,25,1996,5.8,0,0,0,,0.00,0.00,,,,0,0,0,0.0,0.0,,0.0,0.0,Matchs
545,Tom Pearce,eng ENG,"DF,MT",Wigan Athletic,24,1998,4.4,0,3,1,33.3,0.69,0.23,0.00,0.00,18.0,0,0,0,0.1,0.1,0.04,-0.1,-0.1,Matchs
546,Aynsley Pears,eng ENG,GB,Blackburn,24,1998,18.0,0,0,0,,0.00,0.00,,,,0,0,0,0.0,0.0,,0.0,0.0,Matchs
547,Ben Pearson,eng ENG,MT,Stoke City,27,1995,13.0,0,8,2,25.0,0.62,0.15,0.00,0.00,27.9,0,0,0,0.2,0.2,0.03,-0.2,-0.2,Matchs
548,Matty Pearson,eng ENG,DF,Huddersfield,28,1993,15.6,5,13,6,46.2,0.83,0.39,0.38,0.83,11.2,0,0,0,2.7,2.7,0.21,#ERROR!,#ERROR!,Matchs
549,Dimitris Pelkas,gr GRE,"MT,AT",Hull City,28,1993,14.3,2,29,8,27.6,02.03,0.56,0.07,0.25,18.9,2,0,0,2.8,2.8,0.10,-0.8,-0.8,Matchs
550,Lee Peltier,eng ENG,DF,Rotherham Utd,35,1986,27.4,1,7,1,14.3,0.26,0.04,0.14,1.00,11.1,0,0,0,0.5,0.5,0.08,#ERROR!,#ERROR!,Matchs
Clt,Joueur,Nation,Pos,Équipe,Âge,Naissance,90,Buts,Tirs,TC,TC%,Tir/90,TC/90,B/Tir,B/TC,Dist,CF,PénM,PénT,xG,npxG,npxG/Sh,G-xG,np:G-xG,Matchs
551,Ashley Phillips,wls WAL,DF,Blackburn,17,2005,5.0,0,2,1,50.0,0.40,0.20,0.00,0.00,14.1,0,0,0,0.1,0.1,0.03,-0.1,-0.1,Matchs
552,Matt Phillips,sct SCO,"AT,MT",West Brom,31,1991,13.3,2,18,6,33.3,1.35,0.45,0.11,0.33,21.5,0,0,0,1.3,1.3,0.07,#ERROR!,#ERROR!,Matchs
553,Jaden Philogene Bidace,eng ENG,"AT,MT",Cardiff City,20,2002,24.9,4,68,15,22.1,2.73,0.60,0.06,0.27,21.7,0,0,0,5.0,5.0,0.07,-1.0,-1.0,Matchs
554,Harry Pickering,eng ENG,DF,Blackburn,23,1998,38.4,1,7,1,14.3,0.18,0.03,0.14,1.00,21.3,1,0,0,0.8,0.8,0.11,#ERROR!,#ERROR!,Matchs
555,Erik Pieters,nl NED,DF,West Brom,33,1988,32.9,0,5,1,20.0,0.15,0.03,0.00,0.00,25.0,0,0,0,0.2,0.2,0.03,-0.2,-0.2,Matchs
556,Joël Piroe,nl NED,"AT,MT",Swansea City,22,1999,42.1,19,140,58,41.4,3.32,1.38,0.12,0.29,17.0,4,2,3,18.5,16.1,0.12,#ERROR!,#ERROR!,Matchs
557,Matthew Pollock,eng ENG,"DF,AT",Watford,20,2001,1.4,0,2,2,100.0,1.48,1.48,0.00,0.00,6.1,0,0,0,0.2,0.2,0.11,-0.2,-0.2,Matchs
558,Ryan Porteous,sct SCO,DF,Watford,23,1999,16.7,2,6,2,33.3,0.36,0.12,0.33,1.00,17.3,0,0,0,0.4,0.4,0.07,#ERROR!,#ERROR!,Matchs
559,Brad Potts,eng ENG,"DF,AT",Preston,28,1994,34.9,4,32,9,28.1,0.92,0.26,0.13,0.44,15.3,0,0,0,3.2,3.2,0.10,#ERROR!,#ERROR!,Matchs
560,Dan Potts,eng ENG,DF,Luton Town,28,1994,22.3,1,16,7,43.8,0.72,0.31,0.06,0.14,9.2,0,0,0,2.0,2.0,0.12,-1.0,-1.0,Matchs
561,Nick Powell,eng ENG,"AT,MT",Stoke City,28,1994,11.7,4,30,12,40.0,2.57,01.03,0.13,0.33,14.9,1,0,0,4.1,4.1,0.14,-0.1,-0.1,Matchs
562,Max Power,eng ENG,MT,Wigan Athletic,29,1993,44.7,1,33,7,21.2,0.74,0.16,0.00,0.00,29.0,10,1,1,1.9,1.1,0.03,-0.9,-1.1,Matchs
563,Cameron Pring,eng ENG,DF,Bristol City,24,1998,29.7,1,14,3,21.4,0.47,0.10,0.07,0.33,13.0,0,0,0,1.6,1.6,0.11,-0.6,-0.6,Matchs
564,Alex Pritchard,eng ENG,"MT,AT",Sunderland,29,1993,27.0,4,51,12,23.5,1.89,0.44,0.08,0.33,21.1,12,0,0,4.7,4.7,0.09,-0.7,-0.7,Matchs
565,Teemu Pukki,fi FIN,AT,Norwich City,32,1990,32.6,10,104,34,32.7,3.19,01.04,0.10,0.29,15.1,0,0,1,12.4,11.6,0.11,-2.4,-1.6,Matchs
566,Przemysław Płacheta,pl POL,"DF,AT",Birmingham City,24,1998,4.9,1,10,4,40.0,02.05,0.82,0.10,0.25,22.0,0,0,0,0.4,0.4,0.04,#ERROR!,#ERROR!,Matchs
567,Domingos Quina,pt POR,MT,Rotherham Utd,22,1999,3.6,0,4,2,50.0,1.11,0.56,0.00,0.00,28.0,2,0,0,0.2,0.2,0.05,-0.2,-0.2,Matchs
568,Baba Rahman,gh GHA,"DF,AT",Reading,28,1994,13.5,0,6,1,16.7,0.45,0.07,0.00,0.00,24.3,0,0,0,0.4,0.4,0.07,-0.4,-0.4,Matchs
569,Joe Ralls,eng ENG,MT,Cardiff City,28,1993,27.7,1,33,7,21.2,1.19,0.25,0.03,0.14,24.1,0,0,1,2.8,2.0,0.06,-1.8,-1.0,Matchs
570,Aaron Ramsey,eng ENG,"MT,AT",Norwich City,19,2003,11.5,3,17,7,41.2,1.48,0.61,0.18,0.43,15.3,0,0,0,3.2,3.2,0.19,-0.2,-0.2,Matchs
571,Aaron Ramsey,eng ENG,"AT,MT",Middlesbrough,19,2003,7.4,5,19,10,52.6,2.56,1.35,0.26,0.50,17.9,0,0,0,2.9,2.9,0.15,#ERROR!,#ERROR!,Matchs
572,Joe Rankin-Costello,eng ENG,DF,Blackburn,23,1999,22.2,2,36,12,33.3,1.62,0.54,0.06,0.17,16.3,0,0,0,3.5,3.5,0.10,-1.5,-1.5,Matchs
573,Milot Rashica,xk KVX,AT,Norwich City,26,1996,2.5,0,3,1,33.3,1.21,0.40,0.00,0.00,13.4,0,0,0,0.2,0.2,0.08,-0.2,-0.2,Matchs
574,Oliver Rathbone,eng ENG,MT,Rotherham Utd,25,1996,30.3,4,36,8,22.2,1.19,0.26,0.11,0.50,23.8,0,0,0,1.6,1.6,0.05,#ERROR!,#ERROR!,Matchs
575,Adam Reach,eng ENG,"AT,MT",West Brom,29,1993,5.0,0,12,1,8.3,2.42,0.20,0.00,0.00,17.1,0,0,0,0.9,0.9,0.08,-0.9,-0.9,Matchs
Clt,Joueur,Nation,Pos,Équipe,Âge,Naissance,90,Buts,Tirs,TC,TC%,Tir/90,TC/90,B/Tir,B/TC,Dist,CF,PénM,PénT,xG,npxG,npxG/Sh,G-xG,np:G-xG,Matchs
576,Omar Rekik,tn TUN,DF,Wigan Athletic,20,2001,8.3,0,2,1,50.0,0.24,0.12,0.00,0.00,13.6,0,0,0,0.2,0.2,0.09,-0.2,-0.2,Matchs
577,Jordan Rhodes,sct SCO,AT,Huddersfield,32,1990,16.2,5,41,17,41.5,2.53,01.05,0.10,0.24,14.2,0,1,1,6.1,5.3,0.13,-1.1,-1.3,Matchs
578,Rico Richards,eng ENG,DF,West Brom,18,2003,0.1,0,0,0,,0.00,0.00,,,,0,0,0,0.0,0.0,,0.0,0.0,Matchs
579,Taylor Richards,eng ENG,"MT,AT",QPR,21,2000,2.9,0,11,4,36.4,3.84,1.40,0.00,0.00,25.0,0,0,0,0.6,0.6,0.05,-0.6,-0.6,Matchs
580,Emil Riis Jakobsen,dk DEN,AT,Preston,24,1998,18.3,5,37,15,40.5,02.02,0.82,0.14,0.33,14.4,0,0,0,5.0,5.0,0.14,0.0,0.0,Matchs
581,Andy Rinomhota,zw ZIM,MT,Cardiff City,25,1997,26.7,0,10,1,10.0,0.37,0.04,0.00,0.00,22.1,0,0,0,0.5,0.5,0.05,-0.5,-0.5,Matchs
582,Connor Roberts,wls WAL,DF,Burnley,26,1995,39.2,4,29,11,37.9,0.74,0.28,0.14,0.36,18.5,0,0,0,3.2,3.2,0.11,#ERROR!,#ERROR!,Matchs
583,Liam Roberts,eng ENG,GB,Middlesbrough,27,1994,4.0,0,0,0,,0.00,0.00,,,,0,0,0,0.0,0.0,,0.0,0.0,Matchs
584,Marc Roberts,eng ENG,DF,Birmingham City,32,1990,19.4,0,16,2,12.5,0.83,0.10,0.00,0.00,9.4,0,0,0,2.3,2.3,0.15,-2.3,-2.3,Matchs
585,Patrick Roberts,eng ENG,"AT,MT",Sunderland,25,1997,29.4,5,55,21,38.2,1.87,0.71,0.09,0.24,19.8,3,0,0,4.6,4.6,0.08,#ERROR!,#ERROR!,Matchs
586,Tyler Roberts,wls WAL,"AT,MT",QPR,23,1999,13.0,3,37,11,29.7,2.84,0.85,0.08,0.27,16.3,0,0,0,3.5,3.5,0.10,-0.5,-0.5,Matchs
587,Callum Robinson,ie IRL,MT,West Brom,27,1995,0.9,0,2,0,0.0,2.28,0.00,0.00,,13.0,0,0,0,0.2,0.2,0.09,-0.2,-0.2,Matchs
588,Callum Robinson,ie IRL,"AT,MT",Cardiff City,27,1995,17.3,5,55,14,25.5,3.19,0.81,0.09,0.36,18.0,3,0,2,6.3,4.7,0.09,-1.3,#ERROR!,Matchs
589,Jack Robinson,eng ENG,DF,Sheffield Utd,28,1993,23.7,3,15,6,40.0,0.63,0.25,0.20,0.50,16.4,0,0,0,1.5,1.5,0.10,#ERROR!,#ERROR!,Matchs
590,Jay Rodriguez,eng ENG,AT,Burnley,33,1989,20.2,10,46,17,37.0,2.28,0.84,0.17,0.47,14.1,0,2,2,9.0,7.5,0.16,#ERROR!,#ERROR!,Matchs
591,Morgan Rogers,eng ENG,"AT,MT",Blackpool,20,2002,13.9,1,24,6,25.0,1.72,0.43,0.04,0.17,15.9,0,0,0,2.5,2.5,0.10,-1.5,-1.5,Matchs
592,Tom Rogić,au AUS,"MT,AT",West Brom,29,1992,6.6,1,10,4,40.0,1.53,0.61,0.10,0.25,15.4,0,0,0,1.0,1.0,0.10,0.0,0.0,Matchs
593,Mahlon Romeo,ag ATG,DF,Cardiff City,26,1995,28.5,0,20,5,25.0,0.70,0.18,0.00,0.00,22.7,0,0,0,0.8,0.8,0.04,-0.8,-0.8,Matchs
594,Michael Rose,sct SCO,DF,Coventry City,26,1995,18.9,0,6,1,16.7,0.32,0.05,0.00,0.00,12.8,1,0,0,0.7,0.7,0.12,-0.7,-0.7,Matchs
595,Aaron Rowe,eng ENG,"DF,MT",Huddersfield,21,2000,0.3,0,0,0,,0.00,0.00,,,,0,0,0,0.0,0.0,,0.0,0.0,Matchs
596,Jon Rowe,eng ENG,AT,Norwich City,19,2003,1.1,0,3,0,0.0,2.84,0.00,0.00,,19.4,0,0,0,0.1,0.1,0.04,-0.1,-0.1,Matchs
597,Pelly Ruddock Mpanzu,cd COD,MT,Luton Town,29,1993,23.5,3,20,4,20.0,0.85,0.17,0.15,0.75,21.2,0,0,0,1.2,1.2,0.06,#ERROR!,#ERROR!,Matchs
598,John Ruddy,eng ENG,GB,Birmingham City,35,1986,42.4,0,1,0,0.0,0.02,0.00,0.00,,4.8,0,0,0,0.2,0.2,0.19,-0.2,-0.2,Matchs
599,Jack Rudoni,eng ENG,MT,Huddersfield,22,2000,41.2,2,57,16,28.1,1.38,0.39,0.04,0.13,19.4,1,0,0,4.5,4.5,0.08,-2.5,-2.5,Matchs
600,Josh Ruffels,eng ENG,"DF,MT",Huddersfield,28,1993,28.6,3,14,6,42.9,0.49,0.21,0.21,0.50,18.7,0,0,0,1.3,1.3,0.09,#ERROR!,#ERROR!,Matchs
Clt,Joueur,Nation,Pos,Équipe,Âge,Naissance,90,Buts,Tirs,TC,TC%,Tir/90,TC/90,B/Tir,B/TC,Dist,CF,PénM,PénT,xG,npxG,npxG/Sh,G-xG,np:G-xG,Matchs
601,Jonathan Russell,jm JAM,MT,Huddersfield,21,2000,5.8,0,6,1,16.7,01.03,0.17,0.00,0.00,15.3,1,0,0,0.4,0.4,0.06,-0.4,-0.4,Matchs
602,Sai Sachdev,eng ENG,DF,Sheffield Utd,17,2005,0.2,0,0,0,,0.00,0.00,,,,0,0,0,0.0,0.0,,0.0,0.0,Matchs
603,Dion Sanderson,eng ENG,DF,Birmingham City,22,1999,30.0,2,11,4,36.4,0.37,0.13,0.18,0.50,14.7,0,0,0,1.3,1.3,0.12,#ERROR!,#ERROR!,Matchs
604,Thomas Sang,eng ENG,"DF,MT",Cardiff City,23,1999,4.5,0,3,2,66.7,0.67,0.45,0.00,0.00,23.5,0,0,0,0.1,0.1,0.02,-0.1,-0.1,Matchs
605,Josh Sargent,us USA,"AT,MT",Norwich City,22,2000,35.0,13,92,38,41.3,2.63,01.09,0.14,0.34,14.4,0,0,0,10.5,10.5,0.11,#ERROR!,#ERROR!,Matchs
606,Matija Šarkić,me MNE,GB,Stoke City,25,1997,7.5,0,0,0,,0.00,0.00,,,,0,0,0,0.0,0.0,,0.0,0.0,Matchs
607,Ismaila Sarr,sn SEN,"AT,MT",Watford,24,1998,35.2,10,79,27,34.2,2.25,0.77,0.11,0.33,15.3,0,1,2,12.7,11.1,0.14,-2.7,-2.1,Matchs
608,Mouhamadou-Naby Sarr,fr FRA,DF,Reading,28,1993,22.7,1,10,4,40.0,0.44,0.18,0.10,0.25,9.1,0,0,0,1.2,1.2,0.12,-0.2,-0.2,Matchs
609,George Saville,nir NIR,MT,Millwall,29,1993,34.4,2,32,9,28.1,0.93,0.26,0.06,0.22,19.3,2,0,0,2.3,2.3,0.07,-0.3,-0.3,Matchs
610,Romaine Sawyers,kn SKN,MT,Cardiff City,30,1991,22.7,3,18,4,22.2,0.79,0.18,0.17,0.75,25.4,0,0,0,0.8,0.8,0.04,#ERROR!,#ERROR!,Matchs
611,Allahyar Sayyadmanesh,ir IRN,"AT,MT",Hull City,21,2001,14.3,2,17,4,23.5,1.19,0.28,0.12,0.50,15.3,0,0,0,2.2,2.2,0.13,-0.2,-0.2,Matchs
612,Alex Scott,eng ENG,MT,Bristol City,18,2003,37.6,1,35,10,28.6,0.93,0.27,0.03,0.10,23.4,6,0,0,2.2,2.2,0.06,-1.2,-1.2,Matchs
613,Anthony Scully,ie IRL,"AT,DF",Wigan Athletic,23,1999,1.1,0,0,0,,0.00,0.00,,,,0,0,0,0.0,0.0,,0.0,0.0,Matchs
614,Ken Sema,se SWE,"AT,DF",Watford,28,1993,34.8,4,27,10,37.0,0.78,0.29,0.15,0.40,17.3,3,0,0,3.6,3.6,0.14,#ERROR!,#ERROR!,Matchs
615,Antoine Semenyo,gh GHA,"AT,MT",Bristol City,22,2000,13.9,6,38,16,42.1,2.74,1.15,0.16,0.38,14.0,0,0,0,5.0,5.0,0.13,#ERROR!,#ERROR!,Matchs
616,Jack Senga-Ngoyi,be BEL,MT,Reading,18,2004,0.2,0,0,0,,0.00,0.00,,,,0,0,0,0.0,0.0,,0.0,0.0,Matchs
617,Jean Seri,ci CIV,MT,Hull City,31,1991,31.3,1,11,2,18.2,0.35,0.06,0.09,0.50,27.2,2,0,0,0.5,0.5,0.04,#ERROR!,#ERROR!,Matchs
618,Jamie Shackleton,eng ENG,"MT,DF",Millwall,22,1999,17.5,0,10,1,10.0,0.57,0.06,0.00,0.00,19.1,0,0,0,0.9,0.9,0.09,-0.9,-0.9,Matchs
619,Abdi Shariif,so SOM,"MT,AT",Wigan Athletic,21,2001,0.2,0,0,0,,0.00,0.00,,,,0,0,0,0.0,0.0,,0.0,0.0,Matchs
620,Billy Sharp,eng ENG,AT,Sheffield Utd,36,1986,16.4,2,36,18,50.0,2.20,1.10,0.06,0.11,14.2,0,0,0,5.5,5.5,0.15,-3.5,-3.5,Matchs
621,James Shea,eng ENG,GB,Luton Town,31,1991,1.0,0,0,0,,0.00,0.00,,,,0,0,0,0.0,0.0,,0.0,0.0,Matchs
622,Ben Sheaf,eng ENG,MT,Coventry City,24,1998,32.1,2,46,8,17.4,1.43,0.25,0.04,0.25,22.9,0,0,0,3.2,3.2,0.07,-1.2,-1.2,Matchs
623,Graeme Shinnie,sct SCO,MT,Wigan Athletic,30,1991,9.8,0,4,0,0.0,0.41,0.00,0.00,,13.5,0,0,0,0.3,0.3,0.07,-0.3,-0.3,Matchs
624,Olamide Shodipo,ie IRL,"AT,MT",QPR,25,1997,3.8,0,5,1,20.0,1.32,0.26,0.00,0.00,19.1,0,0,0,0.4,0.4,0.08,-0.4,-0.4,Matchs
625,Francisco Sierralta,cl CHI,DF,Watford,25,1997,15.9,1,8,2,25.0,0.50,0.13,0.13,0.50,8.6,0,0,0,0.9,0.9,0.11,#ERROR!,#ERROR!,Matchs
Clt,Joueur,Nation,Pos,Équipe,Âge,Naissance,90,Buts,Tirs,TC,TC%,Tir/90,TC/90,B/Tir,B/TC,Dist,CF,PénM,PénT,xG,npxG,npxG/Sh,G-xG,np:G-xG,Matchs
626,Ellis Simms,eng ENG,AT,Sunderland,21,2001,12.5,7,32,10,31.3,2.56,0.80,0.22,0.70,13.4,0,0,0,4.9,4.9,0.15,#ERROR!,#ERROR!,Matchs
627,Xavier Simons,eng ENG,MT,Hull City,19,2003,4.8,0,5,1,20.0,01.04,0.21,0.00,0.00,28.6,0,0,0,0.2,0.2,0.04,-0.2,-0.2,Matchs
628,Jack Simpson,eng ENG,DF,Cardiff City,25,1996,12.8,0,8,1,12.5,0.62,0.08,0.00,0.00,15.5,0,0,0,0.3,0.3,0.03,-0.3,-0.3,Matchs
629,Tyreece Simpson,eng ENG,"AT,MT",Huddersfield,20,2002,1.4,0,6,2,33.3,4.22,1.41,0.00,0.00,15.6,0,0,0,0.4,0.4,0.06,-0.4,-0.4,Matchs
630,Danel Sinani,lu LUX,"AT,MT",Norwich City,25,1997,7.0,1,18,4,22.2,2.58,0.57,0.06,0.25,23.0,3,0,0,1.0,1.0,0.05,0.0,0.0,Matchs
631,Danel Sinani,lu LUX,"MT,AT",Wigan Athletic,25,1997,6.7,0,18,5,27.8,2.69,0.75,0.00,0.00,25.0,1,0,0,0.7,0.7,0.04,-0.7,-0.7,Matchs
632,Doğukan Sınık,tr TUR,"AT,MT",Hull City,23,1999,3.9,0,4,0,0.0,01.03,0.00,0.00,,26.9,0,0,0,0.1,0.1,0.03,-0.1,-0.1,Matchs
633,Jacob Slater,eng ENG,DF,Preston,17,2004,0.0,0,0,0,,0.00,0.00,,,,0,0,0,0.0,0.0,,0.0,0.0,Matchs
634,Regan Slater,eng ENG,"MT,AT",Hull City,22,1999,41.3,5,45,18,40.0,01.09,0.44,0.11,0.28,20.3,0,0,0,3.5,3.5,0.08,#ERROR!,#ERROR!,Matchs
635,William Smallbone,ie IRL,MT,Stoke City,22,2000,35.9,3,43,14,32.6,1.20,0.39,0.07,0.21,18.6,2,0,0,3.9,3.9,0.09,-0.9,-0.9,Matchs
636,Scott Smith,wls WAL,MT,Wigan Athletic,21,2001,0.2,0,0,0,,0.00,0.00,,,,0,0,0,0.0,0.0,,0.0,0.0,Matchs
637,Tommy Smith,eng ENG,DF,Middlesbrough,30,1992,31.1,0,18,3,16.7,0.58,0.10,0.00,0.00,22.8,0,0,0,1.1,1.1,0.06,-1.1,-1.1,Matchs
638,Tyler Smith,eng ENG,AT,Hull City,23,1998,5.2,3,9,4,44.4,1.72,0.76,0.33,0.75,15.4,0,0,0,2.0,2.0,0.23,#ERROR!,#ERROR!,Matchs
639,Matthew Sorinola,eng ENG,"DF,MT",Swansea City,21,2001,18.7,2,14,4,28.6,0.75,0.21,0.14,0.50,14.2,0,0,0,1.7,1.7,0.13,#ERROR!,#ERROR!,Matchs
640,Harry Souttar,au AUS,DF,Stoke City,23,1998,7.0,0,1,0,0.0,0.14,0.00,0.00,,7.2,0,0,0,0.2,0.2,0.23,-0.2,-0.2,Matchs
641,Tom Sparrow,wls WAL,DF,Stoke City,19,2003,1.0,0,1,1,100.0,0.99,0.99,0.00,0.00,13.9,0,0,0,0.2,0.2,0.16,-0.2,-0.2,Matchs
642,Tony Springett,ie IRL,DF,Norwich City,19,2002,0.2,0,0,0,,0.00,0.00,,,,0,0,0,0.0,0.0,,0.0,0.0,Matchs
643,Zack Steffen,us USA,GB,Middlesbrough,27,1995,42.0,0,0,0,,0.00,0.00,,,,0,0,0,0.0,0.0,,0.0,0.0,Matchs
644,Dujon Sterling,eng ENG,DF,Stoke City,22,1999,23.0,0,5,0,0.0,0.22,0.00,0.00,,16.2,0,0,0,0.3,0.3,0.06,-0.3,-0.3,Matchs
645,Enda Stevens,ie IRL,DF,Sheffield Utd,32,1990,8.8,0,8,1,12.5,0.91,0.11,0.00,0.00,18.3,0,0,0,0.8,0.8,0.10,-0.8,-0.8,Matchs
646,Finley Stevens,wls WAL,"DF,MT",Swansea City,19,2003,0.8,0,0,0,,0.00,0.00,,,,0,0,0,0.0,0.0,,0.0,0.0,Matchs
647,Ross Stewart,sct SCO,AT,Sunderland,26,1996,11.6,10,43,17,39.5,3.71,1.47,0.19,0.47,13.1,0,2,3,9.7,7.2,0.17,#ERROR!,#ERROR!,Matchs
648,Ryan Stirk,wls WAL,MT,Birmingham City,21,2000,0.3,0,0,0,,0.00,0.00,,,,0,0,0,0.0,0.0,,0.0,0.0,Matchs
649,Jordan Storey,eng ENG,DF,Preston,24,1997,41.1,2,11,5,45.5,0.27,0.12,0.18,0.40,10.0,0,0,0,0.9,0.9,0.09,#ERROR!,#ERROR!,Matchs
650,Callum Styles,hu HUN,"MT,AT",Millwall,22,2000,13.4,1,16,5,31.3,1.19,0.37,0.06,0.20,21.0,0,0,0,0.9,0.9,0.06,#ERROR!,#ERROR!,Matchs
Clt,Joueur,Nation,Pos,Équipe,Âge,Naissance,90,Buts,Tirs,TC,TC%,Tir/90,TC/90,B/Tir,B/TC,Dist,CF,PénM,PénT,xG,npxG,npxG/Sh,G-xG,np:G-xG,Matchs
651,John Swift,eng ENG,"MT,AT",West Brom,27,1995,35.6,6,61,17,27.9,1.72,0.48,0.05,0.18,20.1,9,3,3,7.9,5.6,0.09,-1.9,-2.6,Matchs
652,Mark Sykes,ie IRL,"DF,AT",Bristol City,24,1997,27.6,5,29,12,41.4,01.05,0.43,0.17,0.42,16.1,0,0,0,4.7,4.7,0.16,#ERROR!,#ERROR!,Matchs
653,Chris Sze,eng ENG,AT,Wigan Athletic,18,2003,0.3,0,0,0,,0.00,0.00,,,,0,0,0,0.0,0.0,,0.0,0.0,Matchs
654,Sammie Szmodics,ie IRL,"MT,AT",Blackburn,26,1995,24.1,5,44,13,29.5,1.83,0.54,0.11,0.38,18.6,0,0,0,3.9,3.9,0.09,#ERROR!,#ERROR!,Matchs
655,Jakob Sørensen,dk DEN,"DF,MT",Norwich City,24,1998,12.8,1,3,3,100.0,0.23,0.23,0.33,0.33,29.4,0,0,0,0.1,0.1,0.03,#ERROR!,#ERROR!,Matchs
656,George Tanner,eng ENG,DF,Bristol City,22,1999,22.7,0,8,0,0.0,0.35,0.00,0.00,,23.4,0,0,0,0.3,0.3,0.04,-0.3,-0.3,Matchs
657,Fabio Tavares,eng ENG,"AT,DF",Coventry City,21,2001,1.2,0,3,2,66.7,2.45,1.64,0.00,0.00,23.4,0,0,0,0.1,0.1,0.03,-0.1,-0.1,Matchs
658,Charlie Taylor,eng ENG,DF,Burnley,28,1993,19.2,0,4,0,0.0,0.21,0.00,0.00,,16.1,0,0,0,0.3,0.3,0.07,-0.3,-0.3,Matchs
659,Connor Taylor,eng ENG,DF,Stoke City,20,2001,10.8,0,2,1,50.0,0.18,0.09,0.00,0.00,7.4,0,0,0,0.2,0.2,0.08,-0.2,-0.2,Matchs
660,Joseph Taylor,wls WAL,AT,Luton Town,19,2002,1.3,0,2,1,50.0,1.57,0.78,0.00,0.00,12.1,0,0,0,0.1,0.1,0.05,-0.1,-0.1,Matchs
661,Omar Taylor-Clarke,wls WAL,"MT,AT",Bristol City,18,2003,2.2,0,2,1,50.0,0.92,0.46,0.00,0.00,15.9,0,0,0,0.4,0.4,0.21,-0.4,-0.4,Matchs
662,Nathan Tella,ng NGA,"AT,MT",Burnley,23,1999,27.7,17,72,32,44.4,2.60,1.16,0.24,0.53,17.6,0,0,0,10.3,10.3,0.14,#ERROR!,#ERROR!,Matchs
663,Benjamin Tetteh,gh GHA,"AT,MT",Hull City,25,1997,8.5,1,13,3,23.1,1.54,0.35,0.08,0.33,16.0,0,0,0,1.2,1.2,0.09,-0.2,-0.2,Matchs
664,Emre Tezgel,eng ENG,AT,Stoke City,16,2005,0.3,0,0,0,,0.00,0.00,,,,0,0,0,0.0,0.0,,0.0,0.0,Matchs
665,George Thomas,wls WAL,"AT,DF",QPR,25,1997,0.8,0,1,0,0.0,1.18,0.00,0.00,,31.9,0,0,0,0.0,0.0,0.03,0.0,0.0,Matchs
666,Sorba Thomas,wls WAL,"AT,DF",Blackburn,22,1999,10.0,0,13,4,30.8,1.30,0.40,0.00,0.00,18.6,1,0,0,0.7,0.7,0.06,-0.7,-0.7,Matchs
667,Sorba Thomas,wls WAL,"AT,MT",Huddersfield,22,1999,20.3,0,14,3,21.4,0.69,0.15,0.00,0.00,19.1,2,0,0,1.3,1.3,0.09,-1.3,-1.3,Matchs
668,Brandon Thomas-Asante,gh GHA,AT,West Brom,23,1998,21.1,7,57,17,29.8,2.70,0.80,0.11,0.35,14.3,0,1,2,9.9,8.2,0.14,-2.9,-2.2,Matchs
669,Dominic Thompson,eng ENG,"DF,MT",Blackpool,22,2000,22.0,0,3,0,0.0,0.14,0.00,0.00,,23.8,0,0,0,0.1,0.1,0.02,-0.1,-0.1,Matchs
670,Jordan Thompson,nir NIR,"MT,DF",Stoke City,25,1997,20.2,0,9,1,11.1,0.45,0.05,0.00,0.00,28.0,1,0,0,0.2,0.2,0.02,-0.2,-0.2,Matchs
671,Jordan Thorniley,eng ENG,DF,Blackpool,25,1996,25.1,1,15,2,13.3,0.60,0.08,0.07,0.50,15.3,0,0,0,1.0,1.0,0.07,0.0,0.0,Matchs
672,Elliot Thorpe,wls WAL,"DF,MT",Luton Town,21,2000,0.8,0,1,0,0.0,1.27,0.00,0.00,,29.4,0,0,0,0.0,0.0,0.01,0.0,0.0,Matchs
673,Sam Tickle,eng ENG,GB,Wigan Athletic,20,2002,1.0,0,0,0,,0.00,0.00,,,,0,0,0,0.0,0.0,,0.0,0.0,Matchs
674,Christ Tiéhi,ci CIV,MT,Wigan Athletic,24,1998,14.7,0,10,0,0.0,0.68,0.00,0.00,,17.9,0,0,0,0.8,0.8,0.08,-0.8,-0.8,Matchs
675,Curtis Tilt,jm JAM,DF,Wigan Athletic,30,1991,24.9,1,6,1,16.7,0.24,0.04,0.17,1.00,13.1,0,0,0,0.7,0.7,0.12,#ERROR!,#ERROR!,Matchs
Clt,Joueur,Nation,Pos,Équipe,Âge,Naissance,90,Buts,Tirs,TC,TC%,Tir/90,TC/90,B/Tir,B/TC,Dist,CF,PénM,PénT,xG,npxG,npxG/Sh,G-xG,np:G-xG,Matchs
676,Jonathan Tomkinson,us USA,DF,Norwich City,20,2002,1.0,0,0,0,,0.00,0.00,,,,0,0,0,0.0,0.0,,0.0,0.0,Matchs
677,Conor Townsend,eng ENG,DF,West Brom,29,1993,43.4,3,39,12,30.8,0.90,0.28,0.08,0.25,14.1,2,0,0,4.1,4.1,0.11,-1.1,-1.1,Matchs
678,Adama Traoré,ml MLI,"AT,MT",Hull City,27,1995,8.8,1,10,3,30.0,1.13,0.34,0.10,0.33,24.4,2,0,0,0.5,0.5,0.05,#ERROR!,#ERROR!,Matchs
679,Lewis Travis,eng ENG,"MT,DF",Blackburn,24,1997,38.1,2,12,4,33.3,0.32,0.11,0.17,0.50,22.3,0,0,0,0.7,0.7,0.06,#ERROR!,#ERROR!,Matchs
680,William Troost-Ekong,ng NGA,DF,Watford,28,1993,12.2,1,5,1,20.0,0.41,0.08,0.20,1.00,18.0,0,0,0,1.1,1.1,0.22,-0.1,-0.1,Matchs
681,Auston Trusty,us USA,DF,Birmingham City,23,1998,43.7,4,18,7,38.9,0.41,0.16,0.22,0.57,9.8,0,0,0,3.0,3.0,0.17,#ERROR!,#ERROR!,Matchs
682,Tom Trybull,de GER,MT,Blackpool,29,1993,2.0,0,0,0,,0.00,0.00,,,,0,0,0,0.0,0.0,,0.0,0.0,Matchs
683,Axel Tuanzebe,eng ENG,DF,Stoke City,24,1997,2.8,0,1,0,0.0,0.35,0.00,0.00,,13.5,0,0,0,0.0,0.0,0.02,0.0,0.0,Matchs
684,Ozan Tufan,tr TUR,"MT,AT",Hull City,27,1995,26.9,8,51,13,25.5,1.90,0.48,0.10,0.38,20.9,4,3,3,7.2,4.8,0.09,#ERROR!,#ERROR!,Matchs
685,Oliver Turton,eng ENG,DF,Huddersfield,29,1992,13.7,0,3,0,0.0,0.22,0.00,0.00,,14.8,0,0,0,0.2,0.2,0.07,-0.2,-0.2,Matchs
686,Scott Twine,eng ENG,MT,Burnley,23,1999,6.2,3,26,6,23.1,4.19,0.97,0.12,0.50,16.9,5,0,0,2.8,2.8,0.11,#ERROR!,#ERROR!,Matchs
687,Josh Tymon,eng ENG,DF,Stoke City,23,1999,18.3,1,17,6,35.3,0.93,0.33,0.06,0.17,19.9,0,0,0,1.2,1.2,0.07,-0.2,-0.2,Matchs
688,Christos Tzolis,gr GRE,"AT,MT",Norwich City,20,2002,3.6,1,11,3,27.3,03.02,0.82,0.09,0.33,14.7,0,0,0,1.6,1.6,0.15,-0.6,-0.6,Matchs
689,Tomáš Vaclík,cz CZE,GB,Huddersfield,33,1989,12.7,0,0,0,,0.00,0.00,,,,0,0,0,0.0,0.0,,0.0,0.0,Matchs
690,Harvey Vale,eng ENG,AT,Hull City,18,2003,0.8,0,2,0,0.0,2.37,0.00,0.00,,9.8,0,0,0,0.2,0.2,0.12,-0.2,-0.2,Matchs
691,Jack Vale,wls WAL,AT,Blackburn,21,2001,6.1,0,6,3,50.0,0.99,0.49,0.00,0.00,16.5,0,0,0,0.4,0.4,0.07,-0.4,-0.4,Matchs
692,Harry Vaughan,ie IRL,"MT,AT",Hull City,18,2004,4.5,0,2,0,0.0,0.44,0.00,0.00,,20.0,0,0,0,0.1,0.1,0.04,-0.1,-0.1,Matchs
693,Josh Vickers,eng ENG,GB,Rotherham Utd,26,1995,2.5,0,0,0,,0.00,0.00,,,,0,0,0,0.0,0.0,,0.0,0.0,Matchs
694,Matty Virtue,eng ENG,MT,Blackpool,25,1997,1.2,0,1,0,0.0,0.82,0.00,0.00,,23.4,0,0,0,0.1,0.1,0.05,-0.1,-0.1,Matchs
695,Vitinho,br BRA,"DF,AT",Burnley,23,1999,23.3,3,29,9,31.0,1.24,0.39,0.10,0.33,16.0,0,0,0,3.5,3.5,0.12,-0.5,-0.5,Matchs
696,Andreas Voglsammer,de GER,AT,Millwall,30,1992,25.0,3,45,15,33.3,1.80,0.60,0.04,0.13,17.6,2,1,1,5.6,4.8,0.11,-2.6,-2.8,Matchs
697,Zak Vyner,eng ENG,DF,Bristol City,25,1997,44.4,1,14,3,21.4,0.32,0.07,0.07,0.33,18.1,0,0,0,1.9,1.9,0.14,-0.9,-0.9,Matchs
698,Martyn Waghorn,eng ENG,AT,Huddersfield,32,1990,7.0,1,9,5,55.6,1.29,0.72,0.11,0.20,12.3,1,0,0,1.7,1.7,0.19,-0.7,-0.7,Matchs
699,Martyn Waghorn,eng ENG,"MT,AT",Coventry City,32,1990,3.3,1,9,2,22.2,2.76,0.61,0.00,0.00,15.9,0,1,1,1.8,1.0,0.11,-0.8,-1.0,Matchs
700,Tyler Walker,eng ENG,AT,Coventry City,25,1996,4.6,1,5,1,20.0,01.08,0.22,0.20,1.00,10.9,0,0,0,1.1,1.1,0.22,-0.1,-0.1,Matchs
Clt,Joueur,Nation,Pos,Équipe,Âge,Naissance,90,Buts,Tirs,TC,TC%,Tir/90,TC/90,B/Tir,B/TC,Dist,CF,PénM,PénT,xG,npxG,npxG/Sh,G-xG,np:G-xG,Matchs
701,Jed Wallace,eng ENG,"AT,MT",West Brom,28,1994,44.0,6,85,30,35.3,1.93,0.68,0.07,0.20,18.8,3,0,0,6.8,6.8,0.08,-0.8,-0.8,Matchs
702,Murray Wallace,sct SCO,DF,Millwall,29,1993,35.3,0,35,2,5.7,0.99,0.06,0.00,0.00,16.2,0,0,0,2.4,2.4,0.07,-2.4,-2.4,Matchs
703,Liam Walsh,eng ENG,"MT,AT",Swansea City,24,1997,3.7,0,3,1,33.3,0.80,0.27,0.00,0.00,18.6,0,0,0,0.2,0.2,0.08,-0.2,-0.2,Matchs
704,Danny Ward,eng ENG,AT,Huddersfield,30,1991,28.2,5,53,16,30.2,1.88,0.57,0.09,0.31,15.9,0,0,0,5.4,5.4,0.10,-0.4,-0.4,Matchs
705,Grant Ward,eng ENG,"DF,MT",Blackpool,27,1994,1.8,0,2,0,0.0,1.13,0.00,0.00,,24.8,0,0,0,0.2,0.2,0.11,-0.2,-0.2,Matchs
706,Conor Washington,nir NIR,AT,Rotherham Utd,30,1992,19.0,5,40,12,30.0,2.10,0.63,0.13,0.42,15.3,0,0,0,4.3,4.2,0.11,#ERROR!,#ERROR!,Matchs
707,Duncan Watmore,eng ENG,"AT,MT",Middlesbrough,28,1994,9.4,5,28,13,46.4,2.98,1.38,0.18,0.38,13.3,0,0,0,3.8,3.8,0.14,#ERROR!,#ERROR!,Matchs
708,Duncan Watmore,eng ENG,AT,Millwall,28,1994,6.8,3,9,3,33.3,1.32,0.44,0.33,1.00,14.0,0,0,0,1.1,1.1,0.12,#ERROR!,#ERROR!,Matchs
709,Louie Watson,ie IRL,MT,Luton Town,21,2001,2.4,0,0,0,,0.00,0.00,,,,0,0,0,0.0,0.0,,0.0,0.0,Matchs
710,Tom Watson,eng ENG,AT,Sunderland,16,2006,0.0,0,0,0,,0.00,0.00,,,,0,0,0,0.0,0.0,,0.0,0.0,Matchs
711,Max Watters,eng ENG,AT,Cardiff City,23,1999,5.8,0,9,6,66.7,1.56,01.04,0.00,0.00,16.0,0,0,0,1.2,1.2,0.14,-1.2,-1.2,Matchs
712,Andreas Weimann,at AUT,"MT,AT",Bristol City,30,1991,33.2,6,40,13,32.5,1.21,0.39,0.15,0.46,13.4,0,0,0,6.7,6.7,0.17,-0.7,-0.7,Matchs
713,Nahki Wells,bm BER,AT,Bristol City,32,1990,31.3,11,72,24,33.3,2.30,0.77,0.13,0.38,14.3,7,2,2,12.5,10.9,0.15,-1.5,-1.9,Matchs
714,Adam Wharton,eng ENG,MT,Blackburn,18,2004,11.7,2,9,4,44.4,0.77,0.34,0.22,0.50,21.4,0,0,0,0.4,0.4,0.04,#ERROR!,#ERROR!,Matchs
715,Scott Wharton,eng ENG,DF,Blackburn,24,1997,17.7,1,11,2,18.2,0.62,0.11,0.09,0.50,10.5,0,0,0,0.9,0.9,0.08,#ERROR!,#ERROR!,Matchs
716,Jack Whatmough,eng ENG,DF,Wigan Athletic,25,1996,33.8,1,15,4,26.7,0.44,0.12,0.07,0.25,9.1,0,0,0,1.7,1.7,0.12,-0.7,-0.7,Matchs
717,Ben Whiteman,eng ENG,MT,Preston,26,1996,33.0,3,34,11,32.4,01.03,0.33,0.06,0.18,25.2,5,1,1,2.3,1.5,0.04,#ERROR!,#ERROR!,Matchs
718,Morgan Whittaker,eng ENG,"AT,MT",Swansea City,21,2001,4.9,1,10,6,60.0,02.06,1.24,0.10,0.17,17.9,0,0,0,1.1,1.1,0.11,-0.1,-0.1,Matchs
719,Gavin Whyte,nir NIR,"AT,MT",Cardiff City,26,1996,4.0,1,4,2,50.0,1.00,0.50,0.25,0.50,14.9,0,0,0,0.4,0.4,0.09,#ERROR!,#ERROR!,Matchs
720,Connor Wickham,eng ENG,AT,Cardiff City,29,1993,5.3,1,11,4,36.4,02.06,0.75,0.09,0.25,15.8,0,0,0,1.1,1.1,0.10,-0.1,-0.1,Matchs
721,Ben Wiles,eng ENG,"MT,AT",Rotherham Utd,23,1999,23.3,2,31,5,16.1,1.33,0.21,0.06,0.40,19.0,0,0,0,2.9,2.9,0.09,-0.9,-0.9,Matchs
722,Mallik Wilks,eng ENG,AT,Hull City,23,1998,0.3,0,1,1,100.0,3.33,3.33,0.00,0.00,19.2,0,0,0,0.0,0.0,0.04,0.0,0.0,Matchs
723,Joe Williams,eng ENG,MT,Bristol City,25,1996,22.1,2,19,4,21.1,0.86,0.18,0.11,0.50,24.3,0,0,0,1.7,1.7,0.09,#ERROR!,#ERROR!,Matchs
724,Josh Williams,eng ENG,DF,Birmingham City,19,2002,5.9,0,2,1,50.0,0.34,0.17,0.00,0.00,15.1,0,0,0,0.1,0.1,0.06,-0.1,-0.1,Matchs
725,Randell Williams,eng ENG,"AT,DF",Hull City,25,1996,2.4,0,3,0,0.0,1.23,0.00,0.00,,18.0,0,0,0,0.1,0.1,0.04,-0.1,-0.1,Matchs
Clt,Joueur,Nation,Pos,Équipe,Âge,Naissance,90,Buts,Tirs,TC,TC%,Tir/90,TC/90,B/Tir,B/TC,Dist,CF,PénM,PénT,xG,npxG,npxG/Sh,G-xG,np:G-xG,Matchs
726,Rhys Williams,eng ENG,DF,Blackpool,21,2001,12.8,0,3,1,33.3,0.23,0.08,0.00,0.00,8.7,0,0,0,0.4,0.4,0.12,-0.4,-0.4,Matchs
727,Pharrell Willis,eng ENG,AT,Middlesbrough,19,2003,0.1,0,0,0,,0.00,0.00,,,,0,0,0,0.0,0.0,,0.0,0.0,Matchs
728,Chris Willock,eng ENG,"AT,MT",QPR,24,1998,18.4,6,48,14,29.2,2.61,0.76,0.13,0.43,20.6,1,0,0,2.6,2.6,0.05,#ERROR!,#ERROR!,Matchs
729,Ben Wilmot,eng ENG,DF,Stoke City,22,1999,37.2,3,34,5,14.7,0.91,0.13,0.09,0.60,13.2,0,0,0,3.3,3.2,0.10,-0.3,-0.2,Matchs
730,Ben Wilson,eng ENG,GB,Coventry City,29,1992,43.0,1,1,1,100.0,0.02,0.02,1.00,1.00,2.1,0,0,0,0.9,0.9,0.91,#ERROR!,#ERROR!,Matchs
731,Kane Wilson,eng ENG,DF,Bristol City,22,2000,1.0,0,0,0,,0.00,0.00,,,,0,0,0,0.0,0.0,,0.0,0.0,Matchs
732,Josh Wilson-Esbrand,eng ENG,"DF,MT",Coventry City,19,2002,7.2,0,7,1,14.3,0.98,0.14,0.00,0.00,19.5,0,0,0,0.4,0.4,0.06,-0.4,-0.4,Matchs
733,Ryan Wintle,eng ENG,MT,Cardiff City,25,1997,44.0,2,38,6,15.8,0.86,0.14,0.05,0.33,24.6,2,0,0,2.0,2.0,0.05,0.0,0.0,Matchs
734,Harry Wood,eng ENG,"MT,AT",Hull City,19,2002,0.1,0,0,0,,0.00,0.00,,,,0,0,0,0.0,0.0,,0.0,0.0,Matchs
735,Richard Wood,eng ENG,DF,Rotherham Utd,37,1985,21.9,4,18,6,33.3,0.82,0.27,0.22,0.67,9.3,0,0,0,2.6,2.6,0.15,#ERROR!,#ERROR!,Matchs
736,Nathan Wood-Gordon,eng ENG,DF,Swansea City,20,2002,37.8,0,6,2,33.3,0.16,0.05,0.00,0.00,13.9,0,0,0,0.3,0.3,0.05,-0.3,-0.3,Matchs
737,Ben Woodburn,wls WAL,"MT,AT",Preston,22,1999,14.5,1,34,5,14.7,2.34,0.34,0.03,0.20,21.7,1,0,0,3.2,3.2,0.09,-2.2,-2.2,Matchs
738,Freddie Woodman,eng ENG,GB,Preston,25,1997,46.0,0,0,0,,0.00,0.00,,,,0,0,0,0.0,0.0,,0.0,0.0,Matchs
739,Cauley Woodrow,eng ENG,"AT,MT",Luton Town,27,1994,8.4,2,31,13,41.9,3.69,1.55,0.06,0.15,18.0,0,0,1,3.0,2.1,0.07,-1.0,-0.1,Matchs
740,Ryan Woods,eng ENG,MT,Hull City,28,1993,14.2,0,3,0,0.0,0.21,0.00,0.00,,25.4,0,0,0,0.1,0.1,0.03,-0.1,-0.1,Matchs
741,Ryan Woods,eng ENG,MT,Birmingham City,28,1993,2.0,0,0,0,,0.00,0.00,,,,0,0,0,0.0,0.0,,0.0,0.0,Matchs
742,Bailey Wright,au AUS,DF,Rotherham Utd,30,1992,4.5,0,1,0,0.0,0.22,0.00,0.00,,3.5,0,0,0,0.2,0.2,0.24,-0.2,-0.2,Matchs
743,Bailey Wright,au AUS,DF,Sunderland,30,1992,7.6,0,0,0,,0.00,0.00,,,,0,0,0,0.0,0.0,,0.0,0.0,Matchs
744,Callum Wright,eng ENG,MT,Blackpool,22,2000,4.8,0,11,3,27.3,2.31,0.63,0.00,0.00,20.4,1,0,0,1.0,1.0,0.10,-1.0,-1.0,Matchs
745,D'Margio Wright-Phillips,eng ENG,"AT,DF",Stoke City,20,2001,0.7,1,5,2,40.0,6.92,2.77,0.20,0.50,11.4,0,0,0,0.5,0.5,0.09,#ERROR!,#ERROR!,Matchs
746,Charlie Wyke,eng ENG,AT,Wigan Athletic,29,1992,8.6,2,13,3,23.1,1.51,0.35,0.15,0.67,13.1,0,0,0,1.9,1.9,0.14,#ERROR!,#ERROR!,Matchs
747,Jerry Yates,eng ENG,AT,Blackpool,25,1996,37.4,14,62,22,35.5,1.66,0.59,0.18,0.50,15.1,0,3,4,11.2,8.1,0.13,#ERROR!,#ERROR!,Matchs
748,Andy Yiadom,gh GHA,DF,Reading,30,1991,39.5,0,21,3,14.3,0.53,0.08,0.00,0.00,16.4,0,0,0,1.4,1.4,0.07,-1.4,-1.4,Matchs
749,Okay Yokuşlu,tr TUR,MT,West Brom,28,1994,31.9,4,30,9,30.0,0.94,0.28,0.13,0.44,16.5,0,0,0,3.1,3.1,0.10,#ERROR!,#ERROR!,Matchs
750,Anass Zaroury,ma MAR,AT,Burnley,21,2000,26.1,7,53,17,32.1,02.03,0.65,0.13,0.41,19.9,0,0,0,4.0,4.0,0.08,#ERROR!,#ERROR!,Matchs
Clt,Joueur,Nation,Pos,Équipe,Âge,Naissance,90,Buts,Tirs,TC,TC%,Tir/90,TC/90,B/Tir,B/TC,Dist,CF,PénM,PénT,xG,npxG,npxG/Sh,G-xG,np:G-xG,Matchs