Types de passe,Corners,Résultats,,,,,,,,,,,,,,,,,,,,,,
Clt,Joueur,Nation,Pos,Équipe,Comp,Âge,Naissance,90,Att,Action de jeu,Coup de pied arrêté,CF,Tr,Tr,Ctr,PCF,Co,Rentrant,Sortant,Droit,Cmp,HJ,Balles contrées,Matchs
1,Brenden Aaronson,us USA,"MT,AT",Leeds United,eng Premier League,21,2000,26.4,30.2,26.9,3.22,0.98,0.30,0.08,2.73,0.19,1.44,0.64,0.53,0.04,22.4,0.04,01.02,Matchs
2,Paxten Aaronson,us USA,"MT,DF",Eint Frankfurt,de Bundesliga,18,2003,1.9,37.4,35.8,1.58,0.00,0.00,0.00,3.68,01.05,0.53,0.00,0.53,0.00,26.8,0.00,0.53,Matchs
3,James Abankwah,ie IRL,DF,Udinese,it Serie A,18,2004,0.7,41.4,31.4,10.0,4.29,0.00,1.43,0.00,5.71,0.00,0.00,0.00,0.00,32.9,0.00,0.00,Matchs
4,George Abbott,eng ENG,MT,Tottenham,eng Premier League,16,2005,0.0,1,1,0,0,0,0,0,0,0,0,0,0,1,0,0,Matchs
5,Yunis Abdelhamid,ma MAR,DF,Reims,fr Ligue 1,34,1987,37.0,54.9,50.9,3.84,3.14,0.00,0.81,0.14,0.27,0.00,0.00,0.00,0.00,45.4,0.19,0.54,Matchs
6,Himad Abdelli,dz ALG,"MT,AT",Angers,fr Ligue 1,22,1999,23.7,53.0,50.3,2.53,0.84,0.34,0.25,1.48,0.68,0.42,0.13,0.04,0.00,44.0,0.17,0.93,Matchs
7,Salis Abdul Samed,gh GHA,MT,Lens,fr Ligue 1,22,2000,32.2,61.5,59.8,1.40,1.34,0.16,0.16,0.31,0.06,0.00,0.00,0.00,0.00,56.5,0.28,0.47,Matchs
8,Laurent Abergel,fr FRA,MT,Lorient,fr Ligue 1,29,1993,26.0,57.0,55.0,1.88,1.81,0.38,0.31,0.23,0.04,0.04,0.00,0.00,0.00,50.3,0.12,0.54,Matchs
9,Oliver Abildgaard,dk DEN,MT,Hellas Verona,it Serie A,26,1996,6.6,29.5,29.4,0.00,0.00,0.00,0.15,0.76,0.00,0.00,0.00,0.00,0.00,17.4,0.15,0.30,Matchs
10,Matthis Abline,fr FRA,"AT,MT",Auxerre,fr Ligue 1,19,2003,9.0,11.7,10.1,1.44,0.00,0.00,0.22,0.67,0.00,0.00,0.00,0.00,0.00,7.67,0.11,0.33,Matchs
11,Matthis Abline,fr FRA,"AT,MT",Rennes,fr Ligue 1,19,2003,1.2,12.5,12.5,0.00,0.00,0.83,0.00,1.67,0.00,0.00,0.00,0.00,0.00,5.83,0.00,0.83,Matchs
12,Abner,br BRA,DF,Betis,es La Liga,22,2000,6.7,52.4,41.0,11.2,0.15,0.00,0.30,1.94,11.0,0.00,0.00,0.00,0.00,37.6,0.15,2.24,Matchs
13,Zakaria Aboukhlal,ma MAR,"AT,MT",Toulouse,fr Ligue 1,22,2000,27.5,28.3,27.1,01.02,0.04,0.04,0.04,01.05,0.80,0.04,0.00,0.00,0.00,20.9,0.18,1.67,Matchs
14,Tammy Abraham,eng ENG,AT,Roma,it Serie A,24,1997,24.3,21.1,19.5,1.44,0.08,0.16,0.12,0.45,0.04,0.00,0.00,0.00,0.00,14.1,0.12,0.33,Matchs
15,Christian Acella,it ITA,MT,Cremonese,it Serie A,20,2002,0.2,45.0,45.0,0.00,0.00,0.00,0.00,0.00,0.00,0.00,0.00,0.00,0.00,45.0,0.00,0.00,Matchs
16,Francesco Acerbi,it ITA,DF,Inter,it Serie A,34,1988,26.9,61.1,57.5,3.46,1.52,0.04,0.37,0.82,0.78,0.00,0.00,0.00,0.00,54.1,0.19,0.15,Matchs
17,Álvaro Aceves,es ESP,GB,Valladolid,es La Liga,19,2003,0.1,80.0,70.0,10.0,0.00,0.00,0.00,0.00,0.00,0.00,0.00,0.00,0.00,70.0,0.00,0.00,Matchs
18,Mohamed Achi,fr FRA,AT,Nantes,fr Ligue 1,20,2002,0.4,52.5,50.0,2.50,0.00,0.00,0.00,2.50,0.00,2.50,0.00,2.50,0.00,45.0,0.00,0.00,Matchs
19,Marcos Acuña,ar ARG,DF,Sevilla,es La Liga,30,1991,21.2,61.7,49.4,12.1,2.31,0.14,0.66,6.93,8.21,1.60,0.33,01.04,0.00,45.8,0.09,1.18,Matchs
20,Che Adams,sct SCO,AT,Southampton,eng Premier League,26,1996,22.1,22.5,22.2,0.32,0.00,0.27,0.32,0.54,0.18,0.00,0.00,0.00,0.00,14.9,0.05,0.77,Matchs
21,Tyler Adams,us USA,MT,Leeds United,eng Premier League,23,1999,24.0,56.0,53.0,3.00,2.42,0.04,0.08,0.08,0.58,0.00,0.00,0.00,0.00,46.2,0.00,1.00,Matchs
22,Sargis Adamyan,am ARM,"AT,MT",Köln,de Bundesliga,29,1993,7.2,24.9,22.1,2.64,0.00,0.14,0.14,1.81,0.83,0.00,0.00,0.00,0.00,17.1,0.14,1.11,Matchs
23,Tosin Adarabioyo,eng ENG,DF,Fulham,eng Premier League,24,1997,23.2,56.0,53.2,2.50,02.03,0.09,0.52,0.09,0.30,0.00,0.00,0.00,0.00,45.9,0.30,0.43,Matchs
24,Martin Adeline,fr FRA,"MT,AT",Reims,fr Ligue 1,18,2003,1.2,34.2,31.7,2.50,0.83,0.00,0.00,0.00,0.83,0.83,0.00,0.00,0.00,24.2,0.00,0.83,Matchs
25,Karim Adeyemi,de GER,"AT,MT",Dortmund,de Bundesliga,20,2002,15.4,29.7,28.0,1.49,0.19,0.13,0.06,1.62,0.78,0.52,0.45,0.06,0.00,21.8,0.19,1.36,Matchs
Clt,Joueur,Nation,Pos,Équipe,Comp,Âge,Naissance,90,Att,Action de jeu,Coup de pied arrêté,CF,Tr,Tr,Ctr,PCF,Co,Rentrant,Sortant,Droit,Cmp,HJ,Balles contrées,Matchs
26,Amine Adli,ma MAR,"AT,MT",Leverkusen,de Bundesliga,22,2000,15.9,35.5,33.6,1.45,0.25,0.19,0.13,1.13,0.31,0.50,0.13,0.13,0.00,26.9,0.44,1.19,Matchs
27,Yacine Adli,fr FRA,"MT,AT",Milan,it Serie A,22,2000,1.6,47.5,45.0,2.50,0.63,0.00,0.63,3.75,0.63,1.25,0.00,1.25,0.00,30.6,0.00,3.13,Matchs
28,Michel Aebischer,ch SUI,"AT,MT",Bologna,it Serie A,25,1997,17.1,39.4,37.5,1.75,0.58,0.00,0.18,1.23,0.76,0.23,0.06,0.18,0.00,32.6,0.18,0.94,Matchs
29,Felix Afena-Gyan,gh GHA,"AT,MT",Cremonese,it Serie A,19,2003,9.1,21.2,20.3,0.88,0.22,0.00,0.11,0.44,0.55,0.00,0.00,0.00,0.00,16.0,0.00,0.44,Matchs
30,Emmanuel Agbadou,ci CIV,DF,Reims,fr Ligue 1,25,1997,26.5,56.3,54.1,2.11,1.89,0.26,0.68,0.08,0.15,0.00,0.00,0.00,0.00,48.3,0.15,0.42,Matchs
31,Julen Agirrezabala,es ESP,GB,Athletic Club,es La Liga,21,2000,7.5,32.1,22.5,9.60,1.33,0.00,0.00,0.00,0.00,0.00,0.00,0.00,0.00,22.8,0.00,0.00,Matchs
32,Lucien Agoume,fr FRA,MT,Troyes,fr Ligue 1,20,2002,12.2,61.0,59.0,1.72,1.23,0.25,0.66,0.74,0.16,0.33,0.25,0.00,0.00,50.7,0.25,0.98,Matchs
33,Felix Agu,de GER,"DF,AT",Werder Bremen,de Bundesliga,22,1999,0.5,50.0,38.0,12.0,0.00,0.00,0.00,2.00,12.0,0.00,0.00,0.00,0.00,32.0,0.00,4.00,Matchs
34,Álvaro Aguado,es ESP,MT,Valladolid,es La Liga,26,1996,21.0,54.4,49.5,4.52,2.38,0.14,1.86,2.71,0.24,1.67,0.14,1.14,0.00,44.3,0.33,0.81,Matchs
35,Kevin Agudelo,co COL,"MT,AT",Spezia,it Serie A,23,1998,23.7,31.0,30.0,0.72,0.08,0.21,0.04,1.43,0.30,0.21,0.13,0.08,0.00,22.4,0.30,1.65,Matchs
36,Nayef Aguerd,ma MAR,DF,West Ham,eng Premier League,26,1996,17.7,43.1,40.8,02.03,1.64,0.00,1.19,0.00,0.00,0.00,0.00,0.00,0.00,33.8,0.23,0.28,Matchs
37,Ruben Aguilar,fr FRA,DF,Monaco,fr Ligue 1,29,1993,13.0,65.2,53.5,11.5,1.38,0.00,0.23,3.00,10.1,0.00,0.00,0.00,0.00,53.5,0.15,1.69,Matchs
38,Naouirou Ahamada,fr FRA,"MT,AT",Crystal Palace,eng Premier League,20,2002,1.0,46.0,45.0,1.00,0.00,0.00,0.00,2.00,0.00,0.00,0.00,0.00,0.00,37.0,0.00,0.00,Matchs
39,Naouirou Ahamada,fr FRA,MT,Stuttgart,de Bundesliga,20,2002,15.5,34.1,33.2,0.84,0.26,0.13,0.06,0.39,0.32,0.00,0.00,0.00,0.00,29.0,0.13,0.84,Matchs
40,Amar Ahmed,se SWE,AT,Troyes,fr Ligue 1,18,2004,0.2,50.0,50.0,0.00,0.00,0.00,0.00,0.00,0.00,0.00,0.00,0.00,0.00,30.0,0.00,0.00,Matchs
41,Jean-Eudes Aholou,ci CIV,MT,Strasbourg,fr Ligue 1,28,1994,14.4,41.1,40.0,1.11,0.90,0.21,0.42,0.35,0.07,0.00,0.00,0.00,0.00,31.0,0.00,0.76,Matchs
42,Joseph Aidoo,gh GHA,DF,Celta Vigo,es La Liga,26,1995,34.7,50.9,49.3,1.47,1.21,0.00,0.14,0.06,0.23,0.00,0.00,0.00,0.00,43.9,0.14,0.37,Matchs
43,Ola Aina,ng NGA,DF,Torino,it Serie A,25,1996,9.7,56.1,44.5,11.1,0.82,0.00,0.31,3.61,10.0,0.31,0.00,0.00,0.00,41.4,0.41,1.75,Matchs
44,Rayan Aït Nouri,dz ALG,DF,Wolves,eng Premier League,21,2001,12.0,48.2,40.6,7.42,0.42,0.00,0.17,1.75,6.75,0.25,0.08,0.17,0.00,39.2,0.17,1.50,Matchs
45,Emanuel Aiwum,at AUT,DF,Cremonese,it Serie A,21,2000,18.4,44.4,38.9,5.43,1.30,0.05,0.33,0.22,3.64,0.00,0.00,0.00,0.00,35.1,0.11,0.71,Matchs
46,Kristoffer Ajer,no NOR,DF,Brentford,eng Premier League,24,1998,8.5,40.6,34.5,6.00,0.82,0.00,0.47,0.71,5.18,0.00,0.00,0.00,0.00,30.5,0.12,0.94,Matchs
47,Ludovic Ajorque,fr FRA,AT,Strasbourg,fr Ligue 1,28,1994,8.6,29.7,28.1,1.16,0.12,0.35,0.35,0.00,0.00,0.00,0.00,0.00,0.00,20.7,0.35,0.12,Matchs
48,Ludovic Ajorque,fr FRA,"AT,MT",Mainz 05,de Bundesliga,28,1994,13.5,30.7,29.5,01.04,0.07,0.07,0.37,0.30,0.15,0.00,0.00,0.00,0.00,18.0,0.22,0.81,Matchs
49,Manuel Akanji,ch SUI,DF,Manchester City,eng Premier League,27,1995,25.4,80.9,78.7,2.17,1.10,0.00,0.31,0.24,01.06,0.00,0.00,0.00,0.00,75.3,0.08,0.31,Matchs
50,Nathan Aké,nl NED,DF,Manchester City,eng Premier League,27,1995,20.8,87.2,81.0,06.06,1.68,0.05,0.29,0.72,4.38,0.00,0.00,0.00,0.00,78.8,0.10,1.25,Matchs
Clt,Joueur,Nation,Pos,Équipe,Comp,Âge,Naissance,90,Att,Action de jeu,Coup de pied arrêté,CF,Tr,Tr,Ctr,PCF,Co,Rentrant,Sortant,Droit,Cmp,HJ,Balles contrées,Matchs
51,Sergio Akieme,es ESP,DF,Almería,es La Liga,24,1997,25.5,41.6,32.3,09.02,0.98,0.12,0.51,2.75,08.04,0.00,0.00,0.00,0.00,32.2,0.27,0.78,Matchs
52,Babatunde Akinsola,ng NGA,AT,Valladolid,es La Liga,19,2003,0.1,20.0,20.0,0.00,0.00,0.00,0.00,0.00,0.00,0.00,0.00,0.00,0.00,20.0,0.00,0.00,Matchs
53,Maghnes Akliouche,fr FRA,"MT,AT",Monaco,fr Ligue 1,20,2002,4.5,37.3,35.8,1.11,0.22,0.00,0.00,2.22,0.67,0.22,0.22,0.00,0.00,28.9,0.44,1.33,Matchs
54,Paul Akouokou,ci CIV,"MT,DF",Betis,es La Liga,24,1997,5.0,34.8,33.6,0.80,0.40,0.20,0.40,0.00,0.40,0.00,0.00,0.00,0.00,32.0,0.40,0.60,Matchs
55,Jean-Daniel Akpa-Akpro,ci CIV,"MT,AT",Empoli,it Serie A,29,1992,15.1,26.9,26.2,0.60,0.46,0.07,0.20,0.73,0.13,0.00,0.00,0.00,0.00,20.0,0.07,1.32,Matchs
56,Kevin Akpoguma,ng NGA,DF,Hoffenheim,de Bundesliga,27,1995,21.7,47.2,44.5,2.58,1.38,0.05,0.65,0.37,1.20,0.00,0.00,0.00,0.00,37.5,0.09,0.83,Matchs
57,David Alaba,at AUT,DF,Real Madrid,es La Liga,30,1992,20.4,58.3,53.0,4.80,2.21,0.20,0.15,1.27,2.25,0.15,0.15,0.00,0.00,51.1,0.44,0.54,Matchs
58,Ángel Alarcón,es ESP,AT,Barcelona,es La Liga,18,2004,0.3,,,,,,,3.33,,,,,,,,,Matchs
59,Tomás Alarcón,cl CHI,MT,Cádiz,es La Liga,23,1999,2.5,38.0,35.2,2.80,2.00,0.40,1.20,2.40,0.00,0.80,0.40,0.40,0.00,31.2,0.00,0.00,Matchs
60,Lucas Alario,ar ARG,"AT,MT",Eint Frankfurt,de Bundesliga,29,1992,3.7,23.0,21.6,1.35,0.00,0.00,0.00,0.00,0.00,0.00,0.00,0.00,0.00,15.1,0.00,0.27,Matchs
61,Jordi Alba,es ESP,DF,Barcelona,es La Liga,33,1989,15.8,92.4,80.8,11.3,2.53,0.25,0.51,5.76,8.67,0.06,0.00,0.00,0.00,77.0,0.32,1.52,Matchs
62,Luis Alberto,es ESP,MT,Lazio,it Serie A,29,1992,27.1,73.4,63.9,09.08,2.99,0.52,0.26,5.42,0.26,4.32,02.03,1.81,0.00,60.5,0.37,1.11,Matchs
63,Raúl Albiol,es ESP,DF,Villarreal,es La Liga,36,1985,23.5,62.6,60.8,1.79,1.45,0.00,0.64,0.04,0.00,0.00,0.00,0.00,0.00,55.4,0.09,0.30,Matchs
64,Marc Albrighton,eng ENG,"AT,MT",Leicester City,eng Premier League,32,1989,2.6,56.9,50.0,6.54,0.38,0.38,0.00,10.8,2.69,2.69,0.38,1.15,0.77,34.2,0.38,3.85,Matchs
65,Thiago Alcántara,es ESP,MT,Liverpool,eng Premier League,31,1991,13.9,78.9,76.5,2.23,1.65,0.58,01.08,0.22,0.43,0.00,0.00,0.00,0.00,68.1,0.22,1.58,Matchs
66,Carlos Alcaraz,ar ARG,"MT,AT",Southampton,eng Premier League,19,2002,11.4,25.4,24.5,0.79,0.09,0.18,0.35,0.35,0.09,0.00,0.00,0.00,0.00,19.5,0.18,0.88,Matchs
67,Rubén Alcaraz,es ESP,MT,Cádiz,es La Liga,31,1991,22.7,46.1,43.1,2.78,1.94,0.26,1.19,1.94,0.00,0.66,0.40,0.09,0.09,36.4,0.22,0.75,Matchs
68,Omar Alderete,py PAR,DF,Getafe,es La Liga,25,1996,22.7,38.6,36.4,1.63,1.32,0.04,1.10,0.31,0.31,0.00,0.00,0.00,0.00,22.4,0.62,0.57,Matchs
69,Iván Alejo,es ESP,"MT,AT",Cádiz,es La Liga,27,1995,14.6,26.8,25.0,1.71,0.34,0.07,0.00,7.40,0.89,0.48,0.14,0.27,0.00,15.0,0.14,1.78,Matchs
70,Doğan Alemdar,tr TUR,GB,Rennes,fr Ligue 1,19,2002,4.5,32.2,21.3,10.7,2.89,0.00,0.00,0.00,0.00,0.00,0.00,0.00,0.00,21.1,0.22,0.00,Matchs
71,Carles Aleñá,es ESP,"MT,AT",Getafe,es La Liga,24,1998,23.5,34.4,33.3,0.89,0.34,0.13,0.43,1.83,0.09,0.38,0.21,0.17,0.00,25.8,0.26,0.77,Matchs
72,Trent Alexander-Arnold,eng ENG,DF,Liverpool,eng Premier League,23,1998,32.5,89.6,73.6,15.7,2.15,0.80,1.82,7.75,10.5,03.02,0.49,2.28,0.03,67.3,0.31,1.14,Matchs
73,Alejandro Alfaro,es ESP,MT,Elche,es La Liga,20,2002,0.2,5.00,5.00,0.00,0.00,0.00,0.00,0.00,0.00,0.00,0.00,0.00,0.00,5.00,0.00,0.00,Matchs
74,Ángel Algobia,es ESP,MT,Getafe,es La Liga,23,1999,12.6,41.3,39.8,1.35,1.19,0.00,0.40,0.87,0.00,0.08,0.08,0.00,0.00,33.3,0.16,0.63,Matchs
75,Mohamed Ali Cho,fr FRA,"AT,MT",Real Sociedad,es La Liga,18,2004,6.5,25.4,24.3,0.92,0.00,0.00,0.00,4.62,0.00,0.31,0.15,0.15,0.00,16.6,0.15,0.92,Matchs
Clt,Joueur,Nation,Pos,Équipe,Comp,Âge,Naissance,90,Att,Action de jeu,Coup de pied arrêté,CF,Tr,Tr,Ctr,PCF,Co,Rentrant,Sortant,Droit,Cmp,HJ,Balles contrées,Matchs
76,Faride Alidou,de GER,"DF,MT",Eint Frankfurt,de Bundesliga,21,2001,2.0,50.5,42.0,8.50,0.00,0.00,0.00,3.50,8.50,0.00,0.00,0.00,0.00,37.0,0.00,1.00,Matchs
77,Alisson,br BRA,GB,Liverpool,eng Premier League,29,1992,37.0,39.3,32.4,6.76,1.54,0.00,0.05,0.00,0.00,0.00,0.00,0.00,0.00,33.5,0.11,0.03,Matchs
78,Jim Allevinah,ga GAB,"DF,AT",Clermont Foot,fr Ligue 1,27,1995,24.9,34.1,31.7,2.33,0.28,0.00,0.12,2.61,02.01,0.00,0.00,0.00,0.00,26.4,0.04,1.29,Matchs
79,Dele Alli,eng ENG,MT,Everton,eng Premier League,26,1996,0.4,37.5,32.5,5.00,2.50,0.00,0.00,0.00,0.00,0.00,0.00,0.00,0.00,30.0,0.00,0.00,Matchs
80,Domingos André Ribeiro Almeida,pt POR,MT,Valencia,es La Liga,22,2000,28.2,49.7,43.5,5.82,2.55,0.25,0.43,4.50,0.46,2.23,0.78,0.60,0.00,39.4,0.43,0.64,Matchs
81,Miguel Almirón,py PAR,AT,Newcastle Utd,eng Premier League,28,1994,27.7,35.5,34.2,01.08,0.00,0.11,0.14,0.94,0.65,0.40,0.00,0.00,0.00,29.3,0.22,01.05,Matchs
82,Marcos Alonso,es ESP,DF,Barcelona,es La Liga,31,1990,13.0,77.3,73.5,3.62,1.23,0.08,0.85,1.77,1.23,0.92,0.46,0.31,0.00,68.9,0.15,0.62,Matchs
83,Mickaël Alphonse,gp GLP,DF,Ajaccio,fr Ligue 1,33,1989,15.1,45.4,34.9,10.4,0.53,0.00,0.00,1.79,9.87,0.00,0.00,0.00,0.00,29.7,0.13,1.39,Matchs
84,Éder Álvarez Balanta,co COL,"MT,AT",Schalke 04,de Bundesliga,29,1993,2.6,35.0,32.3,1.92,1.15,0.38,0.38,0.77,0.00,0.77,0.38,0.38,0.00,24.6,0.77,0.38,Matchs
85,Carlos Álvarez,es ESP,MT,Sevilla,es La Liga,18,2003,0.1,40.0,40.0,0.00,0.00,0.00,0.00,0.00,0.00,0.00,0.00,0.00,0.00,40.0,0.00,0.00,Matchs
86,Gastón Álvarez,uy URU,DF,Getafe,es La Liga,22,2000,16.7,34.7,25.8,8.80,0.36,0.00,0.12,1.38,8.44,0.00,0.00,0.00,0.00,21.0,0.06,0.96,Matchs
87,Julián Álvarez,ar ARG,"AT,MT",Manchester City,eng Premier League,22,2000,16.3,30.9,29.3,1.29,0.12,0.43,0.18,1.60,0.25,0.25,0.18,0.00,0.00,24.2,0.25,01.04,Matchs
88,Agustín Álvarez Martínez,uy URU,"AT,MT",Sassuolo,it Serie A,21,2001,4.1,20.5,18.5,1.95,0.00,0.00,0.24,0.98,0.00,0.73,0.00,0.73,0.00,16.6,0.00,0.24,Matchs
89,Yeray Álvarez,es ESP,DF,Athletic Club,es La Liga,27,1995,25.9,53.7,50.5,03.09,2.78,0.19,1.35,0.35,0.08,0.00,0.00,0.00,0.00,43.4,0.15,0.46,Matchs
90,Ibrahim Amadou,fr FRA,"DF,MT",Angers,fr Ligue 1,29,1993,4.7,40.4,39.6,0.85,0.85,0.00,0.00,0.21,0.00,0.00,0.00,0.00,0.00,34.3,0.00,01.06,Matchs
91,Selim Amallah,ma MAR,"MT,AT",Valladolid,es La Liga,25,1996,3.0,27.7,26.7,1.00,0.00,0.00,0.33,0.67,0.67,0.00,0.00,0.00,0.00,21.0,0.00,0.33,Matchs
92,Daniel Amartey,gh GHA,DF,Leicester City,eng Premier League,27,1994,17.9,62.2,61.0,1.12,0.84,0.11,0.11,0.00,0.28,0.00,0.00,0.00,0.00,56.7,0.11,0.11,Matchs
93,Amath,sn SEN,"MT,AT",Mallorca,es La Liga,26,1996,13.6,22.0,20.4,1.47,0.07,0.07,0.07,1.18,0.59,0.00,0.00,0.00,0.00,15.8,0.07,1.18,Matchs
94,Jordan Amavi,fr FRA,DF,Getafe,es La Liga,28,1994,2.2,43.6,31.4,12.3,0.45,0.00,0.00,2.73,11.8,0.00,0.00,0.00,0.00,23.2,0.00,2.27,Matchs
95,Lukáš Ambros,cz CZE,MT,Wolfsburg,de Bundesliga,18,2004,0.2,15.0,15.0,0.00,0.00,0.00,0.00,0.00,0.00,0.00,0.00,0.00,0.00,15.0,0.00,0.00,Matchs
96,Kelvin Amian,fr FRA,DF,Spezia,it Serie A,24,1998,26.4,42.0,32.9,09.02,0.53,0.04,0.08,1.48,8.41,0.08,0.00,0.04,0.00,31.4,0.11,1.17,Matchs
97,Bruno Amione,ar ARG,DF,Hellas Verona,it Serie A,20,2002,0.6,26.7,15.0,11.7,0.00,0.00,0.00,0.00,5.00,0.00,0.00,0.00,0.00,18.3,0.00,1.67,Matchs
98,Bruno Amione,ar ARG,DF,Sampdoria,it Serie A,20,2002,23.2,44.5,40.9,3.49,1.42,0.00,0.00,0.22,02.07,0.00,0.00,0.00,0.00,35.4,0.13,0.99,Matchs
99,Nadiem Amiri,de GER,"MT,AT",Leverkusen,de Bundesliga,25,1996,10.9,46.5,43.3,2.94,1.28,0.37,0.37,1.47,0.37,0.83,0.18,0.64,0.00,38.8,0.28,1.38,Matchs
100,Samuel Amo-Ameyaw,eng ENG,MT,Southampton,eng Premier League,16,2006,0.0,6,6,0,0,0,0,0,0,0,0,0,0,5,0,0,Matchs
Clt,Joueur,Nation,Pos,Équipe,Comp,Âge,Naissance,90,Att,Action de jeu,Coup de pied arrêté,CF,Tr,Tr,Ctr,PCF,Co,Rentrant,Sortant,Droit,Cmp,HJ,Balles contrées,Matchs
101,Ethan Ampadu,wls WAL,"DF,MT",Spezia,it Serie A,21,2000,29.3,52.8,48.7,3.96,1.57,0.10,0.58,0.38,1.60,0.00,0.00,0.00,0.00,42.8,0.20,0.68,Matchs
102,Sofyan Amrabat,ma MAR,MT,Fiorentina,it Serie A,25,1996,22.2,67.1,62.9,4.10,3.60,0.05,0.99,1.17,0.41,0.05,0.00,0.00,0.00,59.6,0.14,1.13,Matchs
103,Ayoub Amraoui,ma MAR,"DF,AT",Nice,fr Ligue 1,18,2004,3.3,56.1,52.7,3.33,0.00,0.00,0.30,4.24,3.33,0.00,0.00,0.00,0.00,47.0,0.00,1.52,Matchs
104,Joachim Andersen,dk DEN,DF,Crystal Palace,eng Premier League,26,1996,30.9,63.8,59.5,3.98,3.46,0.13,1.42,0.32,0.42,0.03,0.00,0.00,0.00,50.5,0.29,0.42,Matchs
105,Elliot Anderson,sct SCO,"MT,AT",Newcastle Utd,eng Premier League,19,2002,4.6,43.0,42.0,0.65,0.00,0.22,0.00,1.96,0.43,0.22,0.00,0.00,0.00,32.6,0.43,2.17,Matchs
106,Felipe Anderson,br BRA,AT,Lazio,it Serie A,29,1993,32.9,42.9,41.6,01.03,0.06,0.12,0.24,1.52,0.64,0.09,0.03,0.06,0.00,33.2,0.18,1.25,Matchs
107,Benjamin André,fr FRA,MT,Lille,fr Ligue 1,31,1990,32.4,71.7,69.8,1.67,1.51,0.25,0.71,0.43,0.15,0.00,0.00,0.00,0.00,59.9,0.25,0.96,Matchs
108,Marcos André,br BRA,"AT,MT",Valencia,es La Liga,25,1996,5.0,12.8,11.6,1.20,0.00,0.20,0.20,0.20,0.00,0.00,0.00,0.00,0.00,8.60,0.00,0.20,Matchs
109,Komnen Andrić,rs SRB,AT,Clermont Foot,fr Ligue 1,27,1995,16.1,26.6,24.3,2.17,0.00,0.00,0.25,0.06,0.00,0.00,0.00,0.00,0.00,19.9,0.12,0.99,Matchs
110,Robert Andrich,de GER,MT,Leverkusen,de Bundesliga,27,1994,26.7,54.5,52.6,1.84,1.57,0.00,0.15,0.15,0.19,0.00,0.00,0.00,0.00,45.6,0.07,0.45,Matchs
111,Angeliño,es ESP,DF,Hoffenheim,de Bundesliga,25,1997,29.1,53.1,39.9,12.6,1.44,0.03,0.55,6.15,9.48,1.65,0.62,0.79,0.00,34.8,0.62,1.37,Matchs
112,Fabrizio Angileri,ar ARG,DF,Getafe,es La Liga,28,1994,6.5,40.0,29.2,10.8,0.46,0.00,0.31,1.85,10.3,0.00,0.00,0.00,0.00,23.5,0.00,2.00,Matchs
113,Jaidon Anthony,eng ENG,"MT,AT",Bournemouth,eng Premier League,22,1999,14.0,37.6,34.3,3.21,0.64,0.14,0.36,03.07,1.50,1.00,0.64,0.07,0.07,27.6,0.07,1.29,Matchs
114,Janis Antiste,fr FRA,AT,Sassuolo,it Serie A,19,2002,0.6,30.0,30.0,0.00,0.00,0.00,0.00,0.00,0.00,0.00,0.00,0.00,0.00,21.7,0.00,0.00,Matchs
115,Waldemar Anton,de GER,DF,Stuttgart,de Bundesliga,26,1996,32.6,63.2,56.9,6.17,1.96,0.12,0.64,0.95,4.17,0.00,0.00,0.00,0.00,50.0,0.12,0.95,Matchs
116,Josep Antoni Gayá,es ESP,"DF,MT",Mallorca,es La Liga,22,2000,1.1,6.36,6.36,0.00,0.00,0.00,0.00,0.00,0.00,0.00,0.00,0.00,0.00,5.45,0.00,0.00,Matchs
117,José Antonio,es ESP,"MT,DF",Cádiz,es La Liga,18,2004,0.5,20.0,18.0,2.00,2.00,0.00,0.00,2.00,0.00,0.00,0.00,0.00,0.00,16.0,0.00,2.00,Matchs
118,Marcos Antônio,br BRA,MT,Lazio,it Serie A,22,2000,6.6,63.6,63.3,0.30,0.30,0.15,0.00,0.00,0.00,0.00,0.00,0.00,0.00,57.6,0.00,0.76,Matchs
119,Michail Antonio,jm JAM,AT,West Ham,eng Premier League,32,1990,20.3,17.1,16.5,0.59,0.05,0.05,0.05,1.72,0.39,0.00,0.00,0.00,0.00,9.16,0.05,0.89,Matchs
120,Antony,br BRA,AT,Manchester Utd,eng Premier League,22,2000,20.0,41.0,40.2,0.75,0.05,0.15,0.10,1.60,0.65,0.05,0.00,0.00,0.00,32.5,0.00,1.45,Matchs
121,Valentin Antov,bg BUL,DF,Monza,it Serie A,21,2000,3.4,67.4,62.6,4.71,1.18,0.00,0.29,0.59,3.53,0.00,0.00,0.00,0.00,59.1,0.00,0.29,Matchs
122,Christopher Antwi-Adjei,gh GHA,"AT,MT",Bochum,de Bundesliga,28,1994,22.0,32.4,23.3,8.86,0.14,0.09,0.09,2.86,8.18,0.18,0.00,0.00,0.00,19.6,0.18,1.45,Matchs
123,Anuar,ma MAR,"MT,AT",Valladolid,es La Liga,27,1995,2.3,17.4,17.0,0.43,0.00,0.00,0.00,0.43,0.43,0.00,0.00,0.00,0.00,13.0,0.00,1.74,Matchs
124,Houssem Aouar,dz ALG,MT,Lyon,fr Ligue 1,24,1998,5.8,63.8,62.2,1.55,0.69,0.17,0.52,01.03,0.17,0.52,0.00,0.00,0.00,51.6,0.00,1.55,Matchs
125,Adil Aouchiche,fr FRA,MT,Lorient,fr Ligue 1,20,2002,2.8,55.0,47.5,7.50,2.86,0.00,1.43,06.07,01.07,2.86,0.71,1.43,0.00,41.1,0.00,1.43,Matchs
Clt,Joueur,Nation,Pos,Équipe,Comp,Âge,Naissance,90,Att,Action de jeu,Coup de pied arrêté,CF,Tr,Tr,Ctr,PCF,Co,Rentrant,Sortant,Droit,Cmp,HJ,Balles contrées,Matchs
126,Dennis Appiah,fr FRA,"DF,MT",Nantes,fr Ligue 1,30,1992,8.8,53.2,44.7,8.41,0.57,0.00,0.00,2.39,7.84,0.00,0.00,0.00,0.00,38.5,0.11,0.91,Matchs
127,Stredair Appuah,fr FRA,"DF,MT",Nantes,fr Ligue 1,18,2004,0.7,38.6,37.1,1.43,1.43,0.00,1.43,2.86,0.00,0.00,0.00,0.00,0.00,27.1,0.00,2.86,Matchs
128,Mauro Arambarri,uy URU,MT,Getafe,es La Liga,26,1995,11.0,38.3,32.3,6.00,4.00,0.00,0.55,3.82,0.00,2.00,1.27,0.64,0.09,29.6,0.00,0.64,Matchs
129,Charles Aránguiz,cl CHI,MT,Leverkusen,de Bundesliga,33,1989,5.5,56.5,52.7,3.64,2.18,0.00,0.00,2.18,0.18,1.27,0.73,0.55,0.00,45.1,0.18,0.55,Matchs
130,Ronald Araújo,uy URU,DF,Barcelona,es La Liga,23,1999,20.0,64.3,60.4,3.75,02.05,0.10,0.95,0.25,1.25,0.00,0.00,0.00,0.00,57.0,0.25,0.30,Matchs
131,Cameron Archer,eng ENG,"AT,MT",Aston Villa,eng Premier League,21,2001,0.5,24.0,22.0,2.00,2.00,0.00,0.00,2.00,0.00,0.00,0.00,0.00,0.00,16.0,0.00,2.00,Matchs
132,Taïryk Arconte,fr FRA,AT,Brest,fr Ligue 1,18,2003,1.4,12.1,10.7,1.43,0.00,0.00,0.00,0.71,0.71,0.00,0.00,0.00,0.00,7.14,0.00,0.71,Matchs
133,Alphonse Areola,fr FRA,GB,West Ham,eng Premier League,29,1993,3.4,27.1,17.4,9.41,0.59,0.00,0.00,0.00,0.00,0.00,0.00,0.00,0.00,19.7,0.29,0.00,Matchs
134,Adu Ares,es ESP,"AT,MT",Athletic Club,es La Liga,20,2001,0.9,56.7,54.4,2.22,0.00,0.00,1.11,8.89,1.11,1.11,0.00,0.00,0.00,46.7,0.00,1.11,Matchs
135,Joe Aribo,ng NGA,"MT,AT",Southampton,eng Premier League,26,1996,13.6,28.3,27.6,0.66,0.00,0.00,0.00,0.59,0.15,0.00,0.00,0.00,0.00,20.6,0.00,1.18,Matchs
136,Adam Armstrong,eng ENG,"AT,MT",Southampton,eng Premier League,25,1997,14.8,20.4,18.0,2.36,0.00,0.00,0.27,0.95,0.20,0.00,0.00,0.00,0.00,14.9,0.00,1.42,Matchs
137,Stuart Armstrong,sct SCO,"MT,AT",Southampton,eng Premier League,30,1992,15.6,43.3,40.6,2.56,0.26,0.19,0.19,2.37,0.90,0.13,0.00,0.13,0.00,34.0,0.13,1.54,Matchs
138,Marko Arnautović,at AUT,AT,Bologna,it Serie A,33,1989,17.0,27.5,24.7,2.35,0.00,0.18,0.00,0.53,0.24,0.00,0.00,0.00,0.00,19.3,0.41,0.88,Matchs
139,Maximilian Arnold,de GER,MT,Wolfsburg,de Bundesliga,28,1994,30.7,53.5,43.5,9.64,5.77,0.20,01.04,05.02,0.29,2.83,1.86,0.91,0.00,41.3,0.36,0.29,Matchs
140,Mohamed El Arouch,fr FRA,MT,Lyon,fr Ligue 1,18,2004,0.0,2,1,1,0,0,0,1,0,1,1,0,0,1,0,0,Matchs
141,Sergio Arribas,es ESP,"MT,AT",Real Madrid,es La Liga,20,2001,0.2,55.0,45.0,10.0,0.00,0.00,0.00,5.00,0.00,10.0,5.00,0.00,0.00,45.0,0.00,0.00,Matchs
142,Kepa Arrizabalaga,es ESP,GB,Chelsea,eng Premier League,27,1994,28.5,36.7,28.2,8.46,02.07,0.00,0.11,0.00,0.00,0.00,0.00,0.00,0.00,30.6,0.00,0.04,Matchs
143,Roberto Arroyo,es ESP,MT,Valladolid,es La Liga,18,2003,0.2,25.0,25.0,0.00,0.00,0.00,5.00,5.00,0.00,0.00,0.00,0.00,0.00,0.00,0.00,10.0,Matchs
144,Tolgay Arslan,de GER,MT,Udinese,it Serie A,31,1990,13.5,44.8,41.2,3.56,2.00,0.00,1.11,02.07,0.44,01.04,0.52,0.07,0.00,35.9,0.07,01.04,Matchs
145,Ricard Artero,es ESP,"MT,AT",Girona,es La Liga,19,2003,1.5,31.3,31.3,0.00,0.00,0.00,0.00,0.00,0.00,0.00,0.00,0.00,0.00,24.7,0.00,2.00,Matchs
146,Arthur,br BRA,AT,Fiorentina,it Serie A,24,1998,15.9,17.0,15.9,01.01,0.00,0.06,0.06,0.25,0.19,0.00,0.00,0.00,0.00,11.5,0.13,0.88,Matchs
147,Santiago Arzamendia,py PAR,"DF,MT",Cádiz,es La Liga,24,1998,5.4,41.9,34.8,6.48,1.30,0.00,0.56,2.59,4.81,0.37,0.19,0.19,0.00,27.8,0.56,2.96,Matchs
148,Takuma Asano,jp JPN,"AT,MT",Bochum,de Bundesliga,27,1994,19.0,18.0,17.7,0.21,0.05,0.11,0.00,1.47,0.11,0.05,0.00,0.00,0.00,12.5,0.11,0.84,Matchs
149,Santiago Ascacíbar,ar ARG,MT,Cremonese,it Serie A,25,1997,8.1,53.7,50.9,2.59,1.36,0.00,0.49,0.62,0.62,0.62,0.00,0.37,0.00,44.2,0.25,1.11,Matchs
150,Sergio Asenjo,es ESP,GB,Valladolid,es La Liga,33,1989,10.0,35.3,23.4,11.8,2.60,0.00,0.20,0.00,0.00,0.00,0.00,0.00,0.00,23.3,0.10,0.10,Matchs
Clt,Joueur,Nation,Pos,Équipe,Comp,Âge,Naissance,90,Att,Action de jeu,Coup de pied arrêté,CF,Tr,Tr,Ctr,PCF,Co,Rentrant,Sortant,Droit,Cmp,HJ,Balles contrées,Matchs
151,Marco Asensio,es ESP,"AT,MT",Real Madrid,es La Liga,26,1996,16.0,50.1,45.1,4.75,1.13,0.31,0.44,5.13,0.50,3.00,1.56,0.44,0.00,40.6,0.25,1.75,Matchs
152,Kristoffer Askildsen,no NOR,MT,Lecce,it Serie A,21,2001,8.1,33.2,28.9,4.20,1.36,0.00,0.99,2.35,0.62,1.85,0.86,0.74,0.00,20.4,0.12,0.99,Matchs
153,Fisnik Asllani,xk KVX,AT,Hoffenheim,de Bundesliga,19,2002,1.9,33.2,32.6,0.53,0.00,0.00,0.00,1.58,0.00,0.00,0.00,0.00,0.00,19.5,0.00,2.11,Matchs
154,Kristjan Asllani,al ALB,MT,Inter,it Serie A,20,2002,6.6,69.2,64.5,4.55,1.97,0.15,0.76,3.18,0.15,2.42,0.76,1.36,0.00,60.9,0.15,0.61,Matchs
155,Iago Aspas,es ESP,AT,Celta Vigo,es La Liga,34,1987,31.9,38.5,35.9,2.35,0.72,0.47,0.47,1.41,0.34,0.72,0.25,0.19,0.00,29.3,0.19,01.03,Matchs
156,Lorenz Assignon,tg TOG,DF,Rennes,fr Ligue 1,22,2000,2.9,53.4,43.8,9.31,1.72,0.00,0.00,1.38,7.59,0.00,0.00,0.00,0.00,43.8,0.34,0.69,Matchs
157,Youcef Atal,dz ALG,"DF,MT",Nice,fr Ligue 1,26,1996,8.7,58.5,49.7,8.85,1.26,0.11,0.11,4.60,7.59,0.00,0.00,0.00,0.00,46.9,0.00,2.18,Matchs
158,Valentin Atangana Edoa,fr FRA,MT,Reims,fr Ligue 1,16,2005,1.9,25.3,25.3,0.00,0.00,0.00,0.53,0.53,0.00,0.00,0.00,0.00,0.00,21.6,0.00,0.53,Matchs
159,Pierre-Emerick Aubameyang,ga GAB,AT,Chelsea,eng Premier League,33,1989,6.2,17.9,16.3,1.61,0.00,0.00,0.00,0.48,0.00,0.00,0.00,0.00,0.00,13.2,0.00,0.81,Matchs
160,Pierre-Emerick Aubameyang,ga GAB,AT,Barcelona,es La Liga,33,1989,0.1,30.0,30.0,0.00,0.00,0.00,0.00,0.00,0.00,0.00,0.00,0.00,0.00,30.0,0.00,0.00,Matchs
161,Emil Audero,it ITA,GB,Sampdoria,it Serie A,25,1997,25.0,36.8,25.1,11.4,3.44,0.00,0.00,0.00,0.00,0.00,0.00,0.00,0.00,24.7,0.20,0.08,Matchs
162,Tommaso Augello,it ITA,DF,Sampdoria,it Serie A,27,1994,34.0,52.2,41.4,10.7,1.44,0.00,0.15,5.00,8.68,0.62,0.18,0.44,0.00,37.7,0.03,02.09,Matchs
163,Ludwig Augustinsson,se SWE,DF,Aston Villa,eng Premier League,28,1994,0.9,47.8,37.8,10.0,1.11,0.00,0.00,5.56,8.89,0.00,0.00,0.00,0.00,28.9,0.00,0.00,Matchs
164,Ludwig Augustinsson,se SWE,DF,Mallorca,es La Liga,28,1994,1.5,46.7,40.0,6.67,0.00,0.00,0.00,4.00,6.67,0.00,0.00,0.00,0.00,32.7,0.00,0.00,Matchs
165,Serge Aurier,ci CIV,DF,Nott'ham Forest,eng Premier League,29,1992,21.6,43.7,35.1,8.47,0.74,0.05,0.00,1.85,7.73,0.00,0.00,0.00,0.00,30.9,0.09,1.30,Matchs
166,Mathias Autret,fr FRA,"MT,AT",Auxerre,fr Ligue 1,31,1991,14.3,41.7,37.1,4.48,1.40,0.28,1.26,4.55,0.70,1.68,0.91,0.49,0.00,31.5,0.21,01.05,Matchs
167,Ezequiel Ávila,ar ARG,"AT,MT",Osasuna,es La Liga,28,1994,19.0,27.7,25.2,2.26,0.53,0.11,1.26,4.26,0.42,0.79,0.32,0.37,0.00,15.1,0.26,1.11,Matchs
168,Cédric Avinel,gp GLP,DF,Ajaccio,fr Ligue 1,35,1986,19.9,35.9,34.8,01.06,01.06,0.00,0.05,0.00,0.00,0.00,0.00,0.00,0.00,30.5,0.00,0.10,Matchs
169,Taiwo Awoniyi,ng NGA,AT,Nott'ham Forest,eng Premier League,24,1997,15.6,14.3,14.1,0.19,0.00,0.13,0.06,0.19,0.06,0.00,0.00,0.00,0.00,9.17,0.00,0.58,Matchs
170,Yasin Ayari,se SWE,MT,Brighton,eng Premier League,18,2003,0.7,32.9,31.4,0.00,0.00,1.43,0.00,0.00,0.00,0.00,0.00,0.00,0.00,28.6,1.43,0.00,Matchs
171,Mehmet Aydin,de GER,"DF,AT",Schalke 04,de Bundesliga,20,2002,6.3,44.4,34.9,8.89,0.63,0.16,0.16,3.65,8.10,0.16,0.00,0.00,0.00,28.3,0.63,02.06,Matchs
172,André Ayew,gh GHA,"AT,MT",Nott'ham Forest,eng Premier League,32,1989,3.5,20.9,19.4,1.43,0.00,0.00,0.00,0.29,0.00,0.29,0.00,0.00,0.00,15.1,0.00,0.00,Matchs
173,Jordan Ayew,gh GHA,"AT,MT",Crystal Palace,eng Premier League,30,1991,30.2,29.0,28.5,0.43,0.10,0.17,0.03,1.42,0.30,0.00,0.00,0.00,0.00,22.4,0.07,1.13,Matchs
174,Kaan Ayhan,tr TUR,DF,Sassuolo,it Serie A,27,1994,6.1,54.4,51.0,3.28,2.46,0.00,1.15,0.00,0.33,0.00,0.00,0.00,0.00,47.2,0.16,0.33,Matchs
175,Luke Ayling,eng ENG,DF,Leeds United,eng Premier League,30,1991,22.8,49.6,40.0,9.30,0.96,0.00,0.48,2.72,8.33,0.00,0.00,0.00,0.00,34.5,0.35,02.02,Matchs
Clt,Joueur,Nation,Pos,Équipe,Comp,Âge,Naissance,90,Att,Action de jeu,Coup de pied arrêté,CF,Tr,Tr,Ctr,PCF,Co,Rentrant,Sortant,Droit,Cmp,HJ,Balles contrées,Matchs
176,Ayman Azhil,ma MAR,MT,Leverkusen,de Bundesliga,21,2001,0.0,0,0,0,0,0,0,0,0,0,0,0,0,0,0,0,Matchs
177,Sardar Azmoun,ir IRN,"AT,MT",Leverkusen,de Bundesliga,27,1995,10.3,24.0,22.5,1.26,0.00,0.19,0.00,0.00,0.10,0.00,0.00,0.00,0.00,15.7,0.19,0.97,Matchs
178,César Azpilicueta,es ESP,DF,Chelsea,eng Premier League,32,1989,17.0,62.6,52.5,9.94,1.76,0.00,0.00,1.53,8.18,0.00,0.00,0.00,0.00,51.3,0.18,0.82,Matchs
179,Sanoussy Ba,de GER,DF,RB Leipzig,de Bundesliga,18,2004,0.0,0,0,0,0,0,0,0,0,0,0,0,0,0,0,0,Matchs
180,Iddrisu Baba,gh GHA,"MT,DF",Mallorca,es La Liga,26,1996,18.9,30.9,30.2,0.53,0.48,0.05,0.37,0.00,0.05,0.00,0.00,0.00,0.00,25.2,0.16,0.48,Matchs
181,Srđan Babić,rs SRB,DF,Almería,es La Liga,26,1996,33.3,41.2,38.9,2.13,1.95,0.03,0.36,0.06,0.15,0.00,0.00,0.00,0.00,35.2,0.21,0.27,Matchs
182,Loïc Bade,fr FRA,DF,Sevilla,es La Liga,22,2000,16.1,52.6,51.5,0.93,0.75,0.00,0.00,0.25,0.12,0.00,0.00,0.00,0.00,45.7,0.19,0.56,Matchs
183,Loïc Bade,fr FRA,DF,Rennes,fr Ligue 1,22,2000,1.0,59.0,59.0,0.00,0.00,0.00,0.00,0.00,0.00,0.00,0.00,0.00,0.00,52.0,0.00,0.00,Matchs
184,Édgar Badía,es ESP,GB,Elche,es La Liga,30,1992,36.0,29.8,18.5,11.2,2.94,0.00,0.03,0.00,0.00,0.00,0.00,0.00,0.00,22.0,0.11,0.00,Matchs
185,Benoît Badiashile,fr FRA,DF,Chelsea,eng Premier League,21,2001,10.1,85.1,83.2,1.88,1.68,0.10,0.59,0.20,0.20,0.00,0.00,0.00,0.00,76.1,0.10,0.40,Matchs
186,Benoît Badiashile,fr FRA,DF,Monaco,fr Ligue 1,21,2001,9.3,50.3,48.9,1.40,1.40,0.00,0.54,0.00,0.00,0.00,0.00,0.00,0.00,43.3,0.00,0.22,Matchs
187,Alex Baena,es ESP,"MT,AT",Villarreal,es La Liga,21,2001,21.6,39.8,38.5,01.06,0.37,0.97,0.14,1.20,0.09,0.37,0.28,0.00,0.00,31.5,0.23,1.39,Matchs
188,Jaime Báez,uy URU,DF,Cremonese,it Serie A,27,1995,1.1,43.6,40.0,3.64,1.82,0.00,0.00,8.18,0.00,1.82,0.00,0.91,0.00,29.1,0.00,1.82,Matchs
189,Leon Bailey,jm JAM,"AT,MT",Aston Villa,eng Premier League,24,1997,21.9,25.0,23.2,1.83,0.18,0.18,0.23,4.38,0.46,0.82,0.59,0.00,0.00,15.4,0.00,1.42,Matchs
190,Eric Bailly,ci CIV,DF,Marseille,fr Ligue 1,28,1994,6.0,45.7,42.7,2.83,2.17,0.17,0.00,0.00,0.50,0.00,0.00,0.00,0.00,38.5,0.17,0.50,Matchs
191,Dénys Bain,fr FRA,DF,Auxerre,fr Ligue 1,29,1993,1.4,40.0,39.3,0.71,0.71,0.00,0.71,0.00,0.00,0.00,0.00,0.00,0.00,37.1,0.00,0.00,Matchs
192,Brandon Baiye,be BEL,MT,Clermont Foot,fr Ligue 1,21,2000,0.6,53.3,48.3,5.00,5.00,0.00,0.00,0.00,0.00,0.00,0.00,0.00,0.00,45.0,0.00,0.00,Matchs
193,Stefan Bajcetic,es ESP,MT,Liverpool,eng Premier League,17,2004,5.8,44.5,44.0,0.52,0.52,0.00,0.52,0.86,0.00,0.00,0.00,0.00,0.00,34.5,0.00,01.03,Matchs
194,Nedim Bajrami,al ALB,"MT,AT",Empoli,it Serie A,23,1999,10.4,33.5,29.3,4.13,0.87,0.00,0.38,3.37,0.77,1.73,0.96,0.48,0.00,25.0,0.00,0.77,Matchs
195,Nedim Bajrami,al ALB,"AT,MT",Sassuolo,it Serie A,23,1999,9.1,39.0,33.7,5.27,0.99,0.00,0.00,6.26,0.55,3.74,1.87,1.43,0.00,26.9,0.00,1.65,Matchs
196,Cédric Bakambu,cd COD,MT,Marseille,fr Ligue 1,31,1991,0.7,32.9,32.9,0.00,0.00,0.00,0.00,1.43,0.00,0.00,0.00,0.00,0.00,27.1,0.00,1.43,Matchs
197,Tiemoué Bakayoko,fr FRA,MT,Milan,it Serie A,27,1994,0.5,40.0,40.0,0.00,0.00,0.00,0.00,0.00,0.00,0.00,0.00,0.00,0.00,34.0,0.00,0.00,Matchs
198,Mitchel Bakker,nl NED,"DF,MT",Leverkusen,de Bundesliga,22,2000,18.4,52.6,42.9,9.62,0.76,0.05,0.43,1.41,8.80,0.05,0.00,0.00,0.00,41.5,0.05,01.09,Matchs
199,Ridle Baku,de GER,"DF,AT",Wolfsburg,de Bundesliga,24,1998,28.7,54.0,44.8,8.99,0.84,0.07,0.24,2.44,08.08,0.07,0.07,0.00,0.00,42.4,0.24,1.18,Matchs
200,Tommaso Baldanzi,it ITA,MT,Empoli,it Serie A,19,2003,19.7,32.8,30.1,2.64,0.30,0.15,0.20,01.07,0.15,0.30,0.05,0.00,0.00,27.1,0.15,0.96,Matchs
Clt,Joueur,Nation,Pos,Équipe,Comp,Âge,Naissance,90,Att,Action de jeu,Coup de pied arrêté,CF,Tr,Tr,Ctr,PCF,Co,Rentrant,Sortant,Droit,Cmp,HJ,Balles contrées,Matchs
201,Alejandro Balde,es ESP,DF,Barcelona,es La Liga,18,2003,27.5,60.7,52.5,7.89,1.16,0.00,0.18,2.44,6.73,0.00,0.00,0.00,0.00,53.9,0.33,0.69,Matchs
202,Thierno Balde,fr FRA,"DF,MT",Troyes,fr Ligue 1,20,2002,23.9,39.0,31.7,7.24,0.63,0.17,0.08,1.55,6.53,0.08,0.08,0.00,0.00,31.9,0.00,0.79,Matchs
203,Carlos Baleba,cm CMR,MT,Lille,fr Ligue 1,18,2004,5.3,56.6,55.5,0.94,0.94,0.00,0.57,0.19,0.00,0.00,0.00,0.00,0.00,47.0,0.19,1.70,Matchs
204,Mikel Balenziaga,es ESP,DF,Athletic Club,es La Liga,34,1988,1.3,53.1,43.8,8.46,0.00,0.00,0.00,2.31,8.46,0.00,0.00,0.00,0.00,37.7,0.77,0.00,Matchs
205,Leonardo Balerdi,ar ARG,DF,Marseille,fr Ligue 1,23,1999,29.3,56.5,54.8,1.64,1.23,0.07,0.27,0.20,0.20,0.00,0.00,0.00,0.00,47.4,0.03,0.55,Matchs
206,Dominic Ballard,eng ENG,"AT,MT",Southampton,eng Premier League,17,2005,0.3,23.3,16.7,6.67,0.00,0.00,0.00,0.00,3.33,0.00,0.00,0.00,0.00,16.7,0.00,0.00,Matchs
207,Iván Balliu,al ALB,DF,Rayo Vallecano,es La Liga,30,1992,35.9,51.5,39.2,12.0,0.67,0.03,0.06,2.92,11.3,0.00,0.00,0.00,0.00,39.6,0.39,1.28,Matchs
208,Fodé Ballo-Touré,sn SEN,DF,Milan,it Serie A,25,1997,5.8,48.4,37.8,10.7,01.03,0.00,0.17,2.93,9.66,0.00,0.00,0.00,0.00,40.3,0.00,0.34,Matchs
209,Folarin Balogun,us USA,AT,Reims,fr Ligue 1,21,2001,33.3,17.5,15.6,1.65,0.03,0.12,0.09,0.69,0.09,0.00,0.00,0.00,0.00,12.3,0.21,0.63,Matchs
210,Abdoulaye Bamba,ci CIV,DF,Angers,fr Ligue 1,32,1990,15.2,47.4,42.8,4.61,1.12,0.13,0.00,1.25,3.49,0.00,0.00,0.00,0.00,40.7,0.00,0.66,Matchs
211,Jonathan Bamba,ci CIV,AT,Lille,fr Ligue 1,26,1996,30.9,45.5,43.2,2.17,0.58,0.29,0.16,2.56,1.29,0.29,0.06,0.06,0.00,36.4,0.13,1.81,Matchs
212,Patrick Bamford,eng ENG,AT,Leeds United,eng Premier League,28,1993,16.8,19.8,17.5,2.26,0.00,0.06,0.00,0.30,0.06,0.00,0.00,0.00,0.00,13.6,0.06,0.60,Matchs
213,Lameck Banda,zm ZAM,"AT,MT",Lecce,it Serie A,21,2001,18.2,23.5,22.5,0.93,0.05,0.00,0.05,2.80,0.27,0.60,0.27,0.05,0.00,15.3,0.11,1.21,Matchs
214,Filippo Bandinelli,it ITA,MT,Empoli,it Serie A,27,1995,25.1,41.8,38.8,2.75,0.68,0.12,0.32,3.63,1.63,0.36,0.12,0.20,0.00,30.8,0.28,1.67,Matchs
215,Léo Baptistão,br BRA,"AT,MT",Almería,es La Liga,29,1992,19.2,28.1,27.4,0.57,0.10,0.31,0.36,0.94,0.42,0.00,0.00,0.00,0.00,18.7,0.16,1.30,Matchs
216,Shandon Baptiste,gd GRN,MT,Brentford,eng Premier League,24,1998,6.9,42.8,41.6,0.87,0.14,0.29,0.00,1.59,0.43,0.29,0.29,0.00,0.00,35.8,0.29,01.01,Matchs
217,Antonín Barák,cz CZE,MT,Hellas Verona,it Serie A,27,1994,0.3,46.7,43.3,3.33,0.00,0.00,0.00,3.33,0.00,0.00,0.00,0.00,0.00,36.7,0.00,0.00,Matchs
218,Antonín Barák,cz CZE,MT,Fiorentina,it Serie A,27,1994,20.0,36.0,34.5,1.40,0.30,0.25,0.30,0.70,0.35,0.00,0.00,0.00,0.00,29.5,0.10,0.80,Matchs
219,Andrea Barberis,it ITA,MT,Monza,it Serie A,28,1993,3.8,43.7,41.3,2.37,1.58,0.00,0.00,01.05,0.26,0.53,0.00,0.53,0.00,36.8,0.00,0.53,Matchs
220,Tommaso Barbieri,it ITA,DF,Juventus,it Serie A,19,2002,1.2,53.3,40.8,11.7,0.83,0.83,0.00,5.83,10.8,0.00,0.00,0.00,0.00,35.8,0.83,1.67,Matchs
221,Bradley Barcola,fr FRA,"AT,MT",Lyon,fr Ligue 1,19,2002,16.0,29.1,28.8,0.19,0.00,0.00,0.06,1.31,0.19,0.00,0.00,0.00,0.00,20.3,0.19,01.06,Matchs
222,Melvin Bard,fr FRA,DF,Nice,fr Ligue 1,21,2000,27.3,55.1,46.8,8.21,0.81,0.04,0.11,2.56,7.40,0.00,0.00,0.00,0.00,44.0,0.11,1.68,Matchs
223,Francesco Bardi,it ITA,GB,Bologna,it Serie A,30,1992,1.0,23.0,12.0,10.0,1.00,0.00,0.00,0.00,0.00,0.00,0.00,0.00,0.00,18.0,1.00,0.00,Matchs
224,Keidi Bare,al ALB,MT,Espanyol,es La Liga,24,1997,5.6,47.7,46.4,1.25,0.54,0.00,0.36,01.07,0.00,0.18,0.18,0.00,0.00,39.5,0.00,01.07,Matchs
225,Nicolò Barella,it ITA,MT,Inter,it Serie A,25,1997,29.0,55.2,54.0,1.00,0.45,0.21,0.55,2.90,0.28,0.21,0.00,0.07,0.00,45.0,0.21,01.03,Matchs
Clt,Joueur,Nation,Pos,Équipe,Comp,Âge,Naissance,90,Att,Action de jeu,Coup de pied arrêté,CF,Tr,Tr,Ctr,PCF,Co,Rentrant,Sortant,Droit,Cmp,HJ,Balles contrées,Matchs
226,Kike Barja,es ESP,"AT,MT",Osasuna,es La Liga,25,1997,14.6,33.4,31.4,1.92,0.14,0.14,0.14,7.53,0.82,0.89,0.34,0.34,0.00,21.6,0.07,1.44,Matchs
227,Ross Barkley,eng ENG,"MT,AT",Nice,fr Ligue 1,28,1993,10.7,46.4,41.2,5.14,1.21,0.09,0.19,4.30,0.37,3.55,1.78,1.31,0.00,36.5,0.09,01.03,Matchs
228,Aymen Barkok,ma MAR,MT,Mainz 05,de Bundesliga,24,1998,6.5,40.6,38.3,1.85,0.31,0.31,0.15,1.85,01.08,0.46,0.15,0.15,0.00,27.8,0.46,1.54,Matchs
229,Harvey Barnes,eng ENG,"AT,MT",Leicester City,eng Premier League,24,1997,30.1,26.1,25.5,0.33,0.00,0.17,0.03,1.46,0.27,0.00,0.00,0.00,0.00,18.2,0.23,01.03,Matchs
230,Leandro Barreiro Martins,lu LUX,MT,Mainz 05,de Bundesliga,22,2000,23.8,23.4,23.0,0.29,0.29,0.08,0.00,0.25,0.00,0.00,0.00,0.00,0.00,15.9,0.13,0.88,Matchs
231,Enzo Barrenechea,ar ARG,MT,Juventus,it Serie A,21,2001,1.8,63.9,61.7,2.22,1.67,0.00,0.00,0.00,0.56,0.00,0.00,0.00,0.00,54.4,0.00,2.78,Matchs
232,Ander Barrenetxea,es ESP,"AT,DF",Real Sociedad,es La Liga,20,2001,9.8,38.4,35.0,3.27,0.51,0.10,0.10,1.33,2.55,0.20,0.00,0.00,0.00,29.4,0.10,1.94,Matchs
233,Mickaël Barreto,fr FRA,MT,Ajaccio,fr Ligue 1,31,1991,14.7,47.3,41.3,5.65,3.13,0.14,0.27,5.17,0.82,1.63,0.61,0.75,0.00,32.7,0.34,0.95,Matchs
234,Pablo Barrios,es ESP,MT,Atlético Madrid,es La Liga,19,2003,8.0,56.3,54.8,1.13,0.88,0.13,0.63,0.75,0.25,0.00,0.00,0.00,0.00,46.0,0.38,1.50,Matchs
235,Musa Barrow,gm GAM,"AT,MT",Bologna,it Serie A,23,1998,21.8,37.0,32.2,4.31,0.78,0.23,0.78,4.72,0.60,2.29,1.38,0.83,0.00,26.7,0.50,01.01,Matchs
236,Federico Baschirotto,it ITA,DF,Lecce,it Serie A,25,1996,37.0,38.7,35.5,03.05,1.78,0.03,0.59,0.38,1.11,0.00,0.00,0.00,0.00,28.4,0.19,0.38,Matchs
237,Toma Bašić,hr CRO,MT,Lazio,it Serie A,25,1996,5.7,51.4,47.9,3.51,01.05,0.35,0.00,3.51,0.00,1.23,0.53,0.70,0.00,37.5,0.00,2.28,Matchs
238,Alberto Basso,it ITA,MT,Cremonese,it Serie A,18,2004,0.2,10.0,10.0,0.00,0.00,0.00,0.00,0.00,0.00,0.00,0.00,0.00,0.00,10.0,0.00,0.00,Matchs
239,Gil Bastião Dias,pt POR,AT,Stuttgart,de Bundesliga,25,1996,4.4,39.5,38.6,0.91,0.23,0.00,0.45,1.36,0.68,0.00,0.00,0.00,0.00,27.3,0.00,3.18,Matchs
240,Alessandro Bastoni,it ITA,DF,Inter,it Serie A,23,1999,24.0,69.6,62.9,6.33,2.21,0.08,1.00,02.04,3.21,0.00,0.00,0.00,0.00,57.7,0.38,1.00,Matchs
241,Simone Bastoni,it ITA,"MT,DF",Spezia,it Serie A,25,1996,13.2,45.2,36.4,8.64,1.74,0.15,0.38,7.80,3.26,3.64,1.97,1.21,0.00,27.8,0.08,2.88,Matchs
242,Rodrigo Battaglia,ar ARG,MT,Mallorca,es La Liga,31,1991,7.6,30.5,29.5,0.79,0.79,0.00,0.26,0.13,0.00,0.00,0.00,0.00,0.00,24.3,0.26,0.53,Matchs
243,Maximilian Bauer,de GER,DF,Augsburg,de Bundesliga,22,2000,20.5,37.0,35.2,1.66,1.37,0.00,0.34,0.10,0.29,0.00,0.00,0.00,0.00,26.9,0.10,0.54,Matchs
244,Oliver Baumann,de GER,GB,Hoffenheim,de Bundesliga,32,1990,34.0,41.7,31.8,9.76,2.44,0.00,0.18,0.00,0.00,0.00,0.00,0.00,0.00,31.4,0.12,0.03,Matchs
245,Timo Baumgartl,de GER,DF,Union Berlin,de Bundesliga,26,1996,6.2,51.0,48.5,2.42,2.10,0.00,0.48,0.97,0.00,0.00,0.00,0.00,0.00,41.5,0.00,0.32,Matchs
246,Julian Baumgartlinger,at AUT,MT,Augsburg,de Bundesliga,34,1988,6.2,36.8,35.3,1.45,0.65,0.00,0.32,0.32,0.16,0.00,0.00,0.00,0.00,30.5,0.00,0.32,Matchs
247,Christoph Baumgartner,at AUT,"MT,AT",Hoffenheim,de Bundesliga,22,1999,28.5,32.1,29.8,1.96,0.35,0.14,0.32,01.02,01.09,0.04,0.00,0.00,0.00,21.4,0.32,1.47,Matchs
248,Cyrille Bayala,bf BFA,MT,Ajaccio,fr Ligue 1,26,1996,22.3,29.3,27.6,1.57,0.04,0.22,0.00,1.97,1.52,0.00,0.00,0.00,0.00,17.9,0.18,1.43,Matchs
249,Brian Bayeye,,DF,Torino,it Serie A,22,2000,0.7,71.4,54.3,17.1,0.00,0.00,0.00,2.86,17.1,0.00,0.00,0.00,0.00,42.9,0.00,8.57,Matchs
250,Noah Joel Sarenren Bazee,ng NGA,"MT,AT",Augsburg,de Bundesliga,25,1996,0.2,10.0,10.0,0.00,0.00,0.00,0.00,0.00,0.00,0.00,0.00,0.00,0.00,5.00,0.00,5.00,Matchs
Clt,Joueur,Nation,Pos,Équipe,Comp,Âge,Naissance,90,Att,Action de jeu,Coup de pied arrêté,CF,Tr,Tr,Ctr,PCF,Co,Rentrant,Sortant,Droit,Cmp,HJ,Balles contrées,Matchs
251,Gavin Bazunu,ie IRL,GB,Southampton,eng Premier League,20,2002,32.0,36.8,26.5,10.2,2.75,0.00,0.03,0.00,0.00,0.00,0.00,0.00,0.00,22.4,0.19,0.00,Matchs
252,Bebé,cv CPV,AT,Rayo Vallecano,es La Liga,32,1990,0.7,54.3,37.1,15.7,8.57,0.00,2.86,22.9,2.86,4.29,2.86,0.00,0.00,30.0,1.43,2.86,Matchs
253,Ihlas Bebou,tg TOG,"AT,DF",Hoffenheim,de Bundesliga,28,1994,15.7,23.5,21.4,1.91,0.00,0.00,0.13,0.70,1.34,0.00,0.00,0.00,0.00,15.7,0.19,0.76,Matchs
254,Rodrigo Becão,br BRA,DF,Udinese,it Serie A,26,1996,27.6,50.7,42.8,7.83,2.46,0.04,0.36,0.69,5.36,0.00,0.00,0.00,0.00,39.5,0.11,1.12,Matchs
255,Mads Bech Sørensen,dk DEN,"DF,MT",Brentford,eng Premier League,23,1999,0.2,55.0,35.0,20.0,0.00,0.00,0.00,0.00,20.0,0.00,0.00,0.00,0.00,35.0,0.00,0.00,Matchs
256,Julius Beck,dk DEN,MT,Spezia,it Serie A,17,2005,0.1,50.0,50.0,0.00,0.00,0.00,0.00,0.00,0.00,0.00,0.00,0.00,0.00,50.0,0.00,0.00,Matchs
257,Sheraldo Becker,sr SUR,AT,Union Berlin,de Bundesliga,27,1995,28.4,23.0,22.2,0.60,0.11,0.04,0.04,4.89,0.35,0.07,0.00,0.00,0.00,13.6,0.14,1.55,Matchs
258,Jan Bednarek,pl POL,DF,Southampton,eng Premier League,26,1996,18.6,48.5,45.6,2.80,1.88,0.00,0.16,0.05,0.65,0.00,0.00,0.00,0.00,40.5,0.05,0.43,Matchs
259,Jan Bednarek,pl POL,DF,Aston Villa,eng Premier League,26,1996,1.1,60.0,58.2,1.82,1.82,0.00,0.00,0.00,0.00,0.00,0.00,0.00,0.00,54.5,0.00,0.91,Matchs
260,Donny van de Beek,nl NED,MT,Manchester Utd,eng Premier League,25,1997,1.9,32.1,29.5,1.58,0.00,0.00,0.00,0.00,0.00,0.53,0.00,0.00,0.00,24.2,01.05,2.11,Matchs
261,Asmir Begović,ba BIH,GB,Everton,eng Premier League,35,1987,1.0,30.0,21.0,9.00,1.00,0.00,0.00,0.00,0.00,0.00,0.00,0.00,0.00,21.0,0.00,0.00,Matchs
262,Yanis Begraoui,ma MAR,"AT,MT",Toulouse,fr Ligue 1,21,2001,0.7,27.1,24.3,2.86,0.00,0.00,0.00,0.00,0.00,0.00,0.00,0.00,0.00,20.0,0.00,0.00,Matchs
263,Kevin Behrens,de GER,AT,Union Berlin,de Bundesliga,31,1991,17.1,28.2,27.5,0.47,0.00,0.12,0.00,0.47,0.18,0.00,0.00,0.00,0.00,16.5,0.23,0.64,Matchs
264,Alexis Beka Beka,fr FRA,"MT,DF",Nice,fr Ligue 1,21,2001,6.1,49.7,47.2,2.46,0.33,0.00,0.33,2.79,1.48,0.66,0.33,0.00,0.00,38.7,0.00,0.82,Matchs
265,Jérémie Bela,ao ANG,"DF,MT",Clermont Foot,fr Ligue 1,29,1993,8.3,31.3,26.6,4.70,0.12,0.00,0.12,4.10,3.86,0.60,0.12,0.48,0.00,21.0,0.00,2.17,Matchs
266,Reda Belahyane,fr FRA,MT,Nice,fr Ligue 1,18,2004,2.0,57.0,56.5,0.50,0.00,0.00,0.50,0.00,0.50,0.00,0.00,0.00,0.00,51.5,0.00,1.00,Matchs
267,Youcef Belaïli,dz ALG,"MT,AT",Ajaccio,fr Ligue 1,30,1992,12.8,35.8,31.0,4.38,1.72,0.39,0.16,3.28,0.94,1.17,0.31,0.47,0.00,25.6,0.39,01.02,Matchs
268,Youcef Belaïli,dz ALG,"AT,MT",Brest,fr Ligue 1,30,1992,4.0,39.5,34.0,5.50,1.75,0.25,1.75,5.25,0.25,3.50,2.50,1.00,0.00,28.5,0.00,1.75,Matchs
269,Haris Belkebla,dz ALG,MT,Brest,fr Ligue 1,28,1994,29.5,41.4,40.3,01.02,0.68,0.03,0.37,0.37,0.10,0.00,0.00,0.00,0.00,35.0,0.14,0.95,Matchs
270,Stefan Bell,de GER,DF,Mainz 05,de Bundesliga,30,1991,26.6,46.9,45.4,1.28,1.20,0.04,0.19,0.56,0.08,0.00,0.00,0.00,0.00,35.5,0.26,0.49,Matchs
271,Armel Bella Kotchap,de GER,DF,Southampton,eng Premier League,20,2001,20.9,44.8,43.4,1.34,1.00,0.05,0.43,0.19,0.24,0.00,0.00,0.00,0.00,35.8,0.05,0.57,Matchs
272,Raoul Bellanova,it ITA,DF,Inter,it Serie A,22,2000,5.5,55.6,49.8,5.82,0.00,0.00,0.73,5.82,5.82,0.00,0.00,0.00,0.00,43.3,0.00,1.45,Matchs
273,Karim Bellarabi,de GER,"AT,MT",Leverkusen,de Bundesliga,32,1990,0.9,63.3,62.2,1.11,0.00,0.00,0.00,8.89,1.11,0.00,0.00,0.00,0.00,41.1,0.00,1.11,Matchs
274,Jean-Ricner Bellegarde,fr FRA,"MT,AT",Strasbourg,fr Ligue 1,24,1998,26.9,46.2,41.4,4.54,1.23,0.22,0.26,4.57,0.86,2.27,0.67,1.30,0.00,35.4,0.22,0.78,Matchs
275,Héctor Bellerín,es ESP,DF,Barcelona,es La Liga,27,1995,1.6,60.0,51.3,8.13,0.63,0.63,0.00,1.88,7.50,0.00,0.00,0.00,0.00,48.1,0.63,1.88,Matchs
Clt,Joueur,Nation,Pos,Équipe,Comp,Âge,Naissance,90,Att,Action de jeu,Coup de pied arrêté,CF,Tr,Tr,Ctr,PCF,Co,Rentrant,Sortant,Droit,Cmp,HJ,Balles contrées,Matchs
276,Jude Bellingham,eng ENG,MT,Dortmund,de Bundesliga,19,2003,29.9,54.9,52.9,1.84,1.14,0.30,1.00,1.10,0.57,0.03,0.00,0.00,0.00,44.9,0.17,1.24,Matchs
277,Jeanöel Belocian,fr FRA,DF,Rennes,fr Ligue 1,17,2005,5.6,55.0,49.6,5.36,0.54,0.00,0.18,0.54,4.82,0.00,0.00,0.00,0.00,48.9,0.00,0.71,Matchs
278,Andrea Belotti,it ITA,AT,Roma,it Serie A,28,1993,12.7,20.3,19.0,01.02,0.08,0.08,0.08,0.47,0.24,0.00,0.00,0.00,0.00,13.5,0.31,1.10,Matchs
279,Fran Beltrán,es ESP,MT,Celta Vigo,es La Liga,23,1999,31.7,57.3,52.6,4.64,2.78,0.00,0.38,1.61,0.25,1.20,0.57,0.44,0.03,50.6,0.06,0.60,Matchs
280,Eliesse Ben Seghir,fr FRA,"AT,MT",Monaco,fr Ligue 1,17,2005,11.7,37.3,35.6,1.62,0.09,0.43,0.26,0.60,0.17,0.26,0.17,0.09,0.00,29.2,0.00,1.11,Matchs
281,Salim Ben Seghir,fr FRA,MT,Marseille,fr Ligue 1,19,2003,0.0,2,2,0,0,0,0,0,0,0,0,0,0,2,0,0,Matchs
282,Wissam Ben Yedder,fr FRA,AT,Monaco,fr Ligue 1,31,1990,23.5,25.7,23.3,2.26,0.04,0.04,0.04,0.72,0.09,0.00,0.00,0.00,0.00,19.1,0.17,0.85,Matchs
283,Marco Benassi,it ITA,DF,Fiorentina,it Serie A,27,1994,1.0,105.0,94.0,11.0,5.00,0.00,4.00,7.00,6.00,0.00,0.00,0.00,0.00,91.0,0.00,1.00,Matchs
284,Marco Benassi,it ITA,MT,Cremonese,it Serie A,27,1994,11.1,31.0,27.1,3.69,0.54,0.09,0.18,2.16,0.45,1.17,0.27,0.72,0.00,22.3,0.18,1.26,Matchs
285,Iker Benito,es ESP,"AT,MT",Osasuna,es La Liga,19,2002,2.0,21.0,20.5,0.50,0.00,0.00,0.50,3.00,0.50,0.00,0.00,0.00,0.00,15.5,0.00,0.50,Matchs
286,Ismaël Bennacer,dz ALG,MT,Milan,it Serie A,24,1997,22.3,63.8,58.7,05.02,2.42,0.18,0.49,3.54,0.22,2.29,0.85,1.21,0.00,54.7,0.09,0.72,Matchs
287,Saïd Benrahma,dz ALG,"AT,MT",West Ham,eng Premier League,26,1995,23.0,34.6,33.5,0.87,0.04,0.22,0.09,3.61,0.35,0.17,0.17,0.00,0.00,26.0,0.22,1.26,Matchs
288,Ramy Bensebaini,dz ALG,DF,M'Gladbach,de Bundesliga,27,1995,27.6,55.3,44.3,10.6,1.74,0.36,0.14,1.12,8.84,0.00,0.00,0.00,0.00,43.2,0.33,1.34,Matchs
289,Nabil Bentaleb,dz ALG,MT,Angers,fr Ligue 1,27,1994,27.7,66.9,59.9,6.68,4.44,0.25,0.72,3.47,0.04,2.20,1.77,0.40,0.00,54.6,0.29,0.79,Matchs
290,Rodrigo Bentancur,uy URU,MT,Tottenham,eng Premier League,25,1997,16.7,52.7,51.0,1.50,0.66,0.18,0.18,0.96,0.24,0.06,0.00,0.00,0.00,44.2,0.18,1.14,Matchs
291,Daniel Bentley,eng ENG,GB,Wolves,eng Premier League,29,1993,2.0,40.0,26.0,14.0,2.50,0.00,0.00,0.00,0.00,0.00,0.00,0.00,0.00,30.5,0.00,0.00,Matchs
292,Karim Benzema,fr FRA,AT,Real Madrid,es La Liga,34,1987,22.6,47.3,44.8,2.30,0.18,0.40,0.31,0.13,0.18,0.40,0.00,0.00,0.00,40.9,0.27,1.11,Matchs
293,Domenico Berardi,it ITA,AT,Sassuolo,it Serie A,27,1994,20.7,43.9,40.1,3.67,01.01,0.29,1.88,04.01,0.58,02.08,1.21,0.29,0.00,29.7,0.10,1.45,Matchs
294,Yuri Berchiche,es ESP,DF,Athletic Club,es La Liga,32,1990,26.7,59.2,47.3,11.6,1.65,0.07,0.82,2.47,10.0,0.00,0.00,0.00,0.00,48.8,0.22,1.27,Matchs
295,Álex Berenguer,es ESP,AT,Athletic Club,es La Liga,27,1995,25.5,37.5,31.1,5.92,1.37,0.00,0.08,6.35,0.59,3.92,1.41,1.25,0.04,24.7,0.47,1.22,Matchs
296,Bartosz Bereszyński,pl POL,DF,Sampdoria,it Serie A,30,1992,13.3,48.4,36.1,12.1,2.11,0.00,0.08,2.33,10.0,0.00,0.00,0.00,0.00,35.4,0.23,1.43,Matchs
297,Bartosz Bereszyński,pl POL,DF,Napoli,it Serie A,30,1992,1.8,58.3,46.7,11.7,0.56,0.00,1.11,0.00,11.1,0.00,0.00,0.00,0.00,48.3,0.00,1.67,Matchs
298,Patrick Berg,no NOR,"MT,AT",Lens,fr Ligue 1,24,1997,0.3,66.7,66.7,0.00,0.00,0.00,0.00,0.00,0.00,0.00,0.00,0.00,0.00,56.7,0.00,3.33,Matchs
299,Mitchell van Bergen,nl NED,"AT,DF",Reims,fr Ligue 1,22,1999,10.1,30.0,26.7,3.27,0.99,0.10,0.00,5.84,0.50,1.49,0.50,0.79,0.00,20.3,0.00,01.09,Matchs
300,Mergim Berisha,de GER,AT,Augsburg,de Bundesliga,24,1998,18.7,18.3,14.3,3.90,0.96,0.05,0.05,4.12,0.00,1.82,0.96,0.86,0.00,8.61,0.11,0.96,Matchs
Clt,Joueur,Nation,Pos,Équipe,Comp,Âge,Naissance,90,Att,Action de jeu,Coup de pied arrêté,CF,Tr,Tr,Ctr,PCF,Co,Rentrant,Sortant,Droit,Cmp,HJ,Balles contrées,Matchs
301,Quentin Bernard,fr FRA,DF,Auxerre,fr Ligue 1,33,1989,7.0,59.6,49.3,9.86,1.71,0.00,0.57,2.00,8.14,0.00,0.00,0.00,0.00,46.3,0.43,1.14,Matchs
302,Paul Bernardoni,fr FRA,GB,Angers,fr Ligue 1,25,1997,27.0,24.7,15.4,9.19,2.33,0.00,0.00,0.00,0.00,0.00,0.00,0.00,0.00,16.2,0.11,0.04,Matchs
303,Juan Bernat,es ESP,"DF,MT",Paris S-G,fr Ligue 1,29,1993,18.3,57.3,51.9,5.36,0.55,0.00,0.11,0.87,4.81,0.00,0.00,0.00,0.00,53.0,0.05,0.66,Matchs
304,Victor Bernth Kristiansen,dk DEN,DF,Leicester City,eng Premier League,19,2002,9.9,50.1,38.0,11.8,0.61,0.10,0.00,2.93,10.1,1.11,0.61,0.40,0.00,33.0,0.30,1.62,Matchs
305,Jason Berthomier,fr FRA,MT,Clermont Foot,fr Ligue 1,32,1990,0.3,63.3,56.7,6.67,3.33,0.00,0.00,0.00,0.00,3.33,0.00,0.00,0.00,63.3,0.00,0.00,Matchs
306,Marco Bertini,it ITA,MT,Lazio,it Serie A,19,2002,0.0,0,0,0,0,0,0,0,0,0,0,0,0,0,0,0,Matchs
307,Beto,gw GNB,AT,Udinese,it Serie A,24,1998,23.7,12.6,12.2,0.38,0.00,0.00,0.00,0.38,0.00,0.00,0.00,0.00,0.00,08.02,0.04,0.46,Matchs
308,Owen Bevan,wls WAL,DF,Bournemouth,eng Premier League,18,2003,0.1,30.0,30.0,0.00,0.00,0.00,0.00,0.00,0.00,0.00,0.00,0.00,0.00,20.0,0.00,10.0,Matchs
309,Matteo Bianchetti,it ITA,DF,Cremonese,it Serie A,29,1993,23.7,39.5,36.7,2.57,1.86,0.00,0.08,0.13,0.04,0.00,0.00,0.00,0.00,30.8,0.17,0.34,Matchs
310,Alessandro Bianco,it ITA,MT,Fiorentina,it Serie A,19,2002,1.7,45.9,44.7,1.18,1.18,0.00,1.76,0.59,0.00,0.00,0.00,0.00,0.00,39.4,0.00,0.00,Matchs
311,Giulian Biancone,fr FRA,DF,Nott'ham Forest,eng Premier League,22,2000,0.2,105.0,95.0,10.0,0.00,0.00,0.00,5.00,10.0,0.00,0.00,0.00,0.00,75.0,0.00,0.00,Matchs
312,Ermin Bičakčić,ba BIH,DF,Hoffenheim,de Bundesliga,32,1990,2.9,33.1,31.4,1.72,0.69,0.00,0.34,0.34,0.69,0.00,0.00,0.00,0.00,23.4,0.00,0.34,Matchs
313,Pedro Bigas,es ESP,DF,Elche,es La Liga,31,1990,22.4,47.0,43.6,03.04,2.32,0.00,0.80,0.22,0.58,0.00,0.00,0.00,0.00,37.6,0.40,0.45,Matchs
314,Jaka Bijol,si SVN,DF,Udinese,it Serie A,23,1999,30.3,45.6,44.3,1.16,0.92,0.13,0.43,0.03,0.03,0.00,0.00,0.00,0.00,38.6,0.17,0.17,Matchs
315,El Bilal Touré,ml MLI,AT,Almería,es La Liga,20,2001,14.0,18.4,16.5,1.79,0.00,0.00,0.00,0.29,0.00,0.00,0.00,0.00,0.00,13.1,0.14,0.57,Matchs
316,El Bilal Touré,ml MLI,AT,Reims,fr Ligue 1,20,2001,1.0,20.0,16.0,4.00,0.00,0.00,0.00,0.00,0.00,0.00,0.00,0.00,0.00,16.0,0.00,1.00,Matchs
317,Philip Billing,dk DEN,"MT,AT",Bournemouth,eng Premier League,26,1996,30.7,34.4,32.9,1.40,0.65,0.16,0.33,1.24,0.20,0.33,0.16,0.03,0.00,26.5,0.10,01.04,Matchs
318,Jean-Claude Billong,cm CMR,MT,Clermont Foot,fr Ligue 1,28,1993,0.3,113.3,110.0,3.33,3.33,0.00,0.00,3.33,0.00,0.00,0.00,0.00,0.00,110.0,0.00,0.00,Matchs
319,Cristiano Biraghi,it ITA,DF,Fiorentina,it Serie A,29,1992,28.3,70.5,50.9,19.4,3.32,0.00,0.95,10.6,10.3,5.72,2.51,2.23,0.00,50.6,0.21,1.31,Matchs
320,Samuele Birindelli,it ITA,DF,Monza,it Serie A,23,1999,15.6,49.8,42.2,7.56,0.26,0.00,0.32,4.49,7.31,0.00,0.00,0.00,0.00,36.7,0.00,0.96,Matchs
321,Veljko Birmančević,rs SRB,"AT,MT",Toulouse,fr Ligue 1,24,1998,4.9,32.9,31.0,01.02,0.20,0.00,0.41,01.02,0.61,0.20,0.00,0.00,0.00,21.8,0.82,01.02,Matchs
322,Tom Bischof,de GER,"MT,AT",Hoffenheim,de Bundesliga,17,2005,3.5,34.6,33.1,1.43,0.57,0.29,0.00,2.00,0.29,0.57,0.57,0.00,0.00,24.0,0.00,1.71,Matchs
323,Yves Bissouma,ml MLI,MT,Tottenham,eng Premier League,25,1996,11.2,65.4,63.8,1.43,0.98,0.09,0.45,0.18,0.09,0.00,0.00,0.00,0.00,59.5,0.27,01.07,Matchs
324,Kristijan Bistrović,hr CRO,MT,Lecce,it Serie A,24,1998,5.1,27.5,23.3,4.12,2.16,0.00,0.59,4.12,0.00,1.37,0.59,0.59,0.00,19.8,0.00,1.18,Matchs
325,Leonardo Bittencourt,de GER,"MT,DF",Werder Bremen,de Bundesliga,28,1993,18.1,43.8,41.8,1.93,0.17,0.11,0.33,2.71,1.71,0.06,0.06,0.00,0.00,32.0,0.06,1.55,Matchs
Clt,Joueur,Nation,Pos,Équipe,Comp,Âge,Naissance,90,Att,Action de jeu,Coup de pied arrêté,CF,Tr,Tr,Ctr,PCF,Co,Rentrant,Sortant,Droit,Cmp,HJ,Balles contrées,Matchs
326,Marco Bizot,nl NED,GB,Brest,fr Ligue 1,31,1991,37.0,29.6,19.4,10.2,2.41,0.00,0.03,0.00,0.00,0.00,0.00,0.00,0.00,21.6,0.03,0.00,Matchs
327,Lautaro Blanco,ar ARG,"DF,MT",Elche,es La Liga,23,1999,9.7,42.9,34.1,8.56,0.21,0.00,0.31,8.87,8.25,0.10,0.00,0.00,0.10,24.2,0.21,1.75,Matchs
328,Rubén Blanco,es ESP,GB,Marseille,fr Ligue 1,27,1995,5.5,37.5,29.1,8.36,0.91,0.00,0.00,0.00,0.00,0.00,0.00,0.00,0.00,30.2,0.00,0.00,Matchs
329,Ludovic Blas,fr FRA,"MT,AT",Nantes,fr Ligue 1,24,1997,31.3,37.9,33.5,4.19,1.63,0.10,0.80,04.09,0.51,1.60,0.89,0.61,0.00,29.8,0.22,0.64,Matchs
330,Janis Blaswich,de GER,GB,RB Leipzig,de Bundesliga,31,1991,26.0,43.9,36.6,7.31,1.31,0.00,0.04,0.00,0.00,0.00,0.00,0.00,0.00,38.0,0.04,0.08,Matchs
331,Miha Blažič,si SVN,DF,Angers,fr Ligue 1,29,1993,22.0,53.7,51.3,2.36,2.18,0.05,0.23,0.05,0.14,0.00,0.00,0.00,0.00,47.0,0.05,0.05,Matchs
332,Joaquín Blázquez,ar ARG,GB,Brest,fr Ligue 1,21,2001,1.0,29.0,13.0,16.0,5.00,0.00,1.00,0.00,0.00,0.00,0.00,0.00,0.00,21.0,0.00,1.00,Matchs
333,Alexis Blin,fr FRA,MT,Lecce,it Serie A,25,1996,26.4,36.5,34.2,2.23,0.57,0.04,0.42,01.06,0.76,0.08,0.04,0.00,0.00,29.0,0.04,0.61,Matchs
334,Daley Blind,nl NED,"DF,MT",Bayern Munich,de Bundesliga,32,1990,1.5,66.7,61.3,4.67,4.00,0.00,0.67,0.67,0.67,0.00,0.00,0.00,0.00,58.0,0.67,0.67,Matchs
335,Myron Boadu,nl NED,AT,Monaco,fr Ligue 1,21,2001,3.3,17.3,16.4,0.91,0.00,0.00,0.00,0.30,0.00,0.00,0.00,0.00,0.00,11.8,0.00,0.61,Matchs
336,Jérôme Boateng,de GER,DF,Lyon,fr Ligue 1,33,1988,4.8,46.5,45.2,1.25,01.04,0.21,0.21,0.21,0.00,0.00,0.00,0.00,0.00,37.3,0.00,0.21,Matchs
337,Kevin-Prince Boateng,gh GHA,MT,Hertha BSC,de Bundesliga,35,1987,5.2,48.5,43.1,5.19,1.73,0.19,0.00,1.35,1.92,0.00,0.00,0.00,0.00,35.6,0.19,0.19,Matchs
338,Antonin Bobichon,fr FRA,MT,Angers,fr Ligue 1,26,1995,0.2,100.0,95.0,5.00,0.00,5.00,0.00,10.0,0.00,5.00,5.00,0.00,0.00,60.0,0.00,10.0,Matchs
339,Jean-Paul Boëtius,nl NED,MT,Hertha BSC,de Bundesliga,28,1994,11.7,36.0,33.3,2.22,1.62,0.34,0.60,0.43,0.00,0.00,0.00,0.00,0.00,25.9,0.43,0.60,Matchs
340,Jeremie Boga,ci CIV,"MT,AT",Atalanta,it Serie A,25,1997,8.7,54.6,49.5,4.94,0.92,0.34,0.34,6.32,0.69,3.33,1.61,1.15,0.00,43.8,0.11,0.92,Matchs
341,Emil Bohinen,no NOR,MT,Salernitana,it Serie A,23,1999,9.2,52.1,49.9,02.07,1.85,0.00,0.33,0.33,0.00,0.22,0.00,0.22,0.00,43.9,0.11,1.30,Matchs
342,Quentin Boisgard,fr FRA,MT,Lorient,fr Ligue 1,25,1997,2.0,49.0,45.5,3.50,0.50,0.00,0.00,4.00,0.00,2.50,1.50,1.00,0.00,39.5,0.00,1.00,Matchs
343,Willy Boly,ci CIV,DF,Nott'ham Forest,eng Premier League,31,1991,7.6,33.9,33.4,0.53,0.39,0.00,0.00,0.00,0.13,0.00,0.00,0.00,0.00,25.5,0.00,0.39,Matchs
344,Giacomo Bonaventura,it ITA,MT,Fiorentina,it Serie A,32,1989,21.2,43.2,40.8,2.41,1.27,0.19,0.28,2.26,0.24,0.38,0.00,0.24,0.00,35.6,0.05,1.13,Matchs
345,Federico Bonazzoli,it ITA,"AT,MT",Salernitana,it Serie A,25,1997,12.4,28.5,26.2,2.26,0.24,0.24,01.05,0.32,0.00,0.00,0.00,0.00,0.00,21.3,0.08,1.13,Matchs
346,Warren Bondo,fr FRA,MT,Monza,it Serie A,18,2003,0.7,72.9,68.6,4.29,2.86,0.00,0.00,0.00,1.43,0.00,0.00,0.00,0.00,64.3,0.00,1.43,Matchs
347,Theo Bongonda,cd COD,"MT,AT",Cádiz,es La Liga,26,1995,21.5,22.7,20.3,2.23,0.79,0.09,0.09,3.16,0.33,1.12,0.51,0.14,0.00,15.3,0.19,0.84,Matchs
348,Kevin Bonifazi,it ITA,DF,Bologna,it Serie A,26,1996,10.0,72.2,70.2,1.90,1.70,0.20,0.50,0.20,0.10,0.00,0.00,0.00,0.00,64.3,0.10,0.10,Matchs
349,Leonardo Bonucci,it ITA,DF,Juventus,it Serie A,35,1987,9.8,59.2,55.0,04.08,1.33,0.10,0.61,0.00,0.10,0.00,0.00,0.00,0.00,51.8,0.10,0.20,Matchs
350,Neto Borges,br BRA,DF,Clermont Foot,fr Ligue 1,25,1996,31.5,47.5,38.3,09.02,0.67,0.13,0.03,2.67,8.13,0.00,0.00,0.00,0.00,36.9,0.13,1.27,Matchs
Clt,Joueur,Nation,Pos,Équipe,Comp,Âge,Naissance,90,Att,Action de jeu,Coup de pied arrêté,CF,Tr,Tr,Ctr,PCF,Co,Rentrant,Sortant,Droit,Cmp,HJ,Balles contrées,Matchs
351,Yvandro Borges Sanches,lu LUX,"AT,MT",M'Gladbach,de Bundesliga,18,2004,0.3,30.0,26.7,3.33,0.00,0.00,0.00,6.67,0.00,0.00,0.00,0.00,0.00,26.7,0.00,0.00,Matchs
352,Sebastiaan Bornauw,be BEL,DF,Wolfsburg,de Bundesliga,23,1999,21.4,57.7,55.0,2.66,1.59,0.00,0.19,0.14,0.37,0.00,0.00,0.00,0.00,49.6,0.00,0.65,Matchs
353,Rafael Borré,co COL,"MT,AT",Eint Frankfurt,de Bundesliga,26,1995,12.0,35.2,33.5,1.42,0.17,0.17,0.08,1.83,0.33,0.17,0.00,0.00,0.00,24.5,0.25,1.25,Matchs
354,Erik Botheim,no NOR,"MT,AT",Salernitana,it Serie A,22,2000,9.6,24.1,23.5,0.42,0.00,0.10,0.00,0.52,0.10,0.00,0.00,0.00,0.00,17.2,0.10,0.94,Matchs
355,Sven Botman,nl NED,DF,Newcastle Utd,eng Premier League,22,2000,34.7,50.9,49.5,1.21,0.92,0.00,0.86,0.03,0.12,0.00,0.00,0.00,0.00,44.0,0.17,0.20,Matchs
356,Kenji-Van Boto,mg MAD,DF,Auxerre,fr Ligue 1,26,1996,2.0,34.5,27.5,7.00,1.00,0.00,0.00,2.00,6.00,0.00,0.00,0.00,0.00,24.0,0.00,1.50,Matchs
357,Kouamé Botué,bf BFA,"AT,MT",Ajaccio,fr Ligue 1,19,2002,2.5,18.8,18.8,0.00,0.00,0.00,0.00,0.00,0.00,0.00,0.00,0.00,0.00,13.2,0.00,0.40,Matchs
358,Badredine Bouanani,dz ALG,"AT,MT",Nice,fr Ligue 1,17,2004,9.6,39.4,36.7,2.60,0.63,0.63,0.52,4.90,0.63,1.35,0.63,0.21,0.00,30.0,0.10,1.25,Matchs
359,Hicham Boudaoui,dz ALG,MT,Nice,fr Ligue 1,22,1999,20.8,58.9,57.6,1.20,1.11,0.24,0.00,1.11,0.05,0.05,0.00,0.00,0.00,52.0,0.10,1.25,Matchs
360,Franci Bouebari,fr FRA,DF,Strasbourg,fr Ligue 1,18,2003,0.8,28.8,18.8,10.0,0.00,0.00,0.00,1.25,10.0,0.00,0.00,0.00,0.00,16.3,0.00,1.25,Matchs
361,Sofiane Boufal,ma MAR,"AT,MT",Angers,fr Ligue 1,28,1993,9.3,52.4,48.0,4.19,1.18,0.43,0.65,3.98,01.08,1.72,01.08,0.00,0.00,39.8,0.22,1.40,Matchs
362,Yassine Bounou,ma MAR,GB,Sevilla,es La Liga,31,1991,23.9,39.7,30.8,8.87,02.09,0.00,0.08,0.00,0.00,0.00,0.00,0.00,0.00,30.0,0.08,0.00,Matchs
363,Ismaëlben Boura,fr FRA,"DF,AT",Lens,fr Ligue 1,21,2000,1.0,64.0,58.0,6.00,0.00,0.00,0.00,7.00,6.00,0.00,0.00,0.00,0.00,47.0,0.00,2.00,Matchs
364,Mehdi Bourabia,ma MAR,MT,Spezia,it Serie A,30,1991,30.8,41.6,39.2,2.14,0.94,0.16,0.13,02.08,0.23,0.97,0.68,0.13,0.00,31.9,0.26,1.23,Matchs
365,Benjamin Bourigeaud,fr FRA,"MT,AT",Rennes,fr Ligue 1,28,1994,34.1,58.9,51.8,6.74,1.85,0.38,0.67,6.77,1.14,3.75,1.32,1.88,0.00,44.1,0.32,1.17,Matchs
366,Edoardo Bove,it ITA,MT,Roma,it Serie A,20,2002,11.0,36.9,33.9,3.00,0.73,0.18,0.18,0.82,1.45,0.36,0.09,0.09,0.00,28.1,0.00,01.09,Matchs
367,Jarrod Bowen,eng ENG,"AT,MT",West Ham,eng Premier League,25,1996,35.9,24.5,21.4,03.04,0.31,0.17,0.11,4.43,0.08,2.51,2.37,0.00,0.00,15.4,0.11,1.62,Matchs
368,Lucas Boyé,ar ARG,AT,Elche,es La Liga,26,1996,27.4,23.7,21.6,02.01,0.04,0.07,0.26,0.55,0.00,0.00,0.00,0.00,0.00,18.6,0.15,01.09,Matchs
369,Jayden Braaf,nl NED,"MT,AT",Hellas Verona,it Serie A,19,2002,3.2,24.4,23.8,0.31,0.31,0.00,0.00,1.56,0.00,0.00,0.00,0.00,0.00,18.8,0.31,1.88,Matchs
370,Domagoj Bradarić,hr CRO,DF,Salernitana,it Serie A,22,1999,25.0,46.2,35.9,10.2,1.48,0.00,0.24,2.72,8.48,0.20,0.04,0.04,0.00,34.3,0.12,1.12,Matchs
371,Bilal Brahimi,dz ALG,"AT,MT",Nice,fr Ligue 1,22,2000,8.9,43.7,39.9,3.82,0.67,0.11,0.34,8.54,1.69,1.12,0.56,0.22,0.00,31.5,0.00,1.91,Matchs
372,Martin Braithwaite,dk DEN,"AT,MT",Espanyol,es La Liga,31,1991,27.3,16.3,15.6,0.62,0.00,0.11,0.07,0.73,0.00,0.00,0.00,0.00,0.00,10.8,0.07,0.77,Matchs
373,Juan Brandáriz,es ESP,DF,Almería,es La Liga,23,1999,16.5,48.8,42.2,6.48,1.70,0.00,0.18,0.48,4.55,0.00,0.00,0.00,0.00,40.2,0.12,0.85,Matchs
374,Julian Brandt,de GER,"MT,AT",Dortmund,de Bundesliga,26,1996,26.6,51.4,45.5,5.75,0.83,0.23,0.68,6.20,0.53,4.29,1.35,2.14,0.11,39.6,0.19,1.24,Matchs
375,Darko Brašanac,rs SRB,MT,Osasuna,es La Liga,30,1992,11.6,32.4,30.3,1.98,0.69,0.00,0.00,0.60,0.17,0.00,0.00,0.00,0.00,26.4,0.17,0.86,Matchs
Clt,Joueur,Nation,Pos,Équipe,Comp,Âge,Naissance,90,Att,Action de jeu,Coup de pied arrêté,CF,Tr,Tr,Ctr,PCF,Co,Rentrant,Sortant,Droit,Cmp,HJ,Balles contrées,Matchs
376,Lilian Brassier,fr FRA,DF,Brest,fr Ligue 1,22,1999,34.4,47.5,42.2,05.03,2.12,0.03,0.47,0.96,2.91,0.00,0.00,0.00,0.00,36.5,0.23,0.67,Matchs
377,Claudio Bravo,cl CHI,GB,Betis,es La Liga,39,1983,12.0,32.7,20.1,12.3,3.92,0.00,0.17,0.00,0.00,0.00,0.00,0.00,0.00,19.3,0.25,0.00,Matchs
378,Fabian Bredlow,de GER,GB,Stuttgart,de Bundesliga,27,1995,15.0,39.7,31.9,7.73,1.67,0.00,0.00,0.00,0.00,0.00,0.00,0.00,0.00,34.0,0.07,0.00,Matchs
379,James Bree,eng ENG,DF,Southampton,eng Premier League,24,1997,4.1,43.4,36.6,6.83,0.49,0.00,0.24,3.17,6.34,0.00,0.00,0.00,0.00,32.4,0.00,0.98,Matchs
380,Josip Brekalo,hr CRO,"AT,MT",Fiorentina,it Serie A,24,1998,2.5,40.0,39.2,0.80,0.00,0.00,0.40,4.00,0.40,0.40,0.40,0.00,0.00,30.4,0.00,1.60,Matchs
381,Josip Brekalo,hr CRO,"MT,AT",Wolfsburg,de Bundesliga,24,1998,3.0,49.3,44.0,5.33,1.33,0.00,1.00,4.33,1.67,1.33,1.33,0.00,0.00,34.3,0.00,3.00,Matchs
382,Gleison Bremer,br BRA,DF,Juventus,it Serie A,25,1997,29.3,56.9,54.8,02.01,0.75,0.00,0.27,0.00,0.10,0.00,0.00,0.00,0.00,51.3,0.07,0.34,Matchs
383,Armando Broja,al ALB,AT,Chelsea,eng Premier League,20,2001,3.3,16.1,15.5,0.61,0.00,0.00,0.30,0.00,0.00,0.00,0.00,0.00,0.00,10.0,0.00,0.00,Matchs
384,Dylan Bronn,tn TUN,DF,Salernitana,it Serie A,27,1995,18.7,53.9,50.4,3.16,1.98,0.05,0.70,0.37,1.18,0.00,0.00,0.00,0.00,45.7,0.32,0.48,Matchs
385,David Brooks,wls WAL,"AT,MT",Bournemouth,eng Premier League,25,1997,1.9,33.2,32.1,01.05,0.00,0.00,0.00,3.16,0.00,01.05,0.53,0.53,0.00,24.2,0.00,1.58,Matchs
386,John Brooks,us USA,DF,Hoffenheim,de Bundesliga,29,1993,15.0,51.5,48.3,3.00,2.60,0.00,0.47,0.00,0.07,0.00,0.00,0.00,0.00,41.6,0.20,0.40,Matchs
387,Moritz Broschinski,de GER,"AT,MT",Bochum,de Bundesliga,21,2000,2.4,20.8,20.4,0.42,0.00,0.00,0.00,1.25,0.00,0.00,0.00,0.00,0.00,12.1,0.00,0.83,Matchs
388,Marcelo Brozović,hr CRO,MT,Inter,it Serie A,29,1992,19.7,76.2,71.3,4.77,03.05,0.15,0.66,2.28,0.41,1.32,0.56,0.51,0.00,66.9,0.15,0.66,Matchs
389,Cédric Brunner,ch SUI,DF,Schalke 04,de Bundesliga,28,1994,25.7,45.1,34.5,10.5,0.74,0.04,0.08,2.37,9.73,0.00,0.00,0.00,0.00,30.3,0.12,1.17,Matchs
390,Lewis Brunt,eng ENG,DF,Leicester City,eng Premier League,21,2000,0.3,70.0,53.3,16.7,0.00,0.00,0.00,0.00,16.7,0.00,0.00,0.00,0.00,56.7,0.00,3.33,Matchs
391,Jacob Bruun Larsen,dk DEN,AT,Hoffenheim,de Bundesliga,23,1998,3.6,24.4,22.5,1.67,0.28,0.00,0.00,1.11,0.00,0.00,0.00,0.00,0.00,17.2,0.28,0.83,Matchs
392,Andreas Bruus,dk DEN,"DF,AT",Troyes,fr Ligue 1,23,1999,18.1,35.2,28.5,6.69,0.61,0.00,0.06,3.70,5.52,0.55,0.39,0.11,0.00,24.6,0.06,1.33,Matchs
393,Joe Bryan,eng ENG,"MT,DF",Nice,fr Ligue 1,28,1993,2.0,50.5,43.0,7.50,0.00,0.00,0.00,1.50,7.50,0.00,0.00,0.00,0.00,40.0,0.00,1.50,Matchs
394,Lee Buchanan,eng ENG,"DF,AT",Werder Bremen,de Bundesliga,21,2001,5.2,51.3,43.8,7.50,0.19,0.19,0.58,3.46,7.31,0.00,0.00,0.00,0.00,34.4,0.00,0.77,Matchs
395,Ante Budimir,hr CRO,AT,Osasuna,es La Liga,31,1991,20.0,15.8,15.0,0.75,0.00,0.05,0.00,0.15,0.10,0.00,0.00,0.00,0.00,9.70,0.00,0.35,Matchs
396,Emi Buendía,ar ARG,"MT,AT",Aston Villa,eng Premier League,25,1996,26.8,38.1,35.6,2.35,0.26,0.41,0.26,0.67,0.26,0.19,0.07,0.00,0.04,29.4,0.11,1.42,Matchs
397,Hugo Bueno,es ESP,DF,Wolves,eng Premier League,19,2002,14.6,46.5,36.7,9.59,0.62,0.00,0.00,4.11,7.74,1.23,0.14,1.10,0.00,37.5,0.21,1.44,Matchs
398,Santiago Bueno,uy URU,DF,Girona,es La Liga,23,1998,33.4,54.6,51.9,2.60,2.10,0.03,0.75,0.12,0.51,0.00,0.00,0.00,0.00,47.2,0.12,0.45,Matchs
399,Adam Buksa,pl POL,"AT,MT",Lens,fr Ligue 1,26,1996,1.1,21.8,20.9,0.91,0.00,0.00,0.00,0.91,0.00,0.00,0.00,0.00,0.00,13.6,0.00,0.00,Matchs
400,Marius Bülter,de GER,"AT,MT",Schalke 04,de Bundesliga,29,1993,28.9,26.4,25.5,0.69,0.00,0.17,0.21,04.08,0.69,0.00,0.00,0.00,0.00,15.2,0.21,1.56,Matchs
Clt,Joueur,Nation,Pos,Équipe,Comp,Âge,Naissance,90,Att,Action de jeu,Coup de pied arrêté,CF,Tr,Tr,Ctr,PCF,Co,Rentrant,Sortant,Droit,Cmp,HJ,Balles contrées,Matchs
401,Cristian Buonaiuto,it ITA,"MT,AT",Cremonese,it Serie A,29,1992,10.9,42.7,35.1,7.34,1.56,0.09,0.46,6.42,1.38,3.58,2.11,1.10,0.00,27.9,0.18,01.01,Matchs
402,Facundo Buonanotte,ar ARG,"AT,MT",Brighton,eng Premier League,17,2004,6.3,30.8,30.2,0.63,0.16,0.00,0.16,1.11,0.16,0.32,0.32,0.00,0.00,24.9,0.00,0.79,Matchs
403,Alessandro Buongiorno,it ITA,DF,Torino,it Serie A,23,1999,30.2,52.1,50.6,1.36,0.99,0.03,0.10,0.26,0.20,0.00,0.00,0.00,0.00,44.1,0.17,0.70,Matchs
404,Delano Burgzorg,nl NED,"AT,MT",Mainz 05,de Bundesliga,23,1998,2.7,20.4,18.5,1.11,0.37,0.00,0.00,0.37,0.37,0.37,0.00,0.00,0.00,14.8,0.74,1.48,Matchs
405,Jonathan Burkardt,de GER,"MT,AT",Mainz 05,de Bundesliga,22,2000,5.9,18.5,18.0,0.17,0.00,0.34,0.34,1.86,0.00,0.00,0.00,0.00,0.00,12.0,0.34,0.85,Matchs
406,Oliver Burke,sct SCO,"AT,MT",Werder Bremen,de Bundesliga,25,1997,3.0,27.0,26.0,1.00,0.00,0.00,0.00,2.00,0.33,0.00,0.00,0.00,0.00,17.7,0.00,0.67,Matchs
407,Dan Burn,eng ENG,DF,Newcastle Utd,eng Premier League,30,1992,34.6,49.6,41.5,7.95,0.49,0.00,0.20,0.49,7.43,0.00,0.00,0.00,0.00,39.3,0.09,0.84,Matchs
408,Maxime Busi,be BEL,DF,Reims,fr Ligue 1,22,1999,11.6,52.9,42.8,9.91,0.86,0.17,0.43,2.33,8.97,0.09,0.00,0.00,0.00,40.0,0.17,01.03,Matchs
409,Sergio Busquets,es ESP,MT,Barcelona,es La Liga,34,1988,26.0,75.0,71.9,2.85,2.73,0.58,0.19,0.27,0.12,0.00,0.00,0.00,0.00,66.2,0.19,0.65,Matchs
410,Aurélio Buta,pt POR,DF,Eint Frankfurt,de Bundesliga,25,1997,14.6,52.3,40.8,11.5,0.27,0.00,0.00,4.25,11.2,0.00,0.00,0.00,0.00,39.5,0.00,1.92,Matchs
411,Leonardo Buta,pt POR,DF,Udinese,it Serie A,20,2002,0.2,65.0,60.0,5.00,0.00,0.00,0.00,10.0,5.00,0.00,0.00,0.00,0.00,50.0,0.00,5.00,Matchs
412,Marcin Bułka,pl POL,GB,Nice,fr Ligue 1,22,1999,2.0,33.5,21.5,12.0,3.00,0.00,0.00,0.00,0.00,0.00,0.00,0.00,0.00,27.0,0.00,0.00,Matchs
413,Jamie Bynoe-Gittens,eng ENG,"AT,MT",Dortmund,de Bundesliga,17,2004,5.9,24.1,23.4,0.51,0.00,0.34,0.17,01.02,0.51,0.00,0.00,0.00,0.00,17.6,0.17,0.17,Matchs
414,Juan Cabal,co COL,DF,Hellas Verona,it Serie A,21,2001,4.9,45.5,42.7,2.86,1.43,0.00,1.43,1.63,1.43,0.00,0.00,0.00,0.00,33.9,0.00,1.43,Matchs
415,Rémy Cabella,fr FRA,"MT,AT",Lille,fr Ligue 1,32,1990,28.1,62.8,55.2,7.30,2.38,0.39,0.11,5.84,0.75,3.56,1.35,1.46,0.04,49.7,0.32,1.53,Matchs
416,Jimmy Cabot,fr FRA,"DF,MT",Lens,fr Ligue 1,28,1994,5.7,60.7,46.7,13.7,0.70,0.18,0.35,8.77,7.19,5.79,2.11,2.46,0.00,45.8,0.35,1.23,Matchs
417,Leandro Cabrera,uy URU,DF,Espanyol,es La Liga,31,1991,29.7,45.2,39.8,4.95,2.15,0.03,0.34,0.47,2.79,0.00,0.00,0.00,0.00,32.3,0.44,0.40,Matchs
418,Liberato Cacace,nz NZL,DF,Empoli,it Serie A,21,2000,6.5,65.2,51.7,13.5,1.69,0.00,0.15,4.46,11.5,0.31,0.31,0.00,0.00,52.0,0.00,1.54,Matchs
419,Anthony Caci,fr FRA,DF,Mainz 05,de Bundesliga,25,1997,22.6,50.4,41.5,8.72,1.19,0.00,01.06,3.14,6.77,0.75,0.40,0.27,0.00,36.1,0.18,01.06,Matchs
420,Cafú,pt POR,MT,Nott'ham Forest,eng Premier League,29,1993,0.1,20.0,20.0,0.00,0.00,0.00,0.00,0.00,0.00,0.00,0.00,0.00,0.00,20.0,0.00,0.00,Matchs
421,Moisés Caicedo,ec ECU,MT,Brighton,eng Premier League,20,2001,34.9,64.5,63.4,01.06,0.34,0.32,0.26,0.49,0.72,0.00,0.00,0.00,0.00,57.1,0.00,01.09,Matchs
422,Tom Cairney,sct SCO,MT,Fulham,eng Premier League,31,1991,11.0,68.2,65.0,3.00,0.82,0.18,0.36,3.36,0.36,1.55,0.64,0.27,0.00,57.5,0.18,1.18,Matchs
423,Jens Cajuste,se SWE,MT,Reims,fr Ligue 1,22,1999,17.0,43.5,42.2,1.18,0.94,0.35,0.47,0.41,0.18,0.06,0.00,0.00,0.00,35.6,0.06,1.12,Matchs
424,Cala,es ESP,DF,Cádiz,es La Liga,32,1989,1.5,25.3,22.0,3.33,3.33,0.00,1.33,0.00,0.00,0.00,0.00,0.00,0.00,20.0,0.00,0.00,Matchs
425,Davide Calabria,it ITA,DF,Milan,it Serie A,25,1996,18.8,67.9,57.2,10.3,0.96,0.00,0.27,2.18,9.10,0.27,0.00,0.27,0.00,55.3,0.32,1.28,Matchs
Clt,Joueur,Nation,Pos,Équipe,Comp,Âge,Naissance,90,Att,Action de jeu,Coup de pied arrêté,CF,Tr,Tr,Ctr,PCF,Co,Rentrant,Sortant,Droit,Cmp,HJ,Balles contrées,Matchs
426,Mattia Caldara,it ITA,DF,Spezia,it Serie A,28,1994,13.9,43.2,38.8,4.17,2.23,0.00,0.14,0.07,0.65,0.00,0.00,0.00,0.00,33.2,0.14,0.29,Matchs
427,Luca Caldirola,it ITA,DF,Monza,it Serie A,31,1991,26.1,55.0,52.4,2.49,1.49,0.04,0.31,0.19,0.23,0.00,0.00,0.00,0.00,48.4,0.08,0.31,Matchs
428,Fernando Calero,es ESP,"DF,MT",Espanyol,es La Liga,26,1995,17.9,42.7,38.6,04.02,1.62,0.00,0.61,0.22,2.29,0.00,0.00,0.00,0.00,34.5,0.11,0.28,Matchs
429,Duje Ćaleta-Car,hr CRO,DF,Southampton,eng Premier League,25,1996,10.5,54.1,51.6,2.10,1.62,0.00,0.29,0.10,0.10,0.00,0.00,0.00,0.00,45.7,0.38,0.10,Matchs
430,Duje Ćaleta-Car,hr CRO,DF,Marseille,fr Ligue 1,25,1996,0.1,20.0,20.0,0.00,0.00,0.00,0.00,0.00,0.00,0.00,0.00,0.00,0.00,20.0,0.00,0.00,Matchs
431,Hakan Çalhanoğlu,tr TUR,MT,Inter,it Serie A,28,1994,26.3,63.8,56.8,6.73,2.55,0.19,0.95,6.35,0.23,3.95,1.25,2.40,0.00,53.1,0.19,0.46,Matchs
432,Kerim Calhanoglu,de GER,DF,Schalke 04,de Bundesliga,19,2002,0.7,60.0,35.7,24.3,2.86,0.00,0.00,2.86,20.0,1.43,0.00,1.43,0.00,42.9,0.00,4.29,Matchs
433,Daniel Caligiuri,it ITA,"DF,MT",Augsburg,de Bundesliga,34,1988,3.2,51.9,36.3,15.6,2.81,0.00,0.63,3.44,10.9,1.88,1.56,0.31,0.00,33.4,0.00,0.94,Matchs
434,Alexander Callens,pe PER,DF,Girona,es La Liga,30,1992,1.3,71.5,62.3,9.23,1.54,0.00,0.00,0.00,7.69,0.00,0.00,0.00,0.00,60.0,0.00,0.00,Matchs
435,Dominic Calvert-Lewin,eng ENG,AT,Everton,eng Premier League,25,1997,12.9,17.1,17.1,0.08,0.00,0.00,0.08,0.47,0.00,0.00,0.00,0.00,0.00,10.2,0.00,0.70,Matchs
436,Mahdi Camara,fr FRA,MT,Brest,fr Ligue 1,24,1998,20.2,34.8,32.8,1.78,0.30,0.00,0.15,0.74,0.35,0.00,0.00,0.00,0.00,28.6,0.20,0.94,Matchs
437,Mohamed Camara,gn GUI,MT,Roma,it Serie A,25,1997,7.7,41.9,41.3,0.52,0.39,0.26,0.13,0.78,0.13,0.00,0.00,0.00,0.00,32.7,0.13,0.78,Matchs
438,Mohamed Camara,ml MLI,MT,Monaco,fr Ligue 1,22,2000,24.4,52.6,50.9,1.48,1.31,0.20,0.82,0.16,0.16,0.00,0.00,0.00,0.00,45.9,0.20,0.66,Matchs
439,Ousmane Camara,gn GUI,"AT,MT",Auxerre,fr Ligue 1,20,2001,0.3,26.7,26.7,0.00,0.00,0.00,0.00,6.67,0.00,0.00,0.00,0.00,0.00,23.3,0.00,0.00,Matchs
440,Ousmane Camara,fr FRA,DF,Angers,fr Ligue 1,19,2003,5.8,62.6,61.0,1.21,01.03,0.00,0.17,0.00,0.17,0.00,0.00,0.00,0.00,56.9,0.34,0.86,Matchs
441,Eduardo Camavinga,fr FRA,"MT,DF",Real Madrid,es La Liga,19,2002,22.3,67.4,62.3,4.80,1.52,0.18,0.27,0.27,3.27,0.00,0.00,0.00,0.00,61.2,0.36,0.67,Matchs
442,Nicolò Cambiaghi,it ITA,"AT,MT",Empoli,it Serie A,21,2000,14.3,30.2,29.4,0.70,0.07,0.00,0.00,2.87,0.49,0.07,0.00,0.00,0.00,22.4,0.14,1.75,Matchs
443,Andrea Cambiaso,it ITA,DF,Bologna,it Serie A,22,2000,24.1,63.1,53.2,9.88,1.00,0.00,0.37,2.32,8.76,0.12,0.04,0.04,0.00,53.0,0.08,1.54,Matchs
444,Axel Camblan,fr FRA,"AT,MT",Brest,fr Ligue 1,18,2003,0.8,33.8,33.8,0.00,0.00,0.00,0.00,2.50,0.00,0.00,0.00,0.00,0.00,23.8,0.00,0.00,Matchs
445,Sergio Camello,es ESP,AT,Rayo Vallecano,es La Liga,21,2001,26.7,19.6,17.8,1.72,0.07,0.04,0.00,0.15,0.15,0.00,0.00,0.00,0.00,15.3,0.07,0.37,Matchs
446,Chem Campbell,wls WAL,"AT,MT",Wolves,eng Premier League,19,2002,0.8,40.0,38.8,1.25,0.00,0.00,0.00,5.00,0.00,1.25,1.25,0.00,0.00,28.8,0.00,1.25,Matchs
447,Emre Can,de GER,MT,Dortmund,de Bundesliga,28,1994,21.1,61.0,59.4,1.61,1.23,0.09,0.52,0.19,0.33,0.00,0.00,0.00,0.00,54.6,0.05,0.47,Matchs
448,Sergio Canales,es ESP,"AT,MT",Betis,es La Liga,31,1991,26.7,55.2,49.6,05.02,1.91,0.49,0.52,05.06,0.26,2.70,0.90,1.35,0.04,41.8,0.60,1.99,Matchs
449,Matteo Cancellieri,it ITA,AT,Lazio,it Serie A,20,2002,2.8,31.1,30.7,0.36,0.00,0.00,0.00,2.50,0.36,0.00,0.00,0.00,0.00,21.8,0.00,1.43,Matchs
450,João Cancelo,pt POR,DF,Manchester City,eng Premier League,28,1994,14.2,85.9,78.9,6.90,1.41,0.14,0.99,3.17,5.49,0.00,0.00,0.00,0.00,73.0,0.14,01.06,Matchs
Clt,Joueur,Nation,Pos,Équipe,Comp,Âge,Naissance,90,Att,Action de jeu,Coup de pied arrêté,CF,Tr,Tr,Ctr,PCF,Co,Rentrant,Sortant,Droit,Cmp,HJ,Balles contrées,Matchs
451,João Cancelo,pt POR,"DF,AT",Bayern Munich,de Bundesliga,28,1994,11.2,76.9,67.2,9.55,01.07,0.27,01.07,3.13,8.48,0.00,0.00,0.00,0.00,63.7,0.09,1.52,Matchs
452,Antonio Candreva,it ITA,"MT,DF",Salernitana,it Serie A,35,1987,30.3,52.7,44.6,08.02,1.75,0.17,0.83,7.19,4.13,02.01,0.30,0.86,0.00,38.4,0.13,1.52,Matchs
453,Thomas Cannon,ie IRL,AT,Everton,eng Premier League,19,2002,0.3,16.7,13.3,3.33,0.00,0.00,0.00,0.00,0.00,0.00,0.00,0.00,0.00,13.3,0.00,0.00,Matchs
454,Sergi Canós,es ESP,"AT,DF",Brentford,eng Premier League,25,1997,0.9,47.8,43.3,3.33,1.11,0.00,0.00,3.33,2.22,0.00,0.00,0.00,0.00,25.6,1.11,0.00,Matchs
455,Ander Capa,es ESP,DF,Athletic Club,es La Liga,30,1992,1.2,75.8,55.8,18.3,0.83,0.00,0.83,3.33,17.5,0.00,0.00,0.00,0.00,61.7,1.67,0.00,Matchs
456,Pierrick Capelle,fr FRA,"MT,DF",Angers,fr Ligue 1,35,1987,15.9,44.9,40.9,3.96,0.75,0.00,0.25,2.89,1.32,1.82,01.01,0.50,0.00,37.1,0.00,0.63,Matchs
457,Étienne Capoue,fr FRA,MT,Villarreal,es La Liga,34,1988,21.7,48.1,46.8,1.24,01.06,0.28,0.28,0.41,0.14,0.00,0.00,0.00,0.00,42.2,0.00,0.69,Matchs
458,Gianluca Caprari,it ITA,"MT,AT",Monza,it Serie A,29,1993,27.1,39.9,37.6,2.10,0.41,0.18,0.55,2.80,0.26,1.22,0.22,0.89,0.00,31.5,0.22,1.66,Matchs
459,Francesco Caputo,it ITA,AT,Sampdoria,it Serie A,34,1987,12.2,19.4,17.0,2.30,0.00,0.00,0.00,0.25,0.16,0.00,0.00,0.00,0.00,13.8,0.08,0.74,Matchs
460,Francesco Caputo,it ITA,AT,Empoli,it Serie A,34,1987,19.0,17.5,16.9,0.53,0.05,0.05,0.00,0.32,0.11,0.00,0.00,0.00,0.00,12.4,0.00,0.74,Matchs
461,Maxence Caqueret,fr FRA,MT,Lyon,fr Ligue 1,22,2000,30.7,58.1,54.2,3.81,1.27,0.16,0.16,3.22,0.20,2.21,0.78,0.91,0.00,48.2,0.16,1.40,Matchs
462,Andrea Carboni,it ITA,DF,Monza,it Serie A,21,2001,1.9,45.8,38.9,6.84,0.53,0.00,0.53,2.63,5.79,0.53,0.00,0.53,0.00,36.3,0.00,1.58,Matchs
463,Franco Carboni,it ITA,"DF,AT",Monza,it Serie A,19,2003,0.7,71.4,61.4,10.0,0.00,0.00,0.00,12.9,10.0,0.00,0.00,0.00,0.00,47.1,0.00,10.0,Matchs
464,Valentin Carboni,ar ARG,"MT,DF",Inter,it Serie A,17,2005,0.3,56.7,56.7,0.00,0.00,0.00,0.00,3.33,0.00,0.00,0.00,0.00,0.00,40.0,0.00,0.00,Matchs
465,Isaac Carcelen,es ESP,DF,Cádiz,es La Liga,29,1993,24.4,39.4,30.9,8.36,1.52,0.00,0.29,2.99,5.86,0.98,0.20,0.61,0.00,30.6,0.08,0.70,Matchs
466,Irvin Cardona,fr FRA,"AT,MT",Brest,fr Ligue 1,24,1997,2.6,22.3,20.4,1.92,0.00,0.38,0.00,0.38,0.38,0.00,0.00,0.00,0.00,13.1,0.00,1.15,Matchs
467,Irvin Cardona,fr FRA,"MT,AT",Augsburg,de Bundesliga,24,1997,3.5,21.1,20.3,0.57,0.00,0.29,0.00,2.57,0.29,0.00,0.00,0.00,0.00,10.3,0.29,0.57,Matchs
468,Igor Carioca,br BRA,DF,Lorient,fr Ligue 1,25,1996,5.1,53.7,44.7,8.82,0.78,0.39,0.00,2.75,08.04,0.00,0.00,0.00,0.00,43.9,0.20,1.96,Matchs
469,Carlos,br BRA,DF,Monza,it Serie A,23,1999,34.3,50.1,41.1,8.89,0.58,0.06,0.20,1.57,8.16,0.00,0.00,0.00,0.00,41.7,0.15,1.43,Matchs
470,Diego Carlos,br BRA,DF,Aston Villa,eng Premier League,29,1993,2.3,61.7,59.1,2.17,1.74,0.00,0.43,0.43,0.43,0.00,0.00,0.00,0.00,48.7,0.43,0.43,Matchs
471,Juan Carlos,es ESP,GB,Girona,es La Liga,34,1988,10.0,34.0,26.5,7.50,1.30,0.00,0.00,0.00,0.00,0.00,0.00,0.00,0.00,28.8,0.00,0.00,Matchs
472,José Carlos Lazo,es ESP,"MT,AT",Almería,es La Liga,26,1996,0.2,20.0,20.0,0.00,0.00,0.00,0.00,0.00,0.00,0.00,0.00,0.00,0.00,15.0,0.00,0.00,Matchs
473,José Carlos Lazo,es ESP,"MT,AT",Espanyol,es La Liga,26,1996,1.8,19.4,17.2,1.67,0.00,0.00,0.00,2.22,0.56,1.11,0.00,0.00,0.00,13.9,0.56,1.11,Matchs
474,Carmona,es ESP,"MT,DF",Elche,es La Liga,20,2002,6.5,28.6,24.2,4.31,0.31,0.00,0.15,1.85,4.00,0.00,0.00,0.00,0.00,19.8,0.15,1.38,Matchs
475,Carmona,es ESP,DF,Sevilla,es La Liga,20,2002,5.9,55.9,50.3,5.42,1.19,0.00,0.34,1.86,04.07,0.00,0.00,0.00,0.00,45.6,0.17,0.51,Matchs
Clt,Joueur,Nation,Pos,Équipe,Comp,Âge,Naissance,90,Att,Action de jeu,Coup de pied arrêté,CF,Tr,Tr,Ctr,PCF,Co,Rentrant,Sortant,Droit,Cmp,HJ,Balles contrées,Matchs
476,Marco Carnesecchi,it ITA,GB,Cremonese,it Serie A,22,2000,27.0,35.3,24.0,11.1,3.59,0.00,0.22,0.00,0.00,0.00,0.00,0.00,0.00,20.9,0.22,0.00,Matchs
477,Yannick Carrasco,be BEL,"DF,MT",Atlético Madrid,es La Liga,28,1993,25.7,42.5,36.1,06.07,01.05,0.16,0.27,4.16,2.57,2.45,1.44,0.35,0.00,33.6,0.23,1.21,Matchs
478,Dani Carvajal,es ESP,DF,Real Madrid,es La Liga,30,1992,19.8,67.3,59.8,7.37,0.76,0.10,0.51,2.47,6.62,0.00,0.00,0.00,0.00,57.2,0.10,1.36,Matchs
479,Fabio Carvalho,pt POR,"MT,AT",Liverpool,eng Premier League,19,2002,3.9,36.7,35.9,0.51,0.00,0.00,0.00,0.51,0.26,0.00,0.00,0.00,0.00,30.0,0.26,0.77,Matchs
480,Matis Carvalho,pt POR,GB,Montpellier,fr Ligue 1,23,1999,1.5,35.3,19.3,15.3,6.00,0.00,0.00,0.00,0.00,0.00,0.00,0.00,0.00,14.0,0.67,0.00,Matchs
481,William Carvalho,pt POR,MT,Betis,es La Liga,30,1992,27.1,64.4,62.6,1.59,1.55,0.48,0.70,0.18,0.04,0.00,0.00,0.00,0.00,55.7,0.22,0.74,Matchs
482,Nicolò Casale,it ITA,DF,Lazio,it Serie A,24,1998,27.1,59.6,56.6,2.92,2.66,0.07,0.33,0.00,0.11,0.00,0.00,0.00,0.00,54.8,0.07,0.30,Matchs
483,Casemiro,br BRA,MT,Manchester Utd,eng Premier League,30,1992,23.6,61.0,59.7,01.02,0.93,0.51,0.55,0.81,0.04,0.00,0.00,0.00,0.00,47.2,0.30,1.23,Matchs
484,Casemiro,br BRA,MT,Real Madrid,es La Liga,30,1992,0.1,80.0,80.0,0.00,0.00,0.00,10.0,0.00,0.00,0.00,0.00,0.00,0.00,70.0,0.00,0.00,Matchs
485,Matty Cash,pl POL,DF,Aston Villa,eng Premier League,24,1997,20.2,49.8,40.0,9.60,0.89,0.10,0.30,2.28,8.71,0.00,0.00,0.00,0.00,38.5,0.15,1.19,Matchs
486,Tommaso Cassandro,it ITA,DF,Lecce,it Serie A,22,2000,0.1,60.0,30.0,30.0,0.00,0.00,0.00,0.00,30.0,0.00,0.00,0.00,0.00,60.0,0.00,0.00,Matchs
487,Timothy Castagne,be BEL,DF,Leicester City,eng Premier League,26,1995,36.2,50.7,42.7,7.93,0.47,0.08,0.06,1.60,7.46,0.00,0.00,0.00,0.00,40.6,0.11,1.19,Matchs
488,Michele Castagnetti,it ITA,MT,Cremonese,it Serie A,32,1989,15.7,51.4,46.4,4.65,2.61,0.25,0.64,2.42,0.51,1.15,0.70,0.38,0.00,39.7,0.32,0.76,Matchs
489,Koen Casteels,be BEL,GB,Wolfsburg,de Bundesliga,30,1992,34.0,46.6,35.6,11.0,3.41,0.00,0.32,0.00,0.00,0.00,0.00,0.00,0.00,35.9,0.03,0.00,Matchs
490,Valentín Castellanos,ar ARG,AT,Girona,es La Liga,23,1998,28.9,13.7,12.2,1.42,0.00,0.14,0.03,0.35,0.03,0.00,0.00,0.00,0.00,8.44,0.14,0.66,Matchs
491,Jean-Charles Castelletto,cm CMR,DF,Nantes,fr Ligue 1,27,1995,28.5,48.2,45.8,2.32,1.19,0.00,0.21,0.46,1.12,0.00,0.00,0.00,0.00,39.6,0.07,0.21,Matchs
492,Samu Castillejo,es ESP,"AT,MT",Valencia,es La Liga,27,1995,15.1,41.2,36.5,4.50,1.26,0.13,0.40,5.76,0.53,2.65,1.39,0.66,0.00,31.4,0.20,0.99,Matchs
493,Jonny Castro,es ESP,DF,Wolves,eng Premier League,28,1994,14.0,59.4,49.9,9.43,0.86,0.21,0.07,1.29,8.57,0.00,0.00,0.00,0.00,50.1,0.14,1.64,Matchs
494,Gaetano Castrovilli,it ITA,MT,Fiorentina,it Serie A,25,1997,8.0,30.1,28.0,2.00,1.25,0.13,0.13,1.50,0.13,0.38,0.00,0.25,0.00,23.5,0.13,0.75,Matchs
495,Danilo Cataldi,it ITA,MT,Lazio,it Serie A,27,1994,21.3,62.2,58.5,3.57,1.88,0.14,0.23,02.07,0.14,1.55,0.28,0.94,0.00,53.8,0.19,0.66,Matchs
496,Catena,es ESP,DF,Rayo Vallecano,es La Liga,27,1994,34.5,52.9,49.8,2.81,2.67,0.06,1.42,0.03,0.09,0.00,0.00,0.00,0.00,43.6,0.26,0.20,Matchs
497,Yoann Cathline,fr FRA,"AT,MT",Lorient,fr Ligue 1,20,2002,12.1,29.8,27.0,2.73,0.50,0.08,0.00,3.97,1.65,0.58,0.17,0.33,0.00,19.9,0.08,1.74,Matchs
498,Maximiliano Caufriez,be BEL,DF,Clermont Foot,fr Ligue 1,25,1997,24.7,45.6,42.8,2.79,1.78,0.04,0.40,0.12,0.12,0.00,0.00,0.00,0.00,40.3,0.00,0.45,Matchs
499,Edinson Cavani,uy URU,AT,Valencia,es La Liga,35,1987,16.1,22.0,20.2,1.61,0.00,0.25,0.25,0.19,0.00,0.00,0.00,0.00,0.00,16.3,0.19,0.43,Matchs
500,Dani Ceballos,es ESP,MT,Real Madrid,es La Liga,25,1996,17.4,86.4,82.6,3.28,1.49,0.34,1.49,0.92,1.15,0.52,0.11,0.11,0.00,78.3,0.57,1.44,Matchs
Clt,Joueur,Nation,Pos,Équipe,Comp,Âge,Naissance,90,Att,Action de jeu,Coup de pied arrêté,CF,Tr,Tr,Ctr,PCF,Co,Rentrant,Sortant,Droit,Cmp,HJ,Balles contrées,Matchs
501,Pietro Ceccaroni,it ITA,DF,Lecce,it Serie A,26,1995,0.5,28.0,20.0,8.00,2.00,0.00,0.00,0.00,6.00,0.00,0.00,0.00,0.00,20.0,0.00,0.00,Matchs
502,Federico Ceccherini,it ITA,DF,Hellas Verona,it Serie A,30,1992,15.7,39.7,36.4,3.25,1.27,0.00,0.13,0.38,1.78,0.00,0.00,0.00,0.00,30.5,0.00,0.96,Matchs
503,Assan Ceesay,gm GAM,AT,Lecce,it Serie A,28,1994,20.1,19.6,18.4,1.00,0.00,0.00,0.10,0.75,0.25,0.05,0.00,0.00,0.00,11.2,0.20,0.85,Matchs
504,Emil Ceide,no NOR,AT,Sassuolo,it Serie A,20,2001,5.7,29.6,29.1,0.53,0.00,0.18,0.00,01.05,0.53,0.00,0.00,0.00,0.00,21.6,0.00,1.93,Matchs
505,Zeki Çelik,tr TUR,DF,Roma,it Serie A,25,1997,16.7,55.5,43.9,11.5,0.72,0.00,0.24,2.51,10.8,0.00,0.00,0.00,0.00,41.7,0.12,1.20,Matchs
506,Álex Centelles,es ESP,DF,Almería,es La Liga,24,1997,12.5,46.2,35.7,10.4,1.92,0.00,0.32,3.68,8.48,0.00,0.00,0.00,0.00,33.0,0.08,1.60,Matchs
507,Fabien Centonze,fr FRA,DF,Nantes,fr Ligue 1,26,1996,18.8,50.3,42.2,7.93,0.43,0.11,0.05,3.56,7.50,0.00,0.00,0.00,0.00,38.0,0.11,1.17,Matchs
508,Michele Cerofolini,it ITA,GB,Fiorentina,it Serie A,23,1999,5.0,39.0,31.2,7.80,2.20,0.00,0.00,0.00,0.00,0.00,0.00,0.00,0.00,29.6,0.00,0.00,Matchs
509,Franco Cervi,ar ARG,"MT,DF",Celta Vigo,es La Liga,28,1994,21.0,41.6,36.7,4.71,0.57,0.05,0.05,5.38,02.05,2.10,0.43,1.29,0.00,29.5,0.19,1.43,Matchs
510,Julio César Enciso,py PAR,"AT,MT",Brighton,eng Premier League,18,2004,9.0,28.7,27.7,0.89,0.00,0.33,0.11,1.33,0.33,0.00,0.00,0.00,0.00,19.9,0.11,0.56,Matchs
511,Julian Chabot,de GER,DF,Köln,de Bundesliga,24,1998,20.0,59.2,55.3,3.80,2.15,0.05,0.15,0.15,0.05,0.00,0.00,0.00,0.00,48.8,0.10,0.25,Matchs
512,Florian Chabrolle,fr FRA,MT,Ajaccio,fr Ligue 1,24,1998,3.7,37.3,36.2,01.08,0.81,0.00,0.00,0.27,0.00,0.00,0.00,0.00,0.00,32.4,0.00,0.00,Matchs
513,El Chadaille Bitshiabu,fr FRA,DF,Paris S-G,fr Ligue 1,17,2005,6.5,71.5,69.7,1.85,0.31,0.00,0.15,0.00,1.54,0.00,0.00,0.00,0.00,66.2,0.00,0.15,Matchs
514,Fares Chaïbi,dz ALG,"AT,MT",Toulouse,fr Ligue 1,19,2002,26.0,39.2,37.5,1.42,0.31,0.23,0.50,2.19,0.54,0.31,0.04,0.15,0.00,28.5,0.23,1.27,Matchs
515,Nathaniel Chalobah,eng ENG,MT,Fulham,eng Premier League,27,1994,0.1,50.0,50.0,0.00,0.00,0.00,0.00,0.00,0.00,0.00,0.00,0.00,0.00,40.0,0.00,0.00,Matchs
516,Trevoh Chalobah,eng ENG,DF,Chelsea,eng Premier League,23,1999,17.9,67.0,63.2,3.69,1.28,0.00,0.22,0.73,2.40,0.00,0.00,0.00,0.00,58.7,0.11,0.61,Matchs
517,Muhammed Cham,at AUT,MT,Clermont Foot,fr Ligue 1,21,2000,21.9,47.4,43.0,04.06,1.60,0.50,0.09,3.33,0.32,1.96,1.14,0.46,0.05,37.1,0.37,1.32,Matchs
518,Calum Chambers,eng ENG,"DF,MT",Aston Villa,eng Premier League,27,1995,3.9,53.1,49.0,3.33,01.03,0.00,0.26,01.03,2.31,0.00,0.00,0.00,0.00,40.3,0.77,0.26,Matchs
519,Timothy Chandler,us USA,DF,Eint Frankfurt,de Bundesliga,32,1990,1.0,61.0,43.0,17.0,0.00,0.00,0.00,3.00,17.0,0.00,0.00,0.00,0.00,36.0,1.00,2.00,Matchs
520,Gaëtan Charbonnier,fr FRA,"AT,MT",Auxerre,fr Ligue 1,33,1988,2.8,31.8,27.9,3.93,0.00,0.00,0.71,0.36,0.36,0.00,0.00,0.00,0.00,28.2,0.00,0.71,Matchs
521,Brendan Chardonnet,fr FRA,DF,Brest,fr Ligue 1,27,1994,27.7,47.6,44.6,2.82,2.74,0.00,0.83,0.22,0.07,0.00,0.00,0.00,0.00,38.3,0.14,0.22,Matchs
522,Shea Charles,nir NIR,DF,Manchester City,eng Premier League,18,2003,0.3,83.3,73.3,10.0,3.33,0.00,0.00,0.00,3.33,0.00,0.00,0.00,0.00,76.7,0.00,3.33,Matchs
523,Xavier Chavalerin,fr FRA,MT,Troyes,fr Ligue 1,31,1991,27.0,39.6,37.4,1.89,1.22,0.19,0.30,01.07,0.44,0.22,0.15,0.07,0.00,32.4,0.26,1.15,Matchs
524,Pep Chavarría,es ESP,"AT,MT",Rayo Vallecano,es La Liga,24,1998,4.1,43.4,37.8,5.37,0.00,0.24,0.73,3.17,4.63,0.49,0.00,0.24,0.00,30.7,0.24,2.93,Matchs
525,Ivane Chegra,fr FRA,"MT,AT",Ajaccio,fr Ligue 1,18,2004,2.1,19.0,17.6,1.43,0.00,0.48,0.00,1.90,0.00,1.43,0.00,1.43,0.00,10.0,0.00,0.95,Matchs
Clt,Joueur,Nation,Pos,Équipe,Comp,Âge,Naissance,90,Att,Action de jeu,Coup de pied arrêté,CF,Tr,Tr,Ctr,PCF,Co,Rentrant,Sortant,Droit,Cmp,HJ,Balles contrées,Matchs
526,Pape Cheikh Diop,sn SEN,MT,Elche,es La Liga,24,1997,0.4,47.5,47.5,0.00,0.00,2.50,0.00,0.00,0.00,0.00,0.00,0.00,0.00,35.0,0.00,0.00,Matchs
527,Rayan Cherki,fr FRA,"MT,AT",Lyon,fr Ligue 1,18,2003,20.8,52.6,47.5,4.86,0.91,0.63,0.38,4.38,0.91,2.64,0.87,1.30,0.00,40.6,0.19,01.06,Matchs
528,Ilyes Cheti,dz ALG,DF,Angers,fr Ligue 1,27,1995,2.3,51.3,43.0,8.26,0.00,0.00,0.00,2.17,8.26,0.00,0.00,0.00,0.00,44.3,0.00,0.87,Matchs
529,Lucas Chevalier,fr FRA,GB,Lille,fr Ligue 1,20,2001,32.0,31.6,26.7,4.81,1.53,0.06,0.06,0.00,0.00,0.00,0.00,0.00,0.00,24.3,0.06,0.00,Matchs
530,Fabio Chiarodia,it ITA,DF,Werder Bremen,de Bundesliga,17,2005,0.7,31.4,28.6,2.86,2.86,0.00,1.43,0.00,0.00,0.00,0.00,0.00,0.00,21.4,0.00,1.43,Matchs
531,Federico Chiesa,it ITA,"DF,MT",Juventus,it Serie A,24,1997,9.5,35.6,32.2,3.37,0.53,0.11,0.53,4.53,2.11,0.74,0.00,0.53,0.00,25.9,0.00,1.58,Matchs
532,Ben Chilwell,eng ENG,"DF,MT",Chelsea,eng Premier League,25,1996,15.6,62.6,49.6,12.7,1.60,0.13,0.32,5.90,7.76,3.33,1.60,1.28,0.00,48.8,0.32,1.15,Matchs
533,Vlad Chiricheș,ro ROU,DF,Cremonese,it Serie A,32,1989,10.9,37.6,35.4,2.20,1.93,0.09,0.09,0.00,0.00,0.00,0.00,0.00,0.00,31.6,0.00,0.18,Matchs
534,Pedro Chirivella,es ESP,MT,Nantes,fr Ligue 1,25,1997,22.5,60.4,57.1,3.16,2.18,0.04,0.76,0.58,0.13,0.00,0.00,0.00,0.00,51.7,0.22,0.67,Matchs
535,Joris Chotard,fr FRA,MT,Montpellier,fr Ligue 1,20,2001,27.3,40.0,37.8,02.01,1.47,0.18,0.40,1.21,0.15,0.40,0.15,0.22,0.00,31.8,0.15,0.70,Matchs
536,Andreas Christensen,dk DEN,DF,Barcelona,es La Liga,26,1996,19.6,76.9,73.7,3.16,2.45,0.15,0.71,0.05,0.51,0.00,0.00,0.00,0.00,72.2,0.00,0.36,Matchs
537,Oliver Christensen,dk DEN,GB,Hertha BSC,de Bundesliga,23,1999,33.0,36.9,26.0,10.7,3.61,0.00,0.09,0.00,0.00,0.00,0.00,0.00,0.00,23.5,0.18,0.00,Matchs
538,Ryan Christie,sct SCO,"MT,AT",Bournemouth,eng Premier League,27,1995,20.4,31.9,30.4,1.37,0.15,0.29,0.34,1.57,0.20,0.98,0.54,0.25,0.00,25.5,0.10,0.78,Matchs
539,Carney Chukwuemeka,eng ENG,"MT,AT",Chelsea,eng Premier League,18,2003,3.9,52.1,51.8,0.26,0.00,0.00,0.51,0.77,0.00,0.00,0.00,0.00,0.00,45.9,0.00,1.54,Matchs
540,Samuel Chukwueze,ng NGA,"AT,MT",Villarreal,es La Liga,23,1999,26.0,34.9,33.6,1.15,0.12,0.35,0.15,01.08,0.58,0.46,0.12,0.00,0.00,26.8,0.19,1.23,Matchs
541,Darko Churlinov,mk MKD,AT,Stuttgart,de Bundesliga,22,2000,0.3,0.00,0.00,0.00,0.00,0.00,0.00,0.00,0.00,0.00,0.00,0.00,0.00,0.00,0.00,0.00,Matchs
542,Víctor Chust,es ESP,DF,Cádiz,es La Liga,22,2000,10.7,41.1,38.5,2.34,2.15,0.00,0.47,0.00,0.19,0.00,0.00,0.00,0.00,34.0,0.28,0.47,Matchs
543,Tolga Ciğerci,tr TUR,MT,Hertha BSC,de Bundesliga,30,1992,7.5,56.0,49.2,6.40,3.33,0.13,0.00,2.93,0.13,1.33,0.00,01.07,0.00,43.5,0.40,1.20,Matchs
544,Yanis Cimignani,fr FRA,"MT,DF",Ajaccio,fr Ligue 1,20,2002,3.1,36.5,32.6,3.55,0.32,0.00,0.00,3.23,2.90,0.32,0.32,0.00,0.00,24.2,0.32,1.94,Matchs
545,Daniel Ciofani,it ITA,AT,Cremonese,it Serie A,37,1985,11.8,16.5,15.7,0.76,0.00,0.17,0.08,0.17,0.00,0.00,0.00,0.00,0.00,10.2,0.08,0.59,Matchs
546,Tio Cipot,si SVN,"AT,MT",Spezia,it Serie A,19,2003,1.5,39.3,35.3,4.00,0.67,0.67,0.00,4.67,2.67,0.67,0.67,0.00,0.00,26.7,0.00,2.67,Matchs
547,Pathé Ciss,sn SEN,"MT,DF",Rayo Vallecano,es La Liga,28,1994,14.2,49.3,47.6,1.48,1.41,0.00,01.06,0.21,0.07,0.00,0.00,0.00,0.00,40.5,0.21,0.85,Matchs
548,Souleymane Cissé,fr FRA,DF,Clermont Foot,fr Ligue 1,19,2002,0.4,27.5,27.5,0.00,0.00,0.00,0.00,0.00,0.00,0.00,0.00,0.00,0.00,20.0,0.00,0.00,Matchs
549,Patrick Ciurria,it ITA,"DF,MT",Monza,it Serie A,27,1995,30.6,43.6,37.0,6.54,0.75,0.03,0.07,3.20,4.74,01.05,0.00,0.85,0.00,34.7,0.10,0.52,Matchs
550,Bobby Clark,eng ENG,MT,Liverpool,eng Premier League,17,2005,0.1,10.0,10.0,0.00,0.00,0.00,0.00,0.00,0.00,0.00,0.00,0.00,0.00,10.0,0.00,0.00,Matchs
Clt,Joueur,Nation,Pos,Équipe,Comp,Âge,Naissance,90,Att,Action de jeu,Coup de pied arrêté,CF,Tr,Tr,Ctr,PCF,Co,Rentrant,Sortant,Droit,Cmp,HJ,Balles contrées,Matchs
551,Alexis Claude-Maurice,fr FRA,AT,Nice,fr Ligue 1,24,1998,0.7,35.7,35.7,0.00,0.00,0.00,1.43,1.43,0.00,0.00,0.00,0.00,0.00,28.6,0.00,2.86,Matchs
552,Alexis Claude-Maurice,fr FRA,"MT,AT",Lens,fr Ligue 1,24,1998,6.7,35.8,35.2,0.45,0.00,0.30,0.00,01.04,0.00,0.45,0.30,0.00,0.00,30.0,0.15,0.90,Matchs
553,Jonathan Clauss,fr FRA,DF,Marseille,fr Ligue 1,29,1992,28.8,50.7,42.5,08.09,0.52,0.28,0.21,3.82,7.33,0.24,0.03,0.17,0.00,37.9,0.17,1.35,Matchs
554,Carlos Clerc,es ESP,"DF,MT",Elche,es La Liga,30,1992,29.3,47.7,38.4,9.11,01.02,0.03,0.27,03.04,7.99,0.10,0.00,0.10,0.00,35.5,0.20,1.23,Matchs
555,Nathaniel Clyne,eng ENG,DF,Crystal Palace,eng Premier League,31,1991,18.2,45.7,37.0,8.57,0.38,0.00,0.16,1.15,8.19,0.00,0.00,0.00,0.00,35.9,0.11,0.66,Matchs
556,Conor Coady,eng ENG,DF,Everton,eng Premier League,29,1993,23.3,51.9,50.2,1.50,1.33,0.04,0.43,0.04,0.13,0.00,0.00,0.00,0.00,44.0,0.21,0.04,Matchs
557,Nicolò Cocetta,it ITA,DF,Udinese,it Serie A,18,2003,0.4,30.0,27.5,2.50,0.00,0.00,0.00,0.00,2.50,0.00,0.00,0.00,0.00,27.5,0.00,0.00,Matchs
558,Marcus Coco,fr FRA,"AT,MT",Nantes,fr Ligue 1,26,1996,7.1,34.4,31.7,2.54,0.42,0.00,0.00,3.38,1.55,0.56,0.00,0.56,0.00,24.6,0.14,1.27,Matchs
559,Alexandre Coeff,fr FRA,DF,Auxerre,fr Ligue 1,30,1992,6.5,54.3,52.3,1.85,0.62,0.00,0.62,0.77,1.23,0.00,0.00,0.00,0.00,44.2,0.15,0.46,Matchs
560,Jack Colback,eng ENG,MT,Nott'ham Forest,eng Premier League,32,1989,5.5,26.0,25.3,0.73,0.36,0.00,0.00,0.18,0.18,0.00,0.00,0.00,0.00,21.6,0.00,0.55,Matchs
561,Séamus Coleman,ie IRL,DF,Everton,eng Premier League,33,1988,18.4,42.9,33.4,9.46,0.54,0.00,0.16,1.20,8.91,0.00,0.00,0.00,0.00,32.4,0.00,01.09,Matchs
562,David Čolina,hr CRO,"DF,AT",Augsburg,de Bundesliga,22,2000,1.8,39.4,29.4,10.0,0.56,0.00,0.56,3.33,9.44,0.00,0.00,0.00,0.00,22.8,0.00,2.78,Matchs
563,Álex Collado,es ESP,MT,Elche,es La Liga,23,1999,8.1,41.5,39.1,2.35,0.37,0.12,0.62,2.22,0.49,1.48,0.86,0.12,0.00,34.1,0.00,1.60,Matchs
564,Diego Collado,es ESP,AT,Villarreal,es La Liga,21,2001,0.1,70.0,70.0,0.00,0.00,0.00,0.00,20.0,0.00,0.00,0.00,0.00,0.00,50.0,0.00,10.0,Matchs
565,Omar Colley,gm GAM,DF,Sampdoria,it Serie A,29,1992,15.4,46.4,44.2,02.08,1.43,0.00,0.26,0.00,0.19,0.00,0.00,0.00,0.00,39.9,0.06,0.06,Matchs
566,Nathan Collins,ie IRL,DF,Wolves,eng Premier League,21,2001,20.2,56.3,55.0,1.14,0.84,0.00,0.45,0.00,0.30,0.00,0.00,0.00,0.00,49.6,0.15,0.25,Matchs
567,Lorenzo Colombo,it ITA,AT,Lecce,it Serie A,20,2002,16.8,19.8,18.8,0.77,0.00,0.00,0.54,0.60,0.12,0.00,0.00,0.00,0.00,12.4,0.18,0.83,Matchs
568,Andrea Colpani,it ITA,MT,Monza,it Serie A,23,1999,10.5,39.0,35.6,2.86,0.38,0.29,0.76,3.14,0.29,2.10,0.38,1.71,0.00,30.4,0.48,0.86,Matchs
569,Levi Colwill,eng ENG,DF,Brighton,eng Premier League,19,2003,13.6,85.7,80.6,4.71,1.99,0.15,0.07,0.07,0.81,0.00,0.00,0.00,0.00,75.5,0.37,0.44,Matchs
570,Kingsley Coman,fr FRA,"AT,MT",Bayern Munich,de Bundesliga,26,1996,15.7,51.3,50.2,0.96,0.06,0.25,0.51,4.71,0.76,0.13,0.00,0.06,0.00,40.8,0.19,1.27,Matchs
571,Eray Cömert,ch SUI,DF,Valencia,es La Liga,24,1998,18.6,50.8,47.8,2.85,2.37,0.00,1.29,0.05,0.00,0.00,0.00,0.00,0.00,43.8,0.11,0.32,Matchs
572,Santi Comesaña,es ESP,MT,Rayo Vallecano,es La Liga,25,1996,27.2,45.6,44.1,1.36,1.14,0.00,0.37,0.63,0.07,0.00,0.00,0.00,0.00,37.6,0.15,0.88,Matchs
573,Andrea Consigli,it ITA,GB,Sassuolo,it Serie A,35,1987,35.0,40.8,29.8,10.9,2.80,0.00,0.06,0.00,0.00,0.00,0.00,0.00,0.00,32.3,0.06,0.00,Matchs
574,Abdu Conté,pt POR,DF,Troyes,fr Ligue 1,24,1998,14.6,51.6,42.0,9.45,0.82,0.14,0.34,2.53,8.63,0.00,0.00,0.00,0.00,40.5,0.21,02.05,Matchs
575,Andrea Conti,it ITA,DF,Sampdoria,it Serie A,28,1994,0.3,36.7,23.3,13.3,0.00,0.00,0.00,0.00,13.3,0.00,0.00,0.00,0.00,20.0,0.00,0.00,Matchs
Clt,Joueur,Nation,Pos,Équipe,Comp,Âge,Naissance,90,Att,Action de jeu,Coup de pied arrêté,CF,Tr,Tr,Ctr,PCF,Co,Rentrant,Sortant,Droit,Cmp,HJ,Balles contrées,Matchs
576,Lewis Cook,eng ENG,MT,Bournemouth,eng Premier League,25,1997,19.1,39.3,36.2,2.93,1.68,0.05,0.16,2.36,0.00,0.79,0.79,0.00,0.00,31.0,0.16,01.05,Matchs
577,Steve Cook,eng ENG,DF,Nott'ham Forest,eng Premier League,31,1991,10.6,43.3,42.0,1.23,01.04,0.00,0.57,0.09,0.19,0.00,0.00,0.00,0.00,34.8,0.09,0.19,Matchs
578,Liam Cooper,sct SCO,DF,Leeds United,eng Premier League,30,1991,15.8,49.9,47.8,02.09,1.84,0.00,0.51,0.06,0.25,0.00,0.00,0.00,0.00,39.2,0.00,0.19,Matchs
579,Copete,es ESP,DF,Mallorca,es La Liga,22,1999,24.5,35.9,33.8,1.76,1.47,0.00,0.57,0.37,0.29,0.00,0.00,0.00,0.00,27.3,0.33,0.86,Matchs
580,Diego Coppola,it ITA,DF,Hellas Verona,it Serie A,18,2003,13.1,42.5,38.1,4.20,0.92,0.00,0.15,0.23,3.28,0.00,0.00,0.00,0.00,30.8,0.23,0.76,Matchs
581,Francis Coquelin,fr FRA,MT,Villarreal,es La Liga,31,1991,8.3,37.5,36.1,0.84,0.84,0.12,0.36,0.60,0.00,0.00,0.00,0.00,0.00,31.9,0.48,0.60,Matchs
582,Sébastien Corchia,fr FRA,DF,Nantes,fr Ligue 1,31,1990,8.7,42.6,34.4,8.16,0.57,0.00,0.00,4.94,6.78,0.80,0.00,0.57,0.00,29.5,0.11,1.26,Matchs
583,Alex Cordaz,it ITA,GB,Inter,it Serie A,39,1983,0.3,66.7,50.0,16.7,0.00,0.00,0.00,0.00,0.00,0.00,0.00,0.00,0.00,36.7,0.00,3.33,Matchs
584,Maxwel Cornet,ci CIV,AT,West Ham,eng Premier League,25,1996,2.7,35.9,34.4,0.74,0.00,0.00,0.00,2.22,0.37,0.00,0.00,0.00,0.00,26.7,0.74,2.59,Matchs
585,Jesús Corona,mx MEX,AT,Sevilla,es La Liga,29,1993,1.2,35.0,33.3,1.67,0.83,0.00,0.83,2.50,0.83,0.00,0.00,0.00,0.00,27.5,0.00,1.67,Matchs
586,Ángel Correa,ar ARG,"AT,MT",Atlético Madrid,es La Liga,27,1995,16.2,32.1,30.4,1.42,0.12,0.12,0.31,1.36,0.12,0.56,0.06,0.31,0.00,25.1,0.25,0.99,Matchs
587,Joaquín Correa,ar ARG,AT,Inter,it Serie A,27,1994,10.6,26.7,25.8,0.57,0.09,0.38,0.09,0.19,0.28,0.00,0.00,0.00,0.00,21.1,0.28,1.23,Matchs
588,Thierry Correia,pt POR,DF,Valencia,es La Liga,23,1999,22.3,61.1,50.9,10.0,1.26,0.04,0.31,3.90,8.79,0.00,0.00,0.00,0.00,47.0,0.13,1.52,Matchs
589,Alessandro Cortinovis,it ITA,MT,Hellas Verona,it Serie A,21,2001,0.1,60.0,60.0,0.00,0.00,0.00,0.00,10.0,0.00,0.00,0.00,0.00,0.00,50.0,0.00,0.00,Matchs
590,Danny da Costa,de GER,DF,Mainz 05,de Bundesliga,29,1993,13.7,44.3,33.6,10.5,0.00,0.00,0.22,3.80,10.4,0.07,0.00,0.07,0.00,27.2,0.22,1.46,Matchs
591,David Pereira da Costa,pt POR,"MT,AT",Lens,fr Ligue 1,21,2001,15.6,48.8,47.4,1.15,0.32,0.19,0.06,3.33,0.38,0.45,0.26,0.13,0.00,39.4,0.26,0.83,Matchs
592,Diego Costa,es ESP,AT,Wolves,eng Premier League,33,1988,13.8,16.0,14.8,1.23,0.07,0.07,0.00,0.43,0.00,0.07,0.00,0.00,0.00,11.4,0.00,0.94,Matchs
593,Jaume Costa,es ESP,DF,Mallorca,es La Liga,34,1988,28.9,40.3,32.7,7.27,0.42,0.00,0.31,2.60,6.85,0.00,0.00,0.00,0.00,29.6,0.31,01.07,Matchs
594,Logan Costa,cv CPV,DF,Toulouse,fr Ligue 1,21,2001,4.6,50.0,48.9,01.09,0.87,0.00,0.00,0.00,0.22,0.00,0.00,0.00,0.00,42.2,0.00,0.65,Matchs
595,Nuno da Costa,cv CPV,"AT,MT",Auxerre,fr Ligue 1,31,1991,22.3,17.1,16.3,0.76,0.04,0.13,0.18,0.67,0.00,0.00,0.00,0.00,0.00,11.7,0.00,0.45,Matchs
596,Samu Costa,pt POR,MT,Almería,es La Liga,21,2000,22.1,49.6,47.4,1.86,1.67,0.18,0.54,0.36,0.18,0.00,0.00,0.00,0.00,39.1,0.36,1.27,Matchs
597,Benoît Costil,fr FRA,GB,Auxerre,fr Ligue 1,35,1987,19.0,31.2,19.6,11.5,4.26,0.00,0.16,0.00,0.00,0.00,0.00,0.00,0.00,21.8,0.11,0.00,Matchs
598,Vladimír Coufal,cz CZE,DF,West Ham,eng Premier League,29,1992,23.7,49.5,38.3,11.0,0.68,0.00,0.00,4.77,10.3,0.00,0.00,0.00,0.00,30.8,0.30,1.98,Matchs
599,Lassana Coulibaly,ml MLI,MT,Salernitana,it Serie A,26,1996,32.1,36.6,35.8,0.72,0.62,0.09,0.16,0.31,0.09,0.00,0.00,0.00,0.00,30.5,0.06,0.81,Matchs
600,Soumaïla Coulibaly,fr FRA,DF,Dortmund,de Bundesliga,18,2003,0.5,92.0,92.0,0.00,0.00,0.00,0.00,0.00,0.00,0.00,0.00,0.00,0.00,90.0,0.00,2.00,Matchs
Clt,Joueur,Nation,Pos,Équipe,Comp,Âge,Naissance,90,Att,Action de jeu,Coup de pied arrêté,CF,Tr,Tr,Ctr,PCF,Co,Rentrant,Sortant,Droit,Cmp,HJ,Balles contrées,Matchs
601,Tanguy Coulibaly,fr FRA,"AT,DF",Stuttgart,de Bundesliga,21,2001,3.6,39.2,35.0,3.89,0.83,0.00,0.28,2.78,2.78,0.28,0.28,0.00,0.00,27.2,0.28,3.61,Matchs
602,Thibaut Courtois,be BEL,GB,Real Madrid,es La Liga,30,1992,31.0,36.6,30.4,6.19,1.29,0.00,0.10,0.00,0.00,0.00,0.00,0.00,0.00,31.6,0.06,0.03,Matchs
603,Mathieu Coutadeur,fr FRA,MT,Ajaccio,fr Ligue 1,36,1986,21.6,55.4,52.5,2.73,2.64,0.28,0.32,0.23,0.09,0.00,0.00,0.00,0.00,46.6,0.23,0.69,Matchs
604,Philippe Coutinho,br BRA,"MT,AT",Aston Villa,eng Premier League,30,1992,8.8,43.6,40.0,3.41,1.48,0.57,0.11,2.16,0.57,0.68,0.34,0.11,0.00,32.7,0.23,0.80,Matchs
605,Yan Couto,br BRA,"DF,MT",Girona,es La Liga,20,2002,12.9,46.4,40.7,5.58,0.39,0.00,0.39,4.88,5.12,0.08,0.08,0.00,0.00,34.4,0.08,1.32,Matchs
606,Conor Coventry,ie IRL,"MT,AT",West Ham,eng Premier League,22,2000,0.0,0,0,0,0,0,0,0,0,0,0,0,0,0,0,0,Matchs
607,Nicolas Cozza,fr FRA,DF,Montpellier,fr Ligue 1,23,1999,14.2,41.7,35.1,6.34,0.56,0.07,0.14,0.99,5.77,0.00,0.00,0.00,0.00,30.2,0.28,1.13,Matchs
608,Nicolas Cozza,fr FRA,DF,Wolfsburg,de Bundesliga,23,1999,1.1,40.0,37.3,2.73,0.91,0.00,0.00,0.00,1.82,0.00,0.00,0.00,0.00,30.0,0.00,0.00,Matchs
609,Alessio Cragno,it ITA,GB,Monza,it Serie A,28,1994,1.0,31.0,24.0,7.00,1.00,0.00,0.00,0.00,0.00,0.00,0.00,0.00,0.00,29.0,0.00,0.00,Matchs
610,Matthew Craig,sct SCO,MT,Tottenham,eng Premier League,19,2003,0.2,30.0,30.0,0.00,0.00,0.00,0.00,0.00,0.00,0.00,0.00,0.00,0.00,25.0,0.00,0.00,Matchs
611,Aaron Cresswell,eng ENG,DF,West Ham,eng Premier League,32,1989,24.8,58.4,46.7,11.6,1.61,0.04,0.20,5.36,7.74,2.26,0.20,1.77,0.04,45.4,0.12,1.41,Matchs
612,Bryan Cristante,it ITA,"MT,DF",Roma,it Serie A,27,1995,32.6,51.5,49.4,1.93,1.84,0.18,0.95,0.34,0.09,0.00,0.00,0.00,0.00,42.4,0.15,0.58,Matchs
613,Domen Črnigoj,si SVN,MT,Salernitana,it Serie A,26,1995,3.3,33.6,33.3,0.30,0.30,0.00,0.00,0.00,0.00,0.00,0.00,0.00,0.00,23.9,0.00,1.21,Matchs
614,Juan Cruz Armada,es ESP,DF,Osasuna,es La Liga,30,1992,22.9,43.0,34.5,8.21,0.70,0.00,0.04,1.53,7.34,0.00,0.00,0.00,0.00,32.6,0.26,0.92,Matchs
615,Juan Cruz,es ESP,AT,Betis,es La Liga,22,2000,2.0,19.5,19.0,0.50,0.50,0.00,0.00,3.00,0.00,0.00,0.00,0.00,0.00,12.5,0.00,1.00,Matchs
616,Juan Cuadrado,co COL,"DF,AT",Juventus,it Serie A,34,1988,23.1,57.3,48.7,8.35,1.26,0.00,1.21,3.59,5.54,1.56,0.52,0.91,0.00,48.2,0.17,0.74,Matchs
617,Marc Cucurella,es ESP,DF,Chelsea,eng Premier League,24,1998,18.6,69.5,58.8,10.3,1.51,0.00,0.11,2.37,8.12,0.70,0.43,0.16,0.00,58.6,0.43,1.40,Matchs
618,Jorge Cuenca,es ESP,DF,Villarreal,es La Liga,22,1999,5.6,68.6,65.4,03.04,1.61,0.18,1.25,0.18,0.36,0.00,0.00,0.00,0.00,59.6,0.18,0.54,Matchs
619,Braian Cufré,ar ARG,DF,Mallorca,es La Liga,25,1996,2.4,38.3,27.9,10.0,0.42,0.00,0.42,0.42,9.58,0.00,0.00,0.00,0.00,31.7,0.42,0.83,Matchs
620,Mickaël Cuisance,fr FRA,MT,Sampdoria,it Serie A,22,1999,6.9,32.3,29.1,3.19,1.45,0.43,0.72,2.90,0.43,01.01,0.58,0.43,0.00,25.5,0.00,0.87,Matchs
621,Matheus Cunha,br BRA,AT,Wolves,eng Premier League,23,1999,10.7,21.9,20.0,1.78,0.09,0.09,0.00,0.75,0.28,0.00,0.00,0.00,0.00,16.0,0.09,0.65,Matchs
622,Matheus Cunha,br BRA,"AT,MT",Atlético Madrid,es La Liga,23,1999,4.2,20.2,18.3,1.43,0.00,0.24,0.24,0.71,0.24,0.00,0.00,0.00,0.00,15.2,0.48,0.71,Matchs
623,Curro,es ESP,MT,Almería,es La Liga,26,1996,0.5,56.0,48.0,6.00,2.00,0.00,0.00,2.00,0.00,4.00,0.00,2.00,0.00,42.0,2.00,2.00,Matchs
624,Marco D'Alessandro,it ITA,"DF,AT",Monza,it Serie A,31,1991,3.2,35.9,31.3,4.38,0.63,0.00,0.00,04.06,3.75,0.00,0.00,0.00,0.00,24.7,0.31,0.94,Matchs
625,Danilo D'Ambrosio,it ITA,DF,Inter,it Serie A,33,1988,8.1,68.8,65.4,3.21,1.60,0.00,0.25,1.11,1.60,0.00,0.00,0.00,0.00,60.9,0.12,0.25,Matchs
Clt,Joueur,Nation,Pos,Équipe,Comp,Âge,Naissance,90,Att,Action de jeu,Coup de pied arrêté,CF,Tr,Tr,Ctr,PCF,Co,Rentrant,Sortant,Droit,Cmp,HJ,Balles contrées,Matchs
626,Luca D'Andrea,it ITA,AT,Sassuolo,it Serie A,17,2004,3.5,24.0,22.9,1.14,0.00,0.29,0.00,2.00,0.29,0.86,0.00,0.00,0.00,17.4,0.00,0.29,Matchs
627,Damien Da Silva,fr FRA,DF,Lyon,fr Ligue 1,34,1988,3.8,66.8,62.6,4.21,0.53,0.00,0.79,0.53,3.68,0.00,0.00,0.00,0.00,57.1,0.00,0.79,Matchs
628,Moanes Dabbur,il ISR,AT,Hoffenheim,de Bundesliga,30,1992,10.4,27.6,26.6,0.87,0.00,0.10,0.10,0.58,0.29,0.00,0.00,0.00,0.00,19.6,0.10,0.77,Matchs
629,Andréa Dacourt,fr FRA,MT,Nice,fr Ligue 1,17,2005,0.0,0,0,0,0,0,0,0,0,0,0,0,0,0,0,0,Matchs
630,Colin Dagba,fr FRA,"DF,MT",Strasbourg,fr Ligue 1,23,1998,10.6,46.8,37.3,9.34,0.47,0.00,0.00,3.30,8.77,0.09,0.00,0.00,0.00,37.8,0.19,1.32,Matchs
631,Finn Dahmen,de GER,GB,Mainz 05,de Bundesliga,24,1998,8.0,35.0,25.4,9.63,2.88,0.00,0.00,0.00,0.00,0.00,0.00,0.00,0.00,23.1,0.00,0.00,Matchs
632,Mahmoud Dahoud,de GER,MT,Dortmund,de Bundesliga,26,1996,3.7,70.0,68.4,01.08,0.54,0.27,0.27,0.81,0.00,0.54,0.00,0.54,0.00,57.6,0.54,1.89,Matchs
633,Patson Daka,zm ZAM,AT,Leicester City,eng Premier League,23,1998,13.2,22.3,20.0,2.20,0.00,0.38,0.00,0.61,0.76,0.00,0.00,0.00,0.00,14.8,0.15,0.83,Matchs
634,Thijs Dallinga,nl NED,AT,Toulouse,fr Ligue 1,21,2000,26.1,20.0,19.8,0.15,0.00,0.00,0.15,0.69,0.08,0.00,0.00,0.00,0.00,12.5,0.08,1.23,Matchs
635,Diogo Dalot,pt POR,DF,Manchester Utd,eng Premier League,23,1999,23.9,60.3,50.9,9.16,0.71,0.13,0.84,1.84,8.45,0.00,0.00,0.00,0.00,47.7,0.25,1.46,Matchs
636,Muhammed Damar,de GER,MT,Hoffenheim,de Bundesliga,18,2004,1.8,36.1,35.0,0.56,0.00,0.00,0.00,1.11,0.56,0.00,0.00,0.00,0.00,28.9,0.56,1.11,Matchs
637,Mikkel Damsgaard,dk DEN,"MT,AT",Brentford,eng Premier League,22,2000,11.0,37.0,35.2,1.27,0.73,0.45,0.18,2.64,0.09,0.18,0.09,0.09,0.00,25.0,0.55,01.09,Matchs
638,Flavius Daniliuc,at AUT,DF,Salernitana,it Serie A,21,2001,24.4,46.2,44.2,1.89,1.52,0.00,0.41,0.00,0.37,0.00,0.00,0.00,0.00,39.7,0.12,0.45,Matchs
639,Flavius Daniliuc,at AUT,DF,Nice,fr Ligue 1,21,2001,1.0,63.0,50.0,13.0,2.00,0.00,1.00,2.00,11.0,0.00,0.00,0.00,0.00,57.0,0.00,1.00,Matchs
640,Danilo,br BRA,MT,Nott'ham Forest,eng Premier League,21,2001,10.8,21.8,20.8,0.65,0.00,0.19,0.09,0.28,0.19,0.00,0.00,0.00,0.00,13.7,0.28,1.67,Matchs
641,Danilo,br BRA,DF,Juventus,it Serie A,31,1991,35.4,62.9,56.9,5.71,1.58,0.11,0.51,0.51,3.59,0.00,0.00,0.00,0.00,53.2,0.23,0.54,Matchs
642,Arnaut Danjuma,nl NED,"AT,MT",Tottenham,eng Premier League,25,1997,1.9,29.5,29.5,0.00,0.00,0.00,0.00,01.05,0.00,0.00,0.00,0.00,0.00,20.5,0.00,2.11,Matchs
643,Arnaut Danjuma,nl NED,AT,Villarreal,es La Liga,25,1997,5.3,17.9,15.7,2.26,0.19,0.00,0.00,1.13,0.38,0.38,0.00,0.00,0.00,13.2,0.00,0.19,Matchs
644,Kévin Danois,fr FRA,MT,Auxerre,fr Ligue 1,18,2004,0.0,1,1,0,0,0,0,0,0,0,0,0,0,1,0,0,Matchs
645,Kevin Danso,at AUT,DF,Lens,fr Ligue 1,23,1998,35.9,65.1,62.1,2.95,2.20,0.03,0.03,0.00,0.19,0.00,0.00,0.00,0.00,58.6,0.00,0.31,Matchs
646,Dante,br BRA,DF,Nice,fr Ligue 1,38,1983,36.7,72.0,69.5,2.40,1.88,0.11,0.33,0.05,0.25,0.00,0.00,0.00,0.00,64.7,0.14,0.38,Matchs
647,Márton Dárdai,de GER,"DF,MT",Hertha BSC,de Bundesliga,20,2002,10.5,36.0,34.2,1.62,1.33,0.10,0.67,0.10,0.19,0.10,0.10,0.00,0.00,21.4,0.19,0.57,Matchs
648,Sergi Darder,es ESP,MT,Espanyol,es La Liga,28,1993,36.9,44.1,37.4,6.42,2.95,0.38,0.51,4.91,0.30,2.52,01.06,1.00,0.08,32.0,0.27,01.08,Matchs
649,Achraf Dari,ma MAR,DF,Brest,fr Ligue 1,23,1999,14.6,47.3,45.3,1.85,1.85,0.00,0.48,0.07,0.00,0.00,0.00,0.00,0.00,37.5,0.14,0.27,Matchs
650,Vladimír Darida,cz CZE,MT,Hertha BSC,de Bundesliga,31,1990,0.3,40.0,33.3,6.67,3.33,0.00,0.00,0.00,0.00,3.33,0.00,0.00,0.00,26.7,0.00,0.00,Matchs
Clt,Joueur,Nation,Pos,Équipe,Comp,Âge,Naissance,90,Att,Action de jeu,Coup de pied arrêté,CF,Tr,Tr,Ctr,PCF,Co,Rentrant,Sortant,Droit,Cmp,HJ,Balles contrées,Matchs
651,Matteo Darmian,it ITA,DF,Inter,it Serie A,32,1989,22.5,61.2,55.4,5.64,0.80,0.09,0.71,1.24,4.84,0.00,0.00,0.00,0.00,52.9,0.13,0.76,Matchs
652,Josh Dasilva,eng ENG,MT,Brentford,eng Premier League,23,1998,15.4,40.1,38.4,1.62,0.52,0.06,0.06,2.14,0.71,0.39,0.26,0.00,0.00,31.9,0.06,1.10,Matchs
653,David Datro Fofana,ci CIV,AT,Chelsea,eng Premier League,19,2002,0.8,11.3,11.3,0.00,0.00,1.25,0.00,1.25,0.00,0.00,0.00,0.00,0.00,8.75,0.00,0.00,Matchs
654,Jonathan David,ca CAN,AT,Lille,fr Ligue 1,22,2000,35.2,24.9,23.2,1.48,0.03,0.17,0.03,0.20,0.14,0.00,0.00,0.00,0.00,20.3,0.17,0.91,Matchs
655,Alphonso Davies,ca CAN,DF,Bayern Munich,de Bundesliga,21,2000,22.7,69.0,60.7,7.97,1.15,0.09,0.40,1.10,6.83,0.00,0.00,0.00,0.00,60.0,0.35,0.97,Matchs
656,Ben Davies,wls WAL,DF,Tottenham,eng Premier League,29,1993,25.4,50.4,46.9,3.43,01.06,0.04,0.31,1.38,2.36,0.00,0.00,0.00,0.00,40.9,0.16,0.87,Matchs
657,Tom Davies,eng ENG,MT,Everton,eng Premier League,24,1998,6.0,39.0,37.8,1.00,0.83,0.50,0.50,0.33,0.17,0.00,0.00,0.00,0.00,28.8,0.17,1.00,Matchs
658,Paweł Dawidowicz,pl POL,DF,Hellas Verona,it Serie A,27,1995,18.1,45.7,41.8,3.87,1.71,0.06,0.06,0.72,2.15,0.00,0.00,0.00,0.00,33.9,0.06,0.61,Matchs
659,Craig Dawson,eng ENG,DF,West Ham,eng Premier League,32,1990,8.0,38.8,37.4,1.13,1.00,0.00,0.25,0.25,0.13,0.00,0.00,0.00,0.00,30.6,0.25,0.38,Matchs
660,Craig Dawson,eng ENG,DF,Wolves,eng Premier League,32,1990,15.7,59.0,57.1,1.72,1.40,0.00,0.25,0.00,0.32,0.00,0.00,0.00,0.00,49.7,0.13,0.19,Matchs
661,Kevin De Bruyne,be BEL,MT,Manchester City,eng Premier League,31,1991,26.9,60.4,54.1,5.95,1.97,01.04,1.00,8.40,1.15,2.68,0.74,1.19,0.22,44.3,0.45,1.52,Matchs
662,Charles De Ketelaere,be BEL,"MT,AT",Milan,it Serie A,21,2001,12.4,30.9,29.2,1.69,0.16,0.16,0.16,0.81,0.73,0.00,0.00,0.00,0.00,24.1,0.00,01.05,Matchs
663,Manuel De Luca,it ITA,"AT,MT",Sampdoria,it Serie A,24,1998,0.5,16.0,16.0,0.00,0.00,0.00,0.00,0.00,0.00,0.00,0.00,0.00,0.00,10.0,0.00,0.00,Matchs
664,Tommaso De Nipoti,it ITA,MT,Atalanta,it Serie A,19,2003,0.0,5,5,0,0,0,1,0,0,0,0,0,0,3,0,0,Matchs
665,Rodrigo De Paul,ar ARG,MT,Atlético Madrid,es La Liga,28,1994,21.4,66.4,62.4,3.46,2.20,0.79,1.50,2.20,0.70,0.37,0.09,0.19,0.00,54.2,0.56,1.26,Matchs
666,Mattia De Sciglio,it ITA,DF,Juventus,it Serie A,29,1992,11.6,49.1,40.9,08.02,0.60,0.00,0.52,2.24,7.41,0.00,0.00,0.00,0.00,38.8,0.09,0.34,Matchs
667,Lorenzo De Silvestri,it ITA,DF,Bologna,it Serie A,34,1988,7.5,57.3,46.9,10.4,0.80,0.13,0.13,0.93,9.60,0.00,0.00,0.00,0.00,44.0,0.00,0.80,Matchs
668,Thibault De Smet,be BEL,DF,Reims,fr Ligue 1,24,1998,19.5,57.6,47.1,10.2,0.36,0.00,0.05,2.46,9.59,0.21,0.00,0.10,0.00,45.0,0.36,1.18,Matchs
669,Koni De Winter,be BEL,DF,Empoli,it Serie A,20,2002,11.4,43.3,41.5,1.84,1.14,0.00,0.00,0.00,0.09,0.00,0.00,0.00,0.00,37.2,0.00,0.18,Matchs
670,Grégoire Defrel,mq MTQ,AT,Sassuolo,it Serie A,31,1991,13.0,19.2,16.8,2.38,0.00,0.08,0.08,0.08,0.08,0.15,0.08,0.00,0.00,16.2,0.00,0.38,Matchs
671,Duccio Degl'Innocenti,it ITA,MT,Empoli,it Serie A,19,2003,0.0,0,0,0,0,0,0,0,0,0,0,0,0,0,0,0,Matchs
672,Brecht Dejaegere,be BEL,MT,Toulouse,fr Ligue 1,31,1991,20.1,33.0,30.8,1.99,0.10,0.25,0.15,0.95,0.40,0.05,0.05,0.00,0.00,25.8,0.25,0.90,Matchs
673,Romain Del Castillo,fr FRA,"MT,AT",Brest,fr Ligue 1,26,1996,15.8,42.6,36.7,5.63,1.52,0.51,0.25,6.39,1.27,2.66,1.20,1.46,0.00,28.4,0.25,0.95,Matchs
674,Alberto Del Moral,es ESP,MT,Villarreal,es La Liga,22,2000,0.1,10.0,10.0,0.00,0.00,0.00,0.00,0.00,0.00,0.00,0.00,0.00,0.00,0.00,0.00,0.00,Matchs
675,Thomas Delaine,fr FRA,"DF,MT",Strasbourg,fr Ligue 1,30,1992,11.9,45.1,36.3,8.74,0.34,0.08,0.08,5.55,8.40,0.00,0.00,0.00,0.00,29.9,0.08,02.02,Matchs
Clt,Joueur,Nation,Pos,Équipe,Comp,Âge,Naissance,90,Att,Action de jeu,Coup de pied arrêté,CF,Tr,Tr,Ctr,PCF,Co,Rentrant,Sortant,Droit,Cmp,HJ,Balles contrées,Matchs
676,Thomas Delaney,dk DEN,MT,Sevilla,es La Liga,30,1991,3.4,48.2,46.8,1.18,0.88,0.00,0.29,1.18,0.29,0.00,0.00,0.00,0.00,41.2,0.29,0.29,Matchs
677,Thomas Delaney,dk DEN,MT,Hoffenheim,de Bundesliga,30,1991,3.3,49.1,47.3,1.82,1.82,0.00,0.61,0.91,0.00,0.00,0.00,0.00,0.00,33.3,0.00,1.82,Matchs
678,Sacha Delaye,fr FRA,"AT,MT",Montpellier,fr Ligue 1,20,2002,0.2,70.0,60.0,10.0,0.00,0.00,0.00,0.00,10.0,0.00,0.00,0.00,0.00,40.0,0.00,5.00,Matchs
679,Fran Delgado,es ESP,DF,Betis,es La Liga,21,2001,0.1,80.0,70.0,10.0,0.00,0.00,0.00,10.0,10.0,0.00,0.00,0.00,0.00,70.0,0.00,0.00,Matchs
680,Andy Delort,dz ALG,AT,Nice,fr Ligue 1,30,1991,8.7,26.4,24.3,1.95,0.11,0.11,0.23,1.72,0.00,0.00,0.00,0.00,0.00,16.0,0.23,0.46,Matchs
681,Andy Delort,dz ALG,AT,Nantes,fr Ligue 1,30,1991,5.2,26.5,24.4,1.92,0.00,0.00,0.19,3.27,0.38,0.19,0.00,0.19,0.00,14.0,0.19,0.58,Matchs
682,Karamoko Dembele,sct SCO,"AT,MT",Brest,fr Ligue 1,19,2003,2.0,44.5,38.0,6.00,2.00,0.00,0.00,7.00,1.50,2.50,0.50,1.00,0.00,29.5,0.50,1.50,Matchs
683,Moussa Dembélé,fr FRA,"AT,MT",Lyon,fr Ligue 1,26,1996,9.7,19.7,18.1,1.55,0.00,0.00,0.00,0.21,0.10,0.00,0.00,0.00,0.00,14.2,0.00,01.03,Matchs
684,Ousmane Dembélé,fr FRA,AT,Barcelona,es La Liga,25,1997,15.7,54.4,48.9,5.10,0.45,0.83,0.25,6.75,0.51,4.14,01.08,1.21,0.06,40.9,0.38,2.42,Matchs
685,Siriki Dembélé,ci CIV,"AT,MT",Bournemouth,eng Premier League,25,1996,1.2,39.2,37.5,1.67,0.00,0.00,0.00,2.50,1.67,0.00,0.00,0.00,0.00,30.8,0.00,0.83,Matchs
686,Siriki Dembélé,ci CIV,"MT,AT",Auxerre,fr Ligue 1,25,1996,4.1,23.7,22.9,0.73,0.24,0.00,0.00,1.46,0.24,0.24,0.24,0.00,0.00,19.0,0.00,0.73,Matchs
687,Merih Demiral,tr TUR,DF,Atalanta,it Serie A,24,1998,17.1,38.2,34.3,3.86,2.40,0.00,0.18,0.12,0.12,0.00,0.00,0.00,0.00,32.7,0.00,0.06,Matchs
688,Kerem Demirbay,de GER,MT,Leverkusen,de Bundesliga,29,1993,17.2,62.2,54.7,7.21,3.26,0.17,0.47,5.23,0.41,3.20,1.69,1.16,0.00,48.1,0.29,1.10,Matchs
689,Ermedin Demirović,ba BIH,"AT,MT",Augsburg,de Bundesliga,24,1998,26.3,20.3,19.0,01.03,0.00,0.08,0.08,0.72,0.19,0.00,0.00,0.00,0.00,10.2,0.19,1.22,Matchs
690,Diego Demme,de GER,MT,Napoli,it Serie A,30,1991,1.6,119.4,116.9,2.50,2.50,0.00,0.00,0.00,0.00,0.00,0.00,0.00,0.00,113.1,0.00,0.63,Matchs
691,Sepp van den Berg,nl NED,DF,Schalke 04,de Bundesliga,20,2001,7.7,43.4,41.4,1.82,1.17,0.00,0.39,0.00,0.65,0.00,0.00,0.00,0.00,36.0,0.13,0.00,Matchs
692,Branco van den Boomen,nl NED,MT,Toulouse,fr Ligue 1,27,1995,32.1,69.0,58.9,9.66,2.77,0.37,2.18,8.79,0.65,5.26,1.81,3.15,0.00,52.5,0.40,1.15,Matchs
693,Leander Dendoncker,be BEL,MT,Aston Villa,eng Premier League,27,1995,7.7,36.9,36.1,0.65,0.52,0.00,0.00,0.26,0.13,0.00,0.00,0.00,0.00,32.2,0.13,0.65,Matchs
694,Leander Dendoncker,be BEL,MT,Wolves,eng Premier League,27,1995,2.4,41.3,40.0,1.25,1.25,0.00,0.83,0.42,0.00,0.00,0.00,0.00,0.00,35.8,0.00,02.08,Matchs
695,Emmanuel Dennis,ng NGA,"AT,MT",Nott'ham Forest,eng Premier League,24,1997,8.0,22.9,22.3,0.50,0.00,0.00,0.00,1.38,0.38,0.00,0.00,0.00,0.00,15.5,0.13,1.75,Matchs
696,Fabio Depaoli,it ITA,DF,Hellas Verona,it Serie A,25,1997,24.1,28.4,20.7,7.59,0.21,0.04,0.08,2.49,7.30,0.08,0.04,0.04,0.00,18.3,0.12,0.71,Matchs
697,Fabio Depaoli,it ITA,"DF,MT",Sampdoria,it Serie A,25,1997,1.5,63.3,50.0,13.3,0.67,0.67,0.00,5.33,12.7,0.00,0.00,0.00,0.00,49.3,0.00,0.67,Matchs
698,Kastriot Dermaku,al ALB,DF,Lecce,it Serie A,30,1992,0.4,5.00,5.00,0.00,0.00,0.00,0.00,0.00,0.00,0.00,0.00,0.00,0.00,2.50,0.00,0.00,Matchs
699,Halil Dervişoğlu,tr TUR,MT,Brentford,eng Premier League,22,1999,0.1,0.00,0.00,0.00,0.00,0.00,0.00,0.00,0.00,0.00,0.00,0.00,0.00,0.00,0.00,0.00,Matchs
700,Rémy Descamps,fr FRA,GB,Nantes,fr Ligue 1,26,1996,1.0,26.0,18.0,8.00,2.00,0.00,0.00,0.00,0.00,0.00,0.00,0.00,0.00,22.0,0.00,0.00,Matchs
Clt,Joueur,Nation,Pos,Équipe,Comp,Âge,Naissance,90,Att,Action de jeu,Coup de pied arrêté,CF,Tr,Tr,Ctr,PCF,Co,Rentrant,Sortant,Droit,Cmp,HJ,Balles contrées,Matchs
701,Mikkel Desler,dk DEN,DF,Toulouse,fr Ligue 1,27,1995,25.1,62.7,53.3,9.16,0.88,0.04,0.08,1.67,8.29,0.00,0.00,0.00,0.00,53.2,0.20,1.43,Matchs
702,Cyriel Dessers,ng NGA,AT,Cremonese,it Serie A,27,1994,17.6,15.9,14.2,1.65,0.00,0.06,0.06,0.45,0.17,0.00,0.00,0.00,0.00,10.2,0.06,0.51,Matchs
703,Sergiño Dest,us USA,DF,Milan,it Serie A,21,2000,3.7,53.5,41.6,11.9,0.27,0.00,0.27,01.08,11.6,0.00,0.00,0.00,0.00,45.7,0.00,1.35,Matchs
704,Mattia Destro,it ITA,"AT,MT",Empoli,it Serie A,31,1991,6.4,12.3,11.6,0.78,0.00,0.00,0.00,0.31,0.00,0.00,0.00,0.00,0.00,6.88,0.00,0.78,Matchs
705,Gerard Deulofeu,es ESP,AT,Udinese,it Serie A,28,1994,13.5,43.6,35.2,8.15,2.00,0.07,0.00,4.37,01.04,3.19,1.48,01.04,0.00,32.8,0.22,01.04,Matchs
706,Kiernan Dewsbury-Hall,eng ENG,MT,Leicester City,eng Premier League,23,1998,25.6,45.1,43.8,0.94,0.35,0.35,0.78,1.80,0.12,0.27,0.27,0.00,0.00,34.1,0.39,01.02,Matchs
707,Samuel Di Carmine,it ITA,"AT,MT",Cremonese,it Serie A,33,1988,0.3,26.7,23.3,3.33,0.00,0.00,0.00,0.00,0.00,0.00,0.00,0.00,0.00,20.0,0.00,0.00,Matchs
708,Federico Di Francesco,it ITA,"AT,MT",Lecce,it Serie A,28,1994,22.6,22.6,20.6,1.86,0.09,0.31,0.13,1.99,0.49,1.28,0.00,0.09,0.00,15.0,0.13,01.06,Matchs
709,Michele Di Gregorio,it ITA,GB,Monza,it Serie A,25,1997,37.0,40.9,31.4,9.46,2.78,0.00,0.24,0.00,0.00,0.00,0.00,0.00,0.00,31.1,0.08,0.00,Matchs
710,Giovanni Di Lorenzo,it ITA,DF,Napoli,it Serie A,28,1993,36.2,74.2,63.8,10.1,1.60,0.14,0.69,2.43,8.40,0.06,0.00,0.00,0.00,62.8,0.28,1.69,Matchs
711,Ángel Di María,ar ARG,"AT,MT",Juventus,it Serie A,34,1988,15.1,44.7,37.8,6.42,1.92,0.46,0.93,6.42,01.06,2.91,01.06,1.66,0.00,32.3,0.46,1.39,Matchs
712,Boulaye Dia,sn SEN,"AT,MT",Salernitana,it Serie A,25,1996,28.0,21.0,20.2,0.71,0.00,0.07,0.25,0.21,0.11,0.00,0.00,0.00,0.00,16.0,0.11,01.07,Matchs
713,Moussa Diaby,fr FRA,"AT,MT",Leverkusen,de Bundesliga,23,1999,30.0,33.4,31.3,1.90,0.20,0.40,0.17,3.17,0.93,0.43,0.13,0.17,0.00,24.7,0.27,01.03,Matchs
714,Mouctar Diakhaby,gn GUI,DF,Valencia,es La Liga,25,1996,27.2,43.6,41.9,1.54,1.36,0.00,0.44,0.04,0.04,0.00,0.00,0.00,0.00,35.7,0.07,0.22,Matchs
715,Mamadou Diakhon,fr FRA,AT,Reims,fr Ligue 1,16,2005,0.2,10.0,10.0,0.00,0.00,0.00,0.00,0.00,0.00,0.00,0.00,0.00,0.00,10.0,0.00,0.00,Matchs
716,Bafodé Diakité,fr FRA,DF,Lille,fr Ligue 1,21,2001,29.5,65.9,56.2,9.66,1.59,0.00,0.17,0.64,08.03,0.00,0.00,0.00,0.00,58.6,0.07,0.88,Matchs
717,Ibrahim Diakité,gn GUI,DF,Reims,fr Ligue 1,18,2003,1.5,45.3,32.0,13.3,0.67,0.00,0.00,4.67,12.7,0.00,0.00,0.00,0.00,32.0,0.00,1.33,Matchs
718,Abdou Diallo,sn SEN,"DF,MT",RB Leipzig,de Bundesliga,26,1996,5.3,71.9,68.9,2.83,2.45,0.19,0.57,0.19,0.38,0.00,0.00,0.00,0.00,60.9,0.19,0.38,Matchs
719,Baila Diallo,fr FRA,"DF,MT",Clermont Foot,fr Ligue 1,21,2001,1.0,47.0,32.0,15.0,0.00,0.00,0.00,5.00,15.0,0.00,0.00,0.00,0.00,32.0,0.00,2.00,Matchs
720,Habib Diallo,sn SEN,AT,Strasbourg,fr Ligue 1,27,1995,32.0,18.7,18.0,0.53,0.03,0.22,0.13,0.22,0.00,0.00,0.00,0.00,0.00,12.4,0.16,0.97,Matchs
721,Ibrahima Diallo,fr FRA,MT,Southampton,eng Premier League,23,1999,9.1,44.2,43.4,0.77,0.77,0.00,0.22,0.44,0.00,0.00,0.00,0.00,0.00,34.8,0.00,0.99,Matchs
722,Ismael Diallo,ci CIV,DF,Ajaccio,fr Ligue 1,25,1997,24.2,44.5,36.4,7.98,0.45,0.17,0.21,1.45,7.52,0.00,0.00,0.00,0.00,33.2,0.12,01.03,Matchs
723,Mamady Diarra,ml MLI,"MT,DF",Cádiz,es La Liga,22,2000,0.7,12.9,12.9,0.00,0.00,0.00,0.00,0.00,0.00,0.00,0.00,0.00,0.00,11.4,0.00,1.43,Matchs
724,Mouhamadou Diarra,fr FRA,"MT,AT",Strasbourg,fr Ligue 1,18,2004,18.1,36.5,34.7,1.77,0.17,0.17,0.17,2.65,1.10,0.06,0.00,0.00,0.00,28.0,0.00,0.72,Matchs
725,Moussa Diarra,ml MLI,DF,Toulouse,fr Ligue 1,21,2000,13.6,47.5,40.6,6.54,1.54,0.00,0.37,0.96,5.00,0.00,0.00,0.00,0.00,39.5,0.37,1.10,Matchs
Clt,Joueur,Nation,Pos,Équipe,Comp,Âge,Naissance,90,Att,Action de jeu,Coup de pied arrêté,CF,Tr,Tr,Ctr,PCF,Co,Rentrant,Sortant,Droit,Cmp,HJ,Balles contrées,Matchs
726,Stéphane Diarra,fr FRA,"AT,MT",Lorient,fr Ligue 1,23,1998,11.8,27.8,26.5,1.27,0.08,0.00,0.00,1.27,0.85,0.34,0.17,0.00,0.00,20.3,0.00,1.27,Matchs
727,Youba Diarra,ml MLI,MT,Cádiz,es La Liga,24,1998,1.1,44.5,44.5,0.00,0.00,0.91,0.00,0.00,0.00,0.00,0.00,0.00,0.00,36.4,0.00,0.91,Matchs
728,Rúben Dias,pt POR,DF,Manchester City,eng Premier League,25,1997,22.2,93.7,91.4,2.30,1.71,0.05,0.27,0.05,0.32,0.00,0.00,0.00,0.00,86.8,0.00,0.32,Matchs
729,Krépin Diatta,sn SEN,"MT,AT",Monaco,fr Ligue 1,23,1999,23.0,33.5,32.4,0.83,0.04,0.00,0.09,2.35,0.78,0.00,0.00,0.00,0.00,25.3,0.26,0.91,Matchs
730,Mory Diaw,sn SEN,GB,Clermont Foot,fr Ligue 1,29,1993,37.0,39.6,27.9,11.6,4.73,0.00,0.22,0.00,0.00,0.00,0.00,0.00,0.00,27.9,0.08,0.03,Matchs
731,Brahim Díaz,es ESP,"MT,AT",Milan,it Serie A,22,1999,21.4,33.6,31.6,1.73,0.37,0.51,0.09,0.93,0.42,0.28,0.00,0.19,0.00,26.9,0.23,1.12,Matchs
732,Luis Díaz,co COL,AT,Liverpool,eng Premier League,25,1997,11.1,41.6,40.8,0.63,0.00,0.00,0.63,0.72,0.54,0.09,0.00,0.00,0.00,33.9,0.18,1.35,Matchs
733,Justin Diehl,de GER,"MT,AT",Köln,de Bundesliga,17,2004,0.2,10.0,10.0,0.00,0.00,0.00,0.00,0.00,0.00,0.00,0.00,0.00,0.00,10.0,0.00,0.00,Matchs
734,Bamba Dieng,sn SEN,"AT,MT",Marseille,fr Ligue 1,22,2000,2.2,19.5,17.7,1.82,0.00,0.00,0.00,0.45,0.00,0.00,0.00,0.00,0.00,12.3,0.00,0.45,Matchs
735,Bamba Dieng,sn SEN,AT,Lorient,fr Ligue 1,22,2000,8.3,17.0,16.3,0.72,0.00,0.12,0.00,0.60,0.24,0.00,0.00,0.00,0.00,12.8,0.00,01.08,Matchs
736,Eric Dier,eng ENG,DF,Tottenham,eng Premier League,28,1994,31.3,63.9,61.6,2.17,1.85,0.06,0.54,0.35,0.26,0.00,0.00,0.00,0.00,54.6,0.13,0.48,Matchs
737,Florian Dietz,de GER,AT,Köln,de Bundesliga,23,1998,4.4,17.3,15.0,02.05,0.00,0.00,0.00,0.91,0.45,0.00,0.00,0.00,0.00,8.86,0.23,0.68,Matchs
738,Lucas Digne,fr FRA,DF,Aston Villa,eng Premier League,29,1993,16.7,55.5,44.9,10.6,1.38,0.00,0.24,4.61,8.50,0.72,0.30,0.24,0.00,41.7,0.06,1.38,Matchs
739,Federico Dimarco,it ITA,DF,Inter,it Serie A,24,1997,23.0,54.7,45.0,9.57,1.70,0.00,0.91,9.00,05.04,2.61,0.70,1.57,0.00,40.2,0.09,0.91,Matchs
740,Stole Dimitrievski,mk MKD,GB,Rayo Vallecano,es La Liga,28,1993,36.9,30.5,19.4,10.8,2.68,0.00,0.11,0.00,0.00,0.00,0.00,0.00,0.00,18.7,0.24,0.03,Matchs
741,Junior Dina Ebimbe,fr FRA,"DF,MT",Eint Frankfurt,de Bundesliga,21,2000,11.8,42.8,38.0,4.49,0.25,0.17,0.00,0.68,4.24,0.00,0.00,0.00,0.00,31.0,0.34,0.76,Matchs
742,Tristan Dingomé,cm CMR,MT,Troyes,fr Ligue 1,31,1991,1.1,70.9,61.8,8.18,1.82,0.00,0.00,4.55,1.82,4.55,1.82,0.91,0.00,50.0,0.91,0.91,Matchs
743,Eren Dinkçi,de GER,"AT,MT",Werder Bremen,de Bundesliga,20,2001,2.6,29.6,26.2,2.69,0.00,0.00,0.38,1.54,1.92,0.00,0.00,0.00,0.00,19.2,0.77,0.38,Matchs
744,Sinaly Diomande,ci CIV,DF,Lyon,fr Ligue 1,21,2001,21.7,67.6,63.1,4.52,1.98,0.00,0.09,0.09,2.44,0.00,0.00,0.00,0.00,57.9,0.05,0.83,Matchs
745,Lois Diony,fr FRA,AT,Angers,fr Ligue 1,29,1992,5.6,25.4,22.7,2.68,0.00,0.00,0.18,0.54,0.36,0.00,0.00,0.00,0.00,19.5,0.00,0.54,Matchs
746,Edan Diop,fr FRA,"DF,AT",Monaco,fr Ligue 1,17,2004,2.5,48.4,45.2,2.40,0.40,0.40,0.00,2.80,2.00,0.00,0.00,0.00,0.00,35.6,0.80,2.00,Matchs
747,Issa Diop,fr FRA,DF,Fulham,eng Premier League,25,1997,22.4,62.5,60.4,02.05,1.83,0.00,0.36,0.09,0.04,0.00,0.00,0.00,0.00,54.3,0.04,0.36,Matchs
748,Sofiane Diop,fr FRA,"MT,AT",Nice,fr Ligue 1,22,2000,13.6,51.7,48.2,3.46,0.81,0.44,0.81,3.24,0.51,02.06,0.88,0.59,0.00,40.9,0.07,1.10,Matchs
749,Sofiane Diop,fr FRA,MT,Monaco,fr Ligue 1,22,2000,0.7,47.1,37.1,10.0,1.43,0.00,0.00,10.0,0.00,8.57,5.71,2.86,0.00,28.6,0.00,1.43,Matchs
750,Yehvann Diouf,fr FRA,GB,Reims,fr Ligue 1,22,1999,31.0,34.3,26.2,7.94,1.97,0.00,0.16,0.00,0.00,0.00,0.00,0.00,0.00,27.5,0.13,0.00,Matchs
Clt,Joueur,Nation,Pos,Équipe,Comp,Âge,Naissance,90,Att,Action de jeu,Coup de pied arrêté,CF,Tr,Tr,Ctr,PCF,Co,Rentrant,Sortant,Droit,Cmp,HJ,Balles contrées,Matchs
751,Axel Disasi,fr FRA,DF,Monaco,fr Ligue 1,24,1998,37.0,52.9,50.9,1.92,1.35,0.05,0.68,0.38,0.57,0.00,0.00,0.00,0.00,44.1,0.11,0.46,Matchs
752,Tiago Djaló,pt POR,DF,Lille,fr Ligue 1,22,2000,22.4,71.4,67.5,3.75,1.61,0.00,0.13,0.13,0.89,0.00,0.00,0.00,0.00,66.1,0.18,0.49,Matchs
753,Djené,tg TOG,DF,Getafe,es La Liga,30,1991,31.6,36.5,34.6,1.65,0.98,0.03,0.13,0.73,0.66,0.00,0.00,0.00,0.00,28.0,0.25,0.66,Matchs
754,Moussa Djenepo,ml MLI,"DF,AT",Southampton,eng Premier League,24,1998,7.9,30.9,27.3,3.42,0.38,0.00,0.25,1.52,03.04,0.00,0.00,0.00,0.00,22.7,0.13,1.39,Matchs
755,Koffi Djidji,ci CIV,DF,Torino,it Serie A,29,1992,26.9,53.6,52.3,1.12,0.56,0.04,0.37,0.48,0.52,0.00,0.00,0.00,0.00,46.4,0.11,0.74,Matchs
756,Alexander Djiku,gh GHA,DF,Strasbourg,fr Ligue 1,27,1994,29.7,50.7,48.2,2.42,1.89,0.00,0.67,0.20,0.30,0.00,0.00,0.00,0.00,40.9,0.13,0.44,Matchs
757,Berat Djimsiti,al ALB,DF,Atalanta,it Serie A,29,1993,20.0,54.6,52.4,2.25,1.45,0.00,0.15,0.00,0.75,0.00,0.00,0.00,0.00,47.6,0.05,0.40,Matchs
758,Moussa Djitte,sn SEN,AT,Ajaccio,fr Ligue 1,22,1999,1.5,21.3,21.3,0.00,0.00,0.00,0.00,0.00,0.00,0.00,0.00,0.00,0.00,16.0,0.00,0.67,Matchs
759,Ouparine Djoco,gw GNB,GB,Clermont Foot,fr Ligue 1,24,1998,1.0,40.0,28.0,12.0,2.00,0.00,0.00,0.00,0.00,0.00,0.00,0.00,0.00,26.0,0.00,0.00,Matchs
760,Marko Dmitrović,rs SRB,GB,Sevilla,es La Liga,30,1992,14.1,36.0,23.4,12.3,2.98,0.00,0.07,0.00,0.00,0.00,0.00,0.00,0.00,19.2,0.35,0.14,Matchs
761,Alan Do Marcolino,ga GAB,AT,Rennes,fr Ligue 1,20,2002,0.2,10.0,10.0,0.00,0.00,0.00,0.00,0.00,0.00,0.00,0.00,0.00,0.00,10.0,0.00,0.00,Matchs
762,Ben Doak,sct SCO,AT,Liverpool,eng Premier League,16,2005,0.3,46.7,46.7,0.00,0.00,0.00,0.00,0.00,0.00,0.00,0.00,0.00,0.00,33.3,0.00,3.33,Matchs
763,Ritsu Doan,jp JPN,"MT,AT",Freiburg,de Bundesliga,24,1998,26.9,23.2,22.9,0.19,0.04,0.15,0.19,1.12,0.04,0.11,0.04,0.07,0.00,16.2,0.15,1.23,Matchs
764,Dodô,br BRA,DF,Fiorentina,it Serie A,23,1998,25.9,58.1,49.1,8.84,0.81,0.08,0.31,2.36,08.03,0.00,0.00,0.00,0.00,47.2,0.12,01.08,Matchs
765,Danilho Doekhi,nl NED,DF,Union Berlin,de Bundesliga,24,1998,24.6,38.8,37.9,0.93,0.61,0.00,0.16,0.41,0.08,0.00,0.00,0.00,0.00,30.7,0.00,0.53,Matchs
766,Matt Doherty,ie IRL,"DF,MT",Tottenham,eng Premier League,30,1992,7.4,55.1,46.6,8.24,0.27,0.00,0.14,2.43,7.97,0.00,0.00,0.00,0.00,44.5,0.27,01.08,Matchs
767,Matt Doherty,ie IRL,DF,Atlético Madrid,es La Liga,30,1992,0.2,45.0,35.0,10.0,5.00,0.00,0.00,0.00,5.00,0.00,0.00,0.00,0.00,30.0,0.00,0.00,Matchs
768,Josh Doig,sct SCO,DF,Hellas Verona,it Serie A,20,2002,15.0,35.6,27.5,7.93,0.07,0.00,0.00,03.07,7.73,0.13,0.13,0.00,0.00,24.0,0.20,1.40,Matchs
769,Jeremy Doku,be BEL,"MT,AT",Rennes,fr Ligue 1,20,2002,14.3,36.4,36.1,0.21,0.14,0.14,0.21,1.68,0.07,0.00,0.00,0.00,0.00,30.3,0.14,0.91,Matchs
770,Kasper Dolberg,dk DEN,AT,Sevilla,es La Liga,24,1997,2.2,12.7,10.9,1.36,0.00,0.00,0.00,0.00,0.00,0.00,0.00,0.00,0.00,8.64,0.45,0.00,Matchs
771,Kasper Dolberg,dk DEN,"AT,MT",Hoffenheim,de Bundesliga,24,1997,4.5,17.6,16.2,0.89,0.00,0.00,0.00,0.22,0.44,0.00,0.00,0.00,0.00,12.2,0.44,0.22,Matchs
772,Carlos Dominguez,es ESP,DF,Celta Vigo,es La Liga,21,2001,1.2,28.3,28.3,0.00,0.00,0.00,0.00,0.00,0.00,0.00,0.00,0.00,0.00,23.3,0.00,0.83,Matchs
773,Nicolás Domínguez,ar ARG,MT,Bologna,it Serie A,24,1998,25.6,55.5,52.1,2.85,1.68,0.74,0.55,0.74,01.02,0.00,0.00,0.00,0.00,45.7,0.47,0.98,Matchs
774,John Donald,es ESP,"MT,DF",Elche,es La Liga,21,2000,12.1,35.3,34.6,0.41,0.33,0.00,0.17,0.00,0.08,0.00,0.00,0.00,0.00,29.4,0.25,0.58,Matchs
775,Giulio Donati,it ITA,DF,Monza,it Serie A,32,1990,4.7,68.3,60.6,7.23,1.91,0.00,0.85,1.91,5.11,0.21,0.00,0.00,0.00,58.1,0.43,0.85,Matchs
Clt,Joueur,Nation,Pos,Équipe,Comp,Âge,Naissance,90,Att,Action de jeu,Coup de pied arrêté,CF,Tr,Tr,Ctr,PCF,Co,Rentrant,Sortant,Droit,Cmp,HJ,Balles contrées,Matchs
776,Kyliane Dong,fr FRA,"MT,AT",Troyes,fr Ligue 1,17,2004,2.4,22.1,21.3,0.83,0.00,0.42,0.42,2.50,0.00,0.83,0.42,0.00,0.00,14.6,0.00,02.08,Matchs
777,Jordan Dongmo,cm CMR,MT,Troyes,fr Ligue 1,21,2001,0.2,50.0,45.0,5.00,5.00,0.00,0.00,0.00,0.00,0.00,0.00,0.00,0.00,45.0,0.00,0.00,Matchs
778,Gianluigi Donnarumma,it ITA,GB,Paris S-G,fr Ligue 1,23,1999,37.9,24.7,18.0,6.70,1.24,0.00,0.03,0.00,0.00,0.00,0.00,0.00,0.00,21.4,0.00,0.03,Matchs
779,Niklas Dorsch,de GER,MT,Augsburg,de Bundesliga,24,1998,5.4,33.9,31.9,02.04,02.04,0.19,0.00,0.19,0.00,0.00,0.00,0.00,0.00,25.9,0.00,0.37,Matchs
780,Gabriel Dos Santos,br BRA,DF,Arsenal,eng Premier League,24,1997,37.9,63.6,61.2,2.35,1.58,0.03,0.29,0.13,0.16,0.00,0.00,0.00,0.00,56.9,0.11,0.50,Matchs
781,Jodel Dossou,bj BEN,"MT,DF",Clermont Foot,fr Ligue 1,30,1992,2.9,20.3,19.0,1.38,0.00,0.00,0.00,3.45,1.38,0.00,0.00,0.00,0.00,13.4,0.00,0.69,Matchs
782,Lohann Doucet,fr FRA,"MT,AT",Nantes,fr Ligue 1,19,2002,1.0,79.0,76.0,3.00,2.00,0.00,2.00,0.00,1.00,0.00,0.00,0.00,0.00,67.0,0.00,1.00,Matchs
783,Abdoulaye Doucouré,ml MLI,MT,Everton,eng Premier League,29,1993,17.0,32.2,31.2,0.94,0.00,0.06,0.00,0.47,0.00,0.00,0.00,0.00,0.00,25.3,0.12,0.82,Matchs
784,Cheick Doucouré,ml MLI,MT,Crystal Palace,eng Premier League,22,2000,30.8,40.5,39.9,0.52,0.52,0.10,0.06,0.19,0.00,0.00,0.00,0.00,0.00,33.7,0.06,0.97,Matchs
785,Ckene Doucouré,ml MLI,"AT,MT",Lorient,fr Ligue 1,20,2002,1.5,30.7,29.3,0.67,0.00,0.67,0.00,0.00,0.00,0.67,0.00,0.00,0.00,19.3,0.67,2.00,Matchs
786,Désiré Doué,fr FRA,"MT,AT",Rennes,fr Ligue 1,17,2005,12.4,36.5,35.2,1.21,0.08,0.24,0.08,2.42,0.08,0.97,0.48,0.24,0.00,28.3,0.08,0.32,Matchs
787,Guela Doué,fr FRA,"AT,MT",Rennes,fr Ligue 1,19,2002,0.1,100.0,90.0,10.0,10.0,0.00,0.00,0.00,0.00,0.00,0.00,0.00,0.00,90.0,0.00,0.00,Matchs
788,Ismaël Doukouré,fr FRA,"DF,MT",Strasbourg,fr Ligue 1,19,2003,25.5,43.4,39.6,3.73,1.73,0.12,0.51,0.43,1.96,0.00,0.00,0.00,0.00,35.7,0.04,0.63,Matchs
789,Kamory Doumbia,ml MLI,MT,Reims,fr Ligue 1,19,2003,12.8,42.0,40.9,0.70,0.23,0.39,0.08,0.70,0.31,0.08,0.00,0.00,0.00,33.4,0.47,01.09,Matchs
790,Souleyman Doumbia,ci CIV,"DF,AT",Angers,fr Ligue 1,25,1996,19.9,47.8,39.1,8.69,0.80,0.00,0.00,2.41,7.74,0.15,0.15,0.00,0.00,38.3,0.00,1.31,Matchs
791,Flynn Downes,eng ENG,MT,West Ham,eng Premier League,23,1999,8.5,38.9,38.0,0.82,0.24,0.00,0.24,0.35,0.00,0.00,0.00,0.00,0.00,34.0,0.12,0.71,Matchs
792,Kami Doyle,eng ENG,MT,Southampton,eng Premier League,16,2005,0.1,50.0,50.0,0.00,0.00,0.00,0.00,0.00,0.00,0.00,0.00,0.00,0.00,50.0,0.00,0.00,Matchs
793,Bartłomiej Drągowski,pl POL,GB,Spezia,it Serie A,24,1997,32.7,35.9,27.2,8.62,2.63,0.00,0.09,0.00,0.00,0.00,0.00,0.00,0.00,24.7,0.06,0.03,Matchs
794,Cody Drameh,eng ENG,DF,Leeds United,eng Premier League,20,2001,0.8,47.5,38.8,8.75,1.25,0.00,0.00,1.25,7.50,0.00,0.00,0.00,0.00,37.5,0.00,1.25,Matchs
795,Dion Drena Beljo,hr CRO,AT,Augsburg,de Bundesliga,20,2002,12.5,20.0,19.4,0.40,0.00,0.00,0.00,0.40,0.08,0.00,0.00,0.00,0.00,12.7,0.24,0.32,Matchs
796,Dominick Drexler,de GER,"MT,AT",Schalke 04,de Bundesliga,32,1990,15.2,32.8,30.5,2.11,0.33,0.13,0.00,03.09,0.92,0.79,0.39,0.20,0.00,21.4,0.13,1.78,Matchs
797,Domingos Duarte,pt POR,DF,Getafe,es La Liga,27,1995,29.5,32.6,31.4,1.15,01.05,0.00,0.34,0.00,0.10,0.00,0.00,0.00,0.00,25.2,0.07,0.14,Matchs
798,Martin Dúbravka,sk SVK,GB,Newcastle Utd,eng Premier League,33,1989,1.7,31.8,22.4,9.41,0.59,0.00,0.00,0.00,0.00,0.00,0.00,0.00,0.00,28.8,0.00,0.00,Matchs
799,Marvin Ducksch,de GER,AT,Werder Bremen,de Bundesliga,28,1994,31.7,30.2,23.4,6.50,2.18,0.25,0.47,5.17,0.19,2.87,0.79,1.45,0.03,18.4,0.25,0.47,Matchs
800,Ondrej Duda,sk SVK,MT,Hellas Verona,it Serie A,27,1994,11.8,36.7,33.9,2.54,0.85,0.17,0.51,1.19,0.17,0.59,0.34,0.08,0.00,27.4,0.25,0.76,Matchs
Clt,Joueur,Nation,Pos,Équipe,Comp,Âge,Naissance,90,Att,Action de jeu,Coup de pied arrêté,CF,Tr,Tr,Ctr,PCF,Co,Rentrant,Sortant,Droit,Cmp,HJ,Balles contrées,Matchs
801,Ondrej Duda,sk SVK,MT,Köln,de Bundesliga,27,1994,7.7,36.2,33.6,2.47,0.78,0.00,0.91,1.56,0.26,0.13,0.13,0.00,0.00,27.0,0.13,1.30,Matchs
802,Shane Duffy,ie IRL,"DF,AT",Fulham,eng Premier League,30,1992,0.2,100.0,95.0,5.00,0.00,0.00,0.00,0.00,0.00,0.00,0.00,0.00,0.00,80.0,0.00,0.00,Matchs
803,Rémy Dugimont,fr FRA,"AT,MT",Auxerre,fr Ligue 1,36,1986,1.3,46.9,45.4,1.54,0.00,0.00,0.77,0.00,0.00,0.00,0.00,0.00,0.00,31.5,0.00,2.31,Matchs
804,Denzel Dumfries,nl NED,DF,Inter,it Serie A,26,1996,24.6,40.8,33.9,6.83,0.24,0.04,0.08,3.33,6.59,0.00,0.00,0.00,0.00,30.3,0.12,1.10,Matchs
805,Alfred Duncan,gh GHA,MT,Fiorentina,it Serie A,29,1993,12.3,43.9,42.1,1.54,0.73,0.33,0.16,2.11,0.49,0.33,0.00,0.33,0.00,34.2,0.24,0.81,Matchs
806,Lewis Dunk,eng ENG,DF,Brighton,eng Premier League,30,1991,36.0,89.5,85.1,4.33,03.08,0.11,0.58,0.06,0.28,0.00,0.00,0.00,0.00,80.9,0.08,0.36,Matchs
807,Maxime Dupé,fr FRA,GB,Toulouse,fr Ligue 1,29,1993,38.0,33.4,24.2,9.26,2.32,0.00,0.05,0.00,0.00,0.00,0.00,0.00,0.00,26.2,0.03,0.03,Matchs
808,Jhon Durán,co COL,"AT,MT",Aston Villa,eng Premier League,18,2003,1.5,19.3,17.3,2.00,0.00,0.00,0.00,1.33,0.67,0.00,0.00,0.00,0.00,10.7,0.00,0.67,Matchs
809,Pablo Durán,es ESP,"MT,DF",Celta Vigo,es La Liga,21,2001,0.4,52.5,52.5,0.00,0.00,0.00,0.00,2.50,0.00,0.00,0.00,0.00,0.00,35.0,0.00,0.00,Matchs
810,Julien Duranville,be BEL,MT,Dortmund,de Bundesliga,16,2006,0.3,56.7,53.3,3.33,0.00,0.00,0.00,23.3,3.33,0.00,0.00,0.00,0.00,36.7,0.00,3.33,Matchs
811,Hugo Duro,es ESP,AT,Valencia,es La Liga,22,1999,15.4,18.0,16.1,1.75,0.13,0.00,0.19,0.13,0.06,0.00,0.00,0.00,0.00,13.2,0.13,0.58,Matchs
812,Jean-Kevin Duverne,ht HAI,DF,Brest,fr Ligue 1,25,1997,27.9,53.0,42.6,10.2,0.57,0.00,0.32,03.05,9.64,0.00,0.00,0.00,0.00,38.0,0.25,1.40,Matchs
813,Paulo Dybala,ar ARG,"MT,AT",Roma,it Serie A,28,1993,19.3,43.2,38.0,05.03,1.19,0.26,1.45,4.25,0.52,2.80,0.73,1.92,0.00,33.7,0.10,1.45,Matchs
814,Edin Džeko,ba BIH,AT,Inter,it Serie A,36,1986,19.2,27.5,26.3,01.04,0.05,0.31,0.42,1.25,0.05,0.00,0.00,0.00,0.00,19.0,0.16,0.83,Matchs
815,Malcolm Ebiowei,eng ENG,"MT,AT",Crystal Palace,eng Premier League,18,2003,0.4,25.0,25.0,0.00,0.00,0.00,0.00,7.50,0.00,0.00,0.00,0.00,0.00,12.5,0.00,5.00,Matchs
816,Festy Ebosele,ie IRL,DF,Udinese,it Serie A,19,2002,4.6,32.8,29.8,03.04,0.22,0.22,0.00,3.48,2.83,0.00,0.00,0.00,0.00,22.0,0.00,1.30,Matchs
817,Enzo Ebosse,cm CMR,DF,Udinese,it Serie A,23,1999,10.3,54.1,46.5,7.48,1.65,0.00,01.07,1.46,5.73,0.10,0.00,0.00,0.00,44.0,0.10,0.29,Matchs
818,Tyronne Ebuehi,ng NGA,DF,Empoli,it Serie A,26,1995,21.4,41.2,32.0,8.97,0.33,0.00,0.00,1.31,8.64,0.00,0.00,0.00,0.00,32.1,0.23,1.31,Matchs
819,Ederson,br BRA,GB,Manchester City,eng Premier League,28,1993,35.0,35.9,30.0,5.91,1.57,0.03,0.23,0.00,0.00,0.00,0.00,0.00,0.00,30.8,0.03,0.03,Matchs
820,Éderson,br BRA,MT,Atalanta,it Serie A,23,1999,24.6,44.3,43.1,1.14,0.77,0.04,0.81,0.61,0.08,0.16,0.08,0.00,0.00,35.9,0.08,1.14,Matchs
821,Odsonne Édouard,fr FRA,AT,Crystal Palace,eng Premier League,24,1998,20.0,20.6,19.5,1.00,0.00,0.05,0.00,0.20,0.00,0.00,0.00,0.00,0.00,14.8,0.10,0.60,Matchs
822,Samuel Edozie,eng ENG,"AT,MT",Southampton,eng Premier League,19,2003,6.3,26.0,25.9,0.00,0.00,0.16,0.00,1.75,0.00,0.00,0.00,0.00,0.00,17.6,0.16,1.90,Matchs
823,Maximilian Eggestein,de GER,MT,Freiburg,de Bundesliga,25,1996,27.2,31.8,31.3,0.33,0.33,0.07,0.07,0.44,0.00,0.00,0.00,0.00,0.00,24.3,0.11,1.14,Matchs
824,Lilian Egloff,de GER,"MT,AT",Stuttgart,de Bundesliga,19,2002,2.7,27.0,24.4,1.48,0.00,0.74,0.00,0.74,0.37,0.00,0.00,0.00,0.00,15.6,1.11,0.74,Matchs
825,Íñigo Eguaras,es ESP,MT,Almería,es La Liga,30,1992,10.7,50.7,49.0,1.40,01.03,0.47,0.47,0.28,0.09,0.19,0.00,0.00,0.00,42.8,0.37,0.65,Matchs
Clt,Joueur,Nation,Pos,Équipe,Comp,Âge,Naissance,90,Att,Action de jeu,Coup de pied arrêté,CF,Tr,Tr,Ctr,PCF,Co,Rentrant,Sortant,Droit,Cmp,HJ,Balles contrées,Matchs
826,Kingsley Ehizibue,nl NED,DF,Udinese,it Serie A,27,1995,17.1,33.0,28.8,4.21,0.06,0.00,0.12,2.16,04.09,0.06,0.00,0.00,0.00,24.1,0.00,1.75,Matchs
827,Kingsley Ehizibue,nl NED,DF,Köln,de Bundesliga,27,1995,0.7,34.3,25.7,8.57,1.43,0.00,0.00,0.00,7.14,0.00,0.00,0.00,0.00,21.4,0.00,1.43,Matchs
828,Julian Eitschberger,de GER,AT,Hertha BSC,de Bundesliga,18,2004,0.0,1,1,0,0,0,0,0,0,0,0,0,0,1,0,0,Matchs
829,Chidera Ejuke,ng NGA,"AT,MT",Hertha BSC,de Bundesliga,24,1998,9.9,29.5,28.5,0.81,0.10,0.30,0.20,1.62,0.40,0.30,0.10,0.10,0.00,22.9,0.20,0.61,Matchs
830,Albin Ekdal,se SWE,MT,Spezia,it Serie A,33,1989,19.3,40.5,39.2,1.24,01.04,0.05,0.21,0.21,0.10,0.00,0.00,0.00,0.00,31.4,0.10,0.73,Matchs
831,Hugo Ekitike,fr FRA,AT,Paris S-G,fr Ligue 1,20,2002,12.8,25.9,24.2,1.56,0.08,0.23,0.08,0.16,0.00,0.00,0.00,0.00,0.00,21.2,0.08,0.47,Matchs
832,Emmanuel Ekong,se SWE,"AT,MT",Empoli,it Serie A,20,2002,0.2,20.0,20.0,0.00,0.00,0.00,0.00,0.00,0.00,0.00,0.00,0.00,0.00,15.0,0.00,0.00,Matchs
833,Anthony Elanga,se SWE,AT,Manchester Utd,eng Premier League,20,2002,4.7,27.7,27.0,0.64,0.00,0.00,0.21,1.49,0.43,0.00,0.00,0.00,0.00,20.2,0.00,0.43,Matchs
834,Alberth Elis,hn HON,"MT,AT",Brest,fr Ligue 1,26,1996,2.9,15.2,14.8,0.34,0.00,0.34,0.00,0.69,0.00,0.00,0.00,0.00,0.00,11.4,0.00,0.69,Matchs
835,Mikael Ellertsson,is ISL,"MT,DF",Spezia,it Serie A,20,2002,1.9,21.1,20.5,0.53,0.00,0.00,0.00,1.58,0.00,0.53,0.53,0.00,0.00,12.6,0.00,0.53,Matchs
836,Harvey Elliott,eng ENG,"MT,AT",Liverpool,eng Premier League,19,2003,17.9,56.4,53.7,2.18,0.00,0.45,0.22,1.90,0.56,0.11,0.06,0.00,0.00,45.2,0.45,1.34,Matchs
837,Elif Elmas,mk MKD,"AT,MT",Napoli,it Serie A,22,1999,18.1,55.9,53.5,2.21,0.55,0.17,0.17,1.66,0.61,0.88,0.17,0.50,0.00,48.6,0.22,0.61,Matchs
838,Mohamed Elneny,eg EGY,MT,Arsenal,eng Premier League,30,1992,1.3,46.2,44.6,1.54,1.54,0.00,0.00,0.00,0.00,0.00,0.00,0.00,0.00,43.8,0.00,0.77,Matchs
839,Aritz Elustondo,es ESP,DF,Real Sociedad,es La Liga,28,1994,16.1,50.2,42.2,7.76,0.87,0.00,0.06,0.56,6.89,0.00,0.00,0.00,0.00,40.6,0.25,0.56,Matchs
840,Nico Elvedi,ch SUI,DF,M'Gladbach,de Bundesliga,25,1996,31.4,68.4,66.0,2.36,1.75,0.06,0.10,0.00,0.03,0.00,0.00,0.00,0.00,62.6,0.10,0.41,Matchs
841,Rodrigo Ely,br BRA,DF,Almería,es La Liga,28,1993,35.1,42.0,39.7,2.22,2.14,0.06,0.46,0.09,0.06,0.00,0.00,0.00,0.00,34.1,0.11,0.17,Matchs
842,Mohamed Elyounoussi,no NOR,"MT,AT",Southampton,eng Premier League,27,1994,24.1,26.3,25.3,0.87,0.08,0.29,0.04,1.41,0.66,0.04,0.04,0.00,0.00,17.7,0.08,0.91,Matchs
843,Adri Embarba,es ESP,"AT,MT",Almería,es La Liga,30,1992,16.4,34.0,28.9,4.88,0.91,0.00,0.43,7.74,0.43,3.54,1.77,01.04,0.06,21.7,0.18,1.46,Matchs
844,Adri Embarba,es ESP,AT,Espanyol,es La Liga,30,1992,0.4,15.0,12.5,2.50,2.50,0.00,0.00,5.00,0.00,0.00,0.00,0.00,0.00,10.0,0.00,0.00,Matchs
845,Breel Embolo,ch SUI,AT,Monaco,fr Ligue 1,25,1997,20.7,21.6,20.5,0.77,0.05,0.14,0.14,0.19,0.05,0.00,0.00,0.00,0.00,14.8,0.39,01.01,Matchs
846,Emerson,br BRA,DF,Tottenham,eng Premier League,23,1999,19.3,54.9,45.8,8.81,1.19,0.10,0.31,2.38,7.56,0.05,0.00,0.00,0.00,43.9,0.31,1.92,Matchs
847,Youssef En-Nesyri,ma MAR,AT,Sevilla,es La Liga,25,1997,18.5,13.0,11.0,1.89,0.00,0.05,0.11,0.22,0.11,0.00,0.00,0.00,0.00,8.43,0.11,0.27,Matchs
848,Wataru Endo,jp JPN,MT,Stuttgart,de Bundesliga,29,1993,32.5,45.4,44.6,0.74,0.62,0.22,0.31,0.22,0.12,0.00,0.00,0.00,0.00,36.0,0.15,0.95,Matchs
849,Arne Engels,be BEL,MT,Augsburg,de Bundesliga,18,2003,16.0,38.7,31.7,6.75,2.44,0.13,0.50,6.31,0.31,4.00,1.81,02.06,0.06,24.8,0.25,1.50,Matchs
850,Christian Eriksen,dk DEN,MT,Manchester Utd,eng Premier League,30,1992,22.8,65.1,60.2,4.65,1.40,0.39,0.88,3.55,0.31,2.72,1.18,0.70,0.09,52.8,0.26,1.23,Matchs
Clt,Joueur,Nation,Pos,Équipe,Comp,Âge,Naissance,90,Att,Action de jeu,Coup de pied arrêté,CF,Tr,Tr,Ctr,PCF,Co,Rentrant,Sortant,Droit,Cmp,HJ,Balles contrées,Matchs
851,Martin Erlic,hr CRO,DF,Sassuolo,it Serie A,24,1998,25.9,50.0,47.7,2.20,02.05,0.08,0.77,0.08,0.15,0.00,0.00,0.00,0.00,42.9,0.08,0.31,Matchs
852,Tjark Ernst,de GER,GB,Hertha BSC,de Bundesliga,19,2003,1.0,35.0,19.0,16.0,3.00,0.00,1.00,0.00,0.00,0.00,0.00,0.00,0.00,26.0,0.00,0.00,Matchs
853,Gonzalo Escalante,ar ARG,MT,Cremonese,it Serie A,29,1993,6.2,46.8,45.0,1.29,0.65,0.00,0.16,0.16,0.00,0.00,0.00,0.00,0.00,35.8,0.48,1.29,Matchs
854,Gonzalo Escalante,ar ARG,MT,Cádiz,es La Liga,29,1993,12.5,34.6,33.5,0.88,0.48,0.16,0.32,0.32,0.00,0.00,0.00,0.00,0.00,26.0,0.24,0.32,Matchs
855,Sergio Escudero,es ESP,DF,Valladolid,es La Liga,32,1989,16.0,46.4,34.3,11.8,1.44,0.00,0.38,3.50,9.19,1.19,0.31,0.81,0.00,33.0,0.38,1.44,Matchs
856,Alfonso Espino,uy URU,DF,Cádiz,es La Liga,30,1992,34.7,44.4,34.8,9.45,1.15,0.12,0.43,3.17,08.07,0.23,0.03,0.14,0.00,28.5,0.23,1.53,Matchs
857,Bernardo Espinosa,co COL,DF,Girona,es La Liga,33,1989,13.6,67.1,64.8,2.21,1.91,0.00,0.37,0.00,0.15,0.00,0.00,0.00,0.00,59.7,0.15,0.15,Matchs
858,Salvatore Esposito,it ITA,MT,Spezia,it Serie A,21,2000,10.8,60.5,52.8,7.50,3.80,0.09,0.83,5.00,0.09,3.61,2.31,0.93,0.00,46.3,0.19,1.11,Matchs
859,Maxime Estève,fr FRA,DF,Montpellier,fr Ligue 1,20,2002,18.3,40.9,38.9,1.91,1.64,0.00,0.00,0.05,0.22,0.00,0.00,0.00,0.00,33.3,0.05,0.44,Matchs
860,Pervis Estupiñán,ec ECU,DF,Brighton,eng Premier League,24,1998,29.7,64.8,56.8,7.88,01.04,0.17,0.27,3.40,6.70,0.13,0.00,0.10,0.00,53.1,0.17,1.92,Matchs
861,Jonny Evans,nir NIR,DF,Leicester City,eng Premier League,34,1988,11.7,67.4,65.3,02.05,1.97,0.00,0.17,0.00,0.09,0.00,0.00,0.00,0.00,59.0,0.09,0.34,Matchs
862,Edu Expósito,es ESP,MT,Espanyol,es La Liga,25,1996,12.9,41.1,37.1,3.80,1.63,0.23,0.39,3.72,0.16,01.01,0.47,0.23,0.00,30.2,0.16,0.78,Matchs
863,Eberechi Eze,eng ENG,"MT,AT",Crystal Palace,eng Premier League,24,1998,29.3,40.2,34.8,05.09,2.39,0.38,0.17,2.66,0.24,1.74,0.75,0.41,0.03,31.5,0.34,0.51,Matchs
864,Kimberly Ezekwem,de GER,DF,Freiburg,de Bundesliga,21,2001,0.1,80.0,70.0,10.0,0.00,0.00,0.00,0.00,10.0,0.00,0.00,0.00,0.00,60.0,0.00,0.00,Matchs
865,Nicolás Ezequiel Fernández,ar ARG,"MT,DF",Elche,es La Liga,22,2000,5.7,42.1,35.6,6.49,0.88,0.18,0.53,5.79,04.04,1.58,0.53,0.88,0.00,31.2,0.00,2.28,Matchs
866,Abdessamad Ezzalzouli,ma MAR,"AT,MT",Osasuna,es La Liga,20,2001,16.7,32.9,30.9,1.56,0.18,0.18,0.30,4.55,0.96,0.42,0.06,0.12,0.00,21.9,0.42,1.98,Matchs
867,Łukasz Fabiański,pl POL,GB,West Ham,eng Premier League,37,1985,34.6,26.9,17.0,9.80,2.60,0.00,0.06,0.00,0.00,0.00,0.00,0.00,0.00,17.3,0.12,0.00,Matchs
868,Fabinho,br BRA,MT,Liverpool,eng Premier League,28,1993,29.7,61.7,60.2,1.28,01.04,0.17,0.20,0.17,0.24,0.00,0.00,0.00,0.00,54.4,0.17,0.61,Matchs
869,Fábio,br BRA,"DF,MT",Nantes,fr Ligue 1,32,1990,2.5,46.8,37.6,8.40,0.40,0.00,0.00,2.40,8.00,0.00,0.00,0.00,0.00,34.8,0.80,0.80,Matchs
870,Noah Fadiga,sn SEN,DF,Brest,fr Ligue 1,22,1999,14.5,43.1,34.8,8.28,0.55,0.00,0.07,0.69,7.72,0.00,0.00,0.00,0.00,34.4,0.07,0.97,Matchs
871,Wout Faes,be BEL,DF,Leicester City,eng Premier League,24,1998,31.0,59.5,57.7,1.74,1.55,0.06,0.29,0.00,0.03,0.00,0.00,0.00,0.00,51.0,0.10,0.32,Matchs
872,Wout Faes,be BEL,DF,Reims,fr Ligue 1,24,1998,3.0,38.3,35.3,2.67,2.33,0.33,0.00,0.00,0.00,0.00,0.00,0.00,0.00,31.7,0.33,0.33,Matchs
873,Nicolò Fagioli,it ITA,MT,Juventus,it Serie A,21,2001,16.9,35.9,34.0,1.89,0.65,0.30,0.59,1.36,0.71,0.53,0.12,0.24,0.00,29.9,0.06,0.83,Matchs
874,Ralf Fährmann,de GER,GB,Schalke 04,de Bundesliga,33,1988,11.4,38.8,28.1,10.6,3.33,0.00,0.00,0.00,0.00,0.00,0.00,0.00,0.00,26.7,0.09,0.00,Matchs
875,Romain Faivre,fr FRA,"MT,AT",Lorient,fr Ligue 1,24,1998,13.8,39.3,35.9,3.19,1.16,0.29,0.14,1.88,0.43,1.38,0.80,0.22,0.00,32.8,0.22,0.80,Matchs
Clt,Joueur,Nation,Pos,Équipe,Comp,Âge,Naissance,90,Att,Action de jeu,Coup de pied arrêté,CF,Tr,Tr,Ctr,PCF,Co,Rentrant,Sortant,Droit,Cmp,HJ,Balles contrées,Matchs
876,Romain Faivre,fr FRA,MT,Lyon,fr Ligue 1,24,1998,3.3,51.5,45.2,5.76,2.42,0.00,0.30,5.15,0.00,03.03,2.42,0.61,0.00,43.9,0.61,0.30,Matchs
877,Radamel Falcao,co COL,"AT,MT",Rayo Vallecano,es La Liga,36,1986,6.8,24.6,23.1,1.32,0.00,0.00,0.15,0.00,0.00,0.15,0.00,0.00,0.00,18.1,0.15,0.74,Matchs
878,Wladimiro Falcone,it ITA,GB,Lecce,it Serie A,27,1995,38.0,30.7,20.3,10.2,2.76,0.00,0.11,0.00,0.00,0.00,0.00,0.00,0.00,15.7,0.24,0.00,Matchs
879,Fali,es ESP,"DF,MT",Cádiz,es La Liga,28,1993,19.0,31.2,29.8,1.32,1.32,0.11,0.68,0.11,0.00,0.00,0.00,0.00,0.00,23.9,0.05,0.21,Matchs
880,Fallou Fall,sn SEN,DF,Reims,fr Ligue 1,18,2004,0.4,32.5,32.5,0.00,0.00,0.00,0.00,0.00,0.00,0.00,0.00,0.00,0.00,30.0,0.00,0.00,Matchs
881,Mamadou Fall,sn SEN,DF,Villarreal,es La Liga,19,2002,0.3,53.3,36.7,16.7,0.00,0.00,3.33,3.33,16.7,0.00,0.00,0.00,0.00,43.3,0.00,3.33,Matchs
882,Davide Faraoni,it ITA,DF,Hellas Verona,it Serie A,30,1991,16.5,35.9,27.3,8.30,0.42,0.06,0.36,2.24,7.88,0.00,0.00,0.00,0.00,23.9,0.24,0.91,Matchs
883,Ansu Fati,es ESP,AT,Barcelona,es La Liga,19,2002,15.5,39.3,38.1,0.90,0.19,0.06,0.19,0.58,0.19,0.32,0.06,0.00,0.00,32.8,0.32,1.35,Matchs
884,Khalil Fayad,fr FRA,MT,Montpellier,fr Ligue 1,18,2004,8.0,42.6,41.3,1.25,0.75,0.25,0.25,1.25,0.13,0.38,0.25,0.13,0.00,35.4,0.13,0.38,Matchs
885,Cheikh Faye,sn SEN,AT,Montpellier,fr Ligue 1,23,1999,0.4,22.5,15.0,5.00,0.00,0.00,0.00,0.00,0.00,0.00,0.00,0.00,0.00,12.5,2.50,0.00,Matchs
886,Federico Fazio,ar ARG,DF,Salernitana,it Serie A,35,1987,11.9,45.0,42.3,2.77,1.51,0.00,0.67,0.34,1.26,0.00,0.00,0.00,0.00,34.5,0.00,0.50,Matchs
887,Jacopo Fazzini,it ITA,MT,Empoli,it Serie A,19,2003,9.2,35.4,33.2,02.07,0.87,0.11,0.11,1.20,0.22,0.54,0.33,0.22,0.00,27.9,0.22,01.09,Matchs
888,Zouhair Feddal,ma MAR,DF,Valladolid,es La Liga,33,1989,4.2,47.9,44.5,3.10,2.62,0.00,1.19,0.24,0.00,0.00,0.00,0.00,0.00,37.9,0.24,0.24,Matchs
889,Nabil Fekir,fr FRA,MT,Betis,es La Liga,29,1993,10.7,45.2,38.9,6.17,2.52,0.19,0.28,4.49,0.37,03.08,1.21,1.50,0.00,35.3,0.19,0.65,Matchs
890,Felipe,br BRA,DF,Nott'ham Forest,eng Premier League,33,1989,15.8,35.9,34.5,1.27,0.82,0.00,0.19,0.13,0.44,0.00,0.00,0.00,0.00,26.0,0.19,0.70,Matchs
891,Felipe,br BRA,DF,Atlético Madrid,es La Liga,33,1989,2.2,60.0,58.2,1.36,0.91,0.00,0.00,0.00,0.45,0.00,0.00,0.00,0.00,55.0,0.45,0.45,Matchs
892,Luiz Felipe,it ITA,DF,Betis,es La Liga,25,1997,19.6,45.1,43.0,1.99,1.84,0.00,0.46,0.10,0.15,0.00,0.00,0.00,0.00,38.4,0.10,0.56,Matchs
893,João Félix,pt POR,"AT,MT",Chelsea,eng Premier League,22,1999,10.5,33.9,29.9,3.71,0.48,0.48,0.38,1.81,0.48,1.14,0.19,0.86,0.00,26.1,0.29,0.86,Matchs
894,João Félix,pt POR,"AT,MT",Atlético Madrid,es La Liga,22,1999,7.2,31.7,29.0,2.50,0.83,0.97,0.28,1.11,0.42,0.56,0.42,0.00,0.00,23.8,0.14,0.69,Matchs
895,Ohis Felix Uduokhai,de GER,DF,Augsburg,de Bundesliga,24,1997,16.1,45.6,43.6,1.80,1.55,0.00,0.37,0.06,0.19,0.00,0.00,0.00,0.00,34.7,0.19,0.81,Matchs
896,Kiko Femenía,es ESP,DF,Villarreal,es La Liga,31,1991,12.6,61.7,52.5,09.05,1.27,0.00,0.08,2.46,7.70,0.08,0.00,0.00,0.00,52.9,0.24,1.11,Matchs
897,Evan Ferguson,ie IRL,AT,Brighton,eng Premier League,17,2004,10.6,21.2,19.2,1.98,0.00,0.09,0.00,0.19,0.00,0.00,0.00,0.00,0.00,17.0,0.09,0.28,Matchs
898,Lewis Ferguson,sct SCO,"MT,AT",Bologna,it Serie A,22,1999,25.7,47.4,46.3,0.97,0.43,0.16,0.00,0.51,0.47,0.00,0.00,0.00,0.00,40.4,0.12,0.78,Matchs
899,Bruno Fernandes,pt POR,"MT,AT",Manchester Utd,eng Premier League,27,1994,36.8,55.2,49.9,4.95,0.87,0.95,0.98,3.83,0.65,2.26,0.54,0.63,0.05,40.7,0.27,1.77,Matchs
900,Edimilson Fernandes,ch SUI,DF,Mainz 05,de Bundesliga,26,1996,27.1,43.9,38.8,4.91,1.62,0.00,0.59,2.95,1.55,1.73,0.89,0.81,0.00,30.7,0.22,0.96,Matchs
Clt,Joueur,Nation,Pos,Équipe,Comp,Âge,Naissance,90,Att,Action de jeu,Coup de pied arrêté,CF,Tr,Tr,Ctr,PCF,Co,Rentrant,Sortant,Droit,Cmp,HJ,Balles contrées,Matchs
901,Aitor Fernández,es ESP,GB,Osasuna,es La Liga,31,1991,21.0,37.8,25.1,12.4,4.14,0.00,0.10,0.00,0.00,0.00,0.00,0.00,0.00,24.7,0.19,0.00,Matchs
902,Álex Fernández,es ESP,"MT,AT",Cádiz,es La Liga,29,1992,17.5,41.1,37.5,3.60,1.94,0.11,0.57,2.11,0.06,1.20,0.46,0.34,0.00,34.4,0.06,0.40,Matchs
903,Álvaro Fernández,es ESP,GB,Espanyol,es La Liga,24,1998,11.0,32.5,18.5,13.9,4.55,0.00,0.18,0.00,0.00,0.00,0.00,0.00,0.00,21.0,0.18,0.00,Matchs
904,Carlos Fernández,es ESP,AT,Real Sociedad,es La Liga,26,1996,7.0,21.1,20.4,0.71,0.00,0.14,0.00,0.00,0.14,0.00,0.00,0.00,0.00,13.7,0.00,0.14,Matchs
905,Enzo Fernández,ar ARG,MT,Chelsea,eng Premier League,21,2001,17.2,83.7,80.3,3.26,2.97,0.64,0.99,0.81,0.12,0.17,0.06,0.06,0.00,73.8,0.17,0.76,Matchs
906,Federico Fernández,ar ARG,DF,Elche,es La Liga,33,1989,1.0,14.0,13.0,1.00,1.00,0.00,0.00,0.00,0.00,0.00,0.00,0.00,0.00,8.00,0.00,0.00,Matchs
907,Joaquín Fernández,es ESP,DF,Valladolid,es La Liga,26,1996,24.0,41.4,39.3,1.92,1.29,0.00,0.58,0.04,0.33,0.00,0.00,0.00,0.00,34.2,0.21,0.38,Matchs
908,Valery Fernández,es ESP,"MT,DF",Girona,es La Liga,22,1999,10.7,33.3,30.2,03.08,0.28,0.00,0.00,2.15,2.52,0.19,0.00,0.00,0.00,27.6,0.00,01.03,Matchs
909,Fernando,es ESP,GB,Almería,es La Liga,32,1990,36.5,36.0,22.9,12.9,3.59,0.00,0.05,0.00,0.00,0.00,0.00,0.00,0.00,25.2,0.14,0.03,Matchs
910,Fernando,br BRA,"MT,DF",Sevilla,es La Liga,35,1987,17.5,49.9,47.8,1.77,1.43,0.00,1.20,0.11,0.17,0.00,0.00,0.00,0.00,43.9,0.34,0.34,Matchs
911,Alex Ferrari,it ITA,DF,Sampdoria,it Serie A,28,1994,9.6,47.5,45.1,2.40,2.19,0.00,0.31,0.42,0.21,0.00,0.00,0.00,0.00,40.0,0.00,0.83,Matchs
912,Alex Ferrari,it ITA,DF,Cremonese,it Serie A,28,1994,11.2,40.9,37.1,3.84,1.61,0.00,0.36,0.54,2.23,0.00,0.00,0.00,0.00,30.3,0.00,0.71,Matchs
913,Salvador Ferrer,es ESP,DF,Spezia,it Serie A,24,1998,1.5,63.3,54.0,9.33,0.67,0.00,0.00,0.67,8.67,0.00,0.00,0.00,0.00,48.7,0.00,0.67,Matchs
914,Jordan Ferri,fr FRA,MT,Montpellier,fr Ligue 1,30,1992,30.4,65.4,61.8,3.32,2.73,0.23,0.56,0.99,0.46,0.03,0.00,0.00,0.00,55.8,0.26,0.82,Matchs
915,Fidel,es ESP,"MT,AT",Elche,es La Liga,32,1989,19.0,47.2,44.3,2.42,0.47,0.37,0.74,3.00,0.32,1.63,0.74,0.53,0.00,33.2,0.47,1.84,Matchs
916,Karol Fila,pl POL,DF,Strasbourg,fr Ligue 1,24,1998,0.5,82.0,78.0,4.00,0.00,0.00,0.00,6.00,4.00,0.00,0.00,0.00,0.00,66.0,0.00,0.00,Matchs
917,Vincenzo Fiorillo,it ITA,GB,Salernitana,it Serie A,32,1990,1.0,24.0,17.0,7.00,2.00,0.00,0.00,0.00,0.00,0.00,0.00,0.00,0.00,16.0,0.00,0.00,Matchs
918,Roberto Firmino,br BRA,"AT,MT",Liverpool,eng Premier League,30,1991,13.5,41.9,40.6,1.19,0.07,0.59,0.00,0.89,0.44,0.00,0.00,0.00,0.00,32.9,0.15,1.56,Matchs
919,Junior Firpo,es ESP,DF,Leeds United,eng Premier League,25,1996,15.2,40.9,33.2,7.50,0.53,0.07,0.07,0.79,6.97,0.00,0.00,0.00,0.00,29.9,0.13,1.18,Matchs
920,Kilian Fischer,de GER,"DF,AT",Wolfsburg,de Bundesliga,21,2000,5.6,48.8,37.5,11.3,0.71,0.00,0.00,2.14,10.5,0.00,0.00,0.00,0.00,39.8,0.00,1.61,Matchs
921,Mark Flekken,nl NED,GB,Freiburg,de Bundesliga,29,1993,34.0,43.2,33.5,9.53,2.74,0.00,0.44,0.00,0.00,0.00,0.00,0.00,0.00,30.4,0.18,0.06,Matchs
922,Florian Flick,de GER,MT,Schalke 04,de Bundesliga,22,2000,5.7,32.5,31.6,0.53,0.53,0.00,0.18,0.18,0.00,0.00,0.00,0.00,0.00,22.6,0.35,0.53,Matchs
923,Alexis Flips,fr FRA,"AT,MT",Reims,fr Ligue 1,22,2000,22.0,47.0,39.6,7.00,2.23,0.45,0.45,6.32,2.55,02.05,0.82,0.82,0.00,31.4,0.36,1.59,Matchs
924,Alessandro Florenzi,it ITA,DF,Milan,it Serie A,31,1991,2.3,74.8,59.1,15.2,03.04,0.00,0.43,9.57,9.57,2.61,0.87,1.74,0.00,56.5,0.43,0.00,Matchs
925,Phil Foden,eng ENG,AT,Manchester City,eng Premier League,22,2000,20.5,54.2,51.0,2.98,0.44,0.20,0.20,4.44,0.63,1.90,0.20,1.27,0.10,44.1,0.20,1.56,Matchs
Clt,Joueur,Nation,Pos,Équipe,Comp,Âge,Naissance,90,Att,Action de jeu,Coup de pied arrêté,CF,Tr,Tr,Ctr,PCF,Co,Rentrant,Sortant,Droit,Cmp,HJ,Balles contrées,Matchs
926,Seko Fofana,ci CIV,MT,Lens,fr Ligue 1,27,1995,34.1,53.4,53.0,0.35,0.29,0.15,0.50,1.58,0.06,0.00,0.00,0.00,0.00,46.6,0.06,0.94,Matchs
927,Wesley Fofana,fr FRA,DF,Leicester City,eng Premier League,21,2000,2.0,70.0,69.0,0.50,0.50,0.00,0.00,0.00,0.00,0.00,0.00,0.00,0.00,58.5,0.50,1.50,Matchs
928,Wesley Fofana,fr FRA,DF,Chelsea,eng Premier League,21,2000,13.1,66.6,64.3,2.21,1.76,0.00,0.23,0.23,0.46,0.00,0.00,0.00,0.00,59.5,0.08,0.31,Matchs
929,Yahia Fofana,ci CIV,GB,Angers,fr Ligue 1,21,2000,11.0,29.5,20.8,8.73,2.45,0.00,0.00,0.00,0.00,0.00,0.00,0.00,0.00,20.6,0.00,0.00,Matchs
930,Youssouf Fofana,fr FRA,MT,Monaco,fr Ligue 1,23,1999,34.3,50.7,49.1,1.28,0.87,0.32,0.38,0.20,0.09,0.00,0.00,0.00,0.00,41.4,0.32,0.61,Matchs
931,Thomas Foket,be BEL,DF,Reims,fr Ligue 1,27,1994,22.0,57.1,47.2,9.73,0.64,0.00,0.27,2.59,09.09,0.00,0.00,0.00,0.00,46.0,0.18,1.45,Matchs
932,José Fonte,pt POR,DF,Lille,fr Ligue 1,38,1983,28.8,68.7,64.9,3.72,2.71,0.00,0.42,0.10,0.17,0.00,0.00,0.00,0.00,61.8,0.14,0.24,Matchs
933,Pablo Fornals,es ESP,"AT,MT",West Ham,eng Premier League,26,1996,16.7,46.2,43.1,2.87,0.36,0.42,0.60,3.53,0.42,1.26,01.08,0.12,0.00,33.4,0.24,1.32,Matchs
934,Emil Forsberg,se SWE,"MT,AT",RB Leipzig,de Bundesliga,30,1991,16.5,31.5,30.2,01.09,0.24,0.18,0.12,01.03,0.24,0.48,0.18,0.24,0.00,25.6,0.18,0.61,Matchs
935,Adam Forshaw,eng ENG,MT,Leeds United,eng Premier League,30,1991,5.3,46.0,41.9,4.15,1.32,0.00,0.38,3.77,0.38,1.70,1.13,0.38,0.00,37.0,0.00,0.75,Matchs
936,Fraser Forster,eng ENG,GB,Tottenham,eng Premier League,34,1988,13.5,26.9,17.9,8.96,02.07,0.00,0.00,0.00,0.00,0.00,0.00,0.00,0.00,19.7,0.07,0.07,Matchs
937,Philipp Förster,de GER,MT,Bochum,de Bundesliga,27,1995,14.5,37.7,31.0,6.34,2.28,0.14,0.14,5.31,0.76,2.83,1.72,0.90,0.00,27.2,0.28,0.97,Matchs
938,Steven Fortes,cv CPV,DF,Lens,fr Ligue 1,30,1992,0.1,30.0,30.0,0.00,0.00,0.00,0.00,0.00,0.00,0.00,0.00,0.00,0.00,10.0,0.00,0.00,Matchs
939,Timothy Fosu-Mensah,nl NED,DF,Leverkusen,de Bundesliga,24,1998,2.1,56.7,45.7,10.5,0.95,0.00,0.48,1.90,9.52,0.00,0.00,0.00,0.00,44.3,0.48,1.43,Matchs
940,Dimitri Foulquier,fr FRA,DF,Valencia,es La Liga,29,1993,19.3,48.3,36.9,11.2,1.14,0.00,0.10,4.46,10.1,0.05,0.00,0.00,0.00,34.4,0.16,1.92,Matchs
941,Juan Foyth,ar ARG,DF,Villarreal,es La Liga,24,1998,21.8,58.5,48.5,9.68,1.88,0.18,0.64,0.46,7.80,0.00,0.00,0.00,0.00,51.2,0.32,0.60,Matchs
942,Raphael Framberger,de GER,"DF,AT",Augsburg,de Bundesliga,26,1995,2.0,32.0,22.0,10.0,0.00,0.00,0.00,2.00,10.0,0.00,0.00,0.00,0.00,16.5,0.00,1.50,Matchs
943,Tyrese Francois,au AUS,AT,Fulham,eng Premier League,22,2000,0.0,2,2,0,0,0,0,0,0,0,0,0,0,2,0,0,Matchs
944,Bartol Franjić,hr CRO,MT,Wolfsburg,de Bundesliga,22,2000,2.5,31.6,31.6,0.00,0.00,0.00,0.00,0.40,0.00,0.00,0.00,0.00,0.00,24.4,0.00,0.40,Matchs
945,Przemysław Frankowski,pl POL,"DF,MT",Lens,fr Ligue 1,27,1995,31.5,58.0,44.9,13.0,02.03,0.06,0.16,8.10,7.43,3.52,1.37,1.59,0.00,43.3,0.16,01.05,Matchs
946,Ryan Fraser,sct SCO,AT,Newcastle Utd,eng Premier League,28,1994,3.5,34.9,32.0,2.00,0.57,0.00,0.00,3.71,0.57,0.86,0.00,0.29,0.00,24.3,0.86,1.14,Matchs
947,Davide Frattesi,it ITA,MT,Sassuolo,it Serie A,22,1999,31.9,32.1,31.3,0.78,0.60,0.19,0.66,0.66,0.19,0.00,0.00,0.00,0.00,25.5,0.03,0.78,Matchs
948,Oscar Fraulo,dk DEN,"AT,MT",M'Gladbach,de Bundesliga,18,2003,0.1,160.0,160.0,0.00,0.00,0.00,0.00,0.00,0.00,0.00,0.00,0.00,0.00,100.0,0.00,0.00,Matchs
949,Fred,br BRA,MT,Manchester Utd,eng Premier League,29,1993,13.9,56.2,54.7,1.15,0.65,0.50,0.07,01.01,0.07,0.22,0.00,0.07,0.00,44.5,0.29,1.87,Matchs
950,Ryan Fredericks,eng ENG,DF,Bournemouth,eng Premier League,29,1992,5.9,37.3,30.0,7.29,0.17,0.00,0.00,2.54,7.12,0.00,0.00,0.00,0.00,25.3,0.00,1.86,Matchs
Clt,Joueur,Nation,Pos,Équipe,Comp,Âge,Naissance,90,Att,Action de jeu,Coup de pied arrêté,CF,Tr,Tr,Ctr,PCF,Co,Rentrant,Sortant,Droit,Cmp,HJ,Balles contrées,Matchs
951,Iván Fresneda,es ESP,DF,Valladolid,es La Liga,17,2004,19.4,47.5,37.6,9.79,0.98,0.05,0.00,03.04,8.81,0.00,0.00,0.00,0.00,36.6,0.15,1.55,Matchs
952,Remo Freuler,ch SUI,MT,Nott'ham Forest,eng Premier League,30,1992,24.0,34.8,33.8,0.96,0.83,0.00,0.08,0.21,0.08,0.00,0.00,0.00,0.00,27.7,0.04,0.71,Matchs
953,Michael Frey,ch SUI,AT,Schalke 04,de Bundesliga,28,1994,9.6,23.1,22.3,0.73,0.00,0.21,0.00,0.83,0.10,0.00,0.00,0.00,0.00,13.2,0.10,0.94,Matchs
954,Marco Friedl,at AUT,DF,Werder Bremen,de Bundesliga,24,1998,28.8,60.1,56.8,3.13,02.01,0.03,1.22,0.94,0.76,0.35,0.00,0.10,0.00,48.9,0.17,0.63,Matchs
955,Marvin Friedrich,de GER,DF,M'Gladbach,de Bundesliga,26,1995,13.9,69.4,66.8,2.37,2.16,0.07,0.50,0.07,0.22,0.00,0.00,0.00,0.00,59.7,0.29,0.58,Matchs
956,Jeremie Frimpong,nl NED,"DF,MT",Leverkusen,de Bundesliga,21,2000,30.1,40.9,33.0,7.94,0.43,0.00,0.13,2.33,7.51,0.00,0.00,0.00,0.00,32.6,0.03,1.16,Matchs
957,Chris Führich,de GER,"AT,MT",Stuttgart,de Bundesliga,24,1998,20.9,33.7,30.3,3.30,0.43,0.10,0.62,2.39,1.00,1.48,0.29,0.86,0.00,26.4,0.10,0.72,Matchs
958,Angelo Fulgini,fr FRA,"MT,AT",Lens,fr Ligue 1,25,1996,9.5,52.7,44.5,7.89,2.42,0.53,0.00,6.53,0.42,4.95,1.79,2.21,0.11,40.0,0.32,0.95,Matchs
959,Angelo Fulgini,fr FRA,MT,Mainz 05,de Bundesliga,25,1996,5.8,41.0,39.7,1.21,0.00,0.17,0.17,1.21,0.86,0.17,0.00,0.00,0.00,32.4,0.17,0.52,Matchs
960,Niclas Füllkrug,de GER,AT,Werder Bremen,de Bundesliga,29,1993,27.5,33.8,33.0,0.62,0.00,0.15,0.55,0.73,0.04,0.00,0.00,0.00,0.00,21.1,0.15,1.31,Matchs
961,Matteo Gabbia,it ITA,DF,Milan,it Serie A,22,1999,6.8,52.8,50.9,1.91,01.03,0.00,0.15,0.29,0.15,0.00,0.00,0.00,0.00,42.5,0.00,0.29,Matchs
962,Manolo Gabbiadini,it ITA,"AT,MT",Sampdoria,it Serie A,30,1991,26.2,23.9,22.5,1.22,0.15,0.34,0.08,0.95,0.19,0.46,0.08,0.31,0.00,16.3,0.11,0.88,Matchs
963,Gianluca Gaetano,it ITA,MT,Napoli,it Serie A,22,2000,0.8,77.5,72.5,2.50,2.50,0.00,0.00,1.25,0.00,0.00,0.00,0.00,0.00,60.0,2.50,1.25,Matchs
964,Roberto Gagliardini,it ITA,MT,Inter,it Serie A,28,1994,8.7,40.8,40.0,0.57,0.46,0.11,0.11,0.80,0.11,0.00,0.00,0.00,0.00,34.1,0.23,0.34,Matchs
965,Adolfo Gaich,ar ARG,AT,Hellas Verona,it Serie A,23,1999,8.1,20.4,19.8,0.49,0.00,0.00,0.00,0.00,0.00,0.00,0.00,0.00,0.00,11.6,0.12,0.49,Matchs
966,Cody Gakpo,nl NED,"AT,MT",Liverpool,eng Premier League,23,1999,16.2,24.2,23.5,0.56,0.00,0.19,0.00,01.05,0.12,0.25,0.19,0.00,0.00,18.1,0.12,0.68,Matchs
967,Javi Galán,es ESP,DF,Celta Vigo,es La Liga,27,1994,35.1,58.1,45.6,12.2,1.60,0.06,0.54,4.62,9.80,0.77,0.43,0.20,0.00,44.9,0.34,1.34,Matchs
968,Iñigo Ruiz de Galarreta,es ESP,MT,Mallorca,es La Liga,28,1993,27.2,45.7,43.3,2.13,1.29,0.18,0.66,1.99,0.04,0.81,0.11,0.48,0.00,37.4,0.26,0.74,Matchs
969,Pablo Galdames Millán,cl CHI,MT,Cremonese,it Serie A,25,1996,8.2,36.8,32.6,4.27,1.95,0.24,1.10,2.68,0.37,1.46,0.24,0.73,0.00,25.7,0.00,1.10,Matchs
970,Conor Gallagher,eng ENG,MT,Chelsea,eng Premier League,22,2000,18.0,48.4,45.4,2.78,0.72,0.06,0.33,2.72,0.56,1.17,0.50,0.39,0.00,39.2,0.17,1.61,Matchs
971,Antonino Gallo,it ITA,DF,Lecce,it Serie A,22,2000,27.6,45.4,35.5,9.67,0.72,0.00,0.51,3.22,8.95,0.00,0.00,0.00,0.00,30.5,0.25,0.87,Matchs
972,Gauthier Gallon,fr FRA,GB,Troyes,fr Ligue 1,29,1993,29.6,32.1,20.2,11.8,3.65,0.00,0.17,0.00,0.00,0.00,0.00,0.00,0.00,21.4,0.10,0.00,Matchs
973,Cristian Gamboa,cr CRC,DF,Bochum,de Bundesliga,32,1989,16.4,41.7,34.9,6.65,0.12,0.06,0.18,2.62,6.52,0.00,0.00,0.00,0.00,27.9,0.18,0.73,Matchs
974,Kévin Gameiro,fr FRA,AT,Strasbourg,fr Ligue 1,35,1987,23.3,32.1,30.3,1.67,0.04,0.34,0.04,0.82,0.13,0.00,0.00,0.00,0.00,25.4,0.09,1.29,Matchs
975,Idrissa Gana Gueye,sn SEN,MT,Everton,eng Premier League,32,1989,28.6,42.9,42.1,0.59,0.45,0.03,0.14,0.35,0.10,0.00,0.00,0.00,0.00,35.8,0.14,0.80,Matchs
Clt,Joueur,Nation,Pos,Équipe,Comp,Âge,Naissance,90,Att,Action de jeu,Coup de pied arrêté,CF,Tr,Tr,Ctr,PCF,Co,Rentrant,Sortant,Droit,Cmp,HJ,Balles contrées,Matchs
976,Ignatius Ganago,cm CMR,"AT,MT",Nantes,fr Ligue 1,23,1999,16.9,20.7,19.8,0.71,0.06,0.06,0.12,1.30,0.06,0.00,0.00,0.00,0.00,12.5,0.12,0.95,Matchs
977,Ignatius Ganago,cm CMR,AT,Lens,fr Ligue 1,23,1999,0.7,15.7,12.9,2.86,0.00,0.00,0.00,0.00,0.00,0.00,0.00,0.00,0.00,14.3,0.00,0.00,Matchs
978,Silvère Ganvoula M'Boussy,cg CGO,"AT,MT",Bochum,de Bundesliga,26,1996,2.7,32.2,30.4,1.85,0.00,0.00,0.00,0.37,0.00,0.00,0.00,0.00,0.00,18.1,0.00,0.37,Matchs
979,Aleix García,es ESP,MT,Girona,es La Liga,25,1997,26.0,63.7,55.4,7.81,3.88,0.12,1.65,6.88,0.50,3.38,1.35,1.62,0.04,52.7,0.50,0.85,Matchs
980,Álvaro García,es ESP,"AT,MT",Rayo Vallecano,es La Liga,29,1992,31.9,32.5,30.3,1.91,0.13,0.03,0.13,4.98,1.66,0.13,0.06,0.00,0.00,20.8,0.22,1.54,Matchs
981,Borja García,es ESP,"MT,AT",Girona,es La Liga,31,1990,7.5,37.5,36.0,1.33,0.40,0.40,0.00,2.27,0.00,0.80,0.80,0.00,0.00,28.9,0.13,0.93,Matchs
982,Carlos García,es ESP,DF,Cádiz,es La Liga,22,2000,0.3,80.0,76.7,3.33,3.33,0.00,0.00,0.00,0.00,0.00,0.00,0.00,0.00,66.7,0.00,0.00,Matchs
983,Dani García,es ESP,MT,Athletic Club,es La Liga,32,1990,16.5,43.6,41.7,1.76,1.70,0.18,0.42,0.30,0.00,0.00,0.00,0.00,0.00,34.6,0.18,0.48,Matchs
984,David García,es ESP,DF,Osasuna,es La Liga,28,1994,29.8,47.8,46.5,1.28,1.21,0.03,0.47,0.07,0.07,0.00,0.00,0.00,0.00,38.7,0.03,0.27,Matchs
985,Eric García,es ESP,"DF,MT",Barcelona,es La Liga,21,2001,15.7,80.1,76.8,3.18,2.10,0.13,0.83,0.00,01.02,0.00,0.00,0.00,0.00,72.7,0.13,0.51,Matchs
986,Fran Garcia,es ESP,DF,Rayo Vallecano,es La Liga,22,1999,37.9,54.6,44.5,10.0,0.63,0.03,0.21,4.12,9.37,0.00,0.00,0.00,0.00,42.9,0.11,1.61,Matchs
987,Joan García,es ESP,GB,Espanyol,es La Liga,21,2001,1.0,30.0,26.0,4.00,1.00,0.00,0.00,0.00,0.00,0.00,0.00,0.00,0.00,26.0,0.00,0.00,Matchs
988,Raúl García,es ESP,"AT,MT",Athletic Club,es La Liga,36,1986,10.7,29.7,28.6,0.93,0.19,0.09,0.28,1.21,0.37,0.00,0.00,0.00,0.00,18.6,0.19,0.84,Matchs
989,Rubén García,es ESP,"AT,MT",Osasuna,es La Liga,29,1993,12.9,44.0,38.2,5.50,2.33,0.47,0.39,6.12,0.23,2.71,1.24,01.09,0.16,31.9,0.23,1.16,Matchs
990,Unai García,es ESP,DF,Osasuna,es La Liga,30,1992,19.0,42.3,39.9,2.32,1.79,0.00,1.42,0.16,0.47,0.00,0.00,0.00,0.00,33.6,0.00,0.16,Matchs
991,Alejandro Garnacho,ar ARG,"AT,MT",Manchester Utd,eng Premier League,18,2004,6.3,29.7,29.7,0.00,0.00,0.00,0.32,0.32,0.00,0.00,0.00,0.00,0.00,23.8,0.00,1.11,Matchs
992,James Garner,eng ENG,"MT,DF",Everton,eng Premier League,21,2001,8.9,39.7,34.8,4.61,0.67,0.00,0.22,4.16,1.80,1.91,1.69,0.22,0.00,28.8,0.22,01.01,Matchs
993,Felix Garreta,es ESP,DF,Betis,es La Liga,18,2004,1.0,40.0,38.0,1.00,1.00,0.00,0.00,0.00,0.00,0.00,0.00,0.00,0.00,34.0,1.00,0.00,Matchs
994,Aleix Garrido,es ESP,AT,Barcelona,es La Liga,18,2004,0.1,30.0,30.0,0.00,0.00,0.00,0.00,10.0,0.00,0.00,0.00,0.00,0.00,20.0,0.00,0.00,Matchs
995,Sékou Gassama,sn SEN,AT,Valladolid,es La Liga,27,1995,0.4,22.5,17.5,5.00,0.00,0.00,0.00,0.00,0.00,0.00,0.00,0.00,0.00,17.5,0.00,0.00,Matchs
996,Johan Gastien,fr FRA,MT,Clermont Foot,fr Ligue 1,34,1988,28.9,72.8,65.7,6.92,4.98,0.10,0.80,2.32,0.35,1.59,0.80,0.42,0.07,60.3,0.10,0.83,Matchs
997,Federico Gatti,it ITA,DF,Juventus,it Serie A,24,1998,16.1,59.4,57.3,1.93,1.30,0.00,1.43,0.19,0.50,0.00,0.00,0.00,0.00,50.2,0.19,0.68,Matchs
998,Gavi,es ESP,"MT,AT",Barcelona,es La Liga,17,2004,28.1,42.9,41.2,1.60,0.46,0.28,0.46,1.35,0.32,0.00,0.00,0.00,0.00,36.5,0.14,0.96,Matchs
999,Paulo Gazzaniga,ar ARG,GB,Girona,es La Liga,30,1992,28.0,38.2,26.4,11.6,2.96,0.00,0.11,0.00,0.00,0.00,0.00,0.00,0.00,28.0,0.21,0.00,Matchs
1000,David de Gea,es ESP,GB,Manchester Utd,eng Premier League,31,1990,38.0,32.1,25.5,6.39,1.68,0.03,0.08,0.00,0.00,0.00,0.00,0.00,0.00,22.8,0.18,0.03,Matchs
Clt,Joueur,Nation,Pos,Équipe,Comp,Âge,Naissance,90,Att,Action de jeu,Coup de pied arrêté,CF,Tr,Tr,Ctr,PCF,Co,Rentrant,Sortant,Droit,Cmp,HJ,Balles contrées,Matchs
1001,Dario Gebuhr,de GER,DF,Eint Frankfurt,de Bundesliga,19,2003,0.2,65.0,60.0,0.00,0.00,0.00,0.00,0.00,0.00,0.00,0.00,0.00,0.00,50.0,5.00,5.00,Matchs
1002,Dennis Geiger,de GER,MT,Hoffenheim,de Bundesliga,24,1998,21.7,39.3,34.1,4.93,1.94,0.09,0.18,2.26,0.14,1.94,0.32,1.20,0.05,32.1,0.18,0.78,Matchs
1003,Joe Gelhardt,eng ENG,AT,Leeds United,eng Premier League,20,2002,2.4,27.9,25.8,1.25,0.00,0.42,0.00,0.42,0.00,0.00,0.00,0.00,0.00,17.9,0.83,1.67,Matchs
1004,Valentin Gendrey,fr FRA,DF,Lecce,it Serie A,22,2000,34.5,42.0,31.2,10.6,0.43,0.03,0.23,2.14,10.2,0.00,0.00,0.00,0.00,29.9,0.14,0.96,Matchs
1005,Denis Genreau,au AUS,MT,Toulouse,fr Ligue 1,23,1999,7.3,44.2,42.9,1.37,0.14,0.00,0.27,2.19,0.55,0.00,0.00,0.00,0.00,33.3,0.00,2.33,Matchs
1006,Yannick Gerhardt,de GER,MT,Wolfsburg,de Bundesliga,28,1994,20.7,32.6,30.9,1.45,0.63,0.10,0.19,0.87,0.24,0.14,0.10,0.05,0.00,24.3,0.24,1.21,Matchs
1007,Valère Germain,fr FRA,"AT,MT",Montpellier,fr Ligue 1,32,1990,7.6,28.2,26.6,1.45,0.00,0.13,0.00,0.79,0.13,0.00,0.00,0.00,0.00,19.3,0.13,01.05,Matchs
1008,Gerson,br BRA,MT,Marseille,fr Ligue 1,25,1997,4.6,40.2,38.5,1.52,0.22,0.00,0.22,0.65,01.09,0.22,0.00,0.00,0.00,32.6,0.22,1.52,Matchs
1009,Ismaël Gharbi,es ESP,"MT,AT",Paris S-G,fr Ligue 1,18,2004,0.6,60.0,55.0,5.00,3.33,0.00,0.00,0.00,0.00,1.67,0.00,0.00,0.00,53.3,0.00,0.00,Matchs
1010,Paolo Ghiglione,it ITA,DF,Cremonese,it Serie A,25,1997,7.9,36.1,28.7,7.34,0.13,0.00,0.25,4.94,6.96,0.25,0.00,0.25,0.00,20.1,0.00,1.39,Matchs
1011,Saman Ghoddos,ir IRN,"MT,AT",Brentford,eng Premier League,28,1993,1.5,52.7,45.3,7.33,2.00,0.67,0.00,4.67,2.00,2.67,0.67,2.00,0.00,39.3,0.00,0.67,Matchs
1012,Faouzi Ghoulam,dz ALG,DF,Angers,fr Ligue 1,31,1991,5.3,62.1,45.7,16.2,4.15,0.00,0.19,7.17,09.06,2.83,0.57,2.26,0.00,44.0,0.19,1.89,Matchs
1013,Morgan Gibbs-White,eng ENG,"AT,MT",Wolves,eng Premier League,22,2000,2.0,47.5,44.0,3.50,1.00,0.00,0.50,4.00,0.50,2.00,0.00,1.50,0.00,37.5,0.00,1.00,Matchs
1014,Morgan Gibbs-White,eng ENG,"MT,AT",Nott'ham Forest,eng Premier League,22,2000,33.0,32.7,27.0,5.18,1.88,0.48,0.24,4.88,0.15,2.85,1.30,1.33,0.03,20.0,0.48,0.91,Matchs
1015,Niko Gießelmann,de GER,DF,Union Berlin,de Bundesliga,30,1991,14.5,51.3,35.9,15.2,1.59,0.00,0.21,06.07,11.4,2.28,1.45,0.41,0.00,34.2,0.14,1.72,Matchs
1016,Samuel Gigot,fr FRA,DF,Marseille,fr Ligue 1,28,1993,20.9,54.1,51.5,2.44,1.53,0.00,0.05,0.05,0.29,0.00,0.00,0.00,0.00,47.1,0.10,0.10,Matchs
1017,Rafał Gikiewicz,pl POL,GB,Augsburg,de Bundesliga,34,1987,23.0,50.1,36.0,14.0,3.78,0.00,0.13,0.00,0.00,0.00,0.00,0.00,0.00,36.8,0.09,0.04,Matchs
1018,Bryan Gil,es ESP,"MT,AT",Tottenham,eng Premier League,21,2001,1.6,37.5,35.6,1.88,0.63,0.00,0.00,1.25,0.63,0.00,0.00,0.00,0.00,29.4,0.00,1.88,Matchs
1019,Bryan Gil,es ESP,"AT,DF",Sevilla,es La Liga,21,2001,10.2,36.7,32.4,3.92,0.29,0.00,0.20,2.84,3.14,0.49,0.00,0.10,0.00,27.8,0.39,1.67,Matchs
1020,David Gil,es ESP,GB,Cádiz,es La Liga,28,1994,4.0,32.3,18.8,13.5,4.50,0.00,0.25,0.00,0.00,0.00,0.00,0.00,0.00,16.5,0.00,0.00,Matchs
1021,Óscar Gil,es ESP,DF,Espanyol,es La Liga,25,1997,28.4,34.9,26.0,8.87,0.56,0.04,0.11,1.34,8.31,0.00,0.00,0.00,0.00,26.7,0.07,1.20,Matchs
1022,Mario Gila,es ESP,DF,Lazio,it Serie A,21,2000,1.0,61.0,56.0,5.00,3.00,0.00,0.00,0.00,2.00,0.00,0.00,0.00,0.00,56.0,0.00,0.00,Matchs
1023,Billy Gilmour,sct SCO,MT,Brighton,eng Premier League,21,2001,5.6,72.9,72.0,0.36,0.36,0.36,0.18,0.36,0.00,0.00,0.00,0.00,0.00,65.0,0.54,0.54,Matchs
1024,Álvaro Giménez,es ESP,AT,Cádiz,es La Liga,31,1991,0.2,10.0,10.0,0.00,0.00,0.00,0.00,0.00,0.00,0.00,0.00,0.00,0.00,10.0,0.00,0.00,Matchs
1025,Gvidas Gineitis,lt LTU,MT,Torino,it Serie A,18,2004,1.5,60.0,58.0,2.00,0.67,0.00,0.00,0.00,1.33,0.00,0.00,0.00,0.00,50.0,0.00,2.00,Matchs
Clt,Joueur,Nation,Pos,Équipe,Comp,Âge,Naissance,90,Att,Action de jeu,Coup de pied arrêté,CF,Tr,Tr,Ctr,PCF,Co,Rentrant,Sortant,Droit,Cmp,HJ,Balles contrées,Matchs
1026,Matthias Ginter,de GER,DF,Freiburg,de Bundesliga,28,1994,34.0,56.0,53.7,2.00,1.71,0.06,0.35,0.24,0.12,0.00,0.00,0.00,0.00,46.1,0.26,0.29,Matchs
1027,Andrei Girotto,br BRA,"DF,MT",Nantes,fr Ligue 1,30,1992,35.0,50.0,48.6,1.23,1.14,0.03,0.46,0.26,0.09,0.00,0.00,0.00,0.00,41.3,0.14,0.34,Matchs
1028,Olivier Giroud,fr FRA,AT,Milan,it Serie A,35,1986,23.8,23.5,22.1,1.34,0.08,0.04,0.04,0.21,0.04,0.00,0.00,0.00,0.00,14.7,0.04,0.55,Matchs
1029,Serge Gnabry,de GER,"AT,MT",Bayern Munich,de Bundesliga,27,1995,21.6,40.4,38.4,1.71,0.00,0.19,0.05,1.81,0.65,0.42,0.19,0.23,0.00,32.1,0.28,01.02,Matchs
1030,Degnand Gnonto,it ITA,"AT,MT",Leeds United,eng Premier League,18,2003,15.0,34.1,32.1,1.73,0.07,0.27,0.00,2.80,0.87,0.67,0.13,0.07,0.00,24.7,0.27,2.33,Matchs
1031,Ben Godfrey,eng ENG,DF,Everton,eng Premier League,24,1998,8.9,31.6,26.1,5.39,0.11,0.00,0.00,0.79,5.28,0.00,0.00,0.00,0.00,20.4,0.11,01.01,Matchs
1032,Pierluigi Gollini,it ITA,GB,Fiorentina,it Serie A,27,1995,3.0,42.0,37.0,5.00,1.33,0.00,0.00,0.00,0.00,0.00,0.00,0.00,0.00,32.0,0.00,0.00,Matchs
1033,Pierluigi Gollini,it ITA,GB,Napoli,it Serie A,27,1995,4.0,39.8,30.8,9.00,1.25,0.00,0.25,0.00,0.00,0.00,0.00,0.00,0.00,34.0,0.00,0.00,Matchs
1034,Aleksandr Golovin,ru RUS,"MT,AT",Monaco,fr Ligue 1,26,1996,27.4,40.1,36.1,3.76,0.95,0.29,0.29,04.05,0.62,2.19,0.84,1.13,0.04,28.1,0.26,1.28,Matchs
1035,André Gomes,pt POR,MT,Lille,fr Ligue 1,29,1993,18.1,73.7,72.1,1.38,0.99,0.17,0.72,0.61,0.28,0.11,0.00,0.11,0.00,65.1,0.22,1.22,Matchs
1036,Angel Gomes,eng ENG,MT,Lille,fr Ligue 1,21,2000,31.3,56.5,54.3,02.04,1.12,0.26,0.77,1.57,0.03,0.83,0.35,0.32,0.00,48.5,0.13,0.58,Matchs
1037,João Gomes,br BRA,MT,Wolves,eng Premier League,21,2001,7.3,44.1,42.1,1.92,1.51,0.00,0.41,1.10,0.14,0.14,0.00,0.00,0.00,34.2,0.14,1.23,Matchs
1038,Toti Gomes,pt POR,DF,Wolves,eng Premier League,23,1999,10.9,50.9,45.8,05.05,0.64,0.00,0.46,0.83,4.40,0.00,0.00,0.00,0.00,42.2,0.09,0.46,Matchs
1039,Dani Gómez,es ESP,"MT,AT",Espanyol,es La Liga,24,1998,1.0,17.0,16.0,1.00,0.00,0.00,0.00,2.00,1.00,0.00,0.00,0.00,0.00,13.0,0.00,2.00,Matchs
1040,Joe Gomez,eng ENG,DF,Liverpool,eng Premier League,25,1997,16.3,83.5,80.7,2.39,0.37,0.12,0.67,0.25,1.84,0.00,0.00,0.00,0.00,71.5,0.37,0.31,Matchs
1041,Maxi Gómez,uy URU,AT,Valencia,es La Liga,25,1996,1.2,11.7,10.8,0.83,0.00,0.00,0.00,0.00,0.00,0.00,0.00,0.00,0.00,7.50,0.00,0.00,Matchs
1042,Moi Gómez,es ESP,"MT,AT",Osasuna,es La Liga,28,1994,27.3,57.1,51.8,5.13,2.60,0.04,1.25,4.21,0.22,2.27,0.95,0.95,0.00,48.1,0.22,0.95,Matchs
1043,Papu Gómez,ar ARG,"AT,MT",Sevilla,es La Liga,34,1988,11.8,45.3,42.4,2.88,0.68,0.17,0.68,3.39,1.10,0.93,0.25,0.17,0.00,38.1,0.08,0.51,Matchs
1044,Sergi Gómez,es ESP,DF,Espanyol,es La Liga,30,1992,26.0,43.5,41.2,2.27,1.88,0.00,0.42,0.12,0.27,0.00,0.00,0.00,0.00,37.2,0.12,0.12,Matchs
1045,Sergio Gómez,es ESP,"DF,MT",Manchester City,eng Premier League,21,2000,3.9,81.3,73.6,7.69,1.28,0.00,0.00,02.05,5.64,0.77,0.00,0.77,0.00,71.5,0.00,1.79,Matchs
1046,Antonio Gomis,es ESP,GB,Atlético Madrid,es La Liga,19,2003,0.1,30.0,10.0,20.0,10.0,0.00,0.00,0.00,0.00,0.00,0.00,0.00,0.00,0.00,0.00,0.00,Matchs
1047,Maxime Gonalons,fr FRA,MT,Clermont Foot,fr Ligue 1,33,1989,16.1,51.9,49.8,1.93,1.86,0.06,1.30,0.19,0.06,0.00,0.00,0.00,0.00,45.7,0.19,0.75,Matchs
1048,Diego González,es ESP,DF,Elche,es La Liga,27,1995,10.6,36.0,33.1,2.92,1.70,0.00,0.19,0.09,1.23,0.00,0.00,0.00,0.00,28.2,0.00,0.57,Matchs
1049,Édgar González,es ESP,DF,Betis,es La Liga,25,1997,19.7,45.3,44.0,1.12,1.12,0.00,0.10,0.00,0.00,0.00,0.00,0.00,0.00,40.2,0.15,0.36,Matchs
1050,Giovanni González,uy URU,DF,Mallorca,es La Liga,27,1994,10.3,41.6,35.2,6.21,0.19,0.00,0.00,1.94,06.02,0.00,0.00,0.00,0.00,32.6,0.10,0.49,Matchs
Clt,Joueur,Nation,Pos,Équipe,Comp,Âge,Naissance,90,Att,Action de jeu,Coup de pied arrêté,CF,Tr,Tr,Ctr,PCF,Co,Rentrant,Sortant,Droit,Cmp,HJ,Balles contrées,Matchs
1051,Joan Gonzàlez,es ESP,MT,Lecce,it Serie A,20,2002,24.4,32.0,30.0,1.84,0.29,0.12,0.37,01.07,0.53,0.04,0.00,0.00,0.00,24.5,0.16,0.66,Matchs
1052,Nicolás González,ar ARG,"AT,MT",Fiorentina,it Serie A,24,1998,15.0,38.1,36.1,1.67,0.60,0.07,0.80,02.07,0.93,0.13,0.00,0.00,0.00,25.4,0.27,1.27,Matchs
1053,Nicolás González,es ESP,MT,Valencia,es La Liga,20,2002,15.6,49.9,47.9,1.79,1.67,0.13,0.32,0.19,0.06,0.00,0.00,0.00,0.00,43.3,0.13,0.51,Matchs
1054,Oumar Gonzalez,cm CMR,DF,Ajaccio,fr Ligue 1,24,1998,28.6,38.5,37.0,1.50,1.43,0.03,0.03,0.10,0.07,0.00,0.00,0.00,0.00,31.4,0.03,0.17,Matchs
1055,Roberto González,es ESP,"AT,MT",Betis,es La Liga,21,2001,0.6,48.3,36.7,11.7,1.67,0.00,0.00,8.33,0.00,10.0,1.67,3.33,0.00,41.7,0.00,1.67,Matchs
1056,Jacek Góralski,pl POL,MT,Bochum,de Bundesliga,29,1992,1.6,24.4,21.9,2.50,2.50,0.00,0.63,0.00,0.00,0.00,0.00,0.00,0.00,19.4,0.00,0.63,Matchs
1057,Anthony Gordon,eng ENG,"AT,MT",Newcastle Utd,eng Premier League,21,2001,5.4,36.7,35.4,0.74,0.19,0.37,0.00,1.67,0.19,0.37,0.37,0.00,0.00,30.0,0.56,0.74,Matchs
1058,Anthony Gordon,eng ENG,AT,Everton,eng Premier League,21,2001,12.2,23.0,22.3,0.57,0.00,0.08,0.08,02.05,0.08,0.16,0.16,0.00,0.00,15.8,0.08,0.82,Matchs
1059,Leon Goretzka,de GER,MT,Bayern Munich,de Bundesliga,27,1995,19.2,52.7,51.3,1.25,0.94,0.21,0.10,0.52,0.21,0.00,0.00,0.00,0.00,43.0,0.21,0.68,Matchs
1060,Andoni Gorosabel,es ESP,DF,Real Sociedad,es La Liga,25,1996,19.0,55.2,43.9,11.2,1.53,0.00,0.11,2.16,9.68,0.00,0.00,0.00,0.00,46.7,0.11,01.05,Matchs
1061,Robin Gosens,de GER,DF,Inter,it Serie A,28,1994,13.2,50.0,43.2,6.52,0.08,0.08,0.23,3.26,6.44,0.00,0.00,0.00,0.00,38.3,0.30,01.06,Matchs
1062,Mario Götze,de GER,MT,Eint Frankfurt,de Bundesliga,30,1992,30.4,50.2,46.0,3.91,0.92,0.39,0.30,3.36,0.46,1.25,0.49,0.43,0.03,37.2,0.36,1.58,Matchs
1063,Amine Gouiri,dz ALG,"AT,MT",Nice,fr Ligue 1,22,2000,2.5,29.6,26.4,2.40,0.40,0.00,0.00,2.40,0.00,1.20,1.20,0.00,0.00,21.2,0.80,2.80,Matchs
1064,Amine Gouiri,dz ALG,"AT,MT",Rennes,fr Ligue 1,22,2000,28.0,26.5,25.6,0.79,0.00,0.18,0.07,0.36,0.04,0.00,0.00,0.00,0.00,21.0,0.07,0.93,Matchs
1065,Jeffrey Gouweleeuw,nl NED,DF,Augsburg,de Bundesliga,31,1991,31.1,47.6,44.2,03.05,2.86,0.23,0.39,0.26,0.16,0.00,0.00,0.00,0.00,33.3,0.35,0.51,Matchs
1066,Jonathan Gradit,fr FRA,DF,Lens,fr Ligue 1,29,1992,31.4,66.7,64.2,2.26,1.82,0.13,0.45,0.48,0.25,0.00,0.00,0.00,0.00,59.7,0.19,0.45,Matchs
1067,José Gragera,es ESP,"MT,DF",Espanyol,es La Liga,21,2000,5.1,40.8,39.2,1.57,1.37,0.00,0.20,0.00,0.20,0.00,0.00,0.00,0.00,34.9,0.00,0.00,Matchs
1068,Alberto Grassi,it ITA,MT,Empoli,it Serie A,27,1995,13.3,42.0,40.5,1.43,1.43,0.00,0.08,0.00,0.00,0.00,0.00,0.00,0.00,34.1,0.15,0.60,Matchs
1069,Ryan Gravenberch,nl NED,MT,Bayern Munich,de Bundesliga,20,2002,6.4,58.3,57.0,0.94,0.16,0.00,0.47,0.94,0.31,0.47,0.16,0.31,0.00,50.9,0.31,1.41,Matchs
1070,Andrew Gravillon,gp GLP,DF,Torino,it Serie A,24,1998,3.5,46.6,44.6,1.71,1.14,0.00,0.86,0.86,0.57,0.00,0.00,0.00,0.00,37.4,0.29,0.29,Matchs
1071,Andrew Gravillon,gp GLP,DF,Reims,fr Ligue 1,24,1998,11.5,38.7,33.4,05.04,1.65,0.17,0.43,1.39,3.39,0.00,0.00,0.00,0.00,28.7,0.26,0.61,Matchs
1072,Demarai Gray,jm JAM,"AT,MT",Everton,eng Premier League,26,1996,27.9,30.0,23.9,6.16,02.04,0.07,0.29,6.20,0.25,2.65,1.90,0.72,0.00,20.8,0.00,1.36,Matchs
1073,Adrian Grbić,at AUT,"MT,AT",Lorient,fr Ligue 1,25,1996,0.3,6.67,6.67,0.00,0.00,0.00,0.00,0.00,0.00,0.00,0.00,0.00,0.00,3.33,0.00,3.33,Matchs
1074,Ivo Grbić,hr CRO,GB,Atlético Madrid,es La Liga,26,1996,10.2,32.4,20.3,12.0,2.25,0.00,0.00,0.00,0.00,0.00,0.00,0.00,0.00,21.5,0.10,0.00,Matchs
1075,Jack Grealish,eng ENG,AT,Manchester City,eng Premier League,26,1995,22.8,47.0,44.3,2.46,0.31,0.26,0.35,2.32,1.10,01.05,0.53,0.00,0.04,39.6,0.22,1.54,Matchs
Clt,Joueur,Nation,Pos,Équipe,Comp,Âge,Naissance,90,Att,Action de jeu,Coup de pied arrêté,CF,Tr,Tr,Ctr,PCF,Co,Rentrant,Sortant,Droit,Cmp,HJ,Balles contrées,Matchs
1076,Sam Greenwood,eng ENG,"MT,AT",Leeds United,eng Premier League,20,2002,4.7,39.6,30.4,9.15,3.19,0.00,0.21,9.15,0.43,5.53,2.77,2.77,0.00,22.8,0.00,0.43,Matchs
1077,Michael Gregoritsch,at AUT,AT,Freiburg,de Bundesliga,28,1994,23.9,22.6,22.1,0.29,0.04,0.04,0.13,0.54,0.21,0.00,0.00,0.00,0.00,12.4,0.21,0.59,Matchs
1078,Dominik Greif,sk SVK,GB,Mallorca,es La Liga,25,1997,1.0,38.0,20.0,18.0,3.00,0.00,0.00,0.00,0.00,0.00,0.00,0.00,0.00,23.0,0.00,0.00,Matchs
1079,Leo Greiml,at AUT,DF,Schalke 04,de Bundesliga,21,2001,4.0,49.3,47.8,1.50,1.00,0.25,0.00,0.75,0.50,0.00,0.00,0.00,0.00,40.0,0.00,0.25,Matchs
1080,Clément Grenier,fr FRA,MT,Mallorca,es La Liga,31,1991,8.0,44.5,38.9,5.25,2.38,0.00,1.13,4.25,0.00,2.38,0.88,1.25,0.00,32.0,0.38,0.63,Matchs
1081,Antoine Griezmann,fr FRA,"AT,MT",Atlético Madrid,es La Liga,31,1991,31.8,50.2,45.8,4.28,01.07,0.50,0.63,4.12,0.19,2.26,1.32,0.53,0.00,38.9,0.13,1.23,Matchs
1082,Vincenzo Grifo,it ITA,"MT,AT",Freiburg,de Bundesliga,29,1993,26.8,49.9,43.1,6.49,2.99,0.19,0.60,05.04,0.60,2.50,1.46,0.71,0.00,36.5,0.26,01.01,Matchs
1083,Lennart Grill,de GER,GB,Union Berlin,de Bundesliga,23,1999,5.0,42.8,36.2,6.60,3.20,0.00,0.00,0.00,0.00,0.00,0.00,0.00,0.00,29.4,0.00,0.20,Matchs
1084,Christian Groß,de GER,MT,Werder Bremen,de Bundesliga,33,1989,21.0,41.0,39.2,1.62,1.14,0.05,0.24,0.29,0.05,0.00,0.00,0.00,0.00,33.1,0.10,0.90,Matchs
1085,Pascal Groß,de GER,"MT,DF",Brighton,eng Premier League,31,1991,36.0,65.2,55.7,9.25,2.42,0.25,0.56,6.22,2.39,3.89,1.67,1.67,0.06,52.2,0.28,1.39,Matchs
1086,Brajan Gruda,de GER,MT,Mainz 05,de Bundesliga,18,2004,0.0,4,4,0,0,0,0,1,0,0,0,0,0,2,0,0,Matchs
1087,Ilia Gruev,bg BUL,MT,Werder Bremen,de Bundesliga,22,2000,17.6,44.3,41.3,03.01,1.48,0.17,0.17,0.63,0.17,0.11,0.00,0.11,0.00,38.2,0.06,0.63,Matchs
1088,Carlos Gruezo,ec ECU,MT,Augsburg,de Bundesliga,27,1995,10.7,25.8,25.2,0.47,0.47,0.09,0.47,0.19,0.00,0.00,0.00,0.00,0.00,18.6,0.09,0.28,Matchs
1089,Vicente Guaita,es ESP,GB,Crystal Palace,eng Premier League,35,1987,27.0,31.3,21.9,9.30,1.67,0.00,0.15,0.00,0.00,0.00,0.00,0.00,0.00,22.6,0.15,0.00,Matchs
1090,Andrés Guardado,mx MEX,MT,Betis,es La Liga,35,1986,15.3,56.9,52.7,4.12,2.94,0.20,0.92,0.59,0.72,0.46,0.07,0.33,0.00,48.3,0.07,0.92,Matchs
1091,Sergi Guardiola,es ESP,AT,Valladolid,es La Liga,31,1991,5.6,20.9,19.3,1.43,0.00,0.00,0.00,0.54,0.00,0.00,0.00,0.00,0.00,13.2,0.18,01.07,Matchs
1092,Sergi Guardiola,es ESP,AT,Cádiz,es La Liga,31,1991,12.9,22.8,21.6,1.16,0.00,0.00,0.00,01.09,0.00,0.00,0.00,0.00,0.00,15.7,0.08,0.93,Matchs
1093,Nemanja Gudelj,rs SRB,"DF,MT",Sevilla,es La Liga,30,1991,30.9,51.8,49.4,2.27,1.84,0.03,0.29,0.10,0.19,0.00,0.00,0.00,0.00,46.8,0.16,0.13,Matchs
1094,Gabriel Gudmundsson,se SWE,"DF,AT",Lille,fr Ligue 1,23,1999,9.3,48.9,39.0,9.89,01.08,0.00,0.11,3.55,8.71,0.11,0.11,0.00,0.00,39.7,0.00,0.97,Matchs
1095,Gonçalo Guedes,pt POR,"AT,MT",Wolves,eng Premier League,25,1996,7.9,25.4,23.0,2.41,0.25,0.00,0.51,3.42,0.25,1.77,0.38,01.01,0.25,17.5,0.00,01.01,Matchs
1096,Axel Gueguin,fr FRA,"AT,MT",Montpellier,fr Ligue 1,17,2005,0.3,36.7,33.3,3.33,0.00,0.00,0.00,3.33,0.00,3.33,3.33,0.00,0.00,23.3,0.00,0.00,Matchs
1097,Marc Guéhi,eng ENG,DF,Crystal Palace,eng Premier League,22,2000,37.0,59.7,57.4,2.14,02.03,0.08,0.78,0.00,0.05,0.00,0.00,0.00,0.00,50.9,0.14,0.32,Matchs
1098,Mattéo Guendouzi,fr FRA,MT,Marseille,fr Ligue 1,23,1999,23.4,54.1,52.1,1.88,1.15,0.21,0.26,01.03,0.34,0.17,0.00,0.00,0.00,46.8,0.13,01.07,Matchs
1099,Javier Guerra,es ESP,MT,Valencia,es La Liga,19,2003,6.7,35.7,34.8,0.45,0.45,0.00,0.60,1.19,0.00,0.00,0.00,0.00,0.00,28.1,0.45,0.60,Matchs
1100,Raphaël Guerreiro,pt POR,"DF,MT",Dortmund,de Bundesliga,28,1993,25.4,71.3,60.8,10.5,2.13,0.20,0.24,4.49,6.46,1.89,0.31,1.22,0.00,58.9,0.04,1.50,Matchs
Clt,Joueur,Nation,Pos,Équipe,Comp,Âge,Naissance,90,Att,Action de jeu,Coup de pied arrêté,CF,Tr,Tr,Ctr,PCF,Co,Rentrant,Sortant,Droit,Cmp,HJ,Balles contrées,Matchs
1101,Axel Guessand,fr FRA,DF,Udinese,it Serie A,17,2004,0.9,24.4,23.3,1.11,0.00,0.00,0.00,0.00,1.11,0.00,0.00,0.00,0.00,18.9,0.00,0.00,Matchs
1102,Evann Guessand,fr FRA,"AT,MT",Nantes,fr Ligue 1,21,2001,14.0,22.0,21.4,0.29,0.07,0.14,0.14,2.21,0.07,0.00,0.00,0.00,0.00,14.0,0.29,0.86,Matchs
1103,Ander Guevara,es ESP,MT,Real Sociedad,es La Liga,25,1997,2.5,71.6,71.2,0.00,0.00,0.40,0.00,0.00,0.00,0.00,0.00,0.00,0.00,64.4,0.40,0.80,Matchs
1104,Pape Gueye,sn SEN,MT,Sevilla,es La Liga,23,1999,13.0,42.5,41.2,1.15,1.15,0.08,0.77,1.38,0.00,0.00,0.00,0.00,0.00,34.4,0.15,0.77,Matchs
1105,Pape Gueye,sn SEN,"MT,DF",Marseille,fr Ligue 1,23,1999,5.5,58.2,55.3,2.73,1.64,0.00,0.36,0.55,01.09,0.00,0.00,0.00,0.00,49.3,0.18,0.36,Matchs
1106,Josuha Guilavogui,fr FRA,"DF,MT",Wolfsburg,de Bundesliga,31,1990,13.1,61.5,58.8,2.60,1.68,0.00,0.31,0.15,0.23,0.00,0.00,0.00,0.00,51.8,0.08,0.53,Matchs
1107,Frederic Guilbert,fr FRA,DF,Strasbourg,fr Ligue 1,27,1994,16.2,53.3,41.2,12.1,2.22,0.00,0.25,3.40,9.44,0.31,0.06,0.19,0.00,38.1,0.06,1.60,Matchs
1108,Bruno Guimarães,br BRA,MT,Newcastle Utd,eng Premier League,24,1997,30.3,55.0,53.4,1.39,1.12,0.83,0.66,0.73,0.17,0.10,0.00,0.00,0.00,45.8,0.30,0.96,Matchs
1109,Serhou Guirassy,gn GUI,MT,Rennes,fr Ligue 1,26,1996,0.3,26.7,26.7,0.00,0.00,0.00,0.00,0.00,0.00,0.00,0.00,0.00,0.00,26.7,0.00,0.00,Matchs
1110,Serhou Guirassy,gn GUI,AT,Stuttgart,de Bundesliga,26,1996,18.3,24.5,22.8,1.64,0.05,0.22,0.27,0.33,0.11,0.05,0.00,0.00,0.00,18.0,0.05,0.77,Matchs
1111,Rafik Guitane,fr FRA,AT,Reims,fr Ligue 1,23,1999,0.0,0,0,0,0,0,0,0,0,0,0,0,0,0,0,0,Matchs
1112,Péter Gulácsi,hu HUN,GB,RB Leipzig,de Bundesliga,32,1990,6.0,35.8,28.8,7.00,1.00,0.00,0.00,0.00,0.00,0.00,0.00,0.00,0.00,31.5,0.00,0.00,Matchs
1113,Manuel Gulde,de GER,DF,Freiburg,de Bundesliga,31,1991,7.1,58.0,55.2,2.82,1.97,0.00,0.00,0.56,0.42,0.00,0.00,0.00,0.00,48.3,0.00,0.42,Matchs
1114,Gerard Gumbau,es ESP,MT,Elche,es La Liga,27,1994,30.4,47.6,40.8,6.45,2.50,0.10,1.38,5.39,0.07,3.75,1.45,1.58,0.13,36.6,0.36,1.22,Matchs
1115,Robert Gumny,pl POL,DF,Augsburg,de Bundesliga,24,1998,22.4,36.7,27.9,8.75,0.18,0.00,0.09,1.21,8.57,0.00,0.00,0.00,0.00,23.8,0.13,0.85,Matchs
1116,İlkay Gündoğan,de GER,MT,Manchester City,eng Premier League,31,1990,26.1,60.5,58.2,2.15,0.92,0.69,0.23,1.15,0.19,0.80,0.27,0.15,0.04,52.6,0.11,01.03,Matchs
1117,Christian Günter,de GER,"DF,MT",Freiburg,de Bundesliga,29,1993,30.5,45.9,34.4,11.4,1.57,0.03,0.59,6.49,7.57,2.23,1.34,0.72,0.00,32.7,0.07,1.34,Matchs
1118,Koray Günter,de GER,DF,Hellas Verona,it Serie A,27,1994,11.1,38.0,36.0,1.89,1.80,0.00,0.27,0.27,0.09,0.00,0.00,0.00,0.00,29.1,0.09,0.45,Matchs
1119,Koray Günter,de GER,DF,Sampdoria,it Serie A,27,1994,8.6,48.8,44.9,3.95,1.63,0.12,0.35,0.12,2.33,0.00,0.00,0.00,0.00,40.0,0.00,0.35,Matchs
1120,Gorka Guruzeta,es ESP,AT,Athletic Club,es La Liga,25,1996,15.8,24.9,23.4,1.33,0.00,0.00,0.57,0.25,0.25,0.00,0.00,0.00,0.00,18.1,0.19,1.20,Matchs
1121,Malo Gusto,fr FRA,DF,Lyon,fr Ligue 1,19,2003,17.7,81.2,69.4,11.6,1.19,0.06,0.00,6.55,10.3,0.06,0.00,0.00,0.00,66.2,0.17,2.15,Matchs
1122,Raúl Guti,es ESP,MT,Elche,es La Liga,25,1996,12.4,33.0,32.2,0.65,0.24,0.00,0.65,0.73,0.08,0.24,0.00,0.24,0.00,26.4,0.16,0.81,Matchs
1123,Miguel Gutiérrez,es ESP,DF,Girona,es La Liga,21,2001,26.6,52.1,42.9,09.02,0.94,0.08,0.04,3.91,08.01,0.08,0.00,0.00,0.00,42.5,0.15,01.02,Matchs
1124,Joško Gvardiol,hr CRO,DF,RB Leipzig,de Bundesliga,20,2002,24.1,89.2,86.8,2.20,02.07,0.04,0.83,0.17,0.12,0.00,0.00,0.00,0.00,79.4,0.17,0.66,Matchs
1125,Darko Gyabi,eng ENG,AT,Leeds United,eng Premier League,18,2004,0.1,40.0,40.0,0.00,0.00,0.00,0.00,0.00,0.00,0.00,0.00,0.00,0.00,40.0,0.00,0.00,Matchs
Clt,Joueur,Nation,Pos,Équipe,Comp,Âge,Naissance,90,Att,Action de jeu,Coup de pied arrêté,CF,Tr,Tr,Ctr,PCF,Co,Rentrant,Sortant,Droit,Cmp,HJ,Balles contrées,Matchs
1126,Emmanuel Gyasi,gh GHA,"AT,DF",Spezia,it Serie A,28,1994,31.2,25.7,22.8,2.92,0.10,0.03,0.06,0.71,1.89,0.06,0.00,0.00,0.00,20.7,0.00,0.83,Matchs
1127,Norbert Gyömbér,sk SVK,DF,Salernitana,it Serie A,30,1992,19.3,38.5,36.8,1.76,1.50,0.00,0.26,0.26,0.21,0.00,0.00,0.00,0.00,32.2,0.00,0.21,Matchs
1128,Christian Gytkjær,dk DEN,"AT,MT",Monza,it Serie A,32,1990,6.2,16.5,15.2,1.13,0.00,0.00,0.00,0.16,0.00,0.00,0.00,0.00,0.00,11.1,0.16,0.81,Matchs
1129,Erling Haaland,no NOR,AT,Manchester City,eng Premier League,22,2000,30.8,16.2,14.6,1.46,0.00,0.13,0.00,0.39,0.06,0.03,0.00,0.00,0.00,11.7,0.19,0.68,Matchs
1130,Nicolas Haas,ch SUI,MT,Empoli,it Serie A,26,1996,12.8,32.0,31.3,0.70,0.31,0.00,0.23,0.86,0.16,0.00,0.00,0.00,0.00,23.8,0.00,1.25,Matchs
1131,Janik Haberer,de GER,MT,Union Berlin,de Bundesliga,28,1994,24.3,27.9,27.2,0.33,0.04,0.16,0.08,0.58,0.29,0.00,0.00,0.00,0.00,20.1,0.29,01.07,Matchs
1132,Alexander Hack,de GER,DF,Mainz 05,de Bundesliga,28,1993,12.6,46.5,43.7,2.62,2.38,0.00,0.56,0.16,0.24,0.00,0.00,0.00,0.00,34.1,0.24,0.95,Matchs
1133,Munir El Haddadi,ma MAR,"MT,AT",Getafe,es La Liga,26,1995,12.8,33.8,28.9,4.53,1.80,0.00,0.16,5.47,0.94,1.48,0.55,0.86,0.00,21.1,0.39,1.56,Matchs
1134,Jaouen Hadjam,dz ALG,DF,Nantes,fr Ligue 1,19,2003,8.9,53.6,44.0,9.21,1.35,0.00,0.11,3.15,7.87,0.00,0.00,0.00,0.00,42.5,0.34,01.01,Matchs
1135,Dennis Hadzikadunic,ba BIH,DF,Mallorca,es La Liga,24,1998,6.8,27.8,25.4,2.35,0.59,0.00,0.59,0.00,1.76,0.00,0.00,0.00,0.00,20.9,0.00,0.15,Matchs
1136,André Hahn,de GER,"AT,MT",Augsburg,de Bundesliga,31,1990,4.3,19.3,18.6,0.47,0.00,0.00,0.47,1.40,0.47,0.00,0.00,0.00,0.00,7.67,0.23,1.16,Matchs
1137,Amadou Haidara,ml MLI,MT,RB Leipzig,de Bundesliga,24,1998,15.9,51.8,50.8,0.82,0.57,0.25,0.13,0.19,0.25,0.00,0.00,0.00,0.00,43.0,0.25,0.57,Matchs
1138,Massadio Haïdara,ml MLI,"DF,MT",Lens,fr Ligue 1,29,1992,18.6,53.5,46.9,6.24,1.51,0.05,0.16,1.40,04.09,0.00,0.00,0.00,0.00,45.3,0.38,0.59,Matchs
1139,Achraf Hakimi,ma MAR,"DF,MT",Paris S-G,fr Ligue 1,23,1998,22.8,67.5,62.4,05.09,0.53,0.04,0.04,1.84,4.43,0.13,0.00,0.00,0.00,60.2,0.00,1.54,Matchs
1140,Lewis Hall,eng ENG,DF,Chelsea,eng Premier League,17,2004,7.3,58.5,50.5,7.81,0.96,0.00,0.41,4.66,05.07,1.78,1.64,0.00,0.00,47.0,0.14,1.10,Matchs
1141,Sébastien Haller,ci CIV,AT,Dortmund,de Bundesliga,28,1994,13.6,22.7,21.1,1.62,0.00,0.07,0.07,0.22,0.07,0.00,0.00,0.00,0.00,15.9,0.00,0.59,Matchs
1142,Marcel Halstenberg,de GER,DF,RB Leipzig,de Bundesliga,30,1991,17.3,67.7,55.9,11.5,1.85,0.00,0.35,2.60,8.67,0.98,0.40,0.40,0.00,53.1,0.29,1.27,Matchs
1143,Mathis Hamdi,fr FRA,DF,Troyes,fr Ligue 1,18,2003,0.8,47.5,33.8,13.8,0.00,0.00,1.25,2.50,13.8,0.00,0.00,0.00,0.00,32.5,0.00,5.00,Matchs
1144,Ben Hamed Touré,ci CIV,AT,Ajaccio,fr Ligue 1,18,2003,2.3,15.7,13.0,2.61,0.00,0.00,0.00,0.00,0.00,0.00,0.00,0.00,0.00,12.2,0.00,0.43,Matchs
1145,Romain Hamouma,fr FRA,"AT,MT",Ajaccio,fr Ligue 1,35,1987,12.0,30.3,25.4,4.75,01.08,0.00,0.08,4.50,0.58,1.67,0.33,1.17,0.00,21.9,0.17,01.08,Matchs
1146,Saïd Hamulic,ba BIH,AT,Toulouse,fr Ligue 1,21,2000,1.2,8.33,7.50,0.83,0.00,0.83,0.00,0.83,0.00,0.00,0.00,0.00,0.00,5.00,0.00,0.83,Matchs
1147,Andreas Hanche-Olsen,no NOR,DF,Mainz 05,de Bundesliga,25,1997,16.6,45.4,44.4,0.84,0.72,0.06,0.30,0.36,0.12,0.00,0.00,0.00,0.00,32.3,0.18,0.60,Matchs
1148,Samir Handanović,si SVN,GB,Inter,it Serie A,38,1984,13.7,42.5,36.0,6.28,01.09,0.00,0.00,0.00,0.00,0.00,0.00,0.00,0.00,38.5,0.22,0.00,Matchs
1149,Genki Haraguchi,jp JPN,MT,Stuttgart,de Bundesliga,31,1991,8.3,36.3,35.7,0.36,0.12,0.00,0.24,0.96,0.12,0.00,0.00,0.00,0.00,29.3,0.24,01.08,Matchs
1150,Genki Haraguchi,jp JPN,MT,Union Berlin,de Bundesliga,31,1991,5.5,28.9,26.9,2.00,0.00,0.00,0.00,0.73,0.00,0.00,0.00,0.00,0.00,21.6,0.00,0.91,Matchs
Clt,Joueur,Nation,Pos,Équipe,Comp,Âge,Naissance,90,Att,Action de jeu,Coup de pied arrêté,CF,Tr,Tr,Ctr,PCF,Co,Rentrant,Sortant,Droit,Cmp,HJ,Balles contrées,Matchs
1151,Amine Harit,ma MAR,"MT,AT",Marseille,fr Ligue 1,25,1997,5.7,47.5,44.2,3.33,0.53,0.35,0.00,2.81,0.88,1.58,0.35,01.05,0.00,38.8,0.00,1.75,Matchs
1152,Luke Harris,wls WAL,"MT,AT",Fulham,eng Premier League,17,2005,0.1,140.0,140.0,0.00,0.00,0.00,0.00,10.0,0.00,0.00,0.00,0.00,0.00,130.0,0.00,0.00,Matchs
1153,Jack Harrison,eng ENG,"AT,MT",Leeds United,eng Premier League,25,1996,30.1,38.2,33.6,4.35,1.26,0.13,0.37,6.18,0.80,2.26,1.13,0.70,0.10,24.3,0.23,1.83,Matchs
1154,Abdou Harroui,nl NED,MT,Sassuolo,it Serie A,24,1998,7.2,42.8,42.1,0.69,0.00,0.14,0.14,1.53,0.28,0.00,0.00,0.00,0.00,35.3,0.00,0.97,Matchs
1155,Makoto Hasebe,jp JPN,DF,Eint Frankfurt,de Bundesliga,38,1984,14.5,69.9,65.7,3.93,3.52,0.07,0.21,0.14,0.28,0.00,0.00,0.00,0.00,61.2,0.28,0.48,Matchs
1156,Haissem Hassan,fr FRA,"AT,MT",Villarreal,es La Liga,20,2002,0.6,33.3,33.3,0.00,0.00,0.00,1.67,1.67,0.00,0.00,0.00,0.00,0.00,25.0,0.00,0.00,Matchs
1157,Hans Hateboer,nl NED,DF,Atalanta,it Serie A,28,1994,15.5,45.3,36.8,8.32,0.19,0.13,0.06,1.48,8.13,0.00,0.00,0.00,0.00,36.1,0.13,0.84,Matchs
1158,Kai Havertz,de GER,"AT,MT",Chelsea,eng Premier League,23,1999,28.5,31.4,29.8,1.44,0.18,0.07,0.14,0.49,0.32,0.04,0.00,0.00,0.00,25.5,0.11,0.84,Matchs
1159,Eden Hazard,be BEL,AT,Real Madrid,es La Liga,31,1991,2.2,49.1,45.9,3.18,0.91,0.00,0.00,0.00,0.45,0.91,0.00,0.00,0.00,43.6,0.00,0.91,Matchs
1160,Thorgan Hazard,be BEL,"AT,DF",Dortmund,de Bundesliga,29,1993,5.2,62.3,51.5,10.6,1.73,0.00,0.38,7.12,5.00,3.27,0.77,2.31,0.00,45.2,0.19,0.58,Matchs
1161,Rhys Healey,wls WAL,AT,Toulouse,fr Ligue 1,27,1994,0.7,21.4,21.4,0.00,0.00,0.00,0.00,0.00,0.00,0.00,0.00,0.00,0.00,11.4,0.00,1.43,Matchs
1162,Jan Paul van Hecke,nl NED,DF,Brighton,eng Premier League,22,2000,3.3,75.2,73.3,1.52,1.21,0.00,0.00,0.00,0.30,0.00,0.00,0.00,0.00,70.3,0.30,0.91,Matchs
1163,Jonas Hector,de GER,DF,Köln,de Bundesliga,32,1990,31.4,58.3,46.1,11.9,2.20,0.03,0.13,3.63,8.92,0.73,0.38,0.13,0.00,43.9,0.19,1.46,Matchs
1164,Hwang Hee-chan,kr KOR,"AT,MT",Wolves,eng Premier League,26,1996,12.6,22.2,21.1,01.03,0.08,0.16,0.08,0.79,0.40,0.00,0.00,0.00,0.00,17.0,0.08,0.71,Matchs
1165,Gauthier Hein,fr FRA,"MT,AT",Auxerre,fr Ligue 1,25,1996,20.8,37.4,32.4,4.86,1.59,0.10,0.82,4.76,0.67,2.26,01.01,0.77,0.00,28.3,0.14,0.72,Matchs
1166,Dominique Heintz,de GER,DF,Bochum,de Bundesliga,28,1993,8.8,37.0,33.5,3.52,0.68,0.00,0.23,0.91,2.73,0.00,0.00,0.00,0.00,30.6,0.00,0.23,Matchs
1167,Dean Henderson,eng ENG,GB,Nott'ham Forest,eng Premier League,25,1997,18.0,37.3,25.3,11.9,3.22,0.00,0.00,0.00,0.00,0.00,0.00,0.00,0.00,23.6,0.11,0.00,Matchs
1168,Jordan Henderson,eng ENG,MT,Liverpool,eng Premier League,32,1990,23.0,70.2,67.6,2.30,0.52,0.39,0.48,1.96,0.74,0.00,0.00,0.00,0.00,58.3,0.35,1.39,Matchs
1169,Liam Henderson,sct SCO,MT,Empoli,it Serie A,26,1996,11.2,48.7,45.7,2.59,0.89,0.27,0.54,3.13,0.36,0.71,0.18,0.27,0.00,38.6,0.36,0.89,Matchs
1170,Jack Hendry,sct SCO,DF,Cremonese,it Serie A,27,1995,2.4,57.1,50.8,6.25,2.92,0.00,0.42,0.42,02.08,0.00,0.00,0.00,0.00,49.2,0.00,0.42,Matchs
1171,Wayne Hennessey,wls WAL,GB,Nott'ham Forest,eng Premier League,35,1987,3.0,33.0,21.0,11.3,3.00,0.00,0.00,0.00,0.00,0.00,0.00,0.00,0.00,20.3,0.67,0.00,Matchs
1172,Benjamin Henrichs,de GER,"DF,MT",RB Leipzig,de Bundesliga,25,1997,24.3,63.3,54.8,8.15,0.70,0.16,0.12,1.93,7.41,0.04,0.04,0.00,0.00,49.3,0.37,1.73,Matchs
1173,Henrique,br BRA,"DF,AT",Lyon,fr Ligue 1,28,1994,4.0,55.8,45.3,10.5,1.50,0.00,0.25,1.00,9.00,0.00,0.00,0.00,0.00,48.0,0.00,0.75,Matchs
1174,Luiz Henrique,br BRA,AT,Betis,es La Liga,21,2001,20.1,27.9,27.3,0.55,0.10,0.05,0.15,1.54,0.45,0.00,0.00,0.00,0.00,20.6,0.05,1.54,Matchs
1175,Matheus Henrique,br BRA,MT,Sassuolo,it Serie A,24,1997,21.6,40.0,38.6,1.30,0.74,0.14,0.37,0.42,0.28,0.14,0.00,0.00,0.00,34.3,0.09,1.16,Matchs
Clt,Joueur,Nation,Pos,Équipe,Comp,Âge,Naissance,90,Att,Action de jeu,Coup de pied arrêté,CF,Tr,Tr,Ctr,PCF,Co,Rentrant,Sortant,Droit,Cmp,HJ,Balles contrées,Matchs
1176,Rico Henry,eng ENG,DF,Brentford,eng Premier League,25,1997,36.0,33.4,29.4,3.83,0.03,0.11,0.06,2.42,3.81,0.00,0.00,0.00,0.00,24.3,0.17,0.58,Matchs
1177,Thomas Henry,fr FRA,AT,Hellas Verona,it Serie A,27,1994,11.4,19.8,18.7,0.79,0.00,0.09,0.18,0.44,0.09,0.00,0.00,0.00,0.00,10.1,0.35,0.79,Matchs
1178,Christophe Hérelle,mq MTQ,DF,Brest,fr Ligue 1,29,1992,11.8,37.3,35.8,1.44,0.85,0.00,0.17,0.17,0.59,0.00,0.00,0.00,0.00,31.9,0.00,0.51,Matchs
1179,Mario Hermoso,es ESP,DF,Atlético Madrid,es La Liga,27,1995,23.4,64.7,59.0,5.38,1.67,0.21,1.62,0.68,3.72,0.00,0.00,0.00,0.00,55.9,0.30,0.73,Matchs
1180,Javi Hernández,es ESP,DF,Girona,es La Liga,24,1998,12.4,60.3,51.6,8.23,02.02,0.00,0.40,1.29,6.21,0.00,0.00,0.00,0.00,49.4,0.48,1.37,Matchs
1181,Aridane Hernández,es ESP,DF,Osasuna,es La Liga,33,1989,19.9,44.3,42.0,2.31,2.21,0.00,0.60,0.00,0.05,0.00,0.00,0.00,0.00,37.4,0.00,0.35,Matchs
1182,Lucas Hernández,fr FRA,DF,Bayern Munich,de Bundesliga,26,1996,5.3,71.1,65.5,05.09,0.57,0.00,1.70,0.38,4.53,0.00,0.00,0.00,0.00,63.6,0.57,0.75,Matchs
1183,Luis Hernández,es ESP,DF,Cádiz,es La Liga,33,1989,35.0,42.5,35.2,7.14,1.86,0.00,0.71,0.51,5.26,0.00,0.00,0.00,0.00,30.8,0.17,0.40,Matchs
1184,Mario Hernández,es ESP,DF,Rayo Vallecano,es La Liga,23,1999,1.1,34.5,29.1,5.45,0.00,1.82,0.00,0.91,5.45,0.00,0.00,0.00,0.00,27.3,0.00,0.00,Matchs
1185,Theo Hernández,fr FRA,DF,Milan,it Serie A,24,1997,30.8,56.9,45.6,11.2,1.62,0.03,0.78,2.99,8.83,0.71,0.06,0.58,0.00,45.2,0.13,1.36,Matchs
1186,Jorge Herrando,es ESP,DF,Osasuna,es La Liga,21,2001,0.3,16.7,16.7,0.00,0.00,0.00,0.00,0.00,0.00,0.00,0.00,0.00,0.00,10.0,0.00,0.00,Matchs
1187,Ander Herrera,es ESP,MT,Athletic Club,es La Liga,32,1989,7.7,59.1,57.7,1.17,01.04,0.78,0.00,0.91,0.00,0.13,0.00,0.00,0.00,48.8,0.26,0.52,Matchs
1188,Sergio Herrera,es ESP,GB,Osasuna,es La Liga,29,1993,17.0,35.9,24.3,11.6,3.65,0.00,0.18,0.00,0.00,0.00,0.00,0.00,0.00,22.9,0.06,0.00,Matchs
1189,Yangel Herrera,ve VEN,"MT,AT",Girona,es La Liga,24,1998,10.7,39.1,38.0,0.75,0.09,0.37,0.37,1.78,0.09,0.00,0.00,0.00,0.00,31.0,0.28,0.47,Matchs
1190,Patrick Herrmann,de GER,"AT,MT",M'Gladbach,de Bundesliga,31,1991,1.8,67.8,53.3,13.9,3.33,0.56,0.56,6.67,9.44,1.11,0.00,0.00,0.00,47.2,0.56,3.33,Matchs
1191,Son Heung-min,kr KOR,"MT,AT",Tottenham,eng Premier League,30,1992,32.1,28.3,24.3,3.83,0.72,0.16,0.00,3.52,0.16,2.59,1.12,0.93,0.00,21.2,0.19,0.87,Matchs
1192,Aaron Hickey,sct SCO,DF,Brentford,eng Premier League,20,2002,21.3,39.3,34.9,4.37,0.52,0.09,0.05,1.27,3.85,0.00,0.00,0.00,0.00,32.6,0.09,0.80,Matchs
1193,Isak Hien,se SWE,DF,Hellas Verona,it Serie A,23,1999,29.0,35.6,33.8,1.69,0.90,0.00,0.17,0.03,0.79,0.00,0.00,0.00,0.00,26.7,0.10,0.62,Matchs
1194,Omar El Hilali,ma MAR,"DF,MT",Espanyol,es La Liga,18,2003,1.0,35.0,28.0,7.00,0.00,0.00,0.00,2.00,7.00,0.00,0.00,0.00,0.00,21.0,0.00,1.00,Matchs
1195,Piero Hincapié,ec ECU,DF,Leverkusen,de Bundesliga,20,2002,27.3,65.9,60.3,5.57,1.17,0.07,0.15,0.95,3.74,0.00,0.00,0.00,0.00,54.2,0.00,1.10,Matchs
1196,Jack Hinshelwood,eng ENG,AT,Brighton,eng Premier League,17,2005,0.0,3,3,0,0,0,0,0,0,0,0,0,0,1,0,0,Matchs
1197,Morten Hjulmand,dk DEN,MT,Lecce,it Serie A,23,1999,32.9,40.3,37.5,2.67,2.52,0.06,0.79,0.52,0.09,0.03,0.00,0.03,0.00,31.6,0.12,0.58,Matchs
1198,Adam Hložek,cz CZE,"AT,MT",Leverkusen,de Bundesliga,20,2002,14.3,23.2,21.6,1.61,0.07,0.07,0.14,01.05,0.07,0.77,0.35,0.28,0.00,16.9,0.00,0.70,Matchs
1199,Joseph Hodge,ie IRL,MT,Wolves,eng Premier League,19,2002,1.9,52.6,50.5,01.05,0.00,0.00,0.00,0.53,01.05,0.00,0.00,0.00,0.00,42.1,01.05,2.11,Matchs
1200,Nicolas Höfler,de GER,MT,Freiburg,de Bundesliga,32,1990,31.3,44.3,41.0,3.10,1.60,0.03,0.13,0.03,0.03,0.00,0.00,0.00,0.00,36.7,0.16,0.73,Matchs
Clt,Joueur,Nation,Pos,Équipe,Comp,Âge,Naissance,90,Att,Action de jeu,Coup de pied arrêté,CF,Tr,Tr,Ctr,PCF,Co,Rentrant,Sortant,Droit,Cmp,HJ,Balles contrées,Matchs
1201,Jonas Hofmann,de GER,"AT,MT",M'Gladbach,de Bundesliga,30,1992,29.8,51.8,42.7,8.69,2.65,0.40,0.27,6.81,01.04,4.43,1.78,2.15,0.03,38.6,0.40,1.54,Matchs
1202,Philipp Hofmann,de GER,AT,Bochum,de Bundesliga,29,1993,29.2,25.4,24.5,0.79,0.00,0.03,0.00,0.14,0.00,0.00,0.00,0.00,0.00,14.8,0.14,0.41,Matchs
1203,Rob Holding,eng ENG,DF,Arsenal,eng Premier League,26,1995,6.3,70.2,68.3,1.59,1.27,0.16,0.32,0.00,0.32,0.00,0.00,0.00,0.00,60.6,0.32,0.48,Matchs
1204,Lucas Höler,de GER,"AT,MT",Freiburg,de Bundesliga,28,1994,16.7,28.9,28.1,0.78,0.12,0.00,0.00,0.66,0.12,0.00,0.00,0.00,0.00,18.8,0.06,1.20,Matchs
1205,Mason Holgate,eng ENG,DF,Everton,eng Premier League,25,1996,5.6,38.8,34.1,4.29,1.25,0.18,0.89,0.36,03.04,0.00,0.00,0.00,0.00,25.5,0.36,0.36,Matchs
1206,Emil Holm,se SWE,DF,Spezia,it Serie A,22,2000,15.5,37.0,29.9,6.97,0.06,0.06,0.19,3.23,6.90,0.00,0.00,0.00,0.00,22.1,0.13,1.35,Matchs
1207,Noah Holm,no NOR,"AT,MT",Reims,fr Ligue 1,21,2001,2.2,20.0,17.7,1.82,0.00,0.45,0.00,0.00,0.00,0.00,0.00,0.00,0.00,12.3,0.45,0.91,Matchs
1208,Gerrit Holtmann,ph PHI,"AT,MT",Bochum,de Bundesliga,27,1995,10.5,25.7,24.7,0.95,0.10,0.10,0.00,4.95,0.57,0.10,0.00,0.00,0.00,14.8,0.10,2.10,Matchs
1209,Martin Hongla,cm CMR,MT,Hellas Verona,it Serie A,24,1998,5.8,36.6,35.2,1.38,0.86,0.00,0.52,1.38,0.17,0.00,0.00,0.00,0.00,28.6,0.00,0.17,Matchs
1210,Martin Hongla,cm CMR,"DF,MT",Valladolid,es La Liga,24,1998,14.5,43.7,42.1,1.24,01.03,0.07,0.69,0.48,0.07,0.00,0.00,0.00,0.00,35.9,0.41,0.48,Matchs
1211,Franck Honorat,fr FRA,"AT,MT",Brest,fr Ligue 1,25,1996,28.2,37.0,32.1,4.72,0.82,0.04,0.32,7.59,0.43,03.09,1.21,1.45,0.07,24.5,0.21,1.24,Matchs
1212,Jannes Horn,de GER,"DF,AT",Bochum,de Bundesliga,25,1997,0.7,27.1,24.3,2.86,0.00,0.00,0.00,0.00,2.86,0.00,0.00,0.00,0.00,21.4,0.00,2.86,Matchs
1213,Cédric Hountondji,bj BEN,DF,Angers,fr Ligue 1,28,1994,34.4,42.0,40.7,1.28,1.10,0.00,0.23,0.06,0.17,0.00,0.00,0.00,0.00,36.4,0.06,0.17,Matchs
1214,Ilyes Housni,fr FRA,AT,Paris S-G,fr Ligue 1,17,2005,0.1,30.0,30.0,0.00,0.00,0.00,0.00,0.00,0.00,0.00,0.00,0.00,0.00,30.0,0.00,0.00,Matchs
1215,Lukáš Hrádecký,fi FIN,GB,Leverkusen,de Bundesliga,32,1989,33.0,33.4,25.0,8.36,2.24,0.00,0.00,0.00,0.00,0.00,0.00,0.00,0.00,24.0,0.00,0.00,Matchs
1216,Petko Hristov,bg BUL,DF,Spezia,it Serie A,23,1999,4.1,50.5,41.0,9.27,2.20,0.00,0.73,0.24,07.07,0.00,0.00,0.00,0.00,39.0,0.24,0.24,Matchs
1217,Ajdin Hrustic,au AUS,MT,Hellas Verona,it Serie A,26,1996,2.5,37.6,32.8,4.80,2.40,0.00,0.40,2.80,0.00,1.60,0.80,0.00,0.00,30.0,0.00,1.60,Matchs
1218,Timo Hübers,de GER,DF,Köln,de Bundesliga,26,1996,28.4,59.9,57.3,2.57,1.58,0.04,0.11,0.07,0.18,0.00,0.00,0.00,0.00,49.3,0.07,0.35,Matchs
1219,Callum Hudson-Odoi,eng ENG,"AT,MT",Leverkusen,de Bundesliga,21,2000,6.7,37.0,33.3,3.28,1.19,0.15,0.30,1.79,0.60,0.60,0.45,0.00,0.00,30.7,0.45,0.90,Matchs
1220,Will Hughes,eng ENG,MT,Crystal Palace,eng Premier League,27,1995,9.4,39.7,37.8,1.70,0.74,0.11,0.00,1.28,0.21,0.43,0.21,0.21,0.00,31.5,0.21,1.28,Matchs
1221,Mats Hummels,de GER,DF,Dortmund,de Bundesliga,33,1988,22.4,74.9,72.1,2.59,2.37,0.09,1.12,0.27,0.22,0.00,0.00,0.00,0.00,65.5,0.18,0.63,Matchs
1222,Adrien Hunou,fr FRA,"MT,AT",Angers,fr Ligue 1,28,1994,24.8,30.4,28.7,1.37,0.08,0.08,0.04,0.65,0.52,0.16,0.04,0.04,0.00,23.1,0.28,0.69,Matchs
1223,Denis Huseinbasic,de GER,"MT,AT",Köln,de Bundesliga,21,2001,8.8,32.0,31.5,0.57,0.11,0.00,0.11,1.36,0.23,0.23,0.00,0.11,0.00,24.5,0.00,1.48,Matchs
1224,Omari Hutchinson,eng ENG,AT,Chelsea,eng Premier League,18,2003,0.3,43.3,43.3,0.00,0.00,0.00,0.00,6.67,0.00,0.00,0.00,0.00,0.00,30.0,0.00,3.33,Matchs
1225,Elseid Hysaj,al ALB,DF,Lazio,it Serie A,28,1994,22.2,63.0,54.4,8.56,01.04,0.09,0.23,0.72,7.52,0.00,0.00,0.00,0.00,53.4,0.05,1.22,Matchs
Clt,Joueur,Nation,Pos,Équipe,Comp,Âge,Naissance,90,Att,Action de jeu,Coup de pied arrêté,CF,Tr,Tr,Ctr,PCF,Co,Rentrant,Sortant,Droit,Cmp,HJ,Balles contrées,Matchs
1226,Pierre Højbjerg,dk DEN,MT,Tottenham,eng Premier League,26,1995,34.8,65.9,63.4,2.33,1.61,0.29,1.12,0.43,0.46,0.03,0.00,0.00,0.00,58.1,0.14,0.80,Matchs
1227,Rasmus Højlund,dk DEN,AT,Atalanta,it Serie A,19,2003,20.4,21.3,20.0,1.18,0.05,0.10,0.10,0.34,0.05,0.00,0.00,0.00,0.00,15.6,0.15,0.83,Matchs
1228,Iago,br BRA,"DF,MT",Augsburg,de Bundesliga,25,1997,17.8,40.7,29.2,11.3,0.22,0.06,0.06,2.42,11.1,0.06,0.06,0.00,0.00,25.2,0.17,1.52,Matchs
1229,Pablo Ibáñez,es ESP,MT,Osasuna,es La Liga,23,1998,11.8,32.7,32.1,0.42,0.42,0.08,0.42,0.51,0.00,0.00,0.00,0.00,0.00,23.7,0.17,1.44,Matchs
1230,Roger Ibanez,br BRA,DF,Roma,it Serie A,23,1998,31.1,53.5,51.5,1.93,1.41,0.06,0.26,0.03,0.48,0.00,0.00,0.00,0.00,47.0,0.06,0.39,Matchs
1231,Arijon Ibrahimović,de GER,MT,Bayern Munich,de Bundesliga,16,2005,0.2,40.0,40.0,0.00,0.00,0.00,0.00,0.00,0.00,0.00,0.00,0.00,0.00,35.0,0.00,0.00,Matchs
1232,Zlatan Ibrahimović,se SWE,AT,Milan,it Serie A,40,1981,1.6,31.9,28.1,3.75,0.00,0.00,0.63,0.00,0.00,0.00,0.00,0.00,0.00,22.5,0.00,1.25,Matchs
1233,Mounaim El Idrissy,fr FRA,AT,Ajaccio,fr Ligue 1,23,1999,27.7,22.5,20.2,02.06,0.04,0.04,0.07,0.72,0.11,0.00,0.00,0.00,0.00,14.9,0.18,0.72,Matchs
1234,Antonio Iervolino,it ITA,MT,Salernitana,it Serie A,19,2003,0.1,70.0,70.0,0.00,0.00,0.00,10.0,0.00,0.00,0.00,0.00,0.00,0.00,60.0,0.00,0.00,Matchs
1235,Iglesias,es ESP,"DF,MT",Getafe,es La Liga,24,1998,23.8,40.0,28.7,11.1,0.25,0.08,0.38,3.61,10.8,0.00,0.00,0.00,0.00,23.4,0.17,1.39,Matchs
1236,Borja Iglesias,es ESP,AT,Betis,es La Liga,29,1993,26.3,19.8,17.8,02.05,0.04,0.19,0.15,0.00,0.15,0.00,0.00,0.00,0.00,15.1,0.04,0.91,Matchs
1237,Igor,br BRA,DF,Fiorentina,it Serie A,24,1998,22.9,57.8,54.8,2.93,2.49,0.04,0.52,0.04,0.44,0.00,0.00,0.00,0.00,50.9,0.04,0.52,Matchs
1238,Kelechi Iheanacho,ng NGA,"AT,MT",Leicester City,eng Premier League,25,1996,12.5,25.3,24.3,0.72,0.00,0.32,0.24,0.48,0.16,0.16,0.00,0.00,0.00,18.9,0.24,0.96,Matchs
1239,Jonathan Ikone,fr FRA,AT,Fiorentina,it Serie A,24,1998,22.3,30.0,28.6,1.30,0.31,0.09,0.45,01.08,0.94,0.00,0.00,0.00,0.00,24.5,0.09,0.85,Matchs
1240,Ivan Ilić,rs SRB,MT,Hellas Verona,it Serie A,21,2001,9.5,42.2,34.9,7.16,1.79,0.11,0.32,4.95,0.21,4.11,1.47,2.00,0.00,29.4,0.11,1.37,Matchs
1241,Ivan Ilić,rs SRB,MT,Torino,it Serie A,21,2001,13.1,62.9,58.5,4.20,2.21,0.23,0.08,2.60,0.53,1.45,1.30,0.15,0.00,54.4,0.15,0.69,Matchs
1242,Rareş Ilie,ro ROU,"MT,AT",Nice,fr Ligue 1,19,2003,1.6,37.5,37.5,0.00,0.00,0.00,0.00,0.63,0.00,0.00,0.00,0.00,0.00,29.4,0.00,1.88,Matchs
1243,Samuel Iling-Junior,eng ENG,"DF,AT",Juventus,it Serie A,18,2003,3.5,35.1,34.0,1.14,0.29,0.29,0.00,3.43,0.29,0.57,0.00,0.57,0.00,27.4,0.00,0.57,Matchs
1244,Emirhan İlkhan,tr TUR,MT,Torino,it Serie A,18,2004,1.0,43.0,41.0,2.00,2.00,0.00,2.00,0.00,0.00,0.00,0.00,0.00,0.00,36.0,0.00,0.00,Matchs
1245,Emirhan İlkhan,tr TUR,MT,Sampdoria,it Serie A,18,2004,1.3,48.5,45.4,03.08,1.54,0.00,0.77,03.08,0.00,1.54,0.00,1.54,0.00,40.8,0.00,1.54,Matchs
1246,Asier Illarramendi,es ESP,MT,Real Sociedad,es La Liga,32,1990,12.0,53.3,50.6,2.42,1.50,0.00,0.25,0.50,0.42,0.25,0.00,0.17,0.00,45.4,0.33,0.83,Matchs
1247,Ciro Immobile,it ITA,AT,Lazio,it Serie A,32,1990,24.7,25.5,24.5,0.77,0.00,0.20,0.08,0.20,0.32,0.00,0.00,0.00,0.00,19.1,0.20,01.01,Matchs
1248,Danny Ings,eng ENG,AT,West Ham,eng Premier League,30,1992,8.6,17.2,17.0,0.23,0.00,0.35,0.12,0.00,0.00,0.00,0.00,0.00,0.00,10.7,0.00,0.93,Matchs
1249,Danny Ings,eng ENG,AT,Aston Villa,eng Premier League,30,1992,9.2,17.6,16.5,01.09,0.00,0.43,0.00,0.43,0.00,0.00,0.00,0.00,0.00,12.4,0.00,0.65,Matchs
1250,Marcus Ingvartsen,dk DEN,"AT,MT",Mainz 05,de Bundesliga,26,1996,14.6,24.0,23.0,0.82,0.07,0.07,0.00,0.41,0.07,0.00,0.00,0.00,0.00,15.8,0.14,01.03,Matchs
Clt,Joueur,Nation,Pos,Équipe,Comp,Âge,Naissance,90,Att,Action de jeu,Coup de pied arrêté,CF,Tr,Tr,Ctr,PCF,Co,Rentrant,Sortant,Droit,Cmp,HJ,Balles contrées,Matchs
1251,Bonke Innocent,ng NGA,MT,Lorient,fr Ligue 1,26,1996,13.1,44.0,43.4,0.69,0.61,0.00,0.31,0.00,0.08,0.00,0.00,0.00,0.00,39.3,0.00,0.38,Matchs
1252,Alexander Isak,se SWE,AT,Newcastle Utd,eng Premier League,22,1999,16.9,21.8,20.0,1.48,0.06,0.47,0.12,0.41,0.24,0.06,0.00,0.00,0.00,16.5,0.30,0.71,Matchs
1253,Alexander Isak,se SWE,AT,Real Sociedad,es La Liga,22,1999,1.7,17.6,14.7,2.35,0.00,0.00,0.00,1.18,0.00,0.00,0.00,0.00,0.00,10.0,0.59,1.18,Matchs
1254,Isco,es ESP,"MT,AT",Sevilla,es La Liga,30,1992,8.9,46.9,41.7,4.72,2.81,0.34,0.56,02.02,0.22,1.24,0.22,0.79,0.00,38.9,0.45,0.45,Matchs
1255,Ismaily,br BRA,DF,Lille,fr Ligue 1,32,1990,19.8,58.2,49.1,09.04,01.06,0.05,0.05,0.76,7.98,0.00,0.00,0.00,0.00,47.4,0.10,1.87,Matchs
1256,Ardian Ismajli,al ALB,DF,Empoli,it Serie A,25,1996,23.3,44.2,42.1,02.06,1.20,0.04,0.21,0.00,0.09,0.00,0.00,0.00,0.00,37.4,0.04,0.60,Matchs
1257,Ko Itakura,jp JPN,DF,M'Gladbach,de Bundesliga,25,1997,22.0,71.3,69.5,1.73,1.50,0.05,0.09,0.09,0.23,0.00,0.00,0.00,0.00,64.7,0.09,0.32,Matchs
1258,Hiroki Ito,jp JPN,DF,Stuttgart,de Bundesliga,23,1999,28.5,73.7,67.8,5.58,2.81,0.04,1.26,1.86,2.11,0.60,0.42,0.18,0.00,59.9,0.28,0.84,Matchs
1259,Junya Ito,jp JPN,AT,Reims,fr Ligue 1,29,1993,32.4,34.7,31.0,3.46,0.56,0.68,0.09,6.11,0.46,2.25,0.46,1.23,0.00,21.9,0.25,1.30,Matchs
1260,Diego Iturralde,es ESP,DF,Sevilla,es La Liga,19,2003,0.5,26.0,20.0,6.00,2.00,0.00,0.00,2.00,4.00,0.00,0.00,0.00,0.00,16.0,0.00,0.00,Matchs
1261,Andreas Ivan,ro ROU,MT,Schalke 04,de Bundesliga,27,1995,0.5,22.0,20.0,0.00,0.00,0.00,0.00,0.00,0.00,0.00,0.00,0.00,0.00,18.0,2.00,0.00,Matchs
1262,Mihailo Ivanović,rs SRB,AT,Sampdoria,it Serie A,17,2004,0.0,0,0,0,0,0,0,0,0,0,0,0,0,0,0,0,Matchs
1263,Daniel Iversen,dk DEN,GB,Leicester City,eng Premier League,25,1997,12.0,31.4,17.8,13.4,3.92,0.00,0.08,0.00,0.00,0.00,0.00,0.00,0.00,17.7,0.17,0.08,Matchs
1264,Alex Iwobi,ng NGA,"MT,AT",Everton,eng Premier League,26,1996,37.5,41.0,39.2,1.55,0.08,0.37,0.35,2.77,0.83,0.45,0.37,0.03,0.00,30.8,0.24,1.23,Matchs
1265,Armando Izzo,it ITA,DF,Monza,it Serie A,30,1992,27.4,58.3,54.6,3.50,2.45,0.04,0.69,0.26,0.91,0.00,0.00,0.00,0.00,50.7,0.22,0.29,Matchs
1266,Nicolas Jackson,sn SEN,AT,Villarreal,es La Liga,21,2001,17.8,18.3,16.8,1.40,0.00,0.00,0.00,0.28,0.06,0.00,0.00,0.00,0.00,13.8,0.06,0.56,Matchs
1267,Lee Jae-sung,kr KOR,MT,Mainz 05,de Bundesliga,29,1992,21.0,37.4,36.5,0.57,0.19,0.10,0.24,1.52,0.24,0.00,0.00,0.00,0.00,26.9,0.33,1.43,Matchs
1268,Paul Jaeckel,de GER,DF,Union Berlin,de Bundesliga,24,1998,13.3,46.8,45.1,1.58,0.98,0.08,0.23,0.23,0.60,0.00,0.00,0.00,0.00,38.1,0.08,0.60,Matchs
1269,Mato Jajalo,ba BIH,MT,Udinese,it Serie A,34,1988,0.7,41.4,41.4,0.00,0.00,0.00,2.86,0.00,0.00,0.00,0.00,0.00,0.00,32.9,0.00,2.86,Matchs
1270,Kristijan Jakić,hr CRO,"DF,MT",Eint Frankfurt,de Bundesliga,25,1997,16.2,58.9,53.5,5.19,1.73,0.06,0.25,0.62,3.33,0.00,0.00,0.00,0.00,45.7,0.19,1.30,Matchs
1271,Ismail Jakobs,sn SEN,"DF,AT",Monaco,fr Ligue 1,22,1999,12.4,52.9,45.2,7.18,0.97,0.08,0.16,4.92,5.97,0.24,0.08,0.00,0.00,34.1,0.56,2.18,Matchs
1272,Marin Jakoliš,hr CRO,AT,Angers,fr Ligue 1,25,1996,0.3,23.3,20.0,3.33,0.00,0.00,0.00,6.67,0.00,3.33,0.00,3.33,0.00,13.3,0.00,0.00,Matchs
1273,Daniel James,wls WAL,AT,Leeds United,eng Premier League,24,1997,2.2,18.2,18.2,0.00,0.00,0.00,0.00,2.73,0.00,0.00,0.00,0.00,0.00,10.9,0.00,1.82,Matchs
1274,Daniel James,wls WAL,AT,Fulham,eng Premier League,24,1997,6.9,27.0,26.4,0.58,0.00,0.00,0.00,3.77,0.58,0.00,0.00,0.00,0.00,17.4,0.00,2.32,Matchs
1275,Reece James,eng ENG,"DF,MT",Chelsea,eng Premier League,22,1999,13.8,76.2,64.9,10.9,1.88,0.00,0.36,6.59,7.54,1.52,0.87,0.43,0.00,64.6,0.29,1.16,Matchs
Clt,Joueur,Nation,Pos,Équipe,Comp,Âge,Naissance,90,Att,Action de jeu,Coup de pied arrêté,CF,Tr,Tr,Ctr,PCF,Co,Rentrant,Sortant,Droit,Cmp,HJ,Balles contrées,Matchs
1276,Vitaly Janelt,de GER,"MT,DF",Brentford,eng Premier League,24,1998,24.5,41.6,40.2,1.18,0.49,0.12,0.69,0.90,0.65,0.04,0.04,0.00,0.00,33.1,0.20,0.86,Matchs
1277,Saidy Janko,gm GAM,DF,Bochum,de Bundesliga,26,1995,12.6,35.8,27.7,8.10,0.24,0.00,0.00,1.75,7.86,0.00,0.00,0.00,0.00,24.8,0.00,1.35,Matchs
1278,Pontus Jansson,se SWE,DF,Brentford,eng Premier League,31,1991,8.0,40.1,38.6,1.38,0.75,0.13,0.00,0.00,0.63,0.00,0.00,0.00,0.00,32.1,0.13,0.38,Matchs
1279,Tony Jantschke,de GER,"DF,MT",M'Gladbach,de Bundesliga,32,1990,1.1,78.2,78.2,0.00,0.00,0.00,0.00,0.91,0.00,0.00,0.00,0.00,0.00,71.8,0.00,0.00,Matchs
1280,Adnan Januzaj,be BEL,AT,Sevilla,es La Liga,27,1995,0.5,48.0,44.0,2.00,0.00,0.00,0.00,2.00,0.00,2.00,0.00,2.00,0.00,30.0,2.00,6.00,Matchs
1281,Léo Jardim,br BRA,GB,Lille,fr Ligue 1,27,1995,6.0,25.7,22.2,3.33,0.83,0.00,0.00,0.00,0.00,0.00,0.00,0.00,0.00,20.3,0.17,0.00,Matchs
1282,Luis Javier Suárez,co COL,AT,Almería,es La Liga,24,1997,16.6,23.3,20.7,2.53,0.06,0.12,0.30,0.66,0.24,0.06,0.00,0.06,0.00,16.0,0.06,0.42,Matchs
1283,Luis Javier Suárez,co COL,AT,Marseille,fr Ligue 1,24,1997,3.3,23.6,22.4,1.21,0.00,0.00,0.30,0.00,0.00,0.00,0.00,0.00,0.00,16.1,0.00,0.91,Matchs
1284,Dany Jean,ht HAI,"DF,MT",Strasbourg,fr Ligue 1,19,2002,0.1,90.0,90.0,0.00,0.00,0.00,0.00,0.00,0.00,0.00,0.00,0.00,0.00,40.0,0.00,0.00,Matchs
1285,Julian Jeanvier,gn GUI,DF,Auxerre,fr Ligue 1,30,1992,19.6,40.4,38.6,1.73,1.38,0.00,0.20,0.10,0.36,0.00,0.00,0.00,0.00,33.3,0.10,0.31,Matchs
1286,Jefferson,br BRA,AT,Lyon,fr Ligue 1,22,1999,5.0,34.6,34.2,0.20,0.00,0.00,0.00,0.60,0.20,0.00,0.00,0.00,0.00,29.2,0.20,1.20,Matchs
1287,Fredrik Jensen,fi FIN,"AT,MT",Augsburg,de Bundesliga,24,1997,10.3,28.8,25.1,3.40,0.29,0.00,0.10,03.01,1.75,1.26,0.39,0.87,0.00,15.5,0.29,1.65,Matchs
1288,Mathias Jensen,dk DEN,MT,Brentford,eng Premier League,26,1996,31.1,50.4,37.2,12.9,2.70,0.16,0.90,05.08,5.92,2.44,1.19,0.58,0.23,35.0,0.23,0.80,Matchs
1289,Moritz Jenz,de GER,DF,Schalke 04,de Bundesliga,23,1999,10.5,46.6,42.9,3.52,03.05,0.00,0.38,0.10,0.00,0.00,0.00,0.00,0.00,35.6,0.19,0.38,Matchs
1290,Jesé,es ESP,AT,Sampdoria,it Serie A,29,1993,2.3,28.3,24.3,3.91,0.00,0.00,0.43,0.00,0.87,0.00,0.00,0.00,0.00,20.4,0.00,1.74,Matchs
1291,Gabriel Jesus,br BRA,AT,Arsenal,eng Premier League,25,1997,22.9,30.5,27.7,2.71,0.17,0.17,0.22,0.48,0.52,0.00,0.00,0.00,0.00,24.5,0.09,0.83,Matchs
1292,Juan Jesus,br BRA,DF,Napoli,it Serie A,31,1991,10.4,71.3,67.6,3.65,2.88,0.10,0.00,0.00,0.67,0.00,0.00,0.00,0.00,64.3,0.10,0.10,Matchs
1293,Raúl Jiménez,mx MEX,AT,Wolves,eng Premier League,31,1991,9.4,21.1,18.4,2.66,0.00,0.11,0.21,0.53,0.43,0.00,0.00,0.00,0.00,14.9,0.00,0.53,Matchs
1294,Joaquín,es ESP,"MT,AT",Betis,es La Liga,41,1981,5.5,58.9,52.9,6.00,2.00,0.73,0.18,5.64,0.91,03.09,0.73,1.64,0.00,46.9,0.00,1.64,Matchs
1295,Joelinton,br BRA,"MT,AT",Newcastle Utd,eng Premier League,25,1996,29.6,42.8,41.5,1.28,0.47,0.10,0.14,0.54,0.64,0.14,0.00,0.00,0.00,35.0,0.10,1.35,Matchs
1296,Þórir Jóhann Helgason,is ISL,MT,Lecce,it Serie A,21,2000,2.5,30.0,26.0,4.00,0.80,0.00,0.00,4.00,0.00,2.40,2.00,0.40,0.00,22.0,0.00,0.00,Matchs
1297,Ben Johnson,eng ENG,DF,West Ham,eng Premier League,22,2000,9.6,55.7,48.2,7.40,0.73,0.00,0.73,1.67,6.46,0.00,0.00,0.00,0.00,41.1,0.10,1.25,Matchs
1298,Brennan Johnson,wls WAL,"AT,MT",Nott'ham Forest,eng Premier League,21,2001,32.6,15.5,14.7,0.71,0.00,0.00,0.06,1.78,0.12,0.03,0.03,0.00,0.00,8.93,0.06,0.83,Matchs
1299,Sam Johnstone,eng ENG,GB,Crystal Palace,eng Premier League,29,1993,9.0,31.1,23.7,7.33,2.22,0.00,0.00,0.00,0.00,0.00,0.00,0.00,0.00,23.0,0.11,0.00,Matchs
1300,Paul Joly,fr FRA,DF,Auxerre,fr Ligue 1,22,2000,9.6,67.9,58.9,8.96,0.52,0.10,1.77,3.75,8.44,0.00,0.00,0.00,0.00,53.5,0.10,1.98,Matchs
Clt,Joueur,Nation,Pos,Équipe,Comp,Âge,Naissance,90,Att,Action de jeu,Coup de pied arrêté,CF,Tr,Tr,Ctr,PCF,Co,Rentrant,Sortant,Droit,Cmp,HJ,Balles contrées,Matchs
1301,Curtis Jones,eng ENG,MT,Liverpool,eng Premier League,21,2001,11.5,58.9,57.7,01.04,0.17,0.43,0.26,0.78,0.78,0.00,0.00,0.00,0.00,53.1,0.09,0.61,Matchs
1302,Frenkie de Jong,nl NED,MT,Barcelona,es La Liga,25,1997,28.2,82.3,79.6,2.23,1.38,0.67,0.60,1.31,0.53,0.28,0.07,0.07,0.00,74.1,0.39,0.85,Matchs
1303,Joan Jordán,es ESP,MT,Sevilla,es La Liga,28,1994,17.7,62.3,59.4,2.49,1.92,0.11,1.19,0.45,0.17,0.40,0.17,0.11,0.00,54.4,0.40,0.62,Matchs
1304,Jorginho,it ITA,MT,Arsenal,eng Premier League,30,1991,9.5,77.5,75.6,1.68,1.68,0.53,0.21,0.21,0.00,0.00,0.00,0.00,0.00,67.5,0.21,0.84,Matchs
1305,Jorginho,it ITA,MT,Chelsea,eng Premier League,30,1991,14.2,62.3,60.1,1.97,1.90,0.14,0.21,0.14,0.07,0.00,0.00,0.00,0.00,52.7,0.21,0.77,Matchs
1306,Josan,es ESP,"DF,MT",Elche,es La Liga,32,1989,12.0,44.9,37.2,7.50,0.67,0.08,0.33,4.00,6.42,0.42,0.08,0.25,0.00,35.3,0.25,01.08,Matchs
1307,Willian José,br BRA,AT,Betis,es La Liga,30,1991,8.1,32.8,30.7,2.10,0.00,0.12,0.25,0.49,0.00,0.00,0.00,0.00,0.00,25.4,0.00,1.11,Matchs
1308,Joselu,es ESP,AT,Espanyol,es La Liga,32,1990,33.2,22.9,21.7,01.08,0.00,0.06,0.15,0.51,0.03,0.03,0.00,0.00,0.00,13.8,0.06,0.63,Matchs
1309,Mateo Joseph,eng ENG,"AT,MT",Leeds United,eng Premier League,18,2003,0.3,10.0,10.0,0.00,0.00,0.00,0.00,0.00,0.00,0.00,0.00,0.00,0.00,6.67,0.00,0.00,Matchs
1310,Diogo Jota,pt POR,AT,Liverpool,eng Premier League,25,1996,12.6,30.2,30.1,0.16,0.00,0.24,0.08,0.63,0.00,0.00,0.00,0.00,0.00,22.7,0.00,1.11,Matchs
1311,Stevan Jovetić,me MNE,"AT,MT",Hertha BSC,de Bundesliga,32,1989,9.9,31.9,30.0,1.72,0.40,0.30,0.40,0.81,0.40,0.10,0.00,0.00,0.00,20.2,0.20,1.21,Matchs
1312,Luka Jović,rs SRB,"AT,MT",Fiorentina,it Serie A,24,1997,17.0,17.5,15.5,1.88,0.00,0.12,0.06,0.06,0.06,0.00,0.00,0.00,0.00,13.4,0.12,0.35,Matchs
1313,Juanmi,es ESP,AT,Betis,es La Liga,29,1993,10.3,23.8,23.3,0.49,0.00,0.29,0.29,0.00,0.49,0.00,0.00,0.00,0.00,20.1,0.00,0.58,Matchs
1314,Juanpe,es ESP,DF,Girona,es La Liga,31,1991,15.8,55.8,52.0,3.48,2.59,0.00,0.57,0.19,0.13,0.00,0.00,0.00,0.00,47.7,0.25,0.44,Matchs
1315,Jubal,br BRA,DF,Auxerre,fr Ligue 1,28,1993,35.7,37.7,35.9,1.79,1.76,0.03,0.62,0.11,0.03,0.00,0.00,0.00,0.00,30.8,0.03,0.14,Matchs
1316,Christopher Jullien,fr FRA,DF,Montpellier,fr Ligue 1,29,1993,29.9,35.6,34.0,1.54,1.34,0.03,0.33,0.00,0.10,0.00,0.00,0.00,0.00,29.6,0.07,0.27,Matchs
1317,Anthony Jung,de GER,"DF,AT",Werder Bremen,de Bundesliga,30,1991,29.1,48.9,41.0,7.70,0.52,0.00,0.10,1.58,7.18,0.00,0.00,0.00,0.00,37.3,0.17,01.07,Matchs
1318,Eli Junior Kroupi,fr FRA,"AT,MT",Lorient,fr Ligue 1,16,2006,0.1,40.0,40.0,0.00,0.00,0.00,0.00,0.00,0.00,0.00,0.00,0.00,0.00,40.0,0.00,0.00,Matchs
1319,Lago Junior,ci CIV,"AT,MT",Mallorca,es La Liga,31,1990,0.6,30.0,30.0,0.00,0.00,0.00,0.00,3.33,0.00,0.00,0.00,0.00,0.00,20.0,0.00,1.67,Matchs
1320,Hamed Junior Traorè,ci CIV,"AT,MT",Bournemouth,eng Premier League,22,2000,4.7,37.9,31.7,5.96,1.70,01.06,0.00,8.72,0.21,3.83,2.77,0.43,0.43,23.2,0.21,0.85,Matchs
1321,Hamed Junior Traorè,ci CIV,"MT,AT",Sassuolo,it Serie A,22,2000,6.6,37.1,33.2,3.33,0.45,0.15,0.61,3.94,0.30,2.42,0.91,0.61,0.00,27.9,0.61,2.12,Matchs
1322,Vinicius Júnior,br BRA,AT,Real Madrid,es La Liga,22,2000,31.4,36.7,35.3,1.31,0.25,0.16,0.32,02.04,0.76,0.22,0.00,0.00,0.00,28.1,0.16,1.94,Matchs
1323,Josip Juranović,hr CRO,DF,Union Berlin,de Bundesliga,26,1995,10.4,47.3,30.1,17.0,2.88,0.00,0.10,7.12,10.5,3.56,1.83,1.44,0.00,30.6,0.19,1.73,Matchs
1324,James Justin,eng ENG,DF,Leicester City,eng Premier League,24,1998,13.9,58.9,49.4,9.35,1.15,0.00,0.29,1.51,8.20,0.00,0.00,0.00,0.00,48.0,0.14,1.37,Matchs
1325,Filip Jørgensen,dk DEN,GB,Villarreal,es La Liga,20,2002,2.0,27.5,20.5,7.00,1.50,0.00,0.00,0.00,0.00,0.00,0.00,0.00,0.00,24.5,0.00,0.00,Matchs
Clt,Joueur,Nation,Pos,Équipe,Comp,Âge,Naissance,90,Att,Action de jeu,Coup de pied arrêté,CF,Tr,Tr,Ctr,PCF,Co,Rentrant,Sortant,Droit,Cmp,HJ,Balles contrées,Matchs
1326,Mathias Jørgensen,dk DEN,DF,Brentford,eng Premier League,32,1990,12.3,40.9,35.5,5.28,0.49,0.00,0.00,0.24,4.47,0.00,0.00,0.00,0.00,32.8,0.08,0.16,Matchs
1327,Ozan Kabak,tr TUR,DF,Hoffenheim,de Bundesliga,22,2000,26.5,48.2,46.4,1.55,01.06,0.00,0.42,0.23,0.11,0.00,0.00,0.00,0.00,39.8,0.23,0.79,Matchs
1328,Issa Kaboré,bf BFA,DF,Marseille,fr Ligue 1,21,2001,11.4,49.7,41.1,8.51,0.18,0.00,0.18,4.21,8.33,0.00,0.00,0.00,0.00,38.2,0.09,2.11,Matchs
1329,Abdoul Kader Bamba,fr FRA,"AT,MT",Nantes,fr Ligue 1,28,1994,0.9,48.9,43.3,5.56,2.22,0.00,1.11,3.33,2.22,1.11,1.11,0.00,0.00,40.0,0.00,1.11,Matchs
1330,Pavel Kadeřábek,cz CZE,DF,Hoffenheim,de Bundesliga,30,1992,18.5,47.7,36.3,11.3,0.38,0.05,0.00,4.00,10.9,0.00,0.00,0.00,0.00,33.2,0.11,1.35,Matchs
1331,Tino Kadewere,zw ZIM,"AT,MT",Mallorca,es La Liga,26,1996,6.0,25.2,24.5,0.33,0.00,0.00,0.00,1.17,0.17,0.00,0.00,0.00,0.00,15.8,0.33,0.67,Matchs
1332,Kaiky,br BRA,DF,Almería,es La Liga,18,2004,6.5,34.5,32.0,2.46,2.31,0.00,1.38,0.15,0.15,0.00,0.00,0.00,0.00,28.0,0.00,0.31,Matchs
1333,Florian Kainz,at AUT,"MT,AT",Köln,de Bundesliga,29,1992,26.0,46.4,36.3,9.65,2.38,0.31,0.38,9.65,1.00,5.85,2.35,2.54,0.00,29.2,0.50,1.96,Matchs
1334,Gaël Kakuta,cd COD,AT,Lens,fr Ligue 1,31,1991,0.2,80.0,80.0,0.00,0.00,0.00,0.00,5.00,0.00,0.00,0.00,0.00,0.00,60.0,0.00,5.00,Matchs
1335,Sasa Kalajdzic,at AUT,AT,Wolves,eng Premier League,25,1997,0.5,8.00,8.00,0.00,0.00,0.00,0.00,0.00,0.00,0.00,0.00,0.00,0.00,4.00,0.00,2.00,Matchs
1336,Sasa Kalajdzic,at AUT,AT,Stuttgart,de Bundesliga,25,1997,2.6,24.2,23.1,1.15,0.00,0.38,0.38,0.00,0.00,0.00,0.00,0.00,0.00,15.4,0.00,0.77,Matchs
1337,Arnaud Kalimuendo,fr FRA,AT,Rennes,fr Ligue 1,20,2002,20.5,21.6,19.6,1.90,0.00,0.00,0.00,0.68,0.20,0.00,0.00,0.00,0.00,17.5,0.10,01.07,Matchs
1338,Yayah Kallon,sl SLE,"MT,AT",Hellas Verona,it Serie A,21,2001,9.6,24.7,23.2,1.25,0.21,0.00,0.00,3.44,0.42,0.10,0.00,0.00,0.00,15.4,0.21,01.04,Matchs
1339,Gedeon Kalulu,cd COD,DF,Lorient,fr Ligue 1,24,1997,27.1,50.7,42.5,08.08,1.62,0.00,0.15,01.07,6.46,0.00,0.00,0.00,0.00,40.6,0.18,1.37,Matchs
1340,Pierre Kalulu,fr FRA,DF,Milan,it Serie A,22,2000,28.3,64.3,59.2,05.05,1.84,0.11,0.11,0.99,03.04,0.00,0.00,0.00,0.00,56.1,0.14,0.46,Matchs
1341,Justin-Noël Kalumba,fr FRA,DF,Angers,fr Ligue 1,17,2004,6.1,26.9,24.9,1.97,0.00,0.00,0.00,2.13,1.64,0.33,0.16,0.16,0.00,21.5,0.00,1.48,Matchs
1342,Daichi Kamada,jp JPN,MT,Eint Frankfurt,de Bundesliga,25,1996,25.2,49.4,46.9,2.34,01.03,0.20,0.48,1.98,0.08,1.23,0.63,0.32,0.00,39.9,0.16,01.03,Matchs
1343,Waren Kamanzi,no NOR,DF,Toulouse,fr Ligue 1,21,2000,7.4,48.4,39.9,8.38,0.54,0.00,0.14,0.81,7.84,0.00,0.00,0.00,0.00,41.4,0.14,0.54,Matchs
1344,Bingourou Kamara,sn SEN,GB,Montpellier,fr Ligue 1,25,1996,4.5,29.1,19.3,9.56,1.78,0.00,0.00,0.00,0.00,0.00,0.00,0.00,0.00,19.3,0.22,0.00,Matchs
1345,Boubacar Kamara,fr FRA,MT,Aston Villa,eng Premier League,22,1999,19.7,47.8,46.0,1.73,1.62,0.10,0.51,0.05,0.00,0.00,0.00,0.00,0.00,40.5,0.00,01.02,Matchs
1346,Jakub Kamiński,pl POL,"AT,DF",Wolfsburg,de Bundesliga,20,2002,22.9,29.1,27.2,1.83,0.00,0.17,0.17,1.53,1.83,0.00,0.00,0.00,0.00,21.6,0.09,1.22,Matchs
1347,Marcin Kamiński,pl POL,DF,Schalke 04,de Bundesliga,30,1992,7.0,44.9,41.3,3.29,2.71,0.00,0.43,0.43,0.29,0.00,0.00,0.00,0.00,36.3,0.29,0.29,Matchs
1348,Kevin Kampl,si SVN,MT,RB Leipzig,de Bundesliga,31,1990,15.2,59.1,57.4,1.58,1.51,0.39,0.13,0.26,0.07,0.00,0.00,0.00,0.00,52.0,0.13,1.64,Matchs
1349,Nordine Kandil,fr FRA,"MT,AT",Strasbourg,fr Ligue 1,20,2001,1.1,55.5,53.6,1.82,0.91,0.91,0.00,3.64,0.91,0.00,0.00,0.00,0.00,40.0,0.00,1.82,Matchs
1350,Harry Kane,eng ENG,AT,Tottenham,eng Premier League,29,1993,37.8,24.4,22.6,1.59,0.37,0.53,0.48,0.98,0.66,0.00,0.00,0.00,0.00,17.0,0.21,01.03,Matchs
Clt,Joueur,Nation,Pos,Équipe,Comp,Âge,Naissance,90,Att,Action de jeu,Coup de pied arrêté,CF,Tr,Tr,Ctr,PCF,Co,Rentrant,Sortant,Droit,Cmp,HJ,Balles contrées,Matchs
1351,Lee Kang-in,kr KOR,"MT,AT",Mallorca,es La Liga,21,2001,31.4,35.1,28.1,6.59,2.58,0.22,0.48,6.40,0.38,2.87,1.15,1.37,0.00,24.6,0.41,1.11,Matchs
1352,Wilfried Kanga,ci CIV,AT,Hertha BSC,de Bundesliga,24,1998,15.7,16.0,15.2,0.70,0.00,0.06,0.00,0.51,0.00,0.00,0.00,0.00,0.00,9.81,0.06,0.32,Matchs
1353,N'Golo Kanté,fr FRA,MT,Chelsea,eng Premier League,31,1991,5.8,58.3,57.9,0.00,0.00,0.34,0.17,1.90,0.00,0.00,0.00,0.00,0.00,46.7,0.34,02.07,Matchs
1354,Kenan Karaman,tr TUR,AT,Schalke 04,de Bundesliga,28,1994,10.8,19.4,19.2,0.09,0.00,0.00,0.00,02.04,0.09,0.00,0.00,0.00,0.00,11.9,0.09,0.93,Matchs
1355,Yann Karamoh,fr FRA,"MT,AT",Torino,it Serie A,24,1998,8.0,27.0,26.0,0.88,0.13,0.25,0.38,1.88,0.13,0.00,0.00,0.00,0.00,20.4,0.13,1.63,Matchs
1356,Atakan Karazor,de GER,MT,Stuttgart,de Bundesliga,25,1996,21.8,51.2,49.1,1.93,1.83,0.09,0.41,0.00,0.09,0.00,0.00,0.00,0.00,43.3,0.18,0.50,Matchs
1357,Ayman Kari,fr FRA,"MT,DF",Lorient,fr Ligue 1,17,2004,1.1,67.3,66.4,0.00,0.00,0.00,0.00,0.00,0.00,0.00,0.00,0.00,0.00,60.9,0.91,0.91,Matchs
1358,Jon Karrikaburu,es ESP,AT,Real Sociedad,es La Liga,19,2002,1.0,18.0,18.0,0.00,0.00,1.00,0.00,1.00,0.00,0.00,0.00,0.00,0.00,11.0,0.00,0.00,Matchs
1359,Rick Karsdorp,nl NED,DF,Roma,it Serie A,27,1995,7.9,48.1,38.7,9.24,0.51,0.38,0.13,1.77,8.73,0.00,0.00,0.00,0.00,37.3,0.13,01.01,Matchs
1360,Denso Kasius,nl NED,DF,Bologna,it Serie A,19,2002,3.8,50.5,41.1,9.21,0.26,0.00,0.79,3.16,8.95,0.00,0.00,0.00,0.00,37.6,0.26,0.79,Matchs
1361,Thomas Kastanaras,gr GRE,"AT,DF",Stuttgart,de Bundesliga,19,2003,0.8,21.3,18.8,2.50,0.00,0.00,0.00,1.25,0.00,0.00,0.00,0.00,0.00,17.5,0.00,2.50,Matchs
1362,Grigoris Kastanos,cy CYP,"MT,DF",Salernitana,it Serie A,24,1998,14.3,43.4,36.7,6.29,1.89,0.07,0.42,1.82,3.29,1.12,0.21,0.00,0.00,32.2,0.42,1.61,Matchs
1363,Silas Katompa,cd COD,"AT,MT",Stuttgart,de Bundesliga,23,1998,22.1,18.1,17.1,0.86,0.05,0.05,0.05,1.49,0.36,0.00,0.00,0.00,0.00,13.3,0.14,0.63,Matchs
1364,Moise Kean,it ITA,AT,Juventus,it Serie A,22,2000,11.1,16.8,15.9,0.81,0.09,0.09,0.00,0.45,0.09,0.00,0.00,0.00,0.00,11.7,0.18,0.99,Matchs
1365,Michael Keane,eng ENG,DF,Everton,eng Premier League,29,1993,10.9,40.5,39.4,0.83,0.28,0.00,0.00,0.37,0.55,0.00,0.00,0.00,0.00,28.0,0.28,0.73,Matchs
1366,Neeskens Kebano,cd COD,AT,Fulham,eng Premier League,30,1992,8.5,24.9,24.2,0.71,0.24,0.00,0.12,2.82,0.00,0.47,0.00,0.12,0.00,18.2,0.00,1.88,Matchs
1367,Kévin Keben Biakolo,cm CMR,DF,Toulouse,fr Ligue 1,18,2004,4.0,37.0,28.0,9.00,0.25,0.00,0.25,1.50,8.75,0.00,0.00,0.00,0.00,29.3,0.00,1.50,Matchs
1368,Thilo Kehrer,de GER,DF,West Ham,eng Premier League,25,1996,24.8,44.8,40.0,4.68,0.97,0.04,0.24,0.93,3.67,0.00,0.00,0.00,0.00,37.4,0.16,0.56,Matchs
1369,Check Keita,fr FRA,DF,Reims,fr Ligue 1,19,2003,7.6,40.1,37.6,2.11,1.97,0.00,0.00,0.00,0.13,0.00,0.00,0.00,0.00,34.7,0.39,0.26,Matchs
1370,Naby Keïta,gn GUI,MT,Liverpool,eng Premier League,27,1995,3.3,50.9,48.8,1.82,0.30,0.00,0.00,0.61,0.30,0.00,0.00,0.00,0.00,39.1,0.30,2.12,Matchs
1371,Yannik Keitel,de GER,MT,Freiburg,de Bundesliga,22,2000,7.6,32.2,30.8,1.45,1.18,0.00,0.26,0.53,0.00,0.00,0.00,0.00,0.00,24.9,0.00,0.53,Matchs
1372,Caoimhín Kelleher,ie IRL,GB,Liverpool,eng Premier League,23,1998,1.0,24.0,22.0,2.00,0.00,0.00,0.00,0.00,0.00,0.00,0.00,0.00,0.00,23.0,0.00,0.00,Matchs
1373,Lloyd Kelly,eng ENG,DF,Bournemouth,eng Premier League,23,1998,22.7,51.3,44.9,6.17,1.28,0.09,0.48,0.62,4.80,0.00,0.00,0.00,0.00,41.1,0.18,0.53,Matchs
1374,Marc-Oliver Kempf,de GER,DF,Hertha BSC,de Bundesliga,27,1995,30.1,43.3,40.9,2.26,2.23,0.07,0.56,0.07,0.00,0.00,0.00,0.00,0.00,33.6,0.17,0.50,Matchs
1375,Kenedy,br BRA,"AT,DF",Valladolid,es La Liga,26,1996,3.1,27.7,25.8,1.61,0.00,0.00,0.32,1.61,0.65,0.32,0.00,0.00,0.00,18.4,0.32,1.29,Matchs
Clt,Joueur,Nation,Pos,Équipe,Comp,Âge,Naissance,90,Att,Action de jeu,Coup de pied arrêté,CF,Tr,Tr,Ctr,PCF,Co,Rentrant,Sortant,Droit,Cmp,HJ,Balles contrées,Matchs
1376,Jonjoe Kenny,eng ENG,DF,Hertha BSC,de Bundesliga,25,1997,24.9,48.5,38.4,9.84,0.36,0.00,0.12,2.17,9.44,0.04,0.00,0.00,0.00,35.3,0.28,1.41,Matchs
1377,Franck Kessié,ci CIV,MT,Barcelona,es La Liga,25,1996,11.0,41.5,40.1,1.18,0.55,0.18,0.45,0.45,0.27,0.09,0.00,0.00,0.00,35.5,0.27,0.45,Matchs
1378,Saîf-Eddine Khaoui,tn TUN,MT,Clermont Foot,fr Ligue 1,27,1995,22.5,31.7,28.3,3.11,01.07,0.09,0.09,2.49,0.00,02.04,0.76,0.84,0.00,21.6,0.31,0.76,Matchs
1379,Wahbi Khazri,tn TUN,"AT,MT",Montpellier,fr Ligue 1,31,1991,18.2,26.5,23.1,3.19,0.88,0.16,0.60,2.14,0.60,0.99,0.49,0.49,0.00,18.9,0.22,1.10,Matchs
1380,Rani Khedira,de GER,MT,Union Berlin,de Bundesliga,28,1994,32.0,32.5,31.5,0.94,0.44,0.03,0.09,0.34,0.03,0.03,0.03,0.00,0.00,24.3,0.06,0.63,Matchs
1381,Anthony Khelifa,fr FRA,DF,Ajaccio,fr Ligue 1,16,2005,0.1,120.0,110.0,10.0,10.0,0.00,0.00,0.00,0.00,0.00,0.00,0.00,0.00,110.0,0.00,0.00,Matchs
1382,Kiké,es ESP,AT,Osasuna,es La Liga,32,1989,11.3,21.6,20.3,1.15,0.00,0.00,0.09,0.62,0.09,0.00,0.00,0.00,0.00,14.8,0.18,0.80,Matchs
1383,Luca Kilian,de GER,DF,Köln,de Bundesliga,22,1999,12.5,54.8,53.0,1.60,01.04,0.00,0.40,0.08,0.32,0.00,0.00,0.00,0.00,46.8,0.24,0.40,Matchs
1384,Max Kilman,eng ENG,DF,Wolves,eng Premier League,25,1997,36.7,57.4,56.4,0.79,0.76,0.00,0.84,0.14,0.03,0.00,0.00,0.00,0.00,47.6,0.25,0.54,Matchs
1385,Joshua Kimmich,de GER,MT,Bayern Munich,de Bundesliga,27,1995,31.2,88.7,77.1,11.3,3.81,0.93,0.32,7.69,0.90,6.54,2.66,3.14,0.13,74.8,0.29,0.77,Matchs
1386,Presnel Kimpembe,fr FRA,DF,Paris S-G,fr Ligue 1,26,1995,8.1,62.1,56.0,5.93,1.60,0.12,0.00,0.00,2.47,0.00,0.00,0.00,0.00,58.1,0.12,0.74,Matchs
1387,Jakub Kiwior,pl POL,DF,Arsenal,eng Premier League,22,2000,4.7,43.6,40.9,2.77,01.06,0.21,0.21,0.21,1.70,0.00,0.00,0.00,0.00,37.7,0.00,0.85,Matchs
1388,Jakub Kiwior,pl POL,DF,Spezia,it Serie A,22,2000,16.0,48.4,42.7,5.56,2.13,0.06,0.19,0.88,0.75,0.56,0.38,0.19,0.00,40.8,0.19,0.25,Matchs
1389,Simon Kjær,dk DEN,DF,Milan,it Serie A,33,1989,11.2,61.0,59.6,1.43,1.34,0.00,0.54,0.18,0.09,0.00,0.00,0.00,0.00,52.8,0.00,0.09,Matchs
1390,Pascal Klemens,de GER,DF,Hertha BSC,de Bundesliga,17,2005,1.0,33.0,33.0,0.00,0.00,0.00,1.00,0.00,0.00,0.00,0.00,0.00,0.00,28.0,0.00,0.00,Matchs
1391,Mateusz Klich,pl POL,"MT,AT",Leeds United,eng Premier League,32,1990,3.1,47.7,44.8,2.90,0.65,0.00,0.00,2.58,1.29,0.97,0.32,0.32,0.00,34.8,0.00,2.26,Matchs
1392,Lukas Klostermann,de GER,DF,RB Leipzig,de Bundesliga,26,1996,10.1,77.6,74.5,2.87,1.49,0.20,0.00,0.40,1.39,0.00,0.00,0.00,0.00,68.0,0.30,0.59,Matchs
1393,Justin Kluivert,nl NED,"AT,MT",Valencia,es La Liga,23,1999,16.1,24.8,21.4,03.04,0.50,0.00,0.12,3.98,0.37,1.93,0.31,0.62,0.00,17.1,0.31,0.75,Matchs
1394,Ansgar Knauff,de GER,DF,Eint Frankfurt,de Bundesliga,20,2002,14.3,47.8,36.6,11.0,0.35,0.07,0.00,02.03,10.7,0.00,0.00,0.00,0.00,31.8,0.14,2.24,Matchs
1395,Robin Knoche,de GER,DF,Union Berlin,de Bundesliga,30,1992,31.9,51.5,49.5,1.85,1.76,0.03,0.22,0.16,0.09,0.00,0.00,0.00,0.00,41.8,0.19,0.63,Matchs
1396,Gregor Kobel,ch SUI,GB,Dortmund,de Bundesliga,24,1997,27.0,38.9,29.6,9.15,02.04,0.00,0.07,0.00,0.00,0.00,0.00,0.00,0.00,32.3,0.07,0.00,Matchs
1397,Robin Koch,de GER,DF,Leeds United,eng Premier League,26,1996,35.3,45.2,43.7,1.30,1.30,0.06,0.14,0.03,0.00,0.00,0.00,0.00,0.00,34.8,0.11,0.71,Matchs
1398,Samuel Koeberlé,fr FRA,MT,Reims,fr Ligue 1,17,2004,0.0,6,6,0,0,0,0,1,0,0,0,0,0,5,0,0,Matchs
1399,Rudy Kohon,fr FRA,DF,Troyes,fr Ligue 1,18,2004,0.7,40.0,38.6,1.43,0.00,0.00,0.00,0.00,1.43,0.00,0.00,0.00,0.00,34.3,0.00,1.43,Matchs
1400,Dominik Kohr,de GER,MT,Mainz 05,de Bundesliga,28,1994,25.5,46.4,44.7,1.53,1.33,0.16,0.31,0.20,0.20,0.00,0.00,0.00,0.00,33.9,0.20,0.94,Matchs
Clt,Joueur,Nation,Pos,Équipe,Comp,Âge,Naissance,90,Att,Action de jeu,Coup de pied arrêté,CF,Tr,Tr,Ctr,PCF,Co,Rentrant,Sortant,Droit,Cmp,HJ,Balles contrées,Matchs
1401,Koke,es ESP,MT,Atlético Madrid,es La Liga,30,1992,28.3,72.0,69.4,02.08,1.84,0.28,0.60,0.85,0.14,0.00,0.00,0.00,0.00,63.0,0.53,01.06,Matchs
1402,Sead Kolašinac,ba BIH,DF,Marseille,fr Ligue 1,29,1993,24.6,54.2,51.3,2.76,0.93,0.04,0.12,0.81,1.83,0.00,0.00,0.00,0.00,46.1,0.16,0.81,Matchs
1403,Luca Koleosho,it ITA,"AT,DF",Espanyol,es La Liga,17,2004,0.7,40.0,40.0,0.00,0.00,0.00,0.00,4.29,0.00,0.00,0.00,0.00,0.00,25.7,0.00,2.86,Matchs
1404,Randal Kolo Muani,fr FRA,AT,Eint Frankfurt,de Bundesliga,23,1998,29.2,22.2,21.4,0.72,0.00,0.14,0.10,0.86,0.03,0.00,0.00,0.00,0.00,14.3,0.14,1.23,Matchs
1405,Timothée Kolodziejczak,fr FRA,DF,Schalke 04,de Bundesliga,30,1991,0.3,56.7,46.7,10.0,0.00,0.00,0.00,3.33,10.0,0.00,0.00,0.00,0.00,46.7,0.00,0.00,Matchs
1406,Cheick Konaté,ci CIV,DF,Clermont Foot,fr Ligue 1,18,2004,6.4,49.1,41.4,7.66,1.88,0.16,0.47,0.63,5.78,0.00,0.00,0.00,0.00,35.6,0.00,02.03,Matchs
1407,Ibrahima Konaté,fr FRA,DF,Liverpool,eng Premier League,23,1999,17.2,66.0,64.8,1.10,0.93,0.12,0.35,0.06,0.17,0.00,0.00,0.00,0.00,57.4,0.06,0.29,Matchs
1408,Geoffrey Kondogbia,cf CTA,MT,Atlético Madrid,es La Liga,29,1993,11.2,56.6,55.4,1.25,1.16,0.00,0.98,0.00,0.09,0.00,0.00,0.00,0.00,50.6,0.00,0.18,Matchs
1409,Ibrahima Koné,ml MLI,AT,Lorient,fr Ligue 1,23,1999,17.5,20.5,20.1,0.46,0.00,0.11,0.00,0.06,0.06,0.00,0.00,0.00,0.00,13.7,0.00,0.63,Matchs
1410,Kouadio Koné,fr FRA,MT,M'Gladbach,de Bundesliga,21,2001,29.0,47.5,46.4,0.72,0.66,0.07,0.17,0.21,0.07,0.00,0.00,0.00,0.00,40.9,0.38,0.90,Matchs
1411,Youssouf Koné,ml MLI,DF,Ajaccio,fr Ligue 1,27,1995,10.2,41.8,34.8,6.86,0.88,0.00,0.20,2.65,5.98,0.00,0.00,0.00,0.00,31.6,0.10,0.69,Matchs
1412,Ezri Konsa,eng ENG,DF,Aston Villa,eng Premier League,24,1997,36.9,51.4,48.9,2.38,1.63,0.03,0.16,0.11,0.49,0.00,0.00,0.00,0.00,45.6,0.11,0.38,Matchs
1413,Teun Koopmeiners,nl NED,MT,Atalanta,it Serie A,24,1998,31.8,54.3,49.0,05.09,1.73,0.16,0.60,4.97,0.82,2.42,1.32,0.82,0.00,40.0,0.22,01.04,Matchs
1414,Odilon Kossonou,ci CIV,DF,Leverkusen,de Bundesliga,21,2001,16.9,57.6,53.9,3.55,1.30,0.00,0.12,0.24,2.25,0.00,0.00,0.00,0.00,47.8,0.12,1.12,Matchs
1415,Filip Kostić,rs SRB,"DF,AT",Juventus,it Serie A,29,1992,28.5,42.5,36.5,5.86,0.53,0.14,0.39,7.96,3.72,1.61,0.07,1.44,0.04,29.1,0.14,1.96,Matchs
1416,Filip Kostić,rs SRB,"DF,MT",Eint Frankfurt,de Bundesliga,29,1992,0.8,50.0,31.3,17.5,3.75,0.00,1.25,8.75,7.50,6.25,3.75,2.50,0.00,28.8,1.25,0.00,Matchs
1417,Christian Kouamé,ci CIV,AT,Fiorentina,it Serie A,24,1997,20.7,31.9,30.3,1.50,0.10,0.05,0.29,2.37,01.01,0.10,0.00,0.00,0.00,22.6,0.10,0.72,Matchs
1418,Rominigue Kouamé,ml MLI,MT,Troyes,fr Ligue 1,25,1996,29.6,47.4,47.0,0.27,0.27,0.07,0.57,0.17,0.00,0.00,0.00,0.00,0.00,42.0,0.14,0.57,Matchs
1419,Tomáš Koubek,cz CZE,GB,Augsburg,de Bundesliga,29,1992,11.0,46.4,35.0,11.4,2.64,0.00,0.00,0.00,0.00,0.00,0.00,0.00,0.00,31.7,0.00,0.00,Matchs
1420,Kalidou Koulibaly,sn SEN,DF,Chelsea,eng Premier League,31,1991,20.0,73.5,71.0,2.25,1.65,0.00,0.75,0.20,0.60,0.00,0.00,0.00,0.00,63.8,0.25,0.60,Matchs
1421,Jules Koundé,fr FRA,DF,Barcelona,es La Liga,23,1998,27.0,75.0,68.1,6.67,1.85,0.15,0.41,1.33,4.81,0.00,0.00,0.00,0.00,65.7,0.15,0.93,Matchs
1422,Boubakar Kouyaté,ml MLI,DF,Montpellier,fr Ligue 1,25,1997,14.0,43.6,42.5,1.14,1.00,0.00,0.21,0.07,0.14,0.00,0.00,0.00,0.00,35.6,0.00,0.57,Matchs
1423,Cheikhou Kouyaté,sn SEN,MT,Nott'ham Forest,eng Premier League,32,1989,9.8,25.1,24.6,0.41,0.41,0.00,0.10,0.00,0.00,0.00,0.00,0.00,0.00,18.9,0.10,0.71,Matchs
1424,Mateo Kovačić,hr CRO,MT,Chelsea,eng Premier League,28,1994,19.0,69.4,67.8,1.53,1.37,0.53,0.53,0.32,0.16,0.00,0.00,0.00,0.00,59.5,0.05,1.32,Matchs
1425,Viktor Kovalenko,ua UKR,MT,Spezia,it Serie A,26,1996,6.1,39.5,36.6,2.79,0.66,0.00,0.49,2.46,0.49,1.64,0.82,0.66,0.00,31.0,0.16,1.31,Matchs
Clt,Joueur,Nation,Pos,Équipe,Comp,Âge,Naissance,90,Att,Action de jeu,Coup de pied arrêté,CF,Tr,Tr,Ctr,PCF,Co,Rentrant,Sortant,Droit,Cmp,HJ,Balles contrées,Matchs
1426,Soichiro Kozuki,jp JPN,"AT,MT",Schalke 04,de Bundesliga,21,2000,4.2,20.2,19.8,0.48,0.00,0.00,0.24,3.57,0.24,0.24,0.00,0.24,0.00,12.4,0.00,0.95,Matchs
1427,Emil Krafth,se SWE,DF,Newcastle Utd,eng Premier League,27,1994,0.0,0,0,0,0,0,0,0,0,0,0,0,0,0,0,0,Matchs
1428,Alex Král,cz CZE,MT,Schalke 04,de Bundesliga,24,1998,26.2,32.3,30.4,1.72,0.61,0.08,0.08,01.03,0.08,0.00,0.00,0.00,0.00,22.4,0.23,01.07,Matchs
1429,Andrej Kramarić,hr CRO,"MT,AT",Hoffenheim,de Bundesliga,31,1991,26.5,37.7,35.4,02.04,0.11,0.00,0.45,1.77,0.68,0.23,0.04,0.04,0.00,29.8,0.26,0.94,Matchs
1430,Christoph Kramer,de GER,MT,M'Gladbach,de Bundesliga,31,1991,24.7,49.9,47.4,2.35,1.50,0.08,0.16,0.45,0.45,0.00,0.00,0.00,0.00,41.3,0.20,1.46,Matchs
1431,Tom Krauß,de GER,MT,Schalke 04,de Bundesliga,21,2001,27.9,28.8,27.8,0.86,0.22,0.07,0.07,0.57,0.04,0.00,0.00,0.00,0.00,20.7,0.14,1.11,Matchs
1432,Julian Kristoffersen,no NOR,AT,Salernitana,it Serie A,25,1997,0.2,10.0,10.0,0.00,0.00,0.00,0.00,0.00,0.00,0.00,0.00,0.00,0.00,0.00,0.00,0.00,Matchs
1433,Raimonds Krollis,lv LVA,"AT,DF",Spezia,it Serie A,20,2001,0.4,17.5,17.5,0.00,0.00,0.00,0.00,0.00,0.00,0.00,0.00,0.00,0.00,12.5,0.00,2.50,Matchs
1434,Toni Kroos,de GER,MT,Real Madrid,es La Liga,32,1990,23.9,103.8,94.0,9.33,5.15,0.17,1.72,5.10,0.63,3.51,1.13,1.26,0.04,94.4,0.54,0.50,Matchs
1435,Rade Krunić,ba BIH,MT,Milan,it Serie A,28,1993,18.4,51.9,50.6,1.30,0.87,0.11,0.05,0.16,0.22,0.16,0.05,0.05,0.00,44.5,0.00,01.03,Matchs
1436,Max Kruse,de GER,"MT,AT",Wolfsburg,de Bundesliga,34,1988,3.0,40.3,35.0,5.33,1.00,0.33,1.00,2.00,2.67,0.67,0.00,0.00,0.00,30.0,0.00,2.67,Matchs
1437,Lukas Kübler,de GER,DF,Freiburg,de Bundesliga,29,1992,18.2,45.4,38.5,6.76,0.44,0.05,0.11,1.81,6.32,0.00,0.00,0.00,0.00,31.3,0.16,1.10,Matchs
1438,Takefusa Kubo,jp JPN,"AT,MT",Real Sociedad,es La Liga,21,2001,27.1,32.3,30.4,1.55,0.18,0.11,0.18,2.66,0.18,01.07,0.37,0.44,0.04,22.9,0.37,1.29,Matchs
1439,Dejan Kulusevski,se SWE,"MT,AT",Tottenham,eng Premier League,22,2000,23.0,32.4,29.7,2.65,0.04,0.22,0.13,2.70,0.30,1.00,0.26,0.13,0.00,25.3,0.04,1.13,Matchs
1440,Sael Kumbedi,fr FRA,DF,Lyon,fr Ligue 1,17,2005,14.7,54.0,43.6,10.3,0.54,0.07,0.00,2.18,9.73,0.00,0.00,0.00,0.00,44.4,0.14,1.29,Matchs
1441,Marash Kumbulla,al ALB,DF,Roma,it Serie A,22,2000,2.9,62.1,60.7,1.38,1.38,0.00,0.69,0.00,0.00,0.00,0.00,0.00,0.00,54.1,0.00,0.34,Matchs
1442,Pierre Kunde,cm CMR,"MT,AT",Bochum,de Bundesliga,27,1995,4.2,48.1,42.6,5.48,1.67,0.24,1.19,1.90,3.33,0.48,0.48,0.00,0.00,28.3,0.00,0.71,Matchs
1443,Alou Kuol,au AUS,AT,Stuttgart,de Bundesliga,21,2000,0.1,10.0,10.0,0.00,0.00,0.00,0.00,0.00,0.00,0.00,0.00,0.00,0.00,10.0,0.00,0.00,Matchs
1444,Layvin Kurzawa,fr FRA,DF,Fulham,eng Premier League,29,1992,1.5,27.3,19.3,8.00,0.00,0.00,0.00,1.33,8.00,0.00,0.00,0.00,0.00,18.7,0.00,1.33,Matchs
1445,Khvicha Kvaratskhelia,ge GEO,AT,Napoli,it Serie A,21,2001,28.0,40.6,38.7,1.75,0.32,0.50,0.54,2.71,0.64,0.79,0.29,0.11,0.00,32.1,0.14,0.79,Matchs
1446,Grejohn Kyei,fr FRA,AT,Clermont Foot,fr Ligue 1,26,1995,24.8,21.3,19.2,1.81,0.00,0.04,0.16,0.28,0.00,0.00,0.00,0.00,0.00,15.2,0.20,0.65,Matchs
1447,Daniel Kyereh,gh GHA,"MT,AT",Freiburg,de Bundesliga,26,1996,6.2,29.4,28.4,0.81,0.16,0.00,0.00,0.48,0.00,0.32,0.00,0.16,0.00,22.4,0.16,1.13,Matchs
1448,Giorgos Kyriakopoulos,gr GRE,"DF,AT",Bologna,it Serie A,26,1996,7.8,52.9,45.1,7.56,1.54,0.00,0.00,4.87,4.74,1.28,1.15,0.13,0.00,40.8,0.26,1.28,Matchs
1449,Giorgos Kyriakopoulos,gr GRE,"AT,DF",Sassuolo,it Serie A,26,1996,8.5,46.0,39.1,6.59,0.82,0.00,0.71,4.59,4.59,1.18,0.24,0.59,0.00,35.3,0.35,01.06,Matchs
1450,César de la Hoz,es ESP,MT,Almería,es La Liga,30,1992,18.6,29.9,28.9,0.70,0.70,0.05,0.32,0.16,0.00,0.00,0.00,0.00,0.00,23.4,0.27,0.38,Matchs
Clt,Joueur,Nation,Pos,Équipe,Comp,Âge,Naissance,90,Att,Action de jeu,Coup de pied arrêté,CF,Tr,Tr,Ctr,PCF,Co,Rentrant,Sortant,Droit,Cmp,HJ,Balles contrées,Matchs
1451,Luca de la Torre,us USA,MT,Celta Vigo,es La Liga,24,1998,16.5,37.2,36.4,0.30,0.24,0.12,0.12,1.27,0.06,0.00,0.00,0.00,0.00,30.9,0.48,1.15,Matchs
1452,Rémy Labeau Lascary,gp GLP,"AT,MT",Lens,fr Ligue 1,19,2003,1.4,20.7,20.7,0.00,0.00,0.00,0.00,2.14,0.00,0.00,0.00,0.00,0.00,16.4,0.00,0.71,Matchs
1453,Gaëtan Laborde,fr FRA,AT,Nice,fr Ligue 1,28,1994,27.8,25.7,23.8,1.69,0.04,0.11,0.07,2.55,0.07,0.86,0.43,0.40,0.00,16.9,0.14,01.04,Matchs
1454,Gaëtan Laborde,fr FRA,AT,Rennes,fr Ligue 1,28,1994,2.8,21.8,19.3,2.50,0.00,0.00,0.00,01.07,0.00,0.00,0.00,0.00,0.00,14.6,0.00,2.14,Matchs
1455,Alexandre Lacazette,fr FRA,AT,Lyon,fr Ligue 1,31,1991,32.5,28.2,26.0,1.88,0.25,0.25,0.12,01.08,0.03,0.18,0.03,0.12,0.00,20.3,0.34,0.92,Matchs
1456,Qazim Laçi,al ALB,MT,Ajaccio,fr Ligue 1,26,1996,2.4,59.2,55.8,3.33,02.08,0.00,0.42,3.33,0.00,1.25,0.42,0.83,0.00,46.3,0.00,0.83,Matchs
1457,Maxence Lacroix,fr FRA,DF,Wolfsburg,de Bundesliga,22,2000,18.1,60.5,56.9,3.54,2.65,0.06,0.61,0.17,0.28,0.00,0.00,0.00,0.00,52.6,0.11,0.33,Matchs
1458,Alban Lafont,fr FRA,GB,Nantes,fr Ligue 1,23,1999,37.0,32.2,22.7,9.43,2.76,0.00,0.24,0.00,0.00,0.00,0.00,0.00,0.00,22.6,0.05,0.05,Matchs
1459,Aïssa Laïdouni,tn TUN,MT,Union Berlin,de Bundesliga,25,1996,9.7,33.0,32.0,0.82,0.21,0.41,0.21,1.13,0.21,0.00,0.00,0.00,0.00,24.3,0.21,1.13,Matchs
1460,Konrad Laimer,at AUT,MT,RB Leipzig,de Bundesliga,25,1997,16.3,46.1,44.2,1.72,1.17,0.43,0.31,0.74,0.55,0.00,0.00,0.00,0.00,36.6,0.18,1.35,Matchs
1461,Stefan Lainer,at AUT,DF,M'Gladbach,de Bundesliga,29,1992,9.1,67.9,58.9,8.79,0.66,0.22,0.11,1.98,08.02,0.00,0.00,0.00,0.00,55.1,0.22,1.43,Matchs
1462,Kenny Lala,fr FRA,DF,Brest,fr Ligue 1,30,1991,15.7,55.7,42.5,12.9,2.55,0.13,0.38,04.08,9.36,01.02,0.32,0.64,0.00,42.0,0.19,1.40,Matchs
1463,Adam Lallana,eng ENG,"MT,AT",Brighton,eng Premier League,34,1988,8.0,39.6,38.0,1.38,0.25,0.00,0.00,0.38,0.25,0.13,0.00,0.00,0.00,32.8,0.25,0.63,Matchs
1464,Vassilis Lambropoulos,gr GRE,DF,Bochum,de Bundesliga,32,1990,7.0,34.3,32.9,1.43,0.71,0.00,0.14,0.00,0.71,0.00,0.00,0.00,0.00,23.3,0.00,0.14,Matchs
1465,Érik Lamela,ar ARG,"AT,MT",Sevilla,es La Liga,30,1992,20.5,37.6,35.7,1.46,0.29,0.05,0.00,1.61,0.29,0.73,0.24,0.15,0.00,28.7,0.39,1.61,Matchs
1466,Mohamed Lamine Bayo,gn GUI,"AT,MT",Lille,fr Ligue 1,24,1998,7.2,17.9,16.4,1.53,0.00,0.00,0.00,0.28,0.00,0.00,0.00,0.00,0.00,11.3,0.00,0.56,Matchs
1467,Sam Lammers,nl NED,AT,Sampdoria,it Serie A,25,1997,12.2,20.8,20.0,0.74,0.00,0.08,0.00,0.16,0.16,0.00,0.00,0.00,0.00,14.1,0.08,0.74,Matchs
1468,Sam Lammers,nl NED,AT,Empoli,it Serie A,25,1997,9.8,23.5,23.1,0.31,0.00,0.00,0.00,0.41,0.00,0.00,0.00,0.00,0.00,14.6,0.10,0.82,Matchs
1469,Tariq Lamptey,gh GHA,DF,Brighton,eng Premier League,21,2000,5.0,60.4,51.6,8.80,1.00,0.20,0.20,6.20,7.80,0.00,0.00,0.00,0.00,47.8,0.00,1.20,Matchs
1470,Manuel Lanzini,ar ARG,"MT,AT",West Ham,eng Premier League,29,1993,2.8,62.5,61.8,0.71,0.00,0.00,0.00,0.71,0.00,0.00,0.00,0.00,0.00,52.1,0.00,1.79,Matchs
1471,Aymeric Laporte,es ESP,DF,Manchester City,eng Premier League,28,1994,11.0,87.6,84.2,3.36,1.91,0.09,0.55,0.55,0.91,0.00,0.00,0.00,0.00,81.1,0.09,0.45,Matchs
1472,Julien Laporte,fr FRA,DF,Lorient,fr Ligue 1,28,1993,18.4,43.4,42.3,0.98,0.65,0.00,0.54,0.00,0.11,0.00,0.00,0.00,0.00,37.0,0.11,0.33,Matchs
1473,Cyle Larin,ca CAN,AT,Valladolid,es La Liga,27,1995,16.3,15.2,14.8,0.37,0.00,0.06,0.12,0.37,0.00,0.00,0.00,0.00,0.00,10.4,0.00,0.98,Matchs
1474,Juan Larios,es ESP,DF,Southampton,eng Premier League,18,2004,1.7,48.2,34.7,13.5,0.00,0.00,0.00,2.35,13.5,0.00,0.00,0.00,0.00,37.1,0.00,1.18,Matchs
1475,Yasser Larouci,dz ALG,"DF,MT",Troyes,fr Ligue 1,21,2001,20.0,41.2,32.8,8.30,0.60,0.25,0.00,2.50,7.40,0.25,0.15,0.00,0.00,31.1,0.15,1.00,Matchs
Clt,Joueur,Nation,Pos,Équipe,Comp,Âge,Naissance,90,Att,Action de jeu,Coup de pied arrêté,CF,Tr,Tr,Ctr,PCF,Co,Rentrant,Sortant,Droit,Cmp,HJ,Balles contrées,Matchs
1476,Jordan Larsson,se SWE,"AT,MT",Schalke 04,de Bundesliga,25,1997,5.1,22.9,22.0,0.98,0.20,0.00,0.20,0.39,0.39,0.39,0.20,0.20,0.00,17.1,0.00,0.98,Matchs
1477,Kevin Lasagna,it ITA,"AT,MT",Hellas Verona,it Serie A,29,1992,17.5,14.7,13.5,0.91,0.06,0.00,0.06,0.74,0.17,0.00,0.00,0.00,0.00,8.97,0.34,0.97,Matchs
1478,Jamaal Lascelles,eng ENG,DF,Newcastle Utd,eng Premier League,28,1993,2.4,38.8,38.8,0.00,0.00,0.00,0.00,0.00,0.00,0.00,0.00,0.00,0.00,32.9,0.00,0.00,Matchs
1479,Juanmi Latasa,es ESP,AT,Getafe,es La Liga,21,2001,5.0,32.8,31.8,0.60,0.00,0.00,0.20,0.40,0.00,0.00,0.00,0.00,0.00,16.0,0.40,1.40,Matchs
1480,Toni Lato,es ESP,"DF,MT",Valencia,es La Liga,24,1997,10.2,48.0,40.9,07.06,0.98,0.10,0.29,3.14,4.90,1.18,0.20,0.59,0.00,38.2,0.10,0.88,Matchs
1481,Danny Latza,de GER,MT,Schalke 04,de Bundesliga,32,1989,9.5,41.5,37.5,3.89,1.79,0.21,0.21,2.11,0.21,01.05,0.53,0.32,0.11,32.6,0.11,01.05,Matchs
1482,Armand Lauriente,fr FRA,AT,Sassuolo,it Serie A,23,1998,24.2,33.3,30.2,03.02,0.87,0.08,0.21,4.55,0.29,1.82,01.07,0.33,0.00,23.6,0.00,1.20,Matchs
1483,Armand Lauriente,fr FRA,AT,Lorient,fr Ligue 1,23,1998,3.0,31.7,30.7,1.00,0.33,0.67,0.00,2.00,0.00,0.67,0.33,0.33,0.00,24.3,0.00,0.33,Matchs
1484,Roméo Lavia,be BEL,MT,Southampton,eng Premier League,18,2004,24.7,40.4,39.9,0.40,0.20,0.20,0.36,0.12,0.04,0.16,0.00,0.00,0.08,34.8,0.08,0.89,Matchs
1485,Lázaro,br BRA,"AT,MT",Almería,es La Liga,20,2002,8.0,27.3,25.5,1.75,0.13,0.00,0.63,1.13,0.13,0.38,0.25,0.00,0.00,21.3,0.00,0.63,Matchs
1486,Valentino Lazaro,at AUT,DF,Torino,it Serie A,26,1996,15.3,59.0,45.3,13.4,1.44,0.00,0.07,5.62,9.28,2.68,0.92,1.11,0.07,44.1,0.26,1.31,Matchs
1487,Marko Lazetić,rs SRB,AT,Milan,it Serie A,18,2004,0.1,10.0,10.0,0.00,0.00,0.00,0.00,0.00,0.00,0.00,0.00,0.00,0.00,10.0,0.00,0.00,Matchs
1488,Darko Lazović,rs SRB,"MT,DF",Hellas Verona,it Serie A,31,1990,24.9,33.6,28.5,4.70,0.40,0.24,0.04,4.94,2.77,1.49,0.60,0.64,0.00,20.8,0.36,1.53,Matchs
1489,Manuel Lazzari,it ITA,DF,Lazio,it Serie A,28,1993,20.9,56.6,47.2,9.28,0.81,0.00,0.10,1.72,8.47,0.00,0.00,0.00,0.00,49.4,0.10,1.20,Matchs
1490,Théo Le Bris,fr FRA,"MT,DF",Lorient,fr Ligue 1,19,2002,16.1,38.0,34.2,3.60,0.43,0.00,0.00,0.81,2.92,0.00,0.00,0.00,0.00,30.5,0.19,1.18,Matchs
1491,Julien Le Cardinal,fr FRA,DF,Lens,fr Ligue 1,24,1997,1.8,67.2,56.7,10.6,0.00,0.00,0.00,5.56,10.6,0.00,0.00,0.00,0.00,50.0,0.00,1.67,Matchs
1492,Jérémy Le Douaron,fr FRA,"MT,AT",Brest,fr Ligue 1,24,1998,23.0,17.0,16.3,0.39,0.00,0.04,0.09,1.39,0.04,0.00,0.00,0.00,0.00,11.5,0.22,0.83,Matchs
1493,Enzo Le Fée,fr FRA,MT,Lorient,fr Ligue 1,22,2000,33.6,63.0,55.4,7.41,03.07,0.33,0.39,04.05,0.39,2.80,1.16,1.13,0.06,50.8,0.18,1.43,Matchs
1494,Vincent Le Goff,fr FRA,DF,Lorient,fr Ligue 1,32,1989,37.0,55.2,46.4,8.70,1.70,0.05,0.05,01.05,7.00,0.00,0.00,0.00,0.00,46.0,0.16,0.97,Matchs
1495,Maxime Le Marchand,fr FRA,DF,Strasbourg,fr Ligue 1,32,1989,22.4,53.9,50.4,3.39,1.96,0.00,0.63,0.49,0.71,0.00,0.00,0.00,0.00,42.8,0.09,0.54,Matchs
1496,Robin Le Normand,es ESP,DF,Real Sociedad,es La Liga,25,1996,31.1,55.9,53.2,2.73,1.96,0.06,0.23,0.03,0.10,0.00,0.00,0.00,0.00,49.3,0.06,0.13,Matchs
1497,Rafael Leão,pt POR,"AT,MT",Milan,it Serie A,23,1999,26.9,31.4,29.8,1.45,0.11,0.19,0.63,2.64,01.04,0.26,0.00,0.00,0.00,22.1,0.15,01.08,Matchs
1498,Paolo Lebas,fr FRA,MT,Ajaccio,fr Ligue 1,19,2003,0.6,26.7,25.0,1.67,1.67,0.00,0.00,0.00,0.00,0.00,0.00,0.00,0.00,20.0,0.00,0.00,Matchs
1499,Jean-Louis Leca,fr FRA,GB,Lens,fr Ligue 1,36,1985,1.0,39.0,28.0,11.0,1.00,0.00,1.00,0.00,0.00,0.00,0.00,0.00,0.00,32.0,0.00,0.00,Matchs
1500,Benjamin Lecomte,fr FRA,GB,Espanyol,es La Liga,31,1991,10.0,27.5,14.9,12.3,4.30,0.00,0.20,0.00,0.00,0.00,0.00,0.00,0.00,17.9,0.30,0.00,Matchs
Clt,Joueur,Nation,Pos,Équipe,Comp,Âge,Naissance,90,Att,Action de jeu,Coup de pied arrêté,CF,Tr,Tr,Ctr,PCF,Co,Rentrant,Sortant,Droit,Cmp,HJ,Balles contrées,Matchs
1501,Benjamin Lecomte,fr FRA,GB,Montpellier,fr Ligue 1,31,1991,19.0,33.8,21.9,11.7,03.05,0.00,0.21,0.00,0.00,0.00,0.00,0.00,0.00,21.6,0.16,0.00,Matchs
1502,Jeremías Ledesma,ar ARG,GB,Cádiz,es La Liga,29,1993,34.0,32.8,19.8,12.8,4.41,0.00,0.09,0.00,0.00,0.00,0.00,0.00,0.00,17.2,0.15,0.00,Matchs
1503,Pierre Lees-Melou,fr FRA,MT,Brest,fr Ligue 1,29,1993,30.7,47.6,45.5,1.99,1.79,0.26,1.21,1.34,0.16,0.03,0.03,0.00,0.00,39.0,0.07,0.78,Matchs
1504,Diogo Leite,pt POR,DF,Union Berlin,de Bundesliga,23,1999,25.0,54.6,51.6,2.84,1.40,0.00,0.36,0.16,0.24,0.00,0.00,0.00,0.00,42.8,0.16,0.64,Matchs
1505,Maxim Leitsch,de GER,DF,Mainz 05,de Bundesliga,24,1998,7.4,44.3,43.1,1.22,0.81,0.00,0.27,0.00,0.14,0.00,0.00,0.00,0.00,33.6,0.00,0.27,Matchs
1506,Florian Lejeune,fr FRA,DF,Rayo Vallecano,es La Liga,31,1991,28.5,49.7,46.6,2.88,2.49,0.04,1.33,0.32,0.21,0.14,0.14,0.00,0.00,38.9,0.21,0.39,Matchs
1507,Iñigo Lekue,es ESP,DF,Athletic Club,es La Liga,29,1993,14.7,54.9,45.4,9.32,01.09,0.00,0.27,2.93,8.10,0.14,0.00,0.07,0.00,42.4,0.14,1.22,Matchs
1508,Thomas Lemar,fr FRA,MT,Atlético Madrid,es La Liga,26,1995,13.9,58.6,55.8,2.59,0.72,0.43,0.50,3.17,0.65,01.08,0.36,0.50,0.00,49.6,0.14,1.15,Matchs
1509,Félix Lemaréchal,fr FRA,MT,Brest,fr Ligue 1,18,2003,3.2,35.3,32.2,3.13,1.25,0.00,0.00,2.19,0.31,0.94,0.94,0.00,0.00,27.8,0.00,0.63,Matchs
1510,Dexter Lembikisa,jm JAM,DF,Wolves,eng Premier League,18,2003,0.3,43.3,40.0,3.33,0.00,0.00,0.00,3.33,3.33,0.00,0.00,0.00,0.00,33.3,0.00,6.67,Matchs
1511,Mario Lemina,ga GAB,MT,Wolves,eng Premier League,28,1993,14.4,45.2,44.8,0.35,0.35,0.07,0.28,0.21,0.00,0.00,0.00,0.00,0.00,39.3,0.07,0.63,Matchs
1512,Mario Lemina,ga GAB,"MT,DF",Nice,fr Ligue 1,28,1993,9.3,68.5,67.6,0.54,0.54,0.11,0.65,0.22,0.00,0.00,0.00,0.00,0.00,61.2,0.32,0.43,Matchs
1513,Tim Lemperle,de GER,"AT,MT",Köln,de Bundesliga,20,2002,1.5,35.3,34.0,0.67,0.00,1.33,0.00,0.67,0.00,0.00,0.00,0.00,0.00,18.7,0.67,2.00,Matchs
1514,Clément Lenglet,fr FRA,DF,Tottenham,eng Premier League,27,1995,22.4,65.4,63.9,1.29,0.98,0.22,0.89,0.71,0.27,0.00,0.00,0.00,0.00,56.7,0.22,0.49,Matchs
1515,Bernd Leno,de GER,GB,Fulham,eng Premier League,30,1992,36.0,38.8,28.9,9.83,3.11,0.00,0.06,0.00,0.00,0.00,0.00,0.00,0.00,30.8,0.06,0.00,Matchs
1516,Christopher Lenz,de GER,DF,Eint Frankfurt,de Bundesliga,27,1994,14.3,57.6,45.1,12.3,2.24,0.00,0.35,6.50,07.06,03.01,1.40,0.98,0.00,43.4,0.21,1.19,Matchs
1517,Donovan Léon,gf GUF,GB,Auxerre,fr Ligue 1,29,1992,2.0,39.5,25.0,14.5,2.50,0.00,0.00,0.00,0.00,0.00,0.00,0.00,0.00,19.0,0.00,0.00,Matchs
1518,Sergio León,es ESP,AT,Valladolid,es La Liga,33,1989,14.8,13.9,11.6,02.09,0.00,0.00,0.41,0.61,0.14,0.00,0.00,0.00,0.00,9.32,0.20,0.41,Matchs
1519,Johann Lepenant,fr FRA,MT,Lyon,fr Ligue 1,19,2002,21.5,60.5,59.7,0.79,0.56,0.14,0.19,0.42,0.23,0.00,0.00,0.00,0.00,54.1,0.00,1.12,Matchs
1520,Mehdi Léris,dz ALG,"MT,DF",Sampdoria,it Serie A,24,1998,27.3,34.1,32.2,1.72,0.18,0.15,0.22,02.09,1.50,0.00,0.00,0.00,0.00,22.6,0.22,1.50,Matchs
1521,Jefferson Lerma,co COL,MT,Bournemouth,eng Premier League,27,1994,36.1,44.6,43.0,1.63,1.27,0.19,0.19,0.30,0.30,0.00,0.00,0.00,0.00,36.5,0.03,0.66,Matchs
1522,Benjamin Leroy,fr FRA,GB,Ajaccio,fr Ligue 1,33,1989,31.1,28.1,16.9,11.0,4.21,0.00,0.00,0.00,0.00,0.00,0.00,0.00,0.00,17.1,0.19,0.00,Matchs
1523,Léo Leroy,fr FRA,MT,Montpellier,fr Ligue 1,22,2000,13.2,39.5,38.6,0.45,0.38,0.30,0.68,0.76,0.00,0.08,0.00,0.00,0.00,29.3,0.45,1.21,Matchs
1524,Alexandre Letellier,fr FRA,GB,Paris S-G,fr Ligue 1,31,1990,0.1,40.0,30.0,10.0,0.00,0.00,0.00,0.00,0.00,0.00,0.00,0.00,0.00,40.0,0.00,0.00,Matchs
1525,Ruan Levine,br BRA,"MT,AT",Ajaccio,fr Ligue 1,23,1999,0.3,46.7,46.7,0.00,0.00,0.00,0.00,0.00,0.00,0.00,0.00,0.00,0.00,43.3,0.00,3.33,Matchs
Clt,Joueur,Nation,Pos,Équipe,Comp,Âge,Naissance,90,Att,Action de jeu,Coup de pied arrêté,CF,Tr,Tr,Ctr,PCF,Co,Rentrant,Sortant,Droit,Cmp,HJ,Balles contrées,Matchs
1526,Robert Lewandowski,pl POL,AT,Barcelona,es La Liga,33,1988,31.6,25.1,24.3,0.44,0.13,0.51,0.16,0.60,0.00,0.00,0.00,0.00,0.00,19.1,0.38,0.76,Matchs
1527,Jamie Leweling,de GER,"AT,MT",Union Berlin,de Bundesliga,21,2001,2.9,19.7,19.0,0.69,0.00,0.00,0.00,3.45,0.34,0.00,0.00,0.00,0.00,13.4,0.00,0.69,Matchs
1528,Jamal Lewis,nir NIR,"DF,AT",Newcastle Utd,eng Premier League,24,1998,0.1,140.0,140.0,0.00,0.00,0.00,0.00,0.00,0.00,0.00,0.00,0.00,0.00,120.0,0.00,10.0,Matchs
1529,Rico Lewis,eng ENG,"DF,MT",Manchester City,eng Premier League,17,2004,10.0,67.5,63.3,4.10,0.70,0.10,0.00,0.50,3.10,0.00,0.00,0.00,0.00,61.7,0.10,0.90,Matchs
1530,Keane Lewis-Potter,eng ENG,"AT,MT",Brentford,eng Premier League,21,2001,3.6,23.9,23.1,0.83,0.00,0.28,0.28,2.22,0.56,0.00,0.00,0.00,0.00,13.6,0.00,0.83,Matchs
1531,Dimitri Liénard,fr FRA,"DF,MT",Strasbourg,fr Ligue 1,34,1988,17.1,57.4,45.9,11.3,2.34,0.00,0.70,6.96,5.85,2.98,0.88,1.64,0.06,42.6,0.23,0.99,Matchs
1532,Philipp Lienhart,at AUT,DF,Freiburg,de Bundesliga,26,1996,27.8,58.0,54.6,3.24,1.69,0.11,0.76,0.04,0.61,0.00,0.00,0.00,0.00,49.2,0.11,0.40,Matchs
1533,Matthijs de Ligt,nl NED,DF,Bayern Munich,de Bundesliga,22,1999,26.7,78.2,76.3,1.69,1.42,0.00,0.56,0.07,0.22,0.00,0.00,0.00,0.00,71.2,0.19,0.30,Matchs
1534,Dimitris Limnios,gr GRE,AT,Köln,de Bundesliga,24,1998,0.4,57.5,50.0,7.50,0.00,0.00,0.00,15.0,0.00,7.50,2.50,5.00,0.00,32.5,0.00,5.00,Matchs
1535,Victor Lindelöf,se SWE,DF,Manchester Utd,eng Premier League,28,1994,15.2,61.2,59.5,1.64,0.86,0.13,0.07,0.07,0.07,0.00,0.00,0.00,0.00,57.0,0.00,0.07,Matchs
1536,Jesper Lindstrøm,dk DEN,"MT,AT",Eint Frankfurt,de Bundesliga,22,2000,18.7,27.5,25.1,2.25,0.37,0.21,0.00,2.46,0.37,1.28,0.75,0.32,0.00,17.4,0.16,1.28,Matchs
1537,Karol Linetty,pl POL,MT,Torino,it Serie A,27,1995,21.0,46.0,43.5,2.33,1.52,0.14,0.48,1.00,0.05,0.76,0.24,0.38,0.00,39.6,0.19,0.48,Matchs
1538,Jesse Lingard,eng ENG,"AT,MT",Nott'ham Forest,eng Premier League,29,1992,10.3,28.8,26.3,2.33,0.68,0.10,0.39,0.49,0.78,0.00,0.00,0.00,0.00,22.9,0.19,0.49,Matchs
1539,Samuel Lino,br BRA,"AT,MT",Valencia,es La Liga,22,1999,32.1,36.2,34.9,1.15,0.16,0.16,0.06,2.55,0.69,0.31,0.03,0.06,0.00,27.4,0.16,1.78,Matchs
1540,Pol Lirola,es ESP,DF,Elche,es La Liga,24,1997,7.0,46.4,37.1,9.29,0.86,0.00,0.43,4.57,8.43,0.00,0.00,0.00,0.00,34.3,0.00,1.57,Matchs
1541,Mateusz Lis,pl POL,GB,Troyes,fr Ligue 1,25,1997,8.3,37.8,24.3,13.4,3.98,0.00,0.00,0.00,0.00,0.00,0.00,0.00,0.00,25.7,0.12,0.00,Matchs
1542,Marcin Listkowski,pl POL,"MT,AT",Lecce,it Serie A,24,1998,0.9,26.7,25.6,1.11,0.00,0.00,0.00,3.33,1.11,0.00,0.00,0.00,0.00,17.8,0.00,0.00,Matchs
1543,Valentino Livramento,eng ENG,"DF,AT",Southampton,eng Premier League,19,2002,0.3,86.7,60.0,26.7,3.33,0.00,0.00,0.00,23.3,0.00,0.00,0.00,0.00,70.0,0.00,3.33,Matchs
1544,Dejan Ljubicic,at AUT,"MT,AT",Köln,de Bundesliga,24,1997,19.0,32.4,31.5,0.53,0.05,0.11,0.11,2.21,0.11,0.11,0.05,0.05,0.00,23.4,0.37,1.26,Matchs
1545,Javier Llabrés,es ESP,AT,Mallorca,es La Liga,19,2002,0.2,20.0,20.0,0.00,0.00,0.00,0.00,0.00,0.00,0.00,0.00,0.00,0.00,20.0,0.00,0.00,Matchs
1546,Diego Llorente,es ESP,DF,Leeds United,eng Premier League,28,1993,7.2,59.6,57.9,1.53,1.39,0.00,0.56,0.14,0.00,0.00,0.00,0.00,0.00,49.4,0.14,0.28,Matchs
1547,Diego Llorente,es ESP,DF,Roma,it Serie A,28,1993,6.4,46.9,45.9,0.63,0.63,0.00,0.31,0.00,0.00,0.00,0.00,0.00,0.00,41.3,0.31,0.31,Matchs
1548,Marcos Llorente,es ESP,"MT,DF",Atlético Madrid,es La Liga,27,1995,18.9,43.2,40.2,2.80,0.00,0.05,0.21,2.33,2.80,0.00,0.00,0.00,0.00,34.9,0.21,1.38,Matchs
1549,Hugo Lloris,fr FRA,GB,Tottenham,eng Premier League,35,1986,24.5,29.7,20.9,8.65,01.06,0.00,0.00,0.00,0.00,0.00,0.00,0.00,0.00,22.9,0.12,0.04,Matchs
1550,Giovani Lo Celso,ar ARG,"MT,AT",Villarreal,es La Liga,26,1996,12.5,55.5,51.4,3.76,0.64,0.88,1.36,2.48,0.56,2.16,1.36,0.00,0.00,46.2,0.32,1.12,Matchs
Clt,Joueur,Nation,Pos,Équipe,Comp,Âge,Naissance,90,Att,Action de jeu,Coup de pied arrêté,CF,Tr,Tr,Ctr,PCF,Co,Rentrant,Sortant,Droit,Cmp,HJ,Balles contrées,Matchs
1551,Stanislav Lobotka,sk SVK,MT,Napoli,it Serie A,27,1994,34.5,66.7,65.3,1.36,0.96,0.00,0.41,0.06,0.06,0.00,0.00,0.00,0.00,62.7,0.06,0.29,Matchs
1552,Manuel Locatelli,it ITA,MT,Juventus,it Serie A,24,1998,27.2,50.1,47.6,2.35,1.91,0.04,0.74,0.48,0.22,0.15,0.00,0.11,0.00,41.0,0.15,01.03,Matchs
1553,Luka Lochoshvili,ge GEO,DF,Cremonese,it Serie A,24,1998,20.4,38.8,37.1,1.62,1.32,0.00,0.10,0.29,0.25,0.00,0.00,0.00,0.00,30.7,0.10,0.34,Matchs
1554,Bradley Locko,fr FRA,DF,Reims,fr Ligue 1,20,2002,11.8,39.8,30.6,8.98,0.42,0.08,0.25,1.10,8.56,0.00,0.00,0.00,0.00,30.7,0.25,0.85,Matchs
1555,Bradley Locko,fr FRA,DF,Brest,fr Ligue 1,20,2002,3.0,42.3,33.0,9.33,0.33,0.00,0.00,2.00,9.00,0.00,0.00,0.00,0.00,33.0,0.00,0.00,Matchs
1556,Renan Lodi,br BRA,DF,Nott'ham Forest,eng Premier League,24,1998,24.6,35.7,27.8,7.68,1.79,0.00,0.12,03.05,5.28,0.61,0.49,0.08,0.00,23.7,0.16,1.18,Matchs
1557,Ruben Loftus-Cheek,eng ENG,"MT,DF",Chelsea,eng Premier League,26,1996,17.1,53.0,50.2,2.57,0.64,0.06,0.35,1.11,1.87,0.00,0.00,0.00,0.00,45.7,0.29,1.17,Matchs
1558,Sean Longstaff,eng ENG,MT,Newcastle Utd,eng Premier League,24,1997,28.0,41.5,39.9,1.46,0.25,0.25,0.21,01.07,0.14,0.11,0.00,0.00,0.00,33.7,0.14,1.11,Matchs
1559,Ademola Lookman,ng NGA,"AT,MT",Atalanta,it Serie A,24,1997,19.2,33.8,31.3,2.40,0.36,0.31,0.16,1.98,0.57,0.83,0.10,0.36,0.00,25.6,0.10,1.30,Matchs
1560,Anthony Lopes,pt POR,GB,Lyon,fr Ligue 1,31,1990,31.3,32.8,23.7,8.95,3.10,0.00,0.03,0.00,0.00,0.00,0.00,0.00,0.00,25.3,0.16,0.00,Matchs
1561,Rony Lopes,pt POR,"MT,AT",Troyes,fr Ligue 1,26,1995,26.1,33.4,28.6,4.52,1.38,0.19,0.46,4.18,0.11,2.49,01.03,0.88,0.00,23.1,0.27,1.23,Matchs
1562,David López,es ESP,DF,Girona,es La Liga,32,1989,18.4,65.4,61.8,3.37,2.61,0.00,0.27,0.00,0.16,0.00,0.00,0.00,0.00,58.8,0.16,0.27,Matchs
1563,Diego López,es ESP,GB,Rayo Vallecano,es La Liga,40,1981,1.1,26.4,19.1,7.27,0.00,0.00,0.00,0.00,0.00,0.00,0.00,0.00,0.00,20.0,0.00,0.00,Matchs
1564,Diego López,es ESP,"AT,MT",Valencia,es La Liga,20,2002,5.0,30.2,29.8,0.20,0.20,0.40,0.20,2.40,0.00,0.00,0.00,0.00,0.00,20.2,0.20,1.40,Matchs
1565,Maxime Lopez,fr FRA,MT,Sassuolo,it Serie A,24,1997,25.5,65.6,63.0,2.35,1.73,0.12,0.35,0.98,0.12,0.47,0.08,0.24,0.00,57.7,0.27,0.55,Matchs
1566,Pau López,es ESP,GB,Marseille,fr Ligue 1,27,1994,32.5,34.3,26.8,7.48,2.18,0.03,0.09,0.00,0.00,0.00,0.00,0.00,0.00,27.0,0.09,0.06,Matchs
1567,Unai López,es ESP,MT,Rayo Vallecano,es La Liga,26,1995,13.9,66.8,60.1,6.19,3.17,0.00,1.29,3.96,0.50,1.94,0.72,0.58,0.07,53.6,0.58,1.29,Matchs
1568,Dion Lopy,sn SEN,MT,Reims,fr Ligue 1,20,2002,15.3,48.4,47.5,0.78,0.65,0.00,0.72,0.39,0.07,0.07,0.00,0.00,0.00,41.0,0.13,0.52,Matchs
1569,Anthony Losilla,fr FRA,MT,Bochum,de Bundesliga,36,1986,30.2,31.9,31.5,0.26,0.20,0.13,0.13,0.33,0.00,0.00,0.00,0.00,0.00,21.5,0.10,0.66,Matchs
1570,Jordan Lotomba,ch SUI,DF,Nice,fr Ligue 1,23,1998,27.3,51.7,43.0,8.68,0.70,0.07,0.00,1.76,7.99,0.00,0.00,0.00,0.00,43.3,0.07,1.39,Matchs
1571,Matteo Lovato,it ITA,DF,Salernitana,it Serie A,22,2000,9.0,36.1,34.1,1.89,1.89,0.11,0.33,0.00,0.00,0.00,0.00,0.00,0.00,30.4,0.11,0.22,Matchs
1572,Dejan Lovren,hr CRO,DF,Lyon,fr Ligue 1,33,1989,16.2,67.7,65.7,1.98,1.91,0.06,0.25,0.37,0.06,0.00,0.00,0.00,0.00,59.3,0.00,0.43,Matchs
1573,Sandi Lovrić,si SVN,MT,Udinese,it Serie A,24,1998,25.9,37.2,34.1,2.86,1.27,0.15,0.46,2.90,0.19,1.39,0.23,0.58,0.00,29.6,0.19,0.58,Matchs
1574,Jamal Lowe,jm JAM,"MT,AT",Bournemouth,eng Premier League,28,1994,0.1,40.0,40.0,0.00,0.00,0.00,0.00,0.00,0.00,0.00,0.00,0.00,0.00,20.0,0.00,10.0,Matchs
1575,Anthony Lozano,hn HON,AT,Cádiz,es La Liga,29,1993,16.0,18.3,17.7,0.56,0.00,0.06,0.06,0.44,0.06,0.00,0.00,0.00,0.00,12.4,0.06,0.81,Matchs
Clt,Joueur,Nation,Pos,Équipe,Comp,Âge,Naissance,90,Att,Action de jeu,Coup de pied arrêté,CF,Tr,Tr,Ctr,PCF,Co,Rentrant,Sortant,Droit,Cmp,HJ,Balles contrées,Matchs
1576,Hirving Lozano,mx MEX,AT,Napoli,it Serie A,27,1995,17.8,33.0,32.5,0.34,0.00,0.00,0.17,4.10,0.28,0.06,0.00,0.00,0.00,24.8,0.17,1.29,Matchs
1577,Pol Lozano,es ESP,MT,Espanyol,es La Liga,22,1999,0.2,40.0,40.0,0.00,0.00,0.00,0.00,5.00,0.00,0.00,0.00,0.00,0.00,25.0,0.00,0.00,Matchs
1578,Jean Lucas,br BRA,MT,Monaco,fr Ligue 1,24,1998,3.2,48.1,47.5,0.31,0.31,0.31,0.63,0.31,0.00,0.00,0.00,0.00,0.00,41.9,0.31,0.31,Matchs
1579,Jhon Lucumí,co COL,DF,Bologna,it Serie A,24,1998,32.2,60.6,58.1,2.42,1.83,0.09,0.75,0.03,0.06,0.00,0.00,0.00,0.00,53.8,0.09,0.47,Matchs
1580,José Luis Gayà,es ESP,DF,Valencia,es La Liga,27,1995,30.1,57.6,44.7,12.6,1.69,0.07,0.43,07.08,9.47,1.40,0.30,0.83,0.00,42.7,0.40,1.30,Matchs
1581,José Luis Morales,es ESP,"AT,MT",Villarreal,es La Liga,35,1987,13.5,19.1,17.6,1.33,0.00,0.15,0.07,0.96,0.30,0.00,0.00,0.00,0.00,13.4,0.22,01.04,Matchs
1582,José Luis Palomino,ar ARG,DF,Atalanta,it Serie A,32,1990,8.4,61.7,57.7,3.93,2.50,0.00,0.00,0.60,1.43,0.00,0.00,0.00,0.00,51.0,0.00,0.95,Matchs
1583,Douglas Luiz,br BRA,MT,Aston Villa,eng Premier League,24,1998,32.5,55.8,49.0,6.65,3.69,0.18,0.31,3.26,0.18,2.74,1.63,0.40,0.03,46.0,0.09,0.49,Matchs
1584,Romelu Lukaku,be BEL,AT,Inter,it Serie A,29,1993,18.4,22.0,20.9,0.98,0.00,0.27,0.11,1.30,0.00,0.00,0.00,0.00,0.00,15.1,0.11,01.03,Matchs
1585,Castello Lukeba,fr FRA,DF,Lyon,fr Ligue 1,19,2002,33.2,68.0,66.3,1.48,1.23,0.03,0.27,0.09,0.18,0.00,0.00,0.00,0.00,61.3,0.18,0.51,Matchs
1586,Dodi Lukebakio,be BEL,"AT,MT",Hertha BSC,de Bundesliga,24,1997,26.6,23.0,21.2,1.77,0.45,0.15,0.26,2.44,0.11,0.94,0.56,0.23,0.00,15.9,0.04,0.60,Matchs
1587,Saša Lukić,rs SRB,MT,Fulham,eng Premier League,25,1996,4.6,47.4,45.9,1.52,1.52,0.00,0.00,0.43,0.00,0.00,0.00,0.00,0.00,41.7,0.00,0.00,Matchs
1588,Saša Lukić,rs SRB,MT,Torino,it Serie A,25,1996,13.3,55.0,52.0,2.86,2.18,0.08,0.45,1.88,0.38,0.30,0.00,0.30,0.00,47.1,0.15,0.53,Matchs
1589,Andriy Lunin,ua UKR,GB,Real Madrid,es La Liga,23,1999,7.0,32.4,26.6,5.86,0.57,0.00,0.14,0.00,0.00,0.00,0.00,0.00,0.00,29.3,0.00,0.14,Matchs
1590,Andrey Lunyov,ru RUS,GB,Leverkusen,de Bundesliga,30,1991,1.0,44.0,39.0,5.00,2.00,0.00,0.00,0.00,0.00,0.00,0.00,0.00,0.00,35.0,0.00,0.00,Matchs
1591,Sebastiano Luperto,it ITA,DF,Empoli,it Serie A,25,1996,34.8,49.0,44.0,4.91,2.33,0.03,0.23,0.06,0.06,0.00,0.00,0.00,0.00,42.4,0.06,0.20,Matchs
1592,Lyanco,br BRA,DF,Southampton,eng Premier League,25,1997,13.1,42.6,37.7,4.81,1.15,0.23,0.46,0.53,3.66,0.00,0.00,0.00,0.00,30.5,0.08,0.53,Matchs
1593,Charalambos Lykogiannis,gr GRE,DF,Bologna,it Serie A,28,1993,12.3,59.4,48.9,10.3,0.98,0.08,0.81,5.61,8.46,0.89,0.49,0.24,0.00,42.1,0.24,2.28,Matchs
1594,Youssouf M'Changama,km COM,MT,Auxerre,fr Ligue 1,31,1990,12.0,40.8,38.6,2.17,01.08,0.17,0.92,2.92,0.17,0.83,0.33,0.50,0.00,32.0,0.00,1.00,Matchs
1595,Awer Mabil,au AUS,"MT,AT",Cádiz,es La Liga,26,1995,1.8,30.0,26.7,3.33,1.67,0.00,0.00,5.00,0.56,1.11,0.56,0.56,0.00,18.9,0.00,2.22,Matchs
1596,Alexis Mac Allister,ar ARG,MT,Brighton,eng Premier League,23,1998,32.1,57.4,55.6,1.62,01.09,0.47,0.34,0.90,0.16,0.37,0.22,0.12,0.00,49.4,0.22,1.34,Matchs
1597,Deiver Machado,co COL,"DF,MT",Lens,fr Ligue 1,28,1993,24.3,36.0,29.5,6.42,0.41,0.00,0.08,2.47,5.97,0.04,0.04,0.00,0.00,29.6,0.04,01.07,Matchs
1598,Darwin Machís,ve VEN,AT,Valladolid,es La Liga,29,1993,6.7,31.0,28.5,1.79,0.30,0.15,0.75,5.52,1.19,0.15,0.15,0.00,0.00,20.4,0.75,1.94,Matchs
1599,James Maddison,eng ENG,"MT,AT",Leicester City,eng Premier League,25,1996,27.6,41.7,36.2,5.14,2.17,0.47,0.29,4.46,0.14,2.50,1.34,0.72,0.11,30.6,0.36,01.05,Matchs
1600,Noni Madueke,eng ENG,AT,Chelsea,eng Premier League,20,2002,7.1,40.3,39.2,1.13,0.00,0.00,0.00,2.68,0.99,0.14,0.14,0.00,0.00,31.4,0.00,1.27,Matchs
Clt,Joueur,Nation,Pos,Équipe,Comp,Âge,Naissance,90,Att,Action de jeu,Coup de pied arrêté,CF,Tr,Tr,Ctr,PCF,Co,Rentrant,Sortant,Droit,Cmp,HJ,Balles contrées,Matchs
1601,Pablo Maffeo,es ESP,DF,Mallorca,es La Liga,25,1997,33.1,36.9,29.2,7.49,0.21,0.06,0.27,3.72,7.28,0.00,0.00,0.00,0.00,24.7,0.18,1.18,Matchs
1602,Lisandro Magallán,ar ARG,DF,Elche,es La Liga,28,1993,10.0,39.1,37.0,1.90,1.70,0.00,0.10,0.10,0.10,0.00,0.00,0.00,0.00,32.5,0.20,0.30,Matchs
1603,Soungoutou Magassa,fr FRA,MT,Monaco,fr Ligue 1,18,2003,0.9,37.8,34.4,2.22,2.22,0.00,0.00,0.00,0.00,0.00,0.00,0.00,0.00,30.0,1.11,0.00,Matchs
1604,Giulio Maggiore,it ITA,MT,Salernitana,it Serie A,24,1998,9.9,47.7,46.6,0.71,0.51,0.30,0.51,0.30,0.10,0.00,0.00,0.00,0.00,35.5,0.40,0.81,Matchs
1605,Giangiacomo Magnani,it ITA,DF,Hellas Verona,it Serie A,26,1995,17.0,29.4,28.5,0.71,0.47,0.00,0.35,0.24,0.24,0.00,0.00,0.00,0.00,21.6,0.12,0.12,Matchs
1606,Hugo Magnetti,fr FRA,MT,Brest,fr Ligue 1,24,1998,18.8,40.5,37.7,2.66,1.38,0.00,0.64,01.06,0.48,0.05,0.00,0.05,0.00,33.7,0.16,0.96,Matchs
1607,Yohann Magnin,fr FRA,MT,Clermont Foot,fr Ligue 1,25,1997,26.7,50.1,48.8,1.16,0.67,0.07,0.30,0.52,0.45,0.04,0.00,0.00,0.00,42.0,0.07,0.94,Matchs
1608,Harry Maguire,eng ENG,DF,Manchester Utd,eng Premier League,29,1993,8.5,67.9,66.4,1.41,1.29,0.00,01.06,0.12,0.12,0.00,0.00,0.00,0.00,57.8,0.12,0.35,Matchs
1609,Jon Magunacelaya,es ESP,"MT,AT",Real Sociedad,es La Liga,22,2000,0.7,22.9,21.4,1.43,1.43,0.00,0.00,2.86,0.00,0.00,0.00,0.00,0.00,11.4,0.00,1.43,Matchs
1610,Riyad Mahrez,dz ALG,"AT,MT",Manchester City,eng Premier League,31,1991,21.3,54.7,48.3,6.48,1.69,0.47,0.33,4.51,1.74,03.05,1.22,0.94,0.05,45.0,0.00,0.85,Matchs
1611,Arne Maier,de GER,MT,Augsburg,de Bundesliga,23,1999,21.8,30.2,27.0,3.12,0.96,0.28,0.09,2.94,0.50,1.47,0.60,0.78,0.00,19.3,0.09,1.24,Matchs
1612,Mike Maignan,fr FRA,GB,Milan,it Serie A,27,1995,22.0,37.0,31.7,05.09,1.23,0.00,0.00,0.00,0.00,0.00,0.00,0.00,0.00,30.6,0.18,0.00,Matchs
1613,Linton Maina,de GER,"AT,MT",Köln,de Bundesliga,23,1999,24.9,27.5,25.7,1.73,0.20,0.04,0.04,3.49,0.60,0.72,0.40,0.20,0.00,19.0,0.04,1.89,Matchs
1614,Kobbie Mainoo,eng ENG,MT,Manchester Utd,eng Premier League,17,2005,0.1,80.0,80.0,0.00,0.00,0.00,0.00,0.00,0.00,0.00,0.00,0.00,0.00,70.0,0.00,0.00,Matchs
1615,Ainsley Maitland-Niles,eng ENG,"DF,MT",Southampton,eng Premier League,24,1997,15.6,45.7,40.6,4.94,0.71,0.13,0.19,1.28,4.23,0.00,0.00,0.00,0.00,36.2,0.19,0.77,Matchs
1616,Jordan Majchrzak,pl POL,AT,Roma,it Serie A,17,2004,0.2,20.0,20.0,0.00,0.00,0.00,0.00,0.00,0.00,0.00,0.00,0.00,0.00,15.0,0.00,0.00,Matchs
1617,Lovro Majer,hr CRO,"MT,AT",Rennes,fr Ligue 1,24,1998,18.5,52.8,49.1,3.24,1.19,0.32,0.22,3.62,0.38,1.68,0.65,0.59,0.00,41.0,0.38,2.43,Matchs
1618,Jean-Victor Makengo,fr FRA,MT,Udinese,it Serie A,24,1998,8.9,35.5,35.4,0.11,0.11,0.00,0.00,0.67,0.00,0.00,0.00,0.00,0.00,29.7,0.00,01.01,Matchs
1619,Jean-Victor Makengo,fr FRA,MT,Lorient,fr Ligue 1,24,1998,11.8,45.8,44.5,01.02,0.76,0.17,0.08,0.08,0.17,0.00,0.00,0.00,0.00,40.3,0.25,0.42,Matchs
1620,Béni Makouana,cg CGO,"AT,MT",Montpellier,fr Ligue 1,19,2002,2.2,17.3,16.8,0.00,0.00,0.00,0.00,2.73,0.00,0.00,0.00,0.00,0.00,6.82,0.45,1.36,Matchs
1621,Nemanja Maksimović,rs SRB,MT,Getafe,es La Liga,27,1995,22.8,24.7,23.3,1.40,0.53,0.00,0.00,0.39,0.00,0.04,0.00,0.00,0.00,19.3,0.00,0.44,Matchs
1622,Tyrell Malacia,nl NED,DF,Manchester Utd,eng Premier League,22,1999,15.5,51.7,43.2,8.39,0.71,0.00,0.32,0.97,7.55,0.13,0.13,0.00,0.00,44.8,0.13,01.03,Matchs
1623,Lorenzo Malagrida,it ITA,"MT,DF",Sampdoria,it Serie A,18,2003,1.2,35.0,34.2,0.00,0.00,0.00,0.00,1.67,0.00,0.00,0.00,0.00,0.00,25.8,0.83,0.83,Matchs
1624,Daniel Maldini,it ITA,"AT,MT",Spezia,it Serie A,20,2001,7.0,26.7,23.4,3.14,0.57,0.00,0.14,2.71,0.14,1.29,1.14,0.14,0.00,17.9,0.14,1.00,Matchs
1625,Youssef Maleh,ma MAR,MT,Fiorentina,it Serie A,23,1998,3.3,35.2,33.6,1.21,0.91,0.00,0.30,2.12,0.30,0.00,0.00,0.00,0.00,28.8,0.30,0.61,Matchs
Clt,Joueur,Nation,Pos,Équipe,Comp,Âge,Naissance,90,Att,Action de jeu,Coup de pied arrêté,CF,Tr,Tr,Ctr,PCF,Co,Rentrant,Sortant,Droit,Cmp,HJ,Balles contrées,Matchs
1626,Youssef Maleh,ma MAR,MT,Lecce,it Serie A,23,1998,7.5,27.5,26.4,01.07,0.27,0.00,0.00,01.07,0.27,0.27,0.00,0.00,0.00,19.5,0.00,0.80,Matchs
1627,Donyell Malen,nl NED,AT,Dortmund,de Bundesliga,23,1999,19.0,32.9,30.9,1.79,0.11,0.05,0.26,3.63,0.37,1.21,0.74,0.26,0.00,24.4,0.21,1.26,Matchs
1628,Ruslan Malinovskyi,ua UKR,"MT,AT",Atalanta,it Serie A,29,1993,6.1,54.4,49.8,3.77,1.31,0.33,1.80,3.77,0.33,2.13,0.98,0.98,0.00,40.7,0.82,0.98,Matchs
1629,Ruslan Malinovskyi,ua UKR,"MT,AT",Marseille,fr Ligue 1,29,1993,13.6,39.9,37.1,2.50,0.81,0.22,0.29,2.79,0.44,1.25,0.51,0.51,0.00,30.2,0.37,01.03,Matchs
1630,Hugo Mallo,es ESP,DF,Celta Vigo,es La Liga,31,1991,24.0,59.5,49.5,9.75,1.42,0.04,0.42,2.79,8.33,0.00,0.00,0.00,0.00,45.6,0.25,1.21,Matchs
1631,Mickael Malsa,mq MTQ,MT,Valladolid,es La Liga,26,1995,0.8,25.0,25.0,0.00,0.00,0.00,0.00,0.00,0.00,0.00,0.00,0.00,0.00,16.3,0.00,1.25,Matchs
1632,Giorgi Mamardashvili,ge GEO,GB,Valencia,es La Liga,21,2000,38.0,28.6,19.5,9.00,2.71,0.00,0.08,0.00,0.00,0.00,0.00,0.00,0.00,18.3,0.11,0.03,Matchs
1633,Hianga Mananga Mbock,fr FRA,MT,Brest,fr Ligue 1,22,1999,0.2,50.0,50.0,0.00,0.00,0.00,0.00,5.00,0.00,0.00,0.00,0.00,0.00,40.0,0.00,0.00,Matchs
1634,Gianluca Mancini,it ITA,DF,Roma,it Serie A,26,1996,31.8,51.0,48.3,2.39,2.17,0.09,0.53,0.88,0.16,0.00,0.00,0.00,0.00,41.1,0.28,0.44,Matchs
1635,Steve Mandanda,fr FRA,GB,Rennes,fr Ligue 1,37,1985,33.5,36.3,27.4,8.87,3.13,0.00,0.00,0.00,0.00,0.00,0.00,0.00,0.00,27.4,0.06,0.00,Matchs
1636,Reinildo Mandava,mz MOZ,DF,Atlético Madrid,es La Liga,28,1994,20.6,51.8,45.9,5.87,1.17,0.00,0.19,0.78,4.71,0.00,0.00,0.00,0.00,44.6,0.05,0.87,Matchs
1637,Aïssa Mandi,dz ALG,DF,Villarreal,es La Liga,30,1991,16.2,56.2,52.9,3.21,1.48,0.06,0.74,0.12,1.48,0.00,0.00,0.00,0.00,51.0,0.12,0.25,Matchs
1638,Rolando Mandragora,it ITA,MT,Fiorentina,it Serie A,25,1997,21.7,45.3,40.8,4.38,2.40,0.05,0.78,3.41,0.28,1.66,0.74,0.69,0.00,36.4,0.14,0.78,Matchs
1639,Sadio Mané,sn SEN,"AT,MT",Bayern Munich,de Bundesliga,30,1992,15.8,26.5,24.7,1.46,0.13,0.19,0.19,1.39,0.32,0.06,0.00,0.00,0.00,19.4,0.32,1.96,Matchs
1640,Orel Mangala,be BEL,MT,Nott'ham Forest,eng Premier League,24,1998,17.2,29.9,29.5,0.23,0.17,0.06,0.06,0.35,0.00,0.00,0.00,0.00,0.00,23.9,0.12,0.64,Matchs
1641,Thomas Mangani,fr FRA,MT,Ajaccio,fr Ligue 1,35,1987,14.8,61.5,52.9,8.24,5.00,0.14,0.61,5.34,0.20,03.04,1.49,1.15,0.00,42.8,0.34,1.28,Matchs
1642,Vito Mannone,it ITA,GB,Lorient,fr Ligue 1,34,1988,17.9,32.6,23.3,9.27,03.02,0.00,0.00,0.00,0.00,0.00,0.00,0.00,0.00,24.8,0.00,0.00,Matchs
1643,Javier Manquillo,es ESP,DF,Newcastle Utd,eng Premier League,28,1994,0.4,72.5,62.5,10.0,2.50,0.00,0.00,2.50,7.50,0.00,0.00,0.00,0.00,60.0,0.00,0.00,Matchs
1644,Myziane Maolida,km COM,"MT,AT",Reims,fr Ligue 1,23,1999,2.6,40.0,39.2,0.77,0.00,0.00,0.38,1.54,0.77,0.00,0.00,0.00,0.00,28.8,0.00,1.92,Matchs
1645,Myziane Maolida,km COM,"AT,MT",Hertha BSC,de Bundesliga,23,1999,1.1,13.6,12.7,0.00,0.00,0.00,0.00,0.91,0.00,0.00,0.00,0.00,0.00,7.27,0.91,0.00,Matchs
1646,Faitout Maouassa,fr FRA,"AT,DF",Montpellier,fr Ligue 1,24,1998,21.4,30.4,24.7,5.47,0.33,0.05,0.23,3.79,4.30,0.84,0.47,0.28,0.00,20.4,0.28,1.36,Matchs
1647,Sekou Mara,fr FRA,"AT,MT",Southampton,eng Premier League,20,2002,6.2,17.3,16.5,0.32,0.00,0.16,0.00,0.16,0.00,0.00,0.00,0.00,0.00,11.0,0.48,0.65,Matchs
1648,Marcão,br BRA,DF,Sevilla,es La Liga,26,1996,4.2,51.7,49.8,1.43,1.19,0.00,0.71,0.00,0.00,0.00,0.00,0.00,0.00,44.5,0.48,0.71,Matchs
1649,Solly March,eng ENG,"AT,DF",Brighton,eng Premier League,28,1994,30.2,43.4,38.7,4.70,0.46,0.10,0.96,5.13,1.79,2.35,01.09,0.70,0.00,31.5,0.07,1.19,Matchs
1650,Agustín Marchesín,ar ARG,GB,Celta Vigo,es La Liga,34,1988,19.0,33.4,23.5,9.68,2.79,0.00,0.05,0.00,0.00,0.00,0.00,0.00,0.00,23.6,0.21,0.00,Matchs
Clt,Joueur,Nation,Pos,Équipe,Comp,Âge,Naissance,90,Att,Action de jeu,Coup de pied arrêté,CF,Tr,Tr,Ctr,PCF,Co,Rentrant,Sortant,Droit,Cmp,HJ,Balles contrées,Matchs
1651,Federico Marchetti,it ITA,GB,Spezia,it Serie A,39,1983,0.7,25.7,12.9,12.9,1.43,0.00,0.00,0.00,0.00,0.00,0.00,0.00,0.00,20.0,0.00,0.00,Matchs
1652,Vincent Marchetti,fr FRA,MT,Ajaccio,fr Ligue 1,25,1997,27.2,38.9,37.9,0.81,0.51,0.40,0.59,0.22,0.29,0.00,0.00,0.00,0.00,30.8,0.15,1.14,Matchs
1653,Riccardo Marchizza,it ITA,DF,Sassuolo,it Serie A,24,1998,3.1,58.4,47.7,10.6,1.29,0.00,0.97,5.81,08.06,1.29,0.00,1.29,0.00,44.2,0.00,1.29,Matchs
1654,Gian Marco Ferrari,it ITA,DF,Sassuolo,it Serie A,30,1992,24.7,52.4,47.1,5.14,3.36,0.00,0.65,0.24,0.20,0.00,0.00,0.00,0.00,45.0,0.16,0.16,Matchs
1655,Emiliano Marcondes,dk DEN,MT,Bournemouth,eng Premier League,27,1995,0.1,10.0,10.0,0.00,0.00,0.00,0.00,0.00,0.00,0.00,0.00,0.00,0.00,10.0,0.00,0.00,Matchs
1656,Óscar de Marcos,es ESP,DF,Athletic Club,es La Liga,33,1989,31.3,61.7,49.6,11.9,01.02,0.00,0.35,4.15,10.9,0.00,0.00,0.00,0.00,47.9,0.26,1.66,Matchs
1657,Alberto Marí,es ESP,"AT,MT",Valencia,es La Liga,21,2001,1.0,20.0,20.0,0.00,0.00,0.00,0.00,0.00,0.00,0.00,0.00,0.00,0.00,8.00,0.00,0.00,Matchs
1658,José Mari,es ESP,MT,Cádiz,es La Liga,34,1987,4.4,46.1,42.7,3.18,3.18,0.00,1.82,0.23,0.00,0.00,0.00,0.00,0.00,38.2,0.23,0.45,Matchs
1659,Pablo Marí,es ESP,DF,Monza,it Serie A,28,1993,27.6,58.7,55.9,2.57,1.45,0.00,0.25,0.04,0.29,0.00,0.00,0.00,0.00,51.8,0.22,0.33,Matchs
1660,José María Giménez,uy URU,DF,Atlético Madrid,es La Liga,27,1995,26.9,49.6,47.2,2.30,1.90,0.00,0.71,0.00,0.19,0.00,0.00,0.00,0.00,44.0,0.04,0.19,Matchs
1661,Mariano,do DOM,AT,Real Madrid,es La Liga,28,1993,1.7,24.1,22.9,0.59,0.00,0.00,0.59,0.00,0.00,0.00,0.00,0.00,0.00,18.8,0.59,0.00,Matchs
1662,Pablo Marín,es ESP,"MT,AT",Real Sociedad,es La Liga,19,2003,4.0,42.0,41.3,0.50,0.50,0.25,0.25,0.75,0.00,0.00,0.00,0.00,0.00,32.0,0.25,1.50,Matchs
1663,Răzvan Marin,ro ROU,MT,Empoli,it Serie A,26,1996,28.2,56.5,48.2,08.09,4.54,0.14,0.64,4.96,0.18,3.33,1.38,1.38,0.00,44.7,0.28,0.89,Matchs
1664,Diego Mariño,es ESP,GB,Almería,es La Liga,32,1990,0.5,16.0,4.00,12.0,2.00,0.00,0.00,0.00,0.00,0.00,0.00,0.00,0.00,14.0,0.00,0.00,Matchs
1665,Guillermo Maripán,cl CHI,DF,Monaco,fr Ligue 1,28,1994,24.0,48.4,46.7,1.71,1.50,0.00,0.29,0.04,0.00,0.00,0.00,0.00,0.00,42.3,0.04,0.38,Matchs
1666,Marlon,br BRA,DF,Monza,it Serie A,26,1995,17.7,58.1,55.6,2.54,1.81,0.00,0.17,0.28,0.40,0.00,0.00,0.00,0.00,53.7,0.00,0.06,Matchs
1667,Omar Marmoush,eg EGY,AT,Wolfsburg,de Bundesliga,23,1999,16.4,27.9,27.1,0.79,0.06,0.06,0.43,1.52,0.00,0.30,0.30,0.00,0.00,18.2,0.06,1.28,Matchs
1668,Marquinhos,br BRA,MT,Arsenal,eng Premier League,19,2003,0.0,3,3,0,0,0,0,0,0,0,0,0,0,2,0,0,Matchs
1669,Marquinhos,br BRA,DF,Paris S-G,fr Ligue 1,28,1994,30.2,72.0,70.0,1.89,1.13,0.13,0.23,0.03,0.56,0.00,0.00,0.00,0.00,68.5,0.13,0.36,Matchs
1670,Luca Marrone,it ITA,DF,Monza,it Serie A,32,1990,1.5,56.0,52.0,4.00,4.00,0.00,0.00,0.00,0.00,0.00,0.00,0.00,0.00,52.0,0.00,0.00,Matchs
1671,Eric Martel,de GER,MT,Köln,de Bundesliga,20,2002,22.4,39.6,39.1,0.45,0.40,0.04,0.13,0.89,0.04,0.00,0.00,0.00,0.00,31.0,0.09,1.12,Matchs
1672,Roger Martí,es ESP,AT,Elche,es La Liga,31,1991,7.3,21.9,20.1,1.37,0.00,0.00,0.14,0.68,0.00,0.00,0.00,0.00,0.00,16.2,0.41,1.10,Matchs
1673,Roger Martí,es ESP,AT,Cádiz,es La Liga,31,1991,7.1,18.2,16.3,1.41,0.00,0.14,0.00,0.00,0.00,0.00,0.00,0.00,0.00,13.0,0.42,0.56,Matchs
1674,Anthony Martial,fr FRA,AT,Manchester Utd,eng Premier League,26,1995,10.9,30.1,28.8,1.10,0.28,0.28,0.00,0.37,0.18,0.00,0.00,0.00,0.00,24.1,0.18,1.28,Matchs
1675,Aarón Martín,es ESP,DF,Mainz 05,de Bundesliga,25,1997,20.5,50.1,35.6,14.3,1.90,0.00,0.20,07.07,9.51,2.88,02.05,0.78,0.00,37.1,0.24,1.41,Matchs
Clt,Joueur,Nation,Pos,Équipe,Comp,Âge,Naissance,90,Att,Action de jeu,Coup de pied arrêté,CF,Tr,Tr,Ctr,PCF,Co,Rentrant,Sortant,Droit,Cmp,HJ,Balles contrées,Matchs
1676,Ander Martin,es ESP,"MT,AT",Real Sociedad,es La Liga,21,2000,0.5,48.0,44.0,4.00,2.00,0.00,0.00,8.00,0.00,2.00,2.00,0.00,0.00,24.0,0.00,0.00,Matchs
1677,Andrés Martín,es ESP,"AT,MT",Rayo Vallecano,es La Liga,23,1999,2.3,33.5,30.0,2.17,0.00,0.00,0.87,4.78,0.87,1.30,1.30,0.00,0.00,17.0,1.30,1.74,Matchs
1678,Carlos Martín,es ESP,"AT,MT",Atlético Madrid,es La Liga,20,2002,0.3,36.7,36.7,0.00,0.00,0.00,0.00,6.67,0.00,0.00,0.00,0.00,0.00,20.0,0.00,0.00,Matchs
1679,Iván Martín,es ESP,MT,Girona,es La Liga,23,1999,17.6,38.2,36.8,1.31,0.45,0.00,0.11,01.02,0.40,0.00,0.00,0.00,0.00,32.1,0.06,01.02,Matchs
1680,Jonas Martin,fr FRA,MT,Lille,fr Ligue 1,32,1990,3.1,73.9,70.6,3.23,2.26,0.00,0.65,0.97,0.65,0.32,0.32,0.00,0.00,62.3,0.00,0.32,Matchs
1681,Gabriel Martinelli,br BRA,AT,Arsenal,eng Premier League,21,2001,31.0,35.7,32.7,2.84,0.39,0.26,0.06,3.65,0.35,02.03,1.29,0.00,0.00,26.9,0.19,1.42,Matchs
1682,Arnau Martinez,es ESP,DF,Girona,es La Liga,19,2003,30.4,52.6,41.8,10.5,1.58,0.10,0.23,1.97,8.91,0.00,0.00,0.00,0.00,42.9,0.33,01.09,Matchs
1683,Emiliano Martínez,ar ARG,GB,Aston Villa,eng Premier League,29,1992,34.9,39.8,29.9,9.74,3.67,0.03,0.14,0.00,0.00,0.00,0.00,0.00,0.00,29.4,0.14,0.03,Matchs
1684,Iñigo Martínez,es ESP,DF,Athletic Club,es La Liga,31,1991,14.9,51.9,48.7,03.09,2.35,0.00,1.74,0.34,0.13,0.00,0.00,0.00,0.00,42.1,0.13,0.47,Matchs
1685,Lautaro Martínez,ar ARG,AT,Inter,it Serie A,24,1997,28.6,23.8,22.1,1.61,0.03,0.21,0.21,0.49,0.17,0.00,0.00,0.00,0.00,17.6,0.10,0.84,Matchs
1686,Lisandro Martínez,ar ARG,DF,Manchester Utd,eng Premier League,24,1998,23.5,65.0,59.6,5.19,1.45,0.30,0.68,0.00,0.21,0.00,0.00,0.00,0.00,56.6,0.21,0.30,Matchs
1687,Lucas Martínez Quarta,ar ARG,DF,Fiorentina,it Serie A,26,1996,24.1,63.2,60.6,2.53,2.24,0.00,1.58,0.17,0.29,0.00,0.00,0.00,0.00,51.7,0.12,0.50,Matchs
1688,Roger Martínez,es ESP,DF,Espanyol,es La Liga,18,2004,0.1,50.0,50.0,0.00,0.00,0.00,0.00,0.00,0.00,0.00,0.00,0.00,0.00,50.0,0.00,0.00,Matchs
1689,Gelson Martins,pt POR,"MT,AT",Monaco,fr Ligue 1,27,1995,3.8,40.8,40.5,0.26,0.00,0.00,0.00,1.32,0.26,0.00,0.00,0.00,0.00,31.8,0.00,1.58,Matchs
1690,Adam Marušić,me MNE,DF,Lazio,it Serie A,29,1992,30.7,59.6,51.2,8.24,0.91,0.00,0.26,0.55,7.33,0.00,0.00,0.00,0.00,50.9,0.10,0.59,Matchs
1691,Omar Mascarell,es ESP,"MT,DF",Elche,es La Liga,29,1993,27.2,46.7,43.5,03.05,02.06,0.00,0.74,0.81,0.15,0.70,0.04,0.33,0.11,40.1,0.15,0.40,Matchs
1692,Adam Masina,ma MAR,DF,Udinese,it Serie A,28,1994,8.8,48.6,43.9,4.55,1.48,0.11,0.68,1.14,03.07,0.00,0.00,0.00,0.00,37.7,0.23,0.34,Matchs
1693,Jordi Masip,es ESP,GB,Valladolid,es La Liga,33,1989,27.9,34.5,23.1,11.3,2.76,0.00,0.04,0.00,0.00,0.00,0.00,0.00,0.00,24.3,0.07,0.04,Matchs
1694,Erhan Mašović,rs SRB,"DF,MT",Bochum,de Bundesliga,23,1998,24.2,33.9,33.0,0.87,0.62,0.00,0.04,0.08,0.04,0.00,0.00,0.00,0.00,27.4,0.08,0.41,Matchs
1695,Han-Noah Massengo,fr FRA,MT,Auxerre,fr Ligue 1,21,2001,12.4,36.5,35.1,0.97,0.65,0.40,0.24,0.16,0.08,0.00,0.00,0.00,0.00,31.0,0.48,0.73,Matchs
1696,Yanis Massolin,fr FRA,MT,Clermont Foot,fr Ligue 1,19,2002,0.7,55.7,55.7,0.00,0.00,0.00,0.00,0.00,0.00,0.00,0.00,0.00,0.00,42.9,0.00,0.00,Matchs
1697,Jaime Mata,es ESP,"AT,MT",Getafe,es La Liga,33,1988,4.9,24.9,24.3,0.41,0.00,0.00,0.00,1.84,0.20,0.00,0.00,0.00,0.00,13.9,0.20,1.43,Matchs
1698,Pape Matar Sarr,sn SEN,"MT,AT",Tottenham,eng Premier League,19,2002,2.4,64.2,62.5,1.67,0.83,0.00,0.42,0.00,0.00,0.00,0.00,0.00,0.00,58.8,0.00,0.00,Matchs
1699,Eliot Matazo,be BEL,MT,Monaco,fr Ligue 1,20,2002,13.1,37.6,36.9,0.53,0.46,0.00,0.53,0.15,0.00,0.00,0.00,0.00,0.00,30.5,0.23,0.61,Matchs
1700,Jean-Philippe Mateta,fr FRA,AT,Crystal Palace,eng Premier League,25,1997,8.6,17.3,16.6,0.70,0.00,0.00,0.00,0.35,0.00,0.00,0.00,0.00,0.00,12.1,0.00,01.05,Matchs
Clt,Joueur,Nation,Pos,Équipe,Comp,Âge,Naissance,90,Att,Action de jeu,Coup de pied arrêté,CF,Tr,Tr,Ctr,PCF,Co,Rentrant,Sortant,Droit,Cmp,HJ,Balles contrées,Matchs
1701,Nemanja Matić,rs SRB,MT,Roma,it Serie A,33,1988,20.6,62.9,59.7,2.86,2.72,0.10,0.78,0.58,0.10,0.05,0.00,0.00,0.00,53.8,0.34,0.92,Matchs
1702,Joël Matip,cm CMR,DF,Liverpool,eng Premier League,30,1991,12.1,73.1,72.1,0.91,0.58,0.00,0.41,0.08,0.33,0.00,0.00,0.00,0.00,63.3,0.08,0.41,Matchs
1703,Henning Matriciani,de GER,DF,Schalke 04,de Bundesliga,22,2000,20.7,42.7,33.9,8.70,01.01,0.00,0.05,0.97,7.54,0.00,0.00,0.00,0.00,30.8,0.05,1.26,Matchs
1704,Chrislain Matsima,fr FRA,"DF,MT",Lorient,fr Ligue 1,20,2002,2.5,50.8,48.0,2.80,2.80,0.00,0.00,0.00,0.00,0.00,0.00,0.00,0.00,43.2,0.00,1.20,Matchs
1705,Chrislain Matsima,fr FRA,DF,Monaco,fr Ligue 1,20,2002,5.0,46.0,41.6,4.00,1.00,0.00,0.00,0.40,3.00,0.00,0.00,0.00,0.00,38.8,0.40,0.00,Matchs
1706,Jean Mattéo Bahoya,fr FRA,"AT,MT",Angers,fr Ligue 1,17,2005,3.0,27.3,27.0,0.33,0.00,0.00,0.00,0.67,0.00,0.33,0.00,0.00,0.00,23.0,0.00,0.67,Matchs
1707,Azor Matusiwa,nl NED,MT,Reims,fr Ligue 1,24,1998,27.6,58.6,57.1,1.20,0.94,0.04,0.87,0.14,0.22,0.00,0.00,0.00,0.00,49.9,0.29,0.98,Matchs
1708,Neal Maupay,fr FRA,AT,Everton,eng Premier League,25,1996,12.4,20.4,17.9,2.42,0.08,0.00,0.08,0.24,0.16,0.00,0.00,0.00,0.00,15.3,0.08,0.81,Matchs
1709,Aïman Maurer,ma MAR,MT,Clermont Foot,fr Ligue 1,17,2004,5.6,22.3,19.1,03.04,01.07,0.18,0.00,3.39,0.00,1.96,01.07,0.54,0.18,15.5,0.18,1.25,Matchs
1710,Stephy Mavididi,eng ENG,AT,Montpellier,fr Ligue 1,24,1998,14.3,22.2,21.3,0.84,0.07,0.07,0.07,0.70,0.56,0.00,0.00,0.00,0.00,16.5,0.07,0.84,Matchs
1711,Konstantinos Mavropanos,gr GRE,DF,Stuttgart,de Bundesliga,24,1997,25.4,59.5,52.7,6.54,2.32,0.08,1.93,0.24,4.21,0.00,0.00,0.00,0.00,49.4,0.28,0.67,Matchs
1712,Christian Mawissa,fr FRA,DF,Toulouse,fr Ligue 1,17,2005,1.1,43.6,37.3,6.36,0.91,0.00,0.00,0.91,5.45,0.00,0.00,0.00,0.00,37.3,0.00,0.00,Matchs
1713,Philipp Max,de GER,DF,Eint Frankfurt,de Bundesliga,28,1993,7.7,62.2,46.5,15.6,1.82,0.00,0.00,7.79,10.4,3.38,2.34,0.52,0.00,47.3,0.13,1.56,Matchs
1714,Eric Maxim Choupo-Moting,cm CMR,AT,Bayern Munich,de Bundesliga,33,1989,12.4,23.4,22.0,1.29,0.00,0.24,0.08,0.24,0.00,0.00,0.00,0.00,0.00,18.0,0.08,0.81,Matchs
1715,Luís Maximiano,pt POR,GB,Lazio,it Serie A,23,1999,0.1,40.0,40.0,0.00,0.00,0.00,0.00,0.00,0.00,0.00,0.00,0.00,0.00,30.0,0.00,0.00,Matchs
1716,Keke Maximilian Topp,de GER,AT,Schalke 04,de Bundesliga,18,2004,0.2,25.0,25.0,0.00,0.00,0.00,0.00,5.00,0.00,0.00,0.00,0.00,0.00,20.0,0.00,0.00,Matchs
1717,Fernand Mayembo,cg CGO,DF,Ajaccio,fr Ligue 1,26,1996,7.9,40.5,39.0,1.52,1.39,0.00,0.13,0.00,0.00,0.00,0.00,0.00,0.00,34.8,0.00,0.25,Matchs
1718,Borja Mayoral,es ESP,AT,Getafe,es La Liga,25,1997,30.7,25.2,24.0,1.21,0.00,0.07,0.36,1.21,0.10,0.03,0.00,0.00,0.00,19.0,0.03,01.01,Matchs
1719,Ibrahim Maza,de GER,"MT,AT",Hertha BSC,de Bundesliga,16,2005,0.8,18.8,15.0,2.50,0.00,0.00,0.00,0.00,0.00,0.00,0.00,0.00,0.00,13.8,1.25,1.25,Matchs
1720,Derek Mazou-Sacko,fr FRA,MT,Troyes,fr Ligue 1,17,2004,0.2,25.0,25.0,0.00,0.00,0.00,0.00,0.00,0.00,0.00,0.00,0.00,0.00,20.0,0.00,0.00,Matchs
1721,Noussair Mazraoui,ma MAR,DF,Bayern Munich,de Bundesliga,24,1997,11.9,72.9,63.1,9.50,0.92,0.17,0.08,1.85,8.57,0.00,0.00,0.00,0.00,62.0,0.25,1.34,Matchs
1722,Pasquale Mazzocchi,it ITA,DF,Salernitana,it Serie A,27,1995,21.8,43.5,33.3,10.0,0.60,0.09,0.28,4.13,8.49,0.96,0.09,0.78,0.00,32.2,0.18,1.33,Matchs
1723,Kevin Mbabu,ch SUI,"DF,AT",Fulham,eng Premier League,27,1995,1.6,58.8,44.4,14.4,0.00,0.00,0.63,4.38,14.4,0.00,0.00,0.00,0.00,42.5,0.00,1.25,Matchs
1724,Noah Mbamba,be BEL,MT,Leverkusen,de Bundesliga,17,2005,0.0,0,0,0,0,0,0,0,0,0,0,0,0,0,0,0,Matchs
1725,Kylian Mbappé,fr FRA,AT,Paris S-G,fr Ligue 1,23,1998,31.3,43.3,41.2,1.88,0.06,0.26,0.06,1.50,0.42,0.54,0.10,0.00,0.00,35.0,0.16,0.86,Matchs
Clt,Joueur,Nation,Pos,Équipe,Comp,Âge,Naissance,90,Att,Action de jeu,Coup de pied arrêté,CF,Tr,Tr,Ctr,PCF,Co,Rentrant,Sortant,Droit,Cmp,HJ,Balles contrées,Matchs
1726,Mamadou Mbaye,sn SEN,DF,Cádiz,es La Liga,24,1998,8.4,35.0,34.0,0.60,0.60,0.00,0.24,0.00,0.00,0.00,0.00,0.00,0.00,26.1,0.36,0.71,Matchs
1727,Chancel Mbemba,cd COD,DF,Marseille,fr Ligue 1,27,1994,31.7,55.0,51.8,2.87,1.42,0.03,0.22,1.26,0.98,0.00,0.00,0.00,0.00,45.5,0.25,0.73,Matchs
1728,Bryan Mbeumo,cm CMR,AT,Brentford,eng Premier League,22,1999,32.3,30.7,26.2,4.30,1.49,0.22,0.22,4.83,0.59,2.20,1.15,0.37,0.15,20.3,0.22,1.30,Matchs
1729,Jason Mbock,fr FRA,"MT,AT",Angers,fr Ligue 1,22,1999,0.3,33.3,20.0,13.3,0.00,0.00,0.00,13.3,3.33,6.67,6.67,0.00,0.00,20.0,0.00,3.33,Matchs
1730,Jean-Manuel Mbom,de GER,MT,Werder Bremen,de Bundesliga,22,2000,0.1,30.0,30.0,0.00,0.00,0.00,0.00,0.00,0.00,0.00,0.00,0.00,0.00,20.0,0.00,0.00,Matchs
1731,Nathanael Mbuku,fr FRA,"AT,MT",Reims,fr Ligue 1,20,2002,0.7,38.6,35.7,2.86,2.86,0.00,0.00,2.86,0.00,0.00,0.00,0.00,0.00,31.4,0.00,2.86,Matchs
1732,Nathanael Mbuku,fr FRA,"MT,AT",Augsburg,de Bundesliga,20,2002,0.4,17.5,17.5,0.00,0.00,0.00,0.00,2.50,0.00,0.00,0.00,0.00,0.00,7.50,0.00,5.00,Matchs
1733,James McArthur,sct SCO,MT,Crystal Palace,eng Premier League,34,1987,0.6,86.7,81.7,5.00,5.00,1.67,0.00,0.00,0.00,0.00,0.00,0.00,0.00,68.3,0.00,1.67,Matchs
1734,Alex McCarthy,eng ENG,GB,Southampton,eng Premier League,32,1989,6.0,41.5,29.7,11.3,2.67,0.00,0.17,0.00,0.00,0.00,0.00,0.00,0.00,25.0,0.50,0.00,Matchs
1735,John McGinn,sct SCO,"MT,AT",Aston Villa,eng Premier League,27,1994,29.9,34.4,32.3,1.87,0.84,0.37,0.33,1.67,0.03,0.84,0.60,0.00,0.00,26.9,0.23,0.67,Matchs
1736,Scott McKenna,sct SCO,DF,Nott'ham Forest,eng Premier League,25,1996,17.5,41.5,39.5,1.83,0.63,0.00,0.17,0.11,1.20,0.00,0.00,0.00,0.00,32.5,0.23,0.11,Matchs
1737,Weston McKennie,us USA,MT,Leeds United,eng Premier League,23,1998,16.0,39.3,36.8,2.25,0.50,0.25,0.38,0.56,1.63,0.00,0.00,0.00,0.00,29.5,0.19,1.00,Matchs
1738,Weston McKennie,us USA,"MT,DF",Juventus,it Serie A,23,1998,11.7,35.7,33.2,2.31,0.26,0.09,0.17,1.28,02.05,0.00,0.00,0.00,0.00,28.7,0.17,0.60,Matchs
1739,Dwight McNeil,eng ENG,"AT,MT",Everton,eng Premier League,22,1999,27.8,35.5,30.1,5.11,1.80,0.11,0.22,6.98,1.12,2.19,1.91,0.14,0.00,23.6,0.25,1.76,Matchs
1740,Scott McTominay,sct SCO,MT,Manchester Utd,eng Premier League,25,1996,12.9,33.5,33.0,0.39,0.23,0.23,0.23,0.31,0.08,0.00,0.00,0.00,0.00,27.5,0.08,0.47,Matchs
1741,Gary Medel,cl CHI,"MT,DF",Bologna,it Serie A,34,1987,16.4,67.2,64.5,2.74,2.56,0.06,0.49,0.24,0.12,0.00,0.00,0.00,0.00,60.1,0.00,0.43,Matchs
1742,Facundo Medina,ar ARG,DF,Lens,fr Ligue 1,23,1999,30.9,81.1,76.3,4.66,3.72,0.13,0.65,0.71,0.71,0.00,0.00,0.00,0.00,73.1,0.13,0.65,Matchs
1743,Fernando Medrano,es ESP,DF,Celta Vigo,es La Liga,22,2000,0.1,30.0,30.0,0.00,0.00,0.00,0.00,0.00,0.00,0.00,0.00,0.00,0.00,30.0,0.00,0.00,Matchs
1744,Ben Mee,eng ENG,DF,Brentford,eng Premier League,32,1989,36.3,48.5,44.8,3.58,01.05,0.00,0.28,0.19,2.48,0.00,0.00,0.00,0.00,37.1,0.17,0.55,Matchs
1745,Bamo Meïté,ci CIV,DF,Lorient,fr Ligue 1,21,2001,16.7,56.0,54.6,1.44,1.32,0.00,0.06,0.00,0.12,0.00,0.00,0.00,0.00,50.2,0.00,0.42,Matchs
1746,Soualiho Meïté,fr FRA,MT,Cremonese,it Serie A,28,1994,26.3,39.0,37.8,01.06,0.87,0.11,0.27,0.34,0.08,0.00,0.00,0.00,0.00,32.8,0.19,0.42,Matchs
1747,Farid El Melali,dz ALG,"DF,AT",Angers,fr Ligue 1,25,1997,9.0,31.3,26.8,4.22,0.22,0.00,0.22,1.78,3.67,0.33,0.11,0.00,0.00,21.8,0.33,1.44,Matchs
1748,Gonzalo Melero,es ESP,MT,Almería,es La Liga,28,1994,20.6,36.7,35.7,0.83,0.44,0.05,0.19,0.10,0.15,0.00,0.00,0.00,0.00,31.7,0.10,0.73,Matchs
1749,Birger Meling,no NOR,DF,Rennes,fr Ligue 1,27,1994,13.4,58.7,48.6,9.93,0.75,0.15,0.15,1.34,9.18,0.00,0.00,0.00,0.00,50.1,0.22,1.19,Matchs
1750,Memphis,nl NED,AT,Atlético Madrid,es La Liga,28,1994,3.0,30.0,26.7,3.33,0.33,0.67,0.00,1.67,0.33,1.67,1.00,0.33,0.00,22.7,0.00,0.33,Matchs
Clt,Joueur,Nation,Pos,Équipe,Comp,Âge,Naissance,90,Att,Action de jeu,Coup de pied arrêté,CF,Tr,Tr,Ctr,PCF,Co,Rentrant,Sortant,Droit,Cmp,HJ,Balles contrées,Matchs
1751,Memphis,nl NED,AT,Barcelona,es La Liga,28,1994,1.3,50.8,46.2,4.62,0.77,0.77,0.00,03.08,0.00,03.08,0.00,1.54,0.00,40.8,0.00,0.77,Matchs
1752,Houboulang Mendes,gw GNB,DF,Almería,es La Liga,24,1998,9.8,34.2,24.3,9.80,0.41,0.00,0.00,3.16,9.39,0.00,0.00,0.00,0.00,24.4,0.10,0.92,Matchs
1753,Nuno Mendes,pt POR,DF,Paris S-G,fr Ligue 1,20,2002,17.2,54.2,49.1,5.00,0.70,0.12,0.23,1.74,4.30,0.00,0.00,0.00,0.00,46.1,0.12,1.86,Matchs
1754,Pedro Mendes,pt POR,DF,Montpellier,fr Ligue 1,31,1990,0.1,30.0,30.0,0.00,0.00,0.00,0.00,0.00,0.00,0.00,0.00,0.00,0.00,10.0,0.00,0.00,Matchs
1755,Thiago Mendes,br BRA,"MT,DF",Lyon,fr Ligue 1,30,1992,22.9,73.0,70.3,2.49,2.10,0.26,0.66,0.26,0.35,0.00,0.00,0.00,0.00,63.1,0.22,0.70,Matchs
1756,Brais Méndez,es ESP,MT,Real Sociedad,es La Liga,25,1997,26.7,49.1,42.6,6.33,1.99,0.26,0.56,4.68,0.22,3.86,1.20,1.84,0.00,37.8,0.19,0.94,Matchs
1757,Diego Méndez,es ESP,MT,Rayo Vallecano,es La Liga,18,2003,0.0,2,2,0,0,0,0,0,0,0,0,0,0,1,0,0,Matchs
1758,Antoine Mendy,fr FRA,DF,Nice,fr Ligue 1,18,2004,5.8,56.0,48.1,7.76,0.34,0.00,0.17,2.24,7.41,0.00,0.00,0.00,0.00,45.2,0.17,0.69,Matchs
1759,Arial Mendy,sn SEN,DF,Clermont Foot,fr Ligue 1,27,1994,2.5,48.0,40.0,8.00,1.20,0.00,0.00,4.00,6.80,0.00,0.00,0.00,0.00,32.8,0.00,1.60,Matchs
1760,Batista Mendy,fr FRA,"MT,DF",Angers,fr Ligue 1,22,2000,31.8,45.0,44.0,0.91,0.85,0.13,0.41,0.28,0.06,0.00,0.00,0.00,0.00,38.8,0.13,0.57,Matchs
1761,Edouard Mendy,sn SEN,GB,Chelsea,eng Premier League,30,1992,9.5,30.4,23.2,7.26,0.63,0.00,0.11,0.00,0.00,0.00,0.00,0.00,0.00,24.5,0.00,0.00,Matchs
1762,Ferland Mendy,fr FRA,DF,Real Madrid,es La Liga,27,1995,15.0,57.5,50.6,6.73,1.33,0.00,0.20,0.47,5.40,0.00,0.00,0.00,0.00,52.9,0.13,0.53,Matchs
1763,Nampalys Mendy,sn SEN,MT,Leicester City,eng Premier League,30,1992,8.4,49.2,47.5,1.43,0.95,0.12,0.24,0.12,0.12,0.00,0.00,0.00,0.00,43.1,0.24,1.31,Matchs
1764,Gideon Mensah,gh GHA,DF,Auxerre,fr Ligue 1,24,1998,25.1,58.0,47.5,10.4,1.00,0.08,0.32,2.67,9.36,0.00,0.00,0.00,0.00,44.9,0.20,1.59,Matchs
1765,Chris Mepham,wls WAL,DF,Bournemouth,eng Premier League,24,1997,24.4,42.7,41.0,1.52,0.86,0.00,0.16,0.00,0.66,0.00,0.00,0.00,0.00,35.7,0.12,0.29,Matchs
1766,Jorge Meré,es ESP,DF,Cádiz,es La Liga,25,1997,6.7,32.1,30.9,1.19,1.19,0.00,0.15,0.00,0.00,0.00,0.00,0.00,0.00,26.7,0.00,0.15,Matchs
1767,Alex Meret,it ITA,GB,Napoli,it Serie A,25,1997,34.0,27.4,20.2,7.15,1.32,0.00,0.06,0.00,0.00,0.00,0.00,0.00,0.00,24.1,0.00,0.00,Matchs
1768,Mikel Merino,es ESP,MT,Real Sociedad,es La Liga,26,1996,27.7,54.2,52.9,0.90,0.76,0.40,0.54,0.90,0.11,0.04,0.00,0.00,0.00,41.3,0.40,1.16,Matchs
1769,Quentin Merlin,fr FRA,DF,Nantes,fr Ligue 1,20,2002,19.9,58.7,47.3,11.4,1.31,0.05,0.60,5.68,7.99,02.06,0.25,1.36,0.00,43.1,0.05,1.26,Matchs
1770,Yıldırım Mert Çetin,tr TUR,DF,Lecce,it Serie A,25,1997,0.2,15.0,15.0,0.00,0.00,0.00,0.00,0.00,0.00,0.00,0.00,0.00,0.00,10.0,0.00,5.00,Matchs
1771,Roque Mesa,es ESP,MT,Valladolid,es La Liga,33,1989,18.0,53.5,50.0,03.06,2.89,0.22,1.17,0.67,0.00,0.06,0.00,0.00,0.00,43.9,0.44,0.78,Matchs
1772,Illan Meslier,fr FRA,GB,Leeds United,eng Premier League,22,2000,34.0,30.6,20.7,9.74,2.62,0.00,0.03,0.00,0.00,0.00,0.00,0.00,0.00,19.5,0.09,0.06,Matchs
1773,Lionel Messi,ar ARG,"AT,MT",Paris S-G,fr Ligue 1,35,1987,31.5,65.1,59.3,4.98,1.21,1.84,0.35,2.89,0.06,03.05,01.05,1.17,0.00,52.1,0.83,2.00,Matchs
1774,Junior Messias,br BRA,"AT,DF",Milan,it Serie A,31,1991,16.6,33.9,32.0,1.81,0.24,0.24,0.12,1.51,1.45,0.12,0.00,0.06,0.00,25.9,0.06,0.72,Matchs
1775,Amine Messoussa,fr FRA,AT,Lille,fr Ligue 1,17,2004,0.0,0,0,0,0,0,0,0,0,0,0,0,0,0,0,0,Matchs
Clt,Joueur,Nation,Pos,Équipe,Comp,Âge,Naissance,90,Att,Action de jeu,Coup de pied arrêté,CF,Tr,Tr,Ctr,PCF,Co,Rentrant,Sortant,Droit,Cmp,HJ,Balles contrées,Matchs
1776,Thomas Meunier,be BEL,DF,Dortmund,de Bundesliga,30,1991,6.5,66.9,56.6,10.3,0.77,0.15,0.46,2.46,9.54,0.00,0.00,0.00,0.00,49.5,0.00,2.15,Matchs
1777,Alexander Meyer,de GER,GB,Dortmund,de Bundesliga,31,1991,7.0,46.1,37.3,8.71,2.43,0.00,0.14,0.00,0.00,0.00,0.00,0.00,0.00,40.0,0.14,0.29,Matchs
1778,Sven Michel,de GER,"AT,MT",Union Berlin,de Bundesliga,32,1990,5.5,32.9,32.0,0.55,0.00,0.36,0.00,03.09,0.18,0.18,0.00,0.00,0.00,18.2,0.36,2.00,Matchs
1779,Alex Mighten,eng ENG,AT,Nott'ham Forest,eng Premier League,20,2002,0.1,10.0,10.0,0.00,0.00,0.00,0.00,0.00,0.00,0.00,0.00,0.00,0.00,10.0,0.00,0.00,Matchs
1780,Tommaso Milanese,it ITA,MT,Cremonese,it Serie A,20,2002,0.3,46.7,36.7,10.0,3.33,0.00,0.00,6.67,0.00,3.33,0.00,3.33,0.00,33.3,0.00,0.00,Matchs
1781,Nikola Milenković,rs SRB,DF,Fiorentina,it Serie A,24,1997,23.7,54.5,52.5,1.81,1.60,0.00,0.42,0.00,0.21,0.00,0.00,0.00,0.00,46.7,0.17,0.38,Matchs
1782,Lewis Miley,eng ENG,MT,Newcastle Utd,eng Premier League,16,2006,0.2,30.0,30.0,0.00,0.00,0.00,0.00,0.00,0.00,0.00,0.00,0.00,0.00,25.0,0.00,0.00,Matchs
1783,Arkadiusz Milik,pl POL,AT,Juventus,it Serie A,28,1994,17.6,25.6,23.9,1.48,0.23,0.11,0.17,0.34,0.06,0.00,0.00,0.00,0.00,19.7,0.23,0.51,Matchs
1784,Arkadiusz Milik,pl POL,AT,Marseille,fr Ligue 1,28,1994,1.4,26.4,24.3,2.14,0.00,0.00,0.00,0.00,0.00,0.00,0.00,0.00,0.00,20.0,0.00,0.71,Matchs
1785,Sergej Milinković-Savić,rs SRB,MT,Lazio,it Serie A,27,1995,33.6,57.4,56.0,1.22,0.74,0.45,0.65,0.86,0.48,0.00,0.00,0.00,0.00,43.6,0.21,1.22,Matchs
1786,Vanja Milinković-Savić,rs SRB,GB,Torino,it Serie A,25,1997,38.0,47.5,37.2,10.0,2.45,0.00,0.21,0.00,0.03,0.00,0.00,0.00,0.00,29.3,0.37,0.03,Matchs
1787,Éder Militão,br BRA,DF,Real Madrid,es La Liga,24,1998,30.0,62.7,58.5,4.10,1.73,0.07,1.33,0.40,0.83,0.00,0.00,0.00,0.00,55.3,0.07,0.67,Matchs
1788,Luka Milivojević,rs SRB,MT,Crystal Palace,eng Premier League,31,1991,5.7,45.6,43.5,1.93,1.40,0.00,0.35,01.05,0.18,0.35,0.35,0.00,0.00,36.3,0.18,0.00,Matchs
1789,Luis Milla,es ESP,MT,Getafe,es La Liga,27,1994,20.6,47.3,41.5,5.49,3.16,0.05,0.87,3.64,0.00,02.09,0.83,1.17,0.00,36.7,0.29,0.83,Matchs
1790,Pere Milla,es ESP,"AT,MT",Elche,es La Liga,29,1992,20.5,28.5,27.1,1.37,0.20,0.10,0.24,0.68,0.29,0.05,0.00,0.00,0.00,20.0,0.10,1.27,Matchs
1791,Enzo Millot,fr FRA,MT,Stuttgart,de Bundesliga,20,2002,9.9,40.0,37.6,2.22,0.51,0.20,0.10,2.32,0.61,0.61,0.30,0.30,0.00,31.4,0.20,01.01,Matchs
1792,James Milner,eng ENG,"MT,DF",Liverpool,eng Premier League,36,1986,10.1,72.0,61.9,9.80,1.98,0.20,0.40,5.15,6.44,1.19,0.20,0.89,0.00,55.7,0.30,2.38,Matchs
1793,Marko Milovanović,rs SRB,AT,Almería,es La Liga,18,2003,0.2,45.0,40.0,5.00,0.00,0.00,0.00,0.00,0.00,0.00,0.00,0.00,0.00,20.0,0.00,5.00,Matchs
1794,Kim Min-jae,kr KOR,DF,Napoli,it Serie A,25,1996,33.9,82.9,81.3,1.56,1.45,0.06,0.88,0.18,0.09,0.00,0.00,0.00,0.00,75.3,0.12,0.44,Matchs
1795,Yerry Mina,co COL,DF,Everton,eng Premier League,27,1994,6.6,49.2,46.8,2.27,1.97,0.00,0.15,0.15,0.30,0.00,0.00,0.00,0.00,43.3,0.15,0.15,Matchs
1796,Takumi Minamino,jp JPN,"MT,AT",Monaco,fr Ligue 1,27,1995,8.0,32.4,29.3,2.88,0.88,0.00,0.25,3.88,0.38,1.38,1.13,0.25,0.00,21.0,0.25,1.13,Matchs
1797,Tyrone Mings,eng ENG,DF,Aston Villa,eng Premier League,29,1993,35.0,54.3,51.7,2.43,1.83,0.03,0.43,0.09,0.17,0.00,0.00,0.00,0.00,46.2,0.09,0.29,Matchs
1798,Óscar Mingueza,es ESP,DF,Celta Vigo,es La Liga,23,1999,14.3,63.5,52.5,10.8,1.82,0.21,0.21,02.03,8.95,0.00,0.00,0.00,0.00,50.4,0.21,01.05,Matchs
1799,Rafa Mir,es ESP,AT,Sevilla,es La Liga,25,1997,14.4,18.2,16.3,1.81,0.00,0.07,0.00,0.42,0.00,0.00,0.00,0.00,0.00,12.2,0.14,0.63,Matchs
1800,Aleksei Miranchuk,ru RUS,MT,Torino,it Serie A,26,1995,23.2,35.4,33.9,1.38,0.22,0.39,0.22,1.29,0.34,0.82,0.56,0.00,0.00,28.1,0.13,0.69,Matchs
Clt,Joueur,Nation,Pos,Équipe,Comp,Âge,Naissance,90,Att,Action de jeu,Coup de pied arrêté,CF,Tr,Tr,Ctr,PCF,Co,Rentrant,Sortant,Droit,Cmp,HJ,Balles contrées,Matchs
1801,Juan Miranda,es ESP,DF,Betis,es La Liga,22,2000,16.4,50.6,40.1,10.4,1.59,0.12,0.18,4.45,7.93,0.91,0.12,0.49,0.00,35.9,0.06,1.77,Matchs
1802,Antonio Mirante,it ITA,GB,Milan,it Serie A,39,1983,0.0,4,3,1,0,0,0,0,0,0,0,0,0,4,0,0,Matchs
1803,Fabio Miretti,it ITA,"MT,AT",Juventus,it Serie A,18,2003,13.7,37.3,35.2,1.97,0.44,0.15,0.36,02.04,0.36,0.95,0.36,0.51,0.00,26.6,0.15,1.39,Matchs
1804,Filippo Missori,it ITA,DF,Roma,it Serie A,18,2004,2.0,30.5,19.0,11.0,0.00,0.00,0.00,1.00,11.0,0.00,0.00,0.00,0.00,20.5,0.50,0.50,Matchs
1805,Tyrick Mitchell,eng ENG,DF,Crystal Palace,eng Premier League,22,1999,32.1,50.1,38.4,11.5,01.06,0.00,0.06,2.18,10.5,0.00,0.00,0.00,0.00,35.9,0.09,02.06,Matchs
1806,Kaoru Mitoma,jp JPN,"AT,MT",Brighton,eng Premier League,25,1997,25.8,37.9,36.9,0.74,0.00,0.16,0.12,1.59,0.62,0.12,0.00,0.00,0.00,30.2,0.23,1.28,Matchs
1807,Aleksandar Mitrović,rs SRB,AT,Fulham,eng Premier League,27,1994,22.3,22.2,21.8,0.45,0.04,0.18,0.40,0.18,0.13,0.00,0.00,0.00,0.00,13.4,0.00,01.08,Matchs
1808,Stefan Mitrović,rs SRB,DF,Getafe,es La Liga,32,1990,18.7,27.4,25.9,1.39,1.39,0.00,0.27,0.00,0.00,0.00,0.00,0.00,0.00,21.6,0.11,0.11,Matchs
1809,Maximilian Mittelstädt,de GER,"DF,MT",Hertha BSC,de Bundesliga,25,1997,9.4,50.2,36.9,13.1,0.53,0.11,0.53,4.15,11.2,1.38,0.43,0.85,0.00,34.7,0.21,1.17,Matchs
1810,Henrikh Mkhitaryan,am ARM,MT,Inter,it Serie A,33,1989,22.1,47.9,46.9,0.81,0.32,0.18,0.27,0.86,0.41,0.09,0.05,0.05,0.00,41.8,0.14,0.59,Matchs
1811,Anthony Modeste,fr FRA,AT,Dortmund,de Bundesliga,34,1988,9.0,14.1,13.0,0.67,0.00,0.00,0.00,0.22,0.00,0.00,0.00,0.00,0.00,8.11,0.44,0.11,Matchs
1812,Luka Modrić,hr CRO,MT,Real Madrid,es La Liga,36,1985,19.4,78.4,72.9,5.36,2.11,0.36,1.13,3.20,0.52,2.27,1.13,0.62,0.00,68.9,0.10,1.19,Matchs
1813,Terem Moffi,ng NGA,AT,Nice,fr Ligue 1,23,1999,14.8,15.7,13.4,2.16,0.07,0.14,0.07,0.07,0.00,0.00,0.00,0.00,0.00,12.6,0.14,0.41,Matchs
1814,Terem Moffi,ng NGA,AT,Lorient,fr Ligue 1,23,1999,15.4,13.5,13.2,0.13,0.00,0.13,0.06,0.19,0.00,0.00,0.00,0.00,0.00,10.0,0.13,0.39,Matchs
1815,Mostafa Mohamed,eg EGY,AT,Nantes,fr Ligue 1,24,1997,21.5,16.3,15.3,01.07,0.00,0.05,0.05,0.47,0.05,0.00,0.00,0.00,0.00,10.0,0.00,0.93,Matchs
1816,Tobias Mohr,de GER,"DF,MT",Schalke 04,de Bundesliga,26,1995,9.3,54.4,40.0,14.3,3.23,0.11,01.08,9.35,8.39,2.58,0.97,1.51,0.00,33.1,0.11,1.94,Matchs
1817,Johan Mojica,co COL,DF,Villarreal,es La Liga,29,1992,7.1,55.6,46.3,8.87,1.13,0.00,0.00,5.63,7.18,0.56,0.14,0.28,0.00,44.8,0.42,2.25,Matchs
1818,Johan Mojica,co COL,"DF,MT",Elche,es La Liga,29,1992,3.0,59.3,47.7,11.0,1.00,0.00,0.00,4.67,10.0,0.00,0.00,0.00,0.00,42.3,0.67,1.33,Matchs
1819,Clinton Mola,eng ENG,DF,Stuttgart,de Bundesliga,21,2001,0.2,30.0,10.0,20.0,5.00,0.00,0.00,5.00,15.0,0.00,0.00,0.00,0.00,15.0,0.00,0.00,Matchs
1820,Nahuel Molina,ar ARG,DF,Atlético Madrid,es La Liga,24,1998,31.9,60.5,50.3,10.1,0.50,0.22,0.19,3.76,9.40,0.22,0.13,0.09,0.00,45.5,0.06,1.91,Matchs
1821,Salvatore Molina,it ITA,DF,Monza,it Serie A,30,1992,2.5,45.6,38.4,6.80,0.80,0.00,0.00,5.60,6.00,0.00,0.00,0.00,0.00,34.4,0.40,1.20,Matchs
1822,Florent Mollet,fr FRA,MT,Nantes,fr Ligue 1,30,1991,12.1,46.7,39.1,7.27,1.57,0.00,0.17,6.28,0.33,4.13,1.98,1.82,0.00,36.7,0.33,01.07,Matchs
1823,Florent Mollet,fr FRA,MT,Schalke 04,de Bundesliga,30,1991,4.6,33.0,30.0,03.04,0.87,0.00,0.00,1.96,0.43,0.87,0.43,0.43,0.00,24.6,0.00,1.52,Matchs
1824,Jon Moncayola,es ESP,"MT,DF",Osasuna,es La Liga,24,1998,27.2,53.7,48.3,5.26,1.99,0.07,1.21,2.87,2.35,0.88,0.33,0.37,0.04,41.8,0.18,0.88,Matchs
1825,Monchu,es ESP,MT,Valladolid,es La Liga,22,1999,22.6,46.6,40.6,5.66,3.54,0.22,01.02,3.36,0.04,02.04,0.40,1.24,0.04,36.9,0.35,0.44,Matchs
Clt,Joueur,Nation,Pos,Équipe,Comp,Âge,Naissance,90,Att,Action de jeu,Coup de pied arrêté,CF,Tr,Tr,Ctr,PCF,Co,Rentrant,Sortant,Droit,Cmp,HJ,Balles contrées,Matchs
1826,César Montes,mx MEX,DF,Espanyol,es La Liga,25,1997,17.7,45.1,41.4,3.56,2.20,0.06,0.68,0.06,0.40,0.00,0.00,0.00,0.00,35.3,0.17,0.68,Matchs
1827,Daniele Montevago,it ITA,AT,Sampdoria,it Serie A,19,2003,2.6,15.4,14.2,0.38,0.00,0.00,0.00,0.38,0.00,0.00,0.00,0.00,0.00,8.85,0.77,0.00,Matchs
1828,Gonzalo Montiel,ar ARG,DF,Sevilla,es La Liga,25,1997,16.9,50.4,41.8,8.17,0.41,0.18,0.18,2.31,7.57,0.18,0.00,0.12,0.00,39.1,0.36,1.24,Matchs
1829,Lorenzo Montipò,it ITA,GB,Hellas Verona,it Serie A,26,1996,37.0,32.2,21.2,10.9,3.22,0.00,0.05,0.00,0.00,0.00,0.00,0.00,0.00,20.1,0.08,0.00,Matchs
1830,Martín Montoya,es ESP,DF,Betis,es La Liga,31,1991,5.0,48.8,39.8,9.00,1.20,0.00,0.40,2.00,7.80,0.00,0.00,0.00,0.00,38.0,0.00,1.00,Matchs
1831,Kieffer Moore,wls WAL,AT,Bournemouth,eng Premier League,29,1992,14.2,25.4,23.7,1.62,0.07,0.00,0.07,0.49,0.00,0.00,0.00,0.00,0.00,14.9,0.00,0.85,Matchs
1832,Andrew Moran,ie IRL,AT,Brighton,eng Premier League,18,2003,0.1,20.0,10.0,10.0,0.00,0.00,0.00,0.00,0.00,0.00,0.00,0.00,0.00,10.0,0.00,0.00,Matchs
1833,Álvaro Morata,es ESP,AT,Atlético Madrid,es La Liga,29,1992,21.1,20.0,19.2,0.71,0.00,0.14,0.28,0.19,0.09,0.00,0.00,0.00,0.00,12.8,0.09,0.33,Matchs
1834,Jon Morcillo,es ESP,"AT,MT",Athletic Club,es La Liga,23,1998,0.8,55.0,53.8,0.00,0.00,0.00,0.00,7.50,0.00,0.00,0.00,0.00,0.00,40.0,1.25,0.00,Matchs
1835,Alberto Moreno,es ESP,DF,Villarreal,es La Liga,30,1992,14.4,50.7,42.8,7.43,01.04,0.07,0.28,2.50,5.90,0.49,0.21,0.21,0.00,42.0,0.42,0.90,Matchs
1836,Álex Moreno,es ESP,DF,Aston Villa,eng Premier League,29,1993,14.8,50.3,41.1,09.05,1.22,0.07,0.00,3.24,7.84,0.00,0.00,0.00,0.00,39.3,0.14,2.16,Matchs
1837,Álex Moreno,es ESP,DF,Betis,es La Liga,29,1993,15.0,46.3,36.1,10.2,0.87,0.00,0.33,1.87,9.33,0.00,0.00,0.00,0.00,35.0,0.07,1.67,Matchs
1838,Diego Moreno,es ESP,DF,Osasuna,es La Liga,21,2001,7.1,45.6,34.6,11.0,0.42,0.00,0.14,2.82,10.6,0.00,0.00,0.00,0.00,30.4,0.00,1.97,Matchs
1839,Gerard Moreno,es ESP,AT,Villarreal,es La Liga,30,1992,13.7,35.3,33.4,1.31,0.00,0.36,0.44,0.58,0.22,0.00,0.00,0.00,0.00,25.8,0.51,1.31,Matchs
1840,Marlos Moreno,co COL,"MT,DF",Troyes,fr Ligue 1,25,1996,0.1,40.0,40.0,0.00,0.00,0.00,0.00,0.00,0.00,0.00,0.00,0.00,0.00,30.0,0.00,0.00,Matchs
1841,Tete Morente,es ESP,"MT,DF",Elche,es La Liga,25,1996,23.0,34.1,31.2,2.91,0.35,0.00,0.09,4.30,2.35,0.22,0.09,0.04,0.00,24.8,0.04,1.96,Matchs
1842,Ilaix Moriba,gn GUI,MT,Valencia,es La Liga,19,2003,11.2,44.7,43.8,0.71,0.36,0.36,0.27,0.36,0.27,0.00,0.00,0.00,0.00,36.0,0.18,0.89,Matchs
1843,Manu Morlanes,es ESP,MT,Villarreal,es La Liga,23,1999,1.8,25.6,23.3,1.67,1.67,0.00,0.00,0.00,0.00,0.00,0.00,0.00,0.00,20.0,0.56,1.11,Matchs
1844,Manu Morlanes,es ESP,MT,Mallorca,es La Liga,23,1999,7.8,29.0,28.5,0.38,0.26,0.26,0.38,0.26,0.00,0.00,0.00,0.00,0.00,24.4,0.13,0.64,Matchs
1845,Nikola Moro,hr CRO,MT,Bologna,it Serie A,24,1998,13.6,59.3,57.6,1.40,0.88,0.29,0.74,1.32,0.51,0.00,0.00,0.00,0.00,47.3,0.29,1.32,Matchs
1846,Loren Morón,es ESP,AT,Betis,es La Liga,28,1993,0.2,20.0,20.0,0.00,0.00,0.00,0.00,0.00,0.00,0.00,0.00,0.00,0.00,15.0,0.00,0.00,Matchs
1847,Cristhian Mosquera,co COL,DF,Valencia,es La Liga,18,2004,1.6,40.6,28.8,11.9,0.00,0.00,0.00,0.63,11.3,0.00,0.00,0.00,0.00,33.1,0.00,0.00,Matchs
1848,Dany Mota,pt POR,"AT,MT",Monza,it Serie A,24,1998,21.2,28.8,27.1,1.56,0.09,0.05,0.14,2.12,0.24,0.00,0.00,0.00,0.00,20.0,0.09,1.60,Matchs
1849,Lebo Mothiba,za RSA,"AT,MT",Strasbourg,fr Ligue 1,26,1996,4.8,20.4,18.1,2.29,0.00,0.00,0.00,0.83,0.21,0.00,0.00,0.00,0.00,15.6,0.00,0.00,Matchs
1850,Youssoufa Moukoko,de GER,AT,Dortmund,de Bundesliga,17,2004,12.7,15.9,13.9,1.97,0.00,0.08,0.08,0.39,0.08,0.00,0.00,0.00,0.00,11.2,0.08,0.87,Matchs
Clt,Joueur,Nation,Pos,Équipe,Comp,Âge,Naissance,90,Att,Action de jeu,Coup de pied arrêté,CF,Tr,Tr,Ctr,PCF,Co,Rentrant,Sortant,Droit,Cmp,HJ,Balles contrées,Matchs
1851,Steve Mounié,bj BEN,AT,Brest,fr Ligue 1,27,1994,18.4,24.9,24.7,0.11,0.00,0.00,0.05,0.49,0.11,0.00,0.00,0.00,0.00,13.8,0.11,0.76,Matchs
1852,Mason Mount,eng ENG,"MT,AT",Chelsea,eng Premier League,23,1999,18.3,42.5,38.6,3.72,0.93,0.33,0.44,3.50,0.27,1.86,0.60,01.04,0.05,32.0,0.22,1.26,Matchs
1853,Lucas Moura,br BRA,"MT,DF",Tottenham,eng Premier League,29,1992,1.7,52.4,48.8,3.53,0.00,0.59,0.00,5.29,2.94,0.59,0.00,0.00,0.00,36.5,0.00,3.53,Matchs
1854,Bevic Moussiti-Oko,cg CGO,AT,Ajaccio,fr Ligue 1,27,1995,7.8,20.9,19.2,1.41,0.00,0.00,0.00,0.51,0.00,0.00,0.00,0.00,0.00,11.5,0.26,0.90,Matchs
1855,João Moutinho,pt POR,MT,Wolves,eng Premier League,35,1986,19.8,53.4,47.3,5.86,2.78,0.35,0.30,2.98,0.15,1.72,0.51,0.76,0.00,42.9,0.25,01.01,Matchs
1856,João Moutinho,pt POR,"DF,AT",Spezia,it Serie A,24,1998,0.6,70.0,56.7,13.3,0.00,0.00,0.00,5.00,13.3,0.00,0.00,0.00,0.00,50.0,0.00,3.33,Matchs
1857,Samuel Moutoussamy,cd COD,MT,Nantes,fr Ligue 1,25,1996,26.7,45.9,45.2,0.64,0.52,0.07,0.37,0.34,0.11,0.00,0.00,0.00,0.00,39.4,0.11,0.90,Matchs
1858,Divin Mubama,eng ENG,AT,West Ham,eng Premier League,17,2004,0.4,20.0,17.5,2.50,2.50,0.00,0.00,0.00,0.00,0.00,0.00,0.00,0.00,12.5,0.00,0.00,Matchs
1859,Mykhailo Mudryk,ua UKR,"AT,MT",Chelsea,eng Premier League,21,2001,7.3,29.6,26.4,03.01,0.41,0.14,0.14,3.42,0.82,1.51,1.10,0.14,0.00,22.1,0.14,0.14,Matchs
1860,François Mughe,cm CMR,MT,Marseille,fr Ligue 1,18,2004,0.1,0.00,0.00,0.00,0.00,0.00,0.00,0.00,0.00,0.00,0.00,0.00,0.00,0.00,0.00,0.00,Matchs
1861,Nordi Mukiele,fr FRA,DF,Paris S-G,fr Ligue 1,24,1997,12.6,53.5,48.3,5.00,0.71,0.00,0.16,1.27,4.29,0.00,0.00,0.00,0.00,46.4,0.16,0.87,Matchs
1862,Mert Müldür,tr TUR,"AT,DF",Sassuolo,it Serie A,23,1999,0.1,30.0,30.0,0.00,0.00,0.00,0.00,0.00,0.00,0.00,0.00,0.00,0.00,30.0,0.00,0.00,Matchs
1863,Florian Müller,de GER,GB,Stuttgart,de Bundesliga,24,1997,19.0,38.6,30.3,8.26,1.21,0.00,0.05,0.00,0.05,0.00,0.00,0.00,0.00,31.4,0.05,0.05,Matchs
1864,Thomas Müller,de GER,"AT,MT",Bayern Munich,de Bundesliga,32,1989,18.5,44.9,42.9,1.57,0.16,0.49,0.22,1.68,0.86,0.16,0.00,0.00,0.00,33.6,0.43,01.08,Matchs
1865,Abdul Mumin,gh GHA,DF,Rayo Vallecano,es La Liga,24,1998,10.2,38.2,36.3,1.86,1.47,0.00,0.39,0.29,0.39,0.00,0.00,0.00,0.00,29.3,0.10,0.29,Matchs
1866,Marshall Munetsi,zw ZIM,MT,Reims,fr Ligue 1,26,1996,30.0,29.5,29.3,0.20,0.20,0.13,0.17,0.77,0.00,0.00,0.00,0.00,0.00,21.7,0.07,0.90,Matchs
1867,Iker Muniain,es ESP,"MT,AT",Athletic Club,es La Liga,29,1992,18.8,59.0,50.2,8.51,03.09,0.32,0.16,06.01,0.48,4.36,0.69,2.87,0.00,47.3,0.32,0.69,Matchs
1868,Aihen Muñoz,es ESP,DF,Real Sociedad,es La Liga,24,1997,19.5,52.7,42.3,10.1,0.82,0.00,0.15,2.77,9.23,0.00,0.00,0.00,0.00,40.1,0.36,1.49,Matchs
1869,Álvaro Muñoz,uy URU,AT,Real Madrid,es La Liga,18,2004,0.9,13.3,13.3,0.00,0.00,0.00,0.00,0.00,0.00,0.00,0.00,0.00,0.00,10.0,0.00,0.00,Matchs
1870,Iker Muñoz,es ESP,MT,Osasuna,es La Liga,19,2002,2.8,39.6,38.2,01.07,0.71,0.00,0.36,0.00,0.36,0.00,0.00,0.00,0.00,32.1,0.36,0.00,Matchs
1871,Pablo Muñoz,es ESP,MT,Rayo Vallecano,es La Liga,18,2003,0.1,20.0,20.0,0.00,0.00,0.00,0.00,0.00,0.00,0.00,0.00,0.00,0.00,20.0,0.00,0.00,Matchs
1872,Luis Muriel,co COL,"AT,MT",Atalanta,it Serie A,31,1991,11.9,45.3,38.2,6.97,0.76,0.67,1.18,6.89,01.01,3.95,2.10,1.43,0.00,29.7,0.17,1.43,Matchs
1873,Jeison Murillo,co COL,DF,Sampdoria,it Serie A,30,1992,11.7,47.6,42.8,4.53,2.48,0.09,0.60,0.09,02.05,0.00,0.00,0.00,0.00,39.0,0.26,0.60,Matchs
1874,Vedat Muriqi,xk KVX,AT,Mallorca,es La Liga,28,1994,32.6,25.4,25.1,0.28,0.00,0.09,0.12,0.34,0.00,0.00,0.00,0.00,0.00,14.5,0.00,0.95,Matchs
1875,Jacob Murphy,eng ENG,AT,Newcastle Utd,eng Premier League,27,1995,13.9,32.2,30.8,1.29,0.00,0.43,0.14,3.81,0.72,0.50,0.07,0.00,0.00,21.3,0.14,2.23,Matchs
Clt,Joueur,Nation,Pos,Équipe,Comp,Âge,Naissance,90,Att,Action de jeu,Coup de pied arrêté,CF,Tr,Tr,Ctr,PCF,Co,Rentrant,Sortant,Droit,Cmp,HJ,Balles contrées,Matchs
1876,Nicola Murru,it ITA,DF,Sampdoria,it Serie A,27,1994,8.7,38.0,34.0,3.91,0.46,0.00,0.00,01.03,3.45,0.00,0.00,0.00,0.00,29.2,0.11,0.46,Matchs
1877,Yunus Musah,us USA,MT,Valencia,es La Liga,19,2002,23.4,32.9,32.4,0.51,0.13,0.13,0.47,1.71,0.38,0.00,0.00,0.00,0.00,25.8,0.09,1.24,Matchs
1878,Jamal Musiala,de GER,"MT,AT",Bayern Munich,de Bundesliga,19,2003,24.4,41.7,40.8,0.66,0.00,0.12,0.08,0.45,0.41,0.00,0.00,0.00,0.00,35.1,0.29,1.19,Matchs
1879,Juan Musso,ar ARG,GB,Atalanta,it Serie A,28,1994,23.1,30.5,21.5,8.96,2.16,0.00,0.13,0.00,0.00,0.00,0.00,0.00,0.00,22.2,0.04,0.04,Matchs
1880,Marlon Mustapha,at AUT,"AT,MT",Mainz 05,de Bundesliga,21,2001,0.8,28.8,26.3,2.50,0.00,0.00,0.00,0.00,1.25,0.00,0.00,0.00,0.00,16.3,0.00,1.25,Matchs
1881,Yvon Mvogo,ch SUI,GB,Lorient,fr Ligue 1,28,1994,20.1,30.9,20.7,10.0,2.79,0.00,0.10,0.00,0.00,0.00,0.00,0.00,0.00,23.2,0.20,0.05,Matchs
1882,Enock Mwepu,zm ZAM,"AT,MT",Brighton,eng Premier League,24,1998,2.4,32.5,31.7,0.83,0.00,0.00,0.42,1.25,0.00,0.00,0.00,0.00,0.00,25.4,0.00,1.25,Matchs
1883,Francisco Mwepu,zm ZAM,AT,Cádiz,es La Liga,22,2000,0.2,20.0,20.0,0.00,0.00,0.00,0.00,0.00,0.00,0.00,0.00,0.00,0.00,20.0,0.00,0.00,Matchs
1884,Vitaliy Mykolenko,ua UKR,DF,Everton,eng Premier League,23,1999,29.5,43.8,35.4,8.10,0.34,0.03,0.10,1.93,7.69,0.07,0.03,0.03,0.00,32.7,0.27,01.02,Matchs
1885,Joakim Mæhle,dk DEN,"DF,MT",Atalanta,it Serie A,25,1997,24.5,59.4,49.4,9.76,0.29,0.04,0.08,1.55,9.43,0.04,0.00,0.04,0.00,48.5,0.20,1.71,Matchs
1886,Obite N'Dicka,ci CIV,DF,Eint Frankfurt,de Bundesliga,22,1999,29.9,60.7,58.7,1.94,1.74,0.03,0.23,0.13,0.20,0.00,0.00,0.00,0.00,52.3,0.07,0.47,Matchs
1887,Nathan N'Goumou,fr FRA,AT,Toulouse,fr Ligue 1,22,2000,1.0,30.0,29.0,1.00,0.00,0.00,0.00,1.00,1.00,0.00,0.00,0.00,0.00,25.0,0.00,1.00,Matchs
1888,Nathan N'Goumou,fr FRA,AT,M'Gladbach,de Bundesliga,22,2000,7.7,29.4,26.8,2.47,0.39,0.00,0.00,2.60,1.95,0.00,0.00,0.00,0.00,21.6,0.13,1.82,Matchs
1889,Stanley N'Soki,fr FRA,DF,Hoffenheim,de Bundesliga,23,1999,14.3,55.7,53.3,2.31,1.26,0.07,0.56,0.07,01.05,0.00,0.00,0.00,0.00,45.6,0.07,0.49,Matchs
1890,Herculano Nabian,pt POR,MT,Empoli,it Serie A,18,2004,0.0,0,0,0,0,0,0,0,0,0,0,0,0,0,0,0,Matchs
1891,Nacho,es ESP,DF,Real Madrid,es La Liga,32,1990,18.2,65.1,58.9,6.15,1.76,0.00,0.27,0.77,4.18,0.00,0.00,0.00,0.00,59.6,0.00,0.38,Matchs
1892,Nikolas Nartey,dk DEN,"DF,MT",Stuttgart,de Bundesliga,22,2000,5.3,53.2,44.2,8.87,2.26,0.00,0.19,1.70,6.60,0.00,0.00,0.00,0.00,42.5,0.19,1.32,Matchs
1893,Juanjo Narváez,co COL,"MT,AT",Valladolid,es La Liga,27,1995,1.6,22.5,21.9,0.00,0.00,0.00,0.00,0.63,0.00,0.00,0.00,0.00,0.00,15.6,0.63,1.25,Matchs
1894,Matija Nastasić,rs SRB,DF,Mallorca,es La Liga,29,1993,10.1,29.5,28.2,01.09,0.99,0.00,0.30,0.10,0.10,0.00,0.00,0.00,0.00,23.6,0.20,0.30,Matchs
1895,Roberto Navarro,es ESP,"MT,AT",Real Sociedad,es La Liga,20,2002,3.9,35.4,30.5,4.62,1.54,0.00,0.26,4.10,0.00,2.82,1.28,0.77,0.00,25.4,0.26,1.28,Matchs
1896,Jesús Navas,es ESP,"DF,AT",Sevilla,es La Liga,36,1985,22.0,60.5,51.3,8.91,0.91,0.09,0.77,6.14,8.00,0.00,0.00,0.00,0.00,45.5,0.36,1.86,Matchs
1897,Keylor Navas,cr CRC,GB,Nott'ham Forest,eng Premier League,35,1986,17.0,31.4,18.4,12.8,3.88,0.00,0.00,0.00,0.00,0.00,0.00,0.00,0.00,18.0,0.29,0.00,Matchs
1898,Michel Ndary Adopo,fr FRA,"MT,DF",Torino,it Serie A,22,2000,2.9,48.6,46.9,1.72,1.38,0.00,0.34,0.00,0.00,0.00,0.00,0.00,0.00,42.1,0.00,0.34,Matchs
1899,Youssouf Ndayishimiye,bi BDI,"MT,DF",Nice,fr Ligue 1,23,1998,6.3,59.4,57.8,1.43,1.27,0.16,0.00,0.32,0.16,0.00,0.00,0.00,0.00,53.5,0.16,0.32,Matchs
1900,Papa Ndiaga Yade,sn SEN,"DF,MT",Troyes,fr Ligue 1,22,2000,6.3,55.1,47.9,7.14,0.16,0.16,0.48,4.76,6.98,0.00,0.00,0.00,0.00,39.7,0.00,1.59,Matchs
Clt,Joueur,Nation,Pos,Équipe,Comp,Âge,Naissance,90,Att,Action de jeu,Coup de pied arrêté,CF,Tr,Tr,Ctr,PCF,Co,Rentrant,Sortant,Droit,Cmp,HJ,Balles contrées,Matchs
1901,Wilfred Ndidi,ng NGA,MT,Leicester City,eng Premier League,25,1996,18.7,48.1,46.4,1.66,1.34,0.05,0.27,0.11,0.16,0.00,0.00,0.00,0.00,40.3,0.00,01.02,Matchs
1902,Tanguy Ndombele,fr FRA,MT,Napoli,it Serie A,25,1996,9.0,63.8,62.4,1.33,0.89,0.11,0.00,0.11,0.22,0.00,0.00,0.00,0.00,56.0,0.00,1.44,Matchs
1903,Álvaro Negredo,es ESP,AT,Cádiz,es La Liga,36,1985,8.4,20.6,18.2,2.38,0.12,0.36,0.48,0.24,0.00,0.00,0.00,0.00,0.00,12.6,0.00,0.48,Matchs
1904,Reiss Nelson,eng ENG,AT,Arsenal,eng Premier League,22,1999,2.4,50.0,49.2,0.83,0.00,0.00,0.00,5.00,0.00,0.83,0.83,0.00,0.00,42.1,0.00,0.42,Matchs
1905,Ilija Nestorovski,mk MKD,"AT,MT",Udinese,it Serie A,32,1990,7.1,23.0,21.5,1.27,0.00,0.85,0.14,0.00,0.00,0.00,0.00,0.00,0.00,16.3,0.14,0.85,Matchs
1906,Neto,br BRA,GB,Bournemouth,eng Premier League,33,1989,26.5,31.4,19.4,12.0,3.32,0.00,0.04,0.00,0.00,0.00,0.00,0.00,0.00,19.7,0.04,0.00,Matchs
1907,Pedro Neto,pt POR,"AT,MT",Wolves,eng Premier League,22,2000,10.7,35.9,32.0,3.93,01.03,0.19,0.28,6.17,0.56,2.34,01.03,0.84,0.00,26.5,0.00,1.31,Matchs
1908,Luca Netz,de GER,DF,M'Gladbach,de Bundesliga,19,2003,7.8,44.6,36.7,7.82,1.15,0.13,0.00,0.77,6.15,0.51,0.38,0.00,0.00,35.8,0.13,1.15,Matchs
1909,Manuel Neuer,de GER,GB,Bayern Munich,de Bundesliga,36,1986,12.0,42.0,34.6,7.42,1.58,0.00,0.00,0.00,0.08,0.00,0.00,0.00,0.00,37.4,0.00,0.00,Matchs
1910,Florian Neuhaus,de GER,MT,M'Gladbach,de Bundesliga,25,1997,15.6,41.3,40.1,0.90,0.51,0.32,0.26,0.45,0.13,0.00,0.00,0.00,0.00,32.7,0.32,1.35,Matchs
1911,Rúben Neves,pt POR,MT,Wolves,eng Premier League,25,1997,33.5,62.9,58.1,4.57,3.43,0.21,0.72,1.58,0.33,0.63,0.09,0.48,0.00,51.6,0.24,0.90,Matchs
1912,Neymar,br BRA,"MT,AT",Paris S-G,fr Ligue 1,30,1992,17.2,73.4,66.7,6.16,1.92,1.45,0.47,3.14,0.70,03.02,1.51,0.47,0.00,58.8,0.52,1.57,Matchs
1913,Jessic Ngankam,de GER,"AT,MT",Hertha BSC,de Bundesliga,22,2000,9.2,12.3,11.7,0.54,0.11,0.00,0.22,0.22,0.11,0.00,0.00,0.00,0.00,7.61,0.00,0.54,Matchs
1914,Cyril Ngonge,be BEL,"MT,AT",Hellas Verona,it Serie A,22,2000,8.3,21.1,19.3,1.45,0.24,0.12,0.12,2.17,0.00,0.84,0.36,0.36,0.00,11.8,0.36,0.96,Matchs
1915,Moussa Niakhate,sn SEN,DF,Nott'ham Forest,eng Premier League,26,1996,12.9,30.3,22.7,7.60,0.62,0.00,0.00,0.16,6.98,0.00,0.00,0.00,0.00,20.5,0.00,0.62,Matchs
1916,Ibrahima Niane,sn SEN,AT,Angers,fr Ligue 1,23,1999,12.6,18.4,16.3,1.98,0.08,0.16,0.24,0.56,0.16,0.00,0.00,0.00,0.00,13.9,0.08,0.48,Matchs
1917,M'Baye Niang,sn SEN,AT,Auxerre,fr Ligue 1,27,1994,16.5,18.0,15.8,2.24,0.06,0.00,0.06,0.48,0.24,0.00,0.00,0.00,0.00,11.4,0.00,1.21,Matchs
1918,Tanguy Nianzou,fr FRA,DF,Sevilla,es La Liga,20,2002,15.2,50.8,49.2,1.45,1.32,0.07,0.20,0.07,0.07,0.00,0.00,0.00,0.00,44.5,0.13,0.33,Matchs
1919,Rasmus Nicolaisen,dk DEN,DF,Toulouse,fr Ligue 1,25,1997,33.3,52.9,51.7,1.20,1.11,0.00,0.60,0.00,0.09,0.00,0.00,0.00,0.00,44.6,0.06,0.30,Matchs
1920,Hans Nicolussi Caviglia,it ITA,MT,Salernitana,it Serie A,22,2000,6.5,38.2,36.3,1.54,1.23,0.00,0.31,0.62,0.00,0.31,0.00,0.00,0.00,28.3,0.31,0.62,Matchs
1921,Florian Niederlechner,de GER,"AT,MT",Augsburg,de Bundesliga,31,1990,10.1,19.8,17.3,2.38,0.10,0.20,0.00,0.40,0.30,0.00,0.00,0.00,0.00,11.7,0.10,0.89,Matchs
1922,Florian Niederlechner,de GER,AT,Hertha BSC,de Bundesliga,31,1990,8.7,16.8,16.0,0.80,0.00,0.00,0.11,0.46,0.00,0.00,0.00,0.00,0.00,10.9,0.00,0.69,Matchs
1923,Saúl Ñíguez,es ESP,"MT,DF",Atlético Madrid,es La Liga,27,1994,12.2,42.6,40.3,2.13,0.16,0.16,0.08,1.23,1.89,0.00,0.00,0.00,0.00,33.4,0.16,0.74,Matchs
1924,Dimitris Nikolaou,gr GRE,DF,Spezia,it Serie A,23,1998,32.9,50.5,46.2,4.13,1.46,0.00,0.76,0.55,02.04,0.00,0.00,0.00,0.00,41.0,0.15,0.30,Matchs
1925,Fernando Niño,es ESP,"MT,AT",Villarreal,es La Liga,21,2000,0.2,25.0,25.0,0.00,0.00,0.00,0.00,0.00,0.00,0.00,0.00,0.00,0.00,25.0,0.00,0.00,Matchs
Clt,Joueur,Nation,Pos,Équipe,Comp,Âge,Naissance,90,Att,Action de jeu,Coup de pied arrêté,CF,Tr,Tr,Ctr,PCF,Co,Rentrant,Sortant,Droit,Cmp,HJ,Balles contrées,Matchs
1926,Rasmus Nissen,dk DEN,DF,Leeds United,eng Premier League,25,1997,21.8,47.9,39.5,8.30,0.32,0.00,0.14,1.61,7.98,0.00,0.00,0.00,0.00,33.9,0.09,1.74,Matchs
1927,Justin Njinmah,de GER,AT,Dortmund,de Bundesliga,21,2000,0.2,10.0,10.0,0.00,0.00,0.00,0.00,0.00,0.00,0.00,0.00,0.00,0.00,0.00,0.00,10.0,Matchs
1928,Eddie Nketiah,eng ENG,AT,Arsenal,eng Premier League,23,1999,12.1,21.1,19.1,1.98,0.00,0.00,0.08,0.41,0.00,0.00,0.00,0.00,0.00,16.9,0.00,0.91,Matchs
1929,Christopher Nkunku,fr FRA,"AT,MT",RB Leipzig,de Bundesliga,24,1997,21.1,29.4,27.5,1.75,0.52,0.52,0.24,0.81,0.24,0.28,0.09,0.09,0.00,23.6,0.14,0.95,Matchs
1930,Felix Nmecha,de GER,MT,Wolfsburg,de Bundesliga,21,2000,20.4,34.6,33.9,0.49,0.10,0.39,0.44,0.34,0.15,0.00,0.00,0.00,0.00,26.2,0.25,0.69,Matchs
1931,Lukas Nmecha,de GER,AT,Wolfsburg,de Bundesliga,23,1998,10.0,20.1,18.8,1.20,0.00,0.10,0.20,0.20,0.30,0.00,0.00,0.00,0.00,13.3,0.10,0.80,Matchs
1932,Arnaud Nordin,fr FRA,AT,Montpellier,fr Ligue 1,24,1998,26.7,24.8,23.6,01.05,0.15,0.07,0.07,1.84,0.49,0.15,0.04,0.07,0.00,18.2,0.07,0.90,Matchs
1933,Riad Nouri,fr FRA,"MT,AT",Ajaccio,fr Ligue 1,37,1985,18.8,33.4,30.7,2.39,01.01,0.00,0.16,4.57,0.59,0.80,0.05,0.64,0.00,22.6,0.27,1.44,Matchs
1934,Hugo Novoa,es ESP,"DF,AT",RB Leipzig,de Bundesliga,19,2003,2.0,54.0,43.5,10.5,1.00,0.00,0.50,5.00,9.50,0.00,0.00,0.00,0.00,38.5,0.00,3.00,Matchs
1935,Samuel Ntanda,be BEL,MT,Sampdoria,it Serie A,17,2005,0.0,1,1,0,0,0,0,0,0,0,0,0,0,1,0,0,Matchs
1936,Randy Ntekja,fr FRA,"AT,MT",Elche,es La Liga,24,1997,8.1,21.1,19.9,1.11,0.12,0.12,0.12,0.00,0.25,0.00,0.00,0.00,0.00,14.6,0.12,0.86,Matchs
1937,Randy Ntekja,fr FRA,"AT,MT",Rayo Vallecano,es La Liga,24,1997,1.3,50.0,49.2,0.00,0.00,0.77,0.00,0.00,0.00,0.00,0.00,0.00,0.00,37.7,0.77,1.54,Matchs
1938,Alexander Nübel,de GER,GB,Monaco,fr Ligue 1,25,1996,38.0,30.0,20.7,9.34,2.34,0.03,0.05,0.00,0.00,0.00,0.00,0.00,0.00,22.4,0.00,0.00,Matchs
1939,Matheus Nunes,pt POR,MT,Wolves,eng Premier League,23,1998,27.4,37.5,36.3,1.13,0.51,0.22,1.20,1.57,0.29,0.33,0.11,0.15,0.00,29.9,0.11,0.84,Matchs
1940,Darwin Núñez,uy URU,AT,Liverpool,eng Premier League,23,1999,18.8,21.3,20.5,0.59,0.00,0.11,0.43,0.96,0.43,0.05,0.00,0.00,0.00,13.7,0.21,1.17,Matchs
1941,Unai Núñez,es ESP,DF,Celta Vigo,es La Liga,25,1997,35.0,57.8,56.2,1.51,1.40,0.00,0.97,0.09,0.11,0.00,0.00,0.00,0.00,49.8,0.09,0.31,Matchs
1942,Bram Nuytinck,nl NED,DF,Udinese,it Serie A,32,1990,4.3,32.3,28.8,3.26,0.93,0.00,0.70,0.00,02.09,0.00,0.00,0.00,0.00,26.3,0.23,0.47,Matchs
1943,Bram Nuytinck,nl NED,DF,Sampdoria,it Serie A,32,1990,16.6,39.7,37.8,1.57,1.45,0.00,0.06,0.00,0.12,0.00,0.00,0.00,0.00,33.7,0.30,0.18,Matchs
1944,Ethan Nwaneri,eng ENG,AT,Arsenal,eng Premier League,15,2007,0.0,0,0,0,0,0,0,0,0,0,0,0,0,0,0,0,Matchs
1945,Gerzino Nyamsi,fr FRA,DF,Strasbourg,fr Ligue 1,25,1997,17.5,48.1,46.3,1.77,1.71,0.00,0.23,0.06,0.06,0.00,0.00,0.00,0.00,40.6,0.00,0.34,Matchs
1946,Ørjan Nyland,no NOR,GB,RB Leipzig,de Bundesliga,31,1990,2.0,49.5,41.0,8.00,0.50,0.00,0.50,0.00,0.00,0.00,0.00,0.00,0.00,37.5,0.50,0.00,Matchs
1947,M'Bala Nzola,ao ANG,AT,Spezia,it Serie A,25,1996,29.5,20.1,19.2,0.85,0.14,0.00,0.03,0.34,0.20,0.00,0.00,0.00,0.00,16.0,0.07,0.58,Matchs
1948,Christian Nørgaard,dk DEN,MT,Brentford,eng Premier League,28,1994,19.6,41.4,40.2,0.97,0.51,0.10,0.31,0.56,0.10,0.00,0.00,0.00,0.00,31.0,0.31,0.56,Matchs
1949,Lewis O'Brien,eng ENG,MT,Nott'ham Forest,eng Premier League,23,1998,6.5,32.9,31.8,01.08,0.62,0.00,0.00,0.62,0.46,0.00,0.00,0.00,0.00,25.5,0.00,0.62,Matchs
1950,Pedro Obiang,gq EQG,MT,Sassuolo,it Serie A,30,1992,9.7,45.2,42.4,2.58,2.58,0.00,1.24,0.10,0.00,0.00,0.00,0.00,0.00,37.4,0.21,0.62,Matchs
Clt,Joueur,Nation,Pos,Équipe,Comp,Âge,Naissance,90,Att,Action de jeu,Coup de pied arrêté,CF,Tr,Tr,Ctr,PCF,Co,Rentrant,Sortant,Droit,Cmp,HJ,Balles contrées,Matchs
1951,Jan Oblak,si SVN,GB,Atlético Madrid,es La Liga,29,1993,27.7,29.5,18.8,10.5,2.31,0.00,0.04,0.00,0.00,0.00,0.00,0.00,0.00,19.4,0.11,0.00,Matchs
1952,Brian Ocampo,uy URU,"MT,AT",Cádiz,es La Liga,23,1999,12.4,29.8,27.3,2.18,0.40,0.00,0.24,2.74,0.40,1.37,0.89,0.24,0.08,22.1,0.32,0.89,Matchs
1953,Lucas Ocampos,ar ARG,"AT,MT",Sevilla,es La Liga,28,1994,12.9,34.9,32.4,02.09,0.16,0.00,0.16,02.02,1.40,0.08,0.00,0.00,0.00,25.8,0.39,01.01,Matchs
1954,Guillermo Ochoa,mx MEX,GB,Salernitana,it Serie A,37,1985,20.0,38.0,23.8,14.0,4.00,0.00,0.00,0.00,0.00,0.00,0.00,0.00,0.00,22.1,0.20,0.00,Matchs
1955,Wilson Odobert,fr FRA,"MT,AT",Troyes,fr Ligue 1,17,2004,19.6,27.4,25.9,1.33,0.10,0.15,0.15,1.73,0.31,0.82,0.46,0.00,0.00,20.8,0.20,01.07,Matchs
1956,Álvaro Odriozola,es ESP,DF,Real Madrid,es La Liga,26,1995,0.4,70.0,62.5,7.50,0.00,0.00,0.00,7.50,7.50,0.00,0.00,0.00,0.00,67.5,0.00,0.00,Matchs
1957,Tim Oermann,de GER,DF,Bochum,de Bundesliga,18,2003,2.2,23.2,23.2,0.00,0.00,0.00,0.00,0.00,0.00,0.00,0.00,0.00,0.00,17.7,0.00,0.45,Matchs
1958,Odeluga Offiah,eng ENG,DF,Brighton,eng Premier League,19,2002,0.3,100.0,96.7,3.33,0.00,0.00,0.00,0.00,3.33,0.00,0.00,0.00,0.00,80.0,0.00,0.00,Matchs
1959,Angelo Ogbonna,it ITA,DF,West Ham,eng Premier League,34,1988,13.7,30.3,29.6,0.66,0.51,0.00,0.00,0.00,0.00,0.00,0.00,0.00,0.00,24.2,0.00,0.15,Matchs
1960,Florent Ogier,fr FRA,DF,Clermont Foot,fr Ligue 1,33,1989,18.9,49.5,45.2,4.23,1.75,0.00,0.16,0.16,1.96,0.00,0.00,0.00,0.00,39.2,0.05,0.90,Matchs
1961,Marios Oikonomou,gr GRE,DF,Sampdoria,it Serie A,29,1992,2.4,35.4,32.9,2.50,1.25,0.00,0.42,0.00,1.25,0.00,0.00,0.00,0.00,26.3,0.00,0.00,Matchs
1962,David Okereke,ng NGA,"AT,MT",Cremonese,it Serie A,24,1997,25.2,20.0,19.2,0.56,0.04,0.12,0.20,0.87,0.28,0.00,0.00,0.00,0.00,14.0,0.20,0.99,Matchs
1963,Caleb Okoli,it ITA,DF,Atalanta,it Serie A,21,2001,10.7,42.8,39.2,3.46,1.68,0.00,0.28,0.19,1.59,0.00,0.00,0.00,0.00,32.2,0.19,0.75,Matchs
1964,Olasagasti,es ESP,"MT,DF",Real Sociedad,es La Liga,21,2000,0.7,68.6,67.1,1.43,1.43,0.00,2.86,0.00,0.00,0.00,0.00,0.00,0.00,55.7,0.00,0.00,Matchs
1965,Lucas Olaza,uy URU,DF,Valladolid,es La Liga,28,1994,16.6,48.0,35.9,12.0,1.63,0.00,0.18,4.28,9.22,1.14,0.06,0.96,0.00,36.5,0.12,1.69,Matchs
1966,Finn Ole Becker,de GER,MT,Hoffenheim,de Bundesliga,22,2000,5.7,36.8,32.3,4.39,0.35,0.00,0.00,0.53,04.04,0.00,0.00,0.00,0.00,26.0,0.18,0.88,Matchs
1967,Mathias Olesen,lu LUX,MT,Köln,de Bundesliga,21,2001,5.3,29.6,28.5,0.94,0.19,0.00,0.38,0.38,0.00,0.00,0.00,0.00,0.00,23.2,0.19,0.75,Matchs
1968,Michael Olise,fr FRA,"AT,MT",Crystal Palace,eng Premier League,20,2001,30.5,46.6,39.0,7.51,02.07,0.13,0.69,7.93,0.59,4.16,1.90,1.51,0.13,32.3,0.07,1.61,Matchs
1969,Brian Oliván,es ESP,DF,Espanyol,es La Liga,28,1994,26.7,41.4,32.2,09.06,0.67,0.00,0.45,5.24,7.90,0.49,0.22,0.15,0.00,25.8,0.19,1.27,Matchs
1970,Lucas Oliveira Rosa,br BRA,DF,Valladolid,es La Liga,22,2000,10.3,42.4,32.2,10.1,0.49,0.10,0.10,3.59,9.61,0.00,0.00,0.00,0.00,30.6,0.10,1.46,Matchs
1971,Mathías Olivera,uy URU,DF,Napoli,it Serie A,24,1997,18.3,75.5,64.3,11.0,1.42,0.05,0.44,01.04,9.45,0.11,0.05,0.00,0.00,65.6,0.22,01.04,Matchs
1972,Dani Olmo,es ESP,"MT,AT",RB Leipzig,de Bundesliga,24,1998,14.2,42.0,39.4,02.04,0.70,1.48,0.42,0.77,0.21,0.70,0.14,0.00,0.00,31.7,0.49,1.62,Matchs
1973,Jan Olschowsky,de GER,GB,M'Gladbach,de Bundesliga,20,2001,4.0,39.8,28.8,11.0,2.00,0.00,0.00,0.00,0.00,0.00,0.00,0.00,0.00,32.8,0.00,0.00,Matchs
1974,Robin Olsen,se SWE,GB,Aston Villa,eng Premier League,32,1990,3.1,42.3,28.7,12.9,3.87,0.00,0.32,0.00,0.00,0.00,0.00,0.00,0.00,23.9,0.65,0.32,Matchs
1975,Warmed Omari,fr FRA,DF,Rennes,fr Ligue 1,22,2000,15.1,65.0,63.3,1.66,1.52,0.26,0.00,0.00,0.00,0.00,0.00,0.00,0.00,60.3,0.07,0.07,Matchs
Clt,Joueur,Nation,Pos,Équipe,Comp,Âge,Naissance,90,Att,Action de jeu,Coup de pied arrêté,CF,Tr,Tr,Ctr,PCF,Co,Rentrant,Sortant,Droit,Cmp,HJ,Balles contrées,Matchs
1976,Jonas Omlin,ch SUI,GB,Montpellier,fr Ligue 1,28,1994,13.0,31.9,21.8,10.2,3.62,0.00,0.15,0.00,0.00,0.00,0.00,0.00,0.00,22.7,0.00,0.00,Matchs
1977,Jonas Omlin,ch SUI,GB,M'Gladbach,de Bundesliga,28,1994,14.3,51.6,42.2,9.37,2.38,0.00,0.21,0.00,0.00,0.00,0.00,0.00,0.00,41.6,0.00,0.00,Matchs
1978,Ado Onaiwu,jp JPN,AT,Toulouse,fr Ligue 1,26,1995,12.0,28.1,27.3,0.58,0.08,0.17,0.25,0.42,0.17,0.00,0.00,0.00,0.00,21.0,0.17,1.33,Matchs
1979,Amadou Onana,be BEL,MT,Everton,eng Premier League,20,2001,27.6,35.5,35.1,0.22,0.14,0.18,0.25,0.18,0.04,0.00,0.00,0.00,0.00,29.6,0.14,0.22,Matchs
1980,André Onana,cm CMR,GB,Inter,it Serie A,26,1996,24.0,42.9,35.2,7.58,1.25,0.00,0.25,0.00,0.00,0.00,0.00,0.00,0.00,34.9,0.13,0.00,Matchs
1981,Jean Onana,cm CMR,"MT,DF",Lens,fr Ligue 1,22,2000,9.0,53.1,51.3,1.44,1.33,0.00,0.22,0.33,0.11,0.00,0.00,0.00,0.00,45.8,0.33,0.44,Matchs
1982,Karim Onisiwo,at AUT,"AT,MT",Mainz 05,de Bundesliga,30,1992,28.2,21.6,19.1,2.38,0.00,0.07,0.04,02.02,0.25,0.00,0.00,0.00,0.00,12.2,0.11,1.56,Matchs
1983,Josh Onomah,eng ENG,MT,Fulham,eng Premier League,25,1997,0.2,30.0,30.0,0.00,0.00,0.00,0.00,0.00,0.00,0.00,0.00,0.00,0.00,20.0,0.00,5.00,Matchs
1984,Paul Onuachu,ng NGA,AT,Southampton,eng Premier League,28,1994,4.5,20.2,20.0,0.22,0.22,0.00,0.44,0.00,0.00,0.00,0.00,0.00,0.00,12.2,0.00,0.89,Matchs
1985,Frank Onyeka,ng NGA,MT,Brentford,eng Premier League,24,1998,9.4,27.3,27.1,0.11,0.00,0.00,0.11,0.21,0.11,0.00,0.00,0.00,0.00,20.5,0.11,0.96,Matchs
1986,Loïs Openda,be BEL,AT,Lens,fr Ligue 1,22,2000,28.0,15.8,13.6,2.11,0.04,0.25,0.11,01.07,0.29,0.00,0.00,0.00,0.00,10.6,0.07,0.79,Matchs
1987,Willi Orban,hu HUN,DF,RB Leipzig,de Bundesliga,29,1992,32.8,80.4,77.9,2.44,2.26,0.03,0.46,0.09,0.09,0.00,0.00,0.00,0.00,71.5,0.12,0.46,Matchs
1988,Ivan Ordets,ua UKR,DF,Bochum,de Bundesliga,30,1992,27.2,36.9,36.0,0.85,0.37,0.04,0.33,0.04,0.33,0.00,0.00,0.00,0.00,26.9,0.07,0.15,Matchs
1989,Divock Origi,be BEL,AT,Milan,it Serie A,27,1995,11.4,16.9,16.1,0.70,0.00,0.09,0.09,0.96,0.00,0.00,0.00,0.00,0.00,11.2,0.09,0.53,Matchs
1990,Aimar Oroz,es ESP,"MT,AT",Osasuna,es La Liga,20,2001,22.4,36.6,34.7,1.65,0.40,0.18,0.18,0.31,0.04,0.09,0.04,0.00,0.00,29.0,0.22,1.21,Matchs
1991,Mislav Oršić,hr CRO,MT,Southampton,eng Premier League,29,1992,0.1,30.0,20.0,10.0,0.00,0.00,0.00,0.00,10.0,0.00,0.00,0.00,0.00,20.0,0.00,0.00,Matchs
1992,Riccardo Orsolini,it ITA,AT,Bologna,it Serie A,25,1997,23.6,36.7,32.9,3.77,1.10,0.00,1.27,4.19,0.21,2.37,1.48,0.55,0.00,23.4,0.04,1.74,Matchs
1993,Stefan Ortega,de GER,GB,Manchester City,eng Premier League,29,1992,3.0,55.7,50.7,5.00,1.00,0.00,0.00,0.00,0.00,0.00,0.00,0.00,0.00,48.3,0.00,0.33,Matchs
1994,Pedro Ortiz,es ESP,MT,Sevilla,es La Liga,21,2000,0.0,1,1,0,0,0,0,0,0,0,0,0,0,1,0,0,Matchs
1995,Jordi Osei-Tutu,eng ENG,"DF,AT",Bochum,de Bundesliga,23,1998,8.3,26.1,21.2,4.70,0.24,0.00,0.00,1.81,4.10,0.36,0.00,0.00,0.00,18.1,0.24,0.84,Matchs
1996,Victor Osimhen,ng NGA,AT,Napoli,it Serie A,23,1998,28.5,14.0,13.4,0.60,0.00,0.04,0.11,0.67,0.32,0.00,0.00,0.00,0.00,9.68,0.00,0.95,Matchs
1997,Patrick Osterhage,de GER,MT,Bochum,de Bundesliga,22,2000,11.4,29.8,28.8,0.96,0.26,0.18,0.00,01.05,0.70,0.00,0.00,0.00,0.00,20.9,0.09,1.23,Matchs
1998,Paulo Otávio,br BRA,DF,Wolfsburg,de Bundesliga,27,1994,22.7,52.1,42.9,8.99,0.62,0.09,0.22,3.00,8.37,0.00,0.00,0.00,0.00,38.5,0.18,1.59,Matchs
1999,Dango Ouattara,bf BFA,"MT,AT",Bournemouth,eng Premier League,20,2002,13.8,24.2,23.3,0.72,0.00,0.36,0.36,2.17,0.51,0.07,0.00,0.00,0.00,15.2,0.14,0.87,Matchs
2000,Dango Ouattara,bf BFA,"AT,MT",Lorient,fr Ligue 1,20,2002,17.2,25.8,25.1,0.70,0.06,0.35,0.00,1.92,0.47,0.12,0.00,0.00,0.00,15.5,0.06,0.58,Matchs
Clt,Joueur,Nation,Pos,Équipe,Comp,Âge,Naissance,90,Att,Action de jeu,Coup de pied arrêté,CF,Tr,Tr,Ctr,PCF,Co,Rentrant,Sortant,Droit,Cmp,HJ,Balles contrées,Matchs
2001,Remi Oudin,fr FRA,"AT,MT",Lecce,it Serie A,25,1996,14.7,40.5,33.5,6.87,1.90,0.14,0.82,7.69,0.95,04.01,1.36,2.38,0.00,25.3,0.20,1.84,Matchs
2002,Zinédine Ould Khaled,fr FRA,"MT,AT",Angers,fr Ligue 1,22,2000,0.6,60.0,60.0,0.00,0.00,0.00,0.00,0.00,0.00,0.00,0.00,0.00,0.00,56.7,0.00,0.00,Matchs
2003,Azzedine Ounahi,ma MAR,"MT,AT",Marseille,fr Ligue 1,22,2000,1.3,72.3,72.3,0.00,0.00,0.77,0.00,0.00,0.00,0.00,0.00,0.00,0.00,66.9,0.00,1.54,Matchs
2004,Azzedine Ounahi,ma MAR,"MT,AT",Angers,fr Ligue 1,22,2000,12.5,50.4,48.2,1.92,01.04,0.16,0.56,1.36,0.32,0.40,0.32,0.00,0.00,43.4,0.24,0.88,Matchs
2005,Adam Ounas,dz ALG,AT,Napoli,it Serie A,25,1996,0.2,85.0,80.0,0.00,0.00,0.00,5.00,0.00,0.00,0.00,0.00,0.00,0.00,65.0,5.00,5.00,Matchs
2006,Adam Ounas,dz ALG,"AT,MT",Lille,fr Ligue 1,25,1996,11.8,48.2,43.2,4.58,0.93,0.42,0.42,6.36,0.59,03.05,1.27,0.68,0.00,34.2,0.42,1.61,Matchs
2007,Thomas Ouwejan,nl NED,DF,Schalke 04,de Bundesliga,25,1996,10.0,50.3,33.2,16.4,3.20,0.00,0.20,9.60,9.10,4.10,2.20,1.80,0.00,29.5,0.70,1.70,Matchs
2008,Reece Oxford,eng ENG,DF,Augsburg,de Bundesliga,23,1998,1.0,52.0,50.0,1.00,1.00,0.00,0.00,0.00,0.00,0.00,0.00,0.00,0.00,28.0,1.00,0.00,Matchs
2009,Alex Oxlade-Chamberlain,eng ENG,"AT,MT",Liverpool,eng Premier League,28,1993,3.7,28.6,27.6,0.54,0.00,0.54,0.81,0.54,0.54,0.00,0.00,0.00,0.00,20.3,0.54,01.08,Matchs
2010,Mikel Oyarzabal,es ESP,"AT,MT",Real Sociedad,es La Liga,25,1997,13.5,29.0,27.3,1.63,0.67,0.07,0.15,02.07,0.22,0.52,0.37,0.07,0.00,21.1,0.15,1.33,Matchs
2011,Salih Özcan,tr TUR,MT,Dortmund,de Bundesliga,24,1998,17.5,57.1,54.8,2.23,1.77,0.06,0.34,0.17,0.34,0.00,0.00,0.00,0.00,50.4,0.06,0.40,Matchs
2012,Cenk Özkacar,tr TUR,DF,Valencia,es La Liga,21,2000,15.2,50.6,48.9,1.51,1.18,0.00,01.05,0.20,0.13,0.00,0.00,0.00,0.00,42.5,0.13,0.53,Matchs
2013,David Ozoh,eng ENG,AT,Crystal Palace,eng Premier League,17,2005,0.0,3,3,0,0,0,0,0,0,0,0,0,0,3,0,0,Matchs
2014,Levin Öztunalı,de GER,MT,Union Berlin,de Bundesliga,26,1996,0.1,10.0,10.0,0.00,0.00,10.0,0.00,0.00,0.00,0.00,0.00,0.00,0.00,10.0,0.00,0.00,Matchs
2015,Fernando Pacheco,es ESP,GB,Almería,es La Liga,30,1992,1.0,31.0,22.0,8.00,4.00,0.00,0.00,0.00,0.00,0.00,0.00,0.00,0.00,20.0,1.00,0.00,Matchs
2016,Fernando Pacheco,es ESP,GB,Espanyol,es La Liga,30,1992,16.0,34.8,22.9,11.7,3.13,0.00,0.00,0.00,0.00,0.00,0.00,0.00,0.00,24.9,0.19,0.00,Matchs
2017,Jon Pacheco,es ESP,DF,Real Sociedad,es La Liga,21,2001,13.3,68.2,64.6,3.23,2.41,0.08,0.60,0.00,0.30,0.00,0.00,0.00,0.00,61.1,0.38,0.30,Matchs
2018,Gonçalo Paciência,pt POR,"AT,MT",Celta Vigo,es La Liga,27,1994,7.4,22.7,22.2,0.41,0.00,0.14,0.95,0.81,0.14,0.00,0.00,0.00,0.00,13.2,0.14,01.08,Matchs
2019,Simone Pafundi,it ITA,"MT,AT",Udinese,it Serie A,16,2006,0.9,73.3,67.8,5.56,0.00,1.11,1.11,1.11,3.33,2.22,1.11,0.00,0.00,61.1,0.00,0.00,Matchs
2020,Exequiel Palacios,ar ARG,MT,Leverkusen,de Bundesliga,23,1998,18.4,65.4,62.6,2.50,02.01,0.22,0.22,0.27,0.38,0.00,0.00,0.00,0.00,55.5,0.33,0.82,Matchs
2021,Helibelton Palacios,co COL,DF,Elche,es La Liga,29,1993,21.3,39.2,31.5,7.61,0.85,0.00,0.19,0.85,6.76,0.00,0.00,0.00,0.00,29.2,0.05,0.94,Matchs
2022,Ante Palaversa,hr CRO,MT,Troyes,fr Ligue 1,22,2000,0.3,56.7,46.7,10.0,6.67,0.00,0.00,6.67,0.00,3.33,3.33,0.00,0.00,46.7,0.00,0.00,Matchs
2023,Isaac Palazón Camacho,es ESP,"AT,MT",Rayo Vallecano,es La Liga,27,1994,32.9,41.8,35.0,6.32,2.28,0.18,0.43,5.84,0.21,3.83,1.46,1.73,0.00,29.8,0.46,0.94,Matchs
2024,João Palhinha,pt POR,MT,Fulham,eng Premier League,27,1995,34.5,36.9,35.4,1.39,0.93,0.00,1.10,0.09,0.00,0.00,0.00,0.00,0.00,30.5,0.12,0.43,Matchs
2025,Nicolas Pallois,fr FRA,DF,Nantes,fr Ligue 1,34,1987,24.6,47.6,46.3,1.22,0.98,0.00,0.33,0.28,0.24,0.00,0.00,0.00,0.00,39.7,0.08,0.41,Matchs
Clt,Joueur,Nation,Pos,Équipe,Comp,Âge,Naissance,90,Att,Action de jeu,Coup de pied arrêté,CF,Tr,Tr,Ctr,PCF,Co,Rentrant,Sortant,Droit,Cmp,HJ,Balles contrées,Matchs
2026,Cole Palmer,eng ENG,"MT,AT",Manchester City,eng Premier League,20,2002,4.1,47.1,46.6,0.49,0.00,0.00,0.24,1.71,0.24,0.24,0.00,0.00,0.00,40.7,0.00,0.24,Matchs
2027,Erik Palmer-Brown,us USA,DF,Troyes,fr Ligue 1,25,1997,35.5,40.4,39.1,1.21,01.07,0.00,0.31,0.06,0.08,0.00,0.00,0.00,0.00,34.1,0.11,0.34,Matchs
2028,Emerson Palmieri,it ITA,DF,West Ham,eng Premier League,27,1994,14.7,49.6,41.2,8.23,0.61,0.00,0.00,3.20,6.67,0.95,0.07,0.68,0.00,38.9,0.14,1.84,Matchs
2029,Miloš Pantović,rs SRB,MT,Union Berlin,de Bundesliga,26,1996,2.3,32.6,31.7,0.00,0.00,0.00,0.00,1.30,0.00,0.00,0.00,0.00,0.00,20.0,0.87,1.74,Matchs
2030,Flavio Paoletti,it ITA,MT,Sampdoria,it Serie A,19,2003,3.2,52.5,49.1,3.13,2.19,0.00,0.94,0.31,0.94,0.00,0.00,0.00,0.00,43.1,0.31,2.50,Matchs
2031,Antonios Papadopoulos,de GER,DF,Dortmund,de Bundesliga,22,1999,0.1,190.0,190.0,0.00,0.00,0.00,10.0,0.00,0.00,0.00,0.00,0.00,0.00,170.0,0.00,0.00,Matchs
2032,Lucas Paquetá,br BRA,MT,West Ham,eng Premier League,24,1997,23.9,48.4,45.0,03.05,0.88,0.54,0.46,0.92,0.04,0.04,0.00,0.00,0.00,37.9,0.38,1.17,Matchs
2033,Lucas Paquetá,br BRA,MT,Lyon,fr Ligue 1,24,1997,1.8,70.0,67.2,2.78,0.56,2.78,1.11,0.56,0.56,0.56,0.00,0.00,0.00,61.1,0.00,1.67,Matchs
2034,Aitor Paredes,es ESP,DF,Athletic Club,es La Liga,22,2000,9.5,54.8,51.9,2.63,1.26,0.11,0.32,0.21,1.26,0.00,0.00,0.00,0.00,48.8,0.32,0.21,Matchs
2035,Kevin Paredes,us USA,"AT,MT",Wolfsburg,de Bundesliga,19,2003,5.9,35.8,32.2,3.39,01.02,0.00,0.51,3.73,2.37,0.00,0.00,0.00,0.00,26.9,0.17,0.68,Matchs
2036,Leandro Paredes,ar ARG,MT,Juventus,it Serie A,28,1994,10.9,71.4,62.3,8.99,4.68,0.28,0.37,4.68,0.37,3.94,2.20,1.56,0.00,62.5,0.09,0.37,Matchs
2037,Leandro Paredes,ar ARG,MT,Paris S-G,fr Ligue 1,28,1994,0.6,116.7,108.3,8.33,8.33,1.67,1.67,0.00,0.00,0.00,0.00,0.00,0.00,113.3,0.00,0.00,Matchs
2038,Daniel Parejo,es ESP,MT,Villarreal,es La Liga,33,1989,36.5,70.4,61.6,8.49,4.88,0.19,0.79,3.95,0.14,3.48,1.56,0.93,0.11,60.9,0.27,0.79,Matchs
2039,Fabiano Parisi,it ITA,DF,Empoli,it Serie A,21,2000,31.4,52.4,41.6,10.6,0.99,0.03,0.22,1.88,9.55,0.03,0.03,0.00,0.00,40.2,0.29,1.59,Matchs
2040,Moises Parra Gutierrez,es ESP,AT,Getafe,es La Liga,20,2002,0.1,30.0,30.0,0.00,0.00,0.00,0.00,0.00,0.00,0.00,0.00,0.00,0.00,30.0,0.00,0.00,Matchs
2041,Raúl Parra,es ESP,DF,Cádiz,es La Liga,22,1999,3.4,33.5,24.7,8.82,0.59,0.00,0.00,1.76,8.24,0.00,0.00,0.00,0.00,21.8,0.00,1.76,Matchs
2042,Thomas Partey,gh GHA,MT,Arsenal,eng Premier League,29,1993,27.6,71.9,69.7,2.14,1.16,0.40,0.43,0.33,0.98,0.00,0.00,0.00,0.00,62.7,0.11,0.72,Matchs
2043,Marco Pašalić,hr CRO,MT,Dortmund,de Bundesliga,21,2000,0.1,70.0,70.0,0.00,0.00,0.00,0.00,10.0,0.00,0.00,0.00,0.00,0.00,60.0,0.00,0.00,Matchs
2044,Mario Pašalić,hr CRO,"MT,AT",Atalanta,it Serie A,27,1995,19.7,35.8,34.3,1.32,0.56,0.00,0.15,0.25,0.25,0.00,0.00,0.00,0.00,28.8,0.15,0.91,Matchs
2045,Pascu,es ESP,"DF,AT",Villarreal,es La Liga,19,2003,0.1,80.0,80.0,0.00,0.00,0.00,0.00,0.00,0.00,0.00,0.00,0.00,0.00,50.0,0.00,0.00,Matchs
2046,Felix Passlack,de GER,DF,Dortmund,de Bundesliga,24,1998,0.7,57.1,48.6,8.57,0.00,1.43,0.00,2.86,8.57,0.00,0.00,0.00,0.00,42.9,0.00,4.29,Matchs
2047,Javier Pastore,ar ARG,MT,Elche,es La Liga,33,1989,0.1,80.0,70.0,0.00,0.00,0.00,0.00,0.00,0.00,0.00,0.00,0.00,0.00,60.0,10.0,0.00,Matchs
2048,Patric,es ESP,DF,Lazio,it Serie A,29,1993,15.7,67.7,62.4,5.22,2.74,0.00,1.15,0.00,0.00,0.00,0.00,0.00,0.00,60.3,0.13,0.06,Matchs
2049,Rui Patrício,pt POR,GB,Roma,it Serie A,34,1988,35.0,25.3,16.6,8.69,1.83,0.00,0.00,0.00,0.00,0.00,0.00,0.00,0.00,19.3,0.09,0.00,Matchs
2050,Nathan Patterson,sct SCO,"DF,MT",Everton,eng Premier League,20,2001,14.2,45.7,35.4,10.2,0.49,0.07,0.00,2.75,9.65,0.07,0.00,0.00,0.00,34.4,0.07,0.99,Matchs
Clt,Joueur,Nation,Pos,Équipe,Comp,Âge,Naissance,90,Att,Action de jeu,Coup de pied arrêté,CF,Tr,Tr,Ctr,PCF,Co,Rentrant,Sortant,Droit,Cmp,HJ,Balles contrées,Matchs
2051,Paulinho,br BRA,AT,Leverkusen,de Bundesliga,22,2000,0.9,31.1,30.0,1.11,0.00,0.00,0.00,0.00,0.00,1.11,0.00,0.00,0.00,25.6,0.00,1.11,Matchs
2052,Gabriel Paulista,br BRA,DF,Valencia,es La Liga,31,1990,16.7,46.0,42.2,3.71,2.16,0.00,0.60,0.00,0.36,0.00,0.00,0.00,0.00,38.6,0.12,0.24,Matchs
2053,Benjamin Pavard,fr FRA,DF,Bayern Munich,de Bundesliga,26,1996,27.0,88.9,83.0,5.63,1.26,0.07,0.59,1.67,4.33,0.00,0.00,0.00,0.00,78.5,0.22,0.74,Matchs
2054,Jiří Pavlenka,cz CZE,GB,Werder Bremen,de Bundesliga,30,1992,32.3,36.4,24.1,12.1,3.50,0.00,0.03,0.00,0.00,0.00,0.00,0.00,0.00,25.8,0.12,0.09,Matchs
2055,Dimitri Payet,fr FRA,"MT,AT",Marseille,fr Ligue 1,35,1987,9.3,55.9,49.2,6.56,1.94,0.75,01.08,6.24,0.43,3.66,1.72,1.29,0.00,41.5,0.11,01.08,Matchs
2056,Ben Pearson,eng ENG,MT,Bournemouth,eng Premier League,27,1995,3.2,41.9,40.6,1.25,0.94,0.00,0.31,0.00,0.00,0.00,0.00,0.00,0.00,33.8,0.00,0.31,Matchs
2057,Kristian Pedersen,dk DEN,DF,Köln,de Bundesliga,27,1994,3.1,55.8,43.5,12.3,0.97,0.00,0.65,1.29,11.3,0.00,0.00,0.00,0.00,39.0,0.00,1.29,Matchs
2058,Mads Pedersen,dk DEN,"DF,MT",Augsburg,de Bundesliga,25,1996,20.4,34.1,24.8,9.17,0.78,0.00,0.34,2.25,7.94,0.44,0.10,0.25,0.00,23.2,0.15,01.08,Matchs
2059,Alfonso Pedraza,es ESP,DF,Villarreal,es La Liga,26,1996,18.1,46.0,37.2,8.73,0.44,0.00,0.11,4.20,8.18,0.11,0.06,0.00,0.00,35.4,0.06,1.77,Matchs
2060,Pedri,es ESP,MT,Barcelona,es La Liga,19,2002,22.0,65.9,62.9,2.68,1.00,01.09,01.09,1.14,0.50,0.59,0.05,0.50,0.00,56.9,0.27,1.14,Matchs
2061,Pedro,es ESP,AT,Lazio,it Serie A,35,1987,21.1,45.0,43.6,1.23,0.47,0.09,0.47,1.61,0.57,0.14,0.09,0.00,0.00,36.5,0.24,0.85,Matchs
2062,Adrià Pedrosa,es ESP,"DF,MT",Espanyol,es La Liga,24,1998,2.5,30.4,27.6,2.80,0.40,0.40,0.00,3.60,2.40,0.00,0.00,0.00,0.00,24.4,0.00,1.20,Matchs
2063,Jordan Pefok,us USA,AT,Union Berlin,de Bundesliga,26,1996,15.1,19.9,19.5,0.33,0.00,0.07,0.00,0.13,0.13,0.00,0.00,0.00,0.00,10.9,0.07,0.40,Matchs
2064,Gianluca Pegolo,it ITA,GB,Sassuolo,it Serie A,41,1981,2.0,38.5,28.0,10.5,2.50,0.00,0.00,0.00,0.00,0.00,0.00,0.00,0.00,32.0,0.00,0.00,Matchs
2065,Dženan Pejčinović,de GER,AT,Wolfsburg,de Bundesliga,17,2005,0.1,0.00,0.00,0.00,0.00,0.00,0.00,0.00,0.00,0.00,0.00,0.00,0.00,0.00,0.00,0.00,Matchs
2066,Peter Pekarík,sk SVK,DF,Hertha BSC,de Bundesliga,35,1986,2.3,50.0,40.9,9.13,0.00,0.00,0.43,1.74,9.13,0.00,0.00,0.00,0.00,38.7,0.00,0.87,Matchs
2067,Pietro Pellegri,it ITA,AT,Torino,it Serie A,21,2001,5.2,15.4,13.7,1.73,0.19,0.00,0.00,0.58,0.00,0.00,0.00,0.00,0.00,11.7,0.00,1.15,Matchs
2068,Lorenzo Pellegrini,it ITA,MT,Roma,it Serie A,26,1996,28.3,39.4,32.1,7.24,03.04,0.42,0.35,5.72,0.21,3.53,1.59,1.80,0.00,28.8,0.04,0.85,Matchs
2069,Luca Pellegrini,it ITA,DF,Lazio,it Serie A,23,1999,2.0,84.0,71.0,13.0,0.50,0.00,1.50,7.50,12.5,0.00,0.00,0.00,0.00,68.5,0.00,2.00,Matchs
2070,Luca Pellegrini,it ITA,DF,Eint Frankfurt,de Bundesliga,23,1999,6.2,69.5,50.8,18.2,2.10,0.16,1.13,8.71,13.1,03.06,2.10,0.32,0.00,47.1,0.48,3.71,Matchs
2071,Théo Pellenard,fr FRA,DF,Auxerre,fr Ligue 1,28,1994,1.1,19.1,17.3,1.82,0.91,0.00,0.00,0.91,0.91,0.00,0.00,0.00,0.00,10.0,0.00,1.82,Matchs
2072,Facundo Pellistri,uy URU,"AT,MT",Manchester Utd,eng Premier League,20,2001,0.7,22.9,21.4,1.43,0.00,0.00,0.00,0.00,1.43,0.00,0.00,0.00,0.00,21.4,0.00,0.00,Matchs
2073,Timothee Pembele,fr FRA,DF,Paris S-G,fr Ligue 1,19,2002,2.9,30.7,23.8,6.90,0.69,0.00,0.00,1.38,6.21,0.00,0.00,0.00,0.00,24.5,0.00,2.41,Matchs
2074,Iñaki Peña,es ESP,GB,Barcelona,es La Liga,23,1999,0.8,33.8,27.5,6.25,1.25,0.00,0.00,0.00,0.00,0.00,0.00,0.00,0.00,31.3,0.00,0.00,Matchs
2075,Rubén Peña,es ESP,"DF,MT",Osasuna,es La Liga,31,1991,14.2,43.7,35.5,7.96,0.28,0.00,0.07,3.80,7.61,0.07,0.00,0.07,0.00,30.4,0.21,1.34,Matchs
Clt,Joueur,Nation,Pos,Équipe,Comp,Âge,Naissance,90,Att,Action de jeu,Coup de pied arrêté,CF,Tr,Tr,Ctr,PCF,Co,Rentrant,Sortant,Droit,Cmp,HJ,Balles contrées,Matchs
2076,Patrick Pentz,at AUT,GB,Reims,fr Ligue 1,25,1997,7.0,30.1,19.7,10.4,2.00,0.00,0.00,0.00,0.00,0.00,0.00,0.00,0.00,20.1,0.00,0.00,Matchs
2077,Nicolas Pépé,ci CIV,"AT,MT",Nice,fr Ligue 1,27,1995,16.6,41.8,38.6,03.07,0.90,0.12,0.18,2.53,0.60,1.45,0.66,0.30,0.00,33.6,0.12,1.14,Matchs
2078,Ricardo Pepi,us USA,AT,Augsburg,de Bundesliga,19,2003,1.1,24.5,22.7,1.82,0.00,0.00,0.00,0.00,0.00,0.00,0.00,0.00,0.00,16.4,0.00,0.91,Matchs
2079,Pepín,gq EQG,MT,Monza,it Serie A,25,1996,12.5,53.3,51.7,1.52,1.12,0.24,0.16,0.88,0.24,0.16,0.00,0.08,0.00,44.3,0.08,0.88,Matchs
2080,Alberto Perea,es ESP,MT,Cádiz,es La Liga,31,1990,0.5,24.0,24.0,0.00,0.00,0.00,0.00,2.00,0.00,0.00,0.00,0.00,0.00,20.0,0.00,0.00,Matchs
2081,Juan Perea,co COL,AT,Stuttgart,de Bundesliga,22,2000,4.6,17.2,15.7,1.52,0.00,0.00,0.00,1.30,0.65,0.00,0.00,0.00,0.00,10.9,0.00,0.65,Matchs
2082,Andreas Pereira,br BRA,MT,Fulham,eng Premier League,26,1996,29.9,35.7,27.6,7.73,2.71,0.03,0.70,6.56,0.20,3.88,1.71,1.67,0.00,23.4,0.37,1.30,Matchs
2083,Brayann Pereira,fr FRA,DF,Auxerre,fr Ligue 1,19,2003,2.0,39.5,31.5,7.50,0.00,0.00,0.00,4.50,7.50,0.00,0.00,0.00,0.00,28.0,0.50,1.00,Matchs
2084,Danilo Pereira,pt POR,"DF,MT",Paris S-G,fr Ligue 1,30,1991,26.8,77.2,74.2,2.76,1.34,0.04,0.22,0.11,0.78,0.00,0.00,0.00,0.00,72.8,0.19,0.30,Matchs
2085,Mathias Pereira Lage,pt POR,"MT,AT",Brest,fr Ligue 1,25,1996,14.0,27.6,26.1,1.36,0.43,0.07,0.50,2.43,0.21,0.64,0.64,0.00,0.00,18.4,0.14,1.00,Matchs
2086,Ricardo Pereira,pt POR,"DF,MT",Leicester City,eng Premier League,28,1993,5.0,64.4,51.8,12.2,1.80,0.00,0.00,3.20,10.0,0.00,0.00,0.00,0.00,50.4,0.40,2.80,Matchs
2087,Roberto Pereyra,ar ARG,"DF,MT",Udinese,it Serie A,31,1991,31.3,40.8,37.5,3.16,0.99,0.03,0.22,2.27,1.82,0.13,0.06,0.03,0.00,33.2,0.13,1.28,Matchs
2088,Ayoze Pérez,es ESP,"MT,AT",Leicester City,eng Premier League,29,1993,4.2,40.7,37.1,3.33,0.24,1.19,0.00,04.05,0.24,2.62,1.43,1.19,0.00,28.1,0.24,2.62,Matchs
2089,Ayoze Pérez,es ESP,"AT,MT",Betis,es La Liga,29,1993,15.4,25.4,24.2,0.91,0.13,0.13,0.00,0.45,0.32,0.00,0.00,0.00,0.00,20.0,0.32,0.97,Matchs
2090,Carles Pérez,es ESP,"MT,AT",Celta Vigo,es La Liga,24,1998,23.8,28.9,28.5,0.34,0.04,0.17,0.25,1.51,0.17,0.08,0.08,0.00,0.00,23.7,0.08,0.50,Matchs
2091,Francisco Perez,es ESP,"AT,MT",Valencia,es La Liga,19,2002,1.6,48.1,45.6,1.88,0.00,0.00,0.63,5.00,1.88,0.00,0.00,0.00,0.00,36.9,0.63,1.25,Matchs
2092,Kike Pérez,es ESP,MT,Valladolid,es La Liga,25,1997,25.6,47.8,43.8,3.44,1.84,0.16,01.05,2.27,0.74,0.70,0.39,0.27,0.00,36.2,0.51,1.33,Matchs
2093,Lucas Pérez,es ESP,AT,Cádiz,es La Liga,33,1988,7.0,33.7,26.3,7.00,1.43,0.00,0.29,5.71,0.14,3.29,2.14,0.86,0.00,24.1,0.43,0.57,Matchs
2094,Luis Pérez,es ESP,DF,Valladolid,es La Liga,27,1995,13.5,42.5,33.7,8.37,0.67,0.07,0.30,4.00,7.70,0.00,0.00,0.00,0.00,32.3,0.44,1.41,Matchs
2095,Nehuén Pérez,ar ARG,DF,Udinese,it Serie A,22,2000,31.3,57.7,51.8,5.88,1.82,0.00,02.01,0.58,3.83,0.00,0.00,0.00,0.00,49.1,0.06,0.42,Matchs
2096,Simone Perilli,it ITA,GB,Hellas Verona,it Serie A,27,1995,1.0,34.0,19.0,15.0,2.00,0.00,0.00,0.00,0.00,0.00,0.00,0.00,0.00,10.0,0.00,0.00,Matchs
2097,Mattia Perin,it ITA,GB,Juventus,it Serie A,29,1992,10.5,33.4,25.4,7.90,1.90,0.00,0.10,0.00,0.00,0.00,0.00,0.00,0.00,25.2,0.10,0.00,Matchs
2098,Samuele Perisan,it ITA,GB,Empoli,it Serie A,24,1997,7.0,32.9,19.1,13.4,2.71,0.00,0.29,0.00,0.00,0.00,0.00,0.00,0.00,24.9,0.29,0.00,Matchs
2099,Ivan Perišić,hr CRO,"DF,MT",Tottenham,eng Premier League,33,1989,23.4,47.9,38.2,9.44,0.68,0.00,0.56,8.38,5.90,2.86,2.44,0.26,0.00,30.5,0.21,1.84,Matchs
2100,Romain Perraud,fr FRA,DF,Southampton,eng Premier League,24,1997,20.4,43.4,35.7,7.40,0.34,0.05,0.00,3.77,07.01,0.05,0.00,0.00,0.00,30.5,0.25,02.01,Matchs
Clt,Joueur,Nation,Pos,Équipe,Comp,Âge,Naissance,90,Att,Action de jeu,Coup de pied arrêté,CF,Tr,Tr,Ctr,PCF,Co,Rentrant,Sortant,Droit,Cmp,HJ,Balles contrées,Matchs
2101,Gaëtan Perrin,fr FRA,"MT,AT",Auxerre,fr Ligue 1,26,1996,15.5,28.0,25.8,2.00,0.77,0.19,0.58,1.94,0.13,0.90,0.26,0.52,0.00,20.3,0.19,01.03,Matchs
2102,Lucas Perrin,fr FRA,DF,Strasbourg,fr Ligue 1,23,1998,19.6,42.3,38.9,3.32,1.79,0.05,0.61,0.41,1.33,0.00,0.00,0.00,0.00,34.6,0.05,0.56,Matchs
2103,Máximo Perrone,ar ARG,MT,Manchester City,eng Premier League,19,2003,0.2,105.0,100.0,0.00,0.00,0.00,0.00,0.00,0.00,0.00,0.00,0.00,0.00,90.0,5.00,5.00,Matchs
2104,Matteo Pessina,it ITA,MT,Monza,it Serie A,25,1997,32.6,62.1,58.9,2.88,02.02,0.06,0.31,1.10,0.31,0.46,0.00,0.37,0.00,52.7,0.37,1.32,Matchs
2105,Andrea Petagna,it ITA,AT,Monza,it Serie A,27,1995,18.5,23.5,20.9,2.22,0.00,0.22,0.54,0.16,0.05,0.00,0.00,0.00,0.00,17.1,0.32,0.49,Matchs
2106,Nils Petersen,de GER,AT,Freiburg,de Bundesliga,33,1988,3.1,23.9,23.2,0.65,0.00,0.00,0.00,0.00,0.00,0.00,0.00,0.00,0.00,10.6,0.00,0.32,Matchs
2107,Lukas Petkov,bg BUL,"MT,AT",Augsburg,de Bundesliga,21,2000,1.6,21.3,20.0,1.25,0.00,0.00,0.00,0.00,0.63,0.00,0.00,0.00,0.00,11.3,0.00,1.25,Matchs
2108,Cameron Peupion,au AUS,MT,Brighton,eng Premier League,19,2002,0.1,40.0,40.0,0.00,0.00,0.00,0.00,0.00,0.00,0.00,0.00,0.00,0.00,30.0,0.00,0.00,Matchs
2109,Germán Pezzella,ar ARG,DF,Betis,es La Liga,31,1991,27.9,47.0,44.9,1.97,1.86,0.04,0.29,0.07,0.11,0.00,0.00,0.00,0.00,40.5,0.14,0.25,Matchs
2110,Giuseppe Pezzella,it ITA,DF,Lecce,it Serie A,24,1997,10.2,52.4,40.2,12.1,1.27,0.00,0.29,3.33,10.7,0.10,0.00,0.10,0.00,41.1,0.10,1.57,Matchs
2111,Luca Pfeiffer,de GER,AT,Stuttgart,de Bundesliga,25,1996,7.8,25.8,23.8,1.79,0.00,0.13,0.51,0.13,0.00,0.00,0.00,0.00,0.00,16.5,0.13,0.38,Matchs
2112,Maximilian Philipp,de GER,AT,Wolfsburg,de Bundesliga,28,1994,1.3,32.3,26.2,6.15,1.54,0.00,0.00,5.38,0.77,3.85,3.85,0.00,0.00,20.8,0.00,1.54,Matchs
2113,Maximilian Philipp,de GER,"AT,MT",Werder Bremen,de Bundesliga,28,1994,4.9,28.2,27.1,0.61,0.20,0.00,0.20,0.00,0.00,0.00,0.00,0.00,0.00,22.2,0.41,0.20,Matchs
2114,Kalvin Phillips,eng ENG,MT,Manchester City,eng Premier League,26,1995,3.3,94.8,93.9,0.61,0.61,0.00,0.61,0.00,0.00,0.00,0.00,0.00,0.00,87.6,0.30,0.30,Matchs
2115,Nathaniel Phillips,eng ENG,DF,Liverpool,eng Premier League,25,1997,0.7,117.1,114.3,2.86,2.86,0.00,2.86,0.00,0.00,0.00,0.00,0.00,0.00,101.4,0.00,0.00,Matchs
2116,Krzysztof Piątek,pl POL,AT,Salernitana,it Serie A,27,1995,23.8,23.4,21.1,2.14,0.00,0.00,0.04,0.59,0.08,0.00,0.00,0.00,0.00,15.9,0.25,0.50,Matchs
2117,Roberto Piccoli,it ITA,AT,Hellas Verona,it Serie A,21,2001,2.1,11.9,11.0,0.48,0.00,0.00,0.00,1.43,0.00,0.00,0.00,0.00,0.00,6.19,0.48,0.00,Matchs
2118,Roberto Piccoli,it ITA,AT,Empoli,it Serie A,21,2001,5.7,17.0,16.7,0.35,0.00,0.00,0.35,0.18,0.18,0.00,0.00,0.00,0.00,10.9,0.00,0.88,Matchs
2119,Charles Pickel,cd COD,MT,Cremonese,it Serie A,25,1997,27.6,35.4,34.1,1.23,0.36,0.00,0.00,0.40,0.51,0.00,0.00,0.00,0.00,27.4,0.14,0.76,Matchs
2120,Jordan Pickford,eng ENG,GB,Everton,eng Premier League,28,1994,37.0,35.5,22.2,13.1,4.57,0.03,0.19,0.00,0.00,0.00,0.00,0.00,0.00,20.2,0.14,0.03,Matchs
2121,Amos Pieper,de GER,DF,Werder Bremen,de Bundesliga,24,1998,21.7,55.6,53.3,1.98,1.38,0.00,0.46,0.78,0.60,0.00,0.00,0.00,0.00,43.5,0.32,0.28,Matchs
2122,Ronaël Pierre-Gabriel,fr FRA,DF,Espanyol,es La Liga,24,1998,2.6,40.0,29.2,10.8,0.00,0.00,0.00,3.85,10.8,0.00,0.00,0.00,0.00,29.6,0.00,1.54,Matchs
2123,Ronaël Pierre-Gabriel,fr FRA,DF,Strasbourg,fr Ligue 1,24,1998,7.3,49.9,40.4,9.45,1.37,0.00,0.14,2.60,08.08,0.00,0.00,0.00,0.00,39.3,0.00,1.23,Matchs
2124,Andrea Pinamonti,it ITA,AT,Sassuolo,it Serie A,23,1999,24.0,20.7,18.4,2.25,0.00,0.04,0.13,0.58,0.00,0.00,0.00,0.00,0.00,13.5,0.04,0.92,Matchs
2125,Ethan Pinnock,jm JAM,DF,Brentford,eng Premier League,29,1993,30.0,38.3,36.3,1.90,0.47,0.00,0.10,0.33,1.43,0.00,0.00,0.00,0.00,30.5,0.13,0.17,Matchs
Clt,Joueur,Nation,Pos,Équipe,Comp,Âge,Naissance,90,Att,Action de jeu,Coup de pied arrêté,CF,Tr,Tr,Ctr,PCF,Co,Rentrant,Sortant,Droit,Cmp,HJ,Balles contrées,Matchs
2126,Yeremi Pino,es ESP,"AT,MT",Villarreal,es La Liga,19,2002,27.2,31.1,30.1,0.59,0.04,0.18,0.07,0.74,0.18,0.18,0.00,0.00,0.00,23.9,0.40,1.51,Matchs
2127,Gerard Piqué,es ESP,DF,Barcelona,es La Liga,35,1987,4.3,89.5,86.5,2.56,1.40,0.00,1.40,0.00,0.00,0.00,0.00,0.00,0.00,82.1,0.47,0.47,Matchs
2128,Lorenzo Pirola,it ITA,DF,Salernitana,it Serie A,20,2002,21.6,45.8,44.1,1.44,1.20,0.00,0.09,0.05,0.23,0.00,0.00,0.00,0.00,36.6,0.28,0.60,Matchs
2129,Niccolò Pisilli,it ITA,MT,Roma,it Serie A,17,2004,0.0,0,0,0,0,0,0,0,0,0,0,0,0,0,0,0,Matchs
2130,Marko Pjaca,hr CRO,"MT,AT",Empoli,it Serie A,27,1995,5.8,42.4,37.6,4.83,0.69,0.00,0.00,4.31,0.34,2.93,1.38,01.03,0.00,33.6,0.00,0.52,Matchs
2131,Óscar Plano,es ESP,"AT,MT",Valladolid,es La Liga,31,1991,22.6,28.3,27.2,0.93,0.13,0.22,0.18,01.02,0.13,0.00,0.00,0.00,0.00,20.7,0.22,0.97,Matchs
2132,Gonzalo Plata,ec ECU,AT,Valladolid,es La Liga,21,2000,25.6,30.5,27.8,2.70,0.23,0.12,0.04,2.11,1.33,0.90,0.63,0.08,0.04,22.7,0.04,1.21,Matchs
2133,Marvin Plattenhardt,de GER,DF,Hertha BSC,de Bundesliga,30,1992,26.7,45.2,30.0,15.1,03.03,0.00,0.34,5.84,9.81,2.25,0.71,1.24,0.00,29.7,0.15,0.97,Matchs
2134,Alassane Pléa,fr FRA,AT,M'Gladbach,de Bundesliga,29,1993,19.7,38.7,37.1,1.52,0.46,0.71,0.20,2.44,0.56,0.10,0.10,0.00,0.00,26.9,0.15,02.08,Matchs
2135,Tommaso Pobega,it ITA,MT,Milan,it Serie A,23,1999,9.8,40.9,39.9,0.92,0.71,0.00,0.20,0.51,0.10,0.00,0.00,0.00,0.00,31.3,0.10,1.12,Matchs
2136,Daniel Podence,pt POR,"AT,MT",Wolves,eng Premier League,26,1995,19.7,33.7,30.9,2.59,0.41,0.46,0.36,2.84,0.56,1.32,0.46,0.41,0.00,22.6,0.15,0.96,Matchs
2137,Paul Pogba,fr FRA,"MT,AT",Juventus,it Serie A,29,1993,1.2,55.8,55.8,0.00,0.00,0.83,0.00,1.67,0.00,0.00,0.00,0.00,0.00,40.0,0.00,3.33,Matchs
2138,Joel Pohjanpalo,fi FIN,"AT,MT",Leverkusen,de Bundesliga,27,1994,0.0,1,1,0,0,1,0,0,0,0,0,0,0,0,0,0,Matchs
2139,Matteo Politano,it ITA,AT,Napoli,it Serie A,28,1993,13.0,49.3,43.9,4.92,1.00,0.15,0.62,6.31,1.46,2.46,1.38,0.23,0.00,36.0,0.46,1.85,Matchs
2140,Sebastian Polter,de GER,AT,Schalke 04,de Bundesliga,31,1991,7.0,22.9,20.3,1.86,0.14,0.00,0.14,0.29,0.00,0.00,0.00,0.00,0.00,12.0,0.71,0.43,Matchs
2141,Ezequiel Ponce,ar ARG,"AT,MT",Elche,es La Liga,25,1997,12.5,23.4,22.4,0.72,0.00,0.08,0.32,0.08,0.08,0.00,0.00,0.00,0.00,17.4,0.24,0.64,Matchs
2142,Julien Ponceau,fr FRA,MT,Lorient,fr Ligue 1,21,2000,18.4,45.7,42.7,2.72,0.65,0.11,0.11,0.65,0.49,0.11,0.00,0.00,0.00,37.6,0.22,1.25,Matchs
2143,Marin Pongračić,hr CRO,DF,Lecce,it Serie A,24,1997,8.8,41.0,36.8,4.20,4.20,0.00,0.34,0.00,0.00,0.00,0.00,0.00,0.00,33.6,0.00,0.11,Matchs
2144,Nick Pope,eng ENG,GB,Newcastle Utd,eng Premier League,30,1992,36.2,24.6,16.9,7.68,1.96,0.00,0.08,0.00,0.00,0.00,0.00,0.00,0.00,17.0,0.00,0.03,Matchs
2145,Łukasz Poręba,pl POL,MT,Lens,fr Ligue 1,22,2000,2.9,49.3,49.0,0.34,0.34,0.00,0.00,02.07,0.00,0.00,0.00,0.00,0.00,40.0,0.00,0.34,Matchs
2146,Jackson Porozo,ec ECU,DF,Troyes,fr Ligue 1,21,2000,18.0,34.9,33.3,1.67,1.33,0.00,0.22,0.17,0.33,0.00,0.00,0.00,0.00,28.4,0.00,0.44,Matchs
2147,Pedro Porro,es ESP,"DF,MT",Tottenham,eng Premier League,22,1999,12.6,51.4,41.7,9.60,0.48,0.56,0.32,6.11,7.22,1.90,0.95,0.95,0.00,36.9,0.16,2.30,Matchs
2148,Francisco Portillo,es ESP,"MT,AT",Almería,es La Liga,32,1990,8.0,57.4,54.5,2.50,0.63,0.75,0.13,1.50,1.00,0.88,0.13,0.38,0.00,45.6,0.38,1.63,Matchs
2149,Portu,es ESP,"MT,DF",Getafe,es La Liga,30,1992,19.7,37.1,30.4,6.24,0.36,0.05,0.10,4.62,5.48,0.41,0.25,0.15,0.00,25.0,0.46,2.23,Matchs
2150,Stefan Posch,at AUT,DF,Bologna,it Serie A,25,1997,28.1,64.2,53.0,11.1,1.25,0.14,0.57,1.74,9.82,0.00,0.00,0.00,0.00,49.8,0.18,1.60,Matchs
Clt,Joueur,Nation,Pos,Équipe,Comp,Âge,Naissance,90,Att,Action de jeu,Coup de pied arrêté,CF,Tr,Tr,Ctr,PCF,Co,Rentrant,Sortant,Droit,Cmp,HJ,Balles contrées,Matchs
2151,Stefan Posch,at AUT,DF,Hoffenheim,de Bundesliga,25,1997,0.2,60.0,50.0,10.0,10.0,0.00,0.00,0.00,0.00,0.00,0.00,0.00,0.00,40.0,0.00,5.00,Matchs
2152,Yussuf Poulsen,dk DEN,AT,RB Leipzig,de Bundesliga,28,1994,4.6,27.4,26.1,01.09,0.00,0.65,0.00,0.87,0.65,0.00,0.00,0.00,0.00,15.0,0.22,0.43,Matchs
2153,José Pozo,es ESP,"MT,AT",Rayo Vallecano,es La Liga,26,1996,1.0,45.0,42.0,3.00,3.00,1.00,0.00,4.00,0.00,0.00,0.00,0.00,0.00,34.0,0.00,1.00,Matchs
2154,Manuel Pozo,es ESP,AT,Valladolid,es La Liga,20,2001,0.2,40.0,35.0,5.00,0.00,0.00,0.00,5.00,5.00,0.00,0.00,0.00,0.00,30.0,0.00,0.00,Matchs
2155,Alejandro Pozo Pozo,es ESP,DF,Almería,es La Liga,23,1999,20.9,53.4,43.6,9.43,0.62,0.00,0.24,3.35,8.80,0.00,0.00,0.00,0.00,38.9,0.38,1.53,Matchs
2156,Dennis Praet,be BEL,"MT,AT",Leicester City,eng Premier League,28,1994,7.2,37.5,35.3,1.94,0.28,0.28,0.00,02.08,0.69,0.28,0.00,0.00,0.00,27.8,0.28,02.08,Matchs
2157,Abdón Prats,es ESP,"AT,MT",Mallorca,es La Liga,29,1992,4.6,19.8,18.7,01.09,0.22,0.43,0.43,0.00,0.00,0.00,0.00,0.00,0.00,12.6,0.00,0.00,Matchs
2158,Sanjin Prcić,ba BIH,MT,Strasbourg,fr Ligue 1,28,1993,18.1,58.3,54.6,3.65,2.82,0.17,0.55,1.60,0.00,0.72,0.50,0.22,0.00,49.2,0.06,0.61,Matchs
2159,Isaac Price,nir NIR,MT,Everton,eng Premier League,18,2003,0.4,35.0,35.0,0.00,0.00,0.00,0.00,2.50,0.00,0.00,0.00,0.00,0.00,30.0,0.00,0.00,Matchs
2160,Grischa Prömel,de GER,MT,Hoffenheim,de Bundesliga,27,1995,16.2,29.2,28.0,0.86,0.43,0.00,0.00,0.37,0.25,0.00,0.00,0.00,0.00,22.4,0.31,0.74,Matchs
2161,Ivan Provedel,it ITA,GB,Lazio,it Serie A,28,1994,37.9,34.9,27.4,7.44,2.22,0.00,0.24,0.00,0.00,0.00,0.00,0.00,0.00,28.0,0.11,0.00,Matchs
2162,Javi Puado,es ESP,"AT,MT",Espanyol,es La Liga,24,1998,26.0,22.7,22.0,0.65,0.08,0.00,0.04,1.38,0.38,0.08,0.00,0.04,0.00,17.3,0.04,0.85,Matchs
2163,Mehdi Puch Herrantz,fr FRA,MT,Ajaccio,fr Ligue 1,18,2004,0.5,56.0,56.0,0.00,0.00,0.00,0.00,0.00,0.00,0.00,0.00,0.00,0.00,44.0,0.00,0.00,Matchs
2164,Tymoteusz Puchacz,pl POL,DF,Union Berlin,de Bundesliga,23,1999,0.6,60.0,45.0,13.3,1.67,0.00,0.00,8.33,6.67,5.00,1.67,0.00,0.00,36.7,1.67,1.67,Matchs
2165,Arnau Puigmal,es ESP,"MT,AT",Almería,es La Liga,21,2001,8.5,32.2,27.9,4.12,0.35,0.47,0.00,2.12,2.71,01.06,0.00,0.35,0.00,22.7,0.24,01.06,Matchs
2166,Christian Pulisic,us USA,"AT,DF",Chelsea,eng Premier League,23,1998,9.1,33.1,32.3,0.44,0.00,0.11,0.00,1.98,0.44,0.00,0.00,0.00,0.00,26.2,0.33,0.88,Matchs
2167,Ignacio Pussetto,ar ARG,"MT,DF",Sampdoria,it Serie A,26,1995,1.7,32.9,32.4,0.59,0.59,0.00,0.59,2.94,0.00,0.00,0.00,0.00,0.00,20.0,0.00,2.35,Matchs
2168,Niklas Pyyhtiä,fi FIN,MT,Bologna,it Serie A,18,2003,1.2,44.2,42.5,1.67,0.83,0.00,0.00,0.00,0.83,0.00,0.00,0.00,0.00,34.2,0.00,0.83,Matchs
2169,Fabio Quagliarella,it ITA,AT,Sampdoria,it Serie A,39,1983,8.9,27.5,25.1,2.25,0.11,0.22,0.56,1.57,0.22,0.00,0.00,0.00,0.00,17.9,0.22,1.24,Matchs
2170,Giacomo Quagliata,it ITA,DF,Cremonese,it Serie A,22,2000,7.8,43.3,33.8,9.36,0.64,0.00,0.00,6.92,7.69,01.03,0.38,0.51,0.00,28.3,0.13,1.79,Matchs
2171,Eduardo Quaresma,pt POR,DF,Hoffenheim,de Bundesliga,20,2002,1.0,68.0,67.0,1.00,0.00,0.00,0.00,0.00,1.00,0.00,0.00,0.00,0.00,60.0,0.00,0.00,Matchs
2172,Joshua Quarshie,de GER,MT,Hoffenheim,de Bundesliga,18,2004,0.0,2,2,0,0,0,0,1,0,0,0,0,0,0,0,0,Matchs
2173,Ghjuvanni Quilichini,fr FRA,GB,Ajaccio,fr Ligue 1,19,2002,0.9,37.8,22.2,15.6,6.67,0.00,0.00,0.00,0.00,0.00,0.00,0.00,0.00,15.6,0.00,0.00,Matchs
2174,Domingos Quina,pt POR,MT,Elche,es La Liga,22,1999,3.1,47.4,44.2,2.90,1.29,0.65,0.00,1.94,1.29,0.32,0.00,0.00,0.00,39.4,0.32,0.97,Matchs
2175,Rubén Quintanilla,es ESP,DF,Mallorca,es La Liga,20,2002,0.0,2,2,0,0,0,0,0,0,0,0,0,0,2,0,0,Matchs
Clt,Joueur,Nation,Pos,Équipe,Comp,Âge,Naissance,90,Att,Action de jeu,Coup de pied arrêté,CF,Tr,Tr,Ctr,PCF,Co,Rentrant,Sortant,Droit,Cmp,HJ,Balles contrées,Matchs
2176,Adrien Rabiot,fr FRA,MT,Juventus,it Serie A,27,1995,30.5,39.0,37.8,01.05,0.52,0.07,0.20,1.11,0.49,0.00,0.00,0.00,0.00,31.8,0.20,0.72,Matchs
2177,Nemanja Radonjić,rs SRB,"MT,AT",Torino,it Serie A,26,1996,16.2,29.2,27.2,1.79,0.06,0.12,0.31,4.69,0.19,1.54,01.05,0.31,0.00,18.4,0.25,1.42,Matchs
2178,Ivan Radovanović,rs SRB,"MT,DF",Salernitana,it Serie A,33,1988,7.5,35.3,33.6,1.60,1.60,0.27,0.40,0.00,0.00,0.00,0.00,0.00,0.00,28.5,0.13,0.13,Matchs
2179,Ionuț Radu,ro ROU,GB,Cremonese,it Serie A,25,1997,9.0,37.3,27.6,9.33,1.89,0.00,0.00,0.00,0.00,0.00,0.00,0.00,0.00,24.6,0.44,0.00,Matchs
2180,Ionuț Radu,ro ROU,GB,Auxerre,fr Ligue 1,25,1997,17.0,35.2,24.2,10.9,3.41,0.00,0.00,0.00,0.00,0.00,0.00,0.00,0.00,20.3,0.06,0.00,Matchs
2181,Ștefan Radu,ro ROU,AT,Lazio,it Serie A,35,1986,0.0,7,6,1,0,0,0,0,1,0,0,0,0,6,0,0,Matchs
2182,Antonio Raillo,es ESP,DF,Mallorca,es La Liga,30,1991,30.7,35.4,33.3,02.02,1.86,0.00,0.00,0.00,0.10,0.00,0.00,0.00,0.00,29.4,0.13,0.20,Matchs
2183,Antonio Raimondo,it ITA,AT,Bologna,it Serie A,18,2004,0.2,20.0,20.0,0.00,0.00,0.00,0.00,0.00,0.00,0.00,0.00,0.00,0.00,15.0,0.00,0.00,Matchs
2184,Predrag Rajković,rs SRB,GB,Mallorca,es La Liga,26,1995,36.0,33.6,20.8,12.7,4.14,0.00,0.14,0.00,0.00,0.00,0.00,0.00,0.00,19.9,0.06,0.00,Matchs
2185,Ivan Rakitić,hr CRO,MT,Sevilla,es La Liga,34,1988,19.9,62.4,56.3,5.88,3.32,0.10,1.66,3.72,0.60,1.91,0.40,1.16,0.00,50.1,0.15,01.06,Matchs
2186,Diant Ramaj,de GER,GB,Eint Frankfurt,de Bundesliga,20,2001,1.0,25.0,19.0,6.00,2.00,0.00,0.00,0.00,0.00,0.00,0.00,0.00,0.00,21.0,0.00,0.00,Matchs
2187,Largie Ramazani,be BEL,"AT,MT",Almería,es La Liga,21,2001,15.6,18.7,17.1,1.28,0.06,0.19,0.06,1.28,0.45,0.06,0.06,0.00,0.00,12.5,0.32,1.15,Matchs
2188,Simon Ramet,fr FRA,DF,Lille,fr Ligue 1,19,2003,0.0,0,0,0,0,0,0,0,0,0,0,0,0,0,0,0,Matchs
2189,Adil Rami,fr FRA,DF,Troyes,fr Ligue 1,36,1985,17.7,41.3,39.0,1.98,1.75,0.00,0.40,0.28,0.17,0.00,0.00,0.00,0.00,34.7,0.28,0.45,Matchs
2190,Chris Ramos,es ESP,AT,Cádiz,es La Liga,25,1997,7.9,18.9,17.8,0.51,0.00,0.00,0.00,0.76,0.00,0.00,0.00,0.00,0.00,10.0,0.51,0.63,Matchs
2191,Sergio Ramos,es ESP,DF,Paris S-G,fr Ligue 1,36,1986,30.0,84.5,81.8,2.67,1.57,0.07,1.27,0.43,0.90,0.00,0.00,0.00,0.00,79.8,0.07,0.43,Matchs
2192,Aaron Ramsdale,eng ENG,GB,Arsenal,eng Premier League,24,1998,38.0,29.2,22.9,6.24,2.18,0.00,0.16,0.00,0.03,0.00,0.00,0.00,0.00,20.0,0.05,0.08,Matchs
2193,Aaron Ramsey,wls WAL,MT,Nice,fr Ligue 1,31,1990,17.6,61.8,56.7,5.00,2.10,0.28,0.63,3.52,0.34,2.56,0.91,01.02,0.00,52.0,0.11,0.57,Matchs
2194,Jacob Ramsey,eng ENG,"MT,AT",Aston Villa,eng Premier League,21,2001,29.3,30.3,30.0,0.10,0.07,0.10,0.10,0.61,0.03,0.00,0.00,0.00,0.00,24.8,0.20,0.89,Matchs
2195,Luca Ranieri,it ITA,DF,Fiorentina,it Serie A,23,1999,5.6,59.6,57.5,1.79,0.89,0.00,0.18,0.00,0.89,0.00,0.00,0.00,0.00,49.6,0.36,0.54,Matchs
2196,Andrea Ranocchia,it ITA,DF,Monza,it Serie A,34,1988,0.5,38.0,30.0,8.00,2.00,0.00,0.00,0.00,0.00,0.00,0.00,0.00,0.00,32.0,0.00,0.00,Matchs
2197,Filippo Ranocchia,it ITA,MT,Monza,it Serie A,21,2001,5.9,43.2,41.0,2.20,1.19,0.51,1.53,2.20,0.34,0.68,0.00,0.68,0.00,34.1,0.00,01.02,Matchs
2198,Lilian Raolisoa,fr FRA,"DF,MT",Angers,fr Ligue 1,22,2000,1.9,62.6,54.2,8.42,01.05,0.53,0.53,5.26,6.84,0.53,0.53,0.00,0.00,51.6,0.00,0.00,Matchs
2199,Raphinha,br BRA,AT,Barcelona,es La Liga,25,1996,23.0,55.0,46.6,08.04,1.52,0.52,1.13,7.48,1.83,4.70,1.91,1.52,0.04,39.8,0.39,1.30,Matchs
2200,Nicolai Rapp,de GER,"MT,DF",Werder Bremen,de Bundesliga,25,1996,0.8,73.8,70.0,3.75,2.50,0.00,1.25,1.25,1.25,0.00,0.00,0.00,0.00,58.8,0.00,2.50,Matchs
Clt,Joueur,Nation,Pos,Équipe,Comp,Âge,Naissance,90,Att,Action de jeu,Coup de pied arrêté,CF,Tr,Tr,Ctr,PCF,Co,Rentrant,Sortant,Droit,Cmp,HJ,Balles contrées,Matchs
2201,Elba Rashani,xk KVX,"MT,AT",Clermont Foot,fr Ligue 1,29,1993,24.0,30.4,29.3,1.00,0.21,0.08,0.08,2.42,0.75,0.04,0.00,0.00,0.00,22.6,0.13,1.67,Matchs
2202,Marcus Rashford,eng ENG,AT,Manchester Utd,eng Premier League,24,1997,32.0,25.5,24.7,0.69,0.06,0.06,0.19,0.75,0.28,0.00,0.00,0.00,0.00,19.6,0.16,0.97,Matchs
2203,Giacomo Raspadori,it ITA,AT,Sassuolo,it Serie A,22,2000,0.5,24.0,18.0,6.00,0.00,0.00,0.00,2.00,0.00,2.00,2.00,0.00,0.00,20.0,0.00,0.00,Matchs
2204,Giacomo Raspadori,it ITA,"AT,MT",Napoli,it Serie A,22,2000,10.1,44.8,40.5,4.26,1.58,0.00,0.59,3.17,0.10,1.88,0.89,0.40,0.00,34.5,0.00,1.39,Matchs
2205,Rafael Ratão,br BRA,"AT,MT",Toulouse,fr Ligue 1,26,1995,20.6,38.8,37.7,0.87,0.05,0.24,0.15,2.52,0.78,0.00,0.00,0.00,0.00,28.6,0.24,1.21,Matchs
2206,David Raum,de GER,"DF,MT",RB Leipzig,de Bundesliga,24,1998,18.7,63.6,50.1,13.3,1.18,0.16,0.21,7.54,09.09,2.99,0.86,1.66,0.00,48.0,0.21,2.14,Matchs
2207,Nicola Ravaglia,it ITA,GB,Sampdoria,it Serie A,33,1988,9.0,36.1,21.6,14.6,3.56,0.00,0.00,0.00,0.00,0.00,0.00,0.00,0.00,23.7,0.00,0.00,Matchs
2208,Rayan Raveloson,mg MAD,"DF,MT",Auxerre,fr Ligue 1,25,1997,27.0,41.9,36.4,5.41,1.11,0.04,0.74,1.22,4.26,0.04,0.04,0.00,0.00,34.0,0.07,0.78,Matchs
2209,David Raya,es ESP,GB,Brentford,eng Premier League,26,1995,38.0,43.2,31.1,12.0,4.87,0.00,0.50,0.00,0.03,0.00,0.00,0.00,0.00,27.7,0.11,0.03,Matchs
2210,Tim Ream,us USA,DF,Fulham,eng Premier League,34,1987,32.2,59.7,57.7,1.83,01.06,0.00,0.78,0.12,0.34,0.00,0.00,0.00,0.00,51.6,0.16,0.25,Matchs
2211,Ante Rebić,hr CRO,"AT,MT",Milan,it Serie A,28,1993,10.9,30.6,29.0,1.38,0.18,0.37,0.09,3.58,0.37,0.37,0.18,0.09,0.00,17.2,0.28,1.47,Matchs
2212,Arkadiusz Reca,pl POL,DF,Spezia,it Serie A,27,1995,24.1,49.7,39.1,10.4,0.21,0.00,0.37,4.11,10.2,0.00,0.00,0.00,0.00,34.3,0.17,1.87,Matchs
2213,Nathan Redmond,eng ENG,DF,Southampton,eng Premier League,28,1994,0.0,1,1,0,0,0,0,1,0,0,0,0,0,0,0,0,Matchs
2214,Harrison Reed,eng ENG,MT,Fulham,eng Premier League,27,1995,31.8,40.3,38.5,1.60,0.44,0.00,0.13,1.70,0.16,0.09,0.06,0.03,0.00,31.1,0.16,1.45,Matchs
2215,Sergio Reguilón,es ESP,DF,Atlético Madrid,es La Liga,25,1996,3.4,43.2,38.5,4.41,0.29,0.29,0.00,2.65,4.12,0.00,0.00,0.00,0.00,34.4,0.29,02.06,Matchs
2216,Bobby Reid,jm JAM,"AT,DF",Fulham,eng Premier League,29,1993,27.5,33.0,30.1,2.69,0.22,0.04,0.07,1.93,2.47,0.00,0.00,0.00,0.00,23.1,0.15,1.27,Matchs
2217,Pepe Reina,es ESP,GB,Villarreal,es La Liga,39,1982,22.0,38.9,30.8,8.00,2.64,0.00,0.09,0.00,0.00,0.00,0.00,0.00,0.00,31.1,0.05,0.05,Matchs
2218,Jeff Reine-Adélaïde,fr FRA,MT,Troyes,fr Ligue 1,24,1998,2.6,49.2,46.2,03.08,1.92,0.00,0.38,0.00,0.00,0.00,0.00,0.00,0.00,40.8,0.00,1.15,Matchs
2219,Jeff Reine-Adélaïde,fr FRA,MT,Lyon,fr Ligue 1,24,1998,3.7,88.9,84.3,4.32,1.35,0.54,0.00,3.51,0.27,2.16,01.08,0.54,0.00,77.0,0.27,1.35,Matchs
2220,Reinier,br BRA,"MT,AT",Girona,es La Liga,20,2002,7.2,34.4,33.5,0.83,0.28,0.14,0.14,0.28,0.14,0.00,0.00,0.00,0.00,27.5,0.14,1.11,Matchs
2221,Rocco Reitz,de GER,MT,M'Gladbach,de Bundesliga,20,2002,0.0,2,2,0,0,0,0,0,0,0,0,0,0,2,0,0,Matchs
2222,Karim Rekik,nl NED,DF,Sevilla,es La Liga,27,1994,13.1,53.4,51.2,02.06,0.69,0.00,0.23,0.08,1.37,0.00,0.00,0.00,0.00,49.0,0.15,0.00,Matchs
2223,Álex Remiro,es ESP,GB,Real Sociedad,es La Liga,27,1995,38.0,34.6,25.5,8.84,3.16,0.00,0.08,0.00,0.00,0.00,0.00,0.00,0.00,24.8,0.18,0.00,Matchs
2224,Panagiotis Retsos,gr GRE,DF,Hellas Verona,it Serie A,23,1998,1.4,40.0,30.7,8.57,2.14,0.00,0.71,0.00,6.43,0.00,0.00,0.00,0.00,31.4,0.71,0.71,Matchs
2225,Marco Reus,de GER,"MT,AT",Dortmund,de Bundesliga,33,1989,15.0,37.9,35.0,2.80,1.27,0.00,0.07,1.27,0.20,0.40,0.07,0.00,0.00,30.0,0.07,1.40,Matchs
Clt,Joueur,Nation,Pos,Équipe,Comp,Âge,Naissance,90,Att,Action de jeu,Coup de pied arrêté,CF,Tr,Tr,Ctr,PCF,Co,Rentrant,Sortant,Droit,Cmp,HJ,Balles contrées,Matchs
2226,Alejandro Revuelta Montero,es ESP,DF,Getafe,es La Liga,22,2000,0.0,0,0,0,0,0,0,0,0,0,0,0,0,0,0,0,Matchs
2227,Elvis Rexhbeçaj,de GER,MT,Augsburg,de Bundesliga,24,1997,28.0,32.5,30.8,1.57,0.71,0.14,0.07,0.61,0.11,0.14,0.11,0.00,0.00,22.2,0.18,01.04,Matchs
2228,Gio Reyna,us USA,"AT,MT",Dortmund,de Bundesliga,19,2002,6.9,45.5,41.6,3.77,1.45,0.00,0.58,2.46,1.45,0.87,0.14,0.58,0.14,35.9,0.14,1.30,Matchs
2229,Chadi Riad,ma MAR,MT,Barcelona,es La Liga,19,2003,0.0,1,1,0,0,0,0,0,0,0,0,0,0,1,0,0,Matchs
2230,Nico Ribaudo,es ESP,"MT,AT",Espanyol,es La Liga,21,2001,13.9,32.7,28.9,3.45,01.08,0.22,0.14,3.17,0.22,1.58,01.01,0.00,0.00,25.3,0.29,0.79,Matchs
2231,Alexsandro Ribeiro,br BRA,DF,Lille,fr Ligue 1,22,1999,17.9,71.0,67.2,3.69,2.68,0.06,0.50,0.22,0.06,0.00,0.00,0.00,0.00,64.1,0.17,0.39,Matchs
2232,Franck Ribéry,fr FRA,MT,Salernitana,it Serie A,39,1983,0.4,55.0,52.5,0.00,0.00,0.00,0.00,0.00,0.00,0.00,0.00,0.00,0.00,47.5,2.50,0.00,Matchs
2233,Samuele Ricci,it ITA,MT,Torino,it Serie A,20,2001,23.0,51.3,48.3,2.87,2.26,0.09,0.17,1.35,0.04,0.57,0.52,0.04,0.00,45.0,0.17,0.70,Matchs
2234,Declan Rice,eng ENG,MT,West Ham,eng Premier League,23,1999,36.4,58.7,56.6,1.92,1.32,0.11,1.65,1.21,0.08,0.52,0.41,0.03,0.00,50.7,0.14,0.71,Matchs
2235,Chris Richards,us USA,DF,Crystal Palace,eng Premier League,22,2000,5.0,40.6,38.0,2.60,1.00,0.00,0.00,0.00,1.60,0.00,0.00,0.00,0.00,33.8,0.00,0.20,Matchs
2236,Richarlison,br BRA,"MT,AT",Tottenham,eng Premier League,25,1997,11.2,24.9,24.1,0.80,0.00,0.36,0.09,1.43,0.00,0.00,0.00,0.00,0.00,17.5,0.00,1.16,Matchs
2237,Marco Richter,de GER,"MT,AT",Hertha BSC,de Bundesliga,24,1997,20.4,36.6,29.9,6.57,0.88,0.05,0.44,04.02,3.92,1.37,0.20,01.03,0.00,22.6,0.20,1.62,Matchs
2238,Diego Rico,es ESP,DF,Real Sociedad,es La Liga,29,1993,18.3,53.8,42.6,11.0,1.15,0.00,0.38,03.01,9.89,0.00,0.00,0.00,0.00,40.8,0.22,1.15,Matchs
2239,Jaïro Riedewald,nl NED,"DF,MT",Crystal Palace,eng Premier League,25,1996,0.7,64.3,54.3,10.0,2.86,0.00,0.00,0.00,5.71,1.43,0.00,0.00,0.00,48.6,0.00,2.86,Matchs
2240,Manuel Riemann,de GER,GB,Bochum,de Bundesliga,33,1988,34.0,51.8,38.1,13.3,5.62,0.00,0.62,0.03,0.03,0.00,0.00,0.00,0.00,31.3,0.32,0.09,Matchs
2241,Tomás Rincón,ve VEN,MT,Sampdoria,it Serie A,34,1988,28.4,43.8,41.8,1.97,1.27,0.07,01.02,0.74,0.18,0.04,0.00,0.04,0.00,35.8,0.11,0.42,Matchs
2242,Rémy Riou,fr FRA,GB,Lyon,fr Ligue 1,34,1987,6.7,33.6,24.3,9.25,2.24,0.00,0.00,0.00,0.00,0.00,0.00,0.00,0.00,26.7,0.00,0.00,Matchs
2243,Renaud Ripart,fr FRA,"AT,MT",Troyes,fr Ligue 1,29,1993,14.7,31.8,30.0,1.77,0.07,0.07,0.07,1.43,0.88,0.00,0.00,0.00,0.00,21.6,0.07,0.95,Matchs
2244,Rodrigo Riquelme,es ESP,"MT,AT",Girona,es La Liga,22,2000,24.2,29.5,28.0,1.40,0.54,0.17,0.12,3.22,0.29,0.45,0.25,0.04,0.00,20.5,0.17,1.20,Matchs
2245,Matt Ritchie,sct SCO,"AT,MT",Newcastle Utd,eng Premier League,32,1989,0.4,77.5,77.5,0.00,0.00,0.00,0.00,5.00,0.00,0.00,0.00,0.00,0.00,60.0,0.00,7.50,Matchs
2246,Sergi Roberto,es ESP,"DF,MT",Barcelona,es La Liga,30,1992,14.5,64.6,58.1,6.28,1.10,0.07,0.48,1.72,5.17,0.00,0.00,0.00,0.00,58.6,0.21,0.69,Matchs
2247,Lucas Robertone,ar ARG,MT,Almería,es La Liga,25,1997,31.6,43.2,38.3,4.65,2.15,0.32,0.47,4.34,0.38,02.03,0.79,01.08,0.00,33.3,0.19,0.57,Matchs
2248,Andrew Robertson,sct SCO,DF,Liverpool,eng Premier League,28,1994,28.7,78.9,65.6,13.1,2.26,0.07,0.42,6.79,7.98,2.82,0.80,1.71,0.00,62.8,0.24,1.43,Matchs
2249,Antonee Robinson,us USA,DF,Fulham,eng Premier League,24,1997,34.3,55.7,46.1,9.53,0.52,0.00,0.15,3.91,09.01,0.00,0.00,0.00,0.00,40.9,0.03,1.49,Matchs
2250,Joel Robles,es ESP,GB,Leeds United,eng Premier League,32,1990,4.0,30.5,17.5,13.0,5.00,0.00,0.00,0.00,0.00,0.00,0.00,0.00,0.00,15.8,0.00,0.00,Matchs
Clt,Joueur,Nation,Pos,Équipe,Comp,Âge,Naissance,90,Att,Action de jeu,Coup de pied arrêté,CF,Tr,Tr,Ctr,PCF,Co,Rentrant,Sortant,Droit,Cmp,HJ,Balles contrées,Matchs
2251,Joel Roca,es ESP,"MT,AT",Girona,es La Liga,17,2005,0.9,43.3,36.7,6.67,1.11,0.00,0.00,0.00,5.56,0.00,0.00,0.00,0.00,33.3,0.00,0.00,Matchs
2252,Marc Roca,es ESP,MT,Leeds United,eng Premier League,25,1996,25.7,50.4,46.2,3.97,2.14,0.27,0.39,2.96,0.12,1.56,0.78,0.62,0.00,38.1,0.19,0.66,Matchs
2253,Enzo Roco,cl CHI,DF,Elche,es La Liga,29,1992,18.4,39.1,36.7,02.07,1.79,0.05,0.27,0.05,0.22,0.00,0.00,0.00,0.00,31.9,0.27,0.38,Matchs
2254,Marek Rodák,sk SVK,GB,Fulham,eng Premier League,25,1996,2.0,30.5,19.0,11.5,4.00,0.00,0.00,0.00,0.00,0.00,0.00,0.00,0.00,14.5,0.00,0.00,Matchs
2255,Sebastian Rode,de GER,MT,Eint Frankfurt,de Bundesliga,31,1990,15.7,54.6,52.7,1.53,01.08,0.25,0.06,0.51,0.13,0.00,0.00,0.00,0.00,45.3,0.32,0.89,Matchs
2256,Joe Rodon,wls WAL,DF,Rennes,fr Ligue 1,24,1997,15.7,66.9,66.2,0.64,0.64,0.00,0.19,0.06,0.00,0.00,0.00,0.00,0.00,60.2,0.06,0.19,Matchs
2257,Rodri,es ESP,MT,Manchester City,eng Premier League,26,1996,32.3,92.5,91.1,1.33,1.15,0.06,0.80,0.19,0.09,0.00,0.00,0.00,0.00,84.3,0.03,0.65,Matchs
2258,Rodri,es ESP,"AT,MT",Betis,es La Liga,22,2000,17.8,48.2,46.7,01.07,0.51,0.34,0.28,2.64,0.45,0.11,0.06,0.00,0.00,41.1,0.39,1.24,Matchs
2259,Rodrigo,es ESP,"AT,MT",Leeds United,eng Premier League,31,1991,21.5,25.6,22.9,2.47,0.00,0.19,0.47,0.98,0.33,0.09,0.00,0.00,0.00,18.1,0.23,0.42,Matchs
2260,Ángel Rodríguez,es ESP,"AT,MT",Mallorca,es La Liga,35,1987,4.4,18.6,17.7,0.91,0.23,0.00,0.23,0.45,0.23,0.00,0.00,0.00,0.00,13.4,0.00,0.23,Matchs
2261,Óscar Rodríguez Arnaiz,es ESP,MT,Celta Vigo,es La Liga,24,1998,19.7,53.7,48.2,5.23,2.74,0.25,0.81,4.21,0.05,2.39,0.56,1.68,0.00,42.3,0.20,0.61,Matchs
2262,Dani Rodríguez,es ESP,MT,Mallorca,es La Liga,34,1988,23.3,29.4,27.8,1.37,0.39,0.21,0.60,1.37,0.04,0.30,0.09,0.09,0.00,23.0,0.26,1.33,Matchs
2263,Guido Rodríguez,ar ARG,MT,Betis,es La Liga,28,1994,31.9,52.9,50.0,2.70,2.63,0.09,0.63,0.28,0.06,0.00,0.00,0.00,0.00,45.9,0.19,0.44,Matchs
2264,Miguel Rodríguez,es ESP,"MT,AT",Celta Vigo,es La Liga,19,2003,2.8,32.5,32.1,0.36,0.36,0.00,0.00,4.64,0.00,0.00,0.00,0.00,0.00,21.4,0.00,1.79,Matchs
2265,Pablo Rodríguez,es ESP,"AT,MT",Lecce,it Serie A,20,2001,0.6,35.0,30.0,5.00,0.00,0.00,0.00,6.67,1.67,3.33,0.00,1.67,0.00,23.3,0.00,3.33,Matchs
2266,Ricardo Rodríguez,ch SUI,DF,Torino,it Serie A,29,1992,29.7,59.2,53.9,4.88,1.35,0.00,0.61,2.39,2.93,0.44,0.34,0.10,0.00,48.5,0.34,01.04,Matchs
2267,Rodrygo,br BRA,"AT,MT",Real Madrid,es La Liga,21,2001,26.4,39.8,37.5,1.93,0.23,0.08,0.23,0.83,0.34,0.68,0.11,0.08,0.00,34.8,0.30,0.91,Matchs
2268,Mads Roerslev,dk DEN,DF,Brentford,eng Premier League,23,1999,12.3,24.6,22.9,1.71,0.08,0.16,0.00,1.63,1.63,0.00,0.00,0.00,0.00,15.8,0.00,1.71,Matchs
2269,Agustín Rogel,uy URU,DF,Hertha BSC,de Bundesliga,24,1997,15.8,36.2,34.1,1.96,1.84,0.00,0.38,0.00,0.13,0.00,0.00,0.00,0.00,27.0,0.19,0.44,Matchs
2270,Rogério,br BRA,DF,Sassuolo,it Serie A,24,1998,33.3,61.2,49.5,11.6,1.59,0.03,0.66,3.39,9.97,0.00,0.00,0.00,0.00,49.4,0.18,1.56,Matchs
2271,Merlin Röhl,de GER,"MT,AT",Freiburg,de Bundesliga,20,2002,0.6,30.0,30.0,0.00,0.00,0.00,0.00,0.00,0.00,0.00,0.00,0.00,0.00,21.7,0.00,3.33,Matchs
2272,Tony Rölke,de GER,AT,Hertha BSC,de Bundesliga,19,2003,0.2,40.0,40.0,0.00,0.00,0.00,0.00,0.00,0.00,0.00,0.00,0.00,0.00,25.0,0.00,0.00,Matchs
2273,Filippo Romagna,it ITA,DF,Sassuolo,it Serie A,25,1997,0.5,72.0,68.0,4.00,4.00,0.00,0.00,0.00,0.00,0.00,0.00,0.00,0.00,68.0,0.00,0.00,Matchs
2274,Alessio Romagnoli,it ITA,DF,Lazio,it Serie A,27,1995,32.5,56.9,51.9,4.95,2.80,0.03,0.40,0.00,0.06,0.00,0.00,0.00,0.00,51.5,0.00,0.18,Matchs
2275,Simone Romagnoli,it ITA,DF,Lecce,it Serie A,32,1990,1.9,38.9,37.4,1.58,1.58,0.00,0.00,0.00,0.00,0.00,0.00,0.00,0.00,32.1,0.00,0.00,Matchs
Clt,Joueur,Nation,Pos,Équipe,Comp,Âge,Naissance,90,Att,Action de jeu,Coup de pied arrêté,CF,Tr,Tr,Ctr,PCF,Co,Rentrant,Sortant,Droit,Cmp,HJ,Balles contrées,Matchs
2276,Leonardo Román,es ESP,GB,Mallorca,es La Liga,22,2000,1.0,42.0,27.0,15.0,3.00,0.00,0.00,0.00,0.00,0.00,0.00,0.00,0.00,29.0,0.00,0.00,Matchs
2277,Cristian Romero,ar ARG,DF,Tottenham,eng Premier League,24,1998,26.3,61.1,57.9,03.04,2.28,0.15,0.76,0.00,0.72,0.00,0.00,0.00,0.00,53.5,0.11,0.91,Matchs
2278,Iván Romero,es ESP,MT,Sevilla,es La Liga,21,2001,0.1,30.0,30.0,0.00,0.00,0.00,0.00,0.00,0.00,0.00,0.00,0.00,0.00,10.0,0.00,0.00,Matchs
2279,Luka Romero,ar ARG,AT,Lazio,it Serie A,17,2004,1.7,47.1,45.9,1.18,0.00,0.00,0.00,0.00,1.18,0.00,0.00,0.00,0.00,41.2,0.00,0.59,Matchs
2280,Oriol Romeu,es ESP,MT,Southampton,eng Premier League,30,1991,0.8,37.5,37.5,0.00,0.00,0.00,0.00,1.25,0.00,0.00,0.00,0.00,0.00,35.0,0.00,0.00,Matchs
2281,Oriol Romeu,es ESP,MT,Girona,es La Liga,30,1991,32.8,49.6,48.0,1.31,1.25,0.09,0.37,0.40,0.06,0.00,0.00,0.00,0.00,42.8,0.21,0.58,Matchs
2282,Cristiano Ronaldo,pt POR,AT,Manchester Utd,eng Premier League,37,1985,5.8,27.9,27.1,0.86,0.00,0.34,0.17,0.52,0.17,0.00,0.00,0.00,0.00,20.9,0.00,1.72,Matchs
2283,Connor Ronan,ie IRL,MT,Wolves,eng Premier League,24,1998,0.0,4,3,1,1,0,0,1,0,0,0,0,0,3,0,0,Matchs
2284,Salomón Rondón,ve VEN,AT,Everton,eng Premier League,32,1989,1.2,24.2,23.3,0.83,0.00,0.00,0.00,0.00,0.83,0.00,0.00,0.00,0.00,18.3,0.00,0.00,Matchs
2285,Valentin Rongier,fr FRA,MT,Marseille,fr Ligue 1,27,1994,33.7,62.6,61.0,1.39,1.19,0.18,0.47,0.24,0.21,0.00,0.00,0.00,0.00,55.0,0.21,0.65,Matchs
2286,Marten de Roon,nl NED,MT,Atalanta,it Serie A,31,1991,32.9,58.1,55.7,2.28,1.64,0.00,0.73,0.40,0.52,0.00,0.00,0.00,0.00,48.2,0.12,0.64,Matchs
2287,Pablo Rosario,nl NED,"MT,DF",Nice,fr Ligue 1,25,1997,19.6,53.5,52.1,1.28,0.87,0.05,0.15,0.56,0.41,0.00,0.00,0.00,0.00,47.4,0.10,0.46,Matchs
2288,Francesco Rossi,it ITA,GB,Atalanta,it Serie A,31,1991,0.0,4,3,1,0,0,0,0,0,0,0,0,0,3,0,0,Matchs
2289,Tom Rothe,de GER,DF,Dortmund,de Bundesliga,17,2004,0.3,60.0,46.7,13.3,6.67,0.00,0.00,6.67,6.67,0.00,0.00,0.00,0.00,50.0,0.00,0.00,Matchs
2290,Joe Rothwell,eng ENG,MT,Bournemouth,eng Premier League,27,1995,11.3,40.4,35.6,4.78,2.12,0.35,0.18,2.30,0.09,1.86,01.06,0.35,0.27,34.1,0.09,0.53,Matchs
2291,Anthony Rouault,fr FRA,DF,Toulouse,fr Ligue 1,21,2001,36.8,56.1,52.3,3.75,1.82,0.03,0.63,0.00,0.33,0.00,0.00,0.00,0.00,49.0,0.05,0.38,Matchs
2292,Jérôme Roussillon,fr FRA,"MT,DF",Wolfsburg,de Bundesliga,29,1993,0.2,35.0,30.0,5.00,0.00,0.00,0.00,0.00,5.00,0.00,0.00,0.00,0.00,15.0,0.00,0.00,Matchs
2293,Jérôme Roussillon,fr FRA,DF,Union Berlin,de Bundesliga,29,1993,10.6,41.3,31.3,9.62,0.38,0.19,0.00,3.40,9.25,0.00,0.00,0.00,0.00,29.0,0.38,1.32,Matchs
2294,Nicolò Rovella,it ITA,MT,Monza,it Serie A,20,2001,19.3,70.6,66.9,3.52,2.69,0.05,1.24,1.45,0.31,0.52,0.10,0.36,0.00,62.5,0.16,0.78,Matchs
2295,Nicolò Rovella,it ITA,MT,Juventus,it Serie A,20,2001,0.3,83.3,73.3,10.0,3.33,0.00,6.67,10.0,3.33,3.33,3.33,0.00,0.00,73.3,0.00,3.33,Matchs
2296,Amir Rrahmani,xk KVX,DF,Napoli,it Serie A,28,1994,27.2,79.7,77.1,2.46,2.32,0.00,1.10,0.04,0.11,0.00,0.00,0.00,0.00,72.7,0.11,0.26,Matchs
2297,Ruan,br BRA,DF,Sassuolo,it Serie A,23,1999,19.0,49.4,46.1,3.26,1.84,0.05,0.16,0.00,0.11,0.00,0.00,0.00,0.00,43.9,0.11,0.42,Matchs
2298,Rubén,es ESP,"DF,MT",Espanyol,es La Liga,21,2001,9.9,34.2,28.9,5.25,0.51,0.20,0.20,4.85,4.75,0.00,0.00,0.00,0.00,23.4,0.10,0.91,Matchs
2299,Antonio Rüdiger,de GER,DF,Real Madrid,es La Liga,29,1993,26.8,60.3,58.3,02.05,0.93,0.11,0.60,0.19,0.75,0.00,0.00,0.00,0.00,55.4,0.00,0.52,Matchs
2300,Sebastian Rudy,de GER,MT,Hoffenheim,de Bundesliga,32,1990,8.8,50.2,44.0,06.02,2.39,0.00,0.11,4.66,0.00,3.41,0.80,1.48,0.23,37.5,0.23,0.91,Matchs
Clt,Joueur,Nation,Pos,Équipe,Comp,Âge,Naissance,90,Att,Action de jeu,Coup de pied arrêté,CF,Tr,Tr,Ctr,PCF,Co,Rentrant,Sortant,Droit,Cmp,HJ,Balles contrées,Matchs
2301,Daniele Rugani,it ITA,DF,Juventus,it Serie A,28,1994,6.3,41.6,40.5,1.11,0.63,0.00,0.48,0.00,0.00,0.00,0.00,0.00,0.00,36.7,0.00,0.00,Matchs
2302,Matteo Ruggeri,it ITA,"DF,MT",Atalanta,it Serie A,20,2002,9.2,68.6,57.3,11.1,0.54,0.00,0.22,4.13,10.4,0.11,0.11,0.00,0.00,56.0,0.22,01.09,Matchs
2303,Mário Rui,pt POR,DF,Napoli,it Serie A,31,1991,19.4,89.4,73.6,15.5,3.61,0.10,1.55,5.67,9.69,2.16,0.77,0.98,0.00,72.6,0.36,1.34,Matchs
2304,Aitor Ruibal,es ESP,"DF,AT",Betis,es La Liga,26,1996,16.2,51.9,42.7,9.14,1.11,0.06,0.62,1.91,08.02,0.00,0.00,0.00,0.00,39.9,0.12,1.36,Matchs
2305,Kays Ruiz,ma MAR,MT,Auxerre,fr Ligue 1,19,2002,0.7,41.4,41.4,0.00,0.00,0.00,0.00,0.00,0.00,0.00,0.00,0.00,0.00,37.1,0.00,0.00,Matchs
2306,Fabián Ruiz Peña,es ESP,MT,Paris S-G,fr Ligue 1,26,1996,21.0,84.0,81.7,2.10,1.19,0.43,0.52,0.62,0.71,0.19,0.00,0.14,0.00,76.9,0.14,1.14,Matchs
2307,Víctor Ruiz,es ESP,DF,Betis,es La Liga,33,1989,6.2,40.5,38.9,1.45,1.45,0.00,0.32,0.00,0.00,0.00,0.00,0.00,0.00,34.4,0.16,0.00,Matchs
2308,Gerónimo Rulli,ar ARG,GB,Villarreal,es La Liga,30,1992,14.0,38.8,29.9,8.86,2.29,0.00,0.00,0.00,0.00,0.00,0.00,0.00,0.00,33.1,0.00,0.14,Matchs
2309,Alessandro Russo,it ITA,GB,Sassuolo,it Serie A,21,2001,1.0,50.0,37.0,13.0,5.00,0.00,0.00,0.00,0.00,0.00,0.00,0.00,0.00,37.0,0.00,0.00,Matchs
2310,Franco Russo,ar ARG,DF,Mallorca,es La Liga,27,1994,1.6,37.5,36.3,1.25,0.63,0.00,0.63,0.00,0.63,0.00,0.00,0.00,0.00,28.8,0.00,0.00,Matchs
2311,Georginio Rutter,fr FRA,"AT,MT",Leeds United,eng Premier League,20,2002,3.0,20.7,19.7,0.67,0.00,0.33,0.00,0.00,0.00,0.00,0.00,0.00,0.00,10.3,0.33,1.67,Matchs
2312,Georginio Rutter,fr FRA,AT,Hoffenheim,de Bundesliga,20,2002,11.2,14.1,14.0,0.09,0.00,0.09,0.18,0.98,0.00,0.00,0.00,0.00,0.00,8.48,0.00,01.07,Matchs
2313,Julian Ryerson,no NOR,DF,Union Berlin,de Bundesliga,24,1997,11.5,43.6,32.5,10.9,0.35,0.09,0.35,3.57,10.3,0.17,0.00,0.17,0.00,30.4,0.17,1.39,Matchs
2314,Julian Ryerson,no NOR,DF,Dortmund,de Bundesliga,24,1997,15.7,63.6,53.9,9.68,0.64,0.13,0.13,3.18,09.04,0.00,0.00,0.00,0.00,52.0,0.00,1.78,Matchs
2315,Frederik Rønnow,dk DEN,GB,Union Berlin,de Bundesliga,29,1992,29.0,44.1,35.2,8.86,3.24,0.00,0.00,0.00,0.00,0.00,0.00,0.00,0.00,30.6,0.07,0.07,Matchs
2316,José Sá,pt POR,GB,Wolves,eng Premier League,29,1993,36.0,33.3,23.7,9.47,2.25,0.00,0.08,0.00,0.00,0.00,0.00,0.00,0.00,23.3,0.14,0.03,Matchs
2317,Youssouf Sabaly,sn SEN,DF,Betis,es La Liga,29,1993,18.7,50.7,41.1,9.41,01.02,0.00,0.05,0.91,8.40,0.00,0.00,0.00,0.00,41.7,0.21,1.34,Matchs
2318,Halid Šabanović,ba BIH,DF,Angers,fr Ligue 1,22,1999,7.1,39.4,32.8,6.62,0.42,0.00,0.28,1.13,6.20,0.00,0.00,0.00,0.00,32.1,0.00,0.28,Matchs
2319,Abdelhamid Sabiri,ma MAR,"MT,AT",Sampdoria,it Serie A,25,1996,11.9,38.7,32.8,5.80,2.77,0.25,0.67,4.54,0.25,2.69,0.76,1.60,0.00,26.1,0.17,0.92,Matchs
2320,Marcel Sabitzer,at AUT,MT,Manchester Utd,eng Premier League,28,1994,7.0,43.9,41.9,1.29,0.57,0.29,0.43,0.57,0.29,0.14,0.00,0.00,0.00,33.9,0.71,1.00,Matchs
2321,Marcel Sabitzer,at AUT,MT,Bayern Munich,de Bundesliga,28,1994,7.0,66.6,64.4,1.71,0.86,0.14,0.29,0.71,0.57,0.14,0.14,0.00,0.00,57.4,0.43,0.43,Matchs
2322,Falaye Sacko,ml MLI,DF,Montpellier,fr Ligue 1,27,1995,28.7,43.2,36.0,7.11,0.80,0.07,0.03,1.25,6.27,0.03,0.00,0.00,0.00,34.8,0.10,0.94,Matchs
2323,Umar Sadiq,ng NGA,AT,Almería,es La Liga,25,1997,2.7,13.3,11.9,1.11,0.00,0.00,0.00,0.00,0.37,0.00,0.00,0.00,0.00,8.15,0.37,0.74,Matchs
2324,Umar Sadiq,ng NGA,AT,Real Sociedad,es La Liga,25,1997,0.9,14.4,14.4,0.00,0.00,0.00,1.11,0.00,0.00,0.00,0.00,0.00,0.00,14.4,0.00,0.00,Matchs
2325,Alexis Saelemaekers,be BEL,"AT,DF",Milan,it Serie A,23,1999,15.6,39.8,36.7,2.95,0.32,0.19,0.13,03.08,2.31,0.32,0.13,0.19,0.00,30.8,0.13,0.77,Matchs
Clt,Joueur,Nation,Pos,Équipe,Comp,Âge,Naissance,90,Att,Action de jeu,Coup de pied arrêté,CF,Tr,Tr,Ctr,PCF,Co,Rentrant,Sortant,Droit,Cmp,HJ,Balles contrées,Matchs
2326,Wesley Saïd,fr FRA,"AT,MT",Lens,fr Ligue 1,27,1995,7.2,27.1,25.6,1.25,0.00,0.14,0.00,0.69,0.28,0.00,0.00,0.00,0.00,21.5,0.28,0.69,Matchs
2327,Allan Saint-Maximin,fr FRA,AT,Newcastle Utd,eng Premier League,25,1997,12.4,36.0,35.1,0.73,0.08,0.32,0.24,2.58,0.56,0.08,0.00,0.00,0.00,25.5,0.24,1.37,Matchs
2328,Théo Sainte-Luce,fr FRA,DF,Montpellier,fr Ligue 1,23,1998,5.9,45.1,34.9,10.2,0.51,0.00,0.00,1.69,9.66,0.00,0.00,0.00,0.00,37.1,0.00,0.85,Matchs
2329,Samuel Sáiz,es ESP,MT,Girona,es La Liga,31,1991,2.7,60.0,55.6,2.59,0.00,0.74,0.37,2.22,0.37,0.37,0.00,0.37,0.00,45.2,1.85,2.22,Matchs
2330,Bukayo Saka,eng ENG,AT,Arsenal,eng Premier League,20,2001,35.3,40.5,36.7,3.71,0.31,0.06,0.08,4.87,0.59,2.80,2.15,0.00,0.06,29.9,0.06,1.76,Matchs
2331,Hamza Sakhi,fr FRA,MT,Auxerre,fr Ligue 1,26,1996,18.4,51.5,47.1,3.97,1.79,0.22,1.25,4.78,0.05,02.01,0.65,01.09,0.00,41.1,0.43,0.76,Matchs
2332,Mamadou Sakho,fr FRA,DF,Montpellier,fr Ligue 1,32,1990,8.5,54.0,51.5,2.24,2.00,0.00,0.00,0.00,0.12,0.00,0.00,0.00,0.00,46.7,0.24,0.00,Matchs
2333,Jacopo Sala,it ITA,MT,Spezia,it Serie A,30,1991,1.2,38.3,33.3,5.00,3.33,0.00,0.00,3.33,0.83,0.00,0.00,0.00,0.00,30.0,0.00,4.17,Matchs
2334,Ibrahim Salah,ma MAR,"AT,MT",Rennes,fr Ligue 1,20,2001,2.5,48.4,48.0,0.40,0.00,0.00,0.00,3.20,0.40,0.00,0.00,0.00,0.00,37.6,0.00,1.60,Matchs
2335,Mohamed Salah,eg EGY,AT,Liverpool,eng Premier League,30,1992,36.6,32.4,31.3,0.79,0.11,0.38,0.08,01.04,0.46,0.00,0.00,0.00,0.00,24.6,0.27,01.09,Matchs
2336,Amine Salama,fr FRA,"AT,MT",Angers,fr Ligue 1,22,2000,13.9,23.1,21.8,1.15,0.00,0.14,0.00,0.86,0.00,0.00,0.00,0.00,0.00,17.0,0.14,0.72,Matchs
2337,Kike Salas,es ESP,DF,Sevilla,es La Liga,20,2002,4.1,51.5,49.5,1.71,1.71,0.00,0.24,0.00,0.00,0.00,0.00,0.00,0.00,43.2,0.24,0.00,Matchs
2338,William Saliba,fr FRA,DF,Arsenal,eng Premier League,21,2001,26.8,69.6,68.0,1.60,1.27,0.00,0.07,0.04,0.00,0.00,0.00,0.00,0.00,63.4,0.00,0.30,Matchs
2339,Dikeni Salifou,tg TOG,MT,Werder Bremen,de Bundesliga,19,2003,0.0,0,0,0,0,0,0,0,0,0,0,0,0,0,0,0,Matchs
2340,Mohammed Salisu,gh GHA,DF,Southampton,eng Premier League,23,1999,21.9,54.6,49.1,5.25,1.14,0.05,0.46,0.59,3.97,0.00,0.00,0.00,0.00,40.1,0.27,0.55,Matchs
2341,Roland Sallai,hu HUN,"MT,AT",Freiburg,de Bundesliga,25,1997,11.1,30.8,29.5,0.90,0.36,0.18,0.27,3.15,0.45,0.09,0.09,0.00,0.00,21.4,0.36,01.08,Matchs
2342,Yoann Salmier,gf GUF,DF,Troyes,fr Ligue 1,29,1992,29.4,49.5,47.6,1.80,1.43,0.03,0.54,0.24,0.24,0.00,0.00,0.00,0.00,40.7,0.17,0.44,Matchs
2343,Salvi,es ESP,"AT,MT",Rayo Vallecano,es La Liga,31,1991,5.4,38.5,34.8,2.96,0.00,0.19,0.00,6.85,2.78,0.19,0.00,0.19,0.00,22.0,0.74,3.70,Matchs
2344,Lazar Samardzic,rs SRB,MT,Udinese,it Serie A,20,2002,20.5,43.6,37.7,5.76,2.34,0.15,1.12,4.49,0.24,03.02,1.61,0.83,0.00,34.9,0.15,0.83,Matchs
2345,Diadie Samassékou,ml MLI,"MT,AT",Hoffenheim,de Bundesliga,26,1996,0.4,50.0,50.0,0.00,0.00,0.00,0.00,0.00,0.00,0.00,0.00,0.00,0.00,42.5,0.00,0.00,Matchs
2346,Mama Samba Baldé,gw GNB,AT,Troyes,fr Ligue 1,26,1995,29.6,19.7,17.3,2.36,0.00,0.07,0.20,0.44,0.00,0.00,0.00,0.00,0.00,13.1,0.10,01.01,Matchs
2347,Brice Samba,fr FRA,GB,Lens,fr Ligue 1,28,1994,37.0,33.4,26.6,6.76,2.43,0.00,0.32,0.00,0.00,0.00,0.00,0.00,0.00,25.4,0.05,0.03,Matchs
2348,Albert Sambi Lokonga,be BEL,MT,Arsenal,eng Premier League,22,1999,2.2,63.6,61.4,2.27,2.27,0.45,0.45,0.00,0.00,0.00,0.00,0.00,0.00,60.0,0.00,0.45,Matchs
2349,Albert Sambi Lokonga,be BEL,MT,Crystal Palace,eng Premier League,22,1999,6.0,44.0,41.7,1.67,1.50,0.33,0.17,0.00,0.17,0.00,0.00,0.00,0.00,38.0,0.67,0.33,Matchs
2350,Junior Sambia,fr FRA,DF,Salernitana,it Serie A,25,1996,7.7,51.4,40.4,11.0,0.78,0.00,0.13,4.29,9.22,01.04,0.39,0.52,0.00,40.5,0.00,0.91,Matchs
Clt,Joueur,Nation,Pos,Équipe,Comp,Âge,Naissance,90,Att,Action de jeu,Coup de pied arrêté,CF,Tr,Tr,Ctr,PCF,Co,Rentrant,Sortant,Droit,Cmp,HJ,Balles contrées,Matchs
2351,Fede San Emeterio,es ESP,MT,Cádiz,es La Liga,25,1997,20.5,32.0,31.2,0.59,0.59,0.10,0.20,0.20,0.00,0.00,0.00,0.00,0.00,25.3,0.24,0.59,Matchs
2352,Antonio Sanabria,py PAR,AT,Torino,it Serie A,26,1996,27.0,25.6,23.4,2.15,0.07,0.04,0.19,0.07,0.07,0.00,0.00,0.00,0.00,19.4,0.04,0.67,Matchs
2353,Leandro Sanca,gw GNB,"AT,MT",Spezia,it Serie A,22,2000,0.4,30.0,27.5,2.50,0.00,0.00,0.00,5.00,0.00,0.00,0.00,0.00,0.00,22.5,0.00,0.00,Matchs
2354,Oihan Sancet,es ESP,MT,Athletic Club,es La Liga,22,2000,28.1,34.7,33.3,1.00,0.46,0.32,0.11,0.60,0.04,0.11,0.00,0.07,0.00,28.0,0.39,0.68,Matchs
2355,Renato Sanches,pt POR,MT,Paris S-G,fr Ligue 1,24,1997,8.0,83.6,81.6,1.75,0.88,0.25,0.38,0.63,0.63,0.25,0.00,0.25,0.00,76.0,0.25,1.25,Matchs
2356,Alexis Sánchez,cl CHI,"AT,MT",Marseille,fr Ligue 1,33,1988,29.8,31.3,29.0,1.98,0.20,0.47,0.64,1.24,0.03,0.37,0.20,0.00,0.00,22.9,0.34,0.87,Matchs
2357,Antonio Sánchez,es ESP,"MT,DF",Mallorca,es La Liga,25,1997,12.0,37.3,34.2,3.00,0.25,0.00,0.58,2.67,02.08,0.08,0.08,0.00,0.00,26.0,0.08,1.83,Matchs
2358,Davinson Sánchez,co COL,DF,Tottenham,eng Premier League,26,1996,9.5,62.5,61.4,01.05,0.74,0.00,0.11,0.21,0.32,0.00,0.00,0.00,0.00,54.2,0.11,01.05,Matchs
2359,Iván Sánchez,es ESP,"MT,AT",Valladolid,es La Liga,29,1992,12.8,37.5,35.9,1.17,0.23,0.08,0.78,2.97,0.16,0.47,0.23,0.08,0.08,29.8,0.39,1.25,Matchs
2360,Javi Sánchez,es ESP,DF,Valladolid,es La Liga,25,1997,26.6,44.2,42.1,1.92,1.54,0.04,0.86,0.19,0.15,0.00,0.00,0.00,0.00,36.2,0.19,0.49,Matchs
2361,Manu Sánchez,es ESP,DF,Osasuna,es La Liga,21,2000,23.6,48.5,40.0,8.35,0.47,0.00,0.08,03.01,7.88,0.00,0.00,0.00,0.00,38.8,0.17,1.19,Matchs
2362,Robert Sánchez,es ESP,GB,Brighton,eng Premier League,24,1997,23.0,34.0,26.4,7.30,1.61,0.00,0.17,0.00,0.00,0.00,0.00,0.00,0.00,26.3,0.22,0.13,Matchs
2363,Jadon Sancho,eng ENG,"AT,MT",Manchester Utd,eng Premier League,22,2000,18.7,41.5,40.6,0.75,0.00,0.21,0.16,0.91,0.43,0.27,0.11,0.00,0.00,34.6,0.11,1.50,Matchs
2364,Alex Sandro,br BRA,DF,Juventus,it Serie A,31,1991,19.9,63.1,55.3,7.64,1.21,0.00,0.40,0.95,5.88,0.00,0.00,0.00,0.00,54.3,0.20,0.65,Matchs
2365,Leroy Sané,de GER,"MT,AT",Bayern Munich,de Bundesliga,26,1996,22.3,48.3,47.2,0.90,0.00,0.40,0.13,0.72,0.40,0.22,0.13,0.00,0.00,39.5,0.22,0.99,Matchs
2366,Sidi Sané,de GER,AT,Schalke 04,de Bundesliga,19,2003,0.3,23.3,23.3,0.00,0.00,0.00,0.00,0.00,0.00,0.00,0.00,0.00,0.00,23.3,0.00,0.00,Matchs
2367,Morgan Sanson,fr FRA,MT,Aston Villa,eng Premier League,27,1994,0.1,70.0,70.0,0.00,0.00,0.00,0.00,0.00,0.00,0.00,0.00,0.00,0.00,50.0,0.00,0.00,Matchs
2368,Morgan Sanson,fr FRA,MT,Strasbourg,fr Ligue 1,27,1994,15.8,39.2,36.6,2.28,1.39,0.38,0.25,2.22,0.19,0.63,0.13,0.32,0.00,30.4,0.38,01.01,Matchs
2369,Nicola Sansone,it ITA,AT,Bologna,it Serie A,30,1991,8.2,26.6,23.7,2.68,0.12,0.00,0.24,2.44,0.12,1.22,0.85,0.24,0.00,19.6,0.24,0.85,Matchs
2370,Baptiste Santamaria,fr FRA,MT,Rennes,fr Ligue 1,27,1995,20.1,65.5,63.7,1.74,1.74,0.05,0.60,0.35,0.00,0.00,0.00,0.00,0.00,55.7,0.10,0.95,Matchs
2371,Riccardo Saponara,it ITA,AT,Fiorentina,it Serie A,30,1991,13.4,34.1,33.7,0.22,0.00,0.15,0.45,2.39,0.22,0.00,0.00,0.00,0.00,24.6,0.22,0.97,Matchs
2372,Pablo Sarabia,es ESP,"AT,MT",Wolves,eng Premier League,30,1992,8.5,42.9,38.1,4.59,0.94,0.24,0.35,5.41,0.35,3.29,2.12,0.59,0.00,29.6,0.24,1.76,Matchs
2373,Pablo Sarabia,es ESP,"AT,MT",Paris S-G,fr Ligue 1,30,1992,4.1,45.6,41.7,3.66,0.49,1.22,0.24,3.90,0.24,2.93,1.22,1.22,0.00,35.9,0.24,1.22,Matchs
2374,Jeremy Sarmiento,ec ECU,MT,Brighton,eng Premier League,20,2002,2.0,33.5,33.5,0.00,0.00,0.00,0.00,1.50,0.00,0.00,0.00,0.00,0.00,26.5,0.00,0.50,Matchs
2375,Amin Sarr,se SWE,AT,Lyon,fr Ligue 1,21,2001,6.0,23.7,22.7,1.00,0.00,0.00,0.00,0.67,0.17,0.00,0.00,0.00,0.00,17.3,0.00,0.50,Matchs
Clt,Joueur,Nation,Pos,Équipe,Comp,Âge,Naissance,90,Att,Action de jeu,Coup de pied arrêté,CF,Tr,Tr,Ctr,PCF,Co,Rentrant,Sortant,Droit,Cmp,HJ,Balles contrées,Matchs
2376,Bouna Sarr,sn SEN,AT,Bayern Munich,de Bundesliga,30,1992,0.0,2,2,0,0,0,0,0,0,0,0,0,0,1,0,0,Matchs
2377,Malang Sarr,fr FRA,DF,Monaco,fr Ligue 1,23,1999,8.0,64.6,62.9,1.63,1.13,0.00,1.25,0.13,0.38,0.00,0.00,0.00,0.00,57.5,0.13,0.63,Matchs
2378,Mamadou Sarr,fr FRA,MT,Lyon,fr Ligue 1,16,2005,0.1,80.0,80.0,0.00,0.00,0.00,0.00,0.00,0.00,0.00,0.00,0.00,0.00,80.0,0.00,0.00,Matchs
2379,Mouhamadou Sarr,sn SEN,GB,Cremonese,it Serie A,25,1997,2.0,42.0,30.5,11.0,5.00,0.00,0.50,0.00,0.00,0.00,0.00,0.00,0.00,31.0,0.50,0.00,Matchs
2380,Martin Satriano,uy URU,AT,Empoli,it Serie A,21,2001,18.9,20.3,19.8,0.42,0.00,0.11,0.05,1.16,0.32,0.00,0.00,0.00,0.00,13.2,0.05,0.79,Matchs
2381,Téji Savanier,fr FRA,MT,Montpellier,fr Ligue 1,30,1991,28.3,59.9,49.3,10.2,04.03,0.21,1.24,8.30,01.02,4.84,02.05,2.23,0.07,41.9,0.39,1.17,Matchs
2382,Esteban Saveljich,me MNE,AT,Rayo Vallecano,es La Liga,31,1991,0.0,0,0,0,0,0,0,0,0,0,0,0,0,0,0,0,Matchs
2383,Stefan Savić,me MNE,DF,Atlético Madrid,es La Liga,31,1991,21.6,52.8,51.3,1.34,01.02,0.00,0.19,0.00,0.32,0.00,0.00,0.00,0.00,46.3,0.23,0.19,Matchs
2384,Joe Scally,us USA,DF,M'Gladbach,de Bundesliga,19,2002,24.5,47.9,38.4,9.43,01.02,0.00,0.04,1.67,8.41,0.00,0.00,0.00,0.00,37.6,0.08,1.59,Matchs
2385,Giorgio Scalvini,it ITA,DF,Atalanta,it Serie A,18,2003,25.9,57.4,55.7,1.54,1.12,0.04,0.81,0.31,0.42,0.00,0.00,0.00,0.00,46.5,0.12,0.77,Matchs
2386,Gianluca Scamacca,it ITA,AT,West Ham,eng Premier League,23,1999,10.3,17.2,16.8,0.29,0.00,0.00,0.78,0.10,0.00,0.00,0.00,0.00,0.00,11.5,0.10,0.68,Matchs
2387,Gustavo Scarpa,br BRA,"MT,AT",Nott'ham Forest,eng Premier League,28,1994,2.0,39.0,36.0,3.00,0.00,0.50,1.00,2.00,1.50,1.00,0.00,0.50,0.00,25.5,0.00,2.50,Matchs
2388,Kevin Schade,de GER,AT,Brentford,eng Premier League,20,2001,8.1,21.4,21.1,0.12,0.00,0.12,0.00,1.85,0.12,0.00,0.00,0.00,0.00,12.7,0.12,1.36,Matchs
2389,Kevin Schade,de GER,"AT,MT",Freiburg,de Bundesliga,20,2001,2.0,27.5,27.0,0.50,0.00,0.00,0.00,1.50,0.00,0.00,0.00,0.00,0.00,13.0,0.00,2.00,Matchs
2390,András Schäfer,hu HUN,MT,Union Berlin,de Bundesliga,23,1999,9.6,28.5,27.2,1.35,0.21,0.10,0.00,0.83,0.10,0.00,0.00,0.00,0.00,21.4,0.00,1.46,Matchs
2391,Fabian Schär,ch SUI,DF,Newcastle Utd,eng Premier League,30,1991,35.6,51.9,49.7,02.05,1.74,0.20,0.96,0.51,0.28,0.00,0.00,0.00,0.00,40.0,0.08,0.53,Matchs
2392,Derry Scherhant,de GER,"AT,MT",Hertha BSC,de Bundesliga,19,2002,3.2,15.6,15.3,0.31,0.00,0.00,0.00,0.94,0.31,0.00,0.00,0.00,0.00,10.3,0.00,0.63,Matchs
2393,Patrik Schick,cz CZE,AT,Leverkusen,de Bundesliga,26,1996,10.5,24.1,22.2,1.81,0.19,0.10,0.00,0.38,0.57,0.00,0.00,0.00,0.00,16.8,0.10,0.48,Matchs
2394,Kingsley Schindler,gh GHA,"DF,MT",Köln,de Bundesliga,29,1993,12.1,45.1,36.2,8.76,0.33,0.00,0.08,3.72,8.18,0.25,0.08,0.08,0.00,29.1,0.17,2.31,Matchs
2395,Xaver Schlager,at AUT,MT,RB Leipzig,de Bundesliga,24,1997,16.7,55.6,54.5,0.66,0.60,0.24,0.30,0.12,0.06,0.00,0.00,0.00,0.00,46.2,0.42,0.90,Matchs
2396,Keven Schlotterbeck,de GER,DF,Freiburg,de Bundesliga,25,1997,0.2,30.0,25.0,5.00,5.00,0.00,0.00,0.00,0.00,0.00,0.00,0.00,0.00,30.0,0.00,0.00,Matchs
2397,Keven Schlotterbeck,de GER,DF,Bochum,de Bundesliga,25,1997,8.2,38.4,36.0,02.07,0.24,0.12,0.12,0.37,0.37,0.00,0.00,0.00,0.00,25.4,0.37,0.12,Matchs
2398,Nico Schlotterbeck,de GER,DF,Dortmund,de Bundesliga,22,1999,25.0,76.4,73.8,2.48,2.12,0.08,1.96,0.44,0.36,0.00,0.00,0.00,0.00,65.9,0.08,1.00,Matchs
2399,Jeffrey Schlupp,gh GHA,"MT,AT",Crystal Palace,eng Premier League,29,1992,28.1,32.0,30.4,1.42,0.43,0.11,0.04,0.57,0.85,0.00,0.00,0.00,0.00,23.7,0.21,0.75,Matchs
2400,Kasper Schmeichel,dk DEN,GB,Nice,fr Ligue 1,35,1986,36.0,33.0,23.2,9.81,02.08,0.00,0.11,0.00,0.00,0.00,0.00,0.00,0.00,25.5,0.03,0.03,Matchs
Clt,Joueur,Nation,Pos,Équipe,Comp,Âge,Naissance,90,Att,Action de jeu,Coup de pied arrêté,CF,Tr,Tr,Ctr,PCF,Co,Rentrant,Sortant,Droit,Cmp,HJ,Balles contrées,Matchs
2401,Jonathan Schmid,fr FRA,DF,Freiburg,de Bundesliga,32,1990,0.5,56.0,50.0,6.00,2.00,0.00,0.00,8.00,4.00,0.00,0.00,0.00,0.00,46.0,0.00,2.00,Matchs
2402,Romano Schmid,at AUT,"MT,AT",Werder Bremen,de Bundesliga,22,2000,16.9,44.4,43.1,01.01,0.06,0.30,0.12,1.18,0.89,0.00,0.00,0.00,0.00,33.2,0.30,1.83,Matchs
2403,Kenneth Schmidt,de GER,DF,Freiburg,de Bundesliga,20,2002,2.8,66.8,62.1,4.64,1.43,0.00,01.07,0.36,2.86,0.00,0.00,0.00,0.00,59.3,0.00,0.36,Matchs
2404,Niklas Schmidt,de GER,MT,Werder Bremen,de Bundesliga,24,1998,12.1,49.7,47.7,1.90,0.74,0.17,1.49,2.56,0.66,0.41,0.08,0.17,0.00,36.9,0.08,1.74,Matchs
2405,Benno Schmitz,de GER,DF,Köln,de Bundesliga,27,1994,26.9,55.7,44.0,11.4,0.48,0.04,0.04,3.57,10.9,0.00,0.00,0.00,0.00,34.9,0.33,1.82,Matchs
2406,Jerdy Schouten,nl NED,MT,Bologna,it Serie A,25,1997,27.9,53.7,53.3,0.29,0.29,0.14,0.47,0.11,0.00,0.00,0.00,0.00,0.00,46.6,0.11,0.57,Matchs
2407,Perr Schuurs,nl NED,DF,Torino,it Serie A,22,1999,25.8,46.6,45.2,1.40,1.20,0.00,0.04,0.08,0.19,0.00,0.00,0.00,0.00,41.0,0.00,0.27,Matchs
2408,Marvin Schwäbe,de GER,GB,Köln,de Bundesliga,27,1995,34.0,40.9,33.4,7.44,2.00,0.00,0.03,0.00,0.00,0.00,0.00,0.00,0.00,32.1,0.06,0.03,Matchs
2409,Alexander Schwolow,de GER,GB,Schalke 04,de Bundesliga,30,1992,22.6,37.7,27.1,10.5,2.83,0.00,0.00,0.00,0.00,0.00,0.00,0.00,0.00,25.1,0.13,0.04,Matchs
2410,Manuel Sebastián,es ESP,MT,Sevilla,es La Liga,18,2004,1.7,38.8,37.6,1.18,1.18,0.59,0.59,0.00,0.00,0.00,0.00,0.00,0.00,30.6,0.00,1.18,Matchs
2411,Demba Seck,sn SEN,"MT,AT",Torino,it Serie A,21,2001,5.8,28.6,27.4,01.03,0.17,0.34,0.00,1.21,0.34,0.00,0.00,0.00,0.00,21.9,0.17,1.21,Matchs
2412,Haris Seferović,ch SUI,AT,Celta Vigo,es La Liga,30,1992,9.9,22.0,19.8,2.12,0.00,0.40,0.10,2.12,0.10,0.00,0.00,0.00,0.00,13.5,0.10,0.81,Matchs
2413,Telasco Segovia,ve VEN,MT,Sampdoria,it Serie A,19,2003,0.0,3,3,0,0,0,0,0,0,0,0,0,0,3,0,0,Matchs
2414,Jacopo Segre,it ITA,DF,Torino,it Serie A,25,1997,0.2,45.0,45.0,0.00,0.00,0.00,0.00,0.00,0.00,0.00,0.00,0.00,0.00,40.0,0.00,0.00,Matchs
2415,Paul Seguin,de GER,MT,Union Berlin,de Bundesliga,27,1995,7.7,42.3,40.3,1.82,0.00,0.52,0.13,2.34,0.00,0.78,0.00,0.00,0.00,29.0,0.26,01.04,Matchs
2416,Alidu Seidu,gh GHA,DF,Clermont Foot,fr Ligue 1,22,2000,27.3,50.4,44.7,5.64,0.99,0.00,0.11,0.81,4.65,0.00,0.00,0.00,0.00,42.2,0.07,0.95,Matchs
2417,Davie Selke,de GER,AT,Hertha BSC,de Bundesliga,27,1995,3.1,21.9,21.6,0.32,0.00,0.00,0.00,0.65,0.00,0.00,0.00,0.00,0.00,13.2,0.00,1.94,Matchs
2418,Davie Selke,de GER,AT,Köln,de Bundesliga,27,1995,9.7,21.9,20.9,0.62,0.00,0.00,0.00,0.72,0.00,0.00,0.00,0.00,0.00,12.2,0.31,0.62,Matchs
2419,Matz Sels,be BEL,GB,Strasbourg,fr Ligue 1,30,1992,38.0,25.6,17.9,7.68,2.50,0.00,0.00,0.00,0.03,0.00,0.00,0.00,0.00,16.7,0.05,0.00,Matchs
2420,Nélson Semedo,pt POR,DF,Wolves,eng Premier League,28,1993,29.2,51.3,43.3,7.98,0.21,0.14,0.03,02.05,7.77,0.00,0.00,0.00,0.00,41.5,0.10,1.16,Matchs
2421,Vivaldo Semedo,pt POR,"AT,MT",Udinese,it Serie A,17,2005,0.4,17.5,17.5,0.00,0.00,0.00,0.00,0.00,0.00,0.00,0.00,0.00,0.00,15.0,0.00,0.00,Matchs
2422,Antoine Semenyo,gh GHA,"AT,MT",Bournemouth,eng Premier League,22,2000,2.9,19.7,18.3,1.38,0.00,0.00,0.34,0.34,0.00,0.00,0.00,0.00,0.00,13.1,0.00,0.69,Matchs
2423,Marvin Senaya,tg TOG,DF,Strasbourg,fr Ligue 1,21,2001,0.1,50.0,50.0,0.00,0.00,0.00,0.00,10.0,0.00,0.00,0.00,0.00,0.00,40.0,0.00,0.00,Matchs
2424,Marcos Senesi,ar ARG,DF,Bournemouth,eng Premier League,25,1997,27.7,47.7,45.4,02.02,1.44,0.04,0.54,0.29,0.51,0.00,0.00,0.00,0.00,38.4,0.32,0.65,Matchs
2425,Stefano Sensi,it ITA,MT,Monza,it Serie A,26,1995,18.0,71.2,65.8,5.22,2.83,0.33,1.00,2.78,0.33,1.78,0.56,0.89,0.00,60.5,0.11,0.89,Matchs
Clt,Joueur,Nation,Pos,Équipe,Comp,Âge,Naissance,90,Att,Action de jeu,Coup de pied arrêté,CF,Tr,Tr,Ctr,PCF,Co,Rentrant,Sortant,Droit,Cmp,HJ,Balles contrées,Matchs
2426,Jaime Seoane,es ESP,"MT,AT",Getafe,es La Liga,25,1997,3.6,31.1,29.7,1.11,1.11,0.28,0.83,0.56,0.00,0.00,0.00,0.00,0.00,24.2,0.28,0.28,Matchs
2427,Luigi Sepe,it ITA,GB,Salernitana,it Serie A,31,1991,17.0,38.1,25.6,12.3,3.24,0.00,0.06,0.00,0.00,0.00,0.00,0.00,0.00,25.9,0.24,0.00,Matchs
2428,Suat Serdar,de GER,MT,Hertha BSC,de Bundesliga,25,1997,22.5,27.3,25.9,1.33,0.36,0.13,0.31,0.22,0.00,0.18,0.04,0.09,0.00,19.2,0.09,1.20,Matchs
2429,Leonardo Sernicola,it ITA,DF,Cremonese,it Serie A,25,1997,25.7,36.8,28.7,7.90,0.47,0.08,0.23,4.59,6.96,0.47,0.00,0.43,0.00,23.9,0.19,0.97,Matchs
2430,Ryan Sessegnon,eng ENG,DF,Tottenham,eng Premier League,22,2000,9.0,43.3,35.3,8.00,0.22,0.22,0.11,3.33,7.78,0.00,0.00,0.00,0.00,31.1,0.00,2.11,Matchs
2431,Stephan El Shaarawy,it ITA,"DF,MT",Roma,it Serie A,29,1992,16.9,48.8,42.4,6.39,0.59,0.30,0.53,1.36,5.50,0.24,0.24,0.00,0.00,39.3,0.00,1.12,Matchs
2432,Eniss Shabani,al ALB,MT,Mainz 05,de Bundesliga,19,2003,0.1,60.0,60.0,0.00,0.00,0.00,0.00,0.00,0.00,0.00,0.00,0.00,0.00,50.0,0.00,0.00,Matchs
2433,Luke Shaw,eng ENG,DF,Manchester Utd,eng Premier League,27,1995,28.4,73.9,63.1,10.5,1.27,0.07,0.46,3.13,6.87,1.34,0.70,0.25,0.00,61.9,0.32,1.30,Matchs
2434,Jonjo Shelvey,eng ENG,MT,Newcastle Utd,eng Premier League,30,1992,0.4,65.0,57.5,7.50,5.00,0.00,5.00,0.00,0.00,0.00,0.00,0.00,0.00,47.5,0.00,0.00,Matchs
2435,Jonjo Shelvey,eng ENG,MT,Nott'ham Forest,eng Premier League,30,1992,6.0,50.3,45.2,5.17,4.50,0.50,1.00,2.17,0.17,0.00,0.00,0.00,0.00,36.8,0.00,0.17,Matchs
2436,Eldor Shomurodov,uz UZB,AT,Spezia,it Serie A,27,1995,9.0,22.8,20.7,2.11,0.00,0.33,0.00,0.33,0.00,0.00,0.00,0.00,0.00,15.9,0.00,0.89,Matchs
2437,Eldor Shomurodov,uz UZB,AT,Roma,it Serie A,27,1995,1.3,25.4,23.8,1.54,0.00,0.00,0.00,0.00,0.77,0.00,0.00,0.00,0.00,19.2,0.00,0.77,Matchs
2438,Kaj Sierhuis,nl NED,"AT,MT",Reims,fr Ligue 1,24,1998,2.4,26.7,24.6,1.25,0.00,0.42,0.00,2.50,0.42,0.00,0.00,0.00,0.00,13.8,0.83,1.25,Matchs
2439,Vincent Sierro,ch SUI,MT,Toulouse,fr Ligue 1,26,1995,7.4,55.1,49.6,5.14,0.95,0.27,0.95,3.38,0.27,2.84,1.49,01.08,0.00,43.4,0.41,01.08,Matchs
2440,Kiliann Sildillia,fr FRA,"DF,MT",Freiburg,de Bundesliga,20,2002,22.0,50.1,40.6,9.41,0.91,0.05,0.23,1.18,8.50,0.00,0.00,0.00,0.00,35.8,0.14,1.18,Matchs
2441,André Silva,pt POR,AT,RB Leipzig,de Bundesliga,26,1995,19.3,24.7,23.0,1.71,0.05,0.26,0.10,0.21,0.21,0.00,0.00,0.00,0.00,18.1,0.05,1.30,Matchs
2442,Bernardo Silva,pt POR,"MT,AT",Manchester City,eng Premier League,27,1994,24.5,63.0,59.9,2.98,0.61,0.12,0.41,03.06,1.96,0.29,0.00,0.08,0.00,53.8,0.08,1.10,Matchs
2443,Caio Henrique Oliveira Silva,br BRA,DF,Monaco,fr Ligue 1,25,1997,32.2,61.0,47.8,13.0,03.04,0.09,0.19,5.25,7.52,2.42,1.24,01.02,0.00,45.9,0.16,1.18,Matchs
2444,David Silva,es ESP,MT,Real Sociedad,es La Liga,36,1986,21.5,54.2,52.1,1.72,0.74,0.42,0.23,0.93,0.28,0.14,0.05,0.09,0.00,45.7,0.37,0.79,Matchs
2445,Rui Silva,pt POR,GB,Betis,es La Liga,28,1994,26.0,34.1,21.6,12.3,04.08,0.04,0.04,0.00,0.00,0.00,0.00,0.00,0.00,22.8,0.15,0.00,Matchs
2446,Thiago Silva,br BRA,DF,Chelsea,eng Premier League,37,1984,26.1,78.2,75.7,2.26,02.07,0.04,0.57,0.08,0.08,0.00,0.00,0.00,0.00,71.1,0.27,0.31,Matchs
2447,Marco Silvestri,it ITA,GB,Udinese,it Serie A,31,1991,38.0,31.0,20.6,10.3,2.34,0.00,0.13,0.00,0.00,0.00,0.00,0.00,0.00,24.1,0.08,0.00,Matchs
2448,Abdallah Sima,sn SEN,AT,Angers,fr Ligue 1,21,2001,20.4,18.3,16.4,1.91,0.00,0.05,0.05,0.78,0.29,0.00,0.00,0.00,0.00,13.4,0.05,0.74,Matchs
2449,Mohamed Simakan,fr FRA,DF,RB Leipzig,de Bundesliga,22,2000,16.2,68.4,61.2,6.98,0.80,0.19,0.43,0.86,6.17,0.00,0.00,0.00,0.00,55.6,0.19,1.60,Matchs
2450,Giovanni Simeone,ar ARG,AT,Napoli,it Serie A,27,1995,4.5,23.6,23.1,0.44,0.00,0.00,0.22,0.44,0.00,0.00,0.00,0.00,0.00,16.9,0.00,0.89,Matchs
Clt,Joueur,Nation,Pos,Équipe,Comp,Âge,Naissance,90,Att,Action de jeu,Coup de pied arrêté,CF,Tr,Tr,Ctr,PCF,Co,Rentrant,Sortant,Droit,Cmp,HJ,Balles contrées,Matchs
2451,Ellis Simms,eng ENG,AT,Everton,eng Premier League,21,2001,2.5,24.8,24.8,0.00,0.00,0.40,0.00,0.40,0.00,0.00,0.00,0.00,0.00,15.2,0.00,0.00,Matchs
2452,Simo,es ESP,DF,Espanyol,es La Liga,17,2005,1.6,38.1,35.6,2.50,0.63,0.00,0.00,0.00,0.63,0.00,0.00,0.00,0.00,36.3,0.00,0.63,Matchs
2453,Moses Simon,ng NGA,"AT,MT",Nantes,fr Ligue 1,27,1995,26.1,27.8,25.2,2.41,0.50,0.11,0.08,5.36,0.34,1.53,0.73,0.38,0.00,17.7,0.19,1.38,Matchs
2454,Unai Simón,es ESP,GB,Athletic Club,es La Liga,25,1997,30.5,31.2,23.0,08.03,1.93,0.00,0.03,0.00,0.00,0.00,0.00,0.00,0.00,22.6,0.10,0.00,Matchs
2455,Lassine Sinayoko,ml MLI,"MT,AT",Auxerre,fr Ligue 1,22,1999,17.4,31.9,31.6,0.29,0.00,0.06,0.29,1.72,0.17,0.00,0.00,0.00,0.00,23.7,0.00,01.09,Matchs
2456,Wilfried Singo,ci CIV,DF,Torino,it Serie A,21,2000,22.7,50.1,40.7,9.12,0.88,0.13,0.31,2.47,8.24,0.00,0.00,0.00,0.00,37.6,0.35,0.84,Matchs
2457,Luis Sinisterra,co COL,AT,Leeds United,eng Premier League,23,1999,9.6,35.3,35.0,0.31,0.00,0.21,0.42,0.73,0.31,0.00,0.00,0.00,0.00,28.4,0.00,0.94,Matchs
2458,Daley Sinkgraven,nl NED,"DF,MT",Leverkusen,de Bundesliga,27,1995,3.8,55.0,45.8,9.21,0.53,0.00,0.26,0.79,8.68,0.00,0.00,0.00,0.00,41.8,0.00,1.32,Matchs
2459,Tobias Sippel,de GER,GB,M'Gladbach,de Bundesliga,34,1988,5.7,45.6,33.9,11.8,3.33,0.00,0.00,0.00,0.00,0.00,0.00,0.00,0.00,30.5,0.00,0.00,Matchs
2460,Hugo Siquet,be BEL,DF,Freiburg,de Bundesliga,20,2002,0.2,35.0,25.0,10.0,0.00,0.00,0.00,0.00,10.0,0.00,0.00,0.00,0.00,25.0,0.00,0.00,Matchs
2461,Salvatore Sirigu,it ITA,GB,Fiorentina,it Serie A,35,1987,1.0,38.0,26.0,12.0,4.00,0.00,0.00,0.00,0.00,0.00,0.00,0.00,0.00,28.0,0.00,0.00,Matchs
2462,Ibrahima Sissoko,ml MLI,MT,Strasbourg,fr Ligue 1,24,1997,14.6,43.6,42.3,1.23,01.03,0.14,0.41,0.68,0.21,0.00,0.00,0.00,0.00,33.5,0.07,1.58,Matchs
2463,Moussa Sissoko,fr FRA,MT,Nantes,fr Ligue 1,32,1989,21.3,36.9,35.4,1.60,0.99,0.00,0.09,01.08,0.52,0.00,0.00,0.00,0.00,29.5,0.00,01.03,Matchs
2464,Tim Skarke,de GER,"DF,MT",Union Berlin,de Bundesliga,25,1996,0.6,60.0,53.3,6.67,0.00,0.00,1.67,13.3,6.67,0.00,0.00,0.00,0.00,36.7,0.00,1.67,Matchs
2465,Tim Skarke,de GER,"AT,MT",Schalke 04,de Bundesliga,25,1996,4.9,29.6,25.7,3.67,0.41,0.00,0.00,4.49,01.02,2.24,0.82,1.22,0.00,19.2,0.20,1.84,Matchs
2466,Ellyes Skhiri,tn TUN,MT,Köln,de Bundesliga,27,1995,31.7,54.2,52.0,02.05,1.64,0.03,0.28,0.41,0.38,0.00,0.00,0.00,0.00,47.5,0.16,0.73,Matchs
2467,Oliver Skipp,eng ENG,MT,Tottenham,eng Premier League,21,2000,16.6,46.5,45.5,0.72,0.42,0.06,0.24,0.60,0.00,0.00,0.00,0.00,0.00,39.8,0.30,0.84,Matchs
2468,Leo Skiri Østigård,no NOR,DF,Napoli,it Serie A,22,1999,4.7,76.0,73.2,2.55,2.34,0.00,1.91,0.00,0.21,0.00,0.00,0.00,0.00,65.1,0.21,0.21,Matchs
2469,Łukasz Skorupski,pl POL,GB,Bologna,it Serie A,31,1991,37.0,32.9,23.1,9.65,2.14,0.00,0.08,0.00,0.00,0.00,0.00,0.00,0.00,25.9,0.14,0.00,Matchs
2470,Robert Skov,dk DEN,DF,Hoffenheim,de Bundesliga,26,1996,15.0,48.5,35.5,13.0,1.20,0.13,0.47,5.00,9.73,02.07,0.67,0.67,0.07,33.9,0.00,1.40,Matchs
2471,Milan Škriniar,sk SVK,DF,Inter,it Serie A,27,1995,19.7,70.9,67.4,3.40,2.18,0.05,0.66,0.25,1.12,0.00,0.00,0.00,0.00,64.7,0.10,0.30,Matchs
2472,Naatan Skyttä,fi FIN,MT,Toulouse,fr Ligue 1,20,2002,0.3,36.7,36.7,0.00,0.00,0.00,0.00,0.00,0.00,0.00,0.00,0.00,0.00,23.3,0.00,0.00,Matchs
2473,Islam Slimani,dz ALG,AT,Brest,fr Ligue 1,34,1988,11.0,33.4,31.5,1.82,0.27,0.36,0.09,0.82,0.09,0.00,0.00,0.00,0.00,23.7,0.00,01.09,Matchs
2474,Chris Smalling,eng ENG,DF,Roma,it Serie A,32,1989,31.2,43.1,42.1,0.87,0.80,0.03,0.13,0.03,0.06,0.00,0.00,0.00,0.00,37.6,0.06,0.32,Matchs
2475,Adam Smith,eng ENG,DF,Bournemouth,eng Premier League,31,1991,32.7,38.7,30.2,8.44,0.67,0.00,0.06,1.47,7.77,0.00,0.00,0.00,0.00,29.1,0.03,0.89,Matchs
Clt,Joueur,Nation,Pos,Équipe,Comp,Âge,Naissance,90,Att,Action de jeu,Coup de pied arrêté,CF,Tr,Tr,Ctr,PCF,Co,Rentrant,Sortant,Droit,Cmp,HJ,Balles contrées,Matchs
2476,Emile Smith Rowe,eng ENG,"MT,AT",Arsenal,eng Premier League,22,2000,1.9,44.7,42.6,2.11,0.00,0.00,0.00,2.63,0.00,2.11,01.05,0.00,0.00,38.9,0.00,0.53,Matchs
2477,Hrvoje Smolčić,hr CRO,DF,Eint Frankfurt,de Bundesliga,21,2000,5.2,68.3,65.4,2.88,2.12,0.00,0.00,0.00,0.38,0.00,0.00,0.00,0.00,55.2,0.00,0.58,Matchs
2478,Cédric Soares,pt POR,DF,Arsenal,eng Premier League,30,1991,0.3,80.0,76.7,3.33,0.00,0.00,0.00,10.0,3.33,0.00,0.00,0.00,0.00,63.3,0.00,0.00,Matchs
2479,Cédric Soares,pt POR,DF,Fulham,eng Premier League,30,1991,2.2,84.5,71.4,12.3,1.36,0.00,0.00,10.9,10.9,0.00,0.00,0.00,0.00,65.0,0.91,1.82,Matchs
2480,Danilo Soares,br BRA,DF,Bochum,de Bundesliga,30,1991,19.6,51.2,40.7,10.2,0.46,0.05,0.10,0.87,9.64,0.05,0.00,0.05,0.00,38.3,0.36,01.02,Matchs
2481,Eduard Sobol,ua UKR,DF,Strasbourg,fr Ligue 1,27,1995,9.7,40.3,33.3,07.01,0.41,0.00,0.21,1.96,6.60,0.00,0.00,0.00,0.00,30.7,0.00,0.31,Matchs
2482,Rubén Sobrino,es ESP,"MT,AT",Cádiz,es La Liga,30,1992,27.4,22.6,22.0,0.36,0.04,0.04,0.11,0.44,0.26,0.00,0.00,0.00,0.00,16.2,0.18,0.77,Matchs
2483,Alex Sola,es ESP,DF,Real Sociedad,es La Liga,23,1999,3.9,50.8,38.5,12.3,01.03,0.00,0.00,03.08,11.3,0.00,0.00,0.00,0.00,40.5,0.00,1.28,Matchs
2484,Dominic Solanke,eng ENG,"AT,MT",Bournemouth,eng Premier League,24,1997,31.8,16.8,15.1,1.64,0.00,0.09,0.03,0.41,0.13,0.00,0.00,0.00,0.00,11.4,0.06,01.07,Matchs
2485,Augusto Solari,ar ARG,MT,Celta Vigo,es La Liga,30,1992,2.9,43.1,42.1,0.34,0.00,0.00,0.00,01.03,0.34,0.00,0.00,0.00,0.00,32.4,0.69,1.38,Matchs
2486,Ola Solbakken,no NOR,"MT,AT",Roma,it Serie A,23,1998,5.6,28.4,26.4,1.96,0.54,0.18,0.18,2.14,0.36,01.07,01.07,0.00,0.00,20.0,0.00,0.54,Matchs
2487,Nikola Soldo,hr CRO,DF,Köln,de Bundesliga,21,2001,6.6,52.7,50.5,1.82,1.67,0.00,0.30,0.15,0.15,0.00,0.00,0.00,0.00,40.9,0.45,0.91,Matchs
2488,Carlos Soler,es ESP,MT,Valencia,es La Liga,25,1997,2.7,45.6,37.8,7.78,3.33,0.00,0.37,5.93,0.00,04.07,1.85,1.85,0.00,34.1,0.00,1.11,Matchs
2489,Carlos Soler,es ESP,MT,Paris S-G,fr Ligue 1,25,1997,13.2,48.6,46.9,1.52,0.38,0.23,0.08,1.67,0.38,0.76,0.38,0.23,0.00,41.2,0.15,1.14,Matchs
2490,François-Joseph Sollacaro,fr FRA,GB,Ajaccio,fr Ligue 1,28,1994,6.0,23.7,13.3,10.3,3.67,0.00,0.00,0.00,0.00,0.00,0.00,0.00,0.00,11.3,0.00,0.00,Matchs
2491,Manor Solomon,il ISR,AT,Fulham,eng Premier League,23,1999,6.4,32.3,31.6,0.63,0.16,0.16,0.00,0.63,0.47,0.00,0.00,0.00,0.00,27.3,0.16,0.63,Matchs
2492,Yann Sommer,ch SUI,GB,M'Gladbach,de Bundesliga,33,1988,10.0,60.9,48.3,12.4,3.40,0.00,0.20,0.00,0.00,0.00,0.00,0.00,0.00,49.9,0.20,0.00,Matchs
2493,Yann Sommer,ch SUI,GB,Bayern Munich,de Bundesliga,33,1988,19.0,39.4,32.9,6.47,1.32,0.00,0.11,0.00,0.00,0.00,0.00,0.00,0.00,34.2,0.00,0.11,Matchs
2494,Brandon Soppy,fr FRA,DF,Udinese,it Serie A,20,2002,1.0,32.0,29.0,2.00,0.00,0.00,0.00,1.00,2.00,0.00,0.00,0.00,0.00,22.0,1.00,0.00,Matchs
2495,Brandon Soppy,fr FRA,DF,Atalanta,it Serie A,20,2002,7.1,45.4,35.8,9.44,0.00,0.14,0.00,2.68,9.44,0.00,0.00,0.00,0.00,34.2,0.14,1.69,Matchs
2496,David Soria,es ESP,GB,Getafe,es La Liga,29,1993,38.0,29.9,16.3,13.4,4.26,0.00,0.50,0.00,0.00,0.00,0.00,0.00,0.00,16.1,0.18,0.03,Matchs
2497,Roberto Soriano,it ITA,"AT,MT",Bologna,it Serie A,31,1991,14.7,41.2,40.5,0.68,0.27,0.34,0.20,0.75,0.41,0.00,0.00,0.00,0.00,33.1,0.00,01.02,Matchs
2498,Borna Sosa,hr CRO,DF,Stuttgart,de Bundesliga,24,1998,21.7,67.2,52.3,14.8,3.13,0.05,0.55,11.8,08.06,3.64,1.34,02.03,0.00,49.6,0.09,01.06,Matchs
2499,Joaquin Sosa,uy URU,DF,Bologna,it Serie A,20,2002,7.6,49.9,47.8,2.11,2.11,0.00,0.66,0.13,0.00,0.00,0.00,0.00,0.00,40.5,0.00,0.53,Matchs
2500,Hugo Sotelo,es ESP,MT,Celta Vigo,es La Liga,18,2003,0.2,115.0,115.0,0.00,0.00,0.00,0.00,0.00,0.00,0.00,0.00,0.00,0.00,100.0,0.00,0.00,Matchs
Clt,Joueur,Nation,Pos,Équipe,Comp,Âge,Naissance,90,Att,Action de jeu,Coup de pied arrêté,CF,Tr,Tr,Ctr,PCF,Co,Rentrant,Sortant,Droit,Cmp,HJ,Balles contrées,Matchs
2501,Florian Sotoca,fr FRA,"MT,AT",Lens,fr Ligue 1,31,1990,33.9,45.3,43.4,1.71,0.35,0.29,0.62,2.92,1.15,0.03,0.00,0.00,0.00,34.6,0.18,1.42,Matchs
2502,Riccardo Sottil,it ITA,AT,Fiorentina,it Serie A,23,1999,9.3,28.6,28.4,0.22,0.11,0.22,0.22,3.33,0.11,0.00,0.00,0.00,0.00,22.5,0.00,0.75,Matchs
2503,Tomáš Souček,cz CZE,MT,West Ham,eng Premier League,27,1995,31.3,31.8,31.4,0.38,0.32,0.00,0.19,0.64,0.00,0.03,0.03,0.00,0.00,22.7,0.00,0.89,Matchs
2504,Matìas Soulé,ar ARG,"MT,AT",Juventus,it Serie A,19,2003,4.7,35.7,33.2,2.55,0.21,0.00,0.64,1.28,1.91,0.43,0.43,0.00,0.00,29.4,0.00,0.64,Matchs
2505,Moussa Soumano,fr FRA,AT,Ajaccio,fr Ligue 1,17,2005,5.5,12.2,10.4,1.45,0.00,0.18,0.00,0.18,0.00,0.00,0.00,0.00,0.00,7.82,0.36,0.73,Matchs
2506,Adama Soumaoro,fr FRA,DF,Bologna,it Serie A,30,1992,20.7,51.9,49.3,2.32,2.27,0.00,0.05,0.00,0.05,0.00,0.00,0.00,0.00,48.1,0.29,0.24,Matchs
2507,Boubakary Soumaré,fr FRA,MT,Leicester City,eng Premier League,23,1999,18.1,49.8,49.4,0.39,0.33,0.11,0.11,0.11,0.00,0.00,0.00,0.00,0.00,42.9,0.00,01.05,Matchs
2508,Arnaud Souquet,fr FRA,"DF,AT",Montpellier,fr Ligue 1,30,1992,4.0,34.3,27.8,6.50,0.75,0.25,0.00,1.75,5.75,0.00,0.00,0.00,0.00,26.0,0.00,0.25,Matchs
2509,Dyego Sousa,pt POR,AT,Almería,es La Liga,32,1989,5.9,27.1,25.4,1.53,0.00,0.17,0.00,0.17,0.17,0.00,0.00,0.00,0.00,18.1,0.17,1.19,Matchs
2510,Harry Souttar,au AUS,DF,Leicester City,eng Premier League,23,1998,11.0,50.5,48.3,1.73,1.55,0.09,0.82,0.00,0.18,0.00,0.00,0.00,0.00,40.7,0.45,0.27,Matchs
2511,Vinicius Souza,br BRA,MT,Espanyol,es La Liga,23,1999,27.0,33.7,32.8,0.89,0.85,0.00,0.33,0.15,0.00,0.00,0.00,0.00,0.00,26.9,0.00,0.59,Matchs
2512,Djibril Sow,ch SUI,MT,Eint Frankfurt,de Bundesliga,25,1997,29.4,53.0,51.4,1.29,01.09,0.20,0.07,0.17,0.10,0.00,0.00,0.00,0.00,45.0,0.31,0.68,Matchs
2513,Çağlar Söyüncü,tr TUR,DF,Leicester City,eng Premier League,26,1996,5.9,52.4,49.5,2.37,02.03,0.00,0.85,0.00,0.00,0.00,0.00,0.00,0.00,40.8,0.51,0.34,Matchs
2514,Kevin Spadanuda,ch SUI,"MT,AT",Ajaccio,fr Ligue 1,25,1997,11.8,22.4,21.3,1.10,0.08,0.00,0.08,0.42,0.93,0.00,0.00,0.00,0.00,18.0,0.00,0.42,Matchs
2515,Djed Spence,eng ENG,"AT,DF",Tottenham,eng Premier League,21,2000,0.1,90.0,90.0,0.00,0.00,0.00,0.00,0.00,0.00,0.00,0.00,0.00,0.00,50.0,0.00,20.0,Matchs
2516,Djed Spence,eng ENG,DF,Rennes,fr Ligue 1,21,2000,6.4,49.2,41.4,7.81,01.09,0.00,0.00,0.63,6.72,0.00,0.00,0.00,0.00,43.4,0.00,0.63,Matchs
2517,Stijn Spierings,nl NED,MT,Toulouse,fr Ligue 1,26,1996,34.7,60.1,57.8,2.16,1.96,0.03,01.01,0.61,0.20,0.00,0.00,0.00,0.00,51.2,0.14,1.15,Matchs
2518,Leonardo Spinazzola,it ITA,DF,Roma,it Serie A,29,1993,18.4,53.8,43.8,9.73,0.76,0.22,0.76,3.10,8.97,0.00,0.00,0.00,0.00,40.8,0.22,1.14,Matchs
2519,Marco Sportiello,it ITA,GB,Atalanta,it Serie A,30,1992,14.9,31.0,21.8,9.19,1.41,0.00,0.00,0.00,0.00,0.00,0.00,0.00,0.00,24.3,0.00,0.00,Matchs
2520,Jack Stacey,eng ENG,DF,Bournemouth,eng Premier League,26,1996,3.3,39.4,32.1,6.97,0.00,0.00,0.00,03.03,6.97,0.00,0.00,0.00,0.00,22.4,0.30,2.12,Matchs
2521,Anton Stach,de GER,MT,Mainz 05,de Bundesliga,23,1998,23.0,39.0,36.2,2.61,1.26,0.26,0.22,2.70,0.22,1.13,0.87,0.13,0.00,26.9,0.22,1.00,Matchs
2522,Kostas Stafylidis,gr GRE,"DF,MT",Bochum,de Bundesliga,28,1993,11.6,36.5,31.0,5.26,0.86,0.09,0.69,2.24,4.14,0.26,0.09,0.17,0.00,25.6,0.17,0.78,Matchs
2523,Jens Stage,dk DEN,MT,Werder Bremen,de Bundesliga,25,1996,20.6,30.2,29.6,0.24,0.10,0.10,0.29,0.63,0.00,0.00,0.00,0.00,0.00,20.0,0.39,1.31,Matchs
2524,Veit Stange,de GER,MT,Hertha BSC,de Bundesliga,18,2004,0.1,0.00,0.00,0.00,0.00,0.00,0.00,0.00,0.00,0.00,0.00,0.00,0.00,0.00,0.00,0.00,Matchs
2525,Josip Stanišić,hr CRO,DF,Bayern Munich,de Bundesliga,22,2000,6.4,98.9,91.1,7.81,0.63,0.00,0.16,1.25,07.03,0.16,0.00,0.00,0.00,90.2,0.00,0.63,Matchs
Clt,Joueur,Nation,Pos,Équipe,Comp,Âge,Naissance,90,Att,Action de jeu,Coup de pied arrêté,CF,Tr,Tr,Ctr,PCF,Co,Rentrant,Sortant,Droit,Cmp,HJ,Balles contrées,Matchs
2526,Junior Stanislas,eng ENG,MT,Bournemouth,eng Premier League,32,1989,0.7,40.0,38.6,1.43,0.00,0.00,1.43,1.43,0.00,1.43,0.00,0.00,0.00,31.4,0.00,1.43,Matchs
2527,Jay Stansfield,eng ENG,AT,Fulham,eng Premier League,19,2002,1.0,23.0,23.0,0.00,0.00,0.00,0.00,3.00,0.00,0.00,0.00,0.00,0.00,9.00,0.00,3.00,Matchs
2528,Niklas Stark,de GER,DF,Werder Bremen,de Bundesliga,27,1995,23.1,53.9,52.2,1.65,1.47,0.04,0.22,0.09,0.17,0.00,0.00,0.00,0.00,44.5,0.04,0.43,Matchs
2529,Jason Steele,eng ENG,GB,Brighton,eng Premier League,31,1990,15.0,36.1,31.4,4.47,0.80,0.07,0.07,0.00,0.00,0.00,0.00,0.00,0.00,31.9,0.20,0.00,Matchs
2530,Calvin Stengs,nl NED,AT,Nice,fr Ligue 1,23,1998,2.4,41.7,39.2,2.50,0.00,0.83,0.83,1.25,1.25,1.25,0.83,0.00,0.00,34.2,0.00,0.00,Matchs
2531,Pascal Stenzel,de GER,DF,Stuttgart,de Bundesliga,26,1996,3.7,60.3,46.5,13.8,2.16,0.00,1.62,5.68,9.19,2.43,0.54,1.89,0.00,47.0,0.00,0.81,Matchs
2532,Jack Stephens,eng ENG,DF,Southampton,eng Premier League,28,1994,0.5,56.0,50.0,6.00,2.00,0.00,0.00,0.00,4.00,0.00,0.00,0.00,0.00,46.0,0.00,0.00,Matchs
2533,Jack Stephens,eng ENG,DF,Bournemouth,eng Premier League,28,1994,13.0,41.8,41.4,0.38,0.31,0.15,0.15,0.15,0.08,0.00,0.00,0.00,0.00,34.3,0.00,0.46,Matchs
2534,Raheem Sterling,eng ENG,"AT,MT",Chelsea,eng Premier League,27,1994,21.0,32.6,31.5,1.00,0.00,0.29,0.00,2.19,0.33,0.33,0.33,0.00,0.00,24.5,0.10,1.57,Matchs
2535,Angelo Stiller,de GER,MT,Hoffenheim,de Bundesliga,21,2001,7.8,46.5,45.3,01.03,0.38,0.26,0.38,0.77,0.38,0.13,0.00,0.13,0.00,35.8,0.26,1.67,Matchs
2536,Lars Stindl,de GER,"AT,MT",M'Gladbach,de Bundesliga,33,1988,19.3,40.2,38.4,1.61,0.78,0.31,0.21,0.98,0.16,0.57,0.10,0.47,0.00,32.3,0.16,1.45,Matchs
2537,Kevin Stöger,at AUT,MT,Bochum,de Bundesliga,28,1993,28.9,55.6,46.7,8.37,3.43,0.31,0.28,5.40,0.62,2.94,1.28,1.28,0.03,38.5,0.48,1.25,Matchs
2538,Petar Stojanović,si SVN,DF,Empoli,it Serie A,26,1995,17.0,60.5,48.9,11.6,1.18,0.18,1.59,02.06,10.4,0.06,0.00,0.06,0.00,48.3,0.06,1.59,Matchs
2539,John Stones,eng ENG,"DF,MT",Manchester City,eng Premier League,28,1994,20.5,76.2,73.0,3.22,0.83,0.05,0.68,0.29,2.20,0.05,0.00,0.00,0.00,70.9,0.05,0.49,Matchs
2540,Jørgen Strand Larsen,no NOR,AT,Celta Vigo,es La Liga,22,2000,18.9,17.9,16.4,1.43,0.16,0.00,0.21,0.21,0.00,0.00,0.00,0.00,0.00,12.3,0.11,0.16,Matchs
2541,Tony Strata,fr FRA,"MT,DF",Ajaccio,fr Ligue 1,17,2004,1.5,24.7,19.3,5.33,0.67,0.00,0.00,0.00,4.67,0.00,0.00,0.00,0.00,19.3,0.00,0.00,Matchs
2542,Gabriel Strefezza,br BRA,"AT,MT",Lecce,it Serie A,25,1997,27.1,32.7,29.7,2.62,0.70,0.22,0.85,4.46,0.63,1.29,0.55,0.37,0.00,20.4,0.37,1.33,Matchs
2543,Dávid Strelec,sk SVK,AT,Spezia,it Serie A,21,2001,1.9,22.6,21.1,1.58,0.00,0.00,0.00,0.00,0.00,0.00,0.00,0.00,0.00,13.2,0.00,01.05,Matchs
2544,Pascal Struijk,nl NED,DF,Leeds United,eng Premier League,22,1999,24.4,54.1,43.6,10.2,1.15,0.00,0.12,0.86,9.10,0.00,0.00,0.00,0.00,42.9,0.20,01.07,Matchs
2545,Cristhian Stuani,uy URU,AT,Girona,es La Liga,35,1986,12.1,13.9,12.2,1.57,0.00,0.00,0.00,0.25,0.00,0.00,0.00,0.00,0.00,10.1,0.08,0.33,Matchs
2546,Damián Suárez,uy URU,"DF,MT",Getafe,es La Liga,34,1988,21.6,44.5,32.6,11.8,1.76,0.00,1.16,3.61,9.44,0.60,0.32,0.23,0.00,30.0,0.09,1.30,Matchs
2547,Denis Suárez,es ESP,"MT,AT",Espanyol,es La Liga,28,1994,10.5,43.0,38.3,4.67,1.52,0.19,0.10,3.52,0.38,2.48,0.86,01.05,0.00,31.5,0.10,0.95,Matchs
2548,Mario Suárez,es ESP,"MT,DF",Rayo Vallecano,es La Liga,35,1987,0.1,30.0,30.0,0.00,0.00,0.00,0.00,0.00,0.00,0.00,0.00,0.00,0.00,20.0,0.00,0.00,Matchs
2549,Gabriel Suazo,cl CHI,DF,Toulouse,fr Ligue 1,24,1997,14.0,59.1,51.6,7.21,0.64,0.07,0.21,1.00,6.57,0.00,0.00,0.00,0.00,49.1,0.36,1.79,Matchs
2550,Isaac Success,ng NGA,AT,Udinese,it Serie A,26,1996,20.2,28.2,27.3,0.54,0.00,0.45,0.40,0.64,0.00,0.00,0.00,0.00,0.00,18.4,0.35,1.14,Matchs
Clt,Joueur,Nation,Pos,Équipe,Comp,Âge,Naissance,90,Att,Action de jeu,Coup de pied arrêté,CF,Tr,Tr,Ctr,PCF,Co,Rentrant,Sortant,Droit,Cmp,HJ,Balles contrées,Matchs
2551,Niklas Süle,de GER,DF,Dortmund,de Bundesliga,26,1995,23.5,78.8,74.5,4.21,2.00,0.04,1.45,0.68,2.21,0.00,0.00,0.00,0.00,71.4,0.04,0.72,Matchs
2552,Ibrahim Sulemana,gh GHA,MT,Hellas Verona,it Serie A,19,2003,7.2,25.4,25.4,0.00,0.00,0.00,0.42,0.28,0.00,0.00,0.00,0.00,0.00,18.5,0.00,0.97,Matchs
2553,Kamaldeen Sulemana,gh GHA,"AT,MT",Southampton,eng Premier League,20,2002,10.7,24.8,24.0,0.56,0.00,0.09,0.09,1.68,0.09,0.09,0.00,0.00,0.00,17.7,0.19,1.12,Matchs
2554,Kamaldeen Sulemana,gh GHA,"AT,MT",Rennes,fr Ligue 1,20,2002,3.6,43.1,41.4,1.39,0.28,0.00,0.56,2.78,1.11,0.00,0.00,0.00,0.00,35.3,0.28,1.67,Matchs
2555,Crysencio Summerville,nl NED,AT,Leeds United,eng Premier League,20,2001,15.8,26.0,25.4,0.38,0.06,0.06,0.06,0.89,0.06,0.19,0.00,0.00,0.00,19.5,0.19,0.95,Matchs
2556,Ivan Šunjić,hr CRO,MT,Hertha BSC,de Bundesliga,25,1996,11.0,32.8,31.8,1.00,0.36,0.18,0.27,0.09,0.00,0.00,0.00,0.00,0.00,24.5,0.00,1.00,Matchs
2557,Sam Surridge,eng ENG,AT,Nott'ham Forest,eng Premier League,24,1998,3.6,22.5,21.4,0.83,0.00,0.00,0.00,0.83,0.00,0.00,0.00,0.00,0.00,11.1,0.28,0.83,Matchs
2558,Suso,es ESP,"MT,AT",Sevilla,es La Liga,28,1993,11.8,48.5,44.1,3.98,01.02,0.51,1.44,6.69,0.93,1.78,0.59,0.68,0.08,37.6,0.42,1.19,Matchs
2559,Yuito Suzuki,jp JPN,"AT,MT",Strasbourg,fr Ligue 1,20,2001,0.4,32.5,30.0,2.50,0.00,0.00,2.50,0.00,0.00,0.00,0.00,0.00,0.00,27.5,0.00,0.00,Matchs
2560,Mattias Svanberg,se SWE,"MT,AT",Wolfsburg,de Bundesliga,23,1999,20.4,27.8,26.1,1.67,0.39,0.15,0.25,1.81,0.25,0.64,0.54,0.10,0.00,19.3,0.05,0.69,Matchs
2561,Mile Svilar,rs SRB,GB,Roma,it Serie A,22,1999,3.0,25.7,18.7,7.00,1.67,0.00,0.00,0.00,0.00,0.00,0.00,0.00,0.00,16.3,0.00,0.00,Matchs
2562,Williot Swedberg,se SWE,MT,Celta Vigo,es La Liga,18,2004,0.6,28.3,26.7,1.67,1.67,0.00,0.00,0.00,0.00,0.00,0.00,0.00,0.00,23.3,0.00,0.00,Matchs
2563,Issiaga Sylla,gn GUI,DF,Montpellier,fr Ligue 1,28,1994,14.5,56.3,46.7,9.38,0.90,0.00,0.41,2.41,8.48,0.00,0.00,0.00,0.00,44.6,0.28,1.31,Matchs
2564,Issiaga Sylla,gn GUI,DF,Toulouse,fr Ligue 1,28,1994,15.2,55.1,44.4,10.5,1.12,0.00,0.07,2.70,9.41,0.00,0.00,0.00,0.00,42.4,0.20,1.64,Matchs
2565,Wojciech Szczęsny,pl POL,GB,Juventus,it Serie A,32,1990,27.5,28.7,21.1,7.49,1.89,0.00,0.18,0.00,0.04,0.00,0.00,0.00,0.00,22.7,0.07,0.04,Matchs
2566,Dominik Szoboszlai,hu HUN,"MT,AT",RB Leipzig,de Bundesliga,21,2000,27.2,58.1,50.5,7.35,2.43,0.59,0.88,4.30,02.06,2.50,0.70,1.10,0.07,46.4,0.26,1.69,Matchs
2567,Alexander Sørloth,no NOR,AT,Real Sociedad,es La Liga,26,1995,26.5,18.2,16.9,01.09,0.00,0.04,0.04,0.30,0.04,0.00,0.00,0.00,0.00,12.4,0.11,0.68,Matchs
2568,Alexander Sørloth,no NOR,AT,RB Leipzig,de Bundesliga,26,1995,0.1,20.0,20.0,0.00,0.00,0.00,0.00,0.00,0.00,0.00,0.00,0.00,0.00,20.0,0.00,0.00,Matchs
2569,Nicolás Tagliafico,ar ARG,DF,Lyon,fr Ligue 1,29,1992,33.2,56.7,48.3,8.31,0.57,0.00,0.03,02.05,7.71,0.03,0.00,0.00,0.00,47.8,0.15,1.23,Matchs
2570,Jonathan Tah,de GER,DF,Leverkusen,de Bundesliga,26,1996,27.6,59.3,57.6,1.59,01.09,0.00,0.22,0.11,0.07,0.00,0.00,0.00,0.00,52.7,0.07,0.29,Matchs
2571,Benjamin Tahirovic,ba BIH,MT,Roma,it Serie A,19,2003,3.9,40.0,39.2,0.77,0.51,0.00,0.26,1.28,0.26,0.00,0.00,0.00,0.00,34.1,0.00,0.77,Matchs
2572,Waniss Taibi,fr FRA,MT,Angers,fr Ligue 1,20,2002,2.1,71.4,70.5,0.95,0.48,0.48,0.00,0.48,0.48,0.00,0.00,0.00,0.00,63.8,0.00,2.38,Matchs
2573,Flavien Tait,fr FRA,MT,Rennes,fr Ligue 1,29,1993,18.7,58.1,56.3,1.71,1.34,0.21,0.43,0.37,0.21,0.16,0.00,0.00,0.00,49.9,0.16,1.23,Matchs
2574,Montassar Talbi,tn TUN,DF,Lorient,fr Ligue 1,24,1998,38.0,51.8,47.9,3.87,1.47,0.00,0.03,0.05,0.08,0.00,0.00,0.00,0.00,46.1,0.05,0.26,Matchs
2575,Thibault Tamas,fr FRA,DF,Montpellier,fr Ligue 1,21,2001,0.1,70.0,70.0,0.00,0.00,0.00,0.00,10.0,0.00,0.00,0.00,0.00,0.00,50.0,0.00,0.00,Matchs
Clt,Joueur,Nation,Pos,Équipe,Comp,Âge,Naissance,90,Att,Action de jeu,Coup de pied arrêté,CF,Tr,Tr,Ctr,PCF,Co,Rentrant,Sortant,Droit,Cmp,HJ,Balles contrées,Matchs
2576,Adrien Tameze,cm CMR,MT,Hellas Verona,it Serie A,28,1994,33.7,32.4,30.3,1.90,1.45,0.00,0.18,0.62,0.12,0.00,0.00,0.00,0.00,24.8,0.24,0.89,Matchs
2577,Japhet Tanganga,eng ENG,DF,Tottenham,eng Premier League,23,1999,1.6,57.5,56.9,0.63,0.63,0.00,0.00,0.63,0.00,0.00,0.00,0.00,0.00,51.3,0.00,0.00,Matchs
2578,Renato Tapia,pe PER,"MT,DF",Celta Vigo,es La Liga,27,1995,16.1,50.4,47.5,2.67,2.30,0.00,1.24,0.68,0.25,0.06,0.06,0.00,0.00,42.7,0.19,0.25,Matchs
2579,Edmond Tapsoba,bf BFA,DF,Leverkusen,de Bundesliga,23,1999,31.9,69.3,65.7,3.51,2.32,0.28,0.19,0.09,0.44,0.00,0.00,0.00,0.00,59.3,0.13,0.63,Matchs
2580,Florian Tardieu,fr FRA,MT,Troyes,fr Ligue 1,30,1992,11.2,67.4,60.5,6.79,3.57,0.00,1.34,3.84,0.36,2.86,1.79,0.63,0.00,58.5,0.09,0.36,Matchs
2581,Matt Targett,eng ENG,DF,Newcastle Utd,eng Premier League,26,1995,6.8,61.6,48.1,13.4,2.50,0.00,0.44,5.00,8.24,2.65,1.47,01.03,0.00,47.9,0.15,1.62,Matchs
2582,James Tarkowski,eng ENG,DF,Everton,eng Premier League,29,1992,38.0,43.0,41.5,1.26,01.08,0.08,0.47,0.00,0.16,0.00,0.00,0.00,0.00,34.8,0.18,0.11,Matchs
2583,Ciprian Tătărușanu,ro ROU,GB,Milan,it Serie A,36,1986,16.0,35.0,27.8,6.94,1.75,0.00,0.13,0.00,0.00,0.00,0.00,0.00,0.00,27.1,0.25,0.00,Matchs
2584,Niklas Tauer,de GER,"DF,MT",Mainz 05,de Bundesliga,21,2001,1.0,56.0,55.0,1.00,0.00,0.00,0.00,1.00,1.00,0.00,0.00,0.00,0.00,50.0,0.00,1.00,Matchs
2585,Nuno Tavares,pt POR,"DF,MT",Marseille,fr Ligue 1,22,2000,26.1,52.4,42.3,9.85,0.57,0.11,0.61,3.68,9.23,0.04,0.00,0.00,0.00,40.5,0.19,1.57,Matchs
2586,Marcus Tavernier,eng ENG,"MT,AT",Bournemouth,eng Premier League,23,1999,19.4,37.3,32.1,5.15,01.08,0.26,0.36,4.79,1.75,2.16,1.13,0.57,0.15,26.3,0.05,1.44,Matchs
2587,Enzo Tchato,cm CMR,DF,Montpellier,fr Ligue 1,19,2002,12.2,45.7,37.1,8.36,0.49,0.00,0.00,3.20,7.87,0.00,0.00,0.00,0.00,33.9,0.16,0.82,Matchs
2588,Aurélien Tchouaméni,fr FRA,MT,Real Madrid,es La Liga,22,2000,23.5,72.3,70.5,1.74,1.70,0.30,0.30,0.51,0.04,0.00,0.00,0.00,0.00,67.1,0.09,0.38,Matchs
2589,Mathys Tel,fr FRA,AT,Bayern Munich,de Bundesliga,17,2005,4.6,34.1,33.0,01.09,0.22,0.00,0.00,0.87,0.00,0.00,0.00,0.00,0.00,27.4,0.00,01.09,Matchs
2590,Semir Telalovic,de GER,"MT,AT",M'Gladbach,de Bundesliga,22,1999,0.1,20.0,20.0,0.00,0.00,0.00,0.00,0.00,0.00,0.00,0.00,0.00,0.00,10.0,0.00,10.0,Matchs
2591,Alex Telles,br BRA,DF,Sevilla,es La Liga,29,1992,15.9,45.8,36.6,8.99,1.70,0.06,0.25,5.22,6.10,1.19,0.44,0.44,0.00,34.1,0.19,0.69,Matchs
2592,Marc-André ter Stegen,de GER,GB,Barcelona,es La Liga,30,1992,37.2,38.0,30.8,7.18,1.85,0.00,0.16,0.00,0.03,0.00,0.00,0.00,0.00,32.1,0.00,0.00,Matchs
2593,Simon Terodde,de GER,AT,Schalke 04,de Bundesliga,34,1988,20.3,15.6,14.1,1.48,0.00,0.05,0.10,0.10,0.15,0.00,0.00,0.00,0.00,10.4,0.00,0.34,Matchs
2594,Filippo Terracciano,it ITA,"DF,MT",Hellas Verona,it Serie A,19,2003,9.1,37.7,31.9,5.60,0.77,0.11,0.44,2.75,4.62,0.22,0.11,0.11,0.00,25.8,0.22,1.32,Matchs
2595,Pietro Terracciano,it ITA,GB,Fiorentina,it Serie A,32,1990,29.0,37.0,27.4,9.41,2.59,0.00,0.07,0.00,0.00,0.00,0.00,0.00,0.00,28.1,0.10,0.03,Matchs
2596,Ramón Terrats,es ESP,MT,Villarreal,es La Liga,21,2000,9.1,46.7,43.8,2.31,0.55,0.33,0.66,1.76,0.33,1.43,0.77,0.00,0.00,39.1,0.55,0.77,Matchs
2597,Ramón Terrats,es ESP,MT,Girona,es La Liga,21,2000,2.4,40.0,38.8,1.25,0.00,0.00,0.00,0.83,1.25,0.00,0.00,0.00,0.00,32.1,0.00,1.25,Matchs
2598,Martin Terrier,fr FRA,"AT,MT",Rennes,fr Ligue 1,25,1997,14.7,41.0,40.3,0.61,0.14,0.34,0.34,0.88,0.07,0.00,0.00,0.00,0.00,30.4,0.07,1.16,Matchs
2599,Aleksa Terzić,rs SRB,DF,Fiorentina,it Serie A,22,1999,10.4,69.6,56.7,12.6,1.15,0.00,0.10,7.60,10.7,0.77,0.00,0.48,0.00,56.0,0.29,1.83,Matchs
2600,Tetê,br BRA,AT,Leicester City,eng Premier League,22,2000,8.2,31.5,28.7,2.44,0.24,0.12,0.49,2.32,0.00,0.73,0.61,0.00,0.12,22.7,0.37,1.22,Matchs
Clt,Joueur,Nation,Pos,Équipe,Comp,Âge,Naissance,90,Att,Action de jeu,Coup de pied arrêté,CF,Tr,Tr,Ctr,PCF,Co,Rentrant,Sortant,Droit,Cmp,HJ,Balles contrées,Matchs
2601,Tetê,br BRA,"AT,MT",Lyon,fr Ligue 1,22,2000,12.3,40.6,37.9,2.68,0.41,0.08,0.08,3.66,0.08,2.20,1.22,0.24,0.00,30.7,0.00,1.14,Matchs
2602,Kenny Tete,nl NED,DF,Fulham,eng Premier League,26,1995,28.5,53.7,41.3,12.1,1.30,0.04,0.35,3.47,10.8,0.00,0.00,0.00,0.00,38.9,0.35,1.68,Matchs
2603,Florian Thauvin,fr FRA,"AT,MT",Udinese,it Serie A,29,1993,6.1,35.4,29.8,5.41,0.98,0.49,0.16,06.07,0.33,2.95,1.15,0.66,0.00,23.6,0.16,0.98,Matchs
2604,Arthur Theate,be BEL,DF,Rennes,fr Ligue 1,22,2000,34.7,74.0,72.1,1.79,1.53,0.00,0.35,0.03,0.17,0.00,0.00,0.00,0.00,66.2,0.14,0.35,Matchs
2605,Malick Thiaw,de GER,DF,Milan,it Serie A,20,2001,15.1,69.9,68.7,1.26,0.79,0.00,0.26,0.13,0.33,0.00,0.00,0.00,0.00,61.7,0.00,0.33,Matchs
2606,Malick Thiaw,de GER,DF,Schalke 04,de Bundesliga,20,2001,3.0,41.0,40.3,0.67,0.67,0.00,0.33,0.00,0.00,0.00,0.00,0.00,0.00,36.0,0.00,0.00,Matchs
2607,Jan Thielmann,de GER,AT,Köln,de Bundesliga,20,2002,9.7,25.7,24.0,1.44,0.10,0.00,0.31,3.81,1.34,0.00,0.00,0.00,0.00,16.3,0.21,02.06,Matchs
2608,Sada Thioub,sn SEN,"DF,AT",Angers,fr Ligue 1,27,1995,11.8,45.2,40.6,4.41,0.34,0.17,0.34,3.14,3.22,0.85,0.25,0.59,0.00,36.2,0.17,0.76,Matchs
2609,Luke Thomas,eng ENG,DF,Leicester City,eng Premier League,21,2001,11.9,55.0,43.6,11.2,1.43,0.25,0.08,0.76,9.75,0.00,0.00,0.00,0.00,43.8,0.17,1.85,Matchs
2610,Adrien Thomasson,fr FRA,MT,Strasbourg,fr Ligue 1,28,1993,10.4,50.4,48.3,02.02,01.06,0.19,0.29,0.77,0.29,0.10,0.00,0.00,0.00,41.3,0.10,1.25,Matchs
2611,Adrien Thomasson,fr FRA,"MT,AT",Lens,fr Ligue 1,28,1993,14.2,39.4,38.9,0.21,0.07,0.14,0.14,0.92,0.07,0.07,0.07,0.00,0.00,31.0,0.21,1.76,Matchs
2612,Morten Thorsby,no NOR,MT,Union Berlin,de Bundesliga,26,1996,9.3,20.5,19.1,1.18,0.11,0.00,0.11,0.32,0.00,0.00,0.00,0.00,0.00,12.8,0.22,0.43,Matchs
2613,Kristian Thorstvedt,no NOR,MT,Sassuolo,it Serie A,23,1999,12.6,38.7,37.8,0.95,0.48,0.16,0.08,0.79,0.48,0.00,0.00,0.00,0.00,29.5,0.00,1.19,Matchs
2614,Khéphren Thuram,fr FRA,MT,Nice,fr Ligue 1,21,2001,28.3,48.0,46.9,0.74,0.60,0.21,0.14,0.81,0.14,0.00,0.00,0.00,0.00,40.8,0.32,1.13,Matchs
2615,Marcus Thuram,fr FRA,AT,M'Gladbach,de Bundesliga,24,1997,27.9,20.1,18.5,1.54,0.00,0.04,0.00,0.39,0.00,0.00,0.00,0.00,0.00,14.9,0.07,0.75,Matchs
2616,Alexis Tibidi,fr FRA,"AT,MT",Troyes,fr Ligue 1,18,2003,0.8,28.8,26.3,2.50,0.00,0.00,0.00,0.00,0.00,0.00,0.00,0.00,0.00,23.8,0.00,0.00,Matchs
2617,Youri Tielemans,be BEL,MT,Leicester City,eng Premier League,25,1997,26.0,62.4,58.3,3.85,1.96,0.46,0.31,1.73,0.62,0.77,0.31,0.35,0.00,50.1,0.23,1.46,Matchs
2618,Kieran Tierney,sct SCO,DF,Arsenal,eng Premier League,25,1997,8.8,55.2,47.2,7.61,1.25,0.11,0.11,2.73,6.36,0.00,0.00,0.00,0.00,41.1,0.45,1.25,Matchs
2619,Steffen Tigges,de GER,AT,Köln,de Bundesliga,24,1998,17.7,19.7,18.0,1.58,0.00,0.00,0.06,0.85,0.34,0.00,0.00,0.00,0.00,11.3,0.06,0.85,Matchs
2620,Jean-Clair Todibo,fr FRA,DF,Nice,fr Ligue 1,22,1999,31.9,68.4,66.2,1.97,1.88,0.06,0.31,0.16,0.03,0.00,0.00,0.00,0.00,60.5,0.16,0.56,Matchs
2621,Harry Toffolo,eng ENG,DF,Nott'ham Forest,eng Premier League,26,1995,10.4,37.2,30.1,6.92,0.48,0.00,0.10,2.79,6.25,0.19,0.19,0.00,0.00,23.3,0.19,1.15,Matchs
2622,Umut Tohumcu,de GER,"MT,DF",Hoffenheim,de Bundesliga,17,2004,3.0,26.0,25.7,0.33,0.00,0.00,0.00,0.00,0.33,0.00,0.00,0.00,0.00,18.7,0.00,1.33,Matchs
2623,Karl Toko Ekambi,cm CMR,"AT,MT",Rennes,fr Ligue 1,29,1992,10.8,26.7,25.7,0.93,0.00,0.00,0.09,0.56,0.28,0.00,0.00,0.00,0.00,19.3,0.00,0.65,Matchs
2624,Karl Toko Ekambi,cm CMR,"AT,MT",Lyon,fr Ligue 1,29,1992,15.0,41.1,39.9,01.07,0.13,0.33,0.13,1.67,0.87,0.07,0.00,0.07,0.00,32.9,0.13,1.33,Matchs
2625,Corentin Tolisso,fr FRA,MT,Lyon,fr Ligue 1,27,1994,22.6,86.3,82.3,3.98,3.63,0.49,1.46,1.64,0.18,0.09,0.00,0.04,0.00,75.7,0.04,1.11,Matchs
Clt,Joueur,Nation,Pos,Équipe,Comp,Âge,Naissance,90,Att,Action de jeu,Coup de pied arrêté,CF,Tr,Tr,Ctr,PCF,Co,Rentrant,Sortant,Droit,Cmp,HJ,Balles contrées,Matchs
2626,Jeremy Toljan,de GER,DF,Sassuolo,it Serie A,27,1994,29.7,54.2,43.7,10.4,1.11,0.07,0.34,0.94,9.26,0.00,0.00,0.00,0.00,45.9,0.10,01.08,Matchs
2627,Rafael Tolói,it ITA,DF,Atalanta,it Serie A,31,1990,30.9,54.4,52.7,1.55,0.78,0.06,0.32,0.71,0.74,0.00,0.00,0.00,0.00,43.7,0.19,0.68,Matchs
2628,Raúl de Tomás,es ESP,AT,Rayo Vallecano,es La Liga,27,1994,8.9,17.4,16.2,1.12,0.00,0.22,0.79,0.90,0.00,0.00,0.00,0.00,0.00,12.8,0.11,0.45,Matchs
2629,Tiago Tomás,pt POR,"AT,MT",Stuttgart,de Bundesliga,20,2002,14.3,22.8,20.8,1.96,0.28,0.28,0.21,2.38,0.28,0.77,0.28,0.35,0.00,13.8,0.07,1.54,Matchs
2630,Takehiro Tomiyasu,jp JPN,DF,Arsenal,eng Premier League,23,1998,7.4,64.1,56.8,7.16,0.54,0.27,0.27,1.62,6.62,0.00,0.00,0.00,0.00,51.9,0.14,1.22,Matchs
2631,James Tomkins,eng ENG,DF,Crystal Palace,eng Premier League,33,1989,3.8,45.0,43.2,1.84,1.32,0.00,0.00,0.00,0.00,0.00,0.00,0.00,0.00,36.3,0.00,0.79,Matchs
2632,Fikayo Tomori,eng ENG,DF,Milan,it Serie A,24,1997,30.7,62.6,58.2,4.20,1.66,0.13,0.62,0.20,0.42,0.00,0.00,0.00,0.00,55.3,0.23,0.59,Matchs
2633,Sandro Tonali,it ITA,MT,Milan,it Serie A,22,2000,30.1,52.0,45.2,6.41,3.12,0.23,0.47,4.32,0.70,2.46,0.76,1.40,0.00,39.4,0.37,1.00,Matchs
2634,Lorenzo Tonelli,it ITA,DF,Empoli,it Serie A,32,1990,0.2,35.0,35.0,0.00,0.00,0.00,0.00,0.00,0.00,0.00,0.00,0.00,0.00,25.0,0.00,0.00,Matchs
2635,Ivan Toney,eng ENG,AT,Brentford,eng Premier League,26,1996,32.8,24.0,22.9,0.88,0.24,0.37,0.09,01.04,0.30,0.03,0.00,0.00,0.00,14.3,0.21,0.95,Matchs
2636,Pablo Torre,es ESP,"AT,MT",Barcelona,es La Liga,19,2003,1.6,61.3,54.4,5.63,1.88,1.25,0.00,5.00,0.00,3.75,0.63,2.50,0.00,48.1,1.25,0.63,Matchs
2637,David Torres,es ESP,DF,Valladolid,es La Liga,19,2003,4.3,53.7,51.9,1.63,0.47,0.00,0.00,0.23,1.16,0.00,0.00,0.00,0.00,42.8,0.23,0.93,Matchs
2638,Ferrán Torres,es ESP,"AT,MT",Barcelona,es La Liga,22,2000,15.5,37.2,34.4,2.65,0.52,0.06,0.19,3.87,0.58,1.35,0.65,0.39,0.00,28.2,0.13,0.97,Matchs
2639,Óliver Torres,es ESP,"MT,AT",Sevilla,es La Liga,27,1994,23.7,46.6,44.3,1.77,0.46,0.21,0.97,2.41,0.59,0.34,0.00,0.13,0.00,36.4,0.51,1.10,Matchs
2640,Pau Torres,es ESP,DF,Villarreal,es La Liga,25,1997,33.9,64.3,60.0,4.16,2.33,0.24,1.45,0.12,0.24,0.00,0.00,0.00,0.00,54.7,0.12,0.44,Matchs
2641,Roberto Torres,es ESP,"AT,MT",Osasuna,es La Liga,33,1989,0.1,130.0,120.0,10.0,10.0,0.00,10.0,20.0,0.00,0.00,0.00,0.00,0.00,120.0,0.00,0.00,Matchs
2642,Lucas Torró,es ESP,MT,Osasuna,es La Liga,28,1994,27.5,42.4,41.5,0.95,0.95,0.04,0.58,0.04,0.00,0.00,0.00,0.00,0.00,34.2,0.00,0.80,Matchs
2643,Nabil Touaizi,ma MAR,MT,Espanyol,es La Liga,21,2001,0.0,1,1,0,0,0,0,0,0,0,0,0,0,1,0,0,Matchs
2644,Almamy Touré,ml MLI,DF,Eint Frankfurt,de Bundesliga,26,1996,4.4,52.7,50.7,02.05,1.59,0.00,0.68,1.14,0.45,0.00,0.00,0.00,0.00,42.7,0.00,1.14,Matchs
2645,Birama Touré,ml MLI,MT,Auxerre,fr Ligue 1,30,1992,37.8,40.7,39.9,0.74,0.61,0.03,0.66,0.37,0.11,0.03,0.00,0.00,0.00,32.7,0.05,0.63,Matchs
2646,Mohamed Toure,au AUS,"AT,MT",Reims,fr Ligue 1,18,2004,0.3,20.0,20.0,0.00,0.00,0.00,0.00,0.00,0.00,0.00,0.00,0.00,0.00,10.0,0.00,0.00,Matchs
2647,Souleymane Touré,fr FRA,DF,Marseille,fr Ligue 1,19,2003,0.8,47.5,46.3,1.25,1.25,0.00,0.00,0.00,0.00,0.00,0.00,0.00,0.00,40.0,0.00,0.00,Matchs
2648,Souleymane Touré,fr FRA,DF,Auxerre,fr Ligue 1,19,2003,17.6,44.4,43.3,01.08,01.02,0.00,0.28,0.17,0.06,0.00,0.00,0.00,0.00,38.7,0.06,0.51,Matchs
2649,Lucas Tousart,fr FRA,MT,Hertha BSC,de Bundesliga,25,1997,32.7,27.1,26.6,0.37,0.28,0.03,0.09,0.86,0.06,0.00,0.00,0.00,0.00,16.2,0.12,1.19,Matchs
2650,Yoann Touzghar,tn TUN,AT,Ajaccio,fr Ligue 1,35,1986,5.0,22.4,21.2,1.20,0.00,0.00,0.00,0.40,0.00,0.00,0.00,0.00,0.00,16.0,0.00,1.80,Matchs
Clt,Joueur,Nation,Pos,Équipe,Comp,Âge,Naissance,90,Att,Action de jeu,Coup de pied arrêté,CF,Tr,Tr,Ctr,PCF,Co,Rentrant,Sortant,Droit,Cmp,HJ,Balles contrées,Matchs
2651,Adama Traoré,es ESP,"AT,MT",Wolves,eng Premier League,26,1996,16.6,29.8,29.6,0.06,0.00,0.18,0.00,4.88,0.06,0.00,0.00,0.00,0.00,19.6,0.12,1.63,Matchs
2652,Bertrand Traoré,bf BFA,"AT,MT",Aston Villa,eng Premier League,26,1995,2.6,28.8,27.7,0.77,0.00,0.00,0.77,1.92,0.38,0.38,0.38,0.00,0.00,22.7,0.38,1.92,Matchs
2653,Boubacar Traoré,ml MLI,MT,Wolves,eng Premier League,20,2001,4.6,32.4,31.7,0.00,0.00,0.00,0.00,0.22,0.00,0.00,0.00,0.00,0.00,25.7,0.65,0.43,Matchs
2654,Charles Traore,ml MLI,DF,Nantes,fr Ligue 1,30,1992,5.4,44.3,33.3,10.9,1.11,0.00,0.00,1.11,9.81,0.00,0.00,0.00,0.00,33.5,0.00,1.11,Matchs
2655,Hamari Traoré,ml MLI,DF,Rennes,fr Ligue 1,30,1992,28.1,65.0,57.8,7.12,0.93,0.14,0.36,2.24,6.19,0.00,0.00,0.00,0.00,54.8,0.07,1.00,Matchs
2656,Kevin Trapp,de GER,GB,Eint Frankfurt,de Bundesliga,32,1990,33.0,26.9,18.4,8.36,1.73,0.00,0.15,0.00,0.00,0.00,0.00,0.00,0.00,18.7,0.15,0.00,Matchs
2657,Mark Travers,ie IRL,GB,Bournemouth,eng Premier League,23,1999,11.5,32.0,18.6,13.4,03.04,0.00,0.00,0.00,0.09,0.00,0.00,0.00,0.00,24.4,0.00,0.00,Matchs
2658,Óscar Trejo,ar ARG,"MT,AT",Rayo Vallecano,es La Liga,34,1988,23.8,42.2,39.3,2.86,0.92,0.29,0.17,1.47,0.38,0.76,0.38,0.08,0.00,34.1,0.04,01.05,Matchs
2659,Manu Trigueros,es ESP,MT,Villarreal,es La Liga,30,1991,9.2,58.0,56.4,1.52,01.09,0.11,0.11,0.43,0.22,0.22,0.11,0.00,0.00,51.6,0.11,0.76,Matchs
2660,Christopher Trimmel,at AUT,DF,Union Berlin,de Bundesliga,35,1987,20.1,51.7,33.9,17.3,2.54,0.00,0.05,8.96,10.8,3.98,1.79,1.84,0.00,32.3,0.50,1.29,Matchs
2661,Théo Trinker,fr FRA,MT,Nice,fr Ligue 1,21,2001,0.0,0,0,0,0,0,0,0,0,0,0,0,0,0,0,0,Matchs
2662,Kieran Trippier,eng ENG,DF,Newcastle Utd,eng Premier League,31,1990,37.1,75.1,55.6,19.2,4.85,0.43,0.43,10.6,8.57,5.82,2.51,2.21,0.40,53.8,0.35,1.35,Matchs
2663,William Troost-Ekong,ng NGA,DF,Salernitana,it Serie A,28,1993,4.9,36.5,35.9,0.61,0.61,0.00,0.00,0.20,0.00,0.00,0.00,0.00,0.00,30.2,0.00,0.20,Matchs
2664,Leandro Trossard,be BEL,AT,Arsenal,eng Premier League,27,1994,10.3,43.9,39.0,4.56,0.29,0.58,0.58,5.34,0.49,03.01,2.14,0.10,0.00,33.7,0.29,1.84,Matchs
2665,Leandro Trossard,be BEL,"AT,MT",Brighton,eng Premier League,27,1994,14.6,36.2,34.1,1.92,0.21,0.62,0.55,2.40,1.30,0.00,0.00,0.00,0.00,26.0,0.21,1.37,Matchs
2666,Adrien Truffert,fr FRA,DF,Rennes,fr Ligue 1,20,2001,21.7,64.3,53.1,11.0,0.78,0.00,0.09,1.61,10.2,0.00,0.00,0.00,0.00,51.0,0.14,1.66,Matchs
2667,Frank Tsadjout,it ITA,AT,Cremonese,it Serie A,23,1999,11.7,23.2,22.7,0.34,0.00,0.00,0.00,0.34,0.09,0.00,0.00,0.00,0.00,15.7,0.09,0.17,Matchs
2668,Kostas Tsimikas,gr GRE,DF,Liverpool,eng Premier League,26,1996,8.6,71.9,54.7,17.0,2.67,0.12,0.23,9.88,10.1,4.19,1.28,2.67,0.00,55.1,0.23,01.05,Matchs
2669,Theocharis Tsingaras,gr GRE,MT,Toulouse,fr Ligue 1,21,2000,0.1,50.0,40.0,10.0,10.0,0.00,0.00,0.00,0.00,0.00,0.00,0.00,0.00,40.0,0.00,0.00,Matchs
2670,Viktor Tsyhankov,ua UKR,MT,Girona,es La Liga,24,1997,16.5,37.7,34.0,3.52,01.03,0.06,0.18,3.33,0.36,2.00,01.09,0.48,0.00,26.2,0.18,1.52,Matchs
2671,Alessandro Tuia,it ITA,DF,Lecce,it Serie A,32,1990,5.7,35.8,33.9,1.93,1.75,0.00,01.05,0.18,0.00,0.00,0.00,0.00,0.00,24.9,0.00,0.00,Matchs
2672,Martin Turk,si SVN,GB,Sampdoria,it Serie A,18,2003,4.0,35.5,22.3,13.3,2.50,0.00,0.00,0.00,0.00,0.00,0.00,0.00,0.00,22.3,0.00,0.00,Matchs
2673,Beñat Turrientes,es ESP,"MT,AT",Real Sociedad,es La Liga,20,2002,1.2,39.2,33.3,5.83,3.33,0.00,1.67,3.33,0.00,2.50,1.67,0.83,0.00,33.3,0.00,0.00,Matchs
2674,Tuta,br BRA,DF,Eint Frankfurt,de Bundesliga,23,1999,30.2,61.4,59.5,1.89,1.42,0.07,0.23,0.23,0.46,0.00,0.00,0.00,0.00,49.2,0.03,0.73,Matchs
2675,Destiny Udogie,it ITA,DF,Udinese,it Serie A,19,2002,30.0,37.6,32.2,5.33,0.77,0.03,0.07,0.97,4.43,0.13,0.00,0.00,0.00,31.0,0.03,1.33,Matchs
Clt,Joueur,Nation,Pos,Équipe,Comp,Âge,Naissance,90,Att,Action de jeu,Coup de pied arrêté,CF,Tr,Tr,Ctr,PCF,Co,Rentrant,Sortant,Droit,Cmp,HJ,Balles contrées,Matchs
2676,Ike Ugbo,ca CAN,"AT,MT",Troyes,fr Ligue 1,23,1998,9.9,13.8,12.1,1.62,0.10,0.00,0.00,0.00,0.00,0.00,0.00,0.00,0.00,9.70,0.10,0.40,Matchs
2677,Lesley Ugochukwu,fr FRA,MT,Rennes,fr Ligue 1,18,2004,14.8,43.8,42.8,0.95,0.95,0.00,0.20,0.14,0.00,0.00,0.00,0.00,0.00,38.2,0.00,0.54,Matchs
2678,Samir Ujkani,xk KVX,GB,Empoli,it Serie A,34,1988,0.1,30.0,20.0,10.0,0.00,0.00,0.00,0.00,0.00,0.00,0.00,0.00,0.00,30.0,0.00,0.00,Matchs
2679,Sven Ulreich,de GER,GB,Bayern Munich,de Bundesliga,33,1988,3.0,43.7,36.7,6.67,0.67,0.00,0.00,0.00,0.00,0.00,0.00,0.00,0.00,36.7,0.33,0.00,Matchs
2680,Lauren Ulrich,de GER,MT,Stuttgart,de Bundesliga,17,2005,0.1,50.0,40.0,10.0,0.00,0.00,0.00,10.0,0.00,10.0,0.00,10.0,0.00,40.0,0.00,0.00,Matchs
2681,Samuel Umtiti,fr FRA,DF,Lecce,it Serie A,28,1993,23.5,36.9,34.3,2.43,2.26,0.00,0.34,0.09,0.17,0.00,0.00,0.00,0.00,30.8,0.17,0.51,Matchs
2682,Enes Ünal,tr TUR,AT,Getafe,es La Liga,25,1997,33.0,22.7,22.1,0.48,0.03,0.18,0.06,0.52,0.03,0.00,0.00,0.00,0.00,13.5,0.18,0.64,Matchs
2683,Deniz Undav,de GER,"AT,MT",Brighton,eng Premier League,26,1996,7.0,23.4,22.7,0.57,0.00,0.43,0.14,0.14,0.00,0.00,0.00,0.00,0.00,17.4,0.14,0.57,Matchs
2684,Cengiz Ünder,tr TUR,"MT,DF",Marseille,fr Ligue 1,25,1997,27.7,40.2,35.5,4.62,0.76,0.32,0.51,5.67,1.26,2.42,1.44,0.32,0.00,28.1,0.07,1.41,Matchs
2685,Dayot Upamecano,fr FRA,DF,Bayern Munich,de Bundesliga,23,1998,26.1,88.8,86.4,2.30,1.80,0.00,0.38,0.08,0.27,0.00,0.00,0.00,0.00,80.5,0.11,0.34,Matchs
2686,Filip Uremović,hr CRO,DF,Hertha BSC,de Bundesliga,25,1997,19.2,34.3,31.4,2.76,1.56,0.00,0.10,0.05,1.20,0.00,0.00,0.00,0.00,26.8,0.10,0.21,Matchs
2687,Oscar Ureña,es ESP,MT,Girona,es La Liga,19,2003,1.1,20.0,20.0,0.00,0.00,0.00,0.00,3.64,0.00,0.00,0.00,0.00,0.00,13.6,0.00,1.82,Matchs
2688,Jere Uronen,fi FIN,DF,Brest,fr Ligue 1,28,1994,3.3,47.6,40.9,6.67,0.61,0.00,0.61,3.94,06.06,0.00,0.00,0.00,0.00,37.9,0.00,2.42,Matchs
2689,Jere Uronen,fi FIN,DF,Schalke 04,de Bundesliga,28,1994,7.5,49.7,38.0,11.3,1.33,0.00,0.00,4.00,9.47,0.53,0.13,0.40,0.00,36.7,0.40,01.07,Matchs
2690,Mark Uth,de GER,"MT,AT",Köln,de Bundesliga,30,1991,0.5,30.0,24.0,6.00,2.00,0.00,0.00,4.00,0.00,2.00,0.00,2.00,0.00,22.0,0.00,0.00,Matchs
2691,Josha Vagnoman,de GER,DF,Stuttgart,de Bundesliga,21,2000,16.4,35.6,30.3,5.24,0.12,0.06,0.18,1.65,5.12,0.00,0.00,0.00,0.00,27.6,0.06,1.22,Matchs
2692,Diego Valencia,cl CHI,"MT,AT",Salernitana,it Serie A,22,2000,2.6,28.8,26.5,2.31,0.00,0.00,0.00,1.92,2.31,0.00,0.00,0.00,0.00,20.0,0.00,1.15,Matchs
2693,Óscar Valentín,es ESP,MT,Rayo Vallecano,es La Liga,27,1994,28.4,41.3,40.1,1.13,1.13,0.04,0.32,0.11,0.00,0.00,0.00,0.00,0.00,33.7,0.11,0.60,Matchs
2694,Emanuele Valeri,it ITA,DF,Cremonese,it Serie A,23,1998,30.9,40.7,30.4,10.0,0.78,0.13,0.65,4.76,8.80,0.42,0.00,0.39,0.00,24.4,0.29,1.42,Matchs
2695,Yan Valery,tn TUN,DF,Southampton,eng Premier League,23,1999,0.5,46.0,46.0,0.00,0.00,0.00,0.00,2.00,0.00,0.00,0.00,0.00,0.00,30.0,0.00,2.00,Matchs
2696,Yan Valery,tn TUN,DF,Angers,fr Ligue 1,23,1999,27.7,46.6,38.5,8.12,0.76,0.00,0.22,2.92,7.36,0.00,0.00,0.00,0.00,34.3,0.04,1.37,Matchs
2697,Martin Valjent,sk SVK,DF,Mallorca,es La Liga,26,1995,29.5,38.1,35.0,2.92,1.53,0.03,0.71,0.20,1.39,0.00,0.00,0.00,0.00,30.0,0.17,0.47,Matchs
2698,Jesús Vallejo,es ESP,DF,Real Madrid,es La Liga,25,1997,0.2,60.0,60.0,0.00,0.00,0.00,0.00,0.00,0.00,0.00,0.00,0.00,0.00,60.0,0.00,0.00,Matchs
2699,Manu Vallejo,es ESP,"AT,MT",Girona,es La Liga,25,1997,2.3,38.7,37.8,0.43,0.00,0.43,0.00,03.04,0.00,0.00,0.00,0.00,0.00,29.6,0.43,0.87,Matchs
2700,Mattia Valoti,it ITA,"MT,AT",Monza,it Serie A,28,1993,5.0,33.2,32.8,0.20,0.20,0.00,0.60,0.40,0.00,0.00,0.00,0.00,0.00,24.4,0.20,0.80,Matchs
Clt,Joueur,Nation,Pos,Équipe,Comp,Âge,Naissance,90,Att,Action de jeu,Coup de pied arrêté,CF,Tr,Tr,Ctr,PCF,Co,Rentrant,Sortant,Droit,Cmp,HJ,Balles contrées,Matchs
2701,Federico Valverde,uy URU,"MT,AT",Real Madrid,es La Liga,24,1998,27.8,59.0,57.9,0.76,0.22,0.11,0.79,0.97,0.50,0.00,0.00,0.00,0.00,51.3,0.32,0.94,Matchs
2702,Virgil van Dijk,nl NED,DF,Liverpool,eng Premier League,31,1991,31.5,82.3,79.1,3.14,2.32,0.03,0.98,0.03,0.29,0.00,0.00,0.00,0.00,74.4,0.03,0.29,Matchs
2703,Vanderson,br BRA,"DF,MT",Monaco,fr Ligue 1,21,2001,24.6,56.2,47.6,8.25,0.61,0.04,0.57,3.98,7.48,0.16,0.00,0.12,0.00,42.2,0.37,1.46,Matchs
2704,Raphaël Varane,fr FRA,DF,Manchester Utd,eng Premier League,29,1993,21.2,52.2,50.6,1.42,1.27,0.09,0.19,0.05,0.14,0.00,0.00,0.00,0.00,45.0,0.14,0.28,Matchs
2705,Jamie Vardy,eng ENG,AT,Leicester City,eng Premier League,35,1987,20.6,12.8,11.6,1.12,0.00,0.15,0.05,0.34,0.00,0.00,0.00,0.00,0.00,6.65,0.05,0.44,Matchs
2706,Ruben Vargas,ch SUI,"MT,AT",Augsburg,de Bundesliga,23,1998,12.6,29.5,27.5,1.98,0.16,0.16,0.24,3.81,1.51,0.24,0.24,0.00,0.00,17.1,0.08,1.67,Matchs
2707,Johan Vásquez,mx MEX,DF,Cremonese,it Serie A,23,1998,20.1,40.3,36.8,3.43,1.64,0.05,0.05,0.20,1.44,0.00,0.00,0.00,0.00,31.4,0.10,0.70,Matchs
2708,Jesus Vazquez,es ESP,"DF,MT",Valencia,es La Liga,19,2003,3.4,50.3,40.6,9.71,0.00,0.29,0.00,3.24,9.71,0.00,0.00,0.00,0.00,41.8,0.00,1.47,Matchs
2709,Kevin Vázquez,es ESP,"DF,MT",Celta Vigo,es La Liga,29,1993,4.9,47.8,39.8,7.96,0.61,0.00,0.00,1.43,7.35,0.00,0.00,0.00,0.00,35.3,0.00,02.04,Matchs
2710,Lucas Vázquez,es ESP,DF,Real Madrid,es La Liga,31,1991,12.7,73.7,65.0,8.35,1.10,0.16,0.39,3.23,7.24,0.00,0.00,0.00,0.00,63.6,0.31,1.10,Matchs
2711,Matías Vecino,uy URU,MT,Lazio,it Serie A,30,1991,18.8,51.5,51.2,0.27,0.27,0.11,0.37,0.05,0.00,0.00,0.00,0.00,0.00,44.1,0.05,0.74,Matchs
2712,Gabriel Veiga,es ESP,MT,Celta Vigo,es La Liga,20,2002,25.5,29.1,27.6,1.22,0.43,0.24,0.12,01.06,0.27,0.08,0.04,0.04,0.00,21.6,0.24,0.67,Matchs
2713,Renato Veiga,pt POR,DF,Augsburg,de Bundesliga,19,2003,7.1,44.8,38.2,6.62,1.27,0.00,0.28,0.99,5.35,0.00,0.00,0.00,0.00,29.6,0.00,0.42,Matchs
2714,Miloš Veljković,rs SRB,DF,Werder Bremen,de Bundesliga,26,1995,25.2,56.0,53.8,1.98,1.90,0.08,0.71,0.12,0.08,0.00,0.00,0.00,0.00,45.4,0.24,0.32,Matchs
2715,Miguel Veloso,pt POR,MT,Hellas Verona,it Serie A,36,1986,12.9,46.4,39.6,6.67,3.80,0.08,0.31,4.81,0.47,2.25,1.32,0.70,0.08,33.3,0.16,0.93,Matchs
2716,Joël Veltman,nl NED,DF,Brighton,eng Premier League,30,1992,24.3,62.2,52.9,09.01,1.40,0.04,0.12,0.95,7.61,0.00,0.00,0.00,0.00,51.9,0.29,1.19,Matchs
2717,Micky van de Ven,nl NED,DF,Wolfsburg,de Bundesliga,21,2001,33.0,53.3,49.5,3.79,1.39,0.00,0.42,0.36,2.39,0.00,0.00,0.00,0.00,46.7,0.03,0.33,Matchs
2718,Unai Vencedor Paris,es ESP,MT,Athletic Club,es La Liga,21,2000,2.1,59.0,57.1,1.43,1.43,0.00,0.95,0.95,0.00,0.00,0.00,0.00,0.00,51.0,0.48,0.95,Matchs
2719,Lorenzo Venuti,it ITA,DF,Fiorentina,it Serie A,27,1995,10.3,59.1,48.6,10.3,1.17,0.00,0.29,3.59,8.45,0.68,0.00,0.49,0.00,48.3,0.19,1.55,Matchs
2720,Daniele Verde,it ITA,"AT,MT",Spezia,it Serie A,26,1996,11.1,39.9,31.4,8.38,1.62,0.09,0.54,6.13,1.62,3.33,1.80,01.08,0.00,28.1,0.18,0.72,Matchs
2721,Simone Verdi,it ITA,"MT,AT",Hellas Verona,it Serie A,30,1992,12.2,33.9,27.1,6.48,1.39,0.41,0.57,6.31,0.41,3.28,1.80,01.07,0.00,22.1,0.33,2.13,Matchs
2722,Gonzalo Verdú,es ESP,DF,Elche,es La Liga,33,1988,7.8,43.3,40.6,2.69,2.69,0.00,0.00,0.00,0.00,0.00,0.00,0.00,0.00,34.5,0.00,0.13,Matchs
2723,Jordan Veretout,fr FRA,MT,Marseille,fr Ligue 1,29,1993,31.8,67.5,63.6,3.74,1.67,0.22,0.94,2.61,0.25,1.82,1.10,0.35,0.00,57.7,0.19,0.69,Matchs
2724,Marco Verratti,it ITA,MT,Paris S-G,fr Ligue 1,29,1992,24.4,105.5,100.2,05.04,04.06,0.70,0.08,0.29,0.94,0.04,0.00,0.00,0.00,97.7,0.25,0.70,Matchs
2725,Valerio Verre,it ITA,MT,Sampdoria,it Serie A,28,1994,7.5,53.1,48.1,4.40,2.13,0.40,0.27,4.40,0.53,1.20,0.27,0.80,0.00,37.6,0.53,2.00,Matchs
Clt,Joueur,Nation,Pos,Équipe,Comp,Âge,Naissance,90,Att,Action de jeu,Coup de pied arrêté,CF,Tr,Tr,Ctr,PCF,Co,Rentrant,Sortant,Droit,Cmp,HJ,Balles contrées,Matchs
2726,Mikel Vesga,es ESP,MT,Athletic Club,es La Liga,29,1993,28.6,52.8,52.1,0.45,0.38,0.07,0.66,0.42,0.03,0.00,0.00,0.00,0.00,44.0,0.28,0.56,Matchs
2727,Guglielmo Vicario,it ITA,GB,Empoli,it Serie A,25,1996,30.9,41.3,32.3,8.96,3.46,0.00,0.00,0.00,0.00,0.00,0.00,0.00,0.00,29.9,0.03,0.00,Matchs
2728,João Victor,br BRA,DF,Nantes,fr Ligue 1,24,1998,9.4,46.4,39.0,7.23,02.02,0.00,0.00,0.85,5.11,0.11,0.00,0.00,0.00,36.9,0.11,0.64,Matchs
2729,Aleix Vidal,es ESP,"MT,AT",Espanyol,es La Liga,32,1989,11.4,33.7,28.8,4.74,0.96,0.09,0.26,3.42,3.16,0.53,0.00,0.35,0.00,24.5,0.18,1.49,Matchs
2730,Clément Vidal,fr FRA,"DF,MT",Ajaccio,fr Ligue 1,22,2000,21.1,37.2,35.5,1.66,1.00,0.00,0.05,0.14,0.66,0.00,0.00,0.00,0.00,28.6,0.05,0.47,Matchs
2731,Nacho Vidal,es ESP,DF,Osasuna,es La Liga,27,1995,13.9,44.7,34.7,9.93,0.36,0.14,0.14,2.23,9.57,0.00,0.00,0.00,0.00,34.0,0.14,0.86,Matchs
2732,Gabriel Vidovic,hr CRO,AT,Bayern Munich,de Bundesliga,18,2003,0.2,65.0,65.0,0.00,0.00,0.00,0.00,0.00,0.00,0.00,0.00,0.00,0.00,50.0,0.00,5.00,Matchs
2733,Fabio Vieira,pt POR,"MT,AT",Arsenal,eng Premier League,22,2000,5.7,50.9,48.4,2.46,1.23,0.35,0.00,3.51,0.53,0.70,0.53,0.18,0.00,41.1,0.00,1.23,Matchs
2734,Ronaldo Vieira,eng ENG,MT,Torino,it Serie A,24,1998,0.2,35.0,35.0,0.00,0.00,0.00,0.00,5.00,0.00,0.00,0.00,0.00,0.00,30.0,0.00,0.00,Matchs
2735,Ronaldo Vieira,eng ENG,MT,Sampdoria,it Serie A,24,1998,9.1,48.4,45.9,2.20,1.87,0.00,0.11,0.11,0.33,0.00,0.00,0.00,0.00,42.2,0.22,0.66,Matchs
2736,Emanuel Vignato,it ITA,"MT,AT",Bologna,it Serie A,21,2000,2.7,36.7,35.9,0.74,0.00,0.00,0.74,0.74,0.37,0.37,0.37,0.00,0.00,29.3,0.00,0.74,Matchs
2737,Emanuel Vignato,it ITA,"MT,AT",Empoli,it Serie A,21,2000,0.6,90.0,85.0,5.00,0.00,0.00,1.67,3.33,3.33,1.67,1.67,0.00,0.00,71.7,0.00,3.33,Matchs
2738,Samuele Vignato,it ITA,"MT,AT",Monza,it Serie A,18,2004,0.7,51.4,50.0,0.00,0.00,0.00,0.00,2.86,0.00,0.00,0.00,0.00,0.00,42.9,1.43,0.00,Matchs
2739,Tonny Vilhena,nl NED,MT,Salernitana,it Serie A,27,1995,25.2,34.3,31.7,2.42,0.95,0.04,0.56,02.06,0.36,1.11,0.20,0.63,0.00,26.3,0.16,0.87,Matchs
2740,Toni Villa,es ESP,MT,Valladolid,es La Liga,27,1995,1.0,32.0,31.0,1.00,0.00,0.00,0.00,5.00,0.00,1.00,1.00,0.00,0.00,20.0,0.00,2.00,Matchs
2741,Toni Villa,es ESP,"MT,AT",Girona,es La Liga,27,1995,9.9,33.8,32.6,0.91,0.00,0.00,0.00,2.73,0.71,0.10,0.00,0.10,0.00,26.0,0.30,1.31,Matchs
2742,Asier Villalibre,es ESP,AT,Athletic Club,es La Liga,24,1997,1.1,16.4,16.4,0.00,0.00,0.00,0.00,0.00,0.00,0.00,0.00,0.00,0.00,10.0,0.00,0.00,Matchs
2743,Gonzalo Villar,es ESP,MT,Sampdoria,it Serie A,24,1998,7.7,49.5,44.8,4.55,04.03,0.00,0.00,0.91,0.00,0.39,0.13,0.26,0.00,41.2,0.13,0.13,Matchs
2744,Gonzalo Villar,es ESP,MT,Getafe,es La Liga,24,1998,5.1,50.6,47.3,3.33,2.16,0.00,0.20,1.18,0.78,0.39,0.39,0.00,0.00,40.2,0.00,1.18,Matchs
2745,Iván Villar,es ESP,GB,Celta Vigo,es La Liga,25,1997,19.0,31.5,19.8,11.4,3.11,0.00,0.11,0.00,0.00,0.00,0.00,0.00,0.00,21.8,0.37,0.00,Matchs
2746,Matías Viña,uy URU,DF,Bournemouth,eng Premier League,24,1997,5.1,36.3,27.8,8.43,1.37,0.00,0.00,0.78,07.06,0.00,0.00,0.00,0.00,27.5,0.00,1.18,Matchs
2747,Matías Viña,uy URU,DF,Roma,it Serie A,24,1997,0.6,50.0,33.3,16.7,0.00,0.00,0.00,3.33,16.7,0.00,0.00,0.00,0.00,36.7,0.00,0.00,Matchs
2748,Rúben Vinagre,pt POR,"DF,MT",Everton,eng Premier League,23,1999,0.3,80.0,63.3,16.7,3.33,0.00,0.00,6.67,13.3,0.00,0.00,0.00,0.00,50.0,0.00,3.33,Matchs
2749,Carlos Vinícius,br BRA,AT,Fulham,eng Premier League,27,1995,12.3,15.4,14.7,0.57,0.00,0.24,0.00,0.49,0.00,0.00,0.00,0.00,0.00,9.67,0.08,0.98,Matchs
2750,Alan Virginius,fr FRA,AT,Lille,fr Ligue 1,19,2003,2.9,25.9,23.8,02.07,0.00,0.00,0.00,0.69,0.34,0.00,0.00,0.00,0.00,20.0,0.00,02.07,Matchs
Clt,Joueur,Nation,Pos,Équipe,Comp,Âge,Naissance,90,Att,Action de jeu,Coup de pied arrêté,CF,Tr,Tr,Ctr,PCF,Co,Rentrant,Sortant,Droit,Cmp,HJ,Balles contrées,Matchs
2751,Mattia Viti,it ITA,DF,Nice,fr Ligue 1,20,2002,7.0,51.4,49.3,2.14,1.71,0.00,0.14,0.00,0.43,0.00,0.00,0.00,0.00,43.3,0.00,0.57,Matchs
2752,Vitinha,pt POR,AT,Marseille,fr Ligue 1,22,2000,5.2,21.0,18.5,2.12,0.19,0.19,0.00,0.19,0.00,0.00,0.00,0.00,0.00,14.8,0.38,0.77,Matchs
2753,Vitinha,pt POR,MT,Paris S-G,fr Ligue 1,22,2000,27.2,71.5,70.7,0.66,0.33,0.26,0.22,0.48,0.11,0.22,0.07,0.11,0.00,65.7,0.15,0.96,Matchs
2754,Daniel Vivian,es ESP,DF,Athletic Club,es La Liga,23,1999,26.4,54.6,52.3,2.12,1.86,0.04,01.02,0.23,0.23,0.00,0.00,0.00,0.00,44.1,0.19,0.57,Matchs
2755,Dušan Vlahović,rs SRB,AT,Juventus,it Serie A,22,2000,21.4,17.8,16.4,1.40,0.05,0.05,0.19,0.33,0.00,0.00,0.00,0.00,0.00,12.7,0.05,0.75,Matchs
2756,Nikola Vlašić,hr CRO,"MT,AT",Torino,it Serie A,24,1997,30.3,32.4,31.5,0.76,0.10,0.07,0.26,1.52,0.17,0.30,0.17,0.07,0.00,25.6,0.13,1.42,Matchs
2757,Joel Voelkerling Persson,se SWE,"AT,MT",Lecce,it Serie A,19,2003,1.1,35.5,34.5,0.91,0.00,0.00,0.00,3.64,0.00,0.00,0.00,0.00,0.00,21.8,0.00,0.91,Matchs
2758,Kevin Vogt,de GER,DF,Hoffenheim,de Bundesliga,30,1991,19.7,61.0,57.2,3.55,2.64,0.00,0.66,0.15,0.05,0.00,0.00,0.00,0.00,52.4,0.20,0.10,Matchs
2759,Mërgim Vojvoda,xk KVX,DF,Torino,it Serie A,27,1995,19.1,59.8,50.3,9.32,0.84,0.21,0.68,2.25,7.96,0.52,0.31,0.00,0.00,46.4,0.26,0.94,Matchs
2760,Kevin Volland,de GER,"AT,MT",Monaco,fr Ligue 1,30,1992,7.1,28.2,27.6,0.42,0.14,0.42,0.28,1.13,0.14,0.00,0.00,0.00,0.00,15.8,0.14,2.11,Matchs
2761,Cristian Volpato,it ITA,MT,Roma,it Serie A,18,2003,2.5,42.0,40.0,2.00,0.40,0.40,0.40,3.60,0.40,0.80,0.40,0.40,0.00,33.2,0.00,1.20,Matchs
2762,Lukáš Vorlický,cz CZE,"MT,AT",Atalanta,it Serie A,20,2002,0.3,103.3,100.0,3.33,0.00,0.00,0.00,3.33,3.33,0.00,0.00,0.00,0.00,63.3,0.00,0.00,Matchs
2763,Aster Vranckx,be BEL,MT,Milan,it Serie A,19,2002,2.7,47.0,47.0,0.00,0.00,0.00,0.37,1.11,0.00,0.00,0.00,0.00,0.00,35.6,0.00,0.74,Matchs
2764,Aster Vranckx,be BEL,MT,Wolfsburg,de Bundesliga,19,2002,0.1,30.0,30.0,0.00,0.00,0.00,0.00,0.00,0.00,0.00,0.00,0.00,0.00,20.0,0.00,0.00,Matchs
2765,Stefan de Vrij,nl NED,DF,Inter,it Serie A,30,1992,21.6,55.8,54.8,0.97,0.79,0.05,0.05,0.00,0.09,0.00,0.00,0.00,0.00,49.9,0.09,0.19,Matchs
2766,Robert Wagner,de GER,MT,Freiburg,de Bundesliga,19,2003,0.4,37.5,37.5,0.00,0.00,0.00,0.00,0.00,0.00,0.00,0.00,0.00,0.00,17.5,0.00,2.50,Matchs
2767,Elye Wahi,fr FRA,AT,Montpellier,fr Ligue 1,19,2003,27.9,15.8,13.8,1.90,0.00,0.04,0.07,0.68,0.11,0.00,0.00,0.00,0.00,10.7,0.07,0.86,Matchs
2768,Walace,br BRA,MT,Udinese,it Serie A,27,1995,35.4,50.0,47.7,2.18,1.58,0.03,0.71,0.59,0.20,0.03,0.00,0.00,0.00,41.9,0.17,01.07,Matchs
2769,Theo Walcott,eng ENG,"AT,MT",Southampton,eng Premier League,33,1989,12.5,21.0,20.5,0.48,0.00,0.08,0.00,1.68,0.08,0.00,0.00,0.00,0.00,14.4,0.00,0.24,Matchs
2770,Luca Waldschmidt,de GER,"AT,MT",Wolfsburg,de Bundesliga,26,1996,5.8,26.4,24.7,1.72,0.00,0.17,0.00,0.52,0.17,0.17,0.17,0.00,0.00,20.2,0.00,0.69,Matchs
2771,Kyle Walker,eng ENG,DF,Manchester City,eng Premier League,32,1990,21.8,86.8,79.4,7.25,1.15,0.18,0.96,1.28,6.10,0.00,0.00,0.00,0.00,76.2,0.09,0.83,Matchs
2772,Kyle Walker-Peters,eng ENG,DF,Southampton,eng Premier League,25,1997,29.4,45.0,35.6,9.32,0.54,0.03,0.03,1.70,8.67,0.10,0.00,0.00,0.00,34.7,0.14,1.73,Matchs
2773,Sebastian Walukiewicz,pl POL,DF,Empoli,it Serie A,22,2000,6.7,59.1,57.2,1.64,01.04,0.00,0.45,0.00,0.00,0.00,0.00,0.00,0.00,51.5,0.30,0.30,Matchs
2774,Aaron Wan-Bissaka,eng ENG,DF,Manchester Utd,eng Premier League,24,1997,15.9,52.8,45.0,7.74,0.25,0.13,0.13,0.88,7.48,0.00,0.00,0.00,0.00,44.4,0.13,1.38,Matchs
2775,Paul Wanner,de GER,MT,Bayern Munich,de Bundesliga,16,2005,0.3,30.0,30.0,0.00,0.00,0.00,0.00,0.00,0.00,0.00,0.00,0.00,0.00,23.3,0.00,0.00,Matchs
Clt,Joueur,Nation,Pos,Équipe,Comp,Âge,Naissance,90,Att,Action de jeu,Coup de pied arrêté,CF,Tr,Tr,Ctr,PCF,Co,Rentrant,Sortant,Droit,Cmp,HJ,Balles contrées,Matchs
2776,Danny Ward,wls WAL,GB,Leicester City,eng Premier League,29,1993,26.0,36.3,26.1,10.0,2.73,0.00,0.15,0.00,0.00,0.00,0.00,0.00,0.00,27.2,0.19,0.08,Matchs
2777,Joel Ward,eng ENG,DF,Crystal Palace,eng Premier League,32,1989,25.1,48.7,40.4,8.29,0.96,0.00,0.08,1.43,7.33,0.00,0.00,0.00,0.00,36.7,0.04,1.16,Matchs
2778,James Ward-Prowse,eng ENG,MT,Southampton,eng Premier League,27,1994,37.5,58.0,49.1,8.77,3.95,0.05,0.37,6.43,0.21,3.87,1.65,1.68,0.00,45.8,0.19,0.96,Matchs
2779,Ollie Watkins,eng ENG,AT,Aston Villa,eng Premier League,26,1995,34.7,16.3,16.0,0.26,0.00,0.00,0.06,0.26,0.09,0.00,0.00,0.00,0.00,11.3,0.09,0.37,Matchs
2780,Timothy Weah,us USA,"DF,AT",Lille,fr Ligue 1,22,2000,19.4,51.7,46.5,05.05,0.62,0.00,0.26,2.63,4.38,0.05,0.00,0.00,0.00,42.5,0.15,1.49,Matchs
2781,Adam Webster,eng ENG,DF,Brighton,eng Premier League,27,1995,22.1,77.6,74.7,2.85,1.27,0.00,0.27,0.09,1.58,0.00,0.00,0.00,0.00,68.5,0.09,0.45,Matchs
2782,Wout Weghorst,nl NED,"AT,MT",Manchester Utd,eng Premier League,29,1992,8.9,23.3,23.1,0.11,0.00,0.45,0.11,0.00,0.00,0.00,0.00,0.00,0.00,17.0,0.00,0.67,Matchs
2783,Julian Weigl,de GER,MT,M'Gladbach,de Bundesliga,26,1995,21.0,57.3,54.3,2.86,2.62,0.14,0.29,0.00,0.24,0.00,0.00,0.00,0.00,51.0,0.14,0.57,Matchs
2784,Nelson Weiper,de GER,"AT,DF",Mainz 05,de Bundesliga,17,2005,1.1,36.4,34.5,1.82,0.00,0.00,0.00,1.82,0.00,0.00,0.00,0.00,0.00,24.5,0.00,2.73,Matchs
2785,Mitchell Weiser,de GER,"DF,AT",Werder Bremen,de Bundesliga,28,1994,28.0,47.9,37.8,10.0,0.29,0.25,0.50,2.68,9.75,0.00,0.00,0.00,0.00,34.3,0.11,1.68,Matchs
2786,Noah Weißhaupt,de GER,"MT,DF",Freiburg,de Bundesliga,20,2001,4.7,34.5,33.2,01.06,0.43,0.21,0.64,3.19,0.64,0.00,0.00,0.00,0.00,23.6,0.21,1.49,Matchs
2787,Shon Weissman,il ISR,AT,Valladolid,es La Liga,26,1996,8.3,11.0,8.92,02.05,0.00,0.00,0.00,0.24,0.00,0.00,0.00,0.00,0.00,8.43,0.00,0.24,Matchs
2788,Danny Welbeck,eng ENG,AT,Brighton,eng Premier League,31,1990,20.6,21.5,20.2,1.17,0.00,0.29,0.00,0.00,0.05,0.00,0.00,0.00,0.00,18.1,0.10,0.34,Matchs
2789,Marcel Wenig,de GER,MT,Eint Frankfurt,de Bundesliga,18,2004,0.0,10,10,0,0,0,0,0,0,0,0,0,0,9,0,0,Matchs
2790,Axel Werner,ar ARG,GB,Elche,es La Liga,26,1996,2.0,35.0,25.0,9.50,1.50,0.00,0.00,0.00,0.00,0.00,0.00,0.00,0.00,26.0,0.50,0.00,Matchs
2791,Timo Werner,de GER,"AT,MT",RB Leipzig,de Bundesliga,26,1996,21.5,31.9,30.0,1.58,0.23,0.19,0.28,1.35,0.79,0.05,0.00,0.00,0.00,23.5,0.33,1.21,Matchs
2792,Ben White,eng ENG,DF,Arsenal,eng Premier League,24,1997,33.9,66.1,57.6,8.41,1.68,0.18,0.38,1.68,6.73,0.00,0.00,0.00,0.00,55.7,0.18,0.80,Matchs
2793,Harvey White,eng ENG,MT,Tottenham,eng Premier League,20,2001,0.1,80.0,60.0,20.0,0.00,10.0,0.00,30.0,0.00,20.0,20.0,0.00,0.00,30.0,0.00,0.00,Matchs
2794,Joseph Whitworth,eng ENG,GB,Crystal Palace,eng Premier League,18,2004,2.0,41.5,31.5,10.0,2.50,0.00,0.00,0.00,0.00,0.00,0.00,0.00,0.00,30.5,0.00,0.00,Matchs
2795,Silvan Widmer,ch SUI,DF,Mainz 05,de Bundesliga,29,1993,18.8,46.4,34.1,12.0,0.64,0.00,0.11,1.70,11.4,0.00,0.00,0.00,0.00,31.8,0.27,1.33,Matchs
2796,Mateusz Wieteska,pl POL,DF,Clermont Foot,fr Ligue 1,25,1997,34.6,47.1,44.8,2.17,1.42,0.06,0.17,0.03,0.64,0.00,0.00,0.00,0.00,38.8,0.17,0.35,Matchs
2797,Georginio Wijnaldum,nl NED,MT,Roma,it Serie A,31,1990,8.5,24.0,22.8,01.06,0.71,0.00,0.00,0.47,0.00,0.00,0.00,0.00,0.00,19.9,0.12,0.82,Matchs
2798,Iñaki Williams,gh GHA,AT,Athletic Club,es La Liga,28,1994,31.5,26.3,24.5,1.59,0.03,0.10,0.19,3.11,0.48,0.00,0.00,0.00,0.00,16.9,0.13,1.56,Matchs
2799,Neco Williams,wls WAL,DF,Nott'ham Forest,eng Premier League,21,2001,20.9,40.2,31.1,8.71,1.34,0.14,0.33,4.26,6.75,0.62,0.33,0.29,0.00,25.5,0.33,1.82,Matchs
2800,Nico Williams,es ESP,AT,Athletic Club,es La Liga,20,2002,29.5,32.2,29.6,2.54,0.17,0.14,0.17,5.90,0.14,2.24,0.58,01.08,0.00,21.5,0.14,2.17,Matchs
Clt,Joueur,Nation,Pos,Équipe,Comp,Âge,Naissance,90,Att,Action de jeu,Coup de pied arrêté,CF,Tr,Tr,Ctr,PCF,Co,Rentrant,Sortant,Droit,Cmp,HJ,Balles contrées,Matchs
2801,Willian,br BRA,AT,Fulham,eng Premier League,33,1988,23.6,38.6,36.4,02.08,0.59,0.17,0.51,2.54,0.13,1.36,0.34,0.47,0.08,30.2,0.13,0.85,Matchs
2802,Joe Willock,eng ENG,MT,Newcastle Utd,eng Premier League,22,1999,28.4,33.5,32.5,0.88,0.11,0.14,0.11,1.80,0.28,0.00,0.00,0.00,0.00,27.4,0.14,0.63,Matchs
2803,Callum Wilson,eng ENG,AT,Newcastle Utd,eng Premier League,30,1992,20.9,11.6,11.2,0.33,0.05,0.10,0.14,0.29,0.00,0.00,0.00,0.00,0.00,7.66,0.05,1.10,Matchs
2804,Harry Wilson,wls WAL,AT,Fulham,eng Premier League,25,1997,12.2,33.1,31.4,1.64,0.33,0.08,0.25,1.80,0.41,0.82,0.16,0.25,0.00,25.4,0.08,1.31,Matchs
2805,Patrick Wimmer,at AUT,"AT,MT",Wolfsburg,de Bundesliga,21,2001,18.3,30.0,25.8,3.93,0.93,0.22,0.22,3.61,1.15,1.69,01.09,0.38,0.00,18.3,0.22,02.08,Matchs
2806,Jonas Wind,dk DEN,AT,Wolfsburg,de Bundesliga,23,1999,14.3,25.9,25.3,0.42,0.14,0.14,0.07,0.14,0.00,0.00,0.00,0.00,0.00,17.3,0.21,0.91,Matchs
2807,Harry Winks,eng ENG,MT,Sampdoria,it Serie A,26,1996,19.1,50.3,46.3,3.93,2.30,0.05,0.68,2.41,0.05,1.10,0.37,0.42,0.00,41.5,0.05,0.84,Matchs
2808,Frederik Winther,dk DEN,DF,Augsburg,de Bundesliga,21,2001,1.0,35.0,33.0,2.00,2.00,0.00,1.00,0.00,0.00,0.00,0.00,0.00,0.00,22.0,0.00,0.00,Matchs
2809,Florian Wirtz,de GER,"AT,MT",Leverkusen,de Bundesliga,19,2003,12.1,52.4,46.1,6.12,1.74,1.24,0.74,3.55,0.91,2.48,1.40,0.66,0.00,39.1,0.17,0.91,Matchs
2810,Przemysław Wiśniewski,pl POL,DF,Spezia,it Serie A,24,1998,11.1,45.2,42.2,2.97,1.71,0.00,0.36,0.18,0.99,0.00,0.00,0.00,0.00,37.6,0.09,0.63,Matchs
2811,Yoane Wissa,cd COD,AT,Brentford,eng Premier League,25,1996,17.8,19.3,18.8,0.39,0.06,0.22,0.11,0.67,0.11,0.00,0.00,0.00,0.00,13.4,0.17,0.84,Matchs
2812,Axel Witsel,be BEL,"DF,MT",Atlético Madrid,es La Liga,33,1989,25.1,52.9,51.0,1.87,1.79,0.00,0.12,0.08,0.08,0.00,0.00,0.00,0.00,49.0,0.00,0.32,Matchs
2813,Maximilian Wöber,at AUT,DF,Leeds United,eng Premier League,24,1998,14.1,48.5,45.2,03.05,0.92,0.00,0.14,0.50,2.13,0.00,0.00,0.00,0.00,34.3,0.21,0.71,Matchs
2814,Hannes Wolf,at AUT,AT,M'Gladbach,de Bundesliga,23,1999,5.0,35.8,34.2,1.40,0.00,0.20,0.20,0.40,1.40,0.00,0.00,0.00,0.00,29.2,0.20,1.20,Matchs
2815,Marius Wolf,de GER,DF,Dortmund,de Bundesliga,27,1995,17.4,61.0,51.1,9.89,1.21,0.23,0.46,3.51,8.56,0.11,0.11,0.00,0.00,47.9,0.00,2.18,Matchs
2816,Jeong Woo-yeong,kr KOR,"MT,AT",Freiburg,de Bundesliga,22,1999,7.3,33.4,33.0,0.41,0.14,0.00,0.27,1.37,0.00,0.00,0.00,0.00,0.00,26.3,0.00,0.82,Matchs
2817,Chris Wood,nz NZL,AT,Newcastle Utd,eng Premier League,30,1991,5.0,21.2,21.0,0.20,0.00,0.00,0.00,0.00,0.00,0.00,0.00,0.00,0.00,13.2,0.00,0.20,Matchs
2818,Chris Wood,nz NZL,AT,Nott'ham Forest,eng Premier League,30,1991,4.1,17.3,17.3,0.00,0.00,0.24,0.24,0.00,0.00,0.00,0.00,0.00,0.00,10.5,0.00,0.00,Matchs
2819,Christopher Wooh,cm CMR,DF,Rennes,fr Ligue 1,20,2001,11.2,55.2,54.0,01.07,01.07,0.00,0.36,0.09,0.00,0.00,0.00,0.00,0.00,50.8,0.09,0.18,Matchs
2820,Christopher Wooh,cm CMR,MT,Lens,fr Ligue 1,20,2001,0.0,2,2,0,0,0,0,0,0,0,0,0,0,2,0,0,Matchs
2821,Joe Worrall,eng ENG,DF,Nott'ham Forest,eng Premier League,25,1997,24.7,46.8,42.8,3.93,1.34,0.00,0.32,0.12,2.35,0.00,0.00,0.00,0.00,36.1,0.08,0.36,Matchs
2822,Xeka,pt POR,MT,Rennes,fr Ligue 1,27,1994,6.1,51.1,48.5,2.30,2.30,0.16,0.98,0.00,0.00,0.00,0.00,0.00,0.00,45.7,0.33,0.82,Matchs
2823,Granit Xhaka,ch SUI,MT,Arsenal,eng Premier League,29,1992,33.3,49.0,47.3,1.65,01.02,0.18,0.18,1.17,0.57,0.03,0.00,0.00,0.00,41.5,0.09,0.81,Matchs
2824,Lamine Yamal,es ESP,AT,Barcelona,es La Liga,15,2007,0.1,90.0,90.0,0.00,0.00,10.0,0.00,10.0,0.00,0.00,0.00,0.00,0.00,80.0,0.00,0.00,Matchs
2825,Jawad El Yamiq,ma MAR,DF,Valladolid,es La Liga,30,1992,17.9,51.3,47.5,3.80,2.63,0.06,0.84,0.00,0.78,0.00,0.00,0.00,0.00,41.6,0.06,0.61,Matchs
Clt,Joueur,Nation,Pos,Équipe,Comp,Âge,Naissance,90,Att,Action de jeu,Coup de pied arrêté,CF,Tr,Tr,Ctr,PCF,Co,Rentrant,Sortant,Droit,Cmp,HJ,Balles contrées,Matchs
2826,Ryan Yates,eng ENG,MT,Nott'ham Forest,eng Premier League,24,1997,20.4,29.0,25.8,03.04,0.59,0.00,0.29,0.39,0.15,0.00,0.00,0.00,0.00,22.3,0.20,0.83,Matchs
2827,Yusuf Yazıcı,tr TUR,MT,Lille,fr Ligue 1,25,1997,2.2,43.6,40.0,3.64,1.36,0.00,0.45,04.09,0.00,1.82,0.91,0.91,0.00,33.2,0.00,0.91,Matchs
2828,Kelvin Yeboah,it ITA,"AT,MT",Augsburg,de Bundesliga,22,2000,3.9,15.1,14.9,0.00,0.00,0.00,0.26,1.54,0.00,0.00,0.00,0.00,0.00,7.18,0.26,02.05,Matchs
2829,Gerard Yepes,es ESP,MT,Sampdoria,it Serie A,19,2002,2.2,47.7,45.0,2.73,2.73,0.00,0.00,0.00,0.00,0.00,0.00,0.00,0.00,35.0,0.00,0.00,Matchs
2830,Darlin Yongwa,cm CMR,DF,Lorient,fr Ligue 1,21,2000,8.7,38.0,31.6,6.32,0.23,0.00,0.00,2.30,06.09,0.00,0.00,0.00,0.00,30.3,0.11,1.72,Matchs
2831,Leny Yoro,fr FRA,DF,Lille,fr Ligue 1,16,2005,8.5,66.5,63.2,3.29,2.35,0.00,0.12,0.00,0.00,0.00,0.00,0.00,0.00,60.5,0.00,0.12,Matchs
2832,Maya Yoshida,jp JPN,DF,Schalke 04,de Bundesliga,33,1988,28.4,49.5,47.1,2.22,02.01,0.07,0.49,0.28,0.18,0.00,0.00,0.00,0.00,37.7,0.21,0.32,Matchs
2833,Ashley Young,eng ENG,DF,Aston Villa,eng Premier League,37,1985,22.6,52.6,41.8,10.4,2.52,0.09,0.53,1.86,7.61,0.27,0.09,0.04,0.09,39.7,0.35,1.24,Matchs
2834,Mohamed Youssouf,km COM,DF,Ajaccio,fr Ligue 1,34,1988,27.3,46.8,36.1,10.6,0.77,0.00,0.00,3.26,9.82,0.00,0.00,0.00,0.00,34.1,0.15,1.98,Matchs
2835,Illia Zabarnyi,ua UKR,DF,Bournemouth,eng Premier League,19,2002,3.3,60.6,59.7,0.61,0.61,0.00,0.00,0.00,0.00,0.00,0.00,0.00,0.00,55.8,0.30,0.00,Matchs
2836,Mattia Zaccagni,it ITA,AT,Lazio,it Serie A,27,1995,30.8,34.0,33.2,0.68,0.23,0.06,0.23,02.01,0.26,0.19,0.13,0.03,0.00,27.3,0.06,1.14,Matchs
2837,Dan-Axel Zagadou,fr FRA,DF,Stuttgart,de Bundesliga,23,1999,14.1,69.9,67.8,1.77,1.35,0.00,0.43,0.00,0.43,0.00,0.00,0.00,0.00,59.6,0.28,0.43,Matchs
2838,Wilfried Zaha,ci CIV,"AT,MT",Crystal Palace,eng Premier League,29,1992,25.4,25.6,24.7,0.79,0.20,0.12,0.04,1.54,0.20,0.00,0.00,0.00,0.00,19.8,0.08,0.98,Matchs
2839,Warren Zaire-Emery,fr FRA,"MT,DF",Paris S-G,fr Ligue 1,16,2006,10.3,60.6,57.2,3.30,0.58,0.00,0.00,0.39,2.72,0.00,0.00,0.00,0.00,55.4,0.10,01.07,Matchs
2840,Denis Zakaria,ch SUI,MT,Chelsea,eng Premier League,25,1996,4.6,38.9,38.5,0.43,0.43,0.22,0.22,0.22,0.00,0.00,0.00,0.00,0.00,34.3,0.00,01.09,Matchs
2841,Denis Zakaria,ch SUI,MT,Juventus,it Serie A,25,1996,1.4,27.1,26.4,0.00,0.00,0.00,0.00,2.14,0.00,0.00,0.00,0.00,0.00,22.9,0.71,1.43,Matchs
2842,Rodrigo Zalazar,uy URU,"MT,AT",Schalke 04,de Bundesliga,22,1999,14.7,29.2,21.7,7.21,2.99,0.41,0.14,7.82,0.27,3.81,1.90,1.63,0.20,17.2,0.27,1.36,Matchs
2843,Joseba Zaldúa,es ESP,DF,Cádiz,es La Liga,30,1992,7.1,39.0,31.3,7.46,0.56,0.00,0.14,1.69,6.90,0.00,0.00,0.00,0.00,26.8,0.28,1.13,Matchs
2844,Nicola Zalewski,pl POL,DF,Roma,it Serie A,20,2002,24.4,51.3,40.7,10.4,0.74,0.08,0.57,3.11,9.18,0.49,0.37,0.08,0.00,38.2,0.20,01.02,Matchs
2845,Andre-Frank Zambo Anguissa,cm CMR,MT,Napoli,it Serie A,26,1995,33.9,66.7,65.8,0.86,0.53,0.06,0.09,0.71,0.32,0.00,0.00,0.00,0.00,58.6,0.06,0.71,Matchs
2846,Oliver Zandén,se SWE,"DF,MT",Toulouse,fr Ligue 1,20,2001,1.6,44.4,36.3,8.13,1.25,0.00,0.00,3.75,6.88,0.00,0.00,0.00,0.00,29.4,0.00,1.88,Matchs
2847,Luca Zanimacchia,it ITA,"MT,AT",Cremonese,it Serie A,24,1998,8.3,37.6,32.7,4.82,0.96,0.00,0.12,5.54,0.24,2.53,01.08,1.20,0.00,25.7,0.12,01.08,Matchs
2848,Nicolò Zaniolo,it ITA,"MT,AT",Roma,it Serie A,23,1999,9.9,19.8,18.6,1.11,0.40,0.30,0.61,02.02,0.10,0.51,0.40,0.10,0.00,12.6,0.10,1.21,Matchs
2849,Alessandro Zanoli,it ITA,DF,Sampdoria,it Serie A,21,2000,17.1,40.9,34.7,6.14,0.70,0.00,0.12,1.93,5.44,0.00,0.00,0.00,0.00,31.3,0.06,1.35,Matchs
2850,Alessandro Zanoli,it ITA,DF,Napoli,it Serie A,21,2000,0.1,110.0,100.0,10.0,0.00,0.00,0.00,10.0,10.0,0.00,0.00,0.00,0.00,90.0,0.00,10.0,Matchs
Clt,Joueur,Nation,Pos,Équipe,Comp,Âge,Naissance,90,Att,Action de jeu,Coup de pied arrêté,CF,Tr,Tr,Ctr,PCF,Co,Rentrant,Sortant,Droit,Cmp,HJ,Balles contrées,Matchs
2851,Mattia Zanotti,it ITA,DF,Inter,it Serie A,19,2003,0.3,26.7,23.3,3.33,0.00,0.00,0.00,0.00,3.33,0.00,0.00,0.00,0.00,20.0,0.00,0.00,Matchs
2852,Duván Zapata,co COL,AT,Atalanta,it Serie A,31,1991,15.4,26.8,24.5,02.01,0.06,0.00,0.39,1.88,0.45,0.06,0.00,0.00,0.00,18.2,0.26,0.91,Matchs
2853,Davide Zappacosta,it ITA,DF,Atalanta,it Serie A,30,1992,16.3,56.7,44.1,12.5,0.67,0.00,0.00,3.62,11.5,0.31,0.31,0.00,0.00,47.3,0.12,1.35,Matchs
2854,Oier Zarraga,es ESP,MT,Athletic Club,es La Liga,23,1999,9.5,39.9,38.3,1.26,0.84,0.11,0.11,03.05,0.11,0.21,0.00,0.21,0.00,30.9,0.32,1.16,Matchs
2855,Akim Zedadka,dz ALG,DF,Auxerre,fr Ligue 1,27,1995,17.8,39.7,31.2,8.43,0.79,0.06,0.06,2.13,7.64,0.00,0.00,0.00,0.00,30.5,0.11,1.24,Matchs
2856,Akim Zedadka,dz ALG,"DF,MT",Lille,fr Ligue 1,27,1995,3.9,56.9,49.7,7.18,01.03,0.00,0.51,1.79,6.15,0.00,0.00,0.00,0.00,47.4,0.00,01.03,Matchs
2857,Karim Zedadka,fr FRA,AT,Napoli,it Serie A,22,2000,0.2,80.0,50.0,30.0,15.0,0.00,0.00,5.00,15.0,0.00,0.00,0.00,0.00,55.0,0.00,5.00,Matchs
2858,Deyovaisio Zeefuik,nl NED,DF,Hellas Verona,it Serie A,24,1998,0.1,70.0,60.0,10.0,0.00,0.00,10.0,10.0,10.0,0.00,0.00,0.00,0.00,50.0,0.00,0.00,Matchs
2859,Marvin Zeegelaar,nl NED,DF,Udinese,it Serie A,31,1990,3.9,47.9,42.3,5.64,0.77,0.00,0.51,01.03,4.87,0.00,0.00,0.00,0.00,39.2,0.00,0.00,Matchs
2860,Mehdi Zeffane,dz ALG,"DF,MT",Clermont Foot,fr Ligue 1,30,1992,7.3,37.4,35.6,1.64,0.14,0.00,0.14,3.29,1.37,0.14,0.14,0.00,0.00,27.5,0.14,1.23,Matchs
2861,Aaron Zehnter,de GER,DF,Augsburg,de Bundesliga,17,2004,0.0,2,2,0,0,0,0,0,0,0,0,0,0,0,0,0,Matchs
2862,Jordan Zemura,zw ZIM,DF,Bournemouth,eng Premier League,22,1999,16.2,36.7,28.8,7.84,0.49,0.00,0.06,1.11,7.35,0.00,0.00,0.00,0.00,26.1,0.06,1.85,Matchs
2863,Arber Zeneli,xk KVX,"AT,MT",Reims,fr Ligue 1,27,1995,11.1,38.7,32.3,6.31,1.26,0.36,0.00,4.50,1.35,3.24,1.62,0.99,0.00,27.2,0.18,1.35,Matchs
2864,Robin Zentner,de GER,GB,Mainz 05,de Bundesliga,27,1994,26.0,33.4,23.5,9.81,2.35,0.00,0.04,0.00,0.00,0.00,0.00,0.00,0.00,20.5,0.08,0.00,Matchs
2865,Alessio Zerbin,it ITA,AT,Napoli,it Serie A,23,1999,2.2,35.5,34.5,0.00,0.00,0.00,0.00,0.45,0.00,0.00,0.00,0.00,0.00,25.5,0.91,0.91,Matchs
2866,Michael Zetterer,de GER,GB,Werder Bremen,de Bundesliga,27,1995,1.7,35.9,27.1,8.82,1.76,0.00,0.59,0.00,0.00,0.00,0.00,0.00,0.00,25.3,0.00,0.00,Matchs
2867,Nathan Zeze,fr FRA,DF,Nantes,fr Ligue 1,17,2005,0.7,37.1,35.7,1.43,1.43,0.00,0.00,0.00,0.00,0.00,0.00,0.00,0.00,25.7,0.00,0.00,Matchs
2868,Edon Zhegrova,xk KVX,"AT,MT",Lille,fr Ligue 1,23,1999,11.7,51.6,45.6,5.81,0.94,0.17,0.26,6.24,1.71,3.16,0.94,0.94,0.00,39.7,0.17,02.05,Matchs
2869,Piotr Zieliński,pl POL,MT,Napoli,it Serie A,28,1994,25.4,61.1,54.4,6.57,1.61,0.08,0.24,4.41,0.16,3.62,1.18,1.42,0.04,51.2,0.16,0.98,Matchs
2870,David Zima,cz CZE,DF,Torino,it Serie A,21,2000,4.5,43.8,43.1,0.67,0.67,0.00,0.00,0.00,0.00,0.00,0.00,0.00,0.00,34.2,0.00,0.67,Matchs
2871,Oleksandr Zinchenko,ua UKR,DF,Arsenal,eng Premier League,25,1996,23.5,81.3,72.5,8.64,02.09,0.26,0.51,1.57,6.51,0.04,0.00,0.00,0.00,70.3,0.21,1.23,Matchs
2872,Joshua Zirkzee,nl NED,AT,Bologna,it Serie A,21,2001,9.1,28.2,26.2,1.87,0.00,0.22,0.00,0.11,0.11,0.00,0.00,0.00,0.00,21.8,0.22,0.99,Matchs
2873,Hakim Ziyech,ma MAR,"AT,MT",Chelsea,eng Premier League,29,1993,7.3,54.8,47.8,6.44,1.64,0.55,0.41,09.04,1.92,2.74,1.64,0.55,0.14,35.3,0.55,02.05,Matchs
2874,Jeroen Zoet,nl NED,GB,Spezia,it Serie A,31,1991,3.7,35.9,28.1,7.84,1.62,0.00,0.00,0.00,0.00,0.00,0.00,0.00,0.00,20.3,0.00,0.00,Matchs
2875,Simon Zoller,de GER,AT,Bochum,de Bundesliga,31,1991,16.2,20.5,19.0,1.42,0.00,0.12,0.12,0.99,0.43,0.00,0.00,0.00,0.00,12.8,0.06,0.99,Matchs
Clt,Joueur,Nation,Pos,Équipe,Comp,Âge,Naissance,90,Att,Action de jeu,Coup de pied arrêté,CF,Tr,Tr,Ctr,PCF,Co,Rentrant,Sortant,Droit,Cmp,HJ,Balles contrées,Matchs
2876,Nadir Zortea,it ITA,"DF,MT",Atalanta,it Serie A,23,1999,2.5,39.2,33.2,6.00,0.00,0.40,0.00,4.00,6.00,0.00,0.00,0.00,0.00,24.0,0.00,2.40,Matchs
2877,Nadir Zortea,it ITA,DF,Sassuolo,it Serie A,23,1999,7.3,56.2,46.3,9.73,1.23,0.00,0.14,4.52,8.22,0.27,0.14,0.14,0.00,42.5,0.14,1.64,Matchs
2878,Tanguy Zoukrou,fr FRA,DF,Troyes,fr Ligue 1,19,2003,5.7,38.8,37.5,1.23,0.70,0.00,0.18,0.18,0.53,0.00,0.00,0.00,0.00,33.5,0.00,0.70,Matchs
2879,Kurt Zouma,fr FRA,DF,West Ham,eng Premier League,27,1994,22.1,37.6,36.2,1.27,0.63,0.00,0.63,0.00,0.14,0.00,0.00,0.00,0.00,31.7,0.09,0.14,Matchs
2880,Petar Zovko,ba BIH,GB,Spezia,it Serie A,20,2002,0.8,45.0,26.3,18.8,2.50,0.00,0.00,0.00,0.00,0.00,0.00,0.00,0.00,27.5,0.00,0.00,Matchs
2881,Igor Zubeldia,es ESP,DF,Real Sociedad,es La Liga,25,1997,28.2,55.2,52.8,2.20,1.56,0.04,0.43,0.11,0.64,0.00,0.00,0.00,0.00,47.1,0.18,0.43,Matchs
2882,Martín Zubimendi,es ESP,MT,Real Sociedad,es La Liga,23,1999,34.5,52.5,50.7,1.68,1.57,0.17,0.29,0.12,0.06,0.00,0.00,0.00,0.00,44.8,0.17,0.67,Matchs
2883,Szymon Żurkowski,pl POL,MT,Fiorentina,it Serie A,24,1997,0.4,47.5,47.5,0.00,0.00,0.00,0.00,2.50,0.00,0.00,0.00,0.00,0.00,42.5,0.00,2.50,Matchs
2884,Szymon Żurkowski,pl POL,MT,Spezia,it Serie A,24,1997,4.7,21.5,21.5,0.00,0.00,0.00,0.00,0.85,0.00,0.00,0.00,0.00,0.00,14.9,0.00,1.28,Matchs
2885,Martin Ødegaard,no NOR,MT,Arsenal,eng Premier League,23,1998,34.7,52.0,48.5,3.17,2.28,0.66,0.26,2.62,0.37,0.52,0.26,0.17,0.03,41.8,0.32,1.30,Matchs
2886,Milan Đurić,ba BIH,AT,Hellas Verona,it Serie A,32,1990,15.2,34.4,33.8,0.46,0.00,0.13,0.00,0.00,0.13,0.00,0.00,0.00,0.00,17.6,0.13,0.20,Matchs
2887,Filip Đuričić,rs SRB,"MT,AT",Sampdoria,it Serie A,30,1992,24.1,31.5,29.2,2.20,0.71,0.12,0.12,1.70,0.33,0.91,0.21,0.54,0.00,24.3,0.08,1.49,Matchs
2888,Blanco,,MT,Cádiz,es La Liga,22,2000,1.8,,,,,,,0.00,,,,,,,,,Matchs
2889,Hugo Guillamón,,"DF,MT",Valencia,es La Liga,22,2000,18.1,,,,,,,1.82,,,,,,,,,Matchs